{
	"Version": 3,
	"Meta": {
		"Duration": 5.967,
		"Fps": 30.0,
		"Loop": true,
		"AreBeziersRestricted": false,
		"CurveCount": 105,
		"TotalSegmentCount": 828,
		"TotalPointCount": 2503,
		"UserDataCount": 0,
		"TotalUserDataSize": 0
	},
	"Curves": [
		{
			"Target": "Parameter",
			"Id": "ParamEff1",
			"Segments": [
				0,
				1,
				1,
				0.2,
				1,
				0.4,
				1,
				0.6,
				1,
				1,
				0.633,
				1,
				0.667,
				0.5,
				0.7,
				0.5,
				1,
				0.733,
				0.5,
				0.767,
				1,
				0.8,
				1,
				1,
				1.378,
				1,
				1.956,
				1,
				2.533,
				1,
				1,
				2.567,
				1,
				2.6,
				0.5,
				2.633,
				0.5,
				1,
				2.678,
				0.5,
				2.722,
				1,
				2.767,
				1,
				1,
				3.5,
				1,
				4.233,
				1,
				4.967,
				1,
				1,
				5,
				1,
				5.033,
				0.5,
				5.067,
				0.5,
				1,
				5.111,
				0.5,
				5.156,
				1,
				5.2,
				1,
				1,
				5.456,
				1,
				5.711,
				1,
				5.967,
				1
			]
		},
		{
			"Target": "Parameter",
			"Id": "ParamEff2",
			"Segments": [
				0,
				0.6,
				1,
				0.033,
				0.6,
				0.067,
				1,
				0.1,
				1,
				1,
				0.6,
				1,
				1.1,
				1,
				1.6,
				1,
				1,
				1.633,
				1,
				1.667,
				0.5,
				1.7,
				0.5,
				1,
				1.733,
				0.5,
				1.767,
				1,
				1.8,
				1,
				1,
				2.267,
				1,
				2.733,
				1,
				3.2,
				1,
				1,
				3.233,
				1,
				3.267,
				0.5,
				3.3,
				0.5,
				1,
				3.333,
				0.5,
				3.367,
				1,
				3.4,
				1,
				1,
				3.444,
				1,
				3.489,
				1,
				3.533,
				1,
				1,
				3.567,
				1,
				3.6,
				0.5,
				3.633,
				0.5,
				1,
				3.667,
				0.5,
				3.7,
				1,
				3.733,
				1,
				1,
				4.444,
				1,
				5.156,
				1,
				5.867,
				1,
				1,
				5.9,
				1,
				5.933,
				0.775,
				5.967,
				0.662
			]
		},
		{
			"Target": "Parameter",
			"Id": "ParamEff3",
			"Segments": [
				0,
				1,
				1,
				0.656,
				1,
				1.311,
				1,
				1.967,
				1,
				1,
				2,
				1,
				2.033,
				0.5,
				2.067,
				0.5,
				1,
				2.1,
				0.5,
				2.133,
				1,
				2.167,
				1,
				1,
				2.211,
				1,
				2.256,
				1,
				2.3,
				1,
				1,
				2.333,
				1,
				2.367,
				0.5,
				2.4,
				0.5,
				1,
				2.433,
				0.5,
				2.467,
				1,
				2.5,
				1,
				1,
				2.922,
				1,
				3.344,
				1,
				3.767,
				1,
				1,
				3.8,
				1,
				3.833,
				0.5,
				3.867,
				0.5,
				1,
				3.9,
				0.5,
				3.933,
				1,
				3.967,
				1,
				1,
				4.633,
				1,
				5.3,
				1,
				5.967,
				1
			]
		},
		{
			"Target": "Parameter",
			"Id": "ParamEff4",
			"Segments": [
				0,
				1,
				1,
				0.189,
				1,
				0.378,
				1,
				0.567,
				1,
				1,
				0.6,
				1,
				0.633,
				0.5,
				0.667,
				0.5,
				1,
				0.7,
				0.5,
				0.733,
				1,
				0.767,
				1,
				1,
				0.944,
				1,
				1.122,
				0.9,
				1.3,
				0.9,
				1,
				1.667,
				0.9,
				2.033,
				1,
				2.4,
				1,
				1,
				2.433,
				1,
				2.467,
				0.5,
				2.5,
				0.5,
				1,
				2.533,
				0.5,
				2.567,
				1,
				2.6,
				1,
				1,
				3,
				1,
				3.4,
				0.8,
				3.8,
				0.8,
				1,
				4.2,
				0.8,
				4.6,
				1,
				5,
				1,
				1,
				5.033,
				1,
				5.067,
				0.5,
				5.1,
				0.5,
				1,
				5.133,
				0.5,
				5.167,
				1,
				5.2,
				1,
				1,
				5.456,
				1,
				5.711,
				1,
				5.967,
				1
			]
		},
		{
			"Target": "Parameter",
			"Id": "ParamEff5",
			"Segments": [
				0,
				1,
				1,
				0.078,
				1,
				0.156,
				1,
				0.233,
				1,
				1,
				0.267,
				1,
				0.3,
				0.5,
				0.333,
				0.5,
				1,
				0.367,
				0.5,
				0.4,
				1,
				0.433,
				1,
				1,
				1.244,
				1,
				2.056,
				0.7,
				2.867,
				0.7,
				1,
				3.9,
				0.7,
				4.933,
				0.994,
				5.967,
				1
			]
		},
		{
			"Target": "Parameter",
			"Id": "ParamEff6",
			"Segments": [
				0,
				0.6,
				1,
				0.033,
				0.6,
				0.067,
				1,
				0.1,
				1,
				1,
				0.867,
				1,
				1.633,
				0.8,
				2.4,
				0.8,
				1,
				3.133,
				0.8,
				3.867,
				1,
				4.6,
				1,
				1,
				4.633,
				1,
				4.667,
				0.5,
				4.7,
				0.5,
				1,
				4.733,
				0.5,
				4.767,
				1,
				4.8,
				1,
				1,
				4.878,
				1,
				4.956,
				1,
				5.033,
				1,
				1,
				5.067,
				1,
				5.1,
				0.5,
				5.133,
				0.5,
				1,
				5.167,
				0.5,
				5.2,
				1,
				5.233,
				1,
				1,
				5.289,
				1,
				5.344,
				1,
				5.4,
				1,
				1,
				5.433,
				1,
				5.467,
				0.5,
				5.5,
				0.5,
				1,
				5.533,
				0.5,
				5.567,
				1,
				5.6,
				1,
				1,
				5.678,
				1,
				5.756,
				1,
				5.833,
				1,
				1,
				5.878,
				1,
				5.922,
				0.744,
				5.967,
				0.642
			]
		},
		{
			"Target": "Parameter",
			"Id": "ParamEff7",
			"Segments": [
				0,
				1,
				1,
				0.256,
				1,
				0.511,
				1,
				0.767,
				1,
				1,
				0.8,
				1,
				0.833,
				0.6,
				0.867,
				0.6,
				1,
				0.9,
				0.6,
				0.933,
				1,
				0.967,
				1,
				1,
				1.133,
				1,
				1.3,
				1,
				1.467,
				1,
				1,
				1.5,
				1,
				1.533,
				0.6,
				1.567,
				0.6,
				1,
				1.6,
				0.6,
				1.633,
				1,
				1.667,
				1,
				1,
				2.089,
				1,
				2.511,
				0.9,
				2.933,
				0.9,
				1,
				3.311,
				0.9,
				3.689,
				1,
				4.067,
				1,
				1,
				4.1,
				1,
				4.133,
				0.6,
				4.167,
				0.6,
				1,
				4.2,
				0.6,
				4.233,
				1,
				4.267,
				1,
				1,
				4.578,
				1,
				4.889,
				1,
				5.2,
				1,
				1,
				5.456,
				1,
				5.711,
				1,
				5.967,
				1
			]
		},
		{
			"Target": "Parameter",
			"Id": "ParamEff8",
			"Segments": [
				0,
				1,
				1,
				0.111,
				1,
				0.222,
				1,
				0.333,
				1,
				1,
				0.367,
				1,
				0.4,
				0.6,
				0.433,
				0.6,
				1,
				0.467,
				0.6,
				0.5,
				1,
				0.533,
				1,
				1,
				1,
				1,
				1.467,
				0.9,
				1.933,
				0.9,
				1,
				2.311,
				0.9,
				2.689,
				1,
				3.067,
				1,
				1,
				3.1,
				1,
				3.133,
				0.6,
				3.167,
				0.6,
				1,
				3.2,
				0.6,
				3.233,
				1,
				3.267,
				1,
				1,
				3.322,
				1,
				3.378,
				1,
				3.433,
				1,
				1,
				3.467,
				1,
				3.5,
				0.6,
				3.533,
				0.6,
				1,
				3.567,
				0.6,
				3.6,
				1,
				3.633,
				1,
				1,
				3.7,
				1,
				3.767,
				1,
				3.833,
				1,
				1,
				3.867,
				1,
				3.9,
				0.7,
				3.933,
				0.7,
				1,
				3.967,
				0.7,
				4,
				1,
				4.033,
				1,
				1,
				4.367,
				1,
				4.7,
				0.9,
				5.033,
				0.9,
				1,
				5.344,
				0.9,
				5.656,
				0.993,
				5.967,
				1
			]
		},
		{
			"Target": "Parameter",
			"Id": "ParamEff9",
			"Segments": [
				0,
				0.8,
				1,
				0.289,
				0.8,
				0.578,
				1,
				0.867,
				1,
				1,
				0.9,
				1,
				0.933,
				0.6,
				0.967,
				0.6,
				1,
				1,
				0.6,
				1.033,
				1,
				1.067,
				1,
				1,
				1.3,
				1,
				1.533,
				1,
				1.767,
				1,
				1,
				1.8,
				1,
				1.833,
				0.6,
				1.867,
				0.6,
				1,
				1.9,
				0.6,
				1.933,
				1,
				1.967,
				1,
				1,
				2.4,
				1,
				2.833,
				1,
				3.267,
				1,
				1,
				3.3,
				1,
				3.333,
				0.6,
				3.367,
				0.6,
				1,
				3.4,
				0.6,
				3.433,
				1,
				3.467,
				1,
				1,
				4.3,
				1,
				5.133,
				0.805,
				5.967,
				0.8
			]
		},
		{
			"Target": "Parameter",
			"Id": "ParamEff10",
			"Segments": [
				0,
				1,
				1,
				0.5,
				1,
				1,
				1,
				1.5,
				1,
				1,
				1.533,
				1,
				1.567,
				0.6,
				1.6,
				0.6,
				1,
				1.633,
				0.6,
				1.667,
				1,
				1.7,
				1,
				1,
				1.822,
				1,
				1.944,
				1,
				2.067,
				1,
				1,
				2.1,
				1,
				2.133,
				0.6,
				2.167,
				0.6,
				1,
				2.2,
				0.6,
				2.233,
				1,
				2.267,
				1,
				1,
				2.711,
				1,
				3.156,
				0.9,
				3.6,
				0.9,
				1,
				4.211,
				0.9,
				4.822,
				1,
				5.433,
				1,
				1,
				5.467,
				1,
				5.5,
				0.6,
				5.533,
				0.6,
				1,
				5.567,
				0.6,
				5.6,
				1,
				5.633,
				1,
				1,
				5.744,
				1,
				5.856,
				1,
				5.967,
				1
			]
		},
		{
			"Target": "Parameter",
			"Id": "ParamEff11",
			"Segments": [
				0,
				1,
				1,
				0.222,
				1,
				0.444,
				1,
				0.667,
				1,
				1,
				0.7,
				1,
				0.733,
				0.6,
				0.767,
				0.6,
				1,
				0.8,
				0.6,
				0.833,
				1,
				0.867,
				1,
				1,
				1.144,
				1,
				1.422,
				0.9,
				1.7,
				0.9,
				1,
				2.056,
				0.9,
				2.411,
				1,
				2.767,
				1,
				1,
				2.8,
				1,
				2.833,
				0.6,
				2.867,
				0.6,
				1,
				2.9,
				0.6,
				2.933,
				1,
				2.967,
				1,
				1,
				3.267,
				1,
				3.567,
				0.8,
				3.867,
				0.8,
				1,
				4.067,
				0.8,
				4.267,
				1,
				4.467,
				1,
				1,
				4.5,
				1,
				4.533,
				0.6,
				4.567,
				0.6,
				1,
				4.6,
				0.6,
				4.633,
				1,
				4.667,
				1,
				1,
				5.1,
				1,
				5.533,
				1,
				5.967,
				1
			]
		},
		{
			"Target": "Parameter",
			"Id": "ParamEff12",
			"Segments": [
				0,
				0.9,
				1,
				0.044,
				0.9,
				0.089,
				1,
				0.133,
				1,
				1,
				0.733,
				1,
				1.333,
				0.9,
				1.933,
				0.9,
				1,
				2.567,
				0.9,
				3.2,
				1,
				3.833,
				1,
				1,
				3.867,
				1,
				3.9,
				0.9,
				3.933,
				0.9,
				1,
				3.967,
				0.9,
				4,
				1,
				4.033,
				1,
				1,
				4.444,
				1,
				4.856,
				1,
				5.267,
				1,
				1,
				5.3,
				1,
				5.333,
				0.9,
				5.367,
				0.9,
				1,
				5.4,
				0.9,
				5.433,
				1,
				5.467,
				1,
				1,
				5.611,
				1,
				5.756,
				1,
				5.9,
				1,
				1,
				5.922,
				1,
				5.944,
				0.911,
				5.967,
				0.852
			]
		},
		{
			"Target": "Parameter",
			"Id": "ParamEff13",
			"Segments": [
				0,
				1,
				1,
				0.111,
				1,
				0.222,
				1,
				0.333,
				1,
				1,
				0.367,
				1,
				0.4,
				0.9,
				0.433,
				0.9,
				1,
				0.467,
				0.9,
				0.5,
				1,
				0.533,
				1,
				1,
				0.856,
				1,
				1.178,
				0.9,
				1.5,
				0.9,
				1,
				1.844,
				0.9,
				2.189,
				1,
				2.533,
				1,
				1,
				2.567,
				1,
				2.6,
				0.9,
				2.633,
				0.9,
				1,
				2.667,
				0.9,
				2.7,
				1,
				2.733,
				1,
				1,
				3.278,
				1,
				3.822,
				1,
				4.367,
				1,
				1,
				4.4,
				1,
				4.433,
				0.9,
				4.467,
				0.9,
				1,
				4.5,
				0.9,
				4.533,
				1,
				4.567,
				1,
				1,
				5.033,
				1,
				5.5,
				1,
				5.967,
				1
			]
		},
		{
			"Target": "Parameter",
			"Id": "ParamEff14",
			"Segments": [
				0,
				1,
				1,
				0.189,
				1,
				0.378,
				1,
				0.567,
				1,
				1,
				0.6,
				1,
				0.633,
				0.9,
				0.667,
				0.9,
				1,
				0.7,
				0.9,
				0.733,
				1,
				0.767,
				1,
				1,
				1.1,
				1,
				1.433,
				1,
				1.767,
				1,
				1,
				1.8,
				1,
				1.833,
				0.8,
				1.867,
				0.8,
				1,
				1.9,
				0.8,
				1.933,
				1,
				1.967,
				1,
				1,
				2.267,
				1,
				2.567,
				0.9,
				2.867,
				0.9,
				1,
				3.133,
				0.9,
				3.4,
				1,
				3.667,
				1,
				1,
				3.7,
				1,
				3.733,
				0.8,
				3.767,
				0.8,
				1,
				3.8,
				0.8,
				3.833,
				1,
				3.867,
				1,
				1,
				4.122,
				1,
				4.378,
				0.9,
				4.633,
				0.9,
				1,
				4.878,
				0.9,
				5.122,
				1,
				5.367,
				1,
				1,
				5.4,
				1,
				5.433,
				0.8,
				5.467,
				0.8,
				1,
				5.5,
				0.8,
				5.533,
				1,
				5.567,
				1,
				1,
				5.7,
				1,
				5.833,
				1,
				5.967,
				1
			]
		},
		{
			"Target": "Parameter",
			"Id": "ParamEff15",
			"Segments": [
				0,
				0.7,
				1,
				0.478,
				0.7,
				0.956,
				1,
				1.433,
				1,
				1,
				1.467,
				1,
				1.5,
				0.6,
				1.533,
				0.6,
				1,
				1.567,
				0.6,
				1.6,
				1,
				1.633,
				1,
				1,
				2.133,
				1,
				2.633,
				1,
				3.133,
				1,
				1,
				3.167,
				1,
				3.2,
				0.6,
				3.233,
				0.6,
				1,
				3.267,
				0.6,
				3.3,
				1,
				3.333,
				1,
				1,
				3.411,
				1,
				3.489,
				1,
				3.567,
				1,
				1,
				3.6,
				1,
				3.633,
				0.6,
				3.667,
				0.6,
				1,
				3.7,
				0.6,
				3.733,
				0.788,
				3.767,
				0.8,
				1,
				4.167,
				0.943,
				4.567,
				1,
				4.967,
				1,
				1,
				5,
				1,
				5.033,
				0.6,
				5.067,
				0.6,
				1,
				5.1,
				0.6,
				5.133,
				1,
				5.167,
				1,
				1,
				5.433,
				1,
				5.7,
				0.724,
				5.967,
				0.701
			]
		},
		{
			"Target": "Parameter",
			"Id": "ParamEff16",
			"Segments": [
				0,
				1,
				1,
				0.256,
				1,
				0.511,
				1,
				0.767,
				1,
				1,
				0.8,
				1,
				0.833,
				0.6,
				0.867,
				0.6,
				1,
				0.9,
				0.6,
				0.933,
				1,
				0.967,
				1,
				1,
				1.322,
				1,
				1.678,
				1,
				2.033,
				1,
				1,
				2.067,
				1,
				2.1,
				0.6,
				2.133,
				0.6,
				1,
				2.167,
				0.6,
				2.2,
				1,
				2.233,
				1,
				1,
				2.622,
				1,
				3.011,
				0.9,
				3.4,
				0.9,
				1,
				3.811,
				0.9,
				4.222,
				1,
				4.633,
				1,
				1,
				4.667,
				1,
				4.7,
				0.6,
				4.733,
				0.6,
				1,
				4.767,
				0.6,
				4.8,
				1,
				4.833,
				1,
				1,
				5.044,
				1,
				5.256,
				1,
				5.467,
				1,
				1,
				5.633,
				1,
				5.8,
				1,
				5.967,
				1
			]
		},
		{
			"Target": "Parameter",
			"Id": "ParamEff17",
			"Segments": [
				0,
				1,
				1,
				0.678,
				1,
				1.356,
				0.9,
				2.033,
				0.9,
				1,
				2.8,
				0.9,
				3.567,
				1,
				4.333,
				1,
				1,
				4.367,
				1,
				4.4,
				0.6,
				4.433,
				0.6,
				1,
				4.467,
				0.6,
				4.5,
				1,
				4.533,
				1,
				1,
				4.844,
				1,
				5.156,
				0.9,
				5.467,
				0.9,
				1,
				5.633,
				0.9,
				5.8,
				0.988,
				5.967,
				0.999
			]
		},
		{
			"Target": "Parameter",
			"Id": "ParamEff18",
			"Segments": [
				0,
				0,
				0,
				5.967,
				1
			]
		},
		{
			"Target": "Parameter",
			"Id": "ParamEff19",
			"Segments": [
				0,
				0.32,
				0,
				4.033,
				1,
				2,
				4.067,
				0,
				0,
				5.967,
				0.314
			]
		},
		{
			"Target": "Parameter",
			"Id": "ParamEff20",
			"Segments": [
				0,
				0.83,
				0,
				1,
				1,
				2,
				1.033,
				0,
				0,
				5.967,
				0.824
			]
		},
		{
			"Target": "Parameter",
			"Id": "ParamEff21",
			"Segments": [
				0,
				0.56,
				0,
				2.633,
				1,
				2,
				2.667,
				0,
				0,
				5.967,
				0.554
			]
		},
		{
			"Target": "Parameter",
			"Id": "ParamEff22",
			"Segments": [
				0,
				0.15,
				0,
				5.067,
				1,
				2,
				5.1,
				0,
				0,
				5.967,
				0.144
			]
		},
		{
			"Target": "Parameter",
			"Id": "ParamEff23",
			"Segments": [
				0,
				0.92,
				0,
				0.5,
				1,
				2,
				0.533,
				0,
				0,
				5.967,
				0.914
			]
		},
		{
			"Target": "Parameter",
			"Id": "ParamEff24",
			"Segments": [
				0,
				0.64,
				0,
				2.167,
				1,
				2,
				2.2,
				0,
				0,
				5.967,
				0.634
			]
		},
		{
			"Target": "Parameter",
			"Id": "ParamEff25",
			"Segments": [
				0,
				0.09,
				0,
				5.4,
				1,
				2,
				5.433,
				0,
				0,
				5.967,
				0.085
			]
		},
		{
			"Target": "Parameter",
			"Id": "ParamEff26",
			"Segments": [
				0,
				0.4,
				0,
				3.567,
				1,
				2,
				3.6,
				0,
				0,
				5.967,
				0.394
			]
		},
		{
			"Target": "Parameter",
			"Id": "ParamEff27",
			"Segments": [
				0,
				0.76,
				0,
				1.433,
				1,
				2,
				1.467,
				0,
				0,
				5.967,
				0.754
			]
		},
		{
			"Target": "Parameter",
			"Id": "ParamEff28",
			"Segments": [
				0,
				0.48,
				0,
				3.1,
				1,
				2,
				3.133,
				0,
				0,
				5.967,
				0.474
			]
		},
		{
			"Target": "Parameter",
			"Id": "ParamEff29",
			"Segments": [
				0,
				0.95,
				0,
				0.267,
				1,
				2,
				0.3,
				0,
				0,
				5.967,
				0.944
			]
		},
		{
			"Target": "Parameter",
			"Id": "ParamEff30",
			"Segments": [
				0,
				0.25,
				0,
				4.5,
				1,
				2,
				4.533,
				0,
				0,
				5.967,
				0.244
			]
		},
		{
			"Target": "Parameter",
			"Id": "ParamEff31",
			"Segments": [
				0,
				0.7,
				0,
				1.8,
				1,
				2,
				1.833,
				0,
				0,
				5.967,
				0.694
			]
		},
		{
			"Target": "Parameter",
			"Id": "ParamEff32",
			"Segments": [
				0,
				0.36,
				0,
				3.833,
				1,
				2,
				3.867,
				0,
				0,
				5.967,
				0.354
			]
		},
		{
			"Target": "Parameter",
			"Id": "ParamEff33",
			"Segments": [
				0,
				1,
				1,
				0.222,
				1,
				0.444,
				1,
				0.667,
				1,
				1,
				0.7,
				1,
				0.733,
				0.5,
				0.767,
				0.5,
				1,
				0.8,
				0.5,
				0.833,
				1,
				0.867,
				1,
				1,
				1.367,
				1,
				1.867,
				1,
				2.367,
				1,
				1,
				2.4,
				1,
				2.433,
				0.5,
				2.467,
				0.5,
				1,
				2.5,
				0.5,
				2.533,
				1,
				2.567,
				1,
				1,
				3.111,
				1,
				3.656,
				1,
				4.2,
				1,
				1,
				4.233,
				1,
				4.267,
				0.5,
				4.3,
				0.5,
				1,
				4.333,
				0.5,
				4.367,
				1,
				4.4,
				1,
				1,
				4.922,
				1,
				5.444,
				1,
				5.967,
				1
			]
		},
		{
			"Target": "Parameter",
			"Id": "ParamPachi",
			"Segments": [
				0,
				1,
				1,
				0.989,
				1,
				1.978,
				1,
				2.967,
				1,
				1,
				3.011,
				1,
				3.056,
				0,
				3.1,
				0,
				1,
				3.111,
				0,
				3.122,
				0,
				3.133,
				0,
				1,
				3.178,
				0,
				3.222,
				1,
				3.267,
				1,
				1,
				4.167,
				1,
				5.067,
				1,
				5.967,
				1
			]
		},
		{
			"Target": "Parameter",
			"Id": "ParamLegL1",
			"Segments": [
				0,
				0,
				1,
				0.011,
				0,
				0.022,
				0.221,
				0.033,
				0.302,
				1,
				0.378,
				2.814,
				0.722,
				4,
				1.067,
				4,
				1,
				1.567,
				4,
				2.067,
				2.667,
				2.567,
				0,
				1,
				3.067,
				-2.667,
				3.567,
				-4,
				4.067,
				-4,
				1,
				4.7,
				-4,
				5.333,
				-2.853,
				5.967,
				-0.453
			]
		},
		{
			"Target": "Parameter",
			"Id": "ParamLegL2",
			"Segments": [
				0,
				0,
				1,
				0.011,
				0,
				0.022,
				0.233,
				0.033,
				0.302,
				1,
				0.433,
				2.811,
				0.833,
				4,
				1.233,
				4,
				1,
				1.733,
				4,
				2.233,
				2.667,
				2.733,
				0,
				1,
				3.233,
				-2.667,
				3.733,
				-4,
				4.233,
				-4,
				1,
				4.811,
				-4,
				5.389,
				-2.855,
				5.967,
				-0.453
			]
		},
		{
			"Target": "Parameter",
			"Id": "ParamLegR1",
			"Segments": [
				0,
				0,
				1,
				0.011,
				0,
				0.022,
				0.257,
				0.033,
				0.302,
				1,
				0.644,
				2.801,
				1.256,
				4,
				1.867,
				4,
				1,
				2.367,
				4,
				2.867,
				2.667,
				3.367,
				0,
				1,
				3.867,
				-2.667,
				4.367,
				-4,
				4.867,
				-4,
				1,
				5.233,
				-4,
				5.6,
				-2.87,
				5.967,
				-0.453
			]
		},
		{
			"Target": "Parameter",
			"Id": "ParamLegR2",
			"Segments": [
				0,
				0,
				1,
				0.011,
				0,
				0.022,
				0.261,
				0.033,
				0.302,
				1,
				0.7,
				2.799,
				1.367,
				4,
				2.033,
				4,
				1,
				2.533,
				4,
				3.033,
				2.667,
				3.533,
				0,
				1,
				4.033,
				-2.667,
				4.533,
				-4,
				5.033,
				-4,
				1,
				5.344,
				-4,
				5.656,
				-2.876,
				5.967,
				-0.453
			]
		},
		{
			"Target": "Parameter",
			"Id": "ParamEyeRL",
			"Segments": [
				0,
				0,
				1,
				0.033,
				0,
				0.067,
				6,
				0.1,
				6,
				1,
				0.122,
				6,
				0.144,
				6,
				0.167,
				6,
				1,
				0.222,
				6,
				0.278,
				-6,
				0.333,
				-6,
				1,
				0.356,
				-6,
				0.378,
				10.768,
				0.4,
				13,
				1,
				0.422,
				15.232,
				0.444,
				15,
				0.467,
				15,
				1,
				0.489,
				15,
				0.511,
				-9,
				0.533,
				-9,
				1,
				0.567,
				-9,
				0.6,
				-7.568,
				0.633,
				-4,
				1,
				0.656,
				-1.621,
				0.678,
				3.453,
				0.7,
				4,
				1,
				0.722,
				4.547,
				0.744,
				4.489,
				0.767,
				5,
				1,
				0.789,
				5.511,
				0.811,
				7,
				0.833,
				7,
				1,
				0.867,
				7,
				0.9,
				-11,
				0.933,
				-11,
				1,
				0.956,
				-11,
				0.978,
				7,
				1,
				7,
				1,
				1.022,
				7,
				1.044,
				-6,
				1.067,
				-6,
				1,
				1.078,
				-6,
				1.089,
				6,
				1.1,
				6,
				1,
				1.133,
				6,
				1.167,
				5.932,
				1.2,
				4,
				1,
				1.222,
				2.712,
				1.244,
				-9,
				1.267,
				-9,
				1,
				1.311,
				-9,
				1.356,
				0,
				1.4,
				0,
				1,
				1.411,
				0,
				1.422,
				-2,
				1.433,
				-2,
				1,
				1.456,
				-2,
				1.478,
				6,
				1.5,
				6,
				1,
				1.522,
				6,
				1.544,
				6,
				1.567,
				6,
				1,
				1.589,
				6,
				1.611,
				-4,
				1.633,
				-4,
				1,
				1.689,
				-4,
				1.744,
				6.579,
				1.8,
				13,
				1,
				1.822,
				15.568,
				1.844,
				15,
				1.867,
				15,
				1,
				1.889,
				15,
				1.911,
				-9,
				1.933,
				-9,
				1,
				1.956,
				-9,
				1.978,
				8,
				2,
				8,
				1,
				2.033,
				8,
				2.067,
				4,
				2.1,
				4,
				1,
				2.122,
				4,
				2.144,
				4.126,
				2.167,
				5,
				1,
				2.189,
				5.874,
				2.211,
				7,
				2.233,
				7,
				1,
				2.267,
				7,
				2.3,
				-11,
				2.333,
				-11,
				1,
				2.356,
				-11,
				2.378,
				7,
				2.4,
				7,
				1,
				2.422,
				7,
				2.444,
				-6,
				2.467,
				-6,
				1,
				2.5,
				-6,
				2.533,
				-5.548,
				2.567,
				-2,
				1,
				2.589,
				0.365,
				2.611,
				6,
				2.633,
				6,
				1,
				2.656,
				6,
				2.678,
				6,
				2.7,
				6,
				1,
				2.722,
				6,
				2.744,
				-2.728,
				2.767,
				-4,
				1,
				2.8,
				-5.909,
				2.833,
				-6,
				2.867,
				-6,
				1,
				2.911,
				-6,
				2.956,
				15,
				3,
				15,
				1,
				3.022,
				15,
				3.044,
				-9,
				3.067,
				-9,
				1,
				3.089,
				-9,
				3.111,
				8,
				3.133,
				8,
				1,
				3.144,
				8,
				3.156,
				-4,
				3.167,
				-4,
				1,
				3.189,
				-4,
				3.211,
				2.919,
				3.233,
				4,
				1,
				3.256,
				5.081,
				3.278,
				5,
				3.3,
				5,
				1,
				3.356,
				5,
				3.411,
				-11,
				3.467,
				-11,
				1,
				3.489,
				-11,
				3.511,
				7,
				3.533,
				7,
				1,
				3.556,
				7,
				3.578,
				-6,
				3.6,
				-6,
				1,
				3.611,
				-6,
				3.622,
				6,
				3.633,
				6,
				1,
				3.667,
				6,
				3.7,
				4,
				3.733,
				4,
				1,
				3.767,
				4,
				3.8,
				8,
				3.833,
				8,
				1,
				3.867,
				8,
				3.9,
				-4,
				3.933,
				-4,
				1,
				3.978,
				-4,
				4.022,
				7.873,
				4.067,
				13,
				1,
				4.089,
				15.563,
				4.111,
				15,
				4.133,
				15,
				1,
				4.156,
				15,
				4.178,
				-9,
				4.2,
				-9,
				1,
				4.222,
				-9,
				4.244,
				8,
				4.267,
				8,
				1,
				4.3,
				8,
				4.333,
				4,
				4.367,
				4,
				1,
				4.389,
				4,
				4.411,
				4.126,
				4.433,
				5,
				1,
				4.456,
				5.874,
				4.478,
				7,
				4.5,
				7,
				1,
				4.533,
				7,
				4.567,
				-11,
				4.6,
				-11,
				1,
				4.622,
				-11,
				4.644,
				7,
				4.667,
				7,
				1,
				4.689,
				7,
				4.711,
				-6,
				4.733,
				-6,
				1,
				4.767,
				-6,
				4.8,
				-5.548,
				4.833,
				-2,
				1,
				4.856,
				0.365,
				4.878,
				6,
				4.9,
				6,
				1,
				4.922,
				6,
				4.944,
				6,
				4.967,
				6,
				1,
				4.989,
				6,
				5.011,
				-2.728,
				5.033,
				-4,
				1,
				5.067,
				-5.909,
				5.1,
				-6,
				5.133,
				-6,
				1,
				5.178,
				-6,
				5.222,
				15,
				5.267,
				15,
				1,
				5.289,
				15,
				5.311,
				-9,
				5.333,
				-9,
				1,
				5.356,
				-9,
				5.378,
				8,
				5.4,
				8,
				1,
				5.411,
				8,
				5.422,
				-4,
				5.433,
				-4,
				1,
				5.456,
				-4,
				5.478,
				2.919,
				5.5,
				4,
				1,
				5.522,
				5.081,
				5.544,
				5,
				5.567,
				5,
				1,
				5.622,
				5,
				5.678,
				-11,
				5.733,
				-11,
				1,
				5.756,
				-11,
				5.778,
				7,
				5.8,
				7,
				1,
				5.822,
				7,
				5.844,
				-6,
				5.867,
				-6,
				1,
				5.878,
				-6,
				5.889,
				6,
				5.9,
				6,
				1,
				5.922,
				6,
				5.944,
				5.111,
				5.967,
				4.519
			]
		},
		{
			"Target": "Parameter",
			"Id": "ParamEyeUD",
			"Segments": [
				0,
				0,
				1,
				0.033,
				0,
				0.067,
				4,
				0.1,
				4,
				1,
				0.122,
				4,
				0.144,
				-14.649,
				0.167,
				-15,
				1,
				0.222,
				-15.877,
				0.278,
				-16,
				0.333,
				-16,
				1,
				0.356,
				-16,
				0.378,
				-16.239,
				0.4,
				-14,
				1,
				0.422,
				-11.761,
				0.444,
				6,
				0.467,
				6,
				1,
				0.489,
				6,
				0.511,
				2,
				0.533,
				2,
				1,
				0.567,
				2,
				0.6,
				10,
				0.633,
				10,
				1,
				0.656,
				10,
				0.678,
				-2,
				0.7,
				-2,
				1,
				0.722,
				-2,
				0.744,
				-1.933,
				0.767,
				0,
				1,
				0.789,
				1.933,
				0.811,
				6,
				0.833,
				6,
				1,
				0.867,
				6,
				0.9,
				6,
				0.933,
				6,
				1,
				0.956,
				6,
				0.978,
				10,
				1,
				10,
				1,
				1.022,
				10,
				1.044,
				-10,
				1.067,
				-10,
				1,
				1.078,
				-10,
				1.089,
				5,
				1.1,
				5,
				1,
				1.133,
				5,
				1.167,
				-11,
				1.2,
				-11,
				1,
				1.222,
				-11,
				1.244,
				2,
				1.267,
				2,
				1,
				1.311,
				2,
				1.356,
				1.576,
				1.4,
				0,
				1,
				1.411,
				-0.394,
				1.422,
				-8,
				1.433,
				-8,
				1,
				1.456,
				-8,
				1.478,
				4,
				1.5,
				4,
				1,
				1.522,
				4,
				1.544,
				-15,
				1.567,
				-15,
				1,
				1.589,
				-15,
				1.611,
				6,
				1.633,
				6,
				1,
				1.689,
				6,
				1.744,
				-14,
				1.8,
				-14,
				1,
				1.822,
				-14,
				1.844,
				6,
				1.867,
				6,
				1,
				1.889,
				6,
				1.911,
				4.667,
				1.933,
				2,
				1,
				1.956,
				-0.667,
				1.978,
				-2,
				2,
				-2,
				1,
				2.033,
				-2,
				2.067,
				-2,
				2.1,
				-2,
				1,
				2.122,
				-2,
				2.144,
				-1.933,
				2.167,
				0,
				1,
				2.189,
				1.933,
				2.211,
				6,
				2.233,
				6,
				1,
				2.267,
				6,
				2.3,
				6,
				2.333,
				6,
				1,
				2.356,
				6,
				2.378,
				10,
				2.4,
				10,
				1,
				2.422,
				10,
				2.444,
				-10,
				2.467,
				-10,
				1,
				2.5,
				-10,
				2.533,
				-9.926,
				2.567,
				-8,
				1,
				2.589,
				-6.716,
				2.611,
				4,
				2.633,
				4,
				1,
				2.656,
				4,
				2.678,
				-15,
				2.7,
				-15,
				1,
				2.722,
				-15,
				2.744,
				6,
				2.767,
				6,
				1,
				2.8,
				6,
				2.833,
				-16,
				2.867,
				-16,
				1,
				2.911,
				-16,
				2.956,
				6,
				3,
				6,
				1,
				3.022,
				6,
				3.044,
				4.667,
				3.067,
				2,
				1,
				3.089,
				-0.667,
				3.111,
				-2,
				3.133,
				-2,
				1,
				3.144,
				-2,
				3.156,
				10,
				3.167,
				10,
				1,
				3.189,
				10,
				3.211,
				-2,
				3.233,
				-2,
				1,
				3.256,
				-2,
				3.278,
				-0.897,
				3.3,
				0,
				1,
				3.356,
				2.242,
				3.411,
				3.568,
				3.467,
				6,
				1,
				3.489,
				6.973,
				3.511,
				10,
				3.533,
				10,
				1,
				3.556,
				10,
				3.578,
				-10,
				3.6,
				-10,
				1,
				3.611,
				-10,
				3.622,
				5,
				3.633,
				5,
				1,
				3.667,
				5,
				3.7,
				-11,
				3.733,
				-11,
				1,
				3.767,
				-11,
				3.8,
				-11.218,
				3.833,
				-8,
				1,
				3.867,
				-4.782,
				3.9,
				10,
				3.933,
				10,
				1,
				3.978,
				10,
				4.022,
				-14,
				4.067,
				-14,
				1,
				4.089,
				-14,
				4.111,
				6,
				4.133,
				6,
				1,
				4.156,
				6,
				4.178,
				4.667,
				4.2,
				2,
				1,
				4.222,
				-0.667,
				4.244,
				-2,
				4.267,
				-2,
				1,
				4.3,
				-2,
				4.333,
				-2,
				4.367,
				-2,
				1,
				4.389,
				-2,
				4.411,
				-1.933,
				4.433,
				0,
				1,
				4.456,
				1.933,
				4.478,
				6,
				4.5,
				6,
				1,
				4.533,
				6,
				4.567,
				6,
				4.6,
				6,
				1,
				4.622,
				6,
				4.644,
				10,
				4.667,
				10,
				1,
				4.689,
				10,
				4.711,
				-10,
				4.733,
				-10,
				1,
				4.767,
				-10,
				4.8,
				-9.926,
				4.833,
				-8,
				1,
				4.856,
				-6.716,
				4.878,
				4,
				4.9,
				4,
				1,
				4.922,
				4,
				4.944,
				-15,
				4.967,
				-15,
				1,
				4.989,
				-15,
				5.011,
				6,
				5.033,
				6,
				1,
				5.067,
				6,
				5.1,
				-16,
				5.133,
				-16,
				1,
				5.178,
				-16,
				5.222,
				6,
				5.267,
				6,
				1,
				5.289,
				6,
				5.311,
				4.667,
				5.333,
				2,
				1,
				5.356,
				-0.667,
				5.378,
				-2,
				5.4,
				-2,
				1,
				5.411,
				-2,
				5.422,
				10,
				5.433,
				10,
				1,
				5.456,
				10,
				5.478,
				-2,
				5.5,
				-2,
				1,
				5.522,
				-2,
				5.544,
				-0.897,
				5.567,
				0,
				1,
				5.622,
				2.242,
				5.678,
				3.568,
				5.733,
				6,
				1,
				5.756,
				6.973,
				5.778,
				10,
				5.8,
				10,
				1,
				5.822,
				10,
				5.844,
				-10,
				5.867,
				-10,
				1,
				5.878,
				-10,
				5.889,
				5,
				5.9,
				5,
				1,
				5.922,
				5,
				5.944,
				-2.111,
				5.967,
				-6.852
			]
		},
		{
			"Target": "Parameter",
			"Id": "ParamEyeBS",
			"Segments": [
				0,
				0,
				1,
				0.033,
				0,
				0.067,
				7,
				0.1,
				7,
				1,
				0.122,
				7,
				0.144,
				-19,
				0.167,
				-19,
				1,
				0.211,
				-19,
				0.256,
				18,
				0.3,
				18,
				1,
				0.322,
				18,
				0.344,
				-14,
				0.367,
				-14,
				1,
				0.389,
				-14,
				0.411,
				-8,
				0.433,
				4,
				1,
				0.456,
				16,
				0.478,
				22,
				0.5,
				22,
				1,
				0.556,
				22,
				0.611,
				21.173,
				0.667,
				16,
				1,
				0.689,
				13.931,
				0.711,
				-8,
				0.733,
				-8,
				1,
				0.756,
				-8,
				0.778,
				-8.268,
				0.8,
				-6,
				1,
				0.822,
				-3.732,
				0.844,
				19,
				0.867,
				19,
				1,
				0.889,
				19,
				0.911,
				-19,
				0.933,
				-19,
				1,
				0.967,
				-19,
				1,
				12,
				1.033,
				12,
				1,
				1.089,
				12,
				1.144,
				12,
				1.2,
				12,
				1,
				1.222,
				12,
				1.244,
				-6,
				1.267,
				-6,
				1,
				1.289,
				-6,
				1.311,
				0,
				1.333,
				0,
				1,
				1.344,
				0,
				1.356,
				-21,
				1.367,
				-21,
				1,
				1.389,
				-21,
				1.411,
				7,
				1.433,
				7,
				1,
				1.456,
				7,
				1.478,
				-19,
				1.5,
				-19,
				1,
				1.522,
				-19,
				1.544,
				13.697,
				1.567,
				16,
				1,
				1.589,
				18.303,
				1.611,
				18,
				1.633,
				18,
				1,
				1.678,
				18,
				1.722,
				4,
				1.767,
				4,
				1,
				1.789,
				4,
				1.811,
				22,
				1.833,
				22,
				1,
				1.856,
				22,
				1.878,
				-18,
				1.9,
				-18,
				1,
				1.911,
				-18,
				1.922,
				-13.543,
				1.933,
				-6,
				1,
				1.956,
				9.085,
				1.978,
				16,
				2,
				16,
				1,
				2.022,
				16,
				2.044,
				-8,
				2.067,
				-8,
				1,
				2.089,
				-8,
				2.111,
				-8.268,
				2.133,
				-6,
				1,
				2.156,
				-3.732,
				2.178,
				19,
				2.2,
				19,
				1,
				2.222,
				19,
				2.244,
				-19,
				2.267,
				-19,
				1,
				2.3,
				-19,
				2.333,
				12,
				2.367,
				12,
				1,
				2.4,
				12,
				2.433,
				-0.285,
				2.467,
				-10,
				1,
				2.5,
				-19.715,
				2.533,
				-21,
				2.567,
				-21,
				1,
				2.589,
				-21,
				2.611,
				7,
				2.633,
				7,
				1,
				2.656,
				7,
				2.678,
				-19,
				2.7,
				-19,
				1,
				2.722,
				-19,
				2.744,
				13.697,
				2.767,
				16,
				1,
				2.789,
				18.303,
				2.811,
				18,
				2.833,
				18,
				1,
				2.856,
				18,
				2.878,
				-14,
				2.9,
				-14,
				1,
				2.922,
				-14,
				2.944,
				-8,
				2.967,
				4,
				1,
				2.989,
				16,
				3.011,
				22,
				3.033,
				22,
				1,
				3.056,
				22,
				3.078,
				-18,
				3.1,
				-18,
				1,
				3.111,
				-18,
				3.122,
				-13.543,
				3.133,
				-6,
				1,
				3.156,
				9.085,
				3.178,
				16,
				3.2,
				16,
				1,
				3.222,
				16,
				3.244,
				-8,
				3.267,
				-8,
				1,
				3.289,
				-8,
				3.311,
				-6,
				3.333,
				-6,
				1,
				3.378,
				-6,
				3.422,
				-19,
				3.467,
				-19,
				1,
				3.5,
				-19,
				3.533,
				12,
				3.567,
				12,
				1,
				3.6,
				12,
				3.633,
				-10,
				3.667,
				-10,
				1,
				3.689,
				-10,
				3.711,
				12,
				3.733,
				12,
				1,
				3.756,
				12,
				3.778,
				-6,
				3.8,
				-6,
				1,
				3.822,
				-6,
				3.844,
				11,
				3.867,
				11,
				1,
				3.922,
				11,
				3.978,
				4,
				4.033,
				4,
				1,
				4.056,
				4,
				4.078,
				22,
				4.1,
				22,
				1,
				4.122,
				22,
				4.144,
				-18,
				4.167,
				-18,
				1,
				4.178,
				-18,
				4.189,
				-13.543,
				4.2,
				-6,
				1,
				4.222,
				9.085,
				4.244,
				16,
				4.267,
				16,
				1,
				4.289,
				16,
				4.311,
				-8,
				4.333,
				-8,
				1,
				4.356,
				-8,
				4.378,
				-8.268,
				4.4,
				-6,
				1,
				4.422,
				-3.732,
				4.444,
				19,
				4.467,
				19,
				1,
				4.489,
				19,
				4.511,
				-19,
				4.533,
				-19,
				1,
				4.567,
				-19,
				4.6,
				12,
				4.633,
				12,
				1,
				4.667,
				12,
				4.7,
				-0.285,
				4.733,
				-10,
				1,
				4.767,
				-19.715,
				4.8,
				-21,
				4.833,
				-21,
				1,
				4.856,
				-21,
				4.878,
				7,
				4.9,
				7,
				1,
				4.922,
				7,
				4.944,
				-19,
				4.967,
				-19,
				1,
				4.989,
				-19,
				5.011,
				13.697,
				5.033,
				16,
				1,
				5.056,
				18.303,
				5.078,
				18,
				5.1,
				18,
				1,
				5.122,
				18,
				5.144,
				-14,
				5.167,
				-14,
				1,
				5.189,
				-14,
				5.211,
				-8,
				5.233,
				4,
				1,
				5.256,
				16,
				5.278,
				22,
				5.3,
				22,
				1,
				5.322,
				22,
				5.344,
				-18,
				5.367,
				-18,
				1,
				5.378,
				-18,
				5.389,
				-13.543,
				5.4,
				-6,
				1,
				5.422,
				9.085,
				5.444,
				16,
				5.467,
				16,
				1,
				5.489,
				16,
				5.511,
				-8,
				5.533,
				-8,
				1,
				5.556,
				-8,
				5.578,
				-6,
				5.6,
				-6,
				1,
				5.644,
				-6,
				5.689,
				-19,
				5.733,
				-19,
				1,
				5.767,
				-19,
				5.8,
				12,
				5.833,
				12,
				1,
				5.867,
				12,
				5.9,
				-10,
				5.933,
				-10,
				1,
				5.944,
				-10,
				5.956,
				-4.5,
				5.967,
				1
			]
		},
		{
			"Target": "Parameter",
			"Id": "ParamPaiRX",
			"Segments": [
				0,
				9,
				1,
				0.556,
				9,
				1.111,
				2.298,
				1.667,
				-2,
				1,
				2.167,
				-5.868,
				2.667,
				-6,
				3.167,
				-6,
				1,
				3.667,
				-6,
				4.167,
				-5.886,
				4.667,
				-2,
				1,
				5.1,
				1.368,
				5.533,
				8.625,
				5.967,
				8.986
			]
		},
		{
			"Target": "Parameter",
			"Id": "ParamPaiRY",
			"Segments": [
				0,
				0,
				1,
				0.011,
				0,
				0.022,
				-0.243,
				0.033,
				-0.375,
				1,
				0.578,
				-6.851,
				1.122,
				-10,
				1.667,
				-10,
				1,
				2.167,
				-10,
				2.667,
				-5.269,
				3.167,
				2,
				1,
				3.667,
				9.269,
				4.167,
				12,
				4.667,
				12,
				1,
				5.1,
				12,
				5.533,
				8.207,
				5.967,
				0.438
			]
		},
		{
			"Target": "Parameter",
			"Id": "ParamPaiRX2",
			"Segments": [
				0,
				8,
				1,
				0.444,
				8,
				0.889,
				2.877,
				1.333,
				-1,
				1,
				1.833,
				-5.362,
				2.333,
				-6,
				2.833,
				-6,
				1,
				3.333,
				-6,
				3.833,
				-5.168,
				4.333,
				-1,
				1,
				4.878,
				3.539,
				5.422,
				7.825,
				5.967,
				7.995
			]
		},
		{
			"Target": "Parameter",
			"Id": "ParamPaiRY2",
			"Segments": [
				0,
				2,
				1,
				0.011,
				2,
				0.022,
				1.309,
				0.033,
				1.014,
				1,
				0.467,
				-10.474,
				0.9,
				-16,
				1.333,
				-16,
				1,
				1.833,
				-16,
				2.333,
				-11,
				2.833,
				-1,
				1,
				3.333,
				9,
				3.833,
				14,
				4.333,
				14,
				1,
				4.878,
				14,
				5.422,
				10.319,
				5.967,
				2.678
			]
		},
		{
			"Target": "Parameter",
			"Id": "ParamPaiLX",
			"Segments": [
				0,
				-10,
				1,
				0.556,
				-10,
				1.111,
				-5.869,
				1.667,
				0,
				1,
				2.167,
				5.282,
				2.667,
				7,
				3.167,
				7,
				1,
				3.667,
				7,
				4.167,
				4,
				4.667,
				-2,
				1,
				5.1,
				-7.2,
				5.533,
				-9.865,
				5.967,
				-9.995
			]
		},
		{
			"Target": "Parameter",
			"Id": "ParamPaiLY",
			"Segments": [
				0,
				1,
				1,
				0.011,
				1,
				0.022,
				0.757,
				0.033,
				0.625,
				1,
				0.578,
				-5.851,
				1.122,
				-9,
				1.667,
				-9,
				1,
				2.167,
				-9,
				2.667,
				-7.283,
				3.167,
				0,
				1,
				3.667,
				7.283,
				4.167,
				14,
				4.667,
				14,
				1,
				5.1,
				14,
				5.533,
				9.938,
				5.967,
				1.559
			]
		},
		{
			"Target": "Parameter",
			"Id": "ParamPaiLX2",
			"Segments": [
				0,
				-8,
				1,
				0.444,
				-8,
				0.889,
				-4.212,
				1.333,
				0,
				1,
				1.833,
				4.738,
				2.333,
				6,
				2.833,
				6,
				1,
				3.333,
				6,
				3.833,
				2.251,
				4.333,
				-2,
				1,
				4.878,
				-6.629,
				5.422,
				-7.948,
				5.967,
				-7.998
			]
		},
		{
			"Target": "Parameter",
			"Id": "ParamPaiLY2",
			"Segments": [
				0,
				-1,
				1,
				0.011,
				-1,
				0.022,
				-1.192,
				0.033,
				-1.442,
				1,
				0.467,
				-11.185,
				0.9,
				-16,
				1.333,
				-16,
				1,
				1.833,
				-16,
				2.333,
				-10.959,
				2.833,
				1,
				1,
				3.333,
				12.959,
				3.833,
				20,
				4.333,
				20,
				1,
				4.878,
				20,
				5.422,
				13.498,
				5.967,
				0.051
			]
		},
		{
			"Target": "Parameter",
			"Id": "ParamBreat",
			"Segments": [
				0,
				0.5,
				1,
				0.011,
				0.5,
				0.022,
				0.535,
				0.033,
				0.542,
				1,
				0.522,
				0.853,
				1.011,
				1,
				1.5,
				1,
				1,
				2,
				1,
				2.5,
				0.833,
				3,
				0.5,
				1,
				3.5,
				0.167,
				4,
				0,
				4.5,
				0,
				1,
				4.989,
				0,
				5.478,
				0.148,
				5.967,
				0.46
			]
		},
		{
			"Target": "Parameter",
			"Id": "ParamBackHairX",
			"Segments": [
				0,
				0,
				1,
				0.011,
				0,
				0.022,
				-0.067,
				0.033,
				-0.126,
				1,
				0.522,
				-2.726,
				1.011,
				-4,
				1.5,
				-4,
				1,
				2,
				-4,
				2.5,
				-2.667,
				3,
				0,
				1,
				3.5,
				2.667,
				4,
				4,
				4.5,
				4,
				1,
				4.989,
				4,
				5.478,
				2.808,
				5.967,
				0.306
			]
		},
		{
			"Target": "Parameter",
			"Id": "ParamBackHairY",
			"Segments": [
				0,
				0,
				1,
				0.011,
				0,
				0.022,
				-0.317,
				0.033,
				-0.373,
				1,
				0.522,
				-2.832,
				1.011,
				-4,
				1.5,
				-4,
				1,
				2,
				-4,
				2.5,
				-2.667,
				3,
				0,
				1,
				3.5,
				2.667,
				4,
				4,
				4.5,
				4,
				1,
				4.989,
				4,
				5.478,
				2.853,
				5.967,
				0.433
			]
		},
		{
			"Target": "Parameter",
			"Id": "ParamRibonX",
			"Segments": [
				0,
				-8,
				1,
				0.5,
				-8,
				1,
				7,
				1.5,
				7,
				1,
				2,
				7,
				2.5,
				7,
				3,
				7,
				1,
				3.5,
				7,
				4,
				-10,
				4.5,
				-10,
				1,
				4.989,
				-10,
				5.478,
				-8.088,
				5.967,
				-8.003
			]
		},
		{
			"Target": "Parameter",
			"Id": "ParamRibonY",
			"Segments": [
				0,
				-12,
				1,
				0.5,
				-12,
				1,
				-16,
				1.5,
				-16,
				1,
				2,
				-16,
				2.5,
				-8.668,
				3,
				0,
				1,
				3.5,
				8.668,
				4,
				11,
				4.5,
				11,
				1,
				4.989,
				11,
				5.478,
				-10.989,
				5.967,
				-11.966
			]
		},
		{
			"Target": "Parameter",
			"Id": "Param_Angle_Rotation2",
			"Segments": [
				0,
				0,
				1,
				0.011,
				0,
				0.022,
				0.05,
				0.033,
				0.094,
				1,
				0.522,
				2.044,
				1.011,
				3,
				1.5,
				3,
				1,
				2,
				3,
				2.5,
				2,
				3,
				0,
				1,
				3.5,
				-2,
				4,
				-3,
				4.5,
				-3,
				1,
				4.989,
				-3,
				5.478,
				-2.089,
				5.967,
				-0.184
			]
		},
		{
			"Target": "Parameter",
			"Id": "Param_Angle_Rotation3",
			"Segments": [
				0,
				-1.3,
				1,
				0.011,
				-1.3,
				0.022,
				-1.146,
				0.033,
				-1.084,
				1,
				0.122,
				-0.591,
				0.211,
				-0.1,
				0.3,
				0.296,
				1,
				0.867,
				2.819,
				1.433,
				4,
				2,
				4,
				1,
				2.5,
				4,
				3,
				2.963,
				3.5,
				0,
				1,
				4,
				-2.963,
				4.5,
				-5,
				5,
				-5,
				1,
				5.322,
				-5,
				5.644,
				-3.562,
				5.967,
				-1.514
			]
		},
		{
			"Target": "Parameter",
			"Id": "Param_Angle_Rotation4",
			"Segments": [
				0,
				-2.96,
				1,
				0.011,
				-2.96,
				0.022,
				-2.822,
				0.033,
				-2.776,
				1,
				0.278,
				-1.76,
				0.522,
				-0.86,
				0.767,
				0.188,
				1,
				1.344,
				2.664,
				1.922,
				4,
				2.5,
				4,
				1,
				3,
				4,
				3.5,
				2.667,
				4,
				0,
				1,
				4.5,
				-2.667,
				5,
				-4,
				5.5,
				-4,
				1,
				5.656,
				-4,
				5.811,
				-3.847,
				5.967,
				-3.124
			]
		},
		{
			"Target": "Parameter",
			"Id": "Param_Angle_Rotation6",
			"Segments": [
				0,
				0,
				1,
				0.011,
				0,
				0.022,
				0.047,
				0.033,
				0.061,
				1,
				0.522,
				0.696,
				1.011,
				1,
				1.5,
				1,
				1,
				2,
				1,
				2.5,
				0.667,
				3,
				0,
				1,
				3.5,
				-0.667,
				4,
				-1,
				4.5,
				-1,
				1,
				4.989,
				-1,
				5.478,
				-0.696,
				5.967,
				-0.061
			]
		},
		{
			"Target": "Parameter",
			"Id": "Param_Angle_Rotation7",
			"Segments": [
				0,
				-1.3,
				1,
				0.011,
				-1.3,
				0.022,
				-1.226,
				0.033,
				-1.174,
				1,
				0.144,
				-0.655,
				0.256,
				-0.176,
				0.367,
				0.324,
				1,
				0.911,
				2.774,
				1.456,
				4,
				2,
				4,
				1,
				2.5,
				4,
				3,
				2.963,
				3.5,
				0,
				1,
				4,
				-2.963,
				4.5,
				-5,
				5,
				-5,
				1,
				5.322,
				-5,
				5.644,
				-3.562,
				5.967,
				-1.514
			]
		},
		{
			"Target": "Parameter",
			"Id": "Param_Angle_Rotation8",
			"Segments": [
				0,
				-7.41,
				1,
				0.011,
				-7.41,
				0.022,
				-7.269,
				0.033,
				-7.185,
				1,
				0.356,
				-4.754,
				0.678,
				-2.238,
				1,
				0,
				1,
				1.5,
				3.473,
				2,
				5,
				2.5,
				5,
				1,
				3,
				5,
				3.5,
				4.43,
				4,
				0,
				1,
				4.5,
				-4.43,
				5,
				-10,
				5.5,
				-10,
				1,
				5.656,
				-10,
				5.811,
				-9.623,
				5.967,
				-7.819
			]
		},
		{
			"Target": "Parameter",
			"Id": "Param_Angle_Rotation10",
			"Segments": [
				0,
				0,
				1,
				0.011,
				0,
				0.022,
				0.047,
				0.033,
				0.061,
				1,
				0.522,
				0.696,
				1.011,
				1,
				1.5,
				1,
				1,
				2,
				1,
				2.5,
				0.889,
				3,
				0,
				1,
				3.5,
				-0.889,
				4,
				-2,
				4.5,
				-2,
				1,
				4.989,
				-2,
				5.478,
				-1.38,
				5.967,
				-0.093
			]
		},
		{
			"Target": "Parameter",
			"Id": "Param_Angle_Rotation11",
			"Segments": [
				0,
				-1.3,
				1,
				0.011,
				-1.3,
				0.022,
				-1.22,
				0.033,
				-1.174,
				1,
				0.156,
				-0.669,
				0.278,
				-0.268,
				0.4,
				0.282,
				1,
				0.933,
				2.684,
				1.467,
				4,
				2,
				4,
				1,
				2.5,
				4,
				3,
				2.963,
				3.5,
				0,
				1,
				4,
				-2.963,
				4.5,
				-5,
				5,
				-5,
				1,
				5.322,
				-5,
				5.644,
				-3.562,
				5.967,
				-1.514
			]
		},
		{
			"Target": "Parameter",
			"Id": "Param_Angle_Rotation12",
			"Segments": [
				0,
				-6.66,
				1,
				0.011,
				-6.66,
				0.022,
				-6.512,
				0.033,
				-6.437,
				1,
				0.356,
				-4.255,
				0.678,
				-2.147,
				1,
				0,
				1,
				1.5,
				3.332,
				2,
				5,
				2.5,
				5,
				1,
				3,
				5,
				3.5,
				4.276,
				4,
				0,
				1,
				4.5,
				-4.276,
				5,
				-9,
				5.5,
				-9,
				1,
				5.656,
				-9,
				5.811,
				-8.654,
				5.967,
				-7.028
			]
		},
		{
			"Target": "Parameter",
			"Id": "Param_Angle_Rotation14",
			"Segments": [
				0,
				0,
				1,
				0.011,
				0,
				0.022,
				0.094,
				0.033,
				0.123,
				1,
				0.522,
				1.393,
				1.011,
				2,
				1.5,
				2,
				1,
				2,
				2,
				2.5,
				0.889,
				3,
				0,
				1,
				3.5,
				-0.889,
				4,
				-1,
				4.5,
				-1,
				1,
				4.989,
				-1,
				5.478,
				-0.696,
				5.967,
				-0.061
			]
		},
		{
			"Target": "Parameter",
			"Id": "Param_Angle_Rotation15",
			"Segments": [
				0,
				-1.04,
				1,
				0.011,
				-1.04,
				0.022,
				-0.943,
				0.033,
				-0.887,
				1,
				0.122,
				-0.438,
				0.211,
				0.005,
				0.3,
				0.389,
				1,
				0.867,
				2.833,
				1.433,
				4,
				2,
				4,
				1,
				2.5,
				4,
				3,
				2.667,
				3.5,
				0,
				1,
				4,
				-2.667,
				4.5,
				-4,
				5,
				-4,
				1,
				5.322,
				-4,
				5.644,
				-2.85,
				5.967,
				-1.211
			]
		},
		{
			"Target": "Parameter",
			"Id": "Param_Angle_Rotation16",
			"Segments": [
				0,
				-5.18,
				1,
				0.011,
				-5.18,
				0.022,
				-4.961,
				0.033,
				-4.873,
				1,
				0.244,
				-3.201,
				0.456,
				-1.437,
				0.667,
				0,
				1,
				1.278,
				4.159,
				1.889,
				6,
				2.5,
				6,
				1,
				3,
				6,
				3.5,
				4.307,
				4,
				0,
				1,
				4.5,
				-4.307,
				5,
				-7,
				5.5,
				-7,
				1,
				5.656,
				-7,
				5.811,
				-6.732,
				5.967,
				-5.467
			]
		},
		{
			"Target": "Parameter",
			"Id": "Param_Angle_Rotation18",
			"Segments": [
				0,
				-0.38,
				1,
				0.011,
				-0.38,
				0.022,
				-0.247,
				0.033,
				-0.207,
				1,
				0.633,
				1.957,
				1.233,
				3,
				1.833,
				3,
				1,
				2.333,
				3,
				2.833,
				2,
				3.333,
				0,
				1,
				3.833,
				-2,
				4.333,
				-3,
				4.833,
				-3,
				1,
				5.211,
				-3,
				5.589,
				-1.883,
				5.967,
				-0.502
			]
		},
		{
			"Target": "Parameter",
			"Id": "Param_Angle_Rotation19",
			"Segments": [
				0,
				-1.75,
				1,
				0.011,
				-1.75,
				0.022,
				-1.665,
				0.033,
				-1.627,
				1,
				0.222,
				-0.987,
				0.411,
				-0.372,
				0.6,
				0.235,
				1,
				1.178,
				2.092,
				1.756,
				3,
				2.333,
				3,
				1,
				2.833,
				3,
				3.333,
				2,
				3.833,
				0,
				1,
				4.333,
				-2,
				4.833,
				-3,
				5.333,
				-3,
				1,
				5.544,
				-3,
				5.756,
				-2.672,
				5.967,
				-1.879
			]
		},
		{
			"Target": "Parameter",
			"Id": "Param_Angle_Rotation20",
			"Segments": [
				0,
				-3.86,
				1,
				0.444,
				-3.86,
				0.889,
				-2.462,
				1.333,
				0,
				1,
				1.833,
				2.769,
				2.333,
				4,
				2.833,
				4,
				1,
				3.333,
				4,
				3.833,
				2.47,
				4.333,
				0,
				1,
				4.878,
				-2.689,
				5.422,
				-3.815,
				5.967,
				-3.859
			]
		},
		{
			"Target": "Parameter",
			"Id": "Param_Angle_Rotation21",
			"Segments": [
				0,
				-2.88,
				1,
				0.611,
				-2.88,
				1.222,
				-2.355,
				1.833,
				0,
				1,
				2.333,
				1.927,
				2.833,
				4,
				3.333,
				4,
				1,
				3.833,
				4,
				4.333,
				2.576,
				4.833,
				0,
				1,
				5.211,
				-1.946,
				5.589,
				-2.829,
				5.967,
				-2.878
			]
		},
		{
			"Target": "Parameter",
			"Id": "Param_Angle_Rotation22",
			"Segments": [
				0,
				-2.19,
				1,
				0.778,
				-2.19,
				1.556,
				-1.809,
				2.333,
				0,
				1,
				2.756,
				0.982,
				3.178,
				2.633,
				3.6,
				2.633,
				1,
				3.989,
				2.633,
				4.378,
				1.541,
				4.767,
				0,
				1,
				5.167,
				-1.585,
				5.567,
				-2.159,
				5.967,
				-2.189
			]
		},
		{
			"Target": "Parameter",
			"Id": "Param_Angle_Rotation23",
			"Segments": [
				0,
				-0.76,
				1,
				0.011,
				-0.76,
				0.022,
				-0.847,
				0.033,
				-0.884,
				1,
				0.467,
				-2.315,
				0.9,
				-3,
				1.333,
				-3,
				1,
				1.833,
				-3,
				2.333,
				-2.499,
				2.833,
				0,
				1,
				3.333,
				2.499,
				3.833,
				5,
				4.333,
				5,
				1,
				4.833,
				5,
				5.333,
				3.186,
				5.833,
				0,
				1,
				5.878,
				-0.283,
				5.922,
				-0.477,
				5.967,
				-0.641
			]
		},
		{
			"Target": "Parameter",
			"Id": "Param_Angle_Rotation25",
			"Segments": [
				0,
				0,
				1,
				0.011,
				0,
				0.022,
				-0.131,
				0.033,
				-0.219,
				1,
				0.522,
				-4.107,
				1.011,
				-6,
				1.5,
				-6,
				1,
				2,
				-6,
				2.5,
				-4.569,
				3,
				0,
				1,
				3.5,
				4.569,
				4,
				8,
				4.5,
				8,
				1,
				4.989,
				8,
				5.478,
				5.579,
				5.967,
				0.522
			]
		},
		{
			"Target": "Parameter",
			"Id": "Param_Angle_Rotation26",
			"Segments": [
				0,
				1.82,
				1,
				0.011,
				1.82,
				0.022,
				1.76,
				0.033,
				1.693,
				1,
				0.167,
				0.884,
				0.3,
				0.186,
				0.433,
				-0.693,
				1,
				0.956,
				-4.136,
				1.478,
				-6,
				2,
				-6,
				1,
				2.5,
				-6,
				3,
				-4.307,
				3.5,
				0,
				1,
				4,
				4.307,
				4.5,
				7,
				5,
				7,
				1,
				5.322,
				7,
				5.644,
				4.986,
				5.967,
				2.119
			]
		},
		{
			"Target": "Parameter",
			"Id": "Param_Angle_Rotation28",
			"Segments": [
				0,
				0,
				1,
				0.011,
				0,
				0.022,
				-0.016,
				0.033,
				-0.031,
				1,
				0.522,
				-0.681,
				1.011,
				-1,
				1.5,
				-1,
				1,
				2,
				-1,
				2.5,
				-0.667,
				3,
				0,
				1,
				3.5,
				0.667,
				4,
				1,
				4.5,
				1,
				1,
				4.989,
				1,
				5.478,
				0.681,
				5.967,
				0.031
			]
		},
		{
			"Target": "Parameter",
			"Id": "Param_Angle_Rotation29",
			"Segments": [
				0,
				1.3,
				1,
				0.011,
				1.3,
				0.022,
				1.256,
				0.033,
				1.204,
				1,
				0.178,
				0.525,
				0.322,
				-0.188,
				0.467,
				-0.804,
				1,
				0.978,
				-2.983,
				1.489,
				-4,
				2,
				-4,
				1,
				2.5,
				-4,
				3,
				-2.963,
				3.5,
				0,
				1,
				4,
				2.963,
				4.5,
				5,
				5,
				5,
				1,
				5.322,
				5,
				5.644,
				3.562,
				5.967,
				1.514
			]
		},
		{
			"Target": "Parameter",
			"Id": "Param_Angle_Rotation30",
			"Segments": [
				0,
				6.66,
				1,
				0.011,
				6.66,
				0.022,
				6.529,
				0.033,
				6.439,
				1,
				0.333,
				4,
				0.633,
				1.355,
				0.933,
				-0.776,
				1,
				1.456,
				-4.486,
				1.978,
				-6,
				2.5,
				-6,
				1,
				3,
				-6,
				3.5,
				-4.794,
				4,
				0,
				1,
				4.5,
				4.794,
				5,
				9,
				5.5,
				9,
				1,
				5.656,
				9,
				5.811,
				8.654,
				5.967,
				7.028
			]
		},
		{
			"Target": "Parameter",
			"Id": "Param_Angle_Rotation32",
			"Segments": [
				0,
				0,
				1,
				0.011,
				0,
				0.022,
				-0.064,
				0.033,
				-0.093,
				1,
				0.522,
				-1.38,
				1.011,
				-2,
				1.5,
				-2,
				1,
				2,
				-2,
				2.5,
				-0.889,
				3,
				0,
				1,
				3.5,
				0.889,
				4,
				1,
				4.5,
				1,
				1,
				4.989,
				1,
				5.478,
				0.696,
				5.967,
				0.061
			]
		},
		{
			"Target": "Parameter",
			"Id": "Param_Angle_Rotation33",
			"Segments": [
				0,
				1.3,
				1,
				0.011,
				1.3,
				0.022,
				1.232,
				0.033,
				1.176,
				1,
				0.167,
				0.505,
				0.3,
				-0.08,
				0.433,
				-0.784,
				1,
				0.956,
				-3.539,
				1.478,
				-5,
				2,
				-5,
				1,
				2.5,
				-5,
				3,
				-3.333,
				3.5,
				0,
				1,
				4,
				3.333,
				4.5,
				5,
				5,
				5,
				1,
				5.322,
				5,
				5.644,
				3.562,
				5.967,
				1.514
			]
		},
		{
			"Target": "Parameter",
			"Id": "Param_Angle_Rotation34",
			"Segments": [
				0,
				7.41,
				1,
				0.011,
				7.41,
				0.022,
				7.295,
				0.033,
				7.188,
				1,
				0.322,
				4.399,
				0.611,
				1.225,
				0.9,
				-1.092,
				1,
				1.433,
				-5.371,
				1.967,
				-7,
				2.5,
				-7,
				1,
				3,
				-7,
				3.5,
				-5.484,
				4,
				0,
				1,
				4.5,
				5.484,
				5,
				10,
				5.5,
				10,
				1,
				5.656,
				10,
				5.811,
				9.623,
				5.967,
				7.819
			]
		},
		{
			"Target": "Parameter",
			"Id": "Param_Angle_Rotation36",
			"Segments": [
				0,
				0,
				1,
				0.011,
				0,
				0.022,
				-0.064,
				0.033,
				-0.093,
				1,
				0.522,
				-1.38,
				1.011,
				-2,
				1.5,
				-2,
				1,
				2,
				-2,
				2.5,
				-0.889,
				3,
				0,
				1,
				3.5,
				0.889,
				4,
				1,
				4.5,
				1,
				1,
				4.989,
				1,
				5.478,
				0.681,
				5.967,
				0.031
			]
		},
		{
			"Target": "Parameter",
			"Id": "Param_Angle_Rotation37",
			"Segments": [
				0,
				1.04,
				1,
				0.011,
				1.04,
				0.022,
				0.939,
				0.033,
				0.887,
				1,
				0.178,
				0.212,
				0.322,
				-0.494,
				0.467,
				-1.066,
				1,
				0.978,
				-3.089,
				1.489,
				-4,
				2,
				-4,
				1,
				2.5,
				-4,
				3,
				-2.667,
				3.5,
				0,
				1,
				4,
				2.667,
				4.5,
				4,
				5,
				4,
				1,
				5.322,
				4,
				5.644,
				2.85,
				5.967,
				1.211
			]
		},
		{
			"Target": "Parameter",
			"Id": "Param_Angle_Rotation38",
			"Segments": [
				0,
				5.92,
				1,
				0.011,
				5.92,
				0.022,
				5.826,
				0.033,
				5.731,
				1,
				0.311,
				3.352,
				0.589,
				0.443,
				0.867,
				-1.339,
				1,
				1.411,
				-4.831,
				1.956,
				-6,
				2.5,
				-6,
				1,
				3,
				-6,
				3.5,
				-4.569,
				4,
				0,
				1,
				4.5,
				4.569,
				5,
				8,
				5.5,
				8,
				1,
				5.656,
				8,
				5.811,
				7.693,
				5.967,
				6.248
			]
		},
		{
			"Target": "Parameter",
			"Id": "Param_Angle_Rotation40",
			"Segments": [
				0,
				0.13,
				1,
				0.011,
				0.13,
				0.022,
				0.087,
				0.033,
				0.061,
				1,
				0.633,
				-1.324,
				1.233,
				-2,
				1.833,
				-2,
				1,
				2.333,
				-2,
				2.833,
				-0.889,
				3.333,
				0,
				1,
				3.833,
				0.889,
				4.333,
				1,
				4.833,
				1,
				1,
				5.211,
				1,
				5.589,
				0.634,
				5.967,
				0.171
			]
		},
		{
			"Target": "Parameter",
			"Id": "Param_Angle_Rotation41",
			"Segments": [
				0,
				3.5,
				1,
				0.011,
				3.5,
				0.022,
				3.351,
				0.033,
				3.256,
				1,
				0.233,
				1.548,
				0.433,
				-0.239,
				0.633,
				-1.755,
				1,
				1.2,
				-6.053,
				1.767,
				-8,
				2.333,
				-8,
				1,
				2.833,
				-8,
				3.333,
				-4.569,
				3.833,
				0,
				1,
				4.333,
				4.569,
				4.833,
				6,
				5.333,
				6,
				1,
				5.544,
				6,
				5.756,
				5.343,
				5.967,
				3.758
			]
		},
		{
			"Target": "Parameter",
			"Id": "Param_Angle_Rotation43",
			"Segments": [
				0,
				-0.13,
				1,
				0.011,
				-0.13,
				0.022,
				-0.098,
				0.033,
				-0.085,
				1,
				0.633,
				0.646,
				1.233,
				1,
				1.833,
				1,
				1,
				2.333,
				1,
				2.833,
				0.667,
				3.333,
				0,
				1,
				3.833,
				-0.667,
				4.333,
				-1,
				4.833,
				-1,
				1,
				5.211,
				-1,
				5.589,
				-0.634,
				5.967,
				-0.171
			]
		},
		{
			"Target": "Parameter",
			"Id": "Param_Angle_Rotation44",
			"Segments": [
				0,
				-1.17,
				1,
				0.011,
				-1.17,
				0.022,
				-1.153,
				0.033,
				-1.137,
				1,
				0.3,
				-0.754,
				0.567,
				-0.363,
				0.833,
				0,
				1,
				1.333,
				0.681,
				1.833,
				1,
				2.333,
				1,
				1,
				2.833,
				1,
				3.333,
				0.889,
				3.833,
				0,
				1,
				4.333,
				-0.889,
				4.833,
				-2,
				5.333,
				-2,
				1,
				5.544,
				-2,
				5.756,
				-1.784,
				5.967,
				-1.256
			]
		},
		{
			"Target": "Parameter",
			"Id": "Param_Angle_Rotation45",
			"Segments": [
				0,
				-1.93,
				1,
				0.444,
				-1.93,
				0.889,
				-0.799,
				1.333,
				0,
				1,
				1.867,
				0.959,
				2.4,
				1.093,
				2.933,
				1.093,
				1,
				3.4,
				1.093,
				3.867,
				0.886,
				4.333,
				0,
				1,
				4.878,
				-1.033,
				5.422,
				-1.895,
				5.967,
				-1.929
			]
		},
		{
			"Target": "Parameter",
			"Id": "Param_Angle_Rotation46",
			"Segments": [
				0,
				-1.85,
				1,
				0.011,
				-1.85,
				0.022,
				-1.875,
				0.033,
				-1.884,
				1,
				0.133,
				-1.966,
				0.233,
				-2,
				0.333,
				-2,
				1,
				0.833,
				-2,
				1.333,
				-0.889,
				1.833,
				0,
				1,
				2.333,
				0.889,
				2.833,
				1,
				3.333,
				1,
				1,
				3.833,
				1,
				4.333,
				0.717,
				4.833,
				0,
				1,
				5.211,
				-0.541,
				5.589,
				-1.279,
				5.967,
				-1.804
			]
		},
		{
			"Target": "Parameter",
			"Id": "Param_Angle_Rotation47",
			"Segments": [
				0,
				-1.2,
				1,
				0.011,
				-1.2,
				0.022,
				-1.243,
				0.033,
				-1.264,
				1,
				0.3,
				-1.765,
				0.567,
				-2,
				0.833,
				-2,
				1,
				1.333,
				-2,
				1.833,
				-0.889,
				2.333,
				0,
				1,
				2.833,
				0.889,
				3.333,
				1,
				3.833,
				1,
				1,
				4.333,
				1,
				4.833,
				0.724,
				5.333,
				0,
				1,
				5.544,
				-0.306,
				5.756,
				-0.74,
				5.967,
				-1.137
			]
		},
		{
			"Target": "Parameter",
			"Id": "Param_Angle_Rotation48",
			"Segments": [
				0,
				-0.3,
				1,
				0.011,
				-0.3,
				0.022,
				-0.365,
				0.033,
				-0.393,
				1,
				0.467,
				-1.479,
				0.9,
				-2,
				1.333,
				-2,
				1,
				1.833,
				-2,
				2.333,
				-0.889,
				2.833,
				0,
				1,
				3.333,
				0.889,
				3.833,
				1,
				4.333,
				1,
				1,
				4.833,
				1,
				5.333,
				0.684,
				5.833,
				0,
				1,
				5.878,
				-0.061,
				5.922,
				-0.13,
				5.967,
				-0.224
			]
		},
		{
			"Target": "Parameter",
			"Id": "Param_Angle_Rotation49",
			"Segments": [
				0,
				0.49,
				1,
				0.011,
				0.49,
				0.022,
				0.451,
				0.033,
				0.424,
				1,
				0.122,
				0.212,
				0.211,
				0.026,
				0.3,
				-0.183,
				1,
				0.811,
				-1.387,
				1.322,
				-2,
				1.833,
				-2,
				1,
				2.333,
				-2,
				2.833,
				-0.889,
				3.333,
				0,
				1,
				3.833,
				0.889,
				4.333,
				1,
				4.833,
				1,
				1,
				5.211,
				1,
				5.589,
				0.871,
				5.967,
				0.521
			]
		},
		{
			"Target": "Parameter",
			"Id": "Param_Angle_Rotation51",
			"Segments": [
				0,
				-0.13,
				1,
				0.011,
				-0.13,
				0.022,
				-0.077,
				0.033,
				-0.052,
				1,
				0.633,
				1.329,
				1.233,
				2,
				1.833,
				2,
				1,
				2.333,
				2,
				2.833,
				0.889,
				3.333,
				0,
				1,
				3.833,
				-0.889,
				4.333,
				-1,
				4.833,
				-1,
				1,
				5.211,
				-1,
				5.589,
				-0.634,
				5.967,
				-0.171
			]
		},
		{
			"Target": "Parameter",
			"Id": "Param_Angle_Rotation52",
			"Segments": [
				0,
				-1.17,
				1,
				0.011,
				-1.17,
				0.022,
				-1.082,
				0.033,
				-1.049,
				1,
				0.189,
				-0.592,
				0.344,
				-0.192,
				0.5,
				0.266,
				1,
				1.111,
				2.068,
				1.722,
				3,
				2.333,
				3,
				1,
				2.833,
				3,
				3.333,
				1.6,
				3.833,
				0,
				1,
				4.333,
				-1.6,
				4.833,
				-2,
				5.333,
				-2,
				1,
				5.544,
				-2,
				5.756,
				-1.784,
				5.967,
				-1.256
			]
		},
		{
			"Target": "Parameter",
			"Id": "Param_Angle_Rotation53",
			"Segments": [
				0,
				-1.93,
				1,
				0.444,
				-1.93,
				0.889,
				-1.507,
				1.333,
				0,
				1,
				1.833,
				1.695,
				2.333,
				3,
				2.833,
				3,
				1,
				3.333,
				3,
				3.833,
				1.446,
				4.333,
				0,
				1,
				4.878,
				-1.575,
				5.422,
				-1.917,
				5.967,
				-1.93
			]
		},
		{
			"Target": "Parameter",
			"Id": "Param_Angle_Rotation73",
			"Segments": [
				0,
				0.13,
				1,
				0.011,
				0.13,
				0.022,
				0.053,
				0.033,
				0.015,
				1,
				0.633,
				-2.014,
				1.233,
				-3,
				1.833,
				-3,
				1,
				2.333,
				-3,
				2.833,
				-1.416,
				3.333,
				0,
				1,
				3.856,
				1.478,
				4.378,
				1.734,
				4.9,
				1.734,
				1,
				5.256,
				1.734,
				5.611,
				1.259,
				5.967,
				0.254
			]
		},
		{
			"Target": "Parameter",
			"Id": "Param_Angle_Rotation74",
			"Segments": [
				0,
				2.33,
				1,
				0.011,
				2.33,
				0.022,
				2.265,
				0.033,
				2.208,
				1,
				0.278,
				0.943,
				0.522,
				-0.193,
				0.767,
				-1.536,
				1,
				1.289,
				-4.406,
				1.811,
				-6,
				2.333,
				-6,
				1,
				2.833,
				-6,
				3.333,
				-3.198,
				3.833,
				0,
				1,
				4.333,
				3.198,
				4.833,
				4,
				5.333,
				4,
				1,
				5.544,
				4,
				5.756,
				3.559,
				5.967,
				2.502
			]
		},
		{
			"Target": "Parameter",
			"Id": "Param_Angle_Rotation75",
			"Segments": [
				0,
				7.72,
				1,
				0.444,
				7.72,
				0.889,
				4.563,
				1.333,
				0,
				1,
				1.833,
				-5.134,
				2.333,
				-7,
				2.833,
				-7,
				1,
				3.333,
				-7,
				3.833,
				-4.648,
				4.333,
				0,
				1,
				4.878,
				5.062,
				5.422,
				7.617,
				5.967,
				7.717
			]
		},
		{
			"Target": "Parameter",
			"Id": "Param_Angle_Rotation77",
			"Segments": [
				0,
				0,
				1,
				0.111,
				0,
				0.222,
				0,
				0.333,
				0,
				1,
				0.833,
				0,
				1.333,
				-4,
				1.833,
				-4,
				1,
				2.333,
				-4,
				2.833,
				0,
				3.333,
				0,
				1,
				4.211,
				0,
				5.089,
				0,
				5.967,
				0
			]
		},
		{
			"Target": "Parameter",
			"Id": "Param_Angle_Rotation78",
			"Segments": [
				0,
				1.75,
				1,
				0.011,
				1.75,
				0.022,
				1.647,
				0.033,
				1.599,
				1,
				0.267,
				0.59,
				0.5,
				-0.316,
				0.733,
				-1.354,
				1,
				1.267,
				-3.727,
				1.8,
				-5,
				2.333,
				-5,
				1,
				2.833,
				-5,
				3.333,
				-2.499,
				3.833,
				0,
				1,
				4.333,
				2.499,
				4.833,
				3,
				5.333,
				3,
				1,
				5.544,
				3,
				5.756,
				2.672,
				5.967,
				1.879
			]
		},
		{
			"Target": "Parameter",
			"Id": "Param_Angle_Rotation79",
			"Segments": [
				0,
				4.83,
				1,
				0.444,
				4.83,
				0.889,
				3.875,
				1.333,
				0,
				1,
				1.833,
				-4.359,
				2.333,
				-8,
				2.833,
				-8,
				1,
				3.333,
				-8,
				3.833,
				-3.691,
				4.333,
				0,
				1,
				4.878,
				4.019,
				5.422,
				4.8,
				5.967,
				4.829
			]
		},
		{
			"Target": "Parameter",
			"Id": "Param_Angle_Rotation80",
			"Segments": [
				0,
				9.54,
				1,
				0.011,
				9.54,
				0.022,
				9.615,
				0.033,
				9.643,
				1,
				0.133,
				9.897,
				0.233,
				10,
				0.333,
				10,
				1,
				0.833,
				10,
				1.333,
				6.983,
				1.833,
				0,
				1,
				2.333,
				-6.983,
				2.833,
				-11,
				3.333,
				-11,
				1,
				3.833,
				-11,
				4.333,
				-5.426,
				4.833,
				0,
				1,
				5.211,
				4.1,
				5.589,
				7.153,
				5.967,
				9.348
			]
		},
		{
			"Target": "Parameter",
			"Id": "Param_Angle_Rotation82",
			"Segments": [
				0,
				0.13,
				1,
				0.011,
				0.13,
				0.022,
				0.037,
				0.033,
				0,
				1,
				0.633,
				-2.021,
				1.233,
				-3,
				1.833,
				-3,
				1,
				2.333,
				-3,
				2.833,
				-1,
				3.333,
				0,
				1,
				3.833,
				1,
				4.333,
				1,
				4.833,
				1,
				1,
				5.211,
				1,
				5.589,
				0.634,
				5.967,
				0.171
			]
		},
		{
			"Target": "Parameter",
			"Id": "Param_Angle_Rotation83",
			"Segments": [
				0,
				2.33,
				1,
				0.011,
				2.33,
				0.022,
				2.263,
				0.033,
				2.18,
				1,
				0.256,
				0.516,
				0.478,
				-1.089,
				0.7,
				-2.771,
				1,
				1.244,
				-6.891,
				1.789,
				-9,
				2.333,
				-9,
				1,
				2.833,
				-9,
				3.333,
				-3.681,
				3.833,
				0,
				1,
				4.333,
				3.681,
				4.833,
				4,
				5.333,
				4,
				1,
				5.544,
				4,
				5.756,
				3.559,
				5.967,
				2.502
			]
		},
		{
			"Target": "Parameter",
			"Id": "Param_Angle_Rotation84",
			"Segments": [
				0,
				7.72,
				1,
				0.444,
				7.72,
				0.889,
				6.02,
				1.333,
				0,
				1,
				1.833,
				-6.772,
				2.333,
				-12,
				2.833,
				-12,
				1,
				3.333,
				-12,
				3.833,
				-5.768,
				4.333,
				0,
				1,
				4.878,
				6.281,
				5.422,
				7.666,
				5.967,
				7.718
			]
		}
	]
}