{
	"Version": 3,
	"Parameters": [
		{
			"Id": "ParamEff1",
			"GroupId": "ParamGroup",
			"Name": "エフェクト1"
		},
		{
			"Id": "ParamEff2",
			"GroupId": "ParamGroup",
			"Name": "エフェクト2"
		},
		{
			"Id": "ParamEff3",
			"GroupId": "ParamGroup",
			"Name": "エフェクト3"
		},
		{
			"Id": "ParamEff4",
			"GroupId": "ParamGroup",
			"Name": "エフェクト4"
		},
		{
			"Id": "ParamEff5",
			"GroupId": "ParamGroup",
			"Name": "エフェクト5"
		},
		{
			"Id": "ParamEff6",
			"GroupId": "ParamGroup",
			"Name": "エフェクト6"
		},
		{
			"Id": "ParamEff7",
			"GroupId": "ParamGroup",
			"Name": "エフェクト7"
		},
		{
			"Id": "ParamEff8",
			"GroupId": "ParamGroup",
			"Name": "エフェクト8"
		},
		{
			"Id": "ParamEff9",
			"GroupId": "ParamGroup",
			"Name": "エフェクト9"
		},
		{
			"Id": "ParamEff10",
			"GroupId": "ParamGroup",
			"Name": "エフェクト10"
		},
		{
			"Id": "ParamEff11",
			"GroupId": "ParamGroup",
			"Name": "エフェクト11"
		},
		{
			"Id": "ParamEff12",
			"GroupId": "ParamGroup",
			"Name": "エフェクト12"
		},
		{
			"Id": "ParamEff13",
			"GroupId": "ParamGroup",
			"Name": "エフェクト13"
		},
		{
			"Id": "ParamEff14",
			"GroupId": "ParamGroup",
			"Name": "エフェクト14"
		},
		{
			"Id": "ParamEff15",
			"GroupId": "ParamGroup",
			"Name": "エフェクト15"
		},
		{
			"Id": "ParamEff16",
			"GroupId": "ParamGroup",
			"Name": "エフェクト16"
		},
		{
			"Id": "ParamEff17",
			"GroupId": "ParamGroup",
			"Name": "エフェクト17"
		},
		{
			"Id": "ParamEff18",
			"GroupId": "ParamGroup",
			"Name": "エフェクト18"
		},
		{
			"Id": "ParamEff19",
			"GroupId": "ParamGroup",
			"Name": "エフェクト19"
		},
		{
			"Id": "ParamEff20",
			"GroupId": "ParamGroup",
			"Name": "エフェクト20"
		},
		{
			"Id": "ParamEff21",
			"GroupId": "ParamGroup",
			"Name": "エフェクト21"
		},
		{
			"Id": "ParamEff22",
			"GroupId": "ParamGroup",
			"Name": "エフェクト22"
		},
		{
			"Id": "ParamEff23",
			"GroupId": "ParamGroup",
			"Name": "エフェクト23"
		},
		{
			"Id": "ParamEff24",
			"GroupId": "ParamGroup",
			"Name": "エフェクト24"
		},
		{
			"Id": "ParamEff25",
			"GroupId": "ParamGroup",
			"Name": "エフェクト25"
		},
		{
			"Id": "ParamEff26",
			"GroupId": "ParamGroup",
			"Name": "エフェクト26"
		},
		{
			"Id": "ParamEff27",
			"GroupId": "ParamGroup",
			"Name": "エフェクト27"
		},
		{
			"Id": "ParamEff28",
			"GroupId": "ParamGroup",
			"Name": "エフェクト28"
		},
		{
			"Id": "ParamEff29",
			"GroupId": "ParamGroup",
			"Name": "エフェクト29"
		},
		{
			"Id": "ParamEff30",
			"GroupId": "ParamGroup",
			"Name": "エフェクト30"
		},
		{
			"Id": "ParamEff31",
			"GroupId": "ParamGroup",
			"Name": "エフェクト31"
		},
		{
			"Id": "ParamEff32",
			"GroupId": "ParamGroup",
			"Name": "エフェクト32"
		},
		{
			"Id": "ParamEff33",
			"GroupId": "ParamGroup",
			"Name": "エフェクト33"
		},
		{
			"Id": "ParamPachi",
			"GroupId": "ParamGroup2",
			"Name": "目パチ"
		},
		{
			"Id": "ParamLegL1",
			"GroupId": "ParamGroup2",
			"Name": "右太もも"
		},
		{
			"Id": "ParamLegL2",
			"GroupId": "ParamGroup2",
			"Name": "右足"
		},
		{
			"Id": "ParamLegR1",
			"GroupId": "ParamGroup2",
			"Name": "左太もも"
		},
		{
			"Id": "ParamLegR2",
			"GroupId": "ParamGroup2",
			"Name": "左足"
		},
		{
			"Id": "ParamEyeRL",
			"GroupId": "ParamGroup2",
			"Name": "目Hi左右"
		},
		{
			"Id": "ParamEyeUD",
			"GroupId": "ParamGroup2",
			"Name": "目Hi上下"
		},
		{
			"Id": "ParamEyeBS",
			"GroupId": "ParamGroup2",
			"Name": "目Hi大小"
		},
		{
			"Id": "ParamPaiRX",
			"GroupId": "ParamGroup2",
			"Name": "右胸 X"
		},
		{
			"Id": "ParamPaiRY",
			"GroupId": "ParamGroup2",
			"Name": "右胸 Y"
		},
		{
			"Id": "ParamPaiRX2",
			"GroupId": "ParamGroup2",
			"Name": "右胸 X2"
		},
		{
			"Id": "ParamPaiRY2",
			"GroupId": "ParamGroup2",
			"Name": "右胸 Y2"
		},
		{
			"Id": "ParamPaiLX",
			"GroupId": "ParamGroup2",
			"Name": "左胸 X"
		},
		{
			"Id": "ParamPaiLY",
			"GroupId": "ParamGroup2",
			"Name": "左胸 Y"
		},
		{
			"Id": "ParamPaiLX2",
			"GroupId": "ParamGroup2",
			"Name": "左胸 X2"
		},
		{
			"Id": "ParamPaiLY2",
			"GroupId": "ParamGroup2",
			"Name": "左胸 Y2"
		},
		{
			"Id": "ParamBreat",
			"GroupId": "ParamGroup2",
			"Name": "呼吸"
		},
		{
			"Id": "ParamBackHairX",
			"GroupId": "ParamGroup3",
			"Name": "髪後X"
		},
		{
			"Id": "ParamBackHairY",
			"GroupId": "ParamGroup3",
			"Name": "髪後Y"
		},
		{
			"Id": "ParamRibonX",
			"GroupId": "ParamGroup3",
			"Name": "リボンX"
		},
		{
			"Id": "ParamRibonY",
			"GroupId": "ParamGroup3",
			"Name": "リボンY"
		},
		{
			"Id": "Param_Angle_Rotation2",
			"GroupId": "ParamGroup4",
			"Name": "[0]髪細"
		},
		{
			"Id": "Param_Angle_Rotation3",
			"GroupId": "ParamGroup4",
			"Name": "[1]髪細"
		},
		{
			"Id": "Param_Angle_Rotation4",
			"GroupId": "ParamGroup4",
			"Name": "[2]髪細"
		},
		{
			"Id": "Param_Angle_Rotation6",
			"GroupId": "ParamGroup5",
			"Name": "[0]前髪1"
		},
		{
			"Id": "Param_Angle_Rotation7",
			"GroupId": "ParamGroup5",
			"Name": "[1]前髪1"
		},
		{
			"Id": "Param_Angle_Rotation8",
			"GroupId": "ParamGroup5",
			"Name": "[2]前髪1"
		},
		{
			"Id": "Param_Angle_Rotation10",
			"GroupId": "ParamGroup6",
			"Name": "[0]前髪2"
		},
		{
			"Id": "Param_Angle_Rotation11",
			"GroupId": "ParamGroup6",
			"Name": "[1]前髪2"
		},
		{
			"Id": "Param_Angle_Rotation12",
			"GroupId": "ParamGroup6",
			"Name": "[2]前髪2"
		},
		{
			"Id": "Param_Angle_Rotation14",
			"GroupId": "ParamGroup7",
			"Name": "[0]前髪3"
		},
		{
			"Id": "Param_Angle_Rotation15",
			"GroupId": "ParamGroup7",
			"Name": "[1]前髪3"
		},
		{
			"Id": "Param_Angle_Rotation16",
			"GroupId": "ParamGroup7",
			"Name": "[2]前髪3"
		},
		{
			"Id": "Param_Angle_Rotation18",
			"GroupId": "ParamGroup8",
			"Name": "[0]前髪4"
		},
		{
			"Id": "Param_Angle_Rotation19",
			"GroupId": "ParamGroup8",
			"Name": "[1]前髪4"
		},
		{
			"Id": "Param_Angle_Rotation20",
			"GroupId": "ParamGroup8",
			"Name": "[2]前髪4"
		},
		{
			"Id": "Param_Angle_Rotation21",
			"GroupId": "ParamGroup8",
			"Name": "[3]前髪4"
		},
		{
			"Id": "Param_Angle_Rotation22",
			"GroupId": "ParamGroup8",
			"Name": "[4]前髪4"
		},
		{
			"Id": "Param_Angle_Rotation23",
			"GroupId": "ParamGroup8",
			"Name": "[5]前髪4"
		},
		{
			"Id": "Param_Angle_Rotation25",
			"GroupId": "ParamGroup9",
			"Name": "[0]前髪5"
		},
		{
			"Id": "Param_Angle_Rotation26",
			"GroupId": "ParamGroup9",
			"Name": "[1]前髪5"
		},
		{
			"Id": "Param_Angle_Rotation28",
			"GroupId": "ParamGroup10",
			"Name": "[0]前髪6"
		},
		{
			"Id": "Param_Angle_Rotation29",
			"GroupId": "ParamGroup10",
			"Name": "[1]前髪6"
		},
		{
			"Id": "Param_Angle_Rotation30",
			"GroupId": "ParamGroup10",
			"Name": "[2]前髪6"
		},
		{
			"Id": "Param_Angle_Rotation32",
			"GroupId": "ParamGroup11",
			"Name": "[0]前髪7"
		},
		{
			"Id": "Param_Angle_Rotation33",
			"GroupId": "ParamGroup11",
			"Name": "[1]前髪7"
		},
		{
			"Id": "Param_Angle_Rotation34",
			"GroupId": "ParamGroup11",
			"Name": "[2]前髪7"
		},
		{
			"Id": "Param_Angle_Rotation36",
			"GroupId": "ParamGroup12",
			"Name": "[0]前髪8"
		},
		{
			"Id": "Param_Angle_Rotation37",
			"GroupId": "ParamGroup12",
			"Name": "[1]前髪8"
		},
		{
			"Id": "Param_Angle_Rotation38",
			"GroupId": "ParamGroup12",
			"Name": "[2]前髪8"
		},
		{
			"Id": "Param_Angle_Rotation40",
			"GroupId": "ParamGroup13",
			"Name": "[0]もみあげ左小"
		},
		{
			"Id": "Param_Angle_Rotation41",
			"GroupId": "ParamGroup13",
			"Name": "[1]もみあげ左小"
		},
		{
			"Id": "Param_Angle_Rotation43",
			"GroupId": "ParamGroup14",
			"Name": "[0]もみあげ右大"
		},
		{
			"Id": "Param_Angle_Rotation44",
			"GroupId": "ParamGroup14",
			"Name": "[1]もみあげ右大"
		},
		{
			"Id": "Param_Angle_Rotation45",
			"GroupId": "ParamGroup14",
			"Name": "[2]もみあげ右大"
		},
		{
			"Id": "Param_Angle_Rotation46",
			"GroupId": "ParamGroup14",
			"Name": "[3]もみあげ右大"
		},
		{
			"Id": "Param_Angle_Rotation47",
			"GroupId": "ParamGroup14",
			"Name": "[4]もみあげ右大"
		},
		{
			"Id": "Param_Angle_Rotation48",
			"GroupId": "ParamGroup14",
			"Name": "[5]もみあげ右大"
		},
		{
			"Id": "Param_Angle_Rotation49",
			"GroupId": "ParamGroup14",
			"Name": "[6]もみあげ右大"
		},
		{
			"Id": "Param_Angle_Rotation51",
			"GroupId": "ParamGroup15",
			"Name": "[0]もみあげ右小"
		},
		{
			"Id": "Param_Angle_Rotation52",
			"GroupId": "ParamGroup15",
			"Name": "[1]もみあげ右小"
		},
		{
			"Id": "Param_Angle_Rotation53",
			"GroupId": "ParamGroup15",
			"Name": "[2]もみあげ右小"
		},
		{
			"Id": "Param_Angle_Rotation73",
			"GroupId": "ParamGroup22",
			"Name": "[0]もみあげ左大"
		},
		{
			"Id": "Param_Angle_Rotation74",
			"GroupId": "ParamGroup22",
			"Name": "[1]もみあげ左大"
		},
		{
			"Id": "Param_Angle_Rotation75",
			"GroupId": "ParamGroup22",
			"Name": "[2]もみあげ左大"
		},
		{
			"Id": "Param_Angle_Rotation77",
			"GroupId": "ParamGroup23",
			"Name": "[0]もみ3"
		},
		{
			"Id": "Param_Angle_Rotation78",
			"GroupId": "ParamGroup23",
			"Name": "[1]もみ3"
		},
		{
			"Id": "Param_Angle_Rotation79",
			"GroupId": "ParamGroup23",
			"Name": "[2]もみ3"
		},
		{
			"Id": "Param_Angle_Rotation80",
			"GroupId": "ParamGroup23",
			"Name": "[3]もみ3"
		},
		{
			"Id": "Param_Angle_Rotation82",
			"GroupId": "ParamGroup24",
			"Name": "[0]もみ4"
		},
		{
			"Id": "Param_Angle_Rotation83",
			"GroupId": "ParamGroup24",
			"Name": "[1]もみ4"
		},
		{
			"Id": "Param_Angle_Rotation84",
			"GroupId": "ParamGroup24",
			"Name": "[2]もみ4"
		}
	],
	"ParameterGroups": [
		{
			"Id": "ParamGroup",
			"GroupId": "",
			"Name": "エフェクト"
		},
		{
			"Id": "ParamGroup2",
			"GroupId": "",
			"Name": "URアニメーション"
		},
		{
			"Id": "ParamGroup3",
			"GroupId": "",
			"Name": "追加"
		},
		{
			"Id": "ParamGroup4",
			"GroupId": "",
			"Name": "髪細"
		},
		{
			"Id": "ParamGroup5",
			"GroupId": "",
			"Name": "前髪1"
		},
		{
			"Id": "ParamGroup6",
			"GroupId": "",
			"Name": "前髪2"
		},
		{
			"Id": "ParamGroup7",
			"GroupId": "",
			"Name": "前髪3"
		},
		{
			"Id": "ParamGroup8",
			"GroupId": "",
			"Name": "前髪4"
		},
		{
			"Id": "ParamGroup9",
			"GroupId": "",
			"Name": "前髪5"
		},
		{
			"Id": "ParamGroup10",
			"GroupId": "",
			"Name": "前髪6"
		},
		{
			"Id": "ParamGroup11",
			"GroupId": "",
			"Name": "前髪7"
		},
		{
			"Id": "ParamGroup12",
			"GroupId": "",
			"Name": "前髪8"
		},
		{
			"Id": "ParamGroup13",
			"GroupId": "",
			"Name": "もみあげ左小"
		},
		{
			"Id": "ParamGroup14",
			"GroupId": "",
			"Name": "もみあげ右大"
		},
		{
			"Id": "ParamGroup15",
			"GroupId": "",
			"Name": "もみあげ右小"
		},
		{
			"Id": "ParamGroup22",
			"GroupId": "",
			"Name": "もみあげ左大"
		},
		{
			"Id": "ParamGroup23",
			"GroupId": "",
			"Name": "もみ3"
		},
		{
			"Id": "ParamGroup24",
			"GroupId": "",
			"Name": "もみ4"
		}
	],
	"Parts": [
		{
			"Id": "Part24",
			"Name": "1920x1440.psd"
		},
		{
			"Id": "Part",
			"Name": "キャラ上"
		},
		{
			"Id": "Part19",
			"Name": "頭"
		},
		{
			"Id": "Part20",
			"Name": "胸"
		},
		{
			"Id": "Part21",
			"Name": "背景"
		},
		{
			"Id": "Part2",
			"Name": "粒子"
		},
		{
			"Id": "Part9",
			"Name": "キラキラ大"
		},
		{
			"Id": "Part10",
			"Name": "キラキラ"
		},
		{
			"Id": "Part17",
			"Name": "花びら"
		},
		{
			"Id": "Part18",
			"Name": "水"
		},
		{
			"Id": "ArtMesh114_Skinning",
			"Name": "髪細(スキニング)"
		},
		{
			"Id": "ArtMesh115_Skinning",
			"Name": "前髪1(スキニング)"
		},
		{
			"Id": "ArtMesh116_Skinning",
			"Name": "前髪2(スキニング)"
		},
		{
			"Id": "ArtMesh117_Skinning",
			"Name": "前髪3(スキニング)"
		},
		{
			"Id": "ArtMesh118_Skinning",
			"Name": "前髪4(スキニング)"
		},
		{
			"Id": "ArtMesh119_Skinning",
			"Name": "前髪5(スキニング)"
		},
		{
			"Id": "ArtMesh120_Skinning",
			"Name": "前髪6(スキニング)"
		},
		{
			"Id": "ArtMesh121_Skinning",
			"Name": "前髪7(スキニング)"
		},
		{
			"Id": "ArtMesh122_Skinning",
			"Name": "前髪8(スキニング)"
		},
		{
			"Id": "ArtMesh123_Skinning",
			"Name": "もみあげ左小(スキニング)"
		},
		{
			"Id": "ArtMesh124_Skinning",
			"Name": "もみあげ右大(スキニング)"
		},
		{
			"Id": "ArtMesh125_Skinning",
			"Name": "もみあげ右小(スキニング)"
		},
		{
			"Id": "ArtMesh131_Skinning",
			"Name": "髪影1(スキニング)"
		},
		{
			"Id": "ArtMesh132_Skinning",
			"Name": "髪影2(スキニング)"
		},
		{
			"Id": "ArtMesh133_Skinning",
			"Name": "髪影3(スキニング)"
		},
		{
			"Id": "ArtMesh134_Skinning",
			"Name": "髪影4(スキニング)"
		},
		{
			"Id": "ArtMesh135_Skinning",
			"Name": "髪影5(スキニング)"
		},
		{
			"Id": "ArtMesh136_Skinning",
			"Name": "髪影6(スキニング)"
		},
		{
			"Id": "ArtMesh138_Skinning",
			"Name": "もみあげ左大(スキニング)"
		},
		{
			"Id": "ArtMesh143_Skinning",
			"Name": "もみ3(スキニング)"
		},
		{
			"Id": "ArtMesh144_Skinning",
			"Name": "もみ4(スキニング)"
		},
		{
			"Id": "Part22",
			"Name": "おーばーれい"
		},
		{
			"Id": "Part23",
			"Name": "はーどらいと"
		},
		{
			"Id": "Part3",
			"Name": "グループ 1"
		},
		{
			"Id": "Part4",
			"Name": "グループ 2"
		},
		{
			"Id": "Part5",
			"Name": "グループ 3"
		},
		{
			"Id": "Part6",
			"Name": "グループ 4"
		},
		{
			"Id": "Part7",
			"Name": "グループ 5"
		},
		{
			"Id": "Part8",
			"Name": "グループ 6"
		},
		{
			"Id": "Part11",
			"Name": "グループ 10"
		},
		{
			"Id": "Part12",
			"Name": "グループ 9"
		},
		{
			"Id": "Part13",
			"Name": "グループ 13"
		},
		{
			"Id": "Part14",
			"Name": "グループ 14"
		},
		{
			"Id": "Part15",
			"Name": "グループ 12"
		},
		{
			"Id": "Part16",
			"Name": "グループ 11"
		}
	],
	"CombinedParameters": [
		[
			"ParamEyeRL",
			"ParamEyeUD"
		],
		[
			"ParamPaiRX",
			"ParamPaiRY"
		],
		[
			"ParamPaiRX2",
			"ParamPaiRY2"
		],
		[
			"ParamPaiLX",
			"ParamPaiLY"
		],
		[
			"ParamPaiLX2",
			"ParamPaiLY2"
		],
		[
			"ParamBackHairX",
			"ParamBackHairY"
		],
		[
			"ParamRibonX",
			"ParamRibonY"
		]
	]
}