{
	"Version": 3,
	"Meta": {
		"Duration": 6,
		"Fps": 30.0,
		"Loop": true,
		"AreBeziersRestricted": false,
		"CurveCount": 112,
		"TotalSegmentCount": 897,
		"TotalPointCount": 2801,
		"UserDataCount": 0,
		"TotalUserDataSize": 0
	},
	"Curves": [
		{
			"Target": "Parameter",
			"Id": "ParamEff1",
			"Segments": [
				0,
				1,
				1,
				0.2,
				1,
				0.4,
				1,
				0.6,
				1,
				1,
				0.633,
				1,
				0.667,
				0.5,
				0.7,
				0.5,
				1,
				0.733,
				0.5,
				0.767,
				1,
				0.8,
				1,
				1,
				1.378,
				1,
				1.956,
				1,
				2.533,
				1,
				1,
				2.567,
				1,
				2.6,
				0.5,
				2.633,
				0.5,
				1,
				2.678,
				0.5,
				2.722,
				1,
				2.767,
				1,
				1,
				3.5,
				1,
				4.233,
				1,
				4.967,
				1,
				1,
				5,
				1,
				5.033,
				0.5,
				5.067,
				0.5,
				1,
				5.111,
				0.5,
				5.156,
				1,
				5.2,
				1,
				1,
				5.467,
				1,
				5.733,
				1,
				6,
				1
			]
		},
		{
			"Target": "Parameter",
			"Id": "ParamEff2",
			"Segments": [
				0,
				0.6,
				1,
				0.033,
				0.6,
				0.067,
				1,
				0.1,
				1,
				1,
				0.6,
				1,
				1.1,
				1,
				1.6,
				1,
				1,
				1.633,
				1,
				1.667,
				0.5,
				1.7,
				0.5,
				1,
				1.733,
				0.5,
				1.767,
				1,
				1.8,
				1,
				1,
				2.267,
				1,
				2.733,
				1,
				3.2,
				1,
				1,
				3.233,
				1,
				3.267,
				0.5,
				3.3,
				0.5,
				1,
				3.333,
				0.5,
				3.367,
				1,
				3.4,
				1,
				1,
				3.444,
				1,
				3.489,
				1,
				3.533,
				1,
				1,
				3.567,
				1,
				3.6,
				0.5,
				3.633,
				0.5,
				1,
				3.667,
				0.5,
				3.7,
				1,
				3.733,
				1,
				1,
				4.444,
				1,
				5.156,
				1,
				5.867,
				1,
				1,
				5.911,
				1,
				5.956,
				0.6,
				6,
				0.6
			]
		},
		{
			"Target": "Parameter",
			"Id": "ParamEff3",
			"Segments": [
				0,
				1,
				1,
				0.656,
				1,
				1.311,
				1,
				1.967,
				1,
				1,
				2,
				1,
				2.033,
				0.5,
				2.067,
				0.5,
				1,
				2.1,
				0.5,
				2.133,
				1,
				2.167,
				1,
				1,
				2.211,
				1,
				2.256,
				1,
				2.3,
				1,
				1,
				2.333,
				1,
				2.367,
				0.5,
				2.4,
				0.5,
				1,
				2.433,
				0.5,
				2.467,
				1,
				2.5,
				1,
				1,
				2.922,
				1,
				3.344,
				1,
				3.767,
				1,
				1,
				3.8,
				1,
				3.833,
				0.5,
				3.867,
				0.5,
				1,
				3.9,
				0.5,
				3.933,
				1,
				3.967,
				1,
				1,
				4.644,
				1,
				5.322,
				1,
				6,
				1
			]
		},
		{
			"Target": "Parameter",
			"Id": "ParamEff4",
			"Segments": [
				0,
				1,
				1,
				0.189,
				1,
				0.378,
				1,
				0.567,
				1,
				1,
				0.6,
				1,
				0.633,
				0.5,
				0.667,
				0.5,
				1,
				0.7,
				0.5,
				0.733,
				1,
				0.767,
				1,
				1,
				0.944,
				1,
				1.122,
				0.9,
				1.3,
				0.9,
				1,
				1.667,
				0.9,
				2.033,
				1,
				2.4,
				1,
				1,
				2.433,
				1,
				2.467,
				0.5,
				2.5,
				0.5,
				1,
				2.533,
				0.5,
				2.567,
				1,
				2.6,
				1,
				1,
				3,
				1,
				3.4,
				0.8,
				3.8,
				0.8,
				1,
				4.2,
				0.8,
				4.6,
				1,
				5,
				1,
				1,
				5.033,
				1,
				5.067,
				0.5,
				5.1,
				0.5,
				1,
				5.133,
				0.5,
				5.167,
				1,
				5.2,
				1,
				1,
				5.467,
				1,
				5.733,
				1,
				6,
				1
			]
		},
		{
			"Target": "Parameter",
			"Id": "ParamEff5",
			"Segments": [
				0,
				1,
				1,
				0.078,
				1,
				0.156,
				1,
				0.233,
				1,
				1,
				0.267,
				1,
				0.3,
				0.5,
				0.333,
				0.5,
				1,
				0.367,
				0.5,
				0.4,
				1,
				0.433,
				1,
				1,
				1.244,
				1,
				2.056,
				0.7,
				2.867,
				0.7,
				1,
				3.911,
				0.7,
				4.956,
				1,
				6,
				1
			]
		},
		{
			"Target": "Parameter",
			"Id": "ParamEff6",
			"Segments": [
				0,
				0.6,
				1,
				0.033,
				0.6,
				0.067,
				1,
				0.1,
				1,
				1,
				0.867,
				1,
				1.633,
				0.8,
				2.4,
				0.8,
				1,
				3.133,
				0.8,
				3.867,
				1,
				4.6,
				1,
				1,
				4.633,
				1,
				4.667,
				0.5,
				4.7,
				0.5,
				1,
				4.733,
				0.5,
				4.767,
				1,
				4.8,
				1,
				1,
				4.878,
				1,
				4.956,
				1,
				5.033,
				1,
				1,
				5.067,
				1,
				5.1,
				0.5,
				5.133,
				0.5,
				1,
				5.167,
				0.5,
				5.2,
				1,
				5.233,
				1,
				1,
				5.289,
				1,
				5.344,
				1,
				5.4,
				1,
				1,
				5.433,
				1,
				5.467,
				0.5,
				5.5,
				0.5,
				1,
				5.533,
				0.5,
				5.567,
				1,
				5.6,
				1,
				1,
				5.678,
				1,
				5.756,
				1,
				5.833,
				1,
				1,
				5.889,
				1,
				5.944,
				0.6,
				6,
				0.6
			]
		},
		{
			"Target": "Parameter",
			"Id": "ParamEff7",
			"Segments": [
				0,
				1,
				1,
				0.256,
				1,
				0.511,
				1,
				0.767,
				1,
				1,
				0.8,
				1,
				0.833,
				0.6,
				0.867,
				0.6,
				1,
				0.9,
				0.6,
				0.933,
				1,
				0.967,
				1,
				1,
				1.133,
				1,
				1.3,
				1,
				1.467,
				1,
				1,
				1.5,
				1,
				1.533,
				0.6,
				1.567,
				0.6,
				1,
				1.6,
				0.6,
				1.633,
				1,
				1.667,
				1,
				1,
				2.089,
				1,
				2.511,
				0.9,
				2.933,
				0.9,
				1,
				3.311,
				0.9,
				3.689,
				1,
				4.067,
				1,
				1,
				4.1,
				1,
				4.133,
				0.6,
				4.167,
				0.6,
				1,
				4.2,
				0.6,
				4.233,
				1,
				4.267,
				1,
				1,
				4.578,
				1,
				4.889,
				1,
				5.2,
				1,
				1,
				5.467,
				1,
				5.733,
				1,
				6,
				1
			]
		},
		{
			"Target": "Parameter",
			"Id": "ParamEff8",
			"Segments": [
				0,
				1,
				1,
				0.111,
				1,
				0.222,
				1,
				0.333,
				1,
				1,
				0.367,
				1,
				0.4,
				0.6,
				0.433,
				0.6,
				1,
				0.467,
				0.6,
				0.5,
				1,
				0.533,
				1,
				1,
				1,
				1,
				1.467,
				0.9,
				1.933,
				0.9,
				1,
				2.311,
				0.9,
				2.689,
				1,
				3.067,
				1,
				1,
				3.1,
				1,
				3.133,
				0.6,
				3.167,
				0.6,
				1,
				3.2,
				0.6,
				3.233,
				1,
				3.267,
				1,
				1,
				3.322,
				1,
				3.378,
				1,
				3.433,
				1,
				1,
				3.467,
				1,
				3.5,
				0.6,
				3.533,
				0.6,
				1,
				3.567,
				0.6,
				3.6,
				1,
				3.633,
				1,
				1,
				3.7,
				1,
				3.767,
				1,
				3.833,
				1,
				1,
				3.867,
				1,
				3.9,
				0.7,
				3.933,
				0.7,
				1,
				3.967,
				0.7,
				4,
				1,
				4.033,
				1,
				1,
				4.367,
				1,
				4.7,
				0.9,
				5.033,
				0.9,
				1,
				5.356,
				0.9,
				5.678,
				1,
				6,
				1
			]
		},
		{
			"Target": "Parameter",
			"Id": "ParamEff9",
			"Segments": [
				0,
				0.8,
				1,
				0.289,
				0.8,
				0.578,
				1,
				0.867,
				1,
				1,
				0.9,
				1,
				0.933,
				0.6,
				0.967,
				0.6,
				1,
				1,
				0.6,
				1.033,
				1,
				1.067,
				1,
				1,
				1.3,
				1,
				1.533,
				1,
				1.767,
				1,
				1,
				1.8,
				1,
				1.833,
				0.6,
				1.867,
				0.6,
				1,
				1.9,
				0.6,
				1.933,
				1,
				1.967,
				1,
				1,
				2.4,
				1,
				2.833,
				1,
				3.267,
				1,
				1,
				3.3,
				1,
				3.333,
				0.6,
				3.367,
				0.6,
				1,
				3.4,
				0.6,
				3.433,
				1,
				3.467,
				1,
				1,
				4.311,
				1,
				5.156,
				0.8,
				6,
				0.8
			]
		},
		{
			"Target": "Parameter",
			"Id": "ParamEff10",
			"Segments": [
				0,
				1,
				1,
				0.5,
				1,
				1,
				1,
				1.5,
				1,
				1,
				1.533,
				1,
				1.567,
				0.6,
				1.6,
				0.6,
				1,
				1.633,
				0.6,
				1.667,
				1,
				1.7,
				1,
				1,
				1.822,
				1,
				1.944,
				1,
				2.067,
				1,
				1,
				2.1,
				1,
				2.133,
				0.6,
				2.167,
				0.6,
				1,
				2.2,
				0.6,
				2.233,
				1,
				2.267,
				1,
				1,
				2.711,
				1,
				3.156,
				0.9,
				3.6,
				0.9,
				1,
				4.211,
				0.9,
				4.822,
				1,
				5.433,
				1,
				1,
				5.467,
				1,
				5.5,
				0.6,
				5.533,
				0.6,
				1,
				5.567,
				0.6,
				5.6,
				1,
				5.633,
				1,
				1,
				5.756,
				1,
				5.878,
				1,
				6,
				1
			]
		},
		{
			"Target": "Parameter",
			"Id": "ParamEff11",
			"Segments": [
				0,
				1,
				1,
				0.222,
				1,
				0.444,
				1,
				0.667,
				1,
				1,
				0.7,
				1,
				0.733,
				0.6,
				0.767,
				0.6,
				1,
				0.8,
				0.6,
				0.833,
				1,
				0.867,
				1,
				1,
				1.144,
				1,
				1.422,
				0.9,
				1.7,
				0.9,
				1,
				2.056,
				0.9,
				2.411,
				1,
				2.767,
				1,
				1,
				2.8,
				1,
				2.833,
				0.6,
				2.867,
				0.6,
				1,
				2.9,
				0.6,
				2.933,
				1,
				2.967,
				1,
				1,
				3.267,
				1,
				3.567,
				0.8,
				3.867,
				0.8,
				1,
				4.067,
				0.8,
				4.267,
				1,
				4.467,
				1,
				1,
				4.5,
				1,
				4.533,
				0.6,
				4.567,
				0.6,
				1,
				4.6,
				0.6,
				4.633,
				1,
				4.667,
				1,
				1,
				5.111,
				1,
				5.556,
				1,
				6,
				1
			]
		},
		{
			"Target": "Parameter",
			"Id": "ParamEff12",
			"Segments": [
				0,
				0.9,
				1,
				0.044,
				0.9,
				0.089,
				1,
				0.133,
				1,
				1,
				0.733,
				1,
				1.333,
				0.9,
				1.933,
				0.9,
				1,
				2.567,
				0.9,
				3.2,
				1,
				3.833,
				1,
				1,
				3.867,
				1,
				3.9,
				0.9,
				3.933,
				0.9,
				1,
				3.967,
				0.9,
				4,
				1,
				4.033,
				1,
				1,
				4.444,
				1,
				4.856,
				1,
				5.267,
				1,
				1,
				5.3,
				1,
				5.333,
				0.9,
				5.367,
				0.9,
				1,
				5.4,
				0.9,
				5.433,
				1,
				5.467,
				1,
				1,
				5.611,
				1,
				5.756,
				1,
				5.9,
				1,
				1,
				5.933,
				1,
				5.967,
				0.8,
				6,
				0.8
			]
		},
		{
			"Target": "Parameter",
			"Id": "ParamEff13",
			"Segments": [
				0,
				1,
				1,
				0.111,
				1,
				0.222,
				1,
				0.333,
				1,
				1,
				0.367,
				1,
				0.4,
				0.9,
				0.433,
				0.9,
				1,
				0.467,
				0.9,
				0.5,
				1,
				0.533,
				1,
				1,
				0.856,
				1,
				1.178,
				0.9,
				1.5,
				0.9,
				1,
				1.844,
				0.9,
				2.189,
				1,
				2.533,
				1,
				1,
				2.567,
				1,
				2.6,
				0.9,
				2.633,
				0.9,
				1,
				2.667,
				0.9,
				2.7,
				1,
				2.733,
				1,
				1,
				3.278,
				1,
				3.822,
				1,
				4.367,
				1,
				1,
				4.4,
				1,
				4.433,
				0.9,
				4.467,
				0.9,
				1,
				4.5,
				0.9,
				4.533,
				1,
				4.567,
				1,
				1,
				5.044,
				1,
				5.522,
				1,
				6,
				1
			]
		},
		{
			"Target": "Parameter",
			"Id": "ParamEff14",
			"Segments": [
				0,
				1,
				1,
				0.189,
				1,
				0.378,
				1,
				0.567,
				1,
				1,
				0.6,
				1,
				0.633,
				0.9,
				0.667,
				0.9,
				1,
				0.7,
				0.9,
				0.733,
				1,
				0.767,
				1,
				1,
				1.1,
				1,
				1.433,
				1,
				1.767,
				1,
				1,
				1.8,
				1,
				1.833,
				0.8,
				1.867,
				0.8,
				1,
				1.9,
				0.8,
				1.933,
				1,
				1.967,
				1,
				1,
				2.267,
				1,
				2.567,
				0.9,
				2.867,
				0.9,
				1,
				3.133,
				0.9,
				3.4,
				1,
				3.667,
				1,
				1,
				3.7,
				1,
				3.733,
				0.8,
				3.767,
				0.8,
				1,
				3.8,
				0.8,
				3.833,
				1,
				3.867,
				1,
				1,
				4.122,
				1,
				4.378,
				0.9,
				4.633,
				0.9,
				1,
				4.878,
				0.9,
				5.122,
				1,
				5.367,
				1,
				1,
				5.4,
				1,
				5.433,
				0.8,
				5.467,
				0.8,
				1,
				5.5,
				0.8,
				5.533,
				1,
				5.567,
				1,
				1,
				5.711,
				1,
				5.856,
				1,
				6,
				1
			]
		},
		{
			"Target": "Parameter",
			"Id": "ParamEff15",
			"Segments": [
				0,
				0.7,
				1,
				0.478,
				0.7,
				0.956,
				1,
				1.433,
				1,
				1,
				1.467,
				1,
				1.5,
				0.6,
				1.533,
				0.6,
				1,
				1.567,
				0.6,
				1.6,
				1,
				1.633,
				1,
				1,
				2.133,
				1,
				2.633,
				1,
				3.133,
				1,
				1,
				3.167,
				1,
				3.2,
				0.6,
				3.233,
				0.6,
				1,
				3.267,
				0.6,
				3.3,
				1,
				3.333,
				1,
				1,
				3.411,
				1,
				3.489,
				1,
				3.567,
				1,
				1,
				3.6,
				1,
				3.633,
				0.909,
				3.667,
				0.6,
				1,
				3.678,
				0.497,
				3.689,
				0.3,
				3.7,
				0.3,
				1,
				3.722,
				0.3,
				3.744,
				0.792,
				3.767,
				0.8,
				1,
				4.167,
				0.941,
				4.567,
				1,
				4.967,
				1,
				1,
				5,
				1,
				5.033,
				0.6,
				5.067,
				0.6,
				1,
				5.1,
				0.6,
				5.133,
				1,
				5.167,
				1,
				1,
				5.444,
				1,
				5.722,
				0.7,
				6,
				0.7
			]
		},
		{
			"Target": "Parameter",
			"Id": "ParamEff16",
			"Segments": [
				0,
				1,
				1,
				0.456,
				1,
				0.911,
				1.004,
				1.367,
				0.9,
				1,
				2.144,
				0.722,
				2.922,
				0.5,
				3.7,
				0.5,
				1,
				4.467,
				0.5,
				5.233,
				1,
				6,
				1
			]
		},
		{
			"Target": "Parameter",
			"Id": "ParamEff17",
			"Segments": [
				0,
				0.4,
				1,
				1.056,
				0.4,
				2.111,
				0.5,
				3.167,
				0.5,
				1,
				3.822,
				0.5,
				4.478,
				0.262,
				5.133,
				0.262,
				1,
				5.422,
				0.262,
				5.711,
				0.4,
				6,
				0.4
			]
		},
		{
			"Target": "Parameter",
			"Id": "ParamEff18",
			"Segments": [
				0,
				1,
				1,
				0.4,
				1,
				0.8,
				0.89,
				1.2,
				0.89,
				1,
				1.811,
				0.89,
				2.422,
				1,
				3.033,
				1,
				1,
				3.744,
				1,
				4.456,
				0.943,
				5.167,
				0.943,
				1,
				5.444,
				0.943,
				5.722,
				1,
				6,
				1
			]
		},
		{
			"Target": "Parameter",
			"Id": "ParamEff19",
			"Segments": [
				0,
				0.6,
				1,
				0.833,
				0.6,
				1.667,
				0,
				2.5,
				0,
				1,
				3.278,
				0,
				4.056,
				0.133,
				4.833,
				0.4,
				1,
				5.222,
				0.533,
				5.611,
				0.6,
				6,
				0.6
			]
		},
		{
			"Target": "Parameter",
			"Id": "ParamEff20",
			"Segments": [
				0,
				0.6,
				1,
				0.511,
				0.6,
				1.022,
				0.536,
				1.533,
				0.536,
				1,
				2.289,
				0.536,
				3.044,
				0.861,
				3.8,
				0.861,
				1,
				4.533,
				0.861,
				5.267,
				0.6,
				6,
				0.6
			]
		},
		{
			"Target": "Parameter",
			"Id": "ParamEff21",
			"Segments": [
				0,
				1,
				1,
				0.589,
				1,
				1.178,
				0.817,
				1.767,
				0.493,
				1,
				2.144,
				0.285,
				2.522,
				0.2,
				2.9,
				0.2,
				1,
				3.933,
				0.2,
				4.967,
				1,
				6,
				1
			]
		},
		{
			"Target": "Parameter",
			"Id": "ParamEff22",
			"Segments": [
				0,
				0.9,
				1,
				0.633,
				0.9,
				1.267,
				1,
				1.9,
				1,
				1,
				2.7,
				1,
				3.5,
				0.4,
				4.3,
				0.4,
				1,
				4.867,
				0.4,
				5.433,
				0.9,
				6,
				0.9
			]
		},
		{
			"Target": "Parameter",
			"Id": "ParamEff23",
			"Segments": [
				0,
				0.7,
				1,
				0.422,
				0.7,
				0.844,
				0.622,
				1.267,
				0.622,
				1,
				2.022,
				0.622,
				2.778,
				0.772,
				3.533,
				0.772,
				1,
				4.356,
				0.772,
				5.178,
				0.7,
				6,
				0.7
			]
		},
		{
			"Target": "Parameter",
			"Id": "ParamEff24",
			"Segments": [
				0,
				0.8,
				1,
				0.656,
				0.8,
				1.311,
				0.2,
				1.967,
				0.2,
				1,
				2.744,
				0.2,
				3.522,
				1,
				4.3,
				1,
				1,
				4.867,
				1,
				5.433,
				0.8,
				6,
				0.8
			]
		},
		{
			"Target": "Parameter",
			"Id": "ParamEff25",
			"Segments": [
				0,
				0.6,
				1,
				0.967,
				0.6,
				1.933,
				0.813,
				2.9,
				0.813,
				1,
				3.589,
				0.813,
				4.278,
				0.458,
				4.967,
				0.458,
				1,
				5.311,
				0.458,
				5.656,
				0.6,
				6,
				0.6
			]
		},
		{
			"Target": "Parameter",
			"Id": "ParamEff26",
			"Segments": [
				0,
				1,
				1,
				0.456,
				1,
				0.911,
				0.892,
				1.367,
				0.8,
				1,
				2.144,
				0.643,
				2.922,
				0.6,
				3.7,
				0.6,
				1,
				4.467,
				0.6,
				5.233,
				1,
				6,
				1
			]
		},
		{
			"Target": "Parameter",
			"Id": "ParamEff27",
			"Segments": [
				0,
				0.7,
				1,
				0.278,
				0.7,
				0.556,
				0.8,
				0.833,
				0.8,
				1,
				1.767,
				0.8,
				2.7,
				0.245,
				3.633,
				0.245,
				1,
				4.422,
				0.245,
				5.211,
				0.7,
				6,
				0.7
			]
		},
		{
			"Target": "Parameter",
			"Id": "ParamEff28",
			"Segments": [
				0,
				1,
				1,
				0.767,
				1,
				1.533,
				0.933,
				2.3,
				0.8,
				1,
				2.956,
				0.686,
				3.611,
				0.629,
				4.267,
				0.629,
				1,
				4.844,
				0.629,
				5.422,
				1,
				6,
				1
			]
		},
		{
			"Target": "Parameter",
			"Id": "ParamEff29",
			"Segments": [
				0,
				0.8,
				1,
				0.622,
				0.8,
				1.244,
				0.57,
				1.867,
				0.57,
				1,
				2.811,
				0.57,
				3.756,
				0.949,
				4.7,
				0.949,
				1,
				5.133,
				0.949,
				5.567,
				0.8,
				6,
				0.8
			]
		},
		{
			"Target": "Parameter",
			"Id": "ParamEff30",
			"Segments": [
				0,
				0.3,
				1,
				0.422,
				0.3,
				0.844,
				0.13,
				1.267,
				0.13,
				1,
				1.989,
				0.13,
				2.711,
				0.826,
				3.433,
				0.826,
				1,
				4.289,
				0.826,
				5.144,
				0.3,
				6,
				0.3
			]
		},
		{
			"Target": "Parameter",
			"Id": "ParamEff31",
			"Segments": [
				0,
				0.6,
				1,
				0.456,
				0.6,
				0.911,
				0.4,
				1.367,
				0.4,
				1,
				2.233,
				0.4,
				3.1,
				0.652,
				3.967,
				0.652,
				0,
				6,
				0.652
			]
		},
		{
			"Target": "Parameter",
			"Id": "ParamPachi",
			"Segments": [
				0,
				1,
				1,
				0.989,
				1,
				1.978,
				1,
				2.967,
				1,
				1,
				3.011,
				1,
				3.056,
				0,
				3.1,
				0,
				1,
				3.122,
				0,
				3.144,
				0,
				3.167,
				0,
				1,
				3.211,
				0,
				3.256,
				1,
				3.3,
				1,
				1,
				4.2,
				1,
				5.1,
				1,
				6,
				1
			]
		},
		{
			"Target": "Parameter",
			"Id": "ParamLegL1",
			"Segments": [
				0,
				0,
				1,
				0.011,
				0,
				0.022,
				0.221,
				0.033,
				0.302,
				1,
				0.378,
				2.814,
				0.722,
				4,
				1.067,
				4,
				1,
				1.567,
				4,
				2.067,
				2.667,
				2.567,
				0,
				1,
				3.067,
				-2.667,
				3.567,
				-4,
				4.067,
				-4,
				1,
				4.7,
				-4,
				5.333,
				-2.853,
				5.967,
				-0.453,
				1,
				5.978,
				-0.411,
				5.989,
				0,
				6,
				0
			]
		},
		{
			"Target": "Parameter",
			"Id": "ParamLegL2",
			"Segments": [
				0,
				0,
				1,
				0.011,
				0,
				0.022,
				0.233,
				0.033,
				0.302,
				1,
				0.433,
				2.811,
				0.833,
				4,
				1.233,
				4,
				1,
				1.733,
				4,
				2.233,
				2.667,
				2.733,
				0,
				1,
				3.233,
				-2.667,
				3.733,
				-4,
				4.233,
				-4,
				1,
				4.811,
				-4,
				5.389,
				-2.855,
				5.967,
				-0.453,
				1,
				5.978,
				-0.407,
				5.989,
				0,
				6,
				0
			]
		},
		{
			"Target": "Parameter",
			"Id": "ParamLegR1",
			"Segments": [
				0,
				0,
				1,
				0.011,
				0,
				0.022,
				0.257,
				0.033,
				0.302,
				1,
				0.644,
				2.801,
				1.256,
				4,
				1.867,
				4,
				1,
				2.367,
				4,
				2.867,
				2.667,
				3.367,
				0,
				1,
				3.867,
				-2.667,
				4.367,
				-4,
				4.867,
				-4,
				1,
				5.233,
				-4,
				5.6,
				-2.87,
				5.967,
				-0.453,
				1,
				5.978,
				-0.38,
				5.989,
				0,
				6,
				0
			]
		},
		{
			"Target": "Parameter",
			"Id": "ParamLegR2",
			"Segments": [
				0,
				0,
				1,
				0.011,
				0,
				0.022,
				0.261,
				0.033,
				0.302,
				1,
				0.7,
				2.799,
				1.367,
				4,
				2.033,
				4,
				1,
				2.533,
				4,
				3.033,
				2.667,
				3.533,
				0,
				1,
				4.033,
				-2.667,
				4.533,
				-4,
				5.033,
				-4,
				1,
				5.344,
				-4,
				5.656,
				-2.876,
				5.967,
				-0.453,
				1,
				5.978,
				-0.367,
				5.989,
				0,
				6,
				0
			]
		},
		{
			"Target": "Parameter",
			"Id": "ParamEyeRL",
			"Segments": [
				0,
				0,
				1,
				0.033,
				0,
				0.067,
				6,
				0.1,
				6,
				1,
				0.122,
				6,
				0.144,
				6,
				0.167,
				6,
				1,
				0.222,
				6,
				0.278,
				-6,
				0.333,
				-6,
				1,
				0.356,
				-6,
				0.378,
				10.768,
				0.4,
				13,
				1,
				0.422,
				15.232,
				0.444,
				15,
				0.467,
				15,
				1,
				0.489,
				15,
				0.511,
				-9,
				0.533,
				-9,
				1,
				0.567,
				-9,
				0.6,
				-7.568,
				0.633,
				-4,
				1,
				0.656,
				-1.621,
				0.678,
				3.453,
				0.7,
				4,
				1,
				0.722,
				4.547,
				0.744,
				4.489,
				0.767,
				5,
				1,
				0.789,
				5.511,
				0.811,
				7,
				0.833,
				7,
				1,
				0.867,
				7,
				0.9,
				-11,
				0.933,
				-11,
				1,
				0.956,
				-11,
				0.978,
				7,
				1,
				7,
				1,
				1.022,
				7,
				1.044,
				-6,
				1.067,
				-6,
				1,
				1.078,
				-6,
				1.089,
				6,
				1.1,
				6,
				1,
				1.133,
				6,
				1.167,
				5.932,
				1.2,
				4,
				1,
				1.222,
				2.712,
				1.244,
				-9,
				1.267,
				-9,
				1,
				1.311,
				-9,
				1.356,
				0,
				1.4,
				0,
				1,
				1.411,
				0,
				1.422,
				-2,
				1.433,
				-2,
				1,
				1.456,
				-2,
				1.478,
				6,
				1.5,
				6,
				1,
				1.522,
				6,
				1.544,
				6,
				1.567,
				6,
				1,
				1.589,
				6,
				1.611,
				-4,
				1.633,
				-4,
				1,
				1.689,
				-4,
				1.744,
				6.579,
				1.8,
				13,
				1,
				1.822,
				15.568,
				1.844,
				15,
				1.867,
				15,
				1,
				1.889,
				15,
				1.911,
				-9,
				1.933,
				-9,
				1,
				1.956,
				-9,
				1.978,
				8,
				2,
				8,
				1,
				2.033,
				8,
				2.067,
				4,
				2.1,
				4,
				1,
				2.122,
				4,
				2.144,
				4.126,
				2.167,
				5,
				1,
				2.189,
				5.874,
				2.211,
				7,
				2.233,
				7,
				1,
				2.267,
				7,
				2.3,
				-11,
				2.333,
				-11,
				1,
				2.356,
				-11,
				2.378,
				7,
				2.4,
				7,
				1,
				2.422,
				7,
				2.444,
				-6,
				2.467,
				-6,
				1,
				2.5,
				-6,
				2.533,
				-5.548,
				2.567,
				-2,
				1,
				2.589,
				0.365,
				2.611,
				6,
				2.633,
				6,
				1,
				2.656,
				6,
				2.678,
				6,
				2.7,
				6,
				1,
				2.722,
				6,
				2.744,
				-2.728,
				2.767,
				-4,
				1,
				2.8,
				-5.909,
				2.833,
				-6,
				2.867,
				-6,
				1,
				2.911,
				-6,
				2.956,
				15,
				3,
				15,
				1,
				3.022,
				15,
				3.044,
				-9,
				3.067,
				-9,
				1,
				3.089,
				-9,
				3.111,
				8,
				3.133,
				8,
				1,
				3.144,
				8,
				3.156,
				-4,
				3.167,
				-4,
				1,
				3.189,
				-4,
				3.211,
				2.919,
				3.233,
				4,
				1,
				3.256,
				5.081,
				3.278,
				5,
				3.3,
				5,
				1,
				3.356,
				5,
				3.411,
				-11,
				3.467,
				-11,
				1,
				3.489,
				-11,
				3.511,
				7,
				3.533,
				7,
				1,
				3.556,
				7,
				3.578,
				-6,
				3.6,
				-6,
				1,
				3.611,
				-6,
				3.622,
				6,
				3.633,
				6,
				1,
				3.667,
				6,
				3.7,
				4,
				3.733,
				4,
				1,
				3.767,
				4,
				3.8,
				8,
				3.833,
				8,
				1,
				3.867,
				8,
				3.9,
				-4,
				3.933,
				-4,
				1,
				3.978,
				-4,
				4.022,
				7.873,
				4.067,
				13,
				1,
				4.089,
				15.563,
				4.111,
				15,
				4.133,
				15,
				1,
				4.156,
				15,
				4.178,
				-9,
				4.2,
				-9,
				1,
				4.222,
				-9,
				4.244,
				8,
				4.267,
				8,
				1,
				4.3,
				8,
				4.333,
				4,
				4.367,
				4,
				1,
				4.389,
				4,
				4.411,
				4.126,
				4.433,
				5,
				1,
				4.456,
				5.874,
				4.478,
				7,
				4.5,
				7,
				1,
				4.533,
				7,
				4.567,
				-11,
				4.6,
				-11,
				1,
				4.622,
				-11,
				4.644,
				7,
				4.667,
				7,
				1,
				4.689,
				7,
				4.711,
				-6,
				4.733,
				-6,
				1,
				4.767,
				-6,
				4.8,
				-5.548,
				4.833,
				-2,
				1,
				4.856,
				0.365,
				4.878,
				6,
				4.9,
				6,
				1,
				4.922,
				6,
				4.944,
				6,
				4.967,
				6,
				1,
				4.989,
				6,
				5.011,
				-2.728,
				5.033,
				-4,
				1,
				5.067,
				-5.909,
				5.1,
				-6,
				5.133,
				-6,
				1,
				5.178,
				-6,
				5.222,
				15,
				5.267,
				15,
				1,
				5.289,
				15,
				5.311,
				-9,
				5.333,
				-9,
				1,
				5.356,
				-9,
				5.378,
				8,
				5.4,
				8,
				1,
				5.411,
				8,
				5.422,
				-4,
				5.433,
				-4,
				1,
				5.456,
				-4,
				5.478,
				2.919,
				5.5,
				4,
				1,
				5.522,
				5.081,
				5.544,
				5,
				5.567,
				5,
				1,
				5.622,
				5,
				5.678,
				-11,
				5.733,
				-11,
				1,
				5.756,
				-11,
				5.778,
				7,
				5.8,
				7,
				1,
				5.822,
				7,
				5.844,
				-6,
				5.867,
				-6,
				1,
				5.878,
				-6,
				5.889,
				6,
				5.9,
				6,
				1,
				5.933,
				6,
				5.967,
				4,
				6,
				4
			]
		},
		{
			"Target": "Parameter",
			"Id": "ParamEyeUD",
			"Segments": [
				0,
				0,
				1,
				0.033,
				0,
				0.067,
				4,
				0.1,
				4,
				1,
				0.122,
				4,
				0.144,
				-14.649,
				0.167,
				-15,
				1,
				0.222,
				-15.877,
				0.278,
				-16,
				0.333,
				-16,
				1,
				0.356,
				-16,
				0.378,
				-16.239,
				0.4,
				-14,
				1,
				0.422,
				-11.761,
				0.444,
				6,
				0.467,
				6,
				1,
				0.489,
				6,
				0.511,
				2,
				0.533,
				2,
				1,
				0.567,
				2,
				0.6,
				10,
				0.633,
				10,
				1,
				0.656,
				10,
				0.678,
				-2,
				0.7,
				-2,
				1,
				0.722,
				-2,
				0.744,
				-1.933,
				0.767,
				0,
				1,
				0.789,
				1.933,
				0.811,
				6,
				0.833,
				6,
				1,
				0.867,
				6,
				0.9,
				6,
				0.933,
				6,
				1,
				0.956,
				6,
				0.978,
				10,
				1,
				10,
				1,
				1.022,
				10,
				1.044,
				-10,
				1.067,
				-10,
				1,
				1.078,
				-10,
				1.089,
				5,
				1.1,
				5,
				1,
				1.133,
				5,
				1.167,
				-11,
				1.2,
				-11,
				1,
				1.222,
				-11,
				1.244,
				2,
				1.267,
				2,
				1,
				1.311,
				2,
				1.356,
				1.576,
				1.4,
				0,
				1,
				1.411,
				-0.394,
				1.422,
				-8,
				1.433,
				-8,
				1,
				1.456,
				-8,
				1.478,
				4,
				1.5,
				4,
				1,
				1.522,
				4,
				1.544,
				-15,
				1.567,
				-15,
				1,
				1.589,
				-15,
				1.611,
				6,
				1.633,
				6,
				1,
				1.689,
				6,
				1.744,
				-14,
				1.8,
				-14,
				1,
				1.822,
				-14,
				1.844,
				6,
				1.867,
				6,
				1,
				1.889,
				6,
				1.911,
				4.667,
				1.933,
				2,
				1,
				1.956,
				-0.667,
				1.978,
				-2,
				2,
				-2,
				1,
				2.033,
				-2,
				2.067,
				-2,
				2.1,
				-2,
				1,
				2.122,
				-2,
				2.144,
				-1.933,
				2.167,
				0,
				1,
				2.189,
				1.933,
				2.211,
				6,
				2.233,
				6,
				1,
				2.267,
				6,
				2.3,
				6,
				2.333,
				6,
				1,
				2.356,
				6,
				2.378,
				10,
				2.4,
				10,
				1,
				2.422,
				10,
				2.444,
				-10,
				2.467,
				-10,
				1,
				2.5,
				-10,
				2.533,
				-9.926,
				2.567,
				-8,
				1,
				2.589,
				-6.716,
				2.611,
				4,
				2.633,
				4,
				1,
				2.656,
				4,
				2.678,
				-15,
				2.7,
				-15,
				1,
				2.722,
				-15,
				2.744,
				6,
				2.767,
				6,
				1,
				2.8,
				6,
				2.833,
				-16,
				2.867,
				-16,
				1,
				2.911,
				-16,
				2.956,
				6,
				3,
				6,
				1,
				3.022,
				6,
				3.044,
				4.667,
				3.067,
				2,
				1,
				3.089,
				-0.667,
				3.111,
				-2,
				3.133,
				-2,
				1,
				3.144,
				-2,
				3.156,
				10,
				3.167,
				10,
				1,
				3.189,
				10,
				3.211,
				-2,
				3.233,
				-2,
				1,
				3.256,
				-2,
				3.278,
				-0.897,
				3.3,
				0,
				1,
				3.356,
				2.242,
				3.411,
				3.568,
				3.467,
				6,
				1,
				3.489,
				6.973,
				3.511,
				10,
				3.533,
				10,
				1,
				3.556,
				10,
				3.578,
				-10,
				3.6,
				-10,
				1,
				3.611,
				-10,
				3.622,
				5,
				3.633,
				5,
				1,
				3.667,
				5,
				3.7,
				-11,
				3.733,
				-11,
				1,
				3.767,
				-11,
				3.8,
				-11.218,
				3.833,
				-8,
				1,
				3.867,
				-4.782,
				3.9,
				10,
				3.933,
				10,
				1,
				3.978,
				10,
				4.022,
				-14,
				4.067,
				-14,
				1,
				4.089,
				-14,
				4.111,
				6,
				4.133,
				6,
				1,
				4.156,
				6,
				4.178,
				4.667,
				4.2,
				2,
				1,
				4.222,
				-0.667,
				4.244,
				-2,
				4.267,
				-2,
				1,
				4.3,
				-2,
				4.333,
				-2,
				4.367,
				-2,
				1,
				4.389,
				-2,
				4.411,
				-1.933,
				4.433,
				0,
				1,
				4.456,
				1.933,
				4.478,
				6,
				4.5,
				6,
				1,
				4.533,
				6,
				4.567,
				6,
				4.6,
				6,
				1,
				4.622,
				6,
				4.644,
				10,
				4.667,
				10,
				1,
				4.689,
				10,
				4.711,
				-10,
				4.733,
				-10,
				1,
				4.767,
				-10,
				4.8,
				-9.926,
				4.833,
				-8,
				1,
				4.856,
				-6.716,
				4.878,
				4,
				4.9,
				4,
				1,
				4.922,
				4,
				4.944,
				-15,
				4.967,
				-15,
				1,
				4.989,
				-15,
				5.011,
				6,
				5.033,
				6,
				1,
				5.067,
				6,
				5.1,
				-16,
				5.133,
				-16,
				1,
				5.178,
				-16,
				5.222,
				6,
				5.267,
				6,
				1,
				5.289,
				6,
				5.311,
				4.667,
				5.333,
				2,
				1,
				5.356,
				-0.667,
				5.378,
				-2,
				5.4,
				-2,
				1,
				5.411,
				-2,
				5.422,
				10,
				5.433,
				10,
				1,
				5.456,
				10,
				5.478,
				-2,
				5.5,
				-2,
				1,
				5.522,
				-2,
				5.544,
				-0.897,
				5.567,
				0,
				1,
				5.622,
				2.242,
				5.678,
				3.568,
				5.733,
				6,
				1,
				5.756,
				6.973,
				5.778,
				10,
				5.8,
				10,
				1,
				5.822,
				10,
				5.844,
				-10,
				5.867,
				-10,
				1,
				5.878,
				-10,
				5.889,
				5,
				5.9,
				5,
				1,
				5.933,
				5,
				5.967,
				-11,
				6,
				-11
			]
		},
		{
			"Target": "Parameter",
			"Id": "ParamEyeBS",
			"Segments": [
				0,
				0,
				1,
				0.033,
				0,
				0.067,
				7,
				0.1,
				7,
				1,
				0.122,
				7,
				0.144,
				-19,
				0.167,
				-19,
				1,
				0.211,
				-19,
				0.256,
				18,
				0.3,
				18,
				1,
				0.322,
				18,
				0.344,
				-14,
				0.367,
				-14,
				1,
				0.389,
				-14,
				0.411,
				-8,
				0.433,
				4,
				1,
				0.456,
				16,
				0.478,
				22,
				0.5,
				22,
				1,
				0.556,
				22,
				0.611,
				21.173,
				0.667,
				16,
				1,
				0.689,
				13.931,
				0.711,
				-8,
				0.733,
				-8,
				1,
				0.756,
				-8,
				0.778,
				-8.268,
				0.8,
				-6,
				1,
				0.822,
				-3.732,
				0.844,
				19,
				0.867,
				19,
				1,
				0.889,
				19,
				0.911,
				-19,
				0.933,
				-19,
				1,
				0.967,
				-19,
				1,
				12,
				1.033,
				12,
				1,
				1.089,
				12,
				1.144,
				12,
				1.2,
				12,
				1,
				1.222,
				12,
				1.244,
				-6,
				1.267,
				-6,
				1,
				1.289,
				-6,
				1.311,
				0,
				1.333,
				0,
				1,
				1.344,
				0,
				1.356,
				-21,
				1.367,
				-21,
				1,
				1.389,
				-21,
				1.411,
				7,
				1.433,
				7,
				1,
				1.456,
				7,
				1.478,
				-19,
				1.5,
				-19,
				1,
				1.522,
				-19,
				1.544,
				13.697,
				1.567,
				16,
				1,
				1.589,
				18.303,
				1.611,
				18,
				1.633,
				18,
				1,
				1.678,
				18,
				1.722,
				4,
				1.767,
				4,
				1,
				1.789,
				4,
				1.811,
				22,
				1.833,
				22,
				1,
				1.856,
				22,
				1.878,
				-18,
				1.9,
				-18,
				1,
				1.911,
				-18,
				1.922,
				-13.543,
				1.933,
				-6,
				1,
				1.956,
				9.085,
				1.978,
				16,
				2,
				16,
				1,
				2.022,
				16,
				2.044,
				-8,
				2.067,
				-8,
				1,
				2.089,
				-8,
				2.111,
				-8.268,
				2.133,
				-6,
				1,
				2.156,
				-3.732,
				2.178,
				19,
				2.2,
				19,
				1,
				2.222,
				19,
				2.244,
				-19,
				2.267,
				-19,
				1,
				2.3,
				-19,
				2.333,
				12,
				2.367,
				12,
				1,
				2.4,
				12,
				2.433,
				-0.285,
				2.467,
				-10,
				1,
				2.5,
				-19.715,
				2.533,
				-21,
				2.567,
				-21,
				1,
				2.589,
				-21,
				2.611,
				7,
				2.633,
				7,
				1,
				2.656,
				7,
				2.678,
				-19,
				2.7,
				-19,
				1,
				2.722,
				-19,
				2.744,
				13.697,
				2.767,
				16,
				1,
				2.789,
				18.303,
				2.811,
				18,
				2.833,
				18,
				1,
				2.856,
				18,
				2.878,
				-14,
				2.9,
				-14,
				1,
				2.922,
				-14,
				2.944,
				-8,
				2.967,
				4,
				1,
				2.989,
				16,
				3.011,
				22,
				3.033,
				22,
				1,
				3.056,
				22,
				3.078,
				-18,
				3.1,
				-18,
				1,
				3.111,
				-18,
				3.122,
				-13.543,
				3.133,
				-6,
				1,
				3.156,
				9.085,
				3.178,
				16,
				3.2,
				16,
				1,
				3.222,
				16,
				3.244,
				-8,
				3.267,
				-8,
				1,
				3.289,
				-8,
				3.311,
				-6,
				3.333,
				-6,
				1,
				3.378,
				-6,
				3.422,
				-19,
				3.467,
				-19,
				1,
				3.5,
				-19,
				3.533,
				12,
				3.567,
				12,
				1,
				3.6,
				12,
				3.633,
				-10,
				3.667,
				-10,
				1,
				3.689,
				-10,
				3.711,
				12,
				3.733,
				12,
				1,
				3.756,
				12,
				3.778,
				-6,
				3.8,
				-6,
				1,
				3.822,
				-6,
				3.844,
				11,
				3.867,
				11,
				1,
				3.922,
				11,
				3.978,
				4,
				4.033,
				4,
				1,
				4.056,
				4,
				4.078,
				22,
				4.1,
				22,
				1,
				4.122,
				22,
				4.144,
				-18,
				4.167,
				-18,
				1,
				4.178,
				-18,
				4.189,
				-13.543,
				4.2,
				-6,
				1,
				4.222,
				9.085,
				4.244,
				16,
				4.267,
				16,
				1,
				4.289,
				16,
				4.311,
				-8,
				4.333,
				-8,
				1,
				4.356,
				-8,
				4.378,
				-8.268,
				4.4,
				-6,
				1,
				4.422,
				-3.732,
				4.444,
				19,
				4.467,
				19,
				1,
				4.489,
				19,
				4.511,
				-19,
				4.533,
				-19,
				1,
				4.567,
				-19,
				4.6,
				12,
				4.633,
				12,
				1,
				4.667,
				12,
				4.7,
				-0.285,
				4.733,
				-10,
				1,
				4.767,
				-19.715,
				4.8,
				-21,
				4.833,
				-21,
				1,
				4.856,
				-21,
				4.878,
				7,
				4.9,
				7,
				1,
				4.922,
				7,
				4.944,
				-19,
				4.967,
				-19,
				1,
				4.989,
				-19,
				5.011,
				13.697,
				5.033,
				16,
				1,
				5.056,
				18.303,
				5.078,
				18,
				5.1,
				18,
				1,
				5.122,
				18,
				5.144,
				-14,
				5.167,
				-14,
				1,
				5.189,
				-14,
				5.211,
				-8,
				5.233,
				4,
				1,
				5.256,
				16,
				5.278,
				22,
				5.3,
				22,
				1,
				5.322,
				22,
				5.344,
				-18,
				5.367,
				-18,
				1,
				5.378,
				-18,
				5.389,
				-13.543,
				5.4,
				-6,
				1,
				5.422,
				9.085,
				5.444,
				16,
				5.467,
				16,
				1,
				5.489,
				16,
				5.511,
				-8,
				5.533,
				-8,
				1,
				5.556,
				-8,
				5.578,
				-6,
				5.6,
				-6,
				1,
				5.644,
				-6,
				5.689,
				-19,
				5.733,
				-19,
				1,
				5.767,
				-19,
				5.8,
				12,
				5.833,
				12,
				1,
				5.867,
				12,
				5.9,
				-10,
				5.933,
				-10,
				1,
				5.956,
				-10,
				5.978,
				12,
				6,
				12
			]
		},
		{
			"Target": "Parameter",
			"Id": "ParamPaiRX",
			"Segments": [
				0,
				-8,
				1,
				0.533,
				-8,
				1.067,
				-3.74,
				1.6,
				0,
				1,
				2.1,
				3.507,
				2.6,
				4,
				3.1,
				4,
				1,
				3.6,
				4,
				4.1,
				3.582,
				4.6,
				0,
				1,
				5.067,
				-3.343,
				5.533,
				-8,
				6,
				-8
			]
		},
		{
			"Target": "Parameter",
			"Id": "ParamPaiRY",
			"Segments": [
				0,
				-1,
				1,
				0.011,
				-1,
				0.022,
				-0.566,
				0.033,
				-0.438,
				1,
				0.556,
				5.599,
				1.078,
				8.5,
				1.6,
				8.5,
				1,
				2.1,
				8.5,
				2.6,
				6.585,
				3.1,
				1,
				1,
				3.6,
				-4.585,
				4.1,
				-8.5,
				4.6,
				-8.5,
				1,
				5.056,
				-8.5,
				5.511,
				-6.304,
				5.967,
				-1.679,
				1,
				5.978,
				-1.566,
				5.989,
				-1,
				6,
				-1
			]
		},
		{
			"Target": "Parameter",
			"Id": "ParamPaiRX2",
			"Segments": [
				0,
				-10,
				1,
				0.467,
				-10,
				0.933,
				-3.551,
				1.4,
				0,
				1,
				1.9,
				3.804,
				2.4,
				4,
				2.9,
				4,
				1,
				3.4,
				4,
				3.9,
				3.774,
				4.4,
				0,
				1,
				4.933,
				-4.025,
				5.467,
				-10,
				6,
				-10
			]
		},
		{
			"Target": "Parameter",
			"Id": "ParamPaiRY2",
			"Segments": [
				0,
				1,
				1,
				0.011,
				1,
				0.022,
				1.486,
				0.033,
				1.6,
				1,
				0.489,
				6.275,
				0.944,
				8.5,
				1.4,
				8.5,
				1,
				1.9,
				8.5,
				2.4,
				4.585,
				2.9,
				-1,
				1,
				3.4,
				-6.585,
				3.9,
				-8.5,
				4.4,
				-8.5,
				1,
				4.922,
				-8.5,
				5.444,
				-5.599,
				5.967,
				0.438,
				1,
				5.978,
				0.566,
				5.989,
				1,
				6,
				1
			]
		},
		{
			"Target": "Parameter",
			"Id": "ParamPaiLX",
			"Segments": [
				0,
				10,
				1,
				0.533,
				10,
				1.067,
				4.672,
				1.6,
				0,
				1,
				2.1,
				-4.38,
				2.6,
				-5,
				3.1,
				-5,
				1,
				3.6,
				-5,
				4.1,
				-4.472,
				4.6,
				0,
				1,
				5.067,
				4.173,
				5.533,
				10,
				6,
				10
			]
		},
		{
			"Target": "Parameter",
			"Id": "ParamPaiLY",
			"Segments": [
				0,
				-2,
				1,
				0.011,
				-2,
				0.022,
				-1.458,
				0.033,
				-1.317,
				1,
				0.556,
				5.317,
				1.078,
				8.5,
				1.6,
				8.5,
				1,
				2.1,
				8.5,
				2.6,
				3.342,
				3.1,
				-2,
				1,
				3.6,
				-7.342,
				4.1,
				-8.5,
				4.6,
				-8.5,
				1,
				5.056,
				-8.5,
				5.511,
				-6.671,
				5.967,
				-2.799,
				1,
				5.978,
				-2.705,
				5.989,
				-2,
				6,
				-2
			]
		},
		{
			"Target": "Parameter",
			"Id": "ParamPaiLX2",
			"Segments": [
				0,
				10,
				1,
				0.467,
				10,
				0.933,
				2.631,
				1.4,
				-1,
				1,
				1.9,
				-4.891,
				2.4,
				-5,
				2.9,
				-5,
				1,
				3.4,
				-5,
				3.9,
				-4.38,
				4.4,
				0,
				1,
				4.933,
				4.672,
				5.467,
				10,
				6,
				10
			]
		},
		{
			"Target": "Parameter",
			"Id": "ParamPaiLY2",
			"Segments": [
				0,
				-1,
				1,
				0.011,
				-1,
				0.022,
				-0.378,
				0.033,
				-0.258,
				1,
				0.489,
				4.663,
				0.944,
				7,
				1.4,
				7,
				1,
				1.9,
				7,
				2.4,
				3.569,
				2.9,
				-1,
				1,
				3.4,
				-5.569,
				3.9,
				-7,
				4.4,
				-7,
				1,
				4.922,
				-7,
				5.444,
				-5.201,
				5.967,
				-1.439,
				1,
				5.978,
				-1.359,
				5.989,
				-1,
				6,
				-1
			]
		},
		{
			"Target": "Parameter",
			"Id": "ParamBreat",
			"Segments": [
				0,
				0.5,
				1,
				0.011,
				0.5,
				0.022,
				0.535,
				0.033,
				0.542,
				1,
				0.522,
				0.853,
				1.011,
				1,
				1.5,
				1,
				1,
				2,
				1,
				2.5,
				0.815,
				3,
				0.5,
				1,
				3.556,
				0.15,
				4.111,
				0,
				4.667,
				0,
				1,
				5.1,
				0,
				5.533,
				0.148,
				5.967,
				0.46,
				1,
				5.978,
				0.468,
				5.989,
				0.5,
				6,
				0.5
			]
		},
		{
			"Target": "Parameter",
			"Id": "ParamArm2",
			"Segments": [
				0,
				-2,
				1,
				0.711,
				-2,
				1.422,
				1,
				2.133,
				1,
				1,
				2.422,
				1,
				2.711,
				1,
				3,
				1,
				1,
				3.533,
				1,
				4.067,
				-0.012,
				4.6,
				-1,
				1,
				5.067,
				-1.864,
				5.533,
				-2,
				6,
				-2
			]
		},
		{
			"Target": "Parameter",
			"Id": "ParamArm",
			"Segments": [
				0,
				2,
				1,
				0.711,
				2,
				1.422,
				-0.433,
				2.133,
				-3,
				1,
				2.422,
				-4.043,
				2.711,
				-4,
				3,
				-4,
				1,
				3.533,
				-4,
				4.067,
				-0.293,
				4.6,
				1,
				1,
				5.067,
				2.131,
				5.533,
				2,
				6,
				2
			]
		},
		{
			"Target": "Parameter",
			"Id": "ParamHand",
			"Segments": [
				0,
				0,
				1,
				1,
				0,
				2,
				0,
				3,
				0,
				1,
				4,
				0,
				5,
				0,
				6,
				0
			]
		},
		{
			"Target": "Parameter",
			"Id": "ParamPaiRS",
			"Segments": [
				0,
				0,
				1,
				0.011,
				0,
				0.022,
				-0.163,
				0.033,
				-0.246,
				1,
				0.733,
				-5.455,
				1.433,
				-8,
				2.133,
				-8,
				1,
				2.633,
				-8,
				3.133,
				-5.869,
				3.633,
				0,
				1,
				4.078,
				5.217,
				4.522,
				8.834,
				4.967,
				8.834,
				1,
				5.3,
				8.834,
				5.633,
				6.221,
				5.967,
				0.694,
				1,
				5.978,
				0.51,
				5.989,
				0,
				6,
				0
			]
		},
		{
			"Target": "Parameter",
			"Id": "ParamPaiRB",
			"Segments": [
				0,
				0,
				1,
				0.011,
				0,
				0.022,
				-0.392,
				0.033,
				-0.488,
				1,
				0.622,
				-5.56,
				1.211,
				-8,
				1.8,
				-8,
				1,
				2.3,
				-8,
				2.8,
				-6.168,
				3.3,
				0,
				1,
				3.8,
				6.168,
				4.3,
				11,
				4.8,
				11,
				1,
				5.189,
				11,
				5.578,
				7.714,
				5.967,
				0.805,
				1,
				5.978,
				0.608,
				5.989,
				0,
				6,
				0
			]
		},
		{
			"Target": "Parameter",
			"Id": "Param_Angle_Rotation2",
			"Segments": [
				0,
				0,
				1,
				0.011,
				0,
				0.022,
				-0.517,
				0.033,
				-0.676,
				1,
				0.522,
				-7.653,
				1.011,
				-11,
				1.5,
				-11,
				1,
				2,
				-11,
				2.5,
				-5.692,
				3,
				0,
				1,
				3.5,
				5.692,
				4,
				7,
				4.5,
				7,
				1,
				4.989,
				7,
				5.478,
				4.847,
				5.967,
				0.37,
				1,
				5.978,
				0.268,
				5.989,
				0,
				6,
				0
			]
		},
		{
			"Target": "Parameter",
			"Id": "Param_Angle_Rotation3",
			"Segments": [
				0,
				1.82,
				1,
				0.011,
				1.82,
				0.022,
				1.66,
				0.033,
				1.55,
				1,
				0.189,
				0.006,
				0.344,
				-1.49,
				0.5,
				-2.96,
				1,
				1,
				-7.686,
				1.5,
				-10,
				2,
				-10,
				1,
				2.5,
				-10,
				3,
				-5.484,
				3.5,
				0,
				1,
				4,
				5.484,
				4.5,
				7,
				5,
				7,
				1,
				5.333,
				7,
				5.667,
				4.844,
				6,
				1.82
			]
		},
		{
			"Target": "Parameter",
			"Id": "Param_Angle_Rotation5",
			"Segments": [
				0,
				0,
				1,
				0.011,
				0,
				0.022,
				-0.225,
				0.033,
				-0.342,
				1,
				0.522,
				-5.502,
				1.011,
				-8,
				1.5,
				-8,
				1,
				2,
				-8,
				2.5,
				-5.333,
				3,
				0,
				1,
				3.5,
				5.333,
				4,
				8,
				4.5,
				8,
				1,
				4.989,
				8,
				5.478,
				5.543,
				5.967,
				0.432,
				1,
				5.978,
				0.316,
				5.989,
				0,
				6,
				0
			]
		},
		{
			"Target": "Parameter",
			"Id": "Param_Angle_Rotation6",
			"Segments": [
				0,
				2.08,
				1,
				0.011,
				2.08,
				0.022,
				1.983,
				0.033,
				1.866,
				1,
				0.211,
				-0.003,
				0.389,
				-2.25,
				0.567,
				-3.68,
				1,
				1.044,
				-7.523,
				1.522,
				-9,
				2,
				-9,
				1,
				2.5,
				-9,
				3,
				-5.646,
				3.5,
				0,
				1,
				4,
				5.646,
				4.5,
				8,
				5,
				8,
				1,
				5.333,
				8,
				5.667,
				5.536,
				6,
				2.08
			]
		},
		{
			"Target": "Parameter",
			"Id": "Param_Angle_Rotation8",
			"Segments": [
				0,
				0,
				1,
				0.011,
				0,
				0.022,
				-0.255,
				0.033,
				-0.372,
				1,
				0.522,
				-5.516,
				1.011,
				-8,
				1.5,
				-8,
				1,
				2,
				-8,
				2.5,
				-5.333,
				3,
				0,
				1,
				3.5,
				5.333,
				4,
				8,
				4.5,
				8,
				1,
				4.989,
				8,
				5.478,
				5.487,
				5.967,
				0.312,
				1,
				5.978,
				0.194,
				5.989,
				0,
				6,
				0
			]
		},
		{
			"Target": "Parameter",
			"Id": "Param_Angle_Rotation9",
			"Segments": [
				0,
				2.08,
				1,
				0.011,
				2.08,
				0.022,
				1.995,
				0.033,
				1.896,
				1,
				0.178,
				0.605,
				0.322,
				-0.6,
				0.467,
				-1.92,
				1,
				0.978,
				-6.59,
				1.489,
				-9,
				2,
				-9,
				1,
				2.5,
				-9,
				3,
				-5.646,
				3.5,
				0,
				1,
				4,
				5.646,
				4.5,
				8,
				5,
				8,
				1,
				5.333,
				8,
				5.667,
				5.536,
				6,
				2.08
			]
		},
		{
			"Target": "Parameter",
			"Id": "Param_Angle_Rotation11",
			"Segments": [
				0,
				0,
				1,
				0.011,
				0,
				0.022,
				-0.241,
				0.033,
				-0.373,
				1,
				0.522,
				-6.184,
				1.011,
				-9,
				1.5,
				-9,
				1,
				2,
				-9,
				2.5,
				-5.646,
				3,
				0,
				1,
				3.5,
				5.646,
				4,
				8,
				4.5,
				8,
				1,
				4.989,
				8,
				5.478,
				5.502,
				5.967,
				0.342,
				1,
				5.978,
				0.225,
				5.989,
				0,
				6,
				0
			]
		},
		{
			"Target": "Parameter",
			"Id": "Param_Angle_Rotation12",
			"Segments": [
				0,
				2.08,
				1,
				0.011,
				2.08,
				0.022,
				1.999,
				0.033,
				1.896,
				1,
				0.189,
				0.461,
				0.344,
				-0.973,
				0.5,
				-2.36,
				1,
				1,
				-6.818,
				1.5,
				-9,
				2,
				-9,
				1,
				2.5,
				-9,
				3,
				-5.646,
				3.5,
				0,
				1,
				4,
				5.646,
				4.5,
				8,
				5,
				8,
				1,
				5.333,
				8,
				5.667,
				5.536,
				6,
				2.08
			]
		},
		{
			"Target": "Parameter",
			"Id": "Param_Angle_Rotation13",
			"Segments": [
				0,
				5.92,
				1,
				0.011,
				5.92,
				0.022,
				5.718,
				0.033,
				5.614,
				1,
				0.356,
				2.607,
				0.678,
				-0.342,
				1,
				-3.261,
				1,
				1.5,
				-7.792,
				2,
				-10,
				2.5,
				-10,
				1,
				3,
				-10,
				3.5,
				-5.923,
				4,
				0,
				1,
				4.5,
				5.923,
				5,
				8,
				5.5,
				8,
				1,
				5.667,
				8,
				5.833,
				7.648,
				6,
				5.92
			]
		},
		{
			"Target": "Parameter",
			"Id": "Param_Angle_Rotation15",
			"Segments": [
				0,
				0,
				1,
				0.011,
				0,
				0.022,
				-0.609,
				0.033,
				-0.766,
				1,
				0.522,
				-7.687,
				1.011,
				-11,
				1.5,
				-11,
				1,
				2,
				-11,
				2.5,
				-6.168,
				3,
				0,
				1,
				3.5,
				6.168,
				4,
				8,
				4.5,
				8,
				1,
				4.989,
				8,
				5.478,
				5.502,
				5.967,
				0.342,
				1,
				5.978,
				0.225,
				5.989,
				0,
				6,
				0
			]
		},
		{
			"Target": "Parameter",
			"Id": "Param_Angle_Rotation19",
			"Segments": [
				0,
				2.08,
				1,
				0.011,
				2.08,
				0.022,
				1.962,
				0.033,
				1.866,
				1,
				0.211,
				0.334,
				0.389,
				-1.084,
				0.567,
				-2.64,
				1,
				1.044,
				-6.823,
				1.522,
				-9,
				2,
				-9,
				1,
				2.5,
				-9,
				3,
				-5.646,
				3.5,
				0,
				1,
				4,
				5.646,
				4.5,
				8,
				5,
				8,
				1,
				5.333,
				8,
				5.667,
				5.536,
				6,
				2.08
			]
		},
		{
			"Target": "Parameter",
			"Id": "Param_Angle_Rotation16",
			"Segments": [
				0,
				5.92,
				1,
				0.011,
				5.92,
				0.022,
				5.731,
				0.033,
				5.65,
				1,
				0.356,
				3.3,
				0.678,
				1.128,
				1,
				-1.271,
				1,
				1.5,
				-4.992,
				2,
				-7,
				2.5,
				-7,
				1,
				3,
				-7,
				3.5,
				-4.977,
				4,
				0,
				1,
				4.5,
				4.977,
				5,
				8,
				5.5,
				8,
				1,
				5.667,
				8,
				5.833,
				7.648,
				6,
				5.92
			]
		},
		{
			"Target": "Parameter",
			"Id": "Param_Angle_Rotation20",
			"Segments": [
				0,
				0,
				1,
				0.011,
				0,
				0.022,
				0.15,
				0.033,
				0.283,
				1,
				0.522,
				6.133,
				1.011,
				9,
				1.5,
				9,
				1,
				2,
				9,
				2.5,
				5.646,
				3,
				0,
				1,
				3.5,
				-5.646,
				4,
				-8,
				4.5,
				-8,
				1,
				4.989,
				-8,
				5.478,
				-5.543,
				5.967,
				-0.432,
				1,
				5.978,
				-0.316,
				5.989,
				0,
				6,
				0
			]
		},
		{
			"Target": "Parameter",
			"Id": "Param_Angle_Rotation17",
			"Segments": [
				0,
				0,
				1,
				0.011,
				0,
				0.022,
				0.083,
				0.033,
				0.216,
				1,
				0.522,
				6.082,
				1.011,
				9,
				1.5,
				9,
				1,
				2,
				9,
				2.5,
				5.247,
				3,
				0,
				1,
				3.5,
				-5.247,
				4,
				-7,
				4.5,
				-7,
				1,
				4.989,
				-7,
				5.478,
				-4.788,
				5.967,
				-0.25,
				1,
				5.978,
				-0.147,
				5.989,
				0,
				6,
				0
			]
		},
		{
			"Target": "Parameter",
			"Id": "Param_Angle_Rotation21",
			"Segments": [
				0,
				0,
				1,
				0.011,
				0,
				0.022,
				0.225,
				0.033,
				0.342,
				1,
				0.522,
				5.502,
				1.011,
				8,
				1.5,
				8,
				1,
				2,
				8,
				2.5,
				4.977,
				3,
				0,
				1,
				3.5,
				-4.977,
				4,
				-7,
				4.5,
				-7,
				1,
				4.989,
				-7,
				5.478,
				-4.805,
				5.967,
				-0.28,
				1,
				5.978,
				-0.177,
				5.989,
				0,
				6,
				0
			]
		},
		{
			"Target": "Parameter",
			"Id": "Param_Angle_Rotation23",
			"Segments": [
				0,
				0,
				1,
				0.011,
				0,
				0.022,
				0.268,
				0.033,
				0.37,
				1,
				0.522,
				4.847,
				1.011,
				7,
				1.5,
				7,
				1,
				2,
				7,
				2.5,
				4.977,
				3,
				0,
				1,
				3.5,
				-4.977,
				4,
				-8,
				4.5,
				-8,
				1,
				4.989,
				-8,
				5.478,
				-5.502,
				5.967,
				-0.342,
				1,
				5.978,
				-0.225,
				5.989,
				0,
				6,
				0
			]
		},
		{
			"Target": "Parameter",
			"Id": "Param_Angle_Rotation26",
			"Segments": [
				0,
				2.08,
				1,
				0.011,
				2.08,
				0.022,
				2.055,
				0.033,
				1.954,
				1,
				0.189,
				0.534,
				0.344,
				-1.149,
				0.5,
				-2.372,
				1,
				1,
				-6.301,
				1.5,
				-8,
				2,
				-8,
				1,
				2.5,
				-8,
				3,
				-5.333,
				3.5,
				0,
				1,
				4,
				5.333,
				4.5,
				8,
				5,
				8,
				1,
				5.333,
				8,
				5.667,
				5.536,
				6,
				2.08
			]
		},
		{
			"Target": "Parameter",
			"Id": "Param_Angle_Rotation24",
			"Segments": [
				0,
				0,
				1,
				0.011,
				0,
				0.022,
				0.117,
				0.033,
				0.22,
				1,
				0.522,
				4.77,
				1.011,
				7,
				1.5,
				7,
				1,
				2,
				7,
				2.5,
				5.247,
				3,
				0,
				1,
				3.5,
				-5.247,
				4,
				-9,
				4.5,
				-9,
				1,
				4.989,
				-9,
				5.478,
				-6.184,
				5.967,
				-0.373,
				1,
				5.978,
				-0.241,
				5.989,
				0,
				6,
				0
			]
		},
		{
			"Target": "Parameter",
			"Id": "Param_Angle_Rotation27",
			"Segments": [
				0,
				1.82,
				1,
				0.011,
				1.82,
				0.022,
				1.717,
				0.033,
				1.61,
				1,
				0.178,
				0.222,
				0.322,
				-1.075,
				0.467,
				-2.48,
				1,
				0.978,
				-7.45,
				1.489,
				-10,
				2,
				-10,
				1,
				2.5,
				-10,
				3,
				-5.484,
				3.5,
				0,
				1,
				4,
				5.484,
				4.5,
				7,
				5,
				7,
				1,
				5.333,
				7,
				5.667,
				4.844,
				6,
				1.82
			]
		},
		{
			"Target": "Parameter",
			"Id": "Param_Angle_Rotation29",
			"Segments": [
				0,
				0,
				1,
				0.011,
				0,
				0.022,
				-0.109,
				0.033,
				-0.16,
				1,
				0.522,
				-2.413,
				1.011,
				-3.5,
				1.5,
				-3.5,
				1,
				2,
				-3.5,
				2.5,
				-2.489,
				3,
				0,
				1,
				3.5,
				2.489,
				4,
				4,
				4.5,
				4,
				1,
				4.989,
				4,
				5.478,
				2.762,
				5.967,
				0.192,
				1,
				5.978,
				0.134,
				5.989,
				0,
				6,
				0
			]
		},
		{
			"Target": "Parameter",
			"Id": "Param_Angle_Rotation30",
			"Segments": [
				0,
				1,
				1,
				0.011,
				1,
				0.022,
				0.777,
				0.033,
				0.724,
				1,
				0.244,
				-0.285,
				0.456,
				-1.536,
				0.667,
				-2.195,
				1,
				1.111,
				-3.583,
				1.556,
				-4,
				2,
				-4,
				1,
				2.5,
				-4,
				3,
				-2.667,
				3.5,
				0,
				1,
				4,
				2.667,
				4.5,
				4,
				5,
				4,
				1,
				5.333,
				4,
				5.667,
				2.714,
				6,
				1
			]
		},
		{
			"Target": "Parameter",
			"Id": "Param_Angle_Rotation31",
			"Segments": [
				0,
				3,
				1,
				0.011,
				3,
				0.022,
				2.85,
				0.033,
				2.793,
				1,
				0.356,
				1.152,
				0.678,
				-0.995,
				1,
				-2.033,
				1,
				1.5,
				-3.643,
				2,
				-4,
				2.5,
				-4,
				1,
				3,
				-4,
				3.5,
				-2.789,
				4,
				0,
				1,
				4.433,
				2.417,
				4.867,
				3.83,
				5.3,
				3.83,
				1,
				5.533,
				3.83,
				5.767,
				3.858,
				6,
				3
			]
		},
		{
			"Target": "Parameter",
			"Id": "Param_Angle_Rotation33",
			"Segments": [
				0,
				0,
				1,
				0.011,
				0,
				0.022,
				0.115,
				0.033,
				0.159,
				1,
				0.522,
				2.078,
				1.011,
				3,
				1.5,
				3,
				1,
				2,
				3,
				2.5,
				2.285,
				3,
				0,
				1,
				3.5,
				-2.285,
				4,
				-4,
				4.5,
				-4,
				1,
				4.989,
				-4,
				5.478,
				-2.81,
				5.967,
				-0.312,
				1,
				5.978,
				-0.255,
				5.989,
				0,
				6,
				0
			]
		},
		{
			"Target": "Parameter",
			"Id": "Param_Angle_Rotation34",
			"Segments": [
				0,
				-1,
				1,
				0.011,
				-1,
				0.022,
				-0.794,
				0.033,
				-0.75,
				1,
				0.189,
				-0.14,
				0.344,
				0.541,
				0.5,
				0.988,
				1,
				1,
				2.425,
				1.5,
				3,
				2,
				3,
				1,
				2.5,
				3,
				3,
				2.285,
				3.5,
				0,
				1,
				4,
				-2.285,
				4.5,
				-4,
				5,
				-4,
				1,
				5.333,
				-4,
				5.667,
				-2.714,
				6,
				-1
			]
		},
		{
			"Target": "Parameter",
			"Id": "Param_Angle_Rotation35",
			"Segments": [
				0,
				-3,
				1,
				0.011,
				-3,
				0.022,
				-2.931,
				0.033,
				-2.897,
				1,
				0.356,
				-1.915,
				0.678,
				-1.029,
				1,
				0,
				1,
				1.5,
				1.596,
				2,
				2.5,
				2.5,
				2.5,
				1,
				3,
				2.5,
				3.5,
				2.051,
				4,
				0,
				1,
				4.5,
				-2.051,
				5,
				-4,
				5.5,
				-4,
				1,
				5.667,
				-4,
				5.833,
				-3.857,
				6,
				-3
			]
		},
		{
			"Target": "Parameter",
			"Id": "Param_Angle_Rotation37",
			"Segments": [
				0,
				0,
				1,
				0.011,
				0,
				0.022,
				-0.271,
				0.033,
				-0.403,
				1,
				0.522,
				-6.198,
				1.011,
				-9,
				1.5,
				-9,
				1,
				2,
				-9,
				2.5,
				-5.247,
				3,
				0,
				1,
				3.5,
				5.247,
				4,
				7,
				4.5,
				7,
				1,
				4.989,
				7,
				5.478,
				4.805,
				5.967,
				0.28,
				1,
				5.978,
				0.177,
				5.989,
				0,
				6,
				0
			]
		},
		{
			"Target": "Parameter",
			"Id": "Param_Angle_Rotation38",
			"Segments": [
				0,
				1.82,
				1,
				0.011,
				1.82,
				0.022,
				1.748,
				0.033,
				1.638,
				1,
				0.189,
				0.103,
				0.344,
				-1.624,
				0.5,
				-2.936,
				1,
				1,
				-7.154,
				1.5,
				-9,
				2,
				-9,
				1,
				2.5,
				-9,
				3,
				-5.247,
				3.5,
				0,
				1,
				4,
				5.247,
				4.5,
				7,
				5,
				7,
				1,
				5.333,
				7,
				5.667,
				4.844,
				6,
				1.82
			]
		},
		{
			"Target": "Parameter",
			"Id": "Param_Angle_Rotation40",
			"Segments": [
				0,
				0,
				1,
				0.011,
				0,
				0.022,
				0.174,
				0.033,
				0.247,
				1,
				0.522,
				3.455,
				1.011,
				5,
				1.5,
				5,
				1,
				2,
				5,
				2.5,
				4.097,
				3,
				0,
				1,
				3.5,
				-4.097,
				4,
				-8,
				4.5,
				-8,
				1,
				4.989,
				-8,
				5.478,
				-5.47,
				5.967,
				-0.282,
				1,
				5.978,
				-0.164,
				5.989,
				0,
				6,
				0
			]
		},
		{
			"Target": "Parameter",
			"Id": "Param_Angle_Rotation41",
			"Segments": [
				0,
				-2.08,
				1,
				0.011,
				-2.08,
				0.022,
				-1.994,
				0.033,
				-1.918,
				1,
				0.178,
				-0.931,
				0.322,
				0.184,
				0.467,
				0.979,
				1,
				0.978,
				3.793,
				1.489,
				5,
				2,
				5,
				1,
				2.5,
				5,
				3,
				4.097,
				3.5,
				0,
				1,
				4,
				-4.097,
				4.5,
				-8,
				5,
				-8,
				1,
				5.333,
				-8,
				5.667,
				-5.536,
				6,
				-2.08
			]
		},
		{
			"Target": "Parameter",
			"Id": "Param_Angle_Rotation42",
			"Segments": [
				0,
				-5.18,
				1,
				0.011,
				-5.18,
				0.022,
				-5.152,
				0.033,
				-5.083,
				1,
				0.333,
				-3.23,
				0.633,
				-1.521,
				0.933,
				0.489,
				1,
				1.456,
				3.989,
				1.978,
				6,
				2.5,
				6,
				1,
				3,
				6,
				3.5,
				4.307,
				4,
				0,
				1,
				4.5,
				-4.307,
				5,
				-7,
				5.5,
				-7,
				1,
				5.667,
				-7,
				5.833,
				-6.692,
				6,
				-5.18
			]
		},
		{
			"Target": "Parameter",
			"Id": "Param_Angle_Rotation44",
			"Segments": [
				0,
				0,
				1,
				0.011,
				0,
				0.022,
				0.143,
				0.033,
				0.186,
				1,
				0.522,
				2.089,
				1.011,
				3,
				1.5,
				3,
				1,
				2,
				3,
				2.5,
				2,
				3,
				0,
				1,
				3.5,
				-2,
				4,
				-3,
				4.5,
				-3,
				1,
				4.989,
				-3,
				5.478,
				-2.048,
				5.967,
				-0.1,
				1,
				5.978,
				-0.056,
				5.989,
				0,
				6,
				0
			]
		},
		{
			"Target": "Parameter",
			"Id": "Param_Angle_Rotation45",
			"Segments": [
				0,
				-1,
				1,
				0.011,
				-1,
				0.022,
				-0.894,
				0.033,
				-0.85,
				1,
				0.689,
				1.741,
				1.344,
				3,
				2,
				3,
				1,
				2.5,
				3,
				3,
				2,
				3.5,
				0,
				1,
				4,
				-2,
				4.5,
				-3,
				5,
				-3,
				1,
				5.333,
				-3,
				5.667,
				-2.655,
				6,
				-1
			]
		},
		{
			"Target": "Parameter",
			"Id": "Param_Angle_Rotation46",
			"Segments": [
				0,
				-2.5,
				1,
				0.011,
				-2.5,
				0.022,
				-2.311,
				0.033,
				-2.263,
				1,
				0.856,
				1.278,
				1.678,
				3,
				2.5,
				3,
				1,
				3,
				3,
				3.5,
				2.18,
				4,
				0,
				1,
				4.444,
				-1.938,
				4.889,
				-3.234,
				5.333,
				-3.234,
				1,
				5.556,
				-3.234,
				5.778,
				-3.236,
				6,
				-2.5
			]
		},
		{
			"Target": "Parameter",
			"Id": "Param_Angle_Rotation48",
			"Segments": [
				0,
				0,
				1,
				0.011,
				0,
				0.022,
				0.1,
				0.033,
				0.189,
				1,
				0.522,
				4.089,
				1.011,
				6,
				1.5,
				6,
				1,
				2,
				6,
				2.5,
				4.569,
				3,
				0,
				1,
				3.5,
				-4.569,
				4,
				-8,
				4.5,
				-8,
				1,
				4.989,
				-8,
				5.478,
				-5.487,
				5.967,
				-0.312,
				1,
				5.978,
				-0.194,
				5.989,
				0,
				6,
				0
			]
		},
		{
			"Target": "Parameter",
			"Id": "Param_Angle_Rotation49",
			"Segments": [
				0,
				-2.34,
				1,
				0.011,
				-2.34,
				0.022,
				-2.124,
				0.033,
				-2.03,
				1,
				0.178,
				-0.803,
				0.322,
				0.442,
				0.467,
				1.506,
				1,
				0.978,
				5.269,
				1.489,
				7,
				2,
				7,
				1,
				2.5,
				7,
				3,
				5.247,
				3.5,
				0,
				1,
				4,
				-5.247,
				4.5,
				-9,
				5,
				-9,
				1,
				5.333,
				-9,
				5.667,
				-6.227,
				6,
				-2.34
			]
		},
		{
			"Target": "Parameter",
			"Id": "Param_Angle_Rotation50",
			"Segments": [
				0,
				-6.66,
				1,
				0.011,
				-6.66,
				0.022,
				-6.585,
				0.033,
				-6.5,
				1,
				0.367,
				-3.952,
				0.7,
				-1.529,
				1.033,
				1.092,
				1,
				1.522,
				4.935,
				2.011,
				7,
				2.5,
				7,
				1,
				3,
				7,
				3.5,
				5.247,
				4,
				0,
				1,
				4.5,
				-5.247,
				5,
				-9,
				5.5,
				-9,
				1,
				5.667,
				-9,
				5.833,
				-8.603,
				6,
				-6.66
			]
		},
		{
			"Target": "Parameter",
			"Id": "Param_Angle_Rotation52",
			"Segments": [
				0,
				0,
				1,
				0.011,
				0,
				0.022,
				0.296,
				0.033,
				0.367,
				1,
				0.522,
				3.504,
				1.011,
				5,
				1.5,
				5,
				1,
				2,
				5,
				2.5,
				4.097,
				3,
				0,
				1,
				3.5,
				-4.097,
				4,
				-8,
				4.5,
				-8,
				1,
				4.989,
				-8,
				5.478,
				-5.53,
				5.967,
				-0.402,
				1,
				5.978,
				-0.285,
				5.989,
				0,
				6,
				0
			]
		},
		{
			"Target": "Parameter",
			"Id": "Param_Angle_Rotation53",
			"Segments": [
				0,
				-2.08,
				1,
				0.011,
				-2.08,
				0.022,
				-1.877,
				0.033,
				-1.8,
				1,
				0.178,
				-0.795,
				0.322,
				0.154,
				0.467,
				1.087,
				1,
				0.978,
				4.39,
				1.489,
				6,
				2,
				6,
				1,
				2.5,
				6,
				3,
				4.569,
				3.5,
				0,
				1,
				4,
				-4.569,
				4.5,
				-8,
				5,
				-8,
				1,
				5.333,
				-8,
				5.667,
				-5.536,
				6,
				-2.08
			]
		},
		{
			"Target": "Parameter",
			"Id": "Param_Angle_Rotation55",
			"Segments": [
				0,
				0,
				1,
				0.011,
				0,
				0.022,
				-0.435,
				0.033,
				-0.519,
				1,
				0.522,
				-4.233,
				1.011,
				-6,
				1.5,
				-6,
				1,
				2,
				-6,
				2.5,
				-4.569,
				3,
				0,
				1,
				3.5,
				4.569,
				4,
				8,
				4.5,
				8,
				1,
				4.989,
				8,
				5.478,
				5.567,
				5.967,
				0.492,
				1,
				5.978,
				0.377,
				5.989,
				0,
				6,
				0
			]
		},
		{
			"Target": "Parameter",
			"Id": "Param_Angle_Rotation56",
			"Segments": [
				0,
				2.08,
				1,
				0.011,
				2.08,
				0.022,
				1.852,
				0.033,
				1.742,
				1,
				0.156,
				0.533,
				0.278,
				-0.876,
				0.4,
				-1.729,
				1,
				0.933,
				-5.453,
				1.467,
				-7,
				2,
				-7,
				1,
				2.5,
				-7,
				3,
				-4.977,
				3.5,
				0,
				1,
				4,
				4.977,
				4.5,
				8,
				5,
				8,
				1,
				5.333,
				8,
				5.667,
				5.536,
				6,
				2.08
			]
		},
		{
			"Target": "Parameter",
			"Id": "Param_Angle_Rotation57",
			"Segments": [
				0,
				5.92,
				1,
				0.011,
				5.92,
				0.022,
				5.737,
				0.033,
				5.643,
				1,
				0.344,
				3.015,
				0.656,
				0.352,
				0.967,
				-2.108,
				1,
				1.478,
				-6.15,
				1.989,
				-8,
				2.5,
				-8,
				1,
				3,
				-8,
				3.5,
				-5.333,
				4,
				0,
				1,
				4.5,
				5.333,
				5,
				8,
				5.5,
				8,
				1,
				5.667,
				8,
				5.833,
				7.648,
				6,
				5.92
			]
		},
		{
			"Target": "Parameter",
			"Id": "Param_Angle_Rotation59",
			"Segments": [
				0,
				0,
				1,
				0.011,
				0,
				0.022,
				-0.188,
				0.033,
				-0.253,
				1,
				0.522,
				-3.123,
				1.011,
				-4.5,
				1.5,
				-4.5,
				1,
				2,
				-4.5,
				2.5,
				-2.823,
				3,
				0,
				1,
				3.5,
				2.823,
				4,
				4,
				4.5,
				4,
				1,
				4.989,
				4,
				5.478,
				2.762,
				5.967,
				0.192,
				1,
				5.978,
				0.134,
				5.989,
				0,
				6,
				0
			]
		},
		{
			"Target": "Parameter",
			"Id": "Param_Angle_Rotation60",
			"Segments": [
				0,
				1,
				1,
				0.011,
				1,
				0.022,
				0.748,
				0.033,
				0.694,
				1,
				0.689,
				-2.474,
				1.344,
				-4,
				2,
				-4,
				1,
				2.5,
				-4,
				3,
				-2.667,
				3.5,
				0,
				1,
				4,
				2.667,
				4.5,
				4,
				5,
				4,
				1,
				5.333,
				4,
				5.667,
				2.714,
				6,
				1
			]
		},
		{
			"Target": "Parameter",
			"Id": "Param_Angle_Rotation61",
			"Segments": [
				0,
				3,
				1,
				0.011,
				3,
				0.022,
				2.941,
				0.033,
				2.883,
				1,
				0.344,
				1.255,
				0.656,
				-0.942,
				0.967,
				-1.958,
				1,
				1.478,
				-3.626,
				1.989,
				-4,
				2.5,
				-4,
				1,
				3,
				-4,
				3.5,
				-2.667,
				4,
				0,
				1,
				4.5,
				2.667,
				5,
				4,
				5.5,
				4,
				1,
				5.667,
				4,
				5.833,
				3.857,
				6,
				3
			]
		},
		{
			"Target": "Parameter",
			"Id": "Param_Angle_Rotation62",
			"Segments": [
				0,
				0,
				1,
				0.011,
				0,
				0.022,
				-0.117,
				0.033,
				-0.22,
				1,
				0.522,
				-4.77,
				1.011,
				-7,
				1.5,
				-7,
				1,
				2,
				-7,
				2.5,
				-4.977,
				3,
				0,
				1,
				3.5,
				4.977,
				4,
				8,
				4.5,
				8,
				1,
				4.989,
				8,
				5.478,
				5.53,
				5.967,
				0.402,
				1,
				5.978,
				0.285,
				5.989,
				0,
				6,
				0
			]
		},
		{
			"Target": "Parameter",
			"Id": "Param_Angle_Rotation63",
			"Segments": [
				0,
				2.08,
				1,
				0.011,
				2.08,
				0.022,
				1.978,
				0.033,
				1.89,
				1,
				0.178,
				0.74,
				0.322,
				-0.583,
				0.467,
				-1.482,
				1,
				0.978,
				-4.664,
				1.489,
				-6,
				2,
				-6,
				1,
				2.5,
				-6,
				3,
				-4.569,
				3.5,
				0,
				1,
				4,
				4.569,
				4.5,
				8,
				5,
				8,
				1,
				5.333,
				8,
				5.667,
				5.536,
				6,
				2.08
			]
		},
		{
			"Target": "Parameter",
			"Id": "Param_Angle_Rotation65",
			"Segments": [
				0,
				0,
				1,
				0.011,
				0,
				0.022,
				-0.104,
				0.033,
				-0.222,
				1,
				0.522,
				-5.431,
				1.011,
				-8,
				1.5,
				-8,
				1,
				2,
				-8,
				2.5,
				-5.333,
				3,
				0,
				1,
				3.5,
				5.333,
				4,
				8,
				4.5,
				8,
				1,
				4.989,
				8,
				5.478,
				5.487,
				5.967,
				0.312,
				1,
				5.978,
				0.194,
				5.989,
				0,
				6,
				0
			]
		},
		{
			"Target": "Parameter",
			"Id": "Param_Angle_Rotation66",
			"Segments": [
				0,
				2.08,
				1,
				0.011,
				2.08,
				0.022,
				2.056,
				0.033,
				1.954,
				1,
				0.167,
				0.735,
				0.3,
				-0.677,
				0.433,
				-1.769,
				1,
				0.956,
				-6.049,
				1.478,
				-8,
				2,
				-8,
				1,
				2.5,
				-8,
				3,
				-5.333,
				3.5,
				0,
				1,
				4,
				5.333,
				4.5,
				8,
				5,
				8,
				1,
				5.333,
				8,
				5.667,
				5.536,
				6,
				2.08
			]
		},
		{
			"Target": "Parameter",
			"Id": "Param_Angle_Rotation67",
			"Segments": [
				0,
				5.18,
				1,
				0.011,
				5.18,
				0.022,
				5.089,
				0.033,
				5,
				1,
				0.322,
				2.683,
				0.611,
				0.583,
				0.9,
				-1.882,
				1,
				1.433,
				-6.435,
				1.967,
				-9,
				2.5,
				-9,
				1,
				3,
				-9,
				3.5,
				-5.247,
				4,
				0,
				1,
				4.5,
				5.247,
				5,
				7,
				5.5,
				7,
				1,
				5.667,
				7,
				5.833,
				6.692,
				6,
				5.18
			]
		},
		{
			"Target": "Parameter",
			"Id": "Param_Angle_Rotation69",
			"Segments": [
				0,
				0,
				1,
				0.011,
				0,
				0.022,
				-0.164,
				0.033,
				-0.282,
				1,
				0.522,
				-5.47,
				1.011,
				-8,
				1.5,
				-8,
				1,
				2,
				-8,
				2.5,
				-4.977,
				3,
				0,
				1,
				3.5,
				4.977,
				4,
				7,
				4.5,
				7,
				1,
				4.989,
				7,
				5.478,
				4.847,
				5.967,
				0.37,
				1,
				5.978,
				0.268,
				5.989,
				0,
				6,
				0
			]
		},
		{
			"Target": "Parameter",
			"Id": "Param_Angle_Rotation70",
			"Segments": [
				0,
				1.82,
				1,
				0.011,
				1.82,
				0.022,
				1.704,
				0.033,
				1.607,
				1,
				0.189,
				0.253,
				0.344,
				-1.163,
				0.5,
				-2.365,
				1,
				1,
				-6.229,
				1.5,
				-8,
				2,
				-8,
				1,
				2.5,
				-8,
				3,
				-4.977,
				3.5,
				0,
				1,
				4,
				4.977,
				4.5,
				7,
				5,
				7,
				1,
				5.333,
				7,
				5.667,
				4.844,
				6,
				1.82
			]
		},
		{
			"Target": "Parameter",
			"Id": "Param_Angle_Rotation72",
			"Segments": [
				0,
				0,
				1,
				0.011,
				0,
				0.022,
				0.113,
				0.033,
				0.187,
				1,
				0.522,
				3.425,
				1.011,
				5,
				1.5,
				5,
				1,
				2,
				5,
				2.5,
				3.887,
				3,
				0,
				1,
				3.5,
				-3.887,
				4,
				-7,
				4.5,
				-7,
				1,
				4.989,
				-7,
				5.478,
				-4.872,
				5.967,
				-0.43,
				1,
				5.978,
				-0.329,
				5.989,
				0,
				6,
				0
			]
		},
		{
			"Target": "Parameter",
			"Id": "Param_Angle_Rotation73",
			"Segments": [
				0,
				-1.56,
				1,
				0.011,
				-1.56,
				0.022,
				-1.483,
				0.033,
				-1.432,
				1,
				0.189,
				-0.715,
				0.344,
				-0.035,
				0.5,
				0.659,
				1,
				1,
				2.889,
				1.5,
				4,
				2,
				4,
				1,
				2.5,
				4,
				3,
				3.198,
				3.5,
				0,
				1,
				4,
				-3.198,
				4.5,
				-6,
				5,
				-6,
				1,
				5.333,
				-6,
				5.667,
				-4.153,
				6,
				-1.56
			]
		},
		{
			"Target": "Parameter",
			"Id": "Param_Angle_Rotation75",
			"Segments": [
				0,
				0,
				1,
				0.011,
				0,
				0.022,
				-0.134,
				0.033,
				-0.252,
				1,
				0.522,
				-5.452,
				1.011,
				-8,
				1.5,
				-8,
				1,
				2,
				-8,
				2.5,
				-5.333,
				3,
				0,
				1,
				3.5,
				5.333,
				4,
				8,
				4.5,
				8,
				1,
				4.989,
				8,
				5.478,
				5.502,
				5.967,
				0.342,
				1,
				5.978,
				0.225,
				5.989,
				0,
				6,
				0
			]
		},
		{
			"Target": "Parameter",
			"Id": "Param_Angle_Rotation76",
			"Segments": [
				0,
				2.08,
				1,
				0.011,
				2.08,
				0.022,
				1.918,
				0.033,
				1.806,
				1,
				0.189,
				0.243,
				0.344,
				-1.418,
				0.5,
				-2.76,
				1,
				1,
				-7.073,
				1.5,
				-9,
				2,
				-9,
				1,
				2.5,
				-9,
				3,
				-5.646,
				3.5,
				0,
				1,
				4,
				5.646,
				4.5,
				8,
				5,
				8,
				1,
				5.333,
				8,
				5.667,
				5.536,
				6,
				2.08
			]
		},
		{
			"Target": "Parameter",
			"Id": "Param_Angle_Rotation77",
			"Segments": [
				0,
				5.92,
				1,
				0.011,
				5.92,
				0.022,
				5.71,
				0.033,
				5.613,
				1,
				0.344,
				2.89,
				0.656,
				-0.003,
				0.967,
				-2.409,
				1,
				1.478,
				-6.363,
				1.989,
				-8,
				2.5,
				-8,
				1,
				3,
				-8,
				3.5,
				-5.333,
				4,
				0,
				1,
				4.5,
				5.333,
				5,
				8,
				5.5,
				8,
				1,
				5.667,
				8,
				5.833,
				7.648,
				6,
				5.92
			]
		},
		{
			"Target": "Parameter",
			"Id": "Param_Angle_Rotation78",
			"Segments": [
				0,
				0,
				1,
				0.011,
				0,
				0.022,
				-0.299,
				0.033,
				-0.4,
				1,
				0.522,
				-4.86,
				1.011,
				-7,
				1.5,
				-7,
				1,
				2,
				-7,
				2.5,
				-4.667,
				3,
				0,
				1,
				3.5,
				4.667,
				4,
				7,
				4.5,
				7,
				1,
				4.989,
				7,
				5.478,
				4.847,
				5.967,
				0.37,
				1,
				5.978,
				0.268,
				5.989,
				0,
				6,
				0
			]
		},
		{
			"Target": "Parameter",
			"Id": "Param_Angle_Rotation79",
			"Segments": [
				0,
				1.56,
				1,
				0.011,
				1.56,
				0.022,
				1.455,
				0.033,
				1.377,
				1,
				0.156,
				0.514,
				0.278,
				-0.247,
				0.4,
				-1.132,
				1,
				0.933,
				-4.992,
				1.467,
				-7,
				2,
				-7,
				1,
				2.5,
				-7,
				3,
				-4.307,
				3.5,
				0,
				1,
				4,
				4.307,
				4.5,
				6,
				5,
				6,
				1,
				5.333,
				6,
				5.667,
				4.153,
				6,
				1.56
			]
		},
		{
			"Target": "Parameter",
			"Id": "Param_Angle_Rotation82",
			"Segments": [
				0,
				0,
				1,
				0.011,
				0,
				0.022,
				0.03,
				0.033,
				0.163,
				1,
				0.522,
				6.024,
				1.011,
				9,
				1.5,
				9,
				1,
				2,
				9,
				2.5,
				5.646,
				3,
				0,
				1,
				3.5,
				-5.646,
				4,
				-8,
				4.5,
				-8,
				1,
				4.989,
				-8,
				5.478,
				-5.579,
				5.967,
				-0.522,
				1,
				5.978,
				-0.407,
				5.989,
				0,
				6,
				0
			]
		}
	]
}