{
	"Version": 3,
	"Parameters": [
		{
			"Id": "ParamEff1",
			"GroupId": "ParamGroup",
			"Name": "エフェクト1"
		},
		{
			"Id": "ParamEff2",
			"GroupId": "ParamGroup",
			"Name": "エフェクト2"
		},
		{
			"Id": "ParamEff3",
			"GroupId": "ParamGroup",
			"Name": "エフェクト3"
		},
		{
			"Id": "ParamEff4",
			"GroupId": "ParamGroup",
			"Name": "エフェクト4"
		},
		{
			"Id": "ParamEff5",
			"GroupId": "ParamGroup",
			"Name": "エフェクト5"
		},
		{
			"Id": "ParamEff6",
			"GroupId": "ParamGroup",
			"Name": "エフェクト6"
		},
		{
			"Id": "ParamEff7",
			"GroupId": "ParamGroup",
			"Name": "エフェクト7"
		},
		{
			"Id": "ParamEff8",
			"GroupId": "ParamGroup",
			"Name": "エフェクト8"
		},
		{
			"Id": "ParamEff9",
			"GroupId": "ParamGroup",
			"Name": "エフェクト9"
		},
		{
			"Id": "ParamEff10",
			"GroupId": "ParamGroup",
			"Name": "エフェクト10"
		},
		{
			"Id": "ParamEff11",
			"GroupId": "ParamGroup",
			"Name": "エフェクト11"
		},
		{
			"Id": "ParamEff12",
			"GroupId": "ParamGroup",
			"Name": "エフェクト12"
		},
		{
			"Id": "ParamEff13",
			"GroupId": "ParamGroup",
			"Name": "エフェクト13"
		},
		{
			"Id": "ParamEff14",
			"GroupId": "ParamGroup",
			"Name": "エフェクト14"
		},
		{
			"Id": "ParamEff15",
			"GroupId": "ParamGroup",
			"Name": "エフェクト15"
		},
		{
			"Id": "ParamEff16",
			"GroupId": "ParamGroup",
			"Name": "エフェクト光1"
		},
		{
			"Id": "ParamEff17",
			"GroupId": "ParamGroup",
			"Name": "エフェクト光2"
		},
		{
			"Id": "ParamEff18",
			"GroupId": "ParamGroup",
			"Name": "エフェクト光3"
		},
		{
			"Id": "ParamEff19",
			"GroupId": "ParamGroup",
			"Name": "エフェクト光4"
		},
		{
			"Id": "ParamEff20",
			"GroupId": "ParamGroup",
			"Name": "エフェクト光5"
		},
		{
			"Id": "ParamEff21",
			"GroupId": "ParamGroup",
			"Name": "エフェクト光6"
		},
		{
			"Id": "ParamEff22",
			"GroupId": "ParamGroup",
			"Name": "エフェクト光7"
		},
		{
			"Id": "ParamEff23",
			"GroupId": "ParamGroup",
			"Name": "エフェクト光8"
		},
		{
			"Id": "ParamEff24",
			"GroupId": "ParamGroup",
			"Name": "エフェクト光9"
		},
		{
			"Id": "ParamEff25",
			"GroupId": "ParamGroup",
			"Name": "エフェクト光10"
		},
		{
			"Id": "ParamEff26",
			"GroupId": "ParamGroup",
			"Name": "エフェクト光11"
		},
		{
			"Id": "ParamEff27",
			"GroupId": "ParamGroup",
			"Name": "エフェクト光12"
		},
		{
			"Id": "ParamEff28",
			"GroupId": "ParamGroup",
			"Name": "エフェクト光13"
		},
		{
			"Id": "ParamEff29",
			"GroupId": "ParamGroup",
			"Name": "エフェクト光14"
		},
		{
			"Id": "ParamEff30",
			"GroupId": "ParamGroup",
			"Name": "エフェクト光15"
		},
		{
			"Id": "ParamEff31",
			"GroupId": "ParamGroup",
			"Name": "エフェクト光16"
		},
		{
			"Id": "ParamEff32",
			"GroupId": "ParamGroup",
			"Name": "エフェクト32"
		},
		{
			"Id": "ParamEff33",
			"GroupId": "ParamGroup",
			"Name": "エフェクト33"
		},
		{
			"Id": "ParamPachi",
			"GroupId": "ParamGroup2",
			"Name": "目パチ"
		},
		{
			"Id": "ParamLegL1",
			"GroupId": "ParamGroup2",
			"Name": "右太もも"
		},
		{
			"Id": "ParamLegL2",
			"GroupId": "ParamGroup2",
			"Name": "右足"
		},
		{
			"Id": "ParamLegR1",
			"GroupId": "ParamGroup2",
			"Name": "左太もも"
		},
		{
			"Id": "ParamLegR2",
			"GroupId": "ParamGroup2",
			"Name": "左足"
		},
		{
			"Id": "ParamEyeRL",
			"GroupId": "ParamGroup2",
			"Name": "目Hi左右"
		},
		{
			"Id": "ParamEyeUD",
			"GroupId": "ParamGroup2",
			"Name": "目Hi上下"
		},
		{
			"Id": "ParamEyeBS",
			"GroupId": "ParamGroup2",
			"Name": "目Hi大小"
		},
		{
			"Id": "ParamPaiRX",
			"GroupId": "ParamGroup2",
			"Name": "右胸 X"
		},
		{
			"Id": "ParamPaiRY",
			"GroupId": "ParamGroup2",
			"Name": "右胸 Y"
		},
		{
			"Id": "ParamPaiRX2",
			"GroupId": "ParamGroup2",
			"Name": "右胸 X2"
		},
		{
			"Id": "ParamPaiRY2",
			"GroupId": "ParamGroup2",
			"Name": "右胸 Y2"
		},
		{
			"Id": "ParamPaiLX",
			"GroupId": "ParamGroup2",
			"Name": "左胸 X"
		},
		{
			"Id": "ParamPaiLY",
			"GroupId": "ParamGroup2",
			"Name": "左胸 Y"
		},
		{
			"Id": "ParamPaiLX2",
			"GroupId": "ParamGroup2",
			"Name": "左胸 X2"
		},
		{
			"Id": "ParamPaiLY2",
			"GroupId": "ParamGroup2",
			"Name": "左胸 Y2"
		},
		{
			"Id": "ParamBreat",
			"GroupId": "ParamGroup2",
			"Name": "呼吸"
		},
		{
			"Id": "ParamArm2",
			"GroupId": "ParamGroup3",
			"Name": "二の腕"
		},
		{
			"Id": "ParamArm",
			"GroupId": "ParamGroup3",
			"Name": "腕"
		},
		{
			"Id": "ParamHand",
			"GroupId": "ParamGroup3",
			"Name": "手"
		},
		{
			"Id": "ParamPaiRS",
			"GroupId": "ParamGroup3",
			"Name": "胸リボン小"
		},
		{
			"Id": "ParamPaiRB",
			"GroupId": "ParamGroup3",
			"Name": "胸リボン大"
		},
		{
			"Id": "Param_Angle_Rotation2",
			"GroupId": "ParamGroup4",
			"Name": "[0]髪飾り紐1"
		},
		{
			"Id": "Param_Angle_Rotation3",
			"GroupId": "ParamGroup4",
			"Name": "[1]髪飾り紐1"
		},
		{
			"Id": "Param_Angle_Rotation5",
			"GroupId": "ParamGroup5",
			"Name": "[0]髪飾り紐2"
		},
		{
			"Id": "Param_Angle_Rotation6",
			"GroupId": "ParamGroup5",
			"Name": "[1]髪飾り紐2"
		},
		{
			"Id": "Param_Angle_Rotation8",
			"GroupId": "ParamGroup6",
			"Name": "[0]髪飾り紐3"
		},
		{
			"Id": "Param_Angle_Rotation9",
			"GroupId": "ParamGroup6",
			"Name": "[1]髪飾り紐3"
		},
		{
			"Id": "Param_Angle_Rotation11",
			"GroupId": "ParamGroup7",
			"Name": "[0]髪飾り紐4"
		},
		{
			"Id": "Param_Angle_Rotation12",
			"GroupId": "ParamGroup7",
			"Name": "[1]髪飾り紐4"
		},
		{
			"Id": "Param_Angle_Rotation13",
			"GroupId": "ParamGroup7",
			"Name": "[2]髪飾り紐4"
		},
		{
			"Id": "Param_Angle_Rotation15",
			"GroupId": "ParamGroup8",
			"Name": "[0]耳"
		},
		{
			"Id": "Param_Angle_Rotation19",
			"GroupId": "ParamGroup8",
			"Name": "[1]耳"
		},
		{
			"Id": "Param_Angle_Rotation16",
			"GroupId": "ParamGroup8",
			"Name": "[2]耳"
		},
		{
			"Id": "Param_Angle_Rotation20",
			"GroupId": "ParamGroup8",
			"Name": "[3]耳"
		},
		{
			"Id": "Param_Angle_Rotation17",
			"GroupId": "ParamGroup8",
			"Name": "[4]耳"
		},
		{
			"Id": "Param_Angle_Rotation21",
			"GroupId": "ParamGroup8",
			"Name": "[5]耳"
		},
		{
			"Id": "Param_Angle_Rotation23",
			"GroupId": "ParamGroup9",
			"Name": "[0]白紐"
		},
		{
			"Id": "Param_Angle_Rotation26",
			"GroupId": "ParamGroup9",
			"Name": "[1]白紐"
		},
		{
			"Id": "Param_Angle_Rotation24",
			"GroupId": "ParamGroup9",
			"Name": "[2]白紐"
		},
		{
			"Id": "Param_Angle_Rotation27",
			"GroupId": "ParamGroup9",
			"Name": "[3]白紐"
		},
		{
			"Id": "Param_Angle_Rotation29",
			"GroupId": "ParamGroup10",
			"Name": "[0]髪中央"
		},
		{
			"Id": "Param_Angle_Rotation30",
			"GroupId": "ParamGroup10",
			"Name": "[1]髪中央"
		},
		{
			"Id": "Param_Angle_Rotation31",
			"GroupId": "ParamGroup10",
			"Name": "[2]髪中央"
		},
		{
			"Id": "Param_Angle_Rotation33",
			"GroupId": "ParamGroup11",
			"Name": "[0]髪右"
		},
		{
			"Id": "Param_Angle_Rotation34",
			"GroupId": "ParamGroup11",
			"Name": "[1]髪右"
		},
		{
			"Id": "Param_Angle_Rotation35",
			"GroupId": "ParamGroup11",
			"Name": "[2]髪右"
		},
		{
			"Id": "Param_Angle_Rotation37",
			"GroupId": "ParamGroup12",
			"Name": "[0]髪中央右小"
		},
		{
			"Id": "Param_Angle_Rotation38",
			"GroupId": "ParamGroup12",
			"Name": "[1]髪中央右小"
		},
		{
			"Id": "Param_Angle_Rotation40",
			"GroupId": "ParamGroup13",
			"Name": "[0]髪中央右大"
		},
		{
			"Id": "Param_Angle_Rotation41",
			"GroupId": "ParamGroup13",
			"Name": "[1]髪中央右大"
		},
		{
			"Id": "Param_Angle_Rotation42",
			"GroupId": "ParamGroup13",
			"Name": "[2]髪中央右大"
		},
		{
			"Id": "Param_Angle_Rotation44",
			"GroupId": "ParamGroup14",
			"Name": "[0]髪右2"
		},
		{
			"Id": "Param_Angle_Rotation45",
			"GroupId": "ParamGroup14",
			"Name": "[1]髪右2"
		},
		{
			"Id": "Param_Angle_Rotation46",
			"GroupId": "ParamGroup14",
			"Name": "[2]髪右2"
		},
		{
			"Id": "Param_Angle_Rotation48",
			"GroupId": "ParamGroup15",
			"Name": "[0]髪右3"
		},
		{
			"Id": "Param_Angle_Rotation49",
			"GroupId": "ParamGroup15",
			"Name": "[1]髪右3"
		},
		{
			"Id": "Param_Angle_Rotation50",
			"GroupId": "ParamGroup15",
			"Name": "[2]髪右3"
		},
		{
			"Id": "Param_Angle_Rotation52",
			"GroupId": "ParamGroup16",
			"Name": "[0]髪右4"
		},
		{
			"Id": "Param_Angle_Rotation53",
			"GroupId": "ParamGroup16",
			"Name": "[1]髪右4"
		},
		{
			"Id": "Param_Angle_Rotation55",
			"GroupId": "ParamGroup17",
			"Name": "[0]髪中央左"
		},
		{
			"Id": "Param_Angle_Rotation56",
			"GroupId": "ParamGroup17",
			"Name": "[1]髪中央左"
		},
		{
			"Id": "Param_Angle_Rotation57",
			"GroupId": "ParamGroup17",
			"Name": "[2]髪中央左"
		},
		{
			"Id": "Param_Angle_Rotation59",
			"GroupId": "ParamGroup18",
			"Name": "[0]髪左1"
		},
		{
			"Id": "Param_Angle_Rotation60",
			"GroupId": "ParamGroup18",
			"Name": "[1]髪左1"
		},
		{
			"Id": "Param_Angle_Rotation61",
			"GroupId": "ParamGroup18",
			"Name": "[2]髪左1"
		},
		{
			"Id": "Param_Angle_Rotation62",
			"GroupId": "ParamGroup19",
			"Name": "[0]髪左顔上小"
		},
		{
			"Id": "Param_Angle_Rotation63",
			"GroupId": "ParamGroup19",
			"Name": "[1]髪左顔上小"
		},
		{
			"Id": "Param_Angle_Rotation65",
			"GroupId": "ParamGroup20",
			"Name": "[0]髪左2"
		},
		{
			"Id": "Param_Angle_Rotation66",
			"GroupId": "ParamGroup20",
			"Name": "[1]髪左2"
		},
		{
			"Id": "Param_Angle_Rotation67",
			"GroupId": "ParamGroup20",
			"Name": "[2]髪左2"
		},
		{
			"Id": "Param_Angle_Rotation69",
			"GroupId": "ParamGroup21",
			"Name": "[0]髪左3"
		},
		{
			"Id": "Param_Angle_Rotation70",
			"GroupId": "ParamGroup21",
			"Name": "[1]髪左3"
		},
		{
			"Id": "Param_Angle_Rotation72",
			"GroupId": "ParamGroup22",
			"Name": "[0]右もみあげ"
		},
		{
			"Id": "Param_Angle_Rotation73",
			"GroupId": "ParamGroup22",
			"Name": "[1]右もみあげ"
		},
		{
			"Id": "Param_Angle_Rotation75",
			"GroupId": "ParamGroup23",
			"Name": "[0]左もみあげ"
		},
		{
			"Id": "Param_Angle_Rotation76",
			"GroupId": "ParamGroup23",
			"Name": "[1]左もみあげ"
		},
		{
			"Id": "Param_Angle_Rotation77",
			"GroupId": "ParamGroup23",
			"Name": "[2]左もみあげ"
		},
		{
			"Id": "Param_Angle_Rotation78",
			"GroupId": "ParamGroup24",
			"Name": "[0]後ろ髪右"
		},
		{
			"Id": "Param_Angle_Rotation79",
			"GroupId": "ParamGroup24",
			"Name": "[1]後ろ髪右"
		},
		{
			"Id": "Param_Angle_Rotation82",
			"GroupId": "ParamGroup25",
			"Name": "[0]耳右髪"
		}
	],
	"ParameterGroups": [
		{
			"Id": "ParamGroup",
			"GroupId": "",
			"Name": "エフェクト"
		},
		{
			"Id": "ParamGroup2",
			"GroupId": "",
			"Name": "URアニメーション"
		},
		{
			"Id": "ParamGroup3",
			"GroupId": "",
			"Name": "追加"
		},
		{
			"Id": "ParamGroup4",
			"GroupId": "",
			"Name": "髪飾り紐1"
		},
		{
			"Id": "ParamGroup5",
			"GroupId": "",
			"Name": "髪飾り紐2"
		},
		{
			"Id": "ParamGroup6",
			"GroupId": "",
			"Name": "髪飾り紐3"
		},
		{
			"Id": "ParamGroup7",
			"GroupId": "",
			"Name": "髪飾り紐4"
		},
		{
			"Id": "ParamGroup8",
			"GroupId": "",
			"Name": "耳"
		},
		{
			"Id": "ParamGroup9",
			"GroupId": "",
			"Name": "白紐"
		},
		{
			"Id": "ParamGroup10",
			"GroupId": "",
			"Name": "髪中央"
		},
		{
			"Id": "ParamGroup11",
			"GroupId": "",
			"Name": "髪右"
		},
		{
			"Id": "ParamGroup12",
			"GroupId": "",
			"Name": "髪中央右小"
		},
		{
			"Id": "ParamGroup13",
			"GroupId": "",
			"Name": "髪中央右大"
		},
		{
			"Id": "ParamGroup14",
			"GroupId": "",
			"Name": "髪右2"
		},
		{
			"Id": "ParamGroup15",
			"GroupId": "",
			"Name": "髪右3"
		},
		{
			"Id": "ParamGroup16",
			"GroupId": "",
			"Name": "髪右4"
		},
		{
			"Id": "ParamGroup17",
			"GroupId": "",
			"Name": "髪中央左"
		},
		{
			"Id": "ParamGroup18",
			"GroupId": "",
			"Name": "髪左1"
		},
		{
			"Id": "ParamGroup19",
			"GroupId": "",
			"Name": "髪左顔上小"
		},
		{
			"Id": "ParamGroup20",
			"GroupId": "",
			"Name": "髪左2"
		},
		{
			"Id": "ParamGroup21",
			"GroupId": "",
			"Name": "髪左3"
		},
		{
			"Id": "ParamGroup22",
			"GroupId": "",
			"Name": "右もみあげ"
		},
		{
			"Id": "ParamGroup23",
			"GroupId": "",
			"Name": "左もみあげ"
		},
		{
			"Id": "ParamGroup24",
			"GroupId": "",
			"Name": "後ろ髪右"
		},
		{
			"Id": "ParamGroup25",
			"GroupId": "",
			"Name": "耳右髪"
		}
	],
	"Parts": [
		{
			"Id": "Part36",
			"Name": "1920x1440.psd"
		},
		{
			"Id": "Part",
			"Name": "エフェクト"
		},
		{
			"Id": "Part22",
			"Name": "紙吹雪"
		},
		{
			"Id": "Part23",
			"Name": "水"
		},
		{
			"Id": "Part24",
			"Name": "頭等"
		},
		{
			"Id": "Part31",
			"Name": "胸一式"
		},
		{
			"Id": "Part32",
			"Name": "かげ"
		},
		{
			"Id": "Part33",
			"Name": "背景エフェクト"
		},
		{
			"Id": "Part2",
			"Name": "光"
		},
		{
			"Id": "Part6",
			"Name": "光粒"
		},
		{
			"Id": "Part12",
			"Name": "光Hi"
		},
		{
			"Id": "Part16",
			"Name": "線"
		},
		{
			"Id": "Part17",
			"Name": "丸"
		},
		{
			"Id": "Part25",
			"Name": "髪飾り紐"
		},
		{
			"Id": "ArtMesh94_Skinning",
			"Name": "耳右髪(スキニング)"
		},
		{
			"Id": "Part26",
			"Name": "右腕関係"
		},
		{
			"Id": "Part27",
			"Name": "白紐"
		},
		{
			"Id": "Part28",
			"Name": "上髪"
		},
		{
			"Id": "Part29",
			"Name": "目開き"
		},
		{
			"Id": "Part30",
			"Name": "後ろ髪&もみあげ"
		},
		{
			"Id": "Part34",
			"Name": "後光1"
		},
		{
			"Id": "Part35",
			"Name": "後光2"
		},
		{
			"Id": "Part3",
			"Name": "グループ 1"
		},
		{
			"Id": "Part4",
			"Name": "グループ 2"
		},
		{
			"Id": "Part5",
			"Name": "グループ 3"
		},
		{
			"Id": "Part7",
			"Name": "グループ 4"
		},
		{
			"Id": "Part8",
			"Name": "グループ 6"
		},
		{
			"Id": "Part9",
			"Name": "グループ 5"
		},
		{
			"Id": "Part10",
			"Name": "グループ 7"
		},
		{
			"Id": "Part11",
			"Name": "グループ 8"
		},
		{
			"Id": "Part13",
			"Name": "グループ 9"
		},
		{
			"Id": "Part14",
			"Name": "グループ 10"
		},
		{
			"Id": "Part15",
			"Name": "グループ 11"
		},
		{
			"Id": "Part18",
			"Name": "グループ 12"
		},
		{
			"Id": "Part19",
			"Name": "グループ 13"
		},
		{
			"Id": "Part20",
			"Name": "グループ 14"
		},
		{
			"Id": "Part21",
			"Name": "グループ 15"
		},
		{
			"Id": "ArtMesh87_Skinning",
			"Name": "髪飾り紐1(スキニング)"
		},
		{
			"Id": "ArtMesh88_Skinning",
			"Name": "髪飾り紐2(スキニング)"
		},
		{
			"Id": "ArtMesh89_Skinning",
			"Name": "髪飾り紐3(スキニング)"
		},
		{
			"Id": "ArtMesh90_Skinning",
			"Name": "髪飾り紐4(スキニング)"
		},
		{
			"Id": "ArtMesh93_Skinning",
			"Name": "耳左(スキニング)"
		},
		{
			"Id": "ArtMesh96_Skinning",
			"Name": "耳右(スキニング)"
		},
		{
			"Id": "ArtMesh101_Skinning",
			"Name": "白紐右(スキニング)"
		},
		{
			"Id": "ArtMesh102_Skinning",
			"Name": "白紐左(スキニング)"
		},
		{
			"Id": "ArtMesh104_Skinning",
			"Name": "髪中央(スキニング)"
		},
		{
			"Id": "ArtMesh105_Skinning",
			"Name": "髪右(スキニング)"
		},
		{
			"Id": "ArtMesh106_Skinning",
			"Name": "髪中央右小(スキニング)"
		},
		{
			"Id": "ArtMesh107_Skinning",
			"Name": "髪中央右大(スキニング)"
		},
		{
			"Id": "ArtMesh108_Skinning",
			"Name": "髪右2(スキニング)"
		},
		{
			"Id": "ArtMesh109_Skinning",
			"Name": "髪右3(スキニング)"
		},
		{
			"Id": "ArtMesh110_Skinning",
			"Name": "髪右4(スキニング)"
		},
		{
			"Id": "ArtMesh111_Skinning",
			"Name": "髪中央左(スキニング)"
		},
		{
			"Id": "ArtMesh112_Skinning",
			"Name": "髪左1(スキニング)"
		},
		{
			"Id": "ArtMesh113_Skinning",
			"Name": "髪左顔上小(スキニング)"
		},
		{
			"Id": "ArtMesh114_Skinning",
			"Name": "髪左2(スキニング)"
		},
		{
			"Id": "ArtMesh115_Skinning",
			"Name": "髪左3(スキニング)"
		},
		{
			"Id": "ArtMesh124_Skinning",
			"Name": "右もみあげ(スキニング)"
		},
		{
			"Id": "ArtMesh125_Skinning",
			"Name": "左もみあげ(スキニング)"
		},
		{
			"Id": "ArtMesh128_Skinning",
			"Name": "後ろ髪右(スキニング)"
		}
	],
	"CombinedParameters": [
		[
			"ParamEyeRL",
			"ParamEyeUD"
		],
		[
			"ParamPaiRX",
			"ParamPaiRY"
		],
		[
			"ParamPaiRX2",
			"ParamPaiRY2"
		],
		[
			"ParamPaiLX",
			"ParamPaiLY"
		],
		[
			"ParamPaiLX2",
			"ParamPaiLY2"
		]
	]
}