{
	"Version": 3,
	"Meta": {
		"Duration": 6,
		"Fps": 30.0,
		"Loop": true,
		"AreBeziersRestricted": false,
		"CurveCount": 97,
		"TotalSegmentCount": 1050,
		"TotalPointCount": 3247,
		"UserDataCount": 0,
		"TotalUserDataSize": 0
	},
	"Curves": [
		{
			"Target": "Parameter",
			"Id": "Param",
			"Segments": [
				0,
				1,
				1,
				0.167,
				1,
				0.333,
				1,
				0.5,
				1,
				1,
				0.522,
				1,
				0.544,
				0,
				0.567,
				0,
				1,
				0.589,
				0,
				0.611,
				1,
				0.633,
				1,
				1,
				0.822,
				1,
				1.011,
				0.8,
				1.2,
				0.8,
				1,
				1.433,
				0.8,
				1.667,
				1,
				1.9,
				1,
				1,
				1.922,
				1,
				1.944,
				0.8,
				1.967,
				0.8,
				1,
				1.989,
				0.8,
				2.011,
				1,
				2.033,
				1,
				1,
				2.056,
				1,
				2.078,
				0.9,
				2.1,
				0.9,
				1,
				2.122,
				0.9,
				2.144,
				1,
				2.167,
				1,
				1,
				2.489,
				1,
				2.811,
				0.8,
				3.133,
				0.8,
				1,
				3.256,
				0.8,
				3.378,
				1,
				3.5,
				1,
				1,
				3.522,
				1,
				3.544,
				0.8,
				3.567,
				0.8,
				1,
				3.589,
				0.8,
				3.611,
				1,
				3.633,
				1,
				1,
				3.733,
				1,
				3.833,
				0.7,
				3.933,
				0.7,
				1,
				4.256,
				0.7,
				4.578,
				1,
				4.9,
				1,
				1,
				4.922,
				1,
				4.944,
				0.8,
				4.967,
				0.8,
				1,
				4.989,
				0.8,
				5.011,
				1,
				5.033,
				1,
				1,
				5.211,
				1,
				5.389,
				0.9,
				5.567,
				0.9,
				1,
				5.711,
				0.9,
				5.856,
				1,
				6,
				1
			]
		},
		{
			"Target": "Parameter",
			"Id": "Param2",
			"Segments": [
				0,
				1,
				1,
				0.078,
				1,
				0.156,
				1,
				0.233,
				1,
				1,
				0.256,
				1,
				0.278,
				0.8,
				0.3,
				0.8,
				1,
				0.322,
				0.8,
				0.344,
				1,
				0.367,
				1,
				1,
				0.433,
				1,
				0.5,
				0.9,
				0.567,
				0.9,
				1,
				0.656,
				0.9,
				0.744,
				1,
				0.833,
				1,
				1,
				0.856,
				1,
				0.878,
				0.8,
				0.9,
				0.8,
				1,
				0.922,
				0.8,
				0.944,
				1,
				0.967,
				1,
				1,
				0.989,
				1,
				1.011,
				1,
				1.033,
				1,
				1,
				1.056,
				1,
				1.078,
				1,
				1.1,
				1,
				1,
				1.333,
				1,
				1.567,
				0.6,
				1.8,
				0.6,
				1,
				2.078,
				0.6,
				2.356,
				1,
				2.633,
				1,
				1,
				2.656,
				1,
				2.678,
				0.8,
				2.7,
				0.8,
				1,
				2.722,
				0.8,
				2.744,
				1,
				2.767,
				1,
				1,
				2.922,
				1,
				3.078,
				1,
				3.233,
				1,
				1,
				3.256,
				1,
				3.278,
				0.8,
				3.3,
				0.8,
				1,
				3.322,
				0.8,
				3.344,
				1,
				3.367,
				1,
				1,
				3.522,
				1,
				3.678,
				1,
				3.833,
				1,
				1,
				3.856,
				1,
				3.878,
				0.8,
				3.9,
				0.8,
				1,
				3.922,
				0.8,
				3.944,
				1,
				3.967,
				1,
				1,
				3.989,
				1,
				4.011,
				0.5,
				4.033,
				0.5,
				1,
				4.056,
				0.5,
				4.078,
				1,
				4.1,
				1,
				1,
				4.3,
				1,
				4.5,
				0.8,
				4.7,
				0.8,
				1,
				5.011,
				0.8,
				5.322,
				1,
				5.633,
				1,
				1,
				5.656,
				1,
				5.678,
				0.8,
				5.7,
				0.8,
				1,
				5.722,
				0.8,
				5.744,
				1,
				5.767,
				1,
				1,
				5.844,
				1,
				5.922,
				1,
				6,
				1
			]
		},
		{
			"Target": "Parameter",
			"Id": "Param3",
			"Segments": [
				0,
				1,
				1,
				0.189,
				1,
				0.378,
				1,
				0.567,
				1,
				1,
				0.6,
				1,
				0.633,
				0.3,
				0.667,
				0.3,
				1,
				0.7,
				0.3,
				0.733,
				1,
				0.767,
				1,
				1,
				0.944,
				1,
				1.122,
				0.9,
				1.3,
				0.9,
				1,
				1.422,
				0.9,
				1.544,
				1,
				1.667,
				1,
				1,
				1.7,
				1,
				1.733,
				0.7,
				1.767,
				0.7,
				1,
				1.8,
				0.7,
				1.833,
				1,
				1.867,
				1,
				1,
				2.167,
				1,
				2.467,
				0.8,
				2.767,
				0.8,
				1,
				3.033,
				0.8,
				3.3,
				1,
				3.567,
				1,
				1,
				3.6,
				1,
				3.633,
				0.3,
				3.667,
				0.3,
				1,
				3.7,
				0.3,
				3.733,
				1,
				3.767,
				1,
				1,
				4.067,
				1,
				4.367,
				1,
				4.667,
				1,
				1,
				4.7,
				1,
				4.733,
				0.7,
				4.767,
				0.7,
				1,
				4.8,
				0.7,
				4.833,
				1,
				4.867,
				1,
				1,
				5.022,
				1,
				5.178,
				0.9,
				5.333,
				0.9,
				1,
				5.556,
				0.9,
				5.778,
				1,
				6,
				1
			]
		},
		{
			"Target": "Parameter",
			"Id": "Param4",
			"Segments": [
				0,
				1,
				1,
				0.178,
				1,
				0.356,
				0.9,
				0.533,
				0.9,
				1,
				0.767,
				0.9,
				1,
				1,
				1.233,
				1,
				1,
				1.267,
				1,
				1.3,
				0.7,
				1.333,
				0.7,
				1,
				1.367,
				0.7,
				1.4,
				1,
				1.433,
				1,
				1,
				1.589,
				1,
				1.744,
				0.7,
				1.9,
				0.7,
				1,
				2.033,
				0.7,
				2.167,
				1,
				2.3,
				1,
				1,
				2.333,
				1,
				2.367,
				0.7,
				2.4,
				0.7,
				1,
				2.433,
				0.7,
				2.467,
				1,
				2.5,
				1,
				1,
				2.711,
				1,
				2.922,
				0.8,
				3.133,
				0.8,
				1,
				3.5,
				0.8,
				3.867,
				1,
				4.233,
				1,
				1,
				4.267,
				1,
				4.3,
				0.7,
				4.333,
				0.7,
				1,
				4.367,
				0.7,
				4.4,
				1,
				4.433,
				1,
				1,
				4.722,
				1,
				5.011,
				1,
				5.3,
				1,
				1,
				5.333,
				1,
				5.367,
				0.7,
				5.4,
				0.7,
				1,
				5.433,
				0.7,
				5.467,
				1,
				5.5,
				1,
				1,
				5.667,
				1,
				5.833,
				1,
				6,
				1
			]
		},
		{
			"Target": "Parameter",
			"Id": "Param5",
			"Segments": [
				0,
				1,
				1,
				0.022,
				1,
				0.044,
				0.5,
				0.067,
				0.5,
				1,
				0.1,
				0.5,
				0.133,
				1,
				0.167,
				1,
				1,
				0.6,
				1,
				1.033,
				0.686,
				1.467,
				0.5,
				1,
				1.733,
				0.385,
				2,
				0.4,
				2.267,
				0.4,
				1,
				2.511,
				0.4,
				2.756,
				1,
				3,
				1,
				1,
				3.022,
				1,
				3.044,
				0.5,
				3.067,
				0.5,
				1,
				3.1,
				0.5,
				3.133,
				1,
				3.167,
				1,
				1,
				3.433,
				1,
				3.7,
				0.6,
				3.967,
				0.6,
				1,
				4.378,
				0.6,
				4.789,
				1,
				5.2,
				1,
				1,
				5.467,
				1,
				5.733,
				1,
				6,
				1
			]
		},
		{
			"Target": "Parameter",
			"Id": "Param6",
			"Segments": [
				0,
				1,
				1,
				0.156,
				1,
				0.311,
				1,
				0.467,
				1,
				1,
				0.5,
				1,
				0.533,
				0.6,
				0.567,
				0.6,
				1,
				0.6,
				0.6,
				0.633,
				0.8,
				0.667,
				0.8,
				1,
				0.822,
				0.8,
				0.978,
				0.8,
				1.133,
				0.8,
				1,
				1.233,
				0.8,
				1.333,
				1,
				1.433,
				1,
				1,
				1.467,
				1,
				1.5,
				0.6,
				1.533,
				0.6,
				1,
				1.567,
				0.6,
				1.6,
				1,
				1.633,
				1,
				1,
				1.667,
				1,
				1.7,
				0.6,
				1.733,
				0.6,
				1,
				1.767,
				0.6,
				1.8,
				0.8,
				1.833,
				0.8,
				1,
				2.044,
				0.8,
				2.256,
				0.3,
				2.467,
				0.3,
				1,
				2.8,
				0.3,
				3.133,
				1,
				3.467,
				1,
				1,
				3.5,
				1,
				3.533,
				0.6,
				3.567,
				0.6,
				1,
				3.6,
				0.6,
				3.633,
				0.79,
				3.667,
				0.8,
				1,
				3.8,
				0.841,
				3.933,
				0.855,
				4.067,
				0.9,
				1,
				4.189,
				0.941,
				4.311,
				1,
				4.433,
				1,
				1,
				4.467,
				1,
				4.5,
				0.6,
				4.533,
				0.6,
				1,
				4.567,
				0.6,
				4.6,
				1,
				4.633,
				1,
				1,
				4.667,
				1,
				4.7,
				0.6,
				4.733,
				0.6,
				1,
				4.767,
				0.6,
				4.8,
				0.793,
				4.833,
				0.8,
				1,
				5.022,
				0.839,
				5.211,
				0.856,
				5.4,
				0.9,
				1,
				5.6,
				0.947,
				5.8,
				1,
				6,
				1
			]
		},
		{
			"Target": "Parameter",
			"Id": "Param7",
			"Segments": [
				0,
				1,
				1,
				0.067,
				1,
				0.133,
				1,
				0.2,
				1,
				1,
				0.222,
				1,
				0.244,
				0.8,
				0.267,
				0.8,
				1,
				0.289,
				0.8,
				0.311,
				1,
				0.333,
				1,
				1,
				0.578,
				1,
				0.822,
				0.7,
				1.067,
				0.7,
				1,
				1.411,
				0.7,
				1.756,
				1,
				2.1,
				1,
				1,
				2.122,
				1,
				2.144,
				0.7,
				2.167,
				0.7,
				1,
				2.189,
				0.7,
				2.211,
				1,
				2.233,
				1,
				1,
				2.378,
				1,
				2.522,
				0.9,
				2.667,
				0.9,
				1,
				2.844,
				0.9,
				3.022,
				1,
				3.2,
				1,
				1,
				3.222,
				1,
				3.244,
				0.8,
				3.267,
				0.8,
				1,
				3.289,
				0.8,
				3.311,
				1,
				3.333,
				1,
				1,
				3.6,
				1,
				3.867,
				0.4,
				4.133,
				0.4,
				1,
				4.456,
				0.4,
				4.778,
				1,
				5.1,
				1,
				1,
				5.122,
				1,
				5.144,
				0.7,
				5.167,
				0.7,
				1,
				5.189,
				0.7,
				5.211,
				1,
				5.233,
				1,
				1,
				5.489,
				1,
				5.744,
				1,
				6,
				1
			]
		},
		{
			"Target": "Parameter",
			"Id": "Param8",
			"Segments": [
				0,
				1,
				1,
				0.089,
				1,
				0.178,
				0.8,
				0.267,
				0.8,
				1,
				0.467,
				0.8,
				0.667,
				1,
				0.867,
				1,
				1,
				0.9,
				1,
				0.933,
				0.6,
				0.967,
				0.6,
				1,
				1,
				0.6,
				1.033,
				1,
				1.067,
				1,
				1,
				1.267,
				1,
				1.467,
				0.7,
				1.667,
				0.7,
				1,
				1.978,
				0.7,
				2.289,
				1,
				2.6,
				1,
				1,
				2.633,
				1,
				2.667,
				0.6,
				2.7,
				0.6,
				1,
				2.733,
				0.6,
				2.767,
				1,
				2.8,
				1,
				1,
				3.022,
				1,
				3.244,
				0.9,
				3.467,
				0.9,
				1,
				3.6,
				0.9,
				3.733,
				1,
				3.867,
				1,
				1,
				3.9,
				1,
				3.933,
				0.6,
				3.967,
				0.6,
				1,
				4,
				0.6,
				4.033,
				1,
				4.067,
				1,
				1,
				4.356,
				1,
				4.644,
				0.9,
				4.933,
				0.9,
				1,
				5.156,
				0.9,
				5.378,
				1,
				5.6,
				1,
				1,
				5.633,
				1,
				5.667,
				0.6,
				5.7,
				0.6,
				1,
				5.733,
				0.6,
				5.767,
				1,
				5.8,
				1,
				1,
				5.867,
				1,
				5.933,
				1,
				6,
				1
			]
		},
		{
			"Target": "Parameter",
			"Id": "Param9",
			"Segments": [
				0,
				1,
				1,
				0.022,
				1,
				0.044,
				1,
				0.067,
				1,
				1,
				0.1,
				1,
				0.133,
				0.7,
				0.167,
				0.7,
				1,
				0.2,
				0.7,
				0.233,
				1,
				0.267,
				1,
				1,
				0.533,
				1,
				0.8,
				0.5,
				1.067,
				0.5,
				1,
				1.344,
				0.5,
				1.622,
				1,
				1.9,
				1,
				1,
				1.933,
				1,
				1.967,
				0.7,
				2,
				0.7,
				1,
				2.033,
				0.7,
				2.067,
				1,
				2.1,
				1,
				1,
				2.289,
				1,
				2.478,
				0.8,
				2.667,
				0.8,
				1,
				2.8,
				0.8,
				2.933,
				1,
				3.067,
				1,
				1,
				3.1,
				1,
				3.133,
				0.7,
				3.167,
				0.7,
				1,
				3.2,
				0.7,
				3.233,
				1,
				3.267,
				1,
				1,
				3.522,
				1,
				3.778,
				0.7,
				4.033,
				0.7,
				1,
				4.322,
				0.7,
				4.611,
				1,
				4.9,
				1,
				1,
				4.933,
				1,
				4.967,
				0.7,
				5,
				0.7,
				1,
				5.033,
				0.7,
				5.067,
				1,
				5.1,
				1,
				1,
				5.4,
				1,
				5.7,
				1,
				6,
				1
			]
		},
		{
			"Target": "Parameter",
			"Id": "Param22",
			"Segments": [
				0,
				1,
				1,
				0.822,
				1,
				1.644,
				0.5,
				2.467,
				0.5,
				1,
				3.644,
				0.5,
				4.822,
				1,
				6,
				1
			]
		},
		{
			"Target": "Parameter",
			"Id": "Param10",
			"Segments": [
				0,
				1,
				1,
				0.078,
				1,
				0.156,
				1,
				0.233,
				1,
				1,
				0.267,
				1,
				0.3,
				0.6,
				0.333,
				0.6,
				1,
				0.367,
				0.6,
				0.4,
				1,
				0.433,
				1,
				1,
				0.722,
				1,
				1.011,
				1,
				1.3,
				1,
				1,
				1.333,
				1,
				1.367,
				0.6,
				1.4,
				0.6,
				1,
				1.433,
				0.6,
				1.467,
				1,
				1.5,
				1,
				1,
				1.533,
				1,
				1.567,
				0.6,
				1.6,
				0.6,
				1,
				1.633,
				0.6,
				1.667,
				1,
				1.7,
				1,
				1,
				2.211,
				1,
				2.722,
				1,
				3.233,
				1,
				1,
				3.267,
				1,
				3.3,
				0.6,
				3.333,
				0.6,
				1,
				3.367,
				0.6,
				3.4,
				1,
				3.433,
				1,
				1,
				3.722,
				1,
				4.011,
				1,
				4.3,
				1,
				1,
				4.333,
				1,
				4.367,
				0.6,
				4.4,
				0.6,
				1,
				4.433,
				0.6,
				4.467,
				1,
				4.5,
				1,
				1,
				4.533,
				1,
				4.567,
				0.6,
				4.6,
				0.6,
				1,
				4.633,
				0.6,
				4.667,
				1,
				4.7,
				1,
				1,
				5.133,
				1,
				5.567,
				1,
				6,
				1
			]
		},
		{
			"Target": "Parameter",
			"Id": "Param11",
			"Segments": [
				0,
				1,
				1,
				0.2,
				1,
				0.4,
				1,
				0.6,
				1,
				1,
				0.633,
				1,
				0.667,
				0.4,
				0.7,
				0.4,
				1,
				0.733,
				0.4,
				0.767,
				1,
				0.8,
				1,
				1,
				1.267,
				1,
				1.733,
				1,
				2.2,
				1,
				1,
				2.233,
				1,
				2.267,
				0.4,
				2.3,
				0.4,
				1,
				2.333,
				0.4,
				2.367,
				1,
				2.4,
				1,
				1,
				2.8,
				1,
				3.2,
				1,
				3.6,
				1,
				1,
				3.633,
				1,
				3.667,
				0.4,
				3.7,
				0.4,
				1,
				3.733,
				0.4,
				3.767,
				1,
				3.8,
				1,
				1,
				4.267,
				1,
				4.733,
				1,
				5.2,
				1,
				1,
				5.233,
				1,
				5.267,
				0.4,
				5.3,
				0.4,
				1,
				5.333,
				0.4,
				5.367,
				1,
				5.4,
				1,
				1,
				5.6,
				1,
				5.8,
				1,
				6,
				1
			]
		},
		{
			"Target": "Parameter",
			"Id": "Param12",
			"Segments": [
				0,
				1,
				1,
				0.111,
				1,
				0.222,
				1,
				0.333,
				1,
				1,
				0.367,
				1,
				0.4,
				0.5,
				0.433,
				0.5,
				1,
				0.467,
				0.5,
				0.5,
				1,
				0.533,
				1,
				1,
				0.978,
				1,
				1.422,
				1,
				1.867,
				1,
				1,
				1.9,
				1,
				1.933,
				0.5,
				1.967,
				0.5,
				1,
				2,
				0.5,
				2.033,
				1,
				2.067,
				1,
				1,
				2.489,
				1,
				2.911,
				1,
				3.333,
				1,
				1,
				3.367,
				1,
				3.4,
				0.5,
				3.433,
				0.5,
				1,
				3.467,
				0.5,
				3.5,
				1,
				3.533,
				1,
				1,
				3.978,
				1,
				4.422,
				1,
				4.867,
				1,
				1,
				4.9,
				1,
				4.933,
				0.5,
				4.967,
				0.5,
				1,
				5,
				0.5,
				5.033,
				1,
				5.067,
				1,
				1,
				5.378,
				1,
				5.689,
				1,
				6,
				1
			]
		},
		{
			"Target": "Parameter",
			"Id": "Param13",
			"Segments": [
				0,
				1,
				1,
				0.256,
				1,
				0.511,
				1,
				0.767,
				1,
				1,
				0.8,
				1,
				0.833,
				0.6,
				0.867,
				0.6,
				1,
				0.9,
				0.6,
				0.933,
				1,
				0.967,
				1,
				1,
				1.1,
				1,
				1.233,
				1,
				1.367,
				1,
				1,
				1.4,
				1,
				1.433,
				0.6,
				1.467,
				0.6,
				1,
				1.5,
				0.6,
				1.533,
				1,
				1.567,
				1,
				1,
				2.3,
				1,
				3.033,
				1,
				3.767,
				1,
				1,
				3.8,
				1,
				3.833,
				0.6,
				3.867,
				0.6,
				1,
				3.9,
				0.6,
				3.933,
				1,
				3.967,
				1,
				1,
				4.1,
				1,
				4.233,
				1,
				4.367,
				1,
				1,
				4.4,
				1,
				4.433,
				0.6,
				4.467,
				0.6,
				1,
				4.5,
				0.6,
				4.533,
				1,
				4.567,
				1,
				1,
				5.044,
				1,
				5.522,
				1,
				6,
				1
			]
		},
		{
			"Target": "Parameter",
			"Id": "Param14",
			"Segments": [
				0,
				1,
				1,
				0.022,
				1,
				0.044,
				1,
				0.067,
				1,
				1,
				0.1,
				1,
				0.133,
				0.6,
				0.167,
				0.6,
				1,
				0.2,
				0.6,
				0.233,
				1,
				0.267,
				1,
				1,
				0.956,
				1,
				1.644,
				1,
				2.333,
				1,
				1,
				2.367,
				1,
				2.4,
				0.6,
				2.433,
				0.6,
				1,
				2.467,
				0.6,
				2.5,
				1,
				2.533,
				1,
				1,
				2.711,
				1,
				2.889,
				1,
				3.067,
				1,
				1,
				3.1,
				1,
				3.133,
				0.6,
				3.167,
				0.6,
				1,
				3.2,
				0.6,
				3.233,
				1,
				3.267,
				1,
				1,
				3.956,
				1,
				4.644,
				1,
				5.333,
				1,
				1,
				5.367,
				1,
				5.4,
				0.6,
				5.433,
				0.6,
				1,
				5.467,
				0.6,
				5.5,
				1,
				5.533,
				1,
				1,
				5.689,
				1,
				5.844,
				1,
				6,
				1
			]
		},
		{
			"Target": "Parameter",
			"Id": "Param15",
			"Segments": [
				0,
				1,
				1,
				0.211,
				1,
				0.422,
				1,
				0.633,
				1,
				1,
				0.667,
				1,
				0.7,
				0.6,
				0.733,
				0.6,
				1,
				0.767,
				0.6,
				0.8,
				1,
				0.833,
				1,
				1,
				0.922,
				1,
				1.011,
				1,
				1.1,
				1,
				1,
				1.133,
				1,
				1.167,
				0.6,
				1.2,
				0.6,
				1,
				1.233,
				0.6,
				1.267,
				1,
				1.3,
				1,
				1,
				1.489,
				1,
				1.678,
				1,
				1.867,
				1,
				1,
				1.9,
				1,
				1.933,
				0.6,
				1.967,
				0.6,
				1,
				2,
				0.6,
				2.033,
				1,
				2.067,
				1,
				1,
				2.589,
				1,
				3.111,
				1,
				3.633,
				1,
				1,
				3.667,
				1,
				3.7,
				0.6,
				3.733,
				0.6,
				1,
				3.767,
				0.6,
				3.8,
				1,
				3.833,
				1,
				1,
				3.922,
				1,
				4.011,
				1,
				4.1,
				1,
				1,
				4.133,
				1,
				4.167,
				0.6,
				4.2,
				0.6,
				1,
				4.233,
				0.6,
				4.267,
				1,
				4.3,
				1,
				1,
				4.489,
				1,
				4.678,
				1,
				4.867,
				1,
				1,
				4.9,
				1,
				4.933,
				0.6,
				4.967,
				0.6,
				1,
				5,
				0.6,
				5.033,
				1,
				5.067,
				1,
				1,
				5.378,
				1,
				5.689,
				1,
				6,
				1
			]
		},
		{
			"Target": "Parameter",
			"Id": "Param16",
			"Segments": [
				0,
				1,
				1,
				0.044,
				1,
				0.089,
				1,
				0.133,
				1,
				1,
				0.167,
				1,
				0.2,
				0.8,
				0.233,
				0.8,
				1,
				0.267,
				0.8,
				0.3,
				1,
				0.333,
				1,
				1,
				0.456,
				1,
				0.578,
				0.7,
				0.7,
				0.7,
				1,
				1.033,
				0.7,
				1.367,
				1,
				1.7,
				1,
				1,
				1.733,
				1,
				1.767,
				0.8,
				1.8,
				0.8,
				1,
				1.833,
				0.8,
				1.867,
				1,
				1.9,
				1,
				1,
				2.089,
				1,
				2.278,
				0.9,
				2.467,
				0.9,
				1,
				2.689,
				0.9,
				2.911,
				1,
				3.133,
				1,
				1,
				3.167,
				1,
				3.2,
				0.8,
				3.233,
				0.8,
				1,
				3.267,
				0.8,
				3.3,
				1,
				3.333,
				1,
				1,
				3.567,
				1,
				3.8,
				0.8,
				4.033,
				0.8,
				1,
				4.256,
				0.8,
				4.478,
				1,
				4.7,
				1,
				1,
				4.733,
				1,
				4.767,
				0.8,
				4.8,
				0.8,
				1,
				4.833,
				0.8,
				4.867,
				1,
				4.9,
				1,
				1,
				5.267,
				1,
				5.633,
				1,
				6,
				1
			]
		},
		{
			"Target": "Parameter",
			"Id": "Param17",
			"Segments": [
				0,
				1,
				1,
				0.189,
				1,
				0.378,
				1,
				0.567,
				1,
				1,
				0.6,
				1,
				0.633,
				0.8,
				0.667,
				0.8,
				1,
				0.711,
				0.8,
				0.756,
				1,
				0.8,
				1,
				1,
				1.056,
				1,
				1.311,
				1,
				1.567,
				1,
				1,
				1.6,
				1,
				1.633,
				0.8,
				1.667,
				0.8,
				1,
				1.711,
				0.8,
				1.756,
				1,
				1.8,
				1,
				1,
				2.144,
				1,
				2.489,
				0.6,
				2.833,
				0.6,
				1,
				3.078,
				0.6,
				3.322,
				1,
				3.567,
				1,
				1,
				3.6,
				1,
				3.633,
				0.8,
				3.667,
				0.8,
				1,
				3.711,
				0.8,
				3.756,
				1,
				3.8,
				1,
				1,
				4.056,
				1,
				4.311,
				1,
				4.567,
				1,
				1,
				4.6,
				1,
				4.633,
				0.8,
				4.667,
				0.8,
				1,
				4.711,
				0.8,
				4.756,
				1,
				4.8,
				1,
				1,
				5,
				1,
				5.2,
				0.9,
				5.4,
				0.9,
				1,
				5.6,
				0.9,
				5.8,
				1,
				6,
				1
			]
		},
		{
			"Target": "Parameter",
			"Id": "Param18",
			"Segments": [
				0,
				1,
				1,
				0.122,
				1,
				0.244,
				0.9,
				0.367,
				0.9,
				1,
				0.578,
				0.9,
				0.789,
				1,
				1,
				1,
				1,
				1.033,
				1,
				1.067,
				0.8,
				1.1,
				0.8,
				1,
				1.144,
				0.8,
				1.189,
				1,
				1.233,
				1,
				1,
				1.311,
				1,
				1.389,
				0.8,
				1.467,
				0.8,
				1,
				1.678,
				0.8,
				1.889,
				1,
				2.1,
				1,
				1,
				2.133,
				1,
				2.167,
				0.8,
				2.2,
				0.8,
				1,
				2.244,
				0.8,
				2.289,
				1,
				2.333,
				1,
				1,
				2.589,
				1,
				2.844,
				0.9,
				3.1,
				0.9,
				1,
				3.4,
				0.9,
				3.7,
				1,
				4,
				1,
				1,
				4.033,
				1,
				4.067,
				0.8,
				4.1,
				0.8,
				1,
				4.144,
				0.8,
				4.189,
				1,
				4.233,
				1,
				1,
				4.522,
				1,
				4.811,
				1,
				5.1,
				1,
				1,
				5.133,
				1,
				5.167,
				0.8,
				5.2,
				0.8,
				1,
				5.244,
				0.8,
				5.289,
				1,
				5.333,
				1,
				1,
				5.556,
				1,
				5.778,
				1,
				6,
				1
			]
		},
		{
			"Target": "Parameter",
			"Id": "Param19",
			"Segments": [
				0,
				1,
				1,
				0.1,
				1,
				0.2,
				1,
				0.3,
				1,
				1,
				0.333,
				1,
				0.367,
				0.7,
				0.4,
				0.7,
				1,
				0.433,
				0.7,
				0.467,
				1,
				0.5,
				1,
				1,
				0.578,
				1,
				0.656,
				0.9,
				0.733,
				0.9,
				1,
				0.911,
				0.9,
				1.089,
				1,
				1.267,
				1,
				1,
				1.3,
				1,
				1.333,
				0.7,
				1.367,
				0.7,
				1,
				1.4,
				0.7,
				1.433,
				1,
				1.467,
				1,
				1,
				1.611,
				1,
				1.756,
				0.9,
				1.9,
				0.9,
				1,
				2.078,
				0.9,
				2.256,
				1,
				2.433,
				1,
				1,
				2.467,
				1,
				2.5,
				0.7,
				2.533,
				0.7,
				1,
				2.567,
				0.7,
				2.6,
				1,
				2.633,
				1,
				1,
				2.856,
				1,
				3.078,
				1,
				3.3,
				1,
				1,
				3.333,
				1,
				3.367,
				0.7,
				3.4,
				0.7,
				1,
				3.433,
				0.7,
				3.467,
				1,
				3.5,
				1,
				1,
				3.556,
				1,
				3.611,
				0.7,
				3.667,
				0.7,
				1,
				3.867,
				0.7,
				4.067,
				1,
				4.267,
				1,
				1,
				4.3,
				1,
				4.333,
				0.7,
				4.367,
				0.7,
				1,
				4.4,
				0.7,
				4.433,
				1,
				4.467,
				1,
				1,
				4.789,
				1,
				5.111,
				1,
				5.433,
				1,
				1,
				5.467,
				1,
				5.5,
				0.7,
				5.533,
				0.7,
				1,
				5.567,
				0.7,
				5.6,
				1,
				5.633,
				1,
				1,
				5.756,
				1,
				5.878,
				1,
				6,
				1
			]
		},
		{
			"Target": "Parameter",
			"Id": "Param20",
			"Segments": [
				0,
				1,
				1,
				0.289,
				1,
				0.578,
				1,
				0.867,
				1,
				1,
				0.9,
				1,
				0.933,
				0.8,
				0.967,
				0.8,
				1,
				1,
				0.8,
				1.033,
				1,
				1.067,
				1,
				1,
				1.367,
				1,
				1.667,
				1,
				1.967,
				1,
				1,
				2,
				1,
				2.033,
				0.8,
				2.067,
				0.8,
				1,
				2.1,
				0.8,
				2.133,
				1,
				2.167,
				1,
				1,
				2.411,
				1,
				2.656,
				0.7,
				2.9,
				0.7,
				1,
				3.222,
				0.7,
				3.544,
				1,
				3.867,
				1,
				1,
				3.9,
				1,
				3.933,
				0.8,
				3.967,
				0.8,
				1,
				4,
				0.8,
				4.033,
				1,
				4.067,
				1,
				1,
				4.367,
				1,
				4.667,
				1,
				4.967,
				1,
				1,
				5,
				1,
				5.033,
				0.8,
				5.067,
				0.8,
				1,
				5.1,
				0.8,
				5.133,
				1,
				5.167,
				1,
				1,
				5.444,
				1,
				5.722,
				1,
				6,
				1
			]
		},
		{
			"Target": "Parameter",
			"Id": "Param21",
			"Segments": [
				0,
				1,
				1,
				0.033,
				1,
				0.067,
				0.5,
				0.1,
				0.5,
				1,
				0.133,
				0.5,
				0.167,
				1,
				0.2,
				1,
				1,
				0.411,
				1,
				0.622,
				0.9,
				0.833,
				0.9,
				1,
				1.122,
				0.9,
				1.411,
				1,
				1.7,
				1,
				1,
				1.733,
				1,
				1.767,
				0.5,
				1.8,
				0.5,
				1,
				1.833,
				0.5,
				1.867,
				1,
				1.9,
				1,
				1,
				2.267,
				1,
				2.633,
				1,
				3,
				1,
				1,
				3.033,
				1,
				3.067,
				0.5,
				3.1,
				0.5,
				1,
				3.133,
				0.5,
				3.167,
				1,
				3.2,
				1,
				1,
				3.456,
				1,
				3.711,
				0.5,
				3.967,
				0.5,
				1,
				4.211,
				0.5,
				4.456,
				1,
				4.7,
				1,
				1,
				4.733,
				1,
				4.767,
				0.5,
				4.8,
				0.5,
				1,
				4.833,
				0.5,
				4.867,
				1,
				4.9,
				1,
				1,
				5,
				1,
				5.1,
				0.9,
				5.2,
				0.9,
				1,
				5.467,
				0.9,
				5.733,
				1,
				6,
				1
			]
		},
		{
			"Target": "Parameter",
			"Id": "Param23",
			"Segments": [
				0,
				0.3,
				1,
				0.056,
				0.3,
				0.111,
				0.297,
				0.167,
				0.4,
				1,
				0.267,
				0.586,
				0.367,
				0.8,
				0.467,
				0.8,
				1,
				0.522,
				0.8,
				0.578,
				0.2,
				0.633,
				0.2,
				1,
				0.7,
				0.2,
				0.767,
				1,
				0.833,
				1,
				1,
				0.878,
				1,
				0.922,
				0.1,
				0.967,
				0.1,
				1,
				1,
				0.1,
				1.033,
				1,
				1.067,
				1,
				1,
				1.156,
				1,
				1.244,
				0.5,
				1.333,
				0.5,
				1,
				1.422,
				0.5,
				1.511,
				1,
				1.6,
				1,
				1,
				1.633,
				1,
				1.667,
				0,
				1.7,
				0,
				1,
				1.756,
				0,
				1.811,
				0.7,
				1.867,
				0.7,
				1,
				1.956,
				0.7,
				2.044,
				0.5,
				2.133,
				0.5,
				1,
				2.244,
				0.5,
				2.356,
				1,
				2.467,
				1,
				1,
				2.533,
				1,
				2.6,
				0.2,
				2.667,
				0.2,
				1,
				2.711,
				0.2,
				2.756,
				0.8,
				2.8,
				0.8,
				1,
				2.9,
				0.8,
				3,
				0.4,
				3.1,
				0.4,
				1,
				3.2,
				0.4,
				3.3,
				0.8,
				3.4,
				0.8,
				1,
				3.456,
				0.8,
				3.511,
				0.2,
				3.567,
				0.2,
				1,
				3.633,
				0.2,
				3.7,
				1,
				3.767,
				1,
				1,
				3.811,
				1,
				3.856,
				0.1,
				3.9,
				0.1,
				1,
				3.933,
				0.1,
				3.967,
				1,
				4,
				1,
				1,
				4.089,
				1,
				4.178,
				0.5,
				4.267,
				0.5,
				1,
				4.356,
				0.5,
				4.444,
				1,
				4.533,
				1,
				1,
				4.567,
				1,
				4.6,
				0,
				4.633,
				0,
				1,
				4.689,
				0,
				4.744,
				0.7,
				4.8,
				0.7,
				1,
				4.889,
				0.7,
				4.978,
				0.5,
				5.067,
				0.5,
				1,
				5.178,
				0.5,
				5.289,
				1,
				5.4,
				1,
				1,
				5.467,
				1,
				5.533,
				0.2,
				5.6,
				0.2,
				1,
				5.644,
				0.2,
				5.689,
				0.8,
				5.733,
				0.8,
				1,
				5.822,
				0.8,
				5.911,
				0.3,
				6,
				0.3
			]
		},
		{
			"Target": "Parameter",
			"Id": "Param24",
			"Segments": [
				0,
				1,
				1,
				0.078,
				1,
				0.156,
				0.6,
				0.233,
				0.6,
				1,
				0.3,
				0.6,
				0.367,
				1,
				0.433,
				1,
				1,
				0.511,
				1,
				0.589,
				0,
				0.667,
				0,
				1,
				0.722,
				0,
				0.778,
				1,
				0.833,
				1,
				1,
				0.911,
				1,
				0.989,
				0.8,
				1.067,
				0.8,
				1,
				1.2,
				0.8,
				1.333,
				1,
				1.467,
				1,
				1,
				1.567,
				1,
				1.667,
				0.5,
				1.767,
				0.5,
				1,
				1.878,
				0.5,
				1.989,
				0.765,
				2.1,
				0.9,
				1,
				2.189,
				1.008,
				2.278,
				1,
				2.367,
				1,
				1,
				2.467,
				1,
				2.567,
				0.4,
				2.667,
				0.4,
				1,
				2.767,
				0.4,
				2.867,
				0.9,
				2.967,
				0.9,
				1,
				3.033,
				0.9,
				3.1,
				0.789,
				3.167,
				0.6,
				1,
				3.311,
				0.19,
				3.456,
				0,
				3.6,
				0,
				1,
				3.678,
				0,
				3.756,
				1,
				3.833,
				1,
				1,
				3.844,
				1,
				3.856,
				1,
				3.867,
				1,
				1,
				3.911,
				1,
				3.956,
				0.8,
				4,
				0.8,
				1,
				4.133,
				0.8,
				4.267,
				1,
				4.4,
				1,
				1,
				4.5,
				1,
				4.6,
				0.5,
				4.7,
				0.5,
				1,
				4.811,
				0.5,
				4.922,
				0.9,
				5.033,
				0.9,
				1,
				5.222,
				0.9,
				5.411,
				0.4,
				5.6,
				0.4,
				1,
				5.7,
				0.4,
				5.8,
				0.614,
				5.9,
				0.9,
				1,
				5.933,
				0.995,
				5.967,
				1,
				6,
				1
			]
		},
		{
			"Target": "Parameter",
			"Id": "Param25",
			"Segments": [
				0,
				0.5,
				1,
				0.067,
				0.5,
				0.133,
				1,
				0.2,
				1,
				1,
				0.289,
				1,
				0.378,
				1,
				0.467,
				1,
				1,
				0.556,
				1,
				0.644,
				1,
				0.733,
				1,
				1,
				0.778,
				1,
				0.822,
				1,
				0.867,
				1,
				1,
				0.978,
				1,
				1.089,
				1,
				1.2,
				1,
				1,
				1.233,
				1,
				1.267,
				0.7,
				1.3,
				0.7,
				1,
				1.4,
				0.7,
				1.5,
				0.709,
				1.6,
				0.8,
				1,
				1.678,
				0.871,
				1.756,
				1,
				1.833,
				1,
				1,
				1.911,
				1,
				1.989,
				1,
				2.067,
				1,
				1,
				2.122,
				1,
				2.178,
				1,
				2.233,
				1,
				1,
				2.333,
				1,
				2.433,
				0.6,
				2.533,
				0.6,
				1,
				2.656,
				0.6,
				2.778,
				1,
				2.9,
				1,
				1,
				2.978,
				1,
				3.056,
				1,
				3.133,
				1,
				1,
				3.222,
				1,
				3.311,
				0.9,
				3.4,
				0.9,
				1,
				3.489,
				0.9,
				3.578,
				1,
				3.667,
				1,
				1,
				3.733,
				1,
				3.8,
				1,
				3.867,
				1,
				1,
				3.956,
				1,
				4.044,
				1,
				4.133,
				1,
				1,
				4.267,
				1,
				4.4,
				0.8,
				4.533,
				0.8,
				1,
				4.589,
				0.8,
				4.644,
				1,
				4.7,
				1,
				1,
				4.8,
				1,
				4.9,
				1,
				5,
				1,
				1,
				5.056,
				1,
				5.111,
				1,
				5.167,
				1,
				1,
				5.267,
				1,
				5.367,
				1.003,
				5.467,
				0.9,
				1,
				5.644,
				0.716,
				5.822,
				0.5,
				6,
				0.5
			]
		},
		{
			"Target": "Parameter",
			"Id": "Param26",
			"Segments": [
				0,
				1,
				1,
				0.078,
				1,
				0.156,
				1,
				0.233,
				1,
				1,
				0.311,
				1,
				0.389,
				0.8,
				0.467,
				0.8,
				1,
				0.556,
				0.8,
				0.644,
				0.8,
				0.733,
				0.8,
				1,
				0.789,
				0.8,
				0.844,
				1,
				0.9,
				1,
				1,
				0.956,
				1,
				1.011,
				1,
				1.067,
				1,
				1,
				1.133,
				1,
				1.2,
				0.8,
				1.267,
				0.8,
				1,
				1.333,
				0.8,
				1.4,
				1,
				1.467,
				1,
				1,
				1.511,
				1,
				1.556,
				1,
				1.6,
				1,
				1,
				1.656,
				1,
				1.711,
				1,
				1.767,
				1,
				1,
				1.833,
				1,
				1.9,
				0.7,
				1.967,
				0.7,
				1,
				2,
				0.7,
				2.033,
				0.746,
				2.067,
				0.8,
				1,
				2.156,
				0.943,
				2.244,
				1,
				2.333,
				1,
				1,
				2.444,
				1,
				2.556,
				0.8,
				2.667,
				0.8,
				1,
				2.744,
				0.8,
				2.822,
				1,
				2.9,
				1,
				1,
				3.067,
				1,
				3.233,
				0.8,
				3.4,
				0.8,
				1,
				3.489,
				0.8,
				3.578,
				0.8,
				3.667,
				0.8,
				1,
				3.722,
				0.8,
				3.778,
				1,
				3.833,
				1,
				1,
				3.956,
				1,
				4.078,
				0.8,
				4.2,
				0.8,
				1,
				4.3,
				0.8,
				4.4,
				1,
				4.5,
				1,
				1,
				4.633,
				1,
				4.767,
				0.9,
				4.9,
				0.9,
				1,
				4.933,
				0.9,
				4.967,
				1,
				5,
				1,
				1,
				5.089,
				1,
				5.178,
				1,
				5.267,
				1,
				1,
				5.378,
				1,
				5.489,
				1,
				5.6,
				1,
				1,
				5.678,
				1,
				5.756,
				1,
				5.833,
				1,
				1,
				5.889,
				1,
				5.944,
				1,
				6,
				1
			]
		},
		{
			"Target": "Parameter",
			"Id": "Param27",
			"Segments": [
				0,
				1,
				1,
				0.056,
				1,
				0.111,
				1,
				0.167,
				1,
				1,
				0.2,
				1,
				0.233,
				0.3,
				0.267,
				0.3,
				1,
				0.344,
				0.3,
				0.422,
				1,
				0.5,
				1,
				1,
				0.578,
				1,
				0.656,
				0.9,
				0.733,
				0.9,
				1,
				0.811,
				0.9,
				0.889,
				1,
				0.967,
				1,
				1,
				1.022,
				1,
				1.078,
				0.7,
				1.133,
				0.7,
				1,
				1.178,
				0.7,
				1.222,
				1,
				1.267,
				1,
				1,
				1.367,
				1,
				1.467,
				0.8,
				1.567,
				0.8,
				1,
				1.578,
				0.8,
				1.589,
				1,
				1.6,
				1,
				1,
				1.689,
				1,
				1.778,
				0.6,
				1.867,
				0.6,
				1,
				1.922,
				0.6,
				1.978,
				1,
				2.033,
				1,
				1,
				2.111,
				1,
				2.189,
				1,
				2.267,
				1,
				1,
				2.367,
				1,
				2.467,
				0.6,
				2.567,
				0.6,
				1,
				2.633,
				0.6,
				2.7,
				1,
				2.767,
				1,
				1,
				2.878,
				1,
				2.989,
				1,
				3.1,
				1,
				1,
				3.122,
				1,
				3.144,
				1,
				3.167,
				1,
				1,
				3.178,
				1,
				3.189,
				0.3,
				3.2,
				0.3,
				1,
				3.267,
				0.3,
				3.333,
				1,
				3.4,
				1,
				1,
				3.489,
				1,
				3.578,
				0.978,
				3.667,
				0.9,
				1,
				3.8,
				0.782,
				3.933,
				0.7,
				4.067,
				0.7,
				1,
				4.211,
				0.7,
				4.356,
				0.8,
				4.5,
				0.8,
				1,
				4.511,
				0.8,
				4.522,
				0.3,
				4.533,
				0.3,
				1,
				4.611,
				0.3,
				4.689,
				1,
				4.767,
				1,
				1,
				4.911,
				1,
				5.056,
				1,
				5.2,
				1,
				1,
				5.3,
				1,
				5.4,
				0.6,
				5.5,
				0.6,
				1,
				5.667,
				0.6,
				5.833,
				1,
				6,
				1
			]
		},
		{
			"Target": "Parameter",
			"Id": "Param28",
			"Segments": [
				0,
				0.8,
				1,
				0.067,
				0.8,
				0.133,
				1,
				0.2,
				1,
				1,
				0.256,
				1,
				0.311,
				0,
				0.367,
				0,
				1,
				0.433,
				0,
				0.5,
				0.604,
				0.567,
				0.7,
				1,
				0.644,
				0.812,
				0.722,
				0.8,
				0.8,
				0.8,
				1,
				0.889,
				0.8,
				0.978,
				0.3,
				1.067,
				0.3,
				1,
				1.167,
				0.3,
				1.267,
				0.9,
				1.367,
				0.9,
				1,
				1.433,
				0.9,
				1.5,
				0.3,
				1.567,
				0.3,
				1,
				1.622,
				0.3,
				1.678,
				1,
				1.733,
				1,
				1,
				1.811,
				1,
				1.889,
				0.9,
				1.967,
				0.9,
				1,
				2.011,
				0.9,
				2.056,
				1,
				2.1,
				1,
				1,
				2.2,
				1,
				2.3,
				0.3,
				2.4,
				0.3,
				1,
				2.456,
				0.3,
				2.511,
				1,
				2.567,
				1,
				1,
				2.678,
				1,
				2.789,
				1,
				2.9,
				1,
				1,
				3.011,
				1,
				3.122,
				1,
				3.233,
				1,
				1,
				3.322,
				1,
				3.411,
				0.7,
				3.5,
				0.7,
				1,
				3.567,
				0.7,
				3.633,
				1,
				3.7,
				1,
				1,
				3.8,
				1,
				3.9,
				0.3,
				4,
				0.3,
				1,
				4.1,
				0.3,
				4.2,
				0.9,
				4.3,
				0.9,
				1,
				4.367,
				0.9,
				4.433,
				0.3,
				4.5,
				0.3,
				1,
				4.611,
				0.3,
				4.722,
				1,
				4.833,
				1,
				1,
				4.9,
				1,
				4.967,
				1,
				5.033,
				1,
				1,
				5.133,
				1,
				5.233,
				0.3,
				5.333,
				0.3,
				1,
				5.5,
				0.3,
				5.667,
				1,
				5.833,
				1,
				1,
				5.889,
				1,
				5.944,
				0.8,
				6,
				0.8
			]
		},
		{
			"Target": "Parameter",
			"Id": "ParamBreath",
			"Segments": [
				0,
				0,
				1,
				1,
				0,
				2,
				1,
				3,
				1,
				1,
				4,
				1,
				5,
				0,
				6,
				0
			]
		},
		{
			"Target": "Parameter",
			"Id": "ParamEyes",
			"Segments": [
				0,
				0,
				1,
				0.356,
				0,
				0.711,
				0,
				1.067,
				0,
				1,
				1.111,
				0,
				1.156,
				1,
				1.2,
				1,
				1,
				1.211,
				1,
				1.222,
				1,
				1.233,
				1,
				1,
				1.278,
				1,
				1.322,
				0,
				1.367,
				0,
				1,
				2.911,
				0,
				4.456,
				0,
				6,
				0
			]
		},
		{
			"Target": "Parameter",
			"Id": "ParamEyeRL",
			"Segments": [
				0,
				0,
				1,
				0.022,
				0,
				0.044,
				0,
				0.067,
				0,
				1,
				0.089,
				0,
				0.111,
				0.1,
				0.133,
				0.1,
				1,
				0.144,
				0.1,
				0.156,
				0.1,
				0.167,
				0.1,
				1,
				0.189,
				0.1,
				0.211,
				-0.1,
				0.233,
				-0.1,
				1,
				0.256,
				-0.1,
				0.278,
				0.1,
				0.3,
				0.1,
				1,
				0.333,
				0.1,
				0.367,
				-0.1,
				0.4,
				-0.1,
				1,
				0.433,
				-0.1,
				0.467,
				-0.1,
				0.5,
				-0.1,
				1,
				0.522,
				-0.1,
				0.544,
				-0.033,
				0.567,
				0.1,
				1,
				0.589,
				0.233,
				0.611,
				0.3,
				0.633,
				0.3,
				1,
				0.667,
				0.3,
				0.7,
				0.271,
				0.733,
				0.1,
				1,
				0.756,
				-0.014,
				0.778,
				-0.2,
				0.8,
				-0.2,
				1,
				0.822,
				-0.2,
				0.844,
				-0.177,
				0.867,
				0,
				1,
				0.889,
				0.177,
				0.911,
				0.4,
				0.933,
				0.4,
				1,
				0.967,
				0.4,
				1,
				-0.1,
				1.033,
				-0.1,
				1,
				1.056,
				-0.1,
				1.078,
				-0.1,
				1.1,
				-0.1,
				1,
				1.122,
				-0.1,
				1.144,
				0.1,
				1.167,
				0.1,
				1,
				1.189,
				0.1,
				1.211,
				-0.1,
				1.233,
				-0.1,
				1,
				1.256,
				-0.1,
				1.278,
				-0.044,
				1.3,
				0,
				1,
				1.322,
				0.044,
				1.344,
				0.056,
				1.367,
				0.1,
				1,
				1.389,
				0.144,
				1.411,
				0.2,
				1.433,
				0.2,
				1,
				1.456,
				0.2,
				1.478,
				0.189,
				1.5,
				0.1,
				1,
				1.522,
				0.011,
				1.544,
				-0.1,
				1.567,
				-0.1,
				1,
				1.589,
				-0.1,
				1.611,
				0.2,
				1.633,
				0.2,
				1,
				1.656,
				0.2,
				1.678,
				0.061,
				1.7,
				0,
				1,
				1.733,
				-0.091,
				1.767,
				-0.1,
				1.8,
				-0.1,
				1,
				1.833,
				-0.1,
				1.867,
				0.3,
				1.9,
				0.3,
				1,
				1.933,
				0.3,
				1.967,
				0.143,
				2,
				0,
				1,
				2.022,
				-0.095,
				2.044,
				-0.1,
				2.067,
				-0.1,
				1,
				2.1,
				-0.1,
				2.133,
				0.1,
				2.167,
				0.1,
				1,
				2.189,
				0.1,
				2.211,
				0,
				2.233,
				0,
				1,
				2.267,
				0,
				2.3,
				0,
				2.333,
				0,
				1,
				2.367,
				0,
				2.4,
				0.1,
				2.433,
				0.1,
				1,
				2.467,
				0.1,
				2.5,
				0,
				2.533,
				0,
				1,
				2.556,
				0,
				2.578,
				0,
				2.6,
				0,
				1,
				2.622,
				0,
				2.644,
				0.1,
				2.667,
				0.1,
				1,
				2.7,
				0.1,
				2.733,
				0.067,
				2.767,
				0,
				1,
				2.8,
				-0.067,
				2.833,
				-0.1,
				2.867,
				-0.1,
				1,
				2.889,
				-0.1,
				2.911,
				0,
				2.933,
				0,
				1,
				2.956,
				0,
				2.978,
				0,
				3,
				0,
				1,
				3.022,
				0,
				3.044,
				0,
				3.067,
				0,
				1,
				3.089,
				0,
				3.111,
				0.1,
				3.133,
				0.1,
				1,
				3.144,
				0.1,
				3.156,
				0.1,
				3.167,
				0.1,
				1,
				3.189,
				0.1,
				3.211,
				-0.1,
				3.233,
				-0.1,
				1,
				3.256,
				-0.1,
				3.278,
				0.1,
				3.3,
				0.1,
				1,
				3.333,
				0.1,
				3.367,
				-0.1,
				3.4,
				-0.1,
				1,
				3.433,
				-0.1,
				3.467,
				-0.1,
				3.5,
				-0.1,
				1,
				3.522,
				-0.1,
				3.544,
				-0.033,
				3.567,
				0.1,
				1,
				3.589,
				0.233,
				3.611,
				0.3,
				3.633,
				0.3,
				1,
				3.667,
				0.3,
				3.7,
				0.271,
				3.733,
				0.1,
				1,
				3.756,
				-0.014,
				3.778,
				-0.2,
				3.8,
				-0.2,
				1,
				3.822,
				-0.2,
				3.844,
				-0.177,
				3.867,
				0,
				1,
				3.889,
				0.177,
				3.911,
				0.4,
				3.933,
				0.4,
				1,
				3.967,
				0.4,
				4,
				-0.1,
				4.033,
				-0.1,
				1,
				4.056,
				-0.1,
				4.078,
				-0.1,
				4.1,
				-0.1,
				1,
				4.122,
				-0.1,
				4.144,
				0.1,
				4.167,
				0.1,
				1,
				4.189,
				0.1,
				4.211,
				-0.1,
				4.233,
				-0.1,
				1,
				4.256,
				-0.1,
				4.278,
				-0.044,
				4.3,
				0,
				1,
				4.322,
				0.044,
				4.344,
				0.056,
				4.367,
				0.1,
				1,
				4.389,
				0.144,
				4.411,
				0.2,
				4.433,
				0.2,
				1,
				4.456,
				0.2,
				4.478,
				0.189,
				4.5,
				0.1,
				1,
				4.522,
				0.011,
				4.544,
				-0.1,
				4.567,
				-0.1,
				1,
				4.589,
				-0.1,
				4.611,
				0.2,
				4.633,
				0.2,
				1,
				4.656,
				0.2,
				4.678,
				0.061,
				4.7,
				0,
				1,
				4.733,
				-0.091,
				4.767,
				-0.1,
				4.8,
				-0.1,
				1,
				4.833,
				-0.1,
				4.867,
				0.3,
				4.9,
				0.3,
				1,
				4.933,
				0.3,
				4.967,
				0.143,
				5,
				0,
				1,
				5.022,
				-0.095,
				5.044,
				-0.1,
				5.067,
				-0.1,
				1,
				5.1,
				-0.1,
				5.133,
				0.1,
				5.167,
				0.1,
				1,
				5.189,
				0.1,
				5.211,
				0,
				5.233,
				0,
				1,
				5.267,
				0,
				5.3,
				0,
				5.333,
				0,
				1,
				5.367,
				0,
				5.4,
				0.1,
				5.433,
				0.1,
				1,
				5.467,
				0.1,
				5.5,
				0,
				5.533,
				0,
				1,
				5.556,
				0,
				5.578,
				0,
				5.6,
				0,
				1,
				5.622,
				0,
				5.644,
				0.1,
				5.667,
				0.1,
				1,
				5.7,
				0.1,
				5.733,
				0.067,
				5.767,
				0,
				1,
				5.8,
				-0.067,
				5.833,
				-0.1,
				5.867,
				-0.1,
				1,
				5.889,
				-0.1,
				5.911,
				0,
				5.933,
				0,
				1,
				5.956,
				0,
				5.978,
				0,
				6,
				0
			]
		},
		{
			"Target": "Parameter",
			"Id": "ParamEyeHB",
			"Segments": [
				0,
				0,
				1,
				0.022,
				0,
				0.044,
				0.1,
				0.067,
				0.1,
				1,
				0.089,
				0.1,
				0.111,
				-0.2,
				0.133,
				-0.2,
				1,
				0.144,
				-0.2,
				0.156,
				0.1,
				0.167,
				0.1,
				1,
				0.189,
				0.1,
				0.211,
				-0.3,
				0.233,
				-0.3,
				1,
				0.256,
				-0.3,
				0.278,
				0.1,
				0.3,
				0.1,
				1,
				0.333,
				0.1,
				0.367,
				0.1,
				0.4,
				0.1,
				1,
				0.433,
				0.1,
				0.467,
				-0.2,
				0.5,
				-0.2,
				1,
				0.522,
				-0.2,
				0.544,
				0.2,
				0.567,
				0.2,
				1,
				0.589,
				0.2,
				0.611,
				-0.1,
				0.633,
				-0.1,
				1,
				0.667,
				-0.1,
				0.7,
				-0.091,
				0.733,
				0,
				1,
				0.756,
				0.061,
				0.778,
				0.2,
				0.8,
				0.2,
				1,
				0.822,
				0.2,
				0.844,
				-0.4,
				0.867,
				-0.4,
				1,
				0.889,
				-0.4,
				0.911,
				0.2,
				0.933,
				0.2,
				1,
				0.967,
				0.2,
				1,
				0.2,
				1.033,
				0.1,
				1,
				1.056,
				0.034,
				1.078,
				-0.3,
				1.1,
				-0.3,
				1,
				1.122,
				-0.3,
				1.144,
				-0.233,
				1.167,
				-0.1,
				1,
				1.189,
				0.033,
				1.211,
				0.1,
				1.233,
				0.1,
				1,
				1.256,
				0.1,
				1.278,
				0.044,
				1.3,
				0,
				1,
				1.322,
				-0.044,
				1.344,
				-0.056,
				1.367,
				-0.1,
				1,
				1.389,
				-0.144,
				1.411,
				-0.2,
				1.433,
				-0.2,
				1,
				1.456,
				-0.2,
				1.478,
				-0.089,
				1.5,
				0,
				1,
				1.522,
				0.089,
				1.544,
				0.1,
				1.567,
				0.1,
				1,
				1.589,
				0.1,
				1.611,
				-0.1,
				1.633,
				-0.1,
				1,
				1.656,
				-0.1,
				1.678,
				-0.1,
				1.7,
				-0.1,
				1,
				1.733,
				-0.1,
				1.767,
				0,
				1.8,
				0,
				1,
				1.833,
				0,
				1.867,
				-0.2,
				1.9,
				-0.2,
				1,
				1.933,
				-0.2,
				1.967,
				0.1,
				2,
				0.1,
				1,
				2.022,
				0.1,
				2.044,
				-0.2,
				2.067,
				-0.2,
				1,
				2.1,
				-0.2,
				2.133,
				0,
				2.167,
				0,
				1,
				2.189,
				0,
				2.211,
				0,
				2.233,
				0,
				1,
				2.267,
				0,
				2.3,
				0,
				2.333,
				0,
				1,
				2.367,
				0,
				2.4,
				-0.011,
				2.433,
				-0.1,
				1,
				2.467,
				-0.189,
				2.5,
				-0.3,
				2.533,
				-0.3,
				1,
				2.556,
				-0.3,
				2.578,
				0.1,
				2.6,
				0.1,
				1,
				2.622,
				0.1,
				2.644,
				0.051,
				2.667,
				0,
				1,
				2.7,
				-0.077,
				2.733,
				-0.1,
				2.767,
				-0.1,
				1,
				2.8,
				-0.1,
				2.833,
				0.1,
				2.867,
				0.1,
				1,
				2.889,
				0.1,
				2.911,
				-0.2,
				2.933,
				-0.2,
				1,
				2.956,
				-0.2,
				2.978,
				-0.089,
				3,
				0,
				1,
				3.022,
				0.089,
				3.044,
				0.1,
				3.067,
				0.1,
				1,
				3.089,
				0.1,
				3.111,
				-0.2,
				3.133,
				-0.2,
				1,
				3.144,
				-0.2,
				3.156,
				0.1,
				3.167,
				0.1,
				1,
				3.189,
				0.1,
				3.211,
				-0.3,
				3.233,
				-0.3,
				1,
				3.256,
				-0.3,
				3.278,
				0.1,
				3.3,
				0.1,
				1,
				3.333,
				0.1,
				3.367,
				0.1,
				3.4,
				0.1,
				1,
				3.433,
				0.1,
				3.467,
				-0.2,
				3.5,
				-0.2,
				1,
				3.522,
				-0.2,
				3.544,
				0.2,
				3.567,
				0.2,
				1,
				3.589,
				0.2,
				3.611,
				-0.1,
				3.633,
				-0.1,
				1,
				3.667,
				-0.1,
				3.7,
				-0.091,
				3.733,
				0,
				1,
				3.756,
				0.061,
				3.778,
				0.2,
				3.8,
				0.2,
				1,
				3.822,
				0.2,
				3.844,
				-0.4,
				3.867,
				-0.4,
				1,
				3.889,
				-0.4,
				3.911,
				0.2,
				3.933,
				0.2,
				1,
				3.967,
				0.2,
				4,
				0.2,
				4.033,
				0.1,
				1,
				4.056,
				0.034,
				4.078,
				-0.3,
				4.1,
				-0.3,
				1,
				4.122,
				-0.3,
				4.144,
				-0.233,
				4.167,
				-0.1,
				1,
				4.189,
				0.033,
				4.211,
				0.1,
				4.233,
				0.1,
				1,
				4.256,
				0.1,
				4.278,
				0.044,
				4.3,
				0,
				1,
				4.322,
				-0.044,
				4.344,
				-0.056,
				4.367,
				-0.1,
				1,
				4.389,
				-0.144,
				4.411,
				-0.2,
				4.433,
				-0.2,
				1,
				4.456,
				-0.2,
				4.478,
				-0.089,
				4.5,
				0,
				1,
				4.522,
				0.089,
				4.544,
				0.1,
				4.567,
				0.1,
				1,
				4.589,
				0.1,
				4.611,
				-0.1,
				4.633,
				-0.1,
				1,
				4.656,
				-0.1,
				4.678,
				-0.1,
				4.7,
				-0.1,
				1,
				4.733,
				-0.1,
				4.767,
				0,
				4.8,
				0,
				1,
				4.833,
				0,
				4.867,
				-0.2,
				4.9,
				-0.2,
				1,
				4.933,
				-0.2,
				4.967,
				0.1,
				5,
				0.1,
				1,
				5.022,
				0.1,
				5.044,
				-0.2,
				5.067,
				-0.2,
				1,
				5.1,
				-0.2,
				5.133,
				0,
				5.167,
				0,
				1,
				5.189,
				0,
				5.211,
				0,
				5.233,
				0,
				1,
				5.267,
				0,
				5.3,
				0,
				5.333,
				0,
				1,
				5.367,
				0,
				5.4,
				-0.011,
				5.433,
				-0.1,
				1,
				5.467,
				-0.189,
				5.5,
				-0.3,
				5.533,
				-0.3,
				1,
				5.556,
				-0.3,
				5.578,
				0.1,
				5.6,
				0.1,
				1,
				5.622,
				0.1,
				5.644,
				0.051,
				5.667,
				0,
				1,
				5.7,
				-0.077,
				5.733,
				-0.1,
				5.767,
				-0.1,
				1,
				5.8,
				-0.1,
				5.833,
				0.1,
				5.867,
				0.1,
				1,
				5.889,
				0.1,
				5.911,
				-0.2,
				5.933,
				-0.2,
				1,
				5.956,
				-0.2,
				5.978,
				0,
				6,
				0
			]
		},
		{
			"Target": "Parameter",
			"Id": "ParamEyeBS",
			"Segments": [
				0,
				0,
				1,
				0.033,
				0,
				0.067,
				0.5,
				0.1,
				0.5,
				1,
				0.144,
				0.5,
				0.189,
				-0.8,
				0.233,
				-0.8,
				1,
				0.278,
				-0.8,
				0.322,
				1,
				0.367,
				1,
				1,
				0.422,
				1,
				0.478,
				-0.6,
				0.533,
				-0.6,
				1,
				0.578,
				-0.6,
				0.622,
				1,
				0.667,
				1,
				1,
				0.711,
				1,
				0.756,
				-1,
				0.8,
				-1,
				1,
				0.844,
				-1,
				0.889,
				0.9,
				0.933,
				0.9,
				1,
				1,
				0.9,
				1.067,
				-0.8,
				1.133,
				-0.8,
				1,
				1.211,
				-0.8,
				1.289,
				0.9,
				1.367,
				0.9,
				1,
				1.444,
				0.9,
				1.522,
				-0.7,
				1.6,
				-0.7,
				1,
				1.667,
				-0.7,
				1.733,
				0.739,
				1.8,
				0.9,
				1,
				1.856,
				1.034,
				1.911,
				1,
				1.967,
				1,
				1,
				2.011,
				1,
				2.056,
				-0.9,
				2.1,
				-0.9,
				1,
				2.133,
				-0.9,
				2.167,
				0.9,
				2.2,
				0.9,
				1,
				2.244,
				0.9,
				2.289,
				-0.4,
				2.333,
				-0.4,
				1,
				2.378,
				-0.4,
				2.422,
				0.6,
				2.467,
				0.6,
				1,
				2.511,
				0.6,
				2.556,
				-0.8,
				2.6,
				-0.8,
				1,
				2.644,
				-0.8,
				2.689,
				0.9,
				2.733,
				0.9,
				1,
				2.778,
				0.9,
				2.822,
				-0.8,
				2.867,
				-0.8,
				1,
				2.911,
				-0.8,
				2.956,
				-0.491,
				3,
				0,
				1,
				3.033,
				0.368,
				3.067,
				0.5,
				3.1,
				0.5,
				1,
				3.144,
				0.5,
				3.189,
				-0.8,
				3.233,
				-0.8,
				1,
				3.278,
				-0.8,
				3.322,
				1,
				3.367,
				1,
				1,
				3.422,
				1,
				3.478,
				-0.6,
				3.533,
				-0.6,
				1,
				3.578,
				-0.6,
				3.622,
				1,
				3.667,
				1,
				1,
				3.711,
				1,
				3.756,
				-1,
				3.8,
				-1,
				1,
				3.844,
				-1,
				3.889,
				0.9,
				3.933,
				0.9,
				1,
				4,
				0.9,
				4.067,
				-0.8,
				4.133,
				-0.8,
				1,
				4.211,
				-0.8,
				4.289,
				0.9,
				4.367,
				0.9,
				1,
				4.444,
				0.9,
				4.522,
				-0.7,
				4.6,
				-0.7,
				1,
				4.667,
				-0.7,
				4.733,
				0.739,
				4.8,
				0.9,
				1,
				4.856,
				1.034,
				4.911,
				1,
				4.967,
				1,
				1,
				5.011,
				1,
				5.056,
				-0.9,
				5.1,
				-0.9,
				1,
				5.133,
				-0.9,
				5.167,
				0.9,
				5.2,
				0.9,
				1,
				5.244,
				0.9,
				5.289,
				-0.4,
				5.333,
				-0.4,
				1,
				5.378,
				-0.4,
				5.422,
				0.6,
				5.467,
				0.6,
				1,
				5.511,
				0.6,
				5.556,
				-0.8,
				5.6,
				-0.8,
				1,
				5.644,
				-0.8,
				5.689,
				0.9,
				5.733,
				0.9,
				1,
				5.778,
				0.9,
				5.822,
				-0.8,
				5.867,
				-0.8,
				1,
				5.911,
				-0.8,
				5.956,
				0,
				6,
				0
			]
		},
		{
			"Target": "Parameter",
			"Id": "ParamPaiX",
			"Segments": [
				0,
				0,
				1,
				0.056,
				0,
				0.111,
				0,
				0.167,
				0,
				1,
				0.656,
				0,
				1.144,
				0,
				1.633,
				0,
				1,
				2.144,
				0,
				2.656,
				0,
				3.167,
				0,
				1,
				3.656,
				0,
				4.144,
				0,
				4.633,
				0,
				1,
				5.089,
				0,
				5.544,
				0,
				6,
				0
			]
		},
		{
			"Target": "Parameter",
			"Id": "ParamPaiY",
			"Segments": [
				0,
				-9,
				1,
				0.544,
				-9,
				1.089,
				-4.491,
				1.633,
				0,
				1,
				2.144,
				4.216,
				2.656,
				5,
				3.167,
				5,
				1,
				3.656,
				5,
				4.144,
				4.301,
				4.633,
				0,
				1,
				5.089,
				-4.007,
				5.544,
				-8.8,
				6,
				-8.8
			]
		},
		{
			"Target": "Parameter",
			"Id": "ParamPaiX2",
			"Segments": [
				0,
				0,
				1,
				0.033,
				0,
				0.067,
				0,
				0.1,
				0,
				1,
				0.6,
				0,
				1.1,
				0,
				1.6,
				0,
				1,
				2.1,
				0,
				2.6,
				0,
				3.1,
				0,
				1,
				3.6,
				0,
				4.1,
				0,
				4.6,
				0,
				1,
				5.067,
				0,
				5.533,
				0,
				6,
				0
			]
		},
		{
			"Target": "Parameter",
			"Id": "ParamPaiY2",
			"Segments": [
				0,
				-12,
				1,
				0.033,
				-12,
				0.067,
				-12,
				0.1,
				-12,
				1,
				0.6,
				-12,
				1.1,
				-6.387,
				1.6,
				0,
				1,
				2.1,
				6.387,
				2.6,
				8,
				3.1,
				8,
				1,
				3.6,
				8,
				4.1,
				6.485,
				4.6,
				0,
				1,
				5.067,
				-6.053,
				5.533,
				-11.9,
				6,
				-11.9
			]
		},
		{
			"Target": "Parameter",
			"Id": "ParamPai2X",
			"Segments": [
				0,
				0,
				1,
				0.022,
				0,
				0.044,
				0,
				0.067,
				0,
				1,
				0.556,
				0,
				1.044,
				0,
				1.533,
				0,
				1,
				2.044,
				0,
				2.556,
				0,
				3.067,
				0,
				1,
				3.556,
				0,
				4.044,
				0,
				4.533,
				0,
				1,
				5.022,
				0,
				5.511,
				0,
				6,
				0
			]
		},
		{
			"Target": "Parameter",
			"Id": "ParamPai2Y",
			"Segments": [
				0,
				-6,
				1,
				0.022,
				-6,
				0.044,
				-6,
				0.067,
				-6,
				1,
				0.556,
				-6,
				1.044,
				-3.098,
				1.533,
				0,
				1,
				2.044,
				3.238,
				2.556,
				4,
				3.067,
				4,
				1,
				3.556,
				4,
				4.044,
				3.198,
				4.533,
				0,
				1,
				5.022,
				-3.198,
				5.511,
				-6,
				6,
				-6
			]
		},
		{
			"Target": "Parameter",
			"Id": "ParamPai2X2",
			"Segments": [
				0,
				0,
				1,
				0.5,
				0,
				1,
				0,
				1.5,
				0,
				1,
				2,
				0,
				2.5,
				0,
				3,
				0,
				1,
				3.5,
				0,
				4,
				0,
				4.5,
				0,
				1,
				5,
				0,
				5.5,
				0,
				6,
				0
			]
		},
		{
			"Target": "Parameter",
			"Id": "ParamPai2Y2",
			"Segments": [
				0,
				-8,
				1,
				0.5,
				-8,
				1,
				-5.646,
				1.5,
				0,
				1,
				2,
				5.646,
				2.5,
				9,
				3,
				9,
				1,
				3.5,
				9,
				4,
				5.646,
				4.5,
				0,
				1,
				5,
				-5.646,
				5.5,
				-8,
				6,
				-8
			]
		},
		{
			"Target": "Parameter",
			"Id": "Param_Angle_Rotation2",
			"Segments": [
				0,
				-0.4,
				1,
				0.044,
				-0.4,
				0.089,
				-0.305,
				0.133,
				-0.247,
				1,
				0.211,
				-0.144,
				0.289,
				-0.115,
				0.367,
				0,
				1,
				0.856,
				0.722,
				1.344,
				1.155,
				1.833,
				1.155,
				1,
				2.333,
				1.155,
				2.833,
				0.732,
				3.333,
				0,
				1,
				3.833,
				-0.732,
				4.333,
				-1.046,
				4.833,
				-1.046,
				1,
				5.222,
				-1.046,
				5.611,
				-0.827,
				6,
				-0.4
			]
		},
		{
			"Target": "Parameter",
			"Id": "Param_Angle_Rotation3",
			"Segments": [
				0,
				-0.7,
				1,
				0.033,
				-0.7,
				0.067,
				-0.638,
				0.1,
				-0.594,
				1,
				0.3,
				-0.329,
				0.5,
				-0.11,
				0.7,
				0.155,
				1,
				1.189,
				0.805,
				1.678,
				1.155,
				2.167,
				1.155,
				1,
				2.667,
				1.155,
				3.167,
				0.732,
				3.667,
				0,
				1,
				4.167,
				-0.732,
				4.667,
				-1.046,
				5.167,
				-1.046,
				1,
				5.411,
				-1.046,
				5.656,
				-0.976,
				5.9,
				-0.795,
				1,
				5.933,
				-0.77,
				5.967,
				-0.7,
				6,
				-0.7
			]
		},
		{
			"Target": "Parameter",
			"Id": "Param_Angle_Rotation4",
			"Segments": [
				0,
				-0.9,
				1,
				0.056,
				-0.9,
				0.111,
				-0.855,
				0.167,
				-0.795,
				1,
				0.456,
				-0.482,
				0.744,
				-0.242,
				1.033,
				0.12,
				1,
				1.522,
				0.734,
				2.011,
				1.155,
				2.5,
				1.155,
				1,
				3,
				1.155,
				3.5,
				0.732,
				4,
				0,
				1,
				4.5,
				-0.732,
				5,
				-1.046,
				5.5,
				-1.046,
				1,
				5.667,
				-1.046,
				5.833,
				-1.022,
				6,
				-0.9
			]
		},
		{
			"Target": "Parameter",
			"Id": "Param_Angle_Rotation5",
			"Segments": [
				0,
				-1,
				1,
				0.422,
				-1,
				0.844,
				-0.706,
				1.267,
				-0.083,
				1,
				1.278,
				-0.067,
				1.289,
				0,
				1.3,
				0,
				1,
				1.311,
				0,
				1.322,
				0,
				1.333,
				0,
				1,
				1.344,
				0,
				1.356,
				0.071,
				1.367,
				0.087,
				1,
				1.856,
				0.811,
				2.344,
				1.155,
				2.833,
				1.155,
				1,
				3.333,
				1.155,
				3.833,
				0.67,
				4.333,
				0,
				1,
				4.889,
				-0.745,
				5.444,
				-1,
				6,
				-1
			]
		},
		{
			"Target": "Parameter",
			"Id": "Param_Angle_Rotation6",
			"Segments": [
				0,
				-1,
				1,
				0.533,
				-1,
				1.067,
				-0.704,
				1.6,
				-0.083,
				1,
				1.611,
				-0.07,
				1.622,
				0,
				1.633,
				0,
				1,
				1.644,
				0,
				1.656,
				0,
				1.667,
				0,
				1,
				1.678,
				0,
				1.689,
				0.071,
				1.7,
				0.087,
				1,
				2.189,
				0.811,
				2.678,
				1.155,
				3.167,
				1.155,
				1,
				3.667,
				1.155,
				4.167,
				0.761,
				4.667,
				0,
				1,
				5.111,
				-0.676,
				5.556,
				-1,
				6,
				-1
			]
		},
		{
			"Target": "Parameter",
			"Id": "Param_Angle_Rotation8",
			"Segments": [
				0,
				0,
				1,
				0.011,
				0,
				0.022,
				0.024,
				0.033,
				0.039,
				1,
				0.522,
				0.686,
				1.011,
				1,
				1.5,
				1,
				1,
				2,
				1,
				2.5,
				0.667,
				3,
				0,
				1,
				3.5,
				-0.667,
				4,
				-1,
				4.5,
				-1,
				1,
				5,
				-1,
				5.5,
				-0.691,
				6,
				-0.049
			]
		},
		{
			"Target": "Parameter",
			"Id": "Param_Angle_Rotation9",
			"Segments": [
				0,
				-0.4,
				1,
				0.022,
				-0.4,
				0.044,
				-0.36,
				0.067,
				-0.319,
				1,
				0.144,
				-0.175,
				0.222,
				-0.012,
				0.3,
				0.085,
				1,
				0.811,
				0.721,
				1.322,
				1,
				1.833,
				1,
				1,
				2.333,
				1,
				2.833,
				0.667,
				3.333,
				0,
				1,
				3.833,
				-0.667,
				4.333,
				-1,
				4.833,
				-1,
				1,
				5.2,
				-1,
				5.567,
				-0.832,
				5.933,
				-0.482,
				1,
				5.956,
				-0.461,
				5.978,
				-0.442,
				6,
				-0.4
			]
		},
		{
			"Target": "Parameter",
			"Id": "Param_Angle_Rotation10",
			"Segments": [
				0,
				-1.4,
				1,
				0.056,
				-1.4,
				0.111,
				-1.26,
				0.167,
				-1.124,
				1,
				0.333,
				-0.716,
				0.5,
				-0.247,
				0.667,
				0,
				1,
				1.167,
				0.742,
				1.667,
				1,
				2.167,
				1,
				1,
				2.667,
				1,
				3.167,
				0.889,
				3.667,
				0,
				1,
				4.167,
				-0.889,
				4.667,
				-2,
				5.167,
				-2,
				1,
				5.444,
				-2,
				5.722,
				-1.841,
				6,
				-1.5
			]
		},
		{
			"Target": "Parameter",
			"Id": "Param_Angle_Rotation12",
			"Segments": [
				0,
				0,
				1,
				0.011,
				0,
				0.022,
				-0.128,
				0.033,
				-0.156,
				1,
				0.522,
				-1.406,
				1.011,
				-2,
				1.5,
				-2,
				1,
				2,
				-2,
				2.5,
				-1.6,
				3,
				0,
				1,
				3.5,
				1.6,
				4,
				3,
				4.5,
				3,
				1,
				5,
				3,
				5.5,
				2.015,
				6,
				0.059
			]
		},
		{
			"Target": "Parameter",
			"Id": "Param_Angle_Rotation13",
			"Segments": [
				0,
				1.1,
				1,
				0.044,
				1.1,
				0.089,
				0.906,
				0.133,
				0.664,
				1,
				0.2,
				0.302,
				0.267,
				-0.066,
				0.333,
				-0.313,
				1,
				0.833,
				-2.162,
				1.333,
				-3,
				1.833,
				-3,
				1,
				2.333,
				-3,
				2.833,
				-2,
				3.333,
				0,
				1,
				3.833,
				2,
				4.333,
				3,
				4.833,
				3,
				1,
				5.222,
				3,
				5.611,
				2.399,
				6,
				1.2
			]
		},
		{
			"Target": "Parameter",
			"Id": "Param_Angle_Rotation14",
			"Segments": [
				0,
				2,
				1,
				0.067,
				2,
				0.133,
				1.758,
				0.2,
				1.427,
				1,
				0.322,
				0.819,
				0.444,
				0.165,
				0.567,
				-0.274,
				1,
				1.1,
				-2.186,
				1.633,
				-3,
				2.167,
				-3,
				1,
				2.667,
				-3,
				3.167,
				-2,
				3.667,
				0,
				1,
				4.167,
				2,
				4.667,
				3,
				5.167,
				3,
				1,
				5.444,
				3,
				5.722,
				2.707,
				6,
				2.1
			]
		},
		{
			"Target": "Parameter",
			"Id": "Param_Angle_Rotation16",
			"Segments": [
				0,
				0.8,
				1,
				0.033,
				0.8,
				0.067,
				0.709,
				0.1,
				0.612,
				1,
				0.178,
				0.388,
				0.256,
				0.207,
				0.333,
				0,
				1,
				0.833,
				-1.33,
				1.333,
				-2,
				1.833,
				-2,
				1,
				2.333,
				-2,
				2.833,
				-1.333,
				3.333,
				0,
				1,
				3.833,
				1.333,
				4.333,
				2,
				4.833,
				2,
				1,
				5.222,
				2,
				5.611,
				1.641,
				6,
				0.9
			]
		},
		{
			"Target": "Parameter",
			"Id": "Param_Angle_Rotation17",
			"Segments": [
				0,
				0.9,
				1,
				0.033,
				0.9,
				0.067,
				0.747,
				0.1,
				0.664,
				1,
				0.244,
				0.308,
				0.389,
				0.005,
				0.533,
				-0.3,
				1,
				1.078,
				-1.449,
				1.622,
				-2,
				2.167,
				-2,
				1,
				2.667,
				-2,
				3.167,
				-1.333,
				3.667,
				0,
				1,
				4.167,
				1.333,
				4.667,
				2,
				5.167,
				2,
				1,
				5.444,
				2,
				5.722,
				1.672,
				6,
				1
			]
		},
		{
			"Target": "Parameter",
			"Id": "Param_Angle_Rotation18",
			"Segments": [
				0,
				1.5,
				1,
				0.033,
				1.5,
				0.067,
				1.419,
				0.1,
				1.342,
				1,
				0.333,
				0.805,
				0.567,
				0.29,
				0.8,
				-0.208,
				1,
				1.367,
				-1.42,
				1.933,
				-2,
				2.5,
				-2,
				1,
				3,
				-2,
				3.5,
				-1.333,
				4,
				0,
				1,
				4.5,
				1.333,
				5,
				2,
				5.5,
				2,
				1,
				5.667,
				2,
				5.833,
				1.875,
				6,
				1.6
			]
		},
		{
			"Target": "Parameter",
			"Id": "Param_Angle_Rotation19",
			"Segments": [
				0,
				1.9,
				1,
				0.444,
				1.9,
				0.889,
				1.222,
				1.333,
				0,
				1,
				1.833,
				-1.375,
				2.333,
				-2,
				2.833,
				-2,
				1,
				3.333,
				-2,
				3.833,
				-1.26,
				4.333,
				0,
				1,
				4.889,
				1.4,
				5.444,
				2,
				6,
				2
			]
		},
		{
			"Target": "Parameter",
			"Id": "Param_Angle_Rotation21",
			"Segments": [
				0,
				3.8,
				1,
				0.022,
				3.8,
				0.044,
				3.42,
				0.067,
				3.241,
				1,
				0.211,
				2.076,
				0.356,
				0.748,
				0.5,
				0,
				1,
				1.056,
				-2.879,
				1.611,
				-4,
				2.167,
				-4,
				1,
				2.667,
				-4,
				3.167,
				-3.11,
				3.667,
				0,
				1,
				4.211,
				3.387,
				4.756,
				6,
				5.3,
				6,
				1,
				5.533,
				6,
				5.767,
				5.379,
				6,
				4
			]
		},
		{
			"Target": "Parameter",
			"Id": "Param_Angle_Rotation22",
			"Segments": [
				0,
				5,
				1,
				0.322,
				5,
				0.644,
				2.22,
				0.967,
				0.111,
				1,
				1.478,
				-3.233,
				1.989,
				-4,
				2.5,
				-4,
				1,
				3,
				-4,
				3.5,
				-3.296,
				4,
				0,
				1,
				4.444,
				2.93,
				4.889,
				6,
				5.333,
				6,
				1,
				5.556,
				6,
				5.778,
				5.703,
				6,
				5.1
			]
		},
		{
			"Target": "Parameter",
			"Id": "Param_Angle_Rotation23",
			"Segments": [
				0,
				6.7,
				1,
				0.433,
				6.7,
				0.867,
				2.918,
				1.3,
				0,
				1,
				1.811,
				-3.441,
				2.322,
				-4,
				2.833,
				-4,
				1,
				3.333,
				-4,
				3.833,
				-3.463,
				4.333,
				0,
				1,
				4.778,
				3.079,
				5.222,
				7,
				5.667,
				7,
				1,
				5.778,
				7,
				5.889,
				6.941,
				6,
				6.8
			]
		},
		{
			"Target": "Parameter",
			"Id": "Param_Angle_Rotation24",
			"Segments": [
				0,
				7,
				1,
				0.556,
				7,
				1.111,
				3.665,
				1.667,
				0,
				1,
				2.167,
				-3.298,
				2.667,
				-4,
				3.167,
				-4,
				1,
				3.667,
				-4,
				4.167,
				-3.463,
				4.667,
				0,
				1,
				5.111,
				3.079,
				5.556,
				7,
				6,
				7
			]
		},
		{
			"Target": "Parameter",
			"Id": "Param_Angle_Rotation26",
			"Segments": [
				0,
				0,
				1,
				0.011,
				0,
				0.022,
				-0.021,
				0.033,
				-0.051,
				1,
				0.522,
				-1.354,
				1.011,
				-2,
				1.5,
				-2,
				1,
				2,
				-2,
				2.5,
				-1.407,
				3,
				0,
				1,
				3.444,
				1.251,
				3.889,
				2,
				4.333,
				2,
				1,
				4.889,
				2,
				5.444,
				1.382,
				6,
				0.1
			]
		},
		{
			"Target": "Parameter",
			"Id": "Param_Angle_Rotation27",
			"Segments": [
				0,
				0.7,
				1,
				0.033,
				0.7,
				0.067,
				0.602,
				0.1,
				0.476,
				1,
				0.156,
				0.266,
				0.211,
				0.037,
				0.267,
				-0.101,
				1,
				0.789,
				-1.405,
				1.311,
				-2,
				1.833,
				-2,
				1,
				2.333,
				-2,
				2.833,
				-1.407,
				3.333,
				0,
				1,
				3.778,
				1.251,
				4.222,
				2,
				4.667,
				2,
				1,
				5.111,
				2,
				5.556,
				1.608,
				6,
				0.8
			]
		},
		{
			"Target": "Parameter",
			"Id": "Param_Angle_Rotation28",
			"Segments": [
				0,
				1.3,
				1,
				0.056,
				1.3,
				0.111,
				1.078,
				0.167,
				0.911,
				1,
				0.322,
				0.444,
				0.478,
				0.019,
				0.633,
				-0.334,
				1,
				1.144,
				-1.495,
				1.656,
				-2,
				2.167,
				-2,
				1,
				2.667,
				-2,
				3.167,
				-1.407,
				3.667,
				0,
				1,
				4.111,
				1.251,
				4.556,
				2,
				5,
				2,
				1,
				5.333,
				2,
				5.667,
				1.808,
				6,
				1.4
			]
		},
		{
			"Target": "Parameter",
			"Id": "Param_Angle_Rotation29",
			"Segments": [
				0,
				1.7,
				1,
				0.044,
				1.7,
				0.089,
				1.491,
				0.133,
				1.354,
				1,
				0.311,
				0.806,
				0.489,
				0.309,
				0.667,
				-0.139,
				1,
				1.178,
				-1.428,
				1.689,
				-2.008,
				2.2,
				-2.008,
				1,
				2.8,
				-2.008,
				3.4,
				-1.704,
				4,
				0,
				1,
				4.444,
				1.262,
				4.889,
				3,
				5.333,
				3,
				1,
				5.556,
				3,
				5.778,
				2.481,
				6,
				1.7
			]
		},
		{
			"Target": "Parameter",
			"Id": "Param_Angle_Rotation31",
			"Segments": [
				0,
				0.7,
				1,
				0.033,
				0.7,
				0.067,
				0.592,
				0.1,
				0.509,
				1,
				0.178,
				0.314,
				0.256,
				0.153,
				0.333,
				0,
				1,
				0.356,
				-0.044,
				0.378,
				-0.071,
				0.4,
				-0.099,
				1,
				0.878,
				-0.704,
				1.356,
				-1,
				1.833,
				-1,
				1,
				2.333,
				-1,
				2.833,
				-0.894,
				3.333,
				0,
				1,
				3.822,
				0.874,
				4.311,
				2.015,
				4.8,
				2.015,
				1,
				5.2,
				2.015,
				5.6,
				1.617,
				6,
				0.8
			]
		},
		{
			"Target": "Parameter",
			"Id": "Param_Angle_Rotation32",
			"Segments": [
				0,
				1.3,
				1,
				0.033,
				1.3,
				0.067,
				1.171,
				0.1,
				1.101,
				1,
				0.289,
				0.704,
				0.478,
				0.276,
				0.667,
				0,
				1,
				1.167,
				-0.729,
				1.667,
				-1,
				2.167,
				-1,
				1,
				2.667,
				-1,
				3.167,
				-0.898,
				3.667,
				0,
				1,
				4.178,
				0.918,
				4.689,
				2.086,
				5.2,
				2.086,
				1,
				5.467,
				2.086,
				5.733,
				2.016,
				6,
				1.4
			]
		},
		{
			"Target": "Parameter",
			"Id": "Param_Angle_Rotation33",
			"Segments": [
				0,
				2.5,
				1,
				0.033,
				2.5,
				0.067,
				2.339,
				0.1,
				2.248,
				1,
				0.389,
				1.459,
				0.678,
				0.459,
				0.967,
				0,
				1,
				1.478,
				-0.812,
				1.989,
				-1,
				2.5,
				-1,
				1,
				3,
				-1,
				3.5,
				-1.004,
				4,
				0,
				1,
				4.478,
				0.959,
				4.956,
				3.063,
				5.433,
				3.063,
				1,
				5.622,
				3.063,
				5.811,
				2.917,
				6,
				2.6
			]
		},
		{
			"Target": "Parameter",
			"Id": "Param_Angle_Rotation34",
			"Segments": [
				0,
				2.9,
				1,
				0.433,
				2.9,
				0.867,
				1.917,
				1.3,
				0.076,
				1,
				1.311,
				0.029,
				1.322,
				0.023,
				1.333,
				0,
				1,
				1.344,
				-0.023,
				1.356,
				-0.034,
				1.367,
				-0.063,
				1,
				1.856,
				-1.343,
				2.344,
				-2,
				2.833,
				-2,
				1,
				3.333,
				-2,
				3.833,
				-1.717,
				4.333,
				0,
				1,
				4.789,
				1.564,
				5.244,
				3.431,
				5.7,
				3.431,
				1,
				5.8,
				3.431,
				5.9,
				3.309,
				6,
				2.9
			]
		},
		{
			"Target": "Parameter",
			"Id": "Param_Angle_Rotation36",
			"Segments": [
				0,
				-1.7,
				1,
				0.333,
				-1.7,
				0.667,
				-0.973,
				1,
				0,
				1,
				1.5,
				1.459,
				2,
				2,
				2.5,
				2,
				1,
				3,
				2,
				3.5,
				1.45,
				4,
				0,
				1,
				4.456,
				-1.321,
				4.911,
				-2.192,
				5.367,
				-2.192,
				1,
				5.578,
				-2.192,
				5.789,
				-2.184,
				6,
				-1.7
			]
		},
		{
			"Target": "Parameter",
			"Id": "Param_Angle_Rotation37",
			"Segments": [
				0,
				-1.9,
				1,
				0.444,
				-1.9,
				0.889,
				-1.222,
				1.333,
				0,
				1,
				1.833,
				1.375,
				2.333,
				2,
				2.833,
				2,
				1,
				3.333,
				2,
				3.833,
				1.548,
				4.333,
				0,
				1,
				4.778,
				-1.376,
				5.222,
				-2.521,
				5.667,
				-2.521,
				1,
				5.778,
				-2.521,
				5.889,
				-2.223,
				6,
				-1.9
			]
		},
		{
			"Target": "Parameter",
			"Id": "Param_Angle_Rotation38",
			"Segments": [
				0,
				-2,
				1,
				0.544,
				-2,
				1.089,
				-1.374,
				1.633,
				0,
				1,
				2.144,
				1.29,
				2.656,
				2,
				3.167,
				2,
				1,
				3.667,
				2,
				4.167,
				1.407,
				4.667,
				0,
				1,
				5.111,
				-1.251,
				5.556,
				-2,
				6,
				-2
			]
		},
		{
			"Target": "Parameter",
			"Id": "Param_Angle_Rotation40",
			"Segments": [
				0,
				1.2,
				1,
				0.011,
				1.2,
				0.022,
				1.159,
				0.033,
				1.117,
				1,
				0.144,
				0.7,
				0.256,
				0.201,
				0.367,
				-0.103,
				1,
				0.856,
				-1.44,
				1.344,
				-2,
				1.833,
				-2,
				1,
				2.333,
				-2,
				2.833,
				-1.6,
				3.333,
				0,
				1,
				3.833,
				1.6,
				4.333,
				3,
				4.833,
				3,
				1,
				5.222,
				3,
				5.611,
				2.434,
				6,
				1.3
			]
		},
		{
			"Target": "Parameter",
			"Id": "Param_Angle_Rotation41",
			"Segments": [
				0,
				2.8,
				1,
				0.011,
				2.8,
				0.022,
				2.773,
				0.033,
				2.726,
				1,
				0.256,
				1.781,
				0.478,
				0.552,
				0.7,
				-0.103,
				1,
				1.189,
				-1.543,
				1.678,
				-2,
				2.167,
				-2,
				1,
				2.667,
				-2,
				3.167,
				-1.777,
				3.667,
				0,
				1,
				4.167,
				1.777,
				4.667,
				4,
				5.167,
				4,
				1,
				5.444,
				4,
				5.722,
				3.637,
				6,
				2.9
			]
		},
		{
			"Target": "Parameter",
			"Id": "Param_Angle_Rotation42",
			"Segments": [
				0,
				5.3,
				1,
				0.011,
				5.3,
				0.022,
				5.289,
				0.033,
				5.23,
				1,
				0.367,
				3.468,
				0.7,
				1.671,
				1.033,
				-0.103,
				1,
				1.522,
				-2.705,
				2.011,
				-4,
				2.5,
				-4,
				1,
				3,
				-4,
				3.5,
				-3.198,
				4,
				0,
				1,
				4.5,
				3.198,
				5,
				6,
				5.5,
				6,
				1,
				5.667,
				6,
				5.833,
				5.848,
				6,
				5.5
			]
		},
		{
			"Target": "Parameter",
			"Id": "Param_Angle_Rotation43",
			"Segments": [
				0,
				5.9,
				1,
				0.456,
				5.9,
				0.911,
				3.716,
				1.367,
				-0.103,
				1,
				1.856,
				-4.201,
				2.344,
				-6,
				2.833,
				-6,
				1,
				3.333,
				-6,
				3.833,
				-3.779,
				4.333,
				0,
				1,
				4.889,
				4.199,
				5.444,
				6,
				6,
				6
			]
		},
		{
			"Target": "Parameter",
			"Id": "Param_Angle_Rotation44",
			"Segments": [
				0,
				11.8,
				1,
				0.044,
				11.8,
				0.089,
				12,
				0.133,
				12,
				1,
				0.656,
				12,
				1.178,
				7.436,
				1.7,
				-0.103,
				1,
				2.189,
				-7.16,
				2.678,
				-10,
				3.167,
				-10,
				1,
				3.711,
				-10,
				4.256,
				-6.962,
				4.8,
				-1.103,
				1,
				5.2,
				3.202,
				5.6,
				7.916,
				6,
				11.6
			]
		},
		{
			"Target": "Parameter",
			"Id": "Param_Angle_Rotation46",
			"Segments": [
				0,
				2.1,
				1,
				0.011,
				2.1,
				0.022,
				2.067,
				0.033,
				2.03,
				1,
				0.256,
				1.293,
				0.478,
				0.443,
				0.7,
				-0.159,
				1,
				1.189,
				-1.484,
				1.678,
				-2,
				2.167,
				-2,
				1,
				2.667,
				-2,
				3.167,
				-1.6,
				3.667,
				0,
				1,
				4.167,
				1.6,
				4.667,
				3,
				5.167,
				3,
				1,
				5.444,
				3,
				5.722,
				2.741,
				6,
				2.2
			]
		},
		{
			"Target": "Parameter",
			"Id": "Param_Angle_Rotation47",
			"Segments": [
				0,
				3.5,
				1,
				0.011,
				3.5,
				0.022,
				3.525,
				0.033,
				3.492,
				1,
				0.367,
				2.489,
				0.7,
				0.799,
				1.033,
				-0.159,
				1,
				1.522,
				-1.564,
				2.011,
				-2,
				2.5,
				-2,
				1,
				3,
				-2,
				3.5,
				-1.777,
				4,
				0,
				1,
				4.5,
				1.777,
				5,
				4,
				5.5,
				4,
				1,
				5.667,
				4,
				5.833,
				3.875,
				6,
				3.6
			]
		},
		{
			"Target": "Parameter",
			"Id": "Param_Angle_Rotation48",
			"Segments": [
				0,
				11,
				1,
				0.456,
				11,
				0.911,
				4.638,
				1.367,
				-0.159,
				1,
				1.856,
				-5.307,
				2.344,
				-6,
				2.833,
				-6,
				1,
				3.333,
				-6,
				3.833,
				-5.036,
				4.333,
				0,
				1,
				4.889,
				5.595,
				5.444,
				11,
				6,
				11
			]
		},
		{
			"Target": "Parameter",
			"Id": "Param_Angle_Rotation50",
			"Segments": [
				0,
				0,
				1,
				0.011,
				0,
				0.022,
				0.074,
				0.033,
				0.118,
				1,
				0.522,
				2.058,
				1.011,
				3,
				1.5,
				3,
				1,
				2,
				3,
				2.5,
				2,
				3,
				0,
				1,
				3.5,
				-2,
				4,
				-3,
				4.5,
				-3,
				1,
				4.989,
				-3,
				5.478,
				-2.058,
				5.967,
				-0.118,
				1,
				5.978,
				-0.074,
				5.989,
				0,
				6,
				0
			]
		},
		{
			"Target": "Parameter",
			"Id": "Param_Angle_Rotation51",
			"Segments": [
				0,
				-1,
				1,
				0.011,
				-1,
				0.022,
				-0.923,
				0.033,
				-0.88,
				1,
				0.144,
				-0.45,
				0.256,
				-0.126,
				0.367,
				0.354,
				1,
				0.911,
				2.702,
				1.456,
				4,
				2,
				4,
				1,
				2.5,
				4,
				3,
				1.777,
				3.5,
				0,
				1,
				4,
				-1.777,
				4.5,
				-2,
				5,
				-2,
				1,
				5.333,
				-2,
				5.667,
				-1.708,
				6,
				-1.1
			]
		},
		{
			"Target": "Parameter",
			"Id": "Param_Angle_Rotation52",
			"Segments": [
				0,
				-2.6,
				1,
				0.344,
				-2.6,
				0.689,
				-1.701,
				1.033,
				0.118,
				1,
				1.522,
				2.699,
				2.011,
				4,
				2.5,
				4,
				1,
				3,
				4,
				3.5,
				2.285,
				4,
				0,
				1,
				4.5,
				-2.285,
				5,
				-3,
				5.5,
				-3,
				1,
				5.667,
				-3,
				5.833,
				-2.908,
				6,
				-2.7
			]
		},
		{
			"Target": "Parameter",
			"Id": "Param_Angle_Rotation53",
			"Segments": [
				0,
				-3,
				1,
				0.511,
				-3,
				1.022,
				-2.226,
				1.533,
				0.118,
				1,
				2.022,
				2.36,
				2.511,
				4,
				3,
				4,
				1,
				3.5,
				4,
				4,
				2.285,
				4.5,
				0,
				1,
				5,
				-2.285,
				5.5,
				-3,
				6,
				-3
			]
		},
		{
			"Target": "Parameter",
			"Id": "Param_Angle_Rotation54",
			"Segments": [
				0,
				-3.6,
				1,
				0.011,
				-3.6,
				0.022,
				-3.642,
				0.033,
				-3.66,
				1,
				0.178,
				-3.896,
				0.322,
				-4,
				0.467,
				-4,
				1,
				0.989,
				-4,
				1.511,
				-2.242,
				2.033,
				0.118,
				1,
				2.522,
				2.327,
				3.011,
				3,
				3.5,
				3,
				1,
				4,
				3,
				4.5,
				1.892,
				5,
				0,
				1,
				5.333,
				-1.261,
				5.667,
				-2.34,
				6,
				-3.5
			]
		},
		{
			"Target": "Parameter",
			"Id": "Param_Angle_Rotation55",
			"Segments": [
				0,
				-2.2,
				1,
				0.011,
				-2.2,
				0.022,
				-2.279,
				0.033,
				-2.32,
				1,
				0.344,
				-3.46,
				0.656,
				-4,
				0.967,
				-4,
				1,
				1.489,
				-4,
				2.011,
				-2.242,
				2.533,
				0.118,
				1,
				3.022,
				2.327,
				3.511,
				3,
				4,
				3,
				1,
				4.5,
				3,
				5,
				2.024,
				5.5,
				0,
				1,
				5.667,
				-0.675,
				5.833,
				-1.417,
				6,
				-2.1
			]
		},
		{
			"Target": "Parameter",
			"Id": "Param_Angle_Rotation57",
			"Segments": [
				0,
				0,
				1,
				0.011,
				0,
				0.022,
				-0.188,
				0.033,
				-0.231,
				1,
				0.522,
				-2.107,
				1.011,
				-3,
				1.5,
				-3,
				1,
				2,
				-3,
				2.5,
				-1.6,
				3,
				0,
				1,
				3.5,
				1.6,
				4,
				2,
				4.5,
				2,
				1,
				4.989,
				2,
				5.478,
				1.383,
				5.967,
				0.101,
				1,
				5.978,
				0.072,
				5.989,
				0,
				6,
				0
			]
		},
		{
			"Target": "Parameter",
			"Id": "Param_Angle_Rotation58",
			"Segments": [
				0,
				1,
				1,
				0.011,
				1,
				0.022,
				0.971,
				0.033,
				0.94,
				1,
				0.178,
				0.533,
				0.322,
				0.08,
				0.467,
				-0.261,
				1,
				0.978,
				-1.469,
				1.489,
				-2,
				2,
				-2,
				1,
				2.5,
				-2,
				3,
				-1.333,
				3.5,
				0,
				1,
				4,
				1.333,
				4.5,
				2,
				5,
				2,
				1,
				5.333,
				2,
				5.667,
				1.708,
				6,
				1.1
			]
		},
		{
			"Target": "Parameter",
			"Id": "Param_Angle_Rotation59",
			"Segments": [
				0,
				1.8,
				1,
				0.067,
				1.8,
				0.133,
				1.796,
				0.2,
				1.642,
				1,
				0.4,
				1.18,
				0.6,
				0.656,
				0.8,
				0,
				1,
				1.367,
				-1.859,
				1.933,
				-3,
				2.5,
				-3,
				1,
				3,
				-3,
				3.5,
				-1.6,
				4,
				0,
				1,
				4.5,
				1.6,
				5,
				2,
				5.5,
				2,
				1,
				5.644,
				2,
				5.789,
				1.966,
				5.933,
				1.88,
				1,
				5.956,
				1.867,
				5.978,
				1.838,
				6,
				1.8
			]
		},
		{
			"Target": "Parameter",
			"Id": "Param_Angle_Rotation60",
			"Segments": [
				0,
				2,
				1,
				0.511,
				2,
				1.022,
				1.584,
				1.533,
				-0.051,
				1,
				2.022,
				-1.614,
				2.511,
				-3,
				3,
				-3,
				1,
				3.5,
				-3,
				4,
				-1.6,
				4.5,
				0,
				1,
				5,
				1.6,
				5.5,
				2,
				6,
				2
			]
		},
		{
			"Target": "Parameter",
			"Id": "Param_Angle_Rotation61",
			"Segments": [
				0,
				1.8,
				1,
				0.044,
				1.8,
				0.089,
				1.893,
				0.133,
				1.92,
				1,
				0.244,
				1.987,
				0.356,
				2,
				0.467,
				2,
				1,
				0.989,
				2,
				1.511,
				1.594,
				2.033,
				-0.051,
				1,
				2.522,
				-1.59,
				3.011,
				-3,
				3.5,
				-3,
				1,
				4,
				-3,
				4.5,
				-1.524,
				5,
				0,
				1,
				5.244,
				0.745,
				5.489,
				1.097,
				5.733,
				1.505,
				1,
				5.822,
				1.654,
				5.911,
				1.721,
				6,
				1.8
			]
		},
		{
			"Target": "Parameter",
			"Id": "Param_Angle_Rotation62",
			"Segments": [
				0,
				1.8,
				1,
				0.022,
				1.8,
				0.044,
				1.865,
				0.067,
				1.92,
				1,
				0.367,
				2.657,
				0.667,
				3,
				0.967,
				3,
				1,
				1.489,
				3,
				2.011,
				2.015,
				2.533,
				-0.051,
				1,
				3.022,
				-1.984,
				3.511,
				-3,
				4,
				-3,
				1,
				4.5,
				-3,
				5,
				-1.915,
				5.5,
				0,
				1,
				5.667,
				0.638,
				5.833,
				1.138,
				6,
				1.7
			]
		},
		{
			"Target": "Parameter",
			"Id": "Param_Angle_Rotation63",
			"Segments": [
				0,
				0,
				1,
				0.022,
				0,
				0.044,
				0.215,
				0.067,
				0.303,
				1,
				0.533,
				2.149,
				1,
				3,
				1.467,
				3,
				1,
				1.989,
				3,
				2.511,
				2.015,
				3.033,
				-0.051,
				1,
				3.522,
				-1.984,
				4.011,
				-3,
				4.5,
				-3,
				1,
				5,
				-3,
				5.5,
				-1.986,
				6,
				0
			]
		},
		{
			"Target": "Parameter",
			"Id": "Param_Angle_Rotation65",
			"Segments": [
				0,
				-1.3,
				1,
				0.022,
				-1.3,
				0.044,
				-1.215,
				0.067,
				-1.161,
				1,
				0.233,
				-0.753,
				0.4,
				-0.409,
				0.567,
				0,
				1,
				1.1,
				1.309,
				1.633,
				2,
				2.167,
				2,
				1,
				2.667,
				2,
				3.167,
				1.333,
				3.667,
				0,
				1,
				4.167,
				-1.333,
				4.667,
				-2,
				5.167,
				-2,
				1,
				5.444,
				-2,
				5.722,
				-1.808,
				6,
				-1.4
			]
		},
		{
			"Target": "Parameter",
			"Id": "Param_Angle_Rotation66",
			"Segments": [
				0,
				-2.6,
				1,
				0.344,
				-2.6,
				0.689,
				-0.926,
				1.033,
				0.175,
				1,
				1.522,
				1.738,
				2.011,
				2,
				2.5,
				2,
				1,
				3,
				2,
				3.5,
				1.6,
				4,
				0,
				1,
				4.5,
				-1.6,
				5,
				-3,
				5.5,
				-3,
				1,
				5.667,
				-3,
				5.833,
				-2.908,
				6,
				-2.7
			]
		},
		{
			"Target": "Parameter",
			"Id": "Param_Angle_Rotation67",
			"Segments": [
				0,
				-3,
				1,
				0.456,
				-3,
				0.911,
				-2.32,
				1.367,
				0.175,
				1,
				1.856,
				2.853,
				2.344,
				5,
				2.833,
				5,
				1,
				3.333,
				5,
				3.833,
				2.3,
				4.333,
				0,
				1,
				4.889,
				-2.555,
				5.444,
				-3,
				6,
				-3
			]
		},
		{
			"Target": "Parameter",
			"Id": "Param_Angle_Rotation68",
			"Segments": [
				0,
				-7,
				1,
				0.044,
				-7,
				0.089,
				-7,
				0.133,
				-7,
				1,
				0.656,
				-7,
				1.178,
				-5.229,
				1.7,
				0.175,
				1,
				2.189,
				5.235,
				2.678,
				9,
				3.167,
				9,
				1,
				3.667,
				9,
				4.167,
				3.723,
				4.667,
				0,
				1,
				5.111,
				-3.309,
				5.556,
				-6.657,
				6,
				-6.992
			]
		},
		{
			"Target": "Parameter",
			"Id": "Param_Angle_Rotation69",
			"Segments": [
				0,
				-12.5,
				1,
				0.033,
				-12.5,
				0.067,
				-12.907,
				0.1,
				-13.095,
				1,
				0.222,
				-13.784,
				0.344,
				-14,
				0.467,
				-14,
				1,
				0.989,
				-14,
				1.511,
				-8.338,
				2.033,
				0.175,
				1,
				2.522,
				8.145,
				3.011,
				11,
				3.5,
				11,
				1,
				4,
				11,
				4.5,
				6.782,
				5,
				0,
				1,
				5.333,
				-4.521,
				5.667,
				-8.18,
				6,
				-12.2
			]
		}
	]
}