{
	"Version": 3,
	"Parameters": [
		{
			"Id": "Param",
			"GroupId": "ParamGroup16",
			"Name": "破片E1"
		},
		{
			"Id": "Param2",
			"GroupId": "ParamGroup16",
			"Name": "破片E2"
		},
		{
			"Id": "Param3",
			"GroupId": "ParamGroup16",
			"Name": "破片E3"
		},
		{
			"Id": "Param4",
			"GroupId": "ParamGroup16",
			"Name": "破片E4"
		},
		{
			"Id": "Param5",
			"GroupId": "ParamGroup16",
			"Name": "破片E5"
		},
		{
			"Id": "Param6",
			"GroupId": "ParamGroup16",
			"Name": "破片E6"
		},
		{
			"Id": "Param7",
			"GroupId": "ParamGroup16",
			"Name": "破片E7"
		},
		{
			"Id": "Param8",
			"GroupId": "ParamGroup16",
			"Name": "破片E8"
		},
		{
			"Id": "Param9",
			"GroupId": "ParamGroup16",
			"Name": "破片E9"
		},
		{
			"Id": "Param22",
			"GroupId": "ParamGroup16",
			"Name": "キラE0"
		},
		{
			"Id": "Param10",
			"GroupId": "ParamGroup16",
			"Name": "キラE1"
		},
		{
			"Id": "Param11",
			"GroupId": "ParamGroup16",
			"Name": "キラE2"
		},
		{
			"Id": "Param12",
			"GroupId": "ParamGroup16",
			"Name": "キラE3"
		},
		{
			"Id": "Param13",
			"GroupId": "ParamGroup16",
			"Name": "キラE4"
		},
		{
			"Id": "Param14",
			"GroupId": "ParamGroup16",
			"Name": "キラE5"
		},
		{
			"Id": "Param15",
			"GroupId": "ParamGroup16",
			"Name": "キラE6"
		},
		{
			"Id": "Param16",
			"GroupId": "ParamGroup16",
			"Name": "赤E1"
		},
		{
			"Id": "Param17",
			"GroupId": "ParamGroup16",
			"Name": "赤E2"
		},
		{
			"Id": "Param18",
			"GroupId": "ParamGroup16",
			"Name": "赤E3"
		},
		{
			"Id": "Param19",
			"GroupId": "ParamGroup16",
			"Name": "赤E4"
		},
		{
			"Id": "Param20",
			"GroupId": "ParamGroup16",
			"Name": "赤E5"
		},
		{
			"Id": "Param21",
			"GroupId": "ParamGroup16",
			"Name": "赤E6"
		},
		{
			"Id": "Param23",
			"GroupId": "ParamGroup16",
			"Name": "追い焼き1"
		},
		{
			"Id": "Param24",
			"GroupId": "ParamGroup16",
			"Name": "追い焼き2"
		},
		{
			"Id": "Param25",
			"GroupId": "ParamGroup16",
			"Name": "追い焼き3"
		},
		{
			"Id": "Param26",
			"GroupId": "ParamGroup16",
			"Name": "追い焼き4"
		},
		{
			"Id": "Param27",
			"GroupId": "ParamGroup16",
			"Name": "追い焼き5"
		},
		{
			"Id": "Param28",
			"GroupId": "ParamGroup16",
			"Name": "追い焼き6"
		},
		{
			"Id": "ParamAngleX",
			"GroupId": "",
			"Name": "角度 X"
		},
		{
			"Id": "ParamAngleY",
			"GroupId": "",
			"Name": "角度 Y"
		},
		{
			"Id": "ParamAngleZ",
			"GroupId": "",
			"Name": "角度 Z"
		},
		{
			"Id": "ParamEyeLOpen",
			"GroupId": "",
			"Name": "左目　開閉"
		},
		{
			"Id": "ParamEyeLSmile",
			"GroupId": "",
			"Name": "左目　笑顔"
		},
		{
			"Id": "ParamEyeROpen",
			"GroupId": "",
			"Name": "右目　開閉"
		},
		{
			"Id": "ParamEyeRSmile",
			"GroupId": "",
			"Name": "右目　笑顔"
		},
		{
			"Id": "ParamEyeBallX",
			"GroupId": "",
			"Name": "目玉 X"
		},
		{
			"Id": "ParamEyeBallY",
			"GroupId": "",
			"Name": "目玉 Y"
		},
		{
			"Id": "ParamBrowLY",
			"GroupId": "",
			"Name": "左眉　上下"
		},
		{
			"Id": "ParamBrowRY",
			"GroupId": "",
			"Name": "右眉　上下"
		},
		{
			"Id": "ParamBrowLX",
			"GroupId": "",
			"Name": "左眉　左右"
		},
		{
			"Id": "ParamBrowRX",
			"GroupId": "",
			"Name": "右眉　左右"
		},
		{
			"Id": "ParamBrowLAngle",
			"GroupId": "",
			"Name": "左眉　角度"
		},
		{
			"Id": "ParamBrowRAngle",
			"GroupId": "",
			"Name": "右眉　角度"
		},
		{
			"Id": "ParamBrowLForm",
			"GroupId": "",
			"Name": "左眉　変形"
		},
		{
			"Id": "ParamBrowRForm",
			"GroupId": "",
			"Name": "右眉　変形"
		},
		{
			"Id": "ParamMouthForm",
			"GroupId": "",
			"Name": "口　変形"
		},
		{
			"Id": "ParamMouthOpenY",
			"GroupId": "",
			"Name": "口　開閉"
		},
		{
			"Id": "ParamCheek",
			"GroupId": "",
			"Name": "照れ"
		},
		{
			"Id": "ParamBodyAngleX",
			"GroupId": "",
			"Name": "体の回転　X"
		},
		{
			"Id": "ParamBodyAngleY",
			"GroupId": "",
			"Name": "体の回転　Y"
		},
		{
			"Id": "ParamBodyAngleZ",
			"GroupId": "",
			"Name": "体の回転　Z"
		},
		{
			"Id": "ParamHairFront",
			"GroupId": "",
			"Name": "髪揺れ　前"
		},
		{
			"Id": "ParamHairSide",
			"GroupId": "",
			"Name": "髪揺れ　横"
		},
		{
			"Id": "ParamHairBack",
			"GroupId": "",
			"Name": "髪揺れ　後"
		},
		{
			"Id": "ParamBreath",
			"GroupId": "",
			"Name": "呼吸"
		},
		{
			"Id": "ParamEyes",
			"GroupId": "",
			"Name": "目パチ"
		},
		{
			"Id": "ParamEyeRL",
			"GroupId": "ParamGroup17",
			"Name": "目光左右"
		},
		{
			"Id": "ParamEyeHB",
			"GroupId": "ParamGroup17",
			"Name": "目光上下"
		},
		{
			"Id": "ParamEyeBS",
			"GroupId": "ParamGroup17",
			"Name": "目光大小"
		},
		{
			"Id": "ParamPaiX",
			"GroupId": "ParamGroup15",
			"Name": "右胸X"
		},
		{
			"Id": "ParamPaiY",
			"GroupId": "ParamGroup15",
			"Name": "右胸Y"
		},
		{
			"Id": "ParamPaiX2",
			"GroupId": "ParamGroup15",
			"Name": "右胸2X"
		},
		{
			"Id": "ParamPaiY2",
			"GroupId": "ParamGroup15",
			"Name": "右胸2Y"
		},
		{
			"Id": "ParamPai2X",
			"GroupId": "ParamGroup15",
			"Name": "左胸X"
		},
		{
			"Id": "ParamPai2Y",
			"GroupId": "ParamGroup15",
			"Name": "左胸Y"
		},
		{
			"Id": "ParamPai2X2",
			"GroupId": "ParamGroup15",
			"Name": "左胸2X"
		},
		{
			"Id": "ParamPai2Y2",
			"GroupId": "ParamGroup15",
			"Name": "左胸2Y"
		},
		{
			"Id": "Param_Angle_Rotation",
			"GroupId": "ParamGroup",
			"Name": "[0]左髪2"
		},
		{
			"Id": "Param_Angle_Rotation2",
			"GroupId": "ParamGroup",
			"Name": "[1]左髪2"
		},
		{
			"Id": "Param_Angle_Rotation3",
			"GroupId": "ParamGroup",
			"Name": "[2]左髪2"
		},
		{
			"Id": "Param_Angle_Rotation4",
			"GroupId": "ParamGroup",
			"Name": "[3]左髪2"
		},
		{
			"Id": "Param_Angle_Rotation5",
			"GroupId": "ParamGroup",
			"Name": "[4]左髪2"
		},
		{
			"Id": "Param_Angle_Rotation6",
			"GroupId": "ParamGroup",
			"Name": "[5]左髪2"
		},
		{
			"Id": "Param_Angle_Rotation7",
			"GroupId": "ParamGroup2",
			"Name": "[0]左髪1"
		},
		{
			"Id": "Param_Angle_Rotation8",
			"GroupId": "ParamGroup2",
			"Name": "[1]左髪1"
		},
		{
			"Id": "Param_Angle_Rotation9",
			"GroupId": "ParamGroup2",
			"Name": "[2]左髪1"
		},
		{
			"Id": "Param_Angle_Rotation10",
			"GroupId": "ParamGroup2",
			"Name": "[3]左髪1"
		},
		{
			"Id": "Param_Angle_Rotation11",
			"GroupId": "ParamGroup3",
			"Name": "[0]右髪1"
		},
		{
			"Id": "Param_Angle_Rotation12",
			"GroupId": "ParamGroup3",
			"Name": "[1]右髪1"
		},
		{
			"Id": "Param_Angle_Rotation13",
			"GroupId": "ParamGroup3",
			"Name": "[2]右髪1"
		},
		{
			"Id": "Param_Angle_Rotation14",
			"GroupId": "ParamGroup3",
			"Name": "[3]右髪1"
		},
		{
			"Id": "Param_Angle_Rotation15",
			"GroupId": "ParamGroup4",
			"Name": "[0]右髪2"
		},
		{
			"Id": "Param_Angle_Rotation16",
			"GroupId": "ParamGroup4",
			"Name": "[1]右髪2"
		},
		{
			"Id": "Param_Angle_Rotation17",
			"GroupId": "ParamGroup4",
			"Name": "[2]右髪2"
		},
		{
			"Id": "Param_Angle_Rotation18",
			"GroupId": "ParamGroup4",
			"Name": "[3]右髪2"
		},
		{
			"Id": "Param_Angle_Rotation19",
			"GroupId": "ParamGroup4",
			"Name": "[4]右髪2"
		},
		{
			"Id": "Param_Angle_Rotation20",
			"GroupId": "ParamGroup5",
			"Name": "[0]右髪3"
		},
		{
			"Id": "Param_Angle_Rotation21",
			"GroupId": "ParamGroup5",
			"Name": "[1]右髪3"
		},
		{
			"Id": "Param_Angle_Rotation22",
			"GroupId": "ParamGroup5",
			"Name": "[2]右髪3"
		},
		{
			"Id": "Param_Angle_Rotation23",
			"GroupId": "ParamGroup5",
			"Name": "[3]右髪3"
		},
		{
			"Id": "Param_Angle_Rotation24",
			"GroupId": "ParamGroup5",
			"Name": "[4]右髪3"
		},
		{
			"Id": "Param_Angle_Rotation25",
			"GroupId": "ParamGroup6",
			"Name": "[0]右髪4"
		},
		{
			"Id": "Param_Angle_Rotation26",
			"GroupId": "ParamGroup6",
			"Name": "[1]右髪4"
		},
		{
			"Id": "Param_Angle_Rotation27",
			"GroupId": "ParamGroup6",
			"Name": "[2]右髪4"
		},
		{
			"Id": "Param_Angle_Rotation28",
			"GroupId": "ParamGroup6",
			"Name": "[3]右髪4"
		},
		{
			"Id": "Param_Angle_Rotation29",
			"GroupId": "ParamGroup6",
			"Name": "[4]右髪4"
		},
		{
			"Id": "Param_Angle_Rotation30",
			"GroupId": "ParamGroup7",
			"Name": "[0]右髪5"
		},
		{
			"Id": "Param_Angle_Rotation31",
			"GroupId": "ParamGroup7",
			"Name": "[1]右髪5"
		},
		{
			"Id": "Param_Angle_Rotation32",
			"GroupId": "ParamGroup7",
			"Name": "[2]右髪5"
		},
		{
			"Id": "Param_Angle_Rotation33",
			"GroupId": "ParamGroup7",
			"Name": "[3]右髪5"
		},
		{
			"Id": "Param_Angle_Rotation34",
			"GroupId": "ParamGroup7",
			"Name": "[4]右髪5"
		},
		{
			"Id": "Param_Angle_Rotation35",
			"GroupId": "ParamGroup8",
			"Name": "[0]左髪4"
		},
		{
			"Id": "Param_Angle_Rotation36",
			"GroupId": "ParamGroup8",
			"Name": "[1]左髪4"
		},
		{
			"Id": "Param_Angle_Rotation37",
			"GroupId": "ParamGroup8",
			"Name": "[2]左髪4"
		},
		{
			"Id": "Param_Angle_Rotation38",
			"GroupId": "ParamGroup8",
			"Name": "[3]左髪4"
		},
		{
			"Id": "Param_Angle_Rotation39",
			"GroupId": "ParamGroup9",
			"Name": "[0]右髪6"
		},
		{
			"Id": "Param_Angle_Rotation40",
			"GroupId": "ParamGroup9",
			"Name": "[1]右髪6"
		},
		{
			"Id": "Param_Angle_Rotation41",
			"GroupId": "ParamGroup9",
			"Name": "[2]右髪6"
		},
		{
			"Id": "Param_Angle_Rotation42",
			"GroupId": "ParamGroup9",
			"Name": "[3]右髪6"
		},
		{
			"Id": "Param_Angle_Rotation43",
			"GroupId": "ParamGroup9",
			"Name": "[4]右髪6"
		},
		{
			"Id": "Param_Angle_Rotation44",
			"GroupId": "ParamGroup9",
			"Name": "[5]右髪6"
		},
		{
			"Id": "Param_Angle_Rotation45",
			"GroupId": "ParamGroup10",
			"Name": "[0]右髪7"
		},
		{
			"Id": "Param_Angle_Rotation46",
			"GroupId": "ParamGroup10",
			"Name": "[1]右髪7"
		},
		{
			"Id": "Param_Angle_Rotation47",
			"GroupId": "ParamGroup10",
			"Name": "[2]右髪7"
		},
		{
			"Id": "Param_Angle_Rotation48",
			"GroupId": "ParamGroup10",
			"Name": "[3]右髪7"
		},
		{
			"Id": "Param_Angle_Rotation49",
			"GroupId": "ParamGroup11",
			"Name": "[0]右髪布"
		},
		{
			"Id": "Param_Angle_Rotation50",
			"GroupId": "ParamGroup11",
			"Name": "[1]右髪布"
		},
		{
			"Id": "Param_Angle_Rotation51",
			"GroupId": "ParamGroup11",
			"Name": "[2]右髪布"
		},
		{
			"Id": "Param_Angle_Rotation52",
			"GroupId": "ParamGroup11",
			"Name": "[3]右髪布"
		},
		{
			"Id": "Param_Angle_Rotation53",
			"GroupId": "ParamGroup11",
			"Name": "[4]右髪布"
		},
		{
			"Id": "Param_Angle_Rotation54",
			"GroupId": "ParamGroup11",
			"Name": "[5]右髪布"
		},
		{
			"Id": "Param_Angle_Rotation55",
			"GroupId": "ParamGroup11",
			"Name": "[6]右髪布"
		},
		{
			"Id": "Param_Angle_Rotation56",
			"GroupId": "ParamGroup12",
			"Name": "[0]左髪布"
		},
		{
			"Id": "Param_Angle_Rotation57",
			"GroupId": "ParamGroup12",
			"Name": "[1]左髪布"
		},
		{
			"Id": "Param_Angle_Rotation58",
			"GroupId": "ParamGroup12",
			"Name": "[2]左髪布"
		},
		{
			"Id": "Param_Angle_Rotation59",
			"GroupId": "ParamGroup12",
			"Name": "[3]左髪布"
		},
		{
			"Id": "Param_Angle_Rotation60",
			"GroupId": "ParamGroup12",
			"Name": "[4]左髪布"
		},
		{
			"Id": "Param_Angle_Rotation61",
			"GroupId": "ParamGroup12",
			"Name": "[5]左髪布"
		},
		{
			"Id": "Param_Angle_Rotation62",
			"GroupId": "ParamGroup12",
			"Name": "[6]左髪布"
		},
		{
			"Id": "Param_Angle_Rotation63",
			"GroupId": "ParamGroup12",
			"Name": "[7]左髪布"
		},
		{
			"Id": "Param_Angle_Rotation64",
			"GroupId": "ParamGroup13",
			"Name": "[0]左髪3"
		},
		{
			"Id": "Param_Angle_Rotation65",
			"GroupId": "ParamGroup13",
			"Name": "[1]左髪3"
		},
		{
			"Id": "Param_Angle_Rotation66",
			"GroupId": "ParamGroup13",
			"Name": "[2]左髪3"
		},
		{
			"Id": "Param_Angle_Rotation67",
			"GroupId": "ParamGroup13",
			"Name": "[3]左髪3"
		},
		{
			"Id": "Param_Angle_Rotation68",
			"GroupId": "ParamGroup13",
			"Name": "[4]左髪3"
		},
		{
			"Id": "Param_Angle_Rotation69",
			"GroupId": "ParamGroup13",
			"Name": "[5]左髪3"
		}
	],
	"ParameterGroups": [
		{
			"Id": "ParamGroup16",
			"GroupId": "",
			"Name": "エフェクト"
		},
		{
			"Id": "ParamGroup17",
			"GroupId": "",
			"Name": "瞳光"
		},
		{
			"Id": "ParamGroup15",
			"GroupId": "",
			"Name": "胸"
		},
		{
			"Id": "ParamGroup",
			"GroupId": "",
			"Name": "左髪2"
		},
		{
			"Id": "ParamGroup2",
			"GroupId": "",
			"Name": "左髪1"
		},
		{
			"Id": "ParamGroup14",
			"GroupId": "",
			"Name": "左髪1"
		},
		{
			"Id": "ParamGroup3",
			"GroupId": "",
			"Name": "右髪1"
		},
		{
			"Id": "ParamGroup4",
			"GroupId": "",
			"Name": "右髪2"
		},
		{
			"Id": "ParamGroup5",
			"GroupId": "",
			"Name": "右髪3"
		},
		{
			"Id": "ParamGroup6",
			"GroupId": "",
			"Name": "右髪4"
		},
		{
			"Id": "ParamGroup7",
			"GroupId": "",
			"Name": "右髪5"
		},
		{
			"Id": "ParamGroup8",
			"GroupId": "",
			"Name": "左髪4"
		},
		{
			"Id": "ParamGroup9",
			"GroupId": "",
			"Name": "右髪6"
		},
		{
			"Id": "ParamGroup10",
			"GroupId": "",
			"Name": "右髪7"
		},
		{
			"Id": "ParamGroup11",
			"GroupId": "",
			"Name": "右髪布"
		},
		{
			"Id": "ParamGroup12",
			"GroupId": "",
			"Name": "左髪布"
		},
		{
			"Id": "ParamGroup13",
			"GroupId": "",
			"Name": "左髪3"
		}
	],
	"Parts": [
		{
			"Id": "Part7",
			"Name": "1920x1440_エフェクト追加分.psd"
		},
		{
			"Id": "Part9",
			"Name": "1920x1440_エフェクト追加分2.psd"
		},
		{
			"Id": "Part",
			"Name": "加算エフェクト"
		},
		{
			"Id": "Part2",
			"Name": "髪上"
		},
		{
			"Id": "ArtMesh20_Skinning",
			"Name": "左髪3(スキニング)"
		},
		{
			"Id": "Part10",
			"Name": "1920x1440_目アニメーション.psd"
		},
		{
			"Id": "Part3",
			"Name": "髪下"
		},
		{
			"Id": "Part4",
			"Name": "破片エフェクト"
		},
		{
			"Id": "Part5",
			"Name": "キラキラエフェクト"
		},
		{
			"Id": "Part6",
			"Name": "赤エフェクト"
		},
		{
			"Id": "Part8",
			"Name": "追い焼きエフェクト"
		},
		{
			"Id": "ArtMesh12_Skinning",
			"Name": "左髪2(スキニング)"
		},
		{
			"Id": "ArtMesh13_Skinning2",
			"Name": "左髪1(スキニング)"
		},
		{
			"Id": "ArtMesh13_Skinning",
			"Name": "左髪1(スキニング)"
		},
		{
			"Id": "ArtMesh14_Skinning",
			"Name": "右髪1(スキニング)"
		},
		{
			"Id": "ArtMesh15_Skinning",
			"Name": "右髪2(スキニング)"
		},
		{
			"Id": "ArtMesh16_Skinning",
			"Name": "右髪3(スキニング)"
		},
		{
			"Id": "ArtMesh17_Skinning",
			"Name": "右髪4(スキニング)"
		},
		{
			"Id": "ArtMesh18_Skinning",
			"Name": "右髪5(スキニング)"
		},
		{
			"Id": "ArtMesh25_Skinning",
			"Name": "左髪4(スキニング)"
		},
		{
			"Id": "ArtMesh26_Skinning",
			"Name": "右髪6(スキニング)"
		},
		{
			"Id": "ArtMesh27_Skinning",
			"Name": "右髪7(スキニング)"
		},
		{
			"Id": "ArtMesh28_Skinning",
			"Name": "右髪布(スキニング)"
		},
		{
			"Id": "ArtMesh29_Skinning",
			"Name": "左髪布(スキニング)"
		}
	],
	"CombinedParameters": [
		[
			"ParamEyeRL",
			"ParamEyeHB"
		],
		[
			"ParamPaiX",
			"ParamPaiY"
		],
		[
			"ParamPaiX2",
			"ParamPaiY2"
		],
		[
			"ParamPai2X",
			"ParamPai2Y"
		],
		[
			"ParamPai2X2",
			"ParamPai2Y2"
		]
	]
}