{
	"Version": 3,
	"Meta": {
		"Duration": 6,
		"Fps": 30.0,
		"Loop": true,
		"AreBeziersRestricted": false,
		"CurveCount": 100,
		"TotalSegmentCount": 387,
		"TotalPointCount": 1261,
		"UserDataCount": 0,
		"TotalUserDataSize": 0
	},
	"Curves": [
		{
			"Target": "Parameter",
			"Id": "ParamEff1",
			"Segments": [
				0,
				0.635,
				1,
				0.1,
				0.405,
				0.2,
				0.27,
				0.3,
				0.27,
				1,
				0.478,
				0.27,
				0.656,
				0.594,
				0.833,
				0.819,
				1,
				0.933,
				0.946,
				1.033,
				0.932,
				1.133,
				0.932,
				1,
				1.222,
				0.932,
				1.311,
				0.819,
				1.4,
				0.819,
				1,
				1.578,
				0.819,
				1.756,
				0.862,
				1.933,
				0.862,
				1,
				1.978,
				0.862,
				2.022,
				0.346,
				2.067,
				0.346,
				1,
				2.111,
				0.346,
				2.156,
				0.851,
				2.2,
				0.851,
				1,
				2.3,
				0.851,
				2.4,
				0.346,
				2.5,
				0.346,
				1,
				2.7,
				0.346,
				2.9,
				0.795,
				3.1,
				0.795,
				1,
				3.144,
				0.795,
				3.189,
				0.692,
				3.233,
				0.692,
				1,
				3.311,
				0.692,
				3.389,
				0.886,
				3.467,
				0.886,
				1,
				3.722,
				0.886,
				3.978,
				0.87,
				4.233,
				0.692,
				1,
				4.378,
				0.591,
				4.522,
				0.246,
				4.667,
				0.246,
				1,
				5.033,
				0.246,
				5.4,
				0.886,
				5.767,
				0.886,
				1,
				5.844,
				0.886,
				5.922,
				0.815,
				6,
				0.635
			]
		},
		{
			"Target": "Parameter",
			"Id": "ParamEff2",
			"Segments": [
				0,
				0.899,
				1,
				0.078,
				0.936,
				0.156,
				0.947,
				0.233,
				0.947,
				1,
				0.322,
				0.947,
				0.411,
				0.837,
				0.5,
				0.837,
				1,
				0.678,
				0.837,
				0.856,
				0.879,
				1.033,
				0.879,
				1,
				1.078,
				0.879,
				1.122,
				0.419,
				1.167,
				0.419,
				1,
				1.211,
				0.419,
				1.256,
				0.868,
				1.3,
				0.868,
				1,
				1.4,
				0.868,
				1.5,
				0.419,
				1.6,
				0.419,
				1,
				1.8,
				0.419,
				2,
				0.813,
				2.2,
				0.813,
				1,
				2.244,
				0.813,
				2.289,
				0.676,
				2.333,
				0.676,
				1,
				2.411,
				0.676,
				2.489,
				0.903,
				2.567,
				0.903,
				1,
				2.822,
				0.903,
				3.078,
				0.871,
				3.333,
				0.676,
				1,
				3.478,
				0.566,
				3.622,
				0.338,
				3.767,
				0.338,
				1,
				4.133,
				0.338,
				4.5,
				0.903,
				4.867,
				0.903,
				1,
				5.044,
				0.903,
				5.222,
				0.357,
				5.4,
				0.357,
				1,
				5.578,
				0.357,
				5.756,
				0.547,
				5.933,
				0.837,
				1,
				5.956,
				0.873,
				5.978,
				0.888,
				6,
				0.899
			]
		},
		{
			"Target": "Parameter",
			"Id": "ParamEff13",
			"Segments": [
				0,
				1,
				1,
				2,
				1,
				4,
				1,
				6,
				1
			]
		},
		{
			"Target": "Parameter",
			"Id": "ParamEff14",
			"Segments": [
				0,
				1,
				1,
				2,
				1,
				4,
				1,
				6,
				1
			]
		},
		{
			"Target": "Parameter",
			"Id": "ParamEff15",
			"Segments": [
				0,
				1,
				1,
				2,
				1,
				4,
				1,
				6,
				1
			]
		},
		{
			"Target": "Parameter",
			"Id": "ParamEff16",
			"Segments": [
				0,
				1,
				1,
				2,
				1,
				4,
				1,
				6,
				1
			]
		},
		{
			"Target": "Parameter",
			"Id": "ParamEff17",
			"Segments": [
				0,
				1,
				1,
				2,
				1,
				4,
				1,
				6,
				1
			]
		},
		{
			"Target": "Parameter",
			"Id": "ParamEff18",
			"Segments": [
				0,
				1,
				1,
				2,
				1,
				4,
				1,
				6,
				1
			]
		},
		{
			"Target": "Parameter",
			"Id": "ParamEff19",
			"Segments": [
				0,
				1,
				1,
				2,
				1,
				4,
				1,
				6,
				1
			]
		},
		{
			"Target": "Parameter",
			"Id": "ParamEff20",
			"Segments": [
				0,
				1,
				1,
				2,
				1,
				4,
				1,
				6,
				1
			]
		},
		{
			"Target": "Parameter",
			"Id": "ParamEff21",
			"Segments": [
				0,
				1,
				1,
				2,
				1,
				4,
				1,
				6,
				1
			]
		},
		{
			"Target": "Parameter",
			"Id": "ParamEff22",
			"Segments": [
				0,
				1,
				1,
				2,
				1,
				4,
				1,
				6,
				1
			]
		},
		{
			"Target": "Parameter",
			"Id": "ParamEff23",
			"Segments": [
				0,
				1,
				1,
				2,
				1,
				4,
				1,
				6,
				1
			]
		},
		{
			"Target": "Parameter",
			"Id": "ParamEff24",
			"Segments": [
				0,
				1,
				1,
				2,
				1,
				4,
				1,
				6,
				1
			]
		},
		{
			"Target": "Parameter",
			"Id": "ParamEff25",
			"Segments": [
				0,
				1,
				1,
				2,
				1,
				4,
				1,
				6,
				1
			]
		},
		{
			"Target": "Parameter",
			"Id": "ParamEff26",
			"Segments": [
				0,
				1,
				1,
				2,
				1,
				4,
				1,
				6,
				1
			]
		},
		{
			"Target": "Parameter",
			"Id": "ParamEff27",
			"Segments": [
				0,
				1,
				1,
				2,
				1,
				4,
				1,
				6,
				1
			]
		},
		{
			"Target": "Parameter",
			"Id": "ParamEff28",
			"Segments": [
				0,
				1,
				1,
				2,
				1,
				4,
				1,
				6,
				1
			]
		},
		{
			"Target": "Parameter",
			"Id": "ParamEff29",
			"Segments": [
				0,
				1,
				1,
				2,
				1,
				4,
				1,
				6,
				1
			]
		},
		{
			"Target": "Parameter",
			"Id": "ParamEff30",
			"Segments": [
				0,
				1,
				1,
				2,
				1,
				4,
				1,
				6,
				1
			]
		},
		{
			"Target": "Parameter",
			"Id": "ParamEff31",
			"Segments": [
				0,
				1,
				1,
				2,
				1,
				4,
				1,
				6,
				1
			]
		},
		{
			"Target": "Parameter",
			"Id": "ParamEff32",
			"Segments": [
				0,
				1,
				1,
				2,
				1,
				4,
				1,
				6,
				1
			]
		},
		{
			"Target": "Parameter",
			"Id": "ParamEff33",
			"Segments": [
				0,
				1,
				1,
				2,
				1,
				4,
				1,
				6,
				1
			]
		},
		{
			"Target": "Parameter",
			"Id": "ParamPachi",
			"Segments": [
				0,
				1,
				1,
				1.156,
				1,
				2.311,
				1,
				3.467,
				1,
				1,
				3.511,
				1,
				3.556,
				0,
				3.6,
				0,
				1,
				3.611,
				0,
				3.622,
				0,
				3.633,
				0,
				1,
				3.678,
				0,
				3.722,
				1,
				3.767,
				1,
				1,
				4.511,
				1,
				5.256,
				1,
				6,
				1
			]
		},
		{
			"Target": "Parameter",
			"Id": "ParamLegL1",
			"Segments": [
				0,
				-9.995,
				1,
				1,
				-9.995,
				2,
				9.779,
				3,
				9.779,
				1,
				4,
				9.779,
				5,
				-9.995,
				6,
				-9.995
			]
		},
		{
			"Target": "Parameter",
			"Id": "ParamLegR1",
			"Segments": [
				0,
				-5.605,
				1,
				1,
				-5.605,
				2,
				5.612,
				3,
				5.612,
				1,
				4,
				5.612,
				5,
				-5.605,
				6,
				-5.605
			]
		},
		{
			"Target": "Parameter",
			"Id": "ParamEyeRL",
			"Segments": [
				0,
				0,
				1,
				0.044,
				6.167,
				0.089,
				8.571,
				0.133,
				8.571,
				1,
				0.189,
				8.571,
				0.244,
				-1.978,
				0.3,
				-1.978,
				1,
				0.333,
				-1.978,
				0.367,
				0.824,
				0.4,
				0.824,
				1,
				0.433,
				0.824,
				0.467,
				-0.659,
				0.5,
				-0.659,
				1,
				0.578,
				-0.659,
				0.656,
				9.554,
				0.733,
				9.554,
				1,
				0.767,
				9.554,
				0.8,
				-4.615,
				0.833,
				-4.615,
				1,
				0.9,
				-4.615,
				0.967,
				-4.536,
				1.033,
				-3.626,
				1,
				1.067,
				-3.172,
				1.1,
				2.637,
				1.133,
				2.637,
				1,
				1.156,
				2.637,
				1.178,
				-4.615,
				1.2,
				-4.615,
				1,
				1.244,
				-4.615,
				1.289,
				1.813,
				1.333,
				1.813,
				1,
				1.389,
				1.813,
				1.444,
				-2.402,
				1.5,
				-2.402,
				1,
				1.578,
				-2.402,
				1.656,
				2.214,
				1.733,
				3.132,
				1,
				1.8,
				3.919,
				1.867,
				3.791,
				1.933,
				3.791,
				1,
				1.967,
				3.791,
				2,
				3.12,
				2.033,
				0.33,
				1,
				2.044,
				-0.601,
				2.056,
				-4.78,
				2.067,
				-4.78,
				1,
				2.122,
				-4.78,
				2.178,
				-3.754,
				2.233,
				-0.659,
				1,
				2.278,
				1.816,
				2.322,
				3.791,
				2.367,
				3.791,
				1,
				2.4,
				3.791,
				2.433,
				-3.791,
				2.467,
				-3.791,
				1,
				2.511,
				-3.791,
				2.556,
				2.308,
				2.6,
				2.308,
				1,
				2.633,
				2.308,
				2.667,
				-1.978,
				2.7,
				-1.978,
				1,
				2.756,
				-1.978,
				2.811,
				5.868,
				2.867,
				5.868,
				1,
				2.9,
				5.868,
				2.933,
				-3.462,
				2.967,
				-3.462,
				1,
				2.978,
				-3.462,
				2.989,
				-1.542,
				3,
				0,
				1,
				3.044,
				6.167,
				3.089,
				8.571,
				3.133,
				8.571,
				1,
				3.189,
				8.571,
				3.244,
				-1.978,
				3.3,
				-1.978,
				1,
				3.333,
				-1.978,
				3.367,
				0.824,
				3.4,
				0.824,
				1,
				3.433,
				0.824,
				3.467,
				-0.659,
				3.5,
				-0.659,
				1,
				3.578,
				-0.659,
				3.656,
				9.554,
				3.733,
				9.554,
				1,
				3.767,
				9.554,
				3.8,
				-4.615,
				3.833,
				-4.615,
				1,
				3.9,
				-4.615,
				3.967,
				-4.536,
				4.033,
				-3.626,
				1,
				4.067,
				-3.172,
				4.1,
				2.637,
				4.133,
				2.637,
				1,
				4.156,
				2.637,
				4.178,
				-4.615,
				4.2,
				-4.615,
				1,
				4.244,
				-4.615,
				4.289,
				1.813,
				4.333,
				1.813,
				1,
				4.389,
				1.813,
				4.444,
				-2.402,
				4.5,
				-2.402,
				1,
				4.578,
				-2.402,
				4.656,
				2.214,
				4.733,
				3.132,
				1,
				4.8,
				3.919,
				4.867,
				3.791,
				4.933,
				3.791,
				1,
				4.967,
				3.791,
				5,
				3.12,
				5.033,
				0.33,
				1,
				5.044,
				-0.601,
				5.056,
				-4.78,
				5.067,
				-4.78,
				1,
				5.122,
				-4.78,
				5.178,
				-3.754,
				5.233,
				-0.659,
				1,
				5.278,
				1.816,
				5.322,
				3.791,
				5.367,
				3.791,
				1,
				5.4,
				3.791,
				5.433,
				-3.791,
				5.467,
				-3.791,
				1,
				5.511,
				-3.791,
				5.556,
				2.308,
				5.6,
				2.308,
				1,
				5.633,
				2.308,
				5.667,
				-1.978,
				5.7,
				-1.978,
				1,
				5.756,
				-1.978,
				5.811,
				5.868,
				5.867,
				5.868,
				1,
				5.9,
				5.868,
				5.933,
				-3.462,
				5.967,
				-3.462,
				1,
				5.978,
				-3.462,
				5.989,
				-1.542,
				6,
				0
			]
		},
		{
			"Target": "Parameter",
			"Id": "ParamEyeUD",
			"Segments": [
				0,
				-0.165,
				1,
				0.033,
				1.467,
				0.067,
				2.022,
				0.1,
				3.626,
				1,
				0.122,
				4.696,
				0.144,
				6.593,
				0.167,
				6.593,
				1,
				0.2,
				6.593,
				0.233,
				-5.275,
				0.267,
				-5.275,
				1,
				0.311,
				-5.275,
				0.356,
				3.626,
				0.4,
				3.626,
				1,
				0.433,
				3.626,
				0.467,
				-6.758,
				0.5,
				-6.758,
				1,
				0.567,
				-6.758,
				0.633,
				11.868,
				0.7,
				11.868,
				1,
				0.744,
				11.868,
				0.789,
				-2.473,
				0.833,
				-2.473,
				1,
				0.878,
				-2.473,
				0.922,
				1.813,
				0.967,
				1.813,
				1,
				1.044,
				1.813,
				1.122,
				0.825,
				1.2,
				-1.978,
				1,
				1.233,
				-3.179,
				1.267,
				-4.451,
				1.3,
				-4.451,
				1,
				1.344,
				-4.451,
				1.389,
				4.78,
				1.433,
				4.78,
				1,
				1.467,
				4.78,
				1.5,
				-1.813,
				1.533,
				-1.813,
				1,
				1.567,
				-1.813,
				1.6,
				5.11,
				1.633,
				5.11,
				1,
				1.667,
				5.11,
				1.7,
				4.734,
				1.733,
				3.626,
				1,
				1.767,
				2.519,
				1.8,
				1.562,
				1.833,
				-0.165,
				1,
				1.856,
				-1.316,
				1.878,
				-5.275,
				1.9,
				-5.275,
				1,
				1.922,
				-5.275,
				1.944,
				-3.96,
				1.967,
				-0.495,
				1,
				2.011,
				6.437,
				2.056,
				10.385,
				2.1,
				10.385,
				1,
				2.122,
				10.385,
				2.144,
				-2.473,
				2.167,
				-2.473,
				1,
				2.189,
				-2.473,
				2.211,
				4.78,
				2.233,
				4.78,
				1,
				2.267,
				4.78,
				2.3,
				-0.165,
				2.333,
				-0.165,
				1,
				2.411,
				-0.165,
				2.489,
				5.275,
				2.567,
				5.275,
				1,
				2.622,
				5.275,
				2.678,
				5.324,
				2.733,
				4.78,
				1,
				2.778,
				4.345,
				2.822,
				-4.451,
				2.867,
				-4.451,
				1,
				2.911,
				-4.451,
				2.956,
				-2.341,
				3,
				-0.165,
				1,
				3.033,
				1.467,
				3.067,
				2.022,
				3.1,
				3.626,
				1,
				3.122,
				4.696,
				3.144,
				6.593,
				3.167,
				6.593,
				1,
				3.2,
				6.593,
				3.233,
				-5.275,
				3.267,
				-5.275,
				1,
				3.311,
				-5.275,
				3.356,
				3.626,
				3.4,
				3.626,
				1,
				3.433,
				3.626,
				3.467,
				-6.758,
				3.5,
				-6.758,
				1,
				3.567,
				-6.758,
				3.633,
				11.868,
				3.7,
				11.868,
				1,
				3.744,
				11.868,
				3.789,
				-2.473,
				3.833,
				-2.473,
				1,
				3.878,
				-2.473,
				3.922,
				1.813,
				3.967,
				1.813,
				1,
				4.044,
				1.813,
				4.122,
				0.825,
				4.2,
				-1.978,
				1,
				4.233,
				-3.179,
				4.267,
				-4.451,
				4.3,
				-4.451,
				1,
				4.344,
				-4.451,
				4.389,
				4.78,
				4.433,
				4.78,
				1,
				4.467,
				4.78,
				4.5,
				-1.813,
				4.533,
				-1.813,
				1,
				4.567,
				-1.813,
				4.6,
				5.11,
				4.633,
				5.11,
				1,
				4.667,
				5.11,
				4.7,
				4.734,
				4.733,
				3.626,
				1,
				4.767,
				2.519,
				4.8,
				1.562,
				4.833,
				-0.165,
				1,
				4.856,
				-1.316,
				4.878,
				-5.275,
				4.9,
				-5.275,
				1,
				4.922,
				-5.275,
				4.944,
				-3.96,
				4.967,
				-0.495,
				1,
				5.011,
				6.437,
				5.056,
				10.385,
				5.1,
				10.385,
				1,
				5.122,
				10.385,
				5.144,
				-2.473,
				5.167,
				-2.473,
				1,
				5.189,
				-2.473,
				5.211,
				4.78,
				5.233,
				4.78,
				1,
				5.267,
				4.78,
				5.3,
				-0.165,
				5.333,
				-0.165,
				1,
				5.411,
				-0.165,
				5.489,
				5.275,
				5.567,
				5.275,
				1,
				5.622,
				5.275,
				5.678,
				5.324,
				5.733,
				4.78,
				1,
				5.778,
				4.345,
				5.822,
				-4.451,
				5.867,
				-4.451,
				1,
				5.911,
				-4.451,
				5.956,
				-2.341,
				6,
				-0.165
			]
		},
		{
			"Target": "Parameter",
			"Id": "ParamEyeBS",
			"Segments": [
				0,
				-0.133,
				1,
				0.044,
				10.019,
				0.089,
				10.806,
				0.133,
				10.806,
				1,
				0.2,
				10.806,
				0.267,
				-21.783,
				0.333,
				-21.783,
				1,
				0.4,
				-21.783,
				0.467,
				22.539,
				0.533,
				22.539,
				1,
				0.578,
				22.539,
				0.622,
				-14.133,
				0.667,
				-14.133,
				1,
				0.722,
				-14.133,
				0.778,
				22.205,
				0.833,
				22.205,
				1,
				0.856,
				22.205,
				0.878,
				-26.114,
				0.9,
				-26.114,
				1,
				0.944,
				-26.114,
				0.989,
				16.317,
				1.033,
				16.317,
				1,
				1.133,
				16.317,
				1.233,
				-14.361,
				1.333,
				-14.361,
				1,
				1.411,
				-14.361,
				1.489,
				11.873,
				1.567,
				11.873,
				1,
				1.633,
				11.873,
				1.7,
				-25.863,
				1.767,
				-25.863,
				1,
				1.822,
				-25.863,
				1.878,
				9.327,
				1.933,
				14.317,
				1,
				2,
				20.305,
				2.067,
				20.091,
				2.133,
				20.091,
				1,
				2.189,
				20.091,
				2.244,
				-26.114,
				2.3,
				-26.114,
				1,
				2.344,
				-26.114,
				2.389,
				14.317,
				2.433,
				14.317,
				1,
				2.489,
				14.317,
				2.544,
				-15.777,
				2.6,
				-15.777,
				1,
				2.644,
				-15.777,
				2.689,
				20.091,
				2.733,
				20.091,
				1,
				2.789,
				20.091,
				2.844,
				-26.114,
				2.9,
				-26.114,
				1,
				2.933,
				-26.114,
				2.967,
				-7.747,
				3,
				-0.133,
				1,
				3.044,
				10.019,
				3.089,
				10.806,
				3.133,
				10.806,
				1,
				3.2,
				10.806,
				3.267,
				-21.783,
				3.333,
				-21.783,
				1,
				3.4,
				-21.783,
				3.467,
				22.539,
				3.533,
				22.539,
				1,
				3.578,
				22.539,
				3.622,
				-14.133,
				3.667,
				-14.133,
				1,
				3.722,
				-14.133,
				3.778,
				22.205,
				3.833,
				22.205,
				1,
				3.856,
				22.205,
				3.878,
				-26.114,
				3.9,
				-26.114,
				1,
				3.944,
				-26.114,
				3.989,
				16.317,
				4.033,
				16.317,
				1,
				4.133,
				16.317,
				4.233,
				-14.361,
				4.333,
				-14.361,
				1,
				4.411,
				-14.361,
				4.489,
				11.873,
				4.567,
				11.873,
				1,
				4.633,
				11.873,
				4.7,
				-25.863,
				4.767,
				-25.863,
				1,
				4.822,
				-25.863,
				4.878,
				9.327,
				4.933,
				14.317,
				1,
				5,
				20.305,
				5.067,
				20.091,
				5.133,
				20.091,
				1,
				5.189,
				20.091,
				5.244,
				-26.114,
				5.3,
				-26.114,
				1,
				5.344,
				-26.114,
				5.389,
				14.317,
				5.433,
				14.317,
				1,
				5.489,
				14.317,
				5.544,
				-15.777,
				5.6,
				-15.777,
				1,
				5.644,
				-15.777,
				5.689,
				20.091,
				5.733,
				20.091,
				1,
				5.789,
				20.091,
				5.844,
				-26.114,
				5.9,
				-26.114,
				1,
				5.933,
				-26.114,
				5.967,
				-7.747,
				6,
				-0.133
			]
		},
		{
			"Target": "Parameter",
			"Id": "ParamPaiRY",
			"Segments": [
				0,
				-1.261,
				1,
				0.567,
				8.151,
				1.133,
				19.011,
				1.7,
				19.011,
				1,
				2.7,
				19.011,
				3.7,
				-14.809,
				4.7,
				-14.809,
				1,
				5.133,
				-14.808,
				5.567,
				-8.458,
				6,
				-1.26
			]
		},
		{
			"Target": "Parameter",
			"Id": "ParamPaiRX",
			"Segments": [
				0,
				10.607,
				1,
				1,
				10.607,
				2,
				-9.746,
				3,
				-9.746,
				1,
				4,
				-9.746,
				5,
				10.607,
				6,
				10.607
			]
		},
		{
			"Target": "Parameter",
			"Id": "ParamPaiRY2",
			"Segments": [
				0,
				-6.42,
				1,
				0.678,
				3.494,
				1.356,
				18.877,
				2.033,
				18.877,
				1,
				3.033,
				18.877,
				4.033,
				-14.61,
				5.033,
				-14.61,
				1,
				5.356,
				-14.61,
				5.678,
				-11.133,
				6,
				-6.42
			]
		},
		{
			"Target": "Parameter",
			"Id": "ParamPaiRX2",
			"Segments": [
				0,
				7.749,
				1,
				1,
				7.749,
				2,
				-3.503,
				3,
				-3.503,
				1,
				4,
				-3.503,
				5,
				7.749,
				6,
				7.749
			]
		},
		{
			"Target": "Parameter",
			"Id": "ParamPaiLY",
			"Segments": [
				0,
				3.303,
				1,
				0.567,
				12.554,
				1.133,
				23.228,
				1.7,
				23.228,
				1,
				2.7,
				23.228,
				3.7,
				-10.013,
				4.7,
				-10.013,
				1,
				5.133,
				-10.013,
				5.567,
				-3.771,
				6,
				3.303
			]
		},
		{
			"Target": "Parameter",
			"Id": "ParamPaiLX",
			"Segments": [
				0,
				-6.718,
				1,
				1,
				-6.718,
				2,
				17.661,
				3,
				17.661,
				1,
				4,
				17.661,
				5,
				-6.718,
				6,
				-6.718
			]
		},
		{
			"Target": "Parameter",
			"Id": "ParamPaiLY2",
			"Segments": [
				0,
				-6.42,
				1,
				0.678,
				3.494,
				1.356,
				18.877,
				2.033,
				18.877,
				1,
				3.033,
				18.877,
				4.033,
				-14.61,
				5.033,
				-14.61,
				1,
				5.356,
				-14.61,
				5.678,
				-11.133,
				6,
				-6.42
			]
		},
		{
			"Target": "Parameter",
			"Id": "ParamPaiLX2",
			"Segments": [
				0,
				-1.704,
				1,
				1,
				-1.704,
				2,
				6.344,
				3,
				6.344,
				1,
				4,
				6.344,
				5,
				-1.704,
				6,
				-1.704
			]
		},
		{
			"Target": "Parameter",
			"Id": "ParamBreat",
			"Segments": [
				0,
				1,
				1,
				1,
				1,
				2,
				0,
				3,
				0,
				1,
				4,
				0,
				5,
				1,
				6,
				1
			]
		},
		{
			"Target": "Parameter",
			"Id": "ParamLeftArm",
			"Segments": [
				0,
				1.229,
				1,
				1,
				1.229,
				2,
				-0.941,
				3,
				-0.941,
				1,
				4,
				-0.941,
				5,
				1.229,
				6,
				1.229
			]
		},
		{
			"Target": "Parameter",
			"Id": "ParamRightArm",
			"Segments": [
				0,
				-6.81,
				1,
				1,
				-6.81,
				2,
				6.657,
				3,
				6.657,
				1,
				4,
				6.657,
				5,
				-6.81,
				6,
				-6.81
			]
		},
		{
			"Target": "Parameter",
			"Id": "Param",
			"Segments": [
				0,
				9.925,
				1,
				1,
				9.925,
				2,
				-9.435,
				3,
				-9.435,
				1,
				4,
				-9.435,
				5,
				9.925,
				6,
				9.925
			]
		},
		{
			"Target": "Parameter",
			"Id": "Param_Angle_Rotation",
			"Segments": [
				0,
				0,
				1,
				2,
				0,
				4,
				0,
				6,
				0
			]
		},
		{
			"Target": "Parameter",
			"Id": "Param_Angle_Rotation2",
			"Segments": [
				0,
				0.061,
				1,
				0.6,
				-0.108,
				1.2,
				-0.215,
				1.8,
				-0.215,
				1,
				2.789,
				-0.215,
				3.778,
				0.21,
				4.767,
				0.21,
				1,
				5.178,
				0.21,
				5.589,
				0.176,
				6,
				0.061
			]
		},
		{
			"Target": "Parameter",
			"Id": "Param_Angle_Rotation3",
			"Segments": [
				0,
				0.511,
				1,
				0.678,
				-0.395,
				1.356,
				-1.053,
				2.033,
				-1.053,
				1,
				3.022,
				-1.053,
				4.011,
				1.018,
				5,
				1.018,
				1,
				5.333,
				1.018,
				5.667,
				0.952,
				6,
				0.511
			]
		},
		{
			"Target": "Parameter",
			"Id": "Param_Angle_Rotation4",
			"Segments": [
				0,
				0.814,
				1,
				0.756,
				-0.36,
				1.511,
				-1.306,
				2.267,
				-1.306,
				1,
				3.256,
				-1.306,
				4.244,
				1.188,
				5.233,
				1.188,
				1,
				5.489,
				1.188,
				5.744,
				1.205,
				6,
				0.814
			]
		},
		{
			"Target": "Parameter",
			"Id": "Param_Angle_Rotation5",
			"Segments": [
				0,
				0.685,
				1,
				0.833,
				-0.135,
				1.667,
				-0.853,
				2.5,
				-0.853,
				1,
				3.489,
				-0.853,
				4.478,
				0.808,
				5.467,
				0.808,
				1,
				5.644,
				0.808,
				5.822,
				0.855,
				6,
				0.685
			]
		},
		{
			"Target": "Parameter",
			"Id": "Param_Angle_Rotation6",
			"Segments": [
				0,
				0,
				1,
				2,
				0,
				4,
				0,
				6,
				0
			]
		},
		{
			"Target": "Parameter",
			"Id": "Param_Angle_Rotation7",
			"Segments": [
				0,
				-0.021,
				1,
				0.678,
				-0.324,
				1.356,
				-0.544,
				2.033,
				-0.544,
				1,
				3.022,
				-0.544,
				4.011,
				0.148,
				5,
				0.148,
				1,
				5.333,
				0.148,
				5.667,
				0.126,
				6,
				-0.021
			]
		},
		{
			"Target": "Parameter",
			"Id": "Param_Angle_Rotation8",
			"Segments": [
				0,
				0.231,
				1,
				0.756,
				-0.256,
				1.511,
				-0.648,
				2.267,
				-0.648,
				1,
				3.256,
				-0.648,
				4.244,
				0.386,
				5.233,
				0.386,
				1,
				5.489,
				0.386,
				5.744,
				0.393,
				6,
				0.231
			]
		},
		{
			"Target": "Parameter",
			"Id": "Param_Angle_Rotation9",
			"Segments": [
				0,
				0.468,
				1,
				0.833,
				-0.208,
				1.667,
				-0.799,
				2.5,
				-0.799,
				1,
				3.489,
				-0.799,
				4.478,
				0.569,
				5.467,
				0.569,
				1,
				5.644,
				0.569,
				5.822,
				0.608,
				6,
				0.468
			]
		},
		{
			"Target": "Parameter",
			"Id": "Param_Angle_Rotation10",
			"Segments": [
				0,
				0.657,
				1,
				0.7,
				-0.373,
				1.4,
				-1.146,
				2.1,
				-1.146,
				1,
				3.089,
				-1.146,
				4.078,
				1.154,
				5.067,
				1.154,
				1,
				5.378,
				1.154,
				5.689,
				1.11,
				6,
				0.657
			]
		},
		{
			"Target": "Parameter",
			"Id": "Param_Angle_Rotation11",
			"Segments": [
				0,
				2.069,
				1,
				0.778,
				-0.65,
				1.556,
				-2.899,
				2.333,
				-2.899,
				1,
				3.322,
				-2.899,
				4.311,
				2.786,
				5.3,
				2.786,
				1,
				5.533,
				2.786,
				5.767,
				2.87,
				6,
				2.069
			]
		},
		{
			"Target": "Parameter",
			"Id": "Param_Angle_Rotation12",
			"Segments": [
				0,
				0.063,
				1,
				0.567,
				-0.225,
				1.133,
				-0.395,
				1.7,
				-0.395,
				1,
				2.689,
				-0.395,
				3.678,
				0.369,
				4.667,
				0.369,
				1,
				5.111,
				0.369,
				5.556,
				0.287,
				6,
				0.063
			]
		},
		{
			"Target": "Parameter",
			"Id": "Param_Angle_Rotation13",
			"Segments": [
				0,
				0.33,
				1,
				0.644,
				-0.354,
				1.289,
				-0.825,
				1.933,
				-0.825,
				1,
				2.922,
				-0.825,
				3.911,
				0.8,
				4.9,
				0.8,
				1,
				5.267,
				0.8,
				5.633,
				0.716,
				6,
				0.33
			]
		},
		{
			"Target": "Parameter",
			"Id": "Param_Angle_Rotation14",
			"Segments": [
				0,
				0.72,
				1,
				0.722,
				-0.333,
				1.444,
				-1.146,
				2.167,
				-1.146,
				1,
				3.156,
				-1.146,
				4.144,
				1.154,
				5.133,
				1.154,
				1,
				5.422,
				1.154,
				5.711,
				1.136,
				6,
				0.72
			]
		},
		{
			"Target": "Parameter",
			"Id": "Param_Angle_Rotation15",
			"Segments": [
				0,
				1.06,
				1,
				0.8,
				-0.284,
				1.6,
				-1.422,
				2.4,
				-1.422,
				1,
				3.389,
				-1.422,
				4.378,
				1.348,
				5.367,
				1.348,
				1,
				5.578,
				1.348,
				5.789,
				1.407,
				6,
				1.06
			]
		},
		{
			"Target": "Parameter",
			"Id": "Param_Angle_Rotation16",
			"Segments": [
				0,
				0,
				1,
				2,
				0,
				4,
				0,
				6,
				0
			]
		},
		{
			"Target": "Parameter",
			"Id": "Param_Angle_Rotation17",
			"Segments": [
				0,
				0,
				1,
				2,
				0,
				4,
				0,
				6,
				0
			]
		},
		{
			"Target": "Parameter",
			"Id": "Param_Angle_Rotation18",
			"Segments": [
				0,
				0.453,
				1,
				0.633,
				-0.501,
				1.267,
				-1.146,
				1.9,
				-1.146,
				1,
				2.889,
				-1.146,
				3.878,
				1.154,
				4.867,
				1.154,
				1,
				5.244,
				1.154,
				5.622,
				1.018,
				6,
				0.453
			]
		},
		{
			"Target": "Parameter",
			"Id": "Param_Angle_Rotation19",
			"Segments": [
				0,
				0.788,
				1,
				0.711,
				-0.466,
				1.422,
				-1.422,
				2.133,
				-1.422,
				1,
				3.122,
				-1.422,
				4.111,
				1.348,
				5.1,
				1.348,
				1,
				5.4,
				1.348,
				5.7,
				1.311,
				6,
				0.788
			]
		},
		{
			"Target": "Parameter",
			"Id": "Param_Angle_Rotation20",
			"Segments": [
				0,
				1.424,
				1,
				0.789,
				-0.342,
				1.578,
				-1.819,
				2.367,
				-1.819,
				1,
				3.356,
				-1.819,
				4.344,
				1.846,
				5.333,
				1.846,
				1,
				5.556,
				1.846,
				5.778,
				1.912,
				6,
				1.424
			]
		},
		{
			"Target": "Parameter",
			"Id": "Param_Angle_Rotation25",
			"Segments": [
				0,
				-0.012,
				1,
				0.522,
				0.254,
				1.044,
				0.395,
				1.567,
				0.395,
				1,
				2.556,
				0.395,
				3.544,
				-0.369,
				4.533,
				-0.369,
				1,
				5.022,
				-0.369,
				5.511,
				-0.261,
				6,
				-0.012
			]
		},
		{
			"Target": "Parameter",
			"Id": "Param_Angle_Rotation26",
			"Segments": [
				0,
				-0.228,
				1,
				0.6,
				0.416,
				1.2,
				0.825,
				1.8,
				0.825,
				1,
				2.789,
				0.825,
				3.778,
				-0.8,
				4.767,
				-0.8,
				1,
				5.178,
				-0.8,
				5.589,
				-0.667,
				6,
				-0.228
			]
		},
		{
			"Target": "Parameter",
			"Id": "Param_Angle_Rotation27",
			"Segments": [
				0,
				-0.592,
				1,
				0.678,
				0.415,
				1.356,
				1.146,
				2.033,
				1.146,
				1,
				3.022,
				1.146,
				4.011,
				-1.154,
				5,
				-1.154,
				1,
				5.333,
				-1.154,
				5.667,
				-1.082,
				6,
				-0.592
			]
		},
		{
			"Target": "Parameter",
			"Id": "Param_Angle_Rotation28",
			"Segments": [
				0,
				-0.816,
				1,
				0.756,
				0.332,
				1.511,
				1.257,
				2.267,
				1.257,
				1,
				3.256,
				1.257,
				4.244,
				-1.182,
				5.233,
				-1.182,
				1,
				5.489,
				-1.182,
				5.744,
				-1.198,
				6,
				-0.816
			]
		},
		{
			"Target": "Parameter",
			"Id": "Param_Angle_Rotation21",
			"Segments": [
				0,
				0.051,
				1,
				0.467,
				0.289,
				0.933,
				0.395,
				1.4,
				0.395,
				1,
				2.389,
				0.395,
				3.378,
				-0.369,
				4.367,
				-0.369,
				1,
				4.911,
				-0.369,
				5.456,
				-0.226,
				6,
				0.051
			]
		},
		{
			"Target": "Parameter",
			"Id": "Param_Angle_Rotation22",
			"Segments": [
				0,
				-0.095,
				1,
				0.544,
				0.493,
				1.089,
				0.825,
				1.633,
				0.825,
				1,
				2.622,
				0.825,
				3.611,
				-0.8,
				4.6,
				-0.8,
				1,
				5.067,
				-0.8,
				5.533,
				-0.599,
				6,
				-0.095
			]
		},
		{
			"Target": "Parameter",
			"Id": "Param_Angle_Rotation23",
			"Segments": [
				0,
				-0.418,
				1,
				0.622,
				0.522,
				1.244,
				1.146,
				1.867,
				1.146,
				1,
				2.856,
				1.146,
				3.844,
				-1.154,
				4.833,
				-1.154,
				1,
				5.222,
				-1.154,
				5.611,
				-1.002,
				6,
				-0.418
			]
		},
		{
			"Target": "Parameter",
			"Id": "Param_Angle_Rotation24",
			"Segments": [
				0,
				-0.749,
				1,
				0.7,
				0.491,
				1.4,
				1.422,
				2.1,
				1.422,
				1,
				3.089,
				1.422,
				4.078,
				-1.348,
				5.067,
				-1.348,
				1,
				5.378,
				-1.348,
				5.689,
				-1.294,
				6,
				-0.749
			]
		},
		{
			"Target": "Parameter",
			"Id": "Param_Angle_Rotation29",
			"Segments": [
				0,
				-0.34,
				1,
				0.522,
				-0.639,
				1.044,
				-0.798,
				1.567,
				-0.798,
				1,
				2.556,
				-0.798,
				3.544,
				0.06,
				4.533,
				0.06,
				1,
				5.022,
				0.06,
				5.511,
				-0.061,
				6,
				-0.34
			]
		},
		{
			"Target": "Parameter",
			"Id": "Param_Angle_Rotation30",
			"Segments": [
				0,
				-0.105,
				1,
				0.6,
				-0.828,
				1.2,
				-1.288,
				1.8,
				-1.288,
				1,
				2.789,
				-1.288,
				3.778,
				0.537,
				4.767,
				0.537,
				1,
				5.178,
				0.537,
				5.589,
				0.387,
				6,
				-0.105
			]
		},
		{
			"Target": "Parameter",
			"Id": "Param_Angle_Rotation31",
			"Segments": [
				0,
				0.142,
				1,
				0.678,
				-0.358,
				1.356,
				-0.722,
				2.033,
				-0.722,
				1,
				3.022,
				-0.722,
				4.011,
				0.422,
				5,
				0.422,
				1,
				5.333,
				0.422,
				5.667,
				0.386,
				6,
				0.142
			]
		},
		{
			"Target": "Parameter",
			"Id": "Param_Angle_Rotation32",
			"Segments": [
				0,
				0.932,
				1,
				0.756,
				-0.371,
				1.511,
				-1.422,
				2.267,
				-1.422,
				1,
				3.256,
				-1.422,
				4.244,
				1.348,
				5.233,
				1.348,
				1,
				5.489,
				1.348,
				5.744,
				1.366,
				6,
				0.932
			]
		},
		{
			"Target": "Parameter",
			"Id": "Param_Angle_Rotation33",
			"Segments": [
				0,
				1.574,
				1,
				0.833,
				-0.236,
				1.667,
				-1.819,
				2.5,
				-1.819,
				1,
				3.489,
				-1.819,
				4.478,
				1.846,
				5.467,
				1.846,
				1,
				5.644,
				1.846,
				5.822,
				1.949,
				6,
				1.574
			]
		},
		{
			"Target": "Parameter",
			"Id": "Param_Angle_Rotation34",
			"Segments": [
				0,
				-0.598,
				1,
				0.611,
				-1.092,
				1.222,
				-1.412,
				1.833,
				-1.412,
				1,
				2.822,
				-1.412,
				3.811,
				-0.186,
				4.8,
				-0.186,
				1,
				5.2,
				-0.186,
				5.6,
				-0.277,
				6,
				-0.598
			]
		},
		{
			"Target": "Parameter",
			"Id": "Param_Angle_Rotation35",
			"Segments": [
				0,
				-0.105,
				1,
				0.689,
				-1.26,
				1.378,
				-2.114,
				2.067,
				-2.114,
				1,
				3.056,
				-2.114,
				4.044,
				0.496,
				5.033,
				0.496,
				1,
				5.356,
				0.496,
				5.678,
				0.43,
				6,
				-0.105
			]
		},
		{
			"Target": "Parameter",
			"Id": "Param_Angle_Rotation36",
			"Segments": [
				0,
				0.106,
				1,
				0.767,
				-0.67,
				1.533,
				-1.303,
				2.3,
				-1.303,
				1,
				3.289,
				-1.303,
				4.278,
				0.331,
				5.267,
				0.331,
				1,
				5.511,
				0.331,
				5.756,
				0.349,
				6,
				0.106
			]
		},
		{
			"Target": "Parameter",
			"Id": "Param_Angle_Rotation37",
			"Segments": [
				0,
				1.4,
				1,
				0.844,
				-0.565,
				1.689,
				-2.304,
				2.533,
				-2.304,
				1,
				3.522,
				-2.304,
				4.511,
				1.658,
				5.5,
				1.658,
				1,
				5.667,
				1.658,
				5.833,
				1.777,
				6,
				1.4
			]
		},
		{
			"Target": "Parameter",
			"Id": "Param_Angle_Rotation38",
			"Segments": [
				0,
				-0.105,
				1,
				0.689,
				-1.26,
				1.378,
				-2.114,
				2.067,
				-2.114,
				1,
				3.056,
				-2.114,
				4.044,
				0.496,
				5.033,
				0.496,
				1,
				5.356,
				0.496,
				5.678,
				0.43,
				6,
				-0.105
			]
		},
		{
			"Target": "Parameter",
			"Id": "Param_Angle_Rotation39",
			"Segments": [
				0,
				0.106,
				1,
				0.767,
				-0.67,
				1.533,
				-1.303,
				2.3,
				-1.303,
				1,
				3.289,
				-1.303,
				4.278,
				0.331,
				5.267,
				0.331,
				1,
				5.511,
				0.331,
				5.756,
				0.349,
				6,
				0.106
			]
		},
		{
			"Target": "Parameter",
			"Id": "Param_Angle_Rotation40",
			"Segments": [
				0,
				1.4,
				1,
				0.844,
				-0.565,
				1.689,
				-2.304,
				2.533,
				-2.304,
				1,
				3.522,
				-2.304,
				4.511,
				1.658,
				5.5,
				1.658,
				1,
				5.667,
				1.658,
				5.833,
				1.777,
				6,
				1.4
			]
		},
		{
			"Target": "Parameter",
			"Id": "Param_Angle_Rotation41",
			"Segments": [
				0,
				-0.202,
				1,
				0.589,
				0.431,
				1.178,
				0.825,
				1.767,
				0.825,
				1,
				2.756,
				0.825,
				3.744,
				-0.8,
				4.733,
				-0.8,
				1,
				5.156,
				-0.8,
				5.578,
				-0.653,
				6,
				-0.202
			]
		},
		{
			"Target": "Parameter",
			"Id": "Param_Angle_Rotation42",
			"Segments": [
				0,
				-0.558,
				1,
				0.667,
				0.436,
				1.333,
				1.146,
				2,
				1.146,
				1,
				2.989,
				1.146,
				3.978,
				-1.154,
				4.967,
				-1.154,
				1,
				5.311,
				-1.154,
				5.656,
				-1.067,
				6,
				-0.558
			]
		},
		{
			"Target": "Parameter",
			"Id": "Param_Angle_Rotation43",
			"Segments": [
				0,
				-0.786,
				1,
				0.744,
				0.353,
				1.489,
				1.257,
				2.233,
				1.257,
				1,
				3.222,
				1.257,
				4.211,
				-1.182,
				5.2,
				-1.182,
				1,
				5.467,
				-1.182,
				5.733,
				-1.187,
				6,
				-0.786
			]
		},
		{
			"Target": "Parameter",
			"Id": "Param_Angle_Rotation44",
			"Segments": [
				0,
				-0.088,
				1,
				0.589,
				0.21,
				1.178,
				0.395,
				1.767,
				0.395,
				1,
				2.756,
				0.395,
				3.744,
				-0.369,
				4.733,
				-0.369,
				1,
				5.156,
				-0.369,
				5.578,
				-0.3,
				6,
				-0.088
			]
		},
		{
			"Target": "Parameter",
			"Id": "Param_Angle_Rotation45",
			"Segments": [
				0,
				-0.379,
				1,
				0.667,
				0.324,
				1.333,
				0.825,
				2,
				0.825,
				1,
				2.989,
				0.825,
				3.978,
				-0.8,
				4.967,
				-0.8,
				1,
				5.311,
				-0.8,
				5.656,
				-0.738,
				6,
				-0.379
			]
		},
		{
			"Target": "Parameter",
			"Id": "Param_Angle_Rotation46",
			"Segments": [
				0,
				-0.78,
				1,
				0.744,
				0.293,
				1.489,
				1.146,
				2.233,
				1.146,
				1,
				3.222,
				1.146,
				4.211,
				-1.154,
				5.2,
				-1.154,
				1,
				5.467,
				-1.154,
				5.733,
				-1.159,
				6,
				-0.78
			]
		},
		{
			"Target": "Parameter",
			"Id": "Param_Angle_Rotation47",
			"Segments": [
				0,
				-1.116,
				1,
				0.822,
				0.244,
				1.644,
				1.422,
				2.467,
				1.422,
				1,
				3.456,
				1.422,
				4.444,
				-1.348,
				5.433,
				-1.348,
				1,
				5.622,
				-1.348,
				5.811,
				-1.421,
				6,
				-1.116
			]
		},
		{
			"Target": "Parameter",
			"Id": "Param_Angle_Rotation54",
			"Segments": [
				0,
				0.095,
				1,
				0.456,
				0.211,
				0.911,
				0.261,
				1.367,
				0.261,
				1,
				2.356,
				0.261,
				3.344,
				-0.122,
				4.333,
				-0.122,
				1,
				4.889,
				-0.122,
				5.444,
				-0.047,
				6,
				0.095
			]
		},
		{
			"Target": "Parameter",
			"Id": "Param_Angle_Rotation55",
			"Segments": [
				0,
				0.196,
				1,
				0.533,
				0.564,
				1.067,
				0.765,
				1.6,
				0.765,
				1,
				2.589,
				0.765,
				3.578,
				-0.27,
				4.567,
				-0.27,
				1,
				5.044,
				-0.27,
				5.522,
				-0.132,
				6,
				0.196
			]
		},
		{
			"Target": "Parameter",
			"Id": "Param_Angle_Rotation56",
			"Segments": [
				0,
				-0.116,
				1,
				0.633,
				0.549,
				1.267,
				0.999,
				1.9,
				0.999,
				1,
				2.889,
				0.999,
				3.878,
				-0.606,
				4.867,
				-0.606,
				1,
				5.244,
				-0.606,
				5.622,
				-0.511,
				6,
				-0.116
			]
		},
		{
			"Target": "Parameter",
			"Id": "Param_Angle_Rotation57",
			"Segments": [
				0,
				-0.748,
				1,
				0.711,
				0.276,
				1.422,
				1.056,
				2.133,
				1.056,
				1,
				3.122,
				1.056,
				4.111,
				-1.205,
				5.1,
				-1.205,
				1,
				5.4,
				-1.205,
				5.7,
				-1.175,
				6,
				-0.748
			]
		},
		{
			"Target": "Parameter",
			"Id": "Param_Angle_Rotation58",
			"Segments": [
				0,
				-1.33,
				1,
				0.789,
				0.213,
				1.578,
				1.502,
				2.367,
				1.502,
				1,
				3.356,
				1.502,
				4.344,
				-1.698,
				5.333,
				-1.698,
				1,
				5.556,
				-1.698,
				5.778,
				-1.756,
				6,
				-1.33
			]
		},
		{
			"Target": "Parameter",
			"Id": "Param_Angle_Rotation59",
			"Segments": [
				0,
				-1.778,
				1,
				0.867,
				0.15,
				1.733,
				1.892,
				2.6,
				1.892,
				1,
				3.589,
				1.892,
				4.578,
				-1.966,
				5.567,
				-1.966,
				1,
				5.711,
				-1.966,
				5.856,
				-2.088,
				6,
				-1.778
			]
		},
		{
			"Target": "Parameter",
			"Id": "Param_Angle_Rotation48",
			"Segments": [
				0,
				0,
				1,
				2,
				0,
				4,
				0,
				6,
				0
			]
		},
		{
			"Target": "Parameter",
			"Id": "Param_Angle_Rotation49",
			"Segments": [
				0,
				-0.308,
				1,
				0.667,
				0.285,
				1.333,
				0.708,
				2,
				0.708,
				1,
				2.989,
				0.708,
				3.978,
				-0.663,
				4.967,
				-0.663,
				1,
				5.311,
				-0.663,
				5.656,
				-0.611,
				6,
				-0.308
			]
		},
		{
			"Target": "Parameter",
			"Id": "Param_Angle_Rotation50",
			"Segments": [
				0,
				1.16,
				1,
				0.756,
				0.164,
				1.511,
				-0.639,
				2.267,
				-0.639,
				1,
				3.256,
				-0.639,
				4.244,
				1.477,
				5.233,
				1.477,
				1,
				5.489,
				1.477,
				5.744,
				1.491,
				6,
				1.16
			]
		},
		{
			"Target": "Parameter",
			"Id": "Param_Angle_Rotation51",
			"Segments": [
				0,
				1.717,
				1,
				0.833,
				0.237,
				1.667,
				-1.057,
				2.5,
				-1.057,
				1,
				3.489,
				-1.057,
				4.478,
				1.939,
				5.467,
				1.939,
				1,
				5.644,
				1.939,
				5.822,
				2.023,
				6,
				1.717
			]
		},
		{
			"Target": "Parameter",
			"Id": "Param_Angle_Rotation52",
			"Segments": [
				0,
				1.16,
				1,
				0.756,
				0.164,
				1.511,
				-0.639,
				2.267,
				-0.639,
				1,
				3.256,
				-0.639,
				4.244,
				1.477,
				5.233,
				1.477,
				1,
				5.489,
				1.477,
				5.744,
				1.491,
				6,
				1.16
			]
		},
		{
			"Target": "Parameter",
			"Id": "Param_Angle_Rotation53",
			"Segments": [
				0,
				1.717,
				1,
				0.833,
				0.237,
				1.667,
				-1.057,
				2.5,
				-1.057,
				1,
				3.489,
				-1.057,
				4.478,
				1.939,
				5.467,
				1.939,
				1,
				5.644,
				1.939,
				5.822,
				2.023,
				6,
				1.717
			]
		}
	]
}