{
	"Version": 3,
	"Parameters": [
		{
			"Id": "ParamEff1",
			"GroupId": "ParamGroup",
			"Name": "粒子1"
		},
		{
			"Id": "ParamEff2",
			"GroupId": "ParamGroup",
			"Name": "粒子2"
		},
		{
			"Id": "ParamEff3",
			"GroupId": "ParamGroup",
			"Name": "エフェクト3"
		},
		{
			"Id": "ParamEff4",
			"GroupId": "ParamGroup",
			"Name": "エフェクト4"
		},
		{
			"Id": "ParamEff5",
			"GroupId": "ParamGroup",
			"Name": "エフェクト5"
		},
		{
			"Id": "ParamEff6",
			"GroupId": "ParamGroup",
			"Name": "エフェクト6"
		},
		{
			"Id": "ParamEff7",
			"GroupId": "ParamGroup",
			"Name": "エフェクト7"
		},
		{
			"Id": "ParamEff8",
			"GroupId": "ParamGroup",
			"Name": "エフェクト8"
		},
		{
			"Id": "ParamEff9",
			"GroupId": "ParamGroup",
			"Name": "エフェクト9"
		},
		{
			"Id": "ParamEff10",
			"GroupId": "ParamGroup",
			"Name": "エフェクト10"
		},
		{
			"Id": "ParamEff11",
			"GroupId": "ParamGroup",
			"Name": "エフェクト11"
		},
		{
			"Id": "ParamEff12",
			"GroupId": "ParamGroup",
			"Name": "エフェクト12"
		},
		{
			"Id": "ParamEff13",
			"GroupId": "ParamGroup",
			"Name": "エフェクト13"
		},
		{
			"Id": "ParamEff14",
			"GroupId": "ParamGroup",
			"Name": "エフェクト14"
		},
		{
			"Id": "ParamEff15",
			"GroupId": "ParamGroup",
			"Name": "エフェクト15"
		},
		{
			"Id": "ParamEff16",
			"GroupId": "ParamGroup",
			"Name": "エフェクト16"
		},
		{
			"Id": "ParamEff17",
			"GroupId": "ParamGroup",
			"Name": "エフェクト17"
		},
		{
			"Id": "ParamEff18",
			"GroupId": "ParamGroup",
			"Name": "エフェクト18"
		},
		{
			"Id": "ParamEff19",
			"GroupId": "ParamGroup",
			"Name": "エフェクト19"
		},
		{
			"Id": "ParamEff20",
			"GroupId": "ParamGroup",
			"Name": "エフェクト20"
		},
		{
			"Id": "ParamEff21",
			"GroupId": "ParamGroup",
			"Name": "エフェクト21"
		},
		{
			"Id": "ParamEff22",
			"GroupId": "ParamGroup",
			"Name": "エフェクト22"
		},
		{
			"Id": "ParamEff23",
			"GroupId": "ParamGroup",
			"Name": "エフェクト23"
		},
		{
			"Id": "ParamEff24",
			"GroupId": "ParamGroup",
			"Name": "エフェクト24"
		},
		{
			"Id": "ParamEff25",
			"GroupId": "ParamGroup",
			"Name": "エフェクト25"
		},
		{
			"Id": "ParamEff26",
			"GroupId": "ParamGroup",
			"Name": "エフェクト26"
		},
		{
			"Id": "ParamEff27",
			"GroupId": "ParamGroup",
			"Name": "エフェクト27"
		},
		{
			"Id": "ParamEff28",
			"GroupId": "ParamGroup",
			"Name": "エフェクト28"
		},
		{
			"Id": "ParamEff29",
			"GroupId": "ParamGroup",
			"Name": "エフェクト29"
		},
		{
			"Id": "ParamEff30",
			"GroupId": "ParamGroup",
			"Name": "エフェクト30"
		},
		{
			"Id": "ParamEff31",
			"GroupId": "ParamGroup",
			"Name": "エフェクト31"
		},
		{
			"Id": "ParamEff32",
			"GroupId": "ParamGroup",
			"Name": "エフェクト32"
		},
		{
			"Id": "ParamEff33",
			"GroupId": "ParamGroup",
			"Name": "エフェクト33"
		},
		{
			"Id": "ParamPachi",
			"GroupId": "ParamGroup2",
			"Name": "目パチ"
		},
		{
			"Id": "ParamLegL1",
			"GroupId": "ParamGroup2",
			"Name": "右太もも"
		},
		{
			"Id": "ParamLegL2",
			"GroupId": "ParamGroup2",
			"Name": "右足"
		},
		{
			"Id": "ParamLegR1",
			"GroupId": "ParamGroup2",
			"Name": "左太もも"
		},
		{
			"Id": "ParamLegR2",
			"GroupId": "ParamGroup2",
			"Name": "左足"
		},
		{
			"Id": "ParamEyeRL",
			"GroupId": "ParamGroup2",
			"Name": "目Hi左右"
		},
		{
			"Id": "ParamEyeUD",
			"GroupId": "ParamGroup2",
			"Name": "目Hi上下"
		},
		{
			"Id": "ParamEyeBS",
			"GroupId": "ParamGroup2",
			"Name": "目Hi大小"
		},
		{
			"Id": "ParamPaiRY",
			"GroupId": "ParamGroup2",
			"Name": "右胸 Y"
		},
		{
			"Id": "ParamPaiRX",
			"GroupId": "ParamGroup2",
			"Name": "右胸 X"
		},
		{
			"Id": "ParamPaiRY2",
			"GroupId": "ParamGroup2",
			"Name": "右胸 Y2"
		},
		{
			"Id": "ParamPaiRX2",
			"GroupId": "ParamGroup2",
			"Name": "右胸 X2"
		},
		{
			"Id": "ParamPaiLY",
			"GroupId": "ParamGroup2",
			"Name": "左胸 Y"
		},
		{
			"Id": "ParamPaiLX",
			"GroupId": "ParamGroup2",
			"Name": "左胸 X"
		},
		{
			"Id": "ParamPaiLY2",
			"GroupId": "ParamGroup2",
			"Name": "左胸 Y2"
		},
		{
			"Id": "ParamPaiLX2",
			"GroupId": "ParamGroup2",
			"Name": "左胸 X2"
		},
		{
			"Id": "ParamBreat",
			"GroupId": "ParamGroup2",
			"Name": "呼吸"
		},
		{
			"Id": "ParamLeftArm",
			"GroupId": "ParamGroup3",
			"Name": "左腕"
		},
		{
			"Id": "ParamRightArm",
			"GroupId": "ParamGroup3",
			"Name": "右腕"
		},
		{
			"Id": "Param",
			"GroupId": "ParamGroup3",
			"Name": "縦揺れ"
		},
		{
			"Id": "Param_Angle_Rotation",
			"GroupId": "ParamGroup4",
			"Name": "[0]前髪_中2"
		},
		{
			"Id": "Param_Angle_Rotation2",
			"GroupId": "ParamGroup4",
			"Name": "[1]前髪_中2"
		},
		{
			"Id": "Param_Angle_Rotation3",
			"GroupId": "ParamGroup4",
			"Name": "[2]前髪_中2"
		},
		{
			"Id": "Param_Angle_Rotation4",
			"GroupId": "ParamGroup4",
			"Name": "[3]前髪_中2"
		},
		{
			"Id": "Param_Angle_Rotation5",
			"GroupId": "ParamGroup4",
			"Name": "[4]前髪_中2"
		},
		{
			"Id": "Param_Angle_Rotation6",
			"GroupId": "ParamGroup5",
			"Name": "[0]前髪_中1"
		},
		{
			"Id": "Param_Angle_Rotation7",
			"GroupId": "ParamGroup5",
			"Name": "[1]前髪_中1"
		},
		{
			"Id": "Param_Angle_Rotation8",
			"GroupId": "ParamGroup5",
			"Name": "[2]前髪_中1"
		},
		{
			"Id": "Param_Angle_Rotation9",
			"GroupId": "ParamGroup5",
			"Name": "[3]前髪_中1"
		},
		{
			"Id": "Param_Angle_Rotation10",
			"GroupId": "ParamGroup6",
			"Name": "[0]前髪_中3"
		},
		{
			"Id": "Param_Angle_Rotation11",
			"GroupId": "ParamGroup6",
			"Name": "[1]前髪_中3"
		},
		{
			"Id": "Param_Angle_Rotation12",
			"GroupId": "ParamGroup7",
			"Name": "[0]前髪_中4"
		},
		{
			"Id": "Param_Angle_Rotation13",
			"GroupId": "ParamGroup7",
			"Name": "[1]前髪_中4"
		},
		{
			"Id": "Param_Angle_Rotation14",
			"GroupId": "ParamGroup7",
			"Name": "[2]前髪_中4"
		},
		{
			"Id": "Param_Angle_Rotation15",
			"GroupId": "ParamGroup7",
			"Name": "[3]前髪_中4"
		},
		{
			"Id": "Param_Angle_Rotation16",
			"GroupId": "ParamGroup8",
			"Name": "[0]前髪_左1"
		},
		{
			"Id": "Param_Angle_Rotation17",
			"GroupId": "ParamGroup8",
			"Name": "[1]前髪_左1"
		},
		{
			"Id": "Param_Angle_Rotation18",
			"GroupId": "ParamGroup8",
			"Name": "[2]前髪_左1"
		},
		{
			"Id": "Param_Angle_Rotation19",
			"GroupId": "ParamGroup8",
			"Name": "[3]前髪_左1"
		},
		{
			"Id": "Param_Angle_Rotation20",
			"GroupId": "ParamGroup8",
			"Name": "[4]前髪_左1"
		},
		{
			"Id": "Param_Angle_Rotation25",
			"GroupId": "ParamGroup15",
			"Name": "[0]前髪_左2"
		},
		{
			"Id": "Param_Angle_Rotation26",
			"GroupId": "ParamGroup15",
			"Name": "[1]前髪_左2"
		},
		{
			"Id": "Param_Angle_Rotation27",
			"GroupId": "ParamGroup15",
			"Name": "[2]前髪_左2"
		},
		{
			"Id": "Param_Angle_Rotation28",
			"GroupId": "ParamGroup15",
			"Name": "[3]前髪_左2"
		},
		{
			"Id": "Param_Angle_Rotation21",
			"GroupId": "ParamGroup14",
			"Name": "[0]前髪_左3"
		},
		{
			"Id": "Param_Angle_Rotation22",
			"GroupId": "ParamGroup14",
			"Name": "[1]前髪_左3"
		},
		{
			"Id": "Param_Angle_Rotation23",
			"GroupId": "ParamGroup14",
			"Name": "[2]前髪_左3"
		},
		{
			"Id": "Param_Angle_Rotation24",
			"GroupId": "ParamGroup14",
			"Name": "[3]前髪_左3"
		},
		{
			"Id": "Param_Angle_Rotation29",
			"GroupId": "ParamGroup9",
			"Name": "[0]前髪_右1"
		},
		{
			"Id": "Param_Angle_Rotation30",
			"GroupId": "ParamGroup9",
			"Name": "[1]前髪_右1"
		},
		{
			"Id": "Param_Angle_Rotation31",
			"GroupId": "ParamGroup9",
			"Name": "[2]前髪_右1"
		},
		{
			"Id": "Param_Angle_Rotation32",
			"GroupId": "ParamGroup9",
			"Name": "[3]前髪_右1"
		},
		{
			"Id": "Param_Angle_Rotation33",
			"GroupId": "ParamGroup9",
			"Name": "[4]前髪_右1"
		},
		{
			"Id": "Param_Angle_Rotation34",
			"GroupId": "ParamGroup11",
			"Name": "[0]前髪_右2"
		},
		{
			"Id": "Param_Angle_Rotation35",
			"GroupId": "ParamGroup11",
			"Name": "[1]前髪_右2"
		},
		{
			"Id": "Param_Angle_Rotation36",
			"GroupId": "ParamGroup11",
			"Name": "[2]前髪_右2"
		},
		{
			"Id": "Param_Angle_Rotation37",
			"GroupId": "ParamGroup11",
			"Name": "[3]前髪_右2"
		},
		{
			"Id": "Param_Angle_Rotation38",
			"GroupId": "ParamGroup12",
			"Name": "[0]前髪_右3"
		},
		{
			"Id": "Param_Angle_Rotation39",
			"GroupId": "ParamGroup12",
			"Name": "[1]前髪_右3"
		},
		{
			"Id": "Param_Angle_Rotation40",
			"GroupId": "ParamGroup12",
			"Name": "[2]前髪_右3"
		},
		{
			"Id": "Param_Angle_Rotation41",
			"GroupId": "ParamGroup13",
			"Name": "[0]前髪_左4"
		},
		{
			"Id": "Param_Angle_Rotation42",
			"GroupId": "ParamGroup13",
			"Name": "[1]前髪_左4"
		},
		{
			"Id": "Param_Angle_Rotation43",
			"GroupId": "ParamGroup13",
			"Name": "[2]前髪_左4"
		},
		{
			"Id": "Param_Angle_Rotation44",
			"GroupId": "ParamGroup16",
			"Name": "[0]前髪_左5"
		},
		{
			"Id": "Param_Angle_Rotation45",
			"GroupId": "ParamGroup16",
			"Name": "[1]前髪_左5"
		},
		{
			"Id": "Param_Angle_Rotation46",
			"GroupId": "ParamGroup16",
			"Name": "[2]前髪_左5"
		},
		{
			"Id": "Param_Angle_Rotation47",
			"GroupId": "ParamGroup16",
			"Name": "[3]前髪_左5"
		},
		{
			"Id": "Param_Angle_Rotation54",
			"GroupId": "ParamGroup19",
			"Name": "[0]前髪_左6"
		},
		{
			"Id": "Param_Angle_Rotation55",
			"GroupId": "ParamGroup19",
			"Name": "[1]前髪_左6"
		},
		{
			"Id": "Param_Angle_Rotation56",
			"GroupId": "ParamGroup19",
			"Name": "[2]前髪_左6"
		},
		{
			"Id": "Param_Angle_Rotation57",
			"GroupId": "ParamGroup19",
			"Name": "[3]前髪_左6"
		},
		{
			"Id": "Param_Angle_Rotation58",
			"GroupId": "ParamGroup19",
			"Name": "[4]前髪_左6"
		},
		{
			"Id": "Param_Angle_Rotation59",
			"GroupId": "ParamGroup19",
			"Name": "[5]前髪_左6"
		},
		{
			"Id": "Param_Angle_Rotation48",
			"GroupId": "ParamGroup10",
			"Name": "[0]後ろ髪_左1"
		},
		{
			"Id": "Param_Angle_Rotation49",
			"GroupId": "ParamGroup10",
			"Name": "[1]後ろ髪_左1"
		},
		{
			"Id": "Param_Angle_Rotation50",
			"GroupId": "ParamGroup17",
			"Name": "[0]後ろ髪_右1"
		},
		{
			"Id": "Param_Angle_Rotation51",
			"GroupId": "ParamGroup17",
			"Name": "[1]後ろ髪_右1"
		},
		{
			"Id": "Param_Angle_Rotation52",
			"GroupId": "ParamGroup18",
			"Name": "[0]後ろ髪_右2"
		},
		{
			"Id": "Param_Angle_Rotation53",
			"GroupId": "ParamGroup18",
			"Name": "[1]後ろ髪_右2"
		}
	],
	"ParameterGroups": [
		{
			"Id": "ParamGroup",
			"GroupId": "",
			"Name": "エフェクト"
		},
		{
			"Id": "ParamGroup2",
			"GroupId": "",
			"Name": "URアニメーション"
		},
		{
			"Id": "ParamGroup3",
			"GroupId": "",
			"Name": "追加"
		},
		{
			"Id": "ParamGroup4",
			"GroupId": "",
			"Name": "前髪_中2"
		},
		{
			"Id": "ParamGroup5",
			"GroupId": "",
			"Name": "前髪_中1"
		},
		{
			"Id": "ParamGroup6",
			"GroupId": "",
			"Name": "前髪_中3"
		},
		{
			"Id": "ParamGroup7",
			"GroupId": "",
			"Name": "前髪_中4"
		},
		{
			"Id": "ParamGroup8",
			"GroupId": "",
			"Name": "前髪_左1"
		},
		{
			"Id": "ParamGroup15",
			"GroupId": "",
			"Name": "前髪_左2"
		},
		{
			"Id": "ParamGroup14",
			"GroupId": "",
			"Name": "前髪_左3"
		},
		{
			"Id": "ParamGroup9",
			"GroupId": "",
			"Name": "前髪_右1"
		},
		{
			"Id": "ParamGroup11",
			"GroupId": "",
			"Name": "前髪_右2"
		},
		{
			"Id": "ParamGroup12",
			"GroupId": "",
			"Name": "前髪_右3"
		},
		{
			"Id": "ParamGroup13",
			"GroupId": "",
			"Name": "前髪_左4"
		},
		{
			"Id": "ParamGroup16",
			"GroupId": "",
			"Name": "前髪_左5"
		},
		{
			"Id": "ParamGroup19",
			"GroupId": "",
			"Name": "前髪_左6"
		},
		{
			"Id": "ParamGroup10",
			"GroupId": "",
			"Name": "後ろ髪_左1"
		},
		{
			"Id": "ParamGroup17",
			"GroupId": "",
			"Name": "後ろ髪_右1"
		},
		{
			"Id": "ParamGroup18",
			"GroupId": "",
			"Name": "後ろ髪_右2"
		}
	],
	"Parts": [
		{
			"Id": "Part15",
			"Name": "1920x1440.psd"
		},
		{
			"Id": "Part",
			"Name": "*エフェクト"
		},
		{
			"Id": "Part4",
			"Name": "*カラス羽"
		},
		{
			"Id": "Part5",
			"Name": "*雅緋"
		},
		{
			"Id": "Part13",
			"Name": "*グロー"
		},
		{
			"Id": "Part14",
			"Name": "*背景"
		},
		{
			"Id": "Part2",
			"Name": "*オーラ_グロー"
		},
		{
			"Id": "Part3",
			"Name": "*オーラ"
		},
		{
			"Id": "Part6",
			"Name": "*前髪"
		},
		{
			"Id": "Part7",
			"Name": "*輪郭"
		},
		{
			"Id": "Part10",
			"Name": "*後ろ髪"
		},
		{
			"Id": "Part11",
			"Name": "*衣装_胸上"
		},
		{
			"Id": "Part12",
			"Name": "*胸"
		},
		{
			"Id": "Part28",
			"Name": "*下半身"
		},
		{
			"Id": "ArtMesh86_Skinning",
			"Name": "前髪_左5_グロー(スキニング)"
		},
		{
			"Id": "ArtMesh87_Skinning",
			"Name": "前髪_左6_グロー(スキニング)"
		},
		{
			"Id": "ArtMesh88_Skinning",
			"Name": "前髪_右2_グロー(スキニング)"
		},
		{
			"Id": "ArtMesh89_Skinning",
			"Name": "前髪_右3_グロー(スキニング)"
		},
		{
			"Id": "ArtMesh37_Skinning",
			"Name": "前髪_中1(スキニング)"
		},
		{
			"Id": "ArtMesh38_Skinning",
			"Name": "前髪_中2(スキニング)"
		},
		{
			"Id": "ArtMesh39_Skinning",
			"Name": "前髪_中3(スキニング)"
		},
		{
			"Id": "ArtMesh40_Skinning",
			"Name": "前髪_中4(スキニング)"
		},
		{
			"Id": "ArtMesh41_Skinning",
			"Name": "前髪_右1_線(スキニング)"
		},
		{
			"Id": "ArtMesh42_Skinning",
			"Name": "前髪_中4_カゲ(スキニング)"
		},
		{
			"Id": "ArtMesh43_Skinning",
			"Name": "前髪_左1(スキニング)"
		},
		{
			"Id": "ArtMesh44_Skinning",
			"Name": "前髪_左3(スキニング)"
		},
		{
			"Id": "ArtMesh45_Skinning",
			"Name": "前髪_左2(スキニング)"
		},
		{
			"Id": "ArtMesh46_Skinning",
			"Name": "前髪_右1(スキニング)"
		},
		{
			"Id": "ArtMesh47_Skinning",
			"Name": "前髪_右2(スキニング)"
		},
		{
			"Id": "ArtMesh48_Skinning",
			"Name": "前髪_右3(スキニング)"
		},
		{
			"Id": "Part8",
			"Name": "*表情"
		},
		{
			"Id": "ArtMesh66_Skinning",
			"Name": "前髪_左4(スキニング)"
		},
		{
			"Id": "ArtMesh67_Skinning",
			"Name": "前髪_左5(スキニング)"
		},
		{
			"Id": "ArtMesh68_Skinning",
			"Name": "前髪_左6(スキニング)"
		},
		{
			"Id": "ArtMesh69_Skinning",
			"Name": "後ろ髪_左1(スキニング)"
		},
		{
			"Id": "ArtMesh70_Skinning",
			"Name": "後ろ髪_右1(スキニング)"
		},
		{
			"Id": "ArtMesh71_Skinning",
			"Name": "後ろ髪_右2(スキニング)"
		},
		{
			"Id": "Part9",
			"Name": "*前髪カゲ"
		},
		{
			"Id": "ArtMesh54_Skinning",
			"Name": "前髪_左1_カゲ(スキニング)"
		},
		{
			"Id": "ArtMesh55_Skinning",
			"Name": "前髪_中2_カゲ(スキニング)"
		},
		{
			"Id": "ArtMesh56_Skinning",
			"Name": "前髪_中3_カゲ(スキニング)"
		},
		{
			"Id": "ArtMesh57_Skinning",
			"Name": "前髪_中4_カゲ(スキニング)"
		},
		{
			"Id": "ArtMesh58_Skinning",
			"Name": "前髪_右1_カゲ(スキニング)"
		}
	],
	"CombinedParameters": [
		[
			"ParamEyeRL",
			"ParamEyeUD"
		]
	]
}