{
	"Version": 3,
	"Meta": {
		"Duration": 2,
		"Fps": 30.0,
		"Loop": true,
		"AreBeziersRestricted": false,
		"CurveCount": 54,
		"TotalSegmentCount": 313,
		"TotalPointCount": 849,
		"UserDataCount": 0,
		"TotalUserDataSize": 0
	},
	"Curves": [
		{
			"Target": "Parameter",
			"Id": "ParamLegL1",
			"Segments": [
				0,
				0,
				1,
				0.033,
				0,
				0.067,
				17,
				0.1,
				17,
				1,
				0.233,
				17,
				0.367,
				-5,
				0.5,
				-5,
				1,
				0.656,
				-5,
				0.811,
				2,
				0.967,
				2,
				1,
				1.089,
				2,
				1.211,
				0,
				1.333,
				0,
				0,
				2,
				0
			]
		},
		{
			"Target": "Parameter",
			"Id": "ParamLegL2",
			"Segments": [
				0,
				0,
				0,
				0.1,
				0,
				1,
				0.133,
				0,
				0.167,
				23,
				0.2,
				23,
				1,
				0.333,
				23,
				0.467,
				-5,
				0.6,
				-5,
				1,
				0.756,
				-5,
				0.911,
				2,
				1.067,
				2,
				1,
				1.189,
				2,
				1.311,
				0,
				1.433,
				0,
				0,
				2,
				0
			]
		},
		{
			"Target": "Parameter",
			"Id": "ParamLegR1",
			"Segments": [
				0,
				0,
				1,
				0.033,
				0,
				0.067,
				18,
				0.1,
				18,
				1,
				0.233,
				18,
				0.367,
				-5,
				0.5,
				-5,
				1,
				0.656,
				-5,
				0.811,
				2,
				0.967,
				2,
				1,
				1.089,
				2,
				1.211,
				0,
				1.333,
				0,
				0,
				2,
				0
			]
		},
		{
			"Target": "Parameter",
			"Id": "ParamLegR2",
			"Segments": [
				0,
				0,
				0,
				0.1,
				0,
				1,
				0.133,
				0,
				0.167,
				3,
				0.2,
				3,
				1,
				0.333,
				3,
				0.467,
				-8,
				0.6,
				-8,
				1,
				0.756,
				-8,
				0.911,
				2,
				1.067,
				2,
				1,
				1.189,
				2,
				1.311,
				0,
				1.433,
				0,
				0,
				2,
				0
			]
		},
		{
			"Target": "Parameter",
			"Id": "ParamPaiRX",
			"Segments": [
				0,
				0,
				0,
				0.1,
				0,
				1,
				0.144,
				0,
				0.189,
				7.778,
				0.233,
				10,
				1,
				0.333,
				14.999,
				0.433,
				16,
				0.533,
				16,
				1,
				0.622,
				16,
				0.711,
				-30,
				0.8,
				-30,
				1,
				0.889,
				-30,
				0.978,
				-20.494,
				1.067,
				-10,
				1,
				1.167,
				1.806,
				1.267,
				5,
				1.367,
				5,
				1,
				1.433,
				5,
				1.5,
				3.261,
				1.567,
				2,
				1,
				1.656,
				0.319,
				1.744,
				0,
				1.833,
				0,
				0,
				2,
				0
			]
		},
		{
			"Target": "Parameter",
			"Id": "ParamPaiRY",
			"Segments": [
				0,
				0,
				0,
				0.1,
				0,
				1,
				0.144,
				0,
				0.189,
				-25,
				0.233,
				-25,
				1,
				0.333,
				-25,
				0.433,
				30,
				0.533,
				30,
				1,
				0.622,
				30,
				0.711,
				4.144,
				0.8,
				-5,
				1,
				0.889,
				-14.144,
				0.978,
				-14,
				1.067,
				-14,
				1,
				1.167,
				-14,
				1.267,
				-11.134,
				1.367,
				-4,
				1,
				1.433,
				0.756,
				1.5,
				4,
				1.567,
				4,
				1,
				1.656,
				4,
				1.744,
				0,
				1.833,
				0,
				0,
				2,
				0
			]
		},
		{
			"Target": "Parameter",
			"Id": "ParamPaiRX2",
			"Segments": [
				0,
				0,
				1,
				0.044,
				0,
				0.089,
				28,
				0.133,
				28,
				1,
				0.233,
				28,
				0.333,
				28.16,
				0.433,
				17,
				1,
				0.522,
				7.08,
				0.611,
				-30,
				0.7,
				-30,
				1,
				0.789,
				-30,
				0.878,
				-23.921,
				0.967,
				-12,
				1,
				1.067,
				1.411,
				1.167,
				8,
				1.267,
				8,
				1,
				1.333,
				8,
				1.4,
				3.42,
				1.467,
				2,
				1,
				1.556,
				0.106,
				1.644,
				0,
				1.733,
				0,
				0,
				2,
				0
			]
		},
		{
			"Target": "Parameter",
			"Id": "ParamPaiRY2",
			"Segments": [
				0,
				0,
				1,
				0.044,
				0,
				0.089,
				-19,
				0.133,
				-19,
				1,
				0.233,
				-19,
				0.333,
				30,
				0.433,
				30,
				1,
				0.522,
				30,
				0.611,
				10.632,
				0.7,
				1,
				1,
				0.789,
				-8.632,
				0.878,
				-9,
				0.967,
				-9,
				1,
				1.067,
				-9,
				1.167,
				-8.652,
				1.267,
				-5,
				1,
				1.333,
				-2.565,
				1.4,
				6,
				1.467,
				6,
				1,
				1.556,
				6,
				1.644,
				0,
				1.733,
				0,
				0,
				2,
				0
			]
		},
		{
			"Target": "Parameter",
			"Id": "ParamPaiLX",
			"Segments": [
				0,
				0,
				0,
				0.1,
				0,
				1,
				0.144,
				0,
				0.189,
				19,
				0.233,
				19,
				1,
				0.333,
				19,
				0.433,
				-18,
				0.533,
				-18,
				1,
				0.622,
				-18,
				0.711,
				12.812,
				0.8,
				14,
				1,
				0.889,
				15.188,
				0.978,
				15,
				1.067,
				15,
				1,
				1.167,
				15,
				1.267,
				-3,
				1.367,
				-3,
				1,
				1.433,
				-3,
				1.5,
				0,
				1.567,
				0,
				1,
				1.656,
				0,
				1.744,
				0,
				1.833,
				0,
				0,
				2,
				0
			]
		},
		{
			"Target": "Parameter",
			"Id": "ParamPaiLY",
			"Segments": [
				0,
				0,
				0,
				0.1,
				0,
				1,
				0.144,
				0,
				0.189,
				9.699,
				0.233,
				15,
				1,
				0.333,
				26.926,
				0.433,
				30,
				0.533,
				30,
				1,
				0.622,
				30,
				0.711,
				-2.069,
				0.8,
				-16,
				1,
				0.889,
				-29.931,
				0.978,
				-30,
				1.067,
				-30,
				1,
				1.167,
				-30,
				1.267,
				-7.117,
				1.367,
				0,
				1,
				1.433,
				4.745,
				1.5,
				4,
				1.567,
				4,
				1,
				1.656,
				4,
				1.744,
				0,
				1.833,
				0,
				0,
				2,
				0
			]
		},
		{
			"Target": "Parameter",
			"Id": "ParamPaiLX2",
			"Segments": [
				0,
				0,
				1,
				0.044,
				0,
				0.089,
				26,
				0.133,
				26,
				1,
				0.233,
				26,
				0.333,
				14,
				0.433,
				14,
				1,
				0.467,
				14,
				0.5,
				19.962,
				0.533,
				23,
				1,
				0.589,
				28.063,
				0.644,
				29,
				0.7,
				29,
				1,
				0.789,
				29,
				0.878,
				8.341,
				0.967,
				3,
				1,
				1.067,
				-3.009,
				1.167,
				-3,
				1.267,
				-3,
				1,
				1.333,
				-3,
				1.4,
				0,
				1.467,
				0,
				1,
				1.556,
				0,
				1.644,
				0,
				1.733,
				0,
				0,
				2,
				0
			]
		},
		{
			"Target": "Parameter",
			"Id": "ParamPaiLY2",
			"Segments": [
				0,
				0,
				1,
				0.044,
				0,
				0.089,
				-10,
				0.133,
				-10,
				1,
				0.233,
				-10,
				0.333,
				18,
				0.433,
				18,
				1,
				0.467,
				18,
				0.5,
				18.696,
				0.533,
				12,
				1,
				0.589,
				0.841,
				0.644,
				-18,
				0.7,
				-18,
				1,
				0.789,
				-18,
				0.878,
				-18.092,
				0.967,
				-16,
				1,
				1.067,
				-13.647,
				1.167,
				-3.833,
				1.267,
				1,
				1,
				1.333,
				4.222,
				1.4,
				5,
				1.467,
				5,
				1,
				1.556,
				5,
				1.644,
				0,
				1.733,
				0,
				0,
				2,
				0
			]
		},
		{
			"Target": "Parameter",
			"Id": "ParamAngleX",
			"Segments": [
				0,
				0,
				1,
				0.022,
				0,
				0.044,
				-1.516,
				0.067,
				-1.516,
				1,
				0.333,
				-1.516,
				0.6,
				-0.054,
				0.867,
				-0.054,
				1,
				1.044,
				-0.054,
				1.222,
				-0.054,
				1.4,
				-0.054,
				0,
				2,
				-0.054
			]
		},
		{
			"Target": "Parameter",
			"Id": "ParamAngleY",
			"Segments": [
				0,
				0,
				1,
				0.033,
				0,
				0.067,
				-6,
				0.1,
				-6,
				1,
				0.244,
				-6,
				0.389,
				3.918,
				0.533,
				3.918,
				1,
				0.644,
				3.918,
				0.756,
				-1.054,
				0.867,
				-1.054,
				1,
				1.044,
				-1.054,
				1.222,
				-0.054,
				1.4,
				-0.054,
				0,
				2,
				-0.054
			]
		},
		{
			"Target": "Parameter",
			"Id": "ParamAngleZ",
			"Segments": [
				0,
				0,
				1,
				0.033,
				0,
				0.067,
				-25,
				0.1,
				-25,
				1,
				0.211,
				-25,
				0.322,
				7.464,
				0.433,
				7.464,
				1,
				0.633,
				7.464,
				0.833,
				-11.174,
				1.033,
				-11.174,
				1,
				1.211,
				-11.174,
				1.389,
				-0.174,
				1.567,
				-0.174,
				0,
				2,
				-0.174
			]
		},
		{
			"Target": "Parameter",
			"Id": "ParamEyeROpen",
			"Segments": [
				0,
				1,
				1,
				0.022,
				1,
				0.044,
				0,
				0.067,
				0,
				1,
				0.111,
				0,
				0.156,
				0,
				0.2,
				0,
				1,
				0.244,
				0,
				0.289,
				1.012,
				0.333,
				1.012,
				1,
				0.478,
				1.012,
				0.622,
				0.9,
				0.767,
				0.9,
				1,
				0.944,
				0.9,
				1.122,
				1,
				1.3,
				1,
				1,
				1.522,
				1,
				1.744,
				1,
				1.967,
				1,
				0,
				2,
				1
			]
		},
		{
			"Target": "Parameter",
			"Id": "ParamEyeLOpen",
			"Segments": [
				0,
				1,
				1,
				0.022,
				1,
				0.044,
				0,
				0.067,
				0,
				1,
				0.111,
				0,
				0.156,
				0,
				0.2,
				0,
				1,
				0.244,
				0,
				0.289,
				1,
				0.333,
				1,
				1,
				0.478,
				1,
				0.622,
				0.9,
				0.767,
				0.9,
				1,
				0.944,
				0.9,
				1.122,
				1,
				1.3,
				1,
				0,
				2,
				1
			]
		},
		{
			"Target": "Parameter",
			"Id": "ParamBrowRY",
			"Segments": [
				0,
				0,
				1,
				0.033,
				0,
				0.067,
				-0.4,
				0.1,
				-0.4,
				1,
				0.244,
				-0.4,
				0.389,
				0.8,
				0.533,
				0.8,
				1,
				0.722,
				0.8,
				0.911,
				-0.1,
				1.1,
				-0.1,
				1,
				1.278,
				-0.1,
				1.456,
				0,
				1.633,
				0,
				0,
				2,
				0
			]
		},
		{
			"Target": "Parameter",
			"Id": "ParamBrowRAngle",
			"Segments": [
				0,
				0,
				1,
				0.033,
				0,
				0.067,
				0.381,
				0.1,
				0.4,
				1,
				0.244,
				0.481,
				0.389,
				0.5,
				0.533,
				0.5,
				1,
				0.722,
				0.5,
				0.911,
				0,
				1.1,
				0,
				1,
				1.278,
				0,
				1.456,
				0,
				1.633,
				0,
				0,
				2,
				0
			]
		},
		{
			"Target": "Parameter",
			"Id": "ParamBrowRForm",
			"Segments": [
				0,
				0,
				1,
				0.033,
				0,
				0.067,
				-0.2,
				0.1,
				-0.2,
				1,
				0.244,
				-0.2,
				0.389,
				0.3,
				0.533,
				0.3,
				1,
				0.722,
				0.3,
				0.911,
				-0.1,
				1.1,
				-0.1,
				1,
				1.278,
				-0.1,
				1.456,
				0,
				1.633,
				0,
				0,
				2,
				0
			]
		},
		{
			"Target": "Parameter",
			"Id": "ParamMouthOpenY",
			"Segments": [
				0,
				0,
				1,
				0.033,
				0,
				0.067,
				0,
				0.1,
				0,
				1,
				0.267,
				0,
				0.433,
				1,
				0.6,
				1,
				1,
				0.789,
				1,
				0.978,
				0,
				1.167,
				0,
				0,
				2,
				0
			]
		},
		{
			"Target": "Parameter",
			"Id": "ParamCheek",
			"Segments": [
				0,
				0,
				1,
				0.144,
				0,
				0.289,
				1,
				0.433,
				1,
				1,
				0.922,
				1,
				1.411,
				0,
				1.9,
				0,
				0,
				2,
				0
			]
		},
		{
			"Target": "Parameter",
			"Id": "ParamBodyAngleX",
			"Segments": [
				0,
				0,
				1,
				0.056,
				0,
				0.111,
				-1,
				0.167,
				-1,
				1,
				0.311,
				-1,
				0.456,
				10,
				0.6,
				10,
				1,
				0.767,
				10,
				0.933,
				-1,
				1.1,
				-1,
				1,
				1.278,
				-1,
				1.456,
				0,
				1.633,
				0,
				0,
				2,
				0
			]
		},
		{
			"Target": "Parameter",
			"Id": "ParamBodyAngleX2",
			"Segments": [
				0,
				0,
				0,
				0.067,
				0,
				1,
				0.1,
				0,
				0.133,
				-1,
				0.167,
				-1,
				1,
				0.3,
				-1,
				0.433,
				2,
				0.567,
				2,
				1,
				0.767,
				2,
				0.967,
				-1,
				1.167,
				-1,
				1,
				1.344,
				-1,
				1.522,
				0,
				1.7,
				0,
				0,
				2,
				0
			]
		},
		{
			"Target": "Parameter",
			"Id": "ParamBodyAngleX3",
			"Segments": [
				0,
				0,
				0,
				0.067,
				0,
				1,
				0.1,
				0,
				0.133,
				-1,
				0.167,
				-1,
				1,
				0.3,
				-1,
				0.433,
				2,
				0.567,
				2,
				1,
				0.767,
				2,
				0.967,
				-1,
				1.167,
				-1,
				1,
				1.344,
				-1,
				1.522,
				0,
				1.7,
				0,
				0,
				2,
				0
			]
		},
		{
			"Target": "Parameter",
			"Id": "ParamBreat",
			"Segments": [
				0,
				0,
				1,
				0.067,
				0,
				0.133,
				0,
				0.2,
				0,
				1,
				0.3,
				0,
				0.4,
				1,
				0.5,
				1,
				1,
				0.711,
				1,
				0.922,
				0,
				1.133,
				0,
				0,
				2,
				0
			]
		},
		{
			"Target": "Parameter",
			"Id": "ParamHairFront",
			"Segments": [
				0,
				0,
				1,
				0.022,
				0,
				0.044,
				-0.4,
				0.067,
				-0.4,
				1,
				0.211,
				-0.4,
				0.356,
				0.4,
				0.5,
				0.4,
				1,
				0.7,
				0.4,
				0.9,
				-0.1,
				1.1,
				-0.1,
				1,
				1.278,
				-0.1,
				1.456,
				0,
				1.633,
				0,
				0,
				2,
				0
			]
		},
		{
			"Target": "Parameter",
			"Id": "ParamHairSide",
			"Segments": [
				0,
				0,
				0,
				0.067,
				0,
				1,
				0.089,
				0,
				0.111,
				-0.2,
				0.133,
				-0.2,
				1,
				0.278,
				-0.2,
				0.422,
				0.3,
				0.567,
				0.3,
				1,
				0.767,
				0.3,
				0.967,
				-0.1,
				1.167,
				-0.1,
				1,
				1.344,
				-0.1,
				1.522,
				0,
				1.7,
				0,
				0,
				2,
				0
			]
		},
		{
			"Target": "Parameter",
			"Id": "ParamHairBack",
			"Segments": [
				0,
				0,
				0,
				0.1,
				0,
				1,
				0.122,
				0,
				0.144,
				0.2,
				0.167,
				0.2,
				1,
				0.311,
				0.2,
				0.456,
				-0.3,
				0.6,
				-0.3,
				1,
				0.8,
				-0.3,
				1,
				0.1,
				1.2,
				0.1,
				1,
				1.378,
				0.1,
				1.556,
				0,
				1.733,
				0,
				0,
				2,
				0
			]
		},
		{
			"Target": "Parameter",
			"Id": "ParamHairF",
			"Segments": [
				0,
				0,
				0,
				0.1,
				0,
				1,
				0.122,
				0,
				0.144,
				-0.3,
				0.167,
				-0.3,
				1,
				0.311,
				-0.3,
				0.456,
				0.5,
				0.6,
				0.5,
				1,
				0.8,
				0.5,
				1,
				-0.1,
				1.2,
				-0.1,
				1,
				1.378,
				-0.1,
				1.556,
				0,
				1.733,
				0,
				0,
				2,
				0
			]
		},
		{
			"Target": "Parameter",
			"Id": "ParamHairAcsFX",
			"Segments": [
				0,
				0,
				0,
				0.067,
				0,
				1,
				0.133,
				0,
				0.2,
				-10,
				0.267,
				-10,
				1,
				0.411,
				-10,
				0.556,
				10,
				0.7,
				10,
				1,
				0.878,
				10,
				1.056,
				-3,
				1.233,
				-3,
				1,
				1.378,
				-3,
				1.522,
				0,
				1.667,
				0,
				0,
				2,
				0
			]
		},
		{
			"Target": "Parameter",
			"Id": "ParamHairAcsFY",
			"Segments": [
				0,
				0,
				0,
				0.067,
				0,
				1,
				0.133,
				0,
				0.2,
				29,
				0.267,
				29,
				1,
				0.411,
				29,
				0.556,
				-16,
				0.7,
				-16,
				1,
				0.878,
				-16,
				1.056,
				9,
				1.233,
				9,
				1,
				1.378,
				9,
				1.522,
				0,
				1.667,
				0,
				0,
				2,
				0
			]
		},
		{
			"Target": "Parameter",
			"Id": "ParamHairAcsX",
			"Segments": [
				0,
				0,
				1,
				0.067,
				0,
				0.133,
				-7,
				0.2,
				-7,
				1,
				0.344,
				-7,
				0.489,
				12,
				0.633,
				12,
				1,
				0.811,
				12,
				0.989,
				-2,
				1.167,
				-2,
				1,
				1.311,
				-2,
				1.456,
				0,
				1.6,
				0,
				0,
				2,
				0
			]
		},
		{
			"Target": "Parameter",
			"Id": "ParamHairAcsY",
			"Segments": [
				0,
				0,
				1,
				0.067,
				0,
				0.133,
				18,
				0.2,
				18,
				1,
				0.344,
				18,
				0.489,
				-8,
				0.633,
				-8,
				1,
				0.811,
				-8,
				0.989,
				6,
				1.167,
				6,
				1,
				1.311,
				6,
				1.456,
				0,
				1.6,
				0,
				0,
				2,
				0
			]
		},
		{
			"Target": "Parameter",
			"Id": "ParamFinger1_1",
			"Segments": [
				0,
				0,
				1,
				0.089,
				0,
				0.178,
				-3,
				0.267,
				-3,
				1,
				0.4,
				-3,
				0.533,
				2,
				0.667,
				2,
				1,
				0.822,
				2,
				0.978,
				-1,
				1.133,
				-1,
				1,
				1.256,
				-1,
				1.378,
				0,
				1.5,
				0,
				0,
				2,
				0
			]
		},
		{
			"Target": "Parameter",
			"Id": "ParamFinger1_2",
			"Segments": [
				0,
				0,
				1,
				0.089,
				0,
				0.178,
				-2,
				0.267,
				-2,
				1,
				0.4,
				-2,
				0.533,
				3,
				0.667,
				3,
				1,
				0.822,
				3,
				0.978,
				-2,
				1.133,
				-2,
				1,
				1.256,
				-2,
				1.378,
				0,
				1.5,
				0,
				0,
				2,
				0
			]
		},
		{
			"Target": "Parameter",
			"Id": "ParamFinger1_3",
			"Segments": [
				0,
				0,
				1,
				0.089,
				0,
				0.178,
				-4,
				0.267,
				-4,
				1,
				0.4,
				-4,
				0.533,
				3,
				0.667,
				3,
				1,
				0.822,
				3,
				0.978,
				-2,
				1.133,
				-2,
				1,
				1.256,
				-2,
				1.378,
				0,
				1.5,
				0,
				0,
				2,
				0
			]
		},
		{
			"Target": "Parameter",
			"Id": "ParamFingerCloth",
			"Segments": [
				0,
				0,
				1,
				0.033,
				0,
				0.067,
				-10,
				0.1,
				-10,
				1,
				0.244,
				-10,
				0.389,
				30,
				0.533,
				30,
				1,
				0.578,
				30,
				0.622,
				24.179,
				0.667,
				18,
				1,
				0.767,
				4.096,
				0.867,
				-1,
				0.967,
				-1,
				1,
				1.144,
				-1,
				1.322,
				0,
				1.5,
				0,
				0,
				2,
				0
			]
		},
		{
			"Target": "Parameter",
			"Id": "ParamArmR2",
			"Segments": [
				0,
				0,
				1,
				0.033,
				0,
				0.067,
				-21,
				0.1,
				-21,
				1,
				0.244,
				-21,
				0.389,
				-11.444,
				0.533,
				-6,
				1,
				0.7,
				0.281,
				0.867,
				1,
				1.033,
				1,
				1,
				1.156,
				1,
				1.278,
				0,
				1.4,
				0,
				0,
				2,
				0
			]
		},
		{
			"Target": "Parameter",
			"Id": "ParamArmR",
			"Segments": [
				0,
				0,
				1,
				0.033,
				0,
				0.067,
				3,
				0.1,
				3,
				1,
				0.244,
				3,
				0.389,
				-1,
				0.533,
				-1,
				1,
				0.7,
				-1,
				0.867,
				1,
				1.033,
				1,
				1,
				1.156,
				1,
				1.278,
				0,
				1.4,
				0,
				0,
				2,
				0
			]
		},
		{
			"Target": "Parameter",
			"Id": "ParamHandR",
			"Segments": [
				0,
				0,
				1,
				0.033,
				0,
				0.067,
				2,
				0.1,
				2,
				1,
				0.244,
				2,
				0.389,
				-2,
				0.533,
				-2,
				1,
				0.7,
				-2,
				0.867,
				1,
				1.033,
				1,
				1,
				1.156,
				1,
				1.278,
				0,
				1.4,
				0,
				0,
				2,
				0
			]
		},
		{
			"Target": "Parameter",
			"Id": "ParamArmRClothX",
			"Segments": [
				0,
				0,
				1,
				0.033,
				0,
				0.067,
				-11,
				0.1,
				-11,
				1,
				0.244,
				-11,
				0.389,
				-2.814,
				0.533,
				-1,
				1,
				0.7,
				1.093,
				0.867,
				1,
				1.033,
				1,
				1,
				1.156,
				1,
				1.278,
				0,
				1.4,
				0,
				0,
				2,
				0
			]
		},
		{
			"Target": "Parameter",
			"Id": "ParamArmRClothY",
			"Segments": [
				0,
				0,
				1,
				0.033,
				0,
				0.067,
				9,
				0.1,
				9,
				1,
				0.244,
				9,
				0.389,
				-10,
				0.533,
				-10,
				1,
				0.7,
				-10,
				0.867,
				4,
				1.033,
				4,
				1,
				1.156,
				4,
				1.278,
				0,
				1.4,
				0,
				0,
				2,
				0
			]
		},
		{
			"Target": "Parameter",
			"Id": "ParamArmL3",
			"Segments": [
				0,
				0,
				1,
				0.033,
				0,
				0.067,
				20,
				0.1,
				20,
				1,
				0.244,
				20,
				0.389,
				0,
				0.533,
				0,
				1,
				0.7,
				0,
				0.867,
				1,
				1.033,
				1,
				1,
				1.156,
				1,
				1.278,
				0,
				1.4,
				0,
				0,
				2,
				0
			]
		},
		{
			"Target": "Parameter",
			"Id": "ParamUFX",
			"Segments": [
				0,
				0,
				1,
				0.033,
				0,
				0.067,
				-23,
				0.1,
				-23,
				1,
				0.244,
				-23,
				0.389,
				10,
				0.533,
				10,
				1,
				0.7,
				10,
				0.867,
				-2,
				1.033,
				-2,
				1,
				1.156,
				-2,
				1.278,
				0,
				1.4,
				0,
				0,
				2,
				0
			]
		},
		{
			"Target": "Parameter",
			"Id": "ParamUFY",
			"Segments": [
				0,
				0,
				1,
				0.033,
				0,
				0.067,
				4,
				0.1,
				4,
				1,
				0.244,
				4,
				0.389,
				-6,
				0.533,
				-6,
				1,
				0.7,
				-6,
				0.867,
				3,
				1.033,
				3,
				1,
				1.156,
				3,
				1.278,
				0,
				1.4,
				0,
				0,
				2,
				0
			]
		},
		{
			"Target": "Parameter",
			"Id": "ParamUF1_1",
			"Segments": [
				0,
				0,
				1,
				0.033,
				0,
				0.067,
				5,
				0.1,
				5,
				1,
				0.244,
				5,
				0.389,
				-6,
				0.533,
				-6,
				1,
				0.7,
				-6,
				0.867,
				1,
				1.033,
				1,
				1,
				1.156,
				1,
				1.278,
				0,
				1.4,
				0,
				0,
				2,
				0
			]
		},
		{
			"Target": "Parameter",
			"Id": "ParamUF1_2",
			"Segments": [
				0,
				0,
				0,
				0.067,
				0,
				1,
				0.1,
				0,
				0.133,
				-11,
				0.167,
				-11,
				1,
				0.311,
				-11,
				0.456,
				6,
				0.6,
				6,
				1,
				0.767,
				6,
				0.933,
				-2,
				1.1,
				-2,
				1,
				1.222,
				-2,
				1.344,
				0,
				1.467,
				0,
				0,
				2,
				0
			]
		},
		{
			"Target": "Parameter",
			"Id": "ParamUF2_1",
			"Segments": [
				0,
				0,
				1,
				0.033,
				0,
				0.067,
				30,
				0.1,
				30,
				1,
				0.244,
				30,
				0.389,
				-11,
				0.533,
				-11,
				1,
				0.7,
				-11,
				0.867,
				1,
				1.033,
				1,
				1,
				1.156,
				1,
				1.278,
				0,
				1.4,
				0,
				0,
				2,
				0
			]
		},
		{
			"Target": "Parameter",
			"Id": "ParamUF2_2",
			"Segments": [
				0,
				0,
				0,
				0.067,
				0,
				1,
				0.1,
				0,
				0.133,
				26,
				0.167,
				26,
				1,
				0.311,
				26,
				0.456,
				-8,
				0.6,
				-8,
				1,
				0.767,
				-8,
				0.933,
				2,
				1.1,
				2,
				1,
				1.222,
				2,
				1.344,
				0,
				1.467,
				0,
				0,
				2,
				0
			]
		},
		{
			"Target": "Parameter",
			"Id": "ParamUF2_3",
			"Segments": [
				0,
				0,
				0,
				0.133,
				0,
				1,
				0.167,
				0,
				0.2,
				-30,
				0.233,
				-30,
				1,
				0.378,
				-30,
				0.522,
				10,
				0.667,
				10,
				1,
				0.833,
				10,
				1,
				-4,
				1.167,
				-4,
				1,
				1.289,
				-4,
				1.411,
				0,
				1.533,
				0,
				0,
				2,
				0
			]
		},
		{
			"Target": "Parameter",
			"Id": "ParamUF3_1",
			"Segments": [
				0,
				0,
				1,
				0.033,
				0,
				0.067,
				11,
				0.1,
				11,
				1,
				0.244,
				11,
				0.389,
				-7,
				0.533,
				-7,
				1,
				0.7,
				-7,
				0.867,
				1,
				1.033,
				1,
				1,
				1.156,
				1,
				1.278,
				0,
				1.4,
				0,
				0,
				2,
				0
			]
		},
		{
			"Target": "Parameter",
			"Id": "ParamUF3_2",
			"Segments": [
				0,
				0,
				0,
				0.067,
				0,
				1,
				0.1,
				0,
				0.133,
				-24,
				0.167,
				-24,
				1,
				0.311,
				-24,
				0.456,
				9,
				0.6,
				9,
				1,
				0.767,
				9,
				0.933,
				-2,
				1.1,
				-2,
				1,
				1.222,
				-2,
				1.344,
				0,
				1.467,
				0,
				0,
				2,
				0
			]
		},
		{
			"Target": "Parameter",
			"Id": "ParamUF3_3",
			"Segments": [
				0,
				0,
				0,
				0.133,
				0,
				1,
				0.167,
				0,
				0.2,
				-3,
				0.233,
				-3,
				1,
				0.378,
				-3,
				0.522,
				10,
				0.667,
				10,
				1,
				0.833,
				10,
				1,
				-2,
				1.167,
				-2,
				1,
				1.289,
				-2,
				1.411,
				0,
				1.533,
				0,
				0,
				2,
				0
			]
		}
	]
}