{
	"Version": 3,
	"Meta": {
		"Duration": 3.667,
		"Fps": 30.0,
		"Loop": true,
		"AreBeziersRestricted": false,
		"CurveCount": 48,
		"TotalSegmentCount": 296,
		"TotalPointCount": 810,
		"UserDataCount": 0,
		"TotalUserDataSize": 0
	},
	"Curves": [
		{
			"Target": "Parameter",
			"Id": "ParamPaiRX",
			"Segments": [
				0,
				0,
				0,
				0.1,
				0,
				1,
				0.144,
				0,
				0.189,
				7.778,
				0.233,
				10,
				1,
				0.333,
				14.999,
				0.433,
				16,
				0.533,
				16,
				1,
				0.622,
				16,
				0.711,
				-30,
				0.8,
				-30,
				1,
				0.889,
				-30,
				0.978,
				-20.494,
				1.067,
				-10,
				1,
				1.167,
				1.806,
				1.267,
				5,
				1.367,
				5,
				1,
				1.433,
				5,
				1.5,
				3.261,
				1.567,
				2,
				1,
				1.656,
				0.319,
				1.744,
				0,
				1.833,
				0,
				0,
				3.667,
				0
			]
		},
		{
			"Target": "Parameter",
			"Id": "ParamPaiRY",
			"Segments": [
				0,
				0,
				0,
				0.1,
				0,
				1,
				0.144,
				0,
				0.189,
				-25,
				0.233,
				-25,
				1,
				0.333,
				-25,
				0.433,
				30,
				0.533,
				30,
				1,
				0.622,
				30,
				0.711,
				4.144,
				0.8,
				-5,
				1,
				0.889,
				-14.144,
				0.978,
				-14,
				1.067,
				-14,
				1,
				1.167,
				-14,
				1.267,
				-11.134,
				1.367,
				-4,
				1,
				1.433,
				0.756,
				1.5,
				4,
				1.567,
				4,
				1,
				1.656,
				4,
				1.744,
				0,
				1.833,
				0,
				0,
				3.667,
				0
			]
		},
		{
			"Target": "Parameter",
			"Id": "ParamPaiRX2",
			"Segments": [
				0,
				0,
				1,
				0.044,
				0,
				0.089,
				28,
				0.133,
				28,
				1,
				0.233,
				28,
				0.333,
				28.16,
				0.433,
				17,
				1,
				0.522,
				7.08,
				0.611,
				-30,
				0.7,
				-30,
				1,
				0.789,
				-30,
				0.878,
				-23.921,
				0.967,
				-12,
				1,
				1.067,
				1.411,
				1.167,
				8,
				1.267,
				8,
				1,
				1.333,
				8,
				1.4,
				3.42,
				1.467,
				2,
				1,
				1.556,
				0.106,
				1.644,
				0,
				1.733,
				0,
				0,
				3.667,
				0
			]
		},
		{
			"Target": "Parameter",
			"Id": "ParamPaiRY2",
			"Segments": [
				0,
				0,
				1,
				0.044,
				0,
				0.089,
				-19,
				0.133,
				-19,
				1,
				0.233,
				-19,
				0.333,
				30,
				0.433,
				30,
				1,
				0.522,
				30,
				0.611,
				10.632,
				0.7,
				1,
				1,
				0.789,
				-8.632,
				0.878,
				-9,
				0.967,
				-9,
				1,
				1.067,
				-9,
				1.167,
				-8.652,
				1.267,
				-5,
				1,
				1.333,
				-2.565,
				1.4,
				6,
				1.467,
				6,
				1,
				1.556,
				6,
				1.644,
				0,
				1.733,
				0,
				0,
				3.667,
				0
			]
		},
		{
			"Target": "Parameter",
			"Id": "ParamPaiLX",
			"Segments": [
				0,
				0,
				0,
				0.1,
				0,
				1,
				0.144,
				0,
				0.189,
				19,
				0.233,
				19,
				1,
				0.333,
				19,
				0.433,
				-18,
				0.533,
				-18,
				1,
				0.622,
				-18,
				0.711,
				12.812,
				0.8,
				14,
				1,
				0.889,
				15.188,
				0.978,
				15,
				1.067,
				15,
				1,
				1.167,
				15,
				1.267,
				-3,
				1.367,
				-3,
				1,
				1.433,
				-3,
				1.5,
				0,
				1.567,
				0,
				1,
				1.656,
				0,
				1.744,
				0,
				1.833,
				0,
				0,
				3.667,
				0
			]
		},
		{
			"Target": "Parameter",
			"Id": "ParamPaiLY",
			"Segments": [
				0,
				0,
				0,
				0.1,
				0,
				1,
				0.144,
				0,
				0.189,
				9.699,
				0.233,
				15,
				1,
				0.333,
				26.926,
				0.433,
				30,
				0.533,
				30,
				1,
				0.622,
				30,
				0.711,
				-2.069,
				0.8,
				-16,
				1,
				0.889,
				-29.931,
				0.978,
				-30,
				1.067,
				-30,
				1,
				1.167,
				-30,
				1.267,
				-7.117,
				1.367,
				0,
				1,
				1.433,
				4.745,
				1.5,
				4,
				1.567,
				4,
				1,
				1.656,
				4,
				1.744,
				0,
				1.833,
				0,
				0,
				3.667,
				0
			]
		},
		{
			"Target": "Parameter",
			"Id": "ParamPaiLX2",
			"Segments": [
				0,
				0,
				1,
				0.044,
				0,
				0.089,
				26,
				0.133,
				26,
				1,
				0.233,
				26,
				0.333,
				14,
				0.433,
				14,
				1,
				0.467,
				14,
				0.5,
				19.962,
				0.533,
				23,
				1,
				0.589,
				28.063,
				0.644,
				29,
				0.7,
				29,
				1,
				0.789,
				29,
				0.878,
				8.341,
				0.967,
				3,
				1,
				1.067,
				-3.009,
				1.167,
				-3,
				1.267,
				-3,
				1,
				1.333,
				-3,
				1.4,
				0,
				1.467,
				0,
				1,
				1.556,
				0,
				1.644,
				0,
				1.733,
				0,
				0,
				3.667,
				0
			]
		},
		{
			"Target": "Parameter",
			"Id": "ParamPaiLY2",
			"Segments": [
				0,
				0,
				1,
				0.044,
				0,
				0.089,
				-10,
				0.133,
				-10,
				1,
				0.233,
				-10,
				0.333,
				18,
				0.433,
				18,
				1,
				0.467,
				18,
				0.5,
				18.696,
				0.533,
				12,
				1,
				0.589,
				0.841,
				0.644,
				-18,
				0.7,
				-18,
				1,
				0.789,
				-18,
				0.878,
				-18.092,
				0.967,
				-16,
				1,
				1.067,
				-13.647,
				1.167,
				-3.833,
				1.267,
				1,
				1,
				1.333,
				4.222,
				1.4,
				5,
				1.467,
				5,
				1,
				1.556,
				5,
				1.644,
				0,
				1.733,
				0,
				0,
				3.667,
				0
			]
		},
		{
			"Target": "Parameter",
			"Id": "ParamAngleX",
			"Segments": [
				0,
				0,
				1,
				0.044,
				0,
				0.089,
				3,
				0.133,
				3,
				1,
				0.189,
				3,
				0.244,
				-0.715,
				0.3,
				-1,
				1,
				0.467,
				-1.855,
				0.633,
				-2,
				0.8,
				-2,
				1,
				1.067,
				-2,
				1.333,
				5,
				1.6,
				5,
				1,
				1.889,
				5,
				2.178,
				-1,
				2.467,
				-1,
				1,
				2.678,
				-1,
				2.889,
				0,
				3.1,
				0,
				0,
				3.667,
				0
			]
		},
		{
			"Target": "Parameter",
			"Id": "ParamAngleY",
			"Segments": [
				0,
				0,
				1,
				0.044,
				0,
				0.089,
				8.414,
				0.133,
				10,
				1,
				0.189,
				11.983,
				0.244,
				12,
				0.3,
				12,
				1,
				0.467,
				12,
				0.633,
				10.566,
				0.8,
				10,
				1,
				1.067,
				9.095,
				1.333,
				8.639,
				1.6,
				8,
				1,
				1.889,
				7.308,
				2.178,
				7.063,
				2.467,
				6,
				1,
				2.678,
				5.223,
				2.889,
				-1,
				3.1,
				-1,
				0,
				3.667,
				-1
			]
		},
		{
			"Target": "Parameter",
			"Id": "ParamAngleZ",
			"Segments": [
				0,
				0,
				1,
				0.244,
				0,
				0.489,
				30,
				0.733,
				30,
				1,
				1.189,
				30,
				1.644,
				30,
				2.1,
				30,
				1,
				2.433,
				30,
				2.767,
				0,
				3.1,
				0,
				0,
				3.667,
				0
			]
		},
		{
			"Target": "Parameter",
			"Id": "ParamEyeROpen",
			"Segments": [
				0,
				1,
				1,
				0.311,
				1,
				0.622,
				0.6,
				0.933,
				0.6,
				1,
				1.122,
				0.6,
				1.311,
				0.7,
				1.5,
				0.7,
				1,
				1.844,
				0.7,
				2.189,
				0.6,
				2.533,
				0.6,
				1,
				2.722,
				0.6,
				2.911,
				1,
				3.1,
				1,
				0,
				3.667,
				1
			]
		},
		{
			"Target": "Parameter",
			"Id": "ParamEyeLOpen",
			"Segments": [
				0,
				1,
				1,
				0.311,
				1,
				0.622,
				0.6,
				0.933,
				0.6,
				1,
				1.122,
				0.6,
				1.311,
				0.7,
				1.5,
				0.7,
				1,
				1.844,
				0.7,
				2.189,
				0.6,
				2.533,
				0.6,
				1,
				2.722,
				0.6,
				2.911,
				1,
				3.1,
				1,
				0,
				3.667,
				1
			]
		},
		{
			"Target": "Parameter",
			"Id": "ParamEyeBallX",
			"Segments": [
				0,
				0,
				0,
				0.233,
				0,
				1,
				0.322,
				0,
				0.411,
				0.2,
				0.5,
				0.2,
				1,
				0.644,
				0.2,
				0.789,
				-0.3,
				0.933,
				-0.3,
				1,
				1.467,
				-0.3,
				2,
				0,
				2.533,
				0,
				1,
				2.722,
				0,
				2.911,
				0,
				3.1,
				0,
				0,
				3.667,
				0
			]
		},
		{
			"Target": "Parameter",
			"Id": "ParamEyeBallY",
			"Segments": [
				0,
				0,
				0,
				0.233,
				0,
				1,
				0.322,
				0,
				0.411,
				-0.4,
				0.5,
				-0.4,
				1,
				0.644,
				-0.4,
				0.789,
				-0.2,
				0.933,
				-0.2,
				1,
				1.467,
				-0.2,
				2,
				-0.3,
				2.533,
				-0.3,
				1,
				2.722,
				-0.3,
				2.911,
				0,
				3.1,
				0,
				0,
				3.667,
				0
			]
		},
		{
			"Target": "Parameter",
			"Id": "ParamCheek",
			"Segments": [
				0,
				0,
				1,
				0.156,
				0,
				0.311,
				1,
				0.467,
				1,
				1,
				1.156,
				1,
				1.844,
				1,
				2.533,
				1,
				1,
				2.722,
				1,
				2.911,
				0,
				3.1,
				0,
				0,
				3.667,
				0
			]
		},
		{
			"Target": "Parameter",
			"Id": "ParamBodyAngleX",
			"Segments": [
				0,
				0,
				1,
				0.1,
				0,
				0.2,
				7.138,
				0.3,
				8,
				1,
				0.511,
				9.82,
				0.722,
				10,
				0.933,
				10,
				1,
				1.167,
				10,
				1.4,
				6,
				1.633,
				6,
				1,
				1.889,
				6,
				2.144,
				10,
				2.4,
				10,
				1,
				2.633,
				10,
				2.867,
				0,
				3.1,
				0,
				0,
				3.667,
				0
			]
		},
		{
			"Target": "Parameter",
			"Id": "ParamBodyAngleX2",
			"Segments": [
				0,
				0,
				1,
				0.178,
				0,
				0.356,
				-4,
				0.533,
				-4,
				1,
				0.811,
				-4,
				1.089,
				-1,
				1.367,
				-1,
				1,
				1.656,
				-1,
				1.944,
				-2,
				2.233,
				-2,
				1,
				2.522,
				-2,
				2.811,
				0,
				3.1,
				0,
				0,
				3.667,
				0
			]
		},
		{
			"Target": "Parameter",
			"Id": "ParamBreat",
			"Segments": [
				0,
				0,
				1,
				0.1,
				0,
				0.2,
				1,
				0.3,
				1,
				1,
				1.022,
				1,
				1.744,
				1,
				2.467,
				1,
				1,
				2.678,
				1,
				2.889,
				0,
				3.1,
				0,
				0,
				3.667,
				0
			]
		},
		{
			"Target": "Parameter",
			"Id": "ParamHairFront",
			"Segments": [
				0,
				0,
				1,
				0.111,
				0,
				0.222,
				0.6,
				0.333,
				0.6,
				1,
				0.489,
				0.6,
				0.644,
				-0.1,
				0.8,
				-0.1,
				1,
				0.978,
				-0.1,
				1.156,
				0.1,
				1.333,
				0.1,
				1,
				1.567,
				0.1,
				1.8,
				0.073,
				2.033,
				0,
				1,
				2.222,
				-0.059,
				2.411,
				-0.1,
				2.6,
				-0.1,
				1,
				2.822,
				-0.1,
				3.044,
				0,
				3.267,
				0,
				0,
				3.667,
				0
			]
		},
		{
			"Target": "Parameter",
			"Id": "ParamHairSide",
			"Segments": [
				0,
				0,
				0,
				0.067,
				0,
				1,
				0.178,
				0,
				0.289,
				0.4,
				0.4,
				0.4,
				1,
				0.556,
				0.4,
				0.711,
				-0.1,
				0.867,
				-0.1,
				1,
				1.044,
				-0.1,
				1.222,
				0.1,
				1.4,
				0.1,
				1,
				1.633,
				0.1,
				1.867,
				0.091,
				2.1,
				0,
				1,
				2.289,
				-0.074,
				2.478,
				-0.2,
				2.667,
				-0.2,
				1,
				2.889,
				-0.2,
				3.111,
				0,
				3.333,
				0,
				0,
				3.667,
				0
			]
		},
		{
			"Target": "Parameter",
			"Id": "ParamHairBack",
			"Segments": [
				0,
				0,
				0,
				0.133,
				0,
				1,
				0.244,
				0,
				0.356,
				-0.4,
				0.467,
				-0.4,
				1,
				0.622,
				-0.4,
				0.778,
				0.1,
				0.933,
				0.1,
				1,
				1.111,
				0.1,
				1.289,
				-0.1,
				1.467,
				-0.1,
				1,
				1.7,
				-0.1,
				1.933,
				-0.073,
				2.167,
				0,
				1,
				2.356,
				0.059,
				2.544,
				0.1,
				2.733,
				0.1,
				1,
				2.956,
				0.1,
				3.178,
				0,
				3.4,
				0,
				0,
				3.667,
				0
			]
		},
		{
			"Target": "Parameter",
			"Id": "ParamHairF",
			"Segments": [
				0,
				0,
				0,
				3.667,
				0
			]
		},
		{
			"Target": "Parameter",
			"Id": "ParamHairAcsFX",
			"Segments": [
				0,
				0,
				1,
				0.144,
				0,
				0.289,
				5,
				0.433,
				5,
				1,
				0.6,
				5,
				0.767,
				-3,
				0.933,
				-3,
				1,
				1.1,
				-3,
				1.267,
				-1.598,
				1.433,
				0,
				1,
				1.6,
				1.598,
				1.767,
				2,
				1.933,
				2,
				1,
				2.189,
				2,
				2.444,
				-2,
				2.7,
				-2,
				1,
				2.878,
				-2,
				3.056,
				0,
				3.233,
				0,
				0,
				3.667,
				0
			]
		},
		{
			"Target": "Parameter",
			"Id": "ParamHairAcsFY",
			"Segments": [
				0,
				0,
				1,
				0.144,
				0,
				0.289,
				-21,
				0.433,
				-21,
				1,
				0.6,
				-21,
				0.767,
				16,
				0.933,
				16,
				1,
				1.1,
				16,
				1.267,
				4.076,
				1.433,
				0,
				1,
				1.6,
				-4.076,
				1.767,
				-4,
				1.933,
				-4,
				1,
				2.189,
				-4,
				2.444,
				12,
				2.7,
				12,
				1,
				2.878,
				12,
				3.056,
				0,
				3.233,
				0,
				0,
				3.667,
				0
			]
		},
		{
			"Target": "Parameter",
			"Id": "ParamHairAcsX",
			"Segments": [
				0,
				0,
				0,
				0.133,
				0,
				1,
				0.278,
				0,
				0.422,
				7,
				0.567,
				7,
				1,
				0.733,
				7,
				0.9,
				-3,
				1.067,
				-3,
				1,
				1.233,
				-3,
				1.4,
				-0.996,
				1.567,
				0,
				1,
				1.733,
				0.996,
				1.9,
				1,
				2.067,
				1,
				1,
				2.322,
				1,
				2.578,
				-2,
				2.833,
				-2,
				1,
				3.011,
				-2,
				3.189,
				0,
				3.367,
				0,
				0,
				3.667,
				0
			]
		},
		{
			"Target": "Parameter",
			"Id": "ParamHairAcsY",
			"Segments": [
				0,
				0,
				0,
				0.133,
				0,
				1,
				0.278,
				0,
				0.422,
				-28,
				0.567,
				-28,
				1,
				0.733,
				-28,
				0.9,
				6,
				1.067,
				6,
				1,
				1.233,
				6,
				1.4,
				3.633,
				1.567,
				0,
				1,
				1.733,
				-3.633,
				1.9,
				-5,
				2.067,
				-5,
				1,
				2.322,
				-5,
				2.578,
				15,
				2.833,
				15,
				1,
				3.011,
				15,
				3.189,
				0,
				3.367,
				0,
				0,
				3.667,
				0
			]
		},
		{
			"Target": "Parameter",
			"Id": "ParamFinger1_1",
			"Segments": [
				0,
				0,
				1,
				0.111,
				0,
				0.222,
				-24,
				0.333,
				-24,
				1,
				0.489,
				-24,
				0.644,
				-20.616,
				0.8,
				-16,
				1,
				1.111,
				-6.767,
				1.422,
				-3,
				1.733,
				-3,
				1,
				1.844,
				-3,
				1.956,
				-13,
				2.067,
				-13,
				1,
				2.133,
				-13,
				2.2,
				-3,
				2.267,
				-3,
				1,
				2.356,
				-3,
				2.444,
				-15,
				2.533,
				-15,
				1,
				2.756,
				-15,
				2.978,
				18,
				3.2,
				18,
				1,
				3.322,
				18,
				3.444,
				0,
				3.567,
				0,
				0,
				3.667,
				0
			]
		},
		{
			"Target": "Parameter",
			"Id": "ParamFinger1_2",
			"Segments": [
				0,
				0,
				1,
				0.111,
				0,
				0.222,
				24,
				0.333,
				24,
				1,
				0.489,
				24,
				0.644,
				-2,
				0.8,
				-2,
				1,
				1.111,
				-2,
				1.422,
				11,
				1.733,
				11,
				1,
				1.844,
				11,
				1.956,
				-2,
				2.067,
				-2,
				1,
				2.133,
				-2,
				2.2,
				19,
				2.267,
				19,
				1,
				2.356,
				19,
				2.444,
				6,
				2.533,
				6,
				1,
				2.756,
				6,
				2.978,
				30,
				3.2,
				30,
				1,
				3.322,
				30,
				3.444,
				0,
				3.567,
				0,
				0,
				3.667,
				0
			]
		},
		{
			"Target": "Parameter",
			"Id": "ParamFinger1_3",
			"Segments": [
				0,
				0,
				1,
				0.111,
				0,
				0.222,
				29,
				0.333,
				29,
				1,
				0.489,
				29,
				0.644,
				5,
				0.8,
				5,
				1,
				1.111,
				5,
				1.422,
				6,
				1.733,
				6,
				1,
				1.844,
				6,
				1.956,
				-26,
				2.067,
				-26,
				1,
				2.133,
				-26,
				2.2,
				16,
				2.267,
				16,
				1,
				2.356,
				16,
				2.444,
				-19,
				2.533,
				-19,
				1,
				2.756,
				-19,
				2.978,
				20,
				3.2,
				20,
				1,
				3.322,
				20,
				3.444,
				0,
				3.567,
				0,
				0,
				3.667,
				0
			]
		},
		{
			"Target": "Parameter",
			"Id": "ParamFingerCloth",
			"Segments": [
				0,
				0,
				1,
				0.267,
				0,
				0.533,
				0,
				0.8,
				0,
				1,
				1.111,
				0,
				1.422,
				0,
				1.733,
				0,
				1,
				2.344,
				0,
				2.956,
				0,
				3.567,
				0,
				0,
				3.667,
				0
			]
		},
		{
			"Target": "Parameter",
			"Id": "ParamArmR2",
			"Segments": [
				0,
				0,
				1,
				0.267,
				0,
				0.533,
				-24,
				0.8,
				-24,
				1,
				1.033,
				-24,
				1.267,
				-20.452,
				1.5,
				-7.108,
				1,
				1.833,
				11.955,
				2.167,
				26,
				2.5,
				26,
				1,
				2.8,
				26,
				3.1,
				0,
				3.4,
				0,
				0,
				3.667,
				0
			]
		},
		{
			"Target": "Parameter",
			"Id": "ParamArmR",
			"Segments": [
				0,
				0,
				1,
				0.267,
				0,
				0.533,
				-18,
				0.8,
				-18,
				1,
				1.111,
				-18,
				1.422,
				-16.898,
				1.733,
				-15,
				1,
				1.967,
				-13.576,
				2.2,
				-13.32,
				2.433,
				-11,
				1,
				2.756,
				-7.797,
				3.078,
				0,
				3.4,
				0,
				0,
				3.667,
				0
			]
		},
		{
			"Target": "Parameter",
			"Id": "ParamHandR",
			"Segments": [
				0,
				0,
				1,
				0.267,
				0,
				0.533,
				-4.079,
				0.8,
				-5,
				1,
				1.111,
				-6.075,
				1.422,
				-6,
				1.733,
				-6,
				1,
				1.967,
				-6,
				2.2,
				1,
				2.433,
				1,
				1,
				2.756,
				1,
				3.078,
				0,
				3.4,
				0,
				0,
				3.667,
				0
			]
		},
		{
			"Target": "Parameter",
			"Id": "ParamArmRClothX",
			"Segments": [
				0,
				0,
				1,
				0.267,
				0,
				0.533,
				-14,
				0.8,
				-14,
				1,
				1.111,
				-14,
				1.422,
				-14,
				1.733,
				-14,
				1,
				1.989,
				-14,
				2.244,
				-8.652,
				2.5,
				-4,
				1,
				2.7,
				-0.359,
				2.9,
				0,
				3.1,
				0,
				0,
				3.667,
				0
			]
		},
		{
			"Target": "Parameter",
			"Id": "ParamArmRClothY",
			"Segments": [
				0,
				0,
				1,
				0.267,
				0,
				0.533,
				1,
				0.8,
				1,
				1,
				1.111,
				1,
				1.422,
				1,
				1.733,
				1,
				1,
				1.989,
				1,
				2.244,
				-1,
				2.5,
				-1,
				1,
				2.7,
				-1,
				2.9,
				-1,
				3.1,
				-1,
				0,
				3.667,
				-1
			]
		},
		{
			"Target": "Parameter",
			"Id": "ParamArmL",
			"Segments": [
				0,
				0,
				0,
				3.667,
				0
			]
		},
		{
			"Target": "Parameter",
			"Id": "ParamArmL2",
			"Segments": [
				0,
				0,
				0,
				3.667,
				0
			]
		},
		{
			"Target": "Parameter",
			"Id": "ParamUFX",
			"Segments": [
				0,
				0,
				1,
				0.189,
				0,
				0.378,
				-2,
				0.567,
				-2,
				1,
				0.856,
				-2,
				1.144,
				1,
				1.433,
				1,
				1,
				1.7,
				1,
				1.967,
				-1,
				2.233,
				-1,
				1,
				2.522,
				-1,
				2.811,
				0,
				3.1,
				0,
				0,
				3.667,
				0
			]
		},
		{
			"Target": "Parameter",
			"Id": "ParamUFY",
			"Segments": [
				0,
				0,
				1,
				0.189,
				0,
				0.378,
				12,
				0.567,
				12,
				1,
				0.844,
				12,
				1.122,
				-1.781,
				1.4,
				-1.781,
				1,
				1.678,
				-1.781,
				1.956,
				0.57,
				2.233,
				0.57,
				1,
				2.522,
				0.57,
				2.811,
				0,
				3.1,
				0,
				0,
				3.667,
				0
			]
		},
		{
			"Target": "Parameter",
			"Id": "ParamUF1_1",
			"Segments": [
				0,
				0,
				1,
				0.189,
				0,
				0.378,
				-20,
				0.567,
				-20,
				1,
				0.844,
				-20,
				1.122,
				-1,
				1.4,
				-1,
				1,
				1.678,
				-1,
				1.956,
				-4,
				2.233,
				-4,
				1,
				2.522,
				-4,
				2.811,
				0,
				3.1,
				0,
				0,
				3.667,
				0
			]
		},
		{
			"Target": "Parameter",
			"Id": "ParamUF1_2",
			"Segments": [
				0,
				0,
				0,
				0.067,
				0,
				1,
				0.256,
				0,
				0.444,
				-24,
				0.633,
				-24,
				1,
				0.911,
				-24,
				1.189,
				2,
				1.467,
				2,
				1,
				1.744,
				2,
				2.022,
				-29,
				2.3,
				-29,
				1,
				2.589,
				-29,
				2.878,
				0,
				3.167,
				0,
				0,
				3.667,
				0
			]
		},
		{
			"Target": "Parameter",
			"Id": "ParamUF2_1",
			"Segments": [
				0,
				0,
				1,
				0.189,
				0,
				0.378,
				3,
				0.567,
				3,
				1,
				0.844,
				3,
				1.122,
				-2,
				1.4,
				-2,
				1,
				1.678,
				-2,
				1.956,
				2,
				2.233,
				2,
				1,
				2.522,
				2,
				2.811,
				0,
				3.1,
				0,
				0,
				3.667,
				0
			]
		},
		{
			"Target": "Parameter",
			"Id": "ParamUF2_2",
			"Segments": [
				0,
				0,
				0,
				0.067,
				0,
				1,
				0.256,
				0,
				0.444,
				3,
				0.633,
				3,
				1,
				0.911,
				3,
				1.189,
				-2,
				1.467,
				-2,
				1,
				1.744,
				-2,
				2.022,
				2,
				2.3,
				2,
				1,
				2.589,
				2,
				2.878,
				0,
				3.167,
				0,
				0,
				3.667,
				0
			]
		},
		{
			"Target": "Parameter",
			"Id": "ParamUF2_3",
			"Segments": [
				0,
				0,
				0,
				0.133,
				0,
				1,
				0.322,
				0,
				0.511,
				-5,
				0.7,
				-5,
				1,
				0.978,
				-5,
				1.256,
				6,
				1.533,
				6,
				1,
				1.811,
				6,
				2.089,
				-2,
				2.367,
				-2,
				1,
				2.656,
				-2,
				2.944,
				0,
				3.233,
				0,
				0,
				3.667,
				0
			]
		},
		{
			"Target": "Parameter",
			"Id": "ParamUF3_1",
			"Segments": [
				0,
				0,
				1,
				0.189,
				0,
				0.378,
				-30,
				0.567,
				-30,
				1,
				0.844,
				-30,
				1.122,
				-3.389,
				1.4,
				-1,
				1,
				1.678,
				1.389,
				1.956,
				1,
				2.233,
				1,
				1,
				2.522,
				1,
				2.811,
				0,
				3.1,
				0,
				0,
				3.667,
				0
			]
		},
		{
			"Target": "Parameter",
			"Id": "ParamUF3_2",
			"Segments": [
				0,
				0,
				0,
				0.067,
				0,
				1,
				0.256,
				0,
				0.444,
				20,
				0.633,
				20,
				1,
				0.911,
				20,
				1.189,
				-1,
				1.467,
				-1,
				1,
				1.744,
				-1,
				2.022,
				0,
				2.3,
				0,
				1,
				2.589,
				0,
				2.878,
				0,
				3.167,
				0,
				0,
				3.667,
				0
			]
		},
		{
			"Target": "Parameter",
			"Id": "ParamUF3_3",
			"Segments": [
				0,
				0,
				0,
				0.133,
				0,
				1,
				0.322,
				0,
				0.511,
				18,
				0.7,
				18,
				1,
				0.978,
				18,
				1.256,
				-2,
				1.533,
				-2,
				1,
				1.811,
				-2,
				2.089,
				0,
				2.367,
				0,
				1,
				2.656,
				0,
				2.944,
				0,
				3.233,
				0,
				0,
				3.667,
				0
			]
		}
	]
}