{
	"Version": 3,
	"Meta": {
		"Duration": 5.967,
		"Fps": 30.0,
		"Loop": true,
		"AreBeziersRestricted": false,
		"CurveCount": 35,
		"TotalSegmentCount": 167,
		"TotalPointCount": 526,
		"UserDataCount": 0,
		"TotalUserDataSize": 0
	},
	"Curves": [
		{
			"Target": "Parameter",
			"Id": "ParamLegL1",
			"Segments": [
				0,
				0,
				1,
				0.011,
				0,
				0.022,
				0.221,
				0.033,
				0.302,
				1,
				0.378,
				2.814,
				0.722,
				4,
				1.067,
				4,
				1,
				1.567,
				4,
				2.067,
				2.667,
				2.567,
				0,
				1,
				3.067,
				-2.667,
				3.567,
				-4,
				4.067,
				-4,
				1,
				4.7,
				-4,
				5.333,
				-2.853,
				5.967,
				-0.453
			]
		},
		{
			"Target": "Parameter",
			"Id": "ParamLegL2",
			"Segments": [
				0,
				0,
				1,
				0.011,
				0,
				0.022,
				0.233,
				0.033,
				0.302,
				1,
				0.433,
				2.811,
				0.833,
				4,
				1.233,
				4,
				1,
				1.733,
				4,
				2.233,
				2.667,
				2.733,
				0,
				1,
				3.233,
				-2.667,
				3.733,
				-4,
				4.233,
				-4,
				1,
				4.811,
				-4,
				5.389,
				-2.855,
				5.967,
				-0.453
			]
		},
		{
			"Target": "Parameter",
			"Id": "ParamLegR1",
			"Segments": [
				0,
				0,
				1,
				0.011,
				0,
				0.022,
				0.257,
				0.033,
				0.302,
				1,
				0.644,
				2.801,
				1.256,
				4,
				1.867,
				4,
				1,
				2.367,
				4,
				2.867,
				2.667,
				3.367,
				0,
				1,
				3.867,
				-2.667,
				4.367,
				-4,
				4.867,
				-4,
				1,
				5.233,
				-4,
				5.6,
				-2.87,
				5.967,
				-0.453
			]
		},
		{
			"Target": "Parameter",
			"Id": "ParamLegR2",
			"Segments": [
				0,
				0,
				1,
				0.011,
				0,
				0.022,
				0.261,
				0.033,
				0.302,
				1,
				0.7,
				2.799,
				1.367,
				4,
				2.033,
				4,
				1,
				2.533,
				4,
				3.033,
				2.667,
				3.533,
				0,
				1,
				4.033,
				-2.667,
				4.533,
				-4,
				5.033,
				-4,
				1,
				5.344,
				-4,
				5.656,
				-2.876,
				5.967,
				-0.453
			]
		},
		{
			"Target": "Parameter",
			"Id": "ParamPaiRX",
			"Segments": [
				0,
				0,
				1,
				0.011,
				0,
				0.022,
				0.155,
				0.033,
				0.183,
				1,
				0.522,
				1.415,
				1.011,
				2,
				1.5,
				2,
				1,
				2,
				2,
				2.5,
				1.777,
				3,
				0,
				1,
				3.5,
				-1.777,
				4,
				-4,
				4.5,
				-4,
				1,
				4.989,
				-4,
				5.478,
				-2.872,
				5.967,
				-0.486
			]
		},
		{
			"Target": "Parameter",
			"Id": "ParamPaiRY",
			"Segments": [
				0,
				0,
				1,
				0.011,
				0,
				0.022,
				0.354,
				0.033,
				0.56,
				1,
				0.522,
				9.606,
				1.011,
				14,
				1.5,
				14,
				1,
				2,
				14,
				2.5,
				9.333,
				3,
				0,
				1,
				3.5,
				-9.333,
				4,
				-14,
				4.5,
				-14,
				1,
				4.989,
				-14,
				5.478,
				-9.606,
				5.967,
				-0.56
			]
		},
		{
			"Target": "Parameter",
			"Id": "ParamPaiRX2",
			"Segments": [
				0,
				0,
				1,
				0.011,
				0,
				0.022,
				-0.277,
				0.033,
				-0.303,
				1,
				0.522,
				-1.456,
				1.011,
				-2,
				1.5,
				-2,
				1,
				2,
				-2,
				2.5,
				-1.903,
				3,
				0,
				1,
				3.5,
				1.903,
				4,
				5,
				4.5,
				5,
				1,
				4.989,
				5,
				5.478,
				3.385,
				5.967,
				0.127
			]
		},
		{
			"Target": "Parameter",
			"Id": "ParamPaiRY2",
			"Segments": [
				0,
				0,
				1,
				0.011,
				0,
				0.022,
				0.228,
				0.033,
				0.375,
				1,
				0.522,
				6.85,
				1.011,
				10,
				1.5,
				10,
				1,
				2,
				10,
				2.5,
				6.315,
				3,
				0,
				1,
				3.5,
				-6.315,
				4,
				-9,
				4.5,
				-9,
				1,
				4.989,
				-9,
				5.478,
				-6.238,
				5.967,
				-0.493
			]
		},
		{
			"Target": "Parameter",
			"Id": "ParamPaiLX",
			"Segments": [
				0,
				0,
				1,
				0.011,
				0,
				0.022,
				-0.222,
				0.033,
				-0.309,
				1,
				0.522,
				-4.151,
				1.011,
				-6,
				1.5,
				-6,
				1,
				2,
				-6,
				2.5,
				-3.636,
				3,
				0,
				1,
				3.5,
				3.636,
				4,
				5,
				4.5,
				5,
				1,
				4.989,
				5,
				5.478,
				3.481,
				5.967,
				0.307
			]
		},
		{
			"Target": "Parameter",
			"Id": "ParamPaiLY",
			"Segments": [
				0,
				0,
				1,
				0.011,
				0,
				0.022,
				0.113,
				0.033,
				0.187,
				1,
				0.522,
				3.425,
				1.011,
				5,
				1.5,
				5,
				1,
				2,
				5,
				2.5,
				3.636,
				3,
				0,
				1,
				3.5,
				-3.636,
				4,
				-6,
				4.5,
				-6,
				1,
				4.989,
				-6,
				5.478,
				-4.151,
				5.967,
				-0.309
			]
		},
		{
			"Target": "Parameter",
			"Id": "ParamPaiLX2",
			"Segments": [
				0,
				0,
				1,
				0.5,
				0,
				1,
				0,
				1.5,
				0,
				1,
				2,
				0,
				2.5,
				0,
				3,
				0,
				1,
				3.5,
				0,
				4,
				0,
				4.5,
				0,
				1,
				4.989,
				0,
				5.478,
				0,
				5.967,
				0
			]
		},
		{
			"Target": "Parameter",
			"Id": "ParamPaiLY2",
			"Segments": [
				0,
				0,
				1,
				0.011,
				0,
				0.022,
				0.033,
				0.033,
				0.063,
				1,
				0.522,
				1.363,
				1.011,
				2,
				1.5,
				2,
				1,
				2,
				2,
				2.5,
				1.333,
				3,
				0,
				1,
				3.5,
				-1.333,
				4,
				-2,
				4.5,
				-2,
				1,
				4.989,
				-2,
				5.478,
				-1.415,
				5.967,
				-0.183
			]
		},
		{
			"Target": "Parameter",
			"Id": "ParamAngleX",
			"Segments": [
				0,
				0,
				1,
				0.011,
				0,
				0.022,
				0.033,
				0.033,
				0.063,
				1,
				0.522,
				1.363,
				1.011,
				2,
				1.5,
				2,
				1,
				2,
				2,
				2.5,
				1.333,
				3,
				0,
				1,
				3.5,
				-1.333,
				4,
				-2,
				4.5,
				-2,
				1,
				4.989,
				-2,
				5.478,
				-1.363,
				5.967,
				-0.063
			]
		},
		{
			"Target": "Parameter",
			"Id": "ParamAngleY",
			"Segments": [
				0,
				0,
				1,
				0.011,
				0,
				0.022,
				-0.155,
				0.033,
				-0.183,
				1,
				0.522,
				-1.415,
				1.011,
				-2,
				1.5,
				-2,
				1,
				2,
				-2,
				2.5,
				-1.333,
				3,
				0,
				1,
				3.5,
				1.333,
				4,
				2,
				4.5,
				2,
				1,
				4.989,
				2,
				5.478,
				1.363,
				5.967,
				0.063
			]
		},
		{
			"Target": "Parameter",
			"Id": "ParamEyeROpen",
			"Segments": [
				0,
				1,
				0,
				3.333,
				1,
				1,
				3.378,
				1,
				3.422,
				0,
				3.467,
				0,
				1,
				3.489,
				0,
				3.511,
				0,
				3.533,
				0,
				1,
				3.578,
				0,
				3.622,
				1,
				3.667,
				1,
				0,
				5.967,
				1
			]
		},
		{
			"Target": "Parameter",
			"Id": "ParamEyeLOpen",
			"Segments": [
				0,
				1,
				0,
				3.333,
				1,
				1,
				3.378,
				1,
				3.422,
				0,
				3.467,
				0,
				1,
				3.489,
				0,
				3.511,
				0,
				3.533,
				0,
				1,
				3.578,
				0,
				3.622,
				1,
				3.667,
				1,
				0,
				5.967,
				1
			]
		},
		{
			"Target": "Parameter",
			"Id": "ParamBodyAngleX",
			"Segments": [
				0,
				0,
				1,
				0.011,
				0,
				0.022,
				0.067,
				0.033,
				0.081,
				1,
				0.522,
				0.704,
				1.011,
				1,
				1.5,
				1,
				1,
				2,
				1,
				2.5,
				0.667,
				3,
				0,
				1,
				3.5,
				-0.667,
				4,
				-1,
				4.5,
				-1,
				1,
				4.989,
				-1,
				5.478,
				-0.696,
				5.967,
				-0.061
			]
		},
		{
			"Target": "Parameter",
			"Id": "ParamBodyAngleX2",
			"Segments": [
				0,
				0,
				1,
				0.011,
				0,
				0.022,
				0.067,
				0.033,
				0.081,
				1,
				0.522,
				0.704,
				1.011,
				1,
				1.5,
				1,
				1,
				2,
				1,
				2.5,
				0.667,
				3,
				0,
				1,
				3.5,
				-0.667,
				4,
				-1,
				4.5,
				-1,
				1,
				4.989,
				-1,
				5.478,
				-0.696,
				5.967,
				-0.061
			]
		},
		{
			"Target": "Parameter",
			"Id": "ParamBodyAngleX3",
			"Segments": [
				0,
				0,
				1,
				0.011,
				0,
				0.022,
				0.067,
				0.033,
				0.081,
				1,
				0.522,
				0.704,
				1.011,
				1,
				1.5,
				1,
				1,
				2,
				1,
				2.5,
				0.667,
				3,
				0,
				1,
				3.5,
				-0.667,
				4,
				-1,
				4.5,
				-1,
				1,
				4.989,
				-1,
				5.478,
				-0.687,
				5.967,
				-0.041
			]
		},
		{
			"Target": "Parameter",
			"Id": "ParamBreat",
			"Segments": [
				0,
				0.5,
				1,
				0.5,
				0.5,
				1,
				1,
				1.5,
				1,
				1,
				2,
				1,
				2.5,
				0.833,
				3,
				0.5,
				1,
				3.5,
				0.167,
				4,
				0,
				4.5,
				0,
				1,
				4.989,
				0,
				5.478,
				0.148,
				5.967,
				0.46
			]
		},
		{
			"Target": "Parameter",
			"Id": "ParamHairFront",
			"Segments": [
				0,
				0,
				1,
				0.011,
				0,
				0.022,
				0.005,
				0.033,
				0.006,
				1,
				0.522,
				0.07,
				1.011,
				0.1,
				1.5,
				0.1,
				1,
				2,
				0.1,
				2.5,
				0.067,
				3,
				0,
				1,
				3.5,
				-0.067,
				4,
				-0.1,
				4.5,
				-0.1,
				1,
				4.989,
				-0.1,
				5.478,
				-0.072,
				5.967,
				-0.012
			]
		},
		{
			"Target": "Parameter",
			"Id": "ParamHairSide",
			"Segments": [
				0,
				0,
				1,
				0.011,
				0,
				0.022,
				0.009,
				0.033,
				0.01,
				1,
				0.522,
				0.071,
				1.011,
				0.1,
				1.5,
				0.1,
				1,
				2,
				0.1,
				2.5,
				0.067,
				3,
				0,
				1,
				3.5,
				-0.067,
				4,
				-0.1,
				4.5,
				-0.1,
				1,
				4.989,
				-0.1,
				5.478,
				-0.07,
				5.967,
				-0.006
			]
		},
		{
			"Target": "Parameter",
			"Id": "ParamHairBack",
			"Segments": [
				0,
				0,
				1,
				0.011,
				0,
				0.022,
				-0.003,
				0.033,
				-0.006,
				1,
				0.522,
				-0.136,
				1.011,
				-0.2,
				1.5,
				-0.2,
				1,
				2,
				-0.2,
				2.5,
				-0.089,
				3,
				0,
				1,
				3.5,
				0.089,
				4,
				0.1,
				4.5,
				0.1,
				1,
				4.989,
				0.1,
				5.478,
				0.07,
				5.967,
				0.006
			]
		},
		{
			"Target": "Parameter",
			"Id": "ParamArmL2",
			"Segments": [
				0,
				0,
				0,
				5.967,
				0
			]
		},
		{
			"Target": "Parameter",
			"Id": "ParamArmL3",
			"Segments": [
				0,
				0,
				1,
				0.211,
				0,
				0.422,
				1.267,
				0.633,
				1.771,
				1,
				0.922,
				2.46,
				1.211,
				2.5,
				1.5,
				2.5,
				1,
				2,
				2.5,
				2.5,
				0,
				3,
				0,
				1,
				3.5,
				0,
				4,
				0,
				4.5,
				0,
				1,
				4.989,
				0,
				5.478,
				0,
				5.967,
				0
			]
		},
		{
			"Target": "Parameter",
			"Id": "ParamUFX",
			"Segments": [
				0,
				0,
				1,
				0.011,
				0,
				0.022,
				-0.202,
				0.033,
				-0.244,
				1,
				0.522,
				-2.112,
				1.011,
				-3,
				1.5,
				-3,
				1,
				2,
				-3,
				2.5,
				-2,
				3,
				0,
				1,
				3.5,
				2,
				4,
				3,
				4.5,
				3,
				1,
				4.989,
				3,
				5.478,
				2.089,
				5.967,
				0.184
			]
		},
		{
			"Target": "Parameter",
			"Id": "ParamUFY",
			"Segments": [
				0,
				0,
				1,
				0.011,
				0,
				0.022,
				0.235,
				0.033,
				0.382,
				1,
				0.522,
				6.853,
				1.011,
				10,
				1.5,
				10,
				1,
				2,
				10,
				2.5,
				6.667,
				3,
				0,
				1,
				3.5,
				-6.667,
				4,
				-10,
				4.5,
				-10,
				1,
				4.989,
				-10,
				5.478,
				-6.884,
				5.967,
				-0.443
			]
		},
		{
			"Target": "Parameter",
			"Id": "ParamUF1_1",
			"Segments": [
				0,
				0,
				1,
				0.011,
				0,
				0.022,
				0.073,
				0.033,
				0.192,
				1,
				0.522,
				5.406,
				1.011,
				8,
				1.5,
				8,
				1,
				2,
				8,
				2.5,
				6.122,
				3,
				0,
				1,
				3.511,
				-6.258,
				4.022,
				-11,
				4.533,
				-11,
				1,
				5.011,
				-11,
				5.489,
				-7.577,
				5.967,
				-0.497
			]
		},
		{
			"Target": "Parameter",
			"Id": "ParamUF1_2",
			"Segments": [
				0,
				0,
				1,
				0.5,
				0,
				1,
				-12,
				1.5,
				-12,
				1,
				2,
				-12,
				2.5,
				0,
				3,
				0,
				1,
				3.511,
				0,
				4.022,
				-6,
				4.533,
				-6,
				1,
				5.011,
				-6,
				5.489,
				-0.27,
				5.967,
				-0.009
			]
		},
		{
			"Target": "Parameter",
			"Id": "ParamUF2_1",
			"Segments": [
				0,
				0,
				1,
				0.011,
				0,
				0.022,
				0.12,
				0.033,
				0.253,
				1,
				0.522,
				6.112,
				1.011,
				9,
				1.5,
				9,
				1,
				2,
				9,
				2.5,
				7.077,
				3,
				0,
				1,
				3.5,
				-7.077,
				4,
				-13,
				4.5,
				-13,
				1,
				4.989,
				-13,
				5.478,
				-8.94,
				5.967,
				-0.559
			]
		},
		{
			"Target": "Parameter",
			"Id": "ParamUF2_2",
			"Segments": [
				0,
				0,
				1,
				0.011,
				0,
				0.022,
				0.41,
				0.033,
				0.555,
				1,
				0.522,
				6.934,
				1.011,
				10,
				1.5,
				10,
				1,
				2,
				10,
				2.5,
				4.989,
				3,
				0,
				1,
				3.5,
				-4.989,
				4,
				-6,
				4.5,
				-6,
				1,
				4.989,
				-6,
				5.478,
				-4.123,
				5.967,
				-0.249
			]
		},
		{
			"Target": "Parameter",
			"Id": "ParamUF2_3",
			"Segments": [
				0,
				0,
				1,
				0.011,
				0,
				0.022,
				-0.255,
				0.033,
				-0.372,
				1,
				0.522,
				-5.516,
				1.011,
				-8,
				1.5,
				-8,
				1,
				2,
				-8,
				2.5,
				-5.333,
				3,
				0,
				1,
				3.5,
				5.333,
				4,
				8,
				4.5,
				8,
				1,
				4.989,
				8,
				5.478,
				5.516,
				5.967,
				0.372
			]
		},
		{
			"Target": "Parameter",
			"Id": "ParamUF3_1",
			"Segments": [
				0,
				0,
				1,
				0.011,
				0,
				0.022,
				0.396,
				0.033,
				0.556,
				1,
				0.522,
				7.603,
				1.011,
				11,
				1.5,
				11,
				1,
				2,
				11,
				2.5,
				8.205,
				3,
				0,
				1,
				3.5,
				-8.205,
				4,
				-14,
				4.5,
				-14,
				1,
				4.989,
				-14,
				5.478,
				-9.575,
				5.967,
				-0.5
			]
		},
		{
			"Target": "Parameter",
			"Id": "ParamUF3_2",
			"Segments": [
				0,
				0,
				1,
				0.5,
				0,
				1,
				9,
				1.5,
				9,
				1,
				2,
				9,
				2.5,
				0,
				3,
				0,
				1,
				3.5,
				0,
				4,
				11,
				4.5,
				11,
				1,
				4.989,
				11,
				5.478,
				0.483,
				5.967,
				0.016
			]
		},
		{
			"Target": "Parameter",
			"Id": "ParamUF3_3",
			"Segments": [
				0,
				0,
				1,
				0.011,
				0,
				0.022,
				-0.683,
				0.033,
				-1.124,
				1,
				0.522,
				-20.541,
				1.011,
				-30,
				1.5,
				-30,
				1,
				2,
				-30,
				2.5,
				-14.872,
				3,
				0,
				1,
				3.5,
				14.872,
				4,
				18,
				4.5,
				18,
				1,
				4.989,
				18,
				5.478,
				12.391,
				5.967,
				0.806
			]
		}
	]
}