{
	"Version": 3,
	"Meta": {
		"Duration": 4.567,
		"Fps": 30.0,
		"Loop": true,
		"AreBeziersRestricted": false,
		"CurveCount": 51,
		"TotalSegmentCount": 372,
		"TotalPointCount": 1053,
		"UserDataCount": 0,
		"TotalUserDataSize": 0
	},
	"Curves": [
		{
			"Target": "Parameter",
			"Id": "ParamLegL1",
			"Segments": [
				0,
				0,
				1,
				0.2,
				0,
				0.4,
				1.843,
				0.6,
				1.843,
				1,
				0.9,
				1.843,
				1.2,
				-0.837,
				1.5,
				-0.837,
				1,
				1.756,
				-0.837,
				2.011,
				0.715,
				2.267,
				0.715,
				1,
				2.478,
				0.715,
				2.689,
				-0.332,
				2.9,
				-0.332,
				1,
				3.1,
				-0.332,
				3.3,
				0.252,
				3.5,
				0.252,
				1,
				3.667,
				0.252,
				3.833,
				-0.123,
				4,
				-0.123,
				1,
				4.133,
				-0.123,
				4.267,
				0,
				4.4,
				0,
				0,
				4.567,
				0
			]
		},
		{
			"Target": "Parameter",
			"Id": "ParamLegL2",
			"Segments": [
				0,
				0,
				1,
				0.189,
				0,
				0.378,
				-2.035,
				0.567,
				-2.035,
				1,
				0.889,
				-2.035,
				1.211,
				0.911,
				1.533,
				0.911,
				1,
				1.744,
				0.911,
				1.956,
				-0.424,
				2.167,
				-0.424,
				1,
				2.411,
				-0.424,
				2.656,
				0.414,
				2.9,
				0.414,
				1,
				3.089,
				0.414,
				3.278,
				-0.448,
				3.467,
				-0.448,
				1,
				3.644,
				-0.448,
				3.822,
				0.195,
				4,
				0.195,
				1,
				4.133,
				0.195,
				4.267,
				0,
				4.4,
				0,
				0,
				4.567,
				0
			]
		},
		{
			"Target": "Parameter",
			"Id": "ParamLegR1",
			"Segments": [
				0,
				0,
				1,
				0.2,
				0,
				0.4,
				-1.69,
				0.6,
				-1.69,
				1,
				0.9,
				-1.69,
				1.2,
				0.991,
				1.5,
				0.991,
				1,
				1.722,
				0.991,
				1.944,
				-0.242,
				2.167,
				-0.242,
				1,
				2.411,
				-0.242,
				2.656,
				0.447,
				2.9,
				0.447,
				1,
				3.089,
				0.447,
				3.278,
				-0.383,
				3.467,
				-0.383,
				1,
				3.633,
				-0.383,
				3.8,
				0.083,
				3.967,
				0.083,
				1,
				4.111,
				0.083,
				4.256,
				0,
				4.4,
				0,
				0,
				4.567,
				0
			]
		},
		{
			"Target": "Parameter",
			"Id": "ParamLegR2",
			"Segments": [
				0,
				0,
				1,
				0.211,
				0,
				0.422,
				1.57,
				0.633,
				1.57,
				1,
				0.922,
				1.57,
				1.211,
				-0.764,
				1.5,
				-0.764,
				1,
				1.744,
				-0.764,
				1.989,
				0.593,
				2.233,
				0.593,
				1,
				2.456,
				0.593,
				2.678,
				-0.229,
				2.9,
				-0.229,
				1,
				3.089,
				-0.229,
				3.278,
				0.138,
				3.467,
				0.138,
				1,
				3.633,
				0.138,
				3.8,
				-0.181,
				3.967,
				-0.181,
				1,
				4.111,
				-0.181,
				4.256,
				0,
				4.4,
				0,
				0,
				4.567,
				0
			]
		},
		{
			"Target": "Parameter",
			"Id": "ParamPaiRX",
			"Segments": [
				0,
				0,
				0,
				0.1,
				0,
				1,
				0.144,
				0,
				0.189,
				7.778,
				0.233,
				10,
				1,
				0.333,
				14.999,
				0.433,
				16,
				0.533,
				16,
				1,
				0.622,
				16,
				0.711,
				-30,
				0.8,
				-30,
				1,
				0.889,
				-30,
				0.978,
				-20.494,
				1.067,
				-10,
				1,
				1.167,
				1.806,
				1.267,
				5,
				1.367,
				5,
				1,
				1.433,
				5,
				1.5,
				3.261,
				1.567,
				2,
				1,
				1.656,
				0.319,
				1.744,
				0,
				1.833,
				0,
				0,
				4.567,
				0
			]
		},
		{
			"Target": "Parameter",
			"Id": "ParamPaiRY",
			"Segments": [
				0,
				0,
				0,
				0.1,
				0,
				1,
				0.144,
				0,
				0.189,
				-25,
				0.233,
				-25,
				1,
				0.333,
				-25,
				0.433,
				30,
				0.533,
				30,
				1,
				0.622,
				30,
				0.711,
				4.144,
				0.8,
				-5,
				1,
				0.889,
				-14.144,
				0.978,
				-14,
				1.067,
				-14,
				1,
				1.167,
				-14,
				1.267,
				-11.134,
				1.367,
				-4,
				1,
				1.433,
				0.756,
				1.5,
				4,
				1.567,
				4,
				1,
				1.656,
				4,
				1.744,
				0,
				1.833,
				0,
				0,
				4.567,
				0
			]
		},
		{
			"Target": "Parameter",
			"Id": "ParamPaiRX2",
			"Segments": [
				0,
				0,
				1,
				0.044,
				0,
				0.089,
				28,
				0.133,
				28,
				1,
				0.233,
				28,
				0.333,
				28.16,
				0.433,
				17,
				1,
				0.522,
				7.08,
				0.611,
				-30,
				0.7,
				-30,
				1,
				0.789,
				-30,
				0.878,
				-23.921,
				0.967,
				-12,
				1,
				1.067,
				1.411,
				1.167,
				8,
				1.267,
				8,
				1,
				1.333,
				8,
				1.4,
				3.42,
				1.467,
				2,
				1,
				1.556,
				0.106,
				1.644,
				0,
				1.733,
				0,
				0,
				4.567,
				0
			]
		},
		{
			"Target": "Parameter",
			"Id": "ParamPaiRY2",
			"Segments": [
				0,
				0,
				1,
				0.044,
				0,
				0.089,
				-19,
				0.133,
				-19,
				1,
				0.233,
				-19,
				0.333,
				30,
				0.433,
				30,
				1,
				0.522,
				30,
				0.611,
				10.632,
				0.7,
				1,
				1,
				0.789,
				-8.632,
				0.878,
				-9,
				0.967,
				-9,
				1,
				1.067,
				-9,
				1.167,
				-8.652,
				1.267,
				-5,
				1,
				1.333,
				-2.565,
				1.4,
				6,
				1.467,
				6,
				1,
				1.556,
				6,
				1.644,
				0,
				1.733,
				0,
				0,
				4.567,
				0
			]
		},
		{
			"Target": "Parameter",
			"Id": "ParamPaiLX",
			"Segments": [
				0,
				0,
				0,
				0.1,
				0,
				1,
				0.144,
				0,
				0.189,
				19,
				0.233,
				19,
				1,
				0.333,
				19,
				0.433,
				-18,
				0.533,
				-18,
				1,
				0.622,
				-18,
				0.711,
				12.812,
				0.8,
				14,
				1,
				0.889,
				15.188,
				0.978,
				15,
				1.067,
				15,
				1,
				1.167,
				15,
				1.267,
				-3,
				1.367,
				-3,
				1,
				1.433,
				-3,
				1.5,
				0,
				1.567,
				0,
				1,
				1.656,
				0,
				1.744,
				0,
				1.833,
				0,
				0,
				4.567,
				0
			]
		},
		{
			"Target": "Parameter",
			"Id": "ParamPaiLY",
			"Segments": [
				0,
				0,
				0,
				0.1,
				0,
				1,
				0.144,
				0,
				0.189,
				9.699,
				0.233,
				15,
				1,
				0.333,
				26.926,
				0.433,
				30,
				0.533,
				30,
				1,
				0.622,
				30,
				0.711,
				-2.069,
				0.8,
				-16,
				1,
				0.889,
				-29.931,
				0.978,
				-30,
				1.067,
				-30,
				1,
				1.167,
				-30,
				1.267,
				-7.117,
				1.367,
				0,
				1,
				1.433,
				4.745,
				1.5,
				4,
				1.567,
				4,
				1,
				1.656,
				4,
				1.744,
				0,
				1.833,
				0,
				0,
				4.567,
				0
			]
		},
		{
			"Target": "Parameter",
			"Id": "ParamPaiLX2",
			"Segments": [
				0,
				0,
				1,
				0.044,
				0,
				0.089,
				26,
				0.133,
				26,
				1,
				0.233,
				26,
				0.333,
				14,
				0.433,
				14,
				1,
				0.467,
				14,
				0.5,
				19.962,
				0.533,
				23,
				1,
				0.589,
				28.063,
				0.644,
				29,
				0.7,
				29,
				1,
				0.789,
				29,
				0.878,
				8.341,
				0.967,
				3,
				1,
				1.067,
				-3.009,
				1.167,
				-3,
				1.267,
				-3,
				1,
				1.333,
				-3,
				1.4,
				0,
				1.467,
				0,
				1,
				1.556,
				0,
				1.644,
				0,
				1.733,
				0,
				0,
				4.567,
				0
			]
		},
		{
			"Target": "Parameter",
			"Id": "ParamPaiLY2",
			"Segments": [
				0,
				0,
				1,
				0.044,
				0,
				0.089,
				-10,
				0.133,
				-10,
				1,
				0.233,
				-10,
				0.333,
				18,
				0.433,
				18,
				1,
				0.467,
				18,
				0.5,
				18.696,
				0.533,
				12,
				1,
				0.589,
				0.841,
				0.644,
				-18,
				0.7,
				-18,
				1,
				0.789,
				-18,
				0.878,
				-18.092,
				0.967,
				-16,
				1,
				1.067,
				-13.647,
				1.167,
				-3.833,
				1.267,
				1,
				1,
				1.333,
				4.222,
				1.4,
				5,
				1.467,
				5,
				1,
				1.556,
				5,
				1.644,
				0,
				1.733,
				0,
				0,
				4.567,
				0
			]
		},
		{
			"Target": "Parameter",
			"Id": "ParamAngleX",
			"Segments": [
				0,
				0,
				1,
				0.078,
				0,
				0.156,
				-3.815,
				0.233,
				-7.912,
				1,
				0.311,
				-12.009,
				0.389,
				-13,
				0.467,
				-13,
				1,
				0.6,
				-13,
				0.733,
				13,
				0.867,
				13,
				1,
				0.978,
				13,
				1.089,
				-3,
				1.2,
				-3,
				1,
				1.356,
				-3,
				1.511,
				9,
				1.667,
				9,
				1,
				1.878,
				9,
				2.089,
				-1.248,
				2.3,
				-1.248,
				1,
				2.478,
				-1.248,
				2.656,
				1.248,
				2.833,
				1.248,
				1,
				2.978,
				1.248,
				3.122,
				-0.42,
				3.267,
				-0.42,
				1,
				3.4,
				-0.42,
				3.533,
				0,
				3.667,
				0,
				0,
				4.567,
				0
			]
		},
		{
			"Target": "Parameter",
			"Id": "ParamAngleY",
			"Segments": [
				0,
				0,
				1,
				0.078,
				0,
				0.156,
				-1.313,
				0.233,
				-4,
				1,
				0.389,
				-9.373,
				0.544,
				-16.086,
				0.7,
				-20.181,
				1,
				0.844,
				-23.984,
				0.989,
				-24.767,
				1.133,
				-24.767,
				1,
				1.389,
				-24.767,
				1.644,
				-6.206,
				1.9,
				-6.206,
				1,
				2.256,
				-6.206,
				2.611,
				-9.575,
				2.967,
				-9.575,
				1,
				3.2,
				-9.575,
				3.433,
				0,
				3.667,
				0,
				0,
				4.567,
				0
			]
		},
		{
			"Target": "Parameter",
			"Id": "ParamAngleZ",
			"Segments": [
				0,
				0,
				1,
				0.267,
				0,
				0.533,
				-30,
				0.8,
				-30,
				1,
				1.6,
				-30,
				2.4,
				-30,
				3.2,
				-30,
				1,
				3.5,
				-30,
				3.8,
				0,
				4.1,
				0,
				0,
				4.567,
				0
			]
		},
		{
			"Target": "Parameter",
			"Id": "ParamEyeROpen",
			"Segments": [
				0,
				1,
				1,
				0.111,
				1,
				0.222,
				0.6,
				0.333,
				0.6,
				1,
				0.433,
				0.6,
				0.533,
				0.9,
				0.633,
				0.9,
				1,
				0.778,
				0.9,
				0.922,
				0.911,
				1.067,
				0.85,
				1,
				1.2,
				0.794,
				1.333,
				0,
				1.467,
				0,
				1,
				1.722,
				0,
				1.978,
				0,
				2.233,
				0,
				1,
				2.367,
				0,
				2.5,
				1,
				2.633,
				1,
				1,
				2.867,
				1,
				3.1,
				1,
				3.333,
				1,
				1,
				3.367,
				1,
				3.4,
				0,
				3.433,
				0,
				1,
				3.456,
				0,
				3.478,
				0,
				3.5,
				0,
				1,
				3.544,
				0,
				3.589,
				1,
				3.633,
				1,
				0,
				4.567,
				1
			]
		},
		{
			"Target": "Parameter",
			"Id": "ParamEyeLOpen",
			"Segments": [
				0,
				1,
				1,
				0.111,
				1,
				0.222,
				0.6,
				0.333,
				0.6,
				1,
				0.433,
				0.6,
				0.533,
				0.9,
				0.633,
				0.9,
				1,
				0.778,
				0.9,
				0.922,
				0.911,
				1.067,
				0.85,
				1,
				1.2,
				0.794,
				1.333,
				0,
				1.467,
				0,
				1,
				1.722,
				0,
				1.978,
				0,
				2.233,
				0,
				1,
				2.367,
				0,
				2.5,
				1,
				2.633,
				1,
				1,
				2.867,
				1,
				3.1,
				1,
				3.333,
				1,
				1,
				3.367,
				1,
				3.4,
				0,
				3.433,
				0,
				1,
				3.456,
				0,
				3.478,
				0,
				3.5,
				0,
				1,
				3.544,
				0,
				3.589,
				1,
				3.633,
				1,
				0,
				4.567,
				1
			]
		},
		{
			"Target": "Parameter",
			"Id": "ParamEyeBallX",
			"Segments": [
				0,
				0,
				1,
				0.1,
				0,
				0.2,
				-0.3,
				0.3,
				-0.3,
				1,
				0.422,
				-0.3,
				0.544,
				0,
				0.667,
				0,
				1,
				0.756,
				0,
				0.844,
				0,
				0.933,
				0,
				1,
				1.056,
				0,
				1.178,
				0,
				1.3,
				0,
				0,
				4.567,
				0
			]
		},
		{
			"Target": "Parameter",
			"Id": "ParamEyeBallY",
			"Segments": [
				0,
				0,
				1,
				0.1,
				0,
				0.2,
				0,
				0.3,
				0,
				1,
				0.422,
				0,
				0.544,
				-0.1,
				0.667,
				-0.1,
				1,
				0.756,
				-0.1,
				0.844,
				0,
				0.933,
				0,
				1,
				1.056,
				0,
				1.178,
				0,
				1.3,
				0,
				0,
				4.567,
				0
			]
		},
		{
			"Target": "Parameter",
			"Id": "ParamBrowRForm",
			"Segments": [
				0,
				0,
				1,
				0.167,
				0,
				0.333,
				-0.9,
				0.5,
				-0.9,
				1,
				1.044,
				-0.9,
				1.589,
				-0.9,
				2.133,
				-0.9,
				1,
				2.311,
				-0.9,
				2.489,
				0,
				2.667,
				0,
				0,
				4.567,
				0
			]
		},
		{
			"Target": "Parameter",
			"Id": "ParamMouthForm",
			"Segments": [
				0,
				0,
				1,
				0.167,
				0,
				0.333,
				0,
				0.5,
				0,
				1,
				0.756,
				0,
				1.011,
				1,
				1.267,
				1,
				1,
				1.589,
				1,
				1.911,
				0.1,
				2.233,
				0.1,
				0,
				4.567,
				0.1
			]
		},
		{
			"Target": "Parameter",
			"Id": "ParamMouthOpenY",
			"Segments": [
				0,
				0,
				1,
				0.122,
				0,
				0.244,
				1,
				0.367,
				1,
				1,
				0.511,
				1,
				0.656,
				0.4,
				0.8,
				0.4,
				1,
				0.956,
				0.4,
				1.111,
				1,
				1.267,
				1,
				1,
				1.978,
				1,
				2.689,
				0.961,
				3.4,
				0.7,
				1,
				3.678,
				0.598,
				3.956,
				0,
				4.233,
				0,
				0,
				4.567,
				0
			]
		},
		{
			"Target": "Parameter",
			"Id": "ParamCheek",
			"Segments": [
				0,
				0,
				1,
				0.267,
				0,
				0.533,
				1,
				0.8,
				1,
				1,
				1.744,
				1,
				2.689,
				1,
				3.633,
				1,
				1,
				3.833,
				1,
				4.033,
				0,
				4.233,
				0,
				0,
				4.567,
				0
			]
		},
		{
			"Target": "Parameter",
			"Id": "ParamBodyAngleX",
			"Segments": [
				0,
				0,
				1,
				0.011,
				0,
				0.022,
				2.19,
				0.033,
				2.8,
				1,
				0.078,
				5.241,
				0.122,
				6,
				0.167,
				6,
				1,
				0.344,
				6,
				0.522,
				-10,
				0.7,
				-10,
				1,
				0.867,
				-10,
				1.033,
				4.267,
				1.2,
				4.267,
				1,
				1.356,
				4.267,
				1.511,
				-4.779,
				1.667,
				-4.779,
				1,
				1.867,
				-4.779,
				2.067,
				1.765,
				2.267,
				1.765,
				1,
				2.467,
				1.765,
				2.667,
				-1.127,
				2.867,
				-1.127,
				1,
				3.022,
				-1.127,
				3.178,
				0.676,
				3.333,
				0.676,
				1,
				3.533,
				0.676,
				3.733,
				0,
				3.933,
				0,
				0,
				4.567,
				0
			]
		},
		{
			"Target": "Parameter",
			"Id": "ParamBodyAngleX2",
			"Segments": [
				0,
				0,
				1,
				0.111,
				0,
				0.222,
				-3,
				0.333,
				-3,
				1,
				0.489,
				-3,
				0.644,
				0,
				0.8,
				0,
				1,
				0.933,
				0,
				1.067,
				-2,
				1.2,
				-2,
				1,
				1.389,
				-2,
				1.578,
				0,
				1.767,
				0,
				0,
				4.567,
				0
			]
		},
		{
			"Target": "Parameter",
			"Id": "ParamBreat",
			"Segments": [
				0,
				0,
				1,
				0.144,
				0,
				0.289,
				1,
				0.433,
				1,
				1,
				0.656,
				1,
				0.878,
				0,
				1.1,
				0,
				1,
				1.322,
				0,
				1.544,
				1,
				1.767,
				1,
				1,
				2.511,
				1,
				3.256,
				0,
				4,
				0,
				0,
				4.567,
				0
			]
		},
		{
			"Target": "Parameter",
			"Id": "ParamHairFront",
			"Segments": [
				0,
				0,
				1,
				0.122,
				0,
				0.244,
				-0.5,
				0.367,
				-0.5,
				1,
				0.533,
				-0.5,
				0.7,
				0.2,
				0.867,
				0.2,
				1,
				1.044,
				0.2,
				1.222,
				-0.1,
				1.4,
				-0.1,
				1,
				1.578,
				-0.1,
				1.756,
				0.1,
				1.933,
				0.1,
				1,
				2.111,
				0.1,
				2.289,
				-0.1,
				2.467,
				-0.1,
				1,
				2.744,
				-0.1,
				3.022,
				-0.1,
				3.3,
				-0.1,
				1,
				3.544,
				-0.1,
				3.789,
				0,
				4.033,
				0,
				0,
				4.567,
				0
			]
		},
		{
			"Target": "Parameter",
			"Id": "ParamHairSide",
			"Segments": [
				0,
				0,
				0,
				0.067,
				0,
				1,
				0.189,
				0,
				0.311,
				-0.3,
				0.433,
				-0.3,
				1,
				0.6,
				-0.3,
				0.767,
				0.1,
				0.933,
				0.1,
				1,
				1.111,
				0.1,
				1.289,
				-0.1,
				1.467,
				-0.1,
				1,
				1.644,
				-0.1,
				1.822,
				0.2,
				2,
				0.2,
				1,
				2.178,
				0.2,
				2.356,
				-0.1,
				2.533,
				-0.1,
				1,
				2.811,
				-0.1,
				3.089,
				-0.1,
				3.367,
				-0.1,
				1,
				3.611,
				-0.1,
				3.856,
				0,
				4.1,
				0,
				0,
				4.567,
				0
			]
		},
		{
			"Target": "Parameter",
			"Id": "ParamHairBack",
			"Segments": [
				0,
				0,
				0,
				0.133,
				0,
				1,
				0.256,
				0,
				0.378,
				0.2,
				0.5,
				0.2,
				1,
				0.667,
				0.2,
				0.833,
				-0.2,
				1,
				-0.2,
				1,
				1.178,
				-0.2,
				1.356,
				0.1,
				1.533,
				0.1,
				1,
				1.711,
				0.1,
				1.889,
				-0.1,
				2.067,
				-0.1,
				1,
				2.244,
				-0.1,
				2.422,
				0.1,
				2.6,
				0.1,
				1,
				2.878,
				0.1,
				3.156,
				0.1,
				3.433,
				0.1,
				1,
				3.678,
				0.1,
				3.922,
				0,
				4.167,
				0,
				0,
				4.567,
				0
			]
		},
		{
			"Target": "Parameter",
			"Id": "ParamHairF",
			"Segments": [
				0,
				0,
				1,
				0.122,
				0,
				0.244,
				0.3,
				0.367,
				0.3,
				1,
				0.533,
				0.3,
				0.7,
				-0.1,
				0.867,
				-0.1,
				1,
				1.044,
				-0.1,
				1.222,
				0.6,
				1.4,
				0.6,
				1,
				1.578,
				0.6,
				1.756,
				-0.1,
				1.933,
				-0.1,
				1,
				2.111,
				-0.1,
				2.289,
				0.1,
				2.467,
				0.1,
				1,
				2.689,
				0.1,
				2.911,
				-0.1,
				3.133,
				-0.1,
				1,
				3.311,
				-0.1,
				3.489,
				0.1,
				3.667,
				0.1,
				1,
				3.911,
				0.1,
				4.156,
				0,
				4.4,
				0,
				0,
				4.567,
				0
			]
		},
		{
			"Target": "Parameter",
			"Id": "ParamHairAcsFX",
			"Segments": [
				0,
				0,
				1,
				0.111,
				0,
				0.222,
				0,
				0.333,
				0,
				1,
				0.533,
				0,
				0.733,
				9,
				0.933,
				9,
				1,
				1.078,
				9,
				1.222,
				-3,
				1.367,
				-3,
				1,
				1.556,
				-3,
				1.744,
				3,
				1.933,
				3,
				1,
				2.122,
				3,
				2.311,
				-2,
				2.5,
				-2,
				1,
				2.711,
				-2,
				2.922,
				0,
				3.133,
				0,
				0,
				4.567,
				0
			]
		},
		{
			"Target": "Parameter",
			"Id": "ParamHairAcsFY",
			"Segments": [
				0,
				0,
				1,
				0.111,
				0,
				0.222,
				22,
				0.333,
				22,
				1,
				0.533,
				22,
				0.733,
				-16,
				0.933,
				-16,
				1,
				1.078,
				-16,
				1.222,
				10,
				1.367,
				10,
				1,
				1.556,
				10,
				1.744,
				-6,
				1.933,
				-6,
				1,
				2.122,
				-6,
				2.311,
				2,
				2.5,
				2,
				1,
				2.711,
				2,
				2.922,
				0,
				3.133,
				0,
				0,
				4.567,
				0
			]
		},
		{
			"Target": "Parameter",
			"Id": "ParamHairAcsX",
			"Segments": [
				0,
				0,
				1,
				0.111,
				0,
				0.222,
				-3,
				0.333,
				-3,
				1,
				0.533,
				-3,
				0.733,
				5,
				0.933,
				5,
				1,
				1.078,
				5,
				1.222,
				-2,
				1.367,
				-2,
				1,
				1.556,
				-2,
				1.744,
				1,
				1.933,
				1,
				1,
				2.122,
				1,
				2.311,
				-2,
				2.5,
				-2,
				1,
				2.711,
				-2,
				2.922,
				0,
				3.133,
				0,
				0,
				4.567,
				0
			]
		},
		{
			"Target": "Parameter",
			"Id": "ParamHairAcsY",
			"Segments": [
				0,
				0,
				1,
				0.111,
				0,
				0.222,
				21,
				0.333,
				21,
				1,
				0.533,
				21,
				0.733,
				-10,
				0.933,
				-10,
				1,
				1.078,
				-10,
				1.222,
				4,
				1.367,
				4,
				1,
				1.556,
				4,
				1.744,
				-6,
				1.933,
				-6,
				1,
				2.122,
				-6,
				2.311,
				2,
				2.5,
				2,
				1,
				2.711,
				2,
				2.922,
				0,
				3.133,
				0,
				0,
				4.567,
				0
			]
		},
		{
			"Target": "Parameter",
			"Id": "ParamClothCX",
			"Segments": [
				0,
				0,
				1,
				0.167,
				0,
				0.333,
				24,
				0.5,
				24,
				1,
				0.767,
				24,
				1.033,
				-11,
				1.3,
				-11,
				1,
				1.589,
				-11,
				1.878,
				6,
				2.167,
				6,
				1,
				2.389,
				6,
				2.611,
				0,
				2.833,
				0,
				0,
				4.567,
				0
			]
		},
		{
			"Target": "Parameter",
			"Id": "ParamClothCY",
			"Segments": [
				0,
				0,
				1,
				0.167,
				0,
				0.333,
				1.185,
				0.5,
				4,
				1,
				0.767,
				8.504,
				1.033,
				11,
				1.3,
				11,
				1,
				1.589,
				11,
				1.878,
				0,
				2.167,
				0,
				1,
				2.389,
				0,
				2.611,
				0,
				2.833,
				0,
				0,
				4.567,
				0
			]
		},
		{
			"Target": "Parameter",
			"Id": "ParamArmRClothX",
			"Segments": [
				0,
				0,
				0,
				4.567,
				0
			]
		},
		{
			"Target": "Parameter",
			"Id": "ParamArmRClothY",
			"Segments": [
				0,
				0,
				0,
				4.567,
				0
			]
		},
		{
			"Target": "Parameter",
			"Id": "ParamArmL",
			"Segments": [
				0,
				0,
				1,
				0.1,
				0,
				0.2,
				1.552,
				0.3,
				1.552,
				1,
				0.422,
				1.552,
				0.544,
				-1.576,
				0.667,
				-1.576,
				1,
				0.8,
				-1.576,
				0.933,
				1.999,
				1.067,
				1.999,
				1,
				1.167,
				1.999,
				1.267,
				-2.46,
				1.367,
				-2.46,
				1,
				1.489,
				-2.46,
				1.611,
				2.369,
				1.733,
				2.369,
				1,
				1.867,
				2.369,
				2,
				-3.647,
				2.133,
				-3.647,
				1,
				2.244,
				-3.647,
				2.356,
				3.476,
				2.467,
				3.476,
				1,
				2.578,
				3.476,
				2.689,
				-3.647,
				2.8,
				-3.647,
				1,
				2.933,
				-3.647,
				3.067,
				1.653,
				3.2,
				1.653,
				1,
				3.3,
				1.653,
				3.4,
				-0.973,
				3.5,
				-0.973,
				1,
				3.622,
				-0.973,
				3.744,
				0.812,
				3.867,
				0.812,
				1,
				4.022,
				0.812,
				4.178,
				0,
				4.333,
				0,
				0,
				4.567,
				0
			]
		},
		{
			"Target": "Parameter",
			"Id": "ParamArmL2",
			"Segments": [
				0,
				0,
				1,
				0.133,
				0,
				0.267,
				0.862,
				0.4,
				0.862,
				1,
				0.5,
				0.862,
				0.6,
				-1.767,
				0.7,
				-1.767,
				1,
				0.833,
				-1.767,
				0.967,
				1.286,
				1.1,
				1.286,
				1,
				1.2,
				1.286,
				1.3,
				-2.651,
				1.4,
				-2.651,
				1,
				1.522,
				-2.651,
				1.644,
				1.656,
				1.767,
				1.656,
				1,
				1.9,
				1.656,
				2.033,
				-3.838,
				2.167,
				-3.838,
				1,
				2.278,
				-3.838,
				2.389,
				2.756,
				2.5,
				2.756,
				1,
				2.611,
				2.756,
				2.722,
				-3.838,
				2.833,
				-3.838,
				1,
				2.956,
				-3.838,
				3.078,
				1.742,
				3.2,
				1.742,
				1,
				3.333,
				1.742,
				3.467,
				-1.282,
				3.6,
				-1.282,
				1,
				3.7,
				-1.282,
				3.8,
				0.4,
				3.9,
				0.4,
				1,
				4.044,
				0.4,
				4.189,
				0,
				4.333,
				0,
				0,
				4.567,
				0
			]
		},
		{
			"Target": "Parameter",
			"Id": "ParamArmL3",
			"Segments": [
				0,
				0,
				1,
				0.122,
				0,
				0.244,
				4,
				0.367,
				4,
				1,
				0.489,
				4,
				0.611,
				3.993,
				0.733,
				3,
				1,
				0.856,
				2.007,
				0.978,
				0,
				1.1,
				0,
				0,
				4.567,
				0
			]
		},
		{
			"Target": "Parameter",
			"Id": "ParamUFX",
			"Segments": [
				0,
				0,
				1,
				0.122,
				0,
				0.244,
				-2,
				0.367,
				-2,
				1,
				0.611,
				-2,
				0.856,
				1,
				1.1,
				1,
				1,
				1.322,
				1,
				1.544,
				0,
				1.767,
				0,
				1,
				2.011,
				0,
				2.256,
				0,
				2.5,
				0,
				1,
				2.622,
				0,
				2.744,
				2,
				2.867,
				2,
				1,
				2.989,
				2,
				3.111,
				-1,
				3.233,
				-1,
				1,
				3.456,
				-1,
				3.678,
				1,
				3.9,
				1,
				1,
				4.044,
				1,
				4.189,
				0,
				4.333,
				0,
				0,
				4.567,
				0
			]
		},
		{
			"Target": "Parameter",
			"Id": "ParamUFY",
			"Segments": [
				0,
				0,
				1,
				0.122,
				0,
				0.244,
				0,
				0.367,
				0,
				1,
				0.611,
				0,
				0.856,
				0,
				1.1,
				0,
				1,
				1.322,
				0,
				1.544,
				-1,
				1.767,
				-1,
				1,
				2.011,
				-1,
				2.256,
				-0.8,
				2.5,
				0,
				1,
				2.622,
				0.4,
				2.744,
				1.007,
				2.867,
				2,
				1,
				2.989,
				2.993,
				3.111,
				5,
				3.233,
				5,
				1,
				3.456,
				5,
				3.678,
				-2,
				3.9,
				-2,
				1,
				4.044,
				-2,
				4.189,
				0,
				4.333,
				0,
				0,
				4.567,
				0
			]
		},
		{
			"Target": "Parameter",
			"Id": "ParamUF1_1",
			"Segments": [
				0,
				0,
				1,
				0.122,
				0,
				0.244,
				-3,
				0.367,
				-3,
				1,
				0.611,
				-3,
				0.856,
				0,
				1.1,
				0,
				1,
				1.322,
				0,
				1.544,
				-8,
				1.767,
				-8,
				1,
				2.011,
				-8,
				2.256,
				-3.434,
				2.5,
				-2,
				1,
				2.956,
				0.673,
				3.411,
				1,
				3.867,
				1,
				1,
				4.022,
				1,
				4.178,
				0,
				4.333,
				0,
				0,
				4.567,
				0
			]
		},
		{
			"Target": "Parameter",
			"Id": "ParamUF1_2",
			"Segments": [
				0,
				0,
				1,
				0.122,
				0,
				0.244,
				6,
				0.367,
				6,
				1,
				0.611,
				6,
				0.856,
				-1,
				1.1,
				-1,
				1,
				1.322,
				-1,
				1.544,
				8,
				1.767,
				8,
				1,
				2.011,
				8,
				2.256,
				5.174,
				2.5,
				2,
				1,
				2.956,
				-3.914,
				3.411,
				-6,
				3.867,
				-6,
				1,
				4.022,
				-6,
				4.178,
				0,
				4.333,
				0,
				0,
				4.567,
				0
			]
		},
		{
			"Target": "Parameter",
			"Id": "ParamUF2_1",
			"Segments": [
				0,
				0,
				1,
				0.122,
				0,
				0.244,
				-13,
				0.367,
				-13,
				1,
				0.611,
				-13,
				0.856,
				5,
				1.1,
				5,
				1,
				1.322,
				5,
				1.544,
				-10,
				1.767,
				-10,
				1,
				2.011,
				-10,
				2.256,
				0,
				2.5,
				0,
				1,
				2.956,
				0,
				3.411,
				-4,
				3.867,
				-4,
				1,
				4.022,
				-4,
				4.178,
				0,
				4.333,
				0,
				0,
				4.567,
				0
			]
		},
		{
			"Target": "Parameter",
			"Id": "ParamUF2_2",
			"Segments": [
				0,
				0,
				1,
				0.122,
				0,
				0.244,
				-28,
				0.367,
				-28,
				1,
				0.611,
				-28,
				0.856,
				3,
				1.1,
				3,
				1,
				1.322,
				3,
				1.544,
				-19,
				1.767,
				-19,
				1,
				2.011,
				-19,
				2.256,
				0,
				2.5,
				0,
				1,
				2.956,
				0,
				3.411,
				-5,
				3.867,
				-5,
				1,
				4.022,
				-5,
				4.178,
				0,
				4.333,
				0,
				0,
				4.567,
				0
			]
		},
		{
			"Target": "Parameter",
			"Id": "ParamUF2_3",
			"Segments": [
				0,
				0,
				1,
				0.122,
				0,
				0.244,
				20,
				0.367,
				20,
				1,
				0.611,
				20,
				0.856,
				-5,
				1.1,
				-5,
				1,
				1.322,
				-5,
				1.544,
				16,
				1.767,
				16,
				1,
				2.011,
				16,
				2.256,
				-1,
				2.5,
				-1,
				1,
				2.956,
				-1,
				3.411,
				9,
				3.867,
				9,
				1,
				4.022,
				9,
				4.178,
				0,
				4.333,
				0,
				0,
				4.567,
				0
			]
		},
		{
			"Target": "Parameter",
			"Id": "ParamUF3_1",
			"Segments": [
				0,
				0,
				1,
				0.122,
				0,
				0.244,
				-24,
				0.367,
				-24,
				1,
				0.611,
				-24,
				0.856,
				3,
				1.1,
				3,
				1,
				1.322,
				3,
				1.544,
				-12,
				1.767,
				-12,
				1,
				2.011,
				-12,
				2.256,
				0,
				2.5,
				0,
				1,
				2.956,
				0,
				3.411,
				-3,
				3.867,
				-3,
				1,
				4.022,
				-3,
				4.178,
				0,
				4.333,
				0,
				0,
				4.567,
				0
			]
		},
		{
			"Target": "Parameter",
			"Id": "ParamUF3_2",
			"Segments": [
				0,
				0,
				1,
				0.122,
				0,
				0.244,
				16,
				0.367,
				16,
				1,
				0.611,
				16,
				0.856,
				-6,
				1.1,
				-6,
				1,
				1.322,
				-6,
				1.544,
				14,
				1.767,
				14,
				1,
				2.011,
				14,
				2.256,
				-1,
				2.5,
				-1,
				1,
				2.956,
				-1,
				3.411,
				10,
				3.867,
				10,
				1,
				4.022,
				10,
				4.178,
				0,
				4.333,
				0,
				0,
				4.567,
				0
			]
		},
		{
			"Target": "Parameter",
			"Id": "ParamUF3_3",
			"Segments": [
				0,
				0,
				1,
				0.122,
				0,
				0.244,
				17,
				0.367,
				17,
				1,
				0.611,
				17,
				0.856,
				8.08,
				1.1,
				-5,
				1,
				1.322,
				-16.891,
				1.544,
				-21,
				1.767,
				-21,
				1,
				2.011,
				-21,
				2.256,
				0,
				2.5,
				0,
				1,
				2.956,
				0,
				3.411,
				-8,
				3.867,
				-8,
				1,
				4.022,
				-8,
				4.178,
				0,
				4.333,
				0,
				0,
				4.567,
				0
			]
		}
	]
}