{
	"Version": 3,
	"Parameters": [
		{
			"Id": "ParamEff1",
			"GroupId": "ParamGroup",
			"Name": "エフェクト1"
		},
		{
			"Id": "ParamEff2",
			"GroupId": "ParamGroup",
			"Name": "エフェクト2"
		},
		{
			"Id": "ParamEff3",
			"GroupId": "ParamGroup",
			"Name": "エフェクト3"
		},
		{
			"Id": "ParamEff4",
			"GroupId": "ParamGroup",
			"Name": "エフェクト4"
		},
		{
			"Id": "ParamEff5",
			"GroupId": "ParamGroup",
			"Name": "エフェクト5"
		},
		{
			"Id": "ParamEff6",
			"GroupId": "ParamGroup",
			"Name": "エフェクト6"
		},
		{
			"Id": "ParamEff7",
			"GroupId": "ParamGroup",
			"Name": "エフェクト7"
		},
		{
			"Id": "ParamEff8",
			"GroupId": "ParamGroup",
			"Name": "エフェクト8"
		},
		{
			"Id": "ParamEff9",
			"GroupId": "ParamGroup",
			"Name": "エフェクト9"
		},
		{
			"Id": "ParamEff10",
			"GroupId": "ParamGroup",
			"Name": "エフェクト10"
		},
		{
			"Id": "ParamEff11",
			"GroupId": "ParamGroup",
			"Name": "エフェクト11"
		},
		{
			"Id": "ParamEff12",
			"GroupId": "ParamGroup",
			"Name": "エフェクト12"
		},
		{
			"Id": "ParamEff13",
			"GroupId": "ParamGroup",
			"Name": "エフェクト13"
		},
		{
			"Id": "ParamEff14",
			"GroupId": "ParamGroup",
			"Name": "エフェクト14"
		},
		{
			"Id": "ParamEff15",
			"GroupId": "ParamGroup",
			"Name": "エフェクト15"
		},
		{
			"Id": "ParamEff16",
			"GroupId": "ParamGroup",
			"Name": "エフェクト16"
		},
		{
			"Id": "ParamEff17",
			"GroupId": "ParamGroup",
			"Name": "エフェクト17"
		},
		{
			"Id": "ParamEff18",
			"GroupId": "ParamGroup",
			"Name": "エフェクト18"
		},
		{
			"Id": "ParamEff19",
			"GroupId": "ParamGroup",
			"Name": "エフェクト19"
		},
		{
			"Id": "ParamEff20",
			"GroupId": "ParamGroup",
			"Name": "エフェクト20"
		},
		{
			"Id": "ParamEff21",
			"GroupId": "ParamGroup",
			"Name": "エフェクト21"
		},
		{
			"Id": "ParamEff22",
			"GroupId": "ParamGroup",
			"Name": "エフェクト22"
		},
		{
			"Id": "ParamEff23",
			"GroupId": "ParamGroup",
			"Name": "エフェクト23"
		},
		{
			"Id": "ParamEff24",
			"GroupId": "ParamGroup",
			"Name": "エフェクト24"
		},
		{
			"Id": "ParamEff25",
			"GroupId": "ParamGroup",
			"Name": "エフェクト25"
		},
		{
			"Id": "ParamEff26",
			"GroupId": "ParamGroup",
			"Name": "エフェクト26"
		},
		{
			"Id": "ParamEff27",
			"GroupId": "ParamGroup",
			"Name": "エフェクト27"
		},
		{
			"Id": "ParamEff28",
			"GroupId": "ParamGroup",
			"Name": "エフェクト28"
		},
		{
			"Id": "ParamEff29",
			"GroupId": "ParamGroup",
			"Name": "エフェクト29"
		},
		{
			"Id": "ParamEff30",
			"GroupId": "ParamGroup",
			"Name": "エフェクト30"
		},
		{
			"Id": "ParamEff31",
			"GroupId": "ParamGroup",
			"Name": "エフェクト31"
		},
		{
			"Id": "ParamEff32",
			"GroupId": "ParamGroup",
			"Name": "エフェクト32"
		},
		{
			"Id": "ParamEff33",
			"GroupId": "ParamGroup",
			"Name": "エフェクト33"
		},
		{
			"Id": "ParamEff34",
			"GroupId": "ParamGroup",
			"Name": "エフェクト34"
		},
		{
			"Id": "ParamEff35",
			"GroupId": "ParamGroup",
			"Name": "エフェクト35"
		},
		{
			"Id": "ParamEff36",
			"GroupId": "ParamGroup",
			"Name": "エフェクト36"
		},
		{
			"Id": "ParamEff37",
			"GroupId": "ParamGroup",
			"Name": "エフェクト37"
		},
		{
			"Id": "ParamEff38",
			"GroupId": "ParamGroup",
			"Name": "エフェクト38"
		},
		{
			"Id": "ParamEff39",
			"GroupId": "ParamGroup",
			"Name": "エフェクト39"
		},
		{
			"Id": "ParamEff40",
			"GroupId": "ParamGroup",
			"Name": "エフェクト40"
		},
		{
			"Id": "ParamLegL1",
			"GroupId": "ParamGroup2",
			"Name": "右太もも"
		},
		{
			"Id": "ParamLegL2",
			"GroupId": "ParamGroup2",
			"Name": "右足"
		},
		{
			"Id": "ParamLegR1",
			"GroupId": "ParamGroup2",
			"Name": "左太もも"
		},
		{
			"Id": "ParamLegR2",
			"GroupId": "ParamGroup2",
			"Name": "左足"
		},
		{
			"Id": "ParamEyeRL",
			"GroupId": "ParamGroup2",
			"Name": "目Hi左右"
		},
		{
			"Id": "ParamEyeUD",
			"GroupId": "ParamGroup2",
			"Name": "目Hi上下"
		},
		{
			"Id": "ParamEyeBS",
			"GroupId": "ParamGroup2",
			"Name": "目Hi大小"
		},
		{
			"Id": "ParamPaiRX",
			"GroupId": "ParamGroup2",
			"Name": "右胸 X"
		},
		{
			"Id": "ParamPaiRY",
			"GroupId": "ParamGroup2",
			"Name": "右胸 Y"
		},
		{
			"Id": "ParamPaiRX2",
			"GroupId": "ParamGroup2",
			"Name": "右胸 X2"
		},
		{
			"Id": "ParamPaiRY2",
			"GroupId": "ParamGroup2",
			"Name": "右胸 Y2"
		},
		{
			"Id": "ParamPaiLX",
			"GroupId": "ParamGroup2",
			"Name": "左胸 X"
		},
		{
			"Id": "ParamPaiLY",
			"GroupId": "ParamGroup2",
			"Name": "左胸 Y"
		},
		{
			"Id": "ParamPaiLX2",
			"GroupId": "ParamGroup2",
			"Name": "左胸 X2"
		},
		{
			"Id": "ParamPaiLY2",
			"GroupId": "ParamGroup2",
			"Name": "左胸 Y2"
		},
		{
			"Id": "ParamAngleX",
			"GroupId": "ParamGroup4",
			"Name": "角度 X"
		},
		{
			"Id": "ParamAngleY",
			"GroupId": "ParamGroup4",
			"Name": "角度 Y"
		},
		{
			"Id": "ParamAngleZ",
			"GroupId": "ParamGroup4",
			"Name": "角度 Z"
		},
		{
			"Id": "ParamEyeROpen",
			"GroupId": "ParamGroup4",
			"Name": "右目　開閉"
		},
		{
			"Id": "ParamEyeRSmile",
			"GroupId": "ParamGroup4",
			"Name": "右目　笑顔"
		},
		{
			"Id": "ParamEyeLOpen",
			"GroupId": "ParamGroup4",
			"Name": "左目　開閉"
		},
		{
			"Id": "ParamEyeLSmile",
			"GroupId": "ParamGroup4",
			"Name": "左目　笑顔"
		},
		{
			"Id": "ParamEyeBallX",
			"GroupId": "ParamGroup4",
			"Name": "目玉 X"
		},
		{
			"Id": "ParamEyeBallY",
			"GroupId": "ParamGroup4",
			"Name": "目玉 Y"
		},
		{
			"Id": "ParamBrowRY",
			"GroupId": "ParamGroup4",
			"Name": "眉　上下"
		},
		{
			"Id": "ParamBrowRAngle",
			"GroupId": "ParamGroup4",
			"Name": "眉　角度"
		},
		{
			"Id": "ParamBrowRForm",
			"GroupId": "ParamGroup4",
			"Name": "眉　変形"
		},
		{
			"Id": "ParamMouthForm",
			"GroupId": "ParamGroup4",
			"Name": "口　変形"
		},
		{
			"Id": "ParamMouthOpenY",
			"GroupId": "ParamGroup4",
			"Name": "口　開閉"
		},
		{
			"Id": "ParamCheek",
			"GroupId": "ParamGroup4",
			"Name": "照れ"
		},
		{
			"Id": "ParamBodyAngleX",
			"GroupId": "ParamGroup4",
			"Name": "体の回転　X"
		},
		{
			"Id": "ParamBodyAngleX2",
			"GroupId": "ParamGroup4",
			"Name": "体の回転　X2"
		},
		{
			"Id": "ParamBodyAngleX3",
			"GroupId": "ParamGroup4",
			"Name": "体の回転　X3"
		},
		{
			"Id": "ParamBodyAngleY",
			"GroupId": "ParamGroup4",
			"Name": "体の回転　Y"
		},
		{
			"Id": "ParamBodyAngleZ",
			"GroupId": "ParamGroup4",
			"Name": "体の回転　Z"
		},
		{
			"Id": "ParamBreat",
			"GroupId": "ParamGroup4",
			"Name": "呼吸"
		},
		{
			"Id": "ParamHairFront",
			"GroupId": "ParamGroup4",
			"Name": "髪揺れ　前"
		},
		{
			"Id": "ParamHairSide",
			"GroupId": "ParamGroup4",
			"Name": "髪揺れ　横"
		},
		{
			"Id": "ParamHairBack",
			"GroupId": "ParamGroup4",
			"Name": "髪揺れ　後"
		},
		{
			"Id": "ParamHairF",
			"GroupId": "ParamGroup4",
			"Name": "髪揺れ　風"
		},
		{
			"Id": "ParamHairAcsFX",
			"GroupId": "ParamGroup3",
			"Name": "髪飾り花 X"
		},
		{
			"Id": "ParamHairAcsFY",
			"GroupId": "ParamGroup3",
			"Name": "髪飾り花 Y"
		},
		{
			"Id": "ParamHairAcsX",
			"GroupId": "ParamGroup3",
			"Name": "髪飾り X"
		},
		{
			"Id": "ParamHairAcsY",
			"GroupId": "ParamGroup3",
			"Name": "髪飾り Y"
		},
		{
			"Id": "ParamClothCX",
			"GroupId": "ParamGroup3",
			"Name": "服股 X"
		},
		{
			"Id": "ParamClothCY",
			"GroupId": "ParamGroup3",
			"Name": "服股 Y"
		},
		{
			"Id": "ParamFinger1_1",
			"GroupId": "ParamGroup5",
			"Name": "指1_1"
		},
		{
			"Id": "ParamFinger1_2",
			"GroupId": "ParamGroup5",
			"Name": "指1_2"
		},
		{
			"Id": "ParamFinger1_3",
			"GroupId": "ParamGroup5",
			"Name": "指1_3"
		},
		{
			"Id": "ParamFingerCloth",
			"GroupId": "ParamGroup5",
			"Name": "指服"
		},
		{
			"Id": "ParamArmR2",
			"GroupId": "ParamGroup6",
			"Name": "右腕2"
		},
		{
			"Id": "ParamArmR",
			"GroupId": "ParamGroup6",
			"Name": "右腕"
		},
		{
			"Id": "ParamHandR",
			"GroupId": "ParamGroup6",
			"Name": "右手"
		},
		{
			"Id": "ParamHandRC",
			"GroupId": "ParamGroup6",
			"Name": "右手切替"
		},
		{
			"Id": "ParamArmRClothX",
			"GroupId": "ParamGroup6",
			"Name": "右腕服 X"
		},
		{
			"Id": "ParamArmRClothY",
			"GroupId": "ParamGroup6",
			"Name": "右腕服 Y"
		},
		{
			"Id": "ParamArmL",
			"GroupId": "ParamGroup6",
			"Name": "左腕"
		},
		{
			"Id": "ParamArmL2",
			"GroupId": "ParamGroup6",
			"Name": "左腕2"
		},
		{
			"Id": "ParamArmL3",
			"GroupId": "ParamGroup6",
			"Name": "左腕手前"
		},
		{
			"Id": "ParamUFX",
			"GroupId": "ParamGroup7",
			"Name": "手 X"
		},
		{
			"Id": "ParamUFY",
			"GroupId": "ParamGroup7",
			"Name": "手 Y"
		},
		{
			"Id": "ParamUF1_1",
			"GroupId": "ParamGroup7",
			"Name": "親指1"
		},
		{
			"Id": "ParamUF1_2",
			"GroupId": "ParamGroup7",
			"Name": "親指2"
		},
		{
			"Id": "ParamUF2_1",
			"GroupId": "ParamGroup7",
			"Name": "中指1"
		},
		{
			"Id": "ParamUF2_2",
			"GroupId": "ParamGroup7",
			"Name": "中指2"
		},
		{
			"Id": "ParamUF2_3",
			"GroupId": "ParamGroup7",
			"Name": "中指3"
		},
		{
			"Id": "ParamUF3_1",
			"GroupId": "ParamGroup7",
			"Name": "小指1"
		},
		{
			"Id": "ParamUF3_2",
			"GroupId": "ParamGroup7",
			"Name": "小指2"
		},
		{
			"Id": "ParamUF3_3",
			"GroupId": "ParamGroup7",
			"Name": "小指3"
		}
	],
	"ParameterGroups": [
		{
			"Id": "ParamGroup",
			"GroupId": "",
			"Name": "エフェクト"
		},
		{
			"Id": "ParamGroup2",
			"GroupId": "",
			"Name": "URLR"
		},
		{
			"Id": "ParamGroup4",
			"GroupId": "",
			"Name": "通常"
		},
		{
			"Id": "ParamGroup3",
			"GroupId": "",
			"Name": "追加"
		},
		{
			"Id": "ParamGroup5",
			"GroupId": "",
			"Name": "指通常"
		},
		{
			"Id": "ParamGroup6",
			"GroupId": "",
			"Name": "腕"
		},
		{
			"Id": "ParamGroup7",
			"GroupId": "",
			"Name": "下指"
		}
	],
	"Parts": [
		{
			"Id": "Part40",
			"Name": "1920x1440_6.psd"
		},
		{
			"Id": "Part39",
			"Name": "1920x1440_5.psd"
		},
		{
			"Id": "Part37",
			"Name": "1920x1440_4.psd"
		},
		{
			"Id": "Part36",
			"Name": "1920x1440_3.psd"
		},
		{
			"Id": "Part35",
			"Name": "1920x1440_2.psd"
		},
		{
			"Id": "Part33",
			"Name": "1920x1440_1.psd"
		},
		{
			"Id": "Part32",
			"Name": "1920x1440.psd"
		},
		{
			"Id": "Part38",
			"Name": "右手"
		},
		{
			"Id": "Part34",
			"Name": "下手"
		},
		{
			"Id": "Part",
			"Name": "手前効果"
		},
		{
			"Id": "Part13",
			"Name": "芭蕉"
		},
		{
			"Id": "Part31",
			"Name": "背景"
		},
		{
			"Id": "Part2",
			"Name": "きらきら"
		},
		{
			"Id": "Part8",
			"Name": "粒子"
		},
		{
			"Id": "Part12",
			"Name": "日差し"
		},
		{
			"Id": "Part14",
			"Name": "花飾り"
		},
		{
			"Id": "Part15",
			"Name": "前髪"
		},
		{
			"Id": "Part16",
			"Name": "頭"
		},
		{
			"Id": "Part23",
			"Name": "まとめ後髪"
		},
		{
			"Id": "Part24",
			"Name": "指腕"
		},
		{
			"Id": "Part25",
			"Name": "胸"
		},
		{
			"Id": "Part27",
			"Name": "下腕"
		},
		{
			"Id": "Part28",
			"Name": "右足"
		},
		{
			"Id": "Part29",
			"Name": "左足"
		},
		{
			"Id": "Part30",
			"Name": "腕"
		},
		{
			"Id": "Part3",
			"Name": "グループ 1"
		},
		{
			"Id": "Part4",
			"Name": "グループ 2"
		},
		{
			"Id": "Part5",
			"Name": "グループ 3"
		},
		{
			"Id": "Part6",
			"Name": "グループ 5"
		},
		{
			"Id": "Part7",
			"Name": "グループ 4"
		},
		{
			"Id": "Part9",
			"Name": "グループ 7"
		},
		{
			"Id": "Part10",
			"Name": "グループ 6"
		},
		{
			"Id": "Part11",
			"Name": "グループ 8"
		},
		{
			"Id": "Part17",
			"Name": "表情"
		},
		{
			"Id": "Part26",
			"Name": "指"
		},
		{
			"Id": "Part19",
			"Name": "右目"
		},
		{
			"Id": "Part21",
			"Name": "左目"
		},
		{
			"Id": "Part18",
			"Name": "口"
		},
		{
			"Id": "Part20",
			"Name": "眉"
		},
		{
			"Id": "Part22",
			"Name": "眉"
		}
	],
	"CombinedParameters": [
		[
			"ParamEyeRL",
			"ParamEyeUD"
		],
		[
			"ParamPaiRX",
			"ParamPaiRY"
		],
		[
			"ParamPaiRX2",
			"ParamPaiRY2"
		],
		[
			"ParamPaiLX",
			"ParamPaiLY"
		],
		[
			"ParamPaiLX2",
			"ParamPaiLY2"
		],
		[
			"ParamAngleX",
			"ParamAngleY"
		],
		[
			"ParamEyeBallX",
			"ParamEyeBallY"
		],
		[
			"ParamBrowRY",
			"ParamBrowRAngle"
		],
		[
			"ParamHairAcsFX",
			"ParamHairAcsFY"
		],
		[
			"ParamHairAcsX",
			"ParamHairAcsY"
		],
		[
			"ParamClothCX",
			"ParamClothCY"
		],
		[
			"ParamArmRClothX",
			"ParamArmRClothY"
		],
		[
			"ParamUF1_1",
			"ParamUF1_2"
		],
		[
			"ParamUF2_2",
			"ParamUF2_3"
		],
		[
			"ParamUF3_1",
			"ParamUF3_2"
		]
	]
}