{
	"Version": 3,
	"Meta": {
		"Duration": 6,
		"Fps": 30.0,
		"Loop": true,
		"AreBeziersRestricted": false,
		"CurveCount": 89,
		"TotalSegmentCount": 780,
		"TotalPointCount": 2429,
		"UserDataCount": 0,
		"TotalUserDataSize": 0
	},
	"Curves": [
		{
			"Target": "Parameter",
			"Id": "Param37",
			"Segments": [
				0,
				0,
				1,
				1,
				0,
				2,
				20.1,
				3,
				20.1,
				1,
				4,
				20.1,
				5,
				0,
				6,
				0
			]
		},
		{
			"Target": "Parameter",
			"Id": "ParamPachi",
			"Segments": [
				0,
				0,
				1,
				1,
				0,
				2,
				0,
				3,
				0,
				1,
				3.033,
				0,
				3.067,
				1,
				3.1,
				1,
				1,
				3.122,
				1,
				3.144,
				1,
				3.167,
				1,
				1,
				3.211,
				1,
				3.256,
				0,
				3.3,
				0,
				1,
				4.2,
				0,
				5.1,
				0,
				6,
				0
			]
		},
		{
			"Target": "Parameter",
			"Id": "ParamEyeRL",
			"Segments": [
				0,
				0,
				1,
				0.033,
				0,
				0.067,
				6,
				0.1,
				6,
				1,
				0.122,
				6,
				0.144,
				6,
				0.167,
				6,
				1,
				0.222,
				6,
				0.278,
				-6,
				0.333,
				-6,
				1,
				0.356,
				-6,
				0.378,
				10.768,
				0.4,
				13,
				1,
				0.422,
				15.232,
				0.444,
				15,
				0.467,
				15,
				1,
				0.489,
				15,
				0.511,
				-9,
				0.533,
				-9,
				1,
				0.567,
				-9,
				0.6,
				-7.568,
				0.633,
				-4,
				1,
				0.656,
				-1.621,
				0.678,
				3.453,
				0.7,
				4,
				1,
				0.722,
				4.547,
				0.744,
				4.489,
				0.767,
				5,
				1,
				0.789,
				5.511,
				0.811,
				7,
				0.833,
				7,
				1,
				0.867,
				7,
				0.9,
				-11,
				0.933,
				-11,
				1,
				0.956,
				-11,
				0.978,
				7,
				1,
				7,
				1,
				1.022,
				7,
				1.044,
				-6,
				1.067,
				-6,
				1,
				1.078,
				-6,
				1.089,
				6,
				1.1,
				6,
				1,
				1.133,
				6,
				1.167,
				5.932,
				1.2,
				4,
				1,
				1.222,
				2.712,
				1.244,
				-9,
				1.267,
				-9,
				1,
				1.311,
				-9,
				1.356,
				0,
				1.4,
				0,
				1,
				1.411,
				0,
				1.422,
				-2,
				1.433,
				-2,
				1,
				1.456,
				-2,
				1.478,
				6,
				1.5,
				6,
				1,
				1.522,
				6,
				1.544,
				6,
				1.567,
				6,
				1,
				1.589,
				6,
				1.611,
				-4,
				1.633,
				-4,
				1,
				1.689,
				-4,
				1.744,
				6.579,
				1.8,
				13,
				1,
				1.822,
				15.568,
				1.844,
				15,
				1.867,
				15,
				1,
				1.889,
				15,
				1.911,
				-9,
				1.933,
				-9,
				1,
				1.956,
				-9,
				1.978,
				8,
				2,
				8,
				1,
				2.033,
				8,
				2.067,
				4,
				2.1,
				4,
				1,
				2.122,
				4,
				2.144,
				4.126,
				2.167,
				5,
				1,
				2.189,
				5.874,
				2.211,
				7,
				2.233,
				7,
				1,
				2.267,
				7,
				2.3,
				-11,
				2.333,
				-11,
				1,
				2.356,
				-11,
				2.378,
				7,
				2.4,
				7,
				1,
				2.422,
				7,
				2.444,
				-6,
				2.467,
				-6,
				1,
				2.5,
				-6,
				2.533,
				-5.548,
				2.567,
				-2,
				1,
				2.589,
				0.365,
				2.611,
				6,
				2.633,
				6,
				1,
				2.656,
				6,
				2.678,
				6,
				2.7,
				6,
				1,
				2.722,
				6,
				2.744,
				-2.728,
				2.767,
				-4,
				1,
				2.8,
				-5.909,
				2.833,
				-6,
				2.867,
				-6,
				1,
				2.911,
				-6,
				2.956,
				15,
				3,
				15,
				1,
				3.022,
				15,
				3.044,
				-9,
				3.067,
				-9,
				1,
				3.089,
				-9,
				3.111,
				8,
				3.133,
				8,
				1,
				3.144,
				8,
				3.156,
				-4,
				3.167,
				-4,
				1,
				3.189,
				-4,
				3.211,
				2.919,
				3.233,
				4,
				1,
				3.256,
				5.081,
				3.278,
				5,
				3.3,
				5,
				1,
				3.356,
				5,
				3.411,
				-11,
				3.467,
				-11,
				1,
				3.489,
				-11,
				3.511,
				7,
				3.533,
				7,
				1,
				3.556,
				7,
				3.578,
				-6,
				3.6,
				-6,
				1,
				3.611,
				-6,
				3.622,
				6,
				3.633,
				6,
				1,
				3.667,
				6,
				3.7,
				4,
				3.733,
				4,
				1,
				3.767,
				4,
				3.8,
				8,
				3.833,
				8,
				1,
				3.867,
				8,
				3.9,
				-4,
				3.933,
				-4,
				1,
				3.978,
				-4,
				4.022,
				7.873,
				4.067,
				13,
				1,
				4.089,
				15.563,
				4.111,
				15,
				4.133,
				15,
				1,
				4.156,
				15,
				4.178,
				-9,
				4.2,
				-9,
				1,
				4.222,
				-9,
				4.244,
				8,
				4.267,
				8,
				1,
				4.3,
				8,
				4.333,
				4,
				4.367,
				4,
				1,
				4.389,
				4,
				4.411,
				4.126,
				4.433,
				5,
				1,
				4.456,
				5.874,
				4.478,
				7,
				4.5,
				7,
				1,
				4.533,
				7,
				4.567,
				-11,
				4.6,
				-11,
				1,
				4.622,
				-11,
				4.644,
				7,
				4.667,
				7,
				1,
				4.689,
				7,
				4.711,
				-6,
				4.733,
				-6,
				1,
				4.767,
				-6,
				4.8,
				-5.548,
				4.833,
				-2,
				1,
				4.856,
				0.365,
				4.878,
				6,
				4.9,
				6,
				1,
				4.922,
				6,
				4.944,
				6,
				4.967,
				6,
				1,
				4.989,
				6,
				5.011,
				-2.728,
				5.033,
				-4,
				1,
				5.067,
				-5.909,
				5.1,
				-6,
				5.133,
				-6,
				1,
				5.178,
				-6,
				5.222,
				15,
				5.267,
				15,
				1,
				5.289,
				15,
				5.311,
				-9,
				5.333,
				-9,
				1,
				5.356,
				-9,
				5.378,
				8,
				5.4,
				8,
				1,
				5.411,
				8,
				5.422,
				-4,
				5.433,
				-4,
				1,
				5.456,
				-4,
				5.478,
				2.919,
				5.5,
				4,
				1,
				5.522,
				5.081,
				5.544,
				5,
				5.567,
				5,
				1,
				5.622,
				5,
				5.678,
				-11,
				5.733,
				-11,
				1,
				5.756,
				-11,
				5.778,
				7,
				5.8,
				7,
				1,
				5.822,
				7,
				5.844,
				-6,
				5.867,
				-6,
				1,
				5.878,
				-6,
				5.889,
				6,
				5.9,
				6,
				1,
				5.933,
				6,
				5.967,
				0,
				6,
				0
			]
		},
		{
			"Target": "Parameter",
			"Id": "ParamEyeUD",
			"Segments": [
				0,
				0,
				1,
				0.033,
				0,
				0.067,
				4,
				0.1,
				4,
				1,
				0.122,
				4,
				0.144,
				-14.649,
				0.167,
				-15,
				1,
				0.222,
				-15.877,
				0.278,
				-16,
				0.333,
				-16,
				1,
				0.356,
				-16,
				0.378,
				-16.239,
				0.4,
				-14,
				1,
				0.422,
				-11.761,
				0.444,
				6,
				0.467,
				6,
				1,
				0.489,
				6,
				0.511,
				2,
				0.533,
				2,
				1,
				0.567,
				2,
				0.6,
				10,
				0.633,
				10,
				1,
				0.656,
				10,
				0.678,
				-2,
				0.7,
				-2,
				1,
				0.722,
				-2,
				0.744,
				-1.933,
				0.767,
				0,
				1,
				0.789,
				1.933,
				0.811,
				6,
				0.833,
				6,
				1,
				0.867,
				6,
				0.9,
				6,
				0.933,
				6,
				1,
				0.956,
				6,
				0.978,
				10,
				1,
				10,
				1,
				1.022,
				10,
				1.044,
				-10,
				1.067,
				-10,
				1,
				1.078,
				-10,
				1.089,
				5,
				1.1,
				5,
				1,
				1.133,
				5,
				1.167,
				-11,
				1.2,
				-11,
				1,
				1.222,
				-11,
				1.244,
				2,
				1.267,
				2,
				1,
				1.311,
				2,
				1.356,
				1.576,
				1.4,
				0,
				1,
				1.411,
				-0.394,
				1.422,
				-8,
				1.433,
				-8,
				1,
				1.456,
				-8,
				1.478,
				4,
				1.5,
				4,
				1,
				1.522,
				4,
				1.544,
				-15,
				1.567,
				-15,
				1,
				1.589,
				-15,
				1.611,
				6,
				1.633,
				6,
				1,
				1.689,
				6,
				1.744,
				-14,
				1.8,
				-14,
				1,
				1.822,
				-14,
				1.844,
				6,
				1.867,
				6,
				1,
				1.889,
				6,
				1.911,
				4.667,
				1.933,
				2,
				1,
				1.956,
				-0.667,
				1.978,
				-2,
				2,
				-2,
				1,
				2.033,
				-2,
				2.067,
				-2,
				2.1,
				-2,
				1,
				2.122,
				-2,
				2.144,
				-1.933,
				2.167,
				0,
				1,
				2.189,
				1.933,
				2.211,
				6,
				2.233,
				6,
				1,
				2.267,
				6,
				2.3,
				6,
				2.333,
				6,
				1,
				2.356,
				6,
				2.378,
				10,
				2.4,
				10,
				1,
				2.422,
				10,
				2.444,
				-10,
				2.467,
				-10,
				1,
				2.5,
				-10,
				2.533,
				-9.926,
				2.567,
				-8,
				1,
				2.589,
				-6.716,
				2.611,
				4,
				2.633,
				4,
				1,
				2.656,
				4,
				2.678,
				-15,
				2.7,
				-15,
				1,
				2.722,
				-15,
				2.744,
				6,
				2.767,
				6,
				1,
				2.8,
				6,
				2.833,
				-16,
				2.867,
				-16,
				1,
				2.911,
				-16,
				2.956,
				6,
				3,
				6,
				1,
				3.022,
				6,
				3.044,
				4.667,
				3.067,
				2,
				1,
				3.089,
				-0.667,
				3.111,
				-2,
				3.133,
				-2,
				1,
				3.144,
				-2,
				3.156,
				10,
				3.167,
				10,
				1,
				3.189,
				10,
				3.211,
				-2,
				3.233,
				-2,
				1,
				3.256,
				-2,
				3.278,
				-0.897,
				3.3,
				0,
				1,
				3.356,
				2.242,
				3.411,
				3.568,
				3.467,
				6,
				1,
				3.489,
				6.973,
				3.511,
				10,
				3.533,
				10,
				1,
				3.556,
				10,
				3.578,
				-10,
				3.6,
				-10,
				1,
				3.611,
				-10,
				3.622,
				5,
				3.633,
				5,
				1,
				3.667,
				5,
				3.7,
				-11,
				3.733,
				-11,
				1,
				3.767,
				-11,
				3.8,
				-11.218,
				3.833,
				-8,
				1,
				3.867,
				-4.782,
				3.9,
				10,
				3.933,
				10,
				1,
				3.978,
				10,
				4.022,
				-14,
				4.067,
				-14,
				1,
				4.089,
				-14,
				4.111,
				6,
				4.133,
				6,
				1,
				4.156,
				6,
				4.178,
				4.667,
				4.2,
				2,
				1,
				4.222,
				-0.667,
				4.244,
				-2,
				4.267,
				-2,
				1,
				4.3,
				-2,
				4.333,
				-2,
				4.367,
				-2,
				1,
				4.389,
				-2,
				4.411,
				-1.933,
				4.433,
				0,
				1,
				4.456,
				1.933,
				4.478,
				6,
				4.5,
				6,
				1,
				4.533,
				6,
				4.567,
				6,
				4.6,
				6,
				1,
				4.622,
				6,
				4.644,
				10,
				4.667,
				10,
				1,
				4.689,
				10,
				4.711,
				-10,
				4.733,
				-10,
				1,
				4.767,
				-10,
				4.8,
				-9.926,
				4.833,
				-8,
				1,
				4.856,
				-6.716,
				4.878,
				4,
				4.9,
				4,
				1,
				4.922,
				4,
				4.944,
				-15,
				4.967,
				-15,
				1,
				4.989,
				-15,
				5.011,
				6,
				5.033,
				6,
				1,
				5.067,
				6,
				5.1,
				-16,
				5.133,
				-16,
				1,
				5.178,
				-16,
				5.222,
				6,
				5.267,
				6,
				1,
				5.289,
				6,
				5.311,
				4.667,
				5.333,
				2,
				1,
				5.356,
				-0.667,
				5.378,
				-2,
				5.4,
				-2,
				1,
				5.411,
				-2,
				5.422,
				10,
				5.433,
				10,
				1,
				5.456,
				10,
				5.478,
				-2,
				5.5,
				-2,
				1,
				5.522,
				-2,
				5.544,
				-0.897,
				5.567,
				0,
				1,
				5.622,
				2.242,
				5.678,
				3.568,
				5.733,
				6,
				1,
				5.756,
				6.973,
				5.778,
				10,
				5.8,
				10,
				1,
				5.822,
				10,
				5.844,
				-10,
				5.867,
				-10,
				1,
				5.878,
				-10,
				5.889,
				5,
				5.9,
				5,
				1,
				5.933,
				5,
				5.967,
				0,
				6,
				0
			]
		},
		{
			"Target": "Parameter",
			"Id": "ParamEyeBS",
			"Segments": [
				0,
				0,
				1,
				0.033,
				0,
				0.067,
				7,
				0.1,
				7,
				1,
				0.122,
				7,
				0.144,
				-19,
				0.167,
				-19,
				1,
				0.211,
				-19,
				0.256,
				18,
				0.3,
				18,
				1,
				0.322,
				18,
				0.344,
				-14,
				0.367,
				-14,
				1,
				0.389,
				-14,
				0.411,
				-8,
				0.433,
				4,
				1,
				0.456,
				16,
				0.478,
				22,
				0.5,
				22,
				1,
				0.556,
				22,
				0.611,
				21.173,
				0.667,
				16,
				1,
				0.689,
				13.931,
				0.711,
				-8,
				0.733,
				-8,
				1,
				0.756,
				-8,
				0.778,
				-8.268,
				0.8,
				-6,
				1,
				0.822,
				-3.732,
				0.844,
				19,
				0.867,
				19,
				1,
				0.889,
				19,
				0.911,
				-19,
				0.933,
				-19,
				1,
				0.967,
				-19,
				1,
				12,
				1.033,
				12,
				1,
				1.089,
				12,
				1.144,
				12,
				1.2,
				12,
				1,
				1.222,
				12,
				1.244,
				-6,
				1.267,
				-6,
				1,
				1.289,
				-6,
				1.311,
				0,
				1.333,
				0,
				1,
				1.344,
				0,
				1.356,
				-21,
				1.367,
				-21,
				1,
				1.389,
				-21,
				1.411,
				7,
				1.433,
				7,
				1,
				1.456,
				7,
				1.478,
				-19,
				1.5,
				-19,
				1,
				1.522,
				-19,
				1.544,
				13.697,
				1.567,
				16,
				1,
				1.589,
				18.303,
				1.611,
				18,
				1.633,
				18,
				1,
				1.678,
				18,
				1.722,
				4,
				1.767,
				4,
				1,
				1.789,
				4,
				1.811,
				22,
				1.833,
				22,
				1,
				1.856,
				22,
				1.878,
				-18,
				1.9,
				-18,
				1,
				1.911,
				-18,
				1.922,
				-13.543,
				1.933,
				-6,
				1,
				1.956,
				9.085,
				1.978,
				16,
				2,
				16,
				1,
				2.022,
				16,
				2.044,
				-8,
				2.067,
				-8,
				1,
				2.089,
				-8,
				2.111,
				-8.268,
				2.133,
				-6,
				1,
				2.156,
				-3.732,
				2.178,
				19,
				2.2,
				19,
				1,
				2.222,
				19,
				2.244,
				-19,
				2.267,
				-19,
				1,
				2.3,
				-19,
				2.333,
				12,
				2.367,
				12,
				1,
				2.4,
				12,
				2.433,
				-0.285,
				2.467,
				-10,
				1,
				2.5,
				-19.715,
				2.533,
				-21,
				2.567,
				-21,
				1,
				2.589,
				-21,
				2.611,
				7,
				2.633,
				7,
				1,
				2.656,
				7,
				2.678,
				-19,
				2.7,
				-19,
				1,
				2.722,
				-19,
				2.744,
				13.697,
				2.767,
				16,
				1,
				2.789,
				18.303,
				2.811,
				18,
				2.833,
				18,
				1,
				2.856,
				18,
				2.878,
				-14,
				2.9,
				-14,
				1,
				2.922,
				-14,
				2.944,
				-8,
				2.967,
				4,
				1,
				2.989,
				16,
				3.011,
				22,
				3.033,
				22,
				1,
				3.056,
				22,
				3.078,
				-18,
				3.1,
				-18,
				1,
				3.111,
				-18,
				3.122,
				-13.543,
				3.133,
				-6,
				1,
				3.156,
				9.085,
				3.178,
				16,
				3.2,
				16,
				1,
				3.222,
				16,
				3.244,
				-8,
				3.267,
				-8,
				1,
				3.289,
				-8,
				3.311,
				-6,
				3.333,
				-6,
				1,
				3.378,
				-6,
				3.422,
				-19,
				3.467,
				-19,
				1,
				3.5,
				-19,
				3.533,
				12,
				3.567,
				12,
				1,
				3.6,
				12,
				3.633,
				-10,
				3.667,
				-10,
				1,
				3.689,
				-10,
				3.711,
				12,
				3.733,
				12,
				1,
				3.756,
				12,
				3.778,
				-6,
				3.8,
				-6,
				1,
				3.822,
				-6,
				3.844,
				11,
				3.867,
				11,
				1,
				3.922,
				11,
				3.978,
				4,
				4.033,
				4,
				1,
				4.056,
				4,
				4.078,
				22,
				4.1,
				22,
				1,
				4.122,
				22,
				4.144,
				-18,
				4.167,
				-18,
				1,
				4.178,
				-18,
				4.189,
				-13.543,
				4.2,
				-6,
				1,
				4.222,
				9.085,
				4.244,
				16,
				4.267,
				16,
				1,
				4.289,
				16,
				4.311,
				-8,
				4.333,
				-8,
				1,
				4.356,
				-8,
				4.378,
				-8.268,
				4.4,
				-6,
				1,
				4.422,
				-3.732,
				4.444,
				19,
				4.467,
				19,
				1,
				4.489,
				19,
				4.511,
				-19,
				4.533,
				-19,
				1,
				4.567,
				-19,
				4.6,
				12,
				4.633,
				12,
				1,
				4.667,
				12,
				4.7,
				-0.285,
				4.733,
				-10,
				1,
				4.767,
				-19.715,
				4.8,
				-21,
				4.833,
				-21,
				1,
				4.856,
				-21,
				4.878,
				7,
				4.9,
				7,
				1,
				4.922,
				7,
				4.944,
				-19,
				4.967,
				-19,
				1,
				4.989,
				-19,
				5.011,
				13.697,
				5.033,
				16,
				1,
				5.056,
				18.303,
				5.078,
				18,
				5.1,
				18,
				1,
				5.122,
				18,
				5.144,
				-14,
				5.167,
				-14,
				1,
				5.189,
				-14,
				5.211,
				-8,
				5.233,
				4,
				1,
				5.256,
				16,
				5.278,
				22,
				5.3,
				22,
				1,
				5.322,
				22,
				5.344,
				-18,
				5.367,
				-18,
				1,
				5.378,
				-18,
				5.389,
				-13.543,
				5.4,
				-6,
				1,
				5.422,
				9.085,
				5.444,
				16,
				5.467,
				16,
				1,
				5.489,
				16,
				5.511,
				-8,
				5.533,
				-8,
				1,
				5.556,
				-8,
				5.578,
				-6,
				5.6,
				-6,
				1,
				5.644,
				-6,
				5.689,
				-19,
				5.733,
				-19,
				1,
				5.767,
				-19,
				5.8,
				12,
				5.833,
				12,
				1,
				5.867,
				12,
				5.9,
				-10,
				5.933,
				-10,
				1,
				5.956,
				-10,
				5.978,
				0,
				6,
				0
			]
		},
		{
			"Target": "Parameter",
			"Id": "ParamBreat",
			"Segments": [
				0,
				0,
				1,
				1,
				0,
				2,
				1,
				3,
				1,
				1,
				4,
				1,
				5,
				0,
				6,
				0
			]
		},
		{
			"Target": "Parameter",
			"Id": "Param9",
			"Segments": [
				0,
				0,
				1,
				0.333,
				0,
				0.667,
				1,
				1,
				1,
				1,
				1.333,
				1,
				1.667,
				0,
				2,
				0,
				1,
				2.333,
				0,
				2.667,
				1,
				3,
				1,
				1,
				3.333,
				1,
				3.667,
				0,
				4,
				0,
				1,
				4.333,
				0,
				4.667,
				1,
				5,
				1,
				1,
				5.333,
				1,
				5.667,
				0,
				6,
				0
			]
		},
		{
			"Target": "Parameter",
			"Id": "Param10",
			"Segments": [
				0,
				0.074,
				1,
				0.056,
				0.074,
				0.111,
				0,
				0.167,
				0,
				1,
				0.5,
				0,
				0.833,
				1,
				1.167,
				1,
				1,
				1.5,
				1,
				1.833,
				0,
				2.167,
				0,
				1,
				2.5,
				0,
				2.833,
				1,
				3.167,
				1,
				1,
				3.5,
				1,
				3.833,
				0,
				4.167,
				0,
				1,
				4.5,
				0,
				4.833,
				1,
				5.167,
				1,
				1,
				5.444,
				1,
				5.722,
				0.074,
				6,
				0.074
			]
		},
		{
			"Target": "Parameter",
			"Id": "Param11",
			"Segments": [
				0,
				0.259,
				1,
				0.111,
				0.259,
				0.222,
				0,
				0.333,
				0,
				1,
				0.667,
				0,
				1,
				1,
				1.333,
				1,
				1,
				1.667,
				1,
				2,
				0,
				2.333,
				0,
				1,
				2.667,
				0,
				3,
				1,
				3.333,
				1,
				1,
				3.667,
				1,
				4,
				0,
				4.333,
				0,
				1,
				4.667,
				0,
				5,
				1,
				5.333,
				1,
				1,
				5.556,
				1,
				5.778,
				0.259,
				6,
				0.259
			]
		},
		{
			"Target": "Parameter",
			"Id": "Param12",
			"Segments": [
				0,
				0.5,
				1,
				0.167,
				0.5,
				0.333,
				0,
				0.5,
				0,
				1,
				0.833,
				0,
				1.167,
				1,
				1.5,
				1,
				1,
				1.833,
				1,
				2.167,
				0,
				2.5,
				0,
				1,
				2.833,
				0,
				3.167,
				1,
				3.5,
				1,
				1,
				3.833,
				1,
				4.167,
				0,
				4.5,
				0,
				1,
				4.833,
				0,
				5.167,
				1,
				5.5,
				1,
				1,
				5.667,
				1,
				5.833,
				0.5,
				6,
				0.5
			]
		},
		{
			"Target": "Parameter",
			"Id": "Param13",
			"Segments": [
				0,
				0.741,
				1,
				0.222,
				0.741,
				0.444,
				0,
				0.667,
				0,
				1,
				1,
				0,
				1.333,
				1,
				1.667,
				1,
				1,
				2,
				1,
				2.333,
				0,
				2.667,
				0,
				1,
				3,
				0,
				3.333,
				1,
				3.667,
				1,
				1,
				4,
				1,
				4.333,
				0,
				4.667,
				0,
				1,
				5,
				0,
				5.333,
				1,
				5.667,
				1,
				1,
				5.778,
				1,
				5.889,
				0.741,
				6,
				0.741
			]
		},
		{
			"Target": "Parameter",
			"Id": "Param14",
			"Segments": [
				0,
				0.926,
				1,
				0.278,
				0.926,
				0.556,
				0,
				0.833,
				0,
				1,
				1.167,
				0,
				1.5,
				1,
				1.833,
				1,
				1,
				2.167,
				1,
				2.5,
				0,
				2.833,
				0,
				1,
				3.167,
				0,
				3.5,
				1,
				3.833,
				1,
				1,
				4.167,
				1,
				4.5,
				0,
				4.833,
				0,
				1,
				5.167,
				0,
				5.5,
				1,
				5.833,
				1,
				1,
				5.889,
				1,
				5.944,
				0.926,
				6,
				0.926
			]
		},
		{
			"Target": "Parameter",
			"Id": "Param15",
			"Segments": [
				0,
				1,
				1,
				0.333,
				1,
				0.667,
				0,
				1,
				0,
				1,
				1.333,
				0,
				1.667,
				1,
				2,
				1,
				1,
				2.333,
				1,
				2.667,
				0,
				3,
				0,
				1,
				3.333,
				0,
				3.667,
				1,
				4,
				1,
				1,
				4.333,
				1,
				4.667,
				0,
				5,
				0,
				1,
				5.333,
				0,
				5.667,
				1,
				6,
				1
			]
		},
		{
			"Target": "Parameter",
			"Id": "Param16",
			"Segments": [
				0,
				0.926,
				1,
				0.056,
				0.926,
				0.111,
				1,
				0.167,
				1,
				1,
				0.5,
				1,
				0.833,
				0,
				1.167,
				0,
				1,
				1.5,
				0,
				1.833,
				1,
				2.167,
				1,
				1,
				2.5,
				1,
				2.833,
				0,
				3.167,
				0,
				1,
				3.5,
				0,
				3.833,
				1,
				4.167,
				1,
				1,
				4.5,
				1,
				4.833,
				0,
				5.167,
				0,
				1,
				5.444,
				0,
				5.722,
				0.926,
				6,
				0.926
			]
		},
		{
			"Target": "Parameter",
			"Id": "Param17",
			"Segments": [
				0,
				0.741,
				1,
				0.111,
				0.741,
				0.222,
				1,
				0.333,
				1,
				1,
				0.667,
				1,
				1,
				0,
				1.333,
				0,
				1,
				1.667,
				0,
				2,
				1,
				2.333,
				1,
				1,
				2.667,
				1,
				3,
				0,
				3.333,
				0,
				1,
				3.667,
				0,
				4,
				1,
				4.333,
				1,
				1,
				4.667,
				1,
				5,
				0,
				5.333,
				0,
				1,
				5.556,
				0,
				5.778,
				0.741,
				6,
				0.741
			]
		},
		{
			"Target": "Parameter",
			"Id": "Param18",
			"Segments": [
				0,
				0.5,
				1,
				0.167,
				0.5,
				0.333,
				1,
				0.5,
				1,
				1,
				0.833,
				1,
				1.167,
				0,
				1.5,
				0,
				1,
				1.833,
				0,
				2.167,
				1,
				2.5,
				1,
				1,
				2.833,
				1,
				3.167,
				0,
				3.5,
				0,
				1,
				3.833,
				0,
				4.167,
				1,
				4.5,
				1,
				1,
				4.833,
				1,
				5.167,
				0,
				5.5,
				0,
				1,
				5.667,
				0,
				5.833,
				0.5,
				6,
				0.5
			]
		},
		{
			"Target": "Parameter",
			"Id": "Param19",
			"Segments": [
				0,
				0.259,
				1,
				0.222,
				0.259,
				0.444,
				1,
				0.667,
				1,
				1,
				1,
				1,
				1.333,
				0,
				1.667,
				0,
				1,
				2,
				0,
				2.333,
				1,
				2.667,
				1,
				1,
				3,
				1,
				3.333,
				0,
				3.667,
				0,
				1,
				4,
				0,
				4.333,
				1,
				4.667,
				1,
				1,
				5,
				1,
				5.333,
				0,
				5.667,
				0,
				1,
				5.778,
				0,
				5.889,
				0.259,
				6,
				0.259
			]
		},
		{
			"Target": "Parameter",
			"Id": "Param20",
			"Segments": [
				0,
				0.074,
				1,
				0.278,
				0.074,
				0.556,
				1,
				0.833,
				1,
				1,
				1.167,
				1,
				1.5,
				0,
				1.833,
				0,
				1,
				2.167,
				0,
				2.5,
				1,
				2.833,
				1,
				1,
				3.167,
				1,
				3.5,
				0,
				3.833,
				0,
				1,
				4.167,
				0,
				4.5,
				1,
				4.833,
				1,
				1,
				5.167,
				1,
				5.5,
				0,
				5.833,
				0,
				1,
				5.889,
				0,
				5.944,
				0.074,
				6,
				0.074
			]
		},
		{
			"Target": "Parameter",
			"Id": "Param21",
			"Segments": [
				0,
				0,
				1,
				0.333,
				0,
				0.667,
				1,
				1,
				1,
				1,
				1.333,
				1,
				1.667,
				0,
				2,
				0,
				1,
				2.333,
				0,
				2.667,
				1,
				3,
				1,
				1,
				3.333,
				1,
				3.667,
				0,
				4,
				0,
				1,
				4.333,
				0,
				4.667,
				1,
				5,
				1,
				1,
				5.333,
				1,
				5.667,
				0,
				6,
				0
			]
		},
		{
			"Target": "Parameter",
			"Id": "Param22",
			"Segments": [
				0,
				0.074,
				1,
				0.056,
				0.074,
				0.111,
				0,
				0.167,
				0,
				1,
				0.5,
				0,
				0.833,
				1,
				1.167,
				1,
				1,
				1.5,
				1,
				1.833,
				0,
				2.167,
				0,
				1,
				2.5,
				0,
				2.833,
				1,
				3.167,
				1,
				1,
				3.5,
				1,
				3.833,
				0,
				4.167,
				0,
				1,
				4.5,
				0,
				4.833,
				1,
				5.167,
				1,
				1,
				5.444,
				1,
				5.722,
				0.074,
				6,
				0.074
			]
		},
		{
			"Target": "Parameter",
			"Id": "Param23",
			"Segments": [
				0,
				0.259,
				1,
				0.111,
				0.259,
				0.222,
				0,
				0.333,
				0,
				1,
				0.667,
				0,
				1,
				1,
				1.333,
				1,
				1,
				1.667,
				1,
				2,
				0,
				2.333,
				0,
				1,
				2.667,
				0,
				3,
				1,
				3.333,
				1,
				1,
				3.667,
				1,
				4,
				0,
				4.333,
				0,
				1,
				4.667,
				0,
				5,
				1,
				5.333,
				1,
				1,
				5.556,
				1,
				5.778,
				0.259,
				6,
				0.259
			]
		},
		{
			"Target": "Parameter",
			"Id": "Param24",
			"Segments": [
				0,
				0.5,
				1,
				0.167,
				0.5,
				0.333,
				0,
				0.5,
				0,
				1,
				0.833,
				0,
				1.167,
				1,
				1.5,
				1,
				1,
				1.833,
				1,
				2.167,
				0,
				2.5,
				0,
				1,
				2.833,
				0,
				3.167,
				1,
				3.5,
				1,
				1,
				3.833,
				1,
				4.167,
				0,
				4.5,
				0,
				1,
				4.833,
				0,
				5.167,
				1,
				5.5,
				1,
				1,
				5.667,
				1,
				5.833,
				0.5,
				6,
				0.5
			]
		},
		{
			"Target": "Parameter",
			"Id": "Param25",
			"Segments": [
				0,
				0.741,
				1,
				0.222,
				0.741,
				0.444,
				0,
				0.667,
				0,
				1,
				1,
				0,
				1.333,
				1,
				1.667,
				1,
				1,
				2,
				1,
				2.333,
				0,
				2.667,
				0,
				1,
				3,
				0,
				3.333,
				1,
				3.667,
				1,
				1,
				4,
				1,
				4.333,
				0,
				4.667,
				0,
				1,
				5,
				0,
				5.333,
				1,
				5.667,
				1,
				1,
				5.778,
				1,
				5.889,
				0.741,
				6,
				0.741
			]
		},
		{
			"Target": "Parameter",
			"Id": "Param26",
			"Segments": [
				0,
				0.926,
				1,
				0.278,
				0.926,
				0.556,
				0,
				0.833,
				0,
				1,
				1.167,
				0,
				1.5,
				1,
				1.833,
				1,
				1,
				2.167,
				1,
				2.5,
				0,
				2.833,
				0,
				1,
				3.167,
				0,
				3.5,
				1,
				3.833,
				1,
				1,
				4.167,
				1,
				4.5,
				0,
				4.833,
				0,
				1,
				5.167,
				0,
				5.5,
				1,
				5.833,
				1,
				1,
				5.889,
				1,
				5.944,
				0.926,
				6,
				0.926
			]
		},
		{
			"Target": "Parameter",
			"Id": "Param27",
			"Segments": [
				0,
				1,
				1,
				0.333,
				1,
				0.667,
				0,
				1,
				0,
				1,
				1.333,
				0,
				1.667,
				1,
				2,
				1,
				1,
				2.333,
				1,
				2.667,
				0,
				3,
				0,
				1,
				3.333,
				0,
				3.667,
				1,
				4,
				1,
				1,
				4.333,
				1,
				4.667,
				0,
				5,
				0,
				1,
				5.333,
				0,
				5.667,
				1,
				6,
				1
			]
		},
		{
			"Target": "Parameter",
			"Id": "Param28",
			"Segments": [
				0,
				0.926,
				1,
				0.056,
				0.926,
				0.111,
				1,
				0.167,
				1,
				1,
				0.5,
				1,
				0.833,
				0,
				1.167,
				0,
				1,
				1.5,
				0,
				1.833,
				1,
				2.167,
				1,
				1,
				2.5,
				1,
				2.833,
				0,
				3.167,
				0,
				1,
				3.5,
				0,
				3.833,
				1,
				4.167,
				1,
				1,
				4.5,
				1,
				4.833,
				0,
				5.167,
				0,
				1,
				5.444,
				0,
				5.722,
				0.926,
				6,
				0.926
			]
		},
		{
			"Target": "Parameter",
			"Id": "Param29",
			"Segments": [
				0,
				0.741,
				1,
				0.111,
				0.741,
				0.222,
				1,
				0.333,
				1,
				1,
				0.667,
				1,
				1,
				0,
				1.333,
				0,
				1,
				1.667,
				0,
				2,
				1,
				2.333,
				1,
				1,
				2.667,
				1,
				3,
				0,
				3.333,
				0,
				1,
				3.667,
				0,
				4,
				1,
				4.333,
				1,
				1,
				4.667,
				1,
				5,
				0,
				5.333,
				0,
				1,
				5.556,
				0,
				5.778,
				0.741,
				6,
				0.741
			]
		},
		{
			"Target": "Parameter",
			"Id": "Param30",
			"Segments": [
				0,
				0.5,
				1,
				0.167,
				0.5,
				0.333,
				1,
				0.5,
				1,
				1,
				0.833,
				1,
				1.167,
				0,
				1.5,
				0,
				1,
				1.833,
				0,
				2.167,
				1,
				2.5,
				1,
				1,
				2.833,
				1,
				3.167,
				0,
				3.5,
				0,
				1,
				3.833,
				0,
				4.167,
				1,
				4.5,
				1,
				1,
				4.833,
				1,
				5.167,
				0,
				5.5,
				0,
				1,
				5.667,
				0,
				5.833,
				0.5,
				6,
				0.5
			]
		},
		{
			"Target": "Parameter",
			"Id": "Param31",
			"Segments": [
				0,
				0.259,
				1,
				0.222,
				0.259,
				0.444,
				1,
				0.667,
				1,
				1,
				1,
				1,
				1.333,
				0,
				1.667,
				0,
				1,
				2,
				0,
				2.333,
				1,
				2.667,
				1,
				1,
				3,
				1,
				3.333,
				0,
				3.667,
				0,
				1,
				4,
				0,
				4.333,
				1,
				4.667,
				1,
				1,
				5,
				1,
				5.333,
				0,
				5.667,
				0,
				1,
				5.778,
				0,
				5.889,
				0.259,
				6,
				0.259
			]
		},
		{
			"Target": "Parameter",
			"Id": "Param41",
			"Segments": [
				0,
				0,
				1,
				0.1,
				0,
				0.2,
				1,
				0.3,
				1,
				1,
				0.356,
				1,
				0.411,
				0.3,
				0.467,
				0.3,
				1,
				0.522,
				0.3,
				0.578,
				1,
				0.633,
				1,
				1,
				0.689,
				1,
				0.744,
				0.5,
				0.8,
				0.5,
				1,
				0.878,
				0.5,
				0.956,
				1,
				1.033,
				1,
				1,
				1.133,
				1,
				1.233,
				0,
				1.333,
				0,
				1,
				1.411,
				0,
				1.489,
				0.8,
				1.567,
				0.8,
				1,
				1.656,
				0.8,
				1.744,
				0.628,
				1.833,
				0.3,
				1,
				1.889,
				0.095,
				1.944,
				0,
				2,
				0,
				1,
				2.1,
				0,
				2.2,
				1,
				2.3,
				1,
				1,
				2.356,
				1,
				2.411,
				0.3,
				2.467,
				0.3,
				1,
				2.522,
				0.3,
				2.578,
				1,
				2.633,
				1,
				1,
				2.689,
				1,
				2.744,
				0.5,
				2.8,
				0.5,
				1,
				2.878,
				0.5,
				2.956,
				1,
				3.033,
				1,
				1,
				3.133,
				1,
				3.233,
				0,
				3.333,
				0,
				1,
				3.411,
				0,
				3.489,
				0.8,
				3.567,
				0.8,
				1,
				3.656,
				0.8,
				3.744,
				0.628,
				3.833,
				0.3,
				1,
				3.889,
				0.095,
				3.944,
				0,
				4,
				0,
				1,
				4.1,
				0,
				4.2,
				1,
				4.3,
				1,
				1,
				4.356,
				1,
				4.411,
				0.3,
				4.467,
				0.3,
				1,
				4.522,
				0.3,
				4.578,
				1,
				4.633,
				1,
				1,
				4.689,
				1,
				4.744,
				0.5,
				4.8,
				0.5,
				1,
				4.878,
				0.5,
				4.956,
				1,
				5.033,
				1,
				1,
				5.133,
				1,
				5.233,
				0,
				5.333,
				0,
				1,
				5.411,
				0,
				5.489,
				0.8,
				5.567,
				0.8,
				1,
				5.656,
				0.8,
				5.744,
				0.3,
				5.833,
				0.3,
				1,
				5.889,
				0.3,
				5.944,
				1,
				6,
				1
			]
		},
		{
			"Target": "Parameter",
			"Id": "Param42",
			"Segments": [
				0,
				0.5,
				1,
				0.078,
				0.5,
				0.156,
				1,
				0.233,
				1,
				1,
				0.333,
				1,
				0.433,
				0,
				0.533,
				0,
				1,
				0.611,
				0,
				0.689,
				0.8,
				0.767,
				0.8,
				1,
				0.856,
				0.8,
				0.944,
				0.3,
				1.033,
				0.3,
				1,
				1.089,
				0.3,
				1.144,
				1,
				1.2,
				1,
				1,
				1.3,
				1,
				1.4,
				1,
				1.5,
				1,
				1,
				1.556,
				1,
				1.611,
				0.3,
				1.667,
				0.3,
				1,
				1.722,
				0.3,
				1.778,
				1,
				1.833,
				1,
				1,
				1.889,
				1,
				1.944,
				0.5,
				2,
				0.5,
				1,
				2.078,
				0.5,
				2.156,
				1,
				2.233,
				1,
				1,
				2.333,
				1,
				2.433,
				0,
				2.533,
				0,
				1,
				2.611,
				0,
				2.689,
				0.8,
				2.767,
				0.8,
				1,
				2.856,
				0.8,
				2.944,
				0.628,
				3.033,
				0.3,
				1,
				3.089,
				0.095,
				3.144,
				0,
				3.2,
				0,
				1,
				3.3,
				0,
				3.4,
				1,
				3.5,
				1,
				1,
				3.556,
				1,
				3.611,
				0.3,
				3.667,
				0.3,
				1,
				3.722,
				0.3,
				3.778,
				1,
				3.833,
				1,
				1,
				3.889,
				1,
				3.944,
				0.5,
				4,
				0.5,
				1,
				4.078,
				0.5,
				4.156,
				1,
				4.233,
				1,
				1,
				4.333,
				1,
				4.433,
				0,
				4.533,
				0,
				1,
				4.611,
				0,
				4.689,
				0.8,
				4.767,
				0.8,
				1,
				4.856,
				0.8,
				4.944,
				0.628,
				5.033,
				0.3,
				1,
				5.089,
				0.095,
				5.144,
				0,
				5.2,
				0,
				1,
				5.3,
				0,
				5.4,
				1,
				5.5,
				1,
				1,
				5.556,
				1,
				5.611,
				0.3,
				5.667,
				0.3,
				1,
				5.722,
				0.3,
				5.778,
				1,
				5.833,
				1,
				1,
				5.889,
				1,
				5.944,
				0.5,
				6,
				0.5
			]
		},
		{
			"Target": "Parameter",
			"Id": "Param32",
			"Segments": [
				0,
				0,
				1,
				0.1,
				0,
				0.2,
				1,
				0.3,
				1,
				1,
				0.356,
				1,
				0.411,
				0.3,
				0.467,
				0.3,
				1,
				0.522,
				0.3,
				0.578,
				1,
				0.633,
				1,
				1,
				0.689,
				1,
				0.744,
				0.5,
				0.8,
				0.5,
				1,
				0.878,
				0.5,
				0.956,
				1,
				1.033,
				1,
				1,
				1.133,
				1,
				1.233,
				0,
				1.333,
				0,
				1,
				1.411,
				0,
				1.489,
				0.8,
				1.567,
				0.8,
				1,
				1.656,
				0.8,
				1.744,
				0.628,
				1.833,
				0.3,
				1,
				1.889,
				0.095,
				1.944,
				0,
				2,
				0,
				1,
				2.1,
				0,
				2.2,
				1,
				2.3,
				1,
				1,
				2.356,
				1,
				2.411,
				0.3,
				2.467,
				0.3,
				1,
				2.522,
				0.3,
				2.578,
				1,
				2.633,
				1,
				1,
				2.689,
				1,
				2.744,
				0.5,
				2.8,
				0.5,
				1,
				2.878,
				0.5,
				2.956,
				1,
				3.033,
				1,
				1,
				3.133,
				1,
				3.233,
				0,
				3.333,
				0,
				1,
				3.411,
				0,
				3.489,
				0.8,
				3.567,
				0.8,
				1,
				3.656,
				0.8,
				3.744,
				0.628,
				3.833,
				0.3,
				1,
				3.889,
				0.095,
				3.944,
				0,
				4,
				0,
				1,
				4.1,
				0,
				4.2,
				1,
				4.3,
				1,
				1,
				4.356,
				1,
				4.411,
				0.3,
				4.467,
				0.3,
				1,
				4.522,
				0.3,
				4.578,
				1,
				4.633,
				1,
				1,
				4.689,
				1,
				4.744,
				0.5,
				4.8,
				0.5,
				1,
				4.878,
				0.5,
				4.956,
				1,
				5.033,
				1,
				1,
				5.133,
				1,
				5.233,
				0,
				5.333,
				0,
				1,
				5.411,
				0,
				5.489,
				0.8,
				5.567,
				0.8,
				1,
				5.656,
				0.8,
				5.744,
				0.3,
				5.833,
				0.3,
				1,
				5.889,
				0.3,
				5.944,
				1,
				6,
				1
			]
		},
		{
			"Target": "Parameter",
			"Id": "Param33",
			"Segments": [
				0,
				0,
				1,
				0.078,
				0,
				0.156,
				0.8,
				0.233,
				0.8,
				1,
				0.322,
				0.8,
				0.411,
				0.3,
				0.5,
				0.3,
				1,
				0.556,
				0.3,
				0.611,
				1,
				0.667,
				1,
				1,
				0.822,
				1,
				0.978,
				0.3,
				1.133,
				0.3,
				1,
				1.189,
				0.3,
				1.244,
				1,
				1.3,
				1,
				1,
				1.356,
				1,
				1.411,
				0.5,
				1.467,
				0.5,
				1,
				1.544,
				0.5,
				1.622,
				1,
				1.7,
				1,
				1,
				1.8,
				1,
				1.9,
				0,
				2,
				0,
				1,
				2.078,
				0,
				2.156,
				0.8,
				2.233,
				0.8,
				1,
				2.322,
				0.8,
				2.411,
				0.628,
				2.5,
				0.3,
				1,
				2.556,
				0.095,
				2.611,
				0,
				2.667,
				0,
				1,
				2.767,
				0,
				2.867,
				1,
				2.967,
				1,
				1,
				3.022,
				1,
				3.078,
				0.3,
				3.133,
				0.3,
				1,
				3.189,
				0.3,
				3.244,
				1,
				3.3,
				1,
				1,
				3.356,
				1,
				3.411,
				0.5,
				3.467,
				0.5,
				1,
				3.544,
				0.5,
				3.622,
				1,
				3.7,
				1,
				1,
				3.8,
				1,
				3.9,
				0,
				4,
				0,
				1,
				4.078,
				0,
				4.156,
				0.8,
				4.233,
				0.8,
				1,
				4.322,
				0.8,
				4.411,
				0.628,
				4.5,
				0.3,
				1,
				4.556,
				0.095,
				4.611,
				0,
				4.667,
				0,
				1,
				4.767,
				0,
				4.867,
				1,
				4.967,
				1,
				1,
				5.022,
				1,
				5.078,
				0.3,
				5.133,
				0.3,
				1,
				5.189,
				0.3,
				5.244,
				1,
				5.3,
				1,
				1,
				5.356,
				1,
				5.411,
				0.5,
				5.467,
				0.5,
				1,
				5.544,
				0.5,
				5.622,
				1,
				5.7,
				1,
				1,
				5.8,
				1,
				5.9,
				0,
				6,
				0
			]
		},
		{
			"Target": "Parameter",
			"Id": "Param34",
			"Segments": [
				0,
				1,
				1,
				0.1,
				1,
				0.2,
				0,
				0.3,
				0,
				1,
				0.378,
				0,
				0.456,
				0.8,
				0.533,
				0.8,
				1,
				0.622,
				0.8,
				0.711,
				0.3,
				0.8,
				0.3,
				1,
				0.856,
				0.3,
				0.911,
				1,
				0.967,
				1,
				1,
				1.067,
				1,
				1.167,
				1,
				1.267,
				1,
				1,
				1.322,
				1,
				1.378,
				0.3,
				1.433,
				0.3,
				1,
				1.489,
				0.3,
				1.544,
				1,
				1.6,
				1,
				1,
				1.656,
				1,
				1.711,
				0.5,
				1.767,
				0.5,
				1,
				1.844,
				0.5,
				1.922,
				1,
				2,
				1,
				1,
				2.1,
				1,
				2.2,
				0,
				2.3,
				0,
				1,
				2.378,
				0,
				2.456,
				0.8,
				2.533,
				0.8,
				1,
				2.622,
				0.8,
				2.711,
				0.628,
				2.8,
				0.3,
				1,
				2.856,
				0.095,
				2.911,
				0,
				2.967,
				0,
				1,
				3.067,
				0,
				3.167,
				1,
				3.267,
				1,
				1,
				3.322,
				1,
				3.378,
				0.3,
				3.433,
				0.3,
				1,
				3.489,
				0.3,
				3.544,
				1,
				3.6,
				1,
				1,
				3.656,
				1,
				3.711,
				0.5,
				3.767,
				0.5,
				1,
				3.844,
				0.5,
				3.922,
				1,
				4,
				1,
				1,
				4.1,
				1,
				4.2,
				0,
				4.3,
				0,
				1,
				4.378,
				0,
				4.456,
				0.8,
				4.533,
				0.8,
				1,
				4.622,
				0.8,
				4.711,
				0.628,
				4.8,
				0.3,
				1,
				4.856,
				0.095,
				4.911,
				0,
				4.967,
				0,
				1,
				5.067,
				0,
				5.167,
				1,
				5.267,
				1,
				1,
				5.322,
				1,
				5.378,
				0.3,
				5.433,
				0.3,
				1,
				5.489,
				0.3,
				5.544,
				1,
				5.6,
				1,
				1,
				5.656,
				1,
				5.711,
				0.5,
				5.767,
				0.5,
				1,
				5.844,
				0.5,
				5.922,
				1,
				6,
				1
			]
		},
		{
			"Target": "Parameter",
			"Id": "Param35",
			"Segments": [
				0,
				0,
				1,
				0.144,
				0,
				0.289,
				1,
				0.433,
				1,
				1,
				0.678,
				1,
				0.922,
				0,
				1.167,
				0,
				1,
				1.478,
				0,
				1.789,
				1,
				2.1,
				1,
				1,
				2.456,
				1,
				2.811,
				0,
				3.167,
				0,
				1,
				3.522,
				0,
				3.878,
				1,
				4.233,
				1,
				1,
				4.589,
				1,
				4.944,
				0,
				5.3,
				0,
				1,
				5.378,
				0,
				5.456,
				1,
				5.533,
				1,
				1,
				5.689,
				1,
				5.844,
				0,
				6,
				0
			]
		},
		{
			"Target": "Parameter",
			"Id": "Param40",
			"Segments": [
				0,
				0,
				1,
				0.333,
				0,
				0.667,
				1,
				1,
				1,
				1,
				1.333,
				1,
				1.667,
				0,
				2,
				0,
				1,
				2.333,
				0,
				2.667,
				1,
				3,
				1,
				1,
				3.333,
				1,
				3.667,
				0,
				4,
				0,
				1,
				4.333,
				0,
				4.667,
				1,
				5,
				1,
				1,
				5.333,
				1,
				5.667,
				0,
				6,
				0
			]
		},
		{
			"Target": "Parameter",
			"Id": "Param43",
			"Segments": [
				0,
				0.582,
				1,
				0.167,
				0.582,
				0.333,
				0,
				0.5,
				0,
				1,
				1.389,
				0,
				2.278,
				1.571,
				3.167,
				4,
				1,
				3.489,
				4.88,
				3.811,
				5.06,
				4.133,
				5.06,
				1,
				4.756,
				5.06,
				5.378,
				0.582,
				6,
				0.582
			]
		},
		{
			"Target": "Parameter",
			"Id": "Param44",
			"Segments": [
				0,
				0.931,
				1,
				0.167,
				0.931,
				0.333,
				0,
				0.5,
				0,
				1,
				1.389,
				0,
				2.278,
				1.254,
				3.167,
				5,
				1,
				3.489,
				6.358,
				3.811,
				8.1,
				4.133,
				8.1,
				1,
				4.756,
				8.1,
				5.378,
				0.931,
				6,
				0.931
			]
		},
		{
			"Target": "Parameter",
			"Id": "Param45",
			"Segments": [
				0,
				0.161,
				1,
				0.167,
				0.161,
				0.333,
				0,
				0.5,
				0,
				1,
				1.522,
				0,
				2.544,
				0,
				3.567,
				0,
				1,
				3.889,
				0,
				4.211,
				1,
				4.533,
				1,
				1,
				5.022,
				1,
				5.511,
				0.161,
				6,
				0.161
			]
		},
		{
			"Target": "Parameter",
			"Id": "Param46",
			"Segments": [
				0,
				2.257,
				1,
				0.167,
				2.257,
				0.333,
				0,
				0.5,
				0,
				1,
				1.522,
				0,
				2.544,
				5.416,
				3.567,
				12,
				1,
				3.889,
				14.076,
				4.211,
				14,
				4.533,
				14,
				1,
				5.022,
				14,
				5.511,
				2.257,
				6,
				2.257
			]
		},
		{
			"Target": "Parameter",
			"Id": "Param_Angle_Rotation2",
			"Segments": [
				0,
				-1.175,
				1,
				0.333,
				-1.175,
				0.667,
				-0.568,
				1,
				0,
				1,
				1.5,
				0.852,
				2,
				1.08,
				2.5,
				1.08,
				1,
				3,
				1.08,
				3.5,
				-3.34,
				4,
				-3.34,
				1,
				4.167,
				-3.34,
				4.333,
				-3.34,
				4.5,
				-3.34,
				1,
				5,
				-3.34,
				5.5,
				-1.175,
				6,
				-1.175
			]
		},
		{
			"Target": "Parameter",
			"Id": "Param_Angle_Rotation3",
			"Segments": [
				0,
				-1.181,
				1,
				0.333,
				-1.181,
				0.667,
				-0.444,
				1,
				0,
				1,
				1.567,
				0.754,
				2.133,
				0.9,
				2.7,
				0.9,
				1,
				3.2,
				0.9,
				3.7,
				-0.536,
				4.2,
				-2.333,
				1,
				4.367,
				-2.932,
				4.533,
				-2.933,
				4.7,
				-2.933,
				1,
				5.133,
				-2.933,
				5.567,
				-1.181,
				6,
				-1.181
			]
		},
		{
			"Target": "Parameter",
			"Id": "Param_Angle_Rotation4",
			"Segments": [
				0,
				-1.651,
				1,
				0.333,
				-1.651,
				0.667,
				-0.778,
				1,
				0,
				1,
				1.633,
				1.478,
				2.267,
				1.92,
				2.9,
				1.92,
				1,
				3.4,
				1.92,
				3.9,
				1.285,
				4.4,
				-1.038,
				1,
				4.567,
				-1.812,
				4.733,
				-3.558,
				4.9,
				-3.558,
				1,
				5.267,
				-3.558,
				5.633,
				-1.651,
				6,
				-1.651
			]
		},
		{
			"Target": "Parameter",
			"Id": "Param_Angle_Rotation5",
			"Segments": [
				0,
				-2.783,
				1,
				0.333,
				-2.783,
				0.667,
				-1.126,
				1,
				0,
				1,
				1.678,
				2.29,
				2.356,
				2.88,
				3.033,
				2.88,
				1,
				3.533,
				2.88,
				4.033,
				2.011,
				4.533,
				-1.347,
				1,
				4.7,
				-2.466,
				4.867,
				-5.427,
				5.033,
				-5.427,
				1,
				5.356,
				-5.427,
				5.678,
				-2.783,
				6,
				-2.783
			]
		},
		{
			"Target": "Parameter",
			"Id": "Param_Angle_Rotation20",
			"Segments": [
				0,
				0.191,
				1,
				0.167,
				0.191,
				0.333,
				0.115,
				0.5,
				0,
				1,
				1,
				-0.344,
				1.5,
				-0.5,
				2,
				-0.5,
				1,
				2.5,
				-0.5,
				3,
				0.388,
				3.5,
				1.48,
				1,
				3.667,
				1.844,
				3.833,
				1.84,
				4,
				1.84,
				1,
				4.667,
				1.84,
				5.333,
				0.191,
				6,
				0.191
			]
		},
		{
			"Target": "Parameter",
			"Id": "Param_Angle_Rotation21",
			"Segments": [
				0,
				0.61,
				1,
				0.167,
				0.61,
				0.333,
				0.354,
				0.5,
				0,
				1,
				1.067,
				-1.204,
				1.633,
				-1.74,
				2.2,
				-1.74,
				1,
				2.7,
				-1.74,
				3.2,
				-0.731,
				3.7,
				2.4,
				1,
				3.867,
				3.444,
				4.033,
				5.04,
				4.2,
				5.04,
				1,
				4.8,
				5.04,
				5.4,
				0.61,
				6,
				0.61
			]
		},
		{
			"Target": "Parameter",
			"Id": "Param_Angle_Rotation22",
			"Segments": [
				0,
				0.875,
				1,
				0.167,
				0.875,
				0.333,
				0.803,
				0.5,
				0,
				1,
				1.144,
				-3.104,
				1.789,
				-5.16,
				2.433,
				-5.16,
				1,
				2.933,
				-5.16,
				3.433,
				-2.309,
				3.933,
				3.24,
				1,
				4.1,
				5.09,
				4.267,
				5.94,
				4.433,
				5.94,
				1,
				4.956,
				5.94,
				5.478,
				0.875,
				6,
				0.875
			]
		},
		{
			"Target": "Parameter",
			"Id": "Param_Angle_Rotation23",
			"Segments": [
				0,
				2.056,
				1,
				0.167,
				2.056,
				0.333,
				1.147,
				0.5,
				0,
				1,
				1.2,
				-4.819,
				1.9,
				-6.96,
				2.6,
				-6.96,
				1,
				3.1,
				-6.96,
				3.6,
				-5.375,
				4.1,
				1.26,
				1,
				4.267,
				3.472,
				4.433,
				12,
				4.6,
				12,
				1,
				5.067,
				12,
				5.533,
				2.056,
				6,
				2.056
			]
		},
		{
			"Target": "Parameter",
			"Id": "Param_Angle_Rotation24",
			"Segments": [
				0,
				0,
				1,
				0.5,
				0,
				1,
				-0.06,
				1.5,
				-0.06,
				1,
				2,
				-0.06,
				2.5,
				0.136,
				3,
				0.66,
				1,
				3.167,
				0.835,
				3.333,
				1.02,
				3.5,
				1.02,
				1,
				4.333,
				1.02,
				5.167,
				0,
				6,
				0
			]
		},
		{
			"Target": "Parameter",
			"Id": "Param_Angle_Rotation25",
			"Segments": [
				0,
				0,
				1,
				0.6,
				0,
				1.2,
				-1.44,
				1.8,
				-1.44,
				1,
				2.3,
				-1.44,
				2.8,
				-0.077,
				3.3,
				1.68,
				1,
				3.467,
				2.266,
				3.633,
				2.28,
				3.8,
				2.28,
				1,
				4.533,
				2.28,
				5.267,
				0,
				6,
				0
			]
		},
		{
			"Target": "Parameter",
			"Id": "Param_Angle_Rotation26",
			"Segments": [
				0,
				0,
				1,
				0.678,
				0,
				1.356,
				-2.64,
				2.033,
				-2.64,
				1,
				2.533,
				-2.64,
				3.033,
				0.23,
				3.533,
				2.16,
				1,
				3.9,
				3.575,
				4.267,
				3.54,
				4.633,
				3.54,
				1,
				5.089,
				3.54,
				5.544,
				0,
				6,
				0
			]
		},
		{
			"Target": "Parameter",
			"Id": "Param_Angle_Rotation27",
			"Segments": [
				0,
				0,
				1,
				0.5,
				0,
				1,
				-0.9,
				1.5,
				-0.9,
				1,
				2,
				-0.9,
				2.5,
				-0.38,
				3,
				0.48,
				1,
				3.167,
				0.767,
				3.333,
				0.84,
				3.5,
				0.84,
				1,
				4.333,
				0.84,
				5.167,
				0,
				6,
				0
			]
		},
		{
			"Target": "Parameter",
			"Id": "Param_Angle_Rotation28",
			"Segments": [
				0,
				0,
				1,
				0.589,
				0,
				1.178,
				-3.36,
				1.767,
				-3.36,
				1,
				2.267,
				-3.36,
				2.767,
				-1.705,
				3.267,
				1.38,
				1,
				3.433,
				2.408,
				3.6,
				2.82,
				3.767,
				2.82,
				1,
				4.511,
				2.82,
				5.256,
				0,
				6,
				0
			]
		},
		{
			"Target": "Parameter",
			"Id": "Param_Angle_Rotation29",
			"Segments": [
				0,
				0,
				1,
				0.678,
				0,
				1.356,
				-4.44,
				2.033,
				-4.44,
				1,
				2.533,
				-4.44,
				3.033,
				-1.14,
				3.533,
				3.54,
				1,
				3.8,
				6.036,
				4.067,
				6.6,
				4.333,
				6.6,
				1,
				4.889,
				6.6,
				5.444,
				0,
				6,
				0
			]
		},
		{
			"Target": "Parameter",
			"Id": "Param_Angle_Rotation30",
			"Segments": [
				0,
				0,
				1,
				0.5,
				0,
				1,
				-1.26,
				1.5,
				-1.26,
				1,
				2,
				-1.26,
				2.5,
				-0.78,
				3,
				0.18,
				1,
				3.167,
				0.5,
				3.333,
				0.66,
				3.5,
				0.66,
				1,
				4.333,
				0.66,
				5.167,
				0,
				6,
				0
			]
		},
		{
			"Target": "Parameter",
			"Id": "Param_Angle_Rotation31",
			"Segments": [
				0,
				0,
				1,
				0.578,
				0,
				1.156,
				-3.6,
				1.733,
				-3.6,
				1,
				2.233,
				-3.6,
				2.733,
				-1.486,
				3.233,
				1.74,
				1,
				3.4,
				2.815,
				3.567,
				3,
				3.733,
				3,
				1,
				4.489,
				3,
				5.244,
				0,
				6,
				0
			]
		},
		{
			"Target": "Parameter",
			"Id": "Param_Angle_Rotation32",
			"Segments": [
				0,
				0,
				1,
				0.656,
				0,
				1.311,
				-6.54,
				1.967,
				-6.54,
				1,
				2.467,
				-6.54,
				2.967,
				-1.516,
				3.467,
				3.18,
				1,
				3.711,
				5.476,
				3.956,
				5.4,
				4.2,
				5.4,
				1,
				4.8,
				5.4,
				5.4,
				0,
				6,
				0
			]
		},
		{
			"Target": "Parameter",
			"Id": "Param_Angle_Rotation33",
			"Segments": [
				0,
				0,
				1,
				0.5,
				0,
				1,
				-1.14,
				1.5,
				-1.14,
				1,
				2,
				-1.14,
				2.5,
				-0.535,
				3,
				0.3,
				1,
				3.167,
				0.578,
				3.333,
				0.6,
				3.5,
				0.6,
				1,
				4.333,
				0.6,
				5.167,
				0,
				6,
				0
			]
		},
		{
			"Target": "Parameter",
			"Id": "Param_Angle_Rotation34",
			"Segments": [
				0,
				0,
				1,
				0.611,
				0,
				1.222,
				-0.06,
				1.833,
				-0.06,
				1,
				2.333,
				-0.06,
				2.833,
				0.492,
				3.333,
				2.46,
				1,
				3.5,
				3.116,
				3.667,
				4.5,
				3.833,
				4.5,
				1,
				4.556,
				4.5,
				5.278,
				0,
				6,
				0
			]
		},
		{
			"Target": "Parameter",
			"Id": "Param_Angle_Rotation35",
			"Segments": [
				0,
				0,
				1,
				0.689,
				0,
				1.378,
				-4.26,
				2.067,
				-4.26,
				1,
				2.567,
				-4.26,
				3.067,
				-0.2,
				3.567,
				4.62,
				1,
				3.9,
				7.833,
				4.233,
				8.4,
				4.567,
				8.4,
				1,
				5.044,
				8.4,
				5.522,
				0,
				6,
				0
			]
		},
		{
			"Target": "Parameter",
			"Id": "Param_Angle_Rotation36",
			"Segments": [
				0,
				0,
				1,
				0.5,
				0,
				1,
				-2.34,
				1.5,
				-2.34,
				1,
				2,
				-2.34,
				2.5,
				-0.988,
				3,
				0.66,
				1,
				3.167,
				1.209,
				3.333,
				1.2,
				3.5,
				1.2,
				1,
				4.333,
				1.2,
				5.167,
				0,
				6,
				0
			]
		},
		{
			"Target": "Parameter",
			"Id": "Param_Angle_Rotation37",
			"Segments": [
				0,
				0,
				1,
				0.589,
				0,
				1.178,
				-2.34,
				1.767,
				-2.34,
				1,
				2.267,
				-2.34,
				2.767,
				-1.073,
				3.267,
				1.68,
				1,
				3.433,
				2.598,
				3.6,
				3.18,
				3.767,
				3.18,
				1,
				4.511,
				3.18,
				5.256,
				0,
				6,
				0
			]
		},
		{
			"Target": "Parameter",
			"Id": "Param_Angle_Rotation38",
			"Segments": [
				0,
				0,
				1,
				0.689,
				0,
				1.378,
				-4.14,
				2.067,
				-4.14,
				1,
				2.567,
				-4.14,
				3.067,
				-1.054,
				3.567,
				3.6,
				1,
				3.844,
				6.186,
				4.122,
				6.9,
				4.4,
				6.9,
				1,
				4.933,
				6.9,
				5.467,
				0,
				6,
				0
			]
		},
		{
			"Target": "Parameter",
			"Id": "Param_Angle_Rotation39",
			"Segments": [
				0,
				0,
				1,
				0.5,
				0,
				1,
				-3.12,
				1.5,
				-3.12,
				1,
				2,
				-3.12,
				2.5,
				-0.656,
				3,
				4.5,
				1,
				3.167,
				6.219,
				3.333,
				7.2,
				3.5,
				7.2,
				1,
				4.333,
				7.2,
				5.167,
				0,
				6,
				0
			]
		},
		{
			"Target": "Parameter",
			"Id": "Param_Angle_Rotation40",
			"Segments": [
				0,
				0,
				1,
				0.611,
				0,
				1.222,
				-11.76,
				1.833,
				-11.76,
				1,
				2.333,
				-11.76,
				2.833,
				-4.965,
				3.333,
				6.3,
				1,
				3.5,
				10.055,
				3.667,
				11.04,
				3.833,
				11.04,
				1,
				4.556,
				11.04,
				5.278,
				0,
				6,
				0
			]
		},
		{
			"Target": "Parameter",
			"Id": "Param_Angle_Rotation6",
			"Segments": [
				0,
				0.739,
				1,
				0.333,
				0.739,
				0.667,
				0.468,
				1,
				0,
				1,
				1.5,
				-0.702,
				2,
				-1.02,
				2.5,
				-1.02,
				1,
				3,
				-1.02,
				3.5,
				-0.027,
				4,
				2.1,
				1,
				4.167,
				2.809,
				4.333,
				3.24,
				4.5,
				3.24,
				1,
				5,
				3.24,
				5.5,
				0.739,
				6,
				0.739
			]
		},
		{
			"Target": "Parameter",
			"Id": "Param_Angle_Rotation7",
			"Segments": [
				0,
				1.257,
				1,
				0.333,
				1.257,
				0.667,
				0.766,
				1,
				0,
				1,
				1.567,
				-1.302,
				2.133,
				-1.86,
				2.7,
				-1.86,
				1,
				3.2,
				-1.86,
				3.7,
				-0.851,
				4.2,
				2.22,
				1,
				4.367,
				3.244,
				4.533,
				4.74,
				4.7,
				4.74,
				1,
				5.133,
				4.74,
				5.567,
				1.257,
				6,
				1.257
			]
		},
		{
			"Target": "Parameter",
			"Id": "Param_Angle_Rotation8",
			"Segments": [
				0,
				1.587,
				1,
				0.333,
				1.587,
				0.667,
				1.591,
				1,
				0,
				1,
				1.633,
				-3.023,
				2.267,
				-6.18,
				2.9,
				-6.18,
				1,
				3.4,
				-6.18,
				3.9,
				-2.572,
				4.4,
				1.92,
				1,
				4.567,
				3.417,
				4.733,
				3.42,
				4.9,
				3.42,
				1,
				5.267,
				3.42,
				5.633,
				1.587,
				6,
				1.587
			]
		},
		{
			"Target": "Parameter",
			"Id": "Param_Angle_Rotation9",
			"Segments": [
				0,
				3.248,
				1,
				0.333,
				3.248,
				0.667,
				3.257,
				1,
				0,
				1,
				1.689,
				-6.73,
				2.378,
				-13.44,
				3.067,
				-13.44,
				1,
				3.567,
				-13.44,
				4.067,
				-9.246,
				4.567,
				0.48,
				1,
				4.733,
				3.722,
				4.9,
				6.18,
				5.067,
				6.18,
				1,
				5.378,
				6.18,
				5.689,
				3.248,
				6,
				3.248
			]
		},
		{
			"Target": "Parameter",
			"Id": "Param_Angle_Rotation10",
			"Segments": [
				0,
				0,
				1,
				0.5,
				0,
				1,
				0,
				1.5,
				0,
				1,
				2,
				0,
				2.5,
				0,
				3,
				0,
				1,
				3.167,
				0,
				3.333,
				0,
				3.5,
				0,
				1,
				4.333,
				0,
				5.167,
				0,
				6,
				0
			]
		},
		{
			"Target": "Parameter",
			"Id": "Param_Angle_Rotation11",
			"Segments": [
				0,
				0,
				1,
				0.589,
				0,
				1.178,
				-2.04,
				1.767,
				-2.04,
				1,
				2.267,
				-2.04,
				2.767,
				-0.754,
				3.267,
				0.96,
				1,
				3.433,
				1.531,
				3.6,
				1.56,
				3.767,
				1.56,
				1,
				4.511,
				1.56,
				5.256,
				0,
				6,
				0
			]
		},
		{
			"Target": "Parameter",
			"Id": "Param_Angle_Rotation12",
			"Segments": [
				0,
				0,
				1,
				0.656,
				0,
				1.311,
				-1.92,
				1.967,
				-1.92,
				1,
				2.467,
				-1.92,
				2.967,
				-0.93,
				3.467,
				1.08,
				1,
				3.633,
				1.75,
				3.8,
				2.1,
				3.967,
				2.1,
				1,
				4.644,
				2.1,
				5.322,
				0,
				6,
				0
			]
		},
		{
			"Target": "Parameter",
			"Id": "Param_Angle_Rotation13",
			"Segments": [
				0,
				0,
				1,
				0.5,
				0,
				1,
				-1.26,
				1.5,
				-1.26,
				1,
				2,
				-1.26,
				2.5,
				-0.701,
				3,
				0.66,
				1,
				3.167,
				1.114,
				3.333,
				1.5,
				3.5,
				1.5,
				1,
				4.333,
				1.5,
				5.167,
				0,
				6,
				0
			]
		},
		{
			"Target": "Parameter",
			"Id": "Param_Angle_Rotation14",
			"Segments": [
				0,
				0,
				1,
				0.622,
				0,
				1.244,
				-3.36,
				1.867,
				-3.36,
				1,
				2.367,
				-3.36,
				2.867,
				-1.602,
				3.367,
				2.34,
				1,
				3.533,
				3.654,
				3.7,
				4.56,
				3.867,
				4.56,
				1,
				4.578,
				4.56,
				5.289,
				0,
				6,
				0
			]
		},
		{
			"Target": "Parameter",
			"Id": "Param_Angle_Rotation15",
			"Segments": [
				0,
				0,
				1,
				0.744,
				0,
				1.489,
				-5.88,
				2.233,
				-5.88,
				1,
				2.733,
				-5.88,
				3.233,
				-3.305,
				3.733,
				3.9,
				1,
				3.9,
				6.302,
				4.067,
				9.24,
				4.233,
				9.24,
				1,
				4.822,
				9.24,
				5.411,
				0,
				6,
				0
			]
		},
		{
			"Target": "Parameter",
			"Id": "Param_Angle_Rotation16",
			"Segments": [
				0,
				0.125,
				1,
				0.167,
				0.125,
				0.333,
				0.219,
				0.5,
				0,
				1,
				1,
				-0.656,
				1.5,
				-2.16,
				2,
				-2.16,
				1,
				2.5,
				-2.16,
				3,
				-0.544,
				3.5,
				0.84,
				1,
				3.667,
				1.301,
				3.833,
				1.2,
				4,
				1.2,
				1,
				4.667,
				1.2,
				5.333,
				0.125,
				6,
				0.125
			]
		},
		{
			"Target": "Parameter",
			"Id": "Param_Angle_Rotation17",
			"Segments": [
				0,
				0.422,
				1,
				0.167,
				0.422,
				0.333,
				0.624,
				0.5,
				0,
				1,
				1.111,
				-2.289,
				1.722,
				-5.16,
				2.333,
				-5.16,
				1,
				2.833,
				-5.16,
				3.333,
				-2.72,
				3.833,
				1.38,
				1,
				4,
				2.747,
				4.167,
				3.12,
				4.333,
				3.12,
				1,
				4.889,
				3.12,
				5.444,
				0.422,
				6,
				0.422
			]
		},
		{
			"Target": "Parameter",
			"Id": "Param_Angle_Rotation18",
			"Segments": [
				0,
				1.245,
				1,
				0.167,
				1.245,
				0.333,
				0.657,
				0.5,
				0,
				1,
				1.233,
				-2.891,
				1.967,
				-4.14,
				2.7,
				-4.14,
				1,
				3.2,
				-4.14,
				3.7,
				-2.03,
				4.2,
				3.24,
				1,
				4.367,
				4.997,
				4.533,
				6.6,
				4.7,
				6.6,
				1,
				5.133,
				6.6,
				5.567,
				1.245,
				6,
				1.245
			]
		},
		{
			"Target": "Parameter",
			"Id": "Param_Angle_Rotation19",
			"Segments": [
				0,
				6.98,
				1,
				0.167,
				6.98,
				0.333,
				1.375,
				0.5,
				0,
				1,
				1.356,
				-7.057,
				2.211,
				-9.36,
				3.067,
				-9.36,
				1,
				3.567,
				-9.36,
				4.067,
				-4.671,
				4.567,
				6.66,
				1,
				4.833,
				12.703,
				5.1,
				16.92,
				5.367,
				16.92,
				1,
				5.578,
				16.92,
				5.789,
				6.98,
				6,
				6.98
			]
		},
		{
			"Target": "Parameter",
			"Id": "Param_Angle_Rotation41",
			"Segments": [
				0,
				0.486,
				1,
				0.333,
				0.486,
				0.667,
				0,
				1,
				0,
				1,
				1.5,
				0,
				2,
				0.3,
				2.5,
				0.3,
				1,
				3,
				0.3,
				3.5,
				0.18,
				4,
				0.18,
				1,
				4.167,
				0.18,
				4.333,
				0.253,
				4.5,
				0.3,
				1,
				5,
				0.441,
				5.5,
				0.486,
				6,
				0.486
			]
		},
		{
			"Target": "Parameter",
			"Id": "Param_Angle_Rotation42",
			"Segments": [
				0,
				-0.284,
				1,
				0.333,
				-0.284,
				0.667,
				-0.351,
				1,
				0,
				1,
				1.556,
				0.584,
				2.111,
				1.8,
				2.667,
				1.8,
				1,
				3.167,
				1.8,
				3.667,
				1.071,
				4.167,
				-0.18,
				1,
				4.333,
				-0.597,
				4.5,
				-0.72,
				4.667,
				-0.72,
				1,
				5.111,
				-0.72,
				5.556,
				-0.284,
				6,
				-0.284
			]
		},
		{
			"Target": "Parameter",
			"Id": "Param_Angle_Rotation43",
			"Segments": [
				0,
				-0.504,
				1,
				0.333,
				-0.504,
				0.667,
				-0.383,
				1,
				0,
				1,
				1.611,
				0.702,
				2.222,
				1.14,
				2.833,
				1.14,
				1,
				3.333,
				1.14,
				3.833,
				0.388,
				4.333,
				-0.72,
				1,
				4.5,
				-1.089,
				4.667,
				-1.14,
				4.833,
				-1.14,
				1,
				5.222,
				-1.14,
				5.611,
				-0.504,
				6,
				-0.504
			]
		},
		{
			"Target": "Parameter",
			"Id": "Param_Angle_Rotation44",
			"Segments": [
				0,
				-3.785,
				1,
				0.333,
				-3.785,
				0.667,
				-2.256,
				1,
				0,
				1,
				1.678,
				4.587,
				2.356,
				6.54,
				3.033,
				6.54,
				1,
				3.533,
				6.54,
				4.033,
				4.531,
				4.533,
				-1.8,
				1,
				4.7,
				-3.91,
				4.867,
				-7.38,
				5.033,
				-7.38,
				1,
				5.356,
				-7.38,
				5.678,
				-3.785,
				6,
				-3.785
			]
		},
		{
			"Target": "Parameter",
			"Id": "Param_Angle_Rotation45",
			"Segments": [
				0,
				-4.631,
				1,
				0.333,
				-4.631,
				0.667,
				-2.662,
				1,
				0,
				1,
				1.744,
				5.944,
				2.489,
				8.4,
				3.233,
				8.4,
				1,
				3.733,
				8.4,
				4.233,
				6.127,
				4.733,
				-1.14,
				1,
				4.9,
				-3.562,
				5.067,
				-7.74,
				5.233,
				-7.74,
				1,
				5.489,
				-7.74,
				5.744,
				-4.631,
				6,
				-4.631
			]
		},
		{
			"Target": "Parameter",
			"Id": "Param_Angle_Rotation46",
			"Segments": [
				0,
				-6.529,
				1,
				0.333,
				-6.529,
				0.667,
				-2.054,
				1,
				0,
				1,
				1.811,
				4.999,
				2.622,
				6.18,
				3.433,
				6.18,
				1,
				3.933,
				6.18,
				4.433,
				4.28,
				4.933,
				-2.34,
				1,
				5.1,
				-4.547,
				5.267,
				-9.3,
				5.433,
				-9.3,
				1,
				5.622,
				-9.3,
				5.811,
				-6.529,
				6,
				-6.529
			]
		},
		{
			"Target": "Parameter",
			"Id": "Param_Angle_Rotation47",
			"Segments": [
				0,
				0.676,
				1,
				0.333,
				0.676,
				0.667,
				0.548,
				1,
				0,
				1,
				1.5,
				-0.822,
				2,
				-1.44,
				2.5,
				-1.44,
				1,
				3,
				-1.44,
				3.5,
				-1.006,
				4,
				0.48,
				1,
				4.167,
				0.975,
				4.333,
				1.92,
				4.5,
				1.92,
				1,
				5,
				1.92,
				5.5,
				0.676,
				6,
				0.676
			]
		},
		{
			"Target": "Parameter",
			"Id": "Param_Angle_Rotation48",
			"Segments": [
				0,
				1.348,
				1,
				0.333,
				1.348,
				0.667,
				0.624,
				1,
				0,
				1,
				1.6,
				-1.123,
				2.2,
				-1.44,
				2.8,
				-1.44,
				1,
				3.3,
				-1.44,
				3.8,
				-0.888,
				4.3,
				1.08,
				1,
				4.467,
				1.736,
				4.633,
				3.12,
				4.8,
				3.12,
				1,
				5.2,
				3.12,
				5.6,
				1.348,
				6,
				1.348
			]
		},
		{
			"Target": "Parameter",
			"Id": "Param_Angle_Rotation49",
			"Segments": [
				0,
				3.593,
				1,
				0.333,
				3.593,
				0.667,
				1.201,
				1,
				0,
				1,
				1.7,
				-2.522,
				2.4,
				-3.06,
				3.1,
				-3.06,
				1,
				3.6,
				-3.06,
				4.1,
				-1.248,
				4.6,
				3.48,
				1,
				4.767,
				5.056,
				4.933,
				6.66,
				5.1,
				6.66,
				1,
				5.4,
				6.66,
				5.7,
				3.593,
				6,
				3.593
			]
		},
		{
			"Target": "Parameter",
			"Id": "Param_Angle_Rotation50",
			"Segments": [
				0,
				10.739,
				1,
				0.333,
				10.739,
				0.667,
				2.425,
				1,
				0,
				1,
				1.789,
				-5.739,
				2.578,
				-6.78,
				3.367,
				-6.78,
				1,
				3.867,
				-6.78,
				4.367,
				1.08,
				4.867,
				8.34,
				1,
				5.144,
				12.373,
				5.422,
				12.42,
				5.7,
				12.42,
				1,
				5.8,
				12.42,
				5.9,
				10.739,
				6,
				10.739
			]
		}
	]
}