{
	"Version": 3,
	"Parameters": [
		{
			"Id": "Param36",
			"GroupId": "",
			"Name": "位置X"
		},
		{
			"Id": "Param37",
			"GroupId": "",
			"Name": "位置Y"
		},
		{
			"Id": "ParamPachi",
			"GroupId": "ParamGroup2",
			"Name": "目パチ"
		},
		{
			"Id": "ParamEyeRL",
			"GroupId": "ParamGroup2",
			"Name": "目Hi左右"
		},
		{
			"Id": "ParamEyeUD",
			"GroupId": "ParamGroup2",
			"Name": "目Hi上下"
		},
		{
			"Id": "ParamEyeBS",
			"GroupId": "ParamGroup2",
			"Name": "目Hi大小"
		},
		{
			"Id": "ParamBreat",
			"GroupId": "ParamGroup2",
			"Name": "呼吸"
		},
		{
			"Id": "Param9",
			"GroupId": "ParamGroup18",
			"Name": "キラキラ23"
		},
		{
			"Id": "Param10",
			"GroupId": "ParamGroup18",
			"Name": "キラキラ22"
		},
		{
			"Id": "Param11",
			"GroupId": "ParamGroup18",
			"Name": "キラキラ21"
		},
		{
			"Id": "Param12",
			"GroupId": "ParamGroup18",
			"Name": "キラキラ20"
		},
		{
			"Id": "Param13",
			"GroupId": "ParamGroup18",
			"Name": "キラキラ19"
		},
		{
			"Id": "Param14",
			"GroupId": "ParamGroup18",
			"Name": "キラキラ18"
		},
		{
			"Id": "Param15",
			"GroupId": "ParamGroup18",
			"Name": "キラキラ17"
		},
		{
			"Id": "Param16",
			"GroupId": "ParamGroup18",
			"Name": "キラキラ16"
		},
		{
			"Id": "Param17",
			"GroupId": "ParamGroup18",
			"Name": "キラキラ15"
		},
		{
			"Id": "Param18",
			"GroupId": "ParamGroup18",
			"Name": "キラキラ14"
		},
		{
			"Id": "Param19",
			"GroupId": "ParamGroup18",
			"Name": "キラキラ13"
		},
		{
			"Id": "Param20",
			"GroupId": "ParamGroup18",
			"Name": "キラキラ12"
		},
		{
			"Id": "Param21",
			"GroupId": "ParamGroup18",
			"Name": "キラキラ11"
		},
		{
			"Id": "Param22",
			"GroupId": "ParamGroup18",
			"Name": "キラキラ10"
		},
		{
			"Id": "Param23",
			"GroupId": "ParamGroup18",
			"Name": "キラキラ9"
		},
		{
			"Id": "Param24",
			"GroupId": "ParamGroup18",
			"Name": "キラキラ8"
		},
		{
			"Id": "Param25",
			"GroupId": "ParamGroup18",
			"Name": "キラキラ7"
		},
		{
			"Id": "Param26",
			"GroupId": "ParamGroup18",
			"Name": "キラキラ6"
		},
		{
			"Id": "Param27",
			"GroupId": "ParamGroup18",
			"Name": "キラキラ5"
		},
		{
			"Id": "Param28",
			"GroupId": "ParamGroup18",
			"Name": "キラキラ4"
		},
		{
			"Id": "Param29",
			"GroupId": "ParamGroup18",
			"Name": "キラキラ3"
		},
		{
			"Id": "Param30",
			"GroupId": "ParamGroup18",
			"Name": "キラキラ2"
		},
		{
			"Id": "Param31",
			"GroupId": "ParamGroup18",
			"Name": "キラキラ1"
		},
		{
			"Id": "Param41",
			"GroupId": "ParamGroup19",
			"Name": "コンパクトキラキラ2"
		},
		{
			"Id": "Param42",
			"GroupId": "ParamGroup19",
			"Name": "コンパクトキラキラ1"
		},
		{
			"Id": "Param32",
			"GroupId": "ParamGroup19",
			"Name": "星キラキラ3"
		},
		{
			"Id": "Param33",
			"GroupId": "ParamGroup19",
			"Name": "星キラキラ2"
		},
		{
			"Id": "Param34",
			"GroupId": "ParamGroup19",
			"Name": "星キラキラ1"
		},
		{
			"Id": "Param35",
			"GroupId": "ParamGroup19",
			"Name": "線キラキラ"
		},
		{
			"Id": "Param40",
			"GroupId": "ParamGroup19",
			"Name": "ステッキキラキラ"
		},
		{
			"Id": "Param43",
			"GroupId": "ParamGroup",
			"Name": "胸1X"
		},
		{
			"Id": "Param44",
			"GroupId": "ParamGroup",
			"Name": "胸1Y"
		},
		{
			"Id": "Param45",
			"GroupId": "ParamGroup",
			"Name": "胸2X"
		},
		{
			"Id": "Param46",
			"GroupId": "ParamGroup",
			"Name": "胸2Y"
		},
		{
			"Id": "Param_Angle_Rotation2",
			"GroupId": "ParamGroup4",
			"Name": "[0]右ツインテ"
		},
		{
			"Id": "Param_Angle_Rotation3",
			"GroupId": "ParamGroup4",
			"Name": "[1]右ツインテ"
		},
		{
			"Id": "Param_Angle_Rotation4",
			"GroupId": "ParamGroup4",
			"Name": "[2]右ツインテ"
		},
		{
			"Id": "Param_Angle_Rotation5",
			"GroupId": "ParamGroup4",
			"Name": "[3]右ツインテ"
		},
		{
			"Id": "Param_Angle_Rotation20",
			"GroupId": "ParamGroup5",
			"Name": "[0]右もみあげ"
		},
		{
			"Id": "Param_Angle_Rotation21",
			"GroupId": "ParamGroup5",
			"Name": "[1]右もみあげ"
		},
		{
			"Id": "Param_Angle_Rotation22",
			"GroupId": "ParamGroup5",
			"Name": "[2]右もみあげ"
		},
		{
			"Id": "Param_Angle_Rotation23",
			"GroupId": "ParamGroup5",
			"Name": "[3]右もみあげ"
		},
		{
			"Id": "Param_Angle_Rotation24",
			"GroupId": "ParamGroup6",
			"Name": "[0]上髪1"
		},
		{
			"Id": "Param_Angle_Rotation25",
			"GroupId": "ParamGroup6",
			"Name": "[1]上髪1"
		},
		{
			"Id": "Param_Angle_Rotation26",
			"GroupId": "ParamGroup6",
			"Name": "[2]上髪1"
		},
		{
			"Id": "Param_Angle_Rotation27",
			"GroupId": "ParamGroup7",
			"Name": "[0]上髪2"
		},
		{
			"Id": "Param_Angle_Rotation28",
			"GroupId": "ParamGroup7",
			"Name": "[1]上髪2"
		},
		{
			"Id": "Param_Angle_Rotation29",
			"GroupId": "ParamGroup7",
			"Name": "[2]上髪2"
		},
		{
			"Id": "Param_Angle_Rotation30",
			"GroupId": "ParamGroup8",
			"Name": "[0]上髪3"
		},
		{
			"Id": "Param_Angle_Rotation31",
			"GroupId": "ParamGroup8",
			"Name": "[1]上髪3"
		},
		{
			"Id": "Param_Angle_Rotation32",
			"GroupId": "ParamGroup8",
			"Name": "[2]上髪3"
		},
		{
			"Id": "Param_Angle_Rotation33",
			"GroupId": "ParamGroup9",
			"Name": "[0]上髪4"
		},
		{
			"Id": "Param_Angle_Rotation34",
			"GroupId": "ParamGroup9",
			"Name": "[1]上髪4"
		},
		{
			"Id": "Param_Angle_Rotation35",
			"GroupId": "ParamGroup9",
			"Name": "[2]上髪4"
		},
		{
			"Id": "Param_Angle_Rotation36",
			"GroupId": "ParamGroup10",
			"Name": "[0]上髪5"
		},
		{
			"Id": "Param_Angle_Rotation37",
			"GroupId": "ParamGroup10",
			"Name": "[1]上髪5"
		},
		{
			"Id": "Param_Angle_Rotation38",
			"GroupId": "ParamGroup10",
			"Name": "[2]上髪5"
		},
		{
			"Id": "Param_Angle_Rotation39",
			"GroupId": "ParamGroup11",
			"Name": "[0]上髪6"
		},
		{
			"Id": "Param_Angle_Rotation40",
			"GroupId": "ParamGroup11",
			"Name": "[1]上髪6"
		},
		{
			"Id": "Param_Angle_Rotation6",
			"GroupId": "ParamGroup12",
			"Name": "[0]左ツインテ"
		},
		{
			"Id": "Param_Angle_Rotation7",
			"GroupId": "ParamGroup12",
			"Name": "[1]左ツインテ"
		},
		{
			"Id": "Param_Angle_Rotation8",
			"GroupId": "ParamGroup12",
			"Name": "[2]左ツインテ"
		},
		{
			"Id": "Param_Angle_Rotation9",
			"GroupId": "ParamGroup12",
			"Name": "[3]左ツインテ"
		},
		{
			"Id": "Param_Angle_Rotation10",
			"GroupId": "ParamGroup13",
			"Name": "[0]下髪1"
		},
		{
			"Id": "Param_Angle_Rotation11",
			"GroupId": "ParamGroup13",
			"Name": "[1]下髪1"
		},
		{
			"Id": "Param_Angle_Rotation12",
			"GroupId": "ParamGroup13",
			"Name": "[2]下髪1"
		},
		{
			"Id": "Param_Angle_Rotation13",
			"GroupId": "ParamGroup14",
			"Name": "[0]下髪3"
		},
		{
			"Id": "Param_Angle_Rotation14",
			"GroupId": "ParamGroup14",
			"Name": "[1]下髪3"
		},
		{
			"Id": "Param_Angle_Rotation15",
			"GroupId": "ParamGroup14",
			"Name": "[2]下髪3"
		},
		{
			"Id": "Param_Angle_Rotation16",
			"GroupId": "ParamGroup15",
			"Name": "[0]左もみあげ"
		},
		{
			"Id": "Param_Angle_Rotation17",
			"GroupId": "ParamGroup15",
			"Name": "[1]左もみあげ"
		},
		{
			"Id": "Param_Angle_Rotation18",
			"GroupId": "ParamGroup15",
			"Name": "[2]左もみあげ"
		},
		{
			"Id": "Param_Angle_Rotation19",
			"GroupId": "ParamGroup15",
			"Name": "[3]左もみあげ"
		},
		{
			"Id": "Param_Angle_Rotation41",
			"GroupId": "ParamGroup16",
			"Name": "[0]右腰フリル"
		},
		{
			"Id": "Param_Angle_Rotation42",
			"GroupId": "ParamGroup16",
			"Name": "[1]右腰フリル"
		},
		{
			"Id": "Param_Angle_Rotation43",
			"GroupId": "ParamGroup16",
			"Name": "[2]右腰フリル"
		},
		{
			"Id": "Param_Angle_Rotation44",
			"GroupId": "ParamGroup16",
			"Name": "[3]右腰フリル"
		},
		{
			"Id": "Param_Angle_Rotation45",
			"GroupId": "ParamGroup16",
			"Name": "[4]右腰フリル"
		},
		{
			"Id": "Param_Angle_Rotation46",
			"GroupId": "ParamGroup16",
			"Name": "[5]右腰フリル"
		},
		{
			"Id": "Param_Angle_Rotation47",
			"GroupId": "ParamGroup17",
			"Name": "[0]左腰フリル"
		},
		{
			"Id": "Param_Angle_Rotation48",
			"GroupId": "ParamGroup17",
			"Name": "[1]左腰フリル"
		},
		{
			"Id": "Param_Angle_Rotation49",
			"GroupId": "ParamGroup17",
			"Name": "[2]左腰フリル"
		},
		{
			"Id": "Param_Angle_Rotation50",
			"GroupId": "ParamGroup17",
			"Name": "[3]左腰フリル"
		}
	],
	"ParameterGroups": [
		{
			"Id": "ParamGroup2",
			"GroupId": "",
			"Name": "URアニメーション"
		},
		{
			"Id": "ParamGroup18",
			"GroupId": "",
			"Name": "エフェクト　キラキラ"
		},
		{
			"Id": "ParamGroup19",
			"GroupId": "",
			"Name": "エフェクト"
		},
		{
			"Id": "ParamGroup",
			"GroupId": "",
			"Name": "胸"
		},
		{
			"Id": "ParamGroup3",
			"GroupId": "",
			"Name": "追加"
		},
		{
			"Id": "ParamGroup4",
			"GroupId": "",
			"Name": "右ツインテ"
		},
		{
			"Id": "ParamGroup5",
			"GroupId": "",
			"Name": "右もみあげ"
		},
		{
			"Id": "ParamGroup6",
			"GroupId": "",
			"Name": "上髪1"
		},
		{
			"Id": "ParamGroup7",
			"GroupId": "",
			"Name": "上髪2"
		},
		{
			"Id": "ParamGroup8",
			"GroupId": "",
			"Name": "上髪3"
		},
		{
			"Id": "ParamGroup9",
			"GroupId": "",
			"Name": "上髪4"
		},
		{
			"Id": "ParamGroup10",
			"GroupId": "",
			"Name": "上髪5"
		},
		{
			"Id": "ParamGroup11",
			"GroupId": "",
			"Name": "上髪6"
		},
		{
			"Id": "ParamGroup12",
			"GroupId": "",
			"Name": "左ツインテ"
		},
		{
			"Id": "ParamGroup13",
			"GroupId": "",
			"Name": "下髪1"
		},
		{
			"Id": "ParamGroup14",
			"GroupId": "",
			"Name": "下髪3"
		},
		{
			"Id": "ParamGroup15",
			"GroupId": "",
			"Name": "左もみあげ"
		},
		{
			"Id": "ParamGroup16",
			"GroupId": "",
			"Name": "右腰フリル"
		},
		{
			"Id": "ParamGroup17",
			"GroupId": "",
			"Name": "左腰フリル"
		}
	],
	"Parts": [
		{
			"Id": "Part10",
			"Name": "1920×1440.psd"
		},
		{
			"Id": "Part",
			"Name": "エフェクト"
		},
		{
			"Id": "Part6",
			"Name": "上髪"
		},
		{
			"Id": "Part7",
			"Name": "頭部"
		},
		{
			"Id": "Part8",
			"Name": "胴"
		},
		{
			"Id": "Part9",
			"Name": "下髪"
		},
		{
			"Id": "Part2",
			"Name": "キラキラ"
		},
		{
			"Id": "Part3",
			"Name": "星キラキラ3"
		},
		{
			"Id": "Part4",
			"Name": "星キラキラ2"
		},
		{
			"Id": "Part5",
			"Name": "星キラキラ1"
		},
		{
			"Id": "ArtMesh57_Skinning",
			"Name": "右ツインテ(スキニング)"
		},
		{
			"Id": "ArtMesh58_Skinning",
			"Name": "上髪6(スキニング)"
		},
		{
			"Id": "ArtMesh59_Skinning",
			"Name": "上髪5(スキニング)"
		},
		{
			"Id": "ArtMesh60_Skinning",
			"Name": "上髪4(スキニング)"
		},
		{
			"Id": "ArtMesh61_Skinning",
			"Name": "上髪3(スキニング)"
		},
		{
			"Id": "ArtMesh62_Skinning",
			"Name": "上髪2(スキニング)"
		},
		{
			"Id": "ArtMesh63_Skinning",
			"Name": "上髪1(スキニング)"
		},
		{
			"Id": "ArtMesh65_Skinning",
			"Name": "右もみあげ(スキニング)"
		},
		{
			"Id": "ArtMesh75_Skinning",
			"Name": "右腰フリル(スキニング)"
		},
		{
			"Id": "ArtMesh77_Skinning",
			"Name": "左腰フリル(スキニング)"
		},
		{
			"Id": "ArtMesh80_Skinning",
			"Name": "左もみあげ(スキニング)"
		},
		{
			"Id": "ArtMesh81_Skinning",
			"Name": "下髪3(スキニング)"
		},
		{
			"Id": "ArtMesh83_Skinning",
			"Name": "下髪1(スキニング)"
		},
		{
			"Id": "ArtMesh85_Skinning",
			"Name": "左ツインテ(スキニング)"
		}
	],
	"CombinedParameters": [
		[
			"ParamEyeRL",
			"ParamEyeUD"
		],
		[
			"Param43",
			"Param44"
		],
		[
			"Param45",
			"Param46"
		]
	]
}