{
	"Version": 3,
	"Meta": {
		"Duration": 5.967,
		"Fps": 30.0,
		"Loop": true,
		"AreBeziersRestricted": false,
		"CurveCount": 138,
		"TotalSegmentCount": 1095,
		"TotalPointCount": 3421,
		"UserDataCount": 0,
		"TotalUserDataSize": 0
	},
	"Curves": [
		{
			"Target": "Parameter",
			"Id": "ParamEff1",
			"Segments": [
				0,
				1,
				1,
				0.2,
				1,
				0.4,
				1,
				0.6,
				1,
				1,
				0.633,
				1,
				0.667,
				0.5,
				0.7,
				0.5,
				1,
				0.733,
				0.5,
				0.767,
				1,
				0.8,
				1,
				1,
				1.378,
				1,
				1.956,
				1,
				2.533,
				1,
				1,
				2.567,
				1,
				2.6,
				0.5,
				2.633,
				0.5,
				1,
				2.678,
				0.5,
				2.722,
				1,
				2.767,
				1,
				1,
				3.5,
				1,
				4.233,
				1,
				4.967,
				1,
				1,
				5,
				1,
				5.033,
				0.5,
				5.067,
				0.5,
				1,
				5.111,
				0.5,
				5.156,
				1,
				5.2,
				1,
				1,
				5.456,
				1,
				5.711,
				1,
				5.967,
				1
			]
		},
		{
			"Target": "Parameter",
			"Id": "ParamEff2",
			"Segments": [
				0,
				0.6,
				1,
				0.033,
				0.6,
				0.067,
				1,
				0.1,
				1,
				1,
				0.6,
				1,
				1.1,
				1,
				1.6,
				1,
				1,
				1.633,
				1,
				1.667,
				0.5,
				1.7,
				0.5,
				1,
				1.733,
				0.5,
				1.767,
				1,
				1.8,
				1,
				1,
				2.267,
				1,
				2.733,
				1,
				3.2,
				1,
				1,
				3.233,
				1,
				3.267,
				0.5,
				3.3,
				0.5,
				1,
				3.333,
				0.5,
				3.367,
				1,
				3.4,
				1,
				1,
				3.444,
				1,
				3.489,
				1,
				3.533,
				1,
				1,
				3.567,
				1,
				3.6,
				0.5,
				3.633,
				0.5,
				1,
				3.667,
				0.5,
				3.7,
				1,
				3.733,
				1,
				1,
				4.444,
				1,
				5.156,
				1,
				5.867,
				1,
				1,
				5.9,
				1,
				5.933,
				0.775,
				5.967,
				0.662
			]
		},
		{
			"Target": "Parameter",
			"Id": "ParamEff3",
			"Segments": [
				0,
				1,
				1,
				0.656,
				1,
				1.311,
				1,
				1.967,
				1,
				1,
				2,
				1,
				2.033,
				0.5,
				2.067,
				0.5,
				1,
				2.1,
				0.5,
				2.133,
				1,
				2.167,
				1,
				1,
				2.211,
				1,
				2.256,
				1,
				2.3,
				1,
				1,
				2.333,
				1,
				2.367,
				0.5,
				2.4,
				0.5,
				1,
				2.433,
				0.5,
				2.467,
				1,
				2.5,
				1,
				1,
				2.922,
				1,
				3.344,
				1,
				3.767,
				1,
				1,
				3.8,
				1,
				3.833,
				0.5,
				3.867,
				0.5,
				1,
				3.9,
				0.5,
				3.933,
				1,
				3.967,
				1,
				1,
				4.633,
				1,
				5.3,
				1,
				5.967,
				1
			]
		},
		{
			"Target": "Parameter",
			"Id": "ParamEff4",
			"Segments": [
				0,
				1,
				1,
				0.189,
				1,
				0.378,
				1,
				0.567,
				1,
				1,
				0.6,
				1,
				0.633,
				0.5,
				0.667,
				0.5,
				1,
				0.7,
				0.5,
				0.733,
				1,
				0.767,
				1,
				1,
				0.944,
				1,
				1.122,
				0.9,
				1.3,
				0.9,
				1,
				1.667,
				0.9,
				2.033,
				1,
				2.4,
				1,
				1,
				2.433,
				1,
				2.467,
				0.5,
				2.5,
				0.5,
				1,
				2.533,
				0.5,
				2.567,
				1,
				2.6,
				1,
				1,
				3,
				1,
				3.4,
				0.8,
				3.8,
				0.8,
				1,
				4.2,
				0.8,
				4.6,
				1,
				5,
				1,
				1,
				5.033,
				1,
				5.067,
				0.5,
				5.1,
				0.5,
				1,
				5.133,
				0.5,
				5.167,
				1,
				5.2,
				1,
				1,
				5.456,
				1,
				5.711,
				1,
				5.967,
				1
			]
		},
		{
			"Target": "Parameter",
			"Id": "ParamEff5",
			"Segments": [
				0,
				1,
				1,
				0.078,
				1,
				0.156,
				1,
				0.233,
				1,
				1,
				0.267,
				1,
				0.3,
				0.5,
				0.333,
				0.5,
				1,
				0.367,
				0.5,
				0.4,
				1,
				0.433,
				1,
				1,
				1.244,
				1,
				2.056,
				0.7,
				2.867,
				0.7,
				1,
				3.9,
				0.7,
				4.933,
				0.994,
				5.967,
				1
			]
		},
		{
			"Target": "Parameter",
			"Id": "ParamEff6",
			"Segments": [
				0,
				0.6,
				1,
				0.033,
				0.6,
				0.067,
				1,
				0.1,
				1,
				1,
				0.867,
				1,
				1.633,
				0.8,
				2.4,
				0.8,
				1,
				3.133,
				0.8,
				3.867,
				1,
				4.6,
				1,
				1,
				4.633,
				1,
				4.667,
				0.5,
				4.7,
				0.5,
				1,
				4.733,
				0.5,
				4.767,
				1,
				4.8,
				1,
				1,
				4.878,
				1,
				4.956,
				1,
				5.033,
				1,
				1,
				5.067,
				1,
				5.1,
				0.5,
				5.133,
				0.5,
				1,
				5.167,
				0.5,
				5.2,
				1,
				5.233,
				1,
				1,
				5.289,
				1,
				5.344,
				1,
				5.4,
				1,
				1,
				5.433,
				1,
				5.467,
				0.5,
				5.5,
				0.5,
				1,
				5.533,
				0.5,
				5.567,
				1,
				5.6,
				1,
				1,
				5.678,
				1,
				5.756,
				1,
				5.833,
				1,
				1,
				5.878,
				1,
				5.922,
				0.744,
				5.967,
				0.642
			]
		},
		{
			"Target": "Parameter",
			"Id": "ParamEff7",
			"Segments": [
				0,
				1,
				1,
				0.256,
				1,
				0.511,
				1,
				0.767,
				1,
				1,
				0.8,
				1,
				0.833,
				0.6,
				0.867,
				0.6,
				1,
				0.9,
				0.6,
				0.933,
				1,
				0.967,
				1,
				1,
				1.133,
				1,
				1.3,
				1,
				1.467,
				1,
				1,
				1.5,
				1,
				1.533,
				0.6,
				1.567,
				0.6,
				1,
				1.6,
				0.6,
				1.633,
				1,
				1.667,
				1,
				1,
				2.089,
				1,
				2.511,
				0.9,
				2.933,
				0.9,
				1,
				3.311,
				0.9,
				3.689,
				1,
				4.067,
				1,
				1,
				4.1,
				1,
				4.133,
				0.6,
				4.167,
				0.6,
				1,
				4.2,
				0.6,
				4.233,
				1,
				4.267,
				1,
				1,
				4.578,
				1,
				4.889,
				1,
				5.2,
				1,
				1,
				5.456,
				1,
				5.711,
				1,
				5.967,
				1
			]
		},
		{
			"Target": "Parameter",
			"Id": "ParamEff8",
			"Segments": [
				0,
				1,
				1,
				0.111,
				1,
				0.222,
				1,
				0.333,
				1,
				1,
				0.367,
				1,
				0.4,
				0.6,
				0.433,
				0.6,
				1,
				0.467,
				0.6,
				0.5,
				1,
				0.533,
				1,
				1,
				1,
				1,
				1.467,
				0.9,
				1.933,
				0.9,
				1,
				2.311,
				0.9,
				2.689,
				1,
				3.067,
				1,
				1,
				3.1,
				1,
				3.133,
				0.6,
				3.167,
				0.6,
				1,
				3.2,
				0.6,
				3.233,
				1,
				3.267,
				1,
				1,
				3.322,
				1,
				3.378,
				1,
				3.433,
				1,
				1,
				3.467,
				1,
				3.5,
				0.6,
				3.533,
				0.6,
				1,
				3.567,
				0.6,
				3.6,
				1,
				3.633,
				1,
				1,
				3.7,
				1,
				3.767,
				1,
				3.833,
				1,
				1,
				3.867,
				1,
				3.9,
				0.7,
				3.933,
				0.7,
				1,
				3.967,
				0.7,
				4,
				1,
				4.033,
				1,
				1,
				4.367,
				1,
				4.7,
				0.9,
				5.033,
				0.9,
				1,
				5.344,
				0.9,
				5.656,
				0.993,
				5.967,
				1
			]
		},
		{
			"Target": "Parameter",
			"Id": "ParamEff9",
			"Segments": [
				0,
				0.8,
				1,
				0.289,
				0.8,
				0.578,
				1,
				0.867,
				1,
				1,
				0.9,
				1,
				0.933,
				0.6,
				0.967,
				0.6,
				1,
				1,
				0.6,
				1.033,
				1,
				1.067,
				1,
				1,
				1.3,
				1,
				1.533,
				1,
				1.767,
				1,
				1,
				1.8,
				1,
				1.833,
				0.6,
				1.867,
				0.6,
				1,
				1.9,
				0.6,
				1.933,
				1,
				1.967,
				1,
				1,
				2.4,
				1,
				2.833,
				1,
				3.267,
				1,
				1,
				3.3,
				1,
				3.333,
				0.6,
				3.367,
				0.6,
				1,
				3.4,
				0.6,
				3.433,
				1,
				3.467,
				1,
				1,
				4.3,
				1,
				5.133,
				0.805,
				5.967,
				0.8
			]
		},
		{
			"Target": "Parameter",
			"Id": "ParamEff10",
			"Segments": [
				0,
				1,
				1,
				0.5,
				1,
				1,
				1,
				1.5,
				1,
				1,
				1.533,
				1,
				1.567,
				0.6,
				1.6,
				0.6,
				1,
				1.633,
				0.6,
				1.667,
				1,
				1.7,
				1,
				1,
				1.822,
				1,
				1.944,
				1,
				2.067,
				1,
				1,
				2.1,
				1,
				2.133,
				0.6,
				2.167,
				0.6,
				1,
				2.2,
				0.6,
				2.233,
				1,
				2.267,
				1,
				1,
				2.711,
				1,
				3.156,
				0.9,
				3.6,
				0.9,
				1,
				4.211,
				0.9,
				4.822,
				1,
				5.433,
				1,
				1,
				5.467,
				1,
				5.5,
				0.6,
				5.533,
				0.6,
				1,
				5.567,
				0.6,
				5.6,
				1,
				5.633,
				1,
				1,
				5.744,
				1,
				5.856,
				1,
				5.967,
				1
			]
		},
		{
			"Target": "Parameter",
			"Id": "ParamEff11",
			"Segments": [
				0,
				1,
				1,
				0.222,
				1,
				0.444,
				1,
				0.667,
				1,
				1,
				0.7,
				1,
				0.733,
				0.6,
				0.767,
				0.6,
				1,
				0.8,
				0.6,
				0.833,
				1,
				0.867,
				1,
				1,
				1.144,
				1,
				1.422,
				0.9,
				1.7,
				0.9,
				1,
				2.056,
				0.9,
				2.411,
				1,
				2.767,
				1,
				1,
				2.8,
				1,
				2.833,
				0.6,
				2.867,
				0.6,
				1,
				2.9,
				0.6,
				2.933,
				1,
				2.967,
				1,
				1,
				3.267,
				1,
				3.567,
				0.8,
				3.867,
				0.8,
				1,
				4.067,
				0.8,
				4.267,
				1,
				4.467,
				1,
				1,
				4.5,
				1,
				4.533,
				0.6,
				4.567,
				0.6,
				1,
				4.6,
				0.6,
				4.633,
				1,
				4.667,
				1,
				1,
				5.1,
				1,
				5.533,
				1,
				5.967,
				1
			]
		},
		{
			"Target": "Parameter",
			"Id": "ParamEff12",
			"Segments": [
				0,
				0.9,
				1,
				0.044,
				0.9,
				0.089,
				1,
				0.133,
				1,
				1,
				0.733,
				1,
				1.333,
				0.9,
				1.933,
				0.9,
				1,
				2.567,
				0.9,
				3.2,
				1,
				3.833,
				1,
				1,
				3.867,
				1,
				3.9,
				0.9,
				3.933,
				0.9,
				1,
				3.967,
				0.9,
				4,
				1,
				4.033,
				1,
				1,
				4.444,
				1,
				4.856,
				1,
				5.267,
				1,
				1,
				5.3,
				1,
				5.333,
				0.9,
				5.367,
				0.9,
				1,
				5.4,
				0.9,
				5.433,
				1,
				5.467,
				1,
				1,
				5.611,
				1,
				5.756,
				1,
				5.9,
				1,
				1,
				5.922,
				1,
				5.944,
				0.911,
				5.967,
				0.852
			]
		},
		{
			"Target": "Parameter",
			"Id": "ParamEff13",
			"Segments": [
				0,
				1,
				1,
				0.111,
				1,
				0.222,
				1,
				0.333,
				1,
				1,
				0.367,
				1,
				0.4,
				0.9,
				0.433,
				0.9,
				1,
				0.467,
				0.9,
				0.5,
				1,
				0.533,
				1,
				1,
				0.856,
				1,
				1.178,
				0.9,
				1.5,
				0.9,
				1,
				1.844,
				0.9,
				2.189,
				1,
				2.533,
				1,
				1,
				2.567,
				1,
				2.6,
				0.9,
				2.633,
				0.9,
				1,
				2.667,
				0.9,
				2.7,
				1,
				2.733,
				1,
				1,
				3.278,
				1,
				3.822,
				1,
				4.367,
				1,
				1,
				4.4,
				1,
				4.433,
				0.9,
				4.467,
				0.9,
				1,
				4.5,
				0.9,
				4.533,
				1,
				4.567,
				1,
				1,
				5.033,
				1,
				5.5,
				1,
				5.967,
				1
			]
		},
		{
			"Target": "Parameter",
			"Id": "ParamEff14",
			"Segments": [
				0,
				1,
				1,
				0.189,
				1,
				0.378,
				1,
				0.567,
				1,
				1,
				0.6,
				1,
				0.633,
				0.9,
				0.667,
				0.9,
				1,
				0.7,
				0.9,
				0.733,
				1,
				0.767,
				1,
				1,
				1.1,
				1,
				1.433,
				1,
				1.767,
				1,
				1,
				1.8,
				1,
				1.833,
				0.8,
				1.867,
				0.8,
				1,
				1.9,
				0.8,
				1.933,
				1,
				1.967,
				1,
				1,
				2.267,
				1,
				2.567,
				0.9,
				2.867,
				0.9,
				1,
				3.133,
				0.9,
				3.4,
				1,
				3.667,
				1,
				1,
				3.7,
				1,
				3.733,
				0.8,
				3.767,
				0.8,
				1,
				3.8,
				0.8,
				3.833,
				1,
				3.867,
				1,
				1,
				4.122,
				1,
				4.378,
				0.9,
				4.633,
				0.9,
				1,
				4.878,
				0.9,
				5.122,
				1,
				5.367,
				1,
				1,
				5.4,
				1,
				5.433,
				0.8,
				5.467,
				0.8,
				1,
				5.5,
				0.8,
				5.533,
				1,
				5.567,
				1,
				1,
				5.7,
				1,
				5.833,
				1,
				5.967,
				1
			]
		},
		{
			"Target": "Parameter",
			"Id": "ParamEff15",
			"Segments": [
				0,
				0.7,
				1,
				0.478,
				0.7,
				0.956,
				1,
				1.433,
				1,
				1,
				1.467,
				1,
				1.5,
				0.6,
				1.533,
				0.6,
				1,
				1.567,
				0.6,
				1.6,
				1,
				1.633,
				1,
				1,
				2.133,
				1,
				2.633,
				1,
				3.133,
				1,
				1,
				3.167,
				1,
				3.2,
				0.6,
				3.233,
				0.6,
				1,
				3.267,
				0.6,
				3.3,
				1,
				3.333,
				1,
				1,
				3.411,
				1,
				3.489,
				1,
				3.567,
				1,
				1,
				3.6,
				1,
				3.633,
				0.6,
				3.667,
				0.6,
				1,
				3.7,
				0.6,
				3.733,
				0.788,
				3.767,
				0.8,
				1,
				4.167,
				0.943,
				4.567,
				1,
				4.967,
				1,
				1,
				5,
				1,
				5.033,
				0.6,
				5.067,
				0.6,
				1,
				5.1,
				0.6,
				5.133,
				1,
				5.167,
				1,
				1,
				5.433,
				1,
				5.7,
				0.724,
				5.967,
				0.701
			]
		},
		{
			"Target": "Parameter",
			"Id": "ParamEff16",
			"Segments": [
				0,
				1,
				1,
				0.256,
				1,
				0.511,
				1,
				0.767,
				1,
				1,
				0.8,
				1,
				0.833,
				0.6,
				0.867,
				0.6,
				1,
				0.9,
				0.6,
				0.933,
				1,
				0.967,
				1,
				1,
				1.322,
				1,
				1.678,
				1,
				2.033,
				1,
				1,
				2.067,
				1,
				2.1,
				0.6,
				2.133,
				0.6,
				1,
				2.167,
				0.6,
				2.2,
				1,
				2.233,
				1,
				1,
				2.622,
				1,
				3.011,
				0.9,
				3.4,
				0.9,
				1,
				3.811,
				0.9,
				4.222,
				1,
				4.633,
				1,
				1,
				4.667,
				1,
				4.7,
				0.6,
				4.733,
				0.6,
				1,
				4.767,
				0.6,
				4.8,
				1,
				4.833,
				1,
				1,
				5.044,
				1,
				5.256,
				1,
				5.467,
				1,
				1,
				5.633,
				1,
				5.8,
				1,
				5.967,
				1
			]
		},
		{
			"Target": "Parameter",
			"Id": "ParamEff17",
			"Segments": [
				0,
				1,
				1,
				0.678,
				1,
				1.356,
				0.9,
				2.033,
				0.9,
				1,
				2.8,
				0.9,
				3.567,
				1,
				4.333,
				1,
				1,
				4.367,
				1,
				4.4,
				0.6,
				4.433,
				0.6,
				1,
				4.467,
				0.6,
				4.5,
				1,
				4.533,
				1,
				1,
				4.844,
				1,
				5.156,
				0.9,
				5.467,
				0.9,
				1,
				5.633,
				0.9,
				5.8,
				0.988,
				5.967,
				0.999
			]
		},
		{
			"Target": "Parameter",
			"Id": "ParamEff18",
			"Segments": [
				0,
				0.6,
				1,
				0.044,
				0.6,
				0.089,
				1,
				0.133,
				1,
				1,
				0.811,
				1,
				1.489,
				0.9,
				2.167,
				0.9,
				1,
				3.178,
				0.9,
				4.189,
				1,
				5.2,
				1,
				1,
				5.233,
				1,
				5.267,
				0.6,
				5.3,
				0.6,
				1,
				5.333,
				0.6,
				5.367,
				1,
				5.4,
				1,
				1,
				5.544,
				1,
				5.689,
				1,
				5.833,
				1,
				1,
				5.878,
				1,
				5.922,
				0.744,
				5.967,
				0.642
			]
		},
		{
			"Target": "Parameter",
			"Id": "ParamEff19",
			"Segments": [
				0,
				0.8,
				1,
				0.422,
				0.8,
				0.844,
				0.853,
				1.267,
				0.9,
				1,
				1.978,
				0.979,
				2.689,
				1,
				3.4,
				1,
				1,
				3.433,
				1,
				3.467,
				0.6,
				3.5,
				0.6,
				1,
				3.533,
				0.6,
				3.567,
				1,
				3.6,
				1,
				1,
				4.389,
				1,
				5.178,
				0.806,
				5.967,
				0.8
			]
		},
		{
			"Target": "Parameter",
			"Id": "ParamEff20",
			"Segments": [
				0,
				1,
				1,
				0.489,
				1,
				0.978,
				1,
				1.467,
				1,
				1,
				1.5,
				1,
				1.533,
				0.6,
				1.567,
				0.6,
				1,
				1.6,
				0.6,
				1.633,
				1,
				1.667,
				1,
				1,
				2.656,
				1,
				3.644,
				0.9,
				4.633,
				0.9,
				1,
				5.078,
				0.9,
				5.522,
				0.995,
				5.967,
				1
			]
		},
		{
			"Target": "Parameter",
			"Id": "ParamEff21",
			"Segments": [
				0,
				1,
				1,
				1.6,
				1,
				3.2,
				1,
				4.8,
				1,
				1,
				4.833,
				1,
				4.867,
				0.6,
				4.9,
				0.6,
				1,
				4.933,
				0.6,
				4.967,
				1,
				5,
				1,
				1,
				5.322,
				1,
				5.644,
				1,
				5.967,
				1
			]
		},
		{
			"Target": "Parameter",
			"Id": "ParamEff22",
			"Segments": [
				0,
				1,
				1,
				0.244,
				1,
				0.489,
				1,
				0.733,
				1,
				1,
				0.767,
				1,
				0.8,
				0.6,
				0.833,
				0.6,
				1,
				0.867,
				0.6,
				0.9,
				1,
				0.933,
				1,
				1,
				1.078,
				1,
				1.222,
				1,
				1.367,
				1,
				1,
				1.4,
				1,
				1.433,
				0.6,
				1.467,
				0.6,
				1,
				1.5,
				0.6,
				1.533,
				1,
				1.567,
				1,
				1,
				1.889,
				1,
				2.211,
				1,
				2.533,
				1,
				1,
				2.567,
				1,
				2.6,
				0.6,
				2.633,
				0.6,
				1,
				2.667,
				0.6,
				2.7,
				1,
				2.733,
				1,
				1,
				3.811,
				1,
				4.889,
				1,
				5.967,
				1
			]
		},
		{
			"Target": "Parameter",
			"Id": "ParamEff23",
			"Segments": [
				0,
				1,
				1,
				0.067,
				1,
				0.133,
				1,
				0.2,
				1,
				1,
				0.233,
				1,
				0.267,
				0.5,
				0.3,
				0.5,
				1,
				0.333,
				0.5,
				0.367,
				1,
				0.4,
				1,
				1,
				0.489,
				1,
				0.578,
				1,
				0.667,
				1,
				1,
				0.7,
				1,
				0.733,
				0.5,
				0.767,
				0.5,
				1,
				0.8,
				0.5,
				0.833,
				1,
				0.867,
				1,
				1,
				2.122,
				1,
				3.378,
				1,
				4.633,
				1,
				1,
				4.667,
				1,
				4.7,
				0.5,
				4.733,
				0.5,
				1,
				4.767,
				0.5,
				4.8,
				1,
				4.833,
				1,
				1,
				5.211,
				1,
				5.589,
				1,
				5.967,
				1
			]
		},
		{
			"Target": "Parameter",
			"Id": "ParamEff24",
			"Segments": [
				0,
				1,
				1,
				0.7,
				1,
				1.4,
				1,
				2.1,
				1,
				1,
				2.133,
				1,
				2.167,
				0.6,
				2.2,
				0.6,
				1,
				2.233,
				0.6,
				2.267,
				1,
				2.3,
				1,
				1,
				2.433,
				1,
				2.567,
				1,
				2.7,
				1,
				1,
				2.733,
				1,
				2.767,
				0.6,
				2.8,
				0.6,
				1,
				2.833,
				0.6,
				2.867,
				1,
				2.9,
				1,
				1,
				3.789,
				1,
				4.678,
				1,
				5.567,
				1,
				1,
				5.6,
				1,
				5.633,
				0.6,
				5.667,
				0.6,
				1,
				5.7,
				0.6,
				5.733,
				1,
				5.767,
				1,
				1,
				5.833,
				1,
				5.9,
				1,
				5.967,
				1
			]
		},
		{
			"Target": "Parameter",
			"Id": "ParamEff25",
			"Segments": [
				0,
				1,
				1,
				0.411,
				1,
				0.822,
				1,
				1.233,
				1,
				1,
				1.267,
				1,
				1.3,
				0.5,
				1.333,
				0.5,
				1,
				1.367,
				0.5,
				1.4,
				1,
				1.433,
				1,
				1,
				1.911,
				1,
				2.389,
				1,
				2.867,
				1,
				1,
				2.9,
				1,
				2.933,
				0.5,
				2.967,
				0.5,
				1,
				3,
				0.5,
				3.033,
				1,
				3.067,
				1,
				1,
				4.033,
				1,
				5,
				1,
				5.967,
				1
			]
		},
		{
			"Target": "Parameter",
			"Id": "ParamEff26",
			"Segments": [
				0,
				0.8,
				1,
				1.333,
				0.8,
				2.667,
				1,
				4,
				1,
				1,
				4.033,
				1,
				4.067,
				0.6,
				4.1,
				0.6,
				1,
				4.133,
				0.6,
				4.167,
				1,
				4.2,
				1,
				1,
				4.589,
				1,
				4.978,
				1,
				5.367,
				1,
				1,
				5.4,
				1,
				5.433,
				0.6,
				5.467,
				0.6,
				1,
				5.5,
				0.6,
				5.533,
				1,
				5.567,
				1,
				1,
				5.7,
				1,
				5.833,
				0.83,
				5.967,
				0.803
			]
		},
		{
			"Target": "Parameter",
			"Id": "ParamEff27",
			"Segments": [
				0,
				1,
				1,
				0.133,
				1,
				0.267,
				1,
				0.4,
				1,
				1,
				0.433,
				1,
				0.467,
				0.5,
				0.5,
				0.5,
				1,
				0.533,
				0.5,
				0.567,
				1,
				0.6,
				1,
				1,
				1.089,
				1,
				1.578,
				1,
				2.067,
				1,
				1,
				2.1,
				1,
				2.133,
				0.5,
				2.167,
				0.5,
				1,
				2.2,
				0.5,
				2.233,
				1,
				2.267,
				1,
				1,
				2.478,
				1,
				2.689,
				1,
				2.9,
				1,
				1,
				2.933,
				1,
				2.967,
				0.5,
				3,
				0.5,
				1,
				3.033,
				0.5,
				3.067,
				1,
				3.1,
				1,
				1,
				4.056,
				1,
				5.011,
				1,
				5.967,
				1
			]
		},
		{
			"Target": "Parameter",
			"Id": "ParamEff28",
			"Segments": [
				0,
				1,
				1,
				0.2,
				1,
				0.4,
				1,
				0.6,
				1,
				1,
				0.633,
				1,
				0.667,
				0.5,
				0.7,
				0.5,
				1,
				0.733,
				0.5,
				0.767,
				1,
				0.8,
				1,
				1,
				1.444,
				1,
				2.089,
				1,
				2.733,
				1,
				1,
				2.767,
				1,
				2.8,
				0.5,
				2.833,
				0.5,
				1,
				2.867,
				0.5,
				2.9,
				1,
				2.933,
				1,
				1,
				3.044,
				1,
				3.156,
				1,
				3.267,
				1,
				1,
				3.3,
				1,
				3.333,
				0.5,
				3.367,
				0.5,
				1,
				3.4,
				0.5,
				3.433,
				1,
				3.467,
				1,
				1,
				4.3,
				1,
				5.133,
				1,
				5.967,
				1
			]
		},
		{
			"Target": "Parameter",
			"Id": "ParamEff29",
			"Segments": [
				0,
				1,
				1,
				0.589,
				1,
				1.178,
				1,
				1.767,
				1,
				1,
				1.8,
				1,
				1.833,
				0.6,
				1.867,
				0.6,
				1,
				1.9,
				0.6,
				1.933,
				1,
				1.967,
				1,
				1,
				2.567,
				1,
				3.167,
				1,
				3.767,
				1,
				1,
				3.8,
				1,
				3.833,
				0.6,
				3.867,
				0.6,
				1,
				3.9,
				0.6,
				3.933,
				1,
				3.967,
				1,
				1,
				4.2,
				1,
				4.433,
				1,
				4.667,
				1,
				1,
				4.7,
				1,
				4.733,
				0.6,
				4.767,
				0.6,
				1,
				4.8,
				0.6,
				4.833,
				1,
				4.867,
				1,
				1,
				5.233,
				1,
				5.6,
				1,
				5.967,
				1
			]
		},
		{
			"Target": "Parameter",
			"Id": "ParamEff30",
			"Segments": [
				0,
				1,
				1,
				0.078,
				1,
				0.156,
				1,
				0.233,
				1,
				1,
				0.267,
				1,
				0.3,
				0.5,
				0.333,
				0.5,
				1,
				0.367,
				0.5,
				0.4,
				1,
				0.433,
				1,
				1,
				0.589,
				1,
				0.744,
				1,
				0.9,
				1,
				1,
				0.933,
				1,
				0.967,
				0.5,
				1,
				0.5,
				1,
				1.033,
				0.5,
				1.067,
				1,
				1.1,
				1,
				1,
				1.7,
				1,
				2.3,
				1,
				2.9,
				1,
				1,
				2.933,
				1,
				2.967,
				0.5,
				3,
				0.5,
				1,
				3.033,
				0.5,
				3.067,
				1,
				3.1,
				1,
				1,
				3.556,
				1,
				4.011,
				0.9,
				4.467,
				0.9,
				1,
				4.967,
				0.9,
				5.467,
				0.996,
				5.967,
				1
			]
		},
		{
			"Target": "Parameter",
			"Id": "ParamEff31",
			"Segments": [
				0,
				1,
				1,
				0.556,
				1,
				1.111,
				1,
				1.667,
				1,
				1,
				1.7,
				1,
				1.733,
				0.6,
				1.767,
				0.6,
				1,
				1.8,
				0.6,
				1.833,
				1,
				1.867,
				1,
				1,
				2.378,
				1,
				2.889,
				0.9,
				3.4,
				0.9,
				1,
				3.878,
				0.9,
				4.356,
				1,
				4.833,
				1,
				1,
				4.867,
				1,
				4.9,
				0.6,
				4.933,
				0.6,
				1,
				4.967,
				0.6,
				5,
				1,
				5.033,
				1,
				1,
				5.189,
				1,
				5.344,
				1,
				5.5,
				1,
				1,
				5.533,
				1,
				5.567,
				0.6,
				5.6,
				0.6,
				1,
				5.633,
				0.6,
				5.667,
				1,
				5.7,
				1,
				0,
				5.967,
				1
			]
		},
		{
			"Target": "Parameter",
			"Id": "ParamEff32",
			"Segments": [
				0,
				1,
				1,
				0.456,
				1,
				0.911,
				1,
				1.367,
				1,
				1,
				1.4,
				1,
				1.433,
				0.5,
				1.467,
				0.5,
				1,
				1.5,
				0.5,
				1.533,
				1,
				1.567,
				1,
				1,
				1.689,
				1,
				1.811,
				1,
				1.933,
				1,
				1,
				1.967,
				1,
				2,
				0.5,
				2.033,
				0.5,
				1,
				2.067,
				0.5,
				2.1,
				1,
				2.133,
				1,
				1,
				2.711,
				1,
				3.289,
				0.9,
				3.867,
				0.9,
				1,
				4.378,
				0.9,
				4.889,
				1,
				5.4,
				1,
				1,
				5.433,
				1,
				5.467,
				0.5,
				5.5,
				0.5,
				1,
				5.533,
				0.5,
				5.567,
				1,
				5.6,
				1,
				1,
				5.722,
				1,
				5.844,
				1,
				5.967,
				1
			]
		},
		{
			"Target": "Parameter",
			"Id": "ParamEff33",
			"Segments": [
				0,
				1,
				1,
				0.222,
				1,
				0.444,
				1,
				0.667,
				1,
				1,
				0.7,
				1,
				0.733,
				0.5,
				0.767,
				0.5,
				1,
				0.8,
				0.5,
				0.833,
				1,
				0.867,
				1,
				1,
				1.367,
				1,
				1.867,
				1,
				2.367,
				1,
				1,
				2.4,
				1,
				2.433,
				0.5,
				2.467,
				0.5,
				1,
				2.5,
				0.5,
				2.533,
				1,
				2.567,
				1,
				1,
				3.111,
				1,
				3.656,
				1,
				4.2,
				1,
				1,
				4.233,
				1,
				4.267,
				0.5,
				4.3,
				0.5,
				1,
				4.333,
				0.5,
				4.367,
				1,
				4.4,
				1,
				1,
				4.922,
				1,
				5.444,
				1,
				5.967,
				1
			]
		},
		{
			"Target": "Parameter",
			"Id": "ParamPachi",
			"Segments": [
				0,
				1,
				1,
				1.011,
				1,
				2.022,
				1,
				3.033,
				1,
				1,
				3.067,
				1,
				3.1,
				0,
				3.133,
				0,
				1,
				3.144,
				0,
				3.156,
				0,
				3.167,
				0,
				1,
				3.2,
				0,
				3.233,
				1,
				3.267,
				1,
				1,
				4.167,
				1,
				5.067,
				1,
				5.967,
				1
			]
		},
		{
			"Target": "Parameter",
			"Id": "ParamLegL1",
			"Segments": [
				0,
				0,
				1,
				0.011,
				0,
				0.022,
				0.221,
				0.033,
				0.302,
				1,
				0.378,
				2.814,
				0.722,
				4,
				1.067,
				4,
				1,
				1.567,
				4,
				2.067,
				2.667,
				2.567,
				0,
				1,
				3.067,
				-2.667,
				3.567,
				-4,
				4.067,
				-4,
				1,
				4.7,
				-4,
				5.333,
				-2.853,
				5.967,
				-0.453
			]
		},
		{
			"Target": "Parameter",
			"Id": "ParamLegL2",
			"Segments": [
				0,
				0,
				1,
				0.011,
				0,
				0.022,
				0.233,
				0.033,
				0.302,
				1,
				0.433,
				2.811,
				0.833,
				4,
				1.233,
				4,
				1,
				1.733,
				4,
				2.233,
				2.667,
				2.733,
				0,
				1,
				3.233,
				-2.667,
				3.733,
				-4,
				4.233,
				-4,
				1,
				4.811,
				-4,
				5.389,
				-2.855,
				5.967,
				-0.453
			]
		},
		{
			"Target": "Parameter",
			"Id": "ParamLegR1",
			"Segments": [
				0,
				0,
				1,
				0.011,
				0,
				0.022,
				0.257,
				0.033,
				0.302,
				1,
				0.644,
				2.801,
				1.256,
				4,
				1.867,
				4,
				1,
				2.367,
				4,
				2.867,
				2.667,
				3.367,
				0,
				1,
				3.867,
				-2.667,
				4.367,
				-4,
				4.867,
				-4,
				1,
				5.233,
				-4,
				5.6,
				-2.87,
				5.967,
				-0.453
			]
		},
		{
			"Target": "Parameter",
			"Id": "ParamLegR2",
			"Segments": [
				0,
				0,
				1,
				0.011,
				0,
				0.022,
				0.261,
				0.033,
				0.302,
				1,
				0.7,
				2.799,
				1.367,
				4,
				2.033,
				4,
				1,
				2.533,
				4,
				3.033,
				2.667,
				3.533,
				0,
				1,
				4.033,
				-2.667,
				4.533,
				-4,
				5.033,
				-4,
				1,
				5.344,
				-4,
				5.656,
				-2.876,
				5.967,
				-0.453
			]
		},
		{
			"Target": "Parameter",
			"Id": "ParamEyeRL",
			"Segments": [
				0,
				0,
				1,
				0.033,
				0,
				0.067,
				6,
				0.1,
				6,
				1,
				0.122,
				6,
				0.144,
				6,
				0.167,
				6,
				1,
				0.222,
				6,
				0.278,
				-6,
				0.333,
				-6,
				1,
				0.356,
				-6,
				0.378,
				10.768,
				0.4,
				13,
				1,
				0.422,
				15.232,
				0.444,
				15,
				0.467,
				15,
				1,
				0.489,
				15,
				0.511,
				-9,
				0.533,
				-9,
				1,
				0.567,
				-9,
				0.6,
				-7.568,
				0.633,
				-4,
				1,
				0.656,
				-1.621,
				0.678,
				3.453,
				0.7,
				4,
				1,
				0.722,
				4.547,
				0.744,
				4.489,
				0.767,
				5,
				1,
				0.789,
				5.511,
				0.811,
				7,
				0.833,
				7,
				1,
				0.867,
				7,
				0.9,
				-11,
				0.933,
				-11,
				1,
				0.956,
				-11,
				0.978,
				7,
				1,
				7,
				1,
				1.022,
				7,
				1.044,
				-6,
				1.067,
				-6,
				1,
				1.078,
				-6,
				1.089,
				6,
				1.1,
				6,
				1,
				1.133,
				6,
				1.167,
				5.932,
				1.2,
				4,
				1,
				1.222,
				2.712,
				1.244,
				-9,
				1.267,
				-9,
				1,
				1.311,
				-9,
				1.356,
				0,
				1.4,
				0,
				1,
				1.411,
				0,
				1.422,
				-2,
				1.433,
				-2,
				1,
				1.456,
				-2,
				1.478,
				6,
				1.5,
				6,
				1,
				1.522,
				6,
				1.544,
				6,
				1.567,
				6,
				1,
				1.589,
				6,
				1.611,
				-4,
				1.633,
				-4,
				1,
				1.689,
				-4,
				1.744,
				6.579,
				1.8,
				13,
				1,
				1.822,
				15.568,
				1.844,
				15,
				1.867,
				15,
				1,
				1.889,
				15,
				1.911,
				-9,
				1.933,
				-9,
				1,
				1.956,
				-9,
				1.978,
				8,
				2,
				8,
				1,
				2.033,
				8,
				2.067,
				4,
				2.1,
				4,
				1,
				2.122,
				4,
				2.144,
				4.126,
				2.167,
				5,
				1,
				2.189,
				5.874,
				2.211,
				7,
				2.233,
				7,
				1,
				2.267,
				7,
				2.3,
				-11,
				2.333,
				-11,
				1,
				2.356,
				-11,
				2.378,
				7,
				2.4,
				7,
				1,
				2.422,
				7,
				2.444,
				-6,
				2.467,
				-6,
				1,
				2.5,
				-6,
				2.533,
				-5.548,
				2.567,
				-2,
				1,
				2.589,
				0.365,
				2.611,
				6,
				2.633,
				6,
				1,
				2.656,
				6,
				2.678,
				6,
				2.7,
				6,
				1,
				2.722,
				6,
				2.744,
				-2.728,
				2.767,
				-4,
				1,
				2.8,
				-5.909,
				2.833,
				-6,
				2.867,
				-6,
				1,
				2.911,
				-6,
				2.956,
				15,
				3,
				15,
				1,
				3.022,
				15,
				3.044,
				-9,
				3.067,
				-9,
				1,
				3.089,
				-9,
				3.111,
				8,
				3.133,
				8,
				1,
				3.144,
				8,
				3.156,
				-4,
				3.167,
				-4,
				1,
				3.189,
				-4,
				3.211,
				2.919,
				3.233,
				4,
				1,
				3.256,
				5.081,
				3.278,
				5,
				3.3,
				5,
				1,
				3.356,
				5,
				3.411,
				-11,
				3.467,
				-11,
				1,
				3.489,
				-11,
				3.511,
				7,
				3.533,
				7,
				1,
				3.556,
				7,
				3.578,
				-6,
				3.6,
				-6,
				1,
				3.611,
				-6,
				3.622,
				6,
				3.633,
				6,
				1,
				3.667,
				6,
				3.7,
				4,
				3.733,
				4,
				1,
				3.767,
				4,
				3.8,
				8,
				3.833,
				8,
				1,
				3.867,
				8,
				3.9,
				-4,
				3.933,
				-4,
				1,
				3.978,
				-4,
				4.022,
				7.873,
				4.067,
				13,
				1,
				4.089,
				15.563,
				4.111,
				15,
				4.133,
				15,
				1,
				4.156,
				15,
				4.178,
				-9,
				4.2,
				-9,
				1,
				4.222,
				-9,
				4.244,
				8,
				4.267,
				8,
				1,
				4.3,
				8,
				4.333,
				4,
				4.367,
				4,
				1,
				4.389,
				4,
				4.411,
				4.126,
				4.433,
				5,
				1,
				4.456,
				5.874,
				4.478,
				7,
				4.5,
				7,
				1,
				4.533,
				7,
				4.567,
				-11,
				4.6,
				-11,
				1,
				4.622,
				-11,
				4.644,
				7,
				4.667,
				7,
				1,
				4.689,
				7,
				4.711,
				-6,
				4.733,
				-6,
				1,
				4.767,
				-6,
				4.8,
				-5.548,
				4.833,
				-2,
				1,
				4.856,
				0.365,
				4.878,
				6,
				4.9,
				6,
				1,
				4.922,
				6,
				4.944,
				6,
				4.967,
				6,
				1,
				4.989,
				6,
				5.011,
				-2.728,
				5.033,
				-4,
				1,
				5.067,
				-5.909,
				5.1,
				-6,
				5.133,
				-6,
				1,
				5.178,
				-6,
				5.222,
				15,
				5.267,
				15,
				1,
				5.289,
				15,
				5.311,
				-9,
				5.333,
				-9,
				1,
				5.356,
				-9,
				5.378,
				8,
				5.4,
				8,
				1,
				5.411,
				8,
				5.422,
				-4,
				5.433,
				-4,
				1,
				5.456,
				-4,
				5.478,
				2.919,
				5.5,
				4,
				1,
				5.522,
				5.081,
				5.544,
				5,
				5.567,
				5,
				1,
				5.622,
				5,
				5.678,
				-11,
				5.733,
				-11,
				1,
				5.756,
				-11,
				5.778,
				7,
				5.8,
				7,
				1,
				5.822,
				7,
				5.844,
				-6,
				5.867,
				-6,
				1,
				5.878,
				-6,
				5.889,
				6,
				5.9,
				6,
				1,
				5.922,
				6,
				5.944,
				5.111,
				5.967,
				4.519
			]
		},
		{
			"Target": "Parameter",
			"Id": "ParamEyeUD",
			"Segments": [
				0,
				0,
				1,
				0.033,
				0,
				0.067,
				4,
				0.1,
				4,
				1,
				0.122,
				4,
				0.144,
				-14.649,
				0.167,
				-15,
				1,
				0.222,
				-15.877,
				0.278,
				-16,
				0.333,
				-16,
				1,
				0.356,
				-16,
				0.378,
				-16.239,
				0.4,
				-14,
				1,
				0.422,
				-11.761,
				0.444,
				6,
				0.467,
				6,
				1,
				0.489,
				6,
				0.511,
				2,
				0.533,
				2,
				1,
				0.567,
				2,
				0.6,
				10,
				0.633,
				10,
				1,
				0.656,
				10,
				0.678,
				-2,
				0.7,
				-2,
				1,
				0.722,
				-2,
				0.744,
				-1.933,
				0.767,
				0,
				1,
				0.789,
				1.933,
				0.811,
				6,
				0.833,
				6,
				1,
				0.867,
				6,
				0.9,
				6,
				0.933,
				6,
				1,
				0.956,
				6,
				0.978,
				10,
				1,
				10,
				1,
				1.022,
				10,
				1.044,
				-10,
				1.067,
				-10,
				1,
				1.078,
				-10,
				1.089,
				5,
				1.1,
				5,
				1,
				1.133,
				5,
				1.167,
				-11,
				1.2,
				-11,
				1,
				1.222,
				-11,
				1.244,
				2,
				1.267,
				2,
				1,
				1.311,
				2,
				1.356,
				1.576,
				1.4,
				0,
				1,
				1.411,
				-0.394,
				1.422,
				-8,
				1.433,
				-8,
				1,
				1.456,
				-8,
				1.478,
				4,
				1.5,
				4,
				1,
				1.522,
				4,
				1.544,
				-15,
				1.567,
				-15,
				1,
				1.589,
				-15,
				1.611,
				6,
				1.633,
				6,
				1,
				1.689,
				6,
				1.744,
				-14,
				1.8,
				-14,
				1,
				1.822,
				-14,
				1.844,
				6,
				1.867,
				6,
				1,
				1.889,
				6,
				1.911,
				4.667,
				1.933,
				2,
				1,
				1.956,
				-0.667,
				1.978,
				-2,
				2,
				-2,
				1,
				2.033,
				-2,
				2.067,
				-2,
				2.1,
				-2,
				1,
				2.122,
				-2,
				2.144,
				-1.933,
				2.167,
				0,
				1,
				2.189,
				1.933,
				2.211,
				6,
				2.233,
				6,
				1,
				2.267,
				6,
				2.3,
				6,
				2.333,
				6,
				1,
				2.356,
				6,
				2.378,
				10,
				2.4,
				10,
				1,
				2.422,
				10,
				2.444,
				-10,
				2.467,
				-10,
				1,
				2.5,
				-10,
				2.533,
				-9.926,
				2.567,
				-8,
				1,
				2.589,
				-6.716,
				2.611,
				4,
				2.633,
				4,
				1,
				2.656,
				4,
				2.678,
				-15,
				2.7,
				-15,
				1,
				2.722,
				-15,
				2.744,
				6,
				2.767,
				6,
				1,
				2.8,
				6,
				2.833,
				-16,
				2.867,
				-16,
				1,
				2.911,
				-16,
				2.956,
				6,
				3,
				6,
				1,
				3.022,
				6,
				3.044,
				4.667,
				3.067,
				2,
				1,
				3.089,
				-0.667,
				3.111,
				-2,
				3.133,
				-2,
				1,
				3.144,
				-2,
				3.156,
				10,
				3.167,
				10,
				1,
				3.189,
				10,
				3.211,
				-2,
				3.233,
				-2,
				1,
				3.256,
				-2,
				3.278,
				-0.897,
				3.3,
				0,
				1,
				3.356,
				2.242,
				3.411,
				3.568,
				3.467,
				6,
				1,
				3.489,
				6.973,
				3.511,
				10,
				3.533,
				10,
				1,
				3.556,
				10,
				3.578,
				-10,
				3.6,
				-10,
				1,
				3.611,
				-10,
				3.622,
				5,
				3.633,
				5,
				1,
				3.667,
				5,
				3.7,
				-11,
				3.733,
				-11,
				1,
				3.767,
				-11,
				3.8,
				-11.218,
				3.833,
				-8,
				1,
				3.867,
				-4.782,
				3.9,
				10,
				3.933,
				10,
				1,
				3.978,
				10,
				4.022,
				-14,
				4.067,
				-14,
				1,
				4.089,
				-14,
				4.111,
				6,
				4.133,
				6,
				1,
				4.156,
				6,
				4.178,
				4.667,
				4.2,
				2,
				1,
				4.222,
				-0.667,
				4.244,
				-2,
				4.267,
				-2,
				1,
				4.3,
				-2,
				4.333,
				-2,
				4.367,
				-2,
				1,
				4.389,
				-2,
				4.411,
				-1.933,
				4.433,
				0,
				1,
				4.456,
				1.933,
				4.478,
				6,
				4.5,
				6,
				1,
				4.533,
				6,
				4.567,
				6,
				4.6,
				6,
				1,
				4.622,
				6,
				4.644,
				10,
				4.667,
				10,
				1,
				4.689,
				10,
				4.711,
				-10,
				4.733,
				-10,
				1,
				4.767,
				-10,
				4.8,
				-9.926,
				4.833,
				-8,
				1,
				4.856,
				-6.716,
				4.878,
				4,
				4.9,
				4,
				1,
				4.922,
				4,
				4.944,
				-15,
				4.967,
				-15,
				1,
				4.989,
				-15,
				5.011,
				6,
				5.033,
				6,
				1,
				5.067,
				6,
				5.1,
				-16,
				5.133,
				-16,
				1,
				5.178,
				-16,
				5.222,
				6,
				5.267,
				6,
				1,
				5.289,
				6,
				5.311,
				4.667,
				5.333,
				2,
				1,
				5.356,
				-0.667,
				5.378,
				-2,
				5.4,
				-2,
				1,
				5.411,
				-2,
				5.422,
				10,
				5.433,
				10,
				1,
				5.456,
				10,
				5.478,
				-2,
				5.5,
				-2,
				1,
				5.522,
				-2,
				5.544,
				-0.897,
				5.567,
				0,
				1,
				5.622,
				2.242,
				5.678,
				3.568,
				5.733,
				6,
				1,
				5.756,
				6.973,
				5.778,
				10,
				5.8,
				10,
				1,
				5.822,
				10,
				5.844,
				-10,
				5.867,
				-10,
				1,
				5.878,
				-10,
				5.889,
				5,
				5.9,
				5,
				1,
				5.922,
				5,
				5.944,
				-2.111,
				5.967,
				-6.852
			]
		},
		{
			"Target": "Parameter",
			"Id": "ParamEyeBS",
			"Segments": [
				0,
				0,
				1,
				0.033,
				0,
				0.067,
				7,
				0.1,
				7,
				1,
				0.122,
				7,
				0.144,
				-19,
				0.167,
				-19,
				1,
				0.211,
				-19,
				0.256,
				18,
				0.3,
				18,
				1,
				0.322,
				18,
				0.344,
				-14,
				0.367,
				-14,
				1,
				0.389,
				-14,
				0.411,
				-8,
				0.433,
				4,
				1,
				0.456,
				16,
				0.478,
				22,
				0.5,
				22,
				1,
				0.556,
				22,
				0.611,
				21.173,
				0.667,
				16,
				1,
				0.689,
				13.931,
				0.711,
				-8,
				0.733,
				-8,
				1,
				0.756,
				-8,
				0.778,
				-8.268,
				0.8,
				-6,
				1,
				0.822,
				-3.732,
				0.844,
				19,
				0.867,
				19,
				1,
				0.889,
				19,
				0.911,
				-19,
				0.933,
				-19,
				1,
				0.967,
				-19,
				1,
				12,
				1.033,
				12,
				1,
				1.089,
				12,
				1.144,
				12,
				1.2,
				12,
				1,
				1.222,
				12,
				1.244,
				-6,
				1.267,
				-6,
				1,
				1.289,
				-6,
				1.311,
				0,
				1.333,
				0,
				1,
				1.344,
				0,
				1.356,
				-21,
				1.367,
				-21,
				1,
				1.389,
				-21,
				1.411,
				7,
				1.433,
				7,
				1,
				1.456,
				7,
				1.478,
				-19,
				1.5,
				-19,
				1,
				1.522,
				-19,
				1.544,
				13.697,
				1.567,
				16,
				1,
				1.589,
				18.303,
				1.611,
				18,
				1.633,
				18,
				1,
				1.678,
				18,
				1.722,
				4,
				1.767,
				4,
				1,
				1.789,
				4,
				1.811,
				22,
				1.833,
				22,
				1,
				1.856,
				22,
				1.878,
				-18,
				1.9,
				-18,
				1,
				1.911,
				-18,
				1.922,
				-13.543,
				1.933,
				-6,
				1,
				1.956,
				9.085,
				1.978,
				16,
				2,
				16,
				1,
				2.022,
				16,
				2.044,
				-8,
				2.067,
				-8,
				1,
				2.089,
				-8,
				2.111,
				-8.268,
				2.133,
				-6,
				1,
				2.156,
				-3.732,
				2.178,
				19,
				2.2,
				19,
				1,
				2.222,
				19,
				2.244,
				-19,
				2.267,
				-19,
				1,
				2.3,
				-19,
				2.333,
				12,
				2.367,
				12,
				1,
				2.4,
				12,
				2.433,
				-0.285,
				2.467,
				-10,
				1,
				2.5,
				-19.715,
				2.533,
				-21,
				2.567,
				-21,
				1,
				2.589,
				-21,
				2.611,
				7,
				2.633,
				7,
				1,
				2.656,
				7,
				2.678,
				-19,
				2.7,
				-19,
				1,
				2.722,
				-19,
				2.744,
				13.697,
				2.767,
				16,
				1,
				2.789,
				18.303,
				2.811,
				18,
				2.833,
				18,
				1,
				2.856,
				18,
				2.878,
				-14,
				2.9,
				-14,
				1,
				2.922,
				-14,
				2.944,
				-8,
				2.967,
				4,
				1,
				2.989,
				16,
				3.011,
				22,
				3.033,
				22,
				1,
				3.056,
				22,
				3.078,
				-18,
				3.1,
				-18,
				1,
				3.111,
				-18,
				3.122,
				-13.543,
				3.133,
				-6,
				1,
				3.156,
				9.085,
				3.178,
				16,
				3.2,
				16,
				1,
				3.222,
				16,
				3.244,
				-8,
				3.267,
				-8,
				1,
				3.289,
				-8,
				3.311,
				-6,
				3.333,
				-6,
				1,
				3.378,
				-6,
				3.422,
				-19,
				3.467,
				-19,
				1,
				3.5,
				-19,
				3.533,
				12,
				3.567,
				12,
				1,
				3.6,
				12,
				3.633,
				-10,
				3.667,
				-10,
				1,
				3.689,
				-10,
				3.711,
				12,
				3.733,
				12,
				1,
				3.756,
				12,
				3.778,
				-6,
				3.8,
				-6,
				1,
				3.822,
				-6,
				3.844,
				11,
				3.867,
				11,
				1,
				3.922,
				11,
				3.978,
				4,
				4.033,
				4,
				1,
				4.056,
				4,
				4.078,
				22,
				4.1,
				22,
				1,
				4.122,
				22,
				4.144,
				-18,
				4.167,
				-18,
				1,
				4.178,
				-18,
				4.189,
				-13.543,
				4.2,
				-6,
				1,
				4.222,
				9.085,
				4.244,
				16,
				4.267,
				16,
				1,
				4.289,
				16,
				4.311,
				-8,
				4.333,
				-8,
				1,
				4.356,
				-8,
				4.378,
				-8.268,
				4.4,
				-6,
				1,
				4.422,
				-3.732,
				4.444,
				19,
				4.467,
				19,
				1,
				4.489,
				19,
				4.511,
				-19,
				4.533,
				-19,
				1,
				4.567,
				-19,
				4.6,
				12,
				4.633,
				12,
				1,
				4.667,
				12,
				4.7,
				-0.285,
				4.733,
				-10,
				1,
				4.767,
				-19.715,
				4.8,
				-21,
				4.833,
				-21,
				1,
				4.856,
				-21,
				4.878,
				7,
				4.9,
				7,
				1,
				4.922,
				7,
				4.944,
				-19,
				4.967,
				-19,
				1,
				4.989,
				-19,
				5.011,
				13.697,
				5.033,
				16,
				1,
				5.056,
				18.303,
				5.078,
				18,
				5.1,
				18,
				1,
				5.122,
				18,
				5.144,
				-14,
				5.167,
				-14,
				1,
				5.189,
				-14,
				5.211,
				-8,
				5.233,
				4,
				1,
				5.256,
				16,
				5.278,
				22,
				5.3,
				22,
				1,
				5.322,
				22,
				5.344,
				-18,
				5.367,
				-18,
				1,
				5.378,
				-18,
				5.389,
				-13.543,
				5.4,
				-6,
				1,
				5.422,
				9.085,
				5.444,
				16,
				5.467,
				16,
				1,
				5.489,
				16,
				5.511,
				-8,
				5.533,
				-8,
				1,
				5.556,
				-8,
				5.578,
				-6,
				5.6,
				-6,
				1,
				5.644,
				-6,
				5.689,
				-19,
				5.733,
				-19,
				1,
				5.767,
				-19,
				5.8,
				12,
				5.833,
				12,
				1,
				5.867,
				12,
				5.9,
				-10,
				5.933,
				-10,
				1,
				5.944,
				-10,
				5.956,
				-4.5,
				5.967,
				1
			]
		},
		{
			"Target": "Parameter",
			"Id": "ParamPaiRX",
			"Segments": [
				0,
				-12.95,
				1,
				0.533,
				-12.95,
				1.067,
				-7.819,
				1.6,
				0,
				1,
				2.1,
				7.33,
				2.6,
				10,
				3.1,
				10,
				1,
				3.6,
				10,
				4.1,
				7.692,
				4.6,
				0,
				1,
				5.056,
				-7.009,
				5.511,
				-12.675,
				5.967,
				-12.941
			]
		},
		{
			"Target": "Parameter",
			"Id": "ParamPaiRY",
			"Segments": [
				0,
				-1,
				1,
				0.011,
				-1,
				0.022,
				-0.588,
				0.033,
				-0.438,
				1,
				0.556,
				6.604,
				1.078,
				10,
				1.6,
				10,
				1,
				2.1,
				10,
				2.6,
				5.597,
				3.1,
				-1,
				1,
				3.6,
				-7.597,
				4.1,
				-10,
				4.6,
				-10,
				1,
				5.056,
				-10,
				5.511,
				-7.314,
				5.967,
				-1.679
			]
		},
		{
			"Target": "Parameter",
			"Id": "ParamPaiRX2",
			"Segments": [
				0,
				-14,
				1,
				0.467,
				-14,
				0.933,
				-7.902,
				1.4,
				1,
				1,
				1.9,
				10.538,
				2.4,
				14,
				2.9,
				14,
				1,
				3.4,
				14,
				3.9,
				9.022,
				4.4,
				0,
				1,
				4.922,
				-9.423,
				5.444,
				-13.815,
				5.967,
				-13.994
			]
		},
		{
			"Target": "Parameter",
			"Id": "ParamPaiRY2",
			"Segments": [
				0,
				1,
				1,
				0.011,
				1,
				0.022,
				1.461,
				0.033,
				1.6,
				1,
				0.489,
				7.283,
				0.944,
				10,
				1.4,
				10,
				1,
				1.9,
				10,
				2.4,
				5.597,
				2.9,
				-1,
				1,
				3.4,
				-7.597,
				3.9,
				-10,
				4.4,
				-10,
				1,
				4.922,
				-10,
				5.444,
				-6.604,
				5.967,
				0.438
			]
		},
		{
			"Target": "Parameter",
			"Id": "ParamBreat",
			"Segments": [
				0,
				0.5,
				1,
				0.011,
				0.5,
				0.022,
				0.535,
				0.033,
				0.542,
				1,
				0.522,
				0.853,
				1.011,
				1,
				1.5,
				1,
				1,
				2,
				1,
				2.5,
				0.815,
				3,
				0.5,
				1,
				3.556,
				0.15,
				4.111,
				0,
				4.667,
				0,
				1,
				5.1,
				0,
				5.533,
				0.148,
				5.967,
				0.46
			]
		},
		{
			"Target": "Parameter",
			"Id": "ParamHairHX",
			"Segments": [
				0,
				0,
				1,
				0.011,
				0,
				0.022,
				0.274,
				0.033,
				0.436,
				1,
				0.522,
				7.547,
				1.011,
				11,
				1.5,
				11,
				1,
				2,
				11,
				2.5,
				6.983,
				3,
				0,
				1,
				3.5,
				-6.983,
				4,
				-10,
				4.5,
				-10,
				1,
				4.989,
				-10,
				5.478,
				-6.958,
				5.967,
				-0.615
			]
		},
		{
			"Target": "Parameter",
			"Id": "ParamHairHY",
			"Segments": [
				0,
				0,
				1,
				0.011,
				0,
				0.022,
				-0.188,
				0.033,
				-0.246,
				1,
				0.522,
				-2.785,
				1.011,
				-4,
				1.5,
				-4,
				1,
				2,
				-4,
				2.5,
				-3.548,
				3,
				0,
				1,
				3.5,
				3.548,
				4,
				8,
				4.5,
				8,
				1,
				4.989,
				8,
				5.478,
				5.543,
				5.967,
				0.432
			]
		},
		{
			"Target": "Parameter",
			"Id": "ParamFX",
			"Segments": [
				0,
				0,
				1,
				0.011,
				0,
				0.022,
				0.147,
				0.033,
				0.25,
				1,
				0.522,
				4.788,
				1.011,
				7,
				1.5,
				7,
				1,
				2,
				7,
				2.5,
				2.794,
				3,
				0,
				1,
				3.5,
				-2.794,
				4,
				-3,
				4.5,
				-3,
				1,
				4.989,
				-3,
				5.478,
				-2.089,
				5.967,
				-0.184
			]
		},
		{
			"Target": "Parameter",
			"Id": "ParamFY",
			"Segments": [
				0,
				0,
				1,
				0.011,
				0,
				0.022,
				-0.465,
				0.033,
				-0.549,
				1,
				0.522,
				-4.244,
				1.011,
				-6,
				1.5,
				-6,
				1,
				2,
				-6,
				2.5,
				-3.636,
				3,
				0,
				1,
				3.5,
				3.636,
				4,
				5,
				4.5,
				5,
				1,
				4.989,
				5,
				5.478,
				3.455,
				5.967,
				0.247
			]
		},
		{
			"Target": "Parameter",
			"Id": "Param_Angle_Rotation2",
			"Segments": [
				0,
				0,
				1,
				0.011,
				0,
				0.022,
				0.158,
				0.033,
				0.216,
				1,
				0.522,
				2.772,
				1.011,
				4,
				1.5,
				4,
				1,
				2,
				4,
				2.5,
				2.285,
				3,
				0,
				1,
				3.5,
				-2.285,
				4,
				-3,
				4.5,
				-3,
				1,
				4.989,
				-3,
				5.478,
				-2.076,
				5.967,
				-0.154
			]
		},
		{
			"Target": "Parameter",
			"Id": "Param_Angle_Rotation3",
			"Segments": [
				0,
				-0.78,
				1,
				0.022,
				-0.78,
				0.044,
				-0.565,
				0.067,
				-0.484,
				1,
				0.711,
				1.885,
				1.356,
				3,
				2,
				3,
				1,
				2.5,
				3,
				3,
				2,
				3.5,
				0,
				1,
				4,
				-2,
				4.5,
				-3,
				5,
				-3,
				1,
				5.322,
				-3,
				5.644,
				-2.137,
				5.967,
				-0.908
			]
		},
		{
			"Target": "Parameter",
			"Id": "Param_Angle_Rotation4",
			"Segments": [
				0,
				-2.22,
				1,
				0.011,
				-2.22,
				0.022,
				-2.131,
				0.033,
				-2.097,
				1,
				0.3,
				-1.278,
				0.567,
				-0.539,
				0.833,
				0.302,
				1,
				1.389,
				2.056,
				1.944,
				3,
				2.5,
				3,
				1,
				3,
				3,
				3.5,
				2,
				4,
				0,
				1,
				4.5,
				-2,
				5,
				-3,
				5.5,
				-3,
				1,
				5.656,
				-3,
				5.811,
				-2.885,
				5.967,
				-2.343
			]
		},
		{
			"Target": "Parameter",
			"Id": "Param_Angle_Rotation6",
			"Segments": [
				0,
				0.02,
				1,
				0.011,
				0.02,
				0.022,
				-0.171,
				0.033,
				-0.212,
				1,
				0.544,
				-2.1,
				1.056,
				-3,
				1.567,
				-3,
				1,
				2.067,
				-3,
				2.567,
				-2,
				3.067,
				0,
				1,
				3.567,
				2,
				4.067,
				3,
				4.567,
				3,
				1,
				5.033,
				3,
				5.5,
				2.102,
				5.967,
				0.22
			]
		},
		{
			"Target": "Parameter",
			"Id": "Param_Angle_Rotation7",
			"Segments": [
				0,
				0.96,
				1,
				0.011,
				0.96,
				0.022,
				0.863,
				0.033,
				0.836,
				1,
				0.267,
				0.267,
				0.5,
				-0.366,
				0.733,
				-0.819,
				1,
				1.178,
				-1.68,
				1.622,
				-2,
				2.067,
				-2,
				1,
				2.567,
				-2,
				3.067,
				-1.6,
				3.567,
				0,
				1,
				4.067,
				1.6,
				4.567,
				3,
				5.067,
				3,
				1,
				5.367,
				3,
				5.667,
				2.243,
				5.967,
				1.09
			]
		},
		{
			"Target": "Parameter",
			"Id": "Param_Angle_Rotation8",
			"Segments": [
				0,
				2.39,
				1,
				0.011,
				2.39,
				0.022,
				2.351,
				0.033,
				2.326,
				1,
				0.378,
				1.541,
				0.722,
				0.854,
				1.067,
				0,
				1,
				1.567,
				-1.24,
				2.067,
				-2,
				2.567,
				-2,
				1,
				3.067,
				-2,
				3.567,
				-1.6,
				4.067,
				0,
				1,
				4.567,
				1.6,
				5.067,
				3,
				5.567,
				3,
				1,
				5.7,
				3,
				5.833,
				2.951,
				5.967,
				2.509
			]
		},
		{
			"Target": "Parameter",
			"Id": "Param_Angle_Rotation9",
			"Segments": [
				0,
				3.99,
				1,
				0.522,
				3.99,
				1.044,
				1.84,
				1.567,
				0,
				1,
				2.067,
				-1.761,
				2.567,
				-2,
				3.067,
				-2,
				1,
				3.567,
				-2,
				4.067,
				-1.788,
				4.567,
				0,
				1,
				5.033,
				1.668,
				5.5,
				3.884,
				5.967,
				3.986
			]
		},
		{
			"Target": "Parameter",
			"Id": "Param_Angle_Rotation11",
			"Segments": [
				0,
				-0.01,
				1,
				0.011,
				-0.01,
				0.022,
				0.199,
				0.033,
				0.239,
				1,
				0.544,
				2.11,
				1.056,
				3,
				1.567,
				3,
				1,
				2.067,
				3,
				2.567,
				1.6,
				3.067,
				0,
				1,
				3.567,
				-1.6,
				4.067,
				-2,
				4.567,
				-2,
				1,
				5.033,
				-2,
				5.5,
				-1.383,
				5.967,
				-0.103
			]
		},
		{
			"Target": "Parameter",
			"Id": "Param_Angle_Rotation12",
			"Segments": [
				0,
				-1.28,
				1,
				0.011,
				-1.28,
				0.022,
				-1.148,
				0.033,
				-1.097,
				1,
				0.167,
				-0.488,
				0.3,
				0.091,
				0.433,
				0.645,
				1,
				0.978,
				2.907,
				1.522,
				4,
				2.067,
				4,
				1,
				2.567,
				4,
				3.067,
				2.667,
				3.567,
				0,
				1,
				4.067,
				-2.667,
				4.567,
				-4,
				5.067,
				-4,
				1,
				5.367,
				-4,
				5.667,
				-2.99,
				5.967,
				-1.453
			]
		},
		{
			"Target": "Parameter",
			"Id": "Param_Angle_Rotation13",
			"Segments": [
				0,
				-2.39,
				1,
				0.011,
				-2.39,
				0.022,
				-2.34,
				0.033,
				-2.298,
				1,
				0.267,
				-1.407,
				0.5,
				-0.582,
				0.733,
				0.335,
				1,
				1.344,
				2.737,
				1.956,
				4,
				2.567,
				4,
				1,
				3.067,
				4,
				3.567,
				2.285,
				4.067,
				0,
				1,
				4.567,
				-2.285,
				5.067,
				-3,
				5.567,
				-3,
				1,
				5.7,
				-3,
				5.833,
				-2.951,
				5.967,
				-2.509
			]
		},
		{
			"Target": "Parameter",
			"Id": "Param_Angle_Rotation15",
			"Segments": [
				0,
				-0.01,
				1,
				0.011,
				-0.01,
				0.022,
				0.197,
				0.033,
				0.267,
				1,
				0.544,
				3.464,
				1.056,
				5,
				1.567,
				5,
				1,
				2.067,
				5,
				2.567,
				1.903,
				3.067,
				0,
				1,
				3.567,
				-1.903,
				4.067,
				-2,
				4.567,
				-2,
				1,
				5.033,
				-2,
				5.5,
				-1.396,
				5.967,
				-0.133
			]
		},
		{
			"Target": "Parameter",
			"Id": "Param_Angle_Rotation16",
			"Segments": [
				0,
				-0.96,
				1,
				0.011,
				-0.96,
				0.022,
				-0.873,
				0.033,
				-0.81,
				1,
				0.122,
				-0.31,
				0.211,
				0.18,
				0.3,
				0.625,
				1,
				0.889,
				3.572,
				1.478,
				5,
				2.067,
				5,
				1,
				2.567,
				5,
				3.067,
				2.499,
				3.567,
				0,
				1,
				4.067,
				-2.499,
				4.567,
				-3,
				5.067,
				-3,
				1,
				5.367,
				-3,
				5.667,
				-2.243,
				5.967,
				-1.09
			]
		},
		{
			"Target": "Parameter",
			"Id": "Param_Angle_Rotation17",
			"Segments": [
				0,
				-2.39,
				1,
				0.011,
				-2.39,
				0.022,
				-2.283,
				0.033,
				-2.238,
				1,
				0.3,
				-1.156,
				0.567,
				-0.042,
				0.833,
				0.935,
				1,
				1.411,
				3.05,
				1.989,
				4,
				2.567,
				4,
				1,
				3.067,
				4,
				3.567,
				2.285,
				4.067,
				0,
				1,
				4.567,
				-2.285,
				5.067,
				-3,
				5.567,
				-3,
				1,
				5.7,
				-3,
				5.833,
				-2.951,
				5.967,
				-2.509
			]
		},
		{
			"Target": "Parameter",
			"Id": "Param_Angle_Rotation19",
			"Segments": [
				0,
				-0.02,
				1,
				0.011,
				-0.02,
				0.022,
				0.21,
				0.033,
				0.264,
				1,
				0.544,
				2.793,
				1.056,
				4,
				1.567,
				4,
				1,
				2.067,
				4,
				2.567,
				2.285,
				3.067,
				0,
				1,
				3.567,
				-2.285,
				4.067,
				-3,
				4.567,
				-3,
				1,
				5.033,
				-3,
				5.5,
				-2.108,
				5.967,
				-0.235
			]
		},
		{
			"Target": "Parameter",
			"Id": "Param_Angle_Rotation20",
			"Segments": [
				0,
				-0.96,
				1,
				0.011,
				-0.96,
				0.022,
				-0.897,
				0.033,
				-0.84,
				1,
				0.156,
				-0.208,
				0.278,
				0.417,
				0.4,
				1.008,
				1,
				0.956,
				3.693,
				1.511,
				5,
				2.067,
				5,
				1,
				2.567,
				5,
				3.067,
				2.499,
				3.567,
				0,
				1,
				4.067,
				-2.499,
				4.567,
				-3,
				5.067,
				-3,
				1,
				5.367,
				-3,
				5.667,
				-2.243,
				5.967,
				-1.09
			]
		},
		{
			"Target": "Parameter",
			"Id": "Param_Angle_Rotation21",
			"Segments": [
				0,
				-2.39,
				1,
				0.011,
				-2.39,
				0.022,
				-2.257,
				0.033,
				-2.209,
				1,
				0.289,
				-1.109,
				0.544,
				-0.121,
				0.8,
				1.008,
				1,
				1.389,
				3.608,
				1.978,
				5,
				2.567,
				5,
				1,
				3.067,
				5,
				3.567,
				2.499,
				4.067,
				0,
				1,
				4.567,
				-2.499,
				5.067,
				-3,
				5.567,
				-3,
				1,
				5.7,
				-3,
				5.833,
				-2.951,
				5.967,
				-2.509
			]
		},
		{
			"Target": "Parameter",
			"Id": "Param_Angle_Rotation23",
			"Segments": [
				0,
				-0.02,
				1,
				0.011,
				-0.02,
				0.022,
				0.271,
				0.033,
				0.34,
				1,
				0.544,
				3.494,
				1.056,
				5,
				1.567,
				5,
				1,
				2.067,
				5,
				2.567,
				2.963,
				3.067,
				0,
				1,
				3.567,
				-2.963,
				4.067,
				-4,
				4.567,
				-4,
				1,
				5.033,
				-4,
				5.5,
				-2.766,
				5.967,
				-0.206
			]
		},
		{
			"Target": "Parameter",
			"Id": "Param_Angle_Rotation24",
			"Segments": [
				0,
				-1.28,
				1,
				0.011,
				-1.28,
				0.022,
				-1.179,
				0.033,
				-1.127,
				1,
				0.178,
				-0.445,
				0.322,
				0.26,
				0.467,
				0.846,
				1,
				1,
				3.011,
				1.533,
				4,
				2.067,
				4,
				1,
				2.567,
				4,
				3.067,
				2.667,
				3.567,
				0,
				1,
				4.067,
				-2.667,
				4.567,
				-4,
				5.067,
				-4,
				1,
				5.367,
				-4,
				5.667,
				-2.99,
				5.967,
				-1.453
			]
		},
		{
			"Target": "Parameter",
			"Id": "Param_Angle_Rotation25",
			"Segments": [
				0,
				-3.19,
				1,
				0.011,
				-3.19,
				0.022,
				-3.067,
				0.033,
				-3.008,
				1,
				0.3,
				-1.598,
				0.567,
				-0.325,
				0.833,
				1.134,
				1,
				1.411,
				4.293,
				1.989,
				6,
				2.567,
				6,
				1,
				3.067,
				6,
				3.567,
				3.198,
				4.067,
				0,
				1,
				4.567,
				-3.198,
				5.067,
				-4,
				5.567,
				-4,
				1,
				5.7,
				-4,
				5.833,
				-3.937,
				5.967,
				-3.348
			]
		},
		{
			"Target": "Parameter",
			"Id": "Param_Angle_Rotation27",
			"Segments": [
				0,
				-0.1,
				1,
				0.011,
				-0.1,
				0.022,
				0.124,
				0.033,
				0.176,
				1,
				0.578,
				2.762,
				1.122,
				4,
				1.667,
				4,
				1,
				2.167,
				4,
				2.667,
				2.285,
				3.167,
				0,
				1,
				3.667,
				-2.285,
				4.167,
				-3,
				4.667,
				-3,
				1,
				5.1,
				-3,
				5.533,
				-2.123,
				5.967,
				-0.285
			]
		},
		{
			"Target": "Parameter",
			"Id": "Param_Angle_Rotation28",
			"Segments": [
				0,
				-1.25,
				1,
				0.011,
				-1.25,
				0.022,
				-1.171,
				0.033,
				-1.128,
				1,
				0.189,
				-0.527,
				0.344,
				-0.003,
				0.5,
				0.617,
				1,
				1.056,
				2.831,
				1.611,
				4,
				2.167,
				4,
				1,
				2.667,
				4,
				3.167,
				2.285,
				3.667,
				0,
				1,
				4.167,
				-2.285,
				4.667,
				-3,
				5.167,
				-3,
				1,
				5.433,
				-3,
				5.7,
				-2.408,
				5.967,
				-1.381
			]
		},
		{
			"Target": "Parameter",
			"Id": "Param_Angle_Rotation29",
			"Segments": [
				0,
				-2.62,
				1,
				0.011,
				-2.62,
				0.022,
				-2.532,
				0.033,
				-2.498,
				1,
				0.344,
				-1.55,
				0.656,
				-0.68,
				0.967,
				0.289,
				1,
				1.533,
				2.053,
				2.1,
				3,
				2.667,
				3,
				1,
				3.167,
				3,
				3.667,
				2,
				4.167,
				0,
				1,
				4.667,
				-2,
				5.167,
				-3,
				5.667,
				-3,
				1,
				5.767,
				-3,
				5.867,
				-3.025,
				5.967,
				-2.73
			]
		},
		{
			"Target": "Parameter",
			"Id": "Param_Angle_Rotation30",
			"Segments": [
				0,
				-2.97,
				1,
				0.556,
				-2.97,
				1.111,
				-2.349,
				1.667,
				0,
				1,
				2.167,
				2.114,
				2.667,
				4,
				3.167,
				4,
				1,
				3.667,
				4,
				4.167,
				2.44,
				4.667,
				0,
				1,
				5.1,
				-2.115,
				5.533,
				-2.929,
				5.967,
				-2.968
			]
		},
		{
			"Target": "Parameter",
			"Id": "Param_Angle_Rotation32",
			"Segments": [
				0,
				-0.108,
				1,
				0.011,
				-0.108,
				0.022,
				0.149,
				0.033,
				0.202,
				1,
				0.578,
				2.772,
				1.122,
				4,
				1.667,
				4,
				1,
				2.167,
				4,
				2.667,
				2.667,
				3.167,
				0,
				1,
				3.667,
				-2.667,
				4.167,
				-4,
				4.667,
				-4,
				1,
				5.1,
				-4,
				5.533,
				-2.835,
				5.967,
				-0.385
			]
		},
		{
			"Target": "Parameter",
			"Id": "Param_Angle_Rotation33",
			"Segments": [
				0,
				-1.67,
				1,
				0.011,
				-1.67,
				0.022,
				-1.563,
				0.033,
				-1.516,
				1,
				0.189,
				-0.859,
				0.344,
				-0.283,
				0.5,
				0.383,
				1,
				1.056,
				2.76,
				1.611,
				4,
				2.167,
				4,
				1,
				2.667,
				4,
				3.167,
				2.667,
				3.667,
				0,
				1,
				4.167,
				-2.667,
				4.667,
				-4,
				5.167,
				-4,
				1,
				5.433,
				-4,
				5.7,
				-3.214,
				5.967,
				-1.844
			]
		},
		{
			"Target": "Parameter",
			"Id": "Param_Angle_Rotation34",
			"Segments": [
				0,
				-3.49,
				1,
				0.011,
				-3.49,
				0.022,
				-3.38,
				0.033,
				-3.337,
				1,
				0.356,
				-2.092,
				0.678,
				-1.016,
				1,
				0.324,
				1,
				1.556,
				2.635,
				2.111,
				4,
				2.667,
				4,
				1,
				3.167,
				4,
				3.667,
				2.667,
				4.167,
				0,
				1,
				4.667,
				-2.667,
				5.167,
				-4,
				5.667,
				-4,
				1,
				5.767,
				-4,
				5.867,
				-4.031,
				5.967,
				-3.637
			]
		},
		{
			"Target": "Parameter",
			"Id": "Param_Angle_Rotation37",
			"Segments": [
				0,
				0.25,
				1,
				0.011,
				0.25,
				0.022,
				0.168,
				0.033,
				0.141,
				1,
				0.633,
				-1.303,
				1.233,
				-2,
				1.833,
				-2,
				1,
				2.333,
				-2,
				2.833,
				-1.333,
				3.333,
				0,
				1,
				3.833,
				1.333,
				4.333,
				2,
				4.833,
				2,
				1,
				5.211,
				2,
				5.589,
				1.249,
				5.967,
				0.331
			]
		},
		{
			"Target": "Parameter",
			"Id": "Param_Angle_Rotation38",
			"Segments": [
				0,
				1.17,
				1,
				0.011,
				1.17,
				0.022,
				1.08,
				0.033,
				1.048,
				1,
				0.222,
				0.509,
				0.411,
				-0.157,
				0.6,
				-0.514,
				1,
				1.178,
				-1.606,
				1.756,
				-2,
				2.333,
				-2,
				1,
				2.833,
				-2,
				3.333,
				-1.333,
				3.833,
				0,
				1,
				4.333,
				1.333,
				4.833,
				2,
				5.333,
				2,
				1,
				5.544,
				2,
				5.756,
				1.784,
				5.967,
				1.256
			]
		},
		{
			"Target": "Parameter",
			"Id": "Param_Angle_Rotation39",
			"Segments": [
				0,
				1.93,
				1,
				0.444,
				1.93,
				0.889,
				1.231,
				1.333,
				0,
				1,
				1.833,
				-1.385,
				2.333,
				-2,
				2.833,
				-2,
				1,
				3.333,
				-2,
				3.833,
				-1.235,
				4.333,
				0,
				1,
				4.878,
				1.345,
				5.422,
				1.907,
				5.967,
				1.929
			]
		},
		{
			"Target": "Parameter",
			"Id": "Param_Angle_Rotation40",
			"Segments": [
				0,
				1.9,
				1,
				0.011,
				1.9,
				0.022,
				1.928,
				0.033,
				1.933,
				1,
				0.133,
				1.981,
				0.233,
				2,
				0.333,
				2,
				1,
				0.833,
				2,
				1.333,
				1.333,
				1.833,
				0,
				1,
				2.333,
				-1.333,
				2.833,
				-2,
				3.333,
				-2,
				1,
				3.833,
				-2,
				4.333,
				-0.627,
				4.833,
				0.354,
				1,
				5.211,
				1.096,
				5.589,
				1.472,
				5.967,
				1.865
			]
		},
		{
			"Target": "Parameter",
			"Id": "Param_Angle_Rotation41",
			"Segments": [
				0,
				1.38,
				1,
				0.011,
				1.38,
				0.022,
				1.427,
				0.033,
				1.443,
				1,
				0.3,
				1.824,
				0.567,
				2,
				0.833,
				2,
				1,
				1.333,
				2,
				1.833,
				1.333,
				2.333,
				0,
				1,
				2.833,
				-1.333,
				3.333,
				-2,
				3.833,
				-2,
				1,
				4.333,
				-2,
				4.833,
				-1.225,
				5.333,
				0,
				1,
				5.544,
				0.517,
				5.756,
				0.956,
				5.967,
				1.323
			]
		},
		{
			"Target": "Parameter",
			"Id": "Param_Angle_Rotation42",
			"Segments": [
				0,
				0.42,
				1,
				0.011,
				0.42,
				0.022,
				0.518,
				0.033,
				0.543,
				1,
				0.467,
				1.531,
				0.9,
				2,
				1.333,
				2,
				1,
				1.833,
				2,
				2.333,
				1.333,
				2.833,
				0,
				1,
				3.333,
				-1.333,
				3.833,
				-2,
				4.333,
				-2,
				1,
				4.833,
				-2,
				5.333,
				-1.326,
				5.833,
				0,
				1,
				5.878,
				0.118,
				5.922,
				0.231,
				5.967,
				0.34
			]
		},
		{
			"Target": "Parameter",
			"Id": "Param_Angle_Rotation44",
			"Segments": [
				0,
				0.25,
				1,
				0.011,
				0.25,
				0.022,
				0.192,
				0.033,
				0.16,
				1,
				0.122,
				-0.095,
				0.211,
				-0.39,
				0.3,
				-0.564,
				1,
				0.811,
				-1.568,
				1.322,
				-2,
				1.833,
				-2,
				1,
				2.333,
				-2,
				2.833,
				-1.333,
				3.333,
				0,
				1,
				3.833,
				1.333,
				4.333,
				2,
				4.833,
				2,
				1,
				5.211,
				2,
				5.589,
				1.249,
				5.967,
				0.331
			]
		},
		{
			"Target": "Parameter",
			"Id": "Param_Angle_Rotation45",
			"Segments": [
				0,
				1.17,
				1,
				0.011,
				1.17,
				0.022,
				1.106,
				0.033,
				1.078,
				1,
				0.278,
				0.465,
				0.522,
				-0.267,
				0.767,
				-0.715,
				1,
				1.289,
				-1.672,
				1.811,
				-2,
				2.333,
				-2,
				1,
				2.833,
				-2,
				3.333,
				-1.333,
				3.833,
				0,
				1,
				4.333,
				1.333,
				4.833,
				2,
				5.333,
				2,
				1,
				5.544,
				2,
				5.756,
				1.784,
				5.967,
				1.256
			]
		},
		{
			"Target": "Parameter",
			"Id": "Param_Angle_Rotation46",
			"Segments": [
				0,
				1.93,
				1,
				0.444,
				1.93,
				0.889,
				1.231,
				1.333,
				0,
				1,
				1.833,
				-1.385,
				2.333,
				-2,
				2.833,
				-2,
				1,
				3.333,
				-2,
				3.833,
				-1.235,
				4.333,
				0,
				1,
				4.878,
				1.345,
				5.422,
				1.907,
				5.967,
				1.929
			]
		},
		{
			"Target": "Parameter",
			"Id": "Param_Angle_Rotation47",
			"Segments": [
				0,
				2.85,
				1,
				0.011,
				2.85,
				0.022,
				2.907,
				0.033,
				2.914,
				1,
				0.133,
				2.977,
				0.233,
				3,
				0.333,
				3,
				1,
				0.833,
				3,
				1.333,
				2,
				1.833,
				0,
				1,
				2.333,
				-2,
				2.833,
				-3,
				3.333,
				-3,
				1,
				3.833,
				-3,
				4.333,
				-1.564,
				4.833,
				0,
				1,
				5.211,
				1.181,
				5.589,
				2.371,
				5.967,
				2.813
			]
		},
		{
			"Target": "Parameter",
			"Id": "Param_Angle_Rotation48",
			"Segments": [
				0,
				1.38,
				1,
				0.011,
				1.38,
				0.022,
				1.397,
				0.033,
				1.413,
				1,
				0.3,
				1.808,
				0.567,
				2,
				0.833,
				2,
				1,
				1.333,
				2,
				1.833,
				1.333,
				2.333,
				0,
				1,
				2.833,
				-1.333,
				3.333,
				-2,
				3.833,
				-2,
				1,
				4.333,
				-2,
				4.833,
				-1.225,
				5.333,
				0,
				1,
				5.544,
				0.517,
				5.756,
				0.956,
				5.967,
				1.323
			]
		},
		{
			"Target": "Parameter",
			"Id": "Param_Angle_Rotation49",
			"Segments": [
				0,
				0.42,
				1,
				0.011,
				0.42,
				0.022,
				0.518,
				0.033,
				0.543,
				1,
				0.467,
				1.531,
				0.9,
				2,
				1.333,
				2,
				1,
				1.833,
				2,
				2.333,
				1.333,
				2.833,
				0,
				1,
				3.333,
				-1.333,
				3.833,
				-2,
				4.333,
				-2,
				1,
				4.833,
				-2,
				5.333,
				-1.326,
				5.833,
				0,
				1,
				5.878,
				0.118,
				5.922,
				0.231,
				5.967,
				0.34
			]
		},
		{
			"Target": "Parameter",
			"Id": "Param_Angle_Rotation50",
			"Segments": [
				0,
				-0.79,
				1,
				0.011,
				-0.79,
				0.022,
				-0.69,
				0.033,
				-0.657,
				1,
				0.156,
				-0.294,
				0.278,
				0.084,
				0.4,
				0.373,
				1,
				0.878,
				1.502,
				1.356,
				2,
				1.833,
				2,
				1,
				2.333,
				2,
				2.833,
				1.333,
				3.333,
				0,
				1,
				3.833,
				-1.333,
				4.333,
				-2,
				4.833,
				-2,
				1,
				5.211,
				-2,
				5.589,
				-1.641,
				5.967,
				-0.86
			]
		},
		{
			"Target": "Parameter",
			"Id": "Param_Angle_Rotation52",
			"Segments": [
				0,
				0.25,
				1,
				0.011,
				0.25,
				0.022,
				0.217,
				0.033,
				0.19,
				1,
				0.122,
				-0.023,
				0.211,
				-0.237,
				0.3,
				-0.423,
				1,
				0.811,
				-1.491,
				1.322,
				-2,
				1.833,
				-2,
				1,
				2.333,
				-2,
				2.833,
				-1.333,
				3.333,
				0,
				1,
				3.833,
				1.333,
				4.333,
				2,
				4.833,
				2,
				1,
				5.211,
				2,
				5.589,
				1.249,
				5.967,
				0.331
			]
		},
		{
			"Target": "Parameter",
			"Id": "Param_Angle_Rotation53",
			"Segments": [
				0,
				1.17,
				1,
				0.011,
				1.17,
				0.022,
				1.073,
				0.033,
				1.048,
				1,
				0.278,
				0.494,
				0.522,
				-0.091,
				0.767,
				-0.564,
				1,
				1.289,
				-1.575,
				1.811,
				-2,
				2.333,
				-2,
				1,
				2.833,
				-2,
				3.333,
				-1.333,
				3.833,
				0,
				1,
				4.333,
				1.333,
				4.833,
				2,
				5.333,
				2,
				1,
				5.544,
				2,
				5.756,
				1.784,
				5.967,
				1.256
			]
		},
		{
			"Target": "Parameter",
			"Id": "Param_Angle_Rotation54",
			"Segments": [
				0,
				1.93,
				1,
				0.444,
				1.93,
				0.889,
				1.231,
				1.333,
				0,
				1,
				1.833,
				-1.385,
				2.333,
				-2,
				2.833,
				-2,
				1,
				3.333,
				-2,
				3.833,
				-1.235,
				4.333,
				0,
				1,
				4.878,
				1.345,
				5.422,
				1.907,
				5.967,
				1.929
			]
		},
		{
			"Target": "Parameter",
			"Id": "Param_Angle_Rotation55",
			"Segments": [
				0,
				1.9,
				1,
				0.011,
				1.9,
				0.022,
				1.928,
				0.033,
				1.933,
				1,
				0.133,
				1.981,
				0.233,
				2,
				0.333,
				2,
				1,
				0.833,
				2,
				1.333,
				1.333,
				1.833,
				0,
				1,
				2.333,
				-1.333,
				2.833,
				-2,
				3.333,
				-2,
				1,
				3.833,
				-2,
				4.333,
				-1.042,
				4.833,
				0,
				1,
				5.211,
				0.788,
				5.589,
				1.663,
				5.967,
				1.882
			]
		},
		{
			"Target": "Parameter",
			"Id": "Param_Angle_Rotation56",
			"Segments": [
				0,
				1.38,
				1,
				0.011,
				1.38,
				0.022,
				1.427,
				0.033,
				1.443,
				1,
				0.3,
				1.824,
				0.567,
				2,
				0.833,
				2,
				1,
				1.333,
				2,
				1.833,
				1.333,
				2.333,
				0,
				1,
				2.833,
				-1.333,
				3.333,
				-2,
				3.833,
				-2,
				1,
				4.333,
				-2,
				4.833,
				-1.225,
				5.333,
				0,
				1,
				5.544,
				0.517,
				5.756,
				0.956,
				5.967,
				1.323
			]
		},
		{
			"Target": "Parameter",
			"Id": "Param_Angle_Rotation57",
			"Segments": [
				0,
				0.42,
				1,
				0.011,
				0.42,
				0.022,
				0.518,
				0.033,
				0.543,
				1,
				0.467,
				1.531,
				0.9,
				2,
				1.333,
				2,
				1,
				1.833,
				2,
				2.333,
				1.333,
				2.833,
				0,
				1,
				3.333,
				-1.333,
				3.833,
				-2,
				4.333,
				-2,
				1,
				4.833,
				-2,
				5.333,
				-1.326,
				5.833,
				0,
				1,
				5.878,
				0.118,
				5.922,
				0.231,
				5.967,
				0.34
			]
		},
		{
			"Target": "Parameter",
			"Id": "Param_Angle_Rotation59",
			"Segments": [
				0,
				0.25,
				1,
				0.011,
				0.25,
				0.022,
				0.218,
				0.033,
				0.19,
				1,
				0.122,
				-0.036,
				0.211,
				-0.28,
				0.3,
				-0.463,
				1,
				0.811,
				-1.516,
				1.322,
				-2,
				1.833,
				-2,
				1,
				2.333,
				-2,
				2.833,
				-1.333,
				3.333,
				0,
				1,
				3.833,
				1.333,
				4.333,
				2,
				4.833,
				2,
				1,
				5.211,
				2,
				5.589,
				1.249,
				5.967,
				0.331
			]
		},
		{
			"Target": "Parameter",
			"Id": "Param_Angle_Rotation60",
			"Segments": [
				0,
				1.17,
				1,
				0.011,
				1.17,
				0.022,
				1.103,
				0.033,
				1.078,
				1,
				0.289,
				0.503,
				0.544,
				-0.111,
				0.8,
				-0.605,
				1,
				1.311,
				-1.591,
				1.822,
				-2,
				2.333,
				-2,
				1,
				2.833,
				-2,
				3.333,
				-1.333,
				3.833,
				0,
				1,
				4.333,
				1.333,
				4.833,
				2,
				5.333,
				2,
				1,
				5.544,
				2,
				5.756,
				1.784,
				5.967,
				1.256
			]
		},
		{
			"Target": "Parameter",
			"Id": "Param_Angle_Rotation61",
			"Segments": [
				0,
				0.97,
				1,
				0.444,
				0.97,
				0.889,
				0.851,
				1.333,
				0,
				1,
				1.833,
				-0.958,
				2.333,
				-2,
				2.833,
				-2,
				1,
				3.333,
				-2,
				3.833,
				-0.794,
				4.333,
				0,
				1,
				4.878,
				0.864,
				5.422,
				0.966,
				5.967,
				0.97
			]
		},
		{
			"Target": "Parameter",
			"Id": "Param_Angle_Rotation62",
			"Segments": [
				0,
				0.98,
				1,
				0.611,
				0.98,
				1.222,
				0.894,
				1.833,
				0,
				1,
				2.333,
				-0.732,
				2.833,
				-2,
				3.333,
				-2,
				1,
				3.833,
				-2,
				4.333,
				-1.061,
				4.833,
				0,
				1,
				5.211,
				0.801,
				5.589,
				0.971,
				5.967,
				0.98
			]
		},
		{
			"Target": "Parameter",
			"Id": "Param_Angle_Rotation63",
			"Segments": [
				0,
				0.78,
				1,
				0.011,
				0.78,
				0.022,
				0.806,
				0.033,
				0.811,
				1,
				0.3,
				0.941,
				0.567,
				1,
				0.833,
				1,
				1,
				1.333,
				1,
				1.833,
				0.889,
				2.333,
				0,
				1,
				2.833,
				-0.889,
				3.333,
				-2,
				3.833,
				-2,
				1,
				4.333,
				-2,
				4.833,
				-0.957,
				5.333,
				0,
				1,
				5.544,
				0.404,
				5.756,
				0.604,
				5.967,
				0.756
			]
		},
		{
			"Target": "Parameter",
			"Id": "Param_Angle_Rotation65",
			"Segments": [
				0,
				0.25,
				1,
				0.011,
				0.25,
				0.022,
				0.169,
				0.033,
				0.13,
				1,
				0.633,
				-1.976,
				1.233,
				-3,
				1.833,
				-3,
				1,
				2.333,
				-3,
				2.833,
				-1.6,
				3.333,
				0,
				1,
				3.833,
				1.6,
				4.333,
				2,
				4.833,
				2,
				1,
				5.211,
				2,
				5.589,
				1.249,
				5.967,
				0.331
			]
		},
		{
			"Target": "Parameter",
			"Id": "Param_Angle_Rotation66",
			"Segments": [
				0,
				1.17,
				1,
				0.011,
				1.17,
				0.022,
				1.107,
				0.033,
				1.078,
				1,
				0.256,
				0.502,
				0.478,
				-0.186,
				0.7,
				-0.605,
				1,
				1.244,
				-1.631,
				1.789,
				-2,
				2.333,
				-2,
				1,
				2.833,
				-2,
				3.333,
				-1.333,
				3.833,
				0,
				1,
				4.333,
				1.333,
				4.833,
				2,
				5.333,
				2,
				1,
				5.544,
				2,
				5.756,
				1.784,
				5.967,
				1.256
			]
		},
		{
			"Target": "Parameter",
			"Id": "Param_Angle_Rotation67",
			"Segments": [
				0,
				2.9,
				1,
				0.444,
				2.9,
				0.889,
				1.449,
				1.333,
				0,
				1,
				1.833,
				-1.63,
				2.333,
				-2,
				2.833,
				-2,
				1,
				3.333,
				-2,
				3.833,
				-1.52,
				4.333,
				0,
				1,
				4.878,
				1.655,
				5.422,
				2.851,
				5.967,
				2.899
			]
		},
		{
			"Target": "Parameter",
			"Id": "Param_Angle_Rotation68",
			"Segments": [
				0,
				2.81,
				1,
				0.011,
				2.81,
				0.022,
				2.865,
				0.033,
				2.875,
				1,
				0.133,
				2.965,
				0.233,
				3,
				0.333,
				3,
				1,
				0.833,
				3,
				1.333,
				1.6,
				1.833,
				0,
				1,
				2.333,
				-1.6,
				2.833,
				-2,
				3.333,
				-2,
				1,
				3.833,
				-2,
				4.333,
				-1.274,
				4.833,
				0,
				1,
				5.211,
				0.962,
				5.589,
				2.321,
				5.967,
				2.773
			]
		},
		{
			"Target": "Parameter",
			"Id": "Param_Angle_Rotation69",
			"Segments": [
				0,
				2.07,
				1,
				0.011,
				2.07,
				0.022,
				2.11,
				0.033,
				2.134,
				1,
				0.3,
				2.722,
				0.567,
				3,
				0.833,
				3,
				1,
				1.333,
				3,
				1.833,
				2,
				2.333,
				0,
				1,
				2.833,
				-2,
				3.333,
				-3,
				3.833,
				-3,
				1,
				4.333,
				-3,
				4.833,
				-1.837,
				5.333,
				0,
				1,
				5.544,
				0.776,
				5.756,
				1.434,
				5.967,
				1.984
			]
		},
		{
			"Target": "Parameter",
			"Id": "Param_Angle_Rotation70",
			"Segments": [
				0,
				0.52,
				1,
				0.011,
				0.52,
				0.022,
				0.604,
				0.033,
				0.645,
				1,
				0.467,
				2.235,
				0.9,
				3,
				1.333,
				3,
				1,
				1.833,
				3,
				2.333,
				1.6,
				2.833,
				0,
				1,
				3.333,
				-1.6,
				3.833,
				-2,
				4.333,
				-2,
				1,
				4.833,
				-2,
				5.333,
				-1.353,
				5.833,
				0,
				1,
				5.878,
				0.12,
				5.922,
				0.251,
				5.967,
				0.403
			]
		},
		{
			"Target": "Parameter",
			"Id": "Param_Angle_Rotation72",
			"Segments": [
				0,
				0.38,
				1,
				0.011,
				0.38,
				0.022,
				0.28,
				0.033,
				0.252,
				1,
				0.633,
				-1.268,
				1.233,
				-2,
				1.833,
				-2,
				1,
				2.333,
				-2,
				2.833,
				-1.6,
				3.333,
				0,
				1,
				3.833,
				1.6,
				4.333,
				3,
				4.833,
				3,
				1,
				5.211,
				3,
				5.589,
				1.883,
				5.967,
				0.502
			]
		},
		{
			"Target": "Parameter",
			"Id": "Param_Angle_Rotation73",
			"Segments": [
				0,
				1.17,
				1,
				0.011,
				1.17,
				0.022,
				1.056,
				0.033,
				1.019,
				1,
				0.256,
				0.275,
				0.478,
				-0.593,
				0.7,
				-1.146,
				1,
				1.244,
				-2.5,
				1.789,
				-3,
				2.333,
				-3,
				1,
				2.833,
				-3,
				3.333,
				-1.6,
				3.833,
				0,
				1,
				4.333,
				1.6,
				4.833,
				2,
				5.333,
				2,
				1,
				5.544,
				2,
				5.756,
				1.784,
				5.967,
				1.256
			]
		},
		{
			"Target": "Parameter",
			"Id": "Param_Angle_Rotation74",
			"Segments": [
				0,
				2.9,
				1,
				0.444,
				2.9,
				0.889,
				1.848,
				1.333,
				0,
				1,
				1.833,
				-2.079,
				2.333,
				-3,
				2.833,
				-3,
				1,
				3.333,
				-3,
				3.833,
				-1.854,
				4.333,
				0,
				1,
				4.878,
				2.019,
				5.422,
				2.866,
				5.967,
				2.899
			]
		},
		{
			"Target": "Parameter",
			"Id": "Param_Angle_Rotation76",
			"Segments": [
				0,
				-0.25,
				1,
				0.011,
				-0.25,
				0.022,
				-0.231,
				0.033,
				-0.217,
				1,
				0.133,
				-0.089,
				0.233,
				0.036,
				0.333,
				0.151,
				1,
				0.833,
				0.724,
				1.333,
				1,
				1.833,
				1,
				1,
				2.333,
				1,
				2.833,
				0.889,
				3.333,
				0,
				1,
				3.833,
				-0.889,
				4.333,
				-2,
				4.833,
				-2,
				1,
				5.211,
				-2,
				5.589,
				-1.249,
				5.967,
				-0.331
			]
		},
		{
			"Target": "Parameter",
			"Id": "Param_Angle_Rotation77",
			"Segments": [
				0,
				-1.17,
				1,
				0.011,
				-1.17,
				0.022,
				-1.125,
				0.033,
				-1.107,
				1,
				0.289,
				-0.7,
				0.544,
				-0.248,
				0.8,
				0.083,
				1,
				1.311,
				0.745,
				1.822,
				1,
				2.333,
				1,
				1,
				2.833,
				1,
				3.333,
				0.889,
				3.833,
				0,
				1,
				4.333,
				-0.889,
				4.833,
				-2,
				5.333,
				-2,
				1,
				5.544,
				-2,
				5.756,
				-1.784,
				5.967,
				-1.256
			]
		},
		{
			"Target": "Parameter",
			"Id": "Param_Angle_Rotation78",
			"Segments": [
				0,
				-1.93,
				1,
				0.444,
				-1.93,
				0.889,
				-1.231,
				1.333,
				0,
				1,
				1.833,
				1.385,
				2.333,
				2,
				2.833,
				2,
				1,
				3.333,
				2,
				3.833,
				1.235,
				4.333,
				0,
				1,
				4.878,
				-1.345,
				5.422,
				-1.907,
				5.967,
				-1.929
			]
		},
		{
			"Target": "Parameter",
			"Id": "Param_Angle_Rotation79",
			"Segments": [
				0,
				-1.85,
				1,
				0.011,
				-1.85,
				0.022,
				-1.875,
				0.033,
				-1.884,
				1,
				0.133,
				-1.966,
				0.233,
				-2,
				0.333,
				-2,
				1,
				0.833,
				-2,
				1.333,
				-0.889,
				1.833,
				0,
				1,
				2.333,
				0.889,
				2.833,
				1,
				3.333,
				1,
				1,
				3.833,
				1,
				4.333,
				0.717,
				4.833,
				0,
				1,
				5.211,
				-0.541,
				5.589,
				-1.279,
				5.967,
				-1.804
			]
		},
		{
			"Target": "Parameter",
			"Id": "Param_Angle_Rotation80",
			"Segments": [
				0,
				-1.2,
				1,
				0.011,
				-1.2,
				0.022,
				-1.243,
				0.033,
				-1.264,
				1,
				0.3,
				-1.765,
				0.567,
				-2,
				0.833,
				-2,
				1,
				1.333,
				-2,
				1.833,
				-0.889,
				2.333,
				0,
				1,
				2.833,
				0.889,
				3.333,
				1,
				3.833,
				1,
				1,
				4.333,
				1,
				4.833,
				0.724,
				5.333,
				0,
				1,
				5.544,
				-0.306,
				5.756,
				-0.74,
				5.967,
				-1.137
			]
		},
		{
			"Target": "Parameter",
			"Id": "Param_Angle_Rotation82",
			"Segments": [
				0,
				-0.25,
				1,
				0.011,
				-0.25,
				0.022,
				-0.169,
				0.033,
				-0.13,
				1,
				0.633,
				1.976,
				1.233,
				3,
				1.833,
				3,
				1,
				2.333,
				3,
				2.833,
				1.6,
				3.333,
				0,
				1,
				3.833,
				-1.6,
				4.333,
				-2,
				4.833,
				-2,
				1,
				5.211,
				-2,
				5.589,
				-1.249,
				5.967,
				-0.331
			]
		},
		{
			"Target": "Parameter",
			"Id": "Param_Angle_Rotation83",
			"Segments": [
				0,
				-1.17,
				1,
				0.011,
				-1.17,
				0.022,
				-1.131,
				0.033,
				-1.108,
				1,
				0.289,
				-0.588,
				0.544,
				-0.097,
				0.8,
				0.423,
				1,
				1.311,
				1.464,
				1.822,
				2,
				2.333,
				2,
				1,
				2.833,
				2,
				3.333,
				1.333,
				3.833,
				0,
				1,
				4.333,
				-1.333,
				4.833,
				-2,
				5.333,
				-2,
				1,
				5.544,
				-2,
				5.756,
				-1.784,
				5.967,
				-1.256
			]
		},
		{
			"Target": "Parameter",
			"Id": "Param_Angle_Rotation84",
			"Segments": [
				0,
				-1.93,
				1,
				0.444,
				-1.93,
				0.889,
				-1.231,
				1.333,
				0,
				1,
				1.833,
				1.385,
				2.333,
				2,
				2.833,
				2,
				1,
				3.333,
				2,
				3.833,
				1.235,
				4.333,
				0,
				1,
				4.878,
				-1.345,
				5.422,
				-1.907,
				5.967,
				-1.929
			]
		},
		{
			"Target": "Parameter",
			"Id": "Param_Angle_Rotation85",
			"Segments": [
				0,
				-1.9,
				1,
				0.611,
				-1.9,
				1.222,
				-1.408,
				1.833,
				0,
				1,
				2.333,
				1.152,
				2.833,
				2,
				3.333,
				2,
				1,
				3.833,
				2,
				4.333,
				1.448,
				4.833,
				0,
				1,
				5.211,
				-1.094,
				5.589,
				-1.856,
				5.967,
				-1.898
			]
		},
		{
			"Target": "Parameter",
			"Id": "Param_Angle_Rotation86",
			"Segments": [
				0,
				-1.38,
				1,
				0.011,
				-1.38,
				0.022,
				-1.427,
				0.033,
				-1.443,
				1,
				0.3,
				-1.824,
				0.567,
				-2,
				0.833,
				-2,
				1,
				1.333,
				-2,
				1.833,
				-1.333,
				2.333,
				0,
				1,
				2.833,
				1.333,
				3.333,
				2,
				3.833,
				2,
				1,
				4.333,
				2,
				4.833,
				1.225,
				5.333,
				0,
				1,
				5.544,
				-0.517,
				5.756,
				-0.956,
				5.967,
				-1.323
			]
		},
		{
			"Target": "Parameter",
			"Id": "Param_Angle_Rotation88",
			"Segments": [
				0,
				-0.38,
				1,
				0.011,
				-0.38,
				0.022,
				-0.287,
				0.033,
				-0.257,
				1,
				0.133,
				0.014,
				0.233,
				0.297,
				0.333,
				0.504,
				1,
				0.833,
				1.538,
				1.333,
				2,
				1.833,
				2,
				1,
				2.333,
				2,
				2.833,
				1.6,
				3.333,
				0,
				1,
				3.833,
				-1.6,
				4.333,
				-3,
				4.833,
				-3,
				1,
				5.211,
				-3,
				5.589,
				-1.883,
				5.967,
				-0.502
			]
		},
		{
			"Target": "Parameter",
			"Id": "Param_Angle_Rotation89",
			"Segments": [
				0,
				-1.17,
				1,
				0.011,
				-1.17,
				0.022,
				-1.132,
				0.033,
				-1.108,
				1,
				0.289,
				-0.564,
				0.544,
				-0.019,
				0.8,
				0.494,
				1,
				1.311,
				1.518,
				1.822,
				2,
				2.333,
				2,
				1,
				2.833,
				2,
				3.333,
				1.333,
				3.833,
				0,
				1,
				4.333,
				-1.333,
				4.833,
				-2,
				5.333,
				-2,
				1,
				5.544,
				-2,
				5.756,
				-1.784,
				5.967,
				-1.256
			]
		},
		{
			"Target": "Parameter",
			"Id": "Param_Angle_Rotation90",
			"Segments": [
				0,
				-1.93,
				1,
				0.444,
				-1.93,
				0.889,
				-1.507,
				1.333,
				0,
				1,
				1.833,
				1.695,
				2.333,
				3,
				2.833,
				3,
				1,
				3.333,
				3,
				3.833,
				1.446,
				4.333,
				0,
				1,
				4.878,
				-1.575,
				5.422,
				-1.917,
				5.967,
				-1.93
			]
		},
		{
			"Target": "Parameter",
			"Id": "Param_Angle_Rotation91",
			"Segments": [
				0,
				-1.93,
				1,
				0.611,
				-1.93,
				1.222,
				-1.635,
				1.833,
				0,
				1,
				2.333,
				1.338,
				2.833,
				3,
				3.333,
				3,
				1,
				3.833,
				3,
				4.333,
				1.832,
				4.833,
				0,
				1,
				5.211,
				-1.384,
				5.589,
				-1.9,
				5.967,
				-1.929
			]
		},
		{
			"Target": "Parameter",
			"Id": "Param_Angle_Rotation92",
			"Segments": [
				0,
				-1.38,
				1,
				0.011,
				-1.38,
				0.022,
				-1.397,
				0.033,
				-1.413,
				1,
				0.3,
				-1.808,
				0.567,
				-2,
				0.833,
				-2,
				1,
				1.333,
				-2,
				1.833,
				-1.333,
				2.333,
				0,
				1,
				2.833,
				1.333,
				3.333,
				2,
				3.833,
				2,
				1,
				4.333,
				2,
				4.833,
				1.225,
				5.333,
				0,
				1,
				5.544,
				-0.517,
				5.756,
				-0.956,
				5.967,
				-1.323
			]
		},
		{
			"Target": "Parameter",
			"Id": "Param_Angle_Rotation94",
			"Segments": [
				0,
				-0.25,
				1,
				0.011,
				-0.25,
				0.022,
				-0.169,
				0.033,
				-0.13,
				1,
				0.633,
				1.976,
				1.233,
				3,
				1.833,
				3,
				1,
				2.333,
				3,
				2.833,
				1.6,
				3.333,
				0,
				1,
				3.833,
				-1.6,
				4.333,
				-2,
				4.833,
				-2,
				1,
				5.211,
				-2,
				5.589,
				-1.249,
				5.967,
				-0.331
			]
		},
		{
			"Target": "Parameter",
			"Id": "Param_Angle_Rotation95",
			"Segments": [
				0,
				-1.75,
				1,
				0.011,
				-1.75,
				0.022,
				-1.668,
				0.033,
				-1.627,
				1,
				0.244,
				-0.843,
				0.456,
				0.034,
				0.667,
				0.665,
				1,
				1.222,
				2.325,
				1.778,
				3,
				2.333,
				3,
				1,
				2.833,
				3,
				3.333,
				2,
				3.833,
				0,
				1,
				4.333,
				-2,
				4.833,
				-3,
				5.333,
				-3,
				1,
				5.544,
				-3,
				5.756,
				-2.672,
				5.967,
				-1.879
			]
		},
		{
			"Target": "Parameter",
			"Id": "Param_Angle_Rotation96",
			"Segments": [
				0,
				-2.9,
				1,
				0.444,
				-2.9,
				0.889,
				-1.848,
				1.333,
				0,
				1,
				1.833,
				2.079,
				2.333,
				3,
				2.833,
				3,
				1,
				3.333,
				3,
				3.833,
				1.854,
				4.333,
				0,
				1,
				4.878,
				-2.019,
				5.422,
				-2.866,
				5.967,
				-2.899
			]
		},
		{
			"Target": "Parameter",
			"Id": "Param_Angle_Rotation97",
			"Segments": [
				0,
				-1.95,
				1,
				0.611,
				-1.95,
				1.222,
				-1.781,
				1.833,
				0,
				1,
				2.333,
				1.457,
				2.833,
				4,
				3.333,
				4,
				1,
				3.833,
				4,
				4.333,
				2.115,
				4.833,
				0,
				1,
				5.211,
				-1.598,
				5.589,
				-1.931,
				5.967,
				-1.949
			]
		},
		{
			"Target": "Parameter",
			"Id": "Param_Angle_Rotation98",
			"Segments": [
				0,
				0.25,
				1,
				0.011,
				0.25,
				0.022,
				0.139,
				0.033,
				0.1,
				1,
				0.633,
				-1.99,
				1.233,
				-3,
				1.833,
				-3,
				1,
				2.333,
				-3,
				2.833,
				-1.6,
				3.333,
				0,
				1,
				3.833,
				1.6,
				4.333,
				2,
				4.833,
				2,
				1,
				5.211,
				2,
				5.589,
				1.249,
				5.967,
				0.331
			]
		},
		{
			"Target": "Parameter",
			"Id": "Param_Angle_Rotation99",
			"Segments": [
				0,
				1.17,
				1,
				0.011,
				1.17,
				0.022,
				1.11,
				0.033,
				1.079,
				1,
				0.267,
				0.427,
				0.5,
				-0.197,
				0.733,
				-0.831,
				1,
				1.267,
				-2.28,
				1.8,
				-3,
				2.333,
				-3,
				1,
				2.833,
				-3,
				3.333,
				-1.6,
				3.833,
				0,
				1,
				4.333,
				1.6,
				4.833,
				2,
				5.333,
				2,
				1,
				5.544,
				2,
				5.756,
				1.784,
				5.967,
				1.256
			]
		},
		{
			"Target": "Parameter",
			"Id": "Param_Angle_Rotation100",
			"Segments": [
				0,
				1.93,
				1,
				0.444,
				1.93,
				0.889,
				1.231,
				1.333,
				0,
				1,
				1.833,
				-1.385,
				2.333,
				-2,
				2.833,
				-2,
				1,
				3.333,
				-2,
				3.833,
				-1.235,
				4.333,
				0,
				1,
				4.878,
				1.345,
				5.422,
				1.907,
				5.967,
				1.929
			]
		},
		{
			"Target": "Parameter",
			"Id": "Param_Angle_Rotation101",
			"Segments": [
				0,
				0.99,
				1,
				0.611,
				0.99,
				1.222,
				0.982,
				1.833,
				0,
				1,
				2.333,
				-0.804,
				2.833,
				-3,
				3.333,
				-3,
				1,
				3.833,
				-3,
				4.333,
				-1.254,
				4.833,
				0,
				1,
				5.211,
				0.948,
				5.589,
				0.988,
				5.967,
				0.99
			]
		},
		{
			"Target": "Parameter",
			"Id": "Param_Angle_Rotation102",
			"Segments": [
				0,
				1.49,
				1,
				0.011,
				1.49,
				0.022,
				1.57,
				0.033,
				1.582,
				1,
				0.3,
				1.87,
				0.567,
				2,
				0.833,
				2,
				1,
				1.333,
				2,
				1.833,
				1.6,
				2.333,
				0,
				1,
				2.833,
				-1.6,
				3.333,
				-3,
				3.833,
				-3,
				1,
				4.333,
				-3,
				4.833,
				-1.609,
				5.333,
				0,
				1,
				5.544,
				0.679,
				5.756,
				1.105,
				5.967,
				1.438
			]
		},
		{
			"Target": "Parameter",
			"Id": "Param_Angle_Rotation103",
			"Segments": [
				0,
				0.25,
				1,
				0.011,
				0.25,
				0.022,
				0.178,
				0.033,
				0.151,
				1,
				0.633,
				-1.299,
				1.233,
				-2,
				1.833,
				-2,
				1,
				2.333,
				-2,
				2.833,
				-1.333,
				3.333,
				0,
				1,
				3.833,
				1.333,
				4.333,
				2,
				4.833,
				2,
				1,
				5.211,
				2,
				5.589,
				1.249,
				5.967,
				0.331
			]
		},
		{
			"Target": "Parameter",
			"Id": "Param_Angle_Rotation104",
			"Segments": [
				0,
				1.17,
				1,
				0.011,
				1.17,
				0.022,
				1.054,
				0.033,
				1.019,
				1,
				0.256,
				0.313,
				0.478,
				-0.461,
				0.7,
				-1.033,
				1,
				1.244,
				-2.432,
				1.789,
				-3,
				2.333,
				-3,
				1,
				2.833,
				-3,
				3.333,
				-1.6,
				3.833,
				0,
				1,
				4.333,
				1.6,
				4.833,
				2,
				5.333,
				2,
				1,
				5.544,
				2,
				5.756,
				1.784,
				5.967,
				1.256
			]
		},
		{
			"Target": "Parameter",
			"Id": "Param_Angle_Rotation105",
			"Segments": [
				0,
				1.93,
				1,
				0.444,
				1.93,
				0.889,
				1.697,
				1.333,
				0,
				1,
				1.833,
				-1.909,
				2.333,
				-4,
				2.833,
				-4,
				1,
				3.333,
				-4,
				3.833,
				-1.581,
				4.333,
				0,
				1,
				4.878,
				1.721,
				5.422,
				1.922,
				5.967,
				1.93
			]
		},
		{
			"Target": "Parameter",
			"Id": "Param_Angle_Rotation106",
			"Segments": [
				0,
				1.93,
				1,
				0.611,
				1.93,
				1.222,
				1.635,
				1.833,
				0,
				1,
				2.333,
				-1.338,
				2.833,
				-3,
				3.333,
				-3,
				1,
				3.833,
				-3,
				4.333,
				-1.832,
				4.833,
				0,
				1,
				5.211,
				1.384,
				5.589,
				1.9,
				5.967,
				1.929
			]
		},
		{
			"Target": "Parameter",
			"Id": "Param_Angle_Rotation107",
			"Segments": [
				0,
				1.49,
				1,
				0.011,
				1.49,
				0.022,
				1.539,
				0.033,
				1.552,
				1,
				0.3,
				1.859,
				0.567,
				2,
				0.833,
				2,
				1,
				1.333,
				2,
				1.833,
				1.6,
				2.333,
				0,
				1,
				2.833,
				-1.6,
				3.333,
				-3,
				3.833,
				-3,
				1,
				4.333,
				-3,
				4.833,
				-1.609,
				5.333,
				0,
				1,
				5.544,
				0.679,
				5.756,
				1.105,
				5.967,
				1.438
			]
		}
	]
}