{
	"Version": 3,
	"Parameters": [
		{
			"Id": "ParamEff1",
			"GroupId": "ParamGroup",
			"Name": "エフェクト1"
		},
		{
			"Id": "ParamEff2",
			"GroupId": "ParamGroup",
			"Name": "エフェクト2"
		},
		{
			"Id": "ParamEff3",
			"GroupId": "ParamGroup",
			"Name": "エフェクト3"
		},
		{
			"Id": "ParamEff4",
			"GroupId": "ParamGroup",
			"Name": "エフェクト4"
		},
		{
			"Id": "ParamEff5",
			"GroupId": "ParamGroup",
			"Name": "エフェクト5"
		},
		{
			"Id": "ParamEff6",
			"GroupId": "ParamGroup",
			"Name": "エフェクト6"
		},
		{
			"Id": "ParamEff7",
			"GroupId": "ParamGroup",
			"Name": "エフェクト7"
		},
		{
			"Id": "ParamEff8",
			"GroupId": "ParamGroup",
			"Name": "エフェクト8"
		},
		{
			"Id": "ParamEff9",
			"GroupId": "ParamGroup",
			"Name": "エフェクト9"
		},
		{
			"Id": "ParamEff10",
			"GroupId": "ParamGroup",
			"Name": "エフェクト10"
		},
		{
			"Id": "ParamEff11",
			"GroupId": "ParamGroup",
			"Name": "エフェクト11"
		},
		{
			"Id": "ParamEff12",
			"GroupId": "ParamGroup",
			"Name": "エフェクト12"
		},
		{
			"Id": "ParamEff13",
			"GroupId": "ParamGroup",
			"Name": "エフェクト13"
		},
		{
			"Id": "ParamEff14",
			"GroupId": "ParamGroup",
			"Name": "エフェクト14"
		},
		{
			"Id": "ParamEff15",
			"GroupId": "ParamGroup",
			"Name": "エフェクト15"
		},
		{
			"Id": "ParamEff16",
			"GroupId": "ParamGroup",
			"Name": "エフェクト16"
		},
		{
			"Id": "ParamEff17",
			"GroupId": "ParamGroup",
			"Name": "エフェクト17"
		},
		{
			"Id": "ParamEff18",
			"GroupId": "ParamGroup",
			"Name": "エフェクト18"
		},
		{
			"Id": "ParamEff19",
			"GroupId": "ParamGroup",
			"Name": "エフェクト19"
		},
		{
			"Id": "ParamEff20",
			"GroupId": "ParamGroup",
			"Name": "エフェクト20"
		},
		{
			"Id": "ParamEff21",
			"GroupId": "ParamGroup",
			"Name": "エフェクト21"
		},
		{
			"Id": "ParamEff22",
			"GroupId": "ParamGroup",
			"Name": "エフェクト22"
		},
		{
			"Id": "ParamEff23",
			"GroupId": "ParamGroup",
			"Name": "エフェクト23"
		},
		{
			"Id": "ParamEff24",
			"GroupId": "ParamGroup",
			"Name": "エフェクト24"
		},
		{
			"Id": "ParamEff25",
			"GroupId": "ParamGroup",
			"Name": "エフェクト25"
		},
		{
			"Id": "ParamEff26",
			"GroupId": "ParamGroup",
			"Name": "エフェクト26"
		},
		{
			"Id": "ParamEff27",
			"GroupId": "ParamGroup",
			"Name": "エフェクト27"
		},
		{
			"Id": "ParamEff28",
			"GroupId": "ParamGroup",
			"Name": "エフェクト28"
		},
		{
			"Id": "ParamEff29",
			"GroupId": "ParamGroup",
			"Name": "エフェクト29"
		},
		{
			"Id": "ParamEff30",
			"GroupId": "ParamGroup",
			"Name": "エフェクト30"
		},
		{
			"Id": "ParamEff31",
			"GroupId": "ParamGroup",
			"Name": "エフェクト31"
		},
		{
			"Id": "ParamEff32",
			"GroupId": "ParamGroup",
			"Name": "エフェクト32"
		},
		{
			"Id": "ParamEff33",
			"GroupId": "ParamGroup",
			"Name": "エフェクト33"
		},
		{
			"Id": "ParamPachi",
			"GroupId": "ParamGroup2",
			"Name": "目パチ"
		},
		{
			"Id": "ParamLegL1",
			"GroupId": "ParamGroup2",
			"Name": "右太もも"
		},
		{
			"Id": "ParamLegL2",
			"GroupId": "ParamGroup2",
			"Name": "右足"
		},
		{
			"Id": "ParamLegR1",
			"GroupId": "ParamGroup2",
			"Name": "左太もも"
		},
		{
			"Id": "ParamLegR2",
			"GroupId": "ParamGroup2",
			"Name": "左足"
		},
		{
			"Id": "ParamEyeRL",
			"GroupId": "ParamGroup2",
			"Name": "目Hi左右"
		},
		{
			"Id": "ParamEyeUD",
			"GroupId": "ParamGroup2",
			"Name": "目Hi上下"
		},
		{
			"Id": "ParamEyeBS",
			"GroupId": "ParamGroup2",
			"Name": "目Hi大小"
		},
		{
			"Id": "ParamPaiRX",
			"GroupId": "ParamGroup2",
			"Name": "右胸 X"
		},
		{
			"Id": "ParamPaiRY",
			"GroupId": "ParamGroup2",
			"Name": "右胸 Y"
		},
		{
			"Id": "ParamPaiRX2",
			"GroupId": "ParamGroup2",
			"Name": "右胸 X2"
		},
		{
			"Id": "ParamPaiRY2",
			"GroupId": "ParamGroup2",
			"Name": "右胸 Y2"
		},
		{
			"Id": "ParamPaiLY",
			"GroupId": "ParamGroup2",
			"Name": "左胸 Y"
		},
		{
			"Id": "ParamPaiLX",
			"GroupId": "ParamGroup2",
			"Name": "左胸 X"
		},
		{
			"Id": "ParamPaiLY2",
			"GroupId": "ParamGroup2",
			"Name": "左胸 Y2"
		},
		{
			"Id": "ParamPaiLX2",
			"GroupId": "ParamGroup2",
			"Name": "左胸 X2"
		},
		{
			"Id": "ParamBreat",
			"GroupId": "ParamGroup2",
			"Name": "呼吸"
		},
		{
			"Id": "ParamHairHX",
			"GroupId": "ParamGroup3",
			"Name": "髪紐 X"
		},
		{
			"Id": "ParamHairHY",
			"GroupId": "ParamGroup3",
			"Name": "髪紐 Y"
		},
		{
			"Id": "ParamFX",
			"GroupId": "ParamGroup3",
			"Name": "足アクセ X"
		},
		{
			"Id": "ParamFY",
			"GroupId": "ParamGroup3",
			"Name": "足アクセ Y"
		},
		{
			"Id": "Param_Angle_Rotation2",
			"GroupId": "ParamGroup4",
			"Name": "[0]髪3"
		},
		{
			"Id": "Param_Angle_Rotation3",
			"GroupId": "ParamGroup4",
			"Name": "[1]髪3"
		},
		{
			"Id": "Param_Angle_Rotation4",
			"GroupId": "ParamGroup4",
			"Name": "[2]髪3"
		},
		{
			"Id": "Param_Angle_Rotation6",
			"GroupId": "ParamGroup5",
			"Name": "[0]髪1"
		},
		{
			"Id": "Param_Angle_Rotation7",
			"GroupId": "ParamGroup5",
			"Name": "[1]髪1"
		},
		{
			"Id": "Param_Angle_Rotation8",
			"GroupId": "ParamGroup5",
			"Name": "[2]髪1"
		},
		{
			"Id": "Param_Angle_Rotation9",
			"GroupId": "ParamGroup5",
			"Name": "[3]髪1"
		},
		{
			"Id": "Param_Angle_Rotation11",
			"GroupId": "ParamGroup6",
			"Name": "[0]髪2"
		},
		{
			"Id": "Param_Angle_Rotation12",
			"GroupId": "ParamGroup6",
			"Name": "[1]髪2"
		},
		{
			"Id": "Param_Angle_Rotation13",
			"GroupId": "ParamGroup6",
			"Name": "[2]髪2"
		},
		{
			"Id": "Param_Angle_Rotation15",
			"GroupId": "ParamGroup7",
			"Name": "[0]髪4"
		},
		{
			"Id": "Param_Angle_Rotation16",
			"GroupId": "ParamGroup7",
			"Name": "[1]髪4"
		},
		{
			"Id": "Param_Angle_Rotation17",
			"GroupId": "ParamGroup7",
			"Name": "[2]髪4"
		},
		{
			"Id": "Param_Angle_Rotation19",
			"GroupId": "ParamGroup8",
			"Name": "[0]髪5"
		},
		{
			"Id": "Param_Angle_Rotation20",
			"GroupId": "ParamGroup8",
			"Name": "[1]髪5"
		},
		{
			"Id": "Param_Angle_Rotation21",
			"GroupId": "ParamGroup8",
			"Name": "[2]髪5"
		},
		{
			"Id": "Param_Angle_Rotation23",
			"GroupId": "ParamGroup9",
			"Name": "[0]髪6"
		},
		{
			"Id": "Param_Angle_Rotation24",
			"GroupId": "ParamGroup9",
			"Name": "[1]髪6"
		},
		{
			"Id": "Param_Angle_Rotation25",
			"GroupId": "ParamGroup9",
			"Name": "[2]髪6"
		},
		{
			"Id": "Param_Angle_Rotation27",
			"GroupId": "ParamGroup10",
			"Name": "[0]もみ1"
		},
		{
			"Id": "Param_Angle_Rotation28",
			"GroupId": "ParamGroup10",
			"Name": "[1]もみ1"
		},
		{
			"Id": "Param_Angle_Rotation29",
			"GroupId": "ParamGroup10",
			"Name": "[2]もみ1"
		},
		{
			"Id": "Param_Angle_Rotation30",
			"GroupId": "ParamGroup10",
			"Name": "[3]もみ1"
		},
		{
			"Id": "Param_Angle_Rotation32",
			"GroupId": "ParamGroup11",
			"Name": "[0]もみ2"
		},
		{
			"Id": "Param_Angle_Rotation33",
			"GroupId": "ParamGroup11",
			"Name": "[1]もみ2"
		},
		{
			"Id": "Param_Angle_Rotation34",
			"GroupId": "ParamGroup11",
			"Name": "[2]もみ2"
		},
		{
			"Id": "Param_Angle_Rotation37",
			"GroupId": "ParamGroup12",
			"Name": "[0]後髪1"
		},
		{
			"Id": "Param_Angle_Rotation38",
			"GroupId": "ParamGroup12",
			"Name": "[1]後髪1"
		},
		{
			"Id": "Param_Angle_Rotation39",
			"GroupId": "ParamGroup12",
			"Name": "[2]後髪1"
		},
		{
			"Id": "Param_Angle_Rotation40",
			"GroupId": "ParamGroup12",
			"Name": "[3]後髪1"
		},
		{
			"Id": "Param_Angle_Rotation41",
			"GroupId": "ParamGroup12",
			"Name": "[4]後髪1"
		},
		{
			"Id": "Param_Angle_Rotation42",
			"GroupId": "ParamGroup12",
			"Name": "[5]後髪1"
		},
		{
			"Id": "Param_Angle_Rotation44",
			"GroupId": "ParamGroup13",
			"Name": "[0]後髪2"
		},
		{
			"Id": "Param_Angle_Rotation45",
			"GroupId": "ParamGroup13",
			"Name": "[1]後髪2"
		},
		{
			"Id": "Param_Angle_Rotation46",
			"GroupId": "ParamGroup13",
			"Name": "[2]後髪2"
		},
		{
			"Id": "Param_Angle_Rotation47",
			"GroupId": "ParamGroup13",
			"Name": "[3]後髪2"
		},
		{
			"Id": "Param_Angle_Rotation48",
			"GroupId": "ParamGroup13",
			"Name": "[4]後髪2"
		},
		{
			"Id": "Param_Angle_Rotation49",
			"GroupId": "ParamGroup13",
			"Name": "[5]後髪2"
		},
		{
			"Id": "Param_Angle_Rotation50",
			"GroupId": "ParamGroup13",
			"Name": "[6]後髪2"
		},
		{
			"Id": "Param_Angle_Rotation52",
			"GroupId": "ParamGroup14",
			"Name": "[0]後髪3"
		},
		{
			"Id": "Param_Angle_Rotation53",
			"GroupId": "ParamGroup14",
			"Name": "[1]後髪3"
		},
		{
			"Id": "Param_Angle_Rotation54",
			"GroupId": "ParamGroup14",
			"Name": "[2]後髪3"
		},
		{
			"Id": "Param_Angle_Rotation55",
			"GroupId": "ParamGroup14",
			"Name": "[3]後髪3"
		},
		{
			"Id": "Param_Angle_Rotation56",
			"GroupId": "ParamGroup14",
			"Name": "[4]後髪3"
		},
		{
			"Id": "Param_Angle_Rotation57",
			"GroupId": "ParamGroup14",
			"Name": "[5]後髪3"
		},
		{
			"Id": "Param_Angle_Rotation59",
			"GroupId": "ParamGroup15",
			"Name": "[0]後髪4"
		},
		{
			"Id": "Param_Angle_Rotation60",
			"GroupId": "ParamGroup15",
			"Name": "[1]後髪4"
		},
		{
			"Id": "Param_Angle_Rotation61",
			"GroupId": "ParamGroup15",
			"Name": "[2]後髪4"
		},
		{
			"Id": "Param_Angle_Rotation62",
			"GroupId": "ParamGroup15",
			"Name": "[3]後髪4"
		},
		{
			"Id": "Param_Angle_Rotation63",
			"GroupId": "ParamGroup15",
			"Name": "[4]後髪4"
		},
		{
			"Id": "Param_Angle_Rotation65",
			"GroupId": "ParamGroup16",
			"Name": "[0]後髪5"
		},
		{
			"Id": "Param_Angle_Rotation66",
			"GroupId": "ParamGroup16",
			"Name": "[1]後髪5"
		},
		{
			"Id": "Param_Angle_Rotation67",
			"GroupId": "ParamGroup16",
			"Name": "[2]後髪5"
		},
		{
			"Id": "Param_Angle_Rotation68",
			"GroupId": "ParamGroup16",
			"Name": "[3]後髪5"
		},
		{
			"Id": "Param_Angle_Rotation69",
			"GroupId": "ParamGroup16",
			"Name": "[4]後髪5"
		},
		{
			"Id": "Param_Angle_Rotation70",
			"GroupId": "ParamGroup16",
			"Name": "[5]後髪5"
		},
		{
			"Id": "Param_Angle_Rotation72",
			"GroupId": "ParamGroup17",
			"Name": "[0]後髪6"
		},
		{
			"Id": "Param_Angle_Rotation73",
			"GroupId": "ParamGroup17",
			"Name": "[1]後髪6"
		},
		{
			"Id": "Param_Angle_Rotation74",
			"GroupId": "ParamGroup17",
			"Name": "[2]後髪6"
		},
		{
			"Id": "Param_Angle_Rotation76",
			"GroupId": "ParamGroup18",
			"Name": "[0]後髪7"
		},
		{
			"Id": "Param_Angle_Rotation77",
			"GroupId": "ParamGroup18",
			"Name": "[1]後髪7"
		},
		{
			"Id": "Param_Angle_Rotation78",
			"GroupId": "ParamGroup18",
			"Name": "[2]後髪7"
		},
		{
			"Id": "Param_Angle_Rotation79",
			"GroupId": "ParamGroup18",
			"Name": "[3]後髪7"
		},
		{
			"Id": "Param_Angle_Rotation80",
			"GroupId": "ParamGroup18",
			"Name": "[4]後髪7"
		},
		{
			"Id": "Param_Angle_Rotation82",
			"GroupId": "ParamGroup19",
			"Name": "[0]後髪8"
		},
		{
			"Id": "Param_Angle_Rotation83",
			"GroupId": "ParamGroup19",
			"Name": "[1]後髪8"
		},
		{
			"Id": "Param_Angle_Rotation84",
			"GroupId": "ParamGroup19",
			"Name": "[2]後髪8"
		},
		{
			"Id": "Param_Angle_Rotation85",
			"GroupId": "ParamGroup19",
			"Name": "[3]後髪8"
		},
		{
			"Id": "Param_Angle_Rotation86",
			"GroupId": "ParamGroup19",
			"Name": "[4]後髪8"
		},
		{
			"Id": "Param_Angle_Rotation88",
			"GroupId": "ParamGroup20",
			"Name": "[0]後髪9"
		},
		{
			"Id": "Param_Angle_Rotation89",
			"GroupId": "ParamGroup20",
			"Name": "[1]後髪9"
		},
		{
			"Id": "Param_Angle_Rotation90",
			"GroupId": "ParamGroup20",
			"Name": "[2]後髪9"
		},
		{
			"Id": "Param_Angle_Rotation91",
			"GroupId": "ParamGroup20",
			"Name": "[3]後髪9"
		},
		{
			"Id": "Param_Angle_Rotation92",
			"GroupId": "ParamGroup20",
			"Name": "[4]後髪9"
		},
		{
			"Id": "Param_Angle_Rotation94",
			"GroupId": "ParamGroup21",
			"Name": "[0]後髪10"
		},
		{
			"Id": "Param_Angle_Rotation95",
			"GroupId": "ParamGroup21",
			"Name": "[1]後髪10"
		},
		{
			"Id": "Param_Angle_Rotation96",
			"GroupId": "ParamGroup21",
			"Name": "[2]後髪10"
		},
		{
			"Id": "Param_Angle_Rotation97",
			"GroupId": "ParamGroup21",
			"Name": "[3]後髪10"
		},
		{
			"Id": "Param_Angle_Rotation98",
			"GroupId": "ParamGroup22",
			"Name": "[0]服後1"
		},
		{
			"Id": "Param_Angle_Rotation99",
			"GroupId": "ParamGroup22",
			"Name": "[1]服後1"
		},
		{
			"Id": "Param_Angle_Rotation100",
			"GroupId": "ParamGroup22",
			"Name": "[2]服後1"
		},
		{
			"Id": "Param_Angle_Rotation101",
			"GroupId": "ParamGroup22",
			"Name": "[3]服後1"
		},
		{
			"Id": "Param_Angle_Rotation102",
			"GroupId": "ParamGroup22",
			"Name": "[4]服後1"
		},
		{
			"Id": "Param_Angle_Rotation103",
			"GroupId": "ParamGroup23",
			"Name": "[0]服後2"
		},
		{
			"Id": "Param_Angle_Rotation104",
			"GroupId": "ParamGroup23",
			"Name": "[1]服後2"
		},
		{
			"Id": "Param_Angle_Rotation105",
			"GroupId": "ParamGroup23",
			"Name": "[2]服後2"
		},
		{
			"Id": "Param_Angle_Rotation106",
			"GroupId": "ParamGroup23",
			"Name": "[3]服後2"
		},
		{
			"Id": "Param_Angle_Rotation107",
			"GroupId": "ParamGroup23",
			"Name": "[4]服後2"
		}
	],
	"ParameterGroups": [
		{
			"Id": "ParamGroup",
			"GroupId": "",
			"Name": "エフェクト"
		},
		{
			"Id": "ParamGroup2",
			"GroupId": "",
			"Name": "URアニメーション"
		},
		{
			"Id": "ParamGroup3",
			"GroupId": "",
			"Name": "追加"
		},
		{
			"Id": "ParamGroup4",
			"GroupId": "",
			"Name": "髪3"
		},
		{
			"Id": "ParamGroup5",
			"GroupId": "",
			"Name": "髪1"
		},
		{
			"Id": "ParamGroup6",
			"GroupId": "",
			"Name": "髪2"
		},
		{
			"Id": "ParamGroup7",
			"GroupId": "",
			"Name": "髪4"
		},
		{
			"Id": "ParamGroup8",
			"GroupId": "",
			"Name": "髪5"
		},
		{
			"Id": "ParamGroup9",
			"GroupId": "",
			"Name": "髪6"
		},
		{
			"Id": "ParamGroup10",
			"GroupId": "",
			"Name": "もみ1"
		},
		{
			"Id": "ParamGroup11",
			"GroupId": "",
			"Name": "もみ2"
		},
		{
			"Id": "ParamGroup12",
			"GroupId": "",
			"Name": "後髪1"
		},
		{
			"Id": "ParamGroup13",
			"GroupId": "",
			"Name": "後髪2"
		},
		{
			"Id": "ParamGroup14",
			"GroupId": "",
			"Name": "後髪3"
		},
		{
			"Id": "ParamGroup15",
			"GroupId": "",
			"Name": "後髪4"
		},
		{
			"Id": "ParamGroup16",
			"GroupId": "",
			"Name": "後髪5"
		},
		{
			"Id": "ParamGroup17",
			"GroupId": "",
			"Name": "後髪6"
		},
		{
			"Id": "ParamGroup18",
			"GroupId": "",
			"Name": "後髪7"
		},
		{
			"Id": "ParamGroup19",
			"GroupId": "",
			"Name": "後髪8"
		},
		{
			"Id": "ParamGroup20",
			"GroupId": "",
			"Name": "後髪9"
		},
		{
			"Id": "ParamGroup21",
			"GroupId": "",
			"Name": "後髪10"
		},
		{
			"Id": "ParamGroup22",
			"GroupId": "",
			"Name": "服後1"
		},
		{
			"Id": "ParamGroup23",
			"GroupId": "",
			"Name": "服後2"
		}
	],
	"Parts": [
		{
			"Id": "Part17",
			"Name": "1920x1440_1.psd"
		},
		{
			"Id": "Part16",
			"Name": "1920x1440.psd"
		},
		{
			"Id": "Part",
			"Name": "エフェクト"
		},
		{
			"Id": "Part12",
			"Name": "胸など"
		},
		{
			"Id": "ArtMesh82_Skinning",
			"Name": "服後1(スキニング)"
		},
		{
			"Id": "ArtMesh83_Skinning",
			"Name": "服後2(スキニング)"
		},
		{
			"Id": "Part15",
			"Name": "後髪"
		},
		{
			"Id": "Part2",
			"Name": "青光"
		},
		{
			"Id": "Part8",
			"Name": "閃細"
		},
		{
			"Id": "Part9",
			"Name": "閃"
		},
		{
			"Id": "Part10",
			"Name": "粒子"
		},
		{
			"Id": "Part11",
			"Name": "風光物体"
		},
		{
			"Id": "Part13",
			"Name": "髪"
		},
		{
			"Id": "Part14",
			"Name": "表情"
		},
		{
			"Id": "ArtMesh85_Skinning",
			"Name": "もみ1(スキニング)"
		},
		{
			"Id": "ArtMesh86_Skinning",
			"Name": "もみ2(スキニング)"
		},
		{
			"Id": "ArtMesh103_Skinning",
			"Name": "後髪1(スキニング)"
		},
		{
			"Id": "ArtMesh88_Skinning",
			"Name": "後髪2(スキニング)"
		},
		{
			"Id": "ArtMesh89_Skinning",
			"Name": "後髪3(スキニング)"
		},
		{
			"Id": "ArtMesh90_Skinning",
			"Name": "後髪4(スキニング)"
		},
		{
			"Id": "ArtMesh91_Skinning",
			"Name": "後髪5(スキニング)"
		},
		{
			"Id": "ArtMesh92_Skinning",
			"Name": "後髪6(スキニング)"
		},
		{
			"Id": "ArtMesh93_Skinning",
			"Name": "後髪7(スキニング)"
		},
		{
			"Id": "ArtMesh94_Skinning",
			"Name": "後髪8(スキニング)"
		},
		{
			"Id": "ArtMesh95_Skinning",
			"Name": "後髪9(スキニング)"
		},
		{
			"Id": "ArtMesh96_Skinning",
			"Name": "後髪10(スキニング)"
		},
		{
			"Id": "Part3",
			"Name": "青光グループ"
		},
		{
			"Id": "Part4",
			"Name": "青光グループ 2"
		},
		{
			"Id": "Part5",
			"Name": "青光グループ 3"
		},
		{
			"Id": "Part6",
			"Name": "青光グループ 4"
		},
		{
			"Id": "Part7",
			"Name": "青光グループ 5"
		},
		{
			"Id": "ArtMesh63_Skinning",
			"Name": "髪3(スキニング)"
		},
		{
			"Id": "ArtMesh64_Skinning",
			"Name": "髪1(スキニング)"
		},
		{
			"Id": "ArtMesh65_Skinning",
			"Name": "髪2(スキニング)"
		},
		{
			"Id": "ArtMesh66_Skinning",
			"Name": "髪4(スキニング)"
		},
		{
			"Id": "ArtMesh67_Skinning",
			"Name": "髪5(スキニング)"
		},
		{
			"Id": "ArtMesh68_Skinning",
			"Name": "髪6(スキニング)"
		}
	],
	"CombinedParameters": [
		[
			"ParamEyeRL",
			"ParamEyeUD"
		],
		[
			"ParamPaiRX",
			"ParamPaiRY"
		],
		[
			"ParamPaiRX2",
			"ParamPaiRY2"
		],
		[
			"ParamPaiLY",
			"ParamPaiLX"
		],
		[
			"ParamPaiLY2",
			"ParamPaiLX2"
		],
		[
			"ParamHairHX",
			"ParamHairHY"
		],
		[
			"ParamFX",
			"ParamFY"
		]
	]
}