{
	"Version": 3,
	"Meta": {
		"Duration": 6,
		"Fps": 30.0,
		"Loop": true,
		"AreBeziersRestricted": false,
		"CurveCount": 79,
		"TotalSegmentCount": 708,
		"TotalPointCount": 2201,
		"UserDataCount": 0,
		"TotalUserDataSize": 0
	},
	"Curves": [
		{
			"Target": "Parameter",
			"Id": "ParamEff1",
			"Segments": [
				0,
				1,
				1,
				0.2,
				1,
				0.4,
				1,
				0.6,
				1,
				1,
				0.633,
				1,
				0.667,
				0.5,
				0.7,
				0.5,
				1,
				0.733,
				0.5,
				0.767,
				1,
				0.8,
				1,
				1,
				1.378,
				1,
				1.956,
				1,
				2.533,
				1,
				1,
				2.567,
				1,
				2.6,
				0.5,
				2.633,
				0.5,
				1,
				2.678,
				0.5,
				2.722,
				1,
				2.767,
				1,
				1,
				3.5,
				1,
				4.233,
				1,
				4.967,
				1,
				1,
				5,
				1,
				5.033,
				0.5,
				5.067,
				0.5,
				1,
				5.111,
				0.5,
				5.156,
				1,
				5.2,
				1,
				1,
				5.467,
				1,
				5.733,
				1,
				6,
				1
			]
		},
		{
			"Target": "Parameter",
			"Id": "ParamEff2",
			"Segments": [
				0,
				0.6,
				1,
				0.033,
				0.6,
				0.067,
				1,
				0.1,
				1,
				1,
				0.6,
				1,
				1.1,
				1,
				1.6,
				1,
				1,
				1.633,
				1,
				1.667,
				0.5,
				1.7,
				0.5,
				1,
				1.733,
				0.5,
				1.767,
				1,
				1.8,
				1,
				1,
				2.267,
				1,
				2.733,
				1,
				3.2,
				1,
				1,
				3.233,
				1,
				3.267,
				0.5,
				3.3,
				0.5,
				1,
				3.333,
				0.5,
				3.367,
				1,
				3.4,
				1,
				1,
				3.444,
				1,
				3.489,
				1,
				3.533,
				1,
				1,
				3.567,
				1,
				3.6,
				0.5,
				3.633,
				0.5,
				1,
				3.667,
				0.5,
				3.7,
				1,
				3.733,
				1,
				1,
				4.444,
				1,
				5.156,
				1,
				5.867,
				1,
				1,
				5.911,
				1,
				5.956,
				0.6,
				6,
				0.6
			]
		},
		{
			"Target": "Parameter",
			"Id": "ParamEff3",
			"Segments": [
				0,
				1,
				1,
				0.656,
				1,
				1.311,
				1,
				1.967,
				1,
				1,
				2,
				1,
				2.033,
				0.5,
				2.067,
				0.5,
				1,
				2.1,
				0.5,
				2.133,
				1,
				2.167,
				1,
				1,
				2.211,
				1,
				2.256,
				1,
				2.3,
				1,
				1,
				2.333,
				1,
				2.367,
				0.5,
				2.4,
				0.5,
				1,
				2.433,
				0.5,
				2.467,
				1,
				2.5,
				1,
				1,
				2.922,
				1,
				3.344,
				1,
				3.767,
				1,
				1,
				3.8,
				1,
				3.833,
				0.5,
				3.867,
				0.5,
				1,
				3.9,
				0.5,
				3.933,
				1,
				3.967,
				1,
				1,
				4.644,
				1,
				5.322,
				1,
				6,
				1
			]
		},
		{
			"Target": "Parameter",
			"Id": "ParamEff4",
			"Segments": [
				0,
				1,
				1,
				0.189,
				1,
				0.378,
				1,
				0.567,
				1,
				1,
				0.6,
				1,
				0.633,
				0.5,
				0.667,
				0.5,
				1,
				0.7,
				0.5,
				0.733,
				1,
				0.767,
				1,
				1,
				0.944,
				1,
				1.122,
				0.9,
				1.3,
				0.9,
				1,
				1.667,
				0.9,
				2.033,
				1,
				2.4,
				1,
				1,
				2.433,
				1,
				2.467,
				0.5,
				2.5,
				0.5,
				1,
				2.533,
				0.5,
				2.567,
				1,
				2.6,
				1,
				1,
				3,
				1,
				3.4,
				0.8,
				3.8,
				0.8,
				1,
				4.2,
				0.8,
				4.6,
				1,
				5,
				1,
				1,
				5.033,
				1,
				5.067,
				0.5,
				5.1,
				0.5,
				1,
				5.133,
				0.5,
				5.167,
				1,
				5.2,
				1,
				1,
				5.467,
				1,
				5.733,
				1,
				6,
				1
			]
		},
		{
			"Target": "Parameter",
			"Id": "ParamEff5",
			"Segments": [
				0,
				1,
				1,
				0.078,
				1,
				0.156,
				1,
				0.233,
				1,
				1,
				0.267,
				1,
				0.3,
				0.5,
				0.333,
				0.5,
				1,
				0.367,
				0.5,
				0.4,
				1,
				0.433,
				1,
				1,
				1.244,
				1,
				2.056,
				0.7,
				2.867,
				0.7,
				1,
				3.911,
				0.7,
				4.956,
				1,
				6,
				1
			]
		},
		{
			"Target": "Parameter",
			"Id": "ParamEff6",
			"Segments": [
				0,
				0.6,
				1,
				0.033,
				0.6,
				0.067,
				1,
				0.1,
				1,
				1,
				0.867,
				1,
				1.633,
				0.8,
				2.4,
				0.8,
				1,
				3.133,
				0.8,
				3.867,
				1,
				4.6,
				1,
				1,
				4.633,
				1,
				4.667,
				0.5,
				4.7,
				0.5,
				1,
				4.733,
				0.5,
				4.767,
				1,
				4.8,
				1,
				1,
				4.878,
				1,
				4.956,
				1,
				5.033,
				1,
				1,
				5.067,
				1,
				5.1,
				0.5,
				5.133,
				0.5,
				1,
				5.167,
				0.5,
				5.2,
				1,
				5.233,
				1,
				1,
				5.289,
				1,
				5.344,
				1,
				5.4,
				1,
				1,
				5.433,
				1,
				5.467,
				0.5,
				5.5,
				0.5,
				1,
				5.533,
				0.5,
				5.567,
				1,
				5.6,
				1,
				1,
				5.678,
				1,
				5.756,
				1,
				5.833,
				1,
				1,
				5.889,
				1,
				5.944,
				0.6,
				6,
				0.6
			]
		},
		{
			"Target": "Parameter",
			"Id": "ParamEff7",
			"Segments": [
				0,
				1,
				1,
				0.256,
				1,
				0.511,
				1,
				0.767,
				1,
				1,
				0.8,
				1,
				0.833,
				0.6,
				0.867,
				0.6,
				1,
				0.9,
				0.6,
				0.933,
				1,
				0.967,
				1,
				1,
				1.133,
				1,
				1.3,
				1,
				1.467,
				1,
				1,
				1.5,
				1,
				1.533,
				0.6,
				1.567,
				0.6,
				1,
				1.6,
				0.6,
				1.633,
				1,
				1.667,
				1,
				1,
				2.089,
				1,
				2.511,
				0.9,
				2.933,
				0.9,
				1,
				3.311,
				0.9,
				3.689,
				1,
				4.067,
				1,
				1,
				4.1,
				1,
				4.133,
				0.6,
				4.167,
				0.6,
				1,
				4.2,
				0.6,
				4.233,
				1,
				4.267,
				1,
				1,
				4.578,
				1,
				4.889,
				1,
				5.2,
				1,
				1,
				5.467,
				1,
				5.733,
				1,
				6,
				1
			]
		},
		{
			"Target": "Parameter",
			"Id": "ParamEff8",
			"Segments": [
				0,
				1,
				1,
				0.111,
				1,
				0.222,
				1,
				0.333,
				1,
				1,
				0.367,
				1,
				0.4,
				0.6,
				0.433,
				0.6,
				1,
				0.467,
				0.6,
				0.5,
				1,
				0.533,
				1,
				1,
				1,
				1,
				1.467,
				0.9,
				1.933,
				0.9,
				1,
				2.311,
				0.9,
				2.689,
				1,
				3.067,
				1,
				1,
				3.1,
				1,
				3.133,
				0.6,
				3.167,
				0.6,
				1,
				3.2,
				0.6,
				3.233,
				1,
				3.267,
				1,
				1,
				3.322,
				1,
				3.378,
				1,
				3.433,
				1,
				1,
				3.467,
				1,
				3.5,
				0.6,
				3.533,
				0.6,
				1,
				3.567,
				0.6,
				3.6,
				1,
				3.633,
				1,
				1,
				3.7,
				1,
				3.767,
				1,
				3.833,
				1,
				1,
				3.867,
				1,
				3.9,
				0.7,
				3.933,
				0.7,
				1,
				3.967,
				0.7,
				4,
				1,
				4.033,
				1,
				1,
				4.367,
				1,
				4.7,
				0.9,
				5.033,
				0.9,
				1,
				5.356,
				0.9,
				5.678,
				1,
				6,
				1
			]
		},
		{
			"Target": "Parameter",
			"Id": "ParamEff9",
			"Segments": [
				0,
				0.8,
				1,
				0.289,
				0.8,
				0.578,
				1,
				0.867,
				1,
				1,
				0.9,
				1,
				0.933,
				0.6,
				0.967,
				0.6,
				1,
				1,
				0.6,
				1.033,
				1,
				1.067,
				1,
				1,
				1.3,
				1,
				1.533,
				1,
				1.767,
				1,
				1,
				1.8,
				1,
				1.833,
				0.6,
				1.867,
				0.6,
				1,
				1.9,
				0.6,
				1.933,
				1,
				1.967,
				1,
				1,
				2.4,
				1,
				2.833,
				1,
				3.267,
				1,
				1,
				3.3,
				1,
				3.333,
				0.6,
				3.367,
				0.6,
				1,
				3.4,
				0.6,
				3.433,
				1,
				3.467,
				1,
				1,
				4.311,
				1,
				5.156,
				0.8,
				6,
				0.8
			]
		},
		{
			"Target": "Parameter",
			"Id": "ParamEff10",
			"Segments": [
				0,
				1,
				1,
				0.5,
				1,
				1,
				1,
				1.5,
				1,
				1,
				1.533,
				1,
				1.567,
				0.6,
				1.6,
				0.6,
				1,
				1.633,
				0.6,
				1.667,
				1,
				1.7,
				1,
				1,
				1.822,
				1,
				1.944,
				1,
				2.067,
				1,
				1,
				2.1,
				1,
				2.133,
				0.6,
				2.167,
				0.6,
				1,
				2.2,
				0.6,
				2.233,
				1,
				2.267,
				1,
				1,
				2.711,
				1,
				3.156,
				0.9,
				3.6,
				0.9,
				1,
				4.211,
				0.9,
				4.822,
				1,
				5.433,
				1,
				1,
				5.467,
				1,
				5.5,
				0.6,
				5.533,
				0.6,
				1,
				5.567,
				0.6,
				5.6,
				1,
				5.633,
				1,
				1,
				5.756,
				1,
				5.878,
				1,
				6,
				1
			]
		},
		{
			"Target": "Parameter",
			"Id": "ParamEff11",
			"Segments": [
				0,
				1,
				1,
				0.222,
				1,
				0.444,
				1,
				0.667,
				1,
				1,
				0.7,
				1,
				0.733,
				0.6,
				0.767,
				0.6,
				1,
				0.8,
				0.6,
				0.833,
				1,
				0.867,
				1,
				1,
				1.144,
				1,
				1.422,
				0.9,
				1.7,
				0.9,
				1,
				2.056,
				0.9,
				2.411,
				1,
				2.767,
				1,
				1,
				2.8,
				1,
				2.833,
				0.6,
				2.867,
				0.6,
				1,
				2.9,
				0.6,
				2.933,
				1,
				2.967,
				1,
				1,
				3.267,
				1,
				3.567,
				0.8,
				3.867,
				0.8,
				1,
				4.067,
				0.8,
				4.267,
				1,
				4.467,
				1,
				1,
				4.5,
				1,
				4.533,
				0.6,
				4.567,
				0.6,
				1,
				4.6,
				0.6,
				4.633,
				1,
				4.667,
				1,
				1,
				5.111,
				1,
				5.556,
				1,
				6,
				1
			]
		},
		{
			"Target": "Parameter",
			"Id": "ParamPachi",
			"Segments": [
				0,
				1,
				1,
				0.989,
				1,
				1.978,
				1,
				2.967,
				1,
				1,
				3.011,
				1,
				3.056,
				0,
				3.1,
				0,
				1,
				3.122,
				0,
				3.144,
				0,
				3.167,
				0,
				1,
				3.211,
				0,
				3.256,
				1,
				3.3,
				1,
				1,
				4.2,
				1,
				5.1,
				1,
				6,
				1
			]
		},
		{
			"Target": "Parameter",
			"Id": "ParamLegL1",
			"Segments": [
				0,
				0,
				1,
				0.011,
				0,
				0.022,
				0.221,
				0.033,
				0.302,
				1,
				0.378,
				2.814,
				0.722,
				4,
				1.067,
				4,
				1,
				1.567,
				4,
				2.067,
				2.667,
				2.567,
				0,
				1,
				3.067,
				-2.667,
				3.567,
				-4,
				4.067,
				-4,
				1,
				4.7,
				-4,
				5.333,
				-2.853,
				5.967,
				-0.453,
				1,
				5.978,
				-0.411,
				5.989,
				0,
				6,
				0
			]
		},
		{
			"Target": "Parameter",
			"Id": "ParamLegL2",
			"Segments": [
				0,
				0,
				1,
				0.011,
				0,
				0.022,
				0.233,
				0.033,
				0.302,
				1,
				0.433,
				2.811,
				0.833,
				4,
				1.233,
				4,
				1,
				1.733,
				4,
				2.233,
				2.667,
				2.733,
				0,
				1,
				3.233,
				-2.667,
				3.733,
				-4,
				4.233,
				-4,
				1,
				4.811,
				-4,
				5.389,
				-2.855,
				5.967,
				-0.453,
				1,
				5.978,
				-0.407,
				5.989,
				0,
				6,
				0
			]
		},
		{
			"Target": "Parameter",
			"Id": "ParamLegR1",
			"Segments": [
				0,
				0,
				1,
				0.011,
				0,
				0.022,
				0.257,
				0.033,
				0.302,
				1,
				0.644,
				2.801,
				1.256,
				4,
				1.867,
				4,
				1,
				2.367,
				4,
				2.867,
				2.667,
				3.367,
				0,
				1,
				3.867,
				-2.667,
				4.367,
				-4,
				4.867,
				-4,
				1,
				5.233,
				-4,
				5.6,
				-2.87,
				5.967,
				-0.453,
				1,
				5.978,
				-0.38,
				5.989,
				0,
				6,
				0
			]
		},
		{
			"Target": "Parameter",
			"Id": "ParamLegR2",
			"Segments": [
				0,
				0,
				1,
				0.011,
				0,
				0.022,
				0.261,
				0.033,
				0.302,
				1,
				0.7,
				2.799,
				1.367,
				4,
				2.033,
				4,
				1,
				2.533,
				4,
				3.033,
				2.667,
				3.533,
				0,
				1,
				4.033,
				-2.667,
				4.533,
				-4,
				5.033,
				-4,
				1,
				5.344,
				-4,
				5.656,
				-2.876,
				5.967,
				-0.453,
				1,
				5.978,
				-0.367,
				5.989,
				0,
				6,
				0
			]
		},
		{
			"Target": "Parameter",
			"Id": "ParamEyeRL",
			"Segments": [
				0,
				0,
				1,
				0.033,
				0,
				0.067,
				6,
				0.1,
				6,
				1,
				0.122,
				6,
				0.144,
				6,
				0.167,
				6,
				1,
				0.222,
				6,
				0.278,
				-6,
				0.333,
				-6,
				1,
				0.356,
				-6,
				0.378,
				10.768,
				0.4,
				13,
				1,
				0.422,
				15.232,
				0.444,
				15,
				0.467,
				15,
				1,
				0.489,
				15,
				0.511,
				-9,
				0.533,
				-9,
				1,
				0.567,
				-9,
				0.6,
				-7.568,
				0.633,
				-4,
				1,
				0.656,
				-1.621,
				0.678,
				3.453,
				0.7,
				4,
				1,
				0.722,
				4.547,
				0.744,
				4.489,
				0.767,
				5,
				1,
				0.789,
				5.511,
				0.811,
				7,
				0.833,
				7,
				1,
				0.867,
				7,
				0.9,
				-11,
				0.933,
				-11,
				1,
				0.956,
				-11,
				0.978,
				7,
				1,
				7,
				1,
				1.022,
				7,
				1.044,
				-6,
				1.067,
				-6,
				1,
				1.078,
				-6,
				1.089,
				6,
				1.1,
				6,
				1,
				1.133,
				6,
				1.167,
				5.932,
				1.2,
				4,
				1,
				1.222,
				2.712,
				1.244,
				-9,
				1.267,
				-9,
				1,
				1.311,
				-9,
				1.356,
				0,
				1.4,
				0,
				1,
				1.411,
				0,
				1.422,
				-2,
				1.433,
				-2,
				1,
				1.456,
				-2,
				1.478,
				6,
				1.5,
				6,
				1,
				1.522,
				6,
				1.544,
				6,
				1.567,
				6,
				1,
				1.589,
				6,
				1.611,
				-4,
				1.633,
				-4,
				1,
				1.689,
				-4,
				1.744,
				6.579,
				1.8,
				13,
				1,
				1.822,
				15.568,
				1.844,
				15,
				1.867,
				15,
				1,
				1.889,
				15,
				1.911,
				-9,
				1.933,
				-9,
				1,
				1.956,
				-9,
				1.978,
				8,
				2,
				8,
				1,
				2.033,
				8,
				2.067,
				4,
				2.1,
				4,
				1,
				2.122,
				4,
				2.144,
				4.126,
				2.167,
				5,
				1,
				2.189,
				5.874,
				2.211,
				7,
				2.233,
				7,
				1,
				2.267,
				7,
				2.3,
				-11,
				2.333,
				-11,
				1,
				2.356,
				-11,
				2.378,
				7,
				2.4,
				7,
				1,
				2.422,
				7,
				2.444,
				-6,
				2.467,
				-6,
				1,
				2.5,
				-6,
				2.533,
				-5.548,
				2.567,
				-2,
				1,
				2.589,
				0.365,
				2.611,
				6,
				2.633,
				6,
				1,
				2.656,
				6,
				2.678,
				6,
				2.7,
				6,
				1,
				2.722,
				6,
				2.744,
				-2.728,
				2.767,
				-4,
				1,
				2.8,
				-5.909,
				2.833,
				-6,
				2.867,
				-6,
				1,
				2.911,
				-6,
				2.956,
				15,
				3,
				15,
				1,
				3.022,
				15,
				3.044,
				-9,
				3.067,
				-9,
				1,
				3.089,
				-9,
				3.111,
				8,
				3.133,
				8,
				1,
				3.144,
				8,
				3.156,
				-4,
				3.167,
				-4,
				1,
				3.189,
				-4,
				3.211,
				2.919,
				3.233,
				4,
				1,
				3.256,
				5.081,
				3.278,
				5,
				3.3,
				5,
				1,
				3.356,
				5,
				3.411,
				-11,
				3.467,
				-11,
				1,
				3.489,
				-11,
				3.511,
				7,
				3.533,
				7,
				1,
				3.556,
				7,
				3.578,
				-6,
				3.6,
				-6,
				1,
				3.611,
				-6,
				3.622,
				6,
				3.633,
				6,
				1,
				3.667,
				6,
				3.7,
				4,
				3.733,
				4,
				1,
				3.767,
				4,
				3.8,
				8,
				3.833,
				8,
				1,
				3.867,
				8,
				3.9,
				-4,
				3.933,
				-4,
				1,
				3.978,
				-4,
				4.022,
				7.873,
				4.067,
				13,
				1,
				4.089,
				15.563,
				4.111,
				15,
				4.133,
				15,
				1,
				4.156,
				15,
				4.178,
				-9,
				4.2,
				-9,
				1,
				4.222,
				-9,
				4.244,
				8,
				4.267,
				8,
				1,
				4.3,
				8,
				4.333,
				4,
				4.367,
				4,
				1,
				4.389,
				4,
				4.411,
				4.126,
				4.433,
				5,
				1,
				4.456,
				5.874,
				4.478,
				7,
				4.5,
				7,
				1,
				4.533,
				7,
				4.567,
				-11,
				4.6,
				-11,
				1,
				4.622,
				-11,
				4.644,
				7,
				4.667,
				7,
				1,
				4.689,
				7,
				4.711,
				-6,
				4.733,
				-6,
				1,
				4.767,
				-6,
				4.8,
				-5.548,
				4.833,
				-2,
				1,
				4.856,
				0.365,
				4.878,
				6,
				4.9,
				6,
				1,
				4.922,
				6,
				4.944,
				6,
				4.967,
				6,
				1,
				4.989,
				6,
				5.011,
				-2.728,
				5.033,
				-4,
				1,
				5.067,
				-5.909,
				5.1,
				-6,
				5.133,
				-6,
				1,
				5.178,
				-6,
				5.222,
				15,
				5.267,
				15,
				1,
				5.289,
				15,
				5.311,
				-9,
				5.333,
				-9,
				1,
				5.356,
				-9,
				5.378,
				8,
				5.4,
				8,
				1,
				5.411,
				8,
				5.422,
				-4,
				5.433,
				-4,
				1,
				5.456,
				-4,
				5.478,
				2.919,
				5.5,
				4,
				1,
				5.522,
				5.081,
				5.544,
				5,
				5.567,
				5,
				1,
				5.622,
				5,
				5.678,
				-11,
				5.733,
				-11,
				1,
				5.756,
				-11,
				5.778,
				7,
				5.8,
				7,
				1,
				5.822,
				7,
				5.844,
				-6,
				5.867,
				-6,
				1,
				5.878,
				-6,
				5.889,
				6,
				5.9,
				6,
				1,
				5.933,
				6,
				5.967,
				4,
				6,
				4
			]
		},
		{
			"Target": "Parameter",
			"Id": "ParamEyeUD",
			"Segments": [
				0,
				0,
				1,
				0.033,
				0,
				0.067,
				4,
				0.1,
				4,
				1,
				0.122,
				4,
				0.144,
				-14.649,
				0.167,
				-15,
				1,
				0.222,
				-15.877,
				0.278,
				-16,
				0.333,
				-16,
				1,
				0.356,
				-16,
				0.378,
				-16.239,
				0.4,
				-14,
				1,
				0.422,
				-11.761,
				0.444,
				6,
				0.467,
				6,
				1,
				0.489,
				6,
				0.511,
				2,
				0.533,
				2,
				1,
				0.567,
				2,
				0.6,
				10,
				0.633,
				10,
				1,
				0.656,
				10,
				0.678,
				-2,
				0.7,
				-2,
				1,
				0.722,
				-2,
				0.744,
				-1.933,
				0.767,
				0,
				1,
				0.789,
				1.933,
				0.811,
				6,
				0.833,
				6,
				1,
				0.867,
				6,
				0.9,
				6,
				0.933,
				6,
				1,
				0.956,
				6,
				0.978,
				10,
				1,
				10,
				1,
				1.022,
				10,
				1.044,
				-10,
				1.067,
				-10,
				1,
				1.078,
				-10,
				1.089,
				5,
				1.1,
				5,
				1,
				1.133,
				5,
				1.167,
				-11,
				1.2,
				-11,
				1,
				1.222,
				-11,
				1.244,
				2,
				1.267,
				2,
				1,
				1.311,
				2,
				1.356,
				1.576,
				1.4,
				0,
				1,
				1.411,
				-0.394,
				1.422,
				-8,
				1.433,
				-8,
				1,
				1.456,
				-8,
				1.478,
				4,
				1.5,
				4,
				1,
				1.522,
				4,
				1.544,
				-15,
				1.567,
				-15,
				1,
				1.589,
				-15,
				1.611,
				6,
				1.633,
				6,
				1,
				1.689,
				6,
				1.744,
				-14,
				1.8,
				-14,
				1,
				1.822,
				-14,
				1.844,
				6,
				1.867,
				6,
				1,
				1.889,
				6,
				1.911,
				4.667,
				1.933,
				2,
				1,
				1.956,
				-0.667,
				1.978,
				-2,
				2,
				-2,
				1,
				2.033,
				-2,
				2.067,
				-2,
				2.1,
				-2,
				1,
				2.122,
				-2,
				2.144,
				-1.933,
				2.167,
				0,
				1,
				2.189,
				1.933,
				2.211,
				6,
				2.233,
				6,
				1,
				2.267,
				6,
				2.3,
				6,
				2.333,
				6,
				1,
				2.356,
				6,
				2.378,
				10,
				2.4,
				10,
				1,
				2.422,
				10,
				2.444,
				-10,
				2.467,
				-10,
				1,
				2.5,
				-10,
				2.533,
				-9.926,
				2.567,
				-8,
				1,
				2.589,
				-6.716,
				2.611,
				4,
				2.633,
				4,
				1,
				2.656,
				4,
				2.678,
				-15,
				2.7,
				-15,
				1,
				2.722,
				-15,
				2.744,
				6,
				2.767,
				6,
				1,
				2.8,
				6,
				2.833,
				-16,
				2.867,
				-16,
				1,
				2.911,
				-16,
				2.956,
				6,
				3,
				6,
				1,
				3.022,
				6,
				3.044,
				4.667,
				3.067,
				2,
				1,
				3.089,
				-0.667,
				3.111,
				-2,
				3.133,
				-2,
				1,
				3.144,
				-2,
				3.156,
				10,
				3.167,
				10,
				1,
				3.189,
				10,
				3.211,
				-2,
				3.233,
				-2,
				1,
				3.256,
				-2,
				3.278,
				-0.897,
				3.3,
				0,
				1,
				3.356,
				2.242,
				3.411,
				3.568,
				3.467,
				6,
				1,
				3.489,
				6.973,
				3.511,
				10,
				3.533,
				10,
				1,
				3.556,
				10,
				3.578,
				-10,
				3.6,
				-10,
				1,
				3.611,
				-10,
				3.622,
				5,
				3.633,
				5,
				1,
				3.667,
				5,
				3.7,
				-11,
				3.733,
				-11,
				1,
				3.767,
				-11,
				3.8,
				-11.218,
				3.833,
				-8,
				1,
				3.867,
				-4.782,
				3.9,
				10,
				3.933,
				10,
				1,
				3.978,
				10,
				4.022,
				-14,
				4.067,
				-14,
				1,
				4.089,
				-14,
				4.111,
				6,
				4.133,
				6,
				1,
				4.156,
				6,
				4.178,
				4.667,
				4.2,
				2,
				1,
				4.222,
				-0.667,
				4.244,
				-2,
				4.267,
				-2,
				1,
				4.3,
				-2,
				4.333,
				-2,
				4.367,
				-2,
				1,
				4.389,
				-2,
				4.411,
				-1.933,
				4.433,
				0,
				1,
				4.456,
				1.933,
				4.478,
				6,
				4.5,
				6,
				1,
				4.533,
				6,
				4.567,
				6,
				4.6,
				6,
				1,
				4.622,
				6,
				4.644,
				10,
				4.667,
				10,
				1,
				4.689,
				10,
				4.711,
				-10,
				4.733,
				-10,
				1,
				4.767,
				-10,
				4.8,
				-9.926,
				4.833,
				-8,
				1,
				4.856,
				-6.716,
				4.878,
				4,
				4.9,
				4,
				1,
				4.922,
				4,
				4.944,
				-15,
				4.967,
				-15,
				1,
				4.989,
				-15,
				5.011,
				6,
				5.033,
				6,
				1,
				5.067,
				6,
				5.1,
				-16,
				5.133,
				-16,
				1,
				5.178,
				-16,
				5.222,
				6,
				5.267,
				6,
				1,
				5.289,
				6,
				5.311,
				4.667,
				5.333,
				2,
				1,
				5.356,
				-0.667,
				5.378,
				-2,
				5.4,
				-2,
				1,
				5.411,
				-2,
				5.422,
				10,
				5.433,
				10,
				1,
				5.456,
				10,
				5.478,
				-2,
				5.5,
				-2,
				1,
				5.522,
				-2,
				5.544,
				-0.897,
				5.567,
				0,
				1,
				5.622,
				2.242,
				5.678,
				3.568,
				5.733,
				6,
				1,
				5.756,
				6.973,
				5.778,
				10,
				5.8,
				10,
				1,
				5.822,
				10,
				5.844,
				-10,
				5.867,
				-10,
				1,
				5.878,
				-10,
				5.889,
				5,
				5.9,
				5,
				1,
				5.933,
				5,
				5.967,
				-11,
				6,
				-11
			]
		},
		{
			"Target": "Parameter",
			"Id": "ParamEyeBS",
			"Segments": [
				0,
				0,
				1,
				0.033,
				0,
				0.067,
				7,
				0.1,
				7,
				1,
				0.122,
				7,
				0.144,
				-19,
				0.167,
				-19,
				1,
				0.211,
				-19,
				0.256,
				18,
				0.3,
				18,
				1,
				0.322,
				18,
				0.344,
				-14,
				0.367,
				-14,
				1,
				0.389,
				-14,
				0.411,
				-8,
				0.433,
				4,
				1,
				0.456,
				16,
				0.478,
				22,
				0.5,
				22,
				1,
				0.556,
				22,
				0.611,
				21.173,
				0.667,
				16,
				1,
				0.689,
				13.931,
				0.711,
				-8,
				0.733,
				-8,
				1,
				0.756,
				-8,
				0.778,
				-8.268,
				0.8,
				-6,
				1,
				0.822,
				-3.732,
				0.844,
				19,
				0.867,
				19,
				1,
				0.889,
				19,
				0.911,
				-19,
				0.933,
				-19,
				1,
				0.967,
				-19,
				1,
				12,
				1.033,
				12,
				1,
				1.089,
				12,
				1.144,
				12,
				1.2,
				12,
				1,
				1.222,
				12,
				1.244,
				-6,
				1.267,
				-6,
				1,
				1.289,
				-6,
				1.311,
				0,
				1.333,
				0,
				1,
				1.344,
				0,
				1.356,
				-21,
				1.367,
				-21,
				1,
				1.389,
				-21,
				1.411,
				7,
				1.433,
				7,
				1,
				1.456,
				7,
				1.478,
				-19,
				1.5,
				-19,
				1,
				1.522,
				-19,
				1.544,
				13.697,
				1.567,
				16,
				1,
				1.589,
				18.303,
				1.611,
				18,
				1.633,
				18,
				1,
				1.678,
				18,
				1.722,
				4,
				1.767,
				4,
				1,
				1.789,
				4,
				1.811,
				22,
				1.833,
				22,
				1,
				1.856,
				22,
				1.878,
				-18,
				1.9,
				-18,
				1,
				1.911,
				-18,
				1.922,
				-13.543,
				1.933,
				-6,
				1,
				1.956,
				9.085,
				1.978,
				16,
				2,
				16,
				1,
				2.022,
				16,
				2.044,
				-8,
				2.067,
				-8,
				1,
				2.089,
				-8,
				2.111,
				-8.268,
				2.133,
				-6,
				1,
				2.156,
				-3.732,
				2.178,
				19,
				2.2,
				19,
				1,
				2.222,
				19,
				2.244,
				-19,
				2.267,
				-19,
				1,
				2.3,
				-19,
				2.333,
				12,
				2.367,
				12,
				1,
				2.4,
				12,
				2.433,
				-0.285,
				2.467,
				-10,
				1,
				2.5,
				-19.715,
				2.533,
				-21,
				2.567,
				-21,
				1,
				2.589,
				-21,
				2.611,
				7,
				2.633,
				7,
				1,
				2.656,
				7,
				2.678,
				-19,
				2.7,
				-19,
				1,
				2.722,
				-19,
				2.744,
				13.697,
				2.767,
				16,
				1,
				2.789,
				18.303,
				2.811,
				18,
				2.833,
				18,
				1,
				2.856,
				18,
				2.878,
				-14,
				2.9,
				-14,
				1,
				2.922,
				-14,
				2.944,
				-8,
				2.967,
				4,
				1,
				2.989,
				16,
				3.011,
				22,
				3.033,
				22,
				1,
				3.056,
				22,
				3.078,
				-18,
				3.1,
				-18,
				1,
				3.111,
				-18,
				3.122,
				-13.543,
				3.133,
				-6,
				1,
				3.156,
				9.085,
				3.178,
				16,
				3.2,
				16,
				1,
				3.222,
				16,
				3.244,
				-8,
				3.267,
				-8,
				1,
				3.289,
				-8,
				3.311,
				-6,
				3.333,
				-6,
				1,
				3.378,
				-6,
				3.422,
				-19,
				3.467,
				-19,
				1,
				3.5,
				-19,
				3.533,
				12,
				3.567,
				12,
				1,
				3.6,
				12,
				3.633,
				-10,
				3.667,
				-10,
				1,
				3.689,
				-10,
				3.711,
				12,
				3.733,
				12,
				1,
				3.756,
				12,
				3.778,
				-6,
				3.8,
				-6,
				1,
				3.822,
				-6,
				3.844,
				11,
				3.867,
				11,
				1,
				3.922,
				11,
				3.978,
				4,
				4.033,
				4,
				1,
				4.056,
				4,
				4.078,
				22,
				4.1,
				22,
				1,
				4.122,
				22,
				4.144,
				-18,
				4.167,
				-18,
				1,
				4.178,
				-18,
				4.189,
				-13.543,
				4.2,
				-6,
				1,
				4.222,
				9.085,
				4.244,
				16,
				4.267,
				16,
				1,
				4.289,
				16,
				4.311,
				-8,
				4.333,
				-8,
				1,
				4.356,
				-8,
				4.378,
				-8.268,
				4.4,
				-6,
				1,
				4.422,
				-3.732,
				4.444,
				19,
				4.467,
				19,
				1,
				4.489,
				19,
				4.511,
				-19,
				4.533,
				-19,
				1,
				4.567,
				-19,
				4.6,
				12,
				4.633,
				12,
				1,
				4.667,
				12,
				4.7,
				-0.285,
				4.733,
				-10,
				1,
				4.767,
				-19.715,
				4.8,
				-21,
				4.833,
				-21,
				1,
				4.856,
				-21,
				4.878,
				7,
				4.9,
				7,
				1,
				4.922,
				7,
				4.944,
				-19,
				4.967,
				-19,
				1,
				4.989,
				-19,
				5.011,
				13.697,
				5.033,
				16,
				1,
				5.056,
				18.303,
				5.078,
				18,
				5.1,
				18,
				1,
				5.122,
				18,
				5.144,
				-14,
				5.167,
				-14,
				1,
				5.189,
				-14,
				5.211,
				-8,
				5.233,
				4,
				1,
				5.256,
				16,
				5.278,
				22,
				5.3,
				22,
				1,
				5.322,
				22,
				5.344,
				-18,
				5.367,
				-18,
				1,
				5.378,
				-18,
				5.389,
				-13.543,
				5.4,
				-6,
				1,
				5.422,
				9.085,
				5.444,
				16,
				5.467,
				16,
				1,
				5.489,
				16,
				5.511,
				-8,
				5.533,
				-8,
				1,
				5.556,
				-8,
				5.578,
				-6,
				5.6,
				-6,
				1,
				5.644,
				-6,
				5.689,
				-19,
				5.733,
				-19,
				1,
				5.767,
				-19,
				5.8,
				12,
				5.833,
				12,
				1,
				5.867,
				12,
				5.9,
				-10,
				5.933,
				-10,
				1,
				5.956,
				-10,
				5.978,
				12,
				6,
				12
			]
		},
		{
			"Target": "Parameter",
			"Id": "ParamPaiRX",
			"Segments": [
				0,
				-3.882,
				1,
				0.533,
				-3.882,
				1.067,
				-2.649,
				1.6,
				0.191,
				1,
				2.1,
				2.853,
				2.6,
				4.392,
				3.1,
				4.392,
				1,
				3.6,
				4.392,
				4.1,
				3.043,
				4.6,
				0.191,
				1,
				5.067,
				-2.471,
				5.533,
				-3.882,
				6,
				-3.882
			]
		},
		{
			"Target": "Parameter",
			"Id": "ParamPaiRY",
			"Segments": [
				0,
				-0.124,
				1,
				0.011,
				-0.124,
				0.022,
				-0.037,
				0.033,
				0.053,
				1,
				0.556,
				4.286,
				1.078,
				6.371,
				1.6,
				6.371,
				1,
				2.1,
				6.371,
				2.6,
				4.053,
				3.1,
				-0.124,
				1,
				3.6,
				-4.3,
				4.1,
				-6.174,
				4.6,
				-6.174,
				1,
				5.056,
				-6.174,
				5.511,
				-4.259,
				5.967,
				-0.337,
				1,
				5.978,
				-0.242,
				5.989,
				-0.124,
				6,
				-0.124
			]
		},
		{
			"Target": "Parameter",
			"Id": "ParamPaiRX2",
			"Segments": [
				0,
				-4.466,
				1,
				0.467,
				-4.466,
				0.933,
				-2.671,
				1.4,
				-0.045,
				1,
				1.9,
				2.768,
				2.4,
				3.786,
				2.9,
				3.786,
				1,
				3.4,
				3.786,
				3.9,
				2.319,
				4.4,
				-0.34,
				1,
				4.933,
				-3.176,
				5.467,
				-4.466,
				6,
				-4.466
			]
		},
		{
			"Target": "Parameter",
			"Id": "ParamPaiRY2",
			"Segments": [
				0,
				-0.045,
				1,
				0.011,
				-0.045,
				0.022,
				0.048,
				0.033,
				0.132,
				1,
				0.489,
				3.556,
				0.944,
				5.232,
				1.4,
				5.232,
				1,
				1.9,
				5.232,
				2.4,
				3.08,
				2.9,
				-0.634,
				1,
				3.4,
				-4.349,
				3.9,
				-5.939,
				4.4,
				-5.939,
				1,
				4.922,
				-5.939,
				5.444,
				-4.051,
				5.967,
				-0.211,
				1,
				5.978,
				-0.129,
				5.989,
				-0.045,
				6,
				-0.045
			]
		},
		{
			"Target": "Parameter",
			"Id": "ParamBreat",
			"Segments": [
				0,
				0.5,
				1,
				0.011,
				0.5,
				0.022,
				0.535,
				0.033,
				0.542,
				1,
				0.522,
				0.853,
				1.011,
				1,
				1.5,
				1,
				1,
				2,
				1,
				2.5,
				0.815,
				3,
				0.5,
				1,
				3.556,
				0.15,
				4.111,
				0,
				4.667,
				0,
				1,
				5.1,
				0,
				5.533,
				0.148,
				5.967,
				0.46,
				1,
				5.978,
				0.468,
				5.989,
				0.5,
				6,
				0.5
			]
		},
		{
			"Target": "Parameter",
			"Id": "ParamMagatama",
			"Segments": [
				0,
				1.67,
				1,
				0.011,
				1.67,
				0.022,
				1.077,
				0.033,
				0.77,
				1,
				0.611,
				-15.213,
				1.189,
				-23,
				1.767,
				-23,
				1,
				2.267,
				-23,
				2.767,
				-16.758,
				3.267,
				0,
				1,
				3.811,
				18.248,
				4.356,
				30,
				4.9,
				30,
				1,
				5.267,
				30,
				5.633,
				12.787,
				6,
				1.67
			]
		},
		{
			"Target": "Parameter",
			"Id": "Param_Angle_Rotation12",
			"Segments": [
				0,
				0,
				1,
				0.011,
				0,
				0.022,
				0.016,
				0.033,
				0.031,
				1,
				0.522,
				0.681,
				1.011,
				1,
				1.5,
				1,
				1,
				2,
				1,
				2.5,
				0.667,
				3,
				0,
				1,
				3.5,
				-0.667,
				4,
				-1,
				4.5,
				-1,
				1,
				4.989,
				-1,
				5.478,
				-0.708,
				5.967,
				-0.091,
				1,
				5.978,
				-0.077,
				5.989,
				0,
				6,
				0
			]
		},
		{
			"Target": "Parameter",
			"Id": "Param_Angle_Rotation13",
			"Segments": [
				0,
				-0.52,
				1,
				0.011,
				-0.52,
				0.022,
				-0.452,
				0.033,
				-0.429,
				1,
				0.156,
				-0.174,
				0.278,
				0.04,
				0.4,
				0.297,
				1,
				0.933,
				1.416,
				1.467,
				2,
				2,
				2,
				1,
				2.5,
				2,
				3,
				1.333,
				3.5,
				0,
				1,
				4,
				-1.333,
				4.5,
				-2,
				5,
				-2,
				1,
				5.333,
				-2,
				5.667,
				-1.385,
				6,
				-0.52
			]
		},
		{
			"Target": "Parameter",
			"Id": "Param_Angle_Rotation14",
			"Segments": [
				0,
				-1.48,
				1,
				0.011,
				-1.48,
				0.022,
				-1.449,
				0.033,
				-1.419,
				1,
				0.267,
				-0.786,
				0.5,
				-0.201,
				0.733,
				0.457,
				1,
				1.322,
				2.117,
				1.911,
				3,
				2.5,
				3,
				1,
				3,
				3,
				3.5,
				1.6,
				4,
				0,
				1,
				4.5,
				-1.6,
				5,
				-2,
				5.5,
				-2,
				1,
				5.667,
				-2,
				5.833,
				-1.912,
				6,
				-1.48
			]
		},
		{
			"Target": "Parameter",
			"Id": "Param_Angle_Rotation16",
			"Segments": [
				0,
				0,
				1,
				0.011,
				0,
				0.022,
				-0.05,
				0.033,
				-0.094,
				1,
				0.522,
				-2.044,
				1.011,
				-3,
				1.5,
				-3,
				1,
				2,
				-3,
				2.5,
				-2,
				3,
				0,
				1,
				3.5,
				2,
				4,
				3,
				4.5,
				3,
				1,
				4.989,
				3,
				5.478,
				2.044,
				5.967,
				0.094,
				1,
				5.978,
				0.05,
				5.989,
				0,
				6,
				0
			]
		},
		{
			"Target": "Parameter",
			"Id": "Param_Angle_Rotation17",
			"Segments": [
				0,
				0.78,
				1,
				0.011,
				0.78,
				0.022,
				0.739,
				0.033,
				0.689,
				1,
				0.167,
				0.089,
				0.3,
				-0.573,
				0.433,
				-1.086,
				1,
				0.956,
				-3.095,
				1.478,
				-4,
				2,
				-4,
				1,
				2.5,
				-4,
				3,
				-2.285,
				3.5,
				0,
				1,
				4,
				2.285,
				4.5,
				3,
				5,
				3,
				1,
				5.333,
				3,
				5.667,
				2.077,
				6,
				0.78
			]
		},
		{
			"Target": "Parameter",
			"Id": "Param_Angle_Rotation18",
			"Segments": [
				0,
				2.22,
				1,
				0.011,
				2.22,
				0.022,
				2.143,
				0.033,
				2.098,
				1,
				0.311,
				0.969,
				0.589,
				-0.239,
				0.867,
				-1.231,
				1,
				1.411,
				-3.176,
				1.956,
				-4,
				2.5,
				-4,
				1,
				3,
				-4,
				3.5,
				-2.285,
				4,
				0,
				1,
				4.5,
				2.285,
				5,
				3,
				5.5,
				3,
				1,
				5.667,
				3,
				5.833,
				2.868,
				6,
				2.22
			]
		},
		{
			"Target": "Parameter",
			"Id": "Param_Angle_Rotation20",
			"Segments": [
				0,
				0,
				1,
				0.011,
				0,
				0.022,
				-0.064,
				0.033,
				-0.093,
				1,
				0.522,
				-1.38,
				1.011,
				-2,
				1.5,
				-2,
				1,
				2,
				-2,
				2.5,
				-1.333,
				3,
				0,
				1,
				3.5,
				1.333,
				4,
				2,
				4.5,
				2,
				1,
				4.989,
				2,
				5.478,
				1.38,
				5.967,
				0.093,
				1,
				5.978,
				0.064,
				5.989,
				0,
				6,
				0
			]
		},
		{
			"Target": "Parameter",
			"Id": "Param_Angle_Rotation21",
			"Segments": [
				0,
				0.52,
				1,
				0.011,
				0.52,
				0.022,
				0.502,
				0.033,
				0.486,
				1,
				0.2,
				0.249,
				0.367,
				-0.022,
				0.533,
				-0.212,
				1,
				1.022,
				-0.77,
				1.511,
				-1,
				2,
				-1,
				1,
				2.5,
				-1,
				3,
				-0.889,
				3.5,
				0,
				1,
				4,
				0.889,
				4.5,
				2,
				5,
				2,
				1,
				5.333,
				2,
				5.667,
				1.385,
				6,
				0.52
			]
		},
		{
			"Target": "Parameter",
			"Id": "Param_Angle_Rotation22",
			"Segments": [
				0,
				1.48,
				1,
				0.011,
				1.48,
				0.022,
				1.441,
				0.033,
				1.418,
				1,
				0.344,
				0.765,
				0.656,
				0.108,
				0.967,
				-0.51,
				1,
				1.478,
				-1.526,
				1.989,
				-2,
				2.5,
				-2,
				1,
				3,
				-2,
				3.5,
				-1.333,
				4,
				0,
				1,
				4.5,
				1.333,
				5,
				2,
				5.5,
				2,
				1,
				5.667,
				2,
				5.833,
				1.912,
				6,
				1.48
			]
		},
		{
			"Target": "Parameter",
			"Id": "Param_Angle_Rotation23",
			"Segments": [
				0,
				2,
				1,
				0.5,
				2,
				1,
				1.333,
				1.5,
				0,
				1,
				2,
				-1.333,
				2.5,
				-2,
				3,
				-2,
				1,
				3.5,
				-2,
				4,
				-1.333,
				4.5,
				0,
				1,
				5,
				1.333,
				5.5,
				2,
				6,
				2
			]
		},
		{
			"Target": "Parameter",
			"Id": "Param_Angle_Rotation25",
			"Segments": [
				0,
				0,
				1,
				0.011,
				0,
				0.022,
				-0.094,
				0.033,
				-0.123,
				1,
				0.522,
				-1.393,
				1.011,
				-2,
				1.5,
				-2,
				1,
				2,
				-2,
				2.5,
				-1.333,
				3,
				0,
				1,
				3.5,
				1.333,
				4,
				2,
				4.5,
				2,
				1,
				4.989,
				2,
				5.478,
				1.363,
				5.967,
				0.063,
				1,
				5.978,
				0.033,
				5.989,
				0,
				6,
				0
			]
		},
		{
			"Target": "Parameter",
			"Id": "Param_Angle_Rotation26",
			"Segments": [
				0,
				0.778,
				1,
				0.011,
				0.778,
				0.022,
				0.726,
				0.033,
				0.686,
				1,
				0.167,
				0.206,
				0.3,
				-0.311,
				0.433,
				-0.714,
				1,
				0.956,
				-2.291,
				1.478,
				-3,
				2,
				-3,
				1,
				2.5,
				-3,
				3,
				-2,
				3.5,
				0,
				1,
				4,
				2,
				4.5,
				3,
				5,
				3,
				1,
				5.333,
				3,
				5.667,
				2.074,
				6,
				0.778
			]
		},
		{
			"Target": "Parameter",
			"Id": "Param_Angle_Rotation27",
			"Segments": [
				0,
				2.22,
				1,
				0.011,
				2.22,
				0.022,
				2.165,
				0.033,
				2.127,
				1,
				0.322,
				1.138,
				0.611,
				0.054,
				0.9,
				-0.797,
				1,
				1.433,
				-2.367,
				1.967,
				-3,
				2.5,
				-3,
				1,
				3,
				-3,
				3.5,
				-2,
				4,
				0,
				1,
				4.5,
				2,
				5,
				3,
				5.5,
				3,
				1,
				5.667,
				3,
				5.833,
				2.868,
				6,
				2.22
			]
		},
		{
			"Target": "Parameter",
			"Id": "Param_Angle_Rotation29",
			"Segments": [
				0,
				0,
				1,
				0.011,
				0,
				0.022,
				0.062,
				0.033,
				0.093,
				1,
				0.522,
				1.477,
				1.011,
				2.146,
				1.5,
				2.146,
				1,
				2,
				2.146,
				2.5,
				1.38,
				3,
				0,
				1,
				3.5,
				-1.38,
				4,
				-2,
				4.5,
				-2,
				1,
				4.989,
				-2,
				5.478,
				-1.393,
				5.967,
				-0.123,
				1,
				5.978,
				-0.094,
				5.989,
				0,
				6,
				0
			]
		},
		{
			"Target": "Parameter",
			"Id": "Param_Angle_Rotation30",
			"Segments": [
				0,
				-0.52,
				1,
				0.011,
				-0.52,
				0.022,
				-0.469,
				0.033,
				-0.456,
				1,
				0.2,
				-0.254,
				0.367,
				-0.073,
				0.533,
				0.124,
				1,
				1.022,
				0.704,
				1.511,
				1,
				2,
				1,
				1,
				2.5,
				1,
				3,
				0.889,
				3.5,
				0,
				1,
				4,
				-0.889,
				4.5,
				-2,
				5,
				-2,
				1,
				5.333,
				-2,
				5.667,
				-1.385,
				6,
				-0.52
			]
		},
		{
			"Target": "Parameter",
			"Id": "Param_Angle_Rotation31",
			"Segments": [
				0,
				-2.22,
				1,
				0.011,
				-2.22,
				0.022,
				-2.158,
				0.033,
				-2.127,
				1,
				0.322,
				-1.31,
				0.611,
				-0.595,
				0.9,
				0.279,
				1,
				1.422,
				1.858,
				1.944,
				2.771,
				2.467,
				2.771,
				1,
				2.978,
				2.771,
				3.489,
				1.94,
				4,
				0,
				1,
				4.5,
				-1.898,
				5,
				-3,
				5.5,
				-3,
				1,
				5.667,
				-3,
				5.833,
				-2.868,
				6,
				-2.22
			]
		},
		{
			"Target": "Parameter",
			"Id": "Param_Angle_Rotation33",
			"Segments": [
				0,
				0,
				1,
				0.011,
				0,
				0.022,
				0.064,
				0.033,
				0.093,
				1,
				0.522,
				1.38,
				1.011,
				2,
				1.5,
				2,
				1,
				2,
				2,
				2.5,
				1.333,
				3,
				0,
				1,
				3.5,
				-1.333,
				4,
				-2,
				4.5,
				-2,
				1,
				4.989,
				-2,
				5.478,
				-1.363,
				5.967,
				-0.063,
				1,
				5.978,
				-0.033,
				5.989,
				0,
				6,
				0
			]
		},
		{
			"Target": "Parameter",
			"Id": "Param_Angle_Rotation34",
			"Segments": [
				0,
				-0.52,
				1,
				0.011,
				-0.52,
				0.022,
				-0.482,
				0.033,
				-0.459,
				1,
				0.156,
				-0.207,
				0.278,
				0.009,
				0.4,
				0.269,
				1,
				0.933,
				1.404,
				1.467,
				2,
				2,
				2,
				1,
				2.5,
				2,
				3,
				1.333,
				3.5,
				0,
				1,
				4,
				-1.333,
				4.5,
				-2,
				5,
				-2,
				1,
				5.333,
				-2,
				5.667,
				-1.385,
				6,
				-0.52
			]
		},
		{
			"Target": "Parameter",
			"Id": "Param_Angle_Rotation35",
			"Segments": [
				0,
				-1.48,
				1,
				0.011,
				-1.48,
				0.022,
				-1.464,
				0.033,
				-1.447,
				1,
				0.356,
				-0.961,
				0.678,
				-0.449,
				1,
				0,
				1,
				1.5,
				0.696,
				2,
				1,
				2.5,
				1,
				1,
				3,
				1,
				3.5,
				0.889,
				4,
				0,
				1,
				4.5,
				-0.889,
				5,
				-2,
				5.5,
				-2,
				1,
				5.667,
				-2,
				5.833,
				-1.912,
				6,
				-1.48
			]
		},
		{
			"Target": "Parameter",
			"Id": "Param_Angle_Rotation36",
			"Segments": [
				0,
				-2.937,
				0,
				0.033,
				-2.937,
				1,
				0.522,
				-2.937,
				1.011,
				-1.535,
				1.5,
				0,
				1,
				2,
				1.57,
				2.5,
				1.945,
				3,
				1.945,
				1,
				3.5,
				1.945,
				4,
				1.573,
				4.5,
				0,
				1,
				5,
				-1.573,
				5.5,
				-3,
				6,
				-3
			]
		},
		{
			"Target": "Parameter",
			"Id": "Param_Angle_Rotation38",
			"Segments": [
				0,
				0,
				1,
				0.011,
				0,
				0.022,
				0.05,
				0.033,
				0.094,
				1,
				0.522,
				2.044,
				1.011,
				3,
				1.5,
				3,
				1,
				2,
				3,
				2.5,
				1.6,
				3,
				0,
				1,
				3.5,
				-1.6,
				4,
				-2,
				4.5,
				-2,
				1,
				4.989,
				-2,
				5.478,
				-1.38,
				5.967,
				-0.093,
				1,
				5.978,
				-0.064,
				5.989,
				0,
				6,
				0
			]
		},
		{
			"Target": "Parameter",
			"Id": "Param_Angle_Rotation39",
			"Segments": [
				0,
				-0.52,
				1,
				0.011,
				-0.52,
				0.022,
				-0.469,
				0.033,
				-0.43,
				1,
				0.133,
				-0.075,
				0.233,
				0.299,
				0.333,
				0.595,
				1,
				0.889,
				2.237,
				1.444,
				3,
				2,
				3,
				1,
				2.5,
				3,
				3,
				1.6,
				3.5,
				0,
				1,
				4,
				-1.6,
				4.5,
				-2,
				5,
				-2,
				1,
				5.333,
				-2,
				5.667,
				-1.385,
				6,
				-0.52
			]
		},
		{
			"Target": "Parameter",
			"Id": "Param_Angle_Rotation40",
			"Segments": [
				0,
				-1.48,
				1,
				0.011,
				-1.48,
				0.022,
				-1.421,
				0.033,
				-1.389,
				1,
				0.278,
				-0.693,
				0.522,
				-0.012,
				0.767,
				0.655,
				1,
				1.344,
				2.232,
				1.922,
				3,
				2.5,
				3,
				1,
				3,
				3,
				3.5,
				1.6,
				4,
				0,
				1,
				4.5,
				-1.6,
				5,
				-2,
				5.5,
				-2,
				1,
				5.667,
				-2,
				5.833,
				-1.912,
				6,
				-1.48
			]
		},
		{
			"Target": "Parameter",
			"Id": "Param_Angle_Rotation41",
			"Segments": [
				0,
				-3,
				1,
				0.5,
				-3,
				1,
				-2.285,
				1.5,
				0,
				1,
				2,
				2.285,
				2.5,
				4,
				3,
				4,
				1,
				3.5,
				4,
				4,
				2.285,
				4.5,
				0,
				1,
				5,
				-2.285,
				5.5,
				-3,
				6,
				-3
			]
		},
		{
			"Target": "Parameter",
			"Id": "Param_Angle_Rotation2",
			"Segments": [
				0,
				0.07,
				1,
				0.011,
				0.07,
				0.022,
				0.041,
				0.033,
				0,
				1,
				0.578,
				-2.005,
				1.122,
				-3,
				1.667,
				-3,
				1,
				2.167,
				-3,
				2.667,
				-1.6,
				3.167,
				0,
				1,
				3.667,
				1.6,
				4.167,
				2,
				4.667,
				2,
				1,
				5.111,
				2,
				5.556,
				1.445,
				6,
				0.07
			]
		},
		{
			"Target": "Parameter",
			"Id": "Param_Angle_Rotation3",
			"Segments": [
				0,
				1.25,
				1,
				0.011,
				1.25,
				0.022,
				1.188,
				0.033,
				1.157,
				1,
				0.233,
				0.594,
				0.433,
				0.135,
				0.633,
				-0.486,
				1,
				1.144,
				-2.074,
				1.656,
				-3,
				2.167,
				-3,
				1,
				2.667,
				-3,
				3.167,
				-2,
				3.667,
				0,
				1,
				4.167,
				2,
				4.667,
				3,
				5.167,
				3,
				1,
				5.444,
				3,
				5.722,
				2.358,
				6,
				1.25
			]
		},
		{
			"Target": "Parameter",
			"Id": "Param_Angle_Rotation5",
			"Segments": [
				0,
				0.069,
				1,
				0.011,
				0.069,
				0.022,
				0.027,
				0.033,
				0,
				1,
				0.578,
				-1.344,
				1.122,
				-2,
				1.667,
				-2,
				1,
				2.167,
				-2,
				2.667,
				-1.333,
				3.167,
				0,
				1,
				3.667,
				1.333,
				4.167,
				2,
				4.667,
				2,
				1,
				5.111,
				2,
				5.556,
				1.457,
				6,
				0.069
			]
		},
		{
			"Target": "Parameter",
			"Id": "Param_Angle_Rotation6",
			"Segments": [
				0,
				0.83,
				1,
				0.011,
				0.83,
				0.022,
				0.762,
				0.033,
				0.738,
				1,
				0.189,
				0.398,
				0.344,
				0.086,
				0.5,
				-0.241,
				1,
				1.056,
				-1.412,
				1.611,
				-2,
				2.167,
				-2,
				1,
				2.667,
				-2,
				3.167,
				-1.333,
				3.667,
				0,
				1,
				4.167,
				1.333,
				4.667,
				2,
				5.167,
				2,
				1,
				5.444,
				2,
				5.722,
				1.568,
				6,
				0.83
			]
		},
		{
			"Target": "Parameter",
			"Id": "Param_Angle_Rotation7",
			"Segments": [
				0,
				0.87,
				1,
				0.011,
				0.87,
				0.022,
				0.851,
				0.033,
				0.839,
				1,
				0.344,
				0.498,
				0.656,
				0.145,
				0.967,
				-0.17,
				1,
				1.533,
				-0.743,
				2.1,
				-1,
				2.667,
				-1,
				1,
				3.167,
				-1,
				3.667,
				-0.667,
				4.167,
				0,
				1,
				4.667,
				0.667,
				5.167,
				1,
				5.667,
				1,
				1,
				5.778,
				1,
				5.889,
				1.008,
				6,
				0.87
			]
		},
		{
			"Target": "Parameter",
			"Id": "Param_Angle_Rotation8",
			"Segments": [
				0,
				0.99,
				1,
				0.556,
				0.99,
				1.111,
				0.696,
				1.667,
				0,
				1,
				2.167,
				-0.626,
				2.667,
				-1,
				3.167,
				-1,
				1,
				3.667,
				-1,
				4.167,
				-0.7,
				4.667,
				0,
				1,
				5.111,
				0.623,
				5.556,
				0.99,
				6,
				0.99
			]
		},
		{
			"Target": "Parameter",
			"Id": "Param_Angle_Rotation9",
			"Segments": [
				0,
				1.61,
				1,
				0.722,
				1.61,
				1.444,
				1.311,
				2.167,
				0,
				1,
				2.667,
				-0.907,
				3.167,
				-2,
				3.667,
				-2,
				1,
				4.167,
				-2,
				4.667,
				-1.499,
				5.167,
				0,
				1,
				5.444,
				0.833,
				5.722,
				1.61,
				6,
				1.61
			]
		},
		{
			"Target": "Parameter",
			"Id": "Param_Angle_Rotation10",
			"Segments": [
				0,
				0.79,
				1,
				0.011,
				0.79,
				0.022,
				0.891,
				0.033,
				0.913,
				1,
				0.411,
				1.653,
				0.789,
				2,
				1.167,
				2,
				1,
				1.667,
				2,
				2.167,
				1.333,
				2.667,
				0,
				1,
				3.167,
				-1.333,
				3.667,
				-2,
				4.167,
				-2,
				1,
				4.656,
				-2,
				5.144,
				-1.418,
				5.633,
				-0.193,
				1,
				5.756,
				0.113,
				5.878,
				0.522,
				6,
				0.79
			]
		},
		{
			"Target": "Parameter",
			"Id": "Param_Angle_Rotation43",
			"Segments": [
				0,
				-0.1,
				1,
				0.011,
				-0.1,
				0.022,
				-0.028,
				0.033,
				0,
				1,
				0.578,
				1.349,
				1.122,
				2,
				1.667,
				2,
				1,
				2.167,
				2,
				2.667,
				1.6,
				3.167,
				0,
				1,
				3.667,
				-1.6,
				4.167,
				-3,
				4.667,
				-3,
				1,
				5.111,
				-3,
				5.556,
				-1.596,
				6,
				-0.1
			]
		},
		{
			"Target": "Parameter",
			"Id": "Param_Angle_Rotation44",
			"Segments": [
				0,
				-1.25,
				1,
				0.011,
				-1.25,
				0.022,
				-1.189,
				0.033,
				-1.157,
				1,
				0.267,
				-0.48,
				0.5,
				0.136,
				0.733,
				0.828,
				1,
				1.211,
				2.244,
				1.689,
				3,
				2.167,
				3,
				1,
				2.667,
				3,
				3.167,
				2,
				3.667,
				0,
				1,
				4.167,
				-2,
				4.667,
				-3,
				5.167,
				-3,
				1,
				5.444,
				-3,
				5.722,
				-2.358,
				6,
				-1.25
			]
		},
		{
			"Target": "Parameter",
			"Id": "Param_Angle_Rotation45",
			"Segments": [
				0,
				-3.49,
				1,
				0.011,
				-3.49,
				0.022,
				-3.406,
				0.033,
				-3.366,
				1,
				0.389,
				-2.094,
				0.744,
				-0.823,
				1.1,
				0.388,
				1,
				1.622,
				2.167,
				2.144,
				3,
				2.667,
				3,
				1,
				3.167,
				3,
				3.667,
				2.285,
				4.167,
				0,
				1,
				4.667,
				-2.285,
				5.167,
				-4,
				5.667,
				-4,
				1,
				5.778,
				-4,
				5.889,
				-4.038,
				6,
				-3.49
			]
		},
		{
			"Target": "Parameter",
			"Id": "Param_Angle_Rotation47",
			"Segments": [
				0,
				-0.1,
				1,
				0.011,
				-0.1,
				0.022,
				-0.028,
				0.033,
				0,
				1,
				0.578,
				1.349,
				1.122,
				2,
				1.667,
				2,
				1,
				2.167,
				2,
				2.667,
				1.6,
				3.167,
				0,
				1,
				3.667,
				-1.6,
				4.167,
				-3,
				4.667,
				-3,
				1,
				5.1,
				-3,
				5.533,
				-2.076,
				5.967,
				-0.195,
				1,
				5.978,
				-0.147,
				5.989,
				-0.1,
				6,
				-0.1
			]
		},
		{
			"Target": "Parameter",
			"Id": "Param_Angle_Rotation48",
			"Segments": [
				0,
				-1.25,
				1,
				0.011,
				-1.25,
				0.022,
				-1.183,
				0.033,
				-1.154,
				1,
				0.211,
				-0.691,
				0.389,
				-0.271,
				0.567,
				0.19,
				1,
				1.089,
				1.545,
				1.611,
				2.243,
				2.133,
				2.243,
				1,
				2.644,
				2.243,
				3.156,
				1.724,
				3.667,
				0,
				1,
				4.167,
				-1.687,
				4.667,
				-3,
				5.167,
				-3,
				1,
				5.444,
				-3,
				5.722,
				-2.358,
				6,
				-1.25
			]
		},
		{
			"Target": "Parameter",
			"Id": "Param_Angle_Rotation49",
			"Segments": [
				0,
				-2.62,
				1,
				0.011,
				-2.62,
				0.022,
				-2.499,
				0.033,
				-2.468,
				1,
				0.4,
				-1.448,
				0.767,
				-0.567,
				1.133,
				0.53,
				1,
				1.644,
				2.06,
				2.156,
				3,
				2.667,
				3,
				1,
				3.167,
				3,
				3.667,
				2,
				4.167,
				0,
				1,
				4.667,
				-2,
				5.167,
				-3,
				5.667,
				-3,
				1,
				5.778,
				-3,
				5.889,
				-3.03,
				6,
				-2.62
			]
		},
		{
			"Target": "Parameter",
			"Id": "Param_Angle_Rotation55",
			"Segments": [
				0,
				0.21,
				1,
				0.011,
				0.21,
				0.022,
				0.055,
				0.033,
				0,
				1,
				0.578,
				-2.699,
				1.122,
				-4,
				1.667,
				-4,
				1,
				2.167,
				-4,
				2.667,
				-3.198,
				3.167,
				0,
				1,
				3.667,
				3.198,
				4.167,
				6,
				4.667,
				6,
				1,
				5.111,
				6,
				5.556,
				3.236,
				6,
				0.21
			]
		},
		{
			"Target": "Parameter",
			"Id": "Param_Angle_Rotation56",
			"Segments": [
				0,
				2.5,
				1,
				0.011,
				2.5,
				0.022,
				2.397,
				0.033,
				2.341,
				1,
				0.233,
				1.334,
				0.433,
				0.308,
				0.633,
				-0.603,
				1,
				1.144,
				-2.931,
				1.656,
				-4,
				2.167,
				-4,
				1,
				2.667,
				-4,
				3.167,
				-3.198,
				3.667,
				0,
				1,
				4.167,
				3.198,
				4.667,
				6,
				5.167,
				6,
				1,
				5.444,
				6,
				5.722,
				4.715,
				6,
				2.5
			]
		},
		{
			"Target": "Parameter",
			"Id": "Param_Angle_Rotation57",
			"Segments": [
				0,
				5.24,
				1,
				0.011,
				5.24,
				0.022,
				5.201,
				0.033,
				5.144,
				1,
				0.389,
				3.313,
				0.744,
				1.397,
				1.1,
				-0.33,
				1,
				1.622,
				-2.866,
				2.144,
				-4,
				2.667,
				-4,
				1,
				3.167,
				-4,
				3.667,
				-3.198,
				4.167,
				0,
				1,
				4.667,
				3.198,
				5.167,
				6,
				5.667,
				6,
				1,
				5.778,
				6,
				5.889,
				6.06,
				6,
				5.24
			]
		},
		{
			"Target": "Parameter",
			"Id": "Param_Angle_Rotation58",
			"Segments": [
				0,
				2.95,
				1,
				0.556,
				2.95,
				1.111,
				1.702,
				1.667,
				0,
				1,
				2.167,
				-1.532,
				2.667,
				-2,
				3.167,
				-2,
				1,
				3.667,
				-2,
				4.167,
				-1.64,
				4.667,
				0,
				1,
				5.111,
				1.457,
				5.556,
				2.95,
				6,
				2.95
			]
		},
		{
			"Target": "Parameter",
			"Id": "Param_Angle_Rotation51",
			"Segments": [
				0,
				-0.21,
				1,
				0.011,
				-0.21,
				0.022,
				0.131,
				0.033,
				0.224,
				1,
				0.578,
				4.801,
				1.122,
				7,
				1.667,
				7,
				1,
				2.167,
				7,
				2.667,
				4.307,
				3.167,
				0,
				1,
				3.667,
				-4.307,
				4.167,
				-6,
				4.667,
				-6,
				1,
				5.111,
				-6,
				5.556,
				-3.236,
				6,
				-0.21
			]
		},
		{
			"Target": "Parameter",
			"Id": "Param_Angle_Rotation52",
			"Segments": [
				0,
				-2.5,
				1,
				0.011,
				-2.5,
				0.022,
				-2.38,
				0.033,
				-2.314,
				1,
				0.222,
				-1.196,
				0.411,
				-0.228,
				0.6,
				0.952,
				1,
				1.122,
				4.215,
				1.644,
				6,
				2.167,
				6,
				1,
				2.667,
				6,
				3.167,
				4,
				3.667,
				0,
				1,
				4.167,
				-4,
				4.667,
				-6,
				5.167,
				-6,
				1,
				5.444,
				-6,
				5.722,
				-4.715,
				6,
				-2.5
			]
		},
		{
			"Target": "Parameter",
			"Id": "Param_Angle_Rotation53",
			"Segments": [
				0,
				-3.49,
				1,
				0.011,
				-3.49,
				0.022,
				-3.334,
				0.033,
				-3.278,
				1,
				0.344,
				-1.708,
				0.656,
				-0.311,
				0.967,
				1.333,
				1,
				1.533,
				4.326,
				2.1,
				6,
				2.667,
				6,
				1,
				3.167,
				6,
				3.667,
				3.198,
				4.167,
				0,
				1,
				4.667,
				-3.198,
				5.167,
				-4,
				5.667,
				-4,
				1,
				5.778,
				-4,
				5.889,
				-4.038,
				6,
				-3.49
			]
		},
		{
			"Target": "Parameter",
			"Id": "Param_Angle_Rotation73",
			"Segments": [
				0,
				0.25,
				1,
				0.011,
				0.25,
				0.022,
				0.172,
				0.033,
				0.145,
				1,
				0.633,
				-1.301,
				1.233,
				-2,
				1.833,
				-2,
				1,
				2.333,
				-2,
				2.833,
				-1.333,
				3.333,
				0,
				1,
				3.833,
				1.333,
				4.333,
				2,
				4.833,
				2,
				1,
				5.222,
				2,
				5.611,
				1.204,
				6,
				0.25
			]
		},
		{
			"Target": "Parameter",
			"Id": "Param_Angle_Rotation74",
			"Segments": [
				0,
				1.17,
				1,
				0.011,
				1.17,
				0.022,
				1.107,
				0.033,
				1.078,
				1,
				0.244,
				0.518,
				0.456,
				-0.157,
				0.667,
				-0.559,
				1,
				1.222,
				-1.616,
				1.778,
				-2,
				2.333,
				-2,
				1,
				2.833,
				-2,
				3.333,
				-1.333,
				3.833,
				0,
				1,
				4.333,
				1.333,
				4.833,
				2,
				5.333,
				2,
				1,
				5.556,
				2,
				5.778,
				1.76,
				6,
				1.17
			]
		},
		{
			"Target": "Parameter",
			"Id": "Param_Angle_Rotation75",
			"Segments": [
				0,
				1.93,
				1,
				0.444,
				1.93,
				0.889,
				1.231,
				1.333,
				0,
				1,
				1.833,
				-1.385,
				2.333,
				-2,
				2.833,
				-2,
				1,
				3.333,
				-2,
				3.833,
				-1.235,
				4.333,
				0,
				1,
				4.889,
				1.372,
				5.444,
				1.93,
				6,
				1.93
			]
		},
		{
			"Target": "Parameter",
			"Id": "Param_Angle_Rotation76",
			"Segments": [
				0,
				1.9,
				1,
				0.611,
				1.9,
				1.222,
				1.408,
				1.833,
				0,
				1,
				2.333,
				-1.152,
				2.833,
				-2,
				3.333,
				-2,
				1,
				3.833,
				-2,
				4.333,
				-1.448,
				4.833,
				0,
				1,
				5.222,
				1.126,
				5.611,
				1.9,
				6,
				1.9
			]
		},
		{
			"Target": "Parameter",
			"Id": "Param_Angle_Rotation78",
			"Segments": [
				0,
				0.25,
				1,
				0.011,
				0.25,
				0.022,
				0.187,
				0.033,
				0.16,
				1,
				0.633,
				-1.295,
				1.233,
				-2,
				1.833,
				-2,
				1,
				2.333,
				-2,
				2.833,
				-1.333,
				3.333,
				0,
				1,
				3.833,
				1.333,
				4.333,
				2,
				4.833,
				2,
				1,
				5.222,
				2,
				5.611,
				1.204,
				6,
				0.25
			]
		},
		{
			"Target": "Parameter",
			"Id": "Param_Angle_Rotation79",
			"Segments": [
				0,
				1.17,
				1,
				0.011,
				1.17,
				0.022,
				1.082,
				0.033,
				1.048,
				1,
				0.211,
				0.51,
				0.389,
				-0.178,
				0.567,
				-0.51,
				1,
				1.156,
				-1.611,
				1.744,
				-2,
				2.333,
				-2,
				1,
				2.833,
				-2,
				3.333,
				-1.333,
				3.833,
				0,
				1,
				4.333,
				1.333,
				4.833,
				2,
				5.333,
				2,
				1,
				5.556,
				2,
				5.778,
				1.76,
				6,
				1.17
			]
		},
		{
			"Target": "Parameter",
			"Id": "Param_Angle_Rotation80",
			"Segments": [
				0,
				1.93,
				1,
				0.444,
				1.93,
				0.889,
				1.231,
				1.333,
				0,
				1,
				1.833,
				-1.385,
				2.333,
				-2,
				2.833,
				-2,
				1,
				3.333,
				-2,
				3.833,
				-1.235,
				4.333,
				0,
				1,
				4.889,
				1.372,
				5.444,
				1.93,
				6,
				1.93
			]
		},
		{
			"Target": "Parameter",
			"Id": "Param_Angle_Rotation81",
			"Segments": [
				0,
				1.9,
				1,
				0.611,
				1.9,
				1.222,
				1.408,
				1.833,
				0,
				1,
				2.333,
				-1.152,
				2.833,
				-2,
				3.333,
				-2,
				1,
				3.833,
				-2,
				4.333,
				-1.448,
				4.833,
				0,
				1,
				5.222,
				1.126,
				5.611,
				1.9,
				6,
				1.9
			]
		},
		{
			"Target": "Parameter",
			"Id": "Param_Angle_Rotation82",
			"Segments": [
				0,
				1.38,
				1,
				0.011,
				1.38,
				0.022,
				1.429,
				0.033,
				1.442,
				1,
				0.356,
				1.823,
				0.678,
				2,
				1,
				2,
				1,
				1.444,
				2,
				1.889,
				1.251,
				2.333,
				0,
				1,
				2.833,
				-1.407,
				3.333,
				-2,
				3.833,
				-2,
				1,
				4.333,
				-2,
				4.833,
				-1.225,
				5.333,
				0,
				1,
				5.556,
				0.544,
				5.778,
				1.002,
				6,
				1.38
			]
		}
	]
}