{
	"Version": 3,
	"Parameters": [
		{
			"Id": "ParamEff1",
			"GroupId": "ParamGroup",
			"Name": "エフェクト1"
		},
		{
			"Id": "ParamEff2",
			"GroupId": "ParamGroup",
			"Name": "エフェクト2"
		},
		{
			"Id": "ParamEff3",
			"GroupId": "ParamGroup",
			"Name": "エフェクト3"
		},
		{
			"Id": "ParamEff4",
			"GroupId": "ParamGroup",
			"Name": "エフェクト4"
		},
		{
			"Id": "ParamEff5",
			"GroupId": "ParamGroup",
			"Name": "エフェクト5"
		},
		{
			"Id": "ParamEff6",
			"GroupId": "ParamGroup",
			"Name": "エフェクト6"
		},
		{
			"Id": "ParamEff7",
			"GroupId": "ParamGroup",
			"Name": "エフェクト7"
		},
		{
			"Id": "ParamEff8",
			"GroupId": "ParamGroup",
			"Name": "エフェクト8"
		},
		{
			"Id": "ParamEff9",
			"GroupId": "ParamGroup",
			"Name": "エフェクト9"
		},
		{
			"Id": "ParamEff10",
			"GroupId": "ParamGroup",
			"Name": "エフェクト10"
		},
		{
			"Id": "ParamEff11",
			"GroupId": "ParamGroup",
			"Name": "エフェクト11"
		},
		{
			"Id": "ParamEff12",
			"GroupId": "ParamGroup",
			"Name": "エフェクト12"
		},
		{
			"Id": "ParamEff13",
			"GroupId": "ParamGroup",
			"Name": "エフェクト13"
		},
		{
			"Id": "ParamEff14",
			"GroupId": "ParamGroup",
			"Name": "エフェクト14"
		},
		{
			"Id": "ParamEff15",
			"GroupId": "ParamGroup",
			"Name": "エフェクト15"
		},
		{
			"Id": "ParamEff16",
			"GroupId": "ParamGroup",
			"Name": "エフェクト16"
		},
		{
			"Id": "ParamEff17",
			"GroupId": "ParamGroup",
			"Name": "エフェクト17"
		},
		{
			"Id": "ParamEff18",
			"GroupId": "ParamGroup",
			"Name": "エフェクト18"
		},
		{
			"Id": "ParamEff19",
			"GroupId": "ParamGroup",
			"Name": "エフェクト19"
		},
		{
			"Id": "ParamEff20",
			"GroupId": "ParamGroup",
			"Name": "エフェクト20"
		},
		{
			"Id": "ParamEff21",
			"GroupId": "ParamGroup",
			"Name": "エフェクト21"
		},
		{
			"Id": "ParamEff22",
			"GroupId": "ParamGroup",
			"Name": "エフェクト22"
		},
		{
			"Id": "ParamEff23",
			"GroupId": "ParamGroup",
			"Name": "エフェクト23"
		},
		{
			"Id": "ParamEff24",
			"GroupId": "ParamGroup",
			"Name": "エフェクト24"
		},
		{
			"Id": "ParamEff25",
			"GroupId": "ParamGroup",
			"Name": "エフェクト25"
		},
		{
			"Id": "ParamEff26",
			"GroupId": "ParamGroup",
			"Name": "エフェクト26"
		},
		{
			"Id": "ParamEff27",
			"GroupId": "ParamGroup",
			"Name": "エフェクト27"
		},
		{
			"Id": "ParamEff28",
			"GroupId": "ParamGroup",
			"Name": "エフェクト28"
		},
		{
			"Id": "ParamEff29",
			"GroupId": "ParamGroup",
			"Name": "エフェクト29"
		},
		{
			"Id": "ParamEff30",
			"GroupId": "ParamGroup",
			"Name": "エフェクト30"
		},
		{
			"Id": "ParamEff31",
			"GroupId": "ParamGroup",
			"Name": "エフェクト31"
		},
		{
			"Id": "ParamEff32",
			"GroupId": "ParamGroup",
			"Name": "エフェクト32"
		},
		{
			"Id": "ParamEff33",
			"GroupId": "ParamGroup",
			"Name": "エフェクト33"
		},
		{
			"Id": "ParamPachi",
			"GroupId": "ParamGroup2",
			"Name": "目パチ"
		},
		{
			"Id": "ParamLegL1",
			"GroupId": "ParamGroup2",
			"Name": "右太もも"
		},
		{
			"Id": "ParamLegL2",
			"GroupId": "ParamGroup2",
			"Name": "右足"
		},
		{
			"Id": "ParamLegR1",
			"GroupId": "ParamGroup2",
			"Name": "左太もも"
		},
		{
			"Id": "ParamLegR2",
			"GroupId": "ParamGroup2",
			"Name": "左足"
		},
		{
			"Id": "ParamEyeRL",
			"GroupId": "ParamGroup2",
			"Name": "目Hi左右"
		},
		{
			"Id": "ParamEyeUD",
			"GroupId": "ParamGroup2",
			"Name": "目Hi上下"
		},
		{
			"Id": "ParamEyeBS",
			"GroupId": "ParamGroup2",
			"Name": "目Hi大小"
		},
		{
			"Id": "ParamPaiRX",
			"GroupId": "ParamGroup2",
			"Name": "右胸 X"
		},
		{
			"Id": "ParamPaiRY",
			"GroupId": "ParamGroup2",
			"Name": "右胸 Y"
		},
		{
			"Id": "ParamPaiRX2",
			"GroupId": "ParamGroup2",
			"Name": "右胸 X2"
		},
		{
			"Id": "ParamPaiRY2",
			"GroupId": "ParamGroup2",
			"Name": "右胸 Y2"
		},
		{
			"Id": "ParamPaiLY",
			"GroupId": "ParamGroup2",
			"Name": "左胸 Y"
		},
		{
			"Id": "ParamPaiLX",
			"GroupId": "ParamGroup2",
			"Name": "左胸 X"
		},
		{
			"Id": "ParamPaiLY2",
			"GroupId": "ParamGroup2",
			"Name": "左胸 Y2"
		},
		{
			"Id": "ParamPaiLX2",
			"GroupId": "ParamGroup2",
			"Name": "左胸 X2"
		},
		{
			"Id": "ParamBreat",
			"GroupId": "ParamGroup2",
			"Name": "呼吸"
		},
		{
			"Id": "ParamMagatama",
			"GroupId": "ParamGroup3",
			"Name": "勾玉"
		},
		{
			"Id": "Param_Angle_Rotation12",
			"GroupId": "ParamGroup4",
			"Name": "[0]髪1"
		},
		{
			"Id": "Param_Angle_Rotation13",
			"GroupId": "ParamGroup4",
			"Name": "[1]髪1"
		},
		{
			"Id": "Param_Angle_Rotation14",
			"GroupId": "ParamGroup4",
			"Name": "[2]髪1"
		},
		{
			"Id": "Param_Angle_Rotation16",
			"GroupId": "ParamGroup5",
			"Name": "[0]髪2"
		},
		{
			"Id": "Param_Angle_Rotation17",
			"GroupId": "ParamGroup5",
			"Name": "[1]髪2"
		},
		{
			"Id": "Param_Angle_Rotation18",
			"GroupId": "ParamGroup5",
			"Name": "[2]髪2"
		},
		{
			"Id": "Param_Angle_Rotation20",
			"GroupId": "ParamGroup6",
			"Name": "[0]髪3"
		},
		{
			"Id": "Param_Angle_Rotation21",
			"GroupId": "ParamGroup6",
			"Name": "[1]髪3"
		},
		{
			"Id": "Param_Angle_Rotation22",
			"GroupId": "ParamGroup6",
			"Name": "[2]髪3"
		},
		{
			"Id": "Param_Angle_Rotation23",
			"GroupId": "ParamGroup6",
			"Name": "[3]髪3"
		},
		{
			"Id": "Param_Angle_Rotation25",
			"GroupId": "ParamGroup7",
			"Name": "[0]髪4"
		},
		{
			"Id": "Param_Angle_Rotation26",
			"GroupId": "ParamGroup7",
			"Name": "[1]髪4"
		},
		{
			"Id": "Param_Angle_Rotation27",
			"GroupId": "ParamGroup7",
			"Name": "[2]髪4"
		},
		{
			"Id": "Param_Angle_Rotation29",
			"GroupId": "ParamGroup8",
			"Name": "[0]髪5"
		},
		{
			"Id": "Param_Angle_Rotation30",
			"GroupId": "ParamGroup8",
			"Name": "[1]髪5"
		},
		{
			"Id": "Param_Angle_Rotation31",
			"GroupId": "ParamGroup8",
			"Name": "[2]髪5"
		},
		{
			"Id": "Param_Angle_Rotation33",
			"GroupId": "ParamGroup9",
			"Name": "[0]髪6"
		},
		{
			"Id": "Param_Angle_Rotation34",
			"GroupId": "ParamGroup9",
			"Name": "[1]髪6"
		},
		{
			"Id": "Param_Angle_Rotation35",
			"GroupId": "ParamGroup9",
			"Name": "[2]髪6"
		},
		{
			"Id": "Param_Angle_Rotation36",
			"GroupId": "ParamGroup9",
			"Name": "[3]髪6"
		},
		{
			"Id": "Param_Angle_Rotation38",
			"GroupId": "ParamGroup10",
			"Name": "[0]髪7"
		},
		{
			"Id": "Param_Angle_Rotation39",
			"GroupId": "ParamGroup10",
			"Name": "[1]髪7"
		},
		{
			"Id": "Param_Angle_Rotation40",
			"GroupId": "ParamGroup10",
			"Name": "[2]髪7"
		},
		{
			"Id": "Param_Angle_Rotation41",
			"GroupId": "ParamGroup10",
			"Name": "[3]髪7"
		},
		{
			"Id": "Param_Angle_Rotation2",
			"GroupId": "ParamGroup14",
			"Name": "[0]頭飾り赤右"
		},
		{
			"Id": "Param_Angle_Rotation3",
			"GroupId": "ParamGroup14",
			"Name": "[1]頭飾り赤右"
		},
		{
			"Id": "Param_Angle_Rotation5",
			"GroupId": "ParamGroup15",
			"Name": "[0]頭飾り赤左"
		},
		{
			"Id": "Param_Angle_Rotation6",
			"GroupId": "ParamGroup15",
			"Name": "[1]頭飾り赤左"
		},
		{
			"Id": "Param_Angle_Rotation7",
			"GroupId": "ParamGroup15",
			"Name": "[2]頭飾り赤左"
		},
		{
			"Id": "Param_Angle_Rotation8",
			"GroupId": "ParamGroup15",
			"Name": "[3]頭飾り赤左"
		},
		{
			"Id": "Param_Angle_Rotation9",
			"GroupId": "ParamGroup15",
			"Name": "[4]頭飾り赤左"
		},
		{
			"Id": "Param_Angle_Rotation10",
			"GroupId": "ParamGroup15",
			"Name": "[5]頭飾り赤左"
		},
		{
			"Id": "Param_Angle_Rotation43",
			"GroupId": "ParamGroup16",
			"Name": "[0]もみあげ右"
		},
		{
			"Id": "Param_Angle_Rotation44",
			"GroupId": "ParamGroup16",
			"Name": "[1]もみあげ右"
		},
		{
			"Id": "Param_Angle_Rotation45",
			"GroupId": "ParamGroup16",
			"Name": "[2]もみあげ右"
		},
		{
			"Id": "Param_Angle_Rotation47",
			"GroupId": "ParamGroup17",
			"Name": "[0]右後ろ髪1"
		},
		{
			"Id": "Param_Angle_Rotation48",
			"GroupId": "ParamGroup17",
			"Name": "[1]右後ろ髪1"
		},
		{
			"Id": "Param_Angle_Rotation49",
			"GroupId": "ParamGroup17",
			"Name": "[2]右後ろ髪1"
		},
		{
			"Id": "Param_Angle_Rotation55",
			"GroupId": "ParamGroup18",
			"Name": "[0]左後ろ髪"
		},
		{
			"Id": "Param_Angle_Rotation56",
			"GroupId": "ParamGroup18",
			"Name": "[1]左後ろ髪"
		},
		{
			"Id": "Param_Angle_Rotation57",
			"GroupId": "ParamGroup18",
			"Name": "[2]左後ろ髪"
		},
		{
			"Id": "Param_Angle_Rotation58",
			"GroupId": "ParamGroup18",
			"Name": "[3]左後ろ髪"
		},
		{
			"Id": "Param_Angle_Rotation51",
			"GroupId": "ParamGroup19",
			"Name": "[0]右後ろ髪2"
		},
		{
			"Id": "Param_Angle_Rotation52",
			"GroupId": "ParamGroup19",
			"Name": "[1]右後ろ髪2"
		},
		{
			"Id": "Param_Angle_Rotation53",
			"GroupId": "ParamGroup19",
			"Name": "[2]右後ろ髪2"
		},
		{
			"Id": "Param_Angle_Rotation73",
			"GroupId": "ParamGroup11",
			"Name": "[0]マント1"
		},
		{
			"Id": "Param_Angle_Rotation74",
			"GroupId": "ParamGroup11",
			"Name": "[1]マント1"
		},
		{
			"Id": "Param_Angle_Rotation75",
			"GroupId": "ParamGroup11",
			"Name": "[2]マント1"
		},
		{
			"Id": "Param_Angle_Rotation76",
			"GroupId": "ParamGroup11",
			"Name": "[3]マント1"
		},
		{
			"Id": "Param_Angle_Rotation78",
			"GroupId": "ParamGroup12",
			"Name": "[0]マント2"
		},
		{
			"Id": "Param_Angle_Rotation79",
			"GroupId": "ParamGroup12",
			"Name": "[1]マント2"
		},
		{
			"Id": "Param_Angle_Rotation80",
			"GroupId": "ParamGroup12",
			"Name": "[2]マント2"
		},
		{
			"Id": "Param_Angle_Rotation81",
			"GroupId": "ParamGroup12",
			"Name": "[3]マント2"
		},
		{
			"Id": "Param_Angle_Rotation82",
			"GroupId": "ParamGroup12",
			"Name": "[4]マント2"
		}
	],
	"ParameterGroups": [
		{
			"Id": "ParamGroup",
			"GroupId": "",
			"Name": "エフェクト"
		},
		{
			"Id": "ParamGroup2",
			"GroupId": "",
			"Name": "URアニメーション"
		},
		{
			"Id": "ParamGroup3",
			"GroupId": "",
			"Name": "追加"
		},
		{
			"Id": "ParamGroup4",
			"GroupId": "",
			"Name": "髪1"
		},
		{
			"Id": "ParamGroup5",
			"GroupId": "",
			"Name": "髪2"
		},
		{
			"Id": "ParamGroup6",
			"GroupId": "",
			"Name": "髪3"
		},
		{
			"Id": "ParamGroup7",
			"GroupId": "",
			"Name": "髪4"
		},
		{
			"Id": "ParamGroup8",
			"GroupId": "",
			"Name": "髪5"
		},
		{
			"Id": "ParamGroup9",
			"GroupId": "",
			"Name": "髪6"
		},
		{
			"Id": "ParamGroup10",
			"GroupId": "",
			"Name": "髪7"
		},
		{
			"Id": "ParamGroup14",
			"GroupId": "",
			"Name": "頭飾り赤右"
		},
		{
			"Id": "ParamGroup15",
			"GroupId": "",
			"Name": "頭飾り赤左"
		},
		{
			"Id": "ParamGroup16",
			"GroupId": "",
			"Name": "もみあげ右"
		},
		{
			"Id": "ParamGroup17",
			"GroupId": "",
			"Name": "右後ろ髪1"
		},
		{
			"Id": "ParamGroup18",
			"GroupId": "",
			"Name": "左後ろ髪"
		},
		{
			"Id": "ParamGroup19",
			"GroupId": "",
			"Name": "右後ろ髪2"
		},
		{
			"Id": "ParamGroup11",
			"GroupId": "",
			"Name": "マント1"
		},
		{
			"Id": "ParamGroup12",
			"GroupId": "",
			"Name": "マント2"
		}
	],
	"Parts": [
		{
			"Id": "Part26",
			"Name": "1920x1440_3.psd"
		},
		{
			"Id": "Part25",
			"Name": "1920x1440_2.psd"
		},
		{
			"Id": "Part24",
			"Name": "1920x1440.psd"
		},
		{
			"Id": "Part",
			"Name": "エフェクト"
		},
		{
			"Id": "Part15",
			"Name": "攻撃エフェクト　セル"
		},
		{
			"Id": "Part19",
			"Name": "呂布"
		},
		{
			"Id": "Part2",
			"Name": "きらきら"
		},
		{
			"Id": "Part9",
			"Name": "粒子"
		},
		{
			"Id": "Part16",
			"Name": "グループ 12"
		},
		{
			"Id": "Part17",
			"Name": "グループ 13"
		},
		{
			"Id": "Part18",
			"Name": "グループ 14"
		},
		{
			"Id": "Part20",
			"Name": "頭部"
		},
		{
			"Id": "ArtMesh121_Skinning",
			"Name": "マント1(スキニング)"
		},
		{
			"Id": "ArtMesh122_Skinning",
			"Name": "マント2(スキニング)"
		},
		{
			"Id": "Part3",
			"Name": "グループ 1"
		},
		{
			"Id": "Part4",
			"Name": "グループ 3"
		},
		{
			"Id": "Part5",
			"Name": "グループ 6"
		},
		{
			"Id": "Part6",
			"Name": "グループ 2"
		},
		{
			"Id": "Part7",
			"Name": "グループ 4"
		},
		{
			"Id": "Part8",
			"Name": "グループ 5"
		},
		{
			"Id": "Part10",
			"Name": "グループ 10"
		},
		{
			"Id": "Part11",
			"Name": "グループ 8"
		},
		{
			"Id": "Part12",
			"Name": "グループ 7"
		},
		{
			"Id": "Part13",
			"Name": "グループ 9"
		},
		{
			"Id": "Part14",
			"Name": "グループ 11"
		},
		{
			"Id": "ArtMesh84_Skinning",
			"Name": "頭飾り赤右(スキニング)"
		},
		{
			"Id": "ArtMesh85_Skinning",
			"Name": "頭飾り赤左(スキニング)"
		},
		{
			"Id": "Part21",
			"Name": "髪"
		},
		{
			"Id": "Part22",
			"Name": "顔"
		},
		{
			"Id": "Part23",
			"Name": "髪影"
		},
		{
			"Id": "ArtMesh105_Skinning",
			"Name": "もみあげ右(スキニング)"
		},
		{
			"Id": "ArtMesh106_Skinning",
			"Name": "右後ろ髪1(スキニング)"
		},
		{
			"Id": "ArtMesh107_Skinning",
			"Name": "右後ろ髪2(スキニング)"
		},
		{
			"Id": "ArtMesh108_Skinning",
			"Name": "左後ろ髪(スキニング)"
		},
		{
			"Id": "ArtMesh86_Skinning",
			"Name": "髪1(スキニング)"
		},
		{
			"Id": "ArtMesh87_Skinning",
			"Name": "髪2(スキニング)"
		},
		{
			"Id": "ArtMesh88_Skinning",
			"Name": "髪3(スキニング)"
		},
		{
			"Id": "ArtMesh89_Skinning",
			"Name": "髪4(スキニング)"
		},
		{
			"Id": "ArtMesh90_Skinning",
			"Name": "髪5(スキニング)"
		},
		{
			"Id": "ArtMesh91_Skinning",
			"Name": "髪6(スキニング)"
		},
		{
			"Id": "ArtMesh92_Skinning",
			"Name": "髪7(スキニング)"
		},
		{
			"Id": "ArtMesh99_Skinning",
			"Name": "髪影1(スキニング)"
		},
		{
			"Id": "ArtMesh100_Skinning",
			"Name": "髪影2(スキニング)"
		},
		{
			"Id": "ArtMesh102_Skinning",
			"Name": "髪影4(スキニング)"
		}
	],
	"CombinedParameters": [
		[
			"ParamEyeRL",
			"ParamEyeUD"
		],
		[
			"ParamPaiRX",
			"ParamPaiRY"
		],
		[
			"ParamPaiRX2",
			"ParamPaiRY2"
		],
		[
			"ParamPaiLY",
			"ParamPaiLX"
		],
		[
			"ParamPaiLY2",
			"ParamPaiLX2"
		]
	]
}