{
	"Version": 3,
	"Meta": {
		"Duration": 6,
		"Fps": 30.0,
		"Loop": true,
		"AreBeziersRestricted": false,
		"CurveCount": 127,
		"TotalSegmentCount": 1057,
		"TotalPointCount": 3296,
		"UserDataCount": 0,
		"TotalUserDataSize": 0
	},
	"Curves": [
		{
			"Target": "Parameter",
			"Id": "ParamEff1",
			"Segments": [
				0,
				1,
				1,
				0.2,
				1,
				0.4,
				1,
				0.6,
				1,
				1,
				0.633,
				1,
				0.667,
				0.5,
				0.7,
				0.5,
				1,
				0.733,
				0.5,
				0.767,
				1,
				0.8,
				1,
				1,
				1.378,
				1,
				1.956,
				1,
				2.533,
				1,
				1,
				2.567,
				1,
				2.6,
				0.5,
				2.633,
				0.5,
				1,
				2.678,
				0.5,
				2.722,
				1,
				2.767,
				1,
				1,
				3.5,
				1,
				4.233,
				1,
				4.967,
				1,
				1,
				5,
				1,
				5.033,
				0.5,
				5.067,
				0.5,
				1,
				5.111,
				0.5,
				5.156,
				1,
				5.2,
				1,
				1,
				5.467,
				1,
				5.733,
				1,
				6,
				1
			]
		},
		{
			"Target": "Parameter",
			"Id": "ParamEff2",
			"Segments": [
				0,
				0.6,
				1,
				0.033,
				0.6,
				0.067,
				1,
				0.1,
				1,
				1,
				0.6,
				1,
				1.1,
				1,
				1.6,
				1,
				1,
				1.633,
				1,
				1.667,
				0.5,
				1.7,
				0.5,
				1,
				1.733,
				0.5,
				1.767,
				1,
				1.8,
				1,
				1,
				2.267,
				1,
				2.733,
				1,
				3.2,
				1,
				1,
				3.233,
				1,
				3.267,
				0.5,
				3.3,
				0.5,
				1,
				3.333,
				0.5,
				3.367,
				1,
				3.4,
				1,
				1,
				3.444,
				1,
				3.489,
				1,
				3.533,
				1,
				1,
				3.567,
				1,
				3.6,
				0.5,
				3.633,
				0.5,
				1,
				3.667,
				0.5,
				3.7,
				1,
				3.733,
				1,
				1,
				4.444,
				1,
				5.156,
				1,
				5.867,
				1,
				1,
				5.911,
				1,
				5.956,
				0.6,
				6,
				0.6
			]
		},
		{
			"Target": "Parameter",
			"Id": "ParamEff3",
			"Segments": [
				0,
				1,
				1,
				0.656,
				1,
				1.311,
				1,
				1.967,
				1,
				1,
				2,
				1,
				2.033,
				0.5,
				2.067,
				0.5,
				1,
				2.1,
				0.5,
				2.133,
				1,
				2.167,
				1,
				1,
				2.211,
				1,
				2.256,
				1,
				2.3,
				1,
				1,
				2.333,
				1,
				2.367,
				0.5,
				2.4,
				0.5,
				1,
				2.433,
				0.5,
				2.467,
				1,
				2.5,
				1,
				1,
				2.922,
				1,
				3.344,
				1,
				3.767,
				1,
				1,
				3.8,
				1,
				3.833,
				0.5,
				3.867,
				0.5,
				1,
				3.9,
				0.5,
				3.933,
				1,
				3.967,
				1,
				1,
				4.644,
				1,
				5.322,
				1,
				6,
				1
			]
		},
		{
			"Target": "Parameter",
			"Id": "ParamEff4",
			"Segments": [
				0,
				1,
				1,
				0.189,
				1,
				0.378,
				1,
				0.567,
				1,
				1,
				0.6,
				1,
				0.633,
				0.5,
				0.667,
				0.5,
				1,
				0.7,
				0.5,
				0.733,
				1,
				0.767,
				1,
				1,
				0.944,
				1,
				1.122,
				0.9,
				1.3,
				0.9,
				1,
				1.667,
				0.9,
				2.033,
				1,
				2.4,
				1,
				1,
				2.433,
				1,
				2.467,
				0.5,
				2.5,
				0.5,
				1,
				2.533,
				0.5,
				2.567,
				1,
				2.6,
				1,
				1,
				3,
				1,
				3.4,
				0.8,
				3.8,
				0.8,
				1,
				4.2,
				0.8,
				4.6,
				1,
				5,
				1,
				1,
				5.033,
				1,
				5.067,
				0.5,
				5.1,
				0.5,
				1,
				5.133,
				0.5,
				5.167,
				1,
				5.2,
				1,
				1,
				5.467,
				1,
				5.733,
				1,
				6,
				1
			]
		},
		{
			"Target": "Parameter",
			"Id": "ParamEff5",
			"Segments": [
				0,
				1,
				1,
				0.078,
				1,
				0.156,
				1,
				0.233,
				1,
				1,
				0.267,
				1,
				0.3,
				0.5,
				0.333,
				0.5,
				1,
				0.367,
				0.5,
				0.4,
				1,
				0.433,
				1,
				1,
				1.244,
				1,
				2.056,
				0.7,
				2.867,
				0.7,
				1,
				3.911,
				0.7,
				4.956,
				1,
				6,
				1
			]
		},
		{
			"Target": "Parameter",
			"Id": "ParamEff6",
			"Segments": [
				0,
				0.6,
				1,
				0.033,
				0.6,
				0.067,
				1,
				0.1,
				1,
				1,
				0.867,
				1,
				1.633,
				0.8,
				2.4,
				0.8,
				1,
				3.133,
				0.8,
				3.867,
				1,
				4.6,
				1,
				1,
				4.633,
				1,
				4.667,
				0.5,
				4.7,
				0.5,
				1,
				4.733,
				0.5,
				4.767,
				1,
				4.8,
				1,
				1,
				4.878,
				1,
				4.956,
				1,
				5.033,
				1,
				1,
				5.067,
				1,
				5.1,
				0.5,
				5.133,
				0.5,
				1,
				5.167,
				0.5,
				5.2,
				1,
				5.233,
				1,
				1,
				5.289,
				1,
				5.344,
				1,
				5.4,
				1,
				1,
				5.433,
				1,
				5.467,
				0.5,
				5.5,
				0.5,
				1,
				5.533,
				0.5,
				5.567,
				1,
				5.6,
				1,
				1,
				5.678,
				1,
				5.756,
				1,
				5.833,
				1,
				1,
				5.889,
				1,
				5.944,
				0.6,
				6,
				0.6
			]
		},
		{
			"Target": "Parameter",
			"Id": "ParamEff7",
			"Segments": [
				0,
				1,
				1,
				0.256,
				1,
				0.511,
				1,
				0.767,
				1,
				1,
				0.8,
				1,
				0.833,
				0.6,
				0.867,
				0.6,
				1,
				0.9,
				0.6,
				0.933,
				1,
				0.967,
				1,
				1,
				1.133,
				1,
				1.3,
				1,
				1.467,
				1,
				1,
				1.5,
				1,
				1.533,
				0.6,
				1.567,
				0.6,
				1,
				1.6,
				0.6,
				1.633,
				1,
				1.667,
				1,
				1,
				2.089,
				1,
				2.511,
				0.9,
				2.933,
				0.9,
				1,
				3.311,
				0.9,
				3.689,
				1,
				4.067,
				1,
				1,
				4.1,
				1,
				4.133,
				0.6,
				4.167,
				0.6,
				1,
				4.2,
				0.6,
				4.233,
				1,
				4.267,
				1,
				1,
				4.578,
				1,
				4.889,
				1,
				5.2,
				1,
				1,
				5.467,
				1,
				5.733,
				1,
				6,
				1
			]
		},
		{
			"Target": "Parameter",
			"Id": "ParamEff8",
			"Segments": [
				0,
				1,
				1,
				0.111,
				1,
				0.222,
				1,
				0.333,
				1,
				1,
				0.367,
				1,
				0.4,
				0.6,
				0.433,
				0.6,
				1,
				0.467,
				0.6,
				0.5,
				1,
				0.533,
				1,
				1,
				1,
				1,
				1.467,
				0.9,
				1.933,
				0.9,
				1,
				2.311,
				0.9,
				2.689,
				1,
				3.067,
				1,
				1,
				3.1,
				1,
				3.133,
				0.6,
				3.167,
				0.6,
				1,
				3.2,
				0.6,
				3.233,
				1,
				3.267,
				1,
				1,
				3.322,
				1,
				3.378,
				1,
				3.433,
				1,
				1,
				3.467,
				1,
				3.5,
				0.6,
				3.533,
				0.6,
				1,
				3.567,
				0.6,
				3.6,
				1,
				3.633,
				1,
				1,
				3.7,
				1,
				3.767,
				1,
				3.833,
				1,
				1,
				3.867,
				1,
				3.9,
				0.7,
				3.933,
				0.7,
				1,
				3.967,
				0.7,
				4,
				1,
				4.033,
				1,
				1,
				4.367,
				1,
				4.7,
				0.9,
				5.033,
				0.9,
				1,
				5.356,
				0.9,
				5.678,
				1,
				6,
				1
			]
		},
		{
			"Target": "Parameter",
			"Id": "ParamEff9",
			"Segments": [
				0,
				0.8,
				1,
				0.289,
				0.8,
				0.578,
				1,
				0.867,
				1,
				1,
				0.9,
				1,
				0.933,
				0.6,
				0.967,
				0.6,
				1,
				1,
				0.6,
				1.033,
				1,
				1.067,
				1,
				1,
				1.3,
				1,
				1.533,
				1,
				1.767,
				1,
				1,
				1.8,
				1,
				1.833,
				0.6,
				1.867,
				0.6,
				1,
				1.9,
				0.6,
				1.933,
				1,
				1.967,
				1,
				1,
				2.4,
				1,
				2.833,
				1,
				3.267,
				1,
				1,
				3.3,
				1,
				3.333,
				0.6,
				3.367,
				0.6,
				1,
				3.4,
				0.6,
				3.433,
				1,
				3.467,
				1,
				1,
				4.311,
				1,
				5.156,
				0.8,
				6,
				0.8
			]
		},
		{
			"Target": "Parameter",
			"Id": "ParamEff10",
			"Segments": [
				0,
				1,
				1,
				0.5,
				1,
				1,
				1,
				1.5,
				1,
				1,
				1.533,
				1,
				1.567,
				0.6,
				1.6,
				0.6,
				1,
				1.633,
				0.6,
				1.667,
				1,
				1.7,
				1,
				1,
				1.822,
				1,
				1.944,
				1,
				2.067,
				1,
				1,
				2.1,
				1,
				2.133,
				0.6,
				2.167,
				0.6,
				1,
				2.2,
				0.6,
				2.233,
				1,
				2.267,
				1,
				1,
				2.711,
				1,
				3.156,
				0.9,
				3.6,
				0.9,
				1,
				4.211,
				0.9,
				4.822,
				1,
				5.433,
				1,
				1,
				5.467,
				1,
				5.5,
				0.6,
				5.533,
				0.6,
				1,
				5.567,
				0.6,
				5.6,
				1,
				5.633,
				1,
				1,
				5.756,
				1,
				5.878,
				1,
				6,
				1
			]
		},
		{
			"Target": "Parameter",
			"Id": "ParamEff11",
			"Segments": [
				0,
				1,
				1,
				0.222,
				1,
				0.444,
				1,
				0.667,
				1,
				1,
				0.7,
				1,
				0.733,
				0.6,
				0.767,
				0.6,
				1,
				0.8,
				0.6,
				0.833,
				1,
				0.867,
				1,
				1,
				1.144,
				1,
				1.422,
				0.9,
				1.7,
				0.9,
				1,
				2.056,
				0.9,
				2.411,
				1,
				2.767,
				1,
				1,
				2.8,
				1,
				2.833,
				0.6,
				2.867,
				0.6,
				1,
				2.9,
				0.6,
				2.933,
				1,
				2.967,
				1,
				1,
				3.267,
				1,
				3.567,
				0.8,
				3.867,
				0.8,
				1,
				4.067,
				0.8,
				4.267,
				1,
				4.467,
				1,
				1,
				4.5,
				1,
				4.533,
				0.6,
				4.567,
				0.6,
				1,
				4.6,
				0.6,
				4.633,
				1,
				4.667,
				1,
				1,
				5.111,
				1,
				5.556,
				1,
				6,
				1
			]
		},
		{
			"Target": "Parameter",
			"Id": "ParamEff12",
			"Segments": [
				0,
				0.9,
				1,
				0.044,
				0.9,
				0.089,
				1,
				0.133,
				1,
				1,
				0.733,
				1,
				1.333,
				0.9,
				1.933,
				0.9,
				1,
				2.567,
				0.9,
				3.2,
				1,
				3.833,
				1,
				1,
				3.867,
				1,
				3.9,
				0.9,
				3.933,
				0.9,
				1,
				3.967,
				0.9,
				4,
				1,
				4.033,
				1,
				1,
				4.444,
				1,
				4.856,
				1,
				5.267,
				1,
				1,
				5.3,
				1,
				5.333,
				0.9,
				5.367,
				0.9,
				1,
				5.4,
				0.9,
				5.433,
				1,
				5.467,
				1,
				1,
				5.611,
				1,
				5.756,
				1,
				5.9,
				1,
				1,
				5.933,
				1,
				5.967,
				0.8,
				6,
				0.8
			]
		},
		{
			"Target": "Parameter",
			"Id": "ParamEff13",
			"Segments": [
				0,
				1,
				1,
				0.111,
				1,
				0.222,
				1,
				0.333,
				1,
				1,
				0.367,
				1,
				0.4,
				0.9,
				0.433,
				0.9,
				1,
				0.467,
				0.9,
				0.5,
				1,
				0.533,
				1,
				1,
				0.856,
				1,
				1.178,
				0.9,
				1.5,
				0.9,
				1,
				1.844,
				0.9,
				2.189,
				1,
				2.533,
				1,
				1,
				2.567,
				1,
				2.6,
				0.9,
				2.633,
				0.9,
				1,
				2.667,
				0.9,
				2.7,
				1,
				2.733,
				1,
				1,
				3.278,
				1,
				3.822,
				1,
				4.367,
				1,
				1,
				4.4,
				1,
				4.433,
				0.9,
				4.467,
				0.9,
				1,
				4.5,
				0.9,
				4.533,
				1,
				4.567,
				1,
				1,
				5.044,
				1,
				5.522,
				1,
				6,
				1
			]
		},
		{
			"Target": "Parameter",
			"Id": "ParamEff14",
			"Segments": [
				0,
				1,
				1,
				0.189,
				1,
				0.378,
				1,
				0.567,
				1,
				1,
				0.6,
				1,
				0.633,
				0.9,
				0.667,
				0.9,
				1,
				0.7,
				0.9,
				0.733,
				1,
				0.767,
				1,
				1,
				1.1,
				1,
				1.433,
				1,
				1.767,
				1,
				1,
				1.8,
				1,
				1.833,
				0.8,
				1.867,
				0.8,
				1,
				1.9,
				0.8,
				1.933,
				1,
				1.967,
				1,
				1,
				2.267,
				1,
				2.567,
				0.9,
				2.867,
				0.9,
				1,
				3.133,
				0.9,
				3.4,
				1,
				3.667,
				1,
				1,
				3.7,
				1,
				3.733,
				0.8,
				3.767,
				0.8,
				1,
				3.8,
				0.8,
				3.833,
				1,
				3.867,
				1,
				1,
				4.122,
				1,
				4.378,
				0.9,
				4.633,
				0.9,
				1,
				4.878,
				0.9,
				5.122,
				1,
				5.367,
				1,
				1,
				5.4,
				1,
				5.433,
				0.8,
				5.467,
				0.8,
				1,
				5.5,
				0.8,
				5.533,
				1,
				5.567,
				1,
				1,
				5.711,
				1,
				5.856,
				1,
				6,
				1
			]
		},
		{
			"Target": "Parameter",
			"Id": "ParamEff15",
			"Segments": [
				0,
				0.7,
				1,
				0.478,
				0.7,
				0.956,
				1,
				1.433,
				1,
				1,
				1.467,
				1,
				1.5,
				0.6,
				1.533,
				0.6,
				1,
				1.567,
				0.6,
				1.6,
				1,
				1.633,
				1,
				1,
				2.133,
				1,
				2.633,
				1,
				3.133,
				1,
				1,
				3.167,
				1,
				3.2,
				0.6,
				3.233,
				0.6,
				1,
				3.267,
				0.6,
				3.3,
				1,
				3.333,
				1,
				1,
				3.411,
				1,
				3.489,
				1,
				3.567,
				1,
				1,
				3.6,
				1,
				3.633,
				0.6,
				3.667,
				0.6,
				1,
				3.7,
				0.6,
				3.733,
				0.788,
				3.767,
				0.8,
				1,
				4.167,
				0.943,
				4.567,
				1,
				4.967,
				1,
				1,
				5,
				1,
				5.033,
				0.6,
				5.067,
				0.6,
				1,
				5.1,
				0.6,
				5.133,
				1,
				5.167,
				1,
				1,
				5.444,
				1,
				5.722,
				0.7,
				6,
				0.7
			]
		},
		{
			"Target": "Parameter",
			"Id": "ParamEff16",
			"Segments": [
				0,
				1,
				1,
				0.256,
				1,
				0.511,
				1,
				0.767,
				1,
				1,
				0.8,
				1,
				0.833,
				0.6,
				0.867,
				0.6,
				1,
				0.9,
				0.6,
				0.933,
				1,
				0.967,
				1,
				1,
				1.322,
				1,
				1.678,
				1,
				2.033,
				1,
				1,
				2.067,
				1,
				2.1,
				0.6,
				2.133,
				0.6,
				1,
				2.167,
				0.6,
				2.2,
				1,
				2.233,
				1,
				1,
				2.622,
				1,
				3.011,
				0.9,
				3.4,
				0.9,
				1,
				3.811,
				0.9,
				4.222,
				1,
				4.633,
				1,
				1,
				4.667,
				1,
				4.7,
				0.6,
				4.733,
				0.6,
				1,
				4.767,
				0.6,
				4.8,
				1,
				4.833,
				1,
				1,
				5.044,
				1,
				5.256,
				1,
				5.467,
				1,
				1,
				5.644,
				1,
				5.822,
				1,
				6,
				1
			]
		},
		{
			"Target": "Parameter",
			"Id": "ParamEff17",
			"Segments": [
				0,
				1,
				1,
				0.678,
				1,
				1.356,
				0.9,
				2.033,
				0.9,
				1,
				2.8,
				0.9,
				3.567,
				1,
				4.333,
				1,
				1,
				4.367,
				1,
				4.4,
				0.6,
				4.433,
				0.6,
				1,
				4.467,
				0.6,
				4.5,
				1,
				4.533,
				1,
				1,
				4.844,
				1,
				5.156,
				0.9,
				5.467,
				0.9,
				1,
				5.644,
				0.9,
				5.822,
				1,
				6,
				1
			]
		},
		{
			"Target": "Parameter",
			"Id": "ParamEff18",
			"Segments": [
				0,
				0.6,
				1,
				0.044,
				0.6,
				0.089,
				1,
				0.133,
				1,
				1,
				0.811,
				1,
				1.489,
				0.9,
				2.167,
				0.9,
				1,
				3.178,
				0.9,
				4.189,
				1,
				5.2,
				1,
				1,
				5.233,
				1,
				5.267,
				0.6,
				5.3,
				0.6,
				1,
				5.333,
				0.6,
				5.367,
				1,
				5.4,
				1,
				1,
				5.544,
				1,
				5.689,
				1,
				5.833,
				1,
				1,
				5.889,
				1,
				5.944,
				0.6,
				6,
				0.6
			]
		},
		{
			"Target": "Parameter",
			"Id": "ParamEff19",
			"Segments": [
				0,
				0.8,
				1,
				0.422,
				0.8,
				0.844,
				0.853,
				1.267,
				0.9,
				1,
				1.978,
				0.979,
				2.689,
				1,
				3.4,
				1,
				1,
				3.433,
				1,
				3.467,
				0.6,
				3.5,
				0.6,
				1,
				3.533,
				0.6,
				3.567,
				1,
				3.6,
				1,
				1,
				4.4,
				1,
				5.2,
				0.8,
				6,
				0.8
			]
		},
		{
			"Target": "Parameter",
			"Id": "ParamEff20",
			"Segments": [
				0,
				1,
				1,
				0.489,
				1,
				0.978,
				1,
				1.467,
				1,
				1,
				1.5,
				1,
				1.533,
				0.6,
				1.567,
				0.6,
				1,
				1.6,
				0.6,
				1.633,
				1,
				1.667,
				1,
				1,
				2.656,
				1,
				3.644,
				0.9,
				4.633,
				0.9,
				1,
				5.089,
				0.9,
				5.544,
				1,
				6,
				1
			]
		},
		{
			"Target": "Parameter",
			"Id": "ParamEff21",
			"Segments": [
				0,
				1,
				1,
				1.6,
				1,
				3.2,
				1,
				4.8,
				1,
				1,
				4.833,
				1,
				4.867,
				0.6,
				4.9,
				0.6,
				1,
				4.933,
				0.6,
				4.967,
				1,
				5,
				1,
				1,
				5.333,
				1,
				5.667,
				1,
				6,
				1
			]
		},
		{
			"Target": "Parameter",
			"Id": "ParamEff22",
			"Segments": [
				0,
				1,
				1,
				0.244,
				1,
				0.489,
				1,
				0.733,
				1,
				1,
				0.767,
				1,
				0.8,
				0.6,
				0.833,
				0.6,
				1,
				0.867,
				0.6,
				0.9,
				1,
				0.933,
				1,
				1,
				1.078,
				1,
				1.222,
				1,
				1.367,
				1,
				1,
				1.4,
				1,
				1.433,
				0.6,
				1.467,
				0.6,
				1,
				1.5,
				0.6,
				1.533,
				1,
				1.567,
				1,
				1,
				1.889,
				1,
				2.211,
				1,
				2.533,
				1,
				1,
				2.567,
				1,
				2.6,
				0.6,
				2.633,
				0.6,
				1,
				2.667,
				0.6,
				2.7,
				1,
				2.733,
				1,
				1,
				3.822,
				1,
				4.911,
				1,
				6,
				1
			]
		},
		{
			"Target": "Parameter",
			"Id": "ParamEff23",
			"Segments": [
				0,
				1,
				1,
				0.067,
				1,
				0.133,
				1,
				0.2,
				1,
				1,
				0.233,
				1,
				0.267,
				0.5,
				0.3,
				0.5,
				1,
				0.333,
				0.5,
				0.367,
				1,
				0.4,
				1,
				1,
				0.489,
				1,
				0.578,
				1,
				0.667,
				1,
				1,
				0.7,
				1,
				0.733,
				0.5,
				0.767,
				0.5,
				1,
				0.8,
				0.5,
				0.833,
				1,
				0.867,
				1,
				1,
				2.122,
				1,
				3.378,
				1,
				4.633,
				1,
				1,
				4.667,
				1,
				4.7,
				0.5,
				4.733,
				0.5,
				1,
				4.767,
				0.5,
				4.8,
				1,
				4.833,
				1,
				1,
				5.222,
				1,
				5.611,
				1,
				6,
				1
			]
		},
		{
			"Target": "Parameter",
			"Id": "ParamEff24",
			"Segments": [
				0,
				1,
				1,
				0.7,
				1,
				1.4,
				1,
				2.1,
				1,
				1,
				2.133,
				1,
				2.167,
				0.6,
				2.2,
				0.6,
				1,
				2.233,
				0.6,
				2.267,
				1,
				2.3,
				1,
				1,
				2.433,
				1,
				2.567,
				1,
				2.7,
				1,
				1,
				2.733,
				1,
				2.767,
				0.6,
				2.8,
				0.6,
				1,
				2.833,
				0.6,
				2.867,
				1,
				2.9,
				1,
				1,
				3.789,
				1,
				4.678,
				1,
				5.567,
				1,
				1,
				5.6,
				1,
				5.633,
				0.6,
				5.667,
				0.6,
				1,
				5.7,
				0.6,
				5.733,
				1,
				5.767,
				1,
				1,
				5.844,
				1,
				5.922,
				1,
				6,
				1
			]
		},
		{
			"Target": "Parameter",
			"Id": "ParamEff25",
			"Segments": [
				0,
				1,
				1,
				0.411,
				1,
				0.822,
				1,
				1.233,
				1,
				1,
				1.267,
				1,
				1.3,
				0.5,
				1.333,
				0.5,
				1,
				1.367,
				0.5,
				1.4,
				1,
				1.433,
				1,
				1,
				1.911,
				1,
				2.389,
				1,
				2.867,
				1,
				1,
				2.9,
				1,
				2.933,
				0.5,
				2.967,
				0.5,
				1,
				3,
				0.5,
				3.033,
				1,
				3.067,
				1,
				1,
				4.044,
				1,
				5.022,
				1,
				6,
				1
			]
		},
		{
			"Target": "Parameter",
			"Id": "ParamEff26",
			"Segments": [
				0,
				0.8,
				1,
				1.333,
				0.8,
				2.667,
				1,
				4,
				1,
				1,
				4.033,
				1,
				4.067,
				0.6,
				4.1,
				0.6,
				1,
				4.133,
				0.6,
				4.167,
				1,
				4.2,
				1,
				1,
				4.589,
				1,
				4.978,
				1,
				5.367,
				1,
				1,
				5.4,
				1,
				5.433,
				0.6,
				5.467,
				0.6,
				1,
				5.5,
				0.6,
				5.533,
				1,
				5.567,
				1,
				1,
				5.711,
				1,
				5.856,
				0.8,
				6,
				0.8
			]
		},
		{
			"Target": "Parameter",
			"Id": "ParamEff27",
			"Segments": [
				0,
				1,
				1,
				0.133,
				1,
				0.267,
				1,
				0.4,
				1,
				1,
				0.433,
				1,
				0.467,
				0.5,
				0.5,
				0.5,
				1,
				0.533,
				0.5,
				0.567,
				1,
				0.6,
				1,
				1,
				1.089,
				1,
				1.578,
				1,
				2.067,
				1,
				1,
				2.1,
				1,
				2.133,
				0.5,
				2.167,
				0.5,
				1,
				2.2,
				0.5,
				2.233,
				1,
				2.267,
				1,
				1,
				2.478,
				1,
				2.689,
				1,
				2.9,
				1,
				1,
				2.933,
				1,
				2.967,
				0.5,
				3,
				0.5,
				1,
				3.033,
				0.5,
				3.067,
				1,
				3.1,
				1,
				1,
				4.067,
				1,
				5.033,
				1,
				6,
				1
			]
		},
		{
			"Target": "Parameter",
			"Id": "ParamEff28",
			"Segments": [
				0,
				1,
				1,
				0.2,
				1,
				0.4,
				1,
				0.6,
				1,
				1,
				0.633,
				1,
				0.667,
				0.5,
				0.7,
				0.5,
				1,
				0.733,
				0.5,
				0.767,
				1,
				0.8,
				1,
				1,
				1.444,
				1,
				2.089,
				1,
				2.733,
				1,
				1,
				2.767,
				1,
				2.8,
				0.5,
				2.833,
				0.5,
				1,
				2.867,
				0.5,
				2.9,
				1,
				2.933,
				1,
				1,
				3.044,
				1,
				3.156,
				1,
				3.267,
				1,
				1,
				3.3,
				1,
				3.333,
				0.5,
				3.367,
				0.5,
				1,
				3.4,
				0.5,
				3.433,
				1,
				3.467,
				1,
				1,
				4.311,
				1,
				5.156,
				1,
				6,
				1
			]
		},
		{
			"Target": "Parameter",
			"Id": "ParamEff29",
			"Segments": [
				0,
				1,
				1,
				0.589,
				1,
				1.178,
				1,
				1.767,
				1,
				1,
				1.8,
				1,
				1.833,
				0.6,
				1.867,
				0.6,
				1,
				1.9,
				0.6,
				1.933,
				1,
				1.967,
				1,
				1,
				2.567,
				1,
				3.167,
				1,
				3.767,
				1,
				1,
				3.8,
				1,
				3.833,
				0.6,
				3.867,
				0.6,
				1,
				3.9,
				0.6,
				3.933,
				1,
				3.967,
				1,
				1,
				4.2,
				1,
				4.433,
				1,
				4.667,
				1,
				1,
				4.7,
				1,
				4.733,
				0.6,
				4.767,
				0.6,
				1,
				4.8,
				0.6,
				4.833,
				1,
				4.867,
				1,
				1,
				5.244,
				1,
				5.622,
				1,
				6,
				1
			]
		},
		{
			"Target": "Parameter",
			"Id": "ParamEff30",
			"Segments": [
				0,
				1,
				1,
				0.078,
				1,
				0.156,
				1,
				0.233,
				1,
				1,
				0.267,
				1,
				0.3,
				0.5,
				0.333,
				0.5,
				1,
				0.367,
				0.5,
				0.4,
				1,
				0.433,
				1,
				1,
				0.589,
				1,
				0.744,
				1,
				0.9,
				1,
				1,
				0.933,
				1,
				0.967,
				0.5,
				1,
				0.5,
				1,
				1.033,
				0.5,
				1.067,
				1,
				1.1,
				1,
				1,
				1.7,
				1,
				2.3,
				1,
				2.9,
				1,
				1,
				2.933,
				1,
				2.967,
				0.5,
				3,
				0.5,
				1,
				3.033,
				0.5,
				3.067,
				1,
				3.1,
				1,
				1,
				3.556,
				1,
				4.011,
				0.9,
				4.467,
				0.9,
				1,
				4.978,
				0.9,
				5.489,
				1,
				6,
				1
			]
		},
		{
			"Target": "Parameter",
			"Id": "ParamEff31",
			"Segments": [
				0,
				1,
				1,
				0.556,
				1,
				1.111,
				1,
				1.667,
				1,
				1,
				1.7,
				1,
				1.733,
				0.6,
				1.767,
				0.6,
				1,
				1.8,
				0.6,
				1.833,
				1,
				1.867,
				1,
				1,
				2.378,
				1,
				2.889,
				0.9,
				3.4,
				0.9,
				1,
				3.878,
				0.9,
				4.356,
				1,
				4.833,
				1,
				1,
				4.867,
				1,
				4.9,
				0.6,
				4.933,
				0.6,
				1,
				4.967,
				0.6,
				5,
				1,
				5.033,
				1,
				1,
				5.189,
				1,
				5.344,
				1,
				5.5,
				1,
				1,
				5.533,
				1,
				5.567,
				0.6,
				5.6,
				0.6,
				1,
				5.633,
				0.6,
				5.667,
				1,
				5.7,
				1,
				0,
				6,
				1
			]
		},
		{
			"Target": "Parameter",
			"Id": "ParamEff32",
			"Segments": [
				0,
				1,
				1,
				0.456,
				1,
				0.911,
				1,
				1.367,
				1,
				1,
				1.4,
				1,
				1.433,
				0.5,
				1.467,
				0.5,
				1,
				1.5,
				0.5,
				1.533,
				1,
				1.567,
				1,
				1,
				1.689,
				1,
				1.811,
				1,
				1.933,
				1,
				1,
				1.967,
				1,
				2,
				0.5,
				2.033,
				0.5,
				1,
				2.067,
				0.5,
				2.1,
				1,
				2.133,
				1,
				1,
				2.711,
				1,
				3.289,
				0.9,
				3.867,
				0.9,
				1,
				4.378,
				0.9,
				4.889,
				1,
				5.4,
				1,
				1,
				5.433,
				1,
				5.467,
				0.5,
				5.5,
				0.5,
				1,
				5.533,
				0.5,
				5.567,
				1,
				5.6,
				1,
				1,
				5.733,
				1,
				5.867,
				1,
				6,
				1
			]
		},
		{
			"Target": "Parameter",
			"Id": "ParamEff33",
			"Segments": [
				0,
				1,
				1,
				0.222,
				1,
				0.444,
				1,
				0.667,
				1,
				1,
				0.7,
				1,
				0.733,
				0.5,
				0.767,
				0.5,
				1,
				0.8,
				0.5,
				0.833,
				1,
				0.867,
				1,
				1,
				1.367,
				1,
				1.867,
				1,
				2.367,
				1,
				1,
				2.4,
				1,
				2.433,
				0.5,
				2.467,
				0.5,
				1,
				2.5,
				0.5,
				2.533,
				1,
				2.567,
				1,
				1,
				3.111,
				1,
				3.656,
				1,
				4.2,
				1,
				1,
				4.233,
				1,
				4.267,
				0.5,
				4.3,
				0.5,
				1,
				4.333,
				0.5,
				4.367,
				1,
				4.4,
				1,
				1,
				4.933,
				1,
				5.467,
				1,
				6,
				1
			]
		},
		{
			"Target": "Parameter",
			"Id": "ParamPachi",
			"Segments": [
				0,
				1,
				1,
				0.989,
				1,
				1.978,
				1,
				2.967,
				1,
				1,
				3.011,
				1,
				3.056,
				0,
				3.1,
				0,
				1,
				3.122,
				0,
				3.144,
				0,
				3.167,
				0,
				1,
				3.211,
				0,
				3.256,
				1,
				3.3,
				1,
				1,
				4.2,
				1,
				5.1,
				1,
				6,
				1
			]
		},
		{
			"Target": "Parameter",
			"Id": "ParamLegL1",
			"Segments": [
				0,
				0,
				1,
				0.011,
				0,
				0.022,
				0.221,
				0.033,
				0.302,
				1,
				0.378,
				2.814,
				0.722,
				4,
				1.067,
				4,
				1,
				1.567,
				4,
				2.067,
				2.667,
				2.567,
				0,
				1,
				3.067,
				-2.667,
				3.567,
				-4,
				4.067,
				-4,
				1,
				4.7,
				-4,
				5.333,
				-2.853,
				5.967,
				-0.453,
				1,
				5.978,
				-0.411,
				5.989,
				0,
				6,
				0
			]
		},
		{
			"Target": "Parameter",
			"Id": "ParamLegL2",
			"Segments": [
				0,
				0,
				1,
				0.011,
				0,
				0.022,
				0.233,
				0.033,
				0.302,
				1,
				0.433,
				2.811,
				0.833,
				4,
				1.233,
				4,
				1,
				1.733,
				4,
				2.233,
				2.667,
				2.733,
				0,
				1,
				3.233,
				-2.667,
				3.733,
				-4,
				4.233,
				-4,
				1,
				4.811,
				-4,
				5.389,
				-2.855,
				5.967,
				-0.453,
				1,
				5.978,
				-0.407,
				5.989,
				0,
				6,
				0
			]
		},
		{
			"Target": "Parameter",
			"Id": "ParamLegR1",
			"Segments": [
				0,
				0,
				1,
				0.011,
				0,
				0.022,
				0.257,
				0.033,
				0.302,
				1,
				0.644,
				2.801,
				1.256,
				4,
				1.867,
				4,
				1,
				2.367,
				4,
				2.867,
				2.667,
				3.367,
				0,
				1,
				3.867,
				-2.667,
				4.367,
				-4,
				4.867,
				-4,
				1,
				5.233,
				-4,
				5.6,
				-2.87,
				5.967,
				-0.453,
				1,
				5.978,
				-0.38,
				5.989,
				0,
				6,
				0
			]
		},
		{
			"Target": "Parameter",
			"Id": "ParamLegR2",
			"Segments": [
				0,
				0,
				1,
				0.011,
				0,
				0.022,
				0.261,
				0.033,
				0.302,
				1,
				0.7,
				2.799,
				1.367,
				4,
				2.033,
				4,
				1,
				2.533,
				4,
				3.033,
				2.667,
				3.533,
				0,
				1,
				4.033,
				-2.667,
				4.533,
				-4,
				5.033,
				-4,
				1,
				5.344,
				-4,
				5.656,
				-2.876,
				5.967,
				-0.453,
				1,
				5.978,
				-0.367,
				5.989,
				0,
				6,
				0
			]
		},
		{
			"Target": "Parameter",
			"Id": "ParamEyeRL",
			"Segments": [
				0,
				0,
				1,
				0.033,
				0,
				0.067,
				6,
				0.1,
				6,
				1,
				0.122,
				6,
				0.144,
				6,
				0.167,
				6,
				1,
				0.222,
				6,
				0.278,
				-6,
				0.333,
				-6,
				1,
				0.356,
				-6,
				0.378,
				10.768,
				0.4,
				13,
				1,
				0.422,
				15.232,
				0.444,
				15,
				0.467,
				15,
				1,
				0.489,
				15,
				0.511,
				-9,
				0.533,
				-9,
				1,
				0.567,
				-9,
				0.6,
				-7.568,
				0.633,
				-4,
				1,
				0.656,
				-1.621,
				0.678,
				3.453,
				0.7,
				4,
				1,
				0.722,
				4.547,
				0.744,
				4.489,
				0.767,
				5,
				1,
				0.789,
				5.511,
				0.811,
				7,
				0.833,
				7,
				1,
				0.867,
				7,
				0.9,
				-11,
				0.933,
				-11,
				1,
				0.956,
				-11,
				0.978,
				7,
				1,
				7,
				1,
				1.022,
				7,
				1.044,
				-6,
				1.067,
				-6,
				1,
				1.078,
				-6,
				1.089,
				6,
				1.1,
				6,
				1,
				1.133,
				6,
				1.167,
				5.932,
				1.2,
				4,
				1,
				1.222,
				2.712,
				1.244,
				-9,
				1.267,
				-9,
				1,
				1.311,
				-9,
				1.356,
				0,
				1.4,
				0,
				1,
				1.411,
				0,
				1.422,
				-2,
				1.433,
				-2,
				1,
				1.456,
				-2,
				1.478,
				6,
				1.5,
				6,
				1,
				1.522,
				6,
				1.544,
				6,
				1.567,
				6,
				1,
				1.589,
				6,
				1.611,
				-4,
				1.633,
				-4,
				1,
				1.689,
				-4,
				1.744,
				6.579,
				1.8,
				13,
				1,
				1.822,
				15.568,
				1.844,
				15,
				1.867,
				15,
				1,
				1.889,
				15,
				1.911,
				-9,
				1.933,
				-9,
				1,
				1.956,
				-9,
				1.978,
				8,
				2,
				8,
				1,
				2.033,
				8,
				2.067,
				4,
				2.1,
				4,
				1,
				2.122,
				4,
				2.144,
				4.126,
				2.167,
				5,
				1,
				2.189,
				5.874,
				2.211,
				7,
				2.233,
				7,
				1,
				2.267,
				7,
				2.3,
				-11,
				2.333,
				-11,
				1,
				2.356,
				-11,
				2.378,
				7,
				2.4,
				7,
				1,
				2.422,
				7,
				2.444,
				-6,
				2.467,
				-6,
				1,
				2.5,
				-6,
				2.533,
				-5.548,
				2.567,
				-2,
				1,
				2.589,
				0.365,
				2.611,
				6,
				2.633,
				6,
				1,
				2.656,
				6,
				2.678,
				6,
				2.7,
				6,
				1,
				2.722,
				6,
				2.744,
				-2.728,
				2.767,
				-4,
				1,
				2.8,
				-5.909,
				2.833,
				-6,
				2.867,
				-6,
				1,
				2.911,
				-6,
				2.956,
				15,
				3,
				15,
				1,
				3.022,
				15,
				3.044,
				-9,
				3.067,
				-9,
				1,
				3.089,
				-9,
				3.111,
				8,
				3.133,
				8,
				1,
				3.144,
				8,
				3.156,
				-4,
				3.167,
				-4,
				1,
				3.189,
				-4,
				3.211,
				2.919,
				3.233,
				4,
				1,
				3.256,
				5.081,
				3.278,
				5,
				3.3,
				5,
				1,
				3.356,
				5,
				3.411,
				-11,
				3.467,
				-11,
				1,
				3.489,
				-11,
				3.511,
				7,
				3.533,
				7,
				1,
				3.556,
				7,
				3.578,
				-6,
				3.6,
				-6,
				1,
				3.611,
				-6,
				3.622,
				6,
				3.633,
				6,
				1,
				3.667,
				6,
				3.7,
				4,
				3.733,
				4,
				1,
				3.767,
				4,
				3.8,
				8,
				3.833,
				8,
				1,
				3.867,
				8,
				3.9,
				-4,
				3.933,
				-4,
				1,
				3.978,
				-4,
				4.022,
				7.873,
				4.067,
				13,
				1,
				4.089,
				15.563,
				4.111,
				15,
				4.133,
				15,
				1,
				4.156,
				15,
				4.178,
				-9,
				4.2,
				-9,
				1,
				4.222,
				-9,
				4.244,
				8,
				4.267,
				8,
				1,
				4.3,
				8,
				4.333,
				4,
				4.367,
				4,
				1,
				4.389,
				4,
				4.411,
				4.126,
				4.433,
				5,
				1,
				4.456,
				5.874,
				4.478,
				7,
				4.5,
				7,
				1,
				4.533,
				7,
				4.567,
				-11,
				4.6,
				-11,
				1,
				4.622,
				-11,
				4.644,
				7,
				4.667,
				7,
				1,
				4.689,
				7,
				4.711,
				-6,
				4.733,
				-6,
				1,
				4.767,
				-6,
				4.8,
				-5.548,
				4.833,
				-2,
				1,
				4.856,
				0.365,
				4.878,
				6,
				4.9,
				6,
				1,
				4.922,
				6,
				4.944,
				6,
				4.967,
				6,
				1,
				4.989,
				6,
				5.011,
				-2.728,
				5.033,
				-4,
				1,
				5.067,
				-5.909,
				5.1,
				-6,
				5.133,
				-6,
				1,
				5.178,
				-6,
				5.222,
				15,
				5.267,
				15,
				1,
				5.289,
				15,
				5.311,
				-9,
				5.333,
				-9,
				1,
				5.356,
				-9,
				5.378,
				8,
				5.4,
				8,
				1,
				5.411,
				8,
				5.422,
				-4,
				5.433,
				-4,
				1,
				5.456,
				-4,
				5.478,
				2.919,
				5.5,
				4,
				1,
				5.522,
				5.081,
				5.544,
				5,
				5.567,
				5,
				1,
				5.622,
				5,
				5.678,
				-11,
				5.733,
				-11,
				1,
				5.756,
				-11,
				5.778,
				7,
				5.8,
				7,
				1,
				5.822,
				7,
				5.844,
				-6,
				5.867,
				-6,
				1,
				5.878,
				-6,
				5.889,
				6,
				5.9,
				6,
				1,
				5.933,
				6,
				5.967,
				4,
				6,
				4
			]
		},
		{
			"Target": "Parameter",
			"Id": "ParamEyeUD",
			"Segments": [
				0,
				0,
				1,
				0.033,
				0,
				0.067,
				4,
				0.1,
				4,
				1,
				0.122,
				4,
				0.144,
				-14.649,
				0.167,
				-15,
				1,
				0.222,
				-15.877,
				0.278,
				-16,
				0.333,
				-16,
				1,
				0.356,
				-16,
				0.378,
				-16.239,
				0.4,
				-14,
				1,
				0.422,
				-11.761,
				0.444,
				6,
				0.467,
				6,
				1,
				0.489,
				6,
				0.511,
				2,
				0.533,
				2,
				1,
				0.567,
				2,
				0.6,
				10,
				0.633,
				10,
				1,
				0.656,
				10,
				0.678,
				-2,
				0.7,
				-2,
				1,
				0.722,
				-2,
				0.744,
				-1.933,
				0.767,
				0,
				1,
				0.789,
				1.933,
				0.811,
				6,
				0.833,
				6,
				1,
				0.867,
				6,
				0.9,
				6,
				0.933,
				6,
				1,
				0.956,
				6,
				0.978,
				10,
				1,
				10,
				1,
				1.022,
				10,
				1.044,
				-10,
				1.067,
				-10,
				1,
				1.078,
				-10,
				1.089,
				5,
				1.1,
				5,
				1,
				1.133,
				5,
				1.167,
				-11,
				1.2,
				-11,
				1,
				1.222,
				-11,
				1.244,
				2,
				1.267,
				2,
				1,
				1.311,
				2,
				1.356,
				1.576,
				1.4,
				0,
				1,
				1.411,
				-0.394,
				1.422,
				-8,
				1.433,
				-8,
				1,
				1.456,
				-8,
				1.478,
				4,
				1.5,
				4,
				1,
				1.522,
				4,
				1.544,
				-15,
				1.567,
				-15,
				1,
				1.589,
				-15,
				1.611,
				6,
				1.633,
				6,
				1,
				1.689,
				6,
				1.744,
				-14,
				1.8,
				-14,
				1,
				1.822,
				-14,
				1.844,
				6,
				1.867,
				6,
				1,
				1.889,
				6,
				1.911,
				4.667,
				1.933,
				2,
				1,
				1.956,
				-0.667,
				1.978,
				-2,
				2,
				-2,
				1,
				2.033,
				-2,
				2.067,
				-2,
				2.1,
				-2,
				1,
				2.122,
				-2,
				2.144,
				-1.933,
				2.167,
				0,
				1,
				2.189,
				1.933,
				2.211,
				6,
				2.233,
				6,
				1,
				2.267,
				6,
				2.3,
				6,
				2.333,
				6,
				1,
				2.356,
				6,
				2.378,
				10,
				2.4,
				10,
				1,
				2.422,
				10,
				2.444,
				-10,
				2.467,
				-10,
				1,
				2.5,
				-10,
				2.533,
				-9.926,
				2.567,
				-8,
				1,
				2.589,
				-6.716,
				2.611,
				4,
				2.633,
				4,
				1,
				2.656,
				4,
				2.678,
				-15,
				2.7,
				-15,
				1,
				2.722,
				-15,
				2.744,
				6,
				2.767,
				6,
				1,
				2.8,
				6,
				2.833,
				-16,
				2.867,
				-16,
				1,
				2.911,
				-16,
				2.956,
				6,
				3,
				6,
				1,
				3.022,
				6,
				3.044,
				4.667,
				3.067,
				2,
				1,
				3.089,
				-0.667,
				3.111,
				-2,
				3.133,
				-2,
				1,
				3.144,
				-2,
				3.156,
				10,
				3.167,
				10,
				1,
				3.189,
				10,
				3.211,
				-2,
				3.233,
				-2,
				1,
				3.256,
				-2,
				3.278,
				-0.897,
				3.3,
				0,
				1,
				3.356,
				2.242,
				3.411,
				3.568,
				3.467,
				6,
				1,
				3.489,
				6.973,
				3.511,
				10,
				3.533,
				10,
				1,
				3.556,
				10,
				3.578,
				-10,
				3.6,
				-10,
				1,
				3.611,
				-10,
				3.622,
				5,
				3.633,
				5,
				1,
				3.667,
				5,
				3.7,
				-11,
				3.733,
				-11,
				1,
				3.767,
				-11,
				3.8,
				-11.218,
				3.833,
				-8,
				1,
				3.867,
				-4.782,
				3.9,
				10,
				3.933,
				10,
				1,
				3.978,
				10,
				4.022,
				-14,
				4.067,
				-14,
				1,
				4.089,
				-14,
				4.111,
				6,
				4.133,
				6,
				1,
				4.156,
				6,
				4.178,
				4.667,
				4.2,
				2,
				1,
				4.222,
				-0.667,
				4.244,
				-2,
				4.267,
				-2,
				1,
				4.3,
				-2,
				4.333,
				-2,
				4.367,
				-2,
				1,
				4.389,
				-2,
				4.411,
				-1.933,
				4.433,
				0,
				1,
				4.456,
				1.933,
				4.478,
				6,
				4.5,
				6,
				1,
				4.533,
				6,
				4.567,
				6,
				4.6,
				6,
				1,
				4.622,
				6,
				4.644,
				10,
				4.667,
				10,
				1,
				4.689,
				10,
				4.711,
				-10,
				4.733,
				-10,
				1,
				4.767,
				-10,
				4.8,
				-9.926,
				4.833,
				-8,
				1,
				4.856,
				-6.716,
				4.878,
				4,
				4.9,
				4,
				1,
				4.922,
				4,
				4.944,
				-15,
				4.967,
				-15,
				1,
				4.989,
				-15,
				5.011,
				6,
				5.033,
				6,
				1,
				5.067,
				6,
				5.1,
				-16,
				5.133,
				-16,
				1,
				5.178,
				-16,
				5.222,
				6,
				5.267,
				6,
				1,
				5.289,
				6,
				5.311,
				4.667,
				5.333,
				2,
				1,
				5.356,
				-0.667,
				5.378,
				-2,
				5.4,
				-2,
				1,
				5.411,
				-2,
				5.422,
				10,
				5.433,
				10,
				1,
				5.456,
				10,
				5.478,
				-2,
				5.5,
				-2,
				1,
				5.522,
				-2,
				5.544,
				-0.897,
				5.567,
				0,
				1,
				5.622,
				2.242,
				5.678,
				3.568,
				5.733,
				6,
				1,
				5.756,
				6.973,
				5.778,
				10,
				5.8,
				10,
				1,
				5.822,
				10,
				5.844,
				-10,
				5.867,
				-10,
				1,
				5.878,
				-10,
				5.889,
				5,
				5.9,
				5,
				1,
				5.933,
				5,
				5.967,
				-11,
				6,
				-11
			]
		},
		{
			"Target": "Parameter",
			"Id": "ParamEyeBS",
			"Segments": [
				0,
				0,
				1,
				0.033,
				0,
				0.067,
				7,
				0.1,
				7,
				1,
				0.122,
				7,
				0.144,
				-19,
				0.167,
				-19,
				1,
				0.211,
				-19,
				0.256,
				18,
				0.3,
				18,
				1,
				0.322,
				18,
				0.344,
				-14,
				0.367,
				-14,
				1,
				0.389,
				-14,
				0.411,
				-8,
				0.433,
				4,
				1,
				0.456,
				16,
				0.478,
				22,
				0.5,
				22,
				1,
				0.556,
				22,
				0.611,
				21.173,
				0.667,
				16,
				1,
				0.689,
				13.931,
				0.711,
				-8,
				0.733,
				-8,
				1,
				0.756,
				-8,
				0.778,
				-8.268,
				0.8,
				-6,
				1,
				0.822,
				-3.732,
				0.844,
				19,
				0.867,
				19,
				1,
				0.889,
				19,
				0.911,
				-19,
				0.933,
				-19,
				1,
				0.967,
				-19,
				1,
				12,
				1.033,
				12,
				1,
				1.089,
				12,
				1.144,
				12,
				1.2,
				12,
				1,
				1.222,
				12,
				1.244,
				-6,
				1.267,
				-6,
				1,
				1.289,
				-6,
				1.311,
				0,
				1.333,
				0,
				1,
				1.344,
				0,
				1.356,
				-21,
				1.367,
				-21,
				1,
				1.389,
				-21,
				1.411,
				7,
				1.433,
				7,
				1,
				1.456,
				7,
				1.478,
				-19,
				1.5,
				-19,
				1,
				1.522,
				-19,
				1.544,
				13.697,
				1.567,
				16,
				1,
				1.589,
				18.303,
				1.611,
				18,
				1.633,
				18,
				1,
				1.678,
				18,
				1.722,
				4,
				1.767,
				4,
				1,
				1.789,
				4,
				1.811,
				22,
				1.833,
				22,
				1,
				1.856,
				22,
				1.878,
				-18,
				1.9,
				-18,
				1,
				1.911,
				-18,
				1.922,
				-13.543,
				1.933,
				-6,
				1,
				1.956,
				9.085,
				1.978,
				16,
				2,
				16,
				1,
				2.022,
				16,
				2.044,
				-8,
				2.067,
				-8,
				1,
				2.089,
				-8,
				2.111,
				-8.268,
				2.133,
				-6,
				1,
				2.156,
				-3.732,
				2.178,
				19,
				2.2,
				19,
				1,
				2.222,
				19,
				2.244,
				-19,
				2.267,
				-19,
				1,
				2.3,
				-19,
				2.333,
				12,
				2.367,
				12,
				1,
				2.4,
				12,
				2.433,
				-0.285,
				2.467,
				-10,
				1,
				2.5,
				-19.715,
				2.533,
				-21,
				2.567,
				-21,
				1,
				2.589,
				-21,
				2.611,
				7,
				2.633,
				7,
				1,
				2.656,
				7,
				2.678,
				-19,
				2.7,
				-19,
				1,
				2.722,
				-19,
				2.744,
				13.697,
				2.767,
				16,
				1,
				2.789,
				18.303,
				2.811,
				18,
				2.833,
				18,
				1,
				2.856,
				18,
				2.878,
				-14,
				2.9,
				-14,
				1,
				2.922,
				-14,
				2.944,
				-8,
				2.967,
				4,
				1,
				2.989,
				16,
				3.011,
				22,
				3.033,
				22,
				1,
				3.056,
				22,
				3.078,
				-18,
				3.1,
				-18,
				1,
				3.111,
				-18,
				3.122,
				-13.543,
				3.133,
				-6,
				1,
				3.156,
				9.085,
				3.178,
				16,
				3.2,
				16,
				1,
				3.222,
				16,
				3.244,
				-8,
				3.267,
				-8,
				1,
				3.289,
				-8,
				3.311,
				-6,
				3.333,
				-6,
				1,
				3.378,
				-6,
				3.422,
				-19,
				3.467,
				-19,
				1,
				3.5,
				-19,
				3.533,
				12,
				3.567,
				12,
				1,
				3.6,
				12,
				3.633,
				-10,
				3.667,
				-10,
				1,
				3.689,
				-10,
				3.711,
				12,
				3.733,
				12,
				1,
				3.756,
				12,
				3.778,
				-6,
				3.8,
				-6,
				1,
				3.822,
				-6,
				3.844,
				11,
				3.867,
				11,
				1,
				3.922,
				11,
				3.978,
				4,
				4.033,
				4,
				1,
				4.056,
				4,
				4.078,
				22,
				4.1,
				22,
				1,
				4.122,
				22,
				4.144,
				-18,
				4.167,
				-18,
				1,
				4.178,
				-18,
				4.189,
				-13.543,
				4.2,
				-6,
				1,
				4.222,
				9.085,
				4.244,
				16,
				4.267,
				16,
				1,
				4.289,
				16,
				4.311,
				-8,
				4.333,
				-8,
				1,
				4.356,
				-8,
				4.378,
				-8.268,
				4.4,
				-6,
				1,
				4.422,
				-3.732,
				4.444,
				19,
				4.467,
				19,
				1,
				4.489,
				19,
				4.511,
				-19,
				4.533,
				-19,
				1,
				4.567,
				-19,
				4.6,
				12,
				4.633,
				12,
				1,
				4.667,
				12,
				4.7,
				-0.285,
				4.733,
				-10,
				1,
				4.767,
				-19.715,
				4.8,
				-21,
				4.833,
				-21,
				1,
				4.856,
				-21,
				4.878,
				7,
				4.9,
				7,
				1,
				4.922,
				7,
				4.944,
				-19,
				4.967,
				-19,
				1,
				4.989,
				-19,
				5.011,
				13.697,
				5.033,
				16,
				1,
				5.056,
				18.303,
				5.078,
				18,
				5.1,
				18,
				1,
				5.122,
				18,
				5.144,
				-14,
				5.167,
				-14,
				1,
				5.189,
				-14,
				5.211,
				-8,
				5.233,
				4,
				1,
				5.256,
				16,
				5.278,
				22,
				5.3,
				22,
				1,
				5.322,
				22,
				5.344,
				-18,
				5.367,
				-18,
				1,
				5.378,
				-18,
				5.389,
				-13.543,
				5.4,
				-6,
				1,
				5.422,
				9.085,
				5.444,
				16,
				5.467,
				16,
				1,
				5.489,
				16,
				5.511,
				-8,
				5.533,
				-8,
				1,
				5.556,
				-8,
				5.578,
				-6,
				5.6,
				-6,
				1,
				5.644,
				-6,
				5.689,
				-19,
				5.733,
				-19,
				1,
				5.767,
				-19,
				5.8,
				12,
				5.833,
				12,
				1,
				5.867,
				12,
				5.9,
				-10,
				5.933,
				-10,
				1,
				5.956,
				-10,
				5.978,
				12,
				6,
				12
			]
		},
		{
			"Target": "Parameter",
			"Id": "ParamPaiRX",
			"Segments": [
				0,
				-8,
				1,
				0.533,
				-8,
				1.067,
				-5.499,
				1.6,
				0,
				1,
				2.1,
				5.156,
				2.6,
				8,
				3.1,
				8,
				1,
				3.6,
				8,
				4.1,
				5.51,
				4.6,
				0,
				1,
				5.067,
				-5.143,
				5.533,
				-8,
				6,
				-8
			]
		},
		{
			"Target": "Parameter",
			"Id": "ParamPaiRY",
			"Segments": [
				0,
				-1,
				1,
				0.011,
				-1,
				0.022,
				-0.588,
				0.033,
				-0.438,
				1,
				0.556,
				6.604,
				1.078,
				10,
				1.6,
				10,
				1,
				2.1,
				10,
				2.6,
				5.597,
				3.1,
				-1,
				1,
				3.6,
				-7.597,
				4.1,
				-10,
				4.6,
				-10,
				1,
				5.056,
				-10,
				5.511,
				-7.314,
				5.967,
				-1.679,
				1,
				5.978,
				-1.542,
				5.989,
				-1,
				6,
				-1
			]
		},
		{
			"Target": "Parameter",
			"Id": "ParamPaiRX2",
			"Segments": [
				0,
				-7,
				1,
				0.467,
				-7,
				0.933,
				-3.362,
				1.4,
				1,
				1,
				1.9,
				5.673,
				2.4,
				7,
				2.9,
				7,
				1,
				3.4,
				7,
				3.9,
				4.511,
				4.4,
				0,
				1,
				4.933,
				-4.812,
				5.467,
				-7,
				6,
				-7
			]
		},
		{
			"Target": "Parameter",
			"Id": "ParamPaiRY2",
			"Segments": [
				0,
				1,
				1,
				0.011,
				1,
				0.022,
				1.461,
				0.033,
				1.6,
				1,
				0.489,
				7.283,
				0.944,
				10,
				1.4,
				10,
				1,
				1.9,
				10,
				2.4,
				5.597,
				2.9,
				-1,
				1,
				3.4,
				-7.597,
				3.9,
				-10,
				4.4,
				-10,
				1,
				4.922,
				-10,
				5.444,
				-6.604,
				5.967,
				0.438,
				1,
				5.978,
				0.588,
				5.989,
				1,
				6,
				1
			]
		},
		{
			"Target": "Parameter",
			"Id": "ParamBreat",
			"Segments": [
				0,
				0.5,
				1,
				0.011,
				0.5,
				0.022,
				0.535,
				0.033,
				0.542,
				1,
				0.522,
				0.853,
				1.011,
				1,
				1.5,
				1,
				1,
				2,
				1,
				2.5,
				0.815,
				3,
				0.5,
				1,
				3.556,
				0.15,
				4.111,
				0,
				4.667,
				0,
				1,
				5.1,
				0,
				5.533,
				0.148,
				5.967,
				0.46,
				1,
				5.978,
				0.468,
				5.989,
				0.5,
				6,
				0.5
			]
		},
		{
			"Target": "Parameter",
			"Id": "Param_Angle_Rotation82",
			"Segments": [
				0,
				0,
				1,
				0.011,
				0,
				0.022,
				0.311,
				0.033,
				0.367,
				1,
				0.522,
				2.83,
				1.011,
				4,
				1.5,
				4,
				1,
				2,
				4,
				2.5,
				2.285,
				3,
				0,
				1,
				3.5,
				-2.285,
				4,
				-3,
				4.5,
				-3,
				1,
				4.989,
				-3,
				5.478,
				-2.101,
				5.967,
				-0.216,
				1,
				5.978,
				-0.173,
				5.989,
				0,
				6,
				0
			]
		},
		{
			"Target": "Parameter",
			"Id": "Param_Angle_Rotation83",
			"Segments": [
				0,
				-0.78,
				1,
				0.011,
				-0.78,
				0.022,
				-0.653,
				0.033,
				-0.604,
				1,
				0.133,
				-0.167,
				0.233,
				0.221,
				0.333,
				0.627,
				1,
				0.889,
				2.88,
				1.444,
				4,
				2,
				4,
				1,
				2.5,
				4,
				3,
				2.285,
				3.5,
				0,
				1,
				4,
				-2.285,
				4.5,
				-3,
				5,
				-3,
				1,
				5.333,
				-3,
				5.667,
				-2.077,
				6,
				-0.78
			]
		},
		{
			"Target": "Parameter",
			"Id": "Param_Angle_Rotation84",
			"Segments": [
				0,
				-2.22,
				1,
				0.011,
				-2.22,
				0.022,
				-2.136,
				0.033,
				-2.098,
				1,
				0.289,
				-1.213,
				0.544,
				-0.49,
				0.8,
				0.497,
				1,
				1.367,
				2.684,
				1.933,
				4,
				2.5,
				4,
				1,
				3,
				4,
				3.5,
				2.285,
				4,
				0,
				1,
				4.5,
				-2.285,
				5,
				-3,
				5.5,
				-3,
				1,
				5.667,
				-3,
				5.833,
				-2.868,
				6,
				-2.22
			]
		},
		{
			"Target": "Parameter",
			"Id": "Param_Angle_Rotation86",
			"Segments": [
				0,
				0,
				1,
				0.011,
				0,
				0.022,
				0.128,
				0.033,
				0.186,
				1,
				0.522,
				2.759,
				1.011,
				4,
				1.5,
				4,
				1,
				2,
				4,
				2.5,
				3.198,
				3,
				0,
				1,
				3.5,
				-3.198,
				4,
				-6,
				4.5,
				-6,
				1,
				4.989,
				-6,
				5.478,
				-4.107,
				5.967,
				-0.219,
				1,
				5.978,
				-0.131,
				5.989,
				0,
				6,
				0
			]
		},
		{
			"Target": "Parameter",
			"Id": "Param_Angle_Rotation87",
			"Segments": [
				0,
				-1.56,
				1,
				0.011,
				-1.56,
				0.022,
				-1.485,
				0.033,
				-1.432,
				1,
				0.167,
				-0.791,
				0.3,
				-0.178,
				0.433,
				0.432,
				1,
				0.956,
				2.822,
				1.478,
				4,
				2,
				4,
				1,
				2.5,
				4,
				3,
				3.198,
				3.5,
				0,
				1,
				4,
				-3.198,
				4.5,
				-6,
				5,
				-6,
				1,
				5.333,
				-6,
				5.667,
				-4.153,
				6,
				-1.56
			]
		},
		{
			"Target": "Parameter",
			"Id": "Param_Angle_Rotation88",
			"Segments": [
				0,
				-5.18,
				1,
				0.011,
				-5.18,
				0.022,
				-4.988,
				0.033,
				-4.93,
				1,
				0.356,
				-3.25,
				0.678,
				-1.688,
				1,
				0,
				1,
				1.5,
				2.62,
				2,
				4,
				2.5,
				4,
				1,
				3,
				4,
				3.5,
				3.39,
				4,
				0,
				1,
				4.5,
				-3.39,
				5,
				-7,
				5.5,
				-7,
				1,
				5.667,
				-7,
				5.833,
				-6.692,
				6,
				-5.18
			]
		},
		{
			"Target": "Parameter",
			"Id": "Param_Angle_Rotation90",
			"Segments": [
				0,
				0.42,
				1,
				0.022,
				0.42,
				0.044,
				0.159,
				0.067,
				0,
				1,
				0.633,
				-4.067,
				1.2,
				-6,
				1.767,
				-6,
				1,
				2.267,
				-6,
				2.767,
				-3.636,
				3.267,
				0,
				1,
				3.767,
				3.636,
				4.267,
				5,
				4.767,
				5,
				1,
				5.178,
				5,
				5.589,
				2.876,
				6,
				0.42
			]
		},
		{
			"Target": "Parameter",
			"Id": "Param_Angle_Rotation91",
			"Segments": [
				0,
				8.15,
				1,
				0.022,
				8.15,
				0.044,
				7.516,
				0.067,
				7.174,
				1,
				0.267,
				4.093,
				0.467,
				0.843,
				0.667,
				-1.63,
				1,
				1.256,
				-8.909,
				1.844,
				-12,
				2.433,
				-12,
				1,
				2.933,
				-12,
				3.433,
				-8,
				3.933,
				0,
				1,
				4.433,
				8,
				4.933,
				12,
				5.433,
				12,
				1,
				5.622,
				12,
				5.811,
				11.125,
				6,
				8.15
			]
		},
		{
			"Target": "Parameter",
			"Id": "Param_Angle_Rotation93",
			"Segments": [
				0,
				-1.82,
				1,
				0.022,
				-1.82,
				0.044,
				-1.508,
				0.067,
				-1.296,
				1,
				0.167,
				-0.343,
				0.267,
				0.623,
				0.367,
				1.34,
				1,
				0.911,
				5.24,
				1.456,
				7,
				2,
				7,
				1,
				2.5,
				7,
				3,
				4.667,
				3.5,
				0,
				1,
				4,
				-4.667,
				4.5,
				-7,
				5,
				-7,
				1,
				5.333,
				-7,
				5.667,
				-4.844,
				6,
				-1.82
			]
		},
		{
			"Target": "Parameter",
			"Id": "Param_Angle_Rotation94",
			"Segments": [
				0,
				-5.18,
				1,
				0.011,
				-5.18,
				0.022,
				-5.081,
				0.033,
				-4.994,
				1,
				0.289,
				-3.001,
				0.544,
				-0.964,
				0.8,
				0.907,
				1,
				1.367,
				5.058,
				1.933,
				7,
				2.5,
				7,
				1,
				3,
				7,
				3.5,
				4.667,
				4,
				0,
				1,
				4.5,
				-4.667,
				5,
				-7,
				5.5,
				-7,
				1,
				5.667,
				-7,
				5.833,
				-6.692,
				6,
				-5.18
			]
		},
		{
			"Target": "Parameter",
			"Id": "Param_Angle_Rotation95",
			"Segments": [
				0,
				-7,
				1,
				0.5,
				-7,
				1,
				-4.667,
				1.5,
				0,
				1,
				2,
				4.667,
				2.5,
				7,
				3,
				7,
				1,
				3.5,
				7,
				4,
				4.667,
				4.5,
				0,
				1,
				5,
				-4.667,
				5.5,
				-7,
				6,
				-7
			]
		},
		{
			"Target": "Parameter",
			"Id": "Param_Angle_Rotation98",
			"Segments": [
				0,
				-0.42,
				1,
				0.011,
				-0.42,
				0.022,
				-0.294,
				0.033,
				-0.219,
				1,
				0.078,
				0.081,
				0.122,
				0.403,
				0.167,
				0.593,
				1,
				0.711,
				2.919,
				1.256,
				4,
				1.8,
				4,
				1,
				2.3,
				4,
				2.8,
				2.667,
				3.3,
				0,
				1,
				3.8,
				-2.667,
				4.3,
				-4,
				4.8,
				-4,
				1,
				5.2,
				-4,
				5.6,
				-2.365,
				6,
				-0.42
			]
		},
		{
			"Target": "Parameter",
			"Id": "Param_Angle_Rotation99",
			"Segments": [
				0,
				-1.65,
				1,
				0.011,
				-1.65,
				0.022,
				-1.622,
				0.033,
				-1.587,
				1,
				0.233,
				-0.96,
				0.433,
				-0.367,
				0.633,
				0.278,
				1,
				1.189,
				2.068,
				1.744,
				3,
				2.3,
				3,
				1,
				2.8,
				3,
				3.3,
				2,
				3.8,
				0,
				1,
				4.3,
				-2,
				4.8,
				-3,
				5.3,
				-3,
				1,
				5.533,
				-3,
				5.767,
				-2.582,
				6,
				-1.65
			]
		},
		{
			"Target": "Parameter",
			"Id": "Param_Angle_Rotation100",
			"Segments": [
				0,
				-6.66,
				1,
				0.433,
				-6.66,
				0.867,
				-2.411,
				1.3,
				0,
				1,
				1.8,
				2.782,
				2.3,
				3,
				2.8,
				3,
				1,
				3.3,
				3,
				3.8,
				2.887,
				4.3,
				0,
				1,
				4.733,
				-2.502,
				5.167,
				-7.824,
				5.6,
				-7.824,
				1,
				5.733,
				-7.824,
				5.867,
				-7.817,
				6,
				-6.66
			]
		},
		{
			"Target": "Parameter",
			"Id": "Param_Angle_Rotation101",
			"Segments": [
				0,
				-1.3,
				1,
				0.011,
				-1.3,
				0.022,
				-1.079,
				0.033,
				-1.024,
				1,
				0.144,
				-0.471,
				0.256,
				0.048,
				0.367,
				0.528,
				1,
				0.911,
				2.877,
				1.456,
				4,
				2,
				4,
				1,
				2.5,
				4,
				3,
				2.963,
				3.5,
				0,
				1,
				4,
				-2.963,
				4.5,
				-5,
				5,
				-5,
				1,
				5.333,
				-5,
				5.667,
				-3.461,
				6,
				-1.3
			]
		},
		{
			"Target": "Parameter",
			"Id": "Param_Angle_Rotation102",
			"Segments": [
				0,
				-3.7,
				1,
				0.011,
				-3.7,
				0.022,
				-3.532,
				0.033,
				-3.478,
				1,
				0.3,
				-2.193,
				0.567,
				-0.932,
				0.833,
				0.278,
				1,
				1.389,
				2.799,
				1.944,
				4,
				2.5,
				4,
				1,
				3,
				4,
				3.5,
				2.956,
				4,
				0,
				1,
				4.489,
				-2.89,
				4.978,
				-4.878,
				5.467,
				-4.878,
				1,
				5.644,
				-4.878,
				5.822,
				-4.765,
				6,
				-3.7
			]
		},
		{
			"Target": "Parameter",
			"Id": "Param_Angle_Rotation103",
			"Segments": [
				0,
				-4,
				1,
				0.5,
				-4,
				1,
				-2.667,
				1.5,
				0,
				1,
				2,
				2.667,
				2.5,
				4,
				3,
				4,
				1,
				3.5,
				4,
				4,
				2.667,
				4.5,
				0,
				1,
				5,
				-2.667,
				5.5,
				-4,
				6,
				-4
			]
		},
		{
			"Target": "Parameter",
			"Id": "Param_Angle_Rotation106",
			"Segments": [
				0,
				-1.3,
				1,
				0.011,
				-1.3,
				0.022,
				-1.126,
				0.033,
				-1.056,
				1,
				0.144,
				-0.358,
				0.256,
				0.356,
				0.367,
				0.926,
				1,
				0.911,
				3.718,
				1.456,
				5,
				2,
				5,
				1,
				2.5,
				5,
				3,
				3.333,
				3.5,
				0,
				1,
				4,
				-3.333,
				4.5,
				-5,
				5,
				-5,
				1,
				5.333,
				-5,
				5.667,
				-3.461,
				6,
				-1.3
			]
		},
		{
			"Target": "Parameter",
			"Id": "Param_Angle_Rotation107",
			"Segments": [
				0,
				-3.7,
				1,
				0.011,
				-3.7,
				0.022,
				-3.57,
				0.033,
				-3.514,
				1,
				0.311,
				-2.119,
				0.589,
				-0.64,
				0.867,
				0.583,
				1,
				1.411,
				2.982,
				1.956,
				4,
				2.5,
				4,
				1,
				3,
				4,
				3.5,
				2.963,
				4,
				0,
				1,
				4.5,
				-2.963,
				5,
				-5,
				5.5,
				-5,
				1,
				5.667,
				-5,
				5.833,
				-4.78,
				6,
				-3.7
			]
		},
		{
			"Target": "Parameter",
			"Id": "Param_Angle_Rotation108",
			"Segments": [
				0,
				-6,
				1,
				0.5,
				-6,
				1,
				-3.198,
				1.5,
				0,
				1,
				2,
				3.198,
				2.5,
				4,
				3,
				4,
				1,
				3.5,
				4,
				4,
				3.198,
				4.5,
				0,
				1,
				5,
				-3.198,
				5.5,
				-6,
				6,
				-6
			]
		},
		{
			"Target": "Parameter",
			"Id": "Param_Angle_Rotation109",
			"Segments": [
				0,
				-5.25,
				1,
				0.011,
				-5.25,
				0.022,
				-5.379,
				0.033,
				-5.409,
				1,
				0.189,
				-5.823,
				0.344,
				-6,
				0.5,
				-6,
				1,
				1,
				-6,
				1.5,
				-3.636,
				2,
				0,
				1,
				2.5,
				3.636,
				3,
				5,
				3.5,
				5,
				1,
				4,
				5,
				4.5,
				3.008,
				5,
				0,
				1,
				5.333,
				-2.005,
				5.667,
				-3.851,
				6,
				-5.25
			]
		},
		{
			"Target": "Parameter",
			"Id": "Param_Angle_Rotation111",
			"Segments": [
				0,
				-1.98,
				1,
				0.056,
				-1.98,
				0.111,
				-2,
				0.167,
				-2,
				1,
				0.667,
				-2,
				1.167,
				-1.333,
				1.667,
				0,
				1,
				2.167,
				1.333,
				2.667,
				2,
				3.167,
				2,
				1,
				3.667,
				2,
				4.167,
				1.401,
				4.667,
				0,
				1,
				5.111,
				-1.245,
				5.556,
				-1.98,
				6,
				-1.98
			]
		},
		{
			"Target": "Parameter",
			"Id": "Param_Angle_Rotation112",
			"Segments": [
				0,
				-1.61,
				1,
				0.011,
				-1.61,
				0.022,
				-1.661,
				0.033,
				-1.673,
				1,
				0.244,
				-1.899,
				0.456,
				-2,
				0.667,
				-2,
				1,
				1.167,
				-2,
				1.667,
				-1.333,
				2.167,
				0,
				1,
				2.667,
				1.333,
				3.167,
				2,
				3.667,
				2,
				1,
				4.167,
				2,
				4.667,
				1.174,
				5.167,
				0,
				1,
				5.444,
				-0.652,
				5.722,
				-1.194,
				6,
				-1.61
			]
		},
		{
			"Target": "Parameter",
			"Id": "Param_Angle_Rotation113",
			"Segments": [
				0,
				-0.79,
				1,
				0.011,
				-0.79,
				0.022,
				-0.83,
				0.033,
				-0.853,
				1,
				0.411,
				-1.628,
				0.789,
				-2,
				1.167,
				-2,
				1,
				1.667,
				-2,
				2.167,
				-1.333,
				2.667,
				0,
				1,
				3.167,
				1.333,
				3.667,
				2,
				4.167,
				2,
				1,
				4.667,
				2,
				5.167,
				1.304,
				5.667,
				0,
				1,
				5.778,
				-0.29,
				5.889,
				-0.553,
				6,
				-0.79
			]
		},
		{
			"Target": "Parameter",
			"Id": "Param_Angle_Rotation114",
			"Segments": [
				0,
				0.42,
				1,
				0.011,
				0.42,
				0.022,
				0.363,
				0.033,
				0.331,
				1,
				0.578,
				-1.238,
				1.122,
				-2,
				1.667,
				-2,
				1,
				2.167,
				-2,
				2.667,
				-1.333,
				3.167,
				0,
				1,
				3.667,
				1.333,
				4.167,
				2,
				4.667,
				2,
				1,
				5.111,
				2,
				5.556,
				1.48,
				6,
				0.42
			]
		},
		{
			"Target": "Parameter",
			"Id": "Param_Angle_Rotation115",
			"Segments": [
				0,
				1.38,
				1,
				0.011,
				1.38,
				0.022,
				1.347,
				0.033,
				1.315,
				1,
				0.222,
				0.77,
				0.411,
				0.142,
				0.6,
				-0.296,
				1,
				1.122,
				-1.508,
				1.644,
				-2,
				2.167,
				-2,
				1,
				2.667,
				-2,
				3.167,
				-1.333,
				3.667,
				0,
				1,
				4.167,
				1.333,
				4.667,
				2,
				5.167,
				2,
				1,
				5.444,
				2,
				5.722,
				1.852,
				6,
				1.38
			]
		},
		{
			"Target": "Parameter",
			"Id": "Param_Angle_Rotation116",
			"Segments": [
				0,
				1.9,
				1,
				0.389,
				1.9,
				0.778,
				1.126,
				1.167,
				0,
				1,
				1.667,
				-1.448,
				2.167,
				-2,
				2.667,
				-2,
				1,
				3.167,
				-2,
				3.667,
				-1.333,
				4.167,
				0,
				1,
				4.667,
				1.333,
				5.167,
				2,
				5.667,
				2,
				1,
				5.778,
				2,
				5.889,
				2.031,
				6,
				1.9
			]
		},
		{
			"Target": "Parameter",
			"Id": "Param_Angle_Rotation118",
			"Segments": [
				0,
				-1.93,
				1,
				0.444,
				-1.93,
				0.889,
				-1.231,
				1.333,
				0,
				1,
				1.833,
				1.385,
				2.333,
				2,
				2.833,
				2,
				1,
				3.333,
				2,
				3.833,
				1.235,
				4.333,
				0,
				1,
				4.889,
				-1.372,
				5.444,
				-1.93,
				6,
				-1.93
			]
		},
		{
			"Target": "Parameter",
			"Id": "Param_Angle_Rotation119",
			"Segments": [
				0,
				-1.9,
				1,
				0.611,
				-1.9,
				1.222,
				-1.408,
				1.833,
				0,
				1,
				2.333,
				1.152,
				2.833,
				2,
				3.333,
				2,
				1,
				3.833,
				2,
				4.333,
				1.448,
				4.833,
				0,
				1,
				5.222,
				-1.126,
				5.611,
				-1.9,
				6,
				-1.9
			]
		},
		{
			"Target": "Parameter",
			"Id": "Param_Angle_Rotation120",
			"Segments": [
				0,
				-1.38,
				1,
				0.011,
				-1.38,
				0.022,
				-1.427,
				0.033,
				-1.443,
				1,
				0.3,
				-1.824,
				0.567,
				-2,
				0.833,
				-2,
				1,
				1.333,
				-2,
				1.833,
				-1.333,
				2.333,
				0,
				1,
				2.833,
				1.333,
				3.333,
				2,
				3.833,
				2,
				1,
				4.333,
				2,
				4.833,
				1.225,
				5.333,
				0,
				1,
				5.556,
				-0.544,
				5.778,
				-1.002,
				6,
				-1.38
			]
		},
		{
			"Target": "Parameter",
			"Id": "Param_Angle_Rotation121",
			"Segments": [
				0,
				-0.42,
				1,
				0.011,
				-0.42,
				0.022,
				-0.518,
				0.033,
				-0.543,
				1,
				0.467,
				-1.531,
				0.9,
				-2,
				1.333,
				-2,
				1,
				1.833,
				-2,
				2.333,
				-1.333,
				2.833,
				0,
				1,
				3.333,
				1.333,
				3.833,
				2,
				4.333,
				2,
				1,
				4.833,
				2,
				5.333,
				1.326,
				5.833,
				0,
				1,
				5.889,
				-0.147,
				5.944,
				-0.287,
				6,
				-0.42
			]
		},
		{
			"Target": "Parameter",
			"Id": "Param_Angle_Rotation122",
			"Segments": [
				0,
				0.79,
				1,
				0.011,
				0.79,
				0.022,
				0.745,
				0.033,
				0.717,
				1,
				0.133,
				0.467,
				0.233,
				0.262,
				0.333,
				0,
				1,
				0.833,
				-1.308,
				1.333,
				-2,
				1.833,
				-2,
				1,
				2.333,
				-2,
				2.833,
				-1.333,
				3.333,
				0,
				1,
				3.833,
				1.333,
				4.333,
				2,
				4.833,
				2,
				1,
				5.222,
				2,
				5.611,
				1.62,
				6,
				0.79
			]
		},
		{
			"Target": "Parameter",
			"Id": "Param_Angle_Rotation123",
			"Segments": [
				0,
				1.61,
				1,
				0.133,
				1.61,
				0.267,
				0.995,
				0.4,
				0.605,
				1,
				1.044,
				-1.281,
				1.689,
				-2,
				2.333,
				-2,
				1,
				2.833,
				-2,
				3.333,
				-1.333,
				3.833,
				0,
				1,
				4.333,
				1.333,
				4.833,
				2,
				5.333,
				2,
				1,
				5.556,
				2,
				5.778,
				1.943,
				6,
				1.61
			]
		},
		{
			"Target": "Parameter",
			"Id": "Param_Angle_Rotation126",
			"Segments": [
				0,
				-1.48,
				1,
				0.011,
				-1.48,
				0.022,
				-1.441,
				0.033,
				-1.418,
				1,
				0.344,
				-0.771,
				0.656,
				-0.127,
				0.967,
				0.494,
				1,
				1.478,
				1.514,
				1.989,
				2,
				2.5,
				2,
				1,
				3,
				2,
				3.5,
				1.333,
				4,
				0,
				1,
				4.5,
				-1.333,
				5,
				-2,
				5.5,
				-2,
				1,
				5.667,
				-2,
				5.833,
				-1.912,
				6,
				-1.48
			]
		},
		{
			"Target": "Parameter",
			"Id": "Param_Angle_Rotation127",
			"Segments": [
				0,
				-2,
				1,
				0.5,
				-2,
				1,
				-1.333,
				1.5,
				0,
				1,
				2,
				1.333,
				2.5,
				2,
				3,
				2,
				1,
				3.5,
				2,
				4,
				1.333,
				4.5,
				0,
				1,
				5,
				-1.333,
				5.5,
				-2,
				6,
				-2
			]
		},
		{
			"Target": "Parameter",
			"Id": "Param_Angle_Rotation128",
			"Segments": [
				0,
				-1.78,
				1,
				0.011,
				-1.78,
				0.022,
				-1.835,
				0.033,
				-1.843,
				1,
				0.189,
				-1.954,
				0.344,
				-2,
				0.5,
				-2,
				1,
				1,
				-2,
				1.5,
				-1.333,
				2,
				0,
				1,
				2.5,
				1.333,
				3,
				2,
				3.5,
				2,
				1,
				4,
				2,
				4.5,
				1.112,
				5,
				0,
				1,
				5.333,
				-0.741,
				5.667,
				-1.338,
				6,
				-1.78
			]
		},
		{
			"Target": "Parameter",
			"Id": "Param_Angle_Rotation129",
			"Segments": [
				0,
				-1.11,
				1,
				0.011,
				-1.11,
				0.022,
				-1.154,
				0.033,
				-1.173,
				1,
				0.356,
				-1.735,
				0.678,
				-2,
				1,
				-2,
				1,
				1.5,
				-2,
				2,
				-1.333,
				2.5,
				0,
				1,
				3,
				1.333,
				3.5,
				2,
				4,
				2,
				1,
				4.5,
				2,
				5,
				1.269,
				5.5,
				0,
				1,
				5.667,
				-0.423,
				5.833,
				-0.792,
				6,
				-1.11
			]
		},
		{
			"Target": "Parameter",
			"Id": "Param_Angle_Rotation130",
			"Segments": [
				0,
				0,
				1,
				0.011,
				0,
				0.022,
				-0.094,
				0.033,
				-0.123,
				1,
				0.522,
				-1.393,
				1.011,
				-2,
				1.5,
				-2,
				1,
				2,
				-2,
				2.5,
				-1.333,
				3,
				0,
				1,
				3.5,
				1.333,
				4,
				2,
				4.5,
				2,
				1,
				5,
				2,
				5.5,
				1.333,
				6,
				0
			]
		},
		{
			"Target": "Parameter",
			"Id": "Param_Angle_Rotation134",
			"Segments": [
				0,
				-0.83,
				1,
				0.011,
				-0.83,
				0.022,
				-0.795,
				0.033,
				-0.768,
				1,
				0.178,
				-0.421,
				0.322,
				-0.058,
				0.467,
				0.247,
				1,
				1.033,
				1.445,
				1.6,
				2,
				2.167,
				2,
				1,
				2.667,
				2,
				3.167,
				1.333,
				3.667,
				0,
				1,
				4.167,
				-1.333,
				4.667,
				-2,
				5.167,
				-2,
				1,
				5.444,
				-2,
				5.722,
				-1.568,
				6,
				-0.83
			]
		},
		{
			"Target": "Parameter",
			"Id": "Param_Angle_Rotation135",
			"Segments": [
				0,
				-1.75,
				1,
				0.011,
				-1.75,
				0.022,
				-1.71,
				0.033,
				-1.688,
				1,
				0.322,
				-1.115,
				0.611,
				-0.621,
				0.9,
				0,
				1,
				1.489,
				1.266,
				2.078,
				2,
				2.667,
				2,
				1,
				3.167,
				2,
				3.667,
				1.524,
				4.167,
				0,
				1,
				4.611,
				-1.355,
				5.056,
				-2.421,
				5.5,
				-2.421,
				1,
				5.667,
				-2.421,
				5.833,
				-2.233,
				6,
				-1.75
			]
		},
		{
			"Target": "Parameter",
			"Id": "Param_Angle_Rotation136",
			"Segments": [
				0,
				-1.98,
				1,
				0.056,
				-1.98,
				0.111,
				-2,
				0.167,
				-2,
				1,
				0.667,
				-2,
				1.167,
				-1.333,
				1.667,
				0,
				1,
				2.167,
				1.333,
				2.667,
				2,
				3.167,
				2,
				1,
				3.667,
				2,
				4.167,
				1.401,
				4.667,
				0,
				1,
				5.111,
				-1.245,
				5.556,
				-1.98,
				6,
				-1.98
			]
		},
		{
			"Target": "Parameter",
			"Id": "Param_Angle_Rotation137",
			"Segments": [
				0,
				-1.61,
				1,
				0.011,
				-1.61,
				0.022,
				-1.661,
				0.033,
				-1.673,
				1,
				0.244,
				-1.899,
				0.456,
				-2,
				0.667,
				-2,
				1,
				1.167,
				-2,
				1.667,
				-1.333,
				2.167,
				0,
				1,
				2.667,
				1.333,
				3.167,
				2,
				3.667,
				2,
				1,
				4.167,
				2,
				4.667,
				1.174,
				5.167,
				0,
				1,
				5.444,
				-0.652,
				5.722,
				-1.194,
				6,
				-1.61
			]
		},
		{
			"Target": "Parameter",
			"Id": "Param_Angle_Rotation138",
			"Segments": [
				0,
				-0.79,
				1,
				0.011,
				-0.79,
				0.022,
				-0.83,
				0.033,
				-0.853,
				1,
				0.411,
				-1.628,
				0.789,
				-2,
				1.167,
				-2,
				1,
				1.667,
				-2,
				2.167,
				-1.333,
				2.667,
				0,
				1,
				3.167,
				1.333,
				3.667,
				2,
				4.167,
				2,
				1,
				4.667,
				2,
				5.167,
				1.304,
				5.667,
				0,
				1,
				5.778,
				-0.29,
				5.889,
				-0.553,
				6,
				-0.79
			]
		},
		{
			"Target": "Parameter",
			"Id": "Param_Angle_Rotation139",
			"Segments": [
				0,
				0.42,
				1,
				0.011,
				0.42,
				0.022,
				0.376,
				0.033,
				0.331,
				1,
				0.078,
				0.153,
				0.122,
				-0.061,
				0.167,
				-0.173,
				1,
				0.667,
				-1.427,
				1.167,
				-2,
				1.667,
				-2,
				1,
				2.167,
				-2,
				2.667,
				-1.333,
				3.167,
				0,
				1,
				3.667,
				1.333,
				4.167,
				2,
				4.667,
				2,
				1,
				5.111,
				2,
				5.556,
				1.48,
				6,
				0.42
			]
		},
		{
			"Target": "Parameter",
			"Id": "Param_Angle_Rotation142",
			"Segments": [
				0,
				-0.25,
				1,
				0.011,
				-0.25,
				0.022,
				-0.215,
				0.033,
				-0.184,
				1,
				0.111,
				0.03,
				0.189,
				0.271,
				0.267,
				0.432,
				1,
				0.789,
				1.511,
				1.311,
				2,
				1.833,
				2,
				1,
				2.333,
				2,
				2.833,
				1.333,
				3.333,
				0,
				1,
				3.833,
				-1.333,
				4.333,
				-2,
				4.833,
				-2,
				1,
				5.222,
				-2,
				5.611,
				-1.535,
				6,
				-0.25
			]
		},
		{
			"Target": "Parameter",
			"Id": "Param_Angle_Rotation143",
			"Segments": [
				0,
				-1.17,
				1,
				0.278,
				-1.17,
				0.556,
				-0.754,
				0.833,
				0,
				1,
				1.333,
				1.358,
				1.833,
				2,
				2.333,
				2,
				1,
				2.833,
				2,
				3.333,
				1.333,
				3.833,
				0,
				1,
				4.333,
				-1.333,
				4.833,
				-2,
				5.333,
				-2,
				1,
				5.556,
				-2,
				5.778,
				-1.76,
				6,
				-1.17
			]
		},
		{
			"Target": "Parameter",
			"Id": "Param_Angle_Rotation144",
			"Segments": [
				0,
				-1.93,
				1,
				0.444,
				-1.93,
				0.889,
				-1.231,
				1.333,
				0,
				1,
				1.833,
				1.385,
				2.333,
				2,
				2.833,
				2,
				1,
				3.333,
				2,
				3.833,
				1.235,
				4.333,
				0,
				1,
				4.889,
				-1.372,
				5.444,
				-1.93,
				6,
				-1.93
			]
		},
		{
			"Target": "Parameter",
			"Id": "Param_Angle_Rotation145",
			"Segments": [
				0,
				-1.961,
				1,
				0.611,
				-1.961,
				1.222,
				-1.435,
				1.833,
				0,
				1,
				2.333,
				1.174,
				2.833,
				2,
				3.333,
				2,
				1,
				3.833,
				2,
				4.333,
				1.466,
				4.833,
				0,
				1,
				5.222,
				-1.14,
				5.611,
				-1.961,
				6,
				-1.961
			]
		},
		{
			"Target": "Parameter",
			"Id": "Param_Angle_Rotation146",
			"Segments": [
				0,
				-1.38,
				1,
				0.011,
				-1.38,
				0.022,
				-1.427,
				0.033,
				-1.443,
				1,
				0.3,
				-1.824,
				0.567,
				-2,
				0.833,
				-2,
				1,
				1.333,
				-2,
				1.833,
				-1.333,
				2.333,
				0,
				1,
				2.833,
				1.333,
				3.333,
				2,
				3.833,
				2,
				1,
				4.333,
				2,
				4.833,
				1.225,
				5.333,
				0,
				1,
				5.556,
				-0.544,
				5.778,
				-1.002,
				6,
				-1.38
			]
		},
		{
			"Target": "Parameter",
			"Id": "Param_Angle_Rotation148",
			"Segments": [
				0,
				0,
				1,
				0.011,
				0,
				0.022,
				0.033,
				0.033,
				0.063,
				1,
				0.522,
				1.363,
				1.011,
				2,
				1.5,
				2,
				1,
				2,
				2,
				2.5,
				1.333,
				3,
				0,
				1,
				3.5,
				-1.333,
				4,
				-2,
				4.5,
				-2,
				1,
				4.989,
				-2,
				5.478,
				-1.393,
				5.967,
				-0.123,
				1,
				5.978,
				-0.094,
				5.989,
				0,
				6,
				0
			]
		},
		{
			"Target": "Parameter",
			"Id": "Param_Angle_Rotation149",
			"Segments": [
				0,
				-0.52,
				1,
				0.011,
				-0.52,
				0.022,
				-0.487,
				0.033,
				-0.459,
				1,
				0.133,
				-0.211,
				0.233,
				0.046,
				0.333,
				0.259,
				1,
				0.889,
				1.443,
				1.444,
				2,
				2,
				2,
				1,
				2.5,
				2,
				3,
				1.333,
				3.5,
				0,
				1,
				4,
				-1.333,
				4.5,
				-2,
				5,
				-2,
				1,
				5.333,
				-2,
				5.667,
				-1.385,
				6,
				-0.52
			]
		},
		{
			"Target": "Parameter",
			"Id": "Param_Angle_Rotation150",
			"Segments": [
				0,
				-1.48,
				1,
				0.011,
				-1.48,
				0.022,
				-1.443,
				0.033,
				-1.418,
				1,
				0.267,
				-0.886,
				0.5,
				-0.35,
				0.733,
				0.148,
				1,
				1.322,
				1.405,
				1.911,
				2,
				2.5,
				2,
				1,
				3,
				2,
				3.5,
				1.333,
				4,
				0,
				1,
				4.5,
				-1.333,
				5,
				-2,
				5.5,
				-2,
				1,
				5.667,
				-2,
				5.833,
				-1.912,
				6,
				-1.48
			]
		},
		{
			"Target": "Parameter",
			"Id": "Param_Angle_Rotation152",
			"Segments": [
				0,
				-4,
				1,
				0.5,
				-4,
				1,
				-2.667,
				1.5,
				0,
				1,
				2,
				2.667,
				2.5,
				4,
				3,
				4,
				1,
				3.5,
				4,
				4,
				2.667,
				4.5,
				0,
				1,
				5,
				-2.667,
				5.5,
				-4,
				6,
				-4
			]
		},
		{
			"Target": "Parameter",
			"Id": "Param_Angle_Rotation153",
			"Segments": [
				0,
				-3.56,
				1,
				0.011,
				-3.56,
				0.022,
				-3.607,
				0.033,
				-3.626,
				1,
				0.189,
				-3.886,
				0.344,
				-4,
				0.5,
				-4,
				1,
				1,
				-4,
				1.5,
				-2.667,
				2,
				0,
				1,
				2.5,
				2.667,
				3,
				4,
				3.5,
				4,
				1,
				4,
				4,
				4.5,
				2.223,
				5,
				0,
				1,
				5.333,
				-1.482,
				5.667,
				-2.675,
				6,
				-3.56
			]
		},
		{
			"Target": "Parameter",
			"Id": "Param_Angle_Rotation154",
			"Segments": [
				0,
				-2.22,
				1,
				0.011,
				-2.22,
				0.022,
				-2.368,
				0.033,
				-2.406,
				1,
				0.356,
				-3.494,
				0.678,
				-4,
				1,
				-4,
				1,
				1.5,
				-4,
				2,
				-2.667,
				2.5,
				0,
				1,
				3,
				2.667,
				3.5,
				4,
				4,
				4,
				1,
				4.5,
				4,
				5,
				2.539,
				5.5,
				0,
				1,
				5.667,
				-0.846,
				5.833,
				-1.585,
				6,
				-2.22
			]
		},
		{
			"Target": "Parameter",
			"Id": "Param_Angle_Rotation155",
			"Segments": [
				0,
				0,
				1,
				0.011,
				0,
				0.022,
				-0.188,
				0.033,
				-0.246,
				1,
				0.522,
				-2.785,
				1.011,
				-4,
				1.5,
				-4,
				1,
				2,
				-4,
				2.5,
				-2.667,
				3,
				0,
				1,
				3.5,
				2.667,
				4,
				4,
				4.5,
				4,
				1,
				5,
				4,
				5.5,
				2.667,
				6,
				0
			]
		},
		{
			"Target": "Parameter",
			"Id": "Param_Angle_Rotation156",
			"Segments": [
				0,
				-4,
				1,
				0.5,
				-4,
				1,
				-2.667,
				1.5,
				0,
				1,
				2,
				2.667,
				2.5,
				4,
				3,
				4,
				1,
				3.5,
				4,
				4,
				2.667,
				4.5,
				0,
				1,
				5,
				-2.667,
				5.5,
				-4,
				6,
				-4
			]
		},
		{
			"Target": "Parameter",
			"Id": "Param_Angle_Rotation157",
			"Segments": [
				0,
				-3.56,
				1,
				0.011,
				-3.56,
				0.022,
				-3.67,
				0.033,
				-3.686,
				1,
				0.189,
				-3.907,
				0.344,
				-4,
				0.5,
				-4,
				1,
				1,
				-4,
				1.5,
				-2.667,
				2,
				0,
				1,
				2.5,
				2.667,
				3,
				4,
				3.5,
				4,
				1,
				4,
				4,
				4.5,
				2.223,
				5,
				0,
				1,
				5.333,
				-1.482,
				5.667,
				-2.675,
				6,
				-3.56
			]
		},
		{
			"Target": "Parameter",
			"Id": "Param_Angle_Rotation158",
			"Segments": [
				0,
				-2.22,
				1,
				0.011,
				-2.22,
				0.022,
				-2.43,
				0.033,
				-2.466,
				1,
				0.356,
				-3.516,
				0.678,
				-4,
				1,
				-4,
				1,
				1.5,
				-4,
				2,
				-2.667,
				2.5,
				0,
				1,
				3,
				2.667,
				3.5,
				4,
				4,
				4,
				1,
				4.5,
				4,
				5,
				2.539,
				5.5,
				0,
				1,
				5.667,
				-0.846,
				5.833,
				-1.585,
				6,
				-2.22
			]
		},
		{
			"Target": "Parameter",
			"Id": "Param_Angle_Rotation159",
			"Segments": [
				0,
				0,
				1,
				0.011,
				0,
				0.022,
				-0.128,
				0.033,
				-0.186,
				1,
				0.522,
				-2.759,
				1.011,
				-4,
				1.5,
				-4,
				1,
				2,
				-4,
				2.5,
				-2.667,
				3,
				0,
				1,
				3.5,
				2.667,
				4,
				4,
				4.5,
				4,
				1,
				5,
				4,
				5.5,
				2.667,
				6,
				0
			]
		},
		{
			"Target": "Parameter",
			"Id": "Param_Angle_Rotation104",
			"Segments": [
				0,
				0.78,
				1,
				0.011,
				0.78,
				0.022,
				0.761,
				0.033,
				0.664,
				1,
				0.1,
				0.083,
				0.167,
				-0.607,
				0.233,
				-1.155,
				1,
				0.822,
				-5.997,
				1.411,
				-8.34,
				2,
				-8.34,
				1,
				2.5,
				-8.34,
				3,
				-2.932,
				3.5,
				0,
				1,
				4,
				2.932,
				4.5,
				3,
				5,
				3,
				1,
				5.333,
				3,
				5.667,
				2.077,
				6,
				0.78
			]
		},
		{
			"Target": "Parameter",
			"Id": "Param_Angle_Rotation124",
			"Segments": [
				0,
				2.22,
				1,
				0.011,
				2.22,
				0.022,
				2.231,
				0.033,
				2.154,
				1,
				0.211,
				0.92,
				0.389,
				-0.551,
				0.567,
				-1.731,
				1,
				1.211,
				-6.012,
				1.856,
				-8,
				2.5,
				-8,
				1,
				3,
				-8,
				3.5,
				-2.9,
				4,
				0,
				1,
				4.5,
				2.9,
				5,
				3,
				5.5,
				3,
				1,
				5.667,
				3,
				5.833,
				2.868,
				6,
				2.22
			]
		},
		{
			"Target": "Parameter",
			"Id": "Param_Angle_Rotation131",
			"Segments": [
				0,
				4,
				1,
				0.5,
				4,
				1,
				3.548,
				1.5,
				0,
				1,
				2,
				-3.548,
				2.5,
				-8,
				3,
				-8,
				1,
				3.5,
				-8,
				4,
				-3.548,
				4.5,
				0,
				1,
				5,
				3.548,
				5.5,
				4,
				6,
				4
			]
		},
		{
			"Target": "Parameter",
			"Id": "Param_Angle_Rotation164",
			"Segments": [
				0,
				1.82,
				1,
				0.011,
				1.82,
				0.022,
				1.776,
				0.033,
				1.695,
				1,
				0.178,
				0.638,
				0.322,
				-0.424,
				0.467,
				-1.469,
				1,
				0.978,
				-5.166,
				1.489,
				-7,
				2,
				-7,
				1,
				2.5,
				-7,
				3,
				-4.667,
				3.5,
				0,
				1,
				4,
				4.667,
				4.5,
				7,
				5,
				7,
				1,
				5.333,
				7,
				5.667,
				4.844,
				6,
				1.82
			]
		},
		{
			"Target": "Parameter",
			"Id": "Param_Angle_Rotation165",
			"Segments": [
				0,
				2.22,
				1,
				0.011,
				2.22,
				0.022,
				2.203,
				0.033,
				2.159,
				1,
				0.278,
				1.196,
				0.522,
				0.38,
				0.767,
				-0.741,
				1,
				1.344,
				-3.389,
				1.922,
				-5,
				2.5,
				-5,
				1,
				3,
				-5,
				3.5,
				-2.816,
				4,
				0,
				1,
				4.444,
				2.503,
				4.889,
				3.198,
				5.333,
				3.198,
				1,
				5.556,
				3.198,
				5.778,
				3.038,
				6,
				2.22
			]
		},
		{
			"Target": "Parameter",
			"Id": "Param_Angle_Rotation166",
			"Segments": [
				0,
				6,
				1,
				0.5,
				6,
				1,
				4,
				1.5,
				0,
				1,
				2,
				-4,
				2.5,
				-6,
				3,
				-6,
				1,
				3.5,
				-6,
				4,
				-4,
				4.5,
				0,
				1,
				5,
				4,
				5.5,
				6,
				6,
				6
			]
		},
		{
			"Target": "Parameter",
			"Id": "Param_Angle_Rotation167",
			"Segments": [
				0,
				5.33,
				1,
				0.011,
				5.33,
				0.022,
				5.431,
				0.033,
				5.458,
				1,
				0.189,
				5.837,
				0.344,
				6,
				0.5,
				6,
				1,
				1,
				6,
				1.5,
				4,
				2,
				0,
				1,
				2.5,
				-4,
				3,
				-6,
				3.5,
				-6,
				1,
				4,
				-6,
				4.5,
				-3.33,
				5,
				0,
				1,
				5.333,
				2.22,
				5.667,
				3.995,
				6,
				5.33
			]
		},
		{
			"Target": "Parameter",
			"Id": "Param_Angle_Rotation132",
			"Segments": [
				0,
				0,
				1,
				0.011,
				0,
				0.022,
				0.147,
				0.033,
				0.25,
				1,
				0.522,
				4.788,
				1.011,
				7,
				1.5,
				7,
				1,
				2,
				7,
				2.5,
				5.484,
				3,
				0,
				1,
				3.5,
				-5.484,
				4,
				-10,
				4.5,
				-10,
				1,
				4.989,
				-10,
				5.478,
				-6.814,
				5.967,
				-0.315,
				1,
				5.978,
				-0.167,
				5.989,
				0,
				6,
				0
			]
		},
		{
			"Target": "Parameter",
			"Id": "Param_Angle_Rotation140",
			"Segments": [
				0,
				-2.6,
				1,
				0.011,
				-2.6,
				0.022,
				-2.554,
				0.033,
				-2.465,
				1,
				0.189,
				-1.215,
				0.344,
				0.253,
				0.5,
				1.284,
				1,
				1,
				4.598,
				1.5,
				6,
				2,
				6,
				1,
				2.5,
				6,
				3,
				4.989,
				3.5,
				0,
				1,
				4,
				-4.989,
				4.5,
				-10,
				5,
				-10,
				1,
				5.333,
				-10,
				5.667,
				-6.917,
				6,
				-2.6
			]
		},
		{
			"Target": "Parameter",
			"Id": "Param_Angle_Rotation160",
			"Segments": [
				0,
				-7.41,
				1,
				0.011,
				-7.41,
				0.022,
				-7.185,
				0.033,
				-7.096,
				1,
				0.333,
				-4.682,
				0.633,
				-2.322,
				0.933,
				0,
				1,
				1.456,
				4.042,
				1.978,
				6,
				2.5,
				6,
				1,
				3,
				6,
				3.5,
				4.989,
				4,
				0,
				1,
				4.5,
				-4.989,
				5,
				-10,
				5.5,
				-10,
				1,
				5.667,
				-10,
				5.833,
				-9.567,
				6,
				-7.41
			]
		},
		{
			"Target": "Parameter",
			"Id": "Param_Angle_Rotation161",
			"Segments": [
				0,
				0,
				1,
				0.011,
				0,
				0.022,
				-0.897,
				0.033,
				-1.035,
				1,
				0.522,
				-7.11,
				1.011,
				-10,
				1.5,
				-10,
				1,
				2,
				-10,
				2.5,
				-7.269,
				3,
				0,
				1,
				3.5,
				7.269,
				4,
				12,
				4.5,
				12,
				1,
				4.989,
				12,
				5.478,
				8.244,
				5.967,
				0.498,
				1,
				5.978,
				0.322,
				5.989,
				0,
				6,
				0
			]
		},
		{
			"Target": "Parameter",
			"Id": "Param_Angle_Rotation162",
			"Segments": [
				0,
				2.85,
				1,
				0.011,
				2.85,
				0.022,
				2.734,
				0.033,
				2.598,
				1,
				0.167,
				0.966,
				0.3,
				-0.999,
				0.433,
				-2.222,
				1,
				0.956,
				-7.013,
				1.478,
				-9,
				2,
				-9,
				1,
				2.5,
				-9,
				3,
				-6.597,
				3.5,
				0,
				1,
				4,
				6.597,
				4.5,
				11,
				5,
				11,
				1,
				5.333,
				11,
				5.667,
				7.594,
				6,
				2.85
			]
		},
		{
			"Target": "Parameter",
			"Id": "Param_Angle_Rotation163",
			"Segments": [
				0,
				8.89,
				1,
				0.011,
				8.89,
				0.022,
				8.876,
				0.033,
				8.755,
				1,
				0.333,
				5.488,
				0.633,
				1.658,
				0.933,
				-1.173,
				1,
				1.456,
				-6.1,
				1.978,
				-8,
				2.5,
				-8,
				1,
				3,
				-8,
				3.5,
				-6.387,
				4,
				0,
				1,
				4.5,
				6.387,
				5,
				12,
				5.5,
				12,
				1,
				5.667,
				12,
				5.833,
				11.477,
				6,
				8.89
			]
		},
		{
			"Target": "Parameter",
			"Id": "Param_Angle_Rotation168",
			"Segments": [
				0,
				0,
				1,
				0.011,
				0,
				0.022,
				0.255,
				0.033,
				0.372,
				1,
				0.522,
				5.516,
				1.011,
				8,
				1.5,
				8,
				1,
				2,
				8,
				2.5,
				4.977,
				3,
				0,
				1,
				3.5,
				-4.977,
				4,
				-7,
				4.5,
				-7,
				1,
				4.989,
				-7,
				5.478,
				-4.788,
				5.967,
				-0.25,
				1,
				5.978,
				-0.147,
				5.989,
				0,
				6,
				0
			]
		},
		{
			"Target": "Parameter",
			"Id": "Param_Angle_Rotation169",
			"Segments": [
				0,
				-2.08,
				1,
				0.011,
				-2.08,
				0.022,
				-1.99,
				0.033,
				-1.894,
				1,
				0.144,
				-0.929,
				0.256,
				-0.02,
				0.367,
				0.938,
				1,
				0.911,
				5.632,
				1.456,
				8,
				2,
				8,
				1,
				2.5,
				8,
				3,
				5.333,
				3.5,
				0,
				1,
				4,
				-5.333,
				4.5,
				-8,
				5,
				-8,
				1,
				5.333,
				-8,
				5.667,
				-5.536,
				6,
				-2.08
			]
		},
		{
			"Target": "Parameter",
			"Id": "Param_Angle_Rotation170",
			"Segments": [
				0,
				-5.18,
				1,
				0.011,
				-5.18,
				0.022,
				-5.02,
				0.033,
				-4.934,
				1,
				0.289,
				-2.957,
				0.544,
				-1.194,
				0.8,
				0.88,
				1,
				1.367,
				5.477,
				1.933,
				8,
				2.5,
				8,
				1,
				3,
				8,
				3.5,
				4.977,
				4,
				0,
				1,
				4.5,
				-4.977,
				5,
				-7,
				5.5,
				-7,
				1,
				5.667,
				-7,
				5.833,
				-6.692,
				6,
				-5.18
			]
		},
		{
			"Target": "Parameter",
			"Id": "Param_Angle_Rotation171",
			"Segments": [
				0,
				-7,
				1,
				0.5,
				-7,
				1,
				-4.977,
				1.5,
				0,
				1,
				2,
				4.977,
				2.5,
				8,
				3,
				8,
				1,
				3.5,
				8,
				4,
				4.977,
				4.5,
				0,
				1,
				5,
				-4.977,
				5.5,
				-7,
				6,
				-7
			]
		},
		{
			"Target": "Parameter",
			"Id": "Param_Angle_Rotation172",
			"Segments": [
				0,
				0,
				1,
				0.011,
				0,
				0.022,
				-0.255,
				0.033,
				-0.372,
				1,
				0.522,
				-5.516,
				1.011,
				-8,
				1.5,
				-8,
				1,
				2,
				-8,
				2.5,
				-4.977,
				3,
				0,
				1,
				3.5,
				4.977,
				4,
				7,
				4.5,
				7,
				1,
				4.989,
				7,
				5.478,
				4.788,
				5.967,
				0.25,
				1,
				5.978,
				0.147,
				5.989,
				0,
				6,
				0
			]
		},
		{
			"Target": "Parameter",
			"Id": "Param_Angle_Rotation173",
			"Segments": [
				0,
				1.82,
				1,
				0.011,
				1.82,
				0.022,
				1.807,
				0.033,
				1.7,
				1,
				0.167,
				0.418,
				0.3,
				-0.938,
				0.433,
				-2.256,
				1,
				0.956,
				-7.419,
				1.478,
				-10,
				2,
				-10,
				1,
				2.5,
				-10,
				3,
				-5.484,
				3.5,
				0,
				1,
				4,
				5.484,
				4.5,
				7,
				5,
				7,
				1,
				5.333,
				7,
				5.667,
				4.844,
				6,
				1.82
			]
		},
		{
			"Target": "Parameter",
			"Id": "Param_Angle_Rotation174",
			"Segments": [
				0,
				5.92,
				1,
				0.011,
				5.92,
				0.022,
				5.83,
				0.033,
				5.734,
				1,
				0.344,
				3.032,
				0.656,
				0.394,
				0.967,
				-2.309,
				1,
				1.478,
				-6.748,
				1.989,
				-9,
				2.5,
				-9,
				1,
				3,
				-9,
				3.5,
				-5.646,
				4,
				0,
				1,
				4.5,
				5.646,
				5,
				8,
				5.5,
				8,
				1,
				5.667,
				8,
				5.833,
				7.648,
				6,
				5.92
			]
		},
		{
			"Target": "Parameter",
			"Id": "Param_Angle_Rotation175",
			"Segments": [
				0,
				8,
				1,
				0.5,
				8,
				1,
				5.646,
				1.5,
				0,
				1,
				2,
				-5.646,
				2.5,
				-9,
				3,
				-9,
				1,
				3.5,
				-9,
				4,
				-5.646,
				4.5,
				0,
				1,
				5,
				5.646,
				5.5,
				8,
				6,
				8
			]
		}
	]
}