{
	"Version": 3,
	"Parameters": [
		{
			"Id": "ParamEff1",
			"GroupId": "ParamGroup",
			"Name": "エフェクト1"
		},
		{
			"Id": "ParamEff2",
			"GroupId": "ParamGroup",
			"Name": "エフェクト2"
		},
		{
			"Id": "ParamEff3",
			"GroupId": "ParamGroup",
			"Name": "エフェクト3"
		},
		{
			"Id": "ParamEff4",
			"GroupId": "ParamGroup",
			"Name": "エフェクト4"
		},
		{
			"Id": "ParamEff5",
			"GroupId": "ParamGroup",
			"Name": "エフェクト5"
		},
		{
			"Id": "ParamEff6",
			"GroupId": "ParamGroup",
			"Name": "エフェクト6"
		},
		{
			"Id": "ParamEff7",
			"GroupId": "ParamGroup",
			"Name": "エフェクト7"
		},
		{
			"Id": "ParamEff8",
			"GroupId": "ParamGroup",
			"Name": "エフェクト8"
		},
		{
			"Id": "ParamEff9",
			"GroupId": "ParamGroup",
			"Name": "エフェクト9"
		},
		{
			"Id": "ParamEff10",
			"GroupId": "ParamGroup",
			"Name": "エフェクト10"
		},
		{
			"Id": "ParamEff11",
			"GroupId": "ParamGroup",
			"Name": "エフェクト11"
		},
		{
			"Id": "ParamEff12",
			"GroupId": "ParamGroup",
			"Name": "エフェクト12"
		},
		{
			"Id": "ParamEff13",
			"GroupId": "ParamGroup",
			"Name": "エフェクト13"
		},
		{
			"Id": "ParamEff14",
			"GroupId": "ParamGroup",
			"Name": "エフェクト14"
		},
		{
			"Id": "ParamEff15",
			"GroupId": "ParamGroup",
			"Name": "エフェクト15"
		},
		{
			"Id": "ParamEff16",
			"GroupId": "ParamGroup",
			"Name": "エフェクト16"
		},
		{
			"Id": "ParamEff17",
			"GroupId": "ParamGroup",
			"Name": "エフェクト17"
		},
		{
			"Id": "ParamEff18",
			"GroupId": "ParamGroup",
			"Name": "エフェクト18"
		},
		{
			"Id": "ParamEff19",
			"GroupId": "ParamGroup",
			"Name": "エフェクト19"
		},
		{
			"Id": "ParamEff20",
			"GroupId": "ParamGroup",
			"Name": "エフェクト20"
		},
		{
			"Id": "ParamEff21",
			"GroupId": "ParamGroup",
			"Name": "エフェクト21"
		},
		{
			"Id": "ParamEff22",
			"GroupId": "ParamGroup",
			"Name": "エフェクト22"
		},
		{
			"Id": "ParamEff23",
			"GroupId": "ParamGroup",
			"Name": "エフェクト23"
		},
		{
			"Id": "ParamEff24",
			"GroupId": "ParamGroup",
			"Name": "エフェクト24"
		},
		{
			"Id": "ParamEff25",
			"GroupId": "ParamGroup",
			"Name": "エフェクト25"
		},
		{
			"Id": "ParamEff26",
			"GroupId": "ParamGroup",
			"Name": "エフェクト26"
		},
		{
			"Id": "ParamEff27",
			"GroupId": "ParamGroup",
			"Name": "エフェクト27"
		},
		{
			"Id": "ParamEff28",
			"GroupId": "ParamGroup",
			"Name": "エフェクト28"
		},
		{
			"Id": "ParamEff29",
			"GroupId": "ParamGroup",
			"Name": "エフェクト29"
		},
		{
			"Id": "ParamEff30",
			"GroupId": "ParamGroup",
			"Name": "エフェクト30"
		},
		{
			"Id": "ParamEff31",
			"GroupId": "ParamGroup",
			"Name": "エフェクト31"
		},
		{
			"Id": "ParamEff32",
			"GroupId": "ParamGroup",
			"Name": "エフェクト32"
		},
		{
			"Id": "ParamEff33",
			"GroupId": "ParamGroup",
			"Name": "エフェクト33"
		},
		{
			"Id": "ParamPachi",
			"GroupId": "ParamGroup2",
			"Name": "目パチ"
		},
		{
			"Id": "ParamLegL1",
			"GroupId": "ParamGroup2",
			"Name": "右太もも"
		},
		{
			"Id": "ParamLegL2",
			"GroupId": "ParamGroup2",
			"Name": "右足"
		},
		{
			"Id": "ParamLegR1",
			"GroupId": "ParamGroup2",
			"Name": "左太もも"
		},
		{
			"Id": "ParamLegR2",
			"GroupId": "ParamGroup2",
			"Name": "左足"
		},
		{
			"Id": "ParamEyeRL",
			"GroupId": "ParamGroup2",
			"Name": "目Hi左右"
		},
		{
			"Id": "ParamEyeUD",
			"GroupId": "ParamGroup2",
			"Name": "目Hi上下"
		},
		{
			"Id": "ParamEyeBS",
			"GroupId": "ParamGroup2",
			"Name": "目Hi大小"
		},
		{
			"Id": "ParamPaiRX",
			"GroupId": "ParamGroup2",
			"Name": "右胸 X"
		},
		{
			"Id": "ParamPaiRY",
			"GroupId": "ParamGroup2",
			"Name": "右胸 Y"
		},
		{
			"Id": "ParamPaiRX2",
			"GroupId": "ParamGroup2",
			"Name": "右胸 X2"
		},
		{
			"Id": "ParamPaiRY2",
			"GroupId": "ParamGroup2",
			"Name": "右胸 Y2"
		},
		{
			"Id": "ParamPaiLY",
			"GroupId": "ParamGroup2",
			"Name": "左胸 Y"
		},
		{
			"Id": "ParamPaiLX",
			"GroupId": "ParamGroup2",
			"Name": "左胸 X"
		},
		{
			"Id": "ParamPaiLY2",
			"GroupId": "ParamGroup2",
			"Name": "左胸 Y2"
		},
		{
			"Id": "ParamPaiLX2",
			"GroupId": "ParamGroup2",
			"Name": "左胸 X2"
		},
		{
			"Id": "ParamBreat",
			"GroupId": "ParamGroup2",
			"Name": "呼吸"
		},
		{
			"Id": "Param_Angle_Rotation",
			"GroupId": "ParamGroup4",
			"Name": "[0]線エフェクト1"
		},
		{
			"Id": "Param_Angle_Rotation2",
			"GroupId": "ParamGroup4",
			"Name": "[1]線エフェクト1"
		},
		{
			"Id": "Param_Angle_Rotation3",
			"GroupId": "ParamGroup4",
			"Name": "[2]線エフェクト1"
		},
		{
			"Id": "Param_Angle_Rotation6",
			"GroupId": "ParamGroup5",
			"Name": "[0]線エフェクト2"
		},
		{
			"Id": "Param_Angle_Rotation7",
			"GroupId": "ParamGroup5",
			"Name": "[1]線エフェクト2"
		},
		{
			"Id": "Param_Angle_Rotation8",
			"GroupId": "ParamGroup5",
			"Name": "[2]線エフェクト2"
		},
		{
			"Id": "Param_Angle_Rotation9",
			"GroupId": "ParamGroup5",
			"Name": "[3]線エフェクト2"
		},
		{
			"Id": "Param_Angle_Rotation10",
			"GroupId": "ParamGroup5",
			"Name": "[4]線エフェクト2"
		},
		{
			"Id": "Param_Angle_Rotation11",
			"GroupId": "ParamGroup6",
			"Name": "[0]線エフェクト4"
		},
		{
			"Id": "Param_Angle_Rotation12",
			"GroupId": "ParamGroup6",
			"Name": "[1]線エフェクト4"
		},
		{
			"Id": "Param_Angle_Rotation13",
			"GroupId": "ParamGroup6",
			"Name": "[2]線エフェクト4"
		},
		{
			"Id": "Param_Angle_Rotation14",
			"GroupId": "ParamGroup6",
			"Name": "[3]線エフェクト4"
		},
		{
			"Id": "Param_Angle_Rotation15",
			"GroupId": "ParamGroup7",
			"Name": "[0]線エフェクト6"
		},
		{
			"Id": "Param_Angle_Rotation16",
			"GroupId": "ParamGroup7",
			"Name": "[1]線エフェクト6"
		},
		{
			"Id": "Param_Angle_Rotation17",
			"GroupId": "ParamGroup7",
			"Name": "[2]線エフェクト6"
		},
		{
			"Id": "Param_Angle_Rotation18",
			"GroupId": "ParamGroup7",
			"Name": "[3]線エフェクト6"
		},
		{
			"Id": "Param_Angle_Rotation19",
			"GroupId": "ParamGroup8",
			"Name": "[0]線エフェクト7"
		},
		{
			"Id": "Param_Angle_Rotation20",
			"GroupId": "ParamGroup8",
			"Name": "[1]線エフェクト7"
		},
		{
			"Id": "Param_Angle_Rotation21",
			"GroupId": "ParamGroup9",
			"Name": "[0]線エフェクト8"
		},
		{
			"Id": "Param_Angle_Rotation22",
			"GroupId": "ParamGroup9",
			"Name": "[1]線エフェクト8"
		},
		{
			"Id": "Param_Angle_Rotation23",
			"GroupId": "ParamGroup9",
			"Name": "[2]線エフェクト8"
		},
		{
			"Id": "Param_Angle_Rotation24",
			"GroupId": "ParamGroup10",
			"Name": "[0]実体エフェクト1"
		},
		{
			"Id": "Param_Angle_Rotation25",
			"GroupId": "ParamGroup10",
			"Name": "[1]実体エフェクト1"
		},
		{
			"Id": "Param_Angle_Rotation26",
			"GroupId": "ParamGroup10",
			"Name": "[2]実体エフェクト1"
		},
		{
			"Id": "Param_Angle_Rotation27",
			"GroupId": "ParamGroup10",
			"Name": "[3]実体エフェクト1"
		},
		{
			"Id": "Param_Angle_Rotation28",
			"GroupId": "ParamGroup11",
			"Name": "[0]実体エフェクト3"
		},
		{
			"Id": "Param_Angle_Rotation29",
			"GroupId": "ParamGroup11",
			"Name": "[1]実体エフェクト3"
		},
		{
			"Id": "Param_Angle_Rotation30",
			"GroupId": "ParamGroup11",
			"Name": "[2]実体エフェクト3"
		},
		{
			"Id": "Param_Angle_Rotation31",
			"GroupId": "ParamGroup11",
			"Name": "[3]実体エフェクト3"
		},
		{
			"Id": "Param_Angle_Rotation32",
			"GroupId": "ParamGroup12",
			"Name": "[0]実体エフェクト4"
		},
		{
			"Id": "Param_Angle_Rotation33",
			"GroupId": "ParamGroup12",
			"Name": "[1]実体エフェクト4"
		},
		{
			"Id": "Param_Angle_Rotation34",
			"GroupId": "ParamGroup12",
			"Name": "[2]実体エフェクト4"
		},
		{
			"Id": "Param_Angle_Rotation35",
			"GroupId": "ParamGroup12",
			"Name": "[3]実体エフェクト4"
		},
		{
			"Id": "Param_Angle_Rotation36",
			"GroupId": "ParamGroup12",
			"Name": "[4]実体エフェクト4"
		},
		{
			"Id": "Param_Angle_Rotation37",
			"GroupId": "ParamGroup13",
			"Name": "[0]実体エフェクト6"
		},
		{
			"Id": "Param_Angle_Rotation38",
			"GroupId": "ParamGroup13",
			"Name": "[1]実体エフェクト6"
		},
		{
			"Id": "Param_Angle_Rotation39",
			"GroupId": "ParamGroup13",
			"Name": "[2]実体エフェクト6"
		},
		{
			"Id": "Param_Angle_Rotation40",
			"GroupId": "ParamGroup13",
			"Name": "[3]実体エフェクト6"
		},
		{
			"Id": "Param_Angle_Rotation41",
			"GroupId": "ParamGroup14",
			"Name": "[0]実体エフェクト7"
		},
		{
			"Id": "Param_Angle_Rotation42",
			"GroupId": "ParamGroup14",
			"Name": "[1]実体エフェクト7"
		},
		{
			"Id": "Param_Angle_Rotation43",
			"GroupId": "ParamGroup14",
			"Name": "[2]実体エフェクト7"
		},
		{
			"Id": "Param_Angle_Rotation44",
			"GroupId": "ParamGroup14",
			"Name": "[3]実体エフェクト7"
		},
		{
			"Id": "Param_Angle_Rotation45",
			"GroupId": "ParamGroup15",
			"Name": "[0]実体エフェクト8"
		},
		{
			"Id": "Param_Angle_Rotation46",
			"GroupId": "ParamGroup15",
			"Name": "[1]実体エフェクト8"
		},
		{
			"Id": "Param_Angle_Rotation47",
			"GroupId": "ParamGroup15",
			"Name": "[2]実体エフェクト8"
		},
		{
			"Id": "Param_Angle_Rotation48",
			"GroupId": "ParamGroup15",
			"Name": "[3]実体エフェクト8"
		},
		{
			"Id": "Param_Angle_Rotation49",
			"GroupId": "ParamGroup16",
			"Name": "[0]実体エフェクト10"
		},
		{
			"Id": "Param_Angle_Rotation50",
			"GroupId": "ParamGroup16",
			"Name": "[1]実体エフェクト10"
		},
		{
			"Id": "Param_Angle_Rotation51",
			"GroupId": "ParamGroup16",
			"Name": "[2]実体エフェクト10"
		},
		{
			"Id": "Param_Angle_Rotation52",
			"GroupId": "ParamGroup17",
			"Name": "[0]実体エフェクト11"
		},
		{
			"Id": "Param_Angle_Rotation53",
			"GroupId": "ParamGroup17",
			"Name": "[1]実体エフェクト11"
		},
		{
			"Id": "Param_Angle_Rotation54",
			"GroupId": "ParamGroup17",
			"Name": "[2]実体エフェクト11"
		},
		{
			"Id": "Param_Angle_Rotation55",
			"GroupId": "ParamGroup18",
			"Name": "[0]実体エフェクト12"
		},
		{
			"Id": "Param_Angle_Rotation56",
			"GroupId": "ParamGroup18",
			"Name": "[1]実体エフェクト12"
		},
		{
			"Id": "Param_Angle_Rotation57",
			"GroupId": "ParamGroup18",
			"Name": "[2]実体エフェクト12"
		},
		{
			"Id": "Param_Angle_Rotation58",
			"GroupId": "ParamGroup19",
			"Name": "[0]実体エフェクト13"
		},
		{
			"Id": "Param_Angle_Rotation59",
			"GroupId": "ParamGroup19",
			"Name": "[1]実体エフェクト13"
		},
		{
			"Id": "Param_Angle_Rotation60",
			"GroupId": "ParamGroup19",
			"Name": "[2]実体エフェクト13"
		},
		{
			"Id": "Param_Angle_Rotation4",
			"GroupId": "ParamGroup20",
			"Name": "[0]実体エフェクト1G"
		},
		{
			"Id": "Param_Angle_Rotation5",
			"GroupId": "ParamGroup20",
			"Name": "[1]実体エフェクト1G"
		},
		{
			"Id": "Param_Angle_Rotation62",
			"GroupId": "ParamGroup20",
			"Name": "[2]実体エフェクト1G"
		},
		{
			"Id": "Param_Angle_Rotation64",
			"GroupId": "ParamGroup21",
			"Name": "[0]実体エフェクト2G"
		},
		{
			"Id": "Param_Angle_Rotation65",
			"GroupId": "ParamGroup21",
			"Name": "[1]実体エフェクト2G"
		},
		{
			"Id": "Param_Angle_Rotation66",
			"GroupId": "ParamGroup21",
			"Name": "[2]実体エフェクト2G"
		},
		{
			"Id": "Param_Angle_Rotation67",
			"GroupId": "ParamGroup21",
			"Name": "[3]実体エフェクト2G"
		},
		{
			"Id": "Param_Angle_Rotation68",
			"GroupId": "ParamGroup21",
			"Name": "[4]実体エフェクト2G"
		},
		{
			"Id": "Param_Angle_Rotation69",
			"GroupId": "ParamGroup22",
			"Name": "[0]実体エフェクト3G"
		},
		{
			"Id": "Param_Angle_Rotation70",
			"GroupId": "ParamGroup22",
			"Name": "[1]実体エフェクト3G"
		},
		{
			"Id": "Param_Angle_Rotation71",
			"GroupId": "ParamGroup22",
			"Name": "[2]実体エフェクト3G"
		},
		{
			"Id": "Param_Angle_Rotation72",
			"GroupId": "ParamGroup22",
			"Name": "[3]実体エフェクト3G"
		},
		{
			"Id": "Param_Angle_Rotation73",
			"GroupId": "ParamGroup22",
			"Name": "[4]実体エフェクト3G"
		},
		{
			"Id": "Param_Angle_Rotation74",
			"GroupId": "ParamGroup23",
			"Name": "[0]実体エフェクト4G"
		},
		{
			"Id": "Param_Angle_Rotation75",
			"GroupId": "ParamGroup23",
			"Name": "[1]実体エフェクト4G"
		},
		{
			"Id": "Param_Angle_Rotation76",
			"GroupId": "ParamGroup23",
			"Name": "[2]実体エフェクト4G"
		},
		{
			"Id": "Param_Angle_Rotation77",
			"GroupId": "ParamGroup24",
			"Name": "[0]実体エフェクト5G"
		},
		{
			"Id": "Param_Angle_Rotation78",
			"GroupId": "ParamGroup24",
			"Name": "[1]実体エフェクト5G"
		},
		{
			"Id": "Param_Angle_Rotation79",
			"GroupId": "ParamGroup24",
			"Name": "[2]実体エフェクト5G"
		},
		{
			"Id": "Param_Angle_Rotation80",
			"GroupId": "ParamGroup24",
			"Name": "[3]実体エフェクト5G"
		},
		{
			"Id": "Param_Angle_Rotation81",
			"GroupId": "ParamGroup24",
			"Name": "[4]実体エフェクト5G"
		},
		{
			"Id": "Param_Angle_Rotation82",
			"GroupId": "ParamGroup25",
			"Name": "[0]髪中央"
		},
		{
			"Id": "Param_Angle_Rotation83",
			"GroupId": "ParamGroup25",
			"Name": "[1]髪中央"
		},
		{
			"Id": "Param_Angle_Rotation84",
			"GroupId": "ParamGroup25",
			"Name": "[2]髪中央"
		},
		{
			"Id": "Param_Angle_Rotation86",
			"GroupId": "ParamGroup26",
			"Name": "[0]髪右"
		},
		{
			"Id": "Param_Angle_Rotation87",
			"GroupId": "ParamGroup26",
			"Name": "[1]髪右"
		},
		{
			"Id": "Param_Angle_Rotation88",
			"GroupId": "ParamGroup26",
			"Name": "[2]髪右"
		},
		{
			"Id": "Param_Angle_Rotation90",
			"GroupId": "ParamGroup27",
			"Name": "[0]髪上小"
		},
		{
			"Id": "Param_Angle_Rotation91",
			"GroupId": "ParamGroup27",
			"Name": "[1]髪上小"
		},
		{
			"Id": "Param_Angle_Rotation93",
			"GroupId": "ParamGroup28",
			"Name": "[0]髪上大"
		},
		{
			"Id": "Param_Angle_Rotation94",
			"GroupId": "ParamGroup28",
			"Name": "[1]髪上大"
		},
		{
			"Id": "Param_Angle_Rotation95",
			"GroupId": "ParamGroup28",
			"Name": "[2]髪上大"
		},
		{
			"Id": "Param_Angle_Rotation98",
			"GroupId": "ParamGroup29",
			"Name": "[0]髪左"
		},
		{
			"Id": "Param_Angle_Rotation99",
			"GroupId": "ParamGroup29",
			"Name": "[1]髪左"
		},
		{
			"Id": "Param_Angle_Rotation100",
			"GroupId": "ParamGroup29",
			"Name": "[2]髪左"
		},
		{
			"Id": "Param_Angle_Rotation101",
			"GroupId": "ParamGroup30",
			"Name": "[0]髪左"
		},
		{
			"Id": "Param_Angle_Rotation102",
			"GroupId": "ParamGroup30",
			"Name": "[1]髪左"
		},
		{
			"Id": "Param_Angle_Rotation103",
			"GroupId": "ParamGroup30",
			"Name": "[2]髪左"
		},
		{
			"Id": "Param_Angle_Rotation106",
			"GroupId": "ParamGroup31",
			"Name": "[0]髪右もみあげ"
		},
		{
			"Id": "Param_Angle_Rotation107",
			"GroupId": "ParamGroup31",
			"Name": "[1]髪右もみあげ"
		},
		{
			"Id": "Param_Angle_Rotation108",
			"GroupId": "ParamGroup31",
			"Name": "[2]髪右もみあげ"
		},
		{
			"Id": "Param_Angle_Rotation109",
			"GroupId": "ParamGroup31",
			"Name": "[3]髪右もみあげ"
		},
		{
			"Id": "Param_Angle_Rotation111",
			"GroupId": "ParamGroup32",
			"Name": "[0]後髪1"
		},
		{
			"Id": "Param_Angle_Rotation112",
			"GroupId": "ParamGroup32",
			"Name": "[1]後髪1"
		},
		{
			"Id": "Param_Angle_Rotation113",
			"GroupId": "ParamGroup32",
			"Name": "[2]後髪1"
		},
		{
			"Id": "Param_Angle_Rotation114",
			"GroupId": "ParamGroup32",
			"Name": "[3]後髪1"
		},
		{
			"Id": "Param_Angle_Rotation115",
			"GroupId": "ParamGroup32",
			"Name": "[4]後髪1"
		},
		{
			"Id": "Param_Angle_Rotation116",
			"GroupId": "ParamGroup32",
			"Name": "[5]後髪1"
		},
		{
			"Id": "Param_Angle_Rotation118",
			"GroupId": "ParamGroup33",
			"Name": "[0]後髪2"
		},
		{
			"Id": "Param_Angle_Rotation119",
			"GroupId": "ParamGroup33",
			"Name": "[1]後髪2"
		},
		{
			"Id": "Param_Angle_Rotation120",
			"GroupId": "ParamGroup33",
			"Name": "[2]後髪2"
		},
		{
			"Id": "Param_Angle_Rotation121",
			"GroupId": "ParamGroup33",
			"Name": "[3]後髪2"
		},
		{
			"Id": "Param_Angle_Rotation122",
			"GroupId": "ParamGroup33",
			"Name": "[4]後髪2"
		},
		{
			"Id": "Param_Angle_Rotation123",
			"GroupId": "ParamGroup33",
			"Name": "[5]後髪2"
		},
		{
			"Id": "Param_Angle_Rotation126",
			"GroupId": "ParamGroup34",
			"Name": "[0]後髪3"
		},
		{
			"Id": "Param_Angle_Rotation127",
			"GroupId": "ParamGroup34",
			"Name": "[1]後髪3"
		},
		{
			"Id": "Param_Angle_Rotation128",
			"GroupId": "ParamGroup34",
			"Name": "[2]後髪3"
		},
		{
			"Id": "Param_Angle_Rotation129",
			"GroupId": "ParamGroup34",
			"Name": "[3]後髪3"
		},
		{
			"Id": "Param_Angle_Rotation130",
			"GroupId": "ParamGroup34",
			"Name": "[4]後髪3"
		},
		{
			"Id": "Param_Angle_Rotation134",
			"GroupId": "ParamGroup35",
			"Name": "[0]後髪4"
		},
		{
			"Id": "Param_Angle_Rotation135",
			"GroupId": "ParamGroup35",
			"Name": "[1]後髪4"
		},
		{
			"Id": "Param_Angle_Rotation136",
			"GroupId": "ParamGroup35",
			"Name": "[2]後髪4"
		},
		{
			"Id": "Param_Angle_Rotation137",
			"GroupId": "ParamGroup35",
			"Name": "[3]後髪4"
		},
		{
			"Id": "Param_Angle_Rotation138",
			"GroupId": "ParamGroup35",
			"Name": "[4]後髪4"
		},
		{
			"Id": "Param_Angle_Rotation139",
			"GroupId": "ParamGroup35",
			"Name": "[5]後髪4"
		},
		{
			"Id": "Param_Angle_Rotation142",
			"GroupId": "ParamGroup36",
			"Name": "[0]後髪5"
		},
		{
			"Id": "Param_Angle_Rotation143",
			"GroupId": "ParamGroup36",
			"Name": "[1]後髪5"
		},
		{
			"Id": "Param_Angle_Rotation144",
			"GroupId": "ParamGroup36",
			"Name": "[2]後髪5"
		},
		{
			"Id": "Param_Angle_Rotation145",
			"GroupId": "ParamGroup36",
			"Name": "[3]後髪5"
		},
		{
			"Id": "Param_Angle_Rotation146",
			"GroupId": "ParamGroup36",
			"Name": "[4]後髪5"
		},
		{
			"Id": "Param_Angle_Rotation148",
			"GroupId": "ParamGroup37",
			"Name": "[0]後髪6"
		},
		{
			"Id": "Param_Angle_Rotation149",
			"GroupId": "ParamGroup37",
			"Name": "[1]後髪6"
		},
		{
			"Id": "Param_Angle_Rotation150",
			"GroupId": "ParamGroup37",
			"Name": "[2]後髪6"
		},
		{
			"Id": "Param_Angle_Rotation152",
			"GroupId": "ParamGroup38",
			"Name": "[0]後髪7"
		},
		{
			"Id": "Param_Angle_Rotation153",
			"GroupId": "ParamGroup38",
			"Name": "[1]後髪7"
		},
		{
			"Id": "Param_Angle_Rotation154",
			"GroupId": "ParamGroup38",
			"Name": "[2]後髪7"
		},
		{
			"Id": "Param_Angle_Rotation155",
			"GroupId": "ParamGroup38",
			"Name": "[3]後髪7"
		},
		{
			"Id": "Param_Angle_Rotation156",
			"GroupId": "ParamGroup39",
			"Name": "[0]後髪8"
		},
		{
			"Id": "Param_Angle_Rotation157",
			"GroupId": "ParamGroup39",
			"Name": "[1]後髪8"
		},
		{
			"Id": "Param_Angle_Rotation158",
			"GroupId": "ParamGroup39",
			"Name": "[2]後髪8"
		},
		{
			"Id": "Param_Angle_Rotation159",
			"GroupId": "ParamGroup39",
			"Name": "[3]後髪8"
		},
		{
			"Id": "Param_Angle_Rotation104",
			"GroupId": "ParamGroup40",
			"Name": "[0]髪左もみあげ"
		},
		{
			"Id": "Param_Angle_Rotation124",
			"GroupId": "ParamGroup40",
			"Name": "[1]髪左もみあげ"
		},
		{
			"Id": "Param_Angle_Rotation131",
			"GroupId": "ParamGroup40",
			"Name": "[2]髪左もみあげ"
		},
		{
			"Id": "Param_Angle_Rotation164",
			"GroupId": "ParamGroup41",
			"Name": "[0]髪左もみあげ"
		},
		{
			"Id": "Param_Angle_Rotation165",
			"GroupId": "ParamGroup41",
			"Name": "[1]髪左もみあげ"
		},
		{
			"Id": "Param_Angle_Rotation166",
			"GroupId": "ParamGroup41",
			"Name": "[2]髪左もみあげ"
		},
		{
			"Id": "Param_Angle_Rotation167",
			"GroupId": "ParamGroup41",
			"Name": "[3]髪左もみあげ"
		},
		{
			"Id": "Param_Angle_Rotation132",
			"GroupId": "ParamGroup42",
			"Name": "[0]胸リボン1"
		},
		{
			"Id": "Param_Angle_Rotation140",
			"GroupId": "ParamGroup42",
			"Name": "[1]胸リボン1"
		},
		{
			"Id": "Param_Angle_Rotation160",
			"GroupId": "ParamGroup42",
			"Name": "[2]胸リボン1"
		},
		{
			"Id": "Param_Angle_Rotation161",
			"GroupId": "ParamGroup43",
			"Name": "[0]胸リボン3"
		},
		{
			"Id": "Param_Angle_Rotation162",
			"GroupId": "ParamGroup43",
			"Name": "[1]胸リボン3"
		},
		{
			"Id": "Param_Angle_Rotation163",
			"GroupId": "ParamGroup43",
			"Name": "[2]胸リボン3"
		},
		{
			"Id": "Param_Angle_Rotation168",
			"GroupId": "ParamGroup44",
			"Name": "[0]胸リボン4"
		},
		{
			"Id": "Param_Angle_Rotation169",
			"GroupId": "ParamGroup44",
			"Name": "[1]胸リボン4"
		},
		{
			"Id": "Param_Angle_Rotation170",
			"GroupId": "ParamGroup44",
			"Name": "[2]胸リボン4"
		},
		{
			"Id": "Param_Angle_Rotation171",
			"GroupId": "ParamGroup44",
			"Name": "[3]胸リボン4"
		},
		{
			"Id": "Param_Angle_Rotation172",
			"GroupId": "ParamGroup45",
			"Name": "[0]胸リボン5"
		},
		{
			"Id": "Param_Angle_Rotation173",
			"GroupId": "ParamGroup45",
			"Name": "[1]胸リボン5"
		},
		{
			"Id": "Param_Angle_Rotation174",
			"GroupId": "ParamGroup45",
			"Name": "[2]胸リボン5"
		},
		{
			"Id": "Param_Angle_Rotation175",
			"GroupId": "ParamGroup45",
			"Name": "[3]胸リボン5"
		}
	],
	"ParameterGroups": [
		{
			"Id": "ParamGroup",
			"GroupId": "",
			"Name": "エフェクト"
		},
		{
			"Id": "ParamGroup2",
			"GroupId": "",
			"Name": "URアニメーション"
		},
		{
			"Id": "ParamGroup3",
			"GroupId": "",
			"Name": "追加"
		},
		{
			"Id": "ParamGroup4",
			"GroupId": "",
			"Name": "線エフェクト1"
		},
		{
			"Id": "ParamGroup5",
			"GroupId": "",
			"Name": "線エフェクト2"
		},
		{
			"Id": "ParamGroup6",
			"GroupId": "",
			"Name": "線エフェクト4"
		},
		{
			"Id": "ParamGroup7",
			"GroupId": "",
			"Name": "線エフェクト6"
		},
		{
			"Id": "ParamGroup8",
			"GroupId": "",
			"Name": "線エフェクト7"
		},
		{
			"Id": "ParamGroup9",
			"GroupId": "",
			"Name": "線エフェクト8"
		},
		{
			"Id": "ParamGroup10",
			"GroupId": "",
			"Name": "実体エフェクト1"
		},
		{
			"Id": "ParamGroup11",
			"GroupId": "",
			"Name": "実体エフェクト3"
		},
		{
			"Id": "ParamGroup12",
			"GroupId": "",
			"Name": "実体エフェクト4"
		},
		{
			"Id": "ParamGroup13",
			"GroupId": "",
			"Name": "実体エフェクト6"
		},
		{
			"Id": "ParamGroup14",
			"GroupId": "",
			"Name": "実体エフェクト7"
		},
		{
			"Id": "ParamGroup15",
			"GroupId": "",
			"Name": "実体エフェクト8"
		},
		{
			"Id": "ParamGroup16",
			"GroupId": "",
			"Name": "実体エフェクト10"
		},
		{
			"Id": "ParamGroup17",
			"GroupId": "",
			"Name": "実体エフェクト11"
		},
		{
			"Id": "ParamGroup18",
			"GroupId": "",
			"Name": "実体エフェクト12"
		},
		{
			"Id": "ParamGroup19",
			"GroupId": "",
			"Name": "実体エフェクト13"
		},
		{
			"Id": "ParamGroup20",
			"GroupId": "",
			"Name": "実体エフェクト1G"
		},
		{
			"Id": "ParamGroup21",
			"GroupId": "",
			"Name": "実体エフェクト2G"
		},
		{
			"Id": "ParamGroup22",
			"GroupId": "",
			"Name": "実体エフェクト3G"
		},
		{
			"Id": "ParamGroup23",
			"GroupId": "",
			"Name": "実体エフェクト4G"
		},
		{
			"Id": "ParamGroup24",
			"GroupId": "",
			"Name": "実体エフェクト5G"
		},
		{
			"Id": "ParamGroup25",
			"GroupId": "",
			"Name": "髪中央"
		},
		{
			"Id": "ParamGroup26",
			"GroupId": "",
			"Name": "髪右"
		},
		{
			"Id": "ParamGroup27",
			"GroupId": "",
			"Name": "髪上小"
		},
		{
			"Id": "ParamGroup28",
			"GroupId": "",
			"Name": "髪上大"
		},
		{
			"Id": "ParamGroup29",
			"GroupId": "",
			"Name": "髪左"
		},
		{
			"Id": "ParamGroup30",
			"GroupId": "",
			"Name": "髪左"
		},
		{
			"Id": "ParamGroup31",
			"GroupId": "",
			"Name": "髪右もみあげ"
		},
		{
			"Id": "ParamGroup32",
			"GroupId": "",
			"Name": "後髪1"
		},
		{
			"Id": "ParamGroup33",
			"GroupId": "",
			"Name": "後髪2"
		},
		{
			"Id": "ParamGroup34",
			"GroupId": "",
			"Name": "後髪3"
		},
		{
			"Id": "ParamGroup35",
			"GroupId": "",
			"Name": "後髪4"
		},
		{
			"Id": "ParamGroup36",
			"GroupId": "",
			"Name": "後髪5"
		},
		{
			"Id": "ParamGroup37",
			"GroupId": "",
			"Name": "後髪6"
		},
		{
			"Id": "ParamGroup38",
			"GroupId": "",
			"Name": "後髪7"
		},
		{
			"Id": "ParamGroup39",
			"GroupId": "",
			"Name": "後髪8"
		},
		{
			"Id": "ParamGroup40",
			"GroupId": "",
			"Name": "髪左もみあげ1"
		},
		{
			"Id": "ParamGroup41",
			"GroupId": "",
			"Name": "髪左もみあげ2"
		},
		{
			"Id": "ParamGroup42",
			"GroupId": "",
			"Name": "胸リボン2"
		},
		{
			"Id": "ParamGroup43",
			"GroupId": "",
			"Name": "胸リボン3"
		},
		{
			"Id": "ParamGroup44",
			"GroupId": "",
			"Name": "胸リボン4"
		},
		{
			"Id": "ParamGroup45",
			"GroupId": "",
			"Name": "胸リボン5"
		},
		{
			"Id": "ParamGroup46",
			"GroupId": "",
			"Name": "実体エフェクト6"
		},
		{
			"Id": "ParamGroup47",
			"GroupId": "",
			"Name": "実体エフェクト11"
		}
	],
	"Parts": [
		{
			"Id": "Part21",
			"Name": "1920x1440.psd"
		},
		{
			"Id": "Part",
			"Name": "光"
		},
		{
			"Id": "Part9",
			"Name": "エフェクト上"
		},
		{
			"Id": "Part13",
			"Name": "体"
		},
		{
			"Id": "Part17",
			"Name": "エフェクト下"
		},
		{
			"Id": "Part20",
			"Name": "背景"
		},
		{
			"Id": "Part2",
			"Name": "1"
		},
		{
			"Id": "Part3",
			"Name": "2"
		},
		{
			"Id": "Part4",
			"Name": "3"
		},
		{
			"Id": "Part5",
			"Name": "4"
		},
		{
			"Id": "Part6",
			"Name": "5"
		},
		{
			"Id": "Part7",
			"Name": "6"
		},
		{
			"Id": "Part8",
			"Name": "7"
		},
		{
			"Id": "Part10",
			"Name": "線エフェクト"
		},
		{
			"Id": "Part11",
			"Name": "エフェクト"
		},
		{
			"Id": "Part12",
			"Name": "実体エフェクト"
		},
		{
			"Id": "Part14",
			"Name": "髪など"
		},
		{
			"Id": "ArtMesh69_Skinning",
			"Name": "髪左もみあげ1(スキニング)"
		},
		{
			"Id": "ArtMesh70_Skinning",
			"Name": "髪左もみあげ2(スキニング)"
		},
		{
			"Id": "Part15",
			"Name": "胴体"
		},
		{
			"Id": "Part16",
			"Name": "後髪"
		},
		{
			"Id": "Part18",
			"Name": "エフェクト"
		},
		{
			"Id": "Part19",
			"Name": "実体エフェクト"
		},
		{
			"Id": "ArtMesh24_Skinning3",
			"Name": "線エフェクト1(スキニング)"
		},
		{
			"Id": "ArtMesh24_Skinning2",
			"Name": "線エフェクト1(スキニング)"
		},
		{
			"Id": "ArtMesh24_Skinning",
			"Name": "線エフェクト1(スキニング)"
		},
		{
			"Id": "ArtMesh25_Skinning",
			"Name": "線エフェクト2(スキニング)"
		},
		{
			"Id": "ArtMesh27_Skinning",
			"Name": "線エフェクト4(スキニング)"
		},
		{
			"Id": "ArtMesh29_Skinning",
			"Name": "線エフェクト6(スキニング)"
		},
		{
			"Id": "ArtMesh30_Skinning",
			"Name": "線エフェクト7(スキニング)"
		},
		{
			"Id": "ArtMesh31_Skinning",
			"Name": "線エフェクト8(スキニング)"
		},
		{
			"Id": "ArtMesh43_Skinning",
			"Name": "実体エフェクト1(スキニング)"
		},
		{
			"Id": "ArtMesh45_Skinning",
			"Name": "実体エフェクト3(スキニング)"
		},
		{
			"Id": "ArtMesh46_Skinning",
			"Name": "実体エフェクト4(スキニング)"
		},
		{
			"Id": "ArtMesh48_Skinning2",
			"Name": "実体エフェクト6(スキニング)"
		},
		{
			"Id": "ArtMesh48_Skinning",
			"Name": "実体エフェクト6(スキニング)"
		},
		{
			"Id": "ArtMesh49_Skinning",
			"Name": "実体エフェクト7(スキニング)"
		},
		{
			"Id": "ArtMesh50_Skinning",
			"Name": "実体エフェクト8(スキニング)"
		},
		{
			"Id": "ArtMesh52_Skinning",
			"Name": "実体エフェクト10(スキニング)"
		},
		{
			"Id": "ArtMesh53_Skinning2",
			"Name": "実体エフェクト11(スキニング)"
		},
		{
			"Id": "ArtMesh53_Skinning",
			"Name": "実体エフェクト11(スキニング)"
		},
		{
			"Id": "ArtMesh54_Skinning",
			"Name": "実体エフェクト12(スキニング)"
		},
		{
			"Id": "ArtMesh55_Skinning",
			"Name": "実体エフェクト13(スキニング)"
		},
		{
			"Id": "ArtMesh57_Skinning",
			"Name": "髪中央(スキニング)"
		},
		{
			"Id": "ArtMesh59_Skinning",
			"Name": "髪右(スキニング)"
		},
		{
			"Id": "ArtMesh60_Skinning",
			"Name": "髪上小(スキニング)"
		},
		{
			"Id": "ArtMesh61_Skinning",
			"Name": "髪上大(スキニング)"
		},
		{
			"Id": "ArtMesh62_Skinning",
			"Name": "髪左1(スキニング)"
		},
		{
			"Id": "ArtMesh63_Skinning",
			"Name": "髪左2(スキニング)"
		},
		{
			"Id": "ArtMesh64_Skinning",
			"Name": "髪右もみあげ(スキニング)"
		},
		{
			"Id": "ArtMesh74_Skinning",
			"Name": "胸リボン2(スキニング)"
		},
		{
			"Id": "ArtMesh75_Skinning",
			"Name": "胸リボン3(スキニング)"
		},
		{
			"Id": "ArtMesh76_Skinning",
			"Name": "胸リボン4(スキニング)"
		},
		{
			"Id": "ArtMesh77_Skinning",
			"Name": "胸リボン5(スキニング)"
		},
		{
			"Id": "ArtMesh83_Skinning",
			"Name": "後髪1(スキニング)"
		},
		{
			"Id": "ArtMesh84_Skinning",
			"Name": "後髪2(スキニング)"
		},
		{
			"Id": "ArtMesh85_Skinning",
			"Name": "後髪3(スキニング)"
		},
		{
			"Id": "ArtMesh86_Skinning",
			"Name": "後髪4(スキニング)"
		},
		{
			"Id": "ArtMesh87_Skinning",
			"Name": "後髪5(スキニング)"
		},
		{
			"Id": "ArtMesh88_Skinning",
			"Name": "後髪6(スキニング)"
		},
		{
			"Id": "ArtMesh89_Skinning",
			"Name": "後髪7(スキニング)"
		},
		{
			"Id": "ArtMesh90_Skinning",
			"Name": "後髪8(スキニング)"
		},
		{
			"Id": "ArtMesh104_Skinning",
			"Name": "実体エフェクト1(スキニング)"
		},
		{
			"Id": "ArtMesh105_Skinning",
			"Name": "実体エフェクト2(スキニング)"
		},
		{
			"Id": "ArtMesh106_Skinning",
			"Name": "実体エフェクト3(スキニング)"
		},
		{
			"Id": "ArtMesh107_Skinning",
			"Name": "実体エフェクト4(スキニング)"
		},
		{
			"Id": "ArtMesh108_Skinning",
			"Name": "実体エフェクト5(スキニング)"
		}
	],
	"CombinedParameters": [
		[
			"ParamEyeRL",
			"ParamEyeUD"
		],
		[
			"ParamPaiRX",
			"ParamPaiRY"
		],
		[
			"ParamPaiRX2",
			"ParamPaiRY2"
		],
		[
			"ParamPaiLY",
			"ParamPaiLX"
		],
		[
			"ParamPaiLY2",
			"ParamPaiLX2"
		]
	]
}