{
	"Version": 3,
	"Meta": {
		"Duration": 6,
		"Fps": 30.0,
		"Loop": true,
		"AreBeziersRestricted": false,
		"CurveCount": 116,
		"TotalSegmentCount": 868,
		"TotalPointCount": 2700,
		"UserDataCount": 0,
		"TotalUserDataSize": 0
	},
	"Curves": [
		{
			"Target": "Parameter",
			"Id": "ParamEff1",
			"Segments": [
				0,
				1,
				1,
				0.2,
				1,
				0.4,
				1,
				0.6,
				1,
				1,
				0.633,
				1,
				0.667,
				0.5,
				0.7,
				0.5,
				1,
				0.733,
				0.5,
				0.767,
				1,
				0.8,
				1,
				1,
				1.378,
				1,
				1.956,
				1,
				2.533,
				1,
				1,
				2.567,
				1,
				2.6,
				0.5,
				2.633,
				0.5,
				1,
				2.678,
				0.5,
				2.722,
				1,
				2.767,
				1,
				1,
				3.5,
				1,
				4.233,
				1,
				4.967,
				1,
				1,
				5,
				1,
				5.033,
				0.5,
				5.067,
				0.5,
				1,
				5.111,
				0.5,
				5.156,
				1,
				5.2,
				1,
				1,
				5.467,
				1,
				5.733,
				1,
				6,
				1
			]
		},
		{
			"Target": "Parameter",
			"Id": "ParamEff2",
			"Segments": [
				0,
				0.6,
				1,
				0.033,
				0.6,
				0.067,
				1,
				0.1,
				1,
				1,
				0.6,
				1,
				1.1,
				1,
				1.6,
				1,
				1,
				1.633,
				1,
				1.667,
				0.5,
				1.7,
				0.5,
				1,
				1.733,
				0.5,
				1.767,
				1,
				1.8,
				1,
				1,
				2.267,
				1,
				2.733,
				1,
				3.2,
				1,
				1,
				3.233,
				1,
				3.267,
				0.5,
				3.3,
				0.5,
				1,
				3.333,
				0.5,
				3.367,
				1,
				3.4,
				1,
				1,
				3.444,
				1,
				3.489,
				1,
				3.533,
				1,
				1,
				3.567,
				1,
				3.6,
				0.5,
				3.633,
				0.5,
				1,
				3.667,
				0.5,
				3.7,
				1,
				3.733,
				1,
				1,
				4.444,
				1,
				5.156,
				1,
				5.867,
				1,
				1,
				5.911,
				1,
				5.956,
				0.6,
				6,
				0.6
			]
		},
		{
			"Target": "Parameter",
			"Id": "ParamEff3",
			"Segments": [
				0,
				1,
				1,
				0.656,
				1,
				1.311,
				1,
				1.967,
				1,
				1,
				2,
				1,
				2.033,
				0.5,
				2.067,
				0.5,
				1,
				2.1,
				0.5,
				2.133,
				1,
				2.167,
				1,
				1,
				2.211,
				1,
				2.256,
				1,
				2.3,
				1,
				1,
				2.333,
				1,
				2.367,
				0.5,
				2.4,
				0.5,
				1,
				2.433,
				0.5,
				2.467,
				1,
				2.5,
				1,
				1,
				2.922,
				1,
				3.344,
				1,
				3.767,
				1,
				1,
				3.8,
				1,
				3.833,
				0.5,
				3.867,
				0.5,
				1,
				3.9,
				0.5,
				3.933,
				1,
				3.967,
				1,
				1,
				4.644,
				1,
				5.322,
				1,
				6,
				1
			]
		},
		{
			"Target": "Parameter",
			"Id": "ParamEff4",
			"Segments": [
				0,
				1,
				1,
				0.189,
				1,
				0.378,
				1,
				0.567,
				1,
				1,
				0.6,
				1,
				0.633,
				0.5,
				0.667,
				0.5,
				1,
				0.7,
				0.5,
				0.733,
				1,
				0.767,
				1,
				1,
				0.944,
				1,
				1.122,
				0.9,
				1.3,
				0.9,
				1,
				1.667,
				0.9,
				2.033,
				1,
				2.4,
				1,
				1,
				2.433,
				1,
				2.467,
				0.5,
				2.5,
				0.5,
				1,
				2.533,
				0.5,
				2.567,
				1,
				2.6,
				1,
				1,
				3,
				1,
				3.4,
				0.8,
				3.8,
				0.8,
				1,
				4.2,
				0.8,
				4.6,
				1,
				5,
				1,
				1,
				5.033,
				1,
				5.067,
				0.5,
				5.1,
				0.5,
				1,
				5.133,
				0.5,
				5.167,
				1,
				5.2,
				1,
				1,
				5.467,
				1,
				5.733,
				1,
				6,
				1
			]
		},
		{
			"Target": "Parameter",
			"Id": "ParamEff5",
			"Segments": [
				0,
				1,
				1,
				0.078,
				1,
				0.156,
				1,
				0.233,
				1,
				1,
				0.267,
				1,
				0.3,
				0.5,
				0.333,
				0.5,
				1,
				0.367,
				0.5,
				0.4,
				1,
				0.433,
				1,
				1,
				1.011,
				1,
				1.589,
				0.987,
				2.167,
				0.9,
				1,
				2.4,
				0.865,
				2.633,
				0.7,
				2.867,
				0.7,
				1,
				3.911,
				0.7,
				4.956,
				1,
				6,
				1
			]
		},
		{
			"Target": "Parameter",
			"Id": "ParamEff6",
			"Segments": [
				0,
				0.6,
				1,
				0.033,
				0.6,
				0.067,
				1,
				0.1,
				1,
				1,
				0.789,
				1,
				1.478,
				0.8,
				2.167,
				0.8,
				1,
				2.244,
				0.8,
				2.322,
				0.8,
				2.4,
				0.8,
				1,
				3.133,
				0.8,
				3.867,
				1,
				4.6,
				1,
				1,
				4.633,
				1,
				4.667,
				0.5,
				4.7,
				0.5,
				1,
				4.733,
				0.5,
				4.767,
				1,
				4.8,
				1,
				1,
				4.878,
				1,
				4.956,
				1,
				5.033,
				1,
				1,
				5.067,
				1,
				5.1,
				0.5,
				5.133,
				0.5,
				1,
				5.167,
				0.5,
				5.2,
				1,
				5.233,
				1,
				1,
				5.289,
				1,
				5.344,
				1,
				5.4,
				1,
				1,
				5.433,
				1,
				5.467,
				0.5,
				5.5,
				0.5,
				1,
				5.533,
				0.5,
				5.567,
				1,
				5.6,
				1,
				1,
				5.678,
				1,
				5.756,
				1,
				5.833,
				1,
				1,
				5.889,
				1,
				5.944,
				0.6,
				6,
				0.6
			]
		},
		{
			"Target": "Parameter",
			"Id": "ParamEff7",
			"Segments": [
				0,
				1,
				1,
				2,
				1,
				4,
				1,
				6,
				1
			]
		},
		{
			"Target": "Parameter",
			"Id": "ParamEff8",
			"Segments": [
				0,
				1,
				1,
				0.111,
				1,
				0.222,
				1,
				0.333,
				1,
				1,
				0.367,
				1,
				0.4,
				0.6,
				0.433,
				0.6,
				1,
				0.467,
				0.6,
				0.5,
				1,
				0.533,
				1,
				1,
				1,
				1,
				1.467,
				0.9,
				1.933,
				0.9,
				1,
				2.311,
				0.9,
				2.689,
				1,
				3.067,
				1,
				1,
				3.1,
				1,
				3.133,
				0.6,
				3.167,
				0.6,
				1,
				3.2,
				0.6,
				3.233,
				1,
				3.267,
				1,
				1,
				3.322,
				1,
				3.378,
				1,
				3.433,
				1,
				1,
				3.467,
				1,
				3.5,
				0.6,
				3.533,
				0.6,
				1,
				3.567,
				0.6,
				3.6,
				1,
				3.633,
				1,
				1,
				3.7,
				1,
				3.767,
				1,
				3.833,
				1,
				1,
				3.867,
				1,
				3.9,
				0.7,
				3.933,
				0.7,
				1,
				3.967,
				0.7,
				4,
				1,
				4.033,
				1,
				1,
				4.367,
				1,
				4.7,
				0.9,
				5.033,
				0.9,
				1,
				5.356,
				0.9,
				5.678,
				1,
				6,
				1
			]
		},
		{
			"Target": "Parameter",
			"Id": "ParamEff9",
			"Segments": [
				0,
				0.8,
				1,
				2,
				0.8,
				4,
				0.8,
				6,
				0.8
			]
		},
		{
			"Target": "Parameter",
			"Id": "ParamEff10",
			"Segments": [
				0,
				1,
				1,
				0.5,
				1,
				1,
				1,
				1.5,
				1,
				1,
				1.533,
				1,
				1.567,
				0.6,
				1.6,
				0.6,
				1,
				1.633,
				0.6,
				1.667,
				1,
				1.7,
				1,
				1,
				1.822,
				1,
				1.944,
				1,
				2.067,
				1,
				1,
				2.1,
				1,
				2.133,
				1,
				2.167,
				1,
				1,
				2.2,
				1,
				2.233,
				1,
				2.267,
				1,
				1,
				2.711,
				1,
				3.156,
				0.9,
				3.6,
				0.9,
				1,
				4.211,
				0.9,
				4.822,
				1,
				5.433,
				1,
				1,
				5.467,
				1,
				5.5,
				0.6,
				5.533,
				0.6,
				1,
				5.567,
				0.6,
				5.6,
				1,
				5.633,
				1,
				1,
				5.756,
				1,
				5.878,
				1,
				6,
				1
			]
		},
		{
			"Target": "Parameter",
			"Id": "ParamEff11",
			"Segments": [
				0,
				1,
				1,
				0.222,
				1,
				0.444,
				1,
				0.667,
				1,
				1,
				0.7,
				1,
				0.733,
				0.6,
				0.767,
				0.6,
				1,
				0.8,
				0.6,
				0.833,
				1,
				0.867,
				1,
				1,
				1.144,
				1,
				1.422,
				0.9,
				1.7,
				0.9,
				1,
				2.056,
				0.9,
				2.411,
				1,
				2.767,
				1,
				1,
				2.8,
				1,
				2.833,
				0.6,
				2.867,
				0.6,
				1,
				2.9,
				0.6,
				2.933,
				1,
				2.967,
				1,
				1,
				3.267,
				1,
				3.567,
				0.8,
				3.867,
				0.8,
				1,
				4.067,
				0.8,
				4.267,
				1,
				4.467,
				1,
				1,
				4.5,
				1,
				4.533,
				0.6,
				4.567,
				0.6,
				1,
				4.6,
				0.6,
				4.633,
				1,
				4.667,
				1,
				1,
				5.111,
				1,
				5.556,
				1,
				6,
				1
			]
		},
		{
			"Target": "Parameter",
			"Id": "ParamEff12",
			"Segments": [
				0,
				0.9,
				1,
				0.044,
				0.9,
				0.089,
				1,
				0.133,
				1,
				1,
				0.733,
				1,
				1.333,
				0.9,
				1.933,
				0.9,
				1,
				2.567,
				0.9,
				3.2,
				1,
				3.833,
				1,
				1,
				3.867,
				1,
				3.9,
				0.9,
				3.933,
				0.9,
				1,
				3.967,
				0.9,
				4,
				1,
				4.033,
				1,
				1,
				4.444,
				1,
				4.856,
				1,
				5.267,
				1,
				1,
				5.3,
				1,
				5.333,
				0.9,
				5.367,
				0.9,
				1,
				5.4,
				0.9,
				5.433,
				1,
				5.467,
				1,
				1,
				5.611,
				1,
				5.756,
				1,
				5.9,
				1,
				1,
				5.933,
				1,
				5.967,
				0.8,
				6,
				0.8
			]
		},
		{
			"Target": "Parameter",
			"Id": "ParamEff13",
			"Segments": [
				0,
				1,
				1,
				0.111,
				1,
				0.222,
				1,
				0.333,
				1,
				1,
				0.367,
				1,
				0.4,
				0.9,
				0.433,
				0.9,
				1,
				0.467,
				0.9,
				0.5,
				1,
				0.533,
				1,
				1,
				0.856,
				1,
				1.178,
				0.9,
				1.5,
				0.9,
				1,
				1.844,
				0.9,
				2.189,
				1,
				2.533,
				1,
				1,
				2.567,
				1,
				2.6,
				0.9,
				2.633,
				0.9,
				1,
				2.667,
				0.9,
				2.7,
				1,
				2.733,
				1,
				1,
				3.278,
				1,
				3.822,
				1,
				4.367,
				1,
				1,
				4.4,
				1,
				4.433,
				0.9,
				4.467,
				0.9,
				1,
				4.5,
				0.9,
				4.533,
				1,
				4.567,
				1,
				1,
				5.044,
				1,
				5.522,
				1,
				6,
				1
			]
		},
		{
			"Target": "Parameter",
			"Id": "ParamEff14",
			"Segments": [
				0,
				1,
				1,
				0.189,
				1,
				0.378,
				1,
				0.567,
				1,
				1,
				0.6,
				1,
				0.633,
				0.9,
				0.667,
				0.9,
				1,
				0.7,
				0.9,
				0.733,
				1,
				0.767,
				1,
				1,
				1.1,
				1,
				1.433,
				1,
				1.767,
				1,
				1,
				1.8,
				1,
				1.833,
				0.8,
				1.867,
				0.8,
				1,
				1.9,
				0.8,
				1.933,
				1,
				1.967,
				1,
				1,
				2.267,
				1,
				2.567,
				0.9,
				2.867,
				0.9,
				1,
				3.133,
				0.9,
				3.4,
				1,
				3.667,
				1,
				1,
				3.7,
				1,
				3.733,
				0.8,
				3.767,
				0.8,
				1,
				3.8,
				0.8,
				3.833,
				1,
				3.867,
				1,
				1,
				4.122,
				1,
				4.378,
				0.9,
				4.633,
				0.9,
				1,
				4.878,
				0.9,
				5.122,
				1,
				5.367,
				1,
				1,
				5.4,
				1,
				5.433,
				0.8,
				5.467,
				0.8,
				1,
				5.5,
				0.8,
				5.533,
				1,
				5.567,
				1,
				1,
				5.711,
				1,
				5.856,
				1,
				6,
				1
			]
		},
		{
			"Target": "Parameter",
			"Id": "ParamEff15",
			"Segments": [
				0,
				0.7,
				1,
				0.367,
				0.7,
				0.733,
				0.719,
				1.1,
				0.8,
				1,
				1.611,
				0.913,
				2.122,
				1,
				2.633,
				1,
				1,
				3.067,
				1,
				3.5,
				0.6,
				3.933,
				0.6,
				1,
				4.333,
				0.6,
				4.733,
				0.9,
				5.133,
				0.9,
				1,
				5.422,
				0.9,
				5.711,
				0.7,
				6,
				0.7
			]
		},
		{
			"Target": "Parameter",
			"Id": "ParamEff16",
			"Segments": [
				0,
				1,
				1,
				0.133,
				1,
				0.267,
				0.7,
				0.4,
				0.7,
				1,
				0.567,
				0.7,
				0.733,
				1,
				0.9,
				1,
				1,
				1.089,
				1,
				1.278,
				1,
				1.467,
				1,
				1,
				1.822,
				1,
				2.178,
				0.9,
				2.533,
				0.9,
				1,
				2.9,
				0.9,
				3.267,
				1,
				3.633,
				1,
				1,
				4.067,
				1,
				4.5,
				0.9,
				4.933,
				0.9,
				1,
				5.289,
				0.9,
				5.644,
				1,
				6,
				1
			]
		},
		{
			"Target": "Parameter",
			"Id": "ParamEff17",
			"Segments": [
				0,
				1,
				1,
				0.678,
				1,
				1.356,
				0.9,
				2.033,
				0.9,
				1,
				2.8,
				0.9,
				3.567,
				1,
				4.333,
				1,
				1,
				4.367,
				1,
				4.4,
				0.6,
				4.433,
				0.6,
				1,
				4.467,
				0.6,
				4.5,
				1,
				4.533,
				1,
				1,
				4.844,
				1,
				5.156,
				0.9,
				5.467,
				0.9,
				1,
				5.644,
				0.9,
				5.822,
				1,
				6,
				1
			]
		},
		{
			"Target": "Parameter",
			"Id": "ParamEff18",
			"Segments": [
				0,
				0.6,
				1,
				0.044,
				0.6,
				0.089,
				1,
				0.133,
				1,
				1,
				0.811,
				1,
				1.489,
				0.9,
				2.167,
				0.9,
				1,
				3.178,
				0.9,
				4.189,
				1,
				5.2,
				1,
				1,
				5.233,
				1,
				5.267,
				0.6,
				5.3,
				0.6,
				1,
				5.333,
				0.6,
				5.367,
				1,
				5.4,
				1,
				1,
				5.544,
				1,
				5.689,
				1,
				5.833,
				1,
				1,
				5.889,
				1,
				5.944,
				0.6,
				6,
				0.6
			]
		},
		{
			"Target": "Parameter",
			"Id": "ParamEff19",
			"Segments": [
				0,
				0.8,
				1,
				0.3,
				0.8,
				0.6,
				0.7,
				0.9,
				0.7,
				1,
				1.522,
				0.7,
				2.144,
				0.772,
				2.767,
				0.9,
				1,
				3.111,
				0.971,
				3.456,
				1,
				3.8,
				1,
				1,
				4.111,
				1,
				4.422,
				0.8,
				4.733,
				0.8,
				1,
				5.156,
				0.8,
				5.578,
				0.8,
				6,
				0.8
			]
		},
		{
			"Target": "Parameter",
			"Id": "ParamEff20",
			"Segments": [
				0,
				1,
				1,
				0.489,
				1,
				0.978,
				1,
				1.467,
				1,
				1,
				1.5,
				1,
				1.533,
				0.6,
				1.567,
				0.6,
				1,
				1.6,
				0.6,
				1.633,
				1,
				1.667,
				1,
				1,
				2.656,
				1,
				3.644,
				0.9,
				4.633,
				0.9,
				1,
				5.089,
				0.9,
				5.544,
				1,
				6,
				1
			]
		},
		{
			"Target": "Parameter",
			"Id": "ParamEff21",
			"Segments": [
				0,
				1,
				1,
				0.589,
				1,
				1.178,
				0.8,
				1.767,
				0.8,
				1,
				2.222,
				0.8,
				2.678,
				1,
				3.133,
				1,
				1,
				3.467,
				1,
				3.8,
				0.6,
				4.133,
				0.6,
				1,
				4.756,
				0.6,
				5.378,
				1,
				6,
				1
			]
		},
		{
			"Target": "Parameter",
			"Id": "ParamEff22",
			"Segments": [
				0,
				1,
				1,
				0.289,
				1,
				0.578,
				1,
				0.867,
				1,
				1,
				1.467,
				1,
				2.067,
				1,
				2.667,
				1,
				1,
				3.056,
				1,
				3.444,
				0.7,
				3.833,
				0.7,
				1,
				4.289,
				0.7,
				4.744,
				1,
				5.2,
				1,
				1,
				5.467,
				1,
				5.733,
				1,
				6,
				1
			]
		},
		{
			"Target": "Parameter",
			"Id": "ParamEff23",
			"Segments": [
				0,
				1,
				1,
				0.189,
				1,
				0.378,
				0.7,
				0.567,
				0.7,
				1,
				0.667,
				0.7,
				0.767,
				0.771,
				0.867,
				0.8,
				1,
				1.144,
				0.88,
				1.422,
				0.9,
				1.7,
				0.9,
				1,
				2.233,
				0.9,
				2.767,
				0.9,
				3.3,
				0.9,
				1,
				3.811,
				0.9,
				4.322,
				0.7,
				4.833,
				0.7,
				1,
				5.222,
				0.7,
				5.611,
				1,
				6,
				1
			]
		},
		{
			"Target": "Parameter",
			"Id": "ParamEff24",
			"Segments": [
				0,
				1,
				1,
				0.4,
				1,
				0.8,
				0.6,
				1.2,
				0.6,
				1,
				1.689,
				0.6,
				2.178,
				1,
				2.667,
				1,
				1,
				3.167,
				1,
				3.667,
				0.7,
				4.167,
				0.7,
				1,
				4.544,
				0.7,
				4.922,
				1,
				5.3,
				1,
				1,
				5.533,
				1,
				5.767,
				1,
				6,
				1
			]
		},
		{
			"Target": "Parameter",
			"Id": "ParamEff25",
			"Segments": [
				0,
				1,
				1,
				0.267,
				1,
				0.533,
				0.948,
				0.8,
				0.9,
				1,
				1.233,
				0.822,
				1.667,
				0.8,
				2.1,
				0.8,
				1,
				2.656,
				0.8,
				3.211,
				1,
				3.767,
				1,
				1,
				4.122,
				1,
				4.478,
				0.9,
				4.833,
				0.9,
				1,
				5.222,
				0.9,
				5.611,
				1,
				6,
				1
			]
		},
		{
			"Target": "Parameter",
			"Id": "ParamEff26",
			"Segments": [
				0,
				0.8,
				1,
				1.333,
				0.8,
				2.667,
				1,
				4,
				1,
				1,
				4.033,
				1,
				4.067,
				0.6,
				4.1,
				0.6,
				1,
				4.133,
				0.6,
				4.167,
				1,
				4.2,
				1,
				1,
				4.589,
				1,
				4.978,
				1,
				5.367,
				1,
				1,
				5.4,
				1,
				5.433,
				0.6,
				5.467,
				0.6,
				1,
				5.5,
				0.6,
				5.533,
				1,
				5.567,
				1,
				1,
				5.711,
				1,
				5.856,
				0.8,
				6,
				0.8
			]
		},
		{
			"Target": "Parameter",
			"Id": "ParamEff27",
			"Segments": [
				0,
				1,
				1,
				0.133,
				1,
				0.267,
				1,
				0.4,
				1,
				1,
				0.433,
				1,
				0.467,
				1,
				0.5,
				1,
				1,
				0.533,
				1,
				0.567,
				1,
				0.6,
				1,
				1,
				1.367,
				1,
				2.133,
				1,
				2.9,
				1,
				1,
				2.933,
				1,
				2.967,
				0.5,
				3,
				0.5,
				1,
				3.033,
				0.5,
				3.067,
				1,
				3.1,
				1,
				1,
				4.067,
				1,
				5.033,
				1,
				6,
				1
			]
		},
		{
			"Target": "Parameter",
			"Id": "ParamEff28",
			"Segments": [
				0,
				1,
				1,
				0.2,
				1,
				0.4,
				0.8,
				0.6,
				0.8,
				1,
				1.067,
				0.8,
				1.533,
				1,
				2,
				1,
				1,
				2.444,
				1,
				2.889,
				0.6,
				3.333,
				0.6,
				1,
				3.867,
				0.6,
				4.4,
				1,
				4.933,
				1,
				1,
				5.289,
				1,
				5.644,
				1,
				6,
				1
			]
		},
		{
			"Target": "Parameter",
			"Id": "ParamEff29",
			"Segments": [
				0,
				1,
				1,
				0.589,
				1,
				1.178,
				1,
				1.767,
				1,
				1,
				1.8,
				1,
				1.833,
				0.6,
				1.867,
				0.6,
				1,
				1.9,
				0.6,
				1.933,
				1,
				1.967,
				1,
				1,
				2.567,
				1,
				3.167,
				1,
				3.767,
				1,
				1,
				3.8,
				1,
				3.833,
				0.6,
				3.867,
				0.6,
				1,
				3.9,
				0.6,
				3.933,
				1,
				3.967,
				1,
				1,
				4.2,
				1,
				4.433,
				1,
				4.667,
				1,
				1,
				4.7,
				1,
				4.733,
				0.6,
				4.767,
				0.6,
				1,
				4.8,
				0.6,
				4.833,
				1,
				4.867,
				1,
				1,
				5.244,
				1,
				5.622,
				1,
				6,
				1
			]
		},
		{
			"Target": "Parameter",
			"Id": "ParamEff30",
			"Segments": [
				0,
				1,
				1,
				0.078,
				1,
				0.156,
				1,
				0.233,
				1,
				1,
				0.267,
				1,
				0.3,
				0.5,
				0.333,
				0.5,
				1,
				0.367,
				0.5,
				0.4,
				1,
				0.433,
				1,
				1,
				0.589,
				1,
				0.744,
				1,
				0.9,
				1,
				1,
				0.933,
				1,
				0.967,
				0.5,
				1,
				0.5,
				1,
				1.033,
				0.5,
				1.067,
				1,
				1.1,
				1,
				1,
				1.7,
				1,
				2.3,
				1,
				2.9,
				1,
				1,
				2.933,
				1,
				2.967,
				0.5,
				3,
				0.5,
				1,
				3.033,
				0.5,
				3.067,
				1,
				3.1,
				1,
				1,
				3.556,
				1,
				4.011,
				0.9,
				4.467,
				0.9,
				1,
				4.978,
				0.9,
				5.489,
				1,
				6,
				1
			]
		},
		{
			"Target": "Parameter",
			"Id": "ParamEff31",
			"Segments": [
				0,
				1,
				1,
				0.556,
				1,
				1.111,
				1,
				1.667,
				1,
				1,
				1.7,
				1,
				1.733,
				0.6,
				1.767,
				0.6,
				1,
				1.8,
				0.6,
				1.833,
				1,
				1.867,
				1,
				1,
				2.378,
				1,
				2.889,
				0.9,
				3.4,
				0.9,
				1,
				3.878,
				0.9,
				4.356,
				1,
				4.833,
				1,
				1,
				4.867,
				1,
				4.9,
				0.6,
				4.933,
				0.6,
				1,
				4.967,
				0.6,
				5,
				1,
				5.033,
				1,
				1,
				5.189,
				1,
				5.344,
				1,
				5.5,
				1,
				1,
				5.533,
				1,
				5.567,
				0.6,
				5.6,
				0.6,
				1,
				5.633,
				0.6,
				5.667,
				1,
				5.7,
				1,
				0,
				6,
				1
			]
		},
		{
			"Target": "Parameter",
			"Id": "ParamEff32",
			"Segments": [
				0,
				1,
				1,
				0.456,
				1,
				0.911,
				1,
				1.367,
				1,
				1,
				1.4,
				1,
				1.433,
				0.5,
				1.467,
				0.5,
				1,
				1.5,
				0.5,
				1.533,
				1,
				1.567,
				1,
				1,
				2.333,
				1,
				3.1,
				0.9,
				3.867,
				0.9,
				1,
				4.378,
				0.9,
				4.889,
				1,
				5.4,
				1,
				1,
				5.433,
				1,
				5.467,
				0.5,
				5.5,
				0.5,
				1,
				5.533,
				0.5,
				5.567,
				1,
				5.6,
				1,
				1,
				5.733,
				1,
				5.867,
				1,
				6,
				1
			]
		},
		{
			"Target": "Parameter",
			"Id": "ParamEff33",
			"Segments": [
				0,
				1,
				1,
				0.222,
				1,
				0.444,
				1,
				0.667,
				1,
				1,
				0.7,
				1,
				0.733,
				0.5,
				0.767,
				0.5,
				1,
				0.8,
				0.5,
				0.833,
				1,
				0.867,
				1,
				1,
				1.367,
				1,
				1.867,
				1,
				2.367,
				1,
				1,
				2.4,
				1,
				2.433,
				0.5,
				2.467,
				0.5,
				1,
				2.5,
				0.5,
				2.533,
				1,
				2.567,
				1,
				1,
				3.111,
				1,
				3.656,
				1,
				4.2,
				1,
				1,
				4.233,
				1,
				4.267,
				0.5,
				4.3,
				0.5,
				1,
				4.333,
				0.5,
				4.367,
				1,
				4.4,
				1,
				1,
				4.933,
				1,
				5.467,
				1,
				6,
				1
			]
		},
		{
			"Target": "Parameter",
			"Id": "ParamPachi",
			"Segments": [
				0,
				1,
				1,
				0.989,
				1,
				1.978,
				1,
				2.967,
				1,
				1,
				3.011,
				1,
				3.056,
				0,
				3.1,
				0,
				1,
				3.122,
				0,
				3.144,
				0,
				3.167,
				0,
				1,
				3.211,
				0,
				3.256,
				1,
				3.3,
				1,
				1,
				4.2,
				1,
				5.1,
				1,
				6,
				1
			]
		},
		{
			"Target": "Parameter",
			"Id": "ParamLegL1",
			"Segments": [
				0,
				0,
				1,
				0.011,
				0,
				0.022,
				0.221,
				0.033,
				0.302,
				1,
				0.378,
				2.814,
				0.722,
				4,
				1.067,
				4,
				1,
				1.567,
				4,
				2.067,
				2.667,
				2.567,
				0,
				1,
				3.067,
				-2.667,
				3.567,
				-4,
				4.067,
				-4,
				1,
				4.7,
				-4,
				5.333,
				-2.853,
				5.967,
				-0.453,
				1,
				5.978,
				-0.411,
				5.989,
				0,
				6,
				0
			]
		},
		{
			"Target": "Parameter",
			"Id": "ParamLegL2",
			"Segments": [
				0,
				0,
				1,
				0.011,
				0,
				0.022,
				0.233,
				0.033,
				0.302,
				1,
				0.433,
				2.811,
				0.833,
				4,
				1.233,
				4,
				1,
				1.733,
				4,
				2.233,
				2.667,
				2.733,
				0,
				1,
				3.233,
				-2.667,
				3.733,
				-4,
				4.233,
				-4,
				1,
				4.811,
				-4,
				5.389,
				-2.855,
				5.967,
				-0.453,
				1,
				5.978,
				-0.407,
				5.989,
				0,
				6,
				0
			]
		},
		{
			"Target": "Parameter",
			"Id": "ParamLegR1",
			"Segments": [
				0,
				0,
				1,
				0.011,
				0,
				0.022,
				0.257,
				0.033,
				0.302,
				1,
				0.644,
				2.801,
				1.256,
				4,
				1.867,
				4,
				1,
				2.367,
				4,
				2.867,
				2.667,
				3.367,
				0,
				1,
				3.867,
				-2.667,
				4.367,
				-4,
				4.867,
				-4,
				1,
				5.233,
				-4,
				5.6,
				-2.87,
				5.967,
				-0.453,
				1,
				5.978,
				-0.38,
				5.989,
				0,
				6,
				0
			]
		},
		{
			"Target": "Parameter",
			"Id": "ParamLegR2",
			"Segments": [
				0,
				0,
				1,
				0.011,
				0,
				0.022,
				0.261,
				0.033,
				0.302,
				1,
				0.7,
				2.799,
				1.367,
				4,
				2.033,
				4,
				1,
				2.533,
				4,
				3.033,
				2.667,
				3.533,
				0,
				1,
				4.033,
				-2.667,
				4.533,
				-4,
				5.033,
				-4,
				1,
				5.344,
				-4,
				5.656,
				-2.876,
				5.967,
				-0.453,
				1,
				5.978,
				-0.367,
				5.989,
				0,
				6,
				0
			]
		},
		{
			"Target": "Parameter",
			"Id": "ParamEyeRL",
			"Segments": [
				0,
				0,
				1,
				0.033,
				0,
				0.067,
				6,
				0.1,
				6,
				1,
				0.122,
				6,
				0.144,
				6,
				0.167,
				6,
				1,
				0.222,
				6,
				0.278,
				-6,
				0.333,
				-6,
				1,
				0.356,
				-6,
				0.378,
				10.768,
				0.4,
				13,
				1,
				0.422,
				15.232,
				0.444,
				15,
				0.467,
				15,
				1,
				0.489,
				15,
				0.511,
				-9,
				0.533,
				-9,
				1,
				0.567,
				-9,
				0.6,
				-7.568,
				0.633,
				-4,
				1,
				0.656,
				-1.621,
				0.678,
				3.453,
				0.7,
				4,
				1,
				0.722,
				4.547,
				0.744,
				4.489,
				0.767,
				5,
				1,
				0.789,
				5.511,
				0.811,
				7,
				0.833,
				7,
				1,
				0.867,
				7,
				0.9,
				-11,
				0.933,
				-11,
				1,
				0.956,
				-11,
				0.978,
				7,
				1,
				7,
				1,
				1.022,
				7,
				1.044,
				-6,
				1.067,
				-6,
				1,
				1.078,
				-6,
				1.089,
				6,
				1.1,
				6,
				1,
				1.133,
				6,
				1.167,
				5.932,
				1.2,
				4,
				1,
				1.222,
				2.712,
				1.244,
				-9,
				1.267,
				-9,
				1,
				1.311,
				-9,
				1.356,
				0,
				1.4,
				0,
				1,
				1.411,
				0,
				1.422,
				-2,
				1.433,
				-2,
				1,
				1.456,
				-2,
				1.478,
				6,
				1.5,
				6,
				1,
				1.522,
				6,
				1.544,
				6,
				1.567,
				6,
				1,
				1.589,
				6,
				1.611,
				-4,
				1.633,
				-4,
				1,
				1.689,
				-4,
				1.744,
				6.579,
				1.8,
				13,
				1,
				1.822,
				15.568,
				1.844,
				15,
				1.867,
				15,
				1,
				1.889,
				15,
				1.911,
				-9,
				1.933,
				-9,
				1,
				1.956,
				-9,
				1.978,
				8,
				2,
				8,
				1,
				2.033,
				8,
				2.067,
				4,
				2.1,
				4,
				1,
				2.122,
				4,
				2.144,
				4.126,
				2.167,
				5,
				1,
				2.189,
				5.874,
				2.211,
				7,
				2.233,
				7,
				1,
				2.267,
				7,
				2.3,
				-11,
				2.333,
				-11,
				1,
				2.356,
				-11,
				2.378,
				7,
				2.4,
				7,
				1,
				2.422,
				7,
				2.444,
				-6,
				2.467,
				-6,
				1,
				2.5,
				-6,
				2.533,
				-5.548,
				2.567,
				-2,
				1,
				2.589,
				0.365,
				2.611,
				6,
				2.633,
				6,
				1,
				2.656,
				6,
				2.678,
				6,
				2.7,
				6,
				1,
				2.722,
				6,
				2.744,
				-2.728,
				2.767,
				-4,
				1,
				2.8,
				-5.909,
				2.833,
				-6,
				2.867,
				-6,
				1,
				2.911,
				-6,
				2.956,
				15,
				3,
				15,
				1,
				3.022,
				15,
				3.044,
				-9,
				3.067,
				-9,
				1,
				3.089,
				-9,
				3.111,
				8,
				3.133,
				8,
				1,
				3.144,
				8,
				3.156,
				-4,
				3.167,
				-4,
				1,
				3.189,
				-4,
				3.211,
				2.919,
				3.233,
				4,
				1,
				3.256,
				5.081,
				3.278,
				5,
				3.3,
				5,
				1,
				3.356,
				5,
				3.411,
				-11,
				3.467,
				-11,
				1,
				3.489,
				-11,
				3.511,
				7,
				3.533,
				7,
				1,
				3.556,
				7,
				3.578,
				-6,
				3.6,
				-6,
				1,
				3.611,
				-6,
				3.622,
				6,
				3.633,
				6,
				1,
				3.667,
				6,
				3.7,
				4,
				3.733,
				4,
				1,
				3.767,
				4,
				3.8,
				8,
				3.833,
				8,
				1,
				3.867,
				8,
				3.9,
				-4,
				3.933,
				-4,
				1,
				3.978,
				-4,
				4.022,
				7.873,
				4.067,
				13,
				1,
				4.089,
				15.563,
				4.111,
				15,
				4.133,
				15,
				1,
				4.156,
				15,
				4.178,
				-9,
				4.2,
				-9,
				1,
				4.222,
				-9,
				4.244,
				8,
				4.267,
				8,
				1,
				4.3,
				8,
				4.333,
				4,
				4.367,
				4,
				1,
				4.389,
				4,
				4.411,
				4.126,
				4.433,
				5,
				1,
				4.456,
				5.874,
				4.478,
				7,
				4.5,
				7,
				1,
				4.533,
				7,
				4.567,
				-11,
				4.6,
				-11,
				1,
				4.622,
				-11,
				4.644,
				7,
				4.667,
				7,
				1,
				4.689,
				7,
				4.711,
				-6,
				4.733,
				-6,
				1,
				4.767,
				-6,
				4.8,
				-5.548,
				4.833,
				-2,
				1,
				4.856,
				0.365,
				4.878,
				6,
				4.9,
				6,
				1,
				4.922,
				6,
				4.944,
				6,
				4.967,
				6,
				1,
				4.989,
				6,
				5.011,
				-2.728,
				5.033,
				-4,
				1,
				5.067,
				-5.909,
				5.1,
				-6,
				5.133,
				-6,
				1,
				5.178,
				-6,
				5.222,
				15,
				5.267,
				15,
				1,
				5.289,
				15,
				5.311,
				-9,
				5.333,
				-9,
				1,
				5.356,
				-9,
				5.378,
				8,
				5.4,
				8,
				1,
				5.411,
				8,
				5.422,
				-4,
				5.433,
				-4,
				1,
				5.456,
				-4,
				5.478,
				2.919,
				5.5,
				4,
				1,
				5.522,
				5.081,
				5.544,
				5,
				5.567,
				5,
				1,
				5.622,
				5,
				5.678,
				-11,
				5.733,
				-11,
				1,
				5.756,
				-11,
				5.778,
				7,
				5.8,
				7,
				1,
				5.822,
				7,
				5.844,
				-6,
				5.867,
				-6,
				1,
				5.878,
				-6,
				5.889,
				6,
				5.9,
				6,
				1,
				5.933,
				6,
				5.967,
				4,
				6,
				4
			]
		},
		{
			"Target": "Parameter",
			"Id": "ParamEyeUD",
			"Segments": [
				0,
				0,
				1,
				0.033,
				0,
				0.067,
				4,
				0.1,
				4,
				1,
				0.122,
				4,
				0.144,
				-14.649,
				0.167,
				-15,
				1,
				0.222,
				-15.877,
				0.278,
				-16,
				0.333,
				-16,
				1,
				0.356,
				-16,
				0.378,
				-16.239,
				0.4,
				-14,
				1,
				0.422,
				-11.761,
				0.444,
				6,
				0.467,
				6,
				1,
				0.489,
				6,
				0.511,
				2,
				0.533,
				2,
				1,
				0.567,
				2,
				0.6,
				10,
				0.633,
				10,
				1,
				0.656,
				10,
				0.678,
				-2,
				0.7,
				-2,
				1,
				0.722,
				-2,
				0.744,
				-1.933,
				0.767,
				0,
				1,
				0.789,
				1.933,
				0.811,
				6,
				0.833,
				6,
				1,
				0.867,
				6,
				0.9,
				6,
				0.933,
				6,
				1,
				0.956,
				6,
				0.978,
				10,
				1,
				10,
				1,
				1.022,
				10,
				1.044,
				-10,
				1.067,
				-10,
				1,
				1.078,
				-10,
				1.089,
				5,
				1.1,
				5,
				1,
				1.133,
				5,
				1.167,
				-11,
				1.2,
				-11,
				1,
				1.222,
				-11,
				1.244,
				2,
				1.267,
				2,
				1,
				1.311,
				2,
				1.356,
				1.576,
				1.4,
				0,
				1,
				1.411,
				-0.394,
				1.422,
				-8,
				1.433,
				-8,
				1,
				1.456,
				-8,
				1.478,
				4,
				1.5,
				4,
				1,
				1.522,
				4,
				1.544,
				-15,
				1.567,
				-15,
				1,
				1.589,
				-15,
				1.611,
				6,
				1.633,
				6,
				1,
				1.689,
				6,
				1.744,
				-14,
				1.8,
				-14,
				1,
				1.822,
				-14,
				1.844,
				6,
				1.867,
				6,
				1,
				1.889,
				6,
				1.911,
				4.667,
				1.933,
				2,
				1,
				1.956,
				-0.667,
				1.978,
				-2,
				2,
				-2,
				1,
				2.033,
				-2,
				2.067,
				-2,
				2.1,
				-2,
				1,
				2.122,
				-2,
				2.144,
				-1.933,
				2.167,
				0,
				1,
				2.189,
				1.933,
				2.211,
				6,
				2.233,
				6,
				1,
				2.267,
				6,
				2.3,
				6,
				2.333,
				6,
				1,
				2.356,
				6,
				2.378,
				10,
				2.4,
				10,
				1,
				2.422,
				10,
				2.444,
				-10,
				2.467,
				-10,
				1,
				2.5,
				-10,
				2.533,
				-9.926,
				2.567,
				-8,
				1,
				2.589,
				-6.716,
				2.611,
				4,
				2.633,
				4,
				1,
				2.656,
				4,
				2.678,
				-15,
				2.7,
				-15,
				1,
				2.722,
				-15,
				2.744,
				6,
				2.767,
				6,
				1,
				2.8,
				6,
				2.833,
				-16,
				2.867,
				-16,
				1,
				2.911,
				-16,
				2.956,
				6,
				3,
				6,
				1,
				3.022,
				6,
				3.044,
				4.667,
				3.067,
				2,
				1,
				3.089,
				-0.667,
				3.111,
				-2,
				3.133,
				-2,
				1,
				3.144,
				-2,
				3.156,
				10,
				3.167,
				10,
				1,
				3.189,
				10,
				3.211,
				-2,
				3.233,
				-2,
				1,
				3.256,
				-2,
				3.278,
				-0.897,
				3.3,
				0,
				1,
				3.356,
				2.242,
				3.411,
				3.568,
				3.467,
				6,
				1,
				3.489,
				6.973,
				3.511,
				10,
				3.533,
				10,
				1,
				3.556,
				10,
				3.578,
				-10,
				3.6,
				-10,
				1,
				3.611,
				-10,
				3.622,
				5,
				3.633,
				5,
				1,
				3.667,
				5,
				3.7,
				-11,
				3.733,
				-11,
				1,
				3.767,
				-11,
				3.8,
				-11.218,
				3.833,
				-8,
				1,
				3.867,
				-4.782,
				3.9,
				10,
				3.933,
				10,
				1,
				3.978,
				10,
				4.022,
				-14,
				4.067,
				-14,
				1,
				4.089,
				-14,
				4.111,
				6,
				4.133,
				6,
				1,
				4.156,
				6,
				4.178,
				4.667,
				4.2,
				2,
				1,
				4.222,
				-0.667,
				4.244,
				-2,
				4.267,
				-2,
				1,
				4.3,
				-2,
				4.333,
				-2,
				4.367,
				-2,
				1,
				4.389,
				-2,
				4.411,
				-1.933,
				4.433,
				0,
				1,
				4.456,
				1.933,
				4.478,
				6,
				4.5,
				6,
				1,
				4.533,
				6,
				4.567,
				6,
				4.6,
				6,
				1,
				4.622,
				6,
				4.644,
				10,
				4.667,
				10,
				1,
				4.689,
				10,
				4.711,
				-10,
				4.733,
				-10,
				1,
				4.767,
				-10,
				4.8,
				-9.926,
				4.833,
				-8,
				1,
				4.856,
				-6.716,
				4.878,
				4,
				4.9,
				4,
				1,
				4.922,
				4,
				4.944,
				-15,
				4.967,
				-15,
				1,
				4.989,
				-15,
				5.011,
				6,
				5.033,
				6,
				1,
				5.067,
				6,
				5.1,
				-16,
				5.133,
				-16,
				1,
				5.178,
				-16,
				5.222,
				6,
				5.267,
				6,
				1,
				5.289,
				6,
				5.311,
				4.667,
				5.333,
				2,
				1,
				5.356,
				-0.667,
				5.378,
				-2,
				5.4,
				-2,
				1,
				5.411,
				-2,
				5.422,
				10,
				5.433,
				10,
				1,
				5.456,
				10,
				5.478,
				-2,
				5.5,
				-2,
				1,
				5.522,
				-2,
				5.544,
				-0.897,
				5.567,
				0,
				1,
				5.622,
				2.242,
				5.678,
				3.568,
				5.733,
				6,
				1,
				5.756,
				6.973,
				5.778,
				10,
				5.8,
				10,
				1,
				5.822,
				10,
				5.844,
				-10,
				5.867,
				-10,
				1,
				5.878,
				-10,
				5.889,
				5,
				5.9,
				5,
				1,
				5.933,
				5,
				5.967,
				-11,
				6,
				-11
			]
		},
		{
			"Target": "Parameter",
			"Id": "ParamEyeBS",
			"Segments": [
				0,
				0,
				1,
				0.033,
				0,
				0.067,
				7,
				0.1,
				7,
				1,
				0.122,
				7,
				0.144,
				-19,
				0.167,
				-19,
				1,
				0.211,
				-19,
				0.256,
				18,
				0.3,
				18,
				1,
				0.322,
				18,
				0.344,
				-14,
				0.367,
				-14,
				1,
				0.389,
				-14,
				0.411,
				-8,
				0.433,
				4,
				1,
				0.456,
				16,
				0.478,
				22,
				0.5,
				22,
				1,
				0.556,
				22,
				0.611,
				21.173,
				0.667,
				16,
				1,
				0.689,
				13.931,
				0.711,
				-8,
				0.733,
				-8,
				1,
				0.756,
				-8,
				0.778,
				-8.268,
				0.8,
				-6,
				1,
				0.822,
				-3.732,
				0.844,
				19,
				0.867,
				19,
				1,
				0.889,
				19,
				0.911,
				-19,
				0.933,
				-19,
				1,
				0.967,
				-19,
				1,
				12,
				1.033,
				12,
				1,
				1.089,
				12,
				1.144,
				12,
				1.2,
				12,
				1,
				1.222,
				12,
				1.244,
				-6,
				1.267,
				-6,
				1,
				1.289,
				-6,
				1.311,
				0,
				1.333,
				0,
				1,
				1.344,
				0,
				1.356,
				-21,
				1.367,
				-21,
				1,
				1.389,
				-21,
				1.411,
				7,
				1.433,
				7,
				1,
				1.456,
				7,
				1.478,
				-19,
				1.5,
				-19,
				1,
				1.522,
				-19,
				1.544,
				13.697,
				1.567,
				16,
				1,
				1.589,
				18.303,
				1.611,
				18,
				1.633,
				18,
				1,
				1.678,
				18,
				1.722,
				4,
				1.767,
				4,
				1,
				1.789,
				4,
				1.811,
				22,
				1.833,
				22,
				1,
				1.856,
				22,
				1.878,
				-18,
				1.9,
				-18,
				1,
				1.911,
				-18,
				1.922,
				-13.543,
				1.933,
				-6,
				1,
				1.956,
				9.085,
				1.978,
				16,
				2,
				16,
				1,
				2.022,
				16,
				2.044,
				-8,
				2.067,
				-8,
				1,
				2.089,
				-8,
				2.111,
				-8.268,
				2.133,
				-6,
				1,
				2.156,
				-3.732,
				2.178,
				19,
				2.2,
				19,
				1,
				2.222,
				19,
				2.244,
				-19,
				2.267,
				-19,
				1,
				2.3,
				-19,
				2.333,
				12,
				2.367,
				12,
				1,
				2.4,
				12,
				2.433,
				-0.285,
				2.467,
				-10,
				1,
				2.5,
				-19.715,
				2.533,
				-21,
				2.567,
				-21,
				1,
				2.589,
				-21,
				2.611,
				7,
				2.633,
				7,
				1,
				2.656,
				7,
				2.678,
				-19,
				2.7,
				-19,
				1,
				2.722,
				-19,
				2.744,
				13.697,
				2.767,
				16,
				1,
				2.789,
				18.303,
				2.811,
				18,
				2.833,
				18,
				1,
				2.856,
				18,
				2.878,
				-14,
				2.9,
				-14,
				1,
				2.922,
				-14,
				2.944,
				-8,
				2.967,
				4,
				1,
				2.989,
				16,
				3.011,
				22,
				3.033,
				22,
				1,
				3.056,
				22,
				3.078,
				-18,
				3.1,
				-18,
				1,
				3.111,
				-18,
				3.122,
				-13.543,
				3.133,
				-6,
				1,
				3.156,
				9.085,
				3.178,
				16,
				3.2,
				16,
				1,
				3.222,
				16,
				3.244,
				-8,
				3.267,
				-8,
				1,
				3.289,
				-8,
				3.311,
				-6,
				3.333,
				-6,
				1,
				3.378,
				-6,
				3.422,
				-19,
				3.467,
				-19,
				1,
				3.5,
				-19,
				3.533,
				12,
				3.567,
				12,
				1,
				3.6,
				12,
				3.633,
				-10,
				3.667,
				-10,
				1,
				3.689,
				-10,
				3.711,
				12,
				3.733,
				12,
				1,
				3.756,
				12,
				3.778,
				-6,
				3.8,
				-6,
				1,
				3.822,
				-6,
				3.844,
				11,
				3.867,
				11,
				1,
				3.922,
				11,
				3.978,
				4,
				4.033,
				4,
				1,
				4.056,
				4,
				4.078,
				22,
				4.1,
				22,
				1,
				4.122,
				22,
				4.144,
				-18,
				4.167,
				-18,
				1,
				4.178,
				-18,
				4.189,
				-13.543,
				4.2,
				-6,
				1,
				4.222,
				9.085,
				4.244,
				16,
				4.267,
				16,
				1,
				4.289,
				16,
				4.311,
				-8,
				4.333,
				-8,
				1,
				4.356,
				-8,
				4.378,
				-8.268,
				4.4,
				-6,
				1,
				4.422,
				-3.732,
				4.444,
				19,
				4.467,
				19,
				1,
				4.489,
				19,
				4.511,
				-19,
				4.533,
				-19,
				1,
				4.567,
				-19,
				4.6,
				12,
				4.633,
				12,
				1,
				4.667,
				12,
				4.7,
				-0.285,
				4.733,
				-10,
				1,
				4.767,
				-19.715,
				4.8,
				-21,
				4.833,
				-21,
				1,
				4.856,
				-21,
				4.878,
				7,
				4.9,
				7,
				1,
				4.922,
				7,
				4.944,
				-19,
				4.967,
				-19,
				1,
				4.989,
				-19,
				5.011,
				13.697,
				5.033,
				16,
				1,
				5.056,
				18.303,
				5.078,
				18,
				5.1,
				18,
				1,
				5.122,
				18,
				5.144,
				-14,
				5.167,
				-14,
				1,
				5.189,
				-14,
				5.211,
				-8,
				5.233,
				4,
				1,
				5.256,
				16,
				5.278,
				22,
				5.3,
				22,
				1,
				5.322,
				22,
				5.344,
				-18,
				5.367,
				-18,
				1,
				5.378,
				-18,
				5.389,
				-13.543,
				5.4,
				-6,
				1,
				5.422,
				9.085,
				5.444,
				16,
				5.467,
				16,
				1,
				5.489,
				16,
				5.511,
				-8,
				5.533,
				-8,
				1,
				5.556,
				-8,
				5.578,
				-6,
				5.6,
				-6,
				1,
				5.644,
				-6,
				5.689,
				-19,
				5.733,
				-19,
				1,
				5.767,
				-19,
				5.8,
				12,
				5.833,
				12,
				1,
				5.867,
				12,
				5.9,
				-10,
				5.933,
				-10,
				1,
				5.956,
				-10,
				5.978,
				12,
				6,
				12
			]
		},
		{
			"Target": "Parameter",
			"Id": "ParamPaiRX",
			"Segments": [
				0,
				-8,
				1,
				0.533,
				-8,
				1.067,
				-5.499,
				1.6,
				0,
				1,
				2.1,
				5.156,
				2.6,
				8,
				3.1,
				8,
				1,
				3.6,
				8,
				4.1,
				5.51,
				4.6,
				0,
				1,
				5.067,
				-5.143,
				5.533,
				-8,
				6,
				-8
			]
		},
		{
			"Target": "Parameter",
			"Id": "ParamPaiRY",
			"Segments": [
				0,
				-1,
				1,
				0.011,
				-1,
				0.022,
				-0.659,
				0.033,
				-0.438,
				1,
				0.556,
				9.939,
				1.078,
				15,
				1.6,
				15,
				1,
				2.1,
				15,
				2.6,
				8.951,
				3.1,
				-1,
				1,
				3.6,
				-10.951,
				4.1,
				-15,
				4.6,
				-15,
				1,
				5.056,
				-15,
				5.511,
				-10.663,
				5.967,
				-1.679,
				1,
				5.978,
				-1.46,
				5.989,
				-1,
				6,
				-1
			]
		},
		{
			"Target": "Parameter",
			"Id": "ParamPaiRX2",
			"Segments": [
				0,
				-4,
				1,
				0.467,
				-4,
				0.933,
				-1.368,
				1.4,
				1,
				1,
				1.9,
				3.537,
				2.4,
				4,
				2.9,
				4,
				1,
				3.4,
				4,
				3.9,
				2.578,
				4.4,
				0,
				1,
				4.933,
				-2.75,
				5.467,
				-4,
				6,
				-4
			]
		},
		{
			"Target": "Parameter",
			"Id": "ParamPaiRY2",
			"Segments": [
				0,
				1,
				1,
				0.011,
				1,
				0.022,
				1.494,
				0.033,
				1.6,
				1,
				0.489,
				5.939,
				0.944,
				8,
				1.4,
				8,
				1,
				1.9,
				8,
				2.4,
				4.247,
				2.9,
				-1,
				1,
				3.4,
				-6.247,
				3.9,
				-8,
				4.4,
				-8,
				1,
				4.922,
				-8,
				5.444,
				-5.264,
				5.967,
				0.438,
				1,
				5.978,
				0.559,
				5.989,
				1,
				6,
				1
			]
		},
		{
			"Target": "Parameter",
			"Id": "ParamBreat",
			"Segments": [
				0,
				0.5,
				1,
				0.011,
				0.5,
				0.022,
				0.535,
				0.033,
				0.542,
				1,
				0.522,
				0.853,
				1.011,
				1,
				1.5,
				1,
				1,
				2,
				1,
				2.5,
				0.815,
				3,
				0.5,
				1,
				3.556,
				0.15,
				4.111,
				0,
				4.667,
				0,
				1,
				5.1,
				0,
				5.533,
				0.148,
				5.967,
				0.46,
				1,
				5.978,
				0.468,
				5.989,
				0.5,
				6,
				0.5
			]
		},
		{
			"Target": "Parameter",
			"Id": "Param_Angle_Rotation16",
			"Segments": [
				0,
				0,
				0,
				6,
				0
			]
		},
		{
			"Target": "Parameter",
			"Id": "Param_Angle_Rotation18",
			"Segments": [
				0,
				0,
				0,
				6,
				0
			]
		},
		{
			"Target": "Parameter",
			"Id": "Param_Angle_Rotation19",
			"Segments": [
				0,
				9,
				0,
				6,
				9
			]
		},
		{
			"Target": "Parameter",
			"Id": "Param_Angle_Rotation22",
			"Segments": [
				0,
				0,
				0,
				6,
				0
			]
		},
		{
			"Target": "Parameter",
			"Id": "Param_Angle_Rotation23",
			"Segments": [
				0,
				-3,
				0,
				6,
				-3
			]
		},
		{
			"Target": "Parameter",
			"Id": "Param_Angle_Rotation25",
			"Segments": [
				0,
				0,
				0,
				6,
				0
			]
		},
		{
			"Target": "Parameter",
			"Id": "Param_Angle_Rotation26",
			"Segments": [
				0,
				-4,
				0,
				6,
				-4
			]
		},
		{
			"Target": "Parameter",
			"Id": "Param_Angle_Rotation62",
			"Segments": [
				0,
				1.82,
				1,
				0.022,
				1.82,
				0.044,
				1.65,
				0.067,
				1.469,
				1,
				0.189,
				0.472,
				0.311,
				-0.798,
				0.433,
				-1.406,
				1,
				0.956,
				-4.006,
				1.478,
				-5,
				2,
				-5,
				1,
				2.5,
				-5,
				3,
				-3.333,
				3.5,
				0,
				1,
				4,
				3.333,
				4.5,
				5,
				5,
				5,
				1,
				5.333,
				5,
				5.667,
				4.033,
				6,
				1.82
			]
		},
		{
			"Target": "Parameter",
			"Id": "Param_Angle_Rotation63",
			"Segments": [
				0,
				5.92,
				1,
				0.022,
				5.92,
				0.044,
				5.725,
				0.067,
				5.507,
				1,
				0.344,
				2.785,
				0.622,
				-0.713,
				0.9,
				-2.526,
				1,
				1.433,
				-6.006,
				1.967,
				-7,
				2.5,
				-7,
				1,
				3,
				-7,
				3.5,
				-4.894,
				4,
				0,
				1,
				4.478,
				4.676,
				4.956,
				7.392,
				5.433,
				7.392,
				1,
				5.622,
				7.392,
				5.811,
				7.444,
				6,
				5.92
			]
		},
		{
			"Target": "Parameter",
			"Id": "Param_Angle_Rotation64",
			"Segments": [
				0,
				11,
				1,
				0.5,
				11,
				1,
				7.333,
				1.5,
				0,
				1,
				2,
				-7.333,
				2.5,
				-11,
				3,
				-11,
				1,
				3.5,
				-11,
				4,
				-7.333,
				4.5,
				0,
				1,
				5,
				7.333,
				5.5,
				11,
				6,
				11
			]
		},
		{
			"Target": "Parameter",
			"Id": "Param_Angle_Rotation65",
			"Segments": [
				0,
				0,
				1,
				2,
				0,
				4,
				0,
				6,
				0
			]
		},
		{
			"Target": "Parameter",
			"Id": "Param_Angle_Rotation66",
			"Segments": [
				0,
				3.11,
				1,
				0.022,
				3.11,
				0.044,
				2.962,
				0.067,
				2.654,
				1,
				0.189,
				0.958,
				0.311,
				-0.92,
				0.433,
				-2.446,
				1,
				0.956,
				-8.967,
				1.478,
				-12,
				2,
				-12,
				1,
				2.5,
				-12,
				3,
				-8,
				3.5,
				0,
				1,
				4,
				8,
				4.5,
				12,
				5,
				12,
				1,
				5.333,
				12,
				5.667,
				8.285,
				6,
				3.11
			]
		},
		{
			"Target": "Parameter",
			"Id": "Param_Angle_Rotation67",
			"Segments": [
				0,
				8.89,
				1,
				0.011,
				8.89,
				0.022,
				8.798,
				0.033,
				8.668,
				1,
				0.3,
				5.537,
				0.567,
				2.561,
				0.833,
				-0.679,
				1,
				1.389,
				-7.428,
				1.944,
				-11,
				2.5,
				-11,
				1,
				3,
				-11,
				3.5,
				-7.875,
				4,
				0,
				1,
				4.467,
				7.35,
				4.933,
				11.985,
				5.4,
				11.985,
				1,
				5.6,
				11.985,
				5.8,
				11.676,
				6,
				8.89
			]
		},
		{
			"Target": "Parameter",
			"Id": "Param_Angle_Rotation68",
			"Segments": [
				0,
				12,
				1,
				0.5,
				12,
				1,
				6.849,
				1.5,
				0,
				1,
				2,
				-6.849,
				2.5,
				-9,
				3,
				-9,
				1,
				3.5,
				-9,
				4,
				-6.849,
				4.5,
				0,
				1,
				5,
				6.849,
				5.5,
				12,
				6,
				12
			]
		},
		{
			"Target": "Parameter",
			"Id": "Param_Angle_Rotation69",
			"Segments": [
				0,
				0,
				1,
				2,
				0,
				4,
				0,
				6,
				0
			]
		},
		{
			"Target": "Parameter",
			"Id": "Param_Angle_Rotation70",
			"Segments": [
				0,
				0,
				1,
				0.022,
				0,
				0.044,
				-0.201,
				0.067,
				-0.287,
				1,
				0.544,
				-2.142,
				1.022,
				-3,
				1.5,
				-3,
				1,
				2,
				-3,
				2.5,
				-2.499,
				3,
				0,
				1,
				3.5,
				2.499,
				4,
				5,
				4.5,
				5,
				1,
				4.978,
				5,
				5.456,
				3.394,
				5.933,
				0.209,
				1,
				5.956,
				0.061,
				5.978,
				0,
				6,
				0
			]
		},
		{
			"Target": "Parameter",
			"Id": "Param_Angle_Rotation71",
			"Segments": [
				0,
				2.08,
				1,
				0.022,
				2.08,
				0.044,
				1.896,
				0.067,
				1.719,
				1,
				0.178,
				0.836,
				0.289,
				0.06,
				0.4,
				-0.798,
				1,
				0.933,
				-4.913,
				1.467,
				-7,
				2,
				-7,
				1,
				2.5,
				-7,
				3,
				-4.977,
				3.5,
				0,
				1,
				4,
				4.977,
				4.5,
				8,
				5,
				8,
				1,
				5.333,
				8,
				5.667,
				5.536,
				6,
				2.08
			]
		},
		{
			"Target": "Parameter",
			"Id": "Param_Angle_Rotation72",
			"Segments": [
				0,
				8.15,
				1,
				0.022,
				8.15,
				0.044,
				7.765,
				0.067,
				7.49,
				1,
				0.356,
				3.911,
				0.644,
				0.886,
				0.933,
				-2.954,
				1,
				1.456,
				-9.895,
				1.978,
				-14,
				2.5,
				-14,
				1,
				3,
				-14,
				3.5,
				-10.033,
				4,
				0,
				1,
				4.4,
				8.027,
				4.8,
				13.308,
				5.2,
				13.308,
				1,
				5.467,
				13.308,
				5.733,
				12.037,
				6,
				8.15
			]
		},
		{
			"Target": "Parameter",
			"Id": "Param_Angle_Rotation74",
			"Segments": [
				0,
				0,
				1,
				0.011,
				0,
				0.022,
				-0.222,
				0.033,
				-0.355,
				1,
				0.522,
				-6.174,
				1.011,
				-9,
				1.5,
				-9,
				1,
				2,
				-9,
				2.5,
				-4.794,
				3,
				0,
				1,
				3.5,
				4.794,
				4,
				6,
				4.5,
				6,
				1,
				4.989,
				6,
				5.478,
				4.123,
				5.967,
				0.249,
				1,
				5.978,
				0.161,
				5.989,
				0,
				6,
				0
			]
		},
		{
			"Target": "Parameter",
			"Id": "Param_Angle_Rotation75",
			"Segments": [
				0,
				1.56,
				1,
				0.011,
				1.56,
				0.022,
				1.522,
				0.033,
				1.437,
				1,
				0.144,
				0.584,
				0.256,
				-0.325,
				0.367,
				-1.133,
				1,
				0.911,
				-5.09,
				1.456,
				-7,
				2,
				-7,
				1,
				2.5,
				-7,
				3,
				-4.307,
				3.5,
				0,
				1,
				4,
				4.307,
				4.5,
				6,
				5,
				6,
				1,
				5.333,
				6,
				5.667,
				4.153,
				6,
				1.56
			]
		},
		{
			"Target": "Parameter",
			"Id": "Param_Angle_Rotation76",
			"Segments": [
				0,
				4.44,
				1,
				0.011,
				4.44,
				0.022,
				4.374,
				0.033,
				4.287,
				1,
				0.267,
				2.454,
				0.5,
				0.816,
				0.733,
				-1.174,
				1,
				1.322,
				-6.198,
				1.911,
				-9,
				2.5,
				-9,
				1,
				3,
				-9,
				3.5,
				-5.267,
				4,
				0,
				1,
				4.433,
				4.564,
				4.867,
				6.007,
				5.3,
				6.007,
				1,
				5.533,
				6.007,
				5.767,
				5.913,
				6,
				4.44
			]
		},
		{
			"Target": "Parameter",
			"Id": "Param_Angle_Rotation77",
			"Segments": [
				0,
				1.48,
				1,
				0.333,
				1.48,
				0.667,
				0.926,
				1,
				0,
				1,
				1.5,
				-1.388,
				2,
				-2,
				2.5,
				-2,
				1,
				3,
				-2,
				3.5,
				-1.333,
				4,
				0,
				1,
				4.5,
				1.333,
				5,
				2,
				5.5,
				2,
				1,
				5.667,
				2,
				5.833,
				1.912,
				6,
				1.48
			]
		},
		{
			"Target": "Parameter",
			"Id": "Param_Angle_Rotation78",
			"Segments": [
				0,
				7,
				1,
				0.5,
				7,
				1,
				5.484,
				1.5,
				0,
				1,
				2,
				-5.484,
				2.5,
				-10,
				3,
				-10,
				1,
				3.5,
				-10,
				4,
				-5.484,
				4.5,
				0,
				1,
				5,
				5.484,
				5.5,
				7,
				6,
				7
			]
		},
		{
			"Target": "Parameter",
			"Id": "Param_Angle_Rotation79",
			"Segments": [
				0,
				10.86,
				1,
				0.022,
				10.86,
				0.044,
				11.094,
				0.067,
				11.185,
				1,
				0.211,
				11.776,
				0.356,
				12,
				0.5,
				12,
				1,
				1,
				12,
				1.5,
				8.476,
				2,
				0,
				1,
				2.556,
				-9.418,
				3.111,
				-14.933,
				3.667,
				-14.933,
				1,
				4.111,
				-14.933,
				4.556,
				-6.783,
				5,
				0,
				1,
				5.333,
				5.087,
				5.667,
				8.39,
				6,
				10.86
			]
		},
		{
			"Target": "Parameter",
			"Id": "Param_Angle_Rotation80",
			"Segments": [
				0,
				0,
				1,
				2,
				0,
				4,
				0,
				6,
				0
			]
		},
		{
			"Target": "Parameter",
			"Id": "Param_Angle_Rotation81",
			"Segments": [
				0,
				0,
				1,
				0.022,
				0,
				0.044,
				-0.237,
				0.067,
				-0.353,
				1,
				0.544,
				-2.841,
				1.022,
				-4,
				1.5,
				-4,
				1,
				2,
				-4,
				2.5,
				-2.667,
				3,
				0,
				1,
				3.5,
				2.667,
				4,
				4,
				4.5,
				4,
				1,
				4.978,
				4,
				5.456,
				2.749,
				5.933,
				0.203,
				1,
				5.956,
				0.085,
				5.978,
				0,
				6,
				0
			]
		},
		{
			"Target": "Parameter",
			"Id": "Param_Angle_Rotation82",
			"Segments": [
				0,
				1.04,
				1,
				0.011,
				1.04,
				0.022,
				1.011,
				0.033,
				0.975,
				1,
				0.178,
				0.506,
				0.322,
				0.068,
				0.467,
				-0.414,
				1,
				0.978,
				-2.118,
				1.489,
				-3,
				2,
				-3,
				1,
				2.5,
				-3,
				3,
				-2.285,
				3.5,
				0,
				1,
				4,
				2.285,
				4.5,
				4,
				5,
				4,
				1,
				5.333,
				4,
				5.667,
				2.769,
				6,
				1.04
			]
		},
		{
			"Target": "Parameter",
			"Id": "Param_Angle_Rotation83",
			"Segments": [
				0,
				7.41,
				1,
				0.011,
				7.41,
				0.022,
				7.327,
				0.033,
				7.221,
				1,
				0.344,
				4.265,
				0.656,
				1.619,
				0.967,
				-1.595,
				1,
				1.478,
				-6.877,
				1.989,
				-10,
				2.5,
				-10,
				1,
				3,
				-10,
				3.5,
				-6.667,
				4,
				0,
				1,
				4.5,
				6.667,
				5,
				10,
				5.5,
				10,
				1,
				5.667,
				10,
				5.833,
				9.567,
				6,
				7.41
			]
		},
		{
			"Target": "Parameter",
			"Id": "Param_Angle_Rotation84",
			"Segments": [
				0,
				0,
				1,
				2,
				0,
				4,
				0,
				6,
				0
			]
		},
		{
			"Target": "Parameter",
			"Id": "Param_Angle_Rotation85",
			"Segments": [
				0,
				1.82,
				1,
				0.022,
				1.82,
				0.044,
				1.695,
				0.067,
				1.522,
				1,
				0.189,
				0.57,
				0.311,
				-0.499,
				0.433,
				-1.267,
				1,
				0.956,
				-4.55,
				1.478,
				-6,
				2,
				-6,
				1,
				2.5,
				-6,
				3,
				-4.307,
				3.5,
				0,
				1,
				4,
				4.307,
				4.5,
				7,
				5,
				7,
				1,
				5.333,
				7,
				5.667,
				4.844,
				6,
				1.82
			]
		},
		{
			"Target": "Parameter",
			"Id": "Param_Angle_Rotation86",
			"Segments": [
				0,
				1.266,
				1,
				0.011,
				1.266,
				0.022,
				1.174,
				0.033,
				1.141,
				1,
				0.289,
				0.395,
				0.544,
				-0.415,
				0.8,
				-1.041,
				1,
				1.367,
				-2.429,
				1.933,
				-3,
				2.5,
				-3,
				1,
				3,
				-3,
				3.5,
				-2.132,
				4,
				0,
				1,
				4.433,
				1.848,
				4.867,
				3,
				5.3,
				3,
				1,
				5.533,
				3,
				5.767,
				2.006,
				6,
				1.266
			]
		},
		{
			"Target": "Parameter",
			"Id": "Param_Angle_Rotation87",
			"Segments": [
				0,
				2,
				1,
				0.5,
				2,
				1,
				1.333,
				1.5,
				0,
				1,
				2,
				-1.333,
				2.5,
				-2,
				3,
				-2,
				1,
				3.5,
				-2,
				4,
				-1.333,
				4.5,
				0,
				1,
				5,
				1.333,
				5.5,
				2,
				6,
				2
			]
		},
		{
			"Target": "Parameter",
			"Id": "Param_Angle_Rotation88",
			"Segments": [
				0,
				6.47,
				1,
				0.022,
				6.47,
				0.044,
				6.699,
				0.067,
				6.911,
				1,
				0.278,
				8.926,
				0.489,
				9.848,
				0.7,
				9.848,
				1,
				1.133,
				9.848,
				1.567,
				6.117,
				2,
				0,
				1,
				2.5,
				-7.058,
				3,
				-10,
				3.5,
				-10,
				1,
				4.1,
				-10,
				4.7,
				-7.504,
				5.3,
				-1.584,
				1,
				5.533,
				0.718,
				5.767,
				2.826,
				6,
				6.47
			]
		},
		{
			"Target": "Parameter",
			"Id": "Param_Angle_Rotation89",
			"Segments": [
				0,
				0,
				1,
				2,
				0,
				4,
				0,
				6,
				0
			]
		},
		{
			"Target": "Parameter",
			"Id": "Param_Angle_Rotation90",
			"Segments": [
				0,
				1.82,
				1,
				0.022,
				1.82,
				0.044,
				1.703,
				0.067,
				1.574,
				1,
				0.211,
				0.733,
				0.356,
				-0.069,
				0.5,
				-0.869,
				1,
				1,
				-3.637,
				1.5,
				-5,
				2,
				-5,
				1,
				2.5,
				-5,
				3,
				-3.887,
				3.5,
				0,
				1,
				4,
				3.887,
				4.5,
				7,
				5,
				7,
				1,
				5.333,
				7,
				5.667,
				4.844,
				6,
				1.82
			]
		},
		{
			"Target": "Parameter",
			"Id": "Param_Angle_Rotation91",
			"Segments": [
				0,
				5.92,
				1,
				0.011,
				5.92,
				0.022,
				5.828,
				0.033,
				5.732,
				1,
				0.278,
				3.622,
				0.522,
				1.364,
				0.767,
				-0.532,
				1,
				1.344,
				-5.012,
				1.922,
				-7,
				2.5,
				-7,
				1,
				3,
				-7,
				3.5,
				-4.977,
				4,
				0,
				1,
				4.5,
				4.977,
				5,
				8,
				5.5,
				8,
				1,
				5.667,
				8,
				5.833,
				7.648,
				6,
				5.92
			]
		},
		{
			"Target": "Parameter",
			"Id": "Param_Angle_Rotation92",
			"Segments": [
				0,
				8,
				1,
				0.5,
				8,
				1,
				4.977,
				1.5,
				0,
				1,
				2,
				-4.977,
				2.5,
				-7,
				3,
				-7,
				1,
				3.5,
				-7,
				4,
				-4.977,
				4.5,
				0,
				1,
				5,
				4.977,
				5.5,
				8,
				6,
				8
			]
		},
		{
			"Target": "Parameter",
			"Id": "Param_Angle_Rotation93",
			"Segments": [
				0,
				13.33,
				1,
				0.011,
				13.33,
				0.022,
				13.428,
				0.033,
				13.501,
				1,
				0.189,
				14.526,
				0.344,
				15,
				0.5,
				15,
				1,
				1,
				15,
				1.5,
				10,
				2,
				0,
				1,
				2.5,
				-10,
				3,
				-15,
				3.5,
				-15,
				1,
				4,
				-15,
				4.5,
				-8.308,
				5,
				0,
				1,
				5.333,
				5.539,
				5.667,
				10.006,
				6,
				13.33
			]
		},
		{
			"Target": "Parameter",
			"Id": "Param_Angle_Rotation95",
			"Segments": [
				0,
				1.56,
				1,
				0.011,
				1.56,
				0.022,
				1.504,
				0.033,
				1.462,
				1,
				0.167,
				0.96,
				0.3,
				0.506,
				0.433,
				0,
				1,
				0.956,
				-1.981,
				1.478,
				-3,
				2,
				-3,
				1,
				2.5,
				-3,
				3,
				-2.238,
				3.5,
				0,
				1,
				4,
				2.238,
				4.5,
				3.81,
				5,
				3.81,
				1,
				5.333,
				3.81,
				5.667,
				3.213,
				6,
				1.56
			]
		},
		{
			"Target": "Parameter",
			"Id": "Param_Angle_Rotation96",
			"Segments": [
				0,
				2.242,
				1,
				0.022,
				2.242,
				0.044,
				2.123,
				0.067,
				2.035,
				1,
				0.311,
				1.071,
				0.556,
				0.165,
				0.8,
				-0.766,
				1,
				1.367,
				-2.924,
				1.933,
				-4,
				2.5,
				-4,
				1,
				3,
				-4,
				3.5,
				-2.854,
				4,
				0,
				1,
				4.422,
				2.41,
				4.844,
				3.943,
				5.267,
				3.943,
				1,
				5.511,
				3.943,
				5.756,
				3.353,
				6,
				2.242
			]
		},
		{
			"Target": "Parameter",
			"Id": "Param_Angle_Rotation97",
			"Segments": [
				0,
				6,
				1,
				0.5,
				6,
				1,
				3.198,
				1.5,
				0,
				1,
				2,
				-3.198,
				2.5,
				-4,
				3,
				-4,
				1,
				3.5,
				-4,
				4,
				-3.198,
				4.5,
				0,
				1,
				5,
				3.198,
				5.5,
				6,
				6,
				6
			]
		},
		{
			"Target": "Parameter",
			"Id": "Param_Angle_Rotation98",
			"Segments": [
				0,
				7,
				1,
				0.011,
				7,
				0.022,
				7.192,
				0.033,
				7.265,
				1,
				0.189,
				8.284,
				0.344,
				8.734,
				0.5,
				8.734,
				1,
				1,
				8.734,
				1.5,
				5.892,
				2,
				0,
				1,
				2.5,
				-5.892,
				3,
				-8.944,
				3.5,
				-8.944,
				1,
				4.067,
				-8.944,
				4.633,
				-6.812,
				5.2,
				-1.583,
				1,
				5.467,
				0.877,
				5.733,
				4.147,
				6,
				7
			]
		},
		{
			"Target": "Parameter",
			"Id": "Param_Angle_Rotation101",
			"Segments": [
				0,
				2.08,
				1,
				0.011,
				2.08,
				0.022,
				1.964,
				0.033,
				1.864,
				1,
				0.133,
				0.961,
				0.233,
				0.114,
				0.333,
				-0.756,
				1,
				0.889,
				-5.589,
				1.444,
				-8,
				2,
				-8,
				1,
				2.5,
				-8,
				3,
				-5.333,
				3.5,
				0,
				1,
				4,
				5.333,
				4.5,
				8,
				5,
				8,
				1,
				5.333,
				8,
				5.667,
				5.536,
				6,
				2.08
			]
		},
		{
			"Target": "Parameter",
			"Id": "Param_Angle_Rotation102",
			"Segments": [
				0,
				5.92,
				1,
				0.011,
				5.92,
				0.022,
				5.766,
				0.033,
				5.672,
				1,
				0.278,
				3.602,
				0.522,
				1.483,
				0.767,
				-0.421,
				1,
				1.344,
				-4.922,
				1.922,
				-7,
				2.5,
				-7,
				1,
				3,
				-7,
				3.5,
				-4.977,
				4,
				0,
				1,
				4.5,
				4.977,
				5,
				8,
				5.5,
				8,
				1,
				5.667,
				8,
				5.833,
				7.648,
				6,
				5.92
			]
		},
		{
			"Target": "Parameter",
			"Id": "Param_Angle_Rotation103",
			"Segments": [
				0,
				8,
				1,
				0.5,
				8,
				1,
				4.977,
				1.5,
				0,
				1,
				2,
				-4.977,
				2.5,
				-7,
				3,
				-7,
				1,
				3.5,
				-7,
				4,
				-4.977,
				4.5,
				0,
				1,
				5,
				4.977,
				5.5,
				8,
				6,
				8
			]
		},
		{
			"Target": "Parameter",
			"Id": "Param_Angle_Rotation104",
			"Segments": [
				0,
				13.33,
				1,
				0.011,
				13.33,
				0.022,
				13.521,
				0.033,
				13.591,
				1,
				0.189,
				14.57,
				0.344,
				15,
				0.5,
				15,
				1,
				1,
				15,
				1.5,
				10,
				2,
				0,
				1,
				2.5,
				-10,
				3,
				-15,
				3.5,
				-15,
				1,
				4,
				-15,
				4.5,
				-8.308,
				5,
				0,
				1,
				5.333,
				5.539,
				5.667,
				10.006,
				6,
				13.33
			]
		},
		{
			"Target": "Parameter",
			"Id": "Param_Angle_Rotation106",
			"Segments": [
				0,
				2.08,
				1,
				0.011,
				2.08,
				0.022,
				1.949,
				0.033,
				1.836,
				1,
				0.133,
				0.823,
				0.233,
				-0.153,
				0.333,
				-1.105,
				1,
				0.889,
				-6.395,
				1.444,
				-9,
				2,
				-9,
				1,
				2.5,
				-9,
				3,
				-5.646,
				3.5,
				0,
				1,
				4,
				5.646,
				4.5,
				8,
				5,
				8,
				1,
				5.333,
				8,
				5.667,
				5.536,
				6,
				2.08
			]
		},
		{
			"Target": "Parameter",
			"Id": "Param_Angle_Rotation107",
			"Segments": [
				0,
				3.181,
				0,
				0.033,
				3.181,
				1,
				0.056,
				3.181,
				0.078,
				2.941,
				0.1,
				2.805,
				1,
				0.289,
				1.646,
				0.478,
				0.594,
				0.667,
				-0.496,
				1,
				1.189,
				-3.509,
				1.711,
				-5,
				2.233,
				-5,
				1,
				2.822,
				-5,
				3.411,
				-3.698,
				4,
				0,
				1,
				4.456,
				2.861,
				4.911,
				5,
				5.367,
				5,
				1,
				5.578,
				5,
				5.789,
				4.638,
				6,
				3.368
			]
		},
		{
			"Target": "Parameter",
			"Id": "Param_Angle_Rotation108",
			"Segments": [
				0,
				10,
				1,
				0.5,
				10,
				1,
				6.667,
				1.5,
				0,
				1,
				2,
				-6.667,
				2.5,
				-10,
				3,
				-10,
				1,
				3.5,
				-10,
				4,
				-6.667,
				4.5,
				0,
				1,
				5,
				6.667,
				5.5,
				10,
				6,
				10
			]
		},
		{
			"Target": "Parameter",
			"Id": "Param_Angle_Rotation109",
			"Segments": [
				0,
				0,
				1,
				2,
				0,
				4,
				0,
				6,
				0
			]
		},
		{
			"Target": "Parameter",
			"Id": "Param_Angle_Rotation110",
			"Segments": [
				0,
				5.92,
				1,
				0.022,
				5.92,
				0.044,
				5.734,
				0.067,
				5.561,
				1,
				0.367,
				3.227,
				0.667,
				1.187,
				0.967,
				-1.3,
				1,
				1.478,
				-5.537,
				1.989,
				-8,
				2.5,
				-8,
				1,
				3,
				-8,
				3.5,
				-5.333,
				4,
				0,
				1,
				4.5,
				5.333,
				5,
				8,
				5.5,
				8,
				1,
				5.667,
				8,
				5.833,
				7.648,
				6,
				5.92
			]
		},
		{
			"Target": "Parameter",
			"Id": "Param_Angle_Rotation111",
			"Segments": [
				0,
				8,
				1,
				0.5,
				8,
				1,
				5.333,
				1.5,
				0,
				1,
				2,
				-5.333,
				2.5,
				-8,
				3,
				-8,
				1,
				3.5,
				-8,
				4,
				-5.333,
				4.5,
				0,
				1,
				5,
				5.333,
				5.5,
				8,
				6,
				8
			]
		},
		{
			"Target": "Parameter",
			"Id": "Param_Angle_Rotation113",
			"Segments": [
				0,
				0,
				1,
				2,
				0,
				4,
				0,
				6,
				0
			]
		},
		{
			"Target": "Parameter",
			"Id": "Param_Angle_Rotation114",
			"Segments": [
				0,
				2.851,
				1,
				0.011,
				2.851,
				0.022,
				2.66,
				0.033,
				2.603,
				1,
				0.289,
				1.275,
				0.544,
				-0.103,
				0.8,
				-1.272,
				1,
				1.367,
				-3.864,
				1.933,
				-5,
				2.5,
				-5,
				1,
				3,
				-5,
				3.5,
				-3.517,
				4,
				0,
				1,
				4.444,
				3.126,
				4.889,
				5,
				5.333,
				5,
				1,
				5.556,
				5,
				5.778,
				4.179,
				6,
				2.851
			]
		},
		{
			"Target": "Parameter",
			"Id": "Param_Angle_Rotation115",
			"Segments": [
				0,
				5,
				1,
				0.5,
				5,
				1,
				3.333,
				1.5,
				0,
				1,
				2,
				-3.333,
				2.5,
				-5,
				3,
				-5,
				1,
				3.5,
				-5,
				4,
				-3.333,
				4.5,
				0,
				1,
				5,
				3.333,
				5.5,
				5,
				6,
				5
			]
		},
		{
			"Target": "Parameter",
			"Id": "Param_Angle_Rotation116",
			"Segments": [
				0,
				0,
				1,
				2,
				0,
				4,
				0,
				6,
				0
			]
		},
		{
			"Target": "Parameter",
			"Id": "Param_Angle_Rotation117",
			"Segments": [
				0,
				8,
				1,
				0.5,
				8,
				1,
				4.977,
				1.5,
				0,
				1,
				2,
				-4.977,
				2.5,
				-7,
				3,
				-7,
				1,
				3.5,
				-7,
				4,
				-4.977,
				4.5,
				0,
				1,
				5,
				4.977,
				5.5,
				8,
				6,
				8
			]
		},
		{
			"Target": "Parameter",
			"Id": "Param_Angle_Rotation118",
			"Segments": [
				0,
				4.319,
				1,
				0.011,
				4.319,
				0.022,
				4.443,
				0.033,
				4.48,
				1,
				0.189,
				4.989,
				0.344,
				5.209,
				0.5,
				5.209,
				1,
				1,
				5.209,
				1.5,
				3.401,
				2,
				0,
				1,
				2.5,
				-3.401,
				3,
				-5,
				3.5,
				-5,
				1,
				4,
				-5,
				4.5,
				-2.737,
				5,
				0,
				1,
				5.333,
				1.824,
				5.667,
				2.975,
				6,
				4.319
			]
		},
		{
			"Target": "Parameter",
			"Id": "Param_Angle_Rotation119",
			"Segments": [
				0,
				2.199,
				1,
				0.011,
				2.199,
				0.022,
				2.39,
				0.033,
				2.45,
				1,
				0.356,
				4.187,
				0.678,
				5,
				1,
				5,
				1,
				1.5,
				5,
				2,
				3.333,
				2.5,
				0,
				1,
				3,
				-3.333,
				3.5,
				-5,
				4,
				-5,
				1,
				4.5,
				-5,
				5,
				-3.902,
				5.5,
				-1.194,
				1,
				5.667,
				-0.292,
				5.833,
				0.638,
				6,
				2.199
			]
		},
		{
			"Target": "Parameter",
			"Id": "Param_Angle_Rotation120",
			"Segments": [
				0,
				0,
				0,
				6,
				0
			]
		},
		{
			"Target": "Parameter",
			"Id": "Param_Angle_Rotation121",
			"Segments": [
				0,
				2.608,
				1,
				0.022,
				2.608,
				0.044,
				3.034,
				0.067,
				3.139,
				1,
				0.344,
				4.448,
				0.622,
				5,
				0.9,
				5,
				1,
				1.378,
				5,
				1.856,
				2.962,
				2.333,
				0,
				1,
				2.867,
				-3.307,
				3.4,
				-4.512,
				3.933,
				-4.512,
				1,
				4.422,
				-4.512,
				4.911,
				-3.447,
				5.4,
				-1.061,
				1,
				5.567,
				-0.248,
				5.733,
				0.7,
				5.9,
				1.68,
				1,
				5.933,
				1.876,
				5.967,
				2.025,
				6,
				2.608
			]
		},
		{
			"Target": "Parameter",
			"Id": "Param_Angle_Rotation122",
			"Segments": [
				0,
				2.521,
				1,
				0.011,
				2.521,
				0.022,
				2.69,
				0.033,
				2.743,
				1,
				0.356,
				4.28,
				0.678,
				5,
				1,
				5,
				1,
				1.5,
				5,
				2,
				3.333,
				2.5,
				0,
				1,
				3,
				-3.333,
				3.5,
				-5,
				4,
				-5,
				1,
				4.489,
				-5,
				4.978,
				-3.916,
				5.467,
				-1.194,
				1,
				5.644,
				-0.205,
				5.822,
				0.898,
				6,
				2.521
			]
		},
		{
			"Target": "Parameter",
			"Id": "Param_Angle_Rotation123",
			"Segments": [
				0,
				0,
				1,
				0.011,
				0,
				0.022,
				0.25,
				0.033,
				0.342,
				1,
				0.522,
				4.368,
				1.011,
				6.303,
				1.5,
				6.303,
				1,
				2,
				6.303,
				2.5,
				4.051,
				3,
				0,
				1,
				3.511,
				-4.141,
				4.022,
				-6,
				4.533,
				-6,
				1,
				5.022,
				-6,
				5.511,
				-4.532,
				6,
				0
			]
		},
		{
			"Target": "Parameter",
			"Id": "Param_Angle_Rotation128",
			"Segments": [
				0,
				0,
				1,
				0.011,
				0,
				0.022,
				0.104,
				0.033,
				0.222,
				1,
				0.522,
				5.431,
				1.011,
				8,
				1.5,
				8,
				1,
				2,
				8,
				2.5,
				5.646,
				3,
				0,
				1,
				3.5,
				-5.646,
				4,
				-9,
				4.5,
				-9,
				1,
				4.989,
				-9,
				5.478,
				-6.088,
				5.967,
				-0.223,
				1,
				5.978,
				-0.09,
				5.989,
				0,
				6,
				0
			]
		},
		{
			"Target": "Parameter",
			"Id": "Param_Angle_Rotation129",
			"Segments": [
				0,
				-2.34,
				1,
				0.011,
				-2.34,
				0.022,
				-2.229,
				0.033,
				-2.15,
				1,
				0.189,
				-1.042,
				0.344,
				-0.101,
				0.5,
				1.087,
				1,
				1,
				4.905,
				1.5,
				7,
				2,
				7,
				1,
				2.5,
				7,
				3,
				5.247,
				3.5,
				0,
				1,
				4,
				-5.247,
				4.5,
				-9,
				5,
				-9,
				1,
				5.333,
				-9,
				5.667,
				-6.227,
				6,
				-2.34
			]
		},
		{
			"Target": "Parameter",
			"Id": "Param_Angle_Rotation130",
			"Segments": [
				0,
				-6.66,
				1,
				0.022,
				-6.66,
				0.044,
				-6.366,
				0.067,
				-6.173,
				1,
				0.367,
				-3.564,
				0.667,
				-1.126,
				0.967,
				1.431,
				1,
				1.478,
				5.788,
				1.989,
				8,
				2.5,
				8,
				1,
				3,
				8,
				3.5,
				5.646,
				4,
				0,
				1,
				4.5,
				-5.646,
				5,
				-9,
				5.5,
				-9,
				1,
				5.667,
				-9,
				5.833,
				-8.603,
				6,
				-6.66
			]
		},
		{
			"Target": "Parameter",
			"Id": "Param_Angle_Rotation132",
			"Segments": [
				0,
				0,
				1,
				0.011,
				0,
				0.022,
				-0.241,
				0.033,
				-0.373,
				1,
				0.522,
				-6.184,
				1.011,
				-9,
				1.5,
				-9,
				1,
				2,
				-9,
				2.5,
				-5.646,
				3,
				0,
				1,
				3.5,
				5.646,
				4,
				8,
				4.5,
				8,
				1,
				4.989,
				8,
				5.478,
				5.431,
				5.967,
				0.222,
				1,
				5.978,
				0.104,
				5.989,
				0,
				6,
				0
			]
		},
		{
			"Target": "Parameter",
			"Id": "Param_Angle_Rotation133",
			"Segments": [
				0,
				2.08,
				1,
				0.022,
				2.08,
				0.044,
				1.942,
				0.067,
				1.762,
				1,
				0.2,
				0.68,
				0.333,
				-0.151,
				0.467,
				-1.406,
				1,
				0.978,
				-6.218,
				1.489,
				-9,
				2,
				-9,
				1,
				2.5,
				-9,
				3,
				-5.646,
				3.5,
				0,
				1,
				4,
				5.646,
				4.5,
				8,
				5,
				8,
				1,
				5.333,
				8,
				5.667,
				5.536,
				6,
				2.08
			]
		},
		{
			"Target": "Parameter",
			"Id": "Param_Angle_Rotation134",
			"Segments": [
				0,
				5.92,
				1,
				0.011,
				5.92,
				0.022,
				5.807,
				0.033,
				5.704,
				1,
				0.322,
				3.037,
				0.611,
				0.304,
				0.9,
				-2.21,
				1,
				1.433,
				-6.851,
				1.967,
				-9,
				2.5,
				-9,
				1,
				3,
				-9,
				3.5,
				-5.646,
				4,
				0,
				1,
				4.5,
				5.646,
				5,
				8,
				5.5,
				8,
				1,
				5.667,
				8,
				5.833,
				7.648,
				6,
				5.92
			]
		},
		{
			"Target": "Parameter",
			"Id": "Param_Angle_Rotation135",
			"Segments": [
				0,
				8,
				1,
				0.5,
				8,
				1,
				5.923,
				1.5,
				0,
				1,
				2,
				-5.923,
				2.5,
				-10,
				3,
				-10,
				1,
				3.5,
				-10,
				4,
				-5.923,
				4.5,
				0,
				1,
				5,
				5.923,
				5.5,
				8,
				6,
				8
			]
		}
	]
}