{
	"Version": 3,
	"Parameters": [
		{
			"Id": "ParamEff1",
			"GroupId": "ParamGroup",
			"Name": "エフェクト1"
		},
		{
			"Id": "ParamEff2",
			"GroupId": "ParamGroup",
			"Name": "エフェクト2"
		},
		{
			"Id": "ParamEff3",
			"GroupId": "ParamGroup",
			"Name": "エフェクト3"
		},
		{
			"Id": "ParamEff4",
			"GroupId": "ParamGroup",
			"Name": "エフェクト4"
		},
		{
			"Id": "ParamEff5",
			"GroupId": "ParamGroup",
			"Name": "エフェクト5"
		},
		{
			"Id": "ParamEff6",
			"GroupId": "ParamGroup",
			"Name": "エフェクト6"
		},
		{
			"Id": "ParamEff7",
			"GroupId": "ParamGroup",
			"Name": "エフェクト7"
		},
		{
			"Id": "ParamEff8",
			"GroupId": "ParamGroup",
			"Name": "エフェクト8"
		},
		{
			"Id": "ParamEff9",
			"GroupId": "ParamGroup",
			"Name": "エフェクト9"
		},
		{
			"Id": "ParamEff10",
			"GroupId": "ParamGroup",
			"Name": "エフェクト10"
		},
		{
			"Id": "ParamEff11",
			"GroupId": "ParamGroup",
			"Name": "エフェクト11"
		},
		{
			"Id": "ParamEff12",
			"GroupId": "ParamGroup",
			"Name": "エフェクト12"
		},
		{
			"Id": "ParamEff13",
			"GroupId": "ParamGroup",
			"Name": "エフェクト13"
		},
		{
			"Id": "ParamEff14",
			"GroupId": "ParamGroup",
			"Name": "エフェクト14"
		},
		{
			"Id": "ParamEff15",
			"GroupId": "ParamGroup",
			"Name": "エフェクト15"
		},
		{
			"Id": "ParamEff16",
			"GroupId": "ParamGroup",
			"Name": "エフェクト16"
		},
		{
			"Id": "ParamEff17",
			"GroupId": "ParamGroup",
			"Name": "エフェクト17"
		},
		{
			"Id": "ParamEff18",
			"GroupId": "ParamGroup",
			"Name": "エフェクト18"
		},
		{
			"Id": "ParamEff19",
			"GroupId": "ParamGroup",
			"Name": "エフェクト19"
		},
		{
			"Id": "ParamEff20",
			"GroupId": "ParamGroup",
			"Name": "エフェクト20"
		},
		{
			"Id": "ParamEff21",
			"GroupId": "ParamGroup",
			"Name": "エフェクト21"
		},
		{
			"Id": "ParamEff22",
			"GroupId": "ParamGroup",
			"Name": "エフェクト22"
		},
		{
			"Id": "ParamEff23",
			"GroupId": "ParamGroup",
			"Name": "エフェクト23"
		},
		{
			"Id": "ParamEff24",
			"GroupId": "ParamGroup",
			"Name": "エフェクト24"
		},
		{
			"Id": "ParamEff25",
			"GroupId": "ParamGroup",
			"Name": "エフェクト25"
		},
		{
			"Id": "ParamEff26",
			"GroupId": "ParamGroup",
			"Name": "エフェクト26"
		},
		{
			"Id": "ParamEff27",
			"GroupId": "ParamGroup",
			"Name": "エフェクト27"
		},
		{
			"Id": "ParamEff28",
			"GroupId": "ParamGroup",
			"Name": "エフェクト28"
		},
		{
			"Id": "ParamEff29",
			"GroupId": "ParamGroup",
			"Name": "エフェクト29"
		},
		{
			"Id": "ParamEff30",
			"GroupId": "ParamGroup",
			"Name": "エフェクト30"
		},
		{
			"Id": "ParamEff31",
			"GroupId": "ParamGroup",
			"Name": "エフェクト31"
		},
		{
			"Id": "ParamEff32",
			"GroupId": "ParamGroup",
			"Name": "エフェクト32"
		},
		{
			"Id": "ParamEff33",
			"GroupId": "ParamGroup",
			"Name": "エフェクト33"
		},
		{
			"Id": "ParamPachi",
			"GroupId": "ParamGroup2",
			"Name": "目パチ"
		},
		{
			"Id": "ParamLegL1",
			"GroupId": "ParamGroup2",
			"Name": "右太もも"
		},
		{
			"Id": "ParamLegL2",
			"GroupId": "ParamGroup2",
			"Name": "右足"
		},
		{
			"Id": "ParamLegR1",
			"GroupId": "ParamGroup2",
			"Name": "左太もも"
		},
		{
			"Id": "ParamLegR2",
			"GroupId": "ParamGroup2",
			"Name": "左足"
		},
		{
			"Id": "ParamEyeRL",
			"GroupId": "ParamGroup2",
			"Name": "目Hi左右"
		},
		{
			"Id": "ParamEyeUD",
			"GroupId": "ParamGroup2",
			"Name": "目Hi上下"
		},
		{
			"Id": "ParamEyeBS",
			"GroupId": "ParamGroup2",
			"Name": "目Hi大小"
		},
		{
			"Id": "ParamPaiRX",
			"GroupId": "ParamGroup2",
			"Name": "右胸 X"
		},
		{
			"Id": "ParamPaiRY",
			"GroupId": "ParamGroup2",
			"Name": "右胸 Y"
		},
		{
			"Id": "ParamPaiRX2",
			"GroupId": "ParamGroup2",
			"Name": "右胸 X2"
		},
		{
			"Id": "ParamPaiRY2",
			"GroupId": "ParamGroup2",
			"Name": "右胸 Y2"
		},
		{
			"Id": "ParamPaiLY",
			"GroupId": "ParamGroup2",
			"Name": "左胸 Y"
		},
		{
			"Id": "ParamPaiLX",
			"GroupId": "ParamGroup2",
			"Name": "左胸 X"
		},
		{
			"Id": "ParamPaiLY2",
			"GroupId": "ParamGroup2",
			"Name": "左胸 Y2"
		},
		{
			"Id": "ParamPaiLX2",
			"GroupId": "ParamGroup2",
			"Name": "左胸 X2"
		},
		{
			"Id": "ParamBreat",
			"GroupId": "ParamGroup2",
			"Name": "呼吸"
		},
		{
			"Id": "Param_Angle_Rotation",
			"GroupId": "ParamGroup4",
			"Name": "[0]エフェクト1"
		},
		{
			"Id": "Param_Angle_Rotation2",
			"GroupId": "ParamGroup4",
			"Name": "[1]エフェクト1"
		},
		{
			"Id": "Param_Angle_Rotation3",
			"GroupId": "ParamGroup4",
			"Name": "[2]エフェクト1"
		},
		{
			"Id": "Param_Angle_Rotation4",
			"GroupId": "ParamGroup4",
			"Name": "[3]エフェクト1"
		},
		{
			"Id": "Param_Angle_Rotation5",
			"GroupId": "ParamGroup5",
			"Name": "[0]エフェクト2"
		},
		{
			"Id": "Param_Angle_Rotation6",
			"GroupId": "ParamGroup5",
			"Name": "[1]エフェクト2"
		},
		{
			"Id": "Param_Angle_Rotation7",
			"GroupId": "ParamGroup5",
			"Name": "[2]エフェクト2"
		},
		{
			"Id": "Param_Angle_Rotation8",
			"GroupId": "ParamGroup5",
			"Name": "[3]エフェクト2"
		},
		{
			"Id": "Param_Angle_Rotation9",
			"GroupId": "ParamGroup6",
			"Name": "[0]エフェクト3"
		},
		{
			"Id": "Param_Angle_Rotation10",
			"GroupId": "ParamGroup6",
			"Name": "[1]エフェクト3"
		},
		{
			"Id": "Param_Angle_Rotation11",
			"GroupId": "ParamGroup6",
			"Name": "[2]エフェクト3"
		},
		{
			"Id": "Param_Angle_Rotation13",
			"GroupId": "ParamGroup7",
			"Name": "[0]エフェクト4"
		},
		{
			"Id": "Param_Angle_Rotation14",
			"GroupId": "ParamGroup7",
			"Name": "[1]エフェクト4"
		},
		{
			"Id": "Param_Angle_Rotation15",
			"GroupId": "ParamGroup7",
			"Name": "[2]エフェクト4"
		},
		{
			"Id": "Param_Angle_Rotation16",
			"GroupId": "ParamGroup7",
			"Name": "[3]エフェクト4"
		},
		{
			"Id": "Param_Angle_Rotation17",
			"GroupId": "ParamGroup8",
			"Name": "[0]エフェクト5"
		},
		{
			"Id": "Param_Angle_Rotation18",
			"GroupId": "ParamGroup8",
			"Name": "[1]エフェクト5"
		},
		{
			"Id": "Param_Angle_Rotation19",
			"GroupId": "ParamGroup8",
			"Name": "[2]エフェクト5"
		},
		{
			"Id": "Param_Angle_Rotation20",
			"GroupId": "ParamGroup9",
			"Name": "[0]エフェクト6"
		},
		{
			"Id": "Param_Angle_Rotation21",
			"GroupId": "ParamGroup9",
			"Name": "[1]エフェクト6"
		},
		{
			"Id": "Param_Angle_Rotation22",
			"GroupId": "ParamGroup9",
			"Name": "[2]エフェクト6"
		},
		{
			"Id": "Param_Angle_Rotation23",
			"GroupId": "ParamGroup9",
			"Name": "[3]エフェクト6"
		},
		{
			"Id": "Param_Angle_Rotation24",
			"GroupId": "ParamGroup10",
			"Name": "[0]エフェクト7"
		},
		{
			"Id": "Param_Angle_Rotation25",
			"GroupId": "ParamGroup10",
			"Name": "[1]エフェクト7"
		},
		{
			"Id": "Param_Angle_Rotation26",
			"GroupId": "ParamGroup10",
			"Name": "[2]エフェクト7"
		},
		{
			"Id": "Param_Angle_Rotation27",
			"GroupId": "ParamGroup11",
			"Name": "[0]エフェクト8"
		},
		{
			"Id": "Param_Angle_Rotation28",
			"GroupId": "ParamGroup11",
			"Name": "[1]エフェクト8"
		},
		{
			"Id": "Param_Angle_Rotation29",
			"GroupId": "ParamGroup11",
			"Name": "[2]エフェクト8"
		},
		{
			"Id": "Param_Angle_Rotation30",
			"GroupId": "ParamGroup11",
			"Name": "[3]エフェクト8"
		},
		{
			"Id": "Param_Angle_Rotation31",
			"GroupId": "ParamGroup11",
			"Name": "[4]エフェクト8"
		},
		{
			"Id": "Param_Angle_Rotation32",
			"GroupId": "ParamGroup12",
			"Name": "[0]エフェクト9"
		},
		{
			"Id": "Param_Angle_Rotation33",
			"GroupId": "ParamGroup12",
			"Name": "[1]エフェクト9"
		},
		{
			"Id": "Param_Angle_Rotation34",
			"GroupId": "ParamGroup12",
			"Name": "[2]エフェクト9"
		},
		{
			"Id": "Param_Angle_Rotation35",
			"GroupId": "ParamGroup13",
			"Name": "[0]エフェクト10"
		},
		{
			"Id": "Param_Angle_Rotation36",
			"GroupId": "ParamGroup13",
			"Name": "[1]エフェクト10"
		},
		{
			"Id": "Param_Angle_Rotation37",
			"GroupId": "ParamGroup13",
			"Name": "[2]エフェクト10"
		},
		{
			"Id": "Param_Angle_Rotation38",
			"GroupId": "ParamGroup13",
			"Name": "[3]エフェクト10"
		},
		{
			"Id": "Param_Angle_Rotation39",
			"GroupId": "ParamGroup14",
			"Name": "[0]エフェクト11"
		},
		{
			"Id": "Param_Angle_Rotation40",
			"GroupId": "ParamGroup14",
			"Name": "[1]エフェクト11"
		},
		{
			"Id": "Param_Angle_Rotation41",
			"GroupId": "ParamGroup14",
			"Name": "[2]エフェクト11"
		},
		{
			"Id": "Param_Angle_Rotation42",
			"GroupId": "ParamGroup15",
			"Name": "[0]エフェクト13"
		},
		{
			"Id": "Param_Angle_Rotation43",
			"GroupId": "ParamGroup15",
			"Name": "[1]エフェクト13"
		},
		{
			"Id": "Param_Angle_Rotation44",
			"GroupId": "ParamGroup15",
			"Name": "[2]エフェクト13"
		},
		{
			"Id": "Param_Angle_Rotation45",
			"GroupId": "ParamGroup15",
			"Name": "[3]エフェクト13"
		},
		{
			"Id": "Param_Angle_Rotation47",
			"GroupId": "ParamGroup16",
			"Name": "[0]エフェクト14"
		},
		{
			"Id": "Param_Angle_Rotation48",
			"GroupId": "ParamGroup16",
			"Name": "[1]エフェクト14"
		},
		{
			"Id": "Param_Angle_Rotation49",
			"GroupId": "ParamGroup16",
			"Name": "[2]エフェクト14"
		},
		{
			"Id": "Param_Angle_Rotation12",
			"GroupId": "ParamGroup17",
			"Name": "[0]風エフェクト1"
		},
		{
			"Id": "Param_Angle_Rotation46",
			"GroupId": "ParamGroup17",
			"Name": "[1]風エフェクト1"
		},
		{
			"Id": "Param_Angle_Rotation50",
			"GroupId": "ParamGroup17",
			"Name": "[2]風エフェクト1"
		},
		{
			"Id": "Param_Angle_Rotation51",
			"GroupId": "ParamGroup18",
			"Name": "[0]風エフェクト5"
		},
		{
			"Id": "Param_Angle_Rotation52",
			"GroupId": "ParamGroup18",
			"Name": "[1]風エフェクト5"
		},
		{
			"Id": "Param_Angle_Rotation53",
			"GroupId": "ParamGroup18",
			"Name": "[2]風エフェクト5"
		},
		{
			"Id": "Param_Angle_Rotation54",
			"GroupId": "ParamGroup18",
			"Name": "[3]風エフェクト5"
		},
		{
			"Id": "Param_Angle_Rotation55",
			"GroupId": "ParamGroup19",
			"Name": "[0]風エフェクト6"
		},
		{
			"Id": "Param_Angle_Rotation56",
			"GroupId": "ParamGroup19",
			"Name": "[1]風エフェクト6"
		},
		{
			"Id": "Param_Angle_Rotation57",
			"GroupId": "ParamGroup19",
			"Name": "[2]風エフェクト6"
		},
		{
			"Id": "Param_Angle_Rotation58",
			"GroupId": "ParamGroup20",
			"Name": "[0]風エフェクト15"
		},
		{
			"Id": "Param_Angle_Rotation59",
			"GroupId": "ParamGroup20",
			"Name": "[1]風エフェクト15"
		},
		{
			"Id": "Param_Angle_Rotation60",
			"GroupId": "ParamGroup20",
			"Name": "[2]風エフェクト15"
		},
		{
			"Id": "Param_Angle_Rotation61",
			"GroupId": "ParamGroup20",
			"Name": "[3]風エフェクト15"
		},
		{
			"Id": "Param_Angle_Rotation62",
			"GroupId": "ParamGroup21",
			"Name": "[0]右装飾"
		},
		{
			"Id": "Param_Angle_Rotation63",
			"GroupId": "ParamGroup21",
			"Name": "[1]右装飾"
		},
		{
			"Id": "Param_Angle_Rotation64",
			"GroupId": "ParamGroup21",
			"Name": "[2]右装飾"
		},
		{
			"Id": "Param_Angle_Rotation65",
			"GroupId": "ParamGroup22",
			"Name": "[0]最上部髪"
		},
		{
			"Id": "Param_Angle_Rotation66",
			"GroupId": "ParamGroup22",
			"Name": "[1]最上部髪"
		},
		{
			"Id": "Param_Angle_Rotation67",
			"GroupId": "ParamGroup22",
			"Name": "[2]最上部髪"
		},
		{
			"Id": "Param_Angle_Rotation68",
			"GroupId": "ParamGroup22",
			"Name": "[3]最上部髪"
		},
		{
			"Id": "Param_Angle_Rotation69",
			"GroupId": "ParamGroup23",
			"Name": "[0]髪中央"
		},
		{
			"Id": "Param_Angle_Rotation70",
			"GroupId": "ParamGroup23",
			"Name": "[1]髪中央"
		},
		{
			"Id": "Param_Angle_Rotation71",
			"GroupId": "ParamGroup23",
			"Name": "[2]髪中央"
		},
		{
			"Id": "Param_Angle_Rotation72",
			"GroupId": "ParamGroup23",
			"Name": "[3]髪中央"
		},
		{
			"Id": "Param_Angle_Rotation73",
			"GroupId": "ParamGroup24",
			"Name": "[0]中央右"
		},
		{
			"Id": "Param_Angle_Rotation74",
			"GroupId": "ParamGroup24",
			"Name": "[1]中央右"
		},
		{
			"Id": "Param_Angle_Rotation75",
			"GroupId": "ParamGroup24",
			"Name": "[2]中央右"
		},
		{
			"Id": "Param_Angle_Rotation76",
			"GroupId": "ParamGroup24",
			"Name": "[3]中央右"
		},
		{
			"Id": "Param_Angle_Rotation77",
			"GroupId": "ParamGroup25",
			"Name": "[0]左装飾"
		},
		{
			"Id": "Param_Angle_Rotation78",
			"GroupId": "ParamGroup25",
			"Name": "[1]左装飾"
		},
		{
			"Id": "Param_Angle_Rotation79",
			"GroupId": "ParamGroup25",
			"Name": "[2]左装飾"
		},
		{
			"Id": "Param_Angle_Rotation80",
			"GroupId": "ParamGroup26",
			"Name": "[0]髪右"
		},
		{
			"Id": "Param_Angle_Rotation81",
			"GroupId": "ParamGroup26",
			"Name": "[1]髪右"
		},
		{
			"Id": "Param_Angle_Rotation82",
			"GroupId": "ParamGroup26",
			"Name": "[2]髪右"
		},
		{
			"Id": "Param_Angle_Rotation83",
			"GroupId": "ParamGroup26",
			"Name": "[3]髪右"
		},
		{
			"Id": "Param_Angle_Rotation84",
			"GroupId": "ParamGroup27",
			"Name": "[0]髪右もみあげ"
		},
		{
			"Id": "Param_Angle_Rotation85",
			"GroupId": "ParamGroup27",
			"Name": "[1]髪右もみあげ"
		},
		{
			"Id": "Param_Angle_Rotation86",
			"GroupId": "ParamGroup27",
			"Name": "[2]髪右もみあげ"
		},
		{
			"Id": "Param_Angle_Rotation87",
			"GroupId": "ParamGroup27",
			"Name": "[3]髪右もみあげ"
		},
		{
			"Id": "Param_Angle_Rotation88",
			"GroupId": "ParamGroup27",
			"Name": "[4]髪右もみあげ"
		},
		{
			"Id": "Param_Angle_Rotation89",
			"GroupId": "ParamGroup28",
			"Name": "[0]左もみあげ大"
		},
		{
			"Id": "Param_Angle_Rotation90",
			"GroupId": "ParamGroup28",
			"Name": "[1]左もみあげ大"
		},
		{
			"Id": "Param_Angle_Rotation91",
			"GroupId": "ParamGroup28",
			"Name": "[2]左もみあげ大"
		},
		{
			"Id": "Param_Angle_Rotation92",
			"GroupId": "ParamGroup28",
			"Name": "[3]左もみあげ大"
		},
		{
			"Id": "Param_Angle_Rotation93",
			"GroupId": "ParamGroup28",
			"Name": "[4]左もみあげ大"
		},
		{
			"Id": "Param_Angle_Rotation94",
			"GroupId": "ParamGroup29",
			"Name": "[0]右もみあげ大"
		},
		{
			"Id": "Param_Angle_Rotation95",
			"GroupId": "ParamGroup29",
			"Name": "[1]右もみあげ大"
		},
		{
			"Id": "Param_Angle_Rotation96",
			"GroupId": "ParamGroup29",
			"Name": "[2]右もみあげ大"
		},
		{
			"Id": "Param_Angle_Rotation97",
			"GroupId": "ParamGroup29",
			"Name": "[3]右もみあげ大"
		},
		{
			"Id": "Param_Angle_Rotation98",
			"GroupId": "ParamGroup29",
			"Name": "[4]右もみあげ大"
		},
		{
			"Id": "Param_Angle_Rotation101",
			"GroupId": "ParamGroup30",
			"Name": "[0]左上髪"
		},
		{
			"Id": "Param_Angle_Rotation102",
			"GroupId": "ParamGroup30",
			"Name": "[1]左上髪"
		},
		{
			"Id": "Param_Angle_Rotation103",
			"GroupId": "ParamGroup30",
			"Name": "[2]左上髪"
		},
		{
			"Id": "Param_Angle_Rotation104",
			"GroupId": "ParamGroup30",
			"Name": "[3]左上髪"
		},
		{
			"Id": "Param_Angle_Rotation106",
			"GroupId": "ParamGroup31",
			"Name": "[0]上髪"
		},
		{
			"Id": "Param_Angle_Rotation107",
			"GroupId": "ParamGroup31",
			"Name": "[1]上髪"
		},
		{
			"Id": "Param_Angle_Rotation108",
			"GroupId": "ParamGroup31",
			"Name": "[2]上髪"
		},
		{
			"Id": "Param_Angle_Rotation109",
			"GroupId": "ParamGroup32",
			"Name": "[0]後ろ髪"
		},
		{
			"Id": "Param_Angle_Rotation110",
			"GroupId": "ParamGroup32",
			"Name": "[1]後ろ髪"
		},
		{
			"Id": "Param_Angle_Rotation111",
			"GroupId": "ParamGroup32",
			"Name": "[2]後ろ髪"
		},
		{
			"Id": "Param_Angle_Rotation113",
			"GroupId": "ParamGroup33",
			"Name": "[0]後ろ髪"
		},
		{
			"Id": "Param_Angle_Rotation114",
			"GroupId": "ParamGroup33",
			"Name": "[1]後ろ髪"
		},
		{
			"Id": "Param_Angle_Rotation115",
			"GroupId": "ParamGroup33",
			"Name": "[2]後ろ髪"
		},
		{
			"Id": "Param_Angle_Rotation116",
			"GroupId": "ParamGroup34",
			"Name": "[0]赤1"
		},
		{
			"Id": "Param_Angle_Rotation117",
			"GroupId": "ParamGroup34",
			"Name": "[1]赤1"
		},
		{
			"Id": "Param_Angle_Rotation118",
			"GroupId": "ParamGroup34",
			"Name": "[2]赤1"
		},
		{
			"Id": "Param_Angle_Rotation119",
			"GroupId": "ParamGroup34",
			"Name": "[3]赤1"
		},
		{
			"Id": "Param_Angle_Rotation120",
			"GroupId": "ParamGroup35",
			"Name": "[0]赤2"
		},
		{
			"Id": "Param_Angle_Rotation121",
			"GroupId": "ParamGroup35",
			"Name": "[1]赤2"
		},
		{
			"Id": "Param_Angle_Rotation122",
			"GroupId": "ParamGroup35",
			"Name": "[2]赤2"
		},
		{
			"Id": "Param_Angle_Rotation123",
			"GroupId": "ParamGroup35",
			"Name": "[3]赤2"
		},
		{
			"Id": "Param_Angle_Rotation128",
			"GroupId": "ParamGroup36",
			"Name": "[0]胸装飾右"
		},
		{
			"Id": "Param_Angle_Rotation129",
			"GroupId": "ParamGroup36",
			"Name": "[1]胸装飾右"
		},
		{
			"Id": "Param_Angle_Rotation130",
			"GroupId": "ParamGroup36",
			"Name": "[2]胸装飾右"
		},
		{
			"Id": "Param_Angle_Rotation132",
			"GroupId": "ParamGroup37",
			"Name": "[0]胸装飾左"
		},
		{
			"Id": "Param_Angle_Rotation133",
			"GroupId": "ParamGroup37",
			"Name": "[1]胸装飾左"
		},
		{
			"Id": "Param_Angle_Rotation134",
			"GroupId": "ParamGroup37",
			"Name": "[2]胸装飾左"
		},
		{
			"Id": "Param_Angle_Rotation135",
			"GroupId": "ParamGroup37",
			"Name": "[3]胸装飾左"
		}
	],
	"ParameterGroups": [
		{
			"Id": "ParamGroup",
			"GroupId": "",
			"Name": "エフェクト"
		},
		{
			"Id": "ParamGroup2",
			"GroupId": "",
			"Name": "URアニメーション"
		},
		{
			"Id": "ParamGroup3",
			"GroupId": "",
			"Name": "追加"
		},
		{
			"Id": "ParamGroup4",
			"GroupId": "",
			"Name": "エフェクト1"
		},
		{
			"Id": "ParamGroup5",
			"GroupId": "",
			"Name": "エフェクト2"
		},
		{
			"Id": "ParamGroup6",
			"GroupId": "",
			"Name": "エフェクト3"
		},
		{
			"Id": "ParamGroup7",
			"GroupId": "",
			"Name": "エフェクト4"
		},
		{
			"Id": "ParamGroup8",
			"GroupId": "",
			"Name": "エフェクト5"
		},
		{
			"Id": "ParamGroup9",
			"GroupId": "",
			"Name": "エフェクト6"
		},
		{
			"Id": "ParamGroup10",
			"GroupId": "",
			"Name": "エフェクト7"
		},
		{
			"Id": "ParamGroup11",
			"GroupId": "",
			"Name": "エフェクト8"
		},
		{
			"Id": "ParamGroup12",
			"GroupId": "",
			"Name": "エフェクト9"
		},
		{
			"Id": "ParamGroup13",
			"GroupId": "",
			"Name": "エフェクト10"
		},
		{
			"Id": "ParamGroup14",
			"GroupId": "",
			"Name": "エフェクト11"
		},
		{
			"Id": "ParamGroup15",
			"GroupId": "",
			"Name": "エフェクト13"
		},
		{
			"Id": "ParamGroup16",
			"GroupId": "",
			"Name": "エフェクト14"
		},
		{
			"Id": "ParamGroup17",
			"GroupId": "",
			"Name": "風エフェクト4"
		},
		{
			"Id": "ParamGroup18",
			"GroupId": "",
			"Name": "風エフェクト5"
		},
		{
			"Id": "ParamGroup19",
			"GroupId": "",
			"Name": "風エフェクト6"
		},
		{
			"Id": "ParamGroup20",
			"GroupId": "",
			"Name": "風エフェクト15"
		},
		{
			"Id": "ParamGroup21",
			"GroupId": "",
			"Name": "右装飾"
		},
		{
			"Id": "ParamGroup22",
			"GroupId": "",
			"Name": "最上部髪"
		},
		{
			"Id": "ParamGroup23",
			"GroupId": "",
			"Name": "髪中央"
		},
		{
			"Id": "ParamGroup24",
			"GroupId": "",
			"Name": "中央右"
		},
		{
			"Id": "ParamGroup25",
			"GroupId": "",
			"Name": "左装飾"
		},
		{
			"Id": "ParamGroup26",
			"GroupId": "",
			"Name": "髪右"
		},
		{
			"Id": "ParamGroup27",
			"GroupId": "",
			"Name": "髪右もみあげ"
		},
		{
			"Id": "ParamGroup28",
			"GroupId": "",
			"Name": "左もみあげ大"
		},
		{
			"Id": "ParamGroup29",
			"GroupId": "",
			"Name": "右もみあげ大"
		},
		{
			"Id": "ParamGroup30",
			"GroupId": "",
			"Name": "左上髪"
		},
		{
			"Id": "ParamGroup31",
			"GroupId": "",
			"Name": "上髪"
		},
		{
			"Id": "ParamGroup32",
			"GroupId": "",
			"Name": "後ろ髪"
		},
		{
			"Id": "ParamGroup33",
			"GroupId": "",
			"Name": "後ろ髪"
		},
		{
			"Id": "ParamGroup34",
			"GroupId": "",
			"Name": "赤1"
		},
		{
			"Id": "ParamGroup35",
			"GroupId": "",
			"Name": "赤2"
		},
		{
			"Id": "ParamGroup36",
			"GroupId": "",
			"Name": "胸装飾右"
		},
		{
			"Id": "ParamGroup37",
			"GroupId": "",
			"Name": "胸装飾左"
		}
	],
	"Parts": [
		{
			"Id": "Part33",
			"Name": "1920x1440_5.psd"
		},
		{
			"Id": "Part32",
			"Name": "1920x1440_4.psd"
		},
		{
			"Id": "Part31",
			"Name": "1920x1440.psd"
		},
		{
			"Id": "Part",
			"Name": "オーラ"
		},
		{
			"Id": "Part18",
			"Name": "光エフェクト"
		},
		{
			"Id": "Part24",
			"Name": "体"
		},
		{
			"Id": "Part30",
			"Name": "背景"
		},
		{
			"Id": "Part2",
			"Name": "風エフェクト"
		},
		{
			"Id": "Part3",
			"Name": "炎小"
		},
		{
			"Id": "Part4",
			"Name": "エフェクト1"
		},
		{
			"Id": "Part5",
			"Name": "エフェクト2"
		},
		{
			"Id": "Part6",
			"Name": "エフェクト3"
		},
		{
			"Id": "Part7",
			"Name": "エフェクト4"
		},
		{
			"Id": "Part8",
			"Name": "エフェクト5"
		},
		{
			"Id": "Part9",
			"Name": "エフェクト6"
		},
		{
			"Id": "Part10",
			"Name": "エフェクト7"
		},
		{
			"Id": "Part11",
			"Name": "エフェクト8"
		},
		{
			"Id": "Part12",
			"Name": "エフェクト9"
		},
		{
			"Id": "Part13",
			"Name": "エフェクト10"
		},
		{
			"Id": "Part14",
			"Name": "エフェクト11"
		},
		{
			"Id": "Part15",
			"Name": "エフェクト12"
		},
		{
			"Id": "Part16",
			"Name": "エフェクト13"
		},
		{
			"Id": "Part17",
			"Name": "エフェクト14"
		},
		{
			"Id": "Part19",
			"Name": "1"
		},
		{
			"Id": "Part20",
			"Name": "2"
		},
		{
			"Id": "Part21",
			"Name": "3"
		},
		{
			"Id": "Part22",
			"Name": "4"
		},
		{
			"Id": "Part23",
			"Name": "5"
		},
		{
			"Id": "Part25",
			"Name": "頭"
		},
		{
			"Id": "Part28",
			"Name": "胸部など"
		},
		{
			"Id": "Part29",
			"Name": "髪"
		},
		{
			"Id": "ArtMesh6_Skinning",
			"Name": "風エフェクト4(スキニング)"
		},
		{
			"Id": "ArtMesh7_Skinning",
			"Name": "風エフェクト5(スキニング)"
		},
		{
			"Id": "ArtMesh8_Skinning",
			"Name": "風エフェクト6(スキニング)"
		},
		{
			"Id": "ArtMesh17_Skinning",
			"Name": "風エフェクト15(スキニング)"
		},
		{
			"Id": "ArtMesh24_Skinning",
			"Name": "レイヤー 29(スキニング)"
		},
		{
			"Id": "ArtMesh26_Skinning",
			"Name": "レイヤー 27(スキニング)"
		},
		{
			"Id": "ArtMesh27_Skinning",
			"Name": "レイヤー 26(スキニング)"
		},
		{
			"Id": "ArtMesh29_Skinning",
			"Name": "レイヤー 24(スキニング)"
		},
		{
			"Id": "ArtMesh31_Skinning",
			"Name": "レイヤー 22(スキニング)"
		},
		{
			"Id": "ArtMesh33_Skinning",
			"Name": "レイヤー 21(スキニング)"
		},
		{
			"Id": "ArtMesh35_Skinning",
			"Name": "レイヤー 19(スキニング)"
		},
		{
			"Id": "ArtMesh36_Skinning",
			"Name": "レイヤー 18(スキニング)"
		},
		{
			"Id": "ArtMesh39_Skinning",
			"Name": "レイヤー 16(スキニング)"
		},
		{
			"Id": "ArtMesh43_Skinning",
			"Name": "レイヤー 13(スキニング)"
		},
		{
			"Id": "ArtMesh45_Skinning",
			"Name": "レイヤー 12(スキニング)"
		},
		{
			"Id": "ArtMesh53_Skinning",
			"Name": "レイヤー 5(スキニング)"
		},
		{
			"Id": "ArtMesh58_Skinning",
			"Name": "レイヤー 1(スキニング)"
		},
		{
			"Id": "Part26",
			"Name": "手前髪"
		},
		{
			"Id": "Part27",
			"Name": "後髪"
		},
		{
			"Id": "ArtMesh95_Skinning",
			"Name": "胸装飾右(スキニング)"
		},
		{
			"Id": "ArtMesh96_Skinning",
			"Name": "胸装飾左(スキニング)"
		},
		{
			"Id": "ArtMesh102_Skinning",
			"Name": "後ろ髪1(スキニング)"
		},
		{
			"Id": "ArtMesh103_Skinning",
			"Name": "後ろ髪2(スキニング)"
		},
		{
			"Id": "ArtMesh104_Skinning",
			"Name": "赤1(スキニング)"
		},
		{
			"Id": "ArtMesh105_Skinning",
			"Name": "赤2(スキニング)"
		},
		{
			"Id": "ArtMesh76_Skinning",
			"Name": "右装飾(スキニング)"
		},
		{
			"Id": "ArtMesh77_Skinning",
			"Name": "最上部髪(スキニング)"
		},
		{
			"Id": "ArtMesh79_Skinning",
			"Name": "髪中央(スキニング)"
		},
		{
			"Id": "ArtMesh80_Skinning",
			"Name": "中央右(スキニング)"
		},
		{
			"Id": "ArtMesh81_Skinning",
			"Name": "左装飾(スキニング)"
		},
		{
			"Id": "ArtMesh82_Skinning",
			"Name": "髪右(スキニング)"
		},
		{
			"Id": "ArtMesh83_Skinning",
			"Name": "髪右もみあげ(スキニング)"
		},
		{
			"Id": "ArtMesh88_Skinning",
			"Name": "左もみあげ大(スキニング)"
		},
		{
			"Id": "ArtMesh89_Skinning",
			"Name": "右もみあげ大(スキニング)"
		},
		{
			"Id": "ArtMesh90_Skinning",
			"Name": "左上髪(スキニング)"
		},
		{
			"Id": "ArtMesh91_Skinning",
			"Name": "上髪(スキニング)"
		}
	],
	"CombinedParameters": [
		[
			"ParamEyeRL",
			"ParamEyeUD"
		],
		[
			"ParamPaiRX",
			"ParamPaiRY"
		],
		[
			"ParamPaiRX2",
			"ParamPaiRY2"
		],
		[
			"ParamPaiLY",
			"ParamPaiLX"
		],
		[
			"ParamPaiLY2",
			"ParamPaiLX2"
		]
	]
}