{
	"Version": 3,
	"Meta": {
		"Duration": 6,
		"Fps": 30.0,
		"Loop": true,
		"AreBeziersRestricted": false,
		"CurveCount": 79,
		"TotalSegmentCount": 626,
		"TotalPointCount": 1953,
		"UserDataCount": 0,
		"TotalUserDataSize": 0
	},
	"Curves": [
		{
			"Target": "Parameter",
			"Id": "ParamEff1",
			"Segments": [
				0,
				0,
				1,
				0.333,
				0,
				0.667,
				1,
				1,
				1,
				1,
				1.333,
				1,
				1.667,
				0,
				2,
				0,
				1,
				2.333,
				0,
				2.667,
				1,
				3,
				1,
				1,
				3.333,
				1,
				3.667,
				0,
				4,
				0,
				1,
				4.333,
				0,
				4.667,
				1,
				5,
				1,
				1,
				5.333,
				1,
				5.667,
				0,
				6,
				0
			]
		},
		{
			"Target": "Parameter",
			"Id": "ParamEff2",
			"Segments": [
				0,
				1,
				1,
				0.333,
				1,
				0.667,
				0,
				1,
				0,
				1,
				1.333,
				0,
				1.667,
				1,
				2,
				1,
				1,
				2.333,
				1,
				2.667,
				0,
				3,
				0,
				1,
				3.333,
				0,
				3.667,
				1,
				4,
				1,
				1,
				4.333,
				1,
				4.667,
				0,
				5,
				0,
				1,
				5.333,
				0,
				5.667,
				1,
				6,
				1
			]
		},
		{
			"Target": "Parameter",
			"Id": "ParamEff3",
			"Segments": [
				0,
				0.5,
				1,
				0.011,
				0.5,
				0.022,
				0.457,
				0.033,
				0.436,
				1,
				0.189,
				0.135,
				0.344,
				0,
				0.5,
				0,
				1,
				0.833,
				0,
				1.167,
				1,
				1.5,
				1,
				1,
				1.833,
				1,
				2.167,
				0,
				2.5,
				0,
				1,
				2.833,
				0,
				3.167,
				1,
				3.5,
				1,
				1,
				3.833,
				1,
				4.167,
				0,
				4.5,
				0,
				1,
				4.833,
				0,
				5.167,
				1,
				5.5,
				1,
				1,
				5.656,
				1,
				5.811,
				0.855,
				5.967,
				0.564,
				1,
				5.978,
				0.543,
				5.989,
				0.521,
				6,
				0.5
			]
		},
		{
			"Target": "Parameter",
			"Id": "ParamEff4",
			"Segments": [
				0,
				1,
				1,
				0.333,
				1,
				0.667,
				1,
				1,
				1,
				1,
				1.167,
				1,
				1.333,
				0.2,
				1.5,
				0.2,
				1,
				1.722,
				0.2,
				1.944,
				1,
				2.167,
				1,
				1,
				2.278,
				1,
				2.389,
				0.4,
				2.5,
				0.4,
				1,
				2.611,
				0.4,
				2.722,
				1,
				2.833,
				1,
				1,
				3.167,
				1,
				3.5,
				0.2,
				3.833,
				0.2,
				1,
				4.111,
				0.2,
				4.389,
				1,
				4.667,
				1,
				1,
				4.778,
				1,
				4.889,
				0.4,
				5,
				0.4,
				1,
				5.111,
				0.4,
				5.222,
				1,
				5.333,
				1,
				1,
				5.556,
				1,
				5.778,
				1,
				6,
				1
			]
		},
		{
			"Target": "Parameter",
			"Id": "ParamEff5",
			"Segments": [
				0,
				1,
				1,
				0.056,
				1,
				0.111,
				1,
				0.167,
				1,
				1,
				0.278,
				1,
				0.389,
				0.4,
				0.5,
				0.4,
				1,
				0.611,
				0.4,
				0.722,
				1,
				0.833,
				1,
				1,
				1.222,
				1,
				1.611,
				0.2,
				2,
				0.2,
				1,
				2.389,
				0.2,
				2.778,
				1,
				3.167,
				1,
				1,
				3.278,
				1,
				3.389,
				0.4,
				3.5,
				0.4,
				1,
				3.611,
				0.4,
				3.722,
				1,
				3.833,
				1,
				1,
				4.222,
				1,
				4.611,
				1,
				5,
				1,
				1,
				5.111,
				1,
				5.222,
				0.4,
				5.333,
				0.4,
				1,
				5.444,
				0.4,
				5.556,
				1,
				5.667,
				1,
				1,
				5.778,
				1,
				5.889,
				1,
				6,
				1
			]
		},
		{
			"Target": "Parameter",
			"Id": "ParamEff6",
			"Segments": [
				0,
				0.2,
				1,
				0.389,
				0.2,
				0.778,
				1,
				1.167,
				1,
				1,
				1.333,
				1,
				1.5,
				1,
				1.667,
				1,
				1,
				1.778,
				1,
				1.889,
				0.4,
				2,
				0.4,
				1,
				2.111,
				0.4,
				2.222,
				1,
				2.333,
				1,
				1,
				2.944,
				1,
				3.556,
				1,
				4.167,
				1,
				1,
				4.278,
				1,
				4.389,
				0.4,
				4.5,
				0.4,
				1,
				4.611,
				0.4,
				4.722,
				1,
				4.833,
				1,
				1,
				5.222,
				1,
				5.611,
				0.2,
				6,
				0.2
			]
		},
		{
			"Target": "Parameter",
			"Id": "ParamEff7",
			"Segments": [
				0,
				1,
				1,
				0.222,
				1,
				0.444,
				1,
				0.667,
				1,
				1,
				0.778,
				1,
				0.889,
				0.6,
				1,
				0.6,
				1,
				1.111,
				0.6,
				1.222,
				1,
				1.333,
				1,
				1,
				1.5,
				1,
				1.667,
				1,
				1.833,
				1,
				1,
				1.944,
				1,
				2.056,
				0.4,
				2.167,
				0.4,
				1,
				2.278,
				0.4,
				2.389,
				1,
				2.5,
				1,
				1,
				2.778,
				1,
				3.056,
				0.2,
				3.333,
				0.2,
				1,
				3.722,
				0.2,
				4.111,
				1,
				4.5,
				1,
				1,
				4.611,
				1,
				4.722,
				0.4,
				4.833,
				0.4,
				1,
				4.956,
				0.4,
				5.078,
				1,
				5.2,
				1,
				1,
				5.467,
				1,
				5.733,
				1,
				6,
				1
			]
		},
		{
			"Target": "Parameter",
			"Id": "ParamEff8",
			"Segments": [
				0,
				1,
				1,
				0.278,
				1,
				0.556,
				1,
				0.833,
				1,
				1,
				0.944,
				1,
				1.056,
				0.4,
				1.167,
				0.4,
				1,
				1.278,
				0.4,
				1.389,
				1,
				1.5,
				1,
				1,
				1.644,
				1,
				1.789,
				0.2,
				1.933,
				0.2,
				1,
				2.067,
				0.2,
				2.2,
				0.839,
				2.333,
				0.9,
				1,
				2.556,
				1.001,
				2.778,
				1,
				3,
				1,
				1,
				3.111,
				1,
				3.222,
				0.4,
				3.333,
				0.4,
				1,
				3.444,
				0.4,
				3.556,
				1,
				3.667,
				1,
				1,
				3.889,
				1,
				4.111,
				0.2,
				4.333,
				0.2,
				1,
				4.567,
				0.2,
				4.8,
				1,
				5.033,
				1,
				1,
				5.189,
				1,
				5.344,
				0.9,
				5.5,
				0.9,
				1,
				5.667,
				0.9,
				5.833,
				1,
				6,
				1
			]
		},
		{
			"Target": "Parameter",
			"Id": "ParamEff9",
			"Segments": [
				0,
				0.945,
				1,
				0.011,
				0.945,
				0.022,
				0.953,
				0.033,
				0.958,
				1,
				0.111,
				0.988,
				0.189,
				1,
				0.267,
				1,
				1,
				0.544,
				1,
				0.822,
				1,
				1.1,
				1,
				1,
				1.211,
				1,
				1.322,
				0.4,
				1.433,
				0.4,
				1,
				1.544,
				0.4,
				1.656,
				1,
				1.767,
				1,
				1,
				1.911,
				1,
				2.056,
				0.2,
				2.2,
				0.2,
				1,
				2.333,
				0.2,
				2.467,
				0.839,
				2.6,
				0.9,
				1,
				2.822,
				1.001,
				3.044,
				1,
				3.267,
				1,
				1,
				3.489,
				1,
				3.711,
				1,
				3.933,
				1,
				1,
				4.156,
				1,
				4.378,
				0.2,
				4.6,
				0.2,
				1,
				4.833,
				0.2,
				5.067,
				1,
				5.3,
				1,
				1,
				5.456,
				1,
				5.611,
				0.9,
				5.767,
				0.9,
				1,
				5.833,
				0.9,
				5.9,
				0.909,
				5.967,
				0.933,
				1,
				5.978,
				0.937,
				5.989,
				0.945,
				6,
				0.945
			]
		},
		{
			"Target": "Parameter",
			"Id": "ParamEff10",
			"Segments": [
				0,
				1,
				1,
				0.278,
				1,
				0.556,
				1,
				0.833,
				1,
				1,
				0.944,
				1,
				1.056,
				0.4,
				1.167,
				0.4,
				1,
				1.278,
				0.4,
				1.389,
				1,
				1.5,
				1,
				1,
				1.644,
				1,
				1.789,
				0.2,
				1.933,
				0.2,
				1,
				2.067,
				0.2,
				2.2,
				0.839,
				2.333,
				0.9,
				1,
				2.556,
				1.001,
				2.778,
				1,
				3,
				1,
				1,
				3.111,
				1,
				3.222,
				0.4,
				3.333,
				0.4,
				1,
				3.444,
				0.4,
				3.556,
				1,
				3.667,
				1,
				1,
				3.889,
				1,
				4.111,
				0.2,
				4.333,
				0.2,
				1,
				4.567,
				0.2,
				4.8,
				1,
				5.033,
				1,
				1,
				5.189,
				1,
				5.344,
				0.9,
				5.5,
				0.9,
				1,
				5.667,
				0.9,
				5.833,
				1,
				6,
				1
			]
		},
		{
			"Target": "Parameter",
			"Id": "ParamPachi",
			"Segments": [
				0,
				1,
				0,
				1.1,
				1,
				1,
				1.122,
				1,
				1.144,
				0.79,
				1.167,
				0,
				1,
				1.178,
				-0.395,
				1.189,
				-1,
				1.2,
				-1,
				1,
				1.211,
				-1,
				1.222,
				-1,
				1.233,
				-1,
				1,
				1.244,
				-1,
				1.256,
				-0.395,
				1.267,
				0,
				1,
				1.289,
				0.79,
				1.311,
				1,
				1.333,
				1,
				0,
				6,
				1
			]
		},
		{
			"Target": "Parameter",
			"Id": "ParamEyeRL",
			"Segments": [
				0,
				0,
				1,
				0.033,
				0,
				0.067,
				6,
				0.1,
				6,
				1,
				0.122,
				6,
				0.144,
				6,
				0.167,
				6,
				1,
				0.222,
				6,
				0.278,
				-6,
				0.333,
				-6,
				1,
				0.356,
				-6,
				0.378,
				10.768,
				0.4,
				13,
				1,
				0.422,
				15.232,
				0.444,
				15,
				0.467,
				15,
				1,
				0.489,
				15,
				0.511,
				-9,
				0.533,
				-9,
				1,
				0.567,
				-9,
				0.6,
				-7.568,
				0.633,
				-4,
				1,
				0.656,
				-1.621,
				0.678,
				3.453,
				0.7,
				4,
				1,
				0.722,
				4.547,
				0.744,
				4.489,
				0.767,
				5,
				1,
				0.789,
				5.511,
				0.811,
				7,
				0.833,
				7,
				1,
				0.867,
				7,
				0.9,
				-11,
				0.933,
				-11,
				1,
				0.956,
				-11,
				0.978,
				7,
				1,
				7,
				1,
				1.022,
				7,
				1.044,
				-6,
				1.067,
				-6,
				1,
				1.078,
				-6,
				1.089,
				6,
				1.1,
				6,
				1,
				1.133,
				6,
				1.167,
				5.932,
				1.2,
				4,
				1,
				1.222,
				2.712,
				1.244,
				-9,
				1.267,
				-9,
				1,
				1.311,
				-9,
				1.356,
				0,
				1.4,
				0,
				1,
				1.411,
				0,
				1.422,
				-2,
				1.433,
				-2,
				1,
				1.456,
				-2,
				1.478,
				6,
				1.5,
				6,
				1,
				1.522,
				6,
				1.544,
				6,
				1.567,
				6,
				1,
				1.589,
				6,
				1.611,
				-4,
				1.633,
				-4,
				1,
				1.689,
				-4,
				1.744,
				6.579,
				1.8,
				13,
				1,
				1.822,
				15.568,
				1.844,
				15,
				1.867,
				15,
				1,
				1.889,
				15,
				1.911,
				-9,
				1.933,
				-9,
				1,
				1.956,
				-9,
				1.978,
				8,
				2,
				8,
				1,
				2.033,
				8,
				2.067,
				4,
				2.1,
				4,
				1,
				2.122,
				4,
				2.144,
				4.126,
				2.167,
				5,
				1,
				2.189,
				5.874,
				2.211,
				7,
				2.233,
				7,
				1,
				2.267,
				7,
				2.3,
				-11,
				2.333,
				-11,
				1,
				2.356,
				-11,
				2.378,
				7,
				2.4,
				7,
				1,
				2.422,
				7,
				2.444,
				-6,
				2.467,
				-6,
				1,
				2.5,
				-6,
				2.533,
				-5.548,
				2.567,
				-2,
				1,
				2.589,
				0.365,
				2.611,
				6,
				2.633,
				6,
				1,
				2.656,
				6,
				2.678,
				6,
				2.7,
				6,
				1,
				2.722,
				6,
				2.744,
				-2.728,
				2.767,
				-4,
				1,
				2.8,
				-5.909,
				2.833,
				-6,
				2.867,
				-6,
				1,
				2.911,
				-6,
				2.956,
				15,
				3,
				15,
				1,
				3.022,
				15,
				3.044,
				-9,
				3.067,
				-9,
				1,
				3.089,
				-9,
				3.111,
				8,
				3.133,
				8,
				1,
				3.144,
				8,
				3.156,
				-4,
				3.167,
				-4,
				1,
				3.189,
				-4,
				3.211,
				2.919,
				3.233,
				4,
				1,
				3.256,
				5.081,
				3.278,
				5,
				3.3,
				5,
				1,
				3.356,
				5,
				3.411,
				-11,
				3.467,
				-11,
				1,
				3.489,
				-11,
				3.511,
				7,
				3.533,
				7,
				1,
				3.556,
				7,
				3.578,
				-6,
				3.6,
				-6,
				1,
				3.611,
				-6,
				3.622,
				6,
				3.633,
				6,
				1,
				3.667,
				6,
				3.7,
				4,
				3.733,
				4,
				1,
				3.767,
				4,
				3.8,
				8,
				3.833,
				8,
				1,
				3.867,
				8,
				3.9,
				-4,
				3.933,
				-4,
				1,
				3.978,
				-4,
				4.022,
				7.873,
				4.067,
				13,
				1,
				4.089,
				15.563,
				4.111,
				15,
				4.133,
				15,
				1,
				4.156,
				15,
				4.178,
				-9,
				4.2,
				-9,
				1,
				4.222,
				-9,
				4.244,
				8,
				4.267,
				8,
				1,
				4.3,
				8,
				4.333,
				4,
				4.367,
				4,
				1,
				4.389,
				4,
				4.411,
				4.126,
				4.433,
				5,
				1,
				4.456,
				5.874,
				4.478,
				7,
				4.5,
				7,
				1,
				4.533,
				7,
				4.567,
				-11,
				4.6,
				-11,
				1,
				4.622,
				-11,
				4.644,
				7,
				4.667,
				7,
				1,
				4.689,
				7,
				4.711,
				-6,
				4.733,
				-6,
				1,
				4.767,
				-6,
				4.8,
				-5.548,
				4.833,
				-2,
				1,
				4.856,
				0.365,
				4.878,
				6,
				4.9,
				6,
				1,
				4.922,
				6,
				4.944,
				6,
				4.967,
				6,
				1,
				4.989,
				6,
				5.011,
				-2.728,
				5.033,
				-4,
				1,
				5.067,
				-5.909,
				5.1,
				-6,
				5.133,
				-6,
				1,
				5.178,
				-6,
				5.222,
				15,
				5.267,
				15,
				1,
				5.289,
				15,
				5.311,
				-9,
				5.333,
				-9,
				1,
				5.356,
				-9,
				5.378,
				8,
				5.4,
				8,
				1,
				5.411,
				8,
				5.422,
				-4,
				5.433,
				-4,
				1,
				5.456,
				-4,
				5.478,
				2.919,
				5.5,
				4,
				1,
				5.522,
				5.081,
				5.544,
				5,
				5.567,
				5,
				1,
				5.622,
				5,
				5.678,
				-11,
				5.733,
				-11,
				1,
				5.756,
				-11,
				5.778,
				7,
				5.8,
				7,
				1,
				5.822,
				7,
				5.844,
				-6,
				5.867,
				-6,
				1,
				5.878,
				-6,
				5.889,
				6,
				5.9,
				6,
				1,
				5.933,
				6,
				5.967,
				0,
				6,
				0
			]
		},
		{
			"Target": "Parameter",
			"Id": "ParamEyeUD",
			"Segments": [
				0,
				0,
				1,
				0.033,
				0,
				0.067,
				4,
				0.1,
				4,
				1,
				0.122,
				4,
				0.144,
				-14.649,
				0.167,
				-15,
				1,
				0.222,
				-15.877,
				0.278,
				-16,
				0.333,
				-16,
				1,
				0.356,
				-16,
				0.378,
				-16.239,
				0.4,
				-14,
				1,
				0.422,
				-11.761,
				0.444,
				6,
				0.467,
				6,
				1,
				0.489,
				6,
				0.511,
				2,
				0.533,
				2,
				1,
				0.567,
				2,
				0.6,
				10,
				0.633,
				10,
				1,
				0.656,
				10,
				0.678,
				-2,
				0.7,
				-2,
				1,
				0.722,
				-2,
				0.744,
				-1.933,
				0.767,
				0,
				1,
				0.789,
				1.933,
				0.811,
				6,
				0.833,
				6,
				1,
				0.867,
				6,
				0.9,
				6,
				0.933,
				6,
				1,
				0.956,
				6,
				0.978,
				10,
				1,
				10,
				1,
				1.022,
				10,
				1.044,
				-10,
				1.067,
				-10,
				1,
				1.078,
				-10,
				1.089,
				5,
				1.1,
				5,
				1,
				1.133,
				5,
				1.167,
				-11,
				1.2,
				-11,
				1,
				1.222,
				-11,
				1.244,
				2,
				1.267,
				2,
				1,
				1.311,
				2,
				1.356,
				1.576,
				1.4,
				0,
				1,
				1.411,
				-0.394,
				1.422,
				-8,
				1.433,
				-8,
				1,
				1.456,
				-8,
				1.478,
				4,
				1.5,
				4,
				1,
				1.522,
				4,
				1.544,
				-15,
				1.567,
				-15,
				1,
				1.589,
				-15,
				1.611,
				6,
				1.633,
				6,
				1,
				1.689,
				6,
				1.744,
				-14,
				1.8,
				-14,
				1,
				1.822,
				-14,
				1.844,
				6,
				1.867,
				6,
				1,
				1.889,
				6,
				1.911,
				4.667,
				1.933,
				2,
				1,
				1.956,
				-0.667,
				1.978,
				-2,
				2,
				-2,
				1,
				2.033,
				-2,
				2.067,
				-2,
				2.1,
				-2,
				1,
				2.122,
				-2,
				2.144,
				-1.933,
				2.167,
				0,
				1,
				2.189,
				1.933,
				2.211,
				6,
				2.233,
				6,
				1,
				2.267,
				6,
				2.3,
				6,
				2.333,
				6,
				1,
				2.356,
				6,
				2.378,
				10,
				2.4,
				10,
				1,
				2.422,
				10,
				2.444,
				-10,
				2.467,
				-10,
				1,
				2.5,
				-10,
				2.533,
				-9.926,
				2.567,
				-8,
				1,
				2.589,
				-6.716,
				2.611,
				4,
				2.633,
				4,
				1,
				2.656,
				4,
				2.678,
				-15,
				2.7,
				-15,
				1,
				2.722,
				-15,
				2.744,
				6,
				2.767,
				6,
				1,
				2.8,
				6,
				2.833,
				-16,
				2.867,
				-16,
				1,
				2.911,
				-16,
				2.956,
				6,
				3,
				6,
				1,
				3.022,
				6,
				3.044,
				4.667,
				3.067,
				2,
				1,
				3.089,
				-0.667,
				3.111,
				-2,
				3.133,
				-2,
				1,
				3.144,
				-2,
				3.156,
				10,
				3.167,
				10,
				1,
				3.189,
				10,
				3.211,
				-2,
				3.233,
				-2,
				1,
				3.256,
				-2,
				3.278,
				-0.897,
				3.3,
				0,
				1,
				3.356,
				2.242,
				3.411,
				3.568,
				3.467,
				6,
				1,
				3.489,
				6.973,
				3.511,
				10,
				3.533,
				10,
				1,
				3.556,
				10,
				3.578,
				-10,
				3.6,
				-10,
				1,
				3.611,
				-10,
				3.622,
				5,
				3.633,
				5,
				1,
				3.667,
				5,
				3.7,
				-11,
				3.733,
				-11,
				1,
				3.767,
				-11,
				3.8,
				-11.218,
				3.833,
				-8,
				1,
				3.867,
				-4.782,
				3.9,
				10,
				3.933,
				10,
				1,
				3.978,
				10,
				4.022,
				-14,
				4.067,
				-14,
				1,
				4.089,
				-14,
				4.111,
				6,
				4.133,
				6,
				1,
				4.156,
				6,
				4.178,
				4.667,
				4.2,
				2,
				1,
				4.222,
				-0.667,
				4.244,
				-2,
				4.267,
				-2,
				1,
				4.3,
				-2,
				4.333,
				-2,
				4.367,
				-2,
				1,
				4.389,
				-2,
				4.411,
				-1.933,
				4.433,
				0,
				1,
				4.456,
				1.933,
				4.478,
				6,
				4.5,
				6,
				1,
				4.533,
				6,
				4.567,
				6,
				4.6,
				6,
				1,
				4.622,
				6,
				4.644,
				10,
				4.667,
				10,
				1,
				4.689,
				10,
				4.711,
				-10,
				4.733,
				-10,
				1,
				4.767,
				-10,
				4.8,
				-9.926,
				4.833,
				-8,
				1,
				4.856,
				-6.716,
				4.878,
				4,
				4.9,
				4,
				1,
				4.922,
				4,
				4.944,
				-15,
				4.967,
				-15,
				1,
				4.989,
				-15,
				5.011,
				6,
				5.033,
				6,
				1,
				5.067,
				6,
				5.1,
				-16,
				5.133,
				-16,
				1,
				5.178,
				-16,
				5.222,
				6,
				5.267,
				6,
				1,
				5.289,
				6,
				5.311,
				4.667,
				5.333,
				2,
				1,
				5.356,
				-0.667,
				5.378,
				-2,
				5.4,
				-2,
				1,
				5.411,
				-2,
				5.422,
				10,
				5.433,
				10,
				1,
				5.456,
				10,
				5.478,
				-2,
				5.5,
				-2,
				1,
				5.522,
				-2,
				5.544,
				-0.897,
				5.567,
				0,
				1,
				5.622,
				2.242,
				5.678,
				3.568,
				5.733,
				6,
				1,
				5.756,
				6.973,
				5.778,
				10,
				5.8,
				10,
				1,
				5.822,
				10,
				5.844,
				-10,
				5.867,
				-10,
				1,
				5.878,
				-10,
				5.889,
				5,
				5.9,
				5,
				1,
				5.933,
				5,
				5.967,
				0,
				6,
				0
			]
		},
		{
			"Target": "Parameter",
			"Id": "ParamEyeBS",
			"Segments": [
				0,
				0,
				1,
				0.033,
				0,
				0.067,
				7,
				0.1,
				7,
				1,
				0.122,
				7,
				0.144,
				-19,
				0.167,
				-19,
				1,
				0.211,
				-19,
				0.256,
				18,
				0.3,
				18,
				1,
				0.322,
				18,
				0.344,
				-14,
				0.367,
				-14,
				1,
				0.389,
				-14,
				0.411,
				-8,
				0.433,
				4,
				1,
				0.456,
				16,
				0.478,
				22,
				0.5,
				22,
				1,
				0.556,
				22,
				0.611,
				21.173,
				0.667,
				16,
				1,
				0.689,
				13.931,
				0.711,
				-8,
				0.733,
				-8,
				1,
				0.756,
				-8,
				0.778,
				-8.268,
				0.8,
				-6,
				1,
				0.822,
				-3.732,
				0.844,
				19,
				0.867,
				19,
				1,
				0.889,
				19,
				0.911,
				-19,
				0.933,
				-19,
				1,
				0.967,
				-19,
				1,
				12,
				1.033,
				12,
				1,
				1.089,
				12,
				1.144,
				12,
				1.2,
				12,
				1,
				1.222,
				12,
				1.244,
				-6,
				1.267,
				-6,
				1,
				1.289,
				-6,
				1.311,
				0,
				1.333,
				0,
				1,
				1.344,
				0,
				1.356,
				-21,
				1.367,
				-21,
				1,
				1.389,
				-21,
				1.411,
				7,
				1.433,
				7,
				1,
				1.456,
				7,
				1.478,
				-19,
				1.5,
				-19,
				1,
				1.522,
				-19,
				1.544,
				13.697,
				1.567,
				16,
				1,
				1.589,
				18.303,
				1.611,
				18,
				1.633,
				18,
				1,
				1.678,
				18,
				1.722,
				4,
				1.767,
				4,
				1,
				1.789,
				4,
				1.811,
				22,
				1.833,
				22,
				1,
				1.856,
				22,
				1.878,
				-18,
				1.9,
				-18,
				1,
				1.911,
				-18,
				1.922,
				-13.543,
				1.933,
				-6,
				1,
				1.956,
				9.085,
				1.978,
				16,
				2,
				16,
				1,
				2.022,
				16,
				2.044,
				-8,
				2.067,
				-8,
				1,
				2.089,
				-8,
				2.111,
				-8.268,
				2.133,
				-6,
				1,
				2.156,
				-3.732,
				2.178,
				19,
				2.2,
				19,
				1,
				2.222,
				19,
				2.244,
				-19,
				2.267,
				-19,
				1,
				2.3,
				-19,
				2.333,
				12,
				2.367,
				12,
				1,
				2.4,
				12,
				2.433,
				-0.285,
				2.467,
				-10,
				1,
				2.5,
				-19.715,
				2.533,
				-21,
				2.567,
				-21,
				1,
				2.589,
				-21,
				2.611,
				7,
				2.633,
				7,
				1,
				2.656,
				7,
				2.678,
				-19,
				2.7,
				-19,
				1,
				2.722,
				-19,
				2.744,
				13.697,
				2.767,
				16,
				1,
				2.789,
				18.303,
				2.811,
				18,
				2.833,
				18,
				1,
				2.856,
				18,
				2.878,
				-14,
				2.9,
				-14,
				1,
				2.922,
				-14,
				2.944,
				-8,
				2.967,
				4,
				1,
				2.989,
				16,
				3.011,
				22,
				3.033,
				22,
				1,
				3.056,
				22,
				3.078,
				-18,
				3.1,
				-18,
				1,
				3.111,
				-18,
				3.122,
				-13.543,
				3.133,
				-6,
				1,
				3.156,
				9.085,
				3.178,
				16,
				3.2,
				16,
				1,
				3.222,
				16,
				3.244,
				-8,
				3.267,
				-8,
				1,
				3.289,
				-8,
				3.311,
				-6,
				3.333,
				-6,
				1,
				3.378,
				-6,
				3.422,
				-19,
				3.467,
				-19,
				1,
				3.5,
				-19,
				3.533,
				12,
				3.567,
				12,
				1,
				3.6,
				12,
				3.633,
				-10,
				3.667,
				-10,
				1,
				3.689,
				-10,
				3.711,
				12,
				3.733,
				12,
				1,
				3.756,
				12,
				3.778,
				-6,
				3.8,
				-6,
				1,
				3.822,
				-6,
				3.844,
				11,
				3.867,
				11,
				1,
				3.922,
				11,
				3.978,
				4,
				4.033,
				4,
				1,
				4.056,
				4,
				4.078,
				22,
				4.1,
				22,
				1,
				4.122,
				22,
				4.144,
				-18,
				4.167,
				-18,
				1,
				4.178,
				-18,
				4.189,
				-13.543,
				4.2,
				-6,
				1,
				4.222,
				9.085,
				4.244,
				16,
				4.267,
				16,
				1,
				4.289,
				16,
				4.311,
				-8,
				4.333,
				-8,
				1,
				4.356,
				-8,
				4.378,
				-8.268,
				4.4,
				-6,
				1,
				4.422,
				-3.732,
				4.444,
				19,
				4.467,
				19,
				1,
				4.489,
				19,
				4.511,
				-19,
				4.533,
				-19,
				1,
				4.567,
				-19,
				4.6,
				12,
				4.633,
				12,
				1,
				4.667,
				12,
				4.7,
				-0.285,
				4.733,
				-10,
				1,
				4.767,
				-19.715,
				4.8,
				-21,
				4.833,
				-21,
				1,
				4.856,
				-21,
				4.878,
				7,
				4.9,
				7,
				1,
				4.922,
				7,
				4.944,
				-19,
				4.967,
				-19,
				1,
				4.989,
				-19,
				5.011,
				13.697,
				5.033,
				16,
				1,
				5.056,
				18.303,
				5.078,
				18,
				5.1,
				18,
				1,
				5.122,
				18,
				5.144,
				-14,
				5.167,
				-14,
				1,
				5.189,
				-14,
				5.211,
				-8,
				5.233,
				4,
				1,
				5.256,
				16,
				5.278,
				22,
				5.3,
				22,
				1,
				5.322,
				22,
				5.344,
				-18,
				5.367,
				-18,
				1,
				5.378,
				-18,
				5.389,
				-13.543,
				5.4,
				-6,
				1,
				5.422,
				9.085,
				5.444,
				16,
				5.467,
				16,
				1,
				5.489,
				16,
				5.511,
				-8,
				5.533,
				-8,
				1,
				5.556,
				-8,
				5.578,
				-6,
				5.6,
				-6,
				1,
				5.644,
				-6,
				5.689,
				-19,
				5.733,
				-19,
				1,
				5.767,
				-19,
				5.8,
				12,
				5.833,
				12,
				1,
				5.867,
				12,
				5.9,
				-10,
				5.933,
				-10,
				1,
				5.956,
				-10,
				5.978,
				0,
				6,
				0
			]
		},
		{
			"Target": "Parameter",
			"Id": "ParamPaiRX",
			"Segments": [
				0,
				-16.375,
				1,
				0.011,
				-16.375,
				0.022,
				-16.858,
				0.033,
				-17.086,
				1,
				0.133,
				-19.132,
				0.233,
				-20,
				0.333,
				-20,
				1,
				1.333,
				-20,
				2.333,
				14,
				3.333,
				14,
				1,
				4.211,
				14,
				5.089,
				4.126,
				5.967,
				-15.624,
				1,
				5.978,
				-15.874,
				5.989,
				-16.132,
				6,
				-16.375
			]
		},
		{
			"Target": "Parameter",
			"Id": "ParamPaiRY2",
			"Segments": [
				0,
				-25.526,
				1,
				0.011,
				-25.526,
				0.022,
				-25.943,
				0.033,
				-26.021,
				1,
				0.133,
				-26.727,
				0.233,
				-27,
				0.333,
				-27,
				1,
				1.333,
				-27,
				2.333,
				0,
				3.333,
				0,
				1,
				4.211,
				0,
				5.089,
				-8.299,
				5.967,
				-24.897,
				1,
				5.978,
				-25.107,
				5.989,
				-25.342,
				6,
				-25.526
			]
		},
		{
			"Target": "Parameter",
			"Id": "ParamPaiRX2",
			"Segments": [
				0,
				-5.308,
				1,
				0.011,
				-5.308,
				0.022,
				-5.155,
				0.033,
				-5.143,
				1,
				0.133,
				-5.038,
				0.233,
				-5,
				0.333,
				-5,
				1,
				1.333,
				-5,
				2.333,
				-16,
				3.333,
				-16,
				1,
				4.211,
				-16,
				5.089,
				-12.523,
				5.967,
				-5.571,
				1,
				5.978,
				-5.483,
				5.989,
				-5.376,
				6,
				-5.308
			]
		},
		{
			"Target": "Parameter",
			"Id": "ParamPaiRY",
			"Segments": [
				0,
				-29.143,
				1,
				0.011,
				-29.143,
				0.022,
				-29.26,
				0.033,
				-29.314,
				1,
				0.133,
				-29.798,
				0.233,
				-30,
				0.333,
				-30,
				1,
				1.333,
				-30,
				2.333,
				-5,
				3.333,
				-5,
				1,
				4.211,
				-5,
				5.089,
				-12.951,
				5.967,
				-28.679,
				1,
				5.978,
				-28.878,
				5.989,
				-29.06,
				6,
				-29.143
			]
		},
		{
			"Target": "Parameter",
			"Id": "ParamPaiLY",
			"Segments": [
				0,
				-0.314,
				1,
				0.011,
				-0.314,
				0.022,
				-0.606,
				0.033,
				-0.636,
				1,
				0.133,
				-0.902,
				0.233,
				-1,
				0.333,
				-1,
				1,
				1.333,
				-1,
				2.333,
				19,
				3.333,
				19,
				1,
				4.211,
				19,
				5.089,
				12.72,
				5.967,
				0.161,
				1,
				5.978,
				0.002,
				5.989,
				-0.187,
				6,
				-0.314
			]
		},
		{
			"Target": "Parameter",
			"Id": "ParamPaiLX",
			"Segments": [
				0,
				9.411,
				1,
				0.011,
				9.411,
				0.022,
				9.235,
				0.033,
				9.218,
				1,
				0.133,
				9.059,
				0.233,
				9,
				0.333,
				9,
				1,
				1.333,
				9,
				2.333,
				21,
				3.333,
				21,
				1,
				4.211,
				21,
				5.089,
				17.232,
				5.967,
				9.696,
				1,
				5.978,
				9.601,
				5.989,
				9.488,
				6,
				9.411
			]
		},
		{
			"Target": "Parameter",
			"Id": "ParamBreat",
			"Segments": [
				0,
				0,
				1,
				1,
				0,
				2,
				1,
				3,
				1,
				1,
				4,
				1,
				5,
				0,
				6,
				0
			]
		},
		{
			"Target": "Parameter",
			"Id": "ParammasukuX",
			"Segments": [
				0,
				30,
				1,
				0.333,
				30,
				0.667,
				-30,
				1,
				-30,
				1,
				1.333,
				-30,
				1.667,
				30,
				2,
				30,
				1,
				2.333,
				30,
				2.667,
				30,
				3,
				30,
				1,
				3.333,
				30,
				3.667,
				-30,
				4,
				-30,
				1,
				4.333,
				-30,
				4.667,
				30,
				5,
				30,
				1,
				5.333,
				30,
				5.667,
				30,
				6,
				30
			]
		},
		{
			"Target": "Parameter",
			"Id": "ParammasukuY",
			"Segments": [
				0,
				30,
				1,
				0.333,
				30,
				0.667,
				-30,
				1,
				-30,
				1,
				1.333,
				-30,
				1.667,
				-30,
				2,
				-30,
				1,
				2.333,
				-30,
				2.667,
				30,
				3,
				30,
				1,
				3.333,
				30,
				3.667,
				-30,
				4,
				-30,
				1,
				4.333,
				-30,
				4.667,
				-30,
				5,
				-30,
				1,
				5.333,
				-30,
				5.667,
				30,
				6,
				30
			]
		},
		{
			"Target": "Parameter",
			"Id": "Param2",
			"Segments": [
				0,
				-19.48,
				1,
				0.011,
				-19.48,
				0.022,
				-20.573,
				0.033,
				-20.902,
				1,
				0.244,
				-27.15,
				0.456,
				-30,
				0.667,
				-30,
				1,
				1.833,
				-30,
				3,
				30,
				4.167,
				30,
				1,
				4.767,
				30,
				5.367,
				14.093,
				5.967,
				-17.717,
				1,
				5.978,
				-18.306,
				5.989,
				-18.956,
				6,
				-19.48
			]
		},
		{
			"Target": "Parameter",
			"Id": "Param3",
			"Segments": [
				0,
				-9.912,
				1,
				0.011,
				-9.912,
				0.022,
				-10.562,
				0.033,
				-10.812,
				1,
				0.133,
				-13.062,
				0.233,
				-14,
				0.333,
				-14,
				1,
				1.333,
				-14,
				2.333,
				30,
				3.333,
				30,
				1,
				4.211,
				30,
				5.089,
				17.025,
				5.967,
				-8.926,
				1,
				5.978,
				-9.254,
				5.989,
				-9.598,
				6,
				-9.912
			]
		},
		{
			"Target": "Parameter",
			"Id": "Param4",
			"Segments": [
				0,
				-24.823,
				1,
				0.011,
				-24.823,
				0.022,
				-25.722,
				0.033,
				-26.034,
				1,
				0.133,
				-28.837,
				0.233,
				-30,
				0.333,
				-30,
				1,
				1.333,
				-30,
				2.333,
				30,
				3.333,
				30,
				1,
				4.211,
				30,
				5.089,
				12.177,
				5.967,
				-23.468,
				1,
				5.978,
				-23.92,
				5.989,
				-24.397,
				6,
				-24.823
			]
		},
		{
			"Target": "Parameter",
			"Id": "Param_Angle_Rotation9",
			"Segments": [
				0,
				0,
				1,
				0.111,
				0,
				0.222,
				0,
				0.333,
				0,
				1,
				1.333,
				0,
				2.333,
				0,
				3.333,
				0,
				1,
				4.222,
				0,
				5.111,
				0,
				6,
				0
			]
		},
		{
			"Target": "Parameter",
			"Id": "Param_Angle_Rotation10",
			"Segments": [
				0,
				-1.443,
				1,
				0.011,
				-1.443,
				0.022,
				-1.494,
				0.033,
				-1.53,
				1,
				0.133,
				-1.856,
				0.233,
				-2,
				0.333,
				-2,
				1,
				1.333,
				-2,
				2.333,
				2,
				3.333,
				2,
				1,
				4.211,
				2,
				5.089,
				0.881,
				5.967,
				-1.358,
				1,
				5.978,
				-1.386,
				5.989,
				-1.414,
				6,
				-1.443
			]
		},
		{
			"Target": "Parameter",
			"Id": "Param_Angle_Rotation11",
			"Segments": [
				0,
				-1.135,
				1,
				0.011,
				-1.135,
				0.022,
				-1.193,
				0.033,
				-1.221,
				1,
				0.244,
				-1.754,
				0.456,
				-2,
				0.667,
				-2,
				1,
				1.667,
				-2,
				2.667,
				2,
				3.667,
				2,
				1,
				4.433,
				2,
				5.2,
				0.984,
				5.967,
				-1.047,
				1,
				5.978,
				-1.076,
				5.989,
				-1.106,
				6,
				-1.135
			]
		},
		{
			"Target": "Parameter",
			"Id": "Param_Angle_Rotation15",
			"Segments": [
				0,
				0,
				1,
				0.111,
				0,
				0.222,
				0,
				0.333,
				0,
				1,
				1.333,
				0,
				2.333,
				0,
				3.333,
				0,
				1,
				4.222,
				0,
				5.111,
				0,
				6,
				0
			]
		},
		{
			"Target": "Parameter",
			"Id": "Param_Angle_Rotation16",
			"Segments": [
				0,
				-0.751,
				1,
				0.011,
				-0.751,
				0.022,
				-0.778,
				0.033,
				-0.794,
				1,
				0.133,
				-0.938,
				0.233,
				-1,
				0.333,
				-1,
				1,
				1.333,
				-1,
				2.333,
				1,
				3.333,
				1,
				1,
				4.211,
				1,
				5.089,
				0.431,
				5.967,
				-0.708,
				1,
				5.978,
				-0.722,
				5.989,
				-0.737,
				6,
				-0.751
			]
		},
		{
			"Target": "Parameter",
			"Id": "Param_Angle_Rotation17",
			"Segments": [
				0,
				-1.135,
				1,
				0.011,
				-1.135,
				0.022,
				-1.193,
				0.033,
				-1.221,
				1,
				0.244,
				-1.754,
				0.456,
				-2,
				0.667,
				-2,
				1,
				1.667,
				-2,
				2.667,
				2,
				3.667,
				2,
				1,
				4.433,
				2,
				5.2,
				0.984,
				5.967,
				-1.047,
				1,
				5.978,
				-1.076,
				5.989,
				-1.106,
				6,
				-1.135
			]
		},
		{
			"Target": "Parameter",
			"Id": "Param_Angle_Rotation18",
			"Segments": [
				0,
				-0.963,
				1,
				0.011,
				-0.963,
				0.022,
				-1.025,
				0.033,
				-1.047,
				1,
				0.356,
				-1.696,
				0.678,
				-2,
				1,
				-2,
				1,
				2,
				-2,
				3,
				2,
				4,
				2,
				1,
				4.656,
				2,
				5.311,
				1.045,
				5.967,
				-0.866,
				1,
				5.978,
				-0.898,
				5.989,
				-0.933,
				6,
				-0.963
			]
		},
		{
			"Target": "Parameter",
			"Id": "Param_Angle_Rotation23",
			"Segments": [
				0,
				0,
				1,
				0.111,
				0,
				0.222,
				0,
				0.333,
				0,
				1,
				1.333,
				0,
				2.333,
				0,
				3.333,
				0,
				1,
				4.222,
				0,
				5.111,
				0,
				6,
				0
			]
		},
		{
			"Target": "Parameter",
			"Id": "Param_Angle_Rotation24",
			"Segments": [
				0,
				1.503,
				1,
				0.011,
				1.503,
				0.022,
				1.557,
				0.033,
				1.588,
				1,
				0.133,
				1.876,
				0.233,
				2,
				0.333,
				2,
				1,
				1.333,
				2,
				2.333,
				-2,
				3.333,
				-2,
				1,
				4.211,
				-2,
				5.089,
				-0.861,
				5.967,
				1.416,
				1,
				5.978,
				1.445,
				5.989,
				1.474,
				6,
				1.503
			]
		},
		{
			"Target": "Parameter",
			"Id": "Param_Angle_Rotation25",
			"Segments": [
				0,
				1.315,
				1,
				0.011,
				1.315,
				0.022,
				1.377,
				0.033,
				1.398,
				1,
				0.244,
				1.812,
				0.456,
				2,
				0.667,
				2,
				1,
				1.667,
				2,
				2.667,
				-2,
				3.667,
				-2,
				1,
				4.433,
				-2,
				5.2,
				-0.926,
				5.967,
				1.222,
				1,
				5.978,
				1.253,
				5.989,
				1.286,
				6,
				1.315
			]
		},
		{
			"Target": "Parameter",
			"Id": "Param_Angle_Rotation29",
			"Segments": [
				0,
				0,
				1,
				0.111,
				0,
				0.222,
				0,
				0.333,
				0,
				1,
				1.333,
				0,
				2.333,
				0,
				3.333,
				0,
				1,
				4.222,
				0,
				5.111,
				0,
				6,
				0
			]
		},
		{
			"Target": "Parameter",
			"Id": "Param_Angle_Rotation30",
			"Segments": [
				0,
				1.563,
				1,
				0.011,
				1.563,
				0.022,
				1.619,
				0.033,
				1.647,
				1,
				0.133,
				1.896,
				0.233,
				2,
				0.333,
				2,
				1,
				1.333,
				2,
				2.333,
				-2,
				3.333,
				-2,
				1,
				4.211,
				-2,
				5.089,
				-0.842,
				5.967,
				1.475,
				1,
				5.978,
				1.504,
				5.989,
				1.534,
				6,
				1.563
			]
		},
		{
			"Target": "Parameter",
			"Id": "Param_Angle_Rotation31",
			"Segments": [
				0,
				1.135,
				1,
				0.011,
				1.135,
				0.022,
				1.191,
				0.033,
				1.219,
				1,
				0.244,
				1.753,
				0.456,
				2,
				0.667,
				2,
				1,
				1.667,
				2,
				2.667,
				-2,
				3.667,
				-2,
				1,
				4.433,
				-2,
				5.2,
				-0.982,
				5.967,
				1.05,
				1,
				5.978,
				1.079,
				5.989,
				1.107,
				6,
				1.135
			]
		},
		{
			"Target": "Parameter",
			"Id": "Param_Angle_Rotation32",
			"Segments": [
				0,
				0,
				1,
				0.167,
				0,
				0.333,
				0,
				0.5,
				0,
				1,
				1.5,
				0,
				2.5,
				0,
				3.5,
				0,
				1,
				4.333,
				0,
				5.167,
				0,
				6,
				0
			]
		},
		{
			"Target": "Parameter",
			"Id": "Param_Angle_Rotation33",
			"Segments": [
				0,
				0.672,
				1,
				0.011,
				0.672,
				0.022,
				0.701,
				0.033,
				0.715,
				1,
				0.189,
				0.912,
				0.344,
				1,
				0.5,
				1,
				1,
				1.5,
				1,
				2.5,
				-1,
				3.5,
				-1,
				1,
				4.322,
				-1,
				5.144,
				-0.458,
				5.967,
				0.627,
				1,
				5.978,
				0.642,
				5.989,
				0.657,
				6,
				0.672
			]
		},
		{
			"Target": "Parameter",
			"Id": "Param_Angle_Rotation34",
			"Segments": [
				0,
				1.245,
				1,
				0.011,
				1.245,
				0.022,
				1.308,
				0.033,
				1.327,
				1,
				0.3,
				1.788,
				0.567,
				2,
				0.833,
				2,
				1,
				1.833,
				2,
				2.833,
				-2,
				3.833,
				-2,
				1,
				4.544,
				-2,
				5.256,
				-0.951,
				5.967,
				1.147,
				1,
				5.978,
				1.179,
				5.989,
				1.216,
				6,
				1.245
			]
		},
		{
			"Target": "Parameter",
			"Id": "Param_Angle_Rotation35",
			"Segments": [
				0,
				0.656,
				1,
				0.011,
				0.656,
				0.022,
				0.716,
				0.033,
				0.741,
				1,
				0.411,
				1.594,
				0.789,
				2,
				1.167,
				2,
				1,
				2.167,
				2,
				3.167,
				-2,
				4.167,
				-2,
				1,
				4.767,
				-2,
				5.367,
				-1.146,
				5.967,
				0.561,
				1,
				5.978,
				0.592,
				5.989,
				0.626,
				6,
				0.656
			]
		},
		{
			"Target": "Parameter",
			"Id": "Param_Angle_Rotation38",
			"Segments": [
				0,
				0,
				1,
				0.167,
				0,
				0.333,
				0,
				0.5,
				0,
				1,
				1.5,
				0,
				2.5,
				0,
				3.5,
				0,
				1,
				4.333,
				0,
				5.167,
				0,
				6,
				0
			]
		},
		{
			"Target": "Parameter",
			"Id": "Param_Angle_Rotation40",
			"Segments": [
				0,
				-0.732,
				1,
				0.011,
				-0.732,
				0.022,
				-0.762,
				0.033,
				-0.774,
				1,
				0.189,
				-0.931,
				0.344,
				-1,
				0.5,
				-1,
				1,
				1.5,
				-1,
				2.5,
				1,
				3.5,
				1,
				1,
				4.322,
				1,
				5.144,
				0.438,
				5.967,
				-0.686,
				1,
				5.978,
				-0.701,
				5.989,
				-0.717,
				6,
				-0.732
			]
		},
		{
			"Target": "Parameter",
			"Id": "Param_Angle_Rotation41",
			"Segments": [
				0,
				-1.245,
				1,
				0.011,
				-1.245,
				0.022,
				-1.308,
				0.033,
				-1.327,
				1,
				0.3,
				-1.788,
				0.567,
				-2,
				0.833,
				-2,
				1,
				1.833,
				-2,
				2.833,
				2,
				3.833,
				2,
				1,
				4.544,
				2,
				5.256,
				0.951,
				5.967,
				-1.147,
				1,
				5.978,
				-1.179,
				5.989,
				-1.216,
				6,
				-1.245
			]
		},
		{
			"Target": "Parameter",
			"Id": "Param_Angle_Rotation42",
			"Segments": [
				0,
				-0.656,
				1,
				0.011,
				-0.656,
				0.022,
				-0.716,
				0.033,
				-0.741,
				1,
				0.411,
				-1.594,
				0.789,
				-2,
				1.167,
				-2,
				1,
				2.167,
				-2,
				3.167,
				2,
				4.167,
				2,
				1,
				4.767,
				2,
				5.367,
				1.146,
				5.967,
				-0.561,
				1,
				5.978,
				-0.592,
				5.989,
				-0.626,
				6,
				-0.656
			]
		},
		{
			"Target": "Parameter",
			"Id": "Param_Angle_Rotation43",
			"Segments": [
				0,
				0,
				1,
				0.167,
				0,
				0.333,
				0,
				0.5,
				0,
				1,
				1.5,
				0,
				2.5,
				0,
				3.5,
				0,
				1,
				4.333,
				0,
				5.167,
				0,
				6,
				0
			]
		},
		{
			"Target": "Parameter",
			"Id": "Param_Angle_Rotation44",
			"Segments": [
				0,
				-1,
				1,
				0.167,
				-1,
				0.333,
				-1,
				0.5,
				-1,
				1,
				1.5,
				-1,
				2.5,
				-1,
				3.5,
				-1,
				1,
				4.333,
				-1,
				5.167,
				-1,
				6,
				-1
			]
		},
		{
			"Target": "Parameter",
			"Id": "Param_Angle_Rotation45",
			"Segments": [
				0,
				1.245,
				1,
				0.011,
				1.245,
				0.022,
				1.308,
				0.033,
				1.327,
				1,
				0.3,
				1.788,
				0.567,
				2,
				0.833,
				2,
				1,
				1.833,
				2,
				2.833,
				-2,
				3.833,
				-2,
				1,
				4.544,
				-2,
				5.256,
				-0.951,
				5.967,
				1.147,
				1,
				5.978,
				1.179,
				5.989,
				1.216,
				6,
				1.245
			]
		},
		{
			"Target": "Parameter",
			"Id": "Param_Angle_Rotation46",
			"Segments": [
				0,
				0.656,
				1,
				0.011,
				0.656,
				0.022,
				0.716,
				0.033,
				0.741,
				1,
				0.411,
				1.594,
				0.789,
				2,
				1.167,
				2,
				1,
				2.167,
				2,
				3.167,
				-2,
				4.167,
				-2,
				1,
				4.767,
				-2,
				5.367,
				-1.146,
				5.967,
				0.561,
				1,
				5.978,
				0.592,
				5.989,
				0.626,
				6,
				0.656
			]
		},
		{
			"Target": "Parameter",
			"Id": "Param_Angle_Rotation47",
			"Segments": [
				0,
				0,
				1,
				0.167,
				0,
				0.333,
				0,
				0.5,
				0,
				1,
				1.5,
				0,
				2.5,
				0,
				3.5,
				0,
				1,
				4.333,
				0,
				5.167,
				0,
				6,
				0
			]
		},
		{
			"Target": "Parameter",
			"Id": "Param_Angle_Rotation48",
			"Segments": [
				0,
				-0.552,
				1,
				0.011,
				-0.552,
				0.022,
				-0.576,
				0.033,
				-0.596,
				1,
				0.189,
				-0.871,
				0.344,
				-1,
				0.5,
				-1,
				1,
				1.5,
				-1,
				2.5,
				1,
				3.5,
				1,
				1,
				4.322,
				1,
				5.144,
				0.497,
				5.967,
				-0.511,
				1,
				5.978,
				-0.524,
				5.989,
				-0.538,
				6,
				-0.552
			]
		},
		{
			"Target": "Parameter",
			"Id": "Param_Angle_Rotation49",
			"Segments": [
				0,
				-1.245,
				1,
				0.011,
				-1.245,
				0.022,
				-1.308,
				0.033,
				-1.327,
				1,
				0.3,
				-1.788,
				0.567,
				-2,
				0.833,
				-2,
				1,
				1.833,
				-2,
				2.833,
				2,
				3.833,
				2,
				1,
				4.544,
				2,
				5.256,
				0.951,
				5.967,
				-1.147,
				1,
				5.978,
				-1.179,
				5.989,
				-1.216,
				6,
				-1.245
			]
		},
		{
			"Target": "Parameter",
			"Id": "Param_Angle_Rotation50",
			"Segments": [
				0,
				-0.656,
				1,
				0.011,
				-0.656,
				0.022,
				-0.716,
				0.033,
				-0.741,
				1,
				0.411,
				-1.594,
				0.789,
				-2,
				1.167,
				-2,
				1,
				2.167,
				-2,
				3.167,
				2,
				4.167,
				2,
				1,
				4.767,
				2,
				5.367,
				1.146,
				5.967,
				-0.561,
				1,
				5.978,
				-0.592,
				5.989,
				-0.626,
				6,
				-0.656
			]
		},
		{
			"Target": "Parameter",
			"Id": "Param_Angle_Rotation55",
			"Segments": [
				0,
				0,
				1,
				0.167,
				0,
				0.333,
				0,
				0.5,
				0,
				1,
				1.5,
				0,
				2.5,
				0,
				3.5,
				0,
				1,
				4.333,
				0,
				5.167,
				0,
				6,
				0
			]
		},
		{
			"Target": "Parameter",
			"Id": "Param_Angle_Rotation56",
			"Segments": [
				0,
				-1.538,
				1,
				0.011,
				-1.538,
				0.022,
				-1.582,
				0.033,
				-1.602,
				1,
				0.189,
				-1.877,
				0.344,
				-2,
				0.5,
				-2,
				1,
				1.5,
				-2,
				2.5,
				1,
				3.5,
				1,
				1,
				4.322,
				1,
				5.144,
				0.177,
				5.967,
				-1.47,
				1,
				5.978,
				-1.493,
				5.989,
				-1.516,
				6,
				-1.538
			]
		},
		{
			"Target": "Parameter",
			"Id": "Param_Angle_Rotation57",
			"Segments": [
				0,
				-2.868,
				1,
				0.011,
				-2.868,
				0.022,
				-2.961,
				0.033,
				-2.99,
				1,
				0.3,
				-3.681,
				0.567,
				-4,
				0.833,
				-4,
				1,
				1.833,
				-4,
				2.833,
				2,
				3.833,
				2,
				1,
				4.544,
				2,
				5.256,
				0.427,
				5.967,
				-2.72,
				1,
				5.978,
				-2.769,
				5.989,
				-2.823,
				6,
				-2.868
			]
		},
		{
			"Target": "Parameter",
			"Id": "Param_Angle_Rotation58",
			"Segments": [
				0,
				-0.656,
				1,
				0.011,
				-0.656,
				0.022,
				-0.716,
				0.033,
				-0.741,
				1,
				0.411,
				-1.594,
				0.789,
				-2,
				1.167,
				-2,
				1,
				2.167,
				-2,
				3.167,
				2,
				4.167,
				2,
				1,
				4.767,
				2,
				5.367,
				1.146,
				5.967,
				-0.561,
				1,
				5.978,
				-0.592,
				5.989,
				-0.626,
				6,
				-0.656
			]
		},
		{
			"Target": "Parameter",
			"Id": "Param_Angle_Rotation63",
			"Segments": [
				0,
				0,
				1,
				0.222,
				0,
				0.444,
				0,
				0.667,
				0,
				1,
				1.667,
				0,
				2.667,
				0,
				3.667,
				0,
				1,
				4.444,
				0,
				5.222,
				0,
				6,
				0
			]
		},
		{
			"Target": "Parameter",
			"Id": "Param_Angle_Rotation64",
			"Segments": [
				0,
				-0.963,
				1,
				0.011,
				-0.963,
				0.022,
				-1.025,
				0.033,
				-1.047,
				1,
				0.356,
				-1.696,
				0.678,
				-2,
				1,
				-2,
				1,
				2,
				-2,
				3,
				2,
				4,
				2,
				1,
				4.656,
				2,
				5.311,
				1.045,
				5.967,
				-0.866,
				1,
				5.978,
				-0.898,
				5.989,
				-0.933,
				6,
				-0.963
			]
		},
		{
			"Target": "Parameter",
			"Id": "Param_Angle_Rotation65",
			"Segments": [
				0,
				-0.333,
				1,
				0.011,
				-0.333,
				0.022,
				-0.392,
				0.033,
				-0.42,
				1,
				0.467,
				-1.487,
				0.9,
				-2,
				1.333,
				-2,
				1,
				2.333,
				-2,
				3.333,
				2,
				4.333,
				2,
				1,
				4.878,
				2,
				5.422,
				1.254,
				5.967,
				-0.24,
				1,
				5.978,
				-0.271,
				5.989,
				-0.303,
				6,
				-0.333
			]
		},
		{
			"Target": "Parameter",
			"Id": "Param_Angle_Rotation69",
			"Segments": [
				0,
				0,
				1,
				0.222,
				0,
				0.444,
				0,
				0.667,
				0,
				1,
				1.667,
				0,
				2.667,
				0,
				3.667,
				0,
				1,
				4.444,
				0,
				5.222,
				0,
				6,
				0
			]
		},
		{
			"Target": "Parameter",
			"Id": "Param_Angle_Rotation70",
			"Segments": [
				0,
				-0.665,
				1,
				0.011,
				-0.665,
				0.022,
				-0.784,
				0.033,
				-0.839,
				1,
				0.467,
				-2.975,
				0.9,
				-4,
				1.333,
				-4,
				1,
				2.333,
				-4,
				3.333,
				4,
				4.333,
				4,
				1,
				4.878,
				4,
				5.422,
				2.507,
				5.967,
				-0.481,
				1,
				5.978,
				-0.542,
				5.989,
				-0.605,
				6,
				-0.665
			]
		},
		{
			"Target": "Parameter",
			"Id": "Param_Angle_Rotation73",
			"Segments": [
				0,
				0,
				1,
				0.222,
				0,
				0.444,
				0,
				0.667,
				0,
				1,
				1.667,
				0,
				2.667,
				0,
				3.667,
				0,
				1,
				4.444,
				0,
				5.222,
				0,
				6,
				0
			]
		},
		{
			"Target": "Parameter",
			"Id": "Param_Angle_Rotation74",
			"Segments": [
				0,
				0.448,
				1,
				0.011,
				0.448,
				0.022,
				0.473,
				0.033,
				0.491,
				1,
				0.244,
				0.837,
				0.456,
				1,
				0.667,
				1,
				1,
				1.667,
				1,
				2.667,
				-1,
				3.667,
				-1,
				1,
				4.433,
				-1,
				5.2,
				-0.531,
				5.967,
				0.407,
				1,
				5.978,
				0.421,
				5.989,
				0.434,
				6,
				0.448
			]
		},
		{
			"Target": "Parameter",
			"Id": "Param_Angle_Rotation75",
			"Segments": [
				0,
				0.963,
				1,
				0.011,
				0.963,
				0.022,
				1.025,
				0.033,
				1.047,
				1,
				0.356,
				1.696,
				0.678,
				2,
				1,
				2,
				1,
				2,
				2,
				3,
				-2,
				4,
				-2,
				1,
				4.656,
				-2,
				5.311,
				-1.045,
				5.967,
				0.866,
				1,
				5.978,
				0.898,
				5.989,
				0.933,
				6,
				0.963
			]
		},
		{
			"Target": "Parameter",
			"Id": "Param_Angle_Rotation76",
			"Segments": [
				0,
				0.333,
				1,
				0.011,
				0.333,
				0.022,
				0.392,
				0.033,
				0.42,
				1,
				0.467,
				1.487,
				0.9,
				2,
				1.333,
				2,
				1,
				2.333,
				2,
				3.333,
				-2,
				4.333,
				-2,
				1,
				4.878,
				-2,
				5.422,
				-1.254,
				5.967,
				0.24,
				1,
				5.978,
				0.271,
				5.989,
				0.303,
				6,
				0.333
			]
		},
		{
			"Target": "Parameter",
			"Id": "Param_Angle_Rotation81",
			"Segments": [
				0,
				0,
				1,
				0.222,
				0,
				0.444,
				0,
				0.667,
				0,
				1,
				1.667,
				0,
				2.667,
				0,
				3.667,
				0,
				1,
				4.444,
				0,
				5.222,
				0,
				6,
				0
			]
		},
		{
			"Target": "Parameter",
			"Id": "Param_Angle_Rotation82",
			"Segments": [
				0,
				0.963,
				1,
				0.011,
				0.963,
				0.022,
				1.025,
				0.033,
				1.047,
				1,
				0.356,
				1.696,
				0.678,
				2,
				1,
				2,
				1,
				2,
				2,
				3,
				-2,
				4,
				-2,
				1,
				4.656,
				-2,
				5.311,
				-1.045,
				5.967,
				0.866,
				1,
				5.978,
				0.898,
				5.989,
				0.933,
				6,
				0.963
			]
		},
		{
			"Target": "Parameter",
			"Id": "Param_Angle_Rotation83",
			"Segments": [
				0,
				0.333,
				1,
				0.011,
				0.333,
				0.022,
				0.392,
				0.033,
				0.42,
				1,
				0.467,
				1.487,
				0.9,
				2,
				1.333,
				2,
				1,
				2.333,
				2,
				3.333,
				-2,
				4.333,
				-2,
				1,
				4.878,
				-2,
				5.422,
				-1.254,
				5.967,
				0.24,
				1,
				5.978,
				0.271,
				5.989,
				0.303,
				6,
				0.333
			]
		},
		{
			"Target": "Parameter",
			"Id": "Param_Angle_Rotation87",
			"Segments": [
				0,
				0,
				1,
				0.222,
				0,
				0.444,
				0,
				0.667,
				0,
				1,
				1.667,
				0,
				2.667,
				0,
				3.667,
				0,
				1,
				4.444,
				0,
				5.222,
				0,
				6,
				0
			]
		},
		{
			"Target": "Parameter",
			"Id": "Param_Angle_Rotation88",
			"Segments": [
				0,
				1.255,
				1,
				0.011,
				1.255,
				0.022,
				1.316,
				0.033,
				1.34,
				1,
				0.244,
				1.793,
				0.456,
				2,
				0.667,
				2,
				1,
				1.667,
				2,
				2.667,
				-2,
				3.667,
				-2,
				1,
				4.433,
				-2,
				5.2,
				-0.945,
				5.967,
				1.164,
				1,
				5.978,
				1.194,
				5.989,
				1.226,
				6,
				1.255
			]
		},
		{
			"Target": "Parameter",
			"Id": "Param_Angle_Rotation89",
			"Segments": [
				0,
				0.963,
				1,
				0.011,
				0.963,
				0.022,
				1.025,
				0.033,
				1.047,
				1,
				0.356,
				1.696,
				0.678,
				2,
				1,
				2,
				1,
				2,
				2,
				3,
				-2,
				4,
				-2,
				1,
				4.656,
				-2,
				5.311,
				-1.045,
				5.967,
				0.866,
				1,
				5.978,
				0.898,
				5.989,
				0.933,
				6,
				0.963
			]
		},
		{
			"Target": "Parameter",
			"Id": "Param_Angle_Rotation90",
			"Segments": [
				0,
				0.333,
				1,
				0.011,
				0.333,
				0.022,
				0.392,
				0.033,
				0.42,
				1,
				0.467,
				1.487,
				0.9,
				2,
				1.333,
				2,
				1,
				2.333,
				2,
				3.333,
				-2,
				4.333,
				-2,
				1,
				4.878,
				-2,
				5.422,
				-1.254,
				5.967,
				0.24,
				1,
				5.978,
				0.271,
				5.989,
				0.303,
				6,
				0.333
			]
		},
		{
			"Target": "Parameter",
			"Id": "Param_Angle_Rotation95",
			"Segments": [
				0,
				0,
				1,
				0.222,
				0,
				0.444,
				0,
				0.667,
				0,
				1,
				1.667,
				0,
				2.667,
				0,
				3.667,
				0,
				1,
				4.444,
				0,
				5.222,
				0,
				6,
				0
			]
		},
		{
			"Target": "Parameter",
			"Id": "Param_Angle_Rotation96",
			"Segments": [
				0,
				-1.495,
				1,
				0.011,
				-1.495,
				0.022,
				-1.557,
				0.033,
				-1.573,
				1,
				0.244,
				-1.868,
				0.456,
				-2,
				0.667,
				-2,
				1,
				1.667,
				-2,
				2.667,
				2,
				3.667,
				2,
				1,
				4.433,
				2,
				5.2,
				0.867,
				5.967,
				-1.398,
				1,
				5.978,
				-1.43,
				5.989,
				-1.467,
				6,
				-1.495
			]
		},
		{
			"Target": "Parameter",
			"Id": "Param_Angle_Rotation97",
			"Segments": [
				0,
				-0.963,
				1,
				0.011,
				-0.963,
				0.022,
				-1.025,
				0.033,
				-1.047,
				1,
				0.356,
				-1.696,
				0.678,
				-2,
				1,
				-2,
				1,
				2,
				-2,
				3,
				2,
				4,
				2,
				1,
				4.656,
				2,
				5.311,
				1.045,
				5.967,
				-0.866,
				1,
				5.978,
				-0.898,
				5.989,
				-0.933,
				6,
				-0.963
			]
		},
		{
			"Target": "Parameter",
			"Id": "Param_Angle_Rotation98",
			"Segments": [
				0,
				-0.333,
				1,
				0.011,
				-0.333,
				0.022,
				-0.392,
				0.033,
				-0.42,
				1,
				0.467,
				-1.487,
				0.9,
				-2,
				1.333,
				-2,
				1,
				2.333,
				-2,
				3.333,
				2,
				4.333,
				2,
				1,
				4.878,
				2,
				5.422,
				1.254,
				5.967,
				-0.24,
				1,
				5.978,
				-0.271,
				5.989,
				-0.303,
				6,
				-0.333
			]
		}
	]
}