{
	"Version": 3,
	"Parameters": [
		{
			"Id": "ParamEff1",
			"GroupId": "ParamGroup",
			"Name": "エフェクト1"
		},
		{
			"Id": "ParamEff2",
			"GroupId": "ParamGroup",
			"Name": "エフェクト2"
		},
		{
			"Id": "ParamEff3",
			"GroupId": "ParamGroup",
			"Name": "エフェクト3"
		},
		{
			"Id": "ParamEff4",
			"GroupId": "ParamGroup",
			"Name": "エフェクト4"
		},
		{
			"Id": "ParamEff5",
			"GroupId": "ParamGroup",
			"Name": "エフェクト5"
		},
		{
			"Id": "ParamEff6",
			"GroupId": "ParamGroup",
			"Name": "エフェクト6"
		},
		{
			"Id": "ParamEff7",
			"GroupId": "ParamGroup",
			"Name": "エフェクト7"
		},
		{
			"Id": "ParamEff8",
			"GroupId": "ParamGroup",
			"Name": "エフェクト8"
		},
		{
			"Id": "ParamEff9",
			"GroupId": "ParamGroup",
			"Name": "エフェクト9"
		},
		{
			"Id": "ParamEff10",
			"GroupId": "ParamGroup",
			"Name": "エフェクト10"
		},
		{
			"Id": "ParamEff11",
			"GroupId": "ParamGroup",
			"Name": "エフェクト11"
		},
		{
			"Id": "ParamEff12",
			"GroupId": "ParamGroup",
			"Name": "エフェクト12"
		},
		{
			"Id": "ParamEff13",
			"GroupId": "ParamGroup",
			"Name": "エフェクト13"
		},
		{
			"Id": "ParamEff14",
			"GroupId": "ParamGroup",
			"Name": "エフェクト14"
		},
		{
			"Id": "ParamEff15",
			"GroupId": "ParamGroup",
			"Name": "エフェクト15"
		},
		{
			"Id": "ParamEff16",
			"GroupId": "ParamGroup",
			"Name": "エフェクト16"
		},
		{
			"Id": "ParamEff17",
			"GroupId": "ParamGroup",
			"Name": "エフェクト17"
		},
		{
			"Id": "ParamEff18",
			"GroupId": "ParamGroup",
			"Name": "エフェクト18"
		},
		{
			"Id": "ParamEff19",
			"GroupId": "ParamGroup",
			"Name": "エフェクト19"
		},
		{
			"Id": "ParamEff20",
			"GroupId": "ParamGroup",
			"Name": "エフェクト20"
		},
		{
			"Id": "ParamEff21",
			"GroupId": "ParamGroup",
			"Name": "エフェクト21"
		},
		{
			"Id": "ParamEff22",
			"GroupId": "ParamGroup",
			"Name": "エフェクト22"
		},
		{
			"Id": "ParamEff23",
			"GroupId": "ParamGroup",
			"Name": "エフェクト23"
		},
		{
			"Id": "ParamEff24",
			"GroupId": "ParamGroup",
			"Name": "エフェクト24"
		},
		{
			"Id": "ParamEff25",
			"GroupId": "ParamGroup",
			"Name": "エフェクト25"
		},
		{
			"Id": "ParamEff26",
			"GroupId": "ParamGroup",
			"Name": "エフェクト26"
		},
		{
			"Id": "ParamEff27",
			"GroupId": "ParamGroup",
			"Name": "エフェクト27"
		},
		{
			"Id": "ParamEff28",
			"GroupId": "ParamGroup",
			"Name": "エフェクト28"
		},
		{
			"Id": "ParamEff29",
			"GroupId": "ParamGroup",
			"Name": "エフェクト29"
		},
		{
			"Id": "ParamEff30",
			"GroupId": "ParamGroup",
			"Name": "エフェクト30"
		},
		{
			"Id": "ParamEff31",
			"GroupId": "ParamGroup",
			"Name": "エフェクト31"
		},
		{
			"Id": "ParamEff32",
			"GroupId": "ParamGroup",
			"Name": "エフェクト32"
		},
		{
			"Id": "ParamEff33",
			"GroupId": "ParamGroup",
			"Name": "エフェクト33"
		},
		{
			"Id": "ParamPachi",
			"GroupId": "ParamGroup2",
			"Name": "目パチ"
		},
		{
			"Id": "ParamLegL1",
			"GroupId": "ParamGroup2",
			"Name": "右太もも"
		},
		{
			"Id": "ParamLegL2",
			"GroupId": "ParamGroup2",
			"Name": "右足"
		},
		{
			"Id": "ParamLegR1",
			"GroupId": "ParamGroup2",
			"Name": "左太もも"
		},
		{
			"Id": "ParamLegR2",
			"GroupId": "ParamGroup2",
			"Name": "左足"
		},
		{
			"Id": "ParamEyeRL",
			"GroupId": "ParamGroup2",
			"Name": "目Hi左右"
		},
		{
			"Id": "ParamEyeUD",
			"GroupId": "ParamGroup2",
			"Name": "目Hi上下"
		},
		{
			"Id": "ParamEyeBS",
			"GroupId": "ParamGroup2",
			"Name": "目Hi大小"
		},
		{
			"Id": "ParamPaiRX",
			"GroupId": "ParamGroup2",
			"Name": "左胸"
		},
		{
			"Id": "ParamPaiRY2",
			"GroupId": "ParamGroup2",
			"Name": "右胸 Y2"
		},
		{
			"Id": "ParamPaiRX2",
			"GroupId": "ParamGroup2",
			"Name": "右胸 X2"
		},
		{
			"Id": "ParamPaiRY",
			"GroupId": "ParamGroup2",
			"Name": "右胸"
		},
		{
			"Id": "ParamPaiLY",
			"GroupId": "ParamGroup2",
			"Name": "左胸 Y"
		},
		{
			"Id": "ParamPaiLX",
			"GroupId": "ParamGroup2",
			"Name": "左胸 X"
		},
		{
			"Id": "ParamPaiLY2",
			"GroupId": "ParamGroup2",
			"Name": "左胸 Y2"
		},
		{
			"Id": "ParamPaiLX2",
			"GroupId": "ParamGroup2",
			"Name": "左胸 X2"
		},
		{
			"Id": "ParamBreat",
			"GroupId": "ParamGroup2",
			"Name": "呼吸"
		},
		{
			"Id": "ParammasukuX",
			"GroupId": "ParamGroup3",
			"Name": "効果マスクX"
		},
		{
			"Id": "ParammasukuY",
			"GroupId": "ParamGroup3",
			"Name": "効果マスクY"
		},
		{
			"Id": "Param",
			"GroupId": "ParamGroup3",
			"Name": "スカート"
		},
		{
			"Id": "Param2",
			"GroupId": "ParamGroup3",
			"Name": "頭飾り2"
		},
		{
			"Id": "Param3",
			"GroupId": "ParamGroup3",
			"Name": "左腕飾り"
		},
		{
			"Id": "Param4",
			"GroupId": "ParamGroup3",
			"Name": "首輪アクセ"
		},
		{
			"Id": "Param_Angle_Rotation9",
			"GroupId": "ParamGroup4",
			"Name": "[0]左前髪"
		},
		{
			"Id": "Param_Angle_Rotation10",
			"GroupId": "ParamGroup4",
			"Name": "[1]左前髪"
		},
		{
			"Id": "Param_Angle_Rotation11",
			"GroupId": "ParamGroup4",
			"Name": "[2]左前髪"
		},
		{
			"Id": "Param_Angle_Rotation15",
			"GroupId": "ParamGroup5",
			"Name": "[0]左前髪2"
		},
		{
			"Id": "Param_Angle_Rotation16",
			"GroupId": "ParamGroup5",
			"Name": "[1]左前髪2"
		},
		{
			"Id": "Param_Angle_Rotation17",
			"GroupId": "ParamGroup5",
			"Name": "[2]左前髪2"
		},
		{
			"Id": "Param_Angle_Rotation18",
			"GroupId": "ParamGroup5",
			"Name": "[3]左前髪2"
		},
		{
			"Id": "Param_Angle_Rotation23",
			"GroupId": "ParamGroup6",
			"Name": "[0]右前髪"
		},
		{
			"Id": "Param_Angle_Rotation24",
			"GroupId": "ParamGroup6",
			"Name": "[1]右前髪"
		},
		{
			"Id": "Param_Angle_Rotation25",
			"GroupId": "ParamGroup6",
			"Name": "[2]右前髪"
		},
		{
			"Id": "Param_Angle_Rotation29",
			"GroupId": "ParamGroup7",
			"Name": "[0]右前髪2"
		},
		{
			"Id": "Param_Angle_Rotation30",
			"GroupId": "ParamGroup7",
			"Name": "[1]右前髪2"
		},
		{
			"Id": "Param_Angle_Rotation31",
			"GroupId": "ParamGroup7",
			"Name": "[2]右前髪2"
		},
		{
			"Id": "Param_Angle_Rotation32",
			"GroupId": "ParamGroup8",
			"Name": "[0]右もみあげ"
		},
		{
			"Id": "Param_Angle_Rotation33",
			"GroupId": "ParamGroup8",
			"Name": "[1]右もみあげ"
		},
		{
			"Id": "Param_Angle_Rotation34",
			"GroupId": "ParamGroup8",
			"Name": "[2]右もみあげ"
		},
		{
			"Id": "Param_Angle_Rotation35",
			"GroupId": "ParamGroup8",
			"Name": "[3]右もみあげ"
		},
		{
			"Id": "Param_Angle_Rotation38",
			"GroupId": "ParamGroup9",
			"Name": "[0]左もみあげ"
		},
		{
			"Id": "Param_Angle_Rotation40",
			"GroupId": "ParamGroup9",
			"Name": "[1]左もみあげ"
		},
		{
			"Id": "Param_Angle_Rotation41",
			"GroupId": "ParamGroup9",
			"Name": "[2]左もみあげ"
		},
		{
			"Id": "Param_Angle_Rotation42",
			"GroupId": "ParamGroup9",
			"Name": "[3]左もみあげ"
		},
		{
			"Id": "Param_Angle_Rotation43",
			"GroupId": "ParamGroup10",
			"Name": "[0]右みみ"
		},
		{
			"Id": "Param_Angle_Rotation44",
			"GroupId": "ParamGroup10",
			"Name": "[1]右みみ"
		},
		{
			"Id": "Param_Angle_Rotation45",
			"GroupId": "ParamGroup10",
			"Name": "[2]右みみ"
		},
		{
			"Id": "Param_Angle_Rotation46",
			"GroupId": "ParamGroup10",
			"Name": "[3]右みみ"
		},
		{
			"Id": "Param_Angle_Rotation47",
			"GroupId": "ParamGroup11",
			"Name": "[0]左みみ"
		},
		{
			"Id": "Param_Angle_Rotation48",
			"GroupId": "ParamGroup11",
			"Name": "[1]左みみ"
		},
		{
			"Id": "Param_Angle_Rotation49",
			"GroupId": "ParamGroup11",
			"Name": "[2]左みみ"
		},
		{
			"Id": "Param_Angle_Rotation50",
			"GroupId": "ParamGroup11",
			"Name": "[3]左みみ"
		},
		{
			"Id": "Param_Angle_Rotation55",
			"GroupId": "ParamGroup12",
			"Name": "[0]頭飾り"
		},
		{
			"Id": "Param_Angle_Rotation56",
			"GroupId": "ParamGroup12",
			"Name": "[1]頭飾り"
		},
		{
			"Id": "Param_Angle_Rotation57",
			"GroupId": "ParamGroup12",
			"Name": "[2]頭飾り"
		},
		{
			"Id": "Param_Angle_Rotation58",
			"GroupId": "ParamGroup12",
			"Name": "[3]頭飾り"
		},
		{
			"Id": "Param_Angle_Rotation63",
			"GroupId": "ParamGroup13",
			"Name": "[0]左後ろ髪"
		},
		{
			"Id": "Param_Angle_Rotation64",
			"GroupId": "ParamGroup13",
			"Name": "[1]左後ろ髪"
		},
		{
			"Id": "Param_Angle_Rotation65",
			"GroupId": "ParamGroup13",
			"Name": "[2]左後ろ髪"
		},
		{
			"Id": "Param_Angle_Rotation69",
			"GroupId": "ParamGroup14",
			"Name": "[0]左後ろ髪2"
		},
		{
			"Id": "Param_Angle_Rotation70",
			"GroupId": "ParamGroup14",
			"Name": "[1]左後ろ髪2"
		},
		{
			"Id": "Param_Angle_Rotation73",
			"GroupId": "ParamGroup15",
			"Name": "[0]右後ろ髪"
		},
		{
			"Id": "Param_Angle_Rotation74",
			"GroupId": "ParamGroup15",
			"Name": "[1]右後ろ髪"
		},
		{
			"Id": "Param_Angle_Rotation75",
			"GroupId": "ParamGroup15",
			"Name": "[2]右後ろ髪"
		},
		{
			"Id": "Param_Angle_Rotation76",
			"GroupId": "ParamGroup15",
			"Name": "[3]右後ろ髪"
		},
		{
			"Id": "Param_Angle_Rotation81",
			"GroupId": "ParamGroup16",
			"Name": "[0]右後ろ髪2"
		},
		{
			"Id": "Param_Angle_Rotation82",
			"GroupId": "ParamGroup16",
			"Name": "[1]右後ろ髪2"
		},
		{
			"Id": "Param_Angle_Rotation83",
			"GroupId": "ParamGroup16",
			"Name": "[2]右後ろ髪2"
		},
		{
			"Id": "Param_Angle_Rotation87",
			"GroupId": "ParamGroup17",
			"Name": "[0]右後ろ髪3"
		},
		{
			"Id": "Param_Angle_Rotation88",
			"GroupId": "ParamGroup17",
			"Name": "[1]右後ろ髪3"
		},
		{
			"Id": "Param_Angle_Rotation89",
			"GroupId": "ParamGroup17",
			"Name": "[2]右後ろ髪3"
		},
		{
			"Id": "Param_Angle_Rotation90",
			"GroupId": "ParamGroup17",
			"Name": "[3]右後ろ髪3"
		},
		{
			"Id": "Param_Angle_Rotation95",
			"GroupId": "ParamGroup18",
			"Name": "[0]左後ろ髪4"
		},
		{
			"Id": "Param_Angle_Rotation96",
			"GroupId": "ParamGroup18",
			"Name": "[1]左後ろ髪4"
		},
		{
			"Id": "Param_Angle_Rotation97",
			"GroupId": "ParamGroup18",
			"Name": "[2]左後ろ髪4"
		},
		{
			"Id": "Param_Angle_Rotation98",
			"GroupId": "ParamGroup18",
			"Name": "[3]左後ろ髪4"
		}
	],
	"ParameterGroups": [
		{
			"Id": "ParamGroup",
			"GroupId": "",
			"Name": "エフェクト"
		},
		{
			"Id": "ParamGroup2",
			"GroupId": "",
			"Name": "URアニメーション"
		},
		{
			"Id": "ParamGroup3",
			"GroupId": "",
			"Name": "追加"
		},
		{
			"Id": "ParamGroup4",
			"GroupId": "",
			"Name": "左前髪"
		},
		{
			"Id": "ParamGroup5",
			"GroupId": "",
			"Name": "左前髪2"
		},
		{
			"Id": "ParamGroup6",
			"GroupId": "",
			"Name": "右前髪"
		},
		{
			"Id": "ParamGroup7",
			"GroupId": "",
			"Name": "右前髪2"
		},
		{
			"Id": "ParamGroup8",
			"GroupId": "",
			"Name": "右もみあげ"
		},
		{
			"Id": "ParamGroup9",
			"GroupId": "",
			"Name": "左もみあげ"
		},
		{
			"Id": "ParamGroup10",
			"GroupId": "",
			"Name": "右みみ"
		},
		{
			"Id": "ParamGroup11",
			"GroupId": "",
			"Name": "左みみ"
		},
		{
			"Id": "ParamGroup12",
			"GroupId": "",
			"Name": "頭飾り"
		},
		{
			"Id": "ParamGroup13",
			"GroupId": "",
			"Name": "左後ろ髪"
		},
		{
			"Id": "ParamGroup14",
			"GroupId": "",
			"Name": "左後ろ髪2"
		},
		{
			"Id": "ParamGroup15",
			"GroupId": "",
			"Name": "右後ろ髪"
		},
		{
			"Id": "ParamGroup16",
			"GroupId": "",
			"Name": "右後ろ髪2"
		},
		{
			"Id": "ParamGroup17",
			"GroupId": "",
			"Name": "右後ろ髪3"
		},
		{
			"Id": "ParamGroup18",
			"GroupId": "",
			"Name": "左後ろ髪4"
		}
	],
	"Parts": [
		{
			"Id": "Part30",
			"Name": "1920x1440.psd"
		},
		{
			"Id": "Part",
			"Name": "エフェクト"
		},
		{
			"Id": "Part10",
			"Name": "花びら"
		},
		{
			"Id": "Part3",
			"Name": "手前"
		},
		{
			"Id": "Part20",
			"Name": "伊吹"
		},
		{
			"Id": "Part28",
			"Name": "キャラ光"
		},
		{
			"Id": "Part29",
			"Name": "背景"
		},
		{
			"Id": "Part2",
			"Name": "キラ2"
		},
		{
			"Id": "Part4",
			"Name": "キラキラ"
		},
		{
			"Id": "Part5",
			"Name": "丸小光"
		},
		{
			"Id": "Part6",
			"Name": "丸"
		},
		{
			"Id": "Part7",
			"Name": "丸光2"
		},
		{
			"Id": "Part8",
			"Name": "キラ"
		},
		{
			"Id": "Part9",
			"Name": "丸光"
		},
		{
			"Id": "Part11",
			"Name": "花びら9"
		},
		{
			"Id": "Part12",
			"Name": "花びら8"
		},
		{
			"Id": "Part13",
			"Name": "花びら7"
		},
		{
			"Id": "Part14",
			"Name": "花びら6"
		},
		{
			"Id": "Part15",
			"Name": "花びら5"
		},
		{
			"Id": "Part16",
			"Name": "花びら4"
		},
		{
			"Id": "Part17",
			"Name": "花びら3"
		},
		{
			"Id": "Part18",
			"Name": "花びら2"
		},
		{
			"Id": "Part19",
			"Name": "花びら1"
		},
		{
			"Id": "Part21",
			"Name": "髪"
		},
		{
			"Id": "Part22",
			"Name": "顔"
		},
		{
			"Id": "Part25",
			"Name": "体周辺"
		},
		{
			"Id": "Part26",
			"Name": "後ろ髪"
		},
		{
			"Id": "Part27",
			"Name": "下半身"
		},
		{
			"Id": "ArtMesh149_Skinning",
			"Name": "左後ろ髪光4(スキニング)"
		},
		{
			"Id": "ArtMesh150_Skinning",
			"Name": "頭飾り光(スキニング)"
		},
		{
			"Id": "ArtMesh151_Skinning",
			"Name": "左後ろ髪2光(スキニング)"
		},
		{
			"Id": "ArtMesh152_Skinning",
			"Name": "左後ろ髪光(スキニング)"
		},
		{
			"Id": "ArtMesh153_Skinning",
			"Name": "左みみ光(スキニング)"
		},
		{
			"Id": "ArtMesh155_Skinning",
			"Name": "右後ろ髪光(スキニング)"
		},
		{
			"Id": "ArtMesh156_Skinning",
			"Name": "右後ろ髪2光(スキニング)"
		},
		{
			"Id": "ArtMesh158_Skinning",
			"Name": "右後ろ髪光4(スキニング)"
		},
		{
			"Id": "Part36",
			"Name": "追従丸小光"
		},
		{
			"Id": "ArtMesh89_Skinning",
			"Name": "頭飾り(スキニング)"
		},
		{
			"Id": "ArtMesh90_Skinning",
			"Name": "左みみ(スキニング)"
		},
		{
			"Id": "ArtMesh91_Skinning",
			"Name": "右みみ(スキニング)"
		},
		{
			"Id": "ArtMesh93_Skinning",
			"Name": "右前髪(スキニング)"
		},
		{
			"Id": "ArtMesh94_Skinning",
			"Name": "右前髪2(スキニング)"
		},
		{
			"Id": "ArtMesh95_Skinning",
			"Name": "左前髪(スキニング)"
		},
		{
			"Id": "ArtMesh96_Skinning",
			"Name": "左前髪2(スキニング)"
		},
		{
			"Id": "ArtMesh97_Skinning",
			"Name": "右もみあげ(スキニング)"
		},
		{
			"Id": "Part23",
			"Name": "表情"
		},
		{
			"Id": "Part24",
			"Name": "顔影"
		},
		{
			"Id": "ArtMesh111_Skinning",
			"Name": "左もみあげ(スキニング)"
		},
		{
			"Id": "ArtMesh130_Skinning",
			"Name": "左後ろ髪4(スキニング)"
		},
		{
			"Id": "ArtMesh131_Skinning",
			"Name": "右後ろ髪3(スキニング)"
		},
		{
			"Id": "ArtMesh132_Skinning",
			"Name": "右後ろ髪(スキニング)"
		},
		{
			"Id": "ArtMesh133_Skinning",
			"Name": "右後ろ髪2(スキニング)"
		},
		{
			"Id": "ArtMesh135_Skinning",
			"Name": "左後ろ髪(スキニング)"
		},
		{
			"Id": "ArtMesh136_Skinning",
			"Name": "左後ろ髪2(スキニング)"
		},
		{
			"Id": "ArtMesh104_Skinning",
			"Name": "左前髪2影(スキニング)"
		},
		{
			"Id": "ArtMesh105_Skinning",
			"Name": "左前髪影(スキニング)"
		},
		{
			"Id": "ArtMesh106_Skinning",
			"Name": "右もみあげ影(スキニング)"
		},
		{
			"Id": "ArtMesh108_Skinning",
			"Name": "右前髪影(スキニング)"
		}
	],
	"CombinedParameters": [
		[
			"ParamEyeRL",
			"ParamEyeUD"
		],
		[
			"ParamPaiRY2",
			"ParamPaiRX2"
		],
		[
			"ParamPaiLY",
			"ParamPaiLX"
		],
		[
			"ParamPaiLY2",
			"ParamPaiLX2"
		],
		[
			"ParammasukuX",
			"ParammasukuY"
		]
	]
}