{
	"Version": 3,
	"Meta": {
		"Duration": 6,
		"Fps": 30.0,
		"Loop": true,
		"AreBeziersRestricted": false,
		"CurveCount": 131,
		"TotalSegmentCount": 1086,
		"TotalPointCount": 3385,
		"UserDataCount": 0,
		"TotalUserDataSize": 0
	},
	"Curves": [
		{
			"Target": "Parameter",
			"Id": "ParamEff1",
			"Segments": [
				0,
				1,
				1,
				0.2,
				1,
				0.4,
				1,
				0.6,
				1,
				1,
				0.633,
				1,
				0.667,
				0.5,
				0.7,
				0.5,
				1,
				0.733,
				0.5,
				0.767,
				1,
				0.8,
				1,
				1,
				1.378,
				1,
				1.956,
				1,
				2.533,
				1,
				1,
				2.567,
				1,
				2.6,
				0.5,
				2.633,
				0.5,
				1,
				2.678,
				0.5,
				2.722,
				1,
				2.767,
				1,
				1,
				3.5,
				1,
				4.233,
				1,
				4.967,
				1,
				1,
				5,
				1,
				5.033,
				0.5,
				5.067,
				0.5,
				1,
				5.111,
				0.5,
				5.156,
				1,
				5.2,
				1,
				1,
				5.467,
				1,
				5.733,
				1,
				6,
				1
			]
		},
		{
			"Target": "Parameter",
			"Id": "ParamEff2",
			"Segments": [
				0,
				0.6,
				1,
				0.033,
				0.6,
				0.067,
				1,
				0.1,
				1,
				1,
				0.6,
				1,
				1.1,
				1,
				1.6,
				1,
				1,
				1.633,
				1,
				1.667,
				0.5,
				1.7,
				0.5,
				1,
				1.733,
				0.5,
				1.767,
				1,
				1.8,
				1,
				1,
				2.267,
				1,
				2.733,
				1,
				3.2,
				1,
				1,
				3.233,
				1,
				3.267,
				0.5,
				3.3,
				0.5,
				1,
				3.333,
				0.5,
				3.367,
				1,
				3.4,
				1,
				1,
				3.444,
				1,
				3.489,
				1,
				3.533,
				1,
				1,
				3.567,
				1,
				3.6,
				0.5,
				3.633,
				0.5,
				1,
				3.667,
				0.5,
				3.7,
				1,
				3.733,
				1,
				1,
				4.444,
				1,
				5.156,
				1,
				5.867,
				1,
				1,
				5.911,
				1,
				5.956,
				0.6,
				6,
				0.6
			]
		},
		{
			"Target": "Parameter",
			"Id": "ParamEff3",
			"Segments": [
				0,
				1,
				1,
				0.656,
				1,
				1.311,
				1,
				1.967,
				1,
				1,
				2,
				1,
				2.033,
				0.5,
				2.067,
				0.5,
				1,
				2.1,
				0.5,
				2.133,
				1,
				2.167,
				1,
				1,
				2.211,
				1,
				2.256,
				1,
				2.3,
				1,
				1,
				2.333,
				1,
				2.367,
				0.5,
				2.4,
				0.5,
				1,
				2.433,
				0.5,
				2.467,
				1,
				2.5,
				1,
				1,
				2.922,
				1,
				3.344,
				1,
				3.767,
				1,
				1,
				3.8,
				1,
				3.833,
				0.5,
				3.867,
				0.5,
				1,
				3.9,
				0.5,
				3.933,
				1,
				3.967,
				1,
				1,
				4.644,
				1,
				5.322,
				1,
				6,
				1
			]
		},
		{
			"Target": "Parameter",
			"Id": "ParamEff4",
			"Segments": [
				0,
				1,
				1,
				0.189,
				1,
				0.378,
				1,
				0.567,
				1,
				1,
				0.6,
				1,
				0.633,
				0.5,
				0.667,
				0.5,
				1,
				0.7,
				0.5,
				0.733,
				1,
				0.767,
				1,
				1,
				0.944,
				1,
				1.122,
				0.9,
				1.3,
				0.9,
				1,
				1.667,
				0.9,
				2.033,
				1,
				2.4,
				1,
				1,
				2.433,
				1,
				2.467,
				0.5,
				2.5,
				0.5,
				1,
				2.533,
				0.5,
				2.567,
				1,
				2.6,
				1,
				1,
				3,
				1,
				3.4,
				0.8,
				3.8,
				0.8,
				1,
				4.2,
				0.8,
				4.6,
				1,
				5,
				1,
				1,
				5.033,
				1,
				5.067,
				0.5,
				5.1,
				0.5,
				1,
				5.133,
				0.5,
				5.167,
				1,
				5.2,
				1,
				1,
				5.467,
				1,
				5.733,
				1,
				6,
				1
			]
		},
		{
			"Target": "Parameter",
			"Id": "ParamEff5",
			"Segments": [
				0,
				1,
				1,
				0.078,
				1,
				0.156,
				1,
				0.233,
				1,
				1,
				0.267,
				1,
				0.3,
				0.5,
				0.333,
				0.5,
				1,
				0.367,
				0.5,
				0.4,
				1,
				0.433,
				1,
				1,
				1.244,
				1,
				2.056,
				0.7,
				2.867,
				0.7,
				1,
				3.911,
				0.7,
				4.956,
				1,
				6,
				1
			]
		},
		{
			"Target": "Parameter",
			"Id": "ParamEff6",
			"Segments": [
				0,
				0.6,
				1,
				0.033,
				0.6,
				0.067,
				1,
				0.1,
				1,
				1,
				0.867,
				1,
				1.633,
				0.8,
				2.4,
				0.8,
				1,
				3.133,
				0.8,
				3.867,
				1,
				4.6,
				1,
				1,
				4.633,
				1,
				4.667,
				0.5,
				4.7,
				0.5,
				1,
				4.733,
				0.5,
				4.767,
				1,
				4.8,
				1,
				1,
				4.878,
				1,
				4.956,
				1,
				5.033,
				1,
				1,
				5.067,
				1,
				5.1,
				0.5,
				5.133,
				0.5,
				1,
				5.167,
				0.5,
				5.2,
				1,
				5.233,
				1,
				1,
				5.289,
				1,
				5.344,
				1,
				5.4,
				1,
				1,
				5.433,
				1,
				5.467,
				0.5,
				5.5,
				0.5,
				1,
				5.533,
				0.5,
				5.567,
				1,
				5.6,
				1,
				1,
				5.678,
				1,
				5.756,
				1,
				5.833,
				1,
				1,
				5.889,
				1,
				5.944,
				0.6,
				6,
				0.6
			]
		},
		{
			"Target": "Parameter",
			"Id": "ParamEff7",
			"Segments": [
				0,
				1,
				1,
				0.256,
				1,
				0.511,
				1,
				0.767,
				1,
				1,
				0.8,
				1,
				0.833,
				0.6,
				0.867,
				0.6,
				1,
				0.9,
				0.6,
				0.933,
				1,
				0.967,
				1,
				1,
				1.133,
				1,
				1.3,
				1,
				1.467,
				1,
				1,
				1.5,
				1,
				1.533,
				0.6,
				1.567,
				0.6,
				1,
				1.6,
				0.6,
				1.633,
				1,
				1.667,
				1,
				1,
				2.089,
				1,
				2.511,
				0.9,
				2.933,
				0.9,
				1,
				3.311,
				0.9,
				3.689,
				1,
				4.067,
				1,
				1,
				4.1,
				1,
				4.133,
				0.6,
				4.167,
				0.6,
				1,
				4.2,
				0.6,
				4.233,
				1,
				4.267,
				1,
				1,
				4.578,
				1,
				4.889,
				1,
				5.2,
				1,
				1,
				5.467,
				1,
				5.733,
				1,
				6,
				1
			]
		},
		{
			"Target": "Parameter",
			"Id": "ParamEff8",
			"Segments": [
				0,
				1,
				1,
				0.111,
				1,
				0.222,
				1,
				0.333,
				1,
				1,
				0.367,
				1,
				0.4,
				0.9,
				0.433,
				0.9,
				1,
				0.467,
				0.9,
				0.5,
				1,
				0.533,
				1,
				1,
				1,
				1,
				1.467,
				0.9,
				1.933,
				0.9,
				1,
				2.311,
				0.9,
				2.689,
				1,
				3.067,
				1,
				1,
				3.1,
				1,
				3.133,
				0.8,
				3.167,
				0.8,
				1,
				3.2,
				0.8,
				3.233,
				1,
				3.267,
				1,
				1,
				3.322,
				1,
				3.378,
				1,
				3.433,
				1,
				1,
				3.467,
				1,
				3.5,
				0.8,
				3.533,
				0.8,
				1,
				3.567,
				0.8,
				3.6,
				1,
				3.633,
				1,
				1,
				3.7,
				1,
				3.767,
				1,
				3.833,
				1,
				1,
				3.867,
				1,
				3.9,
				1,
				3.933,
				1,
				1,
				3.967,
				1,
				4,
				1,
				4.033,
				1,
				1,
				4.367,
				1,
				4.7,
				0.9,
				5.033,
				0.9,
				1,
				5.356,
				0.9,
				5.678,
				1,
				6,
				1
			]
		},
		{
			"Target": "Parameter",
			"Id": "ParamEff9",
			"Segments": [
				0,
				0.8,
				1,
				0.289,
				0.8,
				0.578,
				1,
				0.867,
				1,
				1,
				0.9,
				1,
				0.933,
				0.8,
				0.967,
				0.8,
				1,
				1,
				0.8,
				1.033,
				1,
				1.067,
				1,
				1,
				1.3,
				1,
				1.533,
				1,
				1.767,
				1,
				1,
				1.8,
				1,
				1.833,
				0.8,
				1.867,
				0.8,
				1,
				1.9,
				0.8,
				1.933,
				1,
				1.967,
				1,
				1,
				2.4,
				1,
				2.833,
				1,
				3.267,
				1,
				1,
				3.3,
				1,
				3.333,
				0.9,
				3.367,
				0.9,
				1,
				3.4,
				0.9,
				3.433,
				1,
				3.467,
				1,
				1,
				4.311,
				1,
				5.156,
				0.8,
				6,
				0.8
			]
		},
		{
			"Target": "Parameter",
			"Id": "ParamEff10",
			"Segments": [
				0,
				1,
				1,
				0.5,
				1,
				1,
				1,
				1.5,
				1,
				1,
				1.533,
				1,
				1.567,
				0.9,
				1.6,
				0.9,
				1,
				1.633,
				0.9,
				1.667,
				1,
				1.7,
				1,
				1,
				1.822,
				1,
				1.944,
				1,
				2.067,
				1,
				1,
				2.1,
				1,
				2.133,
				0.8,
				2.167,
				0.8,
				1,
				2.2,
				0.8,
				2.233,
				1,
				2.267,
				1,
				1,
				2.711,
				1,
				3.156,
				0.9,
				3.6,
				0.9,
				1,
				4.211,
				0.9,
				4.822,
				1,
				5.433,
				1,
				1,
				5.467,
				1,
				5.5,
				0.8,
				5.533,
				0.8,
				1,
				5.567,
				0.8,
				5.6,
				1,
				5.633,
				1,
				1,
				5.756,
				1,
				5.878,
				1,
				6,
				1
			]
		},
		{
			"Target": "Parameter",
			"Id": "ParamEff11",
			"Segments": [
				0,
				1,
				1,
				0.222,
				1,
				0.444,
				1,
				0.667,
				1,
				1,
				0.7,
				1,
				0.733,
				0.6,
				0.767,
				0.6,
				1,
				0.8,
				0.6,
				0.833,
				1,
				0.867,
				1,
				1,
				1.144,
				1,
				1.422,
				0.9,
				1.7,
				0.9,
				1,
				2.056,
				0.9,
				2.411,
				1,
				2.767,
				1,
				1,
				2.8,
				1,
				2.833,
				0.6,
				2.867,
				0.6,
				1,
				2.9,
				0.6,
				2.933,
				1,
				2.967,
				1,
				1,
				3.267,
				1,
				3.567,
				0.8,
				3.867,
				0.8,
				1,
				4.067,
				0.8,
				4.267,
				1,
				4.467,
				1,
				1,
				4.5,
				1,
				4.533,
				0.6,
				4.567,
				0.6,
				1,
				4.6,
				0.6,
				4.633,
				1,
				4.667,
				1,
				1,
				5.111,
				1,
				5.556,
				1,
				6,
				1
			]
		},
		{
			"Target": "Parameter",
			"Id": "ParamEff12",
			"Segments": [
				0,
				0.9,
				1,
				0.044,
				0.9,
				0.089,
				1,
				0.133,
				1,
				1,
				0.733,
				1,
				1.333,
				0.9,
				1.933,
				0.9,
				1,
				2.567,
				0.9,
				3.2,
				1,
				3.833,
				1,
				1,
				3.867,
				1,
				3.9,
				0.9,
				3.933,
				0.9,
				1,
				3.967,
				0.9,
				4,
				1,
				4.033,
				1,
				1,
				4.444,
				1,
				4.856,
				1,
				5.267,
				1,
				1,
				5.3,
				1,
				5.333,
				0.9,
				5.367,
				0.9,
				1,
				5.4,
				0.9,
				5.433,
				1,
				5.467,
				1,
				1,
				5.611,
				1,
				5.756,
				1,
				5.9,
				1,
				1,
				5.933,
				1,
				5.967,
				0.8,
				6,
				0.8
			]
		},
		{
			"Target": "Parameter",
			"Id": "ParamEff13",
			"Segments": [
				0,
				1,
				1,
				0.111,
				1,
				0.222,
				1,
				0.333,
				1,
				1,
				0.367,
				1,
				0.4,
				0.9,
				0.433,
				0.9,
				1,
				0.467,
				0.9,
				0.5,
				1,
				0.533,
				1,
				1,
				0.856,
				1,
				1.178,
				0.9,
				1.5,
				0.9,
				1,
				1.844,
				0.9,
				2.189,
				1,
				2.533,
				1,
				1,
				2.567,
				1,
				2.6,
				0.9,
				2.633,
				0.9,
				1,
				2.667,
				0.9,
				2.7,
				1,
				2.733,
				1,
				1,
				3.278,
				1,
				3.822,
				1,
				4.367,
				1,
				1,
				4.4,
				1,
				4.433,
				0.9,
				4.467,
				0.9,
				1,
				4.5,
				0.9,
				4.533,
				1,
				4.567,
				1,
				1,
				5.044,
				1,
				5.522,
				1,
				6,
				1
			]
		},
		{
			"Target": "Parameter",
			"Id": "ParamEff14",
			"Segments": [
				0,
				1,
				1,
				0.189,
				1,
				0.378,
				1,
				0.567,
				1,
				1,
				0.6,
				1,
				0.633,
				0.9,
				0.667,
				0.9,
				1,
				0.7,
				0.9,
				0.733,
				1,
				0.767,
				1,
				1,
				1.1,
				1,
				1.433,
				1,
				1.767,
				1,
				1,
				1.8,
				1,
				1.833,
				0.8,
				1.867,
				0.8,
				1,
				1.9,
				0.8,
				1.933,
				1,
				1.967,
				1,
				1,
				2.267,
				1,
				2.567,
				0.9,
				2.867,
				0.9,
				1,
				3.133,
				0.9,
				3.4,
				1,
				3.667,
				1,
				1,
				3.7,
				1,
				3.733,
				0.8,
				3.767,
				0.8,
				1,
				3.8,
				0.8,
				3.833,
				1,
				3.867,
				1,
				1,
				4.122,
				1,
				4.378,
				0.9,
				4.633,
				0.9,
				1,
				4.878,
				0.9,
				5.122,
				1,
				5.367,
				1,
				1,
				5.4,
				1,
				5.433,
				0.8,
				5.467,
				0.8,
				1,
				5.5,
				0.8,
				5.533,
				1,
				5.567,
				1,
				1,
				5.711,
				1,
				5.856,
				1,
				6,
				1
			]
		},
		{
			"Target": "Parameter",
			"Id": "ParamEff15",
			"Segments": [
				0,
				0.7,
				1,
				0.478,
				0.7,
				0.956,
				1,
				1.433,
				1,
				1,
				1.467,
				1,
				1.5,
				0.6,
				1.533,
				0.6,
				1,
				1.567,
				0.6,
				1.6,
				1,
				1.633,
				1,
				1,
				2.133,
				1,
				2.633,
				1,
				3.133,
				1,
				1,
				3.167,
				1,
				3.2,
				0.6,
				3.233,
				0.6,
				1,
				3.267,
				0.6,
				3.3,
				1,
				3.333,
				1,
				1,
				3.411,
				1,
				3.489,
				1,
				3.567,
				1,
				1,
				3.6,
				1,
				3.633,
				0.6,
				3.667,
				0.6,
				1,
				3.7,
				0.6,
				3.733,
				0.788,
				3.767,
				0.8,
				1,
				4.167,
				0.943,
				4.567,
				1,
				4.967,
				1,
				1,
				5,
				1,
				5.033,
				0.6,
				5.067,
				0.6,
				1,
				5.1,
				0.6,
				5.133,
				1,
				5.167,
				1,
				1,
				5.444,
				1,
				5.722,
				0.7,
				6,
				0.7
			]
		},
		{
			"Target": "Parameter",
			"Id": "ParamEff16",
			"Segments": [
				0,
				1,
				1,
				0.256,
				1,
				0.511,
				1,
				0.767,
				1,
				1,
				0.8,
				1,
				0.833,
				0.6,
				0.867,
				0.6,
				1,
				0.9,
				0.6,
				0.933,
				1,
				0.967,
				1,
				1,
				1.322,
				1,
				1.678,
				1,
				2.033,
				1,
				1,
				2.067,
				1,
				2.1,
				0.6,
				2.133,
				0.6,
				1,
				2.167,
				0.6,
				2.2,
				1,
				2.233,
				1,
				1,
				2.622,
				1,
				3.011,
				0.9,
				3.4,
				0.9,
				1,
				3.811,
				0.9,
				4.222,
				1,
				4.633,
				1,
				1,
				4.667,
				1,
				4.7,
				0.6,
				4.733,
				0.6,
				1,
				4.767,
				0.6,
				4.8,
				1,
				4.833,
				1,
				1,
				5.044,
				1,
				5.256,
				1,
				5.467,
				1,
				1,
				5.644,
				1,
				5.822,
				1,
				6,
				1
			]
		},
		{
			"Target": "Parameter",
			"Id": "ParamEff17",
			"Segments": [
				0,
				1,
				1,
				0.678,
				1,
				1.356,
				0.9,
				2.033,
				0.9,
				1,
				2.8,
				0.9,
				3.567,
				1,
				4.333,
				1,
				1,
				4.367,
				1,
				4.4,
				0.6,
				4.433,
				0.6,
				1,
				4.467,
				0.6,
				4.5,
				1,
				4.533,
				1,
				1,
				4.844,
				1,
				5.156,
				0.9,
				5.467,
				0.9,
				1,
				5.644,
				0.9,
				5.822,
				1,
				6,
				1
			]
		},
		{
			"Target": "Parameter",
			"Id": "ParamEff18",
			"Segments": [
				0,
				0.6,
				1,
				0.044,
				0.6,
				0.089,
				1,
				0.133,
				1,
				1,
				0.811,
				1,
				1.489,
				0.9,
				2.167,
				0.9,
				1,
				3.178,
				0.9,
				4.189,
				1,
				5.2,
				1,
				1,
				5.233,
				1,
				5.267,
				0.6,
				5.3,
				0.6,
				1,
				5.333,
				0.6,
				5.367,
				1,
				5.4,
				1,
				1,
				5.544,
				1,
				5.689,
				1,
				5.833,
				1,
				1,
				5.889,
				1,
				5.944,
				0.6,
				6,
				0.6
			]
		},
		{
			"Target": "Parameter",
			"Id": "ParamEff19",
			"Segments": [
				0,
				0.8,
				1,
				0.422,
				0.8,
				0.844,
				0.853,
				1.267,
				0.9,
				1,
				1.978,
				0.979,
				2.689,
				1,
				3.4,
				1,
				1,
				3.433,
				1,
				3.467,
				0.6,
				3.5,
				0.6,
				1,
				3.533,
				0.6,
				3.567,
				1,
				3.6,
				1,
				1,
				4.4,
				1,
				5.2,
				0.8,
				6,
				0.8
			]
		},
		{
			"Target": "Parameter",
			"Id": "ParamEff20",
			"Segments": [
				0,
				1,
				1,
				0.489,
				1,
				0.978,
				1,
				1.467,
				1,
				1,
				1.5,
				1,
				1.533,
				0.6,
				1.567,
				0.6,
				1,
				1.6,
				0.6,
				1.633,
				1,
				1.667,
				1,
				1,
				2.656,
				1,
				3.644,
				0.9,
				4.633,
				0.9,
				1,
				5.089,
				0.9,
				5.544,
				1,
				6,
				1
			]
		},
		{
			"Target": "Parameter",
			"Id": "ParamEff21",
			"Segments": [
				0,
				1,
				1,
				1.6,
				1,
				3.2,
				1,
				4.8,
				1,
				1,
				4.833,
				1,
				4.867,
				0.6,
				4.9,
				0.6,
				1,
				4.933,
				0.6,
				4.967,
				1,
				5,
				1,
				1,
				5.333,
				1,
				5.667,
				1,
				6,
				1
			]
		},
		{
			"Target": "Parameter",
			"Id": "ParamEff22",
			"Segments": [
				0,
				1,
				1,
				0.244,
				1,
				0.489,
				1,
				0.733,
				1,
				1,
				0.767,
				1,
				0.8,
				0.6,
				0.833,
				0.6,
				1,
				0.867,
				0.6,
				0.9,
				1,
				0.933,
				1,
				1,
				1.078,
				1,
				1.222,
				1,
				1.367,
				1,
				1,
				1.4,
				1,
				1.433,
				0.6,
				1.467,
				0.6,
				1,
				1.5,
				0.6,
				1.533,
				1,
				1.567,
				1,
				1,
				1.889,
				1,
				2.211,
				1,
				2.533,
				1,
				1,
				2.567,
				1,
				2.6,
				0.6,
				2.633,
				0.6,
				1,
				2.667,
				0.6,
				2.7,
				1,
				2.733,
				1,
				1,
				3.822,
				1,
				4.911,
				1,
				6,
				1
			]
		},
		{
			"Target": "Parameter",
			"Id": "ParamEff23",
			"Segments": [
				0,
				1,
				1,
				0.067,
				1,
				0.133,
				1,
				0.2,
				1,
				1,
				0.233,
				1,
				0.267,
				0.5,
				0.3,
				0.5,
				1,
				0.333,
				0.5,
				0.367,
				1,
				0.4,
				1,
				1,
				0.489,
				1,
				0.578,
				1,
				0.667,
				1,
				1,
				0.7,
				1,
				0.733,
				0.5,
				0.767,
				0.5,
				1,
				0.8,
				0.5,
				0.833,
				1,
				0.867,
				1,
				1,
				2.122,
				1,
				3.378,
				1,
				4.633,
				1,
				1,
				4.667,
				1,
				4.7,
				0.5,
				4.733,
				0.5,
				1,
				4.767,
				0.5,
				4.8,
				1,
				4.833,
				1,
				1,
				5.222,
				1,
				5.611,
				1,
				6,
				1
			]
		},
		{
			"Target": "Parameter",
			"Id": "ParamEff24",
			"Segments": [
				0,
				1,
				1,
				0.7,
				1,
				1.4,
				1,
				2.1,
				1,
				1,
				2.133,
				1,
				2.167,
				0.6,
				2.2,
				0.6,
				1,
				2.233,
				0.6,
				2.267,
				1,
				2.3,
				1,
				1,
				2.433,
				1,
				2.567,
				1,
				2.7,
				1,
				1,
				2.733,
				1,
				2.767,
				0.6,
				2.8,
				0.6,
				1,
				2.833,
				0.6,
				2.867,
				1,
				2.9,
				1,
				1,
				3.789,
				1,
				4.678,
				1,
				5.567,
				1,
				1,
				5.6,
				1,
				5.633,
				0.6,
				5.667,
				0.6,
				1,
				5.7,
				0.6,
				5.733,
				1,
				5.767,
				1,
				1,
				5.844,
				1,
				5.922,
				1,
				6,
				1
			]
		},
		{
			"Target": "Parameter",
			"Id": "ParamEff25",
			"Segments": [
				0,
				1,
				1,
				0.411,
				1,
				0.822,
				1,
				1.233,
				1,
				1,
				1.267,
				1,
				1.3,
				0.5,
				1.333,
				0.5,
				1,
				1.367,
				0.5,
				1.4,
				1,
				1.433,
				1,
				1,
				1.911,
				1,
				2.389,
				1,
				2.867,
				1,
				1,
				2.9,
				1,
				2.933,
				0.5,
				2.967,
				0.5,
				1,
				3,
				0.5,
				3.033,
				1,
				3.067,
				1,
				1,
				4.044,
				1,
				5.022,
				1,
				6,
				1
			]
		},
		{
			"Target": "Parameter",
			"Id": "ParamEff26",
			"Segments": [
				0,
				0.8,
				1,
				1.333,
				0.8,
				2.667,
				1,
				4,
				1,
				1,
				4.033,
				1,
				4.067,
				0.6,
				4.1,
				0.6,
				1,
				4.133,
				0.6,
				4.167,
				1,
				4.2,
				1,
				1,
				4.589,
				1,
				4.978,
				1,
				5.367,
				1,
				1,
				5.4,
				1,
				5.433,
				0.6,
				5.467,
				0.6,
				1,
				5.5,
				0.6,
				5.533,
				1,
				5.567,
				1,
				1,
				5.711,
				1,
				5.856,
				0.8,
				6,
				0.8
			]
		},
		{
			"Target": "Parameter",
			"Id": "ParamEff27",
			"Segments": [
				0,
				1,
				1,
				0.133,
				1,
				0.267,
				1,
				0.4,
				1,
				1,
				0.433,
				1,
				0.467,
				0.5,
				0.5,
				0.5,
				1,
				0.533,
				0.5,
				0.567,
				1,
				0.6,
				1,
				1,
				1.089,
				1,
				1.578,
				1,
				2.067,
				1,
				1,
				2.1,
				1,
				2.133,
				0.5,
				2.167,
				0.5,
				1,
				2.2,
				0.5,
				2.233,
				1,
				2.267,
				1,
				1,
				2.478,
				1,
				2.689,
				1,
				2.9,
				1,
				1,
				2.933,
				1,
				2.967,
				0.5,
				3,
				0.5,
				1,
				3.033,
				0.5,
				3.067,
				1,
				3.1,
				1,
				1,
				4.067,
				1,
				5.033,
				1,
				6,
				1
			]
		},
		{
			"Target": "Parameter",
			"Id": "ParamEff28",
			"Segments": [
				0,
				1,
				1,
				0.2,
				1,
				0.4,
				1,
				0.6,
				1,
				1,
				0.633,
				1,
				0.667,
				0.5,
				0.7,
				0.5,
				1,
				0.733,
				0.5,
				0.767,
				1,
				0.8,
				1,
				1,
				1.444,
				1,
				2.089,
				1,
				2.733,
				1,
				1,
				2.767,
				1,
				2.8,
				0.5,
				2.833,
				0.5,
				1,
				2.867,
				0.5,
				2.9,
				1,
				2.933,
				1,
				1,
				3.044,
				1,
				3.156,
				1,
				3.267,
				1,
				1,
				3.3,
				1,
				3.333,
				0.5,
				3.367,
				0.5,
				1,
				3.4,
				0.5,
				3.433,
				1,
				3.467,
				1,
				1,
				4.311,
				1,
				5.156,
				1,
				6,
				1
			]
		},
		{
			"Target": "Parameter",
			"Id": "ParamEff29",
			"Segments": [
				0,
				1,
				1,
				0.589,
				1,
				1.178,
				1,
				1.767,
				1,
				1,
				1.8,
				1,
				1.833,
				0.6,
				1.867,
				0.6,
				1,
				1.9,
				0.6,
				1.933,
				1,
				1.967,
				1,
				1,
				2.567,
				1,
				3.167,
				1,
				3.767,
				1,
				1,
				3.8,
				1,
				3.833,
				0.6,
				3.867,
				0.6,
				1,
				3.9,
				0.6,
				3.933,
				1,
				3.967,
				1,
				1,
				4.2,
				1,
				4.433,
				1,
				4.667,
				1,
				1,
				4.7,
				1,
				4.733,
				0.6,
				4.767,
				0.6,
				1,
				4.8,
				0.6,
				4.833,
				1,
				4.867,
				1,
				1,
				5.244,
				1,
				5.622,
				1,
				6,
				1
			]
		},
		{
			"Target": "Parameter",
			"Id": "ParamEff30",
			"Segments": [
				0,
				1,
				1,
				0.078,
				1,
				0.156,
				1,
				0.233,
				1,
				1,
				0.267,
				1,
				0.3,
				0.5,
				0.333,
				0.5,
				1,
				0.367,
				0.5,
				0.4,
				1,
				0.433,
				1,
				1,
				0.589,
				1,
				0.744,
				1,
				0.9,
				1,
				1,
				0.933,
				1,
				0.967,
				0.5,
				1,
				0.5,
				1,
				1.033,
				0.5,
				1.067,
				1,
				1.1,
				1,
				1,
				1.7,
				1,
				2.3,
				1,
				2.9,
				1,
				1,
				2.933,
				1,
				2.967,
				0.5,
				3,
				0.5,
				1,
				3.033,
				0.5,
				3.067,
				1,
				3.1,
				1,
				1,
				3.556,
				1,
				4.011,
				0.9,
				4.467,
				0.9,
				1,
				4.978,
				0.9,
				5.489,
				1,
				6,
				1
			]
		},
		{
			"Target": "Parameter",
			"Id": "ParamEff31",
			"Segments": [
				0,
				1,
				1,
				0.556,
				1,
				1.111,
				1,
				1.667,
				1,
				1,
				1.7,
				1,
				1.733,
				0.6,
				1.767,
				0.6,
				1,
				1.8,
				0.6,
				1.833,
				1,
				1.867,
				1,
				1,
				2.378,
				1,
				2.889,
				0.9,
				3.4,
				0.9,
				1,
				3.878,
				0.9,
				4.356,
				1,
				4.833,
				1,
				1,
				4.867,
				1,
				4.9,
				0.6,
				4.933,
				0.6,
				1,
				4.967,
				0.6,
				5,
				1,
				5.033,
				1,
				1,
				5.189,
				1,
				5.344,
				1,
				5.5,
				1,
				1,
				5.533,
				1,
				5.567,
				0.6,
				5.6,
				0.6,
				1,
				5.633,
				0.6,
				5.667,
				1,
				5.7,
				1,
				0,
				6,
				1
			]
		},
		{
			"Target": "Parameter",
			"Id": "ParamEff32",
			"Segments": [
				0,
				1,
				1,
				0.456,
				1,
				0.911,
				1,
				1.367,
				1,
				1,
				1.4,
				1,
				1.433,
				0.5,
				1.467,
				0.5,
				1,
				1.5,
				0.5,
				1.533,
				1,
				1.567,
				1,
				1,
				1.689,
				1,
				1.811,
				1,
				1.933,
				1,
				1,
				1.967,
				1,
				2,
				0.5,
				2.033,
				0.5,
				1,
				2.067,
				0.5,
				2.1,
				1,
				2.133,
				1,
				1,
				2.711,
				1,
				3.289,
				0.9,
				3.867,
				0.9,
				1,
				4.378,
				0.9,
				4.889,
				1,
				5.4,
				1,
				1,
				5.433,
				1,
				5.467,
				0.5,
				5.5,
				0.5,
				1,
				5.533,
				0.5,
				5.567,
				1,
				5.6,
				1,
				1,
				5.733,
				1,
				5.867,
				1,
				6,
				1
			]
		},
		{
			"Target": "Parameter",
			"Id": "ParamEff33",
			"Segments": [
				0,
				1,
				1,
				0.222,
				1,
				0.444,
				1,
				0.667,
				1,
				1,
				0.7,
				1,
				0.733,
				0.5,
				0.767,
				0.5,
				1,
				0.8,
				0.5,
				0.833,
				1,
				0.867,
				1,
				1,
				1.367,
				1,
				1.867,
				1,
				2.367,
				1,
				1,
				2.4,
				1,
				2.433,
				0.5,
				2.467,
				0.5,
				1,
				2.5,
				0.5,
				2.533,
				1,
				2.567,
				1,
				1,
				3.111,
				1,
				3.656,
				1,
				4.2,
				1,
				1,
				4.233,
				1,
				4.267,
				0.5,
				4.3,
				0.5,
				1,
				4.333,
				0.5,
				4.367,
				1,
				4.4,
				1,
				1,
				4.933,
				1,
				5.467,
				1,
				6,
				1
			]
		},
		{
			"Target": "Parameter",
			"Id": "ParamPachi",
			"Segments": [
				0,
				1,
				1,
				1,
				1,
				2,
				1,
				3,
				1,
				1,
				3.022,
				1,
				3.044,
				1,
				3.067,
				1,
				1,
				3.111,
				1,
				3.156,
				0,
				3.2,
				0,
				1,
				3.244,
				0,
				3.289,
				1,
				3.333,
				1,
				1,
				4.222,
				1,
				5.111,
				1,
				6,
				1
			]
		},
		{
			"Target": "Parameter",
			"Id": "ParamLegL1",
			"Segments": [
				0,
				0,
				1,
				0.011,
				0,
				0.022,
				0.221,
				0.033,
				0.302,
				1,
				0.378,
				2.814,
				0.722,
				4,
				1.067,
				4,
				1,
				1.567,
				4,
				2.067,
				2.667,
				2.567,
				0,
				1,
				3.067,
				-2.667,
				3.567,
				-4,
				4.067,
				-4,
				1,
				4.7,
				-4,
				5.333,
				-2.853,
				5.967,
				-0.453,
				1,
				5.978,
				-0.411,
				5.989,
				0,
				6,
				0
			]
		},
		{
			"Target": "Parameter",
			"Id": "ParamLegL2",
			"Segments": [
				0,
				0,
				1,
				0.011,
				0,
				0.022,
				0.233,
				0.033,
				0.302,
				1,
				0.433,
				2.811,
				0.833,
				4,
				1.233,
				4,
				1,
				1.733,
				4,
				2.233,
				2.667,
				2.733,
				0,
				1,
				3.233,
				-2.667,
				3.733,
				-4,
				4.233,
				-4,
				1,
				4.811,
				-4,
				5.389,
				-2.855,
				5.967,
				-0.453,
				1,
				5.978,
				-0.407,
				5.989,
				0,
				6,
				0
			]
		},
		{
			"Target": "Parameter",
			"Id": "ParamLegR1",
			"Segments": [
				0,
				0,
				1,
				0.011,
				0,
				0.022,
				0.257,
				0.033,
				0.302,
				1,
				0.644,
				2.801,
				1.256,
				4,
				1.867,
				4,
				1,
				2.367,
				4,
				2.867,
				2.667,
				3.367,
				0,
				1,
				3.867,
				-2.667,
				4.367,
				-4,
				4.867,
				-4,
				1,
				5.233,
				-4,
				5.6,
				-2.87,
				5.967,
				-0.453,
				1,
				5.978,
				-0.38,
				5.989,
				0,
				6,
				0
			]
		},
		{
			"Target": "Parameter",
			"Id": "ParamLegR2",
			"Segments": [
				0,
				0,
				1,
				0.011,
				0,
				0.022,
				0.261,
				0.033,
				0.302,
				1,
				0.7,
				2.799,
				1.367,
				4,
				2.033,
				4,
				1,
				2.533,
				4,
				3.033,
				2.667,
				3.533,
				0,
				1,
				4.033,
				-2.667,
				4.533,
				-4,
				5.033,
				-4,
				1,
				5.344,
				-4,
				5.656,
				-2.876,
				5.967,
				-0.453,
				1,
				5.978,
				-0.367,
				5.989,
				0,
				6,
				0
			]
		},
		{
			"Target": "Parameter",
			"Id": "ParamEyeRL",
			"Segments": [
				0,
				0,
				1,
				0.033,
				0,
				0.067,
				6,
				0.1,
				6,
				1,
				0.122,
				6,
				0.144,
				6,
				0.167,
				6,
				1,
				0.222,
				6,
				0.278,
				-6,
				0.333,
				-6,
				1,
				0.356,
				-6,
				0.378,
				10.768,
				0.4,
				13,
				1,
				0.422,
				15.232,
				0.444,
				15,
				0.467,
				15,
				1,
				0.489,
				15,
				0.511,
				-9,
				0.533,
				-9,
				1,
				0.567,
				-9,
				0.6,
				-7.568,
				0.633,
				-4,
				1,
				0.656,
				-1.621,
				0.678,
				3.453,
				0.7,
				4,
				1,
				0.722,
				4.547,
				0.744,
				4.489,
				0.767,
				5,
				1,
				0.789,
				5.511,
				0.811,
				7,
				0.833,
				7,
				1,
				0.867,
				7,
				0.9,
				-11,
				0.933,
				-11,
				1,
				0.956,
				-11,
				0.978,
				7,
				1,
				7,
				1,
				1.022,
				7,
				1.044,
				-6,
				1.067,
				-6,
				1,
				1.078,
				-6,
				1.089,
				6,
				1.1,
				6,
				1,
				1.133,
				6,
				1.167,
				5.932,
				1.2,
				4,
				1,
				1.222,
				2.712,
				1.244,
				-9,
				1.267,
				-9,
				1,
				1.311,
				-9,
				1.356,
				0,
				1.4,
				0,
				1,
				1.411,
				0,
				1.422,
				-2,
				1.433,
				-2,
				1,
				1.456,
				-2,
				1.478,
				6,
				1.5,
				6,
				1,
				1.522,
				6,
				1.544,
				6,
				1.567,
				6,
				1,
				1.589,
				6,
				1.611,
				-4,
				1.633,
				-4,
				1,
				1.689,
				-4,
				1.744,
				6.579,
				1.8,
				13,
				1,
				1.822,
				15.568,
				1.844,
				15,
				1.867,
				15,
				1,
				1.889,
				15,
				1.911,
				-9,
				1.933,
				-9,
				1,
				1.956,
				-9,
				1.978,
				8,
				2,
				8,
				1,
				2.033,
				8,
				2.067,
				4,
				2.1,
				4,
				1,
				2.122,
				4,
				2.144,
				4.126,
				2.167,
				5,
				1,
				2.189,
				5.874,
				2.211,
				7,
				2.233,
				7,
				1,
				2.267,
				7,
				2.3,
				-11,
				2.333,
				-11,
				1,
				2.356,
				-11,
				2.378,
				7,
				2.4,
				7,
				1,
				2.422,
				7,
				2.444,
				-6,
				2.467,
				-6,
				1,
				2.5,
				-6,
				2.533,
				-5.548,
				2.567,
				-2,
				1,
				2.589,
				0.365,
				2.611,
				6,
				2.633,
				6,
				1,
				2.656,
				6,
				2.678,
				6,
				2.7,
				6,
				1,
				2.722,
				6,
				2.744,
				-2.728,
				2.767,
				-4,
				1,
				2.8,
				-5.909,
				2.833,
				-6,
				2.867,
				-6,
				1,
				2.911,
				-6,
				2.956,
				15,
				3,
				15,
				1,
				3.022,
				15,
				3.044,
				-9,
				3.067,
				-9,
				1,
				3.089,
				-9,
				3.111,
				8,
				3.133,
				8,
				1,
				3.144,
				8,
				3.156,
				-4,
				3.167,
				-4,
				1,
				3.189,
				-4,
				3.211,
				2.919,
				3.233,
				4,
				1,
				3.256,
				5.081,
				3.278,
				5,
				3.3,
				5,
				1,
				3.356,
				5,
				3.411,
				-11,
				3.467,
				-11,
				1,
				3.489,
				-11,
				3.511,
				7,
				3.533,
				7,
				1,
				3.556,
				7,
				3.578,
				-6,
				3.6,
				-6,
				1,
				3.611,
				-6,
				3.622,
				6,
				3.633,
				6,
				1,
				3.667,
				6,
				3.7,
				4,
				3.733,
				4,
				1,
				3.767,
				4,
				3.8,
				8,
				3.833,
				8,
				1,
				3.867,
				8,
				3.9,
				-4,
				3.933,
				-4,
				1,
				3.978,
				-4,
				4.022,
				7.873,
				4.067,
				13,
				1,
				4.089,
				15.563,
				4.111,
				15,
				4.133,
				15,
				1,
				4.156,
				15,
				4.178,
				-9,
				4.2,
				-9,
				1,
				4.222,
				-9,
				4.244,
				8,
				4.267,
				8,
				1,
				4.3,
				8,
				4.333,
				4,
				4.367,
				4,
				1,
				4.389,
				4,
				4.411,
				4.126,
				4.433,
				5,
				1,
				4.456,
				5.874,
				4.478,
				7,
				4.5,
				7,
				1,
				4.533,
				7,
				4.567,
				-11,
				4.6,
				-11,
				1,
				4.622,
				-11,
				4.644,
				7,
				4.667,
				7,
				1,
				4.689,
				7,
				4.711,
				-6,
				4.733,
				-6,
				1,
				4.767,
				-6,
				4.8,
				-5.548,
				4.833,
				-2,
				1,
				4.856,
				0.365,
				4.878,
				6,
				4.9,
				6,
				1,
				4.922,
				6,
				4.944,
				6,
				4.967,
				6,
				1,
				4.989,
				6,
				5.011,
				-2.728,
				5.033,
				-4,
				1,
				5.067,
				-5.909,
				5.1,
				-6,
				5.133,
				-6,
				1,
				5.178,
				-6,
				5.222,
				15,
				5.267,
				15,
				1,
				5.289,
				15,
				5.311,
				-9,
				5.333,
				-9,
				1,
				5.356,
				-9,
				5.378,
				8,
				5.4,
				8,
				1,
				5.411,
				8,
				5.422,
				-4,
				5.433,
				-4,
				1,
				5.456,
				-4,
				5.478,
				2.919,
				5.5,
				4,
				1,
				5.522,
				5.081,
				5.544,
				5,
				5.567,
				5,
				1,
				5.622,
				5,
				5.678,
				-11,
				5.733,
				-11,
				1,
				5.756,
				-11,
				5.778,
				7,
				5.8,
				7,
				1,
				5.822,
				7,
				5.844,
				-6,
				5.867,
				-6,
				1,
				5.878,
				-6,
				5.889,
				6,
				5.9,
				6,
				1,
				5.933,
				6,
				5.967,
				4,
				6,
				4
			]
		},
		{
			"Target": "Parameter",
			"Id": "ParamEyeUD",
			"Segments": [
				0,
				0,
				1,
				0.033,
				0,
				0.067,
				4,
				0.1,
				4,
				1,
				0.122,
				4,
				0.144,
				-14.649,
				0.167,
				-15,
				1,
				0.222,
				-15.877,
				0.278,
				-16,
				0.333,
				-16,
				1,
				0.356,
				-16,
				0.378,
				-16.239,
				0.4,
				-14,
				1,
				0.422,
				-11.761,
				0.444,
				6,
				0.467,
				6,
				1,
				0.489,
				6,
				0.511,
				2,
				0.533,
				2,
				1,
				0.567,
				2,
				0.6,
				10,
				0.633,
				10,
				1,
				0.656,
				10,
				0.678,
				-2,
				0.7,
				-2,
				1,
				0.722,
				-2,
				0.744,
				-1.933,
				0.767,
				0,
				1,
				0.789,
				1.933,
				0.811,
				6,
				0.833,
				6,
				1,
				0.867,
				6,
				0.9,
				6,
				0.933,
				6,
				1,
				0.956,
				6,
				0.978,
				10,
				1,
				10,
				1,
				1.022,
				10,
				1.044,
				-10,
				1.067,
				-10,
				1,
				1.078,
				-10,
				1.089,
				5,
				1.1,
				5,
				1,
				1.133,
				5,
				1.167,
				-11,
				1.2,
				-11,
				1,
				1.222,
				-11,
				1.244,
				2,
				1.267,
				2,
				1,
				1.311,
				2,
				1.356,
				1.576,
				1.4,
				0,
				1,
				1.411,
				-0.394,
				1.422,
				-8,
				1.433,
				-8,
				1,
				1.456,
				-8,
				1.478,
				4,
				1.5,
				4,
				1,
				1.522,
				4,
				1.544,
				-15,
				1.567,
				-15,
				1,
				1.589,
				-15,
				1.611,
				6,
				1.633,
				6,
				1,
				1.689,
				6,
				1.744,
				-14,
				1.8,
				-14,
				1,
				1.822,
				-14,
				1.844,
				6,
				1.867,
				6,
				1,
				1.889,
				6,
				1.911,
				4.667,
				1.933,
				2,
				1,
				1.956,
				-0.667,
				1.978,
				-2,
				2,
				-2,
				1,
				2.033,
				-2,
				2.067,
				-2,
				2.1,
				-2,
				1,
				2.122,
				-2,
				2.144,
				-1.933,
				2.167,
				0,
				1,
				2.189,
				1.933,
				2.211,
				6,
				2.233,
				6,
				1,
				2.267,
				6,
				2.3,
				6,
				2.333,
				6,
				1,
				2.356,
				6,
				2.378,
				10,
				2.4,
				10,
				1,
				2.422,
				10,
				2.444,
				-10,
				2.467,
				-10,
				1,
				2.5,
				-10,
				2.533,
				-9.926,
				2.567,
				-8,
				1,
				2.589,
				-6.716,
				2.611,
				4,
				2.633,
				4,
				1,
				2.656,
				4,
				2.678,
				-15,
				2.7,
				-15,
				1,
				2.722,
				-15,
				2.744,
				6,
				2.767,
				6,
				1,
				2.8,
				6,
				2.833,
				-16,
				2.867,
				-16,
				1,
				2.911,
				-16,
				2.956,
				6,
				3,
				6,
				1,
				3.022,
				6,
				3.044,
				4.667,
				3.067,
				2,
				1,
				3.089,
				-0.667,
				3.111,
				-2,
				3.133,
				-2,
				1,
				3.144,
				-2,
				3.156,
				10,
				3.167,
				10,
				1,
				3.189,
				10,
				3.211,
				-2,
				3.233,
				-2,
				1,
				3.256,
				-2,
				3.278,
				-0.897,
				3.3,
				0,
				1,
				3.356,
				2.242,
				3.411,
				3.568,
				3.467,
				6,
				1,
				3.489,
				6.973,
				3.511,
				10,
				3.533,
				10,
				1,
				3.556,
				10,
				3.578,
				-10,
				3.6,
				-10,
				1,
				3.611,
				-10,
				3.622,
				5,
				3.633,
				5,
				1,
				3.667,
				5,
				3.7,
				-11,
				3.733,
				-11,
				1,
				3.767,
				-11,
				3.8,
				-11.218,
				3.833,
				-8,
				1,
				3.867,
				-4.782,
				3.9,
				10,
				3.933,
				10,
				1,
				3.978,
				10,
				4.022,
				-14,
				4.067,
				-14,
				1,
				4.089,
				-14,
				4.111,
				6,
				4.133,
				6,
				1,
				4.156,
				6,
				4.178,
				4.667,
				4.2,
				2,
				1,
				4.222,
				-0.667,
				4.244,
				-2,
				4.267,
				-2,
				1,
				4.3,
				-2,
				4.333,
				-2,
				4.367,
				-2,
				1,
				4.389,
				-2,
				4.411,
				-1.933,
				4.433,
				0,
				1,
				4.456,
				1.933,
				4.478,
				6,
				4.5,
				6,
				1,
				4.533,
				6,
				4.567,
				6,
				4.6,
				6,
				1,
				4.622,
				6,
				4.644,
				10,
				4.667,
				10,
				1,
				4.689,
				10,
				4.711,
				-10,
				4.733,
				-10,
				1,
				4.767,
				-10,
				4.8,
				-9.926,
				4.833,
				-8,
				1,
				4.856,
				-6.716,
				4.878,
				4,
				4.9,
				4,
				1,
				4.922,
				4,
				4.944,
				-15,
				4.967,
				-15,
				1,
				4.989,
				-15,
				5.011,
				6,
				5.033,
				6,
				1,
				5.067,
				6,
				5.1,
				-16,
				5.133,
				-16,
				1,
				5.178,
				-16,
				5.222,
				6,
				5.267,
				6,
				1,
				5.289,
				6,
				5.311,
				4.667,
				5.333,
				2,
				1,
				5.356,
				-0.667,
				5.378,
				-2,
				5.4,
				-2,
				1,
				5.411,
				-2,
				5.422,
				10,
				5.433,
				10,
				1,
				5.456,
				10,
				5.478,
				-2,
				5.5,
				-2,
				1,
				5.522,
				-2,
				5.544,
				-0.897,
				5.567,
				0,
				1,
				5.622,
				2.242,
				5.678,
				3.568,
				5.733,
				6,
				1,
				5.756,
				6.973,
				5.778,
				10,
				5.8,
				10,
				1,
				5.822,
				10,
				5.844,
				-10,
				5.867,
				-10,
				1,
				5.878,
				-10,
				5.889,
				5,
				5.9,
				5,
				1,
				5.933,
				5,
				5.967,
				-11,
				6,
				-11
			]
		},
		{
			"Target": "Parameter",
			"Id": "ParamEyeBS",
			"Segments": [
				0,
				0,
				1,
				0.033,
				0,
				0.067,
				7,
				0.1,
				7,
				1,
				0.122,
				7,
				0.144,
				-19,
				0.167,
				-19,
				1,
				0.211,
				-19,
				0.256,
				18,
				0.3,
				18,
				1,
				0.322,
				18,
				0.344,
				-14,
				0.367,
				-14,
				1,
				0.389,
				-14,
				0.411,
				-8,
				0.433,
				4,
				1,
				0.456,
				16,
				0.478,
				22,
				0.5,
				22,
				1,
				0.556,
				22,
				0.611,
				21.173,
				0.667,
				16,
				1,
				0.689,
				13.931,
				0.711,
				-8,
				0.733,
				-8,
				1,
				0.756,
				-8,
				0.778,
				-8.268,
				0.8,
				-6,
				1,
				0.822,
				-3.732,
				0.844,
				19,
				0.867,
				19,
				1,
				0.889,
				19,
				0.911,
				-19,
				0.933,
				-19,
				1,
				0.967,
				-19,
				1,
				12,
				1.033,
				12,
				1,
				1.089,
				12,
				1.144,
				12,
				1.2,
				12,
				1,
				1.222,
				12,
				1.244,
				-6,
				1.267,
				-6,
				1,
				1.289,
				-6,
				1.311,
				0,
				1.333,
				0,
				1,
				1.344,
				0,
				1.356,
				-21,
				1.367,
				-21,
				1,
				1.389,
				-21,
				1.411,
				7,
				1.433,
				7,
				1,
				1.456,
				7,
				1.478,
				-19,
				1.5,
				-19,
				1,
				1.522,
				-19,
				1.544,
				13.697,
				1.567,
				16,
				1,
				1.589,
				18.303,
				1.611,
				18,
				1.633,
				18,
				1,
				1.678,
				18,
				1.722,
				4,
				1.767,
				4,
				1,
				1.789,
				4,
				1.811,
				22,
				1.833,
				22,
				1,
				1.856,
				22,
				1.878,
				-18,
				1.9,
				-18,
				1,
				1.911,
				-18,
				1.922,
				-13.543,
				1.933,
				-6,
				1,
				1.956,
				9.085,
				1.978,
				16,
				2,
				16,
				1,
				2.022,
				16,
				2.044,
				-8,
				2.067,
				-8,
				1,
				2.089,
				-8,
				2.111,
				-8.268,
				2.133,
				-6,
				1,
				2.156,
				-3.732,
				2.178,
				19,
				2.2,
				19,
				1,
				2.222,
				19,
				2.244,
				-19,
				2.267,
				-19,
				1,
				2.3,
				-19,
				2.333,
				12,
				2.367,
				12,
				1,
				2.4,
				12,
				2.433,
				-0.285,
				2.467,
				-10,
				1,
				2.5,
				-19.715,
				2.533,
				-21,
				2.567,
				-21,
				1,
				2.589,
				-21,
				2.611,
				7,
				2.633,
				7,
				1,
				2.656,
				7,
				2.678,
				-19,
				2.7,
				-19,
				1,
				2.722,
				-19,
				2.744,
				13.697,
				2.767,
				16,
				1,
				2.789,
				18.303,
				2.811,
				18,
				2.833,
				18,
				1,
				2.856,
				18,
				2.878,
				-14,
				2.9,
				-14,
				1,
				2.922,
				-14,
				2.944,
				-8,
				2.967,
				4,
				1,
				2.989,
				16,
				3.011,
				22,
				3.033,
				22,
				1,
				3.056,
				22,
				3.078,
				-18,
				3.1,
				-18,
				1,
				3.111,
				-18,
				3.122,
				-13.543,
				3.133,
				-6,
				1,
				3.156,
				9.085,
				3.178,
				16,
				3.2,
				16,
				1,
				3.222,
				16,
				3.244,
				-8,
				3.267,
				-8,
				1,
				3.289,
				-8,
				3.311,
				-6,
				3.333,
				-6,
				1,
				3.378,
				-6,
				3.422,
				-19,
				3.467,
				-19,
				1,
				3.5,
				-19,
				3.533,
				12,
				3.567,
				12,
				1,
				3.6,
				12,
				3.633,
				-10,
				3.667,
				-10,
				1,
				3.689,
				-10,
				3.711,
				12,
				3.733,
				12,
				1,
				3.756,
				12,
				3.778,
				-6,
				3.8,
				-6,
				1,
				3.822,
				-6,
				3.844,
				11,
				3.867,
				11,
				1,
				3.922,
				11,
				3.978,
				4,
				4.033,
				4,
				1,
				4.056,
				4,
				4.078,
				22,
				4.1,
				22,
				1,
				4.122,
				22,
				4.144,
				-18,
				4.167,
				-18,
				1,
				4.178,
				-18,
				4.189,
				-13.543,
				4.2,
				-6,
				1,
				4.222,
				9.085,
				4.244,
				16,
				4.267,
				16,
				1,
				4.289,
				16,
				4.311,
				-8,
				4.333,
				-8,
				1,
				4.356,
				-8,
				4.378,
				-8.268,
				4.4,
				-6,
				1,
				4.422,
				-3.732,
				4.444,
				19,
				4.467,
				19,
				1,
				4.489,
				19,
				4.511,
				-19,
				4.533,
				-19,
				1,
				4.567,
				-19,
				4.6,
				12,
				4.633,
				12,
				1,
				4.667,
				12,
				4.7,
				-0.285,
				4.733,
				-10,
				1,
				4.767,
				-19.715,
				4.8,
				-21,
				4.833,
				-21,
				1,
				4.856,
				-21,
				4.878,
				7,
				4.9,
				7,
				1,
				4.922,
				7,
				4.944,
				-19,
				4.967,
				-19,
				1,
				4.989,
				-19,
				5.011,
				13.697,
				5.033,
				16,
				1,
				5.056,
				18.303,
				5.078,
				18,
				5.1,
				18,
				1,
				5.122,
				18,
				5.144,
				-14,
				5.167,
				-14,
				1,
				5.189,
				-14,
				5.211,
				-8,
				5.233,
				4,
				1,
				5.256,
				16,
				5.278,
				22,
				5.3,
				22,
				1,
				5.322,
				22,
				5.344,
				-18,
				5.367,
				-18,
				1,
				5.378,
				-18,
				5.389,
				-13.543,
				5.4,
				-6,
				1,
				5.422,
				9.085,
				5.444,
				16,
				5.467,
				16,
				1,
				5.489,
				16,
				5.511,
				-8,
				5.533,
				-8,
				1,
				5.556,
				-8,
				5.578,
				-6,
				5.6,
				-6,
				1,
				5.644,
				-6,
				5.689,
				-19,
				5.733,
				-19,
				1,
				5.767,
				-19,
				5.8,
				12,
				5.833,
				12,
				1,
				5.867,
				12,
				5.9,
				-10,
				5.933,
				-10,
				1,
				5.956,
				-10,
				5.978,
				12,
				6,
				12
			]
		},
		{
			"Target": "Parameter",
			"Id": "ParamPaiRY",
			"Segments": [
				0,
				-2,
				1,
				0.011,
				-2,
				0.022,
				-1.857,
				0.033,
				-1.751,
				1,
				0.578,
				3.454,
				1.122,
				6,
				1.667,
				6,
				1,
				2.167,
				6,
				2.667,
				5.548,
				3.167,
				2,
				1,
				3.667,
				-1.548,
				4.167,
				-6,
				4.667,
				-6,
				1,
				5.1,
				-6,
				5.533,
				-4.787,
				5.967,
				-2.247,
				1,
				5.978,
				-2.182,
				5.989,
				-2,
				6,
				-2
			]
		},
		{
			"Target": "Parameter",
			"Id": "ParamPaiRX",
			"Segments": [
				0,
				-6,
				1,
				0.011,
				-6,
				0.022,
				-6.264,
				0.033,
				-6.369,
				1,
				0.578,
				-11.514,
				1.122,
				-14,
				1.667,
				-14,
				1,
				2.167,
				-14,
				2.667,
				-3.809,
				3.167,
				2.403,
				1,
				3.667,
				8.615,
				4.167,
				9,
				4.667,
				9,
				1,
				5.1,
				9,
				5.533,
				4.303,
				5.967,
				-5.373,
				1,
				5.978,
				-5.621,
				5.989,
				-6,
				6,
				-6
			]
		},
		{
			"Target": "Parameter",
			"Id": "ParamPaiRY2",
			"Segments": [
				0,
				0,
				1,
				0.011,
				0,
				0.022,
				0.248,
				0.033,
				0.38,
				1,
				0.467,
				5.52,
				0.9,
				8,
				1.333,
				8,
				1,
				1.833,
				8,
				2.333,
				5.333,
				2.833,
				0,
				1,
				3.333,
				-5.333,
				3.833,
				-8,
				4.333,
				-8,
				1,
				4.878,
				-8,
				5.422,
				-5.539,
				5.967,
				-0.429,
				1,
				5.978,
				-0.325,
				5.989,
				0,
				6,
				0
			]
		},
		{
			"Target": "Parameter",
			"Id": "ParamPaiRX2",
			"Segments": [
				0,
				-10,
				1,
				0.444,
				-10,
				0.889,
				-7.002,
				1.333,
				-2,
				1,
				1.833,
				3.627,
				2.333,
				6,
				2.833,
				6,
				1,
				3.333,
				6,
				3.833,
				4.025,
				4.333,
				-1,
				1,
				4.889,
				-6.583,
				5.444,
				-10,
				6,
				-10
			]
		},
		{
			"Target": "Parameter",
			"Id": "ParamPaiLY",
			"Segments": [
				0,
				-5,
				1,
				0.011,
				-5,
				0.022,
				-4.349,
				0.033,
				-4.141,
				1,
				0.578,
				6.072,
				1.122,
				11,
				1.667,
				11,
				1,
				2.167,
				11,
				2.667,
				9.804,
				3.167,
				0,
				1,
				3.667,
				-9.804,
				4.167,
				-23,
				4.667,
				-23,
				1,
				5.1,
				-23,
				5.533,
				-17.502,
				5.967,
				-6.053,
				1,
				5.978,
				-5.759,
				5.989,
				-5,
				6,
				-5
			]
		},
		{
			"Target": "Parameter",
			"Id": "ParamPaiLX",
			"Segments": [
				0,
				-9,
				1,
				0.011,
				-9,
				0.022,
				-9.831,
				0.033,
				-10.105,
				1,
				0.578,
				-23.52,
				1.122,
				-30,
				1.667,
				-30,
				1,
				2.167,
				-30,
				2.667,
				-14.427,
				3.167,
				0,
				1,
				3.611,
				12.824,
				4.056,
				14.908,
				4.5,
				14.908,
				1,
				4.989,
				14.908,
				5.478,
				7.42,
				5.967,
				-8.005,
				1,
				5.978,
				-8.356,
				5.989,
				-9,
				6,
				-9
			]
		},
		{
			"Target": "Parameter",
			"Id": "ParamPaiLY2",
			"Segments": [
				0,
				-3,
				1,
				0.011,
				-3,
				0.022,
				-2.493,
				0.033,
				-2.32,
				1,
				0.522,
				5.272,
				1.011,
				8.921,
				1.5,
				8.921,
				1,
				1.944,
				8.921,
				2.389,
				7.833,
				2.833,
				2.523,
				1,
				3.333,
				-3.451,
				3.833,
				-9,
				4.333,
				-9,
				1,
				4.878,
				-9,
				5.422,
				-7.149,
				5.967,
				-3.307,
				1,
				5.978,
				-3.229,
				5.989,
				-3,
				6,
				-3
			]
		},
		{
			"Target": "Parameter",
			"Id": "ParamPaiLX2",
			"Segments": [
				0,
				-6,
				1,
				0.011,
				-6,
				0.022,
				-6.629,
				0.033,
				-6.793,
				1,
				0.544,
				-14.322,
				1.056,
				-17.934,
				1.567,
				-17.934,
				1,
				2.044,
				-17.934,
				2.522,
				-11.904,
				3,
				-1.764,
				1,
				3.344,
				5.547,
				3.689,
				8.379,
				4.033,
				8.379,
				1,
				4.678,
				8.379,
				5.322,
				3.765,
				5.967,
				-5.628,
				1,
				5.978,
				-5.79,
				5.989,
				-6,
				6,
				-6
			]
		},
		{
			"Target": "Parameter",
			"Id": "ParamBreat",
			"Segments": [
				0,
				0.5,
				1,
				0.011,
				0.5,
				0.022,
				0.517,
				0.033,
				0.524,
				1,
				0.522,
				0.845,
				1.011,
				1,
				1.5,
				1,
				1,
				2,
				1,
				2.5,
				0.833,
				3,
				0.5,
				1,
				3.5,
				0.167,
				4,
				0,
				4.5,
				0,
				1,
				4.989,
				0,
				5.478,
				0.156,
				5.967,
				0.479,
				1,
				5.978,
				0.486,
				5.989,
				0.5,
				6,
				0.5
			]
		},
		{
			"Target": "Parameter",
			"Id": "ParamHairKX",
			"Segments": [
				0,
				0,
				1,
				0.444,
				0,
				0.889,
				2,
				1.333,
				2,
				1,
				1.833,
				2,
				2.333,
				0,
				2.833,
				0,
				1,
				3.333,
				0,
				3.833,
				7,
				4.333,
				7,
				1,
				4.889,
				7,
				5.444,
				0,
				6,
				0
			]
		},
		{
			"Target": "Parameter",
			"Id": "ParamHairKY",
			"Segments": [
				0,
				0,
				1,
				0.011,
				0,
				0.022,
				-0.539,
				0.033,
				-0.869,
				1,
				0.467,
				-13.753,
				0.9,
				-20,
				1.333,
				-20,
				1,
				1.833,
				-20,
				2.333,
				-13.333,
				2.833,
				0,
				1,
				3.333,
				13.333,
				3.833,
				20,
				4.333,
				20,
				1,
				4.878,
				20,
				5.422,
				13.667,
				5.967,
				0.689,
				1,
				5.978,
				0.424,
				5.989,
				0,
				6,
				0
			]
		},
		{
			"Target": "Parameter",
			"Id": "ParamPaiKX",
			"Segments": [
				0,
				0,
				1,
				0.011,
				0,
				0.022,
				0.452,
				0.033,
				0.568,
				1,
				0.578,
				6.264,
				1.122,
				9,
				1.667,
				9,
				1,
				2.167,
				9,
				2.667,
				6,
				3.167,
				0,
				1,
				3.667,
				-6,
				4.167,
				-9,
				4.667,
				-9,
				1,
				5.1,
				-9,
				5.533,
				-6.246,
				5.967,
				-0.506,
				1,
				5.978,
				-0.359,
				5.989,
				0,
				6,
				0
			]
		},
		{
			"Target": "Parameter",
			"Id": "ParamBodyKX",
			"Segments": [
				0,
				0,
				1,
				0.011,
				0,
				0.022,
				0.643,
				0.033,
				0.808,
				1,
				0.578,
				8.901,
				1.122,
				12.793,
				1.667,
				12.793,
				1,
				2.167,
				12.793,
				2.667,
				8.356,
				3.167,
				0,
				1,
				3.667,
				-8.356,
				4.167,
				-12.287,
				4.667,
				-12.287,
				1,
				5.1,
				-12.287,
				5.533,
				-8.711,
				5.967,
				-1.178,
				1,
				5.978,
				-0.985,
				5.989,
				0,
				6,
				0
			]
		},
		{
			"Target": "Parameter",
			"Id": "Param_Angle_Rotation2",
			"Segments": [
				0,
				0,
				1,
				0.011,
				0,
				0.022,
				0.064,
				0.033,
				0.093,
				1,
				0.522,
				1.38,
				1.011,
				2,
				1.5,
				2,
				1,
				2,
				2,
				2.5,
				1.333,
				3,
				0,
				1,
				3.5,
				-1.333,
				4,
				-2,
				4.5,
				-2,
				1,
				4.989,
				-2,
				5.478,
				-1.393,
				5.967,
				-0.123,
				1,
				5.978,
				-0.094,
				5.989,
				0,
				6,
				0
			]
		},
		{
			"Target": "Parameter",
			"Id": "Param_Angle_Rotation3",
			"Segments": [
				0,
				-0.78,
				1,
				0.011,
				-0.78,
				0.022,
				-0.686,
				0.033,
				-0.656,
				1,
				0.167,
				-0.296,
				0.3,
				0.083,
				0.433,
				0.371,
				1,
				0.956,
				1.501,
				1.478,
				2,
				2,
				2,
				1,
				2.5,
				2,
				3,
				1.6,
				3.5,
				0,
				1,
				4,
				-1.6,
				4.5,
				-3,
				5,
				-3,
				1,
				5.333,
				-3,
				5.667,
				-2.077,
				6,
				-0.78
			]
		},
		{
			"Target": "Parameter",
			"Id": "Param_Angle_Rotation4",
			"Segments": [
				0,
				-2.22,
				1,
				0.011,
				-2.22,
				0.022,
				-2.126,
				0.033,
				-2.096,
				1,
				0.344,
				-1.255,
				0.656,
				-0.343,
				0.967,
				0.371,
				1,
				1.478,
				1.544,
				1.989,
				2,
				2.5,
				2,
				1,
				3,
				2,
				3.5,
				1.6,
				4,
				0,
				1,
				4.5,
				-1.6,
				5,
				-3,
				5.5,
				-3,
				1,
				5.667,
				-3,
				5.833,
				-2.868,
				6,
				-2.22
			]
		},
		{
			"Target": "Parameter",
			"Id": "Param_Angle_Rotation6",
			"Segments": [
				0,
				0,
				1,
				0.011,
				0,
				0.022,
				-0.11,
				0.033,
				-0.154,
				1,
				0.522,
				-2.076,
				1.011,
				-3,
				1.5,
				-3,
				1,
				2,
				-3,
				2.5,
				-2,
				3,
				0,
				1,
				3.5,
				2,
				4,
				3,
				4.5,
				3,
				1,
				4.989,
				3,
				5.478,
				2.076,
				5.967,
				0.154,
				1,
				5.978,
				0.11,
				5.989,
				0,
				6,
				0
			]
		},
		{
			"Target": "Parameter",
			"Id": "Param_Angle_Rotation7",
			"Segments": [
				0,
				1.56,
				1,
				0.011,
				1.56,
				0.022,
				1.476,
				0.033,
				1.429,
				1,
				0.189,
				0.775,
				0.344,
				0.075,
				0.5,
				-0.472,
				1,
				1,
				-2.229,
				1.5,
				-3,
				2,
				-3,
				1,
				2.5,
				-3,
				3,
				-2.663,
				3.5,
				0,
				1,
				4,
				2.663,
				4.5,
				6,
				5,
				6,
				1,
				5.333,
				6,
				5.667,
				4.153,
				6,
				1.56
			]
		},
		{
			"Target": "Parameter",
			"Id": "Param_Angle_Rotation8",
			"Segments": [
				0,
				3.7,
				1,
				0.011,
				3.7,
				0.022,
				3.645,
				0.033,
				3.603,
				1,
				0.356,
				2.387,
				0.678,
				1.253,
				1,
				0,
				1,
				1.5,
				-1.944,
				2,
				-3,
				2.5,
				-3,
				1,
				3,
				-3,
				3.5,
				-2.499,
				4,
				0,
				1,
				4.5,
				2.499,
				5,
				5,
				5.5,
				5,
				1,
				5.667,
				5,
				5.833,
				4.78,
				6,
				3.7
			]
		},
		{
			"Target": "Parameter",
			"Id": "Param_Angle_Rotation10",
			"Segments": [
				0,
				0,
				1,
				0.011,
				0,
				0.022,
				-0.077,
				0.033,
				-0.091,
				1,
				0.522,
				-0.708,
				1.011,
				-1,
				1.5,
				-1,
				1,
				2,
				-1,
				2.5,
				-0.889,
				3,
				0,
				1,
				3.5,
				0.889,
				4,
				2,
				4.5,
				2,
				1,
				4.978,
				2,
				5.456,
				1.411,
				5.933,
				0.157,
				1,
				5.956,
				0.099,
				5.978,
				0,
				6,
				0
			]
		},
		{
			"Target": "Parameter",
			"Id": "Param_Angle_Rotation11",
			"Segments": [
				0,
				0.52,
				1,
				0.011,
				0.52,
				0.022,
				0.482,
				0.033,
				0.459,
				1,
				0.167,
				0.18,
				0.3,
				-0.071,
				0.433,
				-0.349,
				1,
				0.956,
				-1.44,
				1.478,
				-2,
				2,
				-2,
				1,
				2.5,
				-2,
				3,
				-1.333,
				3.5,
				0,
				1,
				4,
				1.333,
				4.5,
				2,
				5,
				2,
				1,
				5.333,
				2,
				5.667,
				1.385,
				6,
				0.52
			]
		},
		{
			"Target": "Parameter",
			"Id": "Param_Angle_Rotation12",
			"Segments": [
				0,
				1.48,
				1,
				0.011,
				1.48,
				0.022,
				1.413,
				0.033,
				1.388,
				1,
				0.344,
				0.701,
				0.656,
				-0.034,
				0.967,
				-0.629,
				1,
				1.478,
				-1.607,
				1.989,
				-2,
				2.5,
				-2,
				1,
				3,
				-2,
				3.5,
				-1.333,
				4,
				0,
				1,
				4.5,
				1.333,
				5,
				2,
				5.5,
				2,
				1,
				5.667,
				2,
				5.833,
				1.912,
				6,
				1.48
			]
		},
		{
			"Target": "Parameter",
			"Id": "Param_Angle_Rotation13",
			"Segments": [
				0,
				5,
				1,
				0.5,
				5,
				1,
				2.963,
				1.5,
				0,
				1,
				2,
				-2.963,
				2.5,
				-4,
				3,
				-4,
				1,
				3.5,
				-4,
				4,
				-2.963,
				4.5,
				0,
				1,
				5,
				2.963,
				5.5,
				5,
				6,
				5
			]
		},
		{
			"Target": "Parameter",
			"Id": "Param_Angle_Rotation15",
			"Segments": [
				0,
				0,
				1,
				0.011,
				0,
				0.022,
				-0.141,
				0.033,
				-0.184,
				1,
				0.522,
				-2.089,
				1.011,
				-3,
				1.5,
				-3,
				1,
				2,
				-3,
				2.5,
				-2.285,
				3,
				0,
				1,
				3.5,
				2.285,
				4,
				4,
				4.5,
				4,
				1,
				4.978,
				4,
				5.456,
				2.869,
				5.933,
				0.413,
				1,
				5.956,
				0.299,
				5.978,
				0,
				6,
				0
			]
		},
		{
			"Target": "Parameter",
			"Id": "Param_Angle_Rotation16",
			"Segments": [
				0,
				1.04,
				1,
				0.011,
				1.04,
				0.022,
				0.929,
				0.033,
				0.885,
				1,
				0.178,
				0.311,
				0.322,
				-0.32,
				0.467,
				-0.764,
				1,
				0.978,
				-2.336,
				1.489,
				-3,
				2,
				-3,
				1,
				2.5,
				-3,
				3,
				-2.285,
				3.5,
				0,
				1,
				4,
				2.285,
				4.5,
				4,
				5,
				4,
				1,
				5.333,
				4,
				5.667,
				2.769,
				6,
				1.04
			]
		},
		{
			"Target": "Parameter",
			"Id": "Param_Angle_Rotation17",
			"Segments": [
				0,
				2.96,
				1,
				0.333,
				2.96,
				0.667,
				1.851,
				1,
				0,
				1,
				1.5,
				-2.777,
				2,
				-4,
				2.5,
				-4,
				1,
				3,
				-4,
				3.5,
				-2.774,
				4,
				0,
				1,
				4.456,
				2.527,
				4.911,
				3.965,
				5.367,
				3.965,
				1,
				5.578,
				3.965,
				5.789,
				3.895,
				6,
				2.96
			]
		},
		{
			"Target": "Parameter",
			"Id": "Param_Angle_Rotation19",
			"Segments": [
				0,
				0,
				1,
				0.011,
				0,
				0.022,
				-0.188,
				0.033,
				-0.246,
				1,
				0.522,
				-2.785,
				1.011,
				-4,
				1.5,
				-4,
				1,
				2,
				-4,
				2.5,
				-2.667,
				3,
				0,
				1,
				3.5,
				2.667,
				4,
				4,
				4.5,
				4,
				1,
				4.978,
				4,
				5.456,
				2.855,
				5.933,
				0.383,
				1,
				5.956,
				0.268,
				5.978,
				0,
				6,
				0
			]
		},
		{
			"Target": "Parameter",
			"Id": "Param_Angle_Rotation20",
			"Segments": [
				0,
				0.78,
				1,
				0.011,
				0.78,
				0.022,
				0.727,
				0.033,
				0.688,
				1,
				0.167,
				0.218,
				0.3,
				-0.275,
				0.433,
				-0.681,
				1,
				0.956,
				-2.271,
				1.478,
				-3,
				2,
				-3,
				1,
				2.5,
				-3,
				3,
				-2,
				3.5,
				0,
				1,
				4,
				2,
				4.5,
				3,
				5,
				3,
				1,
				5.333,
				3,
				5.667,
				2.077,
				6,
				0.78
			]
		},
		{
			"Target": "Parameter",
			"Id": "Param_Angle_Rotation21",
			"Segments": [
				0,
				2.96,
				1,
				0.011,
				2.96,
				0.022,
				2.878,
				0.033,
				2.835,
				1,
				0.344,
				1.625,
				0.656,
				0.272,
				0.967,
				-0.734,
				1,
				1.478,
				-2.386,
				1.989,
				-3,
				2.5,
				-3,
				1,
				3,
				-3,
				3.5,
				-2.285,
				4,
				0,
				1,
				4.5,
				2.285,
				5,
				4,
				5.5,
				4,
				1,
				5.667,
				4,
				5.833,
				3.824,
				6,
				2.96
			]
		},
		{
			"Target": "Parameter",
			"Id": "Param_Angle_Rotation23",
			"Segments": [
				0,
				0,
				1,
				0.011,
				0,
				0.022,
				0.268,
				0.033,
				0.37,
				1,
				0.522,
				4.847,
				1.011,
				7,
				1.5,
				7,
				1,
				2,
				7,
				2.5,
				4.667,
				3,
				0,
				1,
				3.5,
				-4.667,
				4,
				-7,
				4.5,
				-7,
				1,
				4.989,
				-7,
				5.478,
				-4.805,
				5.967,
				-0.28,
				1,
				5.978,
				-0.177,
				5.989,
				0,
				6,
				0
			]
		},
		{
			"Target": "Parameter",
			"Id": "Param_Angle_Rotation24",
			"Segments": [
				0,
				-1.82,
				1,
				0.011,
				-1.82,
				0.022,
				-1.612,
				0.033,
				-1.515,
				1,
				0.167,
				-0.351,
				0.3,
				0.915,
				0.433,
				1.834,
				1,
				0.956,
				5.433,
				1.478,
				7,
				2,
				7,
				1,
				2.5,
				7,
				3,
				4.667,
				3.5,
				0,
				1,
				4,
				-4.667,
				4.5,
				-7,
				5,
				-7,
				1,
				5.333,
				-7,
				5.667,
				-4.844,
				6,
				-1.82
			]
		},
		{
			"Target": "Parameter",
			"Id": "Param_Angle_Rotation25",
			"Segments": [
				0,
				-4.44,
				1,
				0.011,
				-4.44,
				0.022,
				-4.185,
				0.033,
				-4.105,
				1,
				0.3,
				-2.181,
				0.567,
				-0.032,
				0.833,
				1.52,
				1,
				1.389,
				4.753,
				1.944,
				6,
				2.5,
				6,
				1,
				3,
				6,
				3.5,
				4,
				4,
				0,
				1,
				4.5,
				-4,
				5,
				-6,
				5.5,
				-6,
				1,
				5.667,
				-6,
				5.833,
				-5.736,
				6,
				-4.44
			]
		},
		{
			"Target": "Parameter",
			"Id": "Param_Angle_Rotation27",
			"Segments": [
				0,
				0,
				1,
				0.011,
				0,
				0.022,
				0.349,
				0.033,
				0.495,
				1,
				0.522,
				6.908,
				1.011,
				10,
				1.5,
				10,
				1,
				2,
				10,
				2.5,
				5.484,
				3,
				0,
				1,
				3.5,
				-5.484,
				4,
				-7,
				4.5,
				-7,
				1,
				4.989,
				-7,
				5.478,
				-4.86,
				5.967,
				-0.4,
				1,
				5.978,
				-0.299,
				5.989,
				0,
				6,
				0
			]
		},
		{
			"Target": "Parameter",
			"Id": "Param_Angle_Rotation30",
			"Segments": [
				0,
				-7.1,
				1,
				0.011,
				-7.1,
				0.022,
				-7.294,
				0.033,
				-7.393,
				1,
				0.233,
				-9.177,
				0.433,
				-10,
				0.633,
				-10,
				1,
				1.133,
				-10,
				1.633,
				-3.061,
				2.133,
				0,
				1,
				2.633,
				3.061,
				3.133,
				3,
				3.633,
				3,
				1,
				4.133,
				3,
				4.633,
				2.459,
				5.133,
				0,
				1,
				5.422,
				-1.421,
				5.711,
				-4.623,
				6,
				-7.1
			]
		},
		{
			"Target": "Parameter",
			"Id": "Param_Angle_Rotation31",
			"Segments": [
				0,
				-3.79,
				1,
				0.011,
				-3.79,
				0.022,
				-3.929,
				0.033,
				-4.011,
				1,
				0.4,
				-6.706,
				0.767,
				-8,
				1.133,
				-8,
				1,
				1.633,
				-8,
				2.133,
				-6.168,
				2.633,
				0,
				1,
				3.133,
				6.168,
				3.633,
				11,
				4.133,
				11,
				1,
				4.633,
				11,
				5.133,
				6.768,
				5.633,
				0,
				1,
				5.756,
				-1.655,
				5.878,
				-2.815,
				6,
				-3.79
			]
		},
		{
			"Target": "Parameter",
			"Id": "Param_Angle_Rotation32",
			"Segments": [
				0,
				1.71,
				1,
				0.011,
				1.71,
				0.022,
				1.313,
				0.033,
				1.17,
				1,
				0.567,
				-5.69,
				1.1,
				-9,
				1.633,
				-9,
				1,
				2.133,
				-9,
				2.633,
				-6.597,
				3.133,
				0,
				1,
				3.633,
				6.597,
				4.133,
				11,
				4.633,
				11,
				1,
				5.089,
				11,
				5.544,
				7.87,
				6,
				1.71
			]
		},
		{
			"Target": "Parameter",
			"Id": "Param_Angle_Rotation33",
			"Segments": [
				0,
				0,
				1,
				0.011,
				0,
				0.022,
				0.231,
				0.033,
				0.288,
				1,
				0.522,
				2.801,
				1.011,
				4,
				1.5,
				4,
				1,
				2,
				4,
				2.5,
				1.777,
				3,
				0,
				1,
				3.5,
				-1.777,
				4,
				-2,
				4.5,
				-2,
				1,
				4.989,
				-2,
				5.478,
				-1.38,
				5.967,
				-0.093,
				1,
				5.978,
				-0.064,
				5.989,
				0,
				6,
				0
			]
		},
		{
			"Target": "Parameter",
			"Id": "Param_Angle_Rotation34",
			"Segments": [
				0,
				-0.78,
				1,
				0.011,
				-0.78,
				0.022,
				-0.706,
				0.033,
				-0.659,
				1,
				0.167,
				-0.094,
				0.3,
				0.458,
				0.433,
				0.978,
				1,
				0.956,
				3.017,
				1.478,
				4,
				2,
				4,
				1,
				2.5,
				4,
				3,
				2.285,
				3.5,
				0,
				1,
				4,
				-2.285,
				4.5,
				-3,
				5,
				-3,
				1,
				5.333,
				-3,
				5.667,
				-2.077,
				6,
				-0.78
			]
		},
		{
			"Target": "Parameter",
			"Id": "Param_Angle_Rotation35",
			"Segments": [
				0,
				-2.96,
				1,
				0.022,
				-2.96,
				0.044,
				-2.787,
				0.067,
				-2.701,
				1,
				0.378,
				-1.494,
				0.689,
				-0.202,
				1,
				0.795,
				1,
				1.5,
				2.397,
				2,
				3,
				2.5,
				3,
				1,
				3,
				3,
				3.5,
				2.285,
				4,
				0,
				1,
				4.5,
				-2.285,
				5,
				-4,
				5.5,
				-4,
				1,
				5.667,
				-4,
				5.833,
				-3.824,
				6,
				-2.96
			]
		},
		{
			"Target": "Parameter",
			"Id": "Param_Angle_Rotation36",
			"Segments": [
				0,
				-3,
				1,
				0.5,
				-3,
				1,
				-2,
				1.5,
				0,
				1,
				2,
				2,
				2.5,
				3,
				3,
				3,
				1,
				3.5,
				3,
				4,
				2,
				4.5,
				0,
				1,
				5,
				-2,
				5.5,
				-3,
				6,
				-3
			]
		},
		{
			"Target": "Parameter",
			"Id": "Param_Angle_Rotation37",
			"Segments": [
				0,
				-1.84,
				1,
				0.022,
				-1.84,
				0.044,
				-1.897,
				0.067,
				-1.908,
				1,
				0.211,
				-1.977,
				0.356,
				-2,
				0.5,
				-2,
				1,
				1,
				-2,
				1.5,
				-1.6,
				2,
				0,
				1,
				2.5,
				1.6,
				3,
				3,
				3.5,
				3,
				1,
				4,
				3,
				4.5,
				1.36,
				5,
				0,
				1,
				5.333,
				-0.907,
				5.667,
				-1.463,
				6,
				-1.84
			]
		},
		{
			"Target": "Parameter",
			"Id": "Param_Angle_Rotation38",
			"Segments": [
				0,
				-1.31,
				1,
				0.022,
				-1.31,
				0.044,
				-1.38,
				0.067,
				-1.409,
				1,
				0.378,
				-1.819,
				0.689,
				-2,
				1,
				-2,
				1,
				1.5,
				-2,
				2,
				-1.777,
				2.5,
				0,
				1,
				3,
				1.777,
				3.5,
				4,
				4,
				4,
				1,
				4.5,
				4,
				5,
				2.117,
				5.5,
				0,
				1,
				5.667,
				-0.706,
				5.833,
				-1.037,
				6,
				-1.31
			]
		},
		{
			"Target": "Parameter",
			"Id": "Param_Angle_Rotation42",
			"Segments": [
				0,
				2.13,
				1,
				0.011,
				2.13,
				0.022,
				1.985,
				0.033,
				1.947,
				1,
				0.3,
				1.028,
				0.567,
				0.051,
				0.833,
				-0.734,
				1,
				1.378,
				-2.335,
				1.922,
				-3,
				2.467,
				-3,
				1,
				2.967,
				-3,
				3.467,
				-2,
				3.967,
				0,
				1,
				4.467,
				2,
				4.967,
				3,
				5.467,
				3,
				1,
				5.644,
				3,
				5.822,
				2.826,
				6,
				2.13
			]
		},
		{
			"Target": "Parameter",
			"Id": "Param_Angle_Rotation43",
			"Segments": [
				0,
				4.99,
				1,
				0.489,
				4.99,
				0.978,
				2.919,
				1.467,
				0,
				1,
				1.967,
				-2.985,
				2.467,
				-4,
				2.967,
				-4,
				1,
				3.467,
				-4,
				3.967,
				-2.934,
				4.467,
				0,
				1,
				4.978,
				2.999,
				5.489,
				4.99,
				6,
				4.99
			]
		},
		{
			"Target": "Parameter",
			"Id": "Param_Angle_Rotation44",
			"Segments": [
				0,
				4.35,
				1,
				0.011,
				4.35,
				0.022,
				4.42,
				0.033,
				4.449,
				1,
				0.178,
				4.832,
				0.322,
				5,
				0.467,
				5,
				1,
				0.967,
				5,
				1.467,
				2.499,
				1.967,
				0,
				1,
				2.467,
				-2.499,
				2.967,
				-3,
				3.467,
				-3,
				1,
				3.967,
				-3,
				4.467,
				-2.041,
				4.967,
				0,
				1,
				5.311,
				1.406,
				5.656,
				3.099,
				6,
				4.35
			]
		},
		{
			"Target": "Parameter",
			"Id": "Param_Angle_Rotation45",
			"Segments": [
				0,
				2.55,
				1,
				0.011,
				2.55,
				0.022,
				2.653,
				0.033,
				2.708,
				1,
				0.344,
				4.262,
				0.656,
				5,
				0.967,
				5,
				1,
				1.467,
				5,
				1.967,
				2.499,
				2.467,
				0,
				1,
				2.967,
				-2.499,
				3.467,
				-3,
				3.967,
				-3,
				1,
				4.467,
				-3,
				4.967,
				-2.089,
				5.467,
				0,
				1,
				5.644,
				0.743,
				5.822,
				1.668,
				6,
				2.55
			]
		},
		{
			"Target": "Parameter",
			"Id": "Param_Angle_Rotation46",
			"Segments": [
				0,
				0.18,
				1,
				0.011,
				0.18,
				0.022,
				0.279,
				0.033,
				0.336,
				1,
				0.511,
				2.804,
				0.989,
				4,
				1.467,
				4,
				1,
				1.967,
				4,
				2.467,
				2.667,
				2.967,
				0,
				1,
				3.467,
				-2.667,
				3.967,
				-4,
				4.467,
				-4,
				1,
				4.967,
				-4,
				5.467,
				-2.667,
				5.967,
				0,
				1,
				5.978,
				0.059,
				5.989,
				0.122,
				6,
				0.18
			]
		},
		{
			"Target": "Parameter",
			"Id": "Param_Angle_Rotation28",
			"Segments": [
				0,
				1.93,
				1,
				0.011,
				1.93,
				0.022,
				1.827,
				0.033,
				1.776,
				1,
				0.256,
				0.763,
				0.478,
				-0.327,
				0.7,
				-1.188,
				1,
				1.211,
				-3.167,
				1.722,
				-4,
				2.233,
				-4,
				1,
				2.733,
				-4,
				3.233,
				-2.667,
				3.733,
				0,
				1,
				4.233,
				2.667,
				4.733,
				4,
				5.233,
				4,
				1,
				5.489,
				4,
				5.744,
				3.293,
				6,
				1.93
			]
		},
		{
			"Target": "Parameter",
			"Id": "Param_Angle_Rotation39",
			"Segments": [
				0,
				4.58,
				1,
				0.411,
				4.58,
				0.822,
				2.511,
				1.233,
				0,
				1,
				1.733,
				-3.054,
				2.233,
				-4,
				2.733,
				-4,
				1,
				3.233,
				-4,
				3.733,
				-2.626,
				4.233,
				0,
				1,
				4.822,
				3.093,
				5.411,
				4.58,
				6,
				4.58
			]
		},
		{
			"Target": "Parameter",
			"Id": "Param_Angle_Rotation40",
			"Segments": [
				0,
				0,
				1,
				0.011,
				0,
				0.022,
				-0.033,
				0.033,
				-0.063,
				1,
				0.522,
				-1.363,
				1.011,
				-2,
				1.5,
				-2,
				1,
				2,
				-2,
				2.5,
				-1.333,
				3,
				0,
				1,
				3.5,
				1.333,
				4,
				2,
				4.5,
				2,
				1,
				4.989,
				2,
				5.478,
				1.393,
				5.967,
				0.123,
				1,
				5.978,
				0.094,
				5.989,
				0,
				6,
				0
			]
		},
		{
			"Target": "Parameter",
			"Id": "Param_Angle_Rotation41",
			"Segments": [
				0,
				0.52,
				1,
				0.011,
				0.52,
				0.022,
				0.51,
				0.033,
				0.489,
				1,
				0.178,
				0.211,
				0.322,
				-0.043,
				0.467,
				-0.346,
				1,
				0.978,
				-1.421,
				1.489,
				-2,
				2,
				-2,
				1,
				2.5,
				-2,
				3,
				-1.333,
				3.5,
				0,
				1,
				4,
				1.333,
				4.5,
				2,
				5,
				2,
				1,
				5.333,
				2,
				5.667,
				1.385,
				6,
				0.52
			]
		},
		{
			"Target": "Parameter",
			"Id": "Param_Angle_Rotation47",
			"Segments": [
				0,
				1.48,
				1,
				0.011,
				1.48,
				0.022,
				1.44,
				0.033,
				1.418,
				1,
				0.322,
				0.849,
				0.611,
				0.343,
				0.9,
				-0.26,
				1,
				1.433,
				-1.372,
				1.967,
				-2,
				2.5,
				-2,
				1,
				3,
				-2,
				3.5,
				-1.333,
				4,
				0,
				1,
				4.5,
				1.333,
				5,
				2,
				5.5,
				2,
				1,
				5.667,
				2,
				5.833,
				1.912,
				6,
				1.48
			]
		},
		{
			"Target": "Parameter",
			"Id": "Param_Angle_Rotation48",
			"Segments": [
				0,
				2,
				1,
				0.5,
				2,
				1,
				1.333,
				1.5,
				0,
				1,
				2,
				-1.333,
				2.5,
				-2,
				3,
				-2,
				1,
				3.5,
				-2,
				4,
				-1.333,
				4.5,
				0,
				1,
				5,
				1.333,
				5.5,
				2,
				6,
				2
			]
		},
		{
			"Target": "Parameter",
			"Id": "Param_Angle_Rotation49",
			"Segments": [
				0,
				1.78,
				1,
				0.011,
				1.78,
				0.022,
				1.804,
				0.033,
				1.813,
				1,
				0.189,
				1.943,
				0.344,
				2,
				0.5,
				2,
				1,
				1,
				2,
				1.5,
				1.333,
				2,
				0,
				1,
				2.5,
				-1.333,
				3,
				-2,
				3.5,
				-2,
				1,
				4,
				-2,
				4.5,
				-1.112,
				5,
				0,
				1,
				5.333,
				0.741,
				5.667,
				1.338,
				6,
				1.78
			]
		},
		{
			"Target": "Parameter",
			"Id": "Param_Angle_Rotation53",
			"Segments": [
				0,
				0,
				0,
				6,
				0
			]
		},
		{
			"Target": "Parameter",
			"Id": "Param_Angle_Rotation54",
			"Segments": [
				0,
				1.93,
				1,
				0.444,
				1.93,
				0.889,
				1.507,
				1.333,
				0,
				1,
				1.833,
				-1.695,
				2.333,
				-3,
				2.833,
				-3,
				1,
				3.333,
				-3,
				3.833,
				-1.446,
				4.333,
				0,
				1,
				4.889,
				1.607,
				5.444,
				1.93,
				6,
				1.93
			]
		},
		{
			"Target": "Parameter",
			"Id": "Param_Angle_Rotation55",
			"Segments": [
				0,
				1.9,
				1,
				0.111,
				1.9,
				0.222,
				2,
				0.333,
				2,
				1,
				0.833,
				2,
				1.333,
				1.333,
				1.833,
				0,
				1,
				2.333,
				-1.333,
				2.833,
				-2,
				3.333,
				-2,
				1,
				3.833,
				-2,
				4.333,
				-1.042,
				4.833,
				0,
				1,
				5.222,
				0.811,
				5.611,
				1.441,
				6,
				1.9
			]
		},
		{
			"Target": "Parameter",
			"Id": "Param_Angle_Rotation56",
			"Segments": [
				0,
				3.11,
				1,
				0.278,
				3.11,
				0.556,
				3.166,
				0.833,
				3,
				1,
				1.333,
				2.701,
				1.833,
				1.333,
				2.333,
				0,
				1,
				2.833,
				-1.333,
				3.333,
				-3,
				3.833,
				-3,
				1,
				4.211,
				-3,
				4.589,
				-2.122,
				4.967,
				0,
				1,
				5.311,
				1.935,
				5.656,
				3.11,
				6,
				3.11
			]
		},
		{
			"Target": "Parameter",
			"Id": "Param_Angle_Rotation57",
			"Segments": [
				0,
				0.74,
				1,
				0.011,
				0.74,
				0.022,
				0.877,
				0.033,
				0.896,
				1,
				0.467,
				1.647,
				0.9,
				2,
				1.333,
				2,
				1,
				1.833,
				2,
				2.333,
				1.6,
				2.833,
				0,
				1,
				3.333,
				-1.6,
				3.833,
				-3,
				4.333,
				-3,
				1,
				4.833,
				-3,
				5.333,
				-2.02,
				5.833,
				0,
				1,
				5.889,
				0.224,
				5.944,
				0.471,
				6,
				0.74
			]
		},
		{
			"Target": "Parameter",
			"Id": "Param_Angle_Rotation58",
			"Segments": [
				0,
				-0.7,
				1,
				0.011,
				-0.7,
				0.022,
				-0.626,
				0.033,
				-0.593,
				1,
				0.167,
				-0.192,
				0.3,
				0.266,
				0.433,
				0.559,
				1,
				0.9,
				1.585,
				1.367,
				2,
				1.833,
				2,
				1,
				2.333,
				2,
				2.833,
				1.333,
				3.333,
				0,
				1,
				3.833,
				-1.333,
				4.333,
				-2,
				4.833,
				-2,
				1,
				5.222,
				-2,
				5.611,
				-2.023,
				6,
				-0.7
			]
		},
		{
			"Target": "Parameter",
			"Id": "Param_Angle_Rotation59",
			"Segments": [
				0,
				-1.17,
				1,
				0.011,
				-1.17,
				0.022,
				-1.13,
				0.033,
				-1.108,
				1,
				0.278,
				-0.618,
				0.522,
				-0.168,
				0.767,
				0.332,
				1,
				1.3,
				1.423,
				1.833,
				2,
				2.367,
				2,
				1,
				2.856,
				2,
				3.344,
				1.318,
				3.833,
				0,
				1,
				4.333,
				-1.348,
				4.833,
				-2,
				5.333,
				-2,
				1,
				5.556,
				-2,
				5.778,
				-1.76,
				6,
				-1.17
			]
		},
		{
			"Target": "Parameter",
			"Id": "Param_Angle_Rotation61",
			"Segments": [
				0,
				3.47,
				1,
				0.011,
				3.47,
				0.022,
				3.545,
				0.033,
				3.567,
				1,
				0.189,
				3.869,
				0.344,
				4,
				0.5,
				4,
				1,
				1,
				4,
				1.5,
				2.285,
				2,
				0,
				1,
				2.5,
				-2.285,
				3,
				-3,
				3.5,
				-3,
				1,
				4,
				-3,
				4.5,
				-1.885,
				5,
				0,
				1,
				5.333,
				1.257,
				5.667,
				2.516,
				6,
				3.47
			]
		},
		{
			"Target": "Parameter",
			"Id": "Param_Angle_Rotation62",
			"Segments": [
				0,
				2.05,
				1,
				0.011,
				2.05,
				0.022,
				2.133,
				0.033,
				2.176,
				1,
				0.356,
				3.413,
				0.678,
				4,
				1,
				4,
				1,
				1.5,
				4,
				2,
				2.285,
				2.5,
				0,
				1,
				3,
				-2.285,
				3.5,
				-3,
				4,
				-3,
				1,
				4.5,
				-3,
				5,
				-2.012,
				5.5,
				0,
				1,
				5.667,
				0.671,
				5.833,
				1.389,
				6,
				2.05
			]
		},
		{
			"Target": "Parameter",
			"Id": "Param_Angle_Rotation63",
			"Segments": [
				0,
				0,
				1,
				0.011,
				0,
				0.022,
				0.037,
				0.033,
				0.096,
				1,
				0.522,
				2.703,
				1.011,
				4,
				1.5,
				4,
				1,
				2,
				4,
				2.5,
				2.285,
				3,
				0,
				1,
				3.5,
				-2.285,
				4,
				-3,
				4.5,
				-3,
				1,
				5,
				-3,
				5.5,
				-2.285,
				6,
				0
			]
		},
		{
			"Target": "Parameter",
			"Id": "Param_Angle_Rotation64",
			"Segments": [
				0,
				-1.79,
				1,
				0.011,
				-1.79,
				0.022,
				-1.709,
				0.033,
				-1.659,
				1,
				0.244,
				-0.708,
				0.456,
				0.216,
				0.667,
				1.131,
				1,
				1.111,
				3.058,
				1.556,
				4,
				2,
				4,
				1,
				2.5,
				4,
				3,
				2.285,
				3.5,
				0,
				1,
				4,
				-2.285,
				4.5,
				-3,
				5,
				-3,
				1,
				5.333,
				-3,
				5.667,
				-2.694,
				6,
				-1.79
			]
		},
		{
			"Target": "Parameter",
			"Id": "Param_Angle_Rotation65",
			"Segments": [
				0,
				0,
				1,
				0.011,
				0,
				0.022,
				-0.316,
				0.033,
				-0.432,
				1,
				0.522,
				-5.543,
				1.011,
				-8,
				1.5,
				-8,
				1,
				2,
				-8,
				2.5,
				-5.099,
				3,
				0,
				1,
				3.5,
				5.099,
				4,
				7.328,
				4.5,
				7.328,
				1,
				4.989,
				7.328,
				5.478,
				4.938,
				5.967,
				0.161,
				1,
				5.978,
				0.052,
				5.989,
				0,
				6,
				0
			]
		},
		{
			"Target": "Parameter",
			"Id": "Param_Angle_Rotation66",
			"Segments": [
				0,
				2.08,
				1,
				0.011,
				2.08,
				0.022,
				2.024,
				0.033,
				1.924,
				1,
				0.178,
				0.627,
				0.322,
				-0.787,
				0.467,
				-1.956,
				1,
				0.978,
				-6.094,
				1.489,
				-8,
				2,
				-8,
				1,
				2.5,
				-8,
				3,
				-5.333,
				3.5,
				0,
				1,
				4,
				5.333,
				4.5,
				8,
				5,
				8,
				1,
				5.333,
				8,
				5.667,
				5.536,
				6,
				2.08
			]
		},
		{
			"Target": "Parameter",
			"Id": "Param_Angle_Rotation67",
			"Segments": [
				0,
				11.11,
				1,
				0.011,
				11.11,
				0.022,
				11.014,
				0.033,
				10.854,
				1,
				0.344,
				6.37,
				0.656,
				1.753,
				0.967,
				-2.568,
				1,
				1.478,
				-9.667,
				1.989,
				-13,
				2.5,
				-13,
				1,
				3,
				-13,
				3.5,
				-9.282,
				4,
				0,
				1,
				4.5,
				9.282,
				5,
				15,
				5.5,
				15,
				1,
				5.667,
				15,
				5.833,
				14.343,
				6,
				11.11
			]
		},
		{
			"Target": "Parameter",
			"Id": "Param_Angle_Rotation68",
			"Segments": [
				0,
				15,
				1,
				0.5,
				15,
				1,
				10,
				1.5,
				0,
				1,
				2,
				-10,
				2.5,
				-15,
				3,
				-15,
				1,
				3.5,
				-15,
				4,
				-10,
				4.5,
				0,
				1,
				5,
				10,
				5.5,
				15,
				6,
				15
			]
		},
		{
			"Target": "Parameter",
			"Id": "Param_Angle_Rotation69",
			"Segments": [
				0,
				13.33,
				1,
				0.011,
				13.33,
				0.022,
				13.367,
				0.033,
				13.441,
				1,
				0.189,
				14.48,
				0.344,
				15,
				0.5,
				15,
				1,
				1,
				15,
				1.5,
				10,
				2,
				0,
				1,
				2.5,
				-10,
				3,
				-15,
				3.5,
				-15,
				1,
				4,
				-15,
				4.5,
				-8.308,
				5,
				0,
				1,
				5.333,
				5.539,
				5.667,
				10.006,
				6,
				13.33
			]
		},
		{
			"Target": "Parameter",
			"Id": "Param_Angle_Rotation71",
			"Segments": [
				0,
				1.56,
				1,
				0.011,
				1.56,
				0.022,
				1.538,
				0.033,
				1.467,
				1,
				0.189,
				0.477,
				0.344,
				-0.434,
				0.5,
				-1.533,
				1,
				1,
				-5.065,
				1.5,
				-7,
				2,
				-7,
				1,
				2.5,
				-7,
				3,
				-4.307,
				3.5,
				0,
				1,
				4,
				4.307,
				4.5,
				6,
				5,
				6,
				1,
				5.333,
				6,
				5.667,
				4.153,
				6,
				1.56
			]
		},
		{
			"Target": "Parameter",
			"Id": "Param_Angle_Rotation72",
			"Segments": [
				0,
				4.44,
				1,
				0.011,
				4.44,
				0.022,
				4.33,
				0.033,
				4.255,
				1,
				0.344,
				2.146,
				0.656,
				0.065,
				0.967,
				-1.987,
				1,
				1.478,
				-5.357,
				1.989,
				-7,
				2.5,
				-7,
				1,
				3,
				-7,
				3.5,
				-4.307,
				4,
				0,
				1,
				4.5,
				4.307,
				5,
				6,
				5.5,
				6,
				1,
				5.667,
				6,
				5.833,
				5.736,
				6,
				4.44
			]
		},
		{
			"Target": "Parameter",
			"Id": "Param_Angle_Rotation73",
			"Segments": [
				0,
				6,
				1,
				0.5,
				6,
				1,
				4.569,
				1.5,
				0,
				1,
				2,
				-4.569,
				2.5,
				-8,
				3,
				-8,
				1,
				3.5,
				-8,
				4,
				-4.569,
				4.5,
				0,
				1,
				5,
				4.569,
				5.5,
				6,
				6,
				6
			]
		},
		{
			"Target": "Parameter",
			"Id": "Param_Angle_Rotation74",
			"Segments": [
				0,
				5.46,
				1,
				0.011,
				5.46,
				0.022,
				5.535,
				0.033,
				5.557,
				1,
				0.189,
				5.866,
				0.344,
				6,
				0.5,
				6,
				1,
				1,
				6,
				1.5,
				4.569,
				2,
				0,
				1,
				2.5,
				-4.569,
				3,
				-8,
				3.5,
				-8,
				1,
				4,
				-8,
				4.5,
				-3.852,
				5,
				0,
				1,
				5.333,
				2.568,
				5.667,
				4.255,
				6,
				5.46
			]
		},
		{
			"Target": "Parameter",
			"Id": "Param_Angle_Rotation87",
			"Segments": [
				0,
				3.3,
				1,
				0.011,
				3.3,
				0.022,
				3.253,
				0.033,
				3.207,
				1,
				0.367,
				1.812,
				0.7,
				0.389,
				1.033,
				-0.943,
				1,
				1.556,
				-3.03,
				2.078,
				-4,
				2.6,
				-4,
				1,
				3.1,
				-4,
				3.6,
				-2.721,
				4.1,
				0,
				1,
				4.578,
				2.6,
				5.056,
				3.986,
				5.533,
				3.986,
				1,
				5.689,
				3.986,
				5.844,
				4.012,
				6,
				3.3
			]
		},
		{
			"Target": "Parameter",
			"Id": "Param_Angle_Rotation88",
			"Segments": [
				0,
				3.98,
				1,
				0.533,
				3.98,
				1.067,
				2.373,
				1.6,
				0,
				1,
				2.1,
				-2.225,
				2.6,
				-3,
				3.1,
				-3,
				1,
				3.6,
				-3,
				4.1,
				-2.334,
				4.6,
				0,
				1,
				5.067,
				2.178,
				5.533,
				3.98,
				6,
				3.98
			]
		},
		{
			"Target": "Parameter",
			"Id": "Param_Angle_Rotation89",
			"Segments": [
				0,
				3.25,
				1,
				0.011,
				3.25,
				0.022,
				3.29,
				0.033,
				3.317,
				1,
				0.222,
				3.783,
				0.411,
				4,
				0.6,
				4,
				1,
				1.1,
				4,
				1.6,
				2.285,
				2.1,
				0,
				1,
				2.6,
				-2.285,
				3.1,
				-3,
				3.6,
				-3,
				1,
				4.1,
				-3,
				4.6,
				-1.922,
				5.1,
				0,
				1,
				5.4,
				1.153,
				5.7,
				2.33,
				6,
				3.25
			]
		},
		{
			"Target": "Parameter",
			"Id": "Param_Angle_Rotation90",
			"Segments": [
				0,
				1.85,
				1,
				0.011,
				1.85,
				0.022,
				1.933,
				0.033,
				1.976,
				1,
				0.389,
				3.346,
				0.744,
				4,
				1.1,
				4,
				1,
				1.6,
				4,
				2.1,
				2.667,
				2.6,
				0,
				1,
				3.1,
				-2.667,
				3.6,
				-4,
				4.1,
				-4,
				1,
				4.6,
				-4,
				5.1,
				-2.583,
				5.6,
				0,
				1,
				5.733,
				0.689,
				5.867,
				1.306,
				6,
				1.85
			]
		},
		{
			"Target": "Parameter",
			"Id": "Param_Angle_Rotation91",
			"Segments": [
				0,
				-0.51,
				1,
				0.033,
				-0.51,
				0.067,
				-0.183,
				0.1,
				0,
				1,
				0.6,
				2.748,
				1.1,
				4,
				1.6,
				4,
				1,
				2.1,
				4,
				2.6,
				2.667,
				3.1,
				0,
				1,
				3.6,
				-2.667,
				4.1,
				-4,
				4.6,
				-4,
				1,
				5.067,
				-4,
				5.533,
				-2.84,
				6,
				-0.51
			]
		},
		{
			"Target": "Parameter",
			"Id": "Param_Angle_Rotation50",
			"Segments": [
				0,
				0,
				1,
				0.011,
				0,
				0.022,
				-0.077,
				0.033,
				-0.091,
				1,
				0.522,
				-0.708,
				1.011,
				-1,
				1.5,
				-1,
				1,
				2,
				-1,
				2.5,
				-0.667,
				3,
				0,
				1,
				3.5,
				0.667,
				4,
				1,
				4.5,
				1,
				1,
				4.989,
				1,
				5.478,
				0.681,
				5.967,
				0.031,
				1,
				5.978,
				0.016,
				5.989,
				0,
				6,
				0
			]
		},
		{
			"Target": "Parameter",
			"Id": "Param_Angle_Rotation51",
			"Segments": [
				0,
				0.26,
				1,
				0.011,
				0.26,
				0.022,
				0.24,
				0.033,
				0.229,
				1,
				0.178,
				0.081,
				0.322,
				-0.05,
				0.467,
				-0.199,
				1,
				0.978,
				-0.726,
				1.489,
				-1,
				2,
				-1,
				1,
				2.5,
				-1,
				3,
				-0.667,
				3.5,
				0,
				1,
				4,
				0.667,
				4.5,
				1,
				5,
				1,
				1,
				5.333,
				1,
				5.667,
				0.692,
				6,
				0.26
			]
		},
		{
			"Target": "Parameter",
			"Id": "Param_Angle_Rotation52",
			"Segments": [
				0,
				0.74,
				1,
				0.011,
				0.74,
				0.022,
				0.72,
				0.033,
				0.709,
				1,
				0.344,
				0.396,
				0.656,
				0.101,
				0.967,
				-0.214,
				1,
				1.478,
				-0.73,
				1.989,
				-1,
				2.5,
				-1,
				1,
				3,
				-1,
				3.5,
				-0.667,
				4,
				0,
				1,
				4.5,
				0.667,
				5,
				1,
				5.5,
				1,
				1,
				5.667,
				1,
				5.833,
				0.956,
				6,
				0.74
			]
		},
		{
			"Target": "Parameter",
			"Id": "Param_Angle_Rotation75",
			"Segments": [
				0,
				1,
				1,
				0.5,
				1,
				1,
				0.667,
				1.5,
				0,
				1,
				2,
				-0.667,
				2.5,
				-1,
				3,
				-1,
				1,
				3.5,
				-1,
				4,
				-0.667,
				4.5,
				0,
				1,
				5,
				0.667,
				5.5,
				1,
				6,
				1
			]
		},
		{
			"Target": "Parameter",
			"Id": "Param_Angle_Rotation76",
			"Segments": [
				0,
				0.89,
				1,
				0.011,
				0.89,
				0.022,
				0.917,
				0.033,
				0.921,
				1,
				0.189,
				0.977,
				0.344,
				1,
				0.5,
				1,
				1,
				1,
				1,
				1.5,
				0.667,
				2,
				0,
				1,
				2.5,
				-0.667,
				3,
				-1,
				3.5,
				-1,
				1,
				4,
				-1,
				4.5,
				-0.556,
				5,
				0,
				1,
				5.333,
				0.371,
				5.667,
				0.669,
				6,
				0.89
			]
		},
		{
			"Target": "Parameter",
			"Id": "Param_Angle_Rotation77",
			"Segments": [
				0,
				0.56,
				1,
				0.011,
				0.56,
				0.022,
				0.581,
				0.033,
				0.591,
				1,
				0.356,
				0.869,
				0.678,
				1,
				1,
				1,
				1,
				1.5,
				1,
				2,
				0.667,
				2.5,
				0,
				1,
				3,
				-0.667,
				3.5,
				-1,
				4,
				-1,
				1,
				4.5,
				-1,
				5,
				-0.636,
				5.5,
				0,
				1,
				5.667,
				0.212,
				5.833,
				0.402,
				6,
				0.56
			]
		},
		{
			"Target": "Parameter",
			"Id": "Param_Angle_Rotation78",
			"Segments": [
				0,
				0,
				1,
				0.011,
				0,
				0.022,
				0.047,
				0.033,
				0.061,
				1,
				0.522,
				0.696,
				1.011,
				1,
				1.5,
				1,
				1,
				2,
				1,
				2.5,
				0.667,
				3,
				0,
				1,
				3.5,
				-0.667,
				4,
				-1,
				4.5,
				-1,
				1,
				5,
				-1,
				5.5,
				-0.667,
				6,
				0
			]
		},
		{
			"Target": "Parameter",
			"Id": "Param_Angle_Rotation79",
			"Segments": [
				0,
				-0.56,
				1,
				0.011,
				-0.56,
				0.022,
				-0.541,
				0.033,
				-0.526,
				1,
				0.189,
				-0.313,
				0.344,
				-0.095,
				0.5,
				0.097,
				1,
				1,
				0.713,
				1.5,
				1,
				2,
				1,
				1,
				2.5,
				1,
				3,
				0.667,
				3.5,
				0,
				1,
				4,
				-0.667,
				4.5,
				-1,
				5,
				-1,
				1,
				5.333,
				-1,
				5.667,
				-0.876,
				6,
				-0.56
			]
		},
		{
			"Target": "Parameter",
			"Id": "Param_Angle_Rotation80",
			"Segments": [
				0,
				-0.89,
				1,
				0.011,
				-0.89,
				0.022,
				-0.872,
				0.033,
				-0.859,
				1,
				0.333,
				-0.5,
				0.633,
				-0.117,
				0.933,
				0.204,
				1,
				1.456,
				0.763,
				1.978,
				1,
				2.5,
				1,
				1,
				3,
				1,
				3.5,
				0.667,
				4,
				0,
				1,
				4.5,
				-0.667,
				5,
				-1,
				5.5,
				-1,
				1,
				5.667,
				-1,
				5.833,
				-1.001,
				6,
				-0.89
			]
		},
		{
			"Target": "Parameter",
			"Id": "Param_Angle_Rotation81",
			"Segments": [
				0,
				-1,
				1,
				0.5,
				-1,
				1,
				-0.667,
				1.5,
				0,
				1,
				2,
				0.667,
				2.5,
				1,
				3,
				1,
				1,
				3.5,
				1,
				4,
				0.667,
				4.5,
				0,
				1,
				5,
				-0.667,
				5.5,
				-1,
				6,
				-1
			]
		},
		{
			"Target": "Parameter",
			"Id": "Param_Angle_Rotation82",
			"Segments": [
				0,
				-0.74,
				1,
				0.011,
				-0.74,
				0.022,
				-0.762,
				0.033,
				-0.773,
				1,
				0.189,
				-0.93,
				0.344,
				-1,
				0.5,
				-1,
				1,
				1,
				-1,
				1.5,
				-0.667,
				2,
				0,
				1,
				2.5,
				0.667,
				3,
				1,
				3.5,
				1,
				1,
				4.067,
				1,
				4.633,
				0.707,
				5.2,
				0.112,
				1,
				5.467,
				-0.169,
				5.733,
				-0.459,
				6,
				-0.74
			]
		}
	]
}