{
	"Version": 3,
	"Parameters": [
		{
			"Id": "ParamEff1",
			"GroupId": "ParamGroup",
			"Name": "エフェクト1"
		},
		{
			"Id": "ParamEff2",
			"GroupId": "ParamGroup",
			"Name": "エフェクト2"
		},
		{
			"Id": "ParamEff3",
			"GroupId": "ParamGroup",
			"Name": "エフェクト3"
		},
		{
			"Id": "ParamEff4",
			"GroupId": "ParamGroup",
			"Name": "エフェクト4"
		},
		{
			"Id": "ParamEff5",
			"GroupId": "ParamGroup",
			"Name": "エフェクト5"
		},
		{
			"Id": "ParamEff6",
			"GroupId": "ParamGroup",
			"Name": "エフェクト6"
		},
		{
			"Id": "ParamEff7",
			"GroupId": "ParamGroup",
			"Name": "エフェクト7"
		},
		{
			"Id": "ParamEff8",
			"GroupId": "ParamGroup",
			"Name": "エフェクト8"
		},
		{
			"Id": "ParamEff9",
			"GroupId": "ParamGroup",
			"Name": "エフェクト9"
		},
		{
			"Id": "ParamEff10",
			"GroupId": "ParamGroup",
			"Name": "エフェクト10"
		},
		{
			"Id": "ParamEff11",
			"GroupId": "ParamGroup",
			"Name": "エフェクト11"
		},
		{
			"Id": "ParamEff12",
			"GroupId": "ParamGroup",
			"Name": "エフェクト12"
		},
		{
			"Id": "ParamEff13",
			"GroupId": "ParamGroup",
			"Name": "エフェクト13"
		},
		{
			"Id": "ParamEff14",
			"GroupId": "ParamGroup",
			"Name": "エフェクト14"
		},
		{
			"Id": "ParamEff15",
			"GroupId": "ParamGroup",
			"Name": "エフェクト15"
		},
		{
			"Id": "ParamEff16",
			"GroupId": "ParamGroup",
			"Name": "エフェクト16"
		},
		{
			"Id": "ParamEff17",
			"GroupId": "ParamGroup",
			"Name": "エフェクト17"
		},
		{
			"Id": "ParamEff18",
			"GroupId": "ParamGroup",
			"Name": "エフェクト18"
		},
		{
			"Id": "ParamEff19",
			"GroupId": "ParamGroup",
			"Name": "エフェクト19"
		},
		{
			"Id": "ParamEff20",
			"GroupId": "ParamGroup",
			"Name": "エフェクト20"
		},
		{
			"Id": "ParamEff21",
			"GroupId": "ParamGroup",
			"Name": "エフェクト21"
		},
		{
			"Id": "ParamEff22",
			"GroupId": "ParamGroup",
			"Name": "エフェクト22"
		},
		{
			"Id": "ParamEff23",
			"GroupId": "ParamGroup",
			"Name": "エフェクト23"
		},
		{
			"Id": "ParamEff24",
			"GroupId": "ParamGroup",
			"Name": "エフェクト24"
		},
		{
			"Id": "ParamEff25",
			"GroupId": "ParamGroup",
			"Name": "エフェクト25"
		},
		{
			"Id": "ParamEff26",
			"GroupId": "ParamGroup",
			"Name": "エフェクト26"
		},
		{
			"Id": "ParamEff27",
			"GroupId": "ParamGroup",
			"Name": "エフェクト27"
		},
		{
			"Id": "ParamEff28",
			"GroupId": "ParamGroup",
			"Name": "エフェクト28"
		},
		{
			"Id": "ParamEff29",
			"GroupId": "ParamGroup",
			"Name": "エフェクト29"
		},
		{
			"Id": "ParamEff30",
			"GroupId": "ParamGroup",
			"Name": "エフェクト30"
		},
		{
			"Id": "ParamEff31",
			"GroupId": "ParamGroup",
			"Name": "エフェクト31"
		},
		{
			"Id": "ParamEff32",
			"GroupId": "ParamGroup",
			"Name": "エフェクト32"
		},
		{
			"Id": "ParamEff33",
			"GroupId": "ParamGroup",
			"Name": "エフェクト33"
		},
		{
			"Id": "ParamPachi",
			"GroupId": "ParamGroup2",
			"Name": "目パチ"
		},
		{
			"Id": "ParamLegL1",
			"GroupId": "ParamGroup2",
			"Name": "右太もも"
		},
		{
			"Id": "ParamLegL2",
			"GroupId": "ParamGroup2",
			"Name": "右足"
		},
		{
			"Id": "ParamLegR1",
			"GroupId": "ParamGroup2",
			"Name": "左太もも"
		},
		{
			"Id": "ParamLegR2",
			"GroupId": "ParamGroup2",
			"Name": "左足"
		},
		{
			"Id": "ParamEyeRL",
			"GroupId": "ParamGroup2",
			"Name": "目Hi左右"
		},
		{
			"Id": "ParamEyeUD",
			"GroupId": "ParamGroup2",
			"Name": "目Hi上下"
		},
		{
			"Id": "ParamEyeBS",
			"GroupId": "ParamGroup2",
			"Name": "目Hi大小"
		},
		{
			"Id": "ParamPaiRY",
			"GroupId": "ParamGroup2",
			"Name": "右胸 Y"
		},
		{
			"Id": "ParamPaiRX",
			"GroupId": "ParamGroup2",
			"Name": "右胸 X"
		},
		{
			"Id": "ParamPaiRY2",
			"GroupId": "ParamGroup2",
			"Name": "右胸 Y2"
		},
		{
			"Id": "ParamPaiRX2",
			"GroupId": "ParamGroup2",
			"Name": "右胸 X2"
		},
		{
			"Id": "ParamPaiLY",
			"GroupId": "ParamGroup2",
			"Name": "左胸 Y"
		},
		{
			"Id": "ParamPaiLX",
			"GroupId": "ParamGroup2",
			"Name": "左胸 X"
		},
		{
			"Id": "ParamPaiLY2",
			"GroupId": "ParamGroup2",
			"Name": "左胸 Y2"
		},
		{
			"Id": "ParamPaiLX2",
			"GroupId": "ParamGroup2",
			"Name": "左胸 X2"
		},
		{
			"Id": "ParamBreat",
			"GroupId": "ParamGroup2",
			"Name": "呼吸"
		},
		{
			"Id": "ParamHairKX",
			"GroupId": "ParamGroup3",
			"Name": "後髪飾り X"
		},
		{
			"Id": "ParamHairKY",
			"GroupId": "ParamGroup3",
			"Name": "後髪飾り Y"
		},
		{
			"Id": "ParamPaiKX",
			"GroupId": "ParamGroup3",
			"Name": "胸飾り X"
		},
		{
			"Id": "ParamBodyKX",
			"GroupId": "ParamGroup3",
			"Name": "体飾り X"
		},
		{
			"Id": "Param_Angle_Rotation2",
			"GroupId": "ParamGroup4",
			"Name": "[1]髪真ん中"
		},
		{
			"Id": "Param_Angle_Rotation3",
			"GroupId": "ParamGroup4",
			"Name": "[2]髪真ん中"
		},
		{
			"Id": "Param_Angle_Rotation4",
			"GroupId": "ParamGroup4",
			"Name": "[3]髪真ん中"
		},
		{
			"Id": "Param_Angle_Rotation6",
			"GroupId": "ParamGroup5",
			"Name": "[1]髪右1"
		},
		{
			"Id": "Param_Angle_Rotation7",
			"GroupId": "ParamGroup5",
			"Name": "[2]髪右1"
		},
		{
			"Id": "Param_Angle_Rotation8",
			"GroupId": "ParamGroup5",
			"Name": "[3]髪右1"
		},
		{
			"Id": "Param_Angle_Rotation10",
			"GroupId": "ParamGroup6",
			"Name": "[1]髪右2"
		},
		{
			"Id": "Param_Angle_Rotation11",
			"GroupId": "ParamGroup6",
			"Name": "[2]髪右2"
		},
		{
			"Id": "Param_Angle_Rotation12",
			"GroupId": "ParamGroup6",
			"Name": "[3]髪右2"
		},
		{
			"Id": "Param_Angle_Rotation13",
			"GroupId": "ParamGroup6",
			"Name": "[4]髪右2"
		},
		{
			"Id": "Param_Angle_Rotation15",
			"GroupId": "ParamGroup7",
			"Name": "[1]髪右3"
		},
		{
			"Id": "Param_Angle_Rotation16",
			"GroupId": "ParamGroup7",
			"Name": "[2]髪右3"
		},
		{
			"Id": "Param_Angle_Rotation17",
			"GroupId": "ParamGroup7",
			"Name": "[3]髪右3"
		},
		{
			"Id": "Param_Angle_Rotation19",
			"GroupId": "ParamGroup8",
			"Name": "[1]髪右4"
		},
		{
			"Id": "Param_Angle_Rotation20",
			"GroupId": "ParamGroup8",
			"Name": "[2]髪右4"
		},
		{
			"Id": "Param_Angle_Rotation21",
			"GroupId": "ParamGroup8",
			"Name": "[3]髪右4"
		},
		{
			"Id": "Param_Angle_Rotation23",
			"GroupId": "ParamGroup9",
			"Name": "[1]髪左"
		},
		{
			"Id": "Param_Angle_Rotation24",
			"GroupId": "ParamGroup9",
			"Name": "[2]髪左"
		},
		{
			"Id": "Param_Angle_Rotation25",
			"GroupId": "ParamGroup9",
			"Name": "[3]髪左"
		},
		{
			"Id": "Param_Angle_Rotation27",
			"GroupId": "ParamGroup10",
			"Name": "[1]髪左2"
		},
		{
			"Id": "Param_Angle_Rotation30",
			"GroupId": "ParamGroup11",
			"Name": "[1]髪左もみ1"
		},
		{
			"Id": "Param_Angle_Rotation31",
			"GroupId": "ParamGroup11",
			"Name": "[2]髪左もみ1"
		},
		{
			"Id": "Param_Angle_Rotation32",
			"GroupId": "ParamGroup11",
			"Name": "[3]髪左もみ1"
		},
		{
			"Id": "Param_Angle_Rotation33",
			"GroupId": "ParamGroup12",
			"Name": "[0]髪左もみ2"
		},
		{
			"Id": "Param_Angle_Rotation34",
			"GroupId": "ParamGroup12",
			"Name": "[1]髪左もみ2"
		},
		{
			"Id": "Param_Angle_Rotation35",
			"GroupId": "ParamGroup12",
			"Name": "[2]髪左もみ2"
		},
		{
			"Id": "Param_Angle_Rotation36",
			"GroupId": "ParamGroup12",
			"Name": "[3]髪左もみ2"
		},
		{
			"Id": "Param_Angle_Rotation37",
			"GroupId": "ParamGroup12",
			"Name": "[4]髪左もみ2"
		},
		{
			"Id": "Param_Angle_Rotation38",
			"GroupId": "ParamGroup12",
			"Name": "[5]髪左もみ2"
		},
		{
			"Id": "Param_Angle_Rotation42",
			"GroupId": "ParamGroup13",
			"Name": "[0]髪右もみあげ1"
		},
		{
			"Id": "Param_Angle_Rotation43",
			"GroupId": "ParamGroup13",
			"Name": "[1]髪右もみあげ1"
		},
		{
			"Id": "Param_Angle_Rotation44",
			"GroupId": "ParamGroup13",
			"Name": "[2]髪右もみあげ1"
		},
		{
			"Id": "Param_Angle_Rotation45",
			"GroupId": "ParamGroup13",
			"Name": "[3]髪右もみあげ1"
		},
		{
			"Id": "Param_Angle_Rotation46",
			"GroupId": "ParamGroup13",
			"Name": "[4]髪右もみあげ1"
		},
		{
			"Id": "Param_Angle_Rotation28",
			"GroupId": "ParamGroup14",
			"Name": "[0]髪右5"
		},
		{
			"Id": "Param_Angle_Rotation39",
			"GroupId": "ParamGroup14",
			"Name": "[1]髪右5"
		},
		{
			"Id": "Param_Angle_Rotation40",
			"GroupId": "ParamGroup15",
			"Name": "[0]髪右もみあげ2"
		},
		{
			"Id": "Param_Angle_Rotation41",
			"GroupId": "ParamGroup15",
			"Name": "[1]髪右もみあげ2"
		},
		{
			"Id": "Param_Angle_Rotation47",
			"GroupId": "ParamGroup15",
			"Name": "[2]髪右もみあげ2"
		},
		{
			"Id": "Param_Angle_Rotation48",
			"GroupId": "ParamGroup15",
			"Name": "[3]髪右もみあげ2"
		},
		{
			"Id": "Param_Angle_Rotation49",
			"GroupId": "ParamGroup15",
			"Name": "[4]髪右もみあげ2"
		},
		{
			"Id": "Param_Angle_Rotation53",
			"GroupId": "ParamGroup16",
			"Name": "[0]後髪右サイド"
		},
		{
			"Id": "Param_Angle_Rotation54",
			"GroupId": "ParamGroup16",
			"Name": "[1]後髪右サイド"
		},
		{
			"Id": "Param_Angle_Rotation55",
			"GroupId": "ParamGroup16",
			"Name": "[2]後髪右サイド"
		},
		{
			"Id": "Param_Angle_Rotation56",
			"GroupId": "ParamGroup16",
			"Name": "[3]後髪右サイド"
		},
		{
			"Id": "Param_Angle_Rotation57",
			"GroupId": "ParamGroup16",
			"Name": "[4]後髪右サイド"
		},
		{
			"Id": "Param_Angle_Rotation58",
			"GroupId": "ParamGroup16",
			"Name": "[5]後髪右サイド"
		},
		{
			"Id": "Param_Angle_Rotation59",
			"GroupId": "ParamGroup16",
			"Name": "[6]後髪右サイド"
		},
		{
			"Id": "Param_Angle_Rotation61",
			"GroupId": "ParamGroup17",
			"Name": "[1]後髪左サイド"
		},
		{
			"Id": "Param_Angle_Rotation62",
			"GroupId": "ParamGroup17",
			"Name": "[2]後髪左サイド"
		},
		{
			"Id": "Param_Angle_Rotation63",
			"GroupId": "ParamGroup17",
			"Name": "[3]後髪左サイド"
		},
		{
			"Id": "Param_Angle_Rotation64",
			"GroupId": "ParamGroup17",
			"Name": "[4]後髪左サイド"
		},
		{
			"Id": "Param_Angle_Rotation65",
			"GroupId": "ParamGroup18",
			"Name": "[0]後髪先1"
		},
		{
			"Id": "Param_Angle_Rotation66",
			"GroupId": "ParamGroup18",
			"Name": "[1]後髪先1"
		},
		{
			"Id": "Param_Angle_Rotation67",
			"GroupId": "ParamGroup18",
			"Name": "[2]後髪先1"
		},
		{
			"Id": "Param_Angle_Rotation68",
			"GroupId": "ParamGroup18",
			"Name": "[3]後髪先1"
		},
		{
			"Id": "Param_Angle_Rotation69",
			"GroupId": "ParamGroup18",
			"Name": "[4]後髪先1"
		},
		{
			"Id": "Param_Angle_Rotation71",
			"GroupId": "ParamGroup19",
			"Name": "[1]後髪先2"
		},
		{
			"Id": "Param_Angle_Rotation72",
			"GroupId": "ParamGroup19",
			"Name": "[2]後髪先2"
		},
		{
			"Id": "Param_Angle_Rotation73",
			"GroupId": "ParamGroup19",
			"Name": "[3]後髪先2"
		},
		{
			"Id": "Param_Angle_Rotation74",
			"GroupId": "ParamGroup19",
			"Name": "[4]後髪先2"
		},
		{
			"Id": "Param_Angle_Rotation87",
			"GroupId": "ParamGroup20",
			"Name": "[1]髪の毛"
		},
		{
			"Id": "Param_Angle_Rotation88",
			"GroupId": "ParamGroup20",
			"Name": "[2]髪の毛"
		},
		{
			"Id": "Param_Angle_Rotation89",
			"GroupId": "ParamGroup20",
			"Name": "[3]髪の毛"
		},
		{
			"Id": "Param_Angle_Rotation90",
			"GroupId": "ParamGroup20",
			"Name": "[4]髪の毛"
		},
		{
			"Id": "Param_Angle_Rotation91",
			"GroupId": "ParamGroup20",
			"Name": "[5]髪の毛"
		},
		{
			"Id": "Param_Angle_Rotation50",
			"GroupId": "ParamGroup21",
			"Name": "[0]後髪"
		},
		{
			"Id": "Param_Angle_Rotation51",
			"GroupId": "ParamGroup21",
			"Name": "[1]後髪"
		},
		{
			"Id": "Param_Angle_Rotation52",
			"GroupId": "ParamGroup21",
			"Name": "[2]後髪"
		},
		{
			"Id": "Param_Angle_Rotation75",
			"GroupId": "ParamGroup21",
			"Name": "[3]後髪"
		},
		{
			"Id": "Param_Angle_Rotation76",
			"GroupId": "ParamGroup21",
			"Name": "[4]後髪"
		},
		{
			"Id": "Param_Angle_Rotation77",
			"GroupId": "ParamGroup21",
			"Name": "[5]後髪"
		},
		{
			"Id": "Param_Angle_Rotation78",
			"GroupId": "ParamGroup21",
			"Name": "[6]後髪"
		},
		{
			"Id": "Param_Angle_Rotation79",
			"GroupId": "ParamGroup21",
			"Name": "[7]後髪"
		},
		{
			"Id": "Param_Angle_Rotation80",
			"GroupId": "ParamGroup21",
			"Name": "[8]後髪"
		},
		{
			"Id": "Param_Angle_Rotation81",
			"GroupId": "ParamGroup21",
			"Name": "[9]後髪"
		},
		{
			"Id": "Param_Angle_Rotation82",
			"GroupId": "ParamGroup21",
			"Name": "[10]後髪"
		}
	],
	"ParameterGroups": [
		{
			"Id": "ParamGroup",
			"GroupId": "",
			"Name": "エフェクト"
		},
		{
			"Id": "ParamGroup2",
			"GroupId": "",
			"Name": "URアニメーション"
		},
		{
			"Id": "ParamGroup3",
			"GroupId": "",
			"Name": "追加"
		},
		{
			"Id": "ParamGroup4",
			"GroupId": "",
			"Name": "髪真ん中"
		},
		{
			"Id": "ParamGroup5",
			"GroupId": "",
			"Name": "髪右1"
		},
		{
			"Id": "ParamGroup6",
			"GroupId": "",
			"Name": "髪右2"
		},
		{
			"Id": "ParamGroup7",
			"GroupId": "",
			"Name": "髪右3"
		},
		{
			"Id": "ParamGroup8",
			"GroupId": "",
			"Name": "髪右4"
		},
		{
			"Id": "ParamGroup9",
			"GroupId": "",
			"Name": "髪左"
		},
		{
			"Id": "ParamGroup10",
			"GroupId": "",
			"Name": "髪左2"
		},
		{
			"Id": "ParamGroup11",
			"GroupId": "",
			"Name": "髪左もみ1"
		},
		{
			"Id": "ParamGroup12",
			"GroupId": "",
			"Name": "髪左もみ2"
		},
		{
			"Id": "ParamGroup13",
			"GroupId": "",
			"Name": "髪右もみあげ1"
		},
		{
			"Id": "ParamGroup14",
			"GroupId": "",
			"Name": "髪右5"
		},
		{
			"Id": "ParamGroup15",
			"GroupId": "",
			"Name": "髪右もみあげ2"
		},
		{
			"Id": "ParamGroup16",
			"GroupId": "",
			"Name": "後髪右サイド"
		},
		{
			"Id": "ParamGroup17",
			"GroupId": "",
			"Name": "後髪左サイド"
		},
		{
			"Id": "ParamGroup18",
			"GroupId": "",
			"Name": "後髪先1"
		},
		{
			"Id": "ParamGroup19",
			"GroupId": "",
			"Name": "後髪先2"
		},
		{
			"Id": "ParamGroup20",
			"GroupId": "",
			"Name": "髪の毛"
		},
		{
			"Id": "ParamGroup21",
			"GroupId": "",
			"Name": "後髪"
		}
	],
	"Parts": [
		{
			"Id": "Part26",
			"Name": "1920x1440_2.psd"
		},
		{
			"Id": "Part25",
			"Name": "1920x1440.psd"
		},
		{
			"Id": "Part",
			"Name": "エフェクト"
		},
		{
			"Id": "Part19",
			"Name": "水泡"
		},
		{
			"Id": "Part20",
			"Name": "キャラ"
		},
		{
			"Id": "Part2",
			"Name": "きら"
		},
		{
			"Id": "Part9",
			"Name": "まる"
		},
		{
			"Id": "Part18",
			"Name": "花びら"
		},
		{
			"Id": "Part21",
			"Name": "前髪1"
		},
		{
			"Id": "Part22",
			"Name": "胸"
		},
		{
			"Id": "Part23",
			"Name": "前髪2"
		},
		{
			"Id": "Part24",
			"Name": "後髪"
		},
		{
			"Id": "Part3",
			"Name": "グループ 1"
		},
		{
			"Id": "Part4",
			"Name": "グループ 3"
		},
		{
			"Id": "Part5",
			"Name": "グループ 5"
		},
		{
			"Id": "Part6",
			"Name": "グループ 6"
		},
		{
			"Id": "Part7",
			"Name": "グループ 4"
		},
		{
			"Id": "Part8",
			"Name": "グループ 2"
		},
		{
			"Id": "Part10",
			"Name": "グループ 14"
		},
		{
			"Id": "Part11",
			"Name": "グループ 7"
		},
		{
			"Id": "Part12",
			"Name": "グループ 9"
		},
		{
			"Id": "Part13",
			"Name": "グループ 11"
		},
		{
			"Id": "Part14",
			"Name": "グループ 10"
		},
		{
			"Id": "Part15",
			"Name": "グループ 8"
		},
		{
			"Id": "Part16",
			"Name": "グループ 13"
		},
		{
			"Id": "Part17",
			"Name": "グループ 12"
		},
		{
			"Id": "ArtMesh108_Skinning",
			"Name": "髪真ん中(スキニング)"
		},
		{
			"Id": "ArtMesh109_Skinning",
			"Name": "髪右1(スキニング)"
		},
		{
			"Id": "ArtMesh110_Skinning",
			"Name": "髪右2(スキニング)"
		},
		{
			"Id": "ArtMesh111_Skinning",
			"Name": "髪右3(スキニング)"
		},
		{
			"Id": "ArtMesh112_Skinning",
			"Name": "髪右4(スキニング)"
		},
		{
			"Id": "ArtMesh114_Skinning",
			"Name": "髪左(スキニング)"
		},
		{
			"Id": "ArtMesh115_Skinning",
			"Name": "髪左2(スキニング)"
		},
		{
			"Id": "ArtMesh116_Skinning",
			"Name": "髪左もみ1(スキニング)"
		},
		{
			"Id": "ArtMesh117_Skinning",
			"Name": "髪左もみ2(スキニング)"
		},
		{
			"Id": "ArtMesh135_Skinning",
			"Name": "髪右5(スキニング)"
		},
		{
			"Id": "ArtMesh136_Skinning",
			"Name": "髪右もみあげ1(スキニング)"
		},
		{
			"Id": "ArtMesh137_Skinning",
			"Name": "髪右もみあげ2(スキニング)"
		},
		{
			"Id": "ArtMesh139_Skinning",
			"Name": "後髪左サイド(スキニング)"
		},
		{
			"Id": "ArtMesh140_Skinning",
			"Name": "後髪先1(スキニング)"
		},
		{
			"Id": "ArtMesh141_Skinning",
			"Name": "後髪先2(スキニング)"
		},
		{
			"Id": "ArtMesh142_Skinning",
			"Name": "後髪(スキニング)"
		},
		{
			"Id": "ArtMesh143_Skinning",
			"Name": "髪の毛(スキニング)"
		},
		{
			"Id": "ArtMesh138_Skinning",
			"Name": "後髪右サイド(スキニング)"
		}
	],
	"CombinedParameters": [
		[
			"ParamEyeRL",
			"ParamEyeUD"
		],
		[
			"ParamPaiRY",
			"ParamPaiRX"
		],
		[
			"ParamPaiRY2",
			"ParamPaiRX2"
		],
		[
			"ParamPaiLY",
			"ParamPaiLX"
		],
		[
			"ParamPaiLY2",
			"ParamPaiLX2"
		],
		[
			"ParamHairKX",
			"ParamHairKY"
		]
	]
}