{
	"Version": 3,
	"Meta": {
		"Duration": 2.667,
		"Fps": 30.0,
		"Loop": true,
		"AreBeziersRestricted": false,
		"CurveCount": 157,
		"TotalSegmentCount": 1094,
		"TotalPointCount": 3057,
		"UserDataCount": 0,
		"TotalUserDataSize": 0
	},
	"Curves": [
		{
			"Target": "Parameter",
			"Id": "ParamPaiX",
			"Segments": [
				0,
				0,
				1,
				0.078,
				0,
				0.156,
				-1,
				0.233,
				-1,
				1,
				0.311,
				-1,
				0.389,
				-0.667,
				0.467,
				0,
				1,
				0.544,
				0.667,
				0.622,
				1,
				0.7,
				1,
				1,
				0.767,
				1,
				0.833,
				1,
				0.9,
				1,
				1,
				0.967,
				1,
				1.033,
				0,
				1.1,
				0,
				1,
				1.167,
				0,
				1.233,
				0,
				1.3,
				0,
				1,
				1.389,
				0,
				1.478,
				0,
				1.567,
				0,
				1,
				1.656,
				0,
				1.744,
				0,
				1.833,
				0,
				1,
				1.933,
				0,
				2.033,
				0,
				2.133,
				0,
				1,
				2.311,
				0,
				2.489,
				0,
				2.667,
				0
			]
		},
		{
			"Target": "Parameter",
			"Id": "ParamPaiY",
			"Segments": [
				0,
				0,
				1,
				0.078,
				0,
				0.156,
				30,
				0.233,
				30,
				1,
				0.311,
				30,
				0.389,
				-30,
				0.467,
				-30,
				1,
				0.544,
				-30,
				0.622,
				17.582,
				0.7,
				17.582,
				1,
				0.767,
				17.582,
				0.833,
				-17.418,
				0.9,
				-17.418,
				1,
				0.967,
				-17.418,
				1.033,
				2.582,
				1.1,
				2.582,
				1,
				1.167,
				2.582,
				1.233,
				-10.719,
				1.3,
				-10.719,
				1,
				1.389,
				-10.719,
				1.478,
				-4.418,
				1.567,
				-4.418,
				1,
				1.656,
				-4.418,
				1.744,
				-6.178,
				1.833,
				-7.418,
				1,
				1.933,
				-8.813,
				2.033,
				-9,
				2.133,
				-9,
				1,
				2.311,
				-9,
				2.489,
				-9,
				2.667,
				-9
			]
		},
		{
			"Target": "Parameter",
			"Id": "ParamPaiX2",
			"Segments": [
				0,
				0,
				1,
				0.056,
				0,
				0.111,
				3,
				0.167,
				3,
				1,
				0.256,
				3,
				0.344,
				0,
				0.433,
				0,
				1,
				0.522,
				0,
				0.611,
				3,
				0.7,
				3,
				1,
				0.778,
				3,
				0.856,
				-4.74,
				0.933,
				-4.74,
				1,
				1,
				-4.74,
				1.067,
				-2.431,
				1.133,
				0,
				1,
				1.2,
				2.431,
				1.267,
				3,
				1.333,
				3,
				1,
				1.433,
				3,
				1.533,
				-2.215,
				1.633,
				-2.215,
				1,
				1.8,
				-2.215,
				1.967,
				0,
				2.133,
				0,
				1,
				2.311,
				0,
				2.489,
				0,
				2.667,
				0
			]
		},
		{
			"Target": "Parameter",
			"Id": "ParamPaiY2",
			"Segments": [
				0,
				0,
				1,
				0.056,
				0,
				0.111,
				30,
				0.167,
				30,
				1,
				0.256,
				30,
				0.344,
				-30,
				0.433,
				-30,
				1,
				0.522,
				-30,
				0.611,
				5.254,
				0.7,
				5.254,
				1,
				0.778,
				5.254,
				0.856,
				-21.746,
				0.933,
				-21.746,
				1,
				1,
				-21.746,
				1.067,
				-5.746,
				1.133,
				-5.746,
				1,
				1.2,
				-5.746,
				1.267,
				-13.683,
				1.333,
				-13.683,
				1,
				1.433,
				-13.683,
				1.533,
				-9.746,
				1.633,
				-9.746,
				1,
				1.8,
				-9.746,
				1.967,
				-12,
				2.133,
				-12,
				1,
				2.311,
				-12,
				2.489,
				-12,
				2.667,
				-12
			]
		},
		{
			"Target": "Parameter",
			"Id": "ParamPai2X",
			"Segments": [
				0,
				0,
				1,
				0.089,
				0,
				0.178,
				0.667,
				0.267,
				2,
				1,
				0.356,
				3.333,
				0.444,
				5.015,
				0.533,
				6,
				1,
				0.611,
				6.862,
				0.689,
				7,
				0.767,
				7,
				1,
				0.844,
				7,
				0.922,
				6.027,
				1,
				4.027,
				1,
				1.078,
				2.027,
				1.156,
				1,
				1.233,
				1,
				1,
				1.3,
				1,
				1.367,
				1,
				1.433,
				1,
				1,
				1.522,
				1,
				1.611,
				0,
				1.7,
				0,
				1,
				1.844,
				0,
				1.989,
				0,
				2.133,
				0,
				1,
				2.311,
				0,
				2.489,
				0,
				2.667,
				0
			]
		},
		{
			"Target": "Parameter",
			"Id": "ParamPai2Y",
			"Segments": [
				0,
				0,
				1,
				0.089,
				0,
				0.178,
				30,
				0.267,
				30,
				1,
				0.356,
				30,
				0.444,
				-30,
				0.533,
				-30,
				1,
				0.611,
				-30,
				0.689,
				18.638,
				0.767,
				18.638,
				1,
				0.856,
				18.638,
				0.944,
				-18.119,
				1.033,
				-18.119,
				1,
				1.1,
				-18.119,
				1.167,
				-0.119,
				1.233,
				-0.119,
				1,
				1.3,
				-0.119,
				1.367,
				-8.119,
				1.433,
				-8.119,
				1,
				1.522,
				-8.119,
				1.611,
				-5.119,
				1.7,
				-5.119,
				1,
				1.844,
				-5.119,
				1.989,
				-6,
				2.133,
				-6,
				1,
				2.311,
				-6,
				2.489,
				-6,
				2.667,
				-6
			]
		},
		{
			"Target": "Parameter",
			"Id": "ParamPai2X2",
			"Segments": [
				0,
				0,
				1,
				0.011,
				0,
				0.022,
				0,
				0.033,
				0,
				1,
				0.1,
				0,
				0.167,
				0.44,
				0.233,
				1,
				1,
				0.322,
				1.746,
				0.411,
				2,
				0.5,
				2,
				1,
				0.578,
				2,
				0.656,
				-4.39,
				0.733,
				-4.39,
				1,
				0.822,
				-4.39,
				0.911,
				4.008,
				1,
				4.008,
				1,
				1.067,
				4.008,
				1.133,
				-2.215,
				1.2,
				-2.215,
				1,
				1.267,
				-2.215,
				1.333,
				1,
				1.4,
				1,
				1,
				1.489,
				1,
				1.578,
				0,
				1.667,
				0,
				1,
				1.822,
				0,
				1.978,
				0,
				2.133,
				0,
				1,
				2.311,
				0,
				2.489,
				0,
				2.667,
				0
			]
		},
		{
			"Target": "Parameter",
			"Id": "ParamPai2Y2",
			"Segments": [
				0,
				0,
				1,
				0.011,
				0,
				0.022,
				2.82,
				0.033,
				5.638,
				1,
				0.1,
				22.544,
				0.167,
				30,
				0.233,
				30,
				1,
				0.322,
				30,
				0.411,
				-26.88,
				0.5,
				-26.88,
				1,
				0.578,
				-26.88,
				0.656,
				12.297,
				0.733,
				12.297,
				1,
				0.822,
				12.297,
				0.911,
				-21.934,
				1,
				-21.934,
				1,
				1.067,
				-21.934,
				1.133,
				2.512,
				1.2,
				2.512,
				1,
				1.267,
				2.512,
				1.333,
				-14.65,
				1.4,
				-14.65,
				1,
				1.489,
				-14.65,
				1.578,
				-5.65,
				1.667,
				-5.65,
				1,
				1.822,
				-5.65,
				1.978,
				-8,
				2.133,
				-8,
				1,
				2.311,
				-8,
				2.489,
				-8,
				2.667,
				-8
			]
		},
		{
			"Target": "Parameter",
			"Id": "ParamArm2R",
			"Segments": [
				0,
				0,
				1,
				0.067,
				0,
				0.133,
				16,
				0.2,
				16,
				1,
				0.3,
				16,
				0.4,
				-13,
				0.5,
				-13,
				1,
				0.622,
				-13,
				0.744,
				9,
				0.867,
				9,
				1,
				1.011,
				9,
				1.156,
				-2,
				1.3,
				-2,
				1,
				1.422,
				-2,
				1.544,
				1,
				1.667,
				1,
				1,
				1.822,
				1,
				1.978,
				0,
				2.133,
				0,
				1,
				2.311,
				0,
				2.489,
				0,
				2.667,
				0
			]
		},
		{
			"Target": "Parameter",
			"Id": "ParamArmR",
			"Segments": [
				0,
				0,
				0,
				0.1,
				0,
				1,
				0.167,
				0,
				0.233,
				16,
				0.3,
				16,
				1,
				0.4,
				16,
				0.5,
				-12,
				0.6,
				-12,
				1,
				0.711,
				-12,
				0.822,
				10.995,
				0.933,
				10.995,
				1,
				1.078,
				10.995,
				1.222,
				0.995,
				1.367,
				0.995,
				1,
				1.489,
				0.995,
				1.611,
				3.995,
				1.733,
				3.995,
				1,
				1.889,
				3.995,
				2.044,
				2.995,
				2.2,
				2.995,
				1,
				2.356,
				2.995,
				2.511,
				3.35,
				2.667,
				3.35
			]
		},
		{
			"Target": "Parameter",
			"Id": "ParamHandR",
			"Segments": [
				0,
				0,
				0,
				0.167,
				0,
				1,
				0.233,
				0,
				0.3,
				15,
				0.367,
				15,
				1,
				0.467,
				15,
				0.567,
				-12,
				0.667,
				-12,
				1,
				0.778,
				-12,
				0.889,
				12.299,
				1,
				12.299,
				1,
				1.144,
				12.299,
				1.289,
				1.299,
				1.433,
				1.299,
				1,
				1.556,
				1.299,
				1.678,
				5.299,
				1.8,
				5.299,
				1,
				1.956,
				5.299,
				2.111,
				4.299,
				2.267,
				4.299,
				1,
				2.4,
				4.299,
				2.533,
				5.35,
				2.667,
				5.35
			]
		},
		{
			"Target": "Parameter",
			"Id": "ParamArm2L",
			"Segments": [
				0,
				0,
				1,
				0.067,
				0,
				0.133,
				-13,
				0.2,
				-13,
				1,
				0.3,
				-13,
				0.4,
				12,
				0.5,
				12,
				1,
				0.622,
				12,
				0.744,
				-5,
				0.867,
				-5,
				1,
				1.011,
				-5,
				1.156,
				1,
				1.3,
				1,
				1,
				1.422,
				1,
				1.544,
				-1,
				1.667,
				-1,
				1,
				1.822,
				-1,
				1.978,
				0,
				2.133,
				0,
				1,
				2.311,
				0,
				2.489,
				0,
				2.667,
				0
			]
		},
		{
			"Target": "Parameter",
			"Id": "ParamArmL",
			"Segments": [
				0,
				-2.741,
				0,
				0.067,
				-2.741,
				1,
				0.133,
				-2.741,
				0.2,
				-12.71,
				0.267,
				-12.71,
				1,
				0.378,
				-12.71,
				0.489,
				2.628,
				0.6,
				2.628,
				1,
				0.722,
				2.628,
				0.844,
				-2.372,
				0.967,
				-2.372,
				1,
				1.111,
				-2.372,
				1.256,
				0.904,
				1.4,
				1.628,
				1,
				1.522,
				2.241,
				1.644,
				2.21,
				1.767,
				2.628,
				1,
				1.922,
				3.161,
				2.078,
				3.628,
				2.233,
				3.628,
				1,
				2.378,
				3.628,
				2.522,
				3,
				2.667,
				3
			]
		},
		{
			"Target": "Parameter",
			"Id": "ParamHandL",
			"Segments": [
				0,
				0,
				0,
				0.2,
				0,
				1,
				0.267,
				0,
				0.333,
				12,
				0.4,
				12,
				1,
				0.511,
				12,
				0.622,
				-16.721,
				0.733,
				-16.721,
				1,
				0.856,
				-16.721,
				0.978,
				-10.721,
				1.1,
				-10.721,
				1,
				1.244,
				-10.721,
				1.389,
				-13.721,
				1.533,
				-13.721,
				1,
				1.656,
				-13.721,
				1.778,
				-7.721,
				1.9,
				-7.721,
				1,
				2.156,
				-7.721,
				2.411,
				-16.75,
				2.667,
				-16.75
			]
		},
		{
			"Target": "Parameter",
			"Id": "ParamKazariX",
			"Segments": [
				0,
				0,
				1,
				0.056,
				0,
				0.111,
				30,
				0.167,
				30,
				1,
				0.289,
				30,
				0.411,
				-13,
				0.533,
				-13,
				1,
				0.667,
				-13,
				0.8,
				11,
				0.933,
				11,
				1,
				1.122,
				11,
				1.311,
				-4,
				1.5,
				-4,
				1,
				1.678,
				-4,
				1.856,
				2,
				2.033,
				2,
				1,
				2.244,
				2,
				2.456,
				0,
				2.667,
				0
			]
		},
		{
			"Target": "Parameter",
			"Id": "ParamKazariY",
			"Segments": [
				0,
				0,
				1,
				0.056,
				0,
				0.111,
				-5,
				0.167,
				-5,
				1,
				0.289,
				-5,
				0.411,
				16,
				0.533,
				16,
				1,
				0.667,
				16,
				0.8,
				-12,
				0.933,
				-12,
				1,
				1.122,
				-12,
				1.311,
				4,
				1.5,
				4,
				1,
				1.678,
				4,
				1.856,
				-4,
				2.033,
				-4,
				1,
				2.244,
				-4,
				2.456,
				0,
				2.667,
				0
			]
		},
		{
			"Target": "Parameter",
			"Id": "ParamPaiRibonX",
			"Segments": [
				0,
				0,
				1,
				0.056,
				0,
				0.111,
				24,
				0.167,
				24,
				1,
				0.289,
				24,
				0.411,
				-14,
				0.533,
				-14,
				1,
				0.667,
				-14,
				0.8,
				12,
				0.933,
				12,
				1,
				1.122,
				12,
				1.311,
				-6,
				1.5,
				-6,
				1,
				1.678,
				-6,
				1.856,
				2,
				2.033,
				2,
				1,
				2.244,
				2,
				2.456,
				0,
				2.667,
				0
			]
		},
		{
			"Target": "Parameter",
			"Id": "ParamPaiRibonY",
			"Segments": [
				0,
				0,
				1,
				0.056,
				0,
				0.111,
				-0.868,
				0.167,
				-2,
				1,
				0.289,
				-4.49,
				0.411,
				-7.425,
				0.533,
				-9,
				1,
				0.667,
				-10.718,
				0.8,
				-11,
				0.933,
				-11,
				1,
				1.122,
				-11,
				1.311,
				0,
				1.5,
				0,
				1,
				1.678,
				0,
				1.856,
				-5,
				2.033,
				-5,
				1,
				2.244,
				-5,
				2.456,
				0,
				2.667,
				0
			]
		},
		{
			"Target": "Parameter",
			"Id": "ParamPaiHiraX",
			"Segments": [
				0,
				0,
				1,
				0.056,
				0,
				0.111,
				29,
				0.167,
				29,
				1,
				0.289,
				29,
				0.411,
				-11,
				0.533,
				-11,
				1,
				0.667,
				-11,
				0.8,
				9,
				0.933,
				9,
				1,
				1.122,
				9,
				1.311,
				-6,
				1.5,
				-6,
				1,
				1.678,
				-6,
				1.856,
				2,
				2.033,
				2,
				1,
				2.244,
				2,
				2.456,
				0,
				2.667,
				0
			]
		},
		{
			"Target": "Parameter",
			"Id": "ParamPaiHiraY",
			"Segments": [
				0,
				0,
				1,
				0.056,
				0,
				0.111,
				0,
				0.167,
				0,
				1,
				0.289,
				0,
				0.411,
				29,
				0.533,
				29,
				1,
				0.667,
				29,
				0.8,
				-19,
				0.933,
				-19,
				1,
				1.122,
				-19,
				1.311,
				5,
				1.5,
				5,
				1,
				1.678,
				5,
				1.856,
				-2,
				2.033,
				-2,
				1,
				2.244,
				-2,
				2.456,
				0,
				2.667,
				0
			]
		},
		{
			"Target": "Parameter",
			"Id": "ParamHiraX",
			"Segments": [
				0,
				0,
				1,
				0.056,
				0,
				0.111,
				30,
				0.167,
				30,
				1,
				0.289,
				30,
				0.411,
				-11,
				0.533,
				-11,
				1,
				0.667,
				-11,
				0.8,
				8,
				0.933,
				8,
				1,
				1.122,
				8,
				1.311,
				-5,
				1.5,
				-5,
				1,
				1.678,
				-5,
				1.856,
				2,
				2.033,
				2,
				1,
				2.244,
				2,
				2.456,
				0,
				2.667,
				0
			]
		},
		{
			"Target": "Parameter",
			"Id": "ParamHiraY",
			"Segments": [
				0,
				0,
				1,
				0.056,
				0,
				0.111,
				0,
				0.167,
				0,
				1,
				0.289,
				0,
				0.411,
				29,
				0.533,
				29,
				1,
				0.667,
				29,
				0.8,
				-10,
				0.933,
				-10,
				1,
				1.122,
				-10,
				1.311,
				5,
				1.5,
				5,
				1,
				1.678,
				5,
				1.856,
				-5,
				2.033,
				-5,
				1,
				2.244,
				-5,
				2.456,
				0,
				2.667,
				0
			]
		},
		{
			"Target": "Parameter",
			"Id": "ParamAngleX",
			"Segments": [
				0,
				0,
				1,
				0.089,
				0,
				0.178,
				-7.94,
				0.267,
				-7.94,
				1,
				0.356,
				-7.94,
				0.444,
				2.06,
				0.533,
				2.06,
				1,
				0.678,
				2.06,
				0.822,
				-4.94,
				0.967,
				-4.94,
				1,
				1.178,
				-4.94,
				1.389,
				4.06,
				1.6,
				4.06,
				1,
				1.778,
				4.06,
				1.956,
				-1.733,
				2.133,
				-2.94,
				1,
				2.311,
				-4.148,
				2.489,
				-4,
				2.667,
				-4
			]
		},
		{
			"Target": "Parameter",
			"Id": "ParamAngleY",
			"Segments": [
				0,
				0,
				1,
				0.089,
				0,
				0.178,
				-10,
				0.267,
				-10,
				1,
				0.356,
				-10,
				0.444,
				12,
				0.533,
				12,
				1,
				0.678,
				12,
				0.822,
				-8,
				0.967,
				-8,
				1,
				1.178,
				-8,
				1.389,
				4,
				1.6,
				4,
				1,
				1.778,
				4,
				1.956,
				-2,
				2.133,
				-2,
				1,
				2.311,
				-2,
				2.489,
				0,
				2.667,
				0
			]
		},
		{
			"Target": "Parameter",
			"Id": "ParamAngleZ",
			"Segments": [
				0,
				0,
				1,
				0.078,
				0,
				0.156,
				-8,
				0.233,
				-8,
				1,
				0.322,
				-8,
				0.411,
				4,
				0.5,
				4,
				1,
				0.644,
				4,
				0.789,
				-4,
				0.933,
				-4,
				1,
				1.144,
				-4,
				1.356,
				2,
				1.567,
				2,
				1,
				1.744,
				2,
				1.922,
				-1,
				2.1,
				-1,
				1,
				2.289,
				-1,
				2.478,
				0,
				2.667,
				0
			]
		},
		{
			"Target": "Parameter",
			"Id": "ParamEyeLOpen",
			"Segments": [
				0,
				1,
				1,
				0.056,
				1,
				0.111,
				0,
				0.167,
				0,
				1,
				0.256,
				0,
				0.344,
				0.9,
				0.433,
				0.9,
				1,
				0.622,
				0.9,
				0.811,
				0.85,
				1,
				0.85,
				1,
				1.178,
				0.85,
				1.356,
				0.9,
				1.533,
				0.9,
				1,
				1.7,
				0.9,
				1.867,
				0.9,
				2.033,
				0.9,
				1,
				2.244,
				0.9,
				2.456,
				1,
				2.667,
				1
			]
		},
		{
			"Target": "Parameter",
			"Id": "ParamEyeLSmile",
			"Segments": [
				0,
				0,
				0,
				2.667,
				0
			]
		},
		{
			"Target": "Parameter",
			"Id": "ParamEyeROpen",
			"Segments": [
				0,
				1,
				1,
				0.056,
				1,
				0.111,
				0,
				0.167,
				0,
				1,
				0.256,
				0,
				0.344,
				0.9,
				0.433,
				0.9,
				1,
				0.622,
				0.9,
				0.811,
				0.85,
				1,
				0.85,
				1,
				1.178,
				0.85,
				1.356,
				0.9,
				1.533,
				0.9,
				1,
				1.7,
				0.9,
				1.867,
				0.9,
				2.033,
				0.9,
				1,
				2.244,
				0.9,
				2.456,
				1,
				2.667,
				1
			]
		},
		{
			"Target": "Parameter",
			"Id": "ParamEyeRSmile",
			"Segments": [
				0,
				0,
				0,
				2.667,
				0
			]
		},
		{
			"Target": "Parameter",
			"Id": "ParamEyeBallX",
			"Segments": [
				0,
				0,
				0,
				2.667,
				0
			]
		},
		{
			"Target": "Parameter",
			"Id": "ParamEyeBallY",
			"Segments": [
				0,
				0,
				0,
				2.667,
				0
			]
		},
		{
			"Target": "Parameter",
			"Id": "ParamBrowY",
			"Segments": [
				0,
				0,
				0,
				2.667,
				0
			]
		},
		{
			"Target": "Parameter",
			"Id": "ParamBrowAngle",
			"Segments": [
				0,
				0,
				1,
				0.056,
				0,
				0.111,
				0,
				0.167,
				0,
				1,
				0.311,
				0,
				0.456,
				0.6,
				0.6,
				0.6,
				1,
				0.8,
				0.6,
				1,
				0,
				1.2,
				0,
				0,
				2.667,
				0
			]
		},
		{
			"Target": "Parameter",
			"Id": "ParamBrowForm",
			"Segments": [
				0,
				0,
				1,
				0.056,
				0,
				0.111,
				0,
				0.167,
				0,
				1,
				0.311,
				0,
				0.456,
				-0.6,
				0.6,
				-0.6,
				1,
				0.8,
				-0.6,
				1,
				0,
				1.2,
				0,
				0,
				2.667,
				0
			]
		},
		{
			"Target": "Parameter",
			"Id": "ParamMouthForm",
			"Segments": [
				0,
				0,
				1,
				0.056,
				0,
				0.111,
				0,
				0.167,
				0,
				1,
				0.256,
				0,
				0.344,
				1,
				0.433,
				1,
				1,
				0.6,
				1,
				0.767,
				0,
				0.933,
				0,
				1,
				1.156,
				0,
				1.378,
				0.6,
				1.6,
				0.6,
				1,
				1.811,
				0.6,
				2.022,
				-0.1,
				2.233,
				-0.1,
				1,
				2.378,
				-0.1,
				2.522,
				0,
				2.667,
				0
			]
		},
		{
			"Target": "Parameter",
			"Id": "ParamMouthOpenY",
			"Segments": [
				0,
				0,
				1,
				0.056,
				0,
				0.111,
				0,
				0.167,
				0,
				1,
				0.256,
				0,
				0.344,
				1,
				0.433,
				1,
				1,
				0.6,
				1,
				0.767,
				0,
				0.933,
				0,
				0,
				2.667,
				0
			]
		},
		{
			"Target": "Parameter",
			"Id": "ParamCheek",
			"Segments": [
				0,
				0,
				1,
				0.078,
				0,
				0.156,
				1,
				0.233,
				1,
				1,
				1.044,
				1,
				1.856,
				0,
				2.667,
				0
			]
		},
		{
			"Target": "Parameter",
			"Id": "ParamBodyAngleX",
			"Segments": [
				0,
				0,
				1,
				0.056,
				0,
				0.111,
				-10,
				0.167,
				-10,
				1,
				0.256,
				-10,
				0.344,
				7,
				0.433,
				7,
				1,
				0.578,
				7,
				0.722,
				-5,
				0.867,
				-5,
				1,
				1.078,
				-5,
				1.289,
				1,
				1.5,
				1,
				1,
				1.678,
				1,
				1.856,
				-1,
				2.033,
				-1,
				1,
				2.244,
				-1,
				2.456,
				0,
				2.667,
				0
			]
		},
		{
			"Target": "Parameter",
			"Id": "ParamBodyAngleY",
			"Segments": [
				0,
				0,
				1,
				0.056,
				0,
				0.111,
				-1,
				0.167,
				-1,
				1,
				0.256,
				-1,
				0.344,
				4,
				0.433,
				4,
				1,
				0.578,
				4,
				0.722,
				-1,
				0.867,
				-1,
				1,
				1.078,
				-1,
				1.289,
				1,
				1.5,
				1,
				1,
				1.678,
				1,
				1.856,
				-0.2,
				2.033,
				-0.2,
				1,
				2.244,
				-0.2,
				2.456,
				0,
				2.667,
				0
			]
		},
		{
			"Target": "Parameter",
			"Id": "ParamBodyAngleZ",
			"Segments": [
				0,
				0,
				1,
				0.056,
				0,
				0.111,
				-2,
				0.167,
				-2,
				1,
				0.256,
				-2,
				0.344,
				2,
				0.433,
				2,
				1,
				0.578,
				2,
				0.722,
				1.523,
				0.867,
				1,
				1,
				1.078,
				0.235,
				1.289,
				0,
				1.5,
				0,
				1,
				1.678,
				0,
				1.856,
				0,
				2.033,
				0,
				1,
				2.244,
				0,
				2.456,
				0,
				2.667,
				0
			]
		},
		{
			"Target": "Parameter",
			"Id": "ParamBreat",
			"Segments": [
				0,
				0,
				1,
				0.056,
				0,
				0.111,
				0,
				0.167,
				0,
				1,
				0.278,
				0,
				0.389,
				1,
				0.5,
				1,
				1,
				0.633,
				1,
				0.767,
				0,
				0.9,
				0,
				1,
				1.156,
				0,
				1.411,
				0.635,
				1.667,
				0.635,
				1,
				2,
				0.635,
				2.333,
				0.5,
				2.667,
				0.5
			]
		},
		{
			"Target": "Parameter",
			"Id": "ParamHairFront",
			"Segments": [
				0,
				0,
				1,
				0.056,
				0,
				0.111,
				0.5,
				0.167,
				0.5,
				1,
				0.256,
				0.5,
				0.344,
				-0.4,
				0.433,
				-0.4,
				1,
				0.578,
				-0.4,
				0.722,
				0.5,
				0.867,
				0.5,
				1,
				1.078,
				0.5,
				1.289,
				-0.2,
				1.5,
				-0.2,
				1,
				1.678,
				-0.2,
				1.856,
				0.1,
				2.033,
				0.1,
				1,
				2.244,
				0.1,
				2.456,
				0,
				2.667,
				0
			]
		},
		{
			"Target": "Parameter",
			"Id": "ParamHairSide",
			"Segments": [
				0,
				0,
				1,
				0.056,
				0,
				0.111,
				0.5,
				0.167,
				0.5,
				1,
				0.256,
				0.5,
				0.344,
				-0.4,
				0.433,
				-0.4,
				1,
				0.578,
				-0.4,
				0.722,
				0.4,
				0.867,
				0.4,
				1,
				1.078,
				0.4,
				1.289,
				-0.2,
				1.5,
				-0.2,
				1,
				1.678,
				-0.2,
				1.856,
				0.1,
				2.033,
				0.1,
				1,
				2.244,
				0.1,
				2.456,
				0,
				2.667,
				0
			]
		},
		{
			"Target": "Parameter",
			"Id": "ParamHairBack",
			"Segments": [
				0,
				0,
				1,
				0.889,
				0,
				1.778,
				0,
				2.667,
				0
			]
		},
		{
			"Target": "Parameter",
			"Id": "ParamHairW",
			"Segments": [
				0,
				0,
				1,
				0.056,
				0,
				0.111,
				0.6,
				0.167,
				0.6,
				1,
				0.267,
				0.6,
				0.367,
				-0.4,
				0.467,
				-0.4,
				1,
				0.622,
				-0.4,
				0.778,
				0.4,
				0.933,
				0.4,
				1,
				1.122,
				0.4,
				1.311,
				0.26,
				1.5,
				0.1,
				1,
				1.689,
				-0.06,
				1.878,
				-0.1,
				2.067,
				-0.1,
				1,
				2.267,
				-0.1,
				2.467,
				0,
				2.667,
				0
			]
		},
		{
			"Target": "Parameter",
			"Id": "ParamItiX",
			"Segments": [
				0,
				0,
				1,
				0.056,
				0,
				0.111,
				-2,
				0.167,
				-2,
				1,
				0.256,
				-2,
				0.344,
				2,
				0.433,
				2,
				1,
				0.578,
				2,
				0.722,
				0,
				0.867,
				0,
				1,
				1.078,
				0,
				1.289,
				0,
				1.5,
				0,
				0,
				2.667,
				0
			]
		},
		{
			"Target": "Parameter",
			"Id": "ParamItiY",
			"Segments": [
				0,
				0,
				1,
				0.056,
				0,
				0.111,
				-11,
				0.167,
				-11,
				1,
				0.256,
				-11,
				0.344,
				6,
				0.433,
				6,
				1,
				0.578,
				6,
				0.722,
				-1,
				0.867,
				-1,
				1,
				1.078,
				-1,
				1.289,
				0,
				1.5,
				0,
				0,
				2.667,
				0
			]
		},
		{
			"Target": "Parameter",
			"Id": "Param_Angle_Rotation17",
			"Segments": [
				0,
				0,
				1,
				0.067,
				0,
				0.133,
				-6,
				0.2,
				-6,
				1,
				0.289,
				-6,
				0.378,
				4,
				0.467,
				4,
				1,
				0.622,
				4,
				0.778,
				1.813,
				0.933,
				1,
				1,
				1.122,
				0.013,
				1.311,
				0,
				1.5,
				0,
				1,
				1.778,
				0,
				2.056,
				0,
				2.333,
				0,
				0,
				2.667,
				0
			]
		},
		{
			"Target": "Parameter",
			"Id": "Param_Angle_Rotation18",
			"Segments": [
				0,
				0,
				0,
				0.067,
				0,
				1,
				0.133,
				0,
				0.2,
				-7.806,
				0.267,
				-7.806,
				1,
				0.356,
				-7.806,
				0.444,
				3.194,
				0.533,
				3.194,
				1,
				0.689,
				3.194,
				0.844,
				-3.806,
				1,
				-3.806,
				1,
				1.189,
				-3.806,
				1.378,
				-0.806,
				1.567,
				-0.806,
				1,
				1.733,
				-0.806,
				1.9,
				-2.806,
				2.067,
				-2.806,
				1,
				2.178,
				-2.806,
				2.289,
				-2.55,
				2.4,
				-2.55,
				0,
				2.667,
				-2.55
			]
		},
		{
			"Target": "Parameter",
			"Id": "Param_Angle_Rotation19",
			"Segments": [
				0,
				0,
				0,
				0.133,
				0,
				1,
				0.2,
				0,
				0.267,
				-11.716,
				0.333,
				-11.716,
				1,
				0.422,
				-11.716,
				0.511,
				0.284,
				0.6,
				0.284,
				1,
				0.756,
				0.284,
				0.911,
				-6.716,
				1.067,
				-6.716,
				1,
				1.256,
				-6.716,
				1.444,
				-2.716,
				1.633,
				-2.716,
				1,
				1.8,
				-2.716,
				1.967,
				-5.716,
				2.133,
				-5.716,
				1,
				2.244,
				-5.716,
				2.356,
				-5.47,
				2.467,
				-5.47,
				0,
				2.667,
				-5.47
			]
		},
		{
			"Target": "Parameter",
			"Id": "Param_Angle_Rotation20",
			"Segments": [
				0,
				0,
				0,
				0.2,
				0,
				1,
				0.267,
				0,
				0.333,
				-22.278,
				0.4,
				-22.278,
				1,
				0.489,
				-22.278,
				0.578,
				-10.278,
				0.667,
				-10.278,
				1,
				0.822,
				-10.278,
				0.978,
				-17.278,
				1.133,
				-17.278,
				1,
				1.322,
				-17.278,
				1.511,
				-12.278,
				1.7,
				-12.278,
				1,
				1.867,
				-12.278,
				2.033,
				-16.278,
				2.2,
				-16.278,
				1,
				2.311,
				-16.278,
				2.422,
				-15.82,
				2.533,
				-15.82,
				0,
				2.667,
				-15.82
			]
		},
		{
			"Target": "Parameter",
			"Id": "Param_Angle_Rotation22",
			"Segments": [
				0,
				0,
				1,
				0.067,
				0,
				0.133,
				-5,
				0.2,
				-5,
				1,
				0.289,
				-5,
				0.378,
				6,
				0.467,
				6,
				1,
				0.622,
				6,
				0.778,
				-1,
				0.933,
				-1,
				1,
				1.144,
				-1,
				1.356,
				0.356,
				1.567,
				0.356,
				1,
				1.822,
				0.356,
				2.078,
				0,
				2.333,
				0,
				0,
				2.667,
				0
			]
		},
		{
			"Target": "Parameter",
			"Id": "Param_Angle_Rotation23",
			"Segments": [
				0,
				0,
				0,
				0.067,
				0,
				1,
				0.144,
				0,
				0.222,
				-7.851,
				0.3,
				-7.851,
				1,
				0.389,
				-7.851,
				0.478,
				4.149,
				0.567,
				4.149,
				1,
				0.722,
				4.149,
				0.878,
				-5.851,
				1.033,
				-5.851,
				1,
				1.222,
				-5.851,
				1.411,
				0.149,
				1.6,
				0.149,
				1,
				1.767,
				0.149,
				1.933,
				-2.851,
				2.1,
				-2.851,
				1,
				2.2,
				-2.851,
				2.3,
				-2.55,
				2.4,
				-2.55,
				0,
				2.667,
				-2.55
			]
		},
		{
			"Target": "Parameter",
			"Id": "Param_Angle_Rotation24",
			"Segments": [
				0,
				0,
				0,
				0.133,
				0,
				1,
				0.189,
				0,
				0.244,
				-11.095,
				0.3,
				-11.095,
				1,
				0.389,
				-11.095,
				0.478,
				-0.095,
				0.567,
				-0.095,
				1,
				0.722,
				-0.095,
				0.878,
				-10.095,
				1.033,
				-10.095,
				1,
				1.222,
				-10.095,
				1.411,
				-3.095,
				1.6,
				-3.095,
				1,
				1.767,
				-3.095,
				1.933,
				-7.095,
				2.1,
				-7.095,
				1,
				2.222,
				-7.095,
				2.344,
				-6.84,
				2.467,
				-6.84,
				0,
				2.667,
				-6.84
			]
		},
		{
			"Target": "Parameter",
			"Id": "Param_Angle_Rotation25",
			"Segments": [
				0,
				0,
				0,
				0.2,
				0,
				1,
				0.278,
				0,
				0.356,
				-14.94,
				0.433,
				-14.94,
				1,
				0.522,
				-14.94,
				0.611,
				-2.94,
				0.7,
				-2.94,
				1,
				0.856,
				-2.94,
				1.011,
				-11.94,
				1.167,
				-11.94,
				1,
				1.356,
				-11.94,
				1.544,
				-4.94,
				1.733,
				-4.94,
				1,
				1.9,
				-4.94,
				2.067,
				-9.94,
				2.233,
				-9.94,
				1,
				2.333,
				-9.94,
				2.433,
				-9.89,
				2.533,
				-9.89,
				0,
				2.667,
				-9.89
			]
		},
		{
			"Target": "Parameter",
			"Id": "Param_Angle_Rotation27",
			"Segments": [
				0,
				0,
				1,
				0.067,
				0,
				0.133,
				-7,
				0.2,
				-7,
				1,
				0.289,
				-7,
				0.378,
				6,
				0.467,
				6,
				1,
				0.622,
				6,
				0.778,
				-1,
				0.933,
				-1,
				1,
				1.122,
				-1,
				1.311,
				-0.459,
				1.5,
				0,
				1,
				1.656,
				0.378,
				1.811,
				0.411,
				1.967,
				0.411,
				1,
				2.089,
				0.411,
				2.211,
				0,
				2.333,
				0,
				0,
				2.667,
				0
			]
		},
		{
			"Target": "Parameter",
			"Id": "Param_Angle_Rotation28",
			"Segments": [
				0,
				0,
				0,
				0.067,
				0,
				1,
				0.133,
				0,
				0.2,
				-7.254,
				0.267,
				-7.254,
				1,
				0.356,
				-7.254,
				0.444,
				4.746,
				0.533,
				4.746,
				1,
				0.689,
				4.746,
				0.844,
				-3.254,
				1,
				-3.254,
				1,
				1.189,
				-3.254,
				1.378,
				-0.254,
				1.567,
				-0.254,
				1,
				1.733,
				-0.254,
				1.9,
				-2.254,
				2.067,
				-2.254,
				1,
				2.178,
				-2.254,
				2.289,
				-1.855,
				2.4,
				-1.855,
				0,
				2.667,
				-1.855
			]
		},
		{
			"Target": "Parameter",
			"Id": "Param_Angle_Rotation29",
			"Segments": [
				0,
				0,
				0,
				0.133,
				0,
				1,
				0.2,
				0,
				0.267,
				-10.396,
				0.333,
				-10.396,
				1,
				0.422,
				-10.396,
				0.511,
				2.604,
				0.6,
				2.604,
				1,
				0.756,
				2.604,
				0.911,
				-5.396,
				1.067,
				-5.396,
				1,
				1.256,
				-5.396,
				1.444,
				-2.396,
				1.633,
				-2.396,
				1,
				1.8,
				-2.396,
				1.967,
				-4.396,
				2.133,
				-4.396,
				1,
				2.244,
				-4.396,
				2.356,
				-4.1,
				2.467,
				-4.1,
				0,
				2.667,
				-4.1
			]
		},
		{
			"Target": "Parameter",
			"Id": "Param_Angle_Rotation30",
			"Segments": [
				0,
				0,
				0,
				0.2,
				0,
				1,
				0.267,
				0,
				0.333,
				-12.157,
				0.4,
				-12.157,
				1,
				0.489,
				-12.157,
				0.578,
				-0.157,
				0.667,
				-0.157,
				1,
				0.822,
				-0.157,
				0.978,
				-10.157,
				1.133,
				-10.157,
				1,
				1.322,
				-10.157,
				1.511,
				-5.157,
				1.7,
				-5.157,
				1,
				1.867,
				-5.157,
				2.033,
				-8.157,
				2.2,
				-8.157,
				1,
				2.311,
				-8.157,
				2.422,
				-7.91,
				2.533,
				-7.91,
				0,
				2.667,
				-7.91
			]
		},
		{
			"Target": "Parameter",
			"Id": "Param_Angle_Rotation32",
			"Segments": [
				0,
				0,
				1,
				0.067,
				0,
				0.133,
				-8,
				0.2,
				-8,
				1,
				0.289,
				-8,
				0.378,
				8,
				0.467,
				8,
				1,
				0.622,
				8,
				0.778,
				-2,
				0.933,
				-2,
				1,
				1.122,
				-2,
				1.311,
				-0.981,
				1.5,
				0,
				1,
				1.667,
				0.865,
				1.833,
				1,
				2,
				1,
				1,
				2.111,
				1,
				2.222,
				0,
				2.333,
				0,
				0,
				2.667,
				0
			]
		},
		{
			"Target": "Parameter",
			"Id": "Param_Angle_Rotation33",
			"Segments": [
				0,
				0,
				0,
				0.067,
				0,
				1,
				0.122,
				0,
				0.178,
				-8.261,
				0.233,
				-8.261,
				1,
				0.322,
				-8.261,
				0.411,
				4.739,
				0.5,
				4.739,
				1,
				0.656,
				4.739,
				0.811,
				-3.261,
				0.967,
				-3.261,
				1,
				1.156,
				-3.261,
				1.344,
				0.739,
				1.533,
				0.739,
				1,
				1.7,
				0.739,
				1.867,
				-2.261,
				2.033,
				-2.261,
				1,
				2.156,
				-2.261,
				2.278,
				-1.86,
				2.4,
				-1.86,
				0,
				2.667,
				-1.86
			]
		},
		{
			"Target": "Parameter",
			"Id": "Param_Angle_Rotation34",
			"Segments": [
				0,
				0,
				0,
				0.133,
				0,
				1,
				0.2,
				0,
				0.267,
				-12.841,
				0.333,
				-12.841,
				1,
				0.422,
				-12.841,
				0.511,
				1.159,
				0.6,
				1.159,
				1,
				0.756,
				1.159,
				0.911,
				-6.841,
				1.067,
				-6.841,
				1,
				1.256,
				-6.841,
				1.444,
				-2.841,
				1.633,
				-2.841,
				1,
				1.8,
				-2.841,
				1.967,
				-5.841,
				2.133,
				-5.841,
				1,
				2.244,
				-5.841,
				2.356,
				-5.47,
				2.467,
				-5.47,
				0,
				2.667,
				-5.47
			]
		},
		{
			"Target": "Parameter",
			"Id": "Param_Angle_Rotation35",
			"Segments": [
				0,
				0,
				0,
				0.2,
				0,
				1,
				0.267,
				0,
				0.333,
				-15.221,
				0.4,
				-15.221,
				1,
				0.489,
				-15.221,
				0.578,
				-1.221,
				0.667,
				-1.221,
				1,
				0.822,
				-1.221,
				0.978,
				-9.221,
				1.133,
				-9.221,
				1,
				1.322,
				-9.221,
				1.511,
				-5.221,
				1.7,
				-5.221,
				1,
				1.867,
				-5.221,
				2.033,
				-8.221,
				2.2,
				-8.221,
				1,
				2.311,
				-8.221,
				2.422,
				-7.91,
				2.533,
				-7.91,
				0,
				2.667,
				-7.91
			]
		},
		{
			"Target": "Parameter",
			"Id": "Param_Angle_Rotation37",
			"Segments": [
				0,
				0,
				1,
				0.067,
				0,
				0.133,
				-7,
				0.2,
				-7,
				1,
				0.289,
				-7,
				0.378,
				7,
				0.467,
				7,
				1,
				0.622,
				7,
				0.778,
				-1,
				0.933,
				-1,
				1,
				1.133,
				-1,
				1.333,
				0.383,
				1.533,
				0.383,
				1,
				1.678,
				0.383,
				1.822,
				-0.443,
				1.967,
				-0.443,
				1,
				2.089,
				-0.443,
				2.211,
				0,
				2.333,
				0,
				0,
				2.667,
				0
			]
		},
		{
			"Target": "Parameter",
			"Id": "Param_Angle_Rotation38",
			"Segments": [
				0,
				0,
				0,
				0.067,
				0,
				1,
				0.144,
				0,
				0.222,
				-7.716,
				0.3,
				-7.716,
				1,
				0.389,
				-7.716,
				0.478,
				4.284,
				0.567,
				4.284,
				1,
				0.722,
				4.284,
				0.878,
				-3.716,
				1.033,
				-3.716,
				1,
				1.222,
				-3.716,
				1.411,
				1.284,
				1.6,
				1.284,
				1,
				1.767,
				1.284,
				1.933,
				-1.716,
				2.1,
				-1.716,
				1,
				2.2,
				-1.716,
				2.3,
				-1.39,
				2.4,
				-1.39,
				0,
				2.667,
				-1.39
			]
		},
		{
			"Target": "Parameter",
			"Id": "Param_Angle_Rotation39",
			"Segments": [
				0,
				0,
				0,
				0.133,
				0,
				1,
				0.2,
				0,
				0.267,
				-10.403,
				0.333,
				-10.403,
				1,
				0.422,
				-10.403,
				0.511,
				1.597,
				0.6,
				1.597,
				1,
				0.756,
				1.597,
				0.911,
				-7.403,
				1.067,
				-7.403,
				1,
				1.256,
				-7.403,
				1.444,
				-1.403,
				1.633,
				-1.403,
				1,
				1.8,
				-1.403,
				1.967,
				-4.403,
				2.133,
				-4.403,
				1,
				2.244,
				-4.403,
				2.356,
				-4.102,
				2.467,
				-4.102,
				0,
				2.667,
				-4.102
			]
		},
		{
			"Target": "Parameter",
			"Id": "Param_Angle_Rotation40",
			"Segments": [
				0,
				0,
				0,
				0.2,
				0,
				1,
				0.267,
				0,
				0.333,
				-12.317,
				0.4,
				-12.317,
				1,
				0.489,
				-12.317,
				0.578,
				-0.317,
				0.667,
				-0.317,
				1,
				0.822,
				-0.317,
				0.978,
				-9.317,
				1.133,
				-9.317,
				1,
				1.322,
				-9.317,
				1.511,
				-1.317,
				1.7,
				-1.317,
				1,
				1.867,
				-1.317,
				2.033,
				-6.317,
				2.2,
				-6.317,
				1,
				2.311,
				-6.317,
				2.422,
				-5.93,
				2.533,
				-5.93,
				0,
				2.667,
				-5.93
			]
		},
		{
			"Target": "Parameter",
			"Id": "Param_Angle_Rotation42",
			"Segments": [
				0,
				0,
				1,
				0.067,
				0,
				0.133,
				-8,
				0.2,
				-8,
				1,
				0.289,
				-8,
				0.378,
				6,
				0.467,
				6,
				1,
				0.622,
				6,
				0.778,
				-1,
				0.933,
				-1,
				1,
				1.144,
				-1,
				1.356,
				0.488,
				1.567,
				0.488,
				1,
				1.822,
				0.488,
				2.078,
				0,
				2.333,
				0,
				0,
				2.667,
				0
			]
		},
		{
			"Target": "Parameter",
			"Id": "Param_Angle_Rotation43",
			"Segments": [
				0,
				0,
				0,
				0.067,
				0,
				1,
				0.133,
				0,
				0.2,
				-7.841,
				0.267,
				-7.841,
				1,
				0.356,
				-7.841,
				0.444,
				5.159,
				0.533,
				5.159,
				1,
				0.689,
				5.159,
				0.844,
				-4.841,
				1,
				-4.841,
				1,
				1.189,
				-4.841,
				1.378,
				1.159,
				1.567,
				1.159,
				1,
				1.733,
				1.159,
				1.9,
				-1.841,
				2.067,
				-1.841,
				1,
				2.178,
				-1.841,
				2.289,
				-1.39,
				2.4,
				-1.39,
				0,
				2.667,
				-1.39
			]
		},
		{
			"Target": "Parameter",
			"Id": "Param_Angle_Rotation44",
			"Segments": [
				0,
				0,
				0,
				0.133,
				0,
				1,
				0.2,
				0,
				0.267,
				-12.286,
				0.333,
				-12.286,
				1,
				0.422,
				-12.286,
				0.511,
				-0.286,
				0.6,
				-0.286,
				1,
				0.756,
				-0.286,
				0.911,
				-9.286,
				1.067,
				-9.286,
				1,
				1.256,
				-9.286,
				1.444,
				-1.286,
				1.633,
				-1.286,
				1,
				1.8,
				-1.286,
				1.967,
				-6.286,
				2.133,
				-6.286,
				1,
				2.244,
				-6.286,
				2.356,
				-6.15,
				2.467,
				-6.15,
				0,
				2.667,
				-6.15
			]
		},
		{
			"Target": "Parameter",
			"Id": "Param_Angle_Rotation45",
			"Segments": [
				0,
				0,
				0,
				0.2,
				0,
				1,
				0.267,
				0,
				0.333,
				-15.181,
				0.4,
				-15.181,
				1,
				0.489,
				-15.181,
				0.578,
				-1.181,
				0.667,
				-1.181,
				1,
				0.822,
				-1.181,
				0.978,
				-10.181,
				1.133,
				-10.181,
				1,
				1.322,
				-10.181,
				1.511,
				-5.181,
				1.7,
				-5.181,
				1,
				1.867,
				-5.181,
				2.033,
				-8.181,
				2.2,
				-8.181,
				1,
				2.311,
				-8.181,
				2.422,
				-7.91,
				2.533,
				-7.91,
				0,
				2.667,
				-7.91
			]
		},
		{
			"Target": "Parameter",
			"Id": "Param_Angle_Rotation47",
			"Segments": [
				0,
				0,
				1,
				0.067,
				0,
				0.133,
				-9,
				0.2,
				-9,
				1,
				0.289,
				-9,
				0.378,
				2,
				0.467,
				2,
				1,
				0.622,
				2,
				0.778,
				-1,
				0.933,
				-1,
				1,
				1.122,
				-1,
				1.311,
				1,
				1.5,
				1,
				1,
				1.667,
				1,
				1.833,
				-0.301,
				2,
				-0.301,
				1,
				2.111,
				-0.301,
				2.222,
				0,
				2.333,
				0,
				0,
				2.667,
				0
			]
		},
		{
			"Target": "Parameter",
			"Id": "Param_Angle_Rotation48",
			"Segments": [
				0,
				0,
				0,
				0.067,
				0,
				1,
				0.133,
				0,
				0.2,
				-9.383,
				0.267,
				-9.383,
				1,
				0.356,
				-9.383,
				0.444,
				4.617,
				0.533,
				4.617,
				1,
				0.689,
				4.617,
				0.844,
				-2.383,
				1,
				-2.383,
				1,
				1.189,
				-2.383,
				1.378,
				1.617,
				1.567,
				1.617,
				1,
				1.733,
				1.617,
				1.9,
				-1.383,
				2.067,
				-1.383,
				1,
				2.178,
				-1.383,
				2.289,
				-1.16,
				2.4,
				-1.16,
				0,
				2.667,
				-1.16
			]
		},
		{
			"Target": "Parameter",
			"Id": "Param_Angle_Rotation49",
			"Segments": [
				0,
				0,
				0,
				0.133,
				0,
				1,
				0.2,
				0,
				0.267,
				-8.657,
				0.333,
				-8.657,
				1,
				0.422,
				-8.657,
				0.511,
				3.343,
				0.6,
				3.343,
				1,
				0.756,
				3.343,
				0.911,
				-6.657,
				1.067,
				-6.657,
				1,
				1.256,
				-6.657,
				1.444,
				0.343,
				1.633,
				0.343,
				1,
				1.8,
				0.343,
				1.967,
				-3.657,
				2.133,
				-3.657,
				1,
				2.244,
				-3.657,
				2.356,
				-3.42,
				2.467,
				-3.42,
				0,
				2.667,
				-3.42
			]
		},
		{
			"Target": "Parameter",
			"Id": "Param_Angle_Rotation50",
			"Segments": [
				0,
				-6.282,
				0,
				0.2,
				-6.282,
				1,
				0.267,
				-6.282,
				0.333,
				-12.282,
				0.4,
				-12.282,
				1,
				0.489,
				-12.282,
				0.578,
				-0.282,
				0.667,
				-0.282,
				1,
				0.822,
				-0.282,
				0.978,
				-10.282,
				1.133,
				-10.282,
				1,
				1.322,
				-10.282,
				1.511,
				-3.282,
				1.7,
				-3.282,
				1,
				1.867,
				-3.282,
				2.033,
				-7.282,
				2.2,
				-7.282,
				1,
				2.311,
				-7.282,
				2.422,
				-6.92,
				2.533,
				-6.92,
				0,
				2.667,
				-6.92
			]
		},
		{
			"Target": "Parameter",
			"Id": "Param_Angle_Rotation52",
			"Segments": [
				0,
				0,
				1,
				0.067,
				0,
				0.133,
				4,
				0.2,
				4,
				1,
				0.289,
				4,
				0.378,
				3.205,
				0.467,
				2,
				1,
				0.622,
				-0.109,
				0.778,
				-1,
				0.933,
				-1,
				1,
				1.144,
				-1,
				1.356,
				0.124,
				1.567,
				0.124,
				1,
				1.822,
				0.124,
				2.078,
				0,
				2.333,
				0,
				0,
				2.667,
				0
			]
		},
		{
			"Target": "Parameter",
			"Id": "Param_Angle_Rotation53",
			"Segments": [
				0,
				-2,
				0,
				0.067,
				-2,
				1,
				0.133,
				-2,
				0.2,
				6,
				0.267,
				6,
				1,
				0.356,
				6,
				0.444,
				-7,
				0.533,
				-7,
				1,
				0.689,
				-7,
				0.844,
				2,
				1,
				2,
				1,
				1.189,
				2,
				1.378,
				-2,
				1.567,
				-2,
				1,
				1.733,
				-2,
				1.9,
				-1,
				2.067,
				-1,
				1,
				2.178,
				-1,
				2.289,
				-1.16,
				2.4,
				-1.16,
				0,
				2.667,
				-1.16
			]
		},
		{
			"Target": "Parameter",
			"Id": "Param_Angle_Rotation54",
			"Segments": [
				0,
				-4.836,
				0,
				0.133,
				-4.836,
				1,
				0.189,
				-4.836,
				0.244,
				3.164,
				0.3,
				3.164,
				1,
				0.389,
				3.164,
				0.478,
				-8.836,
				0.567,
				-8.836,
				1,
				0.722,
				-8.836,
				0.878,
				0.164,
				1.033,
				0.164,
				1,
				1.222,
				0.164,
				1.411,
				-4.836,
				1.6,
				-4.836,
				1,
				1.767,
				-4.836,
				1.933,
				-3.836,
				2.1,
				-3.836,
				1,
				2.222,
				-3.836,
				2.344,
				-4.1,
				2.467,
				-4.1,
				0,
				2.667,
				-4.1
			]
		},
		{
			"Target": "Parameter",
			"Id": "Param_Angle_Rotation55",
			"Segments": [
				0,
				-6.92,
				0,
				0.167,
				-6.92,
				1,
				0.233,
				-6.92,
				0.3,
				0.612,
				0.367,
				0.612,
				1,
				0.456,
				0.612,
				0.544,
				-11.388,
				0.633,
				-11.388,
				1,
				0.789,
				-11.388,
				0.944,
				-2.388,
				1.1,
				-2.388,
				1,
				1.289,
				-2.388,
				1.478,
				-7.388,
				1.667,
				-7.388,
				1,
				1.833,
				-7.388,
				2,
				-6.388,
				2.167,
				-6.388,
				1,
				2.289,
				-6.388,
				2.411,
				-6.92,
				2.533,
				-6.92,
				0,
				2.667,
				-6.92
			]
		},
		{
			"Target": "Parameter",
			"Id": "Param_Angle_Rotation57",
			"Segments": [
				0,
				0,
				1,
				0.067,
				0,
				0.133,
				2,
				0.2,
				2,
				1,
				0.289,
				2,
				0.378,
				1.905,
				0.467,
				1,
				1,
				0.622,
				-0.584,
				0.778,
				-2,
				0.933,
				-2,
				1,
				1.122,
				-2,
				1.311,
				1,
				1.5,
				1,
				1,
				1.644,
				1,
				1.789,
				-0.149,
				1.933,
				-0.149,
				1,
				2.067,
				-0.149,
				2.2,
				0,
				2.333,
				0,
				0,
				2.667,
				0
			]
		},
		{
			"Target": "Parameter",
			"Id": "Param_Angle_Rotation58",
			"Segments": [
				0,
				-1.655,
				0,
				0.067,
				-1.655,
				1,
				0.133,
				-1.655,
				0.2,
				6.607,
				0.267,
				6.607,
				1,
				0.356,
				6.607,
				0.444,
				-9.393,
				0.533,
				-9.393,
				1,
				0.689,
				-9.393,
				0.844,
				1.607,
				1,
				1.607,
				1,
				1.189,
				1.607,
				1.378,
				-2.393,
				1.567,
				-2.393,
				1,
				1.733,
				-2.393,
				1.9,
				-0.393,
				2.067,
				-0.393,
				1,
				2.178,
				-0.393,
				2.289,
				-1.16,
				2.4,
				-1.16,
				0,
				2.667,
				-1.16
			]
		},
		{
			"Target": "Parameter",
			"Id": "Param_Angle_Rotation59",
			"Segments": [
				0,
				-4.1,
				0,
				0.067,
				-4.1,
				1,
				0.133,
				-4.1,
				0.2,
				2.821,
				0.267,
				2.821,
				1,
				0.356,
				2.821,
				0.444,
				-12.179,
				0.533,
				-12.179,
				1,
				0.689,
				-12.179,
				0.844,
				-1.179,
				1,
				-1.179,
				1,
				1.189,
				-1.179,
				1.378,
				-5.179,
				1.567,
				-5.179,
				1,
				1.733,
				-5.179,
				1.9,
				-3.179,
				2.067,
				-3.179,
				1,
				2.2,
				-3.179,
				2.333,
				-4.1,
				2.467,
				-4.1,
				0,
				2.667,
				-4.1
			]
		},
		{
			"Target": "Parameter",
			"Id": "Param_Angle_Rotation60",
			"Segments": [
				0,
				-5.93,
				0,
				0.133,
				-5.93,
				1,
				0.211,
				-5.93,
				0.289,
				2.07,
				0.367,
				2.07,
				1,
				0.456,
				2.07,
				0.544,
				-13.93,
				0.633,
				-13.93,
				1,
				0.789,
				-13.93,
				0.944,
				-2.93,
				1.1,
				-2.93,
				1,
				1.289,
				-2.93,
				1.478,
				-6.93,
				1.667,
				-6.93,
				1,
				1.833,
				-6.93,
				2,
				-4.93,
				2.167,
				-4.93,
				1,
				2.289,
				-4.93,
				2.411,
				-5.93,
				2.533,
				-5.93,
				0,
				2.667,
				-5.93
			]
		},
		{
			"Target": "Parameter",
			"Id": "Param_Angle_Rotation62",
			"Segments": [
				0,
				0,
				1,
				0.067,
				0,
				0.133,
				2,
				0.2,
				2,
				1,
				0.444,
				2,
				0.689,
				-3,
				0.933,
				-3,
				1,
				1.122,
				-3,
				1.311,
				1,
				1.5,
				1,
				1,
				1.778,
				1,
				2.056,
				0,
				2.333,
				0,
				0,
				2.667,
				0
			]
		},
		{
			"Target": "Parameter",
			"Id": "Param_Angle_Rotation63",
			"Segments": [
				0,
				-2.802,
				1,
				0.067,
				-2.802,
				0.133,
				5.91,
				0.2,
				5.91,
				1,
				0.289,
				5.91,
				0.378,
				-9.09,
				0.467,
				-9.09,
				1,
				0.622,
				-9.09,
				0.778,
				2.91,
				0.933,
				2.91,
				1,
				1.122,
				2.91,
				1.311,
				-4.09,
				1.5,
				-4.09,
				1,
				1.667,
				-4.09,
				1.833,
				-1.09,
				2,
				-1.09,
				1,
				2.111,
				-1.09,
				2.222,
				-1.62,
				2.333,
				-1.62,
				0,
				2.667,
				-1.62
			]
		},
		{
			"Target": "Parameter",
			"Id": "Param_Angle_Rotation64",
			"Segments": [
				0,
				-4.78,
				1,
				0.067,
				-4.78,
				0.133,
				3.448,
				0.2,
				3.448,
				1,
				0.289,
				3.448,
				0.378,
				-11.552,
				0.467,
				-11.552,
				1,
				0.622,
				-11.552,
				0.778,
				0.448,
				0.933,
				0.448,
				1,
				1.122,
				0.448,
				1.311,
				-6.552,
				1.5,
				-6.552,
				1,
				1.667,
				-6.552,
				1.833,
				-3.552,
				2,
				-3.552,
				1,
				2.111,
				-3.552,
				2.222,
				-4.78,
				2.333,
				-4.78,
				0,
				2.667,
				-4.78
			]
		},
		{
			"Target": "Parameter",
			"Id": "Param_Angle_Rotation65",
			"Segments": [
				0,
				-6.92,
				1,
				0.067,
				-6.92,
				0.133,
				1.075,
				0.2,
				1.075,
				1,
				0.289,
				1.075,
				0.378,
				-14.925,
				0.467,
				-14.925,
				1,
				0.622,
				-14.925,
				0.778,
				-0.925,
				0.933,
				-0.925,
				1,
				1.122,
				-0.925,
				1.311,
				-8.925,
				1.5,
				-8.925,
				1,
				1.667,
				-8.925,
				1.833,
				-5.925,
				2,
				-5.925,
				1,
				2.111,
				-5.925,
				2.222,
				-6.92,
				2.333,
				-6.92,
				0,
				2.667,
				-6.92
			]
		},
		{
			"Target": "Parameter",
			"Id": "Param_Angle_Rotation67",
			"Segments": [
				0,
				0,
				1,
				0.067,
				0,
				0.133,
				2,
				0.2,
				2,
				1,
				0.289,
				2,
				0.378,
				0.9,
				0.467,
				0,
				1,
				0.622,
				-1.576,
				0.778,
				-2,
				0.933,
				-2,
				1,
				1.122,
				-2,
				1.311,
				-0.503,
				1.5,
				0,
				1,
				1.6,
				0.266,
				1.7,
				0.184,
				1.8,
				0.184,
				1,
				1.978,
				0.184,
				2.156,
				0,
				2.333,
				0,
				0,
				2.667,
				0
			]
		},
		{
			"Target": "Parameter",
			"Id": "Param_Angle_Rotation68",
			"Segments": [
				0,
				-1.39,
				0,
				0.067,
				-1.39,
				1,
				0.133,
				-1.39,
				0.2,
				5.254,
				0.267,
				5.254,
				1,
				0.356,
				5.254,
				0.444,
				-7.746,
				0.533,
				-7.746,
				1,
				0.689,
				-7.746,
				0.844,
				4.254,
				1,
				4.254,
				1,
				1.189,
				4.254,
				1.378,
				-5.746,
				1.567,
				-5.746,
				1,
				1.733,
				-5.746,
				1.9,
				-0.746,
				2.067,
				-0.746,
				1,
				2.178,
				-0.746,
				2.289,
				-1.39,
				2.4,
				-1.39,
				0,
				2.667,
				-1.39
			]
		},
		{
			"Target": "Parameter",
			"Id": "Param_Angle_Rotation69",
			"Segments": [
				0,
				-4.1,
				0,
				0.1,
				-4.1,
				1,
				0.178,
				-4.1,
				0.256,
				3.647,
				0.333,
				3.647,
				1,
				0.422,
				3.647,
				0.511,
				-10.353,
				0.6,
				-10.353,
				1,
				0.756,
				-10.353,
				0.911,
				1.647,
				1.067,
				1.647,
				1,
				1.256,
				1.647,
				1.444,
				-8.353,
				1.633,
				-8.353,
				1,
				1.8,
				-8.353,
				1.967,
				-3.353,
				2.133,
				-3.353,
				1,
				2.244,
				-3.353,
				2.356,
				-4.1,
				2.467,
				-4.1,
				0,
				2.667,
				-4.1
			]
		},
		{
			"Target": "Parameter",
			"Id": "Param_Angle_Rotation70",
			"Segments": [
				0,
				-5.733,
				0,
				0.167,
				-5.733,
				1,
				0.244,
				-5.733,
				0.322,
				3.112,
				0.4,
				3.112,
				1,
				0.489,
				3.112,
				0.578,
				-11.888,
				0.667,
				-11.888,
				1,
				0.822,
				-11.888,
				0.978,
				1.112,
				1.133,
				1.112,
				1,
				1.322,
				1.112,
				1.511,
				-8.888,
				1.7,
				-8.888,
				1,
				1.867,
				-8.888,
				2.033,
				-3.888,
				2.2,
				-3.888,
				1,
				2.311,
				-3.888,
				2.422,
				-4.94,
				2.533,
				-4.94,
				0,
				2.667,
				-4.94
			]
		},
		{
			"Target": "Parameter",
			"Id": "Param_Angle_Rotation72",
			"Segments": [
				0,
				0,
				1,
				0.067,
				0,
				0.133,
				1,
				0.2,
				1,
				1,
				0.289,
				1,
				0.378,
				0.813,
				0.467,
				0.1,
				1,
				0.622,
				-1.148,
				0.778,
				-2,
				0.933,
				-2,
				1,
				1.144,
				-2,
				1.356,
				0.097,
				1.567,
				0.097,
				1,
				1.711,
				0.097,
				1.856,
				0.076,
				2,
				0.04,
				1,
				2.111,
				0.012,
				2.222,
				0,
				2.333,
				0,
				0,
				2.667,
				0
			]
		},
		{
			"Target": "Parameter",
			"Id": "Param_Angle_Rotation73",
			"Segments": [
				0,
				-1.606,
				0,
				0.067,
				-1.606,
				1,
				0.133,
				-1.606,
				0.2,
				4.9,
				0.267,
				4.9,
				1,
				0.356,
				4.9,
				0.444,
				-7.1,
				0.533,
				-7.1,
				1,
				0.689,
				-7.1,
				0.844,
				5.9,
				1,
				5.9,
				1,
				1.189,
				5.9,
				1.378,
				-3.1,
				1.567,
				-3.1,
				1,
				1.733,
				-3.1,
				1.9,
				-0.1,
				2.067,
				-0.1,
				1,
				2.178,
				-0.1,
				2.289,
				-1.16,
				2.4,
				-1.16,
				0,
				2.667,
				-1.16
			]
		},
		{
			"Target": "Parameter",
			"Id": "Param_Angle_Rotation74",
			"Segments": [
				0,
				-3.42,
				0,
				0.133,
				-3.42,
				1,
				0.2,
				-3.42,
				0.267,
				3.831,
				0.333,
				3.831,
				1,
				0.422,
				3.831,
				0.511,
				-8.169,
				0.6,
				-8.169,
				1,
				0.756,
				-8.169,
				0.911,
				4.831,
				1.067,
				4.831,
				1,
				1.256,
				4.831,
				1.444,
				-5.169,
				1.633,
				-5.169,
				1,
				1.8,
				-5.169,
				1.967,
				-2.169,
				2.133,
				-2.169,
				1,
				2.244,
				-2.169,
				2.356,
				-3.42,
				2.467,
				-3.42,
				0,
				2.667,
				-3.42
			]
		},
		{
			"Target": "Parameter",
			"Id": "Param_Angle_Rotation75",
			"Segments": [
				0,
				-4.397,
				0,
				0.167,
				-4.397,
				1,
				0.244,
				-4.397,
				0.322,
				3.771,
				0.4,
				3.771,
				1,
				0.489,
				3.771,
				0.578,
				-12.229,
				0.667,
				-12.229,
				1,
				0.822,
				-12.229,
				0.978,
				4.771,
				1.133,
				4.771,
				1,
				1.322,
				4.771,
				1.511,
				-6.229,
				1.7,
				-6.229,
				1,
				1.867,
				-6.229,
				2.033,
				-3.229,
				2.2,
				-3.229,
				1,
				2.311,
				-3.229,
				2.422,
				-4.94,
				2.533,
				-4.94,
				0,
				2.667,
				-4.94
			]
		},
		{
			"Target": "Parameter",
			"Id": "Param_Angle_Rotation77",
			"Segments": [
				0,
				0,
				1,
				0.067,
				0,
				0.133,
				1,
				0.2,
				1,
				1,
				0.289,
				1,
				0.378,
				0.876,
				0.467,
				0.4,
				1,
				0.622,
				-0.432,
				0.778,
				-1,
				0.933,
				-1,
				1,
				1.122,
				-1,
				1.311,
				1,
				1.5,
				1,
				1,
				1.667,
				1,
				1.833,
				-0.065,
				2,
				-0.065,
				1,
				2.111,
				-0.065,
				2.222,
				0,
				2.333,
				0,
				0,
				2.667,
				0
			]
		},
		{
			"Target": "Parameter",
			"Id": "Param_Angle_Rotation78",
			"Segments": [
				0,
				-1.793,
				0,
				0.1,
				-1.793,
				1,
				0.156,
				-1.793,
				0.211,
				6.726,
				0.267,
				6.726,
				1,
				0.356,
				6.726,
				0.444,
				-9.274,
				0.533,
				-9.274,
				1,
				0.689,
				-9.274,
				0.844,
				4.726,
				1,
				4.726,
				1,
				1.189,
				4.726,
				1.378,
				-5.274,
				1.567,
				-5.274,
				1,
				1.733,
				-5.274,
				1.9,
				-0.274,
				2.067,
				-0.274,
				1,
				2.178,
				-0.274,
				2.289,
				-1.16,
				2.4,
				-1.16,
				0,
				2.667,
				-1.16
			]
		},
		{
			"Target": "Parameter",
			"Id": "Param_Angle_Rotation79",
			"Segments": [
				0,
				-4.1,
				0,
				0.1,
				-4.1,
				1,
				0.178,
				-4.1,
				0.256,
				4.537,
				0.333,
				4.537,
				1,
				0.422,
				4.537,
				0.511,
				-11.463,
				0.6,
				-11.463,
				1,
				0.756,
				-11.463,
				0.911,
				3.537,
				1.067,
				3.537,
				1,
				1.256,
				3.537,
				1.444,
				-7.463,
				1.633,
				-7.463,
				1,
				1.8,
				-7.463,
				1.967,
				-2.463,
				2.133,
				-2.463,
				1,
				2.244,
				-2.463,
				2.356,
				-4.1,
				2.467,
				-4.1,
				0,
				2.667,
				-4.1
			]
		},
		{
			"Target": "Parameter",
			"Id": "Param_Angle_Rotation80",
			"Segments": [
				0,
				-5.93,
				0,
				0.167,
				-5.93,
				1,
				0.244,
				-5.93,
				0.322,
				4.582,
				0.4,
				4.582,
				1,
				0.489,
				4.582,
				0.578,
				-11.418,
				0.667,
				-11.418,
				1,
				0.822,
				-11.418,
				0.978,
				3.582,
				1.133,
				3.582,
				1,
				1.322,
				3.582,
				1.511,
				-9.418,
				1.7,
				-9.418,
				1,
				1.867,
				-9.418,
				2.033,
				-3.418,
				2.2,
				-3.418,
				1,
				2.311,
				-3.418,
				2.422,
				-5.93,
				2.533,
				-5.93,
				0,
				2.667,
				-5.93
			]
		},
		{
			"Target": "Parameter",
			"Id": "Param_Angle_Rotation2",
			"Segments": [
				0,
				0,
				1,
				0.1,
				0,
				0.2,
				0.9,
				0.3,
				0.9,
				1,
				0.356,
				0.9,
				0.411,
				0.733,
				0.467,
				0.4,
				1,
				0.622,
				-0.534,
				0.778,
				-1,
				0.933,
				-1,
				1,
				1.133,
				-1,
				1.333,
				0.05,
				1.533,
				0.05,
				1,
				1.689,
				0.05,
				1.844,
				0.039,
				2,
				0.02,
				1,
				2.111,
				0.006,
				2.222,
				0,
				2.333,
				0,
				0,
				2.667,
				0
			]
		},
		{
			"Target": "Parameter",
			"Id": "Param_Angle_Rotation3",
			"Segments": [
				0,
				-1.39,
				0,
				0.067,
				-1.39,
				1,
				0.133,
				-1.39,
				0.2,
				5.328,
				0.267,
				5.328,
				1,
				0.356,
				5.328,
				0.444,
				-8.672,
				0.533,
				-8.672,
				1,
				0.689,
				-8.672,
				0.844,
				5.328,
				1,
				5.328,
				1,
				1.189,
				5.328,
				1.378,
				-5.672,
				1.567,
				-5.672,
				1,
				1.733,
				-5.672,
				1.9,
				-0.672,
				2.067,
				-0.672,
				1,
				2.178,
				-0.672,
				2.289,
				-1.39,
				2.4,
				-1.39,
				0,
				2.667,
				-1.39
			]
		},
		{
			"Target": "Parameter",
			"Id": "Param_Angle_Rotation4",
			"Segments": [
				0,
				-4.1,
				0,
				0.1,
				-4.1,
				1,
				0.178,
				-4.1,
				0.256,
				3.343,
				0.333,
				3.343,
				1,
				0.422,
				3.343,
				0.511,
				-9.657,
				0.6,
				-9.657,
				1,
				0.756,
				-9.657,
				0.911,
				4.343,
				1.067,
				4.343,
				1,
				1.256,
				4.343,
				1.444,
				-7.657,
				1.633,
				-7.657,
				1,
				1.8,
				-7.657,
				1.967,
				-2.657,
				2.133,
				-2.657,
				1,
				2.244,
				-2.657,
				2.356,
				-4.1,
				2.467,
				-4.1,
				0,
				2.667,
				-4.1
			]
		},
		{
			"Target": "Parameter",
			"Id": "Param_Angle_Rotation5",
			"Segments": [
				0,
				-6.92,
				0,
				0.167,
				-6.92,
				1,
				0.244,
				-6.92,
				0.322,
				-0.389,
				0.4,
				-0.389,
				1,
				0.489,
				-0.389,
				0.578,
				-13.389,
				0.667,
				-13.389,
				1,
				0.822,
				-13.389,
				0.978,
				0.611,
				1.133,
				0.611,
				1,
				1.322,
				0.611,
				1.511,
				-11.389,
				1.7,
				-11.389,
				1,
				1.867,
				-11.389,
				2.033,
				-6.389,
				2.2,
				-6.389,
				1,
				2.311,
				-6.389,
				2.422,
				-6.92,
				2.533,
				-6.92,
				0,
				2.667,
				-6.92
			]
		},
		{
			"Target": "Parameter",
			"Id": "Param_Angle_Rotation6",
			"Segments": [
				0,
				-2.06,
				0,
				0.233,
				-2.06,
				1,
				0.311,
				-2.06,
				0.389,
				4.423,
				0.467,
				4.423,
				1,
				0.556,
				4.423,
				0.644,
				-8.577,
				0.733,
				-8.577,
				1,
				0.889,
				-8.577,
				1.044,
				5.423,
				1.2,
				5.423,
				1,
				1.389,
				5.423,
				1.578,
				-5.577,
				1.767,
				-5.577,
				1,
				1.933,
				-5.577,
				2.1,
				-1.577,
				2.267,
				-1.577,
				1,
				2.378,
				-1.577,
				2.489,
				-2.06,
				2.6,
				-2.06,
				0,
				2.667,
				-2.06
			]
		},
		{
			"Target": "Parameter",
			"Id": "Param_Angle_Rotation7",
			"Segments": [
				0,
				3.201,
				0,
				0.3,
				3.201,
				1,
				0.378,
				3.201,
				0.456,
				9.201,
				0.533,
				9.201,
				1,
				0.622,
				9.201,
				0.711,
				-4.799,
				0.8,
				-4.799,
				1,
				0.956,
				-4.799,
				1.111,
				10.201,
				1.267,
				10.201,
				1,
				1.456,
				10.201,
				1.644,
				-0.799,
				1.833,
				-0.799,
				1,
				2,
				-0.799,
				2.167,
				3.201,
				2.333,
				3.201,
				1,
				2.444,
				3.201,
				2.556,
				2.97,
				2.667,
				2.97
			]
		},
		{
			"Target": "Parameter",
			"Id": "Param_Angle_Rotation105",
			"Segments": [
				0,
				0,
				1,
				0.067,
				0,
				0.133,
				2,
				0.2,
				2,
				1,
				0.289,
				2,
				0.378,
				-1,
				0.467,
				-1,
				1,
				0.622,
				-1,
				0.778,
				1,
				0.933,
				1,
				1,
				1.133,
				1,
				1.333,
				0.344,
				1.533,
				0.075,
				1,
				1.678,
				-0.12,
				1.822,
				-0.09,
				1.967,
				-0.09,
				1,
				2.089,
				-0.09,
				2.211,
				0,
				2.333,
				0,
				0,
				2.667,
				0
			]
		},
		{
			"Target": "Parameter",
			"Id": "Param_Angle_Rotation106",
			"Segments": [
				0,
				-1.914,
				0,
				0.067,
				-1.914,
				1,
				0.133,
				-1.914,
				0.2,
				9,
				0.267,
				9,
				1,
				0.356,
				9,
				0.444,
				-9,
				0.533,
				-9,
				1,
				0.689,
				-9,
				0.844,
				6,
				1,
				6,
				1,
				1.189,
				6,
				1.378,
				-4,
				1.567,
				-4,
				1,
				1.733,
				-4,
				1.9,
				1,
				2.067,
				1,
				1,
				2.178,
				1,
				2.289,
				-1.39,
				2.4,
				-1.39,
				0,
				2.667,
				-1.39
			]
		},
		{
			"Target": "Parameter",
			"Id": "Param_Angle_Rotation107",
			"Segments": [
				0,
				-4.78,
				0,
				0.133,
				-4.78,
				1,
				0.2,
				-4.78,
				0.267,
				4.567,
				0.333,
				4.567,
				1,
				0.422,
				4.567,
				0.511,
				-13.433,
				0.6,
				-13.433,
				1,
				0.756,
				-13.433,
				0.911,
				3.567,
				1.067,
				3.567,
				1,
				1.256,
				3.567,
				1.444,
				-8.433,
				1.633,
				-8.433,
				1,
				1.8,
				-8.433,
				1.967,
				-3.433,
				2.133,
				-3.433,
				1,
				2.244,
				-3.433,
				2.356,
				-4.78,
				2.467,
				-4.78,
				0,
				2.667,
				-4.78
			]
		},
		{
			"Target": "Parameter",
			"Id": "Param_Angle_Rotation108",
			"Segments": [
				0,
				-6.92,
				0,
				0.167,
				-6.92,
				1,
				0.244,
				-6.92,
				0.322,
				2.507,
				0.4,
				2.507,
				1,
				0.489,
				2.507,
				0.578,
				-15.493,
				0.667,
				-15.493,
				1,
				0.822,
				-15.493,
				0.978,
				1.507,
				1.133,
				1.507,
				1,
				1.322,
				1.507,
				1.511,
				-10.493,
				1.7,
				-10.493,
				1,
				1.867,
				-10.493,
				2.033,
				-5.493,
				2.2,
				-5.493,
				1,
				2.311,
				-5.493,
				2.422,
				-6.92,
				2.533,
				-6.92,
				0,
				2.667,
				-6.92
			]
		},
		{
			"Target": "Parameter",
			"Id": "Param_Angle_Rotation109",
			"Segments": [
				0,
				0,
				0,
				0.267,
				0,
				1,
				0.333,
				0,
				0.4,
				8,
				0.467,
				8,
				1,
				0.556,
				8,
				0.644,
				-9,
				0.733,
				-9,
				1,
				0.889,
				-9,
				1.044,
				7,
				1.2,
				7,
				1,
				1.389,
				7,
				1.578,
				-4,
				1.767,
				-4,
				1,
				1.933,
				-4,
				2.1,
				1,
				2.267,
				1,
				1,
				2.378,
				1,
				2.489,
				-0.09,
				2.6,
				-0.09,
				0,
				2.667,
				-0.09
			]
		},
		{
			"Target": "Parameter",
			"Id": "Param_Angle_Rotation87",
			"Segments": [
				0,
				0,
				1,
				0.067,
				0,
				0.133,
				2,
				0.2,
				2,
				1,
				0.289,
				2,
				0.378,
				-1,
				0.467,
				-1,
				1,
				0.622,
				-1,
				0.778,
				2,
				0.933,
				2,
				1,
				1.122,
				2,
				1.311,
				0.317,
				1.5,
				0,
				1,
				1.622,
				-0.205,
				1.744,
				-0.142,
				1.867,
				-0.142,
				1,
				2.022,
				-0.142,
				2.178,
				0,
				2.333,
				0,
				0,
				2.667,
				0
			]
		},
		{
			"Target": "Parameter",
			"Id": "Param_Angle_Rotation88",
			"Segments": [
				0,
				-1.16,
				0,
				0.067,
				-1.16,
				1,
				0.133,
				-1.16,
				0.2,
				7.816,
				0.267,
				7.816,
				1,
				0.356,
				7.816,
				0.444,
				-9.184,
				0.533,
				-9.184,
				1,
				0.689,
				-9.184,
				0.844,
				7.816,
				1,
				7.816,
				1,
				1.189,
				7.816,
				1.378,
				-3.184,
				1.567,
				-3.184,
				1,
				1.733,
				-3.184,
				1.9,
				-0.184,
				2.067,
				-0.184,
				1,
				2.178,
				-0.184,
				2.289,
				-1.16,
				2.4,
				-1.16,
				0,
				2.667,
				-1.16
			]
		},
		{
			"Target": "Parameter",
			"Id": "Param_Angle_Rotation89",
			"Segments": [
				0,
				-3.42,
				0,
				0.1,
				-3.42,
				1,
				0.189,
				-3.42,
				0.278,
				5.448,
				0.367,
				5.448,
				1,
				0.456,
				5.448,
				0.544,
				-11.552,
				0.633,
				-11.552,
				1,
				0.789,
				-11.552,
				0.944,
				4.448,
				1.1,
				4.448,
				1,
				1.289,
				4.448,
				1.478,
				-5.552,
				1.667,
				-5.552,
				1,
				1.833,
				-5.552,
				2,
				-2.552,
				2.167,
				-2.552,
				1,
				2.267,
				-2.552,
				2.367,
				-3.42,
				2.467,
				-3.42,
				0,
				2.667,
				-3.42
			]
		},
		{
			"Target": "Parameter",
			"Id": "Param_Angle_Rotation90",
			"Segments": [
				0,
				-5.93,
				0,
				0.067,
				-5.93,
				1,
				0.178,
				-5.93,
				0.289,
				4.627,
				0.4,
				4.627,
				1,
				0.489,
				4.627,
				0.578,
				-15.373,
				0.667,
				-15.373,
				1,
				0.822,
				-15.373,
				0.978,
				2.627,
				1.133,
				2.627,
				1,
				1.322,
				2.627,
				1.511,
				-8.373,
				1.7,
				-8.373,
				1,
				1.867,
				-8.373,
				2.033,
				-4.373,
				2.2,
				-4.373,
				1,
				2.311,
				-4.373,
				2.422,
				-5.93,
				2.533,
				-5.93,
				0,
				2.667,
				-5.93
			]
		},
		{
			"Target": "Parameter",
			"Id": "Param_Angle_Rotation92",
			"Segments": [
				0,
				0,
				1,
				0.067,
				0,
				0.133,
				2,
				0.2,
				2,
				1,
				0.289,
				2,
				0.378,
				-1,
				0.467,
				-1,
				1,
				0.622,
				-1,
				0.778,
				2,
				0.933,
				2,
				1,
				1.144,
				2,
				1.356,
				0.367,
				1.567,
				0,
				1,
				1.689,
				-0.212,
				1.811,
				-0.142,
				1.933,
				-0.142,
				1,
				2.067,
				-0.142,
				2.2,
				0,
				2.333,
				0,
				0,
				2.667,
				0
			]
		},
		{
			"Target": "Parameter",
			"Id": "Param_Angle_Rotation93",
			"Segments": [
				0,
				0,
				0,
				0.067,
				0,
				1,
				0.133,
				0,
				0.2,
				7.045,
				0.267,
				7.045,
				1,
				0.356,
				7.045,
				0.444,
				-8.955,
				0.533,
				-8.955,
				1,
				0.689,
				-8.955,
				0.844,
				6.045,
				1,
				6.045,
				1,
				1.189,
				6.045,
				1.378,
				4.866,
				1.567,
				2.045,
				1,
				1.733,
				-0.445,
				1.9,
				-1.955,
				2.067,
				-1.955,
				1,
				2.178,
				-1.955,
				2.289,
				-1.39,
				2.4,
				-1.39,
				0,
				2.667,
				-1.39
			]
		},
		{
			"Target": "Parameter",
			"Id": "Param_Angle_Rotation94",
			"Segments": [
				0,
				-5.47,
				0,
				0.067,
				-5.47,
				1,
				0.144,
				-5.47,
				0.222,
				3.224,
				0.3,
				3.224,
				1,
				0.389,
				3.224,
				0.478,
				-11.776,
				0.567,
				-11.776,
				1,
				0.722,
				-11.776,
				0.878,
				1.224,
				1.033,
				1.224,
				1,
				1.222,
				1.224,
				1.411,
				-0.314,
				1.6,
				-2.776,
				1,
				1.767,
				-4.949,
				1.933,
				-5.776,
				2.1,
				-5.776,
				1,
				2.222,
				-5.776,
				2.344,
				-5.47,
				2.467,
				-5.47,
				0,
				2.667,
				-5.47
			]
		},
		{
			"Target": "Parameter",
			"Id": "Param_Angle_Rotation95",
			"Segments": [
				0,
				-5.93,
				0,
				0.1,
				-5.93,
				1,
				0.2,
				-5.93,
				0.3,
				3.667,
				0.4,
				3.667,
				1,
				0.489,
				3.667,
				0.578,
				-12.333,
				0.667,
				-12.333,
				1,
				0.822,
				-12.333,
				0.978,
				0.667,
				1.133,
				0.667,
				1,
				1.322,
				0.667,
				1.511,
				-2.217,
				1.7,
				-4.333,
				1,
				1.867,
				-6.201,
				2.033,
				-6.333,
				2.2,
				-6.333,
				1,
				2.311,
				-6.333,
				2.422,
				-5.93,
				2.533,
				-5.93,
				0,
				2.667,
				-5.93
			]
		},
		{
			"Target": "Parameter",
			"Id": "Param_Angle_Rotation97",
			"Segments": [
				0,
				0,
				1,
				0.067,
				0,
				0.133,
				1,
				0.2,
				1,
				1,
				0.289,
				1,
				0.378,
				-1,
				0.467,
				-1,
				1,
				0.611,
				-1,
				0.756,
				-1.005,
				0.9,
				-0.879,
				1,
				1.1,
				-0.705,
				1.3,
				-0.076,
				1.5,
				0,
				1,
				1.667,
				0.064,
				1.833,
				0.051,
				2,
				0.051,
				1,
				2.111,
				0.051,
				2.222,
				0,
				2.333,
				0,
				0,
				2.667,
				0
			]
		},
		{
			"Target": "Parameter",
			"Id": "Param_Angle_Rotation98",
			"Segments": [
				0,
				0,
				0,
				0.067,
				0,
				1,
				0.133,
				0,
				0.2,
				9,
				0.267,
				9,
				1,
				0.356,
				9,
				0.444,
				-9,
				0.533,
				-9,
				1,
				0.689,
				-9,
				0.844,
				8,
				1,
				8,
				1,
				1.189,
				8,
				1.378,
				-2,
				1.567,
				-2,
				1,
				1.733,
				-2,
				1.9,
				-1,
				2.067,
				-1,
				1,
				2.178,
				-1,
				2.289,
				-1.39,
				2.4,
				-1.39,
				0,
				2.667,
				-1.39
			]
		},
		{
			"Target": "Parameter",
			"Id": "Param_Angle_Rotation99",
			"Segments": [
				0,
				0,
				0,
				0.133,
				0,
				1,
				0.2,
				0,
				0.267,
				6.851,
				0.333,
				6.851,
				1,
				0.422,
				6.851,
				0.511,
				-11.149,
				0.6,
				-11.149,
				1,
				0.756,
				-11.149,
				0.911,
				6.851,
				1.067,
				6.851,
				1,
				1.256,
				6.851,
				1.444,
				-4.149,
				1.633,
				-4.149,
				1,
				1.8,
				-4.149,
				1.967,
				-3.149,
				2.133,
				-3.149,
				1,
				2.244,
				-3.149,
				2.356,
				-4.1,
				2.467,
				-4.1,
				0,
				2.667,
				-4.1
			]
		},
		{
			"Target": "Parameter",
			"Id": "Param_Angle_Rotation100",
			"Segments": [
				0,
				0,
				1,
				0.067,
				0,
				0.133,
				-1,
				0.2,
				-1,
				1,
				0.289,
				-1,
				0.378,
				-0.724,
				0.467,
				0,
				1,
				0.622,
				1.267,
				0.778,
				2,
				0.933,
				2,
				1,
				1.122,
				2,
				1.311,
				0.23,
				1.5,
				0,
				1,
				1.644,
				-0.176,
				1.789,
				-0.127,
				1.933,
				-0.127,
				1,
				2.067,
				-0.127,
				2.2,
				0,
				2.333,
				0,
				0,
				2.667,
				0
			]
		},
		{
			"Target": "Parameter",
			"Id": "Param_Angle_Rotation101",
			"Segments": [
				0,
				-2.08,
				0,
				0.067,
				-2.08,
				1,
				0.133,
				-2.08,
				0.2,
				-9.604,
				0.267,
				-9.604,
				1,
				0.356,
				-9.604,
				0.444,
				5.396,
				0.533,
				5.396,
				1,
				0.689,
				5.396,
				0.844,
				-3.604,
				1,
				-3.604,
				1,
				1.189,
				-3.604,
				1.378,
				0.396,
				1.567,
				0.396,
				1,
				1.733,
				0.396,
				1.9,
				-2.604,
				2.067,
				-2.604,
				1,
				2.178,
				-2.604,
				2.289,
				-2.08,
				2.4,
				-2.08,
				0,
				2.667,
				-2.08
			]
		},
		{
			"Target": "Parameter",
			"Id": "Param_Angle_Rotation102",
			"Segments": [
				0,
				-3.42,
				0,
				0.1,
				-3.42,
				1,
				0.178,
				-3.42,
				0.256,
				-10.836,
				0.333,
				-10.836,
				1,
				0.422,
				-10.836,
				0.511,
				4.164,
				0.6,
				4.164,
				1,
				0.756,
				4.164,
				0.911,
				-6.836,
				1.067,
				-6.836,
				1,
				1.256,
				-6.836,
				1.444,
				-0.836,
				1.633,
				-0.836,
				1,
				1.8,
				-0.836,
				1.967,
				-3.836,
				2.133,
				-3.836,
				1,
				2.244,
				-3.836,
				2.356,
				-3.42,
				2.467,
				-3.42,
				0,
				2.667,
				-3.42
			]
		},
		{
			"Target": "Parameter",
			"Id": "Param_Angle_Rotation103",
			"Segments": [
				0,
				-4.94,
				0,
				0.167,
				-4.94,
				1,
				0.244,
				-4.94,
				0.322,
				-11.291,
				0.4,
				-11.291,
				1,
				0.489,
				-11.291,
				0.578,
				3.709,
				0.667,
				3.709,
				1,
				0.822,
				3.709,
				0.978,
				-8.291,
				1.133,
				-8.291,
				1,
				1.322,
				-8.291,
				1.511,
				-2.291,
				1.7,
				-2.291,
				1,
				1.867,
				-2.291,
				2.033,
				-5.291,
				2.2,
				-5.291,
				1,
				2.311,
				-5.291,
				2.422,
				-4.94,
				2.533,
				-4.94,
				0,
				2.667,
				-4.94
			]
		},
		{
			"Target": "Parameter",
			"Id": "Param_Angle_Rotation104",
			"Segments": [
				0,
				0,
				0,
				0.267,
				0,
				1,
				0.333,
				0,
				0.4,
				-10.502,
				0.467,
				-10.502,
				1,
				0.556,
				-10.502,
				0.644,
				14.498,
				0.733,
				14.498,
				1,
				0.889,
				14.498,
				1.044,
				-6.502,
				1.2,
				-6.502,
				1,
				1.389,
				-6.502,
				1.578,
				3.498,
				1.767,
				3.498,
				1,
				1.933,
				3.498,
				2.1,
				-0.502,
				2.267,
				-0.502,
				1,
				2.378,
				-0.502,
				2.489,
				0.51,
				2.6,
				0.51,
				0,
				2.667,
				0.51
			]
		},
		{
			"Target": "Parameter",
			"Id": "Param_Angle_Rotation111",
			"Segments": [
				0,
				0,
				1,
				0.067,
				0,
				0.133,
				-1,
				0.2,
				-1,
				1,
				0.289,
				-1,
				0.378,
				1,
				0.467,
				1,
				1,
				0.6,
				1,
				0.733,
				1.007,
				0.867,
				0.891,
				1,
				1.078,
				0.706,
				1.289,
				0.128,
				1.5,
				0,
				1,
				1.656,
				-0.094,
				1.811,
				-0.08,
				1.967,
				-0.08,
				1,
				2.089,
				-0.08,
				2.211,
				0,
				2.333,
				0,
				0,
				2.667,
				0
			]
		},
		{
			"Target": "Parameter",
			"Id": "Param_Angle_Rotation112",
			"Segments": [
				0,
				-1.39,
				0,
				0.067,
				-1.39,
				1,
				0.133,
				-1.39,
				0.2,
				9.537,
				0.267,
				9.537,
				1,
				0.356,
				9.537,
				0.444,
				-11.463,
				0.533,
				-11.463,
				1,
				0.689,
				-11.463,
				0.844,
				2.537,
				1,
				2.537,
				1,
				1.189,
				2.537,
				1.378,
				-2.463,
				1.567,
				-2.463,
				1,
				1.733,
				-2.463,
				1.9,
				-0.463,
				2.067,
				-0.463,
				1,
				2.178,
				-0.463,
				2.289,
				-1.39,
				2.4,
				-1.39,
				0,
				2.667,
				-1.39
			]
		},
		{
			"Target": "Parameter",
			"Id": "Param_Angle_Rotation113",
			"Segments": [
				0,
				-4.1,
				0,
				0.1,
				-4.1,
				1,
				0.178,
				-4.1,
				0.256,
				4.478,
				0.333,
				4.478,
				1,
				0.422,
				4.478,
				0.511,
				-13.522,
				0.6,
				-13.522,
				1,
				0.756,
				-13.522,
				0.911,
				-0.522,
				1.067,
				-0.522,
				1,
				1.256,
				-0.522,
				1.444,
				-5.522,
				1.633,
				-5.522,
				1,
				1.8,
				-5.522,
				1.967,
				-3.522,
				2.133,
				-3.522,
				1,
				2.244,
				-3.522,
				2.356,
				-4.1,
				2.467,
				-4.1,
				0,
				2.667,
				-4.1
			]
		},
		{
			"Target": "Parameter",
			"Id": "Param_Angle_Rotation114",
			"Segments": [
				0,
				-5.81,
				0,
				0.1,
				-5.81,
				1,
				0.2,
				-5.81,
				0.3,
				4.93,
				0.4,
				4.93,
				1,
				0.489,
				4.93,
				0.578,
				-15.07,
				0.667,
				-15.07,
				1,
				0.822,
				-15.07,
				0.978,
				-3.07,
				1.133,
				-3.07,
				1,
				1.322,
				-3.07,
				1.511,
				-7.07,
				1.7,
				-7.07,
				1,
				1.867,
				-7.07,
				2.033,
				-5.07,
				2.2,
				-5.07,
				1,
				2.311,
				-5.07,
				2.422,
				-5.81,
				2.533,
				-5.81,
				0,
				2.667,
				-5.81
			]
		},
		{
			"Target": "Parameter",
			"Id": "Param_Angle_Rotation116",
			"Segments": [
				0,
				0,
				1,
				0.067,
				0,
				0.133,
				2,
				0.2,
				2,
				1,
				0.289,
				2,
				0.378,
				0,
				0.467,
				0,
				1,
				0.622,
				0,
				0.778,
				2,
				0.933,
				2,
				1,
				1.122,
				2,
				1.311,
				-1,
				1.5,
				-1,
				1,
				1.667,
				-1,
				1.833,
				0.082,
				2,
				0.082,
				1,
				2.111,
				0.082,
				2.222,
				0,
				2.333,
				0,
				0,
				2.667,
				0
			]
		},
		{
			"Target": "Parameter",
			"Id": "Param_Angle_Rotation117",
			"Segments": [
				0,
				-1.72,
				0,
				0.067,
				-1.72,
				1,
				0.133,
				-1.72,
				0.2,
				6.851,
				0.267,
				6.851,
				1,
				0.356,
				6.851,
				0.444,
				-9.149,
				0.533,
				-9.149,
				1,
				0.689,
				-9.149,
				0.844,
				1.851,
				1,
				1.851,
				1,
				1.189,
				1.851,
				1.378,
				-4.149,
				1.567,
				-4.149,
				1,
				1.733,
				-4.149,
				1.9,
				-1.149,
				2.067,
				-1.149,
				1,
				2.178,
				-1.149,
				2.289,
				-1.72,
				2.4,
				-1.72,
				0,
				2.667,
				-1.72
			]
		},
		{
			"Target": "Parameter",
			"Id": "Param_Angle_Rotation118",
			"Segments": [
				0,
				-7.99,
				0,
				0.067,
				-7.99,
				1,
				0.156,
				-7.99,
				0.244,
				1.582,
				0.333,
				1.582,
				1,
				0.422,
				1.582,
				0.511,
				-16.418,
				0.6,
				-16.418,
				1,
				0.756,
				-16.418,
				0.911,
				-3.418,
				1.067,
				-3.418,
				1,
				1.256,
				-3.418,
				1.444,
				-10.418,
				1.633,
				-10.418,
				1,
				1.8,
				-10.418,
				1.967,
				-7.418,
				2.133,
				-7.418,
				1,
				2.244,
				-7.418,
				2.356,
				-7.99,
				2.467,
				-7.99,
				0,
				2.667,
				-7.99
			]
		},
		{
			"Target": "Parameter",
			"Id": "Param_Angle_Rotation119",
			"Segments": [
				0,
				-8.333,
				0,
				0.1,
				-8.333,
				1,
				0.2,
				-8.333,
				0.3,
				3.94,
				0.4,
				3.94,
				1,
				0.489,
				3.94,
				0.578,
				-16.06,
				0.667,
				-16.06,
				1,
				0.822,
				-16.06,
				0.978,
				-4.06,
				1.133,
				-4.06,
				1,
				1.322,
				-4.06,
				1.511,
				-9.06,
				1.7,
				-9.06,
				1,
				1.867,
				-9.06,
				2.033,
				-7.06,
				2.2,
				-7.06,
				1,
				2.311,
				-7.06,
				2.422,
				-7.73,
				2.533,
				-7.73,
				0,
				2.667,
				-7.73
			]
		},
		{
			"Target": "Parameter",
			"Id": "Param_Angle_Rotation121",
			"Segments": [
				0,
				6.12,
				1,
				0.122,
				6.12,
				0.244,
				-10.184,
				0.367,
				-10.184,
				1,
				0.478,
				-10.184,
				0.589,
				10.816,
				0.7,
				10.816,
				1,
				0.811,
				10.816,
				0.922,
				0.816,
				1.033,
				0.816,
				1,
				1.189,
				0.816,
				1.344,
				7.816,
				1.5,
				7.816,
				1,
				1.667,
				7.816,
				1.833,
				4.816,
				2,
				4.816,
				1,
				2.111,
				4.816,
				2.222,
				6.12,
				2.333,
				6.12,
				0,
				2.667,
				6.12
			]
		},
		{
			"Target": "Parameter",
			"Id": "Param_Angle_Rotation124",
			"Segments": [
				0,
				-9.61,
				1,
				0.156,
				-9.61,
				0.311,
				-19.943,
				0.467,
				-19.943,
				1,
				0.578,
				-19.943,
				0.689,
				1.057,
				0.8,
				1.057,
				1,
				0.911,
				1.057,
				1.022,
				-16.943,
				1.133,
				-16.943,
				1,
				1.289,
				-16.943,
				1.444,
				-6.943,
				1.6,
				-6.943,
				1,
				1.767,
				-6.943,
				1.933,
				-9.943,
				2.1,
				-9.943,
				1,
				2.178,
				-9.943,
				2.256,
				-9.61,
				2.333,
				-9.61,
				0,
				2.667,
				-9.61
			]
		},
		{
			"Target": "Parameter",
			"Id": "Param_Angle_Rotation127",
			"Segments": [
				0,
				-6.99,
				1,
				0.122,
				-6.99,
				0.244,
				-13.255,
				0.367,
				-13.255,
				1,
				0.478,
				-13.255,
				0.589,
				1.745,
				0.7,
				1.745,
				1,
				0.811,
				1.745,
				0.922,
				-15.255,
				1.033,
				-15.255,
				1,
				1.189,
				-15.255,
				1.344,
				-3.255,
				1.5,
				-3.255,
				1,
				1.667,
				-3.255,
				1.833,
				-7.255,
				2,
				-7.255,
				1,
				2.111,
				-7.255,
				2.222,
				-6.99,
				2.333,
				-6.99,
				0,
				2.667,
				-6.99
			]
		},
		{
			"Target": "Parameter",
			"Id": "Param_Angle_Rotation130",
			"Segments": [
				0,
				-2.62,
				1,
				0.1,
				-2.62,
				0.2,
				0.203,
				0.3,
				7.655,
				1,
				0.433,
				17.591,
				0.567,
				23.637,
				0.7,
				23.637,
				1,
				0.811,
				23.637,
				0.922,
				-12.363,
				1.033,
				-12.363,
				1,
				1.189,
				-12.363,
				1.344,
				0.637,
				1.5,
				0.637,
				1,
				1.667,
				0.637,
				1.833,
				-3.363,
				2,
				-3.363,
				1,
				2.111,
				-3.363,
				2.222,
				-2.62,
				2.333,
				-2.62,
				0,
				2.667,
				-2.62
			]
		},
		{
			"Target": "Parameter",
			"Id": "Param_Angle_Rotation133",
			"Segments": [
				0,
				0,
				1,
				0.122,
				0,
				0.244,
				-0.126,
				0.367,
				1.921,
				1,
				0.478,
				3.782,
				0.589,
				13.921,
				0.7,
				13.921,
				1,
				0.811,
				13.921,
				0.922,
				-21.079,
				1.033,
				-21.079,
				1,
				1.189,
				-21.079,
				1.344,
				-9.079,
				1.5,
				-9.079,
				1,
				1.667,
				-9.079,
				1.833,
				-11.079,
				2,
				-11.079,
				1,
				2.111,
				-11.079,
				2.222,
				-10.49,
				2.333,
				-10.49,
				0,
				2.667,
				-10.49
			]
		},
		{
			"Target": "Parameter",
			"Id": "Param_Angle_Rotation122",
			"Segments": [
				0,
				14,
				0,
				0.167,
				14,
				1,
				0.222,
				14,
				0.278,
				2.876,
				0.333,
				2.876,
				1,
				0.478,
				2.876,
				0.622,
				21.345,
				0.767,
				21.345,
				1,
				0.878,
				21.345,
				0.989,
				5.345,
				1.1,
				5.345,
				1,
				1.256,
				5.345,
				1.411,
				15.345,
				1.567,
				15.345,
				1,
				1.733,
				15.345,
				1.9,
				13.345,
				2.067,
				13.345,
				1,
				2.156,
				13.345,
				2.244,
				14,
				2.333,
				14,
				0,
				2.667,
				14
			]
		},
		{
			"Target": "Parameter",
			"Id": "Param_Angle_Rotation125",
			"Segments": [
				0,
				-11,
				0,
				0.067,
				-11,
				1,
				0.178,
				-11,
				0.289,
				-20.317,
				0.4,
				-20.317,
				1,
				0.511,
				-20.317,
				0.622,
				-12.317,
				0.733,
				-12.317,
				1,
				0.844,
				-12.317,
				0.956,
				-19.317,
				1.067,
				-19.317,
				1,
				1.222,
				-19.317,
				1.378,
				-9.317,
				1.533,
				-9.317,
				1,
				1.7,
				-9.317,
				1.867,
				-11.317,
				2.033,
				-11.317,
				1,
				2.133,
				-11.317,
				2.233,
				-11,
				2.333,
				-11,
				0,
				2.667,
				-11
			]
		},
		{
			"Target": "Parameter",
			"Id": "Param_Angle_Rotation128",
			"Segments": [
				0,
				-10,
				0,
				0.067,
				-10,
				1,
				0.178,
				-10,
				0.289,
				-21.32,
				0.4,
				-21.32,
				1,
				0.511,
				-21.32,
				0.622,
				-9.32,
				0.733,
				-9.32,
				1,
				0.844,
				-9.32,
				0.956,
				-18.32,
				1.067,
				-18.32,
				1,
				1.222,
				-18.32,
				1.378,
				-8.32,
				1.533,
				-8.32,
				1,
				1.7,
				-8.32,
				1.867,
				-10.32,
				2.033,
				-10.32,
				1,
				2.133,
				-10.32,
				2.233,
				-10,
				2.333,
				-10,
				0,
				2.667,
				-10
			]
		},
		{
			"Target": "Parameter",
			"Id": "Param_Angle_Rotation131",
			"Segments": [
				0,
				-11,
				0,
				0.067,
				-11,
				1,
				0.178,
				-11,
				0.289,
				-27.289,
				0.4,
				-27.289,
				1,
				0.511,
				-27.289,
				0.622,
				-10.289,
				0.733,
				-10.289,
				1,
				0.844,
				-10.289,
				0.956,
				-20.289,
				1.067,
				-20.289,
				1,
				1.222,
				-20.289,
				1.378,
				-9.289,
				1.533,
				-9.289,
				1,
				1.7,
				-9.289,
				1.867,
				-11.289,
				2.033,
				-11.289,
				1,
				2.133,
				-11.289,
				2.233,
				-11,
				2.333,
				-11,
				0,
				2.667,
				-11
			]
		},
		{
			"Target": "Parameter",
			"Id": "Param_Angle_Rotation134",
			"Segments": [
				0,
				-7,
				0,
				0.067,
				-7,
				1,
				0.189,
				-7,
				0.311,
				-15.237,
				0.433,
				-15.237,
				1,
				0.544,
				-15.237,
				0.656,
				-11.237,
				0.767,
				-11.237,
				1,
				0.878,
				-11.237,
				0.989,
				-11.237,
				1.1,
				-11.237,
				1,
				1.256,
				-11.237,
				1.411,
				-5.237,
				1.567,
				-5.237,
				1,
				1.733,
				-5.237,
				1.9,
				-7.237,
				2.067,
				-7.237,
				1,
				2.156,
				-7.237,
				2.244,
				-7,
				2.333,
				-7,
				0,
				2.667,
				-7
			]
		},
		{
			"Target": "Parameter",
			"Id": "Param_Angle_Rotation136",
			"Segments": [
				0,
				0,
				1,
				0.156,
				0,
				0.311,
				10,
				0.467,
				10,
				1,
				0.611,
				10,
				0.756,
				-7,
				0.9,
				-7,
				1,
				1.1,
				-7,
				1.3,
				2,
				1.5,
				2,
				1,
				1.667,
				2,
				1.833,
				0,
				2,
				0,
				1,
				2.111,
				0,
				2.222,
				0,
				2.333,
				0,
				0,
				2.667,
				0
			]
		},
		{
			"Target": "Parameter",
			"Id": "Param_Angle_Rotation139",
			"Segments": [
				0,
				0,
				1,
				0.156,
				0,
				0.311,
				6,
				0.467,
				6,
				1,
				0.611,
				6,
				0.756,
				-7,
				0.9,
				-7,
				1,
				1.1,
				-7,
				1.3,
				4,
				1.5,
				4,
				1,
				1.667,
				4,
				1.833,
				0,
				2,
				0,
				1,
				2.111,
				0,
				2.222,
				0,
				2.333,
				0,
				0,
				2.667,
				0
			]
		},
		{
			"Target": "Parameter",
			"Id": "Param_Angle_Rotation143",
			"Segments": [
				0,
				0,
				1,
				0.156,
				0,
				0.311,
				8,
				0.467,
				8,
				1,
				0.611,
				8,
				0.756,
				-9,
				0.9,
				-9,
				1,
				1.1,
				-9,
				1.3,
				4,
				1.5,
				4,
				1,
				1.667,
				4,
				1.833,
				0,
				2,
				0,
				1,
				2.111,
				0,
				2.222,
				0,
				2.333,
				0,
				0,
				2.667,
				0
			]
		},
		{
			"Target": "Parameter",
			"Id": "Param_Angle_Rotation147",
			"Segments": [
				0,
				0,
				1,
				0.156,
				0,
				0.311,
				4,
				0.467,
				4,
				1,
				0.611,
				4,
				0.756,
				-9,
				0.9,
				-9,
				1,
				1.1,
				-9,
				1.3,
				5,
				1.5,
				5,
				1,
				1.667,
				5,
				1.833,
				0,
				2,
				0,
				1,
				2.111,
				0,
				2.222,
				0,
				2.333,
				0,
				0,
				2.667,
				0
			]
		},
		{
			"Target": "Parameter",
			"Id": "Param_Angle_Rotation151",
			"Segments": [
				0,
				0,
				1,
				0.156,
				0,
				0.311,
				8,
				0.467,
				8,
				1,
				0.611,
				8,
				0.756,
				-8,
				0.9,
				-8,
				1,
				1.1,
				-8,
				1.3,
				5,
				1.5,
				5,
				1,
				1.667,
				5,
				1.833,
				0,
				2,
				0,
				1,
				2.111,
				0,
				2.222,
				0,
				2.333,
				0,
				0,
				2.667,
				0
			]
		},
		{
			"Target": "Parameter",
			"Id": "Param_Angle_Rotation137",
			"Segments": [
				0,
				0,
				1,
				0.156,
				0,
				0.311,
				8,
				0.467,
				8,
				1,
				0.611,
				8,
				0.756,
				-9,
				0.9,
				-9,
				1,
				1.1,
				-9,
				1.3,
				6,
				1.5,
				6,
				1,
				1.667,
				6,
				1.833,
				0,
				2,
				0,
				1,
				2.111,
				0,
				2.222,
				0,
				2.333,
				0,
				0,
				2.667,
				0
			]
		},
		{
			"Target": "Parameter",
			"Id": "Param_Angle_Rotation140",
			"Segments": [
				0,
				0,
				1,
				0.156,
				0,
				0.311,
				7,
				0.467,
				7,
				1,
				0.611,
				7,
				0.756,
				-9,
				0.9,
				-9,
				1,
				1.1,
				-9,
				1.3,
				6,
				1.5,
				6,
				1,
				1.667,
				6,
				1.833,
				0,
				2,
				0,
				1,
				2.111,
				0,
				2.222,
				0,
				2.333,
				0,
				0,
				2.667,
				0
			]
		},
		{
			"Target": "Parameter",
			"Id": "Param_Angle_Rotation144",
			"Segments": [
				0,
				0,
				1,
				0.156,
				0,
				0.311,
				6,
				0.467,
				6,
				1,
				0.611,
				6,
				0.756,
				-8,
				0.9,
				-8,
				1,
				1.1,
				-8,
				1.3,
				6,
				1.5,
				6,
				1,
				1.667,
				6,
				1.833,
				0,
				2,
				0,
				1,
				2.111,
				0,
				2.222,
				0,
				2.333,
				0,
				0,
				2.667,
				0
			]
		},
		{
			"Target": "Parameter",
			"Id": "Param_Angle_Rotation148",
			"Segments": [
				0,
				0,
				1,
				0.156,
				0,
				0.311,
				6,
				0.467,
				6,
				1,
				0.611,
				6,
				0.756,
				-8,
				0.9,
				-8,
				1,
				1.1,
				-8,
				1.3,
				6,
				1.5,
				6,
				1,
				1.667,
				6,
				1.833,
				0,
				2,
				0,
				1,
				2.111,
				0,
				2.222,
				0,
				2.333,
				0,
				0,
				2.667,
				0
			]
		},
		{
			"Target": "Parameter",
			"Id": "Param_Angle_Rotation152",
			"Segments": [
				0,
				0,
				1,
				0.156,
				0,
				0.311,
				6,
				0.467,
				6,
				1,
				0.611,
				6,
				0.756,
				-6,
				0.9,
				-6,
				1,
				1.1,
				-6,
				1.3,
				4,
				1.5,
				4,
				1,
				1.667,
				4,
				1.833,
				0,
				2,
				0,
				1,
				2.111,
				0,
				2.222,
				0,
				2.333,
				0,
				0,
				2.667,
				0
			]
		},
		{
			"Target": "Parameter",
			"Id": "Param_Angle_Rotation141",
			"Segments": [
				0,
				0,
				1,
				0.156,
				0,
				0.311,
				6,
				0.467,
				6,
				1,
				0.611,
				6,
				0.756,
				-5,
				0.9,
				-5,
				1,
				1.1,
				-5,
				1.3,
				4,
				1.5,
				4,
				1,
				1.667,
				4,
				1.833,
				0,
				2,
				0,
				1,
				2.111,
				0,
				2.222,
				0,
				2.333,
				0,
				0,
				2.667,
				0
			]
		},
		{
			"Target": "Parameter",
			"Id": "Param_Angle_Rotation145",
			"Segments": [
				0,
				0,
				1,
				0.156,
				0,
				0.311,
				7,
				0.467,
				7,
				1,
				0.611,
				7,
				0.756,
				-5,
				0.9,
				-5,
				1,
				1.1,
				-5,
				1.3,
				4,
				1.5,
				4,
				1,
				1.667,
				4,
				1.833,
				0,
				2,
				0,
				1,
				2.111,
				0,
				2.222,
				0,
				2.333,
				0,
				0,
				2.667,
				0
			]
		},
		{
			"Target": "Parameter",
			"Id": "Param_Angle_Rotation149",
			"Segments": [
				0,
				0,
				1,
				0.156,
				0,
				0.311,
				9,
				0.467,
				9,
				1,
				0.611,
				9,
				0.756,
				-5,
				0.9,
				-5,
				1,
				1.1,
				-5,
				1.3,
				4,
				1.5,
				4,
				1,
				1.667,
				4,
				1.833,
				0,
				2,
				0,
				1,
				2.111,
				0,
				2.222,
				0,
				2.333,
				0,
				0,
				2.667,
				0
			]
		}
	]
}