{
	"Version": 3,
	"Meta": {
		"Duration": 4.4,
		"Fps": 30.0,
		"Loop": true,
		"AreBeziersRestricted": false,
		"CurveCount": 157,
		"TotalSegmentCount": 940,
		"TotalPointCount": 2761,
		"UserDataCount": 0,
		"TotalUserDataSize": 0
	},
	"Curves": [
		{
			"Target": "Parameter",
			"Id": "ParamPaiX",
			"Segments": [
				0,
				0,
				1,
				0.1,
				0,
				0.2,
				-0.067,
				0.3,
				5,
				1,
				0.389,
				9.504,
				0.478,
				30,
				0.567,
				30,
				1,
				0.656,
				30,
				0.744,
				14.555,
				0.833,
				5,
				1,
				0.933,
				-5.749,
				1.033,
				-7,
				1.133,
				-7,
				1,
				1.3,
				-7,
				1.467,
				-7.187,
				1.633,
				-6,
				1,
				1.856,
				-4.417,
				2.078,
				0,
				2.3,
				0,
				1,
				2.433,
				0,
				2.567,
				-2,
				2.7,
				-2,
				1,
				2.789,
				-2,
				2.878,
				0,
				2.967,
				0,
				1,
				3.056,
				0,
				3.144,
				-1,
				3.233,
				-1,
				1,
				3.322,
				-1,
				3.411,
				0,
				3.5,
				0,
				1,
				3.6,
				0,
				3.7,
				0,
				3.8,
				0,
				1,
				3.889,
				0,
				3.978,
				0,
				4.067,
				0,
				1,
				4.178,
				0,
				4.289,
				0,
				4.4,
				0
			]
		},
		{
			"Target": "Parameter",
			"Id": "ParamPaiY",
			"Segments": [
				0,
				0,
				1,
				0.1,
				0,
				0.2,
				-0.099,
				0.3,
				3.81,
				1,
				0.389,
				7.285,
				0.478,
				26,
				0.567,
				26,
				1,
				0.656,
				26,
				0.744,
				18.767,
				0.833,
				1.81,
				1,
				0.933,
				-17.266,
				1.033,
				-28.19,
				1.133,
				-28.19,
				1,
				1.3,
				-28.19,
				1.467,
				-12.093,
				1.633,
				0.81,
				1,
				1.856,
				18.015,
				2.078,
				21.81,
				2.3,
				21.81,
				1,
				2.433,
				21.81,
				2.567,
				-26.19,
				2.7,
				-26.19,
				1,
				2.789,
				-26.19,
				2.878,
				1.81,
				2.967,
				1.81,
				1,
				3.056,
				1.81,
				3.144,
				-17.19,
				3.233,
				-17.19,
				1,
				3.322,
				-17.19,
				3.411,
				-4.19,
				3.5,
				-4.19,
				1,
				3.6,
				-4.19,
				3.7,
				-9.19,
				3.8,
				-9.19,
				1,
				3.889,
				-9.19,
				3.978,
				-8.19,
				4.067,
				-8.19,
				1,
				4.178,
				-8.19,
				4.289,
				-8.8,
				4.4,
				-8.8
			]
		},
		{
			"Target": "Parameter",
			"Id": "ParamPaiX2",
			"Segments": [
				0,
				0,
				1,
				0.078,
				0,
				0.156,
				-0.02,
				0.233,
				5,
				1,
				0.322,
				10.737,
				0.411,
				23,
				0.5,
				23,
				1,
				0.589,
				23,
				0.678,
				9.961,
				0.767,
				2,
				1,
				0.867,
				-6.956,
				0.967,
				-8,
				1.067,
				-8,
				1,
				1.233,
				-8,
				1.4,
				-8,
				1.567,
				-8,
				1,
				1.789,
				-8,
				2.011,
				0,
				2.233,
				0,
				1,
				2.367,
				0,
				2.5,
				-3,
				2.633,
				-3,
				1,
				2.722,
				-3,
				2.811,
				-1,
				2.9,
				-1,
				1,
				2.989,
				-1,
				3.078,
				-2,
				3.167,
				-2,
				1,
				3.256,
				-2,
				3.344,
				0,
				3.433,
				0,
				1,
				3.533,
				0,
				3.633,
				0,
				3.733,
				0,
				1,
				3.844,
				0,
				3.956,
				0,
				4.067,
				0,
				1,
				4.178,
				0,
				4.289,
				0,
				4.4,
				0
			]
		},
		{
			"Target": "Parameter",
			"Id": "ParamPaiY2",
			"Segments": [
				0,
				0,
				1,
				0.078,
				0,
				0.156,
				0.261,
				0.233,
				7.552,
				1,
				0.322,
				15.884,
				0.411,
				30,
				0.5,
				30,
				1,
				0.589,
				30,
				0.678,
				20.242,
				0.767,
				2.552,
				1,
				0.867,
				-17.35,
				0.967,
				-26.448,
				1.067,
				-26.448,
				1,
				1.233,
				-26.448,
				1.4,
				-19.29,
				1.567,
				-6.448,
				1,
				1.789,
				10.675,
				2.011,
				18.552,
				2.233,
				18.552,
				1,
				2.367,
				18.552,
				2.5,
				-29.448,
				2.633,
				-29.448,
				1,
				2.722,
				-29.448,
				2.811,
				-2.448,
				2.9,
				-2.448,
				1,
				2.989,
				-2.448,
				3.078,
				-17.448,
				3.167,
				-17.448,
				1,
				3.256,
				-17.448,
				3.344,
				-5.448,
				3.433,
				-5.448,
				1,
				3.533,
				-5.448,
				3.633,
				-12.448,
				3.733,
				-12.448,
				1,
				3.844,
				-12.448,
				3.956,
				-11.448,
				4.067,
				-11.448,
				1,
				4.178,
				-11.448,
				4.289,
				-11.9,
				4.4,
				-11.9
			]
		},
		{
			"Target": "Parameter",
			"Id": "ParamPai2X",
			"Segments": [
				0,
				0,
				1,
				0.111,
				0,
				0.222,
				2,
				0.333,
				2,
				1,
				0.422,
				2,
				0.511,
				-26,
				0.6,
				-26,
				1,
				0.689,
				-26,
				0.778,
				6,
				0.867,
				6,
				1,
				0.967,
				6,
				1.067,
				-9,
				1.167,
				-9,
				1,
				1.333,
				-9,
				1.5,
				-9,
				1.667,
				-9,
				1,
				1.889,
				-9,
				2.111,
				1,
				2.333,
				1,
				1,
				2.467,
				1,
				2.6,
				-3,
				2.733,
				-3,
				1,
				2.822,
				-3,
				2.911,
				1,
				3,
				1,
				1,
				3.089,
				1,
				3.178,
				-2,
				3.267,
				-2,
				1,
				3.356,
				-2,
				3.444,
				0,
				3.533,
				0,
				1,
				3.633,
				0,
				3.733,
				0,
				3.833,
				0,
				1,
				3.911,
				0,
				3.989,
				0,
				4.067,
				0,
				1,
				4.178,
				0,
				4.289,
				0,
				4.4,
				0
			]
		},
		{
			"Target": "Parameter",
			"Id": "ParamPai2Y",
			"Segments": [
				0,
				0,
				1,
				0.111,
				0,
				0.222,
				0.679,
				0.333,
				8.621,
				1,
				0.422,
				14.974,
				0.511,
				30,
				0.6,
				30,
				1,
				0.689,
				30,
				0.778,
				12.671,
				0.867,
				-0.379,
				1,
				0.967,
				-15.061,
				1.067,
				-17.379,
				1.167,
				-17.379,
				1,
				1.333,
				-17.379,
				1.5,
				-5.64,
				1.667,
				5.621,
				1,
				1.889,
				20.635,
				2.111,
				24.621,
				2.333,
				24.621,
				1,
				2.467,
				24.621,
				2.6,
				-23.379,
				2.733,
				-23.379,
				1,
				2.822,
				-23.379,
				2.911,
				0.621,
				3,
				0.621,
				1,
				3.089,
				0.621,
				3.178,
				-13.379,
				3.267,
				-13.379,
				1,
				3.356,
				-13.379,
				3.444,
				-1.379,
				3.533,
				-1.379,
				1,
				3.633,
				-1.379,
				3.733,
				-6.379,
				3.833,
				-6.379,
				1,
				3.911,
				-6.379,
				3.989,
				-5.379,
				4.067,
				-5.379,
				1,
				4.178,
				-5.379,
				4.289,
				-6,
				4.4,
				-6
			]
		},
		{
			"Target": "Parameter",
			"Id": "ParamPai2X2",
			"Segments": [
				0,
				0,
				1,
				0.089,
				0,
				0.178,
				2,
				0.267,
				2,
				1,
				0.356,
				2,
				0.444,
				-20,
				0.533,
				-20,
				1,
				0.622,
				-20,
				0.711,
				4,
				0.8,
				4,
				1,
				0.9,
				4,
				1,
				-7,
				1.1,
				-7,
				1,
				1.267,
				-7,
				1.433,
				-7,
				1.6,
				-7,
				1,
				1.822,
				-7,
				2.044,
				0,
				2.267,
				0,
				1,
				2.4,
				0,
				2.533,
				-2,
				2.667,
				-2,
				1,
				2.756,
				-2,
				2.844,
				0,
				2.933,
				0,
				1,
				3.022,
				0,
				3.111,
				-4,
				3.2,
				-4,
				1,
				3.289,
				-4,
				3.378,
				1,
				3.467,
				1,
				1,
				3.567,
				1,
				3.667,
				0,
				3.767,
				0,
				1,
				3.867,
				0,
				3.967,
				0,
				4.067,
				0,
				1,
				4.178,
				0,
				4.289,
				0,
				4.4,
				0
			]
		},
		{
			"Target": "Parameter",
			"Id": "ParamPai2Y2",
			"Segments": [
				0,
				0,
				1,
				0.089,
				0,
				0.178,
				4.05,
				0.267,
				14,
				1,
				0.356,
				23.95,
				0.444,
				30,
				0.533,
				30,
				1,
				0.622,
				30,
				0.711,
				18.599,
				0.8,
				6,
				1,
				0.9,
				-8.174,
				1,
				-12,
				1.1,
				-12,
				1,
				1.267,
				-12,
				1.433,
				-6,
				1.6,
				6,
				1,
				1.822,
				22,
				2.044,
				30,
				2.267,
				30,
				1,
				2.4,
				30,
				2.533,
				-12,
				2.667,
				-12,
				1,
				2.756,
				-12,
				2.844,
				5,
				2.933,
				5,
				1,
				3.022,
				5,
				3.111,
				-6,
				3.2,
				-6,
				1,
				3.289,
				-6,
				3.378,
				4,
				3.467,
				4,
				1,
				3.567,
				4,
				3.667,
				-1,
				3.767,
				-1,
				1,
				3.867,
				-1,
				3.967,
				0,
				4.067,
				0,
				1,
				4.178,
				0,
				4.289,
				-8,
				4.4,
				-8
			]
		},
		{
			"Target": "Parameter",
			"Id": "ParamArm2R",
			"Segments": [
				0,
				0,
				1,
				0.256,
				0,
				0.511,
				-16,
				0.767,
				-16,
				1,
				1.033,
				-16,
				1.3,
				-10.986,
				1.567,
				-2,
				1,
				1.833,
				6.986,
				2.1,
				11,
				2.367,
				11,
				1,
				2.756,
				11,
				3.144,
				0,
				3.533,
				0,
				1,
				3.822,
				0,
				4.111,
				0,
				4.4,
				0
			]
		},
		{
			"Target": "Parameter",
			"Id": "ParamArmR",
			"Segments": [
				0,
				2.274,
				0,
				0.133,
				2.274,
				1,
				0.433,
				2.274,
				0.733,
				-4.726,
				1.033,
				-4.726,
				1,
				1.311,
				-4.726,
				1.589,
				3.182,
				1.867,
				5.274,
				1,
				2.156,
				7.45,
				2.444,
				7.274,
				2.733,
				7.274,
				1,
				3.033,
				7.274,
				3.333,
				2.274,
				3.633,
				2.274,
				1,
				3.889,
				2.274,
				4.144,
				3.35,
				4.4,
				3.35
			]
		},
		{
			"Target": "Parameter",
			"Id": "ParamHandR",
			"Segments": [
				0,
				2.578,
				0,
				0.233,
				2.578,
				1,
				0.6,
				2.578,
				0.967,
				-27.422,
				1.333,
				-27.422,
				1,
				1.644,
				-27.422,
				1.956,
				11.578,
				2.267,
				11.578,
				1,
				2.522,
				11.578,
				2.778,
				10.36,
				3.033,
				7.578,
				1,
				3.267,
				5.038,
				3.5,
				3.578,
				3.733,
				3.578,
				1,
				3.956,
				3.578,
				4.178,
				5.35,
				4.4,
				5.35
			]
		},
		{
			"Target": "Parameter",
			"Id": "ParamArm2L",
			"Segments": [
				0,
				0,
				1,
				0.256,
				0,
				0.511,
				15,
				0.767,
				15,
				1,
				1.122,
				15,
				1.478,
				15,
				1.833,
				15,
				1,
				2.1,
				15,
				2.367,
				-29,
				2.633,
				-29,
				1,
				3.033,
				-29,
				3.433,
				0,
				3.833,
				0,
				1,
				4.022,
				0,
				4.211,
				0,
				4.4,
				0
			]
		},
		{
			"Target": "Parameter",
			"Id": "ParamArmL",
			"Segments": [
				0,
				5.276,
				0,
				0.1,
				5.276,
				1,
				0.356,
				5.276,
				0.611,
				10.276,
				0.867,
				10.276,
				1,
				1.222,
				10.276,
				1.578,
				10.276,
				1.933,
				10.276,
				1,
				2.2,
				10.276,
				2.467,
				-5.724,
				2.733,
				-5.724,
				1,
				3.133,
				-5.724,
				3.533,
				4.276,
				3.933,
				4.276,
				1,
				4.089,
				4.276,
				4.244,
				3,
				4.4,
				3
			]
		},
		{
			"Target": "Parameter",
			"Id": "ParamHandL",
			"Segments": [
				0,
				-10.399,
				0,
				0.2,
				-10.399,
				1,
				0.456,
				-10.399,
				0.711,
				-25.399,
				0.967,
				-25.399,
				1,
				1.322,
				-25.399,
				1.678,
				-25.399,
				2.033,
				-25.399,
				1,
				2.3,
				-25.399,
				2.567,
				-25.79,
				2.833,
				-23.399,
				1,
				3.233,
				-19.812,
				3.633,
				-11.399,
				4.033,
				-11.399,
				1,
				4.156,
				-11.399,
				4.278,
				-16.75,
				4.4,
				-16.75
			]
		},
		{
			"Target": "Parameter",
			"Id": "ParamKazariX",
			"Segments": [
				0,
				0,
				1,
				0.3,
				0,
				0.6,
				-12,
				0.9,
				-12,
				1,
				1.289,
				-12,
				1.678,
				27,
				2.067,
				27,
				1,
				2.311,
				27,
				2.556,
				-5,
				2.8,
				-5,
				1,
				3.089,
				-5,
				3.378,
				0,
				3.667,
				0,
				0,
				4.4,
				0
			]
		},
		{
			"Target": "Parameter",
			"Id": "ParamKazariY",
			"Segments": [
				0,
				0,
				1,
				0.3,
				0,
				0.6,
				20,
				0.9,
				20,
				1,
				1.289,
				20,
				1.678,
				19.535,
				2.067,
				14,
				1,
				2.311,
				10.521,
				2.556,
				-2,
				2.8,
				-2,
				1,
				3.089,
				-2,
				3.378,
				0,
				3.667,
				0,
				0,
				4.4,
				0
			]
		},
		{
			"Target": "Parameter",
			"Id": "ParamPaiRibonX",
			"Segments": [
				0,
				0,
				1,
				0.3,
				0,
				0.6,
				-18,
				0.9,
				-18,
				1,
				1.289,
				-18,
				1.678,
				25,
				2.067,
				25,
				1,
				2.356,
				25,
				2.644,
				-3,
				2.933,
				-3,
				1,
				3.178,
				-3,
				3.422,
				0,
				3.667,
				0,
				0,
				4.4,
				0
			]
		},
		{
			"Target": "Parameter",
			"Id": "ParamPaiRibonY",
			"Segments": [
				0,
				0,
				1,
				0.3,
				0,
				0.6,
				1,
				0.9,
				1,
				1,
				1.289,
				1,
				1.678,
				-5,
				2.067,
				-5,
				1,
				2.356,
				-5,
				2.644,
				-2.27,
				2.933,
				-1,
				1,
				3.178,
				0.075,
				3.422,
				0,
				3.667,
				0,
				0,
				4.4,
				0
			]
		},
		{
			"Target": "Parameter",
			"Id": "ParamPaiHiraX",
			"Segments": [
				0,
				0,
				1,
				0.156,
				0,
				0.311,
				-9,
				0.467,
				-9,
				1,
				0.711,
				-9,
				0.956,
				-8,
				1.2,
				-8,
				1,
				1.511,
				-8,
				1.822,
				-8,
				2.133,
				-8,
				1,
				2.311,
				-8,
				2.489,
				-7.216,
				2.667,
				-6,
				1,
				2.778,
				-5.24,
				2.889,
				-4.694,
				3,
				-4,
				1,
				3.156,
				-3.029,
				3.311,
				-1.883,
				3.467,
				-1,
				1,
				3.6,
				-0.243,
				3.733,
				0,
				3.867,
				0,
				0,
				4.4,
				0
			]
		},
		{
			"Target": "Parameter",
			"Id": "ParamPaiHiraY",
			"Segments": [
				0,
				0,
				1,
				0.156,
				0,
				0.311,
				-30,
				0.467,
				-30,
				1,
				0.711,
				-30,
				0.956,
				10,
				1.2,
				10,
				1,
				1.511,
				10,
				1.822,
				-30,
				2.133,
				-30,
				1,
				2.311,
				-30,
				2.489,
				12,
				2.667,
				12,
				1,
				2.778,
				12,
				2.889,
				-8,
				3,
				-8,
				1,
				3.156,
				-8,
				3.311,
				6,
				3.467,
				6,
				1,
				3.6,
				6,
				3.733,
				0,
				3.867,
				0,
				0,
				4.4,
				0
			]
		},
		{
			"Target": "Parameter",
			"Id": "ParamHiraX",
			"Segments": [
				0,
				0,
				1,
				0.3,
				0,
				0.6,
				-25,
				0.9,
				-25,
				1,
				1.256,
				-25,
				1.611,
				7,
				1.967,
				7,
				1,
				2.278,
				7,
				2.589,
				-5,
				2.9,
				-5,
				1,
				3.156,
				-5,
				3.411,
				0,
				3.667,
				0,
				0,
				4.4,
				0
			]
		},
		{
			"Target": "Parameter",
			"Id": "ParamHiraY",
			"Segments": [
				0,
				0,
				1,
				0.3,
				0,
				0.6,
				26,
				0.9,
				26,
				1,
				1.256,
				26,
				1.611,
				-14,
				1.967,
				-14,
				1,
				2.278,
				-14,
				2.589,
				-2.588,
				2.9,
				-1,
				1,
				3.156,
				0.305,
				3.411,
				0,
				3.667,
				0,
				0,
				4.4,
				0
			]
		},
		{
			"Target": "Parameter",
			"Id": "ParamAngleX",
			"Segments": [
				0,
				-3.569,
				1,
				0.167,
				-3.569,
				0.333,
				-1.048,
				0.5,
				4.431,
				1,
				0.678,
				10.276,
				0.856,
				13.431,
				1.033,
				13.431,
				1,
				1.322,
				13.431,
				1.611,
				-13.569,
				1.9,
				-13.569,
				1,
				2.144,
				-13.569,
				2.389,
				-11.687,
				2.633,
				-9.569,
				1,
				2.867,
				-7.547,
				3.1,
				-5.823,
				3.333,
				-4.569,
				1,
				3.5,
				-3.673,
				3.667,
				-3.569,
				3.833,
				-3.569,
				1,
				4.022,
				-3.569,
				4.211,
				-4,
				4.4,
				-4
			]
		},
		{
			"Target": "Parameter",
			"Id": "ParamAngleY",
			"Segments": [
				0,
				0,
				1,
				0.167,
				0,
				0.333,
				-9,
				0.5,
				-9,
				1,
				0.678,
				-9,
				0.856,
				8,
				1.033,
				8,
				1,
				1.322,
				8,
				1.611,
				7.983,
				1.9,
				4,
				1,
				2.144,
				0.63,
				2.389,
				-10,
				2.633,
				-10,
				1,
				2.867,
				-10,
				3.1,
				2,
				3.333,
				2,
				1,
				3.5,
				2,
				3.667,
				0,
				3.833,
				0,
				1,
				4.022,
				0,
				4.211,
				0,
				4.4,
				0
			]
		},
		{
			"Target": "Parameter",
			"Id": "ParamAngleZ",
			"Segments": [
				0,
				0,
				1,
				0.311,
				0,
				0.622,
				13,
				0.933,
				13,
				1,
				1.222,
				13,
				1.511,
				-0.09,
				1.8,
				-9,
				1,
				2.044,
				-16.539,
				2.289,
				-17,
				2.533,
				-17,
				1,
				2.767,
				-17,
				3,
				-10.304,
				3.233,
				-5,
				1,
				3.433,
				-0.454,
				3.633,
				0,
				3.833,
				0,
				1,
				4.022,
				0,
				4.211,
				0,
				4.4,
				0
			]
		},
		{
			"Target": "Parameter",
			"Id": "ParamEyeLOpen",
			"Segments": [
				0,
				1,
				1,
				0.167,
				1,
				0.333,
				1,
				0.5,
				1,
				1,
				0.711,
				1,
				0.922,
				1.1,
				1.133,
				1.1,
				1,
				1.411,
				1.1,
				1.689,
				1,
				1.967,
				1,
				0,
				4.4,
				1
			]
		},
		{
			"Target": "Parameter",
			"Id": "ParamEyeLSmile",
			"Segments": [
				0,
				0,
				1,
				0.589,
				0,
				1.178,
				0,
				1.767,
				0,
				1,
				1.989,
				0,
				2.211,
				1,
				2.433,
				1,
				1,
				2.6,
				1,
				2.767,
				1,
				2.933,
				1,
				1,
				3.1,
				1,
				3.267,
				0,
				3.433,
				0,
				0,
				4.4,
				0
			]
		},
		{
			"Target": "Parameter",
			"Id": "ParamEyeROpen",
			"Segments": [
				0,
				1,
				1,
				0.167,
				1,
				0.333,
				1,
				0.5,
				1,
				1,
				0.711,
				1,
				0.922,
				1.1,
				1.133,
				1.1,
				1,
				1.411,
				1.1,
				1.689,
				1,
				1.967,
				1,
				0,
				4.4,
				1
			]
		},
		{
			"Target": "Parameter",
			"Id": "ParamEyeRSmile",
			"Segments": [
				0,
				0,
				1,
				0.589,
				0,
				1.178,
				0,
				1.767,
				0,
				1,
				1.989,
				0,
				2.211,
				1,
				2.433,
				1,
				1,
				2.6,
				1,
				2.767,
				1,
				2.933,
				1,
				1,
				3.1,
				1,
				3.267,
				0,
				3.433,
				0,
				0,
				4.4,
				0
			]
		},
		{
			"Target": "Parameter",
			"Id": "ParamEyeBallX",
			"Segments": [
				0,
				0,
				1,
				0.322,
				0,
				0.644,
				-0.5,
				0.967,
				-0.5,
				1,
				1.256,
				-0.5,
				1.544,
				0.2,
				1.833,
				0.2,
				1,
				2.5,
				0.2,
				3.167,
				0,
				3.833,
				0,
				0,
				4.4,
				0
			]
		},
		{
			"Target": "Parameter",
			"Id": "ParamEyeBallY",
			"Segments": [
				0,
				0,
				1,
				0.322,
				0,
				0.644,
				-0.1,
				0.967,
				-0.1,
				1,
				1.256,
				-0.1,
				1.544,
				0,
				1.833,
				0,
				1,
				2.5,
				0,
				3.167,
				0,
				3.833,
				0,
				0,
				4.4,
				0
			]
		},
		{
			"Target": "Parameter",
			"Id": "ParamBrowY",
			"Segments": [
				0,
				0,
				0,
				4.4,
				0
			]
		},
		{
			"Target": "Parameter",
			"Id": "ParamBrowAngle",
			"Segments": [
				0,
				0,
				0,
				4.4,
				0
			]
		},
		{
			"Target": "Parameter",
			"Id": "ParamBrowForm",
			"Segments": [
				0,
				0,
				0,
				4.4,
				0
			]
		},
		{
			"Target": "Parameter",
			"Id": "ParamMouthForm",
			"Segments": [
				0,
				0,
				1,
				0.322,
				0,
				0.644,
				0,
				0.967,
				0,
				0,
				4.4,
				0
			]
		},
		{
			"Target": "Parameter",
			"Id": "ParamMouthOpenY",
			"Segments": [
				0,
				0,
				1,
				0.322,
				0,
				0.644,
				1,
				0.967,
				1,
				1,
				1.122,
				1,
				1.278,
				0,
				1.433,
				0,
				0,
				4.4,
				0
			]
		},
		{
			"Target": "Parameter",
			"Id": "ParamCheek",
			"Segments": [
				0,
				0,
				1,
				0.344,
				0,
				0.689,
				1,
				1.033,
				1,
				1,
				1.578,
				1,
				2.122,
				1,
				2.667,
				1,
				1,
				3.056,
				1,
				3.444,
				0,
				3.833,
				0,
				0,
				4.4,
				0
			]
		},
		{
			"Target": "Parameter",
			"Id": "ParamBodyAngleX",
			"Segments": [
				0,
				0,
				1,
				0.322,
				0,
				0.644,
				2,
				0.967,
				2,
				1,
				1.256,
				2,
				1.544,
				-1,
				1.833,
				-1,
				1,
				2.078,
				-1,
				2.322,
				2,
				2.567,
				2,
				1,
				2.989,
				2,
				3.411,
				0,
				3.833,
				0,
				1,
				4.022,
				0,
				4.211,
				0,
				4.4,
				0
			]
		},
		{
			"Target": "Parameter",
			"Id": "ParamBodyAngleY",
			"Segments": [
				0,
				0,
				1,
				0.144,
				0,
				0.289,
				0.409,
				0.433,
				1,
				1,
				0.611,
				1.728,
				0.789,
				2,
				0.967,
				2,
				1,
				1.122,
				2,
				1.278,
				1.002,
				1.433,
				0,
				1,
				1.567,
				-0.859,
				1.7,
				-1,
				1.833,
				-1,
				1,
				2.078,
				-1,
				2.322,
				1,
				2.567,
				1,
				1,
				2.989,
				1,
				3.411,
				0,
				3.833,
				0,
				1,
				4.022,
				0,
				4.211,
				0,
				4.4,
				0
			]
		},
		{
			"Target": "Parameter",
			"Id": "ParamBodyAngleZ",
			"Segments": [
				0,
				0,
				1,
				0.144,
				0,
				0.289,
				-5,
				0.433,
				-5,
				1,
				0.611,
				-5,
				0.789,
				-1.281,
				0.967,
				0,
				1,
				1.122,
				1.121,
				1.278,
				1,
				1.433,
				1,
				1,
				1.567,
				1,
				1.7,
				0.433,
				1.833,
				0,
				1,
				2.078,
				-0.794,
				2.322,
				-1,
				2.567,
				-1,
				1,
				2.989,
				-1,
				3.411,
				0,
				3.833,
				0,
				1,
				4.022,
				0,
				4.211,
				0,
				4.4,
				0
			]
		},
		{
			"Target": "Parameter",
			"Id": "ParamBreat",
			"Segments": [
				0,
				0,
				1,
				0.444,
				0,
				0.889,
				1,
				1.333,
				1,
				1,
				1.844,
				1,
				2.356,
				0,
				2.867,
				0,
				1,
				3.189,
				0,
				3.511,
				0,
				3.833,
				0,
				1,
				4.022,
				0,
				4.211,
				0.5,
				4.4,
				0.5
			]
		},
		{
			"Target": "Parameter",
			"Id": "ParamHairFront",
			"Segments": [
				0,
				0,
				1,
				0.3,
				0,
				0.6,
				-0.8,
				0.9,
				-0.8,
				1,
				1.267,
				-0.8,
				1.633,
				0.7,
				2,
				0.7,
				1,
				2.244,
				0.7,
				2.489,
				-0.1,
				2.733,
				-0.1,
				1,
				3.033,
				-0.1,
				3.333,
				0,
				3.633,
				0,
				0,
				4.4,
				0
			]
		},
		{
			"Target": "Parameter",
			"Id": "ParamHairSide",
			"Segments": [
				0,
				0,
				1,
				0.344,
				0,
				0.689,
				-1,
				1.033,
				-1,
				1,
				1.378,
				-1,
				1.722,
				0.5,
				2.067,
				0.5,
				1,
				2.322,
				0.5,
				2.578,
				-0.1,
				2.833,
				-0.1,
				1,
				3.133,
				-0.1,
				3.433,
				0,
				3.733,
				0,
				0,
				4.4,
				0
			]
		},
		{
			"Target": "Parameter",
			"Id": "ParamHairBack",
			"Segments": [
				0,
				0,
				0,
				4.4,
				0
			]
		},
		{
			"Target": "Parameter",
			"Id": "ParamHairW",
			"Segments": [
				0,
				0,
				1,
				1.467,
				0,
				2.933,
				0,
				4.4,
				0
			]
		},
		{
			"Target": "Parameter",
			"Id": "ParamItiX",
			"Segments": [
				0,
				0,
				1,
				0.144,
				0,
				0.289,
				0,
				0.433,
				0,
				1,
				0.644,
				0,
				0.856,
				2,
				1.067,
				2,
				1,
				1.333,
				2,
				1.6,
				2,
				1.867,
				2,
				1,
				2.089,
				2,
				2.311,
				3,
				2.533,
				3,
				1,
				2.967,
				3,
				3.4,
				0,
				3.833,
				0,
				0,
				4.4,
				0
			]
		},
		{
			"Target": "Parameter",
			"Id": "ParamItiY",
			"Segments": [
				0,
				0,
				1,
				0.144,
				0,
				0.289,
				-6,
				0.433,
				-6,
				1,
				0.644,
				-6,
				0.856,
				-0.267,
				1.067,
				2,
				1,
				1.333,
				4.863,
				1.6,
				5,
				1.867,
				5,
				1,
				2.089,
				5,
				2.311,
				-5,
				2.533,
				-5,
				1,
				2.967,
				-5,
				3.4,
				0,
				3.833,
				0,
				0,
				4.4,
				0
			]
		},
		{
			"Target": "Parameter",
			"Id": "Param_Angle_Rotation17",
			"Segments": [
				0,
				0,
				1,
				0.222,
				0,
				0.444,
				7,
				0.667,
				7,
				1,
				0.844,
				7,
				1.022,
				7.377,
				1.2,
				5,
				1,
				1.444,
				1.732,
				1.689,
				-8,
				1.933,
				-8,
				1,
				2.267,
				-8,
				2.6,
				-5.895,
				2.933,
				-2,
				1,
				3.056,
				-0.572,
				3.178,
				0,
				3.3,
				0,
				1,
				3.667,
				0,
				4.033,
				0,
				4.4,
				0
			]
		},
		{
			"Target": "Parameter",
			"Id": "Param_Angle_Rotation18",
			"Segments": [
				0,
				-2.787,
				0,
				0.233,
				-2.787,
				1,
				0.456,
				-2.787,
				0.678,
				-5.787,
				0.9,
				-5.787,
				1,
				1.078,
				-5.787,
				1.256,
				-0.787,
				1.433,
				-0.787,
				1,
				1.678,
				-0.787,
				1.922,
				-5.787,
				2.167,
				-5.787,
				1,
				2.5,
				-5.787,
				2.833,
				-0.787,
				3.167,
				-0.787,
				1,
				3.289,
				-0.787,
				3.411,
				-2.787,
				3.533,
				-2.787,
				1,
				3.822,
				-2.787,
				4.111,
				-2.55,
				4.4,
				-2.55
			]
		},
		{
			"Target": "Parameter",
			"Id": "Param_Angle_Rotation19",
			"Segments": [
				0,
				-3.984,
				0,
				0.5,
				-3.984,
				1,
				0.722,
				-3.984,
				0.944,
				-6.984,
				1.167,
				-6.984,
				1,
				1.344,
				-6.984,
				1.522,
				-1.984,
				1.7,
				-1.984,
				1,
				1.944,
				-1.984,
				2.189,
				-6.984,
				2.433,
				-6.984,
				1,
				2.767,
				-6.984,
				3.1,
				-1.984,
				3.433,
				-1.984,
				1,
				3.556,
				-1.984,
				3.678,
				-3.222,
				3.8,
				-3.984,
				1,
				4,
				-5.231,
				4.2,
				-5.47,
				4.4,
				-5.47
			]
		},
		{
			"Target": "Parameter",
			"Id": "Param_Angle_Rotation20",
			"Segments": [
				0,
				-15.347,
				0,
				0.733,
				-15.347,
				1,
				0.956,
				-15.347,
				1.178,
				-17.347,
				1.4,
				-17.347,
				1,
				1.578,
				-17.347,
				1.756,
				-12.347,
				1.933,
				-12.347,
				1,
				2.178,
				-12.347,
				2.422,
				-17.347,
				2.667,
				-17.347,
				1,
				3,
				-17.347,
				3.333,
				-13.347,
				3.667,
				-13.347,
				1,
				3.789,
				-13.347,
				3.911,
				-14.839,
				4.033,
				-15.347,
				1,
				4.156,
				-15.855,
				4.278,
				-15.82,
				4.4,
				-15.82
			]
		},
		{
			"Target": "Parameter",
			"Id": "Param_Angle_Rotation22",
			"Segments": [
				0,
				0,
				1,
				0.222,
				0,
				0.444,
				6,
				0.667,
				6,
				1,
				0.844,
				6,
				1.022,
				6.343,
				1.2,
				5,
				1,
				1.444,
				3.153,
				1.689,
				-8,
				1.933,
				-8,
				1,
				2.267,
				-8,
				2.6,
				-5.895,
				2.933,
				-2,
				1,
				3.056,
				-0.572,
				3.178,
				0,
				3.3,
				0,
				1,
				3.667,
				0,
				4.033,
				0,
				4.4,
				0
			]
		},
		{
			"Target": "Parameter",
			"Id": "Param_Angle_Rotation23",
			"Segments": [
				0,
				-1.983,
				0,
				0.233,
				-1.983,
				1,
				0.456,
				-1.983,
				0.678,
				-4.983,
				0.9,
				-4.983,
				1,
				1.078,
				-4.983,
				1.256,
				0.017,
				1.433,
				0.017,
				1,
				1.678,
				0.017,
				1.922,
				-5.983,
				2.167,
				-5.983,
				1,
				2.5,
				-5.983,
				2.833,
				-0.983,
				3.167,
				-0.983,
				1,
				3.289,
				-0.983,
				3.411,
				-1.776,
				3.533,
				-1.983,
				1,
				3.822,
				-2.471,
				4.111,
				-2.55,
				4.4,
				-2.55
			]
		},
		{
			"Target": "Parameter",
			"Id": "Param_Angle_Rotation24",
			"Segments": [
				0,
				-5.874,
				0,
				0.5,
				-5.874,
				1,
				0.722,
				-5.874,
				0.944,
				-8.874,
				1.167,
				-8.874,
				1,
				1.344,
				-8.874,
				1.522,
				-2.874,
				1.7,
				-2.874,
				1,
				1.944,
				-2.874,
				2.189,
				-8.874,
				2.433,
				-8.874,
				1,
				2.767,
				-8.874,
				3.1,
				-2.874,
				3.433,
				-2.874,
				1,
				3.556,
				-2.874,
				3.678,
				-5.312,
				3.8,
				-5.874,
				1,
				4,
				-6.795,
				4.2,
				-6.84,
				4.4,
				-6.84
			]
		},
		{
			"Target": "Parameter",
			"Id": "Param_Angle_Rotation25",
			"Segments": [
				0,
				-8.861,
				0,
				0.733,
				-8.861,
				1,
				0.956,
				-8.861,
				1.178,
				-11.861,
				1.4,
				-11.861,
				1,
				1.578,
				-11.861,
				1.756,
				-6.861,
				1.933,
				-6.861,
				1,
				2.178,
				-6.861,
				2.422,
				-11.861,
				2.667,
				-11.861,
				1,
				3,
				-11.861,
				3.333,
				-5.861,
				3.667,
				-5.861,
				1,
				3.789,
				-5.861,
				3.911,
				-7.846,
				4.033,
				-8.861,
				1,
				4.156,
				-9.875,
				4.278,
				-9.89,
				4.4,
				-9.89
			]
		},
		{
			"Target": "Parameter",
			"Id": "Param_Angle_Rotation27",
			"Segments": [
				0,
				0,
				1,
				0.222,
				0,
				0.444,
				7,
				0.667,
				7,
				1,
				0.833,
				7,
				1,
				6.6,
				1.167,
				2.54,
				1,
				1.422,
				-3.685,
				1.678,
				-10,
				1.933,
				-10,
				1,
				2.267,
				-10,
				2.6,
				-6.732,
				2.933,
				-2,
				1,
				3.056,
				-0.265,
				3.178,
				0,
				3.3,
				0,
				1,
				3.667,
				0,
				4.033,
				0,
				4.4,
				0
			]
		},
		{
			"Target": "Parameter",
			"Id": "Param_Angle_Rotation28",
			"Segments": [
				0,
				-0.736,
				0,
				0.233,
				-0.736,
				1,
				0.456,
				-0.736,
				0.678,
				-2.736,
				0.9,
				-2.736,
				1,
				1.078,
				-2.736,
				1.256,
				4.264,
				1.433,
				4.264,
				1,
				1.678,
				4.264,
				1.922,
				-3.736,
				2.167,
				-3.736,
				1,
				2.5,
				-3.736,
				2.833,
				1.264,
				3.167,
				1.264,
				1,
				3.289,
				1.264,
				3.411,
				-0.328,
				3.533,
				-0.736,
				1,
				3.822,
				-1.699,
				4.111,
				-1.855,
				4.4,
				-1.855
			]
		},
		{
			"Target": "Parameter",
			"Id": "Param_Angle_Rotation29",
			"Segments": [
				0,
				-2.958,
				0,
				0.5,
				-2.958,
				1,
				0.722,
				-2.958,
				0.944,
				-3.958,
				1.167,
				-3.958,
				1,
				1.344,
				-3.958,
				1.522,
				0.042,
				1.7,
				0.042,
				1,
				1.944,
				0.042,
				2.189,
				-6.958,
				2.433,
				-6.958,
				1,
				2.767,
				-6.958,
				3.1,
				-0.958,
				3.433,
				-0.958,
				1,
				3.556,
				-0.958,
				3.678,
				-2.342,
				3.8,
				-2.958,
				1,
				4,
				-3.967,
				4.2,
				-4.1,
				4.4,
				-4.1
			]
		},
		{
			"Target": "Parameter",
			"Id": "Param_Angle_Rotation30",
			"Segments": [
				0,
				-6.649,
				0,
				0.733,
				-6.649,
				1,
				0.956,
				-6.649,
				1.178,
				-8.649,
				1.4,
				-8.649,
				1,
				1.578,
				-8.649,
				1.756,
				-2.649,
				1.933,
				-2.649,
				1,
				2.178,
				-2.649,
				2.422,
				-11.649,
				2.667,
				-11.649,
				1,
				3,
				-11.649,
				3.333,
				-4.649,
				3.667,
				-4.649,
				1,
				3.789,
				-4.649,
				3.911,
				-5.619,
				4.033,
				-6.649,
				1,
				4.156,
				-7.679,
				4.278,
				-7.91,
				4.4,
				-7.91
			]
		},
		{
			"Target": "Parameter",
			"Id": "Param_Angle_Rotation32",
			"Segments": [
				0,
				0,
				1,
				0.222,
				0,
				0.444,
				0,
				0.667,
				0,
				1,
				0.844,
				0,
				1.022,
				3,
				1.2,
				3,
				1,
				1.444,
				3,
				1.689,
				-10,
				1.933,
				-10,
				1,
				2.267,
				-10,
				2.6,
				-7.853,
				2.933,
				-3,
				1,
				3.056,
				-1.22,
				3.178,
				0,
				3.3,
				0,
				1,
				3.667,
				0,
				4.033,
				0,
				4.4,
				0
			]
		},
		{
			"Target": "Parameter",
			"Id": "Param_Angle_Rotation33",
			"Segments": [
				0,
				-0.966,
				0,
				0.233,
				-0.966,
				1,
				0.456,
				-0.966,
				0.678,
				-3.966,
				0.9,
				-3.966,
				1,
				1.078,
				-3.966,
				1.256,
				3.034,
				1.433,
				3.034,
				1,
				1.678,
				3.034,
				1.922,
				-3.966,
				2.167,
				-3.966,
				1,
				2.5,
				-3.966,
				2.833,
				1.034,
				3.167,
				1.034,
				1,
				3.289,
				1.034,
				3.411,
				-0.634,
				3.533,
				-0.966,
				1,
				3.822,
				-1.75,
				4.111,
				-1.86,
				4.4,
				-1.86
			]
		},
		{
			"Target": "Parameter",
			"Id": "Param_Angle_Rotation34",
			"Segments": [
				0,
				-4.148,
				0,
				0.5,
				-4.148,
				1,
				0.722,
				-4.148,
				0.944,
				-6.148,
				1.167,
				-6.148,
				1,
				1.344,
				-6.148,
				1.522,
				-0.148,
				1.7,
				-0.148,
				1,
				1.944,
				-0.148,
				2.189,
				-7.148,
				2.433,
				-7.148,
				1,
				2.767,
				-7.148,
				3.1,
				-2.148,
				3.433,
				-2.148,
				1,
				3.556,
				-2.148,
				3.678,
				-3.453,
				3.8,
				-4.148,
				1,
				4,
				-5.284,
				4.2,
				-5.47,
				4.4,
				-5.47
			]
		},
		{
			"Target": "Parameter",
			"Id": "Param_Angle_Rotation35",
			"Segments": [
				0,
				-6.875,
				0,
				0.733,
				-6.875,
				1,
				0.956,
				-6.875,
				1.178,
				-8.875,
				1.4,
				-8.875,
				1,
				1.6,
				-8.875,
				1.8,
				-3.875,
				2,
				-3.875,
				1,
				2.222,
				-3.875,
				2.444,
				-8.875,
				2.667,
				-8.875,
				1,
				2.978,
				-8.875,
				3.289,
				-3.875,
				3.6,
				-3.875,
				1,
				3.744,
				-3.875,
				3.889,
				-5.681,
				4.033,
				-6.875,
				1,
				4.156,
				-7.886,
				4.278,
				-7.91,
				4.4,
				-7.91
			]
		},
		{
			"Target": "Parameter",
			"Id": "Param_Angle_Rotation37",
			"Segments": [
				0,
				0,
				1,
				0.222,
				0,
				0.444,
				5,
				0.667,
				5,
				1,
				0.844,
				5,
				1.022,
				4.054,
				1.2,
				0,
				1,
				1.444,
				-5.575,
				1.689,
				-10,
				1.933,
				-10,
				1,
				2.267,
				-10,
				2.6,
				-6.732,
				2.933,
				-2,
				1,
				3.056,
				-0.265,
				3.178,
				0,
				3.3,
				0,
				1,
				3.667,
				0,
				4.033,
				0,
				4.4,
				0
			]
		},
		{
			"Target": "Parameter",
			"Id": "Param_Angle_Rotation38",
			"Segments": [
				0,
				-0.328,
				0,
				0.233,
				-0.328,
				1,
				0.456,
				-0.328,
				0.678,
				-3.328,
				0.9,
				-3.328,
				1,
				1.078,
				-3.328,
				1.256,
				0.672,
				1.433,
				0.672,
				1,
				1.678,
				0.672,
				1.922,
				-4.328,
				2.167,
				-4.328,
				1,
				2.5,
				-4.328,
				2.833,
				1.672,
				3.167,
				1.672,
				1,
				3.311,
				1.672,
				3.456,
				0.183,
				3.6,
				-0.328,
				1,
				3.867,
				-1.271,
				4.133,
				-1.39,
				4.4,
				-1.39
			]
		},
		{
			"Target": "Parameter",
			"Id": "Param_Angle_Rotation39",
			"Segments": [
				0,
				-2.466,
				0,
				0.5,
				-2.466,
				1,
				0.722,
				-2.466,
				0.944,
				-5.466,
				1.167,
				-5.466,
				1,
				1.344,
				-5.466,
				1.522,
				0.534,
				1.7,
				0.534,
				1,
				1.944,
				0.534,
				2.189,
				-5.466,
				2.433,
				-5.466,
				1,
				2.767,
				-5.466,
				3.1,
				-0.466,
				3.433,
				-0.466,
				1,
				3.556,
				-0.466,
				3.678,
				-1.644,
				3.8,
				-2.466,
				1,
				4,
				-3.809,
				4.2,
				-4.102,
				4.4,
				-4.102
			]
		},
		{
			"Target": "Parameter",
			"Id": "Param_Angle_Rotation40",
			"Segments": [
				0,
				-4.483,
				0,
				0.733,
				-4.483,
				1,
				0.956,
				-4.483,
				1.178,
				-9.483,
				1.4,
				-9.483,
				1,
				1.611,
				-9.483,
				1.822,
				-0.051,
				2.033,
				-0.051,
				1,
				2.244,
				-0.051,
				2.456,
				-6.483,
				2.667,
				-6.483,
				1,
				2.989,
				-6.483,
				3.311,
				-2.412,
				3.633,
				-2.412,
				1,
				3.767,
				-2.412,
				3.9,
				-3.283,
				4.033,
				-4.483,
				1,
				4.156,
				-5.584,
				4.278,
				-5.93,
				4.4,
				-5.93
			]
		},
		{
			"Target": "Parameter",
			"Id": "Param_Angle_Rotation42",
			"Segments": [
				0,
				0,
				1,
				0.222,
				0,
				0.444,
				7,
				0.667,
				7,
				1,
				0.8,
				7,
				0.933,
				5.142,
				1.067,
				1.563,
				1,
				1.356,
				-6.191,
				1.644,
				-10,
				1.933,
				-10,
				1,
				2.267,
				-10,
				2.6,
				-6.732,
				2.933,
				-2,
				1,
				3.056,
				-0.265,
				3.178,
				0,
				3.3,
				0,
				1,
				3.667,
				0,
				4.033,
				0,
				4.4,
				0
			]
		},
		{
			"Target": "Parameter",
			"Id": "Param_Angle_Rotation43",
			"Segments": [
				0,
				-0.302,
				0,
				0.233,
				-0.302,
				1,
				0.456,
				-0.302,
				0.678,
				-2.302,
				0.9,
				-2.302,
				1,
				1.078,
				-2.302,
				1.256,
				3.698,
				1.433,
				3.698,
				1,
				1.678,
				3.698,
				1.922,
				-3.302,
				2.167,
				-3.302,
				1,
				2.5,
				-3.302,
				2.833,
				2.698,
				3.167,
				2.698,
				1,
				3.322,
				2.698,
				3.478,
				0.322,
				3.633,
				-0.302,
				1,
				3.889,
				-1.327,
				4.144,
				-1.39,
				4.4,
				-1.39
			]
		},
		{
			"Target": "Parameter",
			"Id": "Param_Angle_Rotation44",
			"Segments": [
				0,
				-5.219,
				0,
				0.5,
				-5.219,
				1,
				0.722,
				-5.219,
				0.944,
				-7.219,
				1.167,
				-7.219,
				1,
				1.344,
				-7.219,
				1.522,
				-0.219,
				1.7,
				-0.219,
				1,
				1.944,
				-0.219,
				2.189,
				-7.219,
				2.433,
				-7.219,
				1,
				2.767,
				-7.219,
				3.1,
				-4.219,
				3.433,
				-4.219,
				1,
				3.556,
				-4.219,
				3.678,
				-4.766,
				3.8,
				-5.219,
				1,
				4,
				-5.961,
				4.2,
				-6.15,
				4.4,
				-6.15
			]
		},
		{
			"Target": "Parameter",
			"Id": "Param_Angle_Rotation45",
			"Segments": [
				0,
				-7.011,
				0,
				0.733,
				-7.011,
				1,
				0.956,
				-7.011,
				1.178,
				-9.011,
				1.4,
				-9.011,
				1,
				1.578,
				-9.011,
				1.756,
				-2.011,
				1.933,
				-2.011,
				1,
				2.178,
				-2.011,
				2.422,
				-9.011,
				2.667,
				-9.011,
				1,
				3,
				-9.011,
				3.333,
				-6.011,
				3.667,
				-6.011,
				1,
				3.789,
				-6.011,
				3.911,
				-6.379,
				4.033,
				-7.011,
				1,
				4.156,
				-7.642,
				4.278,
				-7.91,
				4.4,
				-7.91
			]
		},
		{
			"Target": "Parameter",
			"Id": "Param_Angle_Rotation47",
			"Segments": [
				0,
				0,
				1,
				0.222,
				0,
				0.444,
				5,
				0.667,
				5,
				1,
				0.844,
				5,
				1.022,
				5.353,
				1.2,
				4,
				1,
				1.444,
				2.14,
				1.689,
				-10,
				1.933,
				-10,
				1,
				2.267,
				-10,
				2.6,
				-6.732,
				2.933,
				-2,
				1,
				3.056,
				-0.265,
				3.178,
				0,
				3.3,
				0,
				1,
				3.667,
				0,
				4.033,
				0,
				4.4,
				0
			]
		},
		{
			"Target": "Parameter",
			"Id": "Param_Angle_Rotation48",
			"Segments": [
				0,
				-0.422,
				0,
				0.233,
				-0.422,
				1,
				0.456,
				-0.422,
				0.678,
				-3.422,
				0.9,
				-3.422,
				1,
				1.078,
				-3.422,
				1.256,
				3.578,
				1.433,
				3.578,
				1,
				1.678,
				3.578,
				1.922,
				-3.422,
				2.167,
				-3.422,
				1,
				2.5,
				-3.422,
				2.833,
				1.578,
				3.167,
				1.578,
				1,
				3.322,
				1.578,
				3.478,
				0,
				3.633,
				-0.422,
				1,
				3.889,
				-1.117,
				4.144,
				-1.16,
				4.4,
				-1.16
			]
		},
		{
			"Target": "Parameter",
			"Id": "Param_Angle_Rotation49",
			"Segments": [
				0,
				-2.416,
				0,
				0.5,
				-2.416,
				1,
				0.722,
				-2.416,
				0.944,
				-3.416,
				1.167,
				-3.416,
				1,
				1.344,
				-3.416,
				1.522,
				1.584,
				1.7,
				1.584,
				1,
				1.944,
				1.584,
				2.189,
				-4.416,
				2.433,
				-4.416,
				1,
				2.767,
				-4.416,
				3.1,
				-1.416,
				3.433,
				-1.416,
				1,
				3.556,
				-1.416,
				3.678,
				-1.937,
				3.8,
				-2.416,
				1,
				4,
				-3.2,
				4.2,
				-3.42,
				4.4,
				-3.42
			]
		},
		{
			"Target": "Parameter",
			"Id": "Param_Angle_Rotation50",
			"Segments": [
				0,
				-5.745,
				0,
				0.733,
				-5.745,
				1,
				0.956,
				-5.745,
				1.178,
				-8.745,
				1.4,
				-8.745,
				1,
				1.578,
				-8.745,
				1.756,
				-1.745,
				1.933,
				-1.745,
				1,
				2.178,
				-1.745,
				2.422,
				-7.745,
				2.667,
				-7.745,
				1,
				3,
				-7.745,
				3.333,
				-3.745,
				3.667,
				-3.745,
				1,
				3.789,
				-3.745,
				3.911,
				-4.76,
				4.033,
				-5.745,
				1,
				4.156,
				-6.73,
				4.278,
				-6.92,
				4.4,
				-6.92
			]
		},
		{
			"Target": "Parameter",
			"Id": "Param_Angle_Rotation52",
			"Segments": [
				0,
				0,
				1,
				0.222,
				0,
				0.444,
				4,
				0.667,
				4,
				1,
				0.811,
				4,
				0.956,
				4.329,
				1.1,
				1.508,
				1,
				1.378,
				-3.918,
				1.656,
				-12,
				1.933,
				-12,
				1,
				2.267,
				-12,
				2.6,
				-8.842,
				2.933,
				-3,
				1,
				3.056,
				-0.858,
				3.178,
				0,
				3.3,
				0,
				1,
				3.667,
				0,
				4.033,
				0,
				4.4,
				0
			]
		},
		{
			"Target": "Parameter",
			"Id": "Param_Angle_Rotation53",
			"Segments": [
				0,
				-0.517,
				0,
				0.233,
				-0.517,
				1,
				0.456,
				-0.517,
				0.678,
				2.483,
				0.9,
				2.483,
				1,
				1.078,
				2.483,
				1.256,
				-3.517,
				1.433,
				-3.517,
				1,
				1.678,
				-3.517,
				1.922,
				2.483,
				2.167,
				2.483,
				1,
				2.5,
				2.483,
				2.833,
				-2.517,
				3.167,
				-2.517,
				1,
				3.289,
				-2.517,
				3.411,
				-0.517,
				3.533,
				-0.517,
				1,
				3.822,
				-0.517,
				4.111,
				-1.16,
				4.4,
				-1.16
			]
		},
		{
			"Target": "Parameter",
			"Id": "Param_Angle_Rotation54",
			"Segments": [
				0,
				-2.747,
				0,
				0.5,
				-2.747,
				1,
				0.722,
				-2.747,
				0.944,
				1.253,
				1.167,
				1.253,
				1,
				1.344,
				1.253,
				1.522,
				-5.747,
				1.7,
				-5.747,
				1,
				1.944,
				-5.747,
				2.189,
				-0.747,
				2.433,
				-0.747,
				1,
				2.767,
				-0.747,
				3.1,
				-4.747,
				3.433,
				-4.747,
				1,
				3.556,
				-4.747,
				3.678,
				-2.747,
				3.8,
				-2.747,
				1,
				4,
				-2.747,
				4.2,
				-4.1,
				4.4,
				-4.1
			]
		},
		{
			"Target": "Parameter",
			"Id": "Param_Angle_Rotation55",
			"Segments": [
				0,
				-6.249,
				0,
				0.733,
				-6.249,
				1,
				0.956,
				-6.249,
				1.178,
				-2.249,
				1.4,
				-2.249,
				1,
				1.578,
				-2.249,
				1.756,
				-8.249,
				1.933,
				-8.249,
				1,
				2.178,
				-8.249,
				2.422,
				-3.249,
				2.667,
				-3.249,
				1,
				3,
				-3.249,
				3.333,
				-8.249,
				3.667,
				-8.249,
				1,
				3.789,
				-8.249,
				3.911,
				-6.249,
				4.033,
				-6.249,
				1,
				4.156,
				-6.249,
				4.278,
				-6.92,
				4.4,
				-6.92
			]
		},
		{
			"Target": "Parameter",
			"Id": "Param_Angle_Rotation57",
			"Segments": [
				0,
				0,
				1,
				0.256,
				0,
				0.511,
				0.459,
				0.767,
				2.931,
				1,
				0.911,
				4.328,
				1.056,
				7,
				1.2,
				7,
				1,
				1.5,
				7,
				1.8,
				-9.528,
				2.1,
				-9.528,
				1,
				2.378,
				-9.528,
				2.656,
				-6.166,
				2.933,
				-2,
				1,
				3.056,
				-0.167,
				3.178,
				0,
				3.3,
				0,
				1,
				3.667,
				0,
				4.033,
				0,
				4.4,
				0
			]
		},
		{
			"Target": "Parameter",
			"Id": "Param_Angle_Rotation58",
			"Segments": [
				0,
				-0.776,
				0,
				0.233,
				-0.776,
				1,
				0.456,
				-0.776,
				0.678,
				2.224,
				0.9,
				2.224,
				1,
				1.078,
				2.224,
				1.256,
				-2.776,
				1.433,
				-2.776,
				1,
				1.678,
				-2.776,
				1.922,
				1.224,
				2.167,
				1.224,
				1,
				2.5,
				1.224,
				2.833,
				-2.776,
				3.167,
				-2.776,
				1,
				3.389,
				-2.776,
				3.611,
				-0.776,
				3.833,
				-0.776,
				1,
				4.022,
				-0.776,
				4.211,
				-1.16,
				4.4,
				-1.16
			]
		},
		{
			"Target": "Parameter",
			"Id": "Param_Angle_Rotation59",
			"Segments": [
				0,
				-3.34,
				0,
				0.5,
				-3.34,
				1,
				0.722,
				-3.34,
				0.944,
				-2.34,
				1.167,
				-2.34,
				1,
				1.344,
				-2.34,
				1.522,
				-5.34,
				1.7,
				-5.34,
				1,
				1.944,
				-5.34,
				2.189,
				-0.34,
				2.433,
				-0.34,
				1,
				2.767,
				-0.34,
				3.1,
				-7.34,
				3.433,
				-7.34,
				1,
				3.578,
				-7.34,
				3.722,
				-3.681,
				3.867,
				-3.681,
				1,
				4.044,
				-3.681,
				4.222,
				-4.1,
				4.4,
				-4.1
			]
		},
		{
			"Target": "Parameter",
			"Id": "Param_Angle_Rotation60",
			"Segments": [
				0,
				-5.284,
				0,
				0.733,
				-5.284,
				1,
				0.956,
				-5.284,
				1.178,
				1.716,
				1.4,
				1.716,
				1,
				1.578,
				1.716,
				1.756,
				-8.284,
				1.933,
				-8.284,
				1,
				2.178,
				-8.284,
				2.422,
				-3.284,
				2.667,
				-3.284,
				1,
				3,
				-3.284,
				3.333,
				-7.284,
				3.667,
				-7.284,
				1,
				3.789,
				-7.284,
				3.911,
				-5.284,
				4.033,
				-5.284,
				1,
				4.156,
				-5.284,
				4.278,
				-5.93,
				4.4,
				-5.93
			]
		},
		{
			"Target": "Parameter",
			"Id": "Param_Angle_Rotation62",
			"Segments": [
				0,
				0,
				1,
				0.222,
				0,
				0.444,
				1.41,
				0.667,
				4,
				1,
				0.844,
				6.072,
				1.022,
				7,
				1.2,
				7,
				1,
				1.444,
				7,
				1.689,
				-10,
				1.933,
				-10,
				1,
				2.267,
				-10,
				2.6,
				-4.666,
				2.933,
				-1,
				1,
				3.056,
				0.344,
				3.178,
				0,
				3.3,
				0,
				1,
				3.667,
				0,
				4.033,
				0,
				4.4,
				0
			]
		},
		{
			"Target": "Parameter",
			"Id": "Param_Angle_Rotation63",
			"Segments": [
				0,
				0,
				0,
				0.233,
				0,
				1,
				0.456,
				0,
				0.678,
				-2,
				0.9,
				-2,
				1,
				1.078,
				-2,
				1.256,
				2,
				1.433,
				2,
				1,
				1.678,
				2,
				1.922,
				-3,
				2.167,
				-3,
				1,
				2.5,
				-3,
				2.833,
				-3,
				3.167,
				-3,
				1,
				3.289,
				-3,
				3.411,
				0,
				3.533,
				0,
				1,
				3.822,
				0,
				4.111,
				-1.62,
				4.4,
				-1.62
			]
		},
		{
			"Target": "Parameter",
			"Id": "Param_Angle_Rotation64",
			"Segments": [
				0,
				0,
				0,
				0.5,
				0,
				1,
				0.722,
				0,
				0.944,
				-2,
				1.167,
				-2,
				1,
				1.344,
				-2,
				1.522,
				2,
				1.7,
				2,
				1,
				1.944,
				2,
				2.189,
				-4,
				2.433,
				-4,
				1,
				2.767,
				-4,
				3.1,
				-3.87,
				3.433,
				-3,
				1,
				3.556,
				-2.681,
				3.678,
				0,
				3.8,
				0,
				1,
				4,
				0,
				4.2,
				-4.78,
				4.4,
				-4.78
			]
		},
		{
			"Target": "Parameter",
			"Id": "Param_Angle_Rotation65",
			"Segments": [
				0,
				0,
				0,
				0.733,
				0,
				1,
				0.956,
				0,
				1.178,
				-2,
				1.4,
				-2,
				1,
				1.578,
				-2,
				1.756,
				2,
				1.933,
				2,
				1,
				2.178,
				2,
				2.422,
				-4,
				2.667,
				-4,
				1,
				3,
				-4,
				3.333,
				-3.604,
				3.667,
				-2,
				1,
				3.789,
				-1.412,
				3.911,
				0,
				4.033,
				0,
				1,
				4.156,
				0,
				4.278,
				-6.92,
				4.4,
				-6.92
			]
		},
		{
			"Target": "Parameter",
			"Id": "Param_Angle_Rotation67",
			"Segments": [
				0,
				0,
				1,
				0.256,
				0,
				0.511,
				0.583,
				0.767,
				3.207,
				1,
				0.911,
				4.69,
				1.056,
				7,
				1.2,
				7,
				1,
				1.511,
				7,
				1.822,
				-11.593,
				2.133,
				-11.593,
				1,
				2.4,
				-11.593,
				2.667,
				-6.595,
				2.933,
				-2,
				1,
				3.056,
				0.106,
				3.178,
				0,
				3.3,
				0,
				1,
				3.667,
				0,
				4.033,
				0,
				4.4,
				0
			]
		},
		{
			"Target": "Parameter",
			"Id": "Param_Angle_Rotation68",
			"Segments": [
				0,
				-0.931,
				0,
				0.233,
				-0.931,
				1,
				0.456,
				-0.931,
				0.678,
				2.069,
				0.9,
				2.069,
				1,
				1.078,
				2.069,
				1.256,
				-2.931,
				1.433,
				-2.931,
				1,
				1.678,
				-2.931,
				1.922,
				1.069,
				2.167,
				1.069,
				1,
				2.5,
				1.069,
				2.833,
				-3.931,
				3.167,
				-3.931,
				1,
				3.289,
				-3.931,
				3.411,
				-0.931,
				3.533,
				-0.931,
				1,
				3.822,
				-0.931,
				4.111,
				-1.39,
				4.4,
				-1.39
			]
		},
		{
			"Target": "Parameter",
			"Id": "Param_Angle_Rotation69",
			"Segments": [
				0,
				-3.856,
				0,
				0.5,
				-3.856,
				1,
				0.722,
				-3.856,
				0.944,
				-1.856,
				1.167,
				-1.856,
				1,
				1.344,
				-1.856,
				1.522,
				-5.856,
				1.7,
				-5.856,
				1,
				1.944,
				-5.856,
				2.189,
				-1.856,
				2.433,
				-1.856,
				1,
				2.767,
				-1.856,
				3.1,
				-6.856,
				3.433,
				-6.856,
				1,
				3.556,
				-6.856,
				3.678,
				-3.856,
				3.8,
				-3.856,
				1,
				4,
				-3.856,
				4.2,
				-4.1,
				4.4,
				-4.1
			]
		},
		{
			"Target": "Parameter",
			"Id": "Param_Angle_Rotation70",
			"Segments": [
				0,
				-4.552,
				0,
				0.733,
				-4.552,
				1,
				0.956,
				-4.552,
				1.178,
				-2.552,
				1.4,
				-2.552,
				1,
				1.578,
				-2.552,
				1.756,
				-7.552,
				1.933,
				-7.552,
				1,
				2.178,
				-7.552,
				2.422,
				-3.552,
				2.667,
				-3.552,
				1,
				3,
				-3.552,
				3.333,
				-7.552,
				3.667,
				-7.552,
				1,
				3.789,
				-7.552,
				3.911,
				-4.552,
				4.033,
				-4.552,
				1,
				4.156,
				-4.552,
				4.278,
				-4.94,
				4.4,
				-4.94
			]
		},
		{
			"Target": "Parameter",
			"Id": "Param_Angle_Rotation72",
			"Segments": [
				0,
				0,
				1,
				0.222,
				0,
				0.444,
				8,
				0.667,
				8,
				1,
				0.8,
				8,
				0.933,
				5.915,
				1.067,
				3.213,
				1,
				1.356,
				-2.642,
				1.644,
				-5,
				1.933,
				-5,
				1,
				2.222,
				-5,
				2.511,
				-3.563,
				2.8,
				-1.494,
				1,
				2.967,
				-0.301,
				3.133,
				0,
				3.3,
				0,
				1,
				3.667,
				0,
				4.033,
				0,
				4.4,
				0
			]
		},
		{
			"Target": "Parameter",
			"Id": "Param_Angle_Rotation73",
			"Segments": [
				0,
				-0.805,
				0,
				0.233,
				-0.805,
				1,
				0.456,
				-0.805,
				0.678,
				4.195,
				0.9,
				4.195,
				1,
				1.078,
				4.195,
				1.256,
				-2.805,
				1.433,
				-2.805,
				1,
				1.678,
				-2.805,
				1.922,
				2.195,
				2.167,
				2.195,
				1,
				2.5,
				2.195,
				2.833,
				-3.805,
				3.167,
				-3.805,
				1,
				3.289,
				-3.805,
				3.411,
				-0.805,
				3.533,
				-0.805,
				1,
				3.822,
				-0.805,
				4.111,
				-1.16,
				4.4,
				-1.16
			]
		},
		{
			"Target": "Parameter",
			"Id": "Param_Angle_Rotation74",
			"Segments": [
				0,
				-2.812,
				0,
				0.5,
				-2.812,
				1,
				0.722,
				-2.812,
				0.944,
				1.188,
				1.167,
				1.188,
				1,
				1.344,
				1.188,
				1.522,
				-4.812,
				1.7,
				-4.812,
				1,
				1.944,
				-4.812,
				2.189,
				1.188,
				2.433,
				1.188,
				1,
				2.767,
				1.188,
				3.1,
				-5.812,
				3.433,
				-5.812,
				1,
				3.556,
				-5.812,
				3.678,
				-2.812,
				3.8,
				-2.812,
				1,
				4,
				-2.812,
				4.2,
				-3.42,
				4.4,
				-3.42
			]
		},
		{
			"Target": "Parameter",
			"Id": "Param_Angle_Rotation75",
			"Segments": [
				0,
				-4,
				0,
				0.733,
				-4,
				1,
				0.956,
				-4,
				1.178,
				0,
				1.4,
				0,
				1,
				1.578,
				0,
				1.756,
				-6,
				1.933,
				-6,
				1,
				2.178,
				-6,
				2.422,
				0,
				2.667,
				0,
				1,
				3,
				0,
				3.333,
				-7,
				3.667,
				-7,
				1,
				3.789,
				-7,
				3.911,
				-4,
				4.033,
				-4,
				1,
				4.156,
				-4,
				4.278,
				-4.94,
				4.4,
				-4.94
			]
		},
		{
			"Target": "Parameter",
			"Id": "Param_Angle_Rotation77",
			"Segments": [
				0,
				0,
				1,
				0.222,
				0,
				0.444,
				8,
				0.667,
				8,
				1,
				0.8,
				8,
				0.933,
				6.748,
				1.067,
				2.586,
				1,
				1.356,
				-6.43,
				1.644,
				-12,
				1.933,
				-12,
				1,
				2.267,
				-12,
				2.6,
				-8.842,
				2.933,
				-3,
				1,
				3.056,
				-0.858,
				3.178,
				0,
				3.3,
				0,
				1,
				3.667,
				0,
				4.033,
				0,
				4.4,
				0
			]
		},
		{
			"Target": "Parameter",
			"Id": "Param_Angle_Rotation78",
			"Segments": [
				0,
				-0.741,
				0,
				0.267,
				-0.741,
				1,
				0.489,
				-0.741,
				0.711,
				2.259,
				0.933,
				2.259,
				1,
				1.111,
				2.259,
				1.289,
				-2.741,
				1.467,
				-2.741,
				1,
				1.711,
				-2.741,
				1.956,
				0.259,
				2.2,
				0.259,
				1,
				2.533,
				0.259,
				2.867,
				-3.741,
				3.2,
				-3.741,
				1,
				3.322,
				-3.741,
				3.444,
				-0.741,
				3.567,
				-0.741,
				1,
				3.844,
				-0.741,
				4.122,
				-1.16,
				4.4,
				-1.16
			]
		},
		{
			"Target": "Parameter",
			"Id": "Param_Angle_Rotation79",
			"Segments": [
				0,
				-3.355,
				0,
				0.5,
				-3.355,
				1,
				0.722,
				-3.355,
				0.944,
				-0.355,
				1.167,
				-0.355,
				1,
				1.344,
				-0.355,
				1.522,
				-6.355,
				1.7,
				-6.355,
				1,
				1.944,
				-6.355,
				2.189,
				-2.355,
				2.433,
				-2.355,
				1,
				2.767,
				-2.355,
				3.1,
				-5.355,
				3.433,
				-5.355,
				1,
				3.556,
				-5.355,
				3.678,
				-3.355,
				3.8,
				-3.355,
				1,
				4,
				-3.355,
				4.2,
				-4.1,
				4.4,
				-4.1
			]
		},
		{
			"Target": "Parameter",
			"Id": "Param_Angle_Rotation80",
			"Segments": [
				0,
				-5.277,
				0,
				0.767,
				-5.277,
				1,
				0.989,
				-5.277,
				1.211,
				-2.277,
				1.433,
				-2.277,
				1,
				1.611,
				-2.277,
				1.789,
				-9.277,
				1.967,
				-9.277,
				1,
				2.211,
				-9.277,
				2.456,
				-4.277,
				2.7,
				-4.277,
				1,
				3.033,
				-4.277,
				3.367,
				-8.277,
				3.7,
				-8.277,
				1,
				3.822,
				-8.277,
				3.944,
				-5.277,
				4.067,
				-5.277,
				1,
				4.178,
				-5.277,
				4.289,
				-5.93,
				4.4,
				-5.93
			]
		},
		{
			"Target": "Parameter",
			"Id": "Param_Angle_Rotation2",
			"Segments": [
				0,
				0,
				1,
				0.222,
				0,
				0.444,
				6,
				0.667,
				6,
				1,
				0.811,
				6,
				0.956,
				4.559,
				1.1,
				1.368,
				1,
				1.378,
				-4.769,
				1.656,
				-8,
				1.933,
				-8,
				1,
				2.233,
				-8,
				2.533,
				-6.804,
				2.833,
				-3.358,
				1,
				3.033,
				-1.06,
				3.233,
				0.809,
				3.433,
				0.809,
				1,
				3.756,
				0.809,
				4.078,
				0,
				4.4,
				0
			]
		},
		{
			"Target": "Parameter",
			"Id": "Param_Angle_Rotation3",
			"Segments": [
				0,
				-1.121,
				0,
				0.167,
				-1.121,
				1,
				0.356,
				-1.121,
				0.544,
				1.879,
				0.733,
				1.879,
				1,
				0.944,
				1.879,
				1.156,
				-3.121,
				1.367,
				-3.121,
				1,
				1.611,
				-3.121,
				1.856,
				1.879,
				2.1,
				1.879,
				1,
				2.433,
				1.879,
				2.767,
				-4.121,
				3.1,
				-4.121,
				1,
				3.3,
				-4.121,
				3.5,
				-1.121,
				3.7,
				-1.121,
				1,
				3.933,
				-1.121,
				4.167,
				-1.39,
				4.4,
				-1.39
			]
		},
		{
			"Target": "Parameter",
			"Id": "Param_Angle_Rotation4",
			"Segments": [
				0,
				-3.727,
				0,
				0.333,
				-3.727,
				1,
				0.556,
				-3.727,
				0.778,
				0.273,
				1,
				0.273,
				1,
				1.178,
				0.273,
				1.356,
				-5.727,
				1.533,
				-5.727,
				1,
				1.778,
				-5.727,
				2.022,
				0.273,
				2.267,
				0.273,
				1,
				2.6,
				0.273,
				2.933,
				-6.727,
				3.267,
				-6.727,
				1,
				3.389,
				-6.727,
				3.511,
				-3.727,
				3.633,
				-3.727,
				1,
				3.889,
				-3.727,
				4.144,
				-4.1,
				4.4,
				-4.1
			]
		},
		{
			"Target": "Parameter",
			"Id": "Param_Angle_Rotation5",
			"Segments": [
				0,
				-6.373,
				0,
				0.5,
				-6.373,
				1,
				0.722,
				-6.373,
				0.944,
				-1.373,
				1.167,
				-1.373,
				1,
				1.344,
				-1.373,
				1.522,
				-8.373,
				1.7,
				-8.373,
				1,
				1.944,
				-8.373,
				2.189,
				-2.373,
				2.433,
				-2.373,
				1,
				2.767,
				-2.373,
				3.1,
				-9.373,
				3.433,
				-9.373,
				1,
				3.556,
				-9.373,
				3.678,
				-6.373,
				3.8,
				-6.373,
				1,
				4,
				-6.373,
				4.2,
				-6.92,
				4.4,
				-6.92
			]
		},
		{
			"Target": "Parameter",
			"Id": "Param_Angle_Rotation6",
			"Segments": [
				0,
				-1.681,
				0,
				0.633,
				-1.681,
				1,
				0.856,
				-1.681,
				1.078,
				3.319,
				1.3,
				3.319,
				1,
				1.478,
				3.319,
				1.656,
				-3.681,
				1.833,
				-3.681,
				1,
				2.078,
				-3.681,
				2.322,
				2.319,
				2.567,
				2.319,
				1,
				2.9,
				2.319,
				3.233,
				-5.681,
				3.567,
				-5.681,
				1,
				3.689,
				-5.681,
				3.811,
				-1.681,
				3.933,
				-1.681,
				1,
				4.089,
				-1.681,
				4.244,
				-2.06,
				4.4,
				-2.06
			]
		},
		{
			"Target": "Parameter",
			"Id": "Param_Angle_Rotation7",
			"Segments": [
				0,
				3.414,
				0,
				0.767,
				3.414,
				1,
				0.989,
				3.414,
				1.211,
				8.414,
				1.433,
				8.414,
				1,
				1.611,
				8.414,
				1.789,
				1.414,
				1.967,
				1.414,
				1,
				2.211,
				1.414,
				2.456,
				8.414,
				2.7,
				8.414,
				1,
				3.033,
				8.414,
				3.367,
				-0.586,
				3.7,
				-0.586,
				1,
				3.822,
				-0.586,
				3.944,
				3.414,
				4.067,
				3.414,
				1,
				4.178,
				3.414,
				4.289,
				2.97,
				4.4,
				2.97
			]
		},
		{
			"Target": "Parameter",
			"Id": "Param_Angle_Rotation105",
			"Segments": [
				0,
				0,
				1,
				0.256,
				0,
				0.511,
				-6.03,
				0.767,
				-6.03,
				1,
				0.911,
				-6.03,
				1.056,
				-5.653,
				1.2,
				-2,
				1,
				1.444,
				4.183,
				1.689,
				10,
				1.933,
				10,
				1,
				2.267,
				10,
				2.6,
				-3,
				2.933,
				-3,
				1,
				3.067,
				-3,
				3.2,
				0.828,
				3.333,
				0.828,
				1,
				3.689,
				0.828,
				4.044,
				0,
				4.4,
				0
			]
		},
		{
			"Target": "Parameter",
			"Id": "Param_Angle_Rotation106",
			"Segments": [
				0,
				-0.925,
				0,
				0.167,
				-0.925,
				1,
				0.389,
				-0.925,
				0.611,
				3.075,
				0.833,
				3.075,
				1,
				1.011,
				3.075,
				1.189,
				-3.925,
				1.367,
				-3.925,
				1,
				1.611,
				-3.925,
				1.856,
				1.075,
				2.1,
				1.075,
				1,
				2.433,
				1.075,
				2.767,
				-2.925,
				3.1,
				-2.925,
				1,
				3.256,
				-2.925,
				3.411,
				-0.925,
				3.567,
				-0.925,
				1,
				3.844,
				-0.925,
				4.122,
				-1.39,
				4.4,
				-1.39
			]
		},
		{
			"Target": "Parameter",
			"Id": "Param_Angle_Rotation107",
			"Segments": [
				0,
				-4.008,
				0,
				0.333,
				-4.008,
				1,
				0.556,
				-4.008,
				0.778,
				0.992,
				1,
				0.992,
				1,
				1.178,
				0.992,
				1.356,
				-7.008,
				1.533,
				-7.008,
				1,
				1.778,
				-7.008,
				2.022,
				-2.008,
				2.267,
				-2.008,
				1,
				2.6,
				-2.008,
				2.933,
				-6.008,
				3.267,
				-6.008,
				1,
				3.389,
				-6.008,
				3.511,
				-4.008,
				3.633,
				-4.008,
				1,
				3.889,
				-4.008,
				4.144,
				-4.78,
				4.4,
				-4.78
			]
		},
		{
			"Target": "Parameter",
			"Id": "Param_Angle_Rotation108",
			"Segments": [
				0,
				-5.813,
				0,
				0.533,
				-5.813,
				1,
				0.756,
				-5.813,
				0.978,
				-1.813,
				1.2,
				-1.813,
				1,
				1.378,
				-1.813,
				1.556,
				-9.813,
				1.733,
				-9.813,
				1,
				1.978,
				-9.813,
				2.222,
				-3.813,
				2.467,
				-3.813,
				1,
				2.8,
				-3.813,
				3.133,
				-7.813,
				3.467,
				-7.813,
				1,
				3.589,
				-7.813,
				3.711,
				-5.813,
				3.833,
				-5.813,
				1,
				4.022,
				-5.813,
				4.211,
				-6.92,
				4.4,
				-6.92
			]
		},
		{
			"Target": "Parameter",
			"Id": "Param_Angle_Rotation109",
			"Segments": [
				0,
				0,
				0,
				0.733,
				0,
				1,
				0.956,
				0,
				1.178,
				4,
				1.4,
				4,
				1,
				1.578,
				4,
				1.756,
				-3,
				1.933,
				-3,
				1,
				2.178,
				-3,
				2.422,
				2,
				2.667,
				2,
				1,
				3,
				2,
				3.333,
				-2,
				3.667,
				-2,
				1,
				3.789,
				-2,
				3.911,
				0,
				4.033,
				0,
				1,
				4.156,
				0,
				4.278,
				-0.09,
				4.4,
				-0.09
			]
		},
		{
			"Target": "Parameter",
			"Id": "Param_Angle_Rotation87",
			"Segments": [
				0,
				0,
				1,
				0.222,
				0,
				0.444,
				6,
				0.667,
				6,
				1,
				0.833,
				6,
				1,
				5.186,
				1.167,
				2.103,
				1,
				1.422,
				-2.624,
				1.678,
				-6,
				1.933,
				-6,
				1,
				2.244,
				-6,
				2.556,
				-4.827,
				2.867,
				-2.103,
				1,
				3.044,
				-0.547,
				3.222,
				0.448,
				3.4,
				0.448,
				1,
				3.733,
				0.448,
				4.067,
				0,
				4.4,
				0
			]
		},
		{
			"Target": "Parameter",
			"Id": "Param_Angle_Rotation88",
			"Segments": [
				0,
				-0.845,
				0,
				0.267,
				-0.845,
				1,
				0.489,
				-0.845,
				0.711,
				4.155,
				0.933,
				4.155,
				1,
				1.111,
				4.155,
				1.289,
				-1.845,
				1.467,
				-1.845,
				1,
				1.711,
				-1.845,
				1.956,
				2.155,
				2.2,
				2.155,
				1,
				2.533,
				2.155,
				2.867,
				-2.845,
				3.2,
				-2.845,
				1,
				3.322,
				-2.845,
				3.444,
				-0.845,
				3.567,
				-0.845,
				1,
				3.844,
				-0.845,
				4.122,
				-1.16,
				4.4,
				-1.16
			]
		},
		{
			"Target": "Parameter",
			"Id": "Param_Angle_Rotation89",
			"Segments": [
				0,
				-2.87,
				0,
				0.5,
				-2.87,
				1,
				0.722,
				-2.87,
				0.944,
				1.13,
				1.167,
				1.13,
				1,
				1.344,
				1.13,
				1.522,
				-4.87,
				1.7,
				-4.87,
				1,
				1.944,
				-4.87,
				2.189,
				0.13,
				2.433,
				0.13,
				1,
				2.767,
				0.13,
				3.1,
				-4.87,
				3.433,
				-4.87,
				1,
				3.556,
				-4.87,
				3.678,
				-2.87,
				3.8,
				-2.87,
				1,
				4,
				-2.87,
				4.2,
				-3.42,
				4.4,
				-3.42
			]
		},
		{
			"Target": "Parameter",
			"Id": "Param_Angle_Rotation90",
			"Segments": [
				0,
				-5.403,
				0,
				0.733,
				-5.403,
				1,
				0.956,
				-5.403,
				1.178,
				-0.403,
				1.4,
				-0.403,
				1,
				1.578,
				-0.403,
				1.756,
				-7.403,
				1.933,
				-7.403,
				1,
				2.178,
				-7.403,
				2.422,
				-0.403,
				2.667,
				-0.403,
				1,
				3,
				-0.403,
				3.333,
				-8.403,
				3.667,
				-8.403,
				1,
				3.789,
				-8.403,
				3.911,
				-5.403,
				4.033,
				-5.403,
				1,
				4.156,
				-5.403,
				4.278,
				-5.93,
				4.4,
				-5.93
			]
		},
		{
			"Target": "Parameter",
			"Id": "Param_Angle_Rotation92",
			"Segments": [
				0,
				0,
				1,
				0.222,
				0,
				0.444,
				6,
				0.667,
				6,
				1,
				0.8,
				6,
				0.933,
				4.696,
				1.067,
				0.931,
				1,
				1.356,
				-7.226,
				1.644,
				-12,
				1.933,
				-12,
				1,
				2.267,
				-12,
				2.6,
				-8.842,
				2.933,
				-3,
				1,
				3.056,
				-0.858,
				3.178,
				0,
				3.3,
				0,
				1,
				3.667,
				0,
				4.033,
				0,
				4.4,
				0
			]
		},
		{
			"Target": "Parameter",
			"Id": "Param_Angle_Rotation93",
			"Segments": [
				0,
				-1.034,
				0,
				0.267,
				-1.034,
				1,
				0.489,
				-1.034,
				0.711,
				1.966,
				0.933,
				1.966,
				1,
				1.111,
				1.966,
				1.289,
				-3.034,
				1.467,
				-3.034,
				1,
				1.711,
				-3.034,
				1.956,
				1.966,
				2.2,
				1.966,
				1,
				2.533,
				1.966,
				2.867,
				-3.034,
				3.2,
				-3.034,
				1,
				3.322,
				-3.034,
				3.444,
				-1.034,
				3.567,
				-1.034,
				1,
				3.844,
				-1.034,
				4.122,
				-1.39,
				4.4,
				-1.39
			]
		},
		{
			"Target": "Parameter",
			"Id": "Param_Angle_Rotation94",
			"Segments": [
				0,
				-4.325,
				0,
				0.5,
				-4.325,
				1,
				0.722,
				-4.325,
				0.944,
				-1.325,
				1.167,
				-1.325,
				1,
				1.344,
				-1.325,
				1.522,
				-6.325,
				1.7,
				-6.325,
				1,
				1.944,
				-6.325,
				2.189,
				-1.325,
				2.433,
				-1.325,
				1,
				2.767,
				-1.325,
				3.1,
				-6.325,
				3.433,
				-6.325,
				1,
				3.556,
				-6.325,
				3.678,
				-4.325,
				3.8,
				-4.325,
				1,
				4,
				-4.325,
				4.2,
				-5.47,
				4.4,
				-5.47
			]
		},
		{
			"Target": "Parameter",
			"Id": "Param_Angle_Rotation95",
			"Segments": [
				0,
				-5.274,
				0,
				0.733,
				-5.274,
				1,
				0.956,
				-5.274,
				1.178,
				-1.274,
				1.4,
				-1.274,
				1,
				1.578,
				-1.274,
				1.756,
				-7.274,
				1.933,
				-7.274,
				1,
				2.178,
				-7.274,
				2.422,
				-2.274,
				2.667,
				-2.274,
				1,
				3,
				-2.274,
				3.333,
				-7.274,
				3.667,
				-7.274,
				1,
				3.789,
				-7.274,
				3.911,
				-5.274,
				4.033,
				-5.274,
				1,
				4.156,
				-5.274,
				4.278,
				-5.93,
				4.4,
				-5.93
			]
		},
		{
			"Target": "Parameter",
			"Id": "Param_Angle_Rotation97",
			"Segments": [
				0,
				0,
				1,
				0.222,
				0,
				0.444,
				7,
				0.667,
				7,
				1,
				0.844,
				7,
				1.022,
				6.2,
				1.2,
				1,
				1,
				1.444,
				-6.149,
				1.689,
				-13,
				1.933,
				-13,
				1,
				2.267,
				-13,
				2.6,
				-3.836,
				2.933,
				0,
				1,
				3.067,
				1.534,
				3.2,
				1,
				3.333,
				1,
				1,
				3.689,
				1,
				4.044,
				0,
				4.4,
				0
			]
		},
		{
			"Target": "Parameter",
			"Id": "Param_Angle_Rotation98",
			"Segments": [
				0,
				-0.953,
				0,
				0.267,
				-0.953,
				1,
				0.489,
				-0.953,
				0.711,
				-3.953,
				0.933,
				-3.953,
				1,
				1.056,
				-3.953,
				1.178,
				-3.198,
				1.3,
				-1.897,
				1,
				1.567,
				0.944,
				1.833,
				2.268,
				2.1,
				2.268,
				1,
				2.4,
				2.268,
				2.7,
				-3.953,
				3,
				-3.953,
				1,
				3.189,
				-3.953,
				3.378,
				-0.953,
				3.567,
				-0.953,
				1,
				3.844,
				-0.953,
				4.122,
				-1.39,
				4.4,
				-1.39
			]
		},
		{
			"Target": "Parameter",
			"Id": "Param_Angle_Rotation99",
			"Segments": [
				0,
				-3.039,
				0,
				0.567,
				-3.039,
				1,
				0.789,
				-3.039,
				1.011,
				-3.307,
				1.233,
				-4.039,
				1,
				1.411,
				-4.624,
				1.589,
				-5.039,
				1.767,
				-5.039,
				1,
				2.011,
				-5.039,
				2.256,
				-0.039,
				2.5,
				-0.039,
				1,
				2.833,
				-0.039,
				3.167,
				-6.039,
				3.5,
				-6.039,
				1,
				3.622,
				-6.039,
				3.744,
				-3.039,
				3.867,
				-3.039,
				1,
				4.044,
				-3.039,
				4.222,
				-4.1,
				4.4,
				-4.1
			]
		},
		{
			"Target": "Parameter",
			"Id": "Param_Angle_Rotation100",
			"Segments": [
				0,
				0,
				1,
				0.222,
				0,
				0.444,
				8,
				0.667,
				8,
				1,
				0.8,
				8,
				0.933,
				3.749,
				1.067,
				-1.644,
				1,
				1.356,
				-13.329,
				1.644,
				-18,
				1.933,
				-18,
				1,
				2.2,
				-18,
				2.467,
				-12.767,
				2.733,
				-5.977,
				1,
				2.922,
				-1.168,
				3.111,
				0,
				3.3,
				0,
				1,
				3.667,
				0,
				4.033,
				0,
				4.4,
				0
			]
		},
		{
			"Target": "Parameter",
			"Id": "Param_Angle_Rotation101",
			"Segments": [
				0,
				-1.379,
				0,
				0.2,
				-1.379,
				1,
				0.422,
				-1.379,
				0.644,
				-4.379,
				0.867,
				-4.379,
				1,
				0.989,
				-4.379,
				1.111,
				-4.014,
				1.233,
				-3.052,
				1,
				1.533,
				-0.69,
				1.833,
				0.621,
				2.133,
				0.621,
				1,
				2.467,
				0.621,
				2.8,
				-5.379,
				3.133,
				-5.379,
				1,
				3.322,
				-5.379,
				3.511,
				-1.379,
				3.7,
				-1.379,
				1,
				3.933,
				-1.379,
				4.167,
				-2.08,
				4.4,
				-2.08
			]
		},
		{
			"Target": "Parameter",
			"Id": "Param_Angle_Rotation102",
			"Segments": [
				0,
				-1.96,
				0,
				0.4,
				-1.96,
				1,
				0.622,
				-1.96,
				0.844,
				-4.96,
				1.067,
				-4.96,
				1,
				1.189,
				-4.96,
				1.311,
				-4.429,
				1.433,
				-3.662,
				1,
				1.733,
				-1.778,
				2.033,
				-0.96,
				2.333,
				-0.96,
				1,
				2.667,
				-0.96,
				3,
				-4.96,
				3.333,
				-4.96,
				1,
				3.5,
				-4.96,
				3.667,
				-2.519,
				3.833,
				-2.519,
				1,
				4.022,
				-2.519,
				4.211,
				-3.42,
				4.4,
				-3.42
			]
		},
		{
			"Target": "Parameter",
			"Id": "Param_Angle_Rotation103",
			"Segments": [
				0,
				-4.585,
				0,
				0.6,
				-4.585,
				1,
				0.822,
				-4.585,
				1.044,
				-7.585,
				1.267,
				-7.585,
				1,
				1.4,
				-7.585,
				1.533,
				-7.24,
				1.667,
				-6.253,
				1,
				1.9,
				-4.526,
				2.133,
				-3.487,
				2.367,
				-3.487,
				1,
				2.7,
				-3.487,
				3.033,
				-7.08,
				3.367,
				-7.08,
				1,
				3.544,
				-7.08,
				3.722,
				-4.585,
				3.9,
				-4.585,
				1,
				4.067,
				-4.585,
				4.233,
				-4.94,
				4.4,
				-4.94
			]
		},
		{
			"Target": "Parameter",
			"Id": "Param_Angle_Rotation104",
			"Segments": [
				0,
				0.704,
				0,
				0.767,
				0.704,
				1,
				0.989,
				0.704,
				1.211,
				-2.296,
				1.433,
				-2.296,
				1,
				1.567,
				-2.296,
				1.7,
				-1.963,
				1.833,
				-0.92,
				1,
				2.122,
				1.342,
				2.411,
				2.704,
				2.7,
				2.704,
				1,
				3.033,
				2.704,
				3.367,
				-2.296,
				3.7,
				-2.296,
				1,
				3.822,
				-2.296,
				3.944,
				0.704,
				4.067,
				0.704,
				1,
				4.178,
				0.704,
				4.289,
				0.51,
				4.4,
				0.51
			]
		},
		{
			"Target": "Parameter",
			"Id": "Param_Angle_Rotation111",
			"Segments": [
				0,
				0,
				1,
				0.222,
				0,
				0.444,
				9,
				0.667,
				9,
				1,
				0.822,
				9,
				0.978,
				5.922,
				1.133,
				0,
				1,
				1.411,
				-10.575,
				1.689,
				-15.748,
				1.967,
				-15.748,
				1,
				2.289,
				-15.748,
				2.611,
				-9.192,
				2.933,
				-2,
				1,
				3.067,
				0.976,
				3.2,
				1,
				3.333,
				1,
				1,
				3.689,
				1,
				4.044,
				0,
				4.4,
				0
			]
		},
		{
			"Target": "Parameter",
			"Id": "Param_Angle_Rotation112",
			"Segments": [
				0,
				-0.848,
				0,
				0.267,
				-0.848,
				1,
				0.489,
				-0.848,
				0.711,
				-3.848,
				0.933,
				-3.848,
				1,
				1.111,
				-3.848,
				1.289,
				-2.083,
				1.467,
				-0.848,
				1,
				1.711,
				0.851,
				1.956,
				1.152,
				2.2,
				1.152,
				1,
				2.533,
				1.152,
				2.867,
				-1.848,
				3.2,
				-1.848,
				1,
				3.322,
				-1.848,
				3.444,
				-0.848,
				3.567,
				-0.848,
				1,
				3.844,
				-0.848,
				4.122,
				-1.39,
				4.4,
				-1.39
			]
		},
		{
			"Target": "Parameter",
			"Id": "Param_Angle_Rotation113",
			"Segments": [
				0,
				-3.65,
				0,
				0.5,
				-3.65,
				1,
				0.722,
				-3.65,
				0.944,
				-5.65,
				1.167,
				-5.65,
				1,
				1.3,
				-5.65,
				1.433,
				-5.308,
				1.567,
				-4.356,
				1,
				1.811,
				-2.612,
				2.056,
				-1.583,
				2.3,
				-1.583,
				1,
				2.633,
				-1.583,
				2.967,
				-5.65,
				3.3,
				-5.65,
				1,
				3.467,
				-5.65,
				3.633,
				-3.65,
				3.8,
				-3.65,
				1,
				4,
				-3.65,
				4.2,
				-4.1,
				4.4,
				-4.1
			]
		},
		{
			"Target": "Parameter",
			"Id": "Param_Angle_Rotation114",
			"Segments": [
				0,
				-5.478,
				0,
				0.733,
				-5.478,
				1,
				0.989,
				-5.478,
				1.244,
				-5.88,
				1.5,
				-6.731,
				1,
				1.644,
				-7.212,
				1.789,
				-7.478,
				1.933,
				-7.478,
				1,
				2.178,
				-7.478,
				2.422,
				-4.478,
				2.667,
				-4.478,
				1,
				2.989,
				-4.478,
				3.311,
				-7.017,
				3.633,
				-7.017,
				1,
				3.767,
				-7.017,
				3.9,
				-5.478,
				4.033,
				-5.478,
				1,
				4.156,
				-5.478,
				4.278,
				-5.81,
				4.4,
				-5.81
			]
		},
		{
			"Target": "Parameter",
			"Id": "Param_Angle_Rotation116",
			"Segments": [
				0,
				0,
				1,
				0.222,
				0,
				0.444,
				9,
				0.667,
				9,
				1,
				0.844,
				9,
				1.022,
				7.285,
				1.2,
				0,
				1,
				1.444,
				-10.017,
				1.689,
				-18,
				1.933,
				-18,
				1,
				2.267,
				-18,
				2.6,
				-13.272,
				2.933,
				-4,
				1,
				3.067,
				-0.291,
				3.2,
				1.474,
				3.333,
				1.474,
				1,
				3.689,
				1.474,
				4.044,
				0,
				4.4,
				0
			]
		},
		{
			"Target": "Parameter",
			"Id": "Param_Angle_Rotation117",
			"Segments": [
				0,
				-1.264,
				0,
				0.267,
				-1.264,
				1,
				0.489,
				-1.264,
				0.711,
				0.736,
				0.933,
				0.736,
				1,
				1.111,
				0.736,
				1.289,
				-3.264,
				1.467,
				-3.264,
				1,
				1.711,
				-3.264,
				1.956,
				0.736,
				2.2,
				0.736,
				1,
				2.533,
				0.736,
				2.867,
				-3.264,
				3.2,
				-3.264,
				1,
				3.322,
				-3.264,
				3.444,
				-1.264,
				3.567,
				-1.264,
				1,
				3.844,
				-1.264,
				4.122,
				-1.72,
				4.4,
				-1.72
			]
		},
		{
			"Target": "Parameter",
			"Id": "Param_Angle_Rotation118",
			"Segments": [
				0,
				-7.564,
				0,
				0.533,
				-7.564,
				1,
				0.756,
				-7.564,
				0.978,
				-5.564,
				1.2,
				-5.564,
				1,
				1.378,
				-5.564,
				1.556,
				-10.564,
				1.733,
				-10.564,
				1,
				1.978,
				-10.564,
				2.222,
				-5.564,
				2.467,
				-5.564,
				1,
				2.8,
				-5.564,
				3.133,
				-9.564,
				3.467,
				-9.564,
				1,
				3.589,
				-9.564,
				3.711,
				-7.564,
				3.833,
				-7.564,
				1,
				4.022,
				-7.564,
				4.211,
				-7.99,
				4.4,
				-7.99
			]
		},
		{
			"Target": "Parameter",
			"Id": "Param_Angle_Rotation119",
			"Segments": [
				0,
				-6.676,
				0,
				0.767,
				-6.676,
				1,
				0.989,
				-6.676,
				1.211,
				-4.676,
				1.433,
				-4.676,
				1,
				1.611,
				-4.676,
				1.789,
				-11.676,
				1.967,
				-11.676,
				1,
				2.211,
				-11.676,
				2.456,
				-1.676,
				2.7,
				-1.676,
				1,
				3.033,
				-1.676,
				3.367,
				-8.676,
				3.7,
				-8.676,
				1,
				3.822,
				-8.676,
				3.944,
				-6.676,
				4.067,
				-6.676,
				1,
				4.178,
				-6.676,
				4.289,
				-7.73,
				4.4,
				-7.73
			]
		},
		{
			"Target": "Parameter",
			"Id": "Param_Angle_Rotation121",
			"Segments": [
				0,
				0,
				1,
				0.156,
				0,
				0.311,
				4.612,
				0.467,
				4.612,
				1,
				0.689,
				4.612,
				0.911,
				-3.388,
				1.133,
				-3.388,
				1,
				1.567,
				-3.388,
				2,
				9.612,
				2.433,
				9.612,
				1,
				2.844,
				9.612,
				3.256,
				4.612,
				3.667,
				4.612,
				1,
				3.911,
				4.612,
				4.156,
				6.12,
				4.4,
				6.12
			]
		},
		{
			"Target": "Parameter",
			"Id": "Param_Angle_Rotation124",
			"Segments": [
				0,
				-6.966,
				1,
				0.156,
				-6.966,
				0.311,
				-6.966,
				0.467,
				-6.966,
				1,
				0.689,
				-6.966,
				0.911,
				2.034,
				1.133,
				2.034,
				1,
				1.567,
				2.034,
				2,
				-21.966,
				2.433,
				-21.966,
				1,
				2.844,
				-21.966,
				3.256,
				-6.966,
				3.667,
				-6.966,
				1,
				3.911,
				-6.966,
				4.156,
				-9.61,
				4.4,
				-9.61
			]
		},
		{
			"Target": "Parameter",
			"Id": "Param_Angle_Rotation127",
			"Segments": [
				0,
				-3.851,
				1,
				0.156,
				-3.851,
				0.311,
				-3.851,
				0.467,
				-3.851,
				1,
				0.689,
				-3.851,
				0.911,
				4.149,
				1.133,
				4.149,
				1,
				1.567,
				4.149,
				2,
				-15.851,
				2.433,
				-15.851,
				1,
				2.844,
				-15.851,
				3.256,
				-3.851,
				3.667,
				-3.851,
				1,
				3.911,
				-3.851,
				4.156,
				-6.99,
				4.4,
				-6.99
			]
		},
		{
			"Target": "Parameter",
			"Id": "Param_Angle_Rotation130",
			"Segments": [
				0,
				-1.474,
				1,
				0.156,
				-1.474,
				0.311,
				-1.474,
				0.467,
				-1.474,
				1,
				0.689,
				-1.474,
				0.911,
				20.526,
				1.133,
				20.526,
				1,
				1.567,
				20.526,
				2,
				-6.474,
				2.433,
				-6.474,
				1,
				2.844,
				-6.474,
				3.256,
				-1.474,
				3.667,
				-1.474,
				1,
				3.911,
				-1.474,
				4.156,
				-2.62,
				4.4,
				-2.62
			]
		},
		{
			"Target": "Parameter",
			"Id": "Param_Angle_Rotation133",
			"Segments": [
				0,
				-7.693,
				1,
				0.156,
				-7.693,
				0.311,
				-7.693,
				0.467,
				-7.693,
				1,
				0.689,
				-7.693,
				0.911,
				18.307,
				1.133,
				18.307,
				1,
				1.567,
				18.307,
				2,
				-16.693,
				2.433,
				-16.693,
				1,
				2.844,
				-16.693,
				3.256,
				-7.693,
				3.667,
				-7.693,
				1,
				3.911,
				-7.693,
				4.156,
				-10.49,
				4.4,
				-10.49
			]
		},
		{
			"Target": "Parameter",
			"Id": "Param_Angle_Rotation122",
			"Segments": [
				0,
				10.766,
				1,
				0.2,
				10.766,
				0.4,
				10.766,
				0.6,
				10.766,
				1,
				0.822,
				10.766,
				1.044,
				-6.234,
				1.267,
				-6.234,
				1,
				1.7,
				-6.234,
				2.133,
				20.031,
				2.567,
				20.031,
				1,
				2.978,
				20.031,
				3.389,
				10.766,
				3.8,
				10.766,
				1,
				4,
				10.766,
				4.2,
				14,
				4.4,
				14
			]
		},
		{
			"Target": "Parameter",
			"Id": "Param_Angle_Rotation125",
			"Segments": [
				0,
				-8.043,
				1,
				0.2,
				-8.043,
				0.4,
				-8.043,
				0.6,
				-8.043,
				1,
				0.822,
				-8.043,
				1.044,
				-23.043,
				1.267,
				-23.043,
				1,
				1.7,
				-23.043,
				2.133,
				-23.253,
				2.567,
				-22.043,
				1,
				2.978,
				-20.894,
				3.389,
				-8.043,
				3.8,
				-8.043,
				1,
				4,
				-8.043,
				4.2,
				-11,
				4.4,
				-11
			]
		},
		{
			"Target": "Parameter",
			"Id": "Param_Angle_Rotation128",
			"Segments": [
				0,
				-7.678,
				1,
				0.2,
				-7.678,
				0.4,
				-7.678,
				0.6,
				-7.678,
				1,
				0.822,
				-7.678,
				1.044,
				-13.7,
				1.267,
				-16.678,
				1,
				1.7,
				-22.485,
				2.133,
				-23.678,
				2.567,
				-23.678,
				1,
				2.978,
				-23.678,
				3.389,
				-7.678,
				3.8,
				-7.678,
				1,
				4,
				-7.678,
				4.2,
				-10,
				4.4,
				-10
			]
		},
		{
			"Target": "Parameter",
			"Id": "Param_Angle_Rotation131",
			"Segments": [
				0,
				-8.344,
				1,
				0.2,
				-8.344,
				0.4,
				-8.344,
				0.6,
				-8.344,
				1,
				0.822,
				-8.344,
				1.044,
				-17.597,
				1.267,
				-21.344,
				1,
				1.7,
				-28.652,
				2.133,
				-30,
				2.567,
				-30,
				1,
				2.978,
				-30,
				3.389,
				-8.344,
				3.8,
				-8.344,
				1,
				4,
				-8.344,
				4.2,
				-11,
				4.4,
				-11
			]
		},
		{
			"Target": "Parameter",
			"Id": "Param_Angle_Rotation134",
			"Segments": [
				0,
				-6.365,
				1,
				0.2,
				-6.365,
				0.4,
				-6.365,
				0.6,
				-6.365,
				1,
				0.822,
				-6.365,
				1.044,
				-6.087,
				1.267,
				-7.305,
				1,
				1.7,
				-9.68,
				2.133,
				-14.305,
				2.567,
				-14.305,
				1,
				2.978,
				-14.305,
				3.389,
				-6.305,
				3.8,
				-6.305,
				1,
				4,
				-6.305,
				4.2,
				-7,
				4.4,
				-7
			]
		},
		{
			"Target": "Parameter",
			"Id": "Param_Angle_Rotation136",
			"Segments": [
				0,
				0,
				0,
				4.4,
				0
			]
		},
		{
			"Target": "Parameter",
			"Id": "Param_Angle_Rotation139",
			"Segments": [
				0,
				0,
				0,
				4.4,
				0
			]
		},
		{
			"Target": "Parameter",
			"Id": "Param_Angle_Rotation143",
			"Segments": [
				0,
				0,
				0,
				4.4,
				0
			]
		},
		{
			"Target": "Parameter",
			"Id": "Param_Angle_Rotation147",
			"Segments": [
				0,
				0,
				0,
				4.4,
				0
			]
		},
		{
			"Target": "Parameter",
			"Id": "Param_Angle_Rotation151",
			"Segments": [
				0,
				0,
				0,
				4.4,
				0
			]
		},
		{
			"Target": "Parameter",
			"Id": "Param_Angle_Rotation137",
			"Segments": [
				0,
				0,
				0,
				4.4,
				0
			]
		},
		{
			"Target": "Parameter",
			"Id": "Param_Angle_Rotation140",
			"Segments": [
				0,
				0,
				0,
				4.4,
				0
			]
		},
		{
			"Target": "Parameter",
			"Id": "Param_Angle_Rotation144",
			"Segments": [
				0,
				0,
				0,
				4.4,
				0
			]
		},
		{
			"Target": "Parameter",
			"Id": "Param_Angle_Rotation148",
			"Segments": [
				0,
				0,
				0,
				4.4,
				0
			]
		},
		{
			"Target": "Parameter",
			"Id": "Param_Angle_Rotation152",
			"Segments": [
				0,
				0,
				0,
				4.4,
				0
			]
		},
		{
			"Target": "Parameter",
			"Id": "Param_Angle_Rotation141",
			"Segments": [
				0,
				0,
				0,
				4.4,
				0
			]
		},
		{
			"Target": "Parameter",
			"Id": "Param_Angle_Rotation145",
			"Segments": [
				0,
				0,
				0,
				4.4,
				0
			]
		},
		{
			"Target": "Parameter",
			"Id": "Param_Angle_Rotation149",
			"Segments": [
				0,
				0,
				0,
				4.4,
				0
			]
		}
	]
}