{
	"Version": 3,
	"Meta": {
		"Duration": 3.767,
		"Fps": 30.0,
		"Loop": true,
		"AreBeziersRestricted": false,
		"CurveCount": 159,
		"TotalSegmentCount": 983,
		"TotalPointCount": 2920,
		"UserDataCount": 0,
		"TotalUserDataSize": 0
	},
	"Curves": [
		{
			"Target": "Parameter",
			"Id": "ParamPaiX",
			"Segments": [
				0,
				0,
				1,
				0.189,
				0,
				0.378,
				-30,
				0.567,
				-30,
				1,
				0.678,
				-30,
				0.789,
				-19.866,
				0.9,
				-12,
				1,
				1.011,
				-4.134,
				1.122,
				-3,
				1.233,
				-3,
				1,
				1.333,
				-3,
				1.433,
				-9,
				1.533,
				-9,
				1,
				1.622,
				-9,
				1.711,
				0,
				1.8,
				0,
				1,
				1.933,
				0,
				2.067,
				-3,
				2.2,
				-3,
				1,
				2.344,
				-3,
				2.489,
				2,
				2.633,
				2,
				1,
				2.789,
				2,
				2.944,
				0,
				3.1,
				0,
				1,
				3.322,
				0,
				3.544,
				0,
				3.767,
				0
			]
		},
		{
			"Target": "Parameter",
			"Id": "ParamPaiY",
			"Segments": [
				0,
				-10.621,
				1,
				0.189,
				-10.621,
				0.378,
				30,
				0.567,
				30,
				1,
				0.678,
				30,
				0.789,
				-29.621,
				0.9,
				-29.621,
				1,
				1.011,
				-29.621,
				1.122,
				3.379,
				1.233,
				3.379,
				1,
				1.333,
				3.379,
				1.433,
				-22.621,
				1.533,
				-22.621,
				1,
				1.622,
				-22.621,
				1.711,
				-4.621,
				1.8,
				-4.621,
				1,
				1.933,
				-4.621,
				2.067,
				-20.621,
				2.2,
				-20.621,
				1,
				2.344,
				-20.621,
				2.489,
				-6.621,
				2.633,
				-6.621,
				1,
				2.789,
				-6.621,
				2.944,
				-10.621,
				3.1,
				-10.621,
				1,
				3.322,
				-10.621,
				3.544,
				-8.8,
				3.767,
				-8.8
			]
		},
		{
			"Target": "Parameter",
			"Id": "ParamPaiX2",
			"Segments": [
				0,
				0,
				1,
				0.156,
				0,
				0.311,
				-30,
				0.467,
				-30,
				1,
				0.578,
				-30,
				0.689,
				-19.432,
				0.8,
				-13,
				1,
				0.911,
				-6.568,
				1.022,
				-6,
				1.133,
				-6,
				1,
				1.233,
				-6,
				1.333,
				-9,
				1.433,
				-9,
				1,
				1.522,
				-9,
				1.611,
				-1,
				1.7,
				-1,
				1,
				1.856,
				-1,
				2.011,
				-2,
				2.167,
				-2,
				1,
				2.322,
				-2,
				2.478,
				1,
				2.633,
				1,
				1,
				2.778,
				1,
				2.922,
				0,
				3.067,
				0,
				1,
				3.3,
				0,
				3.533,
				0,
				3.767,
				0
			]
		},
		{
			"Target": "Parameter",
			"Id": "ParamPaiY2",
			"Segments": [
				0,
				-13.016,
				1,
				0.144,
				-13.016,
				0.289,
				30,
				0.433,
				30,
				1,
				0.544,
				30,
				0.656,
				-29.017,
				0.767,
				-29.017,
				1,
				0.878,
				-29.017,
				0.989,
				0.984,
				1.1,
				0.984,
				1,
				1.2,
				0.984,
				1.3,
				-24.016,
				1.4,
				-24.016,
				1,
				1.489,
				-24.016,
				1.578,
				-8.016,
				1.667,
				-8.016,
				1,
				1.822,
				-8.016,
				1.978,
				-23.016,
				2.133,
				-23.016,
				1,
				2.289,
				-23.016,
				2.444,
				-12.016,
				2.6,
				-12.016,
				1,
				2.744,
				-12.016,
				2.889,
				-13.016,
				3.033,
				-13.016,
				1,
				3.278,
				-13.016,
				3.522,
				-11.9,
				3.767,
				-11.9
			]
		},
		{
			"Target": "Parameter",
			"Id": "ParamPai2X",
			"Segments": [
				0,
				0,
				1,
				0.189,
				0,
				0.378,
				-28.94,
				0.567,
				-28.94,
				1,
				0.678,
				-28.94,
				0.789,
				20,
				0.9,
				20,
				1,
				1.011,
				20,
				1.122,
				-4,
				1.233,
				-4,
				1,
				1.333,
				-4,
				1.433,
				4,
				1.533,
				4,
				1,
				1.622,
				4,
				1.711,
				-2,
				1.8,
				-2,
				1,
				1.933,
				-2,
				2.067,
				-2,
				2.2,
				-2,
				1,
				2.344,
				-2,
				2.489,
				2,
				2.633,
				2,
				1,
				2.789,
				2,
				2.944,
				0,
				3.1,
				0,
				1,
				3.322,
				0,
				3.544,
				0,
				3.767,
				0
			]
		},
		{
			"Target": "Parameter",
			"Id": "ParamPai2Y",
			"Segments": [
				0,
				-6.495,
				0,
				0.033,
				-6.495,
				1,
				0.222,
				-6.495,
				0.411,
				30,
				0.6,
				30,
				1,
				0.711,
				30,
				0.822,
				-30,
				0.933,
				-30,
				1,
				1.044,
				-30,
				1.156,
				9.505,
				1.267,
				9.505,
				1,
				1.367,
				9.505,
				1.467,
				-18.495,
				1.567,
				-18.495,
				1,
				1.656,
				-18.495,
				1.744,
				-1.495,
				1.833,
				-1.495,
				1,
				1.967,
				-1.495,
				2.1,
				-16.495,
				2.233,
				-16.495,
				1,
				2.378,
				-16.495,
				2.522,
				-4.495,
				2.667,
				-4.495,
				1,
				2.822,
				-4.495,
				2.978,
				-6.495,
				3.133,
				-6.495,
				1,
				3.344,
				-6.495,
				3.556,
				-6,
				3.767,
				-6
			]
		},
		{
			"Target": "Parameter",
			"Id": "ParamPai2X2",
			"Segments": [
				0,
				0,
				1,
				0.156,
				0,
				0.311,
				-28.18,
				0.467,
				-28.18,
				1,
				0.578,
				-28.18,
				0.689,
				23,
				0.8,
				23,
				1,
				0.911,
				23,
				1.022,
				-5,
				1.133,
				-5,
				1,
				1.233,
				-5,
				1.333,
				5,
				1.433,
				5,
				1,
				1.522,
				5,
				1.611,
				-1.44,
				1.7,
				-2,
				1,
				1.856,
				-2.98,
				2.011,
				-3,
				2.167,
				-3,
				1,
				2.322,
				-3,
				2.478,
				1,
				2.633,
				1,
				1,
				2.778,
				1,
				2.922,
				0,
				3.067,
				0,
				1,
				3.3,
				0,
				3.533,
				0,
				3.767,
				0
			]
		},
		{
			"Target": "Parameter",
			"Id": "ParamPai2Y2",
			"Segments": [
				0,
				-8.946,
				0,
				0.033,
				-8.946,
				1,
				0.189,
				-8.946,
				0.344,
				23.374,
				0.5,
				23.374,
				1,
				0.611,
				23.374,
				0.722,
				-30,
				0.833,
				-30,
				1,
				0.944,
				-30,
				1.056,
				9.054,
				1.167,
				9.054,
				1,
				1.267,
				9.054,
				1.367,
				-20.946,
				1.467,
				-20.946,
				1,
				1.556,
				-20.946,
				1.644,
				-2.946,
				1.733,
				-2.946,
				1,
				1.889,
				-2.946,
				2.044,
				-16.946,
				2.2,
				-16.946,
				1,
				2.356,
				-16.946,
				2.511,
				-6.946,
				2.667,
				-6.946,
				1,
				2.811,
				-6.946,
				2.956,
				-8.946,
				3.1,
				-8.946,
				1,
				3.322,
				-8.946,
				3.544,
				-8,
				3.767,
				-8
			]
		},
		{
			"Target": "Parameter",
			"Id": "ParamArm2R",
			"Segments": [
				0,
				0,
				1,
				0.133,
				0,
				0.267,
				20,
				0.4,
				20,
				1,
				0.667,
				20,
				0.933,
				-2,
				1.2,
				-2,
				1,
				1.533,
				-2,
				1.867,
				3,
				2.2,
				3,
				1,
				2.433,
				3,
				2.667,
				0,
				2.9,
				0,
				1,
				3.189,
				0,
				3.478,
				0,
				3.767,
				0
			]
		},
		{
			"Target": "Parameter",
			"Id": "ParamArmR",
			"Segments": [
				0,
				2.434,
				1,
				0.167,
				2.434,
				0.333,
				6.434,
				0.5,
				6.434,
				1,
				0.767,
				6.434,
				1.033,
				-4.566,
				1.3,
				-4.566,
				1,
				1.633,
				-4.566,
				1.967,
				6.434,
				2.3,
				6.434,
				1,
				2.533,
				6.434,
				2.767,
				2.434,
				3,
				2.434,
				1,
				3.256,
				2.434,
				3.511,
				3.35,
				3.767,
				3.35
			]
		},
		{
			"Target": "Parameter",
			"Id": "ParamHandR",
			"Segments": [
				0,
				3.849,
				1,
				0.2,
				3.849,
				0.4,
				30,
				0.6,
				30,
				1,
				0.867,
				30,
				1.133,
				-11.151,
				1.4,
				-11.151,
				1,
				1.733,
				-11.151,
				2.067,
				10.849,
				2.4,
				10.849,
				1,
				2.633,
				10.849,
				2.867,
				3.849,
				3.1,
				3.849,
				1,
				3.322,
				3.849,
				3.544,
				5.35,
				3.767,
				5.35
			]
		},
		{
			"Target": "Parameter",
			"Id": "ParamArm2L",
			"Segments": [
				0,
				0,
				1,
				0.111,
				0,
				0.222,
				2,
				0.333,
				2,
				1,
				0.5,
				2,
				0.667,
				1.875,
				0.833,
				0,
				1,
				0.956,
				-1.375,
				1.078,
				-5,
				1.2,
				-5,
				1,
				1.467,
				-5,
				1.733,
				1,
				2,
				1,
				1,
				2.3,
				1,
				2.6,
				0,
				2.9,
				0,
				1,
				3.189,
				0,
				3.478,
				0,
				3.767,
				0
			]
		},
		{
			"Target": "Parameter",
			"Id": "ParamArmL",
			"Segments": [
				0,
				1.976,
				1,
				0.122,
				1.976,
				0.244,
				-1.024,
				0.367,
				-1.024,
				1,
				0.533,
				-1.024,
				0.7,
				7.203,
				0.867,
				14.976,
				1,
				0.978,
				20.159,
				1.089,
				20.66,
				1.2,
				20.66,
				1,
				1.433,
				20.66,
				1.667,
				-2.024,
				1.9,
				-2.024,
				1,
				2.167,
				-2.024,
				2.433,
				4.323,
				2.7,
				4.323,
				1,
				3.056,
				4.323,
				3.411,
				3,
				3.767,
				3
			]
		},
		{
			"Target": "Parameter",
			"Id": "ParamHandL",
			"Segments": [
				0,
				-15.868,
				1,
				0.167,
				-15.868,
				0.333,
				-16.868,
				0.5,
				-16.868,
				1,
				0.667,
				-16.868,
				0.833,
				14.132,
				1,
				14.132,
				1,
				1.089,
				14.132,
				1.178,
				12.978,
				1.267,
				6.638,
				1,
				1.467,
				-7.627,
				1.667,
				-17.868,
				1.867,
				-17.868,
				1,
				2.267,
				-17.868,
				2.667,
				-15.868,
				3.067,
				-15.868,
				1,
				3.3,
				-15.868,
				3.533,
				-16.75,
				3.767,
				-16.75
			]
		},
		{
			"Target": "Parameter",
			"Id": "ParamKazariX",
			"Segments": [
				0,
				0,
				1,
				0.144,
				0,
				0.289,
				-18,
				0.433,
				-18,
				1,
				0.7,
				-18,
				0.967,
				17,
				1.233,
				17,
				1,
				1.467,
				17,
				1.7,
				-16,
				1.933,
				-16,
				1,
				2.222,
				-16,
				2.511,
				6,
				2.8,
				6,
				1,
				3,
				6,
				3.2,
				0,
				3.4,
				0,
				0,
				3.767,
				0
			]
		},
		{
			"Target": "Parameter",
			"Id": "ParamKazariY",
			"Segments": [
				0,
				0,
				1,
				0.144,
				0,
				0.289,
				26,
				0.433,
				26,
				1,
				0.7,
				26,
				0.967,
				-15,
				1.233,
				-15,
				1,
				1.467,
				-15,
				1.7,
				15,
				1.933,
				15,
				1,
				2.222,
				15,
				2.511,
				-8,
				2.8,
				-8,
				1,
				3,
				-8,
				3.2,
				0,
				3.4,
				0,
				0,
				3.767,
				0
			]
		},
		{
			"Target": "Parameter",
			"Id": "ParamPaiRibonX",
			"Segments": [
				0,
				0,
				1,
				0.144,
				0,
				0.289,
				-26,
				0.433,
				-26,
				1,
				0.7,
				-26,
				0.967,
				29,
				1.233,
				29,
				1,
				1.467,
				29,
				1.7,
				-17,
				1.933,
				-17,
				1,
				2.222,
				-17,
				2.511,
				6,
				2.8,
				6,
				1,
				3,
				6,
				3.2,
				0,
				3.4,
				0,
				0,
				3.767,
				0
			]
		},
		{
			"Target": "Parameter",
			"Id": "ParamPaiRibonY",
			"Segments": [
				0,
				0,
				1,
				0.144,
				0,
				0.289,
				3.484,
				0.433,
				4,
				1,
				0.7,
				4.952,
				0.967,
				5,
				1.233,
				5,
				1,
				1.467,
				5,
				1.7,
				-2,
				1.933,
				-2,
				1,
				2.222,
				-2,
				2.511,
				-2,
				2.8,
				-2,
				1,
				3,
				-2,
				3.2,
				0,
				3.4,
				0,
				0,
				3.767,
				0
			]
		},
		{
			"Target": "Parameter",
			"Id": "ParamPaiHiraX",
			"Segments": [
				0,
				0,
				1,
				0.144,
				0,
				0.289,
				-10,
				0.433,
				-10,
				1,
				0.578,
				-10,
				0.722,
				-9.356,
				0.867,
				-3,
				1,
				0.989,
				2.379,
				1.111,
				13,
				1.233,
				13,
				1,
				1.344,
				13,
				1.456,
				5.527,
				1.567,
				-3,
				1,
				1.689,
				-12.379,
				1.811,
				-15,
				1.933,
				-15,
				1,
				2.078,
				-15,
				2.222,
				3,
				2.367,
				3,
				1,
				2.511,
				3,
				2.656,
				2.901,
				2.8,
				2,
				1,
				2.889,
				1.445,
				2.978,
				0,
				3.067,
				0,
				1,
				3.178,
				0,
				3.289,
				0,
				3.4,
				0,
				0,
				3.767,
				0
			]
		},
		{
			"Target": "Parameter",
			"Id": "ParamPaiHiraY",
			"Segments": [
				0,
				0,
				1,
				0.144,
				0,
				0.289,
				30,
				0.433,
				30,
				1,
				0.578,
				30,
				0.722,
				-30,
				0.867,
				-30,
				1,
				0.989,
				-30,
				1.111,
				30,
				1.233,
				30,
				1,
				1.344,
				30,
				1.456,
				-30,
				1.567,
				-30,
				1,
				1.689,
				-30,
				1.811,
				11,
				1.933,
				11,
				1,
				2.078,
				11,
				2.222,
				-30,
				2.367,
				-30,
				1,
				2.511,
				-30,
				2.656,
				-21.977,
				2.8,
				-8,
				1,
				2.889,
				0.601,
				2.978,
				4,
				3.067,
				4,
				1,
				3.178,
				4,
				3.289,
				0,
				3.4,
				0,
				0,
				3.767,
				0
			]
		},
		{
			"Target": "Parameter",
			"Id": "ParamHiraX",
			"Segments": [
				0,
				0,
				1,
				0.144,
				0,
				0.289,
				-16,
				0.433,
				-16,
				1,
				0.7,
				-16,
				0.967,
				18,
				1.233,
				18,
				1,
				1.467,
				18,
				1.7,
				-8,
				1.933,
				-8,
				1,
				2.222,
				-8,
				2.511,
				5,
				2.8,
				5,
				1,
				3,
				5,
				3.2,
				0,
				3.4,
				0,
				0,
				3.767,
				0
			]
		},
		{
			"Target": "Parameter",
			"Id": "ParamHiraY",
			"Segments": [
				0,
				0,
				1,
				0.144,
				0,
				0.289,
				18,
				0.433,
				18,
				1,
				0.7,
				18,
				0.967,
				-16,
				1.233,
				-16,
				1,
				1.467,
				-16,
				1.7,
				12,
				1.933,
				12,
				1,
				2.222,
				12,
				2.511,
				-6,
				2.8,
				-6,
				1,
				3,
				-6,
				3.2,
				0,
				3.4,
				0,
				0,
				3.767,
				0
			]
		},
		{
			"Target": "Parameter",
			"Id": "ParamAngleX",
			"Segments": [
				0,
				-2.836,
				1,
				0.1,
				-2.836,
				0.2,
				-22.836,
				0.3,
				-22.836,
				1,
				0.433,
				-22.836,
				0.567,
				-19.782,
				0.7,
				-9.836,
				1,
				0.789,
				-3.206,
				0.878,
				8.955,
				0.967,
				16.164,
				1,
				1.044,
				22.471,
				1.122,
				24.164,
				1.2,
				24.164,
				1,
				1.467,
				24.164,
				1.733,
				18.323,
				2,
				7.164,
				1,
				2.211,
				-1.67,
				2.422,
				-5.836,
				2.633,
				-5.836,
				1,
				2.833,
				-5.836,
				3.033,
				-2.836,
				3.233,
				-2.836,
				1,
				3.411,
				-2.836,
				3.589,
				-4,
				3.767,
				-4
			]
		},
		{
			"Target": "Parameter",
			"Id": "ParamAngleY",
			"Segments": [
				0,
				0,
				1,
				0.1,
				0,
				0.2,
				-10,
				0.3,
				-10,
				1,
				0.433,
				-10,
				0.567,
				-2.423,
				0.7,
				9,
				1,
				0.789,
				16.615,
				0.878,
				19,
				0.967,
				19,
				1,
				1.044,
				19,
				1.122,
				4.316,
				1.2,
				2,
				1,
				1.467,
				-5.939,
				1.733,
				-8,
				2,
				-8,
				1,
				2.211,
				-8,
				2.422,
				2,
				2.633,
				2,
				1,
				2.833,
				2,
				3.033,
				0,
				3.233,
				0,
				1,
				3.411,
				0,
				3.589,
				0,
				3.767,
				0
			]
		},
		{
			"Target": "Parameter",
			"Id": "ParamAngleZ",
			"Segments": [
				0,
				0,
				1,
				0.1,
				0,
				0.2,
				-16,
				0.3,
				-16,
				1,
				0.522,
				-16,
				0.744,
				-2.871,
				0.967,
				18,
				1,
				1.044,
				25.305,
				1.122,
				27,
				1.2,
				27,
				1,
				1.467,
				27,
				1.733,
				7.468,
				2,
				5,
				1,
				2.211,
				3.047,
				2.422,
				3.164,
				2.633,
				2,
				1,
				2.833,
				0.898,
				3.033,
				0,
				3.233,
				0,
				1,
				3.411,
				0,
				3.589,
				0,
				3.767,
				0
			]
		},
		{
			"Target": "Parameter",
			"Id": "ParamEyeLOpen",
			"Segments": [
				0,
				1,
				1,
				0.133,
				1,
				0.267,
				0,
				0.4,
				0,
				1,
				0.6,
				0,
				0.8,
				1,
				1,
				1,
				1,
				1.156,
				1,
				1.311,
				1,
				1.467,
				1,
				1,
				1.5,
				1,
				1.533,
				0,
				1.567,
				0,
				1,
				1.589,
				0,
				1.611,
				0,
				1.633,
				0,
				1,
				1.667,
				0,
				1.7,
				1,
				1.733,
				1,
				0,
				3.767,
				1
			]
		},
		{
			"Target": "Parameter",
			"Id": "ParamEyeLSmile",
			"Segments": [
				0,
				0,
				0,
				3.767,
				0
			]
		},
		{
			"Target": "Parameter",
			"Id": "ParamEyeROpen",
			"Segments": [
				0,
				1,
				1,
				0.133,
				1,
				0.267,
				0,
				0.4,
				0,
				1,
				0.6,
				0,
				0.8,
				1,
				1,
				1,
				1,
				1.156,
				1,
				1.311,
				1,
				1.467,
				1,
				1,
				1.5,
				1,
				1.533,
				0,
				1.567,
				0,
				1,
				1.589,
				0,
				1.611,
				0,
				1.633,
				0,
				1,
				1.667,
				0,
				1.7,
				1,
				1.733,
				1,
				0,
				3.767,
				1
			]
		},
		{
			"Target": "Parameter",
			"Id": "ParamEyeRSmile",
			"Segments": [
				0,
				0,
				0,
				3.767,
				0
			]
		},
		{
			"Target": "Parameter",
			"Id": "ParamEyeBallX",
			"Segments": [
				0,
				0,
				1,
				0.133,
				0,
				0.267,
				0,
				0.4,
				0,
				1,
				0.589,
				0,
				0.778,
				-0.5,
				0.967,
				-0.5,
				1,
				1.133,
				-0.5,
				1.3,
				-0.5,
				1.467,
				-0.5,
				1,
				1.833,
				-0.5,
				2.2,
				-0.273,
				2.567,
				-0.1,
				1,
				2.789,
				0.005,
				3.011,
				0,
				3.233,
				0,
				0,
				3.767,
				0
			]
		},
		{
			"Target": "Parameter",
			"Id": "ParamEyeBallY",
			"Segments": [
				0,
				0,
				1,
				0.133,
				0,
				0.267,
				0,
				0.4,
				0,
				1,
				0.589,
				0,
				0.778,
				0.3,
				0.967,
				0.3,
				1,
				1.133,
				0.3,
				1.3,
				0.22,
				1.467,
				0.2,
				1,
				1.833,
				0.156,
				2.2,
				0.145,
				2.567,
				0.1,
				1,
				2.789,
				0.073,
				3.011,
				0,
				3.233,
				0,
				0,
				3.767,
				0
			]
		},
		{
			"Target": "Parameter",
			"Id": "ParamBrowY",
			"Segments": [
				0,
				0,
				0,
				3.767,
				0
			]
		},
		{
			"Target": "Parameter",
			"Id": "ParamBrowAngle",
			"Segments": [
				0,
				0,
				0,
				3.767,
				0
			]
		},
		{
			"Target": "Parameter",
			"Id": "ParamBrowForm",
			"Segments": [
				0,
				0,
				0,
				3.767,
				0
			]
		},
		{
			"Target": "Parameter",
			"Id": "ParamMouthForm",
			"Segments": [
				0,
				0,
				0,
				3.767,
				0
			]
		},
		{
			"Target": "Parameter",
			"Id": "ParamMouthOpenY",
			"Segments": [
				0,
				0,
				0,
				3.767,
				0
			]
		},
		{
			"Target": "Parameter",
			"Id": "ParamCheek",
			"Segments": [
				0,
				0,
				1,
				0.156,
				0,
				0.311,
				1,
				0.467,
				1,
				1,
				1.189,
				1,
				1.911,
				1,
				2.633,
				1,
				1,
				3.011,
				1,
				3.389,
				0,
				3.767,
				0
			]
		},
		{
			"Target": "Parameter",
			"Id": "ParamBodyAngleX",
			"Segments": [
				0,
				0,
				1,
				0.133,
				0,
				0.267,
				3,
				0.4,
				3,
				1,
				0.656,
				3,
				0.911,
				-4,
				1.167,
				-4,
				1,
				1.422,
				-4,
				1.678,
				1,
				1.933,
				1,
				1,
				2.122,
				1,
				2.311,
				-1,
				2.5,
				-1,
				1,
				2.678,
				-1,
				2.856,
				0,
				3.033,
				0,
				1,
				3.278,
				0,
				3.522,
				0,
				3.767,
				0
			]
		},
		{
			"Target": "Parameter",
			"Id": "ParamBodyAngleY",
			"Segments": [
				0,
				0,
				1,
				0.133,
				0,
				0.267,
				4,
				0.4,
				4,
				1,
				0.656,
				4,
				0.911,
				-4,
				1.167,
				-4,
				1,
				1.422,
				-4,
				1.678,
				1,
				1.933,
				1,
				1,
				2.122,
				1,
				2.311,
				0,
				2.5,
				0,
				1,
				2.678,
				0,
				2.856,
				0,
				3.033,
				0,
				1,
				3.278,
				0,
				3.522,
				0,
				3.767,
				0
			]
		},
		{
			"Target": "Parameter",
			"Id": "ParamBodyAngleZ",
			"Segments": [
				0,
				0,
				1,
				0.133,
				0,
				0.267,
				-2,
				0.4,
				-2,
				1,
				0.656,
				-2,
				0.911,
				-2,
				1.167,
				-2,
				1,
				1.422,
				-2,
				1.678,
				-1,
				1.933,
				-1,
				1,
				2.122,
				-1,
				2.311,
				-1,
				2.5,
				-1,
				1,
				2.678,
				-1,
				2.856,
				0,
				3.033,
				0,
				1,
				3.278,
				0,
				3.522,
				0,
				3.767,
				0
			]
		},
		{
			"Target": "Parameter",
			"Id": "ParamBreat",
			"Segments": [
				0,
				0.218,
				1,
				0.111,
				0.218,
				0.222,
				0.218,
				0.333,
				0.218,
				1,
				0.611,
				0.218,
				0.889,
				1,
				1.167,
				1,
				1,
				1.4,
				1,
				1.633,
				0.218,
				1.867,
				0.218,
				1,
				2.056,
				0.218,
				2.244,
				0.718,
				2.433,
				0.718,
				1,
				2.644,
				0.718,
				2.856,
				0.366,
				3.067,
				0.366,
				1,
				3.3,
				0.366,
				3.533,
				0.5,
				3.767,
				0.5
			]
		},
		{
			"Target": "Parameter",
			"Id": "ParamHairFront",
			"Segments": [
				0,
				0,
				1,
				0.156,
				0,
				0.311,
				-0.6,
				0.467,
				-0.6,
				1,
				0.722,
				-0.6,
				0.978,
				0.1,
				1.233,
				0.1,
				1,
				1.478,
				0.1,
				1.722,
				-0.3,
				1.967,
				-0.3,
				1,
				2.167,
				-0.3,
				2.367,
				0.2,
				2.567,
				0.2,
				1,
				2.744,
				0.2,
				2.922,
				0,
				3.1,
				0,
				0,
				3.767,
				0
			]
		},
		{
			"Target": "Parameter",
			"Id": "ParamHairSide",
			"Segments": [
				0,
				0,
				1,
				0.156,
				0,
				0.311,
				0,
				0.467,
				0,
				1,
				0.722,
				0,
				0.978,
				1,
				1.233,
				1,
				1,
				1.478,
				1,
				1.722,
				-0.3,
				1.967,
				-0.3,
				1,
				2.167,
				-0.3,
				2.367,
				0.1,
				2.567,
				0.1,
				1,
				2.744,
				0.1,
				2.922,
				0,
				3.1,
				0,
				0,
				3.767,
				0
			]
		},
		{
			"Target": "Parameter",
			"Id": "ParamHairBack",
			"Segments": [
				0,
				0,
				1,
				0.633,
				0,
				1.267,
				0,
				1.9,
				0,
				0,
				3.767,
				0
			]
		},
		{
			"Target": "Parameter",
			"Id": "ParamHairW",
			"Segments": [
				0,
				0,
				1,
				0.133,
				0,
				0.267,
				0,
				0.4,
				0,
				1,
				0.9,
				0,
				1.4,
				-0.2,
				1.9,
				-0.2,
				1,
				2.1,
				-0.2,
				2.3,
				0,
				2.5,
				0,
				1,
				2.678,
				0,
				2.856,
				0,
				3.033,
				0,
				1,
				3.278,
				0,
				3.522,
				0,
				3.767,
				0
			]
		},
		{
			"Target": "Parameter",
			"Id": "ParamItiX",
			"Segments": [
				0,
				0,
				1,
				0.122,
				0,
				0.244,
				3,
				0.367,
				3,
				1,
				0.633,
				3,
				0.9,
				-16,
				1.167,
				-16,
				1,
				1.422,
				-16,
				1.678,
				2,
				1.933,
				2,
				1,
				2.133,
				2,
				2.333,
				-1,
				2.533,
				-1,
				1,
				2.7,
				-1,
				2.867,
				0,
				3.033,
				0,
				0,
				3.767,
				0
			]
		},
		{
			"Target": "Parameter",
			"Id": "ParamItiY",
			"Segments": [
				0,
				0,
				1,
				0.122,
				0,
				0.244,
				-8,
				0.367,
				-8,
				1,
				0.633,
				-8,
				0.9,
				-2,
				1.167,
				-2,
				1,
				1.422,
				-2,
				1.678,
				-5,
				1.933,
				-5,
				1,
				2.133,
				-5,
				2.333,
				-2.287,
				2.533,
				-1,
				1,
				2.7,
				0.072,
				2.867,
				0,
				3.033,
				0,
				0,
				3.767,
				0
			]
		},
		{
			"Target": "Parameter",
			"Id": "Param_Angle_Rotation17",
			"Segments": [
				0,
				0,
				1,
				0.122,
				0,
				0.244,
				-8,
				0.367,
				-8,
				1,
				0.622,
				-8,
				0.878,
				20,
				1.133,
				20,
				1,
				1.356,
				20,
				1.578,
				8.352,
				1.8,
				4,
				1,
				2.011,
				-0.134,
				2.222,
				0,
				2.433,
				0,
				1,
				2.656,
				0,
				2.878,
				0,
				3.1,
				0,
				1,
				3.322,
				0,
				3.544,
				0,
				3.767,
				0
			]
		},
		{
			"Target": "Parameter",
			"Id": "Param_Angle_Rotation18",
			"Segments": [
				0,
				-2.888,
				0,
				0.133,
				-2.888,
				1,
				0.256,
				-2.888,
				0.378,
				-12.888,
				0.5,
				-12.888,
				1,
				0.756,
				-12.888,
				1.011,
				1.112,
				1.267,
				1.112,
				1,
				1.489,
				1.112,
				1.711,
				-2.888,
				1.933,
				-2.888,
				1,
				2.144,
				-2.888,
				2.356,
				2.112,
				2.567,
				2.112,
				1,
				2.789,
				2.112,
				3.011,
				-2.888,
				3.233,
				-2.888,
				1,
				3.411,
				-2.888,
				3.589,
				-2.55,
				3.767,
				-2.55
			]
		},
		{
			"Target": "Parameter",
			"Id": "Param_Angle_Rotation19",
			"Segments": [
				0,
				-5.819,
				0,
				0.2,
				-5.819,
				1,
				0.322,
				-5.819,
				0.444,
				-15.819,
				0.567,
				-15.819,
				1,
				0.822,
				-15.819,
				1.078,
				-0.819,
				1.333,
				-0.819,
				1,
				1.556,
				-0.819,
				1.778,
				-5.819,
				2,
				-5.819,
				1,
				2.211,
				-5.819,
				2.422,
				-0.819,
				2.633,
				-0.819,
				1,
				2.856,
				-0.819,
				3.078,
				-5.819,
				3.3,
				-5.819,
				1,
				3.456,
				-5.819,
				3.611,
				-5.47,
				3.767,
				-5.47
			]
		},
		{
			"Target": "Parameter",
			"Id": "Param_Angle_Rotation20",
			"Segments": [
				0,
				-16.404,
				0,
				0.3,
				-16.404,
				1,
				0.422,
				-16.404,
				0.544,
				-26.404,
				0.667,
				-26.404,
				1,
				0.922,
				-26.404,
				1.178,
				-10.404,
				1.433,
				-10.404,
				1,
				1.656,
				-10.404,
				1.878,
				-16.404,
				2.1,
				-16.404,
				1,
				2.311,
				-16.404,
				2.522,
				-11.404,
				2.733,
				-11.404,
				1,
				2.956,
				-11.404,
				3.178,
				-16.404,
				3.4,
				-16.404,
				1,
				3.522,
				-16.404,
				3.644,
				-15.82,
				3.767,
				-15.82
			]
		},
		{
			"Target": "Parameter",
			"Id": "Param_Angle_Rotation22",
			"Segments": [
				0,
				0,
				1,
				0.122,
				0,
				0.244,
				-6,
				0.367,
				-6,
				1,
				0.622,
				-6,
				0.878,
				20,
				1.133,
				20,
				1,
				1.356,
				20,
				1.578,
				13.456,
				1.8,
				6,
				1,
				2,
				-0.71,
				2.2,
				-2.316,
				2.4,
				-2.316,
				1,
				2.633,
				-2.316,
				2.867,
				1.494,
				3.1,
				1.494,
				1,
				3.322,
				1.494,
				3.544,
				0,
				3.767,
				0
			]
		},
		{
			"Target": "Parameter",
			"Id": "Param_Angle_Rotation23",
			"Segments": [
				0,
				-3.057,
				0,
				0.133,
				-3.057,
				1,
				0.256,
				-3.057,
				0.378,
				-11.057,
				0.5,
				-11.057,
				1,
				0.756,
				-11.057,
				1.011,
				2.943,
				1.267,
				2.943,
				1,
				1.489,
				2.943,
				1.711,
				-3.057,
				1.933,
				-3.057,
				1,
				2.144,
				-3.057,
				2.356,
				1.943,
				2.567,
				1.943,
				1,
				2.789,
				1.943,
				3.011,
				-3.057,
				3.233,
				-3.057,
				1,
				3.411,
				-3.057,
				3.589,
				-2.55,
				3.767,
				-2.55
			]
		},
		{
			"Target": "Parameter",
			"Id": "Param_Angle_Rotation24",
			"Segments": [
				0,
				-7.201,
				0,
				0.233,
				-7.201,
				1,
				0.356,
				-7.201,
				0.478,
				-15.201,
				0.6,
				-15.201,
				1,
				0.856,
				-15.201,
				1.111,
				-1.201,
				1.367,
				-1.201,
				1,
				1.589,
				-1.201,
				1.811,
				-7.201,
				2.033,
				-7.201,
				1,
				2.244,
				-7.201,
				2.456,
				-2.201,
				2.667,
				-2.201,
				1,
				2.889,
				-2.201,
				3.111,
				-7.201,
				3.333,
				-7.201,
				1,
				3.478,
				-7.201,
				3.622,
				-6.84,
				3.767,
				-6.84
			]
		},
		{
			"Target": "Parameter",
			"Id": "Param_Angle_Rotation25",
			"Segments": [
				0,
				-10.212,
				0,
				0.367,
				-10.212,
				1,
				0.489,
				-10.212,
				0.611,
				-18.212,
				0.733,
				-18.212,
				1,
				0.989,
				-18.212,
				1.244,
				-3.212,
				1.5,
				-3.212,
				1,
				1.722,
				-3.212,
				1.944,
				-10.212,
				2.167,
				-10.212,
				1,
				2.378,
				-10.212,
				2.589,
				-4.212,
				2.8,
				-4.212,
				1,
				3.022,
				-4.212,
				3.244,
				-10.212,
				3.467,
				-10.212,
				1,
				3.567,
				-10.212,
				3.667,
				-9.89,
				3.767,
				-9.89
			]
		},
		{
			"Target": "Parameter",
			"Id": "Param_Angle_Rotation27",
			"Segments": [
				0,
				0,
				1,
				0.122,
				0,
				0.244,
				-10.207,
				0.367,
				-10.207,
				1,
				0.622,
				-10.207,
				0.878,
				19.793,
				1.133,
				19.793,
				1,
				1.356,
				19.793,
				1.578,
				7.723,
				1.8,
				4.793,
				1,
				2.011,
				2.01,
				2.222,
				0.699,
				2.433,
				-0.207,
				1,
				2.656,
				-1.16,
				2.878,
				-1.207,
				3.1,
				-1.207,
				1,
				3.322,
				-1.207,
				3.544,
				0,
				3.767,
				0
			]
		},
		{
			"Target": "Parameter",
			"Id": "Param_Angle_Rotation28",
			"Segments": [
				0,
				-2.491,
				0,
				0.1,
				-2.491,
				1,
				0.222,
				-2.491,
				0.344,
				-12.491,
				0.467,
				-12.491,
				1,
				0.722,
				-12.491,
				0.978,
				4.509,
				1.233,
				4.509,
				1,
				1.456,
				4.509,
				1.678,
				-2.491,
				1.9,
				-2.491,
				1,
				2.111,
				-2.491,
				2.322,
				3.509,
				2.533,
				3.509,
				1,
				2.756,
				3.509,
				2.978,
				-2.491,
				3.2,
				-2.491,
				1,
				3.389,
				-2.491,
				3.578,
				-1.855,
				3.767,
				-1.855
			]
		},
		{
			"Target": "Parameter",
			"Id": "Param_Angle_Rotation29",
			"Segments": [
				0,
				-4.859,
				0,
				0.2,
				-4.859,
				1,
				0.322,
				-4.859,
				0.444,
				-15.859,
				0.567,
				-15.859,
				1,
				0.822,
				-15.859,
				1.078,
				3.141,
				1.333,
				3.141,
				1,
				1.556,
				3.141,
				1.778,
				-4.859,
				2,
				-4.859,
				1,
				2.211,
				-4.859,
				2.422,
				0.141,
				2.633,
				0.141,
				1,
				2.856,
				0.141,
				3.078,
				-4.859,
				3.3,
				-4.859,
				1,
				3.456,
				-4.859,
				3.611,
				-4.1,
				3.767,
				-4.1
			]
		},
		{
			"Target": "Parameter",
			"Id": "Param_Angle_Rotation30",
			"Segments": [
				0,
				-8.506,
				0,
				0.3,
				-8.506,
				1,
				0.422,
				-8.506,
				0.544,
				-20.506,
				0.667,
				-20.506,
				1,
				0.922,
				-20.506,
				1.178,
				-0.506,
				1.433,
				-0.506,
				1,
				1.656,
				-0.506,
				1.878,
				-8.506,
				2.1,
				-8.506,
				1,
				2.311,
				-8.506,
				2.522,
				-3.506,
				2.733,
				-3.506,
				1,
				2.956,
				-3.506,
				3.178,
				-8.506,
				3.4,
				-8.506,
				1,
				3.522,
				-8.506,
				3.644,
				-7.91,
				3.767,
				-7.91
			]
		},
		{
			"Target": "Parameter",
			"Id": "Param_Angle_Rotation32",
			"Segments": [
				0,
				0,
				1,
				0.122,
				0,
				0.244,
				-10,
				0.367,
				-10,
				1,
				0.622,
				-10,
				0.878,
				11,
				1.133,
				11,
				1,
				1.356,
				11,
				1.578,
				8.59,
				1.8,
				6,
				1,
				2.011,
				3.54,
				2.222,
				0.922,
				2.433,
				0,
				1,
				2.656,
				-0.97,
				2.878,
				-0.966,
				3.1,
				-0.966,
				1,
				3.322,
				-0.966,
				3.544,
				0,
				3.767,
				0
			]
		},
		{
			"Target": "Parameter",
			"Id": "Param_Angle_Rotation33",
			"Segments": [
				0,
				-1.057,
				0,
				0.1,
				-1.057,
				1,
				0.222,
				-1.057,
				0.344,
				-11.057,
				0.467,
				-11.057,
				1,
				0.722,
				-11.057,
				0.978,
				4.943,
				1.233,
				4.943,
				1,
				1.456,
				4.943,
				1.678,
				-1.057,
				1.9,
				-1.057,
				1,
				2.111,
				-1.057,
				2.322,
				3.943,
				2.533,
				3.943,
				1,
				2.756,
				3.943,
				2.978,
				0.055,
				3.2,
				-1.057,
				1,
				3.389,
				-2.003,
				3.578,
				-1.86,
				3.767,
				-1.86
			]
		},
		{
			"Target": "Parameter",
			"Id": "Param_Angle_Rotation34",
			"Segments": [
				0,
				-5.994,
				0,
				0.2,
				-5.994,
				1,
				0.322,
				-5.994,
				0.444,
				-13.994,
				0.567,
				-13.994,
				1,
				0.822,
				-13.994,
				1.078,
				0.006,
				1.333,
				0.006,
				1,
				1.556,
				0.006,
				1.778,
				-5.994,
				2,
				-5.994,
				1,
				2.211,
				-5.994,
				2.422,
				-1.994,
				2.633,
				-1.994,
				1,
				2.856,
				-1.994,
				3.078,
				-5.994,
				3.3,
				-5.994,
				1,
				3.456,
				-5.994,
				3.611,
				-5.47,
				3.767,
				-5.47
			]
		},
		{
			"Target": "Parameter",
			"Id": "Param_Angle_Rotation35",
			"Segments": [
				0,
				-8.276,
				0,
				0.3,
				-8.276,
				1,
				0.422,
				-8.276,
				0.544,
				-17.276,
				0.667,
				-17.276,
				1,
				0.922,
				-17.276,
				1.178,
				-2.276,
				1.433,
				-2.276,
				1,
				1.656,
				-2.276,
				1.878,
				-8.276,
				2.1,
				-8.276,
				1,
				2.311,
				-8.276,
				2.522,
				-5.276,
				2.733,
				-5.276,
				1,
				2.956,
				-5.276,
				3.178,
				-8.276,
				3.4,
				-8.276,
				1,
				3.522,
				-8.276,
				3.644,
				-7.91,
				3.767,
				-7.91
			]
		},
		{
			"Target": "Parameter",
			"Id": "Param_Angle_Rotation37",
			"Segments": [
				0,
				-1.009,
				1,
				0.122,
				-1.009,
				0.244,
				-9.009,
				0.367,
				-9.009,
				1,
				0.622,
				-9.009,
				0.878,
				17.991,
				1.133,
				17.991,
				1,
				1.356,
				17.991,
				1.578,
				7.87,
				1.8,
				4.991,
				1,
				2.011,
				2.257,
				2.222,
				0.897,
				2.433,
				-0.009,
				1,
				2.656,
				-0.962,
				2.878,
				-1.009,
				3.1,
				-1.009,
				1,
				3.322,
				-1.009,
				3.544,
				0,
				3.767,
				0
			]
		},
		{
			"Target": "Parameter",
			"Id": "Param_Angle_Rotation38",
			"Segments": [
				0,
				-1.868,
				0,
				0.1,
				-1.868,
				1,
				0.222,
				-1.868,
				0.344,
				-9.868,
				0.467,
				-9.868,
				1,
				0.722,
				-9.868,
				0.978,
				3.132,
				1.233,
				3.132,
				1,
				1.456,
				3.132,
				1.678,
				-1.868,
				1.9,
				-1.868,
				1,
				2.111,
				-1.868,
				2.322,
				3.132,
				2.533,
				3.132,
				1,
				2.756,
				3.132,
				2.978,
				-1.868,
				3.2,
				-1.868,
				1,
				3.389,
				-1.868,
				3.578,
				-1.39,
				3.767,
				-1.39
			]
		},
		{
			"Target": "Parameter",
			"Id": "Param_Angle_Rotation39",
			"Segments": [
				0,
				-4.546,
				0,
				0.2,
				-4.546,
				1,
				0.322,
				-4.546,
				0.444,
				-12.546,
				0.567,
				-12.546,
				1,
				0.822,
				-12.546,
				1.078,
				1.454,
				1.333,
				1.454,
				1,
				1.556,
				1.454,
				1.778,
				-4.546,
				2,
				-4.546,
				1,
				2.211,
				-4.546,
				2.422,
				0.454,
				2.633,
				0.454,
				1,
				2.856,
				0.454,
				3.078,
				-4.546,
				3.3,
				-4.546,
				1,
				3.456,
				-4.546,
				3.611,
				-4.102,
				3.767,
				-4.102
			]
		},
		{
			"Target": "Parameter",
			"Id": "Param_Angle_Rotation40",
			"Segments": [
				0,
				-6.316,
				0,
				0.3,
				-6.316,
				1,
				0.422,
				-6.316,
				0.544,
				-13.316,
				0.667,
				-13.316,
				1,
				0.922,
				-13.316,
				1.178,
				0.684,
				1.433,
				0.684,
				1,
				1.656,
				0.684,
				1.878,
				-6.316,
				2.1,
				-6.316,
				1,
				2.311,
				-6.316,
				2.522,
				-0.316,
				2.733,
				-0.316,
				1,
				2.956,
				-0.316,
				3.178,
				-6.316,
				3.4,
				-6.316,
				1,
				3.522,
				-6.316,
				3.644,
				-5.93,
				3.767,
				-5.93
			]
		},
		{
			"Target": "Parameter",
			"Id": "Param_Angle_Rotation42",
			"Segments": [
				0,
				-0.759,
				1,
				0.122,
				-0.759,
				0.244,
				-8.759,
				0.367,
				-8.759,
				1,
				0.622,
				-8.759,
				0.878,
				15.241,
				1.133,
				15.241,
				1,
				1.378,
				15.241,
				1.622,
				11.4,
				1.867,
				8,
				1,
				2.056,
				5.373,
				2.244,
				3.83,
				2.433,
				2.241,
				1,
				2.7,
				-0.001,
				2.967,
				-0.759,
				3.233,
				-0.759,
				1,
				3.411,
				-0.759,
				3.589,
				0,
				3.767,
				0
			]
		},
		{
			"Target": "Parameter",
			"Id": "Param_Angle_Rotation43",
			"Segments": [
				0,
				-1.943,
				0,
				0.1,
				-1.943,
				1,
				0.222,
				-1.943,
				0.344,
				-7.943,
				0.467,
				-7.943,
				1,
				0.722,
				-7.943,
				0.978,
				5.057,
				1.233,
				5.057,
				1,
				1.456,
				5.057,
				1.678,
				-1.943,
				1.9,
				-1.943,
				1,
				2.111,
				-1.943,
				2.322,
				2.057,
				2.533,
				2.057,
				1,
				2.8,
				2.057,
				3.067,
				-1.943,
				3.333,
				-1.943,
				1,
				3.478,
				-1.943,
				3.622,
				-1.39,
				3.767,
				-1.39
			]
		},
		{
			"Target": "Parameter",
			"Id": "Param_Angle_Rotation44",
			"Segments": [
				0,
				-6.427,
				0,
				0.2,
				-6.427,
				1,
				0.322,
				-6.427,
				0.444,
				-12.427,
				0.567,
				-12.427,
				1,
				0.822,
				-12.427,
				1.078,
				0.573,
				1.333,
				0.573,
				1,
				1.556,
				0.573,
				1.778,
				-6.427,
				2,
				-6.427,
				1,
				2.211,
				-6.427,
				2.422,
				-2.427,
				2.633,
				-2.427,
				1,
				2.9,
				-2.427,
				3.167,
				-6.427,
				3.433,
				-6.427,
				1,
				3.544,
				-6.427,
				3.656,
				-6.15,
				3.767,
				-6.15
			]
		},
		{
			"Target": "Parameter",
			"Id": "Param_Angle_Rotation45",
			"Segments": [
				0,
				-8.291,
				0,
				0.3,
				-8.291,
				1,
				0.422,
				-8.291,
				0.544,
				-14.291,
				0.667,
				-14.291,
				1,
				0.922,
				-14.291,
				1.178,
				-2.291,
				1.433,
				-2.291,
				1,
				1.656,
				-2.291,
				1.878,
				-8.291,
				2.1,
				-8.291,
				1,
				2.311,
				-8.291,
				2.522,
				-4.291,
				2.733,
				-4.291,
				1,
				3,
				-4.291,
				3.267,
				-8.291,
				3.533,
				-8.291,
				1,
				3.611,
				-8.291,
				3.689,
				-7.91,
				3.767,
				-7.91
			]
		},
		{
			"Target": "Parameter",
			"Id": "Param_Angle_Rotation47",
			"Segments": [
				0,
				0,
				1,
				0.122,
				0,
				0.244,
				-8,
				0.367,
				-8,
				1,
				0.622,
				-8,
				0.878,
				16,
				1.133,
				16,
				1,
				1.356,
				16,
				1.578,
				11.68,
				1.8,
				8,
				1,
				2.011,
				4.504,
				2.222,
				0.978,
				2.433,
				0,
				1,
				2.678,
				-1.132,
				2.922,
				-1.103,
				3.167,
				-1.103,
				1,
				3.367,
				-1.103,
				3.567,
				0,
				3.767,
				0
			]
		},
		{
			"Target": "Parameter",
			"Id": "Param_Angle_Rotation48",
			"Segments": [
				0,
				-1.905,
				0,
				0.067,
				-1.905,
				1,
				0.189,
				-1.905,
				0.311,
				-8.905,
				0.433,
				-8.905,
				1,
				0.689,
				-8.905,
				0.944,
				3.095,
				1.2,
				3.095,
				1,
				1.422,
				3.095,
				1.644,
				-1.905,
				1.867,
				-1.905,
				1,
				2.078,
				-1.905,
				2.289,
				8.095,
				2.5,
				8.095,
				1,
				2.767,
				8.095,
				3.033,
				-1.905,
				3.3,
				-1.905,
				1,
				3.456,
				-1.905,
				3.611,
				-1.16,
				3.767,
				-1.16
			]
		},
		{
			"Target": "Parameter",
			"Id": "Param_Angle_Rotation49",
			"Segments": [
				0,
				-3.922,
				0,
				0.2,
				-3.922,
				1,
				0.322,
				-3.922,
				0.444,
				-9.922,
				0.567,
				-9.922,
				1,
				0.822,
				-9.922,
				1.078,
				2.078,
				1.333,
				2.078,
				1,
				1.556,
				2.078,
				1.778,
				-3.922,
				2,
				-3.922,
				1,
				2.211,
				-3.922,
				2.422,
				5.078,
				2.633,
				5.078,
				1,
				2.9,
				5.078,
				3.167,
				-3.922,
				3.433,
				-3.922,
				1,
				3.544,
				-3.922,
				3.656,
				-3.42,
				3.767,
				-3.42
			]
		},
		{
			"Target": "Parameter",
			"Id": "Param_Angle_Rotation50",
			"Segments": [
				0,
				-7.235,
				0,
				0.3,
				-7.235,
				1,
				0.422,
				-7.235,
				0.544,
				-13.235,
				0.667,
				-13.235,
				1,
				0.922,
				-13.235,
				1.178,
				5.765,
				1.433,
				5.765,
				1,
				1.656,
				5.765,
				1.878,
				-7.235,
				2.1,
				-7.235,
				1,
				2.311,
				-7.235,
				2.522,
				1.765,
				2.733,
				1.765,
				1,
				3,
				1.765,
				3.267,
				-7.235,
				3.533,
				-7.235,
				1,
				3.611,
				-7.235,
				3.689,
				-6.92,
				3.767,
				-6.92
			]
		},
		{
			"Target": "Parameter",
			"Id": "Param_Angle_Rotation52",
			"Segments": [
				0,
				-2.193,
				1,
				0.122,
				-2.193,
				0.244,
				-10.193,
				0.367,
				-10.193,
				1,
				0.533,
				-10.193,
				0.7,
				8.143,
				0.867,
				18.807,
				1,
				0.956,
				24.495,
				1.044,
				23.807,
				1.133,
				23.807,
				1,
				1.356,
				23.807,
				1.578,
				7.124,
				1.8,
				5.807,
				1,
				2.011,
				4.556,
				2.222,
				4.99,
				2.433,
				3.807,
				1,
				2.7,
				2.313,
				2.967,
				-2.193,
				3.233,
				-2.193,
				1,
				3.411,
				-2.193,
				3.589,
				0,
				3.767,
				0
			]
		},
		{
			"Target": "Parameter",
			"Id": "Param_Angle_Rotation53",
			"Segments": [
				0,
				0,
				0,
				0.1,
				0,
				1,
				0.222,
				0,
				0.344,
				-7,
				0.467,
				-7,
				1,
				0.722,
				-7,
				0.978,
				30,
				1.233,
				30,
				1,
				1.456,
				30,
				1.678,
				0,
				1.9,
				0,
				1,
				2.111,
				0,
				2.322,
				3,
				2.533,
				3,
				1,
				2.8,
				3,
				3.067,
				1.752,
				3.333,
				0,
				1,
				3.478,
				-0.949,
				3.622,
				-1.16,
				3.767,
				-1.16
			]
		},
		{
			"Target": "Parameter",
			"Id": "Param_Angle_Rotation54",
			"Segments": [
				0,
				-4.647,
				0,
				0.2,
				-4.647,
				1,
				0.322,
				-4.647,
				0.444,
				-11.647,
				0.567,
				-11.647,
				1,
				0.822,
				-11.647,
				1.078,
				9.353,
				1.333,
				9.353,
				1,
				1.556,
				9.353,
				1.778,
				-4.647,
				2,
				-4.647,
				1,
				2.211,
				-4.647,
				2.422,
				-1.647,
				2.633,
				-1.647,
				1,
				2.9,
				-1.647,
				3.167,
				-4.647,
				3.433,
				-4.647,
				1,
				3.544,
				-4.647,
				3.656,
				-4.1,
				3.767,
				-4.1
			]
		},
		{
			"Target": "Parameter",
			"Id": "Param_Angle_Rotation55",
			"Segments": [
				0,
				-7.112,
				0,
				0.3,
				-7.112,
				1,
				0.422,
				-7.112,
				0.544,
				-15.112,
				0.667,
				-15.112,
				1,
				0.922,
				-15.112,
				1.178,
				-4.112,
				1.433,
				-4.112,
				1,
				1.656,
				-4.112,
				1.878,
				-7.112,
				2.1,
				-7.112,
				1,
				2.311,
				-7.112,
				2.522,
				-5.112,
				2.733,
				-5.112,
				1,
				3,
				-5.112,
				3.267,
				-7.112,
				3.533,
				-7.112,
				1,
				3.611,
				-7.112,
				3.689,
				-6.92,
				3.767,
				-6.92
			]
		},
		{
			"Target": "Parameter",
			"Id": "Param_Angle_Rotation57",
			"Segments": [
				0,
				-2.126,
				1,
				0.122,
				-2.126,
				0.244,
				-10.126,
				0.367,
				-10.126,
				1,
				0.533,
				-10.126,
				0.7,
				2.824,
				0.867,
				17.874,
				1,
				0.956,
				25.9,
				1.044,
				26.874,
				1.133,
				26.874,
				1,
				1.367,
				26.874,
				1.6,
				2.871,
				1.833,
				2.871,
				1,
				2.033,
				2.871,
				2.233,
				6.874,
				2.433,
				6.874,
				1,
				2.7,
				6.874,
				2.967,
				-2.126,
				3.233,
				-2.126,
				1,
				3.411,
				-2.126,
				3.589,
				0,
				3.767,
				0
			]
		},
		{
			"Target": "Parameter",
			"Id": "Param_Angle_Rotation58",
			"Segments": [
				0,
				0,
				0,
				0.1,
				0,
				1,
				0.222,
				0,
				0.344,
				-7,
				0.467,
				-7,
				1,
				0.722,
				-7,
				0.978,
				19,
				1.233,
				19,
				1,
				1.456,
				19,
				1.678,
				0,
				1.9,
				0,
				1,
				2.111,
				0,
				2.322,
				8,
				2.533,
				8,
				1,
				2.8,
				8,
				3.067,
				2.681,
				3.333,
				0,
				1,
				3.478,
				-1.452,
				3.622,
				-1.16,
				3.767,
				-1.16
			]
		},
		{
			"Target": "Parameter",
			"Id": "Param_Angle_Rotation59",
			"Segments": [
				0,
				-3.701,
				0,
				0.167,
				-3.701,
				1,
				0.289,
				-3.701,
				0.411,
				-11.701,
				0.533,
				-11.701,
				1,
				0.789,
				-11.701,
				1.044,
				-9.455,
				1.3,
				-6.701,
				1,
				1.522,
				-4.307,
				1.744,
				-3.701,
				1.967,
				-3.701,
				1,
				2.178,
				-3.701,
				2.389,
				-4.701,
				2.6,
				-4.701,
				1,
				2.867,
				-4.701,
				3.133,
				-3.701,
				3.4,
				-3.701,
				1,
				3.522,
				-3.701,
				3.644,
				-4.1,
				3.767,
				-4.1
			]
		},
		{
			"Target": "Parameter",
			"Id": "Param_Angle_Rotation60",
			"Segments": [
				0,
				-6.316,
				0,
				0.3,
				-6.316,
				1,
				0.422,
				-6.316,
				0.544,
				-15.316,
				0.667,
				-15.316,
				1,
				0.922,
				-15.316,
				1.178,
				-9.689,
				1.433,
				-8.316,
				1,
				1.656,
				-7.123,
				1.878,
				-7.41,
				2.1,
				-6.316,
				1,
				2.311,
				-5.277,
				2.522,
				-1.316,
				2.733,
				-1.316,
				1,
				2.956,
				-1.316,
				3.178,
				-6.316,
				3.4,
				-6.316,
				1,
				3.522,
				-6.316,
				3.644,
				-5.93,
				3.767,
				-5.93
			]
		},
		{
			"Target": "Parameter",
			"Id": "Param_Angle_Rotation62",
			"Segments": [
				0,
				0,
				1,
				0.122,
				0,
				0.244,
				-9.026,
				0.367,
				-9.026,
				1,
				0.622,
				-9.026,
				0.878,
				11.974,
				1.133,
				11.974,
				1,
				1.356,
				11.974,
				1.578,
				8.017,
				1.8,
				6.974,
				1,
				2.033,
				5.879,
				2.267,
				6.119,
				2.5,
				4.974,
				1,
				2.744,
				3.775,
				2.989,
				-1.026,
				3.233,
				-1.026,
				1,
				3.411,
				-1.026,
				3.589,
				0,
				3.767,
				0
			]
		},
		{
			"Target": "Parameter",
			"Id": "Param_Angle_Rotation63",
			"Segments": [
				0,
				-2.239,
				0,
				0.1,
				-2.239,
				1,
				0.222,
				-2.239,
				0.344,
				-8.239,
				0.467,
				-8.239,
				1,
				0.722,
				-8.239,
				0.978,
				10.761,
				1.233,
				10.761,
				1,
				1.456,
				10.761,
				1.678,
				-2.239,
				1.9,
				-2.239,
				1,
				2.133,
				-2.239,
				2.367,
				2.761,
				2.6,
				2.761,
				1,
				2.844,
				2.761,
				3.089,
				-2.239,
				3.333,
				-2.239,
				1,
				3.478,
				-2.239,
				3.622,
				-1.62,
				3.767,
				-1.62
			]
		},
		{
			"Target": "Parameter",
			"Id": "Param_Angle_Rotation64",
			"Segments": [
				0,
				-5.25,
				0,
				0.2,
				-5.25,
				1,
				0.322,
				-5.25,
				0.444,
				-13.25,
				0.567,
				-13.25,
				1,
				0.822,
				-13.25,
				1.078,
				7.75,
				1.333,
				7.75,
				1,
				1.556,
				7.75,
				1.778,
				-5.25,
				2,
				-5.25,
				1,
				2.233,
				-5.25,
				2.467,
				-0.25,
				2.7,
				-0.25,
				1,
				2.944,
				-0.25,
				3.189,
				-5.25,
				3.433,
				-5.25,
				1,
				3.544,
				-5.25,
				3.656,
				-4.78,
				3.767,
				-4.78
			]
		},
		{
			"Target": "Parameter",
			"Id": "Param_Angle_Rotation65",
			"Segments": [
				0,
				-7.204,
				0,
				0.3,
				-7.204,
				1,
				0.422,
				-7.204,
				0.544,
				-15.204,
				0.667,
				-15.204,
				1,
				0.922,
				-15.204,
				1.178,
				7.796,
				1.433,
				7.796,
				1,
				1.656,
				7.796,
				1.878,
				-7.204,
				2.1,
				-7.204,
				1,
				2.333,
				-7.204,
				2.567,
				-4.204,
				2.8,
				-4.204,
				1,
				3.044,
				-4.204,
				3.289,
				-7.204,
				3.533,
				-7.204,
				1,
				3.611,
				-7.204,
				3.689,
				-6.92,
				3.767,
				-6.92
			]
		},
		{
			"Target": "Parameter",
			"Id": "Param_Angle_Rotation66",
			"Segments": [
				0,
				0,
				1,
				0.122,
				0,
				0.244,
				0,
				0.367,
				0,
				1,
				0.6,
				0,
				0.833,
				6,
				1.067,
				6,
				1,
				1.311,
				6,
				1.556,
				0,
				1.8,
				0,
				0,
				3.767,
				0
			]
		},
		{
			"Target": "Parameter",
			"Id": "Param_Angle_Rotation67",
			"Segments": [
				0,
				0,
				1,
				0.122,
				0,
				0.244,
				-8,
				0.367,
				-8,
				1,
				0.622,
				-8,
				0.878,
				30,
				1.133,
				30,
				1,
				1.344,
				30,
				1.556,
				17.807,
				1.767,
				12.994,
				1,
				1.978,
				8.182,
				2.189,
				6.324,
				2.4,
				3.385,
				1,
				2.678,
				-0.481,
				2.956,
				-2.075,
				3.233,
				-2.075,
				1,
				3.411,
				-2.075,
				3.589,
				0,
				3.767,
				0
			]
		},
		{
			"Target": "Parameter",
			"Id": "Param_Angle_Rotation68",
			"Segments": [
				0,
				0,
				0,
				0.1,
				0,
				1,
				0.222,
				0,
				0.344,
				-8,
				0.467,
				-8,
				1,
				0.722,
				-8,
				0.978,
				24,
				1.233,
				24,
				1,
				1.456,
				24,
				1.678,
				0,
				1.9,
				0,
				1,
				2.122,
				0,
				2.344,
				3,
				2.567,
				3,
				1,
				2.822,
				3,
				3.078,
				1.853,
				3.333,
				0,
				1,
				3.478,
				-1.047,
				3.622,
				-1.39,
				3.767,
				-1.39
			]
		},
		{
			"Target": "Parameter",
			"Id": "Param_Angle_Rotation69",
			"Segments": [
				0,
				-4.828,
				0,
				0.2,
				-4.828,
				1,
				0.322,
				-4.828,
				0.444,
				-11.828,
				0.567,
				-11.828,
				1,
				0.822,
				-11.828,
				1.078,
				12.172,
				1.333,
				12.172,
				1,
				1.556,
				12.172,
				1.778,
				-4.828,
				2,
				-4.828,
				1,
				2.222,
				-4.828,
				2.444,
				-0.828,
				2.667,
				-0.828,
				1,
				2.922,
				-0.828,
				3.178,
				-4.828,
				3.433,
				-4.828,
				1,
				3.544,
				-4.828,
				3.656,
				-4.1,
				3.767,
				-4.1
			]
		},
		{
			"Target": "Parameter",
			"Id": "Param_Angle_Rotation70",
			"Segments": [
				0,
				-5.897,
				0,
				0.3,
				-5.897,
				1,
				0.422,
				-5.897,
				0.544,
				-12.897,
				0.667,
				-12.897,
				1,
				0.922,
				-12.897,
				1.178,
				23.103,
				1.433,
				23.103,
				1,
				1.656,
				23.103,
				1.878,
				-5.897,
				2.1,
				-5.897,
				1,
				2.322,
				-5.897,
				2.544,
				-2.897,
				2.767,
				-2.897,
				1,
				3.022,
				-2.897,
				3.278,
				-5.897,
				3.533,
				-5.897,
				1,
				3.611,
				-5.897,
				3.689,
				-4.94,
				3.767,
				-4.94
			]
		},
		{
			"Target": "Parameter",
			"Id": "Param_Angle_Rotation72",
			"Segments": [
				0,
				0,
				1,
				0.122,
				0,
				0.244,
				-8.98,
				0.367,
				-8.98,
				1,
				0.622,
				-8.98,
				0.878,
				22.02,
				1.133,
				22.02,
				1,
				1.356,
				22.02,
				1.578,
				8.24,
				1.8,
				7.02,
				1,
				2.022,
				5.8,
				2.244,
				6.185,
				2.467,
				5.02,
				1,
				2.722,
				3.68,
				2.978,
				-0.98,
				3.233,
				-0.98,
				1,
				3.411,
				-0.98,
				3.589,
				0,
				3.767,
				0
			]
		},
		{
			"Target": "Parameter",
			"Id": "Param_Angle_Rotation73",
			"Segments": [
				0,
				0,
				0,
				0.1,
				0,
				1,
				0.222,
				0,
				0.344,
				-8,
				0.467,
				-8,
				1,
				0.722,
				-8,
				0.978,
				29,
				1.233,
				29,
				1,
				1.456,
				29,
				1.678,
				0,
				1.9,
				0,
				1,
				2.122,
				0,
				2.344,
				2,
				2.567,
				2,
				1,
				2.822,
				2,
				3.078,
				1.346,
				3.333,
				0,
				1,
				3.478,
				-0.761,
				3.622,
				-1.16,
				3.767,
				-1.16
			]
		},
		{
			"Target": "Parameter",
			"Id": "Param_Angle_Rotation74",
			"Segments": [
				0,
				-3.724,
				0,
				0.2,
				-3.724,
				1,
				0.322,
				-3.724,
				0.444,
				-8.724,
				0.567,
				-8.724,
				1,
				0.822,
				-8.724,
				1.078,
				-3.724,
				1.333,
				-3.724,
				1,
				1.556,
				-3.724,
				1.778,
				-3.724,
				2,
				-3.724,
				1,
				2.222,
				-3.724,
				2.444,
				0.276,
				2.667,
				0.276,
				1,
				2.922,
				0.276,
				3.178,
				-3.724,
				3.433,
				-3.724,
				1,
				3.544,
				-3.724,
				3.656,
				-3.42,
				3.767,
				-3.42
			]
		},
		{
			"Target": "Parameter",
			"Id": "Param_Angle_Rotation75",
			"Segments": [
				0,
				-5.388,
				0,
				0.3,
				-5.388,
				1,
				0.422,
				-5.388,
				0.544,
				-13.388,
				0.667,
				-13.388,
				1,
				0.922,
				-13.388,
				1.178,
				1.612,
				1.433,
				1.612,
				1,
				1.656,
				1.612,
				1.878,
				-5.388,
				2.1,
				-5.388,
				1,
				2.322,
				-5.388,
				2.544,
				-1.388,
				2.767,
				-1.388,
				1,
				3.022,
				-1.388,
				3.278,
				-5.388,
				3.533,
				-5.388,
				1,
				3.611,
				-5.388,
				3.689,
				-4.94,
				3.767,
				-4.94
			]
		},
		{
			"Target": "Parameter",
			"Id": "Param_Angle_Rotation77",
			"Segments": [
				0,
				0,
				1,
				0.122,
				0,
				0.244,
				-8,
				0.367,
				-8,
				1,
				0.622,
				-8,
				0.878,
				30,
				1.133,
				30,
				1,
				1.356,
				30,
				1.578,
				11.819,
				1.8,
				8,
				1,
				2.022,
				4.181,
				2.244,
				2.727,
				2.467,
				1,
				1,
				2.711,
				-0.9,
				2.956,
				-1.31,
				3.2,
				-1.31,
				1,
				3.389,
				-1.31,
				3.578,
				0,
				3.767,
				0
			]
		},
		{
			"Target": "Parameter",
			"Id": "Param_Angle_Rotation78",
			"Segments": [
				0,
				0,
				0,
				0.1,
				0,
				1,
				0.222,
				0,
				0.344,
				-6,
				0.467,
				-6,
				1,
				0.722,
				-6,
				0.978,
				20,
				1.233,
				20,
				1,
				1.456,
				20,
				1.678,
				0,
				1.9,
				0,
				1,
				2.122,
				0,
				2.344,
				3,
				2.567,
				3,
				1,
				2.822,
				3,
				3.078,
				1.713,
				3.333,
				0,
				1,
				3.478,
				-0.968,
				3.622,
				-1.16,
				3.767,
				-1.16
			]
		},
		{
			"Target": "Parameter",
			"Id": "Param_Angle_Rotation79",
			"Segments": [
				0,
				-4.345,
				0,
				0.2,
				-4.345,
				1,
				0.322,
				-4.345,
				0.444,
				-11.345,
				0.567,
				-11.345,
				1,
				0.822,
				-11.345,
				1.078,
				0.655,
				1.333,
				0.655,
				1,
				1.556,
				0.655,
				1.778,
				-4.345,
				2,
				-4.345,
				1,
				2.222,
				-4.345,
				2.444,
				-1.345,
				2.667,
				-1.345,
				1,
				2.922,
				-1.345,
				3.178,
				-4.345,
				3.433,
				-4.345,
				1,
				3.544,
				-4.345,
				3.656,
				-4.1,
				3.767,
				-4.1
			]
		},
		{
			"Target": "Parameter",
			"Id": "Param_Angle_Rotation80",
			"Segments": [
				0,
				-6.575,
				0,
				0.3,
				-6.575,
				1,
				0.422,
				-6.575,
				0.544,
				-13.575,
				0.667,
				-13.575,
				1,
				0.922,
				-13.575,
				1.178,
				12.425,
				1.433,
				12.425,
				1,
				1.656,
				12.425,
				1.878,
				-6.575,
				2.1,
				-6.575,
				1,
				2.322,
				-6.575,
				2.544,
				-4.575,
				2.767,
				-4.575,
				1,
				3.022,
				-4.575,
				3.278,
				-6.575,
				3.533,
				-6.575,
				1,
				3.611,
				-6.575,
				3.689,
				-5.93,
				3.767,
				-5.93
			]
		},
		{
			"Target": "Parameter",
			"Id": "Param_Angle_Rotation2",
			"Segments": [
				0,
				-0.698,
				1,
				0.122,
				-0.698,
				0.244,
				-3.698,
				0.367,
				-3.698,
				1,
				0.622,
				-3.698,
				0.878,
				23.302,
				1.133,
				23.302,
				1,
				1.267,
				23.302,
				1.4,
				13.525,
				1.533,
				9.302,
				1,
				1.622,
				6.486,
				1.711,
				4.872,
				1.8,
				4.302,
				1,
				2,
				3.018,
				2.2,
				2.374,
				2.4,
				1.302,
				1,
				2.633,
				0.051,
				2.867,
				-0.698,
				3.1,
				-0.698,
				1,
				3.322,
				-0.698,
				3.544,
				0,
				3.767,
				0
			]
		},
		{
			"Target": "Parameter",
			"Id": "Param_Angle_Rotation3",
			"Segments": [
				0,
				0,
				0,
				0.1,
				0,
				1,
				0.222,
				0,
				0.344,
				-5,
				0.467,
				-5,
				1,
				0.722,
				-5,
				0.978,
				30,
				1.233,
				30,
				1,
				1.456,
				30,
				1.678,
				0,
				1.9,
				0,
				1,
				2.1,
				0,
				2.3,
				3,
				2.5,
				3,
				1,
				2.733,
				3,
				2.967,
				1.497,
				3.2,
				0,
				1,
				3.389,
				-1.212,
				3.578,
				-1.39,
				3.767,
				-1.39
			]
		},
		{
			"Target": "Parameter",
			"Id": "Param_Angle_Rotation4",
			"Segments": [
				0,
				-4.928,
				0,
				0.2,
				-4.928,
				1,
				0.322,
				-4.928,
				0.444,
				-9.928,
				0.567,
				-9.928,
				1,
				0.822,
				-9.928,
				1.078,
				25.072,
				1.333,
				25.072,
				1,
				1.556,
				25.072,
				1.778,
				-4.928,
				2,
				-4.928,
				1,
				2.2,
				-4.928,
				2.4,
				-1.928,
				2.6,
				-1.928,
				1,
				2.833,
				-1.928,
				3.067,
				-4.928,
				3.3,
				-4.928,
				1,
				3.456,
				-4.928,
				3.611,
				-4.1,
				3.767,
				-4.1
			]
		},
		{
			"Target": "Parameter",
			"Id": "Param_Angle_Rotation5",
			"Segments": [
				0,
				-7.357,
				0,
				0.267,
				-7.357,
				1,
				0.389,
				-7.357,
				0.511,
				-12.357,
				0.633,
				-12.357,
				1,
				0.889,
				-12.357,
				1.144,
				0.643,
				1.4,
				0.643,
				1,
				1.622,
				0.643,
				1.844,
				-7.357,
				2.067,
				-7.357,
				1,
				2.267,
				-7.357,
				2.467,
				-4.357,
				2.667,
				-4.357,
				1,
				2.9,
				-4.357,
				3.133,
				-7.357,
				3.367,
				-7.357,
				1,
				3.5,
				-7.357,
				3.633,
				-6.92,
				3.767,
				-6.92
			]
		},
		{
			"Target": "Parameter",
			"Id": "Param_Angle_Rotation6",
			"Segments": [
				0,
				-2.371,
				0,
				0.367,
				-2.371,
				1,
				0.489,
				-2.371,
				0.611,
				-7.371,
				0.733,
				-7.371,
				1,
				0.989,
				-7.371,
				1.244,
				7.629,
				1.5,
				7.629,
				1,
				1.722,
				7.629,
				1.944,
				-2.371,
				2.167,
				-2.371,
				1,
				2.367,
				-2.371,
				2.567,
				0.629,
				2.767,
				0.629,
				1,
				3,
				0.629,
				3.233,
				-2.371,
				3.467,
				-2.371,
				1,
				3.567,
				-2.371,
				3.667,
				-2.06,
				3.767,
				-2.06
			]
		},
		{
			"Target": "Parameter",
			"Id": "Param_Angle_Rotation7",
			"Segments": [
				0,
				2.728,
				0,
				0.4,
				2.728,
				1,
				0.522,
				2.728,
				0.644,
				-3.272,
				0.767,
				-3.272,
				1,
				1.022,
				-3.272,
				1.278,
				-3.272,
				1.533,
				-3.272,
				1,
				1.756,
				-3.272,
				1.978,
				0.53,
				2.2,
				2.728,
				1,
				2.4,
				4.706,
				2.6,
				4.728,
				2.8,
				4.728,
				1,
				3.033,
				4.728,
				3.267,
				2.728,
				3.5,
				2.728,
				1,
				3.589,
				2.728,
				3.678,
				2.97,
				3.767,
				2.97
			]
		},
		{
			"Target": "Parameter",
			"Id": "Param_Angle_Rotation105",
			"Segments": [
				0,
				0,
				1,
				0.122,
				0,
				0.244,
				-9,
				0.367,
				-9,
				1,
				0.622,
				-9,
				0.878,
				30,
				1.133,
				30,
				1,
				1.356,
				30,
				1.578,
				14.252,
				1.8,
				10,
				1,
				2.022,
				5.748,
				2.244,
				4.086,
				2.467,
				1.97,
				1,
				2.689,
				-0.146,
				2.911,
				-0.66,
				3.133,
				-0.66,
				1,
				3.344,
				-0.66,
				3.556,
				0,
				3.767,
				0
			]
		},
		{
			"Target": "Parameter",
			"Id": "Param_Angle_Rotation106",
			"Segments": [
				0,
				0,
				0,
				0.1,
				0,
				1,
				0.222,
				0,
				0.344,
				-6,
				0.467,
				-6,
				1,
				0.722,
				-6,
				0.978,
				30,
				1.233,
				30,
				1,
				1.456,
				30,
				1.678,
				0,
				1.9,
				0,
				1,
				2.122,
				0,
				2.344,
				6,
				2.567,
				6,
				1,
				2.778,
				6,
				2.989,
				1.683,
				3.2,
				0,
				1,
				3.389,
				-1.506,
				3.578,
				-1.39,
				3.767,
				-1.39
			]
		},
		{
			"Target": "Parameter",
			"Id": "Param_Angle_Rotation107",
			"Segments": [
				0,
				-5.779,
				0,
				0.2,
				-5.779,
				1,
				0.322,
				-5.779,
				0.444,
				-11.779,
				0.567,
				-11.779,
				1,
				0.822,
				-11.779,
				1.078,
				30,
				1.333,
				30,
				1,
				1.556,
				30,
				1.778,
				-5.779,
				2,
				-5.779,
				1,
				2.222,
				-5.779,
				2.444,
				-0.779,
				2.667,
				-0.779,
				1,
				2.878,
				-0.779,
				3.089,
				-5.779,
				3.3,
				-5.779,
				1,
				3.456,
				-5.779,
				3.611,
				-4.78,
				3.767,
				-4.78
			]
		},
		{
			"Target": "Parameter",
			"Id": "Param_Angle_Rotation108",
			"Segments": [
				0,
				-7.401,
				0,
				0.3,
				-7.401,
				1,
				0.422,
				-7.401,
				0.544,
				-12.401,
				0.667,
				-12.401,
				1,
				0.922,
				-12.401,
				1.178,
				0.599,
				1.433,
				0.599,
				1,
				1.656,
				0.599,
				1.878,
				-7.401,
				2.1,
				-7.401,
				1,
				2.322,
				-7.401,
				2.544,
				-0.401,
				2.767,
				-0.401,
				1,
				2.978,
				-0.401,
				3.189,
				-7.401,
				3.4,
				-7.401,
				1,
				3.522,
				-7.401,
				3.644,
				-6.92,
				3.767,
				-6.92
			]
		},
		{
			"Target": "Parameter",
			"Id": "Param_Angle_Rotation109",
			"Segments": [
				0,
				0,
				0,
				0.4,
				0,
				1,
				0.522,
				0,
				0.644,
				-5,
				0.767,
				-5,
				1,
				1.244,
				-5,
				1.722,
				-4.118,
				2.2,
				0,
				1,
				2.422,
				1.915,
				2.644,
				6,
				2.867,
				6,
				1,
				3.078,
				6,
				3.289,
				0.44,
				3.5,
				0,
				1,
				3.589,
				-0.185,
				3.678,
				-0.09,
				3.767,
				-0.09
			]
		},
		{
			"Target": "Parameter",
			"Id": "Param_Angle_Rotation86",
			"Segments": [
				0,
				0,
				1,
				0.122,
				0,
				0.244,
				0,
				0.367,
				0,
				1,
				0.622,
				0,
				0.878,
				15,
				1.133,
				15,
				1,
				1.356,
				15,
				1.578,
				0,
				1.8,
				0,
				0,
				3.767,
				0
			]
		},
		{
			"Target": "Parameter",
			"Id": "Param_Angle_Rotation87",
			"Segments": [
				0,
				-1.135,
				1,
				0.122,
				-1.135,
				0.244,
				-10.135,
				0.367,
				-10.135,
				1,
				0.622,
				-10.135,
				0.878,
				30,
				1.133,
				30,
				1,
				1.356,
				30,
				1.578,
				11.008,
				1.8,
				6.865,
				1,
				1.978,
				3.551,
				2.156,
				2.602,
				2.333,
				1.269,
				1,
				2.589,
				-0.648,
				2.844,
				-1.135,
				3.1,
				-1.135,
				1,
				3.322,
				-1.135,
				3.544,
				0,
				3.767,
				0
			]
		},
		{
			"Target": "Parameter",
			"Id": "Param_Angle_Rotation88",
			"Segments": [
				0,
				0,
				0,
				0.1,
				0,
				1,
				0.222,
				0,
				0.344,
				-6,
				0.467,
				-6,
				1,
				0.722,
				-6,
				0.978,
				30,
				1.233,
				30,
				1,
				1.456,
				30,
				1.678,
				0,
				1.9,
				0,
				1,
				2.122,
				0,
				2.344,
				8,
				2.567,
				8,
				1,
				2.778,
				8,
				2.989,
				1.524,
				3.2,
				0,
				1,
				3.389,
				-1.363,
				3.578,
				-1.16,
				3.767,
				-1.16
			]
		},
		{
			"Target": "Parameter",
			"Id": "Param_Angle_Rotation89",
			"Segments": [
				0,
				-4.484,
				0,
				0.2,
				-4.484,
				1,
				0.322,
				-4.484,
				0.444,
				-10.484,
				0.567,
				-10.484,
				1,
				0.822,
				-10.484,
				1.078,
				30,
				1.333,
				30,
				1,
				1.556,
				30,
				1.778,
				-4.484,
				2,
				-4.484,
				1,
				2.222,
				-4.484,
				2.444,
				3.516,
				2.667,
				3.516,
				1,
				2.878,
				3.516,
				3.089,
				-4.484,
				3.3,
				-4.484,
				1,
				3.456,
				-4.484,
				3.611,
				-3.42,
				3.767,
				-3.42
			]
		},
		{
			"Target": "Parameter",
			"Id": "Param_Angle_Rotation90",
			"Segments": [
				0,
				-6.861,
				0,
				0.333,
				-6.861,
				1,
				0.456,
				-6.861,
				0.578,
				-12.861,
				0.7,
				-12.861,
				1,
				0.944,
				-12.861,
				1.189,
				30,
				1.433,
				30,
				1,
				1.667,
				30,
				1.9,
				-6.861,
				2.133,
				-6.861,
				1,
				2.356,
				-6.861,
				2.578,
				1.139,
				2.8,
				1.139,
				1,
				3.011,
				1.139,
				3.222,
				-6.861,
				3.433,
				-6.861,
				1,
				3.544,
				-6.861,
				3.656,
				-5.93,
				3.767,
				-5.93
			]
		},
		{
			"Target": "Parameter",
			"Id": "Param_Angle_Rotation92",
			"Segments": [
				0,
				0,
				1,
				0.122,
				0,
				0.244,
				-9,
				0.367,
				-9,
				1,
				0.644,
				-9,
				0.922,
				21.022,
				1.2,
				21.022,
				1,
				1.4,
				21.022,
				1.6,
				12.092,
				1.8,
				8,
				1,
				1.956,
				4.817,
				2.111,
				3.305,
				2.267,
				2.049,
				1,
				2.533,
				-0.105,
				2.8,
				-0.62,
				3.067,
				-0.62,
				1,
				3.3,
				-0.62,
				3.533,
				0,
				3.767,
				0
			]
		},
		{
			"Target": "Parameter",
			"Id": "Param_Angle_Rotation93",
			"Segments": [
				0,
				0,
				0,
				0.1,
				0,
				1,
				0.222,
				0,
				0.344,
				-6,
				0.467,
				-6,
				1,
				0.722,
				-6,
				0.978,
				18,
				1.233,
				18,
				1,
				1.456,
				18,
				1.678,
				0,
				1.9,
				0,
				1,
				2.122,
				0,
				2.344,
				6,
				2.567,
				6,
				1,
				2.778,
				6,
				2.989,
				1.683,
				3.2,
				0,
				1,
				3.389,
				-1.506,
				3.578,
				-1.39,
				3.767,
				-1.39
			]
		},
		{
			"Target": "Parameter",
			"Id": "Param_Angle_Rotation94",
			"Segments": [
				0,
				-6.433,
				0,
				0.2,
				-6.433,
				1,
				0.322,
				-6.433,
				0.444,
				-12.433,
				0.567,
				-12.433,
				1,
				0.822,
				-12.433,
				1.078,
				18,
				1.333,
				18,
				1,
				1.556,
				18,
				1.778,
				-6.433,
				2,
				-6.433,
				1,
				2.222,
				-6.433,
				2.444,
				-1.433,
				2.667,
				-1.433,
				1,
				2.878,
				-1.433,
				3.089,
				-6.433,
				3.3,
				-6.433,
				1,
				3.456,
				-6.433,
				3.611,
				-5.47,
				3.767,
				-5.47
			]
		},
		{
			"Target": "Parameter",
			"Id": "Param_Angle_Rotation95",
			"Segments": [
				0,
				-6.437,
				0,
				0.333,
				-6.437,
				1,
				0.456,
				-6.437,
				0.578,
				-12.437,
				0.7,
				-12.437,
				1,
				0.956,
				-12.437,
				1.211,
				1.563,
				1.467,
				1.563,
				1,
				1.689,
				1.563,
				1.911,
				-6.437,
				2.133,
				-6.437,
				1,
				2.356,
				-6.437,
				2.578,
				-0.437,
				2.8,
				-0.437,
				1,
				3.011,
				-0.437,
				3.222,
				-6.437,
				3.433,
				-6.437,
				1,
				3.544,
				-6.437,
				3.656,
				-5.93,
				3.767,
				-5.93
			]
		},
		{
			"Target": "Parameter",
			"Id": "Param_Angle_Rotation97",
			"Segments": [
				0,
				0,
				1,
				0.122,
				0,
				0.244,
				-10,
				0.367,
				-10,
				1,
				0.622,
				-10,
				0.878,
				11,
				1.133,
				11,
				1,
				1.333,
				11,
				1.533,
				9.331,
				1.733,
				5.733,
				1,
				1.978,
				1.335,
				2.222,
				-1,
				2.467,
				-1,
				1,
				2.678,
				-1,
				2.889,
				0,
				3.1,
				0,
				1,
				3.322,
				0,
				3.544,
				0,
				3.767,
				0
			]
		},
		{
			"Target": "Parameter",
			"Id": "Param_Angle_Rotation98",
			"Segments": [
				0,
				-1.885,
				0,
				0.167,
				-1.885,
				1,
				0.289,
				-1.885,
				0.411,
				-7.885,
				0.533,
				-7.885,
				1,
				0.789,
				-7.885,
				1.044,
				6.115,
				1.3,
				6.115,
				1,
				1.522,
				6.115,
				1.744,
				-1.885,
				1.967,
				-1.885,
				1,
				2.189,
				-1.885,
				2.411,
				8.115,
				2.633,
				8.115,
				1,
				2.844,
				8.115,
				3.056,
				-1.885,
				3.267,
				-1.885,
				1,
				3.433,
				-1.885,
				3.6,
				-1.39,
				3.767,
				-1.39
			]
		},
		{
			"Target": "Parameter",
			"Id": "Param_Angle_Rotation99",
			"Segments": [
				0,
				-4.264,
				0,
				0.333,
				-4.264,
				1,
				0.456,
				-4.264,
				0.578,
				-10.264,
				0.7,
				-10.264,
				1,
				0.956,
				-10.264,
				1.211,
				3.736,
				1.467,
				3.736,
				1,
				1.689,
				3.736,
				1.911,
				-4.264,
				2.133,
				-4.264,
				1,
				2.356,
				-4.264,
				2.578,
				3.736,
				2.8,
				3.736,
				1,
				3.011,
				3.736,
				3.222,
				-4.264,
				3.433,
				-4.264,
				1,
				3.544,
				-4.264,
				3.656,
				-4.1,
				3.767,
				-4.1
			]
		},
		{
			"Target": "Parameter",
			"Id": "Param_Angle_Rotation100",
			"Segments": [
				0,
				0,
				1,
				0.122,
				0,
				0.244,
				-10,
				0.367,
				-10,
				1,
				0.622,
				-10,
				0.878,
				15,
				1.133,
				15,
				1,
				1.356,
				15,
				1.578,
				10.789,
				1.8,
				8,
				1,
				2.022,
				5.211,
				2.244,
				3.601,
				2.467,
				1.96,
				1,
				2.678,
				0.401,
				2.889,
				0,
				3.1,
				0,
				1,
				3.322,
				0,
				3.544,
				0,
				3.767,
				0
			]
		},
		{
			"Target": "Parameter",
			"Id": "Param_Angle_Rotation101",
			"Segments": [
				0,
				-2.555,
				0,
				0.133,
				-2.555,
				1,
				0.256,
				-2.555,
				0.378,
				-8.555,
				0.5,
				-8.555,
				1,
				0.756,
				-8.555,
				1.011,
				-0.555,
				1.267,
				-0.555,
				1,
				1.489,
				-0.555,
				1.711,
				-2.555,
				1.933,
				-2.555,
				1,
				2.144,
				-2.555,
				2.356,
				9,
				2.567,
				9,
				1,
				2.789,
				9,
				3.011,
				-2.555,
				3.233,
				-2.555,
				1,
				3.411,
				-2.555,
				3.589,
				-2.08,
				3.767,
				-2.08
			]
		},
		{
			"Target": "Parameter",
			"Id": "Param_Angle_Rotation102",
			"Segments": [
				0,
				-3.736,
				0,
				0.233,
				-3.736,
				1,
				0.356,
				-3.736,
				0.478,
				-9.736,
				0.6,
				-9.736,
				1,
				0.856,
				-9.736,
				1.111,
				0.264,
				1.367,
				0.264,
				1,
				1.589,
				0.264,
				1.811,
				-3.736,
				2.033,
				-3.736,
				1,
				2.256,
				-3.736,
				2.478,
				3.264,
				2.7,
				3.264,
				1,
				2.911,
				3.264,
				3.122,
				-3.736,
				3.333,
				-3.736,
				1,
				3.478,
				-3.736,
				3.622,
				-3.42,
				3.767,
				-3.42
			]
		},
		{
			"Target": "Parameter",
			"Id": "Param_Angle_Rotation103",
			"Segments": [
				0,
				-5.259,
				0,
				0.267,
				-5.259,
				1,
				0.389,
				-5.259,
				0.511,
				-12.259,
				0.633,
				-12.259,
				1,
				0.889,
				-12.259,
				1.144,
				-1.259,
				1.4,
				-1.259,
				1,
				1.622,
				-1.259,
				1.844,
				-5.259,
				2.067,
				-5.259,
				1,
				2.289,
				-5.259,
				2.511,
				2.741,
				2.733,
				2.741,
				1,
				2.944,
				2.741,
				3.156,
				-5.259,
				3.367,
				-5.259,
				1,
				3.5,
				-5.259,
				3.633,
				-4.94,
				3.767,
				-4.94
			]
		},
		{
			"Target": "Parameter",
			"Id": "Param_Angle_Rotation104",
			"Segments": [
				0,
				0,
				0,
				0.367,
				0,
				1,
				0.489,
				0,
				0.611,
				-6,
				0.733,
				-6,
				1,
				0.989,
				-6,
				1.244,
				4,
				1.5,
				4,
				1,
				1.722,
				4,
				1.944,
				0,
				2.167,
				0,
				1,
				2.389,
				0,
				2.611,
				8,
				2.833,
				8,
				1,
				3.044,
				8,
				3.256,
				0,
				3.467,
				0,
				1,
				3.567,
				0,
				3.667,
				0.51,
				3.767,
				0.51
			]
		},
		{
			"Target": "Parameter",
			"Id": "Param_Angle_Rotation111",
			"Segments": [
				0,
				0,
				1,
				0.122,
				0,
				0.244,
				-8,
				0.367,
				-8,
				1,
				0.622,
				-8,
				0.878,
				19,
				1.133,
				19,
				1,
				1.356,
				19,
				1.578,
				12.383,
				1.8,
				9,
				1,
				2.022,
				5.617,
				2.244,
				3.819,
				2.467,
				2.04,
				1,
				2.678,
				0.35,
				2.889,
				0,
				3.1,
				0,
				1,
				3.322,
				0,
				3.544,
				0,
				3.767,
				0
			]
		},
		{
			"Target": "Parameter",
			"Id": "Param_Angle_Rotation112",
			"Segments": [
				0,
				-2.011,
				0,
				0.1,
				-2.011,
				1,
				0.222,
				-2.011,
				0.344,
				-8.011,
				0.467,
				-8.011,
				1,
				0.722,
				-8.011,
				0.978,
				0.989,
				1.233,
				0.989,
				1,
				1.456,
				0.989,
				1.678,
				-2.011,
				1.9,
				-2.011,
				1,
				2.122,
				-2.011,
				2.344,
				9,
				2.567,
				9,
				1,
				2.778,
				9,
				2.989,
				-2.011,
				3.2,
				-2.011,
				1,
				3.389,
				-2.011,
				3.578,
				-1.39,
				3.767,
				-1.39
			]
		},
		{
			"Target": "Parameter",
			"Id": "Param_Angle_Rotation113",
			"Segments": [
				0,
				-4.655,
				0,
				0.2,
				-4.655,
				1,
				0.322,
				-4.655,
				0.444,
				-9.655,
				0.567,
				-9.655,
				1,
				0.822,
				-9.655,
				1.078,
				0.345,
				1.333,
				0.345,
				1,
				1.556,
				0.345,
				1.778,
				-4.655,
				2,
				-4.655,
				1,
				2.222,
				-4.655,
				2.444,
				5.345,
				2.667,
				5.345,
				1,
				2.878,
				5.345,
				3.089,
				-4.655,
				3.3,
				-4.655,
				1,
				3.456,
				-4.655,
				3.611,
				-4.1,
				3.767,
				-4.1
			]
		},
		{
			"Target": "Parameter",
			"Id": "Param_Angle_Rotation114",
			"Segments": [
				0,
				-6.281,
				0,
				0.267,
				-6.281,
				1,
				0.389,
				-6.281,
				0.511,
				-11.281,
				0.633,
				-11.281,
				1,
				0.889,
				-11.281,
				1.144,
				-0.281,
				1.4,
				-0.281,
				1,
				1.622,
				-0.281,
				1.844,
				-6.281,
				2.067,
				-6.281,
				1,
				2.289,
				-6.281,
				2.511,
				3.719,
				2.733,
				3.719,
				1,
				2.944,
				3.719,
				3.156,
				-6.281,
				3.367,
				-6.281,
				1,
				3.5,
				-6.281,
				3.633,
				-5.81,
				3.767,
				-5.81
			]
		},
		{
			"Target": "Parameter",
			"Id": "Param_Angle_Rotation116",
			"Segments": [
				0,
				0,
				1,
				0.122,
				0,
				0.244,
				-8,
				0.367,
				-8,
				1,
				0.622,
				-8,
				0.878,
				19,
				1.133,
				19,
				1,
				1.356,
				19,
				1.578,
				11.189,
				1.8,
				8,
				1,
				2.022,
				4.811,
				2.244,
				3.245,
				2.467,
				1.71,
				1,
				2.678,
				0.252,
				2.889,
				0,
				3.1,
				0,
				1,
				3.322,
				0,
				3.544,
				0,
				3.767,
				0
			]
		},
		{
			"Target": "Parameter",
			"Id": "Param_Angle_Rotation117",
			"Segments": [
				0,
				-2.276,
				0,
				0.1,
				-2.276,
				1,
				0.222,
				-2.276,
				0.344,
				-7.276,
				0.467,
				-7.276,
				1,
				0.722,
				-7.276,
				0.978,
				2.724,
				1.233,
				2.724,
				1,
				1.456,
				2.724,
				1.678,
				-2.276,
				1.9,
				-2.276,
				1,
				2.122,
				-2.276,
				2.344,
				3.724,
				2.567,
				3.724,
				1,
				2.778,
				3.724,
				2.989,
				-2.276,
				3.2,
				-2.276,
				1,
				3.389,
				-2.276,
				3.578,
				-1.72,
				3.767,
				-1.72
			]
		},
		{
			"Target": "Parameter",
			"Id": "Param_Angle_Rotation118",
			"Segments": [
				0,
				-8.314,
				0,
				0.2,
				-8.314,
				1,
				0.322,
				-8.314,
				0.444,
				-13.314,
				0.567,
				-13.314,
				1,
				0.822,
				-13.314,
				1.078,
				-3.314,
				1.333,
				-3.314,
				1,
				1.556,
				-3.314,
				1.778,
				-8.314,
				2,
				-8.314,
				1,
				2.222,
				-8.314,
				2.444,
				-1.314,
				2.667,
				-1.314,
				1,
				2.878,
				-1.314,
				3.089,
				-8.314,
				3.3,
				-8.314,
				1,
				3.456,
				-8.314,
				3.611,
				-7.99,
				3.767,
				-7.99
			]
		},
		{
			"Target": "Parameter",
			"Id": "Param_Angle_Rotation119",
			"Segments": [
				0,
				-7.906,
				0,
				0.3,
				-7.906,
				1,
				0.422,
				-7.906,
				0.544,
				-12.906,
				0.667,
				-12.906,
				1,
				0.922,
				-12.906,
				1.178,
				-2.906,
				1.433,
				-2.906,
				1,
				1.656,
				-2.906,
				1.878,
				-7.906,
				2.1,
				-7.906,
				1,
				2.322,
				-7.906,
				2.544,
				-1.906,
				2.767,
				-1.906,
				1,
				2.978,
				-1.906,
				3.189,
				-7.906,
				3.4,
				-7.906,
				1,
				3.522,
				-7.906,
				3.644,
				-7.73,
				3.767,
				-7.73
			]
		},
		{
			"Target": "Parameter",
			"Id": "Param_Angle_Rotation121",
			"Segments": [
				0,
				5.149,
				1,
				0.2,
				5.149,
				0.4,
				16.149,
				0.6,
				16.149,
				1,
				0.878,
				16.149,
				1.156,
				0.149,
				1.433,
				0.149,
				1,
				1.667,
				0.149,
				1.9,
				14.149,
				2.133,
				14.149,
				1,
				2.489,
				14.149,
				2.844,
				5.149,
				3.2,
				5.149,
				1,
				3.389,
				5.149,
				3.578,
				6.12,
				3.767,
				6.12
			]
		},
		{
			"Target": "Parameter",
			"Id": "Param_Angle_Rotation124",
			"Segments": [
				0,
				-9.103,
				1,
				0.211,
				-9.103,
				0.422,
				-20.103,
				0.633,
				-20.103,
				1,
				0.911,
				-20.103,
				1.189,
				3.897,
				1.467,
				3.897,
				1,
				1.7,
				3.897,
				1.933,
				-18.103,
				2.167,
				-18.103,
				1,
				2.522,
				-18.103,
				2.878,
				-9.103,
				3.233,
				-9.103,
				1,
				3.411,
				-9.103,
				3.589,
				-9.61,
				3.767,
				-9.61
			]
		},
		{
			"Target": "Parameter",
			"Id": "Param_Angle_Rotation127",
			"Segments": [
				0,
				-5.793,
				1,
				0.211,
				-5.793,
				0.422,
				-19.793,
				0.633,
				-19.793,
				1,
				0.911,
				-19.793,
				1.189,
				12.207,
				1.467,
				12.207,
				1,
				1.7,
				12.207,
				1.933,
				-12.793,
				2.167,
				-12.793,
				1,
				2.522,
				-12.793,
				2.878,
				-5.793,
				3.233,
				-5.793,
				1,
				3.411,
				-5.793,
				3.589,
				-6.99,
				3.767,
				-6.99
			]
		},
		{
			"Target": "Parameter",
			"Id": "Param_Angle_Rotation130",
			"Segments": [
				0,
				0,
				1,
				0.211,
				0,
				0.422,
				-27,
				0.633,
				-27,
				1,
				0.911,
				-27,
				1.189,
				29,
				1.467,
				29,
				1,
				1.7,
				29,
				1.933,
				-3,
				2.167,
				-3,
				1,
				2.522,
				-3,
				2.878,
				0,
				3.233,
				0,
				1,
				3.411,
				0,
				3.589,
				-2.62,
				3.767,
				-2.62
			]
		},
		{
			"Target": "Parameter",
			"Id": "Param_Angle_Rotation133",
			"Segments": [
				0,
				-8.508,
				1,
				0.211,
				-8.508,
				0.422,
				-30,
				0.633,
				-30,
				1,
				0.911,
				-30,
				1.189,
				13.492,
				1.467,
				13.492,
				1,
				1.7,
				13.492,
				1.933,
				-17.508,
				2.167,
				-17.508,
				1,
				2.522,
				-17.508,
				2.878,
				-8.508,
				3.233,
				-8.508,
				1,
				3.411,
				-8.508,
				3.589,
				-10.49,
				3.767,
				-10.49
			]
		},
		{
			"Target": "Parameter",
			"Id": "Param_Angle_Rotation122",
			"Segments": [
				0,
				14.594,
				1,
				0.278,
				14.594,
				0.556,
				-0.406,
				0.833,
				-0.406,
				1,
				1.1,
				-0.406,
				1.367,
				21.594,
				1.633,
				21.594,
				1,
				1.867,
				21.594,
				2.1,
				12.594,
				2.333,
				12.594,
				1,
				2.633,
				12.594,
				2.933,
				14.594,
				3.233,
				14.594,
				1,
				3.411,
				14.594,
				3.589,
				14,
				3.767,
				14
			]
		},
		{
			"Target": "Parameter",
			"Id": "Param_Angle_Rotation125",
			"Segments": [
				0,
				-9.897,
				1,
				0.278,
				-9.897,
				0.556,
				-29.897,
				0.833,
				-29.897,
				1,
				1.1,
				-29.897,
				1.367,
				-8.897,
				1.633,
				-8.897,
				1,
				1.867,
				-8.897,
				2.1,
				-20.897,
				2.333,
				-20.897,
				1,
				2.633,
				-20.897,
				2.933,
				-9.897,
				3.233,
				-9.897,
				1,
				3.411,
				-9.897,
				3.589,
				-11,
				3.767,
				-11
			]
		},
		{
			"Target": "Parameter",
			"Id": "Param_Angle_Rotation128",
			"Segments": [
				0,
				-8.126,
				1,
				0.289,
				-8.126,
				0.578,
				-22.126,
				0.867,
				-22.126,
				1,
				1.122,
				-22.126,
				1.378,
				-10,
				1.633,
				-10,
				1,
				1.878,
				-10,
				2.122,
				-21.126,
				2.367,
				-21.126,
				1,
				2.667,
				-21.126,
				2.967,
				-8.126,
				3.267,
				-8.126,
				1,
				3.433,
				-8.126,
				3.6,
				-10,
				3.767,
				-10
			]
		},
		{
			"Target": "Parameter",
			"Id": "Param_Angle_Rotation131",
			"Segments": [
				0,
				-8.629,
				1,
				0.289,
				-8.629,
				0.578,
				-21.629,
				0.867,
				-21.629,
				1,
				1.133,
				-21.629,
				1.4,
				-14.629,
				1.667,
				-14.629,
				1,
				1.9,
				-14.629,
				2.133,
				-21.629,
				2.367,
				-21.629,
				1,
				2.667,
				-21.629,
				2.967,
				-8.629,
				3.267,
				-8.629,
				1,
				3.433,
				-8.629,
				3.6,
				-11,
				3.767,
				-11
			]
		},
		{
			"Target": "Parameter",
			"Id": "Param_Angle_Rotation134",
			"Segments": [
				0,
				-5.609,
				1,
				0.278,
				-5.609,
				0.556,
				-18.609,
				0.833,
				-18.609,
				1,
				1.1,
				-18.609,
				1.367,
				-2.609,
				1.633,
				-2.609,
				1,
				1.867,
				-2.609,
				2.1,
				-14.609,
				2.333,
				-14.609,
				1,
				2.633,
				-14.609,
				2.933,
				-5.609,
				3.233,
				-5.609,
				1,
				3.411,
				-5.609,
				3.589,
				-7,
				3.767,
				-7
			]
		},
		{
			"Target": "Parameter",
			"Id": "Param_Angle_Rotation136",
			"Segments": [
				0,
				0,
				1,
				0.178,
				0,
				0.356,
				10,
				0.533,
				10,
				1,
				0.778,
				10,
				1.022,
				-8.019,
				1.267,
				-10,
				1,
				1.544,
				-12.251,
				1.822,
				-12,
				2.1,
				-12,
				1,
				2.478,
				-12,
				2.856,
				0,
				3.233,
				0,
				1,
				3.411,
				0,
				3.589,
				0,
				3.767,
				0
			]
		},
		{
			"Target": "Parameter",
			"Id": "Param_Angle_Rotation139",
			"Segments": [
				0,
				0,
				1,
				0.178,
				0,
				0.356,
				7,
				0.533,
				7,
				1,
				0.778,
				7,
				1.022,
				-30,
				1.267,
				-30,
				1,
				1.544,
				-30,
				1.822,
				-11.935,
				2.1,
				-7,
				1,
				2.478,
				-0.288,
				2.856,
				0,
				3.233,
				0,
				1,
				3.411,
				0,
				3.589,
				0,
				3.767,
				0
			]
		},
		{
			"Target": "Parameter",
			"Id": "Param_Angle_Rotation143",
			"Segments": [
				0,
				0,
				1,
				0.178,
				0,
				0.356,
				10,
				0.533,
				10,
				1,
				0.778,
				10,
				1.022,
				-30,
				1.267,
				-30,
				1,
				1.544,
				-30,
				1.822,
				-11.935,
				2.1,
				-7,
				1,
				2.478,
				-0.288,
				2.856,
				0,
				3.233,
				0,
				1,
				3.411,
				0,
				3.589,
				0,
				3.767,
				0
			]
		},
		{
			"Target": "Parameter",
			"Id": "Param_Angle_Rotation147",
			"Segments": [
				0,
				0,
				1,
				0.178,
				0,
				0.356,
				8,
				0.533,
				8,
				1,
				0.778,
				8,
				1.022,
				-30,
				1.267,
				-30,
				1,
				1.544,
				-30,
				1.822,
				-13.508,
				2.1,
				-8,
				1,
				2.478,
				-0.509,
				2.856,
				0,
				3.233,
				0,
				1,
				3.411,
				0,
				3.589,
				0,
				3.767,
				0
			]
		},
		{
			"Target": "Parameter",
			"Id": "Param_Angle_Rotation151",
			"Segments": [
				0,
				0,
				1,
				0.178,
				0,
				0.356,
				9,
				0.533,
				9,
				1,
				0.778,
				9,
				1.022,
				-30,
				1.267,
				-30,
				1,
				1.544,
				-30,
				1.822,
				-11.935,
				2.1,
				-7,
				1,
				2.478,
				-0.288,
				2.856,
				0,
				3.233,
				0,
				1,
				3.411,
				0,
				3.589,
				0,
				3.767,
				0
			]
		},
		{
			"Target": "Parameter",
			"Id": "Param_Angle_Rotation137",
			"Segments": [
				0,
				0,
				1,
				0.178,
				0,
				0.356,
				11,
				0.533,
				11,
				1,
				0.778,
				11,
				1.022,
				-18,
				1.267,
				-18,
				1,
				1.544,
				-18,
				1.822,
				-12.727,
				2.1,
				-8,
				1,
				2.478,
				-1.572,
				2.856,
				0,
				3.233,
				0,
				1,
				3.411,
				0,
				3.589,
				0,
				3.767,
				0
			]
		},
		{
			"Target": "Parameter",
			"Id": "Param_Angle_Rotation140",
			"Segments": [
				0,
				0,
				1,
				0.178,
				0,
				0.356,
				9,
				0.533,
				9,
				1,
				0.778,
				9,
				1.022,
				-16,
				1.267,
				-16,
				1,
				1.544,
				-16,
				1.822,
				-13.516,
				2.1,
				-9,
				1,
				2.478,
				-2.858,
				2.856,
				0,
				3.233,
				0,
				1,
				3.411,
				0,
				3.589,
				0,
				3.767,
				0
			]
		},
		{
			"Target": "Parameter",
			"Id": "Param_Angle_Rotation144",
			"Segments": [
				0,
				0,
				1,
				0.422,
				0,
				0.844,
				-24,
				1.267,
				-24,
				1,
				1.544,
				-24,
				1.822,
				-11.758,
				2.1,
				-7,
				1,
				2.478,
				-0.53,
				2.856,
				0,
				3.233,
				0,
				1,
				3.411,
				0,
				3.589,
				0,
				3.767,
				0
			]
		},
		{
			"Target": "Parameter",
			"Id": "Param_Angle_Rotation148",
			"Segments": [
				0,
				0,
				1,
				0.422,
				0,
				0.844,
				-11,
				1.267,
				-11,
				1,
				1.544,
				-11,
				1.822,
				0,
				2.1,
				0,
				1,
				2.478,
				0,
				2.856,
				0,
				3.233,
				0,
				1,
				3.411,
				0,
				3.589,
				0,
				3.767,
				0
			]
		},
		{
			"Target": "Parameter",
			"Id": "Param_Angle_Rotation152",
			"Segments": [
				0,
				0,
				1,
				0.422,
				0,
				0.844,
				-8,
				1.267,
				-8,
				1,
				1.544,
				-8,
				1.822,
				0,
				2.1,
				0,
				1,
				2.478,
				0,
				2.856,
				0,
				3.233,
				0,
				1,
				3.411,
				0,
				3.589,
				0,
				3.767,
				0
			]
		},
		{
			"Target": "Parameter",
			"Id": "Param_Angle_Rotation141",
			"Segments": [
				0,
				0,
				1,
				0.422,
				0,
				0.844,
				9,
				1.267,
				9,
				1,
				1.544,
				9,
				1.822,
				0,
				2.1,
				0,
				1,
				2.478,
				0,
				2.856,
				0,
				3.233,
				0,
				1,
				3.411,
				0,
				3.589,
				0,
				3.767,
				0
			]
		},
		{
			"Target": "Parameter",
			"Id": "Param_Angle_Rotation145",
			"Segments": [
				0,
				0,
				1,
				0.422,
				0,
				0.844,
				8,
				1.267,
				8,
				1,
				1.544,
				8,
				1.822,
				0,
				2.1,
				0,
				1,
				2.478,
				0,
				2.856,
				0,
				3.233,
				0,
				1,
				3.411,
				0,
				3.589,
				0,
				3.767,
				0
			]
		},
		{
			"Target": "Parameter",
			"Id": "Param_Angle_Rotation149",
			"Segments": [
				0,
				0,
				1,
				0.7,
				0,
				1.4,
				0,
				2.1,
				0,
				1,
				2.478,
				0,
				2.856,
				0,
				3.233,
				0,
				1,
				3.411,
				0,
				3.589,
				0,
				3.767,
				0
			]
		}
	]
}