{
	"Version": 3,
	"Parameters": [
		{
			"Id": "ParamEff1",
			"GroupId": "ParamGroup",
			"Name": "エフェクト1"
		},
		{
			"Id": "ParamEff2",
			"GroupId": "ParamGroup",
			"Name": "エフェクト2"
		},
		{
			"Id": "ParamEff3",
			"GroupId": "ParamGroup",
			"Name": "エフェクト3"
		},
		{
			"Id": "ParamEff4",
			"GroupId": "ParamGroup",
			"Name": "エフェクト4"
		},
		{
			"Id": "ParamEff5",
			"GroupId": "ParamGroup",
			"Name": "エフェクト5"
		},
		{
			"Id": "ParamEff6",
			"GroupId": "ParamGroup",
			"Name": "エフェクト6"
		},
		{
			"Id": "ParamEff7",
			"GroupId": "ParamGroup",
			"Name": "エフェクト7"
		},
		{
			"Id": "ParamEff8",
			"GroupId": "ParamGroup",
			"Name": "エフェクト8"
		},
		{
			"Id": "ParamEff9",
			"GroupId": "ParamGroup",
			"Name": "エフェクト9"
		},
		{
			"Id": "ParamEff10",
			"GroupId": "ParamGroup",
			"Name": "エフェクト10"
		},
		{
			"Id": "ParamEff11",
			"GroupId": "ParamGroup",
			"Name": "エフェクト11"
		},
		{
			"Id": "ParamEff12",
			"GroupId": "ParamGroup",
			"Name": "エフェクト12"
		},
		{
			"Id": "ParamEff13",
			"GroupId": "ParamGroup",
			"Name": "エフェクト13"
		},
		{
			"Id": "ParamEff14",
			"GroupId": "ParamGroup",
			"Name": "エフェクト14"
		},
		{
			"Id": "ParamEff15",
			"GroupId": "ParamGroup",
			"Name": "エフェクト15"
		},
		{
			"Id": "ParamEff16",
			"GroupId": "ParamGroup",
			"Name": "エフェクト16"
		},
		{
			"Id": "ParamEff17",
			"GroupId": "ParamGroup",
			"Name": "エフェクト17"
		},
		{
			"Id": "ParamEff18",
			"GroupId": "ParamGroup",
			"Name": "エフェクト18"
		},
		{
			"Id": "ParamEff19",
			"GroupId": "ParamGroup",
			"Name": "エフェクト19"
		},
		{
			"Id": "ParamEff20",
			"GroupId": "ParamGroup",
			"Name": "エフェクト光0"
		},
		{
			"Id": "ParamEff21",
			"GroupId": "ParamGroup",
			"Name": "エフェクト光1"
		},
		{
			"Id": "ParamEff22",
			"GroupId": "ParamGroup",
			"Name": "エフェクト光2"
		},
		{
			"Id": "ParamEff23",
			"GroupId": "ParamGroup",
			"Name": "エフェクト光3"
		},
		{
			"Id": "ParamEff24",
			"GroupId": "ParamGroup",
			"Name": "エフェクト光4"
		},
		{
			"Id": "ParamEff25",
			"GroupId": "ParamGroup",
			"Name": "エフェクト光5"
		},
		{
			"Id": "ParamEff26",
			"GroupId": "ParamGroup",
			"Name": "エフェクト光6"
		},
		{
			"Id": "ParamEff27",
			"GroupId": "ParamGroup",
			"Name": "エフェクト光7"
		},
		{
			"Id": "ParamEff28",
			"GroupId": "ParamGroup",
			"Name": "エフェクト光8"
		},
		{
			"Id": "ParamEff29",
			"GroupId": "ParamGroup",
			"Name": "エフェクト光9"
		},
		{
			"Id": "ParamEff30",
			"GroupId": "ParamGroup",
			"Name": "エフェクト光10"
		},
		{
			"Id": "ParamEff31",
			"GroupId": "ParamGroup",
			"Name": "エフェクト光11"
		},
		{
			"Id": "ParamEff32",
			"GroupId": "ParamGroup",
			"Name": "エフェクト光12"
		},
		{
			"Id": "ParamEff33",
			"GroupId": "ParamGroup",
			"Name": "エフェクト光13"
		},
		{
			"Id": "ParamEff34",
			"GroupId": "ParamGroup",
			"Name": "エフェクト光14"
		},
		{
			"Id": "ParamEff35",
			"GroupId": "ParamGroup",
			"Name": "エフェクト光15"
		},
		{
			"Id": "ParamEff36",
			"GroupId": "ParamGroup",
			"Name": "エフェクト光16"
		},
		{
			"Id": "ParamEff37",
			"GroupId": "ParamGroup",
			"Name": "エフェクト光17"
		},
		{
			"Id": "ParamEff38",
			"GroupId": "ParamGroup",
			"Name": "エフェクト光18"
		},
		{
			"Id": "ParamEff39",
			"GroupId": "ParamGroup",
			"Name": "エフェクト光19"
		},
		{
			"Id": "ParamEff40",
			"GroupId": "ParamGroup",
			"Name": "エフェクト光20"
		},
		{
			"Id": "ParamEff41",
			"GroupId": "ParamGroup",
			"Name": "エフェクト光21"
		},
		{
			"Id": "ParamEff42",
			"GroupId": "ParamGroup",
			"Name": "エフェクト光22"
		},
		{
			"Id": "ParamEff43",
			"GroupId": "ParamGroup",
			"Name": "エフェクト光23"
		},
		{
			"Id": "ParamEff44",
			"GroupId": "ParamGroup",
			"Name": "エフェクト光24"
		},
		{
			"Id": "ParamEff45",
			"GroupId": "ParamGroup",
			"Name": "エフェクト光25"
		},
		{
			"Id": "ParamEff46",
			"GroupId": "ParamGroup",
			"Name": "エフェクト光26"
		},
		{
			"Id": "ParamEff47",
			"GroupId": "ParamGroup",
			"Name": "エフェクト光27"
		},
		{
			"Id": "ParamEff48",
			"GroupId": "ParamGroup",
			"Name": "エフェクト光28"
		},
		{
			"Id": "ParamEff49",
			"GroupId": "ParamGroup",
			"Name": "エフェクト光29"
		},
		{
			"Id": "ParamEff50",
			"GroupId": "ParamGroup",
			"Name": "エフェクト光30"
		},
		{
			"Id": "ParamEff51",
			"GroupId": "ParamGroup",
			"Name": "エフェクト光31"
		},
		{
			"Id": "ParamEff52",
			"GroupId": "ParamGroup",
			"Name": "エフェクト水滴1"
		},
		{
			"Id": "ParamEff53",
			"GroupId": "ParamGroup",
			"Name": "エフェクト水滴2"
		},
		{
			"Id": "ParamEff54",
			"GroupId": "ParamGroup",
			"Name": "エフェクト水滴3"
		},
		{
			"Id": "ParamEff55",
			"GroupId": "ParamGroup",
			"Name": "エフェクト水滴4"
		},
		{
			"Id": "ParamEff56",
			"GroupId": "ParamGroup",
			"Name": "エフェクト水滴5"
		},
		{
			"Id": "ParamEff57",
			"GroupId": "ParamGroup",
			"Name": "エフェクト57"
		},
		{
			"Id": "ParamEff58",
			"GroupId": "ParamGroup",
			"Name": "エフェクト58"
		},
		{
			"Id": "ParamEff59",
			"GroupId": "ParamGroup",
			"Name": "エフェクト59"
		},
		{
			"Id": "ParamEff60",
			"GroupId": "ParamGroup",
			"Name": "エフェクト60"
		},
		{
			"Id": "ParamFlowerRotation1",
			"GroupId": "ParamGroup29",
			"Name": "花回転1"
		},
		{
			"Id": "ParamFlowerRotation2",
			"GroupId": "ParamGroup29",
			"Name": "花回転2"
		},
		{
			"Id": "ParamFlowerRotation3",
			"GroupId": "ParamGroup29",
			"Name": "花回転3"
		},
		{
			"Id": "ParamFlowerRotation4",
			"GroupId": "ParamGroup29",
			"Name": "花回転4"
		},
		{
			"Id": "ParamFlowerRotation5",
			"GroupId": "ParamGroup29",
			"Name": "花回転5"
		},
		{
			"Id": "ParamFlowerRotation6",
			"GroupId": "ParamGroup29",
			"Name": "花回転6"
		},
		{
			"Id": "ParamFA1",
			"GroupId": "ParamGroup29",
			"Name": "花移動1"
		},
		{
			"Id": "ParamFAs",
			"GroupId": "ParamGroup29",
			"Name": "花移動1s"
		},
		{
			"Id": "ParamFA2",
			"GroupId": "ParamGroup29",
			"Name": "花移動2"
		},
		{
			"Id": "ParamFAs2",
			"GroupId": "ParamGroup29",
			"Name": "花移動2s"
		},
		{
			"Id": "ParamFA3",
			"GroupId": "ParamGroup29",
			"Name": "花移動3"
		},
		{
			"Id": "ParamFAs3",
			"GroupId": "ParamGroup29",
			"Name": "花移動3s"
		},
		{
			"Id": "ParamFA4",
			"GroupId": "ParamGroup29",
			"Name": "花移動4"
		},
		{
			"Id": "ParamFAs4",
			"GroupId": "ParamGroup29",
			"Name": "花移動4s"
		},
		{
			"Id": "ParamFA5",
			"GroupId": "ParamGroup29",
			"Name": "花移動5"
		},
		{
			"Id": "ParamFAs5",
			"GroupId": "ParamGroup29",
			"Name": "花移動5s"
		},
		{
			"Id": "ParamFA6",
			"GroupId": "ParamGroup29",
			"Name": "花移動6"
		},
		{
			"Id": "ParamFAs6",
			"GroupId": "ParamGroup29",
			"Name": "花移動6s"
		},
		{
			"Id": "ParamFA7",
			"GroupId": "ParamGroup29",
			"Name": "花移動7"
		},
		{
			"Id": "ParamFAs7",
			"GroupId": "ParamGroup29",
			"Name": "花移動7s"
		},
		{
			"Id": "ParamFA8",
			"GroupId": "ParamGroup29",
			"Name": "花移動8"
		},
		{
			"Id": "ParamFAs8",
			"GroupId": "ParamGroup29",
			"Name": "花移動8s"
		},
		{
			"Id": "ParamFA9",
			"GroupId": "ParamGroup29",
			"Name": "花移動9"
		},
		{
			"Id": "ParamFAs9",
			"GroupId": "ParamGroup29",
			"Name": "花移動9s"
		},
		{
			"Id": "ParamFA10",
			"GroupId": "ParamGroup29",
			"Name": "花移動10"
		},
		{
			"Id": "ParamFAs10",
			"GroupId": "ParamGroup29",
			"Name": "花移動10s"
		},
		{
			"Id": "ParamFA11",
			"GroupId": "ParamGroup29",
			"Name": "花移動11"
		},
		{
			"Id": "ParamFAs11",
			"GroupId": "ParamGroup29",
			"Name": "花移動11s"
		},
		{
			"Id": "ParamFA12",
			"GroupId": "ParamGroup29",
			"Name": "花移動12"
		},
		{
			"Id": "ParamFAs12",
			"GroupId": "ParamGroup29",
			"Name": "花移動12s"
		},
		{
			"Id": "ParamFA13",
			"GroupId": "ParamGroup29",
			"Name": "花移動13"
		},
		{
			"Id": "ParamFAs13",
			"GroupId": "ParamGroup29",
			"Name": "花移動13s"
		},
		{
			"Id": "ParamFA14",
			"GroupId": "ParamGroup29",
			"Name": "花移動14"
		},
		{
			"Id": "ParamFAs14",
			"GroupId": "ParamGroup29",
			"Name": "花移動14s"
		},
		{
			"Id": "ParamFA15",
			"GroupId": "ParamGroup29",
			"Name": "花移動15"
		},
		{
			"Id": "ParamFAs15",
			"GroupId": "ParamGroup29",
			"Name": "花移動15s"
		},
		{
			"Id": "ParamFA16",
			"GroupId": "ParamGroup29",
			"Name": "花移動16"
		},
		{
			"Id": "ParamFAs16",
			"GroupId": "ParamGroup29",
			"Name": "花移動16s"
		},
		{
			"Id": "ParamFA17",
			"GroupId": "ParamGroup29",
			"Name": "花移動17"
		},
		{
			"Id": "ParamFAs17",
			"GroupId": "ParamGroup29",
			"Name": "花移動17s"
		},
		{
			"Id": "ParamFA18",
			"GroupId": "ParamGroup29",
			"Name": "花移動18"
		},
		{
			"Id": "ParamFAs18",
			"GroupId": "ParamGroup29",
			"Name": "花移動18s"
		},
		{
			"Id": "Param",
			"GroupId": "ParamGroup29",
			"Name": "ヤシ柱"
		},
		{
			"Id": "Param2",
			"GroupId": "ParamGroup29",
			"Name": "ヤシ"
		},
		{
			"Id": "ParamLegL1",
			"GroupId": "ParamGroup2",
			"Name": "右太もも"
		},
		{
			"Id": "ParamLegR1",
			"GroupId": "ParamGroup2",
			"Name": "左太もも"
		},
		{
			"Id": "ParamEyeRL",
			"GroupId": "ParamGroup2",
			"Name": "目Hi左右"
		},
		{
			"Id": "ParamEyeUD",
			"GroupId": "ParamGroup2",
			"Name": "目Hi上下"
		},
		{
			"Id": "ParamEyeBS",
			"GroupId": "ParamGroup2",
			"Name": "目Hi大小"
		},
		{
			"Id": "ParamPaiX",
			"GroupId": "ParamGroup2",
			"Name": "右胸 X"
		},
		{
			"Id": "ParamPaiY",
			"GroupId": "ParamGroup2",
			"Name": "右胸 Y"
		},
		{
			"Id": "ParamPaiX2",
			"GroupId": "ParamGroup2",
			"Name": "右胸 X2"
		},
		{
			"Id": "ParamPaiY2",
			"GroupId": "ParamGroup2",
			"Name": "右胸 Y2"
		},
		{
			"Id": "ParamPai2X",
			"GroupId": "ParamGroup2",
			"Name": "左胸 X"
		},
		{
			"Id": "ParamPai2Y",
			"GroupId": "ParamGroup2",
			"Name": "左胸 Y"
		},
		{
			"Id": "ParamPai2X2",
			"GroupId": "ParamGroup2",
			"Name": "左胸 X2"
		},
		{
			"Id": "ParamPai2Y2",
			"GroupId": "ParamGroup2",
			"Name": "左胸 Y2"
		},
		{
			"Id": "ParamArm2R",
			"GroupId": "ParamGroup18",
			"Name": "二の腕 右"
		},
		{
			"Id": "ParamArmR",
			"GroupId": "ParamGroup18",
			"Name": "腕 右"
		},
		{
			"Id": "ParamHandR",
			"GroupId": "ParamGroup18",
			"Name": "手の甲 右"
		},
		{
			"Id": "ParamArm2L",
			"GroupId": "ParamGroup18",
			"Name": "二の腕 左"
		},
		{
			"Id": "ParamArmL",
			"GroupId": "ParamGroup18",
			"Name": "腕 左"
		},
		{
			"Id": "ParamHandL",
			"GroupId": "ParamGroup18",
			"Name": "手の甲 左"
		},
		{
			"Id": "ParamKazariX",
			"GroupId": "ParamGroup3",
			"Name": "髪飾り X"
		},
		{
			"Id": "ParamKazariY",
			"GroupId": "ParamGroup3",
			"Name": "髪飾り Y"
		},
		{
			"Id": "ParamPaiRibonX",
			"GroupId": "ParamGroup3",
			"Name": "胸リボン X"
		},
		{
			"Id": "ParamPaiRibonY",
			"GroupId": "ParamGroup3",
			"Name": "胸リボン Y"
		},
		{
			"Id": "ParamPaiHiraX",
			"GroupId": "ParamGroup3",
			"Name": "胸ひらひら X"
		},
		{
			"Id": "ParamPaiHiraY",
			"GroupId": "ParamGroup3",
			"Name": "胸ひらひら Y"
		},
		{
			"Id": "ParamHiraX",
			"GroupId": "ParamGroup3",
			"Name": "ひらひら X"
		},
		{
			"Id": "ParamHiraY",
			"GroupId": "ParamGroup3",
			"Name": "ひらひら Y"
		},
		{
			"Id": "ParamAngleX",
			"GroupId": "ParamGroup26",
			"Name": "角度 X"
		},
		{
			"Id": "ParamAngleY",
			"GroupId": "ParamGroup26",
			"Name": "角度 Y"
		},
		{
			"Id": "ParamAngleZ",
			"GroupId": "ParamGroup26",
			"Name": "角度 Z"
		},
		{
			"Id": "ParamEyeLOpen",
			"GroupId": "ParamGroup26",
			"Name": "左目　開閉"
		},
		{
			"Id": "ParamEyeLSmile",
			"GroupId": "ParamGroup26",
			"Name": "左目　笑顔"
		},
		{
			"Id": "ParamEyeROpen",
			"GroupId": "ParamGroup26",
			"Name": "右目　開閉"
		},
		{
			"Id": "ParamEyeRSmile",
			"GroupId": "ParamGroup26",
			"Name": "右目　笑顔"
		},
		{
			"Id": "ParamEyeBallX",
			"GroupId": "ParamGroup26",
			"Name": "目玉 X"
		},
		{
			"Id": "ParamEyeBallY",
			"GroupId": "ParamGroup26",
			"Name": "目玉 Y"
		},
		{
			"Id": "ParamBrowY",
			"GroupId": "ParamGroup26",
			"Name": "眉　上下"
		},
		{
			"Id": "ParamBrowAngle",
			"GroupId": "ParamGroup26",
			"Name": "眉　角度"
		},
		{
			"Id": "ParamBrowForm",
			"GroupId": "ParamGroup26",
			"Name": "眉　変形"
		},
		{
			"Id": "ParamMouthForm",
			"GroupId": "ParamGroup26",
			"Name": "口　変形"
		},
		{
			"Id": "ParamMouthOpenY",
			"GroupId": "ParamGroup26",
			"Name": "口　開閉"
		},
		{
			"Id": "ParamCheek",
			"GroupId": "ParamGroup26",
			"Name": "照れ"
		},
		{
			"Id": "ParamBodyAngleX",
			"GroupId": "ParamGroup26",
			"Name": "体の回転　X"
		},
		{
			"Id": "ParamBodyAngleY",
			"GroupId": "ParamGroup26",
			"Name": "体の回転　Y"
		},
		{
			"Id": "ParamBodyAngleZ",
			"GroupId": "ParamGroup26",
			"Name": "体の回転　Z"
		},
		{
			"Id": "ParamBreat",
			"GroupId": "ParamGroup26",
			"Name": "呼吸"
		},
		{
			"Id": "ParamHairFront",
			"GroupId": "ParamGroup26",
			"Name": "髪揺れ　前"
		},
		{
			"Id": "ParamHairSide",
			"GroupId": "ParamGroup26",
			"Name": "髪揺れ　横"
		},
		{
			"Id": "ParamHairBack",
			"GroupId": "ParamGroup26",
			"Name": "髪揺れ　後"
		},
		{
			"Id": "ParamHairW",
			"GroupId": "ParamGroup26",
			"Name": "髪揺れ　風"
		},
		{
			"Id": "ParamItiX",
			"GroupId": "ParamGroup26",
			"Name": "体位置 X"
		},
		{
			"Id": "ParamItiY",
			"GroupId": "ParamGroup26",
			"Name": "体位置 X"
		},
		{
			"Id": "Param_Angle_Rotation17",
			"GroupId": "ParamGroup5",
			"Name": "[0]後髪1"
		},
		{
			"Id": "Param_Angle_Rotation18",
			"GroupId": "ParamGroup5",
			"Name": "[1]後髪1"
		},
		{
			"Id": "Param_Angle_Rotation19",
			"GroupId": "ParamGroup5",
			"Name": "[2]後髪1"
		},
		{
			"Id": "Param_Angle_Rotation20",
			"GroupId": "ParamGroup5",
			"Name": "[3]後髪1"
		},
		{
			"Id": "Param_Angle_Rotation22",
			"GroupId": "ParamGroup6",
			"Name": "[0]後髪2"
		},
		{
			"Id": "Param_Angle_Rotation23",
			"GroupId": "ParamGroup6",
			"Name": "[1]後髪2"
		},
		{
			"Id": "Param_Angle_Rotation24",
			"GroupId": "ParamGroup6",
			"Name": "[2]後髪2"
		},
		{
			"Id": "Param_Angle_Rotation25",
			"GroupId": "ParamGroup6",
			"Name": "[3]後髪2"
		},
		{
			"Id": "Param_Angle_Rotation27",
			"GroupId": "ParamGroup7",
			"Name": "[0]後髪3"
		},
		{
			"Id": "Param_Angle_Rotation28",
			"GroupId": "ParamGroup7",
			"Name": "[1]後髪3"
		},
		{
			"Id": "Param_Angle_Rotation29",
			"GroupId": "ParamGroup7",
			"Name": "[2]後髪3"
		},
		{
			"Id": "Param_Angle_Rotation30",
			"GroupId": "ParamGroup7",
			"Name": "[3]後髪3"
		},
		{
			"Id": "Param_Angle_Rotation32",
			"GroupId": "ParamGroup8",
			"Name": "[0]後髪4"
		},
		{
			"Id": "Param_Angle_Rotation33",
			"GroupId": "ParamGroup8",
			"Name": "[1]後髪4"
		},
		{
			"Id": "Param_Angle_Rotation34",
			"GroupId": "ParamGroup8",
			"Name": "[2]後髪4"
		},
		{
			"Id": "Param_Angle_Rotation35",
			"GroupId": "ParamGroup8",
			"Name": "[3]後髪4"
		},
		{
			"Id": "Param_Angle_Rotation37",
			"GroupId": "ParamGroup9",
			"Name": "[0]後髪5"
		},
		{
			"Id": "Param_Angle_Rotation38",
			"GroupId": "ParamGroup9",
			"Name": "[1]後髪5"
		},
		{
			"Id": "Param_Angle_Rotation39",
			"GroupId": "ParamGroup9",
			"Name": "[2]後髪5"
		},
		{
			"Id": "Param_Angle_Rotation40",
			"GroupId": "ParamGroup9",
			"Name": "[3]後髪5"
		},
		{
			"Id": "Param_Angle_Rotation42",
			"GroupId": "ParamGroup10",
			"Name": "[0]後髪6"
		},
		{
			"Id": "Param_Angle_Rotation43",
			"GroupId": "ParamGroup10",
			"Name": "[1]後髪6"
		},
		{
			"Id": "Param_Angle_Rotation44",
			"GroupId": "ParamGroup10",
			"Name": "[2]後髪6"
		},
		{
			"Id": "Param_Angle_Rotation45",
			"GroupId": "ParamGroup10",
			"Name": "[3]後髪6"
		},
		{
			"Id": "Param_Angle_Rotation47",
			"GroupId": "ParamGroup11",
			"Name": "[0]後髪7"
		},
		{
			"Id": "Param_Angle_Rotation48",
			"GroupId": "ParamGroup11",
			"Name": "[1]後髪7"
		},
		{
			"Id": "Param_Angle_Rotation49",
			"GroupId": "ParamGroup11",
			"Name": "[2]後髪7"
		},
		{
			"Id": "Param_Angle_Rotation50",
			"GroupId": "ParamGroup11",
			"Name": "[3]後髪7"
		},
		{
			"Id": "Param_Angle_Rotation52",
			"GroupId": "ParamGroup12",
			"Name": "[0]後髪8"
		},
		{
			"Id": "Param_Angle_Rotation53",
			"GroupId": "ParamGroup12",
			"Name": "[1]後髪8"
		},
		{
			"Id": "Param_Angle_Rotation54",
			"GroupId": "ParamGroup12",
			"Name": "[2]後髪8"
		},
		{
			"Id": "Param_Angle_Rotation55",
			"GroupId": "ParamGroup12",
			"Name": "[3]後髪8"
		},
		{
			"Id": "Param_Angle_Rotation57",
			"GroupId": "ParamGroup13",
			"Name": "[0]後髪9"
		},
		{
			"Id": "Param_Angle_Rotation58",
			"GroupId": "ParamGroup13",
			"Name": "[1]後髪9"
		},
		{
			"Id": "Param_Angle_Rotation59",
			"GroupId": "ParamGroup13",
			"Name": "[2]後髪9"
		},
		{
			"Id": "Param_Angle_Rotation60",
			"GroupId": "ParamGroup13",
			"Name": "[3]後髪9"
		},
		{
			"Id": "Param_Angle_Rotation62",
			"GroupId": "ParamGroup14",
			"Name": "[0]後髪10"
		},
		{
			"Id": "Param_Angle_Rotation63",
			"GroupId": "ParamGroup14",
			"Name": "[1]後髪10"
		},
		{
			"Id": "Param_Angle_Rotation64",
			"GroupId": "ParamGroup14",
			"Name": "[2]後髪10"
		},
		{
			"Id": "Param_Angle_Rotation65",
			"GroupId": "ParamGroup14",
			"Name": "[3]後髪10"
		},
		{
			"Id": "Param_Angle_Rotation66",
			"GroupId": "ParamGroup15",
			"Name": "[0]後髪11"
		},
		{
			"Id": "Param_Angle_Rotation67",
			"GroupId": "ParamGroup15",
			"Name": "[0]後髪11"
		},
		{
			"Id": "Param_Angle_Rotation68",
			"GroupId": "ParamGroup15",
			"Name": "[1]後髪11"
		},
		{
			"Id": "Param_Angle_Rotation69",
			"GroupId": "ParamGroup15",
			"Name": "[2]後髪11"
		},
		{
			"Id": "Param_Angle_Rotation70",
			"GroupId": "ParamGroup15",
			"Name": "[3]後髪11"
		},
		{
			"Id": "Param_Angle_Rotation72",
			"GroupId": "ParamGroup16",
			"Name": "[0]後髪12"
		},
		{
			"Id": "Param_Angle_Rotation73",
			"GroupId": "ParamGroup16",
			"Name": "[1]後髪12"
		},
		{
			"Id": "Param_Angle_Rotation74",
			"GroupId": "ParamGroup16",
			"Name": "[2]後髪12"
		},
		{
			"Id": "Param_Angle_Rotation75",
			"GroupId": "ParamGroup16",
			"Name": "[3]後髪12"
		},
		{
			"Id": "Param_Angle_Rotation77",
			"GroupId": "ParamGroup17",
			"Name": "[0]後髪15"
		},
		{
			"Id": "Param_Angle_Rotation78",
			"GroupId": "ParamGroup17",
			"Name": "[1]後髪15"
		},
		{
			"Id": "Param_Angle_Rotation79",
			"GroupId": "ParamGroup17",
			"Name": "[2]後髪15"
		},
		{
			"Id": "Param_Angle_Rotation80",
			"GroupId": "ParamGroup17",
			"Name": "[3]後髪15"
		},
		{
			"Id": "Param_Angle_Rotation2",
			"GroupId": "ParamGroup4",
			"Name": "[0]後髪13"
		},
		{
			"Id": "Param_Angle_Rotation3",
			"GroupId": "ParamGroup4",
			"Name": "[1]後髪13"
		},
		{
			"Id": "Param_Angle_Rotation4",
			"GroupId": "ParamGroup4",
			"Name": "[2]後髪13"
		},
		{
			"Id": "Param_Angle_Rotation5",
			"GroupId": "ParamGroup4",
			"Name": "[3]後髪13"
		},
		{
			"Id": "Param_Angle_Rotation6",
			"GroupId": "ParamGroup4",
			"Name": "[4]後髪13"
		},
		{
			"Id": "Param_Angle_Rotation7",
			"GroupId": "ParamGroup4",
			"Name": "[5]後髪13"
		},
		{
			"Id": "Param_Angle_Rotation105",
			"GroupId": "ParamGroup23",
			"Name": "[0]細後髪2"
		},
		{
			"Id": "Param_Angle_Rotation106",
			"GroupId": "ParamGroup23",
			"Name": "[1]細後髪2"
		},
		{
			"Id": "Param_Angle_Rotation107",
			"GroupId": "ParamGroup23",
			"Name": "[2]細後髪2"
		},
		{
			"Id": "Param_Angle_Rotation108",
			"GroupId": "ParamGroup23",
			"Name": "[3]細後髪2"
		},
		{
			"Id": "Param_Angle_Rotation109",
			"GroupId": "ParamGroup23",
			"Name": "[4]細後髪2"
		},
		{
			"Id": "Param_Angle_Rotation86",
			"GroupId": "ParamGroup19",
			"Name": "[0]後髪14"
		},
		{
			"Id": "Param_Angle_Rotation87",
			"GroupId": "ParamGroup19",
			"Name": "[0]後髪14"
		},
		{
			"Id": "Param_Angle_Rotation88",
			"GroupId": "ParamGroup19",
			"Name": "[1]後髪14"
		},
		{
			"Id": "Param_Angle_Rotation89",
			"GroupId": "ParamGroup19",
			"Name": "[2]後髪14"
		},
		{
			"Id": "Param_Angle_Rotation90",
			"GroupId": "ParamGroup19",
			"Name": "[3]後髪14"
		},
		{
			"Id": "Param_Angle_Rotation92",
			"GroupId": "ParamGroup20",
			"Name": "[0]後髪16"
		},
		{
			"Id": "Param_Angle_Rotation93",
			"GroupId": "ParamGroup20",
			"Name": "[1]後髪16"
		},
		{
			"Id": "Param_Angle_Rotation94",
			"GroupId": "ParamGroup20",
			"Name": "[2]後髪16"
		},
		{
			"Id": "Param_Angle_Rotation95",
			"GroupId": "ParamGroup20",
			"Name": "[3]後髪16"
		},
		{
			"Id": "Param_Angle_Rotation97",
			"GroupId": "ParamGroup21",
			"Name": "[0]前髪右細"
		},
		{
			"Id": "Param_Angle_Rotation98",
			"GroupId": "ParamGroup21",
			"Name": "[1]前髪右細"
		},
		{
			"Id": "Param_Angle_Rotation99",
			"GroupId": "ParamGroup21",
			"Name": "[2]前髪右細"
		},
		{
			"Id": "Param_Angle_Rotation100",
			"GroupId": "ParamGroup22",
			"Name": "[0]細後髪1"
		},
		{
			"Id": "Param_Angle_Rotation101",
			"GroupId": "ParamGroup22",
			"Name": "[1]細後髪1"
		},
		{
			"Id": "Param_Angle_Rotation102",
			"GroupId": "ParamGroup22",
			"Name": "[2]細後髪1"
		},
		{
			"Id": "Param_Angle_Rotation103",
			"GroupId": "ParamGroup22",
			"Name": "[3]細後髪1"
		},
		{
			"Id": "Param_Angle_Rotation104",
			"GroupId": "ParamGroup22",
			"Name": "[4]細後髪1"
		},
		{
			"Id": "Param_Angle_Rotation111",
			"GroupId": "ParamGroup24",
			"Name": "[0]細後髪3"
		},
		{
			"Id": "Param_Angle_Rotation112",
			"GroupId": "ParamGroup24",
			"Name": "[1]細後髪3"
		},
		{
			"Id": "Param_Angle_Rotation113",
			"GroupId": "ParamGroup24",
			"Name": "[2]細後髪3"
		},
		{
			"Id": "Param_Angle_Rotation114",
			"GroupId": "ParamGroup24",
			"Name": "[3]細後髪3"
		},
		{
			"Id": "Param_Angle_Rotation116",
			"GroupId": "ParamGroup25",
			"Name": "[0]細後髪4"
		},
		{
			"Id": "Param_Angle_Rotation117",
			"GroupId": "ParamGroup25",
			"Name": "[1]細後髪4"
		},
		{
			"Id": "Param_Angle_Rotation118",
			"GroupId": "ParamGroup25",
			"Name": "[2]細後髪4"
		},
		{
			"Id": "Param_Angle_Rotation119",
			"GroupId": "ParamGroup25",
			"Name": "[3]細後髪4"
		},
		{
			"Id": "Param_Angle_Rotation121",
			"GroupId": "ParamGroup27",
			"Name": "[0]右指"
		},
		{
			"Id": "Param_Angle_Rotation124",
			"GroupId": "ParamGroup27",
			"Name": "[1]右指"
		},
		{
			"Id": "Param_Angle_Rotation127",
			"GroupId": "ParamGroup27",
			"Name": "[2]右指"
		},
		{
			"Id": "Param_Angle_Rotation130",
			"GroupId": "ParamGroup27",
			"Name": "[3]右指"
		},
		{
			"Id": "Param_Angle_Rotation133",
			"GroupId": "ParamGroup27",
			"Name": "[4]右指"
		},
		{
			"Id": "Param_Angle_Rotation122",
			"GroupId": "ParamGroup27",
			"Name": "[5]右指"
		},
		{
			"Id": "Param_Angle_Rotation125",
			"GroupId": "ParamGroup27",
			"Name": "[6]右指"
		},
		{
			"Id": "Param_Angle_Rotation128",
			"GroupId": "ParamGroup27",
			"Name": "[7]右指"
		},
		{
			"Id": "Param_Angle_Rotation131",
			"GroupId": "ParamGroup27",
			"Name": "[8]右指"
		},
		{
			"Id": "Param_Angle_Rotation134",
			"GroupId": "ParamGroup27",
			"Name": "[9]右指"
		},
		{
			"Id": "Param_Angle_Rotation136",
			"GroupId": "ParamGroup28",
			"Name": "[0]左指"
		},
		{
			"Id": "Param_Angle_Rotation139",
			"GroupId": "ParamGroup28",
			"Name": "[1]左指"
		},
		{
			"Id": "Param_Angle_Rotation143",
			"GroupId": "ParamGroup28",
			"Name": "[2]左指"
		},
		{
			"Id": "Param_Angle_Rotation147",
			"GroupId": "ParamGroup28",
			"Name": "[3]左指"
		},
		{
			"Id": "Param_Angle_Rotation151",
			"GroupId": "ParamGroup28",
			"Name": "[4]左指"
		},
		{
			"Id": "Param_Angle_Rotation137",
			"GroupId": "ParamGroup28",
			"Name": "[5]左指"
		},
		{
			"Id": "Param_Angle_Rotation140",
			"GroupId": "ParamGroup28",
			"Name": "[6]左指"
		},
		{
			"Id": "Param_Angle_Rotation144",
			"GroupId": "ParamGroup28",
			"Name": "[7]左指"
		},
		{
			"Id": "Param_Angle_Rotation148",
			"GroupId": "ParamGroup28",
			"Name": "[8]左指"
		},
		{
			"Id": "Param_Angle_Rotation152",
			"GroupId": "ParamGroup28",
			"Name": "[9]左指"
		},
		{
			"Id": "Param_Angle_Rotation141",
			"GroupId": "ParamGroup28",
			"Name": "[10]左指"
		},
		{
			"Id": "Param_Angle_Rotation145",
			"GroupId": "ParamGroup28",
			"Name": "[11]左指"
		},
		{
			"Id": "Param_Angle_Rotation149",
			"GroupId": "ParamGroup28",
			"Name": "[12]左指"
		}
	],
	"ParameterGroups": [
		{
			"Id": "ParamGroup",
			"GroupId": "",
			"Name": "エフェクト"
		},
		{
			"Id": "ParamGroup29",
			"GroupId": "",
			"Name": "花びら"
		},
		{
			"Id": "ParamGroup2",
			"GroupId": "",
			"Name": "URLR"
		},
		{
			"Id": "ParamGroup18",
			"GroupId": "",
			"Name": "腕"
		},
		{
			"Id": "ParamGroup3",
			"GroupId": "",
			"Name": "追加"
		},
		{
			"Id": "ParamGroup26",
			"GroupId": "",
			"Name": "通常"
		},
		{
			"Id": "ParamGroup5",
			"GroupId": "",
			"Name": "後髪1"
		},
		{
			"Id": "ParamGroup6",
			"GroupId": "",
			"Name": "後髪2"
		},
		{
			"Id": "ParamGroup7",
			"GroupId": "",
			"Name": "後髪3"
		},
		{
			"Id": "ParamGroup8",
			"GroupId": "",
			"Name": "後髪4"
		},
		{
			"Id": "ParamGroup9",
			"GroupId": "",
			"Name": "後髪5"
		},
		{
			"Id": "ParamGroup10",
			"GroupId": "",
			"Name": "後髪6"
		},
		{
			"Id": "ParamGroup11",
			"GroupId": "",
			"Name": "後髪7"
		},
		{
			"Id": "ParamGroup12",
			"GroupId": "",
			"Name": "後髪8"
		},
		{
			"Id": "ParamGroup13",
			"GroupId": "",
			"Name": "後髪9"
		},
		{
			"Id": "ParamGroup14",
			"GroupId": "",
			"Name": "後髪10"
		},
		{
			"Id": "ParamGroup15",
			"GroupId": "",
			"Name": "後髪11"
		},
		{
			"Id": "ParamGroup16",
			"GroupId": "",
			"Name": "後髪12"
		},
		{
			"Id": "ParamGroup17",
			"GroupId": "",
			"Name": "後髪15"
		},
		{
			"Id": "ParamGroup4",
			"GroupId": "",
			"Name": "後髪13"
		},
		{
			"Id": "ParamGroup23",
			"GroupId": "",
			"Name": "細後髪2"
		},
		{
			"Id": "ParamGroup19",
			"GroupId": "",
			"Name": "後髪14"
		},
		{
			"Id": "ParamGroup20",
			"GroupId": "",
			"Name": "後髪16"
		},
		{
			"Id": "ParamGroup21",
			"GroupId": "",
			"Name": "前髪右細"
		},
		{
			"Id": "ParamGroup22",
			"GroupId": "",
			"Name": "細後髪1"
		},
		{
			"Id": "ParamGroup24",
			"GroupId": "",
			"Name": "細後髪3"
		},
		{
			"Id": "ParamGroup25",
			"GroupId": "",
			"Name": "細後髪4"
		},
		{
			"Id": "ParamGroup27",
			"GroupId": "",
			"Name": "右指"
		},
		{
			"Id": "ParamGroup28",
			"GroupId": "",
			"Name": "左指"
		}
	],
	"Parts": [
		{
			"Id": "Part48",
			"Name": "1920x1440_4.psd"
		},
		{
			"Id": "Part44",
			"Name": "1920x1440.psd"
		},
		{
			"Id": "Part46",
			"Name": "水"
		},
		{
			"Id": "UI",
			"Name": "UI"
		},
		{
			"Id": "Part",
			"Name": "粒子"
		},
		{
			"Id": "Part14",
			"Name": "丸"
		},
		{
			"Id": "Part22",
			"Name": "日差し手前"
		},
		{
			"Id": "Part47",
			"Name": "花上"
		},
		{
			"Id": "Part24",
			"Name": "水"
		},
		{
			"Id": "Part25",
			"Name": "両姫"
		},
		{
			"Id": "Part23",
			"Name": "花びら"
		},
		{
			"Id": "Part45",
			"Name": "花びら裏"
		},
		{
			"Id": "Part41",
			"Name": "背景"
		},
		{
			"Id": "Part2",
			"Name": "グループ 9"
		},
		{
			"Id": "Part3",
			"Name": "グループ 5"
		},
		{
			"Id": "Part4",
			"Name": "グループ 2"
		},
		{
			"Id": "Part5",
			"Name": "グループ 7"
		},
		{
			"Id": "Part6",
			"Name": "グループ 10"
		},
		{
			"Id": "Part7",
			"Name": "グループ 8"
		},
		{
			"Id": "Part8",
			"Name": "グループ 13"
		},
		{
			"Id": "Part9",
			"Name": "グループ 11"
		},
		{
			"Id": "Part10",
			"Name": "グループ 12"
		},
		{
			"Id": "Part11",
			"Name": "グループ 6"
		},
		{
			"Id": "Part12",
			"Name": "グループ 3"
		},
		{
			"Id": "Part13",
			"Name": "グループ 4"
		},
		{
			"Id": "Part15",
			"Name": "グループ 19"
		},
		{
			"Id": "Part16",
			"Name": "グループ 14"
		},
		{
			"Id": "Part17",
			"Name": "グループ 17"
		},
		{
			"Id": "Part18",
			"Name": "グループ 16"
		},
		{
			"Id": "Part19",
			"Name": "グループ 15"
		},
		{
			"Id": "Part20",
			"Name": "グループ 20"
		},
		{
			"Id": "Part21",
			"Name": "グループ 18"
		},
		{
			"Id": "Part26",
			"Name": "胸リボン"
		},
		{
			"Id": "Part27",
			"Name": "前髪1"
		},
		{
			"Id": "Part28",
			"Name": "胸"
		},
		{
			"Id": "Part29",
			"Name": "右足"
		},
		{
			"Id": "Part30",
			"Name": "右腕"
		},
		{
			"Id": "Part31",
			"Name": "左腕"
		},
		{
			"Id": "ArtMesh212_Skinning",
			"Name": "前髪左もみあげ大(スキニング)"
		},
		{
			"Id": "ArtMesh213_Skinning",
			"Name": "前髪左細(スキニング)"
		},
		{
			"Id": "Part32",
			"Name": "開き目"
		},
		{
			"Id": "Part37",
			"Name": "頭"
		},
		{
			"Id": "Part38",
			"Name": "左足"
		},
		{
			"Id": "Part40",
			"Name": "後髪"
		},
		{
			"Id": "Part42",
			"Name": "光線"
		},
		{
			"Id": "Part43",
			"Name": "光エフェクト"
		},
		{
			"Id": "ArtMesh198_Skinning",
			"Name": "親指(スキニング)"
		},
		{
			"Id": "ArtMesh200_Skinning",
			"Name": "人差し指(スキニング)"
		},
		{
			"Id": "ArtMesh201_Skinning",
			"Name": "中指(スキニング)"
		},
		{
			"Id": "ArtMesh202_Skinning",
			"Name": "薬指(スキニング)"
		},
		{
			"Id": "ArtMesh203_Skinning",
			"Name": "小指(スキニング)"
		},
		{
			"Id": "ArtMesh204_Skinning",
			"Name": "小指(スキニング)"
		},
		{
			"Id": "ArtMesh205_Skinning",
			"Name": "薬指(スキニング)"
		},
		{
			"Id": "ArtMesh206_Skinning",
			"Name": "中指(スキニング)"
		},
		{
			"Id": "ArtMesh207_Skinning",
			"Name": "人差し指(スキニング)"
		},
		{
			"Id": "ArtMesh209_Skinning",
			"Name": "親指(スキニング)"
		},
		{
			"Id": "Part33",
			"Name": "眉"
		},
		{
			"Id": "Part34",
			"Name": "右目"
		},
		{
			"Id": "Part35",
			"Name": "眉"
		},
		{
			"Id": "Part36",
			"Name": "左目"
		},
		{
			"Id": "ArtMesh250_Skinning",
			"Name": "前髪右もみあげ大(スキニング)"
		},
		{
			"Id": "Part39",
			"Name": "水滴"
		},
		{
			"Id": "ArtMesh261_Skinning",
			"Name": "後髪1(スキニング)"
		},
		{
			"Id": "ArtMesh262_Skinning",
			"Name": "後髪2(スキニング)"
		},
		{
			"Id": "ArtMesh263_Skinning",
			"Name": "後髪3(スキニング)"
		},
		{
			"Id": "ArtMesh264_Skinning",
			"Name": "後髪4(スキニング)"
		},
		{
			"Id": "ArtMesh265_Skinning",
			"Name": "後髪5(スキニング)"
		},
		{
			"Id": "ArtMesh266_Skinning",
			"Name": "後髪6(スキニング)"
		},
		{
			"Id": "ArtMesh267_Skinning",
			"Name": "後髪7(スキニング)"
		},
		{
			"Id": "ArtMesh268_Skinning",
			"Name": "後髪8(スキニング)"
		},
		{
			"Id": "ArtMesh269_Skinning",
			"Name": "後髪9(スキニング)"
		},
		{
			"Id": "ArtMesh270_Skinning",
			"Name": "後髪10(スキニング)"
		},
		{
			"Id": "ArtMesh271_Skinning",
			"Name": "後髪11(スキニング)"
		},
		{
			"Id": "ArtMesh272_Skinning",
			"Name": "後髪12(スキニング)"
		},
		{
			"Id": "ArtMesh273_Skinning",
			"Name": "後髪15(スキニング)"
		},
		{
			"Id": "ArtMesh336_Skinning",
			"Name": "後髪13(スキニング)"
		},
		{
			"Id": "ArtMesh274_Skinning",
			"Name": "後髪13(スキニング)"
		},
		{
			"Id": "ArtMesh275_Skinning",
			"Name": "後髪14(スキニング)"
		},
		{
			"Id": "ArtMesh276_Skinning",
			"Name": "後髪16(スキニング)"
		},
		{
			"Id": "ArtMesh278_Skinning",
			"Name": "前髪右細(スキニング)"
		},
		{
			"Id": "ArtMesh279_Skinning",
			"Name": "細後髪1(スキニング)"
		},
		{
			"Id": "ArtMesh280_Skinning",
			"Name": "細後髪2(スキニング)"
		},
		{
			"Id": "ArtMesh281_Skinning",
			"Name": "細後髪3(スキニング)"
		},
		{
			"Id": "ArtMesh282_Skinning",
			"Name": "細後髪4(スキニング)"
		}
	],
	"CombinedParameters": [
		[
			"ParamFA1",
			"ParamFAs"
		],
		[
			"ParamFA2",
			"ParamFAs2"
		],
		[
			"ParamFA3",
			"ParamFAs3"
		],
		[
			"ParamFA4",
			"ParamFAs4"
		],
		[
			"ParamFA5",
			"ParamFAs5"
		],
		[
			"ParamFA6",
			"ParamFAs6"
		],
		[
			"ParamFA7",
			"ParamFAs7"
		],
		[
			"ParamFA8",
			"ParamFAs8"
		],
		[
			"ParamFA9",
			"ParamFAs9"
		],
		[
			"ParamFA10",
			"ParamFAs10"
		],
		[
			"ParamFA11",
			"ParamFAs11"
		],
		[
			"ParamFA12",
			"ParamFAs12"
		],
		[
			"ParamFA13",
			"ParamFAs13"
		],
		[
			"ParamFA14",
			"ParamFAs14"
		],
		[
			"ParamFA15",
			"ParamFAs15"
		],
		[
			"ParamFA16",
			"ParamFAs16"
		],
		[
			"ParamFA17",
			"ParamFAs17"
		],
		[
			"ParamFA18",
			"ParamFAs18"
		],
		[
			"ParamEyeRL",
			"ParamEyeUD"
		],
		[
			"ParamPaiX",
			"ParamPaiY"
		],
		[
			"ParamPaiX2",
			"ParamPaiY2"
		],
		[
			"ParamPai2X",
			"ParamPai2Y"
		],
		[
			"ParamPai2X2",
			"ParamPai2Y2"
		],
		[
			"ParamKazariX",
			"ParamKazariY"
		],
		[
			"ParamPaiRibonX",
			"ParamPaiRibonY"
		],
		[
			"ParamPaiHiraX",
			"ParamPaiHiraY"
		],
		[
			"ParamHiraX",
			"ParamHiraY"
		],
		[
			"ParamAngleX",
			"ParamAngleY"
		],
		[
			"ParamEyeBallX",
			"ParamEyeBallY"
		],
		[
			"ParamBodyAngleY",
			"ParamBodyAngleZ"
		],
		[
			"ParamItiX",
			"ParamItiY"
		]
	]
}