{
	"Version": 3,
	"Parameters": [
		{
			"Id": "ParamEff1",
			"GroupId": "ParamGroup",
			"Name": "エフェクト1"
		},
		{
			"Id": "ParamEff2",
			"GroupId": "ParamGroup",
			"Name": "エフェクト2"
		},
		{
			"Id": "ParamEff3",
			"GroupId": "ParamGroup",
			"Name": "エフェクト3"
		},
		{
			"Id": "ParamEff4",
			"GroupId": "ParamGroup",
			"Name": "エフェクト4"
		},
		{
			"Id": "ParamEff5",
			"GroupId": "ParamGroup",
			"Name": "エフェクト5"
		},
		{
			"Id": "ParamEff6",
			"GroupId": "ParamGroup",
			"Name": "エフェクト6"
		},
		{
			"Id": "ParamEff7",
			"GroupId": "ParamGroup",
			"Name": "エフェクト7"
		},
		{
			"Id": "ParamEff8",
			"GroupId": "ParamGroup",
			"Name": "エフェクト8"
		},
		{
			"Id": "ParamEff9",
			"GroupId": "ParamGroup",
			"Name": "エフェクト9"
		},
		{
			"Id": "ParamEff10",
			"GroupId": "ParamGroup",
			"Name": "エフェクト10"
		},
		{
			"Id": "ParamEff11",
			"GroupId": "ParamGroup",
			"Name": "エフェクト11"
		},
		{
			"Id": "ParamEff12",
			"GroupId": "ParamGroup",
			"Name": "エフェクト12"
		},
		{
			"Id": "ParamEff13",
			"GroupId": "ParamGroup",
			"Name": "エフェクト13"
		},
		{
			"Id": "ParamEff14",
			"GroupId": "ParamGroup",
			"Name": "エフェクト14"
		},
		{
			"Id": "ParamEff15",
			"GroupId": "ParamGroup",
			"Name": "エフェクト15"
		},
		{
			"Id": "ParamEff16",
			"GroupId": "ParamGroup",
			"Name": "エフェクト16"
		},
		{
			"Id": "ParamEff17",
			"GroupId": "ParamGroup",
			"Name": "エフェクト17"
		},
		{
			"Id": "ParamEff18",
			"GroupId": "ParamGroup",
			"Name": "エフェクト18"
		},
		{
			"Id": "ParamEff19",
			"GroupId": "ParamGroup",
			"Name": "エフェクト19"
		},
		{
			"Id": "ParamEff20",
			"GroupId": "ParamGroup",
			"Name": "エフェクト20"
		},
		{
			"Id": "ParamEff21",
			"GroupId": "ParamGroup",
			"Name": "エフェクト21"
		},
		{
			"Id": "ParamEff22",
			"GroupId": "ParamGroup",
			"Name": "エフェクト22"
		},
		{
			"Id": "ParamEff23",
			"GroupId": "ParamGroup",
			"Name": "エフェクト23"
		},
		{
			"Id": "ParamEff24",
			"GroupId": "ParamGroup",
			"Name": "エフェクト24"
		},
		{
			"Id": "ParamEff25",
			"GroupId": "ParamGroup",
			"Name": "エフェクト25"
		},
		{
			"Id": "ParamEff26",
			"GroupId": "ParamGroup",
			"Name": "エフェクト26"
		},
		{
			"Id": "ParamEff27",
			"GroupId": "ParamGroup",
			"Name": "エフェクト27"
		},
		{
			"Id": "ParamEff28",
			"GroupId": "ParamGroup",
			"Name": "エフェクト28"
		},
		{
			"Id": "ParamEff29",
			"GroupId": "ParamGroup",
			"Name": "エフェクト29"
		},
		{
			"Id": "ParamEff30",
			"GroupId": "ParamGroup",
			"Name": "エフェクト30"
		},
		{
			"Id": "ParamEff31",
			"GroupId": "ParamGroup",
			"Name": "エフェクト31"
		},
		{
			"Id": "ParamEff32",
			"GroupId": "ParamGroup",
			"Name": "エフェクト32"
		},
		{
			"Id": "ParamEff33",
			"GroupId": "ParamGroup",
			"Name": "エフェクト33"
		},
		{
			"Id": "ParamPachi",
			"GroupId": "ParamGroup2",
			"Name": "目パチ"
		},
		{
			"Id": "ParamMomo",
			"GroupId": "ParamGroup2",
			"Name": "もも"
		},
		{
			"Id": "ParamLegL1",
			"GroupId": "ParamGroup2",
			"Name": "右太もも"
		},
		{
			"Id": "ParamLegL2",
			"GroupId": "ParamGroup2",
			"Name": "右足"
		},
		{
			"Id": "ParamLegR1",
			"GroupId": "ParamGroup2",
			"Name": "左太もも"
		},
		{
			"Id": "ParamLegR2",
			"GroupId": "ParamGroup2",
			"Name": "左足"
		},
		{
			"Id": "ParamEyeRL",
			"GroupId": "ParamGroup2",
			"Name": "目Hi左右"
		},
		{
			"Id": "ParamEyeUD",
			"GroupId": "ParamGroup2",
			"Name": "目Hi上下"
		},
		{
			"Id": "ParamEyeBS",
			"GroupId": "ParamGroup2",
			"Name": "目Hi大小"
		},
		{
			"Id": "ParamPaiRX",
			"GroupId": "ParamGroup2",
			"Name": "右胸 X"
		},
		{
			"Id": "ParamPaiRY",
			"GroupId": "ParamGroup2",
			"Name": "右胸 Y"
		},
		{
			"Id": "ParamPaiRX2",
			"GroupId": "ParamGroup2",
			"Name": "右胸 X2"
		},
		{
			"Id": "ParamPaiRY2",
			"GroupId": "ParamGroup2",
			"Name": "右胸 Y2"
		},
		{
			"Id": "ParamPaiLX",
			"GroupId": "ParamGroup2",
			"Name": "左胸 X"
		},
		{
			"Id": "ParamPaiLY",
			"GroupId": "ParamGroup2",
			"Name": "左胸 Y"
		},
		{
			"Id": "ParamPaiLX2",
			"GroupId": "ParamGroup2",
			"Name": "左胸 X2"
		},
		{
			"Id": "ParamPaiLY2",
			"GroupId": "ParamGroup2",
			"Name": "左胸 Y2"
		},
		{
			"Id": "ParamBreat",
			"GroupId": "ParamGroup2",
			"Name": "呼吸"
		},
		{
			"Id": "ParamHairTailX",
			"GroupId": "ParamGroup3",
			"Name": "髪ている X"
		},
		{
			"Id": "ParamHairTailY",
			"GroupId": "ParamGroup3",
			"Name": "髪ている Y"
		},
		{
			"Id": "Param_Angle_Rotation7",
			"GroupId": "ParamGroup4",
			"Name": "[0]髪7"
		},
		{
			"Id": "Param_Angle_Rotation8",
			"GroupId": "ParamGroup4",
			"Name": "[1]髪7"
		},
		{
			"Id": "Param_Angle_Rotation11",
			"GroupId": "ParamGroup5",
			"Name": "[0]髪左もみあげ"
		},
		{
			"Id": "Param_Angle_Rotation12",
			"GroupId": "ParamGroup5",
			"Name": "[1]髪左もみあげ"
		},
		{
			"Id": "Param_Angle_Rotation13",
			"GroupId": "ParamGroup5",
			"Name": "[2]髪左もみあげ"
		},
		{
			"Id": "Param_Angle_Rotation14",
			"GroupId": "ParamGroup5",
			"Name": "[3]髪左もみあげ"
		},
		{
			"Id": "Param_Angle_Rotation16",
			"GroupId": "ParamGroup6",
			"Name": "[0]頭1"
		},
		{
			"Id": "Param_Angle_Rotation17",
			"GroupId": "ParamGroup6",
			"Name": "[1]頭1"
		},
		{
			"Id": "Param_Angle_Rotation18",
			"GroupId": "ParamGroup6",
			"Name": "[2]頭1"
		},
		{
			"Id": "Param_Angle_Rotation20",
			"GroupId": "ParamGroup7",
			"Name": "[0]頭2"
		},
		{
			"Id": "Param_Angle_Rotation21",
			"GroupId": "ParamGroup7",
			"Name": "[1]頭2"
		},
		{
			"Id": "Param_Angle_Rotation22",
			"GroupId": "ParamGroup7",
			"Name": "[2]頭2"
		},
		{
			"Id": "Param_Angle_Rotation24",
			"GroupId": "ParamGroup8",
			"Name": "[0]頭3"
		},
		{
			"Id": "Param_Angle_Rotation25",
			"GroupId": "ParamGroup8",
			"Name": "[1]頭3"
		},
		{
			"Id": "Param_Angle_Rotation26",
			"GroupId": "ParamGroup8",
			"Name": "[2]頭3"
		},
		{
			"Id": "Param_Angle_Rotation28",
			"GroupId": "ParamGroup9",
			"Name": "[0]頭4"
		},
		{
			"Id": "Param_Angle_Rotation29",
			"GroupId": "ParamGroup9",
			"Name": "[1]頭4"
		},
		{
			"Id": "Param_Angle_Rotation30",
			"GroupId": "ParamGroup9",
			"Name": "[2]頭4"
		},
		{
			"Id": "Param_Angle_Rotation31",
			"GroupId": "ParamGroup9",
			"Name": "[3]頭4"
		},
		{
			"Id": "Param_Angle_Rotation33",
			"GroupId": "ParamGroup10",
			"Name": "[0]頭5"
		},
		{
			"Id": "Param_Angle_Rotation34",
			"GroupId": "ParamGroup10",
			"Name": "[1]頭5"
		},
		{
			"Id": "Param_Angle_Rotation35",
			"GroupId": "ParamGroup10",
			"Name": "[2]頭5"
		},
		{
			"Id": "Param_Angle_Rotation41",
			"GroupId": "ParamGroup11",
			"Name": "[0]頭6"
		},
		{
			"Id": "Param_Angle_Rotation42",
			"GroupId": "ParamGroup11",
			"Name": "[1]頭6"
		},
		{
			"Id": "Param_Angle_Rotation43",
			"GroupId": "ParamGroup11",
			"Name": "[2]頭6"
		},
		{
			"Id": "Param_Angle_Rotation55",
			"GroupId": "ParamGroup15",
			"Name": "[0]後ろ髪右1"
		},
		{
			"Id": "Param_Angle_Rotation56",
			"GroupId": "ParamGroup15",
			"Name": "[1]後ろ髪右1"
		},
		{
			"Id": "Param_Angle_Rotation57",
			"GroupId": "ParamGroup15",
			"Name": "[2]後ろ髪右1"
		},
		{
			"Id": "Param_Angle_Rotation58",
			"GroupId": "ParamGroup15",
			"Name": "[3]後ろ髪右1"
		},
		{
			"Id": "Param_Angle_Rotation59",
			"GroupId": "ParamGroup16",
			"Name": "[0]後ろ髪右2"
		},
		{
			"Id": "Param_Angle_Rotation60",
			"GroupId": "ParamGroup16",
			"Name": "[1]後ろ髪右2"
		},
		{
			"Id": "Param_Angle_Rotation61",
			"GroupId": "ParamGroup16",
			"Name": "[2]後ろ髪右2"
		},
		{
			"Id": "Param_Angle_Rotation36",
			"GroupId": "ParamGroup17",
			"Name": "[0]後ろ髪左"
		},
		{
			"Id": "Param_Angle_Rotation37",
			"GroupId": "ParamGroup17",
			"Name": "[1]後ろ髪左"
		},
		{
			"Id": "Param_Angle_Rotation38",
			"GroupId": "ParamGroup17",
			"Name": "[2]後ろ髪左"
		}
	],
	"ParameterGroups": [
		{
			"Id": "ParamGroup",
			"GroupId": "",
			"Name": "エフェクト"
		},
		{
			"Id": "ParamGroup2",
			"GroupId": "",
			"Name": "URアニメーション"
		},
		{
			"Id": "ParamGroup3",
			"GroupId": "",
			"Name": "追加"
		},
		{
			"Id": "ParamGroup4",
			"GroupId": "",
			"Name": "髪7"
		},
		{
			"Id": "ParamGroup5",
			"GroupId": "",
			"Name": "髪左もみあげ"
		},
		{
			"Id": "ParamGroup6",
			"GroupId": "",
			"Name": "頭1"
		},
		{
			"Id": "ParamGroup7",
			"GroupId": "",
			"Name": "頭2"
		},
		{
			"Id": "ParamGroup8",
			"GroupId": "",
			"Name": "頭3"
		},
		{
			"Id": "ParamGroup9",
			"GroupId": "",
			"Name": "頭4"
		},
		{
			"Id": "ParamGroup10",
			"GroupId": "",
			"Name": "頭5"
		},
		{
			"Id": "ParamGroup11",
			"GroupId": "",
			"Name": "頭6"
		},
		{
			"Id": "ParamGroup15",
			"GroupId": "",
			"Name": "後ろ髪右1"
		},
		{
			"Id": "ParamGroup16",
			"GroupId": "",
			"Name": "後ろ髪右2"
		},
		{
			"Id": "ParamGroup17",
			"GroupId": "",
			"Name": "後ろ髪左"
		}
	],
	"Parts": [
		{
			"Id": "Part34",
			"Name": "1920x1440_2.psd"
		},
		{
			"Id": "Part32",
			"Name": "1920x1440_1.psd"
		},
		{
			"Id": "Part25",
			"Name": "1920x1440.psd"
		},
		{
			"Id": "Part31",
			"Name": "目等"
		},
		{
			"Id": "Part",
			"Name": "髪上"
		},
		{
			"Id": "Part2",
			"Name": "足"
		},
		{
			"Id": "Part3",
			"Name": "胸"
		},
		{
			"Id": "Part4",
			"Name": "頭"
		},
		{
			"Id": "Part6",
			"Name": "後ろ髪"
		},
		{
			"Id": "Part7",
			"Name": "エフェクト"
		},
		{
			"Id": "Part24",
			"Name": "エフェクト2"
		},
		{
			"Id": "ArtMesh_Skinning",
			"Name": "髪7(スキニング)"
		},
		{
			"Id": "ArtMesh2_Skinning",
			"Name": "髪左もみあげ(スキニング)"
		},
		{
			"Id": "Part33",
			"Name": "パーツ47"
		},
		{
			"Id": "ArtMesh15_Skinning",
			"Name": "髪1(スキニング)"
		},
		{
			"Id": "ArtMesh16_Skinning",
			"Name": "髪2(スキニング)"
		},
		{
			"Id": "ArtMesh17_Skinning",
			"Name": "髪3(スキニング)"
		},
		{
			"Id": "ArtMesh18_Skinning",
			"Name": "髪4(スキニング)"
		},
		{
			"Id": "ArtMesh19_Skinning",
			"Name": "髪5(スキニング)"
		},
		{
			"Id": "ArtMesh20_Skinning",
			"Name": "髪6(スキニング)"
		},
		{
			"Id": "Part5",
			"Name": "目等"
		},
		{
			"Id": "ArtMesh27_Skinning",
			"Name": "髪影2(スキニング)"
		},
		{
			"Id": "ArtMesh28_Skinning",
			"Name": "髪影3(スキニング)"
		},
		{
			"Id": "ArtMesh29_Skinning",
			"Name": "髪影4(スキニング)"
		},
		{
			"Id": "ArtMesh32_Skinning",
			"Name": "右1(スキニング)"
		},
		{
			"Id": "ArtMesh33_Skinning",
			"Name": "右2(スキニング)"
		},
		{
			"Id": "ArtMesh34_Skinning",
			"Name": "左(スキニング)"
		},
		{
			"Id": "Part8",
			"Name": "エフェクト大"
		},
		{
			"Id": "Part9",
			"Name": "破片エフェクト"
		},
		{
			"Id": "Part13",
			"Name": "丸エフェクト"
		},
		{
			"Id": "Part14",
			"Name": "羽"
		},
		{
			"Id": "Part15",
			"Name": "粒キラエフェクト"
		},
		{
			"Id": "Part16",
			"Name": "粒キラ"
		},
		{
			"Id": "Part23",
			"Name": "半透明エフェクト"
		},
		{
			"Id": "Part10",
			"Name": "グループ 3"
		},
		{
			"Id": "Part11",
			"Name": "グループ 4"
		},
		{
			"Id": "Part12",
			"Name": "グループ 2"
		},
		{
			"Id": "Part26",
			"Name": "パーツ26"
		},
		{
			"Id": "Part27",
			"Name": "パーツ27"
		},
		{
			"Id": "Part28",
			"Name": "パーツ28"
		},
		{
			"Id": "Part29",
			"Name": "パーツ29"
		},
		{
			"Id": "Part30",
			"Name": "パーツ30"
		},
		{
			"Id": "Part17",
			"Name": "グループ 7"
		},
		{
			"Id": "Part18",
			"Name": "グループ 10"
		},
		{
			"Id": "Part19",
			"Name": "グループ 9"
		},
		{
			"Id": "Part20",
			"Name": "グループ 11"
		},
		{
			"Id": "Part21",
			"Name": "グループ 8"
		},
		{
			"Id": "Part22",
			"Name": "グループ 12"
		}
	],
	"CombinedParameters": [
		[
			"ParamPaiRX",
			"ParamPaiRY"
		],
		[
			"ParamPaiRX2",
			"ParamPaiRY2"
		],
		[
			"ParamHairTailX",
			"ParamHairTailY"
		]
	]
}