{
	"Version": 3,
	"Meta": {
		"Duration": 5.967,
		"Fps": 30.0,
		"Loop": true,
		"AreBeziersRestricted": false,
		"CurveCount": 143,
		"TotalSegmentCount": 1120,
		"TotalPointCount": 3501,
		"UserDataCount": 0,
		"TotalUserDataSize": 0
	},
	"Curves": [
		{
			"Target": "Parameter",
			"Id": "ParamEff1",
			"Segments": [
				0,
				1,
				1,
				0.2,
				1,
				0.4,
				1,
				0.6,
				1,
				1,
				0.633,
				1,
				0.667,
				0.5,
				0.7,
				0.5,
				1,
				0.733,
				0.5,
				0.767,
				1,
				0.8,
				1,
				1,
				1.378,
				1,
				1.956,
				1,
				2.533,
				1,
				1,
				2.567,
				1,
				2.6,
				0.5,
				2.633,
				0.5,
				1,
				2.678,
				0.5,
				2.722,
				1,
				2.767,
				1,
				1,
				3.5,
				1,
				4.233,
				1,
				4.967,
				1,
				1,
				5,
				1,
				5.033,
				0.5,
				5.067,
				0.5,
				1,
				5.111,
				0.5,
				5.156,
				1,
				5.2,
				1,
				1,
				5.456,
				1,
				5.711,
				1,
				5.967,
				1
			]
		},
		{
			"Target": "Parameter",
			"Id": "ParamEff2",
			"Segments": [
				0,
				0.6,
				1,
				0.033,
				0.6,
				0.067,
				1,
				0.1,
				1,
				1,
				0.6,
				1,
				1.1,
				1,
				1.6,
				1,
				1,
				1.633,
				1,
				1.667,
				0.5,
				1.7,
				0.5,
				1,
				1.733,
				0.5,
				1.767,
				1,
				1.8,
				1,
				1,
				2.267,
				1,
				2.733,
				1,
				3.2,
				1,
				1,
				3.233,
				1,
				3.267,
				0.5,
				3.3,
				0.5,
				1,
				3.333,
				0.5,
				3.367,
				1,
				3.4,
				1,
				1,
				3.444,
				1,
				3.489,
				1,
				3.533,
				1,
				1,
				3.567,
				1,
				3.6,
				0.5,
				3.633,
				0.5,
				1,
				3.667,
				0.5,
				3.7,
				1,
				3.733,
				1,
				1,
				4.444,
				1,
				5.156,
				1,
				5.867,
				1,
				1,
				5.9,
				1,
				5.933,
				0.775,
				5.967,
				0.662
			]
		},
		{
			"Target": "Parameter",
			"Id": "ParamEff3",
			"Segments": [
				0,
				1,
				1,
				0.656,
				1,
				1.311,
				1,
				1.967,
				1,
				1,
				2,
				1,
				2.033,
				0.5,
				2.067,
				0.5,
				1,
				2.1,
				0.5,
				2.133,
				1,
				2.167,
				1,
				1,
				2.211,
				1,
				2.256,
				1,
				2.3,
				1,
				1,
				2.333,
				1,
				2.367,
				0.5,
				2.4,
				0.5,
				1,
				2.433,
				0.5,
				2.467,
				1,
				2.5,
				1,
				1,
				2.922,
				1,
				3.344,
				1,
				3.767,
				1,
				1,
				3.8,
				1,
				3.833,
				0.5,
				3.867,
				0.5,
				1,
				3.9,
				0.5,
				3.933,
				1,
				3.967,
				1,
				1,
				4.633,
				1,
				5.3,
				1,
				5.967,
				1
			]
		},
		{
			"Target": "Parameter",
			"Id": "ParamEff4",
			"Segments": [
				0,
				1,
				1,
				0.189,
				1,
				0.378,
				1,
				0.567,
				1,
				1,
				0.6,
				1,
				0.633,
				0.5,
				0.667,
				0.5,
				1,
				0.7,
				0.5,
				0.733,
				1,
				0.767,
				1,
				1,
				0.944,
				1,
				1.122,
				0.9,
				1.3,
				0.9,
				1,
				1.667,
				0.9,
				2.033,
				1,
				2.4,
				1,
				1,
				2.433,
				1,
				2.467,
				0.5,
				2.5,
				0.5,
				1,
				2.533,
				0.5,
				2.567,
				1,
				2.6,
				1,
				1,
				3,
				1,
				3.4,
				0.8,
				3.8,
				0.8,
				1,
				4.2,
				0.8,
				4.6,
				1,
				5,
				1,
				1,
				5.033,
				1,
				5.067,
				0.5,
				5.1,
				0.5,
				1,
				5.133,
				0.5,
				5.167,
				1,
				5.2,
				1,
				1,
				5.456,
				1,
				5.711,
				1,
				5.967,
				1
			]
		},
		{
			"Target": "Parameter",
			"Id": "ParamEff5",
			"Segments": [
				0,
				1,
				1,
				0.078,
				1,
				0.156,
				1,
				0.233,
				1,
				1,
				0.267,
				1,
				0.3,
				0.5,
				0.333,
				0.5,
				1,
				0.367,
				0.5,
				0.4,
				1,
				0.433,
				1,
				1,
				1.244,
				1,
				2.056,
				0.7,
				2.867,
				0.7,
				1,
				3.9,
				0.7,
				4.933,
				0.994,
				5.967,
				1
			]
		},
		{
			"Target": "Parameter",
			"Id": "ParamEff6",
			"Segments": [
				0,
				0.6,
				1,
				0.033,
				0.6,
				0.067,
				1,
				0.1,
				1,
				1,
				0.867,
				1,
				1.633,
				0.8,
				2.4,
				0.8,
				1,
				3.133,
				0.8,
				3.867,
				1,
				4.6,
				1,
				1,
				4.633,
				1,
				4.667,
				0.5,
				4.7,
				0.5,
				1,
				4.733,
				0.5,
				4.767,
				1,
				4.8,
				1,
				1,
				4.878,
				1,
				4.956,
				1,
				5.033,
				1,
				1,
				5.067,
				1,
				5.1,
				0.5,
				5.133,
				0.5,
				1,
				5.167,
				0.5,
				5.2,
				1,
				5.233,
				1,
				1,
				5.289,
				1,
				5.344,
				1,
				5.4,
				1,
				1,
				5.433,
				1,
				5.467,
				0.5,
				5.5,
				0.5,
				1,
				5.533,
				0.5,
				5.567,
				1,
				5.6,
				1,
				1,
				5.678,
				1,
				5.756,
				1,
				5.833,
				1,
				1,
				5.878,
				1,
				5.922,
				0.744,
				5.967,
				0.642
			]
		},
		{
			"Target": "Parameter",
			"Id": "ParamEff7",
			"Segments": [
				0,
				1,
				1,
				0.256,
				1,
				0.511,
				1,
				0.767,
				1,
				1,
				0.8,
				1,
				0.833,
				0.6,
				0.867,
				0.6,
				1,
				0.9,
				0.6,
				0.933,
				1,
				0.967,
				1,
				1,
				1.133,
				1,
				1.3,
				1,
				1.467,
				1,
				1,
				1.5,
				1,
				1.533,
				0.6,
				1.567,
				0.6,
				1,
				1.6,
				0.6,
				1.633,
				1,
				1.667,
				1,
				1,
				2.089,
				1,
				2.511,
				0.9,
				2.933,
				0.9,
				1,
				3.311,
				0.9,
				3.689,
				1,
				4.067,
				1,
				1,
				4.1,
				1,
				4.133,
				0.6,
				4.167,
				0.6,
				1,
				4.2,
				0.6,
				4.233,
				1,
				4.267,
				1,
				1,
				4.578,
				1,
				4.889,
				1,
				5.2,
				1,
				1,
				5.456,
				1,
				5.711,
				1,
				5.967,
				1
			]
		},
		{
			"Target": "Parameter",
			"Id": "ParamEff8",
			"Segments": [
				0,
				1,
				1,
				0.111,
				1,
				0.222,
				1,
				0.333,
				1,
				1,
				0.367,
				1,
				0.4,
				0.6,
				0.433,
				0.6,
				1,
				0.467,
				0.6,
				0.5,
				1,
				0.533,
				1,
				1,
				1,
				1,
				1.467,
				0.9,
				1.933,
				0.9,
				1,
				2.311,
				0.9,
				2.689,
				1,
				3.067,
				1,
				1,
				3.1,
				1,
				3.133,
				0.6,
				3.167,
				0.6,
				1,
				3.2,
				0.6,
				3.233,
				1,
				3.267,
				1,
				1,
				3.322,
				1,
				3.378,
				1,
				3.433,
				1,
				1,
				3.467,
				1,
				3.5,
				0.6,
				3.533,
				0.6,
				1,
				3.567,
				0.6,
				3.6,
				1,
				3.633,
				1,
				1,
				3.7,
				1,
				3.767,
				1,
				3.833,
				1,
				1,
				3.867,
				1,
				3.9,
				0.7,
				3.933,
				0.7,
				1,
				3.967,
				0.7,
				4,
				1,
				4.033,
				1,
				1,
				4.367,
				1,
				4.7,
				0.9,
				5.033,
				0.9,
				1,
				5.344,
				0.9,
				5.656,
				0.993,
				5.967,
				1
			]
		},
		{
			"Target": "Parameter",
			"Id": "ParamEff9",
			"Segments": [
				0,
				0.8,
				1,
				0.289,
				0.8,
				0.578,
				1,
				0.867,
				1,
				1,
				0.9,
				1,
				0.933,
				0.6,
				0.967,
				0.6,
				1,
				1,
				0.6,
				1.033,
				1,
				1.067,
				1,
				1,
				1.3,
				1,
				1.533,
				1,
				1.767,
				1,
				1,
				1.8,
				1,
				1.833,
				0.6,
				1.867,
				0.6,
				1,
				1.9,
				0.6,
				1.933,
				1,
				1.967,
				1,
				1,
				2.4,
				1,
				2.833,
				1,
				3.267,
				1,
				1,
				3.3,
				1,
				3.333,
				0.6,
				3.367,
				0.6,
				1,
				3.4,
				0.6,
				3.433,
				1,
				3.467,
				1,
				1,
				4.3,
				1,
				5.133,
				0.805,
				5.967,
				0.8
			]
		},
		{
			"Target": "Parameter",
			"Id": "ParamEff10",
			"Segments": [
				0,
				1,
				1,
				0.5,
				1,
				1,
				1,
				1.5,
				1,
				1,
				1.533,
				1,
				1.567,
				0.6,
				1.6,
				0.6,
				1,
				1.633,
				0.6,
				1.667,
				1,
				1.7,
				1,
				1,
				1.822,
				1,
				1.944,
				1,
				2.067,
				1,
				1,
				2.1,
				1,
				2.133,
				0.6,
				2.167,
				0.6,
				1,
				2.2,
				0.6,
				2.233,
				1,
				2.267,
				1,
				1,
				2.711,
				1,
				3.156,
				0.9,
				3.6,
				0.9,
				1,
				4.211,
				0.9,
				4.822,
				1,
				5.433,
				1,
				1,
				5.467,
				1,
				5.5,
				0.6,
				5.533,
				0.6,
				1,
				5.567,
				0.6,
				5.6,
				1,
				5.633,
				1,
				1,
				5.744,
				1,
				5.856,
				1,
				5.967,
				1
			]
		},
		{
			"Target": "Parameter",
			"Id": "ParamEff11",
			"Segments": [
				0,
				1,
				1,
				0.222,
				1,
				0.444,
				1,
				0.667,
				1,
				1,
				0.7,
				1,
				0.733,
				0.6,
				0.767,
				0.6,
				1,
				0.8,
				0.6,
				0.833,
				1,
				0.867,
				1,
				1,
				1.144,
				1,
				1.422,
				0.9,
				1.7,
				0.9,
				1,
				2.056,
				0.9,
				2.411,
				1,
				2.767,
				1,
				1,
				2.8,
				1,
				2.833,
				0.6,
				2.867,
				0.6,
				1,
				2.9,
				0.6,
				2.933,
				1,
				2.967,
				1,
				1,
				3.267,
				1,
				3.567,
				0.8,
				3.867,
				0.8,
				1,
				4.067,
				0.8,
				4.267,
				1,
				4.467,
				1,
				1,
				4.5,
				1,
				4.533,
				0.6,
				4.567,
				0.6,
				1,
				4.6,
				0.6,
				4.633,
				1,
				4.667,
				1,
				1,
				5.1,
				1,
				5.533,
				1,
				5.967,
				1
			]
		},
		{
			"Target": "Parameter",
			"Id": "ParamEff12",
			"Segments": [
				0,
				0.9,
				1,
				0.044,
				0.9,
				0.089,
				1,
				0.133,
				1,
				1,
				0.733,
				1,
				1.333,
				0.9,
				1.933,
				0.9,
				1,
				2.567,
				0.9,
				3.2,
				1,
				3.833,
				1,
				1,
				3.867,
				1,
				3.9,
				0.9,
				3.933,
				0.9,
				1,
				3.967,
				0.9,
				4,
				1,
				4.033,
				1,
				1,
				4.444,
				1,
				4.856,
				1,
				5.267,
				1,
				1,
				5.3,
				1,
				5.333,
				0.9,
				5.367,
				0.9,
				1,
				5.4,
				0.9,
				5.433,
				1,
				5.467,
				1,
				1,
				5.611,
				1,
				5.756,
				1,
				5.9,
				1,
				1,
				5.922,
				1,
				5.944,
				0.956,
				5.967,
				0.926
			]
		},
		{
			"Target": "Parameter",
			"Id": "ParamEff13",
			"Segments": [
				0,
				1,
				1,
				0.111,
				1,
				0.222,
				1,
				0.333,
				1,
				1,
				0.367,
				1,
				0.4,
				0.9,
				0.433,
				0.9,
				1,
				0.467,
				0.9,
				0.5,
				1,
				0.533,
				1,
				1,
				0.856,
				1,
				1.178,
				0.9,
				1.5,
				0.9,
				1,
				1.844,
				0.9,
				2.189,
				1,
				2.533,
				1,
				1,
				2.567,
				1,
				2.6,
				0.9,
				2.633,
				0.9,
				1,
				2.667,
				0.9,
				2.7,
				1,
				2.733,
				1,
				1,
				3.278,
				1,
				3.822,
				1,
				4.367,
				1,
				1,
				4.4,
				1,
				4.433,
				0.9,
				4.467,
				0.9,
				1,
				4.5,
				0.9,
				4.533,
				1,
				4.567,
				1,
				1,
				5.033,
				1,
				5.5,
				1,
				5.967,
				1
			]
		},
		{
			"Target": "Parameter",
			"Id": "ParamEff14",
			"Segments": [
				0,
				1,
				1,
				0.189,
				1,
				0.378,
				1,
				0.567,
				1,
				1,
				0.6,
				1,
				0.633,
				0.9,
				0.667,
				0.9,
				1,
				0.7,
				0.9,
				0.733,
				1,
				0.767,
				1,
				1,
				1.1,
				1,
				1.433,
				1,
				1.767,
				1,
				1,
				1.8,
				1,
				1.833,
				0.8,
				1.867,
				0.8,
				1,
				1.9,
				0.8,
				1.933,
				1,
				1.967,
				1,
				1,
				2.267,
				1,
				2.567,
				0.9,
				2.867,
				0.9,
				1,
				3.133,
				0.9,
				3.4,
				1,
				3.667,
				1,
				1,
				3.7,
				1,
				3.733,
				0.8,
				3.767,
				0.8,
				1,
				3.8,
				0.8,
				3.833,
				1,
				3.867,
				1,
				1,
				4.122,
				1,
				4.378,
				0.9,
				4.633,
				0.9,
				1,
				4.878,
				0.9,
				5.122,
				1,
				5.367,
				1,
				1,
				5.4,
				1,
				5.433,
				0.8,
				5.467,
				0.8,
				1,
				5.5,
				0.8,
				5.533,
				1,
				5.567,
				1,
				1,
				5.7,
				1,
				5.833,
				1,
				5.967,
				1
			]
		},
		{
			"Target": "Parameter",
			"Id": "ParamEff15",
			"Segments": [
				0,
				0.7,
				1,
				0.478,
				0.7,
				0.956,
				1,
				1.433,
				1,
				1,
				1.467,
				1,
				1.5,
				0.6,
				1.533,
				0.6,
				1,
				1.567,
				0.6,
				1.6,
				1,
				1.633,
				1,
				1,
				2.133,
				1,
				2.633,
				1,
				3.133,
				1,
				1,
				3.167,
				1,
				3.2,
				0.6,
				3.233,
				0.6,
				1,
				3.267,
				0.6,
				3.3,
				1,
				3.333,
				1,
				1,
				3.411,
				1,
				3.489,
				1,
				3.567,
				1,
				1,
				3.6,
				1,
				3.633,
				0.6,
				3.667,
				0.6,
				1,
				3.7,
				0.6,
				3.733,
				0.788,
				3.767,
				0.8,
				1,
				4.167,
				0.943,
				4.567,
				1,
				4.967,
				1,
				1,
				5,
				1,
				5.033,
				0.6,
				5.067,
				0.6,
				1,
				5.1,
				0.6,
				5.133,
				1,
				5.167,
				1,
				1,
				5.433,
				1,
				5.7,
				0.724,
				5.967,
				0.701
			]
		},
		{
			"Target": "Parameter",
			"Id": "ParamEff16",
			"Segments": [
				0,
				1,
				1,
				0.256,
				1,
				0.511,
				1,
				0.767,
				1,
				1,
				0.8,
				1,
				0.833,
				0.6,
				0.867,
				0.6,
				1,
				0.9,
				0.6,
				0.933,
				1,
				0.967,
				1,
				1,
				1.322,
				1,
				1.678,
				1,
				2.033,
				1,
				1,
				2.067,
				1,
				2.1,
				0.6,
				2.133,
				0.6,
				1,
				2.167,
				0.6,
				2.2,
				1,
				2.233,
				1,
				1,
				2.622,
				1,
				3.011,
				0.9,
				3.4,
				0.9,
				1,
				3.811,
				0.9,
				4.222,
				1,
				4.633,
				1,
				1,
				4.667,
				1,
				4.7,
				0.6,
				4.733,
				0.6,
				1,
				4.767,
				0.6,
				4.8,
				1,
				4.833,
				1,
				1,
				5.044,
				1,
				5.256,
				1,
				5.467,
				1,
				1,
				5.633,
				1,
				5.8,
				1,
				5.967,
				1
			]
		},
		{
			"Target": "Parameter",
			"Id": "ParamEff17",
			"Segments": [
				0,
				1,
				1,
				0.678,
				1,
				1.356,
				0.9,
				2.033,
				0.9,
				1,
				2.8,
				0.9,
				3.567,
				1,
				4.333,
				1,
				1,
				4.367,
				1,
				4.4,
				0.6,
				4.433,
				0.6,
				1,
				4.467,
				0.6,
				4.5,
				1,
				4.533,
				1,
				1,
				4.844,
				1,
				5.156,
				0.9,
				5.467,
				0.9,
				1,
				5.633,
				0.9,
				5.8,
				0.988,
				5.967,
				0.999
			]
		},
		{
			"Target": "Parameter",
			"Id": "ParamEff18",
			"Segments": [
				0,
				0.6,
				1,
				0.044,
				0.6,
				0.089,
				1,
				0.133,
				1,
				1,
				0.811,
				1,
				1.489,
				0.9,
				2.167,
				0.9,
				1,
				3.178,
				0.9,
				4.189,
				1,
				5.2,
				1,
				1,
				5.233,
				1,
				5.267,
				0.6,
				5.3,
				0.6,
				1,
				5.333,
				0.6,
				5.367,
				1,
				5.4,
				1,
				1,
				5.544,
				1,
				5.689,
				1,
				5.833,
				1,
				1,
				5.878,
				1,
				5.922,
				0.744,
				5.967,
				0.642
			]
		},
		{
			"Target": "Parameter",
			"Id": "ParamEff19",
			"Segments": [
				0,
				0.8,
				1,
				0.422,
				0.8,
				0.844,
				0.853,
				1.267,
				0.9,
				1,
				1.978,
				0.979,
				2.689,
				1,
				3.4,
				1,
				1,
				3.433,
				1,
				3.467,
				0.6,
				3.5,
				0.6,
				1,
				3.533,
				0.6,
				3.567,
				1,
				3.6,
				1,
				1,
				4.389,
				1,
				5.178,
				0.806,
				5.967,
				0.8
			]
		},
		{
			"Target": "Parameter",
			"Id": "ParamEff20",
			"Segments": [
				0,
				1,
				1,
				0.489,
				1,
				0.978,
				1,
				1.467,
				1,
				1,
				1.5,
				1,
				1.533,
				0.6,
				1.567,
				0.6,
				1,
				1.6,
				0.6,
				1.633,
				1,
				1.667,
				1,
				1,
				2.656,
				1,
				3.644,
				0.9,
				4.633,
				0.9,
				1,
				5.078,
				0.9,
				5.522,
				0.995,
				5.967,
				1
			]
		},
		{
			"Target": "Parameter",
			"Id": "ParamEff21",
			"Segments": [
				0,
				1,
				1,
				1.6,
				1,
				3.2,
				1,
				4.8,
				1,
				1,
				4.833,
				1,
				4.867,
				0.6,
				4.9,
				0.6,
				1,
				4.933,
				0.6,
				4.967,
				1,
				5,
				1,
				1,
				5.322,
				1,
				5.644,
				1,
				5.967,
				1
			]
		},
		{
			"Target": "Parameter",
			"Id": "ParamEff22",
			"Segments": [
				0,
				1,
				1,
				0.244,
				1,
				0.489,
				1,
				0.733,
				1,
				1,
				0.767,
				1,
				0.8,
				0.6,
				0.833,
				0.6,
				1,
				0.867,
				0.6,
				0.9,
				1,
				0.933,
				1,
				1,
				1.078,
				1,
				1.222,
				1,
				1.367,
				1,
				1,
				1.4,
				1,
				1.433,
				0.6,
				1.467,
				0.6,
				1,
				1.5,
				0.6,
				1.533,
				1,
				1.567,
				1,
				1,
				1.889,
				1,
				2.211,
				1,
				2.533,
				1,
				1,
				2.567,
				1,
				2.6,
				0.6,
				2.633,
				0.6,
				1,
				2.667,
				0.6,
				2.7,
				1,
				2.733,
				1,
				1,
				3.811,
				1,
				4.889,
				1,
				5.967,
				1
			]
		},
		{
			"Target": "Parameter",
			"Id": "ParamEff23",
			"Segments": [
				0,
				1,
				1,
				0.067,
				1,
				0.133,
				1,
				0.2,
				1,
				1,
				0.233,
				1,
				0.267,
				0.5,
				0.3,
				0.5,
				1,
				0.333,
				0.5,
				0.367,
				1,
				0.4,
				1,
				1,
				0.489,
				1,
				0.578,
				1,
				0.667,
				1,
				1,
				0.7,
				1,
				0.733,
				0.5,
				0.767,
				0.5,
				1,
				0.8,
				0.5,
				0.833,
				1,
				0.867,
				1,
				1,
				2.122,
				1,
				3.378,
				1,
				4.633,
				1,
				1,
				4.667,
				1,
				4.7,
				0.5,
				4.733,
				0.5,
				1,
				4.767,
				0.5,
				4.8,
				1,
				4.833,
				1,
				1,
				5.211,
				1,
				5.589,
				1,
				5.967,
				1
			]
		},
		{
			"Target": "Parameter",
			"Id": "ParamEff24",
			"Segments": [
				0,
				1,
				1,
				0.7,
				1,
				1.4,
				1,
				2.1,
				1,
				1,
				2.133,
				1,
				2.167,
				0.6,
				2.2,
				0.6,
				1,
				2.233,
				0.6,
				2.267,
				1,
				2.3,
				1,
				1,
				2.433,
				1,
				2.567,
				1,
				2.7,
				1,
				1,
				2.733,
				1,
				2.767,
				0.6,
				2.8,
				0.6,
				1,
				2.833,
				0.6,
				2.867,
				1,
				2.9,
				1,
				1,
				3.789,
				1,
				4.678,
				1,
				5.567,
				1,
				1,
				5.6,
				1,
				5.633,
				0.6,
				5.667,
				0.6,
				1,
				5.7,
				0.6,
				5.733,
				1,
				5.767,
				1,
				1,
				5.833,
				1,
				5.9,
				1,
				5.967,
				1
			]
		},
		{
			"Target": "Parameter",
			"Id": "ParamEff25",
			"Segments": [
				0,
				1,
				1,
				0.411,
				1,
				0.822,
				1,
				1.233,
				1,
				1,
				1.267,
				1,
				1.3,
				0.5,
				1.333,
				0.5,
				1,
				1.367,
				0.5,
				1.4,
				1,
				1.433,
				1,
				1,
				1.911,
				1,
				2.389,
				1,
				2.867,
				1,
				1,
				2.9,
				1,
				2.933,
				0.5,
				2.967,
				0.5,
				1,
				3,
				0.5,
				3.033,
				1,
				3.067,
				1,
				1,
				4.033,
				1,
				5,
				1,
				5.967,
				1
			]
		},
		{
			"Target": "Parameter",
			"Id": "ParamEff26",
			"Segments": [
				0,
				0.8,
				1,
				1.333,
				0.8,
				2.667,
				1,
				4,
				1,
				1,
				4.033,
				1,
				4.067,
				0.6,
				4.1,
				0.6,
				1,
				4.133,
				0.6,
				4.167,
				1,
				4.2,
				1,
				1,
				4.589,
				1,
				4.978,
				1,
				5.367,
				1,
				1,
				5.4,
				1,
				5.433,
				0.6,
				5.467,
				0.6,
				1,
				5.5,
				0.6,
				5.533,
				1,
				5.567,
				1,
				1,
				5.7,
				1,
				5.833,
				0.83,
				5.967,
				0.803
			]
		},
		{
			"Target": "Parameter",
			"Id": "ParamEff27",
			"Segments": [
				0,
				1,
				1,
				0.133,
				1,
				0.267,
				1,
				0.4,
				1,
				1,
				0.433,
				1,
				0.467,
				0.5,
				0.5,
				0.5,
				1,
				0.533,
				0.5,
				0.567,
				1,
				0.6,
				1,
				1,
				1.089,
				1,
				1.578,
				1,
				2.067,
				1,
				1,
				2.1,
				1,
				2.133,
				0.5,
				2.167,
				0.5,
				1,
				2.2,
				0.5,
				2.233,
				1,
				2.267,
				1,
				1,
				2.478,
				1,
				2.689,
				1,
				2.9,
				1,
				1,
				2.933,
				1,
				2.967,
				0.5,
				3,
				0.5,
				1,
				3.033,
				0.5,
				3.067,
				1,
				3.1,
				1,
				1,
				4.056,
				1,
				5.011,
				1,
				5.967,
				1
			]
		},
		{
			"Target": "Parameter",
			"Id": "ParamEff28",
			"Segments": [
				0,
				1,
				1,
				0.2,
				1,
				0.4,
				1,
				0.6,
				1,
				1,
				0.633,
				1,
				0.667,
				0.5,
				0.7,
				0.5,
				1,
				0.733,
				0.5,
				0.767,
				1,
				0.8,
				1,
				1,
				1.444,
				1,
				2.089,
				1,
				2.733,
				1,
				1,
				2.767,
				1,
				2.8,
				0.5,
				2.833,
				0.5,
				1,
				2.867,
				0.5,
				2.9,
				1,
				2.933,
				1,
				1,
				3.044,
				1,
				3.156,
				1,
				3.267,
				1,
				1,
				3.3,
				1,
				3.333,
				0.5,
				3.367,
				0.5,
				1,
				3.4,
				0.5,
				3.433,
				1,
				3.467,
				1,
				1,
				4.3,
				1,
				5.133,
				1,
				5.967,
				1
			]
		},
		{
			"Target": "Parameter",
			"Id": "ParamEff29",
			"Segments": [
				0,
				1,
				1,
				0.589,
				1,
				1.178,
				1,
				1.767,
				1,
				1,
				1.8,
				1,
				1.833,
				0.6,
				1.867,
				0.6,
				1,
				1.9,
				0.6,
				1.933,
				1,
				1.967,
				1,
				1,
				2.567,
				1,
				3.167,
				1,
				3.767,
				1,
				1,
				3.8,
				1,
				3.833,
				0.6,
				3.867,
				0.6,
				1,
				3.9,
				0.6,
				3.933,
				1,
				3.967,
				1,
				1,
				4.2,
				1,
				4.433,
				1,
				4.667,
				1,
				1,
				4.7,
				1,
				4.733,
				0.6,
				4.767,
				0.6,
				1,
				4.8,
				0.6,
				4.833,
				1,
				4.867,
				1,
				1,
				5.233,
				1,
				5.6,
				1,
				5.967,
				1
			]
		},
		{
			"Target": "Parameter",
			"Id": "ParamEff30",
			"Segments": [
				0,
				1,
				1,
				0.078,
				1,
				0.156,
				1,
				0.233,
				1,
				1,
				0.267,
				1,
				0.3,
				0.5,
				0.333,
				0.5,
				1,
				0.367,
				0.5,
				0.4,
				1,
				0.433,
				1,
				1,
				0.589,
				1,
				0.744,
				1,
				0.9,
				1,
				1,
				0.933,
				1,
				0.967,
				0.5,
				1,
				0.5,
				1,
				1.033,
				0.5,
				1.067,
				1,
				1.1,
				1,
				1,
				1.7,
				1,
				2.3,
				1,
				2.9,
				1,
				1,
				2.933,
				1,
				2.967,
				0.5,
				3,
				0.5,
				1,
				3.033,
				0.5,
				3.067,
				1,
				3.1,
				1,
				1,
				3.556,
				1,
				4.011,
				0.9,
				4.467,
				0.9,
				1,
				4.967,
				0.9,
				5.467,
				0.996,
				5.967,
				1
			]
		},
		{
			"Target": "Parameter",
			"Id": "ParamEff31",
			"Segments": [
				0,
				1,
				1,
				0.556,
				1,
				1.111,
				1,
				1.667,
				1,
				1,
				1.7,
				1,
				1.733,
				0.6,
				1.767,
				0.6,
				1,
				1.8,
				0.6,
				1.833,
				1,
				1.867,
				1,
				1,
				2.378,
				1,
				2.889,
				0.9,
				3.4,
				0.9,
				1,
				3.878,
				0.9,
				4.356,
				1,
				4.833,
				1,
				1,
				4.867,
				1,
				4.9,
				0.6,
				4.933,
				0.6,
				1,
				4.967,
				0.6,
				5,
				1,
				5.033,
				1,
				1,
				5.189,
				1,
				5.344,
				1,
				5.5,
				1,
				1,
				5.533,
				1,
				5.567,
				0.6,
				5.6,
				0.6,
				1,
				5.633,
				0.6,
				5.667,
				1,
				5.7,
				1,
				1,
				5.789,
				1,
				5.878,
				1,
				5.967,
				1
			]
		},
		{
			"Target": "Parameter",
			"Id": "ParamEff32",
			"Segments": [
				0,
				1,
				1,
				0.456,
				1,
				0.911,
				1,
				1.367,
				1,
				1,
				1.4,
				1,
				1.433,
				0.5,
				1.467,
				0.5,
				1,
				1.5,
				0.5,
				1.533,
				1,
				1.567,
				1,
				1,
				1.689,
				1,
				1.811,
				1,
				1.933,
				1,
				1,
				1.967,
				1,
				2,
				0.5,
				2.033,
				0.5,
				1,
				2.067,
				0.5,
				2.1,
				1,
				2.133,
				1,
				1,
				2.711,
				1,
				3.289,
				0.9,
				3.867,
				0.9,
				1,
				4.378,
				0.9,
				4.889,
				1,
				5.4,
				1,
				1,
				5.433,
				1,
				5.467,
				0.5,
				5.5,
				0.5,
				1,
				5.533,
				0.5,
				5.567,
				1,
				5.6,
				1,
				1,
				5.722,
				1,
				5.844,
				1,
				5.967,
				1
			]
		},
		{
			"Target": "Parameter",
			"Id": "ParamEff33",
			"Segments": [
				0,
				1,
				1,
				0.222,
				1,
				0.444,
				1,
				0.667,
				1,
				1,
				0.7,
				1,
				0.733,
				0.5,
				0.767,
				0.5,
				1,
				0.8,
				0.5,
				0.833,
				1,
				0.867,
				1,
				1,
				1.367,
				1,
				1.867,
				1,
				2.367,
				1,
				1,
				2.4,
				1,
				2.433,
				0.5,
				2.467,
				0.5,
				1,
				2.5,
				0.5,
				2.533,
				1,
				2.567,
				1,
				1,
				3.111,
				1,
				3.656,
				1,
				4.2,
				1,
				1,
				4.233,
				1,
				4.267,
				0.5,
				4.3,
				0.5,
				1,
				4.333,
				0.5,
				4.367,
				1,
				4.4,
				1,
				1,
				4.922,
				1,
				5.444,
				1,
				5.967,
				1
			]
		},
		{
			"Target": "Parameter",
			"Id": "ParamPachi",
			"Segments": [
				0,
				1,
				1,
				1,
				1,
				2,
				1,
				3,
				1,
				1,
				3.022,
				1,
				3.044,
				1,
				3.067,
				1,
				1,
				3.111,
				1,
				3.156,
				0,
				3.2,
				0,
				1,
				3.244,
				0,
				3.289,
				1,
				3.333,
				1,
				1,
				4.211,
				1,
				5.089,
				1,
				5.967,
				1
			]
		},
		{
			"Target": "Parameter",
			"Id": "ParamLegL1",
			"Segments": [
				0,
				0,
				1,
				0.011,
				0,
				0.022,
				0.221,
				0.033,
				0.302,
				1,
				0.378,
				2.814,
				0.722,
				4,
				1.067,
				4,
				1,
				1.567,
				4,
				2.067,
				2.667,
				2.567,
				0,
				1,
				3.067,
				-2.667,
				3.567,
				-4,
				4.067,
				-4,
				1,
				4.7,
				-4,
				5.333,
				-2.853,
				5.967,
				-0.453
			]
		},
		{
			"Target": "Parameter",
			"Id": "ParamLegL2",
			"Segments": [
				0,
				0,
				1,
				0.011,
				0,
				0.022,
				0.233,
				0.033,
				0.302,
				1,
				0.433,
				2.811,
				0.833,
				4,
				1.233,
				4,
				1,
				1.733,
				4,
				2.233,
				2.667,
				2.733,
				0,
				1,
				3.233,
				-2.667,
				3.733,
				-4,
				4.233,
				-4,
				1,
				4.811,
				-4,
				5.389,
				-2.855,
				5.967,
				-0.453
			]
		},
		{
			"Target": "Parameter",
			"Id": "ParamLegR1",
			"Segments": [
				0,
				0,
				1,
				0.011,
				0,
				0.022,
				0.257,
				0.033,
				0.302,
				1,
				0.644,
				2.801,
				1.256,
				4,
				1.867,
				4,
				1,
				2.367,
				4,
				2.867,
				2.667,
				3.367,
				0,
				1,
				3.867,
				-2.667,
				4.367,
				-4,
				4.867,
				-4,
				1,
				5.233,
				-4,
				5.6,
				-2.87,
				5.967,
				-0.453
			]
		},
		{
			"Target": "Parameter",
			"Id": "ParamLegR2",
			"Segments": [
				0,
				0,
				1,
				0.011,
				0,
				0.022,
				0.261,
				0.033,
				0.302,
				1,
				0.7,
				2.799,
				1.367,
				4,
				2.033,
				4,
				1,
				2.533,
				4,
				3.033,
				2.667,
				3.533,
				0,
				1,
				4.033,
				-2.667,
				4.533,
				-4,
				5.033,
				-4,
				1,
				5.344,
				-4,
				5.656,
				-2.876,
				5.967,
				-0.453
			]
		},
		{
			"Target": "Parameter",
			"Id": "ParamEyeRL",
			"Segments": [
				0,
				0,
				1,
				0.033,
				0,
				0.067,
				6,
				0.1,
				6,
				1,
				0.122,
				6,
				0.144,
				6,
				0.167,
				6,
				1,
				0.222,
				6,
				0.278,
				-6,
				0.333,
				-6,
				1,
				0.356,
				-6,
				0.378,
				10.768,
				0.4,
				13,
				1,
				0.422,
				15.232,
				0.444,
				15,
				0.467,
				15,
				1,
				0.489,
				15,
				0.511,
				-9,
				0.533,
				-9,
				1,
				0.567,
				-9,
				0.6,
				-7.568,
				0.633,
				-4,
				1,
				0.656,
				-1.621,
				0.678,
				3.453,
				0.7,
				4,
				1,
				0.722,
				4.547,
				0.744,
				4.489,
				0.767,
				5,
				1,
				0.789,
				5.511,
				0.811,
				7,
				0.833,
				7,
				1,
				0.867,
				7,
				0.9,
				-11,
				0.933,
				-11,
				1,
				0.956,
				-11,
				0.978,
				7,
				1,
				7,
				1,
				1.022,
				7,
				1.044,
				-6,
				1.067,
				-6,
				1,
				1.078,
				-6,
				1.089,
				6,
				1.1,
				6,
				1,
				1.133,
				6,
				1.167,
				5.932,
				1.2,
				4,
				1,
				1.222,
				2.712,
				1.244,
				-9,
				1.267,
				-9,
				1,
				1.311,
				-9,
				1.356,
				0,
				1.4,
				0,
				1,
				1.411,
				0,
				1.422,
				-2,
				1.433,
				-2,
				1,
				1.456,
				-2,
				1.478,
				6,
				1.5,
				6,
				1,
				1.522,
				6,
				1.544,
				6,
				1.567,
				6,
				1,
				1.589,
				6,
				1.611,
				-4,
				1.633,
				-4,
				1,
				1.689,
				-4,
				1.744,
				6.579,
				1.8,
				13,
				1,
				1.822,
				15.568,
				1.844,
				15,
				1.867,
				15,
				1,
				1.889,
				15,
				1.911,
				-9,
				1.933,
				-9,
				1,
				1.956,
				-9,
				1.978,
				8,
				2,
				8,
				1,
				2.033,
				8,
				2.067,
				4,
				2.1,
				4,
				1,
				2.122,
				4,
				2.144,
				4.126,
				2.167,
				5,
				1,
				2.189,
				5.874,
				2.211,
				7,
				2.233,
				7,
				1,
				2.267,
				7,
				2.3,
				-11,
				2.333,
				-11,
				1,
				2.356,
				-11,
				2.378,
				7,
				2.4,
				7,
				1,
				2.422,
				7,
				2.444,
				-6,
				2.467,
				-6,
				1,
				2.5,
				-6,
				2.533,
				-5.548,
				2.567,
				-2,
				1,
				2.589,
				0.365,
				2.611,
				6,
				2.633,
				6,
				1,
				2.656,
				6,
				2.678,
				6,
				2.7,
				6,
				1,
				2.722,
				6,
				2.744,
				-2.728,
				2.767,
				-4,
				1,
				2.8,
				-5.909,
				2.833,
				-6,
				2.867,
				-6,
				1,
				2.911,
				-6,
				2.956,
				15,
				3,
				15,
				1,
				3.022,
				15,
				3.044,
				-9,
				3.067,
				-9,
				1,
				3.089,
				-9,
				3.111,
				8,
				3.133,
				8,
				1,
				3.144,
				8,
				3.156,
				-4,
				3.167,
				-4,
				1,
				3.189,
				-4,
				3.211,
				2.919,
				3.233,
				4,
				1,
				3.256,
				5.081,
				3.278,
				5,
				3.3,
				5,
				1,
				3.356,
				5,
				3.411,
				-11,
				3.467,
				-11,
				1,
				3.489,
				-11,
				3.511,
				7,
				3.533,
				7,
				1,
				3.556,
				7,
				3.578,
				-6,
				3.6,
				-6,
				1,
				3.611,
				-6,
				3.622,
				6,
				3.633,
				6,
				1,
				3.667,
				6,
				3.7,
				4,
				3.733,
				4,
				1,
				3.767,
				4,
				3.8,
				8,
				3.833,
				8,
				1,
				3.867,
				8,
				3.9,
				-4,
				3.933,
				-4,
				1,
				3.978,
				-4,
				4.022,
				7.873,
				4.067,
				13,
				1,
				4.089,
				15.563,
				4.111,
				15,
				4.133,
				15,
				1,
				4.156,
				15,
				4.178,
				-9,
				4.2,
				-9,
				1,
				4.222,
				-9,
				4.244,
				8,
				4.267,
				8,
				1,
				4.3,
				8,
				4.333,
				4,
				4.367,
				4,
				1,
				4.389,
				4,
				4.411,
				4.126,
				4.433,
				5,
				1,
				4.456,
				5.874,
				4.478,
				7,
				4.5,
				7,
				1,
				4.533,
				7,
				4.567,
				-11,
				4.6,
				-11,
				1,
				4.622,
				-11,
				4.644,
				7,
				4.667,
				7,
				1,
				4.689,
				7,
				4.711,
				-6,
				4.733,
				-6,
				1,
				4.767,
				-6,
				4.8,
				-5.548,
				4.833,
				-2,
				1,
				4.856,
				0.365,
				4.878,
				6,
				4.9,
				6,
				1,
				4.922,
				6,
				4.944,
				6,
				4.967,
				6,
				1,
				4.989,
				6,
				5.011,
				-2.728,
				5.033,
				-4,
				1,
				5.067,
				-5.909,
				5.1,
				-6,
				5.133,
				-6,
				1,
				5.178,
				-6,
				5.222,
				15,
				5.267,
				15,
				1,
				5.289,
				15,
				5.311,
				-9,
				5.333,
				-9,
				1,
				5.356,
				-9,
				5.378,
				8,
				5.4,
				8,
				1,
				5.411,
				8,
				5.422,
				-4,
				5.433,
				-4,
				1,
				5.456,
				-4,
				5.478,
				2.919,
				5.5,
				4,
				1,
				5.522,
				5.081,
				5.544,
				5,
				5.567,
				5,
				1,
				5.622,
				5,
				5.678,
				-11,
				5.733,
				-11,
				1,
				5.756,
				-11,
				5.778,
				7,
				5.8,
				7,
				1,
				5.822,
				7,
				5.844,
				-6,
				5.867,
				-6,
				1,
				5.878,
				-6,
				5.889,
				6,
				5.9,
				6,
				1,
				5.922,
				6,
				5.944,
				5.111,
				5.967,
				4.519
			]
		},
		{
			"Target": "Parameter",
			"Id": "ParamEyeUD",
			"Segments": [
				0,
				0,
				1,
				0.033,
				0,
				0.067,
				4,
				0.1,
				4,
				1,
				0.122,
				4,
				0.144,
				-14.649,
				0.167,
				-15,
				1,
				0.222,
				-15.877,
				0.278,
				-16,
				0.333,
				-16,
				1,
				0.356,
				-16,
				0.378,
				-16.239,
				0.4,
				-14,
				1,
				0.422,
				-11.761,
				0.444,
				6,
				0.467,
				6,
				1,
				0.489,
				6,
				0.511,
				2,
				0.533,
				2,
				1,
				0.567,
				2,
				0.6,
				10,
				0.633,
				10,
				1,
				0.656,
				10,
				0.678,
				-2,
				0.7,
				-2,
				1,
				0.722,
				-2,
				0.744,
				-1.933,
				0.767,
				0,
				1,
				0.789,
				1.933,
				0.811,
				6,
				0.833,
				6,
				1,
				0.867,
				6,
				0.9,
				6,
				0.933,
				6,
				1,
				0.956,
				6,
				0.978,
				10,
				1,
				10,
				1,
				1.022,
				10,
				1.044,
				-10,
				1.067,
				-10,
				1,
				1.078,
				-10,
				1.089,
				5,
				1.1,
				5,
				1,
				1.133,
				5,
				1.167,
				-11,
				1.2,
				-11,
				1,
				1.222,
				-11,
				1.244,
				2,
				1.267,
				2,
				1,
				1.311,
				2,
				1.356,
				1.576,
				1.4,
				0,
				1,
				1.411,
				-0.394,
				1.422,
				-8,
				1.433,
				-8,
				1,
				1.456,
				-8,
				1.478,
				4,
				1.5,
				4,
				1,
				1.522,
				4,
				1.544,
				-15,
				1.567,
				-15,
				1,
				1.589,
				-15,
				1.611,
				6,
				1.633,
				6,
				1,
				1.689,
				6,
				1.744,
				-14,
				1.8,
				-14,
				1,
				1.822,
				-14,
				1.844,
				6,
				1.867,
				6,
				1,
				1.889,
				6,
				1.911,
				4.667,
				1.933,
				2,
				1,
				1.956,
				-0.667,
				1.978,
				-2,
				2,
				-2,
				1,
				2.033,
				-2,
				2.067,
				-2,
				2.1,
				-2,
				1,
				2.122,
				-2,
				2.144,
				-1.933,
				2.167,
				0,
				1,
				2.189,
				1.933,
				2.211,
				6,
				2.233,
				6,
				1,
				2.267,
				6,
				2.3,
				6,
				2.333,
				6,
				1,
				2.356,
				6,
				2.378,
				10,
				2.4,
				10,
				1,
				2.422,
				10,
				2.444,
				-10,
				2.467,
				-10,
				1,
				2.5,
				-10,
				2.533,
				-9.926,
				2.567,
				-8,
				1,
				2.589,
				-6.716,
				2.611,
				4,
				2.633,
				4,
				1,
				2.656,
				4,
				2.678,
				-15,
				2.7,
				-15,
				1,
				2.722,
				-15,
				2.744,
				6,
				2.767,
				6,
				1,
				2.8,
				6,
				2.833,
				-16,
				2.867,
				-16,
				1,
				2.911,
				-16,
				2.956,
				6,
				3,
				6,
				1,
				3.022,
				6,
				3.044,
				4.667,
				3.067,
				2,
				1,
				3.089,
				-0.667,
				3.111,
				-2,
				3.133,
				-2,
				1,
				3.144,
				-2,
				3.156,
				10,
				3.167,
				10,
				1,
				3.189,
				10,
				3.211,
				-2,
				3.233,
				-2,
				1,
				3.256,
				-2,
				3.278,
				-0.897,
				3.3,
				0,
				1,
				3.356,
				2.242,
				3.411,
				3.568,
				3.467,
				6,
				1,
				3.489,
				6.973,
				3.511,
				10,
				3.533,
				10,
				1,
				3.556,
				10,
				3.578,
				-10,
				3.6,
				-10,
				1,
				3.611,
				-10,
				3.622,
				5,
				3.633,
				5,
				1,
				3.667,
				5,
				3.7,
				-11,
				3.733,
				-11,
				1,
				3.767,
				-11,
				3.8,
				-11.218,
				3.833,
				-8,
				1,
				3.867,
				-4.782,
				3.9,
				10,
				3.933,
				10,
				1,
				3.978,
				10,
				4.022,
				-14,
				4.067,
				-14,
				1,
				4.089,
				-14,
				4.111,
				6,
				4.133,
				6,
				1,
				4.156,
				6,
				4.178,
				4.667,
				4.2,
				2,
				1,
				4.222,
				-0.667,
				4.244,
				-2,
				4.267,
				-2,
				1,
				4.3,
				-2,
				4.333,
				-2,
				4.367,
				-2,
				1,
				4.389,
				-2,
				4.411,
				-1.933,
				4.433,
				0,
				1,
				4.456,
				1.933,
				4.478,
				6,
				4.5,
				6,
				1,
				4.533,
				6,
				4.567,
				6,
				4.6,
				6,
				1,
				4.622,
				6,
				4.644,
				10,
				4.667,
				10,
				1,
				4.689,
				10,
				4.711,
				-10,
				4.733,
				-10,
				1,
				4.767,
				-10,
				4.8,
				-9.926,
				4.833,
				-8,
				1,
				4.856,
				-6.716,
				4.878,
				4,
				4.9,
				4,
				1,
				4.922,
				4,
				4.944,
				-15,
				4.967,
				-15,
				1,
				4.989,
				-15,
				5.011,
				6,
				5.033,
				6,
				1,
				5.067,
				6,
				5.1,
				-16,
				5.133,
				-16,
				1,
				5.178,
				-16,
				5.222,
				6,
				5.267,
				6,
				1,
				5.289,
				6,
				5.311,
				4.667,
				5.333,
				2,
				1,
				5.356,
				-0.667,
				5.378,
				-2,
				5.4,
				-2,
				1,
				5.411,
				-2,
				5.422,
				10,
				5.433,
				10,
				1,
				5.456,
				10,
				5.478,
				-2,
				5.5,
				-2,
				1,
				5.522,
				-2,
				5.544,
				-0.897,
				5.567,
				0,
				1,
				5.622,
				2.242,
				5.678,
				3.568,
				5.733,
				6,
				1,
				5.756,
				6.973,
				5.778,
				10,
				5.8,
				10,
				1,
				5.822,
				10,
				5.844,
				-10,
				5.867,
				-10,
				1,
				5.878,
				-10,
				5.889,
				5,
				5.9,
				5,
				1,
				5.922,
				5,
				5.944,
				-2.111,
				5.967,
				-6.852
			]
		},
		{
			"Target": "Parameter",
			"Id": "ParamEyeBS",
			"Segments": [
				0,
				0,
				1,
				0.033,
				0,
				0.067,
				7,
				0.1,
				7,
				1,
				0.122,
				7,
				0.144,
				-19,
				0.167,
				-19,
				1,
				0.211,
				-19,
				0.256,
				18,
				0.3,
				18,
				1,
				0.322,
				18,
				0.344,
				-14,
				0.367,
				-14,
				1,
				0.389,
				-14,
				0.411,
				-8,
				0.433,
				4,
				1,
				0.456,
				16,
				0.478,
				22,
				0.5,
				22,
				1,
				0.556,
				22,
				0.611,
				21.173,
				0.667,
				16,
				1,
				0.689,
				13.931,
				0.711,
				-8,
				0.733,
				-8,
				1,
				0.756,
				-8,
				0.778,
				-8.268,
				0.8,
				-6,
				1,
				0.822,
				-3.732,
				0.844,
				19,
				0.867,
				19,
				1,
				0.889,
				19,
				0.911,
				-19,
				0.933,
				-19,
				1,
				0.967,
				-19,
				1,
				12,
				1.033,
				12,
				1,
				1.089,
				12,
				1.144,
				12,
				1.2,
				12,
				1,
				1.222,
				12,
				1.244,
				-6,
				1.267,
				-6,
				1,
				1.289,
				-6,
				1.311,
				0,
				1.333,
				0,
				1,
				1.344,
				0,
				1.356,
				-21,
				1.367,
				-21,
				1,
				1.389,
				-21,
				1.411,
				7,
				1.433,
				7,
				1,
				1.456,
				7,
				1.478,
				-19,
				1.5,
				-19,
				1,
				1.522,
				-19,
				1.544,
				13.697,
				1.567,
				16,
				1,
				1.589,
				18.303,
				1.611,
				18,
				1.633,
				18,
				1,
				1.678,
				18,
				1.722,
				4,
				1.767,
				4,
				1,
				1.789,
				4,
				1.811,
				22,
				1.833,
				22,
				1,
				1.856,
				22,
				1.878,
				-18,
				1.9,
				-18,
				1,
				1.911,
				-18,
				1.922,
				-13.543,
				1.933,
				-6,
				1,
				1.956,
				9.085,
				1.978,
				16,
				2,
				16,
				1,
				2.022,
				16,
				2.044,
				-8,
				2.067,
				-8,
				1,
				2.089,
				-8,
				2.111,
				-8.268,
				2.133,
				-6,
				1,
				2.156,
				-3.732,
				2.178,
				19,
				2.2,
				19,
				1,
				2.222,
				19,
				2.244,
				-19,
				2.267,
				-19,
				1,
				2.3,
				-19,
				2.333,
				12,
				2.367,
				12,
				1,
				2.4,
				12,
				2.433,
				-0.285,
				2.467,
				-10,
				1,
				2.5,
				-19.715,
				2.533,
				-21,
				2.567,
				-21,
				1,
				2.589,
				-21,
				2.611,
				7,
				2.633,
				7,
				1,
				2.656,
				7,
				2.678,
				-19,
				2.7,
				-19,
				1,
				2.722,
				-19,
				2.744,
				13.697,
				2.767,
				16,
				1,
				2.789,
				18.303,
				2.811,
				18,
				2.833,
				18,
				1,
				2.856,
				18,
				2.878,
				-14,
				2.9,
				-14,
				1,
				2.922,
				-14,
				2.944,
				-8,
				2.967,
				4,
				1,
				2.989,
				16,
				3.011,
				22,
				3.033,
				22,
				1,
				3.056,
				22,
				3.078,
				-18,
				3.1,
				-18,
				1,
				3.111,
				-18,
				3.122,
				-13.543,
				3.133,
				-6,
				1,
				3.156,
				9.085,
				3.178,
				16,
				3.2,
				16,
				1,
				3.222,
				16,
				3.244,
				-8,
				3.267,
				-8,
				1,
				3.289,
				-8,
				3.311,
				-6,
				3.333,
				-6,
				1,
				3.378,
				-6,
				3.422,
				-19,
				3.467,
				-19,
				1,
				3.5,
				-19,
				3.533,
				12,
				3.567,
				12,
				1,
				3.6,
				12,
				3.633,
				-10,
				3.667,
				-10,
				1,
				3.689,
				-10,
				3.711,
				12,
				3.733,
				12,
				1,
				3.756,
				12,
				3.778,
				-6,
				3.8,
				-6,
				1,
				3.822,
				-6,
				3.844,
				11,
				3.867,
				11,
				1,
				3.922,
				11,
				3.978,
				4,
				4.033,
				4,
				1,
				4.056,
				4,
				4.078,
				22,
				4.1,
				22,
				1,
				4.122,
				22,
				4.144,
				-18,
				4.167,
				-18,
				1,
				4.178,
				-18,
				4.189,
				-13.543,
				4.2,
				-6,
				1,
				4.222,
				9.085,
				4.244,
				16,
				4.267,
				16,
				1,
				4.289,
				16,
				4.311,
				-8,
				4.333,
				-8,
				1,
				4.356,
				-8,
				4.378,
				-8.268,
				4.4,
				-6,
				1,
				4.422,
				-3.732,
				4.444,
				19,
				4.467,
				19,
				1,
				4.489,
				19,
				4.511,
				-19,
				4.533,
				-19,
				1,
				4.567,
				-19,
				4.6,
				12,
				4.633,
				12,
				1,
				4.667,
				12,
				4.7,
				-0.285,
				4.733,
				-10,
				1,
				4.767,
				-19.715,
				4.8,
				-21,
				4.833,
				-21,
				1,
				4.856,
				-21,
				4.878,
				7,
				4.9,
				7,
				1,
				4.922,
				7,
				4.944,
				-19,
				4.967,
				-19,
				1,
				4.989,
				-19,
				5.011,
				13.697,
				5.033,
				16,
				1,
				5.056,
				18.303,
				5.078,
				18,
				5.1,
				18,
				1,
				5.122,
				18,
				5.144,
				-14,
				5.167,
				-14,
				1,
				5.189,
				-14,
				5.211,
				-8,
				5.233,
				4,
				1,
				5.256,
				16,
				5.278,
				22,
				5.3,
				22,
				1,
				5.322,
				22,
				5.344,
				-18,
				5.367,
				-18,
				1,
				5.378,
				-18,
				5.389,
				-13.543,
				5.4,
				-6,
				1,
				5.422,
				9.085,
				5.444,
				16,
				5.467,
				16,
				1,
				5.489,
				16,
				5.511,
				-8,
				5.533,
				-8,
				1,
				5.556,
				-8,
				5.578,
				-6,
				5.6,
				-6,
				1,
				5.644,
				-6,
				5.689,
				-19,
				5.733,
				-19,
				1,
				5.767,
				-19,
				5.8,
				12,
				5.833,
				12,
				1,
				5.867,
				12,
				5.9,
				-10,
				5.933,
				-10,
				1,
				5.944,
				-10,
				5.956,
				-4.5,
				5.967,
				1
			]
		},
		{
			"Target": "Parameter",
			"Id": "ParamPaiRY",
			"Segments": [
				0,
				0,
				1,
				0.011,
				0,
				0.022,
				-0.233,
				0.033,
				-0.428,
				1,
				0.544,
				-9.382,
				1.056,
				-13.77,
				1.567,
				-13.77,
				1,
				1.989,
				-13.77,
				2.411,
				-12.018,
				2.833,
				-7.501,
				1,
				3.022,
				-5.481,
				3.211,
				-2.295,
				3.4,
				-0.084,
				1,
				3.822,
				4.86,
				4.244,
				7,
				4.667,
				7,
				1,
				5.1,
				7,
				5.533,
				4.82,
				5.967,
				0.311
			]
		},
		{
			"Target": "Parameter",
			"Id": "ParamPaiRX",
			"Segments": [
				0,
				0,
				1,
				0.011,
				0,
				0.022,
				0.305,
				0.033,
				0.457,
				1,
				0.367,
				5.021,
				0.7,
				7.196,
				1.033,
				7.196,
				1,
				1.533,
				7.196,
				2.033,
				-2.884,
				2.533,
				-2.884,
				1,
				2.822,
				-2.884,
				3.111,
				-0.084,
				3.4,
				-0.084,
				1,
				3.822,
				-0.084,
				4.244,
				-9,
				4.667,
				-9,
				1,
				5.1,
				-9,
				5.533,
				-6.238,
				5.967,
				-0.487
			]
		},
		{
			"Target": "Parameter",
			"Id": "ParamPaiRY2",
			"Segments": [
				0,
				0,
				1,
				0.011,
				0,
				0.022,
				-0.755,
				0.033,
				-0.869,
				1,
				0.556,
				-6.25,
				1.078,
				-8.815,
				1.6,
				-8.815,
				1,
				2.033,
				-8.815,
				2.467,
				-4.16,
				2.9,
				0,
				1,
				3.489,
				5.653,
				4.078,
				7,
				4.667,
				7,
				1,
				5.1,
				7,
				5.533,
				4.827,
				5.967,
				0.325
			]
		},
		{
			"Target": "Parameter",
			"Id": "ParamPaiRX2",
			"Segments": [
				0,
				0,
				1,
				0.011,
				0,
				0.022,
				0.266,
				0.033,
				0.305,
				1,
				0.433,
				1.7,
				0.833,
				2.352,
				1.233,
				2.352,
				1,
				1.789,
				2.352,
				2.344,
				1.945,
				2.9,
				0,
				1,
				3.489,
				-2.061,
				4.078,
				-4,
				4.667,
				-4,
				1,
				5.1,
				-4,
				5.533,
				-2.917,
				5.967,
				-0.608
			]
		},
		{
			"Target": "Parameter",
			"Id": "ParamPaiLY",
			"Segments": [
				0,
				1,
				1,
				0.011,
				1,
				0.022,
				0.738,
				0.033,
				0.506,
				1,
				0.556,
				-10.38,
				1.078,
				-15.724,
				1.6,
				-15.724,
				1,
				2.089,
				-15.724,
				2.578,
				-9.78,
				3.067,
				0,
				1,
				3.567,
				10.002,
				4.067,
				14.091,
				4.567,
				14.091,
				1,
				5.033,
				14.091,
				5.5,
				9.958,
				5.967,
				1.48
			]
		},
		{
			"Target": "Parameter",
			"Id": "ParamPaiLX",
			"Segments": [
				0,
				-16,
				1,
				0.544,
				-16,
				1.089,
				-26.119,
				1.633,
				-26.119,
				1,
				2.111,
				-26.119,
				2.589,
				4.321,
				3.067,
				4.321,
				1,
				3.3,
				4.321,
				3.533,
				-2.711,
				3.767,
				-9.362,
				1,
				4.211,
				-22.032,
				4.656,
				-26.119,
				5.1,
				-26.119,
				1,
				5.389,
				-26.119,
				5.678,
				-16.736,
				5.967,
				-16.041
			]
		},
		{
			"Target": "Parameter",
			"Id": "ParamPaiLY2",
			"Segments": [
				0,
				0,
				1,
				0.6,
				0,
				1.2,
				-18.206,
				1.8,
				-18.206,
				1,
				2.022,
				-18.206,
				2.244,
				-14.551,
				2.467,
				-11.085,
				1,
				2.756,
				-6.578,
				3.044,
				-2.705,
				3.333,
				0.175,
				1,
				3.533,
				2.169,
				3.733,
				2.424,
				3.933,
				2.424,
				1,
				4.367,
				2.424,
				4.8,
				-2.078,
				5.233,
				-2.078,
				1,
				5.478,
				-2.078,
				5.722,
				-0.177,
				5.967,
				-0.011
			]
		},
		{
			"Target": "Parameter",
			"Id": "ParamPaiLX2",
			"Segments": [
				0,
				-12,
				1,
				0.511,
				-12,
				1.022,
				2.86,
				1.533,
				2.86,
				1,
				1.856,
				2.86,
				2.178,
				-5.438,
				2.5,
				-5.438,
				1,
				2.833,
				-5.438,
				3.167,
				-0.517,
				3.5,
				-0.517,
				1,
				3.867,
				-0.517,
				4.233,
				-0.876,
				4.6,
				-2.424,
				1,
				4.833,
				-3.409,
				5.067,
				-4.856,
				5.3,
				-6.925,
				1,
				5.522,
				-8.897,
				5.744,
				-11.716,
				5.967,
				-11.98
			]
		},
		{
			"Target": "Parameter",
			"Id": "ParamBreat",
			"Segments": [
				0,
				0.5,
				1,
				0.5,
				0.5,
				1,
				1,
				1.5,
				1,
				1,
				2,
				1,
				2.5,
				0.833,
				3,
				0.5,
				1,
				3.5,
				0.167,
				4,
				0,
				4.5,
				0,
				1,
				4.989,
				0,
				5.478,
				0.478,
				5.967,
				0.499
			]
		},
		{
			"Target": "Parameter",
			"Id": "ParamPaiRibonX",
			"Segments": [
				0,
				0,
				1,
				0.533,
				0,
				1.067,
				0,
				1.6,
				0,
				1,
				2.1,
				0,
				2.6,
				0,
				3.1,
				0,
				1,
				3.6,
				0,
				4.1,
				0,
				4.6,
				0,
				1,
				5.056,
				0,
				5.511,
				0,
				5.967,
				0
			]
		},
		{
			"Target": "Parameter",
			"Id": "ParamPaiRibonY",
			"Segments": [
				0,
				0,
				1,
				0.011,
				0,
				0.022,
				0.127,
				0.033,
				0.196,
				1,
				0.556,
				3.431,
				1.078,
				5,
				1.6,
				5,
				1,
				2.1,
				5,
				2.6,
				3.333,
				3.1,
				0,
				1,
				3.6,
				-3.333,
				4.1,
				-5,
				4.6,
				-5,
				1,
				5.056,
				-5,
				5.511,
				-3.43,
				5.967,
				-0.198
			]
		},
		{
			"Target": "Parameter",
			"Id": "ParamRibonX",
			"Segments": [
				0,
				0,
				1,
				0.011,
				0,
				0.022,
				0,
				0.033,
				0,
				1,
				0.556,
				0,
				1.078,
				0,
				1.6,
				0,
				1,
				2.1,
				0,
				2.6,
				0,
				3.1,
				0,
				1,
				3.6,
				0,
				4.1,
				0,
				4.6,
				0,
				1,
				5.056,
				0,
				5.511,
				0,
				5.967,
				0
			]
		},
		{
			"Target": "Parameter",
			"Id": "ParamRibonY",
			"Segments": [
				0,
				0,
				1,
				0.011,
				0,
				0.022,
				-0.086,
				0.033,
				-0.113,
				1,
				0.556,
				-1.388,
				1.078,
				-2,
				1.6,
				-2,
				1,
				2.1,
				-2,
				2.6,
				-0.889,
				3.1,
				0,
				1,
				3.6,
				0.889,
				4.1,
				1,
				4.6,
				1,
				1,
				5.056,
				1,
				5.511,
				0.698,
				5.967,
				0.064
			]
		},
		{
			"Target": "Parameter",
			"Id": "ParamTwin",
			"Segments": [
				0,
				0,
				1,
				0.5,
				0,
				1,
				12,
				1.5,
				12,
				1,
				2,
				12,
				2.5,
				8.319,
				3,
				0,
				1,
				3.5,
				-8.319,
				4,
				-13,
				4.5,
				-13,
				1,
				4.989,
				-13,
				5.478,
				-0.571,
				5.967,
				-0.019
			]
		},
		{
			"Target": "Parameter",
			"Id": "Param_Angle_Rotation2",
			"Segments": [
				0,
				0,
				1,
				0.011,
				0,
				0.022,
				-0.188,
				0.033,
				-0.246,
				1,
				0.522,
				-2.785,
				1.011,
				-4,
				1.5,
				-4,
				1,
				2,
				-4,
				2.5,
				-2.285,
				3,
				0,
				1,
				3.5,
				2.285,
				4,
				3,
				4.5,
				3,
				1,
				4.989,
				3,
				5.478,
				2.089,
				5.967,
				0.184
			]
		},
		{
			"Target": "Parameter",
			"Id": "Param_Angle_Rotation3",
			"Segments": [
				0,
				0.63,
				1,
				0.022,
				0.63,
				0.044,
				0.44,
				0.067,
				0.329,
				1,
				0.656,
				-2.605,
				1.244,
				-4,
				1.833,
				-4,
				1,
				2.333,
				-4,
				2.833,
				-2.963,
				3.333,
				0,
				1,
				3.833,
				2.963,
				4.333,
				5,
				4.833,
				5,
				1,
				5.211,
				5,
				5.589,
				3.863,
				5.967,
				0.897
			]
		},
		{
			"Target": "Parameter",
			"Id": "Param_Angle_Rotation4",
			"Segments": [
				0,
				2.08,
				1,
				0.022,
				2.08,
				0.044,
				1.8,
				0.067,
				1.695,
				1,
				0.256,
				0.802,
				0.444,
				-0.014,
				0.633,
				-0.812,
				1,
				1.144,
				-2.972,
				1.656,
				-4,
				2.167,
				-4,
				1,
				2.667,
				-4,
				3.167,
				-2.963,
				3.667,
				0,
				1,
				4.167,
				2.963,
				4.667,
				5,
				5.167,
				5,
				1,
				5.433,
				5,
				5.7,
				4.502,
				5.967,
				2.357
			]
		},
		{
			"Target": "Parameter",
			"Id": "Param_Angle_Rotation6",
			"Segments": [
				0,
				0,
				1,
				0.011,
				0,
				0.022,
				0.285,
				0.033,
				0.341,
				1,
				0.522,
				2.821,
				1.011,
				4,
				1.5,
				4,
				1,
				2,
				4,
				2.5,
				3.198,
				3,
				0,
				1,
				3.5,
				-3.198,
				4,
				-6,
				4.5,
				-6,
				1,
				4.989,
				-6,
				5.478,
				-4.151,
				5.967,
				-0.309
			]
		},
		{
			"Target": "Parameter",
			"Id": "Param_Angle_Rotation7",
			"Segments": [
				0,
				-0.63,
				1,
				0.011,
				-0.63,
				0.022,
				-0.5,
				0.033,
				-0.447,
				1,
				0.122,
				-0.021,
				0.211,
				0.366,
				0.3,
				0.746,
				1,
				0.811,
				2.932,
				1.322,
				4,
				1.833,
				4,
				1,
				2.333,
				4,
				2.833,
				2.963,
				3.333,
				0,
				1,
				3.833,
				-2.963,
				4.333,
				-5,
				4.833,
				-5,
				1,
				5.211,
				-5,
				5.589,
				-3.855,
				5.967,
				-0.896
			]
		},
		{
			"Target": "Parameter",
			"Id": "Param_Angle_Rotation8",
			"Segments": [
				0,
				-1.67,
				1,
				0.011,
				-1.67,
				0.022,
				-1.562,
				0.033,
				-1.489,
				1,
				0.156,
				-0.689,
				0.278,
				0.105,
				0.4,
				0.829,
				1,
				0.989,
				4.321,
				1.578,
				6,
				2.167,
				6,
				1,
				2.667,
				6,
				3.167,
				3.198,
				3.667,
				0,
				1,
				4.167,
				-3.198,
				4.667,
				-4,
				5.167,
				-4,
				1,
				5.433,
				-4,
				5.7,
				-3.597,
				5.967,
				-1.89
			]
		},
		{
			"Target": "Parameter",
			"Id": "Param_Angle_Rotation10",
			"Segments": [
				0,
				0,
				1,
				0.011,
				0,
				0.022,
				0.033,
				0.033,
				0.063,
				1,
				0.522,
				1.363,
				1.011,
				2,
				1.5,
				2,
				1,
				2,
				2,
				2.5,
				1.777,
				3,
				0,
				1,
				3.5,
				-1.777,
				4,
				-4,
				4.5,
				-4,
				1,
				4.989,
				-4,
				5.478,
				-2.759,
				5.967,
				-0.186
			]
		},
		{
			"Target": "Parameter",
			"Id": "Param_Angle_Rotation11",
			"Segments": [
				0,
				-0.5,
				1,
				0.011,
				-0.5,
				0.022,
				-0.393,
				0.033,
				-0.324,
				1,
				0.122,
				0.225,
				0.211,
				0.697,
				0.3,
				1.244,
				1,
				0.811,
				4.389,
				1.322,
				6,
				1.833,
				6,
				1,
				2.333,
				6,
				2.833,
				3.198,
				3.333,
				0,
				1,
				3.833,
				-3.198,
				4.333,
				-4,
				4.833,
				-4,
				1,
				5.211,
				-4,
				5.589,
				-3.108,
				5.967,
				-0.715
			]
		},
		{
			"Target": "Parameter",
			"Id": "Param_Angle_Rotation12",
			"Segments": [
				0,
				-1.67,
				1,
				0.011,
				-1.67,
				0.022,
				-1.537,
				0.033,
				-1.486,
				1,
				0.178,
				-0.826,
				0.322,
				-0.205,
				0.467,
				0.41,
				1,
				1.033,
				2.82,
				1.6,
				4,
				2.167,
				4,
				1,
				2.667,
				4,
				3.167,
				2.667,
				3.667,
				0,
				1,
				4.167,
				-2.667,
				4.667,
				-4,
				5.167,
				-4,
				1,
				5.433,
				-4,
				5.7,
				-3.627,
				5.967,
				-1.894
			]
		},
		{
			"Target": "Parameter",
			"Id": "Param_Angle_Rotation13",
			"Segments": [
				0,
				-2.96,
				1,
				0.011,
				-2.96,
				0.022,
				-2.884,
				0.033,
				-2.836,
				1,
				0.289,
				-1.721,
				0.544,
				-0.627,
				0.8,
				0.449,
				1,
				1.367,
				2.835,
				1.933,
				4,
				2.5,
				4,
				1,
				3,
				4,
				3.5,
				2.667,
				4,
				0,
				1,
				4.5,
				-2.667,
				5,
				-4,
				5.5,
				-4,
				1,
				5.656,
				-4,
				5.811,
				-3.847,
				5.967,
				-3.124
			]
		},
		{
			"Target": "Parameter",
			"Id": "Param_Angle_Rotation15",
			"Segments": [
				0,
				0.5,
				1,
				0.011,
				0.5,
				0.022,
				0.1,
				0.033,
				0,
				1,
				0.633,
				-5.399,
				1.233,
				-8,
				1.833,
				-8,
				1,
				2.333,
				-8,
				2.833,
				-3.548,
				3.333,
				0,
				1,
				3.833,
				3.548,
				4.333,
				4,
				4.833,
				4,
				1,
				5.211,
				4,
				5.589,
				3.184,
				5.967,
				0.722
			]
		},
		{
			"Target": "Parameter",
			"Id": "Param_Angle_Rotation16",
			"Segments": [
				0,
				2.5,
				1,
				0.011,
				2.5,
				0.022,
				2.359,
				0.033,
				2.257,
				1,
				0.156,
				1.139,
				0.278,
				-0.003,
				0.4,
				-0.99,
				1,
				0.989,
				-5.748,
				1.578,
				-8,
				2.167,
				-8,
				1,
				2.667,
				-8,
				3.167,
				-4.569,
				3.667,
				0,
				1,
				4.167,
				4.569,
				4.667,
				6,
				5.167,
				6,
				1,
				5.433,
				6,
				5.7,
				5.372,
				5.967,
				2.828
			]
		},
		{
			"Target": "Parameter",
			"Id": "Param_Angle_Rotation18",
			"Segments": [
				0,
				0,
				1,
				0.011,
				0,
				0.022,
				-0.161,
				0.033,
				-0.189,
				1,
				0.522,
				-1.418,
				1.011,
				-2,
				1.5,
				-2,
				1,
				2,
				-2,
				2.5,
				-1.777,
				3,
				0,
				1,
				3.5,
				1.777,
				4,
				4,
				4.5,
				4,
				1,
				4.989,
				4,
				5.478,
				2.787,
				5.967,
				0.25
			]
		},
		{
			"Target": "Parameter",
			"Id": "Param_Angle_Rotation19",
			"Segments": [
				0,
				0.88,
				1,
				0.011,
				0.88,
				0.022,
				0.768,
				0.033,
				0.642,
				1,
				0.111,
				-0.243,
				0.189,
				-1.712,
				0.267,
				-1.939,
				1,
				0.789,
				-3.462,
				1.311,
				-4,
				1.833,
				-4,
				1,
				2.333,
				-4,
				2.833,
				-2.667,
				3.333,
				0,
				1,
				3.833,
				2.667,
				4.333,
				4,
				4.833,
				4,
				1,
				5.211,
				4,
				5.589,
				3.159,
				5.967,
				1.068
			]
		},
		{
			"Target": "Parameter",
			"Id": "Param_Angle_Rotation20",
			"Segments": [
				0,
				2.92,
				1,
				0.011,
				2.92,
				0.022,
				2.777,
				0.033,
				2.673,
				1,
				0.189,
				1.222,
				0.344,
				-0.844,
				0.5,
				-1.571,
				1,
				1.056,
				-4.166,
				1.611,
				-5,
				2.167,
				-5,
				1,
				2.667,
				-5,
				3.167,
				-2.963,
				3.667,
				0,
				1,
				4.167,
				2.963,
				4.667,
				4,
				5.167,
				4,
				1,
				5.433,
				4,
				5.7,
				3.962,
				5.967,
				3.04
			]
		},
		{
			"Target": "Parameter",
			"Id": "Param_Angle_Rotation22",
			"Segments": [
				0,
				-0.17,
				1,
				0.011,
				-0.17,
				0.022,
				0.113,
				0.033,
				0.18,
				1,
				0.578,
				3.439,
				1.122,
				5,
				1.667,
				5,
				1,
				2.167,
				5,
				2.667,
				3.333,
				3.167,
				0,
				1,
				3.667,
				-3.333,
				4.167,
				-5,
				4.667,
				-5,
				1,
				5.1,
				-5,
				5.533,
				-3.62,
				5.967,
				-0.42
			]
		},
		{
			"Target": "Parameter",
			"Id": "Param_Angle_Rotation23",
			"Segments": [
				0,
				-1.3,
				1,
				0.011,
				-1.3,
				0.022,
				-1.179,
				0.033,
				-1.114,
				1,
				0.133,
				-0.531,
				0.233,
				0.118,
				0.333,
				0.549,
				1,
				0.889,
				2.942,
				1.444,
				4,
				2,
				4,
				1,
				2.5,
				4,
				3,
				2.963,
				3.5,
				0,
				1,
				4,
				-2.963,
				4.5,
				-5,
				5,
				-5,
				1,
				5.322,
				-5,
				5.644,
				-4.18,
				5.967,
				-1.576
			]
		},
		{
			"Target": "Parameter",
			"Id": "Param_Angle_Rotation24",
			"Segments": [
				0,
				-2.92,
				1,
				0.011,
				-2.92,
				0.022,
				-2.678,
				0.033,
				-2.615,
				1,
				0.267,
				-1.287,
				0.5,
				0.097,
				0.733,
				1.244,
				1,
				1.267,
				3.866,
				1.8,
				5,
				2.333,
				5,
				1,
				2.833,
				5,
				3.333,
				3.333,
				3.833,
				0,
				1,
				4.333,
				-3.333,
				4.833,
				-5,
				5.333,
				-5,
				1,
				5.544,
				-5,
				5.756,
				-4.848,
				5.967,
				-3.194
			]
		},
		{
			"Target": "Parameter",
			"Id": "Param_Angle_Rotation26",
			"Segments": [
				0,
				-0.21,
				1,
				0.011,
				-0.21,
				0.022,
				-0.055,
				0.033,
				0,
				1,
				0.578,
				2.699,
				1.122,
				4,
				1.667,
				4,
				1,
				2.167,
				4,
				2.667,
				3.198,
				3.167,
				0,
				1,
				3.667,
				-3.198,
				4.167,
				-6,
				4.667,
				-6,
				1,
				5.1,
				-6,
				5.533,
				-4.297,
				5.967,
				-0.506
			]
		},
		{
			"Target": "Parameter",
			"Id": "Param_Angle_Rotation27",
			"Segments": [
				0,
				-1.3,
				1,
				0.011,
				-1.3,
				0.022,
				-1.073,
				0.033,
				-0.998,
				1,
				0.122,
				-0.399,
				0.211,
				0.114,
				0.3,
				0.671,
				1,
				0.867,
				4.223,
				1.433,
				6,
				2,
				6,
				1,
				2.5,
				6,
				3,
				3.636,
				3.5,
				0,
				1,
				4,
				-3.636,
				4.5,
				-5,
				5,
				-5,
				1,
				5.322,
				-5,
				5.644,
				-4.283,
				5.967,
				-1.586
			]
		},
		{
			"Target": "Parameter",
			"Id": "Param_Angle_Rotation28",
			"Segments": [
				0,
				-2.92,
				1,
				0.011,
				-2.92,
				0.022,
				-2.805,
				0.033,
				-2.736,
				1,
				0.267,
				-1.285,
				0.5,
				0.192,
				0.733,
				1.529,
				1,
				1.267,
				4.587,
				1.8,
				6,
				2.333,
				6,
				1,
				2.833,
				6,
				3.333,
				3.636,
				3.833,
				0,
				1,
				4.333,
				-3.636,
				4.833,
				-5,
				5.333,
				-5,
				1,
				5.544,
				-5,
				5.756,
				-4.844,
				5.967,
				-3.193
			]
		},
		{
			"Target": "Parameter",
			"Id": "Param_Angle_Rotation29",
			"Segments": [
				0,
				-0.63,
				1,
				0.011,
				-0.63,
				0.022,
				-0.416,
				0.033,
				-0.3,
				1,
				0.633,
				5.953,
				1.233,
				9,
				1.833,
				9,
				1,
				2.333,
				9,
				2.833,
				4.276,
				3.333,
				0,
				1,
				3.833,
				-4.276,
				4.333,
				-5,
				4.833,
				-5,
				1,
				5.211,
				-5,
				5.589,
				-3.926,
				5.967,
				-0.902
			]
		},
		{
			"Target": "Parameter",
			"Id": "Param_Angle_Rotation30",
			"Segments": [
				0,
				-2.92,
				1,
				0.011,
				-2.92,
				0.022,
				-2.768,
				0.033,
				-2.676,
				1,
				0.211,
				-1.199,
				0.389,
				0.058,
				0.567,
				1.639,
				1,
				1.1,
				6.383,
				1.633,
				9,
				2.167,
				9,
				1,
				2.667,
				9,
				3.167,
				5.247,
				3.667,
				0,
				1,
				4.167,
				-5.247,
				4.667,
				-7,
				5.167,
				-7,
				1,
				5.433,
				-7,
				5.7,
				-6.357,
				5.967,
				-3.313
			]
		},
		{
			"Target": "Parameter",
			"Id": "Param_Angle_Rotation31",
			"Segments": [
				0,
				-5.18,
				1,
				0.011,
				-5.18,
				0.022,
				-4.908,
				0.033,
				-4.815,
				1,
				0.278,
				-2.766,
				0.522,
				-0.969,
				0.767,
				1.171,
				1,
				1.344,
				6.229,
				1.922,
				9,
				2.5,
				9,
				1,
				3,
				9,
				3.5,
				5.247,
				4,
				0,
				1,
				4.5,
				-5.247,
				5,
				-7,
				5.5,
				-7,
				1,
				5.656,
				-7,
				5.811,
				-6.732,
				5.967,
				-5.467
			]
		},
		{
			"Target": "Parameter",
			"Id": "Param_Angle_Rotation32",
			"Segments": [
				0,
				-8.69,
				1,
				0.444,
				-8.69,
				0.889,
				-5.863,
				1.333,
				0,
				1,
				1.833,
				6.596,
				2.333,
				10,
				2.833,
				10,
				1,
				3.333,
				10,
				3.833,
				5.81,
				4.333,
				0,
				1,
				4.878,
				-6.327,
				5.422,
				-8.599,
				5.967,
				-8.687
			]
		},
		{
			"Target": "Parameter",
			"Id": "Param_Angle_Rotation33",
			"Segments": [
				0,
				-0.88,
				1,
				0.011,
				-0.88,
				0.022,
				-0.691,
				0.033,
				-0.582,
				1,
				0.089,
				-0.039,
				0.144,
				0.431,
				0.2,
				0.915,
				1,
				0.744,
				5.653,
				1.289,
				8,
				1.833,
				8,
				1,
				2.333,
				8,
				2.833,
				4.977,
				3.333,
				0,
				1,
				3.833,
				-4.977,
				4.333,
				-7,
				4.833,
				-7,
				1,
				5.211,
				-7,
				5.589,
				-5.448,
				5.967,
				-1.257
			]
		},
		{
			"Target": "Parameter",
			"Id": "Param_Angle_Rotation34",
			"Segments": [
				0,
				-3.34,
				1,
				0.011,
				-3.34,
				0.022,
				-3.119,
				0.033,
				-3.029,
				1,
				0.2,
				-1.676,
				0.367,
				-0.207,
				0.533,
				0.888,
				1,
				1.078,
				4.464,
				1.622,
				6,
				2.167,
				6,
				1,
				2.667,
				6,
				3.167,
				4.569,
				3.667,
				0,
				1,
				4.167,
				-4.569,
				4.667,
				-8,
				5.167,
				-8,
				1,
				5.433,
				-8,
				5.7,
				-7.085,
				5.967,
				-3.767
			]
		},
		{
			"Target": "Parameter",
			"Id": "Param_Angle_Rotation35",
			"Segments": [
				0,
				-5.18,
				1,
				0.011,
				-5.18,
				0.022,
				-5.017,
				0.033,
				-4.934,
				1,
				0.3,
				-2.933,
				0.567,
				-1.2,
				0.833,
				0.951,
				1,
				1.389,
				5.432,
				1.944,
				8,
				2.5,
				8,
				1,
				3,
				8,
				3.5,
				4.977,
				4,
				0,
				1,
				4.5,
				-4.977,
				5,
				-7,
				5.5,
				-7,
				1,
				5.656,
				-7,
				5.811,
				-7.021,
				5.967,
				-5.525
			]
		},
		{
			"Target": "Parameter",
			"Id": "Param_Angle_Rotation36",
			"Segments": [
				0,
				-6.76,
				1,
				0.444,
				-6.76,
				0.889,
				-4.628,
				1.333,
				0,
				1,
				1.833,
				5.206,
				2.333,
				8,
				2.833,
				8,
				1,
				3.333,
				8,
				3.833,
				4.573,
				4.333,
				0,
				1,
				4.878,
				-4.979,
				5.422,
				-6.691,
				5.967,
				-6.758
			]
		},
		{
			"Target": "Parameter",
			"Id": "Param_Angle_Rotation37",
			"Segments": [
				0,
				-1.13,
				1,
				0.011,
				-1.13,
				0.022,
				-0.906,
				0.033,
				-0.772,
				1,
				0.633,
				6.466,
				1.233,
				10,
				1.833,
				10,
				1,
				2.333,
				10,
				2.833,
				6.315,
				3.333,
				0,
				1,
				3.833,
				-6.315,
				4.333,
				-9,
				4.833,
				-9,
				1,
				5.211,
				-9,
				5.589,
				-6.937,
				5.967,
				-1.609
			]
		},
		{
			"Target": "Parameter",
			"Id": "Param_Angle_Rotation38",
			"Segments": [
				0,
				-3.75,
				1,
				0.011,
				-3.75,
				0.022,
				-3.584,
				0.033,
				-3.443,
				1,
				0.744,
				5.562,
				1.456,
				10,
				2.167,
				10,
				1,
				2.667,
				10,
				3.167,
				6.315,
				3.667,
				0,
				1,
				4.167,
				-6.315,
				4.667,
				-9,
				5.167,
				-9,
				1,
				5.433,
				-9,
				5.7,
				-8.119,
				5.967,
				-4.249
			]
		},
		{
			"Target": "Parameter",
			"Id": "Param_Angle_Rotation39",
			"Segments": [
				0,
				-6.66,
				1,
				0.011,
				-6.66,
				0.022,
				-6.426,
				0.033,
				-6.293,
				1,
				0.267,
				-3.505,
				0.5,
				-0.379,
				0.733,
				1.9,
				1,
				1.322,
				7.651,
				1.911,
				10,
				2.5,
				10,
				1,
				3,
				10,
				3.5,
				6.315,
				4,
				0,
				1,
				4.5,
				-6.315,
				5,
				-9,
				5.5,
				-9,
				1,
				5.656,
				-9,
				5.811,
				-8.654,
				5.967,
				-7.028
			]
		},
		{
			"Target": "Parameter",
			"Id": "Param_Angle_Rotation40",
			"Segments": [
				0,
				-7.72,
				1,
				0.378,
				-7.72,
				0.756,
				-4.942,
				1.133,
				0,
				1,
				1.656,
				6.832,
				2.178,
				9.963,
				2.7,
				9.963,
				1,
				3.244,
				9.963,
				3.789,
				5.722,
				4.333,
				0,
				1,
				4.878,
				-5.722,
				5.422,
				-7.643,
				5.967,
				-7.718
			]
		},
		{
			"Target": "Parameter",
			"Id": "Param_Angle_Rotation41",
			"Segments": [
				0,
				-1.26,
				1,
				0.011,
				-1.26,
				0.022,
				-0.856,
				0.033,
				-0.746,
				1,
				0.633,
				5.154,
				1.233,
				8,
				1.833,
				8,
				1,
				2.333,
				8,
				2.833,
				5.923,
				3.333,
				0,
				1,
				3.833,
				-5.923,
				4.333,
				-10,
				4.833,
				-10,
				1,
				5.211,
				-10,
				5.589,
				-6.248,
				5.967,
				-1.666
			]
		},
		{
			"Target": "Parameter",
			"Id": "Param_Angle_Rotation42",
			"Segments": [
				0,
				-4.17,
				1,
				0.011,
				-4.17,
				0.022,
				-3.978,
				0.033,
				-3.858,
				1,
				0.189,
				-2.173,
				0.344,
				-0.304,
				0.5,
				1.054,
				1,
				1.056,
				5.904,
				1.611,
				8,
				2.167,
				8,
				1,
				2.667,
				8,
				3.167,
				5.923,
				3.667,
				0,
				1,
				4.167,
				-5.923,
				4.667,
				-10,
				5.167,
				-10,
				1,
				5.433,
				-10,
				5.7,
				-8.029,
				5.967,
				-4.606
			]
		},
		{
			"Target": "Parameter",
			"Id": "Param_Angle_Rotation43",
			"Segments": [
				0,
				-6.66,
				1,
				0.011,
				-6.66,
				0.022,
				-6.397,
				0.033,
				-6.292,
				1,
				0.3,
				-3.772,
				0.567,
				-1.41,
				0.833,
				1.098,
				1,
				1.389,
				6.321,
				1.944,
				9,
				2.5,
				9,
				1,
				3,
				9,
				3.5,
				6,
				4,
				0,
				1,
				4.5,
				-6,
				5,
				-9,
				5.5,
				-9,
				1,
				5.656,
				-9,
				5.811,
				-8.654,
				5.967,
				-7.028
			]
		},
		{
			"Target": "Parameter",
			"Id": "Param_Angle_Rotation44",
			"Segments": [
				0,
				-8.69,
				1,
				0.444,
				-8.69,
				0.889,
				-5.54,
				1.333,
				0,
				1,
				1.833,
				6.232,
				2.333,
				9,
				2.833,
				9,
				1,
				3.333,
				9,
				3.833,
				5.558,
				4.333,
				0,
				1,
				4.878,
				-6.052,
				5.422,
				-8.588,
				5.967,
				-8.687
			]
		},
		{
			"Target": "Parameter",
			"Id": "Param_Angle_Rotation45",
			"Segments": [
				0,
				-1.13,
				1,
				0.011,
				-1.13,
				0.022,
				-0.646,
				0.033,
				-0.539,
				1,
				0.633,
				5.226,
				1.233,
				8,
				1.833,
				8,
				1,
				2.333,
				8,
				2.833,
				5.646,
				3.333,
				0,
				1,
				3.833,
				-5.646,
				4.333,
				-9,
				4.833,
				-9,
				1,
				5.211,
				-9,
				5.589,
				-6.936,
				5.967,
				-1.609
			]
		},
		{
			"Target": "Parameter",
			"Id": "Param_Angle_Rotation46",
			"Segments": [
				0,
				-3.34,
				1,
				0.011,
				-3.34,
				0.022,
				-3.086,
				0.033,
				-2.972,
				1,
				0.167,
				-1.6,
				0.3,
				-0.142,
				0.433,
				0.976,
				1,
				1.011,
				5.82,
				1.589,
				8,
				2.167,
				8,
				1,
				2.667,
				8,
				3.167,
				5.333,
				3.667,
				0,
				1,
				4.167,
				-5.333,
				4.667,
				-8,
				5.167,
				-8,
				1,
				5.433,
				-8,
				5.7,
				-7.199,
				5.967,
				-3.781
			]
		},
		{
			"Target": "Parameter",
			"Id": "Param_Angle_Rotation47",
			"Segments": [
				0,
				-5.92,
				1,
				0.011,
				-5.92,
				0.022,
				-5.611,
				0.033,
				-5.494,
				1,
				0.267,
				-3.028,
				0.5,
				-0.533,
				0.733,
				1.712,
				1,
				1.322,
				7.38,
				1.911,
				10,
				2.5,
				10,
				1,
				3,
				10,
				3.5,
				5.923,
				4,
				0,
				1,
				4.5,
				-5.923,
				5,
				-8,
				5.5,
				-8,
				1,
				5.656,
				-8,
				5.811,
				-7.693,
				5.967,
				-6.248
			]
		},
		{
			"Target": "Parameter",
			"Id": "Param_Angle_Rotation48",
			"Segments": [
				0,
				-8.69,
				1,
				0.444,
				-8.69,
				0.889,
				-5.863,
				1.333,
				0,
				1,
				1.833,
				6.596,
				2.333,
				10,
				2.833,
				10,
				1,
				3.333,
				10,
				3.833,
				5.81,
				4.333,
				0,
				1,
				4.878,
				-6.327,
				5.422,
				-8.599,
				5.967,
				-8.687
			]
		},
		{
			"Target": "Parameter",
			"Id": "Param_Angle_Rotation49",
			"Segments": [
				0,
				-1.13,
				1,
				0.011,
				-1.13,
				0.022,
				-0.947,
				0.033,
				-0.83,
				1,
				0.1,
				-0.128,
				0.167,
				0.486,
				0.233,
				1.141,
				1,
				0.767,
				6.383,
				1.3,
				9,
				1.833,
				9,
				1,
				2.333,
				9,
				2.833,
				6,
				3.333,
				0,
				1,
				3.833,
				-6,
				4.333,
				-9,
				4.833,
				-9,
				1,
				5.211,
				-9,
				5.589,
				-6.973,
				5.967,
				-1.612
			]
		},
		{
			"Target": "Parameter",
			"Id": "Param_Angle_Rotation50",
			"Segments": [
				0,
				-3.75,
				1,
				0.011,
				-3.75,
				0.022,
				-3.35,
				0.033,
				-3.204,
				1,
				0.167,
				-1.456,
				0.3,
				0.349,
				0.433,
				1.805,
				1,
				1.011,
				8.115,
				1.589,
				11,
				2.167,
				11,
				1,
				2.667,
				11,
				3.167,
				6.597,
				3.667,
				0,
				1,
				4.167,
				-6.597,
				4.667,
				-9,
				5.167,
				-9,
				1,
				5.433,
				-9,
				5.7,
				-8.121,
				5.967,
				-4.25
			]
		},
		{
			"Target": "Parameter",
			"Id": "Param_Angle_Rotation51",
			"Segments": [
				0,
				-5.92,
				1,
				0.011,
				-5.92,
				0.022,
				-5.621,
				0.033,
				-5.496,
				1,
				0.289,
				-2.623,
				0.544,
				0.175,
				0.8,
				2.927,
				1,
				1.367,
				9.029,
				1.933,
				12,
				2.5,
				12,
				1,
				3,
				12,
				3.5,
				6.387,
				4,
				0,
				1,
				4.5,
				-6.387,
				5,
				-8,
				5.5,
				-8,
				1,
				5.656,
				-8,
				5.811,
				-7.693,
				5.967,
				-6.248
			]
		},
		{
			"Target": "Parameter",
			"Id": "Param_Angle_Rotation52",
			"Segments": [
				0,
				-9.66,
				1,
				0.444,
				-9.66,
				0.889,
				-6.778,
				1.333,
				0,
				1,
				1.833,
				7.625,
				2.333,
				12,
				2.833,
				12,
				1,
				3.333,
				12,
				3.833,
				6.657,
				4.333,
				0,
				1,
				4.878,
				-7.249,
				5.422,
				-9.567,
				5.967,
				-9.657
			]
		},
		{
			"Target": "Parameter",
			"Id": "Param_Angle_Rotation53",
			"Segments": [
				0,
				0.88,
				1,
				0.011,
				0.88,
				0.022,
				0.835,
				0.033,
				0.804,
				1,
				0.133,
				0.524,
				0.233,
				0.267,
				0.333,
				0,
				1,
				0.833,
				-1.334,
				1.333,
				-2,
				1.833,
				-2,
				1,
				2.333,
				-2,
				2.833,
				-1.929,
				3.333,
				0,
				1,
				3.778,
				1.715,
				4.222,
				5.211,
				4.667,
				5.211,
				1,
				5.1,
				5.211,
				5.533,
				3.717,
				5.967,
				1.085
			]
		},
		{
			"Target": "Parameter",
			"Id": "Param_Angle_Rotation54",
			"Segments": [
				0,
				2.92,
				1,
				0.011,
				2.92,
				0.022,
				2.823,
				0.033,
				2.732,
				1,
				0.178,
				1.554,
				0.322,
				0.209,
				0.467,
				-0.729,
				1,
				1.033,
				-4.41,
				1.6,
				-6,
				2.167,
				-6,
				1,
				2.667,
				-6,
				3.167,
				-4.307,
				3.667,
				0,
				1,
				4.167,
				4.307,
				4.667,
				7,
				5.167,
				7,
				1,
				5.433,
				7,
				5.7,
				5.622,
				5.967,
				3.225
			]
		},
		{
			"Target": "Parameter",
			"Id": "Param_Angle_Rotation55",
			"Segments": [
				0,
				5.18,
				1,
				0.011,
				5.18,
				0.022,
				5.041,
				0.033,
				4.934,
				1,
				0.256,
				2.798,
				0.478,
				0.164,
				0.7,
				-1.366,
				1,
				1.3,
				-5.497,
				1.9,
				-7,
				2.5,
				-7,
				1,
				3,
				-7,
				3.5,
				-4.667,
				4,
				0,
				1,
				4.5,
				4.667,
				5,
				7,
				5.5,
				7,
				1,
				5.656,
				7,
				5.811,
				6.732,
				5.967,
				5.467
			]
		},
		{
			"Target": "Parameter",
			"Id": "Param_Angle_Rotation56",
			"Segments": [
				0,
				4.83,
				1,
				0.444,
				4.83,
				0.889,
				3.875,
				1.333,
				0,
				1,
				1.833,
				-4.359,
				2.333,
				-8,
				2.833,
				-8,
				1,
				3.333,
				-8,
				3.833,
				-3.691,
				4.333,
				0,
				1,
				4.878,
				4.019,
				5.422,
				4.8,
				5.967,
				4.829
			]
		},
		{
			"Target": "Parameter",
			"Id": "Param_Angle_Rotation57",
			"Segments": [
				0,
				0.63,
				1,
				0.011,
				0.63,
				0.022,
				0.579,
				0.033,
				0.557,
				1,
				0.133,
				0.36,
				0.233,
				0.14,
				0.333,
				0,
				1,
				0.833,
				-0.7,
				1.333,
				-1,
				1.833,
				-1,
				1,
				2.333,
				-1,
				2.833,
				-1.11,
				3.333,
				0,
				1,
				3.833,
				1.11,
				4.333,
				5,
				4.833,
				5,
				1,
				5.211,
				5,
				5.589,
				3.13,
				5.967,
				0.834
			]
		},
		{
			"Target": "Parameter",
			"Id": "Param_Angle_Rotation58",
			"Segments": [
				0,
				2.5,
				1,
				0.011,
				2.5,
				0.022,
				2.356,
				0.033,
				2.257,
				1,
				0.178,
				0.967,
				0.322,
				-0.371,
				0.467,
				-1.502,
				1,
				1.033,
				-5.941,
				1.6,
				-8,
				2.167,
				-8,
				1,
				2.667,
				-8,
				3.167,
				-4.569,
				3.667,
				0,
				1,
				4.167,
				4.569,
				4.667,
				6,
				5.167,
				6,
				1,
				5.433,
				6,
				5.7,
				4.816,
				5.967,
				2.761
			]
		},
		{
			"Target": "Parameter",
			"Id": "Param_Angle_Rotation59",
			"Segments": [
				0,
				4.44,
				1,
				0.011,
				4.44,
				0.022,
				4.382,
				0.033,
				4.314,
				1,
				0.322,
				2.559,
				0.611,
				0.648,
				0.9,
				-0.912,
				1,
				1.433,
				-3.792,
				1.967,
				-5,
				2.5,
				-5,
				1,
				3,
				-5,
				3.5,
				-3.636,
				4,
				0,
				1,
				4.5,
				3.636,
				5,
				6,
				5.5,
				6,
				1,
				5.656,
				6,
				5.811,
				5.77,
				5.967,
				4.686
			]
		},
		{
			"Target": "Parameter",
			"Id": "Param_Angle_Rotation60",
			"Segments": [
				0,
				6.76,
				1,
				0.444,
				6.76,
				0.889,
				4.908,
				1.333,
				0,
				1,
				1.833,
				-5.522,
				2.333,
				-9,
				2.833,
				-9,
				1,
				3.333,
				-9,
				3.833,
				-4.786,
				4.333,
				0,
				1,
				4.878,
				5.211,
				5.422,
				6.701,
				5.967,
				6.758
			]
		},
		{
			"Target": "Parameter",
			"Id": "Param_Angle_Rotation62",
			"Segments": [
				0,
				-0.88,
				1,
				0.011,
				-0.88,
				0.022,
				-0.547,
				0.033,
				-0.429,
				1,
				0.633,
				5.925,
				1.233,
				9,
				1.833,
				9,
				1,
				2.333,
				9,
				2.833,
				5.247,
				3.333,
				0,
				1,
				3.833,
				-5.247,
				4.333,
				-7,
				4.833,
				-7,
				1,
				5.211,
				-7,
				5.589,
				-5.502,
				5.967,
				-1.261
			]
		},
		{
			"Target": "Parameter",
			"Id": "Param_Angle_Rotation63",
			"Segments": [
				0,
				-2.92,
				1,
				0.011,
				-2.92,
				0.022,
				-2.754,
				0.033,
				-2.672,
				1,
				0.189,
				-1.531,
				0.344,
				-0.388,
				0.5,
				0.634,
				1,
				1.056,
				4.284,
				1.611,
				6,
				2.167,
				6,
				1,
				2.667,
				6,
				3.167,
				4.307,
				3.667,
				0,
				1,
				4.167,
				-4.307,
				4.667,
				-7,
				5.167,
				-7,
				1,
				5.433,
				-7,
				5.7,
				-6.258,
				5.967,
				-3.301
			]
		},
		{
			"Target": "Parameter",
			"Id": "Param_Angle_Rotation64",
			"Segments": [
				0,
				-3.7,
				1,
				0.011,
				-3.7,
				0.022,
				-3.589,
				0.033,
				-3.516,
				1,
				0.244,
				-2.136,
				0.456,
				-0.744,
				0.667,
				0.537,
				1,
				1.278,
				4.244,
				1.889,
				6,
				2.5,
				6,
				1,
				3,
				6,
				3.5,
				3.636,
				4,
				0,
				1,
				4.5,
				-3.636,
				5,
				-5,
				5.5,
				-5,
				1,
				5.656,
				-5,
				5.811,
				-4.809,
				5.967,
				-3.905
			]
		},
		{
			"Target": "Parameter",
			"Id": "Param_Angle_Rotation65",
			"Segments": [
				0,
				-6.76,
				1,
				0.444,
				-6.76,
				0.889,
				-3.946,
				1.333,
				0,
				1,
				1.833,
				4.439,
				2.333,
				6,
				2.833,
				6,
				1,
				3.333,
				6,
				3.833,
				4.029,
				4.333,
				0,
				1,
				4.878,
				-4.387,
				5.422,
				-6.668,
				5.967,
				-6.757
			]
		},
		{
			"Target": "Parameter",
			"Id": "Param_Angle_Rotation67",
			"Segments": [
				0,
				0.88,
				1,
				0.011,
				0.88,
				0.022,
				0.479,
				0.033,
				0.3,
				1,
				0.078,
				-0.416,
				0.122,
				-1,
				0.167,
				-1.61,
				1,
				0.722,
				-9.229,
				1.278,
				-13,
				1.833,
				-13,
				1,
				2.333,
				-13,
				2.833,
				-6.041,
				3.333,
				0,
				1,
				3.833,
				6.041,
				4.333,
				7,
				4.833,
				7,
				1,
				5.211,
				7,
				5.589,
				5.485,
				5.967,
				1.26
			]
		},
		{
			"Target": "Parameter",
			"Id": "Param_Angle_Rotation68",
			"Segments": [
				0,
				3.75,
				1,
				0.011,
				3.75,
				0.022,
				3.58,
				0.033,
				3.445,
				1,
				0.222,
				1.143,
				0.411,
				-1.197,
				0.6,
				-3.329,
				1,
				1.122,
				-9.226,
				1.644,
				-12,
				2.167,
				-12,
				1,
				2.667,
				-12,
				3.167,
				-6.849,
				3.667,
				0,
				1,
				4.167,
				6.849,
				4.667,
				9,
				5.167,
				9,
				1,
				5.433,
				9,
				5.7,
				7.223,
				5.967,
				4.142
			]
		},
		{
			"Target": "Parameter",
			"Id": "Param_Angle_Rotation69",
			"Segments": [
				0,
				7.41,
				1,
				0.011,
				7.41,
				0.022,
				7.176,
				0.033,
				7.042,
				1,
				0.322,
				3.561,
				0.611,
				-0.231,
				0.9,
				-3.227,
				1,
				1.433,
				-8.757,
				1.967,
				-11,
				2.5,
				-11,
				1,
				3,
				-11,
				3.5,
				-6.983,
				4,
				0,
				1,
				4.5,
				6.983,
				5,
				10,
				5.5,
				10,
				1,
				5.656,
				10,
				5.811,
				9.623,
				5.967,
				7.819
			]
		},
		{
			"Target": "Parameter",
			"Id": "Param_Angle_Rotation71",
			"Segments": [
				0,
				0,
				1,
				0.022,
				0,
				0.044,
				-0.048,
				0.067,
				-0.072,
				1,
				0.656,
				-0.702,
				1.244,
				-1,
				1.833,
				-1,
				1,
				2.333,
				-1,
				2.833,
				-0.499,
				3.333,
				0,
				1,
				3.8,
				0.466,
				4.267,
				0.55,
				4.733,
				0.55,
				1,
				5.133,
				0.55,
				5.533,
				0.398,
				5.933,
				0.064,
				1,
				5.944,
				0.055,
				5.956,
				0.039,
				5.967,
				0.025
			]
		},
		{
			"Target": "Parameter",
			"Id": "Param_Angle_Rotation72",
			"Segments": [
				0,
				1.67,
				1,
				0.022,
				1.67,
				0.044,
				1.449,
				0.067,
				1.304,
				1,
				0.167,
				0.653,
				0.267,
				0.122,
				0.367,
				-0.488,
				1,
				0.967,
				-4.149,
				1.567,
				-6,
				2.167,
				-6,
				1,
				2.667,
				-6,
				3.167,
				-3.198,
				3.667,
				0,
				1,
				4.167,
				3.198,
				4.667,
				4,
				5.167,
				4,
				1,
				5.433,
				4,
				5.7,
				3.556,
				5.967,
				1.885
			]
		},
		{
			"Target": "Parameter",
			"Id": "Param_Angle_Rotation73",
			"Segments": [
				0,
				5.18,
				1,
				0.011,
				5.18,
				0.022,
				5.081,
				0.033,
				4.994,
				1,
				0.3,
				2.906,
				0.567,
				0.724,
				0.833,
				-1.195,
				1,
				1.389,
				-5.194,
				1.944,
				-7,
				2.5,
				-7,
				1,
				3,
				-7,
				3.5,
				-4.667,
				4,
				0,
				1,
				4.5,
				4.667,
				5,
				7,
				5.5,
				7,
				1,
				5.656,
				7,
				5.811,
				6.732,
				5.967,
				5.467
			]
		},
		{
			"Target": "Parameter",
			"Id": "Param_Angle_Rotation75",
			"Segments": [
				0,
				0,
				0,
				5.967,
				0
			]
		},
		{
			"Target": "Parameter",
			"Id": "Param_Angle_Rotation76",
			"Segments": [
				0,
				9.61,
				1,
				0.011,
				9.61,
				0.022,
				9.339,
				0.033,
				9.241,
				1,
				0.389,
				6.105,
				0.744,
				3.981,
				1.1,
				0,
				1,
				1.622,
				-5.846,
				2.144,
				-11,
				2.667,
				-11,
				1,
				3.167,
				-11,
				3.667,
				-7.782,
				4.167,
				0,
				1,
				4.633,
				7.263,
				5.1,
				11.666,
				5.567,
				11.666,
				1,
				5.7,
				11.666,
				5.833,
				11.599,
				5.967,
				10.033
			]
		},
		{
			"Target": "Parameter",
			"Id": "Param_Angle_Rotation77",
			"Segments": [
				0,
				11,
				1,
				0.5,
				11,
				1,
				4.198,
				1.5,
				0,
				1,
				1.778,
				-2.332,
				2.056,
				-1.957,
				2.333,
				-4,
				1,
				2.556,
				-5.634,
				2.778,
				-12,
				3,
				-12,
				1,
				3.5,
				-12,
				4,
				-7.651,
				4.5,
				0,
				1,
				4.989,
				7.481,
				5.478,
				10.849,
				5.967,
				10.995
			]
		},
		{
			"Target": "Parameter",
			"Id": "Param_Angle_Rotation78",
			"Segments": [
				0,
				2.34,
				1,
				0.011,
				2.34,
				0.022,
				2.19,
				0.033,
				2.137,
				1,
				0.189,
				1.394,
				0.344,
				0.46,
				0.5,
				0,
				1,
				1,
				-1.48,
				1.5,
				-2,
				2,
				-2,
				1,
				2.5,
				-2,
				3,
				-2.172,
				3.5,
				0,
				1,
				4,
				2.172,
				4.5,
				9,
				5,
				9,
				1,
				5.322,
				9,
				5.644,
				6.408,
				5.967,
				2.725
			]
		},
		{
			"Target": "Parameter",
			"Id": "Param_Angle_Rotation79",
			"Segments": [
				0,
				5.25,
				1,
				0.011,
				5.25,
				0.022,
				4.954,
				0.033,
				4.87,
				1,
				0.256,
				3.194,
				0.478,
				0.674,
				0.7,
				0,
				1,
				1.244,
				-1.65,
				1.789,
				-2,
				2.333,
				-2,
				1,
				2.833,
				-2,
				3.333,
				-2.172,
				3.833,
				0,
				1,
				4.333,
				2.172,
				4.833,
				9,
				5.333,
				9,
				1,
				5.544,
				9,
				5.756,
				8.014,
				5.967,
				5.637
			]
		},
		{
			"Target": "Parameter",
			"Id": "Param_Angle_Rotation80",
			"Segments": [
				0,
				7.86,
				1,
				0.022,
				7.86,
				0.044,
				7.52,
				0.067,
				7.291,
				1,
				0.389,
				3.964,
				0.711,
				0.37,
				1.033,
				-2.43,
				1,
				1.578,
				-7.16,
				2.122,
				-9,
				2.667,
				-9,
				1,
				3.167,
				-9,
				3.667,
				-6.373,
				4.167,
				0,
				1,
				4.622,
				5.807,
				5.078,
				9.353,
				5.533,
				9.353,
				1,
				5.678,
				9.353,
				5.822,
				9.434,
				5.967,
				8.175
			]
		},
		{
			"Target": "Parameter",
			"Id": "Param_Angle_Rotation81",
			"Segments": [
				0,
				9,
				1,
				0.5,
				9,
				1,
				6,
				1.5,
				0,
				1,
				2,
				-6,
				2.5,
				-9,
				3,
				-9,
				1,
				3.5,
				-9,
				4,
				-6,
				4.5,
				0,
				1,
				4.989,
				5.867,
				5.478,
				8.865,
				5.967,
				8.996
			]
		},
		{
			"Target": "Parameter",
			"Id": "Param_Angle_Rotation83",
			"Segments": [
				0,
				-0.96,
				1,
				0.011,
				-0.96,
				0.022,
				-0.842,
				0.033,
				-0.794,
				1,
				0.189,
				-0.116,
				0.344,
				0.579,
				0.5,
				1.161,
				1,
				1.022,
				3.114,
				1.544,
				4,
				2.067,
				4,
				1,
				2.567,
				4,
				3.067,
				2.285,
				3.567,
				0,
				1,
				4.067,
				-2.285,
				4.567,
				-3,
				5.067,
				-3,
				1,
				5.367,
				-3,
				5.667,
				-2.243,
				5.967,
				-1.09
			]
		},
		{
			"Target": "Parameter",
			"Id": "Param_Angle_Rotation84",
			"Segments": [
				0,
				-2.59,
				1,
				0.011,
				-2.59,
				0.022,
				-2.405,
				0.033,
				-2.346,
				1,
				0.244,
				-1.222,
				0.456,
				0.098,
				0.667,
				0.917,
				1,
				1.244,
				3.158,
				1.822,
				4,
				2.4,
				4,
				1,
				2.9,
				4,
				3.4,
				2.667,
				3.9,
				0,
				1,
				4.4,
				-2.667,
				4.9,
				-4,
				5.4,
				-4,
				1,
				5.589,
				-4,
				5.778,
				-3.684,
				5.967,
				-2.76
			]
		},
		{
			"Target": "Parameter",
			"Id": "Param_Angle_Rotation85",
			"Segments": [
				0,
				-3.67,
				1,
				0.411,
				-3.67,
				0.822,
				-2.3,
				1.233,
				0,
				1,
				1.733,
				2.798,
				2.233,
				4,
				2.733,
				4,
				1,
				3.233,
				4,
				3.733,
				2.312,
				4.233,
				0,
				1,
				4.811,
				-2.671,
				5.389,
				-3.634,
				5.967,
				-3.669
			]
		},
		{
			"Target": "Parameter",
			"Id": "Param_Angle_Rotation86",
			"Segments": [
				0,
				-2.99,
				1,
				0.522,
				-2.99,
				1.044,
				-2.039,
				1.567,
				0,
				1,
				2.067,
				1.952,
				2.567,
				3,
				3.067,
				3,
				1,
				3.567,
				3,
				4.067,
				2.041,
				4.567,
				0,
				1,
				5.033,
				-1.905,
				5.5,
				-2.941,
				5.967,
				-2.988
			]
		},
		{
			"Target": "Parameter",
			"Id": "Param_Angle_Rotation88",
			"Segments": [
				0,
				0,
				1,
				0.011,
				0,
				0.022,
				-0.029,
				0.033,
				-0.08,
				1,
				0.167,
				-0.695,
				0.3,
				-1,
				0.433,
				-1,
				1,
				0.978,
				-1,
				1.522,
				-0.867,
				2.067,
				0,
				1,
				2.711,
				1.026,
				3.356,
				2.064,
				4,
				2.064,
				1,
				4.644,
				2.064,
				5.289,
				1.425,
				5.933,
				0.102,
				1,
				5.944,
				0.08,
				5.956,
				0.054,
				5.967,
				0.034
			]
		},
		{
			"Target": "Parameter",
			"Id": "Param_Angle_Rotation89",
			"Segments": [
				0,
				1.3,
				1,
				0.011,
				1.3,
				0.022,
				1.231,
				0.033,
				1.21,
				1,
				0.3,
				0.696,
				0.567,
				0.259,
				0.833,
				-0.293,
				1,
				1.356,
				-1.372,
				1.878,
				-2,
				2.4,
				-2,
				1,
				2.9,
				-2,
				3.4,
				-1.333,
				3.9,
				0,
				1,
				4.4,
				1.333,
				4.9,
				2,
				5.4,
				2,
				1,
				5.589,
				2,
				5.778,
				1.846,
				5.967,
				1.385
			]
		},
		{
			"Target": "Parameter",
			"Id": "Param_Angle_Rotation90",
			"Segments": [
				0,
				1.83,
				1,
				0.411,
				1.83,
				0.822,
				1.149,
				1.233,
				0,
				1,
				1.733,
				-1.397,
				2.233,
				-2,
				2.733,
				-2,
				1,
				3.233,
				-2,
				3.733,
				-1.154,
				4.233,
				0,
				1,
				4.811,
				1.334,
				5.389,
				1.812,
				5.967,
				1.829
			]
		},
		{
			"Target": "Parameter",
			"Id": "Param_Angle_Rotation91",
			"Segments": [
				0,
				2,
				1,
				0.522,
				2,
				1.044,
				1.362,
				1.567,
				0,
				1,
				2.067,
				-1.304,
				2.567,
				-2,
				3.067,
				-2,
				1,
				3.567,
				-2,
				4.067,
				-1.363,
				4.567,
				0,
				1,
				5.033,
				1.272,
				5.5,
				1.967,
				5.967,
				1.999
			]
		},
		{
			"Target": "Parameter",
			"Id": "Param_Angle_Rotation100",
			"Segments": [
				0,
				1.86,
				1,
				0.633,
				1.86,
				1.267,
				1.405,
				1.9,
				0,
				1,
				2.4,
				-1.109,
				2.9,
				-2,
				3.4,
				-2,
				1,
				3.9,
				-2,
				4.4,
				-1.464,
				4.9,
				0,
				1,
				5.256,
				1.041,
				5.611,
				1.812,
				5.967,
				1.858
			]
		},
		{
			"Target": "Parameter",
			"Id": "Param_Angle_Rotation101",
			"Segments": [
				0,
				0.84,
				1,
				0.744,
				0.84,
				1.489,
				0.787,
				2.233,
				0,
				1,
				2.733,
				-0.528,
				3.233,
				-2,
				3.733,
				-2,
				1,
				4.233,
				-2,
				4.733,
				-0.898,
				5.233,
				0,
				1,
				5.478,
				0.439,
				5.722,
				0.659,
				5.967,
				0.819
			]
		},
		{
			"Target": "Parameter",
			"Id": "Paramhair",
			"Segments": [
				0,
				-19.44,
				1,
				0.011,
				-19.44,
				0.022,
				-18.645,
				0.033,
				-18.377,
				1,
				0.311,
				-11.667,
				0.589,
				-5.147,
				0.867,
				1.315,
				1,
				1.378,
				13.204,
				1.889,
				19,
				2.4,
				19,
				1,
				2.9,
				19,
				3.4,
				15.401,
				3.9,
				0,
				1,
				4.4,
				-15.401,
				4.9,
				-30,
				5.4,
				-30,
				1,
				5.589,
				-30,
				5.778,
				-27.634,
				5.967,
				-20.71
			]
		},
		{
			"Target": "Parameter",
			"Id": "Param_Angle_Rotation92",
			"Segments": [
				0,
				0.64,
				1,
				0.011,
				0.64,
				0.022,
				0.609,
				0.033,
				0.578,
				1,
				0.156,
				0.232,
				0.278,
				-0.196,
				0.4,
				-0.439,
				1,
				0.956,
				-1.544,
				1.511,
				-2,
				2.067,
				-2,
				1,
				2.567,
				-2,
				3.067,
				-1.333,
				3.567,
				0,
				1,
				4.067,
				1.333,
				4.567,
				2,
				5.067,
				2,
				1,
				5.367,
				2,
				5.667,
				1.495,
				5.967,
				0.726
			]
		},
		{
			"Target": "Parameter",
			"Id": "Param_Angle_Rotation93",
			"Segments": [
				0,
				1.3,
				1,
				0.011,
				1.3,
				0.022,
				1.226,
				0.033,
				1.18,
				1,
				0.222,
				0.397,
				0.411,
				-0.475,
				0.6,
				-1.112,
				1,
				1.2,
				-3.138,
				1.8,
				-4,
				2.4,
				-4,
				1,
				2.9,
				-4,
				3.4,
				-2.534,
				3.9,
				0,
				1,
				4.333,
				2.196,
				4.767,
				3.116,
				5.2,
				3.116,
				1,
				5.456,
				3.116,
				5.711,
				2.301,
				5.967,
				1.416
			]
		},
		{
			"Target": "Parameter",
			"Id": "Param_Angle_Rotation94",
			"Segments": [
				0,
				2.75,
				1,
				0.411,
				2.75,
				0.822,
				1.339,
				1.233,
				0,
				1,
				1.733,
				-1.628,
				2.233,
				-2,
				2.733,
				-2,
				1,
				3.233,
				-2,
				3.733,
				-1.445,
				4.233,
				0,
				1,
				4.811,
				1.67,
				5.389,
				2.71,
				5.967,
				2.749
			]
		},
		{
			"Target": "Parameter",
			"Id": "Param_Angle_Rotation95",
			"Segments": [
				0,
				3.99,
				1,
				0.522,
				3.99,
				1.044,
				2.346,
				1.567,
				0,
				1,
				2.067,
				-2.246,
				2.567,
				-3,
				3.067,
				-3,
				1,
				3.567,
				-3,
				4.067,
				-2.319,
				4.567,
				0,
				1,
				5.033,
				2.164,
				5.5,
				3.907,
				5.967,
				3.987
			]
		},
		{
			"Target": "Parameter",
			"Id": "Param_Angle_Rotation96",
			"Segments": [
				0,
				2.79,
				1,
				0.633,
				2.79,
				1.267,
				2.107,
				1.9,
				0,
				1,
				2.4,
				-1.663,
				2.9,
				-3,
				3.4,
				-3,
				1,
				3.9,
				-3,
				4.4,
				-2.196,
				4.9,
				0,
				1,
				5.256,
				1.562,
				5.611,
				2.718,
				5.967,
				2.787
			]
		},
		{
			"Target": "Parameter",
			"Id": "Param_Angle_Rotation98",
			"Segments": [
				0,
				5.77,
				1,
				0.011,
				5.77,
				0.022,
				4.399,
				0.033,
				4.1,
				1,
				0.711,
				-14.153,
				1.389,
				-23,
				2.067,
				-23,
				1,
				2.567,
				-23,
				3.067,
				-13.438,
				3.567,
				0,
				1,
				4.067,
				13.438,
				4.567,
				18,
				5.067,
				18,
				1,
				5.367,
				18,
				5.667,
				13.456,
				5.967,
				6.547
			]
		},
		{
			"Target": "Parameter",
			"Id": "Param_Angle_Rotation99",
			"Segments": [
				0,
				19.44,
				1,
				0.011,
				19.44,
				0.022,
				19.033,
				0.033,
				18.788,
				1,
				0.322,
				12.427,
				0.611,
				5.399,
				0.9,
				0,
				1,
				1.4,
				-9.344,
				1.9,
				-13,
				2.4,
				-13,
				1,
				2.9,
				-13,
				3.4,
				-11.873,
				3.9,
				0,
				1,
				4.4,
				11.873,
				4.9,
				30,
				5.4,
				30,
				1,
				5.589,
				30,
				5.778,
				27.634,
				5.967,
				20.71
			]
		}
	]
}