{
	"Version": 3,
	"Parameters": [
		{
			"Id": "ParamEff1",
			"GroupId": "ParamGroup",
			"Name": "エフェクト1"
		},
		{
			"Id": "ParamEff2",
			"GroupId": "ParamGroup",
			"Name": "エフェクト2"
		},
		{
			"Id": "ParamEff3",
			"GroupId": "ParamGroup",
			"Name": "エフェクト3"
		},
		{
			"Id": "ParamEff4",
			"GroupId": "ParamGroup",
			"Name": "エフェクト4"
		},
		{
			"Id": "ParamEff5",
			"GroupId": "ParamGroup",
			"Name": "エフェクト5"
		},
		{
			"Id": "ParamEff6",
			"GroupId": "ParamGroup",
			"Name": "エフェクト6"
		},
		{
			"Id": "ParamEff7",
			"GroupId": "ParamGroup",
			"Name": "エフェクト7"
		},
		{
			"Id": "ParamEff8",
			"GroupId": "ParamGroup",
			"Name": "エフェクト8"
		},
		{
			"Id": "ParamEff9",
			"GroupId": "ParamGroup",
			"Name": "エフェクト9"
		},
		{
			"Id": "ParamEff10",
			"GroupId": "ParamGroup",
			"Name": "エフェクト10"
		},
		{
			"Id": "ParamEff11",
			"GroupId": "ParamGroup",
			"Name": "エフェクト11"
		},
		{
			"Id": "ParamEff12",
			"GroupId": "ParamGroup",
			"Name": "エフェクト12"
		},
		{
			"Id": "ParamEff13",
			"GroupId": "ParamGroup",
			"Name": "エフェクト13"
		},
		{
			"Id": "ParamEff14",
			"GroupId": "ParamGroup",
			"Name": "エフェクト14"
		},
		{
			"Id": "ParamEff15",
			"GroupId": "ParamGroup",
			"Name": "エフェクト15"
		},
		{
			"Id": "ParamEff16",
			"GroupId": "ParamGroup",
			"Name": "エフェクト16"
		},
		{
			"Id": "ParamEff17",
			"GroupId": "ParamGroup",
			"Name": "エフェクト17"
		},
		{
			"Id": "ParamEff18",
			"GroupId": "ParamGroup",
			"Name": "エフェクト18"
		},
		{
			"Id": "ParamEff19",
			"GroupId": "ParamGroup",
			"Name": "エフェクト19"
		},
		{
			"Id": "ParamEff20",
			"GroupId": "ParamGroup",
			"Name": "エフェクト20"
		},
		{
			"Id": "ParamEff21",
			"GroupId": "ParamGroup",
			"Name": "エフェクト21"
		},
		{
			"Id": "ParamEff22",
			"GroupId": "ParamGroup",
			"Name": "エフェクト22"
		},
		{
			"Id": "ParamEff23",
			"GroupId": "ParamGroup",
			"Name": "エフェクト23"
		},
		{
			"Id": "ParamEff24",
			"GroupId": "ParamGroup",
			"Name": "エフェクト24"
		},
		{
			"Id": "ParamEff25",
			"GroupId": "ParamGroup",
			"Name": "エフェクト25"
		},
		{
			"Id": "ParamEff26",
			"GroupId": "ParamGroup",
			"Name": "エフェクト26"
		},
		{
			"Id": "ParamEff27",
			"GroupId": "ParamGroup",
			"Name": "エフェクト27"
		},
		{
			"Id": "ParamEff28",
			"GroupId": "ParamGroup",
			"Name": "エフェクト28"
		},
		{
			"Id": "ParamEff29",
			"GroupId": "ParamGroup",
			"Name": "エフェクト29"
		},
		{
			"Id": "ParamEff30",
			"GroupId": "ParamGroup",
			"Name": "エフェクト30"
		},
		{
			"Id": "ParamEff31",
			"GroupId": "ParamGroup",
			"Name": "エフェクト31"
		},
		{
			"Id": "ParamEff32",
			"GroupId": "ParamGroup",
			"Name": "エフェクト32"
		},
		{
			"Id": "ParamEff33",
			"GroupId": "ParamGroup",
			"Name": "エフェクト33"
		},
		{
			"Id": "ParamPachi",
			"GroupId": "ParamGroup2",
			"Name": "目パチ"
		},
		{
			"Id": "ParamLegL1",
			"GroupId": "ParamGroup2",
			"Name": "右太もも"
		},
		{
			"Id": "ParamLegL2",
			"GroupId": "ParamGroup2",
			"Name": "右足"
		},
		{
			"Id": "ParamLegR1",
			"GroupId": "ParamGroup2",
			"Name": "左太もも"
		},
		{
			"Id": "ParamLegR2",
			"GroupId": "ParamGroup2",
			"Name": "左足"
		},
		{
			"Id": "ParamEyeRL",
			"GroupId": "ParamGroup2",
			"Name": "目Hi左右"
		},
		{
			"Id": "ParamEyeUD",
			"GroupId": "ParamGroup2",
			"Name": "目Hi上下"
		},
		{
			"Id": "ParamEyeBS",
			"GroupId": "ParamGroup2",
			"Name": "目Hi大小"
		},
		{
			"Id": "ParamPaiRY",
			"GroupId": "ParamGroup2",
			"Name": "右胸 Y"
		},
		{
			"Id": "ParamPaiRX",
			"GroupId": "ParamGroup2",
			"Name": "右胸 X"
		},
		{
			"Id": "ParamPaiRY2",
			"GroupId": "ParamGroup2",
			"Name": "右胸 Y2"
		},
		{
			"Id": "ParamPaiRX2",
			"GroupId": "ParamGroup2",
			"Name": "右胸 X2"
		},
		{
			"Id": "ParamPaiLY",
			"GroupId": "ParamGroup2",
			"Name": "左胸 Y"
		},
		{
			"Id": "ParamPaiLX",
			"GroupId": "ParamGroup2",
			"Name": "左胸 X"
		},
		{
			"Id": "ParamPaiLY2",
			"GroupId": "ParamGroup2",
			"Name": "左胸 Y2"
		},
		{
			"Id": "ParamPaiLX2",
			"GroupId": "ParamGroup2",
			"Name": "左胸 X2"
		},
		{
			"Id": "ParamBreat",
			"GroupId": "ParamGroup2",
			"Name": "呼吸"
		},
		{
			"Id": "ParamPaiRibonX",
			"GroupId": "ParamGroup3",
			"Name": "胸リボン X"
		},
		{
			"Id": "ParamPaiRibonY",
			"GroupId": "ParamGroup3",
			"Name": "胸リボン Y"
		},
		{
			"Id": "ParamRibonX",
			"GroupId": "ParamGroup3",
			"Name": "リボン X"
		},
		{
			"Id": "ParamRibonY",
			"GroupId": "ParamGroup3",
			"Name": "リボン Y"
		},
		{
			"Id": "ParamTwin",
			"GroupId": "ParamGroup3",
			"Name": "ツインテ"
		},
		{
			"Id": "Param_Angle_Rotation2",
			"GroupId": "ParamGroup4",
			"Name": "[0]左前髪"
		},
		{
			"Id": "Param_Angle_Rotation3",
			"GroupId": "ParamGroup4",
			"Name": "[1]左前髪"
		},
		{
			"Id": "Param_Angle_Rotation4",
			"GroupId": "ParamGroup4",
			"Name": "[2]左前髪"
		},
		{
			"Id": "Param_Angle_Rotation6",
			"GroupId": "ParamGroup5",
			"Name": "[0]右前髪"
		},
		{
			"Id": "Param_Angle_Rotation7",
			"GroupId": "ParamGroup5",
			"Name": "[1]右前髪"
		},
		{
			"Id": "Param_Angle_Rotation8",
			"GroupId": "ParamGroup5",
			"Name": "[2]右前髪"
		},
		{
			"Id": "Param_Angle_Rotation10",
			"GroupId": "ParamGroup6",
			"Name": "[0]右前髪長"
		},
		{
			"Id": "Param_Angle_Rotation11",
			"GroupId": "ParamGroup6",
			"Name": "[1]右前髪長"
		},
		{
			"Id": "Param_Angle_Rotation12",
			"GroupId": "ParamGroup6",
			"Name": "[2]右前髪長"
		},
		{
			"Id": "Param_Angle_Rotation13",
			"GroupId": "ParamGroup6",
			"Name": "[3]右前髪長"
		},
		{
			"Id": "Param_Angle_Rotation15",
			"GroupId": "ParamGroup7",
			"Name": "[0]アホ毛"
		},
		{
			"Id": "Param_Angle_Rotation16",
			"GroupId": "ParamGroup7",
			"Name": "[1]アホ毛"
		},
		{
			"Id": "Param_Angle_Rotation18",
			"GroupId": "ParamGroup8",
			"Name": "[0]前髪中央"
		},
		{
			"Id": "Param_Angle_Rotation19",
			"GroupId": "ParamGroup8",
			"Name": "[1]前髪中央"
		},
		{
			"Id": "Param_Angle_Rotation20",
			"GroupId": "ParamGroup8",
			"Name": "[2]前髪中央"
		},
		{
			"Id": "Param_Angle_Rotation22",
			"GroupId": "ParamGroup9",
			"Name": "[0]右髪"
		},
		{
			"Id": "Param_Angle_Rotation23",
			"GroupId": "ParamGroup9",
			"Name": "[1]右髪"
		},
		{
			"Id": "Param_Angle_Rotation24",
			"GroupId": "ParamGroup9",
			"Name": "[2]右髪"
		},
		{
			"Id": "Param_Angle_Rotation26",
			"GroupId": "ParamGroup10",
			"Name": "[0]右前髪長サブ"
		},
		{
			"Id": "Param_Angle_Rotation27",
			"GroupId": "ParamGroup10",
			"Name": "[1]右前髪長サブ"
		},
		{
			"Id": "Param_Angle_Rotation28",
			"GroupId": "ParamGroup10",
			"Name": "[2]右前髪長サブ"
		},
		{
			"Id": "Param_Angle_Rotation29",
			"GroupId": "ParamGroup11",
			"Name": "[0]右髪紐1"
		},
		{
			"Id": "Param_Angle_Rotation30",
			"GroupId": "ParamGroup11",
			"Name": "[1]右髪紐1"
		},
		{
			"Id": "Param_Angle_Rotation31",
			"GroupId": "ParamGroup11",
			"Name": "[2]右髪紐1"
		},
		{
			"Id": "Param_Angle_Rotation32",
			"GroupId": "ParamGroup11",
			"Name": "[3]右髪紐1"
		},
		{
			"Id": "Param_Angle_Rotation33",
			"GroupId": "ParamGroup12",
			"Name": "[0]右髪紐2"
		},
		{
			"Id": "Param_Angle_Rotation34",
			"GroupId": "ParamGroup12",
			"Name": "[1]右髪紐2"
		},
		{
			"Id": "Param_Angle_Rotation35",
			"GroupId": "ParamGroup12",
			"Name": "[2]右髪紐2"
		},
		{
			"Id": "Param_Angle_Rotation36",
			"GroupId": "ParamGroup12",
			"Name": "[3]右髪紐2"
		},
		{
			"Id": "Param_Angle_Rotation37",
			"GroupId": "ParamGroup13",
			"Name": "[0]右髪紐3"
		},
		{
			"Id": "Param_Angle_Rotation38",
			"GroupId": "ParamGroup13",
			"Name": "[1]右髪紐3"
		},
		{
			"Id": "Param_Angle_Rotation39",
			"GroupId": "ParamGroup13",
			"Name": "[2]右髪紐3"
		},
		{
			"Id": "Param_Angle_Rotation40",
			"GroupId": "ParamGroup13",
			"Name": "[3]右髪紐3"
		},
		{
			"Id": "Param_Angle_Rotation41",
			"GroupId": "ParamGroup14",
			"Name": "[0]右髪紐4"
		},
		{
			"Id": "Param_Angle_Rotation42",
			"GroupId": "ParamGroup14",
			"Name": "[1]右髪紐4"
		},
		{
			"Id": "Param_Angle_Rotation43",
			"GroupId": "ParamGroup14",
			"Name": "[2]右髪紐4"
		},
		{
			"Id": "Param_Angle_Rotation44",
			"GroupId": "ParamGroup14",
			"Name": "[3]右髪紐4"
		},
		{
			"Id": "Param_Angle_Rotation45",
			"GroupId": "ParamGroup15",
			"Name": "[0]右髪紐5"
		},
		{
			"Id": "Param_Angle_Rotation46",
			"GroupId": "ParamGroup15",
			"Name": "[1]右髪紐5"
		},
		{
			"Id": "Param_Angle_Rotation47",
			"GroupId": "ParamGroup15",
			"Name": "[2]右髪紐5"
		},
		{
			"Id": "Param_Angle_Rotation48",
			"GroupId": "ParamGroup15",
			"Name": "[3]右髪紐5"
		},
		{
			"Id": "Param_Angle_Rotation49",
			"GroupId": "ParamGroup16",
			"Name": "[0]右髪紐6"
		},
		{
			"Id": "Param_Angle_Rotation50",
			"GroupId": "ParamGroup16",
			"Name": "[1]右髪紐6"
		},
		{
			"Id": "Param_Angle_Rotation51",
			"GroupId": "ParamGroup16",
			"Name": "[2]右髪紐6"
		},
		{
			"Id": "Param_Angle_Rotation52",
			"GroupId": "ParamGroup16",
			"Name": "[3]右髪紐6"
		},
		{
			"Id": "Param_Angle_Rotation53",
			"GroupId": "ParamGroup17",
			"Name": "[0]左髪紐2"
		},
		{
			"Id": "Param_Angle_Rotation54",
			"GroupId": "ParamGroup17",
			"Name": "[1]左髪紐2"
		},
		{
			"Id": "Param_Angle_Rotation55",
			"GroupId": "ParamGroup17",
			"Name": "[2]左髪紐2"
		},
		{
			"Id": "Param_Angle_Rotation56",
			"GroupId": "ParamGroup17",
			"Name": "[3]左髪紐2"
		},
		{
			"Id": "Param_Angle_Rotation57",
			"GroupId": "ParamGroup18",
			"Name": "[0]左髪紐3"
		},
		{
			"Id": "Param_Angle_Rotation58",
			"GroupId": "ParamGroup18",
			"Name": "[1]左髪紐3"
		},
		{
			"Id": "Param_Angle_Rotation59",
			"GroupId": "ParamGroup18",
			"Name": "[2]左髪紐3"
		},
		{
			"Id": "Param_Angle_Rotation60",
			"GroupId": "ParamGroup18",
			"Name": "[3]左髪紐3"
		},
		{
			"Id": "Param_Angle_Rotation62",
			"GroupId": "ParamGroup19",
			"Name": "[0]右後髪長2"
		},
		{
			"Id": "Param_Angle_Rotation63",
			"GroupId": "ParamGroup19",
			"Name": "[1]右後髪長2"
		},
		{
			"Id": "Param_Angle_Rotation64",
			"GroupId": "ParamGroup19",
			"Name": "[2]右後髪長2"
		},
		{
			"Id": "Param_Angle_Rotation65",
			"GroupId": "ParamGroup19",
			"Name": "[3]右後髪長2"
		},
		{
			"Id": "Param_Angle_Rotation67",
			"GroupId": "ParamGroup20",
			"Name": "[0]左もみあげ"
		},
		{
			"Id": "Param_Angle_Rotation68",
			"GroupId": "ParamGroup20",
			"Name": "[1]左もみあげ"
		},
		{
			"Id": "Param_Angle_Rotation69",
			"GroupId": "ParamGroup20",
			"Name": "[2]左もみあげ"
		},
		{
			"Id": "Param_Angle_Rotation71",
			"GroupId": "ParamGroup21",
			"Name": "[0]左横髪"
		},
		{
			"Id": "Param_Angle_Rotation72",
			"GroupId": "ParamGroup21",
			"Name": "[1]左横髪"
		},
		{
			"Id": "Param_Angle_Rotation73",
			"GroupId": "ParamGroup21",
			"Name": "[2]左横髪"
		},
		{
			"Id": "Param_Angle_Rotation74",
			"GroupId": "ParamGroup22",
			"Name": "[0]左髪紐1"
		},
		{
			"Id": "Param_Angle_Rotation75",
			"GroupId": "ParamGroup22",
			"Name": "[1]左髪紐1"
		},
		{
			"Id": "Param_Angle_Rotation76",
			"GroupId": "ParamGroup22",
			"Name": "[2]左髪紐1"
		},
		{
			"Id": "Param_Angle_Rotation77",
			"GroupId": "ParamGroup22",
			"Name": "[3]左髪紐1"
		},
		{
			"Id": "Param_Angle_Rotation78",
			"GroupId": "ParamGroup23",
			"Name": "[0]左髪紐4"
		},
		{
			"Id": "Param_Angle_Rotation79",
			"GroupId": "ParamGroup23",
			"Name": "[1]左髪紐4"
		},
		{
			"Id": "Param_Angle_Rotation80",
			"GroupId": "ParamGroup23",
			"Name": "[2]左髪紐4"
		},
		{
			"Id": "Param_Angle_Rotation81",
			"GroupId": "ParamGroup23",
			"Name": "[3]左髪紐4"
		},
		{
			"Id": "Param_Angle_Rotation83",
			"GroupId": "ParamGroup24",
			"Name": "[0]右後髪長サブ"
		},
		{
			"Id": "Param_Angle_Rotation84",
			"GroupId": "ParamGroup24",
			"Name": "[1]右後髪長サブ"
		},
		{
			"Id": "Param_Angle_Rotation85",
			"GroupId": "ParamGroup24",
			"Name": "[2]右後髪長サブ"
		},
		{
			"Id": "Param_Angle_Rotation86",
			"GroupId": "ParamGroup24",
			"Name": "[3]右後髪長サブ"
		},
		{
			"Id": "Param_Angle_Rotation88",
			"GroupId": "ParamGroup25",
			"Name": "[0]左後髪大"
		},
		{
			"Id": "Param_Angle_Rotation89",
			"GroupId": "ParamGroup25",
			"Name": "[1]左後髪大"
		},
		{
			"Id": "Param_Angle_Rotation90",
			"GroupId": "ParamGroup25",
			"Name": "[2]左後髪大"
		},
		{
			"Id": "Param_Angle_Rotation91",
			"GroupId": "ParamGroup25",
			"Name": "[3]左後髪大"
		},
		{
			"Id": "Param_Angle_Rotation100",
			"GroupId": "ParamGroup25",
			"Name": "[4]左後髪大"
		},
		{
			"Id": "Param_Angle_Rotation101",
			"GroupId": "ParamGroup25",
			"Name": "[5]左後髪大"
		},
		{
			"Id": "Paramhair",
			"GroupId": "ParamGroup25",
			"Name": "下髪"
		},
		{
			"Id": "Param_Angle_Rotation92",
			"GroupId": "ParamGroup26",
			"Name": "[0]左後髪大サブ"
		},
		{
			"Id": "Param_Angle_Rotation93",
			"GroupId": "ParamGroup26",
			"Name": "[1]左後髪大サブ"
		},
		{
			"Id": "Param_Angle_Rotation94",
			"GroupId": "ParamGroup26",
			"Name": "[2]左後髪大サブ"
		},
		{
			"Id": "Param_Angle_Rotation95",
			"GroupId": "ParamGroup26",
			"Name": "[3]左後髪大サブ"
		},
		{
			"Id": "Param_Angle_Rotation96",
			"GroupId": "ParamGroup26",
			"Name": "[4]左後髪大サブ"
		},
		{
			"Id": "Param_Angle_Rotation98",
			"GroupId": "ParamGroup27",
			"Name": "[0]左後髪大サブ2"
		},
		{
			"Id": "Param_Angle_Rotation99",
			"GroupId": "ParamGroup27",
			"Name": "[1]左後髪大サブ2"
		}
	],
	"ParameterGroups": [
		{
			"Id": "ParamGroup",
			"GroupId": "",
			"Name": "エフェクト"
		},
		{
			"Id": "ParamGroup2",
			"GroupId": "",
			"Name": "URアニメーション"
		},
		{
			"Id": "ParamGroup3",
			"GroupId": "",
			"Name": "追加"
		},
		{
			"Id": "ParamGroup4",
			"GroupId": "",
			"Name": "左前髪"
		},
		{
			"Id": "ParamGroup5",
			"GroupId": "",
			"Name": "右前髪"
		},
		{
			"Id": "ParamGroup6",
			"GroupId": "",
			"Name": "右前髪長"
		},
		{
			"Id": "ParamGroup7",
			"GroupId": "",
			"Name": "アホ毛"
		},
		{
			"Id": "ParamGroup8",
			"GroupId": "",
			"Name": "前髪中央"
		},
		{
			"Id": "ParamGroup9",
			"GroupId": "",
			"Name": "右髪"
		},
		{
			"Id": "ParamGroup10",
			"GroupId": "",
			"Name": "右前髪長サブ"
		},
		{
			"Id": "ParamGroup11",
			"GroupId": "",
			"Name": "右髪紐1"
		},
		{
			"Id": "ParamGroup12",
			"GroupId": "",
			"Name": "右髪紐2"
		},
		{
			"Id": "ParamGroup13",
			"GroupId": "",
			"Name": "右髪紐3"
		},
		{
			"Id": "ParamGroup14",
			"GroupId": "",
			"Name": "右髪紐4"
		},
		{
			"Id": "ParamGroup15",
			"GroupId": "",
			"Name": "右髪紐5"
		},
		{
			"Id": "ParamGroup16",
			"GroupId": "",
			"Name": "右髪紐6"
		},
		{
			"Id": "ParamGroup17",
			"GroupId": "",
			"Name": "左髪紐2"
		},
		{
			"Id": "ParamGroup18",
			"GroupId": "",
			"Name": "左髪紐3"
		},
		{
			"Id": "ParamGroup19",
			"GroupId": "",
			"Name": "右後髪長2"
		},
		{
			"Id": "ParamGroup20",
			"GroupId": "",
			"Name": "左もみあげ"
		},
		{
			"Id": "ParamGroup21",
			"GroupId": "",
			"Name": "左横髪"
		},
		{
			"Id": "ParamGroup22",
			"GroupId": "",
			"Name": "左髪紐1"
		},
		{
			"Id": "ParamGroup23",
			"GroupId": "",
			"Name": "左髪紐4"
		},
		{
			"Id": "ParamGroup24",
			"GroupId": "",
			"Name": "右後髪長サブ"
		},
		{
			"Id": "ParamGroup25",
			"GroupId": "",
			"Name": "左後髪大"
		},
		{
			"Id": "ParamGroup26",
			"GroupId": "",
			"Name": "左後髪大サブ"
		},
		{
			"Id": "ParamGroup27",
			"GroupId": "",
			"Name": "左後髪大サブ2"
		}
	],
	"Parts": [
		{
			"Id": "Part31",
			"Name": "1920x1440_3.psd"
		},
		{
			"Id": "Part30",
			"Name": "1920x1440.psd"
		},
		{
			"Id": "Part",
			"Name": "エフェクト"
		},
		{
			"Id": "Part10",
			"Name": "実体エフェクト"
		},
		{
			"Id": "Part23",
			"Name": "水"
		},
		{
			"Id": "Part24",
			"Name": "前髪"
		},
		{
			"Id": "Part25",
			"Name": "頭"
		},
		{
			"Id": "Part27",
			"Name": "胸"
		},
		{
			"Id": "Part28",
			"Name": "体リボン"
		},
		{
			"Id": "Part29",
			"Name": "体後"
		},
		{
			"Id": "Part2",
			"Name": "光エフェクト"
		},
		{
			"Id": "Part6",
			"Name": "丸エフェクト"
		},
		{
			"Id": "Part11",
			"Name": "金粉"
		},
		{
			"Id": "Part15",
			"Name": "金丸"
		},
		{
			"Id": "Part22",
			"Name": "紙吹雪"
		},
		{
			"Id": "ArtMesh113_Skinning",
			"Name": "左前髪(スキニング)"
		},
		{
			"Id": "ArtMesh114_Skinning",
			"Name": "右前髪(スキニング)"
		},
		{
			"Id": "ArtMesh115_Skinning",
			"Name": "右前髪長(スキニング)"
		},
		{
			"Id": "ArtMesh116_Skinning",
			"Name": "アホ毛(スキニング)"
		},
		{
			"Id": "ArtMesh118_Skinning",
			"Name": "前髪中央(スキニング)"
		},
		{
			"Id": "ArtMesh119_Skinning",
			"Name": "右髪(スキニング)"
		},
		{
			"Id": "ArtMesh120_Skinning",
			"Name": "右前髪長サブ(スキニング)"
		},
		{
			"Id": "ArtMesh125_Skinning",
			"Name": "右髪紐1(スキニング)"
		},
		{
			"Id": "ArtMesh126_Skinning",
			"Name": "右髪紐2(スキニング)"
		},
		{
			"Id": "ArtMesh127_Skinning",
			"Name": "右髪紐3(スキニング)"
		},
		{
			"Id": "ArtMesh128_Skinning",
			"Name": "右髪紐4(スキニング)"
		},
		{
			"Id": "ArtMesh129_Skinning",
			"Name": "右髪紐5(スキニング)"
		},
		{
			"Id": "ArtMesh130_Skinning",
			"Name": "右髪紐6(スキニング)"
		},
		{
			"Id": "ArtMesh131_Skinning",
			"Name": "左髪紐2(スキニング)"
		},
		{
			"Id": "ArtMesh132_Skinning",
			"Name": "左髪紐3(スキニング)"
		},
		{
			"Id": "ArtMesh133_Skinning",
			"Name": "右後髪長2(スキニング)"
		},
		{
			"Id": "Part26",
			"Name": "目閉じ"
		},
		{
			"Id": "ArtMesh139_Skinning",
			"Name": "左もみあげ(スキニング)"
		},
		{
			"Id": "ArtMesh140_Skinning",
			"Name": "左横髪(スキニング)"
		},
		{
			"Id": "ArtMesh156_Skinning",
			"Name": "左髪紐1(スキニング)"
		},
		{
			"Id": "ArtMesh157_Skinning",
			"Name": "左髪紐4(スキニング)"
		},
		{
			"Id": "ArtMesh158_Skinning",
			"Name": "右後髪長サブ(スキニング)"
		},
		{
			"Id": "ArtMesh160_Skinning",
			"Name": "左後髪大(スキニング)"
		},
		{
			"Id": "ArtMesh161_Skinning",
			"Name": "左後髪大サブ(スキニング)"
		},
		{
			"Id": "ArtMesh162_Skinning",
			"Name": "左後髪大サブ2(スキニング)"
		},
		{
			"Id": "Part3",
			"Name": "グループ 10"
		},
		{
			"Id": "Part4",
			"Name": "グループ 11"
		},
		{
			"Id": "Part5",
			"Name": "グループ 12"
		},
		{
			"Id": "Part7",
			"Name": "グループ 13"
		},
		{
			"Id": "Part8",
			"Name": "グループ 14"
		},
		{
			"Id": "Part9",
			"Name": "グループ 15"
		},
		{
			"Id": "Part12",
			"Name": "グループ 1"
		},
		{
			"Id": "Part13",
			"Name": "グループ 2"
		},
		{
			"Id": "Part14",
			"Name": "グループ 3"
		},
		{
			"Id": "Part16",
			"Name": "グループ 5"
		},
		{
			"Id": "Part17",
			"Name": "グループ 4"
		},
		{
			"Id": "Part18",
			"Name": "グループ 6"
		},
		{
			"Id": "Part19",
			"Name": "グループ 7"
		},
		{
			"Id": "Part20",
			"Name": "グループ 8"
		},
		{
			"Id": "Part21",
			"Name": "グループ 9"
		}
	],
	"CombinedParameters": [
		[
			"ParamEyeRL",
			"ParamEyeUD"
		],
		[
			"ParamPaiRY",
			"ParamPaiRX"
		],
		[
			"ParamPaiRY2",
			"ParamPaiRX2"
		],
		[
			"ParamPaiLY",
			"ParamPaiLX"
		],
		[
			"ParamPaiLY2",
			"ParamPaiLX2"
		],
		[
			"ParamPaiRibonX",
			"ParamPaiRibonY"
		],
		[
			"ParamRibonX",
			"ParamRibonY"
		]
	]
}