{
	"Version": 3,
	"Meta": {
		"Duration": 5,
		"Fps": 30.0,
		"Loop": true,
		"AreBeziersRestricted": true,
		"CurveCount": 112,
		"TotalSegmentCount": 586,
		"TotalPointCount": 1822,
		"UserDataCount": 0,
		"TotalUserDataSize": 0
	},
	"Curves": [
		{
			"Target": "Model",
			"Id": "Opacity",
			"Segments": [
				0,
				1,
				0,
				5,
				1
			]
		},
		{
			"Target": "Parameter",
			"Id": "Param",
			"Segments": [
				0,
				0,
				1,
				0.111,
				0,
				0.222,
				30,
				0.333,
				30,
				1,
				0.367,
				30,
				0.4,
				15,
				0.433,
				15,
				1,
				0.489,
				15,
				0.544,
				30,
				0.6,
				30,
				1,
				0.744,
				30,
				0.889,
				0,
				1.033,
				0,
				1,
				1.233,
				0,
				1.433,
				30,
				1.633,
				30,
				1,
				1.667,
				30,
				1.7,
				15,
				1.733,
				15,
				1,
				1.756,
				15,
				1.778,
				30,
				1.8,
				30,
				1,
				1.833,
				30,
				1.867,
				30,
				1.9,
				30,
				1,
				2.1,
				30,
				2.3,
				0,
				2.5,
				0,
				1,
				3.333,
				0,
				4.167,
				0,
				5,
				0
			]
		},
		{
			"Target": "Parameter",
			"Id": "Param2",
			"Segments": [
				0,
				0,
				1,
				0.089,
				0,
				0.178,
				0,
				0.267,
				0,
				1,
				0.378,
				0,
				0.489,
				30,
				0.6,
				30,
				1,
				0.633,
				30,
				0.667,
				15,
				0.7,
				15,
				1,
				0.756,
				15,
				0.811,
				30,
				0.867,
				30,
				1,
				1.011,
				30,
				1.156,
				0,
				1.3,
				0,
				1,
				1.5,
				0,
				1.7,
				30,
				1.9,
				30,
				1,
				1.933,
				30,
				1.967,
				15,
				2,
				15,
				1,
				2.022,
				15,
				2.044,
				30,
				2.067,
				30,
				1,
				2.1,
				30,
				2.133,
				30,
				2.167,
				30,
				1,
				2.367,
				30,
				2.567,
				0,
				2.767,
				0,
				1,
				3.511,
				0,
				4.256,
				0,
				5,
				0
			]
		},
		{
			"Target": "Parameter",
			"Id": "Param3",
			"Segments": [
				0,
				0,
				1,
				0.156,
				0,
				0.311,
				0,
				0.467,
				0,
				1,
				0.578,
				0,
				0.689,
				30,
				0.8,
				30,
				1,
				0.833,
				30,
				0.867,
				14,
				0.9,
				14,
				1,
				0.956,
				14,
				1.011,
				30,
				1.067,
				30,
				1,
				1.211,
				30,
				1.356,
				0,
				1.5,
				0,
				1,
				1.7,
				0,
				1.9,
				30,
				2.1,
				30,
				1,
				2.133,
				30,
				2.167,
				14,
				2.2,
				14,
				1,
				2.222,
				14,
				2.244,
				30,
				2.267,
				30,
				1,
				2.3,
				30,
				2.333,
				30,
				2.367,
				30,
				1,
				2.567,
				30,
				2.767,
				0,
				2.967,
				0,
				1,
				3.644,
				0,
				4.322,
				0,
				5,
				0
			]
		},
		{
			"Target": "Parameter",
			"Id": "Param4",
			"Segments": [
				0,
				0,
				1,
				0.256,
				0,
				0.511,
				0,
				0.767,
				0,
				1,
				0.878,
				0,
				0.989,
				30,
				1.1,
				30,
				1,
				1.133,
				30,
				1.167,
				14,
				1.2,
				14,
				1,
				1.256,
				14,
				1.311,
				30,
				1.367,
				30,
				1,
				1.511,
				30,
				1.656,
				0,
				1.8,
				0,
				1,
				2,
				0,
				2.2,
				30,
				2.4,
				30,
				1,
				2.433,
				30,
				2.467,
				14,
				2.5,
				14,
				1,
				2.522,
				14,
				2.544,
				30,
				2.567,
				30,
				1,
				2.6,
				30,
				2.633,
				30,
				2.667,
				30,
				1,
				2.867,
				30,
				3.067,
				0,
				3.267,
				0,
				1,
				3.844,
				0,
				4.422,
				0,
				5,
				0
			]
		},
		{
			"Target": "Parameter",
			"Id": "Param5",
			"Segments": [
				0,
				0,
				1,
				0.367,
				0,
				0.733,
				0,
				1.1,
				0,
				1,
				1.211,
				0,
				1.322,
				30,
				1.433,
				30,
				1,
				1.467,
				30,
				1.5,
				15,
				1.533,
				15,
				1,
				1.589,
				15,
				1.644,
				30,
				1.7,
				30,
				1,
				1.844,
				30,
				1.989,
				0,
				2.133,
				0,
				1,
				2.333,
				0,
				2.533,
				30,
				2.733,
				30,
				1,
				2.767,
				30,
				2.8,
				15,
				2.833,
				15,
				1,
				2.856,
				15,
				2.878,
				30,
				2.9,
				30,
				1,
				2.933,
				30,
				2.967,
				30,
				3,
				30,
				1,
				3.2,
				30,
				3.4,
				0,
				3.6,
				0,
				1,
				4.067,
				0,
				4.533,
				0,
				5,
				0
			]
		},
		{
			"Target": "Parameter",
			"Id": "Param6",
			"Segments": [
				0,
				0,
				1,
				0.489,
				0,
				0.978,
				0,
				1.467,
				0,
				1,
				1.578,
				0,
				1.689,
				30,
				1.8,
				30,
				1,
				1.833,
				30,
				1.867,
				14,
				1.9,
				14,
				1,
				1.956,
				14,
				2.011,
				30,
				2.067,
				30,
				1,
				2.211,
				30,
				2.356,
				0,
				2.5,
				0,
				1,
				2.7,
				0,
				2.9,
				30,
				3.1,
				30,
				1,
				3.133,
				30,
				3.167,
				14,
				3.2,
				14,
				1,
				3.222,
				14,
				3.244,
				30,
				3.267,
				30,
				1,
				3.3,
				30,
				3.333,
				30,
				3.367,
				30,
				1,
				3.567,
				30,
				3.767,
				0,
				3.967,
				0,
				1,
				4.311,
				0,
				4.656,
				0,
				5,
				0
			]
		},
		{
			"Target": "Parameter",
			"Id": "Param7",
			"Segments": [
				0,
				0,
				1,
				0.578,
				0,
				1.156,
				0,
				1.733,
				0,
				1,
				1.844,
				0,
				1.956,
				30,
				2.067,
				30,
				1,
				2.1,
				30,
				2.133,
				15,
				2.167,
				15,
				1,
				2.222,
				15,
				2.278,
				30,
				2.333,
				30,
				1,
				2.478,
				30,
				2.622,
				0,
				2.767,
				0,
				1,
				2.967,
				0,
				3.167,
				30,
				3.367,
				30,
				1,
				3.4,
				30,
				3.433,
				15,
				3.467,
				15,
				1,
				3.489,
				15,
				3.511,
				30,
				3.533,
				30,
				1,
				3.567,
				30,
				3.6,
				30,
				3.633,
				30,
				1,
				3.833,
				30,
				4.033,
				0,
				4.233,
				0,
				1,
				4.489,
				0,
				4.744,
				0,
				5,
				0
			]
		},
		{
			"Target": "Parameter",
			"Id": "Param8",
			"Segments": [
				0,
				0,
				1,
				0.689,
				0,
				1.378,
				0,
				2.067,
				0,
				1,
				2.178,
				0,
				2.289,
				30,
				2.4,
				30,
				1,
				2.433,
				30,
				2.467,
				13,
				2.5,
				13,
				1,
				2.556,
				13,
				2.611,
				30,
				2.667,
				30,
				1,
				2.811,
				30,
				2.956,
				0,
				3.1,
				0,
				1,
				3.3,
				0,
				3.5,
				30,
				3.7,
				30,
				1,
				3.733,
				30,
				3.767,
				13,
				3.8,
				13,
				1,
				3.822,
				13,
				3.844,
				30,
				3.867,
				30,
				1,
				3.9,
				30,
				3.933,
				30,
				3.967,
				30,
				1,
				4.167,
				30,
				4.367,
				0,
				4.567,
				0,
				1,
				4.711,
				0,
				4.856,
				0,
				5,
				0
			]
		},
		{
			"Target": "Parameter",
			"Id": "Param9",
			"Segments": [
				0,
				0.269,
				1,
				0.011,
				0.269,
				0.022,
				0,
				0.033,
				0,
				1,
				0.867,
				0,
				1.7,
				0,
				2.533,
				0,
				1,
				2.644,
				0,
				2.756,
				30,
				2.867,
				30,
				1,
				2.9,
				30,
				2.933,
				14,
				2.967,
				14,
				1,
				3.022,
				14,
				3.078,
				30,
				3.133,
				30,
				1,
				3.278,
				30,
				3.422,
				0,
				3.567,
				0,
				1,
				3.767,
				0,
				3.967,
				30,
				4.167,
				30,
				1,
				4.2,
				30,
				4.233,
				14,
				4.267,
				14,
				1,
				4.289,
				14,
				4.311,
				30,
				4.333,
				30,
				1,
				4.367,
				30,
				4.4,
				30,
				4.433,
				30,
				1,
				4.622,
				30,
				4.811,
				0.269,
				5,
				0.269
			]
		},
		{
			"Target": "Parameter",
			"Id": "Param10",
			"Segments": [
				0,
				26.2,
				1,
				0.156,
				26.2,
				0.311,
				0,
				0.467,
				0,
				1,
				1.3,
				0,
				2.133,
				0,
				2.967,
				0,
				1,
				3.078,
				0,
				3.189,
				30,
				3.3,
				30,
				1,
				3.333,
				30,
				3.367,
				14,
				3.4,
				14,
				1,
				3.456,
				14,
				3.511,
				30,
				3.567,
				30,
				1,
				3.711,
				30,
				3.856,
				0,
				4,
				0,
				1,
				4.2,
				0,
				4.4,
				30,
				4.6,
				30,
				1,
				4.633,
				30,
				4.667,
				14,
				4.7,
				14,
				1,
				4.722,
				14,
				4.744,
				30,
				4.767,
				30,
				1,
				4.8,
				30,
				4.833,
				30,
				4.867,
				30,
				1,
				4.911,
				30,
				4.956,
				26.2,
				5,
				26.2
			]
		},
		{
			"Target": "Parameter",
			"Id": "Param11",
			"Segments": [
				0,
				25.533,
				1,
				0.022,
				25.533,
				0.044,
				13,
				0.067,
				13,
				1,
				0.089,
				13,
				0.111,
				30,
				0.133,
				30,
				1,
				0.167,
				30,
				0.2,
				30,
				0.233,
				30,
				1,
				0.433,
				30,
				0.633,
				0,
				0.833,
				0,
				1,
				1.667,
				0,
				2.5,
				0,
				3.333,
				0,
				1,
				3.444,
				0,
				3.556,
				30,
				3.667,
				30,
				1,
				3.7,
				30,
				3.733,
				13,
				3.767,
				13,
				1,
				3.822,
				13,
				3.878,
				30,
				3.933,
				30,
				1,
				4.078,
				30,
				4.222,
				0,
				4.367,
				0,
				1,
				4.567,
				0,
				4.767,
				30,
				4.967,
				30,
				1,
				4.978,
				30,
				4.989,
				25.533,
				5,
				25.533
			]
		},
		{
			"Target": "Parameter",
			"Id": "Param12",
			"Segments": [
				0,
				15,
				1,
				0.1,
				15,
				0.2,
				30,
				0.3,
				30,
				1,
				0.333,
				30,
				0.367,
				13,
				0.4,
				13,
				1,
				0.422,
				13,
				0.444,
				30,
				0.467,
				30,
				1,
				0.5,
				30,
				0.533,
				30,
				0.567,
				30,
				1,
				0.767,
				30,
				0.967,
				0,
				1.167,
				0,
				1,
				2,
				0,
				2.833,
				0,
				3.667,
				0,
				1,
				3.778,
				0,
				3.889,
				30,
				4,
				30,
				1,
				4.033,
				30,
				4.067,
				13,
				4.1,
				13,
				1,
				4.156,
				13,
				4.211,
				30,
				4.267,
				30,
				1,
				4.411,
				30,
				4.556,
				0,
				4.7,
				0,
				1,
				4.8,
				0,
				4.9,
				15,
				5,
				15
			]
		},
		{
			"Target": "Parameter",
			"Id": "Param13",
			"Segments": [
				0,
				0,
				1,
				0.344,
				0,
				0.689,
				0,
				1.033,
				0,
				1,
				1.144,
				0,
				1.256,
				30,
				1.367,
				30,
				1,
				1.4,
				30,
				1.433,
				11,
				1.467,
				11,
				1,
				1.522,
				11,
				1.578,
				30,
				1.633,
				30,
				1,
				1.778,
				30,
				1.922,
				0,
				2.067,
				0,
				1,
				2.267,
				0,
				2.467,
				30,
				2.667,
				30,
				1,
				2.7,
				30,
				2.733,
				11,
				2.767,
				11,
				1,
				2.789,
				11,
				2.811,
				30,
				2.833,
				30,
				1,
				2.867,
				30,
				2.9,
				30,
				2.933,
				30,
				1,
				3.133,
				30,
				3.333,
				0,
				3.533,
				0,
				1,
				4.022,
				0,
				4.511,
				0,
				5,
				0
			]
		},
		{
			"Target": "Parameter",
			"Id": "Param14",
			"Segments": [
				0,
				28.078,
				1,
				0.122,
				28.078,
				0.244,
				0,
				0.367,
				0,
				1,
				0.567,
				0,
				0.767,
				30,
				0.967,
				30,
				1,
				1,
				30,
				1.033,
				12,
				1.067,
				12,
				1,
				1.089,
				12,
				1.111,
				30,
				1.133,
				30,
				1,
				1.167,
				30,
				1.2,
				30,
				1.233,
				30,
				1,
				1.433,
				30,
				1.633,
				0,
				1.833,
				0,
				1,
				2.667,
				0,
				3.5,
				0,
				4.333,
				0,
				1,
				4.444,
				0,
				4.556,
				30,
				4.667,
				30,
				1,
				4.7,
				30,
				4.733,
				12,
				4.767,
				12,
				1,
				4.822,
				12,
				4.878,
				30,
				4.933,
				30,
				1,
				4.956,
				30,
				4.978,
				28.078,
				5,
				28.078
			]
		},
		{
			"Target": "Parameter",
			"Id": "Param15",
			"Segments": [
				0,
				25.533,
				1,
				0.022,
				25.533,
				0.044,
				13,
				0.067,
				13,
				1,
				0.122,
				13,
				0.178,
				30,
				0.233,
				30,
				1,
				0.378,
				30,
				0.522,
				0,
				0.667,
				0,
				1,
				0.867,
				0,
				1.067,
				30,
				1.267,
				30,
				1,
				1.3,
				30,
				1.333,
				13,
				1.367,
				13,
				1,
				1.389,
				13,
				1.411,
				30,
				1.433,
				30,
				1,
				1.467,
				30,
				1.5,
				30,
				1.533,
				30,
				1,
				1.733,
				30,
				1.933,
				0,
				2.133,
				0,
				1,
				2.967,
				0,
				3.8,
				0,
				4.633,
				0,
				1,
				4.744,
				0,
				4.856,
				30,
				4.967,
				30,
				1,
				4.978,
				30,
				4.989,
				25.533,
				5,
				25.533
			]
		},
		{
			"Target": "Parameter",
			"Id": "Param16",
			"Segments": [
				0,
				26.2,
				1,
				0.156,
				12.039,
				0.311,
				0,
				0.467,
				0,
				1,
				1.3,
				0,
				2.133,
				0,
				2.967,
				0,
				1,
				3.078,
				0,
				3.189,
				30,
				3.3,
				30,
				1,
				3.333,
				30,
				3.367,
				14,
				3.4,
				14,
				1,
				3.456,
				14,
				3.511,
				30,
				3.567,
				30,
				1,
				3.711,
				30,
				3.856,
				0,
				4,
				0,
				1,
				4.2,
				0,
				4.4,
				30,
				4.6,
				30,
				1,
				4.633,
				30,
				4.667,
				14,
				4.7,
				14,
				1,
				4.722,
				14,
				4.744,
				30,
				4.767,
				30,
				1,
				4.8,
				30,
				4.833,
				30,
				4.867,
				30,
				1,
				4.911,
				30,
				4.956,
				26.2,
				5,
				26.2
			]
		},
		{
			"Target": "Parameter",
			"Id": "Param17",
			"Segments": [
				0,
				0,
				1,
				0.4,
				0,
				0.8,
				0,
				1.2,
				0,
				1,
				1.311,
				0,
				1.422,
				30,
				1.533,
				30,
				1,
				1.567,
				30,
				1.6,
				13,
				1.633,
				13,
				1,
				1.689,
				13,
				1.744,
				30,
				1.8,
				30,
				1,
				1.944,
				30,
				2.089,
				0,
				2.233,
				0,
				1,
				2.433,
				0,
				2.633,
				30,
				2.833,
				30,
				1,
				2.867,
				30,
				2.9,
				13,
				2.933,
				13,
				1,
				2.956,
				13,
				2.978,
				30,
				3,
				30,
				1,
				3.033,
				30,
				3.067,
				30,
				3.1,
				30,
				1,
				3.3,
				30,
				3.5,
				0,
				3.7,
				0,
				1,
				4.133,
				0,
				4.567,
				0,
				5,
				0
			]
		},
		{
			"Target": "Parameter",
			"Id": "Param18",
			"Segments": [
				0,
				0,
				1,
				0.711,
				0,
				1.422,
				0,
				2.133,
				0,
				1,
				2.244,
				0,
				2.356,
				30,
				2.467,
				30,
				1,
				2.5,
				30,
				2.533,
				12,
				2.567,
				12,
				1,
				2.622,
				12,
				2.678,
				30,
				2.733,
				30,
				1,
				2.878,
				30,
				3.022,
				0,
				3.167,
				0,
				1,
				3.367,
				0,
				3.567,
				30,
				3.767,
				30,
				1,
				3.8,
				30,
				3.833,
				12,
				3.867,
				12,
				1,
				3.889,
				12,
				3.911,
				30,
				3.933,
				30,
				1,
				3.967,
				30,
				4,
				30,
				4.033,
				30,
				1,
				4.233,
				30,
				4.433,
				0,
				4.633,
				0,
				1,
				4.756,
				0,
				4.878,
				0,
				5,
				0
			]
		},
		{
			"Target": "Parameter",
			"Id": "Param19",
			"Segments": [
				0,
				0,
				1,
				0.111,
				0,
				0.222,
				30,
				0.333,
				30,
				1,
				0.367,
				30,
				0.4,
				12,
				0.433,
				12,
				1,
				0.489,
				12,
				0.544,
				30,
				0.6,
				30,
				1,
				0.744,
				30,
				0.889,
				0,
				1.033,
				0,
				1,
				1.233,
				0,
				1.433,
				30,
				1.633,
				30,
				1,
				1.667,
				30,
				1.7,
				12,
				1.733,
				12,
				1,
				1.756,
				12,
				1.778,
				30,
				1.8,
				30,
				1,
				1.833,
				30,
				1.867,
				30,
				1.9,
				30,
				1,
				2.1,
				30,
				2.3,
				0,
				2.5,
				0,
				1,
				3.333,
				0,
				4.167,
				0,
				5,
				0
			]
		},
		{
			"Target": "Parameter",
			"Id": "Param20",
			"Segments": [
				0,
				0,
				1,
				0.289,
				0,
				0.578,
				0,
				0.867,
				0,
				1,
				0.978,
				0,
				1.089,
				30,
				1.2,
				30,
				1,
				1.233,
				30,
				1.267,
				14,
				1.3,
				14,
				1,
				1.356,
				14,
				1.411,
				30,
				1.467,
				30,
				1,
				1.611,
				30,
				1.756,
				0,
				1.9,
				0,
				1,
				2.1,
				0,
				2.3,
				30,
				2.5,
				30,
				1,
				2.533,
				30,
				2.567,
				14,
				2.6,
				14,
				1,
				2.622,
				14,
				2.644,
				30,
				2.667,
				30,
				1,
				2.7,
				30,
				2.733,
				30,
				2.767,
				30,
				1,
				2.967,
				30,
				3.167,
				0,
				3.367,
				0,
				1,
				3.911,
				0,
				4.456,
				0,
				5,
				0
			]
		},
		{
			"Target": "Parameter",
			"Id": "ParamBreath",
			"Segments": [
				0,
				0,
				1,
				0.833,
				0,
				1.667,
				1,
				2.5,
				1,
				1,
				3.333,
				1,
				4.167,
				0,
				5,
				0
			]
		},
		{
			"Target": "Parameter",
			"Id": "Param21",
			"Segments": [
				0,
				0,
				1,
				0.056,
				0,
				0.111,
				30,
				0.167,
				30,
				1,
				0.211,
				30,
				0.256,
				-30,
				0.3,
				-30,
				1,
				0.356,
				-30,
				0.411,
				30,
				0.467,
				30,
				1,
				0.511,
				30,
				0.556,
				0,
				0.6,
				0,
				1,
				0.656,
				0,
				0.711,
				30,
				0.767,
				30,
				1,
				0.811,
				30,
				0.856,
				-30,
				0.9,
				-30,
				1,
				0.956,
				-30,
				1.011,
				30,
				1.067,
				30,
				1,
				1.111,
				30,
				1.156,
				0,
				1.2,
				0,
				1,
				1.256,
				0,
				1.311,
				30,
				1.367,
				30,
				1,
				1.411,
				30,
				1.456,
				-30,
				1.5,
				-30,
				1,
				1.556,
				-30,
				1.611,
				30,
				1.667,
				30,
				1,
				1.711,
				30,
				1.756,
				0,
				1.8,
				0,
				1,
				1.856,
				0,
				1.911,
				30,
				1.967,
				30,
				1,
				2.011,
				30,
				2.056,
				-30,
				2.1,
				-30,
				1,
				2.156,
				-30,
				2.211,
				30,
				2.267,
				30,
				1,
				2.311,
				30,
				2.356,
				0,
				2.4,
				0,
				1,
				2.456,
				0,
				2.511,
				30,
				2.567,
				30,
				1,
				2.611,
				30,
				2.656,
				-30,
				2.7,
				-30,
				1,
				2.756,
				-30,
				2.811,
				30,
				2.867,
				30,
				1,
				2.911,
				30,
				2.956,
				0,
				3,
				0,
				1,
				3.056,
				0,
				3.111,
				30,
				3.167,
				30,
				1,
				3.211,
				30,
				3.256,
				-30,
				3.3,
				-30,
				1,
				3.356,
				-30,
				3.411,
				30,
				3.467,
				30,
				1,
				3.511,
				30,
				3.556,
				0,
				3.6,
				0,
				1,
				3.656,
				0,
				3.711,
				30,
				3.767,
				30,
				1,
				3.811,
				30,
				3.856,
				-30,
				3.9,
				-30,
				1,
				3.956,
				-30,
				4.011,
				30,
				4.067,
				30,
				1,
				4.111,
				30,
				4.156,
				0,
				4.2,
				0,
				1,
				4.256,
				0,
				4.311,
				30,
				4.367,
				30,
				1,
				4.411,
				30,
				4.456,
				-30,
				4.5,
				-30,
				1,
				4.556,
				-30,
				4.611,
				30,
				4.667,
				30,
				1,
				4.711,
				30,
				4.756,
				0,
				4.8,
				0,
				1,
				4.867,
				0,
				4.933,
				0,
				5,
				0
			]
		},
		{
			"Target": "Parameter",
			"Id": "Param22",
			"Segments": [
				0,
				0,
				1,
				0.022,
				0,
				0.044,
				-10,
				0.067,
				-10,
				1,
				0.1,
				-10,
				0.133,
				0.913,
				0.167,
				6,
				1,
				0.189,
				9.391,
				0.211,
				9,
				0.233,
				9,
				1,
				0.267,
				9,
				0.3,
				-17,
				0.333,
				-17,
				1,
				0.367,
				-17,
				0.4,
				-16.412,
				0.433,
				-10,
				1,
				0.467,
				-3.588,
				0.5,
				6,
				0.533,
				6,
				1,
				0.556,
				6,
				0.578,
				4.977,
				0.6,
				0,
				1,
				0.622,
				-4.977,
				0.644,
				-10,
				0.667,
				-10,
				1,
				0.7,
				-10,
				0.733,
				0.913,
				0.767,
				6,
				1,
				0.789,
				9.391,
				0.811,
				9,
				0.833,
				9,
				1,
				0.867,
				9,
				0.9,
				-17,
				0.933,
				-17,
				1,
				0.967,
				-17,
				1,
				-16.412,
				1.033,
				-10,
				1,
				1.067,
				-3.588,
				1.1,
				6,
				1.133,
				6,
				1,
				1.156,
				6,
				1.178,
				4.977,
				1.2,
				0,
				1,
				1.222,
				-4.977,
				1.244,
				-10,
				1.267,
				-10,
				1,
				1.3,
				-10,
				1.333,
				0.913,
				1.367,
				6,
				1,
				1.389,
				9.391,
				1.411,
				9,
				1.433,
				9,
				1,
				1.467,
				9,
				1.5,
				-17,
				1.533,
				-17,
				1,
				1.567,
				-17,
				1.6,
				-16.412,
				1.633,
				-10,
				1,
				1.667,
				-3.588,
				1.7,
				6,
				1.733,
				6,
				1,
				1.756,
				6,
				1.778,
				4.977,
				1.8,
				0,
				1,
				1.822,
				-4.977,
				1.844,
				-10,
				1.867,
				-10,
				1,
				1.9,
				-10,
				1.933,
				0.913,
				1.967,
				6,
				1,
				1.989,
				9.391,
				2.011,
				9,
				2.033,
				9,
				1,
				2.067,
				9,
				2.1,
				-17,
				2.133,
				-17,
				1,
				2.167,
				-17,
				2.2,
				-16.412,
				2.233,
				-10,
				1,
				2.267,
				-3.588,
				2.3,
				6,
				2.333,
				6,
				1,
				2.356,
				6,
				2.378,
				4.977,
				2.4,
				0,
				1,
				2.422,
				-4.977,
				2.444,
				-10,
				2.467,
				-10,
				1,
				2.5,
				-10,
				2.533,
				0.913,
				2.567,
				6,
				1,
				2.589,
				9.391,
				2.611,
				9,
				2.633,
				9,
				1,
				2.667,
				9,
				2.7,
				-17,
				2.733,
				-17,
				1,
				2.767,
				-17,
				2.8,
				-16.412,
				2.833,
				-10,
				1,
				2.867,
				-3.588,
				2.9,
				6,
				2.933,
				6,
				1,
				2.956,
				6,
				2.978,
				4.977,
				3,
				0,
				1,
				3.022,
				-4.977,
				3.044,
				-10,
				3.067,
				-10,
				1,
				3.1,
				-10,
				3.133,
				0.913,
				3.167,
				6,
				1,
				3.189,
				9.391,
				3.211,
				9,
				3.233,
				9,
				1,
				3.267,
				9,
				3.3,
				-17,
				3.333,
				-17,
				1,
				3.367,
				-17,
				3.4,
				-16.412,
				3.433,
				-10,
				1,
				3.467,
				-3.588,
				3.5,
				6,
				3.533,
				6,
				1,
				3.556,
				6,
				3.578,
				4.977,
				3.6,
				0,
				1,
				3.622,
				-4.977,
				3.644,
				-10,
				3.667,
				-10,
				1,
				3.7,
				-10,
				3.733,
				0.913,
				3.767,
				6,
				1,
				3.789,
				9.391,
				3.811,
				9,
				3.833,
				9,
				1,
				3.867,
				9,
				3.9,
				-17,
				3.933,
				-17,
				1,
				3.967,
				-17,
				4,
				-16.412,
				4.033,
				-10,
				1,
				4.067,
				-3.588,
				4.1,
				6,
				4.133,
				6,
				1,
				4.156,
				6,
				4.178,
				4.977,
				4.2,
				0,
				1,
				4.222,
				-4.977,
				4.244,
				-10,
				4.267,
				-10,
				1,
				4.3,
				-10,
				4.333,
				0.913,
				4.367,
				6,
				1,
				4.389,
				9.391,
				4.411,
				9,
				4.433,
				9,
				1,
				4.467,
				9,
				4.5,
				-17,
				4.533,
				-17,
				1,
				4.567,
				-17,
				4.6,
				-16.412,
				4.633,
				-10,
				1,
				4.667,
				-3.588,
				4.7,
				6,
				4.733,
				6,
				1,
				4.756,
				6,
				4.778,
				4.977,
				4.8,
				0,
				1,
				4.822,
				-4.977,
				4.844,
				-10,
				4.867,
				-10,
				1,
				4.9,
				-10,
				4.933,
				6,
				4.967,
				6,
				0,
				5,
				6
			]
		},
		{
			"Target": "Parameter",
			"Id": "Param23",
			"Segments": [
				0,
				0,
				1,
				0.022,
				0,
				0.044,
				14,
				0.067,
				14,
				1,
				0.1,
				14,
				0.133,
				-15,
				0.167,
				-15,
				1,
				0.189,
				-15,
				0.211,
				4,
				0.233,
				4,
				1,
				0.267,
				4,
				0.3,
				-15,
				0.333,
				-15,
				1,
				0.367,
				-15,
				0.4,
				14,
				0.433,
				14,
				1,
				0.467,
				14,
				0.5,
				-15,
				0.533,
				-15,
				1,
				0.556,
				-15,
				0.578,
				-9.655,
				0.6,
				0,
				1,
				0.622,
				9.655,
				0.644,
				14,
				0.667,
				14,
				1,
				0.7,
				14,
				0.733,
				-15,
				0.767,
				-15,
				1,
				0.789,
				-15,
				0.811,
				4,
				0.833,
				4,
				1,
				0.867,
				4,
				0.9,
				-15,
				0.933,
				-15,
				1,
				0.967,
				-15,
				1,
				14,
				1.033,
				14,
				1,
				1.067,
				14,
				1.1,
				-15,
				1.133,
				-15,
				1,
				1.156,
				-15,
				1.178,
				-9.655,
				1.2,
				0,
				1,
				1.222,
				9.655,
				1.244,
				14,
				1.267,
				14,
				1,
				1.3,
				14,
				1.333,
				-15,
				1.367,
				-15,
				1,
				1.389,
				-15,
				1.411,
				4,
				1.433,
				4,
				1,
				1.467,
				4,
				1.5,
				-15,
				1.533,
				-15,
				1,
				1.567,
				-15,
				1.6,
				14,
				1.633,
				14,
				1,
				1.667,
				14,
				1.7,
				-15,
				1.733,
				-15,
				1,
				1.756,
				-15,
				1.778,
				-9.655,
				1.8,
				0,
				1,
				1.822,
				9.655,
				1.844,
				14,
				1.867,
				14,
				1,
				1.9,
				14,
				1.933,
				-15,
				1.967,
				-15,
				1,
				1.989,
				-15,
				2.011,
				4,
				2.033,
				4,
				1,
				2.067,
				4,
				2.1,
				-15,
				2.133,
				-15,
				1,
				2.167,
				-15,
				2.2,
				14,
				2.233,
				14,
				1,
				2.267,
				14,
				2.3,
				-15,
				2.333,
				-15,
				1,
				2.356,
				-15,
				2.378,
				-9.655,
				2.4,
				0,
				1,
				2.422,
				9.655,
				2.444,
				14,
				2.467,
				14,
				1,
				2.5,
				14,
				2.533,
				-15,
				2.567,
				-15,
				1,
				2.589,
				-15,
				2.611,
				4,
				2.633,
				4,
				1,
				2.667,
				4,
				2.7,
				-15,
				2.733,
				-15,
				1,
				2.767,
				-15,
				2.8,
				14,
				2.833,
				14,
				1,
				2.867,
				14,
				2.9,
				-15,
				2.933,
				-15,
				1,
				2.956,
				-15,
				2.978,
				-9.655,
				3,
				0,
				1,
				3.022,
				9.655,
				3.044,
				14,
				3.067,
				14,
				1,
				3.1,
				14,
				3.133,
				-15,
				3.167,
				-15,
				1,
				3.189,
				-15,
				3.211,
				4,
				3.233,
				4,
				1,
				3.267,
				4,
				3.3,
				-15,
				3.333,
				-15,
				1,
				3.367,
				-15,
				3.4,
				14,
				3.433,
				14,
				1,
				3.467,
				14,
				3.5,
				-15,
				3.533,
				-15,
				1,
				3.556,
				-15,
				3.578,
				-9.655,
				3.6,
				0,
				1,
				3.622,
				9.655,
				3.644,
				14,
				3.667,
				14,
				1,
				3.7,
				14,
				3.733,
				-15,
				3.767,
				-15,
				1,
				3.789,
				-15,
				3.811,
				4,
				3.833,
				4,
				1,
				3.867,
				4,
				3.9,
				-15,
				3.933,
				-15,
				1,
				3.967,
				-15,
				4,
				14,
				4.033,
				14,
				1,
				4.067,
				14,
				4.1,
				-15,
				4.133,
				-15,
				1,
				4.156,
				-15,
				4.178,
				-9.655,
				4.2,
				0,
				1,
				4.222,
				9.655,
				4.244,
				14,
				4.267,
				14,
				1,
				4.3,
				14,
				4.333,
				-15,
				4.367,
				-15,
				1,
				4.389,
				-15,
				4.411,
				4,
				4.433,
				4,
				1,
				4.467,
				4,
				4.5,
				-15,
				4.533,
				-15,
				1,
				4.567,
				-15,
				4.6,
				14,
				4.633,
				14,
				1,
				4.667,
				14,
				4.7,
				-15,
				4.733,
				-15,
				1,
				4.756,
				-15,
				4.778,
				-9.655,
				4.8,
				0,
				1,
				4.822,
				9.655,
				4.844,
				14,
				4.867,
				14,
				1,
				4.9,
				14,
				4.933,
				-15,
				4.967,
				-15,
				0,
				5,
				-15
			]
		},
		{
			"Target": "Parameter",
			"Id": "ParamEyeLOpen",
			"Segments": [
				0,
				0,
				1,
				0.333,
				0,
				0.667,
				0,
				1,
				0,
				1,
				1.033,
				0,
				1.067,
				1,
				1.1,
				1,
				1,
				1.122,
				1,
				1.144,
				1,
				1.167,
				1,
				1,
				1.211,
				1,
				1.256,
				0,
				1.3,
				0,
				1,
				1.7,
				0,
				2.1,
				0,
				2.5,
				0,
				1,
				3.333,
				0,
				4.167,
				0,
				5,
				0
			]
		},
		{
			"Target": "Parameter",
			"Id": "ParamEyeROpen",
			"Segments": [
				0,
				0,
				1,
				0.333,
				0,
				0.667,
				0,
				1,
				0,
				1,
				1.033,
				0,
				1.067,
				1,
				1.1,
				1,
				1,
				1.122,
				1,
				1.144,
				1,
				1.167,
				1,
				1,
				1.211,
				1,
				1.256,
				0,
				1.3,
				0,
				1,
				1.7,
				0,
				2.1,
				0,
				2.5,
				0,
				1,
				3.333,
				0,
				4.167,
				0,
				5,
				0
			]
		},
		{
			"Target": "Parameter",
			"Id": "Param24",
			"Segments": [
				0,
				5.74,
				1,
				0.233,
				5.74,
				0.467,
				0,
				0.7,
				0,
				1,
				1.533,
				0,
				2.367,
				30,
				3.2,
				30,
				1,
				3.8,
				30,
				4.4,
				7.287,
				5,
				5.74
			]
		},
		{
			"Target": "Parameter",
			"Id": "Param_Angle_Rotation_1_ArtMesh13",
			"Segments": [
				0,
				-5,
				1,
				0.833,
				-5,
				1.667,
				-5,
				2.5,
				-5,
				1,
				3.333,
				-5,
				4.167,
				-5,
				5,
				-5
			]
		},
		{
			"Target": "Parameter",
			"Id": "Param_Angle_Rotation_2_ArtMesh13",
			"Segments": [
				0,
				3.898,
				1,
				0.056,
				3.898,
				0.111,
				4,
				0.167,
				4,
				1,
				1,
				4,
				1.833,
				-4,
				2.667,
				-4,
				1,
				3.444,
				-4,
				4.222,
				3.898,
				5,
				3.898
			]
		},
		{
			"Target": "Parameter",
			"Id": "Param_Angle_Rotation_3_ArtMesh13",
			"Segments": [
				0,
				5.611,
				1,
				0.111,
				5.611,
				0.222,
				6,
				0.333,
				6,
				1,
				1.167,
				6,
				2,
				-2,
				2.833,
				-2,
				1,
				3.556,
				-2,
				4.278,
				5.611,
				5,
				5.611
			]
		},
		{
			"Target": "Parameter",
			"Id": "Param_Angle_Rotation_4_ArtMesh13",
			"Segments": [
				0,
				3.272,
				1,
				0.167,
				3.272,
				0.333,
				4,
				0.5,
				4,
				1,
				1.333,
				4,
				2.167,
				-3,
				3,
				-3,
				1,
				3.667,
				-3,
				4.333,
				3.272,
				5,
				3.272
			]
		},
		{
			"Target": "Parameter",
			"Id": "Param_Angle_Rotation_5_ArtMesh13",
			"Segments": [
				0,
				4.123,
				1,
				0.222,
				4.123,
				0.444,
				5,
				0.667,
				5,
				1,
				1.5,
				5,
				2.333,
				0,
				3.167,
				0,
				1,
				3.778,
				0,
				4.389,
				4.123,
				5,
				4.123
			]
		},
		{
			"Target": "Parameter",
			"Id": "Param_Angle_Rotation_6_ArtMesh13",
			"Segments": [
				0,
				3.673,
				1,
				0.289,
				3.673,
				0.578,
				7,
				0.867,
				7,
				1,
				1.7,
				7,
				2.533,
				-5,
				3.367,
				-5,
				1,
				3.911,
				-5,
				4.456,
				3.673,
				5,
				3.673
			]
		},
		{
			"Target": "Parameter",
			"Id": "Param_Angle_Rotation_7_ArtMesh13",
			"Segments": [
				0,
				3.13,
				1,
				0.333,
				3.13,
				0.667,
				7,
				1,
				7,
				1,
				1.833,
				7,
				2.667,
				-4,
				3.5,
				-4,
				1,
				4,
				-4,
				4.5,
				3.13,
				5,
				3.13
			]
		},
		{
			"Target": "Parameter",
			"Id": "Param_Angle_Rotation_1_ArtMesh14",
			"Segments": [
				0,
				4,
				1,
				0.833,
				4,
				1.667,
				0,
				2.5,
				0,
				1,
				3.333,
				0,
				4.167,
				4,
				5,
				4
			]
		},
		{
			"Target": "Parameter",
			"Id": "Param_Angle_Rotation_2_ArtMesh14",
			"Segments": [
				0,
				4.936,
				1,
				0.056,
				4.936,
				0.111,
				5,
				0.167,
				5,
				1,
				1,
				5,
				1.833,
				0,
				2.667,
				0,
				1,
				3.444,
				0,
				4.222,
				4.936,
				5,
				4.936
			]
		},
		{
			"Target": "Parameter",
			"Id": "Param_Angle_Rotation_3_ArtMesh14",
			"Segments": [
				0,
				2.854,
				1,
				0.111,
				2.854,
				0.222,
				3,
				0.333,
				3,
				1,
				1.167,
				3,
				2,
				0,
				2.833,
				0,
				1,
				3.556,
				0,
				4.278,
				2.854,
				5,
				2.854
			]
		},
		{
			"Target": "Parameter",
			"Id": "Param_Angle_Rotation_4_ArtMesh14",
			"Segments": [
				0,
				5.376,
				1,
				0.167,
				5.376,
				0.333,
				6,
				0.5,
				6,
				1,
				1.333,
				6,
				2.167,
				0,
				3,
				0,
				1,
				3.667,
				0,
				4.333,
				5.376,
				5,
				5.376
			]
		},
		{
			"Target": "Parameter",
			"Id": "Param_Angle_Rotation_5_ArtMesh14",
			"Segments": [
				0,
				2.474,
				1,
				0.222,
				2.474,
				0.444,
				3,
				0.667,
				3,
				1,
				1.5,
				3,
				2.333,
				0,
				3.167,
				0,
				1,
				3.778,
				0,
				4.389,
				2.474,
				5,
				2.474
			]
		},
		{
			"Target": "Parameter",
			"Id": "Param_Angle_Rotation_6_ArtMesh14",
			"Segments": [
				0,
				2.891,
				1,
				0.289,
				2.891,
				0.578,
				4,
				0.867,
				4,
				1,
				1.7,
				4,
				2.533,
				0,
				3.367,
				0,
				1,
				3.911,
				0,
				4.456,
				2.891,
				5,
				2.891
			]
		},
		{
			"Target": "Parameter",
			"Id": "Param_Angle_Rotation_7_ArtMesh14",
			"Segments": [
				0,
				1.944,
				1,
				0.333,
				1.944,
				0.667,
				3,
				1,
				3,
				1,
				1.833,
				3,
				2.667,
				0,
				3.5,
				0,
				1,
				4,
				0,
				4.5,
				1.944,
				5,
				1.944
			]
		},
		{
			"Target": "Parameter",
			"Id": "Param_Angle_Rotation_8_ArtMesh14",
			"Segments": [
				0,
				2.65,
				1,
				0.4,
				2.65,
				0.8,
				5,
				1.2,
				5,
				1,
				2.033,
				5,
				2.867,
				0,
				3.7,
				0,
				1,
				4.133,
				0,
				4.567,
				2.65,
				5,
				2.65
			]
		},
		{
			"Target": "Parameter",
			"Id": "Param_Angle_Rotation_9_ArtMesh14",
			"Segments": [
				0,
				2.251,
				1,
				0.444,
				2.251,
				0.889,
				5,
				1.333,
				5,
				1,
				2.167,
				5,
				3,
				0,
				3.833,
				0,
				1,
				4.222,
				0,
				4.611,
				2.251,
				5,
				2.251
			]
		},
		{
			"Target": "Parameter",
			"Id": "Param_Angle_Rotation_1_ArtMesh15",
			"Segments": [
				0,
				2,
				1,
				0.833,
				2,
				1.667,
				-3,
				2.5,
				-3,
				1,
				3.333,
				-3,
				4.167,
				2,
				5,
				2
			]
		},
		{
			"Target": "Parameter",
			"Id": "Param_Angle_Rotation_2_ArtMesh15",
			"Segments": [
				0,
				3.681,
				1,
				0.1,
				3.681,
				0.2,
				4,
				0.3,
				4,
				1,
				1.133,
				4,
				1.967,
				-4,
				2.8,
				-4,
				1,
				3.533,
				-4,
				4.267,
				3.681,
				5,
				3.681
			]
		},
		{
			"Target": "Parameter",
			"Id": "Param_Angle_Rotation_3_ArtMesh15",
			"Segments": [
				0,
				2.129,
				1,
				0.2,
				2.129,
				0.4,
				3,
				0.6,
				3,
				1,
				1.433,
				3,
				2.267,
				-3,
				3.1,
				-3,
				1,
				3.733,
				-3,
				4.367,
				2.129,
				5,
				2.129
			]
		},
		{
			"Target": "Parameter",
			"Id": "Param_Angle_Rotation_4_ArtMesh15",
			"Segments": [
				0,
				0.802,
				1,
				0.311,
				0.802,
				0.622,
				3,
				0.933,
				3,
				1,
				1.767,
				3,
				2.6,
				-4,
				3.433,
				-4,
				1,
				3.956,
				-4,
				4.478,
				0.802,
				5,
				0.802
			]
		},
		{
			"Target": "Parameter",
			"Id": "Param_Angle_Rotation_5_ArtMesh15",
			"Segments": [
				0,
				0.569,
				1,
				0.411,
				0.569,
				0.822,
				4,
				1.233,
				4,
				1,
				2.067,
				4,
				2.9,
				-3,
				3.733,
				-3,
				1,
				4.156,
				-3,
				4.578,
				0.569,
				5,
				0.569
			]
		},
		{
			"Target": "Parameter",
			"Id": "Param_Angle_Rotation_1_ArtMesh16",
			"Segments": [
				0,
				1,
				1,
				0.833,
				1,
				1.667,
				0,
				2.5,
				0,
				1,
				3.333,
				0,
				4.167,
				1,
				5,
				1
			]
		},
		{
			"Target": "Parameter",
			"Id": "Param_Angle_Rotation_2_ArtMesh16",
			"Segments": [
				0,
				0.854,
				1,
				0.111,
				0.854,
				0.222,
				1,
				0.333,
				1,
				1,
				1.167,
				1,
				2,
				-2,
				2.833,
				-2,
				1,
				3.556,
				-2,
				4.278,
				0.854,
				5,
				0.854
			]
		},
		{
			"Target": "Parameter",
			"Id": "Param_Angle_Rotation_3_ArtMesh16",
			"Segments": [
				0,
				1.039,
				1,
				0.211,
				1.039,
				0.422,
				2,
				0.633,
				2,
				1,
				1.467,
				2,
				2.3,
				-4,
				3.133,
				-4,
				1,
				3.756,
				-4,
				4.378,
				1.039,
				5,
				1.039
			]
		},
		{
			"Target": "Parameter",
			"Id": "Param_Angle_Rotation_4_ArtMesh16",
			"Segments": [
				0,
				-0.183,
				1,
				0.3,
				-0.183,
				0.6,
				1,
				0.9,
				1,
				1,
				1.733,
				1,
				2.567,
				-3,
				3.4,
				-3,
				1,
				3.933,
				-3,
				4.467,
				-0.183,
				5,
				-0.183
			]
		},
		{
			"Target": "Parameter",
			"Id": "Param_Angle_Rotation_5_ArtMesh16",
			"Segments": [
				0,
				-1.503,
				1,
				0.389,
				-1.503,
				0.778,
				3,
				1.167,
				3,
				1,
				2,
				3,
				2.833,
				-7,
				3.667,
				-7,
				1,
				4.111,
				-7,
				4.556,
				-1.503,
				5,
				-1.503
			]
		},
		{
			"Target": "Parameter",
			"Id": "Param_Angle_Rotation_1_ArtMesh17",
			"Segments": [
				0,
				0,
				1,
				0.833,
				0,
				1.667,
				-1,
				2.5,
				-1,
				1,
				3.333,
				-1,
				4.167,
				0,
				5,
				0
			]
		},
		{
			"Target": "Parameter",
			"Id": "Param_Angle_Rotation_2_ArtMesh17",
			"Segments": [
				0,
				-0.032,
				1,
				0.089,
				-0.032,
				0.178,
				0,
				0.267,
				0,
				1,
				1.1,
				0,
				1.933,
				-1,
				2.767,
				-1,
				1,
				3.511,
				-1,
				4.256,
				-0.032,
				5,
				-0.032
			]
		},
		{
			"Target": "Parameter",
			"Id": "Param_Angle_Rotation_3_ArtMesh17",
			"Segments": [
				0,
				-0.877,
				1,
				0.222,
				-0.877,
				0.444,
				0,
				0.667,
				0,
				1,
				1.5,
				0,
				2.333,
				-5,
				3.167,
				-5,
				1,
				3.778,
				-5,
				4.389,
				-0.877,
				5,
				-0.877
			]
		},
		{
			"Target": "Parameter",
			"Id": "Param_Angle_Rotation_4_ArtMesh17",
			"Segments": [
				0,
				-1.332,
				1,
				0.322,
				-1.332,
				0.644,
				0,
				0.967,
				0,
				1,
				1.8,
				0,
				2.633,
				-4,
				3.467,
				-4,
				1,
				3.978,
				-4,
				4.489,
				-1.332,
				5,
				-1.332
			]
		},
		{
			"Target": "Parameter",
			"Id": "Param_Angle_Rotation_5_ArtMesh17",
			"Segments": [
				0,
				-3.71,
				1,
				0.433,
				-3.71,
				0.867,
				0,
				1.3,
				0,
				1,
				2.133,
				0,
				2.967,
				-7,
				3.8,
				-7,
				1,
				4.2,
				-7,
				4.6,
				-3.71,
				5,
				-3.71
			]
		},
		{
			"Target": "Parameter",
			"Id": "Param_Angle_Rotation_1_ArtMesh18",
			"Segments": [
				0,
				1,
				1,
				0.833,
				1,
				1.667,
				0,
				2.5,
				0,
				1,
				3.333,
				0,
				4.167,
				1,
				5,
				1
			]
		},
		{
			"Target": "Parameter",
			"Id": "Param_Angle_Rotation_2_ArtMesh18",
			"Segments": [
				0,
				2.927,
				1,
				0.078,
				2.927,
				0.156,
				3,
				0.233,
				3,
				1,
				1.067,
				3,
				1.9,
				0,
				2.733,
				0,
				1,
				3.489,
				0,
				4.244,
				2.927,
				5,
				2.927
			]
		},
		{
			"Target": "Parameter",
			"Id": "Param_Angle_Rotation_3_ArtMesh18",
			"Segments": [
				0,
				2.584,
				1,
				0.167,
				2.584,
				0.333,
				3,
				0.5,
				3,
				1,
				1.333,
				3,
				2.167,
				-1,
				3,
				-1,
				1,
				3.667,
				-1,
				4.333,
				2.584,
				5,
				2.584
			]
		},
		{
			"Target": "Parameter",
			"Id": "Param_Angle_Rotation_4_ArtMesh18",
			"Segments": [
				0,
				1.445,
				1,
				0.278,
				1.445,
				0.556,
				3,
				0.833,
				3,
				1,
				1.667,
				3,
				2.5,
				-3,
				3.333,
				-3,
				1,
				3.889,
				-3,
				4.444,
				1.445,
				5,
				1.445
			]
		},
		{
			"Target": "Parameter",
			"Id": "Param_Angle_Rotation_5_ArtMesh18",
			"Segments": [
				0,
				0.407,
				1,
				0.378,
				0.407,
				0.756,
				6,
				1.133,
				6,
				1,
				1.967,
				6,
				2.8,
				-7,
				3.633,
				-7,
				1,
				4.089,
				-7,
				4.544,
				0.407,
				5,
				0.407
			]
		},
		{
			"Target": "Parameter",
			"Id": "Param_Angle_Rotation_1_ArtMesh19",
			"Segments": [
				0,
				2,
				1,
				0.833,
				2,
				1.667,
				-1,
				2.5,
				-1,
				1,
				3.333,
				-1,
				4.167,
				2,
				5,
				2
			]
		},
		{
			"Target": "Parameter",
			"Id": "Param_Angle_Rotation_2_ArtMesh19",
			"Segments": [
				0,
				2.801,
				1,
				0.1,
				2.801,
				0.2,
				3,
				0.3,
				3,
				1,
				1.133,
				3,
				1.967,
				-2,
				2.8,
				-2,
				1,
				3.533,
				-2,
				4.267,
				2.801,
				5,
				2.801
			]
		},
		{
			"Target": "Parameter",
			"Id": "Param_Angle_Rotation_3_ArtMesh19",
			"Segments": [
				0,
				1.274,
				1,
				0.2,
				1.274,
				0.4,
				2,
				0.6,
				2,
				1,
				1.433,
				2,
				2.267,
				-3,
				3.1,
				-3,
				1,
				3.733,
				-3,
				4.367,
				1.274,
				5,
				1.274
			]
		},
		{
			"Target": "Parameter",
			"Id": "Param_Angle_Rotation_4_ArtMesh19",
			"Segments": [
				0,
				-0.454,
				1,
				0.311,
				-0.454,
				0.622,
				3,
				0.933,
				3,
				1,
				1.767,
				3,
				2.6,
				-8,
				3.433,
				-8,
				1,
				3.956,
				-8,
				4.478,
				-0.454,
				5,
				-0.454
			]
		},
		{
			"Target": "Parameter",
			"Id": "Param_Angle_Rotation_5_ArtMesh19",
			"Segments": [
				0,
				-4.544,
				1,
				0.444,
				-4.544,
				0.889,
				7,
				1.333,
				7,
				1,
				2.167,
				7,
				3,
				-14,
				3.833,
				-14,
				1,
				4.222,
				-14,
				4.611,
				-4.544,
				5,
				-4.544
			]
		},
		{
			"Target": "Parameter",
			"Id": "Param_Angle_Rotation_1_ArtMesh20",
			"Segments": [
				0,
				1,
				1,
				0.833,
				1,
				1.667,
				-3,
				2.5,
				-3,
				1,
				3.333,
				-3,
				4.167,
				1,
				5,
				1
			]
		},
		{
			"Target": "Parameter",
			"Id": "Param_Angle_Rotation_2_ArtMesh20",
			"Segments": [
				0,
				2.878,
				1,
				0.078,
				2.878,
				0.156,
				3,
				0.233,
				3,
				1,
				1.067,
				3,
				1.9,
				-2,
				2.733,
				-2,
				1,
				3.489,
				-2,
				4.244,
				2.878,
				5,
				2.878
			]
		},
		{
			"Target": "Parameter",
			"Id": "Param_Angle_Rotation_3_ArtMesh20",
			"Segments": [
				0,
				2.452,
				1,
				0.133,
				2.452,
				0.267,
				3,
				0.4,
				3,
				1,
				1.233,
				3,
				2.067,
				-5,
				2.9,
				-5,
				1,
				3.6,
				-5,
				4.3,
				2.452,
				5,
				2.452
			]
		},
		{
			"Target": "Parameter",
			"Id": "Param_Angle_Rotation_4_ArtMesh20",
			"Segments": [
				0,
				5.243,
				1,
				0.178,
				5.243,
				0.356,
				7,
				0.533,
				7,
				1,
				1.367,
				7,
				2.2,
				-8,
				3.033,
				-8,
				1,
				3.689,
				-8,
				4.344,
				5.243,
				5,
				5.243
			]
		},
		{
			"Target": "Parameter",
			"Id": "Param_Angle_Rotation_5_ArtMesh20",
			"Segments": [
				0,
				0,
				1,
				0.233,
				0,
				0.467,
				0,
				0.7,
				0,
				1,
				1.533,
				0,
				2.367,
				0,
				3.2,
				0,
				1,
				3.8,
				0,
				4.4,
				0,
				5,
				0
			]
		},
		{
			"Target": "Parameter",
			"Id": "Param_Angle_Rotation_6_ArtMesh20",
			"Segments": [
				0,
				2.891,
				1,
				0.289,
				2.891,
				0.578,
				4,
				0.867,
				4,
				1,
				1.7,
				4,
				2.533,
				0,
				3.367,
				0,
				1,
				3.911,
				0,
				4.456,
				2.891,
				5,
				2.891
			]
		},
		{
			"Target": "Parameter",
			"Id": "Param_Angle_Rotation_7_ArtMesh20",
			"Segments": [
				0,
				0.354,
				1,
				0.356,
				0.354,
				0.711,
				7,
				1.067,
				7,
				1,
				1.9,
				7,
				2.733,
				-10,
				3.567,
				-10,
				1,
				4.044,
				-10,
				4.522,
				0.354,
				5,
				0.354
			]
		},
		{
			"Target": "Parameter",
			"Id": "Param_Angle_Rotation_1_ArtMesh21",
			"Segments": [
				0,
				1,
				1,
				0.833,
				1,
				1.667,
				0,
				2.5,
				0,
				1,
				3.333,
				0,
				4.167,
				1,
				5,
				1
			]
		},
		{
			"Target": "Parameter",
			"Id": "Param_Angle_Rotation_2_ArtMesh21",
			"Segments": [
				0,
				1.962,
				1,
				0.056,
				1.962,
				0.111,
				2,
				0.167,
				2,
				1,
				1,
				2,
				1.833,
				-1,
				2.667,
				-1,
				1,
				3.444,
				-1,
				4.222,
				1.962,
				5,
				1.962
			]
		},
		{
			"Target": "Parameter",
			"Id": "Param_Angle_Rotation_3_ArtMesh21",
			"Segments": [
				0,
				1.725,
				1,
				0.156,
				1.725,
				0.311,
				2,
				0.467,
				2,
				1,
				1.3,
				2,
				2.133,
				-1,
				2.967,
				-1,
				1,
				3.644,
				-1,
				4.322,
				1.725,
				5,
				1.725
			]
		},
		{
			"Target": "Parameter",
			"Id": "Param_Angle_Rotation_4_ArtMesh21",
			"Segments": [
				0,
				0.445,
				1,
				0.278,
				0.445,
				0.556,
				2,
				0.833,
				2,
				1,
				1.667,
				2,
				2.5,
				-4,
				3.333,
				-4,
				1,
				3.889,
				-4,
				4.444,
				0.445,
				5,
				0.445
			]
		},
		{
			"Target": "Parameter",
			"Id": "Param_Angle_Rotation_5_ArtMesh21",
			"Segments": [
				0,
				-0.733,
				1,
				0.378,
				-0.733,
				0.756,
				4,
				1.133,
				4,
				1,
				1.967,
				4,
				2.8,
				-7,
				3.633,
				-7,
				1,
				4.089,
				-7,
				4.544,
				-0.733,
				5,
				-0.733
			]
		},
		{
			"Target": "Parameter",
			"Id": "Param_Angle_Rotation_1_ArtMesh22",
			"Segments": [
				0,
				1,
				1,
				0.833,
				1,
				1.667,
				-1,
				2.5,
				-1,
				1,
				3.333,
				-1,
				4.167,
				1,
				5,
				1
			]
		},
		{
			"Target": "Parameter",
			"Id": "Param_Angle_Rotation_2_ArtMesh22",
			"Segments": [
				0,
				1.905,
				1,
				0.089,
				1.905,
				0.178,
				2,
				0.267,
				2,
				1,
				1.1,
				2,
				1.933,
				-1,
				2.767,
				-1,
				1,
				3.511,
				-1,
				4.256,
				1.905,
				5,
				1.905
			]
		},
		{
			"Target": "Parameter",
			"Id": "Param_Angle_Rotation_3_ArtMesh22",
			"Segments": [
				0,
				1.584,
				1,
				0.167,
				1.584,
				0.333,
				2,
				0.5,
				2,
				1,
				1.333,
				2,
				2.167,
				-2,
				3,
				-2,
				1,
				3.667,
				-2,
				4.333,
				1.584,
				5,
				1.584
			]
		},
		{
			"Target": "Parameter",
			"Id": "Param_Angle_Rotation_4_ArtMesh22",
			"Segments": [
				0,
				-0.143,
				1,
				0.267,
				-0.143,
				0.533,
				3,
				0.8,
				3,
				1,
				1.633,
				3,
				2.467,
				-10,
				3.3,
				-10,
				1,
				3.867,
				-10,
				4.433,
				-0.143,
				5,
				-0.143
			]
		},
		{
			"Target": "Parameter",
			"Id": "Param_Angle_Rotation_5_ArtMesh22",
			"Segments": [
				0,
				1.688,
				1,
				0.344,
				1.688,
				0.689,
				8,
				1.033,
				8,
				1,
				1.867,
				8,
				2.7,
				-9,
				3.533,
				-9,
				1,
				4.022,
				-9,
				4.511,
				1.688,
				5,
				1.688
			]
		},
		{
			"Target": "Parameter",
			"Id": "Param_Angle_Rotation_1_ArtMesh28",
			"Segments": [
				0,
				0,
				1,
				0.833,
				0,
				1.667,
				-1,
				2.5,
				-1,
				1,
				3.333,
				-1,
				4.167,
				0,
				5,
				0
			]
		},
		{
			"Target": "Parameter",
			"Id": "Param_Angle_Rotation_2_ArtMesh28",
			"Segments": [
				0,
				1.81,
				1,
				0.089,
				1.81,
				0.178,
				2,
				0.267,
				2,
				1,
				1.1,
				2,
				1.933,
				-4,
				2.767,
				-4,
				1,
				3.511,
				-4,
				4.256,
				1.81,
				5,
				1.81
			]
		},
		{
			"Target": "Parameter",
			"Id": "Param_Angle_Rotation_3_ArtMesh28",
			"Segments": [
				0,
				-0.52,
				1,
				0.167,
				-0.52,
				0.333,
				0,
				0.5,
				0,
				1,
				1.333,
				0,
				2.167,
				-5,
				3,
				-5,
				1,
				3.667,
				-5,
				4.333,
				-0.52,
				5,
				-0.52
			]
		},
		{
			"Target": "Parameter",
			"Id": "Param_Angle_Rotation_4_ArtMesh28",
			"Segments": [
				0,
				3.099,
				1,
				0.267,
				3.099,
				0.533,
				6,
				0.8,
				6,
				1,
				1.633,
				6,
				2.467,
				-6,
				3.3,
				-6,
				1,
				3.867,
				-6,
				4.433,
				3.099,
				5,
				3.099
			]
		},
		{
			"Target": "Parameter",
			"Id": "Param_Angle_Rotation_5_ArtMesh28",
			"Segments": [
				0,
				2.255,
				1,
				0.367,
				2.255,
				0.733,
				8,
				1.1,
				8,
				1,
				1.933,
				8,
				2.767,
				-6,
				3.6,
				-6,
				1,
				4.067,
				-6,
				4.533,
				2.255,
				5,
				2.255
			]
		},
		{
			"Target": "PartOpacity",
			"Id": "Part",
			"Segments": [
				0,
				1,
				0,
				5,
				1
			]
		},
		{
			"Target": "PartOpacity",
			"Id": "ArtMesh13_Skinning",
			"Segments": [
				0,
				1,
				0,
				5,
				1
			]
		},
		{
			"Target": "PartOpacity",
			"Id": "Part2",
			"Segments": [
				0,
				1,
				0,
				5,
				1
			]
		},
		{
			"Target": "PartOpacity",
			"Id": "ArtMesh14_Skinning",
			"Segments": [
				0,
				1,
				0,
				5,
				1
			]
		},
		{
			"Target": "PartOpacity",
			"Id": "Part3",
			"Segments": [
				0,
				1,
				0,
				5,
				1
			]
		},
		{
			"Target": "PartOpacity",
			"Id": "ArtMesh15_Skinning",
			"Segments": [
				0,
				1,
				0,
				5,
				1
			]
		},
		{
			"Target": "PartOpacity",
			"Id": "Part4",
			"Segments": [
				0,
				1,
				0,
				5,
				1
			]
		},
		{
			"Target": "PartOpacity",
			"Id": "ArtMesh16_Skinning",
			"Segments": [
				0,
				1,
				0,
				5,
				1
			]
		},
		{
			"Target": "PartOpacity",
			"Id": "Part5",
			"Segments": [
				0,
				1,
				0,
				5,
				1
			]
		},
		{
			"Target": "PartOpacity",
			"Id": "ArtMesh17_Skinning",
			"Segments": [
				0,
				1,
				0,
				5,
				1
			]
		},
		{
			"Target": "PartOpacity",
			"Id": "Part6",
			"Segments": [
				0,
				1,
				0,
				5,
				1
			]
		},
		{
			"Target": "PartOpacity",
			"Id": "ArtMesh18_Skinning",
			"Segments": [
				0,
				1,
				0,
				5,
				1
			]
		},
		{
			"Target": "PartOpacity",
			"Id": "Part7",
			"Segments": [
				0,
				1,
				0,
				5,
				1
			]
		},
		{
			"Target": "PartOpacity",
			"Id": "ArtMesh19_Skinning",
			"Segments": [
				0,
				1,
				0,
				5,
				1
			]
		},
		{
			"Target": "PartOpacity",
			"Id": "Part8",
			"Segments": [
				0,
				1,
				0,
				5,
				1
			]
		},
		{
			"Target": "PartOpacity",
			"Id": "ArtMesh20_Skinning",
			"Segments": [
				0,
				1,
				0,
				5,
				1
			]
		},
		{
			"Target": "PartOpacity",
			"Id": "Part9",
			"Segments": [
				0,
				1,
				0,
				5,
				1
			]
		},
		{
			"Target": "PartOpacity",
			"Id": "ArtMesh21_Skinning",
			"Segments": [
				0,
				1,
				0,
				5,
				1
			]
		},
		{
			"Target": "PartOpacity",
			"Id": "Part10",
			"Segments": [
				0,
				1,
				0,
				5,
				1
			]
		},
		{
			"Target": "PartOpacity",
			"Id": "ArtMesh22_Skinning",
			"Segments": [
				0,
				1,
				0,
				5,
				1
			]
		},
		{
			"Target": "PartOpacity",
			"Id": "Part11",
			"Segments": [
				0,
				1,
				0,
				5,
				1
			]
		}
	]
}