{
	"Version": 3,
	"Meta": {
		"Duration": 6,
		"Fps": 30.0,
		"Loop": true,
		"AreBeziersRestricted": true,
		"CurveCount": 97,
		"TotalSegmentCount": 649,
		"TotalPointCount": 2044,
		"UserDataCount": 0,
		"TotalUserDataSize": 0
	},
	"Curves": [
		{
			"Target": "Parameter",
			"Id": "ParamBreat",
			"Segments": [
				0,
				0.5,
				1,
				0.5,
				0.833,
				1,
				1,
				1.5,
				1,
				1,
				2.5,
				1,
				3.5,
				0,
				4.5,
				0,
				1,
				5,
				0,
				5.5,
				0.167,
				6,
				0.5
			]
		},
		{
			"Target": "Parameter",
			"Id": "ParamFrill",
			"Segments": [
				0,
				-3.55,
				1,
				0.556,
				13.13,
				1.111,
				22.807,
				1.667,
				22.807,
				1,
				2.667,
				22.807,
				3.667,
				-22.389,
				4.667,
				-22.389,
				1,
				5.111,
				-22.389,
				5.556,
				-16.893,
				6,
				-3.55
			]
		},
		{
			"Target": "Parameter",
			"Id": "ParamBeam1",
			"Segments": [
				0,
				24.149,
				1,
				0.111,
				18.779,
				0.222,
				15.175,
				0.333,
				15.175,
				1,
				0.511,
				15.175,
				0.689,
				22.344,
				0.867,
				26.921,
				1,
				0.967,
				29.495,
				1.067,
				29.256,
				1.167,
				29.256,
				1,
				1.256,
				29.256,
				1.344,
				26.921,
				1.433,
				26.921,
				1,
				1.611,
				26.921,
				1.789,
				29.116,
				1.967,
				29.116,
				1,
				2.011,
				29.116,
				2.056,
				16.816,
				2.1,
				16.816,
				1,
				2.144,
				16.816,
				2.189,
				28.89,
				2.233,
				28.89,
				1,
				2.333,
				28.89,
				2.433,
				16.816,
				2.533,
				16.816,
				1,
				2.733,
				16.816,
				2.933,
				27.729,
				3.133,
				27.729,
				1,
				3.189,
				27.729,
				3.244,
				23.45,
				3.3,
				23.45,
				1,
				3.378,
				23.45,
				3.456,
				28.316,
				3.533,
				28.316,
				1,
				3.778,
				28.316,
				4.022,
				27.399,
				4.267,
				23.45,
				1,
				4.344,
				22.193,
				4.422,
				14.671,
				4.5,
				14.671,
				1,
				4.567,
				14.671,
				4.633,
				26.521,
				4.7,
				26.921,
				1,
				4.9,
				28.121,
				5.1,
				28.316,
				5.3,
				28.316,
				1,
				5.378,
				28.316,
				5.456,
				25.34,
				5.533,
				25.34,
				1,
				5.622,
				25.34,
				5.711,
				28.303,
				5.8,
				28.303,
				1,
				5.867,
				28.303,
				5.933,
				27.371,
				6,
				24.149
			]
		},
		{
			"Target": "Parameter",
			"Id": "ParamBeam2",
			"Segments": [
				0,
				26.15,
				1,
				0.056,
				25.664,
				0.111,
				25.384,
				0.167,
				25.384,
				1,
				0.322,
				25.384,
				0.478,
				28.279,
				0.633,
				28.279,
				1,
				0.689,
				28.279,
				0.744,
				22.618,
				0.8,
				22.618,
				1,
				0.889,
				22.618,
				0.978,
				26.74,
				1.067,
				26.74,
				1,
				1.244,
				26.74,
				1.422,
				15.228,
				1.6,
				15.228,
				1,
				1.844,
				15.228,
				2.089,
				26.286,
				2.333,
				26.286,
				1,
				2.378,
				26.286,
				2.422,
				12.875,
				2.467,
				12.875,
				1,
				2.489,
				12.875,
				2.511,
				28.282,
				2.533,
				28.282,
				1,
				2.711,
				28.282,
				2.889,
				15.228,
				3.067,
				15.228,
				1,
				3.256,
				15.228,
				3.444,
				28.279,
				3.633,
				28.279,
				1,
				3.689,
				28.279,
				3.744,
				23.952,
				3.8,
				23.952,
				1,
				3.867,
				23.952,
				3.933,
				28.279,
				4,
				28.279,
				1,
				4.122,
				28.279,
				4.244,
				20.811,
				4.367,
				20.811,
				1,
				4.656,
				20.811,
				4.944,
				26.74,
				5.233,
				26.74,
				1,
				5.333,
				26.74,
				5.433,
				14.969,
				5.533,
				14.969,
				1,
				5.644,
				14.969,
				5.756,
				26.7,
				5.867,
				26.7,
				1,
				5.911,
				26.7,
				5.956,
				26.538,
				6,
				26.15
			]
		},
		{
			"Target": "Parameter",
			"Id": "ParamBeam3",
			"Segments": [
				0,
				24.271,
				1,
				0.067,
				26.162,
				0.133,
				26.286,
				0.2,
				26.286,
				1,
				0.244,
				26.286,
				0.289,
				23.952,
				0.333,
				23.952,
				1,
				0.356,
				23.952,
				0.378,
				28.282,
				0.4,
				28.282,
				1,
				0.578,
				28.282,
				0.756,
				15.228,
				0.933,
				15.228,
				1,
				1.122,
				15.228,
				1.311,
				28.279,
				1.5,
				28.279,
				1,
				1.556,
				28.279,
				1.611,
				23.952,
				1.667,
				23.952,
				1,
				1.733,
				23.952,
				1.8,
				28.279,
				1.867,
				28.279,
				1,
				1.989,
				28.279,
				2.111,
				20.811,
				2.233,
				20.811,
				1,
				2.522,
				20.811,
				2.811,
				26.74,
				3.1,
				26.74,
				1,
				3.2,
				26.74,
				3.3,
				14.969,
				3.4,
				14.969,
				1,
				3.511,
				14.969,
				3.622,
				26.7,
				3.733,
				26.7,
				1,
				3.833,
				26.7,
				3.933,
				25.384,
				4.033,
				25.384,
				1,
				4.189,
				25.384,
				4.344,
				28.279,
				4.5,
				28.279,
				1,
				4.556,
				28.279,
				4.611,
				22.618,
				4.667,
				22.618,
				1,
				4.756,
				22.618,
				4.844,
				26.74,
				4.933,
				26.74,
				1,
				5.111,
				26.74,
				5.289,
				15.228,
				5.467,
				15.228,
				1,
				5.644,
				15.228,
				5.822,
				19.227,
				6,
				24.271
			]
		},
		{
			"Target": "Parameter",
			"Id": "ParamBeam4",
			"Segments": [
				0,
				23.18,
				1,
				0.089,
				26.402,
				0.178,
				27.729,
				0.267,
				27.729,
				1,
				0.322,
				27.729,
				0.378,
				23.45,
				0.433,
				23.45,
				1,
				0.511,
				23.45,
				0.589,
				28.316,
				0.667,
				28.316,
				1,
				0.911,
				28.316,
				1.156,
				27.399,
				1.4,
				23.45,
				1,
				1.478,
				22.193,
				1.556,
				14.671,
				1.633,
				14.671,
				1,
				1.7,
				14.671,
				1.767,
				26.521,
				1.833,
				26.921,
				1,
				2.033,
				28.121,
				2.233,
				28.316,
				2.433,
				28.316,
				1,
				2.511,
				28.316,
				2.589,
				25.34,
				2.667,
				25.34,
				1,
				2.756,
				25.34,
				2.844,
				28.303,
				2.933,
				28.303,
				1,
				3.111,
				28.303,
				3.289,
				15.175,
				3.467,
				15.175,
				1,
				3.644,
				15.175,
				3.822,
				22.344,
				4,
				26.921,
				1,
				4.1,
				29.495,
				4.2,
				29.256,
				4.3,
				29.256,
				1,
				4.389,
				29.256,
				4.478,
				26.921,
				4.567,
				26.921,
				1,
				4.744,
				26.921,
				4.922,
				29.116,
				5.1,
				29.116,
				1,
				5.144,
				29.116,
				5.189,
				16.816,
				5.233,
				16.816,
				1,
				5.278,
				16.816,
				5.322,
				28.89,
				5.367,
				28.89,
				1,
				5.467,
				28.89,
				5.567,
				16.816,
				5.667,
				16.816,
				1,
				5.778,
				16.816,
				5.889,
				19.153,
				6,
				23.18
			]
		},
		{
			"Target": "Parameter",
			"Id": "ParamBeam5",
			"Segments": [
				0,
				23.052,
				1,
				0.044,
				21.281,
				0.089,
				20.811,
				0.133,
				20.811,
				1,
				0.422,
				20.811,
				0.711,
				26.74,
				1,
				26.74,
				1,
				1.089,
				26.74,
				1.178,
				16.132,
				1.267,
				16.132,
				1,
				1.389,
				16.132,
				1.511,
				26.7,
				1.633,
				26.7,
				1,
				1.733,
				26.7,
				1.833,
				25.384,
				1.933,
				25.384,
				1,
				2.089,
				25.384,
				2.244,
				28.279,
				2.4,
				28.279,
				1,
				2.456,
				28.279,
				2.511,
				22.618,
				2.567,
				22.618,
				1,
				2.656,
				22.618,
				2.744,
				26.74,
				2.833,
				26.74,
				1,
				3.011,
				26.74,
				3.189,
				15.228,
				3.367,
				15.228,
				1,
				3.611,
				15.228,
				3.856,
				26.286,
				4.1,
				26.286,
				1,
				4.144,
				26.286,
				4.189,
				20.811,
				4.233,
				20.811,
				1,
				4.256,
				20.811,
				4.278,
				28.282,
				4.3,
				28.282,
				1,
				4.478,
				28.282,
				4.656,
				15.228,
				4.833,
				15.228,
				1,
				5.022,
				15.228,
				5.211,
				28.279,
				5.4,
				28.279,
				1,
				5.467,
				28.279,
				5.533,
				20.811,
				5.6,
				20.811,
				1,
				5.656,
				20.811,
				5.711,
				28.279,
				5.767,
				28.279,
				1,
				5.844,
				28.279,
				5.922,
				26.15,
				6,
				23.052
			]
		},
		{
			"Target": "Parameter",
			"Id": "ParamKira1",
			"Segments": [
				0,
				0,
				1,
				0.1,
				0,
				0.2,
				0,
				0.3,
				0,
				1,
				0.456,
				0,
				0.611,
				15.315,
				0.767,
				15.315,
				1,
				0.789,
				15.315,
				0.811,
				6.734,
				0.833,
				6.734,
				1,
				0.878,
				6.734,
				0.922,
				24.978,
				0.967,
				24.978,
				1,
				1.011,
				24.978,
				1.056,
				25.334,
				1.1,
				23.752,
				1,
				1.167,
				21.38,
				1.233,
				3.547,
				1.3,
				3.547,
				1,
				1.344,
				3.547,
				1.389,
				12.647,
				1.433,
				12.647,
				1,
				1.544,
				12.647,
				1.656,
				0,
				1.767,
				0,
				1,
				2,
				0,
				2.233,
				0,
				2.467,
				0,
				1,
				2.667,
				0,
				2.867,
				10.814,
				3.067,
				10.814,
				1,
				3.133,
				10.814,
				3.2,
				0,
				3.267,
				0,
				1,
				3.311,
				0,
				3.356,
				-0.474,
				3.4,
				3.521,
				1,
				3.467,
				9.513,
				3.533,
				23.778,
				3.6,
				23.778,
				1,
				3.644,
				23.778,
				3.689,
				13.336,
				3.733,
				13.336,
				1,
				3.778,
				13.336,
				3.822,
				24.273,
				3.867,
				26.008,
				1,
				3.922,
				28.176,
				3.978,
				28.174,
				4.033,
				28.174,
				1,
				4.167,
				28.174,
				4.3,
				17.384,
				4.433,
				8.378,
				1,
				4.544,
				0.873,
				4.656,
				0,
				4.767,
				0,
				1,
				4.9,
				0,
				5.033,
				0,
				5.167,
				0,
				1,
				5.244,
				0,
				5.322,
				29.562,
				5.4,
				29.562,
				1,
				5.433,
				29.562,
				5.467,
				16.136,
				5.5,
				16.136,
				1,
				5.544,
				16.136,
				5.589,
				30,
				5.633,
				30,
				1,
				5.7,
				30,
				5.767,
				0,
				5.833,
				0,
				1,
				5.889,
				0,
				5.944,
				0,
				6,
				0
			]
		},
		{
			"Target": "Parameter",
			"Id": "ParamKira2",
			"Segments": [
				0,
				0,
				1,
				0.033,
				0,
				0.067,
				0,
				0.1,
				0,
				1,
				0.256,
				0,
				0.411,
				13.201,
				0.567,
				13.201,
				1,
				0.589,
				13.201,
				0.611,
				6.163,
				0.633,
				6.163,
				1,
				0.678,
				6.163,
				0.722,
				21.125,
				0.767,
				21.125,
				1,
				0.811,
				21.125,
				0.856,
				21.426,
				0.9,
				20.119,
				1,
				0.967,
				18.16,
				1.033,
				3.55,
				1.1,
				3.55,
				1,
				1.144,
				3.55,
				1.189,
				11.013,
				1.233,
				11.013,
				1,
				1.344,
				11.013,
				1.456,
				0,
				1.567,
				0,
				1,
				1.8,
				0,
				2.033,
				0,
				2.267,
				0,
				1,
				2.467,
				0,
				2.667,
				9.509,
				2.867,
				9.509,
				1,
				2.933,
				9.509,
				3,
				0,
				3.067,
				0,
				1,
				3.111,
				0,
				3.156,
				-0.287,
				3.2,
				3.521,
				1,
				3.267,
				9.232,
				3.333,
				20.14,
				3.4,
				20.14,
				1,
				3.444,
				20.14,
				3.489,
				15.844,
				3.533,
				15.844,
				1,
				3.578,
				15.844,
				3.622,
				20.86,
				3.667,
				21.969,
				1,
				3.733,
				23.633,
				3.8,
				23.746,
				3.867,
				23.746,
				1,
				3.989,
				23.746,
				4.111,
				14.8,
				4.233,
				7.511,
				1,
				4.344,
				0.885,
				4.456,
				0,
				4.567,
				0,
				1,
				4.7,
				0,
				4.833,
				0,
				4.967,
				0,
				1,
				5.033,
				0,
				5.1,
				21.858,
				5.167,
				21.858,
				1,
				5.2,
				21.858,
				5.233,
				18.132,
				5.267,
				18.132,
				1,
				5.322,
				18.132,
				5.378,
				25.327,
				5.433,
				25.327,
				1,
				5.5,
				25.327,
				5.567,
				0,
				5.633,
				0,
				1,
				5.722,
				0,
				5.811,
				0,
				5.9,
				0,
				1,
				5.933,
				0,
				5.967,
				0,
				6,
				0
			]
		},
		{
			"Target": "Parameter",
			"Id": "ParamKira3",
			"Segments": [
				0,
				21.917,
				1,
				0.122,
				21.917,
				0.244,
				0,
				0.367,
				0,
				1,
				0.456,
				0,
				0.544,
				0,
				0.633,
				0,
				1,
				0.767,
				0,
				0.9,
				9.046,
				1.033,
				9.046,
				1,
				1.1,
				9.046,
				1.167,
				0,
				1.233,
				0,
				1,
				1.278,
				0,
				1.322,
				0.652,
				1.367,
				3.521,
				1,
				1.433,
				7.824,
				1.5,
				17.094,
				1.567,
				18.838,
				1,
				1.633,
				20.581,
				1.7,
				20.522,
				1.767,
				20.522,
				1,
				1.789,
				20.522,
				1.811,
				15.93,
				1.833,
				15.93,
				1,
				1.889,
				15.93,
				1.944,
				22.159,
				2,
				22.159,
				1,
				2.089,
				22.159,
				2.178,
				7.205,
				2.267,
				7.205,
				1,
				2.311,
				7.205,
				2.356,
				9.889,
				2.4,
				9.889,
				1,
				2.444,
				9.889,
				2.489,
				0,
				2.533,
				0,
				1,
				2.578,
				0,
				2.622,
				0,
				2.667,
				0,
				1,
				2.867,
				0,
				3.067,
				3.214,
				3.267,
				12.446,
				1,
				3.311,
				14.497,
				3.356,
				19.745,
				3.4,
				19.745,
				1,
				3.444,
				19.745,
				3.489,
				20.027,
				3.533,
				18.819,
				1,
				3.6,
				17.006,
				3.667,
				3.557,
				3.733,
				3.557,
				1,
				3.778,
				3.557,
				3.822,
				10.43,
				3.867,
				10.43,
				1,
				3.967,
				10.43,
				4.067,
				0,
				4.167,
				0,
				1,
				4.456,
				0,
				4.744,
				0,
				5.033,
				0,
				1,
				5.189,
				0,
				5.344,
				23.616,
				5.5,
				23.616,
				1,
				5.567,
				23.616,
				5.633,
				0,
				5.7,
				0,
				1,
				5.8,
				0,
				5.9,
				21.917,
				6,
				21.917
			]
		},
		{
			"Target": "Parameter",
			"Id": "ParamKira4",
			"Segments": [
				0,
				0,
				1,
				0.078,
				0,
				0.156,
				0,
				0.233,
				0,
				1,
				0.322,
				0,
				0.411,
				0,
				0.5,
				0,
				1,
				0.556,
				0,
				0.611,
				7.755,
				0.667,
				7.755,
				1,
				0.7,
				7.755,
				0.733,
				2.975,
				0.767,
				2.975,
				1,
				0.811,
				2.975,
				0.856,
				9.046,
				0.9,
				9.046,
				1,
				0.967,
				9.046,
				1.033,
				0,
				1.1,
				0,
				1,
				1.144,
				0,
				1.189,
				0.652,
				1.233,
				3.521,
				1,
				1.3,
				7.824,
				1.367,
				17.094,
				1.433,
				18.838,
				1,
				1.5,
				20.581,
				1.567,
				20.522,
				1.633,
				20.522,
				1,
				1.656,
				20.522,
				1.678,
				15.93,
				1.7,
				15.93,
				1,
				1.767,
				15.93,
				1.833,
				22.159,
				1.9,
				22.159,
				1,
				1.978,
				22.159,
				2.056,
				7.205,
				2.133,
				7.205,
				1,
				2.178,
				7.205,
				2.222,
				9.889,
				2.267,
				9.889,
				1,
				2.311,
				9.889,
				2.356,
				0,
				2.4,
				0,
				1,
				2.444,
				0,
				2.489,
				0,
				2.533,
				0,
				1,
				2.733,
				0,
				2.933,
				3.214,
				3.133,
				12.446,
				1,
				3.178,
				14.497,
				3.222,
				19.745,
				3.267,
				19.745,
				1,
				3.311,
				19.745,
				3.356,
				20.027,
				3.4,
				18.819,
				1,
				3.467,
				17.006,
				3.533,
				3.557,
				3.6,
				3.557,
				1,
				3.644,
				3.557,
				3.689,
				10.43,
				3.733,
				10.43,
				1,
				3.833,
				10.43,
				3.933,
				0,
				4.033,
				0,
				1,
				4.322,
				0,
				4.611,
				0,
				4.9,
				0,
				1,
				5.056,
				0,
				5.211,
				23.616,
				5.367,
				23.616,
				1,
				5.433,
				23.616,
				5.5,
				0,
				5.567,
				0,
				1,
				5.711,
				0,
				5.856,
				0,
				6,
				0
			]
		},
		{
			"Target": "Parameter",
			"Id": "ParamKira5",
			"Segments": [
				0,
				11.034,
				1,
				0.033,
				11.034,
				0.067,
				15.93,
				0.1,
				15.93,
				1,
				0.144,
				15.93,
				0.189,
				3.521,
				0.233,
				3.521,
				1,
				0.256,
				3.521,
				0.278,
				13.409,
				0.3,
				13.409,
				1,
				0.367,
				13.409,
				0.433,
				0.004,
				0.5,
				0.004,
				1,
				0.522,
				0.004,
				0.544,
				20.522,
				0.567,
				20.522,
				1,
				0.633,
				20.522,
				0.7,
				19.968,
				0.767,
				15.237,
				1,
				0.878,
				7.353,
				0.989,
				0,
				1.1,
				0,
				1,
				1.278,
				0,
				1.456,
				0,
				1.633,
				0,
				1,
				1.7,
				0,
				1.767,
				9.889,
				1.833,
				9.889,
				1,
				1.911,
				9.889,
				1.989,
				0,
				2.067,
				0,
				1,
				2.133,
				0,
				2.2,
				0.432,
				2.267,
				3.521,
				1,
				2.311,
				5.58,
				2.356,
				10.43,
				2.4,
				10.43,
				1,
				2.489,
				10.43,
				2.578,
				0,
				2.667,
				0,
				1,
				2.822,
				0,
				2.978,
				0,
				3.133,
				0,
				1,
				3.222,
				0,
				3.311,
				15.93,
				3.4,
				15.93,
				1,
				3.444,
				15.93,
				3.489,
				3.521,
				3.533,
				3.521,
				1,
				3.578,
				3.521,
				3.622,
				25.064,
				3.667,
				25.064,
				1,
				3.756,
				25.064,
				3.844,
				22.747,
				3.933,
				18.436,
				1,
				4.189,
				6.042,
				4.444,
				0,
				4.7,
				0,
				1,
				4.733,
				0,
				4.767,
				7.191,
				4.8,
				7.191,
				1,
				4.856,
				7.191,
				4.911,
				0,
				4.967,
				0,
				1,
				5.1,
				0,
				5.233,
				0,
				5.367,
				0,
				1,
				5.5,
				0,
				5.633,
				2.692,
				5.767,
				10.43,
				1,
				5.789,
				11.72,
				5.811,
				20.522,
				5.833,
				20.522,
				1,
				5.889,
				20.522,
				5.944,
				11.034,
				6,
				11.034
			]
		},
		{
			"Target": "Parameter",
			"Id": "ParamLIght1",
			"Segments": [
				0,
				30,
				1,
				0.2,
				30,
				0.4,
				30,
				0.6,
				30,
				1,
				0.633,
				30,
				0.667,
				15,
				0.7,
				15,
				1,
				0.733,
				15,
				0.767,
				30,
				0.8,
				30,
				1,
				1.378,
				30,
				1.956,
				30,
				2.533,
				30,
				1,
				2.567,
				30,
				2.6,
				15,
				2.633,
				15,
				1,
				2.678,
				15,
				2.722,
				30,
				2.767,
				30,
				1,
				3.5,
				30,
				4.233,
				30,
				4.967,
				30,
				1,
				5,
				30,
				5.033,
				15,
				5.067,
				15,
				1,
				5.111,
				15,
				5.156,
				30,
				5.2,
				30,
				1,
				5.467,
				30,
				5.733,
				30,
				6,
				30
			]
		},
		{
			"Target": "Parameter",
			"Id": "ParamLight2",
			"Segments": [
				0,
				18,
				1,
				0.033,
				18,
				0.067,
				30,
				0.1,
				30,
				1,
				0.6,
				30,
				1.1,
				30,
				1.6,
				30,
				1,
				1.633,
				30,
				1.667,
				15,
				1.7,
				15,
				1,
				1.733,
				15,
				1.767,
				30,
				1.8,
				30,
				1,
				2.267,
				30,
				2.733,
				30,
				3.2,
				30,
				1,
				3.233,
				30,
				3.267,
				15,
				3.3,
				15,
				1,
				3.333,
				15,
				3.367,
				30,
				3.4,
				30,
				1,
				3.444,
				30,
				3.489,
				30,
				3.533,
				30,
				1,
				3.567,
				30,
				3.6,
				15,
				3.633,
				15,
				1,
				3.667,
				15,
				3.7,
				30,
				3.733,
				30,
				1,
				4.444,
				30,
				5.156,
				30,
				5.867,
				30,
				1,
				5.911,
				30,
				5.956,
				18,
				6,
				18
			]
		},
		{
			"Target": "Parameter",
			"Id": "ParamLight3",
			"Segments": [
				0,
				30,
				1,
				0.656,
				30,
				1.311,
				30,
				1.967,
				30,
				1,
				2,
				30,
				2.033,
				15,
				2.067,
				15,
				1,
				2.1,
				15,
				2.133,
				30,
				2.167,
				30,
				1,
				2.211,
				30,
				2.256,
				30,
				2.3,
				30,
				1,
				2.333,
				30,
				2.367,
				15,
				2.4,
				15,
				1,
				2.433,
				15,
				2.467,
				30,
				2.5,
				30,
				1,
				2.922,
				30,
				3.344,
				30,
				3.767,
				30,
				1,
				3.8,
				30,
				3.833,
				15,
				3.867,
				15,
				1,
				3.9,
				15,
				3.933,
				30,
				3.967,
				30,
				1,
				4.644,
				30,
				5.322,
				30,
				6,
				30
			]
		},
		{
			"Target": "Parameter",
			"Id": "ParamEyes",
			"Segments": [
				0,
				-30,
				1,
				1.856,
				-30,
				3.711,
				-30,
				5.567,
				-30,
				1,
				5.611,
				-30,
				5.656,
				30,
				5.7,
				30,
				1,
				5.711,
				30,
				5.722,
				30,
				5.733,
				30,
				1,
				5.767,
				30,
				5.8,
				-30,
				5.833,
				-30,
				1,
				5.889,
				-30,
				5.944,
				-30,
				6,
				-30
			]
		},
		{
			"Target": "Parameter",
			"Id": "ParamEyeBS",
			"Segments": [
				0,
				0,
				1,
				0.033,
				5.874,
				0.067,
				7,
				0.1,
				7,
				1,
				0.122,
				7,
				0.144,
				-19,
				0.167,
				-19,
				1,
				0.211,
				-19,
				0.256,
				18,
				0.3,
				18,
				1,
				0.322,
				18,
				0.344,
				-14,
				0.367,
				-14,
				1,
				0.389,
				-14,
				0.411,
				-8,
				0.433,
				4,
				1,
				0.456,
				16,
				0.478,
				22,
				0.5,
				22,
				1,
				0.556,
				22,
				0.611,
				21.173,
				0.667,
				16,
				1,
				0.689,
				13.931,
				0.711,
				-8,
				0.733,
				-8,
				1,
				0.756,
				-8,
				0.778,
				-8.268,
				0.8,
				-6,
				1,
				0.822,
				-3.732,
				0.844,
				19,
				0.867,
				19,
				1,
				0.889,
				19,
				0.911,
				-19,
				0.933,
				-19,
				1,
				0.967,
				-19,
				1,
				12,
				1.033,
				12,
				1,
				1.089,
				12,
				1.144,
				12,
				1.2,
				12,
				1,
				1.222,
				12,
				1.244,
				-6,
				1.267,
				-6,
				1,
				1.289,
				-6,
				1.311,
				0,
				1.333,
				0,
				1,
				1.344,
				0,
				1.356,
				-21,
				1.367,
				-21,
				1,
				1.389,
				-21,
				1.411,
				7,
				1.433,
				7,
				1,
				1.456,
				7,
				1.478,
				-19,
				1.5,
				-19,
				1,
				1.522,
				-19,
				1.544,
				13.697,
				1.567,
				16,
				1,
				1.589,
				18.303,
				1.611,
				18,
				1.633,
				18,
				1,
				1.678,
				18,
				1.722,
				4,
				1.767,
				4,
				1,
				1.789,
				4,
				1.811,
				22,
				1.833,
				22,
				1,
				1.856,
				22,
				1.878,
				-18,
				1.9,
				-18,
				1,
				1.911,
				-18,
				1.922,
				-13.543,
				1.933,
				-6,
				1,
				1.956,
				9.085,
				1.978,
				16,
				2,
				16,
				1,
				2.022,
				16,
				2.044,
				-8,
				2.067,
				-8,
				1,
				2.089,
				-8,
				2.111,
				-8.268,
				2.133,
				-6,
				1,
				2.156,
				-3.732,
				2.178,
				19,
				2.2,
				19,
				1,
				2.222,
				19,
				2.244,
				-19,
				2.267,
				-19,
				1,
				2.3,
				-19,
				2.333,
				12,
				2.367,
				12,
				1,
				2.4,
				12,
				2.433,
				-0.285,
				2.467,
				-10,
				1,
				2.5,
				-19.715,
				2.533,
				-21,
				2.567,
				-21,
				1,
				2.589,
				-21,
				2.611,
				7,
				2.633,
				7,
				1,
				2.656,
				7,
				2.678,
				-19,
				2.7,
				-19,
				1,
				2.722,
				-19,
				2.744,
				13.697,
				2.767,
				16,
				1,
				2.789,
				18.303,
				2.811,
				18,
				2.833,
				18,
				1,
				2.856,
				18,
				2.878,
				-14,
				2.9,
				-14,
				1,
				2.922,
				-14,
				2.944,
				-8,
				2.967,
				4,
				1,
				2.989,
				16,
				3.011,
				22,
				3.033,
				22,
				1,
				3.056,
				22,
				3.078,
				-18,
				3.1,
				-18,
				1,
				3.111,
				-18,
				3.122,
				-13.543,
				3.133,
				-6,
				1,
				3.156,
				9.085,
				3.178,
				16,
				3.2,
				16,
				1,
				3.222,
				16,
				3.244,
				-8,
				3.267,
				-8,
				1,
				3.289,
				-8,
				3.311,
				-6,
				3.333,
				-6,
				1,
				3.378,
				-6,
				3.422,
				-19,
				3.467,
				-19,
				1,
				3.5,
				-19,
				3.533,
				12,
				3.567,
				12,
				1,
				3.6,
				12,
				3.633,
				-10,
				3.667,
				-10,
				1,
				3.689,
				-10,
				3.711,
				12,
				3.733,
				12,
				1,
				3.756,
				12,
				3.778,
				-6,
				3.8,
				-6,
				1,
				3.822,
				-6,
				3.844,
				11,
				3.867,
				11,
				1,
				3.922,
				11,
				3.978,
				4,
				4.033,
				4,
				1,
				4.056,
				4,
				4.078,
				22,
				4.1,
				22,
				1,
				4.122,
				22,
				4.144,
				-18,
				4.167,
				-18,
				1,
				4.178,
				-18,
				4.189,
				-13.543,
				4.2,
				-6,
				1,
				4.222,
				9.085,
				4.244,
				16,
				4.267,
				16,
				1,
				4.289,
				16,
				4.311,
				-8,
				4.333,
				-8,
				1,
				4.356,
				-8,
				4.378,
				-8.268,
				4.4,
				-6,
				1,
				4.422,
				-3.732,
				4.444,
				19,
				4.467,
				19,
				1,
				4.489,
				19,
				4.511,
				-19,
				4.533,
				-19,
				1,
				4.567,
				-19,
				4.6,
				12,
				4.633,
				12,
				1,
				4.667,
				12,
				4.7,
				-0.285,
				4.733,
				-10,
				1,
				4.767,
				-19.715,
				4.8,
				-21,
				4.833,
				-21,
				1,
				4.856,
				-21,
				4.878,
				7,
				4.9,
				7,
				1,
				4.922,
				7,
				4.944,
				-19,
				4.967,
				-19,
				1,
				4.989,
				-19,
				5.011,
				13.697,
				5.033,
				16,
				1,
				5.056,
				18.303,
				5.078,
				18,
				5.1,
				18,
				1,
				5.122,
				18,
				5.144,
				-14,
				5.167,
				-14,
				1,
				5.189,
				-14,
				5.211,
				-8,
				5.233,
				4,
				1,
				5.256,
				16,
				5.278,
				22,
				5.3,
				22,
				1,
				5.322,
				22,
				5.344,
				-18,
				5.367,
				-18,
				1,
				5.378,
				-18,
				5.389,
				-13.543,
				5.4,
				-6,
				1,
				5.422,
				9.085,
				5.444,
				16,
				5.467,
				16,
				1,
				5.489,
				16,
				5.511,
				-8,
				5.533,
				-8,
				1,
				5.556,
				-8,
				5.578,
				-6,
				5.6,
				-6,
				1,
				5.644,
				-6,
				5.689,
				-19,
				5.733,
				-19,
				1,
				5.767,
				-19,
				5.8,
				12,
				5.833,
				12,
				1,
				5.867,
				12,
				5.9,
				-10,
				5.933,
				-10,
				1,
				5.956,
				-10,
				5.978,
				-3.916,
				6,
				0
			]
		},
		{
			"Target": "Parameter",
			"Id": "ParamEyeRL",
			"Segments": [
				0,
				0,
				1,
				0.044,
				6.167,
				0.089,
				8.571,
				0.133,
				8.571,
				1,
				0.189,
				8.571,
				0.244,
				-1.978,
				0.3,
				-1.978,
				1,
				0.333,
				-1.978,
				0.367,
				0.824,
				0.4,
				0.824,
				1,
				0.433,
				0.824,
				0.467,
				-0.659,
				0.5,
				-0.659,
				1,
				0.578,
				-0.659,
				0.656,
				9.554,
				0.733,
				9.554,
				1,
				0.767,
				9.554,
				0.8,
				-4.615,
				0.833,
				-4.615,
				1,
				0.9,
				-4.615,
				0.967,
				-4.536,
				1.033,
				-3.626,
				1,
				1.067,
				-3.172,
				1.1,
				2.637,
				1.133,
				2.637,
				1,
				1.156,
				2.637,
				1.178,
				-4.615,
				1.2,
				-4.615,
				1,
				1.244,
				-4.615,
				1.289,
				1.813,
				1.333,
				1.813,
				1,
				1.389,
				1.813,
				1.444,
				-2.402,
				1.5,
				-2.402,
				1,
				1.578,
				-2.402,
				1.656,
				2.214,
				1.733,
				3.132,
				1,
				1.8,
				3.919,
				1.867,
				3.791,
				1.933,
				3.791,
				1,
				1.967,
				3.791,
				2,
				3.12,
				2.033,
				0.33,
				1,
				2.044,
				-0.601,
				2.056,
				-4.78,
				2.067,
				-4.78,
				1,
				2.122,
				-4.78,
				2.178,
				-3.754,
				2.233,
				-0.659,
				1,
				2.278,
				1.816,
				2.322,
				3.791,
				2.367,
				3.791,
				1,
				2.4,
				3.791,
				2.433,
				-3.791,
				2.467,
				-3.791,
				1,
				2.511,
				-3.791,
				2.556,
				2.308,
				2.6,
				2.308,
				1,
				2.633,
				2.308,
				2.667,
				-1.978,
				2.7,
				-1.978,
				1,
				2.756,
				-1.978,
				2.811,
				5.868,
				2.867,
				5.868,
				1,
				2.9,
				5.868,
				2.933,
				-3.462,
				2.967,
				-3.462,
				1,
				2.978,
				-3.462,
				2.989,
				-1.542,
				3,
				0,
				1,
				3.044,
				6.167,
				3.089,
				8.571,
				3.133,
				8.571,
				1,
				3.189,
				8.571,
				3.244,
				-1.978,
				3.3,
				-1.978,
				1,
				3.333,
				-1.978,
				3.367,
				0.824,
				3.4,
				0.824,
				1,
				3.433,
				0.824,
				3.467,
				-0.659,
				3.5,
				-0.659,
				1,
				3.578,
				-0.659,
				3.656,
				9.554,
				3.733,
				9.554,
				1,
				3.767,
				9.554,
				3.8,
				-4.615,
				3.833,
				-4.615,
				1,
				3.9,
				-4.615,
				3.967,
				-4.536,
				4.033,
				-3.626,
				1,
				4.067,
				-3.172,
				4.1,
				2.637,
				4.133,
				2.637,
				1,
				4.156,
				2.637,
				4.178,
				-4.615,
				4.2,
				-4.615,
				1,
				4.244,
				-4.615,
				4.289,
				1.813,
				4.333,
				1.813,
				1,
				4.389,
				1.813,
				4.444,
				-2.402,
				4.5,
				-2.402,
				1,
				4.578,
				-2.402,
				4.656,
				2.214,
				4.733,
				3.132,
				1,
				4.8,
				3.919,
				4.867,
				3.791,
				4.933,
				3.791,
				1,
				4.967,
				3.791,
				5,
				3.12,
				5.033,
				0.33,
				1,
				5.044,
				-0.601,
				5.056,
				-4.78,
				5.067,
				-4.78,
				1,
				5.122,
				-4.78,
				5.178,
				-3.754,
				5.233,
				-0.659,
				1,
				5.278,
				1.816,
				5.322,
				3.791,
				5.367,
				3.791,
				1,
				5.4,
				3.791,
				5.433,
				-3.791,
				5.467,
				-3.791,
				1,
				5.511,
				-3.791,
				5.556,
				2.308,
				5.6,
				2.308,
				1,
				5.633,
				2.308,
				5.667,
				-1.978,
				5.7,
				-1.978,
				1,
				5.756,
				-1.978,
				5.811,
				5.868,
				5.867,
				5.868,
				1,
				5.9,
				5.868,
				5.933,
				-3.462,
				5.967,
				-3.462,
				1,
				5.978,
				-3.462,
				5.989,
				-1.542,
				6,
				0
			]
		},
		{
			"Target": "Parameter",
			"Id": "ParamEyeHB",
			"Segments": [
				0,
				-0.165,
				1,
				0.033,
				1.467,
				0.067,
				2.022,
				0.1,
				3.626,
				1,
				0.122,
				4.696,
				0.144,
				6.593,
				0.167,
				6.593,
				1,
				0.2,
				6.593,
				0.233,
				-5.275,
				0.267,
				-5.275,
				1,
				0.311,
				-5.275,
				0.356,
				3.626,
				0.4,
				3.626,
				1,
				0.433,
				3.626,
				0.467,
				-6.758,
				0.5,
				-6.758,
				1,
				0.567,
				-6.758,
				0.633,
				11.868,
				0.7,
				11.868,
				1,
				0.744,
				11.868,
				0.789,
				-2.473,
				0.833,
				-2.473,
				1,
				0.878,
				-2.473,
				0.922,
				1.813,
				0.967,
				1.813,
				1,
				1.044,
				1.813,
				1.122,
				0.825,
				1.2,
				-1.978,
				1,
				1.233,
				-3.179,
				1.267,
				-4.451,
				1.3,
				-4.451,
				1,
				1.344,
				-4.451,
				1.389,
				4.78,
				1.433,
				4.78,
				1,
				1.467,
				4.78,
				1.5,
				-1.813,
				1.533,
				-1.813,
				1,
				1.567,
				-1.813,
				1.6,
				5.11,
				1.633,
				5.11,
				1,
				1.667,
				5.11,
				1.7,
				4.734,
				1.733,
				3.626,
				1,
				1.767,
				2.519,
				1.8,
				1.562,
				1.833,
				-0.165,
				1,
				1.856,
				-1.316,
				1.878,
				-5.275,
				1.9,
				-5.275,
				1,
				1.922,
				-5.275,
				1.944,
				-3.96,
				1.967,
				-0.495,
				1,
				2.011,
				6.437,
				2.056,
				10.385,
				2.1,
				10.385,
				1,
				2.122,
				10.385,
				2.144,
				-2.473,
				2.167,
				-2.473,
				1,
				2.189,
				-2.473,
				2.211,
				4.78,
				2.233,
				4.78,
				1,
				2.267,
				4.78,
				2.3,
				-0.165,
				2.333,
				-0.165,
				1,
				2.411,
				-0.165,
				2.489,
				5.275,
				2.567,
				5.275,
				1,
				2.622,
				5.275,
				2.678,
				5.324,
				2.733,
				4.78,
				1,
				2.778,
				4.345,
				2.822,
				-4.451,
				2.867,
				-4.451,
				1,
				2.911,
				-4.451,
				2.956,
				-2.341,
				3,
				-0.165,
				1,
				3.033,
				1.467,
				3.067,
				2.022,
				3.1,
				3.626,
				1,
				3.122,
				4.696,
				3.144,
				6.593,
				3.167,
				6.593,
				1,
				3.2,
				6.593,
				3.233,
				-5.275,
				3.267,
				-5.275,
				1,
				3.311,
				-5.275,
				3.356,
				3.626,
				3.4,
				3.626,
				1,
				3.433,
				3.626,
				3.467,
				-6.758,
				3.5,
				-6.758,
				1,
				3.567,
				-6.758,
				3.633,
				11.868,
				3.7,
				11.868,
				1,
				3.744,
				11.868,
				3.789,
				-2.473,
				3.833,
				-2.473,
				1,
				3.878,
				-2.473,
				3.922,
				1.813,
				3.967,
				1.813,
				1,
				4.044,
				1.813,
				4.122,
				0.825,
				4.2,
				-1.978,
				1,
				4.233,
				-3.179,
				4.267,
				-4.451,
				4.3,
				-4.451,
				1,
				4.344,
				-4.451,
				4.389,
				4.78,
				4.433,
				4.78,
				1,
				4.467,
				4.78,
				4.5,
				-1.813,
				4.533,
				-1.813,
				1,
				4.567,
				-1.813,
				4.6,
				5.11,
				4.633,
				5.11,
				1,
				4.667,
				5.11,
				4.7,
				4.734,
				4.733,
				3.626,
				1,
				4.767,
				2.519,
				4.8,
				1.562,
				4.833,
				-0.165,
				1,
				4.856,
				-1.316,
				4.878,
				-5.275,
				4.9,
				-5.275,
				1,
				4.922,
				-5.275,
				4.944,
				-3.96,
				4.967,
				-0.495,
				1,
				5.011,
				6.437,
				5.056,
				10.385,
				5.1,
				10.385,
				1,
				5.122,
				10.385,
				5.144,
				-2.473,
				5.167,
				-2.473,
				1,
				5.189,
				-2.473,
				5.211,
				4.78,
				5.233,
				4.78,
				1,
				5.267,
				4.78,
				5.3,
				-0.165,
				5.333,
				-0.165,
				1,
				5.411,
				-0.165,
				5.489,
				5.275,
				5.567,
				5.275,
				1,
				5.622,
				5.275,
				5.678,
				5.324,
				5.733,
				4.78,
				1,
				5.778,
				4.345,
				5.822,
				-4.451,
				5.867,
				-4.451,
				1,
				5.911,
				-4.451,
				5.956,
				-2.341,
				6,
				-0.165
			]
		},
		{
			"Target": "Parameter",
			"Id": "ParamPaiX",
			"Segments": [
				0,
				-13.279,
				1,
				0.144,
				-16.548,
				0.289,
				-15.518,
				0.433,
				-15.518,
				1,
				1.433,
				-15.518,
				2.433,
				24.021,
				3.433,
				24.021,
				1,
				4.289,
				24.021,
				5.144,
				6.086,
				6,
				-13.279
			]
		},
		{
			"Target": "Parameter",
			"Id": "ParamPaiY",
			"Segments": [
				0,
				-3.988,
				1,
				0.544,
				17.74,
				1.089,
				30,
				1.633,
				30,
				1,
				2.633,
				30,
				3.633,
				-30,
				4.633,
				-30,
				1,
				5.089,
				-30,
				5.544,
				-22.169,
				6,
				-3.988
			]
		},
		{
			"Target": "Parameter",
			"Id": "ParamPaiX2",
			"Segments": [
				0,
				0,
				1,
				2,
				0,
				4,
				0,
				6,
				0
			]
		},
		{
			"Target": "Parameter",
			"Id": "ParamPaiY2",
			"Segments": [
				0,
				-5.368,
				1,
				0.656,
				2.933,
				1.311,
				8.774,
				1.967,
				8.774,
				1,
				2.967,
				8.774,
				3.967,
				-10.711,
				4.967,
				-10.711,
				1,
				5.311,
				-10.711,
				5.656,
				-9.729,
				6,
				-5.368
			]
		},
		{
			"Target": "Parameter",
			"Id": "ParamPai2X",
			"Segments": [
				0,
				21.782,
				1,
				0.144,
				25.051,
				0.289,
				24.021,
				0.433,
				24.021,
				1,
				1.433,
				24.021,
				2.433,
				-15.518,
				3.433,
				-15.518,
				1,
				4.289,
				-15.518,
				5.144,
				2.418,
				6,
				21.782
			]
		},
		{
			"Target": "Parameter",
			"Id": "ParamPai2Y",
			"Segments": [
				0,
				-1.88,
				1,
				0.544,
				17.475,
				1.089,
				28.396,
				1.633,
				28.396,
				1,
				2.633,
				28.396,
				3.633,
				-25.051,
				4.633,
				-25.051,
				1,
				5.089,
				-25.051,
				5.544,
				-18.075,
				6,
				-1.88
			]
		},
		{
			"Target": "Parameter",
			"Id": "ParamPai2X2",
			"Segments": [
				0,
				0,
				1,
				2,
				0,
				4,
				0,
				6,
				0
			]
		},
		{
			"Target": "Parameter",
			"Id": "ParamPai2Y2",
			"Segments": [
				0,
				-3.438,
				1,
				0.656,
				4.772,
				1.311,
				10.55,
				1.967,
				10.55,
				1,
				2.967,
				10.55,
				3.967,
				-8.723,
				4.967,
				-8.723,
				1,
				5.311,
				-8.723,
				5.656,
				-7.751,
				6,
				-3.438
			]
		},
		{
			"Target": "Parameter",
			"Id": "Param_Angle_Rotation",
			"Segments": [
				0,
				0,
				1,
				2,
				0,
				4,
				0,
				6,
				0
			]
		},
		{
			"Target": "Parameter",
			"Id": "Param_Angle_Rotation2",
			"Segments": [
				0,
				-1.147,
				1,
				0.689,
				0.732,
				1.378,
				2.121,
				2.067,
				2.121,
				1,
				3.067,
				2.121,
				4.067,
				-2.123,
				5.067,
				-2.123,
				1,
				5.378,
				-2.123,
				5.689,
				-1.996,
				6,
				-1.147
			]
		},
		{
			"Target": "Parameter",
			"Id": "Param_Angle_Rotation3",
			"Segments": [
				0,
				-5.488,
				1,
				0.767,
				-0.927,
				1.533,
				2.801,
				2.3,
				2.801,
				1,
				3.3,
				2.801,
				4.3,
				-6.815,
				5.3,
				-6.815,
				1,
				5.533,
				-6.815,
				5.767,
				-6.877,
				6,
				-5.488
			]
		},
		{
			"Target": "Parameter",
			"Id": "Param_Angle_Rotation4",
			"Segments": [
				0,
				-4.823,
				1,
				0.844,
				-0.39,
				1.689,
				3.543,
				2.533,
				3.543,
				1,
				3.533,
				3.543,
				4.533,
				-5.405,
				5.533,
				-5.405,
				1,
				5.689,
				-5.405,
				5.844,
				-5.639,
				6,
				-4.823
			]
		},
		{
			"Target": "Parameter",
			"Id": "Param_Angle_Rotation5",
			"Segments": [
				0,
				-13.701,
				1,
				0.922,
				-4.391,
				1.844,
				4.532,
				2.767,
				4.532,
				1,
				3.767,
				4.532,
				4.767,
				-14.021,
				5.767,
				-14.021,
				1,
				5.844,
				-14.021,
				5.922,
				-14.486,
				6,
				-13.701
			]
		},
		{
			"Target": "Parameter",
			"Id": "Param_Angle_Rotation6",
			"Segments": [
				0,
				1.324,
				1,
				0.822,
				-0.242,
				1.644,
				-1.597,
				2.467,
				-1.597,
				1,
				3.467,
				-1.597,
				4.467,
				1.59,
				5.467,
				1.59,
				1,
				5.644,
				1.59,
				5.822,
				1.662,
				6,
				1.324
			]
		},
		{
			"Target": "Parameter",
			"Id": "Param_Angle_Rotation7",
			"Segments": [
				0,
				2.004,
				1,
				0.9,
				-0.135,
				1.8,
				-2.121,
				2.7,
				-2.121,
				1,
				3.7,
				-2.121,
				4.7,
				2.123,
				5.7,
				2.123,
				1,
				5.8,
				2.123,
				5.9,
				2.242,
				6,
				2.004
			]
		},
		{
			"Target": "Parameter",
			"Id": "Param_Angle_Rotation8",
			"Segments": [
				0,
				2.787,
				1,
				0.978,
				-0.025,
				1.956,
				-2.801,
				2.933,
				-2.801,
				1,
				3.933,
				-2.801,
				4.933,
				2.795,
				5.933,
				2.795,
				1,
				5.956,
				2.795,
				5.978,
				2.851,
				6,
				2.787
			]
		},
		{
			"Target": "Parameter",
			"Id": "Param_Angle_Rotation9",
			"Segments": [
				0,
				3.475,
				1,
				0.056,
				3.686,
				0.111,
				3.539,
				0.167,
				3.539,
				1,
				1.167,
				3.539,
				2.167,
				-3.543,
				3.167,
				-3.543,
				1,
				4.111,
				-3.543,
				5.056,
				-0.102,
				6,
				3.475
			]
		},
		{
			"Target": "Parameter",
			"Id": "Param_Angle_Rotation10",
			"Segments": [
				0,
				0,
				1,
				2,
				0,
				4,
				0,
				6,
				0
			]
		},
		{
			"Target": "Parameter",
			"Id": "Param_Angle_Rotation11",
			"Segments": [
				0,
				-0.839,
				1,
				0.778,
				0.084,
				1.556,
				0.847,
				2.333,
				0.847,
				1,
				3.333,
				0.847,
				4.333,
				-1.083,
				5.333,
				-1.083,
				1,
				5.556,
				-1.083,
				5.778,
				-1.103,
				6,
				-0.839
			]
		},
		{
			"Target": "Parameter",
			"Id": "Param_Angle_Rotation12",
			"Segments": [
				0,
				-1.247,
				1,
				0.856,
				0.021,
				1.711,
				1.153,
				2.567,
				1.153,
				1,
				3.567,
				1.153,
				4.567,
				-1.391,
				5.567,
				-1.391,
				1,
				5.711,
				-1.391,
				5.856,
				-1.461,
				6,
				-1.247
			]
		},
		{
			"Target": "Parameter",
			"Id": "Param_Angle_Rotation13",
			"Segments": [
				0,
				-0.193,
				1,
				0.656,
				0.516,
				1.311,
				1.014,
				1.967,
				1.014,
				1,
				2.967,
				1.014,
				3.967,
				-0.649,
				4.967,
				-0.649,
				1,
				5.311,
				-0.649,
				5.656,
				-0.565,
				6,
				-0.193
			]
		},
		{
			"Target": "Parameter",
			"Id": "Param_Angle_Rotation14",
			"Segments": [
				0,
				-0.705,
				1,
				0.733,
				0.552,
				1.467,
				1.538,
				2.2,
				1.538,
				1,
				3.2,
				1.538,
				4.2,
				-1.182,
				5.2,
				-1.182,
				1,
				5.467,
				-1.182,
				5.733,
				-1.162,
				6,
				-0.705
			]
		},
		{
			"Target": "Parameter",
			"Id": "Param_Angle_Rotation15",
			"Segments": [
				0,
				-1.472,
				1,
				0.811,
				0.516,
				1.622,
				2.218,
				2.433,
				2.218,
				1,
				3.433,
				2.218,
				4.433,
				-1.854,
				5.433,
				-1.854,
				1,
				5.622,
				-1.854,
				5.811,
				-1.935,
				6,
				-1.472
			]
		},
		{
			"Target": "Parameter",
			"Id": "Param_Angle_Rotation16",
			"Segments": [
				0,
				-2.407,
				1,
				0.889,
				0.386,
				1.778,
				2.959,
				2.667,
				2.959,
				1,
				3.667,
				2.959,
				4.667,
				-2.597,
				5.667,
				-2.597,
				1,
				5.778,
				-2.597,
				5.889,
				-2.756,
				6,
				-2.407
			]
		},
		{
			"Target": "Parameter",
			"Id": "Param_Angle_Rotation17",
			"Segments": [
				0,
				1.188,
				1,
				0.778,
				-0.337,
				1.556,
				-1.597,
				2.333,
				-1.597,
				1,
				3.333,
				-1.597,
				4.333,
				1.59,
				5.333,
				1.59,
				1,
				5.556,
				1.59,
				5.778,
				1.624,
				6,
				1.188
			]
		},
		{
			"Target": "Parameter",
			"Id": "Param_Angle_Rotation18",
			"Segments": [
				0,
				1.883,
				1,
				0.856,
				-0.232,
				1.711,
				-2.121,
				2.567,
				-2.121,
				1,
				3.567,
				-2.121,
				4.567,
				2.123,
				5.567,
				2.123,
				1,
				5.711,
				2.123,
				5.856,
				2.24,
				6,
				1.883
			]
		},
		{
			"Target": "Parameter",
			"Id": "Param_Angle_Rotation19",
			"Segments": [
				0,
				2.724,
				1,
				0.933,
				-0.102,
				1.867,
				-2.801,
				2.8,
				-2.801,
				1,
				3.8,
				-2.801,
				4.8,
				2.795,
				5.8,
				2.795,
				1,
				5.867,
				2.795,
				5.933,
				2.925,
				6,
				2.724
			]
		},
		{
			"Target": "Parameter",
			"Id": "Param_Angle_Rotation20",
			"Segments": [
				0,
				3.536,
				1,
				0.011,
				3.576,
				0.022,
				3.539,
				0.033,
				3.539,
				1,
				1.033,
				3.539,
				2.033,
				-3.543,
				3.033,
				-3.543,
				1,
				4.022,
				-3.543,
				5.011,
				-0.011,
				6,
				3.536
			]
		},
		{
			"Target": "Parameter",
			"Id": "Param_Angle_Rotation21",
			"Segments": [
				0,
				-0.519,
				1,
				0.611,
				0.764,
				1.222,
				1.597,
				1.833,
				1.597,
				1,
				2.833,
				1.597,
				3.833,
				-1.59,
				4.833,
				-1.59,
				1,
				5.222,
				-1.59,
				5.611,
				-1.335,
				6,
				-0.519
			]
		},
		{
			"Target": "Parameter",
			"Id": "Param_Angle_Rotation22",
			"Segments": [
				0,
				-1.147,
				1,
				0.689,
				0.732,
				1.378,
				2.121,
				2.067,
				2.121,
				1,
				3.067,
				2.121,
				4.067,
				-2.123,
				5.067,
				-2.123,
				1,
				5.378,
				-2.123,
				5.689,
				-1.996,
				6,
				-1.147
			]
		},
		{
			"Target": "Parameter",
			"Id": "Param_Angle_Rotation23",
			"Segments": [
				0,
				-2.023,
				1,
				0.767,
				0.633,
				1.533,
				2.801,
				2.3,
				2.801,
				1,
				3.3,
				2.801,
				4.3,
				-2.795,
				5.3,
				-2.795,
				1,
				5.533,
				-2.795,
				5.767,
				-2.831,
				6,
				-2.023
			]
		},
		{
			"Target": "Parameter",
			"Id": "Param_Angle_Rotation24",
			"Segments": [
				0,
				-3.078,
				1,
				0.844,
				0.432,
				1.689,
				3.543,
				2.533,
				3.543,
				1,
				3.533,
				3.543,
				4.533,
				-3.539,
				5.533,
				-3.539,
				1,
				5.689,
				-3.539,
				5.844,
				-3.725,
				6,
				-3.078
			]
		},
		{
			"Target": "Parameter",
			"Id": "Param_Angle_Rotation25",
			"Segments": [
				0,
				0.519,
				1,
				0.611,
				-0.764,
				1.222,
				-1.597,
				1.833,
				-1.597,
				1,
				2.833,
				-1.597,
				3.833,
				1.59,
				4.833,
				1.59,
				1,
				5.222,
				1.59,
				5.611,
				1.335,
				6,
				0.519
			]
		},
		{
			"Target": "Parameter",
			"Id": "Param_Angle_Rotation26",
			"Segments": [
				0,
				1.147,
				1,
				0.689,
				-0.732,
				1.378,
				-2.121,
				2.067,
				-2.121,
				1,
				3.067,
				-2.121,
				4.067,
				2.123,
				5.067,
				2.123,
				1,
				5.378,
				2.123,
				5.689,
				1.996,
				6,
				1.147
			]
		},
		{
			"Target": "Parameter",
			"Id": "Param_Angle_Rotation27",
			"Segments": [
				0,
				2.023,
				1,
				0.767,
				-0.633,
				1.533,
				-2.801,
				2.3,
				-2.801,
				1,
				3.3,
				-2.801,
				4.3,
				2.795,
				5.3,
				2.795,
				1,
				5.533,
				2.795,
				5.767,
				2.831,
				6,
				2.023
			]
		},
		{
			"Target": "Parameter",
			"Id": "Param_Angle_Rotation28",
			"Segments": [
				0,
				0.463,
				1,
				0.656,
				-0.098,
				1.311,
				-0.492,
				1.967,
				-0.492,
				1,
				2.967,
				-0.492,
				3.967,
				0.824,
				4.967,
				0.824,
				1,
				5.311,
				0.824,
				5.656,
				0.758,
				6,
				0.463
			]
		},
		{
			"Target": "Parameter",
			"Id": "Param_Angle_Rotation29",
			"Segments": [
				0,
				0.95,
				1,
				0.733,
				-0.124,
				1.467,
				-0.966,
				2.2,
				-0.966,
				1,
				3.2,
				-0.966,
				4.2,
				1.357,
				5.2,
				1.357,
				1,
				5.467,
				1.357,
				5.733,
				1.34,
				6,
				0.95
			]
		},
		{
			"Target": "Parameter",
			"Id": "Param_Angle_Rotation30",
			"Segments": [
				0,
				1.712,
				1,
				0.811,
				0.12,
				1.622,
				-1.241,
				2.433,
				-1.241,
				1,
				3.433,
				-1.241,
				4.433,
				2.017,
				5.433,
				2.017,
				1,
				5.622,
				2.017,
				5.811,
				2.082,
				6,
				1.712
			]
		},
		{
			"Target": "Parameter",
			"Id": "Param_Angle_Rotation31",
			"Segments": [
				0,
				3.137,
				1,
				0.889,
				0.687,
				1.778,
				-1.571,
				2.667,
				-1.571,
				1,
				3.667,
				-1.571,
				4.667,
				3.304,
				5.667,
				3.304,
				1,
				5.778,
				3.304,
				5.889,
				3.443,
				6,
				3.137
			]
		},
		{
			"Target": "Parameter",
			"Id": "Param_Angle_Rotation32",
			"Segments": [
				0,
				5.01,
				1,
				0.967,
				1.234,
				1.933,
				-2.467,
				2.9,
				-2.467,
				1,
				3.9,
				-2.467,
				4.9,
				5.034,
				5.9,
				5.034,
				1,
				5.933,
				5.034,
				5.967,
				5.14,
				6,
				5.01
			]
		},
		{
			"Target": "Parameter",
			"Id": "Param_Angle_Rotation33",
			"Segments": [
				0,
				0.901,
				1,
				0.7,
				-0.527,
				1.4,
				-1.597,
				2.1,
				-1.597,
				1,
				3.1,
				-1.597,
				4.1,
				1.59,
				5.1,
				1.59,
				1,
				5.4,
				1.59,
				5.7,
				1.513,
				6,
				0.901
			]
		},
		{
			"Target": "Parameter",
			"Id": "Param_Angle_Rotation34",
			"Segments": [
				0,
				1.588,
				1,
				0.778,
				-0.442,
				1.556,
				-2.121,
				2.333,
				-2.121,
				1,
				3.333,
				-2.121,
				4.333,
				2.123,
				5.333,
				2.123,
				1,
				5.556,
				2.123,
				5.778,
				2.168,
				6,
				1.588
			]
		},
		{
			"Target": "Parameter",
			"Id": "Param_Angle_Rotation35",
			"Segments": [
				0,
				2.478,
				1,
				0.856,
				-0.31,
				1.711,
				-2.801,
				2.567,
				-2.801,
				1,
				3.567,
				-2.801,
				4.567,
				2.795,
				5.567,
				2.795,
				1,
				5.711,
				2.795,
				5.856,
				2.949,
				6,
				2.478
			]
		},
		{
			"Target": "Parameter",
			"Id": "Param_Angle_Rotation36",
			"Segments": [
				0,
				3.448,
				1,
				0.933,
				-0.126,
				1.867,
				-3.543,
				2.8,
				-3.543,
				1,
				3.8,
				-3.543,
				4.8,
				3.539,
				5.8,
				3.539,
				1,
				5.867,
				3.539,
				5.933,
				3.704,
				6,
				3.448
			]
		},
		{
			"Target": "Parameter",
			"Id": "Param_Angle_Rotation37",
			"Segments": [
				0,
				0,
				1,
				2,
				0,
				4,
				0,
				6,
				0
			]
		},
		{
			"Target": "Parameter",
			"Id": "Param_Angle_Rotation38",
			"Segments": [
				0,
				1.769,
				1,
				0.822,
				-0.315,
				1.644,
				-2.121,
				2.467,
				-2.121,
				1,
				3.467,
				-2.121,
				4.467,
				2.123,
				5.467,
				2.123,
				1,
				5.644,
				2.123,
				5.822,
				2.219,
				6,
				1.769
			]
		},
		{
			"Target": "Parameter",
			"Id": "Param_Angle_Rotation39",
			"Segments": [
				0,
				2.638,
				1,
				0.9,
				-0.182,
				1.8,
				-2.801,
				2.7,
				-2.801,
				1,
				3.7,
				-2.801,
				4.7,
				2.795,
				5.7,
				2.795,
				1,
				5.8,
				2.795,
				5.9,
				2.951,
				6,
				2.638
			]
		},
		{
			"Target": "Parameter",
			"Id": "Param_Angle_Rotation40",
			"Segments": [
				0,
				3.528,
				1,
				0.978,
				-0.028,
				1.956,
				-3.543,
				2.933,
				-3.543,
				1,
				3.933,
				-3.543,
				4.933,
				3.539,
				5.933,
				3.539,
				1,
				5.956,
				3.539,
				5.978,
				3.609,
				6,
				3.528
			]
		},
		{
			"Target": "Parameter",
			"Id": "Param_Angle_Rotation41",
			"Segments": [
				0,
				4.461,
				1,
				0.056,
				4.73,
				0.111,
				4.542,
				0.167,
				4.542,
				1,
				1.167,
				4.542,
				2.167,
				-4.532,
				3.167,
				-4.532,
				1,
				4.111,
				-4.532,
				5.056,
				-0.119,
				6,
				4.461
			]
		},
		{
			"Target": "Parameter",
			"Id": "Param_Angle_Rotation45",
			"Segments": [
				0,
				-0.55,
				1,
				0.711,
				0.251,
				1.422,
				0.861,
				2.133,
				0.861,
				1,
				3.133,
				0.861,
				4.133,
				-0.908,
				5.133,
				-0.908,
				1,
				5.422,
				-0.908,
				5.711,
				-0.876,
				6,
				-0.55
			]
		},
		{
			"Target": "Parameter",
			"Id": "Param_Angle_Rotation46",
			"Segments": [
				0,
				-1.203,
				1,
				0.789,
				0.11,
				1.578,
				1.207,
				2.367,
				1.207,
				1,
				3.367,
				1.207,
				4.367,
				-1.516,
				5.367,
				-1.516,
				1,
				5.578,
				-1.516,
				5.789,
				-1.554,
				6,
				-1.203
			]
		},
		{
			"Target": "Parameter",
			"Id": "Param_Angle_Rotation47",
			"Segments": [
				0,
				-2.088,
				1,
				0.867,
				-0.13,
				1.733,
				1.638,
				2.6,
				1.638,
				1,
				3.6,
				1.638,
				4.6,
				-2.278,
				5.6,
				-2.278,
				1,
				5.733,
				-2.278,
				5.867,
				-2.389,
				6,
				-2.088
			]
		},
		{
			"Target": "Parameter",
			"Id": "Param_Angle_Rotation48",
			"Segments": [
				0,
				-3.075,
				1,
				0.944,
				-0.431,
				1.889,
				2.108,
				2.833,
				2.108,
				1,
				3.833,
				2.108,
				4.833,
				-3.121,
				5.833,
				-3.121,
				1,
				5.889,
				-3.121,
				5.944,
				-3.23,
				6,
				-3.075
			]
		},
		{
			"Target": "Parameter",
			"Id": "Param_Angle_Rotation49",
			"Segments": [
				0,
				-4.249,
				1,
				0.022,
				-4.329,
				0.044,
				-4.26,
				0.067,
				-4.26,
				1,
				1.067,
				-4.26,
				2.067,
				2.735,
				3.067,
				2.735,
				1,
				4.044,
				2.735,
				5.022,
				-0.736,
				6,
				-4.249
			]
		},
		{
			"Target": "Parameter",
			"Id": "Param_Angle_Rotation50",
			"Segments": [
				0,
				-5.657,
				1,
				0.1,
				-6.194,
				0.2,
				-5.926,
				0.3,
				-5.926,
				1,
				1.3,
				-5.926,
				2.3,
				3.666,
				3.3,
				3.666,
				1,
				4.2,
				3.666,
				5.1,
				-0.829,
				6,
				-5.657
			]
		},
		{
			"Target": "Parameter",
			"Id": "Param_Angle_Rotation51",
			"Segments": [
				0,
				-7.41,
				1,
				0.167,
				-8.737,
				0.333,
				-8.409,
				0.5,
				-8.409,
				1,
				1.5,
				-8.409,
				2.5,
				5.067,
				3.5,
				5.067,
				1,
				4.333,
				5.067,
				5.167,
				-0.772,
				6,
				-7.41
			]
		},
		{
			"Target": "Parameter",
			"Id": "Param_Angle_Rotation55",
			"Segments": [
				0,
				-0.124,
				1,
				0.611,
				0.468,
				1.222,
				0.853,
				1.833,
				0.853,
				1,
				2.833,
				0.853,
				3.833,
				-0.619,
				4.833,
				-0.619,
				1,
				5.222,
				-0.619,
				5.611,
				-0.501,
				6,
				-0.124
			]
		},
		{
			"Target": "Parameter",
			"Id": "Param_Angle_Rotation56",
			"Segments": [
				0,
				-0.478,
				1,
				0.689,
				0.496,
				1.378,
				1.216,
				2.067,
				1.216,
				1,
				3.067,
				1.216,
				4.067,
				-0.984,
				5.067,
				-0.984,
				1,
				5.378,
				-0.984,
				5.689,
				-0.918,
				6,
				-0.478
			]
		},
		{
			"Target": "Parameter",
			"Id": "Param_Angle_Rotation57",
			"Segments": [
				0,
				-1.013,
				1,
				0.767,
				0.474,
				1.533,
				1.688,
				2.3,
				1.688,
				1,
				3.3,
				1.688,
				4.3,
				-1.445,
				5.3,
				-1.445,
				1,
				5.533,
				-1.445,
				5.767,
				-1.466,
				6,
				-1.013
			]
		},
		{
			"Target": "Parameter",
			"Id": "Param_Angle_Rotation58",
			"Segments": [
				0,
				-1.685,
				1,
				0.844,
				0.377,
				1.689,
				2.202,
				2.533,
				2.202,
				1,
				3.533,
				2.202,
				4.533,
				-1.956,
				5.533,
				-1.956,
				1,
				5.689,
				-1.956,
				5.844,
				-2.065,
				6,
				-1.685
			]
		},
		{
			"Target": "Parameter",
			"Id": "Param_Angle_Rotation59",
			"Segments": [
				0,
				-2.549,
				1,
				0.922,
				0.246,
				1.844,
				2.888,
				2.767,
				2.888,
				1,
				3.767,
				2.888,
				4.767,
				-2.644,
				5.767,
				-2.644,
				1,
				5.844,
				-2.644,
				5.922,
				-2.785,
				6,
				-2.549
			]
		},
		{
			"Target": "Parameter",
			"Id": "Param_Angle_Rotation60",
			"Segments": [
				0,
				-3.653,
				1,
				1,
				-3.653,
				2,
				3.907,
				3,
				3.907,
				1,
				4,
				3.907,
				5,
				-3.653,
				6,
				-3.653
			]
		},
		{
			"Target": "Parameter",
			"Id": "Param_Angle_Rotation61",
			"Segments": [
				0,
				-0.519,
				1,
				0.611,
				0.764,
				1.222,
				1.597,
				1.833,
				1.597,
				1,
				2.833,
				1.597,
				3.833,
				-1.59,
				4.833,
				-1.59,
				1,
				5.222,
				-1.59,
				5.611,
				-1.335,
				6,
				-0.519
			]
		},
		{
			"Target": "Parameter",
			"Id": "Param_Angle_Rotation62",
			"Segments": [
				0,
				-1.147,
				1,
				0.689,
				0.732,
				1.378,
				2.121,
				2.067,
				2.121,
				1,
				3.067,
				2.121,
				4.067,
				-2.123,
				5.067,
				-2.123,
				1,
				5.378,
				-2.123,
				5.689,
				-1.996,
				6,
				-1.147
			]
		},
		{
			"Target": "Parameter",
			"Id": "Param_Angle_Rotation63",
			"Segments": [
				0,
				-2.023,
				1,
				0.767,
				0.633,
				1.533,
				2.801,
				2.3,
				2.801,
				1,
				3.3,
				2.801,
				4.3,
				-2.795,
				5.3,
				-2.795,
				1,
				5.533,
				-2.795,
				5.767,
				-2.831,
				6,
				-2.023
			]
		},
		{
			"Target": "Parameter",
			"Id": "Param_Angle_Rotation64",
			"Segments": [
				0,
				-3.078,
				1,
				0.844,
				0.432,
				1.689,
				3.543,
				2.533,
				3.543,
				1,
				3.533,
				3.543,
				4.533,
				-3.539,
				5.533,
				-3.539,
				1,
				5.689,
				-3.539,
				5.844,
				-3.725,
				6,
				-3.078
			]
		},
		{
			"Target": "Parameter",
			"Id": "Param_Angle_Rotation65",
			"Segments": [
				0,
				-4.386,
				1,
				0.922,
				0.193,
				1.844,
				4.532,
				2.767,
				4.532,
				1,
				3.767,
				4.532,
				4.767,
				-4.542,
				5.767,
				-4.542,
				1,
				5.844,
				-4.542,
				5.922,
				-4.772,
				6,
				-4.386
			]
		},
		{
			"Target": "Parameter",
			"Id": "Param_Angle_Rotation42",
			"Segments": [
				0,
				0.234,
				1,
				0.611,
				-0.329,
				1.222,
				-0.695,
				1.833,
				-0.695,
				1,
				2.833,
				-0.695,
				3.833,
				0.704,
				4.833,
				0.704,
				1,
				5.222,
				0.704,
				5.611,
				0.592,
				6,
				0.234
			]
		},
		{
			"Target": "Parameter",
			"Id": "Param_Angle_Rotation43",
			"Segments": [
				0,
				0.51,
				1,
				0.689,
				-0.315,
				1.378,
				-0.924,
				2.067,
				-0.924,
				1,
				3.067,
				-0.924,
				4.067,
				0.938,
				5.067,
				0.938,
				1,
				5.378,
				0.938,
				5.689,
				0.882,
				6,
				0.51
			]
		},
		{
			"Target": "Parameter",
			"Id": "Param_Angle_Rotation44",
			"Segments": [
				0,
				0.895,
				1,
				0.767,
				-0.271,
				1.533,
				-1.222,
				2.3,
				-1.222,
				1,
				3.3,
				-1.222,
				4.3,
				1.234,
				5.3,
				1.234,
				1,
				5.533,
				1.234,
				5.767,
				1.25,
				6,
				0.895
			]
		},
		{
			"Target": "Parameter",
			"Id": "Param_Angle_Rotation69",
			"Segments": [
				0,
				-1.182,
				1,
				0.644,
				-1.182,
				1.289,
				2.795,
				1.933,
				2.795,
				1,
				2.933,
				2.795,
				3.933,
				-2.801,
				4.933,
				-2.801,
				1,
				5.289,
				-2.801,
				5.644,
				-1.182,
				6,
				-1.182
			]
		},
		{
			"Target": "Parameter",
			"Id": "Param_Angle_Rotation70",
			"Segments": [
				0,
				-6.102,
				1,
				0.722,
				-6.102,
				1.444,
				8.419,
				2.167,
				8.419,
				1,
				3.167,
				8.419,
				4.167,
				-9.479,
				5.167,
				-9.479,
				1,
				5.444,
				-9.479,
				5.722,
				-6.102,
				6,
				-6.102
			]
		},
		{
			"Target": "Parameter",
			"Id": "Param_Angle_Rotation71",
			"Segments": [
				0,
				1.351,
				1,
				0.667,
				1.351,
				1.333,
				-2.795,
				2,
				-2.795,
				1,
				3,
				-2.795,
				4,
				2.801,
				5,
				2.801,
				1,
				5.333,
				2.801,
				5.667,
				1.351,
				6,
				1.351
			]
		},
		{
			"Target": "Parameter",
			"Id": "Param_Angle_Rotation72",
			"Segments": [
				0,
				6.568,
				1,
				0.744,
				6.568,
				1.489,
				-8.419,
				2.233,
				-8.419,
				1,
				3.233,
				-8.419,
				4.233,
				9.479,
				5.233,
				9.479,
				1,
				5.489,
				9.479,
				5.744,
				6.568,
				6,
				6.568
			]
		},
		{
			"Target": "Parameter",
			"Id": "Param_Angle_Rotation73",
			"Segments": [
				0,
				-0.651,
				1,
				0.422,
				-0.651,
				0.844,
				-2.801,
				1.267,
				-2.801,
				1,
				2.267,
				-2.801,
				3.267,
				2.795,
				4.267,
				2.795,
				1,
				4.844,
				2.795,
				5.422,
				-0.651,
				6,
				-0.651
			]
		},
		{
			"Target": "Parameter",
			"Id": "Param_Angle_Rotation74",
			"Segments": [
				0,
				-0.53,
				1,
				0.5,
				-0.53,
				1,
				-9.479,
				1.5,
				-9.479,
				1,
				2.5,
				-9.479,
				3.5,
				8.419,
				4.5,
				8.419,
				1,
				5,
				8.419,
				5.5,
				-0.53,
				6,
				-0.53
			]
		},
		{
			"Target": "Parameter",
			"Id": "Param_Angle_Rotation75",
			"Segments": [
				0,
				-0.651,
				1,
				0.422,
				-0.651,
				0.844,
				-2.801,
				1.267,
				-2.801,
				1,
				2.267,
				-2.801,
				3.267,
				2.795,
				4.267,
				2.795,
				1,
				4.844,
				2.795,
				5.422,
				-0.651,
				6,
				-0.651
			]
		},
		{
			"Target": "Parameter",
			"Id": "Param_Angle_Rotation76",
			"Segments": [
				0,
				-0.53,
				1,
				0.5,
				-0.53,
				1,
				-9.479,
				1.5,
				-9.479,
				1,
				2.5,
				-9.479,
				3.5,
				8.419,
				4.5,
				8.419,
				1,
				5,
				8.419,
				5.5,
				-0.53,
				6,
				-0.53
			]
		}
	]
}