{
	"Version": 3,
	"Parameters": [
		{
			"Id": "ParamBreat",
			"GroupId": "",
			"Name": "呼吸"
		},
		{
			"Id": "ParamFrill",
			"GroupId": "ParamGroup18",
			"Name": "フリル"
		},
		{
			"Id": "ParamBeam1",
			"GroupId": "ParamGroup16",
			"Name": "虹ビーム1"
		},
		{
			"Id": "ParamBeam2",
			"GroupId": "ParamGroup16",
			"Name": "虹ビーム2"
		},
		{
			"Id": "ParamBeam3",
			"GroupId": "ParamGroup16",
			"Name": "虹ビーム3"
		},
		{
			"Id": "ParamBeam4",
			"GroupId": "ParamGroup16",
			"Name": "虹ビーム4"
		},
		{
			"Id": "ParamBeam5",
			"GroupId": "ParamGroup16",
			"Name": "虹ビーム5"
		},
		{
			"Id": "ParamKira1",
			"GroupId": "ParamGroup16",
			"Name": "キラ1"
		},
		{
			"Id": "ParamKira2",
			"GroupId": "ParamGroup16",
			"Name": "キラ2"
		},
		{
			"Id": "ParamKira3",
			"GroupId": "ParamGroup16",
			"Name": "キラ3"
		},
		{
			"Id": "ParamKira4",
			"GroupId": "ParamGroup16",
			"Name": "キラ4"
		},
		{
			"Id": "ParamKira5",
			"GroupId": "ParamGroup16",
			"Name": "キラ5"
		},
		{
			"Id": "ParamLIght1",
			"GroupId": "ParamGroup16",
			"Name": "壁ライト1"
		},
		{
			"Id": "ParamLight2",
			"GroupId": "ParamGroup16",
			"Name": "壁ライト2"
		},
		{
			"Id": "ParamLight3",
			"GroupId": "ParamGroup16",
			"Name": "壁ライト3"
		},
		{
			"Id": "ParamEyes",
			"GroupId": "ParamGroup15",
			"Name": "目パチ"
		},
		{
			"Id": "ParamEyeBS",
			"GroupId": "ParamGroup15",
			"Name": "目光大小"
		},
		{
			"Id": "ParamEyeRL",
			"GroupId": "ParamGroup15",
			"Name": "目光左右"
		},
		{
			"Id": "ParamEyeHB",
			"GroupId": "ParamGroup15",
			"Name": "目光上下"
		},
		{
			"Id": "ParamPaiX",
			"GroupId": "ParamGroup17",
			"Name": "右胸X"
		},
		{
			"Id": "ParamPaiY",
			"GroupId": "ParamGroup17",
			"Name": "右胸Y"
		},
		{
			"Id": "ParamPaiX2",
			"GroupId": "ParamGroup17",
			"Name": "右胸X2"
		},
		{
			"Id": "ParamPaiY2",
			"GroupId": "ParamGroup17",
			"Name": "右胸Y2"
		},
		{
			"Id": "ParamPai2X",
			"GroupId": "ParamGroup17",
			"Name": "左胸X"
		},
		{
			"Id": "ParamPai2Y",
			"GroupId": "ParamGroup17",
			"Name": "左胸Y"
		},
		{
			"Id": "ParamPai2X2",
			"GroupId": "ParamGroup17",
			"Name": "左胸X2"
		},
		{
			"Id": "ParamPai2Y2",
			"GroupId": "ParamGroup17",
			"Name": "左胸Y2"
		},
		{
			"Id": "Param_Angle_Rotation",
			"GroupId": "ParamGroup",
			"Name": "[0]前髪_右横髪"
		},
		{
			"Id": "Param_Angle_Rotation2",
			"GroupId": "ParamGroup",
			"Name": "[1]前髪_右横髪"
		},
		{
			"Id": "Param_Angle_Rotation3",
			"GroupId": "ParamGroup",
			"Name": "[2]前髪_右横髪"
		},
		{
			"Id": "Param_Angle_Rotation4",
			"GroupId": "ParamGroup",
			"Name": "[3]前髪_右横髪"
		},
		{
			"Id": "Param_Angle_Rotation5",
			"GroupId": "ParamGroup",
			"Name": "[4]前髪_右横髪"
		},
		{
			"Id": "Param_Angle_Rotation6",
			"GroupId": "ParamGroup2",
			"Name": "[0]前髪_左4"
		},
		{
			"Id": "Param_Angle_Rotation7",
			"GroupId": "ParamGroup2",
			"Name": "[1]前髪_左4"
		},
		{
			"Id": "Param_Angle_Rotation8",
			"GroupId": "ParamGroup2",
			"Name": "[2]前髪_左4"
		},
		{
			"Id": "Param_Angle_Rotation9",
			"GroupId": "ParamGroup2",
			"Name": "[3]前髪_左4"
		},
		{
			"Id": "Param_Angle_Rotation10",
			"GroupId": "ParamGroup3",
			"Name": "[0]前髪_右3"
		},
		{
			"Id": "Param_Angle_Rotation11",
			"GroupId": "ParamGroup3",
			"Name": "[1]前髪_右3"
		},
		{
			"Id": "Param_Angle_Rotation12",
			"GroupId": "ParamGroup3",
			"Name": "[2]前髪_右3"
		},
		{
			"Id": "Param_Angle_Rotation13",
			"GroupId": "ParamGroup4",
			"Name": "[0]前髪_右2"
		},
		{
			"Id": "Param_Angle_Rotation14",
			"GroupId": "ParamGroup4",
			"Name": "[1]前髪_右2"
		},
		{
			"Id": "Param_Angle_Rotation15",
			"GroupId": "ParamGroup4",
			"Name": "[2]前髪_右2"
		},
		{
			"Id": "Param_Angle_Rotation16",
			"GroupId": "ParamGroup4",
			"Name": "[3]前髪_右2"
		},
		{
			"Id": "Param_Angle_Rotation17",
			"GroupId": "ParamGroup5",
			"Name": "[0]前髪_左5"
		},
		{
			"Id": "Param_Angle_Rotation18",
			"GroupId": "ParamGroup5",
			"Name": "[1]前髪_左5"
		},
		{
			"Id": "Param_Angle_Rotation19",
			"GroupId": "ParamGroup5",
			"Name": "[2]前髪_左5"
		},
		{
			"Id": "Param_Angle_Rotation20",
			"GroupId": "ParamGroup5",
			"Name": "[3]前髪_左5"
		},
		{
			"Id": "Param_Angle_Rotation21",
			"GroupId": "ParamGroup6",
			"Name": "[0]前髪_右1"
		},
		{
			"Id": "Param_Angle_Rotation22",
			"GroupId": "ParamGroup6",
			"Name": "[1]前髪_右1"
		},
		{
			"Id": "Param_Angle_Rotation23",
			"GroupId": "ParamGroup6",
			"Name": "[2]前髪_右1"
		},
		{
			"Id": "Param_Angle_Rotation24",
			"GroupId": "ParamGroup6",
			"Name": "[3]前髪_右1"
		},
		{
			"Id": "Param_Angle_Rotation25",
			"GroupId": "ParamGroup7",
			"Name": "[0]前髪_左1"
		},
		{
			"Id": "Param_Angle_Rotation26",
			"GroupId": "ParamGroup7",
			"Name": "[1]前髪_左1"
		},
		{
			"Id": "Param_Angle_Rotation27",
			"GroupId": "ParamGroup7",
			"Name": "[2]前髪_左1"
		},
		{
			"Id": "Param_Angle_Rotation28",
			"GroupId": "ParamGroup8",
			"Name": "[0]前髪_左2"
		},
		{
			"Id": "Param_Angle_Rotation29",
			"GroupId": "ParamGroup8",
			"Name": "[1]前髪_左2"
		},
		{
			"Id": "Param_Angle_Rotation30",
			"GroupId": "ParamGroup8",
			"Name": "[2]前髪_左2"
		},
		{
			"Id": "Param_Angle_Rotation31",
			"GroupId": "ParamGroup8",
			"Name": "[3]前髪_左2"
		},
		{
			"Id": "Param_Angle_Rotation32",
			"GroupId": "ParamGroup8",
			"Name": "[4]前髪_左2"
		},
		{
			"Id": "Param_Angle_Rotation33",
			"GroupId": "ParamGroup9",
			"Name": "[0]前髪_左3"
		},
		{
			"Id": "Param_Angle_Rotation34",
			"GroupId": "ParamGroup9",
			"Name": "[1]前髪_左3"
		},
		{
			"Id": "Param_Angle_Rotation35",
			"GroupId": "ParamGroup9",
			"Name": "[2]前髪_左3"
		},
		{
			"Id": "Param_Angle_Rotation36",
			"GroupId": "ParamGroup9",
			"Name": "[3]前髪_左3"
		},
		{
			"Id": "Param_Angle_Rotation37",
			"GroupId": "ParamGroup10",
			"Name": "[0]横髪_左1"
		},
		{
			"Id": "Param_Angle_Rotation38",
			"GroupId": "ParamGroup10",
			"Name": "[1]横髪_左1"
		},
		{
			"Id": "Param_Angle_Rotation39",
			"GroupId": "ParamGroup10",
			"Name": "[2]横髪_左1"
		},
		{
			"Id": "Param_Angle_Rotation40",
			"GroupId": "ParamGroup10",
			"Name": "[3]横髪_左1"
		},
		{
			"Id": "Param_Angle_Rotation41",
			"GroupId": "ParamGroup10",
			"Name": "[4]横髪_左1"
		},
		{
			"Id": "Param_Angle_Rotation45",
			"GroupId": "ParamGroup12",
			"Name": "[0]髪_ポニーテール"
		},
		{
			"Id": "Param_Angle_Rotation46",
			"GroupId": "ParamGroup12",
			"Name": "[1]髪_ポニーテール"
		},
		{
			"Id": "Param_Angle_Rotation47",
			"GroupId": "ParamGroup12",
			"Name": "[2]髪_ポニーテール"
		},
		{
			"Id": "Param_Angle_Rotation48",
			"GroupId": "ParamGroup12",
			"Name": "[3]髪_ポニーテール"
		},
		{
			"Id": "Param_Angle_Rotation49",
			"GroupId": "ParamGroup12",
			"Name": "[4]髪_ポニーテール"
		},
		{
			"Id": "Param_Angle_Rotation50",
			"GroupId": "ParamGroup12",
			"Name": "[5]髪_ポニーテール"
		},
		{
			"Id": "Param_Angle_Rotation51",
			"GroupId": "ParamGroup12",
			"Name": "[6]髪_ポニーテール"
		},
		{
			"Id": "Param_Angle_Rotation55",
			"GroupId": "ParamGroup13",
			"Name": "[0]マフラー_下"
		},
		{
			"Id": "Param_Angle_Rotation56",
			"GroupId": "ParamGroup13",
			"Name": "[1]マフラー_下"
		},
		{
			"Id": "Param_Angle_Rotation57",
			"GroupId": "ParamGroup13",
			"Name": "[2]マフラー_下"
		},
		{
			"Id": "Param_Angle_Rotation58",
			"GroupId": "ParamGroup13",
			"Name": "[3]マフラー_下"
		},
		{
			"Id": "Param_Angle_Rotation59",
			"GroupId": "ParamGroup13",
			"Name": "[4]マフラー_下"
		},
		{
			"Id": "Param_Angle_Rotation60",
			"GroupId": "ParamGroup13",
			"Name": "[5]マフラー_下"
		},
		{
			"Id": "Param_Angle_Rotation61",
			"GroupId": "ParamGroup14",
			"Name": "[0]マフラー_上"
		},
		{
			"Id": "Param_Angle_Rotation62",
			"GroupId": "ParamGroup14",
			"Name": "[1]マフラー_上"
		},
		{
			"Id": "Param_Angle_Rotation63",
			"GroupId": "ParamGroup14",
			"Name": "[2]マフラー_上"
		},
		{
			"Id": "Param_Angle_Rotation64",
			"GroupId": "ParamGroup14",
			"Name": "[3]マフラー_上"
		},
		{
			"Id": "Param_Angle_Rotation65",
			"GroupId": "ParamGroup14",
			"Name": "[4]マフラー_上"
		},
		{
			"Id": "Param_Angle_Rotation42",
			"GroupId": "ParamGroup11",
			"Name": "[0]横髪_左2"
		},
		{
			"Id": "Param_Angle_Rotation43",
			"GroupId": "ParamGroup11",
			"Name": "[1]横髪_左2"
		},
		{
			"Id": "Param_Angle_Rotation44",
			"GroupId": "ParamGroup11",
			"Name": "[2]横髪_左2"
		},
		{
			"Id": "Param_Angle_Rotation69",
			"GroupId": "ParamGroup19",
			"Name": "[0]リボン_手前"
		},
		{
			"Id": "Param_Angle_Rotation70",
			"GroupId": "ParamGroup19",
			"Name": "[1]リボン_手前"
		},
		{
			"Id": "Param_Angle_Rotation71",
			"GroupId": "ParamGroup20",
			"Name": "[0]リボン_奥"
		},
		{
			"Id": "Param_Angle_Rotation72",
			"GroupId": "ParamGroup20",
			"Name": "[1]リボン_奥"
		},
		{
			"Id": "Param_Angle_Rotation73",
			"GroupId": "ParamGroup21",
			"Name": "[0]狼_リボン1"
		},
		{
			"Id": "Param_Angle_Rotation74",
			"GroupId": "ParamGroup21",
			"Name": "[1]狼_リボン1"
		},
		{
			"Id": "Param_Angle_Rotation75",
			"GroupId": "ParamGroup22",
			"Name": "[0]狼_リボン2"
		},
		{
			"Id": "Param_Angle_Rotation76",
			"GroupId": "ParamGroup22",
			"Name": "[1]狼_リボン2"
		}
	],
	"ParameterGroups": [
		{
			"Id": "ParamGroup18",
			"GroupId": "",
			"Name": "その他"
		},
		{
			"Id": "ParamGroup16",
			"GroupId": "",
			"Name": "エフェクト"
		},
		{
			"Id": "ParamGroup15",
			"GroupId": "",
			"Name": "表情"
		},
		{
			"Id": "ParamGroup17",
			"GroupId": "",
			"Name": "胸"
		},
		{
			"Id": "ParamGroup",
			"GroupId": "",
			"Name": "前髪_右横髪"
		},
		{
			"Id": "ParamGroup2",
			"GroupId": "",
			"Name": "前髪_左4"
		},
		{
			"Id": "ParamGroup3",
			"GroupId": "",
			"Name": "前髪_右3"
		},
		{
			"Id": "ParamGroup4",
			"GroupId": "",
			"Name": "前髪_右2"
		},
		{
			"Id": "ParamGroup5",
			"GroupId": "",
			"Name": "前髪_左5"
		},
		{
			"Id": "ParamGroup6",
			"GroupId": "",
			"Name": "前髪_右1"
		},
		{
			"Id": "ParamGroup7",
			"GroupId": "",
			"Name": "前髪_左1"
		},
		{
			"Id": "ParamGroup8",
			"GroupId": "",
			"Name": "前髪_左2"
		},
		{
			"Id": "ParamGroup9",
			"GroupId": "",
			"Name": "前髪_左3"
		},
		{
			"Id": "ParamGroup10",
			"GroupId": "",
			"Name": "横髪_左1"
		},
		{
			"Id": "ParamGroup12",
			"GroupId": "",
			"Name": "髪_ポニーテール"
		},
		{
			"Id": "ParamGroup13",
			"GroupId": "",
			"Name": "マフラー_下"
		},
		{
			"Id": "ParamGroup14",
			"GroupId": "",
			"Name": "マフラー_上"
		},
		{
			"Id": "ParamGroup11",
			"GroupId": "",
			"Name": "横髪_左2"
		},
		{
			"Id": "ParamGroup19",
			"GroupId": "",
			"Name": "リボン_手前"
		},
		{
			"Id": "ParamGroup20",
			"GroupId": "",
			"Name": "リボン_奥"
		},
		{
			"Id": "ParamGroup21",
			"GroupId": "",
			"Name": "狼_リボン1"
		},
		{
			"Id": "ParamGroup22",
			"GroupId": "",
			"Name": "狼_リボン2"
		}
	],
	"Parts": [
		{
			"Id": "Part",
			"Name": "*手前エフェクト"
		},
		{
			"Id": "Part5",
			"Name": "*叢"
		},
		{
			"Id": "Part35",
			"Name": "*狼"
		},
		{
			"Id": "Part15",
			"Name": "*後ろエフェクト"
		},
		{
			"Id": "Part2",
			"Name": "*手前虹ビーム2"
		},
		{
			"Id": "Part3",
			"Name": "*手前虹ビーム1"
		},
		{
			"Id": "Part4",
			"Name": "*紙吹雪キラ"
		},
		{
			"Id": "Part6",
			"Name": "*髪リボン"
		},
		{
			"Id": "Part7",
			"Name": "*前髪"
		},
		{
			"Id": "Part8",
			"Name": "*顔"
		},
		{
			"Id": "Part11",
			"Name": "*胸"
		},
		{
			"Id": "Part12",
			"Name": "*横髪_左"
		},
		{
			"Id": "Part13",
			"Name": "*右手・身体"
		},
		{
			"Id": "ArtMesh44_Skinning",
			"Name": "髪_ポニーテール(スキニング)"
		},
		{
			"Id": "Part14",
			"Name": "*マフラー"
		},
		{
			"Id": "ArtMesh119_Skinning",
			"Name": "狼_リボン1(スキニング)"
		},
		{
			"Id": "ArtMesh120_Skinning",
			"Name": "狼_リボン2(スキニング)"
		},
		{
			"Id": "Part16",
			"Name": "*後ろ_壁ライト"
		},
		{
			"Id": "Part17",
			"Name": "*後ろ_虹ビーム"
		},
		{
			"Id": "ArtMesh16_Skinning",
			"Name": "リボン_手前(スキニング)"
		},
		{
			"Id": "ArtMesh17_Skinning",
			"Name": "リボン_奥(スキニング)"
		},
		{
			"Id": "ArtMesh18_Skinning",
			"Name": "前髪_右横髪(スキニング)"
		},
		{
			"Id": "ArtMesh19_Skinning",
			"Name": "前髪_右3(スキニング)"
		},
		{
			"Id": "ArtMesh20_Skinning",
			"Name": "前髪_右2(スキニング)"
		},
		{
			"Id": "ArtMesh21_Skinning",
			"Name": "前髪_右1(スキニング)"
		},
		{
			"Id": "ArtMesh22_Skinning",
			"Name": "前髪_左1(スキニング)"
		},
		{
			"Id": "ArtMesh23_Skinning",
			"Name": "前髪_左2(スキニング)"
		},
		{
			"Id": "ArtMesh24_Skinning",
			"Name": "前髪_左3(スキニング)"
		},
		{
			"Id": "ArtMesh25_Skinning",
			"Name": "前髪_左5(スキニング)"
		},
		{
			"Id": "ArtMesh26_Skinning",
			"Name": "前髪_左4(スキニング)"
		},
		{
			"Id": "Part9",
			"Name": "*表情"
		},
		{
			"Id": "ArtMesh36_Skinning",
			"Name": "横髪_左1(スキニング)"
		},
		{
			"Id": "ArtMesh37_Skinning2",
			"Name": "横髪_左2(スキニング)"
		},
		{
			"Id": "ArtMesh37_Skinning",
			"Name": "横髪_左2(スキニング)"
		},
		{
			"Id": "ArtMesh45_Skinning",
			"Name": "マフラー_上(スキニング)"
		},
		{
			"Id": "ArtMesh46_Skinning",
			"Name": "マフラー_下(スキニング)"
		},
		{
			"Id": "Part10",
			"Name": "*開き目"
		}
	],
	"CombinedParameters": [
		[
			"ParamEyeRL",
			"ParamEyeHB"
		]
	]
}