{
	"Version": 3,
	"Parameters": [
		{
			"Id": "ParamEff1",
			"GroupId": "ParamGroup",
			"Name": "エフェクト1"
		},
		{
			"Id": "ParamEff2",
			"GroupId": "ParamGroup",
			"Name": "エフェクト2"
		},
		{
			"Id": "ParamEff3",
			"GroupId": "ParamGroup",
			"Name": "エフェクト3"
		},
		{
			"Id": "ParamEff4",
			"GroupId": "ParamGroup",
			"Name": "ステッキ光"
		},
		{
			"Id": "ParamEff5",
			"GroupId": "ParamGroup",
			"Name": "魔法光2"
		},
		{
			"Id": "ParamEff6",
			"GroupId": "ParamGroup",
			"Name": "魔法光強"
		},
		{
			"Id": "ParamEff7",
			"GroupId": "ParamGroup",
			"Name": "エフェクト7"
		},
		{
			"Id": "ParamEff8",
			"GroupId": "ParamGroup",
			"Name": "エフェクト8"
		},
		{
			"Id": "ParamEff9",
			"GroupId": "ParamGroup",
			"Name": "びいむ1"
		},
		{
			"Id": "ParamEff10",
			"GroupId": "ParamGroup",
			"Name": "びいむ2"
		},
		{
			"Id": "ParamEff11",
			"GroupId": "ParamGroup",
			"Name": "エフェクト11"
		},
		{
			"Id": "ParamEff12",
			"GroupId": "ParamGroup",
			"Name": "エフェクト12"
		},
		{
			"Id": "ParamEff13",
			"GroupId": "ParamGroup",
			"Name": "エフェクト13"
		},
		{
			"Id": "ParamEff14",
			"GroupId": "ParamGroup",
			"Name": "エフェクト14"
		},
		{
			"Id": "ParamEff15",
			"GroupId": "ParamGroup",
			"Name": "エフェクト15"
		},
		{
			"Id": "ParamEff16",
			"GroupId": "ParamGroup",
			"Name": "エフェクト16"
		},
		{
			"Id": "ParamEff17",
			"GroupId": "ParamGroup",
			"Name": "エフェクト17"
		},
		{
			"Id": "ParamEff18",
			"GroupId": "ParamGroup",
			"Name": "エフェクト18"
		},
		{
			"Id": "ParamEff19",
			"GroupId": "ParamGroup",
			"Name": "エフェクト19"
		},
		{
			"Id": "ParamEff20",
			"GroupId": "ParamGroup",
			"Name": "エフェクト20"
		},
		{
			"Id": "ParamEff21",
			"GroupId": "ParamGroup",
			"Name": "エフェクト21"
		},
		{
			"Id": "ParamEff22",
			"GroupId": "ParamGroup",
			"Name": "エフェクト22"
		},
		{
			"Id": "ParamEff23",
			"GroupId": "ParamGroup",
			"Name": "エフェクト23"
		},
		{
			"Id": "ParamEff24",
			"GroupId": "ParamGroup",
			"Name": "エフェクト24"
		},
		{
			"Id": "ParamEff25",
			"GroupId": "ParamGroup",
			"Name": "エフェクト25"
		},
		{
			"Id": "ParamEff26",
			"GroupId": "ParamGroup",
			"Name": "エフェクト26"
		},
		{
			"Id": "ParamEff27",
			"GroupId": "ParamGroup",
			"Name": "エフェクト27"
		},
		{
			"Id": "ParamEff28",
			"GroupId": "ParamGroup",
			"Name": "エフェクト28"
		},
		{
			"Id": "ParamEff29",
			"GroupId": "ParamGroup",
			"Name": "エフェクト29"
		},
		{
			"Id": "ParamEff30",
			"GroupId": "ParamGroup",
			"Name": "エフェクト30"
		},
		{
			"Id": "ParamEff31",
			"GroupId": "ParamGroup",
			"Name": "エフェクト31"
		},
		{
			"Id": "ParamEff32",
			"GroupId": "ParamGroup",
			"Name": "エフェクト32"
		},
		{
			"Id": "ParamEff33",
			"GroupId": "ParamGroup",
			"Name": "エフェクト33"
		},
		{
			"Id": "ParamPachi",
			"GroupId": "ParamGroup2",
			"Name": "目パチ"
		},
		{
			"Id": "ParamLegL1",
			"GroupId": "ParamGroup2",
			"Name": "右太もも"
		},
		{
			"Id": "ParamLegL2",
			"GroupId": "ParamGroup2",
			"Name": "右足"
		},
		{
			"Id": "ParamLegR1",
			"GroupId": "ParamGroup2",
			"Name": "左太もも"
		},
		{
			"Id": "ParamLegR2",
			"GroupId": "ParamGroup2",
			"Name": "左足"
		},
		{
			"Id": "ParamEyeRL",
			"GroupId": "ParamGroup2",
			"Name": "目Hi左右"
		},
		{
			"Id": "ParamEyeUD",
			"GroupId": "ParamGroup2",
			"Name": "目Hi上下"
		},
		{
			"Id": "ParamEyeBS",
			"GroupId": "ParamGroup2",
			"Name": "目Hi大小"
		},
		{
			"Id": "ParamPaiRY",
			"GroupId": "ParamGroup2",
			"Name": "右胸 Y"
		},
		{
			"Id": "ParamPaiRX",
			"GroupId": "ParamGroup2",
			"Name": "右胸 X"
		},
		{
			"Id": "ParamPaiRY2",
			"GroupId": "ParamGroup2",
			"Name": "右胸 Y2"
		},
		{
			"Id": "ParamPaiRX2",
			"GroupId": "ParamGroup2",
			"Name": "右胸 X2"
		},
		{
			"Id": "ParamPaiLY",
			"GroupId": "ParamGroup2",
			"Name": "左胸 Y"
		},
		{
			"Id": "ParamPaiLX",
			"GroupId": "ParamGroup2",
			"Name": "左胸 X"
		},
		{
			"Id": "ParamPaiLY2",
			"GroupId": "ParamGroup2",
			"Name": "左胸 Y2"
		},
		{
			"Id": "ParamPaiLX2",
			"GroupId": "ParamGroup2",
			"Name": "左胸 X2"
		},
		{
			"Id": "ParamBreat",
			"GroupId": "ParamGroup2",
			"Name": "呼吸"
		},
		{
			"Id": "ParamImageY",
			"GroupId": "ParamGroup3",
			"Name": "位置Y"
		},
		{
			"Id": "Param",
			"GroupId": "ParamGroup3",
			"Name": "頭リボン"
		},
		{
			"Id": "Param2",
			"GroupId": "ParamGroup3",
			"Name": "右マント"
		},
		{
			"Id": "Param3",
			"GroupId": "ParamGroup3",
			"Name": "左マント"
		},
		{
			"Id": "Param4",
			"GroupId": "ParamGroup3",
			"Name": "スカート右"
		},
		{
			"Id": "Param5",
			"GroupId": "ParamGroup3",
			"Name": "スカート左"
		},
		{
			"Id": "Param_Angle_Rotation2",
			"GroupId": "ParamGroup4",
			"Name": "[0]帽子鈴"
		},
		{
			"Id": "Param_Angle_Rotation3",
			"GroupId": "ParamGroup4",
			"Name": "[1]帽子鈴"
		},
		{
			"Id": "Param_Angle_Rotation4",
			"GroupId": "ParamGroup4",
			"Name": "[2]帽子鈴"
		},
		{
			"Id": "Param_Angle_Rotation8",
			"GroupId": "ParamGroup5",
			"Name": "[0]右飾り"
		},
		{
			"Id": "Param_Angle_Rotation9",
			"GroupId": "ParamGroup5",
			"Name": "[1]右飾り"
		},
		{
			"Id": "Param_Angle_Rotation10",
			"GroupId": "ParamGroup5",
			"Name": "[2]右飾り"
		},
		{
			"Id": "Param_Angle_Rotation11",
			"GroupId": "ParamGroup5",
			"Name": "[3]右飾り"
		},
		{
			"Id": "Param_Angle_Rotation12",
			"GroupId": "ParamGroup5",
			"Name": "[4]右飾り"
		},
		{
			"Id": "Param_Angle_Rotation13",
			"GroupId": "ParamGroup5",
			"Name": "[5]右飾り"
		},
		{
			"Id": "Param_Angle_Rotation14",
			"GroupId": "ParamGroup6",
			"Name": "[0]しっぽ"
		},
		{
			"Id": "Param_Angle_Rotation15",
			"GroupId": "ParamGroup6",
			"Name": "[1]しっぽ"
		},
		{
			"Id": "Param_Angle_Rotation16",
			"GroupId": "ParamGroup6",
			"Name": "[2]しっぽ"
		},
		{
			"Id": "Param_Angle_Rotation17",
			"GroupId": "ParamGroup6",
			"Name": "[3]しっぽ"
		},
		{
			"Id": "Param_Angle_Rotation18",
			"GroupId": "ParamGroup6",
			"Name": "[4]しっぽ"
		},
		{
			"Id": "Param_Angle_Rotation19",
			"GroupId": "ParamGroup6",
			"Name": "[5]しっぽ"
		},
		{
			"Id": "Param_Angle_Rotation20",
			"GroupId": "ParamGroup7",
			"Name": "[0]左飾り"
		},
		{
			"Id": "Param_Angle_Rotation21",
			"GroupId": "ParamGroup7",
			"Name": "[1]左飾り"
		},
		{
			"Id": "Param_Angle_Rotation22",
			"GroupId": "ParamGroup7",
			"Name": "[2]左飾り"
		},
		{
			"Id": "Param_Angle_Rotation23",
			"GroupId": "ParamGroup7",
			"Name": "[3]左飾り"
		},
		{
			"Id": "Param_Angle_Rotation28",
			"GroupId": "ParamGroup8",
			"Name": "[0]髪中央"
		},
		{
			"Id": "Param_Angle_Rotation29",
			"GroupId": "ParamGroup8",
			"Name": "[1]髪中央"
		},
		{
			"Id": "Param_Angle_Rotation30",
			"GroupId": "ParamGroup8",
			"Name": "[2]髪中央"
		},
		{
			"Id": "Param_Angle_Rotation31",
			"GroupId": "ParamGroup9",
			"Name": "[0]髪左2"
		},
		{
			"Id": "Param_Angle_Rotation32",
			"GroupId": "ParamGroup9",
			"Name": "[1]髪左2"
		},
		{
			"Id": "Param_Angle_Rotation33",
			"GroupId": "ParamGroup9",
			"Name": "[2]髪左2"
		},
		{
			"Id": "Param_Angle_Rotation34",
			"GroupId": "ParamGroup10",
			"Name": "[0]髪右1"
		},
		{
			"Id": "Param_Angle_Rotation35",
			"GroupId": "ParamGroup10",
			"Name": "[1]髪右1"
		},
		{
			"Id": "Param_Angle_Rotation36",
			"GroupId": "ParamGroup10",
			"Name": "[2]髪右1"
		},
		{
			"Id": "Param_Angle_Rotation37",
			"GroupId": "ParamGroup11",
			"Name": "[0]髪左1"
		},
		{
			"Id": "Param_Angle_Rotation38",
			"GroupId": "ParamGroup11",
			"Name": "[1]髪左1"
		},
		{
			"Id": "Param_Angle_Rotation39",
			"GroupId": "ParamGroup11",
			"Name": "[2]髪左1"
		},
		{
			"Id": "Param_Angle_Rotation84",
			"GroupId": "ParamGroup19",
			"Name": "[0]髪右2"
		},
		{
			"Id": "Param_Angle_Rotation85",
			"GroupId": "ParamGroup19",
			"Name": "[1]髪右2"
		},
		{
			"Id": "Param_Angle_Rotation87",
			"GroupId": "ParamGroup19",
			"Name": "[2]髪右2"
		},
		{
			"Id": "Param_Angle_Rotation40",
			"GroupId": "ParamGroup12",
			"Name": "[0]左もみあげ"
		},
		{
			"Id": "Param_Angle_Rotation41",
			"GroupId": "ParamGroup12",
			"Name": "[1]左もみあげ"
		},
		{
			"Id": "Param_Angle_Rotation42",
			"GroupId": "ParamGroup12",
			"Name": "[2]左もみあげ"
		},
		{
			"Id": "Param_Angle_Rotation43",
			"GroupId": "ParamGroup12",
			"Name": "[3]左もみあげ"
		},
		{
			"Id": "Param_Angle_Rotation44",
			"GroupId": "ParamGroup12",
			"Name": "[4]左もみあげ"
		},
		{
			"Id": "Param_Angle_Rotation45",
			"GroupId": "ParamGroup13",
			"Name": "[0]右もみあげ"
		},
		{
			"Id": "Param_Angle_Rotation46",
			"GroupId": "ParamGroup13",
			"Name": "[1]右もみあげ"
		},
		{
			"Id": "Param_Angle_Rotation47",
			"GroupId": "ParamGroup13",
			"Name": "[2]右もみあげ"
		},
		{
			"Id": "Param_Angle_Rotation48",
			"GroupId": "ParamGroup13",
			"Name": "[3]右もみあげ"
		},
		{
			"Id": "Param_Angle_Rotation49",
			"GroupId": "ParamGroup13",
			"Name": "[4]右もみあげ"
		},
		{
			"Id": "Param_Angle_Rotation50",
			"GroupId": "ParamGroup14",
			"Name": "[0]後ろ髪左1"
		},
		{
			"Id": "Param_Angle_Rotation51",
			"GroupId": "ParamGroup14",
			"Name": "[1]後ろ髪左1"
		},
		{
			"Id": "Param_Angle_Rotation52",
			"GroupId": "ParamGroup14",
			"Name": "[2]後ろ髪左1"
		},
		{
			"Id": "Param_Angle_Rotation53",
			"GroupId": "ParamGroup14",
			"Name": "[3]後ろ髪左1"
		},
		{
			"Id": "Param_Angle_Rotation54",
			"GroupId": "ParamGroup14",
			"Name": "[4]後ろ髪左1"
		},
		{
			"Id": "Param_Angle_Rotation60",
			"GroupId": "ParamGroup15",
			"Name": "[0]後ろ髪左2"
		},
		{
			"Id": "Param_Angle_Rotation61",
			"GroupId": "ParamGroup15",
			"Name": "[1]後ろ髪左2"
		},
		{
			"Id": "Param_Angle_Rotation62",
			"GroupId": "ParamGroup15",
			"Name": "[2]後ろ髪左2"
		},
		{
			"Id": "Param_Angle_Rotation63",
			"GroupId": "ParamGroup15",
			"Name": "[3]後ろ髪左2"
		},
		{
			"Id": "Param_Angle_Rotation64",
			"GroupId": "ParamGroup15",
			"Name": "[4]後ろ髪左2"
		},
		{
			"Id": "Param_Angle_Rotation70",
			"GroupId": "ParamGroup16",
			"Name": "[0]後ろ髪左3"
		},
		{
			"Id": "Param_Angle_Rotation71",
			"GroupId": "ParamGroup16",
			"Name": "[1]後ろ髪左3"
		},
		{
			"Id": "Param_Angle_Rotation72",
			"GroupId": "ParamGroup16",
			"Name": "[2]後ろ髪左3"
		},
		{
			"Id": "Param_Angle_Rotation73",
			"GroupId": "ParamGroup16",
			"Name": "[3]後ろ髪左3"
		},
		{
			"Id": "Param_Angle_Rotation74",
			"GroupId": "ParamGroup16",
			"Name": "[4]後ろ髪左3"
		},
		{
			"Id": "Param_Angle_Rotation75",
			"GroupId": "ParamGroup17",
			"Name": "[0]後ろ髪右1"
		},
		{
			"Id": "Param_Angle_Rotation76",
			"GroupId": "ParamGroup17",
			"Name": "[1]後ろ髪右1"
		},
		{
			"Id": "Param_Angle_Rotation77",
			"GroupId": "ParamGroup17",
			"Name": "[2]後ろ髪右1"
		},
		{
			"Id": "Param_Angle_Rotation78",
			"GroupId": "ParamGroup17",
			"Name": "[3]後ろ髪右1"
		},
		{
			"Id": "Param_Angle_Rotation79",
			"GroupId": "ParamGroup17",
			"Name": "[4]後ろ髪右1"
		},
		{
			"Id": "Param_Angle_Rotation80",
			"GroupId": "ParamGroup18",
			"Name": "[0]後ろ髪右2"
		},
		{
			"Id": "Param_Angle_Rotation81",
			"GroupId": "ParamGroup18",
			"Name": "[1]後ろ髪右2"
		},
		{
			"Id": "Param_Angle_Rotation82",
			"GroupId": "ParamGroup18",
			"Name": "[2]後ろ髪右2"
		},
		{
			"Id": "Param_Angle_Rotation83",
			"GroupId": "ParamGroup18",
			"Name": "[3]後ろ髪右2"
		}
	],
	"ParameterGroups": [
		{
			"Id": "ParamGroup",
			"GroupId": "",
			"Name": "エフェクト"
		},
		{
			"Id": "ParamGroup2",
			"GroupId": "",
			"Name": "URアニメーション"
		},
		{
			"Id": "ParamGroup3",
			"GroupId": "",
			"Name": "追加"
		},
		{
			"Id": "ParamGroup4",
			"GroupId": "",
			"Name": "帽子鈴"
		},
		{
			"Id": "ParamGroup5",
			"GroupId": "",
			"Name": "右飾り"
		},
		{
			"Id": "ParamGroup6",
			"GroupId": "",
			"Name": "しっぽ"
		},
		{
			"Id": "ParamGroup7",
			"GroupId": "",
			"Name": "左飾り"
		},
		{
			"Id": "ParamGroup8",
			"GroupId": "",
			"Name": "髪中央"
		},
		{
			"Id": "ParamGroup9",
			"GroupId": "",
			"Name": "髪左2"
		},
		{
			"Id": "ParamGroup10",
			"GroupId": "",
			"Name": "髪右1"
		},
		{
			"Id": "ParamGroup11",
			"GroupId": "",
			"Name": "髪左1"
		},
		{
			"Id": "ParamGroup19",
			"GroupId": "",
			"Name": "髪右2"
		},
		{
			"Id": "ParamGroup12",
			"GroupId": "",
			"Name": "左もみあげ"
		},
		{
			"Id": "ParamGroup13",
			"GroupId": "",
			"Name": "右もみあげ"
		},
		{
			"Id": "ParamGroup14",
			"GroupId": "",
			"Name": "後ろ髪左1"
		},
		{
			"Id": "ParamGroup15",
			"GroupId": "",
			"Name": "後ろ髪左2"
		},
		{
			"Id": "ParamGroup16",
			"GroupId": "",
			"Name": "後ろ髪左3"
		},
		{
			"Id": "ParamGroup17",
			"GroupId": "",
			"Name": "後ろ髪右1"
		},
		{
			"Id": "ParamGroup18",
			"GroupId": "",
			"Name": "後ろ髪右2"
		}
	],
	"Parts": [
		{
			"Id": "Part19",
			"Name": "1920×1440.psd"
		},
		{
			"Id": "Part",
			"Name": "エフェクト"
		},
		{
			"Id": "BOOK",
			"Name": "BOOK"
		},
		{
			"Id": "Part7",
			"Name": "未来"
		},
		{
			"Id": "Part13",
			"Name": "光彩"
		},
		{
			"Id": "Part14",
			"Name": "エフェクト下"
		},
		{
			"Id": "Part16",
			"Name": "魔法エフェクト"
		},
		{
			"Id": "Part17",
			"Name": "ビーム"
		},
		{
			"Id": "Part18",
			"Name": "背景"
		},
		{
			"Id": "Part2",
			"Name": "キラキラ1"
		},
		{
			"Id": "Part3",
			"Name": "キラキラ2"
		},
		{
			"Id": "Part4",
			"Name": "キラキラ3"
		},
		{
			"Id": "Part5",
			"Name": "丸光彩"
		},
		{
			"Id": "Part6",
			"Name": "ステッキ光"
		},
		{
			"Id": "Part8",
			"Name": "前髪"
		},
		{
			"Id": "ArtMesh52_Skinning",
			"Name": "右飾り(スキニング)"
		},
		{
			"Id": "Part9",
			"Name": "目"
		},
		{
			"Id": "ArtMesh62_Skinning",
			"Name": "右もみあげ(スキニング)"
		},
		{
			"Id": "Part10",
			"Name": "スカートマント"
		},
		{
			"Id": "Part11",
			"Name": "後ろ髪"
		},
		{
			"Id": "Part12",
			"Name": "帽子"
		},
		{
			"Id": "ArtMesh83_Skinning",
			"Name": "後ろ髪左1光(スキニング)"
		},
		{
			"Id": "ArtMesh84_Skinning",
			"Name": "後ろ髪左2光(スキニング)"
		},
		{
			"Id": "ArtMesh87_Skinning",
			"Name": "帽子鈴光(スキニング)"
		},
		{
			"Id": "ArtMesh92_Skinning",
			"Name": "左飾り光(スキニング)"
		},
		{
			"Id": "Part15",
			"Name": "星黄色後"
		},
		{
			"Id": "ArtMesh46_Skinning",
			"Name": "髪右1(スキニング)"
		},
		{
			"Id": "ArtMesh43_Skinning",
			"Name": "髪中央(スキニング)"
		},
		{
			"Id": "ArtMesh44_Skinning",
			"Name": "髪左1(スキニング)"
		},
		{
			"Id": "ArtMesh47_Skinning",
			"Name": "髪右2(スキニング)"
		},
		{
			"Id": "ArtMesh45_Skinning",
			"Name": "髪左2(スキニング)"
		},
		{
			"Id": "ArtMesh48_Skinning",
			"Name": "左もみあげ(スキニング)"
		},
		{
			"Id": "ArtMesh67_Skinning",
			"Name": "左飾り(スキニング)"
		},
		{
			"Id": "ArtMesh73_Skinning",
			"Name": "しっぽ(スキニング)"
		},
		{
			"Id": "ArtMesh74_Skinning",
			"Name": "後ろ髪右1(スキニング)"
		},
		{
			"Id": "ArtMesh75_Skinning",
			"Name": "後ろ髪右2(スキニング)"
		},
		{
			"Id": "ArtMesh76_Skinning",
			"Name": "後ろ髪左1(スキニング)"
		},
		{
			"Id": "ArtMesh77_Skinning",
			"Name": "後ろ髪左2(スキニング)"
		},
		{
			"Id": "ArtMesh78_Skinning",
			"Name": "後ろ髪左3(スキニング)"
		},
		{
			"Id": "ArtMesh82_Skinning",
			"Name": "帽子鈴(スキニング)"
		}
	],
	"CombinedParameters": [
		[
			"ParamEyeRL",
			"ParamEyeUD"
		],
		[
			"ParamPaiRY",
			"ParamPaiRX"
		],
		[
			"ParamPaiRY2",
			"ParamPaiRX2"
		],
		[
			"ParamPaiLY",
			"ParamPaiLX"
		],
		[
			"ParamPaiLY2",
			"ParamPaiLX2"
		]
	]
}