{
	"Version": 3,
	"Meta": {
		"Duration": 6,
		"Fps": 30.0,
		"Loop": true,
		"AreBeziersRestricted": false,
		"CurveCount": 97,
		"TotalSegmentCount": 1105,
		"TotalPointCount": 3412,
		"UserDataCount": 0,
		"TotalUserDataSize": 0
	},
	"Curves": [
		{
			"Target": "Parameter",
			"Id": "Param10",
			"Segments": [
				0,
				-10,
				1,
				1,
				-10,
				2,
				0,
				3,
				0,
				1,
				4,
				0,
				5,
				-10,
				6,
				-10
			]
		},
		{
			"Target": "Parameter",
			"Id": "Param",
			"Segments": [
				0,
				0.5,
				1,
				0.067,
				0.5,
				0.133,
				0.2,
				0.2,
				0.2,
				1,
				0.333,
				0.2,
				0.467,
				0.9,
				0.6,
				0.9,
				1,
				0.711,
				0.9,
				0.822,
				0.4,
				0.933,
				0.4,
				1,
				0.978,
				0.4,
				1.022,
				0.6,
				1.067,
				0.6,
				1,
				1.111,
				0.6,
				1.156,
				0.3,
				1.2,
				0.3,
				1,
				1.244,
				0.3,
				1.289,
				1,
				1.333,
				1,
				1,
				1.611,
				1,
				1.889,
				0.4,
				2.167,
				0.4,
				1,
				2.333,
				0.4,
				2.5,
				0.8,
				2.667,
				0.8,
				1,
				2.833,
				0.8,
				3,
				0.3,
				3.167,
				0.3,
				1,
				3.244,
				0.3,
				3.322,
				0.3,
				3.4,
				0.3,
				1,
				3.422,
				0.3,
				3.444,
				1,
				3.467,
				1,
				1,
				3.6,
				1,
				3.733,
				0.4,
				3.867,
				0.4,
				1,
				3.989,
				0.4,
				4.111,
				0.7,
				4.233,
				0.7,
				1,
				4.278,
				0.7,
				4.322,
				0.2,
				4.367,
				0.2,
				1,
				4.4,
				0.2,
				4.433,
				0.6,
				4.467,
				0.6,
				1,
				4.533,
				0.6,
				4.6,
				0.2,
				4.667,
				0.2,
				1,
				4.767,
				0.2,
				4.867,
				1,
				4.967,
				1,
				1,
				4.989,
				1,
				5.011,
				0.9,
				5.033,
				0.9,
				1,
				5.056,
				0.9,
				5.078,
				0.9,
				5.1,
				0.9,
				1,
				5.233,
				0.9,
				5.367,
				0.4,
				5.5,
				0.4,
				1,
				5.533,
				0.4,
				5.567,
				1,
				5.6,
				1,
				1,
				5.678,
				1,
				5.756,
				0.4,
				5.833,
				0.4,
				1,
				5.889,
				0.4,
				5.944,
				0.5,
				6,
				0.5
			]
		},
		{
			"Target": "Parameter",
			"Id": "Param2",
			"Segments": [
				0,
				0.5,
				1,
				0.167,
				0.5,
				0.333,
				1,
				0.5,
				1,
				1,
				0.667,
				1,
				0.833,
				0.5,
				1,
				0.5,
				1,
				1.167,
				0.5,
				1.333,
				1,
				1.5,
				1,
				1,
				1.667,
				1,
				1.833,
				0.5,
				2,
				0.5,
				1,
				2.167,
				0.5,
				2.333,
				1,
				2.5,
				1,
				1,
				2.667,
				1,
				2.833,
				0.5,
				3,
				0.5,
				1,
				3.167,
				0.5,
				3.333,
				1,
				3.5,
				1,
				1,
				3.667,
				1,
				3.833,
				0.5,
				4,
				0.5,
				1,
				4.167,
				0.5,
				4.333,
				1,
				4.5,
				1,
				1,
				4.667,
				1,
				4.833,
				0.5,
				5,
				0.5,
				1,
				5.167,
				0.5,
				5.333,
				1,
				5.5,
				1,
				1,
				5.667,
				1,
				5.833,
				0.5,
				6,
				0.5
			]
		},
		{
			"Target": "Parameter",
			"Id": "Param3",
			"Segments": [
				0,
				-30,
				1,
				0.078,
				-30,
				0.156,
				-30,
				0.233,
				-30,
				1,
				0.322,
				-30,
				0.411,
				30,
				0.5,
				30,
				1,
				0.578,
				30,
				0.656,
				30,
				0.733,
				30,
				1,
				0.822,
				30,
				0.911,
				-30,
				1,
				-30,
				1,
				1.078,
				-30,
				1.156,
				-30,
				1.233,
				-30,
				1,
				1.322,
				-30,
				1.411,
				30,
				1.5,
				30,
				1,
				1.578,
				30,
				1.656,
				30,
				1.733,
				30,
				1,
				1.822,
				30,
				1.911,
				-30,
				2,
				-30,
				1,
				2.078,
				-30,
				2.156,
				-30,
				2.233,
				-30,
				1,
				2.322,
				-30,
				2.411,
				30,
				2.5,
				30,
				1,
				2.578,
				30,
				2.656,
				30,
				2.733,
				30,
				1,
				2.822,
				30,
				2.911,
				-30,
				3,
				-30,
				1,
				3.078,
				-30,
				3.156,
				-30,
				3.233,
				-30,
				1,
				3.322,
				-30,
				3.411,
				30,
				3.5,
				30,
				1,
				3.578,
				30,
				3.656,
				30,
				3.733,
				30,
				1,
				3.822,
				30,
				3.911,
				-30,
				4,
				-30,
				1,
				4.078,
				-30,
				4.156,
				-30,
				4.233,
				-30,
				1,
				4.322,
				-30,
				4.411,
				30,
				4.5,
				30,
				1,
				4.578,
				30,
				4.656,
				30,
				4.733,
				30,
				1,
				4.822,
				30,
				4.911,
				-30,
				5,
				-30,
				1,
				5.078,
				-30,
				5.156,
				-30,
				5.233,
				-30,
				1,
				5.322,
				-30,
				5.411,
				30,
				5.5,
				30,
				1,
				5.578,
				30,
				5.656,
				30,
				5.733,
				30,
				1,
				5.822,
				30,
				5.911,
				-30,
				6,
				-30
			]
		},
		{
			"Target": "Parameter",
			"Id": "Param4",
			"Segments": [
				0,
				-30,
				1,
				0.078,
				-30,
				0.156,
				30,
				0.233,
				30,
				1,
				0.322,
				30,
				0.411,
				-30,
				0.5,
				-30,
				1,
				0.578,
				-30,
				0.656,
				30,
				0.733,
				30,
				1,
				0.822,
				30,
				0.911,
				-30,
				1,
				-30,
				1,
				1.078,
				-30,
				1.156,
				30,
				1.233,
				30,
				1,
				1.322,
				30,
				1.411,
				-30,
				1.5,
				-30,
				1,
				1.578,
				-30,
				1.656,
				30,
				1.733,
				30,
				1,
				1.822,
				30,
				1.911,
				-30,
				2,
				-30,
				1,
				2.078,
				-30,
				2.156,
				30,
				2.233,
				30,
				1,
				2.322,
				30,
				2.411,
				-30,
				2.5,
				-30,
				1,
				2.578,
				-30,
				2.656,
				30,
				2.733,
				30,
				1,
				2.822,
				30,
				2.911,
				-30,
				3,
				-30,
				1,
				3.078,
				-30,
				3.156,
				30,
				3.233,
				30,
				1,
				3.322,
				30,
				3.411,
				-30,
				3.5,
				-30,
				1,
				3.578,
				-30,
				3.656,
				30,
				3.733,
				30,
				1,
				3.822,
				30,
				3.911,
				-30,
				4,
				-30,
				1,
				4.078,
				-30,
				4.156,
				30,
				4.233,
				30,
				1,
				4.322,
				30,
				4.411,
				-30,
				4.5,
				-30,
				1,
				4.578,
				-30,
				4.656,
				30,
				4.733,
				30,
				1,
				4.822,
				30,
				4.911,
				-30,
				5,
				-30,
				1,
				5.078,
				-30,
				5.156,
				30,
				5.233,
				30,
				1,
				5.322,
				30,
				5.411,
				-30,
				5.5,
				-30,
				1,
				5.578,
				-30,
				5.656,
				30,
				5.733,
				30,
				1,
				5.822,
				30,
				5.911,
				-30,
				6,
				-30
			]
		},
		{
			"Target": "Parameter",
			"Id": "Param5",
			"Segments": [
				0,
				0,
				1,
				0.333,
				0,
				0.667,
				1,
				1,
				1,
				1,
				1.333,
				1,
				1.667,
				0,
				2,
				0,
				1,
				2.333,
				0,
				2.667,
				1,
				3,
				1,
				1,
				3.333,
				1,
				3.667,
				0,
				4,
				0,
				1,
				4.333,
				0,
				4.667,
				1,
				5,
				1,
				1,
				5.333,
				1,
				5.667,
				0,
				6,
				0
			]
		},
		{
			"Target": "Parameter",
			"Id": "Param6",
			"Segments": [
				0,
				0,
				1,
				0.033,
				0,
				0.067,
				0.5,
				0.1,
				0.5,
				1,
				0.144,
				0.5,
				0.189,
				0.3,
				0.233,
				0.3,
				1,
				0.267,
				0.3,
				0.3,
				1,
				0.333,
				1,
				1,
				0.378,
				1,
				0.422,
				0.3,
				0.467,
				0.3,
				1,
				0.5,
				0.3,
				0.533,
				0.7,
				0.567,
				0.7,
				1,
				0.622,
				0.7,
				0.678,
				0,
				0.733,
				0,
				1,
				0.767,
				0,
				0.8,
				0,
				0.833,
				0,
				1,
				0.867,
				0,
				0.9,
				0.5,
				0.933,
				0.5,
				1,
				0.978,
				0.5,
				1.022,
				0.3,
				1.067,
				0.3,
				1,
				1.1,
				0.3,
				1.133,
				1,
				1.167,
				1,
				1,
				1.211,
				1,
				1.256,
				0.3,
				1.3,
				0.3,
				1,
				1.333,
				0.3,
				1.367,
				0.7,
				1.4,
				0.7,
				1,
				1.456,
				0.7,
				1.511,
				0,
				1.567,
				0,
				1,
				1.6,
				0,
				1.633,
				0,
				1.667,
				0,
				1,
				1.7,
				0,
				1.733,
				0.5,
				1.767,
				0.5,
				1,
				1.811,
				0.5,
				1.856,
				0.3,
				1.9,
				0.3,
				1,
				1.933,
				0.3,
				1.967,
				1,
				2,
				1,
				1,
				2.044,
				1,
				2.089,
				0.3,
				2.133,
				0.3,
				1,
				2.167,
				0.3,
				2.2,
				0.7,
				2.233,
				0.7,
				1,
				2.289,
				0.7,
				2.344,
				0,
				2.4,
				0,
				1,
				2.433,
				0,
				2.467,
				0,
				2.5,
				0,
				1,
				2.533,
				0,
				2.567,
				0.5,
				2.6,
				0.5,
				1,
				2.644,
				0.5,
				2.689,
				0.3,
				2.733,
				0.3,
				1,
				2.767,
				0.3,
				2.8,
				1,
				2.833,
				1,
				1,
				2.878,
				1,
				2.922,
				0.3,
				2.967,
				0.3,
				1,
				3,
				0.3,
				3.033,
				0.7,
				3.067,
				0.7,
				1,
				3.122,
				0.7,
				3.178,
				0,
				3.233,
				0,
				1,
				3.267,
				0,
				3.3,
				0,
				3.333,
				0,
				1,
				3.367,
				0,
				3.4,
				0.5,
				3.433,
				0.5,
				1,
				3.478,
				0.5,
				3.522,
				0.3,
				3.567,
				0.3,
				1,
				3.6,
				0.3,
				3.633,
				1,
				3.667,
				1,
				1,
				3.711,
				1,
				3.756,
				0.3,
				3.8,
				0.3,
				1,
				3.833,
				0.3,
				3.867,
				0.7,
				3.9,
				0.7,
				1,
				3.956,
				0.7,
				4.011,
				0,
				4.067,
				0,
				1,
				4.1,
				0,
				4.133,
				0,
				4.167,
				0,
				1,
				4.2,
				0,
				4.233,
				0.5,
				4.267,
				0.5,
				1,
				4.311,
				0.5,
				4.356,
				0.3,
				4.4,
				0.3,
				1,
				4.433,
				0.3,
				4.467,
				1,
				4.5,
				1,
				1,
				4.544,
				1,
				4.589,
				0.3,
				4.633,
				0.3,
				1,
				4.667,
				0.3,
				4.7,
				0.7,
				4.733,
				0.7,
				1,
				4.789,
				0.7,
				4.844,
				0,
				4.9,
				0,
				1,
				4.933,
				0,
				4.967,
				0,
				5,
				0,
				1,
				5.033,
				0,
				5.067,
				0.5,
				5.1,
				0.5,
				1,
				5.144,
				0.5,
				5.189,
				0.3,
				5.233,
				0.3,
				1,
				5.267,
				0.3,
				5.3,
				1,
				5.333,
				1,
				1,
				5.378,
				1,
				5.422,
				0.653,
				5.467,
				0.3,
				1,
				5.5,
				0.036,
				5.533,
				0,
				5.567,
				0,
				1,
				5.6,
				0,
				5.633,
				0.5,
				5.667,
				0.5,
				1,
				5.711,
				0.5,
				5.756,
				0.3,
				5.8,
				0.3,
				1,
				5.833,
				0.3,
				5.867,
				1,
				5.9,
				1,
				1,
				5.933,
				1,
				5.967,
				0,
				6,
				0
			]
		},
		{
			"Target": "Parameter",
			"Id": "Param7",
			"Segments": [
				0,
				0.5,
				1,
				0.044,
				0.5,
				0.089,
				0.3,
				0.133,
				0.3,
				1,
				0.167,
				0.3,
				0.2,
				1,
				0.233,
				1,
				1,
				0.267,
				1,
				0.3,
				0,
				0.333,
				0,
				1,
				0.367,
				0,
				0.4,
				0.5,
				0.433,
				0.5,
				1,
				0.478,
				0.5,
				0.522,
				0.3,
				0.567,
				0.3,
				1,
				0.6,
				0.3,
				0.633,
				1,
				0.667,
				1,
				1,
				0.711,
				1,
				0.756,
				0.3,
				0.8,
				0.3,
				1,
				0.833,
				0.3,
				0.867,
				0.7,
				0.9,
				0.7,
				1,
				0.956,
				0.7,
				1.011,
				0,
				1.067,
				0,
				1,
				1.1,
				0,
				1.133,
				0,
				1.167,
				0,
				1,
				1.2,
				0,
				1.233,
				0.5,
				1.267,
				0.5,
				1,
				1.311,
				0.5,
				1.356,
				0.3,
				1.4,
				0.3,
				1,
				1.433,
				0.3,
				1.467,
				1,
				1.5,
				1,
				1,
				1.544,
				1,
				1.589,
				0.3,
				1.633,
				0.3,
				1,
				1.667,
				0.3,
				1.7,
				0.7,
				1.733,
				0.7,
				1,
				1.789,
				0.7,
				1.844,
				0,
				1.9,
				0,
				1,
				1.933,
				0,
				1.967,
				0,
				2,
				0,
				1,
				2.033,
				0,
				2.067,
				0.5,
				2.1,
				0.5,
				1,
				2.144,
				0.5,
				2.189,
				0.3,
				2.233,
				0.3,
				1,
				2.267,
				0.3,
				2.3,
				1,
				2.333,
				1,
				1,
				2.378,
				1,
				2.422,
				0.3,
				2.467,
				0.3,
				1,
				2.5,
				0.3,
				2.533,
				0.7,
				2.567,
				0.7,
				1,
				2.622,
				0.7,
				2.678,
				0,
				2.733,
				0,
				1,
				2.767,
				0,
				2.8,
				0,
				2.833,
				0,
				1,
				2.867,
				0,
				2.9,
				0.5,
				2.933,
				0.5,
				1,
				2.978,
				0.5,
				3.022,
				0.3,
				3.067,
				0.3,
				1,
				3.1,
				0.3,
				3.133,
				1,
				3.167,
				1,
				1,
				3.211,
				1,
				3.256,
				0.3,
				3.3,
				0.3,
				1,
				3.333,
				0.3,
				3.367,
				0.7,
				3.4,
				0.7,
				1,
				3.456,
				0.7,
				3.511,
				0,
				3.567,
				0,
				1,
				3.6,
				0,
				3.633,
				0,
				3.667,
				0,
				1,
				3.7,
				0,
				3.733,
				0.5,
				3.767,
				0.5,
				1,
				3.811,
				0.5,
				3.856,
				0.3,
				3.9,
				0.3,
				1,
				3.933,
				0.3,
				3.967,
				1,
				4,
				1,
				1,
				4.044,
				1,
				4.089,
				0.3,
				4.133,
				0.3,
				1,
				4.167,
				0.3,
				4.2,
				0.7,
				4.233,
				0.7,
				1,
				4.289,
				0.7,
				4.344,
				0,
				4.4,
				0,
				1,
				4.433,
				0,
				4.467,
				0,
				4.5,
				0,
				1,
				4.533,
				0,
				4.567,
				0.5,
				4.6,
				0.5,
				1,
				4.644,
				0.5,
				4.689,
				0.3,
				4.733,
				0.3,
				1,
				4.767,
				0.3,
				4.8,
				1,
				4.833,
				1,
				1,
				4.878,
				1,
				4.922,
				0.3,
				4.967,
				0.3,
				1,
				5,
				0.3,
				5.033,
				0.7,
				5.067,
				0.7,
				1,
				5.122,
				0.7,
				5.178,
				0,
				5.233,
				0,
				1,
				5.267,
				0,
				5.3,
				0,
				5.333,
				0,
				1,
				5.367,
				0,
				5.4,
				0.5,
				5.433,
				0.5,
				1,
				5.478,
				0.5,
				5.522,
				0.3,
				5.567,
				0.3,
				1,
				5.6,
				0.3,
				5.633,
				1,
				5.667,
				1,
				1,
				5.711,
				1,
				5.756,
				0.653,
				5.8,
				0.3,
				1,
				5.833,
				0.036,
				5.867,
				0,
				5.9,
				0,
				1,
				5.933,
				0,
				5.967,
				0.5,
				6,
				0.5
			]
		},
		{
			"Target": "Parameter",
			"Id": "Param8",
			"Segments": [
				0,
				0.3,
				1,
				0.022,
				0.3,
				0.044,
				1,
				0.067,
				1,
				1,
				0.089,
				1,
				0.111,
				0,
				0.133,
				0,
				1,
				0.144,
				0,
				0.156,
				0,
				0.167,
				0,
				1,
				0.2,
				0,
				0.233,
				0.5,
				0.267,
				0.5,
				1,
				0.311,
				0.5,
				0.356,
				0.3,
				0.4,
				0.3,
				1,
				0.433,
				0.3,
				0.467,
				1,
				0.5,
				1,
				1,
				0.544,
				1,
				0.589,
				0.3,
				0.633,
				0.3,
				1,
				0.667,
				0.3,
				0.7,
				0.7,
				0.733,
				0.7,
				1,
				0.789,
				0.7,
				0.844,
				0,
				0.9,
				0,
				1,
				0.933,
				0,
				0.967,
				0,
				1,
				0,
				1,
				1.033,
				0,
				1.067,
				0.5,
				1.1,
				0.5,
				1,
				1.144,
				0.5,
				1.189,
				0.3,
				1.233,
				0.3,
				1,
				1.267,
				0.3,
				1.3,
				1,
				1.333,
				1,
				1,
				1.378,
				1,
				1.422,
				0.3,
				1.467,
				0.3,
				1,
				1.5,
				0.3,
				1.533,
				0.7,
				1.567,
				0.7,
				1,
				1.622,
				0.7,
				1.678,
				0,
				1.733,
				0,
				1,
				1.767,
				0,
				1.8,
				0,
				1.833,
				0,
				1,
				1.867,
				0,
				1.9,
				0.5,
				1.933,
				0.5,
				1,
				1.978,
				0.5,
				2.022,
				0.3,
				2.067,
				0.3,
				1,
				2.1,
				0.3,
				2.133,
				1,
				2.167,
				1,
				1,
				2.211,
				1,
				2.256,
				0.3,
				2.3,
				0.3,
				1,
				2.333,
				0.3,
				2.367,
				0.7,
				2.4,
				0.7,
				1,
				2.456,
				0.7,
				2.511,
				0,
				2.567,
				0,
				1,
				2.6,
				0,
				2.633,
				0,
				2.667,
				0,
				1,
				2.7,
				0,
				2.733,
				0.5,
				2.767,
				0.5,
				1,
				2.811,
				0.5,
				2.856,
				0.3,
				2.9,
				0.3,
				1,
				2.933,
				0.3,
				2.967,
				1,
				3,
				1,
				1,
				3.044,
				1,
				3.089,
				0.3,
				3.133,
				0.3,
				1,
				3.167,
				0.3,
				3.2,
				0.7,
				3.233,
				0.7,
				1,
				3.289,
				0.7,
				3.344,
				0,
				3.4,
				0,
				1,
				3.433,
				0,
				3.467,
				0,
				3.5,
				0,
				1,
				3.533,
				0,
				3.567,
				0.5,
				3.6,
				0.5,
				1,
				3.644,
				0.5,
				3.689,
				0.3,
				3.733,
				0.3,
				1,
				3.767,
				0.3,
				3.8,
				1,
				3.833,
				1,
				1,
				3.878,
				1,
				3.922,
				0.3,
				3.967,
				0.3,
				1,
				4,
				0.3,
				4.033,
				0.7,
				4.067,
				0.7,
				1,
				4.122,
				0.7,
				4.178,
				0,
				4.233,
				0,
				1,
				4.267,
				0,
				4.3,
				0,
				4.333,
				0,
				1,
				4.367,
				0,
				4.4,
				0.5,
				4.433,
				0.5,
				1,
				4.478,
				0.5,
				4.522,
				0.3,
				4.567,
				0.3,
				1,
				4.6,
				0.3,
				4.633,
				1,
				4.667,
				1,
				1,
				4.711,
				1,
				4.756,
				0.3,
				4.8,
				0.3,
				1,
				4.833,
				0.3,
				4.867,
				0.7,
				4.9,
				0.7,
				1,
				4.956,
				0.7,
				5.011,
				0,
				5.067,
				0,
				1,
				5.1,
				0,
				5.133,
				0,
				5.167,
				0,
				1,
				5.2,
				0,
				5.233,
				0.5,
				5.267,
				0.5,
				1,
				5.311,
				0.5,
				5.356,
				0.3,
				5.4,
				0.3,
				1,
				5.433,
				0.3,
				5.467,
				1,
				5.5,
				1,
				1,
				5.544,
				1,
				5.589,
				0.653,
				5.633,
				0.3,
				1,
				5.667,
				0.036,
				5.7,
				0,
				5.733,
				0,
				1,
				5.767,
				0,
				5.8,
				0.5,
				5.833,
				0.5,
				1,
				5.889,
				0.5,
				5.944,
				0.3,
				6,
				0.3
			]
		},
		{
			"Target": "Parameter",
			"Id": "Param16",
			"Segments": [
				0,
				0,
				1,
				0.044,
				0,
				0.089,
				0.4,
				0.133,
				0.4,
				1,
				0.178,
				0.4,
				0.222,
				0,
				0.267,
				0,
				1,
				0.311,
				0,
				0.356,
				0.7,
				0.4,
				0.7,
				1,
				0.533,
				0.7,
				0.667,
				0.3,
				0.8,
				0.3,
				1,
				0.956,
				0.3,
				1.111,
				1,
				1.267,
				1,
				1,
				1.311,
				1,
				1.356,
				0.4,
				1.4,
				0.4,
				1,
				1.489,
				0.4,
				1.578,
				1,
				1.667,
				1,
				1,
				1.867,
				1,
				2.067,
				0.3,
				2.267,
				0.3,
				1,
				2.311,
				0.3,
				2.356,
				1,
				2.4,
				1,
				1,
				2.444,
				1,
				2.489,
				0,
				2.533,
				0,
				1,
				2.6,
				0,
				2.667,
				1,
				2.733,
				1,
				1,
				2.8,
				1,
				2.867,
				0,
				2.933,
				0,
				1,
				3.044,
				0,
				3.156,
				1,
				3.267,
				1,
				1,
				3.311,
				1,
				3.356,
				1,
				3.4,
				1,
				1,
				3.422,
				1,
				3.444,
				0,
				3.467,
				0,
				1,
				3.511,
				0,
				3.556,
				0,
				3.6,
				0,
				1,
				3.8,
				0,
				4,
				1,
				4.2,
				1,
				1,
				4.289,
				1,
				4.378,
				0.3,
				4.467,
				0.3,
				1,
				4.622,
				0.3,
				4.778,
				0.9,
				4.933,
				0.9,
				1,
				5.111,
				0.9,
				5.289,
				0.2,
				5.467,
				0.2,
				1,
				5.511,
				0.2,
				5.556,
				1,
				5.6,
				1,
				1,
				5.733,
				1,
				5.867,
				0.2,
				6,
				0.2
			]
		},
		{
			"Target": "Parameter",
			"Id": "Param17",
			"Segments": [
				0,
				0.55,
				1,
				0.089,
				0.55,
				0.178,
				0.2,
				0.267,
				0.2,
				1,
				0.311,
				0.2,
				0.356,
				1,
				0.4,
				1,
				1,
				0.533,
				1,
				0.667,
				0.2,
				0.8,
				0.2,
				1,
				0.844,
				0.2,
				0.889,
				0.4,
				0.933,
				0.4,
				1,
				0.978,
				0.4,
				1.022,
				0,
				1.067,
				0,
				1,
				1.111,
				0,
				1.156,
				0.7,
				1.2,
				0.7,
				1,
				1.333,
				0.7,
				1.467,
				0.3,
				1.6,
				0.3,
				1,
				1.756,
				0.3,
				1.911,
				1,
				2.067,
				1,
				1,
				2.111,
				1,
				2.156,
				0.4,
				2.2,
				0.4,
				1,
				2.289,
				0.4,
				2.378,
				1,
				2.467,
				1,
				1,
				2.667,
				1,
				2.867,
				0.3,
				3.067,
				0.3,
				1,
				3.111,
				0.3,
				3.156,
				1,
				3.2,
				1,
				1,
				3.244,
				1,
				3.289,
				0,
				3.333,
				0,
				1,
				3.4,
				0,
				3.467,
				1,
				3.533,
				1,
				1,
				3.6,
				1,
				3.667,
				0,
				3.733,
				0,
				1,
				3.844,
				0,
				3.956,
				1,
				4.067,
				1,
				1,
				4.111,
				1,
				4.156,
				1,
				4.2,
				1,
				1,
				4.222,
				1,
				4.244,
				0,
				4.267,
				0,
				1,
				4.311,
				0,
				4.356,
				0,
				4.4,
				0,
				1,
				4.6,
				0,
				4.8,
				1,
				5,
				1,
				1,
				5.089,
				1,
				5.178,
				0.3,
				5.267,
				0.3,
				1,
				5.422,
				0.3,
				5.578,
				0.9,
				5.733,
				0.9,
				1,
				5.822,
				0.9,
				5.911,
				0.55,
				6,
				0.55
			]
		},
		{
			"Target": "Parameter",
			"Id": "Param18",
			"Segments": [
				0,
				0,
				1,
				0.044,
				0,
				0.089,
				0,
				0.133,
				0,
				1,
				0.333,
				0,
				0.533,
				1,
				0.733,
				1,
				1,
				0.822,
				1,
				0.911,
				0.3,
				1,
				0.3,
				1,
				1.156,
				0.3,
				1.311,
				0.9,
				1.467,
				0.9,
				1,
				1.644,
				0.9,
				1.822,
				0.2,
				2,
				0.2,
				1,
				2.044,
				0.2,
				2.089,
				1,
				2.133,
				1,
				1,
				2.267,
				1,
				2.4,
				0.2,
				2.533,
				0.2,
				1,
				2.578,
				0.2,
				2.622,
				0.4,
				2.667,
				0.4,
				1,
				2.711,
				0.4,
				2.756,
				0,
				2.8,
				0,
				1,
				2.844,
				0,
				2.889,
				0.7,
				2.933,
				0.7,
				1,
				3.067,
				0.7,
				3.2,
				0.3,
				3.333,
				0.3,
				1,
				3.489,
				0.3,
				3.644,
				1,
				3.8,
				1,
				1,
				3.844,
				1,
				3.889,
				0.4,
				3.933,
				0.4,
				1,
				4.022,
				0.4,
				4.111,
				1,
				4.2,
				1,
				1,
				4.4,
				1,
				4.6,
				0.3,
				4.8,
				0.3,
				1,
				4.844,
				0.3,
				4.889,
				1,
				4.933,
				1,
				1,
				4.978,
				1,
				5.022,
				0,
				5.067,
				0,
				1,
				5.133,
				0,
				5.2,
				1,
				5.267,
				1,
				1,
				5.333,
				1,
				5.4,
				0,
				5.467,
				0,
				1,
				5.578,
				0,
				5.689,
				1,
				5.8,
				1,
				1,
				5.844,
				1,
				5.889,
				1,
				5.933,
				1,
				1,
				5.956,
				1,
				5.978,
				0,
				6,
				0
			]
		},
		{
			"Target": "Parameter",
			"Id": "Param19",
			"Segments": [
				0,
				0.65,
				1,
				0.044,
				0.65,
				0.089,
				0.3,
				0.133,
				0.3,
				1,
				0.289,
				0.3,
				0.444,
				0.9,
				0.6,
				0.9,
				1,
				0.778,
				0.9,
				0.956,
				0.2,
				1.133,
				0.2,
				1,
				1.178,
				0.2,
				1.222,
				1,
				1.267,
				1,
				1,
				1.4,
				1,
				1.533,
				0.2,
				1.667,
				0.2,
				1,
				1.711,
				0.2,
				1.756,
				0.4,
				1.8,
				0.4,
				1,
				1.844,
				0.4,
				1.889,
				0,
				1.933,
				0,
				1,
				1.978,
				0,
				2.022,
				0.7,
				2.067,
				0.7,
				1,
				2.2,
				0.7,
				2.333,
				0.3,
				2.467,
				0.3,
				1,
				2.622,
				0.3,
				2.778,
				1,
				2.933,
				1,
				1,
				2.978,
				1,
				3.022,
				0.4,
				3.067,
				0.4,
				1,
				3.156,
				0.4,
				3.244,
				1,
				3.333,
				1,
				1,
				3.533,
				1,
				3.733,
				0.3,
				3.933,
				0.3,
				1,
				3.978,
				0.3,
				4.022,
				1,
				4.067,
				1,
				1,
				4.111,
				1,
				4.156,
				0,
				4.2,
				0,
				1,
				4.267,
				0,
				4.333,
				1,
				4.4,
				1,
				1,
				4.467,
				1,
				4.533,
				0,
				4.6,
				0,
				1,
				4.711,
				0,
				4.822,
				1,
				4.933,
				1,
				1,
				4.978,
				1,
				5.022,
				1,
				5.067,
				1,
				1,
				5.089,
				1,
				5.111,
				0,
				5.133,
				0,
				1,
				5.178,
				0,
				5.222,
				0,
				5.267,
				0,
				1,
				5.467,
				0,
				5.667,
				1,
				5.867,
				1,
				1,
				5.911,
				1,
				5.956,
				0.65,
				6,
				0.65
			]
		},
		{
			"Target": "Parameter",
			"Id": "Param20",
			"Segments": [
				0,
				0.87,
				1,
				0.156,
				0.87,
				0.311,
				0.2,
				0.467,
				0.2,
				1,
				0.511,
				0.2,
				0.556,
				1,
				0.6,
				1,
				1,
				0.733,
				1,
				0.867,
				0.2,
				1,
				0.2,
				1,
				1.044,
				0.2,
				1.089,
				0.4,
				1.133,
				0.4,
				1,
				1.178,
				0.4,
				1.222,
				0,
				1.267,
				0,
				1,
				1.311,
				0,
				1.356,
				0.7,
				1.4,
				0.7,
				1,
				1.533,
				0.7,
				1.667,
				0.3,
				1.8,
				0.3,
				1,
				1.956,
				0.3,
				2.111,
				1,
				2.267,
				1,
				1,
				2.311,
				1,
				2.356,
				0.4,
				2.4,
				0.4,
				1,
				2.489,
				0.4,
				2.578,
				1,
				2.667,
				1,
				1,
				2.867,
				1,
				3.067,
				0.3,
				3.267,
				0.3,
				1,
				3.311,
				0.3,
				3.356,
				1,
				3.4,
				1,
				1,
				3.444,
				1,
				3.489,
				0,
				3.533,
				0,
				1,
				3.6,
				0,
				3.667,
				1,
				3.733,
				1,
				1,
				3.8,
				1,
				3.867,
				0,
				3.933,
				0,
				1,
				4.044,
				0,
				4.156,
				1,
				4.267,
				1,
				1,
				4.311,
				1,
				4.356,
				1,
				4.4,
				1,
				1,
				4.422,
				1,
				4.444,
				0,
				4.467,
				0,
				1,
				4.511,
				0,
				4.556,
				0,
				4.6,
				0,
				1,
				4.8,
				0,
				5,
				1,
				5.2,
				1,
				1,
				5.289,
				1,
				5.378,
				0.3,
				5.467,
				0.3,
				1,
				5.622,
				0.3,
				5.778,
				0.9,
				5.933,
				0.9,
				1,
				5.956,
				0.9,
				5.978,
				0.87,
				6,
				0.87
			]
		},
		{
			"Target": "Parameter",
			"Id": "Param21",
			"Segments": [
				0,
				0.5,
				1,
				0.022,
				0.5,
				0.044,
				0,
				0.067,
				0,
				1,
				0.133,
				0,
				0.2,
				1,
				0.267,
				1,
				1,
				0.333,
				1,
				0.4,
				0,
				0.467,
				0,
				1,
				0.578,
				0,
				0.689,
				1,
				0.8,
				1,
				1,
				0.844,
				1,
				0.889,
				1,
				0.933,
				1,
				1,
				0.956,
				1,
				0.978,
				0,
				1,
				0,
				1,
				1.044,
				0,
				1.089,
				0,
				1.133,
				0,
				1,
				1.333,
				0,
				1.533,
				1,
				1.733,
				1,
				1,
				1.822,
				1,
				1.911,
				0.3,
				2,
				0.3,
				1,
				2.156,
				0.3,
				2.311,
				0.9,
				2.467,
				0.9,
				1,
				2.644,
				0.9,
				2.822,
				0.2,
				3,
				0.2,
				1,
				3.044,
				0.2,
				3.089,
				1,
				3.133,
				1,
				1,
				3.267,
				1,
				3.4,
				0.2,
				3.533,
				0.2,
				1,
				3.578,
				0.2,
				3.622,
				0.4,
				3.667,
				0.4,
				1,
				3.711,
				0.4,
				3.756,
				0,
				3.8,
				0,
				1,
				3.844,
				0,
				3.889,
				0.7,
				3.933,
				0.7,
				1,
				4.067,
				0.7,
				4.2,
				0.3,
				4.333,
				0.3,
				1,
				4.489,
				0.3,
				4.644,
				1,
				4.8,
				1,
				1,
				4.844,
				1,
				4.889,
				0.4,
				4.933,
				0.4,
				1,
				5.022,
				0.4,
				5.111,
				1,
				5.2,
				1,
				1,
				5.4,
				1,
				5.6,
				0.3,
				5.8,
				0.3,
				1,
				5.844,
				0.3,
				5.889,
				1,
				5.933,
				1,
				1,
				5.956,
				1,
				5.978,
				0.5,
				6,
				0.5
			]
		},
		{
			"Target": "Parameter",
			"Id": "Param22",
			"Segments": [
				0,
				0.948,
				1,
				0.167,
				0.948,
				0.333,
				0.3,
				0.5,
				0.3,
				1,
				0.544,
				0.3,
				0.589,
				1,
				0.633,
				1,
				1,
				0.678,
				1,
				0.722,
				0,
				0.767,
				0,
				1,
				0.833,
				0,
				0.9,
				1,
				0.967,
				1,
				1,
				1.033,
				1,
				1.1,
				0,
				1.167,
				0,
				1,
				1.278,
				0,
				1.389,
				1,
				1.5,
				1,
				1,
				1.544,
				1,
				1.589,
				1,
				1.633,
				1,
				1,
				1.656,
				1,
				1.678,
				0,
				1.7,
				0,
				1,
				1.744,
				0,
				1.789,
				0,
				1.833,
				0,
				1,
				2.033,
				0,
				2.233,
				1,
				2.433,
				1,
				1,
				2.522,
				1,
				2.611,
				0.3,
				2.7,
				0.3,
				1,
				2.856,
				0.3,
				3.011,
				0.9,
				3.167,
				0.9,
				1,
				3.344,
				0.9,
				3.522,
				0.2,
				3.7,
				0.2,
				1,
				3.744,
				0.2,
				3.789,
				1,
				3.833,
				1,
				1,
				3.967,
				1,
				4.1,
				0.2,
				4.233,
				0.2,
				1,
				4.278,
				0.2,
				4.322,
				0.4,
				4.367,
				0.4,
				1,
				4.411,
				0.4,
				4.456,
				0,
				4.5,
				0,
				1,
				4.544,
				0,
				4.589,
				0.7,
				4.633,
				0.7,
				1,
				4.767,
				0.7,
				4.9,
				0.3,
				5.033,
				0.3,
				1,
				5.189,
				0.3,
				5.344,
				1,
				5.5,
				1,
				1,
				5.544,
				1,
				5.589,
				0.4,
				5.633,
				0.4,
				1,
				5.722,
				0.4,
				5.811,
				1,
				5.9,
				1,
				1,
				5.933,
				1,
				5.967,
				0.948,
				6,
				0.948
			]
		},
		{
			"Target": "Parameter",
			"Id": "Param23",
			"Segments": [
				0,
				1,
				1,
				0.133,
				1,
				0.267,
				0.2,
				0.4,
				0.2,
				1,
				0.444,
				0.2,
				0.489,
				0.4,
				0.533,
				0.4,
				1,
				0.578,
				0.4,
				0.622,
				0,
				0.667,
				0,
				1,
				0.711,
				0,
				0.756,
				0.7,
				0.8,
				0.7,
				1,
				0.933,
				0.7,
				1.067,
				0.3,
				1.2,
				0.3,
				1,
				1.356,
				0.3,
				1.511,
				1,
				1.667,
				1,
				1,
				1.711,
				1,
				1.756,
				0.4,
				1.8,
				0.4,
				1,
				1.889,
				0.4,
				1.978,
				1,
				2.067,
				1,
				1,
				2.267,
				1,
				2.467,
				0.3,
				2.667,
				0.3,
				1,
				2.711,
				0.3,
				2.756,
				1,
				2.8,
				1,
				1,
				2.844,
				1,
				2.889,
				0,
				2.933,
				0,
				1,
				3,
				0,
				3.067,
				1,
				3.133,
				1,
				1,
				3.2,
				1,
				3.267,
				0,
				3.333,
				0,
				1,
				3.444,
				0,
				3.556,
				1,
				3.667,
				1,
				1,
				3.711,
				1,
				3.756,
				1,
				3.8,
				1,
				1,
				3.822,
				1,
				3.844,
				0,
				3.867,
				0,
				1,
				3.911,
				0,
				3.956,
				0,
				4,
				0,
				1,
				4.2,
				0,
				4.4,
				1,
				4.6,
				1,
				1,
				4.689,
				1,
				4.778,
				0.3,
				4.867,
				0.3,
				1,
				5.022,
				0.3,
				5.178,
				0.9,
				5.333,
				0.9,
				1,
				5.511,
				0.9,
				5.689,
				0.2,
				5.867,
				0.2,
				1,
				5.911,
				0.2,
				5.956,
				1,
				6,
				1
			]
		},
		{
			"Target": "Parameter",
			"Id": "Param24",
			"Segments": [
				0,
				0,
				1,
				0.044,
				0,
				0.089,
				0.4,
				0.133,
				0.4,
				1,
				0.178,
				0.4,
				0.222,
				0,
				0.267,
				0,
				1,
				0.311,
				0,
				0.356,
				0.7,
				0.4,
				0.7,
				1,
				0.533,
				0.7,
				0.667,
				0.3,
				0.8,
				0.3,
				1,
				0.956,
				0.3,
				1.111,
				1,
				1.267,
				1,
				1,
				1.311,
				1,
				1.356,
				0.4,
				1.4,
				0.4,
				1,
				1.489,
				0.4,
				1.578,
				1,
				1.667,
				1,
				1,
				1.867,
				1,
				2.067,
				0.3,
				2.267,
				0.3,
				1,
				2.311,
				0.3,
				2.356,
				1,
				2.4,
				1,
				1,
				2.444,
				1,
				2.489,
				0,
				2.533,
				0,
				1,
				2.6,
				0,
				2.667,
				1,
				2.733,
				1,
				1,
				2.8,
				1,
				2.867,
				0,
				2.933,
				0,
				1,
				3.044,
				0,
				3.156,
				1,
				3.267,
				1,
				1,
				3.311,
				1,
				3.356,
				1,
				3.4,
				1,
				1,
				3.422,
				1,
				3.444,
				0,
				3.467,
				0,
				1,
				3.511,
				0,
				3.556,
				0,
				3.6,
				0,
				1,
				3.8,
				0,
				4,
				1,
				4.2,
				1,
				1,
				4.289,
				1,
				4.378,
				0.3,
				4.467,
				0.3,
				1,
				4.622,
				0.3,
				4.778,
				0.9,
				4.933,
				0.9,
				1,
				5.111,
				0.9,
				5.289,
				0.2,
				5.467,
				0.2,
				1,
				5.511,
				0.2,
				5.556,
				1,
				5.6,
				1,
				1,
				5.733,
				1,
				5.867,
				0.2,
				6,
				0.2
			]
		},
		{
			"Target": "Parameter",
			"Id": "Param11",
			"Segments": [
				0,
				0,
				1,
				1,
				0,
				2,
				1,
				3,
				1,
				1,
				4,
				1,
				5,
				0,
				6,
				0
			]
		},
		{
			"Target": "Parameter",
			"Id": "Param15",
			"Segments": [
				0,
				0,
				1,
				0.356,
				0,
				0.711,
				0,
				1.067,
				0,
				1,
				1.111,
				0,
				1.156,
				1,
				1.2,
				1,
				1,
				1.211,
				1,
				1.222,
				1,
				1.233,
				1,
				1,
				1.278,
				1,
				1.322,
				0,
				1.367,
				0,
				1,
				2.911,
				0,
				4.456,
				0,
				6,
				0
			]
		},
		{
			"Target": "Parameter",
			"Id": "Param12",
			"Segments": [
				0,
				0,
				1,
				0.022,
				0,
				0.044,
				-0.2,
				0.067,
				-0.2,
				1,
				0.089,
				-0.2,
				0.111,
				0.3,
				0.133,
				0.3,
				1,
				0.156,
				0.3,
				0.178,
				-0.3,
				0.2,
				-0.3,
				1,
				0.222,
				-0.3,
				0.244,
				0,
				0.267,
				0,
				1,
				0.289,
				0,
				0.311,
				-0.2,
				0.333,
				-0.2,
				1,
				0.356,
				-0.2,
				0.378,
				0.3,
				0.4,
				0.3,
				1,
				0.422,
				0.3,
				0.444,
				-0.3,
				0.467,
				-0.3,
				1,
				0.489,
				-0.3,
				0.511,
				0,
				0.533,
				0,
				1,
				0.556,
				0,
				0.578,
				-0.2,
				0.6,
				-0.2,
				1,
				0.622,
				-0.2,
				0.644,
				0.3,
				0.667,
				0.3,
				1,
				0.689,
				0.3,
				0.711,
				-0.3,
				0.733,
				-0.3,
				1,
				0.756,
				-0.3,
				0.778,
				0,
				0.8,
				0,
				1,
				0.822,
				0,
				0.844,
				-0.2,
				0.867,
				-0.2,
				1,
				0.889,
				-0.2,
				0.911,
				0.3,
				0.933,
				0.3,
				1,
				0.956,
				0.3,
				0.978,
				-0.3,
				1,
				-0.3,
				1,
				1.022,
				-0.3,
				1.044,
				0,
				1.067,
				0,
				1,
				1.089,
				0,
				1.111,
				-0.2,
				1.133,
				-0.2,
				1,
				1.156,
				-0.2,
				1.178,
				0.3,
				1.2,
				0.3,
				1,
				1.222,
				0.3,
				1.244,
				-0.3,
				1.267,
				-0.3,
				1,
				1.289,
				-0.3,
				1.311,
				0,
				1.333,
				0,
				1,
				1.356,
				0,
				1.378,
				-0.2,
				1.4,
				-0.2,
				1,
				1.422,
				-0.2,
				1.444,
				0.3,
				1.467,
				0.3,
				1,
				1.489,
				0.3,
				1.511,
				-0.3,
				1.533,
				-0.3,
				1,
				1.556,
				-0.3,
				1.578,
				0,
				1.6,
				0,
				1,
				1.622,
				0,
				1.644,
				-0.2,
				1.667,
				-0.2,
				1,
				1.689,
				-0.2,
				1.711,
				0.3,
				1.733,
				0.3,
				1,
				1.756,
				0.3,
				1.778,
				-0.3,
				1.8,
				-0.3,
				1,
				1.822,
				-0.3,
				1.844,
				0,
				1.867,
				0,
				1,
				1.889,
				0,
				1.911,
				-0.2,
				1.933,
				-0.2,
				1,
				1.956,
				-0.2,
				1.978,
				0.3,
				2,
				0.3,
				1,
				2.022,
				0.3,
				2.044,
				-0.3,
				2.067,
				-0.3,
				1,
				2.089,
				-0.3,
				2.111,
				0,
				2.133,
				0,
				1,
				2.156,
				0,
				2.178,
				-0.2,
				2.2,
				-0.2,
				1,
				2.222,
				-0.2,
				2.244,
				0.3,
				2.267,
				0.3,
				1,
				2.289,
				0.3,
				2.311,
				-0.3,
				2.333,
				-0.3,
				1,
				2.356,
				-0.3,
				2.378,
				0,
				2.4,
				0,
				1,
				2.422,
				0,
				2.444,
				-0.2,
				2.467,
				-0.2,
				1,
				2.489,
				-0.2,
				2.511,
				0.3,
				2.533,
				0.3,
				1,
				2.556,
				0.3,
				2.578,
				-0.3,
				2.6,
				-0.3,
				1,
				2.622,
				-0.3,
				2.644,
				0,
				2.667,
				0,
				1,
				2.689,
				0,
				2.711,
				-0.2,
				2.733,
				-0.2,
				1,
				2.756,
				-0.2,
				2.778,
				0.3,
				2.8,
				0.3,
				1,
				2.822,
				0.3,
				2.844,
				-0.3,
				2.867,
				-0.3,
				1,
				2.889,
				-0.3,
				2.911,
				0,
				2.933,
				0,
				1,
				2.956,
				0,
				2.978,
				-0.2,
				3,
				-0.2,
				1,
				3.022,
				-0.2,
				3.044,
				0.3,
				3.067,
				0.3,
				1,
				3.089,
				0.3,
				3.111,
				-0.3,
				3.133,
				-0.3,
				1,
				3.156,
				-0.3,
				3.178,
				0,
				3.2,
				0,
				1,
				3.222,
				0,
				3.244,
				-0.2,
				3.267,
				-0.2,
				1,
				3.289,
				-0.2,
				3.311,
				0.3,
				3.333,
				0.3,
				1,
				3.356,
				0.3,
				3.378,
				-0.3,
				3.4,
				-0.3,
				1,
				3.422,
				-0.3,
				3.444,
				0,
				3.467,
				0,
				1,
				3.489,
				0,
				3.511,
				-0.2,
				3.533,
				-0.2,
				1,
				3.556,
				-0.2,
				3.578,
				0.3,
				3.6,
				0.3,
				1,
				3.622,
				0.3,
				3.644,
				-0.3,
				3.667,
				-0.3,
				1,
				3.689,
				-0.3,
				3.711,
				0,
				3.733,
				0,
				1,
				3.756,
				0,
				3.778,
				-0.2,
				3.8,
				-0.2,
				1,
				3.822,
				-0.2,
				3.844,
				0.3,
				3.867,
				0.3,
				1,
				3.889,
				0.3,
				3.911,
				-0.3,
				3.933,
				-0.3,
				1,
				3.956,
				-0.3,
				3.978,
				0,
				4,
				0,
				1,
				4.022,
				0,
				4.044,
				-0.2,
				4.067,
				-0.2,
				1,
				4.089,
				-0.2,
				4.111,
				0.3,
				4.133,
				0.3,
				1,
				4.156,
				0.3,
				4.178,
				-0.3,
				4.2,
				-0.3,
				1,
				4.222,
				-0.3,
				4.244,
				0,
				4.267,
				0,
				1,
				4.289,
				0,
				4.311,
				-0.2,
				4.333,
				-0.2,
				1,
				4.356,
				-0.2,
				4.378,
				0.3,
				4.4,
				0.3,
				1,
				4.422,
				0.3,
				4.444,
				-0.3,
				4.467,
				-0.3,
				1,
				4.489,
				-0.3,
				4.511,
				0,
				4.533,
				0,
				1,
				4.556,
				0,
				4.578,
				-0.2,
				4.6,
				-0.2,
				1,
				4.622,
				-0.2,
				4.644,
				0.3,
				4.667,
				0.3,
				1,
				4.689,
				0.3,
				4.711,
				-0.3,
				4.733,
				-0.3,
				1,
				4.756,
				-0.3,
				4.778,
				0,
				4.8,
				0,
				1,
				4.822,
				0,
				4.844,
				-0.2,
				4.867,
				-0.2,
				1,
				4.889,
				-0.2,
				4.911,
				0.3,
				4.933,
				0.3,
				1,
				4.956,
				0.3,
				4.978,
				-0.3,
				5,
				-0.3,
				1,
				5.022,
				-0.3,
				5.044,
				0,
				5.067,
				0,
				1,
				5.089,
				0,
				5.111,
				-0.2,
				5.133,
				-0.2,
				1,
				5.156,
				-0.2,
				5.178,
				0.3,
				5.2,
				0.3,
				1,
				5.222,
				0.3,
				5.244,
				-0.3,
				5.267,
				-0.3,
				1,
				5.289,
				-0.3,
				5.311,
				0,
				5.333,
				0,
				1,
				5.356,
				0,
				5.378,
				-0.2,
				5.4,
				-0.2,
				1,
				5.422,
				-0.2,
				5.444,
				0.3,
				5.467,
				0.3,
				1,
				5.489,
				0.3,
				5.511,
				-0.3,
				5.533,
				-0.3,
				1,
				5.556,
				-0.3,
				5.578,
				0,
				5.6,
				0,
				1,
				5.622,
				0,
				5.644,
				-0.2,
				5.667,
				-0.2,
				1,
				5.689,
				-0.2,
				5.711,
				0.3,
				5.733,
				0.3,
				1,
				5.756,
				0.3,
				5.778,
				-0.3,
				5.8,
				-0.3,
				1,
				5.822,
				-0.3,
				5.844,
				-0.31,
				5.867,
				-0.2,
				1,
				5.889,
				-0.09,
				5.911,
				0.3,
				5.933,
				0.3,
				1,
				5.956,
				0.3,
				5.978,
				0,
				6,
				0
			]
		},
		{
			"Target": "Parameter",
			"Id": "Param13",
			"Segments": [
				0,
				0,
				1,
				0.022,
				0,
				0.044,
				0.2,
				0.067,
				0.2,
				1,
				0.089,
				0.2,
				0.111,
				0.2,
				0.133,
				0.2,
				1,
				0.156,
				0.2,
				0.178,
				-0.6,
				0.2,
				-0.6,
				1,
				0.222,
				-0.6,
				0.244,
				-0.198,
				0.267,
				0,
				1,
				0.289,
				0.198,
				0.311,
				0.2,
				0.333,
				0.2,
				1,
				0.356,
				0.2,
				0.378,
				0.2,
				0.4,
				0.2,
				1,
				0.422,
				0.2,
				0.444,
				-0.6,
				0.467,
				-0.6,
				1,
				0.489,
				-0.6,
				0.511,
				-0.198,
				0.533,
				0,
				1,
				0.556,
				0.198,
				0.578,
				0.2,
				0.6,
				0.2,
				1,
				0.622,
				0.2,
				0.644,
				0.2,
				0.667,
				0.2,
				1,
				0.689,
				0.2,
				0.711,
				-0.6,
				0.733,
				-0.6,
				1,
				0.756,
				-0.6,
				0.778,
				-0.198,
				0.8,
				0,
				1,
				0.822,
				0.198,
				0.844,
				0.2,
				0.867,
				0.2,
				1,
				0.889,
				0.2,
				0.911,
				0.2,
				0.933,
				0.2,
				1,
				0.956,
				0.2,
				0.978,
				-0.6,
				1,
				-0.6,
				1,
				1.022,
				-0.6,
				1.044,
				-0.198,
				1.067,
				0,
				1,
				1.089,
				0.198,
				1.111,
				0.2,
				1.133,
				0.2,
				1,
				1.156,
				0.2,
				1.178,
				0.2,
				1.2,
				0.2,
				1,
				1.222,
				0.2,
				1.244,
				-0.6,
				1.267,
				-0.6,
				1,
				1.289,
				-0.6,
				1.311,
				-0.198,
				1.333,
				0,
				1,
				1.356,
				0.198,
				1.378,
				0.2,
				1.4,
				0.2,
				1,
				1.422,
				0.2,
				1.444,
				0.2,
				1.467,
				0.2,
				1,
				1.489,
				0.2,
				1.511,
				-0.6,
				1.533,
				-0.6,
				1,
				1.556,
				-0.6,
				1.578,
				-0.198,
				1.6,
				0,
				1,
				1.622,
				0.198,
				1.644,
				0.2,
				1.667,
				0.2,
				1,
				1.689,
				0.2,
				1.711,
				0.2,
				1.733,
				0.2,
				1,
				1.756,
				0.2,
				1.778,
				-0.6,
				1.8,
				-0.6,
				1,
				1.822,
				-0.6,
				1.844,
				-0.198,
				1.867,
				0,
				1,
				1.889,
				0.198,
				1.911,
				0.2,
				1.933,
				0.2,
				1,
				1.956,
				0.2,
				1.978,
				0.2,
				2,
				0.2,
				1,
				2.022,
				0.2,
				2.044,
				-0.6,
				2.067,
				-0.6,
				1,
				2.089,
				-0.6,
				2.111,
				-0.198,
				2.133,
				0,
				1,
				2.156,
				0.198,
				2.178,
				0.2,
				2.2,
				0.2,
				1,
				2.222,
				0.2,
				2.244,
				0.2,
				2.267,
				0.2,
				1,
				2.289,
				0.2,
				2.311,
				-0.6,
				2.333,
				-0.6,
				1,
				2.356,
				-0.6,
				2.378,
				-0.198,
				2.4,
				0,
				1,
				2.422,
				0.198,
				2.444,
				0.2,
				2.467,
				0.2,
				1,
				2.489,
				0.2,
				2.511,
				0.2,
				2.533,
				0.2,
				1,
				2.556,
				0.2,
				2.578,
				-0.6,
				2.6,
				-0.6,
				1,
				2.622,
				-0.6,
				2.644,
				-0.198,
				2.667,
				0,
				1,
				2.689,
				0.198,
				2.711,
				0.2,
				2.733,
				0.2,
				1,
				2.756,
				0.2,
				2.778,
				0.2,
				2.8,
				0.2,
				1,
				2.822,
				0.2,
				2.844,
				-0.6,
				2.867,
				-0.6,
				1,
				2.889,
				-0.6,
				2.911,
				-0.198,
				2.933,
				0,
				1,
				2.956,
				0.198,
				2.978,
				0.2,
				3,
				0.2,
				1,
				3.022,
				0.2,
				3.044,
				0.2,
				3.067,
				0.2,
				1,
				3.089,
				0.2,
				3.111,
				-0.6,
				3.133,
				-0.6,
				1,
				3.156,
				-0.6,
				3.178,
				-0.198,
				3.2,
				0,
				1,
				3.222,
				0.198,
				3.244,
				0.2,
				3.267,
				0.2,
				1,
				3.289,
				0.2,
				3.311,
				0.2,
				3.333,
				0.2,
				1,
				3.356,
				0.2,
				3.378,
				-0.6,
				3.4,
				-0.6,
				1,
				3.422,
				-0.6,
				3.444,
				-0.198,
				3.467,
				0,
				1,
				3.489,
				0.198,
				3.511,
				0.2,
				3.533,
				0.2,
				1,
				3.556,
				0.2,
				3.578,
				0.2,
				3.6,
				0.2,
				1,
				3.622,
				0.2,
				3.644,
				-0.6,
				3.667,
				-0.6,
				1,
				3.689,
				-0.6,
				3.711,
				-0.198,
				3.733,
				0,
				1,
				3.756,
				0.198,
				3.778,
				0.2,
				3.8,
				0.2,
				1,
				3.822,
				0.2,
				3.844,
				0.2,
				3.867,
				0.2,
				1,
				3.889,
				0.2,
				3.911,
				-0.6,
				3.933,
				-0.6,
				1,
				3.956,
				-0.6,
				3.978,
				-0.198,
				4,
				0,
				1,
				4.022,
				0.198,
				4.044,
				0.2,
				4.067,
				0.2,
				1,
				4.089,
				0.2,
				4.111,
				0.2,
				4.133,
				0.2,
				1,
				4.156,
				0.2,
				4.178,
				-0.6,
				4.2,
				-0.6,
				1,
				4.222,
				-0.6,
				4.244,
				-0.198,
				4.267,
				0,
				1,
				4.289,
				0.198,
				4.311,
				0.2,
				4.333,
				0.2,
				1,
				4.356,
				0.2,
				4.378,
				0.2,
				4.4,
				0.2,
				1,
				4.422,
				0.2,
				4.444,
				-0.6,
				4.467,
				-0.6,
				1,
				4.489,
				-0.6,
				4.511,
				-0.198,
				4.533,
				0,
				1,
				4.556,
				0.198,
				4.578,
				0.2,
				4.6,
				0.2,
				1,
				4.622,
				0.2,
				4.644,
				0.2,
				4.667,
				0.2,
				1,
				4.689,
				0.2,
				4.711,
				-0.6,
				4.733,
				-0.6,
				1,
				4.756,
				-0.6,
				4.778,
				-0.198,
				4.8,
				0,
				1,
				4.822,
				0.198,
				4.844,
				0.2,
				4.867,
				0.2,
				1,
				4.889,
				0.2,
				4.911,
				0.2,
				4.933,
				0.2,
				1,
				4.956,
				0.2,
				4.978,
				-0.6,
				5,
				-0.6,
				1,
				5.022,
				-0.6,
				5.044,
				-0.198,
				5.067,
				0,
				1,
				5.089,
				0.198,
				5.111,
				0.2,
				5.133,
				0.2,
				1,
				5.156,
				0.2,
				5.178,
				0.2,
				5.2,
				0.2,
				1,
				5.222,
				0.2,
				5.244,
				-0.6,
				5.267,
				-0.6,
				1,
				5.289,
				-0.6,
				5.311,
				-0.198,
				5.333,
				0,
				1,
				5.356,
				0.198,
				5.378,
				0.2,
				5.4,
				0.2,
				1,
				5.422,
				0.2,
				5.444,
				0.2,
				5.467,
				0.2,
				1,
				5.489,
				0.2,
				5.511,
				-0.6,
				5.533,
				-0.6,
				1,
				5.556,
				-0.6,
				5.578,
				-0.198,
				5.6,
				0,
				1,
				5.622,
				0.198,
				5.644,
				0.2,
				5.667,
				0.2,
				1,
				5.689,
				0.2,
				5.711,
				0.2,
				5.733,
				0.2,
				1,
				5.756,
				0.2,
				5.778,
				-0.6,
				5.8,
				-0.6,
				1,
				5.822,
				-0.6,
				5.844,
				0.2,
				5.867,
				0.2,
				1,
				5.889,
				0.2,
				5.911,
				0.2,
				5.933,
				0.2,
				1,
				5.956,
				0.2,
				5.978,
				0,
				6,
				0
			]
		},
		{
			"Target": "Parameter",
			"Id": "Param14",
			"Segments": [
				0,
				0,
				1,
				0.022,
				0,
				0.044,
				-0.5,
				0.067,
				-0.5,
				1,
				0.089,
				-0.5,
				0.111,
				0.4,
				0.133,
				0.4,
				1,
				0.156,
				0.4,
				0.178,
				-0.4,
				0.2,
				-0.4,
				1,
				0.222,
				-0.4,
				0.244,
				0.5,
				0.267,
				0.5,
				1,
				0.289,
				0.5,
				0.311,
				-0.5,
				0.333,
				-0.5,
				1,
				0.356,
				-0.5,
				0.378,
				0.7,
				0.4,
				0.7,
				1,
				0.422,
				0.7,
				0.444,
				-0.5,
				0.467,
				-0.5,
				1,
				0.489,
				-0.5,
				0.511,
				0,
				0.533,
				0,
				1,
				0.556,
				0,
				0.578,
				-0.5,
				0.6,
				-0.5,
				1,
				0.622,
				-0.5,
				0.644,
				0.4,
				0.667,
				0.4,
				1,
				0.689,
				0.4,
				0.711,
				-0.4,
				0.733,
				-0.4,
				1,
				0.756,
				-0.4,
				0.778,
				0.5,
				0.8,
				0.5,
				1,
				0.822,
				0.5,
				0.844,
				-0.5,
				0.867,
				-0.5,
				1,
				0.889,
				-0.5,
				0.911,
				0.7,
				0.933,
				0.7,
				1,
				0.956,
				0.7,
				0.978,
				-0.5,
				1,
				-0.5,
				1,
				1.022,
				-0.5,
				1.044,
				0,
				1.067,
				0,
				1,
				1.089,
				0,
				1.111,
				-0.5,
				1.133,
				-0.5,
				1,
				1.156,
				-0.5,
				1.178,
				0.4,
				1.2,
				0.4,
				1,
				1.222,
				0.4,
				1.244,
				-0.4,
				1.267,
				-0.4,
				1,
				1.289,
				-0.4,
				1.311,
				0.5,
				1.333,
				0.5,
				1,
				1.356,
				0.5,
				1.378,
				-0.5,
				1.4,
				-0.5,
				1,
				1.422,
				-0.5,
				1.444,
				0.7,
				1.467,
				0.7,
				1,
				1.489,
				0.7,
				1.511,
				-0.5,
				1.533,
				-0.5,
				1,
				1.556,
				-0.5,
				1.578,
				0,
				1.6,
				0,
				1,
				1.622,
				0,
				1.644,
				-0.5,
				1.667,
				-0.5,
				1,
				1.689,
				-0.5,
				1.711,
				0.4,
				1.733,
				0.4,
				1,
				1.756,
				0.4,
				1.778,
				-0.4,
				1.8,
				-0.4,
				1,
				1.822,
				-0.4,
				1.844,
				0.5,
				1.867,
				0.5,
				1,
				1.889,
				0.5,
				1.911,
				-0.5,
				1.933,
				-0.5,
				1,
				1.956,
				-0.5,
				1.978,
				0.7,
				2,
				0.7,
				1,
				2.022,
				0.7,
				2.044,
				-0.5,
				2.067,
				-0.5,
				1,
				2.089,
				-0.5,
				2.111,
				0,
				2.133,
				0,
				1,
				2.156,
				0,
				2.178,
				-0.5,
				2.2,
				-0.5,
				1,
				2.222,
				-0.5,
				2.244,
				0.4,
				2.267,
				0.4,
				1,
				2.289,
				0.4,
				2.311,
				-0.4,
				2.333,
				-0.4,
				1,
				2.356,
				-0.4,
				2.378,
				0.5,
				2.4,
				0.5,
				1,
				2.422,
				0.5,
				2.444,
				-0.5,
				2.467,
				-0.5,
				1,
				2.489,
				-0.5,
				2.511,
				0.7,
				2.533,
				0.7,
				1,
				2.556,
				0.7,
				2.578,
				-0.5,
				2.6,
				-0.5,
				1,
				2.622,
				-0.5,
				2.644,
				0,
				2.667,
				0,
				1,
				2.689,
				0,
				2.711,
				-0.5,
				2.733,
				-0.5,
				1,
				2.756,
				-0.5,
				2.778,
				0.4,
				2.8,
				0.4,
				1,
				2.822,
				0.4,
				2.844,
				-0.4,
				2.867,
				-0.4,
				1,
				2.889,
				-0.4,
				2.911,
				0.5,
				2.933,
				0.5,
				1,
				2.956,
				0.5,
				2.978,
				-0.5,
				3,
				-0.5,
				1,
				3.022,
				-0.5,
				3.044,
				0.7,
				3.067,
				0.7,
				1,
				3.089,
				0.7,
				3.111,
				-0.5,
				3.133,
				-0.5,
				1,
				3.156,
				-0.5,
				3.178,
				0,
				3.2,
				0,
				1,
				3.222,
				0,
				3.244,
				-0.5,
				3.267,
				-0.5,
				1,
				3.289,
				-0.5,
				3.311,
				0.4,
				3.333,
				0.4,
				1,
				3.356,
				0.4,
				3.378,
				-0.4,
				3.4,
				-0.4,
				1,
				3.422,
				-0.4,
				3.444,
				0.5,
				3.467,
				0.5,
				1,
				3.489,
				0.5,
				3.511,
				-0.5,
				3.533,
				-0.5,
				1,
				3.556,
				-0.5,
				3.578,
				0.7,
				3.6,
				0.7,
				1,
				3.622,
				0.7,
				3.644,
				-0.5,
				3.667,
				-0.5,
				1,
				3.689,
				-0.5,
				3.711,
				0,
				3.733,
				0,
				1,
				3.756,
				0,
				3.778,
				-0.5,
				3.8,
				-0.5,
				1,
				3.822,
				-0.5,
				3.844,
				0.4,
				3.867,
				0.4,
				1,
				3.889,
				0.4,
				3.911,
				-0.4,
				3.933,
				-0.4,
				1,
				3.956,
				-0.4,
				3.978,
				0.5,
				4,
				0.5,
				1,
				4.022,
				0.5,
				4.044,
				-0.5,
				4.067,
				-0.5,
				1,
				4.089,
				-0.5,
				4.111,
				0.7,
				4.133,
				0.7,
				1,
				4.156,
				0.7,
				4.178,
				-0.5,
				4.2,
				-0.5,
				1,
				4.222,
				-0.5,
				4.244,
				0,
				4.267,
				0,
				1,
				4.289,
				0,
				4.311,
				-0.5,
				4.333,
				-0.5,
				1,
				4.356,
				-0.5,
				4.378,
				0.4,
				4.4,
				0.4,
				1,
				4.422,
				0.4,
				4.444,
				-0.4,
				4.467,
				-0.4,
				1,
				4.489,
				-0.4,
				4.511,
				0.5,
				4.533,
				0.5,
				1,
				4.556,
				0.5,
				4.578,
				-0.5,
				4.6,
				-0.5,
				1,
				4.622,
				-0.5,
				4.644,
				0.7,
				4.667,
				0.7,
				1,
				4.689,
				0.7,
				4.711,
				-0.5,
				4.733,
				-0.5,
				1,
				4.756,
				-0.5,
				4.778,
				0,
				4.8,
				0,
				1,
				4.822,
				0,
				4.844,
				-0.5,
				4.867,
				-0.5,
				1,
				4.889,
				-0.5,
				4.911,
				0.4,
				4.933,
				0.4,
				1,
				4.956,
				0.4,
				4.978,
				-0.4,
				5,
				-0.4,
				1,
				5.022,
				-0.4,
				5.044,
				0.5,
				5.067,
				0.5,
				1,
				5.089,
				0.5,
				5.111,
				-0.5,
				5.133,
				-0.5,
				1,
				5.156,
				-0.5,
				5.178,
				0.7,
				5.2,
				0.7,
				1,
				5.222,
				0.7,
				5.244,
				-0.5,
				5.267,
				-0.5,
				1,
				5.289,
				-0.5,
				5.311,
				0,
				5.333,
				0,
				1,
				5.356,
				0,
				5.378,
				-0.5,
				5.4,
				-0.5,
				1,
				5.422,
				-0.5,
				5.444,
				0.4,
				5.467,
				0.4,
				1,
				5.489,
				0.4,
				5.511,
				-0.4,
				5.533,
				-0.4,
				1,
				5.556,
				-0.4,
				5.578,
				0.5,
				5.6,
				0.5,
				1,
				5.622,
				0.5,
				5.644,
				-0.5,
				5.667,
				-0.5,
				1,
				5.689,
				-0.5,
				5.711,
				0.7,
				5.733,
				0.7,
				1,
				5.756,
				0.7,
				5.778,
				-0.5,
				5.8,
				-0.5,
				1,
				5.822,
				-0.5,
				5.844,
				0,
				5.867,
				0,
				1,
				5.889,
				0,
				5.911,
				-0.5,
				5.933,
				-0.5,
				1,
				5.956,
				-0.5,
				5.978,
				0,
				6,
				0
			]
		},
		{
			"Target": "Parameter",
			"Id": "Param_Angle_Rotation21",
			"Segments": [
				0,
				0,
				1,
				0.5,
				0,
				1,
				-3.56,
				1.5,
				-3.56,
				1,
				2,
				-3.56,
				2.5,
				1.72,
				3,
				1.72,
				1,
				3.556,
				1.72,
				4.111,
				-1.22,
				4.667,
				-1.22,
				1,
				5.111,
				-1.22,
				5.556,
				0,
				6,
				0
			]
		},
		{
			"Target": "Parameter",
			"Id": "Param_Angle_Rotation22",
			"Segments": [
				0,
				0,
				1,
				0.567,
				0,
				1.133,
				-3.02,
				1.7,
				-3.02,
				1,
				2.256,
				-3.02,
				2.811,
				6.88,
				3.367,
				6.88,
				1,
				3.911,
				6.88,
				4.456,
				-2,
				5,
				-2,
				1,
				5.333,
				-2,
				5.667,
				0,
				6,
				0
			]
		},
		{
			"Target": "Parameter",
			"Id": "Param_Angle_Rotation23",
			"Segments": [
				0,
				0,
				1,
				0.5,
				0,
				1,
				-1.92,
				1.5,
				-1.92,
				1,
				2,
				-1.92,
				2.5,
				0.66,
				3,
				0.66,
				1,
				3.556,
				0.66,
				4.111,
				-1,
				4.667,
				-1,
				1,
				5.111,
				-1,
				5.556,
				0,
				6,
				0
			]
		},
		{
			"Target": "Parameter",
			"Id": "Param_Angle_Rotation24",
			"Segments": [
				0,
				0,
				1,
				0.656,
				0,
				1.311,
				-4.32,
				1.967,
				-4.32,
				1,
				2.467,
				-4.32,
				2.967,
				5.64,
				3.467,
				5.64,
				1,
				4.022,
				5.64,
				4.578,
				-2.5,
				5.133,
				-2.5,
				1,
				5.422,
				-2.5,
				5.711,
				0,
				6,
				0
			]
		},
		{
			"Target": "Parameter",
			"Id": "Param_Angle_Rotation25",
			"Segments": [
				0,
				0,
				1,
				0.744,
				0,
				1.489,
				-2.7,
				2.233,
				-2.7,
				1,
				2.733,
				-2.7,
				3.233,
				6.96,
				3.733,
				6.96,
				1,
				4.289,
				6.96,
				4.844,
				-1,
				5.4,
				-1,
				1,
				5.6,
				-1,
				5.8,
				0,
				6,
				0
			]
		},
		{
			"Target": "Parameter",
			"Id": "Param_Angle_Rotation27",
			"Segments": [
				0,
				0,
				1,
				0.5,
				0,
				1,
				0,
				1.5,
				0,
				1,
				2,
				0,
				2.5,
				0,
				3,
				0,
				1,
				3.556,
				0,
				4.111,
				0,
				4.667,
				0,
				1,
				5.111,
				0,
				5.556,
				0,
				6,
				0
			]
		},
		{
			"Target": "Parameter",
			"Id": "Param_Angle_Rotation28",
			"Segments": [
				0,
				0,
				1,
				0.589,
				0,
				1.178,
				2.36,
				1.767,
				2.36,
				1,
				2.267,
				2.36,
				2.767,
				-1,
				3.267,
				-1,
				1,
				3.822,
				-1,
				4.378,
				1,
				4.933,
				1,
				1,
				5.289,
				1,
				5.644,
				0,
				6,
				0
			]
		},
		{
			"Target": "Parameter",
			"Id": "Param_Angle_Rotation29",
			"Segments": [
				0,
				0,
				1,
				0.7,
				0,
				1.4,
				3.04,
				2.1,
				3.04,
				1,
				2.6,
				3.04,
				3.1,
				-5,
				3.6,
				-5,
				1,
				4.156,
				-5,
				4.711,
				2,
				5.267,
				2,
				1,
				5.511,
				2,
				5.756,
				0,
				6,
				0
			]
		},
		{
			"Target": "Parameter",
			"Id": "Param_Angle_Rotation30",
			"Segments": [
				0,
				0,
				1,
				0.5,
				0,
				1,
				0.84,
				1.5,
				0.84,
				1,
				2,
				0.84,
				2.5,
				-1.8,
				3,
				-1.8,
				1,
				3.556,
				-1.8,
				4.111,
				0,
				4.667,
				0,
				1,
				5.111,
				0,
				5.556,
				0,
				6,
				0
			]
		},
		{
			"Target": "Parameter",
			"Id": "Param_Angle_Rotation31",
			"Segments": [
				0,
				0,
				1,
				0.589,
				0,
				1.178,
				3.6,
				1.767,
				3.6,
				1,
				2.267,
				3.6,
				2.767,
				-2.04,
				3.267,
				-2.04,
				1,
				3.822,
				-2.04,
				4.378,
				0.84,
				4.933,
				0.84,
				1,
				5.289,
				0.84,
				5.644,
				0,
				6,
				0
			]
		},
		{
			"Target": "Parameter",
			"Id": "Param_Angle_Rotation32",
			"Segments": [
				0,
				0,
				1,
				0.7,
				0,
				1.4,
				6.18,
				2.1,
				6.18,
				1,
				2.6,
				6.18,
				3.1,
				-4.32,
				3.6,
				-4.32,
				1,
				4.156,
				-4.32,
				4.711,
				2.46,
				5.267,
				2.46,
				1,
				5.511,
				2.46,
				5.756,
				0,
				6,
				0
			]
		},
		{
			"Target": "Parameter",
			"Id": "Param_Angle_Rotation33",
			"Segments": [
				0,
				0,
				1,
				0.5,
				0,
				1,
				0.54,
				1.5,
				0.54,
				1,
				2,
				0.54,
				2.5,
				-0.42,
				3,
				-0.42,
				1,
				3.556,
				-0.42,
				4.111,
				0,
				4.667,
				0,
				1,
				5.111,
				0,
				5.556,
				0,
				6,
				0
			]
		},
		{
			"Target": "Parameter",
			"Id": "Param_Angle_Rotation34",
			"Segments": [
				0,
				0,
				1,
				0.556,
				0,
				1.111,
				1.14,
				1.667,
				1.14,
				1,
				2.167,
				1.14,
				2.667,
				-1.14,
				3.167,
				-1.14,
				1,
				3.722,
				-1.14,
				4.278,
				0.6,
				4.833,
				0.6,
				1,
				5.222,
				0.6,
				5.611,
				0,
				6,
				0
			]
		},
		{
			"Target": "Parameter",
			"Id": "Param_Angle_Rotation35",
			"Segments": [
				0,
				0,
				1,
				0.633,
				0,
				1.267,
				1.26,
				1.9,
				1.26,
				1,
				2.4,
				1.26,
				2.9,
				-1.44,
				3.4,
				-1.44,
				1,
				3.956,
				-1.44,
				4.511,
				1.32,
				5.067,
				1.32,
				1,
				5.378,
				1.32,
				5.689,
				0,
				6,
				0
			]
		},
		{
			"Target": "Parameter",
			"Id": "Param_Angle_Rotation36",
			"Segments": [
				0,
				0,
				1,
				0.689,
				0,
				1.378,
				1.98,
				2.067,
				1.98,
				1,
				2.567,
				1.98,
				3.067,
				-1.32,
				3.567,
				-1.32,
				1,
				4.122,
				-1.32,
				4.678,
				2.04,
				5.233,
				2.04,
				1,
				5.489,
				2.04,
				5.744,
				0,
				6,
				0
			]
		},
		{
			"Target": "Parameter",
			"Id": "Param_Angle_Rotation37",
			"Segments": [
				0,
				0,
				1,
				0.5,
				0,
				1,
				-0.5,
				1.5,
				-0.5,
				1,
				2,
				-0.5,
				2.5,
				0.06,
				3,
				0.06,
				1,
				3.556,
				0.06,
				4.111,
				-0.5,
				4.667,
				-0.5,
				1,
				5.111,
				-0.5,
				5.556,
				0,
				6,
				0
			]
		},
		{
			"Target": "Parameter",
			"Id": "Param_Angle_Rotation38",
			"Segments": [
				0,
				0,
				1,
				0.589,
				0,
				1.178,
				-1,
				1.767,
				-1,
				1,
				2.267,
				-1,
				2.767,
				0.48,
				3.267,
				0.48,
				1,
				3.822,
				0.48,
				4.378,
				-0.5,
				4.933,
				-0.5,
				1,
				5.289,
				-0.5,
				5.644,
				0,
				6,
				0
			]
		},
		{
			"Target": "Parameter",
			"Id": "Param_Angle_Rotation39",
			"Segments": [
				0,
				0,
				1,
				0.656,
				0,
				1.311,
				-1,
				1.967,
				-1,
				1,
				2.467,
				-1,
				2.967,
				1.5,
				3.467,
				1.5,
				1,
				4.022,
				1.5,
				4.578,
				-0.5,
				5.133,
				-0.5,
				1,
				5.422,
				-0.5,
				5.711,
				0,
				6,
				0
			]
		},
		{
			"Target": "Parameter",
			"Id": "Param_Angle_Rotation40",
			"Segments": [
				0,
				0,
				1,
				0.756,
				0,
				1.511,
				-2,
				2.267,
				-2,
				1,
				2.767,
				-2,
				3.267,
				2.28,
				3.767,
				2.28,
				1,
				4.322,
				2.28,
				4.878,
				-1,
				5.433,
				-1,
				1,
				5.622,
				-1,
				5.811,
				0,
				6,
				0
			]
		},
		{
			"Target": "Parameter",
			"Id": "Param_Angle_Rotation41",
			"Segments": [
				0,
				0.114,
				1,
				0.167,
				0.114,
				0.333,
				0,
				0.5,
				0,
				1,
				1,
				0,
				1.5,
				0.98,
				2,
				0.98,
				1,
				2.5,
				0.98,
				3,
				-0.3,
				3.5,
				-0.3,
				1,
				4.056,
				-0.3,
				4.611,
				0.36,
				5.167,
				0.36,
				1,
				5.444,
				0.36,
				5.722,
				0.114,
				6,
				0.114
			]
		},
		{
			"Target": "Parameter",
			"Id": "Param_Angle_Rotation42",
			"Segments": [
				0,
				-0.413,
				1,
				0.167,
				-0.413,
				0.333,
				-0.337,
				0.5,
				0,
				1,
				1.067,
				1.145,
				1.633,
				1.84,
				2.2,
				1.84,
				1,
				2.7,
				1.84,
				3.2,
				-1,
				3.7,
				-1,
				1,
				4.256,
				-1,
				4.811,
				-1,
				5.367,
				-1,
				1,
				5.578,
				-1,
				5.789,
				-0.413,
				6,
				-0.413
			]
		},
		{
			"Target": "Parameter",
			"Id": "Param_Angle_Rotation43",
			"Segments": [
				0,
				0.553,
				1,
				0.167,
				0.553,
				0.333,
				0,
				0.5,
				0,
				1,
				1.178,
				0,
				1.856,
				2.66,
				2.533,
				2.66,
				1,
				3.033,
				2.66,
				3.533,
				-1.2,
				4.033,
				-1.2,
				1,
				4.544,
				-1.2,
				5.056,
				1,
				5.567,
				1,
				1,
				5.711,
				1,
				5.856,
				0.553,
				6,
				0.553
			]
		},
		{
			"Target": "Parameter",
			"Id": "Param_Angle_Rotation44",
			"Segments": [
				0,
				0.721,
				1,
				0.167,
				0.721,
				0.333,
				0,
				0.5,
				0,
				1,
				1.256,
				0,
				2.011,
				4.2,
				2.767,
				4.2,
				1,
				3.267,
				4.2,
				3.767,
				-2,
				4.267,
				-2,
				1,
				4.756,
				-2,
				5.244,
				1,
				5.733,
				1,
				1,
				5.822,
				1,
				5.911,
				0.721,
				6,
				0.721
			]
		},
		{
			"Target": "Parameter",
			"Id": "Param_Angle_Rotation45",
			"Segments": [
				0,
				2.656,
				1,
				0.167,
				2.656,
				0.333,
				0,
				0.5,
				0,
				1,
				1.344,
				0,
				2.189,
				6.6,
				3.033,
				6.6,
				1,
				3.533,
				6.6,
				4.033,
				-5,
				4.533,
				-5,
				1,
				4.978,
				-5,
				5.422,
				3,
				5.867,
				3,
				1,
				5.911,
				3,
				5.956,
				2.656,
				6,
				2.656
			]
		},
		{
			"Target": "Parameter",
			"Id": "Param_Angle_Rotation46",
			"Segments": [
				0,
				0,
				1,
				0.167,
				0,
				0.333,
				0,
				0.5,
				0,
				1,
				1,
				0,
				1.5,
				0,
				2,
				0,
				1,
				2.5,
				0,
				3,
				0.649,
				3.5,
				0.649,
				1,
				4.056,
				0.649,
				4.611,
				0,
				5.167,
				0,
				1,
				5.444,
				0,
				5.722,
				0,
				6,
				0
			]
		},
		{
			"Target": "Parameter",
			"Id": "Param_Angle_Rotation47",
			"Segments": [
				0,
				0,
				1,
				0.167,
				0,
				0.333,
				0,
				0.5,
				0,
				1,
				1.078,
				0,
				1.656,
				0,
				2.233,
				0,
				1,
				2.733,
				0,
				3.233,
				1.082,
				3.733,
				1.082,
				1,
				4.289,
				1.082,
				4.844,
				0,
				5.4,
				0,
				1,
				5.6,
				0,
				5.8,
				0,
				6,
				0
			]
		},
		{
			"Target": "Parameter",
			"Id": "Param_Angle_Rotation48",
			"Segments": [
				0,
				-0.82,
				1,
				0.167,
				-0.82,
				0.333,
				0,
				0.5,
				0,
				1,
				1.178,
				0,
				1.856,
				-3.78,
				2.533,
				-3.78,
				1,
				3.033,
				-3.78,
				3.533,
				2,
				4.033,
				2,
				1,
				4.589,
				2,
				5.144,
				-1.2,
				5.7,
				-1.2,
				1,
				5.8,
				-1.2,
				5.9,
				-0.82,
				6,
				-0.82
			]
		},
		{
			"Target": "Parameter",
			"Id": "Param_Angle_Rotation49",
			"Segments": [
				0,
				-2.777,
				1,
				0.167,
				-2.777,
				0.333,
				0,
				0.5,
				0,
				1,
				1.267,
				0,
				2.033,
				-9.96,
				2.8,
				-9.96,
				1,
				3.3,
				-9.96,
				3.8,
				3,
				4.3,
				3,
				1,
				4.833,
				3,
				5.367,
				-3,
				5.9,
				-3,
				1,
				5.933,
				-3,
				5.967,
				-2.777,
				6,
				-2.777
			]
		},
		{
			"Target": "Parameter",
			"Id": "Param_Angle_Rotation50",
			"Segments": [
				0,
				0,
				1,
				0.5,
				0,
				1,
				1.62,
				1.5,
				1.62,
				1,
				2,
				1.62,
				2.5,
				-2.164,
				3,
				-2.164,
				1,
				3.556,
				-2.164,
				4.111,
				0.24,
				4.667,
				0.24,
				1,
				5.111,
				0.24,
				5.556,
				0,
				6,
				0
			]
		},
		{
			"Target": "Parameter",
			"Id": "Param_Angle_Rotation51",
			"Segments": [
				0,
				0,
				1,
				0.589,
				0,
				1.178,
				3.6,
				1.767,
				3.6,
				1,
				2.267,
				3.6,
				2.767,
				-1.436,
				3.267,
				-1.436,
				1,
				3.822,
				-1.436,
				4.378,
				0.3,
				4.933,
				0.3,
				1,
				5.289,
				0.3,
				5.644,
				0,
				6,
				0
			]
		},
		{
			"Target": "Parameter",
			"Id": "Param_Angle_Rotation52",
			"Segments": [
				0,
				0,
				1,
				0.678,
				0,
				1.356,
				1.2,
				2.033,
				1.2,
				1,
				2.533,
				1.2,
				3.033,
				-3.971,
				3.533,
				-3.971,
				1,
				4.089,
				-3.971,
				4.644,
				0.36,
				5.2,
				0.36,
				1,
				5.467,
				0.36,
				5.733,
				0,
				6,
				0
			]
		},
		{
			"Target": "Parameter",
			"Id": "Param_Angle_Rotation53",
			"Segments": [
				0,
				0,
				1,
				0.778,
				0,
				1.556,
				2.46,
				2.333,
				2.46,
				1,
				2.833,
				2.46,
				3.333,
				-9.878,
				3.833,
				-9.878,
				1,
				4.389,
				-9.878,
				4.944,
				1.44,
				5.5,
				1.44,
				1,
				5.667,
				1.44,
				5.833,
				0,
				6,
				0
			]
		},
		{
			"Target": "Parameter",
			"Id": "Param_Angle_Rotation54",
			"Segments": [
				0,
				0,
				1,
				0.5,
				0,
				1,
				0.6,
				1.5,
				0.6,
				1,
				2,
				0.6,
				2.5,
				-0.396,
				3,
				-0.396,
				1,
				3.556,
				-0.396,
				4.111,
				0.2,
				4.667,
				0.2,
				1,
				5.111,
				0.2,
				5.556,
				0,
				6,
				0
			]
		},
		{
			"Target": "Parameter",
			"Id": "Param_Angle_Rotation55",
			"Segments": [
				0,
				0,
				1,
				0.6,
				0,
				1.2,
				1.44,
				1.8,
				1.44,
				1,
				2.3,
				1.44,
				2.8,
				-0.373,
				3.3,
				-0.373,
				1,
				3.856,
				-0.373,
				4.411,
				1.8,
				4.967,
				1.8,
				1,
				5.311,
				1.8,
				5.656,
				0,
				6,
				0
			]
		},
		{
			"Target": "Parameter",
			"Id": "Param_Angle_Rotation56",
			"Segments": [
				0,
				0,
				1,
				0.711,
				0,
				1.422,
				2.88,
				2.133,
				2.88,
				1,
				2.633,
				2.88,
				3.133,
				-1.047,
				3.633,
				-1.047,
				1,
				4.189,
				-1.047,
				4.744,
				1.5,
				5.3,
				1.5,
				1,
				5.533,
				1.5,
				5.767,
				0,
				6,
				0
			]
		},
		{
			"Target": "Parameter",
			"Id": "Param_Angle_Rotation57",
			"Segments": [
				0,
				0,
				1,
				0.8,
				0,
				1.6,
				3.12,
				2.4,
				3.12,
				1,
				2.9,
				3.12,
				3.4,
				-2.129,
				3.9,
				-2.129,
				1,
				4.456,
				-2.129,
				5.011,
				2,
				5.567,
				2,
				1,
				5.711,
				2,
				5.856,
				0,
				6,
				0
			]
		},
		{
			"Target": "Parameter",
			"Id": "Param_Angle_Rotation",
			"Segments": [
				0,
				0,
				1,
				0.5,
				0,
				1,
				0.48,
				1.5,
				0.48,
				1,
				2,
				0.48,
				2.5,
				-0.72,
				3,
				-0.72,
				1,
				3.5,
				-0.72,
				4,
				0.36,
				4.5,
				0.36,
				1,
				5,
				0.36,
				5.5,
				0,
				6,
				0
			]
		},
		{
			"Target": "Parameter",
			"Id": "Param_Angle_Rotation2",
			"Segments": [
				0,
				0,
				1,
				0.633,
				0,
				1.267,
				4.5,
				1.9,
				4.5,
				1,
				2.4,
				4.5,
				2.9,
				-5.58,
				3.4,
				-5.58,
				1,
				3.9,
				-5.58,
				4.4,
				0.36,
				4.9,
				0.36,
				1,
				5.267,
				0.36,
				5.633,
				0,
				6,
				0
			]
		},
		{
			"Target": "Parameter",
			"Id": "Param_Angle_Rotation3",
			"Segments": [
				0,
				0,
				1,
				0.8,
				0,
				1.6,
				1.74,
				2.4,
				1.74,
				1,
				2.9,
				1.74,
				3.4,
				-5.1,
				3.9,
				-5.1,
				1,
				4.4,
				-5.1,
				4.9,
				0.66,
				5.4,
				0.66,
				1,
				5.6,
				0.66,
				5.8,
				0,
				6,
				0
			]
		},
		{
			"Target": "Parameter",
			"Id": "Param_Angle_Rotation4",
			"Segments": [
				0,
				0,
				1,
				0.5,
				0,
				1,
				1.44,
				1.5,
				1.44,
				1,
				2,
				1.44,
				2.5,
				-1.44,
				3,
				-1.44,
				1,
				3.5,
				-1.44,
				4,
				0.66,
				4.5,
				0.66,
				1,
				5,
				0.66,
				5.5,
				0,
				6,
				0
			]
		},
		{
			"Target": "Parameter",
			"Id": "Param_Angle_Rotation5",
			"Segments": [
				0,
				0,
				1,
				0.589,
				0,
				1.178,
				2.76,
				1.767,
				2.76,
				1,
				2.267,
				2.76,
				2.767,
				-2.64,
				3.267,
				-2.64,
				1,
				3.767,
				-2.64,
				4.267,
				1.02,
				4.767,
				1.02,
				1,
				5.178,
				1.02,
				5.589,
				0,
				6,
				0
			]
		},
		{
			"Target": "Parameter",
			"Id": "Param_Angle_Rotation6",
			"Segments": [
				0,
				0,
				1,
				0.678,
				0,
				1.356,
				3.66,
				2.033,
				3.66,
				1,
				2.533,
				3.66,
				3.033,
				-3.42,
				3.533,
				-3.42,
				1,
				4.033,
				-3.42,
				4.533,
				1.26,
				5.033,
				1.26,
				1,
				5.356,
				1.26,
				5.678,
				0,
				6,
				0
			]
		},
		{
			"Target": "Parameter",
			"Id": "Param_Angle_Rotation7",
			"Segments": [
				0,
				0,
				1,
				0.8,
				0,
				1.6,
				7.02,
				2.4,
				7.02,
				1,
				2.9,
				7.02,
				3.4,
				-3.96,
				3.9,
				-3.96,
				1,
				4.4,
				-3.96,
				4.9,
				1.44,
				5.4,
				1.44,
				1,
				5.6,
				1.44,
				5.8,
				0,
				6,
				0
			]
		},
		{
			"Target": "Parameter",
			"Id": "Param_Angle_Rotation8",
			"Segments": [
				0,
				0,
				1,
				0.5,
				0,
				1,
				-0.3,
				1.5,
				-0.3,
				1,
				2,
				-0.3,
				2.5,
				1.92,
				3,
				1.92,
				1,
				3.5,
				1.92,
				4,
				-0.3,
				4.5,
				-0.3,
				1,
				5,
				-0.3,
				5.5,
				0,
				6,
				0
			]
		},
		{
			"Target": "Parameter",
			"Id": "Param_Angle_Rotation9",
			"Segments": [
				0,
				0,
				1,
				0.589,
				0,
				1.178,
				-1.86,
				1.767,
				-1.86,
				1,
				2.267,
				-1.86,
				2.767,
				3.24,
				3.267,
				3.24,
				1,
				3.767,
				3.24,
				4.267,
				-1.08,
				4.767,
				-1.08,
				1,
				5.178,
				-1.08,
				5.589,
				0,
				6,
				0
			]
		},
		{
			"Target": "Parameter",
			"Id": "Param_Angle_Rotation10",
			"Segments": [
				0,
				0,
				1,
				0.7,
				0,
				1.4,
				-2.82,
				2.1,
				-2.82,
				1,
				2.6,
				-2.82,
				3.1,
				2.28,
				3.6,
				2.28,
				1,
				4.1,
				2.28,
				4.6,
				-2.22,
				5.1,
				-2.22,
				1,
				5.4,
				-2.22,
				5.7,
				0,
				6,
				0
			]
		},
		{
			"Target": "Parameter",
			"Id": "Param_Angle_Rotation11",
			"Segments": [
				0,
				0,
				1,
				0.8,
				0,
				1.6,
				-3.84,
				2.4,
				-3.84,
				1,
				2.9,
				-3.84,
				3.4,
				2.1,
				3.9,
				2.1,
				1,
				4.4,
				2.1,
				4.9,
				-3.36,
				5.4,
				-3.36,
				1,
				5.6,
				-3.36,
				5.8,
				0,
				6,
				0
			]
		},
		{
			"Target": "Parameter",
			"Id": "Param_Angle_Rotation12",
			"Segments": [
				0,
				0,
				1,
				0.5,
				0,
				1,
				-0.84,
				1.5,
				-0.84,
				1,
				2,
				-0.84,
				2.5,
				0.84,
				3,
				0.84,
				1,
				3.5,
				0.84,
				4,
				-0.3,
				4.5,
				-0.3,
				1,
				5,
				-0.3,
				5.5,
				0,
				6,
				0
			]
		},
		{
			"Target": "Parameter",
			"Id": "Param_Angle_Rotation13",
			"Segments": [
				0,
				0,
				1,
				0.6,
				0,
				1.2,
				-2.04,
				1.8,
				-2.04,
				1,
				2.3,
				-2.04,
				2.8,
				1.56,
				3.3,
				1.56,
				1,
				3.8,
				1.56,
				4.3,
				-1.08,
				4.8,
				-1.08,
				1,
				5.2,
				-1.08,
				5.6,
				0,
				6,
				0
			]
		},
		{
			"Target": "Parameter",
			"Id": "Param_Angle_Rotation14",
			"Segments": [
				0,
				0,
				1,
				0.711,
				0,
				1.422,
				-2.58,
				2.133,
				-2.58,
				1,
				2.633,
				-2.58,
				3.133,
				3.54,
				3.633,
				3.54,
				1,
				4.133,
				3.54,
				4.633,
				-1.44,
				5.133,
				-1.44,
				1,
				5.422,
				-1.44,
				5.711,
				0,
				6,
				0
			]
		},
		{
			"Target": "Parameter",
			"Id": "Param_Angle_Rotation15",
			"Segments": [
				0,
				0,
				1,
				0.8,
				0,
				1.6,
				-3.48,
				2.4,
				-3.48,
				1,
				2.9,
				-3.48,
				3.4,
				3.06,
				3.9,
				3.06,
				1,
				4.4,
				3.06,
				4.9,
				-2.58,
				5.4,
				-2.58,
				1,
				5.6,
				-2.58,
				5.8,
				0,
				6,
				0
			]
		},
		{
			"Target": "Parameter",
			"Id": "Param_Angle_Rotation16",
			"Segments": [
				0,
				0,
				1,
				0.5,
				0,
				1,
				-1.62,
				1.5,
				-1.62,
				1,
				2,
				-1.62,
				2.5,
				0.3,
				3,
				0.3,
				1,
				3.5,
				0.3,
				4,
				-0.3,
				4.5,
				-0.3,
				1,
				5,
				-0.3,
				5.5,
				0,
				6,
				0
			]
		},
		{
			"Target": "Parameter",
			"Id": "Param_Angle_Rotation17",
			"Segments": [
				0,
				0,
				1,
				0.589,
				0,
				1.178,
				-1.26,
				1.767,
				-1.26,
				1,
				2.267,
				-1.26,
				2.767,
				1.92,
				3.267,
				1.92,
				1,
				3.767,
				1.92,
				4.267,
				-0.84,
				4.767,
				-0.84,
				1,
				5.178,
				-0.84,
				5.589,
				0,
				6,
				0
			]
		},
		{
			"Target": "Parameter",
			"Id": "Param_Angle_Rotation18",
			"Segments": [
				0,
				0,
				1,
				0.678,
				0,
				1.356,
				-2.34,
				2.033,
				-2.34,
				1,
				2.533,
				-2.34,
				3.033,
				3.12,
				3.533,
				3.12,
				1,
				4.033,
				3.12,
				4.533,
				-1.56,
				5.033,
				-1.56,
				1,
				5.356,
				-1.56,
				5.678,
				0,
				6,
				0
			]
		},
		{
			"Target": "Parameter",
			"Id": "Param_Angle_Rotation19",
			"Segments": [
				0,
				0,
				1,
				0.778,
				0,
				1.556,
				-3.18,
				2.333,
				-3.18,
				1,
				2.833,
				-3.18,
				3.333,
				9,
				3.833,
				9,
				1,
				4.333,
				9,
				4.833,
				-2.16,
				5.333,
				-2.16,
				1,
				5.556,
				-2.16,
				5.778,
				0,
				6,
				0
			]
		},
		{
			"Target": "Parameter",
			"Id": "Param25",
			"Segments": [
				0,
				0,
				1,
				0.5,
				0,
				1,
				0,
				1.5,
				0,
				1,
				2,
				0,
				2.5,
				1.2,
				3,
				1.2,
				1,
				3.3,
				1.2,
				3.6,
				0,
				3.9,
				0,
				1,
				4.6,
				0,
				5.3,
				0,
				6,
				0
			]
		},
		{
			"Target": "Parameter",
			"Id": "Param26",
			"Segments": [
				0,
				-4.7,
				1,
				0.5,
				-4.7,
				1,
				-3.243,
				1.5,
				0,
				1,
				2,
				3.243,
				2.5,
				6.705,
				3,
				10.08,
				1,
				3.3,
				12.105,
				3.6,
				13.14,
				3.9,
				13.14,
				1,
				4.6,
				13.14,
				5.3,
				-4.7,
				6,
				-4.7
			]
		},
		{
			"Target": "Parameter",
			"Id": "Param27",
			"Segments": [
				0,
				0,
				1,
				0.144,
				0,
				0.289,
				0,
				0.433,
				0,
				1,
				0.789,
				0,
				1.144,
				0,
				1.5,
				0,
				1,
				2.133,
				0,
				2.767,
				0,
				3.4,
				0,
				1,
				3.7,
				0,
				4,
				-1,
				4.3,
				-1,
				1,
				4.867,
				-1,
				5.433,
				0,
				6,
				0
			]
		},
		{
			"Target": "Parameter",
			"Id": "Param28",
			"Segments": [
				0,
				0.26,
				1,
				0.144,
				0.26,
				0.289,
				-2.24,
				0.433,
				-2.24,
				1,
				0.789,
				-2.24,
				1.144,
				-3.051,
				1.5,
				0,
				1,
				2.133,
				5.435,
				2.767,
				21.12,
				3.4,
				21.12,
				1,
				3.7,
				21.12,
				4,
				18.734,
				4.3,
				13.92,
				1,
				4.867,
				4.827,
				5.433,
				0.26,
				6,
				0.26
			]
		},
		{
			"Target": "Parameter",
			"Id": "Param29",
			"Segments": [
				0,
				0,
				1,
				0.5,
				0,
				1,
				0,
				1.5,
				0,
				1,
				2,
				0,
				2.5,
				0.814,
				3,
				2.1,
				1,
				3.3,
				2.872,
				3.6,
				3.12,
				3.9,
				3.12,
				1,
				4.6,
				3.12,
				5.3,
				0,
				6,
				0
			]
		},
		{
			"Target": "Parameter",
			"Id": "Param30",
			"Segments": [
				0,
				-0.16,
				1,
				0.5,
				-0.16,
				1,
				-0.203,
				1.5,
				0,
				1,
				2,
				0.203,
				2.5,
				3.625,
				3,
				6.08,
				1,
				3.3,
				7.553,
				3.6,
				9.5,
				3.9,
				9.5,
				1,
				4.6,
				9.5,
				5.3,
				-0.16,
				6,
				-0.16
			]
		},
		{
			"Target": "Parameter",
			"Id": "Param31",
			"Segments": [
				0,
				0,
				1,
				0.111,
				0,
				0.222,
				0,
				0.333,
				0,
				1,
				0.722,
				0,
				1.111,
				0,
				1.5,
				0,
				1,
				2.133,
				0,
				2.767,
				1,
				3.4,
				1,
				1,
				3.7,
				1,
				4,
				1,
				4.3,
				1,
				1,
				4.867,
				1,
				5.433,
				0,
				6,
				0
			]
		},
		{
			"Target": "Parameter",
			"Id": "Param32",
			"Segments": [
				0,
				0.271,
				1,
				0.111,
				0.271,
				0.222,
				-4.02,
				0.333,
				-4.02,
				1,
				0.722,
				-4.02,
				1.111,
				-0.878,
				1.5,
				0,
				1,
				2.133,
				1.43,
				2.767,
				1.66,
				3.4,
				3.04,
				1,
				3.7,
				3.694,
				4,
				7.28,
				4.3,
				7.28,
				1,
				4.867,
				7.28,
				5.433,
				0.271,
				6,
				0.271
			]
		},
		{
			"Target": "Parameter",
			"Id": "Param33",
			"Segments": [
				0,
				-4,
				1,
				0.5,
				-4,
				1,
				-3.198,
				1.5,
				0,
				1,
				2,
				3.198,
				2.5,
				7.302,
				3,
				12,
				1,
				3.3,
				14.819,
				3.6,
				18,
				3.9,
				18,
				1,
				4.6,
				18,
				5.3,
				-4,
				6,
				-4
			]
		},
		{
			"Target": "Parameter",
			"Id": "Param34",
			"Segments": [
				0,
				2,
				1,
				0.5,
				2,
				1,
				0,
				1.5,
				0,
				1,
				2,
				0,
				2.5,
				3.952,
				3,
				16,
				1,
				3.3,
				23.229,
				3.6,
				30,
				3.9,
				30,
				1,
				4.6,
				30,
				5.3,
				2,
				6,
				2
			]
		},
		{
			"Target": "Parameter",
			"Id": "Param35",
			"Segments": [
				0,
				-12,
				1,
				0.5,
				-12,
				1,
				-6.849,
				1.5,
				0,
				1,
				2,
				6.849,
				2.5,
				9,
				3,
				9,
				1,
				3.3,
				9,
				3.6,
				-1.098,
				3.9,
				-4,
				1,
				4.6,
				-10.771,
				5.3,
				-12,
				6,
				-12
			]
		},
		{
			"Target": "Parameter",
			"Id": "Param36",
			"Segments": [
				0,
				-12,
				1,
				0.5,
				-12,
				1,
				-7.465,
				1.5,
				0,
				1,
				2,
				7.465,
				2.5,
				13.128,
				3,
				21,
				1,
				3.3,
				25.723,
				3.6,
				30,
				3.9,
				30,
				1,
				4.6,
				30,
				5.3,
				-12,
				6,
				-12
			]
		},
		{
			"Target": "Parameter",
			"Id": "Param43",
			"Segments": [
				0,
				0,
				1,
				0.3,
				0,
				0.6,
				-23,
				0.9,
				-23,
				1,
				1.6,
				-23,
				2.3,
				6.277,
				3,
				25.36,
				1,
				3.233,
				31.721,
				3.467,
				30,
				3.7,
				30,
				1,
				4.2,
				30,
				4.7,
				-8.92,
				5.2,
				-8.92,
				1,
				5.467,
				-8.92,
				5.733,
				0,
				6,
				0
			]
		},
		{
			"Target": "Parameter",
			"Id": "Param37",
			"Segments": [
				0,
				0.741,
				1,
				0.667,
				0.741,
				1.333,
				0,
				2,
				0,
				1,
				3,
				0,
				4,
				1,
				5,
				1,
				1,
				5.333,
				1,
				5.667,
				0.741,
				6,
				0.741
			]
		},
		{
			"Target": "Parameter",
			"Id": "Param38",
			"Segments": [
				0,
				0.417,
				1,
				0.444,
				0.417,
				0.889,
				0,
				1.333,
				0,
				1,
				2.333,
				0,
				3.333,
				1,
				4.333,
				1,
				1,
				4.889,
				1,
				5.444,
				0.417,
				6,
				0.417
			]
		},
		{
			"Target": "Parameter",
			"Id": "Param39",
			"Segments": [
				0,
				0.115,
				1,
				0.211,
				0.115,
				0.422,
				0,
				0.633,
				0,
				1,
				1.633,
				0,
				2.633,
				1,
				3.633,
				1,
				1,
				4.422,
				1,
				5.211,
				0.115,
				6,
				0.115
			]
		},
		{
			"Target": "Parameter",
			"Id": "Param40",
			"Segments": [
				0,
				0,
				1,
				0.044,
				0,
				0.089,
				1,
				0.133,
				1,
				1,
				0.167,
				1,
				0.2,
				1,
				0.233,
				1,
				1,
				0.256,
				1,
				0.278,
				0,
				0.3,
				0,
				1,
				0.367,
				0,
				0.433,
				0.8,
				0.5,
				0.8,
				1,
				0.544,
				0.8,
				0.589,
				0,
				0.633,
				0,
				1,
				0.667,
				0,
				0.7,
				1,
				0.733,
				1,
				1,
				0.856,
				1,
				0.978,
				0.3,
				1.1,
				0.3,
				1,
				1.167,
				0.3,
				1.233,
				1,
				1.3,
				1,
				1,
				1.356,
				1,
				1.411,
				0.7,
				1.467,
				0.7,
				1,
				1.522,
				0.7,
				1.578,
				1,
				1.633,
				1,
				1,
				1.733,
				1,
				1.833,
				0.3,
				1.933,
				0.3,
				1,
				2.022,
				0.3,
				2.111,
				0.8,
				2.2,
				0.8,
				1,
				2.233,
				0.8,
				2.267,
				0.3,
				2.3,
				0.3,
				1,
				2.333,
				0.3,
				2.367,
				1,
				2.4,
				1,
				1,
				2.433,
				1,
				2.467,
				0,
				2.5,
				0,
				1,
				2.622,
				0,
				2.744,
				0.8,
				2.867,
				0.8,
				1,
				2.911,
				0.8,
				2.956,
				0.3,
				3,
				0.3,
				1,
				3.044,
				0.3,
				3.089,
				1,
				3.133,
				1,
				1,
				3.156,
				1,
				3.178,
				0.5,
				3.2,
				0.5,
				1,
				3.4,
				0.5,
				3.6,
				0.9,
				3.8,
				0.9,
				1,
				3.967,
				0.9,
				4.133,
				0.2,
				4.3,
				0.2,
				1,
				4.367,
				0.2,
				4.433,
				1,
				4.5,
				1,
				1,
				4.533,
				1,
				4.567,
				1,
				4.6,
				1,
				1,
				4.678,
				1,
				4.756,
				0,
				4.833,
				0,
				1,
				4.956,
				0,
				5.078,
				1,
				5.2,
				1,
				1,
				5.244,
				1,
				5.289,
				0.4,
				5.333,
				0.4,
				1,
				5.389,
				0.4,
				5.444,
				1,
				5.5,
				1,
				1,
				5.667,
				1,
				5.833,
				0,
				6,
				0
			]
		},
		{
			"Target": "Parameter",
			"Id": "Param41",
			"Segments": [
				0,
				0.6,
				1,
				0.033,
				0.6,
				0.067,
				1,
				0.1,
				1,
				1,
				0.133,
				1,
				0.167,
				1,
				0.2,
				1,
				1,
				0.278,
				1,
				0.356,
				0,
				0.433,
				0,
				1,
				0.556,
				0,
				0.678,
				1,
				0.8,
				1,
				1,
				0.844,
				1,
				0.889,
				0.4,
				0.933,
				0.4,
				1,
				0.989,
				0.4,
				1.044,
				1,
				1.1,
				1,
				1,
				1.267,
				1,
				1.433,
				0,
				1.6,
				0,
				1,
				1.644,
				0,
				1.689,
				1,
				1.733,
				1,
				1,
				1.767,
				1,
				1.8,
				1,
				1.833,
				1,
				1,
				1.856,
				1,
				1.878,
				0,
				1.9,
				0,
				1,
				1.967,
				0,
				2.033,
				0.8,
				2.1,
				0.8,
				1,
				2.144,
				0.8,
				2.189,
				0,
				2.233,
				0,
				1,
				2.267,
				0,
				2.3,
				1,
				2.333,
				1,
				1,
				2.456,
				1,
				2.578,
				0.3,
				2.7,
				0.3,
				1,
				2.767,
				0.3,
				2.833,
				1,
				2.9,
				1,
				1,
				2.956,
				1,
				3.011,
				0.7,
				3.067,
				0.7,
				1,
				3.122,
				0.7,
				3.178,
				1,
				3.233,
				1,
				1,
				3.333,
				1,
				3.433,
				0.3,
				3.533,
				0.3,
				1,
				3.622,
				0.3,
				3.711,
				0.8,
				3.8,
				0.8,
				1,
				3.833,
				0.8,
				3.867,
				0.3,
				3.9,
				0.3,
				1,
				3.933,
				0.3,
				3.967,
				1,
				4,
				1,
				1,
				4.033,
				1,
				4.067,
				0,
				4.1,
				0,
				1,
				4.222,
				0,
				4.344,
				0.8,
				4.467,
				0.8,
				1,
				4.511,
				0.8,
				4.556,
				0.3,
				4.6,
				0.3,
				1,
				4.644,
				0.3,
				4.689,
				1,
				4.733,
				1,
				1,
				4.756,
				1,
				4.778,
				0.5,
				4.8,
				0.5,
				1,
				5,
				0.5,
				5.2,
				0.9,
				5.4,
				0.9,
				1,
				5.567,
				0.9,
				5.733,
				0.2,
				5.9,
				0.2,
				1,
				5.933,
				0.2,
				5.967,
				0.6,
				6,
				0.6
			]
		},
		{
			"Target": "Parameter",
			"Id": "Param42",
			"Segments": [
				0,
				0.3,
				1,
				0.056,
				0.3,
				0.111,
				1,
				0.167,
				1,
				1,
				0.189,
				1,
				0.211,
				0.5,
				0.233,
				0.5,
				1,
				0.433,
				0.5,
				0.633,
				0.9,
				0.833,
				0.9,
				1,
				1,
				0.9,
				1.167,
				0.2,
				1.333,
				0.2,
				1,
				1.4,
				0.2,
				1.467,
				1,
				1.533,
				1,
				1,
				1.567,
				1,
				1.6,
				1,
				1.633,
				1,
				1,
				1.711,
				1,
				1.789,
				0,
				1.867,
				0,
				1,
				1.989,
				0,
				2.111,
				1,
				2.233,
				1,
				1,
				2.278,
				1,
				2.322,
				0.4,
				2.367,
				0.4,
				1,
				2.422,
				0.4,
				2.478,
				1,
				2.533,
				1,
				1,
				2.7,
				1,
				2.867,
				0,
				3.033,
				0,
				1,
				3.078,
				0,
				3.122,
				1,
				3.167,
				1,
				1,
				3.2,
				1,
				3.233,
				1,
				3.267,
				1,
				1,
				3.289,
				1,
				3.311,
				0,
				3.333,
				0,
				1,
				3.4,
				0,
				3.467,
				0.8,
				3.533,
				0.8,
				1,
				3.578,
				0.8,
				3.622,
				0,
				3.667,
				0,
				1,
				3.7,
				0,
				3.733,
				1,
				3.767,
				1,
				1,
				3.889,
				1,
				4.011,
				0.3,
				4.133,
				0.3,
				1,
				4.2,
				0.3,
				4.267,
				1,
				4.333,
				1,
				1,
				4.389,
				1,
				4.444,
				0.7,
				4.5,
				0.7,
				1,
				4.556,
				0.7,
				4.611,
				1,
				4.667,
				1,
				1,
				4.767,
				1,
				4.867,
				0.3,
				4.967,
				0.3,
				1,
				5.056,
				0.3,
				5.144,
				0.8,
				5.233,
				0.8,
				1,
				5.267,
				0.8,
				5.3,
				0.3,
				5.333,
				0.3,
				1,
				5.367,
				0.3,
				5.4,
				1,
				5.433,
				1,
				1,
				5.467,
				1,
				5.5,
				0,
				5.533,
				0,
				1,
				5.656,
				0,
				5.778,
				0.8,
				5.9,
				0.8,
				1,
				5.933,
				0.8,
				5.967,
				0.3,
				6,
				0.3
			]
		}
	]
}