{
	"Version": 3,
	"Parameters": [
		{
			"Id": "Param9",
			"GroupId": "",
			"Name": "位置X"
		},
		{
			"Id": "Param10",
			"GroupId": "",
			"Name": "位置Y"
		},
		{
			"Id": "Param",
			"GroupId": "ParamGroup",
			"Name": "光線"
		},
		{
			"Id": "Param2",
			"GroupId": "ParamGroup",
			"Name": "ミラーボール周辺"
		},
		{
			"Id": "Param3",
			"GroupId": "ParamGroup",
			"Name": "ミラーボールキラキラX"
		},
		{
			"Id": "Param4",
			"GroupId": "ParamGroup",
			"Name": "ミラーボールキラキラY"
		},
		{
			"Id": "Param5",
			"GroupId": "ParamGroup",
			"Name": "丸キラキラ"
		},
		{
			"Id": "Param6",
			"GroupId": "ParamGroup",
			"Name": "キラキラ3"
		},
		{
			"Id": "Param7",
			"GroupId": "ParamGroup",
			"Name": "キラキラ2"
		},
		{
			"Id": "Param8",
			"GroupId": "ParamGroup",
			"Name": "キラキラ1"
		},
		{
			"Id": "Param16",
			"GroupId": "ParamGroup",
			"Name": "ネックレスキラキラ"
		},
		{
			"Id": "Param17",
			"GroupId": "ParamGroup",
			"Name": "左手キラキラ"
		},
		{
			"Id": "Param18",
			"GroupId": "ParamGroup",
			"Name": "金具キラキラ5"
		},
		{
			"Id": "Param19",
			"GroupId": "ParamGroup",
			"Name": "金具キラキラ4"
		},
		{
			"Id": "Param20",
			"GroupId": "ParamGroup",
			"Name": "金具キラキラ3"
		},
		{
			"Id": "Param21",
			"GroupId": "ParamGroup",
			"Name": "金具キラキラ2"
		},
		{
			"Id": "Param22",
			"GroupId": "ParamGroup",
			"Name": "金具キラキラ1"
		},
		{
			"Id": "Param23",
			"GroupId": "ParamGroup",
			"Name": "右手キラキラ2"
		},
		{
			"Id": "Param24",
			"GroupId": "ParamGroup",
			"Name": "右手キラキラ1"
		},
		{
			"Id": "Param11",
			"GroupId": "",
			"Name": "呼吸"
		},
		{
			"Id": "Param15",
			"GroupId": "",
			"Name": "目パチ"
		},
		{
			"Id": "Param12",
			"GroupId": "ParamGroup2",
			"Name": "目光左右"
		},
		{
			"Id": "Param13",
			"GroupId": "ParamGroup2",
			"Name": "目光上下"
		},
		{
			"Id": "Param14",
			"GroupId": "ParamGroup2",
			"Name": "目光大小"
		},
		{
			"Id": "Param_Angle_Rotation21",
			"GroupId": "ParamGroup11",
			"Name": "[0]シャツ縛り2"
		},
		{
			"Id": "Param_Angle_Rotation22",
			"GroupId": "ParamGroup11",
			"Name": "[1]シャツ縛り2"
		},
		{
			"Id": "Param_Angle_Rotation23",
			"GroupId": "ParamGroup12",
			"Name": "[0]シャツ縛り1"
		},
		{
			"Id": "Param_Angle_Rotation24",
			"GroupId": "ParamGroup12",
			"Name": "[1]シャツ縛り1"
		},
		{
			"Id": "Param_Angle_Rotation25",
			"GroupId": "ParamGroup12",
			"Name": "[2]シャツ縛り1"
		},
		{
			"Id": "Param_Angle_Rotation27",
			"GroupId": "ParamGroup4",
			"Name": "[0]上髪8"
		},
		{
			"Id": "Param_Angle_Rotation28",
			"GroupId": "ParamGroup4",
			"Name": "[1]上髪8"
		},
		{
			"Id": "Param_Angle_Rotation29",
			"GroupId": "ParamGroup4",
			"Name": "[2]上髪8"
		},
		{
			"Id": "Param_Angle_Rotation30",
			"GroupId": "ParamGroup3",
			"Name": "[0]上髪7"
		},
		{
			"Id": "Param_Angle_Rotation31",
			"GroupId": "ParamGroup3",
			"Name": "[1]上髪7"
		},
		{
			"Id": "Param_Angle_Rotation32",
			"GroupId": "ParamGroup3",
			"Name": "[2]上髪7"
		},
		{
			"Id": "Param_Angle_Rotation33",
			"GroupId": "ParamGroup5",
			"Name": "[0]上髪6"
		},
		{
			"Id": "Param_Angle_Rotation34",
			"GroupId": "ParamGroup5",
			"Name": "[1]上髪6"
		},
		{
			"Id": "Param_Angle_Rotation35",
			"GroupId": "ParamGroup5",
			"Name": "[2]上髪6"
		},
		{
			"Id": "Param_Angle_Rotation36",
			"GroupId": "ParamGroup5",
			"Name": "[3]上髪6"
		},
		{
			"Id": "Param_Angle_Rotation37",
			"GroupId": "ParamGroup6",
			"Name": "[0]上髪5"
		},
		{
			"Id": "Param_Angle_Rotation38",
			"GroupId": "ParamGroup6",
			"Name": "[1]上髪5"
		},
		{
			"Id": "Param_Angle_Rotation39",
			"GroupId": "ParamGroup6",
			"Name": "[2]上髪5"
		},
		{
			"Id": "Param_Angle_Rotation40",
			"GroupId": "ParamGroup6",
			"Name": "[3]上髪5"
		},
		{
			"Id": "Param_Angle_Rotation41",
			"GroupId": "ParamGroup7",
			"Name": "[0]上髪4"
		},
		{
			"Id": "Param_Angle_Rotation42",
			"GroupId": "ParamGroup7",
			"Name": "[1]上髪4"
		},
		{
			"Id": "Param_Angle_Rotation43",
			"GroupId": "ParamGroup7",
			"Name": "[2]上髪4"
		},
		{
			"Id": "Param_Angle_Rotation44",
			"GroupId": "ParamGroup7",
			"Name": "[3]上髪4"
		},
		{
			"Id": "Param_Angle_Rotation45",
			"GroupId": "ParamGroup7",
			"Name": "[4]上髪4"
		},
		{
			"Id": "Param_Angle_Rotation46",
			"GroupId": "ParamGroup8",
			"Name": "[0]上髪3"
		},
		{
			"Id": "Param_Angle_Rotation47",
			"GroupId": "ParamGroup8",
			"Name": "[1]上髪3"
		},
		{
			"Id": "Param_Angle_Rotation48",
			"GroupId": "ParamGroup8",
			"Name": "[2]上髪3"
		},
		{
			"Id": "Param_Angle_Rotation49",
			"GroupId": "ParamGroup8",
			"Name": "[3]上髪3"
		},
		{
			"Id": "Param_Angle_Rotation50",
			"GroupId": "ParamGroup9",
			"Name": "[0]上髪2"
		},
		{
			"Id": "Param_Angle_Rotation51",
			"GroupId": "ParamGroup9",
			"Name": "[1]上髪2"
		},
		{
			"Id": "Param_Angle_Rotation52",
			"GroupId": "ParamGroup9",
			"Name": "[2]上髪2"
		},
		{
			"Id": "Param_Angle_Rotation53",
			"GroupId": "ParamGroup9",
			"Name": "[3]上髪2"
		},
		{
			"Id": "Param_Angle_Rotation54",
			"GroupId": "ParamGroup10",
			"Name": "[0]上髪1"
		},
		{
			"Id": "Param_Angle_Rotation55",
			"GroupId": "ParamGroup10",
			"Name": "[1]上髪1"
		},
		{
			"Id": "Param_Angle_Rotation56",
			"GroupId": "ParamGroup10",
			"Name": "[2]上髪1"
		},
		{
			"Id": "Param_Angle_Rotation57",
			"GroupId": "ParamGroup10",
			"Name": "[3]上髪1"
		},
		{
			"Id": "Param_Angle_Rotation",
			"GroupId": "ParamGroup13",
			"Name": "[0]下髪5"
		},
		{
			"Id": "Param_Angle_Rotation2",
			"GroupId": "ParamGroup13",
			"Name": "[1]下髪5"
		},
		{
			"Id": "Param_Angle_Rotation3",
			"GroupId": "ParamGroup13",
			"Name": "[2]下髪5"
		},
		{
			"Id": "Param_Angle_Rotation4",
			"GroupId": "ParamGroup14",
			"Name": "[0]下髪4"
		},
		{
			"Id": "Param_Angle_Rotation5",
			"GroupId": "ParamGroup14",
			"Name": "[1]下髪4"
		},
		{
			"Id": "Param_Angle_Rotation6",
			"GroupId": "ParamGroup14",
			"Name": "[2]下髪4"
		},
		{
			"Id": "Param_Angle_Rotation7",
			"GroupId": "ParamGroup14",
			"Name": "[3]下髪4"
		},
		{
			"Id": "Param_Angle_Rotation8",
			"GroupId": "ParamGroup15",
			"Name": "[0]下髪3"
		},
		{
			"Id": "Param_Angle_Rotation9",
			"GroupId": "ParamGroup15",
			"Name": "[1]下髪3"
		},
		{
			"Id": "Param_Angle_Rotation10",
			"GroupId": "ParamGroup15",
			"Name": "[2]下髪3"
		},
		{
			"Id": "Param_Angle_Rotation11",
			"GroupId": "ParamGroup15",
			"Name": "[3]下髪3"
		},
		{
			"Id": "Param_Angle_Rotation12",
			"GroupId": "ParamGroup16",
			"Name": "[0]下髪2"
		},
		{
			"Id": "Param_Angle_Rotation13",
			"GroupId": "ParamGroup16",
			"Name": "[1]下髪2"
		},
		{
			"Id": "Param_Angle_Rotation14",
			"GroupId": "ParamGroup16",
			"Name": "[2]下髪2"
		},
		{
			"Id": "Param_Angle_Rotation15",
			"GroupId": "ParamGroup16",
			"Name": "[3]下髪2"
		},
		{
			"Id": "Param_Angle_Rotation16",
			"GroupId": "ParamGroup17",
			"Name": "[0]下髪1"
		},
		{
			"Id": "Param_Angle_Rotation17",
			"GroupId": "ParamGroup17",
			"Name": "[1]下髪1"
		},
		{
			"Id": "Param_Angle_Rotation18",
			"GroupId": "ParamGroup17",
			"Name": "[2]下髪1"
		},
		{
			"Id": "Param_Angle_Rotation19",
			"GroupId": "ParamGroup17",
			"Name": "[3]下髪1"
		},
		{
			"Id": "Param25",
			"GroupId": "ParamGroup18",
			"Name": "右胸1X"
		},
		{
			"Id": "Param26",
			"GroupId": "ParamGroup18",
			"Name": "右胸1Y"
		},
		{
			"Id": "Param27",
			"GroupId": "ParamGroup18",
			"Name": "右胸2X"
		},
		{
			"Id": "Param28",
			"GroupId": "ParamGroup18",
			"Name": "右胸2Y"
		},
		{
			"Id": "Param29",
			"GroupId": "ParamGroup18",
			"Name": "左胸1X"
		},
		{
			"Id": "Param30",
			"GroupId": "ParamGroup18",
			"Name": "左胸1Y"
		},
		{
			"Id": "Param31",
			"GroupId": "ParamGroup18",
			"Name": "左胸2X"
		},
		{
			"Id": "Param32",
			"GroupId": "ParamGroup18",
			"Name": "左胸2Y"
		},
		{
			"Id": "Param33",
			"GroupId": "ParamGroup18",
			"Name": "リボン左X"
		},
		{
			"Id": "Param34",
			"GroupId": "ParamGroup18",
			"Name": "リボン左Y"
		},
		{
			"Id": "Param35",
			"GroupId": "ParamGroup18",
			"Name": "リボン右X"
		},
		{
			"Id": "Param36",
			"GroupId": "ParamGroup18",
			"Name": "リボン右Y"
		},
		{
			"Id": "Param43",
			"GroupId": "",
			"Name": "スカート"
		},
		{
			"Id": "Param37",
			"GroupId": "ParamGroup19",
			"Name": "コウモリ1"
		},
		{
			"Id": "Param38",
			"GroupId": "ParamGroup19",
			"Name": "コウモリ2"
		},
		{
			"Id": "Param39",
			"GroupId": "ParamGroup19",
			"Name": "コウモリ3"
		},
		{
			"Id": "Param40",
			"GroupId": "ParamGroup19",
			"Name": "コウモリエフェクト1"
		},
		{
			"Id": "Param41",
			"GroupId": "ParamGroup19",
			"Name": "コウモリエフェクト2"
		},
		{
			"Id": "Param42",
			"GroupId": "ParamGroup19",
			"Name": "コウモリエフェクト3"
		}
	],
	"ParameterGroups": [
		{
			"Id": "ParamGroup",
			"GroupId": "",
			"Name": "エフェクト"
		},
		{
			"Id": "ParamGroup2",
			"GroupId": "",
			"Name": "瞳孔"
		},
		{
			"Id": "ParamGroup11",
			"GroupId": "",
			"Name": "シャツ縛り2"
		},
		{
			"Id": "ParamGroup12",
			"GroupId": "",
			"Name": "シャツ縛り1"
		},
		{
			"Id": "ParamGroup4",
			"GroupId": "",
			"Name": "上髪8"
		},
		{
			"Id": "ParamGroup3",
			"GroupId": "",
			"Name": "上髪7"
		},
		{
			"Id": "ParamGroup5",
			"GroupId": "",
			"Name": "上髪6"
		},
		{
			"Id": "ParamGroup6",
			"GroupId": "",
			"Name": "上髪5"
		},
		{
			"Id": "ParamGroup7",
			"GroupId": "",
			"Name": "上髪4"
		},
		{
			"Id": "ParamGroup8",
			"GroupId": "",
			"Name": "上髪3"
		},
		{
			"Id": "ParamGroup9",
			"GroupId": "",
			"Name": "上髪2"
		},
		{
			"Id": "ParamGroup10",
			"GroupId": "",
			"Name": "上髪1"
		},
		{
			"Id": "ParamGroup13",
			"GroupId": "",
			"Name": "下髪5"
		},
		{
			"Id": "ParamGroup14",
			"GroupId": "",
			"Name": "下髪4"
		},
		{
			"Id": "ParamGroup15",
			"GroupId": "",
			"Name": "下髪3"
		},
		{
			"Id": "ParamGroup16",
			"GroupId": "",
			"Name": "下髪2"
		},
		{
			"Id": "ParamGroup17",
			"GroupId": "",
			"Name": "下髪1"
		},
		{
			"Id": "ParamGroup18",
			"GroupId": "",
			"Name": "胸"
		},
		{
			"Id": "ParamGroup19",
			"GroupId": "",
			"Name": "コウモリ"
		}
	],
	"Parts": [
		{
			"Id": "Part15",
			"Name": "1920x1440.psd"
		},
		{
			"Id": "Part2",
			"Name": "エフェクト"
		},
		{
			"Id": "Part",
			"Name": "紙吹雪"
		},
		{
			"Id": "Part7",
			"Name": "コウモリ"
		},
		{
			"Id": "Part9",
			"Name": "上髪"
		},
		{
			"Id": "Part10",
			"Name": "頭部"
		},
		{
			"Id": "Part11",
			"Name": "胸"
		},
		{
			"Id": "Part12",
			"Name": "胴"
		},
		{
			"Id": "Part13",
			"Name": "下髪"
		},
		{
			"Id": "Part14",
			"Name": "背景"
		},
		{
			"Id": "Part3",
			"Name": "丸キラキラ"
		},
		{
			"Id": "Part19",
			"Name": "キラキラ3"
		},
		{
			"Id": "Part20",
			"Name": "キラキラ2"
		},
		{
			"Id": "Part21",
			"Name": "キラキラ1"
		},
		{
			"Id": "Part4",
			"Name": "キラキラ3"
		},
		{
			"Id": "Part5",
			"Name": "キラキラ2"
		},
		{
			"Id": "Part6",
			"Name": "キラキラ1"
		},
		{
			"Id": "Part8",
			"Name": "コウモリエフェクト"
		},
		{
			"Id": "ArtMesh57_Skinning",
			"Name": "上髪8(スキニング)"
		},
		{
			"Id": "ArtMesh58_Skinning",
			"Name": "上髪7(スキニング)"
		},
		{
			"Id": "ArtMesh59_Skinning",
			"Name": "上髪6(スキニング)"
		},
		{
			"Id": "ArtMesh60_Skinning",
			"Name": "上髪5(スキニング)"
		},
		{
			"Id": "ArtMesh61_Skinning",
			"Name": "上髪4(スキニング)"
		},
		{
			"Id": "ArtMesh62_Skinning",
			"Name": "上髪3(スキニング)"
		},
		{
			"Id": "ArtMesh63_Skinning",
			"Name": "上髪2(スキニング)"
		},
		{
			"Id": "ArtMesh64_Skinning",
			"Name": "上髪1(スキニング)"
		},
		{
			"Id": "ArtMesh77_Skinning",
			"Name": "シャツ縛り2(スキニング)"
		},
		{
			"Id": "ArtMesh78_Skinning",
			"Name": "シャツ縛り1(スキニング)"
		},
		{
			"Id": "ArtMesh90_Skinning",
			"Name": "下髪5(スキニング)"
		},
		{
			"Id": "ArtMesh91_Skinning",
			"Name": "下髪4(スキニング)"
		},
		{
			"Id": "ArtMesh92_Skinning2",
			"Name": "下髪3(スキニング)"
		},
		{
			"Id": "ArtMesh92_Skinning",
			"Name": "下髪3(スキニング)"
		},
		{
			"Id": "ArtMesh93_Skinning",
			"Name": "下髪2(スキニング)"
		},
		{
			"Id": "ArtMesh94_Skinning",
			"Name": "下髪1(スキニング)"
		}
	],
	"CombinedParameters": [
		[
			"Param3",
			"Param4"
		],
		[
			"Param12",
			"Param13"
		],
		[
			"Param25",
			"Param26"
		],
		[
			"Param27",
			"Param28"
		],
		[
			"Param29",
			"Param30"
		],
		[
			"Param31",
			"Param32"
		],
		[
			"Param33",
			"Param34"
		],
		[
			"Param35",
			"Param36"
		]
	]
}