{
	"Version": 3,
	"Meta": {
		"Duration": 4.5,
		"Fps": 30.0,
		"Loop": true,
		"AreBeziersRestricted": false,
		"CurveCount": 62,
		"TotalSegmentCount": 285,
		"TotalPointCount": 913,
		"UserDataCount": 0,
		"TotalUserDataSize": 0
	},
	"Curves": [
		{
			"Target": "Parameter",
			"Id": "ParamLArm2",
			"Segments": [
				0,
				0,
				1,
				0.222,
				0,
				0.444,
				22,
				0.667,
				22,
				1,
				0.933,
				22,
				1.2,
				21.926,
				1.467,
				19,
				1,
				2.478,
				7.907,
				3.489,
				0,
				4.5,
				0
			]
		},
		{
			"Target": "Parameter",
			"Id": "ParamLArm",
			"Segments": [
				0,
				0,
				1,
				0.222,
				0,
				0.444,
				19,
				0.667,
				19,
				1,
				0.933,
				19,
				1.2,
				9,
				1.467,
				9,
				1,
				1.633,
				9,
				1.8,
				9,
				1.967,
				9,
				1,
				2.811,
				9,
				3.656,
				0,
				4.5,
				0
			]
		},
		{
			"Target": "Parameter",
			"Id": "ParamLHand",
			"Segments": [
				0,
				0,
				1,
				0.222,
				0,
				0.444,
				30,
				0.667,
				30,
				1,
				0.933,
				30,
				1.2,
				23.22,
				1.467,
				0,
				1,
				1.633,
				-14.513,
				1.8,
				-30,
				1.967,
				-30,
				1,
				2.811,
				-30,
				3.656,
				0,
				4.5,
				0
			]
		},
		{
			"Target": "Parameter",
			"Id": "ParamLUbi1",
			"Segments": [
				0,
				0,
				1,
				0.189,
				0,
				0.378,
				0,
				0.567,
				0,
				1,
				0.644,
				0,
				0.722,
				9,
				0.8,
				9,
				1,
				1.078,
				9,
				1.356,
				7.577,
				1.633,
				4,
				1,
				2.233,
				-3.727,
				2.833,
				-8,
				3.433,
				-8,
				1,
				3.722,
				-8,
				4.011,
				0,
				4.3,
				0,
				1,
				4.367,
				0,
				4.433,
				0,
				4.5,
				0
			]
		},
		{
			"Target": "Parameter",
			"Id": "ParamLUbi2",
			"Segments": [
				0,
				0,
				1,
				0.189,
				0,
				0.378,
				0,
				0.567,
				0,
				1,
				0.644,
				0,
				0.722,
				-22,
				0.8,
				-22,
				1,
				1.078,
				-22,
				1.356,
				-21.069,
				1.633,
				-15,
				1,
				2.233,
				-1.891,
				2.833,
				8,
				3.433,
				8,
				1,
				3.722,
				8,
				4.011,
				0,
				4.3,
				0,
				1,
				4.367,
				0,
				4.433,
				0,
				4.5,
				0
			]
		},
		{
			"Target": "Parameter",
			"Id": "ParamLUbi3",
			"Segments": [
				0,
				0,
				1,
				0.189,
				0,
				0.378,
				0,
				0.567,
				0,
				1,
				0.644,
				0,
				0.722,
				-25,
				0.8,
				-25,
				1,
				1.078,
				-25,
				1.356,
				-22.357,
				1.633,
				-14,
				1,
				2.233,
				4.05,
				2.833,
				15,
				3.433,
				15,
				1,
				3.722,
				15,
				4.011,
				0,
				4.3,
				0,
				1,
				4.367,
				0,
				4.433,
				0,
				4.5,
				0
			]
		},
		{
			"Target": "Parameter",
			"Id": "ParamLUbi4",
			"Segments": [
				0,
				0,
				1,
				0.189,
				0,
				0.378,
				0,
				0.567,
				0,
				1,
				0.644,
				0,
				0.722,
				11,
				0.8,
				11,
				1,
				1.078,
				11,
				1.356,
				10.116,
				1.633,
				6,
				1,
				2.233,
				-2.891,
				2.833,
				-9,
				3.433,
				-9,
				1,
				3.722,
				-9,
				4.011,
				0,
				4.3,
				0,
				1,
				4.367,
				0,
				4.433,
				0,
				4.5,
				0
			]
		},
		{
			"Target": "Parameter",
			"Id": "ParamLUbi5",
			"Segments": [
				0,
				0,
				1,
				0.189,
				0,
				0.378,
				0,
				0.567,
				0,
				1,
				0.644,
				0,
				0.722,
				-29,
				0.8,
				-29,
				1,
				1.078,
				-29,
				1.356,
				-29.742,
				1.633,
				-20,
				1,
				2.233,
				1.043,
				2.833,
				27,
				3.433,
				27,
				1,
				3.722,
				27,
				4.011,
				0,
				4.3,
				0,
				1,
				4.367,
				0,
				4.433,
				0,
				4.5,
				0
			]
		},
		{
			"Target": "Parameter",
			"Id": "ParamLUbi6",
			"Segments": [
				0,
				0,
				1,
				0.189,
				0,
				0.378,
				0,
				0.567,
				0,
				1,
				0.644,
				0,
				0.722,
				-16,
				0.8,
				-16,
				1,
				1.078,
				-16,
				1.356,
				-16.371,
				1.633,
				-11,
				1,
				2.233,
				0.601,
				2.833,
				14,
				3.433,
				14,
				1,
				3.722,
				14,
				4.011,
				0,
				4.3,
				0,
				1,
				4.367,
				0,
				4.433,
				0,
				4.5,
				0
			]
		},
		{
			"Target": "Parameter",
			"Id": "ParamLUbi7",
			"Segments": [
				0,
				0,
				1,
				0.189,
				0,
				0.378,
				0,
				0.567,
				0,
				1,
				0.644,
				0,
				0.722,
				19,
				0.8,
				19,
				1,
				1.078,
				19,
				1.356,
				18.739,
				1.633,
				12,
				1,
				2.233,
				-2.557,
				2.833,
				-16,
				3.433,
				-16,
				1,
				3.722,
				-16,
				4.011,
				0,
				4.3,
				0,
				1,
				4.367,
				0,
				4.433,
				0,
				4.5,
				0
			]
		},
		{
			"Target": "Parameter",
			"Id": "ParamLUbi8",
			"Segments": [
				0,
				0,
				1,
				0.189,
				0,
				0.378,
				0,
				0.567,
				0,
				1,
				0.644,
				0,
				0.722,
				-19,
				0.8,
				-19,
				1,
				1.078,
				-19,
				1.356,
				-19.079,
				1.633,
				-12,
				1,
				2.233,
				3.291,
				2.833,
				19,
				3.433,
				19,
				1,
				3.722,
				19,
				4.011,
				0,
				4.3,
				0,
				1,
				4.367,
				0,
				4.433,
				0,
				4.5,
				0
			]
		},
		{
			"Target": "Parameter",
			"Id": "ParamLUbi9",
			"Segments": [
				0,
				0,
				1,
				0.189,
				0,
				0.378,
				0,
				0.567,
				0,
				1,
				0.644,
				0,
				0.722,
				-22,
				0.8,
				-22,
				1,
				1.078,
				-22,
				1.356,
				-21.095,
				1.633,
				-12,
				1,
				2.233,
				7.646,
				2.833,
				24,
				3.433,
				24,
				1,
				3.722,
				24,
				4.011,
				0,
				4.3,
				0,
				1,
				4.367,
				0,
				4.433,
				0,
				4.5,
				0
			]
		},
		{
			"Target": "Parameter",
			"Id": "ParamLUbi10",
			"Segments": [
				0,
				0,
				1,
				0.189,
				0,
				0.378,
				0,
				0.567,
				0,
				1,
				0.644,
				0,
				0.722,
				10,
				0.8,
				10,
				1,
				1.078,
				10,
				1.356,
				10.031,
				1.633,
				7,
				1,
				2.233,
				0.454,
				2.833,
				-6,
				3.433,
				-6,
				1,
				3.722,
				-6,
				4.011,
				0,
				4.3,
				0,
				1,
				4.367,
				0,
				4.433,
				0,
				4.5,
				0
			]
		},
		{
			"Target": "Parameter",
			"Id": "ParamLUbi11",
			"Segments": [
				0,
				0,
				1,
				0.189,
				0,
				0.378,
				0,
				0.567,
				0,
				1,
				0.644,
				0,
				0.722,
				-5,
				0.8,
				-5,
				1,
				1.078,
				-5,
				1.356,
				-4.298,
				1.633,
				-2,
				1,
				2.233,
				2.964,
				2.833,
				6,
				3.433,
				6,
				1,
				3.722,
				6,
				4.011,
				0,
				4.3,
				0,
				1,
				4.367,
				0,
				4.433,
				0,
				4.5,
				0
			]
		},
		{
			"Target": "Parameter",
			"Id": "ParamLUbi12",
			"Segments": [
				0,
				0,
				1,
				0.189,
				0,
				0.378,
				0,
				0.567,
				0,
				1,
				0.644,
				0,
				0.722,
				-12,
				0.8,
				-12,
				1,
				1.078,
				-12,
				1.356,
				-11.53,
				1.633,
				-6,
				1,
				2.233,
				5.944,
				2.833,
				16,
				3.433,
				16,
				1,
				3.722,
				16,
				4.011,
				0,
				4.3,
				0,
				1,
				4.367,
				0,
				4.433,
				0,
				4.5,
				0
			]
		},
		{
			"Target": "Parameter",
			"Id": "ParamLUbi13",
			"Segments": [
				0,
				0,
				1,
				0.189,
				0,
				0.378,
				0,
				0.567,
				0,
				1,
				0.644,
				0,
				0.722,
				-19,
				0.8,
				-19,
				1,
				1.078,
				-19,
				1.356,
				-15.171,
				1.633,
				-8,
				1,
				2.233,
				7.49,
				2.833,
				15,
				3.433,
				15,
				1,
				3.722,
				15,
				4.011,
				0,
				4.3,
				0,
				1,
				4.367,
				0,
				4.433,
				0,
				4.5,
				0
			]
		},
		{
			"Target": "Parameter",
			"Id": "ParamLUbi14",
			"Segments": [
				0,
				0,
				1,
				0.189,
				0,
				0.378,
				0,
				0.567,
				0,
				1,
				0.644,
				0,
				0.722,
				-18,
				0.8,
				-18,
				1,
				1.078,
				-18,
				1.356,
				-9.759,
				1.633,
				-4,
				1,
				2.233,
				8.44,
				2.833,
				12,
				3.433,
				12,
				1,
				3.722,
				12,
				4.011,
				0,
				4.3,
				0,
				1,
				4.367,
				0,
				4.433,
				0,
				4.5,
				0
			]
		},
		{
			"Target": "Parameter",
			"Id": "ParamUde",
			"Segments": [
				0,
				0,
				1,
				1.5,
				0,
				3,
				0,
				4.5,
				0
			]
		},
		{
			"Target": "Parameter",
			"Id": "ParamLR",
			"Segments": [
				0,
				0,
				1,
				0.244,
				0,
				0.489,
				1.716,
				0.733,
				4,
				1,
				0.978,
				6.284,
				1.222,
				7,
				1.467,
				7,
				1,
				2.244,
				7,
				3.022,
				6.432,
				3.8,
				4,
				1,
				4.033,
				3.271,
				4.267,
				0,
				4.5,
				0
			]
		},
		{
			"Target": "Parameter",
			"Id": "ParamLR2",
			"Segments": [
				0,
				0,
				1,
				0.244,
				0,
				0.489,
				0,
				0.733,
				0,
				1,
				1.756,
				0,
				2.778,
				0,
				3.8,
				0,
				1,
				4.033,
				0,
				4.267,
				0,
				4.5,
				0
			]
		},
		{
			"Target": "Parameter",
			"Id": "ParamRR",
			"Segments": [
				0,
				0,
				1,
				0.233,
				0,
				0.467,
				0.698,
				0.7,
				2,
				1,
				0.944,
				3.364,
				1.189,
				4,
				1.433,
				4,
				1,
				2.211,
				4,
				2.989,
				3.594,
				3.767,
				2,
				1,
				4.011,
				1.499,
				4.256,
				0,
				4.5,
				0
			]
		},
		{
			"Target": "Parameter",
			"Id": "ParamRR2",
			"Segments": [
				0,
				0,
				1,
				0.233,
				0,
				0.467,
				0,
				0.7,
				0,
				1,
				1.722,
				0,
				2.744,
				0,
				3.767,
				0,
				1,
				4.011,
				0,
				4.256,
				0,
				4.5,
				0
			]
		},
		{
			"Target": "Parameter",
			"Id": "ParamAngleX",
			"Segments": [
				0,
				0,
				1,
				0.211,
				0,
				0.422,
				9,
				0.633,
				9,
				1,
				0.778,
				9,
				0.922,
				5.72,
				1.067,
				4,
				1,
				1.8,
				-4.733,
				2.533,
				-8,
				3.267,
				-8,
				1,
				3.456,
				-8,
				3.644,
				-6.434,
				3.833,
				-4,
				1,
				4.056,
				-1.137,
				4.278,
				0,
				4.5,
				0
			]
		},
		{
			"Target": "Parameter",
			"Id": "ParamAngleY",
			"Segments": [
				0,
				0,
				1,
				0.211,
				0,
				0.422,
				-3.588,
				0.633,
				-15,
				1,
				0.778,
				-22.808,
				0.922,
				-30,
				1.067,
				-30,
				1,
				1.8,
				-30,
				2.533,
				-28.876,
				3.267,
				-24,
				1,
				3.456,
				-22.744,
				3.644,
				2,
				3.833,
				2,
				1,
				4.056,
				2,
				4.278,
				0,
				4.5,
				0
			]
		},
		{
			"Target": "Parameter",
			"Id": "ParamAngleZ",
			"Segments": [
				0,
				0,
				1,
				0.211,
				0,
				0.422,
				27,
				0.633,
				27,
				1,
				1.511,
				27,
				2.389,
				-4,
				3.267,
				-4,
				1,
				3.467,
				-4,
				3.667,
				2,
				3.867,
				2,
				1,
				4.078,
				2,
				4.289,
				0,
				4.5,
				0
			]
		},
		{
			"Target": "Parameter",
			"Id": "ParamEyeLOpen",
			"Segments": [
				0,
				1,
				1,
				0.211,
				1,
				0.422,
				0.919,
				0.633,
				0.9,
				1,
				1.511,
				0.822,
				2.389,
				0.768,
				3.267,
				0.7,
				1,
				3.289,
				0.698,
				3.311,
				0,
				3.333,
				0,
				1,
				3.356,
				0,
				3.378,
				0,
				3.4,
				0,
				1,
				3.422,
				0,
				3.444,
				0.686,
				3.467,
				0.7,
				1,
				3.811,
				0.912,
				4.156,
				1,
				4.5,
				1
			]
		},
		{
			"Target": "Parameter",
			"Id": "ParamEyeLSmile",
			"Segments": [
				0,
				0,
				1,
				1.5,
				0,
				3,
				0,
				4.5,
				0
			]
		},
		{
			"Target": "Parameter",
			"Id": "ParamEyeROpen",
			"Segments": [
				0,
				1,
				1,
				0.211,
				1,
				0.422,
				0.919,
				0.633,
				0.9,
				1,
				1.511,
				0.822,
				2.389,
				0.768,
				3.267,
				0.7,
				1,
				3.289,
				0.698,
				3.311,
				0,
				3.333,
				0,
				1,
				3.356,
				0,
				3.378,
				0,
				3.4,
				0,
				1,
				3.422,
				0,
				3.444,
				0.686,
				3.467,
				0.7,
				1,
				3.811,
				0.912,
				4.156,
				1,
				4.5,
				1
			]
		},
		{
			"Target": "Parameter",
			"Id": "ParamEyeRSmile",
			"Segments": [
				0,
				0,
				1,
				1.5,
				0,
				3,
				0,
				4.5,
				0
			]
		},
		{
			"Target": "Parameter",
			"Id": "ParamEyeBallX",
			"Segments": [
				0,
				0,
				1,
				0.211,
				0,
				0.422,
				0.8,
				0.633,
				0.8,
				1,
				0.856,
				0.8,
				1.078,
				0,
				1.3,
				0,
				1,
				1.956,
				0,
				2.611,
				0,
				3.267,
				0,
				1,
				3.678,
				0,
				4.089,
				0,
				4.5,
				0
			]
		},
		{
			"Target": "Parameter",
			"Id": "ParamEyeBallY",
			"Segments": [
				0,
				0,
				1,
				0.211,
				0,
				0.422,
				0.5,
				0.633,
				0.5,
				1,
				0.856,
				0.5,
				1.078,
				0.256,
				1.3,
				0.2,
				1,
				1.956,
				0.034,
				2.611,
				0,
				3.267,
				0,
				1,
				3.678,
				0,
				4.089,
				0,
				4.5,
				0
			]
		},
		{
			"Target": "Parameter",
			"Id": "ParamBrowRX",
			"Segments": [
				0,
				0,
				1,
				1.5,
				0,
				3,
				0,
				4.5,
				0
			]
		},
		{
			"Target": "Parameter",
			"Id": "ParamBrowRY",
			"Segments": [
				0,
				0,
				1,
				1.5,
				0,
				3,
				0,
				4.5,
				0
			]
		},
		{
			"Target": "Parameter",
			"Id": "ParamBrowLX",
			"Segments": [
				0,
				0,
				1,
				1.5,
				0,
				3,
				0,
				4.5,
				0
			]
		},
		{
			"Target": "Parameter",
			"Id": "ParamBrowLY",
			"Segments": [
				0,
				0,
				1,
				1.5,
				0,
				3,
				0,
				4.5,
				0
			]
		},
		{
			"Target": "Parameter",
			"Id": "ParamBrowRAngle",
			"Segments": [
				0,
				0,
				1,
				0.211,
				0,
				0.422,
				-0.5,
				0.633,
				-0.5,
				1,
				1.578,
				-0.5,
				2.522,
				-0.5,
				3.467,
				-0.5,
				1,
				3.744,
				-0.5,
				4.022,
				0,
				4.3,
				0,
				1,
				4.367,
				0,
				4.433,
				0,
				4.5,
				0
			]
		},
		{
			"Target": "Parameter",
			"Id": "ParamBrowLAngle",
			"Segments": [
				0,
				0,
				1,
				0.211,
				0,
				0.422,
				1,
				0.633,
				1,
				1,
				1.578,
				1,
				2.522,
				1,
				3.467,
				1,
				1,
				3.744,
				1,
				4.022,
				0,
				4.3,
				0,
				1,
				4.367,
				0,
				4.433,
				0,
				4.5,
				0
			]
		},
		{
			"Target": "Parameter",
			"Id": "ParamBrowRForm",
			"Segments": [
				0,
				0,
				1,
				0.211,
				0,
				0.422,
				-0.6,
				0.633,
				-0.6,
				1,
				1.578,
				-0.6,
				2.522,
				-0.6,
				3.467,
				-0.6,
				1,
				3.744,
				-0.6,
				4.022,
				0,
				4.3,
				0,
				1,
				4.367,
				0,
				4.433,
				0,
				4.5,
				0
			]
		},
		{
			"Target": "Parameter",
			"Id": "ParamBrowLForm",
			"Segments": [
				0,
				0,
				1,
				0.211,
				0,
				0.422,
				-0.7,
				0.633,
				-0.7,
				1,
				1.578,
				-0.7,
				2.522,
				-0.7,
				3.467,
				-0.7,
				1,
				3.744,
				-0.7,
				4.022,
				0,
				4.3,
				0,
				1,
				4.367,
				0,
				4.433,
				0,
				4.5,
				0
			]
		},
		{
			"Target": "Parameter",
			"Id": "ParamMouthForm",
			"Segments": [
				0,
				0,
				1,
				0.211,
				0,
				0.422,
				0,
				0.633,
				0,
				1,
				1.922,
				0,
				3.211,
				0,
				4.5,
				0
			]
		},
		{
			"Target": "Parameter",
			"Id": "ParamMouthOpenY",
			"Segments": [
				0,
				0,
				1,
				0.222,
				0,
				0.444,
				0.8,
				0.667,
				0.8,
				1,
				1.544,
				0.8,
				2.422,
				0.8,
				3.3,
				0.8,
				1,
				3.656,
				0.8,
				4.011,
				0,
				4.367,
				0,
				1,
				4.411,
				0,
				4.456,
				0,
				4.5,
				0
			]
		},
		{
			"Target": "Parameter",
			"Id": "ParamCheek",
			"Segments": [
				0,
				0,
				1,
				0.267,
				0,
				0.533,
				1,
				0.8,
				1,
				1,
				1.656,
				1,
				2.511,
				1,
				3.367,
				1,
				1,
				3.7,
				1,
				4.033,
				0,
				4.367,
				0,
				0,
				4.5,
				0
			]
		},
		{
			"Target": "Parameter",
			"Id": "ParamBodyAngleX",
			"Segments": [
				0,
				0,
				1,
				0.133,
				0,
				0.267,
				4,
				0.4,
				4,
				1,
				0.533,
				4,
				0.667,
				-3.093,
				0.8,
				-4,
				1,
				1.278,
				-7.249,
				1.756,
				-8,
				2.233,
				-8,
				1,
				2.944,
				-8,
				3.656,
				0,
				4.367,
				0,
				1,
				4.411,
				0,
				4.456,
				0,
				4.5,
				0
			]
		},
		{
			"Target": "Parameter",
			"Id": "ParamBodyAngleY",
			"Segments": [
				0,
				0,
				1,
				0.267,
				0,
				0.533,
				0,
				0.8,
				0,
				1,
				1.278,
				0,
				1.756,
				0,
				2.233,
				0,
				1,
				2.989,
				0,
				3.744,
				0,
				4.5,
				0
			]
		},
		{
			"Target": "Parameter",
			"Id": "ParamBodyAngleZ",
			"Segments": [
				0,
				0,
				1,
				0.267,
				0,
				0.533,
				-4.088,
				0.8,
				-6,
				1,
				1.278,
				-9.426,
				1.756,
				-10,
				2.233,
				-10,
				1,
				2.944,
				-10,
				3.656,
				0,
				4.367,
				0,
				0,
				4.5,
				0
			]
		},
		{
			"Target": "Parameter",
			"Id": "ParamBreath",
			"Segments": [
				0,
				0.5,
				1,
				0.211,
				0.5,
				0.422,
				1,
				0.633,
				1,
				1,
				1.167,
				1,
				1.7,
				0,
				2.233,
				0,
				1,
				2.944,
				0,
				3.656,
				0.5,
				4.367,
				0.5,
				1,
				4.411,
				0.5,
				4.456,
				0.5,
				4.5,
				0.5
			]
		},
		{
			"Target": "Parameter",
			"Id": "ParamHairFront",
			"Segments": [
				0,
				0,
				1,
				0.1,
				0,
				0.2,
				-0.3,
				0.3,
				-0.3,
				1,
				0.489,
				-0.3,
				0.678,
				0.5,
				0.867,
				0.5,
				1,
				1.056,
				0.5,
				1.244,
				-0.2,
				1.433,
				-0.2,
				1,
				1.611,
				-0.2,
				1.789,
				0.1,
				1.967,
				0.1,
				1,
				2.289,
				0.1,
				2.611,
				-0.4,
				2.933,
				-0.4,
				1,
				3.389,
				-0.4,
				3.844,
				0.1,
				4.3,
				0.1,
				1,
				4.367,
				0.1,
				4.433,
				0,
				4.5,
				0
			]
		},
		{
			"Target": "Parameter",
			"Id": "ParamHairSideL",
			"Segments": [
				0,
				0,
				1,
				0.089,
				0,
				0.178,
				-0.3,
				0.267,
				-0.3,
				1,
				0.456,
				-0.3,
				0.644,
				0.4,
				0.833,
				0.4,
				1,
				1.022,
				0.4,
				1.211,
				-0.3,
				1.4,
				-0.3,
				1,
				1.578,
				-0.3,
				1.756,
				0.1,
				1.933,
				0.1,
				1,
				2.256,
				0.1,
				2.578,
				-0.5,
				2.9,
				-0.5,
				1,
				3.356,
				-0.5,
				3.811,
				0.1,
				4.267,
				0.1,
				1,
				4.333,
				0.1,
				4.4,
				0,
				4.467,
				0,
				1,
				4.478,
				0,
				4.489,
				0,
				4.5,
				0
			]
		},
		{
			"Target": "Parameter",
			"Id": "ParamHairSideR",
			"Segments": [
				0,
				0,
				1,
				0.089,
				0,
				0.178,
				-0.3,
				0.267,
				-0.3,
				1,
				0.456,
				-0.3,
				0.644,
				0.4,
				0.833,
				0.4,
				1,
				1.022,
				0.4,
				1.211,
				-0.3,
				1.4,
				-0.3,
				1,
				1.578,
				-0.3,
				1.756,
				0.1,
				1.933,
				0.1,
				1,
				2.256,
				0.1,
				2.578,
				-0.5,
				2.9,
				-0.5,
				1,
				3.356,
				-0.5,
				3.811,
				0.1,
				4.267,
				0.1,
				1,
				4.333,
				0.1,
				4.4,
				0,
				4.467,
				0,
				1,
				4.478,
				0,
				4.489,
				0,
				4.5,
				0
			]
		},
		{
			"Target": "Parameter",
			"Id": "ParamHairBack",
			"Segments": [
				0,
				0,
				1,
				0.078,
				0,
				0.156,
				-0.3,
				0.233,
				-0.3,
				1,
				0.422,
				-0.3,
				0.611,
				0.4,
				0.8,
				0.4,
				1,
				0.989,
				0.4,
				1.178,
				-0.2,
				1.367,
				-0.2,
				1,
				1.544,
				-0.2,
				1.722,
				0.1,
				1.9,
				0.1,
				1,
				2.222,
				0.1,
				2.544,
				-0.6,
				2.867,
				-0.6,
				1,
				3.322,
				-0.6,
				3.778,
				0.1,
				4.233,
				0.1,
				1,
				4.3,
				0.1,
				4.367,
				0,
				4.433,
				0,
				1,
				4.456,
				0,
				4.478,
				0,
				4.5,
				0
			]
		},
		{
			"Target": "Parameter",
			"Id": "ParamHiarKaze",
			"Segments": [
				0,
				0,
				1,
				0.478,
				0,
				0.956,
				0,
				1.433,
				0,
				1,
				2.456,
				0,
				3.478,
				0,
				4.5,
				0
			]
		},
		{
			"Target": "Parameter",
			"Id": "ParamRibonX",
			"Segments": [
				0,
				0,
				1,
				0.256,
				0,
				0.511,
				14,
				0.767,
				14,
				1,
				0.956,
				14,
				1.144,
				-4,
				1.333,
				-4,
				1,
				1.556,
				-4,
				1.778,
				0,
				2,
				0,
				1,
				2.511,
				0,
				3.022,
				0,
				3.533,
				0,
				1,
				3.644,
				0,
				3.756,
				-1,
				3.867,
				-1,
				1,
				4.078,
				-1,
				4.289,
				0,
				4.5,
				0
			]
		},
		{
			"Target": "Parameter",
			"Id": "ParamRibonY",
			"Segments": [
				0,
				0,
				1,
				0.256,
				0,
				0.511,
				2,
				0.767,
				2,
				1,
				0.956,
				2,
				1.144,
				-6,
				1.333,
				-6,
				1,
				1.556,
				-6,
				1.778,
				0,
				2,
				0,
				1,
				2.511,
				0,
				3.022,
				0,
				3.533,
				0,
				1,
				3.644,
				0,
				3.756,
				2,
				3.867,
				2,
				1,
				4.078,
				2,
				4.289,
				0,
				4.5,
				0
			]
		},
		{
			"Target": "Parameter",
			"Id": "ParamPaiRX",
			"Segments": [
				0,
				0,
				1,
				0.211,
				0,
				0.422,
				0,
				0.633,
				0,
				1,
				0.689,
				0,
				0.744,
				-1.411,
				0.8,
				-4,
				1,
				0.844,
				-6.072,
				0.889,
				-7,
				0.933,
				-7,
				1,
				0.967,
				-7,
				1,
				-3.47,
				1.033,
				-2,
				1,
				1.067,
				-0.53,
				1.1,
				-0.642,
				1.133,
				1,
				1,
				1.178,
				3.19,
				1.222,
				9,
				1.267,
				9,
				1,
				1.322,
				9,
				1.378,
				8.938,
				1.433,
				8,
				1,
				1.489,
				7.062,
				1.544,
				3.204,
				1.6,
				3,
				1,
				2.189,
				0.839,
				2.778,
				0,
				3.367,
				0,
				1,
				3.744,
				0,
				4.122,
				0,
				4.5,
				0
			]
		},
		{
			"Target": "Parameter",
			"Id": "ParamPaiRY",
			"Segments": [
				0,
				0,
				1,
				0.211,
				0,
				0.422,
				0,
				0.633,
				0,
				1,
				0.689,
				0,
				0.744,
				4,
				0.8,
				4,
				1,
				0.844,
				4,
				0.889,
				3.359,
				0.933,
				-1,
				1,
				0.967,
				-4.269,
				1,
				-10,
				1.033,
				-10,
				1,
				1.067,
				-10,
				1.1,
				-9.339,
				1.133,
				-9,
				1,
				1.178,
				-8.548,
				1.222,
				-8.614,
				1.267,
				-8,
				1,
				1.322,
				-7.232,
				1.378,
				0.146,
				1.433,
				2,
				1,
				1.489,
				3.854,
				1.544,
				4,
				1.6,
				4,
				1,
				2.189,
				4,
				2.778,
				0,
				3.367,
				0,
				1,
				3.744,
				0,
				4.122,
				0,
				4.5,
				0
			]
		},
		{
			"Target": "Parameter",
			"Id": "ParamPaiRX2",
			"Segments": [
				0,
				0,
				1,
				1.5,
				0,
				3,
				0,
				4.5,
				0
			]
		},
		{
			"Target": "Parameter",
			"Id": "ParamPaiRY3",
			"Segments": [
				0,
				0,
				1,
				1.5,
				0,
				3,
				0,
				4.5,
				0
			]
		},
		{
			"Target": "Parameter",
			"Id": "ParamPaiLX",
			"Segments": [
				0,
				0,
				1,
				0.211,
				0,
				0.422,
				0,
				0.633,
				0,
				1,
				0.689,
				0,
				0.744,
				0.346,
				0.8,
				3,
				1,
				0.844,
				5.124,
				0.889,
				9,
				0.933,
				9,
				1,
				0.967,
				9,
				1,
				7.034,
				1.033,
				5,
				1,
				1.067,
				2.966,
				1.1,
				2.432,
				1.133,
				0,
				1,
				1.178,
				-3.243,
				1.222,
				-8,
				1.267,
				-8,
				1,
				1.322,
				-8,
				1.378,
				-6.882,
				1.433,
				-6,
				1,
				1.489,
				-5.118,
				1.544,
				-4.266,
				1.6,
				-4,
				1,
				2.189,
				-1.184,
				2.778,
				0,
				3.367,
				0,
				1,
				3.744,
				0,
				4.122,
				0,
				4.5,
				0
			]
		},
		{
			"Target": "Parameter",
			"Id": "ParamPaiLY",
			"Segments": [
				0,
				0,
				1,
				0.211,
				0,
				0.422,
				0,
				0.633,
				0,
				1,
				0.689,
				0,
				0.744,
				9,
				0.8,
				9,
				1,
				0.844,
				9,
				0.889,
				4.67,
				0.933,
				1,
				1,
				0.967,
				-1.753,
				1,
				-2.101,
				1.033,
				-5,
				1,
				1.067,
				-7.899,
				1.1,
				-14,
				1.133,
				-14,
				1,
				1.178,
				-14,
				1.222,
				-9.377,
				1.267,
				-6,
				1,
				1.322,
				-1.779,
				1.378,
				2.146,
				1.433,
				4,
				1,
				1.489,
				5.854,
				1.544,
				6,
				1.6,
				6,
				1,
				2.189,
				6,
				2.778,
				0,
				3.367,
				0,
				1,
				3.744,
				0,
				4.122,
				0,
				4.5,
				0
			]
		},
		{
			"Target": "Parameter",
			"Id": "ParamPaiLX2",
			"Segments": [
				0,
				0,
				1,
				1.5,
				0,
				3,
				0,
				4.5,
				0
			]
		},
		{
			"Target": "Parameter",
			"Id": "ParamPaiLY2",
			"Segments": [
				0,
				0,
				1,
				1.5,
				0,
				3,
				0,
				4.5,
				0
			]
		},
		{
			"Target": "Parameter",
			"Id": "ParamPaiAni",
			"Segments": [
				0,
				0,
				1,
				0.2,
				0,
				0.4,
				0,
				0.6,
				0,
				1,
				0.8,
				0,
				1,
				6.203,
				1.2,
				6.9,
				1,
				1.889,
				9.299,
				2.578,
				9.8,
				3.267,
				9.8,
				1,
				3.678,
				9.8,
				4.089,
				0,
				4.5,
				0
			]
		}
	]
}