{
	"Version": 3,
	"Meta": {
		"Duration": 5.967,
		"Fps": 30.0,
		"Loop": true,
		"AreBeziersRestricted": false,
		"CurveCount": 59,
		"TotalSegmentCount": 244,
		"TotalPointCount": 789,
		"UserDataCount": 0,
		"TotalUserDataSize": 0
	},
	"Curves": [
		{
			"Target": "Parameter",
			"Id": "ParamLArm2",
			"Segments": [
				0,
				0,
				1,
				0.011,
				0,
				0.022,
				-0.094,
				0.033,
				-0.132,
				1,
				0.4,
				-1.398,
				0.767,
				-2,
				1.133,
				-2,
				1,
				1.633,
				-2,
				2.133,
				-1.333,
				2.633,
				0,
				1,
				3.133,
				1.333,
				3.633,
				2,
				4.133,
				2,
				1,
				4.744,
				2,
				5.356,
				1.368,
				5.967,
				0.07
			]
		},
		{
			"Target": "Parameter",
			"Id": "ParamLArm",
			"Segments": [
				0,
				0,
				1,
				0.011,
				0,
				0.022,
				0.112,
				0.033,
				0.18,
				1,
				0.456,
				2.756,
				0.878,
				4,
				1.3,
				4,
				1,
				1.8,
				4,
				2.3,
				3.198,
				2.8,
				0,
				1,
				3.3,
				-3.198,
				3.8,
				-6,
				4.3,
				-6,
				1,
				4.856,
				-6,
				5.411,
				-4.122,
				5.967,
				-0.246
			]
		},
		{
			"Target": "Parameter",
			"Id": "ParamLHand",
			"Segments": [
				0,
				0,
				1,
				0.011,
				0,
				0.022,
				0.846,
				0.033,
				0.973,
				1,
				0.511,
				6.415,
				0.989,
				9,
				1.467,
				9,
				1,
				1.967,
				9,
				2.467,
				6.849,
				2.967,
				0,
				1,
				3.467,
				-6.849,
				3.967,
				-12,
				4.467,
				-12,
				1,
				4.967,
				-12,
				5.467,
				-8.321,
				5.967,
				-0.673
			]
		},
		{
			"Target": "Parameter",
			"Id": "ParamLUbi1",
			"Segments": [
				0,
				0,
				1,
				0.011,
				0,
				0.022,
				-0.371,
				0.033,
				-0.489,
				1,
				0.511,
				-5.567,
				0.989,
				-8,
				1.467,
				-8,
				1,
				1.967,
				-8,
				2.467,
				-3.548,
				2.967,
				0,
				1,
				3.467,
				3.548,
				3.967,
				4,
				4.467,
				4,
				1,
				4.967,
				4,
				5.467,
				2.786,
				5.967,
				0.249
			]
		},
		{
			"Target": "Parameter",
			"Id": "ParamLUbi2",
			"Segments": [
				0,
				0,
				1,
				0.011,
				0,
				0.022,
				0.009,
				0.033,
				-0.072,
				1,
				0.567,
				-3.967,
				1.1,
				-6,
				1.633,
				-6,
				1,
				2.133,
				-6,
				2.633,
				-4,
				3.133,
				0,
				1,
				3.633,
				4,
				4.133,
				6,
				4.633,
				6,
				1,
				5.078,
				6,
				5.522,
				4.179,
				5.967,
				0.369
			]
		},
		{
			"Target": "Parameter",
			"Id": "ParamLUbi3",
			"Segments": [
				0,
				0,
				1,
				0.011,
				0,
				0.022,
				-0.275,
				0.033,
				-0.372,
				1,
				0.622,
				-5.514,
				1.211,
				-8,
				1.8,
				-8,
				1,
				2.3,
				-8,
				2.8,
				-3.548,
				3.3,
				0,
				1,
				3.8,
				3.548,
				4.3,
				4,
				4.8,
				4,
				1,
				5.189,
				4,
				5.578,
				2.839,
				5.967,
				0.372
			]
		},
		{
			"Target": "Parameter",
			"Id": "ParamLUbi4",
			"Segments": [
				0,
				0,
				1,
				0.011,
				0,
				0.022,
				-0.435,
				0.033,
				-0.552,
				1,
				0.511,
				-5.592,
				0.989,
				-8,
				1.467,
				-8,
				1,
				1.967,
				-8,
				2.467,
				-4.097,
				2.967,
				0,
				1,
				3.467,
				4.097,
				3.967,
				5,
				4.467,
				5,
				1,
				4.967,
				5,
				5.467,
				3.526,
				5.967,
				0.43
			]
		},
		{
			"Target": "Parameter",
			"Id": "ParamLUbi5",
			"Segments": [
				0,
				0,
				1,
				0.011,
				0,
				0.022,
				-0.277,
				0.033,
				-0.37,
				1,
				0.567,
				-4.845,
				1.1,
				-7,
				1.633,
				-7,
				1,
				2.133,
				-7,
				2.633,
				-4.307,
				3.133,
				0,
				1,
				3.633,
				4.307,
				4.133,
				6,
				4.633,
				6,
				1,
				5.078,
				6,
				5.522,
				4.226,
				5.967,
				0.49
			]
		},
		{
			"Target": "Parameter",
			"Id": "ParamLUbi6",
			"Segments": [
				0,
				0,
				1,
				0.011,
				0,
				0.022,
				-0.205,
				0.033,
				-0.303,
				1,
				0.622,
				-5.483,
				1.211,
				-8,
				1.8,
				-8,
				1,
				2.3,
				-8,
				2.8,
				-4.097,
				3.3,
				0,
				1,
				3.8,
				4.097,
				4.3,
				5,
				4.8,
				5,
				1,
				5.189,
				5,
				5.578,
				3.599,
				5.967,
				0.61
			]
		},
		{
			"Target": "Parameter",
			"Id": "ParamLUbi7",
			"Segments": [
				0,
				0,
				1,
				0.011,
				0,
				0.022,
				-0.292,
				0.033,
				-0.427,
				1,
				0.456,
				-5.543,
				0.878,
				-8,
				1.3,
				-8,
				1,
				1.8,
				-8,
				2.3,
				-5.333,
				2.8,
				0,
				1,
				3.3,
				5.333,
				3.8,
				8,
				4.3,
				8,
				1,
				4.856,
				8,
				5.411,
				5.562,
				5.967,
				0.49
			]
		},
		{
			"Target": "Parameter",
			"Id": "ParamLUbi8",
			"Segments": [
				0,
				0,
				1,
				0.011,
				0,
				0.022,
				-0.262,
				0.033,
				-0.366,
				1,
				0.511,
				-4.846,
				0.989,
				-7,
				1.467,
				-7,
				1,
				1.967,
				-7,
				2.467,
				-4.307,
				2.967,
				0,
				1,
				3.467,
				4.307,
				3.967,
				6,
				4.467,
				6,
				1,
				4.967,
				6,
				5.467,
				4.176,
				5.967,
				0.369
			]
		},
		{
			"Target": "Parameter",
			"Id": "ParamLUbi9",
			"Segments": [
				0,
				0,
				1,
				0.011,
				0,
				0.022,
				-0.394,
				0.033,
				-0.486,
				1,
				0.567,
				-4.891,
				1.1,
				-7,
				1.633,
				-7,
				1,
				2.133,
				-7,
				2.633,
				-4.307,
				3.133,
				0,
				1,
				3.633,
				4.307,
				4.133,
				6,
				4.633,
				6,
				1,
				5.078,
				6,
				5.522,
				4.227,
				5.967,
				0.492
			]
		},
		{
			"Target": "Parameter",
			"Id": "ParamLUbi10",
			"Segments": [
				0,
				0,
				1,
				0.011,
				0,
				0.022,
				-0.332,
				0.033,
				-0.486,
				1,
				0.4,
				-5.571,
				0.767,
				-8,
				1.133,
				-8,
				1,
				1.633,
				-8,
				2.133,
				-4.569,
				2.633,
				0,
				1,
				3.133,
				4.569,
				3.633,
				6,
				4.133,
				6,
				1,
				4.744,
				6,
				5.356,
				4.148,
				5.967,
				0.31
			]
		},
		{
			"Target": "Parameter",
			"Id": "ParamLUbi11",
			"Segments": [
				0,
				0,
				1,
				0.011,
				0,
				0.022,
				-0.416,
				0.033,
				-0.549,
				1,
				0.456,
				-5.595,
				0.878,
				-8,
				1.3,
				-8,
				1,
				1.8,
				-8,
				2.3,
				-5.333,
				2.8,
				0,
				1,
				3.3,
				5.333,
				3.8,
				8,
				4.3,
				8,
				1,
				4.856,
				8,
				5.411,
				5.539,
				5.967,
				0.43
			]
		},
		{
			"Target": "Parameter",
			"Id": "ParamLUbi12",
			"Segments": [
				0,
				0,
				1,
				0.011,
				0,
				0.022,
				-0.31,
				0.033,
				-0.429,
				1,
				0.511,
				-5.542,
				0.989,
				-8,
				1.467,
				-8,
				1,
				1.967,
				-8,
				2.467,
				-4.569,
				2.967,
				0,
				1,
				3.467,
				4.569,
				3.967,
				6,
				4.467,
				6,
				1,
				4.967,
				6,
				5.467,
				4.199,
				5.967,
				0.43
			]
		},
		{
			"Target": "Parameter",
			"Id": "ParamLUbi13",
			"Segments": [
				0,
				0,
				1,
				0.011,
				0,
				0.022,
				-0.278,
				0.033,
				-0.43,
				1,
				0.456,
				-6.211,
				0.878,
				-9,
				1.3,
				-9,
				1,
				1.8,
				-9,
				2.3,
				-6,
				2.8,
				0,
				1,
				3.3,
				6,
				3.8,
				9,
				4.3,
				9,
				1,
				4.856,
				9,
				5.411,
				6.182,
				5.967,
				0.369
			]
		},
		{
			"Target": "Parameter",
			"Id": "ParamLUbi14",
			"Segments": [
				0,
				0,
				1,
				0.011,
				0,
				0.022,
				-0.295,
				0.033,
				-0.429,
				1,
				0.511,
				-6.21,
				0.989,
				-9,
				1.467,
				-9,
				1,
				1.967,
				-9,
				2.467,
				-6,
				2.967,
				0,
				1,
				3.467,
				6,
				3.967,
				9,
				4.467,
				9,
				1,
				4.967,
				9,
				5.467,
				6.26,
				5.967,
				0.549
			]
		},
		{
			"Target": "Parameter",
			"Id": "ParamUde",
			"Segments": [
				0,
				0,
				1,
				1,
				0,
				2,
				0,
				3,
				0,
				1,
				3.989,
				0,
				4.978,
				0,
				5.967,
				0
			]
		},
		{
			"Target": "Parameter",
			"Id": "ParamLR",
			"Segments": [
				0,
				0,
				1,
				0.5,
				0,
				1,
				0,
				1.5,
				0,
				1,
				2,
				0,
				2.5,
				0,
				3,
				0,
				1,
				3.5,
				0,
				4,
				-1,
				4.5,
				-1,
				1,
				4.989,
				-1,
				5.478,
				-0.044,
				5.967,
				-0.001
			]
		},
		{
			"Target": "Parameter",
			"Id": "ParamLR2",
			"Segments": [
				0,
				0,
				1,
				0.011,
				0,
				0.022,
				0.047,
				0.033,
				0.061,
				1,
				0.522,
				0.696,
				1.011,
				1,
				1.5,
				1,
				1,
				2,
				1,
				2.5,
				0.667,
				3,
				0,
				1,
				3.5,
				-0.667,
				4,
				-1,
				4.5,
				-1,
				1,
				4.989,
				-1,
				5.478,
				-0.696,
				5.967,
				-0.061
			]
		},
		{
			"Target": "Parameter",
			"Id": "ParamRR",
			"Segments": [
				0,
				0,
				1,
				0.011,
				0,
				0.022,
				-0.047,
				0.033,
				-0.061,
				1,
				0.522,
				-0.696,
				1.011,
				-1,
				1.5,
				-1,
				1,
				2,
				-1,
				2.5,
				-0.667,
				3,
				0,
				1,
				3.5,
				0.667,
				4,
				1,
				4.5,
				1,
				1,
				4.989,
				1,
				5.478,
				0.696,
				5.967,
				0.061
			]
		},
		{
			"Target": "Parameter",
			"Id": "ParamRR2",
			"Segments": [
				0,
				0,
				1,
				0.011,
				0,
				0.022,
				-0.047,
				0.033,
				-0.061,
				1,
				0.522,
				-0.696,
				1.011,
				-1,
				1.5,
				-1,
				1,
				2,
				-1,
				2.5,
				-0.667,
				3,
				0,
				1,
				3.5,
				0.667,
				4,
				1,
				4.5,
				1,
				1,
				4.989,
				1,
				5.478,
				0.696,
				5.967,
				0.061
			]
		},
		{
			"Target": "Parameter",
			"Id": "ParamAngleX",
			"Segments": [
				0,
				0,
				1,
				0.011,
				0,
				0.022,
				-0.13,
				0.033,
				-0.183,
				1,
				0.578,
				-2.757,
				1.122,
				-4,
				1.667,
				-4,
				1,
				2.167,
				-4,
				2.667,
				-3.39,
				3.167,
				0,
				1,
				3.667,
				3.39,
				4.167,
				7,
				4.667,
				7,
				1,
				5.1,
				7,
				5.533,
				4.964,
				5.967,
				0.663
			]
		},
		{
			"Target": "Parameter",
			"Id": "ParamAngleY",
			"Segments": [
				0,
				0,
				1,
				0.556,
				0,
				1.111,
				2.421,
				1.667,
				7.68,
				1,
				2.167,
				12.413,
				2.667,
				15,
				3.167,
				15,
				1,
				3.667,
				15,
				4.167,
				13.209,
				4.667,
				8,
				1,
				5.1,
				3.486,
				5.533,
				0.169,
				5.967,
				0.006
			]
		},
		{
			"Target": "Parameter",
			"Id": "ParamAngleZ",
			"Segments": [
				0,
				0,
				1,
				0.011,
				0,
				0.022,
				0.194,
				0.033,
				0.237,
				1,
				0.522,
				2.109,
				1.011,
				3,
				1.5,
				3,
				1,
				2,
				3,
				2.5,
				1,
				3,
				0,
				1,
				3.5,
				-1,
				4,
				-1,
				4.5,
				-1,
				1,
				4.978,
				-1,
				5.456,
				-0.72,
				5.933,
				-0.109,
				1,
				5.944,
				-0.095,
				5.956,
				-0.068,
				5.967,
				-0.044
			]
		},
		{
			"Target": "Parameter",
			"Id": "ParamEyeLOpen",
			"Segments": [
				0,
				1,
				1,
				0.522,
				1,
				1.044,
				1,
				1.567,
				1,
				1,
				1.611,
				1,
				1.656,
				0,
				1.7,
				0,
				1,
				1.722,
				0,
				1.744,
				0,
				1.767,
				0,
				1,
				1.811,
				0,
				1.856,
				1,
				1.9,
				1,
				1,
				2.267,
				1,
				2.633,
				1,
				3,
				1,
				1,
				3.989,
				1,
				4.978,
				1,
				5.967,
				1
			]
		},
		{
			"Target": "Parameter",
			"Id": "ParamEyeLSmile",
			"Segments": [
				0,
				0,
				1,
				1,
				0,
				2,
				0,
				3,
				0,
				1,
				3.989,
				0,
				4.978,
				0,
				5.967,
				0
			]
		},
		{
			"Target": "Parameter",
			"Id": "ParamEyeROpen",
			"Segments": [
				0,
				1,
				1,
				0.522,
				1,
				1.044,
				1,
				1.567,
				1,
				1,
				1.611,
				1,
				1.656,
				0,
				1.7,
				0,
				1,
				1.722,
				0,
				1.744,
				0,
				1.767,
				0,
				1,
				1.811,
				0,
				1.856,
				1,
				1.9,
				1,
				1,
				2.267,
				1,
				2.633,
				1,
				3,
				1,
				1,
				3.989,
				1,
				4.978,
				1,
				5.967,
				1
			]
		},
		{
			"Target": "Parameter",
			"Id": "ParamEyeRSmile",
			"Segments": [
				0,
				0,
				1,
				1,
				0,
				2,
				0,
				3,
				0,
				1,
				3.989,
				0,
				4.978,
				0,
				5.967,
				0
			]
		},
		{
			"Target": "Parameter",
			"Id": "ParamEyeBallX",
			"Segments": [
				0,
				0,
				1,
				1,
				0,
				2,
				0,
				3,
				0,
				1,
				3.989,
				0,
				4.978,
				0,
				5.967,
				0
			]
		},
		{
			"Target": "Parameter",
			"Id": "ParamEyeBallY",
			"Segments": [
				0,
				0,
				1,
				1,
				0,
				2,
				0,
				3,
				0,
				1,
				3.989,
				0,
				4.978,
				0,
				5.967,
				0
			]
		},
		{
			"Target": "Parameter",
			"Id": "ParamBrowRX",
			"Segments": [
				0,
				0,
				1,
				1,
				0,
				2,
				0,
				3,
				0,
				1,
				3.989,
				0,
				4.978,
				0,
				5.967,
				0
			]
		},
		{
			"Target": "Parameter",
			"Id": "ParamBrowRY",
			"Segments": [
				0,
				0,
				1,
				1,
				0,
				2,
				0,
				3,
				0,
				1,
				3.989,
				0,
				4.978,
				0,
				5.967,
				0
			]
		},
		{
			"Target": "Parameter",
			"Id": "ParamBrowLX",
			"Segments": [
				0,
				0,
				1,
				1,
				0,
				2,
				0,
				3,
				0,
				1,
				3.989,
				0,
				4.978,
				0,
				5.967,
				0
			]
		},
		{
			"Target": "Parameter",
			"Id": "ParamBrowLY",
			"Segments": [
				0,
				0,
				1,
				1,
				0,
				2,
				0,
				3,
				0,
				1,
				3.989,
				0,
				4.978,
				0,
				5.967,
				0
			]
		},
		{
			"Target": "Parameter",
			"Id": "ParamBrowRAngle",
			"Segments": [
				0,
				0,
				1,
				1,
				0,
				2,
				0,
				3,
				0,
				1,
				3.989,
				0,
				4.978,
				0,
				5.967,
				0
			]
		},
		{
			"Target": "Parameter",
			"Id": "ParamBrowLAngle",
			"Segments": [
				0,
				0,
				1,
				1,
				0,
				2,
				0,
				3,
				0,
				1,
				3.989,
				0,
				4.978,
				0,
				5.967,
				0
			]
		},
		{
			"Target": "Parameter",
			"Id": "ParamBrowRForm",
			"Segments": [
				0,
				0,
				1,
				1,
				0,
				2,
				0,
				3,
				0,
				1,
				3.989,
				0,
				4.978,
				0,
				5.967,
				0
			]
		},
		{
			"Target": "Parameter",
			"Id": "ParamBrowLForm",
			"Segments": [
				0,
				0,
				1,
				1,
				0,
				2,
				0,
				3,
				0,
				1,
				3.989,
				0,
				4.978,
				0,
				5.967,
				0
			]
		},
		{
			"Target": "Parameter",
			"Id": "ParamMouthForm",
			"Segments": [
				0,
				0,
				1,
				1,
				0,
				2,
				0,
				3,
				0,
				1,
				3.989,
				0,
				4.978,
				0,
				5.967,
				0
			]
		},
		{
			"Target": "Parameter",
			"Id": "ParamMouthOpenY",
			"Segments": [
				0,
				0,
				1,
				1,
				0,
				2,
				0,
				3,
				0,
				1,
				3.989,
				0,
				4.978,
				0,
				5.967,
				0
			]
		},
		{
			"Target": "Parameter",
			"Id": "ParamBodyAngleX",
			"Segments": [
				0,
				0,
				1,
				0.011,
				0,
				0.022,
				-0.162,
				0.033,
				-0.22,
				1,
				0.522,
				-2.774,
				1.011,
				-4,
				1.5,
				-4,
				1,
				2,
				-4,
				2.5,
				-2.285,
				3,
				0,
				1,
				3.5,
				2.285,
				4,
				3,
				4.5,
				3,
				1,
				4.989,
				3,
				5.478,
				2.08,
				5.967,
				0.163
			]
		},
		{
			"Target": "Parameter",
			"Id": "ParamBodyAngleY",
			"Segments": [
				0,
				0,
				1,
				1,
				0,
				2,
				3,
				3,
				3,
				1,
				3.989,
				3,
				4.978,
				0.066,
				5.967,
				0.001
			]
		},
		{
			"Target": "Parameter",
			"Id": "ParamBreath",
			"Segments": [
				0,
				0.5,
				1,
				0.011,
				0.5,
				0.022,
				0.515,
				0.033,
				0.522,
				1,
				0.522,
				0.844,
				1.011,
				1,
				1.5,
				1,
				1,
				2,
				1,
				2.5,
				0.833,
				3,
				0.5,
				1,
				3.5,
				0.167,
				4,
				0,
				4.5,
				0,
				1,
				4.989,
				0,
				5.478,
				0.158,
				5.967,
				0.482
			]
		},
		{
			"Target": "Parameter",
			"Id": "ParamHairFront",
			"Segments": [
				0,
				0,
				1,
				0.011,
				0,
				0.022,
				0.007,
				0.033,
				0.008,
				1,
				0.578,
				0.07,
				1.122,
				0.1,
				1.667,
				0.1,
				1,
				2.167,
				0.1,
				2.667,
				0.067,
				3.167,
				0,
				1,
				3.667,
				-0.067,
				4.167,
				-0.1,
				4.667,
				-0.1,
				1,
				5.1,
				-0.1,
				5.533,
				-0.07,
				5.967,
				-0.006
			]
		},
		{
			"Target": "Parameter",
			"Id": "ParamHairSideL",
			"Segments": [
				0,
				0,
				1,
				0.011,
				0,
				0.022,
				0.005,
				0.033,
				0.006,
				1,
				0.578,
				0.07,
				1.122,
				0.1,
				1.667,
				0.1,
				1,
				2.167,
				0.1,
				2.667,
				0.067,
				3.167,
				0,
				1,
				3.667,
				-0.067,
				4.167,
				-0.1,
				4.667,
				-0.1,
				1,
				5.1,
				-0.1,
				5.533,
				-0.07,
				5.967,
				-0.006
			]
		},
		{
			"Target": "Parameter",
			"Id": "ParamHairBack",
			"Segments": [
				0,
				0,
				1,
				0.011,
				0,
				0.022,
				0.003,
				0.033,
				0.004,
				1,
				0.6,
				0.069,
				1.167,
				0.1,
				1.733,
				0.1,
				1,
				2.233,
				0.1,
				2.733,
				0.067,
				3.233,
				0,
				1,
				3.733,
				-0.067,
				4.233,
				-0.1,
				4.733,
				-0.1,
				1,
				5.144,
				-0.1,
				5.556,
				-0.069,
				5.967,
				-0.004
			]
		},
		{
			"Target": "Parameter",
			"Id": "ParamHiarKaze",
			"Segments": [
				0,
				0,
				1,
				0.011,
				0,
				0.022,
				-0.007,
				0.033,
				-0.008,
				1,
				0.622,
				-0.07,
				1.211,
				-0.1,
				1.8,
				-0.1,
				1,
				2.3,
				-0.1,
				2.8,
				-0.067,
				3.3,
				0,
				1,
				3.8,
				0.067,
				4.3,
				0.1,
				4.8,
				0.1,
				1,
				5.189,
				0.1,
				5.578,
				0.069,
				5.967,
				0.004
			]
		},
		{
			"Target": "Parameter",
			"Id": "ParamRibonX",
			"Segments": [
				0,
				0,
				1,
				0.011,
				0,
				0.022,
				-0.08,
				0.033,
				-0.124,
				1,
				0.522,
				-2.062,
				1.011,
				-3,
				1.5,
				-3,
				1,
				2,
				-3,
				2.5,
				-1,
				3,
				0,
				1,
				3.5,
				1,
				4,
				1,
				4.5,
				1,
				1,
				4.989,
				1,
				5.478,
				0.696,
				5.967,
				0.061
			]
		},
		{
			"Target": "Parameter",
			"Id": "ParamRibonY",
			"Segments": [
				0,
				0,
				1,
				0.011,
				0,
				0.022,
				-0.194,
				0.033,
				-0.312,
				1,
				0.522,
				-5.487,
				1.011,
				-8,
				1.5,
				-8,
				1,
				2,
				-8,
				2.5,
				-4.097,
				3,
				0,
				1,
				3.5,
				4.097,
				4,
				5,
				4.5,
				5,
				1,
				4.989,
				5,
				5.478,
				3.455,
				5.967,
				0.247
			]
		},
		{
			"Target": "Parameter",
			"Id": "ParamPaiRX",
			"Segments": [
				0,
				0,
				1,
				0.556,
				0,
				1.111,
				1,
				1.667,
				1,
				1,
				2.167,
				1,
				2.667,
				0,
				3.167,
				0,
				1,
				3.667,
				0,
				4.167,
				1,
				4.667,
				1,
				1,
				5.1,
				1,
				5.533,
				0.049,
				5.967,
				0.002
			]
		},
		{
			"Target": "Parameter",
			"Id": "ParamPaiRY",
			"Segments": [
				0,
				0,
				1,
				0.011,
				0,
				0.022,
				0.098,
				0.033,
				0.258,
				1,
				0.578,
				8.097,
				1.122,
				12,
				1.667,
				12,
				1,
				2.167,
				12,
				2.667,
				9.761,
				3.167,
				0,
				1,
				3.667,
				-9.761,
				4.167,
				-19,
				4.667,
				-19,
				1,
				5.1,
				-19,
				5.533,
				-12.299,
				5.967,
				-0.208
			]
		},
		{
			"Target": "Parameter",
			"Id": "ParamPaiRX2",
			"Segments": [
				0,
				0,
				1,
				0.5,
				0,
				1,
				0,
				1.5,
				0,
				1,
				2,
				0,
				2.5,
				0,
				3,
				0,
				1,
				3.989,
				0,
				4.978,
				0,
				5.967,
				0
			]
		},
		{
			"Target": "Parameter",
			"Id": "ParamPaiRY3",
			"Segments": [
				0,
				0,
				1,
				0.011,
				0,
				0.022,
				0.094,
				0.033,
				0.123,
				1,
				0.522,
				1.393,
				1.011,
				2,
				1.5,
				2,
				1,
				2,
				2,
				2.5,
				1.333,
				3,
				0,
				1,
				3.5,
				-1.333,
				4,
				-2,
				4.5,
				-2,
				1,
				4.978,
				-2,
				5.456,
				-1.428,
				5.933,
				-0.191,
				1,
				5.944,
				-0.162,
				5.956,
				-0.114,
				5.967,
				-0.074
			]
		},
		{
			"Target": "Parameter",
			"Id": "ParamPaiLX",
			"Segments": [
				0,
				0,
				1,
				0.011,
				0,
				0.022,
				0.036,
				0.033,
				0.063,
				1,
				0.578,
				1.364,
				1.122,
				2,
				1.667,
				2,
				1,
				2.167,
				2,
				2.667,
				0.889,
				3.167,
				0,
				1,
				3.667,
				-0.889,
				4.167,
				-1,
				4.667,
				-1,
				1,
				5.089,
				-1,
				5.511,
				-0.75,
				5.933,
				-0.186,
				1,
				5.944,
				-0.171,
				5.956,
				-0.125,
				5.967,
				-0.082
			]
		},
		{
			"Target": "Parameter",
			"Id": "ParamPaiLY",
			"Segments": [
				0,
				0,
				1,
				0.011,
				0,
				0.022,
				0.194,
				0.033,
				0.313,
				1,
				0.578,
				6.154,
				1.122,
				9,
				1.667,
				9,
				1,
				2.167,
				9,
				2.667,
				7.639,
				3.167,
				0,
				1,
				3.667,
				-7.639,
				4.167,
				-16,
				4.667,
				-16,
				1,
				5.089,
				-16,
				5.511,
				-11.218,
				5.933,
				-1.172,
				1,
				5.944,
				-0.908,
				5.956,
				-0.615,
				5.967,
				-0.388
			]
		},
		{
			"Target": "Parameter",
			"Id": "ParamPaiLX2",
			"Segments": [
				0,
				0,
				1,
				1,
				0,
				2,
				0,
				3,
				0,
				1,
				3.989,
				0,
				4.978,
				0,
				5.967,
				0
			]
		},
		{
			"Target": "Parameter",
			"Id": "ParamPaiLY2",
			"Segments": [
				0,
				0,
				1,
				0.022,
				0,
				0.044,
				0.072,
				0.067,
				0.131,
				1,
				0.544,
				1.396,
				1.022,
				2,
				1.5,
				2,
				1,
				2,
				2,
				2.5,
				1.333,
				3,
				0,
				1,
				3.5,
				-1.333,
				4,
				-2,
				4.5,
				-2,
				1,
				4.978,
				-2,
				5.456,
				-1.428,
				5.933,
				-0.191,
				1,
				5.944,
				-0.162,
				5.956,
				-0.114,
				5.967,
				-0.074
			]
		},
		{
			"Target": "Parameter",
			"Id": "ParamPaiAni",
			"Segments": [
				0,
				0,
				1,
				0.444,
				0,
				0.889,
				0.8,
				1.333,
				0.8,
				1,
				1.833,
				0.8,
				2.333,
				0,
				2.833,
				0,
				0,
				5.967,
				0
			]
		}
	]
}