{
	"Version": 3,
	"Meta": {
		"Duration": 3,
		"Fps": 30.0,
		"Loop": true,
		"AreBeziersRestricted": false,
		"CurveCount": 62,
		"TotalSegmentCount": 444,
		"TotalPointCount": 1362,
		"UserDataCount": 0,
		"TotalUserDataSize": 0
	},
	"Curves": [
		{
			"Target": "Parameter",
			"Id": "ParamLArm2",
			"Segments": [
				0,
				0,
				1,
				0.011,
				0,
				0.022,
				1.913,
				0.033,
				3.733,
				1,
				0.067,
				9.192,
				0.1,
				11.269,
				0.133,
				11.269,
				1,
				0.233,
				11.269,
				0.333,
				-21,
				0.433,
				-21,
				1,
				0.511,
				-21,
				0.589,
				-12,
				0.667,
				-12,
				1,
				0.767,
				-12,
				0.867,
				-16,
				0.967,
				-16,
				1,
				1.189,
				-16,
				1.411,
				-8.807,
				1.633,
				-5,
				1,
				1.9,
				-0.432,
				2.167,
				0,
				2.433,
				0,
				1,
				2.622,
				0,
				2.811,
				0,
				3,
				0
			]
		},
		{
			"Target": "Parameter",
			"Id": "ParamLArm",
			"Segments": [
				0,
				0,
				1,
				0.056,
				0,
				0.111,
				17,
				0.167,
				17,
				1,
				0.267,
				17,
				0.367,
				-11.076,
				0.467,
				-11.076,
				1,
				0.533,
				-11.076,
				0.6,
				-5.323,
				0.667,
				0,
				1,
				0.767,
				7.984,
				0.867,
				10.203,
				0.967,
				10.203,
				1,
				1.189,
				10.203,
				1.411,
				-6,
				1.633,
				-6,
				1,
				1.9,
				-6,
				2.167,
				0,
				2.433,
				0,
				1,
				2.622,
				0,
				2.811,
				0,
				3,
				0
			]
		},
		{
			"Target": "Parameter",
			"Id": "ParamLHand",
			"Segments": [
				0,
				0,
				1,
				0.056,
				0,
				0.111,
				4.316,
				0.167,
				12,
				1,
				0.256,
				24.294,
				0.344,
				30,
				0.433,
				30,
				1,
				0.511,
				30,
				0.589,
				30.503,
				0.667,
				26.898,
				1,
				0.767,
				22.262,
				0.867,
				0,
				0.967,
				0,
				1,
				1.189,
				0,
				1.411,
				9,
				1.633,
				9,
				1,
				1.9,
				9,
				2.167,
				0,
				2.433,
				0,
				1,
				2.622,
				0,
				2.811,
				0,
				3,
				0
			]
		},
		{
			"Target": "Parameter",
			"Id": "ParamLUbi1",
			"Segments": [
				0,
				0,
				1,
				0.056,
				0,
				0.111,
				0,
				0.167,
				0,
				1,
				0.211,
				0,
				0.256,
				30,
				0.3,
				30,
				1,
				0.4,
				30,
				0.5,
				30,
				0.6,
				30,
				1,
				0.711,
				30,
				0.822,
				0,
				0.933,
				0,
				1,
				1.156,
				0,
				1.378,
				11,
				1.6,
				11,
				1,
				1.867,
				11,
				2.133,
				0,
				2.4,
				0,
				1,
				2.6,
				0,
				2.8,
				0,
				3,
				0
			]
		},
		{
			"Target": "Parameter",
			"Id": "ParamLUbi2",
			"Segments": [
				0,
				0,
				0,
				0.067,
				0,
				1,
				0.122,
				0,
				0.178,
				0,
				0.233,
				0,
				1,
				0.278,
				0,
				0.322,
				25.823,
				0.367,
				27,
				1,
				0.467,
				29.648,
				0.567,
				30,
				0.667,
				30,
				1,
				0.778,
				30,
				0.889,
				0,
				1,
				0,
				1,
				1.222,
				0,
				1.444,
				9,
				1.667,
				9,
				1,
				1.933,
				9,
				2.2,
				0,
				2.467,
				0,
				1,
				2.644,
				0,
				2.822,
				0,
				3,
				0
			]
		},
		{
			"Target": "Parameter",
			"Id": "ParamLUbi3",
			"Segments": [
				0,
				0,
				0,
				0.133,
				0,
				1,
				0.189,
				0,
				0.244,
				0,
				0.3,
				0,
				1,
				0.344,
				0,
				0.389,
				14.887,
				0.433,
				19,
				1,
				0.533,
				28.253,
				0.633,
				30,
				0.733,
				30,
				1,
				0.844,
				30,
				0.956,
				0,
				1.067,
				0,
				1,
				1.289,
				0,
				1.511,
				6,
				1.733,
				6,
				1,
				2,
				6,
				2.267,
				0,
				2.533,
				0,
				1,
				2.689,
				0,
				2.844,
				0,
				3,
				0
			]
		},
		{
			"Target": "Parameter",
			"Id": "ParamLUbi4",
			"Segments": [
				0,
				0,
				0,
				0.067,
				0,
				1,
				0.122,
				0,
				0.178,
				0,
				0.233,
				0,
				1,
				0.278,
				0,
				0.322,
				14.887,
				0.367,
				19,
				1,
				0.467,
				28.253,
				0.567,
				30,
				0.667,
				30,
				1,
				0.778,
				30,
				0.889,
				0,
				1,
				0,
				1,
				1.222,
				0,
				1.444,
				5,
				1.667,
				5,
				1,
				1.933,
				5,
				2.2,
				0,
				2.467,
				0,
				1,
				2.644,
				0,
				2.822,
				0,
				3,
				0
			]
		},
		{
			"Target": "Parameter",
			"Id": "ParamLUbi5",
			"Segments": [
				0,
				0,
				0,
				0.133,
				0,
				1,
				0.189,
				0,
				0.244,
				0,
				0.3,
				0,
				1,
				0.344,
				0,
				0.389,
				13.563,
				0.433,
				18,
				1,
				0.533,
				27.984,
				0.633,
				30,
				0.733,
				30,
				1,
				0.844,
				30,
				0.956,
				0,
				1.067,
				0,
				1,
				1.289,
				0,
				1.511,
				3,
				1.733,
				3,
				1,
				2,
				3,
				2.267,
				0,
				2.533,
				0,
				1,
				2.689,
				0,
				2.844,
				0,
				3,
				0
			]
		},
		{
			"Target": "Parameter",
			"Id": "ParamLUbi6",
			"Segments": [
				0,
				0,
				0,
				0.2,
				0,
				1,
				0.256,
				0,
				0.311,
				0,
				0.367,
				0,
				1,
				0.411,
				0,
				0.456,
				14.887,
				0.5,
				19,
				1,
				0.6,
				28.253,
				0.7,
				30,
				0.8,
				30,
				1,
				0.911,
				30,
				1.022,
				0,
				1.133,
				0,
				1,
				1.356,
				0,
				1.578,
				2,
				1.8,
				2,
				1,
				2.067,
				2,
				2.333,
				0,
				2.6,
				0,
				1,
				2.733,
				0,
				2.867,
				0,
				3,
				0
			]
		},
		{
			"Target": "Parameter",
			"Id": "ParamLUbi7",
			"Segments": [
				0,
				0,
				0,
				0.1,
				0,
				1,
				0.156,
				0,
				0.211,
				0,
				0.267,
				0,
				1,
				0.311,
				0,
				0.356,
				15.348,
				0.4,
				19,
				1,
				0.511,
				28.13,
				0.622,
				30,
				0.733,
				30,
				1,
				0.844,
				30,
				0.956,
				0,
				1.067,
				0,
				1,
				1.289,
				0,
				1.511,
				3,
				1.733,
				3,
				1,
				2,
				3,
				2.267,
				0,
				2.533,
				0,
				1,
				2.689,
				0,
				2.844,
				0,
				3,
				0
			]
		},
		{
			"Target": "Parameter",
			"Id": "ParamLUbi8",
			"Segments": [
				0,
				0,
				0,
				0.167,
				0,
				1,
				0.222,
				0,
				0.278,
				0,
				0.333,
				0,
				1,
				0.378,
				0,
				0.422,
				14.05,
				0.467,
				18,
				1,
				0.578,
				27.875,
				0.689,
				30,
				0.8,
				30,
				1,
				0.911,
				30,
				1.022,
				0,
				1.133,
				0,
				1,
				1.356,
				0,
				1.578,
				4,
				1.8,
				4,
				1,
				2.067,
				4,
				2.333,
				0,
				2.6,
				0,
				1,
				2.733,
				0,
				2.867,
				0,
				3,
				0
			]
		},
		{
			"Target": "Parameter",
			"Id": "ParamLUbi9",
			"Segments": [
				0,
				0,
				0,
				0.233,
				0,
				1,
				0.289,
				0,
				0.344,
				0,
				0.4,
				0,
				1,
				0.444,
				0,
				0.489,
				15.348,
				0.533,
				19,
				1,
				0.644,
				28.13,
				0.756,
				30,
				0.867,
				30,
				1,
				0.978,
				30,
				1.089,
				0,
				1.2,
				0,
				1,
				1.422,
				0,
				1.644,
				2,
				1.867,
				2,
				1,
				2.133,
				2,
				2.4,
				0,
				2.667,
				0,
				1,
				2.778,
				0,
				2.889,
				0,
				3,
				0
			]
		},
		{
			"Target": "Parameter",
			"Id": "ParamLUbi10",
			"Segments": [
				0,
				0,
				0,
				0.133,
				0,
				1,
				0.189,
				0,
				0.244,
				0,
				0.3,
				0,
				1,
				0.344,
				0,
				0.389,
				15.348,
				0.433,
				19,
				1,
				0.544,
				28.13,
				0.656,
				30,
				0.767,
				30,
				1,
				0.878,
				30,
				0.989,
				0,
				1.1,
				0,
				1,
				1.322,
				0,
				1.544,
				8,
				1.767,
				8,
				1,
				2.033,
				8,
				2.3,
				0,
				2.567,
				0,
				1,
				2.711,
				0,
				2.856,
				0,
				3,
				0
			]
		},
		{
			"Target": "Parameter",
			"Id": "ParamLUbi11",
			"Segments": [
				0,
				0,
				0,
				0.2,
				0,
				1,
				0.256,
				0,
				0.311,
				0,
				0.367,
				0,
				1,
				0.411,
				0,
				0.456,
				15.666,
				0.5,
				19,
				1,
				0.611,
				27.336,
				0.722,
				29,
				0.833,
				29,
				1,
				0.944,
				29,
				1.056,
				0,
				1.167,
				0,
				1,
				1.389,
				0,
				1.611,
				8,
				1.833,
				8,
				1,
				2.1,
				8,
				2.367,
				0,
				2.633,
				0,
				1,
				2.756,
				0,
				2.878,
				0,
				3,
				0
			]
		},
		{
			"Target": "Parameter",
			"Id": "ParamLUbi12",
			"Segments": [
				0,
				0,
				0,
				0.267,
				0,
				1,
				0.311,
				0,
				0.356,
				0,
				0.4,
				0,
				1,
				0.456,
				0,
				0.511,
				14.326,
				0.567,
				19,
				1,
				0.678,
				28.348,
				0.789,
				30,
				0.9,
				30,
				1,
				1.011,
				30,
				1.122,
				0,
				1.233,
				0,
				1,
				1.456,
				0,
				1.678,
				5,
				1.9,
				5,
				1,
				2.167,
				5,
				2.433,
				0,
				2.7,
				0,
				1,
				2.8,
				0,
				2.9,
				0,
				3,
				0
			]
		},
		{
			"Target": "Parameter",
			"Id": "ParamLUbi13",
			"Segments": [
				0,
				0,
				1,
				0.056,
				0,
				0.111,
				0,
				0.167,
				0,
				1,
				0.211,
				0,
				0.256,
				14.887,
				0.3,
				19,
				1,
				0.4,
				28.253,
				0.5,
				30,
				0.6,
				30,
				1,
				0.711,
				30,
				0.822,
				0,
				0.933,
				0,
				1,
				1.156,
				0,
				1.378,
				12,
				1.6,
				12,
				1,
				1.867,
				12,
				2.133,
				0,
				2.4,
				0,
				1,
				2.6,
				0,
				2.8,
				0,
				3,
				0
			]
		},
		{
			"Target": "Parameter",
			"Id": "ParamLUbi14",
			"Segments": [
				0,
				0,
				0,
				0.067,
				0,
				1,
				0.122,
				0,
				0.178,
				0,
				0.233,
				0,
				1,
				0.278,
				0,
				0.322,
				14.887,
				0.367,
				19,
				1,
				0.467,
				28.253,
				0.567,
				30,
				0.667,
				30,
				1,
				0.778,
				30,
				0.889,
				0,
				1,
				0,
				1,
				1.222,
				0,
				1.444,
				12,
				1.667,
				12,
				1,
				1.933,
				12,
				2.2,
				0,
				2.467,
				0,
				1,
				2.644,
				0,
				2.822,
				0,
				3,
				0
			]
		},
		{
			"Target": "Parameter",
			"Id": "ParamUde",
			"Segments": [
				0,
				0,
				1,
				0.822,
				0,
				1.644,
				0,
				2.467,
				0,
				1,
				2.644,
				0,
				2.822,
				0,
				3,
				0
			]
		},
		{
			"Target": "Parameter",
			"Id": "ParamLR",
			"Segments": [
				0,
				0,
				0,
				0.033,
				0,
				1,
				0.067,
				0,
				0.1,
				-9,
				0.133,
				-9,
				1,
				0.233,
				-9,
				0.333,
				2,
				0.433,
				2,
				1,
				0.578,
				2,
				0.722,
				-2,
				0.867,
				-2,
				1,
				1,
				-2,
				1.133,
				-0.585,
				1.267,
				0,
				1,
				1.433,
				0.732,
				1.6,
				0.76,
				1.767,
				0.76,
				1,
				2,
				0.76,
				2.233,
				0,
				2.467,
				0,
				1,
				2.644,
				0,
				2.822,
				0,
				3,
				0
			]
		},
		{
			"Target": "Parameter",
			"Id": "ParamLR2",
			"Segments": [
				0,
				0,
				0,
				0.033,
				0,
				1,
				0.067,
				0,
				0.1,
				0,
				0.133,
				0,
				1,
				0.233,
				0,
				0.333,
				-9,
				0.433,
				-9,
				1,
				0.578,
				-9,
				0.722,
				2,
				0.867,
				2,
				1,
				1,
				2,
				1.133,
				-3,
				1.267,
				-3,
				1,
				1.433,
				-3,
				1.6,
				0.48,
				1.767,
				0.48,
				1,
				2,
				0.48,
				2.233,
				0,
				2.467,
				0,
				1,
				2.644,
				0,
				2.822,
				0,
				3,
				0
			]
		},
		{
			"Target": "Parameter",
			"Id": "ParamRR",
			"Segments": [
				0,
				0,
				1,
				0.033,
				0,
				0.067,
				-15,
				0.1,
				-15,
				1,
				0.2,
				-15,
				0.3,
				0,
				0.4,
				0,
				1,
				0.544,
				0,
				0.689,
				-2,
				0.833,
				-2,
				1,
				0.967,
				-2,
				1.1,
				-0.369,
				1.233,
				0,
				1,
				1.411,
				0.492,
				1.589,
				0.48,
				1.767,
				0.48,
				1,
				2,
				0.48,
				2.233,
				0,
				2.467,
				0,
				1,
				2.644,
				0,
				2.822,
				0,
				3,
				0
			]
		},
		{
			"Target": "Parameter",
			"Id": "ParamRR2",
			"Segments": [
				0,
				0,
				1,
				0.033,
				0,
				0.067,
				11,
				0.1,
				11,
				1,
				0.2,
				11,
				0.3,
				-9,
				0.4,
				-9,
				1,
				0.544,
				-9,
				0.689,
				6,
				0.833,
				6,
				1,
				0.967,
				6,
				1.1,
				-1,
				1.233,
				-1,
				1,
				1.411,
				-1,
				1.589,
				0.86,
				1.767,
				0.86,
				1,
				2,
				0.86,
				2.233,
				0,
				2.467,
				0,
				1,
				2.644,
				0,
				2.822,
				0,
				3,
				0
			]
		},
		{
			"Target": "Parameter",
			"Id": "ParamAngleX",
			"Segments": [
				0,
				0,
				1,
				0.011,
				0,
				0.022,
				-1.226,
				0.033,
				-1.585,
				1,
				0.089,
				-3.378,
				0.144,
				-4,
				0.2,
				-4,
				1,
				0.289,
				-4,
				0.378,
				8,
				0.467,
				8,
				1,
				0.533,
				8,
				0.6,
				7.781,
				0.667,
				7.18,
				1,
				0.744,
				6.479,
				0.822,
				6.335,
				0.9,
				4.882,
				1,
				1.044,
				2.184,
				1.189,
				-4,
				1.333,
				-4,
				1,
				1.467,
				-4,
				1.6,
				2.394,
				1.733,
				2.394,
				1,
				1.844,
				2.394,
				1.956,
				0.992,
				2.067,
				0.489,
				1,
				2.256,
				-0.365,
				2.444,
				-0.46,
				2.633,
				-0.46,
				1,
				2.744,
				-0.46,
				2.856,
				0,
				2.967,
				0,
				1,
				2.978,
				0,
				2.989,
				0,
				3,
				0
			]
		},
		{
			"Target": "Parameter",
			"Id": "ParamAngleY",
			"Segments": [
				0,
				0,
				1,
				0.011,
				0,
				0.022,
				-1.287,
				0.033,
				-2.944,
				1,
				0.089,
				-11.227,
				0.144,
				-15,
				0.2,
				-15,
				1,
				0.289,
				-15,
				0.378,
				16,
				0.467,
				16,
				1,
				0.533,
				16,
				0.6,
				9.909,
				0.667,
				2,
				1,
				0.733,
				-5.909,
				0.8,
				-8.34,
				0.867,
				-8.34,
				1,
				1.044,
				-8.34,
				1.222,
				18,
				1.4,
				18,
				1,
				1.511,
				18,
				1.622,
				9.202,
				1.733,
				7.061,
				1,
				1.844,
				4.92,
				1.956,
				3.528,
				2.067,
				3.061,
				1,
				2.367,
				1.798,
				2.667,
				0.138,
				2.967,
				0,
				1,
				2.978,
				-0.005,
				2.989,
				0,
				3,
				0
			]
		},
		{
			"Target": "Parameter",
			"Id": "ParamAngleZ",
			"Segments": [
				0,
				0,
				1,
				0.044,
				0,
				0.089,
				-5,
				0.133,
				-5,
				1,
				0.222,
				-5,
				0.311,
				1.122,
				0.4,
				7,
				1,
				0.467,
				11.409,
				0.533,
				12,
				0.6,
				12,
				1,
				0.711,
				12,
				0.822,
				-2,
				0.933,
				-2,
				1,
				1.156,
				-2,
				1.378,
				4,
				1.6,
				4,
				1,
				1.722,
				4,
				1.844,
				-2,
				1.967,
				-2,
				1,
				2.2,
				-2,
				2.433,
				0,
				2.667,
				0,
				1,
				2.778,
				0,
				2.889,
				0,
				3,
				0
			]
		},
		{
			"Target": "Parameter",
			"Id": "ParamEyeLOpen",
			"Segments": [
				0,
				1,
				1,
				0.044,
				1,
				0.089,
				0.6,
				0.133,
				0.6,
				1,
				0.289,
				0.6,
				0.444,
				1.1,
				0.6,
				1.1,
				1,
				0.733,
				1.1,
				0.867,
				1,
				1,
				1,
				1,
				1.233,
				1,
				1.467,
				1.1,
				1.7,
				1.1,
				1,
				2.022,
				1.1,
				2.344,
				1,
				2.667,
				1,
				1,
				2.778,
				1,
				2.889,
				1,
				3,
				1
			]
		},
		{
			"Target": "Parameter",
			"Id": "ParamEyeLSmile",
			"Segments": [
				0,
				0,
				1,
				0.889,
				0,
				1.778,
				0,
				2.667,
				0,
				1,
				2.778,
				0,
				2.889,
				0,
				3,
				0
			]
		},
		{
			"Target": "Parameter",
			"Id": "ParamEyeROpen",
			"Segments": [
				0,
				1,
				1,
				0.044,
				1,
				0.089,
				0.6,
				0.133,
				0.6,
				1,
				0.289,
				0.6,
				0.444,
				1.1,
				0.6,
				1.1,
				1,
				0.733,
				1.1,
				0.867,
				1,
				1,
				1,
				1,
				1.233,
				1,
				1.467,
				1.1,
				1.7,
				1.1,
				1,
				2.022,
				1.1,
				2.344,
				1,
				2.667,
				1,
				1,
				2.778,
				1,
				2.889,
				1,
				3,
				1
			]
		},
		{
			"Target": "Parameter",
			"Id": "ParamEyeRSmile",
			"Segments": [
				0,
				0,
				1,
				0.889,
				0,
				1.778,
				0,
				2.667,
				0,
				1,
				2.778,
				0,
				2.889,
				0,
				3,
				0
			]
		},
		{
			"Target": "Parameter",
			"Id": "ParamEyeBallX",
			"Segments": [
				0,
				0,
				1,
				0.044,
				0,
				0.089,
				0,
				0.133,
				0,
				1,
				0.289,
				0,
				0.444,
				-0.2,
				0.6,
				-0.2,
				1,
				0.967,
				-0.2,
				1.333,
				0,
				1.7,
				0,
				1,
				2.022,
				0,
				2.344,
				0,
				2.667,
				0,
				1,
				2.778,
				0,
				2.889,
				0,
				3,
				0
			]
		},
		{
			"Target": "Parameter",
			"Id": "ParamEyeBallY",
			"Segments": [
				0,
				0,
				1,
				0.044,
				0,
				0.089,
				0,
				0.133,
				0,
				1,
				0.289,
				0,
				0.444,
				0.3,
				0.6,
				0.3,
				1,
				0.967,
				0.3,
				1.333,
				0,
				1.7,
				0,
				1,
				2.022,
				0,
				2.344,
				0,
				2.667,
				0,
				1,
				2.778,
				0,
				2.889,
				0,
				3,
				0
			]
		},
		{
			"Target": "Parameter",
			"Id": "ParamBrowRX",
			"Segments": [
				0,
				0,
				1,
				0.2,
				0,
				0.4,
				-0.1,
				0.6,
				-0.1,
				1,
				0.967,
				-0.1,
				1.333,
				-0.1,
				1.7,
				-0.1,
				1,
				2.022,
				-0.1,
				2.344,
				0,
				2.667,
				0,
				1,
				2.778,
				0,
				2.889,
				0,
				3,
				0
			]
		},
		{
			"Target": "Parameter",
			"Id": "ParamBrowRY",
			"Segments": [
				0,
				0,
				1,
				0.2,
				0,
				0.4,
				0.3,
				0.6,
				0.3,
				1,
				0.967,
				0.3,
				1.333,
				0.3,
				1.7,
				0.3,
				1,
				2.022,
				0.3,
				2.344,
				0,
				2.667,
				0,
				1,
				2.778,
				0,
				2.889,
				0,
				3,
				0
			]
		},
		{
			"Target": "Parameter",
			"Id": "ParamBrowLX",
			"Segments": [
				0,
				0,
				1,
				0.2,
				0,
				0.4,
				-0.1,
				0.6,
				-0.1,
				1,
				0.967,
				-0.1,
				1.333,
				-0.1,
				1.7,
				-0.1,
				1,
				2.022,
				-0.1,
				2.344,
				0,
				2.667,
				0,
				1,
				2.778,
				0,
				2.889,
				0,
				3,
				0
			]
		},
		{
			"Target": "Parameter",
			"Id": "ParamBrowLY",
			"Segments": [
				0,
				0,
				1,
				0.2,
				0,
				0.4,
				-0.2,
				0.6,
				-0.2,
				1,
				0.967,
				-0.2,
				1.333,
				-0.2,
				1.7,
				-0.2,
				1,
				2.022,
				-0.2,
				2.344,
				0,
				2.667,
				0,
				1,
				2.778,
				0,
				2.889,
				0,
				3,
				0
			]
		},
		{
			"Target": "Parameter",
			"Id": "ParamBrowRAngle",
			"Segments": [
				0,
				0,
				1,
				0.2,
				0,
				0.4,
				-0.5,
				0.6,
				-0.5,
				1,
				0.967,
				-0.5,
				1.333,
				-0.5,
				1.7,
				-0.5,
				1,
				2.022,
				-0.5,
				2.344,
				0,
				2.667,
				0,
				1,
				2.778,
				0,
				2.889,
				0,
				3,
				0
			]
		},
		{
			"Target": "Parameter",
			"Id": "ParamBrowLAngle",
			"Segments": [
				0,
				0,
				1,
				0.2,
				0,
				0.4,
				1,
				0.6,
				1,
				1,
				0.967,
				1,
				1.333,
				1,
				1.7,
				1,
				1,
				2.022,
				1,
				2.344,
				0,
				2.667,
				0,
				1,
				2.778,
				0,
				2.889,
				0,
				3,
				0
			]
		},
		{
			"Target": "Parameter",
			"Id": "ParamBrowRForm",
			"Segments": [
				0,
				0,
				1,
				0.2,
				0,
				0.4,
				-1,
				0.6,
				-1,
				1,
				0.967,
				-1,
				1.333,
				-0.748,
				1.7,
				-0.4,
				1,
				2.022,
				-0.094,
				2.344,
				0,
				2.667,
				0,
				1,
				2.778,
				0,
				2.889,
				0,
				3,
				0
			]
		},
		{
			"Target": "Parameter",
			"Id": "ParamBrowLForm",
			"Segments": [
				0,
				0,
				1,
				0.2,
				0,
				0.4,
				-1,
				0.6,
				-1,
				1,
				0.967,
				-1,
				1.333,
				-0.748,
				1.7,
				-0.4,
				1,
				2.022,
				-0.094,
				2.344,
				0,
				2.667,
				0,
				1,
				2.778,
				0,
				2.889,
				0,
				3,
				0
			]
		},
		{
			"Target": "Parameter",
			"Id": "ParamMouthForm",
			"Segments": [
				0,
				0,
				1,
				0.089,
				0,
				0.178,
				0,
				0.267,
				0,
				1,
				0.378,
				0,
				0.489,
				1,
				0.6,
				1,
				1,
				0.722,
				1,
				0.844,
				1,
				0.967,
				1,
				1,
				1.211,
				1,
				1.456,
				0.935,
				1.7,
				0.6,
				1,
				1.9,
				0.326,
				2.1,
				0,
				2.3,
				0,
				1,
				2.533,
				0,
				2.767,
				0,
				3,
				0
			]
		},
		{
			"Target": "Parameter",
			"Id": "ParamMouthOpenY",
			"Segments": [
				0,
				0,
				1,
				0.089,
				0,
				0.178,
				1,
				0.267,
				1,
				1,
				0.378,
				1,
				0.489,
				1,
				0.6,
				1,
				1,
				0.722,
				1,
				0.844,
				0.7,
				0.967,
				0.7,
				1,
				1.211,
				0.7,
				1.456,
				1,
				1.7,
				1,
				1,
				1.9,
				1,
				2.1,
				0,
				2.3,
				0,
				1,
				2.533,
				0,
				2.767,
				0,
				3,
				0
			]
		},
		{
			"Target": "Parameter",
			"Id": "ParamCheek",
			"Segments": [
				0,
				0,
				1,
				0.133,
				0,
				0.267,
				1,
				0.4,
				1,
				1,
				0.644,
				1,
				0.889,
				1,
				1.133,
				1,
				1,
				1.644,
				1,
				2.156,
				0,
				2.667,
				0,
				0,
				3,
				0
			]
		},
		{
			"Target": "Parameter",
			"Id": "ParamBodyAngleX",
			"Segments": [
				0,
				0,
				1,
				0.044,
				0,
				0.089,
				-10,
				0.133,
				-10,
				1,
				0.222,
				-10,
				0.311,
				10,
				0.4,
				10,
				1,
				0.533,
				10,
				0.667,
				-5,
				0.8,
				-5,
				1,
				1.067,
				-5,
				1.333,
				4,
				1.6,
				4,
				1,
				1.8,
				4,
				2,
				-1,
				2.2,
				-1,
				1,
				2.356,
				-1,
				2.511,
				0,
				2.667,
				0,
				1,
				2.778,
				0,
				2.889,
				0,
				3,
				0
			]
		},
		{
			"Target": "Parameter",
			"Id": "ParamBodyAngleY",
			"Segments": [
				0,
				0,
				1,
				0.044,
				0,
				0.089,
				-1,
				0.133,
				-1,
				1,
				0.222,
				-1,
				0.311,
				2,
				0.4,
				2,
				1,
				0.533,
				2,
				0.667,
				0,
				0.8,
				0,
				1,
				1.533,
				0,
				2.267,
				0,
				3,
				0
			]
		},
		{
			"Target": "Parameter",
			"Id": "ParamBodyAngleZ",
			"Segments": [
				0,
				0,
				1,
				0.011,
				0,
				0.022,
				-0.204,
				0.033,
				-0.362,
				1,
				0.067,
				-0.835,
				0.1,
				-1,
				0.133,
				-1,
				1,
				0.222,
				-1,
				0.311,
				1,
				0.4,
				1,
				1,
				0.556,
				1,
				0.711,
				-0.778,
				0.867,
				-0.778,
				1,
				1.111,
				-0.778,
				1.356,
				0.29,
				1.6,
				0.29,
				1,
				1.767,
				0.29,
				1.933,
				-0.285,
				2.1,
				-0.285,
				1,
				2.289,
				-0.285,
				2.478,
				0,
				2.667,
				0,
				0,
				3,
				0
			]
		},
		{
			"Target": "Parameter",
			"Id": "ParamBreath",
			"Segments": [
				0,
				0.5,
				1,
				0.044,
				0.5,
				0.089,
				0,
				0.133,
				0,
				1,
				0.222,
				0,
				0.311,
				1,
				0.4,
				1,
				1,
				0.533,
				1,
				0.667,
				0,
				0.8,
				0,
				1,
				1.067,
				0,
				1.333,
				0.5,
				1.6,
				0.5,
				1,
				1.767,
				0.5,
				1.933,
				0,
				2.1,
				0,
				1,
				2.4,
				0,
				2.7,
				0.5,
				3,
				0.5
			]
		},
		{
			"Target": "Parameter",
			"Id": "ParamHairFront",
			"Segments": [
				0,
				0,
				1,
				0.033,
				0,
				0.067,
				0.5,
				0.1,
				0.5,
				1,
				0.233,
				0.5,
				0.367,
				-0.5,
				0.5,
				-0.5,
				1,
				0.633,
				-0.5,
				0.767,
				0.3,
				0.9,
				0.3,
				1,
				1.133,
				0.3,
				1.367,
				-0.2,
				1.6,
				-0.2,
				1,
				1.811,
				-0.2,
				2.022,
				0.1,
				2.233,
				0.1,
				1,
				2.378,
				0.1,
				2.522,
				0,
				2.667,
				0,
				1,
				2.778,
				0,
				2.889,
				0,
				3,
				0
			]
		},
		{
			"Target": "Parameter",
			"Id": "ParamHairSideL",
			"Segments": [
				0,
				0,
				1,
				0.033,
				0,
				0.067,
				0.4,
				0.1,
				0.4,
				1,
				0.233,
				0.4,
				0.367,
				-0.5,
				0.5,
				-0.5,
				1,
				0.633,
				-0.5,
				0.767,
				0.4,
				0.9,
				0.4,
				1,
				1.133,
				0.4,
				1.367,
				-0.2,
				1.6,
				-0.2,
				1,
				1.811,
				-0.2,
				2.022,
				0.1,
				2.233,
				0.1,
				1,
				2.378,
				0.1,
				2.522,
				0,
				2.667,
				0,
				1,
				2.778,
				0,
				2.889,
				0,
				3,
				0
			]
		},
		{
			"Target": "Parameter",
			"Id": "ParamHairSideR",
			"Segments": [
				0,
				0,
				1,
				0.033,
				0,
				0.067,
				0.8,
				0.1,
				0.8,
				1,
				0.233,
				0.8,
				0.367,
				-0.9,
				0.5,
				-0.9,
				1,
				0.633,
				-0.9,
				0.767,
				0.7,
				0.9,
				0.7,
				1,
				1.133,
				0.7,
				1.367,
				-0.5,
				1.6,
				-0.5,
				1,
				1.811,
				-0.5,
				2.022,
				0.1,
				2.233,
				0.1,
				1,
				2.378,
				0.1,
				2.522,
				0,
				2.667,
				0,
				1,
				2.778,
				0,
				2.889,
				0,
				3,
				0
			]
		},
		{
			"Target": "Parameter",
			"Id": "ParamHairBack",
			"Segments": [
				0,
				0,
				1,
				0.033,
				0,
				0.067,
				0.5,
				0.1,
				0.5,
				1,
				0.233,
				0.5,
				0.367,
				-0.5,
				0.5,
				-0.5,
				1,
				0.633,
				-0.5,
				0.767,
				0.4,
				0.9,
				0.4,
				1,
				1.133,
				0.4,
				1.367,
				-0.2,
				1.6,
				-0.2,
				1,
				1.811,
				-0.2,
				2.022,
				0.1,
				2.233,
				0.1,
				1,
				2.378,
				0.1,
				2.522,
				0,
				2.667,
				0,
				1,
				2.778,
				0,
				2.889,
				0,
				3,
				0
			]
		},
		{
			"Target": "Parameter",
			"Id": "ParamHiarKaze",
			"Segments": [
				0,
				0,
				1,
				0.011,
				0,
				0.022,
				0.173,
				0.033,
				0.3,
				1,
				0.078,
				0.808,
				0.122,
				1,
				0.167,
				1,
				1,
				0.267,
				1,
				0.367,
				-0.4,
				0.467,
				-0.4,
				1,
				0.633,
				-0.4,
				0.8,
				0.4,
				0.967,
				0.4,
				1,
				1.189,
				0.4,
				1.411,
				-0.2,
				1.633,
				-0.2,
				1,
				1.856,
				-0.2,
				2.078,
				0.1,
				2.3,
				0.1,
				1,
				2.422,
				0.1,
				2.544,
				0,
				2.667,
				0,
				1,
				2.778,
				0,
				2.889,
				0,
				3,
				0
			]
		},
		{
			"Target": "Parameter",
			"Id": "ParamRibonX",
			"Segments": [
				0,
				0,
				1,
				0.033,
				0,
				0.067,
				18,
				0.1,
				18,
				1,
				0.156,
				18,
				0.211,
				11.333,
				0.267,
				-2,
				1,
				0.322,
				-15.333,
				0.378,
				-22,
				0.433,
				-22,
				1,
				0.511,
				-22,
				0.589,
				-2.438,
				0.667,
				4,
				1,
				0.722,
				8.599,
				0.778,
				8,
				0.833,
				8,
				1,
				1.044,
				8,
				1.256,
				-6,
				1.467,
				-6,
				1,
				1.7,
				-6,
				1.933,
				6,
				2.167,
				6,
				1,
				2.444,
				6,
				2.722,
				0,
				3,
				0
			]
		},
		{
			"Target": "Parameter",
			"Id": "ParamRibonY",
			"Segments": [
				0,
				0,
				1,
				0.033,
				0,
				0.067,
				14.418,
				0.1,
				15,
				1,
				0.156,
				15.97,
				0.211,
				16,
				0.267,
				16,
				1,
				0.322,
				16,
				0.378,
				-14,
				0.433,
				-14,
				1,
				0.511,
				-14,
				0.589,
				-12.718,
				0.667,
				-6,
				1,
				0.722,
				-1.202,
				0.778,
				6,
				0.833,
				6,
				1,
				1.044,
				6,
				1.256,
				-6,
				1.467,
				-6,
				1,
				1.7,
				-6,
				1.933,
				0,
				2.167,
				0,
				1,
				2.444,
				0,
				2.722,
				0,
				3,
				0
			]
		},
		{
			"Target": "Parameter",
			"Id": "ParamPaiRX",
			"Segments": [
				0,
				0,
				1,
				0.033,
				0,
				0.067,
				-2,
				0.1,
				-6,
				1,
				0.144,
				-11.333,
				0.189,
				-14,
				0.233,
				-14,
				1,
				0.289,
				-14,
				0.344,
				-14,
				0.4,
				-14,
				1,
				0.456,
				-14,
				0.511,
				-13.607,
				0.567,
				-11,
				1,
				0.633,
				-7.871,
				0.7,
				-2.374,
				0.767,
				2,
				1,
				0.867,
				8.561,
				0.967,
				11.905,
				1.067,
				11.905,
				1,
				1.156,
				11.905,
				1.244,
				4.128,
				1.333,
				-0.159,
				1,
				1.422,
				-4.445,
				1.511,
				-4.74,
				1.6,
				-4.74,
				1,
				1.7,
				-4.74,
				1.8,
				-4.126,
				1.9,
				-3.159,
				1,
				2.011,
				-2.084,
				2.122,
				-0.854,
				2.233,
				-0.159,
				1,
				2.367,
				0.676,
				2.5,
				0.841,
				2.633,
				0.841,
				1,
				2.756,
				0.841,
				2.878,
				0,
				3,
				0
			]
		},
		{
			"Target": "Parameter",
			"Id": "ParamPaiRY",
			"Segments": [
				0,
				0,
				1,
				0.033,
				0,
				0.067,
				8,
				0.1,
				8,
				1,
				0.144,
				8,
				0.189,
				-30,
				0.233,
				-30,
				1,
				0.289,
				-30,
				0.344,
				30,
				0.4,
				30,
				1,
				0.456,
				30,
				0.511,
				6.441,
				0.567,
				-9,
				1,
				0.633,
				-27.53,
				0.7,
				-30,
				0.767,
				-30,
				1,
				0.833,
				-30,
				0.9,
				-24.55,
				0.967,
				-14,
				1,
				1.089,
				5.342,
				1.211,
				14.841,
				1.333,
				14.841,
				1,
				1.411,
				14.841,
				1.489,
				14.09,
				1.567,
				8.841,
				1,
				1.678,
				1.343,
				1.789,
				-5.919,
				1.9,
				-5.919,
				1,
				2.011,
				-5.919,
				2.122,
				-2.139,
				2.233,
				-0.159,
				1,
				2.367,
				2.218,
				2.5,
				2.441,
				2.633,
				2.441,
				1,
				2.756,
				2.441,
				2.878,
				0,
				3,
				0
			]
		},
		{
			"Target": "Parameter",
			"Id": "ParamPaiRX2",
			"Segments": [
				0,
				0,
				1,
				0.056,
				0,
				0.111,
				-2.572,
				0.167,
				-7,
				1,
				0.211,
				-10.543,
				0.256,
				-12,
				0.3,
				-12,
				1,
				0.4,
				-12,
				0.5,
				-10.336,
				0.6,
				-7,
				1,
				0.689,
				-4.035,
				0.778,
				-2.234,
				0.867,
				1.905,
				1,
				1,
				8.113,
				1.133,
				15.079,
				1.267,
				15.079,
				1,
				1.378,
				15.079,
				1.489,
				-3.519,
				1.6,
				-3.519,
				1,
				1.711,
				-3.519,
				1.822,
				-2.927,
				1.933,
				-2.159,
				1,
				2.044,
				-1.391,
				2.156,
				-0.792,
				2.267,
				-0.159,
				1,
				2.389,
				0.538,
				2.511,
				0.841,
				2.633,
				0.841,
				1,
				2.756,
				0.841,
				2.878,
				0,
				3,
				0
			]
		},
		{
			"Target": "Parameter",
			"Id": "ParamPaiRY3",
			"Segments": [
				0,
				0,
				1,
				0.056,
				0,
				0.111,
				6,
				0.167,
				6,
				1,
				0.211,
				6,
				0.256,
				-30,
				0.3,
				-30,
				1,
				0.356,
				-30,
				0.411,
				30,
				0.467,
				30,
				1,
				0.522,
				30,
				0.578,
				12.945,
				0.633,
				-2,
				1,
				0.711,
				-22.924,
				0.789,
				-28,
				0.867,
				-28,
				1,
				0.922,
				-28,
				0.978,
				-18.213,
				1.033,
				-10,
				1,
				1.156,
				8.069,
				1.278,
				13.841,
				1.4,
				13.841,
				1,
				1.467,
				13.841,
				1.533,
				5.231,
				1.6,
				1.841,
				1,
				1.711,
				-3.808,
				1.822,
				-4.699,
				1.933,
				-4.699,
				1,
				2.044,
				-4.699,
				2.156,
				-1.834,
				2.267,
				-0.159,
				1,
				2.389,
				1.684,
				2.511,
				1.841,
				2.633,
				1.841,
				1,
				2.756,
				1.841,
				2.878,
				0,
				3,
				0
			]
		},
		{
			"Target": "Parameter",
			"Id": "ParamPaiLX",
			"Segments": [
				0,
				0,
				1,
				0.056,
				0,
				0.111,
				-2.155,
				0.167,
				-8,
				1,
				0.211,
				-12.676,
				0.256,
				-16,
				0.3,
				-16,
				1,
				0.411,
				-16,
				0.522,
				-13.705,
				0.633,
				-9,
				1,
				0.711,
				-5.706,
				0.789,
				-3.65,
				0.867,
				1,
				1,
				0.956,
				6.315,
				1.044,
				14.127,
				1.133,
				14.127,
				1,
				1.222,
				14.127,
				1.311,
				9.747,
				1.4,
				2.841,
				1,
				1.467,
				-2.338,
				1.533,
				-4.179,
				1.6,
				-4.179,
				1,
				1.711,
				-4.179,
				1.822,
				-3.002,
				1.933,
				-2.119,
				1,
				2.044,
				-1.236,
				2.156,
				-0.786,
				2.267,
				-0.159,
				1,
				2.389,
				0.532,
				2.511,
				0.841,
				2.633,
				0.841,
				1,
				2.756,
				0.841,
				2.878,
				0,
				3,
				0
			]
		},
		{
			"Target": "Parameter",
			"Id": "ParamPaiLY",
			"Segments": [
				0,
				0,
				1,
				0.056,
				0,
				0.111,
				6,
				0.167,
				6,
				1,
				0.211,
				6,
				0.256,
				-29,
				0.3,
				-29,
				1,
				0.356,
				-29,
				0.411,
				30,
				0.467,
				30,
				1,
				0.522,
				30,
				0.578,
				4.295,
				0.633,
				-9,
				1,
				0.711,
				-27.613,
				0.789,
				-30,
				0.867,
				-30,
				1,
				0.922,
				-30,
				0.978,
				-20.213,
				1.033,
				-12,
				1,
				1.156,
				6.069,
				1.278,
				11.841,
				1.4,
				11.841,
				1,
				1.467,
				11.841,
				1.533,
				8.95,
				1.6,
				4.841,
				1,
				1.711,
				-2.006,
				1.822,
				-4.762,
				1.933,
				-4.762,
				1,
				2.044,
				-4.762,
				2.156,
				-1.839,
				2.267,
				-0.159,
				1,
				2.389,
				1.689,
				2.511,
				1.841,
				2.633,
				1.841,
				1,
				2.756,
				1.841,
				2.878,
				0,
				3,
				0
			]
		},
		{
			"Target": "Parameter",
			"Id": "ParamPaiLX2",
			"Segments": [
				0,
				0,
				1,
				0.078,
				0,
				0.156,
				-4.292,
				0.233,
				-9,
				1,
				0.278,
				-11.69,
				0.322,
				-12,
				0.367,
				-12,
				1,
				0.422,
				-12,
				0.478,
				-9.556,
				0.533,
				-9,
				1,
				0.589,
				-8.444,
				0.644,
				-8.623,
				0.7,
				-8,
				1,
				0.767,
				-7.252,
				0.833,
				-1.248,
				0.9,
				4,
				1,
				0.978,
				10.123,
				1.056,
				16.984,
				1.133,
				16.984,
				1,
				1.233,
				16.984,
				1.333,
				8.513,
				1.433,
				1.841,
				1,
				1.5,
				-2.607,
				1.567,
				-2.759,
				1.633,
				-2.759,
				1,
				1.844,
				-2.759,
				2.056,
				-1.62,
				2.267,
				-0.159,
				1,
				2.389,
				0.687,
				2.511,
				0.841,
				2.633,
				0.841,
				1,
				2.756,
				0.841,
				2.878,
				0,
				3,
				0
			]
		},
		{
			"Target": "Parameter",
			"Id": "ParamPaiLY2",
			"Segments": [
				0,
				0,
				1,
				0.078,
				0,
				0.156,
				6,
				0.233,
				6,
				1,
				0.278,
				6,
				0.322,
				-22,
				0.367,
				-22,
				1,
				0.422,
				-22,
				0.478,
				30,
				0.533,
				30,
				1,
				0.589,
				30,
				0.644,
				13.252,
				0.7,
				-4,
				1,
				0.767,
				-24.702,
				0.833,
				-30,
				0.9,
				-30,
				1,
				0.956,
				-30,
				1.011,
				-21.56,
				1.067,
				-15,
				1,
				1.133,
				-7.128,
				1.2,
				-4.026,
				1.267,
				3.651,
				1,
				1.311,
				8.769,
				1.356,
				16.032,
				1.4,
				16.032,
				1,
				1.478,
				16.032,
				1.556,
				5.773,
				1.633,
				1.841,
				1,
				1.733,
				-3.214,
				1.833,
				-3.64,
				1.933,
				-3.64,
				1,
				2.044,
				-3.64,
				2.156,
				-3.312,
				2.267,
				-1.159,
				1,
				2.389,
				1.21,
				2.511,
				3.841,
				2.633,
				3.841,
				1,
				2.756,
				3.841,
				2.878,
				0,
				3,
				0
			]
		},
		{
			"Target": "Parameter",
			"Id": "ParamPaiAni",
			"Segments": [
				0,
				0,
				1,
				0.022,
				0,
				0.044,
				0,
				0.067,
				0,
				1,
				0.078,
				0,
				0.089,
				0.219,
				0.1,
				0.6,
				1,
				0.2,
				4.033,
				0.3,
				5.723,
				0.4,
				5.723,
				1,
				0.589,
				5.723,
				0.778,
				0,
				0.967,
				0,
				1,
				1.089,
				0,
				1.211,
				2.167,
				1.333,
				2.167,
				1,
				1.622,
				2.167,
				1.911,
				0,
				2.2,
				0,
				1,
				2.467,
				0,
				2.733,
				0,
				3,
				0
			]
		}
	]
}