{
	"Version": 3,
	"Parameters": [
		{
			"Id": "ParamEff",
			"GroupId": "ParamGroup",
			"Name": "エフェクト1"
		},
		{
			"Id": "ParamEff2",
			"GroupId": "ParamGroup",
			"Name": "エフェクト2"
		},
		{
			"Id": "ParamEff3",
			"GroupId": "ParamGroup",
			"Name": "エフェクト3"
		},
		{
			"Id": "ParamEff4",
			"GroupId": "ParamGroup",
			"Name": "エフェクト4"
		},
		{
			"Id": "ParamEff5",
			"GroupId": "ParamGroup",
			"Name": "エフェクト5"
		},
		{
			"Id": "ParamEff6",
			"GroupId": "ParamGroup",
			"Name": "エフェクト6"
		},
		{
			"Id": "ParamEff7",
			"GroupId": "ParamGroup",
			"Name": "エフェクト7"
		},
		{
			"Id": "ParamEff8",
			"GroupId": "ParamGroup",
			"Name": "エフェクト8"
		},
		{
			"Id": "ParamEff9",
			"GroupId": "ParamGroup",
			"Name": "エフェクト9"
		},
		{
			"Id": "ParamEff10",
			"GroupId": "ParamGroup",
			"Name": "エフェクト10"
		},
		{
			"Id": "ParamEff11",
			"GroupId": "ParamGroup",
			"Name": "エフェクト11"
		},
		{
			"Id": "ParamEff12",
			"GroupId": "ParamGroup",
			"Name": "エフェクト12"
		},
		{
			"Id": "ParamEff13",
			"GroupId": "ParamGroup",
			"Name": "エフェクト13"
		},
		{
			"Id": "ParamEff14",
			"GroupId": "ParamGroup",
			"Name": "エフェクト14"
		},
		{
			"Id": "ParamEff15",
			"GroupId": "ParamGroup",
			"Name": "エフェクト15"
		},
		{
			"Id": "ParamEff16",
			"GroupId": "ParamGroup",
			"Name": "エフェクト16"
		},
		{
			"Id": "ParamEff17",
			"GroupId": "ParamGroup",
			"Name": "エフェクト17"
		},
		{
			"Id": "ParamEff18",
			"GroupId": "ParamGroup",
			"Name": "エフェクト18"
		},
		{
			"Id": "ParamEff19",
			"GroupId": "ParamGroup",
			"Name": "エフェクト19"
		},
		{
			"Id": "ParamEff20",
			"GroupId": "ParamGroup",
			"Name": "エフェクト20"
		},
		{
			"Id": "ParamEff21",
			"GroupId": "ParamGroup",
			"Name": "エフェクト21"
		},
		{
			"Id": "ParamEff22",
			"GroupId": "ParamGroup",
			"Name": "エフェクト22"
		},
		{
			"Id": "ParamEff23",
			"GroupId": "ParamGroup",
			"Name": "エフェクト23"
		},
		{
			"Id": "ParamEff24",
			"GroupId": "ParamGroup",
			"Name": "エフェクト24"
		},
		{
			"Id": "ParamEff25",
			"GroupId": "ParamGroup",
			"Name": "エフェクト25"
		},
		{
			"Id": "ParamEff26",
			"GroupId": "ParamGroup",
			"Name": "エフェクト26"
		},
		{
			"Id": "ParamEff27",
			"GroupId": "ParamGroup",
			"Name": "エフェクト27"
		},
		{
			"Id": "ParamEff28",
			"GroupId": "ParamGroup",
			"Name": "エフェクト28"
		},
		{
			"Id": "ParamEff29",
			"GroupId": "ParamGroup",
			"Name": "エフェクト29"
		},
		{
			"Id": "ParamEff30",
			"GroupId": "ParamGroup",
			"Name": "エフェクト30"
		},
		{
			"Id": "ParamEff31",
			"GroupId": "ParamGroup",
			"Name": "エフェクト31"
		},
		{
			"Id": "ParamEff32",
			"GroupId": "ParamGroup",
			"Name": "エフェクト32"
		},
		{
			"Id": "ParamEff33",
			"GroupId": "ParamGroup",
			"Name": "エフェクト33"
		},
		{
			"Id": "ParamEff34",
			"GroupId": "ParamGroup",
			"Name": "エフェクト34"
		},
		{
			"Id": "ParamEff35",
			"GroupId": "ParamGroup",
			"Name": "エフェクト35"
		},
		{
			"Id": "ParamFX",
			"GroupId": "ParamGroup2",
			"Name": "背景花 X"
		},
		{
			"Id": "ParamFire1X",
			"GroupId": "ParamGroup2",
			"Name": "背景炎1 X"
		},
		{
			"Id": "ParamFire1Y",
			"GroupId": "ParamGroup2",
			"Name": "背景炎1 Y"
		},
		{
			"Id": "ParamFire2X",
			"GroupId": "ParamGroup2",
			"Name": "背景炎2 X"
		},
		{
			"Id": "ParamFire2Y",
			"GroupId": "ParamGroup2",
			"Name": "背景炎2 Y"
		},
		{
			"Id": "ParamFire3X",
			"GroupId": "ParamGroup2",
			"Name": "背景炎3 X"
		},
		{
			"Id": "ParamFire3Y",
			"GroupId": "ParamGroup2",
			"Name": "背景炎3 Y"
		},
		{
			"Id": "ParamStar1",
			"GroupId": "ParamGroup2",
			"Name": "星1"
		},
		{
			"Id": "ParamStar2",
			"GroupId": "ParamGroup2",
			"Name": "星2"
		},
		{
			"Id": "ParamStar3",
			"GroupId": "ParamGroup2",
			"Name": "星3"
		},
		{
			"Id": "ParamStar4",
			"GroupId": "ParamGroup2",
			"Name": "星4"
		},
		{
			"Id": "ParamBara1",
			"GroupId": "ParamGroup2",
			"Name": "バラ1"
		},
		{
			"Id": "ParamBara2",
			"GroupId": "ParamGroup2",
			"Name": "バラ2"
		},
		{
			"Id": "ParamHX",
			"GroupId": "ParamGroup2",
			"Name": "瞳 X"
		},
		{
			"Id": "ParamHY",
			"GroupId": "ParamGroup2",
			"Name": "瞳 Y"
		},
		{
			"Id": "ParamSBH",
			"GroupId": "ParamGroup2",
			"Name": "瞳 SB"
		},
		{
			"Id": "ParamShabon1X",
			"GroupId": "ParamGroup3",
			"Name": "シャボン玉1X"
		},
		{
			"Id": "ParamShabon1Y",
			"GroupId": "ParamGroup3",
			"Name": "シャボン玉1Y"
		},
		{
			"Id": "ParamShabon2X",
			"GroupId": "ParamGroup3",
			"Name": "シャボン玉2X"
		},
		{
			"Id": "ParamShabon2Y",
			"GroupId": "ParamGroup3",
			"Name": "シャボン玉2Y"
		},
		{
			"Id": "ParamShabon3X",
			"GroupId": "ParamGroup3",
			"Name": "シャボン玉3X"
		},
		{
			"Id": "ParamShabon3Y",
			"GroupId": "ParamGroup3",
			"Name": "シャボン玉3Y"
		},
		{
			"Id": "ParamShabon4X",
			"GroupId": "ParamGroup3",
			"Name": "シャボン玉4X"
		},
		{
			"Id": "ParamShabon4Y",
			"GroupId": "ParamGroup3",
			"Name": "シャボン玉4Y"
		},
		{
			"Id": "ParamShabon5X",
			"GroupId": "ParamGroup3",
			"Name": "シャボン玉5X"
		},
		{
			"Id": "ParamShabon5Y",
			"GroupId": "ParamGroup3",
			"Name": "シャボン玉5Y"
		},
		{
			"Id": "ParamShabon6X",
			"GroupId": "ParamGroup3",
			"Name": "シャボン玉6X"
		},
		{
			"Id": "ParamShabon6Y",
			"GroupId": "ParamGroup3",
			"Name": "シャボン玉6Y"
		},
		{
			"Id": "ParamShabon7X",
			"GroupId": "ParamGroup3",
			"Name": "シャボン玉7X"
		},
		{
			"Id": "ParamShabon7Y",
			"GroupId": "ParamGroup3",
			"Name": "シャボン玉7Y"
		},
		{
			"Id": "ParamShabon8X",
			"GroupId": "ParamGroup3",
			"Name": "シャボン玉8X"
		},
		{
			"Id": "ParamShabon8Y",
			"GroupId": "ParamGroup3",
			"Name": "シャボン玉8Y"
		},
		{
			"Id": "ParamYuge1",
			"GroupId": "ParamGroup4",
			"Name": "湯気1"
		},
		{
			"Id": "ParamYuge1A",
			"GroupId": "ParamGroup4",
			"Name": "湯気1 Alp"
		},
		{
			"Id": "ParamYuge2",
			"GroupId": "ParamGroup4",
			"Name": "湯気2"
		},
		{
			"Id": "ParamYuge2A",
			"GroupId": "ParamGroup4",
			"Name": "湯気2 Alp"
		},
		{
			"Id": "ParamYuge3",
			"GroupId": "ParamGroup4",
			"Name": "湯気3"
		},
		{
			"Id": "ParamYuge3A",
			"GroupId": "ParamGroup4",
			"Name": "湯気3 Alp"
		},
		{
			"Id": "ParamYuge4",
			"GroupId": "ParamGroup4",
			"Name": "湯気4"
		},
		{
			"Id": "ParamYuge4A",
			"GroupId": "ParamGroup4",
			"Name": "湯気4 Alp"
		},
		{
			"Id": "ParamYuge5",
			"GroupId": "ParamGroup4",
			"Name": "湯気5"
		},
		{
			"Id": "ParamYuge5A",
			"GroupId": "ParamGroup4",
			"Name": "湯気5 Alp"
		},
		{
			"Id": "ParamYuge6",
			"GroupId": "ParamGroup4",
			"Name": "湯気6"
		},
		{
			"Id": "ParamYuge6A",
			"GroupId": "ParamGroup4",
			"Name": "湯気6 Alp"
		},
		{
			"Id": "ParamYuge7",
			"GroupId": "ParamGroup4",
			"Name": "湯気7"
		},
		{
			"Id": "ParamYuge7A",
			"GroupId": "ParamGroup4",
			"Name": "湯気7 Alp"
		},
		{
			"Id": "ParamYuge8",
			"GroupId": "ParamGroup4",
			"Name": "湯気8"
		},
		{
			"Id": "ParamYuge8A",
			"GroupId": "ParamGroup4",
			"Name": "湯気8 Alp"
		},
		{
			"Id": "ParamYuge9",
			"GroupId": "ParamGroup4",
			"Name": "湯気9"
		},
		{
			"Id": "ParamYuge9A",
			"GroupId": "ParamGroup4",
			"Name": "湯気9 Alp"
		},
		{
			"Id": "ParamYuge10",
			"GroupId": "ParamGroup4",
			"Name": "湯気10"
		},
		{
			"Id": "ParamYuge10A",
			"GroupId": "ParamGroup4",
			"Name": "湯気10 Alp"
		},
		{
			"Id": "ParamYuge11",
			"GroupId": "ParamGroup4",
			"Name": "湯気11"
		},
		{
			"Id": "ParamYuge11A",
			"GroupId": "ParamGroup4",
			"Name": "湯気11 Alp"
		},
		{
			"Id": "ParamYuge12",
			"GroupId": "ParamGroup4",
			"Name": "湯気12"
		},
		{
			"Id": "ParamYuge12A",
			"GroupId": "ParamGroup4",
			"Name": "湯気12 Alp"
		},
		{
			"Id": "ParamYuge13",
			"GroupId": "ParamGroup4",
			"Name": "湯気13"
		},
		{
			"Id": "ParamYuge13A",
			"GroupId": "ParamGroup4",
			"Name": "湯気13 Alp"
		},
		{
			"Id": "ParamYuge14",
			"GroupId": "ParamGroup4",
			"Name": "湯気14"
		},
		{
			"Id": "ParamYuge14A",
			"GroupId": "ParamGroup4",
			"Name": "湯気14 Alp"
		},
		{
			"Id": "ParamLArm2",
			"GroupId": "ParamGroup5",
			"Name": "二の腕"
		},
		{
			"Id": "ParamLArm",
			"GroupId": "ParamGroup5",
			"Name": "腕"
		},
		{
			"Id": "ParamLHand",
			"GroupId": "ParamGroup5",
			"Name": "手"
		},
		{
			"Id": "ParamLUbi1",
			"GroupId": "ParamGroup5",
			"Name": "小指1"
		},
		{
			"Id": "ParamLUbi2",
			"GroupId": "ParamGroup5",
			"Name": "小指2"
		},
		{
			"Id": "ParamLUbi3",
			"GroupId": "ParamGroup5",
			"Name": "小指3"
		},
		{
			"Id": "ParamLUbi4",
			"GroupId": "ParamGroup5",
			"Name": "薬指1"
		},
		{
			"Id": "ParamLUbi5",
			"GroupId": "ParamGroup5",
			"Name": "薬指2"
		},
		{
			"Id": "ParamLUbi6",
			"GroupId": "ParamGroup5",
			"Name": "薬指3"
		},
		{
			"Id": "ParamLUbi7",
			"GroupId": "ParamGroup5",
			"Name": "中指1"
		},
		{
			"Id": "ParamLUbi8",
			"GroupId": "ParamGroup5",
			"Name": "中指2"
		},
		{
			"Id": "ParamLUbi9",
			"GroupId": "ParamGroup5",
			"Name": "中指3"
		},
		{
			"Id": "ParamLUbi10",
			"GroupId": "ParamGroup5",
			"Name": "人差し指1"
		},
		{
			"Id": "ParamLUbi11",
			"GroupId": "ParamGroup5",
			"Name": "人差し指2"
		},
		{
			"Id": "ParamLUbi12",
			"GroupId": "ParamGroup5",
			"Name": "人差し指3"
		},
		{
			"Id": "ParamLUbi13",
			"GroupId": "ParamGroup5",
			"Name": "親指1"
		},
		{
			"Id": "ParamLUbi14",
			"GroupId": "ParamGroup5",
			"Name": "親指2"
		},
		{
			"Id": "ParamUde",
			"GroupId": "ParamGroup7",
			"Name": "腕"
		},
		{
			"Id": "ParamLR",
			"GroupId": "ParamGroup7",
			"Name": "右足ふともも"
		},
		{
			"Id": "ParamLR2",
			"GroupId": "ParamGroup7",
			"Name": "右足"
		},
		{
			"Id": "ParamRR",
			"GroupId": "ParamGroup7",
			"Name": "左足ふともも"
		},
		{
			"Id": "ParamRR2",
			"GroupId": "ParamGroup7",
			"Name": "左足"
		},
		{
			"Id": "ParamAngleX",
			"GroupId": "ParamGroup8",
			"Name": "角度 X"
		},
		{
			"Id": "ParamAngleY",
			"GroupId": "ParamGroup8",
			"Name": "角度 Y"
		},
		{
			"Id": "ParamAngleZ",
			"GroupId": "ParamGroup8",
			"Name": "角度 Z"
		},
		{
			"Id": "ParamEyeLOpen",
			"GroupId": "ParamGroup8",
			"Name": "左目　開閉"
		},
		{
			"Id": "ParamEyeLSmile",
			"GroupId": "ParamGroup8",
			"Name": "左目　笑顔"
		},
		{
			"Id": "ParamEyeROpen",
			"GroupId": "ParamGroup8",
			"Name": "右目　開閉"
		},
		{
			"Id": "ParamEyeRSmile",
			"GroupId": "ParamGroup8",
			"Name": "右目　笑顔"
		},
		{
			"Id": "ParamEyeBallX",
			"GroupId": "ParamGroup8",
			"Name": "目玉 X"
		},
		{
			"Id": "ParamEyeBallY",
			"GroupId": "ParamGroup8",
			"Name": "目玉 Y"
		},
		{
			"Id": "ParamBrowRX",
			"GroupId": "ParamGroup8",
			"Name": "右眉　左右"
		},
		{
			"Id": "ParamBrowRY",
			"GroupId": "ParamGroup8",
			"Name": "右眉　上下"
		},
		{
			"Id": "ParamBrowLX",
			"GroupId": "ParamGroup8",
			"Name": "左眉　左右"
		},
		{
			"Id": "ParamBrowLY",
			"GroupId": "ParamGroup8",
			"Name": "左眉　上下"
		},
		{
			"Id": "ParamBrowRAngle",
			"GroupId": "ParamGroup8",
			"Name": "右眉　角度"
		},
		{
			"Id": "ParamBrowLAngle",
			"GroupId": "ParamGroup8",
			"Name": "左眉　角度"
		},
		{
			"Id": "ParamBrowRForm",
			"GroupId": "ParamGroup8",
			"Name": "右眉　変形"
		},
		{
			"Id": "ParamBrowLForm",
			"GroupId": "ParamGroup8",
			"Name": "左眉　変形"
		},
		{
			"Id": "ParamMouthForm",
			"GroupId": "ParamGroup8",
			"Name": "口　変形"
		},
		{
			"Id": "ParamMouthOpenY",
			"GroupId": "ParamGroup8",
			"Name": "口　開閉"
		},
		{
			"Id": "ParamCheek",
			"GroupId": "ParamGroup8",
			"Name": "照れ"
		},
		{
			"Id": "ParamBodyAngleX",
			"GroupId": "ParamGroup8",
			"Name": "体の回転　X"
		},
		{
			"Id": "ParamBodyAngleY",
			"GroupId": "ParamGroup8",
			"Name": "体の回転　Y"
		},
		{
			"Id": "ParamBodyAngleZ",
			"GroupId": "ParamGroup8",
			"Name": "体の回転　Z"
		},
		{
			"Id": "ParamBreath",
			"GroupId": "ParamGroup8",
			"Name": "呼吸"
		},
		{
			"Id": "ParamPX",
			"GroupId": "ParamGroup8",
			"Name": "体 位置X"
		},
		{
			"Id": "ParamPY",
			"GroupId": "ParamGroup8",
			"Name": "体 位置Y"
		},
		{
			"Id": "ParamHairFront",
			"GroupId": "ParamGroup8",
			"Name": "髪揺れ　前"
		},
		{
			"Id": "ParamHairSideL",
			"GroupId": "ParamGroup8",
			"Name": "髪揺れ　横左"
		},
		{
			"Id": "ParamHairSideR",
			"GroupId": "ParamGroup8",
			"Name": "髪揺れ　横右"
		},
		{
			"Id": "ParamHairBack",
			"GroupId": "ParamGroup8",
			"Name": "髪揺れ　後"
		},
		{
			"Id": "ParamHiarKaze",
			"GroupId": "ParamGroup8",
			"Name": "髪揺れ　風"
		},
		{
			"Id": "ParamRibonX",
			"GroupId": "ParamGroup8",
			"Name": "リボン X"
		},
		{
			"Id": "ParamRibonY",
			"GroupId": "ParamGroup8",
			"Name": "リボン Y"
		},
		{
			"Id": "ParamPaiRX",
			"GroupId": "ParamGroup6",
			"Name": "右胸 X"
		},
		{
			"Id": "ParamPaiRY",
			"GroupId": "ParamGroup6",
			"Name": "右胸 Y"
		},
		{
			"Id": "ParamPaiRX2",
			"GroupId": "ParamGroup6",
			"Name": "右胸 X2"
		},
		{
			"Id": "ParamPaiRY3",
			"GroupId": "ParamGroup6",
			"Name": "右胸 Y2"
		},
		{
			"Id": "ParamPaiLX",
			"GroupId": "ParamGroup6",
			"Name": "左胸 X"
		},
		{
			"Id": "ParamPaiLY",
			"GroupId": "ParamGroup6",
			"Name": "左胸 Y"
		},
		{
			"Id": "ParamPaiLX2",
			"GroupId": "ParamGroup6",
			"Name": "左胸 X2"
		},
		{
			"Id": "ParamPaiLY2",
			"GroupId": "ParamGroup6",
			"Name": "左胸 Y2"
		},
		{
			"Id": "ParamPaiAni",
			"GroupId": "ParamGroup6",
			"Name": "胸せり上げ"
		},
		{
			"Id": "ParamWater1",
			"GroupId": "ParamGroup9",
			"Name": "水滴1"
		},
		{
			"Id": "ParamWater2",
			"GroupId": "ParamGroup9",
			"Name": "水滴2"
		},
		{
			"Id": "ParamWater3",
			"GroupId": "ParamGroup9",
			"Name": "水滴3"
		},
		{
			"Id": "ParamWater4",
			"GroupId": "ParamGroup9",
			"Name": "水滴4"
		},
		{
			"Id": "ParamWater5",
			"GroupId": "ParamGroup9",
			"Name": "水滴5"
		},
		{
			"Id": "ParamWater6",
			"GroupId": "ParamGroup9",
			"Name": "水滴6"
		},
		{
			"Id": "ParamWater7",
			"GroupId": "ParamGroup9",
			"Name": "水滴7"
		},
		{
			"Id": "ParamWater8",
			"GroupId": "ParamGroup9",
			"Name": "水滴8"
		},
		{
			"Id": "ParamWater9",
			"GroupId": "ParamGroup9",
			"Name": "水滴9"
		},
		{
			"Id": "ParamWater10",
			"GroupId": "ParamGroup9",
			"Name": "水滴10"
		}
	],
	"ParameterGroups": [
		{
			"Id": "ParamGroup",
			"GroupId": "",
			"Name": "エフェクト"
		},
		{
			"Id": "ParamGroup2",
			"GroupId": "",
			"Name": "追加"
		},
		{
			"Id": "ParamGroup3",
			"GroupId": "",
			"Name": "シャボン玉"
		},
		{
			"Id": "ParamGroup4",
			"GroupId": "",
			"Name": "湯気"
		},
		{
			"Id": "ParamGroup5",
			"GroupId": "",
			"Name": "右腕"
		},
		{
			"Id": "ParamGroup7",
			"GroupId": "",
			"Name": "左腕足"
		},
		{
			"Id": "ParamGroup8",
			"GroupId": "",
			"Name": "基本"
		},
		{
			"Id": "ParamGroup6",
			"GroupId": "",
			"Name": "胸"
		},
		{
			"Id": "ParamGroup9",
			"GroupId": "",
			"Name": "汗"
		}
	],
	"Parts": [
		{
			"Id": "Part31",
			"Name": "1920x1440_4.psd"
		},
		{
			"Id": "Part54",
			"Name": "1920x1440.psd"
		},
		{
			"Id": "Part",
			"Name": "UI のコピー"
		},
		{
			"Id": "Part2",
			"Name": "エフェクト"
		},
		{
			"Id": "Part26",
			"Name": "頭All"
		},
		{
			"Id": "Part37",
			"Name": "体"
		},
		{
			"Id": "Part51",
			"Name": "後髪"
		},
		{
			"Id": "Part52",
			"Name": "背景エフェクト"
		},
		{
			"Id": "Part53",
			"Name": "背景動き追加素材"
		},
		{
			"Id": "Part3",
			"Name": "湯気"
		},
		{
			"Id": "Part4",
			"Name": "光小"
		},
		{
			"Id": "Part10",
			"Name": "ライト"
		},
		{
			"Id": "Part18",
			"Name": "丸光"
		},
		{
			"Id": "Part25",
			"Name": "シャボン玉"
		},
		{
			"Id": "Part27",
			"Name": "髪頭"
		},
		{
			"Id": "Part29",
			"Name": "しずく3"
		},
		{
			"Id": "Part30",
			"Name": "顔１"
		},
		{
			"Id": "Part35",
			"Name": "口頬鼻"
		},
		{
			"Id": "Part38",
			"Name": "腕"
		},
		{
			"Id": "Part44",
			"Name": "胸"
		},
		{
			"Id": "Part45",
			"Name": "しずく8"
		},
		{
			"Id": "Part46",
			"Name": "しずく5"
		},
		{
			"Id": "Part47",
			"Name": "しずく7"
		},
		{
			"Id": "Part48",
			"Name": "しずく9"
		},
		{
			"Id": "Part49",
			"Name": "しずく10"
		},
		{
			"Id": "Part50",
			"Name": "しずく4"
		},
		{
			"Id": "Part5",
			"Name": "光小s1"
		},
		{
			"Id": "Part6",
			"Name": "光小s2"
		},
		{
			"Id": "Part7",
			"Name": "光小s3"
		},
		{
			"Id": "Part8",
			"Name": "光小s4"
		},
		{
			"Id": "Part9",
			"Name": "光小s5"
		},
		{
			"Id": "Part11",
			"Name": "ライトs1"
		},
		{
			"Id": "Part12",
			"Name": "ライトs2"
		},
		{
			"Id": "Part13",
			"Name": "ライトs3"
		},
		{
			"Id": "Part14",
			"Name": "ライトs4"
		},
		{
			"Id": "Part15",
			"Name": "ライトs5"
		},
		{
			"Id": "Part16",
			"Name": "ライトs6"
		},
		{
			"Id": "Part17",
			"Name": "ライトs7"
		},
		{
			"Id": "Part19",
			"Name": "丸光s1"
		},
		{
			"Id": "Part20",
			"Name": "丸光s2"
		},
		{
			"Id": "Part21",
			"Name": "丸光s3"
		},
		{
			"Id": "Part22",
			"Name": "丸光s4"
		},
		{
			"Id": "Part23",
			"Name": "丸光s5"
		},
		{
			"Id": "Part24",
			"Name": "丸光s6"
		},
		{
			"Id": "Part28",
			"Name": "しずく2"
		},
		{
			"Id": "Part55",
			"Name": "右目"
		},
		{
			"Id": "Part57",
			"Name": "左目"
		},
		{
			"Id": "Part36",
			"Name": "頭髪影"
		},
		{
			"Id": "Part39",
			"Name": "小指"
		},
		{
			"Id": "Part40",
			"Name": "薬指"
		},
		{
			"Id": "Part41",
			"Name": "中指"
		},
		{
			"Id": "Part42",
			"Name": "人差し指"
		},
		{
			"Id": "Part43",
			"Name": "しずく1"
		},
		{
			"Id": "Part56",
			"Name": "眉"
		},
		{
			"Id": "Part58",
			"Name": "眉"
		}
	],
	"CombinedParameters": [
		[
			"ParamFire1X",
			"ParamFire1Y"
		],
		[
			"ParamFire2X",
			"ParamFire2Y"
		],
		[
			"ParamFire3X",
			"ParamFire3Y"
		],
		[
			"ParamHX",
			"ParamHY"
		],
		[
			"ParamShabon1X",
			"ParamShabon1Y"
		],
		[
			"ParamShabon2X",
			"ParamShabon2Y"
		],
		[
			"ParamShabon3X",
			"ParamShabon3Y"
		],
		[
			"ParamShabon4X",
			"ParamShabon4Y"
		],
		[
			"ParamShabon5X",
			"ParamShabon5Y"
		],
		[
			"ParamShabon6X",
			"ParamShabon6Y"
		],
		[
			"ParamShabon7X",
			"ParamShabon7Y"
		],
		[
			"ParamShabon8X",
			"ParamShabon8Y"
		],
		[
			"ParamAngleX",
			"ParamAngleY"
		],
		[
			"ParamEyeBallX",
			"ParamEyeBallY"
		],
		[
			"ParamBrowRX",
			"ParamBrowRY"
		],
		[
			"ParamBrowLX",
			"ParamBrowLY"
		],
		[
			"ParamPX",
			"ParamPY"
		],
		[
			"ParamRibonX",
			"ParamRibonY"
		],
		[
			"ParamPaiRX",
			"ParamPaiRY"
		],
		[
			"ParamPaiRX2",
			"ParamPaiRY3"
		],
		[
			"ParamPaiLX",
			"ParamPaiLY"
		],
		[
			"ParamPaiLX2",
			"ParamPaiLY2"
		]
	]
}