{
	"Version": 3,
	"Meta": {
		"Duration": 6,
		"Fps": 30.0,
		"Loop": true,
		"AreBeziersRestricted": true,
		"CurveCount": 120,
		"TotalSegmentCount": 492,
		"TotalPointCount": 1596,
		"UserDataCount": 0,
		"TotalUserDataSize": 0
	},
	"Curves": [
		{
			"Target": "Parameter",
			"Id": "ParamEff1",
			"Segments": [
				0,
				0.381,
				1,
				0.089,
				0.346,
				0.178,
				0.346,
				0.267,
				0.346,
				1,
				0.567,
				0.346,
				0.867,
				0.598,
				1.167,
				0.598,
				1,
				1.633,
				0.598,
				2.1,
				0.589,
				2.567,
				0.503,
				1,
				2.778,
				0.463,
				2.989,
				0.193,
				3.2,
				0.193,
				1,
				3.333,
				0.193,
				3.467,
				0.236,
				3.6,
				0.335,
				1,
				3.8,
				0.485,
				4,
				0.762,
				4.2,
				0.8,
				1,
				4.478,
				0.853,
				4.756,
				0.851,
				5.033,
				0.851,
				1,
				5.189,
				0.851,
				5.344,
				0.751,
				5.5,
				0.649,
				1,
				5.667,
				0.539,
				5.833,
				0.446,
				6,
				0.381
			]
		},
		{
			"Target": "Parameter",
			"Id": "ParamEff2",
			"Segments": [
				0,
				0.483,
				1,
				0.033,
				0.461,
				0.067,
				0.443,
				0.1,
				0.427,
				1,
				0.433,
				0.266,
				0.767,
				0.188,
				1.1,
				0.188,
				1,
				1.389,
				0.188,
				1.678,
				0.473,
				1.967,
				0.473,
				1,
				2.167,
				0.473,
				2.367,
				0.193,
				2.567,
				0.193,
				1,
				2.7,
				0.193,
				2.833,
				0.25,
				2.967,
				0.335,
				1,
				3.178,
				0.471,
				3.389,
				0.682,
				3.6,
				0.717,
				1,
				3.867,
				0.761,
				4.133,
				0.759,
				4.4,
				0.759,
				1,
				4.533,
				0.759,
				4.667,
				0.554,
				4.8,
				0.554,
				1,
				4.878,
				0.554,
				4.956,
				0.799,
				5.033,
				0.799,
				1,
				5.356,
				0.799,
				5.678,
				0.691,
				6,
				0.483
			]
		},
		{
			"Target": "Parameter",
			"Id": "ParamEff3",
			"Segments": [
				0,
				0.196,
				1,
				0.222,
				0.281,
				0.444,
				0.357,
				0.667,
				0.357,
				1,
				0.889,
				0.357,
				1.111,
				0.188,
				1.333,
				0.188,
				1,
				1.678,
				0.188,
				2.022,
				0.594,
				2.367,
				0.594,
				1,
				2.644,
				0.594,
				2.922,
				0.54,
				3.2,
				0.54,
				1,
				3.333,
				0.54,
				3.467,
				0.708,
				3.6,
				0.708,
				1,
				3.733,
				0.708,
				3.867,
				0.718,
				4,
				0.686,
				1,
				4.211,
				0.636,
				4.422,
				0.336,
				4.633,
				0.336,
				1,
				4.767,
				0.336,
				4.9,
				0.494,
				5.033,
				0.494,
				1,
				5.322,
				0.494,
				5.611,
				0.188,
				5.9,
				0.188,
				1,
				5.933,
				0.188,
				5.967,
				0.184,
				6,
				0.196
			]
		},
		{
			"Target": "Parameter",
			"Id": "ParamEff4",
			"Segments": [
				0,
				0.404,
				1,
				0.011,
				0.411,
				0.022,
				0.406,
				0.033,
				0.406,
				1,
				0.244,
				0.406,
				0.456,
				0.287,
				0.667,
				0.287,
				1,
				0.978,
				0.287,
				1.289,
				0.706,
				1.6,
				0.706,
				1,
				1.989,
				0.706,
				2.378,
				0.54,
				2.767,
				0.54,
				1,
				2.911,
				0.54,
				3.056,
				0.708,
				3.2,
				0.708,
				1,
				3.333,
				0.708,
				3.467,
				0.717,
				3.6,
				0.686,
				1,
				3.8,
				0.64,
				4,
				0.336,
				4.2,
				0.336,
				1,
				4.344,
				0.336,
				4.489,
				0.494,
				4.633,
				0.494,
				1,
				4.911,
				0.494,
				5.189,
				0.188,
				5.467,
				0.188,
				1,
				5.644,
				0.188,
				5.822,
				0.294,
				6,
				0.404
			]
		},
		{
			"Target": "Parameter",
			"Id": "ParamEff5",
			"Segments": [
				0,
				0.428,
				1,
				0.244,
				0.622,
				0.489,
				0.761,
				0.733,
				0.761,
				1,
				0.933,
				0.761,
				1.133,
				0.188,
				1.333,
				0.188,
				1,
				1.622,
				0.188,
				1.911,
				0.38,
				2.2,
				0.38,
				1,
				2.389,
				0.38,
				2.578,
				0.188,
				2.767,
				0.188,
				1,
				3.044,
				0.188,
				3.322,
				0.62,
				3.6,
				0.62,
				1,
				3.733,
				0.62,
				3.867,
				0.335,
				4,
				0.335,
				1,
				4.133,
				0.335,
				4.267,
				0.83,
				4.4,
				0.83,
				1,
				4.656,
				0.83,
				4.911,
				0.819,
				5.167,
				0.678,
				1,
				5.322,
				0.591,
				5.478,
				0.312,
				5.633,
				0.312,
				1,
				5.756,
				0.312,
				5.878,
				0.331,
				6,
				0.428
			]
		},
		{
			"Target": "Parameter",
			"Id": "ParamEff6",
			"Segments": [
				0,
				0.431,
				1,
				0.033,
				0.379,
				0.067,
				0.388,
				0.1,
				0.388,
				1,
				0.289,
				0.388,
				0.478,
				0.852,
				0.667,
				0.852,
				1,
				0.722,
				0.852,
				0.778,
				0.696,
				0.833,
				0.696,
				1,
				0.9,
				0.696,
				0.967,
				0.852,
				1.033,
				0.852,
				1,
				1.156,
				0.852,
				1.278,
				0.585,
				1.4,
				0.585,
				1,
				1.689,
				0.585,
				1.978,
				0.796,
				2.267,
				0.796,
				1,
				2.367,
				0.796,
				2.467,
				0.379,
				2.567,
				0.379,
				1,
				2.678,
				0.379,
				2.789,
				0.795,
				2.9,
				0.795,
				1,
				3,
				0.795,
				3.1,
				0.747,
				3.2,
				0.747,
				1,
				3.356,
				0.747,
				3.511,
				0.852,
				3.667,
				0.852,
				1,
				3.722,
				0.852,
				3.778,
				0.649,
				3.833,
				0.649,
				1,
				3.922,
				0.649,
				4.011,
				0.796,
				4.1,
				0.796,
				1,
				4.278,
				0.796,
				4.456,
				0.388,
				4.633,
				0.388,
				1,
				4.878,
				0.388,
				5.122,
				0.78,
				5.367,
				0.78,
				1,
				5.411,
				0.78,
				5.456,
				0.696,
				5.5,
				0.696,
				1,
				5.522,
				0.696,
				5.544,
				0.852,
				5.567,
				0.852,
				1,
				5.711,
				0.852,
				5.856,
				0.658,
				6,
				0.431
			]
		},
		{
			"Target": "Parameter",
			"Id": "ParamEff7",
			"Segments": [
				0,
				0.673,
				1,
				0.011,
				0.685,
				0.022,
				0.694,
				0.033,
				0.7,
				1,
				0.133,
				0.755,
				0.233,
				0.78,
				0.333,
				0.78,
				1,
				0.422,
				0.78,
				0.511,
				0.7,
				0.6,
				0.7,
				1,
				0.778,
				0.7,
				0.956,
				0.73,
				1.133,
				0.73,
				1,
				1.178,
				0.73,
				1.222,
				0.444,
				1.267,
				0.444,
				1,
				1.311,
				0.444,
				1.356,
				0.723,
				1.4,
				0.723,
				1,
				1.5,
				0.723,
				1.6,
				0.444,
				1.7,
				0.444,
				1,
				1.9,
				0.444,
				2.1,
				0.683,
				2.3,
				0.683,
				1,
				2.344,
				0.683,
				2.389,
				0.584,
				2.433,
				0.584,
				1,
				2.511,
				0.584,
				2.589,
				0.748,
				2.667,
				0.748,
				1,
				2.922,
				0.748,
				3.178,
				0.721,
				3.433,
				0.584,
				1,
				3.578,
				0.506,
				3.722,
				0.368,
				3.867,
				0.368,
				1,
				4.233,
				0.368,
				4.6,
				0.748,
				4.967,
				0.748,
				1,
				5.144,
				0.748,
				5.322,
				0.386,
				5.5,
				0.386,
				1,
				5.667,
				0.386,
				5.833,
				0.486,
				6,
				0.673
			]
		},
		{
			"Target": "Parameter",
			"Id": "ParamEff8",
			"Segments": [
				0,
				0.563,
				1,
				0.078,
				0.631,
				0.156,
				0.694,
				0.233,
				0.694,
				1,
				0.411,
				0.694,
				0.589,
				0.388,
				0.767,
				0.388,
				1,
				1.011,
				0.388,
				1.256,
				0.679,
				1.5,
				0.679,
				1,
				1.544,
				0.679,
				1.589,
				0.305,
				1.633,
				0.305,
				1,
				1.656,
				0.305,
				1.678,
				0.746,
				1.7,
				0.746,
				1,
				1.878,
				0.746,
				2.056,
				0.388,
				2.233,
				0.388,
				1,
				2.478,
				0.388,
				2.722,
				0.746,
				2.967,
				0.746,
				1,
				3.033,
				0.746,
				3.1,
				0.746,
				3.167,
				0.746,
				1,
				3.289,
				0.746,
				3.411,
				0.497,
				3.533,
				0.497,
				1,
				3.822,
				0.497,
				4.111,
				0.694,
				4.4,
				0.694,
				1,
				4.5,
				0.694,
				4.6,
				0.379,
				4.7,
				0.379,
				1,
				4.811,
				0.379,
				4.922,
				0.693,
				5.033,
				0.693,
				1,
				5.133,
				0.693,
				5.233,
				0.648,
				5.333,
				0.648,
				1,
				5.489,
				0.648,
				5.644,
				0.746,
				5.8,
				0.746,
				1,
				5.856,
				0.746,
				5.911,
				0.557,
				5.967,
				0.557,
				1,
				5.978,
				0.557,
				5.989,
				0.553,
				6,
				0.563
			]
		},
		{
			"Target": "Parameter",
			"Id": "ParamEff9",
			"Segments": [
				0,
				1,
				1,
				2,
				1,
				4,
				1,
				6,
				1
			]
		},
		{
			"Target": "Parameter",
			"Id": "ParamEff10",
			"Segments": [
				0,
				1,
				1,
				2,
				1,
				4,
				1,
				6,
				1
			]
		},
		{
			"Target": "Parameter",
			"Id": "ParamEff11",
			"Segments": [
				0,
				1,
				1,
				2,
				1,
				4,
				1,
				6,
				1
			]
		},
		{
			"Target": "Parameter",
			"Id": "ParamEff12",
			"Segments": [
				0,
				1,
				1,
				2,
				1,
				4,
				1,
				6,
				1
			]
		},
		{
			"Target": "Parameter",
			"Id": "ParamEff13",
			"Segments": [
				0,
				1,
				1,
				2,
				1,
				4,
				1,
				6,
				1
			]
		},
		{
			"Target": "Parameter",
			"Id": "ParamEff14",
			"Segments": [
				0,
				1,
				1,
				2,
				1,
				4,
				1,
				6,
				1
			]
		},
		{
			"Target": "Parameter",
			"Id": "ParamEff15",
			"Segments": [
				0,
				1,
				1,
				2,
				1,
				4,
				1,
				6,
				1
			]
		},
		{
			"Target": "Parameter",
			"Id": "ParamEff16",
			"Segments": [
				0,
				1,
				1,
				2,
				1,
				4,
				1,
				6,
				1
			]
		},
		{
			"Target": "Parameter",
			"Id": "ParamEff17",
			"Segments": [
				0,
				1,
				1,
				2,
				1,
				4,
				1,
				6,
				1
			]
		},
		{
			"Target": "Parameter",
			"Id": "ParamEff18",
			"Segments": [
				0,
				1,
				1,
				2,
				1,
				4,
				1,
				6,
				1
			]
		},
		{
			"Target": "Parameter",
			"Id": "ParamEff19",
			"Segments": [
				0,
				1,
				1,
				2,
				1,
				4,
				1,
				6,
				1
			]
		},
		{
			"Target": "Parameter",
			"Id": "ParamEff20",
			"Segments": [
				0,
				1,
				1,
				2,
				1,
				4,
				1,
				6,
				1
			]
		},
		{
			"Target": "Parameter",
			"Id": "ParamEff21",
			"Segments": [
				0,
				1,
				1,
				2,
				1,
				4,
				1,
				6,
				1
			]
		},
		{
			"Target": "Parameter",
			"Id": "ParamEff22",
			"Segments": [
				0,
				1,
				1,
				2,
				1,
				4,
				1,
				6,
				1
			]
		},
		{
			"Target": "Parameter",
			"Id": "ParamEff23",
			"Segments": [
				0,
				1,
				1,
				2,
				1,
				4,
				1,
				6,
				1
			]
		},
		{
			"Target": "Parameter",
			"Id": "ParamEff24",
			"Segments": [
				0,
				1,
				1,
				2,
				1,
				4,
				1,
				6,
				1
			]
		},
		{
			"Target": "Parameter",
			"Id": "ParamEff25",
			"Segments": [
				0,
				1,
				1,
				2,
				1,
				4,
				1,
				6,
				1
			]
		},
		{
			"Target": "Parameter",
			"Id": "ParamEff26",
			"Segments": [
				0,
				1,
				1,
				2,
				1,
				4,
				1,
				6,
				1
			]
		},
		{
			"Target": "Parameter",
			"Id": "ParamEff27",
			"Segments": [
				0,
				1,
				1,
				2,
				1,
				4,
				1,
				6,
				1
			]
		},
		{
			"Target": "Parameter",
			"Id": "ParamEff28",
			"Segments": [
				0,
				1,
				1,
				2,
				1,
				4,
				1,
				6,
				1
			]
		},
		{
			"Target": "Parameter",
			"Id": "ParamEff29",
			"Segments": [
				0,
				1,
				1,
				2,
				1,
				4,
				1,
				6,
				1
			]
		},
		{
			"Target": "Parameter",
			"Id": "ParamEff30",
			"Segments": [
				0,
				1,
				1,
				2,
				1,
				4,
				1,
				6,
				1
			]
		},
		{
			"Target": "Parameter",
			"Id": "ParamEff31",
			"Segments": [
				0,
				1,
				1,
				2,
				1,
				4,
				1,
				6,
				1
			]
		},
		{
			"Target": "Parameter",
			"Id": "ParamEff32",
			"Segments": [
				0,
				1,
				1,
				2,
				1,
				4,
				1,
				6,
				1
			]
		},
		{
			"Target": "Parameter",
			"Id": "ParamEff33",
			"Segments": [
				0,
				1,
				1,
				2,
				1,
				4,
				1,
				6,
				1
			]
		},
		{
			"Target": "Parameter",
			"Id": "ParamPachi",
			"Segments": [
				0,
				1,
				1,
				1.256,
				1,
				2.511,
				1,
				3.767,
				1,
				1,
				3.811,
				1,
				3.856,
				0,
				3.9,
				0,
				1,
				3.911,
				0,
				3.922,
				0,
				3.933,
				0,
				1,
				3.978,
				0,
				4.022,
				1,
				4.067,
				1,
				1,
				4.711,
				1,
				5.356,
				1,
				6,
				1
			]
		},
		{
			"Target": "Parameter",
			"Id": "ParamLegL1",
			"Segments": [
				0,
				0,
				1,
				2,
				0,
				4,
				0,
				6,
				0
			]
		},
		{
			"Target": "Parameter",
			"Id": "ParamLegL2",
			"Segments": [
				0,
				0,
				1,
				2,
				0,
				4,
				0,
				6,
				0
			]
		},
		{
			"Target": "Parameter",
			"Id": "ParamLegR1",
			"Segments": [
				0,
				0,
				1,
				2,
				0,
				4,
				0,
				6,
				0
			]
		},
		{
			"Target": "Parameter",
			"Id": "ParamLegR2",
			"Segments": [
				0,
				0,
				1,
				2,
				0,
				4,
				0,
				6,
				0
			]
		},
		{
			"Target": "Parameter",
			"Id": "ParamEyeRL",
			"Segments": [
				0,
				0,
				1,
				0.044,
				6.167,
				0.089,
				8.571,
				0.133,
				8.571,
				1,
				0.189,
				8.571,
				0.244,
				-1.978,
				0.3,
				-1.978,
				1,
				0.333,
				-1.978,
				0.367,
				0.824,
				0.4,
				0.824,
				1,
				0.433,
				0.824,
				0.467,
				-0.659,
				0.5,
				-0.659,
				1,
				0.578,
				-0.659,
				0.656,
				9.554,
				0.733,
				9.554,
				1,
				0.767,
				9.554,
				0.8,
				-4.615,
				0.833,
				-4.615,
				1,
				0.9,
				-4.615,
				0.967,
				-4.536,
				1.033,
				-3.626,
				1,
				1.067,
				-3.172,
				1.1,
				2.637,
				1.133,
				2.637,
				1,
				1.156,
				2.637,
				1.178,
				-4.615,
				1.2,
				-4.615,
				1,
				1.244,
				-4.615,
				1.289,
				1.813,
				1.333,
				1.813,
				1,
				1.389,
				1.813,
				1.444,
				-2.402,
				1.5,
				-2.402,
				1,
				1.578,
				-2.402,
				1.656,
				2.214,
				1.733,
				3.132,
				1,
				1.8,
				3.919,
				1.867,
				3.791,
				1.933,
				3.791,
				1,
				1.967,
				3.791,
				2,
				3.12,
				2.033,
				0.33,
				1,
				2.044,
				-0.601,
				2.056,
				-4.78,
				2.067,
				-4.78,
				1,
				2.122,
				-4.78,
				2.178,
				-3.754,
				2.233,
				-0.659,
				1,
				2.278,
				1.816,
				2.322,
				3.791,
				2.367,
				3.791,
				1,
				2.4,
				3.791,
				2.433,
				-3.791,
				2.467,
				-3.791,
				1,
				2.511,
				-3.791,
				2.556,
				2.308,
				2.6,
				2.308,
				1,
				2.633,
				2.308,
				2.667,
				-1.978,
				2.7,
				-1.978,
				1,
				2.756,
				-1.978,
				2.811,
				5.868,
				2.867,
				5.868,
				1,
				2.9,
				5.868,
				2.933,
				-3.462,
				2.967,
				-3.462,
				1,
				2.978,
				-3.462,
				2.989,
				-1.542,
				3,
				0,
				1,
				3.044,
				6.167,
				3.089,
				8.571,
				3.133,
				8.571,
				1,
				3.189,
				8.571,
				3.244,
				-1.978,
				3.3,
				-1.978,
				1,
				3.333,
				-1.978,
				3.367,
				0.824,
				3.4,
				0.824,
				1,
				3.433,
				0.824,
				3.467,
				-0.659,
				3.5,
				-0.659,
				1,
				3.578,
				-0.659,
				3.656,
				9.554,
				3.733,
				9.554,
				1,
				3.767,
				9.554,
				3.8,
				-4.615,
				3.833,
				-4.615,
				1,
				3.9,
				-4.615,
				3.967,
				-4.536,
				4.033,
				-3.626,
				1,
				4.067,
				-3.172,
				4.1,
				2.637,
				4.133,
				2.637,
				1,
				4.156,
				2.637,
				4.178,
				-4.615,
				4.2,
				-4.615,
				1,
				4.244,
				-4.615,
				4.289,
				1.813,
				4.333,
				1.813,
				1,
				4.389,
				1.813,
				4.444,
				-2.402,
				4.5,
				-2.402,
				1,
				4.578,
				-2.402,
				4.656,
				2.214,
				4.733,
				3.132,
				1,
				4.8,
				3.919,
				4.867,
				3.791,
				4.933,
				3.791,
				1,
				4.967,
				3.791,
				5,
				3.12,
				5.033,
				0.33,
				1,
				5.044,
				-0.601,
				5.056,
				-4.78,
				5.067,
				-4.78,
				1,
				5.122,
				-4.78,
				5.178,
				-3.754,
				5.233,
				-0.659,
				1,
				5.278,
				1.816,
				5.322,
				3.791,
				5.367,
				3.791,
				1,
				5.4,
				3.791,
				5.433,
				-3.791,
				5.467,
				-3.791,
				1,
				5.511,
				-3.791,
				5.556,
				2.308,
				5.6,
				2.308,
				1,
				5.633,
				2.308,
				5.667,
				-1.978,
				5.7,
				-1.978,
				1,
				5.756,
				-1.978,
				5.811,
				5.868,
				5.867,
				5.868,
				1,
				5.9,
				5.868,
				5.933,
				-3.462,
				5.967,
				-3.462,
				1,
				5.978,
				-3.462,
				5.989,
				-1.542,
				6,
				0
			]
		},
		{
			"Target": "Parameter",
			"Id": "ParamEyeUD",
			"Segments": [
				0,
				-0.165,
				1,
				0.033,
				1.467,
				0.067,
				2.022,
				0.1,
				3.626,
				1,
				0.122,
				4.696,
				0.144,
				6.593,
				0.167,
				6.593,
				1,
				0.2,
				6.593,
				0.233,
				-5.275,
				0.267,
				-5.275,
				1,
				0.311,
				-5.275,
				0.356,
				3.626,
				0.4,
				3.626,
				1,
				0.433,
				3.626,
				0.467,
				-6.758,
				0.5,
				-6.758,
				1,
				0.567,
				-6.758,
				0.633,
				11.868,
				0.7,
				11.868,
				1,
				0.744,
				11.868,
				0.789,
				-2.473,
				0.833,
				-2.473,
				1,
				0.878,
				-2.473,
				0.922,
				1.813,
				0.967,
				1.813,
				1,
				1.044,
				1.813,
				1.122,
				0.825,
				1.2,
				-1.978,
				1,
				1.233,
				-3.179,
				1.267,
				-4.451,
				1.3,
				-4.451,
				1,
				1.344,
				-4.451,
				1.389,
				4.78,
				1.433,
				4.78,
				1,
				1.467,
				4.78,
				1.5,
				-1.813,
				1.533,
				-1.813,
				1,
				1.567,
				-1.813,
				1.6,
				5.11,
				1.633,
				5.11,
				1,
				1.667,
				5.11,
				1.7,
				4.734,
				1.733,
				3.626,
				1,
				1.767,
				2.519,
				1.8,
				1.562,
				1.833,
				-0.165,
				1,
				1.856,
				-1.316,
				1.878,
				-5.275,
				1.9,
				-5.275,
				1,
				1.922,
				-5.275,
				1.944,
				-3.96,
				1.967,
				-0.495,
				1,
				2.011,
				6.437,
				2.056,
				10.385,
				2.1,
				10.385,
				1,
				2.122,
				10.385,
				2.144,
				-2.473,
				2.167,
				-2.473,
				1,
				2.189,
				-2.473,
				2.211,
				4.78,
				2.233,
				4.78,
				1,
				2.267,
				4.78,
				2.3,
				-0.165,
				2.333,
				-0.165,
				1,
				2.411,
				-0.165,
				2.489,
				5.275,
				2.567,
				5.275,
				1,
				2.622,
				5.275,
				2.678,
				5.324,
				2.733,
				4.78,
				1,
				2.778,
				4.345,
				2.822,
				-4.451,
				2.867,
				-4.451,
				1,
				2.911,
				-4.451,
				2.956,
				-2.341,
				3,
				-0.165,
				1,
				3.033,
				1.467,
				3.067,
				2.022,
				3.1,
				3.626,
				1,
				3.122,
				4.696,
				3.144,
				6.593,
				3.167,
				6.593,
				1,
				3.2,
				6.593,
				3.233,
				-5.275,
				3.267,
				-5.275,
				1,
				3.311,
				-5.275,
				3.356,
				3.626,
				3.4,
				3.626,
				1,
				3.433,
				3.626,
				3.467,
				-6.758,
				3.5,
				-6.758,
				1,
				3.567,
				-6.758,
				3.633,
				11.868,
				3.7,
				11.868,
				1,
				3.744,
				11.868,
				3.789,
				-2.473,
				3.833,
				-2.473,
				1,
				3.878,
				-2.473,
				3.922,
				1.813,
				3.967,
				1.813,
				1,
				4.044,
				1.813,
				4.122,
				0.825,
				4.2,
				-1.978,
				1,
				4.233,
				-3.179,
				4.267,
				-4.451,
				4.3,
				-4.451,
				1,
				4.344,
				-4.451,
				4.389,
				4.78,
				4.433,
				4.78,
				1,
				4.467,
				4.78,
				4.5,
				-1.813,
				4.533,
				-1.813,
				1,
				4.567,
				-1.813,
				4.6,
				5.11,
				4.633,
				5.11,
				1,
				4.667,
				5.11,
				4.7,
				4.734,
				4.733,
				3.626,
				1,
				4.767,
				2.519,
				4.8,
				1.562,
				4.833,
				-0.165,
				1,
				4.856,
				-1.316,
				4.878,
				-5.275,
				4.9,
				-5.275,
				1,
				4.922,
				-5.275,
				4.944,
				-3.96,
				4.967,
				-0.495,
				1,
				5.011,
				6.437,
				5.056,
				10.385,
				5.1,
				10.385,
				1,
				5.122,
				10.385,
				5.144,
				-2.473,
				5.167,
				-2.473,
				1,
				5.189,
				-2.473,
				5.211,
				4.78,
				5.233,
				4.78,
				1,
				5.267,
				4.78,
				5.3,
				-0.165,
				5.333,
				-0.165,
				1,
				5.411,
				-0.165,
				5.489,
				5.275,
				5.567,
				5.275,
				1,
				5.622,
				5.275,
				5.678,
				5.324,
				5.733,
				4.78,
				1,
				5.778,
				4.345,
				5.822,
				-4.451,
				5.867,
				-4.451,
				1,
				5.911,
				-4.451,
				5.956,
				-2.272,
				6,
				-0.105
			]
		},
		{
			"Target": "Parameter",
			"Id": "ParamEyeBS",
			"Segments": [
				0,
				-0.133,
				1,
				0.044,
				10.019,
				0.089,
				10.806,
				0.133,
				10.806,
				1,
				0.2,
				10.806,
				0.267,
				-21.783,
				0.333,
				-21.783,
				1,
				0.4,
				-21.783,
				0.467,
				22.539,
				0.533,
				22.539,
				1,
				0.578,
				22.539,
				0.622,
				-14.133,
				0.667,
				-14.133,
				1,
				0.722,
				-14.133,
				0.778,
				22.205,
				0.833,
				22.205,
				1,
				0.856,
				22.205,
				0.878,
				-26.114,
				0.9,
				-26.114,
				1,
				0.944,
				-26.114,
				0.989,
				16.317,
				1.033,
				16.317,
				1,
				1.133,
				16.317,
				1.233,
				-14.361,
				1.333,
				-14.361,
				1,
				1.411,
				-14.361,
				1.489,
				11.873,
				1.567,
				11.873,
				1,
				1.633,
				11.873,
				1.7,
				-25.863,
				1.767,
				-25.863,
				1,
				1.822,
				-25.863,
				1.878,
				9.327,
				1.933,
				14.317,
				1,
				2,
				20.305,
				2.067,
				20.091,
				2.133,
				20.091,
				1,
				2.189,
				20.091,
				2.244,
				-26.114,
				2.3,
				-26.114,
				1,
				2.344,
				-26.114,
				2.389,
				14.317,
				2.433,
				14.317,
				1,
				2.489,
				14.317,
				2.544,
				-15.777,
				2.6,
				-15.777,
				1,
				2.644,
				-15.777,
				2.689,
				20.091,
				2.733,
				20.091,
				1,
				2.789,
				20.091,
				2.844,
				-26.114,
				2.9,
				-26.114,
				1,
				2.933,
				-26.114,
				2.967,
				-7.747,
				3,
				-0.133,
				1,
				3.044,
				10.019,
				3.089,
				10.806,
				3.133,
				10.806,
				1,
				3.2,
				10.806,
				3.267,
				-21.783,
				3.333,
				-21.783,
				1,
				3.4,
				-21.783,
				3.467,
				22.539,
				3.533,
				22.539,
				1,
				3.578,
				22.539,
				3.622,
				-14.133,
				3.667,
				-14.133,
				1,
				3.722,
				-14.133,
				3.778,
				22.205,
				3.833,
				22.205,
				1,
				3.856,
				22.205,
				3.878,
				-26.114,
				3.9,
				-26.114,
				1,
				3.944,
				-26.114,
				3.989,
				16.317,
				4.033,
				16.317,
				1,
				4.133,
				16.317,
				4.233,
				-14.361,
				4.333,
				-14.361,
				1,
				4.411,
				-14.361,
				4.489,
				11.873,
				4.567,
				11.873,
				1,
				4.633,
				11.873,
				4.7,
				-25.863,
				4.767,
				-25.863,
				1,
				4.822,
				-25.863,
				4.878,
				9.327,
				4.933,
				14.317,
				1,
				5,
				20.305,
				5.067,
				20.091,
				5.133,
				20.091,
				1,
				5.189,
				20.091,
				5.244,
				-26.114,
				5.3,
				-26.114,
				1,
				5.344,
				-26.114,
				5.389,
				14.317,
				5.433,
				14.317,
				1,
				5.489,
				14.317,
				5.544,
				-15.777,
				5.6,
				-15.777,
				1,
				5.644,
				-15.777,
				5.689,
				20.091,
				5.733,
				20.091,
				1,
				5.789,
				20.091,
				5.844,
				-26.114,
				5.9,
				-26.114,
				1,
				5.933,
				-26.114,
				5.967,
				-7.747,
				6,
				-0.133
			]
		},
		{
			"Target": "Parameter",
			"Id": "ParamPaiY",
			"Segments": [
				0,
				-7.664,
				1,
				0.333,
				-15.478,
				0.667,
				-17.069,
				1,
				-17.069,
				1,
				2,
				-17.069,
				3,
				19.222,
				4,
				19.222,
				1,
				4.667,
				19.222,
				5.333,
				7.965,
				6,
				-7.664
			]
		},
		{
			"Target": "Parameter",
			"Id": "ParamPaiX",
			"Segments": [
				0,
				8.644,
				1,
				0.333,
				6.434,
				0.667,
				3.479,
				1,
				-0.09,
				1,
				1.489,
				-5.325,
				1.978,
				-9.396,
				2.467,
				-9.396,
				1,
				2.956,
				-9.396,
				3.444,
				-6.367,
				3.933,
				-0.09,
				1,
				4.444,
				6.472,
				4.956,
				9.864,
				5.467,
				9.864,
				1,
				5.644,
				9.864,
				5.822,
				9.822,
				6,
				8.644
			]
		},
		{
			"Target": "Parameter",
			"Id": "ParamPaiY2",
			"Segments": [
				0,
				2.984,
				1,
				0.578,
				-6.717,
				1.156,
				-12.63,
				1.733,
				-12.63,
				1,
				2.733,
				-12.63,
				3.733,
				12.723,
				4.733,
				12.723,
				1,
				5.156,
				12.723,
				5.578,
				10.074,
				6,
				2.984
			]
		},
		{
			"Target": "Parameter",
			"Id": "ParamPaiX2",
			"Segments": [
				0,
				-5.732,
				1,
				0.267,
				-8.723,
				0.533,
				-8.859,
				0.8,
				-8.859,
				1,
				1.8,
				-8.859,
				2.8,
				8.976,
				3.8,
				8.976,
				1,
				4.533,
				8.976,
				5.267,
				2.493,
				6,
				-5.732
			]
		},
		{
			"Target": "Parameter",
			"Id": "ParamPaiLY",
			"Segments": [
				0,
				0,
				1,
				2,
				0,
				4,
				0,
				6,
				0
			]
		},
		{
			"Target": "Parameter",
			"Id": "ParamPaiLX",
			"Segments": [
				0,
				0,
				1,
				2,
				0,
				4,
				0,
				6,
				0
			]
		},
		{
			"Target": "Parameter",
			"Id": "ParamPaiLY2",
			"Segments": [
				0,
				0,
				1,
				2,
				0,
				4,
				0,
				6,
				0
			]
		},
		{
			"Target": "Parameter",
			"Id": "ParamPaiLX2",
			"Segments": [
				0,
				0,
				1,
				2,
				0,
				4,
				0,
				6,
				0
			]
		},
		{
			"Target": "Parameter",
			"Id": "ParamBreat",
			"Segments": [
				0,
				0.08,
				1,
				0.2,
				0.008,
				0.4,
				0,
				0.6,
				0,
				1,
				1.1,
				0,
				1.6,
				0.167,
				2.1,
				0.5,
				1,
				2.6,
				0.833,
				3.1,
				1,
				3.6,
				1,
				1,
				4.1,
				1,
				4.6,
				0.787,
				5.1,
				0.5,
				1,
				5.4,
				0.328,
				5.7,
				0.188,
				6,
				0.08
			]
		},
		{
			"Target": "Parameter",
			"Id": "ParamCap",
			"Segments": [
				0,
				8.096,
				1,
				0.333,
				13.573,
				0.667,
				14.68,
				1,
				14.68,
				1,
				2,
				14.68,
				3,
				-10.724,
				4,
				-10.724,
				1,
				4.667,
				-10.724,
				5.333,
				-2.857,
				6,
				8.096
			]
		},
		{
			"Target": "Parameter",
			"Id": "ParamNecklaceX",
			"Segments": [
				0,
				9.056,
				1,
				0.367,
				6.797,
				0.733,
				3.701,
				1.1,
				-0.09,
				1,
				1.589,
				-5.145,
				2.078,
				-9.396,
				2.567,
				-9.396,
				1,
				3.056,
				-9.396,
				3.544,
				-6.367,
				4.033,
				-0.09,
				1,
				4.544,
				6.472,
				5.056,
				9.864,
				5.567,
				9.864,
				1,
				5.711,
				9.864,
				5.856,
				9.946,
				6,
				9.056
			]
		},
		{
			"Target": "Parameter",
			"Id": "ParamNecklaceY",
			"Segments": [
				0,
				-6.008,
				1,
				0.367,
				-14.704,
				0.733,
				-17.069,
				1.1,
				-17.069,
				1,
				2.1,
				-17.069,
				3.1,
				19.222,
				4.1,
				19.222,
				1,
				4.733,
				19.222,
				5.367,
				9.012,
				6,
				-6.008
			]
		},
		{
			"Target": "Parameter",
			"Id": "ParamJacket",
			"Segments": [
				0,
				-0.138,
				1,
				0.356,
				-5.818,
				0.711,
				-7.227,
				1.067,
				-7.227,
				1,
				2.067,
				-7.227,
				3.067,
				17.282,
				4.067,
				17.282,
				1,
				4.711,
				17.282,
				5.356,
				10.156,
				6,
				-0.138
			]
		},
		{
			"Target": "Parameter",
			"Id": "ParamBodyR",
			"Segments": [
				0,
				-4.975,
				1,
				0.2,
				-5.719,
				0.4,
				-5.804,
				0.6,
				-5.804,
				1,
				1.1,
				-5.804,
				1.6,
				-4.077,
				2.1,
				-0.62,
				1,
				2.6,
				2.837,
				3.1,
				4.568,
				3.6,
				4.568,
				1,
				4.1,
				4.568,
				4.6,
				2.358,
				5.1,
				-0.62,
				1,
				5.4,
				-2.407,
				5.7,
				-3.86,
				6,
				-4.975
			]
		},
		{
			"Target": "Parameter",
			"Id": "ParamBodyY",
			"Segments": [
				0,
				-12.27,
				1,
				0.2,
				-14.377,
				0.4,
				-14.624,
				0.6,
				-14.624,
				1,
				1.1,
				-14.624,
				1.6,
				-9.717,
				2.1,
				0.09,
				1,
				2.6,
				9.897,
				3.1,
				14.798,
				3.6,
				14.798,
				1,
				4.1,
				14.798,
				4.6,
				8.52,
				5.1,
				0.09,
				1,
				5.4,
				-4.968,
				5.7,
				-9.11,
				6,
				-12.27
			]
		},
		{
			"Target": "Parameter",
			"Id": "Param_Angle_Rotation",
			"Segments": [
				0,
				0.295,
				1,
				0.533,
				-0.226,
				1.067,
				-0.508,
				1.6,
				-0.508,
				1,
				2.589,
				-0.508,
				3.578,
				0.977,
				4.567,
				0.977,
				1,
				5.044,
				0.977,
				5.522,
				0.763,
				6,
				0.295
			]
		},
		{
			"Target": "Parameter",
			"Id": "Param_Angle_Rotation2",
			"Segments": [
				0,
				0.64,
				1,
				0.611,
				-0.292,
				1.222,
				-0.89,
				1.833,
				-0.89,
				1,
				2.822,
				-0.89,
				3.811,
				1.448,
				4.8,
				1.448,
				1,
				5.2,
				1.448,
				5.6,
				1.25,
				6,
				0.64
			]
		},
		{
			"Target": "Parameter",
			"Id": "Param_Angle_Rotation3",
			"Segments": [
				0,
				1.216,
				1,
				0.689,
				-0.196,
				1.378,
				-1.229,
				2.067,
				-1.229,
				1,
				3.056,
				-1.229,
				4.044,
				1.988,
				5.033,
				1.988,
				1,
				5.356,
				1.988,
				5.678,
				1.877,
				6,
				1.216
			]
		},
		{
			"Target": "Parameter",
			"Id": "Param_Angle_Rotation4",
			"Segments": [
				0,
				0.099,
				1,
				0.456,
				-0.136,
				0.911,
				-0.236,
				1.367,
				-0.236,
				1,
				2.356,
				-0.236,
				3.344,
				0.549,
				4.333,
				0.549,
				1,
				4.889,
				0.549,
				5.444,
				0.386,
				6,
				0.099
			]
		},
		{
			"Target": "Parameter",
			"Id": "Param_Angle_Rotation5",
			"Segments": [
				0,
				0.295,
				1,
				0.011,
				0.284,
				0.022,
				0.273,
				0.033,
				0.262,
				1,
				0.556,
				-0.252,
				1.078,
				-0.508,
				1.6,
				-0.508,
				1,
				2.589,
				-0.508,
				3.578,
				0.977,
				4.567,
				0.977,
				1,
				5.033,
				0.977,
				5.5,
				0.761,
				5.967,
				0.328,
				1,
				5.978,
				0.318,
				5.989,
				0.306,
				6,
				0.295
			]
		},
		{
			"Target": "Parameter",
			"Id": "Param_Angle_Rotation6",
			"Segments": [
				0,
				0.64,
				1,
				0.011,
				0.623,
				0.022,
				0.604,
				0.033,
				0.586,
				1,
				0.633,
				-0.398,
				1.233,
				-0.89,
				1.833,
				-0.89,
				1,
				2.822,
				-0.89,
				3.811,
				1.448,
				4.8,
				1.448,
				1,
				5.189,
				1.448,
				5.578,
				1.198,
				5.967,
				0.69,
				1,
				5.978,
				0.676,
				5.989,
				0.658,
				6,
				0.64
			]
		},
		{
			"Target": "Parameter",
			"Id": "Param_Angle_Rotation7",
			"Segments": [
				0,
				1.216,
				1,
				0.689,
				-0.196,
				1.378,
				-1.229,
				2.067,
				-1.229,
				1,
				3.056,
				-1.229,
				4.044,
				1.988,
				5.033,
				1.988,
				1,
				5.356,
				1.988,
				5.678,
				1.877,
				6,
				1.216
			]
		},
		{
			"Target": "Parameter",
			"Id": "Param_Angle_Rotation8",
			"Segments": [
				0,
				2.537,
				1,
				0.767,
				0.191,
				1.533,
				-1.707,
				2.3,
				-1.707,
				1,
				3.289,
				-1.707,
				4.278,
				3.269,
				5.267,
				3.269,
				1,
				5.511,
				3.269,
				5.756,
				3.286,
				6,
				2.537
			]
		},
		{
			"Target": "Parameter",
			"Id": "Param_Angle_Rotation9",
			"Segments": [
				0,
				-0.016,
				1,
				0.356,
				-0.502,
				0.711,
				-0.618,
				1.067,
				-0.618,
				1,
				2.056,
				-0.618,
				3.044,
				1.504,
				4.033,
				1.504,
				1,
				4.689,
				1.504,
				5.344,
				0.881,
				6,
				-0.016
			]
		},
		{
			"Target": "Parameter",
			"Id": "Param_Angle_Rotation10",
			"Segments": [
				0,
				-0.189,
				1,
				0.433,
				-1.413,
				0.867,
				-1.884,
				1.3,
				-1.884,
				1,
				2.289,
				-1.884,
				3.278,
				2.423,
				4.267,
				2.423,
				1,
				4.844,
				2.423,
				5.422,
				1.443,
				6,
				-0.189
			]
		},
		{
			"Target": "Parameter",
			"Id": "Param_Angle_Rotation11",
			"Segments": [
				0,
				0.049,
				1,
				0.378,
				-0.471,
				0.756,
				-0.618,
				1.133,
				-0.618,
				1,
				2.122,
				-0.618,
				3.111,
				1.504,
				4.1,
				1.504,
				1,
				4.733,
				1.504,
				5.367,
				0.921,
				6,
				0.049
			]
		},
		{
			"Target": "Parameter",
			"Id": "Param_Angle_Rotation12",
			"Segments": [
				0,
				-0.049,
				1,
				0.456,
				-1.339,
				0.911,
				-1.884,
				1.367,
				-1.884,
				1,
				2.356,
				-1.884,
				3.344,
				2.423,
				4.333,
				2.423,
				1,
				4.889,
				2.423,
				5.444,
				1.525,
				6,
				-0.049
			]
		},
		{
			"Target": "Parameter",
			"Id": "Param_Angle_Rotation13",
			"Segments": [
				0,
				0.115,
				1,
				0.4,
				-0.439,
				0.8,
				-0.618,
				1.2,
				-0.618,
				1,
				2.189,
				-0.618,
				3.178,
				1.504,
				4.167,
				1.504,
				1,
				4.778,
				1.504,
				5.389,
				0.961,
				6,
				0.115
			]
		},
		{
			"Target": "Parameter",
			"Id": "Param_Angle_Rotation14",
			"Segments": [
				0,
				0.093,
				1,
				0.478,
				-1.263,
				0.956,
				-1.884,
				1.433,
				-1.884,
				1,
				2.422,
				-1.884,
				3.411,
				2.423,
				4.4,
				2.423,
				1,
				4.933,
				2.423,
				5.467,
				1.606,
				6,
				0.093
			]
		},
		{
			"Target": "Parameter",
			"Id": "Param_Angle_Rotation15",
			"Segments": [
				0,
				0.183,
				1,
				0.422,
				-0.404,
				0.844,
				-0.618,
				1.267,
				-0.618,
				1,
				2.256,
				-0.618,
				3.244,
				1.504,
				4.233,
				1.504,
				1,
				4.822,
				1.504,
				5.411,
				1.001,
				6,
				0.183
			]
		},
		{
			"Target": "Parameter",
			"Id": "Param_Angle_Rotation16",
			"Segments": [
				0,
				0.234,
				1,
				0.5,
				-1.186,
				1,
				-1.884,
				1.5,
				-1.884,
				1,
				2.489,
				-1.884,
				3.478,
				2.423,
				4.467,
				2.423,
				1,
				4.978,
				2.423,
				5.489,
				1.686,
				6,
				0.234
			]
		},
		{
			"Target": "Parameter",
			"Id": "Param_Angle_Rotation17",
			"Segments": [
				0,
				0.782,
				1,
				0.578,
				-1.776,
				1.156,
				-3.312,
				1.733,
				-3.312,
				1,
				2.722,
				-3.312,
				3.711,
				3.438,
				4.7,
				3.438,
				1,
				5.133,
				3.438,
				5.567,
				2.701,
				6,
				0.782
			]
		},
		{
			"Target": "Parameter",
			"Id": "Param_Angle_Rotation18",
			"Segments": [
				0,
				0.016,
				1,
				0.356,
				0.502,
				0.711,
				0.618,
				1.067,
				0.618,
				1,
				2.056,
				0.618,
				3.044,
				-1.504,
				4.033,
				-1.504,
				1,
				4.689,
				-1.504,
				5.344,
				-0.881,
				6,
				0.016
			]
		},
		{
			"Target": "Parameter",
			"Id": "Param_Angle_Rotation19",
			"Segments": [
				0,
				0.189,
				1,
				0.433,
				1.413,
				0.867,
				1.884,
				1.3,
				1.884,
				1,
				2.289,
				1.884,
				3.278,
				-2.423,
				4.267,
				-2.423,
				1,
				4.844,
				-2.423,
				5.422,
				-1.443,
				6,
				0.189
			]
		},
		{
			"Target": "Parameter",
			"Id": "Param_Angle_Rotation20",
			"Segments": [
				0,
				-0.049,
				1,
				0.378,
				0.471,
				0.756,
				0.618,
				1.133,
				0.618,
				1,
				2.122,
				0.618,
				3.111,
				-1.504,
				4.1,
				-1.504,
				1,
				4.733,
				-1.504,
				5.367,
				-0.921,
				6,
				-0.049
			]
		},
		{
			"Target": "Parameter",
			"Id": "Param_Angle_Rotation21",
			"Segments": [
				0,
				0.049,
				1,
				0.456,
				1.339,
				0.911,
				1.884,
				1.367,
				1.884,
				1,
				2.356,
				1.884,
				3.344,
				-2.423,
				4.333,
				-2.423,
				1,
				4.889,
				-2.423,
				5.444,
				-1.525,
				6,
				0.049
			]
		},
		{
			"Target": "Parameter",
			"Id": "Param_Angle_Rotation22",
			"Segments": [
				0,
				-0.183,
				1,
				0.422,
				0.404,
				0.844,
				0.618,
				1.267,
				0.618,
				1,
				2.256,
				0.618,
				3.244,
				-1.504,
				4.233,
				-1.504,
				1,
				4.822,
				-1.504,
				5.411,
				-1.001,
				6,
				-0.183
			]
		},
		{
			"Target": "Parameter",
			"Id": "Param_Angle_Rotation23",
			"Segments": [
				0,
				-0.234,
				1,
				0.5,
				1.186,
				1,
				1.884,
				1.5,
				1.884,
				1,
				2.489,
				1.884,
				3.478,
				-2.423,
				4.467,
				-2.423,
				1,
				4.978,
				-2.423,
				5.489,
				-1.686,
				6,
				-0.234
			]
		},
		{
			"Target": "Parameter",
			"Id": "Param_Angle_Rotation24",
			"Segments": [
				0,
				-0.782,
				1,
				0.578,
				1.776,
				1.156,
				3.312,
				1.733,
				3.312,
				1,
				2.722,
				3.312,
				3.711,
				-3.438,
				4.7,
				-3.438,
				1,
				5.133,
				-3.438,
				5.567,
				-2.701,
				6,
				-0.782
			]
		},
		{
			"Target": "Parameter",
			"Id": "Param_Angle_Rotation25",
			"Segments": [
				0,
				-0.234,
				1,
				0.5,
				1.186,
				1,
				1.884,
				1.5,
				1.884,
				1,
				2.489,
				1.884,
				3.478,
				-2.423,
				4.467,
				-2.423,
				1,
				4.978,
				-2.423,
				5.489,
				-1.686,
				6,
				-0.234
			]
		},
		{
			"Target": "Parameter",
			"Id": "Param_Angle_Rotation26",
			"Segments": [
				0,
				-0.782,
				1,
				0.578,
				1.776,
				1.156,
				3.312,
				1.733,
				3.312,
				1,
				2.722,
				3.312,
				3.711,
				-3.438,
				4.7,
				-3.438,
				1,
				5.133,
				-3.438,
				5.567,
				-2.701,
				6,
				-0.782
			]
		},
		{
			"Target": "Parameter",
			"Id": "Param_Angle_Rotation29",
			"Segments": [
				0,
				-0.771,
				1,
				0.3,
				-0.184,
				0.6,
				-0.116,
				0.9,
				-0.116,
				1,
				1.889,
				-0.116,
				2.878,
				-3.21,
				3.867,
				-3.21,
				1,
				4.578,
				-3.21,
				5.289,
				-2.162,
				6,
				-0.771
			]
		},
		{
			"Target": "Parameter",
			"Id": "Param_Angle_Rotation30",
			"Segments": [
				0,
				-0.87,
				1,
				0.378,
				0.57,
				0.756,
				0.977,
				1.133,
				0.977,
				1,
				2.122,
				0.977,
				3.111,
				-4.898,
				4.1,
				-4.898,
				1,
				4.733,
				-4.898,
				5.367,
				-3.284,
				6,
				-0.87
			]
		},
		{
			"Target": "Parameter",
			"Id": "Param_Angle_Rotation31",
			"Segments": [
				0,
				-0.858,
				1,
				0.322,
				-0.222,
				0.644,
				-0.116,
				0.967,
				-0.116,
				1,
				1.956,
				-0.116,
				2.944,
				-3.21,
				3.933,
				-3.21,
				1,
				4.622,
				-3.21,
				5.311,
				-2.217,
				6,
				-0.858
			]
		},
		{
			"Target": "Parameter",
			"Id": "Param_Angle_Rotation32",
			"Segments": [
				0,
				-1.041,
				1,
				0.367,
				-0.307,
				0.733,
				-0.116,
				1.1,
				-0.116,
				1,
				2.089,
				-0.116,
				3.078,
				-3.21,
				4.067,
				-3.21,
				1,
				4.711,
				-3.21,
				5.356,
				-2.331,
				6,
				-1.041
			]
		},
		{
			"Target": "Parameter",
			"Id": "Param_Angle_Rotation33",
			"Segments": [
				0,
				-1.429,
				1,
				0.444,
				0.286,
				0.889,
				0.977,
				1.333,
				0.977,
				1,
				2.322,
				0.977,
				3.311,
				-4.898,
				4.3,
				-4.898,
				1,
				4.867,
				-4.898,
				5.433,
				-3.617,
				6,
				-1.429
			]
		},
		{
			"Target": "Parameter",
			"Id": "Param_Angle_Rotation34",
			"Segments": [
				0,
				0,
				1,
				2,
				0,
				4,
				0,
				6,
				0
			]
		},
		{
			"Target": "Parameter",
			"Id": "Param_Angle_Rotation35",
			"Segments": [
				0,
				0.344,
				1,
				0.556,
				-0.199,
				1.111,
				-0.508,
				1.667,
				-0.508,
				1,
				2.656,
				-0.508,
				3.644,
				0.977,
				4.633,
				0.977,
				1,
				5.089,
				0.977,
				5.544,
				0.789,
				6,
				0.344
			]
		},
		{
			"Target": "Parameter",
			"Id": "Param_Angle_Rotation36",
			"Segments": [
				0,
				0.713,
				1,
				0.633,
				-0.248,
				1.267,
				-0.89,
				1.9,
				-0.89,
				1,
				2.889,
				-0.89,
				3.878,
				1.448,
				4.867,
				1.448,
				1,
				5.244,
				1.448,
				5.622,
				1.286,
				6,
				0.713
			]
		},
		{
			"Target": "Parameter",
			"Id": "Param_Angle_Rotation37",
			"Segments": [
				0,
				1.306,
				1,
				0.711,
				-0.139,
				1.422,
				-1.229,
				2.133,
				-1.229,
				1,
				3.122,
				-1.229,
				4.111,
				1.988,
				5.1,
				1.988,
				1,
				5.4,
				1.988,
				5.7,
				1.916,
				6,
				1.306
			]
		},
		{
			"Target": "Parameter",
			"Id": "Param_Angle_Rotation38",
			"Segments": [
				0,
				2.654,
				1,
				0.789,
				0.27,
				1.578,
				-1.707,
				2.367,
				-1.707,
				1,
				3.356,
				-1.707,
				4.344,
				3.269,
				5.333,
				3.269,
				1,
				5.556,
				3.269,
				5.778,
				3.325,
				6,
				2.654
			]
		},
		{
			"Target": "Parameter",
			"Id": "Param_Angle_Rotation39",
			"Segments": [
				0,
				0,
				1,
				2,
				0,
				4,
				0,
				6,
				0
			]
		},
		{
			"Target": "Parameter",
			"Id": "Param_Angle_Rotation40",
			"Segments": [
				0,
				-0.691,
				1,
				0.356,
				0.656,
				0.711,
				0.977,
				1.067,
				0.977,
				1,
				2.056,
				0.977,
				3.044,
				-4.898,
				4.033,
				-4.898,
				1,
				4.689,
				-4.898,
				5.344,
				-3.174,
				6,
				-0.691
			]
		},
		{
			"Target": "Parameter",
			"Id": "Param_Angle_Rotation41",
			"Segments": [
				0,
				-1.137,
				1,
				0.433,
				1.498,
				0.867,
				2.511,
				1.3,
				2.511,
				1,
				2.289,
				2.511,
				3.278,
				-6.762,
				4.267,
				-6.762,
				1,
				4.844,
				-6.762,
				5.422,
				-4.651,
				6,
				-1.137
			]
		},
		{
			"Target": "Parameter",
			"Id": "Param_Angle_Rotation27",
			"Segments": [
				0,
				0,
				1,
				2,
				0,
				4,
				0,
				6,
				0
			]
		},
		{
			"Target": "Parameter",
			"Id": "Param_Angle_Rotation28",
			"Segments": [
				0,
				0.044,
				1,
				0.556,
				0.302,
				1.111,
				0.449,
				1.667,
				0.449,
				1,
				2.656,
				0.449,
				3.644,
				-0.256,
				4.633,
				-0.256,
				1,
				5.089,
				-0.256,
				5.544,
				-0.167,
				6,
				0.044
			]
		},
		{
			"Target": "Parameter",
			"Id": "Param_Angle_Rotation42",
			"Segments": [
				0,
				-0.131,
				1,
				0.633,
				0.325,
				1.267,
				0.63,
				1.9,
				0.63,
				1,
				2.889,
				0.63,
				3.878,
				-0.48,
				4.867,
				-0.48,
				1,
				5.244,
				-0.48,
				5.622,
				-0.403,
				6,
				-0.131
			]
		},
		{
			"Target": "Parameter",
			"Id": "Param_Angle_Rotation43",
			"Segments": [
				0,
				-1.234,
				1,
				0.411,
				-0.403,
				0.822,
				-0.116,
				1.233,
				-0.116,
				1,
				2.222,
				-0.116,
				3.211,
				-3.21,
				4.2,
				-3.21,
				1,
				4.8,
				-3.21,
				5.4,
				-2.447,
				6,
				-1.234
			]
		},
		{
			"Target": "Parameter",
			"Id": "Param_Angle_Rotation44",
			"Segments": [
				0,
				-1.815,
				1,
				0.489,
				0.078,
				0.978,
				0.977,
				1.467,
				0.977,
				1,
				2.456,
				0.977,
				3.444,
				-4.898,
				4.433,
				-4.898,
				1,
				4.956,
				-4.898,
				5.478,
				-3.838,
				6,
				-1.815
			]
		},
		{
			"Target": "Parameter",
			"Id": "Param_Angle_Rotation45",
			"Segments": [
				0,
				0,
				1,
				2,
				0,
				4,
				0,
				6,
				0
			]
		},
		{
			"Target": "Parameter",
			"Id": "Param_Angle_Rotation46",
			"Segments": [
				0,
				-0.087,
				1,
				0.556,
				-0.491,
				1.111,
				-0.722,
				1.667,
				-0.722,
				1,
				2.656,
				-0.722,
				3.644,
				0.384,
				4.633,
				0.384,
				1,
				5.089,
				0.384,
				5.544,
				0.244,
				6,
				-0.087
			]
		},
		{
			"Target": "Parameter",
			"Id": "Param_Angle_Rotation47",
			"Segments": [
				0,
				0.187,
				1,
				0.633,
				-0.528,
				1.267,
				-1.006,
				1.9,
				-1.006,
				1,
				2.889,
				-1.006,
				3.878,
				0.735,
				4.867,
				0.735,
				1,
				5.244,
				0.735,
				5.622,
				0.614,
				6,
				0.187
			]
		},
		{
			"Target": "Parameter",
			"Id": "Param_Angle_Rotation48",
			"Segments": [
				0,
				0.629,
				1,
				0.711,
				-0.447,
				1.422,
				-1.258,
				2.133,
				-1.258,
				1,
				3.122,
				-1.258,
				4.111,
				1.136,
				5.1,
				1.136,
				1,
				5.4,
				1.136,
				5.7,
				1.083,
				6,
				0.629
			]
		},
		{
			"Target": "Parameter",
			"Id": "Param_Angle_Rotation49",
			"Segments": [
				0,
				1.631,
				1,
				0.789,
				-0.145,
				1.578,
				-1.617,
				2.367,
				-1.617,
				1,
				3.356,
				-1.617,
				4.344,
				2.089,
				5.333,
				2.089,
				1,
				5.556,
				2.089,
				5.778,
				2.131,
				6,
				1.631
			]
		},
		{
			"Target": "Parameter",
			"Id": "Param_Angle_Rotation50",
			"Segments": [
				0,
				0,
				1,
				2,
				0,
				4,
				0,
				6,
				0
			]
		},
		{
			"Target": "Parameter",
			"Id": "Param_Angle_Rotation51",
			"Segments": [
				0,
				0.404,
				1,
				0.711,
				-0.005,
				1.422,
				-0.314,
				2.133,
				-0.314,
				1,
				3.122,
				-0.314,
				4.111,
				0.596,
				5.1,
				0.596,
				1,
				5.4,
				0.596,
				5.7,
				0.576,
				6,
				0.404
			]
		},
		{
			"Target": "Parameter",
			"Id": "Param_Angle_Rotation52",
			"Segments": [
				0,
				0.92,
				1,
				0.789,
				0.135,
				1.578,
				-0.515,
				2.367,
				-0.515,
				1,
				3.356,
				-0.515,
				4.344,
				1.123,
				5.333,
				1.123,
				1,
				5.556,
				1.123,
				5.778,
				1.141,
				6,
				0.92
			]
		},
		{
			"Target": "Parameter",
			"Id": "Param_Angle_Rotation53",
			"Segments": [
				0,
				0,
				1,
				2,
				0,
				4,
				0,
				6,
				0
			]
		},
		{
			"Target": "Parameter",
			"Id": "Param_Angle_Rotation54",
			"Segments": [
				0,
				0,
				1,
				2,
				0,
				4,
				0,
				6,
				0
			]
		},
		{
			"Target": "Parameter",
			"Id": "Param_Angle_Rotation55",
			"Segments": [
				0,
				-0.141,
				1,
				0.556,
				0.011,
				1.111,
				0.097,
				1.667,
				0.097,
				1,
				2.656,
				0.097,
				3.644,
				-0.318,
				4.633,
				-0.318,
				1,
				5.089,
				-0.318,
				5.544,
				-0.265,
				6,
				-0.141
			]
		},
		{
			"Target": "Parameter",
			"Id": "Param_Angle_Rotation56",
			"Segments": [
				0,
				-0.706,
				1,
				0.633,
				0.839,
				1.267,
				1.873,
				1.9,
				1.873,
				1,
				2.889,
				1.873,
				3.878,
				-1.889,
				4.867,
				-1.889,
				1,
				5.244,
				-1.889,
				5.622,
				-1.628,
				6,
				-0.706
			]
		},
		{
			"Target": "Parameter",
			"Id": "Param_Angle_Rotation57",
			"Segments": [
				0,
				-4.457,
				1,
				0.711,
				1.219,
				1.422,
				5.506,
				2.133,
				5.506,
				1,
				3.122,
				5.506,
				4.111,
				-7.133,
				5.1,
				-7.133,
				1,
				5.4,
				-7.133,
				5.7,
				-6.851,
				6,
				-4.457
			]
		},
		{
			"Target": "Parameter",
			"Id": "Param_Angle_Rotation58",
			"Segments": [
				0,
				0.292,
				1,
				0.533,
				0.814,
				1.067,
				1.096,
				1.6,
				1.096,
				1,
				2.589,
				1.096,
				3.578,
				-0.389,
				4.567,
				-0.389,
				1,
				5.044,
				-0.389,
				5.522,
				-0.175,
				6,
				0.292
			]
		},
		{
			"Target": "Parameter",
			"Id": "Param_Angle_Rotation59",
			"Segments": [
				0,
				-0.052,
				1,
				0.611,
				0.88,
				1.222,
				1.478,
				1.833,
				1.478,
				1,
				2.822,
				1.478,
				3.811,
				-0.861,
				4.8,
				-0.861,
				1,
				5.2,
				-0.861,
				5.6,
				-0.662,
				6,
				-0.052
			]
		},
		{
			"Target": "Parameter",
			"Id": "Param_Angle_Rotation60",
			"Segments": [
				0,
				-0.628,
				1,
				0.689,
				0.784,
				1.378,
				1.816,
				2.067,
				1.816,
				1,
				3.056,
				1.816,
				4.044,
				-1.4,
				5.033,
				-1.4,
				1,
				5.356,
				-1.4,
				5.678,
				-1.289,
				6,
				-0.628
			]
		},
		{
			"Target": "Parameter",
			"Id": "Param_Angle_Rotation61",
			"Segments": [
				0,
				-1.95,
				1,
				0.767,
				0.397,
				1.533,
				2.295,
				2.3,
				2.295,
				1,
				3.289,
				2.295,
				4.278,
				-2.681,
				5.267,
				-2.681,
				1,
				5.511,
				-2.681,
				5.756,
				-2.698,
				6,
				-1.95
			]
		},
		{
			"Target": "Parameter",
			"Id": "Param_Angle_Rotation62",
			"Segments": [
				0,
				1.002,
				1,
				0.511,
				2.194,
				1.022,
				2.8,
				1.533,
				2.8,
				1,
				2.522,
				2.8,
				3.511,
				-0.739,
				4.5,
				-0.739,
				1,
				5,
				-0.739,
				5.5,
				-0.165,
				6,
				1.002
			]
		},
		{
			"Target": "Parameter",
			"Id": "Param_Angle_Rotation63",
			"Segments": [
				0,
				-0.866,
				1,
				0.589,
				1.404,
				1.178,
				2.8,
				1.767,
				2.8,
				1,
				2.756,
				2.8,
				3.744,
				-3.088,
				4.733,
				-3.088,
				1,
				5.156,
				-3.088,
				5.578,
				-2.494,
				6,
				-0.866
			]
		},
		{
			"Target": "Parameter",
			"Id": "Param_Angle_Rotation64",
			"Segments": [
				0,
				-0.877,
				1,
				0.667,
				0.734,
				1.333,
				1.873,
				2,
				1.873,
				1,
				2.989,
				1.873,
				3.978,
				-1.889,
				4.967,
				-1.889,
				1,
				5.311,
				-1.889,
				5.656,
				-1.709,
				6,
				-0.877
			]
		}
	]
}