{
	"Version": 3,
	"Parameters": [
		{
			"Id": "ParamEff1",
			"GroupId": "ParamGroup",
			"Name": "三角1"
		},
		{
			"Id": "ParamEff2",
			"GroupId": "ParamGroup",
			"Name": "三角2"
		},
		{
			"Id": "ParamEff3",
			"GroupId": "ParamGroup",
			"Name": "三角3"
		},
		{
			"Id": "ParamEff4",
			"GroupId": "ParamGroup",
			"Name": "三角4"
		},
		{
			"Id": "ParamEff5",
			"GroupId": "ParamGroup",
			"Name": "三角5"
		},
		{
			"Id": "ParamEff6",
			"GroupId": "ParamGroup",
			"Name": "小三角"
		},
		{
			"Id": "ParamEff7",
			"GroupId": "ParamGroup",
			"Name": "光の帯1"
		},
		{
			"Id": "ParamEff8",
			"GroupId": "ParamGroup",
			"Name": "光の帯2"
		},
		{
			"Id": "ParamEff9",
			"GroupId": "ParamGroup",
			"Name": "エフェクト9"
		},
		{
			"Id": "ParamEff10",
			"GroupId": "ParamGroup",
			"Name": "エフェクト10"
		},
		{
			"Id": "ParamEff11",
			"GroupId": "ParamGroup",
			"Name": "エフェクト11"
		},
		{
			"Id": "ParamEff12",
			"GroupId": "ParamGroup",
			"Name": "エフェクト12"
		},
		{
			"Id": "ParamEff13",
			"GroupId": "ParamGroup",
			"Name": "エフェクト13"
		},
		{
			"Id": "ParamEff14",
			"GroupId": "ParamGroup",
			"Name": "エフェクト14"
		},
		{
			"Id": "ParamEff15",
			"GroupId": "ParamGroup",
			"Name": "エフェクト15"
		},
		{
			"Id": "ParamEff16",
			"GroupId": "ParamGroup",
			"Name": "エフェクト16"
		},
		{
			"Id": "ParamEff17",
			"GroupId": "ParamGroup",
			"Name": "エフェクト17"
		},
		{
			"Id": "ParamEff18",
			"GroupId": "ParamGroup",
			"Name": "エフェクト18"
		},
		{
			"Id": "ParamEff19",
			"GroupId": "ParamGroup",
			"Name": "エフェクト19"
		},
		{
			"Id": "ParamEff20",
			"GroupId": "ParamGroup",
			"Name": "エフェクト20"
		},
		{
			"Id": "ParamEff21",
			"GroupId": "ParamGroup",
			"Name": "エフェクト21"
		},
		{
			"Id": "ParamEff22",
			"GroupId": "ParamGroup",
			"Name": "エフェクト22"
		},
		{
			"Id": "ParamEff23",
			"GroupId": "ParamGroup",
			"Name": "エフェクト23"
		},
		{
			"Id": "ParamEff24",
			"GroupId": "ParamGroup",
			"Name": "エフェクト24"
		},
		{
			"Id": "ParamEff25",
			"GroupId": "ParamGroup",
			"Name": "エフェクト25"
		},
		{
			"Id": "ParamEff26",
			"GroupId": "ParamGroup",
			"Name": "エフェクト26"
		},
		{
			"Id": "ParamEff27",
			"GroupId": "ParamGroup",
			"Name": "エフェクト27"
		},
		{
			"Id": "ParamEff28",
			"GroupId": "ParamGroup",
			"Name": "エフェクト28"
		},
		{
			"Id": "ParamEff29",
			"GroupId": "ParamGroup",
			"Name": "エフェクト29"
		},
		{
			"Id": "ParamEff30",
			"GroupId": "ParamGroup",
			"Name": "エフェクト30"
		},
		{
			"Id": "ParamEff31",
			"GroupId": "ParamGroup",
			"Name": "エフェクト31"
		},
		{
			"Id": "ParamEff32",
			"GroupId": "ParamGroup",
			"Name": "エフェクト32"
		},
		{
			"Id": "ParamEff33",
			"GroupId": "ParamGroup",
			"Name": "エフェクト33"
		},
		{
			"Id": "ParamPachi",
			"GroupId": "ParamGroup2",
			"Name": "目パチ"
		},
		{
			"Id": "ParamLegL1",
			"GroupId": "ParamGroup2",
			"Name": "右太もも"
		},
		{
			"Id": "ParamLegL2",
			"GroupId": "ParamGroup2",
			"Name": "右足"
		},
		{
			"Id": "ParamLegR1",
			"GroupId": "ParamGroup2",
			"Name": "左太もも"
		},
		{
			"Id": "ParamLegR2",
			"GroupId": "ParamGroup2",
			"Name": "左足"
		},
		{
			"Id": "ParamEyeRL",
			"GroupId": "ParamGroup2",
			"Name": "目Hi左右"
		},
		{
			"Id": "ParamEyeUD",
			"GroupId": "ParamGroup2",
			"Name": "目Hi上下"
		},
		{
			"Id": "ParamEyeBS",
			"GroupId": "ParamGroup2",
			"Name": "目Hi大小"
		},
		{
			"Id": "ParamPaiY",
			"GroupId": "ParamGroup2",
			"Name": "胸 Y"
		},
		{
			"Id": "ParamPaiX",
			"GroupId": "ParamGroup2",
			"Name": "胸 X"
		},
		{
			"Id": "ParamPaiY2",
			"GroupId": "ParamGroup2",
			"Name": "胸 Y2"
		},
		{
			"Id": "ParamPaiX2",
			"GroupId": "ParamGroup2",
			"Name": "胸 X2"
		},
		{
			"Id": "ParamPaiLY",
			"GroupId": "ParamGroup2",
			"Name": "左胸 Y"
		},
		{
			"Id": "ParamPaiLX",
			"GroupId": "ParamGroup2",
			"Name": "左胸 X"
		},
		{
			"Id": "ParamPaiLY2",
			"GroupId": "ParamGroup2",
			"Name": "左胸 Y2"
		},
		{
			"Id": "ParamPaiLX2",
			"GroupId": "ParamGroup2",
			"Name": "左胸 X2"
		},
		{
			"Id": "ParamBreat",
			"GroupId": "ParamGroup2",
			"Name": "呼吸"
		},
		{
			"Id": "ParamCap",
			"GroupId": "ParamGroup3",
			"Name": "帽子"
		},
		{
			"Id": "ParamNecklaceX",
			"GroupId": "ParamGroup3",
			"Name": "首飾りX"
		},
		{
			"Id": "ParamNecklaceY",
			"GroupId": "ParamGroup3",
			"Name": "首飾りY"
		},
		{
			"Id": "ParamJacket",
			"GroupId": "ParamGroup3",
			"Name": "ジャケット"
		},
		{
			"Id": "ParamBodyR",
			"GroupId": "ParamGroup3",
			"Name": "上半身"
		},
		{
			"Id": "ParamBodyY",
			"GroupId": "ParamGroup3",
			"Name": "身体Y"
		},
		{
			"Id": "Param_Angle_Rotation",
			"GroupId": "ParamGroup4",
			"Name": "[0]左もみあげ1"
		},
		{
			"Id": "Param_Angle_Rotation2",
			"GroupId": "ParamGroup4",
			"Name": "[1]左もみあげ1"
		},
		{
			"Id": "Param_Angle_Rotation3",
			"GroupId": "ParamGroup4",
			"Name": "[2]左もみあげ1"
		},
		{
			"Id": "Param_Angle_Rotation4",
			"GroupId": "ParamGroup5",
			"Name": "[0]左もみあげ2"
		},
		{
			"Id": "Param_Angle_Rotation5",
			"GroupId": "ParamGroup5",
			"Name": "[1]左もみあげ2"
		},
		{
			"Id": "Param_Angle_Rotation6",
			"GroupId": "ParamGroup5",
			"Name": "[2]左もみあげ2"
		},
		{
			"Id": "Param_Angle_Rotation7",
			"GroupId": "ParamGroup5",
			"Name": "[3]左もみあげ2"
		},
		{
			"Id": "Param_Angle_Rotation8",
			"GroupId": "ParamGroup5",
			"Name": "[4]左もみあげ2"
		},
		{
			"Id": "Param_Angle_Rotation9",
			"GroupId": "ParamGroup6",
			"Name": "[0]前髪_左1"
		},
		{
			"Id": "Param_Angle_Rotation10",
			"GroupId": "ParamGroup6",
			"Name": "[1]前髪_左1"
		},
		{
			"Id": "Param_Angle_Rotation11",
			"GroupId": "ParamGroup7",
			"Name": "[0]前髪_左2"
		},
		{
			"Id": "Param_Angle_Rotation12",
			"GroupId": "ParamGroup7",
			"Name": "[1]前髪_左2"
		},
		{
			"Id": "Param_Angle_Rotation13",
			"GroupId": "ParamGroup8",
			"Name": "[0]前髪_左3"
		},
		{
			"Id": "Param_Angle_Rotation14",
			"GroupId": "ParamGroup8",
			"Name": "[1]前髪_左3"
		},
		{
			"Id": "Param_Angle_Rotation15",
			"GroupId": "ParamGroup9",
			"Name": "[0]前髪_左4"
		},
		{
			"Id": "Param_Angle_Rotation16",
			"GroupId": "ParamGroup9",
			"Name": "[1]前髪_左4"
		},
		{
			"Id": "Param_Angle_Rotation17",
			"GroupId": "ParamGroup9",
			"Name": "[2]前髪_左4"
		},
		{
			"Id": "Param_Angle_Rotation18",
			"GroupId": "ParamGroup10",
			"Name": "[0]前髪_右1"
		},
		{
			"Id": "Param_Angle_Rotation19",
			"GroupId": "ParamGroup10",
			"Name": "[1]前髪_右1"
		},
		{
			"Id": "Param_Angle_Rotation20",
			"GroupId": "ParamGroup11",
			"Name": "[0]前髪_右2"
		},
		{
			"Id": "Param_Angle_Rotation21",
			"GroupId": "ParamGroup11",
			"Name": "[1]前髪_右2"
		},
		{
			"Id": "Param_Angle_Rotation22",
			"GroupId": "ParamGroup12",
			"Name": "[0]前髪_右3"
		},
		{
			"Id": "Param_Angle_Rotation23",
			"GroupId": "ParamGroup12",
			"Name": "[1]前髪_右3"
		},
		{
			"Id": "Param_Angle_Rotation24",
			"GroupId": "ParamGroup12",
			"Name": "[2]前髪_右3"
		},
		{
			"Id": "Param_Angle_Rotation25",
			"GroupId": "ParamGroup13",
			"Name": "[0]前髪_右4"
		},
		{
			"Id": "Param_Angle_Rotation26",
			"GroupId": "ParamGroup13",
			"Name": "[1]前髪_右4"
		},
		{
			"Id": "Param_Angle_Rotation29",
			"GroupId": "ParamGroup15",
			"Name": "[0]前髪_右上2"
		},
		{
			"Id": "Param_Angle_Rotation30",
			"GroupId": "ParamGroup15",
			"Name": "[1]前髪_右上2"
		},
		{
			"Id": "Param_Angle_Rotation31",
			"GroupId": "ParamGroup16",
			"Name": "[0]前髪_右上3"
		},
		{
			"Id": "Param_Angle_Rotation32",
			"GroupId": "ParamGroup16",
			"Name": "[1]前髪_右上3"
		},
		{
			"Id": "Param_Angle_Rotation33",
			"GroupId": "ParamGroup16",
			"Name": "[2]前髪_右上3"
		},
		{
			"Id": "Param_Angle_Rotation34",
			"GroupId": "ParamGroup17",
			"Name": "[0]後ろ髪_左1"
		},
		{
			"Id": "Param_Angle_Rotation35",
			"GroupId": "ParamGroup17",
			"Name": "[1]後ろ髪_左1"
		},
		{
			"Id": "Param_Angle_Rotation36",
			"GroupId": "ParamGroup17",
			"Name": "[2]後ろ髪_左1"
		},
		{
			"Id": "Param_Angle_Rotation37",
			"GroupId": "ParamGroup17",
			"Name": "[3]後ろ髪_左1"
		},
		{
			"Id": "Param_Angle_Rotation38",
			"GroupId": "ParamGroup17",
			"Name": "[4]後ろ髪_左1"
		},
		{
			"Id": "Param_Angle_Rotation39",
			"GroupId": "ParamGroup18",
			"Name": "[0]前髪_右上1"
		},
		{
			"Id": "Param_Angle_Rotation40",
			"GroupId": "ParamGroup18",
			"Name": "[1]前髪_右上1"
		},
		{
			"Id": "Param_Angle_Rotation41",
			"GroupId": "ParamGroup18",
			"Name": "[2]前髪_右上1"
		},
		{
			"Id": "Param_Angle_Rotation27",
			"GroupId": "ParamGroup14",
			"Name": "[0]後ろ髪_右"
		},
		{
			"Id": "Param_Angle_Rotation28",
			"GroupId": "ParamGroup14",
			"Name": "[1]後ろ髪_右"
		},
		{
			"Id": "Param_Angle_Rotation42",
			"GroupId": "ParamGroup14",
			"Name": "[2]後ろ髪_右"
		},
		{
			"Id": "Param_Angle_Rotation43",
			"GroupId": "ParamGroup19",
			"Name": "[0]前髪_右上4"
		},
		{
			"Id": "Param_Angle_Rotation44",
			"GroupId": "ParamGroup19",
			"Name": "[1]前髪_右上4"
		},
		{
			"Id": "Param_Angle_Rotation45",
			"GroupId": "ParamGroup20",
			"Name": "[0]左おさげ"
		},
		{
			"Id": "Param_Angle_Rotation46",
			"GroupId": "ParamGroup20",
			"Name": "[1]左おさげ"
		},
		{
			"Id": "Param_Angle_Rotation47",
			"GroupId": "ParamGroup20",
			"Name": "[2]左おさげ"
		},
		{
			"Id": "Param_Angle_Rotation48",
			"GroupId": "ParamGroup20",
			"Name": "[3]左おさげ"
		},
		{
			"Id": "Param_Angle_Rotation49",
			"GroupId": "ParamGroup20",
			"Name": "[4]左おさげ"
		},
		{
			"Id": "Param_Angle_Rotation50",
			"GroupId": "ParamGroup21",
			"Name": "[0]後ろ髪_左2"
		},
		{
			"Id": "Param_Angle_Rotation51",
			"GroupId": "ParamGroup21",
			"Name": "[1]後ろ髪_左2"
		},
		{
			"Id": "Param_Angle_Rotation52",
			"GroupId": "ParamGroup21",
			"Name": "[2]後ろ髪_左2"
		},
		{
			"Id": "Param_Angle_Rotation53",
			"GroupId": "ParamGroup22",
			"Name": "[0]右おさげ1"
		},
		{
			"Id": "Param_Angle_Rotation54",
			"GroupId": "ParamGroup22",
			"Name": "[1]右おさげ1"
		},
		{
			"Id": "Param_Angle_Rotation55",
			"GroupId": "ParamGroup22",
			"Name": "[2]右おさげ1"
		},
		{
			"Id": "Param_Angle_Rotation56",
			"GroupId": "ParamGroup22",
			"Name": "[3]右おさげ1"
		},
		{
			"Id": "Param_Angle_Rotation57",
			"GroupId": "ParamGroup22",
			"Name": "[4]右おさげ1"
		},
		{
			"Id": "Param_Angle_Rotation58",
			"GroupId": "ParamGroup23",
			"Name": "[0]右もみあげ"
		},
		{
			"Id": "Param_Angle_Rotation59",
			"GroupId": "ParamGroup23",
			"Name": "[1]右もみあげ"
		},
		{
			"Id": "Param_Angle_Rotation60",
			"GroupId": "ParamGroup23",
			"Name": "[2]右もみあげ"
		},
		{
			"Id": "Param_Angle_Rotation61",
			"GroupId": "ParamGroup23",
			"Name": "[3]右もみあげ"
		},
		{
			"Id": "Param_Angle_Rotation62",
			"GroupId": "ParamGroup24",
			"Name": "[0]右おさげ2"
		},
		{
			"Id": "Param_Angle_Rotation63",
			"GroupId": "ParamGroup24",
			"Name": "[1]右おさげ2"
		},
		{
			"Id": "Param_Angle_Rotation64",
			"GroupId": "ParamGroup24",
			"Name": "[2]右おさげ2"
		}
	],
	"ParameterGroups": [
		{
			"Id": "ParamGroup",
			"GroupId": "",
			"Name": "エフェクト"
		},
		{
			"Id": "ParamGroup2",
			"GroupId": "",
			"Name": "URアニメーション"
		},
		{
			"Id": "ParamGroup3",
			"GroupId": "",
			"Name": "追加"
		},
		{
			"Id": "ParamGroup4",
			"GroupId": "",
			"Name": "左もみあげ1"
		},
		{
			"Id": "ParamGroup5",
			"GroupId": "",
			"Name": "左もみあげ2"
		},
		{
			"Id": "ParamGroup6",
			"GroupId": "",
			"Name": "前髪_左1"
		},
		{
			"Id": "ParamGroup7",
			"GroupId": "",
			"Name": "前髪_左2"
		},
		{
			"Id": "ParamGroup8",
			"GroupId": "",
			"Name": "前髪_左3"
		},
		{
			"Id": "ParamGroup9",
			"GroupId": "",
			"Name": "前髪_左4"
		},
		{
			"Id": "ParamGroup10",
			"GroupId": "",
			"Name": "前髪_右1"
		},
		{
			"Id": "ParamGroup11",
			"GroupId": "",
			"Name": "前髪_右2"
		},
		{
			"Id": "ParamGroup12",
			"GroupId": "",
			"Name": "前髪_右3"
		},
		{
			"Id": "ParamGroup13",
			"GroupId": "",
			"Name": "前髪_右4"
		},
		{
			"Id": "ParamGroup15",
			"GroupId": "",
			"Name": "前髪_右上2"
		},
		{
			"Id": "ParamGroup16",
			"GroupId": "",
			"Name": "前髪_右上3"
		},
		{
			"Id": "ParamGroup17",
			"GroupId": "",
			"Name": "後ろ髪_左1"
		},
		{
			"Id": "ParamGroup18",
			"GroupId": "",
			"Name": "前髪_右上1"
		},
		{
			"Id": "ParamGroup14",
			"GroupId": "",
			"Name": "後ろ髪_右"
		},
		{
			"Id": "ParamGroup19",
			"GroupId": "",
			"Name": "前髪_右上4"
		},
		{
			"Id": "ParamGroup20",
			"GroupId": "",
			"Name": "左おさげ"
		},
		{
			"Id": "ParamGroup21",
			"GroupId": "",
			"Name": "後ろ髪_左2"
		},
		{
			"Id": "ParamGroup22",
			"GroupId": "",
			"Name": "右おさげ1"
		},
		{
			"Id": "ParamGroup23",
			"GroupId": "",
			"Name": "右もみあげ"
		},
		{
			"Id": "ParamGroup24",
			"GroupId": "",
			"Name": "右おさげ2"
		}
	],
	"Parts": [
		{
			"Id": "Part18",
			"Name": "1920x1440.psd"
		},
		{
			"Id": "Part",
			"Name": "*エフェクト"
		},
		{
			"Id": "Part4",
			"Name": "*菖蒲"
		},
		{
			"Id": "Part13",
			"Name": "*グロー"
		},
		{
			"Id": "Part14",
			"Name": "*後ろエフェクト"
		},
		{
			"Id": "Part17",
			"Name": "*背景"
		},
		{
			"Id": "Part2",
			"Name": "*ぽわ"
		},
		{
			"Id": "Part3",
			"Name": "*手前三角"
		},
		{
			"Id": "Part5",
			"Name": "*前髪"
		},
		{
			"Id": "Part6",
			"Name": "*顔"
		},
		{
			"Id": "Part10",
			"Name": "*中間髪"
		},
		{
			"Id": "Part11",
			"Name": "*胸"
		},
		{
			"Id": "Part12",
			"Name": "*後ろ髪"
		},
		{
			"Id": "ArtMesh67_Skinning",
			"Name": "グロー_前髪_右上1(スキニング)"
		},
		{
			"Id": "ArtMesh68_Skinning",
			"Name": "グロー_前髪_右上2(スキニング)"
		},
		{
			"Id": "ArtMesh69_Skinning",
			"Name": "グロー_前髪_右上3(スキニング)"
		},
		{
			"Id": "ArtMesh70_Skinning",
			"Name": "グロー_前髪_右上4(スキニング)"
		},
		{
			"Id": "ArtMesh71_Skinning",
			"Name": "グロー_後ろ髪_右(スキニング)"
		},
		{
			"Id": "ArtMesh72_Skinning",
			"Name": "グロー_後ろ髪_左1(スキニング)"
		},
		{
			"Id": "ArtMesh73_Skinning",
			"Name": "グロー_左おさげ(スキニング)"
		},
		{
			"Id": "ArtMesh74_Skinning",
			"Name": "グロー_右おさげ1(スキニング)"
		},
		{
			"Id": "ArtMesh75_Skinning",
			"Name": "グロー_後ろ髪_左2(スキニング)"
		},
		{
			"Id": "Part15",
			"Name": "*後ろ三角"
		},
		{
			"Id": "Part16",
			"Name": "*フレア関連"
		},
		{
			"Id": "ArtMesh15_Skinning",
			"Name": "左もみあげ1(スキニング)"
		},
		{
			"Id": "ArtMesh16_Skinning",
			"Name": "左もみあげ2(スキニング)"
		},
		{
			"Id": "ArtMesh17_Skinning",
			"Name": "前髪_左1(スキニング)"
		},
		{
			"Id": "ArtMesh18_Skinning",
			"Name": "前髪_左2(スキニング)"
		},
		{
			"Id": "ArtMesh19_Skinning",
			"Name": "前髪_左3(スキニング)"
		},
		{
			"Id": "ArtMesh20_Skinning",
			"Name": "前髪_左4(スキニング)"
		},
		{
			"Id": "ArtMesh21_Skinning",
			"Name": "前髪_右1(スキニング)"
		},
		{
			"Id": "ArtMesh22_Skinning",
			"Name": "前髪_右2(スキニング)"
		},
		{
			"Id": "ArtMesh23_Skinning",
			"Name": "前髪_右3(スキニング)"
		},
		{
			"Id": "ArtMesh24_Skinning",
			"Name": "前髪_右4(スキニング)"
		},
		{
			"Id": "ArtMesh25_Skinning2",
			"Name": "前髪_右上1(スキニング)"
		},
		{
			"Id": "ArtMesh25_Skinning",
			"Name": "前髪_右上1(スキニング)"
		},
		{
			"Id": "ArtMesh26_Skinning",
			"Name": "前髪_右上2(スキニング)"
		},
		{
			"Id": "ArtMesh27_Skinning",
			"Name": "前髪_右上3(スキニング)"
		},
		{
			"Id": "ArtMesh28_Skinning",
			"Name": "後ろ髪_左1(スキニング)"
		},
		{
			"Id": "Part7",
			"Name": "*表情"
		},
		{
			"Id": "Part9",
			"Name": "*髪カゲ"
		},
		{
			"Id": "ArtMesh43_Skinning",
			"Name": "右もみあげ(スキニング)"
		},
		{
			"Id": "ArtMesh44_Skinning",
			"Name": "後ろ髪_左2(スキニング)"
		},
		{
			"Id": "ArtMesh45_Skinning",
			"Name": "右おさげ2(スキニング)"
		},
		{
			"Id": "ArtMesh46_Skinning",
			"Name": "左おさげ(スキニング)"
		},
		{
			"Id": "ArtMesh55_Skinning",
			"Name": "右おさげ1(スキニング)"
		},
		{
			"Id": "ArtMesh56_Skinning",
			"Name": "後ろ髪_右(スキニング)"
		},
		{
			"Id": "ArtMesh57_Skinning",
			"Name": "前髪_右上4(スキニング)"
		},
		{
			"Id": "Part8",
			"Name": "*開き目"
		},
		{
			"Id": "ArtMesh34_Skinning",
			"Name": "前髪_左1_カゲ(スキニング)"
		},
		{
			"Id": "ArtMesh35_Skinning",
			"Name": "前髪_左2_カゲ(スキニング)"
		},
		{
			"Id": "ArtMesh36_Skinning",
			"Name": "前髪_左3_カゲ(スキニング)"
		},
		{
			"Id": "ArtMesh37_Skinning",
			"Name": "前髪_左4_カゲ(スキニング)"
		},
		{
			"Id": "ArtMesh38_Skinning",
			"Name": "左もみあげ1_カゲ(スキニング)"
		},
		{
			"Id": "ArtMesh39_Skinning",
			"Name": "左もみあげ2_カゲ(スキニング)"
		},
		{
			"Id": "ArtMesh40_Skinning",
			"Name": "前髪_右1_カゲ(スキニング)"
		},
		{
			"Id": "ArtMesh41_Skinning",
			"Name": "前髪_右3_カゲ(スキニング)"
		}
	],
	"CombinedParameters": [
		[
			"ParamEyeRL",
			"ParamEyeUD"
		],
		[
			"ParamPaiLY",
			"ParamPaiLX"
		],
		[
			"ParamPaiLY2",
			"ParamPaiLX2"
		]
	]
}