{
	"Version": 3,
	"Parameters": [
		{
			"Id": "ParamEff1",
			"GroupId": "ParamGroup",
			"Name": "エフェクト1"
		},
		{
			"Id": "ParamEff2",
			"GroupId": "ParamGroup",
			"Name": "エフェクト2"
		},
		{
			"Id": "ParamEff3",
			"GroupId": "ParamGroup",
			"Name": "エフェクト3"
		},
		{
			"Id": "ParamEff4",
			"GroupId": "ParamGroup",
			"Name": "エフェクト4"
		},
		{
			"Id": "ParamEff5",
			"GroupId": "ParamGroup",
			"Name": "エフェクト5"
		},
		{
			"Id": "ParamEff6",
			"GroupId": "ParamGroup",
			"Name": "エフェクト6"
		},
		{
			"Id": "ParamEff7",
			"GroupId": "ParamGroup",
			"Name": "エフェクト7"
		},
		{
			"Id": "ParamEff8",
			"GroupId": "ParamGroup",
			"Name": "エフェクト8"
		},
		{
			"Id": "ParamEff9",
			"GroupId": "ParamGroup",
			"Name": "エフェクト9"
		},
		{
			"Id": "ParamEff10",
			"GroupId": "ParamGroup",
			"Name": "エフェクト10"
		},
		{
			"Id": "ParamEff11",
			"GroupId": "ParamGroup",
			"Name": "エフェクト11"
		},
		{
			"Id": "ParamEff12",
			"GroupId": "ParamGroup",
			"Name": "エフェクト12"
		},
		{
			"Id": "ParamEff13",
			"GroupId": "ParamGroup",
			"Name": "エフェクト13"
		},
		{
			"Id": "ParamEff14",
			"GroupId": "ParamGroup",
			"Name": "エフェクト14"
		},
		{
			"Id": "ParamEff15",
			"GroupId": "ParamGroup",
			"Name": "エフェクト15"
		},
		{
			"Id": "ParamEff16",
			"GroupId": "ParamGroup",
			"Name": "エフェクト16"
		},
		{
			"Id": "ParamEff17",
			"GroupId": "ParamGroup",
			"Name": "エフェクト17"
		},
		{
			"Id": "ParamEff18",
			"GroupId": "ParamGroup",
			"Name": "エフェクト18"
		},
		{
			"Id": "ParamEff19",
			"GroupId": "ParamGroup",
			"Name": "エフェクト19"
		},
		{
			"Id": "ParamEff20",
			"GroupId": "ParamGroup",
			"Name": "エフェクト20"
		},
		{
			"Id": "ParamEff21",
			"GroupId": "ParamGroup",
			"Name": "エフェクト21"
		},
		{
			"Id": "ParamEff22",
			"GroupId": "ParamGroup",
			"Name": "エフェクト22"
		},
		{
			"Id": "ParamEff23",
			"GroupId": "ParamGroup",
			"Name": "エフェクト23"
		},
		{
			"Id": "ParamEff24",
			"GroupId": "ParamGroup",
			"Name": "エフェクト24"
		},
		{
			"Id": "ParamEff25",
			"GroupId": "ParamGroup",
			"Name": "エフェクト25"
		},
		{
			"Id": "ParamEff26",
			"GroupId": "ParamGroup",
			"Name": "エフェクト26"
		},
		{
			"Id": "ParamEff27",
			"GroupId": "ParamGroup",
			"Name": "エフェクト27"
		},
		{
			"Id": "ParamEff28",
			"GroupId": "ParamGroup",
			"Name": "エフェクト28"
		},
		{
			"Id": "ParamEff29",
			"GroupId": "ParamGroup",
			"Name": "エフェクト29"
		},
		{
			"Id": "ParamEff30",
			"GroupId": "ParamGroup",
			"Name": "エフェクト30"
		},
		{
			"Id": "ParamEff31",
			"GroupId": "ParamGroup",
			"Name": "エフェクト31"
		},
		{
			"Id": "ParamEff32",
			"GroupId": "ParamGroup",
			"Name": "エフェクト32"
		},
		{
			"Id": "ParamEff33",
			"GroupId": "ParamGroup",
			"Name": "エフェクト33"
		},
		{
			"Id": "ParamPachi",
			"GroupId": "ParamGroup2",
			"Name": "目パチ"
		},
		{
			"Id": "ParamLegL1",
			"GroupId": "ParamGroup2",
			"Name": "右太もも"
		},
		{
			"Id": "ParamLegL2",
			"GroupId": "ParamGroup2",
			"Name": "右足"
		},
		{
			"Id": "ParamLegR1",
			"GroupId": "ParamGroup2",
			"Name": "左太もも"
		},
		{
			"Id": "ParamLegR2",
			"GroupId": "ParamGroup2",
			"Name": "左足"
		},
		{
			"Id": "ParamEyeRL",
			"GroupId": "ParamGroup2",
			"Name": "目Hi左右"
		},
		{
			"Id": "ParamEyeUD",
			"GroupId": "ParamGroup2",
			"Name": "目Hi上下"
		},
		{
			"Id": "ParamEyeBS",
			"GroupId": "ParamGroup2",
			"Name": "目Hi大小"
		},
		{
			"Id": "ParamPaiRY",
			"GroupId": "ParamGroup2",
			"Name": "右胸 Y"
		},
		{
			"Id": "ParamPaiRX",
			"GroupId": "ParamGroup2",
			"Name": "右胸 X"
		},
		{
			"Id": "ParamPaiRX2",
			"GroupId": "ParamGroup2",
			"Name": "右胸 X2"
		},
		{
			"Id": "ParamPaiRY2",
			"GroupId": "ParamGroup2",
			"Name": "右胸 Y2"
		},
		{
			"Id": "ParamPaiLX",
			"GroupId": "ParamGroup2",
			"Name": "左胸 X"
		},
		{
			"Id": "ParamPaiLY",
			"GroupId": "ParamGroup2",
			"Name": "左胸 Y"
		},
		{
			"Id": "ParamPaiLX2",
			"GroupId": "ParamGroup2",
			"Name": "左胸 X2"
		},
		{
			"Id": "ParamPaiLY2",
			"GroupId": "ParamGroup2",
			"Name": "左胸 Y2"
		},
		{
			"Id": "ParamBreat",
			"GroupId": "ParamGroup2",
			"Name": "呼吸"
		},
		{
			"Id": "ParamFlowerX",
			"GroupId": "ParamGroup3",
			"Name": "花X"
		},
		{
			"Id": "ParamFlowerY",
			"GroupId": "ParamGroup3",
			"Name": "花Y"
		},
		{
			"Id": "Param_Angle_Rotation2",
			"GroupId": "ParamGroup4",
			"Name": "[0]髪1"
		},
		{
			"Id": "Param_Angle_Rotation3",
			"GroupId": "ParamGroup4",
			"Name": "[1]髪1"
		},
		{
			"Id": "Param_Angle_Rotation4",
			"GroupId": "ParamGroup4",
			"Name": "[2]髪1"
		},
		{
			"Id": "Param_Angle_Rotation6",
			"GroupId": "ParamGroup5",
			"Name": "[0]髪2"
		},
		{
			"Id": "Param_Angle_Rotation7",
			"GroupId": "ParamGroup5",
			"Name": "[1]髪2"
		},
		{
			"Id": "Param_Angle_Rotation8",
			"GroupId": "ParamGroup5",
			"Name": "[2]髪2"
		},
		{
			"Id": "Param_Angle_Rotation10",
			"GroupId": "ParamGroup6",
			"Name": "[0]髪3"
		},
		{
			"Id": "Param_Angle_Rotation11",
			"GroupId": "ParamGroup6",
			"Name": "[1]髪3"
		},
		{
			"Id": "Param_Angle_Rotation12",
			"GroupId": "ParamGroup6",
			"Name": "[2]髪3"
		},
		{
			"Id": "Param_Angle_Rotation13",
			"GroupId": "ParamGroup6",
			"Name": "[3]髪3"
		},
		{
			"Id": "Param_Angle_Rotation14",
			"GroupId": "ParamGroup6",
			"Name": "[4]髪3"
		},
		{
			"Id": "Param_Angle_Rotation16",
			"GroupId": "ParamGroup7",
			"Name": "[0]髪4"
		},
		{
			"Id": "Param_Angle_Rotation17",
			"GroupId": "ParamGroup7",
			"Name": "[1]髪4"
		},
		{
			"Id": "Param_Angle_Rotation18",
			"GroupId": "ParamGroup7",
			"Name": "[2]髪4"
		},
		{
			"Id": "Param_Angle_Rotation20",
			"GroupId": "ParamGroup8",
			"Name": "[0]髪5"
		},
		{
			"Id": "Param_Angle_Rotation21",
			"GroupId": "ParamGroup8",
			"Name": "[1]髪5"
		},
		{
			"Id": "Param_Angle_Rotation22",
			"GroupId": "ParamGroup8",
			"Name": "[2]髪5"
		},
		{
			"Id": "Param_Angle_Rotation23",
			"GroupId": "ParamGroup8",
			"Name": "[3]髪5"
		},
		{
			"Id": "Param_Angle_Rotation25",
			"GroupId": "ParamGroup12",
			"Name": "[0]もみあげ右"
		},
		{
			"Id": "Param_Angle_Rotation26",
			"GroupId": "ParamGroup12",
			"Name": "[1]もみあげ右"
		},
		{
			"Id": "Param_Angle_Rotation27",
			"GroupId": "ParamGroup12",
			"Name": "[2]もみあげ右"
		},
		{
			"Id": "Param_Angle_Rotation28",
			"GroupId": "ParamGroup12",
			"Name": "[3]もみあげ右"
		},
		{
			"Id": "Param_Angle_Rotation29",
			"GroupId": "ParamGroup12",
			"Name": "[4]もみあげ右"
		},
		{
			"Id": "Param_Angle_Rotation30",
			"GroupId": "ParamGroup12",
			"Name": "[5]もみあげ右"
		},
		{
			"Id": "Param_Angle_Rotation31",
			"GroupId": "ParamGroup12",
			"Name": "[6]もみあげ右"
		},
		{
			"Id": "Param_Angle_Rotation33",
			"GroupId": "ParamGroup13",
			"Name": "[0]髪後1"
		},
		{
			"Id": "Param_Angle_Rotation34",
			"GroupId": "ParamGroup13",
			"Name": "[1]髪後1"
		},
		{
			"Id": "Param_Angle_Rotation36",
			"GroupId": "ParamGroup14",
			"Name": "[0]髪後2"
		},
		{
			"Id": "Param_Angle_Rotation37",
			"GroupId": "ParamGroup14",
			"Name": "[1]髪後2"
		},
		{
			"Id": "Param_Angle_Rotation39",
			"GroupId": "ParamGroup15",
			"Name": "[0]髪後3"
		},
		{
			"Id": "Param_Angle_Rotation40",
			"GroupId": "ParamGroup15",
			"Name": "[1]髪後3"
		},
		{
			"Id": "Param_Angle_Rotation42",
			"GroupId": "ParamGroup16",
			"Name": "[0]髪後4"
		},
		{
			"Id": "Param_Angle_Rotation43",
			"GroupId": "ParamGroup16",
			"Name": "[1]髪後4"
		},
		{
			"Id": "Param_Angle_Rotation44",
			"GroupId": "ParamGroup16",
			"Name": "[2]髪後4"
		},
		{
			"Id": "Param_Angle_Rotation46",
			"GroupId": "ParamGroup17",
			"Name": "[0]髪後5"
		},
		{
			"Id": "Param_Angle_Rotation47",
			"GroupId": "ParamGroup17",
			"Name": "[1]髪後5"
		},
		{
			"Id": "Param_Angle_Rotation48",
			"GroupId": "ParamGroup17",
			"Name": "[2]髪後5"
		},
		{
			"Id": "Param_Angle_Rotation50",
			"GroupId": "ParamGroup18",
			"Name": "[0]髪後6"
		},
		{
			"Id": "Param_Angle_Rotation51",
			"GroupId": "ParamGroup18",
			"Name": "[1]髪後6"
		},
		{
			"Id": "Param_Angle_Rotation52",
			"GroupId": "ParamGroup18",
			"Name": "[2]髪後6"
		}
	],
	"ParameterGroups": [
		{
			"Id": "ParamGroup",
			"GroupId": "",
			"Name": "エフェクト"
		},
		{
			"Id": "ParamGroup2",
			"GroupId": "",
			"Name": "URアニメーション"
		},
		{
			"Id": "ParamGroup3",
			"GroupId": "",
			"Name": "追加"
		},
		{
			"Id": "ParamGroup4",
			"GroupId": "",
			"Name": "髪1"
		},
		{
			"Id": "ParamGroup5",
			"GroupId": "",
			"Name": "髪2"
		},
		{
			"Id": "ParamGroup6",
			"GroupId": "",
			"Name": "髪3"
		},
		{
			"Id": "ParamGroup7",
			"GroupId": "",
			"Name": "髪4"
		},
		{
			"Id": "ParamGroup8",
			"GroupId": "",
			"Name": "髪5"
		},
		{
			"Id": "ParamGroup12",
			"GroupId": "",
			"Name": "もみあげ右"
		},
		{
			"Id": "ParamGroup13",
			"GroupId": "",
			"Name": "髪後1"
		},
		{
			"Id": "ParamGroup14",
			"GroupId": "",
			"Name": "髪後2"
		},
		{
			"Id": "ParamGroup15",
			"GroupId": "",
			"Name": "髪後3"
		},
		{
			"Id": "ParamGroup16",
			"GroupId": "",
			"Name": "髪後4"
		},
		{
			"Id": "ParamGroup17",
			"GroupId": "",
			"Name": "髪後5"
		},
		{
			"Id": "ParamGroup18",
			"GroupId": "",
			"Name": "髪後6"
		}
	],
	"Parts": [
		{
			"Id": "Part23",
			"Name": "1920x1440.psd"
		},
		{
			"Id": "Part",
			"Name": "キャラ上"
		},
		{
			"Id": "Part20",
			"Name": "胸"
		},
		{
			"Id": "Part21",
			"Name": "頭"
		},
		{
			"Id": "Part22",
			"Name": "髪後"
		},
		{
			"Id": "Part2",
			"Name": "キラ小"
		},
		{
			"Id": "Part10",
			"Name": "キラ大"
		},
		{
			"Id": "Part18",
			"Name": "さくら吹雪"
		},
		{
			"Id": "Part19",
			"Name": "水飛沫"
		},
		{
			"Id": "ArtMesh129_Skinning",
			"Name": "髪1(スキニング)"
		},
		{
			"Id": "ArtMesh130_Skinning",
			"Name": "髪2(スキニング)"
		},
		{
			"Id": "ArtMesh133_Skinning",
			"Name": "髪3(スキニング)"
		},
		{
			"Id": "ArtMesh134_Skinning",
			"Name": "髪4(スキニング)"
		},
		{
			"Id": "ArtMesh135_Skinning",
			"Name": "髪5(スキニング)"
		},
		{
			"Id": "ArtMesh141_Skinning",
			"Name": "髪影1(スキニング)"
		},
		{
			"Id": "ArtMesh142_Skinning",
			"Name": "髪影2(スキニング)"
		},
		{
			"Id": "ArtMesh143_Skinning",
			"Name": "髪影3(スキニング)"
		},
		{
			"Id": "ArtMesh147_Skinning",
			"Name": "もみあげ右(スキニング)"
		},
		{
			"Id": "ArtMesh148_Skinning",
			"Name": "髪後1(スキニング)"
		},
		{
			"Id": "ArtMesh149_Skinning",
			"Name": "髪後2(スキニング)"
		},
		{
			"Id": "ArtMesh150_Skinning",
			"Name": "髪後3(スキニング)"
		},
		{
			"Id": "ArtMesh151_Skinning",
			"Name": "髪後4(スキニング)"
		},
		{
			"Id": "ArtMesh152_Skinning",
			"Name": "髪後5(スキニング)"
		},
		{
			"Id": "ArtMesh153_Skinning",
			"Name": "髪後6(スキニング)"
		},
		{
			"Id": "Part3",
			"Name": "グループ 1"
		},
		{
			"Id": "Part4",
			"Name": "グループ 6"
		},
		{
			"Id": "Part5",
			"Name": "グループ 3"
		},
		{
			"Id": "Part6",
			"Name": "グループ 4"
		},
		{
			"Id": "Part7",
			"Name": "グループ 2"
		},
		{
			"Id": "Part8",
			"Name": "グループ 5"
		},
		{
			"Id": "Part9",
			"Name": "グループ 7"
		},
		{
			"Id": "Part11",
			"Name": "グループ 8"
		},
		{
			"Id": "Part12",
			"Name": "グループ 11"
		},
		{
			"Id": "Part13",
			"Name": "グループ 9"
		},
		{
			"Id": "Part14",
			"Name": "グループ 10"
		},
		{
			"Id": "Part15",
			"Name": "グループ 13"
		},
		{
			"Id": "Part16",
			"Name": "グループ 12"
		},
		{
			"Id": "Part17",
			"Name": "グループ 14"
		}
	],
	"CombinedParameters": [
		[
			"ParamEyeRL",
			"ParamEyeUD"
		],
		[
			"ParamPaiRY",
			"ParamPaiRX"
		],
		[
			"ParamPaiRX2",
			"ParamPaiRY2"
		],
		[
			"ParamPaiLX",
			"ParamPaiLY"
		],
		[
			"ParamPaiLX2",
			"ParamPaiLY2"
		],
		[
			"ParamFlowerX",
			"ParamFlowerY"
		]
	]
}