{
	"Version": 3,
	"Meta": {
		"Duration": 6,
		"Fps": 30.0,
		"Loop": true,
		"AreBeziersRestricted": false,
		"CurveCount": 58,
		"TotalSegmentCount": 624,
		"TotalPointCount": 1930,
		"UserDataCount": 0,
		"TotalUserDataSize": 0
	},
	"Curves": [
		{
			"Target": "Parameter",
			"Id": "ParamEff1",
			"Segments": [
				0,
				0.244,
				1,
				0.233,
				0.244,
				0.467,
				0.229,
				0.7,
				0.3,
				1,
				0.956,
				0.378,
				1.211,
				1,
				1.467,
				1,
				1,
				1.589,
				1,
				1.711,
				0.3,
				1.833,
				0.3,
				1,
				1.9,
				0.3,
				1.967,
				1,
				2.033,
				1,
				1,
				2.089,
				1,
				2.144,
				0.3,
				2.2,
				0.3,
				1,
				2.367,
				0.3,
				2.533,
				1,
				2.7,
				1,
				1,
				2.767,
				1,
				2.833,
				0.4,
				2.9,
				0.4,
				1,
				3.078,
				0.4,
				3.256,
				1,
				3.433,
				1,
				1,
				3.456,
				1,
				3.478,
				0,
				3.5,
				0,
				1,
				3.567,
				0,
				3.633,
				1,
				3.7,
				1,
				1,
				3.756,
				1,
				3.811,
				0.3,
				3.867,
				0.3,
				1,
				3.978,
				0.3,
				4.089,
				1,
				4.2,
				1,
				1,
				4.244,
				1,
				4.289,
				0.3,
				4.333,
				0.3,
				1,
				4.367,
				0.3,
				4.4,
				1,
				4.433,
				1,
				1,
				4.489,
				1,
				4.544,
				0.2,
				4.6,
				0.2,
				1,
				4.7,
				0.2,
				4.8,
				1,
				4.9,
				1,
				1,
				5.022,
				1,
				5.144,
				0.4,
				5.267,
				0.4,
				1,
				5.378,
				0.4,
				5.489,
				1,
				5.6,
				1,
				1,
				5.733,
				1,
				5.867,
				0.244,
				6,
				0.244
			]
		},
		{
			"Target": "Parameter",
			"Id": "ParamEff2",
			"Segments": [
				0,
				1,
				1,
				0.122,
				1,
				0.244,
				0.4,
				0.367,
				0.4,
				1,
				0.478,
				0.4,
				0.589,
				1,
				0.7,
				1,
				1,
				0.833,
				1,
				0.967,
				0.244,
				1.1,
				0.244,
				1,
				1.333,
				0.244,
				1.567,
				0.229,
				1.8,
				0.3,
				1,
				2.056,
				0.378,
				2.311,
				1,
				2.567,
				1,
				1,
				2.689,
				1,
				2.811,
				0.3,
				2.933,
				0.3,
				1,
				3,
				0.3,
				3.067,
				1,
				3.133,
				1,
				1,
				3.189,
				1,
				3.244,
				0.3,
				3.3,
				0.3,
				1,
				3.467,
				0.3,
				3.633,
				1,
				3.8,
				1,
				1,
				3.867,
				1,
				3.933,
				0.4,
				4,
				0.4,
				1,
				4.178,
				0.4,
				4.356,
				1,
				4.533,
				1,
				1,
				4.556,
				1,
				4.578,
				0,
				4.6,
				0,
				1,
				4.667,
				0,
				4.733,
				1,
				4.8,
				1,
				1,
				4.856,
				1,
				4.911,
				0.3,
				4.967,
				0.3,
				1,
				5.078,
				0.3,
				5.189,
				1,
				5.3,
				1,
				1,
				5.344,
				1,
				5.389,
				0.3,
				5.433,
				0.3,
				1,
				5.467,
				0.3,
				5.5,
				1,
				5.533,
				1,
				1,
				5.589,
				1,
				5.644,
				0.2,
				5.7,
				0.2,
				1,
				5.8,
				0.2,
				5.9,
				1,
				6,
				1
			]
		},
		{
			"Target": "Parameter",
			"Id": "ParamEff3",
			"Segments": [
				0,
				1,
				1,
				0.044,
				1,
				0.089,
				0.3,
				0.133,
				0.3,
				1,
				0.167,
				0.3,
				0.2,
				1,
				0.233,
				1,
				1,
				0.289,
				1,
				0.344,
				0.2,
				0.4,
				0.2,
				1,
				0.5,
				0.2,
				0.6,
				1,
				0.7,
				1,
				1,
				0.822,
				1,
				0.944,
				0.4,
				1.067,
				0.4,
				1,
				1.178,
				0.4,
				1.289,
				1,
				1.4,
				1,
				1,
				1.533,
				1,
				1.667,
				0.244,
				1.8,
				0.244,
				1,
				2.033,
				0.244,
				2.267,
				0.229,
				2.5,
				0.3,
				1,
				2.756,
				0.378,
				3.011,
				1,
				3.267,
				1,
				1,
				3.389,
				1,
				3.511,
				0.3,
				3.633,
				0.3,
				1,
				3.7,
				0.3,
				3.767,
				1,
				3.833,
				1,
				1,
				3.889,
				1,
				3.944,
				0.3,
				4,
				0.3,
				1,
				4.167,
				0.3,
				4.333,
				1,
				4.5,
				1,
				1,
				4.567,
				1,
				4.633,
				0.4,
				4.7,
				0.4,
				1,
				4.878,
				0.4,
				5.056,
				1,
				5.233,
				1,
				1,
				5.256,
				1,
				5.278,
				0,
				5.3,
				0,
				1,
				5.367,
				0,
				5.433,
				1,
				5.5,
				1,
				1,
				5.556,
				1,
				5.611,
				0.3,
				5.667,
				0.3,
				1,
				5.778,
				0.3,
				5.889,
				1,
				6,
				1
			]
		},
		{
			"Target": "Parameter",
			"Id": "ParamEff4",
			"Segments": [
				0,
				1,
				1,
				0.022,
				1,
				0.044,
				0,
				0.067,
				0,
				1,
				0.133,
				0,
				0.2,
				1,
				0.267,
				1,
				1,
				0.322,
				1,
				0.378,
				0.3,
				0.433,
				0.3,
				1,
				0.544,
				0.3,
				0.656,
				1,
				0.767,
				1,
				1,
				0.811,
				1,
				0.856,
				0.3,
				0.9,
				0.3,
				1,
				0.933,
				0.3,
				0.967,
				1,
				1,
				1,
				1,
				1.056,
				1,
				1.111,
				0.2,
				1.167,
				0.2,
				1,
				1.267,
				0.2,
				1.367,
				1,
				1.467,
				1,
				1,
				1.589,
				1,
				1.711,
				0.4,
				1.833,
				0.4,
				1,
				1.944,
				0.4,
				2.056,
				1,
				2.167,
				1,
				1,
				2.3,
				1,
				2.433,
				0.244,
				2.567,
				0.244,
				1,
				2.8,
				0.244,
				3.033,
				0.229,
				3.267,
				0.3,
				1,
				3.522,
				0.378,
				3.778,
				1,
				4.033,
				1,
				1,
				4.156,
				1,
				4.278,
				0.3,
				4.4,
				0.3,
				1,
				4.467,
				0.3,
				4.533,
				1,
				4.6,
				1,
				1,
				4.656,
				1,
				4.711,
				0.3,
				4.767,
				0.3,
				1,
				4.933,
				0.3,
				5.1,
				1,
				5.267,
				1,
				1,
				5.333,
				1,
				5.4,
				0.4,
				5.467,
				0.4,
				1,
				5.644,
				0.4,
				5.822,
				1,
				6,
				1
			]
		},
		{
			"Target": "Parameter",
			"Id": "ParamEff5",
			"Segments": [
				0,
				0.4,
				1,
				0.178,
				0.4,
				0.356,
				1,
				0.533,
				1,
				1,
				0.556,
				1,
				0.578,
				0,
				0.6,
				0,
				1,
				0.667,
				0,
				0.733,
				1,
				0.8,
				1,
				1,
				0.856,
				1,
				0.911,
				0.3,
				0.967,
				0.3,
				1,
				1.078,
				0.3,
				1.189,
				1,
				1.3,
				1,
				1,
				1.344,
				1,
				1.389,
				0.3,
				1.433,
				0.3,
				1,
				1.467,
				0.3,
				1.5,
				1,
				1.533,
				1,
				1,
				1.589,
				1,
				1.644,
				0.2,
				1.7,
				0.2,
				1,
				1.8,
				0.2,
				1.9,
				1,
				2,
				1,
				1,
				2.122,
				1,
				2.244,
				0.4,
				2.367,
				0.4,
				1,
				2.478,
				0.4,
				2.589,
				1,
				2.7,
				1,
				1,
				2.833,
				1,
				2.967,
				0.244,
				3.1,
				0.244,
				1,
				3.333,
				0.244,
				3.567,
				0.229,
				3.8,
				0.3,
				1,
				4.056,
				0.378,
				4.311,
				1,
				4.567,
				1,
				1,
				4.689,
				1,
				4.811,
				0.3,
				4.933,
				0.3,
				1,
				5,
				0.3,
				5.067,
				1,
				5.133,
				1,
				1,
				5.189,
				1,
				5.244,
				0.3,
				5.3,
				0.3,
				1,
				5.467,
				0.3,
				5.633,
				1,
				5.8,
				1,
				1,
				5.867,
				1,
				5.933,
				0.4,
				6,
				0.4
			]
		},
		{
			"Target": "Parameter",
			"Id": "ParamEff6",
			"Segments": [
				0,
				1,
				1,
				0.067,
				1,
				0.133,
				0.3,
				0.2,
				0.3,
				1,
				0.367,
				0.3,
				0.533,
				1,
				0.7,
				1,
				1,
				0.767,
				1,
				0.833,
				0.4,
				0.9,
				0.4,
				1,
				1.078,
				0.4,
				1.256,
				1,
				1.433,
				1,
				1,
				1.456,
				1,
				1.478,
				0,
				1.5,
				0,
				1,
				1.567,
				0,
				1.633,
				1,
				1.7,
				1,
				1,
				1.756,
				1,
				1.811,
				0.3,
				1.867,
				0.3,
				1,
				1.978,
				0.3,
				2.089,
				1,
				2.2,
				1,
				1,
				2.244,
				1,
				2.289,
				0.3,
				2.333,
				0.3,
				1,
				2.367,
				0.3,
				2.4,
				1,
				2.433,
				1,
				1,
				2.489,
				1,
				2.544,
				0.2,
				2.6,
				0.2,
				1,
				2.7,
				0.2,
				2.8,
				1,
				2.9,
				1,
				1,
				3.022,
				1,
				3.144,
				0.4,
				3.267,
				0.4,
				1,
				3.378,
				0.4,
				3.489,
				1,
				3.6,
				1,
				1,
				3.733,
				1,
				3.867,
				0.244,
				4,
				0.244,
				1,
				4.233,
				0.244,
				4.467,
				0.229,
				4.7,
				0.3,
				1,
				4.956,
				0.378,
				5.211,
				1,
				5.467,
				1,
				1,
				5.589,
				1,
				5.711,
				0.3,
				5.833,
				0.3,
				1,
				5.889,
				0.3,
				5.944,
				1,
				6,
				1
			]
		},
		{
			"Target": "Parameter",
			"Id": "ParamEff7",
			"Segments": [
				0,
				1,
				1,
				0.122,
				1,
				0.244,
				0.3,
				0.367,
				0.3,
				1,
				0.433,
				0.3,
				0.5,
				1,
				0.567,
				1,
				1,
				0.622,
				1,
				0.678,
				0.3,
				0.733,
				0.3,
				1,
				0.9,
				0.3,
				1.067,
				1,
				1.233,
				1,
				1,
				1.3,
				1,
				1.367,
				0.4,
				1.433,
				0.4,
				1,
				1.611,
				0.4,
				1.789,
				1,
				1.967,
				1,
				1,
				1.989,
				1,
				2.011,
				0,
				2.033,
				0,
				1,
				2.1,
				0,
				2.167,
				1,
				2.233,
				1,
				1,
				2.289,
				1,
				2.344,
				0.3,
				2.4,
				0.3,
				1,
				2.511,
				0.3,
				2.622,
				1,
				2.733,
				1,
				1,
				2.778,
				1,
				2.822,
				0.3,
				2.867,
				0.3,
				1,
				2.9,
				0.3,
				2.933,
				1,
				2.967,
				1,
				1,
				3.022,
				1,
				3.078,
				0.2,
				3.133,
				0.2,
				1,
				3.233,
				0.2,
				3.333,
				1,
				3.433,
				1,
				1,
				3.556,
				1,
				3.678,
				0.4,
				3.8,
				0.4,
				1,
				3.911,
				0.4,
				4.022,
				1,
				4.133,
				1,
				1,
				4.267,
				1,
				4.4,
				0.244,
				4.533,
				0.244,
				1,
				4.589,
				0.244,
				4.644,
				0.244,
				4.7,
				0.244,
				1,
				4.933,
				0.244,
				5.167,
				0.235,
				5.4,
				0.3,
				1,
				5.6,
				0.356,
				5.8,
				1,
				6,
				1
			]
		},
		{
			"Target": "Parameter",
			"Id": "ParamEff8",
			"Segments": [
				0,
				0.3,
				1,
				0.267,
				0.3,
				0.533,
				1,
				0.8,
				1,
				1,
				0.922,
				1,
				1.044,
				0.3,
				1.167,
				0.3,
				1,
				1.233,
				0.3,
				1.3,
				1,
				1.367,
				1,
				1,
				1.422,
				1,
				1.478,
				0.3,
				1.533,
				0.3,
				1,
				1.7,
				0.3,
				1.867,
				1,
				2.033,
				1,
				1,
				2.1,
				1,
				2.167,
				0.4,
				2.233,
				0.4,
				1,
				2.411,
				0.4,
				2.589,
				1,
				2.767,
				1,
				1,
				2.789,
				1,
				2.811,
				0,
				2.833,
				0,
				1,
				2.9,
				0,
				2.967,
				1,
				3.033,
				1,
				1,
				3.089,
				1,
				3.144,
				0.3,
				3.2,
				0.3,
				1,
				3.311,
				0.3,
				3.422,
				1,
				3.533,
				1,
				1,
				3.578,
				1,
				3.622,
				0.3,
				3.667,
				0.3,
				1,
				3.7,
				0.3,
				3.733,
				1,
				3.767,
				1,
				1,
				3.822,
				1,
				3.878,
				0.2,
				3.933,
				0.2,
				1,
				4.033,
				0.2,
				4.133,
				1,
				4.233,
				1,
				1,
				4.356,
				1,
				4.478,
				0.4,
				4.6,
				0.4,
				1,
				4.711,
				0.4,
				4.822,
				1,
				4.933,
				1,
				1,
				5.067,
				1,
				5.2,
				0.244,
				5.333,
				0.244,
				1,
				5.556,
				0.244,
				5.778,
				0.228,
				6,
				0.3
			]
		},
		{
			"Target": "Parameter",
			"Id": "ParamEff9",
			"Segments": [
				0,
				1,
				1,
				0.022,
				1,
				0.044,
				0,
				0.067,
				0,
				1,
				0.133,
				0,
				0.2,
				1,
				0.267,
				1,
				1,
				0.322,
				1,
				0.378,
				0.3,
				0.433,
				0.3,
				1,
				0.544,
				0.3,
				0.656,
				1,
				0.767,
				1,
				1,
				0.811,
				1,
				0.856,
				0.3,
				0.9,
				0.3,
				1,
				0.933,
				0.3,
				0.967,
				1,
				1,
				1,
				1,
				1.056,
				1,
				1.111,
				0.2,
				1.167,
				0.2,
				1,
				1.267,
				0.2,
				1.367,
				1,
				1.467,
				1,
				1,
				1.589,
				1,
				1.711,
				0.4,
				1.833,
				0.4,
				1,
				1.944,
				0.4,
				2.056,
				1,
				2.167,
				1,
				1,
				2.3,
				1,
				2.433,
				0.244,
				2.567,
				0.244,
				1,
				2.8,
				0.244,
				3.033,
				0.229,
				3.267,
				0.3,
				1,
				3.522,
				0.378,
				3.778,
				1,
				4.033,
				1,
				1,
				4.156,
				1,
				4.278,
				0.3,
				4.4,
				0.3,
				1,
				4.467,
				0.3,
				4.533,
				1,
				4.6,
				1,
				1,
				4.656,
				1,
				4.711,
				0.3,
				4.767,
				0.3,
				1,
				4.933,
				0.3,
				5.1,
				1,
				5.267,
				1,
				1,
				5.333,
				1,
				5.4,
				0.4,
				5.467,
				0.4,
				1,
				5.644,
				0.4,
				5.822,
				1,
				6,
				1
			]
		},
		{
			"Target": "Parameter",
			"Id": "ParamEff10",
			"Segments": [
				0,
				1,
				1,
				0.267,
				1,
				0.533,
				0.3,
				0.8,
				0.3,
				1,
				1.044,
				0.3,
				1.289,
				1,
				1.533,
				1,
				1,
				1.667,
				1,
				1.8,
				0.6,
				1.933,
				0.6,
				1,
				2.044,
				0.6,
				2.156,
				1,
				2.267,
				1,
				1,
				2.411,
				1,
				2.556,
				0.2,
				2.7,
				0.2,
				1,
				3.011,
				0.2,
				3.322,
				1,
				3.633,
				1,
				1,
				3.767,
				1,
				3.9,
				0.6,
				4.033,
				0.6,
				1,
				4.267,
				0.6,
				4.5,
				1,
				4.733,
				1,
				1,
				5,
				1,
				5.267,
				0.2,
				5.533,
				0.2,
				1,
				5.689,
				0.2,
				5.844,
				1,
				6,
				1
			]
		},
		{
			"Target": "Parameter",
			"Id": "ParamEff11",
			"Segments": [
				0,
				-30,
				1,
				0.878,
				-30,
				1.756,
				30,
				2.633,
				30,
				1,
				3.756,
				30,
				4.878,
				-30,
				6,
				-30
			]
		},
		{
			"Target": "Parameter",
			"Id": "Param7",
			"Segments": [
				0,
				30,
				1,
				0.878,
				30,
				1.756,
				-30,
				2.633,
				-30,
				1,
				3.756,
				-30,
				4.878,
				30,
				6,
				30
			]
		},
		{
			"Target": "Parameter",
			"Id": "ParamPachi",
			"Segments": [
				0,
				0,
				1,
				0.367,
				0,
				0.733,
				0,
				1.1,
				0,
				1,
				1.144,
				0,
				1.189,
				1,
				1.233,
				1,
				1,
				1.244,
				1,
				1.256,
				1,
				1.267,
				1,
				1,
				1.311,
				1,
				1.356,
				0,
				1.4,
				0,
				1,
				2.933,
				0,
				4.467,
				0,
				6,
				0
			]
		},
		{
			"Target": "Parameter",
			"Id": "ParamEyeRL",
			"Segments": [
				0,
				-30,
				1,
				0.022,
				-30,
				0.044,
				30,
				0.067,
				30,
				1,
				0.089,
				30,
				0.111,
				30,
				0.133,
				30,
				1,
				0.156,
				30,
				0.178,
				-30,
				0.2,
				-30,
				1,
				0.222,
				-30,
				0.244,
				30,
				0.267,
				30,
				1,
				0.289,
				30,
				0.311,
				-30,
				0.333,
				-30,
				1,
				0.356,
				-30,
				0.378,
				30,
				0.4,
				30,
				1,
				0.422,
				30,
				0.444,
				30,
				0.467,
				30,
				1,
				0.489,
				30,
				0.511,
				-30,
				0.533,
				-30,
				1,
				0.556,
				-30,
				0.578,
				-30,
				0.6,
				-30,
				1,
				0.622,
				-30,
				0.644,
				30,
				0.667,
				30,
				1,
				0.689,
				30,
				0.711,
				30,
				0.733,
				30,
				1,
				0.756,
				30,
				0.778,
				-30,
				0.8,
				-30,
				1,
				0.822,
				-30,
				0.844,
				30,
				0.867,
				30,
				1,
				0.889,
				30,
				0.911,
				-30,
				0.933,
				-30,
				1,
				0.956,
				-30,
				0.978,
				30,
				1,
				30,
				1,
				1.022,
				30,
				1.044,
				30,
				1.067,
				30,
				1,
				1.089,
				30,
				1.111,
				-30,
				1.133,
				-30,
				1,
				1.156,
				-30,
				1.178,
				-30,
				1.2,
				-30,
				1,
				1.222,
				-30,
				1.244,
				30,
				1.267,
				30,
				1,
				1.289,
				30,
				1.311,
				30,
				1.333,
				30,
				1,
				1.356,
				30,
				1.378,
				-30,
				1.4,
				-30,
				1,
				1.422,
				-30,
				1.444,
				30,
				1.467,
				30,
				1,
				1.489,
				30,
				1.511,
				-30,
				1.533,
				-30,
				1,
				1.556,
				-30,
				1.578,
				30,
				1.6,
				30,
				1,
				1.622,
				30,
				1.644,
				30,
				1.667,
				30,
				1,
				1.689,
				30,
				1.711,
				-30,
				1.733,
				-30,
				1,
				1.756,
				-30,
				1.778,
				-30,
				1.8,
				-30,
				1,
				1.822,
				-30,
				1.844,
				30,
				1.867,
				30,
				1,
				1.889,
				30,
				1.911,
				30,
				1.933,
				30,
				1,
				1.956,
				30,
				1.978,
				-30,
				2,
				-30,
				1,
				2.022,
				-30,
				2.044,
				30,
				2.067,
				30,
				1,
				2.089,
				30,
				2.111,
				-30,
				2.133,
				-30,
				1,
				2.156,
				-30,
				2.178,
				30,
				2.2,
				30,
				1,
				2.222,
				30,
				2.244,
				30,
				2.267,
				30,
				1,
				2.289,
				30,
				2.311,
				-30,
				2.333,
				-30,
				1,
				2.356,
				-30,
				2.378,
				-30,
				2.4,
				-30,
				1,
				2.422,
				-30,
				2.444,
				30,
				2.467,
				30,
				1,
				2.489,
				30,
				2.511,
				30,
				2.533,
				30,
				1,
				2.556,
				30,
				2.578,
				-30,
				2.6,
				-30,
				1,
				2.622,
				-30,
				2.644,
				30,
				2.667,
				30,
				1,
				2.689,
				30,
				2.711,
				-30,
				2.733,
				-30,
				1,
				2.756,
				-30,
				2.778,
				30,
				2.8,
				30,
				1,
				2.822,
				30,
				2.844,
				30,
				2.867,
				30,
				1,
				2.889,
				30,
				2.911,
				-30,
				2.933,
				-30,
				1,
				2.956,
				-30,
				2.978,
				-30,
				3,
				-30,
				1,
				3.022,
				-30,
				3.044,
				30,
				3.067,
				30,
				1,
				3.089,
				30,
				3.111,
				30,
				3.133,
				30,
				1,
				3.156,
				30,
				3.178,
				-30,
				3.2,
				-30,
				1,
				3.222,
				-30,
				3.244,
				30,
				3.267,
				30,
				1,
				3.289,
				30,
				3.311,
				-30,
				3.333,
				-30,
				1,
				3.356,
				-30,
				3.378,
				30,
				3.4,
				30,
				1,
				3.422,
				30,
				3.444,
				30,
				3.467,
				30,
				1,
				3.489,
				30,
				3.511,
				-30,
				3.533,
				-30,
				1,
				3.556,
				-30,
				3.578,
				-30,
				3.6,
				-30,
				1,
				3.622,
				-30,
				3.644,
				30,
				3.667,
				30,
				1,
				3.689,
				30,
				3.711,
				30,
				3.733,
				30,
				1,
				3.756,
				30,
				3.778,
				-30,
				3.8,
				-30,
				1,
				3.822,
				-30,
				3.844,
				30,
				3.867,
				30,
				1,
				3.889,
				30,
				3.911,
				-30,
				3.933,
				-30,
				1,
				3.956,
				-30,
				3.978,
				30,
				4,
				30,
				1,
				4.022,
				30,
				4.044,
				30,
				4.067,
				30,
				1,
				4.089,
				30,
				4.111,
				-30,
				4.133,
				-30,
				1,
				4.156,
				-30,
				4.178,
				-30,
				4.2,
				-30,
				1,
				4.222,
				-30,
				4.244,
				30,
				4.267,
				30,
				1,
				4.289,
				30,
				4.311,
				30,
				4.333,
				30,
				1,
				4.356,
				30,
				4.378,
				-30,
				4.4,
				-30,
				1,
				4.422,
				-30,
				4.444,
				30,
				4.467,
				30,
				1,
				4.489,
				30,
				4.511,
				-30,
				4.533,
				-30,
				1,
				4.556,
				-30,
				4.578,
				30,
				4.6,
				30,
				1,
				4.622,
				30,
				4.644,
				30,
				4.667,
				30,
				1,
				4.689,
				30,
				4.711,
				-30,
				4.733,
				-30,
				1,
				4.756,
				-30,
				4.778,
				-30,
				4.8,
				-30,
				1,
				4.822,
				-30,
				4.844,
				30,
				4.867,
				30,
				1,
				4.889,
				30,
				4.911,
				30,
				4.933,
				30,
				1,
				4.956,
				30,
				4.978,
				-30,
				5,
				-30,
				1,
				5.022,
				-30,
				5.044,
				30,
				5.067,
				30,
				1,
				5.089,
				30,
				5.111,
				-30,
				5.133,
				-30,
				1,
				5.156,
				-30,
				5.178,
				30,
				5.2,
				30,
				1,
				5.222,
				30,
				5.244,
				30,
				5.267,
				30,
				1,
				5.289,
				30,
				5.311,
				-30,
				5.333,
				-30,
				1,
				5.356,
				-30,
				5.378,
				-30,
				5.4,
				-30,
				1,
				5.422,
				-30,
				5.444,
				30,
				5.467,
				30,
				1,
				5.489,
				30,
				5.511,
				30,
				5.533,
				30,
				1,
				5.556,
				30,
				5.578,
				-30,
				5.6,
				-30,
				1,
				5.622,
				-30,
				5.644,
				30,
				5.667,
				30,
				1,
				5.689,
				30,
				5.711,
				-30,
				5.733,
				-30,
				1,
				5.756,
				-30,
				5.778,
				30,
				5.8,
				30,
				1,
				5.822,
				30,
				5.844,
				30,
				5.867,
				30,
				1,
				5.889,
				30,
				5.911,
				-30,
				5.933,
				-30,
				1,
				5.956,
				-30,
				5.978,
				-30,
				6,
				-30
			]
		},
		{
			"Target": "Parameter",
			"Id": "ParamEyeUD",
			"Segments": [
				0,
				30,
				1,
				0.022,
				30,
				0.044,
				30,
				0.067,
				30,
				1,
				0.089,
				30,
				0.111,
				-30,
				0.133,
				-30,
				1,
				0.156,
				-30,
				0.178,
				-30,
				0.2,
				-30,
				1,
				0.222,
				-30,
				0.244,
				30,
				0.267,
				30,
				1,
				0.289,
				30,
				0.311,
				30.145,
				0.333,
				29,
				1,
				0.356,
				27.855,
				0.378,
				-30,
				0.4,
				-30,
				1,
				0.422,
				-30,
				0.444,
				30,
				0.467,
				30,
				1,
				0.489,
				30,
				0.511,
				-30,
				0.533,
				-30,
				1,
				0.556,
				-30,
				0.578,
				30,
				0.6,
				30,
				1,
				0.622,
				30,
				0.644,
				30,
				0.667,
				30,
				1,
				0.689,
				30,
				0.711,
				-30,
				0.733,
				-30,
				1,
				0.756,
				-30,
				0.778,
				-30,
				0.8,
				-30,
				1,
				0.822,
				-30,
				0.844,
				30,
				0.867,
				30,
				1,
				0.889,
				30,
				0.911,
				30.145,
				0.933,
				29,
				1,
				0.956,
				27.855,
				0.978,
				-30,
				1,
				-30,
				1,
				1.022,
				-30,
				1.044,
				30,
				1.067,
				30,
				1,
				1.089,
				30,
				1.111,
				-30,
				1.133,
				-30,
				1,
				1.156,
				-30,
				1.178,
				30,
				1.2,
				30,
				1,
				1.222,
				30,
				1.244,
				30,
				1.267,
				30,
				1,
				1.289,
				30,
				1.311,
				-30,
				1.333,
				-30,
				1,
				1.356,
				-30,
				1.378,
				-30,
				1.4,
				-30,
				1,
				1.422,
				-30,
				1.444,
				30,
				1.467,
				30,
				1,
				1.489,
				30,
				1.511,
				30.145,
				1.533,
				29,
				1,
				1.556,
				27.855,
				1.578,
				-30,
				1.6,
				-30,
				1,
				1.622,
				-30,
				1.644,
				30,
				1.667,
				30,
				1,
				1.689,
				30,
				1.711,
				-30,
				1.733,
				-30,
				1,
				1.756,
				-30,
				1.778,
				30,
				1.8,
				30,
				1,
				1.822,
				30,
				1.844,
				30,
				1.867,
				30,
				1,
				1.889,
				30,
				1.911,
				-30,
				1.933,
				-30,
				1,
				1.956,
				-30,
				1.978,
				-30,
				2,
				-30,
				1,
				2.022,
				-30,
				2.044,
				30,
				2.067,
				30,
				1,
				2.089,
				30,
				2.111,
				30.145,
				2.133,
				29,
				1,
				2.156,
				27.855,
				2.178,
				-30,
				2.2,
				-30,
				1,
				2.222,
				-30,
				2.244,
				30,
				2.267,
				30,
				1,
				2.289,
				30,
				2.311,
				-30,
				2.333,
				-30,
				1,
				2.356,
				-30,
				2.378,
				30,
				2.4,
				30,
				1,
				2.422,
				30,
				2.444,
				30,
				2.467,
				30,
				1,
				2.489,
				30,
				2.511,
				-30,
				2.533,
				-30,
				1,
				2.556,
				-30,
				2.578,
				-30,
				2.6,
				-30,
				1,
				2.622,
				-30,
				2.644,
				30,
				2.667,
				30,
				1,
				2.689,
				30,
				2.711,
				30.145,
				2.733,
				29,
				1,
				2.756,
				27.855,
				2.778,
				-30,
				2.8,
				-30,
				1,
				2.822,
				-30,
				2.844,
				30,
				2.867,
				30,
				1,
				2.889,
				30,
				2.911,
				-30,
				2.933,
				-30,
				1,
				2.956,
				-30,
				2.978,
				30,
				3,
				30,
				1,
				3.022,
				30,
				3.044,
				30,
				3.067,
				30,
				1,
				3.089,
				30,
				3.111,
				-30,
				3.133,
				-30,
				1,
				3.156,
				-30,
				3.178,
				-30,
				3.2,
				-30,
				1,
				3.222,
				-30,
				3.244,
				30,
				3.267,
				30,
				1,
				3.289,
				30,
				3.311,
				30.145,
				3.333,
				29,
				1,
				3.356,
				27.855,
				3.378,
				-30,
				3.4,
				-30,
				1,
				3.422,
				-30,
				3.444,
				30,
				3.467,
				30,
				1,
				3.489,
				30,
				3.511,
				-30,
				3.533,
				-30,
				1,
				3.556,
				-30,
				3.578,
				30,
				3.6,
				30,
				1,
				3.622,
				30,
				3.644,
				30,
				3.667,
				30,
				1,
				3.689,
				30,
				3.711,
				-30,
				3.733,
				-30,
				1,
				3.756,
				-30,
				3.778,
				-30,
				3.8,
				-30,
				1,
				3.822,
				-30,
				3.844,
				30,
				3.867,
				30,
				1,
				3.889,
				30,
				3.911,
				30.145,
				3.933,
				29,
				1,
				3.956,
				27.855,
				3.978,
				-30,
				4,
				-30,
				1,
				4.022,
				-30,
				4.044,
				30,
				4.067,
				30,
				1,
				4.089,
				30,
				4.111,
				-30,
				4.133,
				-30,
				1,
				4.156,
				-30,
				4.178,
				30,
				4.2,
				30,
				1,
				4.222,
				30,
				4.244,
				30,
				4.267,
				30,
				1,
				4.289,
				30,
				4.311,
				-30,
				4.333,
				-30,
				1,
				4.356,
				-30,
				4.378,
				-30,
				4.4,
				-30,
				1,
				4.422,
				-30,
				4.444,
				30,
				4.467,
				30,
				1,
				4.489,
				30,
				4.511,
				30.145,
				4.533,
				29,
				1,
				4.556,
				27.855,
				4.578,
				-30,
				4.6,
				-30,
				1,
				4.622,
				-30,
				4.644,
				30,
				4.667,
				30,
				1,
				4.689,
				30,
				4.711,
				-30,
				4.733,
				-30,
				1,
				4.756,
				-30,
				4.778,
				30,
				4.8,
				30,
				1,
				4.822,
				30,
				4.844,
				30,
				4.867,
				30,
				1,
				4.889,
				30,
				4.911,
				-30,
				4.933,
				-30,
				1,
				4.956,
				-30,
				4.978,
				-30,
				5,
				-30,
				1,
				5.022,
				-30,
				5.044,
				30,
				5.067,
				30,
				1,
				5.089,
				30,
				5.111,
				30.145,
				5.133,
				29,
				1,
				5.156,
				27.855,
				5.178,
				-30,
				5.2,
				-30,
				1,
				5.222,
				-30,
				5.244,
				30,
				5.267,
				30,
				1,
				5.289,
				30,
				5.311,
				-30,
				5.333,
				-30,
				1,
				5.356,
				-30,
				5.378,
				30,
				5.4,
				30,
				1,
				5.422,
				30,
				5.444,
				30,
				5.467,
				30,
				1,
				5.489,
				30,
				5.511,
				-30,
				5.533,
				-30,
				1,
				5.556,
				-30,
				5.578,
				-30,
				5.6,
				-30,
				1,
				5.622,
				-30,
				5.644,
				30,
				5.667,
				30,
				1,
				5.689,
				30,
				5.711,
				30.145,
				5.733,
				29,
				1,
				5.756,
				27.855,
				5.778,
				-30,
				5.8,
				-30,
				1,
				5.822,
				-30,
				5.844,
				30,
				5.867,
				30,
				1,
				5.889,
				30,
				5.911,
				-30,
				5.933,
				-30,
				1,
				5.956,
				-30,
				5.978,
				30,
				6,
				30
			]
		},
		{
			"Target": "Parameter",
			"Id": "ParamEyeBS",
			"Segments": [
				0,
				-1,
				1,
				0.022,
				-1,
				0.044,
				1,
				0.067,
				1,
				1,
				0.089,
				1,
				0.111,
				-1,
				0.133,
				-1,
				1,
				0.156,
				-1,
				0.178,
				1,
				0.2,
				1,
				1,
				0.222,
				1,
				0.244,
				-1,
				0.267,
				-1,
				1,
				0.289,
				-1,
				0.311,
				1,
				0.333,
				1,
				1,
				0.356,
				1,
				0.378,
				-1,
				0.4,
				-1,
				1,
				0.422,
				-1,
				0.444,
				1,
				0.467,
				1,
				1,
				0.489,
				1,
				0.511,
				-1,
				0.533,
				-1,
				1,
				0.556,
				-1,
				0.578,
				1,
				0.6,
				1,
				1,
				0.622,
				1,
				0.644,
				-1,
				0.667,
				-1,
				1,
				0.689,
				-1,
				0.711,
				1,
				0.733,
				1,
				1,
				0.756,
				1,
				0.778,
				-1,
				0.8,
				-1,
				1,
				0.822,
				-1,
				0.844,
				1,
				0.867,
				1,
				1,
				0.889,
				1,
				0.911,
				-1,
				0.933,
				-1,
				1,
				0.956,
				-1,
				0.978,
				1,
				1,
				1,
				1,
				1.022,
				1,
				1.044,
				-1,
				1.067,
				-1,
				1,
				1.089,
				-1,
				1.111,
				1,
				1.133,
				1,
				1,
				1.156,
				1,
				1.178,
				-1,
				1.2,
				-1,
				1,
				1.222,
				-1,
				1.244,
				1,
				1.267,
				1,
				1,
				1.289,
				1,
				1.311,
				-1,
				1.333,
				-1,
				1,
				1.356,
				-1,
				1.378,
				1,
				1.4,
				1,
				1,
				1.422,
				1,
				1.444,
				-1,
				1.467,
				-1,
				1,
				1.489,
				-1,
				1.511,
				1,
				1.533,
				1,
				1,
				1.556,
				1,
				1.578,
				-1,
				1.6,
				-1,
				1,
				1.622,
				-1,
				1.644,
				1,
				1.667,
				1,
				1,
				1.689,
				1,
				1.711,
				-1,
				1.733,
				-1,
				1,
				1.756,
				-1,
				1.778,
				1,
				1.8,
				1,
				1,
				1.822,
				1,
				1.844,
				-1,
				1.867,
				-1,
				1,
				1.889,
				-1,
				1.911,
				1,
				1.933,
				1,
				1,
				1.956,
				1,
				1.978,
				-1,
				2,
				-1,
				1,
				2.022,
				-1,
				2.044,
				1,
				2.067,
				1,
				1,
				2.089,
				1,
				2.111,
				-1,
				2.133,
				-1,
				1,
				2.156,
				-1,
				2.178,
				1,
				2.2,
				1,
				1,
				2.222,
				1,
				2.244,
				-1,
				2.267,
				-1,
				1,
				2.289,
				-1,
				2.311,
				1,
				2.333,
				1,
				1,
				2.356,
				1,
				2.378,
				-1,
				2.4,
				-1,
				1,
				2.422,
				-1,
				2.444,
				1,
				2.467,
				1,
				1,
				2.489,
				1,
				2.511,
				-1,
				2.533,
				-1,
				1,
				2.556,
				-1,
				2.578,
				1,
				2.6,
				1,
				1,
				2.622,
				1,
				2.644,
				-1,
				2.667,
				-1,
				1,
				2.689,
				-1,
				2.711,
				1,
				2.733,
				1,
				1,
				2.756,
				1,
				2.778,
				-1,
				2.8,
				-1,
				1,
				2.822,
				-1,
				2.844,
				1,
				2.867,
				1,
				1,
				2.889,
				1,
				2.911,
				-1,
				2.933,
				-1,
				1,
				2.956,
				-1,
				2.978,
				1,
				3,
				1,
				1,
				3.022,
				1,
				3.044,
				-1,
				3.067,
				-1,
				1,
				3.089,
				-1,
				3.111,
				1,
				3.133,
				1,
				1,
				3.156,
				1,
				3.178,
				-1,
				3.2,
				-1,
				1,
				3.222,
				-1,
				3.244,
				1,
				3.267,
				1,
				1,
				3.289,
				1,
				3.311,
				-1,
				3.333,
				-1,
				1,
				3.356,
				-1,
				3.378,
				1,
				3.4,
				1,
				1,
				3.422,
				1,
				3.444,
				-1,
				3.467,
				-1,
				1,
				3.489,
				-1,
				3.511,
				1,
				3.533,
				1,
				1,
				3.556,
				1,
				3.578,
				-1,
				3.6,
				-1,
				1,
				3.622,
				-1,
				3.644,
				1,
				3.667,
				1,
				1,
				3.689,
				1,
				3.711,
				-1,
				3.733,
				-1,
				1,
				3.756,
				-1,
				3.778,
				1,
				3.8,
				1,
				1,
				3.822,
				1,
				3.844,
				-1,
				3.867,
				-1,
				1,
				3.889,
				-1,
				3.911,
				1,
				3.933,
				1,
				1,
				3.956,
				1,
				3.978,
				-1,
				4,
				-1,
				1,
				4.022,
				-1,
				4.044,
				1,
				4.067,
				1,
				1,
				4.089,
				1,
				4.111,
				-1,
				4.133,
				-1,
				1,
				4.156,
				-1,
				4.178,
				1,
				4.2,
				1,
				1,
				4.222,
				1,
				4.244,
				-1,
				4.267,
				-1,
				1,
				4.289,
				-1,
				4.311,
				1,
				4.333,
				1,
				1,
				4.356,
				1,
				4.378,
				-1,
				4.4,
				-1,
				1,
				4.422,
				-1,
				4.444,
				1,
				4.467,
				1,
				1,
				4.489,
				1,
				4.511,
				-1,
				4.533,
				-1,
				1,
				4.556,
				-1,
				4.578,
				1,
				4.6,
				1,
				1,
				4.622,
				1,
				4.644,
				-1,
				4.667,
				-1,
				1,
				4.689,
				-1,
				4.711,
				1,
				4.733,
				1,
				1,
				4.756,
				1,
				4.778,
				-1,
				4.8,
				-1,
				1,
				4.822,
				-1,
				4.844,
				1,
				4.867,
				1,
				1,
				4.889,
				1,
				4.911,
				-1,
				4.933,
				-1,
				1,
				4.956,
				-1,
				4.978,
				1,
				5,
				1,
				1,
				5.022,
				1,
				5.044,
				-1,
				5.067,
				-1,
				1,
				5.089,
				-1,
				5.111,
				1,
				5.133,
				1,
				1,
				5.156,
				1,
				5.178,
				-1,
				5.2,
				-1,
				1,
				5.222,
				-1,
				5.244,
				1,
				5.267,
				1,
				1,
				5.289,
				1,
				5.311,
				-1,
				5.333,
				-1,
				1,
				5.356,
				-1,
				5.378,
				1,
				5.4,
				1,
				1,
				5.422,
				1,
				5.444,
				-1,
				5.467,
				-1,
				1,
				5.489,
				-1,
				5.511,
				1,
				5.533,
				1,
				1,
				5.556,
				1,
				5.578,
				-1,
				5.6,
				-1,
				1,
				5.622,
				-1,
				5.644,
				1,
				5.667,
				1,
				1,
				5.689,
				1,
				5.711,
				-1,
				5.733,
				-1,
				1,
				5.756,
				-1,
				5.778,
				1,
				5.8,
				1,
				1,
				5.822,
				1,
				5.844,
				-1,
				5.867,
				-1,
				1,
				5.889,
				-1,
				5.911,
				1,
				5.933,
				1,
				1,
				5.956,
				1,
				5.978,
				-1,
				6,
				-1
			]
		},
		{
			"Target": "Parameter",
			"Id": "ParamBreat",
			"Segments": [
				0,
				0,
				1,
				1,
				0,
				2,
				1,
				3,
				1,
				1,
				4,
				1,
				5,
				0,
				6,
				0
			]
		},
		{
			"Target": "Parameter",
			"Id": "Param",
			"Segments": [
				0,
				0,
				1,
				0.333,
				0,
				0.667,
				1.951,
				1,
				2.94,
				1,
				1.667,
				4.918,
				2.333,
				5.32,
				3,
				5.32,
				1,
				3.222,
				5.32,
				3.444,
				5.357,
				3.667,
				5.3,
				1,
				4.444,
				5.099,
				5.222,
				0,
				6,
				0
			]
		},
		{
			"Target": "Parameter",
			"Id": "Param2",
			"Segments": [
				0,
				0,
				1,
				0.011,
				0,
				0.022,
				-0.327,
				0.033,
				-0.434,
				1,
				0.411,
				-4.061,
				0.789,
				-5.78,
				1.167,
				-5.78,
				1,
				1.833,
				-5.78,
				2.5,
				-0.522,
				3.167,
				13,
				1,
				3.389,
				17.507,
				3.611,
				22,
				3.833,
				22,
				1,
				4.556,
				22,
				5.278,
				10.587,
				6,
				0
			]
		},
		{
			"Target": "Parameter",
			"Id": "Param3",
			"Segments": [
				0,
				0,
				1,
				0.011,
				0,
				0.022,
				-0.282,
				0.033,
				-0.369,
				1,
				0.522,
				-4.217,
				1.011,
				-6.06,
				1.5,
				-6.06,
				1,
				2.189,
				-6.06,
				2.878,
				9.799,
				3.567,
				26,
				1,
				3.767,
				30.704,
				3.967,
				30,
				4.167,
				30,
				1,
				4.778,
				30,
				5.389,
				8.151,
				6,
				0
			]
		},
		{
			"Target": "Parameter",
			"Id": "Param5",
			"Segments": [
				0,
				1.621,
				1,
				0.011,
				1.621,
				0.022,
				1.22,
				0.033,
				1.126,
				1,
				0.522,
				-3.021,
				1.011,
				-5,
				1.5,
				-5,
				1,
				2.167,
				-5,
				2.833,
				-0.044,
				3.5,
				5,
				1,
				3.778,
				7.102,
				4.056,
				7,
				4.333,
				7,
				1,
				4.889,
				7,
				5.444,
				6.434,
				6,
				1.621
			]
		},
		{
			"Target": "Parameter",
			"Id": "Param9",
			"Segments": [
				0,
				1.621,
				1,
				0.011,
				1.621,
				0.022,
				1.342,
				0.033,
				1.186,
				1,
				0.522,
				-5.673,
				1.011,
				-9,
				1.5,
				-9,
				1,
				2.167,
				-9,
				2.833,
				-2.704,
				3.5,
				7,
				1,
				3.778,
				11.043,
				4.056,
				12,
				4.333,
				12,
				1,
				4.889,
				12,
				5.444,
				8.958,
				6,
				1.621
			]
		},
		{
			"Target": "Parameter",
			"Id": "Param8",
			"Segments": [
				0,
				1.621,
				1,
				0.011,
				1.621,
				0.022,
				1.16,
				0.033,
				1.006,
				1,
				0.522,
				-5.753,
				1.011,
				-9,
				1.5,
				-9,
				1,
				2.167,
				-9,
				2.833,
				-2.704,
				3.5,
				7,
				1,
				3.778,
				11.043,
				4.056,
				12,
				4.333,
				12,
				1,
				4.889,
				12,
				5.444,
				8.958,
				6,
				1.621
			]
		},
		{
			"Target": "Parameter",
			"Id": "Param_Angle_Rotation",
			"Segments": [
				0,
				0.975,
				1,
				0.011,
				0.975,
				0.022,
				0.966,
				0.033,
				0.977,
				1,
				0.356,
				1.283,
				0.678,
				1.58,
				1,
				1.58,
				1,
				1.667,
				1.58,
				2.333,
				-2.08,
				3,
				-2.08,
				1,
				4,
				-2.08,
				5,
				-0.764,
				6,
				0.975
			]
		},
		{
			"Target": "Parameter",
			"Id": "Param_Angle_Rotation2",
			"Segments": [
				0,
				0,
				1,
				0.011,
				0,
				0.022,
				0.046,
				0.033,
				0.062,
				1,
				0.467,
				0.67,
				0.9,
				0.96,
				1.333,
				0.96,
				1,
				2,
				0.96,
				2.667,
				-3.24,
				3.333,
				-3.24,
				1,
				4.222,
				-3.24,
				5.111,
				-1.757,
				6,
				0
			]
		},
		{
			"Target": "Parameter",
			"Id": "Param_Angle_Rotation3",
			"Segments": [
				0,
				0,
				1,
				0.011,
				0,
				0.022,
				0.043,
				0.033,
				0.061,
				1,
				0.689,
				1.11,
				1.344,
				1.62,
				2,
				1.62,
				1,
				2.667,
				1.62,
				3.333,
				-6.12,
				4,
				-6.12,
				1,
				4.667,
				-6.12,
				5.333,
				-1.706,
				6,
				0
			]
		},
		{
			"Target": "Parameter",
			"Id": "Param_Angle_Rotation4",
			"Segments": [
				0,
				1.035,
				1,
				0.011,
				1.035,
				0.022,
				1.086,
				0.033,
				1.097,
				1,
				0.356,
				1.427,
				0.678,
				1.58,
				1,
				1.58,
				1,
				1.667,
				1.58,
				2.333,
				-2.08,
				3,
				-2.08,
				1,
				4,
				-2.08,
				5,
				-0.658,
				6,
				1.035
			]
		},
		{
			"Target": "Parameter",
			"Id": "Param_Angle_Rotation5",
			"Segments": [
				0,
				0,
				1,
				0.011,
				0,
				0.022,
				0.046,
				0.033,
				0.062,
				1,
				0.467,
				0.67,
				0.9,
				0.96,
				1.333,
				0.96,
				1,
				2,
				0.96,
				2.667,
				-3.24,
				3.333,
				-3.24,
				1,
				4.222,
				-3.24,
				5.111,
				-1.757,
				6,
				0
			]
		},
		{
			"Target": "Parameter",
			"Id": "Param_Angle_Rotation6",
			"Segments": [
				0,
				0,
				1,
				0.011,
				0,
				0.022,
				0.043,
				0.033,
				0.061,
				1,
				0.689,
				1.11,
				1.344,
				1.62,
				2,
				1.62,
				1,
				2.667,
				1.62,
				3.333,
				-6.12,
				4,
				-6.12,
				1,
				4.667,
				-6.12,
				5.333,
				-1.706,
				6,
				0
			]
		},
		{
			"Target": "Parameter",
			"Id": "Param_Angle_Rotation7",
			"Segments": [
				0,
				0,
				1,
				0.333,
				0,
				0.667,
				0.5,
				1,
				0.5,
				1,
				1.667,
				0.5,
				2.333,
				0,
				3,
				0,
				1,
				4,
				0,
				5,
				0,
				6,
				0
			]
		},
		{
			"Target": "Parameter",
			"Id": "Param_Angle_Rotation8",
			"Segments": [
				0,
				0,
				1,
				0.011,
				0,
				0.022,
				-0.011,
				0.033,
				0.002,
				1,
				0.467,
				0.523,
				0.9,
				1.02,
				1.333,
				1.02,
				1,
				2,
				1.02,
				2.667,
				-0.5,
				3.333,
				-0.5,
				1,
				4.222,
				-0.5,
				5.111,
				-0.445,
				6,
				0
			]
		},
		{
			"Target": "Parameter",
			"Id": "Param_Angle_Rotation9",
			"Segments": [
				0,
				0,
				1,
				0.011,
				0,
				0.022,
				0.018,
				0.033,
				0.04,
				1,
				0.689,
				1.35,
				1.344,
				2,
				2,
				2,
				1,
				2.667,
				2,
				3.333,
				-1,
				4,
				-1,
				1,
				4.667,
				-1,
				5.333,
				-0.889,
				6,
				0
			]
		},
		{
			"Target": "Parameter",
			"Id": "Param_Angle_Rotation10",
			"Segments": [
				0,
				-0.553,
				1,
				0.011,
				-0.553,
				0.022,
				-0.606,
				0.033,
				-0.615,
				1,
				0.356,
				-0.879,
				0.678,
				-1,
				1,
				-1,
				1,
				1.667,
				-1,
				2.333,
				2,
				3,
				2,
				1,
				4,
				2,
				5,
				0.835,
				6,
				-0.553
			]
		},
		{
			"Target": "Parameter",
			"Id": "Param_Angle_Rotation11",
			"Segments": [
				0,
				0,
				1,
				0.011,
				0,
				0.022,
				-0.224,
				0.033,
				-0.254,
				1,
				0.467,
				-1.442,
				0.9,
				-2,
				1.333,
				-2,
				1,
				2,
				-2,
				2.667,
				3,
				3.333,
				3,
				1,
				4.222,
				3,
				5.111,
				2.182,
				6,
				0
			]
		},
		{
			"Target": "Parameter",
			"Id": "Param_Angle_Rotation12",
			"Segments": [
				0,
				0,
				1,
				0.011,
				0,
				0.022,
				-0.376,
				0.033,
				-0.44,
				1,
				0.689,
				-4.194,
				1.344,
				-6,
				2,
				-6,
				1,
				2.667,
				-6,
				3.333,
				6,
				4,
				6,
				1,
				4.667,
				6,
				5.333,
				4,
				6,
				0
			]
		},
		{
			"Target": "Parameter",
			"Id": "Param_Angle_Rotation13",
			"Segments": [
				0,
				0,
				1,
				0.011,
				0,
				0.022,
				-0.058,
				0.033,
				-0.065,
				1,
				0.356,
				-0.267,
				0.678,
				-0.36,
				1,
				-0.36,
				1,
				1.989,
				-0.36,
				2.978,
				2.27,
				3.967,
				2.27,
				1,
				4.644,
				2.27,
				5.322,
				0.894,
				6,
				0
			]
		},
		{
			"Target": "Parameter",
			"Id": "Param_Angle_Rotation14",
			"Segments": [
				0,
				0,
				1,
				2,
				0,
				4,
				0,
				6,
				0
			]
		},
		{
			"Target": "Parameter",
			"Id": "Param_Angle_Rotation15",
			"Segments": [
				0,
				0,
				1,
				2,
				0,
				4,
				0,
				6,
				0
			]
		},
		{
			"Target": "Parameter",
			"Id": "Param_Angle_Rotation16",
			"Segments": [
				0,
				-0.344,
				1,
				0.011,
				-0.344,
				0.022,
				-0.284,
				0.033,
				-0.284,
				1,
				0.356,
				-0.284,
				0.678,
				-0.5,
				1,
				-0.5,
				1,
				1.667,
				-0.5,
				2.333,
				0.5,
				3,
				0.5,
				1,
				4,
				0.5,
				5,
				0.125,
				6,
				-0.344
			]
		},
		{
			"Target": "Parameter",
			"Id": "Param_Angle_Rotation17",
			"Segments": [
				0,
				0,
				1,
				0.011,
				0,
				0.022,
				-0.043,
				0.033,
				-0.062,
				1,
				0.411,
				-0.697,
				0.789,
				-1,
				1.167,
				-1,
				1,
				1.833,
				-1,
				2.5,
				3,
				3.167,
				3,
				1,
				4.111,
				3,
				5.056,
				1.872,
				6,
				0
			]
		},
		{
			"Target": "Parameter",
			"Id": "Param_Angle_Rotation18",
			"Segments": [
				0,
				-1.029,
				1,
				0.011,
				-1.029,
				0.022,
				-1.076,
				0.033,
				-1.09,
				1,
				0.533,
				-1.706,
				1.033,
				-2,
				1.533,
				-2,
				1,
				2.189,
				-2,
				2.844,
				1,
				3.5,
				1,
				1,
				4.333,
				1,
				5.167,
				0.193,
				6,
				-1.029
			]
		},
		{
			"Target": "Parameter",
			"Id": "Param_Angle_Rotation19",
			"Segments": [
				0,
				-0.665,
				1,
				0.011,
				-0.665,
				0.022,
				-0.759,
				0.033,
				-0.788,
				1,
				0.622,
				-2.321,
				1.211,
				-3.06,
				1.8,
				-3.06,
				1,
				2.556,
				-3.06,
				3.311,
				2,
				4.067,
				2,
				1,
				4.711,
				2,
				5.356,
				1.081,
				6,
				-0.665
			]
		},
		{
			"Target": "Parameter",
			"Id": "Param_Angle_Rotation20",
			"Segments": [
				0,
				-0.243,
				1,
				0.011,
				-0.243,
				0.022,
				-0.363,
				0.033,
				-0.427,
				1,
				0.8,
				-4.839,
				1.567,
				-7,
				2.333,
				-7,
				1,
				3.078,
				-7,
				3.822,
				3,
				4.567,
				3,
				1,
				5.044,
				3,
				5.522,
				2.257,
				6,
				-0.243
			]
		},
		{
			"Target": "Parameter",
			"Id": "Param_Angle_Rotation22",
			"Segments": [
				0,
				1.192,
				1,
				0.011,
				1.192,
				0.022,
				1.244,
				0.033,
				1.253,
				1,
				0.356,
				1.504,
				0.678,
				1.62,
				1,
				1.62,
				1,
				1.833,
				1.62,
				2.667,
				-0.54,
				3.5,
				-0.54,
				1,
				4.333,
				-0.54,
				5.167,
				0.211,
				6,
				1.192
			]
		},
		{
			"Target": "Parameter",
			"Id": "Param_Angle_Rotation23",
			"Segments": [
				0,
				5.621,
				1,
				0.011,
				5.621,
				0.022,
				5.815,
				0.033,
				5.867,
				1,
				0.489,
				7.99,
				0.944,
				9,
				1.4,
				9,
				1,
				2.133,
				9,
				2.867,
				-2,
				3.6,
				-2,
				1,
				4.4,
				-2,
				5.2,
				1.071,
				6,
				5.621
			]
		},
		{
			"Target": "Parameter",
			"Id": "Param_Angle_Rotation24",
			"Segments": [
				0,
				0.547,
				1,
				0.011,
				0.547,
				0.022,
				0.69,
				0.033,
				0.731,
				1,
				0.633,
				2.937,
				1.233,
				4,
				1.833,
				4,
				1,
				2.6,
				4,
				3.367,
				-3,
				4.133,
				-3,
				1,
				4.756,
				-3,
				5.378,
				-1.807,
				6,
				0.547
			]
		},
		{
			"Target": "Parameter",
			"Id": "Param_Angle_Rotation25",
			"Segments": [
				0,
				0.627,
				1,
				0.011,
				0.627,
				0.022,
				0.83,
				0.033,
				0.934,
				1,
				0.756,
				7.694,
				1.478,
				11,
				2.2,
				11,
				1,
				2.922,
				11,
				3.644,
				-6,
				4.367,
				-6,
				1,
				4.911,
				-6,
				5.456,
				-4.174,
				6,
				0.627
			]
		},
		{
			"Target": "Parameter",
			"Id": "Param_Angle_Rotation26",
			"Segments": [
				0,
				1.034,
				1,
				0.333,
				1.034,
				0.667,
				0.16,
				1,
				0.16,
				1,
				1.667,
				0.16,
				2.333,
				1.22,
				3,
				1.22,
				1,
				4,
				1.22,
				5,
				1.137,
				6,
				1.034
			]
		},
		{
			"Target": "Parameter",
			"Id": "Param_Angle_Rotation27",
			"Segments": [
				0,
				0.444,
				1,
				0.011,
				0.444,
				0.022,
				0.447,
				0.033,
				0.45,
				1,
				0.467,
				0.564,
				0.9,
				0.62,
				1.333,
				0.62,
				1,
				1.989,
				0.62,
				2.644,
				-4.64,
				3.3,
				-4.64,
				1,
				4.2,
				-4.64,
				5.1,
				0.224,
				6,
				0.444
			]
		},
		{
			"Target": "Parameter",
			"Id": "Param_Angle_Rotation28",
			"Segments": [
				0,
				1.211,
				1,
				0.011,
				1.211,
				0.022,
				1.239,
				0.033,
				1.274,
				1,
				0.578,
				3.004,
				1.122,
				3.86,
				1.667,
				3.86,
				1,
				2.333,
				3.86,
				3,
				-3.18,
				3.667,
				-3.18,
				1,
				4.444,
				-3.18,
				5.222,
				-1.508,
				6,
				1.211
			]
		},
		{
			"Target": "Parameter",
			"Id": "Param_Angle_Rotation29",
			"Segments": [
				0,
				-0.869,
				1,
				0.011,
				-0.869,
				0.022,
				-0.735,
				0.033,
				-0.686,
				1,
				0.744,
				2.467,
				1.456,
				4,
				2.167,
				4,
				1,
				2.789,
				4,
				3.411,
				-5.08,
				4.033,
				-5.08,
				1,
				4.689,
				-5.08,
				5.344,
				-3.747,
				6,
				-0.869
			]
		},
		{
			"Target": "Parameter",
			"Id": "Param_Angle_Rotation30",
			"Segments": [
				0,
				-3.386,
				1,
				0.011,
				-3.386,
				0.022,
				-3.284,
				0.033,
				-3.201,
				1,
				0.956,
				3.68,
				1.878,
				7.08,
				2.8,
				7.08,
				1,
				3.356,
				7.08,
				3.911,
				-7.6,
				4.467,
				-7.6,
				1,
				4.978,
				-7.6,
				5.489,
				-6.774,
				6,
				-3.386
			]
		},
		{
			"Target": "Parameter",
			"Id": "Param_Angle_Rotation35",
			"Segments": [
				0,
				-0.219,
				1,
				0.011,
				-0.219,
				0.022,
				-0.264,
				0.033,
				-0.281,
				1,
				0.356,
				-0.77,
				0.678,
				-1,
				1,
				-1,
				1,
				1.667,
				-1,
				2.333,
				4,
				3,
				4,
				1,
				4,
				4,
				5,
				2.125,
				6,
				-0.219
			]
		},
		{
			"Target": "Parameter",
			"Id": "Param_Angle_Rotation36",
			"Segments": [
				0,
				-2.372,
				1,
				0.011,
				-2.372,
				0.022,
				-2.683,
				0.033,
				-2.74,
				1,
				0.467,
				-4.955,
				0.9,
				-6,
				1.333,
				-6,
				1,
				2,
				-6,
				2.667,
				8,
				3.333,
				8,
				1,
				4.222,
				8,
				5.111,
				3.674,
				6,
				-2.372
			]
		},
		{
			"Target": "Parameter",
			"Id": "Param_Angle_Rotation37",
			"Segments": [
				0,
				1.5,
				1,
				0.011,
				1.5,
				0.022,
				1.176,
				0.033,
				1.072,
				1,
				0.689,
				-5.039,
				1.344,
				-8,
				2,
				-8,
				1,
				2.667,
				-8,
				3.333,
				11,
				4,
				11,
				1,
				4.667,
				11,
				5.333,
				7.833,
				6,
				1.5
			]
		},
		{
			"Target": "Parameter",
			"Id": "Param_Angle_Rotation38",
			"Segments": [
				0,
				-0.099,
				1,
				0.011,
				-0.099,
				0.022,
				-0.077,
				0.033,
				-0.032,
				1,
				0.356,
				1.269,
				0.678,
				1.92,
				1,
				1.92,
				1,
				1.667,
				1.92,
				2.333,
				-11,
				3,
				-11,
				1,
				4,
				-11,
				5,
				-6.15,
				6,
				-0.099
			]
		},
		{
			"Target": "Parameter",
			"Id": "Param_Angle_Rotation39",
			"Segments": [
				0,
				2.322,
				1,
				0.011,
				2.322,
				0.022,
				2.37,
				0.033,
				2.45,
				1,
				0.478,
				5.662,
				0.922,
				7.26,
				1.367,
				7.26,
				1,
				2.033,
				7.26,
				2.7,
				-11,
				3.367,
				-11,
				1,
				4.244,
				-11,
				5.122,
				-5.486,
				6,
				2.322
			]
		},
		{
			"Target": "Parameter",
			"Id": "Param_Angle_Rotation40",
			"Segments": [
				0,
				-9.051,
				1,
				0.011,
				-9.051,
				0.022,
				-8.927,
				0.033,
				-8.804,
				1,
				0.833,
				0.056,
				1.633,
				4.44,
				2.433,
				4.44,
				1,
				3.1,
				4.44,
				3.767,
				-16,
				4.433,
				-16,
				1,
				4.956,
				-16,
				5.478,
				-14.324,
				6,
				-9.051
			]
		}
	]
}