{
	"Version": 3,
	"Parameters": [
		{
			"Id": "ParamEff1",
			"GroupId": "ParamGroup",
			"Name": "エフェクト1"
		},
		{
			"Id": "ParamEff2",
			"GroupId": "ParamGroup",
			"Name": "エフェクト2"
		},
		{
			"Id": "ParamEff3",
			"GroupId": "ParamGroup",
			"Name": "エフェクト3"
		},
		{
			"Id": "ParamEff4",
			"GroupId": "ParamGroup",
			"Name": "エフェクト4"
		},
		{
			"Id": "ParamEff5",
			"GroupId": "ParamGroup",
			"Name": "エフェクト5"
		},
		{
			"Id": "ParamEff6",
			"GroupId": "ParamGroup",
			"Name": "エフェクト6"
		},
		{
			"Id": "ParamEff7",
			"GroupId": "ParamGroup",
			"Name": "エフェクト7"
		},
		{
			"Id": "ParamEff8",
			"GroupId": "ParamGroup",
			"Name": "エフェクト8"
		},
		{
			"Id": "ParamEff9",
			"GroupId": "ParamGroup",
			"Name": "エフェクト9"
		},
		{
			"Id": "ParamEff10",
			"GroupId": "ParamGroup",
			"Name": "エフェクト10"
		},
		{
			"Id": "ParamEff11",
			"GroupId": "ParamGroup",
			"Name": "マスクテクスチャX"
		},
		{
			"Id": "Param7",
			"GroupId": "ParamGroup",
			"Name": "マスクテクスチャY"
		},
		{
			"Id": "ParamPachi",
			"GroupId": "ParamGroup2",
			"Name": "目パチ"
		},
		{
			"Id": "ParamEyeRL",
			"GroupId": "ParamGroup2",
			"Name": "目Hi左右"
		},
		{
			"Id": "ParamEyeUD",
			"GroupId": "ParamGroup2",
			"Name": "目Hi上下"
		},
		{
			"Id": "ParamEyeBS",
			"GroupId": "ParamGroup2",
			"Name": "目Hi大小"
		},
		{
			"Id": "ParamBreat",
			"GroupId": "ParamGroup2",
			"Name": "呼吸"
		},
		{
			"Id": "Param",
			"GroupId": "ParamGroup2",
			"Name": "胸AN1X"
		},
		{
			"Id": "Param2",
			"GroupId": "ParamGroup2",
			"Name": "胸AN1Y"
		},
		{
			"Id": "Param3",
			"GroupId": "ParamGroup2",
			"Name": "胸AN2"
		},
		{
			"Id": "Param5",
			"GroupId": "",
			"Name": "下髪"
		},
		{
			"Id": "Param9",
			"GroupId": "",
			"Name": "下髪2"
		},
		{
			"Id": "Param8",
			"GroupId": "",
			"Name": "上髪9"
		},
		{
			"Id": "Param6",
			"GroupId": "",
			"Name": "下髪AN2"
		},
		{
			"Id": "Param_Angle_Rotation",
			"GroupId": "ParamGroup4",
			"Name": "[0]上髪1"
		},
		{
			"Id": "Param_Angle_Rotation2",
			"GroupId": "ParamGroup4",
			"Name": "[1]上髪1"
		},
		{
			"Id": "Param_Angle_Rotation3",
			"GroupId": "ParamGroup4",
			"Name": "[2]上髪1"
		},
		{
			"Id": "Param_Angle_Rotation4",
			"GroupId": "ParamGroup5",
			"Name": "[0]上髪2"
		},
		{
			"Id": "Param_Angle_Rotation5",
			"GroupId": "ParamGroup5",
			"Name": "[1]上髪2"
		},
		{
			"Id": "Param_Angle_Rotation6",
			"GroupId": "ParamGroup5",
			"Name": "[2]上髪2"
		},
		{
			"Id": "Param_Angle_Rotation7",
			"GroupId": "ParamGroup6",
			"Name": "[0]上髪3"
		},
		{
			"Id": "Param_Angle_Rotation8",
			"GroupId": "ParamGroup6",
			"Name": "[1]上髪3"
		},
		{
			"Id": "Param_Angle_Rotation9",
			"GroupId": "ParamGroup6",
			"Name": "[2]上髪3"
		},
		{
			"Id": "Param_Angle_Rotation10",
			"GroupId": "ParamGroup7",
			"Name": "[0]上髪4"
		},
		{
			"Id": "Param_Angle_Rotation11",
			"GroupId": "ParamGroup7",
			"Name": "[1]上髪4"
		},
		{
			"Id": "Param_Angle_Rotation12",
			"GroupId": "ParamGroup7",
			"Name": "[2]上髪4"
		},
		{
			"Id": "Param_Angle_Rotation13",
			"GroupId": "ParamGroup8",
			"Name": "[0]上髪6"
		},
		{
			"Id": "Param_Angle_Rotation14",
			"GroupId": "ParamGroup8",
			"Name": "[1]上髪6"
		},
		{
			"Id": "Param_Angle_Rotation15",
			"GroupId": "ParamGroup8",
			"Name": "[2]上髪6"
		},
		{
			"Id": "Param_Angle_Rotation16",
			"GroupId": "ParamGroup9",
			"Name": "[0]上髪5"
		},
		{
			"Id": "Param_Angle_Rotation17",
			"GroupId": "ParamGroup9",
			"Name": "[1]上髪5"
		},
		{
			"Id": "Param_Angle_Rotation18",
			"GroupId": "ParamGroup9",
			"Name": "[2]上髪5"
		},
		{
			"Id": "Param_Angle_Rotation19",
			"GroupId": "ParamGroup9",
			"Name": "[3]上髪5"
		},
		{
			"Id": "Param_Angle_Rotation20",
			"GroupId": "ParamGroup9",
			"Name": "[4]上髪5"
		},
		{
			"Id": "Param_Angle_Rotation21",
			"GroupId": "ParamGroup10",
			"Name": "[0]上髪7"
		},
		{
			"Id": "Param_Angle_Rotation22",
			"GroupId": "ParamGroup10",
			"Name": "[1]上髪7"
		},
		{
			"Id": "Param_Angle_Rotation23",
			"GroupId": "ParamGroup10",
			"Name": "[2]上髪7"
		},
		{
			"Id": "Param_Angle_Rotation24",
			"GroupId": "ParamGroup10",
			"Name": "[3]上髪7"
		},
		{
			"Id": "Param_Angle_Rotation25",
			"GroupId": "ParamGroup10",
			"Name": "[4]上髪7"
		},
		{
			"Id": "Param_Angle_Rotation26",
			"GroupId": "ParamGroup11",
			"Name": "[0]上髪8"
		},
		{
			"Id": "Param_Angle_Rotation27",
			"GroupId": "ParamGroup11",
			"Name": "[1]上髪8"
		},
		{
			"Id": "Param_Angle_Rotation28",
			"GroupId": "ParamGroup11",
			"Name": "[2]上髪8"
		},
		{
			"Id": "Param_Angle_Rotation29",
			"GroupId": "ParamGroup11",
			"Name": "[3]上髪8"
		},
		{
			"Id": "Param_Angle_Rotation30",
			"GroupId": "ParamGroup11",
			"Name": "[4]上髪8"
		},
		{
			"Id": "Param_Angle_Rotation35",
			"GroupId": "ParamGroup12",
			"Name": "[0]下髪5"
		},
		{
			"Id": "Param_Angle_Rotation36",
			"GroupId": "ParamGroup12",
			"Name": "[1]下髪5"
		},
		{
			"Id": "Param_Angle_Rotation37",
			"GroupId": "ParamGroup12",
			"Name": "[2]下髪5"
		},
		{
			"Id": "Param_Angle_Rotation38",
			"GroupId": "ParamGroup13",
			"Name": "[0]水着腰紐"
		},
		{
			"Id": "Param_Angle_Rotation39",
			"GroupId": "ParamGroup13",
			"Name": "[1]水着腰紐"
		},
		{
			"Id": "Param_Angle_Rotation40",
			"GroupId": "ParamGroup13",
			"Name": "[2]水着腰紐"
		}
	],
	"ParameterGroups": [
		{
			"Id": "ParamGroup",
			"GroupId": "",
			"Name": "エフェクト"
		},
		{
			"Id": "ParamGroup2",
			"GroupId": "",
			"Name": "URアニメーション"
		},
		{
			"Id": "ParamGroup3",
			"GroupId": "",
			"Name": "追加"
		},
		{
			"Id": "ParamGroup4",
			"GroupId": "",
			"Name": "上髪1"
		},
		{
			"Id": "ParamGroup5",
			"GroupId": "",
			"Name": "上髪2"
		},
		{
			"Id": "ParamGroup6",
			"GroupId": "",
			"Name": "上髪3"
		},
		{
			"Id": "ParamGroup7",
			"GroupId": "",
			"Name": "上髪4"
		},
		{
			"Id": "ParamGroup8",
			"GroupId": "",
			"Name": "上髪6"
		},
		{
			"Id": "ParamGroup9",
			"GroupId": "",
			"Name": "上髪5"
		},
		{
			"Id": "ParamGroup10",
			"GroupId": "",
			"Name": "上髪7"
		},
		{
			"Id": "ParamGroup11",
			"GroupId": "",
			"Name": "上髪8"
		},
		{
			"Id": "ParamGroup12",
			"GroupId": "",
			"Name": "下髪5"
		},
		{
			"Id": "ParamGroup13",
			"GroupId": "",
			"Name": "水着腰紐"
		}
	],
	"Parts": [
		{
			"Id": "Part12",
			"Name": "1920×1440.psd"
		},
		{
			"Id": "Part",
			"Name": "エフェクト"
		},
		{
			"Id": "Part4",
			"Name": "手前"
		},
		{
			"Id": "Part5",
			"Name": "キャラ"
		},
		{
			"Id": "Part14",
			"Name": "後ろエフェクト"
		},
		{
			"Id": "Part11",
			"Name": "背景"
		},
		{
			"Id": "Part2",
			"Name": "キラキラ"
		},
		{
			"Id": "Part3",
			"Name": "陽射し"
		},
		{
			"Id": "ArtMesh66_Skinning",
			"Name": "下髪1(スキニング)"
		},
		{
			"Id": "Part6",
			"Name": "上髪"
		},
		{
			"Id": "Part7",
			"Name": "顔"
		},
		{
			"Id": "ArtMesh47_Skinning",
			"Name": "上髪8(スキニング)"
		},
		{
			"Id": "ArtMesh48_Skinning",
			"Name": "影　上髪8(スキニング)"
		},
		{
			"Id": "Part8",
			"Name": "胸"
		},
		{
			"Id": "ArtMesh58_Skinning",
			"Name": "水着腰紐(スキニング)"
		},
		{
			"Id": "ArtMesh123_Skinning",
			"Name": "水着腰紐影(スキニング)"
		},
		{
			"Id": "Part9",
			"Name": "浮き輪"
		},
		{
			"Id": "Part10",
			"Name": "下髪"
		},
		{
			"Id": "ArtMesh27_Skinning",
			"Name": "上髪1(スキニング)"
		},
		{
			"Id": "ArtMesh28_Skinning",
			"Name": "上髪2(スキニング)"
		},
		{
			"Id": "ArtMesh29_Skinning",
			"Name": "上髪3(スキニング)"
		},
		{
			"Id": "ArtMesh30_Skinning",
			"Name": "上髪4(スキニング)"
		},
		{
			"Id": "ArtMesh31_Skinning",
			"Name": "上髪5(スキニング)"
		},
		{
			"Id": "ArtMesh32_Skinning",
			"Name": "上髪6(スキニング)"
		},
		{
			"Id": "ArtMesh33_Skinning",
			"Name": "上髪7(スキニング)"
		},
		{
			"Id": "ArtMesh41_Skinning",
			"Name": "顔影　上髪5(スキニング)"
		},
		{
			"Id": "ArtMesh42_Skinning",
			"Name": "顔影　上髪6(スキニング)"
		},
		{
			"Id": "ArtMesh43_Skinning",
			"Name": "顔影　上髪4(スキニング)"
		},
		{
			"Id": "ArtMesh44_Skinning",
			"Name": "顔影　上髪3(スキニング)"
		}
	],
	"CombinedParameters": [
		[
			"ParamEff11",
			"Param7"
		],
		[
			"ParamEyeRL",
			"ParamEyeUD"
		],
		[
			"Param",
			"Param2"
		]
	]
}