{
	"Version": 3,
	"Meta": {
		"Duration": 6,
		"Fps": 30.0,
		"Loop": true,
		"AreBeziersRestricted": false,
		"CurveCount": 142,
		"TotalSegmentCount": 1122,
		"TotalPointCount": 3508,
		"UserDataCount": 0,
		"TotalUserDataSize": 0
	},
	"Curves": [
		{
			"Target": "Parameter",
			"Id": "ParamEff1",
			"Segments": [
				0,
				1,
				1,
				0.2,
				1,
				0.4,
				1,
				0.6,
				1,
				1,
				0.633,
				1,
				0.667,
				0.5,
				0.7,
				0.5,
				1,
				0.733,
				0.5,
				0.767,
				1,
				0.8,
				1,
				1,
				1.378,
				1,
				1.956,
				1,
				2.533,
				1,
				1,
				2.567,
				1,
				2.6,
				0.5,
				2.633,
				0.5,
				1,
				2.678,
				0.5,
				2.722,
				1,
				2.767,
				1,
				1,
				3.5,
				1,
				4.233,
				1,
				4.967,
				1,
				1,
				5,
				1,
				5.033,
				0.5,
				5.067,
				0.5,
				1,
				5.111,
				0.5,
				5.156,
				1,
				5.2,
				1,
				1,
				5.467,
				1,
				5.733,
				1,
				6,
				1
			]
		},
		{
			"Target": "Parameter",
			"Id": "ParamEff2",
			"Segments": [
				0,
				0.6,
				1,
				0.033,
				0.6,
				0.067,
				1,
				0.1,
				1,
				1,
				0.6,
				1,
				1.1,
				1,
				1.6,
				1,
				1,
				1.633,
				1,
				1.667,
				0.5,
				1.7,
				0.5,
				1,
				1.733,
				0.5,
				1.767,
				1,
				1.8,
				1,
				1,
				2.267,
				1,
				2.733,
				1,
				3.2,
				1,
				1,
				3.233,
				1,
				3.267,
				0.5,
				3.3,
				0.5,
				1,
				3.333,
				0.5,
				3.367,
				1,
				3.4,
				1,
				1,
				3.444,
				1,
				3.489,
				1,
				3.533,
				1,
				1,
				3.567,
				1,
				3.6,
				0.5,
				3.633,
				0.5,
				1,
				3.667,
				0.5,
				3.7,
				1,
				3.733,
				1,
				1,
				4.444,
				1,
				5.156,
				1,
				5.867,
				1,
				1,
				5.911,
				1,
				5.956,
				0.6,
				6,
				0.6
			]
		},
		{
			"Target": "Parameter",
			"Id": "ParamEff3",
			"Segments": [
				0,
				1,
				1,
				0.656,
				1,
				1.311,
				1,
				1.967,
				1,
				1,
				2,
				1,
				2.033,
				0.5,
				2.067,
				0.5,
				1,
				2.1,
				0.5,
				2.133,
				1,
				2.167,
				1,
				1,
				2.211,
				1,
				2.256,
				1,
				2.3,
				1,
				1,
				2.333,
				1,
				2.367,
				0.5,
				2.4,
				0.5,
				1,
				2.433,
				0.5,
				2.467,
				1,
				2.5,
				1,
				1,
				2.922,
				1,
				3.344,
				1,
				3.767,
				1,
				1,
				3.8,
				1,
				3.833,
				0.5,
				3.867,
				0.5,
				1,
				3.9,
				0.5,
				3.933,
				1,
				3.967,
				1,
				1,
				4.644,
				1,
				5.322,
				1,
				6,
				1
			]
		},
		{
			"Target": "Parameter",
			"Id": "ParamEff4",
			"Segments": [
				0,
				1,
				1,
				0.189,
				1,
				0.378,
				1,
				0.567,
				1,
				1,
				0.6,
				1,
				0.633,
				0.5,
				0.667,
				0.5,
				1,
				0.7,
				0.5,
				0.733,
				1,
				0.767,
				1,
				1,
				0.944,
				1,
				1.122,
				0.9,
				1.3,
				0.9,
				1,
				1.667,
				0.9,
				2.033,
				1,
				2.4,
				1,
				1,
				2.433,
				1,
				2.467,
				0.5,
				2.5,
				0.5,
				1,
				2.533,
				0.5,
				2.567,
				1,
				2.6,
				1,
				1,
				3,
				1,
				3.4,
				0.8,
				3.8,
				0.8,
				1,
				4.2,
				0.8,
				4.6,
				1,
				5,
				1,
				1,
				5.033,
				1,
				5.067,
				0.5,
				5.1,
				0.5,
				1,
				5.133,
				0.5,
				5.167,
				1,
				5.2,
				1,
				1,
				5.467,
				1,
				5.733,
				1,
				6,
				1
			]
		},
		{
			"Target": "Parameter",
			"Id": "ParamEff5",
			"Segments": [
				0,
				1,
				1,
				0.078,
				1,
				0.156,
				1,
				0.233,
				1,
				1,
				0.267,
				1,
				0.3,
				0.5,
				0.333,
				0.5,
				1,
				0.367,
				0.5,
				0.4,
				1,
				0.433,
				1,
				1,
				1.244,
				1,
				2.056,
				0.7,
				2.867,
				0.7,
				1,
				3.911,
				0.7,
				4.956,
				1,
				6,
				1
			]
		},
		{
			"Target": "Parameter",
			"Id": "ParamEff6",
			"Segments": [
				0,
				0.6,
				1,
				0.033,
				0.6,
				0.067,
				1,
				0.1,
				1,
				1,
				0.867,
				1,
				1.633,
				0.8,
				2.4,
				0.8,
				1,
				3.133,
				0.8,
				3.867,
				1,
				4.6,
				1,
				1,
				4.633,
				1,
				4.667,
				0.5,
				4.7,
				0.5,
				1,
				4.733,
				0.5,
				4.767,
				1,
				4.8,
				1,
				1,
				4.878,
				1,
				4.956,
				1,
				5.033,
				1,
				1,
				5.067,
				1,
				5.1,
				0.5,
				5.133,
				0.5,
				1,
				5.167,
				0.5,
				5.2,
				1,
				5.233,
				1,
				1,
				5.289,
				1,
				5.344,
				1,
				5.4,
				1,
				1,
				5.433,
				1,
				5.467,
				0.5,
				5.5,
				0.5,
				1,
				5.533,
				0.5,
				5.567,
				1,
				5.6,
				1,
				1,
				5.678,
				1,
				5.756,
				1,
				5.833,
				1,
				1,
				5.889,
				1,
				5.944,
				0.6,
				6,
				0.6
			]
		},
		{
			"Target": "Parameter",
			"Id": "ParamEff7",
			"Segments": [
				0,
				1,
				1,
				0.256,
				1,
				0.511,
				1,
				0.767,
				1,
				1,
				0.8,
				1,
				0.833,
				0.6,
				0.867,
				0.6,
				1,
				0.9,
				0.6,
				0.933,
				1,
				0.967,
				1,
				1,
				1.133,
				1,
				1.3,
				1,
				1.467,
				1,
				1,
				1.5,
				1,
				1.533,
				0.6,
				1.567,
				0.6,
				1,
				1.6,
				0.6,
				1.633,
				1,
				1.667,
				1,
				1,
				2.089,
				1,
				2.511,
				0.9,
				2.933,
				0.9,
				1,
				3.311,
				0.9,
				3.689,
				1,
				4.067,
				1,
				1,
				4.1,
				1,
				4.133,
				0.6,
				4.167,
				0.6,
				1,
				4.2,
				0.6,
				4.233,
				1,
				4.267,
				1,
				1,
				4.578,
				1,
				4.889,
				1,
				5.2,
				1,
				1,
				5.467,
				1,
				5.733,
				1,
				6,
				1
			]
		},
		{
			"Target": "Parameter",
			"Id": "ParamEff8",
			"Segments": [
				0,
				1,
				1,
				0.111,
				1,
				0.222,
				1,
				0.333,
				1,
				1,
				0.367,
				1,
				0.4,
				0.6,
				0.433,
				0.6,
				1,
				0.467,
				0.6,
				0.5,
				1,
				0.533,
				1,
				1,
				1,
				1,
				1.467,
				0.9,
				1.933,
				0.9,
				1,
				2.311,
				0.9,
				2.689,
				1,
				3.067,
				1,
				1,
				3.1,
				1,
				3.133,
				0.6,
				3.167,
				0.6,
				1,
				3.2,
				0.6,
				3.233,
				1,
				3.267,
				1,
				1,
				3.322,
				1,
				3.378,
				1,
				3.433,
				1,
				1,
				3.467,
				1,
				3.5,
				0.6,
				3.533,
				0.6,
				1,
				3.567,
				0.6,
				3.6,
				1,
				3.633,
				1,
				1,
				3.7,
				1,
				3.767,
				1,
				3.833,
				1,
				1,
				3.867,
				1,
				3.9,
				0.7,
				3.933,
				0.7,
				1,
				3.967,
				0.7,
				4,
				1,
				4.033,
				1,
				1,
				4.367,
				1,
				4.7,
				0.9,
				5.033,
				0.9,
				1,
				5.356,
				0.9,
				5.678,
				1,
				6,
				1
			]
		},
		{
			"Target": "Parameter",
			"Id": "ParamEff9",
			"Segments": [
				0,
				0.8,
				1,
				0.289,
				0.8,
				0.578,
				1,
				0.867,
				1,
				1,
				0.9,
				1,
				0.933,
				0.6,
				0.967,
				0.6,
				1,
				1,
				0.6,
				1.033,
				1,
				1.067,
				1,
				1,
				1.3,
				1,
				1.533,
				1,
				1.767,
				1,
				1,
				1.8,
				1,
				1.833,
				0.6,
				1.867,
				0.6,
				1,
				1.9,
				0.6,
				1.933,
				1,
				1.967,
				1,
				1,
				2.4,
				1,
				2.833,
				1,
				3.267,
				1,
				1,
				3.3,
				1,
				3.333,
				0.6,
				3.367,
				0.6,
				1,
				3.4,
				0.6,
				3.433,
				1,
				3.467,
				1,
				1,
				4.311,
				1,
				5.156,
				0.8,
				6,
				0.8
			]
		},
		{
			"Target": "Parameter",
			"Id": "ParamEff10",
			"Segments": [
				0,
				1,
				1,
				0.5,
				1,
				1,
				1,
				1.5,
				1,
				1,
				1.533,
				1,
				1.567,
				0.6,
				1.6,
				0.6,
				1,
				1.633,
				0.6,
				1.667,
				1,
				1.7,
				1,
				1,
				1.822,
				1,
				1.944,
				1,
				2.067,
				1,
				1,
				2.1,
				1,
				2.133,
				0.6,
				2.167,
				0.6,
				1,
				2.2,
				0.6,
				2.233,
				1,
				2.267,
				1,
				1,
				2.711,
				1,
				3.156,
				0.9,
				3.6,
				0.9,
				1,
				4.211,
				0.9,
				4.822,
				1,
				5.433,
				1,
				1,
				5.467,
				1,
				5.5,
				0.6,
				5.533,
				0.6,
				1,
				5.567,
				0.6,
				5.6,
				1,
				5.633,
				1,
				1,
				5.756,
				1,
				5.878,
				1,
				6,
				1
			]
		},
		{
			"Target": "Parameter",
			"Id": "ParamEff11",
			"Segments": [
				0,
				1,
				1,
				0.222,
				1,
				0.444,
				1,
				0.667,
				1,
				1,
				0.7,
				1,
				0.733,
				0.6,
				0.767,
				0.6,
				1,
				0.8,
				0.6,
				0.833,
				1,
				0.867,
				1,
				1,
				1.144,
				1,
				1.422,
				0.9,
				1.7,
				0.9,
				1,
				2.056,
				0.9,
				2.411,
				1,
				2.767,
				1,
				1,
				2.8,
				1,
				2.833,
				0.6,
				2.867,
				0.6,
				1,
				2.9,
				0.6,
				2.933,
				1,
				2.967,
				1,
				1,
				3.267,
				1,
				3.567,
				0.8,
				3.867,
				0.8,
				1,
				4.067,
				0.8,
				4.267,
				1,
				4.467,
				1,
				1,
				4.5,
				1,
				4.533,
				0.6,
				4.567,
				0.6,
				1,
				4.6,
				0.6,
				4.633,
				1,
				4.667,
				1,
				1,
				5.111,
				1,
				5.556,
				1,
				6,
				1
			]
		},
		{
			"Target": "Parameter",
			"Id": "ParamEff12",
			"Segments": [
				0,
				0.9,
				1,
				0.044,
				0.9,
				0.089,
				1,
				0.133,
				1,
				1,
				0.733,
				1,
				1.333,
				0.9,
				1.933,
				0.9,
				1,
				2.567,
				0.9,
				3.2,
				1,
				3.833,
				1,
				1,
				3.867,
				1,
				3.9,
				0.9,
				3.933,
				0.9,
				1,
				3.967,
				0.9,
				4,
				1,
				4.033,
				1,
				1,
				4.444,
				1,
				4.856,
				1,
				5.267,
				1,
				1,
				5.3,
				1,
				5.333,
				0.9,
				5.367,
				0.9,
				1,
				5.4,
				0.9,
				5.433,
				1,
				5.467,
				1,
				1,
				5.611,
				1,
				5.756,
				1,
				5.9,
				1,
				1,
				5.933,
				1,
				5.967,
				0.8,
				6,
				0.8
			]
		},
		{
			"Target": "Parameter",
			"Id": "ParamEff13",
			"Segments": [
				0,
				1,
				1,
				0.111,
				1,
				0.222,
				1,
				0.333,
				1,
				1,
				0.367,
				1,
				0.4,
				0.9,
				0.433,
				0.9,
				1,
				0.467,
				0.9,
				0.5,
				1,
				0.533,
				1,
				1,
				0.856,
				1,
				1.178,
				0.9,
				1.5,
				0.9,
				1,
				1.844,
				0.9,
				2.189,
				1,
				2.533,
				1,
				1,
				2.567,
				1,
				2.6,
				0.9,
				2.633,
				0.9,
				1,
				2.667,
				0.9,
				2.7,
				1,
				2.733,
				1,
				1,
				3.278,
				1,
				3.822,
				1,
				4.367,
				1,
				1,
				4.4,
				1,
				4.433,
				0.9,
				4.467,
				0.9,
				1,
				4.5,
				0.9,
				4.533,
				1,
				4.567,
				1,
				1,
				5.044,
				1,
				5.522,
				1,
				6,
				1
			]
		},
		{
			"Target": "Parameter",
			"Id": "ParamEff14",
			"Segments": [
				0,
				1,
				1,
				0.189,
				1,
				0.378,
				1,
				0.567,
				1,
				1,
				0.6,
				1,
				0.633,
				0.9,
				0.667,
				0.9,
				1,
				0.7,
				0.9,
				0.733,
				1,
				0.767,
				1,
				1,
				1.1,
				1,
				1.433,
				1,
				1.767,
				1,
				1,
				1.8,
				1,
				1.833,
				0.8,
				1.867,
				0.8,
				1,
				1.9,
				0.8,
				1.933,
				1,
				1.967,
				1,
				1,
				2.267,
				1,
				2.567,
				0.9,
				2.867,
				0.9,
				1,
				3.133,
				0.9,
				3.4,
				1,
				3.667,
				1,
				1,
				3.7,
				1,
				3.733,
				0.8,
				3.767,
				0.8,
				1,
				3.8,
				0.8,
				3.833,
				1,
				3.867,
				1,
				1,
				4.122,
				1,
				4.378,
				0.9,
				4.633,
				0.9,
				1,
				4.878,
				0.9,
				5.122,
				1,
				5.367,
				1,
				1,
				5.4,
				1,
				5.433,
				0.8,
				5.467,
				0.8,
				1,
				5.5,
				0.8,
				5.533,
				1,
				5.567,
				1,
				1,
				5.711,
				1,
				5.856,
				1,
				6,
				1
			]
		},
		{
			"Target": "Parameter",
			"Id": "ParamEff15",
			"Segments": [
				0,
				0.7,
				1,
				0.478,
				0.7,
				0.956,
				1,
				1.433,
				1,
				1,
				1.467,
				1,
				1.5,
				0.6,
				1.533,
				0.6,
				1,
				1.567,
				0.6,
				1.6,
				1,
				1.633,
				1,
				1,
				2.133,
				1,
				2.633,
				1,
				3.133,
				1,
				1,
				3.167,
				1,
				3.2,
				0.6,
				3.233,
				0.6,
				1,
				3.267,
				0.6,
				3.3,
				1,
				3.333,
				1,
				1,
				3.411,
				1,
				3.489,
				1,
				3.567,
				1,
				1,
				3.6,
				1,
				3.633,
				0.6,
				3.667,
				0.6,
				1,
				3.7,
				0.6,
				3.733,
				0.788,
				3.767,
				0.8,
				1,
				4.167,
				0.943,
				4.567,
				1,
				4.967,
				1,
				1,
				5,
				1,
				5.033,
				0.6,
				5.067,
				0.6,
				1,
				5.1,
				0.6,
				5.133,
				1,
				5.167,
				1,
				1,
				5.444,
				1,
				5.722,
				0.7,
				6,
				0.7
			]
		},
		{
			"Target": "Parameter",
			"Id": "ParamEff16",
			"Segments": [
				0,
				1,
				1,
				0.256,
				1,
				0.511,
				1,
				0.767,
				1,
				1,
				0.8,
				1,
				0.833,
				0.6,
				0.867,
				0.6,
				1,
				0.9,
				0.6,
				0.933,
				1,
				0.967,
				1,
				1,
				1.322,
				1,
				1.678,
				1,
				2.033,
				1,
				1,
				2.067,
				1,
				2.1,
				0.6,
				2.133,
				0.6,
				1,
				2.167,
				0.6,
				2.2,
				1,
				2.233,
				1,
				1,
				2.622,
				1,
				3.011,
				0.9,
				3.4,
				0.9,
				1,
				3.811,
				0.9,
				4.222,
				1,
				4.633,
				1,
				1,
				4.667,
				1,
				4.7,
				0.6,
				4.733,
				0.6,
				1,
				4.767,
				0.6,
				4.8,
				1,
				4.833,
				1,
				1,
				5.044,
				1,
				5.256,
				1,
				5.467,
				1,
				1,
				5.644,
				1,
				5.822,
				1,
				6,
				1
			]
		},
		{
			"Target": "Parameter",
			"Id": "ParamEff17",
			"Segments": [
				0,
				1,
				1,
				0.678,
				1,
				1.356,
				0.9,
				2.033,
				0.9,
				1,
				2.8,
				0.9,
				3.567,
				1,
				4.333,
				1,
				1,
				4.367,
				1,
				4.4,
				0.6,
				4.433,
				0.6,
				1,
				4.467,
				0.6,
				4.5,
				1,
				4.533,
				1,
				1,
				4.844,
				1,
				5.156,
				0.9,
				5.467,
				0.9,
				1,
				5.644,
				0.9,
				5.822,
				1,
				6,
				1
			]
		},
		{
			"Target": "Parameter",
			"Id": "ParamEff18",
			"Segments": [
				0,
				0.6,
				1,
				0.044,
				0.6,
				0.089,
				1,
				0.133,
				1,
				1,
				0.811,
				1,
				1.489,
				0.9,
				2.167,
				0.9,
				1,
				3.178,
				0.9,
				4.189,
				1,
				5.2,
				1,
				1,
				5.233,
				1,
				5.267,
				0.6,
				5.3,
				0.6,
				1,
				5.333,
				0.6,
				5.367,
				1,
				5.4,
				1,
				1,
				5.544,
				1,
				5.689,
				1,
				5.833,
				1,
				1,
				5.889,
				1,
				5.944,
				0.6,
				6,
				0.6
			]
		},
		{
			"Target": "Parameter",
			"Id": "ParamEff19",
			"Segments": [
				0,
				0.8,
				1,
				0.422,
				0.8,
				0.844,
				0.853,
				1.267,
				0.9,
				1,
				1.978,
				0.979,
				2.689,
				1,
				3.4,
				1,
				1,
				3.433,
				1,
				3.467,
				0.6,
				3.5,
				0.6,
				1,
				3.533,
				0.6,
				3.567,
				1,
				3.6,
				1,
				1,
				4.4,
				1,
				5.2,
				0.8,
				6,
				0.8
			]
		},
		{
			"Target": "Parameter",
			"Id": "ParamEff20",
			"Segments": [
				0,
				1,
				1,
				0.489,
				1,
				0.978,
				1,
				1.467,
				1,
				1,
				1.5,
				1,
				1.533,
				0.6,
				1.567,
				0.6,
				1,
				1.6,
				0.6,
				1.633,
				1,
				1.667,
				1,
				1,
				2.656,
				1,
				3.644,
				0.9,
				4.633,
				0.9,
				1,
				5.089,
				0.9,
				5.544,
				1,
				6,
				1
			]
		},
		{
			"Target": "Parameter",
			"Id": "ParamEff21",
			"Segments": [
				0,
				1,
				1,
				1.6,
				1,
				3.2,
				1,
				4.8,
				1,
				1,
				4.833,
				1,
				4.867,
				0.6,
				4.9,
				0.6,
				1,
				4.933,
				0.6,
				4.967,
				1,
				5,
				1,
				1,
				5.333,
				1,
				5.667,
				1,
				6,
				1
			]
		},
		{
			"Target": "Parameter",
			"Id": "ParamEff22",
			"Segments": [
				0,
				1,
				1,
				0.244,
				1,
				0.489,
				1,
				0.733,
				1,
				1,
				0.767,
				1,
				0.8,
				0.6,
				0.833,
				0.6,
				1,
				0.867,
				0.6,
				0.9,
				1,
				0.933,
				1,
				1,
				1.078,
				1,
				1.222,
				1,
				1.367,
				1,
				1,
				1.4,
				1,
				1.433,
				0.6,
				1.467,
				0.6,
				1,
				1.5,
				0.6,
				1.533,
				1,
				1.567,
				1,
				1,
				1.889,
				1,
				2.211,
				1,
				2.533,
				1,
				1,
				2.567,
				1,
				2.6,
				0.6,
				2.633,
				0.6,
				1,
				2.667,
				0.6,
				2.7,
				1,
				2.733,
				1,
				1,
				3.822,
				1,
				4.911,
				1,
				6,
				1
			]
		},
		{
			"Target": "Parameter",
			"Id": "ParamEff23",
			"Segments": [
				0,
				1,
				1,
				0.067,
				1,
				0.133,
				1,
				0.2,
				1,
				1,
				0.233,
				1,
				0.267,
				0.5,
				0.3,
				0.5,
				1,
				0.333,
				0.5,
				0.367,
				1,
				0.4,
				1,
				1,
				0.489,
				1,
				0.578,
				1,
				0.667,
				1,
				1,
				0.7,
				1,
				0.733,
				0.5,
				0.767,
				0.5,
				1,
				0.8,
				0.5,
				0.833,
				1,
				0.867,
				1,
				1,
				2.122,
				1,
				3.378,
				1,
				4.633,
				1,
				1,
				4.667,
				1,
				4.7,
				0.5,
				4.733,
				0.5,
				1,
				4.767,
				0.5,
				4.8,
				1,
				4.833,
				1,
				1,
				5.222,
				1,
				5.611,
				1,
				6,
				1
			]
		},
		{
			"Target": "Parameter",
			"Id": "ParamEff24",
			"Segments": [
				0,
				1,
				1,
				0.7,
				1,
				1.4,
				1,
				2.1,
				1,
				1,
				2.133,
				1,
				2.167,
				0.6,
				2.2,
				0.6,
				1,
				2.233,
				0.6,
				2.267,
				1,
				2.3,
				1,
				1,
				2.433,
				1,
				2.567,
				1,
				2.7,
				1,
				1,
				2.733,
				1,
				2.767,
				0.6,
				2.8,
				0.6,
				1,
				2.833,
				0.6,
				2.867,
				1,
				2.9,
				1,
				1,
				3.789,
				1,
				4.678,
				1,
				5.567,
				1,
				1,
				5.6,
				1,
				5.633,
				0.6,
				5.667,
				0.6,
				1,
				5.7,
				0.6,
				5.733,
				1,
				5.767,
				1,
				1,
				5.844,
				1,
				5.922,
				1,
				6,
				1
			]
		},
		{
			"Target": "Parameter",
			"Id": "ParamEff25",
			"Segments": [
				0,
				1,
				1,
				0.411,
				1,
				0.822,
				1,
				1.233,
				1,
				1,
				1.267,
				1,
				1.3,
				0.5,
				1.333,
				0.5,
				1,
				1.367,
				0.5,
				1.4,
				1,
				1.433,
				1,
				1,
				1.911,
				1,
				2.389,
				1,
				2.867,
				1,
				1,
				2.9,
				1,
				2.933,
				0.5,
				2.967,
				0.5,
				1,
				3,
				0.5,
				3.033,
				1,
				3.067,
				1,
				1,
				4.044,
				1,
				5.022,
				1,
				6,
				1
			]
		},
		{
			"Target": "Parameter",
			"Id": "ParamEff26",
			"Segments": [
				0,
				0.8,
				1,
				1.333,
				0.8,
				2.667,
				1,
				4,
				1,
				1,
				4.033,
				1,
				4.067,
				0.6,
				4.1,
				0.6,
				1,
				4.133,
				0.6,
				4.167,
				1,
				4.2,
				1,
				1,
				4.589,
				1,
				4.978,
				1,
				5.367,
				1,
				1,
				5.4,
				1,
				5.433,
				0.6,
				5.467,
				0.6,
				1,
				5.5,
				0.6,
				5.533,
				1,
				5.567,
				1,
				1,
				5.711,
				1,
				5.856,
				0.8,
				6,
				0.8
			]
		},
		{
			"Target": "Parameter",
			"Id": "ParamEff27",
			"Segments": [
				0,
				1,
				1,
				0.133,
				1,
				0.267,
				1,
				0.4,
				1,
				1,
				0.433,
				1,
				0.467,
				0.5,
				0.5,
				0.5,
				1,
				0.533,
				0.5,
				0.567,
				1,
				0.6,
				1,
				1,
				1.089,
				1,
				1.578,
				1,
				2.067,
				1,
				1,
				2.1,
				1,
				2.133,
				0.5,
				2.167,
				0.5,
				1,
				2.2,
				0.5,
				2.233,
				1,
				2.267,
				1,
				1,
				2.478,
				1,
				2.689,
				1,
				2.9,
				1,
				1,
				2.933,
				1,
				2.967,
				0.5,
				3,
				0.5,
				1,
				3.033,
				0.5,
				3.067,
				1,
				3.1,
				1,
				1,
				4.067,
				1,
				5.033,
				1,
				6,
				1
			]
		},
		{
			"Target": "Parameter",
			"Id": "ParamEff28",
			"Segments": [
				0,
				1,
				1,
				0.2,
				1,
				0.4,
				1,
				0.6,
				1,
				1,
				0.633,
				1,
				0.667,
				0.5,
				0.7,
				0.5,
				1,
				0.733,
				0.5,
				0.767,
				1,
				0.8,
				1,
				1,
				1.444,
				1,
				2.089,
				1,
				2.733,
				1,
				1,
				2.767,
				1,
				2.8,
				0.5,
				2.833,
				0.5,
				1,
				2.867,
				0.5,
				2.9,
				1,
				2.933,
				1,
				1,
				3.044,
				1,
				3.156,
				1,
				3.267,
				1,
				1,
				3.3,
				1,
				3.333,
				0.5,
				3.367,
				0.5,
				1,
				3.4,
				0.5,
				3.433,
				1,
				3.467,
				1,
				1,
				4.311,
				1,
				5.156,
				1,
				6,
				1
			]
		},
		{
			"Target": "Parameter",
			"Id": "ParamEff29",
			"Segments": [
				0,
				1,
				1,
				0.589,
				1,
				1.178,
				1,
				1.767,
				1,
				1,
				1.8,
				1,
				1.833,
				0.6,
				1.867,
				0.6,
				1,
				1.9,
				0.6,
				1.933,
				1,
				1.967,
				1,
				1,
				2.567,
				1,
				3.167,
				1,
				3.767,
				1,
				1,
				3.8,
				1,
				3.833,
				0.6,
				3.867,
				0.6,
				1,
				3.9,
				0.6,
				3.933,
				1,
				3.967,
				1,
				1,
				4.2,
				1,
				4.433,
				1,
				4.667,
				1,
				1,
				4.7,
				1,
				4.733,
				0.6,
				4.767,
				0.6,
				1,
				4.8,
				0.6,
				4.833,
				1,
				4.867,
				1,
				1,
				5.244,
				1,
				5.622,
				1,
				6,
				1
			]
		},
		{
			"Target": "Parameter",
			"Id": "ParamEff30",
			"Segments": [
				0,
				1,
				1,
				0.078,
				1,
				0.156,
				1,
				0.233,
				1,
				1,
				0.267,
				1,
				0.3,
				0.5,
				0.333,
				0.5,
				1,
				0.367,
				0.5,
				0.4,
				1,
				0.433,
				1,
				1,
				0.589,
				1,
				0.744,
				1,
				0.9,
				1,
				1,
				0.933,
				1,
				0.967,
				0.5,
				1,
				0.5,
				1,
				1.033,
				0.5,
				1.067,
				1,
				1.1,
				1,
				1,
				1.7,
				1,
				2.3,
				1,
				2.9,
				1,
				1,
				2.933,
				1,
				2.967,
				0.5,
				3,
				0.5,
				1,
				3.033,
				0.5,
				3.067,
				1,
				3.1,
				1,
				1,
				3.556,
				1,
				4.011,
				0.9,
				4.467,
				0.9,
				1,
				4.978,
				0.9,
				5.489,
				1,
				6,
				1
			]
		},
		{
			"Target": "Parameter",
			"Id": "ParamEff31",
			"Segments": [
				0,
				1,
				1,
				0.444,
				1,
				0.889,
				0.7,
				1.333,
				0.7,
				1,
				2.056,
				0.7,
				2.778,
				0.9,
				3.5,
				0.9,
				1,
				3.978,
				0.9,
				4.456,
				0.7,
				4.933,
				0.7,
				1,
				5.289,
				0.7,
				5.644,
				1,
				6,
				1
			]
		},
		{
			"Target": "Parameter",
			"Id": "ParamEff32",
			"Segments": [
				0,
				1,
				1,
				0.456,
				1,
				0.911,
				1,
				1.367,
				1,
				1,
				1.4,
				1,
				1.433,
				0.5,
				1.467,
				0.5,
				1,
				1.5,
				0.5,
				1.533,
				1,
				1.567,
				1,
				1,
				1.689,
				1,
				1.811,
				1,
				1.933,
				1,
				1,
				1.967,
				1,
				2,
				0.5,
				2.033,
				0.5,
				1,
				2.067,
				0.5,
				2.1,
				1,
				2.133,
				1,
				1,
				2.711,
				1,
				3.289,
				0.9,
				3.867,
				0.9,
				1,
				4.378,
				0.9,
				4.889,
				1,
				5.4,
				1,
				1,
				5.433,
				1,
				5.467,
				0.5,
				5.5,
				0.5,
				1,
				5.533,
				0.5,
				5.567,
				1,
				5.6,
				1,
				1,
				5.733,
				1,
				5.867,
				1,
				6,
				1
			]
		},
		{
			"Target": "Parameter",
			"Id": "ParamEff33",
			"Segments": [
				0,
				1,
				1,
				0.356,
				1,
				0.711,
				0.9,
				1.067,
				0.9,
				1,
				1.656,
				0.9,
				2.244,
				1,
				2.833,
				1,
				1,
				3.367,
				1,
				3.9,
				0.8,
				4.433,
				0.8,
				1,
				4.956,
				0.8,
				5.478,
				1,
				6,
				1
			]
		},
		{
			"Target": "Parameter",
			"Id": "ParamPachi",
			"Segments": [
				0,
				1,
				1,
				0.989,
				1,
				1.978,
				1,
				2.967,
				1,
				1,
				3.011,
				1,
				3.056,
				0,
				3.1,
				0,
				1,
				3.122,
				0,
				3.144,
				0,
				3.167,
				0,
				1,
				3.211,
				0,
				3.256,
				1,
				3.3,
				1,
				1,
				4.2,
				1,
				5.1,
				1,
				6,
				1
			]
		},
		{
			"Target": "Parameter",
			"Id": "ParamLegL1",
			"Segments": [
				0,
				0,
				1,
				0.011,
				0,
				0.022,
				0.221,
				0.033,
				0.302,
				1,
				0.378,
				2.814,
				0.722,
				4,
				1.067,
				4,
				1,
				1.567,
				4,
				2.067,
				2.667,
				2.567,
				0,
				1,
				3.067,
				-2.667,
				3.567,
				-4,
				4.067,
				-4,
				1,
				4.7,
				-4,
				5.333,
				-2.853,
				5.967,
				-0.453,
				1,
				5.978,
				-0.411,
				5.989,
				0,
				6,
				0
			]
		},
		{
			"Target": "Parameter",
			"Id": "ParamLegL2",
			"Segments": [
				0,
				0,
				1,
				0.011,
				0,
				0.022,
				0.233,
				0.033,
				0.302,
				1,
				0.433,
				2.811,
				0.833,
				4,
				1.233,
				4,
				1,
				1.733,
				4,
				2.233,
				2.667,
				2.733,
				0,
				1,
				3.233,
				-2.667,
				3.733,
				-4,
				4.233,
				-4,
				1,
				4.811,
				-4,
				5.389,
				-2.855,
				5.967,
				-0.453,
				1,
				5.978,
				-0.407,
				5.989,
				0,
				6,
				0
			]
		},
		{
			"Target": "Parameter",
			"Id": "ParamLegR1",
			"Segments": [
				0,
				0,
				1,
				0.011,
				0,
				0.022,
				0.257,
				0.033,
				0.302,
				1,
				0.644,
				2.801,
				1.256,
				4,
				1.867,
				4,
				1,
				2.367,
				4,
				2.867,
				2.667,
				3.367,
				0,
				1,
				3.867,
				-2.667,
				4.367,
				-4,
				4.867,
				-4,
				1,
				5.233,
				-4,
				5.6,
				-2.87,
				5.967,
				-0.453,
				1,
				5.978,
				-0.38,
				5.989,
				0,
				6,
				0
			]
		},
		{
			"Target": "Parameter",
			"Id": "ParamLegR2",
			"Segments": [
				0,
				0,
				1,
				0.011,
				0,
				0.022,
				0.261,
				0.033,
				0.302,
				1,
				0.7,
				2.799,
				1.367,
				4,
				2.033,
				4,
				1,
				2.533,
				4,
				3.033,
				2.667,
				3.533,
				0,
				1,
				4.033,
				-2.667,
				4.533,
				-4,
				5.033,
				-4,
				1,
				5.344,
				-4,
				5.656,
				-2.876,
				5.967,
				-0.453,
				1,
				5.978,
				-0.367,
				5.989,
				0,
				6,
				0
			]
		},
		{
			"Target": "Parameter",
			"Id": "ParamEyeRL",
			"Segments": [
				0,
				0,
				1,
				0.033,
				0,
				0.067,
				6,
				0.1,
				6,
				1,
				0.122,
				6,
				0.144,
				6,
				0.167,
				6,
				1,
				0.222,
				6,
				0.278,
				-6,
				0.333,
				-6,
				1,
				0.356,
				-6,
				0.378,
				10.768,
				0.4,
				13,
				1,
				0.422,
				15.232,
				0.444,
				15,
				0.467,
				15,
				1,
				0.489,
				15,
				0.511,
				-9,
				0.533,
				-9,
				1,
				0.567,
				-9,
				0.6,
				-7.568,
				0.633,
				-4,
				1,
				0.656,
				-1.621,
				0.678,
				3.453,
				0.7,
				4,
				1,
				0.722,
				4.547,
				0.744,
				4.489,
				0.767,
				5,
				1,
				0.789,
				5.511,
				0.811,
				7,
				0.833,
				7,
				1,
				0.867,
				7,
				0.9,
				-11,
				0.933,
				-11,
				1,
				0.956,
				-11,
				0.978,
				7,
				1,
				7,
				1,
				1.022,
				7,
				1.044,
				-6,
				1.067,
				-6,
				1,
				1.078,
				-6,
				1.089,
				6,
				1.1,
				6,
				1,
				1.133,
				6,
				1.167,
				5.932,
				1.2,
				4,
				1,
				1.222,
				2.712,
				1.244,
				-9,
				1.267,
				-9,
				1,
				1.311,
				-9,
				1.356,
				0,
				1.4,
				0,
				1,
				1.411,
				0,
				1.422,
				-2,
				1.433,
				-2,
				1,
				1.456,
				-2,
				1.478,
				6,
				1.5,
				6,
				1,
				1.522,
				6,
				1.544,
				6,
				1.567,
				6,
				1,
				1.589,
				6,
				1.611,
				-4,
				1.633,
				-4,
				1,
				1.689,
				-4,
				1.744,
				6.579,
				1.8,
				13,
				1,
				1.822,
				15.568,
				1.844,
				15,
				1.867,
				15,
				1,
				1.889,
				15,
				1.911,
				-9,
				1.933,
				-9,
				1,
				1.956,
				-9,
				1.978,
				8,
				2,
				8,
				1,
				2.033,
				8,
				2.067,
				4,
				2.1,
				4,
				1,
				2.122,
				4,
				2.144,
				4.126,
				2.167,
				5,
				1,
				2.189,
				5.874,
				2.211,
				7,
				2.233,
				7,
				1,
				2.267,
				7,
				2.3,
				-11,
				2.333,
				-11,
				1,
				2.356,
				-11,
				2.378,
				7,
				2.4,
				7,
				1,
				2.422,
				7,
				2.444,
				-6,
				2.467,
				-6,
				1,
				2.5,
				-6,
				2.533,
				-5.548,
				2.567,
				-2,
				1,
				2.589,
				0.365,
				2.611,
				6,
				2.633,
				6,
				1,
				2.656,
				6,
				2.678,
				6,
				2.7,
				6,
				1,
				2.722,
				6,
				2.744,
				-2.728,
				2.767,
				-4,
				1,
				2.8,
				-5.909,
				2.833,
				-6,
				2.867,
				-6,
				1,
				2.911,
				-6,
				2.956,
				15,
				3,
				15,
				1,
				3.022,
				15,
				3.044,
				-9,
				3.067,
				-9,
				1,
				3.089,
				-9,
				3.111,
				8,
				3.133,
				8,
				1,
				3.144,
				8,
				3.156,
				-4,
				3.167,
				-4,
				1,
				3.189,
				-4,
				3.211,
				2.919,
				3.233,
				4,
				1,
				3.256,
				5.081,
				3.278,
				5,
				3.3,
				5,
				1,
				3.356,
				5,
				3.411,
				-11,
				3.467,
				-11,
				1,
				3.489,
				-11,
				3.511,
				7,
				3.533,
				7,
				1,
				3.556,
				7,
				3.578,
				-6,
				3.6,
				-6,
				1,
				3.611,
				-6,
				3.622,
				6,
				3.633,
				6,
				1,
				3.667,
				6,
				3.7,
				4,
				3.733,
				4,
				1,
				3.767,
				4,
				3.8,
				8,
				3.833,
				8,
				1,
				3.867,
				8,
				3.9,
				-4,
				3.933,
				-4,
				1,
				3.978,
				-4,
				4.022,
				7.873,
				4.067,
				13,
				1,
				4.089,
				15.563,
				4.111,
				15,
				4.133,
				15,
				1,
				4.156,
				15,
				4.178,
				-9,
				4.2,
				-9,
				1,
				4.222,
				-9,
				4.244,
				8,
				4.267,
				8,
				1,
				4.3,
				8,
				4.333,
				4,
				4.367,
				4,
				1,
				4.389,
				4,
				4.411,
				4.126,
				4.433,
				5,
				1,
				4.456,
				5.874,
				4.478,
				7,
				4.5,
				7,
				1,
				4.533,
				7,
				4.567,
				-11,
				4.6,
				-11,
				1,
				4.622,
				-11,
				4.644,
				7,
				4.667,
				7,
				1,
				4.689,
				7,
				4.711,
				-6,
				4.733,
				-6,
				1,
				4.767,
				-6,
				4.8,
				-5.548,
				4.833,
				-2,
				1,
				4.856,
				0.365,
				4.878,
				6,
				4.9,
				6,
				1,
				4.922,
				6,
				4.944,
				6,
				4.967,
				6,
				1,
				4.989,
				6,
				5.011,
				-2.728,
				5.033,
				-4,
				1,
				5.067,
				-5.909,
				5.1,
				-6,
				5.133,
				-6,
				1,
				5.178,
				-6,
				5.222,
				15,
				5.267,
				15,
				1,
				5.289,
				15,
				5.311,
				-9,
				5.333,
				-9,
				1,
				5.356,
				-9,
				5.378,
				8,
				5.4,
				8,
				1,
				5.411,
				8,
				5.422,
				-4,
				5.433,
				-4,
				1,
				5.456,
				-4,
				5.478,
				2.919,
				5.5,
				4,
				1,
				5.522,
				5.081,
				5.544,
				5,
				5.567,
				5,
				1,
				5.622,
				5,
				5.678,
				-11,
				5.733,
				-11,
				1,
				5.756,
				-11,
				5.778,
				7,
				5.8,
				7,
				1,
				5.822,
				7,
				5.844,
				-6,
				5.867,
				-6,
				1,
				5.878,
				-6,
				5.889,
				6,
				5.9,
				6,
				1,
				5.933,
				6,
				5.967,
				4,
				6,
				4
			]
		},
		{
			"Target": "Parameter",
			"Id": "ParamEyeUD",
			"Segments": [
				0,
				0,
				1,
				0.033,
				0,
				0.067,
				4,
				0.1,
				4,
				1,
				0.122,
				4,
				0.144,
				-14.649,
				0.167,
				-15,
				1,
				0.222,
				-15.877,
				0.278,
				-16,
				0.333,
				-16,
				1,
				0.356,
				-16,
				0.378,
				-16.239,
				0.4,
				-14,
				1,
				0.422,
				-11.761,
				0.444,
				6,
				0.467,
				6,
				1,
				0.489,
				6,
				0.511,
				2,
				0.533,
				2,
				1,
				0.567,
				2,
				0.6,
				10,
				0.633,
				10,
				1,
				0.656,
				10,
				0.678,
				-2,
				0.7,
				-2,
				1,
				0.722,
				-2,
				0.744,
				-1.933,
				0.767,
				0,
				1,
				0.789,
				1.933,
				0.811,
				6,
				0.833,
				6,
				1,
				0.867,
				6,
				0.9,
				6,
				0.933,
				6,
				1,
				0.956,
				6,
				0.978,
				10,
				1,
				10,
				1,
				1.022,
				10,
				1.044,
				-10,
				1.067,
				-10,
				1,
				1.078,
				-10,
				1.089,
				5,
				1.1,
				5,
				1,
				1.133,
				5,
				1.167,
				-11,
				1.2,
				-11,
				1,
				1.222,
				-11,
				1.244,
				2,
				1.267,
				2,
				1,
				1.311,
				2,
				1.356,
				1.576,
				1.4,
				0,
				1,
				1.411,
				-0.394,
				1.422,
				-8,
				1.433,
				-8,
				1,
				1.456,
				-8,
				1.478,
				4,
				1.5,
				4,
				1,
				1.522,
				4,
				1.544,
				-15,
				1.567,
				-15,
				1,
				1.589,
				-15,
				1.611,
				6,
				1.633,
				6,
				1,
				1.689,
				6,
				1.744,
				-14,
				1.8,
				-14,
				1,
				1.822,
				-14,
				1.844,
				6,
				1.867,
				6,
				1,
				1.889,
				6,
				1.911,
				4.667,
				1.933,
				2,
				1,
				1.956,
				-0.667,
				1.978,
				-2,
				2,
				-2,
				1,
				2.033,
				-2,
				2.067,
				-2,
				2.1,
				-2,
				1,
				2.122,
				-2,
				2.144,
				-1.933,
				2.167,
				0,
				1,
				2.189,
				1.933,
				2.211,
				6,
				2.233,
				6,
				1,
				2.267,
				6,
				2.3,
				6,
				2.333,
				6,
				1,
				2.356,
				6,
				2.378,
				10,
				2.4,
				10,
				1,
				2.422,
				10,
				2.444,
				-10,
				2.467,
				-10,
				1,
				2.5,
				-10,
				2.533,
				-9.926,
				2.567,
				-8,
				1,
				2.589,
				-6.716,
				2.611,
				4,
				2.633,
				4,
				1,
				2.656,
				4,
				2.678,
				-15,
				2.7,
				-15,
				1,
				2.722,
				-15,
				2.744,
				6,
				2.767,
				6,
				1,
				2.8,
				6,
				2.833,
				-16,
				2.867,
				-16,
				1,
				2.911,
				-16,
				2.956,
				6,
				3,
				6,
				1,
				3.022,
				6,
				3.044,
				4.667,
				3.067,
				2,
				1,
				3.089,
				-0.667,
				3.111,
				-2,
				3.133,
				-2,
				1,
				3.144,
				-2,
				3.156,
				10,
				3.167,
				10,
				1,
				3.189,
				10,
				3.211,
				-2,
				3.233,
				-2,
				1,
				3.256,
				-2,
				3.278,
				-0.897,
				3.3,
				0,
				1,
				3.356,
				2.242,
				3.411,
				3.568,
				3.467,
				6,
				1,
				3.489,
				6.973,
				3.511,
				10,
				3.533,
				10,
				1,
				3.556,
				10,
				3.578,
				-10,
				3.6,
				-10,
				1,
				3.611,
				-10,
				3.622,
				5,
				3.633,
				5,
				1,
				3.667,
				5,
				3.7,
				-11,
				3.733,
				-11,
				1,
				3.767,
				-11,
				3.8,
				-11.218,
				3.833,
				-8,
				1,
				3.867,
				-4.782,
				3.9,
				10,
				3.933,
				10,
				1,
				3.978,
				10,
				4.022,
				-14,
				4.067,
				-14,
				1,
				4.089,
				-14,
				4.111,
				6,
				4.133,
				6,
				1,
				4.156,
				6,
				4.178,
				4.667,
				4.2,
				2,
				1,
				4.222,
				-0.667,
				4.244,
				-2,
				4.267,
				-2,
				1,
				4.3,
				-2,
				4.333,
				-2,
				4.367,
				-2,
				1,
				4.389,
				-2,
				4.411,
				-1.933,
				4.433,
				0,
				1,
				4.456,
				1.933,
				4.478,
				6,
				4.5,
				6,
				1,
				4.533,
				6,
				4.567,
				6,
				4.6,
				6,
				1,
				4.622,
				6,
				4.644,
				10,
				4.667,
				10,
				1,
				4.689,
				10,
				4.711,
				-10,
				4.733,
				-10,
				1,
				4.767,
				-10,
				4.8,
				-9.926,
				4.833,
				-8,
				1,
				4.856,
				-6.716,
				4.878,
				4,
				4.9,
				4,
				1,
				4.922,
				4,
				4.944,
				-15,
				4.967,
				-15,
				1,
				4.989,
				-15,
				5.011,
				6,
				5.033,
				6,
				1,
				5.067,
				6,
				5.1,
				-16,
				5.133,
				-16,
				1,
				5.178,
				-16,
				5.222,
				6,
				5.267,
				6,
				1,
				5.289,
				6,
				5.311,
				4.667,
				5.333,
				2,
				1,
				5.356,
				-0.667,
				5.378,
				-2,
				5.4,
				-2,
				1,
				5.411,
				-2,
				5.422,
				10,
				5.433,
				10,
				1,
				5.456,
				10,
				5.478,
				-2,
				5.5,
				-2,
				1,
				5.522,
				-2,
				5.544,
				-0.897,
				5.567,
				0,
				1,
				5.622,
				2.242,
				5.678,
				3.568,
				5.733,
				6,
				1,
				5.756,
				6.973,
				5.778,
				10,
				5.8,
				10,
				1,
				5.822,
				10,
				5.844,
				-10,
				5.867,
				-10,
				1,
				5.878,
				-10,
				5.889,
				5,
				5.9,
				5,
				1,
				5.933,
				5,
				5.967,
				-11,
				6,
				-11
			]
		},
		{
			"Target": "Parameter",
			"Id": "ParamEyeBS",
			"Segments": [
				0,
				0,
				1,
				0.033,
				0,
				0.067,
				7,
				0.1,
				7,
				1,
				0.122,
				7,
				0.144,
				-19,
				0.167,
				-19,
				1,
				0.211,
				-19,
				0.256,
				18,
				0.3,
				18,
				1,
				0.322,
				18,
				0.344,
				-14,
				0.367,
				-14,
				1,
				0.389,
				-14,
				0.411,
				-8,
				0.433,
				4,
				1,
				0.456,
				16,
				0.478,
				22,
				0.5,
				22,
				1,
				0.556,
				22,
				0.611,
				21.173,
				0.667,
				16,
				1,
				0.689,
				13.931,
				0.711,
				-8,
				0.733,
				-8,
				1,
				0.756,
				-8,
				0.778,
				-8.268,
				0.8,
				-6,
				1,
				0.822,
				-3.732,
				0.844,
				19,
				0.867,
				19,
				1,
				0.889,
				19,
				0.911,
				-19,
				0.933,
				-19,
				1,
				0.967,
				-19,
				1,
				12,
				1.033,
				12,
				1,
				1.089,
				12,
				1.144,
				12,
				1.2,
				12,
				1,
				1.222,
				12,
				1.244,
				-6,
				1.267,
				-6,
				1,
				1.289,
				-6,
				1.311,
				0,
				1.333,
				0,
				1,
				1.344,
				0,
				1.356,
				-21,
				1.367,
				-21,
				1,
				1.389,
				-21,
				1.411,
				7,
				1.433,
				7,
				1,
				1.456,
				7,
				1.478,
				-19,
				1.5,
				-19,
				1,
				1.522,
				-19,
				1.544,
				13.697,
				1.567,
				16,
				1,
				1.589,
				18.303,
				1.611,
				18,
				1.633,
				18,
				1,
				1.678,
				18,
				1.722,
				4,
				1.767,
				4,
				1,
				1.789,
				4,
				1.811,
				22,
				1.833,
				22,
				1,
				1.856,
				22,
				1.878,
				-18,
				1.9,
				-18,
				1,
				1.911,
				-18,
				1.922,
				-13.543,
				1.933,
				-6,
				1,
				1.956,
				9.085,
				1.978,
				16,
				2,
				16,
				1,
				2.022,
				16,
				2.044,
				-8,
				2.067,
				-8,
				1,
				2.089,
				-8,
				2.111,
				-8.268,
				2.133,
				-6,
				1,
				2.156,
				-3.732,
				2.178,
				19,
				2.2,
				19,
				1,
				2.222,
				19,
				2.244,
				-19,
				2.267,
				-19,
				1,
				2.3,
				-19,
				2.333,
				12,
				2.367,
				12,
				1,
				2.4,
				12,
				2.433,
				-0.285,
				2.467,
				-10,
				1,
				2.5,
				-19.715,
				2.533,
				-21,
				2.567,
				-21,
				1,
				2.589,
				-21,
				2.611,
				7,
				2.633,
				7,
				1,
				2.656,
				7,
				2.678,
				-19,
				2.7,
				-19,
				1,
				2.722,
				-19,
				2.744,
				13.697,
				2.767,
				16,
				1,
				2.789,
				18.303,
				2.811,
				18,
				2.833,
				18,
				1,
				2.856,
				18,
				2.878,
				-14,
				2.9,
				-14,
				1,
				2.922,
				-14,
				2.944,
				-8,
				2.967,
				4,
				1,
				2.989,
				16,
				3.011,
				22,
				3.033,
				22,
				1,
				3.056,
				22,
				3.078,
				-18,
				3.1,
				-18,
				1,
				3.111,
				-18,
				3.122,
				-13.543,
				3.133,
				-6,
				1,
				3.156,
				9.085,
				3.178,
				16,
				3.2,
				16,
				1,
				3.222,
				16,
				3.244,
				-8,
				3.267,
				-8,
				1,
				3.289,
				-8,
				3.311,
				-6,
				3.333,
				-6,
				1,
				3.378,
				-6,
				3.422,
				-19,
				3.467,
				-19,
				1,
				3.5,
				-19,
				3.533,
				12,
				3.567,
				12,
				1,
				3.6,
				12,
				3.633,
				-10,
				3.667,
				-10,
				1,
				3.689,
				-10,
				3.711,
				12,
				3.733,
				12,
				1,
				3.756,
				12,
				3.778,
				-6,
				3.8,
				-6,
				1,
				3.822,
				-6,
				3.844,
				11,
				3.867,
				11,
				1,
				3.922,
				11,
				3.978,
				4,
				4.033,
				4,
				1,
				4.056,
				4,
				4.078,
				22,
				4.1,
				22,
				1,
				4.122,
				22,
				4.144,
				-18,
				4.167,
				-18,
				1,
				4.178,
				-18,
				4.189,
				-13.543,
				4.2,
				-6,
				1,
				4.222,
				9.085,
				4.244,
				16,
				4.267,
				16,
				1,
				4.289,
				16,
				4.311,
				-8,
				4.333,
				-8,
				1,
				4.356,
				-8,
				4.378,
				-8.268,
				4.4,
				-6,
				1,
				4.422,
				-3.732,
				4.444,
				19,
				4.467,
				19,
				1,
				4.489,
				19,
				4.511,
				-19,
				4.533,
				-19,
				1,
				4.567,
				-19,
				4.6,
				12,
				4.633,
				12,
				1,
				4.667,
				12,
				4.7,
				-0.285,
				4.733,
				-10,
				1,
				4.767,
				-19.715,
				4.8,
				-21,
				4.833,
				-21,
				1,
				4.856,
				-21,
				4.878,
				7,
				4.9,
				7,
				1,
				4.922,
				7,
				4.944,
				-19,
				4.967,
				-19,
				1,
				4.989,
				-19,
				5.011,
				13.697,
				5.033,
				16,
				1,
				5.056,
				18.303,
				5.078,
				18,
				5.1,
				18,
				1,
				5.122,
				18,
				5.144,
				-14,
				5.167,
				-14,
				1,
				5.189,
				-14,
				5.211,
				-8,
				5.233,
				4,
				1,
				5.256,
				16,
				5.278,
				22,
				5.3,
				22,
				1,
				5.322,
				22,
				5.344,
				-18,
				5.367,
				-18,
				1,
				5.378,
				-18,
				5.389,
				-13.543,
				5.4,
				-6,
				1,
				5.422,
				9.085,
				5.444,
				16,
				5.467,
				16,
				1,
				5.489,
				16,
				5.511,
				-8,
				5.533,
				-8,
				1,
				5.556,
				-8,
				5.578,
				-6,
				5.6,
				-6,
				1,
				5.644,
				-6,
				5.689,
				-19,
				5.733,
				-19,
				1,
				5.767,
				-19,
				5.8,
				12,
				5.833,
				12,
				1,
				5.867,
				12,
				5.9,
				-10,
				5.933,
				-10,
				1,
				5.956,
				-10,
				5.978,
				12,
				6,
				12
			]
		},
		{
			"Target": "Parameter",
			"Id": "ParamPaiRX",
			"Segments": [
				0,
				-12.95,
				1,
				0.533,
				-12.95,
				1.067,
				-9.031,
				1.6,
				0,
				1,
				2.1,
				8.466,
				2.6,
				13.36,
				3.1,
				13.36,
				1,
				3.6,
				13.36,
				4.1,
				9.069,
				4.6,
				0,
				1,
				5.067,
				-8.464,
				5.533,
				-12.95,
				6,
				-12.95
			]
		},
		{
			"Target": "Parameter",
			"Id": "ParamPaiRY",
			"Segments": [
				0,
				-1,
				1,
				0.011,
				-1,
				0.022,
				-0.423,
				0.033,
				-0.138,
				1,
				0.556,
				13.258,
				1.078,
				19.76,
				1.6,
				19.76,
				1,
				2.1,
				19.76,
				2.6,
				12.312,
				3.1,
				-1,
				1,
				3.6,
				-14.312,
				4.1,
				-20.24,
				4.6,
				-20.24,
				1,
				5.056,
				-20.24,
				5.511,
				-14.147,
				5.967,
				-1.679,
				1,
				5.978,
				-1.375,
				5.989,
				-1,
				6,
				-1
			]
		},
		{
			"Target": "Parameter",
			"Id": "ParamPaiRX2",
			"Segments": [
				0,
				-14,
				1,
				0.467,
				-14,
				0.933,
				-7.902,
				1.4,
				1,
				1,
				1.9,
				10.538,
				2.4,
				14,
				2.9,
				14,
				1,
				3.4,
				14,
				3.9,
				9.022,
				4.4,
				0,
				1,
				4.933,
				-9.624,
				5.467,
				-14,
				6,
				-14
			]
		},
		{
			"Target": "Parameter",
			"Id": "ParamPaiRY2",
			"Segments": [
				0,
				1,
				1,
				0.011,
				1,
				0.022,
				1.315,
				0.033,
				1.6,
				1,
				0.489,
				13.278,
				0.944,
				19,
				1.4,
				19,
				1,
				1.9,
				19,
				2.4,
				9.945,
				2.9,
				-1,
				1,
				3.4,
				-11.945,
				3.9,
				-15,
				4.4,
				-15,
				1,
				4.922,
				-15,
				5.444,
				-9.939,
				5.967,
				0.438,
				1,
				5.978,
				0.659,
				5.989,
				1,
				6,
				1
			]
		},
		{
			"Target": "Parameter",
			"Id": "ParamBreat",
			"Segments": [
				0,
				0.5,
				1,
				0.011,
				0.5,
				0.022,
				0.524,
				0.033,
				0.531,
				1,
				0.522,
				0.848,
				1.011,
				1,
				1.5,
				1,
				1,
				2,
				1,
				2.5,
				0.815,
				3,
				0.5,
				1,
				3.556,
				0.15,
				4.111,
				0,
				4.667,
				0,
				1,
				5.1,
				0,
				5.533,
				0.149,
				5.967,
				0.463,
				1,
				5.978,
				0.471,
				5.989,
				0.5,
				6,
				0.5
			]
		},
		{
			"Target": "Parameter",
			"Id": "ParamHairRX",
			"Segments": [
				0,
				5,
				1,
				0.5,
				5,
				1,
				4.198,
				1.5,
				1,
				1,
				2,
				-2.198,
				2.5,
				-5,
				3,
				-5,
				1,
				3.556,
				-5,
				4.111,
				-2.673,
				4.667,
				1,
				1,
				5.111,
				3.938,
				5.556,
				5,
				6,
				5
			]
		},
		{
			"Target": "Parameter",
			"Id": "ParamHairRY",
			"Segments": [
				0,
				8,
				1,
				0.011,
				8,
				0.022,
				7.424,
				0.033,
				7.131,
				1,
				0.522,
				-5.755,
				1.011,
				-12,
				1.5,
				-12,
				1,
				2,
				-12,
				2.5,
				-12.739,
				3,
				-8,
				1,
				3.578,
				-2.524,
				4.156,
				21.55,
				4.733,
				21.55,
				1,
				5.144,
				21.55,
				5.556,
				17.357,
				5.967,
				8.665,
				1,
				5.978,
				8.43,
				5.989,
				8,
				6,
				8
			]
		},
		{
			"Target": "Parameter",
			"Id": "Param_Angle_Rotation2",
			"Segments": [
				0,
				0,
				1,
				0.011,
				0,
				0.022,
				-0.08,
				0.033,
				-0.124,
				1,
				0.522,
				-2.062,
				1.011,
				-3,
				1.5,
				-3,
				1,
				2,
				-3,
				2.5,
				-1.6,
				3,
				0,
				1,
				3.5,
				1.6,
				4,
				2,
				4.5,
				2,
				1,
				4.989,
				2,
				5.478,
				1.38,
				5.967,
				0.093,
				1,
				5.978,
				0.064,
				5.989,
				0,
				6,
				0
			]
		},
		{
			"Target": "Parameter",
			"Id": "Param_Angle_Rotation3",
			"Segments": [
				0,
				1.04,
				1,
				0.011,
				1.04,
				0.022,
				0.78,
				0.033,
				0.715,
				1,
				0.689,
				-3.139,
				1.344,
				-5,
				2,
				-5,
				1,
				2.5,
				-5,
				3,
				-2.963,
				3.5,
				0,
				1,
				4,
				2.963,
				4.5,
				4,
				5,
				4,
				1,
				5.333,
				4,
				5.667,
				2.769,
				6,
				1.04
			]
		},
		{
			"Target": "Parameter",
			"Id": "Param_Angle_Rotation4",
			"Segments": [
				0,
				4.44,
				1,
				0.011,
				4.44,
				0.022,
				4.277,
				0.033,
				4.195,
				1,
				0.267,
				2.479,
				0.5,
				0.604,
				0.733,
				-0.836,
				1,
				1.322,
				-4.471,
				1.911,
				-6,
				2.5,
				-6,
				1,
				3,
				-6,
				3.5,
				-4,
				4,
				0,
				1,
				4.5,
				4,
				5,
				6,
				5.5,
				6,
				1,
				5.667,
				6,
				5.833,
				5.736,
				6,
				4.44
			]
		},
		{
			"Target": "Parameter",
			"Id": "Param_Angle_Rotation6",
			"Segments": [
				0,
				0,
				1,
				0.011,
				0,
				0.022,
				-0.097,
				0.033,
				-0.156,
				1,
				0.522,
				-2.744,
				1.011,
				-4,
				1.5,
				-4,
				1,
				2,
				-4,
				2.5,
				-1.777,
				3,
				0,
				1,
				3.5,
				1.777,
				4,
				2,
				4.5,
				2,
				1,
				4.989,
				2,
				5.478,
				1.38,
				5.967,
				0.093,
				1,
				5.978,
				0.064,
				5.989,
				0,
				6,
				0
			]
		},
		{
			"Target": "Parameter",
			"Id": "Param_Angle_Rotation7",
			"Segments": [
				0,
				1.04,
				1,
				0.011,
				1.04,
				0.022,
				0.895,
				0.033,
				0.829,
				1,
				0.689,
				-3.091,
				1.344,
				-5,
				2,
				-5,
				1,
				2.5,
				-5,
				3,
				-2.963,
				3.5,
				0,
				1,
				4,
				2.963,
				4.5,
				4,
				5,
				4,
				1,
				5.333,
				4,
				5.667,
				2.769,
				6,
				1.04
			]
		},
		{
			"Target": "Parameter",
			"Id": "Param_Angle_Rotation8",
			"Segments": [
				0,
				4.44,
				1,
				0.011,
				4.44,
				0.022,
				4.333,
				0.033,
				4.255,
				1,
				0.322,
				2.225,
				0.611,
				-0.079,
				0.9,
				-1.75,
				1,
				1.433,
				-4.836,
				1.967,
				-6,
				2.5,
				-6,
				1,
				3,
				-6,
				3.5,
				-4,
				4,
				0,
				1,
				4.5,
				4,
				5,
				6,
				5.5,
				6,
				1,
				5.667,
				6,
				5.833,
				5.736,
				6,
				4.44
			]
		},
		{
			"Target": "Parameter",
			"Id": "Param_Angle_Rotation14",
			"Segments": [
				0,
				0,
				1,
				0.011,
				0,
				0.022,
				0.11,
				0.033,
				0.154,
				1,
				0.522,
				2.076,
				1.011,
				3,
				1.5,
				3,
				1,
				2,
				3,
				2.5,
				1.6,
				3,
				0,
				1,
				3.5,
				-1.6,
				4,
				-2,
				4.5,
				-2,
				1,
				4.989,
				-2,
				5.478,
				-1.404,
				5.967,
				-0.153,
				1,
				5.978,
				-0.125,
				5.989,
				0,
				6,
				0
			]
		},
		{
			"Target": "Parameter",
			"Id": "Param_Angle_Rotation15",
			"Segments": [
				0,
				-1.56,
				1,
				0.011,
				-1.56,
				0.022,
				-1.46,
				0.033,
				-1.376,
				1,
				0.689,
				3.568,
				1.344,
				6,
				2,
				6,
				1,
				2.5,
				6,
				3,
				4,
				3.5,
				0,
				1,
				4,
				-4,
				4.5,
				-6,
				5,
				-6,
				1,
				5.333,
				-6,
				5.667,
				-4.153,
				6,
				-1.56
			]
		},
		{
			"Target": "Parameter",
			"Id": "Param_Angle_Rotation17",
			"Segments": [
				0,
				0,
				1,
				0.5,
				0,
				1,
				0,
				1.5,
				0,
				1,
				2,
				0,
				2.5,
				0,
				3,
				0,
				1,
				3.5,
				0,
				4,
				0,
				4.5,
				0,
				1,
				5,
				0,
				5.5,
				0,
				6,
				0
			]
		},
		{
			"Target": "Parameter",
			"Id": "Param_Angle_Rotation18",
			"Segments": [
				0,
				-0.78,
				1,
				0.011,
				-0.78,
				0.022,
				-0.73,
				0.033,
				-0.688,
				1,
				0.689,
				1.784,
				1.344,
				3,
				2,
				3,
				1,
				2.5,
				3,
				3,
				2,
				3.5,
				0,
				1,
				4,
				-2,
				4.5,
				-3,
				5,
				-3,
				1,
				5.333,
				-3,
				5.667,
				-2.077,
				6,
				-0.78
			]
		},
		{
			"Target": "Parameter",
			"Id": "Param_Angle_Rotation19",
			"Segments": [
				0,
				-4.44,
				1,
				0.011,
				-4.44,
				0.022,
				-4.312,
				0.033,
				-4.254,
				1,
				0.322,
				-2.735,
				0.611,
				-1.422,
				0.9,
				0.214,
				1,
				1.433,
				3.234,
				1.967,
				5,
				2.5,
				5,
				1,
				3,
				5,
				3.5,
				3.636,
				4,
				0,
				1,
				4.5,
				-3.636,
				5,
				-6,
				5.5,
				-6,
				1,
				5.667,
				-6,
				5.833,
				-5.736,
				6,
				-4.44
			]
		},
		{
			"Target": "Parameter",
			"Id": "Param_Angle_Rotation21",
			"Segments": [
				0,
				0,
				1,
				0.011,
				0,
				0.022,
				0.064,
				0.033,
				0.093,
				1,
				0.522,
				1.38,
				1.011,
				2,
				1.5,
				2,
				1,
				2,
				2,
				2.5,
				1.333,
				3,
				0,
				1,
				3.5,
				-1.333,
				4,
				-2,
				4.5,
				-2,
				1,
				4.989,
				-2,
				5.478,
				-1.393,
				5.967,
				-0.123,
				1,
				5.978,
				-0.094,
				5.989,
				0,
				6,
				0
			]
		},
		{
			"Target": "Parameter",
			"Id": "Param_Angle_Rotation22",
			"Segments": [
				0,
				-1.04,
				1,
				0.011,
				-1.04,
				0.022,
				-0.981,
				0.033,
				-0.919,
				1,
				0.122,
				-0.424,
				0.211,
				0.055,
				0.3,
				0.525,
				1,
				0.867,
				3.52,
				1.433,
				5,
				2,
				5,
				1,
				2.5,
				5,
				3,
				2.963,
				3.5,
				0,
				1,
				4,
				-2.963,
				4.5,
				-4,
				5,
				-4,
				1,
				5.333,
				-4,
				5.667,
				-2.769,
				6,
				-1.04
			]
		},
		{
			"Target": "Parameter",
			"Id": "Param_Angle_Rotation23",
			"Segments": [
				0,
				-4.44,
				1,
				0.011,
				-4.44,
				0.022,
				-4.291,
				0.033,
				-4.225,
				1,
				0.311,
				-2.581,
				0.589,
				-1.149,
				0.867,
				0.603,
				1,
				1.411,
				4.038,
				1.956,
				6,
				2.5,
				6,
				1,
				3,
				6,
				3.5,
				4,
				4,
				0,
				1,
				4.5,
				-4,
				5,
				-6,
				5.5,
				-6,
				1,
				5.667,
				-6,
				5.833,
				-5.736,
				6,
				-4.44
			]
		},
		{
			"Target": "Parameter",
			"Id": "Param_Angle_Rotation24",
			"Segments": [
				0,
				-9,
				1,
				0.5,
				-9,
				1,
				-5.247,
				1.5,
				0,
				1,
				2,
				5.247,
				2.5,
				7,
				3,
				7,
				1,
				3.5,
				7,
				4,
				5.247,
				4.5,
				0,
				1,
				5,
				-5.247,
				5.5,
				-9,
				6,
				-9
			]
		},
		{
			"Target": "Parameter",
			"Id": "Param_Angle_Rotation31",
			"Segments": [
				0,
				0,
				1,
				0.011,
				0,
				0.022,
				0.094,
				0.033,
				0.123,
				1,
				0.522,
				1.393,
				1.011,
				2,
				1.5,
				2,
				1,
				2,
				2,
				2.5,
				1.333,
				3,
				0,
				1,
				3.5,
				-1.333,
				4,
				-2,
				4.5,
				-2,
				1,
				4.989,
				-2,
				5.478,
				-1.38,
				5.967,
				-0.093,
				1,
				5.978,
				-0.064,
				5.989,
				0,
				6,
				0
			]
		},
		{
			"Target": "Parameter",
			"Id": "Param_Angle_Rotation32",
			"Segments": [
				0,
				-1.56,
				1,
				0.011,
				-1.56,
				0.022,
				-1.456,
				0.033,
				-1.402,
				1,
				0.156,
				-0.807,
				0.278,
				-0.257,
				0.4,
				0.308,
				1,
				0.933,
				2.774,
				1.467,
				4,
				2,
				4,
				1,
				2.5,
				4,
				3,
				3.198,
				3.5,
				0,
				1,
				4,
				-3.198,
				4.5,
				-6,
				5,
				-6,
				1,
				5.333,
				-6,
				5.667,
				-4.153,
				6,
				-1.56
			]
		},
		{
			"Target": "Parameter",
			"Id": "Param_Angle_Rotation33",
			"Segments": [
				0,
				-5.18,
				1,
				0.011,
				-5.18,
				0.022,
				-5.029,
				0.033,
				-4.962,
				1,
				0.344,
				-3.072,
				0.656,
				-1.207,
				0.967,
				0.603,
				1,
				1.478,
				3.577,
				1.989,
				5,
				2.5,
				5,
				1,
				3,
				5,
				3.5,
				3.887,
				4,
				0,
				1,
				4.5,
				-3.887,
				5,
				-7,
				5.5,
				-7,
				1,
				5.667,
				-7,
				5.833,
				-6.692,
				6,
				-5.18
			]
		},
		{
			"Target": "Parameter",
			"Id": "Param_Angle_Rotation34",
			"Segments": [
				0,
				-10,
				1,
				0.5,
				-10,
				1,
				-5.923,
				1.5,
				0,
				1,
				2,
				5.923,
				2.5,
				8,
				3,
				8,
				1,
				3.5,
				8,
				4,
				5.923,
				4.5,
				0,
				1,
				5,
				-5.923,
				5.5,
				-10,
				6,
				-10
			]
		},
		{
			"Target": "Parameter",
			"Id": "Param_Angle_Rotation36",
			"Segments": [
				0,
				0.03,
				1,
				0.011,
				0.03,
				0.022,
				0.005,
				0.033,
				-0.009,
				1,
				0.578,
				-0.676,
				1.122,
				-1,
				1.667,
				-1,
				1,
				2.167,
				-1,
				2.667,
				-0.667,
				3.167,
				0,
				1,
				3.667,
				0.667,
				4.167,
				1,
				4.667,
				1,
				1,
				5.1,
				1,
				5.533,
				0.707,
				5.967,
				0.092,
				1,
				5.978,
				0.076,
				5.989,
				0.03,
				6,
				0.03
			]
		},
		{
			"Target": "Parameter",
			"Id": "Param_Angle_Rotation37",
			"Segments": [
				0,
				1.25,
				1,
				0.011,
				1.25,
				0.022,
				1.172,
				0.033,
				1.127,
				1,
				0.178,
				0.541,
				0.322,
				-0.137,
				0.467,
				-0.574,
				1,
				1.033,
				-2.286,
				1.6,
				-3,
				2.167,
				-3,
				1,
				2.667,
				-3,
				3.167,
				-2,
				3.667,
				0,
				1,
				4.167,
				2,
				4.667,
				3,
				5.167,
				3,
				1,
				5.444,
				3,
				5.722,
				2.358,
				6,
				1.25
			]
		},
		{
			"Target": "Parameter",
			"Id": "Param_Angle_Rotation38",
			"Segments": [
				0,
				2.62,
				1,
				0.011,
				2.62,
				0.022,
				2.534,
				0.033,
				2.498,
				1,
				0.356,
				1.463,
				0.678,
				0.424,
				1,
				-0.547,
				1,
				1.556,
				-2.223,
				2.111,
				-3,
				2.667,
				-3,
				1,
				3.167,
				-3,
				3.667,
				-2.109,
				4.167,
				0,
				1,
				4.622,
				1.921,
				5.078,
				3.066,
				5.533,
				3.066,
				1,
				5.689,
				3.066,
				5.844,
				3.124,
				6,
				2.62
			]
		},
		{
			"Target": "Parameter",
			"Id": "Param_Angle_Rotation39",
			"Segments": [
				0,
				3.94,
				1,
				0.556,
				3.94,
				1.111,
				2.418,
				1.667,
				0,
				1,
				2.167,
				-2.176,
				2.667,
				-3,
				3.167,
				-3,
				1,
				3.667,
				-3,
				4.167,
				-2.358,
				4.667,
				0,
				1,
				5.111,
				2.096,
				5.556,
				3.94,
				6,
				3.94
			]
		},
		{
			"Target": "Parameter",
			"Id": "Param_Angle_Rotation40",
			"Segments": [
				0,
				2.5,
				1,
				0.011,
				2.5,
				0.022,
				2.579,
				0.033,
				2.594,
				1,
				0.244,
				2.876,
				0.456,
				3,
				0.667,
				3,
				1,
				1.167,
				3,
				1.667,
				2.285,
				2.167,
				0,
				1,
				2.667,
				-2.285,
				3.167,
				-4,
				3.667,
				-4,
				1,
				4.167,
				-4,
				4.667,
				-2.086,
				5.167,
				0,
				1,
				5.444,
				1.159,
				5.722,
				1.923,
				6,
				2.5
			]
		},
		{
			"Target": "Parameter",
			"Id": "Param_Angle_Rotation41",
			"Segments": [
				0,
				1.3,
				1,
				0.011,
				1.3,
				0.022,
				1.362,
				0.033,
				1.394,
				1,
				0.411,
				2.48,
				0.789,
				3,
				1.167,
				3,
				1,
				1.667,
				3,
				2.167,
				2.285,
				2.667,
				0,
				1,
				3.167,
				-2.285,
				3.667,
				-4,
				4.167,
				-4,
				1,
				4.667,
				-4,
				5.167,
				-2.499,
				5.667,
				0,
				1,
				5.778,
				0.555,
				5.889,
				0.957,
				6,
				1.3
			]
		},
		{
			"Target": "Parameter",
			"Id": "Param_Angle_Rotation42",
			"Segments": [
				0,
				-0.74,
				1,
				0.011,
				-0.74,
				0.022,
				-0.635,
				0.033,
				-0.586,
				1,
				0.578,
				1.83,
				1.122,
				3,
				1.667,
				3,
				1,
				2.167,
				3,
				2.667,
				2.285,
				3.167,
				0,
				1,
				3.667,
				-2.285,
				4.167,
				-4,
				4.667,
				-4,
				1,
				5.111,
				-4,
				5.556,
				-2.889,
				6,
				-0.74
			]
		},
		{
			"Target": "Parameter",
			"Id": "Param_Angle_Rotation10",
			"Segments": [
				0,
				0,
				1,
				0.011,
				0,
				0.022,
				-0.113,
				0.033,
				-0.187,
				1,
				0.522,
				-3.425,
				1.011,
				-5,
				1.5,
				-5,
				1,
				2,
				-5,
				2.5,
				-2.499,
				3,
				0,
				1,
				3.5,
				2.499,
				4,
				3,
				4.5,
				3,
				1,
				4.989,
				3,
				5.478,
				2.044,
				5.967,
				0.094,
				1,
				5.978,
				0.05,
				5.989,
				0,
				6,
				0
			]
		},
		{
			"Target": "Parameter",
			"Id": "Param_Angle_Rotation11",
			"Segments": [
				0,
				0.78,
				1,
				0.011,
				0.78,
				0.022,
				0.71,
				0.033,
				0.659,
				1,
				0.133,
				0.198,
				0.233,
				-0.264,
				0.333,
				-0.669,
				1,
				0.889,
				-2.923,
				1.444,
				-4,
				2,
				-4,
				1,
				2.5,
				-4,
				3,
				-2.285,
				3.5,
				0,
				1,
				4,
				2.285,
				4.5,
				3,
				5,
				3,
				1,
				5.333,
				3,
				5.667,
				2.077,
				6,
				0.78
			]
		},
		{
			"Target": "Parameter",
			"Id": "Param_Angle_Rotation12",
			"Segments": [
				0,
				2.96,
				1,
				0.011,
				2.96,
				0.022,
				2.858,
				0.033,
				2.807,
				1,
				0.322,
				1.487,
				0.611,
				0.292,
				0.9,
				-1.079,
				1,
				1.433,
				-3.611,
				1.967,
				-5,
				2.5,
				-5,
				1,
				3,
				-5,
				3.5,
				-2.963,
				4,
				0,
				1,
				4.5,
				2.963,
				5,
				4,
				5.5,
				4,
				1,
				5.667,
				4,
				5.833,
				3.824,
				6,
				2.96
			]
		},
		{
			"Target": "Parameter",
			"Id": "Param_Angle_Rotation26",
			"Segments": [
				0,
				0,
				1,
				0.011,
				0,
				0.022,
				0.016,
				0.033,
				0.031,
				1,
				0.522,
				0.681,
				1.011,
				1,
				1.5,
				1,
				1,
				2,
				1,
				2.5,
				0.667,
				3,
				0,
				1,
				3.5,
				-0.667,
				4,
				-1,
				4.5,
				-1,
				1,
				4.989,
				-1,
				5.478,
				-0.696,
				5.967,
				-0.061,
				1,
				5.978,
				-0.047,
				5.989,
				0,
				6,
				0
			]
		},
		{
			"Target": "Parameter",
			"Id": "Param_Angle_Rotation27",
			"Segments": [
				0,
				-1.04,
				1,
				0.011,
				-1.04,
				0.022,
				-0.938,
				0.033,
				-0.887,
				1,
				0.133,
				-0.425,
				0.233,
				-0.002,
				0.333,
				0.428,
				1,
				0.889,
				2.817,
				1.444,
				4,
				2,
				4,
				1,
				2.5,
				4,
				3,
				2.667,
				3.5,
				0,
				1,
				4,
				-2.667,
				4.5,
				-4,
				5,
				-4,
				1,
				5.333,
				-4,
				5.667,
				-2.769,
				6,
				-1.04
			]
		},
		{
			"Target": "Parameter",
			"Id": "Param_Angle_Rotation28",
			"Segments": [
				0,
				-3.7,
				1,
				0.011,
				-3.7,
				0.022,
				-3.578,
				0.033,
				-3.515,
				1,
				0.278,
				-2.124,
				0.522,
				-0.714,
				0.767,
				0.567,
				1,
				1.344,
				3.595,
				1.922,
				5,
				2.5,
				5,
				1,
				3,
				5,
				3.5,
				3.333,
				4,
				0,
				1,
				4.5,
				-3.333,
				5,
				-5,
				5.5,
				-5,
				1,
				5.667,
				-5,
				5.833,
				-4.78,
				6,
				-3.7
			]
		},
		{
			"Target": "Parameter",
			"Id": "Param_Angle_Rotation58",
			"Segments": [
				0,
				-0.14,
				1,
				0.011,
				-0.14,
				0.022,
				-0.088,
				0.033,
				-0.06,
				1,
				0.578,
				1.326,
				1.122,
				2,
				1.667,
				2,
				1,
				2.167,
				2,
				2.667,
				1.777,
				3.167,
				0,
				1,
				3.667,
				-1.777,
				4.167,
				-4,
				4.667,
				-4,
				1,
				5.111,
				-4,
				5.556,
				-2.161,
				6,
				-0.14
			]
		},
		{
			"Target": "Parameter",
			"Id": "Param_Angle_Rotation59",
			"Segments": [
				0,
				-2.08,
				1,
				0.011,
				-2.08,
				0.022,
				-2.002,
				0.033,
				-1.952,
				1,
				0.2,
				-1.208,
				0.367,
				-0.377,
				0.533,
				0.22,
				1,
				1.078,
				2.172,
				1.622,
				3,
				2.167,
				3,
				1,
				2.667,
				3,
				3.167,
				2.499,
				3.667,
				0,
				1,
				4.167,
				-2.499,
				4.667,
				-5,
				5.167,
				-5,
				1,
				5.444,
				-5,
				5.722,
				-3.926,
				6,
				-2.08
			]
		},
		{
			"Target": "Parameter",
			"Id": "Param_Angle_Rotation60",
			"Segments": [
				0,
				-3.49,
				1,
				0.011,
				-3.49,
				0.022,
				-3.403,
				0.033,
				-3.366,
				1,
				0.389,
				-2.175,
				0.744,
				-1.093,
				1.1,
				0.148,
				1,
				1.622,
				1.972,
				2.144,
				3,
				2.667,
				3,
				1,
				3.167,
				3,
				3.667,
				2.345,
				4.167,
				0,
				1,
				4.656,
				-2.292,
				5.144,
				-4.177,
				5.633,
				-4.177,
				1,
				5.756,
				-4.177,
				5.878,
				-4.13,
				6,
				-3.49
			]
		},
		{
			"Target": "Parameter",
			"Id": "Param_Angle_Rotation61",
			"Segments": [
				0,
				-3.94,
				1,
				0.556,
				-3.94,
				1.111,
				-2.418,
				1.667,
				0,
				1,
				2.167,
				2.176,
				2.667,
				3,
				3.167,
				3,
				1,
				3.667,
				3,
				4.167,
				2.358,
				4.667,
				0,
				1,
				5.111,
				-2.096,
				5.556,
				-3.94,
				6,
				-3.94
			]
		},
		{
			"Target": "Parameter",
			"Id": "Param_Angle_Rotation62",
			"Segments": [
				0,
				-3.21,
				1,
				0.011,
				-3.21,
				0.022,
				-3.25,
				0.033,
				-3.276,
				1,
				0.244,
				-3.769,
				0.456,
				-4,
				0.667,
				-4,
				1,
				1.167,
				-4,
				1.667,
				-2.667,
				2.167,
				0,
				1,
				2.667,
				2.667,
				3.167,
				4,
				3.667,
				4,
				1,
				4.167,
				4,
				4.667,
				2.344,
				5.167,
				0,
				1,
				5.444,
				-1.302,
				5.722,
				-2.373,
				6,
				-3.21
			]
		},
		{
			"Target": "Parameter",
			"Id": "Param_Angle_Rotation74",
			"Segments": [
				0,
				-1.75,
				1,
				0.011,
				-1.75,
				0.022,
				-1.829,
				0.033,
				-1.856,
				1,
				0.633,
				-3.302,
				1.233,
				-4,
				1.833,
				-4,
				1,
				2.333,
				-4,
				2.833,
				-3.333,
				3.333,
				-2,
				1,
				3.833,
				-0.667,
				4.333,
				0,
				4.833,
				0,
				1,
				5.222,
				0,
				5.611,
				-0.796,
				6,
				-1.75
			]
		},
		{
			"Target": "Parameter",
			"Id": "Param_Angle_Rotation75",
			"Segments": [
				0,
				-6.75,
				1,
				0.011,
				-6.75,
				0.022,
				-6.69,
				0.033,
				-6.657,
				1,
				0.222,
				-6.09,
				0.411,
				-5.626,
				0.6,
				-5,
				1,
				1.178,
				-3.087,
				1.756,
				-2,
				2.333,
				-2,
				1,
				2.833,
				-2,
				3.333,
				-3,
				3.833,
				-5,
				1,
				4.333,
				-7,
				4.833,
				-8,
				5.333,
				-8,
				1,
				5.556,
				-8,
				5.778,
				-7.636,
				6,
				-6.75
			]
		},
		{
			"Target": "Parameter",
			"Id": "Param_Angle_Rotation76",
			"Segments": [
				0,
				-7.9,
				1,
				0.444,
				-7.9,
				0.889,
				-6.848,
				1.333,
				-5,
				1,
				1.833,
				-2.921,
				2.333,
				-2,
				2.833,
				-2,
				1,
				3.333,
				-2,
				3.833,
				-3.146,
				4.333,
				-5,
				1,
				4.889,
				-7.06,
				5.444,
				-7.9,
				6,
				-7.9
			]
		},
		{
			"Target": "Parameter",
			"Id": "Param_Angle_Rotation77",
			"Segments": [
				0,
				-7.85,
				1,
				0.011,
				-7.85,
				0.022,
				-7.875,
				0.033,
				-7.884,
				1,
				0.133,
				-7.966,
				0.233,
				-8,
				0.333,
				-8,
				1,
				0.833,
				-8,
				1.333,
				-7,
				1.833,
				-5,
				1,
				2.333,
				-3,
				2.833,
				-2,
				3.333,
				-2,
				1,
				3.833,
				-2,
				4.333,
				-2.828,
				4.833,
				-5,
				1,
				5.222,
				-6.689,
				5.611,
				-7.85,
				6,
				-7.85
			]
		},
		{
			"Target": "Parameter",
			"Id": "Param_Angle_Rotation78",
			"Segments": [
				0,
				-7.09,
				1,
				0.011,
				-7.09,
				0.022,
				-7.161,
				0.033,
				-7.184,
				1,
				0.3,
				-7.742,
				0.567,
				-8,
				0.833,
				-8,
				1,
				1.333,
				-8,
				1.833,
				-7.052,
				2.333,
				-5,
				1,
				2.833,
				-2.948,
				3.333,
				-1.84,
				3.833,
				-1.84,
				1,
				4.333,
				-1.84,
				4.833,
				-3.095,
				5.333,
				-5,
				1,
				5.556,
				-5.847,
				5.778,
				-6.529,
				6,
				-7.09
			]
		},
		{
			"Target": "Parameter",
			"Id": "Param_Angle_Rotation79",
			"Segments": [
				0,
				-5.63,
				1,
				0.011,
				-5.63,
				0.022,
				-5.685,
				0.033,
				-5.724,
				1,
				0.467,
				-7.256,
				0.9,
				-8,
				1.333,
				-8,
				1,
				1.833,
				-8,
				2.333,
				-7.013,
				2.833,
				-5,
				1,
				3.333,
				-2.987,
				3.833,
				-1.96,
				4.333,
				-1.96,
				1,
				4.833,
				-1.96,
				5.333,
				-2.988,
				5.833,
				-5,
				1,
				5.889,
				-5.224,
				5.944,
				-5.431,
				6,
				-5.63
			]
		},
		{
			"Target": "Parameter",
			"Id": "Param_Angle_Rotation81",
			"Segments": [
				0,
				-4,
				1,
				0.111,
				-4,
				0.222,
				-4,
				0.333,
				-4,
				1,
				0.833,
				-4,
				1.333,
				-4,
				1.833,
				-4,
				1,
				2.333,
				-4,
				2.833,
				-4,
				3.333,
				-4,
				1,
				3.833,
				-4,
				4.333,
				-4,
				4.833,
				-4,
				1,
				5.222,
				-4,
				5.611,
				-4,
				6,
				-4
			]
		},
		{
			"Target": "Parameter",
			"Id": "Param_Angle_Rotation82",
			"Segments": [
				0,
				-4.58,
				1,
				0.011,
				-4.58,
				0.022,
				-4.543,
				0.033,
				-4.52,
				1,
				0.178,
				-4.226,
				0.322,
				-3.983,
				0.467,
				-3.667,
				1,
				1.044,
				-2.403,
				1.622,
				-1.716,
				2.2,
				-1.716,
				1,
				2.744,
				-1.716,
				3.289,
				-3.002,
				3.833,
				-4,
				1,
				4.333,
				-4.916,
				4.833,
				-5,
				5.333,
				-5,
				1,
				5.556,
				-5,
				5.778,
				-4.876,
				6,
				-4.58
			]
		},
		{
			"Target": "Parameter",
			"Id": "Param_Angle_Rotation83",
			"Segments": [
				0,
				-5.93,
				1,
				0.444,
				-5.93,
				0.889,
				-5.231,
				1.333,
				-4,
				1,
				1.833,
				-2.615,
				2.333,
				-2,
				2.833,
				-2,
				1,
				3.333,
				-2,
				3.833,
				-2.765,
				4.333,
				-4,
				1,
				4.889,
				-5.372,
				5.444,
				-5.93,
				6,
				-5.93
			]
		},
		{
			"Target": "Parameter",
			"Id": "Param_Angle_Rotation84",
			"Segments": [
				0,
				-5.9,
				1,
				0.011,
				-5.9,
				0.022,
				-5.928,
				0.033,
				-5.933,
				1,
				0.133,
				-5.981,
				0.233,
				-6,
				0.333,
				-6,
				1,
				0.833,
				-6,
				1.333,
				-5.333,
				1.833,
				-4,
				1,
				2.333,
				-2.667,
				2.833,
				-2,
				3.333,
				-2,
				1,
				3.844,
				-2,
				4.356,
				-3.332,
				4.867,
				-4.356,
				1,
				5.244,
				-5.113,
				5.622,
				-5.501,
				6,
				-5.9
			]
		},
		{
			"Target": "Parameter",
			"Id": "Param_Angle_Rotation85",
			"Segments": [
				0,
				-5.38,
				1,
				0.011,
				-5.38,
				0.022,
				-5.427,
				0.033,
				-5.443,
				1,
				0.3,
				-5.824,
				0.567,
				-6,
				0.833,
				-6,
				1,
				1.333,
				-6,
				1.833,
				-5.333,
				2.333,
				-4,
				1,
				2.833,
				-2.667,
				3.333,
				-2,
				3.833,
				-2,
				1,
				4.333,
				-2,
				4.833,
				-2.775,
				5.333,
				-4,
				1,
				5.556,
				-4.544,
				5.778,
				-5.002,
				6,
				-5.38
			]
		},
		{
			"Target": "Parameter",
			"Id": "Param_Angle_Rotation87",
			"Segments": [
				0,
				1.01,
				1,
				0.011,
				1.01,
				0.022,
				0.704,
				0.033,
				0.596,
				1,
				0.633,
				-5.197,
				1.233,
				-8,
				1.833,
				-8,
				1,
				2.333,
				-8,
				2.833,
				-5.333,
				3.333,
				0,
				1,
				3.833,
				5.333,
				4.333,
				8,
				4.833,
				8,
				1,
				5.222,
				8,
				5.611,
				4.828,
				6,
				1.01
			]
		},
		{
			"Target": "Parameter",
			"Id": "Param_Angle_Rotation88",
			"Segments": [
				0,
				2.33,
				1,
				0.011,
				2.33,
				0.022,
				2.216,
				0.033,
				2.147,
				1,
				0.222,
				0.975,
				0.411,
				-0.411,
				0.6,
				-1.284,
				1,
				1.178,
				-3.953,
				1.756,
				-5,
				2.333,
				-5,
				1,
				2.833,
				-5,
				3.333,
				-2.963,
				3.833,
				0,
				1,
				4.333,
				2.963,
				4.833,
				4,
				5.333,
				4,
				1,
				5.556,
				4,
				5.778,
				3.512,
				6,
				2.33
			]
		},
		{
			"Target": "Parameter",
			"Id": "Param_Angle_Rotation89",
			"Segments": [
				0,
				3.86,
				1,
				0.444,
				3.86,
				0.889,
				2.766,
				1.333,
				0,
				1,
				1.833,
				-3.111,
				2.333,
				-5,
				2.833,
				-5,
				1,
				3.333,
				-5,
				3.833,
				-2.706,
				4.333,
				0,
				1,
				4.889,
				3.007,
				5.444,
				3.86,
				6,
				3.86
			]
		},
		{
			"Target": "Parameter",
			"Id": "Param_Angle_Rotation91",
			"Segments": [
				0,
				0.25,
				1,
				0.011,
				0.25,
				0.022,
				0.202,
				0.033,
				0.175,
				1,
				0.633,
				-1.287,
				1.233,
				-2,
				1.833,
				-2,
				1,
				2.333,
				-2,
				2.833,
				-1.333,
				3.333,
				0,
				1,
				3.833,
				1.333,
				4.333,
				2,
				4.833,
				2,
				1,
				5.222,
				2,
				5.611,
				1.204,
				6,
				0.25
			]
		},
		{
			"Target": "Parameter",
			"Id": "Param_Angle_Rotation92",
			"Segments": [
				0,
				2.33,
				1,
				0.011,
				2.33,
				0.022,
				2.169,
				0.033,
				2.088,
				1,
				0.178,
				1.03,
				0.322,
				-0.158,
				0.467,
				-0.972,
				1,
				1.089,
				-4.481,
				1.711,
				-6,
				2.333,
				-6,
				1,
				2.833,
				-6,
				3.333,
				-3.198,
				3.833,
				0,
				1,
				4.333,
				3.198,
				4.833,
				4,
				5.333,
				4,
				1,
				5.556,
				4,
				5.778,
				3.512,
				6,
				2.33
			]
		},
		{
			"Target": "Parameter",
			"Id": "Param_Angle_Rotation93",
			"Segments": [
				0,
				3.86,
				1,
				0.444,
				3.86,
				0.889,
				3.013,
				1.333,
				0,
				1,
				1.833,
				-3.39,
				2.333,
				-6,
				2.833,
				-6,
				1,
				3.333,
				-6,
				3.833,
				-2.89,
				4.333,
				0,
				1,
				4.889,
				3.211,
				5.444,
				3.86,
				6,
				3.86
			]
		},
		{
			"Target": "Parameter",
			"Id": "Param_Angle_Rotation94",
			"Segments": [
				0,
				3.84,
				1,
				0.011,
				3.84,
				0.022,
				3.896,
				0.033,
				3.904,
				1,
				0.133,
				3.974,
				0.233,
				4,
				0.333,
				4,
				1,
				0.833,
				4,
				1.333,
				2.963,
				1.833,
				0,
				1,
				2.333,
				-2.963,
				2.833,
				-5,
				3.333,
				-5,
				1,
				3.856,
				-5,
				4.378,
				-1.53,
				4.9,
				0.763,
				1,
				5.267,
				2.373,
				5.633,
				3.13,
				6,
				3.84
			]
		},
		{
			"Target": "Parameter",
			"Id": "Param_Angle_Rotation95",
			"Segments": [
				0,
				2.89,
				1,
				0.011,
				2.89,
				0.022,
				2.987,
				0.033,
				3.015,
				1,
				0.3,
				3.69,
				0.567,
				4,
				0.833,
				4,
				1,
				1.333,
				4,
				1.833,
				2.963,
				2.333,
				0,
				1,
				2.833,
				-2.963,
				3.333,
				-5,
				3.833,
				-5,
				1,
				4.333,
				-5,
				4.833,
				-2.859,
				5.333,
				0,
				1,
				5.556,
				1.271,
				5.778,
				2.176,
				6,
				2.89
			]
		},
		{
			"Target": "Parameter",
			"Id": "Param_Angle_Rotation96",
			"Segments": [
				0,
				0.92,
				1,
				0.011,
				0.92,
				0.022,
				1.056,
				0.033,
				1.106,
				1,
				0.467,
				3.064,
				0.9,
				4,
				1.333,
				4,
				1,
				1.833,
				4,
				2.333,
				2.963,
				2.833,
				0,
				1,
				3.333,
				-2.963,
				3.833,
				-5,
				4.333,
				-5,
				1,
				4.833,
				-5,
				5.333,
				-3.265,
				5.833,
				0,
				1,
				5.889,
				0.363,
				5.944,
				0.659,
				6,
				0.92
			]
		},
		{
			"Target": "Parameter",
			"Id": "Param_Angle_Rotation98",
			"Segments": [
				0,
				0.5,
				1,
				0.011,
				0.5,
				0.022,
				0.419,
				0.033,
				0.389,
				1,
				0.633,
				-1.221,
				1.233,
				-2,
				1.833,
				-2,
				1,
				2.333,
				-2,
				2.833,
				-1.777,
				3.333,
				0,
				1,
				3.833,
				1.777,
				4.333,
				4,
				4.833,
				4,
				1,
				5.222,
				4,
				5.611,
				2.408,
				6,
				0.5
			]
		},
		{
			"Target": "Parameter",
			"Id": "Param_Angle_Rotation99",
			"Segments": [
				0,
				2.92,
				1,
				0.011,
				2.92,
				0.022,
				2.803,
				0.033,
				2.735,
				1,
				0.256,
				1.372,
				0.478,
				-0.173,
				0.7,
				-1.264,
				1,
				1.244,
				-3.938,
				1.789,
				-5,
				2.333,
				-5,
				1,
				2.833,
				-5,
				3.333,
				-3.333,
				3.833,
				0,
				1,
				4.333,
				3.333,
				4.833,
				5,
				5.333,
				5,
				1,
				5.556,
				5,
				5.778,
				4.396,
				6,
				2.92
			]
		},
		{
			"Target": "Parameter",
			"Id": "Param_Angle_Rotation100",
			"Segments": [
				0,
				4.83,
				1,
				0.444,
				4.83,
				0.889,
				2.706,
				1.333,
				0,
				1,
				1.833,
				-3.044,
				2.333,
				-4,
				2.833,
				-4,
				1,
				3.333,
				-4,
				3.833,
				-2.784,
				4.333,
				0,
				1,
				4.889,
				3.093,
				5.444,
				4.83,
				6,
				4.83
			]
		},
		{
			"Target": "Parameter",
			"Id": "Param_Angle_Rotation101",
			"Segments": [
				0,
				5.7,
				1,
				0.011,
				5.7,
				0.022,
				5.75,
				0.033,
				5.768,
				1,
				0.133,
				5.933,
				0.233,
				6,
				0.333,
				6,
				1,
				0.833,
				6,
				1.333,
				4,
				1.833,
				0,
				1,
				2.333,
				-4,
				2.833,
				-6,
				3.333,
				-6,
				1,
				3.867,
				-6,
				4.4,
				-1.633,
				4.933,
				1.561,
				1,
				5.289,
				3.69,
				5.644,
				4.895,
				6,
				5.7
			]
		},
		{
			"Target": "Parameter",
			"Id": "Param_Angle_Rotation102",
			"Segments": [
				0,
				4.15,
				1,
				0.011,
				4.15,
				0.022,
				4.23,
				0.033,
				4.279,
				1,
				0.3,
				5.447,
				0.567,
				6,
				0.833,
				6,
				1,
				1.333,
				6,
				1.833,
				4,
				2.333,
				0,
				1,
				2.833,
				-4,
				3.333,
				-6,
				3.833,
				-6,
				1,
				4.333,
				-6,
				4.833,
				-3.676,
				5.333,
				0,
				1,
				5.556,
				1.634,
				5.778,
				3.02,
				6,
				4.15
			]
		},
		{
			"Target": "Parameter",
			"Id": "Param_Angle_Rotation103",
			"Segments": [
				0,
				1.05,
				1,
				0.011,
				1.05,
				0.022,
				1.157,
				0.033,
				1.239,
				1,
				0.467,
				4.441,
				0.9,
				6,
				1.333,
				6,
				1,
				1.833,
				6,
				2.333,
				3.198,
				2.833,
				0,
				1,
				3.333,
				-3.198,
				3.833,
				-4,
				4.333,
				-4,
				1,
				4.833,
				-4,
				5.333,
				-2.708,
				5.833,
				0,
				1,
				5.889,
				0.301,
				5.944,
				0.646,
				6,
				1.05
			]
		},
		{
			"Target": "Parameter",
			"Id": "Param_Angle_Rotation104",
			"Segments": [
				0,
				-1.79,
				1,
				0.011,
				-1.79,
				0.022,
				-1.681,
				0.033,
				-1.585,
				1,
				0.122,
				-0.819,
				0.211,
				-0.005,
				0.3,
				0.632,
				1,
				0.811,
				4.296,
				1.322,
				6,
				1.833,
				6,
				1,
				2.333,
				6,
				2.833,
				3.198,
				3.333,
				0,
				1,
				3.833,
				-3.198,
				4.333,
				-4,
				4.833,
				-4,
				1,
				5.222,
				-4,
				5.611,
				-3.366,
				6,
				-1.79
			]
		},
		{
			"Target": "Parameter",
			"Id": "Param_Angle_Rotation106",
			"Segments": [
				0,
				-0.25,
				1,
				0.011,
				-0.25,
				0.022,
				-0.168,
				0.033,
				-0.117,
				1,
				0.633,
				2.649,
				1.233,
				4,
				1.833,
				4,
				1,
				2.333,
				4,
				2.833,
				1.777,
				3.333,
				0,
				1,
				3.833,
				-1.777,
				4.333,
				-2,
				4.833,
				-2,
				1,
				5.222,
				-2,
				5.611,
				-1.54,
				6,
				-0.25
			]
		},
		{
			"Target": "Parameter",
			"Id": "Param_Angle_Rotation107",
			"Segments": [
				0,
				-2.33,
				1,
				0.011,
				-2.33,
				0.022,
				-2.221,
				0.033,
				-2.175,
				1,
				0.189,
				-1.528,
				0.344,
				-0.879,
				0.5,
				-0.306,
				1,
				1.111,
				1.943,
				1.722,
				3,
				2.333,
				3,
				1,
				2.833,
				3,
				3.333,
				2.285,
				3.833,
				0,
				1,
				4.333,
				-2.285,
				4.833,
				-4,
				5.333,
				-4,
				1,
				5.556,
				-4,
				5.778,
				-3.512,
				6,
				-2.33
			]
		},
		{
			"Target": "Parameter",
			"Id": "Param_Angle_Rotation108",
			"Segments": [
				0,
				-2.9,
				1,
				0.444,
				-2.9,
				0.889,
				-1.848,
				1.333,
				0,
				1,
				1.833,
				2.079,
				2.333,
				3,
				2.833,
				3,
				1,
				3.333,
				3,
				3.833,
				1.854,
				4.333,
				0,
				1,
				4.889,
				-2.06,
				5.444,
				-2.9,
				6,
				-2.9
			]
		},
		{
			"Target": "Parameter",
			"Id": "Param_Angle_Rotation109",
			"Segments": [
				0,
				-2.85,
				1,
				0.011,
				-2.85,
				0.022,
				-2.875,
				0.033,
				-2.884,
				1,
				0.133,
				-2.966,
				0.233,
				-3,
				0.333,
				-3,
				1,
				0.833,
				-3,
				1.333,
				-2,
				1.833,
				0,
				1,
				2.333,
				2,
				2.833,
				3,
				3.333,
				3,
				1,
				3.978,
				3,
				4.622,
				0.61,
				5.267,
				-1.5,
				1,
				5.511,
				-2.301,
				5.756,
				-2.553,
				6,
				-2.85
			]
		},
		{
			"Target": "Parameter",
			"Id": "Param_Angle_Rotation110",
			"Segments": [
				0,
				-3.3,
				1,
				0.011,
				-3.3,
				0.022,
				-3.353,
				0.033,
				-3.398,
				1,
				0.3,
				-4.48,
				0.567,
				-5,
				0.833,
				-5,
				1,
				1.333,
				-5,
				1.833,
				-2.963,
				2.333,
				0,
				1,
				2.833,
				2.963,
				3.333,
				4,
				3.833,
				4,
				1,
				4.333,
				4,
				4.833,
				2.605,
				5.333,
				0,
				1,
				5.556,
				-1.158,
				5.778,
				-2.317,
				6,
				-3.3
			]
		},
		{
			"Target": "Parameter",
			"Id": "Param_Angle_Rotation111",
			"Segments": [
				0,
				-0.95,
				1,
				0.011,
				-0.95,
				0.022,
				-1.101,
				0.033,
				-1.167,
				1,
				0.467,
				-3.757,
				0.9,
				-5,
				1.333,
				-5,
				1,
				1.833,
				-5,
				2.333,
				-2.963,
				2.833,
				0,
				1,
				3.333,
				2.963,
				3.833,
				4,
				4.333,
				4,
				1,
				4.833,
				4,
				5.333,
				2.684,
				5.833,
				0,
				1,
				5.889,
				-0.298,
				5.944,
				-0.615,
				6,
				-0.95
			]
		},
		{
			"Target": "Parameter",
			"Id": "Param_Angle_Rotation113",
			"Segments": [
				0,
				-0.13,
				1,
				0.011,
				-0.13,
				0.022,
				-0.108,
				0.033,
				-0.101,
				1,
				0.622,
				0.271,
				1.211,
				0.45,
				1.8,
				0.45,
				1,
				2.311,
				0.45,
				2.822,
				0.415,
				3.333,
				0,
				1,
				3.833,
				-0.406,
				4.333,
				-1,
				4.833,
				-1,
				1,
				5.222,
				-1,
				5.611,
				-0.612,
				6,
				-0.13
			]
		},
		{
			"Target": "Parameter",
			"Id": "Param_Angle_Rotation114",
			"Segments": [
				0,
				-2.33,
				1,
				0.011,
				-2.33,
				0.022,
				-2.276,
				0.033,
				-2.235,
				1,
				0.256,
				-1.408,
				0.478,
				-0.571,
				0.7,
				0.204,
				1,
				1.244,
				2.103,
				1.789,
				3,
				2.333,
				3,
				1,
				2.833,
				3,
				3.333,
				2.285,
				3.833,
				0,
				1,
				4.333,
				-2.285,
				4.833,
				-4,
				5.333,
				-4,
				1,
				5.556,
				-4,
				5.778,
				-3.512,
				6,
				-2.33
			]
		},
		{
			"Target": "Parameter",
			"Id": "Param_Angle_Rotation115",
			"Segments": [
				0,
				-3.86,
				1,
				0.444,
				-3.86,
				0.889,
				-2.462,
				1.333,
				0,
				1,
				1.833,
				2.769,
				2.333,
				4,
				2.833,
				4,
				1,
				3.333,
				4,
				3.833,
				2.47,
				4.333,
				0,
				1,
				4.889,
				-2.744,
				5.444,
				-3.86,
				6,
				-3.86
			]
		},
		{
			"Target": "Parameter",
			"Id": "Param_Angle_Rotation116",
			"Segments": [
				0,
				-3.76,
				1,
				0.011,
				-3.76,
				0.022,
				-3.845,
				0.033,
				-3.857,
				1,
				0.133,
				-3.961,
				0.233,
				-4,
				0.333,
				-4,
				1,
				0.833,
				-4,
				1.333,
				-2.285,
				1.833,
				0,
				1,
				2.333,
				2.285,
				2.833,
				3,
				3.333,
				3,
				1,
				3.833,
				3,
				4.333,
				1.809,
				4.833,
				0,
				1,
				5.222,
				-1.407,
				5.611,
				-2.777,
				6,
				-3.76
			]
		},
		{
			"Target": "Parameter",
			"Id": "Param_Angle_Rotation117",
			"Segments": [
				0,
				-2.77,
				1,
				0.011,
				-2.77,
				0.022,
				-2.834,
				0.033,
				-2.866,
				1,
				0.3,
				-3.638,
				0.567,
				-4,
				0.833,
				-4,
				1,
				1.333,
				-4,
				1.833,
				-2.667,
				2.333,
				0,
				1,
				2.833,
				2.667,
				3.333,
				4,
				3.833,
				4,
				1,
				4.333,
				4,
				4.833,
				2.452,
				5.333,
				0,
				1,
				5.556,
				-1.09,
				5.778,
				-2.017,
				6,
				-2.77
			]
		},
		{
			"Target": "Parameter",
			"Id": "Param_Angle_Rotation119",
			"Segments": [
				0,
				0.13,
				1,
				0.011,
				0.13,
				0.022,
				0.037,
				0.033,
				0,
				1,
				0.633,
				-2.021,
				1.233,
				-3,
				1.833,
				-3,
				1,
				2.333,
				-3,
				2.833,
				-1.4,
				3.333,
				0,
				1,
				3.833,
				1.4,
				4.333,
				1.616,
				4.833,
				1.616,
				1,
				5.222,
				1.616,
				5.611,
				1.198,
				6,
				0.13
			]
		},
		{
			"Target": "Parameter",
			"Id": "Param_Angle_Rotation120",
			"Segments": [
				0,
				2.33,
				1,
				0.011,
				2.33,
				0.022,
				2.204,
				0.033,
				2.147,
				1,
				0.267,
				0.94,
				0.5,
				-0.297,
				0.733,
				-1.386,
				1,
				1.267,
				-3.875,
				1.8,
				-5,
				2.333,
				-5,
				1,
				2.833,
				-5,
				3.333,
				-2.963,
				3.833,
				0,
				1,
				4.333,
				2.963,
				4.833,
				4,
				5.333,
				4,
				1,
				5.556,
				4,
				5.778,
				3.512,
				6,
				2.33
			]
		},
		{
			"Target": "Parameter",
			"Id": "Param_Angle_Rotation121",
			"Segments": [
				0,
				3.86,
				1,
				0.444,
				3.86,
				0.889,
				3.013,
				1.333,
				0,
				1,
				1.833,
				-3.39,
				2.333,
				-6,
				2.833,
				-6,
				1,
				3.333,
				-6,
				3.833,
				-2.89,
				4.333,
				0,
				1,
				4.889,
				3.211,
				5.444,
				3.86,
				6,
				3.86
			]
		},
		{
			"Target": "Parameter",
			"Id": "Param_Angle_Rotation122",
			"Segments": [
				0,
				3.86,
				1,
				0.011,
				3.86,
				0.022,
				3.886,
				0.033,
				3.894,
				1,
				0.133,
				3.97,
				0.233,
				4,
				0.333,
				4,
				1,
				0.833,
				4,
				1.333,
				3.198,
				1.833,
				0,
				1,
				2.333,
				-3.198,
				2.833,
				-6,
				3.333,
				-6,
				1,
				3.833,
				-6,
				4.333,
				-2.464,
				4.833,
				0,
				1,
				5.222,
				1.917,
				5.611,
				3.553,
				6,
				3.86
			]
		},
		{
			"Target": "Parameter",
			"Id": "Param_Angle_Rotation123",
			"Segments": [
				0,
				2.98,
				1,
				0.011,
				2.98,
				0.022,
				3.049,
				0.033,
				3.075,
				1,
				0.3,
				3.707,
				0.567,
				4,
				0.833,
				4,
				1,
				1.333,
				4,
				1.833,
				3.198,
				2.333,
				0,
				1,
				2.833,
				-3.198,
				3.333,
				-6,
				3.833,
				-6,
				1,
				4.333,
				-6,
				4.833,
				-3.215,
				5.333,
				0,
				1,
				5.556,
				1.429,
				5.778,
				2.299,
				6,
				2.98
			]
		},
		{
			"Target": "Parameter",
			"Id": "Param_Angle_Rotation125",
			"Segments": [
				0,
				0.13,
				1,
				0.011,
				0.13,
				0.022,
				0.037,
				0.033,
				0,
				1,
				0.633,
				-2.021,
				1.233,
				-3,
				1.833,
				-3,
				1,
				2.333,
				-3,
				2.833,
				-1,
				3.333,
				0,
				1,
				3.833,
				1,
				4.333,
				1,
				4.833,
				1,
				1,
				5.222,
				1,
				5.611,
				0.612,
				6,
				0.13
			]
		},
		{
			"Target": "Parameter",
			"Id": "Param_Angle_Rotation126",
			"Segments": [
				0,
				2.92,
				1,
				0.011,
				2.92,
				0.022,
				2.787,
				0.033,
				2.706,
				1,
				0.233,
				1.247,
				0.433,
				-0.448,
				0.633,
				-1.569,
				1,
				1.2,
				-4.745,
				1.767,
				-6,
				2.333,
				-6,
				1,
				2.833,
				-6,
				3.333,
				-3.636,
				3.833,
				0,
				1,
				4.333,
				3.636,
				4.833,
				5,
				5.333,
				5,
				1,
				5.556,
				5,
				5.778,
				4.396,
				6,
				2.92
			]
		},
		{
			"Target": "Parameter",
			"Id": "Param_Angle_Rotation127",
			"Segments": [
				0,
				4.83,
				1,
				0.444,
				4.83,
				0.889,
				3.389,
				1.333,
				0,
				1,
				1.833,
				-3.813,
				2.333,
				-6,
				2.833,
				-6,
				1,
				3.333,
				-6,
				3.833,
				-3.332,
				4.333,
				0,
				1,
				4.889,
				3.702,
				5.444,
				4.83,
				6,
				4.83
			]
		},
		{
			"Target": "Parameter",
			"Id": "Param_Angle_Rotation128",
			"Segments": [
				0,
				4.79,
				1,
				0.011,
				4.79,
				0.022,
				4.844,
				0.033,
				4.856,
				1,
				0.133,
				4.96,
				0.233,
				5,
				0.333,
				5,
				1,
				0.833,
				5,
				1.333,
				3.636,
				1.833,
				0,
				1,
				2.333,
				-3.636,
				2.833,
				-6,
				3.333,
				-6,
				1,
				3.833,
				-6,
				4.333,
				-2.823,
				4.833,
				0,
				1,
				5.222,
				2.196,
				5.611,
				4.367,
				6,
				4.79
			]
		},
		{
			"Target": "Parameter",
			"Id": "Param_Angle_Rotation129",
			"Segments": [
				0,
				3.68,
				1,
				0.011,
				3.68,
				0.022,
				3.772,
				0.033,
				3.806,
				1,
				0.3,
				4.622,
				0.567,
				5,
				0.833,
				5,
				1,
				1.333,
				5,
				1.833,
				3.887,
				2.333,
				0,
				1,
				2.833,
				-3.887,
				3.333,
				-7,
				3.833,
				-7,
				1,
				4.333,
				-7,
				4.833,
				-3.844,
				5.333,
				0,
				1,
				5.556,
				1.708,
				5.778,
				2.812,
				6,
				3.68
			]
		},
		{
			"Target": "Parameter",
			"Id": "Param_Angle_Rotation131",
			"Segments": [
				0,
				0.13,
				1,
				0.011,
				0.13,
				0.022,
				0.083,
				0.033,
				0.07,
				1,
				0.633,
				-0.652,
				1.233,
				-1,
				1.833,
				-1,
				1,
				2.333,
				-1,
				2.833,
				-0.667,
				3.333,
				0,
				1,
				3.833,
				0.667,
				4.333,
				1,
				4.833,
				1,
				1,
				5.222,
				1,
				5.611,
				0.612,
				6,
				0.13
			]
		},
		{
			"Target": "Parameter",
			"Id": "Param_Angle_Rotation132",
			"Segments": [
				0,
				2.92,
				1,
				0.011,
				2.92,
				0.022,
				2.827,
				0.033,
				2.765,
				1,
				0.256,
				1.527,
				0.478,
				0.272,
				0.7,
				-0.875,
				1,
				1.244,
				-3.686,
				1.789,
				-5,
				2.333,
				-5,
				1,
				2.833,
				-5,
				3.333,
				-3.333,
				3.833,
				0,
				1,
				4.333,
				3.333,
				4.833,
				5,
				5.333,
				5,
				1,
				5.556,
				5,
				5.778,
				4.396,
				6,
				2.92
			]
		},
		{
			"Target": "Parameter",
			"Id": "Param_Angle_Rotation133",
			"Segments": [
				0,
				3.86,
				1,
				0.444,
				3.86,
				0.889,
				3.065,
				1.333,
				0,
				1,
				1.878,
				-3.755,
				2.422,
				-6.681,
				2.967,
				-6.681,
				1,
				3.422,
				-6.681,
				3.878,
				-2.761,
				4.333,
				0,
				1,
				4.889,
				3.367,
				5.444,
				3.86,
				6,
				3.86
			]
		},
		{
			"Target": "Parameter",
			"Id": "Param_Angle_Rotation134",
			"Segments": [
				0,
				5.8,
				1,
				0.011,
				5.8,
				0.022,
				5.855,
				0.033,
				5.866,
				1,
				0.133,
				5.963,
				0.233,
				6,
				0.333,
				6,
				1,
				0.833,
				6,
				1.333,
				4.794,
				1.833,
				0,
				1,
				2.333,
				-4.794,
				2.833,
				-9,
				3.333,
				-9,
				1,
				3.833,
				-9,
				4.333,
				-3.693,
				4.833,
				0,
				1,
				5.222,
				2.872,
				5.611,
				5.383,
				6,
				5.8
			]
		},
		{
			"Target": "Parameter",
			"Id": "Param_Angle_Rotation135",
			"Segments": [
				0,
				4.38,
				1,
				0.011,
				4.38,
				0.022,
				4.466,
				0.033,
				4.508,
				1,
				0.3,
				5.523,
				0.567,
				6,
				0.833,
				6,
				1,
				1.333,
				6,
				1.833,
				4.569,
				2.333,
				0,
				1,
				2.833,
				-4.569,
				3.333,
				-8,
				3.833,
				-8,
				1,
				4.333,
				-8,
				4.833,
				-4.469,
				5.333,
				0,
				1,
				5.556,
				1.986,
				5.778,
				3.325,
				6,
				4.38
			]
		},
		{
			"Target": "Parameter",
			"Id": "Param_Angle_Rotation64",
			"Segments": [
				0,
				0,
				1,
				0.011,
				0,
				0.022,
				0.059,
				0.033,
				0.083,
				1,
				0.633,
				1.374,
				1.233,
				2,
				1.833,
				2,
				1,
				2.333,
				2,
				2.833,
				0.889,
				3.333,
				0,
				1,
				3.833,
				-0.889,
				4.333,
				-1,
				4.833,
				-1,
				1,
				5.222,
				-1,
				5.611,
				-0.783,
				6,
				-0.13
			]
		},
		{
			"Target": "Parameter",
			"Id": "Param_Angle_Rotation65",
			"Segments": [
				0,
				-2.92,
				1,
				0.011,
				-2.92,
				0.022,
				-2.796,
				0.033,
				-2.735,
				1,
				0.278,
				-1.388,
				0.522,
				-0.006,
				0.767,
				1.216,
				1,
				1.289,
				3.824,
				1.811,
				5,
				2.333,
				5,
				1,
				2.833,
				5,
				3.333,
				3.333,
				3.833,
				0,
				1,
				4.333,
				-3.333,
				4.833,
				-5,
				5.333,
				-5,
				1,
				5.556,
				-5,
				5.778,
				-4.396,
				6,
				-2.92
			]
		},
		{
			"Target": "Parameter",
			"Id": "Param_Angle_Rotation66",
			"Segments": [
				0,
				-4.83,
				1,
				0.444,
				-4.83,
				0.889,
				-3.079,
				1.333,
				0,
				1,
				1.833,
				3.463,
				2.333,
				5,
				2.833,
				5,
				1,
				3.333,
				5,
				3.833,
				3.089,
				4.333,
				0,
				1,
				4.889,
				-3.432,
				5.444,
				-4.83,
				6,
				-4.83
			]
		},
		{
			"Target": "Parameter",
			"Id": "Param_Angle_Rotation67",
			"Segments": [
				0,
				-4.79,
				1,
				0.011,
				-4.79,
				0.022,
				-4.844,
				0.033,
				-4.856,
				1,
				0.133,
				-4.96,
				0.233,
				-5,
				0.333,
				-5,
				1,
				0.833,
				-5,
				1.333,
				-3.636,
				1.833,
				0,
				1,
				2.333,
				3.636,
				2.833,
				6,
				3.333,
				6,
				1,
				3.833,
				6,
				4.333,
				2.823,
				4.833,
				0,
				1,
				5.222,
				-2.196,
				5.611,
				-4.389,
				6,
				-4.79
			]
		}
	]
}