{
	"Version": 3,
	"Parameters": [
		{
			"Id": "ParamEff1",
			"GroupId": "ParamGroup",
			"Name": "エフェクト1"
		},
		{
			"Id": "ParamEff2",
			"GroupId": "ParamGroup",
			"Name": "エフェクト2"
		},
		{
			"Id": "ParamEff3",
			"GroupId": "ParamGroup",
			"Name": "エフェクト3"
		},
		{
			"Id": "ParamEff4",
			"GroupId": "ParamGroup",
			"Name": "エフェクト4"
		},
		{
			"Id": "ParamEff5",
			"GroupId": "ParamGroup",
			"Name": "エフェクト5"
		},
		{
			"Id": "ParamEff6",
			"GroupId": "ParamGroup",
			"Name": "エフェクト6"
		},
		{
			"Id": "ParamEff7",
			"GroupId": "ParamGroup",
			"Name": "エフェクト7"
		},
		{
			"Id": "ParamEff8",
			"GroupId": "ParamGroup",
			"Name": "エフェクト8"
		},
		{
			"Id": "ParamEff9",
			"GroupId": "ParamGroup",
			"Name": "エフェクト9"
		},
		{
			"Id": "ParamEff10",
			"GroupId": "ParamGroup",
			"Name": "エフェクト10"
		},
		{
			"Id": "ParamEff11",
			"GroupId": "ParamGroup",
			"Name": "エフェクト11"
		},
		{
			"Id": "ParamEff12",
			"GroupId": "ParamGroup",
			"Name": "エフェクト12"
		},
		{
			"Id": "ParamEff13",
			"GroupId": "ParamGroup",
			"Name": "エフェクト13"
		},
		{
			"Id": "ParamEff14",
			"GroupId": "ParamGroup",
			"Name": "エフェクト14"
		},
		{
			"Id": "ParamEff15",
			"GroupId": "ParamGroup",
			"Name": "エフェクト15"
		},
		{
			"Id": "ParamEff16",
			"GroupId": "ParamGroup",
			"Name": "エフェクト16"
		},
		{
			"Id": "ParamEff17",
			"GroupId": "ParamGroup",
			"Name": "エフェクト17"
		},
		{
			"Id": "ParamEff18",
			"GroupId": "ParamGroup",
			"Name": "エフェクト18"
		},
		{
			"Id": "ParamEff19",
			"GroupId": "ParamGroup",
			"Name": "エフェクト19"
		},
		{
			"Id": "ParamEff20",
			"GroupId": "ParamGroup",
			"Name": "エフェクト20"
		},
		{
			"Id": "ParamEff21",
			"GroupId": "ParamGroup",
			"Name": "エフェクト21"
		},
		{
			"Id": "ParamEff22",
			"GroupId": "ParamGroup",
			"Name": "エフェクト22"
		},
		{
			"Id": "ParamEff23",
			"GroupId": "ParamGroup",
			"Name": "エフェクト23"
		},
		{
			"Id": "ParamEff24",
			"GroupId": "ParamGroup",
			"Name": "エフェクト24"
		},
		{
			"Id": "ParamEff25",
			"GroupId": "ParamGroup",
			"Name": "エフェクト25"
		},
		{
			"Id": "ParamEff26",
			"GroupId": "ParamGroup",
			"Name": "エフェクト26"
		},
		{
			"Id": "ParamEff27",
			"GroupId": "ParamGroup",
			"Name": "エフェクト27"
		},
		{
			"Id": "ParamEff28",
			"GroupId": "ParamGroup",
			"Name": "エフェクト28"
		},
		{
			"Id": "ParamEff29",
			"GroupId": "ParamGroup",
			"Name": "エフェクト29"
		},
		{
			"Id": "ParamEff30",
			"GroupId": "ParamGroup",
			"Name": "エフェクト30"
		},
		{
			"Id": "ParamEff31",
			"GroupId": "ParamGroup",
			"Name": "エフェクト31"
		},
		{
			"Id": "ParamEff32",
			"GroupId": "ParamGroup",
			"Name": "エフェクト32"
		},
		{
			"Id": "ParamEff33",
			"GroupId": "ParamGroup",
			"Name": "エフェクト33"
		},
		{
			"Id": "ParamPachi",
			"GroupId": "ParamGroup2",
			"Name": "目パチ"
		},
		{
			"Id": "ParamLegL1",
			"GroupId": "ParamGroup2",
			"Name": "右太もも"
		},
		{
			"Id": "ParamLegL2",
			"GroupId": "ParamGroup2",
			"Name": "右足"
		},
		{
			"Id": "ParamLegR1",
			"GroupId": "ParamGroup2",
			"Name": "左太もも"
		},
		{
			"Id": "ParamLegR2",
			"GroupId": "ParamGroup2",
			"Name": "左足"
		},
		{
			"Id": "ParamEyeRL",
			"GroupId": "ParamGroup2",
			"Name": "目Hi左右"
		},
		{
			"Id": "ParamEyeUD",
			"GroupId": "ParamGroup2",
			"Name": "目Hi上下"
		},
		{
			"Id": "ParamEyeBS",
			"GroupId": "ParamGroup2",
			"Name": "目Hi大小"
		},
		{
			"Id": "ParamPaiRX",
			"GroupId": "ParamGroup2",
			"Name": "右胸 X"
		},
		{
			"Id": "ParamPaiRY",
			"GroupId": "ParamGroup2",
			"Name": "右胸 Y"
		},
		{
			"Id": "ParamPaiRX2",
			"GroupId": "ParamGroup2",
			"Name": "右胸 X2"
		},
		{
			"Id": "ParamPaiRY2",
			"GroupId": "ParamGroup2",
			"Name": "右胸 Y2"
		},
		{
			"Id": "ParamPaiLX",
			"GroupId": "ParamGroup2",
			"Name": "左胸 X"
		},
		{
			"Id": "ParamPaiLY",
			"GroupId": "ParamGroup2",
			"Name": "左胸 Y"
		},
		{
			"Id": "ParamPaiLX2",
			"GroupId": "ParamGroup2",
			"Name": "左胸 X2"
		},
		{
			"Id": "ParamPaiLY2",
			"GroupId": "ParamGroup2",
			"Name": "左胸 Y2"
		},
		{
			"Id": "ParamBreat",
			"GroupId": "ParamGroup2",
			"Name": "呼吸"
		},
		{
			"Id": "ParamHairRX",
			"GroupId": "ParamGroup3",
			"Name": "髪リボンX"
		},
		{
			"Id": "ParamHairRY",
			"GroupId": "ParamGroup3",
			"Name": "髪リボンY"
		},
		{
			"Id": "Param_Angle_Rotation2",
			"GroupId": "ParamGroup4",
			"Name": "[0]前髪1"
		},
		{
			"Id": "Param_Angle_Rotation3",
			"GroupId": "ParamGroup4",
			"Name": "[1]前髪1"
		},
		{
			"Id": "Param_Angle_Rotation4",
			"GroupId": "ParamGroup4",
			"Name": "[2]前髪1"
		},
		{
			"Id": "Param_Angle_Rotation6",
			"GroupId": "ParamGroup5",
			"Name": "[0]前髪2"
		},
		{
			"Id": "Param_Angle_Rotation7",
			"GroupId": "ParamGroup5",
			"Name": "[1]前髪2"
		},
		{
			"Id": "Param_Angle_Rotation8",
			"GroupId": "ParamGroup5",
			"Name": "[2]前髪2"
		},
		{
			"Id": "Param_Angle_Rotation14",
			"GroupId": "ParamGroup6",
			"Name": "[0]前髪5"
		},
		{
			"Id": "Param_Angle_Rotation15",
			"GroupId": "ParamGroup6",
			"Name": "[1]前髪5"
		},
		{
			"Id": "Param_Angle_Rotation17",
			"GroupId": "ParamGroup7",
			"Name": "[0]前髪6"
		},
		{
			"Id": "Param_Angle_Rotation18",
			"GroupId": "ParamGroup7",
			"Name": "[1]前髪6"
		},
		{
			"Id": "Param_Angle_Rotation19",
			"GroupId": "ParamGroup7",
			"Name": "[2]前髪6"
		},
		{
			"Id": "Param_Angle_Rotation21",
			"GroupId": "ParamGroup8",
			"Name": "[0]前髪7"
		},
		{
			"Id": "Param_Angle_Rotation22",
			"GroupId": "ParamGroup8",
			"Name": "[1]前髪7"
		},
		{
			"Id": "Param_Angle_Rotation23",
			"GroupId": "ParamGroup8",
			"Name": "[2]前髪7"
		},
		{
			"Id": "Param_Angle_Rotation24",
			"GroupId": "ParamGroup8",
			"Name": "[3]前髪7"
		},
		{
			"Id": "Param_Angle_Rotation31",
			"GroupId": "ParamGroup9",
			"Name": "[0]前髪9"
		},
		{
			"Id": "Param_Angle_Rotation32",
			"GroupId": "ParamGroup9",
			"Name": "[1]前髪9"
		},
		{
			"Id": "Param_Angle_Rotation33",
			"GroupId": "ParamGroup9",
			"Name": "[2]前髪9"
		},
		{
			"Id": "Param_Angle_Rotation34",
			"GroupId": "ParamGroup9",
			"Name": "[3]前髪9"
		},
		{
			"Id": "Param_Angle_Rotation36",
			"GroupId": "ParamGroup10",
			"Name": "[0]もみ左"
		},
		{
			"Id": "Param_Angle_Rotation37",
			"GroupId": "ParamGroup10",
			"Name": "[1]もみ左"
		},
		{
			"Id": "Param_Angle_Rotation38",
			"GroupId": "ParamGroup10",
			"Name": "[2]もみ左"
		},
		{
			"Id": "Param_Angle_Rotation39",
			"GroupId": "ParamGroup10",
			"Name": "[3]もみ左"
		},
		{
			"Id": "Param_Angle_Rotation40",
			"GroupId": "ParamGroup10",
			"Name": "[4]もみ左"
		},
		{
			"Id": "Param_Angle_Rotation41",
			"GroupId": "ParamGroup10",
			"Name": "[5]もみ左"
		},
		{
			"Id": "Param_Angle_Rotation42",
			"GroupId": "ParamGroup10",
			"Name": "[6]もみ左"
		},
		{
			"Id": "Param_Angle_Rotation10",
			"GroupId": "ParamGroup16",
			"Name": "[0]前髪4"
		},
		{
			"Id": "Param_Angle_Rotation11",
			"GroupId": "ParamGroup16",
			"Name": "[1]前髪4"
		},
		{
			"Id": "Param_Angle_Rotation12",
			"GroupId": "ParamGroup16",
			"Name": "[2]前髪4"
		},
		{
			"Id": "Param_Angle_Rotation26",
			"GroupId": "ParamGroup17",
			"Name": "[0]前髪8"
		},
		{
			"Id": "Param_Angle_Rotation27",
			"GroupId": "ParamGroup17",
			"Name": "[1]前髪8"
		},
		{
			"Id": "Param_Angle_Rotation28",
			"GroupId": "ParamGroup17",
			"Name": "[2]前髪8"
		},
		{
			"Id": "Param_Angle_Rotation58",
			"GroupId": "ParamGroup18",
			"Name": "[0]もみ右"
		},
		{
			"Id": "Param_Angle_Rotation59",
			"GroupId": "ParamGroup18",
			"Name": "[1]もみ右"
		},
		{
			"Id": "Param_Angle_Rotation60",
			"GroupId": "ParamGroup18",
			"Name": "[2]もみ右"
		},
		{
			"Id": "Param_Angle_Rotation61",
			"GroupId": "ParamGroup18",
			"Name": "[3]もみ右"
		},
		{
			"Id": "Param_Angle_Rotation62",
			"GroupId": "ParamGroup18",
			"Name": "[4]もみ右"
		},
		{
			"Id": "Param_Angle_Rotation74",
			"GroupId": "ParamGroup19",
			"Name": "[0]髪後2"
		},
		{
			"Id": "Param_Angle_Rotation75",
			"GroupId": "ParamGroup19",
			"Name": "[1]髪後2"
		},
		{
			"Id": "Param_Angle_Rotation76",
			"GroupId": "ParamGroup19",
			"Name": "[2]髪後2"
		},
		{
			"Id": "Param_Angle_Rotation77",
			"GroupId": "ParamGroup19",
			"Name": "[3]髪後2"
		},
		{
			"Id": "Param_Angle_Rotation78",
			"GroupId": "ParamGroup19",
			"Name": "[4]髪後2"
		},
		{
			"Id": "Param_Angle_Rotation79",
			"GroupId": "ParamGroup19",
			"Name": "[5]髪後2"
		},
		{
			"Id": "Param_Angle_Rotation81",
			"GroupId": "ParamGroup20",
			"Name": "[0]髪後3"
		},
		{
			"Id": "Param_Angle_Rotation82",
			"GroupId": "ParamGroup20",
			"Name": "[1]髪後3"
		},
		{
			"Id": "Param_Angle_Rotation83",
			"GroupId": "ParamGroup20",
			"Name": "[2]髪後3"
		},
		{
			"Id": "Param_Angle_Rotation84",
			"GroupId": "ParamGroup20",
			"Name": "[3]髪後3"
		},
		{
			"Id": "Param_Angle_Rotation85",
			"GroupId": "ParamGroup20",
			"Name": "[4]髪後3"
		},
		{
			"Id": "Param_Angle_Rotation87",
			"GroupId": "ParamGroup21",
			"Name": "[0]髪後小1"
		},
		{
			"Id": "Param_Angle_Rotation88",
			"GroupId": "ParamGroup21",
			"Name": "[1]髪後小1"
		},
		{
			"Id": "Param_Angle_Rotation89",
			"GroupId": "ParamGroup21",
			"Name": "[2]髪後小1"
		},
		{
			"Id": "Param_Angle_Rotation91",
			"GroupId": "ParamGroup22",
			"Name": "[0]髪後小2"
		},
		{
			"Id": "Param_Angle_Rotation92",
			"GroupId": "ParamGroup22",
			"Name": "[1]髪後小2"
		},
		{
			"Id": "Param_Angle_Rotation93",
			"GroupId": "ParamGroup22",
			"Name": "[2]髪後小2"
		},
		{
			"Id": "Param_Angle_Rotation94",
			"GroupId": "ParamGroup22",
			"Name": "[3]髪後小2"
		},
		{
			"Id": "Param_Angle_Rotation95",
			"GroupId": "ParamGroup22",
			"Name": "[4]髪後小2"
		},
		{
			"Id": "Param_Angle_Rotation96",
			"GroupId": "ParamGroup22",
			"Name": "[5]髪後小2"
		},
		{
			"Id": "Param_Angle_Rotation98",
			"GroupId": "ParamGroup23",
			"Name": "[0]髪後小3"
		},
		{
			"Id": "Param_Angle_Rotation99",
			"GroupId": "ParamGroup23",
			"Name": "[1]髪後小3"
		},
		{
			"Id": "Param_Angle_Rotation100",
			"GroupId": "ParamGroup23",
			"Name": "[2]髪後小3"
		},
		{
			"Id": "Param_Angle_Rotation101",
			"GroupId": "ParamGroup23",
			"Name": "[3]髪後小3"
		},
		{
			"Id": "Param_Angle_Rotation102",
			"GroupId": "ParamGroup23",
			"Name": "[4]髪後小3"
		},
		{
			"Id": "Param_Angle_Rotation103",
			"GroupId": "ParamGroup23",
			"Name": "[5]髪後小3"
		},
		{
			"Id": "Param_Angle_Rotation104",
			"GroupId": "ParamGroup23",
			"Name": "[6]髪後小3"
		},
		{
			"Id": "Param_Angle_Rotation106",
			"GroupId": "ParamGroup24",
			"Name": "[0]髪後4"
		},
		{
			"Id": "Param_Angle_Rotation107",
			"GroupId": "ParamGroup24",
			"Name": "[1]髪後4"
		},
		{
			"Id": "Param_Angle_Rotation108",
			"GroupId": "ParamGroup24",
			"Name": "[2]髪後4"
		},
		{
			"Id": "Param_Angle_Rotation109",
			"GroupId": "ParamGroup24",
			"Name": "[3]髪後4"
		},
		{
			"Id": "Param_Angle_Rotation110",
			"GroupId": "ParamGroup24",
			"Name": "[4]髪後4"
		},
		{
			"Id": "Param_Angle_Rotation111",
			"GroupId": "ParamGroup24",
			"Name": "[5]髪後4"
		},
		{
			"Id": "Param_Angle_Rotation113",
			"GroupId": "ParamGroup25",
			"Name": "[0]髪後5"
		},
		{
			"Id": "Param_Angle_Rotation114",
			"GroupId": "ParamGroup25",
			"Name": "[1]髪後5"
		},
		{
			"Id": "Param_Angle_Rotation115",
			"GroupId": "ParamGroup25",
			"Name": "[2]髪後5"
		},
		{
			"Id": "Param_Angle_Rotation116",
			"GroupId": "ParamGroup25",
			"Name": "[3]髪後5"
		},
		{
			"Id": "Param_Angle_Rotation117",
			"GroupId": "ParamGroup25",
			"Name": "[4]髪後5"
		},
		{
			"Id": "Param_Angle_Rotation119",
			"GroupId": "ParamGroup26",
			"Name": "[0]髪後6"
		},
		{
			"Id": "Param_Angle_Rotation120",
			"GroupId": "ParamGroup26",
			"Name": "[1]髪後6"
		},
		{
			"Id": "Param_Angle_Rotation121",
			"GroupId": "ParamGroup26",
			"Name": "[2]髪後6"
		},
		{
			"Id": "Param_Angle_Rotation122",
			"GroupId": "ParamGroup26",
			"Name": "[3]髪後6"
		},
		{
			"Id": "Param_Angle_Rotation123",
			"GroupId": "ParamGroup26",
			"Name": "[4]髪後6"
		},
		{
			"Id": "Param_Angle_Rotation125",
			"GroupId": "ParamGroup27",
			"Name": "[0]髪後7"
		},
		{
			"Id": "Param_Angle_Rotation126",
			"GroupId": "ParamGroup27",
			"Name": "[1]髪後7"
		},
		{
			"Id": "Param_Angle_Rotation127",
			"GroupId": "ParamGroup27",
			"Name": "[2]髪後7"
		},
		{
			"Id": "Param_Angle_Rotation128",
			"GroupId": "ParamGroup27",
			"Name": "[3]髪後7"
		},
		{
			"Id": "Param_Angle_Rotation129",
			"GroupId": "ParamGroup27",
			"Name": "[4]髪後7"
		},
		{
			"Id": "Param_Angle_Rotation131",
			"GroupId": "ParamGroup28",
			"Name": "[0]髪後8"
		},
		{
			"Id": "Param_Angle_Rotation132",
			"GroupId": "ParamGroup28",
			"Name": "[1]髪後8"
		},
		{
			"Id": "Param_Angle_Rotation133",
			"GroupId": "ParamGroup28",
			"Name": "[2]髪後8"
		},
		{
			"Id": "Param_Angle_Rotation134",
			"GroupId": "ParamGroup28",
			"Name": "[3]髪後8"
		},
		{
			"Id": "Param_Angle_Rotation135",
			"GroupId": "ParamGroup28",
			"Name": "[4]髪後8"
		},
		{
			"Id": "Param_Angle_Rotation64",
			"GroupId": "ParamGroup29",
			"Name": "[0]髪後1"
		},
		{
			"Id": "Param_Angle_Rotation65",
			"GroupId": "ParamGroup29",
			"Name": "[1]髪後1"
		},
		{
			"Id": "Param_Angle_Rotation66",
			"GroupId": "ParamGroup29",
			"Name": "[2]髪後1"
		},
		{
			"Id": "Param_Angle_Rotation67",
			"GroupId": "ParamGroup29",
			"Name": "[3]髪後1"
		}
	],
	"ParameterGroups": [
		{
			"Id": "ParamGroup",
			"GroupId": "",
			"Name": "エフェクト"
		},
		{
			"Id": "ParamGroup2",
			"GroupId": "",
			"Name": "URアニメーション"
		},
		{
			"Id": "ParamGroup3",
			"GroupId": "",
			"Name": "追加"
		},
		{
			"Id": "ParamGroup4",
			"GroupId": "",
			"Name": "前髪1"
		},
		{
			"Id": "ParamGroup5",
			"GroupId": "",
			"Name": "前髪2"
		},
		{
			"Id": "ParamGroup6",
			"GroupId": "",
			"Name": "前髪5"
		},
		{
			"Id": "ParamGroup7",
			"GroupId": "",
			"Name": "前髪6"
		},
		{
			"Id": "ParamGroup8",
			"GroupId": "",
			"Name": "前髪7"
		},
		{
			"Id": "ParamGroup9",
			"GroupId": "",
			"Name": "前髪9"
		},
		{
			"Id": "ParamGroup10",
			"GroupId": "",
			"Name": "もみ左"
		},
		{
			"Id": "ParamGroup16",
			"GroupId": "",
			"Name": "前髪4"
		},
		{
			"Id": "ParamGroup17",
			"GroupId": "",
			"Name": "前髪8"
		},
		{
			"Id": "ParamGroup18",
			"GroupId": "",
			"Name": "もみ右"
		},
		{
			"Id": "ParamGroup19",
			"GroupId": "",
			"Name": "髪後2"
		},
		{
			"Id": "ParamGroup20",
			"GroupId": "",
			"Name": "髪後3"
		},
		{
			"Id": "ParamGroup21",
			"GroupId": "",
			"Name": "髪後小1"
		},
		{
			"Id": "ParamGroup22",
			"GroupId": "",
			"Name": "髪後小2"
		},
		{
			"Id": "ParamGroup23",
			"GroupId": "",
			"Name": "髪後小3"
		},
		{
			"Id": "ParamGroup24",
			"GroupId": "",
			"Name": "髪後4"
		},
		{
			"Id": "ParamGroup25",
			"GroupId": "",
			"Name": "髪後5"
		},
		{
			"Id": "ParamGroup26",
			"GroupId": "",
			"Name": "髪後6"
		},
		{
			"Id": "ParamGroup27",
			"GroupId": "",
			"Name": "髪後7"
		},
		{
			"Id": "ParamGroup28",
			"GroupId": "",
			"Name": "髪後8"
		},
		{
			"Id": "ParamGroup29",
			"GroupId": "",
			"Name": "髪後1"
		}
	],
	"Parts": [
		{
			"Id": "Part25",
			"Name": "1920x1440_1.psd"
		},
		{
			"Id": "Part24",
			"Name": "1920x1440.psd"
		},
		{
			"Id": "Part",
			"Name": "エフェクト"
		},
		{
			"Id": "Part20",
			"Name": "前髪"
		},
		{
			"Id": "Part21",
			"Name": "胸"
		},
		{
			"Id": "Part22",
			"Name": "髪後"
		},
		{
			"Id": "Part23",
			"Name": "背景"
		},
		{
			"Id": "Part2",
			"Name": "粒下"
		},
		{
			"Id": "Part3",
			"Name": "粒上"
		},
		{
			"Id": "Part4",
			"Name": "粒下2"
		},
		{
			"Id": "Part5",
			"Name": "粒上2"
		},
		{
			"Id": "Part6",
			"Name": "六角形"
		},
		{
			"Id": "Part7",
			"Name": "キラ"
		},
		{
			"Id": "Part13",
			"Name": "点"
		},
		{
			"Id": "Part19",
			"Name": "各光"
		},
		{
			"Id": "ArtMesh75_Skinning",
			"Name": "前髪1(スキニング)"
		},
		{
			"Id": "ArtMesh76_Skinning",
			"Name": "前髪2(スキニング)"
		},
		{
			"Id": "ArtMesh78_Skinning",
			"Name": "前髪4(スキニング)"
		},
		{
			"Id": "ArtMesh79_Skinning",
			"Name": "前髪5(スキニング)"
		},
		{
			"Id": "ArtMesh80_Skinning",
			"Name": "前髪6(スキニング)"
		},
		{
			"Id": "ArtMesh81_Skinning",
			"Name": "前髪7(スキニング)"
		},
		{
			"Id": "ArtMesh82_Skinning",
			"Name": "前髪8(スキニング)"
		},
		{
			"Id": "ArtMesh83_Skinning",
			"Name": "前髪9(スキニング)"
		},
		{
			"Id": "ArtMesh84_Skinning",
			"Name": "もみ左(スキニング)"
		},
		{
			"Id": "ArtMesh92_Skinning",
			"Name": "髪影3(スキニング)"
		},
		{
			"Id": "ArtMesh93_Skinning",
			"Name": "髪影4(スキニング)"
		},
		{
			"Id": "ArtMesh94_Skinning",
			"Name": "髪影5(スキニング)"
		},
		{
			"Id": "ArtMesh95_Skinning",
			"Name": "髪影6(スキニング)"
		},
		{
			"Id": "ArtMesh97_Skinning",
			"Name": "髪影8(スキニング)"
		},
		{
			"Id": "ArtMesh99_Skinning",
			"Name": "もみ右(スキニング)"
		},
		{
			"Id": "ArtMesh114_Skinning",
			"Name": "髪後1(スキニング)"
		},
		{
			"Id": "ArtMesh115_Skinning",
			"Name": "髪後2(スキニング)"
		},
		{
			"Id": "ArtMesh116_Skinning",
			"Name": "髪後3(スキニング)"
		},
		{
			"Id": "ArtMesh117_Skinning",
			"Name": "髪後小1(スキニング)"
		},
		{
			"Id": "ArtMesh118_Skinning",
			"Name": "髪後小2(スキニング)"
		},
		{
			"Id": "ArtMesh119_Skinning",
			"Name": "髪後小3(スキニング)"
		},
		{
			"Id": "ArtMesh120_Skinning",
			"Name": "髪後4(スキニング)"
		},
		{
			"Id": "ArtMesh121_Skinning",
			"Name": "髪後5(スキニング)"
		},
		{
			"Id": "ArtMesh122_Skinning",
			"Name": "髪後6(スキニング)"
		},
		{
			"Id": "ArtMesh123_Skinning",
			"Name": "髪後7(スキニング)"
		},
		{
			"Id": "ArtMesh124_Skinning",
			"Name": "髪後8(スキニング)"
		},
		{
			"Id": "Part8",
			"Name": "グループ 2"
		},
		{
			"Id": "Part9",
			"Name": "グループ 3"
		},
		{
			"Id": "Part10",
			"Name": "グループ 4"
		},
		{
			"Id": "Part11",
			"Name": "グループ 5"
		},
		{
			"Id": "Part12",
			"Name": "グループ 1"
		},
		{
			"Id": "Part14",
			"Name": "グループ 6"
		},
		{
			"Id": "Part15",
			"Name": "グループ 7"
		},
		{
			"Id": "Part16",
			"Name": "グループ 9"
		},
		{
			"Id": "Part17",
			"Name": "グループ 10"
		},
		{
			"Id": "Part18",
			"Name": "グループ 8"
		}
	],
	"CombinedParameters": [
		[
			"ParamEyeRL",
			"ParamEyeUD"
		],
		[
			"ParamPaiRX",
			"ParamPaiRY"
		],
		[
			"ParamPaiRX2",
			"ParamPaiRY2"
		],
		[
			"ParamHairRX",
			"ParamHairRY"
		]
	]
}