{
	"Version": 3,
	"Parameters": [
		{
			"Id": "ParamEff1",
			"GroupId": "ParamGroup",
			"Name": "エフェクト1"
		},
		{
			"Id": "ParamEff2",
			"GroupId": "ParamGroup",
			"Name": "エフェクト2"
		},
		{
			"Id": "ParamEff3",
			"GroupId": "ParamGroup",
			"Name": "エフェクト3"
		},
		{
			"Id": "ParamEff4",
			"GroupId": "ParamGroup",
			"Name": "エフェクト4"
		},
		{
			"Id": "ParamEff5",
			"GroupId": "ParamGroup",
			"Name": "エフェクト5"
		},
		{
			"Id": "ParamEff6",
			"GroupId": "ParamGroup",
			"Name": "エフェクト6"
		},
		{
			"Id": "ParamEff7",
			"GroupId": "ParamGroup",
			"Name": "エフェクト7"
		},
		{
			"Id": "ParamEff8",
			"GroupId": "ParamGroup",
			"Name": "エフェクト8"
		},
		{
			"Id": "ParamEff9",
			"GroupId": "ParamGroup",
			"Name": "エフェクト9"
		},
		{
			"Id": "ParamEff10",
			"GroupId": "ParamGroup",
			"Name": "エフェクト10"
		},
		{
			"Id": "ParamEff11",
			"GroupId": "ParamGroup",
			"Name": "エフェクト11"
		},
		{
			"Id": "ParamEff12",
			"GroupId": "ParamGroup",
			"Name": "エフェクト12"
		},
		{
			"Id": "ParamEff13",
			"GroupId": "ParamGroup",
			"Name": "エフェクト13"
		},
		{
			"Id": "ParamEff14",
			"GroupId": "ParamGroup",
			"Name": "エフェクト14"
		},
		{
			"Id": "ParamEff15",
			"GroupId": "ParamGroup",
			"Name": "エフェクト15"
		},
		{
			"Id": "ParamEff16",
			"GroupId": "ParamGroup",
			"Name": "エフェクト16"
		},
		{
			"Id": "ParamEff17",
			"GroupId": "ParamGroup",
			"Name": "エフェクト17"
		},
		{
			"Id": "ParamEff18",
			"GroupId": "ParamGroup",
			"Name": "エフェクト18"
		},
		{
			"Id": "ParamEff19",
			"GroupId": "ParamGroup",
			"Name": "エフェクト19"
		},
		{
			"Id": "ParamEff20",
			"GroupId": "ParamGroup",
			"Name": "エフェクト20"
		},
		{
			"Id": "ParamEff21",
			"GroupId": "ParamGroup",
			"Name": "エフェクト21"
		},
		{
			"Id": "ParamEff22",
			"GroupId": "ParamGroup",
			"Name": "エフェクト22"
		},
		{
			"Id": "ParamEff23",
			"GroupId": "ParamGroup",
			"Name": "エフェクト23"
		},
		{
			"Id": "ParamEff24",
			"GroupId": "ParamGroup",
			"Name": "エフェクト24"
		},
		{
			"Id": "ParamEff25",
			"GroupId": "ParamGroup",
			"Name": "エフェクト25"
		},
		{
			"Id": "ParamEff26",
			"GroupId": "ParamGroup",
			"Name": "エフェクト26"
		},
		{
			"Id": "ParamEff27",
			"GroupId": "ParamGroup",
			"Name": "エフェクト27"
		},
		{
			"Id": "ParamEff28",
			"GroupId": "ParamGroup",
			"Name": "エフェクト28"
		},
		{
			"Id": "ParamEff29",
			"GroupId": "ParamGroup",
			"Name": "エフェクト29"
		},
		{
			"Id": "ParamEff30",
			"GroupId": "ParamGroup",
			"Name": "エフェクト30"
		},
		{
			"Id": "ParamEff31",
			"GroupId": "ParamGroup",
			"Name": "エフェクト31"
		},
		{
			"Id": "ParamEff32",
			"GroupId": "ParamGroup",
			"Name": "エフェクト32"
		},
		{
			"Id": "ParamEff33",
			"GroupId": "ParamGroup",
			"Name": "エフェクト33"
		},
		{
			"Id": "ParamPachi",
			"GroupId": "ParamGroup2",
			"Name": "目パチ"
		},
		{
			"Id": "ParamLegL1",
			"GroupId": "ParamGroup2",
			"Name": "右太もも"
		},
		{
			"Id": "ParamLegL2",
			"GroupId": "ParamGroup2",
			"Name": "右足"
		},
		{
			"Id": "ParamLegR1",
			"GroupId": "ParamGroup2",
			"Name": "左太もも"
		},
		{
			"Id": "ParamLegR2",
			"GroupId": "ParamGroup2",
			"Name": "左足"
		},
		{
			"Id": "ParamEyeRL",
			"GroupId": "ParamGroup2",
			"Name": "目Hi左右"
		},
		{
			"Id": "ParamEyeUD",
			"GroupId": "ParamGroup2",
			"Name": "目Hi上下"
		},
		{
			"Id": "ParamEyeBS",
			"GroupId": "ParamGroup2",
			"Name": "目Hi大小"
		},
		{
			"Id": "ParamPaiRX",
			"GroupId": "ParamGroup2",
			"Name": "右胸 X"
		},
		{
			"Id": "ParamPaiRY",
			"GroupId": "ParamGroup2",
			"Name": "右胸 Y"
		},
		{
			"Id": "ParamPaiRX2",
			"GroupId": "ParamGroup2",
			"Name": "右胸 X2"
		},
		{
			"Id": "ParamPaiRY2",
			"GroupId": "ParamGroup2",
			"Name": "右胸 Y2"
		},
		{
			"Id": "ParamPaiLX",
			"GroupId": "ParamGroup2",
			"Name": "左胸 X"
		},
		{
			"Id": "ParamPaiLY",
			"GroupId": "ParamGroup2",
			"Name": "左胸 Y"
		},
		{
			"Id": "ParamPaiLX2",
			"GroupId": "ParamGroup2",
			"Name": "左胸 X2"
		},
		{
			"Id": "ParamPaiLY2",
			"GroupId": "ParamGroup2",
			"Name": "左胸 Y2"
		},
		{
			"Id": "ParamBreat",
			"GroupId": "ParamGroup2",
			"Name": "呼吸"
		},
		{
			"Id": "ParamBodyRibon",
			"GroupId": "ParamGroup3",
			"Name": "体リボン"
		},
		{
			"Id": "Param",
			"GroupId": "ParamGroup3",
			"Name": "パラメータ99"
		},
		{
			"Id": "Param_Angle_Rotation2",
			"GroupId": "ParamGroup4",
			"Name": "[0]前髪1"
		},
		{
			"Id": "Param_Angle_Rotation3",
			"GroupId": "ParamGroup4",
			"Name": "[1]前髪1"
		},
		{
			"Id": "Param_Angle_Rotation4",
			"GroupId": "ParamGroup4",
			"Name": "[2]前髪1"
		},
		{
			"Id": "Param_Angle_Rotation6",
			"GroupId": "ParamGroup5",
			"Name": "[0]前髪2"
		},
		{
			"Id": "Param_Angle_Rotation7",
			"GroupId": "ParamGroup5",
			"Name": "[1]前髪2"
		},
		{
			"Id": "Param_Angle_Rotation8",
			"GroupId": "ParamGroup5",
			"Name": "[2]前髪2"
		},
		{
			"Id": "Param_Angle_Rotation10",
			"GroupId": "ParamGroup6",
			"Name": "[0]前髪3"
		},
		{
			"Id": "Param_Angle_Rotation11",
			"GroupId": "ParamGroup6",
			"Name": "[1]前髪3"
		},
		{
			"Id": "Param_Angle_Rotation12",
			"GroupId": "ParamGroup6",
			"Name": "[2]前髪3"
		},
		{
			"Id": "Param_Angle_Rotation14",
			"GroupId": "ParamGroup7",
			"Name": "[0]前髪4"
		},
		{
			"Id": "Param_Angle_Rotation15",
			"GroupId": "ParamGroup7",
			"Name": "[1]前髪4"
		},
		{
			"Id": "Param_Angle_Rotation16",
			"GroupId": "ParamGroup7",
			"Name": "[2]前髪4"
		},
		{
			"Id": "Param_Angle_Rotation18",
			"GroupId": "ParamGroup8",
			"Name": "[0]前髪5"
		},
		{
			"Id": "Param_Angle_Rotation19",
			"GroupId": "ParamGroup8",
			"Name": "[1]前髪5"
		},
		{
			"Id": "Param_Angle_Rotation20",
			"GroupId": "ParamGroup8",
			"Name": "[2]前髪5"
		},
		{
			"Id": "Param_Angle_Rotation22",
			"GroupId": "ParamGroup9",
			"Name": "[0]前髪6"
		},
		{
			"Id": "Param_Angle_Rotation23",
			"GroupId": "ParamGroup9",
			"Name": "[1]前髪6"
		},
		{
			"Id": "Param_Angle_Rotation24",
			"GroupId": "ParamGroup9",
			"Name": "[2]前髪6"
		},
		{
			"Id": "Param_Angle_Rotation26",
			"GroupId": "ParamGroup10",
			"Name": "[0]前髪7"
		},
		{
			"Id": "Param_Angle_Rotation27",
			"GroupId": "ParamGroup10",
			"Name": "[1]前髪7"
		},
		{
			"Id": "Param_Angle_Rotation28",
			"GroupId": "ParamGroup10",
			"Name": "[2]前髪7"
		},
		{
			"Id": "Param_Angle_Rotation30",
			"GroupId": "ParamGroup11",
			"Name": "[0]前髪8"
		},
		{
			"Id": "Param_Angle_Rotation31",
			"GroupId": "ParamGroup11",
			"Name": "[1]前髪8"
		},
		{
			"Id": "Param_Angle_Rotation32",
			"GroupId": "ParamGroup11",
			"Name": "[2]前髪8"
		},
		{
			"Id": "Param_Angle_Rotation34",
			"GroupId": "ParamGroup12",
			"Name": "[0]前髪9"
		},
		{
			"Id": "Param_Angle_Rotation35",
			"GroupId": "ParamGroup12",
			"Name": "[1]前髪9"
		},
		{
			"Id": "Param_Angle_Rotation36",
			"GroupId": "ParamGroup12",
			"Name": "[2]前髪9"
		},
		{
			"Id": "Param_Angle_Rotation38",
			"GroupId": "ParamGroup13",
			"Name": "[0]前髪10"
		},
		{
			"Id": "Param_Angle_Rotation39",
			"GroupId": "ParamGroup13",
			"Name": "[1]前髪10"
		},
		{
			"Id": "Param_Angle_Rotation40",
			"GroupId": "ParamGroup13",
			"Name": "[2]前髪10"
		},
		{
			"Id": "Param_Angle_Rotation41",
			"GroupId": "ParamGroup13",
			"Name": "[3]前髪10"
		},
		{
			"Id": "Param_Angle_Rotation42",
			"GroupId": "ParamGroup14",
			"Name": "[0]右端髪1"
		},
		{
			"Id": "Param_Angle_Rotation43",
			"GroupId": "ParamGroup14",
			"Name": "[1]右端髪1"
		},
		{
			"Id": "Param_Angle_Rotation45",
			"GroupId": "ParamGroup15",
			"Name": "[0]右端髪2"
		},
		{
			"Id": "Param_Angle_Rotation46",
			"GroupId": "ParamGroup15",
			"Name": "[1]右端髪2"
		},
		{
			"Id": "Param_Angle_Rotation47",
			"GroupId": "ParamGroup15",
			"Name": "[2]右端髪2"
		},
		{
			"Id": "Param_Angle_Rotation49",
			"GroupId": "ParamGroup16",
			"Name": "[0]左端髪1"
		},
		{
			"Id": "Param_Angle_Rotation50",
			"GroupId": "ParamGroup16",
			"Name": "[1]左端髪1"
		},
		{
			"Id": "Param_Angle_Rotation51",
			"GroupId": "ParamGroup16",
			"Name": "[2]左端髪1"
		},
		{
			"Id": "Param_Angle_Rotation74",
			"GroupId": "ParamGroup17",
			"Name": "[0]右耳"
		},
		{
			"Id": "Param_Angle_Rotation75",
			"GroupId": "ParamGroup17",
			"Name": "[1]右耳"
		},
		{
			"Id": "Param_Angle_Rotation77",
			"GroupId": "ParamGroup18",
			"Name": "[0]左耳"
		},
		{
			"Id": "Param_Angle_Rotation78",
			"GroupId": "ParamGroup18",
			"Name": "[1]左耳"
		},
		{
			"Id": "Param_Angle_Rotation79",
			"GroupId": "ParamGroup19",
			"Name": "[0]尻尾"
		},
		{
			"Id": "Param_Angle_Rotation80",
			"GroupId": "ParamGroup19",
			"Name": "[1]尻尾"
		},
		{
			"Id": "Param_Angle_Rotation81",
			"GroupId": "ParamGroup19",
			"Name": "[2]尻尾"
		},
		{
			"Id": "Param_Angle_Rotation82",
			"GroupId": "ParamGroup19",
			"Name": "[3]尻尾"
		},
		{
			"Id": "Param_Angle_Rotation83",
			"GroupId": "ParamGroup19",
			"Name": "[4]尻尾"
		}
	],
	"ParameterGroups": [
		{
			"Id": "ParamGroup",
			"GroupId": "",
			"Name": "エフェクト"
		},
		{
			"Id": "ParamGroup2",
			"GroupId": "",
			"Name": "URアニメーション"
		},
		{
			"Id": "ParamGroup3",
			"GroupId": "",
			"Name": "追加"
		},
		{
			"Id": "ParamGroup4",
			"GroupId": "",
			"Name": "前髪1"
		},
		{
			"Id": "ParamGroup5",
			"GroupId": "",
			"Name": "前髪2"
		},
		{
			"Id": "ParamGroup6",
			"GroupId": "",
			"Name": "前髪3"
		},
		{
			"Id": "ParamGroup7",
			"GroupId": "",
			"Name": "前髪4"
		},
		{
			"Id": "ParamGroup8",
			"GroupId": "",
			"Name": "前髪5"
		},
		{
			"Id": "ParamGroup9",
			"GroupId": "",
			"Name": "前髪6"
		},
		{
			"Id": "ParamGroup10",
			"GroupId": "",
			"Name": "前髪7"
		},
		{
			"Id": "ParamGroup11",
			"GroupId": "",
			"Name": "前髪8"
		},
		{
			"Id": "ParamGroup12",
			"GroupId": "",
			"Name": "前髪9"
		},
		{
			"Id": "ParamGroup13",
			"GroupId": "",
			"Name": "前髪10"
		},
		{
			"Id": "ParamGroup14",
			"GroupId": "",
			"Name": "右端髪1"
		},
		{
			"Id": "ParamGroup15",
			"GroupId": "",
			"Name": "右端髪2"
		},
		{
			"Id": "ParamGroup16",
			"GroupId": "",
			"Name": "左端髪1"
		},
		{
			"Id": "ParamGroup17",
			"GroupId": "",
			"Name": "右耳"
		},
		{
			"Id": "ParamGroup18",
			"GroupId": "",
			"Name": "左耳"
		},
		{
			"Id": "ParamGroup19",
			"GroupId": "",
			"Name": "尻尾"
		}
	],
	"Parts": [
		{
			"Id": "Part19",
			"Name": "1920x1440_2.psd"
		},
		{
			"Id": "Part18",
			"Name": "1920x1440.psd"
		},
		{
			"Id": "Part",
			"Name": "エフェクト"
		},
		{
			"Id": "Part12",
			"Name": "キャラ"
		},
		{
			"Id": "Part2",
			"Name": "光"
		},
		{
			"Id": "Part9",
			"Name": "光リング"
		},
		{
			"Id": "Part10",
			"Name": "光丸"
		},
		{
			"Id": "Part11",
			"Name": "キラキラ"
		},
		{
			"Id": "Part13",
			"Name": "髪"
		},
		{
			"Id": "Part14",
			"Name": "頭"
		},
		{
			"Id": "Part15",
			"Name": "右腕"
		},
		{
			"Id": "Part16",
			"Name": "左腕"
		},
		{
			"Id": "Part17",
			"Name": "腰リボン右"
		},
		{
			"Id": "ArtMesh98_Skinning",
			"Name": "尻尾(スキニング)"
		},
		{
			"Id": "Part3",
			"Name": "グループ 6"
		},
		{
			"Id": "Part4",
			"Name": "グループ 7"
		},
		{
			"Id": "Part5",
			"Name": "グループ 5"
		},
		{
			"Id": "Part6",
			"Name": "グループ 10"
		},
		{
			"Id": "Part7",
			"Name": "グループ 8"
		},
		{
			"Id": "Part8",
			"Name": "グループ 9"
		},
		{
			"Id": "ArtMesh40_Skinning",
			"Name": "前髪1(スキニング)"
		},
		{
			"Id": "ArtMesh41_Skinning",
			"Name": "前髪2(スキニング)"
		},
		{
			"Id": "ArtMesh42_Skinning",
			"Name": "前髪3(スキニング)"
		},
		{
			"Id": "ArtMesh43_Skinning",
			"Name": "前髪4(スキニング)"
		},
		{
			"Id": "ArtMesh44_Skinning",
			"Name": "前髪5(スキニング)"
		},
		{
			"Id": "ArtMesh45_Skinning",
			"Name": "前髪6(スキニング)"
		},
		{
			"Id": "ArtMesh46_Skinning",
			"Name": "前髪7(スキニング)"
		},
		{
			"Id": "ArtMesh47_Skinning",
			"Name": "前髪8(スキニング)"
		},
		{
			"Id": "ArtMesh48_Skinning",
			"Name": "前髪9(スキニング)"
		},
		{
			"Id": "ArtMesh49_Skinning",
			"Name": "前髪10(スキニング)"
		},
		{
			"Id": "ArtMesh51_Skinning",
			"Name": "右耳(スキニング)"
		},
		{
			"Id": "ArtMesh52_Skinning",
			"Name": "左耳(スキニング)"
		},
		{
			"Id": "ArtMesh59_Skinning",
			"Name": "髪影1(スキニング)"
		},
		{
			"Id": "ArtMesh60_Skinning",
			"Name": "髪影2(スキニング)"
		},
		{
			"Id": "ArtMesh61_Skinning",
			"Name": "髪影3(スキニング)"
		},
		{
			"Id": "ArtMesh62_Skinning",
			"Name": "髪影4(スキニング)"
		},
		{
			"Id": "ArtMesh63_Skinning",
			"Name": "髪影5(スキニング)"
		},
		{
			"Id": "ArtMesh64_Skinning",
			"Name": "髪影6(スキニング)"
		},
		{
			"Id": "ArtMesh66_Skinning",
			"Name": "右端髪1(スキニング)"
		},
		{
			"Id": "ArtMesh67_Skinning",
			"Name": "右端髪2(スキニング)"
		},
		{
			"Id": "ArtMesh68_Skinning",
			"Name": "左端髪1(スキニング)"
		}
	],
	"CombinedParameters": [
		[
			"ParamEyeRL",
			"ParamEyeUD"
		],
		[
			"ParamPaiRX",
			"ParamPaiRY"
		],
		[
			"ParamPaiRX2",
			"ParamPaiRY2"
		],
		[
			"ParamPaiLX",
			"ParamPaiLY"
		],
		[
			"ParamPaiLX2",
			"ParamPaiLY2"
		]
	]
}