{
	"Version": 3,
	"Meta": {
		"Duration": 6,
		"Fps": 30.0,
		"FadeInTime": 0.0,
		"FadeOutTime": 0.0,
		"Loop": true,
		"AreBeziersRestricted": false,
		"CurveCount": 93,
		"TotalSegmentCount": 537,
		"TotalPointCount": 1564,
		"UserDataCount": 0,
		"TotalUserDataSize": 0
	},
	"Curves": [
		{
			"Target": "Parameter",
			"Id": "ParamEff1",
			"Segments": [
				0,
				0,
				0,
				0.167,
				0,
				1,
				0.5,
				0,
				0.833,
				1,
				1.167,
				1,
				1,
				1.5,
				1,
				1.833,
				0,
				2.167,
				0,
				0,
				6,
				0
			]
		},
		{
			"Target": "Parameter",
			"Id": "ParamEff2",
			"Segments": [
				0,
				0,
				0,
				0.733,
				0,
				1,
				1.067,
				0,
				1.4,
				1,
				1.733,
				1,
				1,
				2.067,
				1,
				2.4,
				0,
				2.733,
				0,
				0,
				6,
				0
			]
		},
		{
			"Target": "Parameter",
			"Id": "ParamEff3",
			"Segments": [
				0,
				0,
				0,
				1.833,
				0,
				1,
				2.167,
				0,
				2.5,
				1,
				2.833,
				1,
				1,
				3.167,
				1,
				3.5,
				0,
				3.833,
				0,
				0,
				6,
				0
			]
		},
		{
			"Target": "Parameter",
			"Id": "ParamEff4",
			"Segments": [
				0,
				0,
				0,
				3.167,
				0,
				1,
				3.5,
				0,
				3.833,
				1,
				4.167,
				1,
				1,
				4.5,
				1,
				4.833,
				0,
				5.167,
				0,
				0,
				6,
				0
			]
		},
		{
			"Target": "Parameter",
			"Id": "ParamEff5",
			"Segments": [
				0,
				0,
				0,
				3.933,
				0,
				1,
				4.267,
				0,
				4.6,
				1,
				4.933,
				1,
				1,
				5.267,
				1,
				5.6,
				0,
				5.933,
				0,
				0,
				6,
				0
			]
		},
		{
			"Target": "Parameter",
			"Id": "ParamEff6",
			"Segments": [
				0,
				1,
				1,
				1,
				1,
				2,
				0.2,
				3,
				0.2,
				1,
				4,
				0.2,
				5,
				0.983,
				6,
				1
			]
		},
		{
			"Target": "Parameter",
			"Id": "ParamEff7",
			"Segments": [
				0,
				0,
				1,
				1,
				0,
				2,
				1,
				3,
				1,
				1,
				4,
				1,
				5,
				0.022,
				6,
				0
			]
		},
		{
			"Target": "Parameter",
			"Id": "ParamEff8",
			"Segments": [
				0,
				0,
				1,
				0.656,
				0,
				1.311,
				0,
				1.967,
				0,
				1,
				2.022,
				0,
				2.078,
				0.7,
				2.133,
				0.7,
				1,
				2.144,
				0.7,
				2.156,
				0,
				2.167,
				0,
				1,
				2.178,
				0,
				2.189,
				0.8,
				2.2,
				0.8,
				1,
				2.211,
				0.8,
				2.222,
				0.3,
				2.233,
				0.3,
				1,
				2.267,
				0.3,
				2.3,
				1,
				2.333,
				1,
				1,
				3.1,
				1,
				3.867,
				0,
				4.633,
				0,
				0,
				6,
				0
			]
		},
		{
			"Target": "Parameter",
			"Id": "ParamEff9",
			"Segments": [
				0,
				0,
				1,
				0.678,
				0,
				1.356,
				0,
				2.033,
				0,
				1,
				2.222,
				0,
				2.411,
				1,
				2.6,
				1,
				1,
				3.511,
				1,
				4.422,
				0,
				5.333,
				0,
				0,
				6,
				0
			]
		},
		{
			"Target": "Parameter",
			"Id": "ParamEff10",
			"Segments": [
				0,
				0,
				1,
				0.744,
				0,
				1.489,
				0,
				2.233,
				0,
				1,
				2.578,
				0,
				2.922,
				1,
				3.267,
				1,
				1,
				4.122,
				1,
				4.978,
				0,
				5.833,
				0,
				0,
				6,
				0
			]
		},
		{
			"Target": "Parameter",
			"Id": "ParamEff11",
			"Segments": [
				0,
				0,
				1,
				0.222,
				0,
				0.444,
				0,
				0.667,
				0,
				1,
				0.833,
				0,
				1,
				1,
				1.167,
				1,
				1,
				1.333,
				1,
				1.5,
				0,
				1.667,
				0,
				1,
				2.222,
				0,
				2.778,
				0,
				3.333,
				0,
				1,
				3.5,
				0,
				3.667,
				1,
				3.833,
				1,
				1,
				4,
				1,
				4.167,
				0,
				4.333,
				0,
				0,
				6,
				0
			]
		},
		{
			"Target": "Parameter",
			"Id": "ParamEff12",
			"Segments": [
				0,
				0,
				1,
				0.078,
				0,
				0.156,
				0,
				0.233,
				0,
				1,
				0.4,
				0,
				0.567,
				1,
				0.733,
				1,
				1,
				0.9,
				1,
				1.067,
				0,
				1.233,
				0,
				1,
				1.722,
				0,
				2.211,
				0,
				2.7,
				0,
				1,
				2.867,
				0,
				3.033,
				1,
				3.2,
				1,
				1,
				3.367,
				1,
				3.533,
				0,
				3.7,
				0,
				0,
				6,
				0
			]
		},
		{
			"Target": "Parameter",
			"Id": "ParamEff13",
			"Segments": [
				0,
				0,
				1,
				0.367,
				0,
				0.733,
				0,
				1.1,
				0,
				1,
				1.267,
				0,
				1.433,
				1,
				1.6,
				1,
				1,
				1.767,
				1,
				1.933,
				0,
				2.1,
				0,
				1,
				2.789,
				0,
				3.478,
				0,
				4.167,
				0,
				1,
				4.333,
				0,
				4.5,
				1,
				4.667,
				1,
				1,
				4.833,
				1,
				5,
				0,
				5.167,
				0,
				0,
				6,
				0
			]
		},
		{
			"Target": "Parameter",
			"Id": "ParamEff14",
			"Segments": [
				0,
				0,
				1,
				0.633,
				0,
				1.267,
				0,
				1.9,
				0,
				1,
				2.067,
				0,
				2.233,
				1,
				2.4,
				1,
				1,
				2.567,
				1,
				2.733,
				0,
				2.9,
				0,
				1,
				3.567,
				0,
				4.233,
				0,
				4.9,
				0,
				1,
				5.067,
				0,
				5.233,
				1,
				5.4,
				1,
				1,
				5.567,
				1,
				5.733,
				0,
				5.9,
				0,
				0,
				6,
				0
			]
		},
		{
			"Target": "Parameter",
			"Id": "ParamEff15",
			"Segments": [
				0,
				0,
				1,
				0.167,
				0,
				0.333,
				0,
				0.5,
				0,
				1,
				0.667,
				0,
				0.833,
				1,
				1,
				1,
				1,
				1.167,
				1,
				1.333,
				0,
				1.5,
				0,
				1,
				2.022,
				0,
				2.544,
				0,
				3.067,
				0,
				1,
				3.233,
				0,
				3.4,
				1,
				3.567,
				1,
				1,
				3.733,
				1,
				3.9,
				0,
				4.067,
				0,
				0,
				6,
				0
			]
		},
		{
			"Target": "Parameter",
			"Id": "ParamEff16",
			"Segments": [
				0,
				0,
				1,
				0.744,
				0,
				1.489,
				0,
				2.233,
				0,
				1,
				2.4,
				0,
				2.567,
				1,
				2.733,
				1,
				1,
				2.9,
				1,
				3.067,
				0,
				3.233,
				0,
				1,
				3.689,
				0,
				4.144,
				0,
				4.6,
				0,
				1,
				4.767,
				0,
				4.933,
				1,
				5.1,
				1,
				1,
				5.267,
				1,
				5.433,
				0,
				5.6,
				0,
				0,
				6,
				0
			]
		},
		{
			"Target": "Parameter",
			"Id": "ParamEff17",
			"Segments": [
				0,
				0,
				1,
				0.311,
				0,
				0.622,
				0,
				0.933,
				0,
				1,
				1.1,
				0,
				1.267,
				1,
				1.433,
				1,
				1,
				1.6,
				1,
				1.767,
				0,
				1.933,
				0,
				1,
				2.567,
				0,
				3.2,
				0,
				3.833,
				0,
				1,
				4,
				0,
				4.167,
				1,
				4.333,
				1,
				1,
				4.5,
				1,
				4.667,
				0,
				4.833,
				0,
				0,
				6,
				0
			]
		},
		{
			"Target": "Parameter",
			"Id": "ParamEff18",
			"Segments": [
				0,
				0,
				1,
				0.1,
				0,
				0.2,
				0,
				0.3,
				0,
				1,
				0.467,
				0,
				0.633,
				1,
				0.8,
				1,
				1,
				0.967,
				1,
				1.133,
				0,
				1.3,
				0,
				1,
				1.7,
				0,
				2.1,
				0,
				2.5,
				0,
				1,
				2.667,
				0,
				2.833,
				1,
				3,
				1,
				1,
				3.167,
				1,
				3.333,
				0,
				3.5,
				0,
				0,
				6,
				0
			]
		},
		{
			"Target": "Parameter",
			"Id": "ParamEff19",
			"Segments": [
				0,
				0,
				1,
				0.167,
				0,
				0.333,
				-0.01,
				0.5,
				0.019,
				1,
				0.722,
				0.058,
				0.944,
				1,
				1.167,
				1,
				1,
				1.389,
				1,
				1.611,
				0.019,
				1.833,
				0.019,
				1,
				2.444,
				0.019,
				3.056,
				0.019,
				3.667,
				0.019,
				1,
				3.889,
				0.019,
				4.111,
				1,
				4.333,
				1,
				1,
				4.556,
				1,
				4.778,
				0.019,
				5,
				0.019,
				1,
				5.333,
				0.019,
				5.667,
				0.039,
				6,
				0.066
			]
		},
		{
			"Target": "Parameter",
			"Id": "ParamEff23",
			"Segments": [
				0,
				0,
				1,
				0.511,
				0,
				1.022,
				0.001,
				1.533,
				0.019,
				1,
				1.756,
				0.027,
				1.978,
				1,
				2.2,
				1,
				1,
				2.422,
				1,
				2.644,
				0.019,
				2.867,
				0.019,
				1,
				3.478,
				0.019,
				4.089,
				0.019,
				4.7,
				0.019,
				1,
				4.922,
				0.019,
				5.144,
				1,
				5.367,
				1,
				1,
				5.578,
				1,
				5.789,
				0.115,
				6,
				0.026
			]
		},
		{
			"Target": "Parameter",
			"Id": "ParamEff27",
			"Segments": [
				0,
				0,
				1,
				0.044,
				0,
				0.089,
				-0.032,
				0.133,
				0.019,
				1,
				0.356,
				0.277,
				0.578,
				1,
				0.8,
				1,
				1,
				1.022,
				1,
				1.244,
				0.019,
				1.467,
				0.019,
				1,
				1.889,
				0.019,
				2.311,
				0.019,
				2.733,
				0.019,
				1,
				2.956,
				0.019,
				3.178,
				1,
				3.4,
				1,
				1,
				3.622,
				1,
				3.844,
				0.019,
				4.067,
				0.019,
				0,
				6,
				0.019
			]
		},
		{
			"Target": "Parameter",
			"Id": "ParamEff28",
			"Segments": [
				0,
				0,
				1,
				0.356,
				0,
				0.711,
				-0.001,
				1.067,
				0.019,
				1,
				1.289,
				0.032,
				1.511,
				1,
				1.733,
				1,
				1,
				1.956,
				1,
				2.178,
				0.019,
				2.4,
				0.019,
				1,
				2.933,
				0.019,
				3.467,
				0.019,
				4,
				0.019,
				1,
				4.222,
				0.019,
				4.444,
				1,
				4.667,
				1,
				1,
				4.889,
				1,
				5.111,
				0.019,
				5.333,
				0.019,
				0,
				6,
				0.019
			]
		},
		{
			"Target": "Parameter",
			"Id": "ParamEff29",
			"Segments": [
				0,
				0,
				1,
				0.222,
				0,
				0.444,
				-0.006,
				0.667,
				0.019,
				1,
				0.889,
				0.044,
				1.111,
				1,
				1.333,
				1,
				1,
				1.556,
				1,
				1.778,
				0.019,
				2,
				0.019,
				1,
				2.856,
				0.019,
				3.711,
				0.019,
				4.567,
				0.019,
				1,
				4.789,
				0.019,
				5.011,
				1,
				5.233,
				1,
				1,
				5.456,
				1,
				5.678,
				0.019,
				5.9,
				0.019,
				0,
				6,
				0.019
			]
		},
		{
			"Target": "Parameter",
			"Id": "ParamEff30",
			"Segments": [
				0,
				0,
				1,
				0.4,
				0,
				0.8,
				-0.001,
				1.2,
				0.019,
				1,
				1.422,
				0.03,
				1.644,
				1,
				1.867,
				1,
				1,
				2.089,
				1,
				2.311,
				0.019,
				2.533,
				0.019,
				1,
				3.1,
				0.019,
				3.667,
				0.019,
				4.233,
				0.019,
				1,
				4.456,
				0.019,
				4.678,
				1,
				4.9,
				1,
				1,
				5.122,
				1,
				5.344,
				0.019,
				5.567,
				0.019,
				0,
				6,
				0.019
			]
		},
		{
			"Target": "Parameter",
			"Id": "ParamEff31",
			"Segments": [
				0,
				0,
				1,
				0.133,
				0,
				0.267,
				-0.013,
				0.4,
				0.019,
				1,
				0.622,
				0.073,
				0.844,
				1,
				1.067,
				1,
				1,
				1.289,
				1,
				1.511,
				0.019,
				1.733,
				0.019,
				1,
				2.144,
				0.019,
				2.556,
				0.019,
				2.967,
				0.019,
				1,
				3.189,
				0.019,
				3.411,
				1,
				3.633,
				1,
				1,
				3.856,
				1,
				4.078,
				0.019,
				4.3,
				0.019,
				0,
				6,
				0.019
			]
		},
		{
			"Target": "Parameter",
			"Id": "ParamEff32",
			"Segments": [
				0,
				0,
				1,
				0.311,
				0,
				0.622,
				-0.003,
				0.933,
				0.019,
				1,
				1.156,
				0.035,
				1.378,
				1,
				1.6,
				1,
				1,
				1.822,
				1,
				2.044,
				0.019,
				2.267,
				0.019,
				1,
				2.8,
				0.019,
				3.333,
				0.019,
				3.867,
				0.019,
				1,
				4.089,
				0.019,
				4.311,
				1,
				4.533,
				1,
				1,
				4.756,
				1,
				4.978,
				0.019,
				5.2,
				0.019,
				0,
				6,
				0.019
			]
		},
		{
			"Target": "Parameter",
			"Id": "ParamEff33",
			"Segments": [
				0,
				0.8,
				1,
				1,
				0.8,
				2,
				1,
				3,
				1,
				1,
				4,
				1,
				5,
				0.804,
				6,
				0.8
			]
		},
		{
			"Target": "Parameter",
			"Id": "ParamEff20",
			"Segments": [
				0,
				0.8,
				1,
				1,
				0.8,
				2,
				1,
				3,
				1,
				1,
				4,
				1,
				5,
				0.804,
				6,
				0.8
			]
		},
		{
			"Target": "Parameter",
			"Id": "ParamEff21",
			"Segments": [
				0,
				0,
				1,
				0.344,
				0,
				0.689,
				0,
				1.033,
				0,
				1,
				1.422,
				0,
				1.811,
				1,
				2.2,
				1,
				1,
				2.544,
				1,
				2.889,
				0.949,
				3.233,
				0.8,
				1,
				3.278,
				0.781,
				3.322,
				0.5,
				3.367,
				0.5,
				1,
				3.389,
				0.5,
				3.411,
				0.8,
				3.433,
				0.8,
				1,
				3.456,
				0.8,
				3.478,
				0.7,
				3.5,
				0.7,
				1,
				3.544,
				0.7,
				3.589,
				1,
				3.633,
				1,
				1,
				4.422,
				1,
				5.211,
				0.028,
				6,
				0.001
			]
		},
		{
			"Target": "Parameter",
			"Id": "ParamEff22",
			"Segments": [
				0,
				0,
				1,
				1,
				0,
				2,
				1,
				3,
				1,
				1,
				4,
				1,
				5,
				0.022,
				6,
				0
			]
		},
		{
			"Target": "Parameter",
			"Id": "ParamEff24",
			"Segments": [
				0,
				0,
				1,
				0.711,
				0,
				1.422,
				0,
				2.133,
				0,
				1,
				2.189,
				0,
				2.244,
				1,
				2.3,
				1,
				1,
				2.311,
				1,
				2.322,
				0,
				2.333,
				0,
				1,
				2.344,
				0,
				2.356,
				1,
				2.367,
				1,
				1,
				2.4,
				1,
				2.433,
				0.3,
				2.467,
				0.3,
				1,
				2.5,
				0.3,
				2.533,
				1,
				2.567,
				1,
				1,
				2.8,
				1,
				3.033,
				0,
				3.267,
				0,
				1,
				3.511,
				0,
				3.756,
				0,
				4,
				0,
				1,
				4.056,
				0,
				4.111,
				1,
				4.167,
				1,
				1,
				4.178,
				1,
				4.189,
				0,
				4.2,
				0,
				1,
				4.211,
				0,
				4.222,
				1,
				4.233,
				1,
				1,
				4.267,
				1,
				4.3,
				0.3,
				4.333,
				0.3,
				1,
				4.367,
				0.3,
				4.4,
				1,
				4.433,
				1,
				1,
				4.667,
				1,
				4.9,
				0,
				5.133,
				0,
				0,
				6,
				0
			]
		},
		{
			"Target": "Parameter",
			"Id": "ParamEff25",
			"Segments": [
				0,
				0,
				1,
				0.911,
				0,
				1.822,
				0,
				2.733,
				0,
				1,
				2.789,
				0,
				2.844,
				1,
				2.9,
				1,
				1,
				2.911,
				1,
				2.922,
				0,
				2.933,
				0,
				1,
				2.944,
				0,
				2.956,
				1,
				2.967,
				1,
				1,
				3,
				1,
				3.033,
				0.3,
				3.067,
				0.3,
				1,
				3.1,
				0.3,
				3.133,
				1,
				3.167,
				1,
				1,
				3.4,
				1,
				3.633,
				0,
				3.867,
				0,
				0,
				6,
				0
			]
		},
		{
			"Target": "Parameter",
			"Id": "ParamEff26",
			"Segments": [
				0,
				0,
				1,
				1,
				0,
				2,
				0,
				3,
				0,
				1,
				3.056,
				0,
				3.111,
				1,
				3.167,
				1,
				1,
				3.178,
				1,
				3.189,
				0,
				3.2,
				0,
				1,
				3.211,
				0,
				3.222,
				1,
				3.233,
				1,
				1,
				3.267,
				1,
				3.3,
				0.3,
				3.333,
				0.3,
				1,
				3.367,
				0.3,
				3.4,
				1,
				3.433,
				1,
				1,
				3.667,
				1,
				3.9,
				0,
				4.133,
				0,
				0,
				6,
				0
			]
		},
		{
			"Target": "Parameter",
			"Id": "ParamPachi",
			"Segments": [
				0,
				1,
				1,
				1.256,
				1,
				2.511,
				1,
				3.767,
				1,
				1,
				3.789,
				1,
				3.811,
				0.79,
				3.833,
				0,
				1,
				3.844,
				-0.395,
				3.856,
				-1,
				3.867,
				-1,
				1,
				3.878,
				-1,
				3.889,
				-1,
				3.9,
				-1,
				1,
				3.911,
				-1,
				3.922,
				-0.193,
				3.933,
				0,
				1,
				3.978,
				0.772,
				4.022,
				1,
				4.067,
				1,
				1,
				4.711,
				1,
				5.356,
				1,
				6,
				1
			]
		},
		{
			"Target": "Parameter",
			"Id": "ParamLegL1",
			"Segments": [
				0,
				-4.2,
				1,
				1,
				-4.2,
				2,
				3,
				3,
				3,
				1,
				3.211,
				3,
				3.422,
				0.85,
				3.633,
				0,
				1,
				4.422,
				-3.177,
				5.211,
				-4.172,
				6,
				-4.199
			]
		},
		{
			"Target": "Parameter",
			"Id": "ParamLegR1",
			"Segments": [
				0,
				0,
				1,
				1,
				0,
				2,
				-8,
				3,
				-8,
				1,
				4,
				-8,
				5,
				-0.175,
				6,
				-0.003
			]
		},
		{
			"Target": "Parameter",
			"Id": "ParamEyeRL",
			"Segments": [
				0,
				0,
				1,
				0.022,
				0,
				0.044,
				6,
				0.067,
				6,
				1,
				0.078,
				6,
				0.089,
				-5,
				0.1,
				-5,
				1,
				0.122,
				-5,
				0.144,
				4,
				0.167,
				4,
				1,
				0.189,
				4,
				0.211,
				-13,
				0.233,
				-13,
				1,
				0.256,
				-13,
				0.278,
				-11.921,
				0.3,
				-5,
				1,
				0.322,
				1.921,
				0.344,
				10,
				0.367,
				10,
				1,
				0.411,
				10,
				0.456,
				9.616,
				0.5,
				6,
				1,
				0.522,
				4.192,
				0.544,
				-14,
				0.567,
				-14,
				1,
				0.589,
				-14,
				0.611,
				2,
				0.633,
				2,
				1,
				0.656,
				2,
				0.678,
				0,
				0.7,
				0,
				1,
				0.711,
				0,
				0.722,
				6,
				0.733,
				6,
				1,
				0.756,
				6,
				0.778,
				-5,
				0.8,
				-5,
				1,
				0.844,
				-5,
				0.889,
				4,
				0.933,
				4,
				1,
				0.956,
				4,
				0.978,
				-13,
				1,
				-13,
				1,
				1.022,
				-13,
				1.044,
				-11.921,
				1.067,
				-5,
				1,
				1.089,
				1.921,
				1.111,
				10,
				1.133,
				10,
				1,
				1.156,
				10,
				1.178,
				10.291,
				1.2,
				6,
				1,
				1.222,
				1.709,
				1.244,
				-14,
				1.267,
				-14,
				1,
				1.278,
				-14,
				1.289,
				2,
				1.3,
				2,
				1,
				1.322,
				2,
				1.344,
				0,
				1.367,
				0,
				1,
				1.389,
				0,
				1.411,
				6,
				1.433,
				6,
				1,
				1.456,
				6,
				1.478,
				-5,
				1.5,
				-5,
				1,
				1.511,
				-5,
				1.522,
				4,
				1.533,
				4,
				1,
				1.567,
				4,
				1.6,
				-13,
				1.633,
				-13,
				1,
				1.656,
				-13,
				1.678,
				-11.921,
				1.7,
				-5,
				1,
				1.722,
				1.921,
				1.744,
				10,
				1.767,
				10,
				1,
				1.8,
				10,
				1.833,
				9.89,
				1.867,
				6,
				1,
				1.889,
				3.407,
				1.911,
				-14,
				1.933,
				-14,
				1,
				1.956,
				-14,
				1.978,
				2,
				2,
				2,
				1,
				2.022,
				2,
				2.044,
				0,
				2.067,
				0,
				1,
				2.078,
				0,
				2.089,
				6,
				2.1,
				6,
				1,
				2.122,
				6,
				2.144,
				-5,
				2.167,
				-5,
				1,
				2.189,
				-5,
				2.211,
				4,
				2.233,
				4,
				1,
				2.256,
				4,
				2.278,
				-13,
				2.3,
				-13,
				1,
				2.311,
				-13,
				2.322,
				-10.106,
				2.333,
				-5,
				1,
				2.356,
				5.212,
				2.378,
				10,
				2.4,
				10,
				1,
				2.444,
				10,
				2.489,
				9.616,
				2.533,
				6,
				1,
				2.556,
				4.192,
				2.578,
				-14,
				2.6,
				-14,
				1,
				2.622,
				-14,
				2.644,
				2,
				2.667,
				2,
				1,
				2.678,
				2,
				2.689,
				0,
				2.7,
				0,
				1,
				2.722,
				0,
				2.744,
				6,
				2.767,
				6,
				1,
				2.8,
				6,
				2.833,
				-5,
				2.867,
				-5,
				1,
				2.889,
				-5,
				2.911,
				4,
				2.933,
				4,
				1,
				2.944,
				4,
				2.956,
				-13,
				2.967,
				-13,
				1,
				2.989,
				-13,
				3.011,
				-11.921,
				3.033,
				-5,
				1,
				3.056,
				1.921,
				3.078,
				10,
				3.1,
				10,
				1,
				3.111,
				10,
				3.122,
				10.401,
				3.133,
				6,
				1,
				3.156,
				-2.802,
				3.178,
				-14,
				3.2,
				-14,
				1,
				3.222,
				-14,
				3.244,
				2,
				3.267,
				2,
				1,
				3.3,
				2,
				3.333,
				0,
				3.367,
				0,
				1,
				3.4,
				0,
				3.433,
				6,
				3.467,
				6,
				1,
				3.489,
				6,
				3.511,
				-5,
				3.533,
				-5,
				1,
				3.556,
				-5,
				3.578,
				4,
				3.6,
				4,
				1,
				3.622,
				4,
				3.644,
				-13,
				3.667,
				-13,
				1,
				3.689,
				-13,
				3.711,
				-11.979,
				3.733,
				-5,
				1,
				3.744,
				-1.51,
				3.756,
				10,
				3.767,
				10,
				1,
				3.789,
				10,
				3.811,
				10.291,
				3.833,
				6,
				1,
				3.856,
				1.709,
				3.878,
				-14,
				3.9,
				-14,
				1,
				3.922,
				-14,
				3.944,
				2,
				3.967,
				2,
				1,
				4,
				2,
				4.033,
				0,
				4.067,
				0,
				1,
				4.078,
				0,
				4.089,
				6,
				4.1,
				6,
				1,
				4.122,
				6,
				4.144,
				-5,
				4.167,
				-5,
				1,
				4.189,
				-5,
				4.211,
				4,
				4.233,
				4,
				1,
				4.256,
				4,
				4.278,
				-13,
				4.3,
				-13,
				1,
				4.333,
				-13,
				4.367,
				-12.088,
				4.4,
				-5,
				1,
				4.422,
				-0.275,
				4.444,
				10,
				4.467,
				10,
				1,
				4.478,
				10,
				4.489,
				10.401,
				4.5,
				6,
				1,
				4.522,
				-2.802,
				4.544,
				-14,
				4.567,
				-14,
				1,
				4.589,
				-14,
				4.611,
				2,
				4.633,
				2,
				1,
				4.656,
				2,
				4.678,
				0,
				4.7,
				0,
				1,
				4.744,
				0,
				4.789,
				6,
				4.833,
				6,
				1,
				4.856,
				6,
				4.878,
				-5,
				4.9,
				-5,
				1,
				4.911,
				-5,
				4.922,
				4,
				4.933,
				4,
				1,
				4.956,
				4,
				4.978,
				-13,
				5,
				-13,
				1,
				5.022,
				-13,
				5.044,
				-11.921,
				5.067,
				-5,
				1,
				5.089,
				1.921,
				5.111,
				10,
				5.133,
				10,
				1,
				5.144,
				10,
				5.156,
				10.401,
				5.167,
				6,
				1,
				5.189,
				-2.802,
				5.211,
				-14,
				5.233,
				-14,
				1,
				5.256,
				-14,
				5.278,
				2,
				5.3,
				2,
				1,
				5.322,
				2,
				5.344,
				0,
				5.367,
				0,
				1,
				5.378,
				0,
				5.389,
				6,
				5.4,
				6,
				1,
				5.422,
				6,
				5.444,
				-5,
				5.467,
				-5,
				1,
				5.5,
				-5,
				5.533,
				4,
				5.567,
				4,
				1,
				5.589,
				4,
				5.611,
				-13,
				5.633,
				-13,
				1,
				5.656,
				-13,
				5.678,
				-11.056,
				5.7,
				-5,
				1,
				5.733,
				4.084,
				5.767,
				10,
				5.8,
				10,
				1,
				5.822,
				10,
				5.844,
				10.291,
				5.867,
				6,
				1,
				5.889,
				1.709,
				5.911,
				-14,
				5.933,
				-14,
				1,
				5.956,
				-14,
				5.978,
				2,
				6,
				2
			]
		},
		{
			"Target": "Parameter",
			"Id": "ParamEyeUD",
			"Segments": [
				0,
				0,
				1,
				0.022,
				0,
				0.044,
				12,
				0.067,
				12,
				1,
				0.078,
				12,
				0.089,
				7.785,
				0.1,
				5,
				1,
				0.122,
				-0.57,
				0.144,
				-4.694,
				0.167,
				-9,
				1,
				0.189,
				-13.306,
				0.211,
				-15,
				0.233,
				-15,
				1,
				0.256,
				-15,
				0.278,
				0,
				0.3,
				0,
				1,
				0.322,
				0,
				0.344,
				-12,
				0.367,
				-12,
				1,
				0.411,
				-12,
				0.456,
				14,
				0.5,
				14,
				1,
				0.522,
				14,
				0.544,
				12.54,
				0.567,
				4,
				1,
				0.589,
				-4.54,
				0.611,
				-14,
				0.633,
				-14,
				1,
				0.656,
				-14,
				0.678,
				-10.818,
				0.7,
				0,
				1,
				0.711,
				5.409,
				0.722,
				12,
				0.733,
				12,
				1,
				0.756,
				12,
				0.778,
				7.774,
				0.8,
				5,
				1,
				0.844,
				-0.549,
				0.889,
				-3.614,
				0.933,
				-9,
				1,
				0.956,
				-11.693,
				0.978,
				-15,
				1,
				-15,
				1,
				1.022,
				-15,
				1.044,
				0,
				1.067,
				0,
				1,
				1.089,
				0,
				1.111,
				-12,
				1.133,
				-12,
				1,
				1.156,
				-12,
				1.178,
				14,
				1.2,
				14,
				1,
				1.222,
				14,
				1.244,
				12.702,
				1.267,
				4,
				1,
				1.278,
				-0.351,
				1.289,
				-14,
				1.3,
				-14,
				1,
				1.322,
				-14,
				1.344,
				-8.613,
				1.367,
				0,
				1,
				1.389,
				8.613,
				1.411,
				12,
				1.433,
				12,
				1,
				1.456,
				12,
				1.478,
				10.57,
				1.5,
				5,
				1,
				1.511,
				2.215,
				1.522,
				-7.4,
				1.533,
				-9,
				1,
				1.567,
				-13.799,
				1.6,
				-15,
				1.633,
				-15,
				1,
				1.656,
				-15,
				1.678,
				0,
				1.7,
				0,
				1,
				1.722,
				0,
				1.744,
				-12,
				1.767,
				-12,
				1,
				1.8,
				-12,
				1.833,
				14,
				1.867,
				14,
				1,
				1.889,
				14,
				1.911,
				12.54,
				1.933,
				4,
				1,
				1.956,
				-4.54,
				1.978,
				-14,
				2,
				-14,
				1,
				2.022,
				-14,
				2.044,
				-10.818,
				2.067,
				0,
				1,
				2.078,
				5.409,
				2.089,
				12,
				2.1,
				12,
				1,
				2.122,
				12,
				2.144,
				9.667,
				2.167,
				5,
				1,
				2.189,
				0.333,
				2.211,
				-4.694,
				2.233,
				-9,
				1,
				2.256,
				-13.306,
				2.278,
				-15,
				2.3,
				-15,
				1,
				2.311,
				-15,
				2.322,
				0,
				2.333,
				0,
				1,
				2.356,
				0,
				2.378,
				-12,
				2.4,
				-12,
				1,
				2.444,
				-12,
				2.489,
				14,
				2.533,
				14,
				1,
				2.556,
				14,
				2.578,
				12.54,
				2.6,
				4,
				1,
				2.622,
				-4.54,
				2.644,
				-14,
				2.667,
				-14,
				1,
				2.678,
				-14,
				2.689,
				-4.919,
				2.7,
				0,
				1,
				2.722,
				9.839,
				2.744,
				12,
				2.767,
				12,
				1,
				2.8,
				12,
				2.833,
				10.366,
				2.867,
				5,
				1,
				2.889,
				1.422,
				2.911,
				-3.6,
				2.933,
				-9,
				1,
				2.944,
				-11.7,
				2.956,
				-15,
				2.967,
				-15,
				1,
				2.989,
				-15,
				3.011,
				0,
				3.033,
				0,
				1,
				3.056,
				0,
				3.078,
				-12,
				3.1,
				-12,
				1,
				3.111,
				-12,
				3.122,
				14,
				3.133,
				14,
				1,
				3.156,
				14,
				3.178,
				12.54,
				3.2,
				4,
				1,
				3.222,
				-4.54,
				3.244,
				-14,
				3.267,
				-14,
				1,
				3.3,
				-14,
				3.333,
				-8.612,
				3.367,
				0,
				1,
				3.4,
				8.612,
				3.433,
				12,
				3.467,
				12,
				1,
				3.489,
				12,
				3.511,
				9.667,
				3.533,
				5,
				1,
				3.556,
				0.333,
				3.578,
				-4.694,
				3.6,
				-9,
				1,
				3.622,
				-13.306,
				3.644,
				-15,
				3.667,
				-15,
				1,
				3.689,
				-15,
				3.711,
				0,
				3.733,
				0,
				1,
				3.744,
				0,
				3.756,
				-12,
				3.767,
				-12,
				1,
				3.789,
				-12,
				3.811,
				14,
				3.833,
				14,
				1,
				3.856,
				14,
				3.878,
				12.54,
				3.9,
				4,
				1,
				3.922,
				-4.54,
				3.944,
				-14,
				3.967,
				-14,
				1,
				4,
				-14,
				4.033,
				-10.96,
				4.067,
				0,
				1,
				4.078,
				3.653,
				4.089,
				12,
				4.1,
				12,
				1,
				4.122,
				12,
				4.144,
				9.667,
				4.167,
				5,
				1,
				4.189,
				0.333,
				4.211,
				-4.694,
				4.233,
				-9,
				1,
				4.256,
				-13.306,
				4.278,
				-15,
				4.3,
				-15,
				1,
				4.333,
				-15,
				4.367,
				0,
				4.4,
				0,
				1,
				4.422,
				0,
				4.444,
				-12,
				4.467,
				-12,
				1,
				4.478,
				-12,
				4.489,
				14,
				4.5,
				14,
				1,
				4.522,
				14,
				4.544,
				12.54,
				4.567,
				4,
				1,
				4.589,
				-4.54,
				4.611,
				-14,
				4.633,
				-14,
				1,
				4.656,
				-14,
				4.678,
				-4.901,
				4.7,
				0,
				1,
				4.744,
				9.802,
				4.789,
				12,
				4.833,
				12,
				1,
				4.856,
				12,
				4.878,
				10.57,
				4.9,
				5,
				1,
				4.911,
				2.215,
				4.922,
				-6.55,
				4.933,
				-9,
				1,
				4.956,
				-13.901,
				4.978,
				-15,
				5,
				-15,
				1,
				5.022,
				-15,
				5.044,
				0,
				5.067,
				0,
				1,
				5.089,
				0,
				5.111,
				-12,
				5.133,
				-12,
				1,
				5.144,
				-12,
				5.156,
				14,
				5.167,
				14,
				1,
				5.189,
				14,
				5.211,
				12.54,
				5.233,
				4,
				1,
				5.256,
				-4.54,
				5.278,
				-14,
				5.3,
				-14,
				1,
				5.322,
				-14,
				5.344,
				-10.818,
				5.367,
				0,
				1,
				5.378,
				5.409,
				5.389,
				12,
				5.4,
				12,
				1,
				5.422,
				12,
				5.444,
				8.578,
				5.467,
				5,
				1,
				5.5,
				-0.366,
				5.533,
				-3.885,
				5.567,
				-9,
				1,
				5.589,
				-12.41,
				5.611,
				-15,
				5.633,
				-15,
				1,
				5.656,
				-15,
				5.678,
				0,
				5.7,
				0,
				1,
				5.733,
				0,
				5.767,
				-12,
				5.8,
				-12,
				1,
				5.822,
				-12,
				5.844,
				14,
				5.867,
				14,
				1,
				5.889,
				14,
				5.911,
				12.54,
				5.933,
				4,
				1,
				5.956,
				-4.54,
				5.978,
				-14,
				6,
				-14
			]
		},
		{
			"Target": "Parameter",
			"Id": "ParamEyeBS",
			"Segments": [
				0,
				0,
				1,
				0.033,
				0,
				0.067,
				23,
				0.1,
				23,
				1,
				0.133,
				23,
				0.167,
				14,
				0.2,
				14,
				1,
				0.211,
				14,
				0.222,
				30,
				0.233,
				30,
				1,
				0.267,
				30,
				0.3,
				-11,
				0.333,
				-11,
				1,
				0.367,
				-11,
				0.4,
				9,
				0.433,
				9,
				1,
				0.489,
				9,
				0.544,
				-30,
				0.6,
				-30,
				1,
				0.633,
				-30,
				0.667,
				16,
				0.7,
				16,
				1,
				0.756,
				16,
				0.811,
				-12,
				0.867,
				-12,
				1,
				0.9,
				-12,
				0.933,
				30,
				0.967,
				30,
				1,
				0.989,
				30,
				1.011,
				0,
				1.033,
				0,
				1,
				1.067,
				0,
				1.1,
				30,
				1.133,
				30,
				1,
				1.167,
				30,
				1.2,
				5,
				1.233,
				5,
				1,
				1.244,
				5,
				1.256,
				22,
				1.267,
				22,
				1,
				1.3,
				22,
				1.333,
				-11,
				1.367,
				-11,
				1,
				1.4,
				-11,
				1.433,
				9,
				1.467,
				9,
				1,
				1.522,
				9,
				1.578,
				-30,
				1.633,
				-30,
				1,
				1.667,
				-30,
				1.7,
				16,
				1.733,
				16,
				1,
				1.789,
				16,
				1.844,
				-12,
				1.9,
				-12,
				1,
				1.933,
				-12,
				1.967,
				30,
				2,
				30,
				1,
				2.033,
				30,
				2.067,
				0,
				2.1,
				0,
				1,
				2.133,
				0,
				2.167,
				30,
				2.2,
				30,
				1,
				2.233,
				30,
				2.267,
				14,
				2.3,
				14,
				1,
				2.311,
				14,
				2.322,
				30,
				2.333,
				30,
				1,
				2.367,
				30,
				2.4,
				-11,
				2.433,
				-11,
				1,
				2.467,
				-11,
				2.5,
				9,
				2.533,
				9,
				1,
				2.589,
				9,
				2.644,
				-2.567,
				2.7,
				-21,
				1,
				2.711,
				-24.687,
				2.722,
				-25,
				2.733,
				-25,
				1,
				2.756,
				-25,
				2.778,
				16,
				2.8,
				16,
				1,
				2.856,
				16,
				2.911,
				-12,
				2.967,
				-12,
				1,
				3,
				-12,
				3.033,
				30,
				3.067,
				30,
				1,
				3.1,
				30,
				3.133,
				0,
				3.167,
				0,
				1,
				3.2,
				0,
				3.233,
				23,
				3.267,
				23,
				1,
				3.3,
				23,
				3.333,
				14,
				3.367,
				14,
				1,
				3.378,
				14,
				3.389,
				30,
				3.4,
				30,
				1,
				3.433,
				30,
				3.467,
				-22,
				3.5,
				-22,
				1,
				3.533,
				-22,
				3.567,
				9,
				3.6,
				9,
				1,
				3.656,
				9,
				3.711,
				-30,
				3.767,
				-30,
				1,
				3.8,
				-30,
				3.833,
				21,
				3.867,
				21,
				1,
				3.922,
				21,
				3.978,
				-12,
				4.033,
				-12,
				1,
				4.067,
				-12,
				4.1,
				30,
				4.133,
				30,
				1,
				4.144,
				30,
				4.156,
				-13,
				4.167,
				-13,
				1,
				4.2,
				-13,
				4.233,
				16,
				4.267,
				16,
				1,
				4.3,
				16,
				4.333,
				-6,
				4.367,
				-6,
				1,
				4.378,
				-6,
				4.389,
				30,
				4.4,
				30,
				1,
				4.433,
				30,
				4.467,
				-11,
				4.5,
				-11,
				1,
				4.533,
				-11,
				4.567,
				9,
				4.6,
				9,
				1,
				4.656,
				9,
				4.711,
				-30,
				4.767,
				-30,
				1,
				4.8,
				-30,
				4.833,
				16,
				4.867,
				16,
				1,
				4.922,
				16,
				4.978,
				-12,
				5.033,
				-12,
				1,
				5.067,
				-12,
				5.1,
				30,
				5.133,
				30,
				1,
				5.156,
				30,
				5.178,
				-11,
				5.2,
				-11,
				1,
				5.233,
				-11,
				5.267,
				30,
				5.3,
				30,
				1,
				5.333,
				30,
				5.367,
				3,
				5.4,
				3,
				1,
				5.411,
				3,
				5.422,
				30,
				5.433,
				30,
				1,
				5.467,
				30,
				5.5,
				-11,
				5.533,
				-11,
				1,
				5.567,
				-11,
				5.6,
				16,
				5.633,
				16,
				1,
				5.689,
				16,
				5.744,
				-25,
				5.8,
				-25,
				1,
				5.833,
				-25,
				5.867,
				23,
				5.9,
				23,
				1,
				5.933,
				23,
				5.967,
				10.062,
				6,
				3.594
			]
		},
		{
			"Target": "Parameter",
			"Id": "ParamPaiRY",
			"Segments": [
				0,
				5.726,
				1,
				0.011,
				5.726,
				0.022,
				5.633,
				0.033,
				5.588,
				1,
				0.211,
				4.867,
				0.389,
				4.54,
				0.567,
				4.54,
				1,
				1.1,
				4.54,
				1.633,
				5.238,
				2.167,
				10.74,
				1,
				2.522,
				14.408,
				2.878,
				22.14,
				3.233,
				22.14,
				1,
				4.156,
				22.14,
				5.078,
				16.723,
				6,
				6.018
			]
		},
		{
			"Target": "Parameter",
			"Id": "ParamPaiRX",
			"Segments": [
				0,
				-2.221,
				1,
				0.011,
				-2.221,
				0.022,
				-2.139,
				0.033,
				-2.123,
				1,
				0.211,
				-1.864,
				0.389,
				-1.462,
				0.567,
				-1.38,
				1,
				1.1,
				-1.135,
				1.633,
				-1.08,
				2.167,
				-1.08,
				1,
				2.522,
				-1.08,
				2.878,
				-13.86,
				3.233,
				-13.86,
				1,
				4.156,
				-13.86,
				5.078,
				-10.019,
				6,
				-2.428
			]
		},
		{
			"Target": "Parameter",
			"Id": "ParamPaiRY2",
			"Segments": [
				0,
				16.15,
				0,
				6,
				16.15
			]
		},
		{
			"Target": "Parameter",
			"Id": "ParamPaiRX2",
			"Segments": [
				0,
				1.82,
				0,
				6,
				1.82
			]
		},
		{
			"Target": "Parameter",
			"Id": "ParamPaiLY",
			"Segments": [
				0,
				4,
				0,
				6,
				4
			]
		},
		{
			"Target": "Parameter",
			"Id": "ParamPaiLX",
			"Segments": [
				0,
				-5.22,
				0,
				6,
				-5.22
			]
		},
		{
			"Target": "Parameter",
			"Id": "ParamPaiLY2",
			"Segments": [
				0,
				30,
				0,
				3,
				30,
				1,
				4,
				30,
				5,
				30,
				6,
				30
			]
		},
		{
			"Target": "Parameter",
			"Id": "ParamPaiLX2",
			"Segments": [
				0,
				-9,
				0,
				3,
				-9,
				1,
				4,
				-9,
				5,
				-9,
				6,
				-9
			]
		},
		{
			"Target": "Parameter",
			"Id": "ParamBreat",
			"Segments": [
				0,
				0,
				1,
				1,
				0,
				2,
				0.6,
				3,
				0.6,
				1,
				4,
				0.6,
				5,
				0.013,
				6,
				0
			]
		},
		{
			"Target": "Parameter",
			"Id": "ParammasukuX",
			"Segments": [
				0,
				-30,
				1,
				0.667,
				-30,
				1.333,
				30,
				2,
				30,
				1,
				2.667,
				30,
				3.333,
				-30,
				4,
				-30,
				1,
				4.667,
				-30,
				5.333,
				-30,
				6,
				-30
			]
		},
		{
			"Target": "Parameter",
			"Id": "ParammasukuY",
			"Segments": [
				0,
				29,
				1,
				0.667,
				29,
				1.333,
				-30,
				2,
				-30,
				1,
				2.667,
				-30,
				3.333,
				-30,
				4,
				-30,
				1,
				4.667,
				-30,
				5.333,
				28.049,
				6,
				29.952
			]
		},
		{
			"Target": "Parameter",
			"Id": "Param",
			"Segments": [
				0,
				22,
				1,
				1,
				22,
				2,
				-13,
				3,
				-13,
				1,
				4,
				-13,
				5,
				21.235,
				6,
				21.987
			]
		},
		{
			"Target": "Parameter",
			"Id": "Param2",
			"Segments": [
				0,
				10,
				1,
				1,
				10,
				2,
				-28,
				3,
				-28,
				1,
				4,
				-28,
				5,
				9.169,
				6,
				9.986
			]
		},
		{
			"Target": "Parameter",
			"Id": "Param3",
			"Segments": [
				0,
				11.079,
				1,
				0.011,
				11.079,
				0.022,
				11.185,
				0.033,
				11.233,
				1,
				0.156,
				11.769,
				0.278,
				12,
				0.4,
				12,
				1,
				1.4,
				12,
				2.4,
				-12,
				3.4,
				-12,
				1,
				4.267,
				-12,
				5.133,
				-4.36,
				6,
				10.671
			]
		},
		{
			"Target": "Parameter",
			"Id": "Param4",
			"Segments": [
				0,
				11.079,
				1,
				0.011,
				11.079,
				0.022,
				11.185,
				0.033,
				11.233,
				1,
				0.156,
				11.769,
				0.278,
				12,
				0.4,
				12,
				1,
				1.4,
				12,
				2.4,
				-12,
				3.4,
				-12,
				1,
				4.267,
				-12,
				5.133,
				-4.36,
				6,
				10.671
			]
		},
		{
			"Target": "Parameter",
			"Id": "Param5",
			"Segments": [
				0,
				-8.944,
				1,
				0.011,
				-8.944,
				0.022,
				-9.139,
				0.033,
				-9.234,
				1,
				0.256,
				-11.124,
				0.478,
				-12,
				0.7,
				-12,
				1,
				1.7,
				-12,
				2.7,
				12,
				3.7,
				12,
				1,
				4.467,
				12,
				5.233,
				5.125,
				6,
				-8.472
			]
		},
		{
			"Target": "Parameter",
			"Id": "Param6",
			"Segments": [
				0,
				8.944,
				1,
				0.011,
				8.944,
				0.022,
				9.139,
				0.033,
				9.234,
				1,
				0.256,
				11.124,
				0.478,
				12,
				0.7,
				12,
				1,
				1.7,
				12,
				2.7,
				-12,
				3.7,
				-12,
				1,
				4.467,
				-12,
				5.233,
				-5.125,
				6,
				8.472
			]
		},
		{
			"Target": "Parameter",
			"Id": "Param7",
			"Segments": [
				0,
				7.816,
				1,
				0.011,
				7.816,
				0.022,
				7.853,
				0.033,
				7.869,
				1,
				0.1,
				7.964,
				0.167,
				8,
				0.233,
				8,
				1,
				1.233,
				8,
				2.233,
				-18,
				3.233,
				-18,
				1,
				4.156,
				-18,
				5.078,
				-9.398,
				6,
				7.433
			]
		},
		{
			"Target": "Parameter",
			"Id": "Param8",
			"Segments": [
				0,
				5.716,
				1,
				0.011,
				5.716,
				0.022,
				5.755,
				0.033,
				5.773,
				1,
				0.133,
				5.933,
				0.233,
				6,
				0.333,
				6,
				1,
				1.333,
				6,
				2.333,
				-6,
				3.333,
				-6,
				1,
				4.222,
				-6,
				5.111,
				-2.119,
				6,
				5.517
			]
		},
		{
			"Target": "Parameter",
			"Id": "Param11",
			"Segments": [
				0,
				4.612,
				1,
				0.011,
				4.612,
				0.022,
				4.704,
				0.033,
				4.749,
				1,
				0.244,
				5.605,
				0.456,
				6,
				0.667,
				6,
				1,
				1.667,
				6,
				2.667,
				-6,
				3.667,
				-6,
				1,
				4.444,
				-6,
				5.222,
				-2.514,
				6,
				4.379
			]
		},
		{
			"Target": "PartOpacity",
			"Id": "Part",
			"Segments": [
				0,
				1,
				0,
				6,
				1
			]
		},
		{
			"Target": "PartOpacity",
			"Id": "Part2",
			"Segments": [
				0,
				1,
				0,
				6,
				1
			]
		},
		{
			"Target": "PartOpacity",
			"Id": "Part3",
			"Segments": [
				0,
				1,
				0,
				6,
				1
			]
		},
		{
			"Target": "PartOpacity",
			"Id": "Part4",
			"Segments": [
				0,
				1,
				0,
				6,
				1
			]
		},
		{
			"Target": "PartOpacity",
			"Id": "Part5",
			"Segments": [
				0,
				1,
				0,
				6,
				1
			]
		},
		{
			"Target": "PartOpacity",
			"Id": "Part6",
			"Segments": [
				0,
				1,
				0,
				6,
				1
			]
		},
		{
			"Target": "PartOpacity",
			"Id": "Part7",
			"Segments": [
				0,
				1,
				0,
				6,
				1
			]
		},
		{
			"Target": "PartOpacity",
			"Id": "Part8",
			"Segments": [
				0,
				1,
				0,
				6,
				1
			]
		},
		{
			"Target": "PartOpacity",
			"Id": "Part9",
			"Segments": [
				0,
				1,
				0,
				6,
				1
			]
		},
		{
			"Target": "PartOpacity",
			"Id": "Part10",
			"Segments": [
				0,
				1,
				0,
				6,
				1
			]
		},
		{
			"Target": "PartOpacity",
			"Id": "Part11",
			"Segments": [
				0,
				1,
				0,
				6,
				1
			]
		},
		{
			"Target": "PartOpacity",
			"Id": "Part12",
			"Segments": [
				0,
				1,
				0,
				6,
				1
			]
		},
		{
			"Target": "PartOpacity",
			"Id": "Part13",
			"Segments": [
				0,
				1,
				0,
				6,
				1
			]
		},
		{
			"Target": "PartOpacity",
			"Id": "Part14",
			"Segments": [
				0,
				1,
				0,
				6,
				1
			]
		},
		{
			"Target": "PartOpacity",
			"Id": "Part15",
			"Segments": [
				0,
				1,
				0,
				6,
				1
			]
		},
		{
			"Target": "PartOpacity",
			"Id": "Part16",
			"Segments": [
				0,
				1,
				0,
				6,
				1
			]
		},
		{
			"Target": "PartOpacity",
			"Id": "Part17",
			"Segments": [
				0,
				1,
				0,
				6,
				1
			]
		},
		{
			"Target": "PartOpacity",
			"Id": "Part18",
			"Segments": [
				0,
				1,
				0,
				6,
				1
			]
		},
		{
			"Target": "PartOpacity",
			"Id": "Part19",
			"Segments": [
				0,
				1,
				0,
				6,
				1
			]
		},
		{
			"Target": "PartOpacity",
			"Id": "Part20",
			"Segments": [
				0,
				1,
				0,
				6,
				1
			]
		},
		{
			"Target": "PartOpacity",
			"Id": "Part21",
			"Segments": [
				0,
				1,
				0,
				6,
				1
			]
		},
		{
			"Target": "PartOpacity",
			"Id": "Part22",
			"Segments": [
				0,
				1,
				0,
				6,
				1
			]
		},
		{
			"Target": "PartOpacity",
			"Id": "Part23",
			"Segments": [
				0,
				1,
				0,
				6,
				1
			]
		},
		{
			"Target": "PartOpacity",
			"Id": "Part24",
			"Segments": [
				0,
				1,
				0,
				6,
				1
			]
		},
		{
			"Target": "PartOpacity",
			"Id": "Part28",
			"Segments": [
				0,
				1,
				0,
				6,
				1
			]
		},
		{
			"Target": "PartOpacity",
			"Id": "Part25",
			"Segments": [
				0,
				1,
				0,
				6,
				1
			]
		},
		{
			"Target": "PartOpacity",
			"Id": "Part26",
			"Segments": [
				0,
				1,
				0,
				6,
				1
			]
		},
		{
			"Target": "PartOpacity",
			"Id": "Part27",
			"Segments": [
				0,
				1,
				0,
				6,
				1
			]
		},
		{
			"Target": "PartOpacity",
			"Id": "Part29",
			"Segments": [
				0,
				1,
				0,
				6,
				1
			]
		},
		{
			"Target": "PartOpacity",
			"Id": "Part30",
			"Segments": [
				0,
				1,
				0,
				6,
				1
			]
		},
		{
			"Target": "PartOpacity",
			"Id": "Part31",
			"Segments": [
				0,
				1,
				0,
				6,
				1
			]
		},
		{
			"Target": "PartOpacity",
			"Id": "Part32",
			"Segments": [
				0,
				1,
				0,
				6,
				1
			]
		},
		{
			"Target": "PartOpacity",
			"Id": "Part33",
			"Segments": [
				0,
				1,
				0,
				6,
				1
			]
		},
		{
			"Target": "PartOpacity",
			"Id": "Part34",
			"Segments": [
				0,
				1,
				0,
				6,
				1
			]
		}
	]
}