{
	"Version": 3,
	"Parameters": [
		{
			"Id": "ParamEff1",
			"GroupId": "ParamGroup",
			"Name": "エフェクト1"
		},
		{
			"Id": "ParamEff2",
			"GroupId": "ParamGroup",
			"Name": "エフェクト2"
		},
		{
			"Id": "ParamEff3",
			"GroupId": "ParamGroup",
			"Name": "エフェクト3"
		},
		{
			"Id": "ParamEff4",
			"GroupId": "ParamGroup",
			"Name": "エフェクト4"
		},
		{
			"Id": "ParamEff5",
			"GroupId": "ParamGroup",
			"Name": "エフェクト5"
		},
		{
			"Id": "ParamEff6",
			"GroupId": "ParamGroup",
			"Name": "エフェクト6"
		},
		{
			"Id": "ParamEff7",
			"GroupId": "ParamGroup",
			"Name": "エフェクト7"
		},
		{
			"Id": "ParamEff8",
			"GroupId": "ParamGroup",
			"Name": "エフェクト8"
		},
		{
			"Id": "ParamEff9",
			"GroupId": "ParamGroup",
			"Name": "エフェクト9"
		},
		{
			"Id": "ParamEff10",
			"GroupId": "ParamGroup",
			"Name": "エフェクト10"
		},
		{
			"Id": "ParamEff11",
			"GroupId": "ParamGroup",
			"Name": "エフェクト11"
		},
		{
			"Id": "ParamEff12",
			"GroupId": "ParamGroup",
			"Name": "エフェクト12"
		},
		{
			"Id": "ParamEff13",
			"GroupId": "ParamGroup",
			"Name": "エフェクト13"
		},
		{
			"Id": "ParamEff14",
			"GroupId": "ParamGroup",
			"Name": "エフェクト14"
		},
		{
			"Id": "ParamEff15",
			"GroupId": "ParamGroup",
			"Name": "エフェクト15"
		},
		{
			"Id": "ParamEff16",
			"GroupId": "ParamGroup",
			"Name": "エフェクト16"
		},
		{
			"Id": "ParamEff17",
			"GroupId": "ParamGroup",
			"Name": "エフェクト17"
		},
		{
			"Id": "ParamEff18",
			"GroupId": "ParamGroup",
			"Name": "エフェクト18"
		},
		{
			"Id": "ParamEff19",
			"GroupId": "ParamGroup",
			"Name": "エフェクト19"
		},
		{
			"Id": "ParamEff23",
			"GroupId": "ParamGroup",
			"Name": "エフェクト20"
		},
		{
			"Id": "ParamEff27",
			"GroupId": "ParamGroup",
			"Name": "エフェクト21"
		},
		{
			"Id": "ParamEff28",
			"GroupId": "ParamGroup",
			"Name": "エフェクト22"
		},
		{
			"Id": "ParamEff29",
			"GroupId": "ParamGroup",
			"Name": "エフェクト23"
		},
		{
			"Id": "ParamEff30",
			"GroupId": "ParamGroup",
			"Name": "エフェクト24"
		},
		{
			"Id": "ParamEff31",
			"GroupId": "ParamGroup",
			"Name": "エフェクト25"
		},
		{
			"Id": "ParamEff32",
			"GroupId": "ParamGroup",
			"Name": "エフェクト26"
		},
		{
			"Id": "ParamEff33",
			"GroupId": "ParamGroup",
			"Name": "エフェクト27"
		},
		{
			"Id": "ParamEff20",
			"GroupId": "ParamGroup",
			"Name": "エフェクト28"
		},
		{
			"Id": "ParamEff21",
			"GroupId": "ParamGroup",
			"Name": "エフェクト29"
		},
		{
			"Id": "ParamEff22",
			"GroupId": "ParamGroup",
			"Name": "エフェクト30"
		},
		{
			"Id": "ParamEff24",
			"GroupId": "ParamGroup",
			"Name": "エフェクト31"
		},
		{
			"Id": "ParamEff25",
			"GroupId": "ParamGroup",
			"Name": "エフェクト32"
		},
		{
			"Id": "ParamEff26",
			"GroupId": "ParamGroup",
			"Name": "エフェクト33"
		},
		{
			"Id": "ParamPachi",
			"GroupId": "ParamGroup2",
			"Name": "目パチ"
		},
		{
			"Id": "ParamLegL1",
			"GroupId": "ParamGroup2",
			"Name": "右太もも"
		},
		{
			"Id": "ParamLegL2",
			"GroupId": "ParamGroup2",
			"Name": "右足"
		},
		{
			"Id": "ParamLegR1",
			"GroupId": "ParamGroup2",
			"Name": "左太もも"
		},
		{
			"Id": "ParamLegR2",
			"GroupId": "ParamGroup2",
			"Name": "左足"
		},
		{
			"Id": "ParamEyeRL",
			"GroupId": "ParamGroup2",
			"Name": "目Hi左右"
		},
		{
			"Id": "ParamEyeUD",
			"GroupId": "ParamGroup2",
			"Name": "目Hi上下"
		},
		{
			"Id": "ParamEyeBS",
			"GroupId": "ParamGroup2",
			"Name": "目Hi大小"
		},
		{
			"Id": "ParamPaiRY",
			"GroupId": "ParamGroup2",
			"Name": "右胸 Y"
		},
		{
			"Id": "ParamPaiRX",
			"GroupId": "ParamGroup2",
			"Name": "右胸 X"
		},
		{
			"Id": "ParamPaiRY2",
			"GroupId": "ParamGroup2",
			"Name": "右胸 Y2"
		},
		{
			"Id": "ParamPaiRX2",
			"GroupId": "ParamGroup2",
			"Name": "右胸 X2"
		},
		{
			"Id": "ParamPaiLY",
			"GroupId": "ParamGroup2",
			"Name": "左胸 Y"
		},
		{
			"Id": "ParamPaiLX",
			"GroupId": "ParamGroup2",
			"Name": "左胸 X"
		},
		{
			"Id": "ParamPaiLY2",
			"GroupId": "ParamGroup2",
			"Name": "左胸 Y2"
		},
		{
			"Id": "ParamPaiLX2",
			"GroupId": "ParamGroup2",
			"Name": "左胸 X2"
		},
		{
			"Id": "ParamBreat",
			"GroupId": "ParamGroup2",
			"Name": "呼吸"
		},
		{
			"Id": "ParammasukuX",
			"GroupId": "ParamGroup3",
			"Name": "効果マスクX"
		},
		{
			"Id": "ParammasukuY",
			"GroupId": "ParamGroup3",
			"Name": "効果マスクY"
		},
		{
			"Id": "Param",
			"GroupId": "ParamGroup3",
			"Name": "前髪01"
		},
		{
			"Id": "Param2",
			"GroupId": "ParamGroup3",
			"Name": "前髪02"
		},
		{
			"Id": "Param3",
			"GroupId": "ParamGroup3",
			"Name": "右横髪"
		},
		{
			"Id": "Param4",
			"GroupId": "ParamGroup3",
			"Name": "左横髪"
		},
		{
			"Id": "Param5",
			"GroupId": "ParamGroup3",
			"Name": "右ツインテ"
		},
		{
			"Id": "Param6",
			"GroupId": "ParamGroup3",
			"Name": "左ツインテ"
		},
		{
			"Id": "Param7",
			"GroupId": "ParamGroup3",
			"Name": "右腕"
		},
		{
			"Id": "Param9",
			"GroupId": "ParamGroup3",
			"Name": "左腕"
		},
		{
			"Id": "Param8",
			"GroupId": "ParamGroup3",
			"Name": "水着リボン輪"
		},
		{
			"Id": "Param11",
			"GroupId": "ParamGroup3",
			"Name": "水着リボン紐"
		},
		{
			"Id": "Param10",
			"GroupId": "ParamGroup3",
			"Name": "顔の傾き"
		}
	],
	"ParameterGroups": [
		{
			"Id": "ParamGroup",
			"GroupId": "",
			"Name": "エフェクト"
		},
		{
			"Id": "ParamGroup2",
			"GroupId": "",
			"Name": "URアニメーション"
		},
		{
			"Id": "ParamGroup3",
			"GroupId": "",
			"Name": "追加"
		}
	],
	"Parts": [
		{
			"Id": "Part63",
			"Name": "1920x1440.psd"
		},
		{
			"Id": "Part",
			"Name": "補助"
		},
		{
			"Id": "Part2",
			"Name": "エフェクト_手前"
		},
		{
			"Id": "Part8",
			"Name": "花弁"
		},
		{
			"Id": "Part20",
			"Name": "呂布"
		},
		{
			"Id": "Part50",
			"Name": "エフェクト_奥"
		},
		{
			"Id": "Part62",
			"Name": "背景"
		},
		{
			"Id": "Part3",
			"Name": "きら05"
		},
		{
			"Id": "Part4",
			"Name": "きら04"
		},
		{
			"Id": "Part5",
			"Name": "きら03"
		},
		{
			"Id": "Part6",
			"Name": "きら02"
		},
		{
			"Id": "Part7",
			"Name": "きら01"
		},
		{
			"Id": "Part9",
			"Name": "花弁11"
		},
		{
			"Id": "Part10",
			"Name": "花弁10"
		},
		{
			"Id": "Part11",
			"Name": "花弁09"
		},
		{
			"Id": "Part12",
			"Name": "花弁08"
		},
		{
			"Id": "Part13",
			"Name": "花弁07"
		},
		{
			"Id": "Part14",
			"Name": "花弁06"
		},
		{
			"Id": "Part15",
			"Name": "花弁05"
		},
		{
			"Id": "Part16",
			"Name": "花弁04"
		},
		{
			"Id": "Part17",
			"Name": "花弁03"
		},
		{
			"Id": "Part18",
			"Name": "花弁02"
		},
		{
			"Id": "Part19",
			"Name": "花弁01"
		},
		{
			"Id": "Part21",
			"Name": "頭＋右手"
		},
		{
			"Id": "Part36",
			"Name": "上半身"
		},
		{
			"Id": "Part42",
			"Name": "腰"
		},
		{
			"Id": "Part44",
			"Name": "下半身"
		},
		{
			"Id": "Part46",
			"Name": "光彩"
		},
		{
			"Id": "Part51",
			"Name": "レンズフレア"
		},
		{
			"Id": "Part52",
			"Name": "五角形"
		},
		{
			"Id": "Part53",
			"Name": "粒子01"
		},
		{
			"Id": "Part54",
			"Name": "粒子02"
		},
		{
			"Id": "Part55",
			"Name": "ぽわ01"
		},
		{
			"Id": "Part56",
			"Name": "ぽわ02"
		},
		{
			"Id": "Part57",
			"Name": "ぽわ03"
		},
		{
			"Id": "Part58",
			"Name": "太陽光"
		},
		{
			"Id": "Part61",
			"Name": "海きら"
		},
		{
			"Id": "Part22",
			"Name": "髪_手前"
		},
		{
			"Id": "Part25",
			"Name": "顔"
		},
		{
			"Id": "Part33",
			"Name": "髪_奥"
		},
		{
			"Id": "Part37",
			"Name": "胸"
		},
		{
			"Id": "Part38",
			"Name": "右腕"
		},
		{
			"Id": "Part40",
			"Name": "左腕"
		},
		{
			"Id": "Part43",
			"Name": "水着リボン"
		},
		{
			"Id": "Part45",
			"Name": "左足"
		},
		{
			"Id": "Part47",
			"Name": "頭＋右手"
		},
		{
			"Id": "Part49",
			"Name": "上半身"
		},
		{
			"Id": "Part59",
			"Name": "射光01"
		},
		{
			"Id": "Part60",
			"Name": "射光02"
		},
		{
			"Id": "Part23",
			"Name": "右ツインテ"
		},
		{
			"Id": "Part24",
			"Name": "前髪"
		},
		{
			"Id": "Part28",
			"Name": "右手"
		},
		{
			"Id": "Part26",
			"Name": "眉"
		},
		{
			"Id": "Part27",
			"Name": "閉じ目"
		},
		{
			"Id": "Part29",
			"Name": "開き目"
		},
		{
			"Id": "Part32",
			"Name": "顔"
		},
		{
			"Id": "Part34",
			"Name": "左ツインテ"
		},
		{
			"Id": "Part35",
			"Name": "左横髪_奥"
		},
		{
			"Id": "Part39",
			"Name": "右前腕"
		},
		{
			"Id": "Part41",
			"Name": "左二の腕"
		},
		{
			"Id": "Part48",
			"Name": "髪_奥"
		},
		{
			"Id": "Part30",
			"Name": "右目"
		},
		{
			"Id": "Part31",
			"Name": "左目"
		}
	],
	"CombinedParameters": [
		[
			"ParamEyeRL",
			"ParamEyeUD"
		],
		[
			"ParamPaiRY",
			"ParamPaiRX"
		],
		[
			"ParamPaiRY2",
			"ParamPaiRX2"
		],
		[
			"ParamPaiLY",
			"ParamPaiLX"
		],
		[
			"ParamPaiLY2",
			"ParamPaiLX2"
		],
		[
			"ParammasukuX",
			"ParammasukuY"
		]
	]
}