{
	"Version": 3,
	"Meta": {
		"Duration": 6,
		"Fps": 30.0,
		"Loop": true,
		"AreBeziersRestricted": false,
		"CurveCount": 82,
		"TotalSegmentCount": 514,
		"TotalPointCount": 1624,
		"UserDataCount": 0,
		"TotalUserDataSize": 0
	},
	"Curves": [
		{
			"Target": "Parameter",
			"Id": "ParamEff1",
			"Segments": [
				0,
				0,
				1,
				0.1,
				0,
				0.2,
				0,
				0.3,
				0,
				1,
				0.456,
				0,
				0.611,
				0.495,
				0.767,
				0.495,
				1,
				0.789,
				0.495,
				0.811,
				0.262,
				0.833,
				0.262,
				1,
				0.878,
				0.262,
				0.922,
				0.758,
				0.967,
				0.758,
				1,
				1.011,
				0.758,
				1.056,
				0.773,
				1.1,
				0.724,
				1,
				1.167,
				0.651,
				1.233,
				0.175,
				1.3,
				0.175,
				1,
				1.344,
				0.175,
				1.389,
				0.422,
				1.433,
				0.422,
				1,
				1.544,
				0.422,
				1.656,
				0,
				1.767,
				0,
				1,
				2,
				0,
				2.233,
				0,
				2.467,
				0,
				1,
				2.667,
				0,
				2.867,
				0.373,
				3.067,
				0.373,
				1,
				3.133,
				0.373,
				3.2,
				0.006,
				3.267,
				0.006,
				1,
				3.311,
				0.006,
				3.356,
				0.008,
				3.4,
				0.174,
				1,
				3.467,
				0.424,
				3.533,
				0.725,
				3.6,
				0.725,
				1,
				3.644,
				0.725,
				3.689,
				0.441,
				3.733,
				0.441,
				1,
				3.778,
				0.441,
				3.822,
				0.735,
				3.867,
				0.786,
				1,
				3.922,
				0.849,
				3.978,
				0.844,
				4.033,
				0.844,
				1,
				4.167,
				0.844,
				4.3,
				0.603,
				4.433,
				0.306,
				1,
				4.544,
				0.059,
				4.656,
				0,
				4.767,
				0,
				1,
				4.9,
				0,
				5.033,
				0,
				5.167,
				0,
				1,
				5.244,
				0,
				5.322,
				0.882,
				5.4,
				0.882,
				1,
				5.433,
				0.882,
				5.467,
				0.517,
				5.5,
				0.517,
				1,
				5.544,
				0.517,
				5.589,
				0.897,
				5.633,
				0.897,
				1,
				5.7,
				0.897,
				5.767,
				0,
				5.833,
				0,
				1,
				5.889,
				0,
				5.944,
				0,
				6,
				0
			]
		},
		{
			"Target": "Parameter",
			"Id": "ParamEff2",
			"Segments": [
				0,
				0,
				1,
				0.033,
				0,
				0.067,
				0,
				0.1,
				0,
				1,
				0.256,
				0,
				0.411,
				0.437,
				0.567,
				0.437,
				1,
				0.589,
				0.437,
				0.611,
				0.246,
				0.633,
				0.246,
				1,
				0.678,
				0.246,
				0.722,
				0.653,
				0.767,
				0.653,
				1,
				0.811,
				0.653,
				0.856,
				0.666,
				0.9,
				0.625,
				1,
				0.967,
				0.565,
				1.033,
				0.175,
				1.1,
				0.175,
				1,
				1.144,
				0.175,
				1.189,
				0.378,
				1.233,
				0.378,
				1,
				1.344,
				0.378,
				1.456,
				0,
				1.567,
				0,
				1,
				1.8,
				0,
				2.033,
				0,
				2.267,
				0,
				1,
				2.467,
				0,
				2.667,
				0.337,
				2.867,
				0.337,
				1,
				2.933,
				0.337,
				3,
				0.006,
				3.067,
				0.006,
				1,
				3.111,
				0.006,
				3.156,
				0.022,
				3.2,
				0.174,
				1,
				3.267,
				0.403,
				3.333,
				0.626,
				3.4,
				0.626,
				1,
				3.444,
				0.626,
				3.489,
				0.509,
				3.533,
				0.509,
				1,
				3.578,
				0.509,
				3.622,
				0.644,
				3.667,
				0.676,
				1,
				3.733,
				0.723,
				3.8,
				0.724,
				3.867,
				0.724,
				1,
				3.989,
				0.724,
				4.111,
				0.528,
				4.233,
				0.283,
				1,
				4.344,
				0.06,
				4.456,
				0,
				4.567,
				0,
				1,
				4.7,
				0,
				4.833,
				0,
				4.967,
				0,
				1,
				5.033,
				0,
				5.1,
				0.673,
				5.167,
				0.673,
				1,
				5.2,
				0.673,
				5.233,
				0.571,
				5.267,
				0.571,
				1,
				5.322,
				0.571,
				5.378,
				0.767,
				5.433,
				0.767,
				1,
				5.5,
				0.767,
				5.567,
				0,
				5.633,
				0,
				1,
				5.722,
				0,
				5.811,
				0,
				5.9,
				0,
				1,
				5.933,
				0,
				5.967,
				0,
				6,
				0
			]
		},
		{
			"Target": "Parameter",
			"Id": "ParamEff3",
			"Segments": [
				0,
				0.674,
				1,
				0.122,
				0.674,
				0.244,
				0,
				0.367,
				0,
				1,
				0.456,
				0,
				0.544,
				0,
				0.633,
				0,
				1,
				0.767,
				0,
				0.9,
				0.324,
				1.033,
				0.324,
				1,
				1.1,
				0.324,
				1.167,
				0.006,
				1.233,
				0.006,
				1,
				1.278,
				0.006,
				1.322,
				0.075,
				1.367,
				0.174,
				1,
				1.433,
				0.324,
				1.5,
				0.541,
				1.567,
				0.591,
				1,
				1.633,
				0.641,
				1.7,
				0.636,
				1.767,
				0.636,
				1,
				1.789,
				0.636,
				1.811,
				0.512,
				1.833,
				0.512,
				1,
				1.889,
				0.512,
				1.944,
				0.681,
				2,
				0.681,
				1,
				2.089,
				0.681,
				2.178,
				0.274,
				2.267,
				0.274,
				1,
				2.311,
				0.274,
				2.356,
				0.347,
				2.4,
				0.347,
				1,
				2.444,
				0.347,
				2.489,
				0,
				2.533,
				0,
				1,
				2.578,
				0,
				2.622,
				0,
				2.667,
				0,
				1,
				2.867,
				0,
				3.067,
				0.109,
				3.267,
				0.417,
				1,
				3.311,
				0.485,
				3.356,
				0.615,
				3.4,
				0.615,
				1,
				3.444,
				0.615,
				3.489,
				0.627,
				3.533,
				0.59,
				1,
				3.6,
				0.535,
				3.667,
				0.175,
				3.733,
				0.175,
				1,
				3.778,
				0.175,
				3.822,
				0.362,
				3.867,
				0.362,
				1,
				3.967,
				0.362,
				4.067,
				0,
				4.167,
				0,
				1,
				4.456,
				0,
				4.744,
				0,
				5.033,
				0,
				1,
				5.189,
				0,
				5.344,
				0.721,
				5.5,
				0.721,
				1,
				5.567,
				0.721,
				5.633,
				0,
				5.7,
				0,
				1,
				5.8,
				0,
				5.9,
				0.674,
				6,
				0.674
			]
		},
		{
			"Target": "Parameter",
			"Id": "ParamEff4",
			"Segments": [
				0,
				0,
				1,
				0.078,
				0,
				0.156,
				0,
				0.233,
				0,
				1,
				0.322,
				0,
				0.411,
				0,
				0.5,
				0,
				1,
				0.556,
				0,
				0.611,
				0.289,
				0.667,
				0.289,
				1,
				0.7,
				0.289,
				0.733,
				0.159,
				0.767,
				0.159,
				1,
				0.811,
				0.159,
				0.856,
				0.324,
				0.9,
				0.324,
				1,
				0.967,
				0.324,
				1.033,
				0.006,
				1.1,
				0.006,
				1,
				1.144,
				0.006,
				1.189,
				0.075,
				1.233,
				0.174,
				1,
				1.3,
				0.324,
				1.367,
				0.541,
				1.433,
				0.591,
				1,
				1.5,
				0.641,
				1.567,
				0.636,
				1.633,
				0.636,
				1,
				1.656,
				0.636,
				1.678,
				0.512,
				1.7,
				0.512,
				1,
				1.767,
				0.512,
				1.833,
				0.681,
				1.9,
				0.681,
				1,
				1.978,
				0.681,
				2.056,
				0.274,
				2.133,
				0.274,
				1,
				2.178,
				0.274,
				2.222,
				0.347,
				2.267,
				0.347,
				1,
				2.311,
				0.347,
				2.356,
				0,
				2.4,
				0,
				1,
				2.444,
				0,
				2.489,
				0,
				2.533,
				0,
				1,
				2.733,
				0,
				2.933,
				0.109,
				3.133,
				0.417,
				1,
				3.178,
				0.485,
				3.222,
				0.615,
				3.267,
				0.615,
				1,
				3.311,
				0.615,
				3.356,
				0.627,
				3.4,
				0.59,
				1,
				3.467,
				0.535,
				3.533,
				0.175,
				3.6,
				0.175,
				1,
				3.644,
				0.175,
				3.689,
				0.362,
				3.733,
				0.362,
				1,
				3.833,
				0.362,
				3.933,
				0,
				4.033,
				0,
				1,
				4.322,
				0,
				4.611,
				0,
				4.9,
				0,
				1,
				5.056,
				0,
				5.211,
				0.721,
				5.367,
				0.721,
				1,
				5.433,
				0.721,
				5.5,
				0,
				5.567,
				0,
				1,
				5.711,
				0,
				5.856,
				0,
				6,
				0
			]
		},
		{
			"Target": "Parameter",
			"Id": "ParamEff5",
			"Segments": [
				0,
				0.379,
				1,
				0.033,
				0.379,
				0.067,
				0.512,
				0.1,
				0.512,
				1,
				0.144,
				0.512,
				0.189,
				0.174,
				0.233,
				0.174,
				1,
				0.256,
				0.174,
				0.278,
				0.443,
				0.3,
				0.443,
				1,
				0.367,
				0.443,
				0.433,
				0.079,
				0.5,
				0.079,
				1,
				0.522,
				0.079,
				0.544,
				0.636,
				0.567,
				0.636,
				1,
				0.633,
				0.636,
				0.7,
				0.634,
				0.767,
				0.493,
				1,
				0.878,
				0.258,
				0.989,
				0,
				1.1,
				0,
				1,
				1.278,
				0,
				1.456,
				0,
				1.633,
				0,
				1,
				1.7,
				0,
				1.767,
				0.347,
				1.833,
				0.347,
				1,
				1.911,
				0.347,
				1.989,
				0,
				2.067,
				0,
				1,
				2.133,
				0,
				2.2,
				0.037,
				2.267,
				0.174,
				1,
				2.311,
				0.266,
				2.356,
				0.362,
				2.4,
				0.362,
				1,
				2.489,
				0.362,
				2.578,
				0,
				2.667,
				0,
				1,
				2.822,
				0,
				2.978,
				0,
				3.133,
				0,
				1,
				3.222,
				0,
				3.311,
				0.512,
				3.4,
				0.512,
				1,
				3.444,
				0.512,
				3.489,
				0.174,
				3.533,
				0.174,
				1,
				3.578,
				0.174,
				3.622,
				0.76,
				3.667,
				0.76,
				1,
				3.756,
				0.76,
				3.844,
				0.71,
				3.933,
				0.58,
				1,
				4.189,
				0.205,
				4.444,
				0,
				4.7,
				0,
				1,
				4.733,
				0,
				4.767,
				0.274,
				4.8,
				0.274,
				1,
				4.856,
				0.274,
				4.911,
				0,
				4.967,
				0,
				1,
				5.1,
				0,
				5.233,
				0,
				5.367,
				0,
				1,
				5.5,
				0,
				5.633,
				0.091,
				5.767,
				0.362,
				1,
				5.789,
				0.407,
				5.811,
				0.636,
				5.833,
				0.636,
				1,
				5.889,
				0.636,
				5.944,
				0.379,
				6,
				0.379
			]
		},
		{
			"Target": "Parameter",
			"Id": "ParamEff6",
			"Segments": [
				0,
				0.79,
				1,
				0.033,
				0.908,
				0.067,
				0.897,
				0.1,
				0.897,
				1,
				0.167,
				0.897,
				0.233,
				0,
				0.3,
				0,
				1,
				0.356,
				0,
				0.411,
				0,
				0.467,
				0,
				1,
				0.567,
				0,
				0.667,
				0,
				0.767,
				0,
				1,
				0.922,
				0,
				1.078,
				0.495,
				1.233,
				0.495,
				1,
				1.256,
				0.495,
				1.278,
				0.262,
				1.3,
				0.262,
				1,
				1.344,
				0.262,
				1.389,
				0.758,
				1.433,
				0.758,
				1,
				1.478,
				0.758,
				1.522,
				0.773,
				1.567,
				0.724,
				1,
				1.633,
				0.651,
				1.7,
				0.175,
				1.767,
				0.175,
				1,
				1.811,
				0.175,
				1.856,
				0.422,
				1.9,
				0.422,
				1,
				2.011,
				0.422,
				2.122,
				0,
				2.233,
				0,
				1,
				2.467,
				0,
				2.7,
				0,
				2.933,
				0,
				1,
				3.133,
				0,
				3.333,
				0.373,
				3.533,
				0.373,
				1,
				3.6,
				0.373,
				3.667,
				0.006,
				3.733,
				0.006,
				1,
				3.778,
				0.006,
				3.822,
				0.008,
				3.867,
				0.174,
				1,
				3.933,
				0.424,
				4,
				0.725,
				4.067,
				0.725,
				1,
				4.111,
				0.725,
				4.156,
				0.441,
				4.2,
				0.441,
				1,
				4.244,
				0.441,
				4.289,
				0.735,
				4.333,
				0.786,
				1,
				4.389,
				0.849,
				4.444,
				0.844,
				4.5,
				0.844,
				1,
				4.633,
				0.844,
				4.767,
				0.603,
				4.9,
				0.306,
				1,
				5.011,
				0.059,
				5.122,
				0,
				5.233,
				0,
				1,
				5.367,
				0,
				5.5,
				0,
				5.633,
				0,
				1,
				5.711,
				0,
				5.789,
				0.882,
				5.867,
				0.882,
				1,
				5.9,
				0.882,
				5.933,
				0.517,
				5.967,
				0.517,
				1,
				5.978,
				0.517,
				5.989,
				0.76,
				6,
				0.79
			]
		},
		{
			"Target": "Parameter",
			"Id": "ParamEff7",
			"Segments": [
				0,
				0.882,
				1,
				0.222,
				0.882,
				0.444,
				0.882,
				0.667,
				0.872,
				1,
				0.778,
				0.867,
				0.889,
				0.763,
				1,
				0.763,
				1,
				1.156,
				0.763,
				1.311,
				0.882,
				1.467,
				0.882,
				1,
				1.956,
				0.882,
				2.444,
				0.858,
				2.933,
				0.763,
				1,
				3.089,
				0.733,
				3.244,
				0.649,
				3.4,
				0.649,
				1,
				3.533,
				0.649,
				3.667,
				0.851,
				3.8,
				0.858,
				1,
				4.2,
				0.879,
				4.6,
				0.882,
				5,
				0.882,
				1,
				5.156,
				0.882,
				5.311,
				0.795,
				5.467,
				0.795,
				1,
				5.644,
				0.795,
				5.822,
				0.882,
				6,
				0.882
			]
		},
		{
			"Target": "Parameter",
			"Id": "ParamEff8",
			"Segments": [
				0,
				0.44,
				1,
				0.378,
				0.44,
				0.756,
				0.597,
				1.133,
				0.597,
				1,
				1.267,
				0.597,
				1.4,
				0.443,
				1.533,
				0.443,
				1,
				1.622,
				0.443,
				1.711,
				0.462,
				1.8,
				0.513,
				1,
				1.933,
				0.589,
				2.067,
				0.746,
				2.2,
				0.757,
				1,
				2.378,
				0.772,
				2.556,
				0.772,
				2.733,
				0.785,
				1,
				2.844,
				0.793,
				2.956,
				0.812,
				3.067,
				0.812,
				1,
				3.333,
				0.812,
				3.6,
				0.695,
				3.867,
				0.567,
				1,
				4.089,
				0.461,
				4.311,
				0.44,
				4.533,
				0.44,
				1,
				4.8,
				0.44,
				5.067,
				0.44,
				5.333,
				0.44,
				1,
				5.556,
				0.44,
				5.778,
				0.44,
				6,
				0.44
			]
		},
		{
			"Target": "Parameter",
			"Id": "ParamEff9",
			"Segments": [
				0,
				0.959,
				1,
				0.222,
				0.959,
				0.444,
				0.958,
				0.667,
				0.928,
				1,
				0.778,
				0.912,
				0.889,
				0.591,
				1,
				0.591,
				1,
				1.156,
				0.591,
				1.311,
				0.962,
				1.467,
				0.962,
				1,
				1.956,
				0.962,
				2.444,
				0.886,
				2.933,
				0.591,
				1,
				3.089,
				0.498,
				3.244,
				0.238,
				3.4,
				0.238,
				1,
				3.533,
				0.238,
				3.667,
				0.861,
				3.8,
				0.884,
				1,
				4.2,
				0.952,
				4.6,
				0.962,
				5,
				0.962,
				1,
				5.156,
				0.962,
				5.311,
				0.69,
				5.467,
				0.69,
				1,
				5.644,
				0.69,
				5.822,
				0.959,
				6,
				0.959
			]
		},
		{
			"Target": "Parameter",
			"Id": "ParamPachi",
			"Segments": [
				0,
				1,
				1,
				1.1,
				1,
				2.2,
				1,
				3.3,
				1,
				1,
				3.344,
				1,
				3.389,
				0,
				3.433,
				0,
				1,
				3.444,
				0,
				3.456,
				0,
				3.467,
				0,
				1,
				3.511,
				0,
				3.556,
				1,
				3.6,
				1,
				1,
				4.4,
				1,
				5.2,
				1,
				6,
				1
			]
		},
		{
			"Target": "Parameter",
			"Id": "ParamEyeRL",
			"Segments": [
				0,
				0,
				1,
				0.044,
				6.167,
				0.089,
				8.571,
				0.133,
				8.571,
				1,
				0.189,
				8.571,
				0.244,
				-1.978,
				0.3,
				-1.978,
				1,
				0.333,
				-1.978,
				0.367,
				0.824,
				0.4,
				0.824,
				1,
				0.433,
				0.824,
				0.467,
				-0.659,
				0.5,
				-0.659,
				1,
				0.578,
				-0.659,
				0.656,
				9.554,
				0.733,
				9.554,
				1,
				0.767,
				9.554,
				0.8,
				-4.615,
				0.833,
				-4.615,
				1,
				0.9,
				-4.615,
				0.967,
				-4.536,
				1.033,
				-3.626,
				1,
				1.067,
				-3.172,
				1.1,
				2.637,
				1.133,
				2.637,
				1,
				1.156,
				2.637,
				1.178,
				-4.615,
				1.2,
				-4.615,
				1,
				1.244,
				-4.615,
				1.289,
				1.813,
				1.333,
				1.813,
				1,
				1.389,
				1.813,
				1.444,
				-2.402,
				1.5,
				-2.402,
				1,
				1.578,
				-2.402,
				1.656,
				2.214,
				1.733,
				3.132,
				1,
				1.8,
				3.919,
				1.867,
				3.791,
				1.933,
				3.791,
				1,
				1.967,
				3.791,
				2,
				3.12,
				2.033,
				0.33,
				1,
				2.044,
				-0.601,
				2.056,
				-4.78,
				2.067,
				-4.78,
				1,
				2.122,
				-4.78,
				2.178,
				-3.754,
				2.233,
				-0.659,
				1,
				2.278,
				1.816,
				2.322,
				3.791,
				2.367,
				3.791,
				1,
				2.4,
				3.791,
				2.433,
				-3.791,
				2.467,
				-3.791,
				1,
				2.511,
				-3.791,
				2.556,
				2.308,
				2.6,
				2.308,
				1,
				2.633,
				2.308,
				2.667,
				-1.978,
				2.7,
				-1.978,
				1,
				2.756,
				-1.978,
				2.811,
				5.868,
				2.867,
				5.868,
				1,
				2.9,
				5.868,
				2.933,
				-3.462,
				2.967,
				-3.462,
				1,
				2.978,
				-3.462,
				2.989,
				-1.542,
				3,
				0,
				1,
				3.044,
				6.167,
				3.089,
				8.571,
				3.133,
				8.571,
				1,
				3.189,
				8.571,
				3.244,
				-1.978,
				3.3,
				-1.978,
				1,
				3.333,
				-1.978,
				3.367,
				0.824,
				3.4,
				0.824,
				1,
				3.433,
				0.824,
				3.467,
				-0.659,
				3.5,
				-0.659,
				1,
				3.578,
				-0.659,
				3.656,
				9.554,
				3.733,
				9.554,
				1,
				3.767,
				9.554,
				3.8,
				-4.615,
				3.833,
				-4.615,
				1,
				3.9,
				-4.615,
				3.967,
				-4.536,
				4.033,
				-3.626,
				1,
				4.067,
				-3.172,
				4.1,
				2.637,
				4.133,
				2.637,
				1,
				4.156,
				2.637,
				4.178,
				-4.615,
				4.2,
				-4.615,
				1,
				4.244,
				-4.615,
				4.289,
				1.813,
				4.333,
				1.813,
				1,
				4.389,
				1.813,
				4.444,
				-2.402,
				4.5,
				-2.402,
				1,
				4.578,
				-2.402,
				4.656,
				2.214,
				4.733,
				3.132,
				1,
				4.8,
				3.919,
				4.867,
				3.791,
				4.933,
				3.791,
				1,
				4.967,
				3.791,
				5,
				3.12,
				5.033,
				0.33,
				1,
				5.044,
				-0.601,
				5.056,
				-4.78,
				5.067,
				-4.78,
				1,
				5.122,
				-4.78,
				5.178,
				-3.754,
				5.233,
				-0.659,
				1,
				5.278,
				1.816,
				5.322,
				3.791,
				5.367,
				3.791,
				1,
				5.4,
				3.791,
				5.433,
				-3.791,
				5.467,
				-3.791,
				1,
				5.511,
				-3.791,
				5.556,
				2.308,
				5.6,
				2.308,
				1,
				5.633,
				2.308,
				5.667,
				-1.978,
				5.7,
				-1.978,
				1,
				5.756,
				-1.978,
				5.811,
				5.868,
				5.867,
				5.868,
				1,
				5.9,
				5.868,
				5.933,
				-3.462,
				5.967,
				-3.462,
				1,
				5.978,
				-3.462,
				5.989,
				-1.542,
				6,
				0
			]
		},
		{
			"Target": "Parameter",
			"Id": "ParamEyeUD",
			"Segments": [
				0,
				-0.165,
				1,
				0.033,
				1.467,
				0.067,
				2.022,
				0.1,
				3.626,
				1,
				0.122,
				4.696,
				0.144,
				6.593,
				0.167,
				6.593,
				1,
				0.2,
				6.593,
				0.233,
				-5.275,
				0.267,
				-5.275,
				1,
				0.311,
				-5.275,
				0.356,
				3.626,
				0.4,
				3.626,
				1,
				0.433,
				3.626,
				0.467,
				-6.758,
				0.5,
				-6.758,
				1,
				0.567,
				-6.758,
				0.633,
				11.868,
				0.7,
				11.868,
				1,
				0.744,
				11.868,
				0.789,
				-2.473,
				0.833,
				-2.473,
				1,
				0.878,
				-2.473,
				0.922,
				1.813,
				0.967,
				1.813,
				1,
				1.044,
				1.813,
				1.122,
				0.825,
				1.2,
				-1.978,
				1,
				1.233,
				-3.179,
				1.267,
				-4.451,
				1.3,
				-4.451,
				1,
				1.344,
				-4.451,
				1.389,
				4.78,
				1.433,
				4.78,
				1,
				1.467,
				4.78,
				1.5,
				-1.813,
				1.533,
				-1.813,
				1,
				1.567,
				-1.813,
				1.6,
				5.11,
				1.633,
				5.11,
				1,
				1.667,
				5.11,
				1.7,
				4.734,
				1.733,
				3.626,
				1,
				1.767,
				2.519,
				1.8,
				1.562,
				1.833,
				-0.165,
				1,
				1.856,
				-1.316,
				1.878,
				-5.275,
				1.9,
				-5.275,
				1,
				1.922,
				-5.275,
				1.944,
				-3.96,
				1.967,
				-0.495,
				1,
				2.011,
				6.437,
				2.056,
				10.385,
				2.1,
				10.385,
				1,
				2.122,
				10.385,
				2.144,
				-2.473,
				2.167,
				-2.473,
				1,
				2.189,
				-2.473,
				2.211,
				4.78,
				2.233,
				4.78,
				1,
				2.267,
				4.78,
				2.3,
				-0.165,
				2.333,
				-0.165,
				1,
				2.411,
				-0.165,
				2.489,
				5.275,
				2.567,
				5.275,
				1,
				2.622,
				5.275,
				2.678,
				5.324,
				2.733,
				4.78,
				1,
				2.778,
				4.345,
				2.822,
				-4.451,
				2.867,
				-4.451,
				1,
				2.911,
				-4.451,
				2.956,
				-2.341,
				3,
				-0.165,
				1,
				3.033,
				1.467,
				3.067,
				2.022,
				3.1,
				3.626,
				1,
				3.122,
				4.696,
				3.144,
				6.593,
				3.167,
				6.593,
				1,
				3.2,
				6.593,
				3.233,
				-5.275,
				3.267,
				-5.275,
				1,
				3.311,
				-5.275,
				3.356,
				3.626,
				3.4,
				3.626,
				1,
				3.433,
				3.626,
				3.467,
				-6.758,
				3.5,
				-6.758,
				1,
				3.567,
				-6.758,
				3.633,
				11.868,
				3.7,
				11.868,
				1,
				3.744,
				11.868,
				3.789,
				-2.473,
				3.833,
				-2.473,
				1,
				3.878,
				-2.473,
				3.922,
				1.813,
				3.967,
				1.813,
				1,
				4.044,
				1.813,
				4.122,
				0.825,
				4.2,
				-1.978,
				1,
				4.233,
				-3.179,
				4.267,
				-4.451,
				4.3,
				-4.451,
				1,
				4.344,
				-4.451,
				4.389,
				4.78,
				4.433,
				4.78,
				1,
				4.467,
				4.78,
				4.5,
				-1.813,
				4.533,
				-1.813,
				1,
				4.567,
				-1.813,
				4.6,
				5.11,
				4.633,
				5.11,
				1,
				4.667,
				5.11,
				4.7,
				4.734,
				4.733,
				3.626,
				1,
				4.767,
				2.519,
				4.8,
				1.562,
				4.833,
				-0.165,
				1,
				4.856,
				-1.316,
				4.878,
				-5.275,
				4.9,
				-5.275,
				1,
				4.922,
				-5.275,
				4.944,
				-3.96,
				4.967,
				-0.495,
				1,
				5.011,
				6.437,
				5.056,
				10.385,
				5.1,
				10.385,
				1,
				5.122,
				10.385,
				5.144,
				-2.473,
				5.167,
				-2.473,
				1,
				5.189,
				-2.473,
				5.211,
				4.78,
				5.233,
				4.78,
				1,
				5.267,
				4.78,
				5.3,
				-0.165,
				5.333,
				-0.165,
				1,
				5.411,
				-0.165,
				5.489,
				5.275,
				5.567,
				5.275,
				1,
				5.622,
				5.275,
				5.678,
				5.324,
				5.733,
				4.78,
				1,
				5.778,
				4.345,
				5.822,
				-4.451,
				5.867,
				-4.451,
				1,
				5.911,
				-4.451,
				5.956,
				-2.341,
				6,
				-0.165
			]
		},
		{
			"Target": "Parameter",
			"Id": "ParamEyeBS",
			"Segments": [
				0,
				-0.133,
				1,
				0.044,
				10.019,
				0.089,
				10.806,
				0.133,
				10.806,
				1,
				0.2,
				10.806,
				0.267,
				-21.783,
				0.333,
				-21.783,
				1,
				0.4,
				-21.783,
				0.467,
				22.539,
				0.533,
				22.539,
				1,
				0.578,
				22.539,
				0.622,
				-14.133,
				0.667,
				-14.133,
				1,
				0.722,
				-14.133,
				0.778,
				22.205,
				0.833,
				22.205,
				1,
				0.856,
				22.205,
				0.878,
				-26.114,
				0.9,
				-26.114,
				1,
				0.944,
				-26.114,
				0.989,
				16.317,
				1.033,
				16.317,
				1,
				1.133,
				16.317,
				1.233,
				-14.361,
				1.333,
				-14.361,
				1,
				1.411,
				-14.361,
				1.489,
				11.873,
				1.567,
				11.873,
				1,
				1.633,
				11.873,
				1.7,
				-25.863,
				1.767,
				-25.863,
				1,
				1.822,
				-25.863,
				1.878,
				9.327,
				1.933,
				14.317,
				1,
				2,
				20.305,
				2.067,
				20.091,
				2.133,
				20.091,
				1,
				2.189,
				20.091,
				2.244,
				-26.114,
				2.3,
				-26.114,
				1,
				2.344,
				-26.114,
				2.389,
				14.317,
				2.433,
				14.317,
				1,
				2.489,
				14.317,
				2.544,
				-15.777,
				2.6,
				-15.777,
				1,
				2.644,
				-15.777,
				2.689,
				20.091,
				2.733,
				20.091,
				1,
				2.789,
				20.091,
				2.844,
				-26.114,
				2.9,
				-26.114,
				1,
				2.933,
				-26.114,
				2.967,
				-7.747,
				3,
				-0.133,
				1,
				3.044,
				10.019,
				3.089,
				10.806,
				3.133,
				10.806,
				1,
				3.2,
				10.806,
				3.267,
				-21.783,
				3.333,
				-21.783,
				1,
				3.4,
				-21.783,
				3.467,
				22.539,
				3.533,
				22.539,
				1,
				3.578,
				22.539,
				3.622,
				-14.133,
				3.667,
				-14.133,
				1,
				3.722,
				-14.133,
				3.778,
				22.205,
				3.833,
				22.205,
				1,
				3.856,
				22.205,
				3.878,
				-26.114,
				3.9,
				-26.114,
				1,
				3.944,
				-26.114,
				3.989,
				16.317,
				4.033,
				16.317,
				1,
				4.133,
				16.317,
				4.233,
				-14.361,
				4.333,
				-14.361,
				1,
				4.411,
				-14.361,
				4.489,
				11.873,
				4.567,
				11.873,
				1,
				4.633,
				11.873,
				4.7,
				-25.863,
				4.767,
				-25.863,
				1,
				4.822,
				-25.863,
				4.878,
				9.327,
				4.933,
				14.317,
				1,
				5,
				20.305,
				5.067,
				20.091,
				5.133,
				20.091,
				1,
				5.189,
				20.091,
				5.244,
				-26.114,
				5.3,
				-26.114,
				1,
				5.344,
				-26.114,
				5.389,
				14.317,
				5.433,
				14.317,
				1,
				5.489,
				14.317,
				5.544,
				-15.777,
				5.6,
				-15.777,
				1,
				5.644,
				-15.777,
				5.689,
				20.091,
				5.733,
				20.091,
				1,
				5.789,
				20.091,
				5.844,
				-26.114,
				5.9,
				-26.114,
				1,
				5.933,
				-26.114,
				5.967,
				-7.747,
				6,
				-0.133
			]
		},
		{
			"Target": "Parameter",
			"Id": "ParamPaiY",
			"Segments": [
				0,
				-1.764,
				1,
				0.6,
				8.201,
				1.2,
				14.559,
				1.8,
				14.559,
				1,
				2.8,
				14.559,
				3.8,
				-10.625,
				4.8,
				-10.625,
				1,
				5.2,
				-10.625,
				5.6,
				-8.407,
				6,
				-1.764
			]
		},
		{
			"Target": "Parameter",
			"Id": "ParamPaiX",
			"Segments": [
				0,
				11.163,
				1,
				1,
				11.163,
				2,
				-8.721,
				3,
				-8.721,
				1,
				4,
				-8.721,
				5,
				11.163,
				6,
				11.163
			]
		},
		{
			"Target": "Parameter",
			"Id": "ParamPaiY2",
			"Segments": [
				0,
				-5.347,
				1,
				0.7,
				6.213,
				1.4,
				14.942,
				2.1,
				14.942,
				1,
				3.1,
				14.942,
				4.1,
				-10.939,
				5.1,
				-10.939,
				1,
				5.4,
				-10.939,
				5.7,
				-10.302,
				6,
				-5.347
			]
		},
		{
			"Target": "Parameter",
			"Id": "ParamBreat",
			"Segments": [
				0,
				0.688,
				1,
				1,
				0.688,
				2,
				0,
				3,
				0,
				1,
				4,
				0,
				5,
				0.688,
				6,
				0.688
			]
		},
		{
			"Target": "Parameter",
			"Id": "ParamBody",
			"Segments": [
				0,
				21.553,
				1,
				1,
				21.553,
				2,
				-2.155,
				3,
				-2.155,
				1,
				4,
				-2.155,
				5,
				21.553,
				6,
				21.553
			]
		},
		{
			"Target": "Parameter",
			"Id": "ParamHook",
			"Segments": [
				0,
				11.666,
				1,
				0.444,
				16.87,
				0.889,
				21.553,
				1.333,
				21.553,
				1,
				2.333,
				21.553,
				3.333,
				-2.155,
				4.333,
				-2.155,
				1,
				4.889,
				-2.155,
				5.444,
				5.162,
				6,
				11.666
			]
		},
		{
			"Target": "Parameter",
			"Id": "ParamChain",
			"Segments": [
				0,
				10.301,
				1,
				0.378,
				16.54,
				0.756,
				21.553,
				1.133,
				21.553,
				1,
				2.133,
				21.553,
				3.133,
				-13.575,
				4.133,
				-13.575,
				1,
				4.756,
				-13.575,
				5.378,
				0.025,
				6,
				10.301
			]
		},
		{
			"Target": "Parameter",
			"Id": "ParamLine",
			"Segments": [
				0,
				6.325,
				1,
				0.456,
				14.263,
				0.911,
				21.553,
				1.367,
				21.553,
				1,
				2.367,
				21.553,
				3.367,
				-13.575,
				4.367,
				-13.575,
				1,
				4.911,
				-13.575,
				5.456,
				-3.162,
				6,
				6.325
			]
		},
		{
			"Target": "Parameter",
			"Id": "Param_Angle_Rotation",
			"Segments": [
				0,
				0.664,
				1,
				0.089,
				0.717,
				0.178,
				0.688,
				0.267,
				0.688,
				1,
				1.256,
				0.688,
				2.244,
				-0.401,
				3.233,
				-0.401,
				1,
				4.156,
				-0.401,
				5.078,
				0.077,
				6,
				0.664
			]
		},
		{
			"Target": "Parameter",
			"Id": "Param_Angle_Rotation2",
			"Segments": [
				0,
				1.047,
				1,
				0.167,
				1.243,
				0.333,
				1.194,
				0.5,
				1.194,
				1,
				1.489,
				1.194,
				2.478,
				-0.799,
				3.467,
				-0.799,
				1,
				4.311,
				-0.799,
				5.156,
				0.024,
				6,
				1.047
			]
		},
		{
			"Target": "Parameter",
			"Id": "Param_Angle_Rotation3",
			"Segments": [
				0,
				1.147,
				1,
				0.244,
				1.544,
				0.489,
				1.538,
				0.733,
				1.538,
				1,
				1.722,
				1.538,
				2.711,
				-1.072,
				3.7,
				-1.072,
				1,
				4.467,
				-1.072,
				5.233,
				-0.118,
				6,
				1.147
			]
		},
		{
			"Target": "Parameter",
			"Id": "Param_Angle_Rotation4",
			"Segments": [
				0,
				0.965,
				1,
				0.211,
				1.222,
				0.422,
				1.194,
				0.633,
				1.194,
				1,
				1.622,
				1.194,
				2.611,
				-0.799,
				3.6,
				-0.799,
				1,
				4.4,
				-0.799,
				5.2,
				-0.027,
				6,
				0.965
			]
		},
		{
			"Target": "Parameter",
			"Id": "Param_Angle_Rotation5",
			"Segments": [
				0,
				1.011,
				1,
				0.289,
				1.491,
				0.578,
				1.538,
				0.867,
				1.538,
				1,
				1.856,
				1.538,
				2.844,
				-1.072,
				3.833,
				-1.072,
				1,
				4.556,
				-1.072,
				5.278,
				-0.202,
				6,
				1.011
			]
		},
		{
			"Target": "Parameter",
			"Id": "Param_Angle_Rotation6",
			"Segments": [
				0,
				0.635,
				1,
				0.133,
				0.719,
				0.267,
				0.688,
				0.4,
				0.688,
				1,
				1.389,
				0.688,
				2.378,
				-0.401,
				3.367,
				-0.401,
				1,
				4.244,
				-0.401,
				5.122,
				0.065,
				6,
				0.635
			]
		},
		{
			"Target": "Parameter",
			"Id": "Param_Angle_Rotation7",
			"Segments": [
				0,
				0.965,
				1,
				0.211,
				1.222,
				0.422,
				1.194,
				0.633,
				1.194,
				1,
				1.622,
				1.194,
				2.611,
				-0.799,
				3.6,
				-0.799,
				1,
				4.4,
				-0.799,
				5.2,
				-0.027,
				6,
				0.965
			]
		},
		{
			"Target": "Parameter",
			"Id": "Param_Angle_Rotation8",
			"Segments": [
				0,
				1.011,
				1,
				0.289,
				1.491,
				0.578,
				1.538,
				0.867,
				1.538,
				1,
				1.856,
				1.538,
				2.844,
				-1.072,
				3.833,
				-1.072,
				1,
				4.556,
				-1.072,
				5.278,
				-0.202,
				6,
				1.011
			]
		},
		{
			"Target": "Parameter",
			"Id": "Param_Angle_Rotation9",
			"Segments": [
				0,
				-0.664,
				1,
				0.089,
				-0.717,
				0.178,
				-0.688,
				0.267,
				-0.688,
				1,
				1.256,
				-0.688,
				2.244,
				0.401,
				3.233,
				0.401,
				1,
				4.156,
				0.401,
				5.078,
				-0.077,
				6,
				-0.664
			]
		},
		{
			"Target": "Parameter",
			"Id": "Param_Angle_Rotation10",
			"Segments": [
				0,
				-0.853,
				1,
				0.167,
				-1.072,
				0.333,
				-1.017,
				0.5,
				-1.017,
				1,
				1.489,
				-1.017,
				2.478,
				1.192,
				3.467,
				1.192,
				1,
				4.311,
				1.192,
				5.156,
				0.28,
				6,
				-0.853
			]
		},
		{
			"Target": "Parameter",
			"Id": "Param_Angle_Rotation11",
			"Segments": [
				0,
				-0.893,
				1,
				0.244,
				-1.326,
				0.489,
				-1.319,
				0.733,
				-1.319,
				1,
				1.722,
				-1.319,
				2.711,
				1.523,
				3.7,
				1.523,
				1,
				4.467,
				1.523,
				5.233,
				0.484,
				6,
				-0.893
			]
		},
		{
			"Target": "Parameter",
			"Id": "Param_Angle_Rotation12",
			"Segments": [
				0,
				-0.873,
				1,
				0.2,
				-1.1,
				0.4,
				-1.067,
				0.6,
				-1.067,
				1,
				1.589,
				-1.067,
				2.578,
				0.799,
				3.567,
				0.799,
				1,
				4.378,
				0.799,
				5.189,
				0.063,
				6,
				-0.873
			]
		},
		{
			"Target": "Parameter",
			"Id": "Param_Angle_Rotation13",
			"Segments": [
				0,
				-0.868,
				1,
				0.278,
				-1.289,
				0.556,
				-1.319,
				0.833,
				-1.319,
				1,
				1.822,
				-1.319,
				2.811,
				1.072,
				3.8,
				1.072,
				1,
				4.533,
				1.072,
				5.267,
				0.256,
				6,
				-0.868
			]
		},
		{
			"Target": "Parameter",
			"Id": "Param_Angle_Rotation14",
			"Segments": [
				0,
				-0.805,
				1,
				0.156,
				-0.943,
				0.311,
				-0.903,
				0.467,
				-0.903,
				1,
				1.456,
				-0.903,
				2.444,
				0.607,
				3.433,
				0.607,
				1,
				4.289,
				0.607,
				5.144,
				-0.024,
				6,
				-0.805
			]
		},
		{
			"Target": "Parameter",
			"Id": "Param_Angle_Rotation15",
			"Segments": [
				0,
				-0.922,
				1,
				0.233,
				-1.35,
				0.467,
				-1.331,
				0.7,
				-1.331,
				1,
				1.689,
				-1.331,
				2.678,
				1.633,
				3.667,
				1.633,
				1,
				4.444,
				1.633,
				5.222,
				0.528,
				6,
				-0.922
			]
		},
		{
			"Target": "Parameter",
			"Id": "Param_Angle_Rotation16",
			"Segments": [
				0,
				-0.851,
				1,
				0.311,
				-1.608,
				0.622,
				-1.722,
				0.933,
				-1.722,
				1,
				1.922,
				-1.722,
				2.911,
				2.062,
				3.9,
				2.062,
				1,
				4.6,
				2.062,
				5.3,
				0.867,
				6,
				-0.851
			]
		},
		{
			"Target": "Parameter",
			"Id": "Param_Angle_Rotation17",
			"Segments": [
				0,
				0.635,
				1,
				0.133,
				0.719,
				0.267,
				0.688,
				0.4,
				0.688,
				1,
				1.389,
				0.688,
				2.378,
				-0.401,
				3.367,
				-0.401,
				1,
				4.244,
				-0.401,
				5.122,
				0.065,
				6,
				0.635
			]
		},
		{
			"Target": "Parameter",
			"Id": "Param_Angle_Rotation18",
			"Segments": [
				0,
				0.965,
				1,
				0.211,
				1.222,
				0.422,
				1.194,
				0.633,
				1.194,
				1,
				1.622,
				1.194,
				2.611,
				-0.799,
				3.6,
				-0.799,
				1,
				4.4,
				-0.799,
				5.2,
				-0.027,
				6,
				0.965
			]
		},
		{
			"Target": "Parameter",
			"Id": "Param_Angle_Rotation19",
			"Segments": [
				0,
				1.011,
				1,
				0.289,
				1.491,
				0.578,
				1.538,
				0.867,
				1.538,
				1,
				1.856,
				1.538,
				2.844,
				-1.072,
				3.833,
				-1.072,
				1,
				4.556,
				-1.072,
				5.278,
				-0.202,
				6,
				1.011
			]
		},
		{
			"Target": "Parameter",
			"Id": "Param_Angle_Rotation20",
			"Segments": [
				0,
				0.65,
				1,
				0.111,
				0.719,
				0.222,
				0.688,
				0.333,
				0.688,
				1,
				1.322,
				0.688,
				2.311,
				-0.401,
				3.3,
				-0.401,
				1,
				4.2,
				-0.401,
				5.1,
				0.073,
				6,
				0.65
			]
		},
		{
			"Target": "Parameter",
			"Id": "Param_Angle_Rotation21",
			"Segments": [
				0,
				1.298,
				1,
				0.189,
				1.88,
				0.378,
				1.778,
				0.567,
				1.778,
				1,
				1.556,
				1.778,
				2.544,
				-3.343,
				3.533,
				-3.343,
				1,
				4.356,
				-3.343,
				5.178,
				-1.292,
				6,
				1.298
			]
		},
		{
			"Target": "Parameter",
			"Id": "Param_Angle_Rotation22",
			"Segments": [
				0,
				1.491,
				1,
				0.267,
				2.619,
				0.533,
				2.668,
				0.8,
				2.668,
				1,
				1.789,
				2.668,
				2.778,
				-4.046,
				3.767,
				-4.046,
				1,
				4.511,
				-4.046,
				5.256,
				-1.699,
				6,
				1.491
			]
		},
		{
			"Target": "Parameter",
			"Id": "Param_Angle_Rotation23",
			"Segments": [
				0,
				0,
				1,
				2,
				0,
				4,
				0,
				6,
				0
			]
		},
		{
			"Target": "Parameter",
			"Id": "Param_Angle_Rotation24",
			"Segments": [
				0,
				0.607,
				1,
				0.167,
				0.715,
				0.333,
				0.688,
				0.5,
				0.688,
				1,
				1.489,
				0.688,
				2.478,
				-0.401,
				3.467,
				-0.401,
				1,
				4.311,
				-0.401,
				5.156,
				0.048,
				6,
				0.607
			]
		},
		{
			"Target": "Parameter",
			"Id": "Param_Angle_Rotation25",
			"Segments": [
				0,
				1.01,
				1,
				0.244,
				1.789,
				0.489,
				1.778,
				0.733,
				1.778,
				1,
				1.722,
				1.778,
				2.711,
				-3.343,
				3.7,
				-3.343,
				1,
				4.467,
				-3.343,
				5.233,
				-1.472,
				6,
				1.01
			]
		},
		{
			"Target": "Parameter",
			"Id": "Param_Angle_Rotation26",
			"Segments": [
				0,
				1.025,
				1,
				0.322,
				2.422,
				0.644,
				2.668,
				0.967,
				2.668,
				1,
				1.956,
				2.668,
				2.944,
				-4.046,
				3.933,
				-4.046,
				1,
				4.622,
				-4.046,
				5.311,
				-1.986,
				6,
				1.025
			]
		},
		{
			"Target": "Parameter",
			"Id": "Param_Angle_Rotation27",
			"Segments": [
				0,
				0.617,
				1,
				0.156,
				0.716,
				0.311,
				0.688,
				0.467,
				0.688,
				1,
				1.456,
				0.688,
				2.444,
				-0.401,
				3.433,
				-0.401,
				1,
				4.289,
				-0.401,
				5.144,
				0.055,
				6,
				0.617
			]
		},
		{
			"Target": "Parameter",
			"Id": "Param_Angle_Rotation28",
			"Segments": [
				0,
				1.071,
				1,
				0.233,
				1.811,
				0.467,
				1.778,
				0.7,
				1.778,
				1,
				1.689,
				1.778,
				2.678,
				-3.343,
				3.667,
				-3.343,
				1,
				4.444,
				-3.343,
				5.222,
				-1.434,
				6,
				1.071
			]
		},
		{
			"Target": "Parameter",
			"Id": "Param_Angle_Rotation29",
			"Segments": [
				0,
				1.123,
				1,
				0.311,
				2.466,
				0.622,
				2.668,
				0.933,
				2.668,
				1,
				1.922,
				2.668,
				2.911,
				-4.046,
				3.9,
				-4.046,
				1,
				4.6,
				-4.046,
				5.3,
				-1.925,
				6,
				1.123
			]
		},
		{
			"Target": "Parameter",
			"Id": "Param_Angle_Rotation30",
			"Segments": [
				0,
				0.321,
				1,
				0.133,
				0.505,
				0.267,
				0.437,
				0.4,
				0.437,
				1,
				1.389,
				0.437,
				2.378,
				-1.958,
				3.367,
				-1.958,
				1,
				4.244,
				-1.958,
				5.122,
				-0.933,
				6,
				0.321
			]
		},
		{
			"Target": "Parameter",
			"Id": "Param_Angle_Rotation31",
			"Segments": [
				0,
				1.002,
				1,
				0.211,
				1.745,
				0.422,
				1.665,
				0.633,
				1.665,
				1,
				1.622,
				1.665,
				2.611,
				-4.102,
				3.6,
				-4.102,
				1,
				4.4,
				-4.102,
				5.2,
				-1.869,
				6,
				1.002
			]
		},
		{
			"Target": "Parameter",
			"Id": "Param_Angle_Rotation32",
			"Segments": [
				0,
				1.14,
				1,
				0.289,
				2.531,
				0.578,
				2.668,
				0.867,
				2.668,
				1,
				1.856,
				2.668,
				2.844,
				-4.894,
				3.833,
				-4.894,
				1,
				4.556,
				-4.894,
				5.278,
				-2.375,
				6,
				1.14
			]
		},
		{
			"Target": "Parameter",
			"Id": "Param_Angle_Rotation34",
			"Segments": [
				0,
				0.275,
				1,
				0.133,
				0.317,
				0.267,
				0.301,
				0.4,
				0.301,
				1,
				1.389,
				0.301,
				2.378,
				-0.251,
				3.367,
				-0.251,
				1,
				4.244,
				-0.251,
				5.122,
				-0.015,
				6,
				0.275
			]
		},
		{
			"Target": "Parameter",
			"Id": "Param_Angle_Rotation35",
			"Segments": [
				0,
				0.453,
				1,
				0.211,
				0.602,
				0.422,
				0.585,
				0.633,
				0.585,
				1,
				1.622,
				0.585,
				2.611,
				-0.57,
				3.6,
				-0.57,
				1,
				4.4,
				-0.57,
				5.2,
				-0.123,
				6,
				0.453
			]
		},
		{
			"Target": "Parameter",
			"Id": "Param_Angle_Rotation36",
			"Segments": [
				0,
				0.463,
				1,
				0.289,
				0.783,
				0.578,
				0.814,
				0.867,
				0.814,
				1,
				1.856,
				0.814,
				2.844,
				-0.925,
				3.833,
				-0.925,
				1,
				4.556,
				-0.925,
				5.278,
				-0.346,
				6,
				0.463
			]
		},
		{
			"Target": "Parameter",
			"Id": "Param_Angle_Rotation37",
			"Segments": [
				0,
				-0.267,
				1,
				0.111,
				-0.33,
				0.222,
				-0.301,
				0.333,
				-0.301,
				1,
				1.322,
				-0.301,
				2.311,
				0.712,
				3.3,
				0.712,
				1,
				4.2,
				0.712,
				5.1,
				0.271,
				6,
				-0.267
			]
		},
		{
			"Target": "Parameter",
			"Id": "Param_Angle_Rotation38",
			"Segments": [
				0,
				-0.871,
				1,
				0.189,
				-1.093,
				0.378,
				-1.054,
				0.567,
				-1.054,
				1,
				1.556,
				-1.054,
				2.544,
				0.895,
				3.533,
				0.895,
				1,
				4.356,
				0.895,
				5.178,
				0.115,
				6,
				-0.871
			]
		},
		{
			"Target": "Parameter",
			"Id": "Param_Angle_Rotation39",
			"Segments": [
				0,
				-0.95,
				1,
				0.267,
				-1.441,
				0.533,
				-1.462,
				0.8,
				-1.462,
				1,
				1.789,
				-1.462,
				2.778,
				1.457,
				3.767,
				1.457,
				1,
				4.511,
				1.457,
				5.256,
				0.436,
				6,
				-0.95
			]
		},
		{
			"Target": "Parameter",
			"Id": "Param_Angle_Rotation40",
			"Segments": [
				0,
				-2.757,
				1,
				0.767,
				-1.073,
				1.533,
				0.301,
				2.3,
				0.301,
				1,
				3.289,
				0.301,
				4.278,
				-3.247,
				5.267,
				-3.247,
				1,
				5.511,
				-3.247,
				5.756,
				-3.285,
				6,
				-2.757
			]
		},
		{
			"Target": "Parameter",
			"Id": "Param_Angle_Rotation41",
			"Segments": [
				0,
				-2.984,
				1,
				0.833,
				-1.231,
				1.667,
				0.301,
				2.5,
				0.301,
				1,
				3.489,
				0.301,
				4.478,
				-3.247,
				5.467,
				-3.247,
				1,
				5.644,
				-3.247,
				5.822,
				-3.347,
				6,
				-2.984
			]
		},
		{
			"Target": "Parameter",
			"Id": "Param_Angle_Rotation42",
			"Segments": [
				0,
				-3.5,
				1,
				0.911,
				-1.15,
				1.822,
				1.054,
				2.733,
				1.054,
				1,
				3.722,
				1.054,
				4.711,
				-3.604,
				5.7,
				-3.604,
				1,
				5.8,
				-3.604,
				5.9,
				-3.743,
				6,
				-3.5
			]
		},
		{
			"Target": "Parameter",
			"Id": "Param_Angle_Rotation43",
			"Segments": [
				0,
				-4.667,
				1,
				0.989,
				-1.595,
				1.978,
				1.462,
				2.967,
				1.462,
				1,
				3.956,
				1.462,
				4.944,
				-4.67,
				5.933,
				-4.67,
				1,
				5.956,
				-4.67,
				5.978,
				-4.707,
				6,
				-4.667
			]
		},
		{
			"Target": "Parameter",
			"Id": "Param_Angle_Rotation45",
			"Segments": [
				0,
				-0.694,
				1,
				0.178,
				-0.845,
				0.356,
				-0.813,
				0.533,
				-0.813,
				1,
				1.522,
				-0.813,
				2.511,
				0.607,
				3.5,
				0.607,
				1,
				4.333,
				0.607,
				5.167,
				0.03,
				6,
				-0.694
			]
		},
		{
			"Target": "Parameter",
			"Id": "Param_Angle_Rotation46",
			"Segments": [
				0,
				-0.624,
				1,
				0.256,
				-1.056,
				0.511,
				-1.062,
				0.767,
				-1.062,
				1,
				1.756,
				-1.062,
				2.744,
				1.633,
				3.733,
				1.633,
				1,
				4.489,
				1.633,
				5.244,
				0.67,
				6,
				-0.624
			]
		},
		{
			"Target": "Parameter",
			"Id": "Param_Angle_Rotation47",
			"Segments": [
				0,
				-0.568,
				1,
				0.333,
				-1.335,
				0.667,
				-1.488,
				1,
				-1.488,
				1,
				1.989,
				-1.488,
				2.978,
				2.062,
				3.967,
				2.062,
				1,
				4.644,
				2.062,
				5.322,
				1.003,
				6,
				-0.568
			]
		},
		{
			"Target": "Parameter",
			"Id": "Param_Angle_Rotation48",
			"Segments": [
				0,
				-0.767,
				1,
				0.222,
				-0.986,
				0.444,
				-0.969,
				0.667,
				-0.969,
				1,
				1.656,
				-0.969,
				2.644,
				0.634,
				3.633,
				0.634,
				1,
				4.422,
				0.634,
				5.211,
				0.024,
				6,
				-0.767
			]
		},
		{
			"Target": "Parameter",
			"Id": "Param_Angle_Rotation49",
			"Segments": [
				0,
				-0.675,
				1,
				0.3,
				-1.278,
				0.6,
				-1.353,
				0.9,
				-1.353,
				1,
				1.889,
				-1.353,
				2.878,
				1.784,
				3.867,
				1.784,
				1,
				4.578,
				1.784,
				5.289,
				0.767,
				6,
				-0.675
			]
		},
		{
			"Target": "Parameter",
			"Id": "Param_Angle_Rotation50",
			"Segments": [
				0,
				-0.489,
				1,
				0.378,
				-1.494,
				0.756,
				-1.787,
				1.133,
				-1.787,
				1,
				2.122,
				-1.787,
				3.111,
				2.266,
				4.1,
				2.266,
				1,
				4.733,
				2.266,
				5.367,
				1.205,
				6,
				-0.489
			]
		},
		{
			"Target": "Parameter",
			"Id": "Param_Angle_Rotation51",
			"Segments": [
				0,
				-0.785,
				1,
				0.211,
				-0.992,
				0.422,
				-0.969,
				0.633,
				-0.969,
				1,
				1.622,
				-0.969,
				2.611,
				0.634,
				3.6,
				0.634,
				1,
				4.4,
				0.634,
				5.2,
				0.013,
				6,
				-0.785
			]
		},
		{
			"Target": "Parameter",
			"Id": "Param_Angle_Rotation52",
			"Segments": [
				0,
				-0.688,
				1,
				0.267,
				-0.958,
				0.533,
				-0.969,
				0.8,
				-0.969,
				1,
				1.789,
				-0.969,
				2.778,
				0.634,
				3.767,
				0.634,
				1,
				4.511,
				0.634,
				5.256,
				0.074,
				6,
				-0.688
			]
		},
		{
			"Target": "Parameter",
			"Id": "Param_Angle_Rotation53",
			"Segments": [
				0,
				-0.363,
				1,
				0.344,
				-1.172,
				0.689,
				-1.353,
				1.033,
				-1.353,
				1,
				2.022,
				-1.353,
				3.011,
				2.258,
				4,
				2.258,
				1,
				4.667,
				2.258,
				5.333,
				1.215,
				6,
				-0.363
			]
		},
		{
			"Target": "Parameter",
			"Id": "Param_Angle_Rotation54",
			"Segments": [
				0,
				0.046,
				1,
				0.422,
				-1.289,
				0.844,
				-1.787,
				1.267,
				-1.787,
				1,
				2.256,
				-1.787,
				3.244,
				2.984,
				4.233,
				2.984,
				1,
				4.822,
				2.984,
				5.411,
				1.913,
				6,
				0.046
			]
		},
		{
			"Target": "Parameter",
			"Id": "Param_Angle_Rotation55",
			"Segments": [
				0,
				-0.676,
				1,
				0.311,
				-1.053,
				0.622,
				-1.109,
				0.933,
				-1.109,
				1,
				1.922,
				-1.109,
				2.911,
				0.772,
				3.9,
				0.772,
				1,
				4.6,
				0.772,
				5.3,
				0.178,
				6,
				-0.676
			]
		},
		{
			"Target": "Parameter",
			"Id": "Param_Angle_Rotation56",
			"Segments": [
				0,
				-0.299,
				1,
				0.389,
				-1.102,
				0.778,
				-1.353,
				1.167,
				-1.353,
				1,
				2.156,
				-1.353,
				3.144,
				1.784,
				4.133,
				1.784,
				1,
				4.756,
				1.784,
				5.378,
				0.993,
				6,
				-0.299
			]
		},
		{
			"Target": "Parameter",
			"Id": "Param_Angle_Rotation57",
			"Segments": [
				0,
				0.037,
				1,
				0.467,
				-1.222,
				0.933,
				-1.787,
				1.4,
				-1.787,
				1,
				2.389,
				-1.787,
				3.378,
				2.266,
				4.367,
				2.266,
				1,
				4.911,
				2.266,
				5.456,
				1.508,
				6,
				0.037
			]
		},
		{
			"Target": "Parameter",
			"Id": "Param_Angle_Rotation58",
			"Segments": [
				0,
				-0.622,
				1,
				0.333,
				-1.028,
				0.667,
				-1.109,
				1,
				-1.109,
				1,
				1.989,
				-1.109,
				2.978,
				0.772,
				3.967,
				0.772,
				1,
				4.644,
				0.772,
				5.322,
				0.211,
				6,
				-0.622
			]
		},
		{
			"Target": "Parameter",
			"Id": "Param_Angle_Rotation59",
			"Segments": [
				0,
				-0.198,
				1,
				0.411,
				-1.051,
				0.822,
				-1.353,
				1.233,
				-1.353,
				1,
				2.222,
				-1.353,
				3.211,
				1.784,
				4.2,
				1.784,
				1,
				4.8,
				1.784,
				5.4,
				1.051,
				6,
				-0.198
			]
		},
		{
			"Target": "Parameter",
			"Id": "Param_Angle_Rotation60",
			"Segments": [
				0,
				0.172,
				1,
				0.489,
				-1.148,
				0.978,
				-1.787,
				1.467,
				-1.787,
				1,
				2.456,
				-1.787,
				3.444,
				2.266,
				4.433,
				2.266,
				1,
				4.956,
				2.266,
				5.478,
				1.583,
				6,
				0.172
			]
		},
		{
			"Target": "Parameter",
			"Id": "Param_Angle_Rotation61",
			"Segments": [
				0,
				-0.565,
				1,
				0.356,
				-1.002,
				0.711,
				-1.109,
				1.067,
				-1.109,
				1,
				2.056,
				-1.109,
				3.044,
				0.772,
				4.033,
				0.772,
				1,
				4.689,
				0.772,
				5.344,
				0.245,
				6,
				-0.565
			]
		},
		{
			"Target": "Parameter",
			"Id": "Param_Angle_Rotation62",
			"Segments": [
				0,
				-0.096,
				1,
				0.433,
				-0.999,
				0.867,
				-1.353,
				1.3,
				-1.353,
				1,
				2.289,
				-1.353,
				3.278,
				1.784,
				4.267,
				1.784,
				1,
				4.844,
				1.784,
				5.422,
				1.11,
				6,
				-0.096
			]
		},
		{
			"Target": "Parameter",
			"Id": "Param_Angle_Rotation63",
			"Segments": [
				0,
				0.307,
				1,
				0.511,
				-1.073,
				1.022,
				-1.787,
				1.533,
				-1.787,
				1,
				2.522,
				-1.787,
				3.511,
				2.266,
				4.5,
				2.266,
				1,
				5,
				2.266,
				5.5,
				1.656,
				6,
				0.307
			]
		}
	]
}