{
	"Version": 3,
	"Parameters": [
		{
			"Id": "ParamEff1",
			"GroupId": "ParamGroup",
			"Name": "キラ"
		},
		{
			"Id": "ParamEff2",
			"GroupId": "ParamGroup",
			"Name": "キラ"
		},
		{
			"Id": "ParamEff3",
			"GroupId": "ParamGroup",
			"Name": "キラ"
		},
		{
			"Id": "ParamEff4",
			"GroupId": "ParamGroup",
			"Name": "キラ"
		},
		{
			"Id": "ParamEff5",
			"GroupId": "ParamGroup",
			"Name": "キラ"
		},
		{
			"Id": "ParamEff6",
			"GroupId": "ParamGroup",
			"Name": "キラ"
		},
		{
			"Id": "ParamEff7",
			"GroupId": "ParamGroup",
			"Name": "照明"
		},
		{
			"Id": "ParamEff8",
			"GroupId": "ParamGroup",
			"Name": "照明"
		},
		{
			"Id": "ParamEff9",
			"GroupId": "ParamGroup",
			"Name": "粒子"
		},
		{
			"Id": "ParamEff10",
			"GroupId": "ParamGroup",
			"Name": "エフェクト10"
		},
		{
			"Id": "ParamEff11",
			"GroupId": "ParamGroup",
			"Name": "エフェクト11"
		},
		{
			"Id": "ParamEff12",
			"GroupId": "ParamGroup",
			"Name": "エフェクト12"
		},
		{
			"Id": "ParamEff13",
			"GroupId": "ParamGroup",
			"Name": "エフェクト13"
		},
		{
			"Id": "ParamEff14",
			"GroupId": "ParamGroup",
			"Name": "エフェクト14"
		},
		{
			"Id": "ParamEff15",
			"GroupId": "ParamGroup",
			"Name": "エフェクト15"
		},
		{
			"Id": "ParamEff16",
			"GroupId": "ParamGroup",
			"Name": "エフェクト16"
		},
		{
			"Id": "ParamEff17",
			"GroupId": "ParamGroup",
			"Name": "エフェクト17"
		},
		{
			"Id": "ParamEff18",
			"GroupId": "ParamGroup",
			"Name": "エフェクト18"
		},
		{
			"Id": "ParamEff19",
			"GroupId": "ParamGroup",
			"Name": "エフェクト19"
		},
		{
			"Id": "ParamEff20",
			"GroupId": "ParamGroup",
			"Name": "エフェクト20"
		},
		{
			"Id": "ParamEff21",
			"GroupId": "ParamGroup",
			"Name": "エフェクト21"
		},
		{
			"Id": "ParamEff22",
			"GroupId": "ParamGroup",
			"Name": "エフェクト22"
		},
		{
			"Id": "ParamEff23",
			"GroupId": "ParamGroup",
			"Name": "エフェクト23"
		},
		{
			"Id": "ParamEff24",
			"GroupId": "ParamGroup",
			"Name": "エフェクト24"
		},
		{
			"Id": "ParamEff25",
			"GroupId": "ParamGroup",
			"Name": "エフェクト25"
		},
		{
			"Id": "ParamEff26",
			"GroupId": "ParamGroup",
			"Name": "エフェクト26"
		},
		{
			"Id": "ParamEff27",
			"GroupId": "ParamGroup",
			"Name": "エフェクト27"
		},
		{
			"Id": "ParamEff28",
			"GroupId": "ParamGroup",
			"Name": "エフェクト28"
		},
		{
			"Id": "ParamEff29",
			"GroupId": "ParamGroup",
			"Name": "エフェクト29"
		},
		{
			"Id": "ParamEff30",
			"GroupId": "ParamGroup",
			"Name": "エフェクト30"
		},
		{
			"Id": "ParamEff31",
			"GroupId": "ParamGroup",
			"Name": "エフェクト31"
		},
		{
			"Id": "ParamEff32",
			"GroupId": "ParamGroup",
			"Name": "エフェクト32"
		},
		{
			"Id": "ParamEff33",
			"GroupId": "ParamGroup",
			"Name": "エフェクト33"
		},
		{
			"Id": "ParamPachi",
			"GroupId": "ParamGroup2",
			"Name": "目パチ"
		},
		{
			"Id": "ParamLegL1",
			"GroupId": "ParamGroup2",
			"Name": "右太もも"
		},
		{
			"Id": "ParamLegL2",
			"GroupId": "ParamGroup2",
			"Name": "右足"
		},
		{
			"Id": "ParamLegR1",
			"GroupId": "ParamGroup2",
			"Name": "左太もも"
		},
		{
			"Id": "ParamLegR2",
			"GroupId": "ParamGroup2",
			"Name": "左足"
		},
		{
			"Id": "ParamEyeRL",
			"GroupId": "ParamGroup2",
			"Name": "目Hi左右"
		},
		{
			"Id": "ParamEyeUD",
			"GroupId": "ParamGroup2",
			"Name": "目Hi上下"
		},
		{
			"Id": "ParamEyeBS",
			"GroupId": "ParamGroup2",
			"Name": "目Hi大小"
		},
		{
			"Id": "ParamPaiY",
			"GroupId": "ParamGroup2",
			"Name": "胸 Y"
		},
		{
			"Id": "ParamPaiX",
			"GroupId": "ParamGroup2",
			"Name": "胸 X"
		},
		{
			"Id": "ParamPaiY2",
			"GroupId": "ParamGroup2",
			"Name": "胸 Y2"
		},
		{
			"Id": "ParamPaiX2",
			"GroupId": "ParamGroup2",
			"Name": "胸 X2"
		},
		{
			"Id": "ParamPaiLY",
			"GroupId": "ParamGroup2",
			"Name": "左胸 Y"
		},
		{
			"Id": "ParamPaiLX",
			"GroupId": "ParamGroup2",
			"Name": "左胸 X"
		},
		{
			"Id": "ParamPaiLY2",
			"GroupId": "ParamGroup2",
			"Name": "左胸 Y2"
		},
		{
			"Id": "ParamPaiLX2",
			"GroupId": "ParamGroup2",
			"Name": "左胸 X2"
		},
		{
			"Id": "ParamBreat",
			"GroupId": "ParamGroup2",
			"Name": "呼吸"
		},
		{
			"Id": "ParamBody",
			"GroupId": "ParamGroup3",
			"Name": "縦揺れ"
		},
		{
			"Id": "ParamHook",
			"GroupId": "ParamGroup3",
			"Name": "フック"
		},
		{
			"Id": "ParamChain",
			"GroupId": "ParamGroup3",
			"Name": "チェーン"
		},
		{
			"Id": "ParamLine",
			"GroupId": "ParamGroup3",
			"Name": "紐"
		},
		{
			"Id": "Param_Angle_Rotation",
			"GroupId": "ParamGroup4",
			"Name": "[0]前髪_右1"
		},
		{
			"Id": "Param_Angle_Rotation2",
			"GroupId": "ParamGroup4",
			"Name": "[1]前髪_右1"
		},
		{
			"Id": "Param_Angle_Rotation3",
			"GroupId": "ParamGroup4",
			"Name": "[2]前髪_右1"
		},
		{
			"Id": "Param_Angle_Rotation4",
			"GroupId": "ParamGroup5",
			"Name": "[0]前髪_右2"
		},
		{
			"Id": "Param_Angle_Rotation5",
			"GroupId": "ParamGroup5",
			"Name": "[1]前髪_右2"
		},
		{
			"Id": "Param_Angle_Rotation6",
			"GroupId": "ParamGroup6",
			"Name": "[0]前髪_右3"
		},
		{
			"Id": "Param_Angle_Rotation7",
			"GroupId": "ParamGroup6",
			"Name": "[1]前髪_右3"
		},
		{
			"Id": "Param_Angle_Rotation8",
			"GroupId": "ParamGroup6",
			"Name": "[2]前髪_右3"
		},
		{
			"Id": "Param_Angle_Rotation9",
			"GroupId": "ParamGroup7",
			"Name": "[0]前髪_左2"
		},
		{
			"Id": "Param_Angle_Rotation10",
			"GroupId": "ParamGroup7",
			"Name": "[1]前髪_左2"
		},
		{
			"Id": "Param_Angle_Rotation11",
			"GroupId": "ParamGroup7",
			"Name": "[2]前髪_左2"
		},
		{
			"Id": "Param_Angle_Rotation12",
			"GroupId": "ParamGroup8",
			"Name": "[0]前髪_左1"
		},
		{
			"Id": "Param_Angle_Rotation13",
			"GroupId": "ParamGroup8",
			"Name": "[1]前髪_左1"
		},
		{
			"Id": "Param_Angle_Rotation14",
			"GroupId": "ParamGroup9",
			"Name": "[0]前髪_左3"
		},
		{
			"Id": "Param_Angle_Rotation15",
			"GroupId": "ParamGroup9",
			"Name": "[1]前髪_左3"
		},
		{
			"Id": "Param_Angle_Rotation16",
			"GroupId": "ParamGroup9",
			"Name": "[2]前髪_左3"
		},
		{
			"Id": "Param_Angle_Rotation17",
			"GroupId": "ParamGroup10",
			"Name": "[0]後ろ髪_右1"
		},
		{
			"Id": "Param_Angle_Rotation18",
			"GroupId": "ParamGroup10",
			"Name": "[1]後ろ髪_右1"
		},
		{
			"Id": "Param_Angle_Rotation19",
			"GroupId": "ParamGroup10",
			"Name": "[2]後ろ髪_右1"
		},
		{
			"Id": "Param_Angle_Rotation20",
			"GroupId": "ParamGroup11",
			"Name": "[0]後ろ髪_右2"
		},
		{
			"Id": "Param_Angle_Rotation21",
			"GroupId": "ParamGroup11",
			"Name": "[1]後ろ髪_右2"
		},
		{
			"Id": "Param_Angle_Rotation22",
			"GroupId": "ParamGroup11",
			"Name": "[2]後ろ髪_右2"
		},
		{
			"Id": "Param_Angle_Rotation23",
			"GroupId": "ParamGroup12",
			"Name": "[0]後ろ髪_右3"
		},
		{
			"Id": "Param_Angle_Rotation24",
			"GroupId": "ParamGroup12",
			"Name": "[1]後ろ髪_右3"
		},
		{
			"Id": "Param_Angle_Rotation25",
			"GroupId": "ParamGroup12",
			"Name": "[2]後ろ髪_右3"
		},
		{
			"Id": "Param_Angle_Rotation26",
			"GroupId": "ParamGroup12",
			"Name": "[3]後ろ髪_右3"
		},
		{
			"Id": "Param_Angle_Rotation27",
			"GroupId": "ParamGroup13",
			"Name": "[0]後ろ髪_右4"
		},
		{
			"Id": "Param_Angle_Rotation28",
			"GroupId": "ParamGroup13",
			"Name": "[1]後ろ髪_右4"
		},
		{
			"Id": "Param_Angle_Rotation29",
			"GroupId": "ParamGroup13",
			"Name": "[2]後ろ髪_右4"
		},
		{
			"Id": "Param_Angle_Rotation30",
			"GroupId": "ParamGroup14",
			"Name": "[0]後ろ髪_右5"
		},
		{
			"Id": "Param_Angle_Rotation31",
			"GroupId": "ParamGroup14",
			"Name": "[1]後ろ髪_右5"
		},
		{
			"Id": "Param_Angle_Rotation32",
			"GroupId": "ParamGroup14",
			"Name": "[2]後ろ髪_右5"
		},
		{
			"Id": "Param_Angle_Rotation34",
			"GroupId": "ParamGroup15",
			"Name": "[0]ジャケット右"
		},
		{
			"Id": "Param_Angle_Rotation35",
			"GroupId": "ParamGroup15",
			"Name": "[1]ジャケット右"
		},
		{
			"Id": "Param_Angle_Rotation36",
			"GroupId": "ParamGroup15",
			"Name": "[2]ジャケット右"
		},
		{
			"Id": "Param_Angle_Rotation37",
			"GroupId": "ParamGroup16",
			"Name": "[0]ジャケット左"
		},
		{
			"Id": "Param_Angle_Rotation38",
			"GroupId": "ParamGroup16",
			"Name": "[1]ジャケット左"
		},
		{
			"Id": "Param_Angle_Rotation39",
			"GroupId": "ParamGroup16",
			"Name": "[2]ジャケット左"
		},
		{
			"Id": "Param_Angle_Rotation40",
			"GroupId": "ParamGroup17",
			"Name": "[0]ネクタイ"
		},
		{
			"Id": "Param_Angle_Rotation41",
			"GroupId": "ParamGroup17",
			"Name": "[1]ネクタイ"
		},
		{
			"Id": "Param_Angle_Rotation42",
			"GroupId": "ParamGroup17",
			"Name": "[2]ネクタイ"
		},
		{
			"Id": "Param_Angle_Rotation43",
			"GroupId": "ParamGroup17",
			"Name": "[3]ネクタイ"
		},
		{
			"Id": "Param_Angle_Rotation45",
			"GroupId": "ParamGroup18",
			"Name": "[0]後ろ髪_左1"
		},
		{
			"Id": "Param_Angle_Rotation46",
			"GroupId": "ParamGroup18",
			"Name": "[1]後ろ髪_左1"
		},
		{
			"Id": "Param_Angle_Rotation47",
			"GroupId": "ParamGroup18",
			"Name": "[2]後ろ髪_左1"
		},
		{
			"Id": "Param_Angle_Rotation48",
			"GroupId": "ParamGroup19",
			"Name": "[0]後ろ髪_左2"
		},
		{
			"Id": "Param_Angle_Rotation49",
			"GroupId": "ParamGroup19",
			"Name": "[1]後ろ髪_左2"
		},
		{
			"Id": "Param_Angle_Rotation50",
			"GroupId": "ParamGroup19",
			"Name": "[2]後ろ髪_左2"
		},
		{
			"Id": "Param_Angle_Rotation51",
			"GroupId": "ParamGroup20",
			"Name": "[0]後ろ髪_左3"
		},
		{
			"Id": "Param_Angle_Rotation52",
			"GroupId": "ParamGroup20",
			"Name": "[1]後ろ髪_左3"
		},
		{
			"Id": "Param_Angle_Rotation53",
			"GroupId": "ParamGroup20",
			"Name": "[2]後ろ髪_左3"
		},
		{
			"Id": "Param_Angle_Rotation54",
			"GroupId": "ParamGroup20",
			"Name": "[3]後ろ髪_左3"
		},
		{
			"Id": "Param_Angle_Rotation55",
			"GroupId": "ParamGroup21",
			"Name": "[0]後ろ髪_左4"
		},
		{
			"Id": "Param_Angle_Rotation56",
			"GroupId": "ParamGroup21",
			"Name": "[1]後ろ髪_左4"
		},
		{
			"Id": "Param_Angle_Rotation57",
			"GroupId": "ParamGroup21",
			"Name": "[2]後ろ髪_左4"
		},
		{
			"Id": "Param_Angle_Rotation58",
			"GroupId": "ParamGroup22",
			"Name": "[0]後ろ髪_左5"
		},
		{
			"Id": "Param_Angle_Rotation59",
			"GroupId": "ParamGroup22",
			"Name": "[1]後ろ髪_左5"
		},
		{
			"Id": "Param_Angle_Rotation60",
			"GroupId": "ParamGroup22",
			"Name": "[2]後ろ髪_左5"
		},
		{
			"Id": "Param_Angle_Rotation61",
			"GroupId": "ParamGroup23",
			"Name": "[0]後ろ髪_左6"
		},
		{
			"Id": "Param_Angle_Rotation62",
			"GroupId": "ParamGroup23",
			"Name": "[1]後ろ髪_左6"
		},
		{
			"Id": "Param_Angle_Rotation63",
			"GroupId": "ParamGroup23",
			"Name": "[2]後ろ髪_左6"
		}
	],
	"ParameterGroups": [
		{
			"Id": "ParamGroup",
			"GroupId": "",
			"Name": "エフェクト"
		},
		{
			"Id": "ParamGroup2",
			"GroupId": "",
			"Name": "URアニメーション"
		},
		{
			"Id": "ParamGroup3",
			"GroupId": "",
			"Name": "追加"
		},
		{
			"Id": "ParamGroup4",
			"GroupId": "",
			"Name": "前髪_右1"
		},
		{
			"Id": "ParamGroup5",
			"GroupId": "",
			"Name": "前髪_右2"
		},
		{
			"Id": "ParamGroup6",
			"GroupId": "",
			"Name": "前髪_右3"
		},
		{
			"Id": "ParamGroup7",
			"GroupId": "",
			"Name": "前髪_左2"
		},
		{
			"Id": "ParamGroup8",
			"GroupId": "",
			"Name": "前髪_左1"
		},
		{
			"Id": "ParamGroup9",
			"GroupId": "",
			"Name": "前髪_左3"
		},
		{
			"Id": "ParamGroup10",
			"GroupId": "",
			"Name": "後ろ髪_右1"
		},
		{
			"Id": "ParamGroup11",
			"GroupId": "",
			"Name": "後ろ髪_右2"
		},
		{
			"Id": "ParamGroup12",
			"GroupId": "",
			"Name": "後ろ髪_右3"
		},
		{
			"Id": "ParamGroup13",
			"GroupId": "",
			"Name": "後ろ髪_右4"
		},
		{
			"Id": "ParamGroup14",
			"GroupId": "",
			"Name": "後ろ髪_右5"
		},
		{
			"Id": "ParamGroup15",
			"GroupId": "",
			"Name": "ジャケット右"
		},
		{
			"Id": "ParamGroup16",
			"GroupId": "",
			"Name": "ジャケット左"
		},
		{
			"Id": "ParamGroup17",
			"GroupId": "",
			"Name": "ネクタイ"
		},
		{
			"Id": "ParamGroup18",
			"GroupId": "",
			"Name": "後ろ髪_左1"
		},
		{
			"Id": "ParamGroup19",
			"GroupId": "",
			"Name": "後ろ髪_左2"
		},
		{
			"Id": "ParamGroup20",
			"GroupId": "",
			"Name": "後ろ髪_左3"
		},
		{
			"Id": "ParamGroup21",
			"GroupId": "",
			"Name": "後ろ髪_左4"
		},
		{
			"Id": "ParamGroup22",
			"GroupId": "",
			"Name": "後ろ髪_左5"
		},
		{
			"Id": "ParamGroup23",
			"GroupId": "",
			"Name": "後ろ髪_左6"
		}
	],
	"Parts": [
		{
			"Id": "Part18",
			"Name": "1920x1440.psd"
		},
		{
			"Id": "Part",
			"Name": "*エフェクト"
		},
		{
			"Id": "Part3",
			"Name": "*花びら"
		},
		{
			"Id": "Part4",
			"Name": "*忌夢"
		},
		{
			"Id": "Part13",
			"Name": "*グロー"
		},
		{
			"Id": "Part14",
			"Name": "*後ろエフェクト"
		},
		{
			"Id": "Part17",
			"Name": "*背景"
		},
		{
			"Id": "Part2",
			"Name": "*手前キラ"
		},
		{
			"Id": "Part5",
			"Name": "*前髪"
		},
		{
			"Id": "Part6",
			"Name": "*輪郭"
		},
		{
			"Id": "Part10",
			"Name": "*身体"
		},
		{
			"Id": "Part12",
			"Name": "*後ろ髪"
		},
		{
			"Id": "ArtMesh83_Skinning",
			"Name": "グロー_前髪_左2(スキニング)"
		},
		{
			"Id": "ArtMesh84_Skinning",
			"Name": "グロー_前髪_左3(スキニング)"
		},
		{
			"Id": "ArtMesh86_Skinning",
			"Name": "グロー_後ろ髪_左1(スキニング)"
		},
		{
			"Id": "ArtMesh87_Skinning",
			"Name": "グロー_後ろ髪_左2(スキニング)"
		},
		{
			"Id": "ArtMesh88_Skinning",
			"Name": "グロー_後ろ髪_左3(スキニング)"
		},
		{
			"Id": "ArtMesh89_Skinning",
			"Name": "グロー_後ろ髪_左4(スキニング)"
		},
		{
			"Id": "ArtMesh90_Skinning",
			"Name": "グロー_後ろ髪_左5(スキニング)"
		},
		{
			"Id": "ArtMesh91_Skinning",
			"Name": "グロー_後ろ髪_左6(スキニング)"
		},
		{
			"Id": "ArtMesh92_Skinning",
			"Name": "グロー_後ろ髪_右3(スキニング)"
		},
		{
			"Id": "ArtMesh93_Skinning",
			"Name": "グロー_後ろ髪_右4(スキニング)"
		},
		{
			"Id": "ArtMesh94_Skinning",
			"Name": "グロー_後ろ髪_右5(スキニング)"
		},
		{
			"Id": "ArtMesh95_Skinning",
			"Name": "グロー_ジャケット右(スキニング)"
		},
		{
			"Id": "ArtMesh96_Skinning",
			"Name": "グロー_ジャケット左(スキニング)"
		},
		{
			"Id": "ArtMesh97_Skinning",
			"Name": "グロー_ネクタイ(スキニング)"
		},
		{
			"Id": "Part15",
			"Name": "*後ろキラ"
		},
		{
			"Id": "Part16",
			"Name": "*後ろ照明"
		},
		{
			"Id": "ArtMesh41_Skinning",
			"Name": "前髪_右1(スキニング)"
		},
		{
			"Id": "ArtMesh42_Skinning",
			"Name": "前髪_右2(スキニング)"
		},
		{
			"Id": "ArtMesh43_Skinning",
			"Name": "前髪_右3(スキニング)"
		},
		{
			"Id": "ArtMesh44_Skinning",
			"Name": "前髪_左1(スキニング)"
		},
		{
			"Id": "ArtMesh45_Skinning",
			"Name": "前髪_左2(スキニング)"
		},
		{
			"Id": "ArtMesh46_Skinning",
			"Name": "前髪_左3(スキニング)"
		},
		{
			"Id": "ArtMesh47_Skinning",
			"Name": "後ろ髪_右1(スキニング)"
		},
		{
			"Id": "ArtMesh48_Skinning2",
			"Name": "後ろ髪_右2(スキニング)"
		},
		{
			"Id": "ArtMesh48_Skinning",
			"Name": "後ろ髪_右2(スキニング)"
		},
		{
			"Id": "ArtMesh49_Skinning",
			"Name": "後ろ髪_右3(スキニング)"
		},
		{
			"Id": "ArtMesh50_Skinning",
			"Name": "後ろ髪_右4(スキニング)"
		},
		{
			"Id": "ArtMesh51_Skinning",
			"Name": "後ろ髪_右5(スキニング)"
		},
		{
			"Id": "Part7",
			"Name": "*表情"
		},
		{
			"Id": "Part9",
			"Name": "*前髪カゲ"
		},
		{
			"Id": "ArtMesh66_Skinning",
			"Name": "ジャケット右(スキニング)"
		},
		{
			"Id": "Part11",
			"Name": "*胸"
		},
		{
			"Id": "ArtMesh75_Skinning",
			"Name": "ジャケット左(スキニング)"
		},
		{
			"Id": "ArtMesh77_Skinning",
			"Name": "後ろ髪_左1(スキニング)"
		},
		{
			"Id": "ArtMesh78_Skinning",
			"Name": "後ろ髪_左2(スキニング)"
		},
		{
			"Id": "ArtMesh79_Skinning",
			"Name": "後ろ髪_左3(スキニング)"
		},
		{
			"Id": "ArtMesh80_Skinning",
			"Name": "後ろ髪_左4(スキニング)"
		},
		{
			"Id": "ArtMesh81_Skinning",
			"Name": "後ろ髪_左6(スキニング)"
		},
		{
			"Id": "ArtMesh82_Skinning",
			"Name": "後ろ髪_左5(スキニング)"
		},
		{
			"Id": "Part8",
			"Name": "*開き目"
		},
		{
			"Id": "ArtMesh60_Skinning",
			"Name": "前髪_右1_カゲ(スキニング)"
		},
		{
			"Id": "ArtMesh61_Skinning",
			"Name": "前髪_右2_カゲ(スキニング)"
		},
		{
			"Id": "ArtMesh62_Skinning",
			"Name": "前髪_右3_カゲ(スキニング)"
		},
		{
			"Id": "ArtMesh68_Skinning",
			"Name": "ネクタイ(スキニング)"
		}
	],
	"CombinedParameters": [
		[
			"ParamPaiLY",
			"ParamPaiLX"
		],
		[
			"ParamPaiLY2",
			"ParamPaiLX2"
		]
	]
}