{
	"Version": 3,
	"Meta": {
		"Duration": 6,
		"Fps": 30.0,
		"Loop": true,
		"AreBeziersRestricted": false,
		"CurveCount": 64,
		"TotalSegmentCount": 631,
		"TotalPointCount": 1957,
		"UserDataCount": 0,
		"TotalUserDataSize": 0
	},
	"Curves": [
		{
			"Target": "Parameter",
			"Id": "ParamParticalMaskX",
			"Segments": [
				0,
				0,
				1,
				0.111,
				13.107,
				0.222,
				30,
				0.333,
				30,
				1,
				0.556,
				30,
				0.778,
				-30,
				1,
				-30,
				1,
				1.222,
				-30,
				1.444,
				30,
				1.667,
				30,
				1,
				1.911,
				30,
				2.156,
				-30,
				2.4,
				-30,
				1,
				2.6,
				-30,
				2.8,
				-23.592,
				3,
				0,
				1,
				3.111,
				13.107,
				3.222,
				30,
				3.333,
				30,
				1,
				3.556,
				30,
				3.778,
				-30,
				4,
				-30,
				1,
				4.222,
				-30,
				4.444,
				30,
				4.667,
				30,
				1,
				4.911,
				30,
				5.156,
				-30,
				5.4,
				-30,
				1,
				5.6,
				-30,
				5.8,
				-23.592,
				6,
				0
			]
		},
		{
			"Target": "Parameter",
			"Id": "ParamParticalMaskY",
			"Segments": [
				0,
				0,
				1,
				0.222,
				18.998,
				0.444,
				30,
				0.667,
				30,
				1,
				1.2,
				30,
				1.733,
				-30,
				2.267,
				-30,
				1,
				2.511,
				-30,
				2.756,
				-20.898,
				3,
				0,
				1,
				3.222,
				18.998,
				3.444,
				30,
				3.667,
				30,
				1,
				4.2,
				30,
				4.733,
				-30,
				5.267,
				-30,
				1,
				5.511,
				-30,
				5.756,
				-20.898,
				6,
				0
			]
		},
		{
			"Target": "Parameter",
			"Id": "ParamKira1",
			"Segments": [
				0,
				0,
				1,
				0.1,
				0,
				0.2,
				0,
				0.3,
				0,
				1,
				0.456,
				0,
				0.611,
				0.495,
				0.767,
				0.495,
				1,
				0.789,
				0.495,
				0.811,
				0.262,
				0.833,
				0.262,
				1,
				0.878,
				0.262,
				0.922,
				0.758,
				0.967,
				0.758,
				1,
				1.011,
				0.758,
				1.056,
				0.773,
				1.1,
				0.724,
				1,
				1.167,
				0.651,
				1.233,
				0.175,
				1.3,
				0.175,
				1,
				1.344,
				0.175,
				1.389,
				0.422,
				1.433,
				0.422,
				1,
				1.544,
				0.422,
				1.656,
				0,
				1.767,
				0,
				1,
				2,
				0,
				2.233,
				0,
				2.467,
				0,
				1,
				2.667,
				0,
				2.867,
				0.373,
				3.067,
				0.373,
				1,
				3.133,
				0.373,
				3.2,
				0.006,
				3.267,
				0.006,
				1,
				3.311,
				0.006,
				3.356,
				0.008,
				3.4,
				0.174,
				1,
				3.467,
				0.424,
				3.533,
				0.725,
				3.6,
				0.725,
				1,
				3.644,
				0.725,
				3.689,
				0.441,
				3.733,
				0.441,
				1,
				3.778,
				0.441,
				3.822,
				0.735,
				3.867,
				0.786,
				1,
				3.922,
				0.849,
				3.978,
				0.844,
				4.033,
				0.844,
				1,
				4.167,
				0.844,
				4.3,
				0.603,
				4.433,
				0.306,
				1,
				4.544,
				0.059,
				4.656,
				0,
				4.767,
				0,
				1,
				4.9,
				0,
				5.033,
				0,
				5.167,
				0,
				1,
				5.244,
				0,
				5.322,
				0.882,
				5.4,
				0.882,
				1,
				5.433,
				0.882,
				5.467,
				0.517,
				5.5,
				0.517,
				1,
				5.544,
				0.517,
				5.589,
				0.897,
				5.633,
				0.897,
				1,
				5.7,
				0.897,
				5.767,
				0,
				5.833,
				0,
				1,
				5.889,
				0,
				5.944,
				0,
				6,
				0
			]
		},
		{
			"Target": "Parameter",
			"Id": "ParamKira2",
			"Segments": [
				0,
				0,
				1,
				0.033,
				0,
				0.067,
				0,
				0.1,
				0,
				1,
				0.256,
				0,
				0.411,
				0.437,
				0.567,
				0.437,
				1,
				0.589,
				0.437,
				0.611,
				0.246,
				0.633,
				0.246,
				1,
				0.678,
				0.246,
				0.722,
				0.653,
				0.767,
				0.653,
				1,
				0.811,
				0.653,
				0.856,
				0.666,
				0.9,
				0.625,
				1,
				0.967,
				0.565,
				1.033,
				0.175,
				1.1,
				0.175,
				1,
				1.144,
				0.175,
				1.189,
				0.378,
				1.233,
				0.378,
				1,
				1.344,
				0.378,
				1.456,
				0,
				1.567,
				0,
				1,
				1.8,
				0,
				2.033,
				0,
				2.267,
				0,
				1,
				2.467,
				0,
				2.667,
				0.337,
				2.867,
				0.337,
				1,
				2.933,
				0.337,
				3,
				0.006,
				3.067,
				0.006,
				1,
				3.111,
				0.006,
				3.156,
				0.022,
				3.2,
				0.174,
				1,
				3.267,
				0.403,
				3.333,
				0.626,
				3.4,
				0.626,
				1,
				3.444,
				0.626,
				3.489,
				0.509,
				3.533,
				0.509,
				1,
				3.578,
				0.509,
				3.622,
				0.644,
				3.667,
				0.676,
				1,
				3.733,
				0.723,
				3.8,
				0.724,
				3.867,
				0.724,
				1,
				3.989,
				0.724,
				4.111,
				0.528,
				4.233,
				0.283,
				1,
				4.344,
				0.06,
				4.456,
				0,
				4.567,
				0,
				1,
				4.7,
				0,
				4.833,
				0,
				4.967,
				0,
				1,
				5.033,
				0,
				5.1,
				0.673,
				5.167,
				0.673,
				1,
				5.2,
				0.673,
				5.233,
				0.571,
				5.267,
				0.571,
				1,
				5.322,
				0.571,
				5.378,
				0.767,
				5.433,
				0.767,
				1,
				5.5,
				0.767,
				5.567,
				0,
				5.633,
				0,
				1,
				5.722,
				0,
				5.811,
				0,
				5.9,
				0,
				1,
				5.933,
				0,
				5.967,
				0,
				6,
				0
			]
		},
		{
			"Target": "Parameter",
			"Id": "ParamKira3",
			"Segments": [
				0,
				0.674,
				1,
				0.122,
				0.674,
				0.244,
				0,
				0.367,
				0,
				1,
				0.456,
				0,
				0.544,
				0,
				0.633,
				0,
				1,
				0.767,
				0,
				0.9,
				0.324,
				1.033,
				0.324,
				1,
				1.1,
				0.324,
				1.167,
				0.006,
				1.233,
				0.006,
				1,
				1.278,
				0.006,
				1.322,
				0.075,
				1.367,
				0.174,
				1,
				1.433,
				0.324,
				1.5,
				0.541,
				1.567,
				0.591,
				1,
				1.633,
				0.641,
				1.7,
				0.636,
				1.767,
				0.636,
				1,
				1.789,
				0.636,
				1.811,
				0.512,
				1.833,
				0.512,
				1,
				1.889,
				0.512,
				1.944,
				0.681,
				2,
				0.681,
				1,
				2.089,
				0.681,
				2.178,
				0.274,
				2.267,
				0.274,
				1,
				2.311,
				0.274,
				2.356,
				0.347,
				2.4,
				0.347,
				1,
				2.444,
				0.347,
				2.489,
				0,
				2.533,
				0,
				1,
				2.578,
				0,
				2.622,
				0,
				2.667,
				0,
				1,
				2.867,
				0,
				3.067,
				0.109,
				3.267,
				0.417,
				1,
				3.311,
				0.485,
				3.356,
				0.615,
				3.4,
				0.615,
				1,
				3.444,
				0.615,
				3.489,
				0.627,
				3.533,
				0.59,
				1,
				3.6,
				0.535,
				3.667,
				0.175,
				3.733,
				0.175,
				1,
				3.778,
				0.175,
				3.822,
				0.362,
				3.867,
				0.362,
				1,
				3.967,
				0.362,
				4.067,
				0,
				4.167,
				0,
				1,
				4.456,
				0,
				4.744,
				0,
				5.033,
				0,
				1,
				5.189,
				0,
				5.344,
				0.721,
				5.5,
				0.721,
				1,
				5.567,
				0.721,
				5.633,
				0,
				5.7,
				0,
				1,
				5.8,
				0,
				5.9,
				0.674,
				6,
				0.674
			]
		},
		{
			"Target": "Parameter",
			"Id": "ParamKira4",
			"Segments": [
				0,
				0,
				1,
				0.078,
				0,
				0.156,
				0,
				0.233,
				0,
				1,
				0.322,
				0,
				0.411,
				0,
				0.5,
				0,
				1,
				0.556,
				0,
				0.611,
				0.289,
				0.667,
				0.289,
				1,
				0.7,
				0.289,
				0.733,
				0.159,
				0.767,
				0.159,
				1,
				0.811,
				0.159,
				0.856,
				0.324,
				0.9,
				0.324,
				1,
				0.967,
				0.324,
				1.033,
				0.006,
				1.1,
				0.006,
				1,
				1.144,
				0.006,
				1.189,
				0.075,
				1.233,
				0.174,
				1,
				1.3,
				0.324,
				1.367,
				0.541,
				1.433,
				0.591,
				1,
				1.5,
				0.641,
				1.567,
				0.636,
				1.633,
				0.636,
				1,
				1.656,
				0.636,
				1.678,
				0.512,
				1.7,
				0.512,
				1,
				1.767,
				0.512,
				1.833,
				0.681,
				1.9,
				0.681,
				1,
				1.978,
				0.681,
				2.056,
				0.274,
				2.133,
				0.274,
				1,
				2.178,
				0.274,
				2.222,
				0.347,
				2.267,
				0.347,
				1,
				2.311,
				0.347,
				2.356,
				0,
				2.4,
				0,
				1,
				2.444,
				0,
				2.489,
				0,
				2.533,
				0,
				1,
				2.733,
				0,
				2.933,
				0.109,
				3.133,
				0.417,
				1,
				3.178,
				0.485,
				3.222,
				0.615,
				3.267,
				0.615,
				1,
				3.311,
				0.615,
				3.356,
				0.627,
				3.4,
				0.59,
				1,
				3.467,
				0.535,
				3.533,
				0.175,
				3.6,
				0.175,
				1,
				3.644,
				0.175,
				3.689,
				0.362,
				3.733,
				0.362,
				1,
				3.833,
				0.362,
				3.933,
				0,
				4.033,
				0,
				1,
				4.322,
				0,
				4.611,
				0,
				4.9,
				0,
				1,
				5.056,
				0,
				5.211,
				0.721,
				5.367,
				0.721,
				1,
				5.433,
				0.721,
				5.5,
				0,
				5.567,
				0,
				1,
				5.711,
				0,
				5.856,
				0,
				6,
				0
			]
		},
		{
			"Target": "Parameter",
			"Id": "ParamPowa",
			"Segments": [
				0,
				0.724,
				1,
				0.178,
				0.588,
				0.356,
				0.502,
				0.533,
				0.502,
				1,
				0.711,
				0.502,
				0.889,
				0.882,
				1.067,
				0.882,
				1,
				1.222,
				0.882,
				1.378,
				0.61,
				1.533,
				0.61,
				1,
				1.822,
				0.61,
				2.111,
				0.989,
				2.4,
				0.989,
				1,
				2.522,
				0.989,
				2.644,
				0.979,
				2.767,
				0.882,
				1,
				2.844,
				0.821,
				2.922,
				0.672,
				3,
				0.672,
				1,
				3.144,
				0.672,
				3.289,
				0.806,
				3.433,
				0.806,
				1,
				3.489,
				0.806,
				3.544,
				0.61,
				3.6,
				0.61,
				1,
				3.856,
				0.61,
				4.111,
				0.724,
				4.367,
				0.724,
				1,
				4.433,
				0.724,
				4.5,
				0.61,
				4.567,
				0.61,
				1,
				4.8,
				0.61,
				5.033,
				0.989,
				5.267,
				0.989,
				1,
				5.511,
				0.989,
				5.756,
				0.911,
				6,
				0.724
			]
		},
		{
			"Target": "Parameter",
			"Id": "ParamBodyKira1",
			"Segments": [
				0,
				0.379,
				1,
				0.033,
				0.379,
				0.067,
				0.512,
				0.1,
				0.512,
				1,
				0.144,
				0.512,
				0.189,
				0.174,
				0.233,
				0.174,
				1,
				0.256,
				0.174,
				0.278,
				0.443,
				0.3,
				0.443,
				1,
				0.367,
				0.443,
				0.433,
				0.079,
				0.5,
				0.079,
				1,
				0.522,
				0.079,
				0.544,
				0.636,
				0.567,
				0.636,
				1,
				0.633,
				0.636,
				0.7,
				0.634,
				0.767,
				0.493,
				1,
				0.878,
				0.258,
				0.989,
				0,
				1.1,
				0,
				1,
				1.278,
				0,
				1.456,
				0,
				1.633,
				0,
				1,
				1.7,
				0,
				1.767,
				0.347,
				1.833,
				0.347,
				1,
				1.911,
				0.347,
				1.989,
				0,
				2.067,
				0,
				1,
				2.133,
				0,
				2.2,
				0.037,
				2.267,
				0.174,
				1,
				2.311,
				0.266,
				2.356,
				0.362,
				2.4,
				0.362,
				1,
				2.489,
				0.362,
				2.578,
				0,
				2.667,
				0,
				1,
				2.822,
				0,
				2.978,
				0,
				3.133,
				0,
				1,
				3.222,
				0,
				3.311,
				0.512,
				3.4,
				0.512,
				1,
				3.444,
				0.512,
				3.489,
				0.174,
				3.533,
				0.174,
				1,
				3.578,
				0.174,
				3.622,
				0.76,
				3.667,
				0.76,
				1,
				3.756,
				0.76,
				3.844,
				0.71,
				3.933,
				0.58,
				1,
				4.189,
				0.205,
				4.444,
				0,
				4.7,
				0,
				1,
				4.733,
				0,
				4.767,
				0.274,
				4.8,
				0.274,
				1,
				4.856,
				0.274,
				4.911,
				0,
				4.967,
				0,
				1,
				5.1,
				0,
				5.233,
				0,
				5.367,
				0,
				1,
				5.5,
				0,
				5.633,
				0.091,
				5.767,
				0.362,
				1,
				5.789,
				0.407,
				5.811,
				0.636,
				5.833,
				0.636,
				1,
				5.889,
				0.636,
				5.944,
				0.379,
				6,
				0.379
			]
		},
		{
			"Target": "Parameter",
			"Id": "ParamBodyKira2",
			"Segments": [
				0,
				0,
				1,
				0.144,
				0,
				0.289,
				0.417,
				0.433,
				0.417,
				1,
				0.456,
				0.417,
				0.478,
				0.241,
				0.5,
				0.241,
				1,
				0.544,
				0.241,
				0.589,
				0.615,
				0.633,
				0.615,
				1,
				0.678,
				0.615,
				0.722,
				0.627,
				0.767,
				0.59,
				1,
				0.833,
				0.535,
				0.9,
				0.175,
				0.967,
				0.175,
				1,
				1.011,
				0.175,
				1.056,
				0.362,
				1.1,
				0.362,
				1,
				1.211,
				0.362,
				1.322,
				0,
				1.433,
				0,
				1,
				1.667,
				0,
				1.9,
				0,
				2.133,
				0,
				1,
				2.333,
				0,
				2.533,
				0.324,
				2.733,
				0.324,
				1,
				2.8,
				0.324,
				2.867,
				0.006,
				2.933,
				0.006,
				1,
				2.978,
				0.006,
				3.022,
				0.075,
				3.067,
				0.174,
				1,
				3.133,
				0.324,
				3.2,
				0.572,
				3.267,
				0.591,
				1,
				3.356,
				0.616,
				3.444,
				0.616,
				3.533,
				0.636,
				1,
				3.6,
				0.652,
				3.667,
				0.681,
				3.733,
				0.681,
				1,
				3.856,
				0.681,
				3.978,
				0.507,
				4.1,
				0.274,
				1,
				4.211,
				0.063,
				4.322,
				0,
				4.433,
				0,
				1,
				4.567,
				0,
				4.7,
				0,
				4.833,
				0,
				1,
				4.989,
				0,
				5.144,
				0.721,
				5.3,
				0.721,
				1,
				5.367,
				0.721,
				5.433,
				0,
				5.5,
				0,
				1,
				5.633,
				0,
				5.767,
				0,
				5.9,
				0,
				1,
				5.933,
				0,
				5.967,
				0,
				6,
				0
			]
		},
		{
			"Target": "Parameter",
			"Id": "ParamBodyKira3",
			"Segments": [
				0,
				0.767,
				1,
				0.033,
				0.767,
				0.067,
				0,
				0.1,
				0,
				1,
				0.144,
				0,
				0.189,
				0,
				0.233,
				0,
				1,
				0.389,
				0,
				0.544,
				0.437,
				0.7,
				0.437,
				1,
				0.722,
				0.437,
				0.744,
				0.246,
				0.767,
				0.246,
				1,
				0.811,
				0.246,
				0.856,
				0.653,
				0.9,
				0.653,
				1,
				0.944,
				0.653,
				0.989,
				0.666,
				1.033,
				0.625,
				1,
				1.1,
				0.565,
				1.167,
				0.175,
				1.233,
				0.175,
				1,
				1.278,
				0.175,
				1.322,
				0.378,
				1.367,
				0.378,
				1,
				1.478,
				0.378,
				1.589,
				0,
				1.7,
				0,
				1,
				1.933,
				0,
				2.167,
				0,
				2.4,
				0,
				1,
				2.6,
				0,
				2.8,
				0.337,
				3,
				0.337,
				1,
				3.067,
				0.337,
				3.133,
				0.006,
				3.2,
				0.006,
				1,
				3.244,
				0.006,
				3.289,
				0.062,
				3.333,
				0.174,
				1,
				3.389,
				0.315,
				3.444,
				0.488,
				3.5,
				0.596,
				1,
				3.511,
				0.618,
				3.522,
				0.624,
				3.533,
				0.626,
				1,
				3.622,
				0.644,
				3.711,
				0.653,
				3.8,
				0.676,
				1,
				3.856,
				0.69,
				3.911,
				0.724,
				3.967,
				0.724,
				1,
				4.1,
				0.724,
				4.233,
				0.542,
				4.367,
				0.283,
				1,
				4.478,
				0.067,
				4.589,
				0,
				4.7,
				0,
				1,
				4.833,
				0,
				4.967,
				0,
				5.1,
				0,
				1,
				5.256,
				0,
				5.411,
				0.767,
				5.567,
				0.767,
				1,
				5.633,
				0.767,
				5.7,
				0,
				5.767,
				0,
				1,
				5.844,
				0,
				5.922,
				0.767,
				6,
				0.767
			]
		},
		{
			"Target": "Parameter",
			"Id": "ParamBodyKira4",
			"Segments": [
				0,
				0.362,
				1,
				0.033,
				0.362,
				0.067,
				0.274,
				0.1,
				0.274,
				1,
				0.122,
				0.274,
				0.144,
				0.636,
				0.167,
				0.636,
				1,
				0.233,
				0.636,
				0.3,
				0.631,
				0.367,
				0.512,
				1,
				0.411,
				0.432,
				0.456,
				0.174,
				0.5,
				0.174,
				1,
				0.522,
				0.174,
				0.544,
				0.443,
				0.567,
				0.443,
				1,
				0.633,
				0.443,
				0.7,
				0.079,
				0.767,
				0.079,
				1,
				0.789,
				0.079,
				0.811,
				0.636,
				0.833,
				0.636,
				1,
				0.9,
				0.636,
				0.967,
				0.634,
				1.033,
				0.493,
				1,
				1.144,
				0.258,
				1.256,
				0,
				1.367,
				0,
				1,
				1.544,
				0,
				1.722,
				0,
				1.9,
				0,
				1,
				1.956,
				0,
				2.011,
				0.347,
				2.067,
				0.347,
				1,
				2.156,
				0.347,
				2.244,
				0,
				2.333,
				0,
				1,
				2.4,
				0,
				2.467,
				0.037,
				2.533,
				0.174,
				1,
				2.578,
				0.266,
				2.622,
				0.362,
				2.667,
				0.362,
				1,
				2.756,
				0.362,
				2.844,
				0,
				2.933,
				0,
				1,
				3.089,
				0,
				3.244,
				0,
				3.4,
				0,
				1,
				3.489,
				0,
				3.578,
				0.512,
				3.667,
				0.512,
				1,
				3.711,
				0.512,
				3.756,
				0.174,
				3.8,
				0.174,
				1,
				3.844,
				0.174,
				3.889,
				0.76,
				3.933,
				0.76,
				1,
				4.011,
				0.76,
				4.089,
				0.694,
				4.167,
				0.58,
				1,
				4.433,
				0.188,
				4.7,
				0,
				4.967,
				0,
				1,
				5.056,
				0,
				5.144,
				0,
				5.233,
				0,
				1,
				5.367,
				0,
				5.5,
				0,
				5.633,
				0,
				1,
				5.722,
				0,
				5.811,
				0.362,
				5.9,
				0.362,
				1,
				5.933,
				0.362,
				5.967,
				0.362,
				6,
				0.362
			]
		},
		{
			"Target": "Parameter",
			"Id": "ParamBodyKira5",
			"Segments": [
				0,
				0.379,
				1,
				0.033,
				0.379,
				0.067,
				0.512,
				0.1,
				0.512,
				1,
				0.144,
				0.512,
				0.189,
				0.174,
				0.233,
				0.174,
				1,
				0.256,
				0.174,
				0.278,
				0.443,
				0.3,
				0.443,
				1,
				0.367,
				0.443,
				0.433,
				0.079,
				0.5,
				0.079,
				1,
				0.522,
				0.079,
				0.544,
				0.636,
				0.567,
				0.636,
				1,
				0.633,
				0.636,
				0.7,
				0.634,
				0.767,
				0.493,
				1,
				0.878,
				0.258,
				0.989,
				0,
				1.1,
				0,
				1,
				1.278,
				0,
				1.456,
				0,
				1.633,
				0,
				1,
				1.7,
				0,
				1.767,
				0.347,
				1.833,
				0.347,
				1,
				1.911,
				0.347,
				1.989,
				0,
				2.067,
				0,
				1,
				2.133,
				0,
				2.2,
				0.037,
				2.267,
				0.174,
				1,
				2.311,
				0.266,
				2.356,
				0.362,
				2.4,
				0.362,
				1,
				2.489,
				0.362,
				2.578,
				0,
				2.667,
				0,
				1,
				2.822,
				0,
				2.978,
				0,
				3.133,
				0,
				1,
				3.222,
				0,
				3.311,
				0.512,
				3.4,
				0.512,
				1,
				3.444,
				0.512,
				3.489,
				0.174,
				3.533,
				0.174,
				1,
				3.578,
				0.174,
				3.622,
				0.76,
				3.667,
				0.76,
				1,
				3.756,
				0.76,
				3.844,
				0.71,
				3.933,
				0.58,
				1,
				4.189,
				0.205,
				4.444,
				0,
				4.7,
				0,
				1,
				4.789,
				0,
				4.878,
				0,
				4.967,
				0,
				1,
				5.1,
				0,
				5.233,
				0,
				5.367,
				0,
				1,
				5.5,
				0,
				5.633,
				0.091,
				5.767,
				0.362,
				1,
				5.789,
				0.407,
				5.811,
				0.636,
				5.833,
				0.636,
				1,
				5.889,
				0.636,
				5.944,
				0.379,
				6,
				0.379
			]
		},
		{
			"Target": "Parameter",
			"Id": "ParamBodyKira6",
			"Segments": [
				0,
				0.767,
				1,
				0.033,
				0.767,
				0.067,
				0,
				0.1,
				0,
				1,
				0.144,
				0,
				0.189,
				0,
				0.233,
				0,
				1,
				0.389,
				0,
				0.544,
				0.437,
				0.7,
				0.437,
				1,
				0.722,
				0.437,
				0.744,
				0.246,
				0.767,
				0.246,
				1,
				0.811,
				0.246,
				0.856,
				0.653,
				0.9,
				0.653,
				1,
				0.944,
				0.653,
				0.989,
				0.666,
				1.033,
				0.625,
				1,
				1.1,
				0.565,
				1.167,
				0.175,
				1.233,
				0.175,
				1,
				1.278,
				0.175,
				1.322,
				0.378,
				1.367,
				0.378,
				1,
				1.478,
				0.378,
				1.589,
				0,
				1.7,
				0,
				1,
				1.933,
				0,
				2.167,
				0,
				2.4,
				0,
				1,
				2.6,
				0,
				2.8,
				0.337,
				3,
				0.337,
				1,
				3.067,
				0.337,
				3.133,
				0.006,
				3.2,
				0.006,
				1,
				3.244,
				0.006,
				3.289,
				0.069,
				3.333,
				0.174,
				1,
				3.4,
				0.332,
				3.467,
				0.606,
				3.533,
				0.626,
				1,
				3.622,
				0.653,
				3.711,
				0.653,
				3.8,
				0.676,
				1,
				3.856,
				0.69,
				3.911,
				0.724,
				3.967,
				0.724,
				1,
				4.1,
				0.724,
				4.233,
				0.542,
				4.367,
				0.283,
				1,
				4.478,
				0.067,
				4.589,
				0,
				4.7,
				0,
				1,
				4.833,
				0,
				4.967,
				0,
				5.1,
				0,
				1,
				5.256,
				0,
				5.411,
				0.767,
				5.567,
				0.767,
				1,
				5.633,
				0.767,
				5.7,
				0,
				5.767,
				0,
				1,
				5.844,
				0,
				5.922,
				0.767,
				6,
				0.767
			]
		},
		{
			"Target": "Parameter",
			"Id": "ParamBright",
			"Segments": [
				0,
				0.401,
				1,
				0.078,
				0.351,
				0.156,
				0.368,
				0.233,
				0.368,
				1,
				0.4,
				0.368,
				0.567,
				0.84,
				0.733,
				0.84,
				1,
				0.856,
				0.84,
				0.978,
				0.661,
				1.1,
				0.661,
				1,
				1.189,
				0.661,
				1.278,
				0.978,
				1.367,
				0.978,
				1,
				1.644,
				0.978,
				1.922,
				0.774,
				2.2,
				0.774,
				1,
				2.456,
				0.774,
				2.711,
				0.84,
				2.967,
				0.84,
				1,
				3.2,
				0.84,
				3.433,
				0.429,
				3.667,
				0.429,
				1,
				3.956,
				0.429,
				4.244,
				1,
				4.533,
				1,
				1,
				5.022,
				1,
				5.511,
				0.716,
				6,
				0.401
			]
		},
		{
			"Target": "Parameter",
			"Id": "ParamPachi",
			"Segments": [
				0,
				0,
				1,
				1.522,
				0,
				3.044,
				0,
				4.567,
				0,
				1,
				4.611,
				0,
				4.656,
				1,
				4.7,
				1,
				1,
				4.711,
				1,
				4.722,
				1,
				4.733,
				1,
				1,
				4.778,
				1,
				4.822,
				0,
				4.867,
				0,
				1,
				5.244,
				0,
				5.622,
				0,
				6,
				0
			]
		},
		{
			"Target": "Parameter",
			"Id": "ParamEyeRL",
			"Segments": [
				0,
				-0.087,
				1,
				0.033,
				-0.087,
				0.067,
				4.191,
				0.1,
				4.191,
				1,
				0.122,
				4.191,
				0.144,
				4.191,
				0.167,
				4.191,
				1,
				0.222,
				4.191,
				0.278,
				-4.364,
				0.333,
				-4.364,
				1,
				0.356,
				-4.364,
				0.378,
				7.612,
				0.4,
				9.182,
				1,
				0.422,
				10.752,
				0.444,
				10.608,
				0.467,
				10.608,
				1,
				0.489,
				10.608,
				0.511,
				-6.503,
				0.533,
				-6.503,
				1,
				0.567,
				-6.503,
				0.6,
				-5.482,
				0.633,
				-2.939,
				1,
				0.656,
				-1.243,
				0.678,
				2.369,
				0.7,
				2.765,
				1,
				0.722,
				3.161,
				0.744,
				3.11,
				0.767,
				3.478,
				1,
				0.789,
				3.846,
				0.811,
				4.904,
				0.833,
				4.904,
				1,
				0.867,
				4.904,
				0.9,
				-7.929,
				0.933,
				-7.929,
				1,
				0.956,
				-7.929,
				0.978,
				4.904,
				1,
				4.904,
				1,
				1.022,
				4.904,
				1.044,
				-4.364,
				1.067,
				-4.364,
				1,
				1.078,
				-4.364,
				1.089,
				4.191,
				1.1,
				4.191,
				1,
				1.133,
				4.191,
				1.167,
				4.137,
				1.2,
				2.765,
				1,
				1.222,
				1.85,
				1.244,
				-6.503,
				1.267,
				-6.503,
				1,
				1.311,
				-6.503,
				1.356,
				-0.087,
				1.4,
				-0.087,
				1,
				1.411,
				-0.087,
				1.422,
				-1.513,
				1.433,
				-1.513,
				1,
				1.456,
				-1.513,
				1.478,
				4.191,
				1.5,
				4.191,
				1,
				1.522,
				4.191,
				1.544,
				4.191,
				1.567,
				4.191,
				1,
				1.589,
				4.191,
				1.611,
				-2.939,
				1.633,
				-2.939,
				1,
				1.689,
				-2.939,
				1.744,
				4.639,
				1.8,
				9.182,
				1,
				1.822,
				10.999,
				1.844,
				10.608,
				1.867,
				10.608,
				1,
				1.889,
				10.608,
				1.911,
				-6.503,
				1.933,
				-6.503,
				1,
				1.956,
				-6.503,
				1.978,
				5.617,
				2,
				5.617,
				1,
				2.033,
				5.617,
				2.067,
				2.765,
				2.1,
				2.765,
				1,
				2.122,
				2.765,
				2.144,
				2.854,
				2.167,
				3.478,
				1,
				2.189,
				4.103,
				2.211,
				4.904,
				2.233,
				4.904,
				1,
				2.267,
				4.904,
				2.3,
				-7.929,
				2.333,
				-7.929,
				1,
				2.356,
				-7.929,
				2.378,
				4.904,
				2.4,
				4.904,
				1,
				2.422,
				4.904,
				2.444,
				-4.364,
				2.467,
				-4.364,
				1,
				2.5,
				-4.364,
				2.533,
				-4.03,
				2.567,
				-1.513,
				1,
				2.589,
				0.166,
				2.611,
				4.191,
				2.633,
				4.191,
				1,
				2.656,
				4.191,
				2.678,
				4.191,
				2.7,
				4.191,
				1,
				2.722,
				4.191,
				2.744,
				-2.034,
				2.767,
				-2.939,
				1,
				2.8,
				-4.295,
				2.833,
				-4.364,
				2.867,
				-4.364,
				1,
				2.911,
				-4.364,
				2.956,
				10.608,
				3,
				10.608,
				1,
				3.022,
				10.608,
				3.044,
				-6.503,
				3.067,
				-6.503,
				1,
				3.089,
				-6.503,
				3.111,
				5.617,
				3.133,
				5.617,
				1,
				3.144,
				5.617,
				3.156,
				-2.939,
				3.167,
				-2.939,
				1,
				3.189,
				-2.939,
				3.211,
				1.993,
				3.233,
				2.765,
				1,
				3.256,
				3.537,
				3.278,
				3.478,
				3.3,
				3.478,
				1,
				3.356,
				3.478,
				3.411,
				-7.929,
				3.467,
				-7.929,
				1,
				3.489,
				-7.929,
				3.511,
				4.904,
				3.533,
				4.904,
				1,
				3.556,
				4.904,
				3.578,
				-4.364,
				3.6,
				-4.364,
				1,
				3.611,
				-4.364,
				3.622,
				4.191,
				3.633,
				4.191,
				1,
				3.667,
				4.191,
				3.7,
				2.765,
				3.733,
				2.765,
				1,
				3.767,
				2.765,
				3.8,
				5.617,
				3.833,
				5.617,
				1,
				3.867,
				5.617,
				3.9,
				-2.939,
				3.933,
				-2.939,
				1,
				3.978,
				-2.939,
				4.022,
				5.564,
				4.067,
				9.182,
				1,
				4.089,
				10.991,
				4.111,
				10.608,
				4.133,
				10.608,
				1,
				4.156,
				10.608,
				4.178,
				-6.503,
				4.2,
				-6.503,
				1,
				4.222,
				-6.503,
				4.244,
				5.617,
				4.267,
				5.617,
				1,
				4.3,
				5.617,
				4.333,
				2.765,
				4.367,
				2.765,
				1,
				4.389,
				2.765,
				4.411,
				2.854,
				4.433,
				3.478,
				1,
				4.456,
				4.103,
				4.478,
				4.904,
				4.5,
				4.904,
				1,
				4.533,
				4.904,
				4.567,
				-7.929,
				4.6,
				-7.929,
				1,
				4.622,
				-7.929,
				4.644,
				4.904,
				4.667,
				4.904,
				1,
				4.689,
				4.904,
				4.711,
				-4.364,
				4.733,
				-4.364,
				1,
				4.767,
				-4.364,
				4.8,
				-4.03,
				4.833,
				-1.513,
				1,
				4.856,
				0.166,
				4.878,
				4.191,
				4.9,
				4.191,
				1,
				4.922,
				4.191,
				4.944,
				4.191,
				4.967,
				4.191,
				1,
				4.989,
				4.191,
				5.011,
				-2.034,
				5.033,
				-2.939,
				1,
				5.067,
				-4.295,
				5.1,
				-4.364,
				5.133,
				-4.364,
				1,
				5.178,
				-4.364,
				5.222,
				10.608,
				5.267,
				10.608,
				1,
				5.289,
				10.608,
				5.311,
				-6.503,
				5.333,
				-6.503,
				1,
				5.356,
				-6.503,
				5.378,
				5.617,
				5.4,
				5.617,
				1,
				5.411,
				5.617,
				5.422,
				-2.939,
				5.433,
				-2.939,
				1,
				5.456,
				-2.939,
				5.478,
				1.993,
				5.5,
				2.765,
				1,
				5.522,
				3.537,
				5.544,
				3.478,
				5.567,
				3.478,
				1,
				5.622,
				3.478,
				5.678,
				-7.929,
				5.733,
				-7.929,
				1,
				5.756,
				-7.929,
				5.778,
				4.904,
				5.8,
				4.904,
				1,
				5.822,
				4.904,
				5.844,
				-4.364,
				5.867,
				-4.364,
				1,
				5.878,
				-4.364,
				5.889,
				4.191,
				5.9,
				4.191,
				1,
				5.933,
				4.191,
				5.967,
				-0.087,
				6,
				-0.087
			]
		},
		{
			"Target": "Parameter",
			"Id": "ParamEyeUD",
			"Segments": [
				0,
				-0.087,
				1,
				0.033,
				-0.087,
				0.067,
				2.765,
				0.1,
				2.765,
				1,
				0.122,
				2.765,
				0.144,
				-10.529,
				0.167,
				-10.781,
				1,
				0.222,
				-11.412,
				0.278,
				-11.494,
				0.333,
				-11.494,
				1,
				0.356,
				-11.494,
				0.378,
				-11.643,
				0.4,
				-10.068,
				1,
				0.422,
				-8.493,
				0.444,
				4.191,
				0.467,
				4.191,
				1,
				0.489,
				4.191,
				0.511,
				1.339,
				0.533,
				1.339,
				1,
				0.567,
				1.339,
				0.6,
				7.043,
				0.633,
				7.043,
				1,
				0.656,
				7.043,
				0.678,
				-1.513,
				0.7,
				-1.513,
				1,
				0.722,
				-1.513,
				0.744,
				-1.459,
				0.767,
				-0.087,
				1,
				0.789,
				1.285,
				0.811,
				4.191,
				0.833,
				4.191,
				1,
				0.867,
				4.191,
				0.9,
				4.191,
				0.933,
				4.191,
				1,
				0.956,
				4.191,
				0.978,
				7.043,
				1,
				7.043,
				1,
				1.022,
				7.043,
				1.044,
				-7.216,
				1.067,
				-7.216,
				1,
				1.078,
				-7.216,
				1.089,
				3.478,
				1.1,
				3.478,
				1,
				1.133,
				3.478,
				1.167,
				-7.929,
				1.2,
				-7.929,
				1,
				1.222,
				-7.929,
				1.244,
				1.339,
				1.267,
				1.339,
				1,
				1.311,
				1.339,
				1.356,
				1.039,
				1.4,
				-0.087,
				1,
				1.411,
				-0.368,
				1.422,
				-5.79,
				1.433,
				-5.79,
				1,
				1.456,
				-5.79,
				1.478,
				2.765,
				1.5,
				2.765,
				1,
				1.522,
				2.765,
				1.544,
				-10.781,
				1.567,
				-10.781,
				1,
				1.589,
				-10.781,
				1.611,
				4.191,
				1.633,
				4.191,
				1,
				1.689,
				4.191,
				1.744,
				-10.068,
				1.8,
				-10.068,
				1,
				1.822,
				-10.068,
				1.844,
				4.191,
				1.867,
				4.191,
				1,
				1.889,
				4.191,
				1.911,
				3.24,
				1.933,
				1.339,
				1,
				1.956,
				-0.562,
				1.978,
				-1.513,
				2,
				-1.513,
				1,
				2.033,
				-1.513,
				2.067,
				-1.513,
				2.1,
				-1.513,
				1,
				2.122,
				-1.513,
				2.144,
				-1.459,
				2.167,
				-0.087,
				1,
				2.189,
				1.285,
				2.211,
				4.191,
				2.233,
				4.191,
				1,
				2.267,
				4.191,
				2.3,
				4.191,
				2.333,
				4.191,
				1,
				2.356,
				4.191,
				2.378,
				7.043,
				2.4,
				7.043,
				1,
				2.422,
				7.043,
				2.444,
				-7.216,
				2.467,
				-7.216,
				1,
				2.5,
				-7.216,
				2.533,
				-7.158,
				2.567,
				-5.79,
				1,
				2.589,
				-4.879,
				2.611,
				2.765,
				2.633,
				2.765,
				1,
				2.656,
				2.765,
				2.678,
				-10.781,
				2.7,
				-10.781,
				1,
				2.722,
				-10.781,
				2.744,
				4.191,
				2.767,
				4.191,
				1,
				2.8,
				4.191,
				2.833,
				-11.494,
				2.867,
				-11.494,
				1,
				2.911,
				-11.494,
				2.956,
				4.191,
				3,
				4.191,
				1,
				3.022,
				4.191,
				3.044,
				3.24,
				3.067,
				1.339,
				1,
				3.089,
				-0.562,
				3.111,
				-1.513,
				3.133,
				-1.513,
				1,
				3.144,
				-1.513,
				3.156,
				7.043,
				3.167,
				7.043,
				1,
				3.189,
				7.043,
				3.211,
				-1.513,
				3.233,
				-1.513,
				1,
				3.256,
				-1.513,
				3.278,
				-0.727,
				3.3,
				-0.087,
				1,
				3.356,
				1.513,
				3.411,
				2.455,
				3.467,
				4.191,
				1,
				3.489,
				4.886,
				3.511,
				7.043,
				3.533,
				7.043,
				1,
				3.556,
				7.043,
				3.578,
				-7.216,
				3.6,
				-7.216,
				1,
				3.611,
				-7.216,
				3.622,
				3.478,
				3.633,
				3.478,
				1,
				3.667,
				3.478,
				3.7,
				-7.929,
				3.733,
				-7.929,
				1,
				3.767,
				-7.929,
				3.8,
				-8.061,
				3.833,
				-5.79,
				1,
				3.867,
				-3.519,
				3.9,
				7.043,
				3.933,
				7.043,
				1,
				3.978,
				7.043,
				4.022,
				-10.068,
				4.067,
				-10.068,
				1,
				4.089,
				-10.068,
				4.111,
				4.191,
				4.133,
				4.191,
				1,
				4.156,
				4.191,
				4.178,
				3.24,
				4.2,
				1.339,
				1,
				4.222,
				-0.562,
				4.244,
				-1.513,
				4.267,
				-1.513,
				1,
				4.3,
				-1.513,
				4.333,
				-1.513,
				4.367,
				-1.513,
				1,
				4.389,
				-1.513,
				4.411,
				-1.459,
				4.433,
				-0.087,
				1,
				4.456,
				1.285,
				4.478,
				4.191,
				4.5,
				4.191,
				1,
				4.533,
				4.191,
				4.567,
				4.191,
				4.6,
				4.191,
				1,
				4.622,
				4.191,
				4.644,
				7.043,
				4.667,
				7.043,
				1,
				4.689,
				7.043,
				4.711,
				-7.216,
				4.733,
				-7.216,
				1,
				4.767,
				-7.216,
				4.8,
				-7.158,
				4.833,
				-5.79,
				1,
				4.856,
				-4.879,
				4.878,
				2.765,
				4.9,
				2.765,
				1,
				4.922,
				2.765,
				4.944,
				-10.781,
				4.967,
				-10.781,
				1,
				4.989,
				-10.781,
				5.011,
				4.191,
				5.033,
				4.191,
				1,
				5.067,
				4.191,
				5.1,
				-11.494,
				5.133,
				-11.494,
				1,
				5.178,
				-11.494,
				5.222,
				4.191,
				5.267,
				4.191,
				1,
				5.289,
				4.191,
				5.311,
				3.24,
				5.333,
				1.339,
				1,
				5.356,
				-0.562,
				5.378,
				-1.513,
				5.4,
				-1.513,
				1,
				5.411,
				-1.513,
				5.422,
				7.043,
				5.433,
				7.043,
				1,
				5.456,
				7.043,
				5.478,
				-1.513,
				5.5,
				-1.513,
				1,
				5.522,
				-1.513,
				5.544,
				-0.727,
				5.567,
				-0.087,
				1,
				5.622,
				1.513,
				5.678,
				2.455,
				5.733,
				4.191,
				1,
				5.756,
				4.886,
				5.778,
				7.043,
				5.8,
				7.043,
				1,
				5.822,
				7.043,
				5.844,
				-7.216,
				5.867,
				-7.216,
				1,
				5.878,
				-7.216,
				5.889,
				3.478,
				5.9,
				3.478,
				1,
				5.933,
				3.478,
				5.967,
				-0.087,
				6,
				-0.087
			]
		},
		{
			"Target": "Parameter",
			"Id": "ParamEyeBS",
			"Segments": [
				0,
				0,
				1,
				0.033,
				5.874,
				0.067,
				7,
				0.1,
				7,
				1,
				0.122,
				7,
				0.144,
				-19,
				0.167,
				-19,
				1,
				0.211,
				-19,
				0.256,
				18,
				0.3,
				18,
				1,
				0.322,
				18,
				0.344,
				-14,
				0.367,
				-14,
				1,
				0.389,
				-14,
				0.411,
				-8,
				0.433,
				4,
				1,
				0.456,
				16,
				0.478,
				22,
				0.5,
				22,
				1,
				0.556,
				22,
				0.611,
				21.173,
				0.667,
				16,
				1,
				0.689,
				13.931,
				0.711,
				-8,
				0.733,
				-8,
				1,
				0.756,
				-8,
				0.778,
				-8.268,
				0.8,
				-6,
				1,
				0.822,
				-3.732,
				0.844,
				19,
				0.867,
				19,
				1,
				0.889,
				19,
				0.911,
				-19,
				0.933,
				-19,
				1,
				0.967,
				-19,
				1,
				12,
				1.033,
				12,
				1,
				1.089,
				12,
				1.144,
				12,
				1.2,
				12,
				1,
				1.222,
				12,
				1.244,
				-6,
				1.267,
				-6,
				1,
				1.289,
				-6,
				1.311,
				0,
				1.333,
				0,
				1,
				1.344,
				0,
				1.356,
				-21,
				1.367,
				-21,
				1,
				1.389,
				-21,
				1.411,
				7,
				1.433,
				7,
				1,
				1.456,
				7,
				1.478,
				-19,
				1.5,
				-19,
				1,
				1.522,
				-19,
				1.544,
				13.697,
				1.567,
				16,
				1,
				1.589,
				18.303,
				1.611,
				18,
				1.633,
				18,
				1,
				1.678,
				18,
				1.722,
				4,
				1.767,
				4,
				1,
				1.789,
				4,
				1.811,
				22,
				1.833,
				22,
				1,
				1.856,
				22,
				1.878,
				-18,
				1.9,
				-18,
				1,
				1.911,
				-18,
				1.922,
				-13.543,
				1.933,
				-6,
				1,
				1.956,
				9.085,
				1.978,
				16,
				2,
				16,
				1,
				2.022,
				16,
				2.044,
				-8,
				2.067,
				-8,
				1,
				2.089,
				-8,
				2.111,
				-8.268,
				2.133,
				-6,
				1,
				2.156,
				-3.732,
				2.178,
				19,
				2.2,
				19,
				1,
				2.222,
				19,
				2.244,
				-19,
				2.267,
				-19,
				1,
				2.3,
				-19,
				2.333,
				12,
				2.367,
				12,
				1,
				2.4,
				12,
				2.433,
				-0.285,
				2.467,
				-10,
				1,
				2.5,
				-19.715,
				2.533,
				-21,
				2.567,
				-21,
				1,
				2.589,
				-21,
				2.611,
				7,
				2.633,
				7,
				1,
				2.656,
				7,
				2.678,
				-19,
				2.7,
				-19,
				1,
				2.722,
				-19,
				2.744,
				13.697,
				2.767,
				16,
				1,
				2.789,
				18.303,
				2.811,
				18,
				2.833,
				18,
				1,
				2.856,
				18,
				2.878,
				-14,
				2.9,
				-14,
				1,
				2.922,
				-14,
				2.944,
				-8,
				2.967,
				4,
				1,
				2.989,
				16,
				3.011,
				22,
				3.033,
				22,
				1,
				3.056,
				22,
				3.078,
				-18,
				3.1,
				-18,
				1,
				3.111,
				-18,
				3.122,
				-13.543,
				3.133,
				-6,
				1,
				3.156,
				9.085,
				3.178,
				16,
				3.2,
				16,
				1,
				3.222,
				16,
				3.244,
				-8,
				3.267,
				-8,
				1,
				3.289,
				-8,
				3.311,
				-6,
				3.333,
				-6,
				1,
				3.378,
				-6,
				3.422,
				-19,
				3.467,
				-19,
				1,
				3.5,
				-19,
				3.533,
				12,
				3.567,
				12,
				1,
				3.6,
				12,
				3.633,
				-10,
				3.667,
				-10,
				1,
				3.689,
				-10,
				3.711,
				12,
				3.733,
				12,
				1,
				3.756,
				12,
				3.778,
				-6,
				3.8,
				-6,
				1,
				3.822,
				-6,
				3.844,
				11,
				3.867,
				11,
				1,
				3.922,
				11,
				3.978,
				4,
				4.033,
				4,
				1,
				4.056,
				4,
				4.078,
				22,
				4.1,
				22,
				1,
				4.122,
				22,
				4.144,
				-18,
				4.167,
				-18,
				1,
				4.178,
				-18,
				4.189,
				-13.543,
				4.2,
				-6,
				1,
				4.222,
				9.085,
				4.244,
				16,
				4.267,
				16,
				1,
				4.289,
				16,
				4.311,
				-8,
				4.333,
				-8,
				1,
				4.356,
				-8,
				4.378,
				-8.268,
				4.4,
				-6,
				1,
				4.422,
				-3.732,
				4.444,
				19,
				4.467,
				19,
				1,
				4.489,
				19,
				4.511,
				-19,
				4.533,
				-19,
				1,
				4.567,
				-19,
				4.6,
				12,
				4.633,
				12,
				1,
				4.667,
				12,
				4.7,
				-0.285,
				4.733,
				-10,
				1,
				4.767,
				-19.715,
				4.8,
				-21,
				4.833,
				-21,
				1,
				4.856,
				-21,
				4.878,
				7,
				4.9,
				7,
				1,
				4.922,
				7,
				4.944,
				-19,
				4.967,
				-19,
				1,
				4.989,
				-19,
				5.011,
				13.697,
				5.033,
				16,
				1,
				5.056,
				18.303,
				5.078,
				18,
				5.1,
				18,
				1,
				5.122,
				18,
				5.144,
				-14,
				5.167,
				-14,
				1,
				5.189,
				-14,
				5.211,
				-8,
				5.233,
				4,
				1,
				5.256,
				16,
				5.278,
				22,
				5.3,
				22,
				1,
				5.322,
				22,
				5.344,
				-18,
				5.367,
				-18,
				1,
				5.378,
				-18,
				5.389,
				-13.543,
				5.4,
				-6,
				1,
				5.422,
				9.085,
				5.444,
				16,
				5.467,
				16,
				1,
				5.489,
				16,
				5.511,
				-8,
				5.533,
				-8,
				1,
				5.556,
				-8,
				5.578,
				-6,
				5.6,
				-6,
				1,
				5.644,
				-6,
				5.689,
				-19,
				5.733,
				-19,
				1,
				5.767,
				-19,
				5.8,
				12,
				5.833,
				12,
				1,
				5.867,
				12,
				5.9,
				-10,
				5.933,
				-10,
				1,
				5.956,
				-10,
				5.978,
				-3.916,
				6,
				0
			]
		},
		{
			"Target": "Parameter",
			"Id": "ParamLegL1",
			"Segments": [
				0,
				1.459,
				1,
				0.244,
				2.774,
				0.489,
				2.755,
				0.733,
				2.755,
				1,
				1.733,
				2.755,
				2.733,
				-5.884,
				3.733,
				-5.884,
				1,
				4.489,
				-5.884,
				5.244,
				-2.604,
				6,
				1.459
			]
		},
		{
			"Target": "Parameter",
			"Id": "ParamLegL2",
			"Segments": [
				0,
				-2.272,
				1,
				0.3,
				-3.807,
				0.6,
				-4,
				0.9,
				-4,
				1,
				1.9,
				-4,
				2.9,
				4,
				3.9,
				4,
				1,
				4.6,
				4,
				5.3,
				1.311,
				6,
				-2.272
			]
		},
		{
			"Target": "Parameter",
			"Id": "ParamLegR1",
			"Segments": [
				0,
				0.761,
				1,
				0.4,
				7.38,
				0.8,
				9.59,
				1.2,
				9.59,
				1,
				2.2,
				9.59,
				3.2,
				-15.502,
				4.2,
				-15.502,
				1,
				4.8,
				-15.502,
				5.4,
				-9.167,
				6,
				0.761
			]
		},
		{
			"Target": "Parameter",
			"Id": "ParamLegR2",
			"Segments": [
				0,
				0.532,
				1,
				0.456,
				2.957,
				0.911,
				4,
				1.367,
				4,
				1,
				2.367,
				4,
				3.367,
				-4,
				4.367,
				-4,
				1,
				4.911,
				-4,
				5.456,
				-2.366,
				6,
				0.532
			]
		},
		{
			"Target": "Parameter",
			"Id": "ParamPaiRY",
			"Segments": [
				0,
				15.187,
				1,
				0.844,
				2.931,
				1.689,
				-8,
				2.533,
				-8,
				1,
				3.533,
				-8,
				4.533,
				17,
				5.533,
				17,
				1,
				5.689,
				17,
				5.844,
				17.522,
				6,
				15.187
			]
		},
		{
			"Target": "Parameter",
			"Id": "ParamPaiRX",
			"Segments": [
				0,
				15.442,
				1,
				0.689,
				4.025,
				1.378,
				-4.464,
				2.067,
				-4.464,
				1,
				3.067,
				-4.464,
				4.067,
				21.39,
				5.067,
				21.39,
				1,
				5.378,
				21.39,
				5.689,
				20.599,
				6,
				15.442
			]
		},
		{
			"Target": "Parameter",
			"Id": "ParamPaiRY2",
			"Segments": [
				0,
				4.473,
				1,
				0.989,
				-1.783,
				1.978,
				-8,
				2.967,
				-8,
				1,
				3.967,
				-8,
				4.967,
				4.491,
				5.967,
				4.491,
				1,
				5.978,
				4.491,
				5.989,
				4.559,
				6,
				4.473
			]
		},
		{
			"Target": "Parameter",
			"Id": "ParamPaiRX2",
			"Segments": [
				0,
				4.746,
				1,
				0.833,
				-0.16,
				1.667,
				-4.464,
				2.5,
				-4.464,
				1,
				3.5,
				-4.464,
				4.5,
				5.483,
				5.5,
				5.483,
				1,
				5.667,
				5.483,
				5.833,
				5.727,
				6,
				4.746
			]
		},
		{
			"Target": "Parameter",
			"Id": "ParamPaiLY",
			"Segments": [
				0,
				15.187,
				1,
				0.844,
				2.931,
				1.689,
				-8,
				2.533,
				-8,
				1,
				3.533,
				-8,
				4.533,
				17,
				5.533,
				17,
				1,
				5.689,
				17,
				5.844,
				17.522,
				6,
				15.187
			]
		},
		{
			"Target": "Parameter",
			"Id": "ParamPaiLX",
			"Segments": [
				0,
				6.009,
				1,
				0.689,
				-5.409,
				1.378,
				-13.897,
				2.067,
				-13.897,
				1,
				3.067,
				-13.897,
				4.067,
				11.957,
				5.067,
				11.957,
				1,
				5.378,
				11.957,
				5.689,
				11.166,
				6,
				6.009
			]
		},
		{
			"Target": "Parameter",
			"Id": "ParamPaiLY2",
			"Segments": [
				0,
				4.473,
				1,
				0.989,
				-1.783,
				1.978,
				-8,
				2.967,
				-8,
				1,
				3.967,
				-8,
				4.967,
				4.491,
				5.967,
				4.491,
				1,
				5.978,
				4.491,
				5.989,
				4.559,
				6,
				4.473
			]
		},
		{
			"Target": "Parameter",
			"Id": "ParamPaiLX2",
			"Segments": [
				0,
				4.746,
				1,
				0.833,
				-0.16,
				1.667,
				-4.464,
				2.5,
				-4.464,
				1,
				3.5,
				-4.464,
				4.5,
				5.483,
				5.5,
				5.483,
				1,
				5.667,
				5.483,
				5.833,
				5.727,
				6,
				4.746
			]
		},
		{
			"Target": "Parameter",
			"Id": "ParamBreat",
			"Segments": [
				0,
				0.434,
				1,
				0.456,
				0.13,
				0.911,
				0,
				1.367,
				0,
				1,
				2.367,
				0,
				3.367,
				1,
				4.367,
				1,
				1,
				4.911,
				1,
				5.456,
				0.796,
				6,
				0.434
			]
		},
		{
			"Target": "Parameter",
			"Id": "Param",
			"Segments": [
				0,
				0.069,
				1,
				0.5,
				9.925,
				1,
				14.853,
				1.5,
				14.853,
				1,
				2.5,
				14.853,
				3.5,
				-14.716,
				4.5,
				-14.716,
				1,
				5,
				-14.716,
				5.5,
				-9.787,
				6,
				0.069
			]
		},
		{
			"Target": "Parameter",
			"Id": "Param_Angle_Rotation10",
			"Segments": [
				0,
				0,
				1,
				2,
				0,
				4,
				0,
				6,
				0
			]
		},
		{
			"Target": "Parameter",
			"Id": "Param_Angle_Rotation11",
			"Segments": [
				0,
				-0.437,
				1,
				0.567,
				4.499,
				1.133,
				7.231,
				1.7,
				7.231,
				1,
				2.644,
				7.231,
				3.589,
				-6.58,
				4.533,
				-6.58,
				1,
				5.022,
				-6.58,
				5.511,
				-4.695,
				6,
				-0.437
			]
		},
		{
			"Target": "Parameter",
			"Id": "Param_Angle_Rotation12",
			"Segments": [
				0,
				-1.887,
				1,
				0.644,
				5.78,
				1.289,
				10.768,
				1.933,
				10.768,
				1,
				2.878,
				10.768,
				3.822,
				-8.314,
				4.767,
				-8.314,
				1,
				5.178,
				-8.314,
				5.589,
				-6.778,
				6,
				-1.887
			]
		},
		{
			"Target": "Parameter",
			"Id": "Param_Angle_Rotation13",
			"Segments": [
				0,
				0,
				1,
				2,
				0,
				4,
				0,
				6,
				0
			]
		},
		{
			"Target": "Parameter",
			"Id": "Param_Angle_Rotation14",
			"Segments": [
				0,
				-0.422,
				1,
				0.5,
				2.13,
				1,
				3.301,
				1.5,
				3.301,
				1,
				2.444,
				3.301,
				3.389,
				-4.785,
				4.333,
				-4.785,
				1,
				4.889,
				-4.785,
				5.444,
				-3.257,
				6,
				-0.422
			]
		},
		{
			"Target": "Parameter",
			"Id": "Param_Angle_Rotation15",
			"Segments": [
				0,
				-1.013,
				1,
				0.578,
				3.053,
				1.156,
				5.361,
				1.733,
				5.361,
				1,
				2.678,
				5.361,
				3.622,
				-5.805,
				4.567,
				-5.805,
				1,
				5.044,
				-5.805,
				5.522,
				-4.374,
				6,
				-1.013
			]
		},
		{
			"Target": "Parameter",
			"Id": "Param_Angle_Rotation20",
			"Segments": [
				0,
				0,
				1,
				2,
				0,
				4,
				0,
				6,
				0
			]
		},
		{
			"Target": "Parameter",
			"Id": "Param_Angle_Rotation21",
			"Segments": [
				0,
				-0.025,
				1,
				0.611,
				-2.652,
				1.222,
				-4.253,
				1.833,
				-4.253,
				1,
				2.778,
				-4.253,
				3.722,
				2.595,
				4.667,
				2.595,
				1,
				5.111,
				2.595,
				5.556,
				1.885,
				6,
				-0.025
			]
		},
		{
			"Target": "Parameter",
			"Id": "Param_Angle_Rotation22",
			"Segments": [
				0,
				1.598,
				1,
				0.689,
				-3.406,
				1.378,
				-6.905,
				2.067,
				-6.905,
				1,
				3.011,
				-6.905,
				3.956,
				4.876,
				4.9,
				4.876,
				1,
				5.267,
				4.876,
				5.633,
				4.262,
				6,
				1.598
			]
		},
		{
			"Target": "Parameter",
			"Id": "Param_Angle_Rotation40",
			"Segments": [
				0,
				0,
				1,
				2,
				0,
				4,
				0,
				6,
				0
			]
		},
		{
			"Target": "Parameter",
			"Id": "Param_Angle_Rotation41",
			"Segments": [
				0,
				0.391,
				1,
				0.656,
				-2.403,
				1.311,
				-4.253,
				1.967,
				-4.253,
				1,
				2.911,
				-4.253,
				3.856,
				2.595,
				4.8,
				2.595,
				1,
				5.2,
				2.595,
				5.6,
				2.095,
				6,
				0.391
			]
		},
		{
			"Target": "Parameter",
			"Id": "Param_Angle_Rotation42",
			"Segments": [
				0,
				2.254,
				1,
				0.733,
				-2.991,
				1.467,
				-6.905,
				2.2,
				-6.905,
				1,
				3.144,
				-6.905,
				4.089,
				4.876,
				5.033,
				4.876,
				1,
				5.356,
				4.876,
				5.678,
				4.559,
				6,
				2.254
			]
		},
		{
			"Target": "Parameter",
			"Id": "Param_Angle_Rotation16",
			"Segments": [
				0,
				0,
				1,
				2,
				0,
				4,
				0,
				6,
				0
			]
		},
		{
			"Target": "Parameter",
			"Id": "Param_Angle_Rotation17",
			"Segments": [
				0,
				-0.407,
				1,
				0.6,
				-2.838,
				1.2,
				-4.286,
				1.8,
				-4.286,
				1,
				2.744,
				-4.286,
				3.689,
				2.159,
				4.633,
				2.159,
				1,
				5.089,
				2.159,
				5.544,
				1.439,
				6,
				-0.407
			]
		},
		{
			"Target": "Parameter",
			"Id": "Param_Angle_Rotation18",
			"Segments": [
				0,
				3.144,
				1,
				0.689,
				-2.102,
				1.378,
				-5.769,
				2.067,
				-5.769,
				1,
				3.011,
				-5.769,
				3.956,
				6.58,
				4.9,
				6.58,
				1,
				5.267,
				6.58,
				5.633,
				5.936,
				6,
				3.144
			]
		},
		{
			"Target": "Parameter",
			"Id": "Param_Angle_Rotation19",
			"Segments": [
				0,
				5.595,
				1,
				0.767,
				-1.196,
				1.533,
				-6.489,
				2.3,
				-6.489,
				1,
				3.244,
				-6.489,
				4.189,
				8.314,
				5.133,
				8.314,
				1,
				5.422,
				8.314,
				5.711,
				8.153,
				6,
				5.595
			]
		},
		{
			"Target": "Parameter",
			"Id": "Param_Angle_Rotation23",
			"Segments": [
				0,
				0,
				1,
				2,
				0,
				4,
				0,
				6,
				0
			]
		},
		{
			"Target": "Parameter",
			"Id": "Param_Angle_Rotation24",
			"Segments": [
				0,
				0.014,
				1,
				0.5,
				-2.434,
				1,
				-3.558,
				1.5,
				-3.558,
				1,
				2.444,
				-3.558,
				3.389,
				4.198,
				4.333,
				4.198,
				1,
				4.889,
				4.198,
				5.444,
				2.733,
				6,
				0.014
			]
		},
		{
			"Target": "Parameter",
			"Id": "Param_Angle_Rotation25",
			"Segments": [
				0,
				0.746,
				1,
				0.578,
				-3.117,
				1.156,
				-5.31,
				1.733,
				-5.31,
				1,
				2.678,
				-5.31,
				3.622,
				5.3,
				4.567,
				5.3,
				1,
				5.044,
				5.3,
				5.522,
				3.941,
				6,
				0.746
			]
		},
		{
			"Target": "Parameter",
			"Id": "Param_Angle_Rotation26",
			"Segments": [
				0,
				0,
				1,
				2,
				0,
				4,
				0,
				6,
				0
			]
		},
		{
			"Target": "Parameter",
			"Id": "Param_Angle_Rotation27",
			"Segments": [
				0,
				0.783,
				1,
				0.411,
				1.821,
				0.822,
				2.146,
				1.233,
				2.146,
				1,
				2.178,
				2.146,
				3.122,
				-1.899,
				4.067,
				-1.899,
				1,
				4.711,
				-1.899,
				5.356,
				-0.843,
				6,
				0.783
			]
		},
		{
			"Target": "Parameter",
			"Id": "Param_Angle_Rotation28",
			"Segments": [
				0,
				0.162,
				1,
				0.5,
				0.558,
				1,
				0.739,
				1.5,
				0.739,
				1,
				2.444,
				0.739,
				3.389,
				-0.514,
				4.333,
				-0.514,
				1,
				4.889,
				-0.514,
				5.444,
				-0.277,
				6,
				0.162
			]
		},
		{
			"Target": "Parameter",
			"Id": "Param_Angle_Rotation29",
			"Segments": [
				0,
				0.044,
				1,
				0.578,
				0.283,
				1.156,
				0.418,
				1.733,
				0.418,
				1,
				2.678,
				0.418,
				3.622,
				-0.237,
				4.567,
				-0.237,
				1,
				5.044,
				-0.237,
				5.522,
				-0.153,
				6,
				0.044
			]
		},
		{
			"Target": "Parameter",
			"Id": "Param_Angle_Rotation30",
			"Segments": [
				0,
				-0.31,
				1,
				0.5,
				-0.524,
				1,
				-0.622,
				1.5,
				-0.622,
				1,
				2.444,
				-0.622,
				3.389,
				0.055,
				4.333,
				0.055,
				1,
				4.889,
				0.055,
				5.444,
				-0.073,
				6,
				-0.31
			]
		},
		{
			"Target": "Parameter",
			"Id": "Param_Angle_Rotation31",
			"Segments": [
				0,
				-0.016,
				1,
				0.578,
				-1.378,
				1.156,
				-2.152,
				1.733,
				-2.152,
				1,
				2.678,
				-2.152,
				3.622,
				1.589,
				4.567,
				1.589,
				1,
				5.044,
				1.589,
				5.522,
				1.11,
				6,
				-0.016
			]
		},
		{
			"Target": "Parameter",
			"Id": "Param_Angle_Rotation32",
			"Segments": [
				0,
				0.817,
				1,
				0.656,
				-0.69,
				1.311,
				-1.687,
				1.967,
				-1.687,
				1,
				2.911,
				-1.687,
				3.856,
				2.006,
				4.8,
				2.006,
				1,
				5.2,
				2.006,
				5.6,
				1.737,
				6,
				0.817
			]
		},
		{
			"Target": "Parameter",
			"Id": "Param_Angle_Rotation33",
			"Segments": [
				0,
				2.431,
				1,
				0.633,
				8.743,
				1.267,
				12.766,
				1.9,
				12.766,
				1,
				2.844,
				12.766,
				3.789,
				-3.18,
				4.733,
				-3.18,
				1,
				5.156,
				-3.18,
				5.578,
				-1.777,
				6,
				2.431
			]
		},
		{
			"Target": "Parameter",
			"Id": "Param_Angle_Rotation34",
			"Segments": [
				0,
				1.281,
				1,
				0.756,
				-0.637,
				1.511,
				-2.106,
				2.267,
				-2.106,
				1,
				3.211,
				-2.106,
				4.156,
				2.108,
				5.1,
				2.108,
				1,
				5.4,
				2.108,
				5.7,
				2.042,
				6,
				1.281
			]
		},
		{
			"Target": "Parameter",
			"Id": "Param_Angle_Rotation35",
			"Segments": [
				0,
				-1.028,
				1,
				0.756,
				-0.159,
				1.511,
				0.506,
				2.267,
				0.506,
				1,
				3.211,
				0.506,
				4.156,
				-1.402,
				5.1,
				-1.402,
				1,
				5.4,
				-1.402,
				5.7,
				-1.372,
				6,
				-1.028
			]
		},
		{
			"Target": "Parameter",
			"Id": "Param_Angle_Rotation36",
			"Segments": [
				0,
				-3.861,
				1,
				0.833,
				-0.182,
				1.667,
				2.903,
				2.5,
				2.903,
				1,
				3.444,
				2.903,
				4.389,
				-4.733,
				5.333,
				-4.733,
				1,
				5.556,
				-4.733,
				5.778,
				-4.842,
				6,
				-3.861
			]
		},
		{
			"Target": "Parameter",
			"Id": "Param_Angle_Rotation37",
			"Segments": [
				0,
				-0.692,
				1,
				0.656,
				0.82,
				1.311,
				1.821,
				1.967,
				1.821,
				1,
				2.911,
				1.821,
				3.856,
				-1.886,
				4.8,
				-1.886,
				1,
				5.2,
				-1.886,
				5.6,
				-1.615,
				6,
				-0.692
			]
		},
		{
			"Target": "Parameter",
			"Id": "Param_Angle_Rotation38",
			"Segments": [
				0,
				-5.02,
				1,
				0.733,
				1.569,
				1.467,
				6.489,
				2.2,
				6.489,
				1,
				3.144,
				6.489,
				4.089,
				-8.314,
				5.033,
				-8.314,
				1,
				5.356,
				-8.314,
				5.678,
				-7.914,
				6,
				-5.02
			]
		}
	]
}