{
	"Version": 3,
	"Parameters": [
		{
			"Id": "ParamParticalMaskX",
			"GroupId": "ParamGroup12",
			"Name": "パーティカルマスクX"
		},
		{
			"Id": "ParamParticalMaskY",
			"GroupId": "ParamGroup12",
			"Name": "パーティカルマスクY"
		},
		{
			"Id": "ParamKira1",
			"GroupId": "ParamGroup12",
			"Name": "キラ1"
		},
		{
			"Id": "ParamKira2",
			"GroupId": "ParamGroup12",
			"Name": "キラ2"
		},
		{
			"Id": "ParamKira3",
			"GroupId": "ParamGroup12",
			"Name": "キラ3"
		},
		{
			"Id": "ParamKira4",
			"GroupId": "ParamGroup12",
			"Name": "キラ4"
		},
		{
			"Id": "ParamPowa",
			"GroupId": "ParamGroup12",
			"Name": "ぽわ"
		},
		{
			"Id": "ParamBodyKira1",
			"GroupId": "ParamGroup12",
			"Name": "身体キラ1"
		},
		{
			"Id": "ParamBodyKira2",
			"GroupId": "ParamGroup12",
			"Name": "身体キラ2"
		},
		{
			"Id": "ParamBodyKira3",
			"GroupId": "ParamGroup12",
			"Name": "身体キラ3"
		},
		{
			"Id": "ParamBodyKira4",
			"GroupId": "ParamGroup12",
			"Name": "身体キラ4"
		},
		{
			"Id": "ParamBodyKira5",
			"GroupId": "ParamGroup12",
			"Name": "身体キラ5"
		},
		{
			"Id": "ParamBodyKira6",
			"GroupId": "ParamGroup12",
			"Name": "身体キラ6"
		},
		{
			"Id": "ParamBright",
			"GroupId": "ParamGroup12",
			"Name": "日差し"
		},
		{
			"Id": "ParamPachi",
			"GroupId": "ParamGroup2",
			"Name": "目パチ"
		},
		{
			"Id": "ParamEyeRL",
			"GroupId": "ParamGroup2",
			"Name": "目Hi左右"
		},
		{
			"Id": "ParamEyeUD",
			"GroupId": "ParamGroup2",
			"Name": "目Hi上下"
		},
		{
			"Id": "ParamEyeBS",
			"GroupId": "ParamGroup2",
			"Name": "目Hi大小"
		},
		{
			"Id": "ParamLegL1",
			"GroupId": "ParamGroup2",
			"Name": "右太もも"
		},
		{
			"Id": "ParamLegL2",
			"GroupId": "ParamGroup2",
			"Name": "右足"
		},
		{
			"Id": "ParamLegR1",
			"GroupId": "ParamGroup2",
			"Name": "左太もも"
		},
		{
			"Id": "ParamLegR2",
			"GroupId": "ParamGroup2",
			"Name": "左足"
		},
		{
			"Id": "ParamPaiRY",
			"GroupId": "ParamGroup2",
			"Name": "右胸 Y"
		},
		{
			"Id": "ParamPaiRX",
			"GroupId": "ParamGroup2",
			"Name": "右胸 X"
		},
		{
			"Id": "ParamPaiRY2",
			"GroupId": "ParamGroup2",
			"Name": "右胸 Y2"
		},
		{
			"Id": "ParamPaiRX2",
			"GroupId": "ParamGroup2",
			"Name": "右胸 X2"
		},
		{
			"Id": "ParamPaiLY",
			"GroupId": "ParamGroup2",
			"Name": "左胸 Y"
		},
		{
			"Id": "ParamPaiLX",
			"GroupId": "ParamGroup2",
			"Name": "左胸 X"
		},
		{
			"Id": "ParamPaiLY2",
			"GroupId": "ParamGroup2",
			"Name": "左胸 Y2"
		},
		{
			"Id": "ParamPaiLX2",
			"GroupId": "ParamGroup2",
			"Name": "左胸 X2"
		},
		{
			"Id": "ParamBreat",
			"GroupId": "ParamGroup2",
			"Name": "呼吸"
		},
		{
			"Id": "Param",
			"GroupId": "ParamGroup",
			"Name": "ハンモック"
		},
		{
			"Id": "Param_Angle_Rotation10",
			"GroupId": "ParamGroup3",
			"Name": "[0]前髪_左2"
		},
		{
			"Id": "Param_Angle_Rotation11",
			"GroupId": "ParamGroup3",
			"Name": "[1]前髪_左2"
		},
		{
			"Id": "Param_Angle_Rotation12",
			"GroupId": "ParamGroup3",
			"Name": "[2]前髪_左2"
		},
		{
			"Id": "Param_Angle_Rotation13",
			"GroupId": "ParamGroup4",
			"Name": "[0]前髪_左1"
		},
		{
			"Id": "Param_Angle_Rotation14",
			"GroupId": "ParamGroup4",
			"Name": "[1]前髪_左1"
		},
		{
			"Id": "Param_Angle_Rotation15",
			"GroupId": "ParamGroup4",
			"Name": "[2]前髪_左1"
		},
		{
			"Id": "Param_Angle_Rotation20",
			"GroupId": "ParamGroup6",
			"Name": "[0]前髪_右1"
		},
		{
			"Id": "Param_Angle_Rotation21",
			"GroupId": "ParamGroup6",
			"Name": "[1]前髪_右1"
		},
		{
			"Id": "Param_Angle_Rotation22",
			"GroupId": "ParamGroup6",
			"Name": "[2]前髪_右1"
		},
		{
			"Id": "Param_Angle_Rotation40",
			"GroupId": "ParamGroup13",
			"Name": "[0]前髪_右3"
		},
		{
			"Id": "Param_Angle_Rotation41",
			"GroupId": "ParamGroup13",
			"Name": "[1]前髪_右3"
		},
		{
			"Id": "Param_Angle_Rotation42",
			"GroupId": "ParamGroup13",
			"Name": "[2]前髪_右3"
		},
		{
			"Id": "Param_Angle_Rotation16",
			"GroupId": "ParamGroup5",
			"Name": "[0]前髪_右2"
		},
		{
			"Id": "Param_Angle_Rotation17",
			"GroupId": "ParamGroup5",
			"Name": "[1]前髪_右2"
		},
		{
			"Id": "Param_Angle_Rotation18",
			"GroupId": "ParamGroup5",
			"Name": "[2]前髪_右2"
		},
		{
			"Id": "Param_Angle_Rotation19",
			"GroupId": "ParamGroup5",
			"Name": "[3]前髪_右2"
		},
		{
			"Id": "Param_Angle_Rotation23",
			"GroupId": "ParamGroup7",
			"Name": "[0]前髪_真ん中"
		},
		{
			"Id": "Param_Angle_Rotation24",
			"GroupId": "ParamGroup7",
			"Name": "[1]前髪_真ん中"
		},
		{
			"Id": "Param_Angle_Rotation25",
			"GroupId": "ParamGroup7",
			"Name": "[2]前髪_真ん中"
		},
		{
			"Id": "Param_Angle_Rotation26",
			"GroupId": "ParamGroup8",
			"Name": "[0]横髪_左"
		},
		{
			"Id": "Param_Angle_Rotation27",
			"GroupId": "ParamGroup8",
			"Name": "[1]横髪_左"
		},
		{
			"Id": "Param_Angle_Rotation28",
			"GroupId": "ParamGroup8",
			"Name": "[2]横髪_左"
		},
		{
			"Id": "Param_Angle_Rotation29",
			"GroupId": "ParamGroup8",
			"Name": "[3]横髪_左"
		},
		{
			"Id": "Param_Angle_Rotation30",
			"GroupId": "ParamGroup9",
			"Name": "[0]横髪_右_みつあみ"
		},
		{
			"Id": "Param_Angle_Rotation31",
			"GroupId": "ParamGroup9",
			"Name": "[1]横髪_右_みつあみ"
		},
		{
			"Id": "Param_Angle_Rotation32",
			"GroupId": "ParamGroup9",
			"Name": "[2]横髪_右_みつあみ"
		},
		{
			"Id": "Param_Angle_Rotation33",
			"GroupId": "ParamGroup9",
			"Name": "[3]横髪_右_みつあみ"
		},
		{
			"Id": "Param_Angle_Rotation34",
			"GroupId": "ParamGroup9",
			"Name": "[4]横髪_右_みつあみ"
		},
		{
			"Id": "Param_Angle_Rotation35",
			"GroupId": "ParamGroup10",
			"Name": "[0]花飾り_葉"
		},
		{
			"Id": "Param_Angle_Rotation36",
			"GroupId": "ParamGroup10",
			"Name": "[1]花飾り_葉"
		},
		{
			"Id": "Param_Angle_Rotation37",
			"GroupId": "ParamGroup11",
			"Name": "[0]花飾り_おしべ"
		},
		{
			"Id": "Param_Angle_Rotation38",
			"GroupId": "ParamGroup11",
			"Name": "[1]花飾り_おしべ"
		}
	],
	"ParameterGroups": [
		{
			"Id": "ParamGroup12",
			"GroupId": "",
			"Name": "エフェクト"
		},
		{
			"Id": "ParamGroup2",
			"GroupId": "",
			"Name": "URアニメーション"
		},
		{
			"Id": "ParamGroup",
			"GroupId": "",
			"Name": "追加"
		},
		{
			"Id": "ParamGroup3",
			"GroupId": "",
			"Name": "前髪_左2"
		},
		{
			"Id": "ParamGroup4",
			"GroupId": "",
			"Name": "前髪_左1"
		},
		{
			"Id": "ParamGroup6",
			"GroupId": "",
			"Name": "前髪_右1"
		},
		{
			"Id": "ParamGroup13",
			"GroupId": "",
			"Name": "前髪_右3"
		},
		{
			"Id": "ParamGroup5",
			"GroupId": "",
			"Name": "前髪_右2"
		},
		{
			"Id": "ParamGroup7",
			"GroupId": "",
			"Name": "前髪_真ん中"
		},
		{
			"Id": "ParamGroup8",
			"GroupId": "",
			"Name": "横髪_左"
		},
		{
			"Id": "ParamGroup9",
			"GroupId": "",
			"Name": "横髪_右_みつあみ"
		},
		{
			"Id": "ParamGroup10",
			"GroupId": "",
			"Name": "花飾り_葉"
		},
		{
			"Id": "ParamGroup11",
			"GroupId": "",
			"Name": "花飾り_おしべ"
		}
	],
	"Parts": [
		{
			"Id": "Part18",
			"Name": "1920x1440.psd（対応無し）"
		},
		{
			"Id": "Part",
			"Name": "*エフェクト"
		},
		{
			"Id": "Part2",
			"Name": "*花びら"
		},
		{
			"Id": "Part3",
			"Name": "*レイナ"
		},
		{
			"Id": "Part11",
			"Name": "*レイナ"
		},
		{
			"Id": "Part4",
			"Name": "*前髪"
		},
		{
			"Id": "ArtMesh33_Skinning",
			"Name": "花飾り_手前のおしべ(スキニング)"
		},
		{
			"Id": "ArtMesh36_Skinning",
			"Name": "花飾り_葉(スキニング)"
		},
		{
			"Id": "ArtMesh42_Skinning",
			"Name": "横髪_右_みつあみ(スキニング)"
		},
		{
			"Id": "ArtMesh48_Skinning",
			"Name": "横髪_左(スキニング)"
		},
		{
			"Id": "Part5",
			"Name": "*表情"
		},
		{
			"Id": "Part12",
			"Name": "*前髪"
		},
		{
			"Id": "ArtMesh28_Skinning",
			"Name": "前髪_真ん中(スキニング)"
		},
		{
			"Id": "ArtMesh29_Skinning2",
			"Name": "前髪_右1(スキニング)"
		},
		{
			"Id": "ArtMesh76_Skinning",
			"Name": "前髪_右1(スキニング)"
		},
		{
			"Id": "ArtMesh25_Skinning",
			"Name": "前髪_右3(スキニング)"
		},
		{
			"Id": "ArtMesh30_Skinning",
			"Name": "前髪_右2(スキニング)"
		},
		{
			"Id": "ArtMesh31_Skinning",
			"Name": "前髪_左1(スキニング)"
		},
		{
			"Id": "ArtMesh32_Skinning",
			"Name": "前髪_左2(スキニング)"
		},
		{
			"Id": "Part6",
			"Name": "*開き目"
		}
	],
	"CombinedParameters": [
		[
			"ParamParticalMaskX",
			"ParamParticalMaskY"
		],
		[
			"ParamEyeRL",
			"ParamEyeUD"
		]
	]
}