{
	"Version": 3,
	"Parameters": [
		{
			"Id": "ParamEff1",
			"GroupId": "ParamGroup",
			"Name": "エフェクト1"
		},
		{
			"Id": "ParamEff2",
			"GroupId": "ParamGroup",
			"Name": "エフェクト2"
		},
		{
			"Id": "ParamEff3",
			"GroupId": "ParamGroup",
			"Name": "エフェクト3"
		},
		{
			"Id": "ParamEff4",
			"GroupId": "ParamGroup",
			"Name": "エフェクト4"
		},
		{
			"Id": "ParamEff5",
			"GroupId": "ParamGroup",
			"Name": "エフェクト5"
		},
		{
			"Id": "ParamEff6",
			"GroupId": "ParamGroup",
			"Name": "エフェクト6"
		},
		{
			"Id": "ParamEff7",
			"GroupId": "ParamGroup",
			"Name": "エフェクト7"
		},
		{
			"Id": "ParamEff8",
			"GroupId": "ParamGroup",
			"Name": "エフェクト8"
		},
		{
			"Id": "ParamEff9",
			"GroupId": "ParamGroup",
			"Name": "エフェクト9"
		},
		{
			"Id": "ParamEff10",
			"GroupId": "ParamGroup",
			"Name": "エフェクト10"
		},
		{
			"Id": "ParamEff11",
			"GroupId": "ParamGroup",
			"Name": "エフェクト11"
		},
		{
			"Id": "ParamEff12",
			"GroupId": "ParamGroup",
			"Name": "エフェクト12"
		},
		{
			"Id": "ParamEff13",
			"GroupId": "ParamGroup",
			"Name": "エフェクト13"
		},
		{
			"Id": "ParamEff14",
			"GroupId": "ParamGroup",
			"Name": "エフェクト14"
		},
		{
			"Id": "ParamEff15",
			"GroupId": "ParamGroup",
			"Name": "エフェクト15"
		},
		{
			"Id": "ParamEff16",
			"GroupId": "ParamGroup",
			"Name": "エフェクト16"
		},
		{
			"Id": "ParamEff17",
			"GroupId": "ParamGroup",
			"Name": "エフェクト17"
		},
		{
			"Id": "ParamEff18",
			"GroupId": "ParamGroup",
			"Name": "エフェクト18"
		},
		{
			"Id": "ParamEff19",
			"GroupId": "ParamGroup",
			"Name": "エフェクト19"
		},
		{
			"Id": "ParamEff20",
			"GroupId": "ParamGroup",
			"Name": "エフェクト20"
		},
		{
			"Id": "ParamEff21",
			"GroupId": "ParamGroup",
			"Name": "エフェクト21"
		},
		{
			"Id": "ParamEff22",
			"GroupId": "ParamGroup",
			"Name": "エフェクト22"
		},
		{
			"Id": "ParamEff23",
			"GroupId": "ParamGroup",
			"Name": "エフェクト23"
		},
		{
			"Id": "ParamEff24",
			"GroupId": "ParamGroup",
			"Name": "エフェクト24"
		},
		{
			"Id": "ParamEff25",
			"GroupId": "ParamGroup",
			"Name": "エフェクト25"
		},
		{
			"Id": "ParamEff26",
			"GroupId": "ParamGroup",
			"Name": "エフェクト26"
		},
		{
			"Id": "ParamEff27",
			"GroupId": "ParamGroup",
			"Name": "エフェクト27"
		},
		{
			"Id": "ParamEff28",
			"GroupId": "ParamGroup",
			"Name": "エフェクト28"
		},
		{
			"Id": "ParamEff29",
			"GroupId": "ParamGroup",
			"Name": "エフェクト29"
		},
		{
			"Id": "ParamEff30",
			"GroupId": "ParamGroup",
			"Name": "エフェクト30"
		},
		{
			"Id": "ParamEff31",
			"GroupId": "ParamGroup",
			"Name": "エフェクト31"
		},
		{
			"Id": "ParamEff32",
			"GroupId": "ParamGroup",
			"Name": "エフェクト32"
		},
		{
			"Id": "ParamEff33",
			"GroupId": "ParamGroup",
			"Name": "エフェクト33"
		},
		{
			"Id": "ParamPachi",
			"GroupId": "ParamGroup2",
			"Name": "目パチ"
		},
		{
			"Id": "ParamLegL1",
			"GroupId": "ParamGroup2",
			"Name": "右太もも"
		},
		{
			"Id": "ParamLegL2",
			"GroupId": "ParamGroup2",
			"Name": "右足"
		},
		{
			"Id": "ParamLegR1",
			"GroupId": "ParamGroup2",
			"Name": "左太もも"
		},
		{
			"Id": "ParamLegR2",
			"GroupId": "ParamGroup2",
			"Name": "左足"
		},
		{
			"Id": "ParamEyeRL",
			"GroupId": "ParamGroup2",
			"Name": "目Hi左右"
		},
		{
			"Id": "ParamEyeUD",
			"GroupId": "ParamGroup2",
			"Name": "目Hi上下"
		},
		{
			"Id": "ParamEyeBS",
			"GroupId": "ParamGroup2",
			"Name": "目Hi大小"
		},
		{
			"Id": "ParamPaiRY",
			"GroupId": "ParamGroup2",
			"Name": "右胸 Y"
		},
		{
			"Id": "ParamPaiRX",
			"GroupId": "ParamGroup2",
			"Name": "右胸 X"
		},
		{
			"Id": "ParamPaiRX2",
			"GroupId": "ParamGroup2",
			"Name": "右胸 X2"
		},
		{
			"Id": "ParamPaiRY2",
			"GroupId": "ParamGroup2",
			"Name": "右胸 Y2"
		},
		{
			"Id": "ParamPaiLY",
			"GroupId": "ParamGroup2",
			"Name": "左胸 Y"
		},
		{
			"Id": "ParamPaiLX",
			"GroupId": "ParamGroup2",
			"Name": "左胸 X"
		},
		{
			"Id": "ParamPaiLX2",
			"GroupId": "ParamGroup2",
			"Name": "左胸 X2"
		},
		{
			"Id": "ParamPaiLY2",
			"GroupId": "ParamGroup2",
			"Name": "左胸 Y2"
		},
		{
			"Id": "ParamBreath",
			"GroupId": "ParamGroup2",
			"Name": "呼吸"
		},
		{
			"Id": "ParamPaiRRibon",
			"GroupId": "ParamGroup8",
			"Name": "右胸リボン"
		},
		{
			"Id": "ParamPaiLRibon",
			"GroupId": "ParamGroup8",
			"Name": "左胸リボン"
		},
		{
			"Id": "ParamPaiCRibon",
			"GroupId": "ParamGroup8",
			"Name": "中央胸リボン"
		},
		{
			"Id": "ParamHeadRibon",
			"GroupId": "ParamGroup8",
			"Name": "頭リボン"
		},
		{
			"Id": "Param_Angle_Rotation2",
			"GroupId": "ParamGroup3",
			"Name": "[1]前髪中央"
		},
		{
			"Id": "Param_Angle_Rotation3",
			"GroupId": "ParamGroup3",
			"Name": "[2]前髪中央"
		},
		{
			"Id": "Param_Angle_Rotation4",
			"GroupId": "ParamGroup3",
			"Name": "[3]前髪中央"
		},
		{
			"Id": "Param_Angle_Rotation5",
			"GroupId": "ParamGroup3",
			"Name": "[4]前髪中央"
		},
		{
			"Id": "Param_Angle_Rotation7",
			"GroupId": "ParamGroup4",
			"Name": "[1]前髪右"
		},
		{
			"Id": "Param_Angle_Rotation8",
			"GroupId": "ParamGroup4",
			"Name": "[2]前髪右"
		},
		{
			"Id": "Param_Angle_Rotation9",
			"GroupId": "ParamGroup4",
			"Name": "[3]前髪右"
		},
		{
			"Id": "Param_Angle_Rotation10",
			"GroupId": "ParamGroup4",
			"Name": "[4]前髪右"
		},
		{
			"Id": "Param_Angle_Rotation12",
			"GroupId": "ParamGroup5",
			"Name": "[1]髪飾り"
		},
		{
			"Id": "Param_Angle_Rotation13",
			"GroupId": "ParamGroup5",
			"Name": "[2]髪飾り"
		},
		{
			"Id": "Param_Angle_Rotation14",
			"GroupId": "ParamGroup5",
			"Name": "[3]髪飾り"
		},
		{
			"Id": "Param_Angle_Rotation16",
			"GroupId": "ParamGroup6",
			"Name": "[1]前髪左"
		},
		{
			"Id": "Param_Angle_Rotation17",
			"GroupId": "ParamGroup6",
			"Name": "[2]前髪左"
		},
		{
			"Id": "Param_Angle_Rotation18",
			"GroupId": "ParamGroup6",
			"Name": "[3]前髪左"
		},
		{
			"Id": "Param_Angle_Rotation19",
			"GroupId": "ParamGroup6",
			"Name": "[4]前髪左"
		},
		{
			"Id": "Param_Angle_Rotation20",
			"GroupId": "ParamGroup6",
			"Name": "[5]前髪左"
		},
		{
			"Id": "Param_Angle_Rotation21",
			"GroupId": "ParamGroup6",
			"Name": "[6]前髪左"
		},
		{
			"Id": "Param_Angle_Rotation23",
			"GroupId": "ParamGroup7",
			"Name": "[1]左アホ毛"
		},
		{
			"Id": "Param_Angle_Rotation24",
			"GroupId": "ParamGroup7",
			"Name": "[2]左アホ毛"
		},
		{
			"Id": "Param_Angle_Rotation25",
			"GroupId": "ParamGroup7",
			"Name": "[3]左アホ毛"
		},
		{
			"Id": "Param_Angle_Rotation26",
			"GroupId": "ParamGroup7",
			"Name": "[4]左アホ毛"
		},
		{
			"Id": "Param_Angle_Rotation27",
			"GroupId": "ParamGroup7",
			"Name": "[5]左アホ毛"
		}
	],
	"ParameterGroups": [
		{
			"Id": "ParamGroup",
			"GroupId": "",
			"Name": "エフェクト"
		},
		{
			"Id": "ParamGroup2",
			"GroupId": "",
			"Name": "URアニメーション"
		},
		{
			"Id": "ParamGroup8",
			"GroupId": "",
			"Name": "追加"
		},
		{
			"Id": "ParamGroup3",
			"GroupId": "",
			"Name": "前髪中央"
		},
		{
			"Id": "ParamGroup4",
			"GroupId": "",
			"Name": "前髪右"
		},
		{
			"Id": "ParamGroup5",
			"GroupId": "",
			"Name": "髪飾り"
		},
		{
			"Id": "ParamGroup6",
			"GroupId": "",
			"Name": "前髪左"
		},
		{
			"Id": "ParamGroup7",
			"GroupId": "",
			"Name": "左アホ毛"
		}
	],
	"Parts": [
		{
			"Id": "Part",
			"Name": "エフェクト_上"
		},
		{
			"Id": "Part12",
			"Name": "足"
		},
		{
			"Id": "Part13",
			"Name": "髪等"
		},
		{
			"Id": "Part14",
			"Name": "頭"
		},
		{
			"Id": "Part15",
			"Name": "胸"
		},
		{
			"Id": "Part16",
			"Name": "体"
		},
		{
			"Id": "Part17",
			"Name": "エフェクト下"
		},
		{
			"Id": "Part2",
			"Name": "エフェクト1"
		},
		{
			"Id": "Part3",
			"Name": "エフェクト2"
		},
		{
			"Id": "Part4",
			"Name": "エフェクト3"
		},
		{
			"Id": "Part5",
			"Name": "エフェクト4"
		},
		{
			"Id": "Part6",
			"Name": "エフェクト5"
		},
		{
			"Id": "Part10",
			"Name": "エフェクト6"
		},
		{
			"Id": "Part11",
			"Name": "エフェクト7"
		},
		{
			"Id": "ArtMesh107_Skinning",
			"Name": "髪飾り(スキニング)"
		},
		{
			"Id": "ArtMesh108_Skinning",
			"Name": "前髪右(スキニング)"
		},
		{
			"Id": "ArtMesh110_Skinning",
			"Name": "前髪中央(スキニング)"
		},
		{
			"Id": "ArtMesh111_Skinning",
			"Name": "前髪左(スキニング)"
		},
		{
			"Id": "ArtMesh112_Skinning",
			"Name": "左アホ毛(スキニング)"
		},
		{
			"Id": "Part18",
			"Name": "エフェクト電球"
		},
		{
			"Id": "g_1",
			"Name": "g_1"
		},
		{
			"Id": "g_2",
			"Name": "g_2"
		},
		{
			"Id": "g_3",
			"Name": "g_3"
		},
		{
			"Id": "g_4",
			"Name": "g_4"
		},
		{
			"Id": "g_5",
			"Name": "g_5"
		},
		{
			"Id": "g_6",
			"Name": "g_6"
		},
		{
			"Id": "g_7",
			"Name": "g_1"
		},
		{
			"Id": "g_8",
			"Name": "g_2"
		},
		{
			"Id": "g_9",
			"Name": "g_3"
		},
		{
			"Id": "g_10",
			"Name": "g_4"
		},
		{
			"Id": "g_12",
			"Name": "g_1"
		},
		{
			"Id": "g_13",
			"Name": "g_2"
		},
		{
			"Id": "g_14",
			"Name": "g_3"
		},
		{
			"Id": "g_15",
			"Name": "g_4"
		},
		{
			"Id": "g_16",
			"Name": "g_5"
		},
		{
			"Id": "Part7",
			"Name": "グループ 2"
		},
		{
			"Id": "Part8",
			"Name": "グループ 3"
		},
		{
			"Id": "Part9",
			"Name": "グループ 1"
		},
		{
			"Id": "g_17",
			"Name": "g_1"
		},
		{
			"Id": "g_18",
			"Name": "g_2"
		},
		{
			"Id": "g_19",
			"Name": "g_3"
		},
		{
			"Id": "g_20",
			"Name": "g_4"
		},
		{
			"Id": "g_21",
			"Name": "g_1"
		},
		{
			"Id": "g_22",
			"Name": "g_2"
		},
		{
			"Id": "g_23",
			"Name": "g_3"
		},
		{
			"Id": "g_24",
			"Name": "g_4"
		},
		{
			"Id": "g_25",
			"Name": "g_1"
		},
		{
			"Id": "g_26",
			"Name": "g_2"
		},
		{
			"Id": "g_27",
			"Name": "g_3"
		},
		{
			"Id": "g_28",
			"Name": "g_4"
		},
		{
			"Id": "g_29",
			"Name": "g_5"
		},
		{
			"Id": "Part19",
			"Name": "エフェクト電球_1"
		},
		{
			"Id": "Part20",
			"Name": "エフェクト電球_7"
		},
		{
			"Id": "Part21",
			"Name": "エフェクト電球_13"
		},
		{
			"Id": "Part22",
			"Name": "エフェクト電球_19"
		},
		{
			"Id": "Part23",
			"Name": "エフェクト電球_20"
		},
		{
			"Id": "Part24",
			"Name": "エフェクト電球_2"
		},
		{
			"Id": "Part25",
			"Name": "エフェクト電球_6"
		},
		{
			"Id": "Part26",
			"Name": "エフェクト電球_11"
		},
		{
			"Id": "Part27",
			"Name": "エフェクト電球_15"
		},
		{
			"Id": "Part28",
			"Name": "エフェクト電球_21"
		},
		{
			"Id": "Part29",
			"Name": "エフェクト電球_3"
		},
		{
			"Id": "Part30",
			"Name": "エフェクト電球_8"
		},
		{
			"Id": "Part31",
			"Name": "エフェクト電球_10"
		},
		{
			"Id": "Part32",
			"Name": "エフェクト電球_16"
		},
		{
			"Id": "Part33",
			"Name": "エフェクト電球_18"
		},
		{
			"Id": "Part34",
			"Name": "エフェクト電球_4"
		},
		{
			"Id": "Part35",
			"Name": "エフェクト電球_12"
		},
		{
			"Id": "Part36",
			"Name": "エフェクト電球_17"
		},
		{
			"Id": "Part37",
			"Name": "エフェクト電球_5"
		},
		{
			"Id": "Part38",
			"Name": "エフェクト電球_9"
		},
		{
			"Id": "Part39",
			"Name": "エフェクト電球_14"
		}
	],
	"CombinedParameters": [
		[
			"ParamEyeRL",
			"ParamEyeUD"
		],
		[
			"ParamPaiRY",
			"ParamPaiRX"
		],
		[
			"ParamPaiRX2",
			"ParamPaiRY2"
		],
		[
			"ParamPaiLY",
			"ParamPaiLX"
		],
		[
			"ParamPaiLX2",
			"ParamPaiLY2"
		]
	]
}