{
	"Version": 3,
	"Meta": {
		"Duration": 6,
		"Fps": 30.0,
		"Loop": true,
		"AreBeziersRestricted": false,
		"CurveCount": 99,
		"TotalSegmentCount": 450,
		"TotalPointCount": 1425,
		"UserDataCount": 0,
		"TotalUserDataSize": 0
	},
	"Curves": [
		{
			"Target": "Parameter",
			"Id": "ParamEyeBS",
			"Segments": [
				0,
				0,
				0,
				6,
				0
			]
		},
		{
			"Target": "Parameter",
			"Id": "Param19",
			"Segments": [
				0,
				0,
				0,
				6,
				0
			]
		},
		{
			"Target": "Parameter",
			"Id": "Param18",
			"Segments": [
				0,
				0,
				0,
				6,
				0
			]
		},
		{
			"Target": "Parameter",
			"Id": "Param25",
			"Segments": [
				0,
				5.33,
				1,
				0.011,
				5.33,
				0.022,
				5.084,
				0.033,
				4.961,
				1,
				0.578,
				-1.072,
				1.122,
				-4,
				1.667,
				-4,
				1,
				2.111,
				-4,
				2.556,
				3.304,
				3,
				7,
				1,
				3.556,
				11.62,
				4.111,
				12,
				4.667,
				12,
				1,
				5.1,
				12,
				5.533,
				9.9,
				5.967,
				5.678,
				1,
				5.978,
				5.57,
				5.989,
				5.45,
				6,
				5.33
			]
		},
		{
			"Target": "Parameter",
			"Id": "Param24",
			"Segments": [
				0,
				-4.745,
				1,
				0.011,
				-4.745,
				0.022,
				-4.36,
				0.033,
				-4.152,
				1,
				0.578,
				6.041,
				1.122,
				11,
				1.667,
				11,
				1,
				2.111,
				11,
				2.556,
				3.591,
				3,
				-4,
				1,
				3.556,
				-13.489,
				4.111,
				-16,
				4.667,
				-16,
				1,
				5.1,
				-16,
				5.533,
				-12.435,
				5.967,
				-5.299,
				1,
				5.978,
				-5.116,
				5.989,
				-4.936,
				6,
				-4.745
			]
		},
		{
			"Target": "Parameter",
			"Id": "ParamPaiRX",
			"Segments": [
				0,
				8.457,
				1,
				0.011,
				8.457,
				0.022,
				8.49,
				0.033,
				8.507,
				1,
				0.578,
				9.346,
				1.122,
				9.818,
				1.667,
				11,
				1,
				2.111,
				11.964,
				2.556,
				14,
				3,
				14,
				1,
				3.556,
				14,
				4.111,
				8,
				4.667,
				8,
				1,
				5.1,
				8,
				5.533,
				8.139,
				5.967,
				8.425,
				1,
				5.978,
				8.432,
				5.989,
				8.444,
				6,
				8.457
			]
		},
		{
			"Target": "Parameter",
			"Id": "ParamPaiRY",
			"Segments": [
				0,
				5.253,
				1,
				0.011,
				5.253,
				0.022,
				5.484,
				0.033,
				5.599,
				1,
				0.578,
				11.255,
				1.122,
				14,
				1.667,
				14,
				1,
				2.111,
				14,
				2.556,
				10.304,
				3,
				6,
				1,
				3.556,
				0.621,
				4.111,
				-1,
				4.667,
				-1,
				1,
				5.1,
				-1,
				5.533,
				0.969,
				5.967,
				4.927,
				1,
				5.978,
				5.028,
				5.989,
				5.141,
				6,
				5.253
			]
		},
		{
			"Target": "Parameter",
			"Id": "ParamPaiLX",
			"Segments": [
				0,
				-6.743,
				1,
				0.011,
				-6.743,
				0.022,
				-6.643,
				0.033,
				-6.591,
				1,
				0.578,
				-4.036,
				1.122,
				-2.812,
				1.667,
				1,
				1,
				2.111,
				4.112,
				2.556,
				14,
				3,
				14,
				1,
				3.556,
				14,
				4.111,
				-8,
				4.667,
				-8,
				1,
				5.1,
				-8,
				5.533,
				-7.618,
				5.967,
				-6.834,
				1,
				5.978,
				-6.814,
				5.989,
				-6.781,
				6,
				-6.743
			]
		},
		{
			"Target": "Parameter",
			"Id": "ParamPaiLY",
			"Segments": [
				0,
				-3.16,
				1,
				0.011,
				-3.16,
				0.022,
				-3.134,
				0.033,
				-3.126,
				1,
				0.578,
				-2.746,
				1.122,
				-2.633,
				1.667,
				-2,
				1,
				2.111,
				-1.483,
				2.556,
				3,
				3,
				3,
				1,
				3.556,
				3,
				4.111,
				-5,
				4.667,
				-5,
				1,
				5.1,
				-5,
				5.533,
				-4.415,
				5.967,
				-3.247,
				1,
				5.978,
				-3.217,
				5.989,
				-3.176,
				6,
				-3.16
			]
		},
		{
			"Target": "Parameter",
			"Id": "ParamPaiRX2",
			"Segments": [
				0,
				2.126,
				1,
				0.011,
				2.126,
				0.022,
				1.9,
				0.033,
				1.784,
				1,
				0.578,
				-3.865,
				1.122,
				-9.351,
				1.667,
				-15,
				1,
				2.111,
				-19.611,
				2.556,
				-22,
				3,
				-22,
				1,
				3.556,
				-22,
				4.111,
				7,
				4.667,
				7,
				1,
				5.1,
				7,
				5.533,
				5.483,
				5.967,
				2.409,
				1,
				5.978,
				2.331,
				5.989,
				2.229,
				6,
				2.126
			]
		},
		{
			"Target": "Parameter",
			"Id": "ParamPaiRY2",
			"Segments": [
				0,
				12.505,
				1,
				0.011,
				12.505,
				0.022,
				12.967,
				0.033,
				13.198,
				1,
				0.578,
				24.506,
				1.122,
				30,
				1.667,
				30,
				1,
				2.111,
				30,
				2.556,
				14.11,
				3,
				8,
				1,
				3.556,
				0.363,
				4.111,
				0,
				4.667,
				0,
				1,
				5.1,
				0,
				5.533,
				3.938,
				5.967,
				11.853,
				1,
				5.978,
				12.056,
				5.989,
				12.282,
				6,
				12.505
			]
		},
		{
			"Target": "Parameter",
			"Id": "ParamPaiLX2",
			"Segments": [
				0,
				5.484,
				1,
				0.011,
				5.484,
				0.022,
				5.467,
				0.033,
				5.443,
				1,
				0.578,
				4.293,
				1.122,
				3.816,
				1.667,
				2,
				1,
				2.111,
				0.517,
				2.556,
				-6,
				3,
				-6,
				1,
				3.556,
				-6,
				4.111,
				6,
				4.667,
				6,
				1,
				5.1,
				6,
				5.533,
				5.837,
				5.967,
				5.509,
				1,
				5.978,
				5.501,
				5.989,
				5.494,
				6,
				5.484
			]
		},
		{
			"Target": "Parameter",
			"Id": "ParamPaiLY2",
			"Segments": [
				0,
				-2.621,
				1,
				0.011,
				-2.621,
				0.022,
				-2.599,
				0.033,
				-2.589,
				1,
				0.578,
				-2.054,
				1.122,
				-1.629,
				1.667,
				-1,
				1,
				2.111,
				-0.487,
				2.556,
				0,
				3,
				0,
				1,
				3.556,
				0,
				4.111,
				-3,
				4.667,
				-3,
				1,
				5.1,
				-3,
				5.533,
				-2.883,
				5.967,
				-2.645,
				1,
				5.978,
				-2.639,
				5.989,
				-2.63,
				6,
				-2.621
			]
		},
		{
			"Target": "Parameter",
			"Id": "Param23",
			"Segments": [
				0,
				11.807,
				1,
				0.011,
				11.807,
				0.022,
				11.729,
				0.033,
				11.65,
				1,
				0.578,
				7.747,
				1.122,
				5.388,
				1.667,
				0,
				1,
				2.111,
				-4.398,
				2.556,
				-13,
				3,
				-13,
				1,
				3.556,
				-13,
				4.111,
				14,
				4.667,
				14,
				1,
				5.1,
				14,
				5.533,
				13.306,
				5.967,
				11.916,
				1,
				5.978,
				11.88,
				5.989,
				11.85,
				6,
				11.807
			]
		},
		{
			"Target": "Parameter",
			"Id": "ParamAngleX",
			"Segments": [
				0,
				12.5,
				1,
				0.011,
				12.5,
				0.022,
				12.866,
				0.033,
				13.049,
				1,
				0.522,
				21.102,
				1.011,
				25,
				1.5,
				25,
				1,
				2.5,
				25,
				3.5,
				0,
				4.5,
				0,
				1,
				4.989,
				0,
				5.478,
				3.982,
				5.967,
				11.951,
				1,
				5.978,
				12.132,
				5.989,
				12.317,
				6,
				12.5
			]
		},
		{
			"Target": "Parameter",
			"Id": "ParamEyeLOpen",
			"Segments": [
				0,
				1,
				0,
				1.733,
				1,
				1,
				1.767,
				1,
				1.8,
				0,
				1.833,
				0,
				1,
				1.856,
				0,
				1.878,
				0,
				1.9,
				0,
				1,
				1.933,
				0,
				1.967,
				1,
				2,
				1,
				1,
				3.333,
				1,
				4.667,
				1,
				6,
				1
			]
		},
		{
			"Target": "Parameter",
			"Id": "ParamEyeROpen",
			"Segments": [
				0,
				1,
				0,
				1.733,
				1,
				1,
				1.767,
				1,
				1.8,
				0,
				1.833,
				0,
				1,
				1.856,
				0,
				1.878,
				0,
				1.9,
				0,
				1,
				1.933,
				0,
				1.967,
				1,
				2,
				1,
				1,
				3.333,
				1,
				4.667,
				1,
				6,
				1
			]
		},
		{
			"Target": "Parameter",
			"Id": "ParamEyeBallX",
			"Segments": [
				0,
				0,
				0,
				6,
				0
			]
		},
		{
			"Target": "Parameter",
			"Id": "ParamBrowLForm",
			"Segments": [
				0,
				0,
				0,
				6,
				0
			]
		},
		{
			"Target": "Parameter",
			"Id": "ParamMouthForm",
			"Segments": [
				0,
				0,
				0,
				6,
				0
			]
		},
		{
			"Target": "Parameter",
			"Id": "ParamCheek",
			"Segments": [
				0,
				0,
				0,
				6,
				0
			]
		},
		{
			"Target": "Parameter",
			"Id": "ParamBodyAngleX",
			"Segments": [
				0,
				0,
				1,
				0.5,
				0,
				1,
				0,
				1.5,
				0,
				1,
				2,
				0,
				2.5,
				0,
				3,
				0,
				1,
				3.5,
				0,
				4,
				0,
				4.5,
				0,
				1,
				5,
				0,
				5.5,
				0,
				6,
				0
			]
		},
		{
			"Target": "Parameter",
			"Id": "ParamBodyAngleY",
			"Segments": [
				0,
				0,
				1,
				0.011,
				0,
				0.022,
				0.117,
				0.033,
				0.176,
				1,
				0.522,
				2.754,
				1.011,
				4,
				1.5,
				4,
				1,
				2,
				4,
				2.5,
				2.667,
				3,
				0,
				1,
				3.5,
				-2.667,
				4,
				-4,
				4.5,
				-4,
				1,
				4.989,
				-4,
				5.478,
				-2.726,
				5.967,
				-0.176,
				1,
				5.978,
				-0.118,
				5.989,
				-0.059,
				6,
				0
			]
		},
		{
			"Target": "Parameter",
			"Id": "ParamBodyAngleZ",
			"Segments": [
				0,
				0.045,
				0,
				0.033,
				0.045,
				1,
				2.022,
				0.045,
				4.011,
				0.045,
				6,
				0.045
			]
		},
		{
			"Target": "Parameter",
			"Id": "ParamBreat",
			"Segments": [
				0,
				0.5,
				1,
				0.011,
				0.5,
				0.022,
				0.516,
				0.033,
				0.523,
				1,
				0.522,
				0.845,
				1.011,
				1,
				1.5,
				1,
				1,
				2,
				1,
				2.5,
				0.833,
				3,
				0.5,
				1,
				3.5,
				0.167,
				4,
				0,
				4.5,
				0,
				1,
				4.989,
				0,
				5.478,
				0.158,
				5.967,
				0.475,
				1,
				5.978,
				0.483,
				5.989,
				0.492,
				6,
				0.5
			]
		},
		{
			"Target": "Parameter",
			"Id": "Param14",
			"Segments": [
				0,
				0,
				0,
				6,
				0
			]
		},
		{
			"Target": "Parameter",
			"Id": "Param12",
			"Segments": [
				0,
				3.326,
				1,
				0.011,
				3.326,
				0.022,
				2.71,
				0.033,
				2.403,
				1,
				0.578,
				-12.672,
				1.122,
				-20,
				1.667,
				-20,
				1,
				2.667,
				-20,
				3.667,
				20,
				4.667,
				20,
				1,
				5.1,
				20,
				5.533,
				14.75,
				5.967,
				4.195,
				1,
				5.978,
				3.925,
				5.989,
				3.625,
				6,
				3.326
			]
		},
		{
			"Target": "Parameter",
			"Id": "Param13",
			"Segments": [
				0,
				3.326,
				1,
				0.011,
				3.326,
				0.022,
				2.71,
				0.033,
				2.403,
				1,
				0.578,
				-12.672,
				1.122,
				-20,
				1.667,
				-20,
				1,
				2.667,
				-20,
				3.667,
				20,
				4.667,
				20,
				1,
				5.1,
				20,
				5.533,
				14.75,
				5.967,
				4.195,
				1,
				5.978,
				3.925,
				5.989,
				3.625,
				6,
				3.326
			]
		},
		{
			"Target": "Parameter",
			"Id": "Param15",
			"Segments": [
				0,
				5.41,
				1,
				0.011,
				5.41,
				0.022,
				4.872,
				0.033,
				4.602,
				1,
				0.578,
				-8.589,
				1.122,
				-15,
				1.667,
				-15,
				1,
				2.667,
				-15,
				3.667,
				20,
				4.667,
				20,
				1,
				5.1,
				20,
				5.533,
				15.406,
				5.967,
				6.171,
				1,
				5.978,
				5.934,
				5.989,
				5.671,
				6,
				5.41
			]
		},
		{
			"Target": "Parameter",
			"Id": "Param16",
			"Segments": [
				0,
				-0.259,
				1,
				0.011,
				-0.259,
				0.022,
				-1.044,
				0.033,
				-1.437,
				1,
				0.578,
				-20.655,
				1.122,
				-30,
				1.667,
				-30,
				1,
				2.667,
				-30,
				3.667,
				21,
				4.667,
				21,
				1,
				5.1,
				21,
				5.533,
				14.306,
				5.967,
				0.849,
				1,
				5.978,
				0.504,
				5.989,
				0.121,
				6,
				-0.259
			]
		},
		{
			"Target": "Parameter",
			"Id": "Param9",
			"Segments": [
				0,
				-2.294,
				1,
				0.011,
				-2.294,
				0.022,
				-2.505,
				0.033,
				-2.593,
				1,
				0.411,
				-5.578,
				0.789,
				-7,
				1.167,
				-7,
				1,
				2.167,
				-7,
				3.167,
				7,
				4.167,
				7,
				1,
				4.767,
				7,
				5.367,
				4.013,
				5.967,
				-1.962,
				1,
				5.978,
				-2.073,
				5.989,
				-2.19,
				6,
				-2.294
			]
		},
		{
			"Target": "Parameter",
			"Id": "Param10",
			"Segments": [
				0,
				0,
				1,
				0.011,
				0,
				0.022,
				-0.205,
				0.033,
				-0.308,
				1,
				0.522,
				-4.819,
				1.011,
				-7,
				1.5,
				-7,
				1,
				2.5,
				-7,
				3.5,
				7,
				4.5,
				7,
				1,
				4.989,
				7,
				5.478,
				4.77,
				5.967,
				0.308,
				1,
				5.978,
				0.206,
				5.989,
				0.103,
				6,
				0
			]
		},
		{
			"Target": "Parameter",
			"Id": "Param4",
			"Segments": [
				0,
				-0.983,
				1,
				0.011,
				-0.983,
				0.022,
				-0.889,
				0.033,
				-0.841,
				1,
				0.633,
				1.743,
				1.233,
				3,
				1.833,
				3,
				1,
				2.833,
				3,
				3.833,
				-3,
				4.833,
				-3,
				1,
				5.211,
				-3,
				5.589,
				-2.375,
				5.967,
				-1.111,
				1,
				5.978,
				-1.074,
				5.989,
				-1.028,
				6,
				-0.983
			]
		},
		{
			"Target": "Parameter",
			"Id": "Param17",
			"Segments": [
				0,
				-0.983,
				1,
				0.011,
				-0.983,
				0.022,
				-0.901,
				0.033,
				-0.853,
				1,
				0.633,
				1.737,
				1.233,
				3,
				1.833,
				3,
				1,
				2.833,
				3,
				3.833,
				-3,
				4.833,
				-3,
				1,
				5.211,
				-3,
				5.589,
				-2.366,
				5.967,
				-1.096,
				1,
				5.978,
				-1.059,
				5.989,
				-1.024,
				6,
				-0.983
			]
		},
		{
			"Target": "Parameter",
			"Id": "Param5",
			"Segments": [
				0,
				0.983,
				1,
				0.011,
				0.983,
				0.022,
				1.058,
				0.033,
				1.096,
				1,
				0.411,
				2.384,
				0.789,
				3,
				1.167,
				3,
				1,
				2.167,
				3,
				3.167,
				-3,
				4.167,
				-3,
				1,
				4.767,
				-3,
				5.367,
				-1.711,
				5.967,
				0.853,
				1,
				5.978,
				0.901,
				5.989,
				0.943,
				6,
				0.983
			]
		},
		{
			"Target": "Parameter",
			"Id": "Param6",
			"Segments": [
				0,
				0,
				1,
				0.011,
				0,
				0.022,
				0.176,
				0.033,
				0.264,
				1,
				0.522,
				4.13,
				1.011,
				6,
				1.5,
				6,
				1,
				2.5,
				6,
				3.5,
				-6,
				4.5,
				-6,
				1,
				4.989,
				-6,
				5.478,
				-4.089,
				5.967,
				-0.264,
				1,
				5.978,
				-0.177,
				5.989,
				-0.088,
				6,
				0
			]
		},
		{
			"Target": "Parameter",
			"Id": "Param7",
			"Segments": [
				0,
				-1.311,
				1,
				0.011,
				-1.311,
				0.022,
				-1.185,
				0.033,
				-1.121,
				1,
				0.633,
				2.324,
				1.233,
				4,
				1.833,
				4,
				1,
				2.833,
				4,
				3.833,
				-4,
				4.833,
				-4,
				1,
				5.211,
				-4,
				5.589,
				-3.167,
				5.967,
				-1.482,
				1,
				5.978,
				-1.432,
				5.989,
				-1.371,
				6,
				-1.311
			]
		},
		{
			"Target": "Parameter",
			"Id": "Param3",
			"Segments": [
				0,
				8.515,
				1,
				0.011,
				8.515,
				0.022,
				8.984,
				0.033,
				9.221,
				1,
				0.689,
				23.182,
				1.344,
				30,
				2,
				30,
				1,
				3,
				30,
				4,
				1,
				5,
				1,
				1,
				5.322,
				1,
				5.644,
				3.27,
				5.967,
				7.909,
				1,
				5.978,
				8.069,
				5.989,
				8.298,
				6,
				8.515
			]
		},
		{
			"Target": "Parameter",
			"Id": "ParamLegR1",
			"Segments": [
				0,
				-1.168,
				1,
				0.011,
				-1.168,
				0.022,
				-1.02,
				0.033,
				-0.951,
				1,
				0.467,
				1.718,
				0.9,
				3,
				1.333,
				3,
				1,
				2.333,
				3,
				3.333,
				-7,
				4.333,
				-7,
				1,
				4.878,
				-7,
				5.422,
				-5.134,
				5.967,
				-1.399,
				1,
				5.978,
				-1.323,
				5.989,
				-1.243,
				6,
				-1.168
			]
		},
		{
			"Target": "Parameter",
			"Id": "ParamLegR2",
			"Segments": [
				0,
				2.832,
				1,
				0.011,
				2.832,
				0.022,
				2.689,
				0.033,
				2.612,
				1,
				0.578,
				-1.165,
				1.122,
				-3,
				1.667,
				-3,
				1,
				2.667,
				-3,
				3.667,
				7,
				4.667,
				7,
				1,
				5.1,
				7,
				5.533,
				5.68,
				5.967,
				3.037,
				1,
				5.978,
				2.969,
				5.989,
				2.902,
				6,
				2.832
			]
		},
		{
			"Target": "Parameter",
			"Id": "Param2",
			"Segments": [
				0,
				6.165,
				1,
				0.011,
				6.165,
				0.022,
				5.818,
				0.033,
				5.595,
				1,
				0.689,
				-7.555,
				1.344,
				-14,
				2,
				-14,
				1,
				3,
				-14,
				4,
				13,
				5,
				13,
				1,
				5.322,
				13,
				5.644,
				10.874,
				5.967,
				6.614,
				1,
				5.978,
				6.467,
				5.989,
				6.332,
				6,
				6.165
			]
		},
		{
			"Target": "Parameter",
			"Id": "Param",
			"Segments": [
				0,
				14.886,
				1,
				0.011,
				14.886,
				0.022,
				14.78,
				0.033,
				14.704,
				1,
				1.467,
				4.873,
				2.9,
				0,
				4.333,
				0,
				1,
				4.611,
				0,
				4.889,
				16,
				5.167,
				16,
				1,
				5.433,
				16,
				5.7,
				15.69,
				5.967,
				15.035,
				1,
				5.978,
				15.008,
				5.989,
				14.941,
				6,
				14.886
			]
		},
		{
			"Target": "Parameter",
			"Id": "ParamLegL1",
			"Segments": [
				0,
				-0.499,
				1,
				0.011,
				-0.499,
				0.022,
				-0.581,
				0.033,
				-0.622,
				1,
				0.467,
				-2.228,
				0.9,
				-3,
				1.333,
				-3,
				1,
				2.333,
				-3,
				3.333,
				3,
				4.333,
				3,
				1,
				4.878,
				3,
				5.422,
				1.876,
				5.967,
				-0.367,
				1,
				5.978,
				-0.413,
				5.989,
				-0.456,
				6,
				-0.499
			]
		},
		{
			"Target": "Parameter",
			"Id": "ParamLegL2",
			"Segments": [
				0,
				0.998,
				1,
				0.011,
				0.998,
				0.022,
				0.813,
				0.033,
				0.721,
				1,
				0.578,
				-3.804,
				1.122,
				-6,
				1.667,
				-6,
				1,
				2.667,
				-6,
				3.667,
				6,
				4.667,
				6,
				1,
				5.1,
				6,
				5.533,
				4.425,
				5.967,
				1.259,
				1,
				5.978,
				1.178,
				5.989,
				1.087,
				6,
				0.998
			]
		},
		{
			"Target": "Parameter",
			"Id": "Param11",
			"Segments": [
				0,
				5.299,
				1,
				0.011,
				5.299,
				0.022,
				4.943,
				0.033,
				4.764,
				1,
				0.689,
				-5.829,
				1.344,
				-11,
				2,
				-11,
				1,
				3,
				-11,
				4,
				11,
				5,
				11,
				1,
				5.322,
				11,
				5.644,
				9.278,
				5.967,
				5.759,
				1,
				5.978,
				5.638,
				5.989,
				5.464,
				6,
				5.299
			]
		},
		{
			"Target": "Parameter",
			"Id": "Param8",
			"Segments": [
				0,
				5.66,
				1,
				0.011,
				5.66,
				0.022,
				6.04,
				0.033,
				6.289,
				1,
				0.744,
				22.191,
				1.456,
				30,
				2.167,
				30,
				1,
				3.167,
				30,
				4.167,
				0,
				5.167,
				0,
				1,
				5.433,
				0,
				5.7,
				1.733,
				5.967,
				5.212,
				1,
				5.978,
				5.357,
				5.989,
				5.486,
				6,
				5.66
			]
		},
		{
			"Target": "Parameter",
			"Id": "Param_Angle_Rotation15",
			"Segments": [
				0,
				0,
				1,
				0.5,
				0,
				1,
				0,
				1.5,
				0,
				1,
				2.5,
				0,
				3.5,
				0,
				4.5,
				0,
				1,
				5,
				0,
				5.5,
				0,
				6,
				0
			]
		},
		{
			"Target": "Parameter",
			"Id": "Param_Angle_Rotation16",
			"Segments": [
				0,
				0,
				1,
				0.011,
				0,
				0.022,
				-0.059,
				0.033,
				-0.088,
				1,
				0.522,
				-1.377,
				1.011,
				-2,
				1.5,
				-2,
				1,
				2.5,
				-2,
				3.5,
				2,
				4.5,
				2,
				1,
				4.989,
				2,
				5.478,
				1.363,
				5.967,
				0.088,
				1,
				5.978,
				0.059,
				5.989,
				0.029,
				6,
				0
			]
		},
		{
			"Target": "Parameter",
			"Id": "Param_Angle_Rotation17",
			"Segments": [
				0,
				0.885,
				1,
				0.011,
				0.885,
				0.022,
				0.826,
				0.033,
				0.797,
				1,
				0.744,
				-1.082,
				1.456,
				-2,
				2.167,
				-2,
				1,
				3.167,
				-2,
				4.167,
				2,
				5.167,
				2,
				1,
				5.433,
				2,
				5.7,
				1.658,
				5.967,
				0.972,
				1,
				5.978,
				0.944,
				5.989,
				0.914,
				6,
				0.885
			]
		},
		{
			"Target": "Parameter",
			"Id": "Param_Angle_Rotation18",
			"Segments": [
				0,
				0,
				1,
				0.5,
				0,
				1,
				0,
				1.5,
				0,
				1,
				2.5,
				0,
				3.5,
				0,
				4.5,
				0,
				1,
				5,
				0,
				5.5,
				0,
				6,
				0
			]
		},
		{
			"Target": "Parameter",
			"Id": "Param_Angle_Rotation19",
			"Segments": [
				0,
				0,
				1,
				0.011,
				0,
				0.022,
				-0.029,
				0.033,
				-0.044,
				1,
				0.522,
				-0.689,
				1.011,
				-1,
				1.5,
				-1,
				1,
				2.5,
				-1,
				3.5,
				1,
				4.5,
				1,
				1,
				4.989,
				1,
				5.478,
				0.681,
				5.967,
				0.044,
				1,
				5.978,
				0.029,
				5.989,
				0.015,
				6,
				0
			]
		},
		{
			"Target": "Parameter",
			"Id": "Param_Angle_Rotation20",
			"Segments": [
				0,
				1.245,
				1,
				0.011,
				1.245,
				0.022,
				1.194,
				0.033,
				1.161,
				1,
				0.744,
				-0.96,
				1.456,
				-2,
				2.167,
				-2,
				1,
				3.167,
				-2,
				4.167,
				2,
				5.167,
				2,
				1,
				5.433,
				2,
				5.7,
				1.769,
				5.967,
				1.305,
				1,
				5.978,
				1.286,
				5.989,
				1.269,
				6,
				1.245
			]
		},
		{
			"Target": "Parameter",
			"Id": "Param_Angle_Rotation33",
			"Segments": [
				0,
				0,
				1,
				0.5,
				0,
				1,
				1,
				1.5,
				1,
				1,
				2.5,
				1,
				3.5,
				0,
				4.5,
				0,
				1,
				5,
				0,
				5.5,
				0,
				6,
				0
			]
		},
		{
			"Target": "Parameter",
			"Id": "Param_Angle_Rotation34",
			"Segments": [
				0,
				0,
				1,
				0.011,
				0,
				0.022,
				-0.029,
				0.033,
				-0.044,
				1,
				0.522,
				-0.689,
				1.011,
				-1,
				1.5,
				-1,
				1,
				2.5,
				-1,
				3.5,
				1,
				4.5,
				1,
				1,
				4.989,
				1,
				5.478,
				0.681,
				5.967,
				0.044,
				1,
				5.978,
				0.029,
				5.989,
				0.015,
				6,
				0
			]
		},
		{
			"Target": "Parameter",
			"Id": "Param_Angle_Rotation35",
			"Segments": [
				0,
				0.328,
				1,
				0.011,
				0.328,
				0.022,
				0.3,
				0.033,
				0.284,
				1,
				0.633,
				-0.579,
				1.233,
				-1,
				1.833,
				-1,
				1,
				2.833,
				-1,
				3.833,
				1,
				4.833,
				1,
				1,
				5.211,
				1,
				5.589,
				0.789,
				5.967,
				0.365,
				1,
				5.978,
				0.353,
				5.989,
				0.341,
				6,
				0.328
			]
		},
		{
			"Target": "Parameter",
			"Id": "Param_Angle_Rotation36",
			"Segments": [
				0,
				0.825,
				1,
				0.011,
				0.825,
				0.022,
				0.766,
				0.033,
				0.737,
				1,
				0.744,
				-1.102,
				1.456,
				-2,
				2.167,
				-2,
				1,
				3.167,
				-2,
				4.167,
				2,
				5.167,
				2,
				1,
				5.433,
				2,
				5.7,
				1.64,
				5.967,
				0.917,
				1,
				5.978,
				0.887,
				5.989,
				0.855,
				6,
				0.825
			]
		},
		{
			"Target": "Parameter",
			"Id": "Param_Angle_Rotation37",
			"Segments": [
				0,
				0,
				1,
				0.5,
				0,
				1,
				0,
				1.5,
				0,
				1,
				2.5,
				0,
				3.5,
				0,
				4.5,
				0,
				1,
				5,
				0,
				5.5,
				0,
				6,
				0
			]
		},
		{
			"Target": "Parameter",
			"Id": "Param_Angle_Rotation38",
			"Segments": [
				0,
				0,
				1,
				0.011,
				0,
				0.022,
				-0.029,
				0.033,
				-0.044,
				1,
				0.522,
				-0.689,
				1.011,
				-1,
				1.5,
				-1,
				1,
				2.5,
				-1,
				3.5,
				1,
				4.5,
				1,
				1,
				4.989,
				1,
				5.478,
				0.681,
				5.967,
				0.044,
				1,
				5.978,
				0.029,
				5.989,
				0.015,
				6,
				0
			]
		},
		{
			"Target": "Parameter",
			"Id": "Param_Angle_Rotation39",
			"Segments": [
				0,
				0.945,
				1,
				0.011,
				0.945,
				0.022,
				0.885,
				0.033,
				0.855,
				1,
				0.744,
				-1.063,
				1.456,
				-2,
				2.167,
				-2,
				1,
				3.167,
				-2,
				4.167,
				2,
				5.167,
				2,
				1,
				5.433,
				2,
				5.7,
				1.679,
				5.967,
				1.032,
				1,
				5.978,
				1.005,
				5.989,
				0.974,
				6,
				0.945
			]
		},
		{
			"Target": "Parameter",
			"Id": "Param_Angle_Rotation40",
			"Segments": [
				0,
				-0.006,
				1,
				0.011,
				-0.006,
				0.022,
				-0.035,
				0.033,
				-0.05,
				1,
				0.522,
				-0.691,
				1.011,
				-1,
				1.5,
				-1,
				1,
				2.5,
				-1,
				3.5,
				1,
				4.5,
				1,
				1,
				4.989,
				1,
				5.478,
				0.68,
				5.967,
				0.038,
				1,
				5.978,
				0.023,
				5.989,
				0.009,
				6,
				-0.006
			]
		},
		{
			"Target": "Parameter",
			"Id": "Param_Angle_Rotation41",
			"Segments": [
				0,
				0.772,
				1,
				0.011,
				0.772,
				0.022,
				0.702,
				0.033,
				0.674,
				1,
				0.744,
				-1.125,
				1.456,
				-2,
				2.167,
				-2,
				1,
				3.167,
				-2,
				4.167,
				2,
				5.167,
				2,
				1,
				5.433,
				2,
				5.7,
				1.623,
				5.967,
				0.868,
				1,
				5.978,
				0.837,
				5.989,
				0.804,
				6,
				0.772
			]
		},
		{
			"Target": "Parameter",
			"Id": "Param_Angle_Rotation27",
			"Segments": [
				0,
				0,
				1,
				0.5,
				0,
				1,
				0,
				1.5,
				0,
				1,
				2.5,
				0,
				3.5,
				0,
				4.5,
				0,
				1,
				5,
				0,
				5.5,
				0,
				6,
				0
			]
		},
		{
			"Target": "Parameter",
			"Id": "Param_Angle_Rotation28",
			"Segments": [
				0,
				0,
				1,
				0.011,
				0,
				0.022,
				0.059,
				0.033,
				0.088,
				1,
				0.522,
				1.377,
				1.011,
				2,
				1.5,
				2,
				1,
				2.5,
				2,
				3.5,
				-2,
				4.5,
				-2,
				1,
				4.989,
				-2,
				5.478,
				-1.363,
				5.967,
				-0.088,
				1,
				5.978,
				-0.059,
				5.989,
				-0.029,
				6,
				0
			]
		},
		{
			"Target": "Parameter",
			"Id": "Param_Angle_Rotation29",
			"Segments": [
				0,
				-1.245,
				1,
				0.011,
				-1.245,
				0.022,
				-1.194,
				0.033,
				-1.161,
				1,
				0.744,
				0.96,
				1.456,
				2,
				2.167,
				2,
				1,
				3.167,
				2,
				4.167,
				-2,
				5.167,
				-2,
				1,
				5.433,
				-2,
				5.7,
				-1.769,
				5.967,
				-1.305,
				1,
				5.978,
				-1.286,
				5.989,
				-1.269,
				6,
				-1.245
			]
		},
		{
			"Target": "Parameter",
			"Id": "Param_Angle_Rotation30",
			"Segments": [
				0,
				0,
				1,
				0.5,
				0,
				1,
				0,
				1.5,
				0,
				1,
				2.5,
				0,
				3.5,
				0,
				4.5,
				0,
				1,
				5,
				0,
				5.5,
				0,
				6,
				0
			]
		},
		{
			"Target": "Parameter",
			"Id": "Param_Angle_Rotation31",
			"Segments": [
				0,
				0,
				1,
				0.011,
				0,
				0.022,
				0.059,
				0.033,
				0.088,
				1,
				0.522,
				1.377,
				1.011,
				2,
				1.5,
				2,
				1,
				2.5,
				2,
				3.5,
				-2,
				4.5,
				-2,
				1,
				4.989,
				-2,
				5.478,
				-1.363,
				5.967,
				-0.088,
				1,
				5.978,
				-0.059,
				5.989,
				-0.029,
				6,
				0
			]
		},
		{
			"Target": "Parameter",
			"Id": "Param_Angle_Rotation32",
			"Segments": [
				0,
				-1.245,
				1,
				0.011,
				-1.245,
				0.022,
				-1.194,
				0.033,
				-1.161,
				1,
				0.744,
				0.96,
				1.456,
				2,
				2.167,
				2,
				1,
				3.167,
				2,
				4.167,
				-2,
				5.167,
				-2,
				1,
				5.433,
				-2,
				5.7,
				-1.769,
				5.967,
				-1.305,
				1,
				5.978,
				-1.286,
				5.989,
				-1.269,
				6,
				-1.245
			]
		},
		{
			"Target": "Parameter",
			"Id": "Param_Angle_Rotation97",
			"Segments": [
				0,
				0,
				1,
				0.5,
				0,
				1,
				0,
				1.5,
				0,
				1,
				2.5,
				0,
				3.5,
				0,
				4.5,
				0,
				1,
				5,
				0,
				5.5,
				0,
				6,
				0
			]
		},
		{
			"Target": "Parameter",
			"Id": "Param_Angle_Rotation98",
			"Segments": [
				0,
				0,
				1,
				0.011,
				0,
				0.022,
				-0.059,
				0.033,
				-0.088,
				1,
				0.522,
				-1.377,
				1.011,
				-2,
				1.5,
				-2,
				1,
				2.5,
				-2,
				3.5,
				2,
				4.5,
				2,
				1,
				4.989,
				2,
				5.478,
				1.363,
				5.967,
				0.088,
				1,
				5.978,
				0.059,
				5.989,
				0.029,
				6,
				0
			]
		},
		{
			"Target": "Parameter",
			"Id": "Param_Angle_Rotation99",
			"Segments": [
				0,
				2.057,
				1,
				0.011,
				2.057,
				0.022,
				1.993,
				0.033,
				1.951,
				1,
				0.744,
				-0.7,
				1.456,
				-2,
				2.167,
				-2,
				1,
				3.167,
				-2,
				4.167,
				3,
				5.167,
				3,
				1,
				5.433,
				3,
				5.7,
				2.711,
				5.967,
				2.131,
				1,
				5.978,
				2.107,
				5.989,
				2.086,
				6,
				2.057
			]
		},
		{
			"Target": "Parameter",
			"Id": "Param_Angle_Rotation100",
			"Segments": [
				0,
				-1,
				1,
				0.011,
				-1,
				0.022,
				-0.883,
				0.033,
				-0.824,
				1,
				0.522,
				1.754,
				1.011,
				3,
				1.5,
				3,
				1,
				2.5,
				3,
				3.5,
				-5,
				4.5,
				-5,
				1,
				4.989,
				-5,
				5.478,
				-3.726,
				5.967,
				-1.176,
				1,
				5.978,
				-1.118,
				5.989,
				-1.059,
				6,
				-1
			]
		},
		{
			"Target": "Parameter",
			"Id": "Param_Angle_Rotation101",
			"Segments": [
				0,
				-1,
				1,
				0.011,
				-1,
				0.022,
				-0.883,
				0.033,
				-0.824,
				1,
				0.522,
				1.754,
				1.011,
				3,
				1.5,
				3,
				1,
				2.5,
				3,
				3.5,
				-5,
				4.5,
				-5,
				1,
				4.989,
				-5,
				5.478,
				-3.726,
				5.967,
				-1.176,
				1,
				5.978,
				-1.118,
				5.989,
				-1.059,
				6,
				-1
			]
		},
		{
			"Target": "Parameter",
			"Id": "Param_Angle_Rotation102",
			"Segments": [
				0,
				-2.145,
				1,
				0.011,
				-2.145,
				0.022,
				-1.988,
				0.033,
				-1.925,
				1,
				0.744,
				2.06,
				1.456,
				4,
				2.167,
				4,
				1,
				3.167,
				4,
				4.167,
				-4,
				5.167,
				-4,
				1,
				5.433,
				-4,
				5.7,
				-3.455,
				5.967,
				-2.331,
				1,
				5.978,
				-2.284,
				5.989,
				-2.212,
				6,
				-2.145
			]
		},
		{
			"Target": "Parameter",
			"Id": "Param_Angle_Rotation24",
			"Segments": [
				0,
				0,
				1,
				0.5,
				0,
				1,
				0,
				1.5,
				0,
				1,
				2.5,
				0,
				3.5,
				0,
				4.5,
				0,
				1,
				5,
				0,
				5.5,
				0,
				6,
				0
			]
		},
		{
			"Target": "Parameter",
			"Id": "Param_Angle_Rotation25",
			"Segments": [
				0,
				0,
				1,
				0.011,
				0,
				0.022,
				0.029,
				0.033,
				0.044,
				1,
				0.522,
				0.689,
				1.011,
				1,
				1.5,
				1,
				1,
				2.5,
				1,
				3.5,
				-1,
				4.5,
				-1,
				1,
				4.989,
				-1,
				5.478,
				-0.681,
				5.967,
				-0.044,
				1,
				5.978,
				-0.029,
				5.989,
				-0.015,
				6,
				0
			]
		},
		{
			"Target": "Parameter",
			"Id": "Param_Angle_Rotation26",
			"Segments": [
				0,
				-0.656,
				1,
				0.011,
				-0.656,
				0.022,
				-0.601,
				0.033,
				-0.569,
				1,
				0.633,
				1.158,
				1.233,
				2,
				1.833,
				2,
				1,
				2.833,
				2,
				3.833,
				-2,
				4.833,
				-2,
				1,
				5.211,
				-2,
				5.589,
				-1.577,
				5.967,
				-0.731,
				1,
				5.978,
				-0.706,
				5.989,
				-0.682,
				6,
				-0.656
			]
		},
		{
			"Target": "Parameter",
			"Id": "Param_Angle_Rotation55",
			"Segments": [
				0,
				-1.245,
				1,
				0.011,
				-1.245,
				0.022,
				-1.194,
				0.033,
				-1.161,
				1,
				0.744,
				0.96,
				1.456,
				2,
				2.167,
				2,
				1,
				3.167,
				2,
				4.167,
				-2,
				5.167,
				-2,
				1,
				5.433,
				-2,
				5.7,
				-1.769,
				5.967,
				-1.305,
				1,
				5.978,
				-1.286,
				5.989,
				-1.269,
				6,
				-1.245
			]
		},
		{
			"Target": "Parameter",
			"Id": "Param_Angle_Rotation21",
			"Segments": [
				0,
				0,
				0,
				1.5,
				0,
				1,
				2.5,
				0,
				3.5,
				0,
				4.5,
				0,
				1,
				5,
				0,
				5.5,
				0,
				6,
				0
			]
		},
		{
			"Target": "Parameter",
			"Id": "Param_Angle_Rotation22",
			"Segments": [
				0,
				0,
				1,
				0.011,
				0,
				0.022,
				-0.029,
				0.033,
				-0.044,
				1,
				0.522,
				-0.689,
				1.011,
				-1,
				1.5,
				-1,
				1,
				2.5,
				-1,
				3.5,
				1,
				4.5,
				1,
				1,
				4.989,
				1,
				5.478,
				0.681,
				5.967,
				0.044,
				1,
				5.978,
				0.029,
				5.989,
				0.015,
				6,
				0
			]
		},
		{
			"Target": "Parameter",
			"Id": "Param_Angle_Rotation23",
			"Segments": [
				0,
				0.328,
				1,
				0.011,
				0.328,
				0.022,
				0.296,
				0.033,
				0.28,
				1,
				0.633,
				-0.581,
				1.233,
				-1,
				1.833,
				-1,
				1,
				2.833,
				-1,
				3.833,
				1,
				4.833,
				1,
				1,
				5.211,
				1,
				5.589,
				0.792,
				5.967,
				0.37,
				1,
				5.978,
				0.358,
				5.989,
				0.343,
				6,
				0.328
			]
		},
		{
			"Target": "Parameter",
			"Id": "Param_Angle_Rotation57",
			"Segments": [
				0,
				0.608,
				1,
				0.011,
				0.608,
				0.022,
				0.548,
				0.033,
				0.522,
				1,
				0.744,
				-1.174,
				1.456,
				-2,
				2.167,
				-2,
				1,
				3.167,
				-2,
				4.167,
				2,
				5.167,
				2,
				1,
				5.433,
				2,
				5.7,
				1.572,
				5.967,
				0.716,
				1,
				5.978,
				0.68,
				5.989,
				0.64,
				6,
				0.608
			]
		},
		{
			"Target": "Parameter",
			"Id": "Param_Angle_Rotation42",
			"Segments": [
				0,
				0,
				1,
				0.556,
				0,
				1.111,
				0,
				1.667,
				0,
				1,
				2.667,
				0,
				3.667,
				0,
				4.667,
				0,
				1,
				5.111,
				0,
				5.556,
				0,
				6,
				0
			]
		},
		{
			"Target": "Parameter",
			"Id": "Param_Angle_Rotation43",
			"Segments": [
				0,
				0.166,
				1,
				0.011,
				0.166,
				0.022,
				0.136,
				0.033,
				0.12,
				1,
				0.578,
				-0.634,
				1.122,
				-1,
				1.667,
				-1,
				1,
				2.667,
				-1,
				3.667,
				1,
				4.667,
				1,
				1,
				5.1,
				1,
				5.533,
				0.737,
				5.967,
				0.21,
				1,
				5.978,
				0.196,
				5.989,
				0.181,
				6,
				0.166
			]
		},
		{
			"Target": "Parameter",
			"Id": "Param_Angle_Rotation44",
			"Segments": [
				0,
				0.963,
				1,
				0.011,
				0.963,
				0.022,
				0.899,
				0.033,
				0.866,
				1,
				0.689,
				-1.061,
				1.344,
				-2,
				2,
				-2,
				1,
				3,
				-2,
				4,
				2,
				5,
				2,
				1,
				5.322,
				2,
				5.644,
				1.687,
				5.967,
				1.047,
				1,
				5.978,
				1.025,
				5.989,
				0.993,
				6,
				0.963
			]
		},
		{
			"Target": "Parameter",
			"Id": "Param_Angle_Rotation53",
			"Segments": [
				0,
				1.135,
				1,
				0.011,
				1.135,
				0.022,
				1.077,
				0.033,
				1.048,
				1,
				0.8,
				-0.999,
				1.567,
				-2,
				2.333,
				-2,
				1,
				3.333,
				-2,
				4.333,
				2,
				5.333,
				2,
				1,
				5.544,
				2,
				5.756,
				1.74,
				5.967,
				1.219,
				1,
				5.978,
				1.192,
				5.989,
				1.164,
				6,
				1.135
			]
		},
		{
			"Target": "Parameter",
			"Id": "Param_Angle_Rotation45",
			"Segments": [
				0,
				-0.166,
				1,
				0.011,
				-0.166,
				0.022,
				-0.138,
				0.033,
				-0.122,
				1,
				0.578,
				0.633,
				1.122,
				1,
				1.667,
				1,
				1,
				2.667,
				1,
				3.667,
				-1,
				4.667,
				-1,
				1,
				5.1,
				-1,
				5.533,
				-0.736,
				5.967,
				-0.207,
				1,
				5.978,
				-0.194,
				5.989,
				-0.18,
				6,
				-0.166
			]
		},
		{
			"Target": "Parameter",
			"Id": "Param_Angle_Rotation46",
			"Segments": [
				0,
				-0.166,
				1,
				0.011,
				-0.166,
				0.022,
				-0.138,
				0.033,
				-0.122,
				1,
				0.578,
				0.633,
				1.122,
				1,
				1.667,
				1,
				1,
				2.667,
				1,
				3.667,
				-1,
				4.667,
				-1,
				1,
				5.1,
				-1,
				5.533,
				-0.736,
				5.967,
				-0.207,
				1,
				5.978,
				-0.194,
				5.989,
				-0.18,
				6,
				-0.166
			]
		},
		{
			"Target": "Parameter",
			"Id": "Param_Angle_Rotation47",
			"Segments": [
				0,
				-0.963,
				1,
				0.011,
				-0.963,
				0.022,
				-0.91,
				0.033,
				-0.878,
				1,
				0.689,
				1.055,
				1.344,
				2,
				2,
				2,
				1,
				3,
				2,
				4,
				-2,
				5,
				-2,
				1,
				5.322,
				-2,
				5.644,
				-1.678,
				5.967,
				-1.031,
				1,
				5.978,
				-1.009,
				5.989,
				-0.989,
				6,
				-0.963
			]
		},
		{
			"Target": "Parameter",
			"Id": "Param_Angle_Rotation54",
			"Segments": [
				0,
				-1.327,
				1,
				0.011,
				-1.327,
				0.022,
				-1.273,
				0.033,
				-1.241,
				1,
				0.8,
				0.934,
				1.567,
				2,
				2.333,
				2,
				1,
				3.333,
				2,
				4.333,
				-2,
				5.333,
				-2,
				1,
				5.544,
				-2,
				5.756,
				-1.798,
				5.967,
				-1.393,
				1,
				5.978,
				-1.372,
				5.989,
				-1.352,
				6,
				-1.327
			]
		},
		{
			"Target": "Parameter",
			"Id": "Param_Angle_Rotation11",
			"Segments": [
				0,
				0,
				1,
				0.611,
				0,
				1.222,
				0,
				1.833,
				0,
				1,
				2.833,
				0,
				3.833,
				0,
				4.833,
				0,
				1,
				5.222,
				0,
				5.611,
				0,
				6,
				0
			]
		},
		{
			"Target": "Parameter",
			"Id": "Param_Angle_Rotation12",
			"Segments": [
				0,
				0.328,
				1,
				0.011,
				0.328,
				0.022,
				0.3,
				0.033,
				0.284,
				1,
				0.633,
				-0.579,
				1.233,
				-1,
				1.833,
				-1,
				1,
				2.833,
				-1,
				3.833,
				1,
				4.833,
				1,
				1,
				5.211,
				1,
				5.589,
				0.789,
				5.967,
				0.365,
				1,
				5.978,
				0.353,
				5.989,
				0.341,
				6,
				0.328
			]
		},
		{
			"Target": "Parameter",
			"Id": "Param_Angle_Rotation13",
			"Segments": [
				0,
				1.245,
				1,
				0.011,
				1.245,
				0.022,
				1.18,
				0.033,
				1.147,
				1,
				0.744,
				-0.967,
				1.456,
				-2,
				2.167,
				-2,
				1,
				3.167,
				-2,
				4.167,
				2,
				5.167,
				2,
				1,
				5.433,
				2,
				5.7,
				1.781,
				5.967,
				1.327,
				1,
				5.978,
				1.308,
				5.989,
				1.275,
				6,
				1.245
			]
		},
		{
			"Target": "Parameter",
			"Id": "Param_Angle_Rotation14",
			"Segments": [
				0,
				1.223,
				1,
				0.011,
				1.223,
				0.022,
				1.163,
				0.033,
				1.135,
				1,
				0.856,
				-0.97,
				1.678,
				-2,
				2.5,
				-2,
				1,
				3.5,
				-2,
				4.5,
				2,
				5.5,
				2,
				1,
				5.656,
				2,
				5.811,
				1.775,
				5.967,
				1.322,
				1,
				5.978,
				1.289,
				5.989,
				1.254,
				6,
				1.223
			]
		},
		{
			"Target": "Parameter",
			"Id": "Param_Angle_Rotation56",
			"Segments": [
				0,
				1.463,
				1,
				0.011,
				1.463,
				0.022,
				1.405,
				0.033,
				1.375,
				1,
				0.856,
				-0.89,
				1.678,
				-2,
				2.5,
				-2,
				1,
				3.5,
				-2,
				4.5,
				2,
				5.5,
				2,
				1,
				5.656,
				2,
				5.811,
				1.845,
				5.967,
				1.533,
				1,
				5.978,
				1.51,
				5.989,
				1.489,
				6,
				1.463
			]
		},
		{
			"Target": "Parameter",
			"Id": "Param_Angle_Rotation7",
			"Segments": [
				0,
				0.656,
				1,
				0.011,
				0.656,
				0.022,
				0.601,
				0.033,
				0.569,
				1,
				0.633,
				-1.158,
				1.233,
				-2,
				1.833,
				-2,
				1,
				2.833,
				-2,
				3.833,
				2,
				4.833,
				2,
				1,
				5.211,
				2,
				5.589,
				1.577,
				5.967,
				0.731,
				1,
				5.978,
				0.706,
				5.989,
				0.682,
				6,
				0.656
			]
		},
		{
			"Target": "Parameter",
			"Id": "Param_Angle_Rotation8",
			"Segments": [
				0,
				0.656,
				1,
				0.011,
				0.656,
				0.022,
				0.601,
				0.033,
				0.569,
				1,
				0.633,
				-1.158,
				1.233,
				-2,
				1.833,
				-2,
				1,
				2.833,
				-2,
				3.833,
				2,
				4.833,
				2,
				1,
				5.211,
				2,
				5.589,
				1.577,
				5.967,
				0.731,
				1,
				5.978,
				0.706,
				5.989,
				0.682,
				6,
				0.656
			]
		},
		{
			"Target": "Parameter",
			"Id": "Param_Angle_Rotation9",
			"Segments": [
				0,
				1.245,
				1,
				0.011,
				1.245,
				0.022,
				1.194,
				0.033,
				1.161,
				1,
				0.744,
				-0.96,
				1.456,
				-2,
				2.167,
				-2,
				1,
				3.167,
				-2,
				4.167,
				2,
				5.167,
				2,
				1,
				5.433,
				2,
				5.7,
				1.769,
				5.967,
				1.305,
				1,
				5.978,
				1.286,
				5.989,
				1.269,
				6,
				1.245
			]
		},
		{
			"Target": "Parameter",
			"Id": "Param_Angle_Rotation10",
			"Segments": [
				0,
				1.283,
				1,
				0.011,
				1.283,
				0.022,
				1.223,
				0.033,
				1.194,
				1,
				0.856,
				-0.95,
				1.678,
				-2,
				2.5,
				-2,
				1,
				3.5,
				-2,
				4.5,
				2,
				5.5,
				2,
				1,
				5.656,
				2,
				5.811,
				1.792,
				5.967,
				1.375,
				1,
				5.978,
				1.345,
				5.989,
				1.313,
				6,
				1.283
			]
		},
		{
			"Target": "Parameter",
			"Id": "Param_Angle_Rotation52",
			"Segments": [
				0,
				1.281,
				1,
				0.011,
				1.281,
				0.022,
				1.223,
				0.033,
				1.194,
				1,
				0.856,
				-0.95,
				1.678,
				-2,
				2.5,
				-2,
				1,
				3.5,
				-2,
				4.5,
				2,
				5.5,
				2,
				1,
				5.656,
				2,
				5.811,
				1.792,
				5.967,
				1.373,
				1,
				5.978,
				1.343,
				5.989,
				1.311,
				6,
				1.281
			]
		}
	]
}