{
	"Version": 3,
	"Meta": {
		"Duration": 2.5,
		"Fps": 30.0,
		"Loop": true,
		"AreBeziersRestricted": false,
		"CurveCount": 99,
		"TotalSegmentCount": 604,
		"TotalPointCount": 1905,
		"UserDataCount": 0,
		"TotalUserDataSize": 0
	},
	"Curves": [
		{
			"Target": "Parameter",
			"Id": "ParamEyeBS",
			"Segments": [
				0,
				0,
				0,
				2.5,
				0
			]
		},
		{
			"Target": "Parameter",
			"Id": "Param19",
			"Segments": [
				0,
				-7,
				0,
				0.1,
				-7,
				1,
				0.178,
				-7,
				0.256,
				-30,
				0.333,
				-30,
				1,
				0.444,
				-30,
				0.556,
				7.5,
				0.667,
				7.5,
				1,
				0.778,
				7.5,
				0.889,
				6.868,
				1,
				0,
				1,
				1.133,
				-8.241,
				1.267,
				-19,
				1.4,
				-19,
				1,
				1.633,
				-19,
				1.867,
				1.786,
				2.1,
				1.786,
				1,
				2.233,
				1.786,
				2.367,
				0,
				2.5,
				0
			]
		},
		{
			"Target": "Parameter",
			"Id": "Param18",
			"Segments": [
				0,
				0,
				1,
				0.033,
				0,
				0.067,
				26,
				0.1,
				26,
				1,
				0.178,
				26,
				0.256,
				-19,
				0.333,
				-19,
				1,
				0.444,
				-19,
				0.556,
				-11.99,
				0.667,
				1,
				1,
				0.778,
				13.99,
				0.889,
				20,
				1,
				20,
				1,
				1.133,
				20,
				1.267,
				-12,
				1.4,
				-12,
				1,
				1.633,
				-12,
				1.867,
				4,
				2.1,
				4,
				1,
				2.233,
				4,
				2.367,
				0,
				2.5,
				0
			]
		},
		{
			"Target": "Parameter",
			"Id": "Param25",
			"Segments": [
				0,
				5.33,
				1,
				0.033,
				5.33,
				0.067,
				-2.266,
				0.1,
				-9,
				1,
				0.178,
				-24.712,
				0.256,
				-30,
				0.333,
				-30,
				1,
				0.444,
				-30,
				0.556,
				13,
				0.667,
				13,
				1,
				0.778,
				13,
				0.889,
				1.926,
				1,
				1,
				1,
				1.133,
				-0.112,
				1.267,
				0,
				1.4,
				0,
				1,
				1.633,
				0,
				1.867,
				0.887,
				2.1,
				3.124,
				1,
				2.233,
				4.402,
				2.367,
				5.33,
				2.5,
				5.33
			]
		},
		{
			"Target": "Parameter",
			"Id": "Param24",
			"Segments": [
				0,
				-4.745,
				1,
				0.033,
				-4.745,
				0.067,
				-4.949,
				0.1,
				-4,
				1,
				0.178,
				-1.786,
				0.256,
				2.103,
				0.333,
				2.103,
				1,
				0.444,
				2.103,
				0.556,
				-30,
				0.667,
				-30,
				1,
				0.778,
				-30,
				0.889,
				-14.624,
				1,
				-8.235,
				1,
				1.133,
				-0.569,
				1.267,
				0,
				1.4,
				0,
				1,
				1.633,
				0,
				1.867,
				-17,
				2.1,
				-17,
				1,
				2.233,
				-17,
				2.367,
				-4.745,
				2.5,
				-4.745
			]
		},
		{
			"Target": "Parameter",
			"Id": "ParamPaiRX",
			"Segments": [
				0,
				8.457,
				1,
				0.033,
				8.457,
				0.067,
				23,
				0.1,
				23,
				1,
				0.178,
				23,
				0.256,
				0,
				0.333,
				0,
				1,
				0.444,
				0,
				0.556,
				3,
				0.667,
				3,
				1,
				0.778,
				3,
				0.889,
				-10,
				1,
				-10,
				1,
				1.133,
				-10,
				1.267,
				0,
				1.4,
				0,
				1,
				1.633,
				0,
				1.867,
				-2.453,
				2.1,
				-2.453,
				1,
				2.233,
				-2.453,
				2.367,
				8.457,
				2.5,
				8.457
			]
		},
		{
			"Target": "Parameter",
			"Id": "ParamPaiRY",
			"Segments": [
				0,
				5.253,
				1,
				0.033,
				5.006,
				0.067,
				0,
				0.1,
				0,
				1,
				0.178,
				0,
				0.256,
				0,
				0.333,
				0,
				1,
				0.444,
				0,
				0.556,
				0,
				0.667,
				0,
				1,
				0.778,
				0,
				0.889,
				0,
				1,
				0,
				1,
				1.133,
				0,
				1.267,
				0,
				1.4,
				0,
				1,
				1.633,
				0,
				1.867,
				0,
				2.1,
				0,
				1,
				2.233,
				0,
				2.367,
				5.253,
				2.5,
				5.253
			]
		},
		{
			"Target": "Parameter",
			"Id": "ParamPaiLX",
			"Segments": [
				0,
				-6.743,
				1,
				0.033,
				-6.743,
				0.067,
				0,
				0.1,
				0,
				1,
				0.178,
				0,
				0.256,
				0,
				0.333,
				0,
				1,
				0.444,
				0,
				0.556,
				0,
				0.667,
				0,
				1,
				0.778,
				0,
				0.889,
				-15,
				1,
				-15,
				1,
				1.133,
				-15,
				1.267,
				0,
				1.4,
				0,
				1,
				1.633,
				0,
				1.867,
				0,
				2.1,
				0,
				1,
				2.233,
				0,
				2.367,
				-6.743,
				2.5,
				-6.743
			]
		},
		{
			"Target": "Parameter",
			"Id": "ParamPaiLY",
			"Segments": [
				0,
				-3.16,
				1,
				0.033,
				-3.16,
				0.067,
				0,
				0.1,
				0,
				1,
				0.178,
				0,
				0.256,
				0,
				0.333,
				0,
				1,
				0.444,
				0,
				0.556,
				0,
				0.667,
				0,
				1,
				0.778,
				0,
				0.889,
				0,
				1,
				0,
				1,
				1.133,
				0,
				1.267,
				0,
				1.4,
				0,
				1,
				1.633,
				0,
				1.867,
				0,
				2.1,
				0,
				1,
				2.233,
				0,
				2.367,
				-3.16,
				2.5,
				-3.16
			]
		},
		{
			"Target": "Parameter",
			"Id": "ParamPaiRX2",
			"Segments": [
				0,
				2.126,
				1,
				0.033,
				2.126,
				0.067,
				30,
				0.1,
				30,
				1,
				0.178,
				30,
				0.256,
				3.852,
				0.333,
				1,
				1,
				0.444,
				-3.074,
				0.556,
				-3.171,
				0.667,
				-3.171,
				1,
				0.778,
				-3.171,
				0.889,
				3,
				1,
				3,
				1,
				1.133,
				3,
				1.267,
				-10,
				1.4,
				-10,
				1,
				1.633,
				-10,
				1.867,
				-4.056,
				2.1,
				0,
				1,
				2.233,
				2.318,
				2.367,
				2.126,
				2.5,
				2.126
			]
		},
		{
			"Target": "Parameter",
			"Id": "ParamPaiRY2",
			"Segments": [
				0,
				12.505,
				1,
				0.033,
				12.505,
				0.067,
				0,
				0.1,
				0,
				1,
				0.178,
				0,
				0.256,
				0,
				0.333,
				0,
				1,
				0.444,
				0,
				0.556,
				0,
				0.667,
				0,
				1,
				0.778,
				0,
				0.889,
				0,
				1,
				0,
				1,
				1.133,
				0,
				1.267,
				0,
				1.4,
				0,
				1,
				1.633,
				0,
				1.867,
				0,
				2.1,
				0,
				1,
				2.233,
				0,
				2.367,
				12.505,
				2.5,
				12.505
			]
		},
		{
			"Target": "Parameter",
			"Id": "ParamPaiLX2",
			"Segments": [
				0,
				5.484,
				1,
				0.033,
				5.484,
				0.067,
				0,
				0.1,
				0,
				1,
				0.178,
				0,
				0.256,
				0,
				0.333,
				0,
				1,
				0.444,
				0,
				0.556,
				0,
				0.667,
				0,
				1,
				0.778,
				0,
				0.889,
				-14,
				1,
				-14,
				1,
				1.133,
				-14,
				1.267,
				0,
				1.4,
				0,
				1,
				1.633,
				0,
				1.867,
				0,
				2.1,
				0,
				1,
				2.233,
				0,
				2.367,
				5.484,
				2.5,
				5.484
			]
		},
		{
			"Target": "Parameter",
			"Id": "ParamPaiLY2",
			"Segments": [
				0,
				-2.621,
				1,
				0.033,
				-2.621,
				0.067,
				-0.543,
				0.1,
				-0.39,
				1,
				0.178,
				-0.035,
				0.256,
				0,
				0.333,
				0,
				1,
				0.444,
				0,
				0.556,
				-0.521,
				0.667,
				-0.521,
				1,
				0.778,
				-0.521,
				0.889,
				-0.195,
				1,
				-0.195,
				1,
				1.133,
				-0.195,
				1.267,
				-0.195,
				1.4,
				-0.195,
				1,
				1.633,
				-0.195,
				1.867,
				0,
				2.1,
				0,
				1,
				2.233,
				0,
				2.367,
				-2.621,
				2.5,
				-2.621
			]
		},
		{
			"Target": "Parameter",
			"Id": "Param23",
			"Segments": [
				0,
				11.807,
				1,
				0.033,
				11.807,
				0.067,
				4.935,
				0.1,
				0,
				1,
				0.178,
				-11.514,
				0.256,
				-15,
				0.333,
				-15,
				1,
				0.444,
				-15,
				0.556,
				11,
				0.667,
				11,
				1,
				0.778,
				11,
				0.889,
				-11,
				1,
				-11,
				1,
				1.133,
				-11,
				1.267,
				-11.694,
				1.4,
				-9,
				1,
				1.633,
				-4.286,
				1.867,
				14,
				2.1,
				14,
				1,
				2.233,
				14,
				2.367,
				11.807,
				2.5,
				11.807
			]
		},
		{
			"Target": "Parameter",
			"Id": "ParamAngleX",
			"Segments": [
				0,
				12.5,
				1,
				0.033,
				12.309,
				0.067,
				12,
				0.1,
				12,
				1,
				0.278,
				12,
				0.456,
				21,
				0.633,
				21,
				1,
				0.778,
				21,
				0.922,
				-8,
				1.067,
				-8,
				1,
				1.156,
				-8,
				1.244,
				-3.738,
				1.333,
				0,
				1,
				1.578,
				10.28,
				1.822,
				14,
				2.067,
				14,
				1,
				2.211,
				14,
				2.356,
				12.5,
				2.5,
				12.5
			]
		},
		{
			"Target": "Parameter",
			"Id": "ParamEyeLOpen",
			"Segments": [
				0,
				1,
				1,
				0.033,
				1,
				0.067,
				1,
				0.1,
				1,
				1,
				0.156,
				1,
				0.211,
				0.979,
				0.267,
				0.8,
				1,
				0.289,
				0.729,
				0.311,
				0,
				0.333,
				0,
				1,
				0.433,
				0,
				0.533,
				0.66,
				0.633,
				0.7,
				1,
				0.867,
				0.793,
				1.1,
				0.8,
				1.333,
				0.8,
				1,
				1.511,
				0.8,
				1.689,
				0,
				1.867,
				0,
				1,
				1.956,
				0,
				2.044,
				1,
				2.133,
				1,
				1,
				2.256,
				1,
				2.378,
				1,
				2.5,
				1
			]
		},
		{
			"Target": "Parameter",
			"Id": "ParamEyeROpen",
			"Segments": [
				0,
				1,
				1,
				0.033,
				1,
				0.067,
				1,
				0.1,
				1,
				1,
				0.156,
				1,
				0.211,
				0.979,
				0.267,
				0.8,
				1,
				0.289,
				0.729,
				0.311,
				0,
				0.333,
				0,
				1,
				0.433,
				0,
				0.533,
				0.66,
				0.633,
				0.7,
				1,
				0.867,
				0.793,
				1.1,
				0.8,
				1.333,
				0.8,
				1,
				1.511,
				0.8,
				1.689,
				0,
				1.867,
				0,
				1,
				1.956,
				0,
				2.044,
				1,
				2.133,
				1,
				1,
				2.256,
				1,
				2.378,
				1,
				2.5,
				1
			]
		},
		{
			"Target": "Parameter",
			"Id": "ParamEyeBallX",
			"Segments": [
				0,
				0,
				1,
				0.211,
				0,
				0.422,
				1,
				0.633,
				1,
				1,
				0.867,
				1,
				1.1,
				0,
				1.333,
				0,
				1,
				1.722,
				0,
				2.111,
				0,
				2.5,
				0
			]
		},
		{
			"Target": "Parameter",
			"Id": "ParamBrowLForm",
			"Segments": [
				0,
				0,
				1,
				0.022,
				0,
				0.044,
				-1,
				0.067,
				-1,
				1,
				0.489,
				-1,
				0.911,
				-1,
				1.333,
				-1,
				1,
				1.6,
				-1,
				1.867,
				0,
				2.133,
				0,
				1,
				2.256,
				0,
				2.378,
				0,
				2.5,
				0
			]
		},
		{
			"Target": "Parameter",
			"Id": "ParamMouthForm",
			"Segments": [
				0,
				0,
				1,
				0.022,
				0,
				0.044,
				1,
				0.067,
				1,
				1,
				0.489,
				1,
				0.911,
				1,
				1.333,
				1,
				1,
				1.6,
				1,
				1.867,
				0,
				2.133,
				0,
				1,
				2.256,
				0,
				2.378,
				0,
				2.5,
				0
			]
		},
		{
			"Target": "Parameter",
			"Id": "ParamCheek",
			"Segments": [
				0,
				0,
				1,
				0.022,
				0,
				0.044,
				1,
				0.067,
				1,
				1,
				0.489,
				1,
				0.911,
				0,
				1.333,
				0,
				1,
				1.6,
				0,
				1.867,
				0,
				2.133,
				0,
				1,
				2.256,
				0,
				2.378,
				0,
				2.5,
				0
			]
		},
		{
			"Target": "Parameter",
			"Id": "ParamBodyAngleX",
			"Segments": [
				0,
				0,
				1,
				0.044,
				0,
				0.089,
				-10,
				0.133,
				-10,
				1,
				0.311,
				-10,
				0.489,
				0,
				0.667,
				0,
				1,
				0.9,
				0,
				1.133,
				-1.64,
				1.367,
				-1.64,
				1,
				1.678,
				-1.64,
				1.989,
				0,
				2.3,
				0,
				1,
				2.367,
				0,
				2.433,
				0,
				2.5,
				0
			]
		},
		{
			"Target": "Parameter",
			"Id": "ParamBodyAngleY",
			"Segments": [
				0,
				0,
				1,
				0.044,
				0,
				0.089,
				5,
				0.133,
				5,
				1,
				0.311,
				5,
				0.489,
				0,
				0.667,
				0,
				1,
				0.889,
				0,
				1.111,
				0,
				1.333,
				0,
				1,
				1.656,
				0,
				1.978,
				0,
				2.3,
				0,
				1,
				2.311,
				0,
				2.322,
				0,
				2.333,
				0,
				1,
				2.389,
				0,
				2.444,
				0,
				2.5,
				0
			]
		},
		{
			"Target": "Parameter",
			"Id": "ParamBodyAngleZ",
			"Segments": [
				0,
				0,
				1,
				0.044,
				0,
				0.089,
				-10,
				0.133,
				-10,
				1,
				0.311,
				-10,
				0.489,
				3.746,
				0.667,
				3.746,
				1,
				0.889,
				3.746,
				1.111,
				-2,
				1.333,
				-2,
				1,
				1.456,
				-2,
				1.578,
				-1.179,
				1.7,
				-0.919,
				1,
				1.9,
				-0.494,
				2.1,
				-0.192,
				2.3,
				0,
				1,
				2.367,
				0.064,
				2.433,
				0.045,
				2.5,
				0.045
			]
		},
		{
			"Target": "Parameter",
			"Id": "ParamBreat",
			"Segments": [
				0,
				0.5,
				1,
				0.767,
				0.5,
				1.533,
				0.5,
				2.3,
				0.5,
				1,
				2.311,
				0.5,
				2.322,
				0.523,
				2.333,
				0.523,
				1,
				2.389,
				0.523,
				2.444,
				0.5,
				2.5,
				0.5
			]
		},
		{
			"Target": "Parameter",
			"Id": "Param14",
			"Segments": [
				0,
				0,
				0,
				2.3,
				0,
				1,
				2.367,
				0,
				2.433,
				0,
				2.5,
				0
			]
		},
		{
			"Target": "Parameter",
			"Id": "Param12",
			"Segments": [
				0,
				3.326,
				1,
				0.056,
				3.326,
				0.111,
				-30,
				0.167,
				-30,
				1,
				0.367,
				-30,
				0.567,
				30,
				0.767,
				30,
				1,
				0.989,
				30,
				1.211,
				-10,
				1.433,
				-10,
				1,
				1.544,
				-10,
				1.656,
				6,
				1.767,
				6,
				1,
				1.944,
				6,
				2.122,
				5.191,
				2.3,
				3.326,
				1,
				2.311,
				3.209,
				2.322,
				2.403,
				2.333,
				2.403,
				1,
				2.389,
				2.403,
				2.444,
				3.326,
				2.5,
				3.326
			]
		},
		{
			"Target": "Parameter",
			"Id": "Param13",
			"Segments": [
				0,
				3.326,
				1,
				0.056,
				3.326,
				0.111,
				-30,
				0.167,
				-30,
				1,
				0.367,
				-30,
				0.567,
				30,
				0.767,
				30,
				1,
				0.989,
				30,
				1.211,
				-12,
				1.433,
				-12,
				1,
				1.544,
				-12,
				1.656,
				6,
				1.767,
				6,
				1,
				1.944,
				6,
				2.122,
				5.191,
				2.3,
				3.326,
				1,
				2.311,
				3.209,
				2.322,
				2.403,
				2.333,
				2.403,
				1,
				2.389,
				2.403,
				2.444,
				3.326,
				2.5,
				3.326
			]
		},
		{
			"Target": "Parameter",
			"Id": "Param15",
			"Segments": [
				0,
				5.41,
				1,
				0.056,
				5.41,
				0.111,
				-24,
				0.167,
				-24,
				1,
				0.367,
				-24,
				0.567,
				30,
				0.767,
				30,
				1,
				0.989,
				30,
				1.211,
				-9,
				1.433,
				-9,
				1,
				1.544,
				-9,
				1.656,
				10,
				1.767,
				10,
				1,
				1.944,
				10,
				2.122,
				8.58,
				2.3,
				5.41,
				1,
				2.311,
				5.212,
				2.322,
				4.602,
				2.333,
				4.602,
				1,
				2.389,
				4.602,
				2.444,
				5.41,
				2.5,
				5.41
			]
		},
		{
			"Target": "Parameter",
			"Id": "Param16",
			"Segments": [
				0,
				-0.259,
				1,
				0.056,
				-0.259,
				0.111,
				-30,
				0.167,
				-30,
				1,
				0.367,
				-30,
				0.567,
				17,
				0.767,
				17,
				1,
				0.989,
				17,
				1.211,
				-11,
				1.433,
				-11,
				1,
				1.544,
				-11,
				1.656,
				4,
				1.767,
				4,
				1,
				1.944,
				4,
				2.122,
				2.7,
				2.3,
				-0.259,
				1,
				2.311,
				-0.444,
				2.322,
				-1.437,
				2.333,
				-1.437,
				1,
				2.389,
				-1.437,
				2.444,
				-0.259,
				2.5,
				-0.259
			]
		},
		{
			"Target": "Parameter",
			"Id": "Param9",
			"Segments": [
				0,
				-2.294,
				1,
				0.056,
				-2.011,
				0.111,
				14,
				0.167,
				14,
				1,
				0.367,
				14,
				0.567,
				-8.042,
				0.767,
				-8.042,
				1,
				0.989,
				-8.042,
				1.211,
				-0.479,
				1.433,
				-0.479,
				1,
				1.6,
				-0.479,
				1.767,
				-9.107,
				1.933,
				-9.107,
				1,
				2.122,
				-9.107,
				2.311,
				-2.294,
				2.5,
				-2.294
			]
		},
		{
			"Target": "Parameter",
			"Id": "Param10",
			"Segments": [
				0,
				0,
				1,
				0.056,
				0.365,
				0.111,
				11.1,
				0.167,
				11.1,
				1,
				0.367,
				11.1,
				0.567,
				-3,
				0.767,
				-3,
				1,
				0.989,
				-3,
				1.211,
				2.26,
				1.433,
				2.26,
				1,
				1.6,
				2.26,
				1.767,
				-1.918,
				1.933,
				-1.918,
				1,
				2.122,
				-1.918,
				2.311,
				0,
				2.5,
				0
			]
		},
		{
			"Target": "Parameter",
			"Id": "Param4",
			"Segments": [
				0,
				-0.983,
				1,
				0.056,
				-1.547,
				0.111,
				-10,
				0.167,
				-10,
				1,
				0.367,
				-10,
				0.567,
				4.06,
				0.767,
				4.06,
				1,
				0.989,
				4.06,
				1.211,
				-2,
				1.433,
				-2,
				1,
				1.6,
				-2,
				1.767,
				1.336,
				1.933,
				1.336,
				1,
				2.122,
				1.336,
				2.311,
				-0.983,
				2.5,
				-0.983
			]
		},
		{
			"Target": "Parameter",
			"Id": "Param17",
			"Segments": [
				0,
				-0.983,
				1,
				0.056,
				-1.857,
				0.111,
				-30,
				0.167,
				-30,
				1,
				0.367,
				-30,
				0.567,
				20,
				0.767,
				20,
				1,
				0.989,
				20,
				1.211,
				6.261,
				1.433,
				6.261,
				1,
				1.6,
				6.261,
				1.767,
				14.087,
				1.933,
				14.087,
				1,
				2.122,
				14.087,
				2.311,
				-0.983,
				2.5,
				-0.983
			]
		},
		{
			"Target": "Parameter",
			"Id": "Param5",
			"Segments": [
				0,
				0.983,
				1,
				0.056,
				0.862,
				0.111,
				-9,
				0.167,
				-9,
				1,
				0.367,
				-9,
				0.567,
				4.722,
				0.767,
				4.722,
				1,
				0.978,
				4.722,
				1.189,
				-4,
				1.4,
				-4,
				1,
				1.567,
				-4,
				1.733,
				-1.095,
				1.9,
				-1.095,
				1,
				1.978,
				-1.095,
				2.056,
				-1.705,
				2.133,
				-1.705,
				1,
				2.256,
				-1.705,
				2.378,
				0.983,
				2.5,
				0.983
			]
		},
		{
			"Target": "Parameter",
			"Id": "Param6",
			"Segments": [
				0,
				0,
				1,
				0.056,
				-0.287,
				0.111,
				-4.52,
				0.167,
				-4.52,
				1,
				0.367,
				-4.52,
				0.567,
				2.56,
				0.767,
				2.56,
				1,
				0.978,
				2.56,
				1.189,
				-2.78,
				1.4,
				-2.78,
				1,
				1.511,
				-2.78,
				1.622,
				2,
				1.733,
				2,
				1,
				1.922,
				2,
				2.111,
				0,
				2.3,
				0,
				1,
				2.311,
				0,
				2.322,
				0.264,
				2.333,
				0.264,
				1,
				2.389,
				0.264,
				2.444,
				0,
				2.5,
				0
			]
		},
		{
			"Target": "Parameter",
			"Id": "Param7",
			"Segments": [
				0,
				-1.311,
				1,
				0.833,
				-1.311,
				1.667,
				-1.311,
				2.5,
				-1.311
			]
		},
		{
			"Target": "Parameter",
			"Id": "Param3",
			"Segments": [
				0,
				8.515,
				1,
				0.833,
				8.515,
				1.667,
				8.515,
				2.5,
				8.515
			]
		},
		{
			"Target": "Parameter",
			"Id": "ParamLegR1",
			"Segments": [
				0,
				-1.168,
				1,
				0.056,
				-1.299,
				0.111,
				-23,
				0.167,
				-23,
				1,
				0.367,
				-23,
				0.567,
				2.88,
				0.767,
				2.88,
				1,
				0.967,
				2.88,
				1.167,
				-9,
				1.367,
				-9,
				1,
				1.533,
				-9,
				1.7,
				1.68,
				1.867,
				1.68,
				1,
				2.078,
				1.68,
				2.289,
				-1.168,
				2.5,
				-1.168
			]
		},
		{
			"Target": "Parameter",
			"Id": "ParamLegR2",
			"Segments": [
				0,
				2.832,
				1,
				0.056,
				3.153,
				0.111,
				15,
				0.167,
				15,
				1,
				0.367,
				15,
				0.567,
				-6,
				0.767,
				-6,
				1,
				0.967,
				-6,
				1.167,
				9,
				1.367,
				9,
				1,
				1.533,
				9,
				1.7,
				0.68,
				1.867,
				0.68,
				1,
				2.078,
				0.68,
				2.289,
				2.832,
				2.5,
				2.832
			]
		},
		{
			"Target": "Parameter",
			"Id": "Param2",
			"Segments": [
				0,
				6.165,
				1,
				0.056,
				6.758,
				0.111,
				12,
				0.167,
				12,
				1,
				0.367,
				12,
				0.567,
				-4,
				0.767,
				-4,
				1,
				0.967,
				-4,
				1.167,
				8,
				1.367,
				8,
				1,
				1.533,
				8,
				1.7,
				3,
				1.867,
				3,
				1,
				2.078,
				3,
				2.289,
				6.165,
				2.5,
				6.165
			]
		},
		{
			"Target": "Parameter",
			"Id": "Param",
			"Segments": [
				0,
				14.886,
				1,
				0.833,
				14.886,
				1.667,
				14.886,
				2.5,
				14.886
			]
		},
		{
			"Target": "Parameter",
			"Id": "ParamLegL1",
			"Segments": [
				0,
				-0.499,
				1,
				0.056,
				-0.499,
				0.111,
				-2,
				0.167,
				-2,
				1,
				0.367,
				-2,
				0.567,
				5,
				0.767,
				5,
				1,
				0.967,
				5,
				1.167,
				-1,
				1.367,
				-1,
				1,
				1.533,
				-1,
				1.7,
				1,
				1.867,
				1,
				1,
				2.078,
				1,
				2.289,
				-0.499,
				2.5,
				-0.499
			]
		},
		{
			"Target": "Parameter",
			"Id": "ParamLegL2",
			"Segments": [
				0,
				0.998,
				1,
				0.056,
				0.998,
				0.111,
				-2,
				0.167,
				-2,
				1,
				0.367,
				-2,
				0.567,
				4,
				0.767,
				4,
				1,
				0.911,
				4,
				1.056,
				-1,
				1.2,
				-1,
				1,
				1.567,
				-1,
				1.933,
				2.491,
				2.3,
				2.491,
				1,
				2.367,
				2.491,
				2.433,
				0.998,
				2.5,
				0.998
			]
		},
		{
			"Target": "Parameter",
			"Id": "Param11",
			"Segments": [
				0,
				5.299,
				1,
				0.056,
				5.78,
				0.111,
				30,
				0.167,
				30,
				1,
				0.367,
				30,
				0.567,
				-13,
				0.767,
				-13,
				1,
				0.956,
				-13,
				1.144,
				11,
				1.333,
				11,
				1,
				1.522,
				11,
				1.711,
				10.849,
				1.9,
				9.249,
				1,
				2.1,
				7.555,
				2.3,
				5.299,
				2.5,
				5.299
			]
		},
		{
			"Target": "Parameter",
			"Id": "Param8",
			"Segments": [
				0,
				5.66,
				1,
				0.833,
				5.66,
				1.667,
				5.66,
				2.5,
				5.66
			]
		},
		{
			"Target": "Parameter",
			"Id": "Param_Angle_Rotation15",
			"Segments": [
				0,
				0,
				1,
				0.767,
				0,
				1.533,
				0,
				2.3,
				0,
				1,
				2.367,
				0,
				2.433,
				0,
				2.5,
				0
			]
		},
		{
			"Target": "Parameter",
			"Id": "Param_Angle_Rotation16",
			"Segments": [
				0,
				0,
				1,
				0.056,
				0,
				0.111,
				-6,
				0.167,
				-6,
				1,
				0.333,
				-6,
				0.5,
				4,
				0.667,
				4,
				1,
				0.889,
				4,
				1.111,
				-0.7,
				1.333,
				-0.7,
				1,
				1.444,
				-0.7,
				1.556,
				0.4,
				1.667,
				0.4,
				1,
				1.878,
				0.4,
				2.089,
				0.277,
				2.3,
				0,
				1,
				2.311,
				-0.015,
				2.322,
				-0.088,
				2.333,
				-0.088,
				1,
				2.389,
				-0.088,
				2.444,
				0,
				2.5,
				0
			]
		},
		{
			"Target": "Parameter",
			"Id": "Param_Angle_Rotation17",
			"Segments": [
				0,
				0.885,
				1,
				0.078,
				0.885,
				0.156,
				-4,
				0.233,
				-4,
				1,
				0.4,
				-4,
				0.567,
				4,
				0.733,
				4,
				1,
				0.956,
				4,
				1.178,
				0.742,
				1.4,
				0.742,
				1,
				1.511,
				0.742,
				1.622,
				1.42,
				1.733,
				1.42,
				1,
				1.922,
				1.42,
				2.111,
				1.255,
				2.3,
				0.885,
				1,
				2.311,
				0.863,
				2.322,
				0.797,
				2.333,
				0.797,
				1,
				2.389,
				0.797,
				2.444,
				0.885,
				2.5,
				0.885
			]
		},
		{
			"Target": "Parameter",
			"Id": "Param_Angle_Rotation18",
			"Segments": [
				0,
				0,
				1,
				0.056,
				0,
				0.111,
				-1,
				0.167,
				-1,
				1,
				0.333,
				-1,
				0.5,
				1,
				0.667,
				1,
				1,
				0.889,
				1,
				1.111,
				0,
				1.333,
				0,
				1,
				1.456,
				0,
				1.578,
				0,
				1.7,
				0,
				1,
				1.9,
				0,
				2.1,
				0,
				2.3,
				0,
				1,
				2.367,
				0,
				2.433,
				0,
				2.5,
				0
			]
		},
		{
			"Target": "Parameter",
			"Id": "Param_Angle_Rotation19",
			"Segments": [
				0,
				0,
				1,
				0.056,
				0,
				0.111,
				-6,
				0.167,
				-6,
				1,
				0.333,
				-6,
				0.5,
				5,
				0.667,
				5,
				1,
				0.889,
				5,
				1.111,
				-1,
				1.333,
				-1,
				1,
				1.456,
				-1,
				1.578,
				1,
				1.7,
				1,
				1,
				1.9,
				1,
				2.1,
				0.658,
				2.3,
				0,
				1,
				2.311,
				-0.037,
				2.322,
				-0.044,
				2.333,
				-0.044,
				1,
				2.389,
				-0.044,
				2.444,
				0,
				2.5,
				0
			]
		},
		{
			"Target": "Parameter",
			"Id": "Param_Angle_Rotation20",
			"Segments": [
				0,
				1.245,
				1,
				0.078,
				1.245,
				0.156,
				-6,
				0.233,
				-6,
				1,
				0.4,
				-6,
				0.567,
				9,
				0.733,
				9,
				1,
				0.956,
				9,
				1.178,
				-2,
				1.4,
				-2,
				1,
				1.522,
				-2,
				1.644,
				1.9,
				1.767,
				1.9,
				1,
				1.944,
				1.9,
				2.122,
				1.695,
				2.3,
				1.245,
				1,
				2.311,
				1.217,
				2.322,
				1.161,
				2.333,
				1.161,
				1,
				2.389,
				1.161,
				2.444,
				1.245,
				2.5,
				1.245
			]
		},
		{
			"Target": "Parameter",
			"Id": "Param_Angle_Rotation33",
			"Segments": [
				0,
				0,
				1,
				0.056,
				0,
				0.111,
				0,
				0.167,
				0,
				1,
				0.333,
				0,
				0.5,
				0,
				0.667,
				0,
				1,
				0.889,
				0,
				1.111,
				0,
				1.333,
				0,
				1,
				1.456,
				0,
				1.578,
				0,
				1.7,
				0,
				1,
				1.9,
				0,
				2.1,
				0,
				2.3,
				0,
				1,
				2.367,
				0,
				2.433,
				0,
				2.5,
				0
			]
		},
		{
			"Target": "Parameter",
			"Id": "Param_Angle_Rotation34",
			"Segments": [
				0,
				0,
				1,
				0.056,
				0,
				0.111,
				0,
				0.167,
				0,
				1,
				0.333,
				0,
				0.5,
				0,
				0.667,
				0,
				1,
				0.889,
				0,
				1.111,
				0,
				1.333,
				0,
				1,
				1.456,
				0,
				1.578,
				0,
				1.7,
				0,
				1,
				1.9,
				0,
				2.1,
				0,
				2.3,
				0,
				1,
				2.311,
				0,
				2.322,
				-0.044,
				2.333,
				-0.044,
				1,
				2.389,
				-0.044,
				2.444,
				0,
				2.5,
				0
			]
		},
		{
			"Target": "Parameter",
			"Id": "Param_Angle_Rotation35",
			"Segments": [
				0,
				0.328,
				1,
				0.056,
				0.328,
				0.111,
				-6,
				0.167,
				-6,
				1,
				0.333,
				-6,
				0.5,
				4,
				0.667,
				4,
				1,
				0.889,
				4,
				1.111,
				-1,
				1.333,
				-1,
				1,
				1.456,
				-1,
				1.578,
				2,
				1.7,
				2,
				1,
				1.9,
				2,
				2.1,
				1.379,
				2.3,
				0.328,
				1,
				2.311,
				0.269,
				2.322,
				0.284,
				2.333,
				0.284,
				1,
				2.389,
				0.284,
				2.444,
				0.328,
				2.5,
				0.328
			]
		},
		{
			"Target": "Parameter",
			"Id": "Param_Angle_Rotation36",
			"Segments": [
				0,
				0.825,
				1,
				0.078,
				0.825,
				0.156,
				-9,
				0.233,
				-9,
				1,
				0.4,
				-9,
				0.567,
				5,
				0.733,
				5,
				1,
				0.956,
				5,
				1.178,
				-1,
				1.4,
				-1,
				1,
				1.522,
				-1,
				1.644,
				2,
				1.767,
				2,
				1,
				1.944,
				2,
				2.122,
				1.616,
				2.3,
				0.825,
				1,
				2.311,
				0.776,
				2.322,
				0.737,
				2.333,
				0.737,
				1,
				2.389,
				0.737,
				2.444,
				0.825,
				2.5,
				0.825
			]
		},
		{
			"Target": "Parameter",
			"Id": "Param_Angle_Rotation37",
			"Segments": [
				0,
				0,
				1,
				0.056,
				0,
				0.111,
				0,
				0.167,
				0,
				1,
				0.333,
				0,
				0.5,
				0,
				0.667,
				0,
				1,
				0.889,
				0,
				1.111,
				0,
				1.333,
				0,
				1,
				1.456,
				0,
				1.578,
				0,
				1.7,
				0,
				1,
				1.9,
				0,
				2.1,
				0,
				2.3,
				0,
				1,
				2.367,
				0,
				2.433,
				0,
				2.5,
				0
			]
		},
		{
			"Target": "Parameter",
			"Id": "Param_Angle_Rotation38",
			"Segments": [
				0,
				0,
				1,
				0.056,
				0,
				0.111,
				-9,
				0.167,
				-9,
				1,
				0.333,
				-9,
				0.5,
				4,
				0.667,
				4,
				1,
				0.889,
				4,
				1.111,
				-1,
				1.333,
				-1,
				1,
				1.456,
				-1,
				1.578,
				0.415,
				1.7,
				0.415,
				1,
				1.9,
				0.415,
				2.1,
				0.284,
				2.3,
				0,
				1,
				2.311,
				-0.016,
				2.322,
				-0.044,
				2.333,
				-0.044,
				1,
				2.389,
				-0.044,
				2.444,
				0,
				2.5,
				0
			]
		},
		{
			"Target": "Parameter",
			"Id": "Param_Angle_Rotation39",
			"Segments": [
				0,
				0.116,
				1,
				0.078,
				0.116,
				0.156,
				-8,
				0.233,
				-8,
				1,
				0.4,
				-8,
				0.567,
				2,
				0.733,
				2,
				1,
				0.956,
				2,
				1.178,
				-2,
				1.4,
				-2,
				1,
				1.522,
				-2,
				1.644,
				1.032,
				1.767,
				1.032,
				1,
				1.944,
				1.032,
				2.122,
				0.736,
				2.3,
				0.116,
				1,
				2.311,
				0.077,
				2.322,
				0.04,
				2.333,
				0.04,
				1,
				2.389,
				0.04,
				2.444,
				0.945,
				2.5,
				0.945
			]
		},
		{
			"Target": "Parameter",
			"Id": "Param_Angle_Rotation40",
			"Segments": [
				0,
				-0.006,
				1,
				0.056,
				-0.006,
				0.111,
				-6,
				0.167,
				-6,
				1,
				0.333,
				-6,
				0.5,
				5,
				0.667,
				5,
				1,
				0.889,
				5,
				1.111,
				-3.16,
				1.333,
				-3.16,
				1,
				1.456,
				-3.16,
				1.578,
				1,
				1.7,
				1,
				1,
				1.9,
				1,
				2.1,
				0.655,
				2.3,
				-0.006,
				1,
				2.311,
				-0.043,
				2.322,
				-0.05,
				2.333,
				-0.05,
				1,
				2.389,
				-0.05,
				2.444,
				-0.006,
				2.5,
				-0.006
			]
		},
		{
			"Target": "Parameter",
			"Id": "Param_Angle_Rotation41",
			"Segments": [
				0,
				0.772,
				1,
				0.078,
				0.772,
				0.156,
				-6,
				0.233,
				-6,
				1,
				0.4,
				-6,
				0.567,
				4,
				0.733,
				4,
				1,
				0.956,
				4,
				1.178,
				-2.2,
				1.4,
				-2.2,
				1,
				1.522,
				-2.2,
				1.644,
				1.34,
				1.767,
				1.34,
				1,
				1.944,
				1.34,
				2.122,
				1.165,
				2.3,
				0.772,
				1,
				2.311,
				0.747,
				2.322,
				0.674,
				2.333,
				0.674,
				1,
				2.389,
				0.674,
				2.444,
				0.772,
				2.5,
				0.772
			]
		},
		{
			"Target": "Parameter",
			"Id": "Param_Angle_Rotation27",
			"Segments": [
				0,
				0,
				1,
				0.056,
				0,
				0.111,
				0,
				0.167,
				0,
				1,
				0.333,
				0,
				0.5,
				0,
				0.667,
				0,
				1,
				0.889,
				0,
				1.111,
				0,
				1.333,
				0,
				1,
				1.456,
				0,
				1.578,
				0,
				1.7,
				0,
				1,
				1.9,
				0,
				2.1,
				0,
				2.3,
				0,
				1,
				2.367,
				0,
				2.433,
				0,
				2.5,
				0
			]
		},
		{
			"Target": "Parameter",
			"Id": "Param_Angle_Rotation28",
			"Segments": [
				0,
				0,
				1,
				0.056,
				0,
				0.111,
				7,
				0.167,
				7,
				1,
				0.333,
				7,
				0.5,
				-5,
				0.667,
				-5,
				1,
				0.889,
				-5,
				1.111,
				4,
				1.333,
				4,
				1,
				1.456,
				4,
				1.578,
				-2,
				1.7,
				-2,
				1,
				1.9,
				-2,
				2.1,
				-1.315,
				2.3,
				0,
				1,
				2.311,
				0.073,
				2.322,
				0.088,
				2.333,
				0.088,
				1,
				2.389,
				0.088,
				2.444,
				0,
				2.5,
				0
			]
		},
		{
			"Target": "Parameter",
			"Id": "Param_Angle_Rotation29",
			"Segments": [
				0,
				-1.245,
				1,
				0.078,
				-1.245,
				0.156,
				8,
				0.233,
				8,
				1,
				0.4,
				8,
				0.567,
				-5,
				0.733,
				-5,
				1,
				0.956,
				-5,
				1.178,
				4,
				1.4,
				4,
				1,
				1.522,
				4,
				1.644,
				-2,
				1.767,
				-2,
				1,
				1.944,
				-2,
				2.122,
				-1.762,
				2.3,
				-1.245,
				1,
				2.311,
				-1.213,
				2.322,
				-1.161,
				2.333,
				-1.161,
				1,
				2.389,
				-1.161,
				2.444,
				-1.245,
				2.5,
				-1.245
			]
		},
		{
			"Target": "Parameter",
			"Id": "Param_Angle_Rotation30",
			"Segments": [
				0,
				0,
				1,
				0.056,
				0,
				0.111,
				0,
				0.167,
				0,
				1,
				0.333,
				0,
				0.5,
				0,
				0.667,
				0,
				1,
				0.889,
				0,
				1.111,
				0,
				1.333,
				0,
				1,
				1.456,
				0,
				1.578,
				0,
				1.7,
				0,
				1,
				1.9,
				0,
				2.1,
				0,
				2.3,
				0,
				1,
				2.367,
				0,
				2.433,
				0,
				2.5,
				0
			]
		},
		{
			"Target": "Parameter",
			"Id": "Param_Angle_Rotation31",
			"Segments": [
				0,
				0,
				1,
				0.056,
				0,
				0.111,
				6,
				0.167,
				6,
				1,
				0.333,
				6,
				0.5,
				-4,
				0.667,
				-4,
				1,
				0.889,
				-4,
				1.111,
				3,
				1.333,
				3,
				1,
				1.456,
				3,
				1.578,
				-0.622,
				1.7,
				-0.622,
				1,
				1.9,
				-0.622,
				2.1,
				-0.428,
				2.3,
				0,
				1,
				2.311,
				0.024,
				2.322,
				0.088,
				2.333,
				0.088,
				1,
				2.389,
				0.088,
				2.444,
				0,
				2.5,
				0
			]
		},
		{
			"Target": "Parameter",
			"Id": "Param_Angle_Rotation32",
			"Segments": [
				0,
				-1.245,
				1,
				0.078,
				-1.245,
				0.156,
				6,
				0.233,
				6,
				1,
				0.4,
				6,
				0.567,
				-4,
				0.733,
				-4,
				1,
				0.956,
				-4,
				1.178,
				3,
				1.4,
				3,
				1,
				1.522,
				3,
				1.644,
				-1.675,
				1.767,
				-1.675,
				1,
				1.944,
				-1.675,
				2.122,
				-1.543,
				2.3,
				-1.245,
				1,
				2.311,
				-1.227,
				2.322,
				-1.161,
				2.333,
				-1.161,
				1,
				2.389,
				-1.161,
				2.444,
				-1.245,
				2.5,
				-1.245
			]
		},
		{
			"Target": "Parameter",
			"Id": "Param_Angle_Rotation97",
			"Segments": [
				0,
				0,
				1,
				0.056,
				0,
				0.111,
				0,
				0.167,
				0,
				1,
				0.333,
				0,
				0.5,
				0,
				0.667,
				0,
				1,
				0.889,
				0,
				1.111,
				0,
				1.333,
				0,
				1,
				1.456,
				0,
				1.578,
				0,
				1.7,
				0,
				1,
				1.9,
				0,
				2.1,
				0,
				2.3,
				0,
				1,
				2.367,
				0,
				2.433,
				0,
				2.5,
				0
			]
		},
		{
			"Target": "Parameter",
			"Id": "Param_Angle_Rotation98",
			"Segments": [
				0,
				0,
				1,
				0.056,
				0,
				0.111,
				-6,
				0.167,
				-6,
				1,
				0.333,
				-6,
				0.5,
				5,
				0.667,
				5,
				1,
				0.889,
				5,
				1.111,
				-3,
				1.333,
				-3,
				1,
				1.456,
				-3,
				1.578,
				2,
				1.7,
				2,
				1,
				1.9,
				2,
				2.1,
				1.315,
				2.3,
				0,
				1,
				2.311,
				-0.073,
				2.322,
				-0.088,
				2.333,
				-0.088,
				1,
				2.389,
				-0.088,
				2.444,
				0,
				2.5,
				0
			]
		},
		{
			"Target": "Parameter",
			"Id": "Param_Angle_Rotation99",
			"Segments": [
				0,
				2.057,
				1,
				0.078,
				2.057,
				0.156,
				-6,
				0.233,
				-6,
				1,
				0.4,
				-6,
				0.567,
				5,
				0.733,
				5,
				1,
				0.956,
				5,
				1.178,
				-3,
				1.4,
				-3,
				1,
				1.522,
				-3,
				1.644,
				1.957,
				1.767,
				2,
				1,
				1.944,
				2.063,
				2.122,
				2.057,
				2.3,
				2.057,
				1,
				2.311,
				2.057,
				2.322,
				1.951,
				2.333,
				1.951,
				1,
				2.389,
				1.951,
				2.444,
				2.057,
				2.5,
				2.057
			]
		},
		{
			"Target": "Parameter",
			"Id": "Param_Angle_Rotation100",
			"Segments": [
				0,
				-1,
				1,
				0.056,
				-1.287,
				0.111,
				-30,
				0.167,
				-30,
				1,
				0.333,
				-30,
				0.5,
				9,
				0.667,
				9,
				1,
				0.889,
				9,
				1.111,
				-6,
				1.333,
				-6,
				1,
				1.456,
				-6,
				1.578,
				8,
				1.7,
				8,
				1,
				1.9,
				8,
				2.1,
				-1,
				2.3,
				-1,
				1,
				2.311,
				-1,
				2.322,
				-0.824,
				2.333,
				-0.824,
				1,
				2.389,
				-0.824,
				2.444,
				-1,
				2.5,
				-1
			]
		},
		{
			"Target": "Parameter",
			"Id": "Param_Angle_Rotation101",
			"Segments": [
				0,
				-1,
				1,
				0.056,
				-1.287,
				0.111,
				-14,
				0.167,
				-14,
				1,
				0.333,
				-14,
				0.5,
				9,
				0.667,
				9,
				1,
				0.889,
				9,
				1.111,
				-6,
				1.333,
				-6,
				1,
				1.456,
				-6,
				1.578,
				4.2,
				1.7,
				4.2,
				1,
				1.9,
				4.2,
				2.1,
				-1,
				2.3,
				-1,
				1,
				2.311,
				-1,
				2.322,
				-0.824,
				2.333,
				-0.824,
				1,
				2.389,
				-0.824,
				2.444,
				-1,
				2.5,
				-1
			]
		},
		{
			"Target": "Parameter",
			"Id": "Param_Angle_Rotation102",
			"Segments": [
				0,
				-2.145,
				1,
				0.078,
				-2.415,
				0.156,
				-14,
				0.233,
				-14,
				1,
				0.4,
				-14,
				0.567,
				9,
				0.733,
				9,
				1,
				0.956,
				9,
				1.178,
				-6,
				1.4,
				-6,
				1,
				1.522,
				-6,
				1.644,
				4.56,
				1.767,
				4.56,
				1,
				1.944,
				4.56,
				2.122,
				-2.145,
				2.3,
				-2.145,
				1,
				2.311,
				-2.145,
				2.322,
				-1.925,
				2.333,
				-1.925,
				1,
				2.389,
				-1.925,
				2.444,
				-2.145,
				2.5,
				-2.145
			]
		},
		{
			"Target": "Parameter",
			"Id": "Param_Angle_Rotation24",
			"Segments": [
				0,
				0,
				1,
				0.056,
				0,
				0.111,
				0,
				0.167,
				0,
				1,
				0.333,
				0,
				0.5,
				0,
				0.667,
				0,
				1,
				0.889,
				0,
				1.111,
				0,
				1.333,
				0,
				1,
				1.456,
				0,
				1.578,
				0,
				1.7,
				0,
				1,
				1.9,
				0,
				2.1,
				0,
				2.3,
				0,
				1,
				2.367,
				0,
				2.433,
				0,
				2.5,
				0
			]
		},
		{
			"Target": "Parameter",
			"Id": "Param_Angle_Rotation25",
			"Segments": [
				0,
				0,
				1,
				0.056,
				0,
				0.111,
				0,
				0.167,
				0,
				1,
				0.333,
				0,
				0.5,
				0,
				0.667,
				0,
				1,
				0.889,
				0,
				1.111,
				0,
				1.333,
				0,
				1,
				1.456,
				0,
				1.578,
				0,
				1.7,
				0,
				1,
				1.9,
				0,
				2.1,
				0,
				2.3,
				0,
				1,
				2.311,
				0,
				2.322,
				0.044,
				2.333,
				0.044,
				1,
				2.389,
				0.044,
				2.444,
				0,
				2.5,
				0
			]
		},
		{
			"Target": "Parameter",
			"Id": "Param_Angle_Rotation26",
			"Segments": [
				0,
				-0.656,
				1,
				0.056,
				-0.656,
				0.111,
				6,
				0.167,
				6,
				1,
				0.333,
				6,
				0.5,
				-5,
				0.667,
				-5,
				1,
				0.889,
				-5,
				1.111,
				3,
				1.333,
				3,
				1,
				1.456,
				3,
				1.578,
				-1.785,
				1.7,
				-1.785,
				1,
				1.9,
				-1.785,
				2.1,
				-1.42,
				2.3,
				-0.656,
				1,
				2.311,
				-0.613,
				2.322,
				-0.569,
				2.333,
				-0.569,
				1,
				2.389,
				-0.569,
				2.444,
				-0.656,
				2.5,
				-0.656
			]
		},
		{
			"Target": "Parameter",
			"Id": "Param_Angle_Rotation55",
			"Segments": [
				0,
				-1.245,
				1,
				0.078,
				-1.245,
				0.156,
				5,
				0.233,
				5,
				1,
				0.4,
				5,
				0.567,
				-3.328,
				0.733,
				-3.328,
				1,
				0.956,
				-3.328,
				1.178,
				2,
				1.4,
				2,
				1,
				1.522,
				2,
				1.644,
				-2.479,
				1.767,
				-2.479,
				1,
				1.944,
				-2.479,
				2.122,
				-2.072,
				2.3,
				-1.245,
				1,
				2.311,
				-1.194,
				2.322,
				-1.161,
				2.333,
				-1.161,
				1,
				2.389,
				-1.161,
				2.444,
				-1.245,
				2.5,
				-1.245
			]
		},
		{
			"Target": "Parameter",
			"Id": "Param_Angle_Rotation21",
			"Segments": [
				0,
				0,
				1,
				0.056,
				0,
				0.111,
				0,
				0.167,
				0,
				1,
				0.333,
				0,
				0.5,
				0,
				0.667,
				0,
				1,
				0.889,
				0,
				1.111,
				0,
				1.333,
				0,
				1,
				1.456,
				0,
				1.578,
				0,
				1.7,
				0,
				1,
				1.9,
				0,
				2.1,
				0,
				2.3,
				0,
				1,
				2.367,
				0,
				2.433,
				0,
				2.5,
				0
			]
		},
		{
			"Target": "Parameter",
			"Id": "Param_Angle_Rotation22",
			"Segments": [
				0,
				-0.049,
				1,
				0.056,
				-0.049,
				0.111,
				-2,
				0.167,
				-2,
				1,
				0.333,
				-2,
				0.5,
				2,
				0.667,
				2,
				1,
				0.889,
				2,
				1.111,
				-1,
				1.333,
				-1,
				1,
				1.456,
				-1,
				1.578,
				0.785,
				1.7,
				0.785,
				1,
				1.9,
				0.785,
				2.1,
				0.521,
				2.3,
				-0.049,
				1,
				2.311,
				-0.08,
				2.322,
				-0.137,
				2.333,
				-0.137,
				1,
				2.389,
				-0.137,
				2.444,
				0,
				2.5,
				0
			]
		},
		{
			"Target": "Parameter",
			"Id": "Param_Angle_Rotation23",
			"Segments": [
				0,
				0.056,
				1,
				0.078,
				0.056,
				0.156,
				-5,
				0.233,
				-5,
				1,
				0.4,
				-5,
				0.567,
				4,
				0.733,
				4,
				1,
				0.956,
				4,
				1.178,
				-3,
				1.4,
				-3,
				1,
				1.522,
				-3,
				1.644,
				1,
				1.767,
				1,
				1,
				1.944,
				1,
				2.122,
				0.697,
				2.3,
				0.056,
				1,
				2.311,
				0.016,
				2.322,
				-0.028,
				2.333,
				-0.028,
				1,
				2.389,
				-0.028,
				2.444,
				0.328,
				2.5,
				0.328
			]
		},
		{
			"Target": "Parameter",
			"Id": "Param_Angle_Rotation57",
			"Segments": [
				0,
				0.608,
				1,
				0.078,
				0.608,
				0.156,
				-5,
				0.233,
				-5,
				1,
				0.4,
				-5,
				0.567,
				4,
				0.733,
				4,
				1,
				0.956,
				4,
				1.178,
				-3,
				1.4,
				-3,
				1,
				1.522,
				-3,
				1.644,
				1.664,
				1.767,
				1.664,
				1,
				1.944,
				1.664,
				2.122,
				1.322,
				2.3,
				0.608,
				1,
				2.311,
				0.563,
				2.322,
				0.522,
				2.333,
				0.522,
				1,
				2.389,
				0.522,
				2.444,
				0.608,
				2.5,
				0.608
			]
		},
		{
			"Target": "Parameter",
			"Id": "Param_Angle_Rotation42",
			"Segments": [
				0,
				0,
				1,
				0.078,
				0,
				0.156,
				0,
				0.233,
				0,
				1,
				0.4,
				0,
				0.567,
				0,
				0.733,
				0,
				1,
				0.956,
				0,
				1.178,
				0,
				1.4,
				0,
				1,
				1.522,
				0,
				1.644,
				0,
				1.767,
				0,
				1,
				1.944,
				0,
				2.122,
				0,
				2.3,
				0,
				1,
				2.367,
				0,
				2.433,
				0,
				2.5,
				0
			]
		},
		{
			"Target": "Parameter",
			"Id": "Param_Angle_Rotation43",
			"Segments": [
				0,
				0.166,
				1,
				0.078,
				0.166,
				0.156,
				-8,
				0.233,
				-8,
				1,
				0.4,
				-8,
				0.567,
				4,
				0.733,
				4,
				1,
				0.956,
				4,
				1.178,
				-3,
				1.4,
				-3,
				1,
				1.522,
				-3,
				1.644,
				2,
				1.767,
				2,
				1,
				1.944,
				2,
				2.122,
				1.29,
				2.3,
				0.166,
				1,
				2.311,
				0.096,
				2.322,
				0.12,
				2.333,
				0.12,
				1,
				2.389,
				0.12,
				2.444,
				0.166,
				2.5,
				0.166
			]
		},
		{
			"Target": "Parameter",
			"Id": "Param_Angle_Rotation44",
			"Segments": [
				0,
				0.963,
				1,
				0.1,
				0.963,
				0.2,
				-6,
				0.3,
				-6,
				1,
				0.467,
				-6,
				0.633,
				4,
				0.8,
				4,
				1,
				1.022,
				4,
				1.244,
				-3,
				1.467,
				-3,
				1,
				1.589,
				-3,
				1.711,
				2,
				1.833,
				2,
				1,
				1.989,
				2,
				2.144,
				1.666,
				2.3,
				0.963,
				1,
				2.311,
				0.913,
				2.322,
				0.866,
				2.333,
				0.866,
				1,
				2.389,
				0.866,
				2.444,
				0.963,
				2.5,
				0.963
			]
		},
		{
			"Target": "Parameter",
			"Id": "Param_Angle_Rotation53",
			"Segments": [
				0,
				1.135,
				1,
				0.1,
				1.135,
				0.2,
				-6,
				0.3,
				-6,
				1,
				0.467,
				-6,
				0.633,
				4,
				0.8,
				4,
				1,
				1.022,
				4,
				1.244,
				-4,
				1.467,
				-4,
				1,
				1.589,
				-4,
				1.711,
				2.566,
				1.833,
				2.566,
				1,
				1.989,
				2.566,
				2.144,
				2.078,
				2.3,
				1.135,
				1,
				2.311,
				1.068,
				2.322,
				1.048,
				2.333,
				1.048,
				1,
				2.389,
				1.048,
				2.444,
				1.135,
				2.5,
				1.135
			]
		},
		{
			"Target": "Parameter",
			"Id": "Param_Angle_Rotation45",
			"Segments": [
				0,
				-0.166,
				1,
				0.078,
				-0.166,
				0.156,
				-0.166,
				0.233,
				-0.166,
				1,
				0.4,
				-0.166,
				0.567,
				-0.166,
				0.733,
				-0.166,
				1,
				0.956,
				-0.166,
				1.178,
				-0.166,
				1.4,
				-0.166,
				1,
				1.522,
				-0.166,
				1.644,
				-0.166,
				1.767,
				-0.166,
				1,
				1.944,
				-0.166,
				2.122,
				-0.166,
				2.3,
				-0.166,
				1,
				2.311,
				-0.166,
				2.322,
				-0.122,
				2.333,
				-0.122,
				1,
				2.389,
				-0.122,
				2.444,
				-0.166,
				2.5,
				-0.166
			]
		},
		{
			"Target": "Parameter",
			"Id": "Param_Angle_Rotation46",
			"Segments": [
				0,
				-0.166,
				1,
				0.078,
				-0.166,
				0.156,
				7,
				0.233,
				7,
				1,
				0.4,
				7,
				0.567,
				-5,
				0.733,
				-5,
				1,
				0.956,
				-5,
				1.178,
				3,
				1.4,
				3,
				1,
				1.522,
				3,
				1.644,
				-2,
				1.767,
				-2,
				1,
				1.944,
				-2,
				2.122,
				-1.282,
				2.3,
				-0.166,
				1,
				2.311,
				-0.097,
				2.322,
				-0.122,
				2.333,
				-0.122,
				1,
				2.389,
				-0.122,
				2.444,
				-0.166,
				2.5,
				-0.166
			]
		},
		{
			"Target": "Parameter",
			"Id": "Param_Angle_Rotation47",
			"Segments": [
				0,
				-0.963,
				1,
				0.1,
				-0.963,
				0.2,
				5,
				0.3,
				5,
				1,
				0.467,
				5,
				0.633,
				-4,
				0.8,
				-4,
				1,
				1.022,
				-4,
				1.244,
				3,
				1.467,
				3,
				1,
				1.589,
				3,
				1.711,
				-2,
				1.833,
				-2,
				1,
				1.989,
				-2,
				2.144,
				-1.661,
				2.3,
				-0.963,
				1,
				2.311,
				-0.914,
				2.322,
				-0.878,
				2.333,
				-0.878,
				1,
				2.389,
				-0.878,
				2.444,
				-0.963,
				2.5,
				-0.963
			]
		},
		{
			"Target": "Parameter",
			"Id": "Param_Angle_Rotation54",
			"Segments": [
				0,
				-1.327,
				1,
				0.1,
				-1.327,
				0.2,
				4,
				0.3,
				4,
				1,
				0.467,
				4,
				0.633,
				-4,
				0.8,
				-4,
				1,
				1.022,
				-4,
				1.244,
				3,
				1.467,
				3,
				1,
				1.589,
				3,
				1.711,
				-3,
				1.833,
				-3,
				1,
				1.989,
				-3,
				2.144,
				-2.414,
				2.3,
				-1.327,
				1,
				2.311,
				-1.249,
				2.322,
				-1.241,
				2.333,
				-1.241,
				1,
				2.389,
				-1.241,
				2.444,
				-1.327,
				2.5,
				-1.327
			]
		},
		{
			"Target": "Parameter",
			"Id": "Param_Angle_Rotation11",
			"Segments": [
				0,
				0,
				1,
				0.078,
				0,
				0.156,
				0,
				0.233,
				0,
				1,
				0.4,
				0,
				0.567,
				0,
				0.733,
				0,
				1,
				0.956,
				0,
				1.178,
				0,
				1.4,
				0,
				1,
				1.522,
				0,
				1.644,
				0,
				1.767,
				0,
				1,
				1.944,
				0,
				2.122,
				0,
				2.3,
				0,
				1,
				2.367,
				0,
				2.433,
				0,
				2.5,
				0
			]
		},
		{
			"Target": "Parameter",
			"Id": "Param_Angle_Rotation12",
			"Segments": [
				0,
				0.328,
				1,
				0.078,
				0.328,
				0.156,
				-9,
				0.233,
				-9,
				1,
				0.4,
				-9,
				0.567,
				4,
				0.733,
				4,
				1,
				0.956,
				4,
				1.178,
				-2.16,
				1.4,
				-2.16,
				1,
				1.522,
				-2.16,
				1.644,
				2,
				1.767,
				2,
				1,
				1.811,
				2,
				1.856,
				1.852,
				1.9,
				1.69,
				1,
				2.033,
				1.203,
				2.167,
				0.771,
				2.3,
				0.328,
				1,
				2.311,
				0.291,
				2.322,
				0.284,
				2.333,
				0.284,
				1,
				2.389,
				0.284,
				2.444,
				0.328,
				2.5,
				0.328
			]
		},
		{
			"Target": "Parameter",
			"Id": "Param_Angle_Rotation13",
			"Segments": [
				0,
				1.245,
				1,
				0.078,
				1.245,
				0.156,
				-3,
				0.233,
				-3,
				1,
				0.422,
				-3,
				0.611,
				4,
				0.8,
				4,
				1,
				1.022,
				4,
				1.244,
				-2,
				1.467,
				-2,
				1,
				1.589,
				-2,
				1.711,
				2,
				1.833,
				2,
				1,
				1.856,
				2,
				1.878,
				2.012,
				1.9,
				1.98,
				1,
				2.033,
				1.791,
				2.167,
				1.504,
				2.3,
				1.245,
				1,
				2.311,
				1.224,
				2.322,
				1.147,
				2.333,
				1.147,
				1,
				2.389,
				1.147,
				2.444,
				1.245,
				2.5,
				1.245
			]
		},
		{
			"Target": "Parameter",
			"Id": "Param_Angle_Rotation14",
			"Segments": [
				0,
				1.223,
				1,
				0.078,
				1.223,
				0.156,
				-3,
				0.233,
				-3,
				1,
				0.444,
				-3,
				0.656,
				4,
				0.867,
				4,
				1,
				1.089,
				4,
				1.311,
				0,
				1.533,
				0,
				1,
				1.656,
				0,
				1.778,
				1.76,
				1.9,
				1.76,
				1,
				2.033,
				1.76,
				2.167,
				1.595,
				2.3,
				1.223,
				1,
				2.311,
				1.192,
				2.322,
				1.135,
				2.333,
				1.135,
				1,
				2.389,
				1.135,
				2.444,
				1.223,
				2.5,
				1.223
			]
		},
		{
			"Target": "Parameter",
			"Id": "Param_Angle_Rotation56",
			"Segments": [
				0,
				1.463,
				1,
				0.078,
				1.463,
				0.156,
				-5.76,
				0.233,
				-5.76,
				1,
				0.444,
				-5.76,
				0.656,
				5,
				0.867,
				5,
				1,
				1.089,
				5,
				1.311,
				1,
				1.533,
				1,
				1,
				1.656,
				1,
				1.778,
				2,
				1.9,
				2,
				1,
				2.033,
				2,
				2.167,
				1.835,
				2.3,
				1.463,
				1,
				2.311,
				1.432,
				2.322,
				1.375,
				2.333,
				1.375,
				1,
				2.389,
				1.375,
				2.444,
				1.463,
				2.5,
				1.463
			]
		},
		{
			"Target": "Parameter",
			"Id": "Param_Angle_Rotation7",
			"Segments": [
				0,
				0.656,
				1,
				0.078,
				0.656,
				0.156,
				-9,
				0.233,
				-9,
				1,
				0.4,
				-9,
				0.567,
				14,
				0.733,
				14,
				1,
				0.956,
				14,
				1.178,
				0.98,
				1.4,
				0.98,
				1,
				1.522,
				0.98,
				1.644,
				3.299,
				1.767,
				3.299,
				1,
				1.9,
				3.299,
				2.033,
				2.226,
				2.167,
				0.656,
				1,
				2.178,
				0.525,
				2.189,
				0.569,
				2.2,
				0.569,
				1,
				2.3,
				0.569,
				2.4,
				0.656,
				2.5,
				0.656
			]
		},
		{
			"Target": "Parameter",
			"Id": "Param_Angle_Rotation8",
			"Segments": [
				0,
				0.656,
				1,
				0.078,
				0.656,
				0.156,
				-9,
				0.233,
				-9,
				1,
				0.4,
				-9,
				0.567,
				9,
				0.733,
				9,
				1,
				0.956,
				9,
				1.178,
				0,
				1.4,
				0,
				1,
				1.522,
				0,
				1.644,
				6.86,
				1.767,
				6.86,
				1,
				1.9,
				6.86,
				2.033,
				3.544,
				2.167,
				0.656,
				1,
				2.178,
				0.415,
				2.189,
				0.569,
				2.2,
				0.569,
				1,
				2.3,
				0.569,
				2.4,
				0.656,
				2.5,
				0.656
			]
		},
		{
			"Target": "Parameter",
			"Id": "Param_Angle_Rotation9",
			"Segments": [
				0,
				1.25,
				1,
				0.078,
				1.25,
				0.156,
				0,
				0.233,
				0,
				1,
				0.422,
				0,
				0.611,
				5,
				0.8,
				5,
				1,
				1.022,
				5,
				1.244,
				0,
				1.467,
				0,
				1,
				1.589,
				0,
				1.711,
				0,
				1.833,
				0,
				1,
				1.944,
				0,
				2.056,
				1.245,
				2.167,
				1.245,
				1,
				2.178,
				1.245,
				2.189,
				1.161,
				2.2,
				1.161,
				1,
				2.3,
				1.161,
				2.4,
				1.245,
				2.5,
				1.245
			]
		},
		{
			"Target": "Parameter",
			"Id": "Param_Angle_Rotation10",
			"Segments": [
				0,
				1.283,
				1,
				0.078,
				1.283,
				0.156,
				1.283,
				0.233,
				1.283,
				1,
				0.444,
				1.283,
				0.656,
				1.283,
				0.867,
				1.283,
				1,
				1.089,
				1.283,
				1.311,
				1.283,
				1.533,
				1.283,
				1,
				1.656,
				1.283,
				1.778,
				1.283,
				1.9,
				1.283,
				1,
				1.989,
				1.283,
				2.078,
				1.283,
				2.167,
				1.283,
				1,
				2.178,
				1.283,
				2.189,
				1.194,
				2.2,
				1.194,
				1,
				2.3,
				1.194,
				2.4,
				1.283,
				2.5,
				1.283
			]
		},
		{
			"Target": "Parameter",
			"Id": "Param_Angle_Rotation52",
			"Segments": [
				0,
				1.281,
				1,
				0.078,
				1.281,
				0.156,
				1.281,
				0.233,
				1.281,
				1,
				0.444,
				1.281,
				0.656,
				1.281,
				0.867,
				1.281,
				1,
				1.089,
				1.281,
				1.311,
				1.281,
				1.533,
				1.281,
				1,
				1.656,
				1.281,
				1.778,
				1.281,
				1.9,
				1.281,
				1,
				1.989,
				1.281,
				2.078,
				1.281,
				2.167,
				1.281,
				1,
				2.178,
				1.281,
				2.189,
				1.194,
				2.2,
				1.194,
				1,
				2.3,
				1.194,
				2.4,
				1.281,
				2.5,
				1.281
			]
		}
	]
}