{
	"Version": 3,
	"Parameters": [
		{
			"Id": "ParamEff1",
			"GroupId": "ParamGroup",
			"Name": "エフェクト1"
		},
		{
			"Id": "ParamEff2",
			"GroupId": "ParamGroup",
			"Name": "エフェクト2"
		},
		{
			"Id": "ParamEff3",
			"GroupId": "ParamGroup",
			"Name": "エフェクト3"
		},
		{
			"Id": "ParamEff4",
			"GroupId": "ParamGroup",
			"Name": "エフェクト4"
		},
		{
			"Id": "ParamEff5",
			"GroupId": "ParamGroup",
			"Name": "エフェクト5"
		},
		{
			"Id": "ParamEff6",
			"GroupId": "ParamGroup",
			"Name": "エフェクト6"
		},
		{
			"Id": "ParamEff7",
			"GroupId": "ParamGroup",
			"Name": "エフェクト7"
		},
		{
			"Id": "ParamEff8",
			"GroupId": "ParamGroup",
			"Name": "エフェクト8"
		},
		{
			"Id": "ParamEff9",
			"GroupId": "ParamGroup",
			"Name": "エフェクト9"
		},
		{
			"Id": "ParamEff10",
			"GroupId": "ParamGroup",
			"Name": "エフェクト10"
		},
		{
			"Id": "ParamEff11",
			"GroupId": "ParamGroup",
			"Name": "エフェクト11"
		},
		{
			"Id": "ParamEff12",
			"GroupId": "ParamGroup",
			"Name": "エフェクト12"
		},
		{
			"Id": "ParamEff13",
			"GroupId": "ParamGroup",
			"Name": "エフェクト13"
		},
		{
			"Id": "ParamEff14",
			"GroupId": "ParamGroup",
			"Name": "エフェクト14"
		},
		{
			"Id": "ParamEff15",
			"GroupId": "ParamGroup",
			"Name": "エフェクト15"
		},
		{
			"Id": "ParamEff16",
			"GroupId": "ParamGroup",
			"Name": "エフェクト16"
		},
		{
			"Id": "ParamEff17",
			"GroupId": "ParamGroup",
			"Name": "エフェクト17"
		},
		{
			"Id": "ParamEff18",
			"GroupId": "ParamGroup",
			"Name": "エフェクト18"
		},
		{
			"Id": "ParamEff19",
			"GroupId": "ParamGroup",
			"Name": "エフェクト19"
		},
		{
			"Id": "ParamEff20",
			"GroupId": "ParamGroup",
			"Name": "エフェクト20"
		},
		{
			"Id": "ParamEff21",
			"GroupId": "ParamGroup",
			"Name": "エフェクト21"
		},
		{
			"Id": "ParamEff22",
			"GroupId": "ParamGroup",
			"Name": "エフェクト22"
		},
		{
			"Id": "ParamEff23",
			"GroupId": "ParamGroup",
			"Name": "エフェクト23"
		},
		{
			"Id": "ParamEff24",
			"GroupId": "ParamGroup",
			"Name": "エフェクト24"
		},
		{
			"Id": "ParamEff25",
			"GroupId": "ParamGroup",
			"Name": "エフェクト25"
		},
		{
			"Id": "ParamEff26",
			"GroupId": "ParamGroup",
			"Name": "エフェクト26"
		},
		{
			"Id": "ParamEff27",
			"GroupId": "ParamGroup",
			"Name": "エフェクト27"
		},
		{
			"Id": "ParamEff28",
			"GroupId": "ParamGroup",
			"Name": "エフェクト28"
		},
		{
			"Id": "ParamEff29",
			"GroupId": "ParamGroup",
			"Name": "エフェクト29"
		},
		{
			"Id": "ParamEff30",
			"GroupId": "ParamGroup",
			"Name": "エフェクト30"
		},
		{
			"Id": "ParamEff31",
			"GroupId": "ParamGroup",
			"Name": "エフェクト31"
		},
		{
			"Id": "ParamEff32",
			"GroupId": "ParamGroup",
			"Name": "エフェクト32"
		},
		{
			"Id": "ParamEff33",
			"GroupId": "ParamGroup",
			"Name": "エフェクト33"
		},
		{
			"Id": "ParamEff34",
			"GroupId": "ParamGroup",
			"Name": "エフェクト34"
		},
		{
			"Id": "ParamEff35",
			"GroupId": "ParamGroup",
			"Name": "エフェクト35"
		},
		{
			"Id": "ParamEff36",
			"GroupId": "ParamGroup",
			"Name": "エフェクト36"
		},
		{
			"Id": "ParamEff37",
			"GroupId": "ParamGroup",
			"Name": "エフェクト37"
		},
		{
			"Id": "ParamEff38",
			"GroupId": "ParamGroup",
			"Name": "エフェクト38"
		},
		{
			"Id": "ParamEff39",
			"GroupId": "ParamGroup",
			"Name": "エフェクト39"
		},
		{
			"Id": "ParamEff40",
			"GroupId": "ParamGroup",
			"Name": "エフェクト40"
		},
		{
			"Id": "ParamPachi",
			"GroupId": "ParamGroup2",
			"Name": "目パチ"
		},
		{
			"Id": "ParamEyeRL",
			"GroupId": "ParamGroup2",
			"Name": "目Hi左右"
		},
		{
			"Id": "ParamEyeUD",
			"GroupId": "ParamGroup2",
			"Name": "目Hi上下"
		},
		{
			"Id": "ParamEyeBS",
			"GroupId": "ParamGroup2",
			"Name": "目Hi大小"
		},
		{
			"Id": "Param19",
			"GroupId": "ParamGroup2",
			"Name": "胸4"
		},
		{
			"Id": "Param18",
			"GroupId": "ParamGroup2",
			"Name": "胸3"
		},
		{
			"Id": "Param25",
			"GroupId": "ParamGroup2",
			"Name": "胸2"
		},
		{
			"Id": "Param24",
			"GroupId": "ParamGroup2",
			"Name": "胸"
		},
		{
			"Id": "ParamPaiRX",
			"GroupId": "ParamGroup2",
			"Name": "左胸X"
		},
		{
			"Id": "ParamPaiRY",
			"GroupId": "ParamGroup2",
			"Name": "左胸Y"
		},
		{
			"Id": "ParamPaiLX",
			"GroupId": "ParamGroup2",
			"Name": "左胸X2"
		},
		{
			"Id": "ParamPaiLY",
			"GroupId": "ParamGroup2",
			"Name": "左胸Y2"
		},
		{
			"Id": "ParamPaiRX2",
			"GroupId": "ParamGroup2",
			"Name": "右胸X"
		},
		{
			"Id": "ParamPaiRY2",
			"GroupId": "ParamGroup2",
			"Name": "右胸Y"
		},
		{
			"Id": "ParamPaiLX2",
			"GroupId": "ParamGroup2",
			"Name": "右胸 X2"
		},
		{
			"Id": "ParamPaiLY2",
			"GroupId": "ParamGroup2",
			"Name": "右胸 Y2"
		},
		{
			"Id": "Param23",
			"GroupId": "ParamGroup2",
			"Name": "左X"
		},
		{
			"Id": "ParamAngleX",
			"GroupId": "ParamGroup3",
			"Name": "角度 X"
		},
		{
			"Id": "ParamAngleY",
			"GroupId": "ParamGroup3",
			"Name": "角度 Y"
		},
		{
			"Id": "ParamAngleZ",
			"GroupId": "ParamGroup3",
			"Name": "角度 Z"
		},
		{
			"Id": "ParamEyeLOpen",
			"GroupId": "ParamGroup3",
			"Name": "左目　開閉"
		},
		{
			"Id": "ParamEyeLSmile",
			"GroupId": "ParamGroup3",
			"Name": "左目　笑顔"
		},
		{
			"Id": "ParamEyeROpen",
			"GroupId": "ParamGroup3",
			"Name": "右目　開閉"
		},
		{
			"Id": "ParamEyeRSmile",
			"GroupId": "ParamGroup3",
			"Name": "右目　笑顔"
		},
		{
			"Id": "ParamEyeBallX",
			"GroupId": "ParamGroup3",
			"Name": "目玉 X"
		},
		{
			"Id": "ParamEyeBallY",
			"GroupId": "ParamGroup3",
			"Name": "目玉 Y"
		},
		{
			"Id": "ParamBrowLY",
			"GroupId": "ParamGroup3",
			"Name": "左眉　上下"
		},
		{
			"Id": "ParamBrowRY",
			"GroupId": "ParamGroup3",
			"Name": "右眉　上下"
		},
		{
			"Id": "ParamBrowLX",
			"GroupId": "ParamGroup3",
			"Name": "左眉　左右"
		},
		{
			"Id": "ParamBrowRX",
			"GroupId": "ParamGroup3",
			"Name": "右眉　左右"
		},
		{
			"Id": "ParamBrowLAngle",
			"GroupId": "ParamGroup3",
			"Name": "左眉　角度"
		},
		{
			"Id": "ParamBrowRAngle",
			"GroupId": "ParamGroup3",
			"Name": "右眉　角度"
		},
		{
			"Id": "ParamBrowLForm",
			"GroupId": "ParamGroup3",
			"Name": "左眉　変形"
		},
		{
			"Id": "ParamBrowRForm",
			"GroupId": "ParamGroup3",
			"Name": "右眉　変形"
		},
		{
			"Id": "ParamMouthForm",
			"GroupId": "ParamGroup3",
			"Name": "口　変形"
		},
		{
			"Id": "ParamMouthOpenY",
			"GroupId": "ParamGroup3",
			"Name": "口　開閉"
		},
		{
			"Id": "ParamCheek",
			"GroupId": "ParamGroup3",
			"Name": "照れ"
		},
		{
			"Id": "ParamBodyAngleX",
			"GroupId": "ParamGroup3",
			"Name": "体の回転　X"
		},
		{
			"Id": "ParamBodyAngleY",
			"GroupId": "ParamGroup3",
			"Name": "体の回転　Y"
		},
		{
			"Id": "ParamBodyAngleZ",
			"GroupId": "ParamGroup3",
			"Name": "体の回転　Z"
		},
		{
			"Id": "ParamBreat",
			"GroupId": "ParamGroup3",
			"Name": "呼吸"
		},
		{
			"Id": "Param14",
			"GroupId": "ParamGroup4",
			"Name": "鈴"
		},
		{
			"Id": "Param12",
			"GroupId": "ParamGroup4",
			"Name": "左りぼん"
		},
		{
			"Id": "Param13",
			"GroupId": "ParamGroup4",
			"Name": "右りぼん"
		},
		{
			"Id": "Param15",
			"GroupId": "ParamGroup4",
			"Name": "水着ふり上"
		},
		{
			"Id": "Param16",
			"GroupId": "ParamGroup4",
			"Name": "水着ふり下"
		},
		{
			"Id": "Param9",
			"GroupId": "ParamGroup17",
			"Name": "左二の腕"
		},
		{
			"Id": "Param10",
			"GroupId": "ParamGroup17",
			"Name": "左腕"
		},
		{
			"Id": "Param4",
			"GroupId": "ParamGroup17",
			"Name": "バケツ"
		},
		{
			"Id": "Param17",
			"GroupId": "ParamGroup17",
			"Name": "バケツ2"
		},
		{
			"Id": "Param5",
			"GroupId": "ParamGroup20",
			"Name": "右二の腕"
		},
		{
			"Id": "Param6",
			"GroupId": "ParamGroup20",
			"Name": "右腕"
		},
		{
			"Id": "Param7",
			"GroupId": "ParamGroup20",
			"Name": "右手"
		},
		{
			"Id": "Param3",
			"GroupId": "ParamGroup20",
			"Name": "右手指"
		},
		{
			"Id": "ParamLegR1",
			"GroupId": "ParamGroup19",
			"Name": "左太もも"
		},
		{
			"Id": "ParamLegR2",
			"GroupId": "ParamGroup19",
			"Name": "左足"
		},
		{
			"Id": "Param2",
			"GroupId": "ParamGroup19",
			"Name": "左足つま先回転"
		},
		{
			"Id": "Param",
			"GroupId": "ParamGroup19",
			"Name": "左足つま先"
		},
		{
			"Id": "ParamLegL1",
			"GroupId": "ParamGroup18",
			"Name": "右太もも"
		},
		{
			"Id": "ParamLegL2",
			"GroupId": "ParamGroup18",
			"Name": "右足"
		},
		{
			"Id": "Param11",
			"GroupId": "ParamGroup18",
			"Name": "右足つま先回転"
		},
		{
			"Id": "Param8",
			"GroupId": "ParamGroup18",
			"Name": "右足つま先"
		},
		{
			"Id": "Param_Angle_Rotation15",
			"GroupId": "ParamGroup7",
			"Name": "[0]左髪1"
		},
		{
			"Id": "Param_Angle_Rotation16",
			"GroupId": "ParamGroup7",
			"Name": "[1]左髪1"
		},
		{
			"Id": "Param_Angle_Rotation17",
			"GroupId": "ParamGroup7",
			"Name": "[2]左髪1"
		},
		{
			"Id": "Param_Angle_Rotation18",
			"GroupId": "ParamGroup8",
			"Name": "[0]左髪2"
		},
		{
			"Id": "Param_Angle_Rotation19",
			"GroupId": "ParamGroup8",
			"Name": "[1]左髪2"
		},
		{
			"Id": "Param_Angle_Rotation20",
			"GroupId": "ParamGroup8",
			"Name": "[2]左髪2"
		},
		{
			"Id": "Param_Angle_Rotation33",
			"GroupId": "ParamGroup12",
			"Name": "[0]左髪3"
		},
		{
			"Id": "Param_Angle_Rotation34",
			"GroupId": "ParamGroup12",
			"Name": "[1]左髪3"
		},
		{
			"Id": "Param_Angle_Rotation35",
			"GroupId": "ParamGroup12",
			"Name": "[2]左髪3"
		},
		{
			"Id": "Param_Angle_Rotation36",
			"GroupId": "ParamGroup12",
			"Name": "[3]左髪3"
		},
		{
			"Id": "Param_Angle_Rotation37",
			"GroupId": "ParamGroup13",
			"Name": "[0]左髪4"
		},
		{
			"Id": "Param_Angle_Rotation38",
			"GroupId": "ParamGroup13",
			"Name": "[1]左髪4"
		},
		{
			"Id": "Param_Angle_Rotation39",
			"GroupId": "ParamGroup13",
			"Name": "[2]左髪4"
		},
		{
			"Id": "Param_Angle_Rotation40",
			"GroupId": "ParamGroup14",
			"Name": "[0]左髪5"
		},
		{
			"Id": "Param_Angle_Rotation41",
			"GroupId": "ParamGroup14",
			"Name": "[1]左髪5"
		},
		{
			"Id": "Param_Angle_Rotation27",
			"GroupId": "ParamGroup11",
			"Name": "[0]右髪"
		},
		{
			"Id": "Param_Angle_Rotation28",
			"GroupId": "ParamGroup11",
			"Name": "[1]右髪"
		},
		{
			"Id": "Param_Angle_Rotation29",
			"GroupId": "ParamGroup11",
			"Name": "[2]右髪"
		},
		{
			"Id": "Param_Angle_Rotation30",
			"GroupId": "ParamGroup21",
			"Name": "[0]右髪2"
		},
		{
			"Id": "Param_Angle_Rotation31",
			"GroupId": "ParamGroup21",
			"Name": "[1]右髪2"
		},
		{
			"Id": "Param_Angle_Rotation32",
			"GroupId": "ParamGroup21",
			"Name": "[2]右髪2"
		},
		{
			"Id": "Param_Angle_Rotation97",
			"GroupId": "ParamGroup22",
			"Name": "[0]はね"
		},
		{
			"Id": "Param_Angle_Rotation98",
			"GroupId": "ParamGroup22",
			"Name": "[1]はね"
		},
		{
			"Id": "Param_Angle_Rotation99",
			"GroupId": "ParamGroup22",
			"Name": "[2]はね"
		},
		{
			"Id": "Param_Angle_Rotation100",
			"GroupId": "ParamGroup23",
			"Name": "[0]はね2"
		},
		{
			"Id": "Param_Angle_Rotation101",
			"GroupId": "ParamGroup23",
			"Name": "[1]はね2"
		},
		{
			"Id": "Param_Angle_Rotation102",
			"GroupId": "ParamGroup23",
			"Name": "[2]はね2"
		},
		{
			"Id": "Param_Angle_Rotation24",
			"GroupId": "ParamGroup10",
			"Name": "[0]中央髪右"
		},
		{
			"Id": "Param_Angle_Rotation25",
			"GroupId": "ParamGroup10",
			"Name": "[1]中央髪右"
		},
		{
			"Id": "Param_Angle_Rotation26",
			"GroupId": "ParamGroup10",
			"Name": "[2]中央髪右"
		},
		{
			"Id": "Param_Angle_Rotation55",
			"GroupId": "ParamGroup10",
			"Name": "[3]中央髪右"
		},
		{
			"Id": "Param_Angle_Rotation21",
			"GroupId": "ParamGroup9",
			"Name": "[0]中央髪左"
		},
		{
			"Id": "Param_Angle_Rotation22",
			"GroupId": "ParamGroup9",
			"Name": "[1]中央髪左"
		},
		{
			"Id": "Param_Angle_Rotation23",
			"GroupId": "ParamGroup9",
			"Name": "[2]中央髪左"
		},
		{
			"Id": "Param_Angle_Rotation57",
			"GroupId": "ParamGroup9",
			"Name": "[3]中央髪左"
		},
		{
			"Id": "Param_Angle_Rotation42",
			"GroupId": "ParamGroup15",
			"Name": "[0]左もみあげ"
		},
		{
			"Id": "Param_Angle_Rotation43",
			"GroupId": "ParamGroup15",
			"Name": "[1]左もみあげ"
		},
		{
			"Id": "Param_Angle_Rotation44",
			"GroupId": "ParamGroup15",
			"Name": "[2]左もみあげ"
		},
		{
			"Id": "Param_Angle_Rotation53",
			"GroupId": "ParamGroup15",
			"Name": "[3]左もみあげ"
		},
		{
			"Id": "Param_Angle_Rotation45",
			"GroupId": "ParamGroup16",
			"Name": "[0]右もみあげ"
		},
		{
			"Id": "Param_Angle_Rotation46",
			"GroupId": "ParamGroup16",
			"Name": "[1]右もみあげ"
		},
		{
			"Id": "Param_Angle_Rotation47",
			"GroupId": "ParamGroup16",
			"Name": "[2]右もみあげ"
		},
		{
			"Id": "Param_Angle_Rotation54",
			"GroupId": "ParamGroup16",
			"Name": "[3]右もみあげ"
		},
		{
			"Id": "Param_Angle_Rotation11",
			"GroupId": "ParamGroup5",
			"Name": "[0]左後ろ髪"
		},
		{
			"Id": "Param_Angle_Rotation12",
			"GroupId": "ParamGroup5",
			"Name": "[1]左後ろ髪"
		},
		{
			"Id": "Param_Angle_Rotation13",
			"GroupId": "ParamGroup5",
			"Name": "[2]左後ろ髪"
		},
		{
			"Id": "Param_Angle_Rotation14",
			"GroupId": "ParamGroup5",
			"Name": "[3]左後ろ髪"
		},
		{
			"Id": "Param_Angle_Rotation56",
			"GroupId": "ParamGroup5",
			"Name": "[4]左後ろ髪"
		},
		{
			"Id": "Param_Angle_Rotation7",
			"GroupId": "ParamGroup6",
			"Name": "[0]右後ろ髪"
		},
		{
			"Id": "Param_Angle_Rotation8",
			"GroupId": "ParamGroup6",
			"Name": "[1]右後ろ髪"
		},
		{
			"Id": "Param_Angle_Rotation9",
			"GroupId": "ParamGroup6",
			"Name": "[2]右後ろ髪"
		},
		{
			"Id": "Param_Angle_Rotation10",
			"GroupId": "ParamGroup6",
			"Name": "[3]右後ろ髪"
		},
		{
			"Id": "Param_Angle_Rotation52",
			"GroupId": "ParamGroup6",
			"Name": "[4]右後ろ髪"
		}
	],
	"ParameterGroups": [
		{
			"Id": "ParamGroup",
			"GroupId": "",
			"Name": "エフェクト"
		},
		{
			"Id": "ParamGroup2",
			"GroupId": "",
			"Name": "URLR"
		},
		{
			"Id": "ParamGroup3",
			"GroupId": "",
			"Name": "通常"
		},
		{
			"Id": "ParamGroup4",
			"GroupId": "",
			"Name": "追加"
		},
		{
			"Id": "ParamGroup17",
			"GroupId": "",
			"Name": "左手"
		},
		{
			"Id": "ParamGroup20",
			"GroupId": "",
			"Name": "右手"
		},
		{
			"Id": "ParamGroup19",
			"GroupId": "",
			"Name": "左足"
		},
		{
			"Id": "ParamGroup18",
			"GroupId": "",
			"Name": "右足"
		},
		{
			"Id": "ParamGroup7",
			"GroupId": "",
			"Name": "左髪1"
		},
		{
			"Id": "ParamGroup8",
			"GroupId": "",
			"Name": "左髪2"
		},
		{
			"Id": "ParamGroup12",
			"GroupId": "",
			"Name": "左髪3"
		},
		{
			"Id": "ParamGroup13",
			"GroupId": "",
			"Name": "左髪4"
		},
		{
			"Id": "ParamGroup14",
			"GroupId": "",
			"Name": "左髪5"
		},
		{
			"Id": "ParamGroup11",
			"GroupId": "",
			"Name": "右髪"
		},
		{
			"Id": "ParamGroup21",
			"GroupId": "",
			"Name": "右髪2"
		},
		{
			"Id": "ParamGroup22",
			"GroupId": "",
			"Name": "はね"
		},
		{
			"Id": "ParamGroup23",
			"GroupId": "",
			"Name": "はね2"
		},
		{
			"Id": "ParamGroup10",
			"GroupId": "",
			"Name": "中央髪右"
		},
		{
			"Id": "ParamGroup9",
			"GroupId": "",
			"Name": "中央髪左"
		},
		{
			"Id": "ParamGroup15",
			"GroupId": "",
			"Name": "左もみあげ"
		},
		{
			"Id": "ParamGroup16",
			"GroupId": "",
			"Name": "右もみあげ"
		},
		{
			"Id": "ParamGroup5",
			"GroupId": "",
			"Name": "左後ろ髪"
		},
		{
			"Id": "ParamGroup6",
			"GroupId": "",
			"Name": "右後ろ髪"
		}
	],
	"Parts": [
		{
			"Id": "Part22",
			"Name": "1920x1440.psd"
		},
		{
			"Id": "Part",
			"Name": "キラ"
		},
		{
			"Id": "Part19",
			"Name": "おかし飴"
		},
		{
			"Id": "Part20",
			"Name": "クッキー"
		},
		{
			"Id": "Part5",
			"Name": "首"
		},
		{
			"Id": "Part6",
			"Name": "髪"
		},
		{
			"Id": "Part7",
			"Name": "顔表情"
		},
		{
			"Id": "Part35",
			"Name": "顔影"
		},
		{
			"Id": "ArtMesh80_Skinning3",
			"Name": "右後ろ髪(スキニング)"
		},
		{
			"Id": "Part13",
			"Name": "胸"
		},
		{
			"Id": "Part14",
			"Name": "左腕"
		},
		{
			"Id": "Part15",
			"Name": "右腕"
		},
		{
			"Id": "Part16",
			"Name": "水着"
		},
		{
			"Id": "Part17",
			"Name": "足"
		},
		{
			"Id": "Part18",
			"Name": "縁光"
		},
		{
			"Id": "Part21",
			"Name": "背景"
		},
		{
			"Id": "Part2",
			"Name": "光"
		},
		{
			"Id": "Part3",
			"Name": "シャボン"
		},
		{
			"Id": "Part26",
			"Name": "キラキラ"
		},
		{
			"Id": "ArtMesh65_Skinning",
			"Name": "はね2(スキニング)"
		},
		{
			"Id": "ArtMesh66_Skinning",
			"Name": "はね(スキニング)"
		},
		{
			"Id": "ArtMesh68_Skinning2",
			"Name": "中央髪右(スキニング)"
		},
		{
			"Id": "ArtMesh69_Skinning2",
			"Name": "中央髪左(スキニング)"
		},
		{
			"Id": "ArtMesh70_Skinning",
			"Name": "左髪3(スキニング)"
		},
		{
			"Id": "ArtMesh71_Skinning",
			"Name": "左髪4(スキニング)"
		},
		{
			"Id": "ArtMesh72_Skinning",
			"Name": "左髪5(スキニング)"
		},
		{
			"Id": "ArtMesh73_Skinning",
			"Name": "左髪1(スキニング)"
		},
		{
			"Id": "ArtMesh74_Skinning",
			"Name": "左髪2(スキニング)"
		},
		{
			"Id": "ArtMesh75_Skinning2",
			"Name": "右髪(スキニング)"
		},
		{
			"Id": "ArtMesh75_Skinning",
			"Name": "右髪(スキニング)"
		},
		{
			"Id": "ArtMesh76_Skinning2",
			"Name": "右髪2(スキニング)"
		},
		{
			"Id": "ArtMesh76_Skinning",
			"Name": "右髪2(スキニング)"
		},
		{
			"Id": "ArtMesh77_Skinning3",
			"Name": "右もみあげ(スキニング)"
		},
		{
			"Id": "ArtMesh77_Skinning2",
			"Name": "右もみあげ(スキニング)"
		},
		{
			"Id": "ArtMesh77_Skinning",
			"Name": "右もみあげ(スキニング)"
		},
		{
			"Id": "ArtMesh78_Skinning2",
			"Name": "左もみあげ(スキニング)"
		},
		{
			"Id": "ArtMesh79_Skinning3",
			"Name": "左後ろ髪(スキニング)"
		},
		{
			"Id": "Part8",
			"Name": "右目"
		},
		{
			"Id": "Part10",
			"Name": "左目"
		},
		{
			"Id": "Part12",
			"Name": "口"
		},
		{
			"Id": "ArtMesh189_Skinning",
			"Name": "左髪2　影(スキニング)"
		},
		{
			"Id": "ArtMesh190_Skinning",
			"Name": "左髪1 影(スキニング)"
		},
		{
			"Id": "ArtMesh191_Skinning",
			"Name": "中央髪左　影(スキニング)"
		},
		{
			"Id": "ArtMesh192_Skinning",
			"Name": "中央髪右 影(スキニング)"
		},
		{
			"Id": "ArtMesh151_Skinning2",
			"Name": "右後ろ髪光(スキニング)"
		},
		{
			"Id": "ArtMesh152_Skinning",
			"Name": "右髪2光(スキニング)"
		},
		{
			"Id": "ArtMesh154_Skinning",
			"Name": "右髪光(スキニング)"
		},
		{
			"Id": "ArtMesh155_Skinning",
			"Name": "右もみあげ光(スキニング)"
		},
		{
			"Id": "ArtMesh176_Skinning",
			"Name": "はね2光(スキニング)"
		},
		{
			"Id": "ArtMesh177_Skinning",
			"Name": "左後ろ髪光(スキニング)"
		},
		{
			"Id": "ArtMesh178_Skinning",
			"Name": "左もみあげ光(スキニング)"
		},
		{
			"Id": "Part9",
			"Name": "右眉黒"
		},
		{
			"Id": "Part11",
			"Name": "左眉黒"
		}
	],
	"CombinedParameters": [
		[
			"ParamEyeRL",
			"ParamEyeUD"
		],
		[
			"ParamBodyAngleX",
			"ParamBodyAngleY"
		]
	]
}