{
  "Version": 3,
  "FileReferences": {
    "Moc": "HDX_Live2D_52018102.moc3",
    "Textures": [
      "texture_00.png",
      "texture_01.png",
      "texture_02.png",
      "texture_03.png",
      "texture_04.png"
    ],
    "DisplayInfo": "HDX_Live2D_52018102.cdi3.json",
    "Motions": {
      "Idle": [
        {
          "File": "animation_wait.motion3.json"
        }
      ],
      "Effect": [
        {
          "File": "animation_effect.motion3.json"
        }
      ]
    }
  },
  "Groups": [
    {
      "Target": "Parameter",
      "Name": "EyeBlink",
      "Ids": []
    },
    {
      "Target": "Parameter",
      "Name": "LipSync",
      "Ids": []
    }
  ]
}