{
	"Version": 3,
	"Parameters": [
		{
			"Id": "ParamEff1",
			"GroupId": "ParamGroup",
			"Name": "エフェクト1"
		},
		{
			"Id": "ParamEff2",
			"GroupId": "ParamGroup",
			"Name": "エフェクト2"
		},
		{
			"Id": "ParamEff3",
			"GroupId": "ParamGroup",
			"Name": "エフェクト3"
		},
		{
			"Id": "ParamEff4",
			"GroupId": "ParamGroup",
			"Name": "エフェクト4"
		},
		{
			"Id": "ParamEff5",
			"GroupId": "ParamGroup",
			"Name": "エフェクト5"
		},
		{
			"Id": "ParamEff6",
			"GroupId": "ParamGroup",
			"Name": "エフェクト6"
		},
		{
			"Id": "ParamEff7",
			"GroupId": "ParamGroup",
			"Name": "エフェクト7"
		},
		{
			"Id": "ParamEff8",
			"GroupId": "ParamGroup",
			"Name": "エフェクト8"
		},
		{
			"Id": "ParamEff9",
			"GroupId": "ParamGroup",
			"Name": "エフェクト9"
		},
		{
			"Id": "ParamEff10",
			"GroupId": "ParamGroup",
			"Name": "エフェクト10"
		},
		{
			"Id": "ParamEff11",
			"GroupId": "ParamGroup",
			"Name": "エフェクト11"
		},
		{
			"Id": "ParamEff12",
			"GroupId": "ParamGroup",
			"Name": "エフェクト12"
		},
		{
			"Id": "ParamEff13",
			"GroupId": "ParamGroup",
			"Name": "エフェクト13"
		},
		{
			"Id": "ParamEff14",
			"GroupId": "ParamGroup",
			"Name": "エフェクト14"
		},
		{
			"Id": "ParamEff15",
			"GroupId": "ParamGroup",
			"Name": "エフェクト15"
		},
		{
			"Id": "ParamEff16",
			"GroupId": "ParamGroup",
			"Name": "エフェクト16"
		},
		{
			"Id": "ParamEff17",
			"GroupId": "ParamGroup",
			"Name": "エフェクト17"
		},
		{
			"Id": "ParamEff18",
			"GroupId": "ParamGroup",
			"Name": "エフェクト18"
		},
		{
			"Id": "ParamEff19",
			"GroupId": "ParamGroup",
			"Name": "エフェクト19"
		},
		{
			"Id": "ParamEff20",
			"GroupId": "ParamGroup",
			"Name": "エフェクト20"
		},
		{
			"Id": "ParamEff21",
			"GroupId": "ParamGroup",
			"Name": "エフェクト21"
		},
		{
			"Id": "ParamEff22",
			"GroupId": "ParamGroup",
			"Name": "エフェクト22"
		},
		{
			"Id": "ParamEff23",
			"GroupId": "ParamGroup",
			"Name": "エフェクト23"
		},
		{
			"Id": "ParamEff24",
			"GroupId": "ParamGroup",
			"Name": "エフェクト24"
		},
		{
			"Id": "ParamEff25",
			"GroupId": "ParamGroup",
			"Name": "エフェクト25"
		},
		{
			"Id": "ParamEff26",
			"GroupId": "ParamGroup",
			"Name": "エフェクト26"
		},
		{
			"Id": "ParamEff27",
			"GroupId": "ParamGroup",
			"Name": "エフェクト27"
		},
		{
			"Id": "ParamEff28",
			"GroupId": "ParamGroup",
			"Name": "エフェクト28"
		},
		{
			"Id": "ParamEff29",
			"GroupId": "ParamGroup",
			"Name": "エフェクト29"
		},
		{
			"Id": "ParamEff30",
			"GroupId": "ParamGroup",
			"Name": "エフェクト30"
		},
		{
			"Id": "ParamEff31",
			"GroupId": "ParamGroup",
			"Name": "エフェクト31"
		},
		{
			"Id": "ParamEff32",
			"GroupId": "ParamGroup",
			"Name": "エフェクト32"
		},
		{
			"Id": "ParamEff33",
			"GroupId": "ParamGroup",
			"Name": "エフェクト33"
		},
		{
			"Id": "ParamPachi",
			"GroupId": "ParamGroup2",
			"Name": "目パチ"
		},
		{
			"Id": "ParamLegL1",
			"GroupId": "ParamGroup2",
			"Name": "右太もも"
		},
		{
			"Id": "ParamLegL2",
			"GroupId": "ParamGroup2",
			"Name": "右足"
		},
		{
			"Id": "ParamLegR1",
			"GroupId": "ParamGroup2",
			"Name": "左太もも"
		},
		{
			"Id": "ParamLegR2",
			"GroupId": "ParamGroup2",
			"Name": "左足"
		},
		{
			"Id": "ParamEyeRL",
			"GroupId": "ParamGroup2",
			"Name": "目Hi左右"
		},
		{
			"Id": "ParamEyeUD",
			"GroupId": "ParamGroup2",
			"Name": "目Hi上下"
		},
		{
			"Id": "ParamEyeBS",
			"GroupId": "ParamGroup2",
			"Name": "目Hi大小"
		},
		{
			"Id": "ParamPaiRY",
			"GroupId": "ParamGroup2",
			"Name": "右胸 Y"
		},
		{
			"Id": "ParamPaiRX",
			"GroupId": "ParamGroup2",
			"Name": "右胸 X"
		},
		{
			"Id": "ParamPaiRY2",
			"GroupId": "ParamGroup2",
			"Name": "右胸 Y2"
		},
		{
			"Id": "ParamPaiRX2",
			"GroupId": "ParamGroup2",
			"Name": "右胸 X2"
		},
		{
			"Id": "ParamPaiLY",
			"GroupId": "ParamGroup2",
			"Name": "左胸 Y"
		},
		{
			"Id": "ParamPaiLX",
			"GroupId": "ParamGroup2",
			"Name": "左胸 X"
		},
		{
			"Id": "ParamPaiLY2",
			"GroupId": "ParamGroup2",
			"Name": "左胸 Y2"
		},
		{
			"Id": "ParamPaiLX2",
			"GroupId": "ParamGroup2",
			"Name": "左胸 X2"
		},
		{
			"Id": "ParamBreath",
			"GroupId": "ParamGroup2",
			"Name": "呼吸"
		},
		{
			"Id": "ParamHeadDressX",
			"GroupId": "ParamGroup3",
			"Name": "ヘッドドレス X"
		},
		{
			"Id": "ParamHeadDressY",
			"GroupId": "ParamGroup3",
			"Name": "ヘッドドレス Y"
		},
		{
			"Id": "Param19",
			"GroupId": "ParamGroup3",
			"Name": "胸"
		},
		{
			"Id": "Param20",
			"GroupId": "ParamGroup3",
			"Name": "パラメータ79"
		},
		{
			"Id": "Param21",
			"GroupId": "ParamGroup3",
			"Name": "パラメータ150"
		},
		{
			"Id": "Param22",
			"GroupId": "ParamGroup3",
			"Name": "パラメータ151"
		},
		{
			"Id": "Param_Angle_Rotation8",
			"GroupId": "ParamGroup4",
			"Name": "[0]頭上小"
		},
		{
			"Id": "Param_Angle_Rotation9",
			"GroupId": "ParamGroup4",
			"Name": "[1]頭上小"
		},
		{
			"Id": "Param_Angle_Rotation10",
			"GroupId": "ParamGroup4",
			"Name": "[2]頭上小"
		},
		{
			"Id": "Param_Angle_Rotation12",
			"GroupId": "ParamGroup5",
			"Name": "[0]アホ毛"
		},
		{
			"Id": "Param_Angle_Rotation13",
			"GroupId": "ParamGroup5",
			"Name": "[1]アホ毛"
		},
		{
			"Id": "Param_Angle_Rotation14",
			"GroupId": "ParamGroup5",
			"Name": "[2]アホ毛"
		},
		{
			"Id": "Param_Angle_Rotation15",
			"GroupId": "ParamGroup5",
			"Name": "[3]アホ毛"
		},
		{
			"Id": "Param_Angle_Rotation16",
			"GroupId": "ParamGroup5",
			"Name": "[4]アホ毛"
		},
		{
			"Id": "Param_Angle_Rotation17",
			"GroupId": "ParamGroup5",
			"Name": "[5]アホ毛"
		},
		{
			"Id": "Param_Angle_Rotation19",
			"GroupId": "ParamGroup6",
			"Name": "[0]左もみあげ"
		},
		{
			"Id": "Param_Angle_Rotation20",
			"GroupId": "ParamGroup6",
			"Name": "[1]左もみあげ"
		},
		{
			"Id": "Param_Angle_Rotation21",
			"GroupId": "ParamGroup6",
			"Name": "[2]左もみあげ"
		},
		{
			"Id": "Param_Angle_Rotation22",
			"GroupId": "ParamGroup6",
			"Name": "[3]左もみあげ"
		},
		{
			"Id": "Param_Angle_Rotation24",
			"GroupId": "ParamGroup7",
			"Name": "[0]前髪右 An3"
		},
		{
			"Id": "Param_Angle_Rotation25",
			"GroupId": "ParamGroup7",
			"Name": "[1]前髪右 An3"
		},
		{
			"Id": "Param_Angle_Rotation26",
			"GroupId": "ParamGroup7",
			"Name": "[2]前髪右 An3"
		},
		{
			"Id": "Param_Angle_Rotation27",
			"GroupId": "ParamGroup7",
			"Name": "[3]前髪右 An3"
		},
		{
			"Id": "Param_Angle_Rotation29",
			"GroupId": "ParamGroup8",
			"Name": "[0]前髪中央"
		},
		{
			"Id": "Param_Angle_Rotation30",
			"GroupId": "ParamGroup8",
			"Name": "[1]前髪中央"
		},
		{
			"Id": "Param_Angle_Rotation31",
			"GroupId": "ParamGroup8",
			"Name": "[2]前髪中央"
		},
		{
			"Id": "Param_Angle_Rotation32",
			"GroupId": "ParamGroup8",
			"Name": "[3]前髪中央"
		},
		{
			"Id": "Param_Angle_Rotation34",
			"GroupId": "ParamGroup9",
			"Name": "[0]前髪左"
		},
		{
			"Id": "Param_Angle_Rotation35",
			"GroupId": "ParamGroup9",
			"Name": "[1]前髪左"
		},
		{
			"Id": "Param_Angle_Rotation36",
			"GroupId": "ParamGroup9",
			"Name": "[2]前髪左"
		},
		{
			"Id": "Param_Angle_Rotation38",
			"GroupId": "ParamGroup10",
			"Name": "[0]右サイド髪"
		},
		{
			"Id": "Param_Angle_Rotation39",
			"GroupId": "ParamGroup10",
			"Name": "[1]右サイド髪"
		},
		{
			"Id": "Param_Angle_Rotation40",
			"GroupId": "ParamGroup10",
			"Name": "[2]右サイド髪"
		},
		{
			"Id": "Param_Angle_Rotation41",
			"GroupId": "ParamGroup10",
			"Name": "[3]右サイド髪"
		},
		{
			"Id": "Param_Angle_Rotation42",
			"GroupId": "ParamGroup11",
			"Name": "[0]右髪紐1"
		},
		{
			"Id": "Param_Angle_Rotation43",
			"GroupId": "ParamGroup11",
			"Name": "[1]右髪紐1"
		},
		{
			"Id": "Param_Angle_Rotation44",
			"GroupId": "ParamGroup11",
			"Name": "[2]右髪紐1"
		},
		{
			"Id": "Param_Angle_Rotation45",
			"GroupId": "ParamGroup12",
			"Name": "[0]右髪紐2"
		},
		{
			"Id": "Param_Angle_Rotation46",
			"GroupId": "ParamGroup12",
			"Name": "[1]右髪紐2"
		},
		{
			"Id": "Param_Angle_Rotation47",
			"GroupId": "ParamGroup12",
			"Name": "[2]右髪紐2"
		},
		{
			"Id": "Param_Angle_Rotation48",
			"GroupId": "ParamGroup13",
			"Name": "[0]右髪紐3"
		},
		{
			"Id": "Param_Angle_Rotation49",
			"GroupId": "ParamGroup13",
			"Name": "[1]右髪紐3"
		},
		{
			"Id": "Param_Angle_Rotation50",
			"GroupId": "ParamGroup13",
			"Name": "[2]右髪紐3"
		},
		{
			"Id": "Param_Angle_Rotation51",
			"GroupId": "ParamGroup14",
			"Name": "[0]右髪紐4"
		},
		{
			"Id": "Param_Angle_Rotation52",
			"GroupId": "ParamGroup14",
			"Name": "[1]右髪紐4"
		},
		{
			"Id": "Param_Angle_Rotation53",
			"GroupId": "ParamGroup14",
			"Name": "[2]右髪紐4"
		},
		{
			"Id": "Param_Angle_Rotation54",
			"GroupId": "ParamGroup15",
			"Name": "[0]右髪"
		},
		{
			"Id": "Param_Angle_Rotation55",
			"GroupId": "ParamGroup15",
			"Name": "[1]右髪"
		},
		{
			"Id": "Param_Angle_Rotation56",
			"GroupId": "ParamGroup15",
			"Name": "[2]右髪"
		},
		{
			"Id": "Param_Angle_Rotation57",
			"GroupId": "ParamGroup15",
			"Name": "[3]右髪"
		},
		{
			"Id": "Param_Angle_Rotation58",
			"GroupId": "ParamGroup15",
			"Name": "[4]右髪"
		},
		{
			"Id": "Param_Angle_Rotation59",
			"GroupId": "ParamGroup16",
			"Name": "[0]左髪紐1"
		},
		{
			"Id": "Param_Angle_Rotation60",
			"GroupId": "ParamGroup16",
			"Name": "[1]左髪紐1"
		},
		{
			"Id": "Param_Angle_Rotation61",
			"GroupId": "ParamGroup16",
			"Name": "[2]左髪紐1"
		},
		{
			"Id": "Param_Angle_Rotation62",
			"GroupId": "ParamGroup17",
			"Name": "[0]左髪紐2"
		},
		{
			"Id": "Param_Angle_Rotation63",
			"GroupId": "ParamGroup17",
			"Name": "[1]左髪紐2"
		},
		{
			"Id": "Param_Angle_Rotation64",
			"GroupId": "ParamGroup17",
			"Name": "[2]左髪紐2"
		},
		{
			"Id": "Param_Angle_Rotation65",
			"GroupId": "ParamGroup18",
			"Name": "[0]左髪紐3"
		},
		{
			"Id": "Param_Angle_Rotation66",
			"GroupId": "ParamGroup18",
			"Name": "[1]左髪紐3"
		},
		{
			"Id": "Param_Angle_Rotation67",
			"GroupId": "ParamGroup18",
			"Name": "[2]左髪紐3"
		},
		{
			"Id": "Param_Angle_Rotation68",
			"GroupId": "ParamGroup19",
			"Name": "[0]左髪紐4"
		},
		{
			"Id": "Param_Angle_Rotation69",
			"GroupId": "ParamGroup19",
			"Name": "[1]左髪紐4"
		},
		{
			"Id": "Param_Angle_Rotation70",
			"GroupId": "ParamGroup19",
			"Name": "[2]左髪紐4"
		},
		{
			"Id": "Param_Angle_Rotation72",
			"GroupId": "ParamGroup20",
			"Name": "[0]左髪1"
		},
		{
			"Id": "Param_Angle_Rotation73",
			"GroupId": "ParamGroup20",
			"Name": "[1]左髪1"
		},
		{
			"Id": "Param_Angle_Rotation74",
			"GroupId": "ParamGroup20",
			"Name": "[2]左髪1"
		},
		{
			"Id": "Param_Angle_Rotation75",
			"GroupId": "ParamGroup20",
			"Name": "[3]左髪1"
		},
		{
			"Id": "Param_Angle_Rotation76",
			"GroupId": "ParamGroup20",
			"Name": "[4]左髪1"
		},
		{
			"Id": "Param_Angle_Rotation77",
			"GroupId": "ParamGroup20",
			"Name": "[5]左髪1"
		},
		{
			"Id": "Param_Angle_Rotation78",
			"GroupId": "ParamGroup20",
			"Name": "[6]左髪1"
		},
		{
			"Id": "Param_Angle_Rotation79",
			"GroupId": "ParamGroup20",
			"Name": "[7]左髪1"
		},
		{
			"Id": "Param_Angle_Rotation81",
			"GroupId": "ParamGroup21",
			"Name": "[0]左髪2"
		},
		{
			"Id": "Param_Angle_Rotation82",
			"GroupId": "ParamGroup21",
			"Name": "[1]左髪2"
		},
		{
			"Id": "Param_Angle_Rotation83",
			"GroupId": "ParamGroup21",
			"Name": "[2]左髪2"
		},
		{
			"Id": "Param_Angle_Rotation84",
			"GroupId": "ParamGroup21",
			"Name": "[3]左髪2"
		},
		{
			"Id": "Param_Angle_Rotation85",
			"GroupId": "ParamGroup21",
			"Name": "[4]左髪2"
		}
	],
	"ParameterGroups": [
		{
			"Id": "ParamGroup",
			"GroupId": "",
			"Name": "エフェクト"
		},
		{
			"Id": "ParamGroup2",
			"GroupId": "",
			"Name": "URアニメーション"
		},
		{
			"Id": "ParamGroup3",
			"GroupId": "",
			"Name": "追加"
		},
		{
			"Id": "ParamGroup4",
			"GroupId": "",
			"Name": "頭上小"
		},
		{
			"Id": "ParamGroup5",
			"GroupId": "",
			"Name": "アホ毛"
		},
		{
			"Id": "ParamGroup6",
			"GroupId": "",
			"Name": "左もみあげ"
		},
		{
			"Id": "ParamGroup7",
			"GroupId": "",
			"Name": "前髪右"
		},
		{
			"Id": "ParamGroup8",
			"GroupId": "",
			"Name": "前髪中央"
		},
		{
			"Id": "ParamGroup9",
			"GroupId": "",
			"Name": "前髪左"
		},
		{
			"Id": "ParamGroup10",
			"GroupId": "",
			"Name": "右サイド髪"
		},
		{
			"Id": "ParamGroup11",
			"GroupId": "",
			"Name": "右髪紐1"
		},
		{
			"Id": "ParamGroup12",
			"GroupId": "",
			"Name": "右髪紐2"
		},
		{
			"Id": "ParamGroup13",
			"GroupId": "",
			"Name": "右髪紐3"
		},
		{
			"Id": "ParamGroup14",
			"GroupId": "",
			"Name": "右髪紐4"
		},
		{
			"Id": "ParamGroup15",
			"GroupId": "",
			"Name": "右髪"
		},
		{
			"Id": "ParamGroup16",
			"GroupId": "",
			"Name": "左髪紐1"
		},
		{
			"Id": "ParamGroup17",
			"GroupId": "",
			"Name": "左髪紐2"
		},
		{
			"Id": "ParamGroup18",
			"GroupId": "",
			"Name": "左髪紐3"
		},
		{
			"Id": "ParamGroup19",
			"GroupId": "",
			"Name": "左髪紐4"
		},
		{
			"Id": "ParamGroup20",
			"GroupId": "",
			"Name": "左髪1"
		},
		{
			"Id": "ParamGroup21",
			"GroupId": "",
			"Name": "左髪2"
		}
	],
	"Parts": [
		{
			"Id": "Part17",
			"Name": "1920x1440_2.psd"
		},
		{
			"Id": "Part16",
			"Name": "1920x1440.psd"
		},
		{
			"Id": "Part",
			"Name": "エフェクト"
		},
		{
			"Id": "Part10",
			"Name": "足"
		},
		{
			"Id": "Part11",
			"Name": "髪"
		},
		{
			"Id": "Part12",
			"Name": "頭"
		},
		{
			"Id": "Part13",
			"Name": "体"
		},
		{
			"Id": "Part14",
			"Name": "後髪"
		},
		{
			"Id": "Part15",
			"Name": "背景"
		},
		{
			"Id": "Part2",
			"Name": "エフェクト1"
		},
		{
			"Id": "Part3",
			"Name": "エフェクト2"
		},
		{
			"Id": "Part4",
			"Name": "エフェクト3"
		},
		{
			"Id": "Part5",
			"Name": "丸エフェクト1"
		},
		{
			"Id": "Part6",
			"Name": "丸エフェクト2"
		},
		{
			"Id": "Part7",
			"Name": "丸エフェクト3"
		},
		{
			"Id": "Part8",
			"Name": "エフェクト_キャラ"
		},
		{
			"Id": "Part9",
			"Name": "エフェクト_デザイン"
		},
		{
			"Id": "ArtMesh82_Skinning",
			"Name": "頭上小(スキニング)"
		},
		{
			"Id": "ArtMesh83_Skinning",
			"Name": "アホ毛(スキニング)"
		},
		{
			"Id": "ArtMesh84_Skinning",
			"Name": "左もみあげ(スキニング)"
		},
		{
			"Id": "ArtMesh86_Skinning",
			"Name": "前髪右(スキニング)"
		},
		{
			"Id": "ArtMesh87_Skinning",
			"Name": "前髪中央(スキニング)"
		},
		{
			"Id": "ArtMesh88_Skinning",
			"Name": "前髪左(スキニング)"
		},
		{
			"Id": "ArtMesh98_Skinning",
			"Name": "右サイド髪(スキニング)"
		},
		{
			"Id": "ArtMesh100_Skinning",
			"Name": "右髪紐1(スキニング)"
		},
		{
			"Id": "ArtMesh101_Skinning",
			"Name": "右髪紐2(スキニング)"
		},
		{
			"Id": "ArtMesh102_Skinning",
			"Name": "右髪紐3(スキニング)"
		},
		{
			"Id": "ArtMesh103_Skinning",
			"Name": "右髪紐4(スキニング)"
		},
		{
			"Id": "ArtMesh104_Skinning",
			"Name": "右髪(スキニング)"
		},
		{
			"Id": "ArtMesh105_Skinning",
			"Name": "左髪紐1(スキニング)"
		},
		{
			"Id": "ArtMesh106_Skinning",
			"Name": "左髪紐2(スキニング)"
		},
		{
			"Id": "ArtMesh107_Skinning",
			"Name": "左髪紐3(スキニング)"
		},
		{
			"Id": "ArtMesh108_Skinning",
			"Name": "左髪紐4(スキニング)"
		},
		{
			"Id": "ArtMesh109_Skinning",
			"Name": "左髪1(スキニング)"
		},
		{
			"Id": "ArtMesh110_Skinning",
			"Name": "左髪2(スキニング)"
		},
		{
			"Id": "g_1",
			"Name": "g_1"
		},
		{
			"Id": "g_2",
			"Name": "g_2"
		},
		{
			"Id": "g_3",
			"Name": "g_3"
		},
		{
			"Id": "g_4",
			"Name": "g_1"
		},
		{
			"Id": "g_5",
			"Name": "g_2"
		},
		{
			"Id": "g_6",
			"Name": "g_3"
		},
		{
			"Id": "g_7",
			"Name": "g_4"
		},
		{
			"Id": "g_8",
			"Name": "g_5"
		},
		{
			"Id": "g_9",
			"Name": "g_1"
		},
		{
			"Id": "g_10",
			"Name": "g_2"
		},
		{
			"Id": "g_11",
			"Name": "g_1"
		},
		{
			"Id": "g_12",
			"Name": "g_2"
		},
		{
			"Id": "g_13",
			"Name": "g_3"
		}
	],
	"CombinedParameters": [
		[
			"ParamEyeRL",
			"ParamEyeUD"
		],
		[
			"ParamHeadDressX",
			"ParamHeadDressY"
		]
	]
}