{
	"Version": 3,
	"Meta": {
		"Duration": 6,
		"Fps": 30.0,
		"Loop": true,
		"AreBeziersRestricted": false,
		"CurveCount": 59,
		"TotalSegmentCount": 834,
		"TotalPointCount": 2461,
		"UserDataCount": 0,
		"TotalUserDataSize": 0
	},
	"Curves": [
		{
			"Target": "Parameter",
			"Id": "ParamBigLightM8",
			"Segments": [
				0,
				1.5,
				0,
				4,
				30,
				3,
				4.033,
				0,
				0,
				6,
				1.2
			]
		},
		{
			"Target": "Parameter",
			"Id": "ParamBigLightM7",
			"Segments": [
				0,
				0,
				0,
				6,
				30
			]
		},
		{
			"Target": "Parameter",
			"Id": "ParamBigLightM6",
			"Segments": [
				0,
				25.1,
				0,
				1.167,
				30,
				3,
				1.2,
				0,
				0,
				6,
				24.7
			]
		},
		{
			"Target": "Parameter",
			"Id": "ParamBigLightM5",
			"Segments": [
				0,
				17.9,
				0,
				2,
				30,
				3,
				2.033,
				0,
				0,
				6,
				17.5
			]
		},
		{
			"Target": "Parameter",
			"Id": "ParamBigLightM4",
			"Segments": [
				0,
				28.5,
				0,
				0.6,
				30,
				3,
				0.633,
				0,
				0,
				6,
				28.1
			]
		},
		{
			"Target": "Parameter",
			"Id": "ParamBigLightM3",
			"Segments": [
				0,
				8.5,
				0,
				3,
				30,
				3,
				3.033,
				0,
				0,
				6,
				8.1
			]
		},
		{
			"Target": "Parameter",
			"Id": "ParamBigLightM1",
			"Segments": [
				0,
				28,
				0,
				1.333,
				30,
				1,
				1.344,
				30,
				1.356,
				24,
				1.367,
				24,
				0,
				6,
				28
			]
		},
		{
			"Target": "Parameter",
			"Id": "ParamBigLightM2",
			"Segments": [
				0,
				0,
				0,
				6,
				30
			]
		},
		{
			"Target": "Parameter",
			"Id": "ParamBigLight8",
			"Segments": [
				0,
				0,
				1,
				0.133,
				0,
				0.267,
				0,
				0.4,
				0,
				1,
				0.433,
				0,
				0.467,
				30,
				0.5,
				30,
				1,
				0.533,
				30,
				0.567,
				0,
				0.6,
				0,
				1,
				1.022,
				0,
				1.444,
				0,
				1.867,
				0,
				1,
				1.9,
				0,
				1.933,
				30,
				1.967,
				30,
				1,
				2,
				30,
				2.033,
				0,
				2.067,
				0,
				1,
				2.156,
				0,
				2.244,
				0,
				2.333,
				0,
				1,
				2.356,
				0,
				2.378,
				25,
				2.4,
				25,
				1,
				2.444,
				25,
				2.489,
				0,
				2.533,
				0,
				1,
				2.867,
				0,
				3.2,
				0,
				3.533,
				0,
				1,
				3.611,
				0,
				3.689,
				30,
				3.767,
				30,
				1,
				3.867,
				30,
				3.967,
				30,
				4.067,
				30,
				1,
				4.189,
				30,
				4.311,
				0,
				4.433,
				0,
				1,
				4.511,
				0,
				4.589,
				0,
				4.667,
				0,
				1,
				4.7,
				0,
				4.733,
				13,
				4.767,
				13,
				1,
				4.8,
				13,
				4.833,
				0,
				4.867,
				0,
				1,
				4.956,
				0,
				5.044,
				0,
				5.133,
				0,
				1,
				5.167,
				0,
				5.2,
				0,
				5.233,
				0,
				1,
				5.322,
				0,
				5.411,
				0,
				5.5,
				0,
				1,
				5.522,
				0,
				5.544,
				25,
				5.567,
				25,
				1,
				5.611,
				25,
				5.656,
				0,
				5.7,
				0,
				1,
				5.8,
				0,
				5.9,
				0,
				6,
				0
			]
		},
		{
			"Target": "Parameter",
			"Id": "ParamBigLight7",
			"Segments": [
				0,
				30,
				1,
				0.022,
				30,
				0.044,
				0,
				0.067,
				0,
				1,
				0.078,
				0,
				0.089,
				0,
				0.1,
				0,
				1,
				0.2,
				0,
				0.3,
				0,
				0.4,
				0,
				1,
				0.467,
				0,
				0.533,
				0,
				0.6,
				0,
				1,
				0.633,
				0,
				0.667,
				30,
				0.7,
				30,
				1,
				0.733,
				30,
				0.767,
				0,
				0.8,
				0,
				1,
				1.144,
				0,
				1.489,
				0,
				1.833,
				0,
				1,
				1.867,
				0,
				1.9,
				13,
				1.933,
				13,
				1,
				1.944,
				13,
				1.956,
				0,
				1.967,
				0,
				1,
				2.144,
				0,
				2.322,
				0,
				2.5,
				0,
				1,
				2.511,
				0,
				2.522,
				9,
				2.533,
				9,
				1,
				2.544,
				9,
				2.556,
				0,
				2.567,
				0,
				1,
				2.811,
				0,
				3.056,
				0,
				3.3,
				0,
				1,
				3.333,
				0,
				3.367,
				30,
				3.4,
				30,
				1,
				3.433,
				30,
				3.467,
				0,
				3.5,
				0,
				1,
				3.567,
				0,
				3.633,
				0,
				3.7,
				0,
				1,
				3.733,
				0,
				3.767,
				30,
				3.8,
				30,
				1,
				3.833,
				30,
				3.867,
				0,
				3.9,
				0,
				1,
				4.267,
				0,
				4.633,
				0,
				5,
				0,
				1,
				5.033,
				0,
				5.067,
				13,
				5.1,
				13,
				1,
				5.111,
				13,
				5.122,
				0,
				5.133,
				0,
				1,
				5.311,
				0,
				5.489,
				0,
				5.667,
				0,
				1,
				5.678,
				0,
				5.689,
				9,
				5.7,
				9,
				1,
				5.711,
				9,
				5.722,
				0,
				5.733,
				0,
				1,
				5.822,
				0,
				5.911,
				30,
				6,
				30
			]
		},
		{
			"Target": "Parameter",
			"Id": "ParamBigLight6",
			"Segments": [
				0,
				0,
				1,
				0.311,
				0,
				0.622,
				0,
				0.933,
				0,
				1,
				1,
				0,
				1.067,
				30,
				1.133,
				30,
				1,
				1.144,
				30,
				1.156,
				30,
				1.167,
				30,
				1,
				1.2,
				30,
				1.233,
				0,
				1.267,
				0,
				1,
				1.289,
				0,
				1.311,
				0,
				1.333,
				0,
				1,
				1.511,
				0,
				1.689,
				0,
				1.867,
				0,
				1,
				1.889,
				0,
				1.911,
				13,
				1.933,
				13,
				1,
				1.956,
				13,
				1.978,
				0,
				2,
				0,
				1,
				2.044,
				0,
				2.089,
				0,
				2.133,
				0,
				1,
				2.311,
				0,
				2.489,
				0,
				2.667,
				0,
				1,
				2.7,
				0,
				2.733,
				10,
				2.767,
				10,
				1,
				2.8,
				10,
				2.833,
				0,
				2.867,
				0,
				1,
				3.122,
				0,
				3.378,
				0,
				3.633,
				0,
				1,
				3.667,
				0,
				3.7,
				30,
				3.733,
				30,
				1,
				3.767,
				30,
				3.8,
				0,
				3.833,
				0,
				1,
				4.133,
				0,
				4.433,
				0,
				4.733,
				0,
				1,
				4.756,
				0,
				4.778,
				13,
				4.8,
				13,
				1,
				4.822,
				13,
				4.844,
				0,
				4.867,
				0,
				1,
				4.944,
				0,
				5.022,
				0,
				5.1,
				0,
				1,
				5.133,
				0,
				5.167,
				30,
				5.2,
				30,
				1,
				5.233,
				30,
				5.267,
				0,
				5.3,
				0,
				1,
				5.478,
				0,
				5.656,
				0,
				5.833,
				0,
				1,
				5.867,
				0,
				5.9,
				10,
				5.933,
				10,
				1,
				5.956,
				10,
				5.978,
				0,
				6,
				0
			]
		},
		{
			"Target": "Parameter",
			"Id": "ParamBigLight5",
			"Segments": [
				0,
				0,
				1,
				0.133,
				0,
				0.267,
				30,
				0.4,
				30,
				1,
				0.5,
				30,
				0.6,
				30,
				0.7,
				30,
				1,
				0.733,
				30,
				0.767,
				0,
				0.8,
				0,
				1,
				0.844,
				0,
				0.889,
				0,
				0.933,
				0,
				1,
				1.033,
				0,
				1.133,
				23,
				1.233,
				23,
				1,
				1.267,
				23,
				1.3,
				0,
				1.333,
				0,
				1,
				1.367,
				0,
				1.4,
				30,
				1.433,
				30,
				1,
				1.467,
				30,
				1.5,
				0,
				1.533,
				0,
				1,
				1.622,
				0,
				1.711,
				0,
				1.8,
				0,
				1,
				1.833,
				0,
				1.867,
				30,
				1.9,
				30,
				1,
				2.044,
				30,
				2.189,
				30,
				2.333,
				30,
				1,
				2.378,
				30,
				2.422,
				0,
				2.467,
				0,
				1,
				2.6,
				0,
				2.733,
				0,
				2.867,
				0,
				1,
				2.9,
				0,
				2.933,
				30,
				2.967,
				30,
				1,
				3,
				30,
				3.033,
				0,
				3.067,
				0,
				1,
				3.278,
				0,
				3.489,
				0,
				3.7,
				0,
				1,
				3.733,
				0,
				3.767,
				30,
				3.8,
				30,
				1,
				3.833,
				30,
				3.867,
				0,
				3.9,
				0,
				1,
				4.189,
				0,
				4.478,
				0,
				4.767,
				0,
				1,
				4.822,
				0,
				4.878,
				30,
				4.933,
				30,
				1,
				4.956,
				30,
				4.978,
				0,
				5,
				0,
				1,
				5.333,
				0,
				5.667,
				0,
				6,
				0
			]
		},
		{
			"Target": "Parameter",
			"Id": "ParamBigLight4",
			"Segments": [
				0,
				30,
				1,
				0.022,
				30,
				0.044,
				0,
				0.067,
				0,
				1,
				0.178,
				0,
				0.289,
				0,
				0.4,
				0,
				1,
				0.444,
				0,
				0.489,
				0,
				0.533,
				0,
				1,
				0.556,
				0,
				0.578,
				30,
				0.6,
				30,
				1,
				0.622,
				30,
				0.644,
				30,
				0.667,
				30,
				1,
				0.7,
				30,
				0.733,
				0,
				0.767,
				0,
				1,
				0.822,
				0,
				0.878,
				0,
				0.933,
				0,
				1,
				0.967,
				0,
				1,
				30,
				1.033,
				30,
				1,
				1.078,
				30,
				1.122,
				0,
				1.167,
				0,
				1,
				1.3,
				0,
				1.433,
				0,
				1.567,
				0,
				1,
				1.589,
				0,
				1.611,
				30,
				1.633,
				30,
				1,
				1.667,
				30,
				1.7,
				0,
				1.733,
				0,
				1,
				1.889,
				0,
				2.044,
				0,
				2.2,
				0,
				1,
				2.256,
				0,
				2.311,
				14,
				2.367,
				14,
				1,
				2.433,
				14,
				2.5,
				0,
				2.567,
				0,
				1,
				2.6,
				0,
				2.633,
				0,
				2.667,
				0,
				1,
				2.7,
				0,
				2.733,
				0,
				2.767,
				0,
				1,
				2.8,
				0,
				2.833,
				0,
				2.867,
				0,
				1,
				2.889,
				0,
				2.911,
				15,
				2.933,
				15,
				1,
				3.011,
				15,
				3.089,
				0,
				3.167,
				0,
				1,
				3.2,
				0,
				3.233,
				0,
				3.267,
				0,
				1,
				3.444,
				0,
				3.622,
				0,
				3.8,
				0,
				1,
				3.833,
				0,
				3.867,
				30,
				3.9,
				30,
				1,
				3.944,
				30,
				3.989,
				0,
				4.033,
				0,
				1,
				4.4,
				0,
				4.767,
				0,
				5.133,
				0,
				1,
				5.189,
				0,
				5.244,
				14,
				5.3,
				14,
				1,
				5.367,
				14,
				5.433,
				0,
				5.5,
				0,
				1,
				5.667,
				0,
				5.833,
				30,
				6,
				30
			]
		},
		{
			"Target": "Parameter",
			"Id": "ParamBigLight3",
			"Segments": [
				0,
				0,
				1,
				0.144,
				0,
				0.289,
				0,
				0.433,
				0,
				1,
				0.467,
				0,
				0.5,
				30,
				0.533,
				30,
				1,
				0.567,
				30,
				0.6,
				0,
				0.633,
				0,
				1,
				0.822,
				0,
				1.011,
				0,
				1.2,
				0,
				1,
				1.233,
				0,
				1.267,
				30,
				1.3,
				30,
				1,
				1.578,
				30,
				1.856,
				0,
				2.133,
				0,
				1,
				2.178,
				0,
				2.222,
				17,
				2.267,
				17,
				1,
				2.322,
				17,
				2.378,
				0,
				2.433,
				0,
				1,
				2.589,
				0,
				2.744,
				0,
				2.9,
				0,
				1,
				2.933,
				0,
				2.967,
				30,
				3,
				30,
				1,
				3.1,
				30,
				3.2,
				30,
				3.3,
				30,
				1,
				3.344,
				30,
				3.389,
				0,
				3.433,
				0,
				1,
				3.611,
				0,
				3.789,
				0,
				3.967,
				0,
				1,
				4,
				0,
				4.033,
				30,
				4.067,
				30,
				1,
				4.1,
				30,
				4.133,
				0,
				4.167,
				0,
				1,
				4.544,
				0,
				4.922,
				0,
				5.3,
				0,
				1,
				5.344,
				0,
				5.389,
				17,
				5.433,
				17,
				1,
				5.489,
				17,
				5.544,
				0,
				5.6,
				0,
				1,
				5.733,
				0,
				5.867,
				0,
				6,
				0
			]
		},
		{
			"Target": "Parameter",
			"Id": "ParamBigLight2",
			"Segments": [
				0,
				30,
				1,
				0.022,
				30,
				0.044,
				0,
				0.067,
				0,
				1,
				0.178,
				0,
				0.289,
				0,
				0.4,
				0,
				1,
				0.533,
				0,
				0.667,
				0,
				0.8,
				0,
				1,
				0.833,
				0,
				0.867,
				30,
				0.9,
				30,
				1,
				0.944,
				30,
				0.989,
				0,
				1.033,
				0,
				1,
				1.189,
				0,
				1.344,
				0,
				1.5,
				0,
				1,
				1.544,
				0,
				1.589,
				24,
				1.633,
				24,
				1,
				1.667,
				24,
				1.7,
				0,
				1.733,
				0,
				1,
				1.856,
				0,
				1.978,
				0,
				2.1,
				0,
				1,
				2.133,
				0,
				2.167,
				30,
				2.2,
				30,
				1,
				2.244,
				30,
				2.289,
				0,
				2.333,
				0,
				1,
				2.478,
				0,
				2.622,
				0,
				2.767,
				0,
				1,
				2.889,
				0,
				3.011,
				30,
				3.133,
				30,
				1,
				3.189,
				30,
				3.244,
				0,
				3.3,
				0,
				1,
				3.378,
				0,
				3.456,
				30,
				3.533,
				30,
				1,
				3.567,
				30,
				3.6,
				0,
				3.633,
				0,
				1,
				3.722,
				0,
				3.811,
				0,
				3.9,
				0,
				1,
				3.933,
				0,
				3.967,
				30,
				4,
				30,
				1,
				4.044,
				30,
				4.089,
				0,
				4.133,
				0,
				1,
				4.733,
				0,
				5.333,
				0,
				5.933,
				0,
				1,
				5.956,
				0,
				5.978,
				30,
				6,
				30
			]
		},
		{
			"Target": "Parameter",
			"Id": "ParamBigLight1",
			"Segments": [
				0,
				30,
				1,
				0.011,
				30,
				0.022,
				0,
				0.033,
				0,
				1,
				0.256,
				0,
				0.478,
				0,
				0.7,
				0,
				1,
				0.733,
				0,
				0.767,
				30,
				0.8,
				30,
				1,
				0.833,
				30,
				0.867,
				0,
				0.9,
				0,
				1,
				1,
				0,
				1.1,
				0,
				1.2,
				0,
				1,
				1.233,
				0,
				1.267,
				20,
				1.3,
				20,
				1,
				1.322,
				20,
				1.344,
				0,
				1.367,
				0,
				1,
				1.556,
				0,
				1.744,
				0,
				1.933,
				0,
				1,
				2.1,
				0,
				2.267,
				0,
				2.433,
				0,
				1,
				2.478,
				0,
				2.522,
				8,
				2.567,
				8,
				1,
				2.622,
				8,
				2.678,
				0,
				2.733,
				0,
				1,
				2.956,
				0,
				3.178,
				0,
				3.4,
				0,
				1,
				3.433,
				0,
				3.467,
				30,
				3.5,
				30,
				1,
				3.511,
				30,
				3.522,
				30,
				3.533,
				30,
				1,
				3.567,
				30,
				3.6,
				0,
				3.633,
				0,
				1,
				3.733,
				0,
				3.833,
				0,
				3.933,
				0,
				1,
				3.967,
				0,
				4,
				20,
				4.033,
				20,
				1,
				4.056,
				20,
				4.078,
				0,
				4.1,
				0,
				1,
				4.311,
				0,
				4.522,
				0,
				4.733,
				0,
				1,
				4.9,
				0,
				5.067,
				0,
				5.233,
				0,
				1,
				5.278,
				0,
				5.322,
				8,
				5.367,
				8,
				1,
				5.422,
				8,
				5.478,
				0,
				5.533,
				0,
				1,
				5.689,
				0,
				5.844,
				30,
				6,
				30
			]
		},
		{
			"Target": "Parameter",
			"Id": "ParamLight2M",
			"Segments": [
				0,
				0,
				1,
				1.544,
				0,
				3.089,
				16,
				4.633,
				16,
				1,
				4.644,
				16,
				4.656,
				16,
				4.667,
				16,
				1,
				5.111,
				16,
				5.556,
				0,
				6,
				0
			]
		},
		{
			"Target": "Parameter",
			"Id": "ParamLight1M",
			"Segments": [
				0,
				0,
				1,
				1.344,
				0,
				2.689,
				6,
				4.033,
				6,
				1,
				4.044,
				6,
				4.056,
				3.035,
				4.067,
				3,
				1,
				4.711,
				0.968,
				5.356,
				0,
				6,
				0
			]
		},
		{
			"Target": "Parameter",
			"Id": "ParamLayA7",
			"Segments": [
				0,
				4.8,
				1,
				0.478,
				4.8,
				0.956,
				0,
				1.433,
				0,
				1,
				2.3,
				0,
				3.167,
				0,
				4.033,
				0,
				1,
				4.622,
				0,
				5.211,
				5.2,
				5.8,
				5.2,
				1,
				5.867,
				5.2,
				5.933,
				5,
				6,
				5
			]
		},
		{
			"Target": "Parameter",
			"Id": "ParamLayA6",
			"Segments": [
				0,
				2.3,
				1,
				0.622,
				2.3,
				1.244,
				4.9,
				1.867,
				4.9,
				1,
				2.111,
				4.9,
				2.356,
				0,
				2.6,
				0,
				1,
				3.467,
				0,
				4.333,
				0,
				5.2,
				0,
				1,
				5.467,
				0,
				5.733,
				2.1,
				6,
				2.1
			]
		},
		{
			"Target": "Parameter",
			"Id": "ParamLayA5",
			"Segments": [
				0,
				0,
				0,
				0.233,
				0,
				1,
				1.222,
				0,
				2.211,
				4.9,
				3.2,
				4.9,
				1,
				3.756,
				4.9,
				4.311,
				0,
				4.867,
				0,
				0,
				6,
				0
			]
		},
		{
			"Target": "Parameter",
			"Id": "ParamLayA4",
			"Segments": [
				0,
				0,
				0,
				1.7,
				0,
				1,
				2.556,
				0,
				3.411,
				4.8,
				4.267,
				4.8,
				1,
				4.822,
				4.8,
				5.378,
				0,
				5.933,
				0,
				0,
				6,
				0
			]
		},
		{
			"Target": "Parameter",
			"Id": "ParamLayA3",
			"Segments": [
				0,
				0,
				0,
				0.667,
				0,
				1,
				1.256,
				0,
				1.844,
				5.1,
				2.433,
				5.1,
				1,
				3.233,
				5.1,
				4.033,
				0.1,
				4.833,
				0.1,
				0,
				6,
				0.1
			]
		},
		{
			"Target": "Parameter",
			"Id": "ParamLayA2",
			"Segments": [
				0,
				0,
				0,
				0.767,
				0,
				1,
				1.667,
				0,
				2.567,
				5.8,
				3.467,
				5.8,
				1,
				4.022,
				5.8,
				4.578,
				0,
				5.133,
				0,
				0,
				6,
				0
			]
		},
		{
			"Target": "Parameter",
			"Id": "ParamLayA1",
			"Segments": [
				0,
				0,
				1,
				0.589,
				0,
				1.178,
				5.6,
				1.767,
				5.6,
				1,
				2.689,
				5.6,
				3.611,
				0,
				4.533,
				0,
				0,
				6,
				0
			]
		},
		{
			"Target": "Parameter",
			"Id": "ParamMoya",
			"Segments": [
				0,
				0,
				1,
				0.122,
				0,
				0.244,
				1.049,
				0.367,
				1.8,
				1,
				0.6,
				3.233,
				0.833,
				3.6,
				1.067,
				3.6,
				1,
				1.333,
				3.6,
				1.6,
				3.002,
				1.867,
				2.2,
				1,
				2.211,
				1.165,
				2.556,
				0.8,
				2.9,
				0.8,
				1,
				3.067,
				0.8,
				3.233,
				1.5,
				3.4,
				1.5,
				1,
				3.544,
				1.5,
				3.689,
				0,
				3.833,
				0,
				1,
				3.978,
				0,
				4.122,
				1.207,
				4.267,
				1.3,
				1,
				4.444,
				1.415,
				4.622,
				1.4,
				4.8,
				1.4,
				1,
				4.989,
				1.4,
				5.178,
				1.2,
				5.367,
				1.2,
				1,
				5.478,
				1.2,
				5.589,
				3,
				5.7,
				3,
				1,
				5.8,
				3,
				5.9,
				0,
				6,
				0
			]
		},
		{
			"Target": "Parameter",
			"Id": "ParamLight1",
			"Segments": [
				0,
				10,
				1,
				0.2,
				10,
				0.4,
				2.9,
				0.6,
				2.9,
				1,
				0.856,
				2.9,
				1.111,
				9.7,
				1.367,
				9.7,
				1,
				1.422,
				9.7,
				1.478,
				4.3,
				1.533,
				4.3,
				1,
				1.578,
				4.3,
				1.622,
				8.1,
				1.667,
				8.1,
				1,
				1.844,
				8.1,
				2.022,
				3.2,
				2.2,
				3.2,
				1,
				2.511,
				3.2,
				2.822,
				7.3,
				3.133,
				7.3,
				1,
				3.433,
				7.3,
				3.733,
				0,
				4.033,
				0,
				1,
				4.444,
				0,
				4.856,
				4.683,
				5.267,
				8.1,
				1,
				5.511,
				10.132,
				5.756,
				10,
				6,
				10
			]
		},
		{
			"Target": "Parameter",
			"Id": "ParamLight2",
			"Segments": [
				0,
				0,
				1,
				0.2,
				0,
				0.4,
				7.9,
				0.6,
				7.9,
				1,
				0.856,
				7.9,
				1.111,
				7.856,
				1.367,
				7,
				1,
				1.644,
				6.07,
				1.922,
				4.7,
				2.2,
				4.7,
				1,
				2.511,
				4.7,
				2.822,
				8.9,
				3.133,
				8.9,
				1,
				3.433,
				8.9,
				3.733,
				9.002,
				4.033,
				8.7,
				1,
				4.444,
				8.286,
				4.856,
				0,
				5.267,
				0,
				1,
				5.511,
				0,
				5.756,
				0,
				6,
				0
			]
		},
		{
			"Target": "Parameter",
			"Id": "ParamLay1",
			"Segments": [
				0,
				2.6,
				1,
				0.122,
				2.6,
				0.244,
				2.407,
				0.367,
				3.1,
				1,
				0.589,
				4.359,
				0.811,
				7.9,
				1.033,
				7.9,
				1,
				1.189,
				7.9,
				1.344,
				4,
				1.5,
				4,
				1,
				1.622,
				4,
				1.744,
				7.3,
				1.867,
				7.3,
				1,
				2.033,
				7.3,
				2.2,
				4.8,
				2.367,
				4.8,
				1,
				2.533,
				4.8,
				2.7,
				9.5,
				2.867,
				9.5,
				1,
				2.989,
				9.5,
				3.111,
				4.8,
				3.233,
				4.8,
				1,
				3.422,
				4.8,
				3.611,
				7.7,
				3.8,
				7.7,
				1,
				3.944,
				7.7,
				4.089,
				0.7,
				4.233,
				0.7,
				1,
				4.367,
				0.7,
				4.5,
				7.5,
				4.633,
				7.5,
				1,
				4.744,
				7.5,
				4.856,
				2.7,
				4.967,
				2.7,
				1,
				5.089,
				2.7,
				5.211,
				3.724,
				5.333,
				6.5,
				1,
				5.422,
				8.519,
				5.511,
				10,
				5.6,
				10,
				1,
				5.733,
				10,
				5.867,
				2.6,
				6,
				2.6
			]
		},
		{
			"Target": "Parameter",
			"Id": "ParamLay2",
			"Segments": [
				0,
				10,
				1,
				0.256,
				10,
				0.511,
				9.913,
				0.767,
				7.9,
				1,
				0.978,
				6.237,
				1.189,
				2.4,
				1.4,
				2.4,
				1,
				1.533,
				2.4,
				1.667,
				5.4,
				1.8,
				5.4,
				1,
				1.933,
				5.4,
				2.067,
				2,
				2.2,
				2,
				1,
				2.378,
				2,
				2.556,
				7.3,
				2.733,
				7.3,
				1,
				2.9,
				7.3,
				3.067,
				2.2,
				3.233,
				2.2,
				1,
				3.367,
				2.2,
				3.5,
				7.8,
				3.633,
				7.8,
				1,
				3.789,
				7.8,
				3.944,
				2.3,
				4.1,
				2.3,
				1,
				4.267,
				2.3,
				4.433,
				10,
				4.6,
				10,
				1,
				4.722,
				10,
				4.844,
				7.696,
				4.967,
				6.2,
				1,
				5.1,
				4.568,
				5.233,
				4.4,
				5.367,
				4.4,
				1,
				5.444,
				4.4,
				5.522,
				10,
				5.6,
				10,
				1,
				5.689,
				10,
				5.778,
				2.3,
				5.867,
				2.3,
				1,
				5.911,
				2.3,
				5.956,
				10,
				6,
				10
			]
		},
		{
			"Target": "Parameter",
			"Id": "ParamLay3",
			"Segments": [
				0,
				6.6,
				1,
				0.078,
				7.913,
				0.156,
				8.1,
				0.233,
				8.1,
				1,
				0.4,
				8.1,
				0.567,
				5.4,
				0.733,
				5.4,
				1,
				0.867,
				5.4,
				1,
				9.4,
				1.133,
				9.4,
				1,
				1.278,
				9.4,
				1.422,
				4.4,
				1.567,
				4.4,
				1,
				1.722,
				4.4,
				1.878,
				8.6,
				2.033,
				8.6,
				1,
				2.156,
				8.6,
				2.278,
				4.9,
				2.4,
				4.9,
				1,
				2.556,
				4.9,
				2.711,
				9,
				2.867,
				9,
				1,
				3.044,
				9,
				3.222,
				3.5,
				3.4,
				3.5,
				1,
				3.533,
				3.5,
				3.667,
				9.8,
				3.8,
				9.8,
				1,
				3.9,
				9.8,
				4,
				6.5,
				4.1,
				6.5,
				1,
				4.211,
				6.5,
				4.322,
				8.7,
				4.433,
				8.7,
				1,
				4.556,
				8.7,
				4.678,
				5.6,
				4.8,
				5.6,
				1,
				5.2,
				5.6,
				5.6,
				6.6,
				6,
				6.6
			]
		},
		{
			"Target": "Parameter",
			"Id": "ParamLay4",
			"Segments": [
				0,
				0.9,
				1,
				0.122,
				0.9,
				0.244,
				3.6,
				0.367,
				3.6,
				1,
				0.544,
				3.6,
				0.722,
				2,
				0.9,
				2,
				1,
				1.044,
				2,
				1.189,
				3.299,
				1.333,
				4.5,
				1,
				1.456,
				5.516,
				1.578,
				5.824,
				1.7,
				6.8,
				1,
				1.867,
				8.13,
				2.033,
				9.3,
				2.2,
				9.3,
				1,
				2.333,
				9.3,
				2.467,
				0,
				2.6,
				0,
				1,
				2.756,
				0,
				2.911,
				3.244,
				3.067,
				5.8,
				1,
				3.222,
				8.356,
				3.378,
				8.7,
				3.533,
				8.7,
				1,
				3.667,
				8.7,
				3.8,
				0,
				3.933,
				0,
				1,
				4.056,
				0,
				4.178,
				10,
				4.3,
				10,
				1,
				4.411,
				10,
				4.522,
				2,
				4.633,
				2,
				1,
				4.744,
				2,
				4.856,
				9.3,
				4.967,
				9.3,
				1,
				5.311,
				9.3,
				5.656,
				0.9,
				6,
				0.9
			]
		},
		{
			"Target": "Parameter",
			"Id": "ParamLay5",
			"Segments": [
				0,
				4.8,
				1,
				0.222,
				4.8,
				0.444,
				8.1,
				0.667,
				8.1,
				1,
				0.822,
				8.1,
				0.978,
				7.862,
				1.133,
				6.1,
				1,
				1.267,
				4.59,
				1.4,
				2.4,
				1.533,
				2.4,
				1,
				1.667,
				2.4,
				1.8,
				7.4,
				1.933,
				7.4,
				1,
				2.122,
				7.4,
				2.311,
				3.3,
				2.5,
				3.3,
				1,
				2.611,
				3.3,
				2.722,
				8.1,
				2.833,
				8.1,
				1,
				3.022,
				8.1,
				3.211,
				2.2,
				3.4,
				2.2,
				1,
				3.544,
				2.2,
				3.689,
				6.8,
				3.833,
				6.8,
				1,
				3.967,
				6.8,
				4.1,
				3.6,
				4.233,
				3.6,
				1,
				4.356,
				3.6,
				4.478,
				6.8,
				4.6,
				6.8,
				1,
				4.7,
				6.8,
				4.8,
				3.4,
				4.9,
				3.4,
				1,
				5.022,
				3.4,
				5.144,
				9.6,
				5.267,
				9.6,
				1,
				5.511,
				9.6,
				5.756,
				4.8,
				6,
				4.8
			]
		},
		{
			"Target": "Parameter",
			"Id": "ParamLay6",
			"Segments": [
				0,
				10,
				1,
				0.411,
				10,
				0.822,
				3,
				1.233,
				3,
				1,
				1.367,
				3,
				1.5,
				7.1,
				1.633,
				7.1,
				1,
				1.767,
				7.1,
				1.9,
				4.1,
				2.033,
				4.1,
				1,
				2.211,
				4.1,
				2.389,
				7,
				2.567,
				7,
				1,
				2.733,
				7,
				2.9,
				3.3,
				3.067,
				3.3,
				1,
				3.2,
				3.3,
				3.333,
				10,
				3.467,
				10,
				1,
				3.622,
				10,
				3.778,
				10.142,
				3.933,
				9.3,
				1,
				4.089,
				8.458,
				4.244,
				1.2,
				4.4,
				1.2,
				1,
				4.533,
				1.2,
				4.667,
				6.8,
				4.8,
				6.8,
				1,
				4.911,
				6.8,
				5.022,
				1.9,
				5.133,
				1.9,
				1,
				5.244,
				1.9,
				5.356,
				7.9,
				5.467,
				7.9,
				1,
				5.556,
				7.9,
				5.644,
				0.7,
				5.733,
				0.7,
				1,
				5.822,
				0.7,
				5.911,
				10,
				6,
				10
			]
		},
		{
			"Target": "Parameter",
			"Id": "ParamLay7",
			"Segments": [
				0,
				10,
				1,
				0.222,
				10,
				0.444,
				7.2,
				0.667,
				7.2,
				1,
				0.822,
				7.2,
				0.978,
				7.2,
				1.133,
				7.2,
				1,
				1.267,
				7.2,
				1.4,
				7.447,
				1.533,
				8.2,
				1,
				1.667,
				8.953,
				1.8,
				9.5,
				1.933,
				9.5,
				1,
				2.122,
				9.5,
				2.311,
				9.376,
				2.5,
				8.7,
				1,
				2.611,
				8.302,
				2.722,
				7.6,
				2.833,
				7.6,
				1,
				3.022,
				7.6,
				3.211,
				8.807,
				3.4,
				9.5,
				1,
				3.544,
				10.03,
				3.689,
				10,
				3.833,
				10,
				1,
				3.967,
				10,
				4.1,
				10,
				4.233,
				10,
				1,
				4.356,
				10,
				4.478,
				8.4,
				4.6,
				8.4,
				1,
				4.7,
				8.4,
				4.8,
				10,
				4.9,
				10,
				1,
				5.022,
				10,
				5.144,
				9.4,
				5.267,
				9.4,
				1,
				5.511,
				9.4,
				5.756,
				10,
				6,
				10
			]
		},
		{
			"Target": "Parameter",
			"Id": "ParamLights1",
			"Segments": [
				0,
				0,
				0,
				1.2,
				0,
				0,
				5.7,
				3,
				0,
				6,
				3
			]
		},
		{
			"Target": "Parameter",
			"Id": "ParamLights1M",
			"Segments": [
				0,
				0,
				0,
				1.2,
				0,
				1,
				1.311,
				0,
				1.422,
				30,
				1.533,
				30,
				1,
				1.556,
				30,
				1.578,
				7,
				1.6,
				7,
				1,
				1.622,
				7,
				1.644,
				23,
				1.667,
				23,
				1,
				1.689,
				23,
				1.711,
				10,
				1.733,
				10,
				1,
				1.756,
				10,
				1.778,
				23,
				1.8,
				23,
				1,
				1.822,
				23,
				1.844,
				4,
				1.867,
				4,
				1,
				1.889,
				4,
				1.911,
				21,
				1.933,
				21,
				1,
				1.956,
				21,
				1.978,
				6,
				2,
				6,
				1,
				2.022,
				6,
				2.044,
				23.681,
				2.067,
				27,
				1,
				2.089,
				30.319,
				2.111,
				30,
				2.133,
				30,
				1,
				2.156,
				30,
				2.178,
				7,
				2.2,
				7,
				1,
				2.222,
				7,
				2.244,
				23,
				2.267,
				23,
				1,
				2.289,
				23,
				2.311,
				10,
				2.333,
				10,
				1,
				2.356,
				10,
				2.378,
				23,
				2.4,
				23,
				1,
				2.422,
				23,
				2.444,
				4,
				2.467,
				4,
				1,
				2.489,
				4,
				2.511,
				21,
				2.533,
				21,
				1,
				2.556,
				21,
				2.578,
				6,
				2.6,
				6,
				1,
				2.622,
				6,
				2.644,
				23.681,
				2.667,
				27,
				1,
				2.689,
				30.319,
				2.711,
				30,
				2.733,
				30,
				1,
				2.756,
				30,
				2.778,
				7,
				2.8,
				7,
				1,
				2.822,
				7,
				2.844,
				23,
				2.867,
				23,
				1,
				2.889,
				23,
				2.911,
				10,
				2.933,
				10,
				1,
				2.956,
				10,
				2.978,
				23,
				3,
				23,
				1,
				3.022,
				23,
				3.044,
				4,
				3.067,
				4,
				1,
				3.089,
				4,
				3.111,
				21,
				3.133,
				21,
				1,
				3.156,
				21,
				3.178,
				6,
				3.2,
				6,
				1,
				3.222,
				6,
				3.244,
				27,
				3.267,
				27,
				1,
				3.289,
				27,
				3.311,
				27,
				3.333,
				27,
				1,
				3.356,
				27,
				3.378,
				30,
				3.4,
				30,
				1,
				3.422,
				30,
				3.444,
				7,
				3.467,
				7,
				1,
				3.489,
				7,
				3.511,
				23,
				3.533,
				23,
				1,
				3.556,
				23,
				3.578,
				10,
				3.6,
				10,
				1,
				3.622,
				10,
				3.644,
				23,
				3.667,
				23,
				1,
				3.689,
				23,
				3.711,
				4,
				3.733,
				4,
				1,
				3.756,
				4,
				3.778,
				21,
				3.8,
				21,
				1,
				3.822,
				21,
				3.844,
				6,
				3.867,
				6,
				1,
				3.9,
				6,
				3.933,
				23,
				3.967,
				23,
				1,
				3.989,
				23,
				4.011,
				4,
				4.033,
				4,
				1,
				4.056,
				4,
				4.078,
				21,
				4.1,
				21,
				1,
				4.122,
				21,
				4.144,
				6,
				4.167,
				6,
				1,
				4.189,
				6,
				4.211,
				27,
				4.233,
				27,
				1,
				4.256,
				27,
				4.278,
				27,
				4.3,
				27,
				1,
				4.322,
				27,
				4.344,
				30,
				4.367,
				30,
				1,
				4.389,
				30,
				4.411,
				7,
				4.433,
				7,
				1,
				4.456,
				7,
				4.478,
				23,
				4.5,
				23,
				1,
				4.522,
				23,
				4.544,
				10,
				4.567,
				10,
				1,
				4.589,
				10,
				4.611,
				23,
				4.633,
				23,
				1,
				4.656,
				23,
				4.678,
				4,
				4.7,
				4,
				1,
				4.722,
				4,
				4.744,
				21,
				4.767,
				21,
				1,
				4.789,
				21,
				4.811,
				6,
				4.833,
				6,
				1,
				4.856,
				6,
				4.878,
				19.52,
				4.9,
				27,
				1,
				4.911,
				30.74,
				4.922,
				30,
				4.933,
				30,
				1,
				4.956,
				30,
				4.978,
				7,
				5,
				7,
				1,
				5.022,
				7,
				5.044,
				23,
				5.067,
				23,
				1,
				5.089,
				23,
				5.111,
				10,
				5.133,
				10,
				1,
				5.156,
				10,
				5.178,
				23,
				5.2,
				23,
				1,
				5.222,
				23,
				5.244,
				4,
				5.267,
				4,
				1,
				5.289,
				4,
				5.311,
				21,
				5.333,
				21,
				1,
				5.356,
				21,
				5.378,
				6,
				5.4,
				6,
				1,
				5.422,
				6,
				5.444,
				27,
				5.467,
				27,
				1,
				5.544,
				27,
				5.622,
				0,
				5.7,
				0,
				0,
				6,
				0
			]
		},
		{
			"Target": "Parameter",
			"Id": "ParamLights2",
			"Segments": [
				0,
				3.9,
				0,
				0.067,
				3.9,
				0,
				4.567,
				6.1,
				0,
				6,
				6.1
			]
		},
		{
			"Target": "Parameter",
			"Id": "ParamLights2M",
			"Segments": [
				0,
				0,
				0,
				0.067,
				0,
				1,
				0.178,
				0,
				0.289,
				5.075,
				0.4,
				19,
				1,
				0.422,
				21.785,
				0.444,
				28,
				0.467,
				28,
				1,
				0.489,
				28,
				0.511,
				4,
				0.533,
				4,
				1,
				0.556,
				4,
				0.578,
				26,
				0.6,
				26,
				1,
				0.622,
				26,
				0.644,
				11,
				0.667,
				11,
				1,
				0.689,
				11,
				0.711,
				28,
				0.733,
				28,
				1,
				0.756,
				28,
				0.778,
				5,
				0.8,
				5,
				1,
				0.822,
				5,
				0.844,
				18,
				0.867,
				18,
				1,
				0.889,
				18,
				0.911,
				18,
				0.933,
				18,
				1,
				0.956,
				18,
				0.978,
				17.911,
				1,
				19,
				1,
				1.022,
				20.089,
				1.044,
				28,
				1.067,
				28,
				1,
				1.089,
				28,
				1.111,
				4,
				1.133,
				4,
				1,
				1.156,
				4,
				1.178,
				26,
				1.2,
				26,
				1,
				1.222,
				26,
				1.244,
				11,
				1.267,
				11,
				1,
				1.289,
				11,
				1.311,
				28,
				1.333,
				28,
				1,
				1.356,
				28,
				1.378,
				5,
				1.4,
				5,
				1,
				1.422,
				5,
				1.444,
				18,
				1.467,
				18,
				1,
				1.489,
				18,
				1.511,
				18,
				1.533,
				18,
				1,
				1.556,
				18,
				1.578,
				17.911,
				1.6,
				19,
				1,
				1.622,
				20.089,
				1.644,
				28,
				1.667,
				28,
				1,
				1.689,
				28,
				1.711,
				4,
				1.733,
				4,
				1,
				1.756,
				4,
				1.778,
				26,
				1.8,
				26,
				1,
				1.822,
				26,
				1.844,
				11,
				1.867,
				11,
				1,
				1.889,
				11,
				1.911,
				28,
				1.933,
				28,
				1,
				1.956,
				28,
				1.978,
				5,
				2,
				5,
				1,
				2.022,
				5,
				2.044,
				18,
				2.067,
				18,
				1,
				2.089,
				18,
				2.111,
				18,
				2.133,
				18,
				1,
				2.156,
				18,
				2.178,
				18,
				2.2,
				18,
				1,
				2.222,
				18,
				2.244,
				17.911,
				2.267,
				19,
				1,
				2.289,
				20.089,
				2.311,
				28,
				2.333,
				28,
				1,
				2.356,
				28,
				2.378,
				4,
				2.4,
				4,
				1,
				2.422,
				4,
				2.444,
				26,
				2.467,
				26,
				1,
				2.489,
				26,
				2.511,
				11,
				2.533,
				11,
				1,
				2.556,
				11,
				2.578,
				28,
				2.6,
				28,
				1,
				2.622,
				28,
				2.644,
				5,
				2.667,
				5,
				1,
				2.689,
				5,
				2.711,
				18,
				2.733,
				18,
				1,
				2.756,
				18,
				2.778,
				18,
				2.8,
				18,
				1,
				2.944,
				18,
				3.089,
				0,
				3.233,
				0,
				0,
				6,
				0
			]
		},
		{
			"Target": "Parameter",
			"Id": "ParamLights3",
			"Segments": [
				0,
				2.8,
				0,
				1.333,
				6,
				1,
				2,
				6,
				2.667,
				0,
				3.333,
				0,
				0,
				6,
				2.8
			]
		},
		{
			"Target": "Parameter",
			"Id": "ParamLights3M",
			"Segments": [
				0,
				25,
				1,
				0.011,
				25,
				0.022,
				28,
				0.033,
				28,
				1,
				0.056,
				28,
				0.078,
				7,
				0.1,
				7,
				1,
				0.122,
				7,
				0.144,
				7.172,
				0.167,
				13,
				1,
				0.189,
				18.828,
				0.211,
				30,
				0.233,
				30,
				1,
				0.256,
				30,
				0.278,
				30,
				0.3,
				30,
				1,
				0.322,
				30,
				0.344,
				29.646,
				0.367,
				24,
				1,
				0.389,
				18.354,
				0.411,
				9,
				0.433,
				9,
				1,
				0.456,
				9,
				0.478,
				10.023,
				0.5,
				15,
				1,
				0.522,
				19.977,
				0.544,
				25,
				0.567,
				25,
				1,
				0.589,
				25,
				0.611,
				22,
				0.633,
				22,
				1,
				0.656,
				22,
				0.678,
				28,
				0.7,
				28,
				1,
				0.722,
				28,
				0.744,
				7,
				0.767,
				7,
				1,
				0.789,
				7,
				0.811,
				7.172,
				0.833,
				13,
				1,
				0.856,
				18.828,
				0.878,
				30,
				0.9,
				30,
				1,
				1.044,
				30,
				1.189,
				0,
				1.333,
				0,
				1,
				1.844,
				0,
				2.356,
				0,
				2.867,
				0,
				1,
				2.978,
				0,
				3.089,
				24,
				3.2,
				24,
				1,
				3.222,
				24,
				3.244,
				9,
				3.267,
				9,
				1,
				3.289,
				9,
				3.311,
				10.023,
				3.333,
				15,
				1,
				3.356,
				19.977,
				3.378,
				25,
				3.4,
				25,
				1,
				3.422,
				25,
				3.444,
				22,
				3.467,
				22,
				1,
				3.489,
				22,
				3.511,
				28,
				3.533,
				28,
				1,
				3.556,
				28,
				3.578,
				7,
				3.6,
				7,
				1,
				3.622,
				7,
				3.644,
				7.172,
				3.667,
				13,
				1,
				3.689,
				18.828,
				3.711,
				30,
				3.733,
				30,
				1,
				3.756,
				30,
				3.778,
				29.646,
				3.8,
				24,
				1,
				3.822,
				18.354,
				3.844,
				9,
				3.867,
				9,
				1,
				3.889,
				9,
				3.911,
				10.023,
				3.933,
				15,
				1,
				3.956,
				19.977,
				3.978,
				25,
				4,
				25,
				1,
				4.022,
				25,
				4.044,
				22,
				4.067,
				22,
				1,
				4.089,
				22,
				4.111,
				28,
				4.133,
				28,
				1,
				4.178,
				28,
				4.222,
				27.577,
				4.267,
				24,
				1,
				4.289,
				22.212,
				4.311,
				9,
				4.333,
				9,
				1,
				4.356,
				9,
				4.378,
				10.023,
				4.4,
				15,
				1,
				4.422,
				19.977,
				4.444,
				25,
				4.467,
				25,
				1,
				4.489,
				25,
				4.511,
				22,
				4.533,
				22,
				1,
				4.556,
				22,
				4.578,
				28,
				4.6,
				28,
				1,
				4.622,
				28,
				4.644,
				7,
				4.667,
				7,
				1,
				4.689,
				7,
				4.711,
				7.172,
				4.733,
				13,
				1,
				4.756,
				18.828,
				4.778,
				30,
				4.8,
				30,
				1,
				4.822,
				30,
				4.844,
				29.646,
				4.867,
				24,
				1,
				4.889,
				18.354,
				4.911,
				9,
				4.933,
				9,
				1,
				4.956,
				9,
				4.978,
				10.023,
				5,
				15,
				1,
				5.022,
				19.977,
				5.044,
				25,
				5.067,
				25,
				1,
				5.089,
				25,
				5.111,
				22,
				5.133,
				22,
				1,
				5.156,
				22,
				5.178,
				28,
				5.2,
				28,
				1,
				5.311,
				28,
				5.422,
				7,
				5.533,
				7,
				1,
				5.556,
				7,
				5.578,
				7.172,
				5.6,
				13,
				1,
				5.622,
				18.828,
				5.644,
				30,
				5.667,
				30,
				1,
				5.689,
				30,
				5.711,
				29.646,
				5.733,
				24,
				1,
				5.756,
				18.354,
				5.778,
				9,
				5.8,
				9,
				1,
				5.822,
				9,
				5.844,
				10.023,
				5.867,
				15,
				1,
				5.889,
				19.977,
				5.911,
				25,
				5.933,
				25,
				1,
				5.956,
				25,
				5.978,
				22,
				6,
				22
			]
		},
		{
			"Target": "Parameter",
			"Id": "ParamLights4",
			"Segments": [
				0,
				7.9,
				0,
				0.633,
				10,
				1,
				1.144,
				10,
				1.656,
				0,
				2.167,
				0,
				0,
				6,
				7.9
			]
		},
		{
			"Target": "Parameter",
			"Id": "ParamLights4M",
			"Segments": [
				0,
				22,
				1,
				0.022,
				22,
				0.044,
				28,
				0.067,
				28,
				1,
				0.089,
				28,
				0.111,
				4,
				0.133,
				4,
				1,
				0.156,
				4,
				0.178,
				30,
				0.2,
				30,
				1,
				0.344,
				30,
				0.489,
				0,
				0.633,
				0,
				1,
				1.144,
				0,
				1.656,
				0,
				2.167,
				0,
				1,
				2.278,
				0,
				2.389,
				3.062,
				2.5,
				12,
				1,
				2.522,
				13.788,
				2.544,
				20,
				2.567,
				20,
				1,
				2.589,
				20,
				2.611,
				8,
				2.633,
				8,
				1,
				2.656,
				8,
				2.678,
				30,
				2.7,
				30,
				1,
				2.722,
				30,
				2.744,
				12,
				2.767,
				12,
				1,
				2.789,
				12,
				2.811,
				17.023,
				2.833,
				22,
				1,
				2.856,
				26.977,
				2.878,
				28,
				2.9,
				28,
				1,
				2.922,
				28,
				2.944,
				4,
				2.967,
				4,
				1,
				2.989,
				4,
				3.011,
				30,
				3.033,
				30,
				1,
				3.056,
				30,
				3.078,
				12,
				3.1,
				12,
				1,
				3.122,
				12,
				3.144,
				20,
				3.167,
				20,
				1,
				3.189,
				20,
				3.211,
				8,
				3.233,
				8,
				1,
				3.256,
				8,
				3.278,
				30,
				3.3,
				30,
				1,
				3.322,
				30,
				3.344,
				12,
				3.367,
				12,
				1,
				3.389,
				12,
				3.411,
				17.023,
				3.433,
				22,
				1,
				3.456,
				26.977,
				3.478,
				28,
				3.5,
				28,
				1,
				3.522,
				28,
				3.544,
				4,
				3.567,
				4,
				1,
				3.589,
				4,
				3.611,
				30,
				3.633,
				30,
				1,
				3.656,
				30,
				3.678,
				12,
				3.7,
				12,
				1,
				3.722,
				12,
				3.744,
				20,
				3.767,
				20,
				1,
				3.789,
				20,
				3.811,
				8,
				3.833,
				8,
				1,
				3.856,
				8,
				3.878,
				30,
				3.9,
				30,
				1,
				3.922,
				30,
				3.944,
				12,
				3.967,
				12,
				1,
				3.989,
				12,
				4.011,
				17.023,
				4.033,
				22,
				1,
				4.056,
				26.977,
				4.078,
				28,
				4.1,
				28,
				1,
				4.133,
				28,
				4.167,
				26.791,
				4.2,
				20,
				1,
				4.222,
				15.473,
				4.244,
				8,
				4.267,
				8,
				1,
				4.289,
				8,
				4.311,
				30,
				4.333,
				30,
				1,
				4.356,
				30,
				4.378,
				12,
				4.4,
				12,
				1,
				4.422,
				12,
				4.444,
				17.023,
				4.467,
				22,
				1,
				4.489,
				26.977,
				4.511,
				28,
				4.533,
				28,
				1,
				4.556,
				28,
				4.578,
				4,
				4.6,
				4,
				1,
				4.622,
				4,
				4.644,
				30,
				4.667,
				30,
				1,
				4.689,
				30,
				4.711,
				12,
				4.733,
				12,
				1,
				4.756,
				12,
				4.778,
				20,
				4.8,
				20,
				1,
				4.822,
				20,
				4.844,
				8,
				4.867,
				8,
				1,
				4.889,
				8,
				4.911,
				30,
				4.933,
				30,
				1,
				4.956,
				30,
				4.978,
				12,
				5,
				12,
				1,
				5.022,
				12,
				5.044,
				17.023,
				5.067,
				22,
				1,
				5.089,
				26.977,
				5.111,
				28,
				5.133,
				28,
				1,
				5.256,
				28,
				5.378,
				4,
				5.5,
				4,
				1,
				5.522,
				4,
				5.544,
				30,
				5.567,
				30,
				1,
				5.589,
				30,
				5.611,
				30,
				5.633,
				30,
				1,
				5.656,
				30,
				5.678,
				12,
				5.7,
				12,
				1,
				5.722,
				12,
				5.744,
				20,
				5.767,
				20,
				1,
				5.789,
				20,
				5.811,
				8,
				5.833,
				8,
				1,
				5.856,
				8,
				5.878,
				30,
				5.9,
				30,
				1,
				5.922,
				30,
				5.944,
				12,
				5.967,
				12,
				1,
				5.978,
				12,
				5.989,
				15,
				6,
				15
			]
		},
		{
			"Target": "Parameter",
			"Id": "ParamLights5",
			"Segments": [
				0,
				2,
				1,
				1.044,
				2,
				2.089,
				4.616,
				3.133,
				7.6,
				1,
				3.856,
				9.664,
				4.578,
				10,
				5.3,
				10,
				0,
				5.333,
				0,
				1,
				5.556,
				0,
				5.778,
				2,
				6,
				2
			]
		},
		{
			"Target": "Parameter",
			"Id": "ParamLights5M",
			"Segments": [
				0,
				16,
				1,
				0.022,
				16,
				0.044,
				27,
				0.067,
				27,
				1,
				0.089,
				27,
				0.111,
				5,
				0.133,
				5,
				1,
				0.156,
				5,
				0.178,
				21,
				0.2,
				21,
				1,
				0.222,
				21,
				0.244,
				8,
				0.267,
				8,
				1,
				0.289,
				8,
				0.311,
				21.777,
				0.333,
				26,
				1,
				0.356,
				30.223,
				0.378,
				30,
				0.4,
				30,
				1,
				0.422,
				30,
				0.444,
				5,
				0.467,
				5,
				1,
				0.489,
				5,
				0.511,
				6.512,
				0.533,
				9,
				1,
				0.556,
				11.488,
				0.578,
				12.549,
				0.6,
				16,
				1,
				0.622,
				19.451,
				0.644,
				27,
				0.667,
				27,
				1,
				0.689,
				27,
				0.711,
				5,
				0.733,
				5,
				1,
				0.756,
				5,
				0.778,
				21,
				0.8,
				21,
				1,
				0.822,
				21,
				0.844,
				8,
				0.867,
				8,
				1,
				0.889,
				8,
				0.911,
				21.777,
				0.933,
				26,
				1,
				0.956,
				30.223,
				0.978,
				30,
				1,
				30,
				1,
				1.022,
				30,
				1.044,
				5,
				1.067,
				5,
				1,
				1.089,
				5,
				1.111,
				6.512,
				1.133,
				9,
				1,
				1.156,
				11.488,
				1.178,
				12.549,
				1.2,
				16,
				1,
				1.222,
				19.451,
				1.244,
				27,
				1.267,
				27,
				1,
				1.289,
				27,
				1.311,
				5,
				1.333,
				5,
				1,
				1.356,
				5,
				1.378,
				21,
				1.4,
				21,
				1,
				1.422,
				21,
				1.444,
				8,
				1.467,
				8,
				1,
				1.489,
				8,
				1.511,
				26,
				1.533,
				26,
				1,
				1.556,
				26,
				1.578,
				26,
				1.6,
				26,
				1,
				1.622,
				26,
				1.644,
				30,
				1.667,
				30,
				1,
				1.689,
				30,
				1.711,
				5,
				1.733,
				5,
				1,
				1.756,
				5,
				1.778,
				6.512,
				1.8,
				9,
				1,
				1.822,
				11.488,
				1.844,
				12.549,
				1.867,
				16,
				1,
				1.889,
				19.451,
				1.911,
				27,
				1.933,
				27,
				1,
				1.956,
				27,
				1.978,
				5,
				2,
				5,
				1,
				2.022,
				5,
				2.044,
				21,
				2.067,
				21,
				1,
				2.089,
				21,
				2.111,
				8,
				2.133,
				8,
				1,
				2.156,
				8,
				2.178,
				26,
				2.2,
				26,
				1,
				2.356,
				26,
				2.511,
				0,
				2.667,
				0,
				1,
				2.744,
				0,
				2.822,
				2.637,
				2.9,
				9,
				1,
				2.922,
				10.818,
				2.944,
				12.549,
				2.967,
				16,
				1,
				2.989,
				19.451,
				3.011,
				27,
				3.033,
				27,
				1,
				3.056,
				27,
				3.078,
				5,
				3.1,
				5,
				1,
				3.122,
				5,
				3.144,
				21,
				3.167,
				21,
				1,
				3.189,
				21,
				3.211,
				8,
				3.233,
				8,
				1,
				3.256,
				8,
				3.278,
				21.777,
				3.3,
				26,
				1,
				3.322,
				30.223,
				3.344,
				30,
				3.367,
				30,
				1,
				3.389,
				30,
				3.411,
				5,
				3.433,
				5,
				1,
				3.456,
				5,
				3.478,
				6.512,
				3.5,
				9,
				1,
				3.522,
				11.488,
				3.544,
				12.549,
				3.567,
				16,
				1,
				3.589,
				19.451,
				3.611,
				27,
				3.633,
				27,
				1,
				3.656,
				27,
				3.678,
				5,
				3.7,
				5,
				1,
				3.722,
				5,
				3.744,
				21,
				3.767,
				21,
				1,
				3.789,
				21,
				3.811,
				8,
				3.833,
				8,
				1,
				3.856,
				8,
				3.878,
				26,
				3.9,
				26,
				1,
				3.922,
				26,
				3.944,
				26,
				3.967,
				26,
				1,
				3.989,
				26,
				4.011,
				30,
				4.033,
				30,
				1,
				4.056,
				30,
				4.078,
				5,
				4.1,
				5,
				1,
				4.122,
				5,
				4.144,
				6.512,
				4.167,
				9,
				1,
				4.189,
				11.488,
				4.211,
				12.549,
				4.233,
				16,
				1,
				4.256,
				19.451,
				4.278,
				27,
				4.3,
				27,
				1,
				4.322,
				27,
				4.344,
				5,
				4.367,
				5,
				1,
				4.389,
				5,
				4.411,
				21,
				4.433,
				21,
				1,
				4.456,
				21,
				4.478,
				8,
				4.5,
				8,
				1,
				4.522,
				8,
				4.544,
				26,
				4.567,
				26,
				1,
				4.878,
				26,
				5.189,
				0,
				5.5,
				0,
				1,
				5.611,
				0,
				5.722,
				30,
				5.833,
				30,
				1,
				5.856,
				30,
				5.878,
				5,
				5.9,
				5,
				1,
				5.922,
				5,
				5.944,
				6.01,
				5.967,
				9,
				1,
				5.978,
				10.495,
				5.989,
				12,
				6,
				12
			]
		},
		{
			"Target": "Parameter",
			"Id": "ParamLights6",
			"Segments": [
				0,
				0,
				1,
				1.5,
				0,
				3,
				4.6,
				4.5,
				4.6,
				0,
				6,
				4.6
			]
		},
		{
			"Target": "Parameter",
			"Id": "ParamLights6M",
			"Segments": [
				0,
				0,
				1,
				0.111,
				0,
				0.222,
				27,
				0.333,
				27,
				1,
				0.356,
				27,
				0.378,
				0,
				0.4,
				0,
				1,
				0.422,
				0,
				0.444,
				25,
				0.467,
				25,
				1,
				0.489,
				25,
				0.511,
				0,
				0.533,
				0,
				1,
				0.556,
				0,
				0.578,
				5.716,
				0.6,
				15,
				1,
				0.622,
				24.284,
				0.644,
				28,
				0.667,
				28,
				1,
				0.689,
				28,
				0.711,
				0,
				0.733,
				0,
				1,
				0.756,
				0,
				0.778,
				30,
				0.8,
				30,
				1,
				0.822,
				30,
				0.844,
				12,
				0.867,
				12,
				1,
				0.889,
				12,
				0.911,
				27,
				0.933,
				27,
				1,
				0.956,
				27,
				0.978,
				0,
				1,
				0,
				1,
				1.022,
				0,
				1.044,
				25,
				1.067,
				25,
				1,
				1.089,
				25,
				1.111,
				0,
				1.133,
				0,
				1,
				1.156,
				0,
				1.178,
				5.716,
				1.2,
				15,
				1,
				1.222,
				24.284,
				1.244,
				28,
				1.267,
				28,
				1,
				1.289,
				28,
				1.311,
				0,
				1.333,
				0,
				1,
				1.356,
				0,
				1.378,
				30,
				1.4,
				30,
				1,
				1.422,
				30,
				1.444,
				12,
				1.467,
				12,
				1,
				1.489,
				12,
				1.511,
				27,
				1.533,
				27,
				1,
				1.556,
				27,
				1.578,
				0,
				1.6,
				0,
				1,
				1.622,
				0,
				1.644,
				25,
				1.667,
				25,
				1,
				1.689,
				25,
				1.711,
				0,
				1.733,
				0,
				1,
				1.756,
				0,
				1.778,
				5.716,
				1.8,
				15,
				1,
				1.822,
				24.284,
				1.844,
				28,
				1.867,
				28,
				1,
				1.889,
				28,
				1.911,
				0,
				1.933,
				0,
				1,
				1.956,
				0,
				1.978,
				30,
				2,
				30,
				1,
				2.022,
				30,
				2.044,
				12,
				2.067,
				12,
				1,
				2.089,
				12,
				2.111,
				12,
				2.133,
				12,
				1,
				2.156,
				12,
				2.178,
				27,
				2.2,
				27,
				1,
				2.222,
				27,
				2.244,
				0,
				2.267,
				0,
				1,
				2.289,
				0,
				2.311,
				25,
				2.333,
				25,
				1,
				2.356,
				25,
				2.378,
				0,
				2.4,
				0,
				1,
				2.422,
				0,
				2.444,
				5.716,
				2.467,
				15,
				1,
				2.489,
				24.284,
				2.511,
				28,
				2.533,
				28,
				1,
				2.556,
				28,
				2.578,
				0,
				2.6,
				0,
				1,
				2.622,
				0,
				2.644,
				30,
				2.667,
				30,
				1,
				2.689,
				30,
				2.711,
				13.369,
				2.733,
				12,
				1,
				2.878,
				3.099,
				3.022,
				0,
				3.167,
				0,
				1,
				3.233,
				0,
				3.3,
				3.286,
				3.367,
				15,
				1,
				3.389,
				18.905,
				3.411,
				28,
				3.433,
				28,
				1,
				3.456,
				28,
				3.478,
				0,
				3.5,
				0,
				1,
				3.522,
				0,
				3.544,
				30,
				3.567,
				30,
				1,
				3.589,
				30,
				3.611,
				12,
				3.633,
				12,
				1,
				3.656,
				12,
				3.678,
				27,
				3.7,
				27,
				1,
				3.722,
				27,
				3.744,
				0,
				3.767,
				0,
				1,
				3.789,
				0,
				3.811,
				25,
				3.833,
				25,
				1,
				3.856,
				25,
				3.878,
				0,
				3.9,
				0,
				1,
				3.922,
				0,
				3.944,
				5.716,
				3.967,
				15,
				1,
				3.989,
				24.284,
				4.011,
				28,
				4.033,
				28,
				1,
				4.056,
				28,
				4.078,
				0,
				4.1,
				0,
				1,
				4.122,
				0,
				4.144,
				30,
				4.167,
				30,
				1,
				4.189,
				30,
				4.211,
				12,
				4.233,
				12,
				1,
				4.256,
				12,
				4.278,
				27,
				4.3,
				27,
				1,
				4.322,
				27,
				4.344,
				0,
				4.367,
				0,
				1,
				4.389,
				0,
				4.411,
				25,
				4.433,
				25,
				1,
				4.456,
				25,
				4.478,
				0,
				4.5,
				0,
				1,
				4.522,
				0,
				4.544,
				5.716,
				4.567,
				15,
				1,
				4.589,
				24.284,
				4.611,
				28,
				4.633,
				28,
				1,
				4.656,
				28,
				4.678,
				0,
				4.7,
				0,
				1,
				4.722,
				0,
				4.744,
				30,
				4.767,
				30,
				1,
				4.789,
				30,
				4.811,
				12,
				4.833,
				12,
				1,
				4.856,
				12,
				4.878,
				12,
				4.9,
				12,
				1,
				4.922,
				12,
				4.944,
				27,
				4.967,
				27,
				1,
				4.989,
				27,
				5.011,
				0,
				5.033,
				0,
				1,
				5.056,
				0,
				5.078,
				25,
				5.1,
				25,
				1,
				5.122,
				25,
				5.144,
				0,
				5.167,
				0,
				1,
				5.189,
				0,
				5.211,
				5.716,
				5.233,
				15,
				1,
				5.256,
				24.284,
				5.278,
				28,
				5.3,
				28,
				1,
				5.322,
				28,
				5.344,
				0,
				5.367,
				0,
				1,
				5.389,
				0,
				5.411,
				30,
				5.433,
				30,
				1,
				5.456,
				30,
				5.478,
				12,
				5.5,
				12,
				0,
				6,
				12
			]
		},
		{
			"Target": "Parameter",
			"Id": "ParamLights7",
			"Segments": [
				0,
				0,
				0,
				1.133,
				0,
				0,
				5.633,
				10,
				0,
				6,
				10
			]
		},
		{
			"Target": "Parameter",
			"Id": "ParamLights7M",
			"Segments": [
				0,
				0,
				0,
				1.133,
				0,
				1,
				1.244,
				0,
				1.356,
				4.042,
				1.467,
				16,
				1,
				1.489,
				18.392,
				1.511,
				27,
				1.533,
				27,
				1,
				1.556,
				27,
				1.578,
				13,
				1.6,
				13,
				1,
				1.622,
				13,
				1.644,
				25,
				1.667,
				25,
				1,
				1.689,
				25,
				1.711,
				0,
				1.733,
				0,
				1,
				1.756,
				0,
				1.778,
				4.333,
				1.8,
				13,
				1,
				1.822,
				21.667,
				1.844,
				26,
				1.867,
				26,
				1,
				1.889,
				26,
				1.911,
				16,
				1.933,
				16,
				1,
				1.956,
				16,
				1.978,
				24,
				2,
				24,
				1,
				2.022,
				24,
				2.044,
				16,
				2.067,
				16,
				1,
				2.089,
				16,
				2.111,
				27,
				2.133,
				27,
				1,
				2.156,
				27,
				2.178,
				13,
				2.2,
				13,
				1,
				2.222,
				13,
				2.244,
				25,
				2.267,
				25,
				1,
				2.289,
				25,
				2.311,
				0,
				2.333,
				0,
				1,
				2.356,
				0,
				2.378,
				4.333,
				2.4,
				13,
				1,
				2.422,
				21.667,
				2.444,
				26,
				2.467,
				26,
				1,
				2.489,
				26,
				2.511,
				16,
				2.533,
				16,
				1,
				2.556,
				16,
				2.578,
				24,
				2.6,
				24,
				1,
				2.622,
				24,
				2.644,
				16,
				2.667,
				16,
				1,
				2.689,
				16,
				2.711,
				27,
				2.733,
				27,
				1,
				2.756,
				27,
				2.778,
				13,
				2.8,
				13,
				1,
				2.822,
				13,
				2.844,
				25,
				2.867,
				25,
				1,
				2.889,
				25,
				2.911,
				0,
				2.933,
				0,
				1,
				2.956,
				0,
				2.978,
				4.333,
				3,
				13,
				1,
				3.022,
				21.667,
				3.044,
				26,
				3.067,
				26,
				1,
				3.089,
				26,
				3.111,
				16,
				3.133,
				16,
				1,
				3.156,
				16,
				3.178,
				24,
				3.2,
				24,
				1,
				3.222,
				24,
				3.244,
				24,
				3.267,
				24,
				1,
				3.289,
				24,
				3.311,
				16,
				3.333,
				16,
				1,
				3.356,
				16,
				3.378,
				27,
				3.4,
				27,
				1,
				3.422,
				27,
				3.444,
				13,
				3.467,
				13,
				1,
				3.489,
				13,
				3.511,
				25,
				3.533,
				25,
				1,
				3.556,
				25,
				3.578,
				0,
				3.6,
				0,
				1,
				3.622,
				0,
				3.644,
				4.333,
				3.667,
				13,
				1,
				3.689,
				21.667,
				3.711,
				26,
				3.733,
				26,
				1,
				3.756,
				26,
				3.778,
				16,
				3.8,
				16,
				1,
				3.822,
				16,
				3.844,
				24,
				3.867,
				24,
				1,
				4,
				24,
				4.133,
				0,
				4.267,
				0,
				1,
				4.289,
				0,
				4.311,
				4.333,
				4.333,
				13,
				1,
				4.356,
				21.667,
				4.378,
				26,
				4.4,
				26,
				1,
				4.422,
				26,
				4.444,
				16,
				4.467,
				16,
				1,
				4.489,
				16,
				4.511,
				24,
				4.533,
				24,
				1,
				4.556,
				24,
				4.578,
				16,
				4.6,
				16,
				1,
				4.622,
				16,
				4.644,
				27,
				4.667,
				27,
				1,
				4.689,
				27,
				4.711,
				13,
				4.733,
				13,
				1,
				4.756,
				13,
				4.778,
				25,
				4.8,
				25,
				1,
				4.822,
				25,
				4.844,
				0,
				4.867,
				0,
				1,
				4.889,
				0,
				4.911,
				4.333,
				4.933,
				13,
				1,
				4.956,
				21.667,
				4.978,
				26,
				5,
				26,
				1,
				5.022,
				26,
				5.044,
				16,
				5.067,
				16,
				1,
				5.089,
				16,
				5.111,
				24,
				5.133,
				24,
				1,
				5.156,
				24,
				5.178,
				24,
				5.2,
				24,
				1,
				5.222,
				24,
				5.244,
				16,
				5.267,
				16,
				1,
				5.289,
				16,
				5.311,
				27,
				5.333,
				27,
				1,
				5.356,
				27,
				5.378,
				13,
				5.4,
				13,
				1,
				5.422,
				13,
				5.444,
				25,
				5.467,
				25,
				1,
				5.489,
				25,
				5.511,
				0,
				5.533,
				0,
				1,
				5.556,
				0,
				5.578,
				4.333,
				5.6,
				13,
				1,
				5.622,
				21.667,
				5.644,
				26,
				5.667,
				26,
				1,
				5.689,
				26,
				5.711,
				16,
				5.733,
				16,
				1,
				5.756,
				16,
				5.778,
				24,
				5.8,
				24,
				0,
				6,
				24
			]
		},
		{
			"Target": "Parameter",
			"Id": "ParamB",
			"Segments": [
				0,
				-5,
				1,
				0.5,
				-5,
				1,
				-3.333,
				1.5,
				0,
				1,
				2,
				3.333,
				2.5,
				5,
				3,
				5,
				1,
				3.5,
				5,
				4,
				3.333,
				4.5,
				0,
				1,
				5,
				-3.333,
				5.5,
				-5,
				6,
				-5
			]
		},
		{
			"Target": "Parameter",
			"Id": "ParamMoyaFront1",
			"Segments": [
				0,
				0,
				1,
				0.278,
				0,
				0.556,
				0,
				0.833,
				0,
				1,
				1.889,
				0,
				2.944,
				30,
				4,
				30,
				1,
				4.222,
				30,
				4.444,
				0,
				4.667,
				0,
				1,
				5.111,
				0,
				5.556,
				0,
				6,
				0
			]
		},
		{
			"Target": "Parameter",
			"Id": "ParamMAl1",
			"Segments": [
				0,
				30,
				1,
				0.278,
				30,
				0.556,
				30,
				0.833,
				30,
				1,
				1.167,
				30,
				1.5,
				0,
				1.833,
				0,
				1,
				2.222,
				0,
				2.611,
				1.103,
				3,
				10,
				1,
				3.333,
				17.626,
				3.667,
				30,
				4,
				30,
				1,
				4.667,
				30,
				5.333,
				30,
				6,
				30
			]
		},
		{
			"Target": "Parameter",
			"Id": "ParamMoyaFront2",
			"Segments": [
				0,
				28,
				1,
				0.122,
				28,
				0.244,
				30,
				0.367,
				30,
				1,
				0.867,
				30,
				1.367,
				0,
				1.867,
				0,
				1,
				2.8,
				0,
				3.733,
				11.035,
				4.667,
				28,
				1,
				4.789,
				30.222,
				4.911,
				30,
				5.033,
				30,
				1,
				5.356,
				30,
				5.678,
				28,
				6,
				28
			]
		},
		{
			"Target": "Parameter",
			"Id": "ParamMAl2",
			"Segments": [
				0,
				21,
				1,
				0.122,
				21,
				0.244,
				30,
				0.367,
				30,
				1,
				0.867,
				30,
				1.367,
				30,
				1.867,
				30,
				1,
				2.2,
				30,
				2.533,
				0,
				2.867,
				0,
				1,
				3.256,
				0,
				3.644,
				0,
				4.033,
				0,
				1,
				4.244,
				0,
				4.456,
				8.64,
				4.667,
				21,
				1,
				4.789,
				28.156,
				4.911,
				30,
				5.033,
				30,
				1,
				5.356,
				30,
				5.678,
				21,
				6,
				21
			]
		},
		{
			"Target": "Parameter",
			"Id": "ParamMoyaFront3",
			"Segments": [
				0,
				10,
				1,
				0.833,
				10,
				1.667,
				30,
				2.5,
				30,
				1,
				2.678,
				30,
				2.856,
				0,
				3.033,
				0,
				1,
				3.578,
				0,
				4.122,
				10,
				4.667,
				10,
				1,
				5.111,
				10,
				5.556,
				10,
				6,
				10
			]
		},
		{
			"Target": "Parameter",
			"Id": "ParamMAl3",
			"Segments": [
				0,
				18,
				1,
				0.322,
				18,
				0.644,
				16,
				0.967,
				16,
				1,
				1.478,
				16,
				1.989,
				30,
				2.5,
				30,
				1,
				2.678,
				30,
				2.856,
				30,
				3.033,
				30,
				1,
				3.367,
				30,
				3.7,
				25.322,
				4.033,
				22,
				1,
				4.244,
				19.896,
				4.456,
				19.011,
				4.667,
				18,
				1,
				4.989,
				16.456,
				5.311,
				16,
				5.633,
				16,
				1,
				5.756,
				16,
				5.878,
				18,
				6,
				18
			]
		},
		{
			"Target": "Parameter",
			"Id": "ParamMoyaFront4",
			"Segments": [
				0,
				0,
				1,
				0.4,
				0,
				0.8,
				0,
				1.2,
				0,
				1,
				2.256,
				0,
				3.311,
				30,
				4.367,
				30,
				1,
				4.911,
				30,
				5.456,
				0,
				6,
				0
			]
		},
		{
			"Target": "Parameter",
			"Id": "ParamMAl4",
			"Segments": [
				0,
				30,
				1,
				0.4,
				30,
				0.8,
				30,
				1.2,
				30,
				1,
				1.533,
				30,
				1.867,
				15,
				2.2,
				15,
				1,
				2.589,
				15,
				2.978,
				15.506,
				3.367,
				20,
				1,
				3.7,
				23.852,
				4.033,
				30,
				4.367,
				30,
				1,
				4.911,
				30,
				5.456,
				30,
				6,
				30
			]
		},
		{
			"Target": "Parameter",
			"Id": "ParamMZ1",
			"Segments": [
				0,
				30,
				1,
				2,
				30,
				4,
				30,
				6,
				30
			]
		}
	]
}