{
	"Version": 3,
	"Meta": {
		"Duration": 5.333,
		"Fps": 30.0,
		"Loop": true,
		"AreBeziersRestricted": false,
		"CurveCount": 120,
		"TotalSegmentCount": 669,
		"TotalPointCount": 2017,
		"UserDataCount": 0,
		"TotalUserDataSize": 0
	},
	"Curves": [
		{
			"Target": "Parameter",
			"Id": "ParamEyeLOpen",
			"Segments": [
				0,
				1,
				1,
				0.533,
				1,
				1.067,
				1,
				1.6,
				1,
				1,
				1.644,
				1,
				1.689,
				0,
				1.733,
				0,
				1,
				1.744,
				0,
				1.756,
				0,
				1.767,
				0,
				1,
				1.811,
				0,
				1.856,
				1,
				1.9,
				1,
				1,
				2.156,
				1,
				2.411,
				1,
				2.667,
				1,
				1,
				3.556,
				1,
				4.444,
				1,
				5.333,
				1
			]
		},
		{
			"Target": "Parameter",
			"Id": "ParamEyeROpen",
			"Segments": [
				0,
				1,
				1,
				0.533,
				1,
				1.067,
				1,
				1.6,
				1,
				1,
				1.644,
				1,
				1.689,
				0,
				1.733,
				0,
				1,
				1.744,
				0,
				1.756,
				0,
				1.767,
				0,
				1,
				1.811,
				0,
				1.856,
				1,
				1.9,
				1,
				1,
				2.156,
				1,
				2.411,
				1,
				2.667,
				1,
				1,
				3.556,
				1,
				4.444,
				1,
				5.333,
				1
			]
		},
		{
			"Target": "Parameter",
			"Id": "ParamEyeBallX",
			"Segments": [
				0,
				0,
				1,
				0.889,
				0,
				1.778,
				0,
				2.667,
				0,
				1,
				3.556,
				0,
				4.444,
				0,
				5.333,
				0
			]
		},
		{
			"Target": "Parameter",
			"Id": "ParamEyeBallY",
			"Segments": [
				0,
				0,
				1,
				0.889,
				0,
				1.778,
				0,
				2.667,
				0,
				1,
				3.556,
				0,
				4.444,
				0,
				5.333,
				0
			]
		},
		{
			"Target": "Parameter",
			"Id": "ParamBrowLAngle",
			"Segments": [
				0,
				0,
				1,
				0.889,
				0,
				1.778,
				0,
				2.667,
				0,
				1,
				3.556,
				0,
				4.444,
				0,
				5.333,
				0
			]
		},
		{
			"Target": "Parameter",
			"Id": "ParamBrowLForm",
			"Segments": [
				0,
				0,
				1,
				0.889,
				0,
				1.778,
				0,
				2.667,
				0,
				1,
				3.556,
				0,
				4.444,
				0,
				5.333,
				0
			]
		},
		{
			"Target": "Parameter",
			"Id": "ParamBodyAngleY",
			"Segments": [
				0,
				0,
				1,
				0.011,
				0,
				0.022,
				0.138,
				0.033,
				0.181,
				1,
				0.467,
				1.845,
				0.9,
				2.637,
				1.333,
				2.637,
				1,
				1.778,
				2.637,
				2.222,
				1.623,
				2.667,
				0,
				1,
				3.111,
				-1.623,
				3.556,
				-2.262,
				4,
				-2.262,
				1,
				4.422,
				-2.262,
				4.844,
				-1.591,
				5.267,
				-0.172,
				1,
				5.289,
				-0.097,
				5.311,
				0,
				5.333,
				0
			]
		},
		{
			"Target": "Parameter",
			"Id": "ParamBreath",
			"Segments": [
				0,
				0,
				1,
				0.889,
				0,
				1.778,
				1,
				2.667,
				1,
				1,
				3.556,
				1,
				4.444,
				0,
				5.333,
				0
			]
		},
		{
			"Target": "Parameter",
			"Id": "ParamImageX",
			"Segments": [
				0,
				0,
				1,
				0.444,
				0,
				0.889,
				0,
				1.333,
				0,
				1,
				1.556,
				0,
				1.778,
				0,
				2,
				0,
				1,
				2.522,
				0,
				3.044,
				0,
				3.567,
				0,
				1,
				4.156,
				0,
				4.744,
				0,
				5.333,
				0
			]
		},
		{
			"Target": "Parameter",
			"Id": "ParamImageY",
			"Segments": [
				0,
				0,
				1,
				0.444,
				0,
				0.889,
				0,
				1.333,
				0,
				1,
				1.556,
				0,
				1.778,
				0,
				2,
				0,
				1,
				2.522,
				0,
				3.044,
				-3,
				3.567,
				-3,
				1,
				4.156,
				-3,
				4.744,
				0,
				5.333,
				0
			]
		},
		{
			"Target": "Parameter",
			"Id": "ParamHimoX",
			"Segments": [
				0,
				0,
				1,
				0.011,
				0,
				0.022,
				0.868,
				0.033,
				0.868,
				1,
				0.567,
				0.868,
				1.1,
				-12.936,
				1.633,
				-12.936,
				1,
				1.989,
				-12.936,
				2.344,
				-7.669,
				2.7,
				-1.531,
				1,
				2.967,
				3.073,
				3.233,
				4,
				3.5,
				4,
				1,
				3.889,
				4,
				4.278,
				-2.985,
				4.667,
				-2.985,
				1,
				4.867,
				-2.985,
				5.067,
				-2.349,
				5.267,
				-0.765,
				1,
				5.289,
				-0.589,
				5.311,
				0,
				5.333,
				0
			]
		},
		{
			"Target": "Parameter",
			"Id": "ParamHimoY",
			"Segments": [
				0,
				0,
				1,
				0.011,
				0,
				0.022,
				1.025,
				0.033,
				1.025,
				1,
				0.567,
				1.025,
				1.1,
				-18.947,
				1.633,
				-18.947,
				1,
				1.989,
				-18.947,
				2.344,
				-9.383,
				2.7,
				0,
				1,
				2.967,
				7.038,
				3.233,
				8,
				3.5,
				8,
				1,
				3.889,
				8,
				4.278,
				-4.057,
				4.667,
				-4.057,
				1,
				4.856,
				-4.057,
				5.044,
				-3.14,
				5.233,
				-0.919,
				1,
				5.267,
				-0.526,
				5.3,
				0,
				5.333,
				0
			]
		},
		{
			"Target": "Parameter",
			"Id": "ParamPaiX",
			"Segments": [
				0,
				0,
				1,
				0.056,
				0,
				0.111,
				0,
				0.167,
				0,
				1,
				0.6,
				0,
				1.033,
				0,
				1.467,
				0,
				1,
				1.922,
				0,
				2.378,
				0,
				2.833,
				0,
				1,
				3.267,
				0,
				3.7,
				0,
				4.133,
				0,
				1,
				4.533,
				0,
				4.933,
				0,
				5.333,
				0
			]
		},
		{
			"Target": "Parameter",
			"Id": "ParamPaiY",
			"Segments": [
				0,
				-9,
				1,
				0.056,
				-9,
				0.111,
				-9,
				0.167,
				-9,
				1,
				0.6,
				-9,
				1.033,
				-4.105,
				1.467,
				0,
				1,
				1.922,
				4.315,
				2.378,
				5,
				2.833,
				5,
				1,
				3.267,
				5,
				3.7,
				3.257,
				4.133,
				0,
				1,
				4.533,
				-3.006,
				4.933,
				-6.459,
				5.333,
				-8.8
			]
		},
		{
			"Target": "Parameter",
			"Id": "ParamPaiX2",
			"Segments": [
				0,
				0,
				1,
				0.033,
				0,
				0.067,
				0,
				0.1,
				0,
				1,
				0.544,
				0,
				0.989,
				0,
				1.433,
				0,
				1,
				1.878,
				0,
				2.322,
				0,
				2.767,
				0,
				1,
				3.211,
				0,
				3.656,
				0,
				4.1,
				0,
				1,
				4.511,
				0,
				4.922,
				0,
				5.333,
				0
			]
		},
		{
			"Target": "Parameter",
			"Id": "ParamPaiY2",
			"Segments": [
				0,
				-12,
				1,
				0.033,
				-12,
				0.067,
				-12,
				0.1,
				-12,
				1,
				0.544,
				-12,
				0.989,
				-6.385,
				1.433,
				0,
				1,
				1.878,
				6.385,
				2.322,
				8,
				2.767,
				8,
				1,
				3.211,
				8,
				3.656,
				4.772,
				4.1,
				0,
				1,
				4.511,
				-4.414,
				4.922,
				-8.83,
				5.333,
				-11.9
			]
		},
		{
			"Target": "Parameter",
			"Id": "ParamPai2X",
			"Segments": [
				0,
				0,
				1,
				0.022,
				0,
				0.044,
				0,
				0.067,
				0,
				1,
				0.5,
				0,
				0.933,
				0,
				1.367,
				0,
				1,
				1.822,
				0,
				2.278,
				0,
				2.733,
				0,
				1,
				3.167,
				0,
				3.6,
				0,
				4.033,
				0,
				1,
				4.467,
				0,
				4.9,
				0,
				5.333,
				0
			]
		},
		{
			"Target": "Parameter",
			"Id": "ParamPai2Y",
			"Segments": [
				0,
				-6,
				1,
				0.022,
				-6,
				0.044,
				-6,
				0.067,
				-6,
				1,
				0.5,
				-6,
				0.933,
				-3.084,
				1.367,
				0,
				1,
				1.822,
				3.243,
				2.278,
				4,
				2.733,
				4,
				1,
				3.167,
				4,
				3.6,
				3.198,
				4.033,
				0,
				1,
				4.467,
				-3.198,
				4.9,
				-6,
				5.333,
				-6
			]
		},
		{
			"Target": "Parameter",
			"Id": "ParamPai2X2",
			"Segments": [
				0,
				0,
				1,
				0.444,
				0,
				0.889,
				0,
				1.333,
				0,
				1,
				1.778,
				0,
				2.222,
				0,
				2.667,
				0,
				1,
				3.111,
				0,
				3.556,
				0,
				4,
				0,
				1,
				4.444,
				0,
				4.889,
				0,
				5.333,
				0
			]
		},
		{
			"Target": "Parameter",
			"Id": "ParamPai2Y2",
			"Segments": [
				0,
				-8,
				1,
				0.444,
				-8,
				0.889,
				-5.646,
				1.333,
				0,
				1,
				1.778,
				5.646,
				2.222,
				9,
				2.667,
				9,
				1,
				3.111,
				9,
				3.556,
				5.646,
				4,
				0,
				1,
				4.444,
				-5.646,
				4.889,
				-8,
				5.333,
				-8
			]
		},
		{
			"Target": "Parameter",
			"Id": "ParamHairLibonX",
			"Segments": [
				0,
				0,
				1,
				0.244,
				0,
				0.489,
				-1,
				0.733,
				-1,
				1,
				1.122,
				-1,
				1.511,
				1,
				1.9,
				1,
				1,
				2.156,
				1,
				2.411,
				0,
				2.667,
				0,
				1,
				2.933,
				0,
				3.2,
				1,
				3.467,
				1,
				1,
				3.778,
				1,
				4.089,
				-1,
				4.4,
				-1,
				1,
				4.711,
				-1,
				5.022,
				0,
				5.333,
				0
			]
		},
		{
			"Target": "Parameter",
			"Id": "ParamHairLibonY",
			"Segments": [
				0,
				0,
				1,
				0.011,
				0,
				0.022,
				-0.031,
				0.033,
				-0.091,
				1,
				0.267,
				-1.364,
				0.5,
				-2,
				0.733,
				-2,
				1,
				1.122,
				-2,
				1.511,
				1,
				1.9,
				1,
				1,
				2.156,
				1,
				2.411,
				0.882,
				2.667,
				0,
				1,
				2.933,
				-0.92,
				3.2,
				-2,
				3.467,
				-2,
				1,
				3.889,
				-2,
				4.311,
				0.913,
				4.733,
				0.913,
				1,
				4.922,
				0.913,
				5.111,
				0.674,
				5.3,
				0.137,
				1,
				5.311,
				0.105,
				5.322,
				0,
				5.333,
				0
			]
		},
		{
			"Target": "Parameter",
			"Id": "ParamKami9",
			"Segments": [
				0,
				10.8,
				0,
				0.233,
				14.847,
				0,
				1.2,
				28.793,
				0,
				1.3,
				30,
				3,
				1.333,
				-30,
				1,
				1.356,
				-30,
				1.378,
				-29.428,
				1.4,
				-29.194,
				0,
				3.733,
				-5.031,
				0,
				5.333,
				10.8
			]
		},
		{
			"Target": "Parameter",
			"Id": "ParamKami8",
			"Segments": [
				0,
				12.1,
				1,
				0.044,
				12.1,
				0.089,
				13.192,
				0.133,
				13.964,
				1,
				0.433,
				19.172,
				0.733,
				23.692,
				1.033,
				28.793,
				1,
				1.067,
				29.359,
				1.1,
				30,
				1.133,
				30,
				1,
				1.144,
				30,
				1.156,
				-30,
				1.167,
				-30,
				1,
				1.189,
				-30,
				1.211,
				-29.457,
				1.233,
				-29.194,
				1,
				2.056,
				-19.485,
				2.878,
				-11.042,
				3.7,
				-0.449,
				1,
				4.244,
				6.565,
				4.789,
				12.1,
				5.333,
				12.1
			]
		},
		{
			"Target": "Parameter",
			"Id": "ParamKami7",
			"Segments": [
				0,
				13.5,
				0,
				0.1,
				15.583,
				0,
				0.9,
				28.793,
				0,
				0.967,
				30,
				3,
				1,
				-30,
				1,
				1.022,
				-30,
				1.044,
				-29.412,
				1.067,
				-29.194,
				1,
				2.011,
				-19.954,
				2.956,
				-12.955,
				3.9,
				-1.84,
				0,
				5.333,
				13.5
			]
		},
		{
			"Target": "Parameter",
			"Id": "ParamKami6",
			"Segments": [
				0,
				15,
				0,
				0.067,
				16.442,
				0,
				0.733,
				28.793,
				0,
				0.8,
				30,
				3,
				0.833,
				-30,
				0,
				0.9,
				-29.194,
				0,
				3.633,
				-0.368,
				0,
				5.333,
				15
			]
		},
		{
			"Target": "Parameter",
			"Id": "ParamKami5",
			"Segments": [
				0,
				17.1,
				0,
				0.033,
				18,
				0,
				0.567,
				28.793,
				0,
				0.633,
				30,
				3,
				0.667,
				-30,
				0,
				0.733,
				-29.194,
				0,
				3.167,
				-3.313,
				0,
				4.833,
				12.638,
				0,
				5.333,
				17.1
			]
		},
		{
			"Target": "Parameter",
			"Id": "ParamKami4",
			"Segments": [
				0,
				20,
				0,
				0.067,
				21.472,
				0,
				0.367,
				27.975,
				0,
				0.467,
				30,
				3,
				0.5,
				-30,
				0,
				0.933,
				-26.258,
				0,
				3.033,
				-7.117,
				0,
				5,
				15.951,
				0,
				5.333,
				20
			]
		},
		{
			"Target": "Parameter",
			"Id": "ParamKami3",
			"Segments": [
				0,
				23.4,
				1,
				0.011,
				23.4,
				0.022,
				23.721,
				0.033,
				24,
				0,
				0.233,
				28.793,
				0,
				0.3,
				30,
				3,
				0.333,
				-30,
				0,
				0.4,
				-29.194,
				0,
				2.867,
				-3.926,
				0,
				4.833,
				17.178,
				0,
				5.333,
				23.4
			]
		},
		{
			"Target": "Parameter",
			"Id": "ParamKami2",
			"Segments": [
				0,
				26.8,
				0,
				0.067,
				28.466,
				0,
				0.133,
				30,
				3,
				0.167,
				-30,
				0,
				0.233,
				-29.194,
				0,
				2.733,
				-3.558,
				0,
				4.667,
				19.018,
				0,
				5.333,
				26.8
			]
		},
		{
			"Target": "Parameter",
			"Id": "ParamKami1",
			"Segments": [
				0,
				-30,
				0,
				2.533,
				-0.449,
				0,
				5.333,
				30
			]
		},
		{
			"Target": "Parameter",
			"Id": "ParamRibon1",
			"Segments": [
				0,
				0,
				1,
				0.011,
				0,
				0.022,
				-0.607,
				0.033,
				-0.826,
				1,
				0.1,
				-2.137,
				0.167,
				-3.392,
				0.233,
				-4.432,
				1,
				0.411,
				-7.206,
				0.589,
				-8.396,
				0.767,
				-8.396,
				1,
				1.1,
				-8.396,
				1.433,
				0.358,
				1.767,
				0.358,
				1,
				2.344,
				0.358,
				2.922,
				-10.387,
				3.5,
				-10.387,
				1,
				3.789,
				-10.387,
				4.078,
				-8.311,
				4.367,
				-3.227,
				1,
				4.556,
				0.097,
				4.744,
				2.319,
				4.933,
				2.319,
				1,
				5.056,
				2.319,
				5.178,
				1.885,
				5.3,
				0.709,
				1,
				5.311,
				0.602,
				5.322,
				0.425,
				5.333,
				0.274
			]
		},
		{
			"Target": "Parameter",
			"Id": "ParamRibon2",
			"Segments": [
				0,
				2.5,
				1,
				0.022,
				2.5,
				0.044,
				1.845,
				0.067,
				1.518,
				1,
				0.144,
				0.37,
				0.222,
				0,
				0.3,
				0,
				1,
				0.311,
				0,
				0.322,
				0,
				0.333,
				0,
				1,
				0.689,
				0,
				1.044,
				21,
				1.4,
				21,
				1,
				2.122,
				21,
				2.844,
				-18,
				3.567,
				-18,
				1,
				4.044,
				-18,
				4.522,
				5,
				5,
				5,
				1,
				5.1,
				5,
				5.2,
				4.627,
				5.3,
				3.49,
				1,
				5.311,
				3.364,
				5.322,
				3.116,
				5.333,
				2.9
			]
		},
		{
			"Target": "Parameter",
			"Id": "ParamRibon3",
			"Segments": [
				0,
				0,
				1,
				0.011,
				0,
				0.022,
				0.648,
				0.033,
				0.935,
				1,
				0.067,
				1.797,
				0.1,
				2.049,
				0.133,
				2.049,
				1,
				0.733,
				2.049,
				1.333,
				-13.147,
				1.933,
				-13.147,
				1,
				2.422,
				-13.147,
				2.911,
				-2,
				3.4,
				-2,
				1,
				3.822,
				-2,
				4.244,
				-9.611,
				4.667,
				-9.611,
				1,
				4.867,
				-9.611,
				5.067,
				-7.867,
				5.267,
				-3.18,
				1,
				5.289,
				-2.659,
				5.311,
				-1.419,
				5.333,
				-0.651
			]
		},
		{
			"Target": "Parameter",
			"Id": "ParamRibon4",
			"Segments": [
				0,
				-0.3,
				1,
				0.011,
				-0.3,
				0.022,
				-1.527,
				0.033,
				-1.856,
				1,
				0.178,
				-6.138,
				0.322,
				-8,
				0.467,
				-8,
				1,
				0.633,
				-8,
				0.8,
				0,
				0.967,
				0,
				1,
				0.978,
				0,
				0.989,
				0,
				1,
				0,
				1,
				1.489,
				0,
				1.978,
				-23,
				2.467,
				-23,
				1,
				3.011,
				-23,
				3.556,
				30,
				4.1,
				30,
				1,
				4.511,
				30,
				4.922,
				20.959,
				5.333,
				2
			]
		},
		{
			"Target": "Parameter",
			"Id": "ParamRibon5",
			"Segments": [
				0,
				5.7,
				1,
				0.011,
				5.7,
				0.022,
				5.904,
				0.033,
				6.081,
				1,
				0.089,
				6.97,
				0.144,
				7.34,
				0.2,
				7.34,
				1,
				0.567,
				7.34,
				0.933,
				0,
				1.3,
				0,
				1,
				1.311,
				0,
				1.322,
				0,
				1.333,
				0,
				1,
				1.889,
				0,
				2.444,
				-17.541,
				3,
				-17.541,
				1,
				3.367,
				-17.541,
				3.733,
				-14.466,
				4.1,
				-9.612,
				1,
				4.489,
				-4.464,
				4.878,
				-0.185,
				5.267,
				4.735,
				1,
				5.289,
				5.016,
				5.311,
				5.351,
				5.333,
				5.544
			]
		},
		{
			"Target": "Parameter",
			"Id": "ParamRibon6",
			"Segments": [
				0,
				-2.4,
				1,
				0.011,
				-2.4,
				0.022,
				-3.388,
				0.033,
				-4.016,
				1,
				0.344,
				-21.577,
				0.656,
				-30,
				0.967,
				-30,
				1,
				1.256,
				-30,
				1.544,
				-19.761,
				1.833,
				-8.315,
				1,
				2.067,
				0.929,
				2.3,
				2.864,
				2.533,
				2.864,
				1,
				2.878,
				2.864,
				3.222,
				-7.547,
				3.567,
				-7.547,
				1,
				3.978,
				-7.547,
				4.389,
				1.258,
				4.8,
				1.258,
				1,
				4.978,
				1.258,
				5.156,
				0.501,
				5.333,
				-1.255
			]
		},
		{
			"Target": "Parameter",
			"Id": "ParamRibon7",
			"Segments": [
				0,
				-1.7,
				1,
				0.011,
				-1.7,
				0.022,
				-2.139,
				0.033,
				-2.327,
				1,
				0.144,
				-4.2,
				0.256,
				-5,
				0.367,
				-5,
				1,
				0.656,
				-5,
				0.944,
				13.945,
				1.233,
				13.945,
				1,
				1.478,
				13.945,
				1.722,
				0,
				1.967,
				0,
				1,
				1.978,
				0,
				1.989,
				0,
				2,
				0,
				1,
				2.389,
				0,
				2.778,
				17.683,
				3.167,
				17.683,
				1,
				3.533,
				17.683,
				3.9,
				16.153,
				4.267,
				12.092,
				1,
				4.611,
				8.276,
				4.956,
				3.807,
				5.3,
				-0.574,
				1,
				5.311,
				-0.715,
				5.322,
				-0.997,
				5.333,
				-1.243
			]
		},
		{
			"Target": "Parameter",
			"Id": "ParamRibon8",
			"Segments": [
				0,
				-0.9,
				1,
				0.011,
				-0.9,
				0.022,
				-0.237,
				0.033,
				0,
				1,
				0.256,
				4.747,
				0.478,
				6.931,
				0.7,
				6.931,
				1,
				1.244,
				6.931,
				1.789,
				0,
				2.333,
				0,
				1,
				2.822,
				0,
				3.311,
				14.463,
				3.8,
				14.463,
				1,
				4.289,
				14.463,
				4.778,
				-3,
				5.267,
				-3,
				1,
				5.289,
				-3,
				5.311,
				-2.77,
				5.333,
				-1.932
			]
		},
		{
			"Target": "Parameter",
			"Id": "ParamUdeR2",
			"Segments": [
				0,
				0,
				1,
				0.011,
				0,
				0.022,
				1.231,
				0.033,
				1.518,
				1,
				0.389,
				10.68,
				0.744,
				15,
				1.1,
				15,
				1,
				1.544,
				15,
				1.989,
				10,
				2.433,
				0,
				1,
				2.878,
				-10,
				3.322,
				-15,
				3.767,
				-15,
				1,
				4.278,
				-15,
				4.789,
				-10.561,
				5.3,
				-1.284,
				1,
				5.311,
				-1.082,
				5.322,
				0,
				5.333,
				0
			]
		},
		{
			"Target": "Parameter",
			"Id": "ParamUdeR",
			"Segments": [
				0,
				0,
				1,
				0.011,
				0,
				0.022,
				1.256,
				0.033,
				1.518,
				1,
				0.422,
				10.67,
				0.811,
				15,
				1.2,
				15,
				1,
				1.644,
				15,
				2.089,
				10,
				2.533,
				0,
				1,
				2.978,
				-10,
				3.422,
				-15,
				3.867,
				-15,
				1,
				4.344,
				-15,
				4.822,
				-10.649,
				5.3,
				-1.518,
				1,
				5.311,
				-1.305,
				5.322,
				0,
				5.333,
				0
			]
		},
		{
			"Target": "Parameter",
			"Id": "ParamHandR",
			"Segments": [
				0,
				0,
				1,
				0.011,
				0,
				0.022,
				1.277,
				0.033,
				1.518,
				1,
				0.456,
				10.662,
				0.878,
				15,
				1.3,
				15,
				1,
				1.744,
				15,
				2.189,
				10,
				2.633,
				0,
				1,
				3.078,
				-10,
				3.522,
				-15,
				3.967,
				-15,
				1,
				4.411,
				-15,
				4.856,
				-10.697,
				5.3,
				-1.634,
				1,
				5.311,
				-1.408,
				5.322,
				0,
				5.333,
				0
			]
		},
		{
			"Target": "Parameter",
			"Id": "ParamKR",
			"Segments": [
				0,
				0,
				1,
				0.011,
				0,
				0.022,
				1.413,
				0.033,
				1.634,
				1,
				0.489,
				10.694,
				0.944,
				15,
				1.4,
				15,
				1,
				1.844,
				15,
				2.289,
				10,
				2.733,
				0,
				1,
				3.178,
				-10,
				3.622,
				-15,
				4.067,
				-15,
				1,
				4.478,
				-15,
				4.889,
				-10.623,
				5.3,
				-1.401,
				1,
				5.311,
				-1.152,
				5.322,
				0,
				5.333,
				0
			]
		},
		{
			"Target": "Parameter",
			"Id": "ParamUdeL2",
			"Segments": [
				0,
				0,
				1,
				0.011,
				0,
				0.022,
				1.494,
				0.033,
				1.751,
				1,
				0.422,
				10.752,
				0.811,
				15,
				1.2,
				15,
				1,
				1.644,
				15,
				2.089,
				10,
				2.533,
				0,
				1,
				2.978,
				-10,
				3.422,
				-15,
				3.867,
				-15,
				1,
				4.344,
				-15,
				4.822,
				-10.567,
				5.3,
				-1.284,
				1,
				5.311,
				-1.068,
				5.322,
				0,
				5.333,
				0
			]
		},
		{
			"Target": "Parameter",
			"Id": "ParamUdeL",
			"Segments": [
				0,
				0,
				1,
				0.011,
				0,
				0.022,
				1.039,
				0.033,
				1.284,
				1,
				0.456,
				10.579,
				0.878,
				15,
				1.3,
				15,
				1,
				1.744,
				15,
				2.189,
				10,
				2.633,
				0,
				1,
				3.078,
				-10,
				3.522,
				-15,
				3.967,
				-15,
				1,
				4.411,
				-15,
				4.856,
				-10.656,
				5.3,
				-1.518,
				1,
				5.311,
				-1.289,
				5.322,
				0,
				5.333,
				0
			]
		},
		{
			"Target": "Parameter",
			"Id": "ParamHnadL",
			"Segments": [
				0,
				0,
				1,
				0.011,
				0,
				0.022,
				1.413,
				0.033,
				1.634,
				1,
				0.489,
				10.694,
				0.944,
				15,
				1.4,
				15,
				1,
				1.844,
				15,
				2.289,
				10,
				2.733,
				0,
				1,
				3.178,
				-10,
				3.622,
				-15,
				4.067,
				-15,
				1,
				4.478,
				-15,
				4.889,
				-10.538,
				5.3,
				-1.167,
				1,
				5.311,
				-0.914,
				5.322,
				0,
				5.333,
				0
			]
		},
		{
			"Target": "Parameter",
			"Id": "ParamKL",
			"Segments": [
				0,
				0,
				1,
				0.011,
				0,
				0.022,
				1.192,
				0.033,
				1.401,
				1,
				0.522,
				10.606,
				1.011,
				15,
				1.5,
				15,
				1,
				1.944,
				15,
				2.389,
				10,
				2.833,
				0,
				1,
				3.278,
				-10,
				3.722,
				-15,
				4.167,
				-15,
				1,
				4.544,
				-15,
				4.922,
				-10.589,
				5.3,
				-1.284,
				1,
				5.311,
				-1.01,
				5.322,
				0,
				5.333,
				0
			]
		},
		{
			"Target": "Parameter",
			"Id": "ParamFoot",
			"Segments": [
				0,
				0,
				1,
				0.011,
				0,
				0.022,
				-0.422,
				0.033,
				-0.77,
				1,
				0.467,
				-14.362,
				0.9,
				-21,
				1.333,
				-21,
				1,
				1.778,
				-21,
				2.222,
				-6.093,
				2.667,
				0,
				1,
				3.111,
				6.093,
				3.556,
				6,
				4,
				6,
				1,
				4.444,
				6,
				4.889,
				4.191,
				5.333,
				0.4
			]
		},
		{
			"Target": "Parameter",
			"Id": "ParamFootL",
			"Segments": [
				0,
				0,
				1,
				0.011,
				0,
				0.022,
				0.999,
				0.033,
				1.401,
				1,
				0.567,
				20.669,
				1.1,
				30,
				1.633,
				30,
				1,
				2.078,
				30,
				2.522,
				20,
				2.967,
				0,
				1,
				3.411,
				-20,
				3.856,
				-30,
				4.3,
				-30,
				1,
				4.644,
				-30,
				4.989,
				-20.788,
				5.333,
				-1.634
			]
		},
		{
			"Target": "Parameter",
			"Id": "ParamFootL2",
			"Segments": [
				0,
				0,
				1,
				0.011,
				0,
				0.022,
				-0.354,
				0.033,
				-0.564,
				1,
				0.511,
				-9.608,
				0.989,
				-14,
				1.467,
				-14,
				1,
				1.911,
				-14,
				2.356,
				-9.654,
				2.8,
				0,
				1,
				3.244,
				9.654,
				3.689,
				15,
				4.133,
				15,
				1,
				4.533,
				15,
				4.933,
				10.383,
				5.333,
				0.79
			]
		},
		{
			"Target": "Parameter",
			"Id": "Param_Angle_Rotation99",
			"Segments": [
				0,
				0,
				1,
				0.011,
				0,
				0.022,
				0.255,
				0.033,
				0.336,
				1,
				0.467,
				3.495,
				0.9,
				5,
				1.333,
				5,
				1,
				1.722,
				5,
				2.111,
				3.29,
				2.5,
				0,
				1,
				2.978,
				-4.042,
				3.456,
				-6,
				3.933,
				-6,
				1,
				4.389,
				-6,
				4.844,
				-4.245,
				5.3,
				-0.572,
				1,
				5.311,
				-0.482,
				5.322,
				-0.2,
				5.333,
				-0.2
			]
		},
		{
			"Target": "Parameter",
			"Id": "Param_Angle_Rotation100",
			"Segments": [
				0,
				-2.6,
				1,
				0.022,
				-2.6,
				0.044,
				-2.382,
				0.067,
				-2.187,
				1,
				0.156,
				-1.405,
				0.244,
				-0.676,
				0.333,
				0,
				1,
				0.778,
				3.381,
				1.222,
				5,
				1.667,
				5,
				1,
				2.056,
				5,
				2.444,
				3.29,
				2.833,
				0,
				1,
				3.311,
				-4.042,
				3.789,
				-6,
				4.267,
				-6,
				1,
				4.622,
				-6,
				4.978,
				-2.8,
				5.333,
				-2.8
			]
		},
		{
			"Target": "Parameter",
			"Id": "Param_Angle_Rotation101",
			"Segments": [
				0,
				-4.4,
				1,
				0.211,
				-4.4,
				0.422,
				-3.035,
				0.633,
				-0.367,
				1,
				0.644,
				-0.227,
				0.656,
				-0.122,
				0.667,
				0,
				1,
				0.678,
				0.122,
				0.689,
				0.27,
				0.7,
				0.367,
				1,
				1.133,
				4.142,
				1.567,
				6,
				2,
				6,
				1,
				2.389,
				6,
				2.778,
				3.551,
				3.167,
				0,
				1,
				3.644,
				-4.363,
				4.122,
				-6,
				4.6,
				-6,
				1,
				4.844,
				-6,
				5.089,
				-4.6,
				5.333,
				-4.6
			]
		},
		{
			"Target": "Parameter",
			"Id": "Param_Angle_Rotation102",
			"Segments": [
				0,
				-5.5,
				1,
				0.311,
				-5.5,
				0.622,
				-3.788,
				0.933,
				-0.55,
				1,
				0.956,
				-0.319,
				0.978,
				-0.205,
				1,
				0,
				1,
				1.022,
				0.205,
				1.044,
				0.509,
				1.067,
				0.697,
				1,
				1.489,
				4.268,
				1.911,
				6,
				2.333,
				6,
				1,
				2.722,
				6,
				3.111,
				3.551,
				3.5,
				0,
				1,
				3.978,
				-4.363,
				4.456,
				-6,
				4.933,
				-6,
				1,
				5.067,
				-6,
				5.2,
				-5.6,
				5.333,
				-5.6
			]
		},
		{
			"Target": "Parameter",
			"Id": "Param_Angle_Rotation23",
			"Segments": [
				0,
				0,
				1,
				0.022,
				0,
				0.044,
				0.274,
				0.067,
				0.437,
				1,
				0.489,
				3.548,
				0.911,
				5,
				1.333,
				5,
				1,
				1.722,
				5,
				2.111,
				3.82,
				2.5,
				0,
				1,
				2.978,
				-4.694,
				3.456,
				-8,
				3.933,
				-8,
				1,
				4.389,
				-8,
				4.844,
				-0.517,
				5.3,
				-0.517,
				0,
				5.333,
				-0.517
			]
		},
		{
			"Target": "Parameter",
			"Id": "Param_Angle_Rotation24",
			"Segments": [
				0,
				-4.7,
				1,
				0.033,
				-4.7,
				0.067,
				-4.292,
				0.1,
				-3.939,
				1,
				0.233,
				-2.528,
				0.367,
				-1.309,
				0.5,
				0,
				1,
				0.522,
				0.218,
				0.544,
				0.453,
				0.567,
				0.642,
				1,
				0.989,
				4.236,
				1.411,
				6,
				1.833,
				6,
				1,
				2.222,
				6,
				2.611,
				4.181,
				3,
				0,
				1,
				3.478,
				-5.136,
				3.956,
				-8,
				4.433,
				-8,
				1,
				4.733,
				-8,
				5.033,
				-5,
				5.333,
				-5
			]
		},
		{
			"Target": "Parameter",
			"Id": "Param_Angle_Rotation25",
			"Segments": [
				0,
				-7.4,
				1,
				0.322,
				-7.4,
				0.644,
				-5.088,
				0.967,
				-0.471,
				1,
				0.978,
				-0.312,
				0.989,
				-0.101,
				1,
				0,
				1,
				1.022,
				0.201,
				1.044,
				0.322,
				1.067,
				0.514,
				1,
				1.489,
				4.149,
				1.911,
				6,
				2.333,
				6,
				1,
				2.722,
				6,
				3.111,
				4.181,
				3.5,
				0,
				1,
				3.978,
				-5.136,
				4.456,
				-8,
				4.933,
				-8,
				1,
				5.067,
				-8,
				5.2,
				-7.6,
				5.333,
				-7.6
			]
		},
		{
			"Target": "Parameter",
			"Id": "Param_Angle_Rotation27",
			"Segments": [
				0,
				0,
				1,
				0.022,
				0,
				0.044,
				0.288,
				0.067,
				0.428,
				1,
				0.456,
				2.878,
				0.844,
				4,
				1.233,
				4,
				1,
				1.656,
				4,
				2.078,
				2.209,
				2.5,
				0,
				1,
				2.944,
				-2.325,
				3.389,
				-3,
				3.833,
				-3,
				1,
				4.311,
				-3,
				4.789,
				-2.116,
				5.267,
				-0.235,
				1,
				5.289,
				-0.148,
				5.311,
				0,
				5.333,
				0
			]
		},
		{
			"Target": "Parameter",
			"Id": "Param_Angle_Rotation28",
			"Segments": [
				0,
				-3.5,
				1,
				0.033,
				-3.5,
				0.067,
				-3.32,
				0.1,
				-3.058,
				1,
				0.233,
				-2.011,
				0.367,
				-1.022,
				0.5,
				0,
				1,
				0.522,
				0.17,
				0.544,
				0.386,
				0.567,
				0.52,
				1,
				0.956,
				2.87,
				1.344,
				4,
				1.733,
				4,
				1,
				2.156,
				4,
				2.578,
				3.146,
				3,
				0,
				1,
				3.444,
				-3.312,
				3.889,
				-6,
				4.333,
				-6,
				1,
				4.667,
				-6,
				5,
				-3.7,
				5.333,
				-3.7
			]
		},
		{
			"Target": "Parameter",
			"Id": "Param_Angle_Rotation29",
			"Segments": [
				0,
				-8.9,
				1,
				0.311,
				-8.9,
				0.622,
				-5.944,
				0.933,
				-0.716,
				1,
				0.956,
				-0.342,
				0.978,
				-0.285,
				1,
				0,
				1,
				1.011,
				0.142,
				1.022,
				0.579,
				1.033,
				0.716,
				1,
				1.433,
				5.628,
				1.833,
				8,
				2.233,
				8,
				1,
				2.656,
				8,
				3.078,
				5.801,
				3.5,
				0,
				1,
				3.944,
				-6.106,
				4.389,
				-10,
				4.833,
				-10,
				1,
				5,
				-10,
				5.167,
				-9.1,
				5.333,
				-9.1
			]
		},
		{
			"Target": "Parameter",
			"Id": "Param_Angle_Rotation30",
			"Segments": [
				0,
				-19,
				1,
				0.5,
				-19,
				1,
				-10.057,
				1.5,
				0,
				1,
				1.911,
				8.269,
				2.322,
				10,
				2.733,
				10,
				1,
				3.156,
				10,
				3.578,
				8.574,
				4,
				0,
				1,
				4.444,
				-9.025,
				4.889,
				-19,
				5.333,
				-19
			]
		},
		{
			"Target": "Parameter",
			"Id": "Param_Angle_Rotation32",
			"Segments": [
				0,
				0,
				1,
				0.022,
				0,
				0.044,
				0.46,
				0.067,
				0.706,
				1,
				0.456,
				5.013,
				0.844,
				7,
				1.233,
				7,
				1,
				1.656,
				7,
				2.078,
				3.188,
				2.5,
				0,
				1,
				2.956,
				-3.44,
				3.411,
				-4,
				3.867,
				-4,
				1,
				4.333,
				-4,
				4.8,
				-2.879,
				5.267,
				-0.437,
				1,
				5.289,
				-0.321,
				5.311,
				0,
				5.333,
				0
			]
		},
		{
			"Target": "Parameter",
			"Id": "Param_Angle_Rotation33",
			"Segments": [
				0,
				-2.9,
				1,
				0.056,
				-2.9,
				0.111,
				-2.737,
				0.167,
				-2.355,
				1,
				0.278,
				-1.59,
				0.389,
				-1,
				0.5,
				0,
				1,
				0.911,
				3.701,
				1.322,
				6,
				1.733,
				6,
				1,
				2.156,
				6,
				2.578,
				3.468,
				3,
				0,
				1,
				3.456,
				-3.742,
				3.911,
				-5,
				4.367,
				-5,
				1,
				4.678,
				-5,
				4.989,
				-4.347,
				5.3,
				-3,
				1,
				5.311,
				-2.952,
				5.322,
				-2.9,
				5.333,
				-2.9
			]
		},
		{
			"Target": "Parameter",
			"Id": "Param_Angle_Rotation34",
			"Segments": [
				0,
				-5.4,
				1,
				0.3,
				-5.4,
				0.6,
				-3.88,
				0.9,
				-0.917,
				1,
				0.933,
				-0.588,
				0.967,
				-0.308,
				1,
				0,
				1,
				1.022,
				0.205,
				1.044,
				0.419,
				1.067,
				0.624,
				1,
				1.456,
				4.211,
				1.844,
				6,
				2.233,
				6,
				1,
				2.656,
				6,
				3.078,
				3.842,
				3.5,
				0,
				1,
				3.956,
				-4.146,
				4.411,
				-6,
				4.867,
				-6,
				1,
				5.011,
				-6,
				5.156,
				-5.849,
				5.3,
				-5.5,
				1,
				5.311,
				-5.473,
				5.322,
				-5.4,
				5.333,
				-5.4
			]
		},
		{
			"Target": "Parameter",
			"Id": "Param_Angle_Rotation36",
			"Segments": [
				0,
				-2.4,
				1,
				0.167,
				-2.4,
				0.333,
				-0.944,
				0.5,
				0,
				1,
				0.911,
				2.329,
				1.322,
				3,
				1.733,
				3,
				1,
				2.156,
				3,
				2.578,
				1.921,
				3,
				0,
				1,
				3.456,
				-2.073,
				3.911,
				-3,
				4.367,
				-3,
				1,
				4.678,
				-3,
				4.989,
				-2.843,
				5.3,
				-2.5,
				1,
				5.311,
				-2.488,
				5.322,
				-2.4,
				5.333,
				-2.4
			]
		},
		{
			"Target": "Parameter",
			"Id": "Param_Angle_Rotation37",
			"Segments": [
				0,
				-3.6,
				1,
				0.322,
				-3.6,
				0.644,
				-2.177,
				0.967,
				-0.306,
				1,
				1.389,
				2.146,
				1.811,
				3,
				2.233,
				3,
				1,
				2.656,
				3,
				3.078,
				1.513,
				3.5,
				0,
				1,
				3.878,
				-1.353,
				4.256,
				-2.384,
				4.633,
				-3.193,
				1,
				4.856,
				-3.669,
				5.078,
				-3.7,
				5.3,
				-3.7,
				1,
				5.311,
				-3.7,
				5.322,
				-3.6,
				5.333,
				-3.6
			]
		},
		{
			"Target": "Parameter",
			"Id": "Param_Angle_Rotation38",
			"Segments": [
				0,
				-4,
				1,
				0.5,
				-4,
				1,
				-3.152,
				1.5,
				0,
				1,
				1.911,
				2.591,
				2.322,
				5,
				2.733,
				5,
				1,
				3.156,
				5,
				3.578,
				2.915,
				4,
				0,
				1,
				4.433,
				-2.992,
				4.867,
				-4,
				5.3,
				-4,
				1,
				5.311,
				-4,
				5.322,
				-4,
				5.333,
				-4
			]
		},
		{
			"Target": "Parameter",
			"Id": "Param_Angle_Rotation39",
			"Segments": [
				0,
				-4.4,
				1,
				0.178,
				-4.4,
				0.356,
				-5,
				0.533,
				-5,
				1,
				1.022,
				-5,
				1.511,
				-3.859,
				2,
				0,
				1,
				2.411,
				3.245,
				2.822,
				6,
				3.233,
				6,
				1,
				3.656,
				6,
				4.078,
				4.192,
				4.5,
				0,
				1,
				4.767,
				-2.648,
				5.033,
				-4.3,
				5.3,
				-4.3,
				0,
				5.333,
				-4.3
			]
		},
		{
			"Target": "Parameter",
			"Id": "Param_Angle_Rotation41",
			"Segments": [
				0,
				-1.3,
				1,
				0.022,
				-1.3,
				0.044,
				-1.162,
				0.067,
				-1.052,
				1,
				0.144,
				-0.668,
				0.222,
				-0.398,
				0.3,
				0,
				1,
				0.811,
				2.612,
				1.322,
				4,
				1.833,
				4,
				1,
				2.278,
				4,
				2.722,
				2.667,
				3.167,
				0,
				1,
				3.611,
				-2.667,
				4.056,
				-4,
				4.5,
				-4,
				1,
				4.778,
				-4,
				5.056,
				-1.5,
				5.333,
				-1.5
			]
		},
		{
			"Target": "Parameter",
			"Id": "Param_Angle_Rotation42",
			"Segments": [
				0,
				-2.9,
				1,
				0.278,
				-2.9,
				0.556,
				0,
				0.833,
				0,
				1,
				0.844,
				0,
				0.856,
				0,
				0.867,
				0,
				1,
				1.311,
				0,
				1.756,
				4,
				2.2,
				4,
				1,
				2.644,
				4,
				3.089,
				2.667,
				3.533,
				0,
				1,
				3.978,
				-2.667,
				4.422,
				-4,
				4.867,
				-4,
				1,
				5.022,
				-4,
				5.178,
				-3.1,
				5.333,
				-3.1
			]
		},
		{
			"Target": "Parameter",
			"Id": "Param_Angle_Rotation43",
			"Segments": [
				0,
				-3.9,
				1,
				0.4,
				-3.9,
				0.8,
				-2.456,
				1.2,
				0,
				1,
				1.656,
				2.797,
				2.111,
				4,
				2.567,
				4,
				1,
				3.011,
				4,
				3.456,
				2.667,
				3.9,
				0,
				1,
				4.344,
				-2.667,
				4.789,
				-4,
				5.233,
				-4,
				1,
				5.267,
				-4,
				5.3,
				-4,
				5.333,
				-4
			]
		},
		{
			"Target": "Parameter",
			"Id": "Param_Angle_Rotation44",
			"Segments": [
				0,
				-4.7,
				1,
				0.089,
				-4.7,
				0.178,
				-5,
				0.267,
				-5,
				1,
				0.711,
				-5,
				1.156,
				-2.917,
				1.6,
				0,
				1,
				2.056,
				2.99,
				2.511,
				4,
				2.967,
				4,
				1,
				3.411,
				4,
				3.856,
				3.107,
				4.3,
				0,
				1,
				4.644,
				-2.408,
				4.989,
				-4.6,
				5.333,
				-4.6
			]
		},
		{
			"Target": "Parameter",
			"Id": "Param_Angle_Rotation46",
			"Segments": [
				0,
				-4.9,
				1,
				0.133,
				-4.9,
				0.267,
				-4.938,
				0.4,
				-4.355,
				1,
				0.589,
				-3.528,
				0.778,
				-2.31,
				0.967,
				0,
				1,
				1.344,
				4.621,
				1.722,
				10,
				2.1,
				10,
				1,
				2.611,
				10,
				3.122,
				5.507,
				3.633,
				0,
				1,
				4.078,
				-4.789,
				4.522,
				-6,
				4.967,
				-6,
				1,
				5.089,
				-6,
				5.211,
				-5.2,
				5.333,
				-5.2
			]
		},
		{
			"Target": "Parameter",
			"Id": "Param_Angle_Rotation47",
			"Segments": [
				0,
				-6,
				1,
				0.444,
				-6,
				0.889,
				-3.142,
				1.333,
				0,
				1,
				1.789,
				3.22,
				2.244,
				4,
				2.7,
				4,
				1,
				3.144,
				4,
				3.589,
				3.221,
				4.033,
				0,
				1,
				4.467,
				-3.14,
				4.9,
				-6,
				5.333,
				-6
			]
		},
		{
			"Target": "Parameter",
			"Id": "Param_Angle_Rotation48",
			"Segments": [
				0,
				-5.3,
				1,
				0.022,
				-5.3,
				0.044,
				-5.316,
				0.067,
				-5.4,
				1,
				0.167,
				-5.777,
				0.267,
				-6,
				0.367,
				-6,
				1,
				0.811,
				-6,
				1.256,
				-3.142,
				1.7,
				0,
				1,
				2.156,
				3.22,
				2.611,
				4,
				3.067,
				4,
				1,
				3.511,
				4,
				3.956,
				3.269,
				4.4,
				0,
				1,
				4.711,
				-2.289,
				5.022,
				-5.1,
				5.333,
				-5.1
			]
		},
		{
			"Target": "Parameter",
			"Id": "Param_Angle_Rotation49",
			"Segments": [
				0,
				-4.3,
				1,
				0.011,
				-4.3,
				0.022,
				-4.67,
				0.033,
				-4.771,
				1,
				0.278,
				-6.987,
				0.522,
				-8,
				0.767,
				-8,
				1,
				1.211,
				-8,
				1.656,
				-3.473,
				2.1,
				0,
				1,
				2.556,
				3.56,
				3.011,
				4,
				3.467,
				4,
				1,
				3.911,
				4,
				4.356,
				3.208,
				4.8,
				0,
				1,
				4.978,
				-1.283,
				5.156,
				-4,
				5.333,
				-4
			]
		},
		{
			"Target": "Parameter",
			"Id": "Param_Angle_Rotation56",
			"Segments": [
				0,
				-2.2,
				1,
				0.044,
				-2.2,
				0.089,
				-1.918,
				0.133,
				-1.651,
				1,
				0.267,
				-0.852,
				0.4,
				-0.313,
				0.533,
				0.55,
				1,
				0.967,
				3.356,
				1.4,
				5,
				1.833,
				5,
				1,
				2.278,
				5,
				2.722,
				3.886,
				3.167,
				0,
				1,
				3.611,
				-3.886,
				4.056,
				-7,
				4.5,
				-7,
				1,
				4.778,
				-7,
				5.056,
				-2.5,
				5.333,
				-2.5
			]
		},
		{
			"Target": "Parameter",
			"Id": "Param_Angle_Rotation57",
			"Segments": [
				0,
				-3.7,
				1,
				0.033,
				-3.7,
				0.067,
				-3.245,
				0.1,
				-2.936,
				1,
				0.267,
				-1.388,
				0.433,
				-0.245,
				0.6,
				1.376,
				1,
				1.1,
				6.241,
				1.6,
				9,
				2.1,
				9,
				1,
				2.544,
				9,
				2.989,
				4.793,
				3.433,
				0,
				1,
				3.878,
				-4.793,
				4.322,
				-6,
				4.767,
				-6,
				1,
				4.956,
				-6,
				5.144,
				-4,
				5.333,
				-4
			]
		},
		{
			"Target": "Parameter",
			"Id": "Param_Angle_Rotation58",
			"Segments": [
				0,
				-6.1,
				1,
				0.333,
				-6.1,
				0.667,
				-4.247,
				1,
				0,
				1,
				1.456,
				5.804,
				1.911,
				9,
				2.367,
				9,
				1,
				2.811,
				9,
				3.256,
				5.246,
				3.7,
				0,
				1,
				4.144,
				-5.246,
				4.589,
				-7,
				5.033,
				-7,
				1,
				5.133,
				-7,
				5.233,
				-6.4,
				5.333,
				-6.4
			]
		},
		{
			"Target": "Parameter",
			"Id": "Param_Angle_Rotation59",
			"Segments": [
				0,
				-6,
				1,
				0.411,
				-6,
				0.822,
				-3.785,
				1.233,
				0,
				1,
				1.689,
				4.194,
				2.144,
				6,
				2.6,
				6,
				1,
				3.044,
				6,
				3.489,
				3.95,
				3.933,
				0,
				1,
				4.389,
				-4.049,
				4.844,
				-6,
				5.3,
				-6,
				1,
				5.311,
				-6,
				5.322,
				-6,
				5.333,
				-6
			]
		},
		{
			"Target": "Parameter",
			"Id": "Param_Angle_Rotation60",
			"Segments": [
				0,
				-5.9,
				1,
				0.044,
				-5.9,
				0.089,
				-6,
				0.133,
				-6,
				1,
				0.578,
				-6,
				1.022,
				-3.95,
				1.467,
				0,
				1,
				1.922,
				4.049,
				2.378,
				6,
				2.833,
				6,
				1,
				3.278,
				6,
				3.722,
				4.185,
				4.167,
				0,
				1,
				4.556,
				-3.662,
				4.944,
				-5.8,
				5.333,
				-5.8
			]
		},
		{
			"Target": "Parameter",
			"Id": "Param_Angle_Rotation61",
			"Segments": [
				0,
				-5.5,
				1,
				0.133,
				-5.5,
				0.267,
				-6,
				0.4,
				-6,
				1,
				0.844,
				-6,
				1.289,
				-4.528,
				1.733,
				0,
				1,
				2.189,
				4.641,
				2.644,
				8,
				3.1,
				8,
				1,
				3.544,
				8,
				3.989,
				5.333,
				4.433,
				0,
				1,
				4.733,
				-3.6,
				5.033,
				-5.4,
				5.333,
				-5.4
			]
		},
		{
			"Target": "Parameter",
			"Id": "Param_Angle_Rotation63",
			"Segments": [
				0,
				-2.7,
				1,
				0.267,
				-2.7,
				0.533,
				0,
				0.8,
				0,
				1,
				0.811,
				0,
				0.822,
				0,
				0.833,
				0,
				1,
				1.278,
				0,
				1.722,
				-5,
				2.167,
				-5,
				1,
				2.611,
				-5,
				3.056,
				0,
				3.5,
				0,
				1,
				3.944,
				0,
				4.389,
				-4,
				4.833,
				-4,
				1,
				5,
				-4,
				5.167,
				-2.948,
				5.333,
				-2.948
			]
		},
		{
			"Target": "Parameter",
			"Id": "Param_Angle_Rotation64",
			"Segments": [
				0,
				-5,
				1,
				0.433,
				-5,
				0.867,
				0,
				1.3,
				0,
				1,
				1.311,
				0,
				1.322,
				0,
				1.333,
				0,
				1,
				1.778,
				0,
				2.222,
				-5,
				2.667,
				-5,
				1,
				3.111,
				-5,
				3.556,
				0,
				4,
				0,
				1,
				4.444,
				0,
				4.889,
				-5,
				5.333,
				-5
			]
		},
		{
			"Target": "Parameter",
			"Id": "Param_Angle_Rotation65",
			"Segments": [
				0,
				-3.4,
				1,
				0.156,
				-3.4,
				0.311,
				-5,
				0.467,
				-5,
				1,
				0.911,
				-5,
				1.356,
				0,
				1.8,
				0,
				1,
				1.811,
				0,
				1.822,
				0,
				1.833,
				0,
				1,
				2.278,
				0,
				2.722,
				-6,
				3.167,
				-6,
				1,
				3.611,
				-6,
				4.056,
				0,
				4.5,
				0,
				1,
				4.778,
				0,
				5.056,
				-3.2,
				5.333,
				-3.2
			]
		},
		{
			"Target": "Parameter",
			"Id": "Param_Angle_Rotation66",
			"Segments": [
				0,
				-1.3,
				1,
				0.322,
				-1.3,
				0.644,
				-8,
				0.967,
				-8,
				1,
				1.411,
				-8,
				1.856,
				0,
				2.3,
				0,
				1,
				2.311,
				0,
				2.322,
				0,
				2.333,
				0,
				1,
				2.778,
				0,
				3.222,
				-7,
				3.667,
				-7,
				1,
				4.111,
				-7,
				4.556,
				0,
				5,
				0,
				1,
				5.111,
				0,
				5.222,
				-1,
				5.333,
				-1
			]
		},
		{
			"Target": "Parameter",
			"Id": "Param_Angle_Rotation68",
			"Segments": [
				0,
				0.5,
				1,
				0.044,
				0.5,
				0.089,
				-0.062,
				0.133,
				-0.235,
				1,
				0.633,
				-2.183,
				1.133,
				-3,
				1.633,
				-3,
				1,
				2.078,
				-3,
				2.522,
				-2.285,
				2.967,
				0,
				1,
				3.411,
				2.285,
				3.856,
				4,
				4.3,
				4,
				1,
				4.644,
				4,
				4.989,
				0.7,
				5.333,
				0.7
			]
		},
		{
			"Target": "Parameter",
			"Id": "Param_Angle_Rotation69",
			"Segments": [
				0,
				1.4,
				1,
				0.022,
				1.4,
				0.044,
				1.302,
				0.067,
				1.248,
				1,
				0.222,
				0.865,
				0.378,
				0.482,
				0.533,
				0.171,
				1,
				0.944,
				-0.649,
				1.356,
				-1,
				1.767,
				-1,
				1,
				2.211,
				-1,
				2.656,
				-0.994,
				3.1,
				0,
				1,
				3.611,
				1.143,
				4.122,
				3,
				4.633,
				3,
				1,
				4.867,
				3,
				5.1,
				1.5,
				5.333,
				1.5
			]
		},
		{
			"Target": "Parameter",
			"Id": "Param_Angle_Rotation70",
			"Segments": [
				0,
				2.4,
				1,
				0.3,
				2.4,
				0.6,
				1.691,
				0.9,
				0,
				1,
				1.356,
				-2.567,
				1.811,
				-4,
				2.267,
				-4,
				1,
				2.711,
				-4,
				3.156,
				-2.285,
				3.6,
				0,
				1,
				4.044,
				2.285,
				4.489,
				3,
				4.933,
				3,
				1,
				5.067,
				3,
				5.2,
				2.5,
				5.333,
				2.5
			]
		},
		{
			"Target": "Parameter",
			"Id": "Param_Angle_Rotation71",
			"Segments": [
				0,
				4,
				1,
				0.411,
				4,
				0.822,
				3.476,
				1.233,
				0,
				1,
				1.689,
				-3.851,
				2.144,
				-8,
				2.6,
				-8,
				1,
				3.044,
				-8,
				3.489,
				-3.473,
				3.933,
				0,
				1,
				4.389,
				3.56,
				4.844,
				4,
				5.3,
				4,
				1,
				5.311,
				4,
				5.322,
				4,
				5.333,
				4
			]
		},
		{
			"Target": "Parameter",
			"Id": "Param_Angle_Rotation72",
			"Segments": [
				0,
				6.8,
				1,
				0.078,
				6.8,
				0.156,
				7,
				0.233,
				7,
				1,
				0.678,
				7,
				1.122,
				5.839,
				1.567,
				0,
				1,
				2.022,
				-5.985,
				2.478,
				-12,
				2.933,
				-12,
				1,
				3.367,
				-12,
				3.8,
				-6.454,
				4.233,
				0,
				1,
				4.6,
				5.461,
				4.967,
				6.7,
				5.333,
				6.7
			]
		},
		{
			"Target": "Parameter",
			"Id": "Param_Angle_Rotation74",
			"Segments": [
				0,
				1.6,
				1,
				0.067,
				1.6,
				0.133,
				0.456,
				0.2,
				0,
				1,
				0.722,
				-3.572,
				1.244,
				-5,
				1.767,
				-5,
				1,
				2.233,
				-5,
				2.7,
				-3.413,
				3.167,
				0,
				1,
				3.611,
				3.25,
				4.056,
				5,
				4.5,
				5,
				1,
				4.778,
				5,
				5.056,
				1.8,
				5.333,
				1.8
			]
		},
		{
			"Target": "Parameter",
			"Id": "Param_Angle_Rotation75",
			"Segments": [
				0,
				3.4,
				1,
				0.033,
				3.4,
				0.067,
				3.101,
				0.1,
				2.905,
				1,
				0.278,
				1.863,
				0.456,
				1.136,
				0.633,
				0,
				1,
				1.122,
				-3.123,
				1.611,
				-5,
				2.1,
				-5,
				1,
				2.567,
				-5,
				3.033,
				-3.413,
				3.5,
				0,
				1,
				3.944,
				3.25,
				4.389,
				5,
				4.833,
				5,
				1,
				5,
				5,
				5.167,
				3.6,
				5.333,
				3.6
			]
		},
		{
			"Target": "Parameter",
			"Id": "Param_Angle_Rotation76",
			"Segments": [
				0,
				3.8,
				1,
				0.378,
				3.8,
				0.756,
				3.169,
				1.133,
				0,
				1,
				1.567,
				-3.635,
				2,
				-7,
				2.433,
				-7,
				1,
				2.9,
				-7,
				3.367,
				-3.517,
				3.833,
				0,
				1,
				4.278,
				3.349,
				4.722,
				4,
				5.167,
				4,
				1,
				5.222,
				4,
				5.278,
				3.9,
				5.333,
				3.9
			]
		},
		{
			"Target": "Parameter",
			"Id": "Param_Angle_Rotation77",
			"Segments": [
				0,
				5.9,
				1,
				0.044,
				5.9,
				0.089,
				6,
				0.133,
				6,
				1,
				0.578,
				6,
				1.022,
				4.352,
				1.467,
				0,
				1,
				1.9,
				-4.243,
				2.333,
				-7,
				2.767,
				-7,
				1,
				3.233,
				-7,
				3.7,
				-4.655,
				4.167,
				0,
				1,
				4.556,
				3.879,
				4.944,
				5.8,
				5.333,
				5.8
			]
		},
		{
			"Target": "Parameter",
			"Id": "Param_Angle_Rotation78",
			"Segments": [
				0,
				4.4,
				1,
				0.156,
				4.4,
				0.311,
				5,
				0.467,
				5,
				1,
				0.911,
				5,
				1.356,
				3.918,
				1.8,
				0,
				1,
				2.233,
				-3.82,
				2.667,
				-7,
				3.1,
				-7,
				1,
				3.567,
				-7,
				4.033,
				-4.721,
				4.5,
				0,
				1,
				4.778,
				2.81,
				5.056,
				4.3,
				5.333,
				4.3
			]
		},
		{
			"Target": "Parameter",
			"Id": "Param_Angle_Rotation79",
			"Segments": [
				0,
				2.7,
				1,
				0.033,
				2.7,
				0.067,
				2.964,
				0.1,
				3.061,
				1,
				0.333,
				3.74,
				0.567,
				4,
				0.8,
				4,
				1,
				1.244,
				4,
				1.689,
				3.407,
				2.133,
				0,
				1,
				2.567,
				-3.322,
				3,
				-7,
				3.433,
				-7,
				1,
				3.9,
				-7,
				4.367,
				-4.714,
				4.833,
				0,
				1,
				5,
				1.684,
				5.167,
				2.6,
				5.333,
				2.6
			]
		},
		{
			"Target": "Parameter",
			"Id": "Param_Angle_Rotation80",
			"Segments": [
				0,
				1.2,
				1,
				0.022,
				1.2,
				0.044,
				1.511,
				0.067,
				1.615,
				1,
				0.422,
				3.266,
				0.778,
				4,
				1.133,
				4,
				1,
				1.578,
				4,
				2.022,
				3.56,
				2.467,
				0,
				1,
				2.9,
				-3.471,
				3.333,
				-8,
				3.767,
				-8,
				1,
				4.222,
				-8,
				4.678,
				-5.825,
				5.133,
				-0.734,
				1,
				5.2,
				0.011,
				5.267,
				1,
				5.333,
				1
			]
		},
		{
			"Target": "Parameter",
			"Id": "Param_Angle_Rotation81",
			"Segments": [
				0,
				0,
				0,
				5.333,
				0
			]
		},
		{
			"Target": "Parameter",
			"Id": "Param_Angle_Rotation82",
			"Segments": [
				0,
				2.9,
				1,
				0.167,
				2.9,
				0.333,
				1.046,
				0.5,
				-0.716,
				1,
				1,
				-6.001,
				1.5,
				-8,
				2,
				-8,
				1,
				2.467,
				-8,
				2.933,
				-4.243,
				3.4,
				0,
				1,
				3.844,
				4.041,
				4.289,
				5,
				4.733,
				5,
				1,
				4.933,
				5,
				5.133,
				3.1,
				5.333,
				3.1
			]
		},
		{
			"Target": "Parameter",
			"Id": "Param_Angle_Rotation83",
			"Segments": [
				0,
				3.8,
				1,
				0.367,
				3.8,
				0.733,
				2.375,
				1.1,
				0,
				1,
				1.533,
				-2.807,
				1.967,
				-4,
				2.4,
				-4,
				1,
				2.867,
				-4,
				3.333,
				-2.73,
				3.8,
				0,
				1,
				4.244,
				2.6,
				4.689,
				4,
				5.133,
				4,
				1,
				5.2,
				4,
				5.267,
				3.9,
				5.333,
				3.9
			]
		},
		{
			"Target": "Parameter",
			"Id": "Param_Angle_Rotation84",
			"Segments": [
				0,
				3.9,
				1,
				0.044,
				3.9,
				0.089,
				4,
				0.133,
				4,
				1,
				0.578,
				4,
				1.022,
				2.991,
				1.467,
				0,
				1,
				1.9,
				-2.916,
				2.333,
				-5,
				2.767,
				-5,
				1,
				3.233,
				-5,
				3.7,
				-3.193,
				4.167,
				0,
				1,
				4.556,
				2.661,
				4.944,
				3.8,
				5.333,
				3.8
			]
		},
		{
			"Target": "Parameter",
			"Id": "Param_Angle_Rotation85",
			"Segments": [
				0,
				4.2,
				1,
				0.044,
				4.2,
				0.089,
				4.463,
				0.133,
				4.575,
				1,
				0.267,
				4.91,
				0.4,
				5,
				0.533,
				5,
				1,
				0.978,
				5,
				1.422,
				3.672,
				1.867,
				0,
				1,
				2.3,
				-3.581,
				2.733,
				-6,
				3.167,
				-6,
				1,
				3.633,
				-6,
				4.1,
				-4.301,
				4.567,
				0,
				1,
				4.822,
				2.355,
				5.078,
				4.1,
				5.333,
				4.1
			]
		},
		{
			"Target": "Parameter",
			"Id": "Param_Angle_Rotation86",
			"Segments": [
				0,
				2.6,
				1,
				0.033,
				2.6,
				0.067,
				2.959,
				0.1,
				3.119,
				1,
				0.378,
				4.453,
				0.656,
				5,
				0.933,
				5,
				1,
				1.378,
				5,
				1.822,
				3.918,
				2.267,
				0,
				1,
				2.7,
				-3.82,
				3.133,
				-7,
				3.567,
				-7,
				1,
				4.033,
				-7,
				4.5,
				-5.302,
				4.967,
				-0.624,
				1,
				5.089,
				0.601,
				5.211,
				2.4,
				5.333,
				2.4
			]
		},
		{
			"Target": "Parameter",
			"Id": "Param_Angle_Rotation87",
			"Segments": [
				0,
				0,
				0,
				5.333,
				0
			]
		},
		{
			"Target": "Parameter",
			"Id": "Param_Angle_Rotation88",
			"Segments": [
				0,
				1.9,
				1,
				0.022,
				1.9,
				0.044,
				1.608,
				0.067,
				1.364,
				1,
				0.133,
				0.632,
				0.2,
				-0.071,
				0.267,
				-0.627,
				1,
				0.711,
				-4.335,
				1.156,
				-6.058,
				1.6,
				-6.058,
				1,
				2.122,
				-6.058,
				2.644,
				-4.317,
				3.167,
				0,
				1,
				3.611,
				3.674,
				4.056,
				6,
				4.5,
				6,
				1,
				4.778,
				6,
				5.056,
				2.2,
				5.333,
				2.2
			]
		},
		{
			"Target": "Parameter",
			"Id": "Param_Angle_Rotation89",
			"Segments": [
				0,
				3.4,
				1,
				0.033,
				3.4,
				0.067,
				2.982,
				0.1,
				2.78,
				1,
				0.3,
				1.567,
				0.5,
				0.438,
				0.7,
				-0.578,
				1,
				1.167,
				-2.949,
				1.633,
				-4,
				2.1,
				-4,
				1,
				2.567,
				-4,
				3.033,
				-3.016,
				3.5,
				0,
				1,
				3.944,
				2.873,
				4.389,
				5,
				4.833,
				5,
				1,
				5,
				5,
				5.167,
				3.6,
				5.333,
				3.6
			]
		},
		{
			"Target": "Parameter",
			"Id": "Param_Angle_Rotation90",
			"Segments": [
				0,
				5.7,
				1,
				0.378,
				5.7,
				0.756,
				3.626,
				1.133,
				0,
				1,
				1.567,
				-4.159,
				2,
				-6,
				2.433,
				-6,
				1,
				2.9,
				-6,
				3.367,
				-4.095,
				3.833,
				0,
				1,
				4.278,
				3.9,
				4.722,
				6,
				5.167,
				6,
				1,
				5.222,
				6,
				5.278,
				5.9,
				5.333,
				5.9
			]
		},
		{
			"Target": "Parameter",
			"Id": "Param_Angle_Rotation91",
			"Segments": [
				0,
				5.9,
				1,
				0.044,
				5.9,
				0.089,
				6,
				0.133,
				6,
				1,
				0.578,
				6,
				1.022,
				4.05,
				1.467,
				0,
				1,
				1.9,
				-3.949,
				2.333,
				-6,
				2.767,
				-6,
				1,
				3.233,
				-6,
				3.7,
				-4.267,
				4.167,
				0,
				1,
				4.556,
				3.556,
				4.944,
				5.8,
				5.333,
				5.8
			]
		},
		{
			"Target": "Parameter",
			"Id": "Param_Angle_Rotation92",
			"Segments": [
				0,
				5,
				1,
				0.033,
				5,
				0.067,
				5.333,
				0.1,
				5.45,
				1,
				0.222,
				5.877,
				0.344,
				6,
				0.467,
				6,
				1,
				0.911,
				6,
				1.356,
				3.69,
				1.8,
				0,
				1,
				2.233,
				-3.598,
				2.667,
				-5,
				3.1,
				-5,
				1,
				3.567,
				-5,
				4.033,
				-3.879,
				4.5,
				0,
				1,
				4.778,
				2.309,
				5.056,
				4.8,
				5.333,
				4.8
			]
		},
		{
			"Target": "Parameter",
			"Id": "Param_Angle_Rotation93",
			"Segments": [
				0,
				0,
				0,
				5.333,
				0
			]
		},
		{
			"Target": "Parameter",
			"Id": "Param_Angle_Rotation94",
			"Segments": [
				0,
				0,
				1,
				0.022,
				0,
				0.044,
				-0.279,
				0.067,
				-0.416,
				1,
				0.467,
				-2.872,
				0.867,
				-4,
				1.267,
				-4,
				1,
				1.733,
				-4,
				2.2,
				-2.73,
				2.667,
				0,
				1,
				3.111,
				2.6,
				3.556,
				4,
				4,
				4,
				1,
				4.422,
				4,
				4.844,
				2.835,
				5.267,
				0.343,
				1,
				5.289,
				0.211,
				5.311,
				0,
				5.333,
				0
			]
		},
		{
			"Target": "Parameter",
			"Id": "Param_Angle_Rotation95",
			"Segments": [
				0,
				0.8,
				1,
				0.078,
				0.8,
				0.156,
				-0.426,
				0.233,
				-0.826,
				1,
				0.689,
				-3.166,
				1.144,
				-4,
				1.6,
				-4,
				1,
				2.067,
				-4,
				2.533,
				-3.016,
				3,
				0,
				1,
				3.444,
				2.873,
				3.889,
				5,
				4.333,
				5,
				1,
				4.667,
				5,
				5,
				1,
				5.333,
				1
			]
		},
		{
			"Target": "Parameter",
			"Id": "Param_Angle_Rotation96",
			"Segments": [
				0,
				2,
				1,
				0.022,
				2,
				0.044,
				1.77,
				0.067,
				1.615,
				1,
				0.189,
				0.762,
				0.311,
				0.189,
				0.433,
				-0.774,
				1,
				0.933,
				-4.711,
				1.433,
				-7,
				1.933,
				-7,
				1,
				2.4,
				-7,
				2.867,
				-3.517,
				3.333,
				0,
				1,
				3.778,
				3.349,
				4.222,
				4,
				4.667,
				4,
				1,
				4.889,
				4,
				5.111,
				2.2,
				5.333,
				2.2
			]
		},
		{
			"Target": "Parameter",
			"Id": "Param_Angle_Rotation97",
			"Segments": [
				0,
				3.4,
				1,
				0.322,
				3.4,
				0.644,
				2.998,
				0.967,
				0,
				1,
				1.4,
				-4.032,
				1.833,
				-8,
				2.267,
				-8,
				1,
				2.733,
				-8,
				3.2,
				-3.692,
				3.667,
				0,
				1,
				4.111,
				3.516,
				4.556,
				4,
				5,
				4,
				1,
				5.111,
				4,
				5.222,
				3.6,
				5.333,
				3.6
			]
		},
		{
			"Target": "Parameter",
			"Id": "Param_Angle_Rotation104",
			"Segments": [
				0,
				0,
				1,
				0.022,
				0,
				0.044,
				0.279,
				0.067,
				0.416,
				1,
				0.467,
				2.872,
				0.867,
				4,
				1.267,
				4,
				1,
				1.733,
				4,
				2.2,
				2.762,
				2.667,
				0,
				1,
				3.1,
				-2.564,
				3.533,
				-4,
				3.967,
				-4,
				1,
				4.389,
				-4,
				4.811,
				-2.966,
				5.233,
				-0.612,
				1,
				5.267,
				-0.426,
				5.3,
				0,
				5.333,
				0
			]
		},
		{
			"Target": "Parameter",
			"Id": "Param_Angle_Rotation105",
			"Segments": [
				0,
				-0.6,
				1,
				0.078,
				-0.6,
				0.156,
				0.221,
				0.233,
				0.636,
				1,
				0.689,
				3.067,
				1.144,
				4,
				1.6,
				4,
				1,
				2.067,
				4,
				2.533,
				2.762,
				3,
				0,
				1,
				3.433,
				-2.564,
				3.867,
				-4,
				4.3,
				-4,
				1,
				4.644,
				-4,
				4.989,
				-0.8,
				5.333,
				-0.8
			]
		},
		{
			"Target": "Parameter",
			"Id": "Param_Angle_Rotation106",
			"Segments": [
				0,
				-1.9,
				1,
				0.1,
				-1.9,
				0.2,
				-1.05,
				0.3,
				-0.465,
				1,
				0.844,
				2.722,
				1.389,
				4,
				1.933,
				4,
				1,
				2.4,
				4,
				2.867,
				2.762,
				3.333,
				0,
				1,
				3.767,
				-2.564,
				4.2,
				-4,
				4.633,
				-4,
				1,
				4.867,
				-4,
				5.1,
				-2.1,
				5.333,
				-2.1
			]
		},
		{
			"Target": "Parameter",
			"Id": "Param_Angle_Rotation107",
			"Segments": [
				0,
				-4.9,
				1,
				0.333,
				-4.9,
				0.667,
				-2.878,
				1,
				0,
				1,
				1.422,
				3.645,
				1.844,
				5,
				2.267,
				5,
				1,
				2.733,
				5,
				3.2,
				3.739,
				3.667,
				0,
				1,
				4.1,
				-3.472,
				4.533,
				-6,
				4.967,
				-6,
				1,
				5.089,
				-6,
				5.211,
				-5.2,
				5.333,
				-5.2
			]
		},
		{
			"Target": "Parameter",
			"Id": "Param_Angle_Rotation108",
			"Segments": [
				0,
				-5,
				1,
				0.444,
				-5,
				0.889,
				-3.054,
				1.333,
				0,
				1,
				1.756,
				2.901,
				2.178,
				4,
				2.6,
				4,
				1,
				3.067,
				4,
				3.533,
				3.016,
				4,
				0,
				1,
				4.444,
				-2.873,
				4.889,
				-5,
				5.333,
				-5
			]
		}
	]
}