{
	"Version": 3,
	"Meta": {
		"Duration": 2.667,
		"Fps": 30.0,
		"Loop": true,
		"AreBeziersRestricted": false,
		"CurveCount": 129,
		"TotalSegmentCount": 890,
		"TotalPointCount": 2625,
		"UserDataCount": 0,
		"TotalUserDataSize": 0
	},
	"Curves": [
		{
			"Target": "Parameter",
			"Id": "ParamAngleZ",
			"Segments": [
				0,
				0,
				1,
				0.011,
				0,
				0.022,
				-1,
				0.033,
				-1,
				1,
				0.089,
				-1,
				0.144,
				3,
				0.2,
				3,
				1,
				0.267,
				3,
				0.333,
				-2,
				0.4,
				-2,
				1,
				0.478,
				-2,
				0.556,
				1,
				0.633,
				1,
				1,
				0.711,
				1,
				0.789,
				-0.561,
				0.867,
				-0.561,
				1,
				0.978,
				-0.561,
				1.089,
				0.217,
				1.2,
				0.217,
				1,
				1.3,
				0.217,
				1.4,
				-0.114,
				1.5,
				-0.114,
				1,
				1.578,
				-0.114,
				1.656,
				0,
				1.733,
				0,
				0,
				2.667,
				0
			]
		},
		{
			"Target": "Parameter",
			"Id": "ParamEyeLOpen",
			"Segments": [
				0,
				1,
				1,
				0.056,
				1,
				0.111,
				0.982,
				0.167,
				0.7,
				1,
				0.211,
				0.475,
				0.256,
				0,
				0.3,
				0,
				1,
				0.389,
				0,
				0.478,
				0.7,
				0.567,
				0.7,
				1,
				0.644,
				0.7,
				0.722,
				0.677,
				0.8,
				0.677,
				1,
				0.867,
				0.677,
				0.933,
				0.7,
				1,
				0.7,
				1,
				1.089,
				0.7,
				1.178,
				0.7,
				1.267,
				0.7,
				1,
				1.311,
				0.7,
				1.356,
				0,
				1.4,
				0,
				1,
				1.411,
				0,
				1.422,
				0,
				1.433,
				0,
				1,
				1.478,
				0,
				1.522,
				1,
				1.567,
				1,
				1,
				1.933,
				1,
				2.3,
				1,
				2.667,
				1
			]
		},
		{
			"Target": "Parameter",
			"Id": "ParamEyeROpen",
			"Segments": [
				0,
				1,
				1,
				0.056,
				1,
				0.111,
				0.982,
				0.167,
				0.7,
				1,
				0.211,
				0.475,
				0.256,
				0,
				0.3,
				0,
				1,
				0.389,
				0,
				0.478,
				0.7,
				0.567,
				0.7,
				1,
				0.644,
				0.7,
				0.722,
				0.677,
				0.8,
				0.677,
				1,
				0.867,
				0.677,
				0.933,
				0.682,
				1,
				0.7,
				1,
				1.089,
				0.724,
				1.178,
				0.744,
				1.267,
				0.744,
				1,
				1.311,
				0.744,
				1.356,
				0,
				1.4,
				0,
				1,
				1.411,
				0,
				1.422,
				0,
				1.433,
				0,
				1,
				1.478,
				0,
				1.522,
				1,
				1.567,
				1,
				1,
				1.933,
				1,
				2.3,
				1,
				2.667,
				1
			]
		},
		{
			"Target": "Parameter",
			"Id": "ParamEyeBallX",
			"Segments": [
				0,
				0,
				0,
				2.667,
				0
			]
		},
		{
			"Target": "Parameter",
			"Id": "ParamEyeBallY",
			"Segments": [
				0,
				0,
				0,
				2.667,
				0
			]
		},
		{
			"Target": "Parameter",
			"Id": "ParamEyeAni",
			"Segments": [
				0,
				0,
				0,
				0.2,
				0,
				1,
				0.222,
				0,
				0.244,
				1,
				0.267,
				1,
				1,
				0.289,
				1,
				0.311,
				0.667,
				0.333,
				0,
				1,
				0.356,
				-0.667,
				0.378,
				-1,
				0.4,
				-1,
				1,
				0.422,
				-1,
				0.444,
				-0.667,
				0.467,
				0,
				1,
				0.489,
				0.667,
				0.511,
				1,
				0.533,
				1,
				1,
				0.556,
				1,
				0.578,
				0.667,
				0.6,
				0,
				1,
				0.622,
				-0.667,
				0.644,
				-1,
				0.667,
				-1,
				1,
				0.689,
				-1,
				0.711,
				-0.667,
				0.733,
				0,
				1,
				0.756,
				0.667,
				0.778,
				1,
				0.8,
				1,
				1,
				0.822,
				1,
				0.844,
				0.667,
				0.867,
				0,
				1,
				0.889,
				-0.667,
				0.911,
				-1,
				0.933,
				-1,
				1,
				0.956,
				-1,
				0.978,
				-0.667,
				1,
				0,
				1,
				1.022,
				0.667,
				1.044,
				1,
				1.067,
				1,
				1,
				1.089,
				1,
				1.111,
				0.667,
				1.133,
				0,
				1,
				1.156,
				-0.667,
				1.178,
				-1,
				1.2,
				-1,
				1,
				1.222,
				-1,
				1.244,
				-0.667,
				1.267,
				0,
				1,
				1.289,
				0.667,
				1.311,
				1,
				1.333,
				1,
				1,
				1.356,
				1,
				1.378,
				0.667,
				1.4,
				0,
				1,
				1.422,
				-0.667,
				1.444,
				-1,
				1.467,
				-1,
				1,
				1.489,
				-1,
				1.511,
				-0.375,
				1.533,
				0,
				1,
				1.556,
				0.375,
				1.578,
				0.4,
				1.6,
				0.4,
				1,
				1.622,
				0.4,
				1.644,
				0.296,
				1.667,
				0,
				1,
				1.689,
				-0.296,
				1.711,
				-0.5,
				1.733,
				-0.5,
				1,
				1.756,
				-0.5,
				1.778,
				-0.189,
				1.8,
				0,
				1,
				1.822,
				0.189,
				1.844,
				0.2,
				1.867,
				0.2,
				1,
				1.889,
				0.2,
				1.911,
				0,
				1.933,
				0,
				0,
				2.667,
				0
			]
		},
		{
			"Target": "Parameter",
			"Id": "ParamBrowLAngle",
			"Segments": [
				0,
				0,
				1,
				0.056,
				0,
				0.111,
				-1,
				0.167,
				-1,
				1,
				0.578,
				-1,
				0.989,
				-1,
				1.4,
				-1,
				1,
				1.456,
				-1,
				1.511,
				0,
				1.567,
				0,
				1,
				1.933,
				0,
				2.3,
				0,
				2.667,
				0
			]
		},
		{
			"Target": "Parameter",
			"Id": "ParamBrowLForm",
			"Segments": [
				0,
				0,
				1,
				0.056,
				0,
				0.111,
				-1,
				0.167,
				-1,
				1,
				0.578,
				-1,
				0.989,
				-1,
				1.4,
				-1,
				1,
				1.456,
				-1,
				1.511,
				0,
				1.567,
				0,
				1,
				1.933,
				0,
				2.3,
				0,
				2.667,
				0
			]
		},
		{
			"Target": "Parameter",
			"Id": "ParamMouthForm",
			"Segments": [
				0,
				0,
				1,
				0.022,
				0,
				0.044,
				0,
				0.067,
				0,
				1,
				0.122,
				0,
				0.178,
				-1,
				0.233,
				-1,
				1,
				0.311,
				-1,
				0.389,
				-0.9,
				0.467,
				-0.9,
				1,
				0.567,
				-0.9,
				0.667,
				-1,
				0.767,
				-1,
				1,
				0.867,
				-1,
				0.967,
				-0.9,
				1.067,
				-0.9,
				1,
				1.156,
				-0.9,
				1.244,
				-0.9,
				1.333,
				-0.9,
				1,
				1.433,
				-0.9,
				1.533,
				0,
				1.633,
				0,
				0,
				2.667,
				0
			]
		},
		{
			"Target": "Parameter",
			"Id": "ParamCheek",
			"Segments": [
				0,
				0,
				1,
				0.078,
				0,
				0.156,
				1,
				0.233,
				1,
				1,
				0.5,
				1,
				0.767,
				1,
				1.033,
				1,
				1,
				1.267,
				1,
				1.5,
				0,
				1.733,
				0,
				0,
				2.667,
				0
			]
		},
		{
			"Target": "Parameter",
			"Id": "ParamBodyAngleY",
			"Segments": [
				0,
				0,
				1,
				0.011,
				0,
				0.022,
				-2.572,
				0.033,
				-4.073,
				1,
				0.067,
				-8.576,
				0.1,
				-10,
				0.133,
				-10,
				1,
				0.211,
				-10,
				0.289,
				10,
				0.367,
				10,
				1,
				0.456,
				10,
				0.544,
				-4.073,
				0.633,
				-4.073,
				1,
				0.722,
				-4.073,
				0.811,
				2.883,
				0.9,
				2.883,
				1,
				1,
				2.883,
				1.1,
				-1.373,
				1.2,
				-1.373,
				1,
				1.322,
				-1.373,
				1.444,
				0.549,
				1.567,
				0.549,
				1,
				1.933,
				0.549,
				2.3,
				0,
				2.667,
				0
			]
		},
		{
			"Target": "Parameter",
			"Id": "ParamBodyAngleZ",
			"Segments": [
				0,
				0,
				1,
				0.011,
				0,
				0.022,
				0.147,
				0.033,
				0.276,
				1,
				0.078,
				0.794,
				0.122,
				1,
				0.167,
				1,
				1,
				0.233,
				1,
				0.3,
				-0.8,
				0.367,
				-0.8,
				1,
				0.444,
				-0.8,
				0.522,
				0.5,
				0.6,
				0.5,
				1,
				0.678,
				0.5,
				0.756,
				-0.272,
				0.833,
				-0.272,
				1,
				0.944,
				-0.272,
				1.056,
				0.1,
				1.167,
				0.1,
				1,
				1.267,
				0.1,
				1.367,
				0,
				1.467,
				0,
				0,
				2.667,
				0
			]
		},
		{
			"Target": "Parameter",
			"Id": "ParamBreath",
			"Segments": [
				0,
				0,
				1,
				0.044,
				0,
				0.089,
				0,
				0.133,
				0,
				1,
				0.2,
				0,
				0.267,
				1,
				0.333,
				1,
				1,
				0.411,
				1,
				0.489,
				0,
				0.567,
				0,
				1,
				1.267,
				0,
				1.967,
				0,
				2.667,
				0
			]
		},
		{
			"Target": "Parameter",
			"Id": "ParamImageX",
			"Segments": [
				0,
				0,
				1,
				0.044,
				0,
				0.089,
				0,
				0.133,
				0,
				1,
				0.2,
				0,
				0.267,
				0,
				0.333,
				0,
				1,
				0.4,
				0,
				0.467,
				0,
				0.533,
				0,
				1,
				0.6,
				0,
				0.667,
				0,
				0.733,
				0,
				1,
				1.078,
				0,
				1.422,
				0,
				1.767,
				0,
				1,
				2.067,
				0,
				2.367,
				0,
				2.667,
				0
			]
		},
		{
			"Target": "Parameter",
			"Id": "ParamImageY",
			"Segments": [
				0,
				0,
				1,
				0.044,
				0,
				0.089,
				-15,
				0.133,
				-15,
				1,
				0.2,
				-15,
				0.267,
				-12.613,
				0.333,
				-10,
				1,
				0.4,
				-7.387,
				0.467,
				-5.724,
				0.533,
				-3.48,
				1,
				0.6,
				-1.236,
				0.667,
				0,
				0.733,
				0,
				1,
				0.9,
				0,
				1.067,
				-1,
				1.233,
				-1,
				1,
				1.411,
				-1,
				1.589,
				0,
				1.767,
				0,
				1,
				2.067,
				0,
				2.367,
				0,
				2.667,
				0
			]
		},
		{
			"Target": "Parameter",
			"Id": "ParamHimoX",
			"Segments": [
				0,
				0,
				1,
				0.056,
				0,
				0.111,
				-30,
				0.167,
				-30,
				1,
				0.256,
				-30,
				0.344,
				0,
				0.433,
				0,
				1,
				0.489,
				0,
				0.544,
				-6,
				0.6,
				-6,
				1,
				0.689,
				-6,
				0.778,
				1,
				0.867,
				1,
				1,
				0.933,
				1,
				1,
				-3,
				1.067,
				-3,
				1,
				1.133,
				-3,
				1.2,
				0,
				1.267,
				0,
				1,
				1.356,
				0,
				1.444,
				-2,
				1.533,
				-2,
				1,
				1.622,
				-2,
				1.711,
				-2,
				1.8,
				-2,
				1,
				2.089,
				-2,
				2.378,
				0,
				2.667,
				0
			]
		},
		{
			"Target": "Parameter",
			"Id": "ParamHimoY",
			"Segments": [
				0,
				0,
				1,
				0.056,
				0,
				0.111,
				-30,
				0.167,
				-30,
				1,
				0.256,
				-30,
				0.344,
				30,
				0.433,
				30,
				1,
				0.489,
				30,
				0.544,
				-30,
				0.6,
				-30,
				1,
				0.689,
				-30,
				0.778,
				19,
				0.867,
				19,
				1,
				0.933,
				19,
				1,
				-15,
				1.067,
				-15,
				1,
				1.133,
				-15,
				1.2,
				9,
				1.267,
				9,
				1,
				1.356,
				9,
				1.444,
				-9,
				1.533,
				-9,
				1,
				1.622,
				-9,
				1.711,
				2,
				1.8,
				2,
				1,
				2.089,
				2,
				2.378,
				0,
				2.667,
				0
			]
		},
		{
			"Target": "Parameter",
			"Id": "ParamPaiX",
			"Segments": [
				0,
				0,
				1,
				0.078,
				0,
				0.156,
				-1,
				0.233,
				-1,
				1,
				0.311,
				-1,
				0.389,
				-0.667,
				0.467,
				0,
				1,
				0.544,
				0.667,
				0.622,
				1,
				0.7,
				1,
				1,
				0.767,
				1,
				0.833,
				1,
				0.9,
				1,
				1,
				0.967,
				1,
				1.033,
				0,
				1.1,
				0,
				1,
				1.167,
				0,
				1.233,
				0,
				1.3,
				0,
				1,
				1.389,
				0,
				1.478,
				0,
				1.567,
				0,
				1,
				1.656,
				0,
				1.744,
				0,
				1.833,
				0,
				1,
				2.111,
				0,
				2.389,
				0,
				2.667,
				0
			]
		},
		{
			"Target": "Parameter",
			"Id": "ParamPaiY",
			"Segments": [
				0,
				0,
				1,
				0.078,
				0,
				0.156,
				30,
				0.233,
				30,
				1,
				0.311,
				30,
				0.389,
				-30,
				0.467,
				-30,
				1,
				0.544,
				-30,
				0.622,
				24,
				0.7,
				24,
				1,
				0.767,
				24,
				0.833,
				-11,
				0.9,
				-11,
				1,
				0.967,
				-11,
				1.033,
				9,
				1.1,
				9,
				1,
				1.167,
				9,
				1.233,
				-4.301,
				1.3,
				-4.301,
				1,
				1.389,
				-4.301,
				1.478,
				2.5,
				1.567,
				2.5,
				1,
				1.656,
				2.5,
				1.744,
				-0.06,
				1.833,
				-1.783,
				1,
				2.111,
				-7.17,
				2.389,
				-9,
				2.667,
				-9
			]
		},
		{
			"Target": "Parameter",
			"Id": "ParamPaiX2",
			"Segments": [
				0,
				0,
				1,
				0.056,
				0,
				0.111,
				3,
				0.167,
				3,
				1,
				0.256,
				3,
				0.344,
				0,
				0.433,
				0,
				1,
				0.522,
				0,
				0.611,
				3,
				0.7,
				3,
				1,
				0.778,
				3,
				0.856,
				-4.74,
				0.933,
				-4.74,
				1,
				1,
				-4.74,
				1.067,
				-2.431,
				1.133,
				0,
				1,
				1.2,
				2.431,
				1.267,
				3,
				1.333,
				3,
				1,
				1.433,
				3,
				1.533,
				-2.215,
				1.633,
				-2.215,
				1,
				1.978,
				-2.215,
				2.322,
				0,
				2.667,
				0
			]
		},
		{
			"Target": "Parameter",
			"Id": "ParamPaiY2",
			"Segments": [
				0,
				0,
				1,
				0.056,
				0,
				0.111,
				30,
				0.167,
				30,
				1,
				0.256,
				30,
				0.344,
				-30,
				0.433,
				-30,
				1,
				0.522,
				-30,
				0.611,
				16,
				0.7,
				16,
				1,
				0.778,
				16,
				0.856,
				-11,
				0.933,
				-11,
				1,
				1,
				-11,
				1.067,
				5,
				1.133,
				5,
				1,
				1.2,
				5,
				1.267,
				-2.937,
				1.333,
				-2.937,
				1,
				1.433,
				-2.937,
				1.533,
				1.573,
				1.633,
				1.573,
				1,
				1.978,
				1.573,
				2.322,
				-12,
				2.667,
				-12
			]
		},
		{
			"Target": "Parameter",
			"Id": "ParamPai2X",
			"Segments": [
				0,
				0,
				1,
				0.089,
				0,
				0.178,
				0.667,
				0.267,
				2,
				1,
				0.356,
				3.333,
				0.444,
				5.015,
				0.533,
				6,
				1,
				0.611,
				6.862,
				0.689,
				7,
				0.767,
				7,
				1,
				0.844,
				7,
				0.922,
				6.027,
				1,
				4.027,
				1,
				1.078,
				2.027,
				1.156,
				1,
				1.233,
				1,
				1,
				1.3,
				1,
				1.367,
				1,
				1.433,
				1,
				1,
				1.522,
				1,
				1.611,
				0,
				1.7,
				0,
				1,
				2.022,
				0,
				2.344,
				0,
				2.667,
				0
			]
		},
		{
			"Target": "Parameter",
			"Id": "ParamPai2Y",
			"Segments": [
				0,
				0,
				1,
				0.089,
				0,
				0.178,
				30,
				0.267,
				30,
				1,
				0.356,
				30,
				0.444,
				-30,
				0.533,
				-30,
				1,
				0.611,
				-30,
				0.689,
				24.758,
				0.767,
				24.758,
				1,
				0.856,
				24.758,
				0.944,
				-12,
				1.033,
				-12,
				1,
				1.1,
				-12,
				1.167,
				6,
				1.233,
				6,
				1,
				1.3,
				6,
				1.367,
				-2,
				1.433,
				-2,
				1,
				1.522,
				-2,
				1.611,
				1,
				1.7,
				1,
				1,
				2.022,
				1,
				2.344,
				-6,
				2.667,
				-6
			]
		},
		{
			"Target": "Parameter",
			"Id": "ParamPai2X2",
			"Segments": [
				0,
				0,
				1,
				0.011,
				0,
				0.022,
				0,
				0.033,
				0,
				1,
				0.1,
				0,
				0.167,
				0.44,
				0.233,
				1,
				1,
				0.322,
				1.746,
				0.411,
				2,
				0.5,
				2,
				1,
				0.578,
				2,
				0.656,
				-4.39,
				0.733,
				-4.39,
				1,
				0.822,
				-4.39,
				0.911,
				4.008,
				1,
				4.008,
				1,
				1.067,
				4.008,
				1.133,
				-2.215,
				1.2,
				-2.215,
				1,
				1.267,
				-2.215,
				1.333,
				1,
				1.4,
				1,
				1,
				1.489,
				1,
				1.578,
				0,
				1.667,
				0,
				1,
				2,
				0,
				2.333,
				0,
				2.667,
				0
			]
		},
		{
			"Target": "Parameter",
			"Id": "ParamPai2Y2",
			"Segments": [
				0,
				0,
				1,
				0.011,
				0,
				0.022,
				2.82,
				0.033,
				5.638,
				1,
				0.1,
				22.544,
				0.167,
				30,
				0.233,
				30,
				1,
				0.322,
				30,
				0.411,
				-26.88,
				0.5,
				-26.88,
				1,
				0.578,
				-26.88,
				0.656,
				18.947,
				0.733,
				18.947,
				1,
				0.822,
				18.947,
				0.911,
				-15.284,
				1,
				-15.284,
				1,
				1.067,
				-15.284,
				1.133,
				9.162,
				1.2,
				9.162,
				1,
				1.267,
				9.162,
				1.333,
				-8,
				1.4,
				-8,
				1,
				1.489,
				-8,
				1.578,
				2,
				1.667,
				2,
				1,
				2,
				2,
				2.333,
				-8,
				2.667,
				-8
			]
		},
		{
			"Target": "Parameter",
			"Id": "ParamHairLibonX",
			"Segments": [
				0,
				0,
				1,
				0.044,
				0,
				0.089,
				1.493,
				0.133,
				2,
				1,
				0.211,
				2.888,
				0.289,
				3,
				0.367,
				3,
				1,
				0.444,
				3,
				0.522,
				2.885,
				0.6,
				2,
				1,
				0.678,
				1.115,
				0.756,
				0,
				0.833,
				0,
				1,
				0.956,
				0,
				1.078,
				0,
				1.2,
				0,
				1,
				1.356,
				0,
				1.511,
				0,
				1.667,
				0,
				1,
				2,
				0,
				2.333,
				0,
				2.667,
				0
			]
		},
		{
			"Target": "Parameter",
			"Id": "ParamHairLibonY",
			"Segments": [
				0,
				0,
				1,
				0.044,
				0,
				0.089,
				10,
				0.133,
				10,
				1,
				0.211,
				10,
				0.289,
				-7,
				0.367,
				-7,
				1,
				0.444,
				-7,
				0.522,
				2,
				0.6,
				2,
				1,
				0.678,
				2,
				0.756,
				-2,
				0.833,
				-2,
				1,
				0.956,
				-2,
				1.078,
				1,
				1.2,
				1,
				1,
				1.356,
				1,
				1.511,
				0,
				1.667,
				0,
				1,
				2,
				0,
				2.333,
				0,
				2.667,
				0
			]
		},
		{
			"Target": "Parameter",
			"Id": "ParamKami9",
			"Segments": [
				0,
				-30,
				0,
				0.067,
				-30,
				1,
				0.233,
				-30,
				0.4,
				3.814,
				0.567,
				15,
				1,
				0.778,
				29.169,
				0.989,
				30,
				1.2,
				30,
				1,
				1.689,
				30,
				2.178,
				10.8,
				2.667,
				10.8
			]
		},
		{
			"Target": "Parameter",
			"Id": "ParamKami8",
			"Segments": [
				0,
				-30,
				0,
				0.067,
				-30,
				1,
				0.233,
				-30,
				0.4,
				3.814,
				0.567,
				15,
				1,
				0.778,
				29.169,
				0.989,
				30,
				1.2,
				30,
				1,
				1.689,
				30,
				2.178,
				12.1,
				2.667,
				12.1
			]
		},
		{
			"Target": "Parameter",
			"Id": "ParamKami7",
			"Segments": [
				0,
				-30,
				0,
				0.067,
				-30,
				1,
				0.233,
				-30,
				0.4,
				3.814,
				0.567,
				15,
				1,
				0.778,
				29.169,
				0.989,
				30,
				1.2,
				30,
				1,
				1.689,
				30,
				2.178,
				13.5,
				2.667,
				13.5
			]
		},
		{
			"Target": "Parameter",
			"Id": "ParamKami6",
			"Segments": [
				0,
				-30,
				0,
				0.067,
				-30,
				1,
				0.233,
				-30,
				0.4,
				3.814,
				0.567,
				15,
				1,
				0.778,
				29.169,
				0.989,
				30,
				1.2,
				30,
				1,
				1.689,
				30,
				2.178,
				15,
				2.667,
				15
			]
		},
		{
			"Target": "Parameter",
			"Id": "ParamKami5",
			"Segments": [
				0,
				-30,
				0,
				0.067,
				-30,
				1,
				0.233,
				-30,
				0.4,
				3.814,
				0.567,
				15,
				1,
				0.778,
				29.169,
				0.989,
				30,
				1.2,
				30,
				1,
				1.689,
				30,
				2.178,
				17.1,
				2.667,
				17.1
			]
		},
		{
			"Target": "Parameter",
			"Id": "ParamKami4",
			"Segments": [
				0,
				-30,
				0,
				0.033,
				-30,
				1,
				0.2,
				-30,
				0.367,
				4.481,
				0.533,
				15,
				1,
				0.744,
				28.324,
				0.956,
				29,
				1.167,
				29,
				1,
				1.667,
				29,
				2.167,
				20,
				2.667,
				20
			]
		},
		{
			"Target": "Parameter",
			"Id": "ParamKami3",
			"Segments": [
				0,
				-30,
				0,
				0.033,
				-30,
				1,
				0.2,
				-30,
				0.367,
				3.814,
				0.533,
				15,
				1,
				0.744,
				29.169,
				0.956,
				30,
				1.167,
				30,
				1,
				1.667,
				30,
				2.167,
				23.4,
				2.667,
				23.4
			]
		},
		{
			"Target": "Parameter",
			"Id": "ParamKami2",
			"Segments": [
				0,
				-30,
				1,
				0.167,
				-30,
				0.333,
				3.814,
				0.5,
				15,
				1,
				0.711,
				29.169,
				0.922,
				30,
				1.133,
				30,
				1,
				1.644,
				30,
				2.156,
				26.8,
				2.667,
				26.8
			]
		},
		{
			"Target": "Parameter",
			"Id": "ParamKami1",
			"Segments": [
				0,
				-30,
				1,
				0.167,
				-30,
				0.333,
				-15,
				0.5,
				-15,
				1,
				1.222,
				-15,
				1.944,
				-30,
				2.667,
				-30
			]
		},
		{
			"Target": "Parameter",
			"Id": "ParamRibon1",
			"Segments": [
				0,
				0,
				0,
				0.1,
				0,
				1,
				0.156,
				0,
				0.211,
				16,
				0.267,
				16,
				1,
				0.367,
				16,
				0.467,
				-9,
				0.567,
				-9,
				1,
				0.689,
				-9,
				0.811,
				10,
				0.933,
				10,
				1,
				1.056,
				10,
				1.178,
				-8,
				1.3,
				-8,
				1,
				1.433,
				-8,
				1.567,
				3.204,
				1.7,
				3.204,
				1,
				2.022,
				3.204,
				2.344,
				0,
				2.667,
				0
			]
		},
		{
			"Target": "Parameter",
			"Id": "ParamRibon2",
			"Segments": [
				0,
				0,
				0,
				0.067,
				0,
				1,
				0.122,
				0,
				0.178,
				16,
				0.233,
				16,
				1,
				0.333,
				16,
				0.433,
				-10,
				0.533,
				-10,
				1,
				0.656,
				-10,
				0.778,
				10,
				0.9,
				10,
				1,
				1.022,
				10,
				1.144,
				-8,
				1.267,
				-8,
				1,
				1.411,
				-8,
				1.556,
				2.796,
				1.7,
				2.796,
				1,
				2.022,
				2.796,
				2.344,
				2.5,
				2.667,
				2.5
			]
		},
		{
			"Target": "Parameter",
			"Id": "ParamRibon3",
			"Segments": [
				0,
				0,
				0,
				0.033,
				0,
				1,
				0.089,
				0,
				0.144,
				16,
				0.2,
				16,
				1,
				0.3,
				16,
				0.4,
				-10,
				0.5,
				-10,
				1,
				0.622,
				-10,
				0.744,
				10,
				0.867,
				10,
				1,
				0.989,
				10,
				1.111,
				-8,
				1.233,
				-8,
				1,
				1.367,
				-8,
				1.5,
				3,
				1.633,
				3,
				1,
				1.978,
				3,
				2.322,
				0,
				2.667,
				0
			]
		},
		{
			"Target": "Parameter",
			"Id": "ParamRibon4",
			"Segments": [
				0,
				0,
				1,
				0.056,
				0,
				0.111,
				15,
				0.167,
				15,
				1,
				0.267,
				15,
				0.367,
				-10,
				0.467,
				-10,
				1,
				0.589,
				-10,
				0.711,
				10,
				0.833,
				10,
				1,
				0.956,
				10,
				1.078,
				-8,
				1.2,
				-8,
				1,
				1.333,
				-8,
				1.467,
				3,
				1.6,
				3,
				1,
				1.956,
				3,
				2.311,
				-0.3,
				2.667,
				-0.3
			]
		},
		{
			"Target": "Parameter",
			"Id": "ParamRibon5",
			"Segments": [
				0,
				0,
				0,
				0.1,
				0,
				1,
				0.156,
				0,
				0.211,
				-11,
				0.267,
				-11,
				1,
				0.367,
				-11,
				0.467,
				13,
				0.567,
				13,
				1,
				0.689,
				13,
				0.811,
				-3,
				0.933,
				-3,
				1,
				1.056,
				-3,
				1.178,
				0,
				1.3,
				0,
				1,
				1.433,
				0,
				1.567,
				0,
				1.7,
				0,
				1,
				2.022,
				0,
				2.344,
				5.7,
				2.667,
				5.7
			]
		},
		{
			"Target": "Parameter",
			"Id": "ParamRibon6",
			"Segments": [
				0,
				0,
				0,
				0.067,
				0,
				1,
				0.122,
				0,
				0.178,
				-11,
				0.233,
				-11,
				1,
				0.333,
				-11,
				0.433,
				13,
				0.533,
				13,
				1,
				0.656,
				13,
				0.778,
				-3,
				0.9,
				-3,
				1,
				1.022,
				-3,
				1.144,
				0,
				1.267,
				0,
				1,
				1.4,
				0,
				1.533,
				0,
				1.667,
				0,
				1,
				2,
				0,
				2.333,
				-2.4,
				2.667,
				-2.4
			]
		},
		{
			"Target": "Parameter",
			"Id": "ParamRibon7",
			"Segments": [
				0,
				0,
				0,
				0.033,
				0,
				1,
				0.089,
				0,
				0.144,
				-11,
				0.2,
				-11,
				1,
				0.3,
				-11,
				0.4,
				13,
				0.5,
				13,
				1,
				0.622,
				13,
				0.744,
				-3,
				0.867,
				-3,
				1,
				0.989,
				-3,
				1.111,
				0,
				1.233,
				0,
				1,
				1.367,
				0,
				1.5,
				0,
				1.633,
				0,
				1,
				1.978,
				0,
				2.322,
				-1.7,
				2.667,
				-1.7
			]
		},
		{
			"Target": "Parameter",
			"Id": "ParamRibon8",
			"Segments": [
				0,
				0,
				1,
				0.056,
				0,
				0.111,
				-9,
				0.167,
				-9,
				1,
				0.267,
				-9,
				0.367,
				13,
				0.467,
				13,
				1,
				0.589,
				13,
				0.711,
				-4,
				0.833,
				-4,
				1,
				0.956,
				-4,
				1.078,
				0,
				1.2,
				0,
				1,
				1.333,
				0,
				1.467,
				0,
				1.6,
				0,
				1,
				1.956,
				0,
				2.311,
				-0.9,
				2.667,
				-0.9
			]
		},
		{
			"Target": "Parameter",
			"Id": "ParamUdeR2",
			"Segments": [
				0,
				0,
				1,
				0.056,
				0,
				0.111,
				13.485,
				0.167,
				13.485,
				1,
				0.278,
				13.485,
				0.389,
				-12.454,
				0.5,
				-12.454,
				1,
				0.611,
				-12.454,
				0.722,
				6.453,
				0.833,
				6.453,
				1,
				0.944,
				6.453,
				1.056,
				-4.188,
				1.167,
				-4.188,
				1,
				1.267,
				-4.188,
				1.367,
				0,
				1.467,
				0,
				1,
				1.867,
				0,
				2.267,
				0,
				2.667,
				0
			]
		},
		{
			"Target": "Parameter",
			"Id": "ParamUdeR",
			"Segments": [
				0,
				0,
				1,
				0.078,
				0,
				0.156,
				10.182,
				0.233,
				10.182,
				1,
				0.344,
				10.182,
				0.456,
				-7.308,
				0.567,
				-7.308,
				1,
				0.667,
				-7.308,
				0.767,
				5.207,
				0.867,
				5.207,
				1,
				0.978,
				5.207,
				1.089,
				-3.995,
				1.2,
				-3.995,
				1,
				1.311,
				-3.995,
				1.422,
				0,
				1.533,
				0,
				1,
				1.911,
				0,
				2.289,
				0,
				2.667,
				0
			]
		},
		{
			"Target": "Parameter",
			"Id": "ParamHandR",
			"Segments": [
				0,
				0,
				1,
				0.111,
				0,
				0.222,
				10.56,
				0.333,
				10.56,
				1,
				0.444,
				10.56,
				0.556,
				-7.89,
				0.667,
				-7.89,
				1,
				0.767,
				-7.89,
				0.867,
				4.222,
				0.967,
				4.222,
				1,
				1.089,
				4.222,
				1.211,
				-2.744,
				1.333,
				-2.744,
				1,
				1.433,
				-2.744,
				1.533,
				0,
				1.633,
				0,
				1,
				1.978,
				0,
				2.322,
				0,
				2.667,
				0
			]
		},
		{
			"Target": "Parameter",
			"Id": "ParamKR",
			"Segments": [
				0,
				0,
				1,
				0.133,
				0,
				0.267,
				10.38,
				0.4,
				10.38,
				1,
				0.511,
				10.38,
				0.622,
				-8.76,
				0.733,
				-8.76,
				1,
				0.833,
				-8.76,
				0.933,
				4.94,
				1.033,
				4.94,
				1,
				1.144,
				4.94,
				1.256,
				-2.36,
				1.367,
				-2.36,
				1,
				1.478,
				-2.36,
				1.589,
				0,
				1.7,
				0,
				1,
				2.022,
				0,
				2.344,
				0,
				2.667,
				0
			]
		},
		{
			"Target": "Parameter",
			"Id": "ParamUdeL2",
			"Segments": [
				0,
				0,
				1,
				0.056,
				0,
				0.111,
				10,
				0.167,
				10,
				1,
				0.278,
				10,
				0.389,
				-7,
				0.5,
				-7,
				1,
				0.6,
				-7,
				0.7,
				4.7,
				0.8,
				4.7,
				1,
				0.911,
				4.7,
				1.022,
				-3.02,
				1.133,
				-3.02,
				1,
				1.244,
				-3.02,
				1.356,
				0,
				1.467,
				0,
				1,
				1.867,
				0,
				2.267,
				0,
				2.667,
				0
			]
		},
		{
			"Target": "Parameter",
			"Id": "ParamUdeL",
			"Segments": [
				0,
				0,
				1,
				0.078,
				0,
				0.156,
				10,
				0.233,
				10,
				1,
				0.344,
				10,
				0.456,
				-7.08,
				0.567,
				-7.08,
				1,
				0.667,
				-7.08,
				0.767,
				5,
				0.867,
				5,
				1,
				0.978,
				5,
				1.089,
				-2.78,
				1.2,
				-2.78,
				1,
				1.311,
				-2.78,
				1.422,
				0,
				1.533,
				0,
				1,
				1.911,
				0,
				2.289,
				0,
				2.667,
				0
			]
		},
		{
			"Target": "Parameter",
			"Id": "ParamHnadL",
			"Segments": [
				0,
				0,
				1,
				0.111,
				0,
				0.222,
				10,
				0.333,
				10,
				1,
				0.444,
				10,
				0.556,
				-7,
				0.667,
				-7,
				1,
				0.778,
				-7,
				0.889,
				3.89,
				1,
				3.89,
				1,
				1.1,
				3.89,
				1.2,
				-2.14,
				1.3,
				-2.14,
				1,
				1.411,
				-2.14,
				1.522,
				0,
				1.633,
				0,
				1,
				1.978,
				0,
				2.322,
				0,
				2.667,
				0
			]
		},
		{
			"Target": "Parameter",
			"Id": "ParamKL",
			"Segments": [
				0,
				0,
				1,
				0.133,
				0,
				0.267,
				10,
				0.4,
				10,
				1,
				0.511,
				10,
				0.622,
				-8,
				0.733,
				-8,
				1,
				0.844,
				-8,
				0.956,
				4.778,
				1.067,
				4.778,
				1,
				1.178,
				4.778,
				1.289,
				-2.966,
				1.4,
				-2.966,
				1,
				1.5,
				-2.966,
				1.6,
				0,
				1.7,
				0,
				1,
				2.022,
				0,
				2.344,
				0,
				2.667,
				0
			]
		},
		{
			"Target": "Parameter",
			"Id": "ParamFoot",
			"Segments": [
				0,
				0,
				1,
				0.056,
				0,
				0.111,
				0,
				0.167,
				0,
				1,
				0.256,
				0,
				0.344,
				0,
				0.433,
				0,
				1,
				0.511,
				0,
				0.589,
				0,
				0.667,
				0,
				1,
				0.744,
				0,
				0.822,
				0,
				0.9,
				0,
				1,
				1.078,
				0,
				1.256,
				-2.18,
				1.433,
				-2.18,
				1,
				1.844,
				-2.18,
				2.256,
				0,
				2.667,
				0
			]
		},
		{
			"Target": "Parameter",
			"Id": "ParamFootL",
			"Segments": [
				0,
				0,
				1,
				0.056,
				0,
				0.111,
				23.543,
				0.167,
				23.543,
				1,
				0.244,
				23.543,
				0.322,
				-8.553,
				0.4,
				-8.553,
				1,
				0.489,
				-8.553,
				0.578,
				-5.49,
				0.667,
				0,
				1,
				0.778,
				6.863,
				0.889,
				10,
				1,
				10,
				1,
				1.144,
				10,
				1.289,
				0,
				1.433,
				0,
				1,
				1.844,
				0,
				2.256,
				0,
				2.667,
				0
			]
		},
		{
			"Target": "Parameter",
			"Id": "ParamFootL2",
			"Segments": [
				0,
				0,
				1,
				0.033,
				0,
				0.067,
				-30,
				0.1,
				-30,
				1,
				0.178,
				-30,
				0.256,
				18,
				0.333,
				18,
				1,
				0.433,
				18,
				0.533,
				-5.371,
				0.633,
				-5.371,
				1,
				0.756,
				-5.371,
				0.878,
				6.797,
				1,
				6.797,
				1,
				1.144,
				6.797,
				1.289,
				0,
				1.433,
				0,
				1,
				1.844,
				0,
				2.256,
				0,
				2.667,
				0
			]
		},
		{
			"Target": "Parameter",
			"Id": "Param_Angle_Rotation98",
			"Segments": [
				0,
				0,
				0,
				2.667,
				0
			]
		},
		{
			"Target": "Parameter",
			"Id": "Param_Angle_Rotation99",
			"Segments": [
				0,
				0,
				1,
				0.067,
				0,
				0.133,
				-11,
				0.2,
				-11,
				1,
				0.289,
				-11,
				0.378,
				6,
				0.467,
				6,
				1,
				0.578,
				6,
				0.689,
				-7,
				0.8,
				-7,
				1,
				0.878,
				-7,
				0.956,
				4,
				1.033,
				4,
				1,
				1.144,
				4,
				1.256,
				-3,
				1.367,
				-3,
				1,
				1.489,
				-3,
				1.611,
				0,
				1.733,
				0,
				1,
				2.044,
				0,
				2.356,
				0,
				2.667,
				0
			]
		},
		{
			"Target": "Parameter",
			"Id": "Param_Angle_Rotation100",
			"Segments": [
				0,
				0,
				0,
				0.067,
				0,
				1,
				0.133,
				0,
				0.2,
				-12,
				0.267,
				-12,
				1,
				0.356,
				-12,
				0.444,
				8,
				0.533,
				8,
				1,
				0.644,
				8,
				0.756,
				-8,
				0.867,
				-8,
				1,
				0.944,
				-8,
				1.022,
				5,
				1.1,
				5,
				1,
				1.211,
				5,
				1.322,
				-1.149,
				1.433,
				-3,
				1,
				1.556,
				-5.037,
				1.678,
				-5,
				1.8,
				-5,
				1,
				2.089,
				-5,
				2.378,
				-2.6,
				2.667,
				-2.6
			]
		},
		{
			"Target": "Parameter",
			"Id": "Param_Angle_Rotation101",
			"Segments": [
				0,
				0,
				0,
				0.133,
				0,
				1,
				0.2,
				0,
				0.267,
				-14,
				0.333,
				-14,
				1,
				0.422,
				-14,
				0.511,
				6,
				0.6,
				6,
				1,
				0.711,
				6,
				0.822,
				-8,
				0.933,
				-8,
				1,
				1.011,
				-8,
				1.089,
				5,
				1.167,
				5,
				1,
				1.278,
				5,
				1.389,
				3.044,
				1.5,
				-2,
				1,
				1.622,
				-7.548,
				1.744,
				-11,
				1.867,
				-11,
				1,
				2.133,
				-11,
				2.4,
				-4.4,
				2.667,
				-4.4
			]
		},
		{
			"Target": "Parameter",
			"Id": "Param_Angle_Rotation102",
			"Segments": [
				0,
				0,
				0,
				0.2,
				0,
				1,
				0.267,
				0,
				0.333,
				-12,
				0.4,
				-12,
				1,
				0.489,
				-12,
				0.578,
				8,
				0.667,
				8,
				1,
				0.778,
				8,
				0.889,
				-8,
				1,
				-8,
				1,
				1.078,
				-8,
				1.156,
				6,
				1.233,
				6,
				1,
				1.344,
				6,
				1.456,
				4.054,
				1.567,
				-3,
				1,
				1.689,
				-10.759,
				1.811,
				-17,
				1.933,
				-17,
				1,
				2.178,
				-17,
				2.422,
				-5.5,
				2.667,
				-5.5
			]
		},
		{
			"Target": "Parameter",
			"Id": "Param_Angle_Rotation23",
			"Segments": [
				0,
				0,
				1,
				0.067,
				0,
				0.133,
				-8,
				0.2,
				-8,
				1,
				0.289,
				-8,
				0.378,
				6,
				0.467,
				6,
				1,
				0.578,
				6,
				0.689,
				-5,
				0.8,
				-5,
				1,
				0.889,
				-5,
				0.978,
				4,
				1.067,
				4,
				1,
				1.167,
				4,
				1.267,
				-1,
				1.367,
				-1,
				1,
				1.5,
				-1,
				1.633,
				0,
				1.767,
				0,
				1,
				2.067,
				0,
				2.367,
				0,
				2.667,
				0
			]
		},
		{
			"Target": "Parameter",
			"Id": "Param_Angle_Rotation24",
			"Segments": [
				0,
				0,
				0,
				0.067,
				0,
				1,
				0.133,
				0,
				0.2,
				-8,
				0.267,
				-8,
				1,
				0.356,
				-8,
				0.444,
				6,
				0.533,
				6,
				1,
				0.644,
				6,
				0.756,
				-5,
				0.867,
				-5,
				1,
				0.956,
				-5,
				1.044,
				4,
				1.133,
				4,
				1,
				1.233,
				4,
				1.333,
				2.68,
				1.433,
				-1,
				1,
				1.567,
				-5.906,
				1.7,
				-9,
				1.833,
				-9,
				1,
				2.111,
				-9,
				2.389,
				-4.7,
				2.667,
				-4.7
			]
		},
		{
			"Target": "Parameter",
			"Id": "Param_Angle_Rotation25",
			"Segments": [
				0,
				0,
				0,
				0.133,
				0,
				1,
				0.2,
				0,
				0.267,
				-8,
				0.333,
				-8,
				1,
				0.422,
				-8,
				0.511,
				6,
				0.6,
				6,
				1,
				0.711,
				6,
				0.822,
				-5,
				0.933,
				-5,
				1,
				1.022,
				-5,
				1.111,
				3,
				1.2,
				3,
				1,
				1.3,
				3,
				1.4,
				2.813,
				1.5,
				-1,
				1,
				1.633,
				-6.085,
				1.767,
				-13,
				1.9,
				-13,
				1,
				2.156,
				-13,
				2.411,
				-7.4,
				2.667,
				-7.4
			]
		},
		{
			"Target": "Parameter",
			"Id": "Param_Angle_Rotation27",
			"Segments": [
				0,
				0,
				1,
				0.056,
				0,
				0.111,
				-8,
				0.167,
				-8,
				1,
				0.267,
				-8,
				0.367,
				8,
				0.467,
				8,
				1,
				0.567,
				8,
				0.667,
				-6,
				0.767,
				-6,
				1,
				0.878,
				-6,
				0.989,
				4,
				1.1,
				4,
				1,
				1.3,
				4,
				1.5,
				0,
				1.7,
				0,
				1,
				2.022,
				0,
				2.344,
				0,
				2.667,
				0
			]
		},
		{
			"Target": "Parameter",
			"Id": "Param_Angle_Rotation28",
			"Segments": [
				0,
				0,
				0,
				0.067,
				0,
				1,
				0.122,
				0,
				0.178,
				-9,
				0.233,
				-9,
				1,
				0.333,
				-9,
				0.433,
				7,
				0.533,
				7,
				1,
				0.633,
				7,
				0.733,
				-6,
				0.833,
				-6,
				1,
				0.944,
				-6,
				1.056,
				4,
				1.167,
				4,
				1,
				1.367,
				4,
				1.567,
				-10,
				1.767,
				-10,
				1,
				2.067,
				-10,
				2.367,
				-3.5,
				2.667,
				-3.5
			]
		},
		{
			"Target": "Parameter",
			"Id": "Param_Angle_Rotation29",
			"Segments": [
				0,
				0,
				0,
				0.1,
				0,
				1,
				0.156,
				0,
				0.211,
				-9,
				0.267,
				-9,
				1,
				0.367,
				-9,
				0.467,
				8,
				0.567,
				8,
				1,
				0.667,
				8,
				0.767,
				-6,
				0.867,
				-6,
				1,
				0.978,
				-6,
				1.089,
				4,
				1.2,
				4,
				1,
				1.4,
				4,
				1.6,
				-17,
				1.8,
				-17,
				1,
				2.089,
				-17,
				2.378,
				-8.9,
				2.667,
				-8.9
			]
		},
		{
			"Target": "Parameter",
			"Id": "Param_Angle_Rotation30",
			"Segments": [
				0,
				0,
				0,
				0.133,
				0,
				1,
				0.189,
				0,
				0.244,
				-10,
				0.3,
				-10,
				1,
				0.4,
				-10,
				0.5,
				8,
				0.6,
				8,
				1,
				0.7,
				8,
				0.8,
				-5,
				0.9,
				-5,
				1,
				1.011,
				-5,
				1.122,
				2,
				1.233,
				2,
				1,
				1.433,
				2,
				1.633,
				-30,
				1.833,
				-30,
				1,
				2.111,
				-30,
				2.389,
				-19,
				2.667,
				-19
			]
		},
		{
			"Target": "Parameter",
			"Id": "Param_Angle_Rotation32",
			"Segments": [
				0,
				0,
				1,
				0.056,
				0,
				0.111,
				-12,
				0.167,
				-12,
				1,
				0.244,
				-12,
				0.322,
				9,
				0.4,
				9,
				1,
				0.522,
				9,
				0.644,
				-5,
				0.767,
				-5,
				1,
				0.889,
				-5,
				1.011,
				1,
				1.133,
				1,
				1,
				1.322,
				1,
				1.511,
				-2,
				1.7,
				-2,
				1,
				2.022,
				-2,
				2.344,
				0,
				2.667,
				0
			]
		},
		{
			"Target": "Parameter",
			"Id": "Param_Angle_Rotation33",
			"Segments": [
				0,
				0,
				0,
				0.033,
				0,
				1,
				0.089,
				0,
				0.144,
				-12,
				0.2,
				-12,
				1,
				0.278,
				-12,
				0.356,
				9,
				0.433,
				9,
				1,
				0.556,
				9,
				0.678,
				-5,
				0.8,
				-5,
				1,
				0.922,
				-5,
				1.044,
				1,
				1.167,
				1,
				1,
				1.356,
				1,
				1.544,
				-11,
				1.733,
				-11,
				1,
				2.044,
				-11,
				2.356,
				-2.9,
				2.667,
				-2.9
			]
		},
		{
			"Target": "Parameter",
			"Id": "Param_Angle_Rotation34",
			"Segments": [
				0,
				0,
				0,
				0.067,
				0,
				1,
				0.122,
				0,
				0.178,
				-12,
				0.233,
				-12,
				1,
				0.311,
				-12,
				0.389,
				9,
				0.467,
				9,
				1,
				0.589,
				9,
				0.711,
				-5,
				0.833,
				-5,
				1,
				0.956,
				-5,
				1.078,
				1,
				1.2,
				1,
				1,
				1.389,
				1,
				1.578,
				-16,
				1.767,
				-16,
				1,
				2.067,
				-16,
				2.367,
				-5.4,
				2.667,
				-5.4
			]
		},
		{
			"Target": "Parameter",
			"Id": "Param_Angle_Rotation36",
			"Segments": [
				0,
				0,
				1,
				0.056,
				0,
				0.111,
				-9,
				0.167,
				-9,
				1,
				0.256,
				-9,
				0.344,
				6,
				0.433,
				6,
				1,
				0.556,
				6,
				0.678,
				-4,
				0.8,
				-4,
				1,
				0.911,
				-4,
				1.022,
				1,
				1.133,
				1,
				1,
				1.322,
				1,
				1.511,
				-8,
				1.7,
				-8,
				1,
				2.022,
				-8,
				2.344,
				-2.4,
				2.667,
				-2.4
			]
		},
		{
			"Target": "Parameter",
			"Id": "Param_Angle_Rotation37",
			"Segments": [
				0,
				0,
				0,
				0.033,
				0,
				1,
				0.089,
				0,
				0.144,
				-8,
				0.2,
				-8,
				1,
				0.289,
				-8,
				0.378,
				7,
				0.467,
				7,
				1,
				0.589,
				7,
				0.711,
				-4,
				0.833,
				-4,
				1,
				0.944,
				-4,
				1.056,
				1,
				1.167,
				1,
				1,
				1.356,
				1,
				1.544,
				-12,
				1.733,
				-12,
				1,
				2.044,
				-12,
				2.356,
				-3.6,
				2.667,
				-3.6
			]
		},
		{
			"Target": "Parameter",
			"Id": "Param_Angle_Rotation38",
			"Segments": [
				0,
				0,
				0,
				0.067,
				0,
				1,
				0.122,
				0,
				0.178,
				-9,
				0.233,
				-9,
				1,
				0.322,
				-9,
				0.411,
				8,
				0.5,
				8,
				1,
				0.622,
				8,
				0.744,
				-4,
				0.867,
				-4,
				1,
				0.978,
				-4,
				1.089,
				1,
				1.2,
				1,
				1,
				1.389,
				1,
				1.578,
				-14,
				1.767,
				-14,
				1,
				2.067,
				-14,
				2.367,
				-4,
				2.667,
				-4
			]
		},
		{
			"Target": "Parameter",
			"Id": "Param_Angle_Rotation39",
			"Segments": [
				0,
				0,
				0,
				0.1,
				0,
				1,
				0.156,
				0,
				0.211,
				-9,
				0.267,
				-9,
				1,
				0.356,
				-9,
				0.444,
				6,
				0.533,
				6,
				1,
				0.656,
				6,
				0.778,
				-5,
				0.9,
				-5,
				1,
				1.011,
				-5,
				1.122,
				1,
				1.233,
				1,
				1,
				1.422,
				1,
				1.611,
				-18,
				1.8,
				-18,
				1,
				2.089,
				-18,
				2.378,
				-4.4,
				2.667,
				-4.4
			]
		},
		{
			"Target": "Parameter",
			"Id": "Param_Angle_Rotation41",
			"Segments": [
				0,
				0,
				0,
				0.033,
				0,
				1,
				0.089,
				0,
				0.144,
				-7,
				0.2,
				-7,
				1,
				0.289,
				-7,
				0.378,
				8,
				0.467,
				8,
				1,
				0.589,
				8,
				0.711,
				-5,
				0.833,
				-5,
				1,
				0.944,
				-5,
				1.056,
				2,
				1.167,
				2,
				1,
				1.356,
				2,
				1.544,
				-5,
				1.733,
				-5,
				1,
				2.044,
				-5,
				2.356,
				-1.3,
				2.667,
				-1.3
			]
		},
		{
			"Target": "Parameter",
			"Id": "Param_Angle_Rotation42",
			"Segments": [
				0,
				0,
				0,
				0.067,
				0,
				1,
				0.122,
				0,
				0.178,
				-8,
				0.233,
				-8,
				1,
				0.322,
				-8,
				0.411,
				8,
				0.5,
				8,
				1,
				0.622,
				8,
				0.744,
				-5,
				0.867,
				-5,
				1,
				0.978,
				-5,
				1.089,
				3,
				1.2,
				3,
				1,
				1.389,
				3,
				1.578,
				-9,
				1.767,
				-9,
				1,
				2.067,
				-9,
				2.367,
				-2.9,
				2.667,
				-2.9
			]
		},
		{
			"Target": "Parameter",
			"Id": "Param_Angle_Rotation43",
			"Segments": [
				0,
				0,
				0,
				0.1,
				0,
				1,
				0.156,
				0,
				0.211,
				-8,
				0.267,
				-8,
				1,
				0.356,
				-8,
				0.444,
				8,
				0.533,
				8,
				1,
				0.656,
				8,
				0.778,
				-5,
				0.9,
				-5,
				1,
				1.011,
				-5,
				1.122,
				3,
				1.233,
				3,
				1,
				1.422,
				3,
				1.611,
				-13,
				1.8,
				-13,
				1,
				2.089,
				-13,
				2.378,
				-3.9,
				2.667,
				-3.9
			]
		},
		{
			"Target": "Parameter",
			"Id": "Param_Angle_Rotation44",
			"Segments": [
				0,
				0,
				0,
				0.133,
				0,
				1,
				0.189,
				0,
				0.244,
				-8,
				0.3,
				-8,
				1,
				0.389,
				-8,
				0.478,
				8,
				0.567,
				8,
				1,
				0.689,
				8,
				0.811,
				-6,
				0.933,
				-6,
				1,
				1.044,
				-6,
				1.156,
				3,
				1.267,
				3,
				1,
				1.456,
				3,
				1.644,
				-18,
				1.833,
				-18,
				1,
				2.111,
				-18,
				2.389,
				-4.7,
				2.667,
				-4.7
			]
		},
		{
			"Target": "Parameter",
			"Id": "Param_Angle_Rotation46",
			"Segments": [
				0,
				-4.9,
				0,
				2.667,
				-4.9
			]
		},
		{
			"Target": "Parameter",
			"Id": "Param_Angle_Rotation47",
			"Segments": [
				0,
				0,
				0,
				0.067,
				0,
				1,
				0.122,
				0,
				0.178,
				-8,
				0.233,
				-8,
				1,
				0.322,
				-8,
				0.411,
				6,
				0.5,
				6,
				1,
				0.622,
				6,
				0.744,
				-2,
				0.867,
				-2,
				1,
				0.989,
				-2,
				1.111,
				1,
				1.233,
				1,
				1,
				1.356,
				1,
				1.478,
				-12,
				1.6,
				-12,
				1,
				1.956,
				-12,
				2.311,
				-6,
				2.667,
				-6
			]
		},
		{
			"Target": "Parameter",
			"Id": "Param_Angle_Rotation48",
			"Segments": [
				0,
				0,
				0,
				0.1,
				0,
				1,
				0.156,
				0,
				0.211,
				-10,
				0.267,
				-10,
				1,
				0.356,
				-10,
				0.444,
				6,
				0.533,
				6,
				1,
				0.656,
				6,
				0.778,
				-3,
				0.9,
				-3,
				1,
				1.022,
				-3,
				1.144,
				3,
				1.267,
				3,
				1,
				1.389,
				3,
				1.511,
				-12,
				1.633,
				-12,
				1,
				1.978,
				-12,
				2.322,
				-5.3,
				2.667,
				-5.3
			]
		},
		{
			"Target": "Parameter",
			"Id": "Param_Angle_Rotation49",
			"Segments": [
				0,
				0,
				0,
				0.133,
				0,
				1,
				0.189,
				0,
				0.244,
				-10,
				0.3,
				-10,
				1,
				0.389,
				-10,
				0.478,
				6,
				0.567,
				6,
				1,
				0.689,
				6,
				0.811,
				-3,
				0.933,
				-3,
				1,
				1.056,
				-3,
				1.178,
				2,
				1.3,
				2,
				1,
				1.422,
				2,
				1.544,
				-12,
				1.667,
				-12,
				1,
				2,
				-12,
				2.333,
				-4.3,
				2.667,
				-4.3
			]
		},
		{
			"Target": "Parameter",
			"Id": "Param_Angle_Rotation52",
			"Segments": [
				0,
				0,
				0,
				0.1,
				0,
				1,
				0.156,
				0,
				0.211,
				8,
				0.267,
				8,
				1,
				0.378,
				8,
				0.489,
				-5,
				0.6,
				-5,
				1,
				0.722,
				-5,
				0.844,
				4,
				0.967,
				4,
				1,
				1.089,
				4,
				1.211,
				-1,
				1.333,
				-1,
				1,
				1.456,
				-1,
				1.578,
				0,
				1.7,
				0,
				0,
				2.667,
				0
			]
		},
		{
			"Target": "Parameter",
			"Id": "Param_Angle_Rotation53",
			"Segments": [
				0,
				0,
				0,
				0.133,
				0,
				1,
				0.189,
				0,
				0.244,
				7,
				0.3,
				7,
				1,
				0.411,
				7,
				0.522,
				-5,
				0.633,
				-5,
				1,
				0.756,
				-5,
				0.878,
				4,
				1,
				4,
				1,
				1.122,
				4,
				1.244,
				-1,
				1.367,
				-1,
				1,
				1.489,
				-1,
				1.611,
				0,
				1.733,
				0,
				0,
				2.667,
				0
			]
		},
		{
			"Target": "Parameter",
			"Id": "Param_Angle_Rotation54",
			"Segments": [
				0,
				0,
				0,
				0.167,
				0,
				1,
				0.222,
				0,
				0.278,
				8,
				0.333,
				8,
				1,
				0.444,
				8,
				0.556,
				-6,
				0.667,
				-6,
				1,
				0.789,
				-6,
				0.911,
				4,
				1.033,
				4,
				1,
				1.156,
				4,
				1.278,
				-1,
				1.4,
				-1,
				1,
				1.522,
				-1,
				1.644,
				0,
				1.767,
				0,
				0,
				2.667,
				0
			]
		},
		{
			"Target": "Parameter",
			"Id": "Param_Angle_Rotation56",
			"Segments": [
				0,
				0,
				1,
				0.056,
				0,
				0.111,
				14,
				0.167,
				14,
				1,
				0.244,
				14,
				0.322,
				-10,
				0.4,
				-10,
				1,
				0.489,
				-10,
				0.578,
				6,
				0.667,
				6,
				1,
				0.767,
				6,
				0.867,
				-5,
				0.967,
				-5,
				1,
				1.1,
				-5,
				1.233,
				4,
				1.367,
				4,
				1,
				1.578,
				4,
				1.789,
				-9,
				2,
				-9,
				1,
				2.222,
				-9,
				2.444,
				-2.2,
				2.667,
				-2.2
			]
		},
		{
			"Target": "Parameter",
			"Id": "Param_Angle_Rotation57",
			"Segments": [
				0,
				0,
				0,
				0.033,
				0,
				1,
				0.089,
				0,
				0.144,
				14,
				0.2,
				14,
				1,
				0.278,
				14,
				0.356,
				-11,
				0.433,
				-11,
				1,
				0.522,
				-11,
				0.611,
				6,
				0.7,
				6,
				1,
				0.8,
				6,
				0.9,
				-5,
				1,
				-5,
				1,
				1.133,
				-5,
				1.267,
				3,
				1.4,
				3,
				1,
				1.611,
				3,
				1.822,
				-10,
				2.033,
				-10,
				1,
				2.244,
				-10,
				2.456,
				-3.7,
				2.667,
				-3.7
			]
		},
		{
			"Target": "Parameter",
			"Id": "Param_Angle_Rotation58",
			"Segments": [
				0,
				0,
				0,
				0.067,
				0,
				1,
				0.122,
				0,
				0.178,
				14,
				0.233,
				14,
				1,
				0.311,
				14,
				0.389,
				-9,
				0.467,
				-9,
				1,
				0.556,
				-9,
				0.644,
				6,
				0.733,
				6,
				1,
				0.833,
				6,
				0.933,
				-5,
				1.033,
				-5,
				1,
				1.167,
				-5,
				1.3,
				2,
				1.433,
				2,
				1,
				1.644,
				2,
				1.856,
				-11,
				2.067,
				-11,
				1,
				2.267,
				-11,
				2.467,
				-6.1,
				2.667,
				-6.1
			]
		},
		{
			"Target": "Parameter",
			"Id": "Param_Angle_Rotation59",
			"Segments": [
				0,
				0,
				0,
				0.1,
				0,
				1,
				0.156,
				0,
				0.211,
				14,
				0.267,
				14,
				1,
				0.344,
				14,
				0.422,
				-9,
				0.5,
				-9,
				1,
				0.589,
				-9,
				0.678,
				7,
				0.767,
				7,
				1,
				0.867,
				7,
				0.967,
				-6,
				1.067,
				-6,
				1,
				1.2,
				-6,
				1.333,
				3,
				1.467,
				3,
				1,
				1.678,
				3,
				1.889,
				-13,
				2.1,
				-13,
				1,
				2.289,
				-13,
				2.478,
				-6,
				2.667,
				-6
			]
		},
		{
			"Target": "Parameter",
			"Id": "Param_Angle_Rotation60",
			"Segments": [
				0,
				0,
				0,
				0.133,
				0,
				1,
				0.189,
				0,
				0.244,
				14,
				0.3,
				14,
				1,
				0.378,
				14,
				0.456,
				-10,
				0.533,
				-10,
				1,
				0.622,
				-10,
				0.711,
				8,
				0.8,
				8,
				1,
				0.9,
				8,
				1,
				-6,
				1.1,
				-6,
				1,
				1.233,
				-6,
				1.367,
				4,
				1.5,
				4,
				1,
				1.711,
				4,
				1.922,
				-13,
				2.133,
				-13,
				1,
				2.311,
				-13,
				2.489,
				-5.9,
				2.667,
				-5.9
			]
		},
		{
			"Target": "Parameter",
			"Id": "Param_Angle_Rotation61",
			"Segments": [
				0,
				0,
				0,
				0.167,
				0,
				1,
				0.222,
				0,
				0.278,
				14,
				0.333,
				14,
				1,
				0.411,
				14,
				0.489,
				-11,
				0.567,
				-11,
				1,
				0.656,
				-11,
				0.744,
				8,
				0.833,
				8,
				1,
				0.933,
				8,
				1.033,
				-5,
				1.133,
				-5,
				1,
				1.267,
				-5,
				1.4,
				3,
				1.533,
				3,
				1,
				1.744,
				3,
				1.956,
				-14,
				2.167,
				-14,
				1,
				2.333,
				-14,
				2.5,
				-5.5,
				2.667,
				-5.5
			]
		},
		{
			"Target": "Parameter",
			"Id": "Param_Angle_Rotation63",
			"Segments": [
				0,
				0,
				1,
				0.056,
				0,
				0.111,
				9,
				0.167,
				9,
				1,
				0.244,
				9,
				0.322,
				-6,
				0.4,
				-6,
				1,
				0.489,
				-6,
				0.578,
				4,
				0.667,
				4,
				1,
				0.778,
				4,
				0.889,
				-2,
				1,
				-2,
				1,
				1.122,
				-2,
				1.244,
				1,
				1.367,
				1,
				1,
				1.533,
				1,
				1.7,
				-8,
				1.867,
				-8,
				1,
				2.133,
				-8,
				2.4,
				-2.7,
				2.667,
				-2.7
			]
		},
		{
			"Target": "Parameter",
			"Id": "Param_Angle_Rotation64",
			"Segments": [
				0,
				0,
				0,
				0.033,
				0,
				1,
				0.089,
				0,
				0.144,
				9,
				0.2,
				9,
				1,
				0.278,
				9,
				0.356,
				-5,
				0.433,
				-5,
				1,
				0.522,
				-5,
				0.611,
				4,
				0.7,
				4,
				1,
				0.811,
				4,
				0.922,
				-2,
				1.033,
				-2,
				1,
				1.156,
				-2,
				1.278,
				1,
				1.4,
				1,
				1,
				1.567,
				1,
				1.733,
				-11,
				1.9,
				-11,
				1,
				2.156,
				-11,
				2.411,
				-5,
				2.667,
				-5
			]
		},
		{
			"Target": "Parameter",
			"Id": "Param_Angle_Rotation65",
			"Segments": [
				0,
				0,
				0,
				0.067,
				0,
				1,
				0.122,
				0,
				0.178,
				8,
				0.233,
				8,
				1,
				0.311,
				8,
				0.389,
				-7,
				0.467,
				-7,
				1,
				0.556,
				-7,
				0.644,
				4,
				0.733,
				4,
				1,
				0.844,
				4,
				0.956,
				-4,
				1.067,
				-4,
				1,
				1.189,
				-4,
				1.311,
				1,
				1.433,
				1,
				1,
				1.6,
				1,
				1.767,
				-11,
				1.933,
				-11,
				1,
				2.178,
				-11,
				2.422,
				-3.4,
				2.667,
				-3.4
			]
		},
		{
			"Target": "Parameter",
			"Id": "Param_Angle_Rotation66",
			"Segments": [
				0,
				0,
				0,
				0.1,
				0,
				1,
				0.156,
				0,
				0.211,
				9,
				0.267,
				9,
				1,
				0.344,
				9,
				0.422,
				-7,
				0.5,
				-7,
				1,
				0.589,
				-7,
				0.678,
				5,
				0.767,
				5,
				1,
				0.878,
				5,
				0.989,
				-4,
				1.1,
				-4,
				1,
				1.222,
				-4,
				1.344,
				1,
				1.467,
				1,
				1,
				1.633,
				1,
				1.8,
				-10,
				1.967,
				-10,
				1,
				2.2,
				-10,
				2.433,
				-1.3,
				2.667,
				-1.3
			]
		},
		{
			"Target": "Parameter",
			"Id": "Param_Angle_Rotation68",
			"Segments": [
				0,
				0,
				0,
				0.033,
				0,
				1,
				0.089,
				0,
				0.144,
				7,
				0.2,
				7,
				1,
				0.278,
				7,
				0.356,
				-8,
				0.433,
				-8,
				1,
				0.522,
				-8,
				0.611,
				4,
				0.7,
				4,
				1,
				0.811,
				4,
				0.922,
				-3,
				1.033,
				-3,
				1,
				1.156,
				-3,
				1.278,
				-0.909,
				1.4,
				1,
				1,
				1.556,
				3.43,
				1.711,
				4,
				1.867,
				4,
				1,
				2.133,
				4,
				2.4,
				0.5,
				2.667,
				0.5
			]
		},
		{
			"Target": "Parameter",
			"Id": "Param_Angle_Rotation69",
			"Segments": [
				0,
				0,
				0,
				0.067,
				0,
				1,
				0.122,
				0,
				0.178,
				8,
				0.233,
				8,
				1,
				0.311,
				8,
				0.389,
				-7,
				0.467,
				-7,
				1,
				0.556,
				-7,
				0.644,
				4,
				0.733,
				4,
				1,
				0.844,
				4,
				0.956,
				-3,
				1.067,
				-3,
				1,
				1.189,
				-3,
				1.311,
				-1.64,
				1.433,
				1,
				1,
				1.589,
				4.36,
				1.744,
				6,
				1.9,
				6,
				1,
				2.156,
				6,
				2.411,
				1.4,
				2.667,
				1.4
			]
		},
		{
			"Target": "Parameter",
			"Id": "Param_Angle_Rotation70",
			"Segments": [
				0,
				0,
				0,
				0.1,
				0,
				1,
				0.156,
				0,
				0.211,
				8,
				0.267,
				8,
				1,
				0.344,
				8,
				0.422,
				-7,
				0.5,
				-7,
				1,
				0.589,
				-7,
				0.678,
				4,
				0.767,
				4,
				1,
				0.878,
				4,
				0.989,
				-2,
				1.1,
				-2,
				1,
				1.222,
				-2,
				1.344,
				-1.658,
				1.467,
				1,
				1,
				1.622,
				4.383,
				1.778,
				8,
				1.933,
				8,
				1,
				2.178,
				8,
				2.422,
				2.4,
				2.667,
				2.4
			]
		},
		{
			"Target": "Parameter",
			"Id": "Param_Angle_Rotation71",
			"Segments": [
				0,
				0,
				0,
				0.133,
				0,
				1,
				0.189,
				0,
				0.244,
				9,
				0.3,
				9,
				1,
				0.378,
				9,
				0.456,
				-6,
				0.533,
				-6,
				1,
				0.622,
				-6,
				0.711,
				4,
				0.8,
				4,
				1,
				0.911,
				4,
				1.022,
				-2,
				1.133,
				-2,
				1,
				1.256,
				-2,
				1.378,
				-2.057,
				1.5,
				1,
				1,
				1.656,
				4.891,
				1.811,
				12,
				1.967,
				12,
				1,
				2.2,
				12,
				2.433,
				4,
				2.667,
				4
			]
		},
		{
			"Target": "Parameter",
			"Id": "Param_Angle_Rotation72",
			"Segments": [
				0,
				0,
				0,
				0.167,
				0,
				1,
				0.222,
				0,
				0.278,
				8,
				0.333,
				8,
				1,
				0.411,
				8,
				0.489,
				-6,
				0.567,
				-6,
				1,
				0.656,
				-6,
				0.744,
				4,
				0.833,
				4,
				1,
				0.944,
				4,
				1.056,
				-2,
				1.167,
				-2,
				1,
				1.289,
				-2,
				1.411,
				-2.264,
				1.533,
				1,
				1,
				1.689,
				5.154,
				1.844,
				16,
				2,
				16,
				1,
				2.222,
				16,
				2.444,
				6.8,
				2.667,
				6.8
			]
		},
		{
			"Target": "Parameter",
			"Id": "Param_Angle_Rotation74",
			"Segments": [
				0,
				0,
				1,
				0.056,
				0,
				0.111,
				-14,
				0.167,
				-14,
				1,
				0.244,
				-14,
				0.322,
				8,
				0.4,
				8,
				1,
				0.489,
				8,
				0.578,
				-5,
				0.667,
				-5,
				1,
				0.767,
				-5,
				0.867,
				1,
				0.967,
				1,
				1,
				1.1,
				1,
				1.233,
				-2,
				1.367,
				-2,
				1,
				1.578,
				-2,
				1.789,
				6,
				2,
				6,
				1,
				2.222,
				6,
				2.444,
				1.6,
				2.667,
				1.6
			]
		},
		{
			"Target": "Parameter",
			"Id": "Param_Angle_Rotation75",
			"Segments": [
				0,
				0,
				0,
				0.033,
				0,
				1,
				0.089,
				0,
				0.144,
				-14,
				0.2,
				-14,
				1,
				0.278,
				-14,
				0.356,
				8,
				0.433,
				8,
				1,
				0.522,
				8,
				0.611,
				-5,
				0.7,
				-5,
				1,
				0.8,
				-5,
				0.9,
				1,
				1,
				1,
				1,
				1.133,
				1,
				1.267,
				-2,
				1.4,
				-2,
				1,
				1.611,
				-2,
				1.822,
				10,
				2.033,
				10,
				1,
				2.244,
				10,
				2.456,
				3.4,
				2.667,
				3.4
			]
		},
		{
			"Target": "Parameter",
			"Id": "Param_Angle_Rotation76",
			"Segments": [
				0,
				0,
				0,
				0.067,
				0,
				1,
				0.122,
				0,
				0.178,
				-14,
				0.233,
				-14,
				1,
				0.311,
				-14,
				0.389,
				9,
				0.467,
				9,
				1,
				0.556,
				9,
				0.644,
				-5,
				0.733,
				-5,
				1,
				0.833,
				-5,
				0.933,
				1,
				1.033,
				1,
				1,
				1.167,
				1,
				1.3,
				-2,
				1.433,
				-2,
				1,
				1.644,
				-2,
				1.856,
				11,
				2.067,
				11,
				1,
				2.267,
				11,
				2.467,
				3.8,
				2.667,
				3.8
			]
		},
		{
			"Target": "Parameter",
			"Id": "Param_Angle_Rotation77",
			"Segments": [
				0,
				0,
				0,
				0.1,
				0,
				1,
				0.156,
				0,
				0.211,
				-14,
				0.267,
				-14,
				1,
				0.344,
				-14,
				0.422,
				9,
				0.5,
				9,
				1,
				0.589,
				9,
				0.678,
				-5,
				0.767,
				-5,
				1,
				0.867,
				-5,
				0.967,
				3,
				1.067,
				3,
				1,
				1.2,
				3,
				1.333,
				-2,
				1.467,
				-2,
				1,
				1.678,
				-2,
				1.889,
				11,
				2.1,
				11,
				1,
				2.289,
				11,
				2.478,
				5.9,
				2.667,
				5.9
			]
		},
		{
			"Target": "Parameter",
			"Id": "Param_Angle_Rotation78",
			"Segments": [
				0,
				0,
				0,
				0.133,
				0,
				1,
				0.189,
				0,
				0.244,
				-14,
				0.3,
				-14,
				1,
				0.378,
				-14,
				0.456,
				9,
				0.533,
				9,
				1,
				0.622,
				9,
				0.711,
				-6,
				0.8,
				-6,
				1,
				0.9,
				-6,
				1,
				2,
				1.1,
				2,
				1,
				1.233,
				2,
				1.367,
				-1,
				1.5,
				-1,
				1,
				1.711,
				-1,
				1.922,
				10,
				2.133,
				10,
				1,
				2.311,
				10,
				2.489,
				4.4,
				2.667,
				4.4
			]
		},
		{
			"Target": "Parameter",
			"Id": "Param_Angle_Rotation79",
			"Segments": [
				0,
				0,
				0,
				0.167,
				0,
				1,
				0.222,
				0,
				0.278,
				-14,
				0.333,
				-14,
				1,
				0.411,
				-14,
				0.489,
				9,
				0.567,
				9,
				1,
				0.656,
				9,
				0.744,
				-6,
				0.833,
				-6,
				1,
				0.933,
				-6,
				1.033,
				2,
				1.133,
				2,
				1,
				1.267,
				2,
				1.4,
				-1,
				1.533,
				-1,
				1,
				1.744,
				-1,
				1.956,
				9,
				2.167,
				9,
				1,
				2.333,
				9,
				2.5,
				2.7,
				2.667,
				2.7
			]
		},
		{
			"Target": "Parameter",
			"Id": "Param_Angle_Rotation80",
			"Segments": [
				0,
				0,
				0,
				0.2,
				0,
				1,
				0.256,
				0,
				0.311,
				-15,
				0.367,
				-15,
				1,
				0.444,
				-15,
				0.522,
				9,
				0.6,
				9,
				1,
				0.689,
				9,
				0.778,
				-6,
				0.867,
				-6,
				1,
				0.967,
				-6,
				1.067,
				2,
				1.167,
				2,
				1,
				1.3,
				2,
				1.433,
				-1,
				1.567,
				-1,
				1,
				1.778,
				-1,
				1.989,
				8,
				2.2,
				8,
				1,
				2.356,
				8,
				2.511,
				1.2,
				2.667,
				1.2
			]
		},
		{
			"Target": "Parameter",
			"Id": "Param_Angle_Rotation81",
			"Segments": [
				0,
				0,
				0,
				2.667,
				0
			]
		},
		{
			"Target": "Parameter",
			"Id": "Param_Angle_Rotation82",
			"Segments": [
				0,
				0,
				1,
				0.056,
				0,
				0.111,
				9,
				0.167,
				9,
				1,
				0.256,
				9,
				0.344,
				-7,
				0.433,
				-7,
				1,
				0.522,
				-7,
				0.611,
				4,
				0.7,
				4,
				1,
				0.811,
				4,
				0.922,
				-3,
				1.033,
				-3,
				1,
				1.156,
				-3,
				1.278,
				-1.545,
				1.4,
				1,
				1,
				1.533,
				3.777,
				1.667,
				5,
				1.8,
				5,
				1,
				2.089,
				5,
				2.378,
				2.9,
				2.667,
				2.9
			]
		},
		{
			"Target": "Parameter",
			"Id": "Param_Angle_Rotation83",
			"Segments": [
				0,
				0,
				0,
				0.033,
				0,
				1,
				0.089,
				0,
				0.144,
				10,
				0.2,
				10,
				1,
				0.289,
				10,
				0.378,
				-6,
				0.467,
				-6,
				1,
				0.556,
				-6,
				0.644,
				4,
				0.733,
				4,
				1,
				0.844,
				4,
				0.956,
				-3,
				1.067,
				-3,
				1,
				1.189,
				-3,
				1.311,
				-2.296,
				1.433,
				1,
				1,
				1.567,
				4.596,
				1.7,
				8,
				1.833,
				8,
				1,
				2.111,
				8,
				2.389,
				3.8,
				2.667,
				3.8
			]
		},
		{
			"Target": "Parameter",
			"Id": "Param_Angle_Rotation84",
			"Segments": [
				0,
				0,
				0,
				0.067,
				0,
				1,
				0.122,
				0,
				0.178,
				10,
				0.233,
				10,
				1,
				0.322,
				10,
				0.411,
				-8,
				0.5,
				-8,
				1,
				0.589,
				-8,
				0.678,
				6,
				0.767,
				6,
				1,
				0.878,
				6,
				0.989,
				-3,
				1.1,
				-3,
				1,
				1.222,
				-3,
				1.344,
				-2.296,
				1.467,
				1,
				1,
				1.6,
				4.596,
				1.733,
				8,
				1.867,
				8,
				1,
				2.133,
				8,
				2.4,
				3.9,
				2.667,
				3.9
			]
		},
		{
			"Target": "Parameter",
			"Id": "Param_Angle_Rotation85",
			"Segments": [
				0,
				0,
				0,
				0.1,
				0,
				1,
				0.156,
				0,
				0.211,
				10,
				0.267,
				10,
				1,
				0.356,
				10,
				0.444,
				-8,
				0.533,
				-8,
				1,
				0.622,
				-8,
				0.711,
				5,
				0.8,
				5,
				1,
				0.911,
				5,
				1.022,
				-3,
				1.133,
				-3,
				1,
				1.256,
				-3,
				1.378,
				-2.455,
				1.5,
				1,
				1,
				1.633,
				4.769,
				1.767,
				9,
				1.9,
				9,
				1,
				2.156,
				9,
				2.411,
				4.2,
				2.667,
				4.2
			]
		},
		{
			"Target": "Parameter",
			"Id": "Param_Angle_Rotation86",
			"Segments": [
				0,
				0,
				0,
				0.133,
				0,
				1,
				0.189,
				0,
				0.244,
				10,
				0.3,
				10,
				1,
				0.389,
				10,
				0.478,
				-9,
				0.567,
				-9,
				1,
				0.656,
				-9,
				0.744,
				5,
				0.833,
				5,
				1,
				0.944,
				5,
				1.056,
				-3,
				1.167,
				-3,
				1,
				1.289,
				-3,
				1.411,
				-2.455,
				1.533,
				1,
				1,
				1.667,
				4.769,
				1.8,
				9,
				1.933,
				9,
				1,
				2.178,
				9,
				2.422,
				2.6,
				2.667,
				2.6
			]
		},
		{
			"Target": "Parameter",
			"Id": "Param_Angle_Rotation87",
			"Segments": [
				0,
				0,
				0,
				2.667,
				0
			]
		},
		{
			"Target": "Parameter",
			"Id": "Param_Angle_Rotation88",
			"Segments": [
				0,
				0,
				1,
				0.056,
				0,
				0.111,
				9,
				0.167,
				9,
				1,
				0.244,
				9,
				0.322,
				-8,
				0.4,
				-8,
				1,
				0.522,
				-8,
				0.644,
				6,
				0.767,
				6,
				1,
				0.889,
				6,
				1.011,
				-4,
				1.133,
				-4,
				1,
				1.267,
				-4,
				1.4,
				-1.816,
				1.533,
				2,
				1,
				1.656,
				5.498,
				1.778,
				7,
				1.9,
				7,
				1,
				2.156,
				7,
				2.411,
				1.9,
				2.667,
				1.9
			]
		},
		{
			"Target": "Parameter",
			"Id": "Param_Angle_Rotation89",
			"Segments": [
				0,
				0,
				0,
				0.033,
				0,
				1,
				0.089,
				0,
				0.144,
				10,
				0.2,
				10,
				1,
				0.278,
				10,
				0.356,
				-8,
				0.433,
				-8,
				1,
				0.556,
				-8,
				0.678,
				8,
				0.8,
				8,
				1,
				0.922,
				8,
				1.044,
				-4,
				1.167,
				-4,
				1,
				1.3,
				-4,
				1.433,
				-3.146,
				1.567,
				1,
				1,
				1.689,
				4.801,
				1.811,
				9,
				1.933,
				9,
				1,
				2.178,
				9,
				2.422,
				3.4,
				2.667,
				3.4
			]
		},
		{
			"Target": "Parameter",
			"Id": "Param_Angle_Rotation90",
			"Segments": [
				0,
				0,
				0,
				0.067,
				0,
				1,
				0.122,
				0,
				0.178,
				9,
				0.233,
				9,
				1,
				0.311,
				9,
				0.389,
				-8,
				0.467,
				-8,
				1,
				0.589,
				-8,
				0.711,
				7,
				0.833,
				7,
				1,
				0.956,
				7,
				1.078,
				-4,
				1.2,
				-4,
				1,
				1.333,
				-4,
				1.467,
				-3.291,
				1.6,
				1,
				1,
				1.722,
				4.933,
				1.844,
				10,
				1.967,
				10,
				1,
				2.2,
				10,
				2.433,
				5.7,
				2.667,
				5.7
			]
		},
		{
			"Target": "Parameter",
			"Id": "Param_Angle_Rotation91",
			"Segments": [
				0,
				0,
				0,
				0.1,
				0,
				1,
				0.156,
				0,
				0.211,
				9,
				0.267,
				9,
				1,
				0.344,
				9,
				0.422,
				-8,
				0.5,
				-8,
				1,
				0.622,
				-8,
				0.744,
				7,
				0.867,
				7,
				1,
				0.989,
				7,
				1.111,
				-4,
				1.233,
				-4,
				1,
				1.367,
				-4,
				1.5,
				-3.291,
				1.633,
				1,
				1,
				1.756,
				4.933,
				1.878,
				10,
				2,
				10,
				1,
				2.222,
				10,
				2.444,
				5.9,
				2.667,
				5.9
			]
		},
		{
			"Target": "Parameter",
			"Id": "Param_Angle_Rotation92",
			"Segments": [
				0,
				0,
				0,
				0.133,
				0,
				1,
				0.189,
				0,
				0.244,
				9,
				0.3,
				9,
				1,
				0.378,
				9,
				0.456,
				-8,
				0.533,
				-8,
				1,
				0.656,
				-8,
				0.778,
				8,
				0.9,
				8,
				1,
				1.022,
				8,
				1.144,
				-3,
				1.267,
				-3,
				1,
				1.4,
				-3,
				1.533,
				-2.719,
				1.667,
				1,
				1,
				1.789,
				4.409,
				1.911,
				11,
				2.033,
				11,
				1,
				2.244,
				11,
				2.456,
				5,
				2.667,
				5
			]
		},
		{
			"Target": "Parameter",
			"Id": "Param_Angle_Rotation93",
			"Segments": [
				0,
				0,
				0,
				2.667,
				0
			]
		},
		{
			"Target": "Parameter",
			"Id": "Param_Angle_Rotation94",
			"Segments": [
				0,
				0,
				1,
				0.056,
				0,
				0.111,
				19,
				0.167,
				19,
				1,
				0.244,
				19,
				0.322,
				-15,
				0.4,
				-15,
				1,
				0.522,
				-15,
				0.644,
				8,
				0.767,
				8,
				1,
				0.889,
				8,
				1.011,
				-3,
				1.133,
				-3,
				1,
				1.267,
				-3,
				1.4,
				1,
				1.533,
				1,
				1,
				1.667,
				1,
				1.8,
				0,
				1.933,
				0,
				1,
				2.178,
				0,
				2.422,
				0,
				2.667,
				0
			]
		},
		{
			"Target": "Parameter",
			"Id": "Param_Angle_Rotation95",
			"Segments": [
				0,
				0,
				0,
				0.033,
				0,
				1,
				0.089,
				0,
				0.144,
				19,
				0.2,
				19,
				1,
				0.278,
				19,
				0.356,
				-17,
				0.433,
				-17,
				1,
				0.556,
				-17,
				0.678,
				10,
				0.8,
				10,
				1,
				0.922,
				10,
				1.044,
				-3,
				1.167,
				-3,
				1,
				1.3,
				-3,
				1.433,
				1,
				1.567,
				1,
				1,
				1.7,
				1,
				1.833,
				0,
				1.967,
				0,
				1,
				2.2,
				0,
				2.433,
				0.8,
				2.667,
				0.8
			]
		},
		{
			"Target": "Parameter",
			"Id": "Param_Angle_Rotation96",
			"Segments": [
				0,
				0,
				0,
				0.067,
				0,
				1,
				0.122,
				0,
				0.178,
				18,
				0.233,
				18,
				1,
				0.311,
				18,
				0.389,
				-15,
				0.467,
				-15,
				1,
				0.589,
				-15,
				0.711,
				10,
				0.833,
				10,
				1,
				0.956,
				10,
				1.078,
				-3,
				1.2,
				-3,
				1,
				1.333,
				-3,
				1.467,
				-1.959,
				1.6,
				1,
				1,
				1.733,
				3.959,
				1.867,
				6,
				2,
				6,
				1,
				2.222,
				6,
				2.444,
				2,
				2.667,
				2
			]
		},
		{
			"Target": "Parameter",
			"Id": "Param_Angle_Rotation97",
			"Segments": [
				0,
				0,
				0,
				0.1,
				0,
				1,
				0.156,
				0,
				0.211,
				23,
				0.267,
				23,
				1,
				0.344,
				23,
				0.422,
				-15,
				0.5,
				-15,
				1,
				0.622,
				-15,
				0.744,
				11,
				0.867,
				11,
				1,
				0.989,
				11,
				1.111,
				-4,
				1.233,
				-4,
				1,
				1.367,
				-4,
				1.5,
				-3.373,
				1.633,
				1,
				1,
				1.767,
				5.373,
				1.9,
				11,
				2.033,
				11,
				1,
				2.244,
				11,
				2.456,
				3.4,
				2.667,
				3.4
			]
		},
		{
			"Target": "Parameter",
			"Id": "Param_Angle_Rotation104",
			"Segments": [
				0,
				0,
				0,
				0.067,
				0,
				1,
				0.122,
				0,
				0.178,
				-14,
				0.233,
				-14,
				1,
				0.311,
				-14,
				0.389,
				10,
				0.467,
				10,
				1,
				0.567,
				10,
				0.667,
				-7,
				0.767,
				-7,
				1,
				0.867,
				-7,
				0.967,
				6,
				1.067,
				6,
				1,
				1.178,
				6,
				1.289,
				-1,
				1.4,
				-1,
				1,
				1.6,
				-1,
				1.8,
				-1,
				2,
				-1,
				1,
				2.222,
				-1,
				2.444,
				0,
				2.667,
				0
			]
		},
		{
			"Target": "Parameter",
			"Id": "Param_Angle_Rotation105",
			"Segments": [
				0,
				0,
				0,
				0.1,
				0,
				1,
				0.156,
				0,
				0.211,
				-17,
				0.267,
				-17,
				1,
				0.344,
				-17,
				0.422,
				9,
				0.5,
				9,
				1,
				0.6,
				9,
				0.7,
				-8,
				0.8,
				-8,
				1,
				0.9,
				-8,
				1,
				4,
				1.1,
				4,
				1,
				1.211,
				4,
				1.322,
				-0.463,
				1.433,
				-1,
				1,
				1.633,
				-1.966,
				1.833,
				-2,
				2.033,
				-2,
				1,
				2.244,
				-2,
				2.456,
				-0.6,
				2.667,
				-0.6
			]
		},
		{
			"Target": "Parameter",
			"Id": "Param_Angle_Rotation106",
			"Segments": [
				0,
				0,
				0,
				0.167,
				0,
				1,
				0.222,
				0,
				0.278,
				-20,
				0.333,
				-20,
				1,
				0.411,
				-20,
				0.489,
				9,
				0.567,
				9,
				1,
				0.667,
				9,
				0.767,
				-8,
				0.867,
				-8,
				1,
				0.967,
				-8,
				1.067,
				4,
				1.167,
				4,
				1,
				1.278,
				4,
				1.389,
				1.187,
				1.5,
				-1,
				1,
				1.7,
				-4.936,
				1.9,
				-6,
				2.1,
				-6,
				1,
				2.289,
				-6,
				2.478,
				-1.9,
				2.667,
				-1.9
			]
		},
		{
			"Target": "Parameter",
			"Id": "Param_Angle_Rotation107",
			"Segments": [
				0,
				0,
				0,
				0.233,
				0,
				1,
				0.289,
				0,
				0.344,
				-15,
				0.4,
				-15,
				1,
				0.478,
				-15,
				0.556,
				11,
				0.633,
				11,
				1,
				0.733,
				11,
				0.833,
				-8,
				0.933,
				-8,
				1,
				1.033,
				-8,
				1.133,
				4,
				1.233,
				4,
				1,
				1.344,
				4,
				1.456,
				1.811,
				1.567,
				-1,
				1,
				1.767,
				-6.061,
				1.967,
				-8,
				2.167,
				-8,
				1,
				2.333,
				-8,
				2.5,
				-4.9,
				2.667,
				-4.9
			]
		},
		{
			"Target": "Parameter",
			"Id": "Param_Angle_Rotation108",
			"Segments": [
				0,
				0,
				0,
				0.3,
				0,
				1,
				0.356,
				0,
				0.411,
				-18,
				0.467,
				-18,
				1,
				0.544,
				-18,
				0.622,
				10,
				0.7,
				10,
				1,
				0.8,
				10,
				0.9,
				-9,
				1,
				-9,
				1,
				1.1,
				-9,
				1.2,
				4,
				1.3,
				4,
				1,
				1.411,
				4,
				1.522,
				2.769,
				1.633,
				-1,
				1,
				1.833,
				-7.785,
				2.033,
				-12,
				2.233,
				-12,
				1,
				2.378,
				-12,
				2.522,
				-5,
				2.667,
				-5
			]
		}
	]
}