{
	"Version": 3,
	"Parameters": [
		{
			"Id": "ParamBigLightM8",
			"GroupId": "ParamGroup25",
			"Name": "大光8 M"
		},
		{
			"Id": "ParamBigLightM7",
			"GroupId": "ParamGroup25",
			"Name": "大光7 M"
		},
		{
			"Id": "ParamBigLightM6",
			"GroupId": "ParamGroup25",
			"Name": "大光6 M"
		},
		{
			"Id": "ParamBigLightM5",
			"GroupId": "ParamGroup25",
			"Name": "大光5 M"
		},
		{
			"Id": "ParamBigLightM4",
			"GroupId": "ParamGroup25",
			"Name": "大光4 M"
		},
		{
			"Id": "ParamBigLightM3",
			"GroupId": "ParamGroup25",
			"Name": "大光3 M"
		},
		{
			"Id": "ParamBigLightM1",
			"GroupId": "ParamGroup25",
			"Name": "大光1 M"
		},
		{
			"Id": "ParamBigLightM2",
			"GroupId": "ParamGroup25",
			"Name": "大光2 M"
		},
		{
			"Id": "ParamBigLight8",
			"GroupId": "ParamGroup25",
			"Name": "大光8"
		},
		{
			"Id": "ParamBigLight7",
			"GroupId": "ParamGroup25",
			"Name": "大光7"
		},
		{
			"Id": "ParamBigLight6",
			"GroupId": "ParamGroup25",
			"Name": "大光6"
		},
		{
			"Id": "ParamBigLight5",
			"GroupId": "ParamGroup25",
			"Name": "大光5"
		},
		{
			"Id": "ParamBigLight4",
			"GroupId": "ParamGroup25",
			"Name": "大光4"
		},
		{
			"Id": "ParamBigLight3",
			"GroupId": "ParamGroup25",
			"Name": "大光3"
		},
		{
			"Id": "ParamBigLight2",
			"GroupId": "ParamGroup25",
			"Name": "大光2"
		},
		{
			"Id": "ParamBigLight1",
			"GroupId": "ParamGroup25",
			"Name": "大光1"
		},
		{
			"Id": "ParamLight2M",
			"GroupId": "ParamGroup25",
			"Name": "光2M"
		},
		{
			"Id": "ParamLight1M",
			"GroupId": "ParamGroup25",
			"Name": "光1M"
		},
		{
			"Id": "ParamLayA7",
			"GroupId": "ParamGroup25",
			"Name": "光線7An"
		},
		{
			"Id": "ParamLayA6",
			"GroupId": "ParamGroup25",
			"Name": "光線6An"
		},
		{
			"Id": "ParamLayA5",
			"GroupId": "ParamGroup25",
			"Name": "光線5An"
		},
		{
			"Id": "ParamLayA4",
			"GroupId": "ParamGroup25",
			"Name": "光線4An"
		},
		{
			"Id": "ParamLayA3",
			"GroupId": "ParamGroup25",
			"Name": "光線3An"
		},
		{
			"Id": "ParamLayA2",
			"GroupId": "ParamGroup25",
			"Name": "光線2An"
		},
		{
			"Id": "ParamLayA1",
			"GroupId": "ParamGroup25",
			"Name": "光線1An"
		},
		{
			"Id": "ParamAngleX",
			"GroupId": "ParamGroup4",
			"Name": "角度 X"
		},
		{
			"Id": "ParamAngleY",
			"GroupId": "ParamGroup4",
			"Name": "角度 Y"
		},
		{
			"Id": "ParamAngleZ",
			"GroupId": "ParamGroup4",
			"Name": "角度 Z"
		},
		{
			"Id": "ParamEyeLOpen",
			"GroupId": "ParamGroup4",
			"Name": "左目　開閉"
		},
		{
			"Id": "ParamEyeLSmile",
			"GroupId": "ParamGroup4",
			"Name": "左目　笑顔"
		},
		{
			"Id": "ParamEyeROpen",
			"GroupId": "ParamGroup4",
			"Name": "右目　開閉"
		},
		{
			"Id": "ParamEyeRSmile",
			"GroupId": "ParamGroup4",
			"Name": "右目　笑顔"
		},
		{
			"Id": "ParamEyeBallX",
			"GroupId": "ParamGroup4",
			"Name": "目玉 X"
		},
		{
			"Id": "ParamEyeBallY",
			"GroupId": "ParamGroup4",
			"Name": "目玉 Y"
		},
		{
			"Id": "ParamEyeAni",
			"GroupId": "ParamGroup4",
			"Name": "ウルウル"
		},
		{
			"Id": "ParamBrowLAngle",
			"GroupId": "ParamGroup4",
			"Name": "眉　角度"
		},
		{
			"Id": "ParamBrowLForm",
			"GroupId": "ParamGroup4",
			"Name": "眉　変形"
		},
		{
			"Id": "ParamMouthForm",
			"GroupId": "ParamGroup4",
			"Name": "口　変形"
		},
		{
			"Id": "ParamMouthOpenY",
			"GroupId": "ParamGroup4",
			"Name": "口　開閉"
		},
		{
			"Id": "ParamCheek",
			"GroupId": "ParamGroup4",
			"Name": "照れ"
		},
		{
			"Id": "ParamBodyAngleX",
			"GroupId": "ParamGroup4",
			"Name": "体の回転　X"
		},
		{
			"Id": "ParamBodyAngleY",
			"GroupId": "ParamGroup4",
			"Name": "体の回転　Y"
		},
		{
			"Id": "ParamBodyAngleZ",
			"GroupId": "ParamGroup4",
			"Name": "体の回転　Z"
		},
		{
			"Id": "ParamBreath",
			"GroupId": "ParamGroup4",
			"Name": "呼吸"
		},
		{
			"Id": "ParamImageX",
			"GroupId": "",
			"Name": "位置 X"
		},
		{
			"Id": "ParamImageY",
			"GroupId": "",
			"Name": "位置 Y"
		},
		{
			"Id": "ParamHimoX",
			"GroupId": "ParamGroup3",
			"Name": "胸紐X"
		},
		{
			"Id": "ParamHimoY",
			"GroupId": "ParamGroup3",
			"Name": "胸紐Y"
		},
		{
			"Id": "ParamPaiX",
			"GroupId": "ParamGroup3",
			"Name": "胸 X"
		},
		{
			"Id": "ParamPaiY",
			"GroupId": "ParamGroup3",
			"Name": "胸 Y"
		},
		{
			"Id": "ParamPaiX2",
			"GroupId": "ParamGroup3",
			"Name": "胸 X2"
		},
		{
			"Id": "ParamPaiY2",
			"GroupId": "ParamGroup3",
			"Name": "胸 Y2"
		},
		{
			"Id": "ParamPai2X",
			"GroupId": "ParamGroup3",
			"Name": "胸2 X"
		},
		{
			"Id": "ParamPai2Y",
			"GroupId": "ParamGroup3",
			"Name": "胸2 Y"
		},
		{
			"Id": "ParamPai2X2",
			"GroupId": "ParamGroup3",
			"Name": "胸2 X2"
		},
		{
			"Id": "ParamPai2Y2",
			"GroupId": "ParamGroup3",
			"Name": "胸2 Y2"
		},
		{
			"Id": "ParamHairLibonX",
			"GroupId": "ParamGroup2",
			"Name": "髪リボン X"
		},
		{
			"Id": "ParamHairLibonY",
			"GroupId": "ParamGroup2",
			"Name": "髪リボン Y"
		},
		{
			"Id": "ParamKami9",
			"GroupId": "ParamGroup2",
			"Name": "髪9"
		},
		{
			"Id": "ParamKami8",
			"GroupId": "ParamGroup2",
			"Name": "髪8"
		},
		{
			"Id": "ParamKami7",
			"GroupId": "ParamGroup2",
			"Name": "髪7"
		},
		{
			"Id": "ParamKami6",
			"GroupId": "ParamGroup2",
			"Name": "髪6"
		},
		{
			"Id": "ParamKami5",
			"GroupId": "ParamGroup2",
			"Name": "髪5"
		},
		{
			"Id": "ParamKami4",
			"GroupId": "ParamGroup2",
			"Name": "髪4"
		},
		{
			"Id": "ParamKami3",
			"GroupId": "ParamGroup2",
			"Name": "髪3"
		},
		{
			"Id": "ParamKami2",
			"GroupId": "ParamGroup2",
			"Name": "髪2"
		},
		{
			"Id": "ParamKami1",
			"GroupId": "ParamGroup2",
			"Name": "髪1"
		},
		{
			"Id": "ParamRibon1",
			"GroupId": "ParamGroup",
			"Name": "リボン1"
		},
		{
			"Id": "ParamRibon2",
			"GroupId": "ParamGroup",
			"Name": "リボン2"
		},
		{
			"Id": "ParamRibon3",
			"GroupId": "ParamGroup",
			"Name": "リボン3"
		},
		{
			"Id": "ParamRibon4",
			"GroupId": "ParamGroup",
			"Name": "リボン4"
		},
		{
			"Id": "ParamRibon5",
			"GroupId": "ParamGroup",
			"Name": "リボン5"
		},
		{
			"Id": "ParamRibon6",
			"GroupId": "ParamGroup",
			"Name": "リボン6"
		},
		{
			"Id": "ParamRibon7",
			"GroupId": "ParamGroup",
			"Name": "リボン7"
		},
		{
			"Id": "ParamRibon8",
			"GroupId": "ParamGroup",
			"Name": "リボン8"
		},
		{
			"Id": "ParamUdeR2",
			"GroupId": "ParamGroup26",
			"Name": "右二の腕"
		},
		{
			"Id": "ParamUdeR",
			"GroupId": "ParamGroup26",
			"Name": "右腕"
		},
		{
			"Id": "ParamHandR",
			"GroupId": "ParamGroup26",
			"Name": "右手"
		},
		{
			"Id": "ParamKR",
			"GroupId": "ParamGroup26",
			"Name": "右刀"
		},
		{
			"Id": "ParamUdeL2",
			"GroupId": "ParamGroup27",
			"Name": "左二の腕"
		},
		{
			"Id": "ParamUdeL",
			"GroupId": "ParamGroup27",
			"Name": "左腕"
		},
		{
			"Id": "ParamHnadL",
			"GroupId": "ParamGroup27",
			"Name": "左手"
		},
		{
			"Id": "ParamKL",
			"GroupId": "ParamGroup27",
			"Name": "左刀"
		},
		{
			"Id": "ParamFoot",
			"GroupId": "ParamGroup28",
			"Name": "右太もも"
		},
		{
			"Id": "ParamFootL",
			"GroupId": "ParamGroup28",
			"Name": "左足"
		},
		{
			"Id": "ParamFootL2",
			"GroupId": "ParamGroup28",
			"Name": "左太もも"
		},
		{
			"Id": "ParamMaruF1",
			"GroupId": "ParamGroup6",
			"Name": "丸エフェクト1"
		},
		{
			"Id": "ParamMaruF1M",
			"GroupId": "ParamGroup6",
			"Name": "丸エフェクト1M"
		},
		{
			"Id": "ParamMaruF2",
			"GroupId": "ParamGroup6",
			"Name": "丸エフェクト2"
		},
		{
			"Id": "ParamMaruF2M",
			"GroupId": "ParamGroup6",
			"Name": "丸エフェクト2M"
		},
		{
			"Id": "ParamMaruF3",
			"GroupId": "ParamGroup6",
			"Name": "丸エフェクト3"
		},
		{
			"Id": "ParamMaruF3M",
			"GroupId": "ParamGroup6",
			"Name": "丸エフェクト3M"
		},
		{
			"Id": "ParamMaruF4",
			"GroupId": "ParamGroup6",
			"Name": "丸エフェクト4"
		},
		{
			"Id": "ParamMaruF4M",
			"GroupId": "ParamGroup6",
			"Name": "丸エフェクト4M"
		},
		{
			"Id": "ParamMaruF5",
			"GroupId": "ParamGroup6",
			"Name": "丸エフェクト5"
		},
		{
			"Id": "ParamMaruF5M",
			"GroupId": "ParamGroup6",
			"Name": "丸エフェクト5M"
		},
		{
			"Id": "ParamMoya",
			"GroupId": "ParamGroup6",
			"Name": "光靄"
		},
		{
			"Id": "ParamLight1",
			"GroupId": "ParamGroup6",
			"Name": "光1"
		},
		{
			"Id": "ParamLight2",
			"GroupId": "ParamGroup6",
			"Name": "光2"
		},
		{
			"Id": "ParamLay1",
			"GroupId": "ParamGroup6",
			"Name": "光線1"
		},
		{
			"Id": "ParamLay2",
			"GroupId": "ParamGroup6",
			"Name": "光線2"
		},
		{
			"Id": "ParamLay3",
			"GroupId": "ParamGroup6",
			"Name": "光線3"
		},
		{
			"Id": "ParamLay4",
			"GroupId": "ParamGroup6",
			"Name": "光線4"
		},
		{
			"Id": "ParamLay5",
			"GroupId": "ParamGroup6",
			"Name": "光線5"
		},
		{
			"Id": "ParamLay6",
			"GroupId": "ParamGroup6",
			"Name": "光線6"
		},
		{
			"Id": "ParamLay7",
			"GroupId": "ParamGroup6",
			"Name": "光線7"
		},
		{
			"Id": "ParamKona1",
			"GroupId": "ParamGroup6",
			"Name": "光粉1"
		},
		{
			"Id": "ParamKona1M",
			"GroupId": "ParamGroup6",
			"Name": "光粉1M"
		},
		{
			"Id": "ParamKona2",
			"GroupId": "ParamGroup6",
			"Name": "光粉2"
		},
		{
			"Id": "ParamKona2M",
			"GroupId": "ParamGroup6",
			"Name": "光粉2M"
		},
		{
			"Id": "ParamKona3",
			"GroupId": "ParamGroup6",
			"Name": "光粉3"
		},
		{
			"Id": "ParamKona3M",
			"GroupId": "ParamGroup6",
			"Name": "光粉3M"
		},
		{
			"Id": "ParamKona4",
			"GroupId": "ParamGroup6",
			"Name": "光粉4"
		},
		{
			"Id": "ParamKona4M",
			"GroupId": "ParamGroup6",
			"Name": "光粉4M"
		},
		{
			"Id": "ParamKona5",
			"GroupId": "ParamGroup6",
			"Name": "光粉5"
		},
		{
			"Id": "ParamKona5M",
			"GroupId": "ParamGroup6",
			"Name": "光粉5M"
		},
		{
			"Id": "ParamKona6",
			"GroupId": "ParamGroup6",
			"Name": "光粉6"
		},
		{
			"Id": "ParamKona6M",
			"GroupId": "ParamGroup6",
			"Name": "光粉6M"
		},
		{
			"Id": "ParamKona7",
			"GroupId": "ParamGroup6",
			"Name": "光粉7"
		},
		{
			"Id": "ParamKona7M",
			"GroupId": "ParamGroup6",
			"Name": "光粉7M"
		},
		{
			"Id": "ParamKona8",
			"GroupId": "ParamGroup6",
			"Name": "光粉8"
		},
		{
			"Id": "ParamKona8M",
			"GroupId": "ParamGroup6",
			"Name": "光粉8M"
		},
		{
			"Id": "ParamLights1",
			"GroupId": "ParamGroup6",
			"Name": "光1"
		},
		{
			"Id": "ParamLights1M",
			"GroupId": "ParamGroup6",
			"Name": "光1M"
		},
		{
			"Id": "ParamLights2",
			"GroupId": "ParamGroup6",
			"Name": "光2"
		},
		{
			"Id": "ParamLights2M",
			"GroupId": "ParamGroup6",
			"Name": "光2M"
		},
		{
			"Id": "ParamLights3",
			"GroupId": "ParamGroup6",
			"Name": "光3"
		},
		{
			"Id": "ParamLights3M",
			"GroupId": "ParamGroup6",
			"Name": "光3M"
		},
		{
			"Id": "ParamLights4",
			"GroupId": "ParamGroup6",
			"Name": "光4"
		},
		{
			"Id": "ParamLights4M",
			"GroupId": "ParamGroup6",
			"Name": "光4M"
		},
		{
			"Id": "ParamLights5",
			"GroupId": "ParamGroup6",
			"Name": "光5"
		},
		{
			"Id": "ParamLights5M",
			"GroupId": "ParamGroup6",
			"Name": "光5M"
		},
		{
			"Id": "ParamLights6",
			"GroupId": "ParamGroup6",
			"Name": "光6"
		},
		{
			"Id": "ParamLights6M",
			"GroupId": "ParamGroup6",
			"Name": "光6M"
		},
		{
			"Id": "ParamLights7",
			"GroupId": "ParamGroup6",
			"Name": "光7"
		},
		{
			"Id": "ParamLights7M",
			"GroupId": "ParamGroup6",
			"Name": "光7M"
		},
		{
			"Id": "ParamB",
			"GroupId": "ParamGroup7",
			"Name": "バルーン"
		},
		{
			"Id": "ParamWater1",
			"GroupId": "ParamGroup7",
			"Name": "水1"
		},
		{
			"Id": "ParamWater2",
			"GroupId": "ParamGroup7",
			"Name": "水2"
		},
		{
			"Id": "ParamWater3",
			"GroupId": "ParamGroup7",
			"Name": "水3"
		},
		{
			"Id": "ParamWater4",
			"GroupId": "ParamGroup7",
			"Name": "水4"
		},
		{
			"Id": "ParamWater5",
			"GroupId": "ParamGroup7",
			"Name": "水5"
		},
		{
			"Id": "ParamElefantWater1",
			"GroupId": "ParamGroup8",
			"Name": "像水1"
		},
		{
			"Id": "ParamElefantWater2",
			"GroupId": "ParamGroup8",
			"Name": "像水2"
		},
		{
			"Id": "ParamElefantWater3",
			"GroupId": "ParamGroup8",
			"Name": "像水3"
		},
		{
			"Id": "ParamElefantWater4",
			"GroupId": "ParamGroup8",
			"Name": "像水4"
		},
		{
			"Id": "ParamElefantWater5",
			"GroupId": "ParamGroup8",
			"Name": "像水5"
		},
		{
			"Id": "ParamElefantWater6",
			"GroupId": "ParamGroup8",
			"Name": "像水6"
		},
		{
			"Id": "ParamElefantWater7",
			"GroupId": "ParamGroup8",
			"Name": "像水7"
		},
		{
			"Id": "ParamElefantWater8",
			"GroupId": "ParamGroup8",
			"Name": "像水8"
		},
		{
			"Id": "ParamElefantWater9",
			"GroupId": "ParamGroup8",
			"Name": "像水9"
		},
		{
			"Id": "ParamElefantWater10",
			"GroupId": "ParamGroup8",
			"Name": "像水10"
		},
		{
			"Id": "ParamMoyaFront1",
			"GroupId": "ParamGroup8",
			"Name": "手前靄1"
		},
		{
			"Id": "ParamMAl1",
			"GroupId": "ParamGroup8",
			"Name": "靄Al1"
		},
		{
			"Id": "ParamMoyaFront2",
			"GroupId": "ParamGroup8",
			"Name": "手前靄2"
		},
		{
			"Id": "ParamMAl2",
			"GroupId": "ParamGroup8",
			"Name": "靄Al2"
		},
		{
			"Id": "ParamMoyaFront3",
			"GroupId": "ParamGroup8",
			"Name": "手前靄3"
		},
		{
			"Id": "ParamMAl3",
			"GroupId": "ParamGroup8",
			"Name": "靄Al3"
		},
		{
			"Id": "ParamMoyaFront4",
			"GroupId": "ParamGroup8",
			"Name": "手前靄4"
		},
		{
			"Id": "ParamMAl4",
			"GroupId": "ParamGroup8",
			"Name": "靄Al4"
		},
		{
			"Id": "ParamMZ1",
			"GroupId": "ParamGroup8",
			"Name": "靄像1"
		},
		{
			"Id": "ParamMZ2",
			"GroupId": "",
			"Name": "靄像2"
		},
		{
			"Id": "ParamMMain",
			"GroupId": "",
			"Name": "像水メイン"
		},
		{
			"Id": "ParamEff1",
			"GroupId": "ParamGroup5",
			"Name": "エフェクト1"
		},
		{
			"Id": "ParamEff2",
			"GroupId": "ParamGroup5",
			"Name": "エフェクト2"
		},
		{
			"Id": "ParamEff3",
			"GroupId": "ParamGroup5",
			"Name": "エフェクト3"
		},
		{
			"Id": "ParamEff4",
			"GroupId": "ParamGroup5",
			"Name": "エフェクト4"
		},
		{
			"Id": "ParamEff5",
			"GroupId": "ParamGroup5",
			"Name": "エフェクト5"
		},
		{
			"Id": "ParamEff6",
			"GroupId": "ParamGroup5",
			"Name": "エフェクト6"
		},
		{
			"Id": "ParamEff7",
			"GroupId": "ParamGroup5",
			"Name": "エフェクト7"
		},
		{
			"Id": "Param_Angle_Rotation98",
			"GroupId": "ParamGroup9",
			"Name": "[0]髪紐右下 Z2"
		},
		{
			"Id": "Param_Angle_Rotation99",
			"GroupId": "ParamGroup9",
			"Name": "[1]髪紐右下 Z2"
		},
		{
			"Id": "Param_Angle_Rotation100",
			"GroupId": "ParamGroup9",
			"Name": "[2]髪紐右下 Z2"
		},
		{
			"Id": "Param_Angle_Rotation101",
			"GroupId": "ParamGroup9",
			"Name": "[3]髪紐右下 Z2"
		},
		{
			"Id": "Param_Angle_Rotation102",
			"GroupId": "ParamGroup9",
			"Name": "[4]髪紐右下 Z2"
		},
		{
			"Id": "Param_Angle_Rotation22",
			"GroupId": "ParamGroup10",
			"Name": "[0]髪中央 Z5"
		},
		{
			"Id": "Param_Angle_Rotation23",
			"GroupId": "ParamGroup10",
			"Name": "[1]髪中央 Z5"
		},
		{
			"Id": "Param_Angle_Rotation24",
			"GroupId": "ParamGroup10",
			"Name": "[2]髪中央 Z5"
		},
		{
			"Id": "Param_Angle_Rotation25",
			"GroupId": "ParamGroup10",
			"Name": "[3]髪中央 Z5"
		},
		{
			"Id": "Param_Angle_Rotation26",
			"GroupId": "ParamGroup11",
			"Name": "[0]髪中央 Z10"
		},
		{
			"Id": "Param_Angle_Rotation27",
			"GroupId": "ParamGroup11",
			"Name": "[1]髪中央 Z10"
		},
		{
			"Id": "Param_Angle_Rotation28",
			"GroupId": "ParamGroup11",
			"Name": "[2]髪中央 Z10"
		},
		{
			"Id": "Param_Angle_Rotation29",
			"GroupId": "ParamGroup11",
			"Name": "[3]髪中央 Z10"
		},
		{
			"Id": "Param_Angle_Rotation30",
			"GroupId": "ParamGroup11",
			"Name": "[4]髪中央 Z10"
		},
		{
			"Id": "Param_Angle_Rotation31",
			"GroupId": "ParamGroup12",
			"Name": "[0]髪右1 Z2"
		},
		{
			"Id": "Param_Angle_Rotation32",
			"GroupId": "ParamGroup12",
			"Name": "[1]髪右1 Z2"
		},
		{
			"Id": "Param_Angle_Rotation33",
			"GroupId": "ParamGroup12",
			"Name": "[2]髪右1 Z2"
		},
		{
			"Id": "Param_Angle_Rotation34",
			"GroupId": "ParamGroup12",
			"Name": "[3]髪右1 Z2"
		},
		{
			"Id": "Param_Angle_Rotation35",
			"GroupId": "ParamGroup13",
			"Name": "[0]髪右2 Z2"
		},
		{
			"Id": "Param_Angle_Rotation36",
			"GroupId": "ParamGroup13",
			"Name": "[1]髪右2 Z2"
		},
		{
			"Id": "Param_Angle_Rotation37",
			"GroupId": "ParamGroup13",
			"Name": "[2]髪右2 Z2"
		},
		{
			"Id": "Param_Angle_Rotation38",
			"GroupId": "ParamGroup13",
			"Name": "[3]髪右2 Z2"
		},
		{
			"Id": "Param_Angle_Rotation39",
			"GroupId": "ParamGroup13",
			"Name": "[4]髪右2 Z2"
		},
		{
			"Id": "Param_Angle_Rotation40",
			"GroupId": "ParamGroup14",
			"Name": "[0]髪右3 Z2"
		},
		{
			"Id": "Param_Angle_Rotation41",
			"GroupId": "ParamGroup14",
			"Name": "[1]髪右3 Z2"
		},
		{
			"Id": "Param_Angle_Rotation42",
			"GroupId": "ParamGroup14",
			"Name": "[2]髪右3 Z2"
		},
		{
			"Id": "Param_Angle_Rotation43",
			"GroupId": "ParamGroup14",
			"Name": "[3]髪右3 Z2"
		},
		{
			"Id": "Param_Angle_Rotation44",
			"GroupId": "ParamGroup14",
			"Name": "[4]髪右3 Z2"
		},
		{
			"Id": "Param_Angle_Rotation45",
			"GroupId": "ParamGroup15",
			"Name": "[0]髪右4 Z2"
		},
		{
			"Id": "Param_Angle_Rotation46",
			"GroupId": "ParamGroup15",
			"Name": "[1]髪右4 Z2"
		},
		{
			"Id": "Param_Angle_Rotation47",
			"GroupId": "ParamGroup15",
			"Name": "[2]髪右4 Z2"
		},
		{
			"Id": "Param_Angle_Rotation48",
			"GroupId": "ParamGroup15",
			"Name": "[3]髪右4 Z2"
		},
		{
			"Id": "Param_Angle_Rotation49",
			"GroupId": "ParamGroup15",
			"Name": "[4]髪右4 Z2"
		},
		{
			"Id": "Param_Angle_Rotation50",
			"GroupId": "ParamGroup16",
			"Name": "[0]髪右5 Z2"
		},
		{
			"Id": "Param_Angle_Rotation51",
			"GroupId": "ParamGroup16",
			"Name": "[1]髪右5 Z2"
		},
		{
			"Id": "Param_Angle_Rotation52",
			"GroupId": "ParamGroup16",
			"Name": "[2]髪右5 Z2"
		},
		{
			"Id": "Param_Angle_Rotation53",
			"GroupId": "ParamGroup16",
			"Name": "[3]髪右5 Z2"
		},
		{
			"Id": "Param_Angle_Rotation54",
			"GroupId": "ParamGroup16",
			"Name": "[4]髪右5 Z2"
		},
		{
			"Id": "Param_Angle_Rotation55",
			"GroupId": "ParamGroup17",
			"Name": "[0]髪右もみあげ Z2"
		},
		{
			"Id": "Param_Angle_Rotation56",
			"GroupId": "ParamGroup17",
			"Name": "[1]髪右もみあげ Z2"
		},
		{
			"Id": "Param_Angle_Rotation57",
			"GroupId": "ParamGroup17",
			"Name": "[2]髪右もみあげ Z2"
		},
		{
			"Id": "Param_Angle_Rotation58",
			"GroupId": "ParamGroup17",
			"Name": "[3]髪右もみあげ Z2"
		},
		{
			"Id": "Param_Angle_Rotation59",
			"GroupId": "ParamGroup17",
			"Name": "[4]髪右もみあげ Z2"
		},
		{
			"Id": "Param_Angle_Rotation60",
			"GroupId": "ParamGroup17",
			"Name": "[5]髪右もみあげ Z2"
		},
		{
			"Id": "Param_Angle_Rotation61",
			"GroupId": "ParamGroup17",
			"Name": "[6]髪右もみあげ Z2"
		},
		{
			"Id": "Param_Angle_Rotation62",
			"GroupId": "ParamGroup18",
			"Name": "[0]髪左1 Z2"
		},
		{
			"Id": "Param_Angle_Rotation63",
			"GroupId": "ParamGroup18",
			"Name": "[1]髪左1 Z2"
		},
		{
			"Id": "Param_Angle_Rotation64",
			"GroupId": "ParamGroup18",
			"Name": "[2]髪左1 Z2"
		},
		{
			"Id": "Param_Angle_Rotation65",
			"GroupId": "ParamGroup18",
			"Name": "[3]髪左1 Z2"
		},
		{
			"Id": "Param_Angle_Rotation66",
			"GroupId": "ParamGroup18",
			"Name": "[4]髪左1 Z2"
		},
		{
			"Id": "Param_Angle_Rotation67",
			"GroupId": "ParamGroup19",
			"Name": "[0]髪左2 Z2"
		},
		{
			"Id": "Param_Angle_Rotation68",
			"GroupId": "ParamGroup19",
			"Name": "[1]髪左2 Z2"
		},
		{
			"Id": "Param_Angle_Rotation69",
			"GroupId": "ParamGroup19",
			"Name": "[2]髪左2 Z2"
		},
		{
			"Id": "Param_Angle_Rotation70",
			"GroupId": "ParamGroup19",
			"Name": "[3]髪左2 Z2"
		},
		{
			"Id": "Param_Angle_Rotation71",
			"GroupId": "ParamGroup19",
			"Name": "[4]髪左2 Z2"
		},
		{
			"Id": "Param_Angle_Rotation72",
			"GroupId": "ParamGroup19",
			"Name": "[5]髪左2 Z2"
		},
		{
			"Id": "Param_Angle_Rotation73",
			"GroupId": "ParamGroup20",
			"Name": "[0]髪左もみあげ Z2"
		},
		{
			"Id": "Param_Angle_Rotation74",
			"GroupId": "ParamGroup20",
			"Name": "[1]髪左もみあげ Z2"
		},
		{
			"Id": "Param_Angle_Rotation75",
			"GroupId": "ParamGroup20",
			"Name": "[2]髪左もみあげ Z2"
		},
		{
			"Id": "Param_Angle_Rotation76",
			"GroupId": "ParamGroup20",
			"Name": "[3]髪左もみあげ Z2"
		},
		{
			"Id": "Param_Angle_Rotation77",
			"GroupId": "ParamGroup20",
			"Name": "[4]髪左もみあげ Z2"
		},
		{
			"Id": "Param_Angle_Rotation78",
			"GroupId": "ParamGroup20",
			"Name": "[5]髪左もみあげ Z2"
		},
		{
			"Id": "Param_Angle_Rotation79",
			"GroupId": "ParamGroup20",
			"Name": "[6]髪左もみあげ Z2"
		},
		{
			"Id": "Param_Angle_Rotation80",
			"GroupId": "ParamGroup20",
			"Name": "[7]髪左もみあげ Z2"
		},
		{
			"Id": "Param_Angle_Rotation81",
			"GroupId": "ParamGroup21",
			"Name": "[0]髪左3 Z2"
		},
		{
			"Id": "Param_Angle_Rotation82",
			"GroupId": "ParamGroup21",
			"Name": "[1]髪左3 Z2"
		},
		{
			"Id": "Param_Angle_Rotation83",
			"GroupId": "ParamGroup21",
			"Name": "[2]髪左3 Z2"
		},
		{
			"Id": "Param_Angle_Rotation84",
			"GroupId": "ParamGroup21",
			"Name": "[3]髪左3 Z2"
		},
		{
			"Id": "Param_Angle_Rotation85",
			"GroupId": "ParamGroup21",
			"Name": "[4]髪左3 Z2"
		},
		{
			"Id": "Param_Angle_Rotation86",
			"GroupId": "ParamGroup21",
			"Name": "[5]髪左3 Z2"
		},
		{
			"Id": "Param_Angle_Rotation87",
			"GroupId": "ParamGroup22",
			"Name": "[0]髪左4 Z2"
		},
		{
			"Id": "Param_Angle_Rotation88",
			"GroupId": "ParamGroup22",
			"Name": "[1]髪左4 Z2"
		},
		{
			"Id": "Param_Angle_Rotation89",
			"GroupId": "ParamGroup22",
			"Name": "[2]髪左4 Z2"
		},
		{
			"Id": "Param_Angle_Rotation90",
			"GroupId": "ParamGroup22",
			"Name": "[3]髪左4 Z2"
		},
		{
			"Id": "Param_Angle_Rotation91",
			"GroupId": "ParamGroup22",
			"Name": "[4]髪左4 Z2"
		},
		{
			"Id": "Param_Angle_Rotation92",
			"GroupId": "ParamGroup22",
			"Name": "[5]髪左4 Z2"
		},
		{
			"Id": "Param_Angle_Rotation93",
			"GroupId": "ParamGroup23",
			"Name": "[0]髪紐左下 Z2"
		},
		{
			"Id": "Param_Angle_Rotation94",
			"GroupId": "ParamGroup23",
			"Name": "[1]髪紐左下 Z2"
		},
		{
			"Id": "Param_Angle_Rotation95",
			"GroupId": "ParamGroup23",
			"Name": "[2]髪紐左下 Z2"
		},
		{
			"Id": "Param_Angle_Rotation96",
			"GroupId": "ParamGroup23",
			"Name": "[3]髪紐左下 Z2"
		},
		{
			"Id": "Param_Angle_Rotation97",
			"GroupId": "ParamGroup23",
			"Name": "[4]髪紐左下 Z2"
		},
		{
			"Id": "Param_Angle_Rotation103",
			"GroupId": "ParamGroup24",
			"Name": "[0]後ろ髪 Z2"
		},
		{
			"Id": "Param_Angle_Rotation104",
			"GroupId": "ParamGroup24",
			"Name": "[1]後ろ髪 Z2"
		},
		{
			"Id": "Param_Angle_Rotation105",
			"GroupId": "ParamGroup24",
			"Name": "[2]後ろ髪 Z2"
		},
		{
			"Id": "Param_Angle_Rotation106",
			"GroupId": "ParamGroup24",
			"Name": "[3]後ろ髪 Z2"
		},
		{
			"Id": "Param_Angle_Rotation107",
			"GroupId": "ParamGroup24",
			"Name": "[4]後ろ髪 Z2"
		},
		{
			"Id": "Param_Angle_Rotation108",
			"GroupId": "ParamGroup24",
			"Name": "[5]後ろ髪 Z2"
		}
	],
	"ParameterGroups": [
		{
			"Id": "ParamGroup25",
			"GroupId": "",
			"Name": "光手前"
		},
		{
			"Id": "ParamGroup4",
			"GroupId": "",
			"Name": "体"
		},
		{
			"Id": "ParamGroup3",
			"GroupId": "",
			"Name": "胸"
		},
		{
			"Id": "ParamGroup2",
			"GroupId": "",
			"Name": "髪"
		},
		{
			"Id": "ParamGroup",
			"GroupId": "",
			"Name": "リボン"
		},
		{
			"Id": "ParamGroup26",
			"GroupId": "",
			"Name": "右腕"
		},
		{
			"Id": "ParamGroup27",
			"GroupId": "",
			"Name": "左腕"
		},
		{
			"Id": "ParamGroup28",
			"GroupId": "",
			"Name": "脚"
		},
		{
			"Id": "ParamGroup6",
			"GroupId": "",
			"Name": "エフェクト上"
		},
		{
			"Id": "ParamGroup7",
			"GroupId": "",
			"Name": "水"
		},
		{
			"Id": "ParamGroup8",
			"GroupId": "",
			"Name": "像水"
		},
		{
			"Id": "ParamGroup5",
			"GroupId": "",
			"Name": "エフェクト"
		},
		{
			"Id": "ParamGroup9",
			"GroupId": "",
			"Name": "髪紐右下 Z2"
		},
		{
			"Id": "ParamGroup10",
			"GroupId": "",
			"Name": "髪中央 Z5"
		},
		{
			"Id": "ParamGroup11",
			"GroupId": "",
			"Name": "髪中央 Z10"
		},
		{
			"Id": "ParamGroup12",
			"GroupId": "",
			"Name": "髪右1 Z2"
		},
		{
			"Id": "ParamGroup13",
			"GroupId": "",
			"Name": "髪右2 Z2"
		},
		{
			"Id": "ParamGroup14",
			"GroupId": "",
			"Name": "髪右3 Z2"
		},
		{
			"Id": "ParamGroup15",
			"GroupId": "",
			"Name": "髪右4 Z2"
		},
		{
			"Id": "ParamGroup16",
			"GroupId": "",
			"Name": "髪右5 Z2"
		},
		{
			"Id": "ParamGroup17",
			"GroupId": "",
			"Name": "髪右もみあげ Z2"
		},
		{
			"Id": "ParamGroup18",
			"GroupId": "",
			"Name": "髪左1 Z2"
		},
		{
			"Id": "ParamGroup19",
			"GroupId": "",
			"Name": "髪左2 Z2"
		},
		{
			"Id": "ParamGroup20",
			"GroupId": "",
			"Name": "髪左もみあげ Z2"
		},
		{
			"Id": "ParamGroup21",
			"GroupId": "",
			"Name": "髪左3 Z2"
		},
		{
			"Id": "ParamGroup22",
			"GroupId": "",
			"Name": "髪左4 Z2"
		},
		{
			"Id": "ParamGroup23",
			"GroupId": "",
			"Name": "髪紐左下 Z2"
		},
		{
			"Id": "ParamGroup24",
			"GroupId": "",
			"Name": "後ろ髪 Z2"
		}
	],
	"Parts": [
		{
			"Id": "Part33",
			"Name": "1920x1440_背景.psd"
		},
		{
			"Id": "Part12",
			"Name": "1920x1440.psd"
		},
		{
			"Id": "Part16",
			"Name": "手前エフェクト"
		},
		{
			"Id": "Part",
			"Name": "命駆エフェクト"
		},
		{
			"Id": "Part2",
			"Name": "髪"
		},
		{
			"Id": "Part3",
			"Name": "顔"
		},
		{
			"Id": "Part6",
			"Name": "開け口"
		},
		{
			"Id": "Part7",
			"Name": "紐"
		},
		{
			"Id": "Part8",
			"Name": "右手"
		},
		{
			"Id": "Part9",
			"Name": "左手"
		},
		{
			"Id": "Part10",
			"Name": "腰紐右"
		},
		{
			"Id": "Part11",
			"Name": "髪紐"
		},
		{
			"Id": "Part17",
			"Name": "日差し"
		},
		{
			"Id": "Part20",
			"Name": "エフェクト"
		},
		{
			"Id": "ArtMesh129_Skinning",
			"Name": "髪中央1(スキニング)"
		},
		{
			"Id": "ArtMesh194_Skinning",
			"Name": "髪中央2(スキニング)"
		},
		{
			"Id": "ArtMesh30_Skinning",
			"Name": "髪右1(スキニング)"
		},
		{
			"Id": "ArtMesh31_Skinning",
			"Name": "髪右2(スキニング)"
		},
		{
			"Id": "ArtMesh32_Skinning",
			"Name": "髪右3(スキニング)"
		},
		{
			"Id": "ArtMesh33_Skinning",
			"Name": "髪右4(スキニング)"
		},
		{
			"Id": "ArtMesh34_Skinning",
			"Name": "髪右5(スキニング)"
		},
		{
			"Id": "ArtMesh35_Skinning",
			"Name": "髪右もみあげ(スキニング)"
		},
		{
			"Id": "ArtMesh36_Skinning",
			"Name": "髪左1(スキニング)"
		},
		{
			"Id": "ArtMesh37_Skinning",
			"Name": "髪左2(スキニング)"
		},
		{
			"Id": "ArtMesh38_Skinning",
			"Name": "髪左もみあげ(スキニング)"
		},
		{
			"Id": "ArtMesh39_Skinning",
			"Name": "髪左3(スキニング)"
		},
		{
			"Id": "ArtMesh40_Skinning",
			"Name": "髪左4(スキニング)"
		},
		{
			"Id": "Part4",
			"Name": "右目"
		},
		{
			"Id": "Part5",
			"Name": "左目"
		},
		{
			"Id": "ArtMesh119_Skinning",
			"Name": "髪紐右下(スキニング)"
		},
		{
			"Id": "ArtMesh120_Skinning",
			"Name": "髪紐左下(スキニング)"
		},
		{
			"Id": "ArtMesh121_Skinning",
			"Name": "後ろ髪(スキニング)"
		},
		{
			"Id": "Part18",
			"Name": "丸ぽあ"
		},
		{
			"Id": "Part19",
			"Name": "光線"
		},
		{
			"Id": "Part21",
			"Name": "光粉"
		},
		{
			"Id": "Part22",
			"Name": "光"
		}
	],
	"CombinedParameters": [
		[
			"ParamEyeBallX",
			"ParamEyeBallY"
		],
		[
			"ParamImageX",
			"ParamImageY"
		],
		[
			"ParamHimoX",
			"ParamHimoY"
		],
		[
			"ParamPaiX",
			"ParamPaiY"
		],
		[
			"ParamPaiX2",
			"ParamPaiY2"
		],
		[
			"ParamPai2X",
			"ParamPai2Y"
		],
		[
			"ParamPai2X2",
			"ParamPai2Y2"
		],
		[
			"ParamHairLibonX",
			"ParamHairLibonY"
		]
	]
}