{
	"Version": 3,
	"Parameters": [
		{
			"Id": "ParamImageX",
			"GroupId": "",
			"Name": "位置X"
		},
		{
			"Id": "ParamImageY",
			"GroupId": "",
			"Name": "位置Y"
		},
		{
			"Id": "ParamEMask",
			"GroupId": "ParamGroup29",
			"Name": "エフェクトマスク"
		},
		{
			"Id": "Param",
			"GroupId": "ParamGroup29",
			"Name": "もや"
		},
		{
			"Id": "ParamKira1",
			"GroupId": "ParamGroup29",
			"Name": "キラ1"
		},
		{
			"Id": "ParamKira2",
			"GroupId": "ParamGroup29",
			"Name": "キラ2"
		},
		{
			"Id": "ParamKira3",
			"GroupId": "ParamGroup29",
			"Name": "キラ3"
		},
		{
			"Id": "ParamKira4",
			"GroupId": "ParamGroup29",
			"Name": "キラ4"
		},
		{
			"Id": "ParamKira5",
			"GroupId": "ParamGroup29",
			"Name": "キラ5"
		},
		{
			"Id": "ParamKira6",
			"GroupId": "ParamGroup29",
			"Name": "左胸キラ"
		},
		{
			"Id": "ParamKira7",
			"GroupId": "ParamGroup29",
			"Name": "右胸キラ"
		},
		{
			"Id": "ParamKira8",
			"GroupId": "ParamGroup29",
			"Name": "ティアラキラ"
		},
		{
			"Id": "ParamKira9",
			"GroupId": "ParamGroup29",
			"Name": "左手キラ"
		},
		{
			"Id": "ParamKira10",
			"GroupId": "ParamGroup29",
			"Name": "右手キラ"
		},
		{
			"Id": "ParamKira11",
			"GroupId": "ParamGroup29",
			"Name": "胸元宝石キラ"
		},
		{
			"Id": "ParamKira12",
			"GroupId": "ParamGroup29",
			"Name": "馬車キラ1"
		},
		{
			"Id": "ParamKira13",
			"GroupId": "ParamGroup29",
			"Name": "馬車キラ2"
		},
		{
			"Id": "ParamKira14",
			"GroupId": "ParamGroup29",
			"Name": "馬車キラ3"
		},
		{
			"Id": "ParamEyeRL",
			"GroupId": "ParamGroup27",
			"Name": "目光左右"
		},
		{
			"Id": "ParamEyeHB",
			"GroupId": "ParamGroup27",
			"Name": "目光上下"
		},
		{
			"Id": "ParamEyeBS",
			"GroupId": "ParamGroup27",
			"Name": "目光大小"
		},
		{
			"Id": "ParamPaiX",
			"GroupId": "ParamGroup28",
			"Name": "右胸X"
		},
		{
			"Id": "ParamPaiY",
			"GroupId": "ParamGroup28",
			"Name": "右胸Y"
		},
		{
			"Id": "ParamPaiX2",
			"GroupId": "ParamGroup28",
			"Name": "右胸X2"
		},
		{
			"Id": "ParamPaiY2",
			"GroupId": "ParamGroup28",
			"Name": "右胸Y2"
		},
		{
			"Id": "ParamPai2X",
			"GroupId": "ParamGroup28",
			"Name": "左胸X"
		},
		{
			"Id": "ParamPai2Y",
			"GroupId": "ParamGroup28",
			"Name": "左胸Y"
		},
		{
			"Id": "ParamPai2X2",
			"GroupId": "ParamGroup28",
			"Name": "左胸X2"
		},
		{
			"Id": "ParamPai2Y2",
			"GroupId": "ParamGroup28",
			"Name": "左胸Y2"
		},
		{
			"Id": "ParamAngleX",
			"GroupId": "",
			"Name": "角度 X"
		},
		{
			"Id": "ParamAngleY",
			"GroupId": "",
			"Name": "角度 Y"
		},
		{
			"Id": "ParamAngleZ",
			"GroupId": "",
			"Name": "角度 Z"
		},
		{
			"Id": "ParamEyeLOpen",
			"GroupId": "",
			"Name": "左目　開閉"
		},
		{
			"Id": "ParamEyeLSmile",
			"GroupId": "",
			"Name": "左目　笑顔"
		},
		{
			"Id": "ParamEyeROpen",
			"GroupId": "",
			"Name": "右目　開閉"
		},
		{
			"Id": "ParamEyeRSmile",
			"GroupId": "",
			"Name": "右目　笑顔"
		},
		{
			"Id": "ParamEyeBallX",
			"GroupId": "",
			"Name": "目玉 X"
		},
		{
			"Id": "ParamEyeBallY",
			"GroupId": "",
			"Name": "目玉 Y"
		},
		{
			"Id": "ParamBrowLY",
			"GroupId": "",
			"Name": "左眉　上下"
		},
		{
			"Id": "ParamBrowRY",
			"GroupId": "",
			"Name": "右眉　上下"
		},
		{
			"Id": "ParamBrowLX",
			"GroupId": "",
			"Name": "左眉　左右"
		},
		{
			"Id": "ParamBrowRX",
			"GroupId": "",
			"Name": "右眉　左右"
		},
		{
			"Id": "ParamBrowLAngle",
			"GroupId": "",
			"Name": "左眉　角度"
		},
		{
			"Id": "ParamBrowRAngle",
			"GroupId": "",
			"Name": "右眉　角度"
		},
		{
			"Id": "ParamBrowLForm",
			"GroupId": "",
			"Name": "左眉　変形"
		},
		{
			"Id": "ParamBrowRForm",
			"GroupId": "",
			"Name": "右眉　変形"
		},
		{
			"Id": "ParamMouthForm",
			"GroupId": "",
			"Name": "口　変形"
		},
		{
			"Id": "ParamMouthOpenY",
			"GroupId": "",
			"Name": "口　開閉"
		},
		{
			"Id": "ParamCheek",
			"GroupId": "",
			"Name": "照れ"
		},
		{
			"Id": "ParamBodyAngleX",
			"GroupId": "",
			"Name": "体の回転　X"
		},
		{
			"Id": "ParamBodyAngleY",
			"GroupId": "",
			"Name": "体の回転　Y"
		},
		{
			"Id": "ParamBodyAngleZ",
			"GroupId": "",
			"Name": "体の回転　Z"
		},
		{
			"Id": "ParamBreath",
			"GroupId": "",
			"Name": "呼吸"
		},
		{
			"Id": "ParamEyes",
			"GroupId": "",
			"Name": "目パチ"
		},
		{
			"Id": "ParamHairFront",
			"GroupId": "",
			"Name": "髪揺れ　前"
		},
		{
			"Id": "ParamHairSide",
			"GroupId": "",
			"Name": "髪揺れ　横"
		},
		{
			"Id": "ParamHairBack",
			"GroupId": "",
			"Name": "髪揺れ　後"
		},
		{
			"Id": "Param_Angle_Rotation10",
			"GroupId": "ParamGroup2",
			"Name": "[0]前髪_左1"
		},
		{
			"Id": "Param_Angle_Rotation11",
			"GroupId": "ParamGroup2",
			"Name": "[1]前髪_左1"
		},
		{
			"Id": "Param_Angle_Rotation12",
			"GroupId": "ParamGroup2",
			"Name": "[2]前髪_左1"
		},
		{
			"Id": "Param_Angle_Rotation13",
			"GroupId": "ParamGroup2",
			"Name": "[3]前髪_左1"
		},
		{
			"Id": "Param_Angle_Rotation14",
			"GroupId": "ParamGroup2",
			"Name": "[4]前髪_左1"
		},
		{
			"Id": "Param_Angle_Rotation5",
			"GroupId": "ParamGroup",
			"Name": "[0]前髪_左2"
		},
		{
			"Id": "Param_Angle_Rotation6",
			"GroupId": "ParamGroup",
			"Name": "[1]前髪_左2"
		},
		{
			"Id": "Param_Angle_Rotation7",
			"GroupId": "ParamGroup",
			"Name": "[2]前髪_左2"
		},
		{
			"Id": "Param_Angle_Rotation8",
			"GroupId": "ParamGroup",
			"Name": "[3]前髪_左2"
		},
		{
			"Id": "Param_Angle_Rotation9",
			"GroupId": "ParamGroup",
			"Name": "[4]前髪_左2"
		},
		{
			"Id": "Param_Angle_Rotation15",
			"GroupId": "ParamGroup3",
			"Name": "[0]前髪_左3"
		},
		{
			"Id": "Param_Angle_Rotation16",
			"GroupId": "ParamGroup3",
			"Name": "[1]前髪_左3"
		},
		{
			"Id": "Param_Angle_Rotation17",
			"GroupId": "ParamGroup3",
			"Name": "[2]前髪_左3"
		},
		{
			"Id": "Param_Angle_Rotation18",
			"GroupId": "ParamGroup3",
			"Name": "[3]前髪_左3"
		},
		{
			"Id": "Param_Angle_Rotation24",
			"GroupId": "ParamGroup5",
			"Name": "[0]前髪_左もみあげ1"
		},
		{
			"Id": "Param_Angle_Rotation25",
			"GroupId": "ParamGroup5",
			"Name": "[1]前髪_左もみあげ1"
		},
		{
			"Id": "Param_Angle_Rotation26",
			"GroupId": "ParamGroup5",
			"Name": "[2]前髪_左もみあげ1"
		},
		{
			"Id": "Param_Angle_Rotation27",
			"GroupId": "ParamGroup5",
			"Name": "[3]前髪_左もみあげ1"
		},
		{
			"Id": "Param_Angle_Rotation28",
			"GroupId": "ParamGroup5",
			"Name": "[4]前髪_左もみあげ1"
		},
		{
			"Id": "Param_Angle_Rotation29",
			"GroupId": "ParamGroup5",
			"Name": "[5]前髪_左もみあげ1"
		},
		{
			"Id": "Param_Angle_Rotation19",
			"GroupId": "ParamGroup4",
			"Name": "[0]前髪_左もみあげ2"
		},
		{
			"Id": "Param_Angle_Rotation20",
			"GroupId": "ParamGroup4",
			"Name": "[1]前髪_左もみあげ2"
		},
		{
			"Id": "Param_Angle_Rotation21",
			"GroupId": "ParamGroup4",
			"Name": "[2]前髪_左もみあげ2"
		},
		{
			"Id": "Param_Angle_Rotation22",
			"GroupId": "ParamGroup4",
			"Name": "[3]前髪_左もみあげ2"
		},
		{
			"Id": "Param_Angle_Rotation23",
			"GroupId": "ParamGroup4",
			"Name": "[4]前髪_左もみあげ2"
		},
		{
			"Id": "Param_Angle_Rotation30",
			"GroupId": "ParamGroup6",
			"Name": "[0]前髪_左4"
		},
		{
			"Id": "Param_Angle_Rotation31",
			"GroupId": "ParamGroup6",
			"Name": "[1]前髪_左4"
		},
		{
			"Id": "Param_Angle_Rotation32",
			"GroupId": "ParamGroup6",
			"Name": "[2]前髪_左4"
		},
		{
			"Id": "Param_Angle_Rotation33",
			"GroupId": "ParamGroup7",
			"Name": "[0]前髪_右1"
		},
		{
			"Id": "Param_Angle_Rotation34",
			"GroupId": "ParamGroup7",
			"Name": "[1]前髪_右1"
		},
		{
			"Id": "Param_Angle_Rotation35",
			"GroupId": "ParamGroup7",
			"Name": "[2]前髪_右1"
		},
		{
			"Id": "Param_Angle_Rotation36",
			"GroupId": "ParamGroup7",
			"Name": "[3]前髪_右1"
		},
		{
			"Id": "Param_Angle_Rotation37",
			"GroupId": "ParamGroup7",
			"Name": "[4]前髪_右1"
		},
		{
			"Id": "Param_Angle_Rotation38",
			"GroupId": "ParamGroup8",
			"Name": "[0]前髪_右2"
		},
		{
			"Id": "Param_Angle_Rotation39",
			"GroupId": "ParamGroup8",
			"Name": "[1]前髪_右2"
		},
		{
			"Id": "Param_Angle_Rotation40",
			"GroupId": "ParamGroup8",
			"Name": "[2]前髪_右2"
		},
		{
			"Id": "Param_Angle_Rotation41",
			"GroupId": "ParamGroup8",
			"Name": "[3]前髪_右2"
		},
		{
			"Id": "Param_Angle_Rotation42",
			"GroupId": "ParamGroup8",
			"Name": "[4]前髪_右2"
		},
		{
			"Id": "Param_Angle_Rotation43",
			"GroupId": "ParamGroup9",
			"Name": "[0]前髪_右3"
		},
		{
			"Id": "Param_Angle_Rotation44",
			"GroupId": "ParamGroup9",
			"Name": "[1]前髪_右3"
		},
		{
			"Id": "Param_Angle_Rotation45",
			"GroupId": "ParamGroup9",
			"Name": "[2]前髪_右3"
		},
		{
			"Id": "Param_Angle_Rotation46",
			"GroupId": "ParamGroup9",
			"Name": "[3]前髪_右3"
		},
		{
			"Id": "Param_Angle_Rotation47",
			"GroupId": "ParamGroup9",
			"Name": "[4]前髪_右3"
		},
		{
			"Id": "Param_Angle_Rotation48",
			"GroupId": "ParamGroup10",
			"Name": "[0]前髪_右4"
		},
		{
			"Id": "Param_Angle_Rotation49",
			"GroupId": "ParamGroup10",
			"Name": "[1]前髪_右4"
		},
		{
			"Id": "Param_Angle_Rotation50",
			"GroupId": "ParamGroup10",
			"Name": "[2]前髪_右4"
		},
		{
			"Id": "Param_Angle_Rotation51",
			"GroupId": "ParamGroup10",
			"Name": "[3]前髪_右4"
		},
		{
			"Id": "Param_Angle_Rotation52",
			"GroupId": "ParamGroup10",
			"Name": "[4]前髪_右4"
		},
		{
			"Id": "Param_Angle_Rotation53",
			"GroupId": "ParamGroup11",
			"Name": "[0]右髪_右もみあげ2"
		},
		{
			"Id": "Param_Angle_Rotation54",
			"GroupId": "ParamGroup11",
			"Name": "[1]右髪_右もみあげ2"
		},
		{
			"Id": "Param_Angle_Rotation55",
			"GroupId": "ParamGroup11",
			"Name": "[2]右髪_右もみあげ2"
		},
		{
			"Id": "Param_Angle_Rotation56",
			"GroupId": "ParamGroup11",
			"Name": "[3]右髪_右もみあげ2"
		},
		{
			"Id": "Param_Angle_Rotation57",
			"GroupId": "ParamGroup12",
			"Name": "[0]右髪_右もみあげ3"
		},
		{
			"Id": "Param_Angle_Rotation58",
			"GroupId": "ParamGroup12",
			"Name": "[1]右髪_右もみあげ3"
		},
		{
			"Id": "Param_Angle_Rotation59",
			"GroupId": "ParamGroup12",
			"Name": "[2]右髪_右もみあげ3"
		},
		{
			"Id": "Param_Angle_Rotation60",
			"GroupId": "ParamGroup12",
			"Name": "[3]右髪_右もみあげ3"
		},
		{
			"Id": "Param_Angle_Rotation61",
			"GroupId": "ParamGroup12",
			"Name": "[4]右髪_右もみあげ3"
		},
		{
			"Id": "Param_Angle_Rotation62",
			"GroupId": "ParamGroup13",
			"Name": "[0]右髪_右もみあげ1"
		},
		{
			"Id": "Param_Angle_Rotation63",
			"GroupId": "ParamGroup13",
			"Name": "[1]右髪_右もみあげ1"
		},
		{
			"Id": "Param_Angle_Rotation64",
			"GroupId": "ParamGroup13",
			"Name": "[2]右髪_右もみあげ1"
		},
		{
			"Id": "Param_Angle_Rotation65",
			"GroupId": "ParamGroup13",
			"Name": "[3]右髪_右もみあげ1"
		},
		{
			"Id": "Param_Angle_Rotation66",
			"GroupId": "ParamGroup13",
			"Name": "[4]右髪_右もみあげ1"
		},
		{
			"Id": "Param_Angle_Rotation67",
			"GroupId": "ParamGroup14",
			"Name": "[0]右髪_右1"
		},
		{
			"Id": "Param_Angle_Rotation68",
			"GroupId": "ParamGroup14",
			"Name": "[1]右髪_右1"
		},
		{
			"Id": "Param_Angle_Rotation69",
			"GroupId": "ParamGroup14",
			"Name": "[2]右髪_右1"
		},
		{
			"Id": "Param_Angle_Rotation70",
			"GroupId": "ParamGroup14",
			"Name": "[3]右髪_右1"
		},
		{
			"Id": "Param_Angle_Rotation71",
			"GroupId": "ParamGroup15",
			"Name": "[0]右髪_右2"
		},
		{
			"Id": "Param_Angle_Rotation72",
			"GroupId": "ParamGroup15",
			"Name": "[1]右髪_右2"
		},
		{
			"Id": "Param_Angle_Rotation73",
			"GroupId": "ParamGroup15",
			"Name": "[2]右髪_右2"
		},
		{
			"Id": "Param_Angle_Rotation74",
			"GroupId": "ParamGroup15",
			"Name": "[3]右髪_右2"
		},
		{
			"Id": "Param_Angle_Rotation75",
			"GroupId": "ParamGroup15",
			"Name": "[4]右髪_右2"
		},
		{
			"Id": "Param_Angle_Rotation76",
			"GroupId": "ParamGroup15",
			"Name": "[5]右髪_右2"
		},
		{
			"Id": "Param_Angle_Rotation77",
			"GroupId": "ParamGroup15",
			"Name": "[6]右髪_右2"
		},
		{
			"Id": "Param_Angle_Rotation78",
			"GroupId": "ParamGroup16",
			"Name": "[0]右髪_右3"
		},
		{
			"Id": "Param_Angle_Rotation79",
			"GroupId": "ParamGroup16",
			"Name": "[1]右髪_右3"
		},
		{
			"Id": "Param_Angle_Rotation80",
			"GroupId": "ParamGroup16",
			"Name": "[2]右髪_右3"
		},
		{
			"Id": "Param_Angle_Rotation81",
			"GroupId": "ParamGroup16",
			"Name": "[3]右髪_右3"
		},
		{
			"Id": "Param_Angle_Rotation82",
			"GroupId": "ParamGroup16",
			"Name": "[4]右髪_右3"
		},
		{
			"Id": "Param_Angle_Rotation83",
			"GroupId": "ParamGroup17",
			"Name": "[0]後ろ髪_左1"
		},
		{
			"Id": "Param_Angle_Rotation84",
			"GroupId": "ParamGroup17",
			"Name": "[1]後ろ髪_左1"
		},
		{
			"Id": "Param_Angle_Rotation85",
			"GroupId": "ParamGroup17",
			"Name": "[2]後ろ髪_左1"
		},
		{
			"Id": "Param_Angle_Rotation86",
			"GroupId": "ParamGroup17",
			"Name": "[3]後ろ髪_左1"
		},
		{
			"Id": "Param_Angle_Rotation87",
			"GroupId": "ParamGroup17",
			"Name": "[4]後ろ髪_左1"
		},
		{
			"Id": "Param_Angle_Rotation88",
			"GroupId": "ParamGroup17",
			"Name": "[5]後ろ髪_左1"
		},
		{
			"Id": "Param_Angle_Rotation89",
			"GroupId": "ParamGroup17",
			"Name": "[6]後ろ髪_左1"
		},
		{
			"Id": "Param_Angle_Rotation90",
			"GroupId": "ParamGroup18",
			"Name": "[0]後ろ髪_左2"
		},
		{
			"Id": "Param_Angle_Rotation91",
			"GroupId": "ParamGroup18",
			"Name": "[1]後ろ髪_左2"
		},
		{
			"Id": "Param_Angle_Rotation92",
			"GroupId": "ParamGroup18",
			"Name": "[2]後ろ髪_左2"
		},
		{
			"Id": "Param_Angle_Rotation93",
			"GroupId": "ParamGroup18",
			"Name": "[3]後ろ髪_左2"
		},
		{
			"Id": "Param_Angle_Rotation94",
			"GroupId": "ParamGroup18",
			"Name": "[4]後ろ髪_左2"
		},
		{
			"Id": "Param_Angle_Rotation95",
			"GroupId": "ParamGroup18",
			"Name": "[5]後ろ髪_左2"
		},
		{
			"Id": "Param_Angle_Rotation96",
			"GroupId": "ParamGroup18",
			"Name": "[6]後ろ髪_左2"
		},
		{
			"Id": "Param_Angle_Rotation97",
			"GroupId": "ParamGroup19",
			"Name": "[0]後ろ髪_左3"
		},
		{
			"Id": "Param_Angle_Rotation98",
			"GroupId": "ParamGroup19",
			"Name": "[1]後ろ髪_左3"
		},
		{
			"Id": "Param_Angle_Rotation99",
			"GroupId": "ParamGroup19",
			"Name": "[2]後ろ髪_左3"
		},
		{
			"Id": "Param_Angle_Rotation100",
			"GroupId": "ParamGroup19",
			"Name": "[3]後ろ髪_左3"
		},
		{
			"Id": "Param_Angle_Rotation101",
			"GroupId": "ParamGroup19",
			"Name": "[4]後ろ髪_左3"
		},
		{
			"Id": "Param_Angle_Rotation102",
			"GroupId": "ParamGroup19",
			"Name": "[5]後ろ髪_左3"
		},
		{
			"Id": "Param_Angle_Rotation103",
			"GroupId": "ParamGroup20",
			"Name": "[0]後ろ髪_左4"
		},
		{
			"Id": "Param_Angle_Rotation104",
			"GroupId": "ParamGroup20",
			"Name": "[1]後ろ髪_左4"
		},
		{
			"Id": "Param_Angle_Rotation105",
			"GroupId": "ParamGroup20",
			"Name": "[2]後ろ髪_左4"
		},
		{
			"Id": "Param_Angle_Rotation106",
			"GroupId": "ParamGroup20",
			"Name": "[3]後ろ髪_左4"
		},
		{
			"Id": "Param_Angle_Rotation107",
			"GroupId": "ParamGroup20",
			"Name": "[4]後ろ髪_左4"
		},
		{
			"Id": "Param_Angle_Rotation108",
			"GroupId": "ParamGroup21",
			"Name": "[0]後ろ髪_左5"
		},
		{
			"Id": "Param_Angle_Rotation109",
			"GroupId": "ParamGroup21",
			"Name": "[1]後ろ髪_左5"
		},
		{
			"Id": "Param_Angle_Rotation110",
			"GroupId": "ParamGroup21",
			"Name": "[2]後ろ髪_左5"
		},
		{
			"Id": "Param_Angle_Rotation111",
			"GroupId": "ParamGroup21",
			"Name": "[3]後ろ髪_左5"
		},
		{
			"Id": "Param_Angle_Rotation112",
			"GroupId": "ParamGroup21",
			"Name": "[4]後ろ髪_左5"
		},
		{
			"Id": "Param_Angle_Rotation113",
			"GroupId": "ParamGroup22",
			"Name": "[0]後ろ髪_左6"
		},
		{
			"Id": "Param_Angle_Rotation114",
			"GroupId": "ParamGroup22",
			"Name": "[1]後ろ髪_左6"
		},
		{
			"Id": "Param_Angle_Rotation115",
			"GroupId": "ParamGroup22",
			"Name": "[2]後ろ髪_左6"
		},
		{
			"Id": "Param_Angle_Rotation116",
			"GroupId": "ParamGroup23",
			"Name": "[0]後ろ髪_右1"
		},
		{
			"Id": "Param_Angle_Rotation117",
			"GroupId": "ParamGroup23",
			"Name": "[1]後ろ髪_右1"
		},
		{
			"Id": "Param_Angle_Rotation118",
			"GroupId": "ParamGroup23",
			"Name": "[2]後ろ髪_右1"
		},
		{
			"Id": "Param_Angle_Rotation119",
			"GroupId": "ParamGroup23",
			"Name": "[3]後ろ髪_右1"
		},
		{
			"Id": "Param_Angle_Rotation120",
			"GroupId": "ParamGroup23",
			"Name": "[4]後ろ髪_右1"
		},
		{
			"Id": "Param_Angle_Rotation121",
			"GroupId": "ParamGroup24",
			"Name": "[0]後ろ髪_右2"
		},
		{
			"Id": "Param_Angle_Rotation122",
			"GroupId": "ParamGroup24",
			"Name": "[1]後ろ髪_右2"
		},
		{
			"Id": "Param_Angle_Rotation123",
			"GroupId": "ParamGroup25",
			"Name": "[0]左帯"
		},
		{
			"Id": "Param_Angle_Rotation124",
			"GroupId": "ParamGroup25",
			"Name": "[1]左帯"
		},
		{
			"Id": "Param_Angle_Rotation125",
			"GroupId": "ParamGroup25",
			"Name": "[2]左帯"
		},
		{
			"Id": "Param_Angle_Rotation126",
			"GroupId": "ParamGroup25",
			"Name": "[3]左帯"
		},
		{
			"Id": "Param_Angle_Rotation127",
			"GroupId": "ParamGroup26",
			"Name": "[0]右帯"
		},
		{
			"Id": "Param_Angle_Rotation128",
			"GroupId": "ParamGroup26",
			"Name": "[1]右帯"
		},
		{
			"Id": "Param_Angle_Rotation129",
			"GroupId": "ParamGroup26",
			"Name": "[2]右帯"
		},
		{
			"Id": "Param_Angle_Rotation130",
			"GroupId": "ParamGroup26",
			"Name": "[3]右帯"
		}
	],
	"ParameterGroups": [
		{
			"Id": "ParamGroup29",
			"GroupId": "",
			"Name": "エフェクト"
		},
		{
			"Id": "ParamGroup27",
			"GroupId": "",
			"Name": "瞳光"
		},
		{
			"Id": "ParamGroup28",
			"GroupId": "",
			"Name": "胸"
		},
		{
			"Id": "ParamGroup2",
			"GroupId": "",
			"Name": "前髪_左1"
		},
		{
			"Id": "ParamGroup",
			"GroupId": "",
			"Name": "前髪_左2"
		},
		{
			"Id": "ParamGroup3",
			"GroupId": "",
			"Name": "前髪_左3"
		},
		{
			"Id": "ParamGroup5",
			"GroupId": "",
			"Name": "前髪_左もみあげ1"
		},
		{
			"Id": "ParamGroup4",
			"GroupId": "",
			"Name": "前髪_左もみあげ2"
		},
		{
			"Id": "ParamGroup6",
			"GroupId": "",
			"Name": "前髪_左4"
		},
		{
			"Id": "ParamGroup7",
			"GroupId": "",
			"Name": "前髪_右1"
		},
		{
			"Id": "ParamGroup8",
			"GroupId": "",
			"Name": "前髪_右2"
		},
		{
			"Id": "ParamGroup9",
			"GroupId": "",
			"Name": "前髪_右3"
		},
		{
			"Id": "ParamGroup10",
			"GroupId": "",
			"Name": "前髪_右4"
		},
		{
			"Id": "ParamGroup11",
			"GroupId": "",
			"Name": "右髪_右もみあげ2"
		},
		{
			"Id": "ParamGroup12",
			"GroupId": "",
			"Name": "右髪_右もみあげ3"
		},
		{
			"Id": "ParamGroup13",
			"GroupId": "",
			"Name": "右髪_右もみあげ1"
		},
		{
			"Id": "ParamGroup14",
			"GroupId": "",
			"Name": "右髪_右1"
		},
		{
			"Id": "ParamGroup15",
			"GroupId": "",
			"Name": "右髪_右2"
		},
		{
			"Id": "ParamGroup16",
			"GroupId": "",
			"Name": "右髪_右3"
		},
		{
			"Id": "ParamGroup17",
			"GroupId": "",
			"Name": "後ろ髪_左1"
		},
		{
			"Id": "ParamGroup18",
			"GroupId": "",
			"Name": "後ろ髪_左2"
		},
		{
			"Id": "ParamGroup19",
			"GroupId": "",
			"Name": "後ろ髪_左3"
		},
		{
			"Id": "ParamGroup20",
			"GroupId": "",
			"Name": "後ろ髪_左4"
		},
		{
			"Id": "ParamGroup21",
			"GroupId": "",
			"Name": "後ろ髪_左5"
		},
		{
			"Id": "ParamGroup22",
			"GroupId": "",
			"Name": "後ろ髪_左6"
		},
		{
			"Id": "ParamGroup23",
			"GroupId": "",
			"Name": "後ろ髪_右1"
		},
		{
			"Id": "ParamGroup24",
			"GroupId": "",
			"Name": "後ろ髪_右2"
		},
		{
			"Id": "ParamGroup25",
			"GroupId": "",
			"Name": "左帯"
		},
		{
			"Id": "ParamGroup26",
			"GroupId": "",
			"Name": "右帯"
		}
	],
	"Parts": [
		{
			"Id": "Part",
			"Name": "*エフェクト"
		},
		{
			"Id": "Part2",
			"Name": "*詠"
		},
		{
			"Id": "Part11",
			"Name": "*グロー"
		},
		{
			"Id": "Part13",
			"Name": "*キラ"
		},
		{
			"Id": "Part14",
			"Name": "*身体キラ"
		},
		{
			"Id": "Part3",
			"Name": "*前髪"
		},
		{
			"Id": "Part4",
			"Name": "*顔"
		},
		{
			"Id": "Part6",
			"Name": "*右髪"
		},
		{
			"Id": "Part7",
			"Name": "*胸"
		},
		{
			"Id": "Part8",
			"Name": "*身体"
		},
		{
			"Id": "Part10",
			"Name": "*後ろ髪"
		},
		{
			"Id": "Part9",
			"Name": "*腰帯"
		},
		{
			"Id": "ArtMesh55_Skinning",
			"Name": "グロー_前髪_左もみあげ1(スキニング)"
		},
		{
			"Id": "ArtMesh56_Skinning",
			"Name": "グロー_右髪_右もみあげ3(スキニング)"
		},
		{
			"Id": "ArtMesh57_Skinning",
			"Name": "グロー_右髪_右もみあげ1(スキニング)"
		},
		{
			"Id": "ArtMesh58_Skinning",
			"Name": "グロー_右髪_右1(スキニング)"
		},
		{
			"Id": "ArtMesh59_Skinning",
			"Name": "グロー_右髪_右2(スキニング)"
		},
		{
			"Id": "ArtMesh60_Skinning",
			"Name": "グロー_右髪_右3(スキニング)"
		},
		{
			"Id": "ArtMesh66_Skinning",
			"Name": "グロー_左帯(スキニング)"
		},
		{
			"Id": "ArtMesh70_Skinning",
			"Name": "グロー_後ろ髪_左1(スキニング)"
		},
		{
			"Id": "ArtMesh71_Skinning",
			"Name": "グロー_後ろ髪_左2(スキニング)"
		},
		{
			"Id": "ArtMesh72_Skinning",
			"Name": "グロー_後ろ髪_左3(スキニング)"
		},
		{
			"Id": "ArtMesh73_Skinning",
			"Name": "グロー_後ろ髪_左4(スキニング)"
		},
		{
			"Id": "ArtMesh74_Skinning",
			"Name": "グロー_後ろ髪_左5(スキニング)"
		},
		{
			"Id": "ArtMesh75_Skinning",
			"Name": "グロー_後ろ髪_左6(スキニング)"
		},
		{
			"Id": "ArtMesh77_Skinning",
			"Name": "グロー_後ろ髪_右1(スキニング)"
		},
		{
			"Id": "ArtMesh78_Skinning",
			"Name": "グロー_後ろ髪_右2(スキニング)"
		},
		{
			"Id": "ArtMesh6_Skinning",
			"Name": "前髪_左3先(スキニング)"
		},
		{
			"Id": "ArtMesh7_Skinning",
			"Name": "前髪_左2(スキニング)"
		},
		{
			"Id": "ArtMesh8_Skinning",
			"Name": "前髪_左1(スキニング)"
		},
		{
			"Id": "ArtMesh9_Skinning",
			"Name": "前髪_左もみあげ2(スキニング)"
		},
		{
			"Id": "ArtMesh10_Skinning",
			"Name": "前髪_左もみあげ1(スキニング)"
		},
		{
			"Id": "ArtMesh11_Skinning",
			"Name": "前髪_左4(スキニング)"
		},
		{
			"Id": "ArtMesh12_Skinning",
			"Name": "前髪_左3元(スキニング)"
		},
		{
			"Id": "ArtMesh13_Skinning",
			"Name": "前髪_右1(スキニング)"
		},
		{
			"Id": "ArtMesh14_Skinning",
			"Name": "前髪_右2(スキニング)"
		},
		{
			"Id": "ArtMesh15_Skinning",
			"Name": "前髪_右3(スキニング)"
		},
		{
			"Id": "ArtMesh16_Skinning",
			"Name": "前髪_右4(スキニング)"
		},
		{
			"Id": "ArtMesh17_Skinning",
			"Name": "右髪_右もみあげ2(スキニング)"
		},
		{
			"Id": "Part5",
			"Name": "*表情"
		},
		{
			"Id": "ArtMesh24_Skinning",
			"Name": "右髪_右もみあげ3(スキニング)"
		},
		{
			"Id": "ArtMesh25_Skinning",
			"Name": "右髪_右もみあげ1(スキニング)"
		},
		{
			"Id": "ArtMesh26_Skinning",
			"Name": "右髪_右1(スキニング)"
		},
		{
			"Id": "ArtMesh27_Skinning",
			"Name": "右髪_右2(スキニング)"
		},
		{
			"Id": "ArtMesh28_Skinning",
			"Name": "右髪_右3(スキニング)"
		},
		{
			"Id": "ArtMesh45_Skinning",
			"Name": "後ろ髪_左1(スキニング)"
		},
		{
			"Id": "ArtMesh46_Skinning",
			"Name": "後ろ髪_左2(スキニング)"
		},
		{
			"Id": "ArtMesh47_Skinning",
			"Name": "後ろ髪_左3(スキニング)"
		},
		{
			"Id": "ArtMesh48_Skinning",
			"Name": "後ろ髪_左4(スキニング)"
		},
		{
			"Id": "ArtMesh49_Skinning",
			"Name": "後ろ髪_左5(スキニング)"
		},
		{
			"Id": "ArtMesh50_Skinning",
			"Name": "後ろ髪_左6(スキニング)"
		},
		{
			"Id": "ArtMesh52_Skinning",
			"Name": "後ろ髪_右1(スキニング)"
		},
		{
			"Id": "ArtMesh53_Skinning",
			"Name": "後ろ髪_右2(スキニング)"
		},
		{
			"Id": "ArtMesh41_Skinning",
			"Name": "左帯(スキニング)"
		},
		{
			"Id": "ArtMesh42_Skinning",
			"Name": "右帯(スキニング)"
		}
	],
	"CombinedParameters": [
		[
			"ParamImageX",
			"ParamImageY"
		],
		[
			"ParamEyeRL",
			"ParamEyeHB"
		]
	]
}