{
	"Version": 3,
	"Meta": {
		"Duration": 5.333,
		"Fps": 30.0,
		"Loop": true,
		"AreBeziersRestricted": false,
		"CurveCount": 15,
		"TotalSegmentCount": 298,
		"TotalPointCount": 909,
		"UserDataCount": 0,
		"TotalUserDataSize": 0
	},
	"Curves": [
		{
			"Target": "Parameter",
			"Id": "ParamEff1",
			"Segments": [
				0,
				1,
				1,
				0.244,
				1,
				0.489,
				0.9,
				0.733,
				0.9,
				1,
				1.056,
				0.9,
				1.378,
				1,
				1.7,
				1,
				1,
				1.922,
				1,
				2.144,
				1.008,
				2.367,
				0.9,
				1,
				2.644,
				0.765,
				2.922,
				0.5,
				3.2,
				0.5,
				1,
				3.456,
				0.5,
				3.711,
				0.751,
				3.967,
				0.8,
				1,
				4.256,
				0.856,
				4.544,
				0.855,
				4.833,
				0.9,
				1,
				5,
				0.926,
				5.167,
				1,
				5.333,
				1
			]
		},
		{
			"Target": "Parameter",
			"Id": "ParamEff2",
			"Segments": [
				0,
				1,
				1,
				0.411,
				1,
				0.822,
				0.3,
				1.233,
				0.3,
				1,
				1.733,
				0.3,
				2.233,
				1,
				2.733,
				1,
				1,
				3.044,
				1,
				3.356,
				0.9,
				3.667,
				0.9,
				1,
				3.967,
				0.9,
				4.267,
				1,
				4.567,
				1,
				1,
				4.822,
				1,
				5.078,
				1,
				5.333,
				1
			]
		},
		{
			"Target": "Parameter",
			"Id": "ParamEff3",
			"Segments": [
				0,
				1,
				1,
				0.3,
				1,
				0.6,
				0.9,
				0.9,
				0.9,
				1,
				1.3,
				0.9,
				1.7,
				1,
				2.1,
				1,
				1,
				2.244,
				1,
				2.389,
				0.7,
				2.533,
				0.7,
				1,
				2.856,
				0.7,
				3.178,
				1,
				3.5,
				1,
				1,
				3.8,
				1,
				4.1,
				0.9,
				4.4,
				0.9,
				1,
				4.711,
				0.9,
				5.022,
				1,
				5.333,
				1
			]
		},
		{
			"Target": "Parameter",
			"Id": "ParamEff4",
			"Segments": [
				0,
				0.6,
				1,
				0.222,
				0.6,
				0.444,
				1,
				0.667,
				1,
				1,
				1.033,
				1,
				1.4,
				0.7,
				1.767,
				0.7,
				1,
				2.511,
				0.7,
				3.256,
				1,
				4,
				1,
				1,
				4.444,
				1,
				4.889,
				0.6,
				5.333,
				0.6
			]
		},
		{
			"Target": "Parameter",
			"Id": "ParamEff5",
			"Segments": [
				0,
				1,
				1,
				0.144,
				1,
				0.289,
				1,
				0.433,
				1,
				1,
				0.467,
				1,
				0.5,
				0.4,
				0.533,
				0.4,
				1,
				0.567,
				0.4,
				0.6,
				1,
				0.633,
				1,
				1,
				0.856,
				1,
				1.078,
				1,
				1.3,
				1,
				1,
				1.333,
				1,
				1.367,
				0.6,
				1.4,
				0.6,
				1,
				1.433,
				0.6,
				1.467,
				1,
				1.5,
				1,
				1,
				1.756,
				1,
				2.011,
				1,
				2.267,
				1,
				1,
				2.3,
				1,
				2.333,
				0.6,
				2.367,
				0.6,
				1,
				2.4,
				0.6,
				2.433,
				1,
				2.467,
				1,
				1,
				2.678,
				1,
				2.889,
				1,
				3.1,
				1,
				1,
				3.133,
				1,
				3.167,
				0.6,
				3.2,
				0.6,
				1,
				3.233,
				0.6,
				3.267,
				1,
				3.3,
				1,
				1,
				3.5,
				1,
				3.7,
				1,
				3.9,
				1,
				1,
				3.933,
				1,
				3.967,
				0.6,
				4,
				0.6,
				1,
				4.033,
				0.6,
				4.067,
				1,
				4.1,
				1,
				1,
				4.511,
				1,
				4.922,
				1,
				5.333,
				1
			]
		},
		{
			"Target": "Parameter",
			"Id": "ParamEff6",
			"Segments": [
				0,
				1,
				1,
				0.033,
				1,
				0.067,
				1,
				0.1,
				1,
				1,
				0.133,
				1,
				0.167,
				0.6,
				0.2,
				0.6,
				1,
				0.233,
				0.6,
				0.267,
				1,
				0.3,
				1,
				1,
				0.8,
				1,
				1.3,
				1,
				1.8,
				1,
				1,
				1.833,
				1,
				1.867,
				0.6,
				1.9,
				0.6,
				1,
				1.933,
				0.6,
				1.967,
				1,
				2,
				1,
				1,
				2.433,
				1,
				2.867,
				1,
				3.3,
				1,
				1,
				3.333,
				1,
				3.367,
				0.6,
				3.4,
				0.6,
				1,
				3.433,
				0.6,
				3.467,
				1,
				3.5,
				1,
				1,
				3.533,
				1,
				3.567,
				1,
				3.6,
				1,
				1,
				3.633,
				1,
				3.667,
				0.3,
				3.7,
				0.3,
				1,
				3.744,
				0.3,
				3.789,
				1,
				3.833,
				1,
				1,
				4.156,
				1,
				4.478,
				1,
				4.8,
				1,
				1,
				4.833,
				1,
				4.867,
				0.4,
				4.9,
				0.4,
				1,
				4.933,
				0.4,
				4.967,
				1,
				5,
				1,
				1,
				5.033,
				1,
				5.067,
				1,
				5.1,
				1,
				1,
				5.133,
				1,
				5.167,
				0.6,
				5.2,
				0.6,
				1,
				5.244,
				0.6,
				5.289,
				1,
				5.333,
				1
			]
		},
		{
			"Target": "Parameter",
			"Id": "ParamEff7",
			"Segments": [
				0,
				1,
				1,
				0.244,
				1,
				0.489,
				1,
				0.733,
				1,
				1,
				0.767,
				1,
				0.8,
				0.7,
				0.833,
				0.7,
				1,
				0.867,
				0.7,
				0.9,
				1,
				0.933,
				1,
				1,
				1.622,
				1,
				2.311,
				1,
				3,
				1,
				1,
				3.033,
				1,
				3.067,
				0.7,
				3.1,
				0.7,
				1,
				3.133,
				0.7,
				3.167,
				1,
				3.2,
				1,
				1,
				3.233,
				1,
				3.267,
				0.7,
				3.3,
				0.7,
				1,
				3.333,
				0.7,
				3.367,
				1,
				3.4,
				1,
				1,
				3.789,
				1,
				4.178,
				1,
				4.567,
				1,
				1,
				4.6,
				1,
				4.633,
				0.7,
				4.667,
				0.7,
				1,
				4.7,
				0.7,
				4.733,
				1,
				4.767,
				1,
				1,
				4.956,
				1,
				5.144,
				1,
				5.333,
				1
			]
		},
		{
			"Target": "Parameter",
			"Id": "ParamEff8",
			"Segments": [
				0,
				1,
				1,
				0.111,
				1,
				0.222,
				1,
				0.333,
				1,
				1,
				0.367,
				1,
				0.4,
				0.7,
				0.433,
				0.7,
				1,
				0.467,
				0.7,
				0.5,
				1,
				0.533,
				1,
				1,
				0.911,
				1,
				1.289,
				1,
				1.667,
				1,
				1,
				1.7,
				1,
				1.733,
				0.7,
				1.767,
				0.7,
				1,
				1.8,
				0.7,
				1.833,
				1,
				1.867,
				1,
				1,
				1.911,
				1,
				1.956,
				1,
				2,
				1,
				1,
				2.033,
				1,
				2.067,
				0.4,
				2.1,
				0.4,
				1,
				2.133,
				0.4,
				2.167,
				1,
				2.2,
				1,
				1,
				2.611,
				1,
				3.022,
				1,
				3.433,
				1,
				1,
				3.467,
				1,
				3.5,
				0.7,
				3.533,
				0.7,
				1,
				3.567,
				0.7,
				3.6,
				1,
				3.633,
				1,
				1,
				4.2,
				1,
				4.767,
				1,
				5.333,
				1
			]
		},
		{
			"Target": "Parameter",
			"Id": "ParamEff9",
			"Segments": [
				0,
				1,
				1,
				0.344,
				1,
				0.689,
				1,
				1.033,
				1,
				1,
				1.067,
				1,
				1.1,
				0.6,
				1.133,
				0.6,
				1,
				1.2,
				0.6,
				1.267,
				1,
				1.333,
				1,
				1,
				1.367,
				1,
				1.4,
				0.6,
				1.433,
				0.6,
				1,
				1.467,
				0.6,
				1.5,
				1,
				1.533,
				1,
				1,
				1.9,
				1,
				2.267,
				1,
				2.633,
				1,
				1,
				2.667,
				1,
				2.7,
				0.6,
				2.733,
				0.6,
				1,
				2.767,
				0.6,
				2.8,
				1,
				2.833,
				1,
				1,
				3.133,
				1,
				3.433,
				1,
				3.733,
				1,
				1,
				3.767,
				1,
				3.8,
				0.6,
				3.833,
				0.6,
				1,
				3.867,
				0.6,
				3.9,
				1,
				3.933,
				1,
				1,
				4.4,
				1,
				4.867,
				1,
				5.333,
				1
			]
		},
		{
			"Target": "Parameter",
			"Id": "ParamEff10",
			"Segments": [
				0,
				1,
				1,
				0.067,
				1,
				0.133,
				1,
				0.2,
				1,
				1,
				0.233,
				1,
				0.267,
				0.6,
				0.3,
				0.6,
				1,
				0.333,
				0.6,
				0.367,
				1,
				0.4,
				1,
				1,
				0.911,
				1,
				1.422,
				1,
				1.933,
				1,
				1,
				1.967,
				1,
				2,
				0.6,
				2.033,
				0.6,
				1,
				2.067,
				0.6,
				2.1,
				1,
				2.133,
				1,
				1,
				2.856,
				1,
				3.578,
				1,
				4.3,
				1,
				1,
				4.333,
				1,
				4.367,
				0.6,
				4.4,
				0.6,
				1,
				4.433,
				0.6,
				4.467,
				1,
				4.5,
				1,
				1,
				4.711,
				1,
				4.922,
				1,
				5.133,
				1,
				1,
				5.167,
				1,
				5.2,
				0.6,
				5.233,
				0.6,
				1,
				5.267,
				0.6,
				5.3,
				1,
				5.333,
				1
			]
		},
		{
			"Target": "Parameter",
			"Id": "ParamEff11",
			"Segments": [
				0,
				1,
				1,
				0.367,
				1,
				0.733,
				1,
				1.1,
				1,
				1,
				1.133,
				1,
				1.167,
				0.6,
				1.2,
				0.6,
				1,
				1.233,
				0.6,
				1.267,
				1,
				1.3,
				1,
				1,
				1.889,
				1,
				2.478,
				1,
				3.067,
				1,
				1,
				3.1,
				1,
				3.133,
				0.6,
				3.167,
				0.6,
				1,
				3.2,
				0.6,
				3.233,
				1,
				3.267,
				1,
				1,
				3.778,
				1,
				4.289,
				1,
				4.8,
				1,
				1,
				4.833,
				1,
				4.867,
				0.6,
				4.9,
				0.6,
				1,
				4.933,
				0.6,
				4.967,
				1,
				5,
				1,
				1,
				5.111,
				1,
				5.222,
				1,
				5.333,
				1
			]
		},
		{
			"Target": "Parameter",
			"Id": "ParamEff12",
			"Segments": [
				0,
				1,
				1,
				0.2,
				1,
				0.4,
				1,
				0.6,
				1,
				1,
				0.633,
				1,
				0.667,
				0.6,
				0.7,
				0.6,
				1,
				0.733,
				0.6,
				0.767,
				1,
				0.8,
				1,
				1,
				0.844,
				1,
				0.889,
				1,
				0.933,
				1,
				1,
				0.967,
				1,
				1,
				0.6,
				1.033,
				0.6,
				1,
				1.067,
				0.6,
				1.1,
				1,
				1.133,
				1,
				1,
				1.478,
				1,
				1.822,
				1,
				2.167,
				1,
				1,
				2.2,
				1,
				2.233,
				0.6,
				2.267,
				0.6,
				1,
				2.3,
				0.6,
				2.333,
				1,
				2.367,
				1,
				1,
				2.489,
				1,
				2.611,
				1,
				2.733,
				1,
				1,
				2.767,
				1,
				2.8,
				0.6,
				2.833,
				0.6,
				1,
				2.867,
				0.6,
				2.9,
				1,
				2.933,
				1,
				1,
				2.967,
				1,
				3,
				0.6,
				3.033,
				0.6,
				1,
				3.067,
				0.6,
				3.1,
				1,
				3.133,
				1,
				1,
				3.467,
				1,
				3.8,
				1,
				4.133,
				1,
				1,
				4.167,
				1,
				4.2,
				0.6,
				4.233,
				0.6,
				1,
				4.267,
				0.6,
				4.3,
				1,
				4.333,
				1,
				1,
				4.667,
				1,
				5,
				1,
				5.333,
				1
			]
		},
		{
			"Target": "Parameter",
			"Id": "ParamEyeRL",
			"Segments": [
				0,
				0,
				1,
				0.022,
				0,
				0.044,
				4,
				0.067,
				4,
				1,
				0.1,
				4,
				0.133,
				-6,
				0.167,
				-6,
				1,
				0.2,
				-6,
				0.233,
				10,
				0.267,
				10,
				1,
				0.289,
				10,
				0.311,
				2.336,
				0.333,
				-1,
				1,
				0.378,
				-7.672,
				0.422,
				-9,
				0.467,
				-9,
				1,
				0.5,
				-9,
				0.533,
				6,
				0.567,
				6,
				1,
				0.6,
				6,
				0.633,
				-5,
				0.667,
				-5,
				1,
				0.7,
				-5,
				0.733,
				4,
				0.767,
				4,
				1,
				0.8,
				4,
				0.833,
				4,
				0.867,
				4,
				1,
				0.9,
				4,
				0.933,
				-9,
				0.967,
				-9,
				1,
				1,
				-9,
				1.033,
				8,
				1.067,
				8,
				1,
				1.1,
				8,
				1.133,
				-5,
				1.167,
				-5,
				1,
				1.2,
				-5,
				1.233,
				-0.474,
				1.267,
				5,
				1,
				1.3,
				10.474,
				1.333,
				12,
				1.367,
				12,
				1,
				1.4,
				12,
				1.433,
				10.969,
				1.467,
				6,
				1,
				1.5,
				1.031,
				1.533,
				-4,
				1.567,
				-4,
				1,
				1.6,
				-4,
				1.633,
				4,
				1.667,
				4,
				1,
				1.7,
				4,
				1.733,
				-4,
				1.767,
				-4,
				1,
				1.8,
				-4,
				1.833,
				4,
				1.867,
				4,
				1,
				1.9,
				4,
				1.933,
				0,
				1.967,
				0,
				1,
				1.989,
				0,
				2.011,
				4,
				2.033,
				4,
				1,
				2.067,
				4,
				2.1,
				-6,
				2.133,
				-6,
				1,
				2.167,
				-6,
				2.2,
				10,
				2.233,
				10,
				1,
				2.256,
				10,
				2.278,
				2.336,
				2.3,
				-1,
				1,
				2.344,
				-7.672,
				2.389,
				-9,
				2.433,
				-9,
				1,
				2.467,
				-9,
				2.5,
				6,
				2.533,
				6,
				1,
				2.567,
				6,
				2.6,
				-5,
				2.633,
				-5,
				1,
				2.667,
				-5,
				2.7,
				4,
				2.733,
				4,
				1,
				2.767,
				4,
				2.8,
				4,
				2.833,
				4,
				1,
				2.867,
				4,
				2.9,
				-9,
				2.933,
				-9,
				1,
				2.967,
				-9,
				3,
				8,
				3.033,
				8,
				1,
				3.067,
				8,
				3.1,
				-5,
				3.133,
				-5,
				1,
				3.167,
				-5,
				3.2,
				-0.474,
				3.233,
				5,
				1,
				3.267,
				10.474,
				3.3,
				12,
				3.333,
				12,
				1,
				3.367,
				12,
				3.4,
				10.969,
				3.433,
				6,
				1,
				3.467,
				1.031,
				3.5,
				-4,
				3.533,
				-4,
				1,
				3.567,
				-4,
				3.6,
				4,
				3.633,
				4,
				1,
				3.667,
				4,
				3.7,
				-4,
				3.733,
				-4,
				1,
				3.767,
				-4,
				3.8,
				4,
				3.833,
				4,
				1,
				3.856,
				4,
				3.878,
				0,
				3.9,
				0,
				1,
				3.922,
				0,
				3.944,
				4,
				3.967,
				4,
				1,
				4,
				4,
				4.033,
				-6,
				4.067,
				-6,
				1,
				4.1,
				-6,
				4.133,
				10,
				4.167,
				10,
				1,
				4.189,
				10,
				4.211,
				2.336,
				4.233,
				-1,
				1,
				4.278,
				-7.672,
				4.322,
				-9,
				4.367,
				-9,
				1,
				4.4,
				-9,
				4.433,
				6,
				4.467,
				6,
				1,
				4.5,
				6,
				4.533,
				-5,
				4.567,
				-5,
				1,
				4.6,
				-5,
				4.633,
				4,
				4.667,
				4,
				1,
				4.7,
				4,
				4.733,
				4,
				4.767,
				4,
				1,
				4.8,
				4,
				4.833,
				-9,
				4.867,
				-9,
				1,
				4.9,
				-9,
				4.933,
				8,
				4.967,
				8,
				1,
				5,
				8,
				5.033,
				-5,
				5.067,
				-5,
				1,
				5.1,
				-5,
				5.133,
				-0.474,
				5.167,
				5,
				1,
				5.2,
				10.474,
				5.233,
				12,
				5.267,
				12,
				1,
				5.289,
				12,
				5.311,
				0,
				5.333,
				0
			]
		},
		{
			"Target": "Parameter",
			"Id": "ParamEyeUD",
			"Segments": [
				0,
				0,
				1,
				0.022,
				0,
				0.044,
				-18,
				0.067,
				-18,
				1,
				0.1,
				-18,
				0.133,
				11,
				0.167,
				11,
				1,
				0.2,
				11,
				0.233,
				6,
				0.267,
				6,
				1,
				0.289,
				6,
				0.311,
				8,
				0.333,
				8,
				1,
				0.378,
				8,
				0.422,
				-12,
				0.467,
				-12,
				1,
				0.5,
				-12,
				0.533,
				-6.678,
				0.567,
				-1,
				1,
				0.6,
				4.678,
				0.633,
				6,
				0.667,
				6,
				1,
				0.7,
				6,
				0.733,
				-15,
				0.767,
				-15,
				1,
				0.8,
				-15,
				0.833,
				8,
				0.867,
				8,
				1,
				0.9,
				8,
				0.933,
				-11,
				0.967,
				-11,
				1,
				1,
				-11,
				1.033,
				2.802,
				1.067,
				6,
				1,
				1.1,
				9.198,
				1.133,
				9,
				1.167,
				9,
				1,
				1.2,
				9,
				1.233,
				-16,
				1.267,
				-16,
				1,
				1.3,
				-16,
				1.333,
				5,
				1.367,
				5,
				1,
				1.4,
				5,
				1.433,
				-19,
				1.467,
				-19,
				1,
				1.5,
				-19,
				1.533,
				2,
				1.567,
				2,
				1,
				1.6,
				2,
				1.633,
				1.361,
				1.667,
				-2,
				1,
				1.7,
				-5.361,
				1.733,
				-9,
				1.767,
				-9,
				1,
				1.8,
				-9,
				1.833,
				6,
				1.867,
				6,
				1,
				1.9,
				6,
				1.933,
				5.65,
				1.967,
				0,
				1,
				1.989,
				-3.767,
				2.011,
				-18,
				2.033,
				-18,
				1,
				2.067,
				-18,
				2.1,
				11,
				2.133,
				11,
				1,
				2.167,
				11,
				2.2,
				6,
				2.233,
				6,
				1,
				2.256,
				6,
				2.278,
				8,
				2.3,
				8,
				1,
				2.344,
				8,
				2.389,
				-12,
				2.433,
				-12,
				1,
				2.467,
				-12,
				2.5,
				-6.678,
				2.533,
				-1,
				1,
				2.567,
				4.678,
				2.6,
				6,
				2.633,
				6,
				1,
				2.667,
				6,
				2.7,
				-15,
				2.733,
				-15,
				1,
				2.767,
				-15,
				2.8,
				8,
				2.833,
				8,
				1,
				2.867,
				8,
				2.9,
				-11,
				2.933,
				-11,
				1,
				2.967,
				-11,
				3,
				2.802,
				3.033,
				6,
				1,
				3.067,
				9.198,
				3.1,
				9,
				3.133,
				9,
				1,
				3.167,
				9,
				3.2,
				-16,
				3.233,
				-16,
				1,
				3.267,
				-16,
				3.3,
				5,
				3.333,
				5,
				1,
				3.367,
				5,
				3.4,
				-19,
				3.433,
				-19,
				1,
				3.467,
				-19,
				3.5,
				2,
				3.533,
				2,
				1,
				3.567,
				2,
				3.6,
				1.361,
				3.633,
				-2,
				1,
				3.667,
				-5.361,
				3.7,
				-9,
				3.733,
				-9,
				1,
				3.767,
				-9,
				3.8,
				6,
				3.833,
				6,
				1,
				3.856,
				6,
				3.878,
				5.907,
				3.9,
				0,
				1,
				3.922,
				-5.907,
				3.944,
				-18,
				3.967,
				-18,
				1,
				4,
				-18,
				4.033,
				11,
				4.067,
				11,
				1,
				4.1,
				11,
				4.133,
				6,
				4.167,
				6,
				1,
				4.189,
				6,
				4.211,
				8,
				4.233,
				8,
				1,
				4.278,
				8,
				4.322,
				-12,
				4.367,
				-12,
				1,
				4.4,
				-12,
				4.433,
				-6.678,
				4.467,
				-1,
				1,
				4.5,
				4.678,
				4.533,
				6,
				4.567,
				6,
				1,
				4.6,
				6,
				4.633,
				-15,
				4.667,
				-15,
				1,
				4.7,
				-15,
				4.733,
				8,
				4.767,
				8,
				1,
				4.8,
				8,
				4.833,
				-11,
				4.867,
				-11,
				1,
				4.9,
				-11,
				4.933,
				2.802,
				4.967,
				6,
				1,
				5,
				9.198,
				5.033,
				9,
				5.067,
				9,
				1,
				5.1,
				9,
				5.133,
				-16,
				5.167,
				-16,
				1,
				5.2,
				-16,
				5.233,
				5,
				5.267,
				5,
				1,
				5.289,
				5,
				5.311,
				0,
				5.333,
				0
			]
		},
		{
			"Target": "Parameter",
			"Id": "ParamEyeBS",
			"Segments": [
				0,
				0,
				1,
				0.022,
				0,
				0.044,
				-11,
				0.067,
				-11,
				1,
				0.1,
				-11,
				0.133,
				9,
				0.167,
				9,
				1,
				0.2,
				9,
				0.233,
				-5,
				0.267,
				-5,
				1,
				0.289,
				-5,
				0.311,
				6,
				0.333,
				6,
				1,
				0.378,
				6,
				0.422,
				-4,
				0.467,
				-4,
				1,
				0.5,
				-4,
				0.533,
				12,
				0.567,
				12,
				1,
				0.6,
				12,
				0.633,
				-11,
				0.667,
				-11,
				1,
				0.7,
				-11,
				0.733,
				4,
				0.767,
				4,
				1,
				0.811,
				4,
				0.856,
				-14,
				0.9,
				-14,
				1,
				0.922,
				-14,
				0.944,
				8,
				0.967,
				8,
				1,
				1,
				8,
				1.033,
				-2,
				1.067,
				-2,
				1,
				1.1,
				-2,
				1.133,
				4,
				1.167,
				4,
				1,
				1.2,
				4,
				1.233,
				-3,
				1.267,
				-3,
				1,
				1.3,
				-3,
				1.333,
				3,
				1.367,
				3,
				1,
				1.4,
				3,
				1.433,
				-4,
				1.467,
				-4,
				1,
				1.511,
				-4,
				1.556,
				17,
				1.6,
				17,
				1,
				1.633,
				17,
				1.667,
				-12,
				1.7,
				-12,
				1,
				1.733,
				-12,
				1.767,
				8,
				1.8,
				8,
				1,
				1.822,
				8,
				1.844,
				-2,
				1.867,
				-2,
				1,
				1.9,
				-2,
				1.933,
				14,
				1.967,
				14,
				1,
				1.989,
				14,
				2.011,
				8.208,
				2.033,
				0,
				1,
				2.056,
				-8.208,
				2.078,
				-11,
				2.1,
				-11,
				1,
				2.133,
				-11,
				2.167,
				9,
				2.2,
				9,
				1,
				2.233,
				9,
				2.267,
				-5,
				2.3,
				-5,
				1,
				2.322,
				-5,
				2.344,
				6,
				2.367,
				6,
				1,
				2.411,
				6,
				2.456,
				-4,
				2.5,
				-4,
				1,
				2.533,
				-4,
				2.567,
				12,
				2.6,
				12,
				1,
				2.633,
				12,
				2.667,
				-11,
				2.7,
				-11,
				1,
				2.733,
				-11,
				2.767,
				4,
				2.8,
				4,
				1,
				2.844,
				4,
				2.889,
				-14,
				2.933,
				-14,
				1,
				2.956,
				-14,
				2.978,
				8,
				3,
				8,
				1,
				3.033,
				8,
				3.067,
				-2,
				3.1,
				-2,
				1,
				3.133,
				-2,
				3.167,
				4,
				3.2,
				4,
				1,
				3.233,
				4,
				3.267,
				-3,
				3.3,
				-3,
				1,
				3.333,
				-3,
				3.367,
				3,
				3.4,
				3,
				1,
				3.433,
				3,
				3.467,
				-4,
				3.5,
				-4,
				1,
				3.533,
				-4,
				3.567,
				0,
				3.6,
				0,
				1,
				3.622,
				0,
				3.644,
				-11,
				3.667,
				-11,
				1,
				3.7,
				-11,
				3.733,
				9,
				3.767,
				9,
				1,
				3.8,
				9,
				3.833,
				-5,
				3.867,
				-5,
				1,
				3.889,
				-5,
				3.911,
				6,
				3.933,
				6,
				1,
				3.978,
				6,
				4.022,
				-4,
				4.067,
				-4,
				1,
				4.1,
				-4,
				4.133,
				12,
				4.167,
				12,
				1,
				4.2,
				12,
				4.233,
				-11,
				4.267,
				-11,
				1,
				4.3,
				-11,
				4.333,
				4,
				4.367,
				4,
				1,
				4.411,
				4,
				4.456,
				-14,
				4.5,
				-14,
				1,
				4.522,
				-14,
				4.544,
				8,
				4.567,
				8,
				1,
				4.6,
				8,
				4.633,
				-2,
				4.667,
				-2,
				1,
				4.7,
				-2,
				4.733,
				4,
				4.767,
				4,
				1,
				4.8,
				4,
				4.833,
				-3,
				4.867,
				-3,
				1,
				4.9,
				-3,
				4.933,
				3,
				4.967,
				3,
				1,
				5,
				3,
				5.033,
				-4,
				5.067,
				-4,
				1,
				5.111,
				-4,
				5.156,
				17,
				5.2,
				17,
				1,
				5.233,
				17,
				5.267,
				13.015,
				5.3,
				0,
				1,
				5.311,
				-4.338,
				5.322,
				-12,
				5.333,
				-12
			]
		}
	]
}