{
	"Version": 3,
	"Meta": {
		"Duration": 5.333,
		"Fps": 30.0,
		"Loop": true,
		"AreBeziersRestricted": false,
		"CurveCount": 127,
		"TotalSegmentCount": 722,
		"TotalPointCount": 2289,
		"UserDataCount": 0,
		"TotalUserDataSize": 0
	},
	"Curves": [
		{
			"Target": "Parameter",
			"Id": "ParamPachi",
			"Segments": [
				0,
				1,
				0,
				1.467,
				1,
				1,
				1.511,
				1,
				1.556,
				0,
				1.6,
				0,
				1,
				1.633,
				0,
				1.667,
				0,
				1.7,
				0,
				1,
				1.744,
				0,
				1.789,
				1,
				1.833,
				1,
				0,
				5.333,
				1
			]
		},
		{
			"Target": "Parameter",
			"Id": "ParamLegL1",
			"Segments": [
				0,
				0,
				1,
				0.011,
				0,
				0.022,
				0.276,
				0.033,
				0.371,
				1,
				0.4,
				3.513,
				0.767,
				5,
				1.133,
				5,
				1,
				1.578,
				5,
				2.022,
				2.962,
				2.467,
				0,
				1,
				2.911,
				-2.962,
				3.356,
				-4,
				3.8,
				-4,
				1,
				4.3,
				-4,
				4.8,
				-2.853,
				5.3,
				-0.433,
				1,
				5.311,
				-0.379,
				5.322,
				0,
				5.333,
				0
			]
		},
		{
			"Target": "Parameter",
			"Id": "ParamLegL2",
			"Segments": [
				0,
				0,
				1,
				0.011,
				0,
				0.022,
				0.273,
				0.033,
				0.373,
				1,
				0.456,
				4.181,
				0.878,
				6,
				1.3,
				6,
				1,
				1.744,
				6,
				2.189,
				4,
				2.633,
				0,
				1,
				3.078,
				-4,
				3.522,
				-6,
				3.967,
				-6,
				1,
				4.411,
				-6,
				4.856,
				-4.181,
				5.3,
				-0.375,
				1,
				5.311,
				-0.28,
				5.322,
				0,
				5.333,
				0
			]
		},
		{
			"Target": "Parameter",
			"Id": "ParamLegR1",
			"Segments": [
				0,
				0,
				1,
				0.011,
				0,
				0.022,
				0.306,
				0.033,
				0.371,
				1,
				0.456,
				2.836,
				0.878,
				4,
				1.3,
				4,
				1,
				1.744,
				4,
				2.189,
				2.667,
				2.633,
				0,
				1,
				3.078,
				-2.667,
				3.522,
				-4,
				3.967,
				-4,
				1,
				4.411,
				-4,
				4.856,
				-2.835,
				5.3,
				-0.373,
				1,
				5.311,
				-0.311,
				5.322,
				0,
				5.333,
				0
			]
		},
		{
			"Target": "Parameter",
			"Id": "ParamLegR2",
			"Segments": [
				0,
				0,
				1,
				0.011,
				0,
				0.022,
				0.438,
				0.033,
				0.493,
				1,
				0.511,
				2.875,
				0.989,
				4,
				1.467,
				4,
				1,
				1.911,
				4,
				2.356,
				3.198,
				2.8,
				0,
				1,
				3.244,
				-3.198,
				3.689,
				-6,
				4.133,
				-6,
				1,
				4.522,
				-6,
				4.911,
				-4.183,
				5.3,
				-0.375,
				1,
				5.311,
				-0.266,
				5.322,
				0,
				5.333,
				0
			]
		},
		{
			"Target": "Parameter",
			"Id": "ParamPaiRY",
			"Segments": [
				0,
				0,
				1,
				0.389,
				0,
				0.778,
				-3,
				1.167,
				-3,
				1,
				1.533,
				-3,
				1.9,
				-0.999,
				2.267,
				0,
				1,
				2.633,
				0.999,
				3,
				1,
				3.367,
				1,
				1,
				4.022,
				1,
				4.678,
				0,
				5.333,
				0
			]
		},
		{
			"Target": "Parameter",
			"Id": "ParamPaiRX",
			"Segments": [
				0,
				0,
				1,
				0.389,
				0,
				0.778,
				6,
				1.167,
				6,
				1,
				1.533,
				6,
				1.9,
				-4.38,
				2.267,
				-4.38,
				1,
				2.633,
				-4.38,
				3,
				-3.285,
				3.367,
				0.34,
				1,
				3.622,
				2.867,
				3.878,
				5.206,
				4.133,
				5.206,
				1,
				4.533,
				5.206,
				4.933,
				0,
				5.333,
				0
			]
		},
		{
			"Target": "Parameter",
			"Id": "ParamPaiRY2",
			"Segments": [
				0,
				0,
				1,
				0.011,
				0,
				0.022,
				-0.124,
				0.033,
				-0.19,
				1,
				0.356,
				-2.094,
				0.678,
				-3,
				1,
				-3,
				1,
				1.733,
				-3,
				2.467,
				1,
				3.2,
				1,
				1,
				3.9,
				1,
				4.6,
				0.694,
				5.3,
				0.061,
				1,
				5.311,
				0.051,
				5.322,
				0,
				5.333,
				0
			]
		},
		{
			"Target": "Parameter",
			"Id": "ParamPaiRX2",
			"Segments": [
				0,
				0,
				1,
				0.333,
				0,
				0.667,
				0,
				1,
				0,
				1,
				1.733,
				0,
				2.467,
				-2.2,
				3.2,
				-2.2,
				1,
				3.911,
				-2.2,
				4.622,
				0,
				5.333,
				0
			]
		},
		{
			"Target": "Parameter",
			"Id": "ParamPaiLY",
			"Segments": [
				0,
				0,
				1,
				0.011,
				0,
				0.022,
				0.089,
				0.033,
				0.126,
				1,
				0.411,
				1.396,
				0.789,
				2,
				1.167,
				2,
				1,
				1.567,
				2,
				1.967,
				-11.5,
				2.367,
				-11.5,
				1,
				3.344,
				-11.5,
				4.322,
				-7.84,
				5.3,
				-0.361,
				1,
				5.311,
				-0.276,
				5.322,
				0,
				5.333,
				0
			]
		},
		{
			"Target": "Parameter",
			"Id": "ParamPaiLX",
			"Segments": [
				0,
				0,
				1,
				0.011,
				0,
				0.022,
				0.086,
				0.033,
				0.196,
				1,
				0.444,
				4.27,
				0.856,
				6.281,
				1.267,
				6.281,
				1,
				1.633,
				6.281,
				2,
				5.812,
				2.367,
				2.1,
				1,
				2.7,
				-1.275,
				3.033,
				-6,
				3.367,
				-6,
				1,
				4.011,
				-6,
				4.656,
				-4.053,
				5.3,
				-0.124,
				1,
				5.311,
				-0.056,
				5.322,
				0,
				5.333,
				0
			]
		},
		{
			"Target": "Parameter",
			"Id": "ParamPaiLY2",
			"Segments": [
				0,
				0,
				1,
				0.011,
				0,
				0.022,
				0.041,
				0.033,
				0.063,
				1,
				0.356,
				0.698,
				0.678,
				1,
				1,
				1,
				1,
				1.733,
				1,
				2.467,
				0,
				3.2,
				0,
				1,
				3.911,
				0,
				4.622,
				0,
				5.333,
				0
			]
		},
		{
			"Target": "Parameter",
			"Id": "ParamPaiLX2",
			"Segments": [
				0,
				0,
				1,
				0.011,
				0,
				0.022,
				0.022,
				0.033,
				0.066,
				1,
				0.356,
				1.355,
				0.678,
				2,
				1,
				2,
				1,
				1.733,
				2,
				2.467,
				-4,
				3.2,
				-4,
				1,
				3.9,
				-4,
				4.6,
				-2.754,
				5.3,
				-0.183,
				1,
				5.311,
				-0.142,
				5.322,
				0,
				5.333,
				0
			]
		},
		{
			"Target": "Parameter",
			"Id": "ParamBreat",
			"Segments": [
				0,
				0.5,
				1,
				0.011,
				0.5,
				0.022,
				0.506,
				0.033,
				0.515,
				1,
				0.433,
				0.839,
				0.833,
				1,
				1.233,
				1,
				1,
				1.678,
				1,
				2.122,
				0.833,
				2.567,
				0.5,
				1,
				3.011,
				0.167,
				3.456,
				0,
				3.9,
				0,
				1,
				4.367,
				0,
				4.833,
				0.157,
				5.3,
				0.48,
				1,
				5.311,
				0.488,
				5.322,
				0.5,
				5.333,
				0.5
			]
		},
		{
			"Target": "Parameter",
			"Id": "ParamAngleZ",
			"Segments": [
				0,
				0,
				1,
				0.011,
				0,
				0.022,
				-0.019,
				0.033,
				-0.067,
				1,
				0.489,
				-2.019,
				0.944,
				-3,
				1.4,
				-3,
				1,
				1.844,
				-3,
				2.289,
				-1.6,
				2.733,
				0,
				1,
				3.178,
				1.6,
				3.622,
				2,
				4.067,
				2,
				1,
				4.478,
				2,
				4.889,
				1.396,
				5.3,
				0.127,
				1,
				5.311,
				0.093,
				5.322,
				0,
				5.333,
				0
			]
		},
		{
			"Target": "Parameter",
			"Id": "ParamBodyAngleY",
			"Segments": [
				0,
				0,
				1,
				0.011,
				0,
				0.022,
				-0.09,
				0.033,
				-0.124,
				1,
				0.444,
				-1.394,
				0.856,
				-2,
				1.267,
				-2,
				1,
				1.711,
				-2,
				2.156,
				-1.333,
				2.6,
				0,
				1,
				3.044,
				1.333,
				3.489,
				2,
				3.933,
				2,
				1,
				4.389,
				2,
				4.844,
				1.375,
				5.3,
				0.084,
				1,
				5.311,
				0.053,
				5.322,
				0,
				5.333,
				0
			]
		},
		{
			"Target": "Parameter",
			"Id": "ParamArmR2",
			"Segments": [
				0,
				0,
				1,
				0.011,
				0,
				0.022,
				0.127,
				0.033,
				0.185,
				1,
				0.4,
				2.092,
				0.767,
				3,
				1.133,
				3,
				1,
				1.544,
				3,
				1.956,
				2.579,
				2.367,
				0,
				1,
				2.844,
				-2.997,
				3.322,
				-6,
				3.8,
				-6,
				1,
				4.3,
				-6,
				4.8,
				-4.124,
				5.3,
				-0.251,
				1,
				5.311,
				-0.165,
				5.322,
				0,
				5.333,
				0
			]
		},
		{
			"Target": "Parameter",
			"Id": "ParamArmR",
			"Segments": [
				0,
				0,
				1,
				0.011,
				0,
				0.022,
				0.053,
				0.033,
				0.127,
				1,
				0.422,
				2.718,
				0.811,
				4,
				1.2,
				4,
				1,
				1.611,
				4,
				2.022,
				3.033,
				2.433,
				0,
				1,
				2.911,
				-3.525,
				3.389,
				-6,
				3.867,
				-6,
				1,
				4.344,
				-6,
				4.822,
				-4.153,
				5.3,
				-0.311,
				1,
				5.311,
				-0.222,
				5.322,
				0,
				5.333,
				0
			]
		},
		{
			"Target": "Parameter",
			"Id": "ParamHandR",
			"Segments": [
				0,
				0,
				1,
				0.011,
				0,
				0.022,
				0.162,
				0.033,
				0.249,
				1,
				0.444,
				3.456,
				0.856,
				5,
				1.267,
				5,
				1,
				1.678,
				5,
				2.089,
				3.391,
				2.5,
				0,
				1,
				2.978,
				-3.941,
				3.456,
				-6,
				3.933,
				-6,
				1,
				4.389,
				-6,
				4.844,
				-4.153,
				5.3,
				-0.311,
				1,
				5.311,
				-0.217,
				5.322,
				0,
				5.333,
				0
			]
		},
		{
			"Target": "Parameter",
			"Id": "ParamHnadRU",
			"Segments": [
				0,
				0,
				1,
				0.011,
				0,
				0.022,
				0.232,
				0.033,
				0.309,
				1,
				0.489,
				3.483,
				0.944,
				5,
				1.4,
				5,
				1,
				1.811,
				5,
				2.222,
				3.391,
				2.633,
				0,
				1,
				3.111,
				-3.941,
				3.589,
				-6,
				4.067,
				-6,
				1,
				4.478,
				-6,
				4.889,
				-4.122,
				5.3,
				-0.251,
				1,
				5.311,
				-0.146,
				5.322,
				0,
				5.333,
				0
			]
		},
		{
			"Target": "Parameter",
			"Id": "ParamYubi1",
			"Segments": [
				0,
				0,
				1,
				0.011,
				0,
				0.022,
				0.087,
				0.033,
				0.193,
				1,
				0.511,
				4.75,
				0.989,
				7,
				1.467,
				7,
				1,
				1.878,
				7,
				2.289,
				3.915,
				2.7,
				0,
				1,
				3.178,
				-4.55,
				3.656,
				-6,
				4.133,
				-6,
				1,
				4.522,
				-6,
				4.911,
				-4.207,
				5.3,
				-0.431,
				1,
				5.311,
				-0.323,
				5.322,
				0,
				5.333,
				0
			]
		},
		{
			"Target": "Parameter",
			"Id": "ParamYubi2",
			"Segments": [
				0,
				0,
				1,
				0.011,
				0,
				0.022,
				0.152,
				0.033,
				0.253,
				1,
				0.533,
				4.79,
				1.033,
				7,
				1.533,
				7,
				1,
				1.944,
				7,
				2.356,
				3.915,
				2.767,
				0,
				1,
				3.244,
				-4.55,
				3.722,
				-6,
				4.2,
				-6,
				1,
				4.567,
				-6,
				4.933,
				-4.153,
				5.3,
				-0.311,
				1,
				5.311,
				-0.195,
				5.322,
				0,
				5.333,
				0
			]
		},
		{
			"Target": "Parameter",
			"Id": "ParamArmL",
			"Segments": [
				0,
				0,
				1,
				0.011,
				0,
				0.022,
				0.115,
				0.033,
				0.255,
				1,
				0.444,
				5.443,
				0.856,
				8,
				1.267,
				8,
				1,
				1.678,
				8,
				2.089,
				4.111,
				2.5,
				0,
				1,
				2.978,
				-4.777,
				3.456,
				-6,
				3.933,
				-6,
				1,
				4.389,
				-6,
				4.844,
				-4.124,
				5.3,
				-0.251,
				1,
				5.311,
				-0.157,
				5.322,
				0,
				5.333,
				0
			]
		},
		{
			"Target": "Parameter",
			"Id": "ParamHandL",
			"Segments": [
				0,
				0,
				1,
				0.011,
				0,
				0.022,
				0.406,
				0.033,
				0.626,
				1,
				0.489,
				9.638,
				0.944,
				14,
				1.4,
				14,
				1,
				1.811,
				14,
				2.222,
				6.951,
				2.633,
				0,
				1,
				3.111,
				-8.078,
				3.589,
				-10,
				4.067,
				-10,
				1,
				4.478,
				-10,
				4.889,
				-6.879,
				5.3,
				-0.438,
				1,
				5.311,
				-0.264,
				5.322,
				0,
				5.333,
				0
			]
		},
		{
			"Target": "Parameter",
			"Id": "ParamHandLU",
			"Segments": [
				0,
				0,
				1,
				0.011,
				0,
				0.022,
				0.305,
				0.033,
				0.436,
				1,
				0.522,
				6.213,
				1.011,
				9,
				1.5,
				9,
				1,
				1.911,
				9,
				2.322,
				6.163,
				2.733,
				0,
				1,
				3.211,
				-7.162,
				3.689,
				-11,
				4.167,
				-11,
				1,
				4.544,
				-11,
				4.922,
				-7.538,
				5.3,
				-0.44,
				1,
				5.311,
				-0.231,
				5.322,
				0,
				5.333,
				0
			]
		},
		{
			"Target": "Parameter",
			"Id": "ParamItiX",
			"Segments": [
				0,
				0,
				1,
				0.011,
				0,
				0.022,
				-0.105,
				0.033,
				-0.122,
				1,
				0.433,
				-0.72,
				0.833,
				-1,
				1.233,
				-1,
				1,
				1.678,
				-1,
				2.122,
				-0.667,
				2.567,
				0,
				1,
				3.011,
				0.667,
				3.456,
				1,
				3.9,
				1,
				1,
				4.367,
				1,
				4.833,
				0.697,
				5.3,
				0.062,
				1,
				5.311,
				0.047,
				5.322,
				0,
				5.333,
				0
			]
		},
		{
			"Target": "Parameter",
			"Id": "ParamItiY",
			"Segments": [
				0,
				0,
				1,
				0.011,
				0,
				0.022,
				0.138,
				0.033,
				0.191,
				1,
				0.433,
				2.094,
				0.833,
				3,
				1.233,
				3,
				1,
				1.678,
				3,
				2.122,
				0.999,
				2.567,
				0,
				1,
				3.011,
				-0.999,
				3.456,
				-1,
				3.9,
				-1,
				1,
				4.367,
				-1,
				4.833,
				-0.698,
				5.3,
				-0.064,
				1,
				5.311,
				-0.049,
				5.322,
				0,
				5.333,
				0
			]
		},
		{
			"Target": "Parameter",
			"Id": "Param_Angle_Rotation2",
			"Segments": [
				0,
				0,
				1,
				0.011,
				0,
				0.022,
				-0.334,
				0.033,
				-0.498,
				1,
				0.467,
				-6.91,
				0.9,
				-10,
				1.333,
				-10,
				1,
				1.778,
				-10,
				2.222,
				-7.268,
				2.667,
				0,
				1,
				3.111,
				7.268,
				3.556,
				12,
				4,
				12,
				1,
				4.433,
				12,
				4.867,
				8.303,
				5.3,
				0.622,
				1,
				5.311,
				0.425,
				5.322,
				0,
				5.333,
				0
			]
		},
		{
			"Target": "Parameter",
			"Id": "Param_Angle_Rotation3",
			"Segments": [
				0,
				4.11,
				1,
				0.011,
				4.11,
				0.022,
				3.699,
				0.033,
				3.394,
				1,
				0.133,
				0.652,
				0.233,
				-1.817,
				0.333,
				-4.531,
				1,
				0.833,
				-18.102,
				1.333,
				-25,
				1.833,
				-25,
				1,
				2.278,
				-25,
				2.722,
				-11.265,
				3.167,
				0,
				1,
				3.611,
				11.265,
				4.056,
				13,
				4.5,
				13,
				1,
				4.778,
				13,
				5.056,
				9.434,
				5.333,
				4.11
			]
		},
		{
			"Target": "Parameter",
			"Id": "Param_Angle_Rotation5",
			"Segments": [
				0,
				0,
				1,
				0.011,
				0,
				0.022,
				0.212,
				0.033,
				0.311,
				1,
				0.467,
				4.153,
				0.9,
				6,
				1.333,
				6,
				1,
				1.778,
				6,
				2.222,
				4.987,
				2.667,
				0,
				1,
				3.111,
				-4.987,
				3.556,
				-10,
				4,
				-10,
				1,
				4.433,
				-10,
				4.867,
				-6.847,
				5.3,
				-0.378,
				1,
				5.311,
				-0.212,
				5.322,
				0,
				5.333,
				0
			]
		},
		{
			"Target": "Parameter",
			"Id": "Param_Angle_Rotation6",
			"Segments": [
				0,
				-5.38,
				1,
				0.011,
				-5.38,
				0.022,
				-5.043,
				0.033,
				-4.871,
				1,
				0.189,
				-2.462,
				0.344,
				-0.188,
				0.5,
				2.123,
				1,
				0.944,
				8.728,
				1.389,
				12,
				1.833,
				12,
				1,
				2.278,
				12,
				2.722,
				9.352,
				3.167,
				0,
				1,
				3.611,
				-9.352,
				4.056,
				-17,
				4.5,
				-17,
				1,
				4.778,
				-17,
				5.056,
				-12.34,
				5.333,
				-5.38
			]
		},
		{
			"Target": "Parameter",
			"Id": "Param_Angle_Rotation8",
			"Segments": [
				0,
				0,
				1,
				0.011,
				0,
				0.022,
				-0.258,
				0.033,
				-0.44,
				1,
				0.467,
				-7.546,
				0.9,
				-11,
				1.333,
				-11,
				1,
				1.778,
				-11,
				2.222,
				-8.203,
				2.667,
				0,
				1,
				3.111,
				8.203,
				3.556,
				14,
				4,
				14,
				1,
				4.433,
				14,
				4.867,
				9.531,
				5.3,
				0.446,
				1,
				5.311,
				0.213,
				5.322,
				0,
				5.333,
				0
			]
		},
		{
			"Target": "Parameter",
			"Id": "Param_Angle_Rotation9",
			"Segments": [
				0,
				4.43,
				1,
				0.011,
				4.43,
				0.022,
				4.343,
				0.033,
				4.121,
				1,
				0.156,
				1.683,
				0.278,
				-0.875,
				0.4,
				-3.243,
				1,
				0.878,
				-12.497,
				1.356,
				-17,
				1.833,
				-17,
				1,
				2.278,
				-17,
				2.722,
				-10.226,
				3.167,
				0,
				1,
				3.611,
				10.226,
				4.056,
				14,
				4.5,
				14,
				1,
				4.778,
				14,
				5.056,
				10.163,
				5.333,
				4.43
			]
		},
		{
			"Target": "Parameter",
			"Id": "Param_Angle_Rotation11",
			"Segments": [
				0,
				4.75,
				1,
				0.011,
				4.75,
				0.022,
				4.662,
				0.033,
				4.49,
				1,
				0.178,
				2.25,
				0.322,
				0.042,
				0.467,
				-2.226,
				1,
				0.922,
				-9.379,
				1.378,
				-13,
				1.833,
				-13,
				1,
				2.278,
				-13,
				2.722,
				-9.281,
				3.167,
				0,
				1,
				3.611,
				9.281,
				4.056,
				15,
				4.5,
				15,
				1,
				4.778,
				15,
				5.056,
				10.893,
				5.333,
				4.75
			]
		},
		{
			"Target": "Parameter",
			"Id": "Param_Angle_Rotation12",
			"Segments": [
				0,
				12.66,
				1,
				0.011,
				12.66,
				0.022,
				12.507,
				0.033,
				12.342,
				1,
				0.356,
				7.567,
				0.678,
				3.213,
				1,
				-1.874,
				1,
				1.444,
				-8.892,
				1.889,
				-13,
				2.333,
				-13,
				1,
				2.778,
				-13,
				3.222,
				-9.281,
				3.667,
				0,
				1,
				4.111,
				9.281,
				4.556,
				15,
				5,
				15,
				1,
				5.111,
				15,
				5.222,
				14.987,
				5.333,
				12.66
			]
		},
		{
			"Target": "Parameter",
			"Id": "Param_Angle_Rotation14",
			"Segments": [
				0,
				0,
				1,
				0.011,
				0,
				0.022,
				-0.122,
				0.033,
				-0.255,
				1,
				0.467,
				-5.447,
				0.9,
				-8,
				1.333,
				-8,
				1,
				1.778,
				-8,
				2.222,
				-5.646,
				2.667,
				0,
				1,
				3.111,
				5.646,
				3.556,
				9,
				4,
				9,
				1,
				4.433,
				9,
				4.867,
				6.183,
				5.3,
				0.376,
				1,
				5.311,
				0.227,
				5.322,
				0,
				5.333,
				0
			]
		},
		{
			"Target": "Parameter",
			"Id": "Param_Angle_Rotation15",
			"Segments": [
				0,
				2.85,
				1,
				0.011,
				2.85,
				0.022,
				2.772,
				0.033,
				2.658,
				1,
				0.178,
				1.179,
				0.322,
				-0.388,
				0.467,
				-1.743,
				1,
				0.922,
				-6.015,
				1.378,
				-8,
				1.833,
				-8,
				1,
				2.278,
				-8,
				2.722,
				-5.646,
				3.167,
				0,
				1,
				3.611,
				5.646,
				4.056,
				9,
				4.5,
				9,
				1,
				4.778,
				9,
				5.056,
				6.539,
				5.333,
				2.85
			]
		},
		{
			"Target": "Parameter",
			"Id": "Param_Angle_Rotation16",
			"Segments": [
				0,
				5.06,
				1,
				0.011,
				5.06,
				0.022,
				4.834,
				0.033,
				4.754,
				1,
				0.333,
				2.596,
				0.633,
				0.392,
				0.933,
				-1.582,
				1,
				1.4,
				-4.651,
				1.867,
				-6,
				2.333,
				-6,
				1,
				2.778,
				-6,
				3.222,
				-4,
				3.667,
				0,
				1,
				4.111,
				4,
				4.556,
				6,
				5,
				6,
				1,
				5.111,
				6,
				5.222,
				5.997,
				5.333,
				5.06
			]
		},
		{
			"Target": "Parameter",
			"Id": "Param_Angle_Rotation17",
			"Segments": [
				0,
				3.94,
				1,
				0.5,
				3.94,
				1,
				2.79,
				1.5,
				0,
				1,
				1.944,
				-2.48,
				2.389,
				-4,
				2.833,
				-4,
				1,
				3.278,
				-4,
				3.722,
				-2.813,
				4.167,
				0,
				1,
				4.556,
				2.462,
				4.944,
				3.94,
				5.333,
				3.94
			]
		},
		{
			"Target": "Parameter",
			"Id": "Param_Angle_Rotation18",
			"Segments": [
				0,
				3,
				1,
				0.011,
				3,
				0.022,
				3.095,
				0.033,
				3.127,
				1,
				0.244,
				3.728,
				0.456,
				4,
				0.667,
				4,
				1,
				1.111,
				4,
				1.556,
				2.667,
				2,
				0,
				1,
				2.444,
				-2.667,
				2.889,
				-4,
				3.333,
				-4,
				1,
				3.778,
				-4,
				4.222,
				-2.4,
				4.667,
				0,
				1,
				4.889,
				1.2,
				5.111,
				2.2,
				5.333,
				3
			]
		},
		{
			"Target": "Parameter",
			"Id": "Param_Angle_Rotation20",
			"Segments": [
				0,
				-1.56,
				1,
				0.011,
				-1.56,
				0.022,
				-1.385,
				0.033,
				-1.256,
				1,
				0.122,
				-0.222,
				0.211,
				0.653,
				0.3,
				1.715,
				1,
				0.756,
				7.16,
				1.211,
				10,
				1.667,
				10,
				1,
				2.111,
				10,
				2.556,
				6.667,
				3,
				0,
				1,
				3.444,
				-6.667,
				3.889,
				-10,
				4.333,
				-10,
				1,
				4.667,
				-10,
				5,
				-6.227,
				5.333,
				-1.56
			]
		},
		{
			"Target": "Parameter",
			"Id": "Param_Angle_Rotation21",
			"Segments": [
				0,
				-14.35,
				1,
				0.011,
				-14.35,
				0.022,
				-14.02,
				0.033,
				-13.728,
				1,
				0.278,
				-7.313,
				0.522,
				-1.195,
				0.767,
				5.272,
				1,
				1.233,
				17.618,
				1.7,
				24,
				2.167,
				24,
				1,
				2.611,
				24,
				3.056,
				14.924,
				3.5,
				0,
				1,
				3.944,
				-14.924,
				4.389,
				-21,
				4.833,
				-21,
				1,
				5,
				-21,
				5.167,
				-19.507,
				5.333,
				-14.35
			]
		},
		{
			"Target": "Parameter",
			"Id": "Param_Angle_Rotation23",
			"Segments": [
				0,
				-4.43,
				1,
				0.011,
				-4.43,
				0.022,
				-4.225,
				0.033,
				-4.055,
				1,
				0.178,
				-1.851,
				0.322,
				0.03,
				0.467,
				2.402,
				1,
				0.922,
				9.882,
				1.378,
				14,
				1.833,
				14,
				1,
				2.278,
				14,
				2.722,
				9.333,
				3.167,
				0,
				1,
				3.611,
				-9.333,
				4.056,
				-14,
				4.5,
				-14,
				1,
				4.778,
				-14,
				5.056,
				-10.163,
				5.333,
				-4.43
			]
		},
		{
			"Target": "Parameter",
			"Id": "Param_Angle_Rotation24",
			"Segments": [
				0,
				-11.81,
				1,
				0.011,
				-11.81,
				0.022,
				-11.528,
				0.033,
				-11.373,
				1,
				0.344,
				-7.042,
				0.656,
				-3.162,
				0.967,
				1.414,
				1,
				1.422,
				8.114,
				1.878,
				12,
				2.333,
				12,
				1,
				2.778,
				12,
				3.222,
				8.611,
				3.667,
				0,
				1,
				4.111,
				-8.611,
				4.556,
				-14,
				5,
				-14,
				1,
				5.111,
				-14,
				5.222,
				-13.984,
				5.333,
				-11.81
			]
		},
		{
			"Target": "Parameter",
			"Id": "Param_Angle_Rotation26",
			"Segments": [
				0,
				-7,
				1,
				0.011,
				-7,
				0.022,
				-6.811,
				0.033,
				-6.623,
				1,
				0.211,
				-3.608,
				0.389,
				-0.638,
				0.567,
				2.285,
				1,
				1.044,
				10.14,
				1.522,
				14,
				2,
				14,
				1,
				2.444,
				14,
				2.889,
				9.333,
				3.333,
				0,
				1,
				3.778,
				-9.333,
				4.222,
				-14,
				4.667,
				-14,
				1,
				4.889,
				-14,
				5.111,
				-11.667,
				5.333,
				-7
			]
		},
		{
			"Target": "Parameter",
			"Id": "Param_Angle_Rotation27",
			"Segments": [
				0,
				-13.4,
				1,
				0.389,
				-13.4,
				0.778,
				-8.153,
				1.167,
				0,
				1,
				1.611,
				9.318,
				2.056,
				13,
				2.5,
				13,
				1,
				2.944,
				13,
				3.389,
				8.265,
				3.833,
				0,
				1,
				4.333,
				-9.298,
				4.833,
				-13.4,
				5.333,
				-13.4
			]
		},
		{
			"Target": "Parameter",
			"Id": "Param_Angle_Rotation28",
			"Segments": [
				0,
				0,
				1,
				0.389,
				0,
				0.778,
				0,
				1.167,
				0,
				1,
				1.611,
				0,
				2.056,
				0,
				2.5,
				0,
				1,
				2.944,
				0,
				3.389,
				0,
				3.833,
				0,
				1,
				4.278,
				0,
				4.722,
				0,
				5.167,
				0,
				1,
				5.222,
				0,
				5.278,
				0,
				5.333,
				0
			]
		},
		{
			"Target": "Parameter",
			"Id": "Param_Angle_Rotation29",
			"Segments": [
				0,
				-11.25,
				1,
				0.011,
				-11.25,
				0.022,
				-11.343,
				0.033,
				-11.391,
				1,
				0.133,
				-11.819,
				0.233,
				-12,
				0.333,
				-12,
				1,
				0.778,
				-12,
				1.222,
				-8,
				1.667,
				0,
				1,
				2.111,
				8,
				2.556,
				12,
				3,
				12,
				1,
				3.444,
				12,
				3.889,
				8.74,
				4.333,
				0,
				1,
				4.667,
				-6.555,
				5,
				-11.25,
				5.333,
				-11.25
			]
		},
		{
			"Target": "Parameter",
			"Id": "Param_Angle_Rotation30",
			"Segments": [
				0,
				-7.77,
				1,
				0.011,
				-7.77,
				0.022,
				-7.895,
				0.033,
				-8.034,
				1,
				0.3,
				-11.373,
				0.567,
				-13,
				0.833,
				-13,
				1,
				1.278,
				-13,
				1.722,
				-8.319,
				2.167,
				0,
				1,
				2.611,
				8.319,
				3.056,
				12,
				3.5,
				12,
				1,
				3.944,
				12,
				4.389,
				7.666,
				4.833,
				0,
				1,
				5,
				-2.875,
				5.167,
				-5.517,
				5.333,
				-7.77
			]
		},
		{
			"Target": "Parameter",
			"Id": "Param_Angle_Rotation31",
			"Segments": [
				0,
				0,
				1,
				0.389,
				0,
				0.778,
				0,
				1.167,
				0,
				1,
				1.611,
				0,
				2.056,
				0,
				2.5,
				0,
				1,
				2.944,
				0,
				3.389,
				0,
				3.833,
				0,
				1,
				4.278,
				0,
				4.722,
				0,
				5.167,
				0,
				1,
				5.222,
				0,
				5.278,
				0,
				5.333,
				0
			]
		},
		{
			"Target": "Parameter",
			"Id": "Param_Angle_Rotation32",
			"Segments": [
				0,
				-9.21,
				1,
				0.011,
				-9.21,
				0.022,
				-9.302,
				0.033,
				-9.352,
				1,
				0.133,
				-9.806,
				0.233,
				-10,
				0.333,
				-10,
				1,
				0.778,
				-10,
				1.222,
				-5.482,
				1.667,
				0,
				1,
				2.111,
				5.482,
				2.556,
				7,
				3,
				7,
				1,
				3.444,
				7,
				3.889,
				4.402,
				4.333,
				0,
				1,
				4.667,
				-3.301,
				5,
				-6.73,
				5.333,
				-9.21
			]
		},
		{
			"Target": "Parameter",
			"Id": "Param_Angle_Rotation33",
			"Segments": [
				0,
				-5.77,
				1,
				0.011,
				-5.77,
				0.022,
				-6.102,
				0.033,
				-6.21,
				1,
				0.3,
				-8.8,
				0.567,
				-10,
				0.833,
				-10,
				1,
				1.278,
				-10,
				1.722,
				-5.922,
				2.167,
				0,
				1,
				2.611,
				5.922,
				3.056,
				8,
				3.5,
				8,
				1,
				3.944,
				8,
				4.389,
				5.276,
				4.833,
				0,
				1,
				5,
				-1.978,
				5.167,
				-3.998,
				5.333,
				-5.77
			]
		},
		{
			"Target": "Parameter",
			"Id": "Param_Angle_Rotation35",
			"Segments": [
				0,
				11,
				1,
				0.444,
				11,
				0.889,
				6.167,
				1.333,
				0,
				1,
				1.778,
				-6.167,
				2.222,
				-8,
				2.667,
				-8,
				1,
				3.111,
				-8,
				3.556,
				-6.167,
				4,
				0,
				1,
				4.444,
				6.167,
				4.889,
				11,
				5.333,
				11
			]
		},
		{
			"Target": "Parameter",
			"Id": "Param_Angle_Rotation36",
			"Segments": [
				0,
				9.15,
				1,
				0.011,
				9.15,
				0.022,
				9.269,
				0.033,
				9.35,
				1,
				0.189,
				10.481,
				0.344,
				11,
				0.5,
				11,
				1,
				0.944,
				11,
				1.389,
				6.167,
				1.833,
				0,
				1,
				2.278,
				-6.167,
				2.722,
				-8,
				3.167,
				-8,
				1,
				3.611,
				-8,
				4.056,
				-5.149,
				4.5,
				0,
				1,
				4.778,
				3.218,
				5.056,
				6.571,
				5.333,
				9.15
			]
		},
		{
			"Target": "Parameter",
			"Id": "Param_Angle_Rotation38",
			"Segments": [
				0,
				11.78,
				1,
				0.5,
				11.78,
				1,
				7.683,
				1.5,
				0,
				1,
				1.944,
				-6.829,
				2.389,
				-10,
				2.833,
				-10,
				1,
				3.278,
				-10,
				3.722,
				-7.564,
				4.167,
				0,
				1,
				4.556,
				6.618,
				4.944,
				11.78,
				5.333,
				11.78
			]
		},
		{
			"Target": "Parameter",
			"Id": "Param_Angle_Rotation39",
			"Segments": [
				0,
				5.21,
				1,
				0.011,
				5.21,
				0.022,
				5.545,
				0.033,
				5.715,
				1,
				0.356,
				10.65,
				0.678,
				13,
				1,
				13,
				1,
				1.444,
				13,
				1.889,
				7.527,
				2.333,
				0,
				1,
				2.778,
				-7.527,
				3.222,
				-10,
				3.667,
				-10,
				1,
				4.111,
				-10,
				4.556,
				-6.721,
				5,
				0,
				1,
				5.111,
				1.68,
				5.222,
				3.478,
				5.333,
				5.21
			]
		},
		{
			"Target": "Parameter",
			"Id": "Param_Angle_Rotation40",
			"Segments": [
				0,
				-6.47,
				1,
				0.011,
				-6.47,
				0.022,
				-6.205,
				0.033,
				-6.011,
				1,
				0.189,
				-3.299,
				0.344,
				-0.675,
				0.5,
				1.925,
				1,
				0.944,
				9.353,
				1.389,
				13,
				1.833,
				13,
				1,
				2.278,
				13,
				2.722,
				7.527,
				3.167,
				0,
				1,
				3.611,
				-7.527,
				4.056,
				-10,
				4.5,
				-10,
				1,
				4.778,
				-10,
				5.056,
				-9.17,
				5.333,
				-6.47
			]
		},
		{
			"Target": "Parameter",
			"Id": "Param_Angle_Rotation41",
			"Segments": [
				0,
				-10,
				1,
				0.444,
				-10,
				0.889,
				-7.527,
				1.333,
				0,
				1,
				1.778,
				7.527,
				2.222,
				13,
				2.667,
				13,
				1,
				3.111,
				13,
				3.556,
				7.527,
				4,
				0,
				1,
				4.444,
				-7.527,
				4.889,
				-10,
				5.333,
				-10
			]
		},
		{
			"Target": "Parameter",
			"Id": "Param_Angle_Rotation42",
			"Segments": [
				0,
				-3.48,
				1,
				0.011,
				-3.48,
				0.022,
				-3.797,
				0.033,
				-3.995,
				1,
				0.3,
				-8.743,
				0.567,
				-11,
				0.833,
				-11,
				1,
				1.278,
				-11,
				1.722,
				-7.333,
				2.167,
				0,
				1,
				2.611,
				7.333,
				3.056,
				11,
				3.5,
				11,
				1,
				4.022,
				11,
				4.544,
				7.897,
				5.067,
				1.054,
				1,
				5.144,
				0.035,
				5.222,
				-1.462,
				5.3,
				-2.856,
				1,
				5.311,
				-3.055,
				5.322,
				-3.48,
				5.333,
				-3.48
			]
		},
		{
			"Target": "Parameter",
			"Id": "Param_Angle_Rotation43",
			"Segments": [
				0,
				0,
				1,
				0.011,
				0,
				0.022,
				-0.508,
				0.033,
				-0.705,
				1,
				0.578,
				-10.339,
				1.122,
				-15,
				1.667,
				-15,
				1,
				2.111,
				-15,
				2.556,
				-8.444,
				3,
				0,
				1,
				3.444,
				8.444,
				3.889,
				11,
				4.333,
				11,
				1,
				4.656,
				11,
				4.978,
				7.931,
				5.3,
				1.36,
				1,
				5.311,
				1.133,
				5.322,
				0,
				5.333,
				0
			]
		},
		{
			"Target": "Parameter",
			"Id": "Param_Angle_Rotation45",
			"Segments": [
				0,
				-10.13,
				1,
				0.011,
				-10.13,
				0.022,
				-9.788,
				0.033,
				-9.638,
				1,
				0.333,
				-5.6,
				0.633,
				-2.081,
				0.933,
				2.249,
				1,
				1.4,
				8.985,
				1.867,
				13,
				2.333,
				13,
				1,
				2.778,
				13,
				3.222,
				8.598,
				3.667,
				0,
				1,
				4.1,
				-8.383,
				4.533,
				-12.473,
				4.967,
				-12.473,
				1,
				5.089,
				-12.473,
				5.211,
				-12.263,
				5.333,
				-10.13
			]
		},
		{
			"Target": "Parameter",
			"Id": "Param_Angle_Rotation46",
			"Segments": [
				0,
				-15.65,
				1,
				0.5,
				-15.65,
				1,
				-8.793,
				1.5,
				0,
				1,
				1.944,
				7.816,
				2.389,
				10,
				2.833,
				10,
				1,
				3.278,
				10,
				3.722,
				8.335,
				4.167,
				0,
				1,
				4.556,
				-7.293,
				4.944,
				-15.65,
				5.333,
				-15.65
			]
		},
		{
			"Target": "Parameter",
			"Id": "Param_Angle_Rotation48",
			"Segments": [
				0,
				-10.13,
				1,
				0.011,
				-10.13,
				0.022,
				-9.954,
				0.033,
				-9.817,
				1,
				0.322,
				-6.248,
				0.611,
				-3.335,
				0.9,
				0.753,
				1,
				1.378,
				7.514,
				1.856,
				12,
				2.333,
				12,
				1,
				2.778,
				12,
				3.222,
				8.208,
				3.667,
				0,
				1,
				4.089,
				-7.797,
				4.511,
				-12.026,
				4.933,
				-12.026,
				1,
				5.067,
				-12.026,
				5.2,
				-12.153,
				5.333,
				-10.13
			]
		},
		{
			"Target": "Parameter",
			"Id": "Param_Angle_Rotation49",
			"Segments": [
				0,
				-13.77,
				1,
				0.011,
				-13.77,
				0.022,
				-13.827,
				0.033,
				-13.854,
				1,
				0.078,
				-13.964,
				0.122,
				-14,
				0.167,
				-14,
				1,
				0.611,
				-14,
				1.056,
				-8.986,
				1.5,
				0,
				1,
				1.944,
				8.986,
				2.389,
				13,
				2.833,
				13,
				1,
				3.278,
				13,
				3.722,
				9.424,
				4.167,
				0,
				1,
				4.556,
				-8.246,
				4.944,
				-13.77,
				5.333,
				-13.77
			]
		},
		{
			"Target": "Parameter",
			"Id": "Param_Angle_Rotation51",
			"Segments": [
				0,
				-1.9,
				1,
				0.011,
				-1.9,
				0.022,
				-1.678,
				0.033,
				-1.542,
				1,
				0.144,
				-0.179,
				0.256,
				1.077,
				0.367,
				2.383,
				1,
				0.856,
				8.13,
				1.344,
				11,
				1.833,
				11,
				1,
				2.278,
				11,
				2.722,
				5.157,
				3.167,
				0,
				1,
				3.611,
				-5.157,
				4.056,
				-6,
				4.5,
				-6,
				1,
				4.778,
				-6,
				5.056,
				-4.36,
				5.333,
				-1.9
			]
		},
		{
			"Target": "Parameter",
			"Id": "Param_Angle_Rotation52",
			"Segments": [
				0,
				-5.06,
				1,
				0.011,
				-5.06,
				0.022,
				-4.939,
				0.033,
				-4.818,
				1,
				0.267,
				-2.267,
				0.5,
				0.106,
				0.733,
				2.749,
				1,
				1.267,
				8.788,
				1.8,
				12,
				2.333,
				12,
				1,
				2.778,
				12,
				3.222,
				6.928,
				3.667,
				0,
				1,
				4.056,
				-6.062,
				4.444,
				-7.906,
				4.833,
				-7.906,
				1,
				5,
				-7.906,
				5.167,
				-6.811,
				5.333,
				-5.06
			]
		},
		{
			"Target": "Parameter",
			"Id": "Param_Angle_Rotation53",
			"Segments": [
				0,
				-9.57,
				1,
				0.011,
				-9.57,
				0.022,
				-9.825,
				0.033,
				-9.854,
				1,
				0.078,
				-9.972,
				0.122,
				-10,
				0.167,
				-10,
				1,
				0.611,
				-10,
				1.056,
				-5.922,
				1.5,
				0,
				1,
				1.944,
				5.922,
				2.389,
				8,
				2.833,
				8,
				1,
				3.278,
				8,
				3.722,
				4.381,
				4.167,
				0,
				1,
				4.556,
				-3.833,
				4.944,
				-6.6,
				5.333,
				-9.57
			]
		},
		{
			"Target": "Parameter",
			"Id": "Param_Angle_Rotation55",
			"Segments": [
				0,
				-2.53,
				1,
				0.011,
				-2.53,
				0.022,
				-2.417,
				0.033,
				-2.287,
				1,
				0.167,
				-0.731,
				0.3,
				0.679,
				0.433,
				2.305,
				1,
				0.9,
				7.998,
				1.367,
				11,
				1.833,
				11,
				1,
				2.278,
				11,
				2.722,
				6.167,
				3.167,
				0,
				1,
				3.611,
				-6.167,
				4.056,
				-8,
				4.5,
				-8,
				1,
				4.778,
				-8,
				5.056,
				-5.809,
				5.333,
				-2.53
			]
		},
		{
			"Target": "Parameter",
			"Id": "Param_Angle_Rotation56",
			"Segments": [
				0,
				-7,
				1,
				0.444,
				-7,
				0.889,
				-5.689,
				1.333,
				0,
				1,
				1.778,
				5.689,
				2.222,
				11,
				2.667,
				11,
				1,
				3.111,
				11,
				3.556,
				5.689,
				4,
				0,
				1,
				4.444,
				-5.689,
				4.889,
				-7,
				5.333,
				-7
			]
		},
		{
			"Target": "Parameter",
			"Id": "Param_Angle_Rotation57",
			"Segments": [
				0,
				-4.72,
				1,
				0.011,
				-4.72,
				0.022,
				-4.913,
				0.033,
				-4.971,
				1,
				0.3,
				-6.36,
				0.567,
				-7,
				0.833,
				-7,
				1,
				1.278,
				-7,
				1.722,
				-5.689,
				2.167,
				0,
				1,
				2.611,
				5.689,
				3.056,
				11,
				3.5,
				11,
				1,
				3.944,
				11,
				4.389,
				6.07,
				4.833,
				0,
				1,
				5,
				-2.276,
				5.167,
				-3.638,
				5.333,
				-4.72
			]
		},
		{
			"Target": "Parameter",
			"Id": "Param_Angle_Rotation58",
			"Segments": [
				0,
				4.12,
				1,
				0.011,
				4.12,
				0.022,
				3.825,
				0.033,
				3.681,
				1,
				0.133,
				2.388,
				0.233,
				1.078,
				0.333,
				0,
				1,
				0.778,
				-4.793,
				1.222,
				-7,
				1.667,
				-7,
				1,
				2.111,
				-7,
				2.556,
				-5.689,
				3,
				0,
				1,
				3.444,
				5.689,
				3.889,
				11,
				4.333,
				11,
				1,
				4.667,
				11,
				5,
				8.58,
				5.333,
				4.12
			]
		},
		{
			"Target": "Parameter",
			"Id": "Param_Angle_Rotation59",
			"Segments": [
				0,
				10.8,
				1,
				0.389,
				10.8,
				0.778,
				6,
				1.167,
				0,
				1,
				1.611,
				-6.857,
				2.056,
				-9,
				2.5,
				-9,
				1,
				2.944,
				-9,
				3.389,
				-6.205,
				3.833,
				0,
				1,
				4.333,
				6.981,
				4.833,
				10.8,
				5.333,
				10.8
			]
		},
		{
			"Target": "Parameter",
			"Id": "Param_Angle_Rotation60",
			"Segments": [
				0,
				5.5,
				1,
				0.011,
				5.5,
				0.022,
				6.026,
				0.033,
				6.2,
				1,
				0.244,
				9.498,
				0.456,
				11,
				0.667,
				11,
				1,
				1.111,
				11,
				1.556,
				6.596,
				2,
				0,
				1,
				2.444,
				-6.596,
				2.889,
				-9,
				3.333,
				-9,
				1,
				3.778,
				-9,
				4.222,
				-7.138,
				4.667,
				-2.552,
				1,
				4.878,
				-0.374,
				5.089,
				2.457,
				5.3,
				5.063,
				1,
				5.311,
				5.2,
				5.322,
				5.5,
				5.333,
				5.5
			]
		},
		{
			"Target": "Parameter",
			"Id": "Param_Angle_Rotation61",
			"Segments": [
				0,
				0,
				1,
				0.011,
				0,
				0.022,
				0.289,
				0.033,
				0.435,
				1,
				0.522,
				6.88,
				1.011,
				10,
				1.5,
				10,
				1,
				1.944,
				10,
				2.389,
				6.315,
				2.833,
				0,
				1,
				3.278,
				-6.315,
				3.722,
				-9,
				4.167,
				-9,
				1,
				4.544,
				-9,
				4.922,
				-6.167,
				5.3,
				-0.501,
				1,
				5.311,
				-0.334,
				5.322,
				-0.149,
				5.333,
				0
			]
		},
		{
			"Target": "Parameter",
			"Id": "Param_Angle_Rotation62",
			"Segments": [
				0,
				-6.75,
				1,
				0.011,
				-6.75,
				0.022,
				-6.611,
				0.033,
				-6.503,
				1,
				0.289,
				-4.015,
				0.544,
				-1.768,
				0.8,
				0.854,
				1,
				1.311,
				6.096,
				1.822,
				9,
				2.333,
				9,
				1,
				2.778,
				9,
				3.222,
				5.936,
				3.667,
				0,
				1,
				4.1,
				-5.788,
				4.533,
				-8.588,
				4.967,
				-8.588,
				1,
				5.089,
				-8.588,
				5.211,
				-8.258,
				5.333,
				-6.75
			]
		},
		{
			"Target": "Parameter",
			"Id": "Param_Angle_Rotation63",
			"Segments": [
				0,
				-7.03,
				1,
				0.011,
				-7.03,
				0.022,
				-7.246,
				0.033,
				-7.282,
				1,
				0.189,
				-7.787,
				0.344,
				-8,
				0.5,
				-8,
				1,
				0.944,
				-8,
				1.389,
				-5.922,
				1.833,
				0,
				1,
				2.278,
				5.922,
				2.722,
				10,
				3.167,
				10,
				1,
				3.656,
				10,
				4.144,
				5.97,
				4.633,
				0,
				1,
				4.867,
				-2.849,
				5.1,
				-5.624,
				5.333,
				-7.03
			]
		},
		{
			"Target": "Parameter",
			"Id": "Param_Angle_Rotation64",
			"Segments": [
				0,
				-3.16,
				1,
				0.011,
				-3.16,
				0.022,
				-2.951,
				0.033,
				-2.843,
				1,
				0.156,
				-1.656,
				0.278,
				-0.536,
				0.4,
				0.569,
				1,
				0.878,
				4.888,
				1.356,
				7,
				1.833,
				7,
				1,
				2.278,
				7,
				2.722,
				5.482,
				3.167,
				0,
				1,
				3.611,
				-5.482,
				4.056,
				-10,
				4.5,
				-10,
				1,
				4.778,
				-10,
				5.056,
				-7.257,
				5.333,
				-3.16
			]
		},
		{
			"Target": "Parameter",
			"Id": "Param_Angle_Rotation65",
			"Segments": [
				0,
				-8.44,
				1,
				0.011,
				-8.44,
				0.022,
				-8.193,
				0.033,
				-8.069,
				1,
				0.3,
				-5.084,
				0.567,
				-2.45,
				0.833,
				0.711,
				1,
				1.333,
				6.638,
				1.833,
				10,
				2.333,
				10,
				1,
				2.778,
				10,
				3.222,
				6.667,
				3.667,
				0,
				1,
				4.111,
				-6.667,
				4.556,
				-10,
				5,
				-10,
				1,
				5.111,
				-10,
				5.222,
				-9.996,
				5.333,
				-8.44
			]
		},
		{
			"Target": "Parameter",
			"Id": "Param_Angle_Rotation66",
			"Segments": [
				0,
				-9.86,
				1,
				0.511,
				-9.86,
				1.022,
				-8.327,
				1.533,
				0,
				1,
				1.978,
				7.241,
				2.422,
				16,
				2.867,
				16,
				1,
				3.311,
				16,
				3.756,
				9.061,
				4.2,
				0,
				1,
				4.578,
				-7.702,
				4.956,
				-9.86,
				5.333,
				-9.86
			]
		},
		{
			"Target": "Parameter",
			"Id": "Param_Angle_Rotation67",
			"Segments": [
				0,
				-3.16,
				1,
				0.011,
				-3.16,
				0.022,
				-2.873,
				0.033,
				-2.677,
				1,
				0.133,
				-0.911,
				0.233,
				0.842,
				0.333,
				2.41,
				1,
				0.833,
				10.252,
				1.333,
				14,
				1.833,
				14,
				1,
				2.278,
				14,
				2.722,
				7.761,
				3.167,
				0,
				1,
				3.611,
				-7.761,
				4.056,
				-10,
				4.5,
				-10,
				1,
				4.778,
				-10,
				5.056,
				-7.257,
				5.333,
				-3.16
			]
		},
		{
			"Target": "Parameter",
			"Id": "Param_Angle_Rotation68",
			"Segments": [
				0,
				-9.28,
				1,
				0.011,
				-9.28,
				0.022,
				-9.153,
				0.033,
				-8.973,
				1,
				0.244,
				-5.551,
				0.456,
				-2.58,
				0.667,
				1.23,
				1,
				1.222,
				11.257,
				1.778,
				17,
				2.333,
				17,
				1,
				2.778,
				17,
				3.222,
				8.866,
				3.667,
				0,
				1,
				4.111,
				-8.866,
				4.556,
				-11,
				5,
				-11,
				1,
				5.111,
				-11,
				5.222,
				-10.991,
				5.333,
				-9.28
			]
		},
		{
			"Target": "Parameter",
			"Id": "Param_Angle_Rotation69",
			"Segments": [
				0,
				-9.9,
				1,
				0.056,
				-9.9,
				0.111,
				-10,
				0.167,
				-10,
				1,
				0.611,
				-10,
				1.056,
				-8.168,
				1.5,
				0,
				1,
				1.944,
				8.168,
				2.389,
				16,
				2.833,
				16,
				1,
				3.278,
				16,
				3.722,
				8.914,
				4.167,
				0,
				1,
				4.556,
				-7.8,
				4.944,
				-9.9,
				5.333,
				-9.9
			]
		},
		{
			"Target": "Parameter",
			"Id": "Param_Angle_Rotation70",
			"Segments": [
				0,
				-2.53,
				1,
				0.011,
				-2.53,
				0.022,
				-2.472,
				0.033,
				-2.291,
				1,
				0.133,
				-0.663,
				0.233,
				1.137,
				0.333,
				2.669,
				1,
				0.833,
				10.333,
				1.333,
				14,
				1.833,
				14,
				1,
				2.278,
				14,
				2.722,
				6.754,
				3.167,
				0,
				1,
				3.611,
				-6.754,
				4.056,
				-8,
				4.5,
				-8,
				1,
				4.778,
				-8,
				5.056,
				-5.809,
				5.333,
				-2.53
			]
		},
		{
			"Target": "Parameter",
			"Id": "Param_Angle_Rotation71",
			"Segments": [
				0,
				-8.44,
				1,
				0.011,
				-8.44,
				0.022,
				-8.214,
				0.033,
				-8.072,
				1,
				0.289,
				-4.795,
				0.544,
				-1.998,
				0.8,
				1.588,
				1,
				1.311,
				8.76,
				1.822,
				13,
				2.333,
				13,
				1,
				2.778,
				13,
				3.222,
				7.527,
				3.667,
				0,
				1,
				4.111,
				-7.527,
				4.556,
				-10,
				5,
				-10,
				1,
				5.111,
				-10,
				5.222,
				-9.996,
				5.333,
				-8.44
			]
		},
		{
			"Target": "Parameter",
			"Id": "Param_Angle_Rotation72",
			"Segments": [
				0,
				-9.88,
				1,
				0.056,
				-9.88,
				0.111,
				-10,
				0.167,
				-10,
				1,
				0.611,
				-10,
				1.056,
				-7.527,
				1.5,
				0,
				1,
				1.944,
				7.527,
				2.389,
				13,
				2.833,
				13,
				1,
				3.278,
				13,
				3.722,
				8.092,
				4.167,
				0,
				1,
				4.556,
				-7.08,
				4.944,
				-9.88,
				5.333,
				-9.88
			]
		},
		{
			"Target": "Parameter",
			"Id": "Param_Angle_Rotation73",
			"Segments": [
				0,
				-7.5,
				1,
				0.011,
				-7.5,
				0.022,
				-7.677,
				0.033,
				-7.758,
				1,
				0.244,
				-9.294,
				0.456,
				-10,
				0.667,
				-10,
				1,
				1.111,
				-10,
				1.556,
				-6.667,
				2,
				0,
				1,
				2.444,
				6.667,
				2.889,
				10,
				3.333,
				10,
				1,
				3.778,
				10,
				4.222,
				5.994,
				4.667,
				0,
				1,
				4.889,
				-2.997,
				5.111,
				-5.502,
				5.333,
				-7.5
			]
		},
		{
			"Target": "Parameter",
			"Id": "Param_Angle_Rotation74",
			"Segments": [
				0,
				-3.16,
				1,
				0.011,
				-3.16,
				0.022,
				-2.994,
				0.033,
				-2.851,
				1,
				0.133,
				-1.566,
				0.233,
				-0.452,
				0.333,
				0.879,
				1,
				0.833,
				7.531,
				1.333,
				11,
				1.833,
				11,
				1,
				2.278,
				11,
				2.722,
				6.983,
				3.167,
				0,
				1,
				3.611,
				-6.983,
				4.056,
				-10,
				4.5,
				-10,
				1,
				4.778,
				-10,
				5.056,
				-7.257,
				5.333,
				-3.16
			]
		},
		{
			"Target": "Parameter",
			"Id": "Param_Angle_Rotation75",
			"Segments": [
				0,
				-9.28,
				1,
				0.011,
				-9.28,
				0.022,
				-9.062,
				0.033,
				-8.911,
				1,
				0.278,
				-5.589,
				0.522,
				-2.895,
				0.767,
				0.889,
				1,
				1.289,
				8.973,
				1.811,
				14,
				2.333,
				14,
				1,
				2.778,
				14,
				3.222,
				8.932,
				3.667,
				0,
				1,
				4.111,
				-8.932,
				4.556,
				-12.85,
				5,
				-12.85,
				1,
				5.111,
				-12.85,
				5.222,
				-11.413,
				5.333,
				-9.28
			]
		},
		{
			"Target": "Parameter",
			"Id": "Param_Angle_Rotation76",
			"Segments": [
				0,
				-11.84,
				1,
				0.056,
				-11.84,
				0.111,
				-12,
				0.167,
				-12,
				1,
				0.611,
				-12,
				1.056,
				-8.611,
				1.5,
				0,
				1,
				1.944,
				8.611,
				2.389,
				14,
				2.833,
				14,
				1,
				3.278,
				14,
				3.722,
				9.185,
				4.167,
				0,
				1,
				4.556,
				-8.037,
				4.944,
				-11.84,
				5.333,
				-11.84
			]
		},
		{
			"Target": "Parameter",
			"Id": "Param_Angle_Rotation77",
			"Segments": [
				0,
				-8.25,
				1,
				0.011,
				-8.25,
				0.022,
				-8.325,
				0.033,
				-8.383,
				1,
				0.244,
				-9.481,
				0.456,
				-10,
				0.667,
				-10,
				1,
				1.111,
				-10,
				1.556,
				-8.657,
				2,
				0,
				1,
				2.444,
				8.657,
				2.889,
				19,
				3.333,
				19,
				1,
				3.778,
				19,
				4.222,
				8.702,
				4.667,
				0,
				1,
				4.889,
				-4.351,
				5.111,
				-6.618,
				5.333,
				-8.25
			]
		},
		{
			"Target": "Parameter",
			"Id": "Param_Angle_Rotation79",
			"Segments": [
				0,
				5.74,
				1,
				0.5,
				5.74,
				1,
				3.886,
				1.5,
				3,
				1,
				1.833,
				2.41,
				2.167,
				2.538,
				2.5,
				2,
				1,
				2.944,
				1.282,
				3.389,
				0,
				3.833,
				0,
				1,
				4.333,
				0,
				4.833,
				5.74,
				5.333,
				5.74
			]
		},
		{
			"Target": "Parameter",
			"Id": "Param_Angle_Rotation80",
			"Segments": [
				0,
				4,
				1,
				0.011,
				4,
				0.022,
				4.474,
				0.033,
				4.528,
				1,
				0.244,
				5.552,
				0.456,
				6,
				0.667,
				6,
				1,
				1.111,
				6,
				1.556,
				3.636,
				2,
				0,
				1,
				2.444,
				-3.636,
				2.889,
				-5,
				3.333,
				-5,
				1,
				3.778,
				-5,
				4.222,
				-3.076,
				4.667,
				0,
				1,
				4.889,
				1.538,
				5.111,
				2.726,
				5.333,
				4
			]
		},
		{
			"Target": "Parameter",
			"Id": "Param_Angle_Rotation81",
			"Segments": [
				0,
				-0.98,
				1,
				0.011,
				-0.98,
				0.022,
				-0.759,
				0.033,
				-0.657,
				1,
				0.089,
				-0.149,
				0.144,
				0.273,
				0.2,
				0.725,
				1,
				0.633,
				4.25,
				1.067,
				6,
				1.5,
				6,
				1,
				1.944,
				6,
				2.389,
				3.636,
				2.833,
				0,
				1,
				3.278,
				-3.636,
				3.722,
				-5,
				4.167,
				-5,
				1,
				4.556,
				-5,
				4.944,
				-3.888,
				5.333,
				-0.98
			]
		},
		{
			"Target": "Parameter",
			"Id": "Param_Angle_Rotation82",
			"Segments": [
				0,
				-5,
				1,
				0.011,
				-5,
				0.022,
				-4.959,
				0.033,
				-4.898,
				1,
				0.333,
				-3.259,
				0.633,
				-1.909,
				0.933,
				0,
				1,
				1.4,
				2.969,
				1.867,
				5,
				2.333,
				5,
				1,
				2.778,
				5,
				3.222,
				3.956,
				3.667,
				0,
				1,
				4.067,
				-3.56,
				4.467,
				-6.757,
				4.867,
				-6.757,
				1,
				5.022,
				-6.757,
				5.178,
				-6.228,
				5.333,
				-5
			]
		},
		{
			"Target": "Parameter",
			"Id": "Param_Angle_Rotation84",
			"Segments": [
				0,
				-4,
				1,
				0.389,
				-4,
				0.778,
				-2.292,
				1.167,
				0,
				1,
				1.611,
				2.619,
				2.056,
				3.5,
				2.5,
				3.5,
				1,
				2.944,
				3.5,
				3.389,
				2.353,
				3.833,
				0,
				1,
				4.333,
				-2.647,
				4.833,
				-4,
				5.333,
				-4
			]
		},
		{
			"Target": "Parameter",
			"Id": "Param_Angle_Rotation85",
			"Segments": [
				0,
				-2,
				1,
				0.022,
				-2,
				0.044,
				-2.169,
				0.067,
				-2.3,
				1,
				0.267,
				-3.477,
				0.467,
				-4,
				0.667,
				-4,
				1,
				1.111,
				-4,
				1.556,
				-3.389,
				2,
				0,
				1,
				2.444,
				3.389,
				2.889,
				7,
				3.333,
				7,
				1,
				3.822,
				7,
				4.311,
				4.535,
				4.8,
				0.971,
				1,
				4.978,
				-0.326,
				5.156,
				-1.311,
				5.333,
				-2
			]
		},
		{
			"Target": "Parameter",
			"Id": "Param_Angle_Rotation86",
			"Segments": [
				0,
				1.11,
				1,
				0.022,
				1.11,
				0.044,
				0.871,
				0.067,
				0.721,
				1,
				0.122,
				0.347,
				0.178,
				0.089,
				0.233,
				-0.24,
				1,
				0.656,
				-2.738,
				1.078,
				-4,
				1.5,
				-4,
				1,
				1.944,
				-4,
				2.389,
				-2.285,
				2.833,
				0,
				1,
				3.278,
				2.285,
				3.722,
				3,
				4.167,
				3,
				1,
				4.556,
				3,
				4.944,
				2.458,
				5.333,
				1.114
			]
		},
		{
			"Target": "Parameter",
			"Id": "Param_Angle_Rotation87",
			"Segments": [
				0,
				3.5,
				1,
				0.333,
				3.5,
				0.667,
				2.13,
				1,
				0,
				1,
				1.444,
				-2.84,
				1.889,
				-4,
				2.333,
				-4,
				1,
				2.778,
				-4,
				3.222,
				-2.153,
				3.667,
				0,
				1,
				4.222,
				2.692,
				4.778,
				3.5,
				5.333,
				3.5
			]
		},
		{
			"Target": "Parameter",
			"Id": "Param_Angle_Rotation89",
			"Segments": [
				0,
				-3,
				1,
				0.022,
				-3,
				0.044,
				-2.868,
				0.067,
				-2.76,
				1,
				0.322,
				-1.521,
				0.578,
				-0.376,
				0.833,
				0.854,
				1,
				1.333,
				3.259,
				1.833,
				4.5,
				2.333,
				4.5,
				1,
				2.778,
				4.5,
				3.222,
				2.943,
				3.667,
				0,
				1,
				4.078,
				-2.722,
				4.489,
				-4,
				4.9,
				-4,
				1,
				5.044,
				-4,
				5.189,
				-3.67,
				5.333,
				-3
			]
		},
		{
			"Target": "Parameter",
			"Id": "Param_Angle_Rotation90",
			"Segments": [
				0,
				-3,
				1,
				0.022,
				-3,
				0.044,
				-3.16,
				0.067,
				-3.243,
				1,
				0.211,
				-3.785,
				0.356,
				-4,
				0.5,
				-4,
				1,
				0.944,
				-4,
				1.389,
				-2.667,
				1.833,
				0,
				1,
				2.278,
				2.667,
				2.722,
				4,
				3.167,
				4,
				1,
				3.611,
				4,
				4.056,
				2.121,
				4.5,
				0,
				1,
				4.778,
				-1.326,
				5.056,
				-2.383,
				5.333,
				-3
			]
		},
		{
			"Target": "Parameter",
			"Id": "Param_Angle_Rotation91",
			"Segments": [
				0,
				0,
				1,
				0.011,
				0,
				0.022,
				-0.129,
				0.033,
				-0.195,
				1,
				0.467,
				-2.763,
				0.9,
				-4,
				1.333,
				-4,
				1,
				1.778,
				-4,
				2.222,
				-2.489,
				2.667,
				0,
				1,
				3.111,
				2.489,
				3.556,
				3.5,
				4,
				3.5,
				1,
				4.444,
				3.5,
				4.889,
				3.236,
				5.333,
				0
			]
		},
		{
			"Target": "Parameter",
			"Id": "Param_Angle_Rotation92",
			"Segments": [
				0,
				2,
				1,
				0.011,
				2,
				0.022,
				1.881,
				0.033,
				1.826,
				1,
				0.289,
				0.572,
				0.544,
				-0.935,
				0.8,
				-1.851,
				1,
				1.256,
				-3.486,
				1.711,
				-4,
				2.167,
				-4,
				1,
				2.611,
				-4,
				3.056,
				-2.729,
				3.5,
				0,
				1,
				3.911,
				2.524,
				4.322,
				3.883,
				4.733,
				3.883,
				1,
				4.933,
				3.883,
				5.133,
				3.374,
				5.333,
				2
			]
		},
		{
			"Target": "Parameter",
			"Id": "Param_Angle_Rotation94",
			"Segments": [
				0,
				-2,
				1,
				0.022,
				-2,
				0.044,
				-1.916,
				0.067,
				-1.82,
				1,
				0.311,
				-0.768,
				0.556,
				0.148,
				0.8,
				1.28,
				1,
				1.311,
				3.647,
				1.822,
				5,
				2.333,
				5,
				1,
				2.778,
				5,
				3.222,
				3.086,
				3.667,
				0,
				1,
				4.022,
				-2.469,
				4.378,
				-3.39,
				4.733,
				-3.39,
				1,
				4.911,
				-3.39,
				5.089,
				-3.068,
				5.267,
				-2.288,
				1,
				5.289,
				-2.191,
				5.311,
				-2,
				5.333,
				-2
			]
		},
		{
			"Target": "Parameter",
			"Id": "Param_Angle_Rotation95",
			"Segments": [
				0,
				-3,
				1,
				0.022,
				-3,
				0.044,
				-3.092,
				0.067,
				-3.18,
				1,
				0.211,
				-3.749,
				0.356,
				-4,
				0.5,
				-4,
				1,
				0.944,
				-4,
				1.389,
				-2.962,
				1.833,
				0,
				1,
				2.278,
				2.962,
				2.722,
				5,
				3.167,
				5,
				1,
				3.611,
				5,
				4.056,
				3.597,
				4.5,
				1.183,
				1,
				4.778,
				-0.325,
				5.056,
				-1.964,
				5.333,
				-3
			]
		},
		{
			"Target": "Parameter",
			"Id": "Param_Angle_Rotation96",
			"Segments": [
				0,
				0,
				1,
				0.011,
				0,
				0.022,
				-0.251,
				0.033,
				-0.315,
				1,
				0.467,
				-2.814,
				0.9,
				-4,
				1.333,
				-4,
				1,
				1.778,
				-4,
				2.222,
				-2.962,
				2.667,
				0,
				1,
				3.111,
				2.962,
				3.556,
				5,
				4,
				5,
				1,
				4.444,
				5,
				4.889,
				4.096,
				5.333,
				0
			]
		},
		{
			"Target": "Parameter",
			"Id": "Param_Angle_Rotation97",
			"Segments": [
				0,
				2,
				1,
				0.011,
				2,
				0.022,
				1.975,
				0.033,
				1.93,
				1,
				0.289,
				0.888,
				0.544,
				-0.146,
				0.8,
				-1.192,
				1,
				1.256,
				-3.058,
				1.711,
				-4,
				2.167,
				-4,
				1,
				2.611,
				-4,
				3.056,
				-2.285,
				3.5,
				0,
				1,
				3.944,
				2.285,
				4.389,
				3,
				4.833,
				3,
				1,
				5,
				3,
				5.167,
				2.83,
				5.333,
				2
			]
		},
		{
			"Target": "Parameter",
			"Id": "Param_Angle_Rotation99",
			"Segments": [
				0,
				-2,
				1,
				0.011,
				-2,
				0.022,
				-1.851,
				0.033,
				-1.809,
				1,
				0.267,
				-0.935,
				0.5,
				-0.039,
				0.733,
				0.732,
				1,
				1.211,
				2.311,
				1.689,
				3,
				2.167,
				3,
				1,
				2.611,
				3,
				3.056,
				2.305,
				3.5,
				0,
				1,
				3.889,
				-2.017,
				4.278,
				-3.666,
				4.667,
				-3.666,
				1,
				4.889,
				-3.666,
				5.111,
				-3.086,
				5.333,
				-2
			]
		},
		{
			"Target": "Parameter",
			"Id": "Param_Angle_Rotation100",
			"Segments": [
				0,
				-2,
				1,
				0.011,
				-2,
				0.022,
				-2.122,
				0.033,
				-2.176,
				1,
				0.222,
				-3.092,
				0.411,
				-3.509,
				0.6,
				-3.509,
				1,
				0.956,
				-3.509,
				1.311,
				-1.861,
				1.667,
				0,
				1,
				2.111,
				2.326,
				2.556,
				3,
				3,
				3,
				1,
				3.444,
				3,
				3.889,
				1.302,
				4.333,
				0,
				1,
				4.667,
				-0.976,
				5,
				-1.586,
				5.333,
				-2
			]
		},
		{
			"Target": "Parameter",
			"Id": "Param_Angle_Rotation101",
			"Segments": [
				0,
				-0.64,
				1,
				0.011,
				-0.64,
				0.022,
				-0.696,
				0.033,
				-0.76,
				1,
				0.411,
				-2.933,
				0.789,
				-4,
				1.167,
				-4,
				1,
				1.611,
				-4,
				2.056,
				-2.489,
				2.5,
				0,
				1,
				2.944,
				2.489,
				3.389,
				3.5,
				3.833,
				3.5,
				1,
				4.278,
				3.5,
				4.722,
				2.503,
				5.167,
				0.369,
				1,
				5.211,
				0.155,
				5.256,
				-0.185,
				5.3,
				-0.454,
				1,
				5.311,
				-0.521,
				5.322,
				-0.609,
				5.333,
				-0.641
			]
		},
		{
			"Target": "Parameter",
			"Id": "Param_Angle_Rotation102",
			"Segments": [
				0,
				1,
				1,
				0.022,
				1,
				0.044,
				0.63,
				0.067,
				0.522,
				1,
				0.256,
				-0.398,
				0.444,
				-1.319,
				0.633,
				-2.042,
				1,
				1.089,
				-3.785,
				1.544,
				-4.5,
				2,
				-4.5,
				1,
				2.444,
				-4.5,
				2.889,
				-2.881,
				3.333,
				0,
				1,
				3.711,
				2.449,
				4.089,
				3.511,
				4.467,
				3.511,
				1,
				4.733,
				3.511,
				5,
				2.832,
				5.267,
				1.42,
				1,
				5.289,
				1.302,
				5.311,
				1.036,
				5.333,
				1
			]
		},
		{
			"Target": "Parameter",
			"Id": "Param_Angle_Rotation104",
			"Segments": [
				0,
				5,
				1,
				0.011,
				5,
				0.022,
				4.53,
				0.033,
				4.449,
				1,
				0.311,
				2.433,
				0.589,
				-0.097,
				0.867,
				-1.424,
				1,
				1.3,
				-3.494,
				1.733,
				-4,
				2.167,
				-4,
				1,
				2.611,
				-4,
				3.056,
				-3.389,
				3.5,
				0,
				1,
				3.944,
				3.389,
				4.389,
				7,
				4.833,
				7,
				1,
				5,
				7,
				5.167,
				6.682,
				5.333,
				5
			]
		},
		{
			"Target": "Parameter",
			"Id": "Param_Angle_Rotation105",
			"Segments": [
				0,
				4,
				1,
				0.011,
				4,
				0.022,
				4.582,
				0.033,
				4.683,
				1,
				0.189,
				6.091,
				0.344,
				6.69,
				0.5,
				6.69,
				1,
				0.889,
				6.69,
				1.278,
				3.474,
				1.667,
				0,
				1,
				2.111,
				-3.971,
				2.556,
				-5,
				3,
				-5,
				1,
				3.456,
				-5,
				3.911,
				-4.078,
				4.367,
				-1.702,
				1,
				4.667,
				-0.137,
				4.967,
				1.812,
				5.267,
				3.65,
				1,
				5.289,
				3.786,
				5.311,
				4,
				5.333,
				4
			]
		},
		{
			"Target": "Parameter",
			"Id": "Param_Angle_Rotation106",
			"Segments": [
				0,
				1,
				1,
				0.022,
				1,
				0.044,
				1.415,
				0.067,
				1.638,
				1,
				0.433,
				5.313,
				0.8,
				7,
				1.167,
				7,
				1,
				1.611,
				7,
				2.056,
				3.648,
				2.5,
				0,
				1,
				2.944,
				-3.648,
				3.389,
				-4.5,
				3.833,
				-4.5,
				1,
				4.211,
				-4.5,
				4.589,
				-3.72,
				4.967,
				-1.759,
				1,
				5.067,
				-1.24,
				5.167,
				-0.349,
				5.267,
				0.398,
				1,
				5.289,
				0.564,
				5.311,
				0.779,
				5.333,
				1
			]
		},
		{
			"Target": "Parameter",
			"Id": "Param_Angle_Rotation107",
			"Segments": [
				0,
				-2,
				1,
				0.033,
				-2,
				0.067,
				-1.447,
				0.1,
				-1.221,
				1,
				0.256,
				-0.167,
				0.411,
				0.502,
				0.567,
				1.607,
				1,
				1.044,
				5,
				1.522,
				7,
				2,
				7,
				1,
				2.444,
				7,
				2.889,
				4.002,
				3.333,
				0,
				1,
				3.833,
				-4.502,
				4.333,
				-6,
				4.833,
				-6,
				1,
				5,
				-6,
				5.167,
				-4.909,
				5.333,
				-2
			]
		},
		{
			"Target": "Parameter",
			"Id": "Param_Angle_Rotation109",
			"Segments": [
				0,
				3,
				1,
				0.022,
				3,
				0.044,
				2.646,
				0.067,
				2.489,
				1,
				0.267,
				1.067,
				0.467,
				-0.548,
				0.667,
				-1.54,
				1,
				1.111,
				-3.744,
				1.556,
				-4.5,
				2,
				-4.5,
				1,
				2.444,
				-4.5,
				2.889,
				-3.648,
				3.333,
				0,
				1,
				3.778,
				3.648,
				4.222,
				7,
				4.667,
				7,
				1,
				4.889,
				7,
				5.111,
				5.284,
				5.333,
				3
			]
		},
		{
			"Target": "Parameter",
			"Id": "Param_Angle_Rotation110",
			"Segments": [
				0,
				7,
				1,
				0.5,
				7,
				1,
				3.952,
				1.5,
				0,
				1,
				1.944,
				-3.513,
				2.389,
				-4.5,
				2.833,
				-4.5,
				1,
				3.278,
				-4.5,
				3.722,
				-3.762,
				4.167,
				0,
				1,
				4.556,
				3.292,
				4.944,
				7,
				5.333,
				7
			]
		},
		{
			"Target": "Parameter",
			"Id": "Param_Angle_Rotation111",
			"Segments": [
				0,
				2,
				1,
				0.011,
				2,
				0.022,
				2.392,
				0.033,
				2.509,
				1,
				0.356,
				5.907,
				0.678,
				7.5,
				1,
				7.5,
				1,
				1.444,
				7.5,
				1.889,
				3.996,
				2.333,
				0,
				1,
				2.778,
				-3.996,
				3.222,
				-5,
				3.667,
				-5,
				1,
				4.078,
				-5,
				4.489,
				-3.866,
				4.9,
				-1.23,
				1,
				5.044,
				-0.303,
				5.189,
				0.872,
				5.333,
				2
			]
		},
		{
			"Target": "Parameter",
			"Id": "Param_Angle_Rotation112",
			"Segments": [
				0,
				-3,
				1,
				0.011,
				-3,
				0.022,
				-2.691,
				0.033,
				-2.579,
				1,
				0.233,
				-0.569,
				0.433,
				1.579,
				0.633,
				3.264,
				1,
				1.033,
				6.633,
				1.433,
				8,
				1.833,
				8,
				1,
				2.278,
				8,
				2.722,
				4.096,
				3.167,
				0,
				1,
				3.611,
				-4.096,
				4.056,
				-5,
				4.5,
				-5,
				1,
				4.778,
				-5,
				5.056,
				-4.729,
				5.333,
				-3
			]
		},
		{
			"Target": "Parameter",
			"Id": "Param_Angle_Rotation114",
			"Segments": [
				0,
				4.75,
				1,
				0.011,
				4.75,
				0.022,
				4.286,
				0.033,
				4.123,
				1,
				0.156,
				2.33,
				0.278,
				0.574,
				0.4,
				-0.994,
				1,
				0.878,
				-7.122,
				1.356,
				-10,
				1.833,
				-10,
				1,
				2.278,
				-10,
				2.722,
				-7.974,
				3.167,
				0,
				1,
				3.611,
				7.974,
				4.056,
				15,
				4.5,
				15,
				1,
				4.778,
				15,
				5.056,
				10.893,
				5.333,
				4.75
			]
		},
		{
			"Target": "Parameter",
			"Id": "Param_Angle_Rotation115",
			"Segments": [
				0,
				7,
				1,
				0.444,
				7,
				0.889,
				3.886,
				1.333,
				0,
				1,
				1.778,
				-3.886,
				2.222,
				-5,
				2.667,
				-5,
				1,
				3.111,
				-5,
				3.556,
				-3.886,
				4,
				0,
				1,
				4.444,
				3.886,
				4.889,
				7,
				5.333,
				7
			]
		},
		{
			"Target": "Parameter",
			"Id": "Param_Angle_Rotation116",
			"Segments": [
				0,
				4,
				1,
				0.011,
				4,
				0.022,
				4.054,
				0.033,
				4.134,
				1,
				0.3,
				6.053,
				0.567,
				7,
				0.833,
				7,
				1,
				1.278,
				7,
				1.722,
				3.886,
				2.167,
				0,
				1,
				2.611,
				-3.886,
				3.056,
				-5,
				3.5,
				-5,
				1,
				3.944,
				-5,
				4.389,
				-3.391,
				4.833,
				0,
				1,
				5,
				1.272,
				5.167,
				2.786,
				5.333,
				4
			]
		},
		{
			"Target": "Parameter",
			"Id": "Param_Angle_Rotation117",
			"Segments": [
				0,
				-1.62,
				1,
				0.022,
				-1.62,
				0.044,
				-1.161,
				0.067,
				-0.934,
				1,
				0.144,
				-0.141,
				0.222,
				0.485,
				0.3,
				1.155,
				1,
				0.756,
				5.077,
				1.211,
				7,
				1.667,
				7,
				1,
				2.111,
				7,
				2.556,
				3.886,
				3,
				0,
				1,
				3.444,
				-3.886,
				3.889,
				-5,
				4.333,
				-5,
				1,
				4.667,
				-5,
				5,
				-4.151,
				5.333,
				-1.62
			]
		},
		{
			"Target": "Parameter",
			"Id": "Param_Angle_Rotation118",
			"Segments": [
				0,
				-6,
				1,
				0.389,
				-6,
				0.778,
				-3.716,
				1.167,
				0,
				1,
				1.611,
				4.247,
				2.056,
				6,
				2.5,
				6,
				1,
				2.944,
				6,
				3.389,
				3.751,
				3.833,
				0,
				1,
				4.333,
				-4.22,
				4.833,
				-6,
				5.333,
				-6
			]
		},
		{
			"Target": "Parameter",
			"Id": "Param_Angle_Rotation120",
			"Segments": [
				0,
				2.79,
				1,
				0.011,
				2.79,
				0.022,
				2.392,
				0.033,
				2.295,
				1,
				0.222,
				0.647,
				0.411,
				-1.382,
				0.6,
				-2.46,
				1,
				1.067,
				-5.124,
				1.533,
				-6,
				2,
				-6,
				1,
				2.444,
				-6,
				2.889,
				-4,
				3.333,
				0,
				1,
				3.778,
				4,
				4.222,
				6,
				4.667,
				6,
				1,
				4.889,
				6,
				5.111,
				4.777,
				5.333,
				2.787
			]
		},
		{
			"Target": "Parameter",
			"Id": "Param_Angle_Rotation121",
			"Segments": [
				0,
				5.731,
				1,
				0.011,
				5.731,
				0.022,
				5.855,
				0.033,
				5.879,
				1,
				0.078,
				5.975,
				0.122,
				6,
				0.167,
				6,
				1,
				0.611,
				6,
				1.056,
				4,
				1.5,
				0,
				1,
				1.944,
				-4,
				2.389,
				-6,
				2.833,
				-6,
				1,
				3.278,
				-6,
				3.722,
				-3.943,
				4.167,
				0,
				1,
				4.344,
				1.577,
				4.522,
				3.69,
				4.7,
				4.57,
				1,
				4.911,
				5.616,
				5.122,
				5.73,
				5.333,
				5.73
			]
		},
		{
			"Target": "Parameter",
			"Id": "Param_Angle_Rotation122",
			"Segments": [
				0,
				2.243,
				1,
				0.011,
				2.243,
				0.022,
				2.352,
				0.033,
				2.435,
				1,
				0.356,
				4.84,
				0.678,
				6,
				1,
				6,
				1,
				1.444,
				6,
				1.889,
				4,
				2.333,
				0,
				1,
				2.778,
				-4,
				3.222,
				-6,
				3.667,
				-6,
				1,
				4.1,
				-6,
				4.533,
				-4.353,
				4.967,
				-0.885,
				1,
				5.078,
				0.004,
				5.189,
				1.024,
				5.3,
				1.971,
				1,
				5.311,
				2.066,
				5.322,
				2.033,
				5.333,
				2.24
			]
		},
		{
			"Target": "Parameter",
			"Id": "Param_Angle_Rotation123",
			"Segments": [
				0,
				-1.91,
				1,
				0.011,
				-1.91,
				0.022,
				-1.852,
				0.033,
				-1.776,
				1,
				0.156,
				-0.941,
				0.278,
				-0.054,
				0.4,
				0.696,
				1,
				0.878,
				3.631,
				1.356,
				5,
				1.833,
				5,
				1,
				2.278,
				5,
				2.722,
				3.333,
				3.167,
				0,
				1,
				3.611,
				-3.333,
				4.056,
				-5,
				4.5,
				-5,
				1,
				4.778,
				-5,
				5.056,
				-3.437,
				5.333,
				-1.915
			]
		}
	]
}