{
	"Version": 3,
	"Meta": {
		"Duration": 2.1,
		"Fps": 30.0,
		"Loop": true,
		"AreBeziersRestricted": false,
		"CurveCount": 131,
		"TotalSegmentCount": 792,
		"TotalPointCount": 2349,
		"UserDataCount": 0,
		"TotalUserDataSize": 0
	},
	"Curves": [
		{
			"Target": "Parameter",
			"Id": "ParamBrowLForm",
			"Segments": [
				0,
				0,
				1,
				0.078,
				0,
				0.156,
				-1,
				0.233,
				-1,
				1,
				0.733,
				-1,
				1.233,
				-1,
				1.733,
				-1,
				1,
				1.8,
				-1,
				1.867,
				0,
				1.933,
				0,
				1,
				1.989,
				0,
				2.044,
				0,
				2.1,
				0
			]
		},
		{
			"Target": "Parameter",
			"Id": "ParamPachi",
			"Segments": [
				0,
				1,
				1,
				0.122,
				1,
				0.244,
				0.946,
				0.367,
				0.7,
				1,
				0.4,
				0.633,
				0.433,
				0,
				0.467,
				0,
				1,
				0.511,
				0,
				0.556,
				0.69,
				0.6,
				0.7,
				1,
				0.922,
				0.776,
				1.244,
				0.8,
				1.567,
				0.8,
				1,
				1.611,
				0.8,
				1.656,
				0,
				1.7,
				0,
				1,
				1.722,
				0,
				1.744,
				0,
				1.767,
				0,
				1,
				1.811,
				0,
				1.856,
				1,
				1.9,
				1,
				1,
				1.967,
				1,
				2.033,
				1,
				2.1,
				1
			]
		},
		{
			"Target": "Parameter",
			"Id": "ParamMouthForm",
			"Segments": [
				0,
				0,
				1,
				0.089,
				0,
				0.178,
				1,
				0.267,
				1,
				1,
				0.667,
				1,
				1.067,
				1,
				1.467,
				1,
				1,
				1.678,
				1,
				1.889,
				0,
				2.1,
				0
			]
		},
		{
			"Target": "Parameter",
			"Id": "ParamLegL1",
			"Segments": [
				0,
				0,
				1,
				0.089,
				0,
				0.178,
				11,
				0.267,
				11,
				1,
				0.422,
				11,
				0.578,
				-18,
				0.733,
				-18,
				1,
				0.867,
				-18,
				1,
				7,
				1.133,
				7,
				1,
				1.289,
				7,
				1.444,
				-2,
				1.6,
				-2,
				1,
				1.767,
				-2,
				1.933,
				0,
				2.1,
				0
			]
		},
		{
			"Target": "Parameter",
			"Id": "ParamLegL2",
			"Segments": [
				0,
				0,
				1,
				0.122,
				0,
				0.244,
				20,
				0.367,
				20,
				1,
				0.522,
				20,
				0.678,
				-6,
				0.833,
				-6,
				1,
				0.967,
				-6,
				1.1,
				3,
				1.233,
				3,
				1,
				1.389,
				3,
				1.544,
				-1,
				1.7,
				-1,
				1,
				1.833,
				-1,
				1.967,
				0,
				2.1,
				0
			]
		},
		{
			"Target": "Parameter",
			"Id": "ParamLegR1",
			"Segments": [
				0,
				0,
				1,
				0.1,
				0,
				0.2,
				11,
				0.3,
				11,
				1,
				0.456,
				11,
				0.611,
				-19,
				0.767,
				-19,
				1,
				0.9,
				-19,
				1.033,
				4,
				1.167,
				4,
				1,
				1.333,
				4,
				1.5,
				-1,
				1.667,
				-1,
				1,
				1.811,
				-1,
				1.956,
				0,
				2.1,
				0
			]
		},
		{
			"Target": "Parameter",
			"Id": "ParamLegR2",
			"Segments": [
				0,
				0,
				1,
				0.122,
				0,
				0.244,
				14,
				0.367,
				14,
				1,
				0.522,
				14,
				0.678,
				-15,
				0.833,
				-15,
				1,
				0.967,
				-15,
				1.1,
				10,
				1.233,
				10,
				1,
				1.4,
				10,
				1.567,
				-4,
				1.733,
				-4,
				1,
				1.856,
				-4,
				1.978,
				0,
				2.1,
				0
			]
		},
		{
			"Target": "Parameter",
			"Id": "ParamPaiRY",
			"Segments": [
				0,
				0,
				1,
				0.011,
				0,
				0.022,
				-2.172,
				0.033,
				-3.054,
				1,
				0.122,
				-10.109,
				0.211,
				-13,
				0.3,
				-13,
				1,
				0.389,
				-13,
				0.478,
				-13,
				0.567,
				-13,
				1,
				0.656,
				-13,
				0.744,
				-6,
				0.833,
				-6,
				1,
				0.933,
				-6,
				1.033,
				-11,
				1.133,
				-11,
				1,
				1.233,
				-11,
				1.333,
				5.143,
				1.433,
				5.143,
				1,
				1.656,
				5.143,
				1.878,
				0,
				2.1,
				0
			]
		},
		{
			"Target": "Parameter",
			"Id": "ParamPaiRX",
			"Segments": [
				0,
				0,
				1,
				0.011,
				0,
				0.022,
				-1.435,
				0.033,
				-2.05,
				1,
				0.122,
				-6.968,
				0.211,
				-9,
				0.3,
				-9,
				1,
				0.478,
				-9,
				0.656,
				11,
				0.833,
				11,
				1,
				1.011,
				11,
				1.189,
				-14,
				1.367,
				-14,
				1,
				1.489,
				-14,
				1.611,
				5,
				1.733,
				5,
				1,
				1.856,
				5,
				1.978,
				0,
				2.1,
				0
			]
		},
		{
			"Target": "Parameter",
			"Id": "ParamPaiRY2",
			"Segments": [
				0,
				0,
				1,
				0.011,
				0,
				0.022,
				-2.126,
				0.033,
				-2.657,
				1,
				0.1,
				-5.841,
				0.167,
				-7,
				0.233,
				-7,
				1,
				0.322,
				-7,
				0.411,
				-7.165,
				0.5,
				-6,
				1,
				0.589,
				-4.835,
				0.678,
				8,
				0.767,
				8,
				1,
				0.856,
				8,
				0.944,
				-2,
				1.033,
				-2,
				1,
				1.144,
				-2,
				1.256,
				9,
				1.367,
				9,
				1,
				1.489,
				9,
				1.611,
				4.02,
				1.733,
				2,
				1,
				1.856,
				-0.02,
				1.978,
				0,
				2.1,
				0
			]
		},
		{
			"Target": "Parameter",
			"Id": "ParamPaiRX2",
			"Segments": [
				0,
				0,
				1,
				0.011,
				0,
				0.022,
				-2.6,
				0.033,
				-3.403,
				1,
				0.1,
				-8.219,
				0.167,
				-10,
				0.233,
				-10,
				1,
				0.322,
				-10,
				0.411,
				-4,
				0.5,
				-4,
				1,
				0.678,
				-4,
				0.856,
				-14,
				1.033,
				-14,
				1,
				1.144,
				-14,
				1.256,
				5,
				1.367,
				5,
				1,
				1.489,
				5,
				1.611,
				3.597,
				1.733,
				2,
				1,
				1.856,
				0.403,
				1.978,
				0,
				2.1,
				0
			]
		},
		{
			"Target": "Parameter",
			"Id": "ParamPaiLY",
			"Segments": [
				0,
				0,
				1,
				0.011,
				0,
				0.022,
				-3.889,
				0.033,
				-4.992,
				1,
				0.122,
				-13.813,
				0.211,
				-17.298,
				0.3,
				-17.298,
				1,
				0.389,
				-17.298,
				0.478,
				-17.241,
				0.567,
				-13,
				1,
				0.644,
				-9.289,
				0.722,
				4.004,
				0.8,
				4.004,
				1,
				0.9,
				4.004,
				1,
				-27,
				1.1,
				-27,
				1,
				1.211,
				-27,
				1.322,
				9,
				1.433,
				9,
				1,
				1.533,
				9,
				1.633,
				-2,
				1.733,
				-2,
				1,
				1.856,
				-2,
				1.978,
				0,
				2.1,
				0
			]
		},
		{
			"Target": "Parameter",
			"Id": "ParamPaiLX",
			"Segments": [
				0,
				0,
				1,
				0.011,
				0,
				0.022,
				2.324,
				0.033,
				3.243,
				1,
				0.1,
				8.759,
				0.167,
				10.86,
				0.233,
				10.86,
				1,
				0.344,
				10.86,
				0.456,
				-0.308,
				0.567,
				-18,
				1,
				0.622,
				-26.846,
				0.678,
				-29.467,
				0.733,
				-29.467,
				1,
				0.867,
				-29.467,
				1,
				11.869,
				1.133,
				11.869,
				1,
				1.233,
				11.869,
				1.333,
				-5,
				1.433,
				-5,
				1,
				1.544,
				-5,
				1.656,
				1.545,
				1.767,
				1.545,
				1,
				1.878,
				1.545,
				1.989,
				0,
				2.1,
				0
			]
		},
		{
			"Target": "Parameter",
			"Id": "ParamPaiLY2",
			"Segments": [
				0,
				0,
				1,
				0.011,
				0,
				0.022,
				-2.314,
				0.033,
				-3.903,
				1,
				0.089,
				-11.849,
				0.144,
				-15,
				0.2,
				-15,
				1,
				0.289,
				-15,
				0.378,
				-12.676,
				0.467,
				-7,
				1,
				0.533,
				-2.743,
				0.6,
				0,
				0.667,
				0,
				1,
				0.778,
				0,
				0.889,
				-18,
				1,
				-18,
				1,
				1.111,
				-18,
				1.222,
				-16.739,
				1.333,
				-11,
				1,
				1.467,
				-4.114,
				1.6,
				2,
				1.733,
				2,
				1,
				1.856,
				2,
				1.978,
				0,
				2.1,
				0
			]
		},
		{
			"Target": "Parameter",
			"Id": "ParamPaiLX2",
			"Segments": [
				0,
				0,
				1,
				0.011,
				0,
				0.022,
				3.139,
				0.033,
				5.255,
				1,
				0.089,
				15.833,
				0.144,
				20,
				0.2,
				20,
				1,
				0.289,
				20,
				0.378,
				7.578,
				0.467,
				0,
				1,
				0.644,
				-15.156,
				0.822,
				-19,
				1,
				-19,
				1,
				1.111,
				-19,
				1.222,
				16,
				1.333,
				16,
				1,
				1.467,
				16,
				1.6,
				4.451,
				1.733,
				2,
				1,
				1.856,
				-0.247,
				1.978,
				0,
				2.1,
				0
			]
		},
		{
			"Target": "Parameter",
			"Id": "ParamCheek",
			"Segments": [
				0,
				0,
				1,
				0.044,
				0,
				0.089,
				1,
				0.133,
				1,
				1,
				0.489,
				1,
				0.844,
				1,
				1.2,
				1,
				1,
				1.4,
				1,
				1.6,
				0,
				1.8,
				0,
				0,
				2.1,
				0
			]
		},
		{
			"Target": "Parameter",
			"Id": "ParamBreat",
			"Segments": [
				0,
				0.5,
				0,
				2.1,
				0.5
			]
		},
		{
			"Target": "Parameter",
			"Id": "ParamAngleZ",
			"Segments": [
				0,
				0,
				1,
				0.011,
				0,
				0.022,
				-1.708,
				0.033,
				-2.918,
				1,
				0.111,
				-11.384,
				0.189,
				-15,
				0.267,
				-15,
				1,
				0.4,
				-15,
				0.533,
				7.579,
				0.667,
				7.579,
				1,
				0.822,
				7.579,
				0.978,
				-6,
				1.133,
				-6,
				1,
				1.311,
				-6,
				1.489,
				1,
				1.667,
				1,
				1,
				1.811,
				1,
				1.956,
				0,
				2.1,
				0
			]
		},
		{
			"Target": "Parameter",
			"Id": "ParamBodyAngleY",
			"Segments": [
				0,
				0,
				1,
				0.011,
				0,
				0.022,
				-1.278,
				0.033,
				-2,
				1,
				0.089,
				-5.612,
				0.144,
				-7,
				0.2,
				-7,
				1,
				0.3,
				-7,
				0.4,
				5.375,
				0.5,
				5.375,
				1,
				0.644,
				5.375,
				0.789,
				-3.571,
				0.933,
				-3.571,
				1,
				1.044,
				-3.571,
				1.156,
				1.768,
				1.267,
				1.768,
				1,
				1.422,
				1.768,
				1.578,
				0,
				1.733,
				0,
				1,
				1.856,
				0,
				1.978,
				0,
				2.1,
				0
			]
		},
		{
			"Target": "Parameter",
			"Id": "ParamArmR2",
			"Segments": [
				0,
				0,
				1,
				0.089,
				0,
				0.178,
				-14,
				0.267,
				-14,
				1,
				0.389,
				-14,
				0.511,
				9,
				0.633,
				9,
				1,
				0.756,
				9,
				0.878,
				-6,
				1,
				-6,
				1,
				1.156,
				-6,
				1.311,
				2,
				1.467,
				2,
				1,
				1.678,
				2,
				1.889,
				0,
				2.1,
				0
			]
		},
		{
			"Target": "Parameter",
			"Id": "ParamArmR",
			"Segments": [
				0,
				0,
				1,
				0.111,
				0,
				0.222,
				-14,
				0.333,
				-14,
				1,
				0.456,
				-14,
				0.578,
				9,
				0.7,
				9,
				1,
				0.822,
				9,
				0.944,
				-6,
				1.067,
				-6,
				1,
				1.222,
				-6,
				1.378,
				2,
				1.533,
				2,
				1,
				1.722,
				2,
				1.911,
				0,
				2.1,
				0
			]
		},
		{
			"Target": "Parameter",
			"Id": "ParamHandR",
			"Segments": [
				0,
				0,
				1,
				0.133,
				0,
				0.267,
				-13,
				0.4,
				-13,
				1,
				0.522,
				-13,
				0.644,
				8,
				0.767,
				8,
				1,
				0.889,
				8,
				1.011,
				-6,
				1.133,
				-6,
				1,
				1.289,
				-6,
				1.444,
				2,
				1.6,
				2,
				1,
				1.767,
				2,
				1.933,
				0,
				2.1,
				0
			]
		},
		{
			"Target": "Parameter",
			"Id": "ParamHnadRU",
			"Segments": [
				0,
				0,
				1,
				0.156,
				0,
				0.311,
				30,
				0.467,
				30,
				1,
				0.589,
				30,
				0.711,
				-29,
				0.833,
				-29,
				1,
				0.956,
				-29,
				1.078,
				15,
				1.2,
				15,
				1,
				1.356,
				15,
				1.511,
				-10,
				1.667,
				-10,
				1,
				1.811,
				-10,
				1.956,
				0,
				2.1,
				0
			]
		},
		{
			"Target": "Parameter",
			"Id": "ParamYubi1",
			"Segments": [
				0,
				0,
				1,
				0.156,
				0,
				0.311,
				-20,
				0.467,
				-20,
				1,
				0.589,
				-20,
				0.711,
				12,
				0.833,
				12,
				1,
				0.956,
				12,
				1.078,
				-6,
				1.2,
				-6,
				1,
				1.356,
				-6,
				1.511,
				3,
				1.667,
				3,
				1,
				1.811,
				3,
				1.956,
				0,
				2.1,
				0
			]
		},
		{
			"Target": "Parameter",
			"Id": "ParamYubi2",
			"Segments": [
				0,
				0,
				1,
				0.156,
				0,
				0.311,
				-20,
				0.467,
				-20,
				1,
				0.589,
				-20,
				0.711,
				14,
				0.833,
				14,
				1,
				0.956,
				14,
				1.078,
				-6,
				1.2,
				-6,
				1,
				1.356,
				-6,
				1.511,
				3,
				1.667,
				3,
				1,
				1.811,
				3,
				1.956,
				0,
				2.1,
				0
			]
		},
		{
			"Target": "Parameter",
			"Id": "ParamArmL",
			"Segments": [
				0,
				0,
				1,
				0.067,
				0,
				0.133,
				-12,
				0.2,
				-12,
				1,
				0.322,
				-12,
				0.444,
				30,
				0.567,
				30,
				1,
				0.7,
				30,
				0.833,
				-13,
				0.967,
				-13,
				1,
				1.111,
				-13,
				1.256,
				4,
				1.4,
				4,
				1,
				1.633,
				4,
				1.867,
				0,
				2.1,
				0
			]
		},
		{
			"Target": "Parameter",
			"Id": "ParamHandL",
			"Segments": [
				0,
				0,
				1,
				0.1,
				0,
				0.2,
				-28,
				0.3,
				-28,
				1,
				0.422,
				-28,
				0.544,
				25,
				0.667,
				25,
				1,
				0.8,
				25,
				0.933,
				-9,
				1.067,
				-9,
				1,
				1.211,
				-9,
				1.356,
				2,
				1.5,
				2,
				1,
				1.7,
				2,
				1.9,
				0,
				2.1,
				0
			]
		},
		{
			"Target": "Parameter",
			"Id": "ParamHandLU",
			"Segments": [
				0,
				0,
				1,
				0.133,
				0,
				0.267,
				-29,
				0.4,
				-29,
				1,
				0.522,
				-29,
				0.644,
				26,
				0.767,
				26,
				1,
				0.9,
				26,
				1.033,
				-8,
				1.167,
				-8,
				1,
				1.311,
				-8,
				1.456,
				1,
				1.6,
				1,
				1,
				1.767,
				1,
				1.933,
				0,
				2.1,
				0
			]
		},
		{
			"Target": "Parameter",
			"Id": "ParamItiX",
			"Segments": [
				0,
				0,
				1,
				0.011,
				0,
				0.022,
				0.771,
				0.033,
				0.771,
				1,
				0.133,
				0.771,
				0.233,
				-2,
				0.333,
				-2,
				1,
				0.444,
				-2,
				0.556,
				2,
				0.667,
				2,
				1,
				0.811,
				2,
				0.956,
				-1.466,
				1.1,
				-1.466,
				1,
				1.211,
				-1.466,
				1.322,
				1.034,
				1.433,
				1.034,
				1,
				1.656,
				1.034,
				1.878,
				0,
				2.1,
				0
			]
		},
		{
			"Target": "Parameter",
			"Id": "ParamItiY",
			"Segments": [
				0,
				0,
				1,
				0.011,
				0,
				0.022,
				0.947,
				0.033,
				0.947,
				1,
				0.133,
				0.947,
				0.233,
				-6,
				0.333,
				-6,
				1,
				0.444,
				-6,
				0.556,
				6,
				0.667,
				6,
				1,
				0.811,
				6,
				0.956,
				-1.466,
				1.1,
				-1.466,
				1,
				1.211,
				-1.466,
				1.322,
				1.034,
				1.433,
				1.034,
				1,
				1.656,
				1.034,
				1.878,
				0,
				2.1,
				0
			]
		},
		{
			"Target": "Parameter",
			"Id": "ParamEyeLOpen",
			"Segments": [
				0,
				1,
				1,
				0.044,
				1,
				0.089,
				0,
				0.133,
				0,
				1,
				0.211,
				0,
				0.289,
				0.7,
				0.367,
				0.7,
				1,
				0.522,
				0.7,
				0.678,
				0.6,
				0.833,
				0.6,
				1,
				0.956,
				0.6,
				1.078,
				0.609,
				1.2,
				0.7,
				1,
				1.411,
				0.857,
				1.622,
				1,
				1.833,
				1,
				0,
				2.1,
				1
			]
		},
		{
			"Target": "Parameter",
			"Id": "ParamEyeROpen",
			"Segments": [
				0,
				1,
				1,
				0.044,
				1,
				0.089,
				0,
				0.133,
				0,
				1,
				0.211,
				0,
				0.289,
				0.7,
				0.367,
				0.7,
				1,
				0.522,
				0.7,
				0.678,
				0.6,
				0.833,
				0.6,
				1,
				0.956,
				0.6,
				1.078,
				0.609,
				1.2,
				0.7,
				1,
				1.411,
				0.857,
				1.622,
				1,
				1.833,
				1,
				0,
				2.1,
				1
			]
		},
		{
			"Target": "Parameter",
			"Id": "ParamMouthOpenY",
			"Segments": [
				0,
				0,
				1,
				0.533,
				0,
				1.067,
				0,
				1.6,
				0,
				0,
				2.1,
				0
			]
		},
		{
			"Target": "Parameter",
			"Id": "Param_Angle_Rotation2",
			"Segments": [
				0,
				0,
				1,
				0.078,
				0,
				0.156,
				30,
				0.233,
				30,
				1,
				0.356,
				30,
				0.478,
				-18,
				0.6,
				-18,
				1,
				0.722,
				-18,
				0.844,
				10,
				0.967,
				10,
				1,
				1.1,
				10,
				1.233,
				-4,
				1.367,
				-4,
				1,
				1.611,
				-4,
				1.856,
				0,
				2.1,
				0
			]
		},
		{
			"Target": "Parameter",
			"Id": "Param_Angle_Rotation3",
			"Segments": [
				0,
				0,
				0,
				0.1,
				0,
				1,
				0.178,
				0,
				0.256,
				30,
				0.333,
				30,
				1,
				0.456,
				30,
				0.578,
				-18,
				0.7,
				-18,
				1,
				0.822,
				-18,
				0.944,
				10,
				1.067,
				10,
				1,
				1.2,
				10,
				1.333,
				-3,
				1.467,
				-3,
				1,
				1.678,
				-3,
				1.889,
				4.11,
				2.1,
				4.11
			]
		},
		{
			"Target": "Parameter",
			"Id": "Param_Angle_Rotation5",
			"Segments": [
				0,
				0,
				1,
				0.078,
				0,
				0.156,
				30,
				0.233,
				30,
				1,
				0.356,
				30,
				0.478,
				-18,
				0.6,
				-18,
				1,
				0.722,
				-18,
				0.844,
				11,
				0.967,
				11,
				1,
				1.1,
				11,
				1.233,
				-7,
				1.367,
				-7,
				1,
				1.611,
				-7,
				1.856,
				0,
				2.1,
				0
			]
		},
		{
			"Target": "Parameter",
			"Id": "Param_Angle_Rotation6",
			"Segments": [
				0,
				0,
				0,
				0.1,
				0,
				1,
				0.178,
				0,
				0.256,
				30,
				0.333,
				30,
				1,
				0.456,
				30,
				0.578,
				-18,
				0.7,
				-18,
				1,
				0.822,
				-18,
				0.944,
				11,
				1.067,
				11,
				1,
				1.2,
				11,
				1.333,
				-7,
				1.467,
				-7,
				1,
				1.678,
				-7,
				1.889,
				-5.38,
				2.1,
				-5.38
			]
		},
		{
			"Target": "Parameter",
			"Id": "Param_Angle_Rotation8",
			"Segments": [
				0,
				0,
				1,
				0.078,
				0,
				0.156,
				-30,
				0.233,
				-30,
				1,
				0.356,
				-30,
				0.478,
				15,
				0.6,
				15,
				1,
				0.722,
				15,
				0.844,
				-7,
				0.967,
				-7,
				1,
				1.1,
				-7,
				1.233,
				4,
				1.367,
				4,
				1,
				1.611,
				4,
				1.856,
				0,
				2.1,
				0
			]
		},
		{
			"Target": "Parameter",
			"Id": "Param_Angle_Rotation9",
			"Segments": [
				0,
				0,
				0,
				0.1,
				0,
				1,
				0.178,
				0,
				0.256,
				-30,
				0.333,
				-30,
				1,
				0.456,
				-30,
				0.578,
				16,
				0.7,
				16,
				1,
				0.822,
				16,
				0.944,
				-7,
				1.067,
				-7,
				1,
				1.2,
				-7,
				1.333,
				2.092,
				1.467,
				3,
				1,
				1.678,
				4.438,
				1.889,
				4.43,
				2.1,
				4.43
			]
		},
		{
			"Target": "Parameter",
			"Id": "Param_Angle_Rotation11",
			"Segments": [
				0,
				0,
				1,
				0.078,
				0,
				0.156,
				-30,
				0.233,
				-30,
				1,
				0.356,
				-30,
				0.478,
				14,
				0.6,
				14,
				1,
				0.722,
				14,
				0.844,
				-8,
				0.967,
				-8,
				1,
				1.1,
				-8,
				1.233,
				3.591,
				1.367,
				4,
				1,
				1.611,
				4.749,
				1.856,
				4.75,
				2.1,
				4.75
			]
		},
		{
			"Target": "Parameter",
			"Id": "Param_Angle_Rotation12",
			"Segments": [
				0,
				0,
				0,
				0.1,
				0,
				1,
				0.178,
				0,
				0.256,
				-30,
				0.333,
				-30,
				1,
				0.456,
				-30,
				0.578,
				14,
				0.7,
				14,
				1,
				0.822,
				14,
				0.944,
				-8,
				1.067,
				-8,
				1,
				1.2,
				-8,
				1.333,
				-0.538,
				1.467,
				4,
				1,
				1.678,
				11.185,
				1.889,
				12.66,
				2.1,
				12.66
			]
		},
		{
			"Target": "Parameter",
			"Id": "Param_Angle_Rotation14",
			"Segments": [
				0,
				0,
				0,
				0.033,
				0,
				1,
				0.044,
				0,
				0.056,
				1.121,
				0.067,
				1.898,
				1,
				0.133,
				6.562,
				0.2,
				8.5,
				0.267,
				8.5,
				1,
				0.389,
				8.5,
				0.511,
				-5.5,
				0.633,
				-5.5,
				1,
				0.756,
				-5.5,
				0.878,
				3,
				1,
				3,
				1,
				1.133,
				3,
				1.267,
				-1,
				1.4,
				-1,
				1,
				1.633,
				-1,
				1.867,
				0,
				2.1,
				0
			]
		},
		{
			"Target": "Parameter",
			"Id": "Param_Angle_Rotation15",
			"Segments": [
				0,
				0,
				0,
				0.133,
				0,
				1,
				0.144,
				0,
				0.156,
				0.62,
				0.167,
				1.474,
				1,
				0.233,
				6.598,
				0.3,
				9,
				0.367,
				9,
				1,
				0.489,
				9,
				0.611,
				-5.5,
				0.733,
				-5.5,
				1,
				0.856,
				-5.5,
				0.978,
				3,
				1.1,
				3,
				1,
				1.233,
				3,
				1.367,
				-1.5,
				1.5,
				-1.5,
				1,
				1.7,
				-1.5,
				1.9,
				2.85,
				2.1,
				2.85
			]
		},
		{
			"Target": "Parameter",
			"Id": "Param_Angle_Rotation16",
			"Segments": [
				0,
				0,
				0,
				0.233,
				0,
				1,
				0.244,
				0,
				0.256,
				0.82,
				0.267,
				1.616,
				1,
				0.333,
				6.395,
				0.4,
				8.5,
				0.467,
				8.5,
				1,
				0.589,
				8.5,
				0.711,
				-6,
				0.833,
				-6,
				1,
				0.956,
				-6,
				1.078,
				3,
				1.2,
				3,
				1,
				1.333,
				3,
				1.467,
				-1.5,
				1.6,
				-1.5,
				1,
				1.767,
				-1.5,
				1.933,
				5.06,
				2.1,
				5.06
			]
		},
		{
			"Target": "Parameter",
			"Id": "Param_Angle_Rotation17",
			"Segments": [
				0,
				0,
				0,
				0.333,
				0,
				1,
				0.344,
				0,
				0.356,
				1.068,
				0.367,
				1.949,
				1,
				0.433,
				7.238,
				0.5,
				9.5,
				0.567,
				9.5,
				1,
				0.689,
				9.5,
				0.811,
				-5.5,
				0.933,
				-5.5,
				1,
				1.056,
				-5.5,
				1.178,
				3.5,
				1.3,
				3.5,
				1,
				1.433,
				3.5,
				1.567,
				-1.5,
				1.7,
				-1.5,
				1,
				1.833,
				-1.5,
				1.967,
				3.94,
				2.1,
				3.94
			]
		},
		{
			"Target": "Parameter",
			"Id": "Param_Angle_Rotation18",
			"Segments": [
				0,
				0,
				0,
				0.433,
				0,
				1,
				0.444,
				0,
				0.456,
				1.656,
				0.467,
				3,
				1,
				0.533,
				11.067,
				0.6,
				14.5,
				0.667,
				14.5,
				1,
				0.789,
				14.5,
				0.911,
				-5.5,
				1.033,
				-5.5,
				1,
				1.156,
				-5.5,
				1.278,
				3.5,
				1.4,
				3.5,
				1,
				1.533,
				3.5,
				1.667,
				-1.5,
				1.8,
				-1.5,
				1,
				1.9,
				-1.5,
				2,
				3,
				2.1,
				3
			]
		},
		{
			"Target": "Parameter",
			"Id": "Param_Angle_Rotation20",
			"Segments": [
				0,
				0,
				1,
				0.078,
				0,
				0.156,
				30,
				0.233,
				30,
				1,
				0.356,
				30,
				0.478,
				-18,
				0.6,
				-18,
				1,
				0.722,
				-18,
				0.844,
				9,
				0.967,
				9,
				1,
				1.1,
				9,
				1.233,
				-2,
				1.367,
				-2,
				1,
				1.611,
				-2,
				1.856,
				-1.56,
				2.1,
				-1.56
			]
		},
		{
			"Target": "Parameter",
			"Id": "Param_Angle_Rotation21",
			"Segments": [
				0,
				0,
				0,
				0.1,
				0,
				1,
				0.178,
				0,
				0.256,
				30,
				0.333,
				30,
				1,
				0.456,
				30,
				0.578,
				-18,
				0.7,
				-18,
				1,
				0.822,
				-18,
				0.944,
				8,
				1.067,
				8,
				1,
				1.2,
				8,
				1.333,
				3.671,
				1.467,
				-2,
				1,
				1.678,
				-10.98,
				1.889,
				-14.35,
				2.1,
				-14.35
			]
		},
		{
			"Target": "Parameter",
			"Id": "Param_Angle_Rotation23",
			"Segments": [
				0,
				0,
				1,
				0.078,
				0,
				0.156,
				30,
				0.233,
				30,
				1,
				0.356,
				30,
				0.478,
				-19,
				0.6,
				-19,
				1,
				0.722,
				-19,
				0.844,
				9,
				0.967,
				9,
				1,
				1.1,
				9,
				1.233,
				-0.752,
				1.367,
				-2,
				1,
				1.611,
				-4.289,
				1.856,
				-4.43,
				2.1,
				-4.43
			]
		},
		{
			"Target": "Parameter",
			"Id": "Param_Angle_Rotation24",
			"Segments": [
				0,
				0,
				0,
				0.1,
				0,
				1,
				0.178,
				0,
				0.256,
				30,
				0.333,
				30,
				1,
				0.456,
				30,
				0.578,
				-18,
				0.7,
				-18,
				1,
				0.822,
				-18,
				0.944,
				9,
				1.067,
				9,
				1,
				1.2,
				9,
				1.333,
				2.919,
				1.467,
				-2,
				1,
				1.678,
				-9.788,
				1.889,
				-11.81,
				2.1,
				-11.81
			]
		},
		{
			"Target": "Parameter",
			"Id": "Param_Angle_Rotation26",
			"Segments": [
				0,
				0,
				1,
				0.078,
				0,
				0.156,
				29,
				0.233,
				29,
				1,
				0.356,
				29,
				0.478,
				-18,
				0.6,
				-18,
				1,
				0.722,
				-18,
				0.844,
				10,
				0.967,
				10,
				1,
				1.1,
				10,
				1.233,
				-2.467,
				1.367,
				-4,
				1,
				1.611,
				-6.81,
				1.856,
				-7,
				2.1,
				-7
			]
		},
		{
			"Target": "Parameter",
			"Id": "Param_Angle_Rotation27",
			"Segments": [
				0,
				0,
				0,
				0.1,
				0,
				1,
				0.178,
				0,
				0.256,
				30,
				0.333,
				30,
				1,
				0.456,
				30,
				0.578,
				-16,
				0.7,
				-16,
				1,
				0.822,
				-16,
				0.944,
				10,
				1.067,
				10,
				1,
				1.2,
				10,
				1.333,
				0.986,
				1.467,
				-4,
				1,
				1.678,
				-11.895,
				1.889,
				-13.4,
				2.1,
				-13.4
			]
		},
		{
			"Target": "Parameter",
			"Id": "Param_Angle_Rotation29",
			"Segments": [
				0,
				0,
				1,
				0.078,
				0,
				0.156,
				30,
				0.233,
				30,
				1,
				0.356,
				30,
				0.478,
				-17,
				0.6,
				-17,
				1,
				0.722,
				-17,
				0.844,
				5,
				0.967,
				5,
				1,
				1.1,
				5,
				1.233,
				2.819,
				1.367,
				-1,
				1,
				1.611,
				-8.001,
				1.856,
				-11.25,
				2.1,
				-11.25
			]
		},
		{
			"Target": "Parameter",
			"Id": "Param_Angle_Rotation30",
			"Segments": [
				0,
				0,
				0,
				0.1,
				0,
				1,
				0.178,
				0,
				0.256,
				30,
				0.333,
				30,
				1,
				0.456,
				30,
				0.578,
				-17,
				0.7,
				-17,
				1,
				0.822,
				-17,
				0.944,
				5,
				1.067,
				5,
				1,
				1.2,
				5,
				1.333,
				2.198,
				1.467,
				-1,
				1,
				1.678,
				-6.063,
				1.889,
				-7.77,
				2.1,
				-7.77
			]
		},
		{
			"Target": "Parameter",
			"Id": "Param_Angle_Rotation32",
			"Segments": [
				0,
				0,
				1,
				0.078,
				0,
				0.156,
				30,
				0.233,
				30,
				1,
				0.356,
				30,
				0.478,
				-16,
				0.6,
				-16,
				1,
				0.722,
				-16,
				0.844,
				9,
				0.967,
				9,
				1,
				1.1,
				9,
				1.233,
				1.316,
				1.367,
				-2,
				1,
				1.611,
				-8.08,
				1.856,
				-9.21,
				2.1,
				-9.21
			]
		},
		{
			"Target": "Parameter",
			"Id": "Param_Angle_Rotation33",
			"Segments": [
				0,
				0,
				0,
				0.1,
				0,
				1,
				0.178,
				0,
				0.256,
				30,
				0.333,
				30,
				1,
				0.456,
				30,
				0.578,
				-16,
				0.7,
				-16,
				1,
				0.822,
				-16,
				0.944,
				9,
				1.067,
				9,
				1,
				1.2,
				9,
				1.333,
				-1.316,
				1.467,
				-3,
				1,
				1.678,
				-5.666,
				1.889,
				-5.77,
				2.1,
				-5.77
			]
		},
		{
			"Target": "Parameter",
			"Id": "Param_Angle_Rotation35",
			"Segments": [
				0,
				0,
				1,
				0.078,
				0,
				0.156,
				27,
				0.233,
				27,
				1,
				0.356,
				27,
				0.478,
				-17,
				0.6,
				-17,
				1,
				0.722,
				-17,
				0.844,
				9,
				0.967,
				9,
				1,
				1.1,
				9,
				1.233,
				-3,
				1.367,
				-3,
				1,
				1.611,
				-3,
				1.856,
				11,
				2.1,
				11
			]
		},
		{
			"Target": "Parameter",
			"Id": "Param_Angle_Rotation36",
			"Segments": [
				0,
				0,
				0,
				0.1,
				0,
				1,
				0.178,
				0,
				0.256,
				28,
				0.333,
				28,
				1,
				0.456,
				28,
				0.578,
				-17,
				0.7,
				-17,
				1,
				0.822,
				-17,
				0.944,
				9,
				1.067,
				9,
				1,
				1.2,
				9,
				1.333,
				-3,
				1.467,
				-3,
				1,
				1.678,
				-3,
				1.889,
				9.15,
				2.1,
				9.15
			]
		},
		{
			"Target": "Parameter",
			"Id": "Param_Angle_Rotation38",
			"Segments": [
				0,
				0,
				1,
				0.078,
				0,
				0.156,
				27,
				0.233,
				27,
				1,
				0.356,
				27,
				0.478,
				-15,
				0.6,
				-15,
				1,
				0.722,
				-15,
				0.844,
				13,
				0.967,
				13,
				1,
				1.1,
				13,
				1.233,
				-7,
				1.367,
				-7,
				1,
				1.611,
				-7,
				1.856,
				11.78,
				2.1,
				11.78
			]
		},
		{
			"Target": "Parameter",
			"Id": "Param_Angle_Rotation39",
			"Segments": [
				0,
				0,
				0,
				0.1,
				0,
				1,
				0.178,
				0,
				0.256,
				26,
				0.333,
				26,
				1,
				0.456,
				26,
				0.578,
				-16,
				0.7,
				-16,
				1,
				0.822,
				-16,
				0.944,
				11,
				1.067,
				11,
				1,
				1.2,
				11,
				1.333,
				-8,
				1.467,
				-8,
				1,
				1.678,
				-8,
				1.889,
				5.21,
				2.1,
				5.21
			]
		},
		{
			"Target": "Parameter",
			"Id": "Param_Angle_Rotation40",
			"Segments": [
				0,
				0,
				0,
				0.2,
				0,
				1,
				0.278,
				0,
				0.356,
				26,
				0.433,
				26,
				1,
				0.556,
				26,
				0.678,
				-15,
				0.8,
				-15,
				1,
				0.922,
				-15,
				1.044,
				11,
				1.167,
				11,
				1,
				1.3,
				11,
				1.433,
				-7,
				1.567,
				-7,
				1,
				1.744,
				-7,
				1.922,
				-6.47,
				2.1,
				-6.47
			]
		},
		{
			"Target": "Parameter",
			"Id": "Param_Angle_Rotation41",
			"Segments": [
				0,
				0,
				0,
				0.3,
				0,
				1,
				0.378,
				0,
				0.456,
				25,
				0.533,
				25,
				1,
				0.656,
				25,
				0.778,
				-15,
				0.9,
				-15,
				1,
				1.022,
				-15,
				1.144,
				11,
				1.267,
				11,
				1,
				1.4,
				11,
				1.533,
				-4.082,
				1.667,
				-7,
				1,
				1.811,
				-10.161,
				1.956,
				-10,
				2.1,
				-10
			]
		},
		{
			"Target": "Parameter",
			"Id": "Param_Angle_Rotation42",
			"Segments": [
				0,
				0,
				0,
				0.4,
				0,
				1,
				0.478,
				0,
				0.556,
				25,
				0.633,
				25,
				1,
				0.756,
				25,
				0.878,
				-15,
				1,
				-15,
				1,
				1.122,
				-15,
				1.244,
				11,
				1.367,
				11,
				1,
				1.5,
				11,
				1.633,
				-7,
				1.767,
				-7,
				1,
				1.878,
				-7,
				1.989,
				-3.48,
				2.1,
				-3.48
			]
		},
		{
			"Target": "Parameter",
			"Id": "Param_Angle_Rotation43",
			"Segments": [
				0,
				0,
				0,
				0.5,
				0,
				1,
				0.578,
				0,
				0.656,
				25,
				0.733,
				25,
				1,
				0.856,
				25,
				0.978,
				-15,
				1.1,
				-15,
				1,
				1.222,
				-15,
				1.344,
				11,
				1.467,
				11,
				1,
				1.6,
				11,
				1.733,
				-7,
				1.867,
				-7,
				1,
				1.944,
				-7,
				2.022,
				0,
				2.1,
				0
			]
		},
		{
			"Target": "Parameter",
			"Id": "Param_Angle_Rotation45",
			"Segments": [
				0,
				0,
				1,
				0.078,
				0,
				0.156,
				25,
				0.233,
				25,
				1,
				0.356,
				25,
				0.478,
				-14,
				0.6,
				-14,
				1,
				0.722,
				-14,
				0.844,
				10,
				0.967,
				10,
				1,
				1.1,
				10,
				1.233,
				0.347,
				1.367,
				-3,
				1,
				1.611,
				-9.137,
				1.856,
				-10.13,
				2.1,
				-10.13
			]
		},
		{
			"Target": "Parameter",
			"Id": "Param_Angle_Rotation46",
			"Segments": [
				0,
				0,
				0,
				0.1,
				0,
				1,
				0.178,
				0,
				0.256,
				25,
				0.333,
				25,
				1,
				0.456,
				25,
				0.578,
				-16,
				0.7,
				-16,
				1,
				0.822,
				-16,
				0.944,
				10,
				1.067,
				10,
				1,
				1.2,
				10,
				1.333,
				3.21,
				1.467,
				-3,
				1,
				1.678,
				-12.832,
				1.889,
				-15.65,
				2.1,
				-15.65
			]
		},
		{
			"Target": "Parameter",
			"Id": "Param_Angle_Rotation48",
			"Segments": [
				0,
				0,
				1,
				0.078,
				0,
				0.156,
				23,
				0.233,
				23,
				1,
				0.356,
				23,
				0.478,
				-15,
				0.6,
				-15,
				1,
				0.722,
				-15,
				0.844,
				10,
				0.967,
				10,
				1,
				1.1,
				10,
				1.233,
				-1.054,
				1.367,
				-4,
				1,
				1.611,
				-9.4,
				1.856,
				-10.13,
				2.1,
				-10.13
			]
		},
		{
			"Target": "Parameter",
			"Id": "Param_Angle_Rotation49",
			"Segments": [
				0,
				0,
				0,
				0.1,
				0,
				1,
				0.178,
				0,
				0.256,
				23,
				0.333,
				23,
				1,
				0.456,
				23,
				0.578,
				-15,
				0.7,
				-15,
				1,
				0.822,
				-15,
				0.944,
				11,
				1.067,
				11,
				1,
				1.2,
				11,
				1.333,
				2.57,
				1.467,
				-3,
				1,
				1.678,
				-11.82,
				1.889,
				-13.77,
				2.1,
				-13.77
			]
		},
		{
			"Target": "Parameter",
			"Id": "Param_Angle_Rotation51",
			"Segments": [
				0,
				0,
				0,
				0.1,
				0,
				1,
				0.111,
				0,
				0.122,
				2.18,
				0.133,
				3.127,
				1,
				0.2,
				8.809,
				0.267,
				11,
				0.333,
				11,
				1,
				0.456,
				11,
				0.578,
				-7.5,
				0.7,
				-7.5,
				1,
				0.822,
				-7.5,
				0.944,
				5.5,
				1.067,
				5.5,
				1,
				1.2,
				5.5,
				1.333,
				-1.233,
				1.467,
				-1.5,
				1,
				1.678,
				-1.922,
				1.889,
				-1.9,
				2.1,
				-1.9
			]
		},
		{
			"Target": "Parameter",
			"Id": "Param_Angle_Rotation52",
			"Segments": [
				0,
				0,
				0,
				0.2,
				0,
				1,
				0.211,
				0,
				0.222,
				0.9,
				0.233,
				2.036,
				1,
				0.3,
				8.854,
				0.367,
				12,
				0.433,
				12,
				1,
				0.556,
				12,
				0.678,
				-7.5,
				0.8,
				-7.5,
				1,
				0.922,
				-7.5,
				1.044,
				5,
				1.167,
				5,
				1,
				1.3,
				5,
				1.433,
				0.848,
				1.567,
				-1.5,
				1,
				1.744,
				-4.63,
				1.922,
				-5.06,
				2.1,
				-5.06
			]
		},
		{
			"Target": "Parameter",
			"Id": "Param_Angle_Rotation53",
			"Segments": [
				0,
				0,
				0,
				0.3,
				0,
				1,
				0.378,
				0,
				0.456,
				24,
				0.533,
				24,
				1,
				0.656,
				24,
				0.778,
				-15,
				0.9,
				-15,
				1,
				1.022,
				-15,
				1.144,
				10,
				1.267,
				10,
				1,
				1.4,
				10,
				1.533,
				3.763,
				1.667,
				-2,
				1,
				1.811,
				-8.243,
				1.956,
				-9.57,
				2.1,
				-9.57
			]
		},
		{
			"Target": "Parameter",
			"Id": "Param_Angle_Rotation55",
			"Segments": [
				0,
				-2.53,
				1,
				0.7,
				-2.53,
				1.4,
				-2.53,
				2.1,
				-2.53
			]
		},
		{
			"Target": "Parameter",
			"Id": "Param_Angle_Rotation56",
			"Segments": [
				0,
				-7,
				1,
				0.011,
				-7,
				0.022,
				-5.827,
				0.033,
				-5.003,
				1,
				0.1,
				-0.058,
				0.167,
				2,
				0.233,
				2,
				1,
				0.356,
				2,
				0.478,
				-2,
				0.6,
				-2,
				1,
				0.722,
				-2,
				0.844,
				0.5,
				0.967,
				0.5,
				1,
				1.1,
				0.5,
				1.233,
				0.53,
				1.367,
				-1,
				1,
				1.611,
				-3.806,
				1.856,
				-7,
				2.1,
				-7
			]
		},
		{
			"Target": "Parameter",
			"Id": "Param_Angle_Rotation57",
			"Segments": [
				0,
				-2.207,
				0,
				0.1,
				-2.207,
				1,
				0.111,
				-2.207,
				0.122,
				-1.781,
				0.133,
				-1.359,
				1,
				0.2,
				1.174,
				0.267,
				2.293,
				0.333,
				2.293,
				1,
				0.456,
				2.293,
				0.578,
				-6.207,
				0.7,
				-6.207,
				1,
				0.822,
				-6.207,
				0.944,
				-0.207,
				1.067,
				-0.207,
				1,
				1.2,
				-0.207,
				1.333,
				-3.087,
				1.467,
				-3.707,
				1,
				1.678,
				-4.689,
				1.889,
				-4.72,
				2.1,
				-4.72
			]
		},
		{
			"Target": "Parameter",
			"Id": "Param_Angle_Rotation58",
			"Segments": [
				0,
				3.484,
				0,
				0.2,
				3.484,
				1,
				0.211,
				3.484,
				0.222,
				4.054,
				0.233,
				4.467,
				1,
				0.3,
				6.946,
				0.367,
				7.984,
				0.433,
				7.984,
				1,
				0.556,
				7.984,
				0.678,
				-0.516,
				0.8,
				-0.516,
				1,
				0.922,
				-0.516,
				1.044,
				5.484,
				1.167,
				5.484,
				1,
				1.3,
				5.484,
				1.433,
				1.984,
				1.567,
				1.984,
				1,
				1.744,
				1.984,
				1.922,
				4.12,
				2.1,
				4.12
			]
		},
		{
			"Target": "Parameter",
			"Id": "Param_Angle_Rotation59",
			"Segments": [
				0,
				9.014,
				0,
				0.3,
				9.014,
				1,
				0.311,
				9.014,
				0.322,
				9.772,
				0.333,
				10.171,
				1,
				0.4,
				12.561,
				0.467,
				13.514,
				0.533,
				13.514,
				1,
				0.656,
				13.514,
				0.778,
				5.514,
				0.9,
				5.514,
				1,
				1.022,
				5.514,
				1.144,
				11.514,
				1.267,
				11.514,
				1,
				1.4,
				11.514,
				1.533,
				7.514,
				1.667,
				7.514,
				1,
				1.811,
				7.514,
				1.956,
				10.8,
				2.1,
				10.8
			]
		},
		{
			"Target": "Parameter",
			"Id": "Param_Angle_Rotation60",
			"Segments": [
				0,
				3.947,
				0,
				0.4,
				3.947,
				1,
				0.411,
				3.947,
				0.422,
				4.63,
				0.433,
				5.035,
				1,
				0.5,
				7.462,
				0.567,
				8.447,
				0.633,
				8.447,
				1,
				0.756,
				8.447,
				0.878,
				0.447,
				1,
				0.447,
				1,
				1.122,
				0.447,
				1.244,
				5.947,
				1.367,
				5.947,
				1,
				1.5,
				5.947,
				1.633,
				2.947,
				1.767,
				2.947,
				1,
				1.878,
				2.947,
				1.989,
				5.5,
				2.1,
				5.5
			]
		},
		{
			"Target": "Parameter",
			"Id": "Param_Angle_Rotation61",
			"Segments": [
				0,
				0,
				0,
				0.5,
				0,
				1,
				0.511,
				0,
				0.522,
				0.386,
				0.533,
				0.761,
				1,
				0.6,
				3.01,
				0.667,
				4,
				0.733,
				4,
				1,
				0.856,
				4,
				0.978,
				-4,
				1.1,
				-4,
				1,
				1.222,
				-4,
				1.344,
				1.5,
				1.467,
				1.5,
				1,
				1.6,
				1.5,
				1.733,
				-0.5,
				1.867,
				-0.5,
				1,
				1.944,
				-0.5,
				2.022,
				0,
				2.1,
				0
			]
		},
		{
			"Target": "Parameter",
			"Id": "Param_Angle_Rotation62",
			"Segments": [
				0,
				-2.495,
				0,
				0.6,
				-2.495,
				1,
				0.611,
				-2.495,
				0.622,
				-1.483,
				0.633,
				-1.107,
				1,
				0.7,
				1.148,
				0.767,
				2.005,
				0.833,
				2.005,
				1,
				0.956,
				2.005,
				1.078,
				-6.495,
				1.2,
				-6.495,
				1,
				1.344,
				-6.495,
				1.489,
				-0.545,
				1.633,
				-0.545,
				1,
				1.722,
				-0.545,
				1.811,
				-1.313,
				1.9,
				-3.617,
				1,
				1.967,
				-5.344,
				2.033,
				-6.75,
				2.1,
				-6.75
			]
		},
		{
			"Target": "Parameter",
			"Id": "Param_Angle_Rotation63",
			"Segments": [
				0,
				-2.259,
				0,
				0.7,
				-2.259,
				1,
				0.711,
				-2.259,
				0.722,
				-1.445,
				0.733,
				-1.051,
				1,
				0.8,
				1.311,
				0.867,
				2.241,
				0.933,
				2.241,
				1,
				1.056,
				2.241,
				1.178,
				-5.759,
				1.3,
				-5.759,
				1,
				1.422,
				-5.759,
				1.544,
				-0.259,
				1.667,
				-0.259,
				1,
				1.778,
				-0.259,
				1.889,
				-3.002,
				2,
				-6.148,
				1,
				2.033,
				-7.092,
				2.067,
				-7.03,
				2.1,
				-7.03
			]
		},
		{
			"Target": "Parameter",
			"Id": "Param_Angle_Rotation64",
			"Segments": [
				0,
				0,
				1,
				0.078,
				0,
				0.156,
				30,
				0.233,
				30,
				1,
				0.356,
				30,
				0.478,
				-24,
				0.6,
				-24,
				1,
				0.722,
				-24,
				0.844,
				9,
				0.967,
				9,
				1,
				1.1,
				9,
				1.233,
				-4,
				1.367,
				-4,
				1,
				1.611,
				-4,
				1.856,
				-3.16,
				2.1,
				-3.16
			]
		},
		{
			"Target": "Parameter",
			"Id": "Param_Angle_Rotation65",
			"Segments": [
				0,
				0,
				0,
				0.1,
				0,
				1,
				0.178,
				0,
				0.256,
				30,
				0.333,
				30,
				1,
				0.456,
				30,
				0.578,
				-20,
				0.7,
				-20,
				1,
				0.822,
				-20,
				0.944,
				9,
				1.067,
				9,
				1,
				1.2,
				9,
				1.333,
				-1.413,
				1.467,
				-4,
				1,
				1.678,
				-8.096,
				1.889,
				-8.44,
				2.1,
				-8.44
			]
		},
		{
			"Target": "Parameter",
			"Id": "Param_Angle_Rotation66",
			"Segments": [
				0,
				0,
				0,
				0.2,
				0,
				1,
				0.278,
				0,
				0.356,
				30,
				0.433,
				30,
				1,
				0.556,
				30,
				0.678,
				-18,
				0.8,
				-18,
				1,
				0.922,
				-18,
				1.044,
				9,
				1.167,
				9,
				1,
				1.3,
				9,
				1.433,
				-1.582,
				1.567,
				-5,
				1,
				1.744,
				-9.557,
				1.922,
				-9.86,
				2.1,
				-9.86
			]
		},
		{
			"Target": "Parameter",
			"Id": "Param_Angle_Rotation67",
			"Segments": [
				0,
				0,
				1,
				0.078,
				0,
				0.156,
				30,
				0.233,
				30,
				1,
				0.356,
				30,
				0.478,
				-24,
				0.6,
				-24,
				1,
				0.722,
				-24,
				0.844,
				9,
				0.967,
				9,
				1,
				1.1,
				9,
				1.233,
				-4,
				1.367,
				-4,
				1,
				1.611,
				-4,
				1.856,
				-3.16,
				2.1,
				-3.16
			]
		},
		{
			"Target": "Parameter",
			"Id": "Param_Angle_Rotation68",
			"Segments": [
				0,
				0,
				0,
				0.1,
				0,
				1,
				0.178,
				0,
				0.256,
				30,
				0.333,
				30,
				1,
				0.456,
				30,
				0.578,
				-17,
				0.7,
				-17,
				1,
				0.822,
				-17,
				0.944,
				11,
				1.067,
				11,
				1,
				1.2,
				11,
				1.333,
				-0.946,
				1.467,
				-4,
				1,
				1.678,
				-8.836,
				1.889,
				-9.28,
				2.1,
				-9.28
			]
		},
		{
			"Target": "Parameter",
			"Id": "Param_Angle_Rotation69",
			"Segments": [
				0,
				0,
				0,
				0.2,
				0,
				1,
				0.278,
				0,
				0.356,
				29,
				0.433,
				29,
				1,
				0.556,
				29,
				0.678,
				-15,
				0.8,
				-15,
				1,
				0.922,
				-15,
				1.044,
				12,
				1.167,
				12,
				1,
				1.3,
				12,
				1.433,
				-1.488,
				1.567,
				-5,
				1,
				1.744,
				-9.683,
				1.922,
				-9.9,
				2.1,
				-9.9
			]
		},
		{
			"Target": "Parameter",
			"Id": "Param_Angle_Rotation70",
			"Segments": [
				0,
				0,
				1,
				0.078,
				0,
				0.156,
				29,
				0.233,
				29,
				1,
				0.356,
				29,
				0.478,
				-20,
				0.6,
				-20,
				1,
				0.722,
				-20,
				0.844,
				11,
				0.967,
				11,
				1,
				1.1,
				11,
				1.233,
				-5,
				1.367,
				-5,
				1,
				1.611,
				-5,
				1.856,
				-2.53,
				2.1,
				-2.53
			]
		},
		{
			"Target": "Parameter",
			"Id": "Param_Angle_Rotation71",
			"Segments": [
				0,
				0,
				0,
				0.1,
				0,
				1,
				0.178,
				0,
				0.256,
				30,
				0.333,
				30,
				1,
				0.456,
				30,
				0.578,
				-18,
				0.7,
				-18,
				1,
				0.822,
				-18,
				0.944,
				11,
				1.067,
				11,
				1,
				1.2,
				11,
				1.333,
				-2.918,
				1.467,
				-5,
				1,
				1.678,
				-8.297,
				1.889,
				-8.44,
				2.1,
				-8.44
			]
		},
		{
			"Target": "Parameter",
			"Id": "Param_Angle_Rotation72",
			"Segments": [
				0,
				0,
				0,
				0.2,
				0,
				1,
				0.278,
				0,
				0.356,
				30,
				0.433,
				30,
				1,
				0.556,
				30,
				0.678,
				-18,
				0.8,
				-18,
				1,
				0.922,
				-18,
				1.044,
				10,
				1.167,
				10,
				1,
				1.3,
				10,
				1.433,
				-1.544,
				1.567,
				-5,
				1,
				1.744,
				-9.608,
				1.922,
				-9.88,
				2.1,
				-9.88
			]
		},
		{
			"Target": "Parameter",
			"Id": "Param_Angle_Rotation73",
			"Segments": [
				0,
				0,
				0,
				0.3,
				0,
				1,
				0.378,
				0,
				0.456,
				30,
				0.533,
				30,
				1,
				0.656,
				30,
				0.778,
				-19,
				0.9,
				-19,
				1,
				1.022,
				-19,
				1.144,
				10,
				1.267,
				10,
				1,
				1.4,
				10,
				1.533,
				-2.55,
				1.667,
				-5,
				1,
				1.811,
				-7.654,
				1.956,
				-7.5,
				2.1,
				-7.5
			]
		},
		{
			"Target": "Parameter",
			"Id": "Param_Angle_Rotation74",
			"Segments": [
				0,
				0,
				1,
				0.078,
				0,
				0.156,
				30,
				0.233,
				30,
				1,
				0.356,
				30,
				0.478,
				-20,
				0.6,
				-20,
				1,
				0.722,
				-20,
				0.844,
				11,
				0.967,
				11,
				1,
				1.1,
				11,
				1.233,
				-4,
				1.367,
				-4,
				1,
				1.611,
				-4,
				1.856,
				-3.16,
				2.1,
				-3.16
			]
		},
		{
			"Target": "Parameter",
			"Id": "Param_Angle_Rotation75",
			"Segments": [
				0,
				0,
				0,
				0.1,
				0,
				1,
				0.178,
				0,
				0.256,
				29,
				0.333,
				29,
				1,
				0.456,
				29,
				0.578,
				-15,
				0.7,
				-15,
				1,
				0.822,
				-15,
				0.944,
				12,
				1.067,
				12,
				1,
				1.2,
				12,
				1.333,
				0.562,
				1.467,
				-3,
				1,
				1.678,
				-8.64,
				1.889,
				-9.28,
				2.1,
				-9.28
			]
		},
		{
			"Target": "Parameter",
			"Id": "Param_Angle_Rotation76",
			"Segments": [
				0,
				0,
				0,
				0.2,
				0,
				1,
				0.278,
				0,
				0.356,
				30,
				0.433,
				30,
				1,
				0.556,
				30,
				0.678,
				-12,
				0.8,
				-12,
				1,
				0.922,
				-12,
				1.044,
				12,
				1.167,
				12,
				1,
				1.3,
				12,
				1.433,
				-0.305,
				1.567,
				-5,
				1,
				1.744,
				-11.26,
				1.922,
				-11.84,
				2.1,
				-11.84
			]
		},
		{
			"Target": "Parameter",
			"Id": "Param_Angle_Rotation77",
			"Segments": [
				0,
				-8.25,
				0,
				0.3,
				-8.25,
				1,
				0.378,
				-8.25,
				0.456,
				30,
				0.533,
				30,
				1,
				0.656,
				30,
				0.778,
				-15,
				0.9,
				-15,
				1,
				1.022,
				-15,
				1.144,
				10,
				1.267,
				10,
				1,
				1.4,
				10,
				1.533,
				-5.675,
				1.667,
				-7,
				1,
				1.811,
				-8.435,
				1.956,
				-8.25,
				2.1,
				-8.25
			]
		},
		{
			"Target": "Parameter",
			"Id": "Param_Angle_Rotation79",
			"Segments": [
				0,
				5.216,
				1,
				0.011,
				5.216,
				0.022,
				7.256,
				0.033,
				8.624,
				1,
				0.1,
				16.837,
				0.167,
				20.216,
				0.233,
				20.216,
				1,
				0.356,
				20.216,
				0.478,
				1.716,
				0.6,
				1.716,
				1,
				0.722,
				1.716,
				0.844,
				9.716,
				0.967,
				9.716,
				1,
				1.1,
				9.716,
				1.233,
				3.716,
				1.367,
				3.716,
				1,
				1.611,
				3.716,
				1.856,
				5.74,
				2.1,
				5.74
			]
		},
		{
			"Target": "Parameter",
			"Id": "Param_Angle_Rotation80",
			"Segments": [
				0,
				8.164,
				0,
				0.1,
				8.164,
				1,
				0.111,
				8.164,
				0.122,
				9.202,
				0.133,
				9.783,
				1,
				0.2,
				13.264,
				0.267,
				14.664,
				0.333,
				14.664,
				1,
				0.456,
				14.664,
				0.578,
				10.664,
				0.7,
				10.664,
				1,
				0.822,
				10.664,
				0.944,
				11.664,
				1.067,
				11.664,
				1,
				1.2,
				11.664,
				1.333,
				6.664,
				1.467,
				6.664,
				1,
				1.678,
				6.664,
				1.889,
				8.87,
				2.1,
				8.87
			]
		},
		{
			"Target": "Parameter",
			"Id": "Param_Angle_Rotation81",
			"Segments": [
				0,
				0,
				0,
				0.2,
				0,
				1,
				0.211,
				0,
				0.222,
				2.608,
				0.233,
				5.436,
				1,
				0.3,
				22.402,
				0.367,
				30,
				0.433,
				30,
				1,
				0.556,
				30,
				0.678,
				-16,
				0.8,
				-16,
				1,
				0.922,
				-16,
				1.044,
				9,
				1.167,
				9,
				1,
				1.3,
				9,
				1.433,
				-3,
				1.567,
				-3,
				1,
				1.744,
				-3,
				1.922,
				-2.13,
				2.1,
				-2.13
			]
		},
		{
			"Target": "Parameter",
			"Id": "Param_Angle_Rotation82",
			"Segments": [
				0,
				-8.355,
				0,
				0.3,
				-8.355,
				1,
				0.311,
				-8.355,
				0.322,
				-6.056,
				0.333,
				-4.707,
				1,
				0.4,
				3.388,
				0.467,
				6.645,
				0.533,
				6.645,
				1,
				0.656,
				6.645,
				0.778,
				-15.855,
				0.9,
				-15.855,
				1,
				1.022,
				-15.855,
				1.144,
				-3.855,
				1.267,
				-3.855,
				1,
				1.4,
				-3.855,
				1.533,
				-7.369,
				1.667,
				-9.855,
				1,
				1.811,
				-12.549,
				1.956,
				-12.9,
				2.1,
				-12.9
			]
		},
		{
			"Target": "Parameter",
			"Id": "Param_Angle_Rotation84",
			"Segments": [
				0,
				0,
				1,
				0.011,
				0,
				0.022,
				3.074,
				0.033,
				4.253,
				1,
				0.1,
				11.329,
				0.167,
				14,
				0.233,
				14,
				1,
				0.356,
				14,
				0.478,
				-7,
				0.6,
				-7,
				1,
				0.722,
				-7,
				0.844,
				4.5,
				0.967,
				4.5,
				1,
				1.1,
				4.5,
				1.233,
				1.135,
				1.367,
				-1.5,
				1,
				1.611,
				-6.33,
				1.856,
				-7.66,
				2.1,
				-7.66
			]
		},
		{
			"Target": "Parameter",
			"Id": "Param_Angle_Rotation85",
			"Segments": [
				0,
				-2.616,
				0,
				0.1,
				-2.616,
				1,
				0.111,
				-2.616,
				0.122,
				-1.171,
				0.133,
				0.137,
				1,
				0.2,
				7.98,
				0.267,
				11.384,
				0.333,
				11.384,
				1,
				0.456,
				11.384,
				0.578,
				-9.616,
				0.7,
				-9.616,
				1,
				0.822,
				-9.616,
				0.944,
				1.884,
				1.067,
				1.884,
				1,
				1.2,
				1.884,
				1.333,
				-3.054,
				1.467,
				-4.116,
				1,
				1.678,
				-5.799,
				1.889,
				-5.87,
				2.1,
				-5.87
			]
		},
		{
			"Target": "Parameter",
			"Id": "Param_Angle_Rotation86",
			"Segments": [
				0,
				0,
				0,
				0.2,
				0,
				1,
				0.211,
				0,
				0.222,
				2.025,
				0.233,
				3.293,
				1,
				0.3,
				10.903,
				0.367,
				14,
				0.433,
				14,
				1,
				0.556,
				14,
				0.678,
				-7.5,
				0.8,
				-7.5,
				1,
				0.922,
				-7.5,
				1.044,
				4.5,
				1.167,
				4.5,
				1,
				1.3,
				4.5,
				1.433,
				-1.5,
				1.567,
				-1.5,
				1,
				1.744,
				-1.5,
				1.922,
				1.57,
				2.1,
				1.57
			]
		},
		{
			"Target": "Parameter",
			"Id": "Param_Angle_Rotation87",
			"Segments": [
				0,
				6.133,
				0,
				0.3,
				6.133,
				1,
				0.311,
				6.133,
				0.322,
				7.834,
				0.333,
				9.126,
				1,
				0.4,
				16.874,
				0.467,
				20.133,
				0.533,
				20.133,
				1,
				0.656,
				20.133,
				0.778,
				-1.367,
				0.9,
				-1.367,
				1,
				1.022,
				-1.367,
				1.144,
				10.633,
				1.267,
				10.633,
				1,
				1.4,
				10.633,
				1.533,
				4.633,
				1.667,
				4.633,
				1,
				1.811,
				4.633,
				1.956,
				7.5,
				2.1,
				7.5
			]
		},
		{
			"Target": "Parameter",
			"Id": "Param_Angle_Rotation89",
			"Segments": [
				0,
				-3.695,
				1,
				0.011,
				-3.695,
				0.022,
				-1.201,
				0.033,
				0.133,
				1,
				0.1,
				8.135,
				0.167,
				11.305,
				0.233,
				11.305,
				1,
				0.356,
				11.305,
				0.478,
				-11.695,
				0.6,
				-11.695,
				1,
				0.722,
				-11.695,
				0.844,
				-1.195,
				0.967,
				-1.195,
				1,
				1.1,
				-1.195,
				1.233,
				-3.718,
				1.367,
				-4.695,
				1,
				1.611,
				-6.487,
				1.856,
				-6.75,
				2.1,
				-6.75
			]
		},
		{
			"Target": "Parameter",
			"Id": "Param_Angle_Rotation90",
			"Segments": [
				0,
				-3.846,
				0,
				0.1,
				-3.846,
				1,
				0.111,
				-3.846,
				0.122,
				-1.677,
				0.133,
				-0.318,
				1,
				0.2,
				7.837,
				0.267,
				11.154,
				0.333,
				11.154,
				1,
				0.456,
				11.154,
				0.578,
				-11.846,
				0.7,
				-11.846,
				1,
				0.822,
				-11.846,
				0.944,
				-1.346,
				1.067,
				-1.346,
				1,
				1.2,
				-1.346,
				1.333,
				-3.718,
				1.467,
				-4.846,
				1,
				1.678,
				-6.632,
				1.889,
				-6.88,
				2.1,
				-6.88
			]
		},
		{
			"Target": "Parameter",
			"Id": "Param_Angle_Rotation91",
			"Segments": [
				0,
				0,
				0,
				0.2,
				0,
				1,
				0.211,
				0,
				0.222,
				2.822,
				0.233,
				4.128,
				1,
				0.3,
				11.964,
				0.367,
				15,
				0.433,
				15,
				1,
				0.556,
				15,
				0.678,
				-8,
				0.8,
				-8,
				1,
				0.922,
				-8,
				1.044,
				2.5,
				1.167,
				2.5,
				1,
				1.3,
				2.5,
				1.433,
				-1,
				1.567,
				-1,
				1,
				1.744,
				-1,
				1.922,
				0,
				2.1,
				0
			]
		},
		{
			"Target": "Parameter",
			"Id": "Param_Angle_Rotation92",
			"Segments": [
				0,
				4.826,
				0,
				0.3,
				4.826,
				1,
				0.311,
				4.826,
				0.322,
				7.125,
				0.333,
				8.474,
				1,
				0.4,
				16.57,
				0.467,
				19.826,
				0.533,
				19.826,
				1,
				0.656,
				19.826,
				0.778,
				-3.174,
				0.9,
				-3.174,
				1,
				1.022,
				-3.174,
				1.144,
				8.326,
				1.267,
				8.326,
				1,
				1.4,
				8.326,
				1.533,
				3.826,
				1.667,
				3.826,
				1,
				1.811,
				3.826,
				1.956,
				6.1,
				2.1,
				6.1
			]
		},
		{
			"Target": "Parameter",
			"Id": "Param_Angle_Rotation94",
			"Segments": [
				0,
				-4.715,
				1,
				0.011,
				-4.715,
				0.022,
				-3.733,
				0.033,
				-3.047,
				1,
				0.1,
				1.071,
				0.167,
				2.785,
				0.233,
				2.785,
				1,
				0.356,
				2.785,
				0.478,
				-8.715,
				0.6,
				-8.715,
				1,
				0.722,
				-8.715,
				0.844,
				-2.715,
				0.967,
				-2.715,
				1,
				1.1,
				-2.715,
				1.233,
				-4.487,
				1.367,
				-5.215,
				1,
				1.611,
				-6.548,
				1.856,
				-6.75,
				2.1,
				-6.75
			]
		},
		{
			"Target": "Parameter",
			"Id": "Param_Angle_Rotation95",
			"Segments": [
				0,
				-4.787,
				0,
				0.1,
				-4.787,
				1,
				0.111,
				-4.787,
				0.122,
				-3.669,
				0.133,
				-2.993,
				1,
				0.2,
				1.064,
				0.267,
				2.713,
				0.333,
				2.713,
				1,
				0.456,
				2.713,
				0.578,
				-8.787,
				0.7,
				-8.787,
				1,
				0.822,
				-8.787,
				0.944,
				-2.787,
				1.067,
				-2.787,
				1,
				1.2,
				-2.787,
				1.333,
				-4.352,
				1.467,
				-5.287,
				1,
				1.678,
				-6.766,
				1.889,
				-7.03,
				2.1,
				-7.03
			]
		},
		{
			"Target": "Parameter",
			"Id": "Param_Angle_Rotation96",
			"Segments": [
				0,
				0,
				0,
				0.2,
				0,
				1,
				0.211,
				0,
				0.222,
				0.917,
				0.233,
				1.608,
				1,
				0.3,
				5.753,
				0.367,
				7.5,
				0.433,
				7.5,
				1,
				0.556,
				7.5,
				0.678,
				-4,
				0.8,
				-4,
				1,
				0.922,
				-4,
				1.044,
				2,
				1.167,
				2,
				1,
				1.3,
				2,
				1.433,
				-0.5,
				1.567,
				-0.5,
				1,
				1.744,
				-0.5,
				1.922,
				0,
				2.1,
				0
			]
		},
		{
			"Target": "Parameter",
			"Id": "Param_Angle_Rotation97",
			"Segments": [
				0,
				4.6,
				0,
				0.267,
				4.6,
				1,
				0.278,
				4.6,
				0.289,
				5.262,
				0.3,
				5.968,
				1,
				0.367,
				10.203,
				0.433,
				12.1,
				0.5,
				12.1,
				1,
				0.622,
				12.1,
				0.744,
				0.6,
				0.867,
				0.6,
				1,
				0.989,
				0.6,
				1.111,
				6.6,
				1.233,
				6.6,
				1,
				1.367,
				6.6,
				1.5,
				4.6,
				1.633,
				4.6,
				1,
				1.789,
				4.6,
				1.944,
				6.1,
				2.1,
				6.1
			]
		},
		{
			"Target": "Parameter",
			"Id": "Param_Angle_Rotation99",
			"Segments": [
				0,
				0,
				1,
				0.456,
				0,
				0.911,
				-0.246,
				1.367,
				-2,
				1,
				1.611,
				-2.941,
				1.856,
				-5.47,
				2.1,
				-5.47
			]
		},
		{
			"Target": "Parameter",
			"Id": "Param_Angle_Rotation100",
			"Segments": [
				0,
				-4.288,
				0,
				0.1,
				-4.288,
				1,
				0.111,
				-4.288,
				0.122,
				-3.105,
				0.133,
				-2.434,
				1,
				0.2,
				1.592,
				0.267,
				3.212,
				0.333,
				3.212,
				1,
				0.456,
				3.212,
				0.578,
				-8.288,
				0.7,
				-8.288,
				1,
				0.856,
				-8.288,
				1.011,
				-2.872,
				1.167,
				-2.872,
				1,
				1.233,
				-2.872,
				1.3,
				-4.516,
				1.367,
				-5.02,
				1,
				1.611,
				-6.87,
				1.856,
				-7.39,
				2.1,
				-7.39
			]
		},
		{
			"Target": "Parameter",
			"Id": "Param_Angle_Rotation101",
			"Segments": [
				0,
				0,
				0,
				0.2,
				0,
				1,
				0.211,
				0,
				0.222,
				0.797,
				0.233,
				1.495,
				1,
				0.3,
				5.687,
				0.367,
				7.5,
				0.433,
				7.5,
				1,
				0.556,
				7.5,
				0.678,
				-4.5,
				0.8,
				-4.5,
				1,
				0.922,
				-4.5,
				1.044,
				1,
				1.167,
				1,
				1,
				1.3,
				1,
				1.433,
				0.252,
				1.567,
				-0.5,
				1,
				1.744,
				-1.503,
				1.922,
				-1.77,
				2.1,
				-1.77
			]
		},
		{
			"Target": "Parameter",
			"Id": "Param_Angle_Rotation102",
			"Segments": [
				0,
				4.721,
				0,
				0.333,
				4.721,
				1,
				0.344,
				4.721,
				0.356,
				6.064,
				0.367,
				6.721,
				1,
				0.433,
				10.667,
				0.5,
				12.221,
				0.567,
				12.221,
				1,
				0.689,
				12.221,
				0.811,
				0.221,
				0.933,
				0.221,
				1,
				1.056,
				0.221,
				1.178,
				5.721,
				1.3,
				5.721,
				1,
				1.433,
				5.721,
				1.567,
				4.721,
				1.7,
				4.721,
				1,
				1.833,
				4.721,
				1.967,
				5.47,
				2.1,
				5.47
			]
		},
		{
			"Target": "Parameter",
			"Id": "Param_Angle_Rotation104",
			"Segments": [
				0,
				8.631,
				0,
				0.067,
				8.631,
				1,
				0.078,
				8.631,
				0.089,
				11.848,
				0.1,
				13.119,
				1,
				0.167,
				20.744,
				0.233,
				23.631,
				0.3,
				23.631,
				1,
				0.422,
				23.631,
				0.544,
				1.131,
				0.667,
				1.131,
				1,
				0.789,
				1.131,
				0.911,
				13.131,
				1.033,
				13.131,
				1,
				1.167,
				13.131,
				1.3,
				7.631,
				1.433,
				7.631,
				1,
				1.656,
				7.631,
				1.878,
				9.57,
				2.1,
				9.57
			]
		},
		{
			"Target": "Parameter",
			"Id": "Param_Angle_Rotation105",
			"Segments": [
				0,
				11.007,
				0,
				0.2,
				11.007,
				1,
				0.211,
				11.007,
				0.222,
				14.676,
				0.233,
				16.323,
				1,
				0.3,
				26.203,
				0.367,
				30,
				0.433,
				30,
				1,
				0.556,
				30,
				0.678,
				11.007,
				0.8,
				11.007,
				1,
				0.922,
				11.007,
				1.044,
				15.507,
				1.167,
				15.507,
				1,
				1.3,
				15.507,
				1.433,
				9.007,
				1.567,
				9.007,
				1,
				1.744,
				9.007,
				1.922,
				12.9,
				2.1,
				12.9
			]
		},
		{
			"Target": "Parameter",
			"Id": "Param_Angle_Rotation106",
			"Segments": [
				0,
				0,
				0,
				0.267,
				0,
				1,
				0.278,
				0,
				0.289,
				2.822,
				0.3,
				4.128,
				1,
				0.367,
				11.964,
				0.433,
				15,
				0.5,
				15,
				1,
				0.622,
				15,
				0.744,
				-8,
				0.867,
				-8,
				1,
				0.989,
				-8,
				1.111,
				4,
				1.233,
				4,
				1,
				1.367,
				4,
				1.5,
				-2,
				1.633,
				-2,
				1,
				1.789,
				-2,
				1.944,
				2.69,
				2.1,
				2.69
			]
		},
		{
			"Target": "Parameter",
			"Id": "Param_Angle_Rotation107",
			"Segments": [
				0,
				-3.318,
				0,
				0.367,
				-3.318,
				1,
				0.378,
				-3.318,
				0.389,
				-1.356,
				0.4,
				0.018,
				1,
				0.467,
				8.264,
				0.533,
				11.682,
				0.6,
				11.682,
				1,
				0.722,
				11.682,
				0.844,
				-11.318,
				0.967,
				-11.318,
				1,
				1.056,
				-11.318,
				1.144,
				-6.988,
				1.233,
				-1.518,
				1,
				1.267,
				0.533,
				1.3,
				0.682,
				1.333,
				0.682,
				1,
				1.467,
				0.682,
				1.6,
				-2.747,
				1.733,
				-5.318,
				1,
				1.856,
				-7.675,
				1.978,
				-7.91,
				2.1,
				-7.91
			]
		},
		{
			"Target": "Parameter",
			"Id": "Param_Angle_Rotation109",
			"Segments": [
				0,
				5.505,
				0,
				0.1,
				5.505,
				1,
				0.111,
				5.505,
				0.122,
				7.609,
				0.133,
				8.973,
				1,
				0.2,
				17.157,
				0.267,
				20.505,
				0.333,
				20.505,
				1,
				0.456,
				20.505,
				0.578,
				-2.495,
				0.7,
				-2.495,
				1,
				0.822,
				-2.495,
				0.944,
				10.005,
				1.067,
				10.005,
				1,
				1.2,
				10.005,
				1.333,
				3.505,
				1.467,
				3.505,
				1,
				1.678,
				3.505,
				1.889,
				7,
				2.1,
				7
			]
		},
		{
			"Target": "Parameter",
			"Id": "Param_Angle_Rotation110",
			"Segments": [
				0,
				11.725,
				0,
				0.2,
				11.725,
				1,
				0.211,
				11.725,
				0.222,
				14.415,
				0.233,
				15.733,
				1,
				0.3,
				23.636,
				0.367,
				26.725,
				0.433,
				26.725,
				1,
				0.556,
				26.725,
				0.678,
				2.725,
				0.8,
				2.725,
				1,
				0.922,
				2.725,
				1.044,
				16.225,
				1.167,
				16.225,
				1,
				1.3,
				16.225,
				1.433,
				9.725,
				1.567,
				9.725,
				1,
				1.744,
				9.725,
				1.922,
				13.7,
				2.1,
				13.7
			]
		},
		{
			"Target": "Parameter",
			"Id": "Param_Angle_Rotation111",
			"Segments": [
				0,
				4.721,
				0,
				0.3,
				4.721,
				1,
				0.311,
				4.721,
				0.322,
				7.807,
				0.333,
				9.089,
				1,
				0.4,
				16.786,
				0.467,
				19.721,
				0.533,
				19.721,
				1,
				0.656,
				19.721,
				0.778,
				-4.279,
				0.9,
				-4.279,
				1,
				1.022,
				-4.279,
				1.144,
				9.221,
				1.267,
				9.221,
				1,
				1.4,
				9.221,
				1.533,
				2.721,
				1.667,
				2.721,
				1,
				1.811,
				2.721,
				1.956,
				5.71,
				2.1,
				5.71
			]
		},
		{
			"Target": "Parameter",
			"Id": "Param_Angle_Rotation112",
			"Segments": [
				0,
				-2.833,
				0,
				0.4,
				-2.833,
				1,
				0.411,
				-2.833,
				0.422,
				-1.685,
				0.433,
				-0.265,
				1,
				0.5,
				8.254,
				0.567,
				12.167,
				0.633,
				12.167,
				1,
				0.756,
				12.167,
				0.878,
				-11.833,
				1,
				-11.833,
				1,
				1.122,
				-11.833,
				1.244,
				2.667,
				1.367,
				2.667,
				1,
				1.5,
				2.667,
				1.633,
				-2.432,
				1.767,
				-4.833,
				1,
				1.878,
				-6.833,
				1.989,
				-6.75,
				2.1,
				-6.75
			]
		},
		{
			"Target": "Parameter",
			"Id": "Param_Angle_Rotation114",
			"Segments": [
				0,
				3.462,
				0,
				0.167,
				3.462,
				1,
				0.178,
				3.462,
				0.189,
				6.613,
				0.2,
				7.89,
				1,
				0.267,
				15.551,
				0.333,
				18.462,
				0.4,
				18.462,
				1,
				0.522,
				18.462,
				0.644,
				-5.538,
				0.767,
				-5.538,
				1,
				0.889,
				-5.538,
				1.011,
				7.962,
				1.133,
				7.962,
				1,
				1.267,
				7.962,
				1.4,
				1.962,
				1.533,
				1.962,
				1,
				1.722,
				1.962,
				1.911,
				4.75,
				2.1,
				4.75
			]
		},
		{
			"Target": "Parameter",
			"Id": "Param_Angle_Rotation115",
			"Segments": [
				0,
				11.41,
				0,
				0.267,
				11.41,
				1,
				0.278,
				11.41,
				0.289,
				13,
				0.3,
				14.398,
				1,
				0.367,
				22.788,
				0.433,
				26.41,
				0.5,
				26.41,
				1,
				0.622,
				26.41,
				0.744,
				2.41,
				0.867,
				2.41,
				1,
				0.989,
				2.41,
				1.111,
				16.41,
				1.233,
				16.41,
				1,
				1.367,
				16.41,
				1.5,
				9.91,
				1.633,
				9.91,
				1,
				1.789,
				9.91,
				1.944,
				14,
				2.1,
				14
			]
		},
		{
			"Target": "Parameter",
			"Id": "Param_Angle_Rotation116",
			"Segments": [
				0,
				5.98,
				0,
				0.367,
				5.98,
				1,
				0.378,
				5.98,
				0.389,
				9.33,
				0.4,
				10.588,
				1,
				0.467,
				18.141,
				0.533,
				20.98,
				0.6,
				20.98,
				1,
				0.722,
				20.98,
				0.844,
				-3.02,
				0.967,
				-3.02,
				1,
				1.089,
				-3.02,
				1.211,
				10.98,
				1.333,
				10.98,
				1,
				1.467,
				10.98,
				1.6,
				3.98,
				1.733,
				3.98,
				1,
				1.856,
				3.98,
				1.978,
				7.84,
				2.1,
				7.84
			]
		},
		{
			"Target": "Parameter",
			"Id": "Param_Angle_Rotation117",
			"Segments": [
				0,
				-0.944,
				0,
				0.467,
				-0.944,
				1,
				0.478,
				-0.944,
				0.489,
				1.746,
				0.5,
				3.064,
				1,
				0.567,
				10.967,
				0.633,
				14.056,
				0.7,
				14.056,
				1,
				0.822,
				14.056,
				0.944,
				-9.944,
				1.067,
				-9.944,
				1,
				1.189,
				-9.944,
				1.311,
				4.556,
				1.433,
				4.556,
				1,
				1.567,
				4.556,
				1.7,
				0.006,
				1.833,
				-2.944,
				1,
				1.922,
				-4.911,
				2.011,
				-4.84,
				2.1,
				-4.84
			]
		},
		{
			"Target": "Parameter",
			"Id": "Param_Angle_Rotation118",
			"Segments": [
				0,
				-6.001,
				0,
				0.533,
				-6.001,
				1,
				0.544,
				-6.001,
				0.556,
				-3.897,
				0.567,
				-2.533,
				1,
				0.633,
				5.651,
				0.7,
				8.999,
				0.767,
				8.999,
				1,
				0.889,
				8.999,
				1.011,
				-15.001,
				1.133,
				-15.001,
				1,
				1.256,
				-15.001,
				1.378,
				-0.501,
				1.5,
				-0.501,
				1,
				1.633,
				-0.501,
				1.767,
				-4.301,
				1.9,
				-8.001,
				1,
				1.967,
				-9.851,
				2.033,
				-9.88,
				2.1,
				-9.88
			]
		},
		{
			"Target": "Parameter",
			"Id": "Param_Angle_Rotation120",
			"Segments": [
				0,
				4.298,
				0,
				0.133,
				4.298,
				1,
				0.144,
				4.298,
				0.156,
				7.384,
				0.167,
				8.666,
				1,
				0.233,
				16.363,
				0.3,
				19.298,
				0.367,
				19.298,
				1,
				0.489,
				19.298,
				0.611,
				-3.702,
				0.733,
				-3.702,
				1,
				0.856,
				-3.702,
				0.978,
				8.798,
				1.1,
				8.798,
				1,
				1.233,
				8.798,
				1.367,
				3.298,
				1.5,
				3.298,
				1,
				1.7,
				3.298,
				1.9,
				6.5,
				2.1,
				6.5
			]
		},
		{
			"Target": "Parameter",
			"Id": "Param_Angle_Rotation121",
			"Segments": [
				0,
				10.18,
				0,
				0.233,
				10.18,
				1,
				0.244,
				10.18,
				0.256,
				12.609,
				0.267,
				13.948,
				1,
				0.333,
				21.982,
				0.4,
				25.18,
				0.467,
				25.18,
				1,
				0.589,
				25.18,
				0.711,
				2.18,
				0.833,
				2.18,
				1,
				0.956,
				2.18,
				1.078,
				14.68,
				1.2,
				14.68,
				1,
				1.333,
				14.68,
				1.467,
				9.18,
				1.6,
				9.18,
				1,
				1.767,
				9.18,
				1.933,
				11.8,
				2.1,
				11.8
			]
		},
		{
			"Target": "Parameter",
			"Id": "Param_Angle_Rotation122",
			"Segments": [
				0,
				3.544,
				0,
				0.333,
				3.544,
				1,
				0.344,
				3.544,
				0.356,
				6.695,
				0.367,
				7.972,
				1,
				0.433,
				15.633,
				0.5,
				18.544,
				0.567,
				18.544,
				1,
				0.689,
				18.544,
				0.811,
				-4.456,
				0.933,
				-4.456,
				1,
				1.056,
				-4.456,
				1.178,
				8.044,
				1.3,
				8.044,
				1,
				1.433,
				8.044,
				1.567,
				2.544,
				1.7,
				2.544,
				1,
				1.833,
				2.544,
				1.967,
				5.1,
				2.1,
				5.1
			]
		},
		{
			"Target": "Parameter",
			"Id": "Param_Angle_Rotation123",
			"Segments": [
				0,
				-11.5,
				0,
				0.433,
				-11.5,
				1,
				0.444,
				-11.5,
				0.456,
				-9.844,
				0.467,
				-7.79,
				1,
				0.533,
				4.536,
				0.6,
				10.2,
				0.667,
				10.2,
				1,
				0.789,
				10.2,
				0.911,
				-13.8,
				1.033,
				-13.8,
				1,
				1.156,
				-13.8,
				1.278,
				-0.3,
				1.4,
				-0.3,
				1,
				1.533,
				-0.3,
				1.667,
				-3.389,
				1.8,
				-5.3,
				1,
				1.9,
				-6.733,
				2,
				-6.7,
				2.1,
				-6.7
			]
		}
	]
}