{
	"Version": 3,
	"Parameters": [
		{
			"Id": "ParamEff1",
			"GroupId": "ParamGroup",
			"Name": "エフェクト1"
		},
		{
			"Id": "ParamEff2",
			"GroupId": "ParamGroup",
			"Name": "エフェクト2"
		},
		{
			"Id": "ParamEff3",
			"GroupId": "ParamGroup",
			"Name": "エフェクト3"
		},
		{
			"Id": "ParamEff4",
			"GroupId": "ParamGroup",
			"Name": "エフェクト4"
		},
		{
			"Id": "ParamEff5",
			"GroupId": "ParamGroup",
			"Name": "エフェクト5"
		},
		{
			"Id": "ParamEff6",
			"GroupId": "ParamGroup",
			"Name": "エフェクト6"
		},
		{
			"Id": "ParamEff7",
			"GroupId": "ParamGroup",
			"Name": "エフェクト7"
		},
		{
			"Id": "ParamEff8",
			"GroupId": "ParamGroup",
			"Name": "エフェクト8"
		},
		{
			"Id": "ParamEff9",
			"GroupId": "ParamGroup",
			"Name": "エフェクト9"
		},
		{
			"Id": "ParamEff10",
			"GroupId": "ParamGroup",
			"Name": "エフェクト10"
		},
		{
			"Id": "ParamEff11",
			"GroupId": "ParamGroup",
			"Name": "エフェクト11"
		},
		{
			"Id": "ParamEff12",
			"GroupId": "ParamGroup",
			"Name": "エフェクト12"
		},
		{
			"Id": "ParamEff13",
			"GroupId": "ParamGroup",
			"Name": "エフェクト13"
		},
		{
			"Id": "ParamEff14",
			"GroupId": "ParamGroup",
			"Name": "エフェクト14"
		},
		{
			"Id": "ParamEff15",
			"GroupId": "ParamGroup",
			"Name": "エフェクト15"
		},
		{
			"Id": "ParamEff16",
			"GroupId": "ParamGroup",
			"Name": "エフェクト16"
		},
		{
			"Id": "ParamEff17",
			"GroupId": "ParamGroup",
			"Name": "エフェクト17"
		},
		{
			"Id": "ParamEff18",
			"GroupId": "ParamGroup",
			"Name": "エフェクト18"
		},
		{
			"Id": "ParamEff19",
			"GroupId": "ParamGroup",
			"Name": "エフェクト19"
		},
		{
			"Id": "ParamEff20",
			"GroupId": "ParamGroup",
			"Name": "エフェクト20"
		},
		{
			"Id": "ParamEff21",
			"GroupId": "ParamGroup",
			"Name": "エフェクト21"
		},
		{
			"Id": "ParamEff22",
			"GroupId": "ParamGroup",
			"Name": "エフェクト22"
		},
		{
			"Id": "ParamEff23",
			"GroupId": "ParamGroup",
			"Name": "エフェクト23"
		},
		{
			"Id": "ParamEff24",
			"GroupId": "ParamGroup",
			"Name": "エフェクト24"
		},
		{
			"Id": "ParamEff25",
			"GroupId": "ParamGroup",
			"Name": "エフェクト25"
		},
		{
			"Id": "ParamEff26",
			"GroupId": "ParamGroup",
			"Name": "エフェクト26"
		},
		{
			"Id": "ParamEff27",
			"GroupId": "ParamGroup",
			"Name": "エフェクト27"
		},
		{
			"Id": "ParamEff28",
			"GroupId": "ParamGroup",
			"Name": "エフェクト28"
		},
		{
			"Id": "ParamEff29",
			"GroupId": "ParamGroup",
			"Name": "エフェクト29"
		},
		{
			"Id": "ParamEff30",
			"GroupId": "ParamGroup",
			"Name": "エフェクト30"
		},
		{
			"Id": "ParamEff31",
			"GroupId": "ParamGroup",
			"Name": "エフェクト31"
		},
		{
			"Id": "ParamEff32",
			"GroupId": "ParamGroup",
			"Name": "エフェクト32"
		},
		{
			"Id": "ParamEff33",
			"GroupId": "ParamGroup",
			"Name": "エフェクト33"
		},
		{
			"Id": "ParamEff34",
			"GroupId": "ParamGroup",
			"Name": "エフェクト34"
		},
		{
			"Id": "ParamEff35",
			"GroupId": "ParamGroup",
			"Name": "エフェクト35"
		},
		{
			"Id": "ParamEff36",
			"GroupId": "ParamGroup",
			"Name": "エフェクト36"
		},
		{
			"Id": "ParamEff37",
			"GroupId": "ParamGroup",
			"Name": "エフェクト37"
		},
		{
			"Id": "ParamEff38",
			"GroupId": "ParamGroup",
			"Name": "エフェクト38"
		},
		{
			"Id": "ParamEff39",
			"GroupId": "ParamGroup",
			"Name": "エフェクト39"
		},
		{
			"Id": "ParamEff40",
			"GroupId": "ParamGroup",
			"Name": "エフェクト40"
		},
		{
			"Id": "ParamBrowLForm",
			"GroupId": "ParamGroup2",
			"Name": "左眉　変形"
		},
		{
			"Id": "ParamPachi",
			"GroupId": "ParamGroup2",
			"Name": "目パチ"
		},
		{
			"Id": "ParamMouthForm",
			"GroupId": "ParamGroup2",
			"Name": "口　変形"
		},
		{
			"Id": "ParamLegL1",
			"GroupId": "ParamGroup2",
			"Name": "右太もも"
		},
		{
			"Id": "ParamLegL2",
			"GroupId": "ParamGroup2",
			"Name": "右足"
		},
		{
			"Id": "ParamLegR1",
			"GroupId": "ParamGroup2",
			"Name": "左太もも"
		},
		{
			"Id": "ParamLegR2",
			"GroupId": "ParamGroup2",
			"Name": "左足"
		},
		{
			"Id": "ParamEyeRL",
			"GroupId": "ParamGroup2",
			"Name": "目Hi左右"
		},
		{
			"Id": "ParamEyeUD",
			"GroupId": "ParamGroup2",
			"Name": "目Hi上下"
		},
		{
			"Id": "ParamEyeBS",
			"GroupId": "ParamGroup2",
			"Name": "目Hi大小"
		},
		{
			"Id": "ParamPaiRY",
			"GroupId": "ParamGroup2",
			"Name": "右胸 Y"
		},
		{
			"Id": "ParamPaiRX",
			"GroupId": "ParamGroup2",
			"Name": "右胸 X"
		},
		{
			"Id": "ParamPaiRY2",
			"GroupId": "ParamGroup2",
			"Name": "右胸 Y2"
		},
		{
			"Id": "ParamPaiRX2",
			"GroupId": "ParamGroup2",
			"Name": "右胸 X2"
		},
		{
			"Id": "ParamPaiLY",
			"GroupId": "ParamGroup2",
			"Name": "左胸 Y"
		},
		{
			"Id": "ParamPaiLX",
			"GroupId": "ParamGroup2",
			"Name": "左胸 X"
		},
		{
			"Id": "ParamPaiLY2",
			"GroupId": "ParamGroup2",
			"Name": "左胸 Y2"
		},
		{
			"Id": "ParamPaiLX2",
			"GroupId": "ParamGroup2",
			"Name": "左胸 X2"
		},
		{
			"Id": "ParamCheek",
			"GroupId": "ParamGroup33",
			"Name": "照れ"
		},
		{
			"Id": "ParamBreat",
			"GroupId": "ParamGroup33",
			"Name": "呼吸"
		},
		{
			"Id": "ParamAngleZ",
			"GroupId": "ParamGroup33",
			"Name": "角度 Z"
		},
		{
			"Id": "ParamBodyAngleY",
			"GroupId": "ParamGroup33",
			"Name": "体の回転　Y"
		},
		{
			"Id": "ParamArmR2",
			"GroupId": "ParamGroup33",
			"Name": "右二の腕"
		},
		{
			"Id": "ParamArmR",
			"GroupId": "ParamGroup33",
			"Name": "右腕"
		},
		{
			"Id": "ParamHandR",
			"GroupId": "ParamGroup33",
			"Name": "右手"
		},
		{
			"Id": "ParamHnadRU",
			"GroupId": "ParamGroup33",
			"Name": "右手内側"
		},
		{
			"Id": "ParamYubi1",
			"GroupId": "ParamGroup33",
			"Name": "人差し指"
		},
		{
			"Id": "ParamYubi2",
			"GroupId": "ParamGroup33",
			"Name": "中指"
		},
		{
			"Id": "ParamArmL",
			"GroupId": "ParamGroup33",
			"Name": "左腕"
		},
		{
			"Id": "ParamHandL",
			"GroupId": "ParamGroup33",
			"Name": "左手"
		},
		{
			"Id": "ParamHandLU",
			"GroupId": "ParamGroup33",
			"Name": "左手内側"
		},
		{
			"Id": "ParamItiX",
			"GroupId": "ParamGroup33",
			"Name": "位置 X"
		},
		{
			"Id": "ParamItiY",
			"GroupId": "ParamGroup33",
			"Name": "位置 Y"
		},
		{
			"Id": "ParamAngleX",
			"GroupId": "ParamGroup3",
			"Name": "角度 X"
		},
		{
			"Id": "ParamAngleY",
			"GroupId": "ParamGroup3",
			"Name": "角度 Y"
		},
		{
			"Id": "ParamEyeLOpen",
			"GroupId": "ParamGroup3",
			"Name": "左目　開閉"
		},
		{
			"Id": "ParamEyeLSmile",
			"GroupId": "ParamGroup3",
			"Name": "左目　笑顔"
		},
		{
			"Id": "ParamEyeROpen",
			"GroupId": "ParamGroup3",
			"Name": "右目　開閉"
		},
		{
			"Id": "ParamEyeRSmile",
			"GroupId": "ParamGroup3",
			"Name": "右目　笑顔"
		},
		{
			"Id": "ParamEyeBallX",
			"GroupId": "ParamGroup3",
			"Name": "目玉 X"
		},
		{
			"Id": "ParamEyeBallY",
			"GroupId": "ParamGroup3",
			"Name": "目玉 Y"
		},
		{
			"Id": "ParamBrowLY",
			"GroupId": "ParamGroup3",
			"Name": "左眉　上下"
		},
		{
			"Id": "ParamBrowRY",
			"GroupId": "ParamGroup3",
			"Name": "右眉　上下"
		},
		{
			"Id": "ParamBrowLX",
			"GroupId": "ParamGroup3",
			"Name": "左眉　左右"
		},
		{
			"Id": "ParamBrowRX",
			"GroupId": "ParamGroup3",
			"Name": "右眉　左右"
		},
		{
			"Id": "ParamBrowLAngle",
			"GroupId": "ParamGroup3",
			"Name": "左眉　角度"
		},
		{
			"Id": "ParamBrowRAngle",
			"GroupId": "ParamGroup3",
			"Name": "右眉　角度"
		},
		{
			"Id": "ParamBrowRForm",
			"GroupId": "ParamGroup3",
			"Name": "右眉　変形"
		},
		{
			"Id": "ParamMouthOpenY",
			"GroupId": "ParamGroup3",
			"Name": "口　開閉"
		},
		{
			"Id": "ParamBodyAngleX",
			"GroupId": "ParamGroup3",
			"Name": "体の回転　X"
		},
		{
			"Id": "ParamBodyAngleZ",
			"GroupId": "ParamGroup3",
			"Name": "体の回転　Z"
		},
		{
			"Id": "ParamHairFront",
			"GroupId": "ParamGroup3",
			"Name": "髪揺れ　前"
		},
		{
			"Id": "ParamHairSide",
			"GroupId": "ParamGroup3",
			"Name": "髪揺れ　横"
		},
		{
			"Id": "ParamHairBack",
			"GroupId": "ParamGroup3",
			"Name": "髪揺れ　後"
		},
		{
			"Id": "Param_Angle_Rotation2",
			"GroupId": "ParamGroup4",
			"Name": "[1]髪中央1"
		},
		{
			"Id": "Param_Angle_Rotation3",
			"GroupId": "ParamGroup4",
			"Name": "[2]髪中央1"
		},
		{
			"Id": "Param_Angle_Rotation5",
			"GroupId": "ParamGroup5",
			"Name": "[0]髪中央2"
		},
		{
			"Id": "Param_Angle_Rotation6",
			"GroupId": "ParamGroup5",
			"Name": "[1]髪中央2"
		},
		{
			"Id": "Param_Angle_Rotation8",
			"GroupId": "ParamGroup6",
			"Name": "[0]髪中央3"
		},
		{
			"Id": "Param_Angle_Rotation9",
			"GroupId": "ParamGroup6",
			"Name": "[1]髪中央3"
		},
		{
			"Id": "Param_Angle_Rotation11",
			"GroupId": "ParamGroup7",
			"Name": "[0]髪右"
		},
		{
			"Id": "Param_Angle_Rotation12",
			"GroupId": "ParamGroup7",
			"Name": "[1]髪右"
		},
		{
			"Id": "Param_Angle_Rotation14",
			"GroupId": "ParamGroup8",
			"Name": "[0]髪右もみあげ"
		},
		{
			"Id": "Param_Angle_Rotation15",
			"GroupId": "ParamGroup8",
			"Name": "[1]髪右もみあげ"
		},
		{
			"Id": "Param_Angle_Rotation16",
			"GroupId": "ParamGroup8",
			"Name": "[2]髪右もみあげ"
		},
		{
			"Id": "Param_Angle_Rotation17",
			"GroupId": "ParamGroup8",
			"Name": "[3]髪右もみあげ"
		},
		{
			"Id": "Param_Angle_Rotation18",
			"GroupId": "ParamGroup8",
			"Name": "[4]髪右もみあげ"
		},
		{
			"Id": "Param_Angle_Rotation20",
			"GroupId": "ParamGroup9",
			"Name": "[0]髪左1"
		},
		{
			"Id": "Param_Angle_Rotation21",
			"GroupId": "ParamGroup9",
			"Name": "[1]髪左1"
		},
		{
			"Id": "Param_Angle_Rotation23",
			"GroupId": "ParamGroup10",
			"Name": "[0]髪左2"
		},
		{
			"Id": "Param_Angle_Rotation24",
			"GroupId": "ParamGroup10",
			"Name": "[1]髪左2"
		},
		{
			"Id": "Param_Angle_Rotation26",
			"GroupId": "ParamGroup11",
			"Name": "[0]髪左3"
		},
		{
			"Id": "Param_Angle_Rotation27",
			"GroupId": "ParamGroup11",
			"Name": "[1]髪左3"
		},
		{
			"Id": "Param_Angle_Rotation28",
			"GroupId": "ParamGroup12",
			"Name": "[0]髪左4"
		},
		{
			"Id": "Param_Angle_Rotation29",
			"GroupId": "ParamGroup12",
			"Name": "[1]髪左4"
		},
		{
			"Id": "Param_Angle_Rotation30",
			"GroupId": "ParamGroup12",
			"Name": "[2]髪左4"
		},
		{
			"Id": "Param_Angle_Rotation31",
			"GroupId": "ParamGroup13",
			"Name": "[0]髪左5"
		},
		{
			"Id": "Param_Angle_Rotation32",
			"GroupId": "ParamGroup13",
			"Name": "[1]髪左5"
		},
		{
			"Id": "Param_Angle_Rotation33",
			"GroupId": "ParamGroup13",
			"Name": "[2]髪左5"
		},
		{
			"Id": "Param_Angle_Rotation35",
			"GroupId": "ParamGroup14",
			"Name": "[0]髪左6"
		},
		{
			"Id": "Param_Angle_Rotation36",
			"GroupId": "ParamGroup14",
			"Name": "[1]髪左6"
		},
		{
			"Id": "Param_Angle_Rotation38",
			"GroupId": "ParamGroup15",
			"Name": "[0]髪下"
		},
		{
			"Id": "Param_Angle_Rotation39",
			"GroupId": "ParamGroup15",
			"Name": "[1]髪下"
		},
		{
			"Id": "Param_Angle_Rotation40",
			"GroupId": "ParamGroup15",
			"Name": "[2]髪下"
		},
		{
			"Id": "Param_Angle_Rotation41",
			"GroupId": "ParamGroup15",
			"Name": "[3]髪下"
		},
		{
			"Id": "Param_Angle_Rotation42",
			"GroupId": "ParamGroup15",
			"Name": "[4]髪下"
		},
		{
			"Id": "Param_Angle_Rotation43",
			"GroupId": "ParamGroup15",
			"Name": "[5]髪下"
		},
		{
			"Id": "Param_Angle_Rotation45",
			"GroupId": "ParamGroup16",
			"Name": "[0]髪後上1"
		},
		{
			"Id": "Param_Angle_Rotation46",
			"GroupId": "ParamGroup16",
			"Name": "[1]髪後上1"
		},
		{
			"Id": "Param_Angle_Rotation48",
			"GroupId": "ParamGroup17",
			"Name": "[0]髪後上2"
		},
		{
			"Id": "Param_Angle_Rotation49",
			"GroupId": "ParamGroup17",
			"Name": "[1]髪後上2"
		},
		{
			"Id": "Param_Angle_Rotation51",
			"GroupId": "ParamGroup18",
			"Name": "[0]髪左もみあげ1"
		},
		{
			"Id": "Param_Angle_Rotation52",
			"GroupId": "ParamGroup18",
			"Name": "[1]髪左もみあげ1"
		},
		{
			"Id": "Param_Angle_Rotation53",
			"GroupId": "ParamGroup18",
			"Name": "[2]髪左もみあげ1"
		},
		{
			"Id": "Param_Angle_Rotation55",
			"GroupId": "ParamGroup19",
			"Name": "[0]髪左もみあげ2"
		},
		{
			"Id": "Param_Angle_Rotation56",
			"GroupId": "ParamGroup19",
			"Name": "[1]髪左もみあげ2"
		},
		{
			"Id": "Param_Angle_Rotation57",
			"GroupId": "ParamGroup19",
			"Name": "[2]髪左もみあげ2"
		},
		{
			"Id": "Param_Angle_Rotation58",
			"GroupId": "ParamGroup19",
			"Name": "[3]髪左もみあげ2"
		},
		{
			"Id": "Param_Angle_Rotation59",
			"GroupId": "ParamGroup19",
			"Name": "[4]髪左もみあげ2"
		},
		{
			"Id": "Param_Angle_Rotation60",
			"GroupId": "ParamGroup19",
			"Name": "[5]髪左もみあげ2"
		},
		{
			"Id": "Param_Angle_Rotation61",
			"GroupId": "ParamGroup19",
			"Name": "[6]髪左もみあげ2"
		},
		{
			"Id": "Param_Angle_Rotation62",
			"GroupId": "ParamGroup19",
			"Name": "[7]髪左もみあげ2"
		},
		{
			"Id": "Param_Angle_Rotation63",
			"GroupId": "ParamGroup19",
			"Name": "[8]髪左もみあげ2"
		},
		{
			"Id": "Param_Angle_Rotation64",
			"GroupId": "ParamGroup20",
			"Name": "[0]紐左1"
		},
		{
			"Id": "Param_Angle_Rotation65",
			"GroupId": "ParamGroup20",
			"Name": "[1]紐左1"
		},
		{
			"Id": "Param_Angle_Rotation66",
			"GroupId": "ParamGroup20",
			"Name": "[2]紐左1"
		},
		{
			"Id": "Param_Angle_Rotation67",
			"GroupId": "ParamGroup21",
			"Name": "[0]紐左2"
		},
		{
			"Id": "Param_Angle_Rotation68",
			"GroupId": "ParamGroup21",
			"Name": "[1]紐左2"
		},
		{
			"Id": "Param_Angle_Rotation69",
			"GroupId": "ParamGroup21",
			"Name": "[2]紐左2"
		},
		{
			"Id": "Param_Angle_Rotation70",
			"GroupId": "ParamGroup22",
			"Name": "[0]紐左3"
		},
		{
			"Id": "Param_Angle_Rotation71",
			"GroupId": "ParamGroup22",
			"Name": "[1]紐左3"
		},
		{
			"Id": "Param_Angle_Rotation72",
			"GroupId": "ParamGroup22",
			"Name": "[2]紐左3"
		},
		{
			"Id": "Param_Angle_Rotation73",
			"GroupId": "ParamGroup22",
			"Name": "[3]紐左3"
		},
		{
			"Id": "Param_Angle_Rotation74",
			"GroupId": "ParamGroup23",
			"Name": "[0]紐左4"
		},
		{
			"Id": "Param_Angle_Rotation75",
			"GroupId": "ParamGroup23",
			"Name": "[1]紐左4"
		},
		{
			"Id": "Param_Angle_Rotation76",
			"GroupId": "ParamGroup23",
			"Name": "[2]紐左4"
		},
		{
			"Id": "Param_Angle_Rotation77",
			"GroupId": "ParamGroup23",
			"Name": "[3]紐左4"
		},
		{
			"Id": "Param_Angle_Rotation79",
			"GroupId": "ParamGroup24",
			"Name": "[0]髪後1"
		},
		{
			"Id": "Param_Angle_Rotation80",
			"GroupId": "ParamGroup24",
			"Name": "[1]髪後1"
		},
		{
			"Id": "Param_Angle_Rotation81",
			"GroupId": "ParamGroup24",
			"Name": "[2]髪後1"
		},
		{
			"Id": "Param_Angle_Rotation82",
			"GroupId": "ParamGroup24",
			"Name": "[3]髪後1"
		},
		{
			"Id": "Param_Angle_Rotation84",
			"GroupId": "ParamGroup25",
			"Name": "[0]髪後2"
		},
		{
			"Id": "Param_Angle_Rotation85",
			"GroupId": "ParamGroup25",
			"Name": "[1]髪後2"
		},
		{
			"Id": "Param_Angle_Rotation86",
			"GroupId": "ParamGroup25",
			"Name": "[2]髪後2"
		},
		{
			"Id": "Param_Angle_Rotation87",
			"GroupId": "ParamGroup25",
			"Name": "[3]髪後2"
		},
		{
			"Id": "Param_Angle_Rotation89",
			"GroupId": "ParamGroup26",
			"Name": "[0]髪後3"
		},
		{
			"Id": "Param_Angle_Rotation90",
			"GroupId": "ParamGroup26",
			"Name": "[1]髪後3"
		},
		{
			"Id": "Param_Angle_Rotation91",
			"GroupId": "ParamGroup26",
			"Name": "[2]髪後3"
		},
		{
			"Id": "Param_Angle_Rotation92",
			"GroupId": "ParamGroup26",
			"Name": "[3]髪後3"
		},
		{
			"Id": "Param_Angle_Rotation94",
			"GroupId": "ParamGroup27",
			"Name": "[0]髪後4"
		},
		{
			"Id": "Param_Angle_Rotation95",
			"GroupId": "ParamGroup27",
			"Name": "[1]髪後4"
		},
		{
			"Id": "Param_Angle_Rotation96",
			"GroupId": "ParamGroup27",
			"Name": "[2]髪後4"
		},
		{
			"Id": "Param_Angle_Rotation97",
			"GroupId": "ParamGroup27",
			"Name": "[3]髪後4"
		},
		{
			"Id": "Param_Angle_Rotation99",
			"GroupId": "ParamGroup28",
			"Name": "[0]髪後5"
		},
		{
			"Id": "Param_Angle_Rotation100",
			"GroupId": "ParamGroup28",
			"Name": "[1]髪後5"
		},
		{
			"Id": "Param_Angle_Rotation101",
			"GroupId": "ParamGroup28",
			"Name": "[2]髪後5"
		},
		{
			"Id": "Param_Angle_Rotation102",
			"GroupId": "ParamGroup28",
			"Name": "[3]髪後5"
		},
		{
			"Id": "Param_Angle_Rotation104",
			"GroupId": "ParamGroup29",
			"Name": "[0]髪後6"
		},
		{
			"Id": "Param_Angle_Rotation105",
			"GroupId": "ParamGroup29",
			"Name": "[1]髪後6"
		},
		{
			"Id": "Param_Angle_Rotation106",
			"GroupId": "ParamGroup29",
			"Name": "[2]髪後6"
		},
		{
			"Id": "Param_Angle_Rotation107",
			"GroupId": "ParamGroup29",
			"Name": "[3]髪後6"
		},
		{
			"Id": "Param_Angle_Rotation109",
			"GroupId": "ParamGroup30",
			"Name": "[0]髪後7"
		},
		{
			"Id": "Param_Angle_Rotation110",
			"GroupId": "ParamGroup30",
			"Name": "[1]髪後7"
		},
		{
			"Id": "Param_Angle_Rotation111",
			"GroupId": "ParamGroup30",
			"Name": "[2]髪後7"
		},
		{
			"Id": "Param_Angle_Rotation112",
			"GroupId": "ParamGroup30",
			"Name": "[3]髪後7"
		},
		{
			"Id": "Param_Angle_Rotation114",
			"GroupId": "ParamGroup31",
			"Name": "[0]髪後8"
		},
		{
			"Id": "Param_Angle_Rotation115",
			"GroupId": "ParamGroup31",
			"Name": "[1]髪後8"
		},
		{
			"Id": "Param_Angle_Rotation116",
			"GroupId": "ParamGroup31",
			"Name": "[2]髪後8"
		},
		{
			"Id": "Param_Angle_Rotation117",
			"GroupId": "ParamGroup31",
			"Name": "[3]髪後8"
		},
		{
			"Id": "Param_Angle_Rotation118",
			"GroupId": "ParamGroup31",
			"Name": "[4]髪後8"
		},
		{
			"Id": "Param_Angle_Rotation120",
			"GroupId": "ParamGroup32",
			"Name": "[0]髪後9"
		},
		{
			"Id": "Param_Angle_Rotation121",
			"GroupId": "ParamGroup32",
			"Name": "[1]髪後9"
		},
		{
			"Id": "Param_Angle_Rotation122",
			"GroupId": "ParamGroup32",
			"Name": "[2]髪後9"
		},
		{
			"Id": "Param_Angle_Rotation123",
			"GroupId": "ParamGroup32",
			"Name": "[3]髪後9"
		}
	],
	"ParameterGroups": [
		{
			"Id": "ParamGroup",
			"GroupId": "",
			"Name": "エフェクト"
		},
		{
			"Id": "ParamGroup2",
			"GroupId": "",
			"Name": "URLR"
		},
		{
			"Id": "ParamGroup33",
			"GroupId": "",
			"Name": "追加"
		},
		{
			"Id": "ParamGroup3",
			"GroupId": "",
			"Name": "通常"
		},
		{
			"Id": "ParamGroup4",
			"GroupId": "",
			"Name": "髪中央1"
		},
		{
			"Id": "ParamGroup5",
			"GroupId": "",
			"Name": "髪中央2"
		},
		{
			"Id": "ParamGroup6",
			"GroupId": "",
			"Name": "髪中央3"
		},
		{
			"Id": "ParamGroup7",
			"GroupId": "",
			"Name": "髪右"
		},
		{
			"Id": "ParamGroup8",
			"GroupId": "",
			"Name": "髪右もみあげ"
		},
		{
			"Id": "ParamGroup9",
			"GroupId": "",
			"Name": "髪左1"
		},
		{
			"Id": "ParamGroup10",
			"GroupId": "",
			"Name": "髪左2"
		},
		{
			"Id": "ParamGroup11",
			"GroupId": "",
			"Name": "髪左3"
		},
		{
			"Id": "ParamGroup12",
			"GroupId": "",
			"Name": "髪左4"
		},
		{
			"Id": "ParamGroup13",
			"GroupId": "",
			"Name": "髪左5"
		},
		{
			"Id": "ParamGroup14",
			"GroupId": "",
			"Name": "髪左6"
		},
		{
			"Id": "ParamGroup15",
			"GroupId": "",
			"Name": "髪下"
		},
		{
			"Id": "ParamGroup16",
			"GroupId": "",
			"Name": "髪後上1"
		},
		{
			"Id": "ParamGroup17",
			"GroupId": "",
			"Name": "髪後上2"
		},
		{
			"Id": "ParamGroup18",
			"GroupId": "",
			"Name": "髪左もみあげ1"
		},
		{
			"Id": "ParamGroup19",
			"GroupId": "",
			"Name": "髪左もみあげ2"
		},
		{
			"Id": "ParamGroup20",
			"GroupId": "",
			"Name": "紐左1"
		},
		{
			"Id": "ParamGroup21",
			"GroupId": "",
			"Name": "紐左2"
		},
		{
			"Id": "ParamGroup22",
			"GroupId": "",
			"Name": "紐左3"
		},
		{
			"Id": "ParamGroup23",
			"GroupId": "",
			"Name": "紐左4"
		},
		{
			"Id": "ParamGroup24",
			"GroupId": "",
			"Name": "髪後1"
		},
		{
			"Id": "ParamGroup25",
			"GroupId": "",
			"Name": "髪後2"
		},
		{
			"Id": "ParamGroup26",
			"GroupId": "",
			"Name": "髪後3"
		},
		{
			"Id": "ParamGroup27",
			"GroupId": "",
			"Name": "髪後4"
		},
		{
			"Id": "ParamGroup28",
			"GroupId": "",
			"Name": "髪後5"
		},
		{
			"Id": "ParamGroup29",
			"GroupId": "",
			"Name": "髪後6"
		},
		{
			"Id": "ParamGroup30",
			"GroupId": "",
			"Name": "髪後7"
		},
		{
			"Id": "ParamGroup31",
			"GroupId": "",
			"Name": "髪後8"
		},
		{
			"Id": "ParamGroup32",
			"GroupId": "",
			"Name": "髪後9"
		}
	],
	"Parts": [
		{
			"Id": "Part23",
			"Name": "1920x1440.psd"
		},
		{
			"Id": "PartRough",
			"Name": "ラフ"
		},
		{
			"Id": "PartFace",
			"Name": "顔"
		},
		{
			"Id": "PartEye",
			"Name": "目"
		},
		{
			"Id": "PartEyeBall",
			"Name": "目玉"
		},
		{
			"Id": "PartBrow",
			"Name": "まゆ毛"
		},
		{
			"Id": "PartMouth",
			"Name": "口"
		},
		{
			"Id": "PartNose",
			"Name": "鼻"
		},
		{
			"Id": "PartEar",
			"Name": "耳"
		},
		{
			"Id": "PartHairFront",
			"Name": "前髪"
		},
		{
			"Id": "PartHairSide",
			"Name": "横髪"
		},
		{
			"Id": "PartHairBack",
			"Name": "後ろ髪"
		},
		{
			"Id": "PartNeck",
			"Name": "首"
		},
		{
			"Id": "PartBody",
			"Name": "体"
		},
		{
			"Id": "PartBackground",
			"Name": "背景"
		},
		{
			"Id": "PartSketch",
			"Name": "[ 下絵 ]"
		},
		{
			"Id": "Part",
			"Name": "エフェクト"
		},
		{
			"Id": "Part12",
			"Name": "髪上"
		},
		{
			"Id": "Part20",
			"Name": "腕胸"
		},
		{
			"Id": "Part13",
			"Name": "顔"
		},
		{
			"Id": "Part18",
			"Name": "頬"
		},
		{
			"Id": "Part19",
			"Name": "口"
		},
		{
			"Id": "Part21",
			"Name": "左腕"
		},
		{
			"Id": "Part22",
			"Name": "髪下"
		},
		{
			"Id": "Part2",
			"Name": "光"
		},
		{
			"Id": "Part11",
			"Name": "水"
		},
		{
			"Id": "ArtMesh100_Skinning",
			"Name": "髪中央1(スキニング)"
		},
		{
			"Id": "ArtMesh101_Skinning",
			"Name": "髪中央2(スキニング)"
		},
		{
			"Id": "ArtMesh102_Skinning",
			"Name": "髪中央3(スキニング)"
		},
		{
			"Id": "ArtMesh103_Skinning",
			"Name": "髪右(スキニング)"
		},
		{
			"Id": "ArtMesh104_Skinning",
			"Name": "髪右もみあげ(スキニング)"
		},
		{
			"Id": "ArtMesh105_Skinning",
			"Name": "髪左1(スキニング)"
		},
		{
			"Id": "ArtMesh106_Skinning",
			"Name": "髪左2(スキニング)"
		},
		{
			"Id": "ArtMesh107_Skinning",
			"Name": "髪左3(スキニング)"
		},
		{
			"Id": "ArtMesh108_Skinning",
			"Name": "髪左4(スキニング)"
		},
		{
			"Id": "ArtMesh109_Skinning",
			"Name": "髪左5(スキニング)"
		},
		{
			"Id": "ArtMesh110_Skinning",
			"Name": "髪左6(スキニング)"
		},
		{
			"Id": "Part14",
			"Name": "右目"
		},
		{
			"Id": "Part16",
			"Name": "左目"
		},
		{
			"Id": "ArtMesh167_Skinning",
			"Name": "髪下(スキニング)"
		},
		{
			"Id": "ArtMesh168_Skinning",
			"Name": "髪後上1(スキニング)"
		},
		{
			"Id": "ArtMesh169_Skinning",
			"Name": "髪後上2(スキニング)"
		},
		{
			"Id": "ArtMesh170_Skinning",
			"Name": "髪左もみあげ1(スキニング)"
		},
		{
			"Id": "ArtMesh171_Skinning",
			"Name": "髪左もみあげ2(スキニング)"
		},
		{
			"Id": "ArtMesh172_Skinning",
			"Name": "紐左1(スキニング)"
		},
		{
			"Id": "ArtMesh173_Skinning",
			"Name": "紐左2(スキニング)"
		},
		{
			"Id": "ArtMesh174_Skinning",
			"Name": "紐左3(スキニング)"
		},
		{
			"Id": "ArtMesh175_Skinning",
			"Name": "紐左4(スキニング)"
		},
		{
			"Id": "ArtMesh176_Skinning",
			"Name": "髪後1(スキニング)"
		},
		{
			"Id": "ArtMesh177_Skinning",
			"Name": "髪後2(スキニング)"
		},
		{
			"Id": "ArtMesh178_Skinning",
			"Name": "髪後3(スキニング)"
		},
		{
			"Id": "ArtMesh179_Skinning",
			"Name": "髪後4(スキニング)"
		},
		{
			"Id": "ArtMesh180_Skinning",
			"Name": "髪後5(スキニング)"
		},
		{
			"Id": "ArtMesh181_Skinning",
			"Name": "髪後6(スキニング)"
		},
		{
			"Id": "ArtMesh182_Skinning",
			"Name": "髪後7(スキニング)"
		},
		{
			"Id": "ArtMesh183_Skinning",
			"Name": "髪後8(スキニング)"
		},
		{
			"Id": "ArtMesh184_Skinning",
			"Name": "髪後9(スキニング)"
		},
		{
			"Id": "Part3",
			"Name": "光グループ 1"
		},
		{
			"Id": "Part4",
			"Name": "光グループ 2"
		},
		{
			"Id": "Part5",
			"Name": "光グループ 3"
		},
		{
			"Id": "Part6",
			"Name": "光グループ 4"
		},
		{
			"Id": "Part7",
			"Name": "光グループ 5"
		},
		{
			"Id": "Part8",
			"Name": "光グループ 6"
		},
		{
			"Id": "Part9",
			"Name": "光グループ 7"
		},
		{
			"Id": "Part10",
			"Name": "光グループ 8"
		},
		{
			"Id": "Part15",
			"Name": "右眉黒"
		},
		{
			"Id": "Part17",
			"Name": "左眉黒"
		}
	],
	"CombinedParameters": [
		[
			"ParamEyeRL",
			"ParamEyeUD"
		],
		[
			"ParamPaiRY",
			"ParamPaiRX"
		],
		[
			"ParamPaiRY2",
			"ParamPaiRX2"
		],
		[
			"ParamPaiLY",
			"ParamPaiLX"
		],
		[
			"ParamPaiLY2",
			"ParamPaiLX2"
		],
		[
			"ParamItiX",
			"ParamItiY"
		]
	]
}