{
	"Version": 3,
	"Parameters": [
		{
			"Id": "ParamEff1",
			"GroupId": "ParamGroup",
			"Name": "エフェクト1"
		},
		{
			"Id": "ParamEff2",
			"GroupId": "ParamGroup",
			"Name": "エフェクト2"
		},
		{
			"Id": "ParamEff3",
			"GroupId": "ParamGroup",
			"Name": "エフェクト3"
		},
		{
			"Id": "ParamEff4",
			"GroupId": "ParamGroup",
			"Name": "エフェクト4"
		},
		{
			"Id": "ParamEff5",
			"GroupId": "ParamGroup",
			"Name": "エフェクト5"
		},
		{
			"Id": "ParamEff6",
			"GroupId": "ParamGroup",
			"Name": "エフェクト6"
		},
		{
			"Id": "ParamEff7",
			"GroupId": "ParamGroup",
			"Name": "エフェクト7"
		},
		{
			"Id": "ParamEff8",
			"GroupId": "ParamGroup",
			"Name": "エフェクト8"
		},
		{
			"Id": "ParamEff9",
			"GroupId": "ParamGroup",
			"Name": "エフェクト9"
		},
		{
			"Id": "ParamEff10",
			"GroupId": "ParamGroup",
			"Name": "エフェクト10"
		},
		{
			"Id": "ParamEff11",
			"GroupId": "ParamGroup",
			"Name": "エフェクト11"
		},
		{
			"Id": "ParamEff12",
			"GroupId": "ParamGroup",
			"Name": "エフェクト12"
		},
		{
			"Id": "ParamEff13",
			"GroupId": "ParamGroup",
			"Name": "エフェクト13"
		},
		{
			"Id": "ParamEff14",
			"GroupId": "ParamGroup",
			"Name": "エフェクト14"
		},
		{
			"Id": "ParamEff15",
			"GroupId": "ParamGroup",
			"Name": "エフェクト15"
		},
		{
			"Id": "ParamEff16",
			"GroupId": "ParamGroup",
			"Name": "エフェクト16"
		},
		{
			"Id": "ParamEff17",
			"GroupId": "ParamGroup",
			"Name": "エフェクト17"
		},
		{
			"Id": "ParamEff18",
			"GroupId": "ParamGroup",
			"Name": "エフェクト18"
		},
		{
			"Id": "ParamEff19",
			"GroupId": "ParamGroup",
			"Name": "エフェクト19"
		},
		{
			"Id": "ParamEff20",
			"GroupId": "ParamGroup",
			"Name": "エフェクト20"
		},
		{
			"Id": "ParamEff21",
			"GroupId": "ParamGroup",
			"Name": "エフェクト21"
		},
		{
			"Id": "ParamEff22",
			"GroupId": "ParamGroup",
			"Name": "エフェクト22"
		},
		{
			"Id": "ParamEff23",
			"GroupId": "ParamGroup",
			"Name": "エフェクト23"
		},
		{
			"Id": "ParamEff24",
			"GroupId": "ParamGroup",
			"Name": "エフェクト24"
		},
		{
			"Id": "ParamEff25",
			"GroupId": "ParamGroup",
			"Name": "エフェクト25"
		},
		{
			"Id": "ParamEff26",
			"GroupId": "ParamGroup",
			"Name": "エフェクト26"
		},
		{
			"Id": "ParamEff27",
			"GroupId": "ParamGroup",
			"Name": "エフェクト27"
		},
		{
			"Id": "ParamEff28",
			"GroupId": "ParamGroup",
			"Name": "エフェクト28"
		},
		{
			"Id": "ParamEff29",
			"GroupId": "ParamGroup",
			"Name": "エフェクト29"
		},
		{
			"Id": "ParamEff30",
			"GroupId": "ParamGroup",
			"Name": "エフェクト30"
		},
		{
			"Id": "ParamEff31",
			"GroupId": "ParamGroup",
			"Name": "エフェクト31"
		},
		{
			"Id": "ParamEff32",
			"GroupId": "ParamGroup",
			"Name": "エフェクト32"
		},
		{
			"Id": "ParamEff33",
			"GroupId": "ParamGroup",
			"Name": "エフェクト33"
		},
		{
			"Id": "ParamPachi1",
			"GroupId": "ParamGroup2",
			"Name": "目パチ"
		},
		{
			"Id": "ParamPachi2",
			"GroupId": "ParamGroup2",
			"Name": "目パチ"
		},
		{
			"Id": "ParamLegL1",
			"GroupId": "ParamGroup2",
			"Name": "右太もも"
		},
		{
			"Id": "ParamLegL2",
			"GroupId": "ParamGroup2",
			"Name": "右足"
		},
		{
			"Id": "ParamLegR1",
			"GroupId": "ParamGroup2",
			"Name": "左太もも"
		},
		{
			"Id": "ParamLegR2",
			"GroupId": "ParamGroup2",
			"Name": "左足"
		},
		{
			"Id": "ParamEyeRL",
			"GroupId": "ParamGroup2",
			"Name": "目Hi左右"
		},
		{
			"Id": "ParamEyeUD",
			"GroupId": "ParamGroup2",
			"Name": "目Hi上下"
		},
		{
			"Id": "ParamEyeBS",
			"GroupId": "ParamGroup2",
			"Name": "目Hi大小"
		},
		{
			"Id": "ParamPaiRX",
			"GroupId": "ParamGroup2",
			"Name": "右胸 X"
		},
		{
			"Id": "ParamPaiRY",
			"GroupId": "ParamGroup2",
			"Name": "右胸 Y"
		},
		{
			"Id": "ParamPaiRX2",
			"GroupId": "ParamGroup2",
			"Name": "右胸 X2"
		},
		{
			"Id": "ParamPaiRY2",
			"GroupId": "ParamGroup2",
			"Name": "右胸 Y2"
		},
		{
			"Id": "ParamPaiRibonX",
			"GroupId": "ParamGroup2",
			"Name": "胸リボンX"
		},
		{
			"Id": "ParamPaiRibonY",
			"GroupId": "ParamGroup2",
			"Name": "胸リボンY"
		},
		{
			"Id": "ParamPaiLX",
			"GroupId": "ParamGroup2",
			"Name": "左胸 X"
		},
		{
			"Id": "ParamPaiLY",
			"GroupId": "ParamGroup2",
			"Name": "左胸 Y"
		},
		{
			"Id": "ParamPaiLX2",
			"GroupId": "ParamGroup2",
			"Name": "左胸 X2"
		},
		{
			"Id": "ParamPaiLY2",
			"GroupId": "ParamGroup2",
			"Name": "左胸 Y2"
		},
		{
			"Id": "ParamBreat",
			"GroupId": "ParamGroup2",
			"Name": "呼吸"
		},
		{
			"Id": "ParamBreat2",
			"GroupId": "ParamGroup2",
			"Name": "呼吸"
		},
		{
			"Id": "ParamYSY",
			"GroupId": "ParamGroup3",
			"Name": "Y装飾揺れ"
		},
		{
			"Id": "ParamYFY",
			"GroupId": "ParamGroup3",
			"Name": "Y花揺れ"
		},
		{
			"Id": "ParamYKY",
			"GroupId": "ParamGroup3",
			"Name": "Y鎖揺れ"
		},
		{
			"Id": "ParamYmSY",
			"GroupId": "ParamGroup3",
			"Name": "Ym装飾揺れ"
		},
		{
			"Id": "ParamYmFY",
			"GroupId": "ParamGroup3",
			"Name": "Ym花揺れ"
		},
		{
			"Id": "ParamYmKY",
			"GroupId": "ParamGroup3",
			"Name": "Ym鎖揺れ"
		},
		{
			"Id": "ParamFinger1",
			"GroupId": "ParamGroup3",
			"Name": "指1"
		},
		{
			"Id": "ParamFinger2",
			"GroupId": "ParamGroup3",
			"Name": "指2"
		},
		{
			"Id": "ParamFinger3",
			"GroupId": "ParamGroup3",
			"Name": "指3"
		},
		{
			"Id": "ParamHand",
			"GroupId": "ParamGroup3",
			"Name": "手"
		},
		{
			"Id": "Param_Angle_Rotation6",
			"GroupId": "ParamGroup4",
			"Name": "[0]髪1"
		},
		{
			"Id": "Param_Angle_Rotation7",
			"GroupId": "ParamGroup4",
			"Name": "[1]髪1"
		},
		{
			"Id": "Param_Angle_Rotation8",
			"GroupId": "ParamGroup4",
			"Name": "[2]髪1"
		},
		{
			"Id": "Param_Angle_Rotation10",
			"GroupId": "ParamGroup5",
			"Name": "[0]髪2"
		},
		{
			"Id": "Param_Angle_Rotation11",
			"GroupId": "ParamGroup5",
			"Name": "[1]髪2"
		},
		{
			"Id": "Param_Angle_Rotation12",
			"GroupId": "ParamGroup5",
			"Name": "[2]髪2"
		},
		{
			"Id": "Param_Angle_Rotation14",
			"GroupId": "ParamGroup6",
			"Name": "[0]髪3"
		},
		{
			"Id": "Param_Angle_Rotation15",
			"GroupId": "ParamGroup6",
			"Name": "[1]髪3"
		},
		{
			"Id": "Param_Angle_Rotation16",
			"GroupId": "ParamGroup6",
			"Name": "[2]髪3"
		},
		{
			"Id": "Param_Angle_Rotation17",
			"GroupId": "ParamGroup7",
			"Name": "[0]髪4"
		},
		{
			"Id": "Param_Angle_Rotation18",
			"GroupId": "ParamGroup7",
			"Name": "[1]髪4"
		},
		{
			"Id": "Param_Angle_Rotation19",
			"GroupId": "ParamGroup7",
			"Name": "[2]髪4"
		},
		{
			"Id": "Param_Angle_Rotation21",
			"GroupId": "ParamGroup8",
			"Name": "[0]髪5"
		},
		{
			"Id": "Param_Angle_Rotation22",
			"GroupId": "ParamGroup8",
			"Name": "[1]髪5"
		},
		{
			"Id": "Param_Angle_Rotation23",
			"GroupId": "ParamGroup8",
			"Name": "[2]髪5"
		},
		{
			"Id": "Param_Angle_Rotation25",
			"GroupId": "ParamGroup9",
			"Name": "[0]髪6"
		},
		{
			"Id": "Param_Angle_Rotation26",
			"GroupId": "ParamGroup9",
			"Name": "[1]髪6"
		},
		{
			"Id": "Param_Angle_Rotation27",
			"GroupId": "ParamGroup9",
			"Name": "[2]髪6"
		},
		{
			"Id": "Param_Angle_Rotation75",
			"GroupId": "ParamGroup10",
			"Name": "[0]前髪1Y"
		},
		{
			"Id": "Param_Angle_Rotation76",
			"GroupId": "ParamGroup10",
			"Name": "[1]前髪1Y"
		},
		{
			"Id": "Param_Angle_Rotation77",
			"GroupId": "ParamGroup10",
			"Name": "[2]前髪1Y"
		},
		{
			"Id": "Param_Angle_Rotation79",
			"GroupId": "ParamGroup11",
			"Name": "[0]前髪2Y"
		},
		{
			"Id": "Param_Angle_Rotation80",
			"GroupId": "ParamGroup11",
			"Name": "[1]前髪2Y"
		},
		{
			"Id": "Param_Angle_Rotation81",
			"GroupId": "ParamGroup11",
			"Name": "[2]前髪2Y"
		},
		{
			"Id": "Param_Angle_Rotation83",
			"GroupId": "ParamGroup12",
			"Name": "[0]前髪3Y"
		},
		{
			"Id": "Param_Angle_Rotation84",
			"GroupId": "ParamGroup12",
			"Name": "[1]前髪3Y"
		},
		{
			"Id": "Param_Angle_Rotation85",
			"GroupId": "ParamGroup12",
			"Name": "[2]前髪3Y"
		},
		{
			"Id": "Param_Angle_Rotation87",
			"GroupId": "ParamGroup13",
			"Name": "[0]前髪4Y"
		},
		{
			"Id": "Param_Angle_Rotation88",
			"GroupId": "ParamGroup13",
			"Name": "[1]前髪4Y"
		},
		{
			"Id": "Param_Angle_Rotation89",
			"GroupId": "ParamGroup13",
			"Name": "[2]前髪4Y"
		},
		{
			"Id": "Param_Angle_Rotation91",
			"GroupId": "ParamGroup14",
			"Name": "[0]前髪5Y"
		},
		{
			"Id": "Param_Angle_Rotation92",
			"GroupId": "ParamGroup14",
			"Name": "[1]前髪5Y"
		},
		{
			"Id": "Param_Angle_Rotation93",
			"GroupId": "ParamGroup14",
			"Name": "[2]前髪5Y"
		},
		{
			"Id": "Param_Angle_Rotation95",
			"GroupId": "ParamGroup15",
			"Name": "[0]もみあげ左"
		},
		{
			"Id": "Param_Angle_Rotation96",
			"GroupId": "ParamGroup15",
			"Name": "[1]もみあげ左"
		},
		{
			"Id": "Param_Angle_Rotation97",
			"GroupId": "ParamGroup15",
			"Name": "[2]もみあげ左"
		},
		{
			"Id": "Param_Angle_Rotation98",
			"GroupId": "ParamGroup15",
			"Name": "[3]もみあげ左"
		},
		{
			"Id": "Param_Angle_Rotation100",
			"GroupId": "ParamGroup16",
			"Name": "[0]もみあげ右奥"
		},
		{
			"Id": "Param_Angle_Rotation101",
			"GroupId": "ParamGroup16",
			"Name": "[1]もみあげ右奥"
		},
		{
			"Id": "Param_Angle_Rotation102",
			"GroupId": "ParamGroup16",
			"Name": "[2]もみあげ右奥"
		},
		{
			"Id": "Param_Angle_Rotation103",
			"GroupId": "ParamGroup16",
			"Name": "[3]もみあげ右奥"
		},
		{
			"Id": "Param_Angle_Rotation105",
			"GroupId": "ParamGroup17",
			"Name": "[0]後ろ髪Y"
		},
		{
			"Id": "Param_Angle_Rotation106",
			"GroupId": "ParamGroup17",
			"Name": "[1]後ろ髪Y"
		},
		{
			"Id": "Param_Angle_Rotation107",
			"GroupId": "ParamGroup17",
			"Name": "[2]後ろ髪Y"
		},
		{
			"Id": "Param_Angle_Rotation108",
			"GroupId": "ParamGroup17",
			"Name": "[3]後ろ髪Y"
		}
	],
	"ParameterGroups": [
		{
			"Id": "ParamGroup",
			"GroupId": "",
			"Name": "エフェクト"
		},
		{
			"Id": "ParamGroup2",
			"GroupId": "",
			"Name": "URアニメーション"
		},
		{
			"Id": "ParamGroup3",
			"GroupId": "",
			"Name": "追加"
		},
		{
			"Id": "ParamGroup4",
			"GroupId": "",
			"Name": "髪1"
		},
		{
			"Id": "ParamGroup5",
			"GroupId": "",
			"Name": "髪2"
		},
		{
			"Id": "ParamGroup6",
			"GroupId": "",
			"Name": "髪3"
		},
		{
			"Id": "ParamGroup7",
			"GroupId": "",
			"Name": "髪4"
		},
		{
			"Id": "ParamGroup8",
			"GroupId": "",
			"Name": "髪5"
		},
		{
			"Id": "ParamGroup9",
			"GroupId": "",
			"Name": "髪6"
		},
		{
			"Id": "ParamGroup10",
			"GroupId": "",
			"Name": "前髪1Y"
		},
		{
			"Id": "ParamGroup11",
			"GroupId": "",
			"Name": "前髪2Y"
		},
		{
			"Id": "ParamGroup12",
			"GroupId": "",
			"Name": "前髪3Y"
		},
		{
			"Id": "ParamGroup13",
			"GroupId": "",
			"Name": "前髪4Y"
		},
		{
			"Id": "ParamGroup14",
			"GroupId": "",
			"Name": "前髪5Y"
		},
		{
			"Id": "ParamGroup15",
			"GroupId": "",
			"Name": "もみあげ左"
		},
		{
			"Id": "ParamGroup16",
			"GroupId": "",
			"Name": "もみあげ右奥"
		},
		{
			"Id": "ParamGroup17",
			"GroupId": "",
			"Name": "後ろ髪Y"
		}
	],
	"Parts": [
		{
			"Id": "Part33",
			"Name": "1920x1440.psd"
		},
		{
			"Id": "PartSketch0",
			"Name": "[ 下絵 ]"
		},
		{
			"Id": "Part",
			"Name": "夜桜"
		},
		{
			"Id": "Part10",
			"Name": "雪泉"
		},
		{
			"Id": "Part20",
			"Name": "奥の景色"
		},
		{
			"Id": "Part2",
			"Name": "粒"
		},
		{
			"Id": "Part3",
			"Name": "鎖など各種"
		},
		{
			"Id": "Part4",
			"Name": "髪"
		},
		{
			"Id": "Part5",
			"Name": "頭部"
		},
		{
			"Id": "Part8",
			"Name": "体"
		},
		{
			"Id": "Part9",
			"Name": "頭後ろ装飾"
		},
		{
			"Id": "Part11",
			"Name": "粒"
		},
		{
			"Id": "Part12",
			"Name": "飾り"
		},
		{
			"Id": "Part13",
			"Name": "前髪"
		},
		{
			"Id": "Part14",
			"Name": "顔"
		},
		{
			"Id": "Part17",
			"Name": "各部位"
		},
		{
			"Id": "Part18",
			"Name": "腕"
		},
		{
			"Id": "Part19",
			"Name": "頭部"
		},
		{
			"Id": "Part21",
			"Name": "グループ 1"
		},
		{
			"Id": "Part22",
			"Name": "グループ 2"
		},
		{
			"Id": "ArtMesh19_Skinning",
			"Name": "髪1(スキニング)"
		},
		{
			"Id": "ArtMesh20_Skinning",
			"Name": "髪2(スキニング)"
		},
		{
			"Id": "ArtMesh21_Skinning",
			"Name": "髪3(スキニング)"
		},
		{
			"Id": "ArtMesh22_Skinning",
			"Name": "髪4(スキニング)"
		},
		{
			"Id": "ArtMesh23_Skinning",
			"Name": "髪5(スキニング)"
		},
		{
			"Id": "ArtMesh24_Skinning",
			"Name": "髪6(スキニング)"
		},
		{
			"Id": "Part6",
			"Name": "目閉じ"
		},
		{
			"Id": "Part7",
			"Name": "顔"
		},
		{
			"Id": "ArtMesh34_Skinning",
			"Name": "髪影(スキニング)"
		},
		{
			"Id": "ArtMesh35_Skinning",
			"Name": "髪影(スキニング)"
		},
		{
			"Id": "ArtMesh36_Skinning",
			"Name": "髪影(スキニング)"
		},
		{
			"Id": "ArtMesh38_Skinning",
			"Name": "髪影(スキニング)"
		},
		{
			"Id": "ArtMesh39_Skinning",
			"Name": "髪影(スキニング)"
		},
		{
			"Id": "ArtMesh53_Skinning",
			"Name": "左腕(スキニング)"
		},
		{
			"Id": "ArtMesh97_Skinning",
			"Name": "前髪1(スキニング)"
		},
		{
			"Id": "ArtMesh98_Skinning",
			"Name": "前髪2(スキニング)"
		},
		{
			"Id": "ArtMesh99_Skinning",
			"Name": "前髪3(スキニング)"
		},
		{
			"Id": "ArtMesh100_Skinning",
			"Name": "前髪4(スキニング)"
		},
		{
			"Id": "ArtMesh101_Skinning",
			"Name": "前髪5(スキニング)"
		},
		{
			"Id": "Part15",
			"Name": "目閉じ"
		},
		{
			"Id": "Part16",
			"Name": "顔"
		},
		{
			"Id": "ArtMesh113_Skinning",
			"Name": "もみあげ左(スキニング)"
		},
		{
			"Id": "ArtMesh114_Skinning",
			"Name": "髪影1(スキニング)"
		},
		{
			"Id": "ArtMesh116_Skinning",
			"Name": "髪影3(スキニング)"
		},
		{
			"Id": "ArtMesh117_Skinning",
			"Name": "髪影4(スキニング)"
		},
		{
			"Id": "ArtMesh118_Skinning",
			"Name": "髪影5(スキニング)"
		},
		{
			"Id": "ArtMesh120_Skinning",
			"Name": "もみあげ右奥(スキニング)"
		},
		{
			"Id": "ArtMesh127_Skinning",
			"Name": "小指(スキニング)"
		},
		{
			"Id": "ArtMesh128_Skinning",
			"Name": "中指(スキニング)"
		},
		{
			"Id": "ArtMesh129_Skinning",
			"Name": "人差し指(スキニング)"
		},
		{
			"Id": "ArtMesh130_Skinning",
			"Name": "親指(スキニング)"
		},
		{
			"Id": "ArtMesh138_Skinning",
			"Name": "後髪(スキニング)"
		},
		{
			"Id": "Part23",
			"Name": "グループ 3"
		},
		{
			"Id": "Part24",
			"Name": "グループ 4"
		},
		{
			"Id": "Part25",
			"Name": "グループ 5"
		},
		{
			"Id": "Part26",
			"Name": "グループ 6"
		},
		{
			"Id": "Part27",
			"Name": "グループ 7"
		},
		{
			"Id": "Part28",
			"Name": "グループ 8"
		},
		{
			"Id": "Part29",
			"Name": "グループ 10"
		},
		{
			"Id": "Part30",
			"Name": "グループ 11"
		},
		{
			"Id": "Part31",
			"Name": "グループ 9"
		},
		{
			"Id": "Part32",
			"Name": "グループ 12"
		}
	],
	"CombinedParameters": [
		[
			"ParamEyeRL",
			"ParamEyeUD"
		],
		[
			"ParamPaiRX",
			"ParamPaiRY"
		],
		[
			"ParamPaiRX2",
			"ParamPaiRY2"
		],
		[
			"ParamPaiRibonX",
			"ParamPaiRibonY"
		],
		[
			"ParamPaiLX",
			"ParamPaiLY"
		],
		[
			"ParamPaiLX2",
			"ParamPaiLY2"
		]
	]
}