{
	"Version": 3,
	"Meta": {
		"Duration": 5,
		"Fps": 30.0,
		"Loop": true,
		"AreBeziersRestricted": true,
		"CurveCount": 91,
		"TotalSegmentCount": 858,
		"TotalPointCount": 2585,
		"UserDataCount": 0,
		"TotalUserDataSize": 0
	},
	"Curves": [
		{
			"Target": "Model",
			"Id": "Opacity",
			"Segments": [
				0,
				1,
				1,
				0.83,
				1,
				1.67,
				1,
				2.5,
				1,
				1,
				3.33,
				1,
				4.17,
				1,
				5,
				1
			]
		},
		{
			"Target": "Parameter",
			"Id": "Param6",
			"Segments": [
				0,
				-30,
				1,
				0.156,
				-30,
				0.311,
				30,
				0.467,
				30,
				1,
				0.511,
				30,
				0.556,
				1,
				0.6,
				1,
				1,
				0.622,
				1,
				0.644,
				30,
				0.667,
				30,
				1,
				0.689,
				30,
				0.711,
				30,
				0.733,
				30,
				1,
				0.756,
				30,
				0.778,
				1,
				0.8,
				1,
				1,
				0.822,
				1,
				0.844,
				30,
				0.867,
				30,
				1,
				0.978,
				30,
				1.089,
				-10,
				1.2,
				-10,
				1,
				1.433,
				-10,
				1.667,
				30,
				1.9,
				30,
				1,
				1.967,
				30,
				2.033,
				1,
				2.1,
				1,
				1,
				2.133,
				1,
				2.167,
				30,
				2.2,
				30,
				1,
				2.233,
				30,
				2.267,
				30,
				2.3,
				30,
				1,
				2.333,
				30,
				2.367,
				1,
				2.4,
				1,
				1,
				2.444,
				1,
				2.489,
				30,
				2.533,
				30,
				1,
				2.7,
				30,
				2.867,
				-1,
				3.033,
				-1,
				1,
				3.211,
				-1,
				3.389,
				30,
				3.567,
				30,
				1,
				3.611,
				30,
				3.656,
				1,
				3.7,
				1,
				1,
				3.722,
				1,
				3.744,
				30,
				3.767,
				30,
				1,
				3.789,
				30,
				3.811,
				30,
				3.833,
				30,
				1,
				3.856,
				30,
				3.878,
				1,
				3.9,
				1,
				1,
				3.922,
				1,
				3.944,
				30,
				3.967,
				30,
				1,
				3.989,
				30,
				4.011,
				1,
				4.033,
				1,
				1,
				4.056,
				1,
				4.078,
				30,
				4.1,
				30,
				1,
				4.122,
				30,
				4.144,
				30,
				4.167,
				30,
				1,
				4.189,
				30,
				4.211,
				1,
				4.233,
				1,
				1,
				4.256,
				1,
				4.278,
				30,
				4.3,
				30,
				1,
				4.533,
				30,
				4.767,
				-30,
				5,
				-30
			]
		},
		{
			"Target": "Parameter",
			"Id": "Param7",
			"Segments": [
				0,
				-24.301,
				1,
				0.044,
				-24.301,
				0.089,
				-30,
				0.133,
				-30,
				1,
				0.289,
				-30,
				0.444,
				30,
				0.6,
				30,
				1,
				0.644,
				30,
				0.689,
				2,
				0.733,
				2,
				1,
				0.756,
				2,
				0.778,
				30,
				0.8,
				30,
				1,
				0.822,
				30,
				0.844,
				30,
				0.867,
				30,
				1,
				0.889,
				30,
				0.911,
				2,
				0.933,
				2,
				1,
				0.956,
				2,
				0.978,
				30,
				1,
				30,
				1,
				1.111,
				30,
				1.222,
				-11,
				1.333,
				-11,
				1,
				1.567,
				-11,
				1.8,
				30,
				2.033,
				30,
				1,
				2.1,
				30,
				2.167,
				2,
				2.233,
				2,
				1,
				2.267,
				2,
				2.3,
				30,
				2.333,
				30,
				1,
				2.367,
				30,
				2.4,
				30,
				2.433,
				30,
				1,
				2.467,
				30,
				2.5,
				2,
				2.533,
				2,
				1,
				2.578,
				2,
				2.622,
				30,
				2.667,
				30,
				1,
				2.833,
				30,
				3,
				-1,
				3.167,
				-1,
				1,
				3.344,
				-1,
				3.522,
				30,
				3.7,
				30,
				1,
				3.744,
				30,
				3.789,
				2,
				3.833,
				2,
				1,
				3.856,
				2,
				3.878,
				30,
				3.9,
				30,
				1,
				3.922,
				30,
				3.944,
				30,
				3.967,
				30,
				1,
				3.989,
				30,
				4.011,
				2,
				4.033,
				2,
				1,
				4.056,
				2,
				4.078,
				30,
				4.1,
				30,
				1,
				4.122,
				30,
				4.144,
				2,
				4.167,
				2,
				1,
				4.189,
				2,
				4.211,
				30,
				4.233,
				30,
				1,
				4.256,
				30,
				4.278,
				30,
				4.3,
				30,
				1,
				4.322,
				30,
				4.344,
				2,
				4.367,
				2,
				1,
				4.389,
				2,
				4.411,
				30,
				4.433,
				30,
				1,
				4.622,
				30,
				4.811,
				-24.301,
				5,
				-24.301
			]
		},
		{
			"Target": "Parameter",
			"Id": "Param8",
			"Segments": [
				0,
				-10.52,
				1,
				0.089,
				-10.52,
				0.178,
				-30,
				0.267,
				-30,
				1,
				0.422,
				-30,
				0.578,
				30,
				0.733,
				30,
				1,
				0.778,
				30,
				0.822,
				3,
				0.867,
				3,
				1,
				0.889,
				3,
				0.911,
				30,
				0.933,
				30,
				1,
				0.956,
				30,
				0.978,
				30,
				1,
				30,
				1,
				1.022,
				30,
				1.044,
				3,
				1.067,
				3,
				1,
				1.089,
				3,
				1.111,
				30,
				1.133,
				30,
				1,
				1.244,
				30,
				1.356,
				-11,
				1.467,
				-11,
				1,
				1.7,
				-11,
				1.933,
				30,
				2.167,
				30,
				1,
				2.233,
				30,
				2.3,
				3,
				2.367,
				3,
				1,
				2.4,
				3,
				2.433,
				30,
				2.467,
				30,
				1,
				2.5,
				30,
				2.533,
				30,
				2.567,
				30,
				1,
				2.6,
				30,
				2.633,
				3,
				2.667,
				3,
				1,
				2.711,
				3,
				2.756,
				30,
				2.8,
				30,
				1,
				2.967,
				30,
				3.133,
				-1,
				3.3,
				-1,
				1,
				3.478,
				-1,
				3.656,
				30,
				3.833,
				30,
				1,
				3.878,
				30,
				3.922,
				3,
				3.967,
				3,
				1,
				3.989,
				3,
				4.011,
				30,
				4.033,
				30,
				1,
				4.056,
				30,
				4.078,
				30,
				4.1,
				30,
				1,
				4.122,
				30,
				4.144,
				3,
				4.167,
				3,
				1,
				4.189,
				3,
				4.211,
				30,
				4.233,
				30,
				1,
				4.256,
				30,
				4.278,
				3,
				4.3,
				3,
				1,
				4.322,
				3,
				4.344,
				30,
				4.367,
				30,
				1,
				4.389,
				30,
				4.411,
				30,
				4.433,
				30,
				1,
				4.456,
				30,
				4.478,
				3,
				4.5,
				3,
				1,
				4.522,
				3,
				4.544,
				30,
				4.567,
				30,
				1,
				4.711,
				30,
				4.856,
				-10.52,
				5,
				-10.52
			]
		},
		{
			"Target": "Parameter",
			"Id": "Param9",
			"Segments": [
				0,
				14.47,
				1,
				0.156,
				14.47,
				0.311,
				-30,
				0.467,
				-30,
				1,
				0.622,
				-30,
				0.778,
				30,
				0.933,
				30,
				1,
				0.978,
				30,
				1.022,
				2,
				1.067,
				2,
				1,
				1.089,
				2,
				1.111,
				30,
				1.133,
				30,
				1,
				1.156,
				30,
				1.178,
				30,
				1.2,
				30,
				1,
				1.222,
				30,
				1.244,
				2,
				1.267,
				2,
				1,
				1.289,
				2,
				1.311,
				30,
				1.333,
				30,
				1,
				1.444,
				30,
				1.556,
				-10,
				1.667,
				-10,
				1,
				1.9,
				-10,
				2.133,
				30,
				2.367,
				30,
				1,
				2.433,
				30,
				2.5,
				2,
				2.567,
				2,
				1,
				2.6,
				2,
				2.633,
				30,
				2.667,
				30,
				1,
				2.7,
				30,
				2.733,
				30,
				2.767,
				30,
				1,
				2.8,
				30,
				2.833,
				2,
				2.867,
				2,
				1,
				2.911,
				2,
				2.956,
				30,
				3,
				30,
				1,
				3.167,
				30,
				3.333,
				-2,
				3.5,
				-2,
				1,
				3.678,
				-2,
				3.856,
				30,
				4.033,
				30,
				1,
				4.078,
				30,
				4.122,
				2,
				4.167,
				2,
				1,
				4.189,
				2,
				4.211,
				30,
				4.233,
				30,
				1,
				4.256,
				30,
				4.278,
				30,
				4.3,
				30,
				1,
				4.322,
				30,
				4.344,
				2,
				4.367,
				2,
				1,
				4.389,
				2,
				4.411,
				30,
				4.433,
				30,
				1,
				4.456,
				30,
				4.478,
				2,
				4.5,
				2,
				1,
				4.522,
				2,
				4.544,
				30,
				4.567,
				30,
				1,
				4.589,
				30,
				4.611,
				30,
				4.633,
				30,
				1,
				4.656,
				30,
				4.678,
				2,
				4.7,
				2,
				1,
				4.722,
				2,
				4.744,
				30,
				4.767,
				30,
				1,
				4.844,
				30,
				4.922,
				14.47,
				5,
				14.47
			]
		},
		{
			"Target": "Parameter",
			"Id": "Param10",
			"Segments": [
				0,
				30,
				1,
				0.233,
				30,
				0.467,
				-30,
				0.7,
				-30,
				1,
				0.856,
				-30,
				1.011,
				30,
				1.167,
				30,
				1,
				1.211,
				30,
				1.256,
				3,
				1.3,
				3,
				1,
				1.322,
				3,
				1.344,
				30,
				1.367,
				30,
				1,
				1.389,
				30,
				1.411,
				30,
				1.433,
				30,
				1,
				1.456,
				30,
				1.478,
				3,
				1.5,
				3,
				1,
				1.522,
				3,
				1.544,
				30,
				1.567,
				30,
				1,
				1.678,
				30,
				1.789,
				-9,
				1.9,
				-9,
				1,
				2.133,
				-9,
				2.367,
				30,
				2.6,
				30,
				1,
				2.667,
				30,
				2.733,
				3,
				2.8,
				3,
				1,
				2.833,
				3,
				2.867,
				30,
				2.9,
				30,
				1,
				2.933,
				30,
				2.967,
				30,
				3,
				30,
				1,
				3.033,
				30,
				3.067,
				3,
				3.1,
				3,
				1,
				3.144,
				3,
				3.189,
				30,
				3.233,
				30,
				1,
				3.4,
				30,
				3.567,
				-3,
				3.733,
				-3,
				1,
				3.911,
				-3,
				4.089,
				30,
				4.267,
				30,
				1,
				4.311,
				30,
				4.356,
				3,
				4.4,
				3,
				1,
				4.422,
				3,
				4.444,
				30,
				4.467,
				30,
				1,
				4.489,
				30,
				4.511,
				30,
				4.533,
				30,
				1,
				4.556,
				30,
				4.578,
				3,
				4.6,
				3,
				1,
				4.622,
				3,
				4.644,
				30,
				4.667,
				30,
				1,
				4.689,
				30,
				4.711,
				3,
				4.733,
				3,
				1,
				4.756,
				3,
				4.778,
				30,
				4.8,
				30,
				1,
				4.822,
				30,
				4.844,
				30,
				4.867,
				30,
				1,
				4.889,
				30,
				4.911,
				9.216,
				4.933,
				3,
				1,
				4.956,
				-3.216,
				4.978,
				-2.805,
				5,
				-2.805
			]
		},
		{
			"Target": "Parameter",
			"Id": "Param11",
			"Segments": [
				0,
				30,
				1,
				0.022,
				30,
				0.044,
				5,
				0.067,
				5,
				1,
				0.089,
				5,
				0.111,
				30,
				0.133,
				30,
				1,
				0.367,
				30,
				0.6,
				-30,
				0.833,
				-30,
				1,
				0.989,
				-30,
				1.144,
				30,
				1.3,
				30,
				1,
				1.344,
				30,
				1.389,
				5,
				1.433,
				5,
				1,
				1.456,
				5,
				1.478,
				30,
				1.5,
				30,
				1,
				1.522,
				30,
				1.544,
				30,
				1.567,
				30,
				1,
				1.589,
				30,
				1.611,
				5,
				1.633,
				5,
				1,
				1.656,
				5,
				1.678,
				30,
				1.7,
				30,
				1,
				1.811,
				30,
				1.922,
				-6,
				2.033,
				-6,
				1,
				2.267,
				-6,
				2.5,
				30,
				2.733,
				30,
				1,
				2.8,
				30,
				2.867,
				5,
				2.933,
				5,
				1,
				2.967,
				5,
				3,
				30,
				3.033,
				30,
				1,
				3.067,
				30,
				3.1,
				30,
				3.133,
				30,
				1,
				3.167,
				30,
				3.2,
				5,
				3.233,
				5,
				1,
				3.278,
				5,
				3.322,
				30,
				3.367,
				30,
				1,
				3.533,
				30,
				3.7,
				-4,
				3.867,
				-4,
				1,
				4.044,
				-4,
				4.222,
				30,
				4.4,
				30,
				1,
				4.444,
				30,
				4.489,
				5,
				4.533,
				5,
				1,
				4.556,
				5,
				4.578,
				30,
				4.6,
				30,
				1,
				4.622,
				30,
				4.644,
				30,
				4.667,
				30,
				1,
				4.689,
				30,
				4.711,
				5,
				4.733,
				5,
				1,
				4.756,
				5,
				4.778,
				30,
				4.8,
				30,
				1,
				4.822,
				30,
				4.844,
				5,
				4.867,
				5,
				1,
				4.889,
				5,
				4.911,
				30,
				4.933,
				30,
				1,
				4.956,
				30,
				4.978,
				30,
				5,
				30
			]
		},
		{
			"Target": "Parameter",
			"Id": "Param13",
			"Segments": [
				0,
				17,
				1,
				0.011,
				17,
				0.022,
				4,
				0.033,
				4,
				1,
				0.056,
				4,
				0.078,
				30,
				0.1,
				30,
				1,
				0.122,
				30,
				0.144,
				30,
				0.167,
				30,
				1,
				0.189,
				30,
				0.211,
				4,
				0.233,
				4,
				1,
				0.256,
				4,
				0.278,
				30,
				0.3,
				30,
				1,
				0.533,
				30,
				0.767,
				-30,
				1,
				-30,
				1,
				1.156,
				-30,
				1.311,
				30,
				1.467,
				30,
				1,
				1.511,
				30,
				1.556,
				4,
				1.6,
				4,
				1,
				1.622,
				4,
				1.644,
				30,
				1.667,
				30,
				1,
				1.689,
				30,
				1.711,
				30,
				1.733,
				30,
				1,
				1.756,
				30,
				1.778,
				4,
				1.8,
				4,
				1,
				1.822,
				4,
				1.844,
				30,
				1.867,
				30,
				1,
				1.978,
				30,
				2.089,
				-6,
				2.2,
				-6,
				1,
				2.433,
				-6,
				2.667,
				30,
				2.9,
				30,
				1,
				2.967,
				30,
				3.033,
				4,
				3.1,
				4,
				1,
				3.133,
				4,
				3.167,
				30,
				3.2,
				30,
				1,
				3.233,
				30,
				3.267,
				30,
				3.3,
				30,
				1,
				3.333,
				30,
				3.367,
				4,
				3.4,
				4,
				1,
				3.444,
				4,
				3.489,
				30,
				3.533,
				30,
				1,
				3.7,
				30,
				3.867,
				-2,
				4.033,
				-2,
				1,
				4.211,
				-2,
				4.389,
				30,
				4.567,
				30,
				1,
				4.611,
				30,
				4.656,
				4,
				4.7,
				4,
				1,
				4.722,
				4,
				4.744,
				30,
				4.767,
				30,
				1,
				4.789,
				30,
				4.811,
				30,
				4.833,
				30,
				1,
				4.856,
				30,
				4.878,
				4,
				4.9,
				4,
				1,
				4.922,
				4,
				4.944,
				30,
				4.967,
				30,
				1,
				4.978,
				30,
				4.989,
				17,
				5,
				17
			]
		},
		{
			"Target": "Parameter",
			"Id": "Param14",
			"Segments": [
				0,
				16,
				1,
				0.011,
				16,
				0.022,
				30,
				0.033,
				30,
				1,
				0.056,
				30,
				0.078,
				30,
				0.1,
				30,
				1,
				0.122,
				30,
				0.144,
				2,
				0.167,
				2,
				1,
				0.189,
				2,
				0.211,
				30,
				0.233,
				30,
				1,
				0.256,
				30,
				0.278,
				2,
				0.3,
				2,
				1,
				0.322,
				2,
				0.344,
				30,
				0.367,
				30,
				1,
				0.389,
				30,
				0.411,
				30,
				0.433,
				30,
				1,
				0.456,
				30,
				0.478,
				2,
				0.5,
				2,
				1,
				0.522,
				2,
				0.544,
				30,
				0.567,
				30,
				1,
				0.8,
				30,
				1.033,
				-30,
				1.267,
				-30,
				1,
				1.422,
				-30,
				1.578,
				30,
				1.733,
				30,
				1,
				1.778,
				30,
				1.822,
				2,
				1.867,
				2,
				1,
				1.889,
				2,
				1.911,
				30,
				1.933,
				30,
				1,
				1.956,
				30,
				1.978,
				30,
				2,
				30,
				1,
				2.022,
				30,
				2.044,
				2,
				2.067,
				2,
				1,
				2.089,
				2,
				2.111,
				30,
				2.133,
				30,
				1,
				2.244,
				30,
				2.356,
				-6,
				2.467,
				-6,
				1,
				2.7,
				-6,
				2.933,
				30,
				3.167,
				30,
				1,
				3.233,
				30,
				3.3,
				2,
				3.367,
				2,
				1,
				3.4,
				2,
				3.433,
				30,
				3.467,
				30,
				1,
				3.5,
				30,
				3.533,
				30,
				3.567,
				30,
				1,
				3.6,
				30,
				3.633,
				2,
				3.667,
				2,
				1,
				3.711,
				2,
				3.756,
				30,
				3.8,
				30,
				1,
				3.967,
				30,
				4.133,
				-1,
				4.3,
				-1,
				1,
				4.478,
				-1,
				4.656,
				30,
				4.833,
				30,
				1,
				4.878,
				30,
				4.922,
				2,
				4.967,
				2,
				1,
				4.978,
				2,
				4.989,
				16,
				5,
				16
			]
		},
		{
			"Target": "Parameter",
			"Id": "Param15",
			"Segments": [
				0,
				25.156,
				1,
				0.044,
				25.156,
				0.089,
				30,
				0.133,
				30,
				1,
				0.178,
				30,
				0.222,
				2,
				0.267,
				2,
				1,
				0.289,
				2,
				0.311,
				30,
				0.333,
				30,
				1,
				0.356,
				30,
				0.378,
				30,
				0.4,
				30,
				1,
				0.422,
				30,
				0.444,
				2,
				0.467,
				2,
				1,
				0.489,
				2,
				0.511,
				30,
				0.533,
				30,
				1,
				0.556,
				30,
				0.578,
				2,
				0.6,
				2,
				1,
				0.622,
				2,
				0.644,
				30,
				0.667,
				30,
				1,
				0.689,
				30,
				0.711,
				30,
				0.733,
				30,
				1,
				0.756,
				30,
				0.778,
				2,
				0.8,
				2,
				1,
				0.822,
				2,
				0.844,
				30,
				0.867,
				30,
				1,
				1.1,
				30,
				1.333,
				-30,
				1.567,
				-30,
				1,
				1.722,
				-30,
				1.878,
				30,
				2.033,
				30,
				1,
				2.078,
				30,
				2.122,
				2,
				2.167,
				2,
				1,
				2.189,
				2,
				2.211,
				30,
				2.233,
				30,
				1,
				2.256,
				30,
				2.278,
				30,
				2.3,
				30,
				1,
				2.322,
				30,
				2.344,
				2,
				2.367,
				2,
				1,
				2.389,
				2,
				2.411,
				30,
				2.433,
				30,
				1,
				2.544,
				30,
				2.656,
				-6,
				2.767,
				-6,
				1,
				3,
				-6,
				3.233,
				30,
				3.467,
				30,
				1,
				3.533,
				30,
				3.6,
				2,
				3.667,
				2,
				1,
				3.7,
				2,
				3.733,
				30,
				3.767,
				30,
				1,
				3.8,
				30,
				3.833,
				30,
				3.867,
				30,
				1,
				3.9,
				30,
				3.933,
				2,
				3.967,
				2,
				1,
				4.011,
				2,
				4.056,
				30,
				4.1,
				30,
				1,
				4.267,
				30,
				4.433,
				-1,
				4.6,
				-1,
				1,
				4.733,
				-1,
				4.867,
				25.156,
				5,
				25.156
			]
		},
		{
			"Target": "Parameter",
			"Id": "Param16",
			"Segments": [
				0,
				-0.652,
				1,
				0.167,
				-0.652,
				0.333,
				30,
				0.5,
				30,
				1,
				0.544,
				30,
				0.589,
				2,
				0.633,
				2,
				1,
				0.656,
				2,
				0.678,
				30,
				0.7,
				30,
				1,
				0.722,
				30,
				0.744,
				30,
				0.767,
				30,
				1,
				0.789,
				30,
				0.811,
				2,
				0.833,
				2,
				1,
				0.856,
				2,
				0.878,
				30,
				0.9,
				30,
				1,
				0.922,
				30,
				0.944,
				2,
				0.967,
				2,
				1,
				0.989,
				2,
				1.011,
				30,
				1.033,
				30,
				1,
				1.056,
				30,
				1.078,
				30,
				1.1,
				30,
				1,
				1.122,
				30,
				1.144,
				2,
				1.167,
				2,
				1,
				1.189,
				2,
				1.211,
				30,
				1.233,
				30,
				1,
				1.467,
				30,
				1.7,
				-30,
				1.933,
				-30,
				1,
				2.089,
				-30,
				2.244,
				30,
				2.4,
				30,
				1,
				2.444,
				30,
				2.489,
				2,
				2.533,
				2,
				1,
				2.556,
				2,
				2.578,
				30,
				2.6,
				30,
				1,
				2.622,
				30,
				2.644,
				30,
				2.667,
				30,
				1,
				2.689,
				30,
				2.711,
				2,
				2.733,
				2,
				1,
				2.756,
				2,
				2.778,
				30,
				2.8,
				30,
				1,
				2.911,
				30,
				3.022,
				-6,
				3.133,
				-6,
				1,
				3.367,
				-6,
				3.6,
				30,
				3.833,
				30,
				1,
				3.9,
				30,
				3.967,
				2,
				4.033,
				2,
				1,
				4.067,
				2,
				4.1,
				30,
				4.133,
				30,
				1,
				4.167,
				30,
				4.2,
				30,
				4.233,
				30,
				1,
				4.267,
				30,
				4.3,
				2,
				4.333,
				2,
				1,
				4.378,
				2,
				4.422,
				30,
				4.467,
				30,
				1,
				4.633,
				30,
				4.8,
				-1,
				4.967,
				-1,
				1,
				4.978,
				-1,
				4.989,
				-0.652,
				5,
				-0.652
			]
		},
		{
			"Target": "Parameter",
			"Id": "Param17",
			"Segments": [
				0,
				19.776,
				1,
				0.1,
				19.776,
				0.2,
				1,
				0.3,
				1,
				1,
				0.478,
				1,
				0.656,
				30,
				0.833,
				30,
				1,
				0.878,
				30,
				0.922,
				1,
				0.967,
				1,
				1,
				0.989,
				1,
				1.011,
				30,
				1.033,
				30,
				1,
				1.056,
				30,
				1.078,
				30,
				1.1,
				30,
				1,
				1.122,
				30,
				1.144,
				1,
				1.167,
				1,
				1,
				1.189,
				1,
				1.211,
				30,
				1.233,
				30,
				1,
				1.256,
				30,
				1.278,
				1,
				1.3,
				1,
				1,
				1.322,
				1,
				1.344,
				30,
				1.367,
				30,
				1,
				1.389,
				30,
				1.411,
				30,
				1.433,
				30,
				1,
				1.456,
				30,
				1.478,
				1,
				1.5,
				1,
				1,
				1.522,
				1,
				1.544,
				30,
				1.567,
				30,
				1,
				1.8,
				30,
				2.033,
				-30,
				2.267,
				-30,
				1,
				2.422,
				-30,
				2.578,
				30,
				2.733,
				30,
				1,
				2.778,
				30,
				2.822,
				1,
				2.867,
				1,
				1,
				2.889,
				1,
				2.911,
				30,
				2.933,
				30,
				1,
				2.956,
				30,
				2.978,
				30,
				3,
				30,
				1,
				3.022,
				30,
				3.044,
				1,
				3.067,
				1,
				1,
				3.089,
				1,
				3.111,
				30,
				3.133,
				30,
				1,
				3.244,
				30,
				3.356,
				-6,
				3.467,
				-6,
				1,
				3.7,
				-6,
				3.933,
				30,
				4.167,
				30,
				1,
				4.233,
				30,
				4.3,
				1,
				4.367,
				1,
				1,
				4.4,
				1,
				4.433,
				30,
				4.467,
				30,
				1,
				4.5,
				30,
				4.533,
				30,
				4.567,
				30,
				1,
				4.6,
				30,
				4.633,
				1,
				4.667,
				1,
				1,
				4.711,
				1,
				4.756,
				30,
				4.8,
				30,
				1,
				4.867,
				30,
				4.933,
				19.776,
				5,
				19.776
			]
		},
		{
			"Target": "Parameter",
			"Id": "Param18",
			"Segments": [
				0,
				6.375,
				1,
				0.033,
				6.375,
				0.067,
				30,
				0.1,
				30,
				1,
				0.267,
				30,
				0.433,
				1,
				0.6,
				1,
				1,
				0.778,
				1,
				0.956,
				30,
				1.133,
				30,
				1,
				1.178,
				30,
				1.222,
				2,
				1.267,
				2,
				1,
				1.289,
				2,
				1.311,
				30,
				1.333,
				30,
				1,
				1.356,
				30,
				1.378,
				30,
				1.4,
				30,
				1,
				1.422,
				30,
				1.444,
				2,
				1.467,
				2,
				1,
				1.489,
				2,
				1.511,
				30,
				1.533,
				30,
				1,
				1.556,
				30,
				1.578,
				2,
				1.6,
				2,
				1,
				1.622,
				2,
				1.644,
				30,
				1.667,
				30,
				1,
				1.689,
				30,
				1.711,
				30,
				1.733,
				30,
				1,
				1.756,
				30,
				1.778,
				2,
				1.8,
				2,
				1,
				1.822,
				2,
				1.844,
				30,
				1.867,
				30,
				1,
				2.1,
				30,
				2.333,
				-30,
				2.567,
				-30,
				1,
				2.722,
				-30,
				2.878,
				30,
				3.033,
				30,
				1,
				3.078,
				30,
				3.122,
				2,
				3.167,
				2,
				1,
				3.189,
				2,
				3.211,
				30,
				3.233,
				30,
				1,
				3.256,
				30,
				3.278,
				30,
				3.3,
				30,
				1,
				3.322,
				30,
				3.344,
				2,
				3.367,
				2,
				1,
				3.389,
				2,
				3.411,
				30,
				3.433,
				30,
				1,
				3.544,
				30,
				3.656,
				-6,
				3.767,
				-6,
				1,
				4,
				-6,
				4.233,
				30,
				4.467,
				30,
				1,
				4.533,
				30,
				4.6,
				2,
				4.667,
				2,
				1,
				4.7,
				2,
				4.733,
				30,
				4.767,
				30,
				1,
				4.8,
				30,
				4.833,
				30,
				4.867,
				30,
				1,
				4.9,
				30,
				4.933,
				2,
				4.967,
				2,
				1,
				4.978,
				2,
				4.989,
				6.375,
				5,
				6.375
			]
		},
		{
			"Target": "Parameter",
			"Id": "Param19",
			"Segments": [
				0,
				16,
				1,
				0.033,
				16,
				0.067,
				2,
				0.1,
				2,
				1,
				0.133,
				2,
				0.167,
				30,
				0.2,
				30,
				1,
				0.233,
				30,
				0.267,
				30,
				0.3,
				30,
				1,
				0.333,
				30,
				0.367,
				2,
				0.4,
				2,
				1,
				0.444,
				2,
				0.489,
				30,
				0.533,
				30,
				1,
				0.7,
				30,
				0.867,
				0,
				1.033,
				0,
				1,
				1.211,
				0,
				1.389,
				30,
				1.567,
				30,
				1,
				1.611,
				30,
				1.656,
				2,
				1.7,
				2,
				1,
				1.722,
				2,
				1.744,
				30,
				1.767,
				30,
				1,
				1.789,
				30,
				1.811,
				30,
				1.833,
				30,
				1,
				1.856,
				30,
				1.878,
				2,
				1.9,
				2,
				1,
				1.922,
				2,
				1.944,
				30,
				1.967,
				30,
				1,
				1.989,
				30,
				2.011,
				2,
				2.033,
				2,
				1,
				2.056,
				2,
				2.078,
				30,
				2.1,
				30,
				1,
				2.122,
				30,
				2.144,
				30,
				2.167,
				30,
				1,
				2.189,
				30,
				2.211,
				2,
				2.233,
				2,
				1,
				2.256,
				2,
				2.278,
				30,
				2.3,
				30,
				1,
				2.533,
				30,
				2.767,
				-30,
				3,
				-30,
				1,
				3.156,
				-30,
				3.311,
				30,
				3.467,
				30,
				1,
				3.511,
				30,
				3.556,
				2,
				3.6,
				2,
				1,
				3.622,
				2,
				3.644,
				30,
				3.667,
				30,
				1,
				3.689,
				30,
				3.711,
				30,
				3.733,
				30,
				1,
				3.756,
				30,
				3.778,
				2,
				3.8,
				2,
				1,
				3.822,
				2,
				3.844,
				30,
				3.867,
				30,
				1,
				3.978,
				30,
				4.089,
				-5,
				4.2,
				-5,
				1,
				4.433,
				-5,
				4.667,
				30,
				4.9,
				30,
				1,
				4.933,
				30,
				4.967,
				16,
				5,
				16
			]
		},
		{
			"Target": "Parameter",
			"Id": "Param20",
			"Segments": [
				0,
				5.541,
				1,
				0.156,
				5.541,
				0.311,
				30,
				0.467,
				30,
				1,
				0.533,
				30,
				0.6,
				-1,
				0.667,
				-1,
				1,
				0.7,
				-1,
				0.733,
				30,
				0.767,
				30,
				1,
				0.8,
				30,
				0.833,
				30,
				0.867,
				30,
				1,
				0.9,
				30,
				0.933,
				-1,
				0.967,
				-1,
				1,
				1.011,
				-1,
				1.056,
				30,
				1.1,
				30,
				1,
				1.267,
				30,
				1.433,
				1,
				1.6,
				1,
				1,
				1.778,
				1,
				1.956,
				30,
				2.133,
				30,
				1,
				2.178,
				30,
				2.222,
				-1,
				2.267,
				-1,
				1,
				2.289,
				-1,
				2.311,
				30,
				2.333,
				30,
				1,
				2.356,
				30,
				2.378,
				30,
				2.4,
				30,
				1,
				2.422,
				30,
				2.444,
				-1,
				2.467,
				-1,
				1,
				2.489,
				-1,
				2.511,
				30,
				2.533,
				30,
				1,
				2.556,
				30,
				2.578,
				-1,
				2.6,
				-1,
				1,
				2.622,
				-1,
				2.644,
				30,
				2.667,
				30,
				1,
				2.689,
				30,
				2.711,
				30,
				2.733,
				30,
				1,
				2.756,
				30,
				2.778,
				-1,
				2.8,
				-1,
				1,
				2.822,
				-1,
				2.844,
				30,
				2.867,
				30,
				1,
				3.1,
				30,
				3.333,
				-30,
				3.567,
				-30,
				1,
				3.722,
				-30,
				3.878,
				30,
				4.033,
				30,
				1,
				4.078,
				30,
				4.122,
				-1,
				4.167,
				-1,
				1,
				4.189,
				-1,
				4.211,
				30,
				4.233,
				30,
				1,
				4.256,
				30,
				4.278,
				30,
				4.3,
				30,
				1,
				4.322,
				30,
				4.344,
				-1,
				4.367,
				-1,
				1,
				4.389,
				-1,
				4.411,
				30,
				4.433,
				30,
				1,
				4.544,
				30,
				4.656,
				-3,
				4.767,
				-3,
				1,
				4.844,
				-3,
				4.922,
				5.541,
				5,
				5.541
			]
		},
		{
			"Target": "Parameter",
			"Id": "Param21",
			"Segments": [
				0,
				29.083,
				1,
				0.1,
				29.083,
				0.2,
				-3,
				0.3,
				-3,
				1,
				0.533,
				-3,
				0.767,
				30,
				1,
				30,
				1,
				1.067,
				30,
				1.133,
				-1,
				1.2,
				-1,
				1,
				1.233,
				-1,
				1.267,
				30,
				1.3,
				30,
				1,
				1.333,
				30,
				1.367,
				30,
				1.4,
				30,
				1,
				1.433,
				30,
				1.467,
				-1,
				1.5,
				-1,
				1,
				1.544,
				-1,
				1.589,
				30,
				1.633,
				30,
				1,
				1.8,
				30,
				1.967,
				1,
				2.133,
				1,
				1,
				2.311,
				1,
				2.489,
				30,
				2.667,
				30,
				1,
				2.711,
				30,
				2.756,
				-1,
				2.8,
				-1,
				1,
				2.822,
				-1,
				2.844,
				30,
				2.867,
				30,
				1,
				2.889,
				30,
				2.911,
				30,
				2.933,
				30,
				1,
				2.956,
				30,
				2.978,
				-1,
				3,
				-1,
				1,
				3.022,
				-1,
				3.044,
				30,
				3.067,
				30,
				1,
				3.089,
				30,
				3.111,
				-1,
				3.133,
				-1,
				1,
				3.156,
				-1,
				3.178,
				30,
				3.2,
				30,
				1,
				3.222,
				30,
				3.244,
				30,
				3.267,
				30,
				1,
				3.289,
				30,
				3.311,
				-1,
				3.333,
				-1,
				1,
				3.356,
				-1,
				3.378,
				30,
				3.4,
				30,
				1,
				3.633,
				30,
				3.867,
				-30,
				4.1,
				-30,
				1,
				4.256,
				-30,
				4.411,
				30,
				4.567,
				30,
				1,
				4.611,
				30,
				4.656,
				-1,
				4.7,
				-1,
				1,
				4.722,
				-1,
				4.744,
				30,
				4.767,
				30,
				1,
				4.789,
				30,
				4.811,
				30,
				4.833,
				30,
				1,
				4.856,
				30,
				4.878,
				-1,
				4.9,
				-1,
				1,
				4.922,
				-1,
				4.944,
				30,
				4.967,
				30,
				1,
				4.978,
				30,
				4.989,
				29.083,
				5,
				29.083
			]
		},
		{
			"Target": "Parameter",
			"Id": "Param22",
			"Segments": [
				0,
				18.146,
				1,
				0.044,
				18.146,
				0.089,
				30,
				0.133,
				30,
				1,
				0.178,
				30,
				0.222,
				-1,
				0.267,
				-1,
				1,
				0.289,
				-1,
				0.311,
				30,
				0.333,
				30,
				1,
				0.356,
				30,
				0.378,
				30,
				0.4,
				30,
				1,
				0.422,
				30,
				0.444,
				-1,
				0.467,
				-1,
				1,
				0.489,
				-1,
				0.511,
				30,
				0.533,
				30,
				1,
				0.644,
				30,
				0.756,
				-6,
				0.867,
				-6,
				1,
				1.1,
				-6,
				1.333,
				30,
				1.567,
				30,
				1,
				1.633,
				30,
				1.7,
				-1,
				1.767,
				-1,
				1,
				1.8,
				-1,
				1.833,
				30,
				1.867,
				30,
				1,
				1.9,
				30,
				1.933,
				30,
				1.967,
				30,
				1,
				2,
				30,
				2.033,
				-1,
				2.067,
				-1,
				1,
				2.111,
				-1,
				2.156,
				30,
				2.2,
				30,
				1,
				2.367,
				30,
				2.533,
				5,
				2.7,
				5,
				1,
				2.878,
				5,
				3.056,
				30,
				3.233,
				30,
				1,
				3.278,
				30,
				3.322,
				-1,
				3.367,
				-1,
				1,
				3.389,
				-1,
				3.411,
				30,
				3.433,
				30,
				1,
				3.456,
				30,
				3.478,
				30,
				3.5,
				30,
				1,
				3.522,
				30,
				3.544,
				-1,
				3.567,
				-1,
				1,
				3.589,
				-1,
				3.611,
				30,
				3.633,
				30,
				1,
				3.656,
				30,
				3.678,
				-1,
				3.7,
				-1,
				1,
				3.722,
				-1,
				3.744,
				30,
				3.767,
				30,
				1,
				3.789,
				30,
				3.811,
				30,
				3.833,
				30,
				1,
				3.856,
				30,
				3.878,
				-1,
				3.9,
				-1,
				1,
				3.922,
				-1,
				3.944,
				30,
				3.967,
				30,
				1,
				4.2,
				30,
				4.433,
				-30,
				4.667,
				-30,
				1,
				4.778,
				-30,
				4.889,
				18.146,
				5,
				18.146
			]
		},
		{
			"Target": "Parameter",
			"Id": "Param23",
			"Segments": [
				0,
				-6.373,
				1,
				0.089,
				-6.373,
				0.178,
				30,
				0.267,
				30,
				1,
				0.311,
				30,
				0.356,
				0,
				0.4,
				0,
				1,
				0.422,
				0,
				0.444,
				30,
				0.467,
				30,
				1,
				0.489,
				30,
				0.511,
				30,
				0.533,
				30,
				1,
				0.556,
				30,
				0.578,
				0,
				0.6,
				0,
				1,
				0.622,
				0,
				0.644,
				30,
				0.667,
				30,
				1,
				0.778,
				30,
				0.889,
				-5,
				1,
				-5,
				1,
				1.233,
				-5,
				1.467,
				30,
				1.7,
				30,
				1,
				1.767,
				30,
				1.833,
				0,
				1.9,
				0,
				1,
				1.933,
				0,
				1.967,
				30,
				2,
				30,
				1,
				2.033,
				30,
				2.067,
				30,
				2.1,
				30,
				1,
				2.133,
				30,
				2.167,
				0,
				2.2,
				0,
				1,
				2.244,
				0,
				2.289,
				30,
				2.333,
				30,
				1,
				2.5,
				30,
				2.667,
				4,
				2.833,
				4,
				1,
				3.011,
				4,
				3.189,
				30,
				3.367,
				30,
				1,
				3.411,
				30,
				3.456,
				0,
				3.5,
				0,
				1,
				3.522,
				0,
				3.544,
				30,
				3.567,
				30,
				1,
				3.589,
				30,
				3.611,
				30,
				3.633,
				30,
				1,
				3.656,
				30,
				3.678,
				0,
				3.7,
				0,
				1,
				3.722,
				0,
				3.744,
				30,
				3.767,
				30,
				1,
				3.789,
				30,
				3.811,
				0,
				3.833,
				0,
				1,
				3.856,
				0,
				3.878,
				30,
				3.9,
				30,
				1,
				3.922,
				30,
				3.944,
				30,
				3.967,
				30,
				1,
				3.989,
				30,
				4.011,
				0,
				4.033,
				0,
				1,
				4.056,
				0,
				4.078,
				30,
				4.1,
				30,
				1,
				4.333,
				30,
				4.567,
				-30,
				4.8,
				-30,
				1,
				4.867,
				-30,
				4.933,
				-6.373,
				5,
				-6.373
			]
		},
		{
			"Target": "Parameter",
			"Id": "Param24",
			"Segments": [
				0,
				-22.882,
				1,
				0.122,
				-22.882,
				0.244,
				30,
				0.367,
				30,
				1,
				0.411,
				30,
				0.456,
				1,
				0.5,
				1,
				1,
				0.522,
				1,
				0.544,
				30,
				0.567,
				30,
				1,
				0.589,
				30,
				0.611,
				30,
				0.633,
				30,
				1,
				0.656,
				30,
				0.678,
				1,
				0.7,
				1,
				1,
				0.722,
				1,
				0.744,
				30,
				0.767,
				30,
				1,
				0.878,
				30,
				0.989,
				-6,
				1.1,
				-6,
				1,
				1.333,
				-6,
				1.567,
				30,
				1.8,
				30,
				1,
				1.867,
				30,
				1.933,
				1,
				2,
				1,
				1,
				2.033,
				1,
				2.067,
				30,
				2.1,
				30,
				1,
				2.133,
				30,
				2.167,
				30,
				2.2,
				30,
				1,
				2.233,
				30,
				2.267,
				1,
				2.3,
				1,
				1,
				2.344,
				1,
				2.389,
				30,
				2.433,
				30,
				1,
				2.6,
				30,
				2.767,
				4,
				2.933,
				4,
				1,
				3.111,
				4,
				3.289,
				30,
				3.467,
				30,
				1,
				3.511,
				30,
				3.556,
				1,
				3.6,
				1,
				1,
				3.622,
				1,
				3.644,
				30,
				3.667,
				30,
				1,
				3.689,
				30,
				3.711,
				30,
				3.733,
				30,
				1,
				3.756,
				30,
				3.778,
				1,
				3.8,
				1,
				1,
				3.822,
				1,
				3.844,
				30,
				3.867,
				30,
				1,
				3.889,
				30,
				3.911,
				1,
				3.933,
				1,
				1,
				3.956,
				1,
				3.978,
				30,
				4,
				30,
				1,
				4.022,
				30,
				4.044,
				30,
				4.067,
				30,
				1,
				4.089,
				30,
				4.111,
				1,
				4.133,
				1,
				1,
				4.156,
				1,
				4.178,
				30,
				4.2,
				30,
				1,
				4.433,
				30,
				4.667,
				-30,
				4.9,
				-30,
				1,
				4.933,
				-30,
				4.967,
				-22.882,
				5,
				-22.882
			]
		},
		{
			"Target": "Parameter",
			"Id": "ParamEyeLOpen",
			"Segments": [
				0,
				0,
				1,
				0.167,
				0,
				0.333,
				0,
				0.5,
				0,
				1,
				0.522,
				0,
				0.544,
				1,
				0.567,
				1,
				1,
				0.589,
				1,
				0.611,
				1,
				0.633,
				1,
				1,
				0.656,
				1,
				0.678,
				0,
				0.7,
				0,
				1,
				1.3,
				0,
				1.9,
				0,
				2.5,
				0,
				1,
				3.333,
				0,
				4.167,
				0,
				5,
				0
			]
		},
		{
			"Target": "Parameter",
			"Id": "ParamEyeROpen",
			"Segments": [
				0,
				0,
				1,
				0.167,
				0,
				0.333,
				0,
				0.5,
				0,
				1,
				0.522,
				0,
				0.544,
				1,
				0.567,
				1,
				1,
				0.589,
				1,
				0.611,
				1,
				0.633,
				1,
				1,
				0.656,
				1,
				0.678,
				0,
				0.7,
				0,
				1,
				1.3,
				0,
				1.9,
				0,
				2.5,
				0,
				1,
				3.333,
				0,
				4.167,
				0,
				5,
				0
			]
		},
		{
			"Target": "Parameter",
			"Id": "ParamBreath",
			"Segments": [
				0,
				0,
				1,
				0.833,
				0,
				1.667,
				1,
				2.5,
				1,
				1,
				3.333,
				1,
				4.167,
				0,
				5,
				0
			]
		},
		{
			"Target": "Parameter",
			"Id": "Param",
			"Segments": [
				0,
				0,
				1,
				0.022,
				0,
				0.044,
				30,
				0.067,
				30,
				1,
				0.1,
				30,
				0.133,
				0,
				0.167,
				0,
				1,
				0.189,
				0,
				0.211,
				30,
				0.233,
				30,
				1,
				0.267,
				30,
				0.3,
				0,
				0.333,
				0,
				1,
				0.356,
				0,
				0.378,
				30,
				0.4,
				30,
				1,
				0.433,
				30,
				0.467,
				0,
				0.5,
				0,
				1,
				0.522,
				0,
				0.544,
				30,
				0.567,
				30,
				1,
				0.578,
				30,
				0.589,
				0,
				0.6,
				0,
				1,
				0.622,
				0,
				0.644,
				30,
				0.667,
				30,
				1,
				0.7,
				30,
				0.733,
				0,
				0.767,
				0,
				1,
				0.789,
				0,
				0.811,
				30,
				0.833,
				30,
				1,
				0.856,
				30,
				0.878,
				0,
				0.9,
				0,
				1,
				0.922,
				0,
				0.944,
				30,
				0.967,
				30,
				1,
				1,
				30,
				1.033,
				0,
				1.067,
				0,
				1,
				1.089,
				0,
				1.111,
				30,
				1.133,
				30,
				1,
				1.167,
				30,
				1.2,
				0,
				1.233,
				0,
				1,
				1.256,
				0,
				1.278,
				30,
				1.3,
				30,
				1,
				1.333,
				30,
				1.367,
				0,
				1.4,
				0,
				1,
				1.422,
				0,
				1.444,
				30,
				1.467,
				30,
				1,
				1.5,
				30,
				1.533,
				0,
				1.567,
				0,
				1,
				1.589,
				0,
				1.611,
				30,
				1.633,
				30,
				1,
				1.667,
				30,
				1.7,
				0,
				1.733,
				0,
				1,
				1.756,
				0,
				1.778,
				30,
				1.8,
				30,
				1,
				1.833,
				30,
				1.867,
				0,
				1.9,
				0,
				1,
				1.922,
				0,
				1.944,
				30,
				1.967,
				30,
				1,
				2,
				30,
				2.033,
				0,
				2.067,
				0,
				1,
				2.089,
				0,
				2.111,
				30,
				2.133,
				30,
				1,
				2.144,
				30,
				2.156,
				0,
				2.167,
				0,
				1,
				2.189,
				0,
				2.211,
				30,
				2.233,
				30,
				1,
				2.267,
				30,
				2.3,
				0,
				2.333,
				0,
				1,
				2.356,
				0,
				2.378,
				30,
				2.4,
				30,
				1,
				2.422,
				30,
				2.444,
				0,
				2.467,
				0,
				1,
				2.489,
				0,
				2.511,
				30,
				2.533,
				30,
				1,
				2.567,
				30,
				2.6,
				0,
				2.633,
				0,
				1,
				2.656,
				0,
				2.678,
				30,
				2.7,
				30,
				1,
				2.733,
				30,
				2.767,
				0,
				2.8,
				0,
				1,
				2.822,
				0,
				2.844,
				30,
				2.867,
				30,
				1,
				2.9,
				30,
				2.933,
				0,
				2.967,
				0,
				1,
				2.989,
				0,
				3.011,
				30,
				3.033,
				30,
				1,
				3.067,
				30,
				3.1,
				0,
				3.133,
				0,
				1,
				3.156,
				0,
				3.178,
				30,
				3.2,
				30,
				1,
				3.233,
				30,
				3.267,
				0,
				3.3,
				0,
				1,
				3.322,
				0,
				3.344,
				30,
				3.367,
				30,
				1,
				3.4,
				30,
				3.433,
				0,
				3.467,
				0,
				1,
				3.489,
				0,
				3.511,
				30,
				3.533,
				30,
				1,
				3.567,
				30,
				3.6,
				0,
				3.633,
				0,
				1,
				3.656,
				0,
				3.678,
				30,
				3.7,
				30,
				1,
				3.711,
				30,
				3.722,
				0,
				3.733,
				0,
				1,
				3.756,
				0,
				3.778,
				30,
				3.8,
				30,
				1,
				3.833,
				30,
				3.867,
				0,
				3.9,
				0,
				1,
				3.922,
				0,
				3.944,
				30,
				3.967,
				30,
				1,
				3.989,
				30,
				4.011,
				0,
				4.033,
				0,
				1,
				4.056,
				0,
				4.078,
				30,
				4.1,
				30,
				1,
				4.133,
				30,
				4.167,
				0,
				4.2,
				0,
				1,
				4.222,
				0,
				4.244,
				30,
				4.267,
				30,
				1,
				4.3,
				30,
				4.333,
				0,
				4.367,
				0,
				1,
				4.389,
				0,
				4.411,
				30,
				4.433,
				30,
				1,
				4.467,
				30,
				4.5,
				0,
				4.533,
				0,
				1,
				4.556,
				0,
				4.578,
				30,
				4.6,
				30,
				1,
				4.622,
				30,
				4.644,
				0,
				4.667,
				0,
				1,
				4.689,
				0,
				4.711,
				30,
				4.733,
				30,
				1,
				4.767,
				30,
				4.8,
				0,
				4.833,
				0,
				1,
				4.856,
				0,
				4.878,
				30,
				4.9,
				30,
				1,
				4.933,
				30,
				4.967,
				0,
				5,
				0
			]
		},
		{
			"Target": "Parameter",
			"Id": "Param4",
			"Segments": [
				0,
				11.139,
				1,
				0.344,
				11.139,
				0.689,
				0,
				1.033,
				0,
				1,
				1.867,
				0,
				2.7,
				30,
				3.533,
				30,
				1,
				4.022,
				30,
				4.511,
				11.139,
				5,
				11.139
			]
		},
		{
			"Target": "Parameter",
			"Id": "Param2",
			"Segments": [
				0,
				0,
				1,
				0.033,
				0,
				0.067,
				-2,
				0.1,
				-2,
				1,
				0.122,
				-2,
				0.144,
				5,
				0.167,
				5,
				1,
				0.189,
				5,
				0.211,
				5,
				0.233,
				5,
				1,
				0.267,
				5,
				0.3,
				-5,
				0.333,
				-5,
				1,
				0.356,
				-5,
				0.378,
				0,
				0.4,
				0,
				1,
				0.433,
				0,
				0.467,
				-2,
				0.5,
				-2,
				1,
				0.522,
				-2,
				0.544,
				5,
				0.567,
				5,
				1,
				0.589,
				5,
				0.611,
				5,
				0.633,
				5,
				1,
				0.667,
				5,
				0.7,
				-5,
				0.733,
				-5,
				1,
				0.756,
				-5,
				0.778,
				0,
				0.8,
				0,
				1,
				0.833,
				0,
				0.867,
				-2,
				0.9,
				-2,
				1,
				0.922,
				-2,
				0.944,
				5,
				0.967,
				5,
				1,
				0.989,
				5,
				1.011,
				5,
				1.033,
				5,
				1,
				1.067,
				5,
				1.1,
				-5,
				1.133,
				-5,
				1,
				1.156,
				-5,
				1.178,
				0,
				1.2,
				0,
				1,
				1.233,
				0,
				1.267,
				-2,
				1.3,
				-2,
				1,
				1.322,
				-2,
				1.344,
				5,
				1.367,
				5,
				1,
				1.389,
				5,
				1.411,
				5,
				1.433,
				5,
				1,
				1.467,
				5,
				1.5,
				-5,
				1.533,
				-5,
				1,
				1.556,
				-5,
				1.578,
				0,
				1.6,
				0,
				1,
				1.633,
				0,
				1.667,
				-2,
				1.7,
				-2,
				1,
				1.722,
				-2,
				1.744,
				5,
				1.767,
				5,
				1,
				1.789,
				5,
				1.811,
				5,
				1.833,
				5,
				1,
				1.867,
				5,
				1.9,
				-5,
				1.933,
				-5,
				1,
				1.956,
				-5,
				1.978,
				0,
				2,
				0,
				1,
				2.033,
				0,
				2.067,
				-2,
				2.1,
				-2,
				1,
				2.122,
				-2,
				2.144,
				5,
				2.167,
				5,
				1,
				2.189,
				5,
				2.211,
				5,
				2.233,
				5,
				1,
				2.267,
				5,
				2.3,
				-5,
				2.333,
				-5,
				1,
				2.356,
				-5,
				2.378,
				0,
				2.4,
				0,
				1,
				2.433,
				0,
				2.467,
				-2,
				2.5,
				-2,
				1,
				2.522,
				-2,
				2.544,
				5,
				2.567,
				5,
				1,
				2.589,
				5,
				2.611,
				5,
				2.633,
				5,
				1,
				2.667,
				5,
				2.7,
				-5,
				2.733,
				-5,
				1,
				2.756,
				-5,
				2.778,
				0,
				2.8,
				0,
				1,
				2.833,
				0,
				2.867,
				-2,
				2.9,
				-2,
				1,
				2.922,
				-2,
				2.944,
				5,
				2.967,
				5,
				1,
				2.989,
				5,
				3.011,
				5,
				3.033,
				5,
				1,
				3.067,
				5,
				3.1,
				-5,
				3.133,
				-5,
				1,
				3.156,
				-5,
				3.178,
				0,
				3.2,
				0,
				1,
				3.233,
				0,
				3.267,
				-2,
				3.3,
				-2,
				1,
				3.322,
				-2,
				3.344,
				5,
				3.367,
				5,
				1,
				3.389,
				5,
				3.411,
				5,
				3.433,
				5,
				1,
				3.467,
				5,
				3.5,
				-5,
				3.533,
				-5,
				1,
				3.556,
				-5,
				3.578,
				0,
				3.6,
				0,
				1,
				3.633,
				0,
				3.667,
				-2,
				3.7,
				-2,
				1,
				3.722,
				-2,
				3.744,
				5,
				3.767,
				5,
				1,
				3.789,
				5,
				3.811,
				5,
				3.833,
				5,
				1,
				3.867,
				5,
				3.9,
				-5,
				3.933,
				-5,
				1,
				3.956,
				-5,
				3.978,
				0,
				4,
				0,
				1,
				4.033,
				0,
				4.067,
				-2,
				4.1,
				-2,
				1,
				4.122,
				-2,
				4.144,
				5,
				4.167,
				5,
				1,
				4.189,
				5,
				4.211,
				5,
				4.233,
				5,
				1,
				4.267,
				5,
				4.3,
				-5,
				4.333,
				-5,
				1,
				4.356,
				-5,
				4.378,
				0,
				4.4,
				0,
				1,
				4.433,
				0,
				4.467,
				-2,
				4.5,
				-2,
				1,
				4.522,
				-2,
				4.544,
				5,
				4.567,
				5,
				1,
				4.589,
				5,
				4.611,
				5,
				4.633,
				5,
				1,
				4.667,
				5,
				4.7,
				-5,
				4.733,
				-5,
				1,
				4.756,
				-5,
				4.778,
				-2.553,
				4.8,
				0,
				1,
				4.833,
				3.83,
				4.867,
				5,
				4.9,
				5,
				1,
				4.933,
				5,
				4.967,
				0,
				5,
				0
			]
		},
		{
			"Target": "Parameter",
			"Id": "Param3",
			"Segments": [
				0,
				7.231,
				1,
				0.033,
				7.231,
				0.067,
				7.058,
				0.1,
				4,
				1,
				0.122,
				1.961,
				0.144,
				-8,
				0.167,
				-8,
				1,
				0.189,
				-8,
				0.211,
				8,
				0.233,
				8,
				1,
				0.267,
				8,
				0.3,
				-8,
				0.333,
				-8,
				1,
				0.356,
				-8,
				0.378,
				-2.365,
				0.4,
				0,
				1,
				0.433,
				3.548,
				0.467,
				4,
				0.5,
				4,
				1,
				0.522,
				4,
				0.544,
				-8,
				0.567,
				-8,
				1,
				0.589,
				-8,
				0.611,
				8,
				0.633,
				8,
				1,
				0.667,
				8,
				0.7,
				-8,
				0.733,
				-8,
				1,
				0.756,
				-8,
				0.778,
				-2.365,
				0.8,
				0,
				1,
				0.833,
				3.548,
				0.867,
				4,
				0.9,
				4,
				1,
				0.922,
				4,
				0.944,
				-8,
				0.967,
				-8,
				1,
				0.989,
				-8,
				1.011,
				8,
				1.033,
				8,
				1,
				1.067,
				8,
				1.1,
				-8,
				1.133,
				-8,
				1,
				1.156,
				-8,
				1.178,
				-2.365,
				1.2,
				0,
				1,
				1.233,
				3.548,
				1.267,
				4,
				1.3,
				4,
				1,
				1.322,
				4,
				1.344,
				-8,
				1.367,
				-8,
				1,
				1.389,
				-8,
				1.411,
				8,
				1.433,
				8,
				1,
				1.467,
				8,
				1.5,
				-8,
				1.533,
				-8,
				1,
				1.556,
				-8,
				1.578,
				-2.365,
				1.6,
				0,
				1,
				1.633,
				3.548,
				1.667,
				4,
				1.7,
				4,
				1,
				1.722,
				4,
				1.744,
				-8,
				1.767,
				-8,
				1,
				1.789,
				-8,
				1.811,
				8,
				1.833,
				8,
				1,
				1.867,
				8,
				1.9,
				-8,
				1.933,
				-8,
				1,
				1.956,
				-8,
				1.978,
				-2.365,
				2,
				0,
				1,
				2.033,
				3.548,
				2.067,
				4,
				2.1,
				4,
				1,
				2.122,
				4,
				2.144,
				-8,
				2.167,
				-8,
				1,
				2.189,
				-8,
				2.211,
				8,
				2.233,
				8,
				1,
				2.267,
				8,
				2.3,
				-8,
				2.333,
				-8,
				1,
				2.356,
				-8,
				2.378,
				-2.365,
				2.4,
				0,
				1,
				2.433,
				3.548,
				2.467,
				4,
				2.5,
				4,
				1,
				2.522,
				4,
				2.544,
				-8,
				2.567,
				-8,
				1,
				2.589,
				-8,
				2.611,
				8,
				2.633,
				8,
				1,
				2.667,
				8,
				2.7,
				-8,
				2.733,
				-8,
				1,
				2.756,
				-8,
				2.778,
				-2.365,
				2.8,
				0,
				1,
				2.833,
				3.548,
				2.867,
				4,
				2.9,
				4,
				1,
				2.922,
				4,
				2.944,
				-8,
				2.967,
				-8,
				1,
				2.989,
				-8,
				3.011,
				8,
				3.033,
				8,
				1,
				3.067,
				8,
				3.1,
				-8,
				3.133,
				-8,
				1,
				3.156,
				-8,
				3.178,
				-2.365,
				3.2,
				0,
				1,
				3.233,
				3.548,
				3.267,
				4,
				3.3,
				4,
				1,
				3.322,
				4,
				3.344,
				-8,
				3.367,
				-8,
				1,
				3.389,
				-8,
				3.411,
				8,
				3.433,
				8,
				1,
				3.467,
				8,
				3.5,
				-8,
				3.533,
				-8,
				1,
				3.556,
				-8,
				3.578,
				-2.365,
				3.6,
				0,
				1,
				3.633,
				3.548,
				3.667,
				4,
				3.7,
				4,
				1,
				3.722,
				4,
				3.744,
				-8,
				3.767,
				-8,
				1,
				3.789,
				-8,
				3.811,
				8,
				3.833,
				8,
				1,
				3.867,
				8,
				3.9,
				-8,
				3.933,
				-8,
				1,
				3.956,
				-8,
				3.978,
				-2.365,
				4,
				0,
				1,
				4.033,
				3.548,
				4.067,
				4,
				4.1,
				4,
				1,
				4.122,
				4,
				4.144,
				-8,
				4.167,
				-8,
				1,
				4.189,
				-8,
				4.211,
				8,
				4.233,
				8,
				1,
				4.267,
				8,
				4.3,
				-8,
				4.333,
				-8,
				1,
				4.356,
				-8,
				4.378,
				-2.365,
				4.4,
				0,
				1,
				4.433,
				3.548,
				4.467,
				4,
				4.5,
				4,
				1,
				4.522,
				4,
				4.544,
				-8,
				4.567,
				-8,
				1,
				4.589,
				-8,
				4.611,
				8,
				4.633,
				8,
				1,
				4.667,
				8,
				4.7,
				-8,
				4.733,
				-8,
				1,
				4.756,
				-8,
				4.778,
				-4.09,
				4.8,
				0,
				1,
				4.833,
				6.135,
				4.867,
				8,
				4.9,
				8,
				1,
				4.933,
				8,
				4.967,
				0,
				5,
				0
			]
		},
		{
			"Target": "Parameter",
			"Id": "Param5",
			"Segments": [
				0,
				30,
				1,
				0.833,
				30,
				1.667,
				-30,
				2.5,
				-30,
				1,
				3.333,
				-30,
				4.167,
				30,
				5,
				30
			]
		},
		{
			"Target": "Parameter",
			"Id": "Param_Angle_Rotation_1_ArtMesh27",
			"Segments": [
				0,
				0,
				1,
				0.233,
				0,
				0.467,
				0,
				0.7,
				0,
				1,
				1.533,
				0,
				2.367,
				0,
				3.2,
				0,
				1,
				3.8,
				0,
				4.4,
				0,
				5,
				0
			]
		},
		{
			"Target": "Parameter",
			"Id": "Param_Angle_Rotation_2_ArtMesh27",
			"Segments": [
				0,
				-6.745,
				1,
				0.356,
				-6.745,
				0.711,
				-13,
				1.067,
				-13,
				1,
				1.9,
				-13,
				2.733,
				3,
				3.567,
				3,
				1,
				4.044,
				3,
				4.522,
				-6.745,
				5,
				-6.745
			]
		},
		{
			"Target": "Parameter",
			"Id": "Param_Angle_Rotation_3_ArtMesh27",
			"Segments": [
				0,
				-2.745,
				1,
				0.456,
				-2.745,
				0.911,
				-13,
				1.367,
				-13,
				1,
				2.2,
				-13,
				3.033,
				5,
				3.867,
				5,
				1,
				4.244,
				5,
				4.622,
				-2.745,
				5,
				-2.745
			]
		},
		{
			"Target": "Parameter",
			"Id": "Param_Angle_Rotation_1_ArtMesh26",
			"Segments": [
				0,
				0,
				1,
				0.233,
				0,
				0.467,
				0,
				0.7,
				0,
				1,
				1.533,
				0,
				2.367,
				0,
				3.2,
				0,
				1,
				3.8,
				0,
				4.4,
				0,
				5,
				0
			]
		},
		{
			"Target": "Parameter",
			"Id": "Param_Angle_Rotation_2_ArtMesh26",
			"Segments": [
				0,
				-8.006,
				1,
				0.322,
				-8.006,
				0.644,
				-14,
				0.967,
				-14,
				1,
				1.8,
				-14,
				2.633,
				4,
				3.467,
				4,
				1,
				3.978,
				4,
				4.489,
				-8.006,
				5,
				-8.006
			]
		},
		{
			"Target": "Parameter",
			"Id": "Param_Angle_Rotation_3_ArtMesh26",
			"Segments": [
				0,
				-2.58,
				1,
				0.433,
				-2.58,
				0.867,
				-10,
				1.3,
				-10,
				1,
				2.133,
				-10,
				2.967,
				4,
				3.8,
				4,
				1,
				4.2,
				4,
				4.6,
				-2.58,
				5,
				-2.58
			]
		},
		{
			"Target": "Parameter",
			"Id": "Param_Angle_Rotation_1_ArtMesh29",
			"Segments": [
				0,
				0,
				1,
				0.233,
				0,
				0.467,
				0,
				0.7,
				0,
				1,
				1.533,
				0,
				2.367,
				0,
				3.2,
				0,
				1,
				3.8,
				0,
				4.4,
				0,
				5,
				0
			]
		},
		{
			"Target": "Parameter",
			"Id": "Param_Angle_Rotation_2_ArtMesh29",
			"Segments": [
				0,
				-5.546,
				1,
				0.311,
				-5.546,
				0.622,
				-9,
				0.933,
				-9,
				1,
				1.767,
				-9,
				2.6,
				2,
				3.433,
				2,
				1,
				3.956,
				2,
				4.478,
				-5.546,
				5,
				-5.546
			]
		},
		{
			"Target": "Parameter",
			"Id": "Param_Angle_Rotation_3_ArtMesh29",
			"Segments": [
				0,
				-1.158,
				1,
				0.411,
				-1.158,
				0.822,
				-9,
				1.233,
				-9,
				1,
				2.067,
				-9,
				2.9,
				7,
				3.733,
				7,
				1,
				4.156,
				7,
				4.578,
				-1.158,
				5,
				-1.158
			]
		},
		{
			"Target": "Parameter",
			"Id": "Param_Angle_Rotation_1_ArtMesh30",
			"Segments": [
				0,
				0,
				1,
				0.233,
				0,
				0.467,
				0,
				0.7,
				0,
				1,
				1.533,
				0,
				2.367,
				0,
				3.2,
				0,
				1,
				3.8,
				0,
				4.4,
				0,
				5,
				0
			]
		},
		{
			"Target": "Parameter",
			"Id": "Param_Angle_Rotation_2_ArtMesh30",
			"Segments": [
				0,
				-0.409,
				1,
				0.3,
				-0.409,
				0.6,
				-1,
				0.9,
				-1,
				1,
				1.733,
				-1,
				2.567,
				1,
				3.4,
				1,
				1,
				3.933,
				1,
				4.467,
				-0.409,
				5,
				-0.409
			]
		},
		{
			"Target": "Parameter",
			"Id": "Param_Angle_Rotation_3_ArtMesh30",
			"Segments": [
				0,
				-0.873,
				1,
				0.356,
				-0.873,
				0.711,
				-4,
				1.067,
				-4,
				1,
				1.9,
				-4,
				2.733,
				4,
				3.567,
				4,
				1,
				4.044,
				4,
				4.522,
				-0.873,
				5,
				-0.873
			]
		},
		{
			"Target": "Parameter",
			"Id": "Param_Angle_Rotation_4_ArtMesh30",
			"Segments": [
				0,
				0.079,
				1,
				0.422,
				0.079,
				0.844,
				-4,
				1.267,
				-4,
				1,
				2.1,
				-4,
				2.933,
				4,
				3.767,
				4,
				1,
				4.178,
				4,
				4.589,
				0.079,
				5,
				0.079
			]
		},
		{
			"Target": "Parameter",
			"Id": "Param_Angle_Rotation_5_ArtMesh30",
			"Segments": [
				0,
				3.778,
				1,
				0.5,
				3.778,
				1,
				-4,
				1.5,
				-4,
				1,
				2.333,
				-4,
				3.167,
				8,
				4,
				8,
				1,
				4.333,
				8,
				4.667,
				3.778,
				5,
				3.778
			]
		},
		{
			"Target": "Parameter",
			"Id": "Param_Angle_Rotation_1_ArtMesh31",
			"Segments": [
				0,
				0,
				1,
				0.233,
				0,
				0.467,
				0,
				0.7,
				0,
				1,
				1.533,
				0,
				2.367,
				0,
				3.2,
				0,
				1,
				3.8,
				0,
				4.4,
				0,
				5,
				0
			]
		},
		{
			"Target": "Parameter",
			"Id": "Param_Angle_Rotation_2_ArtMesh31",
			"Segments": [
				0,
				-1.891,
				1,
				0.289,
				-1.891,
				0.578,
				-3,
				0.867,
				-3,
				1,
				1.7,
				-3,
				2.533,
				1,
				3.367,
				1,
				1,
				3.911,
				1,
				4.456,
				-1.891,
				5,
				-1.891
			]
		},
		{
			"Target": "Parameter",
			"Id": "Param_Angle_Rotation_3_ArtMesh31",
			"Segments": [
				0,
				-1.128,
				1,
				0.367,
				-1.128,
				0.733,
				-4,
				1.1,
				-4,
				1,
				1.933,
				-4,
				2.767,
				3,
				3.6,
				3,
				1,
				4.067,
				3,
				4.533,
				-1.128,
				5,
				-1.128
			]
		},
		{
			"Target": "Parameter",
			"Id": "Param_Angle_Rotation_4_ArtMesh31",
			"Segments": [
				0,
				0.71,
				1,
				0.433,
				0.71,
				0.867,
				-3,
				1.3,
				-3,
				1,
				2.133,
				-3,
				2.967,
				4,
				3.8,
				4,
				1,
				4.2,
				4,
				4.6,
				0.71,
				5,
				0.71
			]
		},
		{
			"Target": "Parameter",
			"Id": "Param_Angle_Rotation_5_ArtMesh31",
			"Segments": [
				0,
				-1.668,
				1,
				0.278,
				-1.668,
				0.556,
				-4,
				0.833,
				-4,
				1,
				1.667,
				-4,
				2.5,
				5,
				3.333,
				5,
				1,
				3.889,
				5,
				4.444,
				-1.668,
				5,
				-1.668
			]
		},
		{
			"Target": "Parameter",
			"Id": "Param_Angle_Rotation_1_ArtMesh32",
			"Segments": [
				0,
				0,
				1,
				0.833,
				0,
				1.667,
				0,
				2.5,
				0,
				1,
				3.333,
				0,
				4.167,
				0,
				5,
				0
			]
		},
		{
			"Target": "Parameter",
			"Id": "Param_Angle_Rotation_2_ArtMesh32",
			"Segments": [
				0,
				-0.949,
				1,
				0.056,
				-0.949,
				0.111,
				-1,
				0.167,
				-1,
				1,
				1,
				-1,
				1.833,
				3,
				2.667,
				3,
				1,
				3.444,
				3,
				4.222,
				-0.949,
				5,
				-0.949
			]
		},
		{
			"Target": "Parameter",
			"Id": "Param_Angle_Rotation_3_ArtMesh32",
			"Segments": [
				0,
				-2.709,
				1,
				0.111,
				-2.709,
				0.222,
				-3,
				0.333,
				-3,
				1,
				1.167,
				-3,
				2,
				3,
				2.833,
				3,
				1,
				3.556,
				3,
				4.278,
				-2.709,
				5,
				-2.709
			]
		},
		{
			"Target": "Parameter",
			"Id": "Param_Angle_Rotation_4_ArtMesh32",
			"Segments": [
				0,
				-3.272,
				1,
				0.167,
				-3.272,
				0.333,
				-4,
				0.5,
				-4,
				1,
				1.333,
				-4,
				2.167,
				3,
				3,
				3,
				1,
				3.667,
				3,
				4.333,
				-3.272,
				5,
				-3.272
			]
		},
		{
			"Target": "Parameter",
			"Id": "Param_Angle_Rotation_5_ArtMesh32",
			"Segments": [
				0,
				-6.37,
				1,
				0.222,
				-6.37,
				0.444,
				-9,
				0.667,
				-9,
				1,
				1.5,
				-9,
				2.333,
				6,
				3.167,
				6,
				1,
				3.778,
				6,
				4.389,
				-6.37,
				5,
				-6.37
			]
		},
		{
			"Target": "Parameter",
			"Id": "Param_Angle_Rotation_1_ArtMesh33",
			"Segments": [
				0,
				0,
				1,
				0.833,
				0,
				1.667,
				0,
				2.5,
				0,
				1,
				3.333,
				0,
				4.167,
				0,
				5,
				0
			]
		},
		{
			"Target": "Parameter",
			"Id": "Param_Angle_Rotation_2_ArtMesh33",
			"Segments": [
				0,
				-0.982,
				1,
				0.067,
				-0.982,
				0.133,
				-1,
				0.2,
				-1,
				1,
				1.033,
				-1,
				1.867,
				0,
				2.7,
				0,
				1,
				3.467,
				0,
				4.233,
				-0.982,
				5,
				-0.982
			]
		},
		{
			"Target": "Parameter",
			"Id": "Param_Angle_Rotation_3_ArtMesh33",
			"Segments": [
				0,
				-2.761,
				1,
				0.144,
				-2.761,
				0.289,
				-3,
				0.433,
				-3,
				1,
				1.267,
				-3,
				2.1,
				0,
				2.933,
				0,
				1,
				3.622,
				0,
				4.311,
				-2.761,
				5,
				-2.761
			]
		},
		{
			"Target": "Parameter",
			"Id": "Param_Angle_Rotation_4_ArtMesh33",
			"Segments": [
				0,
				-4.278,
				1,
				0.211,
				-4.278,
				0.422,
				-7,
				0.633,
				-7,
				1,
				1.467,
				-7,
				2.3,
				10,
				3.133,
				10,
				1,
				3.756,
				10,
				4.378,
				-4.278,
				5,
				-4.278
			]
		},
		{
			"Target": "Parameter",
			"Id": "Param_Angle_Rotation_5_ArtMesh33",
			"Segments": [
				0,
				-3.132,
				1,
				0.267,
				-3.132,
				0.533,
				-7,
				0.8,
				-7,
				1,
				1.633,
				-7,
				2.467,
				9,
				3.3,
				9,
				1,
				3.867,
				9,
				4.433,
				-3.132,
				5,
				-3.132
			]
		},
		{
			"Target": "Parameter",
			"Id": "Param_Angle_Rotation_1_ArtMesh41",
			"Segments": [
				0,
				1,
				1,
				0.833,
				1,
				1.667,
				0,
				2.5,
				0,
				1,
				3.333,
				0,
				4.167,
				1,
				5,
				1
			]
		},
		{
			"Target": "Parameter",
			"Id": "Param_Angle_Rotation_2_ArtMesh41",
			"Segments": [
				0,
				2.949,
				1,
				0.056,
				2.949,
				0.111,
				3,
				0.167,
				3,
				1,
				1,
				3,
				1.833,
				-1,
				2.667,
				-1,
				1,
				3.444,
				-1,
				4.222,
				2.949,
				5,
				2.949
			]
		},
		{
			"Target": "Parameter",
			"Id": "Param_Angle_Rotation_3_ArtMesh41",
			"Segments": [
				0,
				2.709,
				1,
				0.111,
				2.709,
				0.222,
				3,
				0.333,
				3,
				1,
				1.167,
				3,
				2,
				-3,
				2.833,
				-3,
				1,
				3.556,
				-3,
				4.278,
				2.709,
				5,
				2.709
			]
		},
		{
			"Target": "Parameter",
			"Id": "Param_Angle_Rotation_4_ArtMesh41",
			"Segments": [
				0,
				5.594,
				1,
				0.178,
				5.594,
				0.356,
				7,
				0.533,
				7,
				1,
				1.367,
				7,
				2.2,
				-5,
				3.033,
				-5,
				1,
				3.689,
				-5,
				4.344,
				5.594,
				5,
				5.594
			]
		},
		{
			"Target": "Parameter",
			"Id": "Param_Angle_Rotation_5_ArtMesh41",
			"Segments": [
				0,
				6.091,
				1,
				0.244,
				6.091,
				0.489,
				9,
				0.733,
				9,
				1,
				1.567,
				9,
				2.4,
				-5,
				3.233,
				-5,
				1,
				3.822,
				-5,
				4.411,
				6.091,
				5,
				6.091
			]
		},
		{
			"Target": "Parameter",
			"Id": "Param_Angle_Rotation_1_ArtMesh42",
			"Segments": [
				0,
				0,
				1,
				0.833,
				0,
				1.667,
				0,
				2.5,
				0,
				1,
				3.333,
				0,
				4.167,
				0,
				5,
				0
			]
		},
		{
			"Target": "Parameter",
			"Id": "Param_Angle_Rotation_2_ArtMesh42",
			"Segments": [
				0,
				1.909,
				1,
				0.067,
				1.909,
				0.133,
				2,
				0.2,
				2,
				1,
				1.033,
				2,
				1.867,
				-3,
				2.7,
				-3,
				1,
				3.467,
				-3,
				4.233,
				1.909,
				5,
				1.909
			]
		},
		{
			"Target": "Parameter",
			"Id": "Param_Angle_Rotation_3_ArtMesh42",
			"Segments": [
				0,
				4.109,
				1,
				0.133,
				4.109,
				0.267,
				5,
				0.4,
				5,
				1,
				1.233,
				5,
				2.067,
				-8,
				2.9,
				-8,
				1,
				3.6,
				-8,
				4.3,
				4.109,
				5,
				4.109
			]
		},
		{
			"Target": "Parameter",
			"Id": "Param_Angle_Rotation_4_ArtMesh42",
			"Segments": [
				0,
				5.37,
				1,
				0.222,
				5.37,
				0.444,
				8,
				0.667,
				8,
				1,
				1.5,
				8,
				2.333,
				-7,
				3.167,
				-7,
				1,
				3.778,
				-7,
				4.389,
				5.37,
				5,
				5.37
			]
		},
		{
			"Target": "Parameter",
			"Id": "Param_Angle_Rotation_5_ArtMesh42",
			"Segments": [
				0,
				4.157,
				1,
				0.3,
				4.157,
				0.6,
				8,
				0.9,
				8,
				1,
				1.733,
				8,
				2.567,
				-5,
				3.4,
				-5,
				1,
				3.933,
				-5,
				4.467,
				4.157,
				5,
				4.157
			]
		},
		{
			"Target": "Parameter",
			"Id": "Param_Angle_Rotation_1_ArtMesh92",
			"Segments": [
				0,
				0,
				1,
				1.667,
				0,
				3.333,
				0,
				5,
				0
			]
		},
		{
			"Target": "Parameter",
			"Id": "Param_Angle_Rotation_2_ArtMesh92",
			"Segments": [
				0,
				-0.951,
				1,
				0.078,
				-0.951,
				0.156,
				-1,
				0.233,
				-1,
				1,
				1.067,
				-1,
				1.9,
				1,
				2.733,
				1,
				1,
				3.489,
				1,
				4.244,
				-0.951,
				5,
				-0.951
			]
		},
		{
			"Target": "Parameter",
			"Id": "Param_Angle_Rotation_3_ArtMesh92",
			"Segments": [
				0,
				-6.992,
				1,
				0.156,
				-6.992,
				0.311,
				-8,
				0.467,
				-8,
				1,
				1.3,
				-8,
				2.133,
				3,
				2.967,
				3,
				1,
				3.644,
				3,
				4.322,
				-6.992,
				5,
				-6.992
			]
		},
		{
			"Target": "Parameter",
			"Id": "Param_Angle_Rotation_4_ArtMesh92",
			"Segments": [
				0,
				-5.506,
				1,
				0.244,
				-5.506,
				0.489,
				-8,
				0.733,
				-8,
				1,
				1.567,
				-8,
				2.4,
				4,
				3.233,
				4,
				1,
				3.822,
				4,
				4.411,
				-5.506,
				5,
				-5.506
			]
		},
		{
			"Target": "Parameter",
			"Id": "Param_Angle_Rotation_5_ArtMesh92",
			"Segments": [
				0,
				-0.426,
				1,
				0.333,
				-0.426,
				0.667,
				-5,
				1,
				-5,
				1,
				1.833,
				-5,
				2.667,
				8,
				3.5,
				8,
				1,
				4,
				8,
				4.5,
				-0.426,
				5,
				-0.426
			]
		},
		{
			"Target": "PartOpacity",
			"Id": "ArtMesh26_Skinning",
			"Segments": [
				0,
				1,
				2,
				2.5,
				1,
				2,
				5,
				1
			]
		},
		{
			"Target": "PartOpacity",
			"Id": "Part",
			"Segments": [
				0,
				1,
				2,
				2.5,
				1,
				2,
				5,
				1
			]
		},
		{
			"Target": "PartOpacity",
			"Id": "ArtMesh27_Skinning",
			"Segments": [
				0,
				1,
				2,
				2.5,
				1,
				2,
				5,
				1
			]
		},
		{
			"Target": "PartOpacity",
			"Id": "Part2",
			"Segments": [
				0,
				1,
				2,
				2.5,
				1,
				2,
				5,
				1
			]
		},
		{
			"Target": "PartOpacity",
			"Id": "ArtMesh29_Skinning",
			"Segments": [
				0,
				1,
				2,
				2.5,
				1,
				2,
				5,
				1
			]
		},
		{
			"Target": "PartOpacity",
			"Id": "Part3",
			"Segments": [
				0,
				1,
				2,
				2.5,
				1,
				2,
				5,
				1
			]
		},
		{
			"Target": "PartOpacity",
			"Id": "ArtMesh30_Skinning",
			"Segments": [
				0,
				1,
				2,
				2.5,
				1,
				2,
				5,
				1
			]
		},
		{
			"Target": "PartOpacity",
			"Id": "Part4",
			"Segments": [
				0,
				1,
				2,
				2.5,
				1,
				2,
				5,
				1
			]
		},
		{
			"Target": "PartOpacity",
			"Id": "ArtMesh31_Skinning",
			"Segments": [
				0,
				1,
				2,
				2.5,
				1,
				2,
				5,
				1
			]
		},
		{
			"Target": "PartOpacity",
			"Id": "Part5",
			"Segments": [
				0,
				1,
				2,
				2.5,
				1,
				2,
				5,
				1
			]
		},
		{
			"Target": "PartOpacity",
			"Id": "ArtMesh32_Skinning",
			"Segments": [
				0,
				1,
				2,
				2.5,
				1,
				2,
				5,
				1
			]
		},
		{
			"Target": "PartOpacity",
			"Id": "Part6",
			"Segments": [
				0,
				1,
				2,
				2.5,
				1,
				2,
				5,
				1
			]
		},
		{
			"Target": "PartOpacity",
			"Id": "ArtMesh33_Skinning",
			"Segments": [
				0,
				1,
				2,
				2.5,
				1,
				2,
				5,
				1
			]
		},
		{
			"Target": "PartOpacity",
			"Id": "Part7",
			"Segments": [
				0,
				1,
				2,
				2.5,
				1,
				2,
				5,
				1
			]
		},
		{
			"Target": "PartOpacity",
			"Id": "ArtMesh40_Skinning",
			"Segments": [
				0,
				1,
				2,
				2.5,
				1,
				2,
				5,
				1
			]
		},
		{
			"Target": "PartOpacity",
			"Id": "Part8",
			"Segments": [
				0,
				1,
				2,
				2.5,
				1,
				2,
				5,
				1
			]
		},
		{
			"Target": "PartOpacity",
			"Id": "ArtMesh41_Skinning",
			"Segments": [
				0,
				1,
				2,
				2.5,
				1,
				2,
				5,
				1
			]
		},
		{
			"Target": "PartOpacity",
			"Id": "Part9",
			"Segments": [
				0,
				1,
				2,
				2.5,
				1,
				2,
				5,
				1
			]
		},
		{
			"Target": "PartOpacity",
			"Id": "ArtMesh42_Skinning",
			"Segments": [
				0,
				1,
				2,
				2.5,
				1,
				2,
				5,
				1
			]
		},
		{
			"Target": "PartOpacity",
			"Id": "Part10",
			"Segments": [
				0,
				1,
				2,
				2.5,
				1,
				2,
				5,
				1
			]
		}
	]
}