{
	"Version": 3,
	"Parameters": [
		{
			"Id": "Param6",
			"GroupId": "ParamGroup11",
			"Name": "キラキラ1"
		},
		{
			"Id": "Param7",
			"GroupId": "ParamGroup11",
			"Name": "キラキラ2"
		},
		{
			"Id": "Param8",
			"GroupId": "ParamGroup11",
			"Name": "キラキラ3"
		},
		{
			"Id": "Param9",
			"GroupId": "ParamGroup11",
			"Name": "キラキラ4"
		},
		{
			"Id": "Param10",
			"GroupId": "ParamGroup11",
			"Name": "キラキラ5"
		},
		{
			"Id": "Param11",
			"GroupId": "ParamGroup11",
			"Name": "キラキラ6"
		},
		{
			"Id": "Param13",
			"GroupId": "ParamGroup11",
			"Name": "キラキラ7"
		},
		{
			"Id": "Param14",
			"GroupId": "ParamGroup11",
			"Name": "キラキラ8"
		},
		{
			"Id": "Param15",
			"GroupId": "ParamGroup11",
			"Name": "キラキラ9"
		},
		{
			"Id": "Param16",
			"GroupId": "ParamGroup11",
			"Name": "キラキラ10"
		},
		{
			"Id": "Param17",
			"GroupId": "ParamGroup11",
			"Name": "キラキラ11"
		},
		{
			"Id": "Param18",
			"GroupId": "ParamGroup11",
			"Name": "キラキラ12"
		},
		{
			"Id": "Param19",
			"GroupId": "ParamGroup11",
			"Name": "キラキラ13"
		},
		{
			"Id": "Param20",
			"GroupId": "ParamGroup11",
			"Name": "キラキラ14"
		},
		{
			"Id": "Param21",
			"GroupId": "ParamGroup11",
			"Name": "キラキラ15"
		},
		{
			"Id": "Param22",
			"GroupId": "ParamGroup11",
			"Name": "キラキラ16"
		},
		{
			"Id": "Param23",
			"GroupId": "ParamGroup11",
			"Name": "キラキラ17"
		},
		{
			"Id": "Param24",
			"GroupId": "ParamGroup11",
			"Name": "キラキラ18"
		},
		{
			"Id": "ParamEyeLOpen",
			"GroupId": "",
			"Name": "左目　開閉"
		},
		{
			"Id": "ParamEyeROpen",
			"GroupId": "",
			"Name": "右目　開閉"
		},
		{
			"Id": "ParamBreath",
			"GroupId": "",
			"Name": "呼吸"
		},
		{
			"Id": "Param",
			"GroupId": "",
			"Name": "ハイライト大小"
		},
		{
			"Id": "Param4",
			"GroupId": "",
			"Name": "胸"
		},
		{
			"Id": "Param2",
			"GroupId": "",
			"Name": "ハイライト"
		},
		{
			"Id": "Param3",
			"GroupId": "",
			"Name": "ハイライト"
		},
		{
			"Id": "Param5",
			"GroupId": "",
			"Name": "羽"
		},
		{
			"Id": "Param_Angle_Rotation_1_ArtMesh27",
			"GroupId": "ParamGroup2",
			"Name": "[0]帽子リボン2"
		},
		{
			"Id": "Param_Angle_Rotation_2_ArtMesh27",
			"GroupId": "ParamGroup2",
			"Name": "[1]帽子リボン2"
		},
		{
			"Id": "Param_Angle_Rotation_3_ArtMesh27",
			"GroupId": "ParamGroup2",
			"Name": "[2]帽子リボン2"
		},
		{
			"Id": "Param_Angle_Rotation_1_ArtMesh26",
			"GroupId": "ParamGroup",
			"Name": "[0]帽子リボン1"
		},
		{
			"Id": "Param_Angle_Rotation_2_ArtMesh26",
			"GroupId": "ParamGroup",
			"Name": "[1]帽子リボン1"
		},
		{
			"Id": "Param_Angle_Rotation_3_ArtMesh26",
			"GroupId": "ParamGroup",
			"Name": "[2]帽子リボン1"
		},
		{
			"Id": "Param_Angle_Rotation_1_ArtMesh29",
			"GroupId": "ParamGroup3",
			"Name": "[0]髪3"
		},
		{
			"Id": "Param_Angle_Rotation_2_ArtMesh29",
			"GroupId": "ParamGroup3",
			"Name": "[1]髪3"
		},
		{
			"Id": "Param_Angle_Rotation_3_ArtMesh29",
			"GroupId": "ParamGroup3",
			"Name": "[2]髪3"
		},
		{
			"Id": "Param_Angle_Rotation_1_ArtMesh30",
			"GroupId": "ParamGroup4",
			"Name": "[0]髪1"
		},
		{
			"Id": "Param_Angle_Rotation_2_ArtMesh30",
			"GroupId": "ParamGroup4",
			"Name": "[1]髪1"
		},
		{
			"Id": "Param_Angle_Rotation_3_ArtMesh30",
			"GroupId": "ParamGroup4",
			"Name": "[2]髪1"
		},
		{
			"Id": "Param_Angle_Rotation_4_ArtMesh30",
			"GroupId": "ParamGroup4",
			"Name": "[3]髪1"
		},
		{
			"Id": "Param_Angle_Rotation_5_ArtMesh30",
			"GroupId": "ParamGroup4",
			"Name": "[4]髪1"
		},
		{
			"Id": "Param_Angle_Rotation_1_ArtMesh31",
			"GroupId": "ParamGroup5",
			"Name": "[0]髪2"
		},
		{
			"Id": "Param_Angle_Rotation_2_ArtMesh31",
			"GroupId": "ParamGroup5",
			"Name": "[1]髪2"
		},
		{
			"Id": "Param_Angle_Rotation_3_ArtMesh31",
			"GroupId": "ParamGroup5",
			"Name": "[2]髪2"
		},
		{
			"Id": "Param_Angle_Rotation_4_ArtMesh31",
			"GroupId": "ParamGroup5",
			"Name": "[3]髪2"
		},
		{
			"Id": "Param_Angle_Rotation_5_ArtMesh31",
			"GroupId": "ParamGroup5",
			"Name": "[4]髪2"
		},
		{
			"Id": "Param_Angle_Rotation_1_ArtMesh32",
			"GroupId": "ParamGroup6",
			"Name": "[0]髪4"
		},
		{
			"Id": "Param_Angle_Rotation_2_ArtMesh32",
			"GroupId": "ParamGroup6",
			"Name": "[1]髪4"
		},
		{
			"Id": "Param_Angle_Rotation_3_ArtMesh32",
			"GroupId": "ParamGroup6",
			"Name": "[2]髪4"
		},
		{
			"Id": "Param_Angle_Rotation_4_ArtMesh32",
			"GroupId": "ParamGroup6",
			"Name": "[3]髪4"
		},
		{
			"Id": "Param_Angle_Rotation_5_ArtMesh32",
			"GroupId": "ParamGroup6",
			"Name": "[4]髪4"
		},
		{
			"Id": "Param_Angle_Rotation_1_ArtMesh33",
			"GroupId": "ParamGroup7",
			"Name": "[0]髪5"
		},
		{
			"Id": "Param_Angle_Rotation_2_ArtMesh33",
			"GroupId": "ParamGroup7",
			"Name": "[1]髪5"
		},
		{
			"Id": "Param_Angle_Rotation_3_ArtMesh33",
			"GroupId": "ParamGroup7",
			"Name": "[2]髪5"
		},
		{
			"Id": "Param_Angle_Rotation_4_ArtMesh33",
			"GroupId": "ParamGroup7",
			"Name": "[3]髪5"
		},
		{
			"Id": "Param_Angle_Rotation_5_ArtMesh33",
			"GroupId": "ParamGroup7",
			"Name": "[4]髪5"
		},
		{
			"Id": "Param_Angle_Rotation_1_ArtMesh41",
			"GroupId": "ParamGroup9",
			"Name": "[0]奥髪"
		},
		{
			"Id": "Param_Angle_Rotation_2_ArtMesh41",
			"GroupId": "ParamGroup9",
			"Name": "[1]奥髪"
		},
		{
			"Id": "Param_Angle_Rotation_3_ArtMesh41",
			"GroupId": "ParamGroup9",
			"Name": "[2]奥髪"
		},
		{
			"Id": "Param_Angle_Rotation_4_ArtMesh41",
			"GroupId": "ParamGroup9",
			"Name": "[3]奥髪"
		},
		{
			"Id": "Param_Angle_Rotation_5_ArtMesh41",
			"GroupId": "ParamGroup9",
			"Name": "[4]奥髪"
		},
		{
			"Id": "Param_Angle_Rotation_1_ArtMesh42",
			"GroupId": "ParamGroup10",
			"Name": "[0]奥髪2"
		},
		{
			"Id": "Param_Angle_Rotation_2_ArtMesh42",
			"GroupId": "ParamGroup10",
			"Name": "[1]奥髪2"
		},
		{
			"Id": "Param_Angle_Rotation_3_ArtMesh42",
			"GroupId": "ParamGroup10",
			"Name": "[2]奥髪2"
		},
		{
			"Id": "Param_Angle_Rotation_4_ArtMesh42",
			"GroupId": "ParamGroup10",
			"Name": "[3]奥髪2"
		},
		{
			"Id": "Param_Angle_Rotation_5_ArtMesh42",
			"GroupId": "ParamGroup10",
			"Name": "[4]奥髪2"
		},
		{
			"Id": "Param_Angle_Rotation_1_ArtMesh92",
			"GroupId": "ParamGroup12",
			"Name": "[0]髪6"
		},
		{
			"Id": "Param_Angle_Rotation_2_ArtMesh92",
			"GroupId": "ParamGroup12",
			"Name": "[1]髪6"
		},
		{
			"Id": "Param_Angle_Rotation_3_ArtMesh92",
			"GroupId": "ParamGroup12",
			"Name": "[2]髪6"
		},
		{
			"Id": "Param_Angle_Rotation_4_ArtMesh92",
			"GroupId": "ParamGroup12",
			"Name": "[3]髪6"
		},
		{
			"Id": "Param_Angle_Rotation_5_ArtMesh92",
			"GroupId": "ParamGroup12",
			"Name": "[4]髪6"
		}
	],
	"ParameterGroups": [
		{
			"Id": "ParamGroup11",
			"GroupId": "",
			"Name": "エフェクト"
		},
		{
			"Id": "ParamGroup2",
			"GroupId": "",
			"Name": "帽子リボン2"
		},
		{
			"Id": "ParamGroup",
			"GroupId": "",
			"Name": "帽子リボン1"
		},
		{
			"Id": "ParamGroup3",
			"GroupId": "",
			"Name": "髪3"
		},
		{
			"Id": "ParamGroup4",
			"GroupId": "",
			"Name": "髪1"
		},
		{
			"Id": "ParamGroup5",
			"GroupId": "",
			"Name": "髪2"
		},
		{
			"Id": "ParamGroup6",
			"GroupId": "",
			"Name": "髪4"
		},
		{
			"Id": "ParamGroup7",
			"GroupId": "",
			"Name": "髪5"
		},
		{
			"Id": "ParamGroup9",
			"GroupId": "",
			"Name": "奥髪"
		},
		{
			"Id": "ParamGroup10",
			"GroupId": "",
			"Name": "奥髪2"
		},
		{
			"Id": "ParamGroup12",
			"GroupId": "",
			"Name": "髪6"
		}
	],
	"Parts": [
		{
			"Id": "Part11",
			"Name": "髪6.png（対応無し）"
		},
		{
			"Id": "ArtMesh26_Skinning",
			"Name": "帽子リボン1(スキニング)"
		},
		{
			"Id": "Part",
			"Name": "帽子リボン1(回転)"
		},
		{
			"Id": "ArtMesh27_Skinning",
			"Name": "帽子リボン2(スキニング)"
		},
		{
			"Id": "Part2",
			"Name": "帽子リボン2(回転)"
		},
		{
			"Id": "ArtMesh29_Skinning",
			"Name": "髪3(スキニング)"
		},
		{
			"Id": "Part3",
			"Name": "髪3(回転)"
		},
		{
			"Id": "ArtMesh30_Skinning",
			"Name": "髪1(スキニング)"
		},
		{
			"Id": "Part4",
			"Name": "髪1(回転)"
		},
		{
			"Id": "ArtMesh31_Skinning",
			"Name": "髪2(スキニング)"
		},
		{
			"Id": "Part5",
			"Name": "髪2(回転)"
		},
		{
			"Id": "ArtMesh32_Skinning",
			"Name": "髪4(スキニング)"
		},
		{
			"Id": "Part6",
			"Name": "髪4(回転)"
		},
		{
			"Id": "ArtMesh33_Skinning",
			"Name": "髪5(スキニング)"
		},
		{
			"Id": "Part7",
			"Name": "髪5(回転)"
		},
		{
			"Id": "ArtMesh40_Skinning",
			"Name": "髪6(スキニング)"
		},
		{
			"Id": "Part8",
			"Name": "髪6(回転)"
		},
		{
			"Id": "ArtMesh41_Skinning",
			"Name": "奥髪(スキニング)"
		},
		{
			"Id": "Part9",
			"Name": "奥髪(回転)"
		},
		{
			"Id": "ArtMesh42_Skinning",
			"Name": "奥髪2(スキニング)"
		},
		{
			"Id": "Part10",
			"Name": "奥髪2(回転)"
		},
		{
			"Id": "ArtMesh92_Skinning",
			"Name": "髪6(スキニング)"
		},
		{
			"Id": "Part12",
			"Name": "髪6(回転)"
		}
	],
	"CombinedParameters": [
		[
			"Param2",
			"Param3"
		]
	]
}