{
	"Version": 3,
	"Meta": {
		"Duration": 6,
		"Fps": 30.0,
		"Loop": true,
		"AreBeziersRestricted": false,
		"CurveCount": 167,
		"TotalSegmentCount": 1217,
		"TotalPointCount": 3810,
		"UserDataCount": 0,
		"TotalUserDataSize": 0
	},
	"Curves": [
		{
			"Target": "Parameter",
			"Id": "ParamEff1",
			"Segments": [
				0,
				1,
				1,
				0.2,
				1,
				0.4,
				1,
				0.6,
				1,
				1,
				0.633,
				1,
				0.667,
				0.5,
				0.7,
				0.5,
				1,
				0.733,
				0.5,
				0.767,
				1,
				0.8,
				1,
				1,
				1.378,
				1,
				1.956,
				1,
				2.533,
				1,
				1,
				2.567,
				1,
				2.6,
				0.5,
				2.633,
				0.5,
				1,
				2.678,
				0.5,
				2.722,
				1,
				2.767,
				1,
				1,
				3.5,
				1,
				4.233,
				1,
				4.967,
				1,
				1,
				5,
				1,
				5.033,
				0.5,
				5.067,
				0.5,
				1,
				5.111,
				0.5,
				5.156,
				1,
				5.2,
				1,
				1,
				5.467,
				1,
				5.733,
				1,
				6,
				1
			]
		},
		{
			"Target": "Parameter",
			"Id": "ParamEff2",
			"Segments": [
				0,
				0.6,
				1,
				0.033,
				0.6,
				0.067,
				1,
				0.1,
				1,
				1,
				0.6,
				1,
				1.1,
				1,
				1.6,
				1,
				1,
				1.633,
				1,
				1.667,
				0.5,
				1.7,
				0.5,
				1,
				1.733,
				0.5,
				1.767,
				1,
				1.8,
				1,
				1,
				2.267,
				1,
				2.733,
				1,
				3.2,
				1,
				1,
				3.233,
				1,
				3.267,
				0.5,
				3.3,
				0.5,
				1,
				3.333,
				0.5,
				3.367,
				1,
				3.4,
				1,
				1,
				3.444,
				1,
				3.489,
				1,
				3.533,
				1,
				1,
				3.567,
				1,
				3.6,
				0.5,
				3.633,
				0.5,
				1,
				3.667,
				0.5,
				3.7,
				1,
				3.733,
				1,
				1,
				4.444,
				1,
				5.156,
				1,
				5.867,
				1,
				1,
				5.911,
				1,
				5.956,
				0.6,
				6,
				0.6
			]
		},
		{
			"Target": "Parameter",
			"Id": "ParamEff3",
			"Segments": [
				0,
				1,
				1,
				0.644,
				1,
				1.289,
				1,
				1.933,
				1,
				1,
				1.944,
				1,
				1.956,
				1,
				1.967,
				1,
				1,
				2,
				1,
				2.033,
				0.5,
				2.067,
				0.5,
				1,
				2.1,
				0.5,
				2.133,
				1,
				2.167,
				1,
				1,
				2.211,
				1,
				2.256,
				1,
				2.3,
				1,
				1,
				2.333,
				1,
				2.367,
				0.5,
				2.4,
				0.5,
				1,
				2.433,
				0.5,
				2.467,
				1,
				2.5,
				1,
				1,
				2.922,
				1,
				3.344,
				1,
				3.767,
				1,
				1,
				3.8,
				1,
				3.833,
				0.5,
				3.867,
				0.5,
				1,
				3.9,
				0.5,
				3.933,
				1,
				3.967,
				1,
				1,
				4.644,
				1,
				5.322,
				1,
				6,
				1
			]
		},
		{
			"Target": "Parameter",
			"Id": "ParamEff4",
			"Segments": [
				0,
				1,
				1,
				0.189,
				1,
				0.378,
				1,
				0.567,
				1,
				1,
				0.6,
				1,
				0.633,
				0.5,
				0.667,
				0.5,
				1,
				0.7,
				0.5,
				0.733,
				1,
				0.767,
				1,
				1,
				0.944,
				1,
				1.122,
				0.9,
				1.3,
				0.9,
				1,
				1.667,
				0.9,
				2.033,
				1,
				2.4,
				1,
				1,
				2.433,
				1,
				2.467,
				0.5,
				2.5,
				0.5,
				1,
				2.533,
				0.5,
				2.567,
				1,
				2.6,
				1,
				1,
				3,
				1,
				3.4,
				0.8,
				3.8,
				0.8,
				1,
				4.2,
				0.8,
				4.6,
				1,
				5,
				1,
				1,
				5.033,
				1,
				5.067,
				0.5,
				5.1,
				0.5,
				1,
				5.133,
				0.5,
				5.167,
				1,
				5.2,
				1,
				1,
				5.467,
				1,
				5.733,
				1,
				6,
				1
			]
		},
		{
			"Target": "Parameter",
			"Id": "ParamEff5",
			"Segments": [
				0,
				1,
				1,
				0.078,
				1,
				0.156,
				1,
				0.233,
				1,
				1,
				0.267,
				1,
				0.3,
				0.5,
				0.333,
				0.5,
				1,
				0.367,
				0.5,
				0.4,
				1,
				0.433,
				1,
				1,
				1.244,
				1,
				2.056,
				0.7,
				2.867,
				0.7,
				1,
				3.911,
				0.7,
				4.956,
				1,
				6,
				1
			]
		},
		{
			"Target": "Parameter",
			"Id": "ParamEff6",
			"Segments": [
				0,
				0.6,
				1,
				0.033,
				0.6,
				0.067,
				1,
				0.1,
				1,
				1,
				0.867,
				1,
				1.633,
				0.8,
				2.4,
				0.8,
				1,
				3.133,
				0.8,
				3.867,
				1,
				4.6,
				1,
				1,
				4.633,
				1,
				4.667,
				0.5,
				4.7,
				0.5,
				1,
				4.733,
				0.5,
				4.767,
				1,
				4.8,
				1,
				1,
				4.878,
				1,
				4.956,
				1,
				5.033,
				1,
				1,
				5.067,
				1,
				5.1,
				0.5,
				5.133,
				0.5,
				1,
				5.167,
				0.5,
				5.2,
				1,
				5.233,
				1,
				1,
				5.289,
				1,
				5.344,
				1,
				5.4,
				1,
				1,
				5.433,
				1,
				5.467,
				0.5,
				5.5,
				0.5,
				1,
				5.533,
				0.5,
				5.567,
				1,
				5.6,
				1,
				1,
				5.678,
				1,
				5.756,
				1,
				5.833,
				1,
				1,
				5.889,
				1,
				5.944,
				0.6,
				6,
				0.6
			]
		},
		{
			"Target": "Parameter",
			"Id": "ParamEff7",
			"Segments": [
				0,
				1,
				1,
				0.256,
				1,
				0.511,
				1,
				0.767,
				1,
				1,
				0.8,
				1,
				0.833,
				0.6,
				0.867,
				0.6,
				1,
				0.9,
				0.6,
				0.933,
				1,
				0.967,
				1,
				1,
				1.133,
				1,
				1.3,
				1,
				1.467,
				1,
				1,
				1.5,
				1,
				1.533,
				0.6,
				1.567,
				0.6,
				1,
				1.6,
				0.6,
				1.633,
				1,
				1.667,
				1,
				1,
				2.089,
				1,
				2.511,
				0.9,
				2.933,
				0.9,
				1,
				3.311,
				0.9,
				3.689,
				1,
				4.067,
				1,
				1,
				4.1,
				1,
				4.133,
				0.6,
				4.167,
				0.6,
				1,
				4.2,
				0.6,
				4.233,
				1,
				4.267,
				1,
				1,
				4.578,
				1,
				4.889,
				1,
				5.2,
				1,
				1,
				5.467,
				1,
				5.733,
				1,
				6,
				1
			]
		},
		{
			"Target": "Parameter",
			"Id": "ParamEff8",
			"Segments": [
				0,
				1,
				1,
				0.111,
				1,
				0.222,
				1,
				0.333,
				1,
				1,
				0.367,
				1,
				0.4,
				0.6,
				0.433,
				0.6,
				1,
				0.467,
				0.6,
				0.5,
				1,
				0.533,
				1,
				1,
				1,
				1,
				1.467,
				0.9,
				1.933,
				0.9,
				1,
				2.311,
				0.9,
				2.689,
				1,
				3.067,
				1,
				1,
				3.1,
				1,
				3.133,
				0.6,
				3.167,
				0.6,
				1,
				3.2,
				0.6,
				3.233,
				1,
				3.267,
				1,
				1,
				3.322,
				1,
				3.378,
				1,
				3.433,
				1,
				1,
				3.467,
				1,
				3.5,
				0.6,
				3.533,
				0.6,
				1,
				3.567,
				0.6,
				3.6,
				1,
				3.633,
				1,
				1,
				3.7,
				1,
				3.767,
				1,
				3.833,
				1,
				1,
				3.867,
				1,
				3.9,
				0.7,
				3.933,
				0.7,
				1,
				3.967,
				0.7,
				4,
				1,
				4.033,
				1,
				1,
				4.367,
				1,
				4.7,
				0.9,
				5.033,
				0.9,
				1,
				5.356,
				0.9,
				5.678,
				1,
				6,
				1
			]
		},
		{
			"Target": "Parameter",
			"Id": "ParamEff9",
			"Segments": [
				0,
				0.8,
				1,
				0.289,
				0.8,
				0.578,
				1,
				0.867,
				1,
				1,
				0.9,
				1,
				0.933,
				0.6,
				0.967,
				0.6,
				1,
				1,
				0.6,
				1.033,
				1,
				1.067,
				1,
				1,
				1.3,
				1,
				1.533,
				1,
				1.767,
				1,
				1,
				1.8,
				1,
				1.833,
				0.8,
				1.867,
				0.8,
				1,
				1.9,
				0.8,
				1.933,
				1,
				1.967,
				1,
				1,
				2.4,
				1,
				2.833,
				1,
				3.267,
				1,
				1,
				3.3,
				1,
				3.333,
				0.6,
				3.367,
				0.6,
				1,
				3.4,
				0.6,
				3.433,
				1,
				3.467,
				1,
				1,
				4.311,
				1,
				5.156,
				0.8,
				6,
				0.8
			]
		},
		{
			"Target": "Parameter",
			"Id": "ParamEff10",
			"Segments": [
				0,
				1,
				1,
				0.5,
				1,
				1,
				1,
				1.5,
				1,
				1,
				1.533,
				1,
				1.567,
				0.6,
				1.6,
				0.6,
				1,
				1.633,
				0.6,
				1.667,
				1,
				1.7,
				1,
				1,
				1.822,
				1,
				1.944,
				1,
				2.067,
				1,
				1,
				2.1,
				1,
				2.133,
				0.6,
				2.167,
				0.6,
				1,
				2.2,
				0.6,
				2.233,
				1,
				2.267,
				1,
				1,
				2.711,
				1,
				3.156,
				0.9,
				3.6,
				0.9,
				1,
				4.211,
				0.9,
				4.822,
				1,
				5.433,
				1,
				1,
				5.467,
				1,
				5.5,
				0.6,
				5.533,
				0.6,
				1,
				5.567,
				0.6,
				5.6,
				1,
				5.633,
				1,
				1,
				5.756,
				1,
				5.878,
				1,
				6,
				1
			]
		},
		{
			"Target": "Parameter",
			"Id": "ParamEff11",
			"Segments": [
				0,
				1,
				1,
				0.222,
				1,
				0.444,
				1,
				0.667,
				1,
				1,
				0.7,
				1,
				0.733,
				0.6,
				0.767,
				0.6,
				1,
				0.8,
				0.6,
				0.833,
				1,
				0.867,
				1,
				1,
				1.144,
				1,
				1.422,
				0.9,
				1.7,
				0.9,
				1,
				2.056,
				0.9,
				2.411,
				1,
				2.767,
				1,
				1,
				2.8,
				1,
				2.833,
				0.6,
				2.867,
				0.6,
				1,
				2.9,
				0.6,
				2.933,
				1,
				2.967,
				1,
				1,
				3.267,
				1,
				3.567,
				0.8,
				3.867,
				0.8,
				1,
				4.067,
				0.8,
				4.267,
				1,
				4.467,
				1,
				1,
				4.5,
				1,
				4.533,
				0.6,
				4.567,
				0.6,
				1,
				4.6,
				0.6,
				4.633,
				1,
				4.667,
				1,
				1,
				5.111,
				1,
				5.556,
				1,
				6,
				1
			]
		},
		{
			"Target": "Parameter",
			"Id": "ParamEff12",
			"Segments": [
				0,
				0.9,
				1,
				0.044,
				0.9,
				0.089,
				1,
				0.133,
				1,
				1,
				0.733,
				1,
				1.333,
				0.9,
				1.933,
				0.9,
				1,
				2.567,
				0.9,
				3.2,
				1,
				3.833,
				1,
				1,
				3.867,
				1,
				3.9,
				0.9,
				3.933,
				0.9,
				1,
				3.967,
				0.9,
				4,
				1,
				4.033,
				1,
				1,
				4.444,
				1,
				4.856,
				1,
				5.267,
				1,
				1,
				5.3,
				1,
				5.333,
				0.9,
				5.367,
				0.9,
				1,
				5.4,
				0.9,
				5.433,
				1,
				5.467,
				1,
				1,
				5.611,
				1,
				5.756,
				1,
				5.9,
				1,
				1,
				5.933,
				1,
				5.967,
				0.8,
				6,
				0.8
			]
		},
		{
			"Target": "Parameter",
			"Id": "ParamEff19",
			"Segments": [
				0,
				1,
				1,
				0.267,
				1,
				0.533,
				0.7,
				0.8,
				0.7,
				1,
				1.178,
				0.7,
				1.556,
				1,
				1.933,
				1,
				1,
				2.589,
				1,
				3.244,
				0.4,
				3.9,
				0.4,
				1,
				4.6,
				0.4,
				5.3,
				1,
				6,
				1
			]
		},
		{
			"Target": "Parameter",
			"Id": "ParamEff20",
			"Segments": [
				0,
				0.4,
				1,
				0.533,
				0.4,
				1.067,
				0.8,
				1.6,
				0.8,
				1,
				2.3,
				0.8,
				3,
				0.3,
				3.7,
				0.3,
				1,
				4.467,
				0.3,
				5.233,
				0.4,
				6,
				0.4
			]
		},
		{
			"Target": "Parameter",
			"Id": "ParamEff21",
			"Segments": [
				0,
				0.7,
				1,
				0.244,
				0.7,
				0.489,
				0.8,
				0.733,
				0.8,
				1,
				1.767,
				0.8,
				2.8,
				0.5,
				3.833,
				0.5,
				1,
				4.556,
				0.5,
				5.278,
				0.7,
				6,
				0.7
			]
		},
		{
			"Target": "Parameter",
			"Id": "ParamEff22",
			"Segments": [
				0,
				1,
				1,
				0.244,
				1,
				0.489,
				1,
				0.733,
				1,
				1,
				0.767,
				1,
				0.8,
				0.6,
				0.833,
				0.6,
				1,
				0.867,
				0.6,
				0.9,
				1,
				0.933,
				1,
				1,
				1.078,
				1,
				1.222,
				1,
				1.367,
				1,
				1,
				1.4,
				1,
				1.433,
				0.6,
				1.467,
				0.6,
				1,
				1.5,
				0.6,
				1.533,
				1,
				1.567,
				1,
				1,
				1.889,
				1,
				2.211,
				1,
				2.533,
				1,
				1,
				2.567,
				1,
				2.6,
				0.6,
				2.633,
				0.6,
				1,
				2.667,
				0.6,
				2.7,
				1,
				2.733,
				1,
				1,
				3.822,
				1,
				4.911,
				1,
				6,
				1
			]
		},
		{
			"Target": "Parameter",
			"Id": "ParamEff23",
			"Segments": [
				0,
				1,
				1,
				0.067,
				1,
				0.133,
				1,
				0.2,
				1,
				1,
				0.233,
				1,
				0.267,
				0.5,
				0.3,
				0.5,
				1,
				0.333,
				0.5,
				0.367,
				1,
				0.4,
				1,
				1,
				0.489,
				1,
				0.578,
				1,
				0.667,
				1,
				1,
				0.7,
				1,
				0.733,
				0.5,
				0.767,
				0.5,
				1,
				0.8,
				0.5,
				0.833,
				1,
				0.867,
				1,
				1,
				2.122,
				1,
				3.378,
				1,
				4.633,
				1,
				1,
				4.667,
				1,
				4.7,
				0.5,
				4.733,
				0.5,
				1,
				4.767,
				0.5,
				4.8,
				1,
				4.833,
				1,
				1,
				5.222,
				1,
				5.611,
				1,
				6,
				1
			]
		},
		{
			"Target": "Parameter",
			"Id": "ParamEff24",
			"Segments": [
				0,
				1,
				1,
				0.7,
				1,
				1.4,
				1,
				2.1,
				1,
				1,
				2.133,
				1,
				2.167,
				0.6,
				2.2,
				0.6,
				1,
				2.233,
				0.6,
				2.267,
				1,
				2.3,
				1,
				1,
				2.433,
				1,
				2.567,
				1,
				2.7,
				1,
				1,
				2.733,
				1,
				2.767,
				0.6,
				2.8,
				0.6,
				1,
				2.833,
				0.6,
				2.867,
				1,
				2.9,
				1,
				1,
				3.789,
				1,
				4.678,
				1,
				5.567,
				1,
				1,
				5.6,
				1,
				5.633,
				0.6,
				5.667,
				0.6,
				1,
				5.7,
				0.6,
				5.733,
				1,
				5.767,
				1,
				1,
				5.844,
				1,
				5.922,
				1,
				6,
				1
			]
		},
		{
			"Target": "Parameter",
			"Id": "ParamEff25",
			"Segments": [
				0,
				1,
				1,
				0.411,
				1,
				0.822,
				1,
				1.233,
				1,
				1,
				1.267,
				1,
				1.3,
				0.5,
				1.333,
				0.5,
				1,
				1.367,
				0.5,
				1.4,
				1,
				1.433,
				1,
				1,
				1.911,
				1,
				2.389,
				1,
				2.867,
				1,
				1,
				2.9,
				1,
				2.933,
				0.5,
				2.967,
				0.5,
				1,
				3,
				0.5,
				3.033,
				1,
				3.067,
				1,
				1,
				4.044,
				1,
				5.022,
				1,
				6,
				1
			]
		},
		{
			"Target": "Parameter",
			"Id": "ParamEff26",
			"Segments": [
				0,
				0.8,
				1,
				1.333,
				0.8,
				2.667,
				1,
				4,
				1,
				1,
				4.033,
				1,
				4.067,
				0.6,
				4.1,
				0.6,
				1,
				4.133,
				0.6,
				4.167,
				1,
				4.2,
				1,
				1,
				4.589,
				1,
				4.978,
				1,
				5.367,
				1,
				1,
				5.4,
				1,
				5.433,
				0.6,
				5.467,
				0.6,
				1,
				5.5,
				0.6,
				5.533,
				1,
				5.567,
				1,
				1,
				5.711,
				1,
				5.856,
				0.8,
				6,
				0.8
			]
		},
		{
			"Target": "Parameter",
			"Id": "ParamEff27",
			"Segments": [
				0,
				1,
				1,
				0.133,
				1,
				0.267,
				1,
				0.4,
				1,
				1,
				0.433,
				1,
				0.467,
				0.5,
				0.5,
				0.5,
				1,
				0.533,
				0.5,
				0.567,
				1,
				0.6,
				1,
				1,
				1.089,
				1,
				1.578,
				1,
				2.067,
				1,
				1,
				2.1,
				1,
				2.133,
				0.5,
				2.167,
				0.5,
				1,
				2.2,
				0.5,
				2.233,
				1,
				2.267,
				1,
				1,
				2.478,
				1,
				2.689,
				1,
				2.9,
				1,
				1,
				2.933,
				1,
				2.967,
				0.5,
				3,
				0.5,
				1,
				3.033,
				0.5,
				3.067,
				1,
				3.1,
				1,
				1,
				4.067,
				1,
				5.033,
				1,
				6,
				1
			]
		},
		{
			"Target": "Parameter",
			"Id": "ParamEff28",
			"Segments": [
				0,
				1,
				1,
				0.2,
				1,
				0.4,
				1,
				0.6,
				1,
				1,
				0.633,
				1,
				0.667,
				0.5,
				0.7,
				0.5,
				1,
				0.733,
				0.5,
				0.767,
				1,
				0.8,
				1,
				1,
				1.444,
				1,
				2.089,
				1,
				2.733,
				1,
				1,
				2.767,
				1,
				2.8,
				0.5,
				2.833,
				0.5,
				1,
				2.867,
				0.5,
				2.9,
				1,
				2.933,
				1,
				1,
				3.044,
				1,
				3.156,
				1,
				3.267,
				1,
				1,
				3.3,
				1,
				3.333,
				0.5,
				3.367,
				0.5,
				1,
				3.4,
				0.5,
				3.433,
				1,
				3.467,
				1,
				1,
				4.311,
				1,
				5.156,
				1,
				6,
				1
			]
		},
		{
			"Target": "Parameter",
			"Id": "ParamEff29",
			"Segments": [
				0,
				1,
				1,
				0.589,
				1,
				1.178,
				1,
				1.767,
				1,
				1,
				1.8,
				1,
				1.833,
				0.9,
				1.867,
				0.9,
				1,
				1.9,
				0.9,
				1.933,
				1,
				1.967,
				1,
				1,
				2.567,
				1,
				3.167,
				1,
				3.767,
				1,
				1,
				3.8,
				1,
				3.833,
				0.6,
				3.867,
				0.6,
				1,
				3.9,
				0.6,
				3.933,
				1,
				3.967,
				1,
				1,
				4.2,
				1,
				4.433,
				1,
				4.667,
				1,
				1,
				4.7,
				1,
				4.733,
				0.6,
				4.767,
				0.6,
				1,
				4.8,
				0.6,
				4.833,
				1,
				4.867,
				1,
				1,
				5.244,
				1,
				5.622,
				1,
				6,
				1
			]
		},
		{
			"Target": "Parameter",
			"Id": "ParamEff30",
			"Segments": [
				0,
				1,
				1,
				0.078,
				1,
				0.156,
				1,
				0.233,
				1,
				1,
				0.267,
				1,
				0.3,
				0.5,
				0.333,
				0.5,
				1,
				0.367,
				0.5,
				0.4,
				1,
				0.433,
				1,
				1,
				0.589,
				1,
				0.744,
				1,
				0.9,
				1,
				1,
				0.933,
				1,
				0.967,
				0.5,
				1,
				0.5,
				1,
				1.033,
				0.5,
				1.067,
				1,
				1.1,
				1,
				1,
				1.7,
				1,
				2.3,
				1,
				2.9,
				1,
				1,
				2.933,
				1,
				2.967,
				0.5,
				3,
				0.5,
				1,
				3.033,
				0.5,
				3.067,
				1,
				3.1,
				1,
				1,
				3.556,
				1,
				4.011,
				0.9,
				4.467,
				0.9,
				1,
				4.978,
				0.9,
				5.489,
				1,
				6,
				1
			]
		},
		{
			"Target": "Parameter",
			"Id": "ParamEff31",
			"Segments": [
				0,
				0.5,
				1,
				0.011,
				0.5,
				0.022,
				0.497,
				0.033,
				0.496,
				1,
				0.522,
				0.431,
				1.011,
				0.4,
				1.5,
				0.4,
				1,
				2,
				0.4,
				2.5,
				0.433,
				3,
				0.5,
				1,
				3.5,
				0.567,
				4,
				0.6,
				4.5,
				0.6,
				1,
				4.989,
				0.6,
				5.478,
				0.57,
				5.967,
				0.506,
				1,
				5.978,
				0.505,
				5.989,
				0.5,
				6,
				0.5
			]
		},
		{
			"Target": "Parameter",
			"Id": "ParamEff32",
			"Segments": [
				0,
				0.51,
				1,
				0.011,
				0.51,
				0.022,
				0.506,
				0.033,
				0.505,
				1,
				0.633,
				0.434,
				1.233,
				0.4,
				1.833,
				0.4,
				1,
				2.333,
				0.4,
				2.833,
				0.433,
				3.333,
				0.5,
				1,
				3.833,
				0.567,
				4.333,
				0.6,
				4.833,
				0.6,
				1,
				5.222,
				0.6,
				5.611,
				0.554,
				6,
				0.51
			]
		},
		{
			"Target": "Parameter",
			"Id": "ParamEff33",
			"Segments": [
				0,
				0.54,
				1,
				0.011,
				0.54,
				0.022,
				0.533,
				0.033,
				0.532,
				1,
				0.222,
				0.508,
				0.411,
				0.478,
				0.6,
				0.462,
				1,
				1.122,
				0.416,
				1.644,
				0.4,
				2.167,
				0.4,
				1,
				2.667,
				0.4,
				3.167,
				0.433,
				3.667,
				0.5,
				1,
				4.167,
				0.567,
				4.667,
				0.6,
				5.167,
				0.6,
				1,
				5.444,
				0.6,
				5.722,
				0.577,
				6,
				0.54
			]
		},
		{
			"Target": "Parameter",
			"Id": "ParamPachi",
			"Segments": [
				0,
				1,
				1,
				1,
				1,
				2,
				1,
				3,
				1,
				1,
				3.033,
				1,
				3.067,
				0,
				3.1,
				0,
				1,
				3.111,
				0,
				3.122,
				0,
				3.133,
				0,
				1,
				3.167,
				0,
				3.2,
				1,
				3.233,
				1,
				1,
				4.156,
				1,
				5.078,
				1,
				6,
				1
			]
		},
		{
			"Target": "Parameter",
			"Id": "ParamLegL1",
			"Segments": [
				0,
				0,
				1,
				0.011,
				0,
				0.022,
				0.221,
				0.033,
				0.302,
				1,
				0.378,
				2.814,
				0.722,
				4,
				1.067,
				4,
				1,
				1.567,
				4,
				2.067,
				2.667,
				2.567,
				0,
				1,
				3.067,
				-2.667,
				3.567,
				-4,
				4.067,
				-4,
				1,
				4.7,
				-4,
				5.333,
				-2.853,
				5.967,
				-0.453,
				1,
				5.978,
				-0.411,
				5.989,
				0,
				6,
				0
			]
		},
		{
			"Target": "Parameter",
			"Id": "ParamLegL2",
			"Segments": [
				0,
				0,
				1,
				0.011,
				0,
				0.022,
				0.233,
				0.033,
				0.302,
				1,
				0.433,
				2.811,
				0.833,
				4,
				1.233,
				4,
				1,
				1.733,
				4,
				2.233,
				2.667,
				2.733,
				0,
				1,
				3.233,
				-2.667,
				3.733,
				-4,
				4.233,
				-4,
				1,
				4.811,
				-4,
				5.389,
				-2.855,
				5.967,
				-0.453,
				1,
				5.978,
				-0.407,
				5.989,
				0,
				6,
				0
			]
		},
		{
			"Target": "Parameter",
			"Id": "ParamLegR1",
			"Segments": [
				0,
				0,
				1,
				0.011,
				0,
				0.022,
				0.257,
				0.033,
				0.302,
				1,
				0.644,
				2.801,
				1.256,
				4,
				1.867,
				4,
				1,
				2.367,
				4,
				2.867,
				2.667,
				3.367,
				0,
				1,
				3.867,
				-2.667,
				4.367,
				-4,
				4.867,
				-4,
				1,
				5.233,
				-4,
				5.6,
				-2.87,
				5.967,
				-0.453,
				1,
				5.978,
				-0.38,
				5.989,
				0,
				6,
				0
			]
		},
		{
			"Target": "Parameter",
			"Id": "ParamLegR2",
			"Segments": [
				0,
				0,
				1,
				0.011,
				0,
				0.022,
				0.261,
				0.033,
				0.302,
				1,
				0.7,
				2.799,
				1.367,
				4,
				2.033,
				4,
				1,
				2.533,
				4,
				3.033,
				2.667,
				3.533,
				0,
				1,
				4.033,
				-2.667,
				4.533,
				-4,
				5.033,
				-4,
				1,
				5.344,
				-4,
				5.656,
				-2.876,
				5.967,
				-0.453,
				1,
				5.978,
				-0.367,
				5.989,
				0,
				6,
				0
			]
		},
		{
			"Target": "Parameter",
			"Id": "ParamEyeRL",
			"Segments": [
				0,
				0,
				1,
				0.033,
				0,
				0.067,
				6,
				0.1,
				6,
				1,
				0.122,
				6,
				0.144,
				6,
				0.167,
				6,
				1,
				0.222,
				6,
				0.278,
				-6,
				0.333,
				-6,
				1,
				0.356,
				-6,
				0.378,
				10.768,
				0.4,
				13,
				1,
				0.422,
				15.232,
				0.444,
				15,
				0.467,
				15,
				1,
				0.489,
				15,
				0.511,
				-9,
				0.533,
				-9,
				1,
				0.567,
				-9,
				0.6,
				-7.568,
				0.633,
				-4,
				1,
				0.656,
				-1.621,
				0.678,
				3.453,
				0.7,
				4,
				1,
				0.722,
				4.547,
				0.744,
				4.489,
				0.767,
				5,
				1,
				0.789,
				5.511,
				0.811,
				7,
				0.833,
				7,
				1,
				0.867,
				7,
				0.9,
				-11,
				0.933,
				-11,
				1,
				0.956,
				-11,
				0.978,
				7,
				1,
				7,
				1,
				1.022,
				7,
				1.044,
				-6,
				1.067,
				-6,
				1,
				1.078,
				-6,
				1.089,
				6,
				1.1,
				6,
				1,
				1.133,
				6,
				1.167,
				5.932,
				1.2,
				4,
				1,
				1.222,
				2.712,
				1.244,
				-9,
				1.267,
				-9,
				1,
				1.311,
				-9,
				1.356,
				0,
				1.4,
				0,
				1,
				1.411,
				0,
				1.422,
				-2,
				1.433,
				-2,
				1,
				1.456,
				-2,
				1.478,
				6,
				1.5,
				6,
				1,
				1.522,
				6,
				1.544,
				6,
				1.567,
				6,
				1,
				1.589,
				6,
				1.611,
				-4,
				1.633,
				-4,
				1,
				1.689,
				-4,
				1.744,
				6.579,
				1.8,
				13,
				1,
				1.822,
				15.568,
				1.844,
				15,
				1.867,
				15,
				1,
				1.889,
				15,
				1.911,
				-9,
				1.933,
				-9,
				1,
				1.956,
				-9,
				1.978,
				8,
				2,
				8,
				1,
				2.033,
				8,
				2.067,
				4,
				2.1,
				4,
				1,
				2.122,
				4,
				2.144,
				4.126,
				2.167,
				5,
				1,
				2.189,
				5.874,
				2.211,
				7,
				2.233,
				7,
				1,
				2.267,
				7,
				2.3,
				-11,
				2.333,
				-11,
				1,
				2.356,
				-11,
				2.378,
				7,
				2.4,
				7,
				1,
				2.422,
				7,
				2.444,
				-6,
				2.467,
				-6,
				1,
				2.5,
				-6,
				2.533,
				-5.548,
				2.567,
				-2,
				1,
				2.589,
				0.365,
				2.611,
				6,
				2.633,
				6,
				1,
				2.656,
				6,
				2.678,
				6,
				2.7,
				6,
				1,
				2.722,
				6,
				2.744,
				-2.728,
				2.767,
				-4,
				1,
				2.8,
				-5.909,
				2.833,
				-6,
				2.867,
				-6,
				1,
				2.911,
				-6,
				2.956,
				15,
				3,
				15,
				1,
				3.022,
				15,
				3.044,
				-9,
				3.067,
				-9,
				1,
				3.089,
				-9,
				3.111,
				8,
				3.133,
				8,
				1,
				3.144,
				8,
				3.156,
				-4,
				3.167,
				-4,
				1,
				3.189,
				-4,
				3.211,
				2.919,
				3.233,
				4,
				1,
				3.256,
				5.081,
				3.278,
				5,
				3.3,
				5,
				1,
				3.356,
				5,
				3.411,
				-11,
				3.467,
				-11,
				1,
				3.489,
				-11,
				3.511,
				7,
				3.533,
				7,
				1,
				3.556,
				7,
				3.578,
				-6,
				3.6,
				-6,
				1,
				3.611,
				-6,
				3.622,
				6,
				3.633,
				6,
				1,
				3.667,
				6,
				3.7,
				4,
				3.733,
				4,
				1,
				3.767,
				4,
				3.8,
				8,
				3.833,
				8,
				1,
				3.867,
				8,
				3.9,
				-4,
				3.933,
				-4,
				1,
				3.978,
				-4,
				4.022,
				7.873,
				4.067,
				13,
				1,
				4.089,
				15.563,
				4.111,
				15,
				4.133,
				15,
				1,
				4.156,
				15,
				4.178,
				-9,
				4.2,
				-9,
				1,
				4.222,
				-9,
				4.244,
				8,
				4.267,
				8,
				1,
				4.3,
				8,
				4.333,
				4,
				4.367,
				4,
				1,
				4.389,
				4,
				4.411,
				4.126,
				4.433,
				5,
				1,
				4.456,
				5.874,
				4.478,
				7,
				4.5,
				7,
				1,
				4.533,
				7,
				4.567,
				-11,
				4.6,
				-11,
				1,
				4.622,
				-11,
				4.644,
				7,
				4.667,
				7,
				1,
				4.689,
				7,
				4.711,
				-6,
				4.733,
				-6,
				1,
				4.767,
				-6,
				4.8,
				-5.548,
				4.833,
				-2,
				1,
				4.856,
				0.365,
				4.878,
				6,
				4.9,
				6,
				1,
				4.922,
				6,
				4.944,
				6,
				4.967,
				6,
				1,
				4.989,
				6,
				5.011,
				-2.728,
				5.033,
				-4,
				1,
				5.067,
				-5.909,
				5.1,
				-6,
				5.133,
				-6,
				1,
				5.178,
				-6,
				5.222,
				15,
				5.267,
				15,
				1,
				5.289,
				15,
				5.311,
				-9,
				5.333,
				-9,
				1,
				5.356,
				-9,
				5.378,
				8,
				5.4,
				8,
				1,
				5.411,
				8,
				5.422,
				-4,
				5.433,
				-4,
				1,
				5.456,
				-4,
				5.478,
				2.919,
				5.5,
				4,
				1,
				5.522,
				5.081,
				5.544,
				5,
				5.567,
				5,
				1,
				5.622,
				5,
				5.678,
				-11,
				5.733,
				-11,
				1,
				5.756,
				-11,
				5.778,
				7,
				5.8,
				7,
				1,
				5.822,
				7,
				5.844,
				-6,
				5.867,
				-6,
				1,
				5.878,
				-6,
				5.889,
				6,
				5.9,
				6,
				1,
				5.933,
				6,
				5.967,
				4,
				6,
				4
			]
		},
		{
			"Target": "Parameter",
			"Id": "ParamEyeUD",
			"Segments": [
				0,
				0,
				1,
				0.033,
				0,
				0.067,
				4,
				0.1,
				4,
				1,
				0.122,
				4,
				0.144,
				-14.649,
				0.167,
				-15,
				1,
				0.222,
				-15.877,
				0.278,
				-16,
				0.333,
				-16,
				1,
				0.356,
				-16,
				0.378,
				-16.239,
				0.4,
				-14,
				1,
				0.422,
				-11.761,
				0.444,
				6,
				0.467,
				6,
				1,
				0.489,
				6,
				0.511,
				2,
				0.533,
				2,
				1,
				0.567,
				2,
				0.6,
				10,
				0.633,
				10,
				1,
				0.656,
				10,
				0.678,
				-2,
				0.7,
				-2,
				1,
				0.722,
				-2,
				0.744,
				-1.933,
				0.767,
				0,
				1,
				0.789,
				1.933,
				0.811,
				6,
				0.833,
				6,
				1,
				0.867,
				6,
				0.9,
				6,
				0.933,
				6,
				1,
				0.956,
				6,
				0.978,
				10,
				1,
				10,
				1,
				1.022,
				10,
				1.044,
				-10,
				1.067,
				-10,
				1,
				1.078,
				-10,
				1.089,
				5,
				1.1,
				5,
				1,
				1.133,
				5,
				1.167,
				-11,
				1.2,
				-11,
				1,
				1.222,
				-11,
				1.244,
				2,
				1.267,
				2,
				1,
				1.311,
				2,
				1.356,
				1.576,
				1.4,
				0,
				1,
				1.411,
				-0.394,
				1.422,
				-8,
				1.433,
				-8,
				1,
				1.456,
				-8,
				1.478,
				4,
				1.5,
				4,
				1,
				1.522,
				4,
				1.544,
				-15,
				1.567,
				-15,
				1,
				1.589,
				-15,
				1.611,
				6,
				1.633,
				6,
				1,
				1.689,
				6,
				1.744,
				-14,
				1.8,
				-14,
				1,
				1.822,
				-14,
				1.844,
				6,
				1.867,
				6,
				1,
				1.889,
				6,
				1.911,
				4.667,
				1.933,
				2,
				1,
				1.956,
				-0.667,
				1.978,
				-2,
				2,
				-2,
				1,
				2.033,
				-2,
				2.067,
				-2,
				2.1,
				-2,
				1,
				2.122,
				-2,
				2.144,
				-1.933,
				2.167,
				0,
				1,
				2.189,
				1.933,
				2.211,
				6,
				2.233,
				6,
				1,
				2.267,
				6,
				2.3,
				6,
				2.333,
				6,
				1,
				2.356,
				6,
				2.378,
				10,
				2.4,
				10,
				1,
				2.422,
				10,
				2.444,
				-10,
				2.467,
				-10,
				1,
				2.5,
				-10,
				2.533,
				-9.926,
				2.567,
				-8,
				1,
				2.589,
				-6.716,
				2.611,
				4,
				2.633,
				4,
				1,
				2.656,
				4,
				2.678,
				-15,
				2.7,
				-15,
				1,
				2.722,
				-15,
				2.744,
				6,
				2.767,
				6,
				1,
				2.8,
				6,
				2.833,
				-16,
				2.867,
				-16,
				1,
				2.911,
				-16,
				2.956,
				6,
				3,
				6,
				1,
				3.022,
				6,
				3.044,
				4.667,
				3.067,
				2,
				1,
				3.089,
				-0.667,
				3.111,
				-2,
				3.133,
				-2,
				1,
				3.144,
				-2,
				3.156,
				10,
				3.167,
				10,
				1,
				3.189,
				10,
				3.211,
				-2,
				3.233,
				-2,
				1,
				3.256,
				-2,
				3.278,
				-0.897,
				3.3,
				0,
				1,
				3.356,
				2.242,
				3.411,
				3.568,
				3.467,
				6,
				1,
				3.489,
				6.973,
				3.511,
				10,
				3.533,
				10,
				1,
				3.556,
				10,
				3.578,
				-10,
				3.6,
				-10,
				1,
				3.611,
				-10,
				3.622,
				5,
				3.633,
				5,
				1,
				3.667,
				5,
				3.7,
				-11,
				3.733,
				-11,
				1,
				3.767,
				-11,
				3.8,
				-11.218,
				3.833,
				-8,
				1,
				3.867,
				-4.782,
				3.9,
				10,
				3.933,
				10,
				1,
				3.978,
				10,
				4.022,
				-14,
				4.067,
				-14,
				1,
				4.089,
				-14,
				4.111,
				6,
				4.133,
				6,
				1,
				4.156,
				6,
				4.178,
				4.667,
				4.2,
				2,
				1,
				4.222,
				-0.667,
				4.244,
				-2,
				4.267,
				-2,
				1,
				4.3,
				-2,
				4.333,
				-2,
				4.367,
				-2,
				1,
				4.389,
				-2,
				4.411,
				-1.933,
				4.433,
				0,
				1,
				4.456,
				1.933,
				4.478,
				6,
				4.5,
				6,
				1,
				4.533,
				6,
				4.567,
				6,
				4.6,
				6,
				1,
				4.622,
				6,
				4.644,
				10,
				4.667,
				10,
				1,
				4.689,
				10,
				4.711,
				-10,
				4.733,
				-10,
				1,
				4.767,
				-10,
				4.8,
				-9.926,
				4.833,
				-8,
				1,
				4.856,
				-6.716,
				4.878,
				4,
				4.9,
				4,
				1,
				4.922,
				4,
				4.944,
				-15,
				4.967,
				-15,
				1,
				4.989,
				-15,
				5.011,
				6,
				5.033,
				6,
				1,
				5.067,
				6,
				5.1,
				-16,
				5.133,
				-16,
				1,
				5.178,
				-16,
				5.222,
				6,
				5.267,
				6,
				1,
				5.289,
				6,
				5.311,
				4.667,
				5.333,
				2,
				1,
				5.356,
				-0.667,
				5.378,
				-2,
				5.4,
				-2,
				1,
				5.411,
				-2,
				5.422,
				10,
				5.433,
				10,
				1,
				5.456,
				10,
				5.478,
				-2,
				5.5,
				-2,
				1,
				5.522,
				-2,
				5.544,
				-0.897,
				5.567,
				0,
				1,
				5.622,
				2.242,
				5.678,
				3.568,
				5.733,
				6,
				1,
				5.756,
				6.973,
				5.778,
				10,
				5.8,
				10,
				1,
				5.822,
				10,
				5.844,
				-10,
				5.867,
				-10,
				1,
				5.878,
				-10,
				5.889,
				5,
				5.9,
				5,
				1,
				5.933,
				5,
				5.967,
				-11,
				6,
				-11
			]
		},
		{
			"Target": "Parameter",
			"Id": "ParamEyeBS",
			"Segments": [
				0,
				0,
				1,
				0.033,
				0,
				0.067,
				7,
				0.1,
				7,
				1,
				0.122,
				7,
				0.144,
				-19,
				0.167,
				-19,
				1,
				0.211,
				-19,
				0.256,
				18,
				0.3,
				18,
				1,
				0.322,
				18,
				0.344,
				-14,
				0.367,
				-14,
				1,
				0.389,
				-14,
				0.411,
				-8,
				0.433,
				4,
				1,
				0.456,
				16,
				0.478,
				22,
				0.5,
				22,
				1,
				0.556,
				22,
				0.611,
				21.173,
				0.667,
				16,
				1,
				0.689,
				13.931,
				0.711,
				-8,
				0.733,
				-8,
				1,
				0.756,
				-8,
				0.778,
				-8.268,
				0.8,
				-6,
				1,
				0.822,
				-3.732,
				0.844,
				19,
				0.867,
				19,
				1,
				0.889,
				19,
				0.911,
				-19,
				0.933,
				-19,
				1,
				0.967,
				-19,
				1,
				12,
				1.033,
				12,
				1,
				1.089,
				12,
				1.144,
				12,
				1.2,
				12,
				1,
				1.222,
				12,
				1.244,
				-6,
				1.267,
				-6,
				1,
				1.289,
				-6,
				1.311,
				0,
				1.333,
				0,
				1,
				1.344,
				0,
				1.356,
				-21,
				1.367,
				-21,
				1,
				1.389,
				-21,
				1.411,
				7,
				1.433,
				7,
				1,
				1.456,
				7,
				1.478,
				-19,
				1.5,
				-19,
				1,
				1.522,
				-19,
				1.544,
				13.697,
				1.567,
				16,
				1,
				1.589,
				18.303,
				1.611,
				18,
				1.633,
				18,
				1,
				1.678,
				18,
				1.722,
				4,
				1.767,
				4,
				1,
				1.789,
				4,
				1.811,
				22,
				1.833,
				22,
				1,
				1.856,
				22,
				1.878,
				-18,
				1.9,
				-18,
				1,
				1.911,
				-18,
				1.922,
				-13.543,
				1.933,
				-6,
				1,
				1.956,
				9.085,
				1.978,
				16,
				2,
				16,
				1,
				2.022,
				16,
				2.044,
				-8,
				2.067,
				-8,
				1,
				2.089,
				-8,
				2.111,
				-8.268,
				2.133,
				-6,
				1,
				2.156,
				-3.732,
				2.178,
				19,
				2.2,
				19,
				1,
				2.222,
				19,
				2.244,
				-19,
				2.267,
				-19,
				1,
				2.3,
				-19,
				2.333,
				12,
				2.367,
				12,
				1,
				2.4,
				12,
				2.433,
				-0.285,
				2.467,
				-10,
				1,
				2.5,
				-19.715,
				2.533,
				-21,
				2.567,
				-21,
				1,
				2.589,
				-21,
				2.611,
				7,
				2.633,
				7,
				1,
				2.656,
				7,
				2.678,
				-19,
				2.7,
				-19,
				1,
				2.722,
				-19,
				2.744,
				13.697,
				2.767,
				16,
				1,
				2.789,
				18.303,
				2.811,
				18,
				2.833,
				18,
				1,
				2.856,
				18,
				2.878,
				-14,
				2.9,
				-14,
				1,
				2.922,
				-14,
				2.944,
				-8,
				2.967,
				4,
				1,
				2.989,
				16,
				3.011,
				22,
				3.033,
				22,
				1,
				3.056,
				22,
				3.078,
				-18,
				3.1,
				-18,
				1,
				3.111,
				-18,
				3.122,
				-13.543,
				3.133,
				-6,
				1,
				3.156,
				9.085,
				3.178,
				16,
				3.2,
				16,
				1,
				3.222,
				16,
				3.244,
				-8,
				3.267,
				-8,
				1,
				3.289,
				-8,
				3.311,
				-6,
				3.333,
				-6,
				1,
				3.378,
				-6,
				3.422,
				-19,
				3.467,
				-19,
				1,
				3.5,
				-19,
				3.533,
				12,
				3.567,
				12,
				1,
				3.6,
				12,
				3.633,
				-10,
				3.667,
				-10,
				1,
				3.689,
				-10,
				3.711,
				12,
				3.733,
				12,
				1,
				3.756,
				12,
				3.778,
				-6,
				3.8,
				-6,
				1,
				3.822,
				-6,
				3.844,
				11,
				3.867,
				11,
				1,
				3.922,
				11,
				3.978,
				4,
				4.033,
				4,
				1,
				4.056,
				4,
				4.078,
				22,
				4.1,
				22,
				1,
				4.122,
				22,
				4.144,
				-18,
				4.167,
				-18,
				1,
				4.178,
				-18,
				4.189,
				-13.543,
				4.2,
				-6,
				1,
				4.222,
				9.085,
				4.244,
				16,
				4.267,
				16,
				1,
				4.289,
				16,
				4.311,
				-8,
				4.333,
				-8,
				1,
				4.356,
				-8,
				4.378,
				-8.268,
				4.4,
				-6,
				1,
				4.422,
				-3.732,
				4.444,
				19,
				4.467,
				19,
				1,
				4.489,
				19,
				4.511,
				-19,
				4.533,
				-19,
				1,
				4.567,
				-19,
				4.6,
				12,
				4.633,
				12,
				1,
				4.667,
				12,
				4.7,
				-0.285,
				4.733,
				-10,
				1,
				4.767,
				-19.715,
				4.8,
				-21,
				4.833,
				-21,
				1,
				4.856,
				-21,
				4.878,
				7,
				4.9,
				7,
				1,
				4.922,
				7,
				4.944,
				-19,
				4.967,
				-19,
				1,
				4.989,
				-19,
				5.011,
				13.697,
				5.033,
				16,
				1,
				5.056,
				18.303,
				5.078,
				18,
				5.1,
				18,
				1,
				5.122,
				18,
				5.144,
				-14,
				5.167,
				-14,
				1,
				5.189,
				-14,
				5.211,
				-8,
				5.233,
				4,
				1,
				5.256,
				16,
				5.278,
				22,
				5.3,
				22,
				1,
				5.322,
				22,
				5.344,
				-18,
				5.367,
				-18,
				1,
				5.378,
				-18,
				5.389,
				-13.543,
				5.4,
				-6,
				1,
				5.422,
				9.085,
				5.444,
				16,
				5.467,
				16,
				1,
				5.489,
				16,
				5.511,
				-8,
				5.533,
				-8,
				1,
				5.556,
				-8,
				5.578,
				-6,
				5.6,
				-6,
				1,
				5.644,
				-6,
				5.689,
				-19,
				5.733,
				-19,
				1,
				5.767,
				-19,
				5.8,
				12,
				5.833,
				12,
				1,
				5.867,
				12,
				5.9,
				-10,
				5.933,
				-10,
				1,
				5.956,
				-10,
				5.978,
				12,
				6,
				12
			]
		},
		{
			"Target": "Parameter",
			"Id": "ParamPaiRX",
			"Segments": [
				0,
				0,
				1,
				0.011,
				0,
				0.022,
				0.155,
				0.033,
				0.183,
				1,
				0.522,
				1.415,
				1.011,
				2,
				1.5,
				2,
				1,
				2,
				2,
				2.5,
				1.333,
				3,
				0,
				1,
				3.5,
				-1.333,
				4,
				-2,
				4.5,
				-2,
				1,
				4.978,
				-2,
				5.456,
				-1.363,
				5.933,
				-0.063,
				1,
				5.944,
				-0.033,
				5.956,
				0,
				5.967,
				0,
				0,
				6,
				0
			]
		},
		{
			"Target": "Parameter",
			"Id": "ParamPaiRY",
			"Segments": [
				0,
				0,
				1,
				0.011,
				0,
				0.022,
				-0.161,
				0.033,
				-0.249,
				1,
				0.522,
				-4.123,
				1.011,
				-6,
				1.5,
				-6,
				1,
				2,
				-6,
				2.5,
				-3.636,
				3,
				0,
				1,
				3.5,
				3.636,
				4,
				5,
				4.5,
				5,
				1,
				4.978,
				5,
				5.456,
				3.481,
				5.933,
				0.308,
				1,
				5.944,
				0.234,
				5.956,
				0,
				5.967,
				0,
				0,
				6,
				0
			]
		},
		{
			"Target": "Parameter",
			"Id": "ParamPaiRX2",
			"Segments": [
				0,
				0,
				1,
				0.011,
				0,
				0.022,
				0.128,
				0.033,
				0.186,
				1,
				0.522,
				2.759,
				1.011,
				4,
				1.5,
				4,
				1,
				2,
				4,
				2.5,
				1.777,
				3,
				0,
				1,
				3.5,
				-1.777,
				4,
				-2,
				4.5,
				-2,
				1,
				4.978,
				-2,
				5.456,
				-1.363,
				5.933,
				-0.063,
				1,
				5.944,
				-0.033,
				5.956,
				0,
				5.967,
				0,
				0,
				6,
				0
			]
		},
		{
			"Target": "Parameter",
			"Id": "ParamPaiRY2",
			"Segments": [
				0,
				0,
				1,
				0.011,
				0,
				0.022,
				-0.094,
				0.033,
				-0.123,
				1,
				0.522,
				-1.393,
				1.011,
				-2,
				1.5,
				-2,
				1,
				2,
				-2,
				2.5,
				-1.903,
				3,
				0,
				1,
				3.5,
				1.903,
				4,
				5,
				4.5,
				5,
				1,
				4.978,
				5,
				5.456,
				3.384,
				5.933,
				0.128,
				1,
				5.944,
				0.052,
				5.956,
				0,
				5.967,
				0,
				0,
				6,
				0
			]
		},
		{
			"Target": "Parameter",
			"Id": "ParamBreat",
			"Segments": [
				0,
				0.5,
				1,
				0.011,
				0.5,
				0.022,
				0.535,
				0.033,
				0.542,
				1,
				0.522,
				0.853,
				1.011,
				1,
				1.5,
				1,
				1,
				2,
				1,
				2.5,
				0.833,
				3,
				0.5,
				1,
				3.5,
				0.167,
				4,
				0,
				4.5,
				0,
				1,
				4.989,
				0,
				5.478,
				0.148,
				5.967,
				0.46,
				1,
				5.978,
				0.467,
				5.989,
				0.5,
				6,
				0.5
			]
		},
		{
			"Target": "Parameter",
			"Id": "ParamAcs",
			"Segments": [
				0,
				0,
				1,
				0.011,
				0,
				0.022,
				-0.161,
				0.033,
				-0.249,
				1,
				0.522,
				-4.123,
				1.011,
				-6,
				1.5,
				-6,
				1,
				2,
				-6,
				2.5,
				-3.636,
				3,
				0,
				1,
				3.5,
				3.636,
				4,
				5,
				4.5,
				5,
				1,
				4.989,
				5,
				5.478,
				3.425,
				5.967,
				0.187,
				1,
				5.978,
				0.113,
				5.989,
				0,
				6,
				0
			]
		},
		{
			"Target": "Parameter",
			"Id": "ParamBeltX",
			"Segments": [
				0,
				0,
				1,
				0.011,
				0,
				0.022,
				-0.343,
				0.033,
				-0.429,
				1,
				0.522,
				-4.2,
				1.011,
				-6,
				1.5,
				-6,
				1,
				2,
				-6,
				2.5,
				-3.636,
				3,
				0,
				1,
				3.5,
				3.636,
				4,
				5,
				4.5,
				5,
				1,
				4.989,
				5,
				5.478,
				3.425,
				5.967,
				0.187,
				1,
				5.978,
				0.113,
				5.989,
				0,
				6,
				0
			]
		},
		{
			"Target": "Parameter",
			"Id": "ParamBeltY",
			"Segments": [
				0,
				0,
				1,
				0.011,
				0,
				0.022,
				-0.457,
				0.033,
				-0.616,
				1,
				0.522,
				-7.628,
				1.011,
				-11,
				1.5,
				-11,
				1,
				2,
				-11,
				2.5,
				-6.168,
				3,
				0,
				1,
				3.5,
				6.168,
				4,
				8,
				4.5,
				8,
				1,
				4.989,
				8,
				5.478,
				5.406,
				5.967,
				0.192,
				1,
				5.978,
				0.073,
				5.989,
				0,
				6,
				0
			]
		},
		{
			"Target": "Parameter",
			"Id": "ParamTailRibonX",
			"Segments": [
				0,
				0,
				1,
				0.011,
				0,
				0.022,
				-0.161,
				0.033,
				-0.249,
				1,
				0.522,
				-4.123,
				1.011,
				-6,
				1.5,
				-6,
				1,
				2,
				-6,
				2.5,
				-3.636,
				3,
				0,
				1,
				3.5,
				3.636,
				4,
				5,
				4.5,
				5,
				1,
				4.989,
				5,
				5.478,
				3.481,
				5.967,
				0.307,
				1,
				5.978,
				0.235,
				5.989,
				0,
				6,
				0
			]
		},
		{
			"Target": "Parameter",
			"Id": "ParamTailRibonY",
			"Segments": [
				0,
				0,
				1,
				0.011,
				0,
				0.022,
				-0.222,
				0.033,
				-0.309,
				1,
				0.522,
				-4.151,
				1.011,
				-6,
				1.5,
				-6,
				1,
				2,
				-6,
				2.5,
				-4.569,
				3,
				0,
				1,
				3.5,
				4.569,
				4,
				8,
				4.5,
				8,
				1,
				4.989,
				8,
				5.478,
				5.543,
				5.967,
				0.432,
				1,
				5.978,
				0.316,
				5.989,
				0,
				6,
				0
			]
		},
		{
			"Target": "Parameter",
			"Id": "ParamAian",
			"Segments": [
				0,
				0,
				1,
				0.011,
				0,
				0.022,
				-0.201,
				0.033,
				-0.378,
				1,
				0.522,
				-8.177,
				1.011,
				-12,
				1.5,
				-12,
				1,
				2,
				-12,
				2.5,
				-6.387,
				3,
				0,
				1,
				3.5,
				6.387,
				4,
				8,
				4.5,
				8,
				1,
				4.989,
				8,
				5.478,
				5.487,
				5.967,
				0.312,
				1,
				5.978,
				0.194,
				5.989,
				0,
				6,
				0
			]
		},
		{
			"Target": "Parameter",
			"Id": "Param_Angle_Rotation9",
			"Segments": [
				0,
				0,
				1,
				0.011,
				0,
				0.022,
				0.125,
				0.033,
				0.153,
				1,
				0.522,
				1.404,
				1.011,
				2,
				1.5,
				2,
				1,
				2,
				2,
				2.5,
				1.333,
				3,
				0,
				1,
				3.5,
				-1.333,
				4,
				-2,
				4.5,
				-2,
				1,
				4.989,
				-2,
				5.478,
				-1.38,
				5.967,
				-0.093,
				1,
				5.978,
				-0.064,
				5.989,
				0,
				6,
				0
			]
		},
		{
			"Target": "Parameter",
			"Id": "Param_Angle_Rotation10",
			"Segments": [
				0,
				-0.52,
				1,
				0.011,
				-0.52,
				0.022,
				-0.483,
				0.033,
				-0.459,
				1,
				0.178,
				-0.143,
				0.322,
				0.167,
				0.467,
				0.46,
				1,
				0.978,
				1.499,
				1.489,
				2,
				2,
				2,
				1,
				2.5,
				2,
				3,
				1.333,
				3.5,
				0,
				1,
				4,
				-1.333,
				4.5,
				-2,
				5,
				-2,
				1,
				5.333,
				-2,
				5.667,
				-1.385,
				6,
				-0.52
			]
		},
		{
			"Target": "Parameter",
			"Id": "Param_Angle_Rotation11",
			"Segments": [
				0,
				-1.48,
				1,
				0.011,
				-1.48,
				0.022,
				-1.413,
				0.033,
				-1.388,
				1,
				0.311,
				-0.765,
				0.589,
				-0.119,
				0.867,
				0.437,
				1,
				1.411,
				1.525,
				1.956,
				2,
				2.5,
				2,
				1,
				3,
				2,
				3.5,
				1.333,
				4,
				0,
				1,
				4.5,
				-1.333,
				5,
				-2,
				5.5,
				-2,
				1,
				5.667,
				-2,
				5.833,
				-1.912,
				6,
				-1.48
			]
		},
		{
			"Target": "Parameter",
			"Id": "Param_Angle_Rotation13",
			"Segments": [
				0,
				0,
				1,
				0.011,
				0,
				0.022,
				0.05,
				0.033,
				0.094,
				1,
				0.522,
				2.044,
				1.011,
				3,
				1.5,
				3,
				1,
				2,
				3,
				2.5,
				2,
				3,
				0,
				1,
				3.5,
				-2,
				4,
				-3,
				4.5,
				-3,
				1,
				4.989,
				-3,
				5.478,
				-2.089,
				5.967,
				-0.184,
				1,
				5.978,
				-0.141,
				5.989,
				0,
				6,
				0
			]
		},
		{
			"Target": "Parameter",
			"Id": "Param_Angle_Rotation14",
			"Segments": [
				0,
				-0.78,
				1,
				0.011,
				-0.78,
				0.022,
				-0.639,
				0.033,
				-0.598,
				1,
				0.156,
				-0.143,
				0.278,
				0.325,
				0.4,
				0.69,
				1,
				0.933,
				2.283,
				1.467,
				3,
				2,
				3,
				1,
				2.5,
				3,
				3,
				2,
				3.5,
				0,
				1,
				4,
				-2,
				4.5,
				-3,
				5,
				-3,
				1,
				5.333,
				-3,
				5.667,
				-2.077,
				6,
				-0.78
			]
		},
		{
			"Target": "Parameter",
			"Id": "Param_Angle_Rotation15",
			"Segments": [
				0,
				-2.22,
				1,
				0.011,
				-2.22,
				0.022,
				-2.103,
				0.033,
				-2.067,
				1,
				0.311,
				-1.167,
				0.589,
				-0.278,
				0.867,
				0.566,
				1,
				1.411,
				2.221,
				1.956,
				3,
				2.5,
				3,
				1,
				3,
				3,
				3.5,
				2,
				4,
				0,
				1,
				4.5,
				-2,
				5,
				-3,
				5.5,
				-3,
				1,
				5.667,
				-3,
				5.833,
				-2.868,
				6,
				-2.22
			]
		},
		{
			"Target": "Parameter",
			"Id": "Param_Angle_Rotation17",
			"Segments": [
				0,
				0,
				1,
				0.011,
				0,
				0.022,
				0.171,
				0.033,
				0.214,
				1,
				0.522,
				2.101,
				1.011,
				3,
				1.5,
				3,
				1,
				2,
				3,
				2.5,
				2,
				3,
				0,
				1,
				3.5,
				-2,
				4,
				-3,
				4.5,
				-3,
				1,
				4.989,
				-3,
				5.478,
				-2.112,
				5.967,
				-0.244,
				1,
				5.978,
				-0.202,
				5.989,
				0,
				6,
				0
			]
		},
		{
			"Target": "Parameter",
			"Id": "Param_Angle_Rotation18",
			"Segments": [
				0,
				-0.78,
				1,
				0.011,
				-0.78,
				0.022,
				-0.626,
				0.033,
				-0.569,
				1,
				0.144,
				0.003,
				0.256,
				0.634,
				0.367,
				1.053,
				1,
				0.911,
				3.108,
				1.456,
				4,
				2,
				4,
				1,
				2.5,
				4,
				3,
				2.285,
				3.5,
				0,
				1,
				4,
				-2.285,
				4.5,
				-3,
				5,
				-3,
				1,
				5.333,
				-3,
				5.667,
				-2.077,
				6,
				-0.78
			]
		},
		{
			"Target": "Parameter",
			"Id": "Param_Angle_Rotation19",
			"Segments": [
				0,
				-2.22,
				1,
				0.011,
				-2.22,
				0.022,
				-2.113,
				0.033,
				-2.068,
				1,
				0.3,
				-0.99,
				0.567,
				0.128,
				0.833,
				1.094,
				1,
				1.389,
				3.108,
				1.944,
				4,
				2.5,
				4,
				1,
				3,
				4,
				3.5,
				2.285,
				4,
				0,
				1,
				4.5,
				-2.285,
				5,
				-3,
				5.5,
				-3,
				1,
				5.667,
				-3,
				5.833,
				-2.868,
				6,
				-2.22
			]
		},
		{
			"Target": "Parameter",
			"Id": "Param_Angle_Rotation21",
			"Segments": [
				0,
				0,
				1,
				0.011,
				0,
				0.022,
				0.141,
				0.033,
				0.184,
				1,
				0.522,
				2.089,
				1.011,
				3,
				1.5,
				3,
				1,
				2,
				3,
				2.5,
				2,
				3,
				0,
				1,
				3.5,
				-2,
				4,
				-3,
				4.5,
				-3,
				1,
				4.989,
				-3,
				5.478,
				-2.076,
				5.967,
				-0.154,
				1,
				5.978,
				-0.11,
				5.989,
				0,
				6,
				0
			]
		},
		{
			"Target": "Parameter",
			"Id": "Param_Angle_Rotation22",
			"Segments": [
				0,
				-0.78,
				1,
				0.011,
				-0.78,
				0.022,
				-0.698,
				0.033,
				-0.658,
				1,
				0.156,
				-0.213,
				0.278,
				0.246,
				0.4,
				0.619,
				1,
				0.933,
				2.251,
				1.467,
				3,
				2,
				3,
				1,
				2.5,
				3,
				3,
				2,
				3.5,
				0,
				1,
				4,
				-2,
				4.5,
				-3,
				5,
				-3,
				1,
				5.333,
				-3,
				5.667,
				-2.077,
				6,
				-0.78
			]
		},
		{
			"Target": "Parameter",
			"Id": "Param_Angle_Rotation23",
			"Segments": [
				0,
				-2.22,
				1,
				0.011,
				-2.22,
				0.022,
				-2.107,
				0.033,
				-2.067,
				1,
				0.311,
				-1.065,
				0.589,
				0.073,
				0.867,
				0.867,
				1,
				1.411,
				2.425,
				1.956,
				3,
				2.5,
				3,
				1,
				3,
				3,
				3.5,
				2,
				4,
				0,
				1,
				4.5,
				-2,
				5,
				-3,
				5.5,
				-3,
				1,
				5.667,
				-3,
				5.833,
				-2.868,
				6,
				-2.22
			]
		},
		{
			"Target": "Parameter",
			"Id": "Param_Angle_Rotation25",
			"Segments": [
				0,
				-0.1,
				1,
				0.011,
				-0.1,
				0.022,
				-0.028,
				0.033,
				0,
				1,
				0.578,
				1.349,
				1.122,
				2,
				1.667,
				2,
				1,
				2.167,
				2,
				2.667,
				1.6,
				3.167,
				0,
				1,
				3.667,
				-1.6,
				4.167,
				-3,
				4.667,
				-3,
				1,
				5.1,
				-3,
				5.533,
				-2.136,
				5.967,
				-0.315,
				1,
				5.978,
				-0.268,
				5.989,
				-0.1,
				6,
				-0.1
			]
		},
		{
			"Target": "Parameter",
			"Id": "Param_Angle_Rotation26",
			"Segments": [
				0,
				-1.25,
				1,
				0.011,
				-1.25,
				0.022,
				-1.213,
				0.033,
				-1.186,
				1,
				0.233,
				-0.697,
				0.433,
				-0.212,
				0.633,
				0.251,
				1,
				1.144,
				1.433,
				1.656,
				2,
				2.167,
				2,
				1,
				2.667,
				2,
				3.167,
				1.6,
				3.667,
				0,
				1,
				4.167,
				-1.6,
				4.667,
				-3,
				5.167,
				-3,
				1,
				5.444,
				-3,
				5.722,
				-2.358,
				6,
				-1.25
			]
		},
		{
			"Target": "Parameter",
			"Id": "Param_Angle_Rotation27",
			"Segments": [
				0,
				-3.49,
				1,
				0.011,
				-3.49,
				0.022,
				-3.429,
				0.033,
				-3.395,
				1,
				0.411,
				-2.248,
				0.789,
				-1.057,
				1.167,
				0,
				1,
				1.667,
				1.399,
				2.167,
				2,
				2.667,
				2,
				1,
				3.167,
				2,
				3.667,
				1.777,
				4.167,
				0,
				1,
				4.667,
				-1.777,
				5.167,
				-4,
				5.667,
				-4,
				1,
				5.778,
				-4,
				5.889,
				-4.038,
				6,
				-3.49
			]
		},
		{
			"Target": "Parameter",
			"Id": "Param_Angle_Rotation28",
			"Segments": [
				0,
				-3.94,
				1,
				0.556,
				-3.94,
				1.111,
				-2.418,
				1.667,
				0,
				1,
				2.167,
				2.176,
				2.667,
				3,
				3.167,
				3,
				1,
				3.667,
				3,
				4.167,
				2.358,
				4.667,
				0,
				1,
				5.111,
				-2.096,
				5.556,
				-3.94,
				6,
				-3.94
			]
		},
		{
			"Target": "Parameter",
			"Id": "Param_Angle_Rotation30",
			"Segments": [
				0,
				0,
				1,
				0.011,
				0,
				0.022,
				-0.05,
				0.033,
				-0.094,
				1,
				0.522,
				-2.044,
				1.011,
				-3,
				1.5,
				-3,
				1,
				2,
				-3,
				2.5,
				-2.285,
				3,
				0,
				1,
				3.5,
				2.285,
				4,
				4,
				4.5,
				4,
				1,
				4.989,
				4,
				5.478,
				2.759,
				5.967,
				0.186,
				1,
				5.978,
				0.128,
				5.989,
				0,
				6,
				0
			]
		},
		{
			"Target": "Parameter",
			"Id": "Param_Angle_Rotation31",
			"Segments": [
				0,
				0.78,
				1,
				0.011,
				0.78,
				0.022,
				0.718,
				0.033,
				0.686,
				1,
				0.178,
				0.27,
				0.322,
				-0.217,
				0.467,
				-0.516,
				1,
				0.978,
				-1.576,
				1.489,
				-2,
				2,
				-2,
				1,
				2.5,
				-2,
				3,
				-1.6,
				3.5,
				0,
				1,
				4,
				1.6,
				4.5,
				3,
				5,
				3,
				1,
				5.333,
				3,
				5.667,
				2.077,
				6,
				0.78
			]
		},
		{
			"Target": "Parameter",
			"Id": "Param_Angle_Rotation32",
			"Segments": [
				0,
				2.22,
				1,
				0.011,
				2.22,
				0.022,
				2.158,
				0.033,
				2.126,
				1,
				0.333,
				1.274,
				0.633,
				0.3,
				0.933,
				-0.383,
				1,
				1.456,
				-1.574,
				1.978,
				-2,
				2.5,
				-2,
				1,
				3,
				-2,
				3.5,
				-1.6,
				4,
				0,
				1,
				4.5,
				1.6,
				5,
				3,
				5.5,
				3,
				1,
				5.667,
				3,
				5.833,
				2.868,
				6,
				2.22
			]
		},
		{
			"Target": "Parameter",
			"Id": "Param_Angle_Rotation34",
			"Segments": [
				0,
				0,
				1,
				0.011,
				0,
				0.022,
				-0.08,
				0.033,
				-0.124,
				1,
				0.522,
				-2.062,
				1.011,
				-3,
				1.5,
				-3,
				1,
				2,
				-3,
				2.5,
				-2.285,
				3,
				0,
				1,
				3.5,
				2.285,
				4,
				4,
				4.5,
				4,
				1,
				4.989,
				4,
				5.478,
				2.785,
				5.967,
				0.246,
				1,
				5.978,
				0.188,
				5.989,
				0,
				6,
				0
			]
		},
		{
			"Target": "Parameter",
			"Id": "Param_Angle_Rotation35",
			"Segments": [
				0,
				0.78,
				1,
				0.011,
				0.78,
				0.022,
				0.726,
				0.033,
				0.688,
				1,
				0.189,
				0.156,
				0.344,
				-0.409,
				0.5,
				-0.867,
				1,
				1,
				-2.34,
				1.5,
				-3,
				2,
				-3,
				1,
				2.5,
				-3,
				3,
				-2,
				3.5,
				0,
				1,
				4,
				2,
				4.5,
				3,
				5,
				3,
				1,
				5.333,
				3,
				5.667,
				2.077,
				6,
				0.78
			]
		},
		{
			"Target": "Parameter",
			"Id": "Param_Angle_Rotation36",
			"Segments": [
				0,
				2.22,
				1,
				0.011,
				2.22,
				0.022,
				2.126,
				0.033,
				2.096,
				1,
				0.356,
				1.216,
				0.678,
				0.232,
				1,
				-0.487,
				1,
				1.5,
				-1.603,
				2,
				-2,
				2.5,
				-2,
				1,
				3,
				-2,
				3.5,
				-1.6,
				4,
				0,
				1,
				4.5,
				1.6,
				5,
				3,
				5.5,
				3,
				1,
				5.667,
				3,
				5.833,
				2.868,
				6,
				2.22
			]
		},
		{
			"Target": "Parameter",
			"Id": "Param_Angle_Rotation38",
			"Segments": [
				0,
				0.07,
				1,
				0.011,
				0.07,
				0.022,
				0.027,
				0.033,
				0,
				1,
				0.578,
				-1.345,
				1.122,
				-2,
				1.667,
				-2,
				1,
				2.167,
				-2,
				2.667,
				-1.333,
				3.167,
				0,
				1,
				3.667,
				1.333,
				4.167,
				2,
				4.667,
				2,
				1,
				5.111,
				2,
				5.556,
				1.081,
				6,
				0.07
			]
		},
		{
			"Target": "Parameter",
			"Id": "Param_Angle_Rotation39",
			"Segments": [
				0,
				0.83,
				1,
				0.011,
				0.83,
				0.022,
				0.768,
				0.033,
				0.738,
				1,
				0.2,
				0.288,
				0.367,
				-0.25,
				0.533,
				-0.566,
				1,
				1.078,
				-1.601,
				1.622,
				-2,
				2.167,
				-2,
				1,
				2.667,
				-2,
				3.167,
				-1.333,
				3.667,
				0,
				1,
				4.167,
				1.333,
				4.667,
				2,
				5.167,
				2,
				1,
				5.444,
				2,
				5.722,
				1.568,
				6,
				0.83
			]
		},
		{
			"Target": "Parameter",
			"Id": "Param_Angle_Rotation40",
			"Segments": [
				0,
				1.75,
				1,
				0.389,
				1.75,
				0.778,
				1.09,
				1.167,
				0,
				1,
				1.667,
				-1.401,
				2.167,
				-2,
				2.667,
				-2,
				1,
				3.167,
				-2,
				3.667,
				-1.094,
				4.167,
				0,
				1,
				4.778,
				1.338,
				5.389,
				1.75,
				6,
				1.75
			]
		},
		{
			"Target": "Parameter",
			"Id": "Param_Angle_Rotation41",
			"Segments": [
				0,
				2.95,
				1,
				0.556,
				2.95,
				1.111,
				1.702,
				1.667,
				0,
				1,
				2.167,
				-1.532,
				2.667,
				-2,
				3.167,
				-2,
				1,
				3.667,
				-2,
				4.167,
				-1.64,
				4.667,
				0,
				1,
				5.111,
				1.457,
				5.556,
				2.95,
				6,
				2.95
			]
		},
		{
			"Target": "Parameter",
			"Id": "Param_Angle_Rotation42",
			"Segments": [
				0,
				2.28,
				1,
				0.011,
				2.28,
				0.022,
				2.352,
				0.033,
				2.375,
				1,
				0.244,
				2.806,
				0.456,
				3,
				0.667,
				3,
				1,
				1.167,
				3,
				1.667,
				1.6,
				2.167,
				0,
				1,
				2.667,
				-1.6,
				3.167,
				-2,
				3.667,
				-2,
				1,
				4.167,
				-2,
				4.667,
				-1.346,
				5.167,
				0,
				1,
				5.444,
				0.748,
				5.722,
				1.601,
				6,
				2.28
			]
		},
		{
			"Target": "Parameter",
			"Id": "Param_Angle_Rotation60",
			"Segments": [
				0,
				0,
				1,
				0.011,
				0,
				0.022,
				0.11,
				0.033,
				0.154,
				1,
				0.522,
				2.076,
				1.011,
				3,
				1.5,
				3,
				1,
				2,
				3,
				2.5,
				2,
				3,
				0,
				1,
				3.5,
				-2,
				4,
				-3,
				4.5,
				-3,
				1,
				4.989,
				-3,
				5.478,
				-2.076,
				5.967,
				-0.154,
				1,
				5.978,
				-0.11,
				5.989,
				0,
				6,
				0
			]
		},
		{
			"Target": "Parameter",
			"Id": "Param_Angle_Rotation61",
			"Segments": [
				0,
				-1.04,
				1,
				0.011,
				-1.04,
				0.022,
				-0.891,
				0.033,
				-0.855,
				1,
				0.267,
				-0.098,
				0.5,
				0.693,
				0.733,
				1.342,
				1,
				1.156,
				2.517,
				1.578,
				3,
				2,
				3,
				1,
				2.5,
				3,
				3,
				2.285,
				3.5,
				0,
				1,
				4,
				-2.285,
				4.5,
				-4,
				5,
				-4,
				1,
				5.333,
				-4,
				5.667,
				-2.769,
				6,
				-1.04
			]
		},
		{
			"Target": "Parameter",
			"Id": "Param_Angle_Rotation62",
			"Segments": [
				0,
				-1.48,
				1,
				0.011,
				-1.48,
				0.022,
				-1.411,
				0.033,
				-1.388,
				1,
				0.333,
				-0.77,
				0.633,
				-0.179,
				0.933,
				0.425,
				1,
				1.456,
				1.476,
				1.978,
				2,
				2.5,
				2,
				1,
				3,
				2,
				3.5,
				1.333,
				4,
				0,
				1,
				4.5,
				-1.333,
				5,
				-2,
				5.5,
				-2,
				1,
				5.667,
				-2,
				5.833,
				-1.912,
				6,
				-1.48
			]
		},
		{
			"Target": "Parameter",
			"Id": "Param_Angle_Rotation63",
			"Segments": [
				0,
				-3,
				1,
				0.5,
				-3,
				1,
				-1.6,
				1.5,
				0,
				1,
				2,
				1.6,
				2.5,
				2,
				3,
				2,
				1,
				3.5,
				2,
				4,
				1.6,
				4.5,
				0,
				1,
				5,
				-1.6,
				5.5,
				-3,
				6,
				-3
			]
		},
		{
			"Target": "Parameter",
			"Id": "Param_Angle_Rotation64",
			"Segments": [
				0,
				0,
				1,
				0.011,
				0,
				0.022,
				0.141,
				0.033,
				0.184,
				1,
				0.522,
				2.089,
				1.011,
				3,
				1.5,
				3,
				1,
				2,
				3,
				2.5,
				2,
				3,
				0,
				1,
				3.5,
				-2,
				4,
				-3,
				4.5,
				-3,
				1,
				4.989,
				-3,
				5.478,
				-2.089,
				5.967,
				-0.184,
				1,
				5.978,
				-0.141,
				5.989,
				0,
				6,
				0
			]
		},
		{
			"Target": "Parameter",
			"Id": "Param_Angle_Rotation65",
			"Segments": [
				0,
				-0.78,
				1,
				0.011,
				-0.78,
				0.022,
				-0.643,
				0.033,
				-0.602,
				1,
				0.689,
				1.826,
				1.344,
				3,
				2,
				3,
				1,
				2.5,
				3,
				3,
				2,
				3.5,
				0,
				1,
				4,
				-2,
				4.5,
				-3,
				5,
				-3,
				1,
				5.333,
				-3,
				5.667,
				-2.077,
				6,
				-0.78
			]
		},
		{
			"Target": "Parameter",
			"Id": "Param_Angle_Rotation66",
			"Segments": [
				0,
				-2.22,
				1,
				0.011,
				-2.22,
				0.022,
				-2.131,
				0.033,
				-2.097,
				1,
				0.333,
				-1.172,
				0.633,
				-0.29,
				0.933,
				0.619,
				1,
				1.456,
				2.203,
				1.978,
				3,
				2.5,
				3,
				1,
				3,
				3,
				3.5,
				2,
				4,
				0,
				1,
				4.5,
				-2,
				5,
				-3,
				5.5,
				-3,
				1,
				5.667,
				-3,
				5.833,
				-2.868,
				6,
				-2.22
			]
		},
		{
			"Target": "Parameter",
			"Id": "Param_Angle_Rotation68",
			"Segments": [
				0,
				0,
				1,
				0.011,
				0,
				0.022,
				0.128,
				0.033,
				0.186,
				1,
				0.522,
				2.759,
				1.011,
				4,
				1.5,
				4,
				1,
				2,
				4,
				2.5,
				1.777,
				3,
				0,
				1,
				3.5,
				-1.777,
				4,
				-2,
				4.5,
				-2,
				1,
				4.989,
				-2,
				5.478,
				-1.393,
				5.967,
				-0.123,
				1,
				5.978,
				-0.094,
				5.989,
				0,
				6,
				0
			]
		},
		{
			"Target": "Parameter",
			"Id": "Param_Angle_Rotation69",
			"Segments": [
				0,
				-0.78,
				1,
				0.011,
				-0.78,
				0.022,
				-0.681,
				0.033,
				-0.629,
				1,
				0.144,
				-0.106,
				0.256,
				0.43,
				0.367,
				0.867,
				1,
				0.911,
				3.008,
				1.456,
				4,
				2,
				4,
				1,
				2.5,
				4,
				3,
				2.285,
				3.5,
				0,
				1,
				4,
				-2.285,
				4.5,
				-3,
				5,
				-3,
				1,
				5.333,
				-3,
				5.667,
				-2.077,
				6,
				-0.78
			]
		},
		{
			"Target": "Parameter",
			"Id": "Param_Angle_Rotation70",
			"Segments": [
				0,
				-2.22,
				1,
				0.011,
				-2.22,
				0.022,
				-2.133,
				0.033,
				-2.097,
				1,
				0.311,
				-1.201,
				0.589,
				-0.321,
				0.867,
				0.531,
				1,
				1.411,
				2.2,
				1.956,
				3,
				2.5,
				3,
				1,
				3,
				3,
				3.5,
				2,
				4,
				0,
				1,
				4.5,
				-2,
				5,
				-3,
				5.5,
				-3,
				1,
				5.667,
				-3,
				5.833,
				-2.868,
				6,
				-2.22
			]
		},
		{
			"Target": "Parameter",
			"Id": "Param_Angle_Rotation71",
			"Segments": [
				0,
				-3,
				1,
				0.5,
				-3,
				1,
				-2,
				1.5,
				0,
				1,
				2,
				2,
				2.5,
				3,
				3,
				3,
				1,
				3.5,
				3,
				4,
				2,
				4.5,
				0,
				1,
				5,
				-2,
				5.5,
				-3,
				6,
				-3
			]
		},
		{
			"Target": "Parameter",
			"Id": "Param_Angle_Rotation72",
			"Segments": [
				0,
				-3.47,
				1,
				0.011,
				-3.47,
				0.022,
				-3.545,
				0.033,
				-3.567,
				1,
				0.189,
				-3.869,
				0.344,
				-4,
				0.5,
				-4,
				1,
				1,
				-4,
				1.5,
				-2.285,
				2,
				0,
				1,
				2.5,
				2.285,
				3,
				3,
				3.5,
				3,
				1,
				4,
				3,
				4.5,
				1.885,
				5,
				0,
				1,
				5.333,
				-1.257,
				5.667,
				-2.516,
				6,
				-3.47
			]
		},
		{
			"Target": "Parameter",
			"Id": "Param_Angle_Rotation73",
			"Segments": [
				0,
				-1.23,
				1,
				0.011,
				-1.23,
				0.022,
				-1.275,
				0.033,
				-1.292,
				1,
				0.356,
				-1.774,
				0.678,
				-2,
				1,
				-2,
				1,
				1.5,
				-2,
				2,
				-1.6,
				2.5,
				0,
				1,
				3,
				1.6,
				3.5,
				3,
				4,
				3,
				1,
				4.5,
				3,
				5,
				1.729,
				5.5,
				0,
				1,
				5.667,
				-0.576,
				5.833,
				-0.937,
				6,
				-1.23
			]
		},
		{
			"Target": "Parameter",
			"Id": "Param_Angle_Rotation74",
			"Segments": [
				0,
				0,
				1,
				0.011,
				0,
				0.022,
				-0.08,
				0.033,
				-0.124,
				1,
				0.522,
				-2.062,
				1.011,
				-3,
				1.5,
				-3,
				1,
				2,
				-3,
				2.5,
				-2,
				3,
				0,
				1,
				3.5,
				2,
				4,
				3,
				4.5,
				3,
				1,
				5,
				3,
				5.5,
				2,
				6,
				0
			]
		},
		{
			"Target": "Parameter",
			"Id": "Param_Angle_Rotation76",
			"Segments": [
				0,
				0,
				1,
				0.011,
				0,
				0.022,
				-0.064,
				0.033,
				-0.093,
				1,
				0.522,
				-1.38,
				1.011,
				-2,
				1.5,
				-2,
				1,
				2,
				-2,
				2.5,
				-1.6,
				3,
				0,
				1,
				3.5,
				1.6,
				4,
				3,
				4.5,
				3,
				1,
				4.989,
				3,
				5.478,
				2.062,
				5.967,
				0.124,
				1,
				5.978,
				0.08,
				5.989,
				0,
				6,
				0
			]
		},
		{
			"Target": "Parameter",
			"Id": "Param_Angle_Rotation77",
			"Segments": [
				0,
				0.78,
				1,
				0.011,
				0.78,
				0.022,
				0.621,
				0.033,
				0.569,
				1,
				0.689,
				-2.509,
				1.344,
				-4,
				2,
				-4,
				1,
				2.5,
				-4,
				3,
				-2.285,
				3.5,
				0,
				1,
				4,
				2.285,
				4.5,
				3,
				5,
				3,
				1,
				5.333,
				3,
				5.667,
				2.077,
				6,
				0.78
			]
		},
		{
			"Target": "Parameter",
			"Id": "Param_Angle_Rotation78",
			"Segments": [
				0,
				2.22,
				1,
				0.011,
				2.22,
				0.022,
				2.138,
				0.033,
				2.097,
				1,
				0.333,
				0.977,
				0.633,
				-0.407,
				0.933,
				-1.204,
				1,
				1.456,
				-2.591,
				1.978,
				-3,
				2.5,
				-3,
				1,
				3,
				-3,
				3.5,
				-2,
				4,
				0,
				1,
				4.5,
				2,
				5,
				3,
				5.5,
				3,
				1,
				5.667,
				3,
				5.833,
				2.868,
				6,
				2.22
			]
		},
		{
			"Target": "Parameter",
			"Id": "Param_Angle_Rotation79",
			"Segments": [
				0,
				3,
				1,
				0.5,
				3,
				1,
				2,
				1.5,
				0,
				1,
				2,
				-2,
				2.5,
				-3,
				3,
				-3,
				1,
				3.5,
				-3,
				4,
				-2,
				4.5,
				0,
				1,
				5,
				2,
				5.5,
				3,
				6,
				3
			]
		},
		{
			"Target": "Parameter",
			"Id": "Param_Angle_Rotation80",
			"Segments": [
				0,
				0,
				1,
				0.011,
				0,
				0.022,
				-0.05,
				0.033,
				-0.094,
				1,
				0.522,
				-2.044,
				1.011,
				-3,
				1.5,
				-3,
				1,
				2,
				-3,
				2.5,
				-2,
				3,
				0,
				1,
				3.5,
				2,
				4,
				3,
				4.5,
				3,
				1,
				4.989,
				3,
				5.478,
				2.044,
				5.967,
				0.094,
				1,
				5.978,
				0.05,
				5.989,
				0,
				6,
				0
			]
		},
		{
			"Target": "Parameter",
			"Id": "Param_Angle_Rotation81",
			"Segments": [
				0,
				0.78,
				1,
				0.011,
				0.78,
				0.022,
				0.641,
				0.033,
				0.598,
				1,
				0.156,
				0.125,
				0.278,
				-0.383,
				0.4,
				-0.743,
				1,
				0.933,
				-2.315,
				1.467,
				-3,
				2,
				-3,
				1,
				2.5,
				-3,
				3,
				-2,
				3.5,
				0,
				1,
				4,
				2,
				4.5,
				3,
				5,
				3,
				1,
				5.333,
				3,
				5.667,
				2.077,
				6,
				0.78
			]
		},
		{
			"Target": "Parameter",
			"Id": "Param_Angle_Rotation82",
			"Segments": [
				0,
				2.22,
				1,
				0.011,
				2.22,
				0.022,
				2.139,
				0.033,
				2.097,
				1,
				0.311,
				1.036,
				0.589,
				-0.264,
				0.867,
				-1.027,
				1,
				1.411,
				-2.521,
				1.956,
				-3,
				2.5,
				-3,
				1,
				3,
				-3,
				3.5,
				-2,
				4,
				0,
				1,
				4.5,
				2,
				5,
				3,
				5.5,
				3,
				1,
				5.667,
				3,
				5.833,
				2.868,
				6,
				2.22
			]
		},
		{
			"Target": "Parameter",
			"Id": "Param_Angle_Rotation86",
			"Segments": [
				0,
				-0.33,
				1,
				0.011,
				-0.33,
				0.022,
				-0.065,
				0.033,
				0,
				1,
				0.611,
				3.377,
				1.189,
				5,
				1.767,
				5,
				1,
				2.267,
				5,
				2.767,
				2.963,
				3.267,
				0,
				1,
				3.767,
				-2.963,
				4.267,
				-4,
				4.767,
				-4,
				1,
				5.178,
				-4,
				5.589,
				-2.286,
				6,
				-0.33
			]
		},
		{
			"Target": "Parameter",
			"Id": "Param_Angle_Rotation87",
			"Segments": [
				0,
				-1.55,
				1,
				0.011,
				-1.55,
				0.022,
				-1.5,
				0.033,
				-1.458,
				1,
				0.244,
				-0.663,
				0.456,
				0.078,
				0.667,
				0.888,
				1,
				1.2,
				2.933,
				1.733,
				4,
				2.267,
				4,
				1,
				2.767,
				4,
				3.267,
				2.285,
				3.767,
				0,
				1,
				4.267,
				-2.285,
				4.767,
				-3,
				5.267,
				-3,
				1,
				5.511,
				-3,
				5.756,
				-2.528,
				6,
				-1.55
			]
		},
		{
			"Target": "Parameter",
			"Id": "Param_Angle_Rotation88",
			"Segments": [
				0,
				-3.74,
				1,
				0.422,
				-3.74,
				0.844,
				-2.356,
				1.267,
				0,
				1,
				1.767,
				2.79,
				2.267,
				4,
				2.767,
				4,
				1,
				3.267,
				4,
				3.767,
				2.367,
				4.267,
				0,
				1,
				4.844,
				-2.735,
				5.422,
				-3.74,
				6,
				-3.74
			]
		},
		{
			"Target": "Parameter",
			"Id": "Param_Angle_Rotation89",
			"Segments": [
				0,
				-2.93,
				1,
				0.589,
				-2.93,
				1.178,
				-2.363,
				1.767,
				0,
				1,
				2.267,
				2.006,
				2.767,
				4,
				3.267,
				4,
				1,
				3.767,
				4,
				4.267,
				2.527,
				4.767,
				0,
				1,
				5.178,
				-2.078,
				5.589,
				-2.93,
				6,
				-2.93
			]
		},
		{
			"Target": "Parameter",
			"Id": "Param_Angle_Rotation90",
			"Segments": [
				0,
				0.25,
				1,
				0.011,
				0.25,
				0.022,
				0.091,
				0.033,
				0,
				1,
				0.611,
				-4.707,
				1.189,
				-7,
				1.767,
				-7,
				1,
				2.267,
				-7,
				2.767,
				-2.794,
				3.267,
				0,
				1,
				3.767,
				2.794,
				4.267,
				3,
				4.767,
				3,
				1,
				5.178,
				3,
				5.589,
				2.349,
				6,
				0.25
			]
		},
		{
			"Target": "Parameter",
			"Id": "Param_Angle_Rotation91",
			"Segments": [
				0,
				2.07,
				1,
				0.011,
				2.07,
				0.022,
				1.951,
				0.033,
				1.888,
				1,
				0.256,
				0.63,
				0.478,
				-0.597,
				0.7,
				-1.799,
				1,
				1.222,
				-4.626,
				1.744,
				-6,
				2.267,
				-6,
				1,
				2.767,
				-6,
				3.267,
				-3.198,
				3.767,
				0,
				1,
				4.267,
				3.198,
				4.767,
				4,
				5.267,
				4,
				1,
				5.511,
				4,
				5.756,
				3.373,
				6,
				2.07
			]
		},
		{
			"Target": "Parameter",
			"Id": "Param_Angle_Rotation92",
			"Segments": [
				0,
				3.74,
				1,
				0.422,
				3.74,
				0.844,
				2.905,
				1.267,
				0,
				1,
				1.767,
				-3.44,
				2.267,
				-6,
				2.767,
				-6,
				1,
				3.267,
				-6,
				3.767,
				-2.741,
				4.267,
				0,
				1,
				4.844,
				3.168,
				5.422,
				3.74,
				6,
				3.74
			]
		},
		{
			"Target": "Parameter",
			"Id": "Param_Angle_Rotation93",
			"Segments": [
				0,
				3.91,
				1,
				0.589,
				3.91,
				1.178,
				3.276,
				1.767,
				0,
				1,
				2.267,
				-2.782,
				2.767,
				-6,
				3.267,
				-6,
				1,
				3.767,
				-6,
				4.267,
				-3.577,
				4.767,
				0,
				1,
				5.178,
				2.941,
				5.589,
				3.91,
				6,
				3.91
			]
		},
		{
			"Target": "Parameter",
			"Id": "Param_Angle_Rotation95",
			"Segments": [
				0,
				-0.25,
				1,
				0.011,
				-0.25,
				0.022,
				-0.05,
				0.033,
				0,
				1,
				0.633,
				2.701,
				1.233,
				4,
				1.833,
				4,
				1,
				2.333,
				4,
				2.833,
				1.777,
				3.333,
				0,
				1,
				3.833,
				-1.777,
				4.333,
				-2,
				4.833,
				-2,
				1,
				5.222,
				-2,
				5.611,
				-1.653,
				6,
				-0.25
			]
		},
		{
			"Target": "Parameter",
			"Id": "Param_Angle_Rotation96",
			"Segments": [
				0,
				-2.33,
				1,
				0.011,
				-2.33,
				0.022,
				-2.214,
				0.033,
				-2.148,
				1,
				0.267,
				-0.764,
				0.5,
				0.681,
				0.733,
				1.917,
				1,
				1.267,
				4.743,
				1.8,
				6,
				2.333,
				6,
				1,
				2.833,
				6,
				3.333,
				3.198,
				3.833,
				0,
				1,
				4.333,
				-3.198,
				4.833,
				-4,
				5.333,
				-4,
				1,
				5.556,
				-4,
				5.778,
				-3.512,
				6,
				-2.33
			]
		},
		{
			"Target": "Parameter",
			"Id": "Param_Angle_Rotation97",
			"Segments": [
				0,
				-2.9,
				1,
				0.444,
				-2.9,
				0.889,
				-2.546,
				1.333,
				0,
				1,
				1.833,
				2.865,
				2.333,
				6,
				2.833,
				6,
				1,
				3.333,
				6,
				3.833,
				2.372,
				4.333,
				0,
				1,
				4.889,
				-2.636,
				5.444,
				-2.9,
				6,
				-2.9
			]
		},
		{
			"Target": "Parameter",
			"Id": "Param_Angle_Rotation98",
			"Segments": [
				0,
				-2.94,
				1,
				0.611,
				-2.94,
				1.222,
				-2.775,
				1.833,
				0,
				1,
				2.333,
				2.271,
				2.833,
				7,
				3.333,
				7,
				1,
				3.833,
				7,
				4.333,
				3.394,
				4.833,
				0,
				1,
				5.222,
				-2.64,
				5.611,
				-2.94,
				6,
				-2.94
			]
		},
		{
			"Target": "Parameter",
			"Id": "Param_Angle_Rotation99",
			"Segments": [
				0,
				-2.4,
				1,
				0.011,
				-2.4,
				0.022,
				-2.448,
				0.033,
				-2.463,
				1,
				0.3,
				-2.83,
				0.567,
				-3,
				0.833,
				-3,
				1,
				1.333,
				-3,
				1.833,
				-2.794,
				2.333,
				0,
				1,
				2.833,
				2.794,
				3.333,
				7,
				3.833,
				7,
				1,
				4.333,
				7,
				4.833,
				3.123,
				5.333,
				0,
				1,
				5.556,
				-1.388,
				5.778,
				-1.964,
				6,
				-2.4
			]
		},
		{
			"Target": "Parameter",
			"Id": "Param_Angle_Rotation101",
			"Segments": [
				0,
				-0.25,
				1,
				0.111,
				-0.25,
				0.222,
				-0.404,
				0.333,
				0,
				1,
				0.833,
				1.818,
				1.333,
				4,
				1.833,
				4,
				1,
				2.333,
				4,
				2.833,
				1.777,
				3.333,
				0,
				1,
				3.833,
				-1.777,
				4.333,
				-2,
				4.833,
				-2,
				1,
				5.222,
				-2,
				5.611,
				-1.204,
				6,
				-0.25
			]
		},
		{
			"Target": "Parameter",
			"Id": "Param_Angle_Rotation102",
			"Segments": [
				0,
				-2.33,
				1,
				0.011,
				-2.33,
				0.022,
				-2.189,
				0.033,
				-2.119,
				1,
				0.278,
				-0.589,
				0.522,
				0.908,
				0.767,
				2.369,
				1,
				1.289,
				5.49,
				1.811,
				7,
				2.333,
				7,
				1,
				2.833,
				7,
				3.333,
				3.39,
				3.833,
				0,
				1,
				4.333,
				-3.39,
				4.833,
				-4,
				5.333,
				-4,
				1,
				5.556,
				-4,
				5.778,
				-3.512,
				6,
				-2.33
			]
		},
		{
			"Target": "Parameter",
			"Id": "Param_Angle_Rotation103",
			"Segments": [
				0,
				-3.86,
				1,
				0.444,
				-3.86,
				0.889,
				-3.013,
				1.333,
				0,
				1,
				1.833,
				3.39,
				2.333,
				6,
				2.833,
				6,
				1,
				3.333,
				6,
				3.833,
				2.89,
				4.333,
				0,
				1,
				4.889,
				-3.211,
				5.444,
				-3.86,
				6,
				-3.86
			]
		},
		{
			"Target": "Parameter",
			"Id": "Param_Angle_Rotation104",
			"Segments": [
				0,
				-3.89,
				1,
				0.611,
				-3.89,
				1.222,
				-3.431,
				1.833,
				0,
				1,
				2.333,
				2.807,
				2.833,
				7,
				3.333,
				7,
				1,
				3.833,
				7,
				4.333,
				3.97,
				4.833,
				0,
				1,
				5.222,
				-3.088,
				5.611,
				-3.89,
				6,
				-3.89
			]
		},
		{
			"Target": "Parameter",
			"Id": "Param_Angle_Rotation105",
			"Segments": [
				0,
				-3.06,
				1,
				0.011,
				-3.06,
				0.022,
				-3.13,
				0.033,
				-3.154,
				1,
				0.3,
				-3.732,
				0.567,
				-4,
				0.833,
				-4,
				1,
				1.333,
				-4,
				1.833,
				-3.39,
				2.333,
				0,
				1,
				2.833,
				3.39,
				3.333,
				7,
				3.833,
				7,
				1,
				4.333,
				7,
				4.833,
				3.534,
				5.333,
				0,
				1,
				5.556,
				-1.571,
				5.778,
				-2.413,
				6,
				-3.06
			]
		},
		{
			"Target": "Parameter",
			"Id": "Param_Angle_Rotation107",
			"Segments": [
				0,
				-0.25,
				1,
				0.011,
				-0.25,
				0.022,
				-0.141,
				0.033,
				-0.09,
				1,
				0.633,
				2.663,
				1.233,
				4,
				1.833,
				4,
				1,
				2.333,
				4,
				2.833,
				1.777,
				3.333,
				0,
				1,
				3.833,
				-1.777,
				4.333,
				-2,
				4.833,
				-2,
				1,
				5.222,
				-2,
				5.611,
				-1.667,
				6,
				-0.25
			]
		},
		{
			"Target": "Parameter",
			"Id": "Param_Angle_Rotation108",
			"Segments": [
				0,
				-2.92,
				1,
				0.011,
				-2.92,
				0.022,
				-2.776,
				0.033,
				-2.706,
				1,
				0.267,
				-1.229,
				0.5,
				0.299,
				0.733,
				1.622,
				1,
				1.267,
				4.647,
				1.8,
				6,
				2.333,
				6,
				1,
				2.833,
				6,
				3.333,
				3.636,
				3.833,
				0,
				1,
				4.333,
				-3.636,
				4.833,
				-5,
				5.333,
				-5,
				1,
				5.556,
				-5,
				5.778,
				-4.396,
				6,
				-2.92
			]
		},
		{
			"Target": "Parameter",
			"Id": "Param_Angle_Rotation109",
			"Segments": [
				0,
				-4.83,
				1,
				0.444,
				-4.83,
				0.889,
				-3.389,
				1.333,
				0,
				1,
				1.833,
				3.813,
				2.333,
				6,
				2.833,
				6,
				1,
				3.333,
				6,
				3.833,
				3.332,
				4.333,
				0,
				1,
				4.889,
				-3.702,
				5.444,
				-4.83,
				6,
				-4.83
			]
		},
		{
			"Target": "Parameter",
			"Id": "Param_Angle_Rotation110",
			"Segments": [
				0,
				-4.79,
				1,
				0.611,
				-4.79,
				1.222,
				-3.782,
				1.833,
				0,
				1,
				2.333,
				3.094,
				2.833,
				6,
				3.333,
				6,
				1,
				3.833,
				6,
				4.333,
				4.046,
				4.833,
				0,
				1,
				5.222,
				-3.147,
				5.611,
				-4.79,
				6,
				-4.79
			]
		},
		{
			"Target": "Parameter",
			"Id": "Param_Angle_Rotation111",
			"Segments": [
				0,
				-3.68,
				1,
				0.011,
				-3.68,
				0.022,
				-3.741,
				0.033,
				-3.776,
				1,
				0.3,
				-4.608,
				0.567,
				-5,
				0.833,
				-5,
				1,
				1.333,
				-5,
				1.833,
				-3.887,
				2.333,
				0,
				1,
				2.833,
				3.887,
				3.333,
				7,
				3.833,
				7,
				1,
				4.333,
				7,
				4.833,
				3.844,
				5.333,
				0,
				1,
				5.556,
				-1.708,
				5.778,
				-2.812,
				6,
				-3.68
			]
		},
		{
			"Target": "Parameter",
			"Id": "Param_Angle_Rotation112",
			"Segments": [
				0,
				-1.13,
				1,
				0.011,
				-1.13,
				0.022,
				-1.345,
				0.033,
				-1.407,
				1,
				0.467,
				-3.842,
				0.9,
				-5,
				1.333,
				-5,
				1,
				1.833,
				-5,
				2.333,
				-3.636,
				2.833,
				0,
				1,
				3.333,
				3.636,
				3.833,
				6,
				4.333,
				6,
				1,
				4.833,
				6,
				5.333,
				3.929,
				5.833,
				0,
				1,
				5.889,
				-0.437,
				5.944,
				-0.802,
				6,
				-1.13
			]
		},
		{
			"Target": "Parameter",
			"Id": "Param_Angle_Rotation114",
			"Segments": [
				0,
				-0.25,
				1,
				0.011,
				-0.25,
				0.022,
				-0.078,
				0.033,
				-0.04,
				1,
				0.633,
				2.014,
				1.233,
				3,
				1.833,
				3,
				1,
				2.333,
				3,
				2.833,
				1.6,
				3.333,
				0,
				1,
				3.833,
				-1.6,
				4.333,
				-2,
				4.833,
				-2,
				1,
				5.211,
				-2,
				5.589,
				-1.395,
				5.967,
				-0.125,
				1,
				5.978,
				-0.088,
				5.989,
				0,
				6,
				0
			]
		},
		{
			"Target": "Parameter",
			"Id": "Param_Angle_Rotation115",
			"Segments": [
				0,
				-2.33,
				1,
				0.011,
				-2.33,
				0.022,
				-2.267,
				0.033,
				-2.208,
				1,
				0.222,
				-1.201,
				0.411,
				-0.333,
				0.6,
				0.767,
				1,
				1.178,
				4.131,
				1.756,
				6,
				2.333,
				6,
				1,
				2.833,
				6,
				3.333,
				3.198,
				3.833,
				0,
				1,
				4.333,
				-3.198,
				4.833,
				-4,
				5.333,
				-4,
				1,
				5.556,
				-4,
				5.778,
				-3.512,
				6,
				-2.33
			]
		},
		{
			"Target": "Parameter",
			"Id": "Param_Angle_Rotation116",
			"Segments": [
				0,
				-3.86,
				1,
				0.444,
				-3.86,
				0.889,
				-3.013,
				1.333,
				0,
				1,
				1.833,
				3.39,
				2.333,
				6,
				2.833,
				6,
				1,
				3.333,
				6,
				3.833,
				2.89,
				4.333,
				0,
				1,
				4.889,
				-3.211,
				5.444,
				-3.86,
				6,
				-3.86
			]
		},
		{
			"Target": "Parameter",
			"Id": "Param_Angle_Rotation117",
			"Segments": [
				0,
				-5,
				1,
				0.611,
				-5,
				1.222,
				-3.888,
				1.833,
				0,
				1,
				2.333,
				3.181,
				2.833,
				6,
				3.333,
				6,
				1,
				3.833,
				6,
				4.333,
				4.12,
				4.833,
				0,
				1,
				5.222,
				-3.204,
				5.611,
				-5,
				6,
				-5
			]
		},
		{
			"Target": "Parameter",
			"Id": "Param_Angle_Rotation118",
			"Segments": [
				0,
				-3.58,
				1,
				0.011,
				-3.58,
				0.022,
				-3.67,
				0.033,
				-3.707,
				1,
				0.3,
				-4.589,
				0.567,
				-5,
				0.833,
				-5,
				1,
				1.333,
				-5,
				1.833,
				-3.636,
				2.333,
				0,
				1,
				2.833,
				3.636,
				3.333,
				6,
				3.833,
				6,
				1,
				4.333,
				6,
				4.833,
				3.474,
				5.333,
				0,
				1,
				5.556,
				-1.544,
				5.778,
				-2.676,
				6,
				-3.58
			]
		},
		{
			"Target": "Parameter",
			"Id": "Param_Angle_Rotation120",
			"Segments": [
				0,
				0,
				1,
				0.011,
				0,
				0.022,
				0.096,
				0.033,
				0.12,
				1,
				0.633,
				1.39,
				1.233,
				2,
				1.833,
				2,
				1,
				2.333,
				2,
				2.833,
				1.333,
				3.333,
				0,
				1,
				3.833,
				-1.333,
				4.333,
				-2,
				4.833,
				-2,
				1,
				5.211,
				-2,
				5.589,
				-1.42,
				5.967,
				-0.185,
				1,
				5.978,
				-0.149,
				5.989,
				0,
				6,
				0
			]
		},
		{
			"Target": "Parameter",
			"Id": "Param_Angle_Rotation121",
			"Segments": [
				0,
				-2.33,
				1,
				0.011,
				-2.33,
				0.022,
				-2.141,
				0.033,
				-2.086,
				1,
				0.244,
				-1.049,
				0.456,
				0.09,
				0.667,
				0.92,
				1,
				1.222,
				3.107,
				1.778,
				4,
				2.333,
				4,
				1,
				2.833,
				4,
				3.333,
				2.667,
				3.833,
				0,
				1,
				4.333,
				-2.667,
				4.833,
				-4,
				5.333,
				-4,
				1,
				5.556,
				-4,
				5.778,
				-3.512,
				6,
				-2.33
			]
		},
		{
			"Target": "Parameter",
			"Id": "Param_Angle_Rotation122",
			"Segments": [
				0,
				-2.9,
				1,
				0.444,
				-2.9,
				0.889,
				-2.142,
				1.333,
				0,
				1,
				1.833,
				2.41,
				2.333,
				4,
				2.833,
				4,
				1,
				3.333,
				4,
				3.833,
				2.082,
				4.333,
				0,
				1,
				4.889,
				-2.314,
				5.444,
				-2.9,
				6,
				-2.9
			]
		},
		{
			"Target": "Parameter",
			"Id": "Param_Angle_Rotation123",
			"Segments": [
				0,
				-4,
				1,
				0.611,
				-4,
				1.222,
				-3.156,
				1.833,
				0,
				1,
				2.333,
				2.582,
				2.833,
				5,
				3.333,
				5,
				1,
				3.833,
				5,
				4.333,
				3.374,
				4.833,
				0,
				1,
				5.222,
				-2.624,
				5.611,
				-4,
				6,
				-4
			]
		},
		{
			"Target": "Parameter",
			"Id": "Param_Angle_Rotation125",
			"Segments": [
				0,
				0,
				1,
				0.011,
				0,
				0.022,
				0.083,
				0.033,
				0.106,
				1,
				0.633,
				1.384,
				1.233,
				2,
				1.833,
				2,
				1,
				2.333,
				2,
				2.833,
				0.889,
				3.333,
				0,
				1,
				3.833,
				-0.889,
				4.333,
				-1,
				4.833,
				-1,
				1,
				5.211,
				-1,
				5.589,
				-0.697,
				5.967,
				-0.062,
				1,
				5.978,
				-0.043,
				5.989,
				0,
				6,
				0
			]
		},
		{
			"Target": "Parameter",
			"Id": "Param_Angle_Rotation126",
			"Segments": [
				0,
				-2.92,
				1,
				0.011,
				-2.92,
				0.022,
				-2.815,
				0.033,
				-2.764,
				1,
				0.3,
				-1.552,
				0.567,
				-0.359,
				0.833,
				0.796,
				1,
				1.333,
				2.962,
				1.833,
				4,
				2.333,
				4,
				1,
				2.833,
				4,
				3.333,
				2.963,
				3.833,
				0,
				1,
				4.333,
				-2.963,
				4.833,
				-5,
				5.333,
				-5,
				1,
				5.556,
				-5,
				5.778,
				-4.396,
				6,
				-2.92
			]
		},
		{
			"Target": "Parameter",
			"Id": "Param_Angle_Rotation127",
			"Segments": [
				0,
				-3.86,
				1,
				0.444,
				-3.86,
				0.889,
				-2.766,
				1.333,
				0,
				1,
				1.833,
				3.111,
				2.333,
				5,
				2.833,
				5,
				1,
				3.333,
				5,
				3.833,
				2.706,
				4.333,
				0,
				1,
				4.889,
				-3.007,
				5.444,
				-3.86,
				6,
				-3.86
			]
		},
		{
			"Target": "Parameter",
			"Id": "Param_Angle_Rotation128",
			"Segments": [
				0,
				-6,
				1,
				0.611,
				-6,
				1.222,
				-4.033,
				1.833,
				0,
				1,
				2.333,
				3.3,
				2.833,
				5,
				3.333,
				5,
				1,
				3.833,
				5,
				4.333,
				3.936,
				4.833,
				0,
				1,
				5.222,
				-3.061,
				5.611,
				-6,
				6,
				-6
			]
		},
		{
			"Target": "Parameter",
			"Id": "Param_Angle_Rotation129",
			"Segments": [
				0,
				-2.89,
				1,
				0.011,
				-2.89,
				0.022,
				-2.895,
				0.033,
				-2.925,
				1,
				0.3,
				-3.634,
				0.567,
				-4,
				0.833,
				-4,
				1,
				1.333,
				-4,
				1.833,
				-2.963,
				2.333,
				0,
				1,
				2.833,
				2.963,
				3.333,
				5,
				3.833,
				5,
				1,
				4.333,
				5,
				4.833,
				2.859,
				5.333,
				0,
				1,
				5.556,
				-1.271,
				5.778,
				-2.176,
				6,
				-2.89
			]
		},
		{
			"Target": "Parameter",
			"Id": "Param_Angle_Rotation131",
			"Segments": [
				0,
				0,
				1,
				0.011,
				0,
				0.022,
				0.118,
				0.033,
				0.142,
				1,
				0.633,
				1.398,
				1.233,
				2,
				1.833,
				2,
				1,
				2.333,
				2,
				2.833,
				1.333,
				3.333,
				0,
				1,
				3.833,
				-1.333,
				4.333,
				-2,
				4.833,
				-2,
				1,
				5.211,
				-2,
				5.589,
				-1.42,
				5.967,
				-0.185,
				1,
				5.978,
				-0.149,
				5.989,
				0,
				6,
				0
			]
		},
		{
			"Target": "Parameter",
			"Id": "Param_Angle_Rotation132",
			"Segments": [
				0,
				-2.92,
				1,
				0.011,
				-2.92,
				0.022,
				-2.794,
				0.033,
				-2.735,
				1,
				0.267,
				-1.489,
				0.5,
				-0.285,
				0.733,
				0.914,
				1,
				1.267,
				3.655,
				1.8,
				5,
				2.333,
				5,
				1,
				2.833,
				5,
				3.333,
				3.333,
				3.833,
				0,
				1,
				4.333,
				-3.333,
				4.833,
				-5,
				5.333,
				-5,
				1,
				5.556,
				-5,
				5.778,
				-4.396,
				6,
				-2.92
			]
		},
		{
			"Target": "Parameter",
			"Id": "Param_Angle_Rotation133",
			"Segments": [
				0,
				-3.86,
				1,
				0.444,
				-3.86,
				0.889,
				-2.462,
				1.333,
				0,
				1,
				1.833,
				2.769,
				2.333,
				4,
				2.833,
				4,
				1,
				3.333,
				4,
				3.833,
				2.47,
				4.333,
				0,
				1,
				4.889,
				-2.744,
				5.444,
				-3.86,
				6,
				-3.86
			]
		},
		{
			"Target": "Parameter",
			"Id": "Param_Angle_Rotation134",
			"Segments": [
				0,
				-4,
				1,
				0.611,
				-4,
				1.222,
				-3.156,
				1.833,
				0,
				1,
				2.333,
				2.582,
				2.833,
				5,
				3.333,
				5,
				1,
				3.833,
				5,
				4.333,
				3.374,
				4.833,
				0,
				1,
				5.222,
				-2.624,
				5.611,
				-4,
				6,
				-4
			]
		},
		{
			"Target": "Parameter",
			"Id": "Param_Angle_Rotation135",
			"Segments": [
				0,
				-3.3,
				1,
				0.011,
				-3.3,
				0.022,
				-3.414,
				0.033,
				-3.458,
				1,
				0.3,
				-4.511,
				0.567,
				-5,
				0.833,
				-5,
				1,
				1.333,
				-5,
				1.833,
				-2.963,
				2.333,
				0,
				1,
				2.833,
				2.963,
				3.333,
				4,
				3.833,
				4,
				1,
				4.333,
				4,
				4.833,
				2.605,
				5.333,
				0,
				1,
				5.556,
				-1.158,
				5.778,
				-2.317,
				6,
				-3.3
			]
		},
		{
			"Target": "Parameter",
			"Id": "Param_Angle_Rotation137",
			"Segments": [
				0,
				0,
				1,
				0.011,
				0,
				0.022,
				0.051,
				0.033,
				0.075,
				1,
				0.633,
				1.371,
				1.233,
				2,
				1.833,
				2,
				1,
				2.333,
				2,
				2.833,
				1.333,
				3.333,
				0,
				1,
				3.833,
				-1.333,
				4.333,
				-2,
				4.833,
				-2,
				1,
				5.211,
				-2,
				5.589,
				-1.408,
				5.967,
				-0.155,
				1,
				5.978,
				-0.118,
				5.989,
				0,
				6,
				0
			]
		},
		{
			"Target": "Parameter",
			"Id": "Param_Angle_Rotation138",
			"Segments": [
				0,
				-2.92,
				1,
				0.011,
				-2.92,
				0.022,
				-2.792,
				0.033,
				-2.734,
				1,
				0.256,
				-1.581,
				0.478,
				-0.33,
				0.7,
				0.637,
				1,
				1.244,
				3.006,
				1.789,
				4,
				2.333,
				4,
				1,
				2.833,
				4,
				3.333,
				2.963,
				3.833,
				0,
				1,
				4.333,
				-2.963,
				4.833,
				-5,
				5.333,
				-5,
				1,
				5.556,
				-5,
				5.778,
				-4.396,
				6,
				-2.92
			]
		},
		{
			"Target": "Parameter",
			"Id": "Param_Angle_Rotation139",
			"Segments": [
				0,
				-4.83,
				1,
				0.444,
				-4.83,
				0.889,
				-2.706,
				1.333,
				0,
				1,
				1.833,
				3.044,
				2.333,
				4,
				2.833,
				4,
				1,
				3.333,
				4,
				3.833,
				2.784,
				4.333,
				0,
				1,
				4.889,
				-3.093,
				5.444,
				-4.83,
				6,
				-4.83
			]
		},
		{
			"Target": "Parameter",
			"Id": "Param_Angle_Rotation140",
			"Segments": [
				0,
				-5,
				1,
				0.611,
				-5,
				1.222,
				-3.3,
				1.833,
				0,
				1,
				2.333,
				2.7,
				2.833,
				4,
				3.333,
				4,
				1,
				3.833,
				4,
				4.333,
				3.192,
				4.833,
				0,
				1,
				5.222,
				-2.483,
				5.611,
				-5,
				6,
				-5
			]
		},
		{
			"Target": "Parameter",
			"Id": "Param_Angle_Rotation141",
			"Segments": [
				0,
				-3.3,
				1,
				0.011,
				-3.3,
				0.022,
				-3.414,
				0.033,
				-3.458,
				1,
				0.3,
				-4.511,
				0.567,
				-5,
				0.833,
				-5,
				1,
				1.333,
				-5,
				1.833,
				-2.963,
				2.333,
				0,
				1,
				2.833,
				2.963,
				3.333,
				4,
				3.833,
				4,
				1,
				4.333,
				4,
				4.833,
				2.605,
				5.333,
				0,
				1,
				5.556,
				-1.158,
				5.778,
				-2.317,
				6,
				-3.3
			]
		},
		{
			"Target": "Parameter",
			"Id": "Param_Angle_Rotation143",
			"Segments": [
				0,
				0,
				1,
				0.011,
				0,
				0.022,
				-0.096,
				0.033,
				-0.12,
				1,
				0.633,
				-1.39,
				1.233,
				-2,
				1.833,
				-2,
				1,
				2.333,
				-2,
				2.833,
				-0.889,
				3.333,
				0,
				1,
				3.833,
				0.889,
				4.333,
				1,
				4.833,
				1,
				1,
				5.211,
				1,
				5.589,
				0.697,
				5.967,
				0.062,
				1,
				5.978,
				0.043,
				5.989,
				0,
				6,
				0
			]
		},
		{
			"Target": "Parameter",
			"Id": "Param_Angle_Rotation144",
			"Segments": [
				0,
				1.17,
				1,
				0.011,
				1.17,
				0.022,
				1.083,
				0.033,
				1.049,
				1,
				0.244,
				0.395,
				0.456,
				-0.29,
				0.667,
				-0.855,
				1,
				1.222,
				-2.344,
				1.778,
				-3,
				2.333,
				-3,
				1,
				2.833,
				-3,
				3.333,
				-1.6,
				3.833,
				0,
				1,
				4.333,
				1.6,
				4.833,
				2,
				5.333,
				2,
				1,
				5.556,
				2,
				5.778,
				1.76,
				6,
				1.17
			]
		},
		{
			"Target": "Parameter",
			"Id": "Param_Angle_Rotation145",
			"Segments": [
				0,
				2.9,
				1,
				0.444,
				2.9,
				0.889,
				1.848,
				1.333,
				0,
				1,
				1.833,
				-2.079,
				2.333,
				-3,
				2.833,
				-3,
				1,
				3.333,
				-3,
				3.833,
				-1.854,
				4.333,
				0,
				1,
				4.889,
				2.06,
				5.444,
				2.9,
				6,
				2.9
			]
		},
		{
			"Target": "Parameter",
			"Id": "Param_Angle_Rotation146",
			"Segments": [
				0,
				3,
				1,
				0.611,
				3,
				1.222,
				2.42,
				1.833,
				0,
				1,
				2.333,
				-1.98,
				2.833,
				-4,
				3.333,
				-4,
				1,
				3.833,
				-4,
				4.333,
				-2.624,
				4.833,
				0,
				1,
				5.222,
				2.041,
				5.611,
				3,
				6,
				3
			]
		},
		{
			"Target": "Parameter",
			"Id": "Param_Angle_Rotation148",
			"Segments": [
				0,
				0,
				1,
				0.011,
				0,
				0.022,
				-0.127,
				0.033,
				-0.162,
				1,
				0.633,
				-2.077,
				1.233,
				-3,
				1.833,
				-3,
				1,
				2.333,
				-3,
				2.833,
				-1.6,
				3.333,
				0,
				1,
				3.833,
				1.6,
				4.333,
				2,
				4.833,
				2,
				1,
				5.211,
				2,
				5.589,
				1.395,
				5.967,
				0.125,
				1,
				5.978,
				0.088,
				5.989,
				0,
				6,
				0
			]
		},
		{
			"Target": "Parameter",
			"Id": "Param_Angle_Rotation149",
			"Segments": [
				0,
				2.33,
				1,
				0.011,
				2.33,
				0.022,
				2.21,
				0.033,
				2.173,
				1,
				0.3,
				1.284,
				0.567,
				0.214,
				0.833,
				-0.425,
				1,
				1.333,
				-1.622,
				1.833,
				-2,
				2.333,
				-2,
				1,
				2.833,
				-2,
				3.333,
				-1.777,
				3.833,
				0,
				1,
				4.333,
				1.777,
				4.833,
				4,
				5.333,
				4,
				1,
				5.556,
				4,
				5.778,
				3.512,
				6,
				2.33
			]
		},
		{
			"Target": "Parameter",
			"Id": "Param_Angle_Rotation150",
			"Segments": [
				0,
				3.86,
				1,
				0.444,
				3.86,
				0.889,
				2.08,
				1.333,
				0,
				1,
				1.833,
				-2.34,
				2.333,
				-3,
				2.833,
				-3,
				1,
				3.333,
				-3,
				3.833,
				-2.155,
				4.333,
				0,
				1,
				4.889,
				2.394,
				5.444,
				3.86,
				6,
				3.86
			]
		},
		{
			"Target": "Parameter",
			"Id": "Param_Angle_Rotation151",
			"Segments": [
				0,
				4,
				1,
				0.611,
				4,
				1.222,
				2.904,
				1.833,
				0,
				1,
				2.333,
				-2.376,
				2.833,
				-4,
				3.333,
				-4,
				1,
				3.833,
				-4,
				4.333,
				-2.953,
				4.833,
				0,
				1,
				5.222,
				2.297,
				5.611,
				4,
				6,
				4
			]
		},
		{
			"Target": "Parameter",
			"Id": "Param_Angle_Rotation152",
			"Segments": [
				0,
				2.77,
				1,
				0.011,
				2.77,
				0.022,
				2.895,
				0.033,
				2.926,
				1,
				0.3,
				3.663,
				0.567,
				4,
				0.833,
				4,
				1,
				1.333,
				4,
				1.833,
				2.667,
				2.333,
				0,
				1,
				2.833,
				-2.667,
				3.333,
				-4,
				3.833,
				-4,
				1,
				4.333,
				-4,
				4.833,
				-2.452,
				5.333,
				0,
				1,
				5.556,
				1.09,
				5.778,
				2.017,
				6,
				2.77
			]
		},
		{
			"Target": "Parameter",
			"Id": "Param_Angle_Rotation154",
			"Segments": [
				0,
				0,
				1,
				0.011,
				0,
				0.022,
				0,
				0.033,
				0,
				1,
				0.633,
				0,
				1.233,
				-2,
				1.833,
				-2,
				1,
				2.333,
				-2,
				2.833,
				-1.333,
				3.333,
				0,
				1,
				3.833,
				1.333,
				4.333,
				2,
				4.833,
				2,
				1,
				5.211,
				2,
				5.589,
				1.395,
				5.967,
				0.125,
				1,
				5.978,
				0.088,
				5.989,
				0,
				6,
				0
			]
		},
		{
			"Target": "Parameter",
			"Id": "Param_Angle_Rotation155",
			"Segments": [
				0,
				2.33,
				1,
				0.011,
				2.33,
				0.022,
				2.189,
				0.033,
				2.145,
				1,
				0.289,
				1.141,
				0.544,
				0.019,
				0.8,
				-0.785,
				1,
				1.311,
				-2.392,
				1.822,
				-3,
				2.333,
				-3,
				1,
				2.833,
				-3,
				3.333,
				-2.285,
				3.833,
				0,
				1,
				4.333,
				2.285,
				4.833,
				4,
				5.333,
				4,
				1,
				5.556,
				4,
				5.778,
				3.512,
				6,
				2.33
			]
		},
		{
			"Target": "Parameter",
			"Id": "Param_Angle_Rotation156",
			"Segments": [
				0,
				2.9,
				1,
				0.444,
				2.9,
				0.889,
				1.848,
				1.333,
				0,
				1,
				1.833,
				-2.079,
				2.333,
				-3,
				2.833,
				-3,
				1,
				3.333,
				-3,
				3.833,
				-1.854,
				4.333,
				0,
				1,
				4.889,
				2.06,
				5.444,
				2.9,
				6,
				2.9
			]
		},
		{
			"Target": "Parameter",
			"Id": "Param_Angle_Rotation157",
			"Segments": [
				0,
				4,
				1,
				0.611,
				4,
				1.222,
				2.904,
				1.833,
				0,
				1,
				2.333,
				-2.376,
				2.833,
				-4,
				3.333,
				-4,
				1,
				3.833,
				-4,
				4.333,
				-2.953,
				4.833,
				0,
				1,
				5.222,
				2.297,
				5.611,
				4,
				6,
				4
			]
		},
		{
			"Target": "Parameter",
			"Id": "Param_Angle_Rotation159",
			"Segments": [
				0,
				0,
				1,
				0.011,
				0,
				0.022,
				-0.091,
				0.033,
				-0.115,
				1,
				0.633,
				-1.388,
				1.233,
				-2,
				1.833,
				-2,
				1,
				2.333,
				-2,
				2.833,
				-0.889,
				3.333,
				0,
				1,
				3.833,
				0.889,
				4.333,
				1,
				4.833,
				1,
				1,
				5.211,
				1,
				5.589,
				0.71,
				5.967,
				0.092,
				1,
				5.978,
				0.074,
				5.989,
				0,
				6,
				0
			]
		},
		{
			"Target": "Parameter",
			"Id": "Param_Angle_Rotation160",
			"Segments": [
				0,
				2.33,
				1,
				0.011,
				2.33,
				0.022,
				2.198,
				0.033,
				2.146,
				1,
				0.289,
				0.945,
				0.544,
				-0.412,
				0.8,
				-1.369,
				1,
				1.311,
				-3.283,
				1.822,
				-4,
				2.333,
				-4,
				1,
				2.833,
				-4,
				3.333,
				-2.667,
				3.833,
				0,
				1,
				4.333,
				2.667,
				4.833,
				4,
				5.333,
				4,
				1,
				5.556,
				4,
				5.778,
				3.512,
				6,
				2.33
			]
		},
		{
			"Target": "Parameter",
			"Id": "Param_Angle_Rotation161",
			"Segments": [
				0,
				3.86,
				1,
				0.444,
				3.86,
				0.889,
				2.462,
				1.333,
				0,
				1,
				1.833,
				-2.769,
				2.333,
				-4,
				2.833,
				-4,
				1,
				3.333,
				-4,
				3.833,
				-2.47,
				4.333,
				0,
				1,
				4.889,
				2.744,
				5.444,
				3.86,
				6,
				3.86
			]
		},
		{
			"Target": "Parameter",
			"Id": "Param_Angle_Rotation162",
			"Segments": [
				0,
				4,
				1,
				0.611,
				4,
				1.222,
				2.904,
				1.833,
				0,
				1,
				2.333,
				-2.376,
				2.833,
				-4,
				3.333,
				-4,
				1,
				3.833,
				-4,
				4.333,
				-2.953,
				4.833,
				0,
				1,
				5.222,
				2.297,
				5.611,
				4,
				6,
				4
			]
		},
		{
			"Target": "Parameter",
			"Id": "Param_Angle_Rotation164",
			"Segments": [
				0,
				0.13,
				1,
				0.011,
				0.13,
				0.022,
				0.096,
				0.033,
				0.07,
				1,
				0.633,
				-1.319,
				1.233,
				-2,
				1.833,
				-2,
				1,
				2.333,
				-2,
				2.833,
				-0.889,
				3.333,
				0,
				1,
				3.833,
				0.889,
				4.333,
				1,
				4.833,
				1,
				1,
				5.211,
				1,
				5.589,
				0.74,
				5.967,
				0.192,
				1,
				5.978,
				0.176,
				5.989,
				0.13,
				6,
				0.13
			]
		},
		{
			"Target": "Parameter",
			"Id": "Param_Angle_Rotation165",
			"Segments": [
				0,
				2.33,
				1,
				0.011,
				2.33,
				0.022,
				2.253,
				0.033,
				2.206,
				1,
				0.289,
				1.128,
				0.544,
				0.058,
				0.8,
				-0.968,
				1,
				1.311,
				-3.02,
				1.822,
				-4,
				2.333,
				-4,
				1,
				2.833,
				-4,
				3.333,
				-2.667,
				3.833,
				0,
				1,
				4.333,
				2.667,
				4.833,
				4,
				5.333,
				4,
				1,
				5.556,
				4,
				5.778,
				3.512,
				6,
				2.33
			]
		},
		{
			"Target": "Parameter",
			"Id": "Param_Angle_Rotation166",
			"Segments": [
				0,
				4.83,
				1,
				0.444,
				4.83,
				0.889,
				3.079,
				1.333,
				0,
				1,
				1.833,
				-3.463,
				2.333,
				-5,
				2.833,
				-5,
				1,
				3.333,
				-5,
				3.833,
				-3.089,
				4.333,
				0,
				1,
				4.889,
				3.432,
				5.444,
				4.83,
				6,
				4.83
			]
		},
		{
			"Target": "Parameter",
			"Id": "Param_Angle_Rotation167",
			"Segments": [
				0,
				3.8,
				1,
				0.011,
				3.8,
				0.022,
				3.92,
				0.033,
				3.926,
				1,
				0.133,
				3.98,
				0.233,
				4,
				0.333,
				4,
				1,
				0.833,
				4,
				1.333,
				2.667,
				1.833,
				0,
				1,
				2.333,
				-2.667,
				2.833,
				-4,
				3.333,
				-4,
				1,
				3.833,
				-4,
				4.333,
				-2.084,
				4.833,
				0,
				1,
				5.222,
				1.621,
				5.611,
				3.389,
				6,
				3.8
			]
		},
		{
			"Target": "Parameter",
			"Id": "Param_Angle_Rotation168",
			"Segments": [
				0,
				3.3,
				1,
				0.011,
				3.3,
				0.022,
				3.445,
				0.033,
				3.488,
				1,
				0.3,
				4.523,
				0.567,
				5,
				0.833,
				5,
				1,
				1.333,
				5,
				1.833,
				2.963,
				2.333,
				0,
				1,
				2.833,
				-2.963,
				3.333,
				-4,
				3.833,
				-4,
				1,
				4.333,
				-4,
				4.833,
				-2.605,
				5.333,
				0,
				1,
				5.556,
				1.158,
				5.778,
				2.317,
				6,
				3.3
			]
		},
		{
			"Target": "Parameter",
			"Id": "Param_Angle_Rotation83",
			"Segments": [
				0,
				1.04,
				1,
				0.011,
				1.04,
				0.022,
				0.97,
				0.033,
				0.917,
				1,
				0.167,
				0.279,
				0.3,
				-0.406,
				0.433,
				-0.944,
				1,
				0.956,
				-3.05,
				1.478,
				-4,
				2,
				-4,
				1,
				2.5,
				-4,
				3,
				-2.667,
				3.5,
				0,
				1,
				4,
				2.667,
				4.5,
				4,
				5,
				4,
				1,
				5.333,
				4,
				5.667,
				2.769,
				6,
				1.04
			]
		},
		{
			"Target": "Parameter",
			"Id": "Param_Angle_Rotation84",
			"Segments": [
				0,
				2.96,
				1,
				0.011,
				2.96,
				0.022,
				2.851,
				0.033,
				2.806,
				1,
				0.4,
				1.311,
				0.767,
				-0.243,
				1.133,
				-1.605,
				1,
				1.589,
				-3.296,
				2.044,
				-4,
				2.5,
				-4,
				1,
				3,
				-4,
				3.5,
				-2.667,
				4,
				0,
				1,
				4.5,
				2.667,
				5,
				4,
				5.5,
				4,
				1,
				5.667,
				4,
				5.833,
				3.824,
				6,
				2.96
			]
		},
		{
			"Target": "Parameter",
			"Id": "Param_Angle_Rotation85",
			"Segments": [
				0,
				5,
				1,
				0.5,
				5,
				1,
				2.963,
				1.5,
				0,
				1,
				2,
				-2.963,
				2.5,
				-4,
				3,
				-4,
				1,
				3.5,
				-4,
				4,
				-2.963,
				4.5,
				0,
				1,
				5,
				2.963,
				5.5,
				5,
				6,
				5
			]
		}
	]
}