{
	"Version": 3,
	"Parameters": [
		{
			"Id": "ParamEff1",
			"GroupId": "ParamGroup",
			"Name": "エフェクト1"
		},
		{
			"Id": "ParamEff2",
			"GroupId": "ParamGroup",
			"Name": "エフェクト2"
		},
		{
			"Id": "ParamEff3",
			"GroupId": "ParamGroup",
			"Name": "エフェクト3"
		},
		{
			"Id": "ParamEff4",
			"GroupId": "ParamGroup",
			"Name": "エフェクト4"
		},
		{
			"Id": "ParamEff5",
			"GroupId": "ParamGroup",
			"Name": "エフェクト5"
		},
		{
			"Id": "ParamEff6",
			"GroupId": "ParamGroup",
			"Name": "エフェクト6"
		},
		{
			"Id": "ParamEff7",
			"GroupId": "ParamGroup",
			"Name": "エフェクト7"
		},
		{
			"Id": "ParamEff8",
			"GroupId": "ParamGroup",
			"Name": "エフェクト8"
		},
		{
			"Id": "ParamEff9",
			"GroupId": "ParamGroup",
			"Name": "エフェクト9"
		},
		{
			"Id": "ParamEff10",
			"GroupId": "ParamGroup",
			"Name": "エフェクト10"
		},
		{
			"Id": "ParamEff11",
			"GroupId": "ParamGroup",
			"Name": "エフェクト11"
		},
		{
			"Id": "ParamEff12",
			"GroupId": "ParamGroup",
			"Name": "エフェクト12"
		},
		{
			"Id": "ParamEff13",
			"GroupId": "ParamGroup",
			"Name": "エフェクト13"
		},
		{
			"Id": "ParamEff14",
			"GroupId": "ParamGroup",
			"Name": "エフェクト14"
		},
		{
			"Id": "ParamEff15",
			"GroupId": "ParamGroup",
			"Name": "エフェクト15"
		},
		{
			"Id": "ParamEff16",
			"GroupId": "ParamGroup",
			"Name": "エフェクト16"
		},
		{
			"Id": "ParamEff17",
			"GroupId": "ParamGroup",
			"Name": "エフェクト17"
		},
		{
			"Id": "ParamEff18",
			"GroupId": "ParamGroup",
			"Name": "エフェクト18"
		},
		{
			"Id": "ParamEff19",
			"GroupId": "ParamGroup",
			"Name": "エフェクト19"
		},
		{
			"Id": "ParamEff20",
			"GroupId": "ParamGroup",
			"Name": "エフェクト20"
		},
		{
			"Id": "ParamEff21",
			"GroupId": "ParamGroup",
			"Name": "エフェクト21"
		},
		{
			"Id": "ParamEff22",
			"GroupId": "ParamGroup",
			"Name": "エフェクト22"
		},
		{
			"Id": "ParamEff23",
			"GroupId": "ParamGroup",
			"Name": "エフェクト23"
		},
		{
			"Id": "ParamEff24",
			"GroupId": "ParamGroup",
			"Name": "エフェクト24"
		},
		{
			"Id": "ParamEff25",
			"GroupId": "ParamGroup",
			"Name": "エフェクト25"
		},
		{
			"Id": "ParamEff26",
			"GroupId": "ParamGroup",
			"Name": "エフェクト26"
		},
		{
			"Id": "ParamEff27",
			"GroupId": "ParamGroup",
			"Name": "エフェクト27"
		},
		{
			"Id": "ParamEff28",
			"GroupId": "ParamGroup",
			"Name": "エフェクト28"
		},
		{
			"Id": "ParamEff29",
			"GroupId": "ParamGroup",
			"Name": "エフェクト29"
		},
		{
			"Id": "ParamEff30",
			"GroupId": "ParamGroup",
			"Name": "エフェクト30"
		},
		{
			"Id": "ParamEff31",
			"GroupId": "ParamGroup",
			"Name": "エフェクト31"
		},
		{
			"Id": "ParamEff32",
			"GroupId": "ParamGroup",
			"Name": "エフェクト32"
		},
		{
			"Id": "ParamEff33",
			"GroupId": "ParamGroup",
			"Name": "エフェクト33"
		},
		{
			"Id": "ParamPachi",
			"GroupId": "ParamGroup2",
			"Name": "目パチ"
		},
		{
			"Id": "ParamLegL1",
			"GroupId": "ParamGroup2",
			"Name": "右太もも"
		},
		{
			"Id": "ParamLegL2",
			"GroupId": "ParamGroup2",
			"Name": "右足"
		},
		{
			"Id": "ParamLegR1",
			"GroupId": "ParamGroup2",
			"Name": "左太もも"
		},
		{
			"Id": "ParamLegR2",
			"GroupId": "ParamGroup2",
			"Name": "左足"
		},
		{
			"Id": "ParamEyeRL",
			"GroupId": "ParamGroup2",
			"Name": "目Hi左右"
		},
		{
			"Id": "ParamEyeUD",
			"GroupId": "ParamGroup2",
			"Name": "目Hi上下"
		},
		{
			"Id": "ParamEyeBS",
			"GroupId": "ParamGroup2",
			"Name": "目Hi大小"
		},
		{
			"Id": "ParamPaiRX",
			"GroupId": "ParamGroup2",
			"Name": "右胸 X"
		},
		{
			"Id": "ParamPaiRY",
			"GroupId": "ParamGroup2",
			"Name": "右胸 Y"
		},
		{
			"Id": "ParamPaiRX2",
			"GroupId": "ParamGroup2",
			"Name": "右胸 X2"
		},
		{
			"Id": "ParamPaiRY2",
			"GroupId": "ParamGroup2",
			"Name": "右胸 Y2"
		},
		{
			"Id": "ParamPaiLY",
			"GroupId": "ParamGroup2",
			"Name": "左胸 Y"
		},
		{
			"Id": "ParamPaiLX",
			"GroupId": "ParamGroup2",
			"Name": "左胸 X"
		},
		{
			"Id": "ParamPaiLY2",
			"GroupId": "ParamGroup2",
			"Name": "左胸 Y2"
		},
		{
			"Id": "ParamPaiLX2",
			"GroupId": "ParamGroup2",
			"Name": "左胸 X2"
		},
		{
			"Id": "ParamBreat",
			"GroupId": "ParamGroup2",
			"Name": "呼吸"
		},
		{
			"Id": "ParamAcs",
			"GroupId": "ParamGroup3",
			"Name": "被り物アクセ"
		},
		{
			"Id": "ParamBeltX",
			"GroupId": "ParamGroup3",
			"Name": "ベルト X"
		},
		{
			"Id": "ParamBeltY",
			"GroupId": "ParamGroup3",
			"Name": "ベルト Y"
		},
		{
			"Id": "ParamTailRibonX",
			"GroupId": "ParamGroup3",
			"Name": "しっぽリボン X"
		},
		{
			"Id": "ParamTailRibonY",
			"GroupId": "ParamGroup3",
			"Name": "しっぽリボン Y"
		},
		{
			"Id": "ParamAian",
			"GroupId": "ParamGroup3",
			"Name": "鉄装備"
		},
		{
			"Id": "Param_Angle_Rotation9",
			"GroupId": "ParamGroup4",
			"Name": "[0]前髪1"
		},
		{
			"Id": "Param_Angle_Rotation10",
			"GroupId": "ParamGroup4",
			"Name": "[1]前髪1"
		},
		{
			"Id": "Param_Angle_Rotation11",
			"GroupId": "ParamGroup4",
			"Name": "[2]前髪1"
		},
		{
			"Id": "Param_Angle_Rotation13",
			"GroupId": "ParamGroup5",
			"Name": "[0]前髪2"
		},
		{
			"Id": "Param_Angle_Rotation14",
			"GroupId": "ParamGroup5",
			"Name": "[1]前髪2"
		},
		{
			"Id": "Param_Angle_Rotation15",
			"GroupId": "ParamGroup5",
			"Name": "[2]前髪2"
		},
		{
			"Id": "Param_Angle_Rotation17",
			"GroupId": "ParamGroup6",
			"Name": "[0]前髪3"
		},
		{
			"Id": "Param_Angle_Rotation18",
			"GroupId": "ParamGroup6",
			"Name": "[1]前髪3"
		},
		{
			"Id": "Param_Angle_Rotation19",
			"GroupId": "ParamGroup6",
			"Name": "[2]前髪3"
		},
		{
			"Id": "Param_Angle_Rotation21",
			"GroupId": "ParamGroup7",
			"Name": "[0]前髪4"
		},
		{
			"Id": "Param_Angle_Rotation22",
			"GroupId": "ParamGroup7",
			"Name": "[1]前髪4"
		},
		{
			"Id": "Param_Angle_Rotation23",
			"GroupId": "ParamGroup7",
			"Name": "[2]前髪4"
		},
		{
			"Id": "Param_Angle_Rotation25",
			"GroupId": "ParamGroup8",
			"Name": "[0]もみあげ"
		},
		{
			"Id": "Param_Angle_Rotation26",
			"GroupId": "ParamGroup8",
			"Name": "[1]もみあげ"
		},
		{
			"Id": "Param_Angle_Rotation27",
			"GroupId": "ParamGroup8",
			"Name": "[2]もみあげ"
		},
		{
			"Id": "Param_Angle_Rotation28",
			"GroupId": "ParamGroup8",
			"Name": "[3]もみあげ"
		},
		{
			"Id": "Param_Angle_Rotation30",
			"GroupId": "ParamGroup9",
			"Name": "[0]前髪6"
		},
		{
			"Id": "Param_Angle_Rotation31",
			"GroupId": "ParamGroup9",
			"Name": "[1]前髪6"
		},
		{
			"Id": "Param_Angle_Rotation32",
			"GroupId": "ParamGroup9",
			"Name": "[2]前髪6"
		},
		{
			"Id": "Param_Angle_Rotation34",
			"GroupId": "ParamGroup10",
			"Name": "[0]前髪7"
		},
		{
			"Id": "Param_Angle_Rotation35",
			"GroupId": "ParamGroup10",
			"Name": "[1]前髪7"
		},
		{
			"Id": "Param_Angle_Rotation36",
			"GroupId": "ParamGroup10",
			"Name": "[2]前髪7"
		},
		{
			"Id": "Param_Angle_Rotation38",
			"GroupId": "ParamGroup11",
			"Name": "[0]もみあげ奥"
		},
		{
			"Id": "Param_Angle_Rotation39",
			"GroupId": "ParamGroup11",
			"Name": "[1]もみあげ奥"
		},
		{
			"Id": "Param_Angle_Rotation40",
			"GroupId": "ParamGroup11",
			"Name": "[2]もみあげ奥"
		},
		{
			"Id": "Param_Angle_Rotation41",
			"GroupId": "ParamGroup11",
			"Name": "[3]もみあげ奥"
		},
		{
			"Id": "Param_Angle_Rotation42",
			"GroupId": "ParamGroup11",
			"Name": "[4]もみあげ奥"
		},
		{
			"Id": "Param_Angle_Rotation60",
			"GroupId": "ParamGroup17",
			"Name": "[0]右腰3"
		},
		{
			"Id": "Param_Angle_Rotation61",
			"GroupId": "ParamGroup17",
			"Name": "[1]右腰3"
		},
		{
			"Id": "Param_Angle_Rotation62",
			"GroupId": "ParamGroup17",
			"Name": "[2]右腰3"
		},
		{
			"Id": "Param_Angle_Rotation63",
			"GroupId": "ParamGroup17",
			"Name": "[3]右腰3"
		},
		{
			"Id": "Param_Angle_Rotation64",
			"GroupId": "ParamGroup18",
			"Name": "[0]右腰4"
		},
		{
			"Id": "Param_Angle_Rotation65",
			"GroupId": "ParamGroup18",
			"Name": "[1]右腰4"
		},
		{
			"Id": "Param_Angle_Rotation66",
			"GroupId": "ParamGroup18",
			"Name": "[2]右腰4"
		},
		{
			"Id": "Param_Angle_Rotation68",
			"GroupId": "ParamGroup19",
			"Name": "[0]尻尾"
		},
		{
			"Id": "Param_Angle_Rotation69",
			"GroupId": "ParamGroup19",
			"Name": "[1]尻尾"
		},
		{
			"Id": "Param_Angle_Rotation70",
			"GroupId": "ParamGroup19",
			"Name": "[2]尻尾"
		},
		{
			"Id": "Param_Angle_Rotation71",
			"GroupId": "ParamGroup19",
			"Name": "[3]尻尾"
		},
		{
			"Id": "Param_Angle_Rotation72",
			"GroupId": "ParamGroup19",
			"Name": "[4]尻尾"
		},
		{
			"Id": "Param_Angle_Rotation73",
			"GroupId": "ParamGroup19",
			"Name": "[5]尻尾"
		},
		{
			"Id": "Param_Angle_Rotation74",
			"GroupId": "ParamGroup19",
			"Name": "[6]尻尾"
		},
		{
			"Id": "Param_Angle_Rotation76",
			"GroupId": "ParamGroup20",
			"Name": "[0]左腰"
		},
		{
			"Id": "Param_Angle_Rotation77",
			"GroupId": "ParamGroup20",
			"Name": "[1]左腰"
		},
		{
			"Id": "Param_Angle_Rotation78",
			"GroupId": "ParamGroup20",
			"Name": "[2]左腰"
		},
		{
			"Id": "Param_Angle_Rotation79",
			"GroupId": "ParamGroup20",
			"Name": "[3]左腰"
		},
		{
			"Id": "Param_Angle_Rotation80",
			"GroupId": "ParamGroup21",
			"Name": "[0]左腰4"
		},
		{
			"Id": "Param_Angle_Rotation81",
			"GroupId": "ParamGroup21",
			"Name": "[1]左腰4"
		},
		{
			"Id": "Param_Angle_Rotation82",
			"GroupId": "ParamGroup21",
			"Name": "[2]左腰4"
		},
		{
			"Id": "Param_Angle_Rotation86",
			"GroupId": "ParamGroup22",
			"Name": "[0]羽右"
		},
		{
			"Id": "Param_Angle_Rotation87",
			"GroupId": "ParamGroup22",
			"Name": "[1]羽右"
		},
		{
			"Id": "Param_Angle_Rotation88",
			"GroupId": "ParamGroup22",
			"Name": "[2]羽右"
		},
		{
			"Id": "Param_Angle_Rotation89",
			"GroupId": "ParamGroup22",
			"Name": "[3]羽右"
		},
		{
			"Id": "Param_Angle_Rotation90",
			"GroupId": "ParamGroup23",
			"Name": "[0]羽左"
		},
		{
			"Id": "Param_Angle_Rotation91",
			"GroupId": "ParamGroup23",
			"Name": "[1]羽左"
		},
		{
			"Id": "Param_Angle_Rotation92",
			"GroupId": "ParamGroup23",
			"Name": "[2]羽左"
		},
		{
			"Id": "Param_Angle_Rotation93",
			"GroupId": "ParamGroup23",
			"Name": "[3]羽左"
		},
		{
			"Id": "Param_Angle_Rotation95",
			"GroupId": "ParamGroup24",
			"Name": "[0]後髪2"
		},
		{
			"Id": "Param_Angle_Rotation96",
			"GroupId": "ParamGroup24",
			"Name": "[1]後髪2"
		},
		{
			"Id": "Param_Angle_Rotation97",
			"GroupId": "ParamGroup24",
			"Name": "[2]後髪2"
		},
		{
			"Id": "Param_Angle_Rotation98",
			"GroupId": "ParamGroup24",
			"Name": "[3]後髪2"
		},
		{
			"Id": "Param_Angle_Rotation99",
			"GroupId": "ParamGroup24",
			"Name": "[4]後髪2"
		},
		{
			"Id": "Param_Angle_Rotation101",
			"GroupId": "ParamGroup25",
			"Name": "[0]後髪1"
		},
		{
			"Id": "Param_Angle_Rotation102",
			"GroupId": "ParamGroup25",
			"Name": "[1]後髪1"
		},
		{
			"Id": "Param_Angle_Rotation103",
			"GroupId": "ParamGroup25",
			"Name": "[2]後髪1"
		},
		{
			"Id": "Param_Angle_Rotation104",
			"GroupId": "ParamGroup25",
			"Name": "[3]後髪1"
		},
		{
			"Id": "Param_Angle_Rotation105",
			"GroupId": "ParamGroup25",
			"Name": "[4]後髪1"
		},
		{
			"Id": "Param_Angle_Rotation107",
			"GroupId": "ParamGroup26",
			"Name": "[0]後髪3"
		},
		{
			"Id": "Param_Angle_Rotation108",
			"GroupId": "ParamGroup26",
			"Name": "[1]後髪3"
		},
		{
			"Id": "Param_Angle_Rotation109",
			"GroupId": "ParamGroup26",
			"Name": "[2]後髪3"
		},
		{
			"Id": "Param_Angle_Rotation110",
			"GroupId": "ParamGroup26",
			"Name": "[3]後髪3"
		},
		{
			"Id": "Param_Angle_Rotation111",
			"GroupId": "ParamGroup26",
			"Name": "[4]後髪3"
		},
		{
			"Id": "Param_Angle_Rotation112",
			"GroupId": "ParamGroup26",
			"Name": "[5]後髪3"
		},
		{
			"Id": "Param_Angle_Rotation114",
			"GroupId": "ParamGroup27",
			"Name": "[0]後髪4"
		},
		{
			"Id": "Param_Angle_Rotation115",
			"GroupId": "ParamGroup27",
			"Name": "[1]後髪4"
		},
		{
			"Id": "Param_Angle_Rotation116",
			"GroupId": "ParamGroup27",
			"Name": "[2]後髪4"
		},
		{
			"Id": "Param_Angle_Rotation117",
			"GroupId": "ParamGroup27",
			"Name": "[3]後髪4"
		},
		{
			"Id": "Param_Angle_Rotation118",
			"GroupId": "ParamGroup27",
			"Name": "[4]後髪4"
		},
		{
			"Id": "Param_Angle_Rotation120",
			"GroupId": "ParamGroup28",
			"Name": "[0]後髪5"
		},
		{
			"Id": "Param_Angle_Rotation121",
			"GroupId": "ParamGroup28",
			"Name": "[1]後髪5"
		},
		{
			"Id": "Param_Angle_Rotation122",
			"GroupId": "ParamGroup28",
			"Name": "[2]後髪5"
		},
		{
			"Id": "Param_Angle_Rotation123",
			"GroupId": "ParamGroup28",
			"Name": "[3]後髪5"
		},
		{
			"Id": "Param_Angle_Rotation125",
			"GroupId": "ParamGroup29",
			"Name": "[0]後髪6"
		},
		{
			"Id": "Param_Angle_Rotation126",
			"GroupId": "ParamGroup29",
			"Name": "[1]後髪6"
		},
		{
			"Id": "Param_Angle_Rotation127",
			"GroupId": "ParamGroup29",
			"Name": "[2]後髪6"
		},
		{
			"Id": "Param_Angle_Rotation128",
			"GroupId": "ParamGroup29",
			"Name": "[3]後髪6"
		},
		{
			"Id": "Param_Angle_Rotation129",
			"GroupId": "ParamGroup29",
			"Name": "[4]後髪6"
		},
		{
			"Id": "Param_Angle_Rotation131",
			"GroupId": "ParamGroup30",
			"Name": "[0]後髪7"
		},
		{
			"Id": "Param_Angle_Rotation132",
			"GroupId": "ParamGroup30",
			"Name": "[1]後髪7"
		},
		{
			"Id": "Param_Angle_Rotation133",
			"GroupId": "ParamGroup30",
			"Name": "[2]後髪7"
		},
		{
			"Id": "Param_Angle_Rotation134",
			"GroupId": "ParamGroup30",
			"Name": "[3]後髪7"
		},
		{
			"Id": "Param_Angle_Rotation135",
			"GroupId": "ParamGroup30",
			"Name": "[4]後髪7"
		},
		{
			"Id": "Param_Angle_Rotation137",
			"GroupId": "ParamGroup31",
			"Name": "[0]後髪8"
		},
		{
			"Id": "Param_Angle_Rotation138",
			"GroupId": "ParamGroup31",
			"Name": "[1]後髪8"
		},
		{
			"Id": "Param_Angle_Rotation139",
			"GroupId": "ParamGroup31",
			"Name": "[2]後髪8"
		},
		{
			"Id": "Param_Angle_Rotation140",
			"GroupId": "ParamGroup31",
			"Name": "[3]後髪8"
		},
		{
			"Id": "Param_Angle_Rotation141",
			"GroupId": "ParamGroup31",
			"Name": "[4]後髪8"
		},
		{
			"Id": "Param_Angle_Rotation143",
			"GroupId": "ParamGroup32",
			"Name": "[0]後髪9"
		},
		{
			"Id": "Param_Angle_Rotation144",
			"GroupId": "ParamGroup32",
			"Name": "[1]後髪9"
		},
		{
			"Id": "Param_Angle_Rotation145",
			"GroupId": "ParamGroup32",
			"Name": "[2]後髪9"
		},
		{
			"Id": "Param_Angle_Rotation146",
			"GroupId": "ParamGroup32",
			"Name": "[3]後髪9"
		},
		{
			"Id": "Param_Angle_Rotation148",
			"GroupId": "ParamGroup33",
			"Name": "[0]後髪10"
		},
		{
			"Id": "Param_Angle_Rotation149",
			"GroupId": "ParamGroup33",
			"Name": "[1]後髪10"
		},
		{
			"Id": "Param_Angle_Rotation150",
			"GroupId": "ParamGroup33",
			"Name": "[2]後髪10"
		},
		{
			"Id": "Param_Angle_Rotation151",
			"GroupId": "ParamGroup33",
			"Name": "[3]後髪10"
		},
		{
			"Id": "Param_Angle_Rotation152",
			"GroupId": "ParamGroup33",
			"Name": "[4]後髪10"
		},
		{
			"Id": "Param_Angle_Rotation154",
			"GroupId": "ParamGroup34",
			"Name": "[0]後髪11"
		},
		{
			"Id": "Param_Angle_Rotation155",
			"GroupId": "ParamGroup34",
			"Name": "[1]後髪11"
		},
		{
			"Id": "Param_Angle_Rotation156",
			"GroupId": "ParamGroup34",
			"Name": "[2]後髪11"
		},
		{
			"Id": "Param_Angle_Rotation157",
			"GroupId": "ParamGroup34",
			"Name": "[3]後髪11"
		},
		{
			"Id": "Param_Angle_Rotation159",
			"GroupId": "ParamGroup35",
			"Name": "[0]後髪12"
		},
		{
			"Id": "Param_Angle_Rotation160",
			"GroupId": "ParamGroup35",
			"Name": "[1]後髪12"
		},
		{
			"Id": "Param_Angle_Rotation161",
			"GroupId": "ParamGroup35",
			"Name": "[2]後髪12"
		},
		{
			"Id": "Param_Angle_Rotation162",
			"GroupId": "ParamGroup35",
			"Name": "[3]後髪12"
		},
		{
			"Id": "Param_Angle_Rotation164",
			"GroupId": "ParamGroup36",
			"Name": "[0]後髪13"
		},
		{
			"Id": "Param_Angle_Rotation165",
			"GroupId": "ParamGroup36",
			"Name": "[1]後髪13"
		},
		{
			"Id": "Param_Angle_Rotation166",
			"GroupId": "ParamGroup36",
			"Name": "[2]後髪13"
		},
		{
			"Id": "Param_Angle_Rotation167",
			"GroupId": "ParamGroup36",
			"Name": "[3]後髪13"
		},
		{
			"Id": "Param_Angle_Rotation168",
			"GroupId": "ParamGroup36",
			"Name": "[4]後髪13"
		},
		{
			"Id": "Param_Angle_Rotation83",
			"GroupId": "ParamGroup12",
			"Name": "[0]左腰5"
		},
		{
			"Id": "Param_Angle_Rotation84",
			"GroupId": "ParamGroup12",
			"Name": "[1]左腰5"
		},
		{
			"Id": "Param_Angle_Rotation85",
			"GroupId": "ParamGroup12",
			"Name": "[2]左腰5"
		}
	],
	"ParameterGroups": [
		{
			"Id": "ParamGroup",
			"GroupId": "",
			"Name": "エフェクト"
		},
		{
			"Id": "ParamGroup2",
			"GroupId": "",
			"Name": "URアニメーション"
		},
		{
			"Id": "ParamGroup3",
			"GroupId": "",
			"Name": "追加"
		},
		{
			"Id": "ParamGroup4",
			"GroupId": "",
			"Name": "前髪1"
		},
		{
			"Id": "ParamGroup5",
			"GroupId": "",
			"Name": "前髪2"
		},
		{
			"Id": "ParamGroup6",
			"GroupId": "",
			"Name": "前髪3"
		},
		{
			"Id": "ParamGroup7",
			"GroupId": "",
			"Name": "前髪4"
		},
		{
			"Id": "ParamGroup8",
			"GroupId": "",
			"Name": "もみあげ"
		},
		{
			"Id": "ParamGroup9",
			"GroupId": "",
			"Name": "前髪6"
		},
		{
			"Id": "ParamGroup10",
			"GroupId": "",
			"Name": "前髪7"
		},
		{
			"Id": "ParamGroup11",
			"GroupId": "",
			"Name": "もみあげ奥"
		},
		{
			"Id": "ParamGroup17",
			"GroupId": "",
			"Name": "右腰3"
		},
		{
			"Id": "ParamGroup18",
			"GroupId": "",
			"Name": "右腰4"
		},
		{
			"Id": "ParamGroup19",
			"GroupId": "",
			"Name": "尻尾"
		},
		{
			"Id": "ParamGroup20",
			"GroupId": "",
			"Name": "左腰3"
		},
		{
			"Id": "ParamGroup21",
			"GroupId": "",
			"Name": "左腰4"
		},
		{
			"Id": "ParamGroup22",
			"GroupId": "",
			"Name": "羽右"
		},
		{
			"Id": "ParamGroup23",
			"GroupId": "",
			"Name": "羽左"
		},
		{
			"Id": "ParamGroup24",
			"GroupId": "",
			"Name": "後髪2"
		},
		{
			"Id": "ParamGroup25",
			"GroupId": "",
			"Name": "後髪1"
		},
		{
			"Id": "ParamGroup26",
			"GroupId": "",
			"Name": "後髪3"
		},
		{
			"Id": "ParamGroup27",
			"GroupId": "",
			"Name": "後髪4"
		},
		{
			"Id": "ParamGroup28",
			"GroupId": "",
			"Name": "後髪5"
		},
		{
			"Id": "ParamGroup29",
			"GroupId": "",
			"Name": "後髪6"
		},
		{
			"Id": "ParamGroup30",
			"GroupId": "",
			"Name": "後髪7"
		},
		{
			"Id": "ParamGroup31",
			"GroupId": "",
			"Name": "後髪8"
		},
		{
			"Id": "ParamGroup32",
			"GroupId": "",
			"Name": "後髪9"
		},
		{
			"Id": "ParamGroup33",
			"GroupId": "",
			"Name": "後髪10"
		},
		{
			"Id": "ParamGroup34",
			"GroupId": "",
			"Name": "後髪11"
		},
		{
			"Id": "ParamGroup35",
			"GroupId": "",
			"Name": "後髪12"
		},
		{
			"Id": "ParamGroup36",
			"GroupId": "",
			"Name": "後髪13"
		},
		{
			"Id": "ParamGroup12",
			"GroupId": "",
			"Name": "左腰5"
		}
	],
	"Parts": [
		{
			"Id": "Part12",
			"Name": "1920x1440_2.psd"
		},
		{
			"Id": "Part11",
			"Name": "1920x1440.psd"
		},
		{
			"Id": "Part",
			"Name": "頭"
		},
		{
			"Id": "Part3",
			"Name": "体"
		},
		{
			"Id": "ArtMesh44_Skinning",
			"Name": "左腰5(スキニング)"
		},
		{
			"Id": "Part4",
			"Name": "後髪"
		},
		{
			"Id": "Part5",
			"Name": "ガトリング砲"
		},
		{
			"Id": "Part10",
			"Name": "背景"
		},
		{
			"Id": "ArtMesh7_Skinning",
			"Name": "前髪1(スキニング)"
		},
		{
			"Id": "ArtMesh8_Skinning",
			"Name": "前髪2(スキニング)"
		},
		{
			"Id": "ArtMesh9_Skinning",
			"Name": "前髪3(スキニング)"
		},
		{
			"Id": "ArtMesh10_Skinning",
			"Name": "前髪4(スキニング)"
		},
		{
			"Id": "ArtMesh11_Skinning",
			"Name": "もみあげ(スキニング)"
		},
		{
			"Id": "ArtMesh12_Skinning",
			"Name": "前髪6(スキニング)"
		},
		{
			"Id": "ArtMesh13_Skinning",
			"Name": "前髪7(スキニング)"
		},
		{
			"Id": "Part2",
			"Name": "表情"
		},
		{
			"Id": "ArtMesh19_Skinning",
			"Name": "前髪影1(スキニング)"
		},
		{
			"Id": "ArtMesh20_Skinning",
			"Name": "前髪影2(スキニング)"
		},
		{
			"Id": "ArtMesh21_Skinning",
			"Name": "前髪影3(スキニング)"
		},
		{
			"Id": "ArtMesh22_Skinning",
			"Name": "前髪影4(スキニング)"
		},
		{
			"Id": "ArtMesh23_Skinning",
			"Name": "前髪影5(スキニング)"
		},
		{
			"Id": "ArtMesh24_Skinning",
			"Name": "前髪影6(スキニング)"
		},
		{
			"Id": "ArtMesh26_Skinning",
			"Name": "もみあげ奥(スキニング)"
		},
		{
			"Id": "ArtMesh33_Skinning",
			"Name": "右腰3(スキニング)"
		},
		{
			"Id": "ArtMesh34_Skinning",
			"Name": "右腰4(スキニング)"
		},
		{
			"Id": "ArtMesh37_Skinning",
			"Name": "尻尾(スキニング)"
		},
		{
			"Id": "ArtMesh40_Skinning",
			"Name": "左腰3(スキニング)"
		},
		{
			"Id": "ArtMesh41_Skinning",
			"Name": "左腰4(スキニング)"
		},
		{
			"Id": "ArtMesh45_Skinning",
			"Name": "羽右(スキニング)"
		},
		{
			"Id": "ArtMesh46_Skinning",
			"Name": "羽左(スキニング)"
		},
		{
			"Id": "ArtMesh47_Skinning",
			"Name": "後髪2(スキニング)"
		},
		{
			"Id": "ArtMesh48_Skinning",
			"Name": "後髪1(スキニング)"
		},
		{
			"Id": "ArtMesh49_Skinning",
			"Name": "後髪3(スキニング)"
		},
		{
			"Id": "ArtMesh50_Skinning",
			"Name": "後髪4(スキニング)"
		},
		{
			"Id": "ArtMesh51_Skinning",
			"Name": "後髪5(スキニング)"
		},
		{
			"Id": "ArtMesh52_Skinning",
			"Name": "後髪6(スキニング)"
		},
		{
			"Id": "ArtMesh53_Skinning",
			"Name": "後髪7(スキニング)"
		},
		{
			"Id": "ArtMesh54_Skinning",
			"Name": "後髪8(スキニング)"
		},
		{
			"Id": "ArtMesh55_Skinning",
			"Name": "後髪9(スキニング)"
		},
		{
			"Id": "ArtMesh56_Skinning",
			"Name": "後髪10(スキニング)"
		},
		{
			"Id": "ArtMesh57_Skinning",
			"Name": "後髪11(スキニング)"
		},
		{
			"Id": "ArtMesh58_Skinning",
			"Name": "後髪12(スキニング)"
		},
		{
			"Id": "ArtMesh59_Skinning",
			"Name": "後髪13(スキニング)"
		},
		{
			"Id": "Part6",
			"Name": "ガト光1"
		},
		{
			"Id": "Part7",
			"Name": "ガト光2"
		},
		{
			"Id": "Part8",
			"Name": "ガト光3"
		},
		{
			"Id": "Part9",
			"Name": "ガト光4"
		}
	],
	"CombinedParameters": [
		[
			"ParamEyeRL",
			"ParamEyeUD"
		],
		[
			"ParamPaiRX",
			"ParamPaiRY"
		],
		[
			"ParamPaiRX2",
			"ParamPaiRY2"
		],
		[
			"ParamPaiLY",
			"ParamPaiLX"
		],
		[
			"ParamPaiLY2",
			"ParamPaiLX2"
		],
		[
			"ParamBeltX",
			"ParamBeltY"
		],
		[
			"ParamTailRibonX",
			"ParamTailRibonY"
		]
	]
}