{
	"Version": 3,
	"Meta": {
		"Duration": 6,
		"Fps": 30.0,
		"Loop": true,
		"AreBeziersRestricted": false,
		"CurveCount": 62,
		"TotalSegmentCount": 622,
		"TotalPointCount": 1926,
		"UserDataCount": 0,
		"TotalUserDataSize": 0
	},
	"Curves": [
		{
			"Target": "Parameter",
			"Id": "ParamEff1",
			"Segments": [
				0,
				1,
				1,
				0.156,
				1,
				0.311,
				0,
				0.467,
				0,
				1,
				0.556,
				0,
				0.644,
				1,
				0.733,
				1,
				1,
				0.944,
				1,
				1.156,
				0,
				1.367,
				0,
				1,
				1.6,
				0,
				1.833,
				1,
				2.067,
				1,
				1,
				2.433,
				1,
				2.8,
				0,
				3.167,
				0,
				1,
				3.389,
				0,
				3.611,
				1,
				3.833,
				1,
				1,
				4.1,
				1,
				4.367,
				0,
				4.633,
				0,
				1,
				4.756,
				0,
				4.878,
				1,
				5,
				1,
				1,
				5.211,
				1,
				5.422,
				0,
				5.633,
				0,
				1,
				5.756,
				0,
				5.878,
				1,
				6,
				1
			]
		},
		{
			"Target": "Parameter",
			"Id": "ParamEff2",
			"Segments": [
				0,
				0,
				1,
				0.122,
				0,
				0.244,
				1,
				0.367,
				1,
				1,
				0.522,
				1,
				0.678,
				0,
				0.833,
				0,
				1,
				0.922,
				0,
				1.011,
				1,
				1.1,
				1,
				1,
				1.311,
				1,
				1.522,
				0,
				1.733,
				0,
				1,
				1.967,
				0,
				2.2,
				1,
				2.433,
				1,
				1,
				2.8,
				1,
				3.167,
				0,
				3.533,
				0,
				1,
				3.756,
				0,
				3.978,
				1,
				4.2,
				1,
				1,
				4.467,
				1,
				4.733,
				0,
				5,
				0,
				1,
				5.122,
				0,
				5.244,
				1,
				5.367,
				1,
				1,
				5.578,
				1,
				5.789,
				0,
				6,
				0
			]
		},
		{
			"Target": "Parameter",
			"Id": "ParamEff3",
			"Segments": [
				0,
				1,
				1,
				0.211,
				1,
				0.422,
				0,
				0.633,
				0,
				1,
				0.756,
				0,
				0.878,
				1,
				1,
				1,
				1,
				1.156,
				1,
				1.311,
				0,
				1.467,
				0,
				1,
				1.556,
				0,
				1.644,
				1,
				1.733,
				1,
				1,
				1.944,
				1,
				2.156,
				0,
				2.367,
				0,
				1,
				2.6,
				0,
				2.833,
				1,
				3.067,
				1,
				1,
				3.433,
				1,
				3.8,
				0,
				4.167,
				0,
				1,
				4.389,
				0,
				4.611,
				1,
				4.833,
				1,
				1,
				5.1,
				1,
				5.367,
				0,
				5.633,
				0,
				1,
				5.756,
				0,
				5.878,
				1,
				6,
				1
			]
		},
		{
			"Target": "Parameter",
			"Id": "ParamEff4",
			"Segments": [
				0,
				0,
				1,
				0.122,
				0,
				0.244,
				1,
				0.367,
				1,
				1,
				0.578,
				1,
				0.789,
				0,
				1,
				0,
				1,
				1.122,
				0,
				1.244,
				1,
				1.367,
				1,
				1,
				1.522,
				1,
				1.678,
				0,
				1.833,
				0,
				1,
				1.922,
				0,
				2.011,
				1,
				2.1,
				1,
				1,
				2.311,
				1,
				2.522,
				0,
				2.733,
				0,
				1,
				2.967,
				0,
				3.2,
				1,
				3.433,
				1,
				1,
				3.8,
				1,
				4.167,
				0,
				4.533,
				0,
				1,
				4.756,
				0,
				4.978,
				1,
				5.2,
				1,
				1,
				5.467,
				1,
				5.733,
				0,
				6,
				0
			]
		},
		{
			"Target": "Parameter",
			"Id": "ParamEff5",
			"Segments": [
				0,
				1,
				1,
				0.267,
				1,
				0.533,
				0,
				0.8,
				0,
				1,
				0.922,
				0,
				1.044,
				1,
				1.167,
				1,
				1,
				1.378,
				1,
				1.589,
				0,
				1.8,
				0,
				1,
				1.922,
				0,
				2.044,
				1,
				2.167,
				1,
				1,
				2.322,
				1,
				2.478,
				0,
				2.633,
				0,
				1,
				2.722,
				0,
				2.811,
				1,
				2.9,
				1,
				1,
				3.111,
				1,
				3.322,
				0,
				3.533,
				0,
				1,
				3.767,
				0,
				4,
				1,
				4.233,
				1,
				1,
				4.6,
				1,
				4.967,
				0,
				5.333,
				0,
				1,
				5.556,
				0,
				5.778,
				1,
				6,
				1
			]
		},
		{
			"Target": "Parameter",
			"Id": "ParamEff6",
			"Segments": [
				0,
				0,
				1,
				0.222,
				0,
				0.444,
				1,
				0.667,
				1,
				1,
				0.933,
				1,
				1.2,
				0,
				1.467,
				0,
				1,
				1.589,
				0,
				1.711,
				1,
				1.833,
				1,
				1,
				2.044,
				1,
				2.256,
				0,
				2.467,
				0,
				1,
				2.589,
				0,
				2.711,
				1,
				2.833,
				1,
				1,
				2.989,
				1,
				3.144,
				0,
				3.3,
				0,
				1,
				3.389,
				0,
				3.478,
				1,
				3.567,
				1,
				1,
				3.778,
				1,
				3.989,
				0,
				4.2,
				0,
				1,
				4.433,
				0,
				4.667,
				1,
				4.9,
				1,
				1,
				5.267,
				1,
				5.633,
				0,
				6,
				0
			]
		},
		{
			"Target": "Parameter",
			"Id": "ParamEff7",
			"Segments": [
				0,
				1,
				1,
				0.367,
				1,
				0.733,
				0,
				1.1,
				0,
				1,
				1.322,
				0,
				1.544,
				1,
				1.767,
				1,
				1,
				2.033,
				1,
				2.3,
				0,
				2.567,
				0,
				1,
				2.689,
				0,
				2.811,
				1,
				2.933,
				1,
				1,
				3.144,
				1,
				3.356,
				0,
				3.567,
				0,
				1,
				3.689,
				0,
				3.811,
				1,
				3.933,
				1,
				1,
				4.089,
				1,
				4.244,
				0,
				4.4,
				0,
				1,
				4.489,
				0,
				4.578,
				1,
				4.667,
				1,
				1,
				4.878,
				1,
				5.089,
				0,
				5.3,
				0,
				1,
				5.533,
				0,
				5.767,
				1,
				6,
				1
			]
		},
		{
			"Target": "Parameter",
			"Id": "ParamEff8",
			"Segments": [
				0,
				0,
				1,
				0.233,
				0,
				0.467,
				1,
				0.7,
				1,
				1,
				1.067,
				1,
				1.433,
				0,
				1.8,
				0,
				1,
				2.022,
				0,
				2.244,
				1,
				2.467,
				1,
				1,
				2.733,
				1,
				3,
				0,
				3.267,
				0,
				1,
				3.389,
				0,
				3.511,
				1,
				3.633,
				1,
				1,
				3.844,
				1,
				4.056,
				0,
				4.267,
				0,
				1,
				4.389,
				0,
				4.511,
				1,
				4.633,
				1,
				1,
				4.789,
				1,
				4.944,
				0,
				5.1,
				0,
				1,
				5.189,
				0,
				5.278,
				1,
				5.367,
				1,
				1,
				5.578,
				1,
				5.789,
				0,
				6,
				0
			]
		},
		{
			"Target": "Parameter",
			"Id": "ParamEff9",
			"Segments": [
				0,
				1,
				1,
				0.211,
				1,
				0.422,
				0,
				0.633,
				0,
				1,
				0.867,
				0,
				1.1,
				1,
				1.333,
				1,
				1,
				1.7,
				1,
				2.067,
				0,
				2.433,
				0,
				1,
				2.656,
				0,
				2.878,
				1,
				3.1,
				1,
				1,
				3.367,
				1,
				3.633,
				0,
				3.9,
				0,
				1,
				4.022,
				0,
				4.144,
				1,
				4.267,
				1,
				1,
				4.478,
				1,
				4.689,
				0,
				4.9,
				0,
				1,
				5.022,
				0,
				5.144,
				1,
				5.267,
				1,
				1,
				5.422,
				1,
				5.578,
				0,
				5.733,
				0,
				1,
				5.822,
				0,
				5.911,
				1,
				6,
				1
			]
		},
		{
			"Target": "Parameter",
			"Id": "ParamEff10",
			"Segments": [
				0,
				0,
				1,
				0.089,
				0,
				0.178,
				1,
				0.267,
				1,
				1,
				0.478,
				1,
				0.689,
				0,
				0.9,
				0,
				1,
				1.133,
				0,
				1.367,
				1,
				1.6,
				1,
				1,
				1.967,
				1,
				2.333,
				0,
				2.7,
				0,
				1,
				2.922,
				0,
				3.144,
				1,
				3.367,
				1,
				1,
				3.633,
				1,
				3.9,
				0,
				4.167,
				0,
				1,
				4.289,
				0,
				4.411,
				1,
				4.533,
				1,
				1,
				4.744,
				1,
				4.956,
				0,
				5.167,
				0,
				1,
				5.289,
				0,
				5.411,
				1,
				5.533,
				1,
				1,
				5.689,
				1,
				5.844,
				0,
				6,
				0
			]
		},
		{
			"Target": "Parameter",
			"Id": "ParamEff11",
			"Segments": [
				0,
				0.244,
				1,
				0.233,
				0.244,
				0.467,
				0.229,
				0.7,
				0.3,
				1,
				0.956,
				0.378,
				1.211,
				1,
				1.467,
				1,
				1,
				1.589,
				1,
				1.711,
				0.3,
				1.833,
				0.3,
				1,
				1.9,
				0.3,
				1.967,
				1,
				2.033,
				1,
				1,
				2.089,
				1,
				2.144,
				0.3,
				2.2,
				0.3,
				1,
				2.367,
				0.3,
				2.533,
				1,
				2.7,
				1,
				1,
				2.767,
				1,
				2.833,
				0.4,
				2.9,
				0.4,
				1,
				3.078,
				0.4,
				3.256,
				1,
				3.433,
				1,
				1,
				3.456,
				1,
				3.478,
				0,
				3.5,
				0,
				1,
				3.567,
				0,
				3.633,
				1,
				3.7,
				1,
				1,
				3.756,
				1,
				3.811,
				0.3,
				3.867,
				0.3,
				1,
				3.978,
				0.3,
				4.089,
				1,
				4.2,
				1,
				1,
				4.244,
				1,
				4.289,
				0.3,
				4.333,
				0.3,
				1,
				4.367,
				0.3,
				4.4,
				1,
				4.433,
				1,
				1,
				4.489,
				1,
				4.544,
				0.2,
				4.6,
				0.2,
				1,
				4.7,
				0.2,
				4.8,
				1,
				4.9,
				1,
				1,
				5.022,
				1,
				5.144,
				0.4,
				5.267,
				0.4,
				1,
				5.378,
				0.4,
				5.489,
				1,
				5.6,
				1,
				1,
				5.733,
				1,
				5.867,
				0.244,
				6,
				0.244
			]
		},
		{
			"Target": "Parameter",
			"Id": "ParamEff12",
			"Segments": [
				0,
				0.4,
				1,
				0.111,
				0.4,
				0.222,
				1,
				0.333,
				1,
				1,
				0.467,
				1,
				0.6,
				0.244,
				0.733,
				0.244,
				1,
				0.967,
				0.244,
				1.2,
				0.229,
				1.433,
				0.3,
				1,
				1.689,
				0.378,
				1.944,
				1,
				2.2,
				1,
				1,
				2.322,
				1,
				2.444,
				0.3,
				2.567,
				0.3,
				1,
				2.633,
				0.3,
				2.7,
				1,
				2.767,
				1,
				1,
				2.822,
				1,
				2.878,
				0.3,
				2.933,
				0.3,
				1,
				3.1,
				0.3,
				3.267,
				1,
				3.433,
				1,
				1,
				3.5,
				1,
				3.567,
				0.4,
				3.633,
				0.4,
				1,
				3.811,
				0.4,
				3.989,
				1,
				4.167,
				1,
				1,
				4.189,
				1,
				4.211,
				0,
				4.233,
				0,
				1,
				4.3,
				0,
				4.367,
				1,
				4.433,
				1,
				1,
				4.489,
				1,
				4.544,
				0.3,
				4.6,
				0.3,
				1,
				4.711,
				0.3,
				4.822,
				1,
				4.933,
				1,
				1,
				4.978,
				1,
				5.022,
				0.3,
				5.067,
				0.3,
				1,
				5.1,
				0.3,
				5.133,
				1,
				5.167,
				1,
				1,
				5.222,
				1,
				5.278,
				0.2,
				5.333,
				0.2,
				1,
				5.433,
				0.2,
				5.533,
				1,
				5.633,
				1,
				1,
				5.756,
				1,
				5.878,
				0.4,
				6,
				0.4
			]
		},
		{
			"Target": "Parameter",
			"Id": "ParamEff13",
			"Segments": [
				0,
				0.2,
				1,
				0.1,
				0.2,
				0.2,
				1,
				0.3,
				1,
				1,
				0.422,
				1,
				0.544,
				0.4,
				0.667,
				0.4,
				1,
				0.778,
				0.4,
				0.889,
				1,
				1,
				1,
				1,
				1.133,
				1,
				1.267,
				0.244,
				1.4,
				0.244,
				1,
				1.633,
				0.244,
				1.867,
				0.229,
				2.1,
				0.3,
				1,
				2.356,
				0.378,
				2.611,
				1,
				2.867,
				1,
				1,
				2.989,
				1,
				3.111,
				0.3,
				3.233,
				0.3,
				1,
				3.3,
				0.3,
				3.367,
				1,
				3.433,
				1,
				1,
				3.489,
				1,
				3.544,
				0.3,
				3.6,
				0.3,
				1,
				3.767,
				0.3,
				3.933,
				1,
				4.1,
				1,
				1,
				4.167,
				1,
				4.233,
				0.4,
				4.3,
				0.4,
				1,
				4.478,
				0.4,
				4.656,
				1,
				4.833,
				1,
				1,
				4.856,
				1,
				4.878,
				0,
				4.9,
				0,
				1,
				4.967,
				0,
				5.033,
				1,
				5.1,
				1,
				1,
				5.156,
				1,
				5.211,
				0.3,
				5.267,
				0.3,
				1,
				5.378,
				0.3,
				5.489,
				1,
				5.6,
				1,
				1,
				5.644,
				1,
				5.689,
				0.3,
				5.733,
				0.3,
				1,
				5.767,
				0.3,
				5.8,
				1,
				5.833,
				1,
				1,
				5.889,
				1,
				5.944,
				0.2,
				6,
				0.2
			]
		},
		{
			"Target": "Parameter",
			"Id": "ParamEff14",
			"Segments": [
				0,
				1,
				1,
				0.044,
				1,
				0.089,
				0.3,
				0.133,
				0.3,
				1,
				0.167,
				0.3,
				0.2,
				1,
				0.233,
				1,
				1,
				0.289,
				1,
				0.344,
				0.2,
				0.4,
				0.2,
				1,
				0.5,
				0.2,
				0.6,
				1,
				0.7,
				1,
				1,
				0.822,
				1,
				0.944,
				0.4,
				1.067,
				0.4,
				1,
				1.178,
				0.4,
				1.289,
				1,
				1.4,
				1,
				1,
				1.533,
				1,
				1.667,
				0.244,
				1.8,
				0.244,
				1,
				2.033,
				0.244,
				2.267,
				0.229,
				2.5,
				0.3,
				1,
				2.756,
				0.378,
				3.011,
				1,
				3.267,
				1,
				1,
				3.389,
				1,
				3.511,
				0.3,
				3.633,
				0.3,
				1,
				3.7,
				0.3,
				3.767,
				1,
				3.833,
				1,
				1,
				3.889,
				1,
				3.944,
				0.3,
				4,
				0.3,
				1,
				4.167,
				0.3,
				4.333,
				1,
				4.5,
				1,
				1,
				4.567,
				1,
				4.633,
				0.4,
				4.7,
				0.4,
				1,
				4.878,
				0.4,
				5.056,
				1,
				5.233,
				1,
				1,
				5.256,
				1,
				5.278,
				0,
				5.3,
				0,
				1,
				5.367,
				0,
				5.433,
				1,
				5.5,
				1,
				1,
				5.556,
				1,
				5.611,
				0.3,
				5.667,
				0.3,
				1,
				5.778,
				0.3,
				5.889,
				1,
				6,
				1
			]
		},
		{
			"Target": "Parameter",
			"Id": "Param",
			"Segments": [
				0,
				0,
				1,
				0.5,
				0,
				1,
				1,
				1.5,
				1,
				1,
				2,
				1,
				2.5,
				0,
				3,
				0,
				1,
				3.5,
				0,
				4,
				1,
				4.5,
				1,
				1,
				5,
				1,
				5.5,
				0,
				6,
				0
			]
		},
		{
			"Target": "Parameter",
			"Id": "ParamEff15",
			"Segments": [
				0,
				1,
				0,
				6,
				1
			]
		},
		{
			"Target": "Parameter",
			"Id": "ParamPachi",
			"Segments": [
				0,
				0,
				1,
				0.367,
				0,
				0.733,
				0,
				1.1,
				0,
				1,
				1.144,
				0,
				1.189,
				1,
				1.233,
				1,
				1,
				1.244,
				1,
				1.256,
				1,
				1.267,
				1,
				1,
				1.311,
				1,
				1.356,
				0,
				1.4,
				0,
				1,
				2.933,
				0,
				4.467,
				0,
				6,
				0
			]
		},
		{
			"Target": "Parameter",
			"Id": "ParamEyeRL",
			"Segments": [
				0,
				-30,
				1,
				0.022,
				-30,
				0.044,
				30,
				0.067,
				30,
				1,
				0.089,
				30,
				0.111,
				30,
				0.133,
				30,
				1,
				0.156,
				30,
				0.178,
				-30,
				0.2,
				-30,
				1,
				0.222,
				-30,
				0.244,
				30,
				0.267,
				30,
				1,
				0.289,
				30,
				0.311,
				-30,
				0.333,
				-30,
				1,
				0.356,
				-30,
				0.378,
				30,
				0.4,
				30,
				1,
				0.422,
				30,
				0.444,
				30,
				0.467,
				30,
				1,
				0.489,
				30,
				0.511,
				-30,
				0.533,
				-30,
				1,
				0.556,
				-30,
				0.578,
				-30,
				0.6,
				-30,
				1,
				0.622,
				-30,
				0.644,
				30,
				0.667,
				30,
				1,
				0.689,
				30,
				0.711,
				30,
				0.733,
				30,
				1,
				0.756,
				30,
				0.778,
				-30,
				0.8,
				-30,
				1,
				0.822,
				-30,
				0.844,
				30,
				0.867,
				30,
				1,
				0.889,
				30,
				0.911,
				-30,
				0.933,
				-30,
				1,
				0.956,
				-30,
				0.978,
				30,
				1,
				30,
				1,
				1.022,
				30,
				1.044,
				30,
				1.067,
				30,
				1,
				1.089,
				30,
				1.111,
				-30,
				1.133,
				-30,
				1,
				1.156,
				-30,
				1.178,
				-30,
				1.2,
				-30,
				1,
				1.222,
				-30,
				1.244,
				30,
				1.267,
				30,
				1,
				1.289,
				30,
				1.311,
				30,
				1.333,
				30,
				1,
				1.356,
				30,
				1.378,
				-30,
				1.4,
				-30,
				1,
				1.422,
				-30,
				1.444,
				30,
				1.467,
				30,
				1,
				1.489,
				30,
				1.511,
				-30,
				1.533,
				-30,
				1,
				1.556,
				-30,
				1.578,
				30,
				1.6,
				30,
				1,
				1.622,
				30,
				1.644,
				30,
				1.667,
				30,
				1,
				1.689,
				30,
				1.711,
				-30,
				1.733,
				-30,
				1,
				1.756,
				-30,
				1.778,
				-30,
				1.8,
				-30,
				1,
				1.822,
				-30,
				1.844,
				30,
				1.867,
				30,
				1,
				1.889,
				30,
				1.911,
				30,
				1.933,
				30,
				1,
				1.956,
				30,
				1.978,
				-30,
				2,
				-30,
				1,
				2.022,
				-30,
				2.044,
				30,
				2.067,
				30,
				1,
				2.089,
				30,
				2.111,
				-30,
				2.133,
				-30,
				1,
				2.156,
				-30,
				2.178,
				30,
				2.2,
				30,
				1,
				2.222,
				30,
				2.244,
				30,
				2.267,
				30,
				1,
				2.289,
				30,
				2.311,
				-30,
				2.333,
				-30,
				1,
				2.356,
				-30,
				2.378,
				-30,
				2.4,
				-30,
				1,
				2.422,
				-30,
				2.444,
				30,
				2.467,
				30,
				1,
				2.489,
				30,
				2.511,
				30,
				2.533,
				30,
				1,
				2.556,
				30,
				2.578,
				-30,
				2.6,
				-30,
				1,
				2.622,
				-30,
				2.644,
				30,
				2.667,
				30,
				1,
				2.689,
				30,
				2.711,
				-30,
				2.733,
				-30,
				1,
				2.756,
				-30,
				2.778,
				30,
				2.8,
				30,
				1,
				2.822,
				30,
				2.844,
				30,
				2.867,
				30,
				1,
				2.889,
				30,
				2.911,
				-30,
				2.933,
				-30,
				1,
				2.956,
				-30,
				2.978,
				-30,
				3,
				-30,
				1,
				3.022,
				-30,
				3.044,
				30,
				3.067,
				30,
				1,
				3.089,
				30,
				3.111,
				30,
				3.133,
				30,
				1,
				3.156,
				30,
				3.178,
				-30,
				3.2,
				-30,
				1,
				3.222,
				-30,
				3.244,
				30,
				3.267,
				30,
				1,
				3.289,
				30,
				3.311,
				-30,
				3.333,
				-30,
				1,
				3.356,
				-30,
				3.378,
				30,
				3.4,
				30,
				1,
				3.422,
				30,
				3.444,
				30,
				3.467,
				30,
				1,
				3.489,
				30,
				3.511,
				-30,
				3.533,
				-30,
				1,
				3.556,
				-30,
				3.578,
				-30,
				3.6,
				-30,
				1,
				3.622,
				-30,
				3.644,
				30,
				3.667,
				30,
				1,
				3.689,
				30,
				3.711,
				30,
				3.733,
				30,
				1,
				3.756,
				30,
				3.778,
				-30,
				3.8,
				-30,
				1,
				3.822,
				-30,
				3.844,
				30,
				3.867,
				30,
				1,
				3.889,
				30,
				3.911,
				-30,
				3.933,
				-30,
				1,
				3.956,
				-30,
				3.978,
				30,
				4,
				30,
				1,
				4.022,
				30,
				4.044,
				30,
				4.067,
				30,
				1,
				4.089,
				30,
				4.111,
				-30,
				4.133,
				-30,
				1,
				4.156,
				-30,
				4.178,
				-30,
				4.2,
				-30,
				1,
				4.222,
				-30,
				4.244,
				30,
				4.267,
				30,
				1,
				4.289,
				30,
				4.311,
				30,
				4.333,
				30,
				1,
				4.356,
				30,
				4.378,
				-30,
				4.4,
				-30,
				1,
				4.422,
				-30,
				4.444,
				30,
				4.467,
				30,
				1,
				4.489,
				30,
				4.511,
				-30,
				4.533,
				-30,
				1,
				4.556,
				-30,
				4.578,
				30,
				4.6,
				30,
				1,
				4.622,
				30,
				4.644,
				30,
				4.667,
				30,
				1,
				4.689,
				30,
				4.711,
				-30,
				4.733,
				-30,
				1,
				4.756,
				-30,
				4.778,
				-30,
				4.8,
				-30,
				1,
				4.822,
				-30,
				4.844,
				30,
				4.867,
				30,
				1,
				4.889,
				30,
				4.911,
				30,
				4.933,
				30,
				1,
				4.956,
				30,
				4.978,
				-30,
				5,
				-30,
				1,
				5.022,
				-30,
				5.044,
				30,
				5.067,
				30,
				1,
				5.089,
				30,
				5.111,
				-30,
				5.133,
				-30,
				1,
				5.156,
				-30,
				5.178,
				30,
				5.2,
				30,
				1,
				5.222,
				30,
				5.244,
				30,
				5.267,
				30,
				1,
				5.289,
				30,
				5.311,
				-30,
				5.333,
				-30,
				1,
				5.356,
				-30,
				5.378,
				-30,
				5.4,
				-30,
				1,
				5.422,
				-30,
				5.444,
				30,
				5.467,
				30,
				1,
				5.489,
				30,
				5.511,
				30,
				5.533,
				30,
				1,
				5.556,
				30,
				5.578,
				-30,
				5.6,
				-30,
				1,
				5.622,
				-30,
				5.644,
				30,
				5.667,
				30,
				1,
				5.689,
				30,
				5.711,
				-30,
				5.733,
				-30,
				1,
				5.756,
				-30,
				5.778,
				30,
				5.8,
				30,
				1,
				5.822,
				30,
				5.844,
				30,
				5.867,
				30,
				1,
				5.889,
				30,
				5.911,
				-30,
				5.933,
				-30,
				1,
				5.956,
				-30,
				5.978,
				-30,
				6,
				-30
			]
		},
		{
			"Target": "Parameter",
			"Id": "ParamEyeUD",
			"Segments": [
				0,
				30,
				1,
				0.022,
				30,
				0.044,
				30,
				0.067,
				30,
				1,
				0.089,
				30,
				0.111,
				-30,
				0.133,
				-30,
				1,
				0.156,
				-30,
				0.178,
				-30,
				0.2,
				-30,
				1,
				0.222,
				-30,
				0.244,
				30,
				0.267,
				30,
				1,
				0.289,
				30,
				0.311,
				30.145,
				0.333,
				29,
				1,
				0.356,
				27.855,
				0.378,
				-30,
				0.4,
				-30,
				1,
				0.422,
				-30,
				0.444,
				30,
				0.467,
				30,
				1,
				0.489,
				30,
				0.511,
				-30,
				0.533,
				-30,
				1,
				0.556,
				-30,
				0.578,
				30,
				0.6,
				30,
				1,
				0.622,
				30,
				0.644,
				30,
				0.667,
				30,
				1,
				0.689,
				30,
				0.711,
				-30,
				0.733,
				-30,
				1,
				0.756,
				-30,
				0.778,
				-30,
				0.8,
				-30,
				1,
				0.822,
				-30,
				0.844,
				30,
				0.867,
				30,
				1,
				0.889,
				30,
				0.911,
				30.145,
				0.933,
				29,
				1,
				0.956,
				27.855,
				0.978,
				-30,
				1,
				-30,
				1,
				1.022,
				-30,
				1.044,
				30,
				1.067,
				30,
				1,
				1.089,
				30,
				1.111,
				-30,
				1.133,
				-30,
				1,
				1.156,
				-30,
				1.178,
				30,
				1.2,
				30,
				1,
				1.222,
				30,
				1.244,
				30,
				1.267,
				30,
				1,
				1.289,
				30,
				1.311,
				-30,
				1.333,
				-30,
				1,
				1.356,
				-30,
				1.378,
				-30,
				1.4,
				-30,
				1,
				1.422,
				-30,
				1.444,
				30,
				1.467,
				30,
				1,
				1.489,
				30,
				1.511,
				30.145,
				1.533,
				29,
				1,
				1.556,
				27.855,
				1.578,
				-30,
				1.6,
				-30,
				1,
				1.622,
				-30,
				1.644,
				30,
				1.667,
				30,
				1,
				1.689,
				30,
				1.711,
				-30,
				1.733,
				-30,
				1,
				1.756,
				-30,
				1.778,
				30,
				1.8,
				30,
				1,
				1.822,
				30,
				1.844,
				30,
				1.867,
				30,
				1,
				1.889,
				30,
				1.911,
				-30,
				1.933,
				-30,
				1,
				1.956,
				-30,
				1.978,
				-30,
				2,
				-30,
				1,
				2.022,
				-30,
				2.044,
				30,
				2.067,
				30,
				1,
				2.089,
				30,
				2.111,
				30.145,
				2.133,
				29,
				1,
				2.156,
				27.855,
				2.178,
				-30,
				2.2,
				-30,
				1,
				2.222,
				-30,
				2.244,
				30,
				2.267,
				30,
				1,
				2.289,
				30,
				2.311,
				-30,
				2.333,
				-30,
				1,
				2.356,
				-30,
				2.378,
				30,
				2.4,
				30,
				1,
				2.422,
				30,
				2.444,
				30,
				2.467,
				30,
				1,
				2.489,
				30,
				2.511,
				-30,
				2.533,
				-30,
				1,
				2.556,
				-30,
				2.578,
				-30,
				2.6,
				-30,
				1,
				2.622,
				-30,
				2.644,
				30,
				2.667,
				30,
				1,
				2.689,
				30,
				2.711,
				30.145,
				2.733,
				29,
				1,
				2.756,
				27.855,
				2.778,
				-30,
				2.8,
				-30,
				1,
				2.822,
				-30,
				2.844,
				30,
				2.867,
				30,
				1,
				2.889,
				30,
				2.911,
				-30,
				2.933,
				-30,
				1,
				2.956,
				-30,
				2.978,
				30,
				3,
				30,
				1,
				3.022,
				30,
				3.044,
				30,
				3.067,
				30,
				1,
				3.089,
				30,
				3.111,
				-30,
				3.133,
				-30,
				1,
				3.156,
				-30,
				3.178,
				-30,
				3.2,
				-30,
				1,
				3.222,
				-30,
				3.244,
				30,
				3.267,
				30,
				1,
				3.289,
				30,
				3.311,
				30.145,
				3.333,
				29,
				1,
				3.356,
				27.855,
				3.378,
				-30,
				3.4,
				-30,
				1,
				3.422,
				-30,
				3.444,
				30,
				3.467,
				30,
				1,
				3.489,
				30,
				3.511,
				-30,
				3.533,
				-30,
				1,
				3.556,
				-30,
				3.578,
				30,
				3.6,
				30,
				1,
				3.622,
				30,
				3.644,
				30,
				3.667,
				30,
				1,
				3.689,
				30,
				3.711,
				-30,
				3.733,
				-30,
				1,
				3.756,
				-30,
				3.778,
				-30,
				3.8,
				-30,
				1,
				3.822,
				-30,
				3.844,
				30,
				3.867,
				30,
				1,
				3.889,
				30,
				3.911,
				30.145,
				3.933,
				29,
				1,
				3.956,
				27.855,
				3.978,
				-30,
				4,
				-30,
				1,
				4.022,
				-30,
				4.044,
				30,
				4.067,
				30,
				1,
				4.089,
				30,
				4.111,
				-30,
				4.133,
				-30,
				1,
				4.156,
				-30,
				4.178,
				30,
				4.2,
				30,
				1,
				4.222,
				30,
				4.244,
				30,
				4.267,
				30,
				1,
				4.289,
				30,
				4.311,
				-30,
				4.333,
				-30,
				1,
				4.356,
				-30,
				4.378,
				-30,
				4.4,
				-30,
				1,
				4.422,
				-30,
				4.444,
				30,
				4.467,
				30,
				1,
				4.489,
				30,
				4.511,
				30.145,
				4.533,
				29,
				1,
				4.556,
				27.855,
				4.578,
				-30,
				4.6,
				-30,
				1,
				4.622,
				-30,
				4.644,
				30,
				4.667,
				30,
				1,
				4.689,
				30,
				4.711,
				-30,
				4.733,
				-30,
				1,
				4.756,
				-30,
				4.778,
				30,
				4.8,
				30,
				1,
				4.822,
				30,
				4.844,
				30,
				4.867,
				30,
				1,
				4.889,
				30,
				4.911,
				-30,
				4.933,
				-30,
				1,
				4.956,
				-30,
				4.978,
				-30,
				5,
				-30,
				1,
				5.022,
				-30,
				5.044,
				30,
				5.067,
				30,
				1,
				5.089,
				30,
				5.111,
				30.145,
				5.133,
				29,
				1,
				5.156,
				27.855,
				5.178,
				-30,
				5.2,
				-30,
				1,
				5.222,
				-30,
				5.244,
				30,
				5.267,
				30,
				1,
				5.289,
				30,
				5.311,
				-30,
				5.333,
				-30,
				1,
				5.356,
				-30,
				5.378,
				30,
				5.4,
				30,
				1,
				5.422,
				30,
				5.444,
				30,
				5.467,
				30,
				1,
				5.489,
				30,
				5.511,
				-30,
				5.533,
				-30,
				1,
				5.556,
				-30,
				5.578,
				-30,
				5.6,
				-30,
				1,
				5.622,
				-30,
				5.644,
				30,
				5.667,
				30,
				1,
				5.689,
				30,
				5.711,
				30.145,
				5.733,
				29,
				1,
				5.756,
				27.855,
				5.778,
				-30,
				5.8,
				-30,
				1,
				5.822,
				-30,
				5.844,
				30,
				5.867,
				30,
				1,
				5.889,
				30,
				5.911,
				-30,
				5.933,
				-30,
				1,
				5.956,
				-30,
				5.978,
				30,
				6,
				30
			]
		},
		{
			"Target": "Parameter",
			"Id": "ParamEyeBS",
			"Segments": [
				0,
				-1,
				1,
				0.022,
				-1,
				0.044,
				1,
				0.067,
				1,
				1,
				0.089,
				1,
				0.111,
				-1,
				0.133,
				-1,
				1,
				0.156,
				-1,
				0.178,
				1,
				0.2,
				1,
				1,
				0.222,
				1,
				0.244,
				-1,
				0.267,
				-1,
				1,
				0.289,
				-1,
				0.311,
				1,
				0.333,
				1,
				1,
				0.356,
				1,
				0.378,
				-1,
				0.4,
				-1,
				1,
				0.422,
				-1,
				0.444,
				1,
				0.467,
				1,
				1,
				0.489,
				1,
				0.511,
				-1,
				0.533,
				-1,
				1,
				0.556,
				-1,
				0.578,
				1,
				0.6,
				1,
				1,
				0.622,
				1,
				0.644,
				-1,
				0.667,
				-1,
				1,
				0.689,
				-1,
				0.711,
				1,
				0.733,
				1,
				1,
				0.756,
				1,
				0.778,
				-1,
				0.8,
				-1,
				1,
				0.822,
				-1,
				0.844,
				1,
				0.867,
				1,
				1,
				0.889,
				1,
				0.911,
				-1,
				0.933,
				-1,
				1,
				0.956,
				-1,
				0.978,
				1,
				1,
				1,
				1,
				1.022,
				1,
				1.044,
				-1,
				1.067,
				-1,
				1,
				1.089,
				-1,
				1.111,
				1,
				1.133,
				1,
				1,
				1.156,
				1,
				1.178,
				-1,
				1.2,
				-1,
				1,
				1.222,
				-1,
				1.244,
				1,
				1.267,
				1,
				1,
				1.289,
				1,
				1.311,
				-1,
				1.333,
				-1,
				1,
				1.356,
				-1,
				1.378,
				1,
				1.4,
				1,
				1,
				1.422,
				1,
				1.444,
				-1,
				1.467,
				-1,
				1,
				1.489,
				-1,
				1.511,
				1,
				1.533,
				1,
				1,
				1.556,
				1,
				1.578,
				-1,
				1.6,
				-1,
				1,
				1.622,
				-1,
				1.644,
				1,
				1.667,
				1,
				1,
				1.689,
				1,
				1.711,
				-1,
				1.733,
				-1,
				1,
				1.756,
				-1,
				1.778,
				1,
				1.8,
				1,
				1,
				1.822,
				1,
				1.844,
				-1,
				1.867,
				-1,
				1,
				1.889,
				-1,
				1.911,
				1,
				1.933,
				1,
				1,
				1.956,
				1,
				1.978,
				-1,
				2,
				-1,
				1,
				2.022,
				-1,
				2.044,
				1,
				2.067,
				1,
				1,
				2.089,
				1,
				2.111,
				-1,
				2.133,
				-1,
				1,
				2.156,
				-1,
				2.178,
				1,
				2.2,
				1,
				1,
				2.222,
				1,
				2.244,
				-1,
				2.267,
				-1,
				1,
				2.289,
				-1,
				2.311,
				1,
				2.333,
				1,
				1,
				2.356,
				1,
				2.378,
				-1,
				2.4,
				-1,
				1,
				2.422,
				-1,
				2.444,
				1,
				2.467,
				1,
				1,
				2.489,
				1,
				2.511,
				-1,
				2.533,
				-1,
				1,
				2.556,
				-1,
				2.578,
				1,
				2.6,
				1,
				1,
				2.622,
				1,
				2.644,
				-1,
				2.667,
				-1,
				1,
				2.689,
				-1,
				2.711,
				1,
				2.733,
				1,
				1,
				2.756,
				1,
				2.778,
				-1,
				2.8,
				-1,
				1,
				2.822,
				-1,
				2.844,
				1,
				2.867,
				1,
				1,
				2.889,
				1,
				2.911,
				-1,
				2.933,
				-1,
				1,
				2.956,
				-1,
				2.978,
				1,
				3,
				1,
				1,
				3.022,
				1,
				3.044,
				-1,
				3.067,
				-1,
				1,
				3.089,
				-1,
				3.111,
				1,
				3.133,
				1,
				1,
				3.156,
				1,
				3.178,
				-1,
				3.2,
				-1,
				1,
				3.222,
				-1,
				3.244,
				1,
				3.267,
				1,
				1,
				3.289,
				1,
				3.311,
				-1,
				3.333,
				-1,
				1,
				3.356,
				-1,
				3.378,
				1,
				3.4,
				1,
				1,
				3.422,
				1,
				3.444,
				-1,
				3.467,
				-1,
				1,
				3.489,
				-1,
				3.511,
				1,
				3.533,
				1,
				1,
				3.556,
				1,
				3.578,
				-1,
				3.6,
				-1,
				1,
				3.622,
				-1,
				3.644,
				1,
				3.667,
				1,
				1,
				3.689,
				1,
				3.711,
				-1,
				3.733,
				-1,
				1,
				3.756,
				-1,
				3.778,
				1,
				3.8,
				1,
				1,
				3.822,
				1,
				3.844,
				-1,
				3.867,
				-1,
				1,
				3.889,
				-1,
				3.911,
				1,
				3.933,
				1,
				1,
				3.956,
				1,
				3.978,
				-1,
				4,
				-1,
				1,
				4.022,
				-1,
				4.044,
				1,
				4.067,
				1,
				1,
				4.089,
				1,
				4.111,
				-1,
				4.133,
				-1,
				1,
				4.156,
				-1,
				4.178,
				1,
				4.2,
				1,
				1,
				4.222,
				1,
				4.244,
				-1,
				4.267,
				-1,
				1,
				4.289,
				-1,
				4.311,
				1,
				4.333,
				1,
				1,
				4.356,
				1,
				4.378,
				-1,
				4.4,
				-1,
				1,
				4.422,
				-1,
				4.444,
				1,
				4.467,
				1,
				1,
				4.489,
				1,
				4.511,
				-1,
				4.533,
				-1,
				1,
				4.556,
				-1,
				4.578,
				1,
				4.6,
				1,
				1,
				4.622,
				1,
				4.644,
				-1,
				4.667,
				-1,
				1,
				4.689,
				-1,
				4.711,
				1,
				4.733,
				1,
				1,
				4.756,
				1,
				4.778,
				-1,
				4.8,
				-1,
				1,
				4.822,
				-1,
				4.844,
				1,
				4.867,
				1,
				1,
				4.889,
				1,
				4.911,
				-1,
				4.933,
				-1,
				1,
				4.956,
				-1,
				4.978,
				1,
				5,
				1,
				1,
				5.022,
				1,
				5.044,
				-1,
				5.067,
				-1,
				1,
				5.089,
				-1,
				5.111,
				1,
				5.133,
				1,
				1,
				5.156,
				1,
				5.178,
				-1,
				5.2,
				-1,
				1,
				5.222,
				-1,
				5.244,
				1,
				5.267,
				1,
				1,
				5.289,
				1,
				5.311,
				-1,
				5.333,
				-1,
				1,
				5.356,
				-1,
				5.378,
				1,
				5.4,
				1,
				1,
				5.422,
				1,
				5.444,
				-1,
				5.467,
				-1,
				1,
				5.489,
				-1,
				5.511,
				1,
				5.533,
				1,
				1,
				5.556,
				1,
				5.578,
				-1,
				5.6,
				-1,
				1,
				5.622,
				-1,
				5.644,
				1,
				5.667,
				1,
				1,
				5.689,
				1,
				5.711,
				-1,
				5.733,
				-1,
				1,
				5.756,
				-1,
				5.778,
				1,
				5.8,
				1,
				1,
				5.822,
				1,
				5.844,
				-1,
				5.867,
				-1,
				1,
				5.889,
				-1,
				5.911,
				1,
				5.933,
				1,
				1,
				5.956,
				1,
				5.978,
				-1,
				6,
				-1
			]
		},
		{
			"Target": "Parameter",
			"Id": "ParamBreat",
			"Segments": [
				0,
				0,
				1,
				1,
				0,
				2,
				1,
				3,
				1,
				1,
				4,
				1,
				5,
				0,
				6,
				0
			]
		},
		{
			"Target": "Parameter",
			"Id": "Param2",
			"Segments": [
				0,
				0,
				1,
				0.333,
				0,
				0.667,
				0,
				1,
				0,
				1,
				1.578,
				0,
				2.156,
				-4,
				2.733,
				-4,
				1,
				3.033,
				-4,
				3.333,
				-3.379,
				3.633,
				-2.656,
				1,
				4.422,
				-0.755,
				5.211,
				0,
				6,
				0
			]
		},
		{
			"Target": "Parameter",
			"Id": "Param3",
			"Segments": [
				0,
				0,
				1,
				0.011,
				0,
				0.022,
				-0.498,
				0.033,
				-0.684,
				1,
				0.467,
				-7.928,
				0.9,
				-11.4,
				1.333,
				-11.4,
				1,
				2.244,
				-11.4,
				3.156,
				14,
				4.067,
				14,
				1,
				4.711,
				14,
				5.356,
				9.951,
				6,
				0
			]
		},
		{
			"Target": "Parameter",
			"Id": "Param4",
			"Segments": [
				0,
				0,
				1,
				0.333,
				0,
				0.667,
				0,
				1,
				0,
				1,
				1.422,
				0,
				1.844,
				-0.109,
				2.267,
				4,
				1,
				2.711,
				8.326,
				3.156,
				18,
				3.6,
				18,
				1,
				4.4,
				18,
				5.2,
				0,
				6,
				0
			]
		},
		{
			"Target": "Parameter",
			"Id": "Param7",
			"Segments": [
				0,
				-6.965,
				1,
				0.011,
				-6.965,
				0.022,
				-7.358,
				0.033,
				-7.6,
				1,
				0.356,
				-14.629,
				0.678,
				-18,
				1,
				-18,
				1,
				1.878,
				-18,
				2.756,
				29,
				3.633,
				29,
				1,
				4.422,
				29,
				5.211,
				14.535,
				6,
				-6.965
			]
		},
		{
			"Target": "Parameter",
			"Id": "Param8",
			"Segments": [
				0,
				-4.841,
				1,
				0.011,
				-4.841,
				0.022,
				-5.025,
				0.033,
				-5.161,
				1,
				0.356,
				-9.101,
				0.678,
				-11,
				1,
				-11,
				1,
				1.878,
				-11,
				2.756,
				18,
				3.633,
				18,
				1,
				4.422,
				18,
				5.211,
				8.151,
				6,
				-4.841
			]
		},
		{
			"Target": "Parameter",
			"Id": "Param5",
			"Segments": [
				0,
				2.697,
				1,
				0.011,
				2.697,
				0.022,
				2.493,
				0.033,
				2.32,
				1,
				0.522,
				-5.279,
				1.011,
				-9,
				1.5,
				-9,
				1,
				2.378,
				-9,
				3.256,
				19,
				4.133,
				19,
				1,
				4.756,
				19,
				5.378,
				13.012,
				6,
				2.697
			]
		},
		{
			"Target": "Parameter",
			"Id": "Param6",
			"Segments": [
				0,
				2.826,
				1,
				0.011,
				2.826,
				0.022,
				2.562,
				0.033,
				2.388,
				1,
				0.522,
				-5.271,
				1.011,
				-9,
				1.5,
				-9,
				1,
				2.378,
				-9,
				3.256,
				19,
				4.133,
				19,
				1,
				4.756,
				19,
				5.378,
				13.151,
				6,
				2.826
			]
		},
		{
			"Target": "Parameter",
			"Id": "Param9",
			"Segments": [
				0,
				-3.179,
				1,
				0.011,
				-3.179,
				0.022,
				-3.595,
				0.033,
				-3.796,
				1,
				0.6,
				-14.027,
				1.167,
				-19,
				1.733,
				-19,
				1,
				2.544,
				-19,
				3.356,
				14,
				4.167,
				14,
				1,
				4.778,
				14,
				5.389,
				8.127,
				6,
				-3.179
			]
		},
		{
			"Target": "Parameter",
			"Id": "Param_Angle_Rotation",
			"Segments": [
				0,
				2.839,
				1,
				0.011,
				2.839,
				0.022,
				2.858,
				0.033,
				2.906,
				1,
				0.356,
				4.298,
				0.678,
				5,
				1,
				5,
				1,
				1.889,
				5,
				2.778,
				-5,
				3.667,
				-5,
				1,
				4.444,
				-5,
				5.222,
				-1.639,
				6,
				2.839
			]
		},
		{
			"Target": "Parameter",
			"Id": "Param_Angle_Rotation2",
			"Segments": [
				0,
				2.515,
				1,
				0.011,
				2.515,
				0.022,
				2.558,
				0.033,
				2.644,
				1,
				0.467,
				6.001,
				0.9,
				7.68,
				1.333,
				7.68,
				1,
				2.222,
				7.68,
				3.111,
				-7,
				4,
				-7,
				1,
				4.667,
				-7,
				5.333,
				-3.297,
				6,
				2.515
			]
		},
		{
			"Target": "Parameter",
			"Id": "Param_Angle_Rotation3",
			"Segments": [
				0,
				-1.399,
				1,
				0.011,
				-1.399,
				0.022,
				-1.304,
				0.033,
				-1.147,
				1,
				0.633,
				7.348,
				1.233,
				11.58,
				1.833,
				11.58,
				1,
				2.722,
				11.58,
				3.611,
				-11,
				4.5,
				-11,
				1,
				5,
				-11,
				5.5,
				-8.156,
				6,
				-1.399
			]
		},
		{
			"Target": "Parameter",
			"Id": "Param_Angle_Rotation4",
			"Segments": [
				0,
				-9.037,
				1,
				0.011,
				-9.037,
				0.022,
				-8.999,
				0.033,
				-8.786,
				1,
				0.911,
				8.013,
				1.789,
				16.5,
				2.667,
				16.5,
				1,
				3.556,
				16.5,
				4.444,
				-12,
				5.333,
				-12,
				1,
				5.556,
				-12,
				5.778,
				-12.471,
				6,
				-9.037
			]
		},
		{
			"Target": "Parameter",
			"Id": "Param_Angle_Rotation5",
			"Segments": [
				0,
				-0.344,
				1,
				0.011,
				-0.344,
				0.022,
				-0.357,
				0.033,
				-0.36,
				1,
				0.356,
				-0.456,
				0.678,
				-0.5,
				1,
				-0.5,
				1,
				1.667,
				-0.5,
				2.333,
				0.5,
				3,
				0.5,
				1,
				4,
				0.5,
				5,
				0.125,
				6,
				-0.344
			]
		},
		{
			"Target": "Parameter",
			"Id": "Param_Angle_Rotation6",
			"Segments": [
				0,
				-1.836,
				1,
				0.011,
				-1.836,
				0.022,
				-1.914,
				0.033,
				-1.961,
				1,
				0.522,
				-4.007,
				1.011,
				-5,
				1.5,
				-5,
				1,
				2.167,
				-5,
				2.833,
				5,
				3.5,
				5,
				1,
				4.333,
				5,
				5.167,
				2.265,
				6,
				-1.836
			]
		},
		{
			"Target": "Parameter",
			"Id": "Param_Angle_Rotation7",
			"Segments": [
				0,
				2.005,
				1,
				0.011,
				2.005,
				0.022,
				1.647,
				0.033,
				1.554,
				1,
				0.8,
				-4.876,
				1.567,
				-8,
				2.333,
				-8,
				1,
				3,
				-8,
				3.667,
				8,
				4.333,
				8,
				1,
				4.889,
				8,
				5.444,
				6.416,
				6,
				2.005
			]
		},
		{
			"Target": "Parameter",
			"Id": "Param_Angle_Rotation8",
			"Segments": [
				0,
				-0.344,
				1,
				0.011,
				-0.344,
				0.022,
				-0.357,
				0.033,
				-0.36,
				1,
				0.356,
				-0.456,
				0.678,
				-0.5,
				1,
				-0.5,
				1,
				1.667,
				-0.5,
				2.333,
				0.5,
				3,
				0.5,
				1,
				4,
				0.5,
				5,
				0.125,
				6,
				-0.344
			]
		},
		{
			"Target": "Parameter",
			"Id": "Param_Angle_Rotation9",
			"Segments": [
				0,
				-1.836,
				1,
				0.011,
				-1.836,
				0.022,
				-1.994,
				0.033,
				-2.04,
				1,
				0.522,
				-4.043,
				1.011,
				-5,
				1.5,
				-5,
				1,
				2.167,
				-5,
				2.833,
				5,
				3.5,
				5,
				1,
				4.333,
				5,
				5.167,
				2.265,
				6,
				-1.836
			]
		},
		{
			"Target": "Parameter",
			"Id": "Param_Angle_Rotation10",
			"Segments": [
				0,
				0,
				1,
				0.011,
				0,
				0.022,
				-0.19,
				0.033,
				-0.244,
				1,
				0.689,
				-3.45,
				1.344,
				-5,
				2,
				-5,
				1,
				2.667,
				-5,
				3.333,
				5,
				4,
				5,
				1,
				4.667,
				5,
				5.333,
				3.333,
				6,
				0
			]
		},
		{
			"Target": "Parameter",
			"Id": "Param_Angle_Rotation11",
			"Segments": [
				0,
				1.98,
				1,
				0.011,
				1.98,
				0.022,
				1.768,
				0.033,
				1.674,
				1,
				0.8,
				-4.824,
				1.567,
				-8,
				2.333,
				-8,
				1,
				3,
				-8,
				3.667,
				8,
				4.333,
				8,
				1,
				4.889,
				8,
				5.444,
				6.393,
				6,
				1.98
			]
		},
		{
			"Target": "Parameter",
			"Id": "Param_Angle_Rotation12",
			"Segments": [
				0,
				-0.341,
				1,
				0.011,
				-0.341,
				0.022,
				-0.347,
				0.033,
				-0.35,
				1,
				0.356,
				-0.451,
				0.678,
				-0.5,
				1,
				-0.5,
				1,
				1.678,
				-0.5,
				2.356,
				0.5,
				3.033,
				0.5,
				1,
				4.022,
				0.5,
				5.011,
				0.127,
				6,
				-0.341
			]
		},
		{
			"Target": "Parameter",
			"Id": "Param_Angle_Rotation13",
			"Segments": [
				0,
				-0.379,
				1,
				0.011,
				-0.379,
				0.022,
				-0.393,
				0.033,
				-0.4,
				1,
				0.467,
				-0.67,
				0.9,
				-0.8,
				1.333,
				-0.8,
				1,
				2.011,
				-0.8,
				2.689,
				0.8,
				3.367,
				0.8,
				1,
				4.244,
				0.8,
				5.122,
				0.31,
				6,
				-0.379
			]
		},
		{
			"Target": "Parameter",
			"Id": "Param_Angle_Rotation14",
			"Segments": [
				0,
				-0.113,
				1,
				0.011,
				-0.113,
				0.022,
				-0.139,
				0.033,
				-0.15,
				1,
				0.633,
				-0.723,
				1.233,
				-1,
				1.833,
				-1,
				1,
				2.511,
				-1,
				3.189,
				1,
				3.867,
				1,
				1,
				4.578,
				1,
				5.289,
				0.603,
				6,
				-0.113
			]
		},
		{
			"Target": "Parameter",
			"Id": "Param_Angle_Rotation15",
			"Segments": [
				0,
				0.458,
				1,
				0.011,
				0.458,
				0.022,
				0.415,
				0.033,
				0.4,
				1,
				0.856,
				-0.676,
				1.678,
				-1.2,
				2.5,
				-1.2,
				1,
				3.178,
				-1.2,
				3.856,
				1.2,
				4.533,
				1.2,
				1,
				5.022,
				1.2,
				5.511,
				1.04,
				6,
				0.458
			]
		},
		{
			"Target": "Parameter",
			"Id": "Param_Angle_Rotation16",
			"Segments": [
				0,
				-0.341,
				1,
				0.011,
				-0.341,
				0.022,
				-0.357,
				0.033,
				-0.36,
				1,
				0.356,
				-0.456,
				0.678,
				-0.5,
				1,
				-0.5,
				1,
				1.678,
				-0.5,
				2.356,
				0.5,
				3.033,
				0.5,
				1,
				4.022,
				0.5,
				5.011,
				0.127,
				6,
				-0.341
			]
		},
		{
			"Target": "Parameter",
			"Id": "Param_Angle_Rotation17",
			"Segments": [
				0,
				-0.379,
				1,
				0.011,
				-0.379,
				0.022,
				-0.393,
				0.033,
				-0.4,
				1,
				0.467,
				-0.67,
				0.9,
				-0.8,
				1.333,
				-0.8,
				1,
				2.011,
				-0.8,
				2.689,
				0.8,
				3.367,
				0.8,
				1,
				4.244,
				0.8,
				5.122,
				0.31,
				6,
				-0.379
			]
		},
		{
			"Target": "Parameter",
			"Id": "Param_Angle_Rotation18",
			"Segments": [
				0,
				-0.113,
				1,
				0.011,
				-0.113,
				0.022,
				-0.139,
				0.033,
				-0.15,
				1,
				0.633,
				-0.723,
				1.233,
				-1,
				1.833,
				-1,
				1,
				2.511,
				-1,
				3.189,
				1,
				3.867,
				1,
				1,
				4.578,
				1,
				5.289,
				0.603,
				6,
				-0.113
			]
		},
		{
			"Target": "Parameter",
			"Id": "Param_Angle_Rotation19",
			"Segments": [
				0,
				0.458,
				1,
				0.011,
				0.458,
				0.022,
				0.415,
				0.033,
				0.4,
				1,
				0.856,
				-0.676,
				1.678,
				-1.2,
				2.5,
				-1.2,
				1,
				3.178,
				-1.2,
				3.856,
				1.2,
				4.533,
				1.2,
				1,
				5.022,
				1.2,
				5.511,
				1.04,
				6,
				0.458
			]
		},
		{
			"Target": "Parameter",
			"Id": "Param_Angle_Rotation20",
			"Segments": [
				0,
				-0.584,
				1,
				0.011,
				-0.584,
				0.022,
				-0.591,
				0.033,
				-0.6,
				1,
				0.356,
				-0.855,
				0.678,
				-0.98,
				1,
				-0.98,
				1,
				1.678,
				-0.98,
				2.356,
				1.52,
				3.033,
				1.52,
				1,
				4.022,
				1.52,
				5.011,
				0.586,
				6,
				-0.584
			]
		},
		{
			"Target": "Parameter",
			"Id": "Param_Angle_Rotation21",
			"Segments": [
				0,
				-1.003,
				1,
				0.011,
				-1.003,
				0.022,
				-1.021,
				0.033,
				-1.03,
				1,
				0.467,
				-1.374,
				0.9,
				-1.54,
				1.333,
				-1.54,
				1,
				2.011,
				-1.54,
				2.689,
				0.5,
				3.367,
				0.5,
				1,
				4.244,
				0.5,
				5.122,
				-0.125,
				6,
				-1.003
			]
		},
		{
			"Target": "Parameter",
			"Id": "Param_Angle_Rotation22",
			"Segments": [
				0,
				0.165,
				1,
				0.011,
				0.165,
				0.022,
				0.148,
				0.033,
				0.14,
				1,
				0.633,
				-0.291,
				1.233,
				-0.5,
				1.833,
				-0.5,
				1,
				2.511,
				-0.5,
				3.189,
				1,
				3.867,
				1,
				1,
				4.578,
				1,
				5.289,
				0.702,
				6,
				0.165
			]
		},
		{
			"Target": "Parameter",
			"Id": "Param_Angle_Rotation23",
			"Segments": [
				0,
				0.455,
				1,
				0.011,
				0.455,
				0.022,
				0.431,
				0.033,
				0.4,
				1,
				0.856,
				-1.872,
				1.678,
				-3,
				2.5,
				-3,
				1,
				3.178,
				-3,
				3.856,
				2,
				4.533,
				2,
				1,
				5.022,
				2,
				5.511,
				1.666,
				6,
				0.455
			]
		},
		{
			"Target": "Parameter",
			"Id": "Param_Angle_Rotation24",
			"Segments": [
				0,
				0.762,
				1,
				0.011,
				0.762,
				0.022,
				0.775,
				0.033,
				0.78,
				1,
				0.356,
				0.93,
				0.678,
				1,
				1,
				1,
				1,
				1.678,
				1,
				2.356,
				-0.5,
				3.033,
				-0.5,
				1,
				4.022,
				-0.5,
				5.011,
				0.06,
				6,
				0.762
			]
		},
		{
			"Target": "Parameter",
			"Id": "Param_Angle_Rotation25",
			"Segments": [
				0,
				1.079,
				1,
				0.011,
				1.079,
				0.022,
				1.115,
				0.033,
				1.13,
				1,
				0.467,
				1.718,
				0.9,
				2,
				1.333,
				2,
				1,
				2.011,
				2,
				2.689,
				-1.5,
				3.367,
				-1.5,
				1,
				4.244,
				-1.5,
				5.122,
				-0.428,
				6,
				1.079
			]
		},
		{
			"Target": "Parameter",
			"Id": "Param_Angle_Rotation26",
			"Segments": [
				0,
				-0.752,
				1,
				0.011,
				-0.752,
				0.022,
				-0.732,
				0.033,
				-0.68,
				1,
				0.678,
				2.329,
				1.322,
				3.84,
				1.967,
				3.84,
				1,
				2.644,
				3.84,
				3.322,
				-5.46,
				4,
				-5.46,
				1,
				4.667,
				-5.46,
				5.333,
				-3.878,
				6,
				-0.752
			]
		},
		{
			"Target": "Parameter",
			"Id": "Param_Angle_Rotation27",
			"Segments": [
				0,
				0.749,
				1,
				0.011,
				0.749,
				0.022,
				0.755,
				0.033,
				0.76,
				1,
				0.356,
				0.908,
				0.678,
				0.98,
				1,
				0.98,
				1,
				1.667,
				0.98,
				2.333,
				-0.5,
				3,
				-0.5,
				1,
				4,
				-0.5,
				5,
				0.055,
				6,
				0.749
			]
		},
		{
			"Target": "Parameter",
			"Id": "Param_Angle_Rotation28",
			"Segments": [
				0,
				0.482,
				1,
				0.011,
				0.482,
				0.022,
				0.491,
				0.033,
				0.5,
				1,
				0.467,
				0.836,
				0.9,
				1,
				1.333,
				1,
				1,
				2,
				1,
				2.667,
				-1,
				3.333,
				-1,
				1,
				4.222,
				-1,
				5.111,
				-0.382,
				6,
				0.482
			]
		},
		{
			"Target": "Parameter",
			"Id": "Param_Angle_Rotation29",
			"Segments": [
				0,
				-0.01,
				1,
				0.011,
				-0.01,
				0.022,
				0.07,
				0.033,
				0.11,
				1,
				0.644,
				2.336,
				1.256,
				3.42,
				1.867,
				3.42,
				1,
				2.533,
				3.42,
				3.2,
				-4.2,
				3.867,
				-4.2,
				1,
				4.578,
				-4.2,
				5.289,
				-2.716,
				6,
				-0.01
			]
		},
		{
			"Target": "Parameter",
			"Id": "Param_Angle_Rotation30",
			"Segments": [
				0,
				-1.387,
				1,
				0.011,
				-1.387,
				0.022,
				-1.273,
				0.033,
				-1.203,
				1,
				0.878,
				4.122,
				1.722,
				6.74,
				2.567,
				6.74,
				1,
				3.233,
				6.74,
				3.9,
				-4.76,
				4.567,
				-4.76,
				1,
				5.044,
				-4.76,
				5.522,
				-4.079,
				6,
				-1.387
			]
		},
		{
			"Target": "Parameter",
			"Id": "Param_Angle_Rotation34",
			"Segments": [
				0,
				-0.334,
				1,
				0.011,
				-0.334,
				0.022,
				-0.346,
				0.033,
				-0.35,
				1,
				0.356,
				-0.452,
				0.678,
				-0.5,
				1,
				-0.5,
				1,
				1.667,
				-0.5,
				2.333,
				0.5,
				3,
				0.5,
				1,
				4,
				0.5,
				5,
				0.141,
				6,
				-0.334
			]
		},
		{
			"Target": "Parameter",
			"Id": "Param_Angle_Rotation35",
			"Segments": [
				0,
				-0.413,
				1,
				0.011,
				-0.413,
				0.022,
				-0.465,
				0.033,
				-0.474,
				1,
				0.489,
				-0.831,
				0.944,
				-1,
				1.4,
				-1,
				1,
				2.067,
				-1,
				2.733,
				1,
				3.4,
				1,
				1,
				4.267,
				1,
				5.133,
				0.44,
				6,
				-0.413
			]
		},
		{
			"Target": "Parameter",
			"Id": "Param_Angle_Rotation36",
			"Segments": [
				0,
				0.375,
				1,
				0.011,
				0.375,
				0.022,
				0.287,
				0.033,
				0.252,
				1,
				0.733,
				-1.936,
				1.433,
				-3,
				2.133,
				-3,
				1,
				2.8,
				-3,
				3.467,
				3,
				4.133,
				3,
				1,
				4.756,
				3,
				5.378,
				2.235,
				6,
				0.375
			]
		}
	]
}