{
	"Version": 3,
	"Parameters": [
		{
			"Id": "ParamEff1",
			"GroupId": "ParamGroup",
			"Name": "エフェクト1"
		},
		{
			"Id": "ParamEff2",
			"GroupId": "ParamGroup",
			"Name": "エフェクト2"
		},
		{
			"Id": "ParamEff3",
			"GroupId": "ParamGroup",
			"Name": "エフェクト3"
		},
		{
			"Id": "ParamEff4",
			"GroupId": "ParamGroup",
			"Name": "エフェクト4"
		},
		{
			"Id": "ParamEff5",
			"GroupId": "ParamGroup",
			"Name": "エフェクト5"
		},
		{
			"Id": "ParamEff6",
			"GroupId": "ParamGroup",
			"Name": "エフェクト6"
		},
		{
			"Id": "ParamEff7",
			"GroupId": "ParamGroup",
			"Name": "エフェクト7"
		},
		{
			"Id": "ParamEff8",
			"GroupId": "ParamGroup",
			"Name": "エフェクト8"
		},
		{
			"Id": "ParamEff9",
			"GroupId": "ParamGroup",
			"Name": "エフェクト9"
		},
		{
			"Id": "ParamEff10",
			"GroupId": "ParamGroup",
			"Name": "エフェクト10"
		},
		{
			"Id": "ParamEff11",
			"GroupId": "ParamGroup",
			"Name": "エフェクト11"
		},
		{
			"Id": "ParamEff12",
			"GroupId": "ParamGroup",
			"Name": "エフェクト12"
		},
		{
			"Id": "ParamEff13",
			"GroupId": "ParamGroup",
			"Name": "エフェクト13"
		},
		{
			"Id": "ParamEff14",
			"GroupId": "ParamGroup",
			"Name": "エフェクト14"
		},
		{
			"Id": "Param",
			"GroupId": "ParamGroup",
			"Name": "斬撃"
		},
		{
			"Id": "ParamEff15",
			"GroupId": "ParamGroup",
			"Name": "エフェクト15"
		},
		{
			"Id": "ParamEff16",
			"GroupId": "ParamGroup",
			"Name": "エフェクト16"
		},
		{
			"Id": "ParamEff17",
			"GroupId": "ParamGroup",
			"Name": "エフェクト17"
		},
		{
			"Id": "ParamEff18",
			"GroupId": "ParamGroup",
			"Name": "エフェクト18"
		},
		{
			"Id": "ParamEff19",
			"GroupId": "ParamGroup",
			"Name": "エフェクト19"
		},
		{
			"Id": "ParamEff20",
			"GroupId": "ParamGroup",
			"Name": "エフェクト20"
		},
		{
			"Id": "ParamEff21",
			"GroupId": "ParamGroup",
			"Name": "エフェクト21"
		},
		{
			"Id": "ParamEff22",
			"GroupId": "ParamGroup",
			"Name": "エフェクト22"
		},
		{
			"Id": "ParamEff23",
			"GroupId": "ParamGroup",
			"Name": "エフェクト23"
		},
		{
			"Id": "ParamEff24",
			"GroupId": "ParamGroup",
			"Name": "エフェクト24"
		},
		{
			"Id": "ParamEff25",
			"GroupId": "ParamGroup",
			"Name": "エフェクト25"
		},
		{
			"Id": "ParamEff26",
			"GroupId": "ParamGroup",
			"Name": "エフェクト26"
		},
		{
			"Id": "ParamEff27",
			"GroupId": "ParamGroup",
			"Name": "エフェクト27"
		},
		{
			"Id": "ParamEff28",
			"GroupId": "ParamGroup",
			"Name": "エフェクト28"
		},
		{
			"Id": "ParamEff29",
			"GroupId": "ParamGroup",
			"Name": "エフェクト29"
		},
		{
			"Id": "ParamEff30",
			"GroupId": "ParamGroup",
			"Name": "エフェクト30"
		},
		{
			"Id": "ParamEff31",
			"GroupId": "ParamGroup",
			"Name": "エフェクト31"
		},
		{
			"Id": "ParamEff32",
			"GroupId": "ParamGroup",
			"Name": "エフェクト32"
		},
		{
			"Id": "ParamEff33",
			"GroupId": "ParamGroup",
			"Name": "エフェクト33"
		},
		{
			"Id": "ParamPachi",
			"GroupId": "ParamGroup2",
			"Name": "目パチ"
		},
		{
			"Id": "ParamEyeRL",
			"GroupId": "ParamGroup2",
			"Name": "目Hi左右"
		},
		{
			"Id": "ParamEyeUD",
			"GroupId": "ParamGroup2",
			"Name": "目Hi上下"
		},
		{
			"Id": "ParamEyeBS",
			"GroupId": "ParamGroup2",
			"Name": "目Hi大小"
		},
		{
			"Id": "ParamBreat",
			"GroupId": "ParamGroup2",
			"Name": "呼吸"
		},
		{
			"Id": "Param2",
			"GroupId": "ParamGroup2",
			"Name": "胸AN1X"
		},
		{
			"Id": "Param3",
			"GroupId": "ParamGroup2",
			"Name": "胸AN1Y"
		},
		{
			"Id": "Param4",
			"GroupId": "ParamGroup2",
			"Name": "胸AN2"
		},
		{
			"Id": "Param7",
			"GroupId": "ParamGroup3",
			"Name": "リボン1"
		},
		{
			"Id": "Param8",
			"GroupId": "ParamGroup3",
			"Name": "リボン2"
		},
		{
			"Id": "Param5",
			"GroupId": "ParamGroup3",
			"Name": "左布"
		},
		{
			"Id": "Param6",
			"GroupId": "ParamGroup3",
			"Name": "右布"
		},
		{
			"Id": "Param9",
			"GroupId": "ParamGroup3",
			"Name": "下髪"
		},
		{
			"Id": "Param_Angle_Rotation",
			"GroupId": "ParamGroup4",
			"Name": "[0]髪飾り紐"
		},
		{
			"Id": "Param_Angle_Rotation2",
			"GroupId": "ParamGroup4",
			"Name": "[1]髪飾り紐"
		},
		{
			"Id": "Param_Angle_Rotation3",
			"GroupId": "ParamGroup4",
			"Name": "[2]髪飾り紐"
		},
		{
			"Id": "Param_Angle_Rotation4",
			"GroupId": "ParamGroup4",
			"Name": "[3]髪飾り紐"
		},
		{
			"Id": "Param_Angle_Rotation5",
			"GroupId": "ParamGroup5",
			"Name": "[0]上髪1"
		},
		{
			"Id": "Param_Angle_Rotation6",
			"GroupId": "ParamGroup5",
			"Name": "[1]上髪1"
		},
		{
			"Id": "Param_Angle_Rotation7",
			"GroupId": "ParamGroup5",
			"Name": "[2]上髪1"
		},
		{
			"Id": "Param_Angle_Rotation8",
			"GroupId": "ParamGroup6",
			"Name": "[0]上髪2"
		},
		{
			"Id": "Param_Angle_Rotation9",
			"GroupId": "ParamGroup6",
			"Name": "[1]上髪2"
		},
		{
			"Id": "Param_Angle_Rotation10",
			"GroupId": "ParamGroup6",
			"Name": "[2]上髪2"
		},
		{
			"Id": "Param_Angle_Rotation11",
			"GroupId": "ParamGroup6",
			"Name": "[3]上髪2"
		},
		{
			"Id": "Param_Angle_Rotation12",
			"GroupId": "ParamGroup7",
			"Name": "[0]上髪7"
		},
		{
			"Id": "Param_Angle_Rotation13",
			"GroupId": "ParamGroup7",
			"Name": "[1]上髪7"
		},
		{
			"Id": "Param_Angle_Rotation14",
			"GroupId": "ParamGroup7",
			"Name": "[2]上髪7"
		},
		{
			"Id": "Param_Angle_Rotation15",
			"GroupId": "ParamGroup7",
			"Name": "[3]上髪7"
		},
		{
			"Id": "Param_Angle_Rotation16",
			"GroupId": "ParamGroup8",
			"Name": "[0]上髪3"
		},
		{
			"Id": "Param_Angle_Rotation17",
			"GroupId": "ParamGroup8",
			"Name": "[1]上髪3"
		},
		{
			"Id": "Param_Angle_Rotation18",
			"GroupId": "ParamGroup8",
			"Name": "[2]上髪3"
		},
		{
			"Id": "Param_Angle_Rotation19",
			"GroupId": "ParamGroup8",
			"Name": "[3]上髪3"
		},
		{
			"Id": "Param_Angle_Rotation20",
			"GroupId": "ParamGroup9",
			"Name": "[0]上髪4"
		},
		{
			"Id": "Param_Angle_Rotation21",
			"GroupId": "ParamGroup9",
			"Name": "[1]上髪4"
		},
		{
			"Id": "Param_Angle_Rotation22",
			"GroupId": "ParamGroup9",
			"Name": "[2]上髪4"
		},
		{
			"Id": "Param_Angle_Rotation23",
			"GroupId": "ParamGroup9",
			"Name": "[3]上髪4"
		},
		{
			"Id": "Param_Angle_Rotation24",
			"GroupId": "ParamGroup10",
			"Name": "[0]上髪5"
		},
		{
			"Id": "Param_Angle_Rotation25",
			"GroupId": "ParamGroup10",
			"Name": "[1]上髪5"
		},
		{
			"Id": "Param_Angle_Rotation26",
			"GroupId": "ParamGroup10",
			"Name": "[2]上髪5"
		},
		{
			"Id": "Param_Angle_Rotation27",
			"GroupId": "ParamGroup11",
			"Name": "[0]上髪6"
		},
		{
			"Id": "Param_Angle_Rotation28",
			"GroupId": "ParamGroup11",
			"Name": "[1]上髪6"
		},
		{
			"Id": "Param_Angle_Rotation29",
			"GroupId": "ParamGroup11",
			"Name": "[2]上髪6"
		},
		{
			"Id": "Param_Angle_Rotation30",
			"GroupId": "ParamGroup11",
			"Name": "[3]上髪6"
		},
		{
			"Id": "Param_Angle_Rotation34",
			"GroupId": "ParamGroup13",
			"Name": "[0]上髪8"
		},
		{
			"Id": "Param_Angle_Rotation35",
			"GroupId": "ParamGroup13",
			"Name": "[1]上髪8"
		},
		{
			"Id": "Param_Angle_Rotation36",
			"GroupId": "ParamGroup13",
			"Name": "[2]上髪8"
		}
	],
	"ParameterGroups": [
		{
			"Id": "ParamGroup",
			"GroupId": "",
			"Name": "エフェクト"
		},
		{
			"Id": "ParamGroup2",
			"GroupId": "",
			"Name": "URアニメーション"
		},
		{
			"Id": "ParamGroup3",
			"GroupId": "",
			"Name": "追加"
		},
		{
			"Id": "ParamGroup4",
			"GroupId": "",
			"Name": "髪飾り紐"
		},
		{
			"Id": "ParamGroup5",
			"GroupId": "",
			"Name": "上髪1"
		},
		{
			"Id": "ParamGroup6",
			"GroupId": "",
			"Name": "上髪2"
		},
		{
			"Id": "ParamGroup7",
			"GroupId": "",
			"Name": "上髪7"
		},
		{
			"Id": "ParamGroup8",
			"GroupId": "",
			"Name": "上髪3"
		},
		{
			"Id": "ParamGroup9",
			"GroupId": "",
			"Name": "上髪4"
		},
		{
			"Id": "ParamGroup10",
			"GroupId": "",
			"Name": "上髪5"
		},
		{
			"Id": "ParamGroup11",
			"GroupId": "",
			"Name": "上髪6"
		},
		{
			"Id": "ParamGroup13",
			"GroupId": "",
			"Name": "上髪8"
		}
	],
	"Parts": [
		{
			"Id": "Part13",
			"Name": "1920×1440.psd"
		},
		{
			"Id": "Part",
			"Name": "エフェクト"
		},
		{
			"Id": "Part4",
			"Name": "キャラ"
		},
		{
			"Id": "Part12",
			"Name": "背景"
		},
		{
			"Id": "Part2",
			"Name": "キラキラ"
		},
		{
			"Id": "Part3",
			"Name": "火花"
		},
		{
			"Id": "Part5",
			"Name": "頭部"
		},
		{
			"Id": "Part8",
			"Name": "体"
		},
		{
			"Id": "Part9",
			"Name": "ぼかし　＋2　6"
		},
		{
			"Id": "Part10",
			"Name": "布"
		},
		{
			"Id": "Part11",
			"Name": "下髪"
		},
		{
			"Id": "ArtMesh55_Skinning",
			"Name": "髪飾り紐(スキニング)"
		},
		{
			"Id": "Part6",
			"Name": "上髪"
		},
		{
			"Id": "Part7",
			"Name": "顔"
		},
		{
			"Id": "ArtMesh72_Skinning",
			"Name": "上髪8(スキニング)"
		},
		{
			"Id": "ArtMesh92_Skinning",
			"Name": "ぼかし　髪飾り紐(スキニング)"
		},
		{
			"Id": "ArtMesh108_Skinning",
			"Name": "ぼかし　上髪1(スキニング)"
		},
		{
			"Id": "ArtMesh109_Skinning",
			"Name": "ぼかし　上髪2(スキニング)"
		},
		{
			"Id": "ArtMesh110_Skinning",
			"Name": "ぼかし　上髪3(スキニング)"
		},
		{
			"Id": "ArtMesh111_Skinning",
			"Name": "ぼかし　上髪7(スキニング)"
		},
		{
			"Id": "ArtMesh56_Skinning",
			"Name": "上髪1(スキニング)"
		},
		{
			"Id": "ArtMesh57_Skinning",
			"Name": "上髪2(スキニング)"
		},
		{
			"Id": "ArtMesh58_Skinning",
			"Name": "上髪3(スキニング)"
		},
		{
			"Id": "ArtMesh59_Skinning",
			"Name": "上髪4(スキニング)"
		},
		{
			"Id": "ArtMesh60_Skinning",
			"Name": "上髪5(スキニング)"
		},
		{
			"Id": "ArtMesh61_Skinning",
			"Name": "上髪6(スキニング)"
		},
		{
			"Id": "ArtMesh62_Skinning",
			"Name": "上髪7(スキニング)"
		},
		{
			"Id": "ArtMesh68_Skinning",
			"Name": "顔影 上髪4(スキニング)"
		},
		{
			"Id": "ArtMesh69_Skinning",
			"Name": "顔影 上髪5(スキニング)"
		},
		{
			"Id": "ArtMesh70_Skinning",
			"Name": "顔影 上髪6(スキニング)"
		}
	],
	"CombinedParameters": [
		[
			"ParamEyeRL",
			"ParamEyeUD"
		],
		[
			"Param2",
			"Param3"
		]
	]
}