{
	"Version": 3,
	"Parameters": [
		{
			"Id": "ParamEff1",
			"GroupId": "ParamGroup",
			"Name": "エフェクト1"
		},
		{
			"Id": "ParamEff2",
			"GroupId": "ParamGroup",
			"Name": "エフェクト2"
		},
		{
			"Id": "ParamEff3",
			"GroupId": "ParamGroup",
			"Name": "エフェクト3"
		},
		{
			"Id": "ParamEff4",
			"GroupId": "ParamGroup",
			"Name": "エフェクト4"
		},
		{
			"Id": "ParamEff5",
			"GroupId": "ParamGroup",
			"Name": "エフェクト5"
		},
		{
			"Id": "ParamEff6",
			"GroupId": "ParamGroup",
			"Name": "エフェクト6"
		},
		{
			"Id": "ParamEff7",
			"GroupId": "ParamGroup",
			"Name": "エフェクト7"
		},
		{
			"Id": "ParamEff8",
			"GroupId": "ParamGroup",
			"Name": "エフェクト8"
		},
		{
			"Id": "ParamEff9",
			"GroupId": "ParamGroup",
			"Name": "エフェクト9"
		},
		{
			"Id": "ParamEff10",
			"GroupId": "ParamGroup",
			"Name": "エフェクト10"
		},
		{
			"Id": "ParamEff11",
			"GroupId": "ParamGroup",
			"Name": "エフェクト11"
		},
		{
			"Id": "ParamEff12",
			"GroupId": "ParamGroup",
			"Name": "エフェクト12"
		},
		{
			"Id": "ParamEff13",
			"GroupId": "ParamGroup",
			"Name": "エフェクト13"
		},
		{
			"Id": "ParamEff14",
			"GroupId": "ParamGroup",
			"Name": "エフェクト14"
		},
		{
			"Id": "ParamEff15",
			"GroupId": "ParamGroup",
			"Name": "エフェクト15"
		},
		{
			"Id": "ParamEff16",
			"GroupId": "ParamGroup",
			"Name": "エフェクト16"
		},
		{
			"Id": "ParamEff17",
			"GroupId": "ParamGroup",
			"Name": "エフェクト17"
		},
		{
			"Id": "ParamEff18",
			"GroupId": "ParamGroup",
			"Name": "エフェクト18"
		},
		{
			"Id": "ParamEff19",
			"GroupId": "ParamGroup",
			"Name": "エフェクト19"
		},
		{
			"Id": "ParamEff20",
			"GroupId": "ParamGroup",
			"Name": "エフェクト20"
		},
		{
			"Id": "ParamEff21",
			"GroupId": "ParamGroup",
			"Name": "エフェクト21"
		},
		{
			"Id": "ParamEff22",
			"GroupId": "ParamGroup",
			"Name": "エフェクト22"
		},
		{
			"Id": "ParamEff23",
			"GroupId": "ParamGroup",
			"Name": "エフェクト23"
		},
		{
			"Id": "ParamEff24",
			"GroupId": "ParamGroup",
			"Name": "エフェクト24"
		},
		{
			"Id": "ParamEff25",
			"GroupId": "ParamGroup",
			"Name": "エフェクト25"
		},
		{
			"Id": "ParamEff26",
			"GroupId": "ParamGroup",
			"Name": "エフェクト26"
		},
		{
			"Id": "ParamEff27",
			"GroupId": "ParamGroup",
			"Name": "エフェクト27"
		},
		{
			"Id": "ParamEff28",
			"GroupId": "ParamGroup",
			"Name": "エフェクト28"
		},
		{
			"Id": "ParamEff29",
			"GroupId": "ParamGroup",
			"Name": "エフェクト29"
		},
		{
			"Id": "ParamEff30",
			"GroupId": "ParamGroup",
			"Name": "エフェクト30"
		},
		{
			"Id": "ParamEff31",
			"GroupId": "ParamGroup",
			"Name": "エフェクト31"
		},
		{
			"Id": "ParamEff32",
			"GroupId": "ParamGroup",
			"Name": "エフェクト32"
		},
		{
			"Id": "ParamEff33",
			"GroupId": "ParamGroup",
			"Name": "エフェクト33"
		},
		{
			"Id": "ParamPachi",
			"GroupId": "ParamGroup2",
			"Name": "目パチ"
		},
		{
			"Id": "ParamLegL1",
			"GroupId": "ParamGroup2",
			"Name": "右太もも"
		},
		{
			"Id": "ParamLegL2",
			"GroupId": "ParamGroup2",
			"Name": "右足"
		},
		{
			"Id": "ParamLegR1",
			"GroupId": "ParamGroup2",
			"Name": "左太もも"
		},
		{
			"Id": "ParamLegR2",
			"GroupId": "ParamGroup2",
			"Name": "左足"
		},
		{
			"Id": "ParamEyeRL",
			"GroupId": "ParamGroup2",
			"Name": "目Hi左右"
		},
		{
			"Id": "ParamEyeUD",
			"GroupId": "ParamGroup2",
			"Name": "目Hi上下"
		},
		{
			"Id": "ParamEyeBS",
			"GroupId": "ParamGroup2",
			"Name": "目Hi大小"
		},
		{
			"Id": "ParamPaiRX",
			"GroupId": "ParamGroup2",
			"Name": "右胸 X"
		},
		{
			"Id": "ParamPaiRY",
			"GroupId": "ParamGroup2",
			"Name": "右胸 Y"
		},
		{
			"Id": "ParamPaiRX2",
			"GroupId": "ParamGroup2",
			"Name": "右胸 X2"
		},
		{
			"Id": "ParamPaiRY2",
			"GroupId": "ParamGroup2",
			"Name": "右胸 Y2"
		},
		{
			"Id": "ParamPaiLX",
			"GroupId": "ParamGroup2",
			"Name": "左胸 X"
		},
		{
			"Id": "ParamPaiLY",
			"GroupId": "ParamGroup2",
			"Name": "左胸 Y"
		},
		{
			"Id": "ParamPaiLX2",
			"GroupId": "ParamGroup2",
			"Name": "左胸 X2"
		},
		{
			"Id": "ParamPaiLY2",
			"GroupId": "ParamGroup2",
			"Name": "左胸 Y2"
		},
		{
			"Id": "ParamBreat",
			"GroupId": "ParamGroup2",
			"Name": "呼吸"
		},
		{
			"Id": "ParamitiX",
			"GroupId": "ParamGroup2",
			"Name": "位置 X"
		},
		{
			"Id": "ParamitiY",
			"GroupId": "ParamGroup2",
			"Name": "位置 Y"
		},
		{
			"Id": "ParamArmR1",
			"GroupId": "ParamGroup3",
			"Name": "右二の腕"
		},
		{
			"Id": "ParamArmR2",
			"GroupId": "ParamGroup3",
			"Name": "腕"
		},
		{
			"Id": "ParamArmR3",
			"GroupId": "ParamGroup3",
			"Name": "甲"
		},
		{
			"Id": "ParamArmR4",
			"GroupId": "ParamGroup3",
			"Name": "指"
		},
		{
			"Id": "ParamArmL1",
			"GroupId": "ParamGroup3",
			"Name": "左二の腕"
		},
		{
			"Id": "ParamArmL2",
			"GroupId": "ParamGroup3",
			"Name": "腕"
		},
		{
			"Id": "ParamArmL3",
			"GroupId": "ParamGroup3",
			"Name": "甲"
		},
		{
			"Id": "ParamArmL4",
			"GroupId": "ParamGroup3",
			"Name": "指"
		},
		{
			"Id": "ParamNunoAlp1",
			"GroupId": "ParamGroup3",
			"Name": "下奥透明布"
		},
		{
			"Id": "ParamLegFX",
			"GroupId": "ParamGroup3",
			"Name": "足花 X"
		},
		{
			"Id": "ParamLegFY",
			"GroupId": "ParamGroup3",
			"Name": "足花 Y"
		},
		{
			"Id": "ParamChaine1",
			"GroupId": "ParamGroup3",
			"Name": "鎖1"
		},
		{
			"Id": "ParamChaine2",
			"GroupId": "ParamGroup3",
			"Name": "鎖2"
		},
		{
			"Id": "ParamChaine3",
			"GroupId": "ParamGroup3",
			"Name": "鎖3"
		},
		{
			"Id": "ParamPaiFX",
			"GroupId": "ParamGroup3",
			"Name": "胸花 X"
		},
		{
			"Id": "ParamPaiFY",
			"GroupId": "ParamGroup3",
			"Name": "胸花 Y"
		},
		{
			"Id": "Param",
			"GroupId": "ParamGroup3",
			"Name": "パラメータ218"
		},
		{
			"Id": "Param_Angle_Rotation2",
			"GroupId": "ParamGroup4",
			"Name": "[0]前髪2"
		},
		{
			"Id": "Param_Angle_Rotation3",
			"GroupId": "ParamGroup4",
			"Name": "[1]前髪2"
		},
		{
			"Id": "Param_Angle_Rotation4",
			"GroupId": "ParamGroup4",
			"Name": "[2]前髪2"
		},
		{
			"Id": "Param_Angle_Rotation6",
			"GroupId": "ParamGroup5",
			"Name": "[0]前髪3"
		},
		{
			"Id": "Param_Angle_Rotation7",
			"GroupId": "ParamGroup5",
			"Name": "[1]前髪3"
		},
		{
			"Id": "Param_Angle_Rotation8",
			"GroupId": "ParamGroup5",
			"Name": "[2]前髪3"
		},
		{
			"Id": "Param_Angle_Rotation10",
			"GroupId": "ParamGroup6",
			"Name": "[0]前髪4"
		},
		{
			"Id": "Param_Angle_Rotation11",
			"GroupId": "ParamGroup6",
			"Name": "[1]前髪4"
		},
		{
			"Id": "Param_Angle_Rotation12",
			"GroupId": "ParamGroup6",
			"Name": "[2]前髪4"
		},
		{
			"Id": "Param_Angle_Rotation14",
			"GroupId": "ParamGroup7",
			"Name": "[0]右もみあげ1"
		},
		{
			"Id": "Param_Angle_Rotation15",
			"GroupId": "ParamGroup7",
			"Name": "[1]右もみあげ1"
		},
		{
			"Id": "Param_Angle_Rotation16",
			"GroupId": "ParamGroup7",
			"Name": "[2]右もみあげ1"
		},
		{
			"Id": "Param_Angle_Rotation18",
			"GroupId": "ParamGroup8",
			"Name": "[0]右もみあげ2"
		},
		{
			"Id": "Param_Angle_Rotation19",
			"GroupId": "ParamGroup8",
			"Name": "[1]右もみあげ2"
		},
		{
			"Id": "Param_Angle_Rotation21",
			"GroupId": "ParamGroup9",
			"Name": "[0]右もみあげ3"
		},
		{
			"Id": "Param_Angle_Rotation22",
			"GroupId": "ParamGroup9",
			"Name": "[1]右もみあげ3"
		},
		{
			"Id": "Param_Angle_Rotation23",
			"GroupId": "ParamGroup9",
			"Name": "[2]右もみあげ3"
		},
		{
			"Id": "Param_Angle_Rotation25",
			"GroupId": "ParamGroup10",
			"Name": "[0]右もみあげ4"
		},
		{
			"Id": "Param_Angle_Rotation26",
			"GroupId": "ParamGroup10",
			"Name": "[1]右もみあげ4"
		},
		{
			"Id": "Param_Angle_Rotation27",
			"GroupId": "ParamGroup10",
			"Name": "[2]右もみあげ4"
		},
		{
			"Id": "Param_Angle_Rotation29",
			"GroupId": "ParamGroup11",
			"Name": "[0]右もみあげ5"
		},
		{
			"Id": "Param_Angle_Rotation30",
			"GroupId": "ParamGroup11",
			"Name": "[1]右もみあげ5"
		},
		{
			"Id": "Param_Angle_Rotation31",
			"GroupId": "ParamGroup11",
			"Name": "[2]右もみあげ5"
		},
		{
			"Id": "Param_Angle_Rotation33",
			"GroupId": "ParamGroup12",
			"Name": "[0]右もみあげ6"
		},
		{
			"Id": "Param_Angle_Rotation34",
			"GroupId": "ParamGroup12",
			"Name": "[1]右もみあげ6"
		},
		{
			"Id": "Param_Angle_Rotation35",
			"GroupId": "ParamGroup12",
			"Name": "[2]右もみあげ6"
		},
		{
			"Id": "Param_Angle_Rotation36",
			"GroupId": "ParamGroup12",
			"Name": "[3]右もみあげ6"
		},
		{
			"Id": "Param_Angle_Rotation38",
			"GroupId": "ParamGroup13",
			"Name": "[0]右もみあげ7"
		},
		{
			"Id": "Param_Angle_Rotation39",
			"GroupId": "ParamGroup13",
			"Name": "[1]右もみあげ7"
		},
		{
			"Id": "Param_Angle_Rotation40",
			"GroupId": "ParamGroup13",
			"Name": "[2]右もみあげ7"
		},
		{
			"Id": "Param_Angle_Rotation42",
			"GroupId": "ParamGroup14",
			"Name": "[0]前髪5"
		},
		{
			"Id": "Param_Angle_Rotation43",
			"GroupId": "ParamGroup14",
			"Name": "[1]前髪5"
		},
		{
			"Id": "Param_Angle_Rotation45",
			"GroupId": "ParamGroup15",
			"Name": "[0]右もみあげ8"
		},
		{
			"Id": "Param_Angle_Rotation46",
			"GroupId": "ParamGroup15",
			"Name": "[1]右もみあげ8"
		},
		{
			"Id": "Param_Angle_Rotation47",
			"GroupId": "ParamGroup15",
			"Name": "[2]右もみあげ8"
		},
		{
			"Id": "Param_Angle_Rotation48",
			"GroupId": "ParamGroup15",
			"Name": "[3]右もみあげ8"
		},
		{
			"Id": "Param_Angle_Rotation49",
			"GroupId": "ParamGroup15",
			"Name": "[4]右もみあげ8"
		},
		{
			"Id": "Param_Angle_Rotation50",
			"GroupId": "ParamGroup15",
			"Name": "[5]右もみあげ8"
		},
		{
			"Id": "Param_Angle_Rotation51",
			"GroupId": "ParamGroup15",
			"Name": "[6]右もみあげ8"
		},
		{
			"Id": "Param_Angle_Rotation53",
			"GroupId": "ParamGroup16",
			"Name": "[0]前髪6"
		},
		{
			"Id": "Param_Angle_Rotation54",
			"GroupId": "ParamGroup16",
			"Name": "[1]前髪6"
		},
		{
			"Id": "Param_Angle_Rotation55",
			"GroupId": "ParamGroup16",
			"Name": "[2]前髪6"
		},
		{
			"Id": "Param_Angle_Rotation57",
			"GroupId": "ParamGroup17",
			"Name": "[0]前髪7"
		},
		{
			"Id": "Param_Angle_Rotation58",
			"GroupId": "ParamGroup17",
			"Name": "[1]前髪7"
		},
		{
			"Id": "Param_Angle_Rotation60",
			"GroupId": "ParamGroup18",
			"Name": "[0]前髪8"
		},
		{
			"Id": "Param_Angle_Rotation61",
			"GroupId": "ParamGroup18",
			"Name": "[1]前髪8"
		},
		{
			"Id": "Param_Angle_Rotation62",
			"GroupId": "ParamGroup18",
			"Name": "[2]前髪8"
		},
		{
			"Id": "Param_Angle_Rotation63",
			"GroupId": "ParamGroup18",
			"Name": "[3]前髪8"
		},
		{
			"Id": "Param_Angle_Rotation65",
			"GroupId": "ParamGroup19",
			"Name": "[0]前髪9"
		},
		{
			"Id": "Param_Angle_Rotation66",
			"GroupId": "ParamGroup19",
			"Name": "[1]前髪9"
		},
		{
			"Id": "Param_Angle_Rotation67",
			"GroupId": "ParamGroup19",
			"Name": "[2]前髪9"
		},
		{
			"Id": "Param_Angle_Rotation69",
			"GroupId": "ParamGroup20",
			"Name": "[0]右もみあげ9"
		},
		{
			"Id": "Param_Angle_Rotation70",
			"GroupId": "ParamGroup20",
			"Name": "[1]右もみあげ9"
		},
		{
			"Id": "Param_Angle_Rotation71",
			"GroupId": "ParamGroup20",
			"Name": "[2]右もみあげ9"
		},
		{
			"Id": "Param_Angle_Rotation72",
			"GroupId": "ParamGroup20",
			"Name": "[3]右もみあげ9"
		},
		{
			"Id": "Param_Angle_Rotation73",
			"GroupId": "ParamGroup20",
			"Name": "[4]右もみあげ9"
		},
		{
			"Id": "Param_Angle_Rotation75",
			"GroupId": "ParamGroup21",
			"Name": "[0]前髪10"
		},
		{
			"Id": "Param_Angle_Rotation76",
			"GroupId": "ParamGroup21",
			"Name": "[1]前髪10"
		},
		{
			"Id": "Param_Angle_Rotation170",
			"GroupId": "ParamGroup22",
			"Name": "[0]前髪11"
		},
		{
			"Id": "Param_Angle_Rotation171",
			"GroupId": "ParamGroup22",
			"Name": "[1]前髪11"
		},
		{
			"Id": "Param_Angle_Rotation173",
			"GroupId": "ParamGroup23",
			"Name": "[0]前髪12"
		},
		{
			"Id": "Param_Angle_Rotation174",
			"GroupId": "ParamGroup23",
			"Name": "[1]前髪12"
		},
		{
			"Id": "Param_Angle_Rotation192",
			"GroupId": "ParamGroup24",
			"Name": "[0]服体下上半身"
		},
		{
			"Id": "Param_Angle_Rotation193",
			"GroupId": "ParamGroup24",
			"Name": "[1]服体下上半身"
		},
		{
			"Id": "Param_Angle_Rotation194",
			"GroupId": "ParamGroup24",
			"Name": "[2]服体下上半身"
		},
		{
			"Id": "Param_Angle_Rotation78",
			"GroupId": "ParamGroup25",
			"Name": "[0]後髪1"
		},
		{
			"Id": "Param_Angle_Rotation79",
			"GroupId": "ParamGroup25",
			"Name": "[1]後髪1"
		},
		{
			"Id": "Param_Angle_Rotation80",
			"GroupId": "ParamGroup25",
			"Name": "[2]後髪1"
		},
		{
			"Id": "Param_Angle_Rotation82",
			"GroupId": "ParamGroup26",
			"Name": "[0]後髪2"
		},
		{
			"Id": "Param_Angle_Rotation83",
			"GroupId": "ParamGroup26",
			"Name": "[1]後髪2"
		},
		{
			"Id": "Param_Angle_Rotation84",
			"GroupId": "ParamGroup26",
			"Name": "[2]後髪2"
		},
		{
			"Id": "Param_Angle_Rotation85",
			"GroupId": "ParamGroup26",
			"Name": "[3]後髪2"
		},
		{
			"Id": "Param_Angle_Rotation86",
			"GroupId": "ParamGroup26",
			"Name": "[4]後髪2"
		},
		{
			"Id": "Param_Angle_Rotation88",
			"GroupId": "ParamGroup27",
			"Name": "[0]後髪3"
		},
		{
			"Id": "Param_Angle_Rotation89",
			"GroupId": "ParamGroup27",
			"Name": "[1]後髪3"
		},
		{
			"Id": "Param_Angle_Rotation90",
			"GroupId": "ParamGroup27",
			"Name": "[2]後髪3"
		},
		{
			"Id": "Param_Angle_Rotation91",
			"GroupId": "ParamGroup27",
			"Name": "[3]後髪3"
		},
		{
			"Id": "Param_Angle_Rotation92",
			"GroupId": "ParamGroup27",
			"Name": "[4]後髪3"
		},
		{
			"Id": "Param_Angle_Rotation93",
			"GroupId": "ParamGroup27",
			"Name": "[5]後髪3"
		},
		{
			"Id": "Param_Angle_Rotation95",
			"GroupId": "ParamGroup28",
			"Name": "[0]後髪4"
		},
		{
			"Id": "Param_Angle_Rotation96",
			"GroupId": "ParamGroup28",
			"Name": "[1]後髪4"
		},
		{
			"Id": "Param_Angle_Rotation97",
			"GroupId": "ParamGroup28",
			"Name": "[2]後髪4"
		},
		{
			"Id": "Param_Angle_Rotation98",
			"GroupId": "ParamGroup28",
			"Name": "[3]後髪4"
		},
		{
			"Id": "Param_Angle_Rotation99",
			"GroupId": "ParamGroup28",
			"Name": "[4]後髪4"
		},
		{
			"Id": "Param_Angle_Rotation100",
			"GroupId": "ParamGroup28",
			"Name": "[5]後髪4"
		},
		{
			"Id": "Param_Angle_Rotation101",
			"GroupId": "ParamGroup28",
			"Name": "[6]後髪4"
		},
		{
			"Id": "Param_Angle_Rotation103",
			"GroupId": "ParamGroup29",
			"Name": "[0]後髪5"
		},
		{
			"Id": "Param_Angle_Rotation104",
			"GroupId": "ParamGroup29",
			"Name": "[1]後髪5"
		},
		{
			"Id": "Param_Angle_Rotation105",
			"GroupId": "ParamGroup29",
			"Name": "[2]後髪5"
		},
		{
			"Id": "Param_Angle_Rotation106",
			"GroupId": "ParamGroup29",
			"Name": "[3]後髪5"
		},
		{
			"Id": "Param_Angle_Rotation108",
			"GroupId": "ParamGroup30",
			"Name": "[0]後髪6"
		},
		{
			"Id": "Param_Angle_Rotation109",
			"GroupId": "ParamGroup30",
			"Name": "[1]後髪6"
		},
		{
			"Id": "Param_Angle_Rotation110",
			"GroupId": "ParamGroup30",
			"Name": "[2]後髪6"
		},
		{
			"Id": "Param_Angle_Rotation112",
			"GroupId": "ParamGroup31",
			"Name": "[0]後髪7"
		},
		{
			"Id": "Param_Angle_Rotation113",
			"GroupId": "ParamGroup31",
			"Name": "[1]後髪7"
		},
		{
			"Id": "Param_Angle_Rotation114",
			"GroupId": "ParamGroup31",
			"Name": "[2]後髪7"
		},
		{
			"Id": "Param_Angle_Rotation115",
			"GroupId": "ParamGroup31",
			"Name": "[3]後髪7"
		},
		{
			"Id": "Param_Angle_Rotation116",
			"GroupId": "ParamGroup31",
			"Name": "[4]後髪7"
		},
		{
			"Id": "Param_Angle_Rotation118",
			"GroupId": "ParamGroup32",
			"Name": "[0]後髪8"
		},
		{
			"Id": "Param_Angle_Rotation119",
			"GroupId": "ParamGroup32",
			"Name": "[1]後髪8"
		},
		{
			"Id": "Param_Angle_Rotation120",
			"GroupId": "ParamGroup32",
			"Name": "[2]後髪8"
		},
		{
			"Id": "Param_Angle_Rotation121",
			"GroupId": "ParamGroup32",
			"Name": "[3]後髪8"
		},
		{
			"Id": "Param_Angle_Rotation122",
			"GroupId": "ParamGroup32",
			"Name": "[4]後髪8"
		},
		{
			"Id": "Param_Angle_Rotation124",
			"GroupId": "ParamGroup33",
			"Name": "[0]後髪9"
		},
		{
			"Id": "Param_Angle_Rotation125",
			"GroupId": "ParamGroup33",
			"Name": "[1]後髪9"
		},
		{
			"Id": "Param_Angle_Rotation126",
			"GroupId": "ParamGroup33",
			"Name": "[2]後髪9"
		},
		{
			"Id": "Param_Angle_Rotation127",
			"GroupId": "ParamGroup33",
			"Name": "[3]後髪9"
		},
		{
			"Id": "Param_Angle_Rotation128",
			"GroupId": "ParamGroup33",
			"Name": "[4]後髪9"
		},
		{
			"Id": "Param_Angle_Rotation130",
			"GroupId": "ParamGroup34",
			"Name": "[0]後髪10"
		},
		{
			"Id": "Param_Angle_Rotation131",
			"GroupId": "ParamGroup34",
			"Name": "[1]後髪10"
		},
		{
			"Id": "Param_Angle_Rotation132",
			"GroupId": "ParamGroup34",
			"Name": "[2]後髪10"
		},
		{
			"Id": "Param_Angle_Rotation133",
			"GroupId": "ParamGroup34",
			"Name": "[3]後髪10"
		},
		{
			"Id": "Param_Angle_Rotation134",
			"GroupId": "ParamGroup34",
			"Name": "[4]後髪10"
		},
		{
			"Id": "Param_Angle_Rotation142",
			"GroupId": "ParamGroup35",
			"Name": "[0]12"
		},
		{
			"Id": "Param_Angle_Rotation143",
			"GroupId": "ParamGroup35",
			"Name": "[1]12"
		},
		{
			"Id": "Param_Angle_Rotation144",
			"GroupId": "ParamGroup35",
			"Name": "[2]12"
		},
		{
			"Id": "Param_Angle_Rotation146",
			"GroupId": "ParamGroup36",
			"Name": "[0]後髪13"
		},
		{
			"Id": "Param_Angle_Rotation147",
			"GroupId": "ParamGroup36",
			"Name": "[1]後髪13"
		},
		{
			"Id": "Param_Angle_Rotation149",
			"GroupId": "ParamGroup37",
			"Name": "[0]後髪14"
		},
		{
			"Id": "Param_Angle_Rotation150",
			"GroupId": "ParamGroup37",
			"Name": "[1]後髪14"
		},
		{
			"Id": "Param_Angle_Rotation151",
			"GroupId": "ParamGroup37",
			"Name": "[2]後髪14"
		},
		{
			"Id": "Param_Angle_Rotation152",
			"GroupId": "ParamGroup37",
			"Name": "[3]後髪14"
		},
		{
			"Id": "Param_Angle_Rotation153",
			"GroupId": "ParamGroup37",
			"Name": "[4]後髪14"
		},
		{
			"Id": "Param_Angle_Rotation154",
			"GroupId": "ParamGroup37",
			"Name": "[5]後髪14"
		},
		{
			"Id": "Param_Angle_Rotation155",
			"GroupId": "ParamGroup37",
			"Name": "[6]後髪14"
		},
		{
			"Id": "Param_Angle_Rotation157",
			"GroupId": "ParamGroup38",
			"Name": "[0]後髪15"
		},
		{
			"Id": "Param_Angle_Rotation158",
			"GroupId": "ParamGroup38",
			"Name": "[1]後髪15"
		},
		{
			"Id": "Param_Angle_Rotation159",
			"GroupId": "ParamGroup38",
			"Name": "[2]後髪15"
		},
		{
			"Id": "Param_Angle_Rotation160",
			"GroupId": "ParamGroup38",
			"Name": "[3]後髪15"
		},
		{
			"Id": "Param_Angle_Rotation161",
			"GroupId": "ParamGroup38",
			"Name": "[4]後髪15"
		},
		{
			"Id": "Param_Angle_Rotation162",
			"GroupId": "ParamGroup38",
			"Name": "[5]後髪15"
		},
		{
			"Id": "Param_Angle_Rotation136",
			"GroupId": "ParamGroup39",
			"Name": "[0]後髪11"
		},
		{
			"Id": "Param_Angle_Rotation137",
			"GroupId": "ParamGroup39",
			"Name": "[1]後髪11"
		},
		{
			"Id": "Param_Angle_Rotation138",
			"GroupId": "ParamGroup39",
			"Name": "[2]後髪11"
		},
		{
			"Id": "Param_Angle_Rotation139",
			"GroupId": "ParamGroup39",
			"Name": "[3]後髪11"
		},
		{
			"Id": "Param_Angle_Rotation163",
			"GroupId": "ParamGroup40",
			"Name": "[0]透明"
		},
		{
			"Id": "Param_Angle_Rotation164",
			"GroupId": "ParamGroup40",
			"Name": "[1]透明"
		},
		{
			"Id": "Param_Angle_Rotation166",
			"GroupId": "ParamGroup41",
			"Name": "[0]透明4"
		},
		{
			"Id": "Param_Angle_Rotation167",
			"GroupId": "ParamGroup41",
			"Name": "[1]透明4"
		},
		{
			"Id": "Param_Angle_Rotation168",
			"GroupId": "ParamGroup41",
			"Name": "[2]透明4"
		},
		{
			"Id": "Param_Angle_Rotation181",
			"GroupId": "ParamGroup42",
			"Name": "[0]マント"
		},
		{
			"Id": "Param_Angle_Rotation183",
			"GroupId": "ParamGroup42",
			"Name": "[1]マント"
		},
		{
			"Id": "Param_Angle_Rotation187",
			"GroupId": "ParamGroup42",
			"Name": "[2]マント"
		},
		{
			"Id": "Param_Angle_Rotation188",
			"GroupId": "ParamGroup42",
			"Name": "[3]マント"
		},
		{
			"Id": "Param_Angle_Rotation197",
			"GroupId": "ParamGroup43",
			"Name": "[0]服体下"
		},
		{
			"Id": "Param_Angle_Rotation198",
			"GroupId": "ParamGroup43",
			"Name": "[1]服体下"
		},
		{
			"Id": "Param_Angle_Rotation199",
			"GroupId": "ParamGroup43",
			"Name": "[2]服体下"
		},
		{
			"Id": "Param_Angle_Rotation201",
			"GroupId": "ParamGroup44",
			"Name": "[0]服体下上半身右"
		},
		{
			"Id": "Param_Angle_Rotation202",
			"GroupId": "ParamGroup44",
			"Name": "[1]服体下上半身右"
		},
		{
			"Id": "Param_Angle_Rotation203",
			"GroupId": "ParamGroup44",
			"Name": "[2]服体下上半身右"
		}
	],
	"ParameterGroups": [
		{
			"Id": "ParamGroup",
			"GroupId": "",
			"Name": "エフェクト"
		},
		{
			"Id": "ParamGroup2",
			"GroupId": "",
			"Name": "URアニメーション"
		},
		{
			"Id": "ParamGroup3",
			"GroupId": "",
			"Name": "追加"
		},
		{
			"Id": "ParamGroup4",
			"GroupId": "",
			"Name": "前髪2"
		},
		{
			"Id": "ParamGroup5",
			"GroupId": "",
			"Name": "前髪3"
		},
		{
			"Id": "ParamGroup6",
			"GroupId": "",
			"Name": "前髪4"
		},
		{
			"Id": "ParamGroup7",
			"GroupId": "",
			"Name": "右もみあげ1"
		},
		{
			"Id": "ParamGroup8",
			"GroupId": "",
			"Name": "右もみあげ2"
		},
		{
			"Id": "ParamGroup9",
			"GroupId": "",
			"Name": "右もみあげ3"
		},
		{
			"Id": "ParamGroup10",
			"GroupId": "",
			"Name": "右もみあげ4"
		},
		{
			"Id": "ParamGroup11",
			"GroupId": "",
			"Name": "右もみあげ5"
		},
		{
			"Id": "ParamGroup12",
			"GroupId": "",
			"Name": "右もみあげ6"
		},
		{
			"Id": "ParamGroup13",
			"GroupId": "",
			"Name": "右もみあげ7"
		},
		{
			"Id": "ParamGroup14",
			"GroupId": "",
			"Name": "前髪5"
		},
		{
			"Id": "ParamGroup15",
			"GroupId": "",
			"Name": "右もみあげ8"
		},
		{
			"Id": "ParamGroup16",
			"GroupId": "",
			"Name": "前髪6"
		},
		{
			"Id": "ParamGroup17",
			"GroupId": "",
			"Name": "前髪7"
		},
		{
			"Id": "ParamGroup18",
			"GroupId": "",
			"Name": "前髪8"
		},
		{
			"Id": "ParamGroup19",
			"GroupId": "",
			"Name": "前髪9"
		},
		{
			"Id": "ParamGroup20",
			"GroupId": "",
			"Name": "右もみあげ9"
		},
		{
			"Id": "ParamGroup21",
			"GroupId": "",
			"Name": "前髪10"
		},
		{
			"Id": "ParamGroup22",
			"GroupId": "",
			"Name": "前髪11"
		},
		{
			"Id": "ParamGroup23",
			"GroupId": "",
			"Name": "前髪12"
		},
		{
			"Id": "ParamGroup24",
			"GroupId": "",
			"Name": "服体下上半身"
		},
		{
			"Id": "ParamGroup25",
			"GroupId": "",
			"Name": "後髪1"
		},
		{
			"Id": "ParamGroup26",
			"GroupId": "",
			"Name": "後髪2"
		},
		{
			"Id": "ParamGroup27",
			"GroupId": "",
			"Name": "後髪3"
		},
		{
			"Id": "ParamGroup28",
			"GroupId": "",
			"Name": "後髪4"
		},
		{
			"Id": "ParamGroup29",
			"GroupId": "",
			"Name": "後髪5"
		},
		{
			"Id": "ParamGroup30",
			"GroupId": "",
			"Name": "後髪6"
		},
		{
			"Id": "ParamGroup31",
			"GroupId": "",
			"Name": "後髪7"
		},
		{
			"Id": "ParamGroup32",
			"GroupId": "",
			"Name": "後髪8"
		},
		{
			"Id": "ParamGroup33",
			"GroupId": "",
			"Name": "後髪9"
		},
		{
			"Id": "ParamGroup34",
			"GroupId": "",
			"Name": "後髪10"
		},
		{
			"Id": "ParamGroup35",
			"GroupId": "",
			"Name": "12"
		},
		{
			"Id": "ParamGroup36",
			"GroupId": "",
			"Name": "後髪13"
		},
		{
			"Id": "ParamGroup37",
			"GroupId": "",
			"Name": "後髪14"
		},
		{
			"Id": "ParamGroup38",
			"GroupId": "",
			"Name": "後髪15"
		},
		{
			"Id": "ParamGroup39",
			"GroupId": "",
			"Name": "後髪11"
		},
		{
			"Id": "ParamGroup40",
			"GroupId": "",
			"Name": "透明1"
		},
		{
			"Id": "ParamGroup41",
			"GroupId": "",
			"Name": "透明4"
		},
		{
			"Id": "ParamGroup42",
			"GroupId": "",
			"Name": "マント"
		},
		{
			"Id": "ParamGroup43",
			"GroupId": "",
			"Name": "服体下"
		},
		{
			"Id": "ParamGroup44",
			"GroupId": "",
			"Name": "服体下上半身右"
		}
	],
	"Parts": [
		{
			"Id": "Part15",
			"Name": "1920x1440_1.psd"
		},
		{
			"Id": "Part13",
			"Name": "1920x1440.psd"
		},
		{
			"Id": "Part11",
			"Name": "エフェクト"
		},
		{
			"Id": "Part",
			"Name": "神楽"
		},
		{
			"Id": "Part12",
			"Name": "背景"
		},
		{
			"Id": "ArtMesh2_Skinning",
			"Name": "透明1(スキニング)"
		},
		{
			"Id": "ArtMesh5_Skinning",
			"Name": "透明4(スキニング)"
		},
		{
			"Id": "Part14",
			"Name": "パーツ14"
		},
		{
			"Id": "Part2",
			"Name": "前髪"
		},
		{
			"Id": "Part3",
			"Name": "右腕"
		},
		{
			"Id": "Part4",
			"Name": "体"
		},
		{
			"Id": "Part7",
			"Name": "表情"
		},
		{
			"Id": "Part8",
			"Name": "顔"
		},
		{
			"Id": "Part9",
			"Name": "左腕"
		},
		{
			"Id": "ArtMesh317_Skinning",
			"Name": "グループ 1(スキニング)"
		},
		{
			"Id": "Part10",
			"Name": "後髪"
		},
		{
			"Id": "ArtMesh8_Skinning",
			"Name": "前髪2(スキニング)"
		},
		{
			"Id": "ArtMesh9_Skinning",
			"Name": "前髪3(スキニング)"
		},
		{
			"Id": "ArtMesh10_Skinning",
			"Name": "前髪4(スキニング)"
		},
		{
			"Id": "ArtMesh11_Skinning",
			"Name": "右もみあげ1(スキニング)"
		},
		{
			"Id": "ArtMesh12_Skinning",
			"Name": "右もみあげ2(スキニング)"
		},
		{
			"Id": "ArtMesh13_Skinning",
			"Name": "右もみあげ3(スキニング)"
		},
		{
			"Id": "ArtMesh14_Skinning",
			"Name": "右もみあげ4(スキニング)"
		},
		{
			"Id": "ArtMesh15_Skinning",
			"Name": "右もみあげ5(スキニング)"
		},
		{
			"Id": "ArtMesh16_Skinning",
			"Name": "右もみあげ6(スキニング)"
		},
		{
			"Id": "ArtMesh17_Skinning",
			"Name": "右もみあげ7(スキニング)"
		},
		{
			"Id": "ArtMesh18_Skinning",
			"Name": "右もみあげ8(スキニング)"
		},
		{
			"Id": "ArtMesh19_Skinning",
			"Name": "右もみあげ9(スキニング)"
		},
		{
			"Id": "ArtMesh20_Skinning",
			"Name": "前髪5(スキニング)"
		},
		{
			"Id": "ArtMesh21_Skinning",
			"Name": "前髪6(スキニング)"
		},
		{
			"Id": "ArtMesh22_Skinning",
			"Name": "前髪7(スキニング)"
		},
		{
			"Id": "ArtMesh23_Skinning",
			"Name": "前髪8(スキニング)"
		},
		{
			"Id": "ArtMesh24_Skinning",
			"Name": "前髪9(スキニング)"
		},
		{
			"Id": "ArtMesh25_Skinning",
			"Name": "前髪10(スキニング)"
		},
		{
			"Id": "ArtMesh26_Skinning",
			"Name": "前髪11(スキニング)"
		},
		{
			"Id": "ArtMesh27_Skinning",
			"Name": "前髪12(スキニング)"
		},
		{
			"Id": "Part5",
			"Name": "胸"
		},
		{
			"Id": "Part6",
			"Name": "鎖"
		},
		{
			"Id": "ArtMesh58_Skinning",
			"Name": "服体下(スキニング)"
		},
		{
			"Id": "ArtMesh59_Skinning",
			"Name": "服体下上半身(スキニング)"
		},
		{
			"Id": "ArtMesh60_Skinning",
			"Name": "服体下上半身右(スキニング)"
		},
		{
			"Id": "ArtMesh69_Skinning",
			"Name": "前髪影1(スキニング)"
		},
		{
			"Id": "ArtMesh70_Skinning",
			"Name": "前髪影2(スキニング)"
		},
		{
			"Id": "ArtMesh71_Skinning",
			"Name": "前髪影3(スキニング)"
		},
		{
			"Id": "ArtMesh72_Skinning",
			"Name": "前髪影4(スキニング)"
		},
		{
			"Id": "ArtMesh73_Skinning",
			"Name": "前髪影5(スキニング)"
		},
		{
			"Id": "ArtMesh74_Skinning",
			"Name": "前髪影6(スキニング)"
		},
		{
			"Id": "ArtMesh86_Skinning",
			"Name": "後髪1(スキニング)"
		},
		{
			"Id": "ArtMesh87_Skinning",
			"Name": "後髪2(スキニング)"
		},
		{
			"Id": "ArtMesh88_Skinning",
			"Name": "後髪3(スキニング)"
		},
		{
			"Id": "ArtMesh89_Skinning",
			"Name": "後髪4(スキニング)"
		},
		{
			"Id": "ArtMesh90_Skinning",
			"Name": "後髪5(スキニング)"
		},
		{
			"Id": "ArtMesh91_Skinning",
			"Name": "後髪6(スキニング)"
		},
		{
			"Id": "ArtMesh92_Skinning",
			"Name": "後髪7(スキニング)"
		},
		{
			"Id": "ArtMesh93_Skinning",
			"Name": "後髪8(スキニング)"
		},
		{
			"Id": "ArtMesh318_Skinning",
			"Name": "グループ 3(スキニング)"
		},
		{
			"Id": "ArtMesh316_Skinning",
			"Name": "後髪11 のコピー(スキニング)"
		},
		{
			"Id": "ArtMesh97_Skinning",
			"Name": "後髪12(スキニング)"
		},
		{
			"Id": "ArtMesh98_Skinning",
			"Name": "後髪13(スキニング)"
		},
		{
			"Id": "ArtMesh99_Skinning",
			"Name": "後髪14(スキニング)"
		},
		{
			"Id": "ArtMesh100_Skinning",
			"Name": "後髪15(スキニング)"
		},
		{
			"Id": "ArtMesh44_Skinning",
			"Name": "左胸下(スキニング)"
		}
	],
	"CombinedParameters": [
		[
			"ParamEyeRL",
			"ParamEyeUD"
		],
		[
			"ParamPaiRX",
			"ParamPaiRY"
		],
		[
			"ParamPaiRX2",
			"ParamPaiRY2"
		],
		[
			"ParamPaiLX",
			"ParamPaiLY"
		],
		[
			"ParamPaiLX2",
			"ParamPaiLY2"
		],
		[
			"ParamitiX",
			"ParamitiY"
		],
		[
			"ParamLegFX",
			"ParamLegFY"
		],
		[
			"ParamPaiFX",
			"ParamPaiFY"
		]
	]
}