{
	"Version": 3,
	"Meta": {
		"Duration": 6,
		"Fps": 30.0,
		"Loop": true,
		"AreBeziersRestricted": false,
		"CurveCount": 136,
		"TotalSegmentCount": 1092,
		"TotalPointCount": 3410,
		"UserDataCount": 0,
		"TotalUserDataSize": 0
	},
	"Curves": [
		{
			"Target": "Parameter",
			"Id": "ParamEff1",
			"Segments": [
				0,
				1,
				1,
				0.511,
				1,
				1.022,
				0.5,
				1.533,
				0.5,
				1,
				2.122,
				0.5,
				2.711,
				1,
				3.3,
				1,
				1,
				3.778,
				1,
				4.256,
				0.9,
				4.733,
				0.9,
				1,
				5.156,
				0.9,
				5.578,
				1,
				6,
				1
			]
		},
		{
			"Target": "Parameter",
			"Id": "ParamEff2",
			"Segments": [
				0,
				0.6,
				1,
				0.033,
				0.6,
				0.067,
				1,
				0.1,
				1,
				1,
				0.6,
				1,
				1.1,
				1,
				1.6,
				1,
				1,
				1.633,
				1,
				1.667,
				0.5,
				1.7,
				0.5,
				1,
				1.733,
				0.5,
				1.767,
				1,
				1.8,
				1,
				1,
				2.267,
				1,
				2.733,
				1,
				3.2,
				1,
				1,
				3.233,
				1,
				3.267,
				0.5,
				3.3,
				0.5,
				1,
				3.333,
				0.5,
				3.367,
				1,
				3.4,
				1,
				1,
				3.444,
				1,
				3.489,
				1,
				3.533,
				1,
				1,
				3.567,
				1,
				3.6,
				0.5,
				3.633,
				0.5,
				1,
				3.667,
				0.5,
				3.7,
				1,
				3.733,
				1,
				1,
				4.444,
				1,
				5.156,
				1,
				5.867,
				1,
				1,
				5.911,
				1,
				5.956,
				0.6,
				6,
				0.6
			]
		},
		{
			"Target": "Parameter",
			"Id": "ParamEff3",
			"Segments": [
				0,
				1,
				1,
				0.656,
				1,
				1.311,
				1,
				1.967,
				1,
				1,
				2,
				1,
				2.033,
				0.5,
				2.067,
				0.5,
				1,
				2.1,
				0.5,
				2.133,
				1,
				2.167,
				1,
				1,
				2.211,
				1,
				2.256,
				1,
				2.3,
				1,
				1,
				2.333,
				1,
				2.367,
				0.5,
				2.4,
				0.5,
				1,
				2.433,
				0.5,
				2.467,
				1,
				2.5,
				1,
				1,
				2.922,
				1,
				3.344,
				1,
				3.767,
				1,
				1,
				3.8,
				1,
				3.833,
				0.5,
				3.867,
				0.5,
				1,
				3.9,
				0.5,
				3.933,
				1,
				3.967,
				1,
				1,
				4.644,
				1,
				5.322,
				1,
				6,
				1
			]
		},
		{
			"Target": "Parameter",
			"Id": "ParamEff4",
			"Segments": [
				0,
				1,
				1,
				0.189,
				1,
				0.378,
				1,
				0.567,
				1,
				1,
				0.6,
				1,
				0.633,
				0.5,
				0.667,
				0.5,
				1,
				0.7,
				0.5,
				0.733,
				1,
				0.767,
				1,
				1,
				0.944,
				1,
				1.122,
				0.9,
				1.3,
				0.9,
				1,
				1.667,
				0.9,
				2.033,
				1,
				2.4,
				1,
				1,
				2.433,
				1,
				2.467,
				0.5,
				2.5,
				0.5,
				1,
				2.533,
				0.5,
				2.567,
				1,
				2.6,
				1,
				1,
				3,
				1,
				3.4,
				0.8,
				3.8,
				0.8,
				1,
				4.2,
				0.8,
				4.6,
				1,
				5,
				1,
				1,
				5.033,
				1,
				5.067,
				0.5,
				5.1,
				0.5,
				1,
				5.133,
				0.5,
				5.167,
				1,
				5.2,
				1,
				1,
				5.467,
				1,
				5.733,
				1,
				6,
				1
			]
		},
		{
			"Target": "Parameter",
			"Id": "ParamEff5",
			"Segments": [
				0,
				1,
				1,
				0.078,
				1,
				0.156,
				1,
				0.233,
				1,
				1,
				0.267,
				1,
				0.3,
				0.5,
				0.333,
				0.5,
				1,
				0.367,
				0.5,
				0.4,
				1,
				0.433,
				1,
				1,
				1.244,
				1,
				2.056,
				0.7,
				2.867,
				0.7,
				1,
				3.911,
				0.7,
				4.956,
				1,
				6,
				1
			]
		},
		{
			"Target": "Parameter",
			"Id": "ParamEff6",
			"Segments": [
				0,
				0.6,
				1,
				0.033,
				0.6,
				0.067,
				1,
				0.1,
				1,
				1,
				0.867,
				1,
				1.633,
				0.8,
				2.4,
				0.8,
				1,
				3.133,
				0.8,
				3.867,
				1,
				4.6,
				1,
				1,
				4.633,
				1,
				4.667,
				0.5,
				4.7,
				0.5,
				1,
				4.733,
				0.5,
				4.767,
				1,
				4.8,
				1,
				1,
				4.878,
				1,
				4.956,
				1,
				5.033,
				1,
				1,
				5.067,
				1,
				5.1,
				0.5,
				5.133,
				0.5,
				1,
				5.167,
				0.5,
				5.2,
				1,
				5.233,
				1,
				1,
				5.289,
				1,
				5.344,
				1,
				5.4,
				1,
				1,
				5.433,
				1,
				5.467,
				0.5,
				5.5,
				0.5,
				1,
				5.533,
				0.5,
				5.567,
				1,
				5.6,
				1,
				1,
				5.678,
				1,
				5.756,
				1,
				5.833,
				1,
				1,
				5.889,
				1,
				5.944,
				0.6,
				6,
				0.6
			]
		},
		{
			"Target": "Parameter",
			"Id": "ParamEff7",
			"Segments": [
				0,
				1,
				1,
				0.256,
				1,
				0.511,
				1,
				0.767,
				1,
				1,
				0.8,
				1,
				0.833,
				0.6,
				0.867,
				0.6,
				1,
				0.9,
				0.6,
				0.933,
				1,
				0.967,
				1,
				1,
				1.133,
				1,
				1.3,
				1,
				1.467,
				1,
				1,
				1.5,
				1,
				1.533,
				0.6,
				1.567,
				0.6,
				1,
				1.6,
				0.6,
				1.633,
				1,
				1.667,
				1,
				1,
				2.089,
				1,
				2.511,
				0.9,
				2.933,
				0.9,
				1,
				3.311,
				0.9,
				3.689,
				1,
				4.067,
				1,
				1,
				4.1,
				1,
				4.133,
				0.6,
				4.167,
				0.6,
				1,
				4.2,
				0.6,
				4.233,
				1,
				4.267,
				1,
				1,
				4.578,
				1,
				4.889,
				1,
				5.2,
				1,
				1,
				5.467,
				1,
				5.733,
				1,
				6,
				1
			]
		},
		{
			"Target": "Parameter",
			"Id": "ParamEff8",
			"Segments": [
				0,
				1,
				1,
				0.111,
				1,
				0.222,
				1,
				0.333,
				1,
				1,
				0.367,
				1,
				0.4,
				0.6,
				0.433,
				0.6,
				1,
				0.467,
				0.6,
				0.5,
				1,
				0.533,
				1,
				1,
				1,
				1,
				1.467,
				0.9,
				1.933,
				0.9,
				1,
				2.311,
				0.9,
				2.689,
				1,
				3.067,
				1,
				1,
				3.1,
				1,
				3.133,
				0.6,
				3.167,
				0.6,
				1,
				3.2,
				0.6,
				3.233,
				1,
				3.267,
				1,
				1,
				3.322,
				1,
				3.378,
				1,
				3.433,
				1,
				1,
				3.467,
				1,
				3.5,
				0.6,
				3.533,
				0.6,
				1,
				3.567,
				0.6,
				3.6,
				1,
				3.633,
				1,
				1,
				3.7,
				1,
				3.767,
				1,
				3.833,
				1,
				1,
				3.867,
				1,
				3.9,
				0.7,
				3.933,
				0.7,
				1,
				3.967,
				0.7,
				4,
				1,
				4.033,
				1,
				1,
				4.367,
				1,
				4.7,
				0.9,
				5.033,
				0.9,
				1,
				5.356,
				0.9,
				5.678,
				1,
				6,
				1
			]
		},
		{
			"Target": "Parameter",
			"Id": "ParamEff9",
			"Segments": [
				0,
				0.8,
				1,
				0.289,
				0.8,
				0.578,
				1,
				0.867,
				1,
				1,
				0.9,
				1,
				0.933,
				0.6,
				0.967,
				0.6,
				1,
				1,
				0.6,
				1.033,
				1,
				1.067,
				1,
				1,
				1.3,
				1,
				1.533,
				1,
				1.767,
				1,
				1,
				1.8,
				1,
				1.833,
				0.6,
				1.867,
				0.6,
				1,
				1.9,
				0.6,
				1.933,
				1,
				1.967,
				1,
				1,
				2.4,
				1,
				2.833,
				1,
				3.267,
				1,
				1,
				3.3,
				1,
				3.333,
				0.6,
				3.367,
				0.6,
				1,
				3.4,
				0.6,
				3.433,
				1,
				3.467,
				1,
				1,
				4.311,
				1,
				5.156,
				0.8,
				6,
				0.8
			]
		},
		{
			"Target": "Parameter",
			"Id": "ParamEff10",
			"Segments": [
				0,
				1,
				1,
				0.5,
				1,
				1,
				1,
				1.5,
				1,
				1,
				1.533,
				1,
				1.567,
				0.6,
				1.6,
				0.6,
				1,
				1.633,
				0.6,
				1.667,
				1,
				1.7,
				1,
				1,
				1.822,
				1,
				1.944,
				1,
				2.067,
				1,
				1,
				2.1,
				1,
				2.133,
				0.6,
				2.167,
				0.6,
				1,
				2.2,
				0.6,
				2.233,
				1,
				2.267,
				1,
				1,
				2.711,
				1,
				3.156,
				0.9,
				3.6,
				0.9,
				1,
				4.211,
				0.9,
				4.822,
				1,
				5.433,
				1,
				1,
				5.467,
				1,
				5.5,
				0.6,
				5.533,
				0.6,
				1,
				5.567,
				0.6,
				5.6,
				1,
				5.633,
				1,
				1,
				5.756,
				1,
				5.878,
				1,
				6,
				1
			]
		},
		{
			"Target": "Parameter",
			"Id": "ParamEff11",
			"Segments": [
				0,
				1,
				1,
				0.222,
				1,
				0.444,
				1,
				0.667,
				1,
				1,
				0.7,
				1,
				0.733,
				0.6,
				0.767,
				0.6,
				1,
				0.8,
				0.6,
				0.833,
				1,
				0.867,
				1,
				1,
				1.144,
				1,
				1.422,
				0.9,
				1.7,
				0.9,
				1,
				2.056,
				0.9,
				2.411,
				1,
				2.767,
				1,
				1,
				2.8,
				1,
				2.833,
				0.6,
				2.867,
				0.6,
				1,
				2.9,
				0.6,
				2.933,
				1,
				2.967,
				1,
				1,
				3.267,
				1,
				3.567,
				0.8,
				3.867,
				0.8,
				1,
				4.067,
				0.8,
				4.267,
				1,
				4.467,
				1,
				1,
				4.5,
				1,
				4.533,
				0.6,
				4.567,
				0.6,
				1,
				4.6,
				0.6,
				4.633,
				1,
				4.667,
				1,
				1,
				5.111,
				1,
				5.556,
				1,
				6,
				1
			]
		},
		{
			"Target": "Parameter",
			"Id": "ParamEff12",
			"Segments": [
				0,
				0.9,
				1,
				0.044,
				0.9,
				0.089,
				1,
				0.133,
				1,
				1,
				0.733,
				1,
				1.333,
				0.9,
				1.933,
				0.9,
				1,
				2.567,
				0.9,
				3.2,
				1,
				3.833,
				1,
				1,
				3.867,
				1,
				3.9,
				0.9,
				3.933,
				0.9,
				1,
				3.967,
				0.9,
				4,
				1,
				4.033,
				1,
				1,
				4.444,
				1,
				4.856,
				1,
				5.267,
				1,
				1,
				5.3,
				1,
				5.333,
				0.9,
				5.367,
				0.9,
				1,
				5.4,
				0.9,
				5.433,
				1,
				5.467,
				1,
				1,
				5.611,
				1,
				5.756,
				1,
				5.9,
				1,
				1,
				5.933,
				1,
				5.967,
				0.8,
				6,
				0.8
			]
		},
		{
			"Target": "Parameter",
			"Id": "ParamEff13",
			"Segments": [
				0,
				1,
				1,
				0.111,
				1,
				0.222,
				1,
				0.333,
				1,
				1,
				0.367,
				1,
				0.4,
				0.9,
				0.433,
				0.9,
				1,
				0.467,
				0.9,
				0.5,
				1,
				0.533,
				1,
				1,
				0.856,
				1,
				1.178,
				0.9,
				1.5,
				0.9,
				1,
				1.844,
				0.9,
				2.189,
				1,
				2.533,
				1,
				1,
				2.567,
				1,
				2.6,
				0.9,
				2.633,
				0.9,
				1,
				2.667,
				0.9,
				2.7,
				1,
				2.733,
				1,
				1,
				3.278,
				1,
				3.822,
				1,
				4.367,
				1,
				1,
				4.4,
				1,
				4.433,
				0.9,
				4.467,
				0.9,
				1,
				4.5,
				0.9,
				4.533,
				1,
				4.567,
				1,
				1,
				5.044,
				1,
				5.522,
				1,
				6,
				1
			]
		},
		{
			"Target": "Parameter",
			"Id": "ParamEff14",
			"Segments": [
				0,
				1,
				1,
				0.189,
				1,
				0.378,
				1,
				0.567,
				1,
				1,
				0.6,
				1,
				0.633,
				0.9,
				0.667,
				0.9,
				1,
				0.7,
				0.9,
				0.733,
				1,
				0.767,
				1,
				1,
				1.1,
				1,
				1.433,
				1,
				1.767,
				1,
				1,
				1.8,
				1,
				1.833,
				0.8,
				1.867,
				0.8,
				1,
				1.9,
				0.8,
				1.933,
				1,
				1.967,
				1,
				1,
				2.267,
				1,
				2.567,
				0.9,
				2.867,
				0.9,
				1,
				3.133,
				0.9,
				3.4,
				1,
				3.667,
				1,
				1,
				3.7,
				1,
				3.733,
				0.8,
				3.767,
				0.8,
				1,
				3.8,
				0.8,
				3.833,
				1,
				3.867,
				1,
				1,
				4.122,
				1,
				4.378,
				0.9,
				4.633,
				0.9,
				1,
				4.878,
				0.9,
				5.122,
				1,
				5.367,
				1,
				1,
				5.4,
				1,
				5.433,
				0.8,
				5.467,
				0.8,
				1,
				5.5,
				0.8,
				5.533,
				1,
				5.567,
				1,
				1,
				5.711,
				1,
				5.856,
				1,
				6,
				1
			]
		},
		{
			"Target": "Parameter",
			"Id": "ParamEff15",
			"Segments": [
				0,
				0.7,
				1,
				0.478,
				0.7,
				0.956,
				1,
				1.433,
				1,
				1,
				1.467,
				1,
				1.5,
				0.6,
				1.533,
				0.6,
				1,
				1.567,
				0.6,
				1.6,
				1,
				1.633,
				1,
				1,
				2.133,
				1,
				2.633,
				1,
				3.133,
				1,
				1,
				3.167,
				1,
				3.2,
				0.6,
				3.233,
				0.6,
				1,
				3.267,
				0.6,
				3.3,
				1,
				3.333,
				1,
				1,
				3.411,
				1,
				3.489,
				1,
				3.567,
				1,
				1,
				3.6,
				1,
				3.633,
				0.6,
				3.667,
				0.6,
				1,
				3.7,
				0.6,
				3.733,
				0.788,
				3.767,
				0.8,
				1,
				4.167,
				0.943,
				4.567,
				1,
				4.967,
				1,
				1,
				5,
				1,
				5.033,
				0.6,
				5.067,
				0.6,
				1,
				5.1,
				0.6,
				5.133,
				1,
				5.167,
				1,
				1,
				5.444,
				1,
				5.722,
				0.7,
				6,
				0.7
			]
		},
		{
			"Target": "Parameter",
			"Id": "ParamEff16",
			"Segments": [
				0,
				1,
				1,
				0.256,
				1,
				0.511,
				1,
				0.767,
				1,
				1,
				0.8,
				1,
				0.833,
				0.6,
				0.867,
				0.6,
				1,
				0.9,
				0.6,
				0.933,
				1,
				0.967,
				1,
				1,
				1.322,
				1,
				1.678,
				1,
				2.033,
				1,
				1,
				2.067,
				1,
				2.1,
				0.6,
				2.133,
				0.6,
				1,
				2.167,
				0.6,
				2.2,
				1,
				2.233,
				1,
				1,
				2.622,
				1,
				3.011,
				0.9,
				3.4,
				0.9,
				1,
				3.811,
				0.9,
				4.222,
				1,
				4.633,
				1,
				1,
				4.667,
				1,
				4.7,
				0.6,
				4.733,
				0.6,
				1,
				4.767,
				0.6,
				4.8,
				1,
				4.833,
				1,
				1,
				5.044,
				1,
				5.256,
				1,
				5.467,
				1,
				1,
				5.644,
				1,
				5.822,
				1,
				6,
				1
			]
		},
		{
			"Target": "Parameter",
			"Id": "ParamEff17",
			"Segments": [
				0,
				1,
				1,
				0.678,
				1,
				1.356,
				0.9,
				2.033,
				0.9,
				1,
				2.8,
				0.9,
				3.567,
				1,
				4.333,
				1,
				1,
				4.367,
				1,
				4.4,
				0.6,
				4.433,
				0.6,
				1,
				4.467,
				0.6,
				4.5,
				1,
				4.533,
				1,
				1,
				4.844,
				1,
				5.156,
				0.9,
				5.467,
				0.9,
				1,
				5.644,
				0.9,
				5.822,
				1,
				6,
				1
			]
		},
		{
			"Target": "Parameter",
			"Id": "ParamEff18",
			"Segments": [
				0,
				0.6,
				1,
				0.044,
				0.6,
				0.089,
				1,
				0.133,
				1,
				1,
				0.811,
				1,
				1.489,
				0.9,
				2.167,
				0.9,
				1,
				3.178,
				0.9,
				4.189,
				1,
				5.2,
				1,
				1,
				5.233,
				1,
				5.267,
				0.6,
				5.3,
				0.6,
				1,
				5.333,
				0.6,
				5.367,
				1,
				5.4,
				1,
				1,
				5.544,
				1,
				5.689,
				1,
				5.833,
				1,
				1,
				5.889,
				1,
				5.944,
				0.6,
				6,
				0.6
			]
		},
		{
			"Target": "Parameter",
			"Id": "ParamEff19",
			"Segments": [
				0,
				1,
				1,
				0.978,
				1,
				1.956,
				0.4,
				2.933,
				0.4,
				1,
				3.956,
				0.4,
				4.978,
				1,
				6,
				1
			]
		},
		{
			"Target": "Parameter",
			"Id": "ParamEff20",
			"Segments": [
				0,
				1,
				1,
				0.489,
				1,
				0.978,
				1,
				1.467,
				1,
				1,
				1.5,
				1,
				1.533,
				0.6,
				1.567,
				0.6,
				1,
				1.6,
				0.6,
				1.633,
				1,
				1.667,
				1,
				1,
				2.656,
				1,
				3.644,
				0.9,
				4.633,
				0.9,
				1,
				5.089,
				0.9,
				5.544,
				1,
				6,
				1
			]
		},
		{
			"Target": "Parameter",
			"Id": "ParamEff21",
			"Segments": [
				0,
				1,
				1,
				1.6,
				1,
				3.2,
				1,
				4.8,
				1,
				1,
				4.833,
				1,
				4.867,
				0.6,
				4.9,
				0.6,
				1,
				4.933,
				0.6,
				4.967,
				1,
				5,
				1,
				1,
				5.333,
				1,
				5.667,
				1,
				6,
				1
			]
		},
		{
			"Target": "Parameter",
			"Id": "ParamEff22",
			"Segments": [
				0,
				1,
				1,
				0.244,
				1,
				0.489,
				1,
				0.733,
				1,
				1,
				0.767,
				1,
				0.8,
				0.6,
				0.833,
				0.6,
				1,
				0.867,
				0.6,
				0.9,
				1,
				0.933,
				1,
				1,
				1.078,
				1,
				1.222,
				1,
				1.367,
				1,
				1,
				1.4,
				1,
				1.433,
				0.6,
				1.467,
				0.6,
				1,
				1.5,
				0.6,
				1.533,
				1,
				1.567,
				1,
				1,
				1.889,
				1,
				2.211,
				1,
				2.533,
				1,
				1,
				2.567,
				1,
				2.6,
				0.6,
				2.633,
				0.6,
				1,
				2.667,
				0.6,
				2.7,
				1,
				2.733,
				1,
				1,
				3.822,
				1,
				4.911,
				1,
				6,
				1
			]
		},
		{
			"Target": "Parameter",
			"Id": "ParamEff23",
			"Segments": [
				0,
				1,
				1,
				0.067,
				1,
				0.133,
				1,
				0.2,
				1,
				1,
				0.233,
				1,
				0.267,
				0.5,
				0.3,
				0.5,
				1,
				0.333,
				0.5,
				0.367,
				1,
				0.4,
				1,
				1,
				0.489,
				1,
				0.578,
				1,
				0.667,
				1,
				1,
				0.7,
				1,
				0.733,
				0.5,
				0.767,
				0.5,
				1,
				0.8,
				0.5,
				0.833,
				1,
				0.867,
				1,
				1,
				2.122,
				1,
				3.378,
				1,
				4.633,
				1,
				1,
				4.667,
				1,
				4.7,
				0.5,
				4.733,
				0.5,
				1,
				4.767,
				0.5,
				4.8,
				1,
				4.833,
				1,
				1,
				5.222,
				1,
				5.611,
				1,
				6,
				1
			]
		},
		{
			"Target": "Parameter",
			"Id": "ParamEff24",
			"Segments": [
				0,
				1,
				1,
				0.7,
				1,
				1.4,
				1,
				2.1,
				1,
				1,
				2.133,
				1,
				2.167,
				0.6,
				2.2,
				0.6,
				1,
				2.233,
				0.6,
				2.267,
				1,
				2.3,
				1,
				1,
				2.433,
				1,
				2.567,
				1,
				2.7,
				1,
				1,
				2.733,
				1,
				2.767,
				0.6,
				2.8,
				0.6,
				1,
				2.833,
				0.6,
				2.867,
				1,
				2.9,
				1,
				1,
				3.789,
				1,
				4.678,
				1,
				5.567,
				1,
				1,
				5.6,
				1,
				5.633,
				0.6,
				5.667,
				0.6,
				1,
				5.7,
				0.6,
				5.733,
				1,
				5.767,
				1,
				1,
				5.844,
				1,
				5.922,
				1,
				6,
				1
			]
		},
		{
			"Target": "Parameter",
			"Id": "ParamEff25",
			"Segments": [
				0,
				1,
				1,
				0.411,
				1,
				0.822,
				1,
				1.233,
				1,
				1,
				1.267,
				1,
				1.3,
				0.5,
				1.333,
				0.5,
				1,
				1.367,
				0.5,
				1.4,
				1,
				1.433,
				1,
				1,
				1.911,
				1,
				2.389,
				1,
				2.867,
				1,
				1,
				2.9,
				1,
				2.933,
				0.5,
				2.967,
				0.5,
				1,
				3,
				0.5,
				3.033,
				1,
				3.067,
				1,
				1,
				4.044,
				1,
				5.022,
				1,
				6,
				1
			]
		},
		{
			"Target": "Parameter",
			"Id": "ParamEff26",
			"Segments": [
				0,
				0.8,
				1,
				1.333,
				0.8,
				2.667,
				1,
				4,
				1,
				1,
				4.033,
				1,
				4.067,
				0.6,
				4.1,
				0.6,
				1,
				4.133,
				0.6,
				4.167,
				1,
				4.2,
				1,
				1,
				4.589,
				1,
				4.978,
				1,
				5.367,
				1,
				1,
				5.4,
				1,
				5.433,
				0.6,
				5.467,
				0.6,
				1,
				5.5,
				0.6,
				5.533,
				1,
				5.567,
				1,
				1,
				5.711,
				1,
				5.856,
				0.8,
				6,
				0.8
			]
		},
		{
			"Target": "Parameter",
			"Id": "ParamEff27",
			"Segments": [
				0,
				1,
				1,
				0.133,
				1,
				0.267,
				1,
				0.4,
				1,
				1,
				0.433,
				1,
				0.467,
				0.5,
				0.5,
				0.5,
				1,
				0.533,
				0.5,
				0.567,
				1,
				0.6,
				1,
				1,
				1.089,
				1,
				1.578,
				1,
				2.067,
				1,
				1,
				2.1,
				1,
				2.133,
				0.5,
				2.167,
				0.5,
				1,
				2.2,
				0.5,
				2.233,
				1,
				2.267,
				1,
				1,
				2.478,
				1,
				2.689,
				1,
				2.9,
				1,
				1,
				2.933,
				1,
				2.967,
				0.5,
				3,
				0.5,
				1,
				3.033,
				0.5,
				3.067,
				1,
				3.1,
				1,
				1,
				4.067,
				1,
				5.033,
				1,
				6,
				1
			]
		},
		{
			"Target": "Parameter",
			"Id": "ParamEff28",
			"Segments": [
				0,
				1,
				1,
				0.2,
				1,
				0.4,
				1,
				0.6,
				1,
				1,
				0.633,
				1,
				0.667,
				0.5,
				0.7,
				0.5,
				1,
				0.733,
				0.5,
				0.767,
				1,
				0.8,
				1,
				1,
				1.444,
				1,
				2.089,
				1,
				2.733,
				1,
				1,
				2.767,
				1,
				2.8,
				0.5,
				2.833,
				0.5,
				1,
				2.867,
				0.5,
				2.9,
				1,
				2.933,
				1,
				1,
				3.044,
				1,
				3.156,
				1,
				3.267,
				1,
				1,
				3.3,
				1,
				3.333,
				0.5,
				3.367,
				0.5,
				1,
				3.4,
				0.5,
				3.433,
				1,
				3.467,
				1,
				1,
				4.311,
				1,
				5.156,
				1,
				6,
				1
			]
		},
		{
			"Target": "Parameter",
			"Id": "ParamEff29",
			"Segments": [
				0,
				1,
				1,
				0.589,
				1,
				1.178,
				1,
				1.767,
				1,
				1,
				1.8,
				1,
				1.833,
				0.6,
				1.867,
				0.6,
				1,
				1.9,
				0.6,
				1.933,
				1,
				1.967,
				1,
				1,
				2.567,
				1,
				3.167,
				1,
				3.767,
				1,
				1,
				3.8,
				1,
				3.833,
				0.6,
				3.867,
				0.6,
				1,
				3.9,
				0.6,
				3.933,
				1,
				3.967,
				1,
				1,
				4.2,
				1,
				4.433,
				1,
				4.667,
				1,
				1,
				4.7,
				1,
				4.733,
				0.6,
				4.767,
				0.6,
				1,
				4.8,
				0.6,
				4.833,
				1,
				4.867,
				1,
				1,
				5.244,
				1,
				5.622,
				1,
				6,
				1
			]
		},
		{
			"Target": "Parameter",
			"Id": "ParamEff30",
			"Segments": [
				0,
				1,
				1,
				0.078,
				1,
				0.156,
				1,
				0.233,
				1,
				1,
				0.267,
				1,
				0.3,
				0.5,
				0.333,
				0.5,
				1,
				0.367,
				0.5,
				0.4,
				1,
				0.433,
				1,
				1,
				0.589,
				1,
				0.744,
				1,
				0.9,
				1,
				1,
				0.933,
				1,
				0.967,
				0.5,
				1,
				0.5,
				1,
				1.033,
				0.5,
				1.067,
				1,
				1.1,
				1,
				1,
				1.7,
				1,
				2.3,
				1,
				2.9,
				1,
				1,
				2.933,
				1,
				2.967,
				0.5,
				3,
				0.5,
				1,
				3.033,
				0.5,
				3.067,
				1,
				3.1,
				1,
				1,
				3.556,
				1,
				4.011,
				0.9,
				4.467,
				0.9,
				1,
				4.978,
				0.9,
				5.489,
				1,
				6,
				1
			]
		},
		{
			"Target": "Parameter",
			"Id": "ParamEff31",
			"Segments": [
				0,
				1,
				1,
				0.556,
				1,
				1.111,
				1,
				1.667,
				1,
				1,
				1.7,
				1,
				1.733,
				0.6,
				1.767,
				0.6,
				1,
				1.8,
				0.6,
				1.833,
				1,
				1.867,
				1,
				1,
				2.378,
				1,
				2.889,
				0.9,
				3.4,
				0.9,
				1,
				3.878,
				0.9,
				4.356,
				1,
				4.833,
				1,
				1,
				4.867,
				1,
				4.9,
				0.6,
				4.933,
				0.6,
				1,
				4.967,
				0.6,
				5,
				1,
				5.033,
				1,
				1,
				5.189,
				1,
				5.344,
				1,
				5.5,
				1,
				1,
				5.533,
				1,
				5.567,
				0.6,
				5.6,
				0.6,
				1,
				5.633,
				0.6,
				5.667,
				1,
				5.7,
				1,
				0,
				6,
				1
			]
		},
		{
			"Target": "Parameter",
			"Id": "ParamEff32",
			"Segments": [
				0,
				1,
				1,
				0.456,
				1,
				0.911,
				1,
				1.367,
				1,
				1,
				1.4,
				1,
				1.433,
				0.5,
				1.467,
				0.5,
				1,
				1.5,
				0.5,
				1.533,
				1,
				1.567,
				1,
				1,
				1.689,
				1,
				1.811,
				1,
				1.933,
				1,
				1,
				1.967,
				1,
				2,
				0.5,
				2.033,
				0.5,
				1,
				2.067,
				0.5,
				2.1,
				1,
				2.133,
				1,
				1,
				2.711,
				1,
				3.289,
				0.9,
				3.867,
				0.9,
				1,
				4.378,
				0.9,
				4.889,
				1,
				5.4,
				1,
				1,
				5.433,
				1,
				5.467,
				0.5,
				5.5,
				0.5,
				1,
				5.533,
				0.5,
				5.567,
				1,
				5.6,
				1,
				1,
				5.733,
				1,
				5.867,
				1,
				6,
				1
			]
		},
		{
			"Target": "Parameter",
			"Id": "ParamEff33",
			"Segments": [
				0,
				1,
				1,
				0.222,
				1,
				0.444,
				1,
				0.667,
				1,
				1,
				0.7,
				1,
				0.733,
				0.5,
				0.767,
				0.5,
				1,
				0.8,
				0.5,
				0.833,
				1,
				0.867,
				1,
				1,
				1.367,
				1,
				1.867,
				1,
				2.367,
				1,
				1,
				2.4,
				1,
				2.433,
				0.5,
				2.467,
				0.5,
				1,
				2.5,
				0.5,
				2.533,
				1,
				2.567,
				1,
				1,
				3.111,
				1,
				3.656,
				1,
				4.2,
				1,
				1,
				4.233,
				1,
				4.267,
				0.5,
				4.3,
				0.5,
				1,
				4.333,
				0.5,
				4.367,
				1,
				4.4,
				1,
				1,
				4.933,
				1,
				5.467,
				1,
				6,
				1
			]
		},
		{
			"Target": "Parameter",
			"Id": "ParamPachi",
			"Segments": [
				0,
				1,
				1,
				0.989,
				1,
				1.978,
				1,
				2.967,
				1,
				1,
				3.011,
				1,
				3.056,
				0,
				3.1,
				0,
				1,
				3.122,
				0,
				3.144,
				0,
				3.167,
				0,
				1,
				3.211,
				0,
				3.256,
				1,
				3.3,
				1,
				1,
				4.2,
				1,
				5.1,
				1,
				6,
				1
			]
		},
		{
			"Target": "Parameter",
			"Id": "ParamLegL1",
			"Segments": [
				0,
				0,
				1,
				0.011,
				0,
				0.022,
				0.221,
				0.033,
				0.302,
				1,
				0.378,
				2.814,
				0.722,
				4,
				1.067,
				4,
				1,
				1.567,
				4,
				2.067,
				2.667,
				2.567,
				0,
				1,
				3.067,
				-2.667,
				3.567,
				-4,
				4.067,
				-4,
				1,
				4.7,
				-4,
				5.333,
				-2.853,
				5.967,
				-0.453,
				1,
				5.978,
				-0.411,
				5.989,
				0,
				6,
				0
			]
		},
		{
			"Target": "Parameter",
			"Id": "ParamLegL2",
			"Segments": [
				0,
				0,
				1,
				0.011,
				0,
				0.022,
				0.233,
				0.033,
				0.302,
				1,
				0.433,
				2.811,
				0.833,
				4,
				1.233,
				4,
				1,
				1.733,
				4,
				2.233,
				2.667,
				2.733,
				0,
				1,
				3.233,
				-2.667,
				3.733,
				-4,
				4.233,
				-4,
				1,
				4.811,
				-4,
				5.389,
				-2.855,
				5.967,
				-0.453,
				1,
				5.978,
				-0.407,
				5.989,
				0,
				6,
				0
			]
		},
		{
			"Target": "Parameter",
			"Id": "ParamLegR1",
			"Segments": [
				0,
				0,
				1,
				0.011,
				0,
				0.022,
				0.257,
				0.033,
				0.302,
				1,
				0.644,
				2.801,
				1.256,
				4,
				1.867,
				4,
				1,
				2.367,
				4,
				2.867,
				2.667,
				3.367,
				0,
				1,
				3.867,
				-2.667,
				4.367,
				-4,
				4.867,
				-4,
				1,
				5.233,
				-4,
				5.6,
				-2.87,
				5.967,
				-0.453,
				1,
				5.978,
				-0.38,
				5.989,
				0,
				6,
				0
			]
		},
		{
			"Target": "Parameter",
			"Id": "ParamLegR2",
			"Segments": [
				0,
				0,
				1,
				0.011,
				0,
				0.022,
				0.261,
				0.033,
				0.302,
				1,
				0.7,
				2.799,
				1.367,
				4,
				2.033,
				4,
				1,
				2.533,
				4,
				3.033,
				2.667,
				3.533,
				0,
				1,
				4.033,
				-2.667,
				4.533,
				-4,
				5.033,
				-4,
				1,
				5.344,
				-4,
				5.656,
				-2.876,
				5.967,
				-0.453,
				1,
				5.978,
				-0.367,
				5.989,
				0,
				6,
				0
			]
		},
		{
			"Target": "Parameter",
			"Id": "ParamEyeRL",
			"Segments": [
				0,
				0,
				1,
				0.033,
				0,
				0.067,
				6,
				0.1,
				6,
				1,
				0.122,
				6,
				0.144,
				6,
				0.167,
				6,
				1,
				0.222,
				6,
				0.278,
				-6,
				0.333,
				-6,
				1,
				0.356,
				-6,
				0.378,
				10.768,
				0.4,
				13,
				1,
				0.422,
				15.232,
				0.444,
				15,
				0.467,
				15,
				1,
				0.489,
				15,
				0.511,
				-9,
				0.533,
				-9,
				1,
				0.567,
				-9,
				0.6,
				-7.568,
				0.633,
				-4,
				1,
				0.656,
				-1.621,
				0.678,
				3.453,
				0.7,
				4,
				1,
				0.722,
				4.547,
				0.744,
				4.489,
				0.767,
				5,
				1,
				0.789,
				5.511,
				0.811,
				7,
				0.833,
				7,
				1,
				0.867,
				7,
				0.9,
				-11,
				0.933,
				-11,
				1,
				0.956,
				-11,
				0.978,
				7,
				1,
				7,
				1,
				1.022,
				7,
				1.044,
				-6,
				1.067,
				-6,
				1,
				1.078,
				-6,
				1.089,
				6,
				1.1,
				6,
				1,
				1.133,
				6,
				1.167,
				5.932,
				1.2,
				4,
				1,
				1.222,
				2.712,
				1.244,
				-9,
				1.267,
				-9,
				1,
				1.311,
				-9,
				1.356,
				0,
				1.4,
				0,
				1,
				1.411,
				0,
				1.422,
				-2,
				1.433,
				-2,
				1,
				1.456,
				-2,
				1.478,
				6,
				1.5,
				6,
				1,
				1.522,
				6,
				1.544,
				6,
				1.567,
				6,
				1,
				1.589,
				6,
				1.611,
				-4,
				1.633,
				-4,
				1,
				1.689,
				-4,
				1.744,
				6.579,
				1.8,
				13,
				1,
				1.822,
				15.568,
				1.844,
				15,
				1.867,
				15,
				1,
				1.889,
				15,
				1.911,
				-9,
				1.933,
				-9,
				1,
				1.956,
				-9,
				1.978,
				8,
				2,
				8,
				1,
				2.033,
				8,
				2.067,
				4,
				2.1,
				4,
				1,
				2.122,
				4,
				2.144,
				4.126,
				2.167,
				5,
				1,
				2.189,
				5.874,
				2.211,
				7,
				2.233,
				7,
				1,
				2.267,
				7,
				2.3,
				-11,
				2.333,
				-11,
				1,
				2.356,
				-11,
				2.378,
				7,
				2.4,
				7,
				1,
				2.422,
				7,
				2.444,
				-6,
				2.467,
				-6,
				1,
				2.5,
				-6,
				2.533,
				-5.548,
				2.567,
				-2,
				1,
				2.589,
				0.365,
				2.611,
				6,
				2.633,
				6,
				1,
				2.656,
				6,
				2.678,
				6,
				2.7,
				6,
				1,
				2.722,
				6,
				2.744,
				-2.728,
				2.767,
				-4,
				1,
				2.8,
				-5.909,
				2.833,
				-6,
				2.867,
				-6,
				1,
				2.911,
				-6,
				2.956,
				15,
				3,
				15,
				1,
				3.022,
				15,
				3.044,
				-9,
				3.067,
				-9,
				1,
				3.089,
				-9,
				3.111,
				8,
				3.133,
				8,
				1,
				3.144,
				8,
				3.156,
				-4,
				3.167,
				-4,
				1,
				3.189,
				-4,
				3.211,
				2.919,
				3.233,
				4,
				1,
				3.256,
				5.081,
				3.278,
				5,
				3.3,
				5,
				1,
				3.356,
				5,
				3.411,
				-11,
				3.467,
				-11,
				1,
				3.489,
				-11,
				3.511,
				7,
				3.533,
				7,
				1,
				3.556,
				7,
				3.578,
				-6,
				3.6,
				-6,
				1,
				3.611,
				-6,
				3.622,
				6,
				3.633,
				6,
				1,
				3.667,
				6,
				3.7,
				4,
				3.733,
				4,
				1,
				3.767,
				4,
				3.8,
				8,
				3.833,
				8,
				1,
				3.867,
				8,
				3.9,
				-4,
				3.933,
				-4,
				1,
				3.978,
				-4,
				4.022,
				7.873,
				4.067,
				13,
				1,
				4.089,
				15.563,
				4.111,
				15,
				4.133,
				15,
				1,
				4.156,
				15,
				4.178,
				-9,
				4.2,
				-9,
				1,
				4.222,
				-9,
				4.244,
				8,
				4.267,
				8,
				1,
				4.3,
				8,
				4.333,
				4,
				4.367,
				4,
				1,
				4.389,
				4,
				4.411,
				4.126,
				4.433,
				5,
				1,
				4.456,
				5.874,
				4.478,
				7,
				4.5,
				7,
				1,
				4.533,
				7,
				4.567,
				-11,
				4.6,
				-11,
				1,
				4.622,
				-11,
				4.644,
				7,
				4.667,
				7,
				1,
				4.689,
				7,
				4.711,
				-6,
				4.733,
				-6,
				1,
				4.767,
				-6,
				4.8,
				-5.548,
				4.833,
				-2,
				1,
				4.856,
				0.365,
				4.878,
				6,
				4.9,
				6,
				1,
				4.922,
				6,
				4.944,
				6,
				4.967,
				6,
				1,
				4.989,
				6,
				5.011,
				-2.728,
				5.033,
				-4,
				1,
				5.067,
				-5.909,
				5.1,
				-6,
				5.133,
				-6,
				1,
				5.178,
				-6,
				5.222,
				15,
				5.267,
				15,
				1,
				5.289,
				15,
				5.311,
				-9,
				5.333,
				-9,
				1,
				5.356,
				-9,
				5.378,
				8,
				5.4,
				8,
				1,
				5.411,
				8,
				5.422,
				-4,
				5.433,
				-4,
				1,
				5.456,
				-4,
				5.478,
				2.919,
				5.5,
				4,
				1,
				5.522,
				5.081,
				5.544,
				5,
				5.567,
				5,
				1,
				5.622,
				5,
				5.678,
				-11,
				5.733,
				-11,
				1,
				5.756,
				-11,
				5.778,
				7,
				5.8,
				7,
				1,
				5.822,
				7,
				5.844,
				-6,
				5.867,
				-6,
				1,
				5.878,
				-6,
				5.889,
				6,
				5.9,
				6,
				1,
				5.933,
				6,
				5.967,
				4,
				6,
				4
			]
		},
		{
			"Target": "Parameter",
			"Id": "ParamEyeUD",
			"Segments": [
				0,
				0,
				1,
				0.033,
				0,
				0.067,
				4,
				0.1,
				4,
				1,
				0.122,
				4,
				0.144,
				-14.649,
				0.167,
				-15,
				1,
				0.222,
				-15.877,
				0.278,
				-16,
				0.333,
				-16,
				1,
				0.356,
				-16,
				0.378,
				-16.239,
				0.4,
				-14,
				1,
				0.422,
				-11.761,
				0.444,
				6,
				0.467,
				6,
				1,
				0.489,
				6,
				0.511,
				2,
				0.533,
				2,
				1,
				0.567,
				2,
				0.6,
				10,
				0.633,
				10,
				1,
				0.656,
				10,
				0.678,
				-2,
				0.7,
				-2,
				1,
				0.722,
				-2,
				0.744,
				-1.933,
				0.767,
				0,
				1,
				0.789,
				1.933,
				0.811,
				6,
				0.833,
				6,
				1,
				0.867,
				6,
				0.9,
				6,
				0.933,
				6,
				1,
				0.956,
				6,
				0.978,
				10,
				1,
				10,
				1,
				1.022,
				10,
				1.044,
				-10,
				1.067,
				-10,
				1,
				1.078,
				-10,
				1.089,
				5,
				1.1,
				5,
				1,
				1.133,
				5,
				1.167,
				-11,
				1.2,
				-11,
				1,
				1.222,
				-11,
				1.244,
				2,
				1.267,
				2,
				1,
				1.311,
				2,
				1.356,
				1.576,
				1.4,
				0,
				1,
				1.411,
				-0.394,
				1.422,
				-8,
				1.433,
				-8,
				1,
				1.456,
				-8,
				1.478,
				4,
				1.5,
				4,
				1,
				1.522,
				4,
				1.544,
				-15,
				1.567,
				-15,
				1,
				1.589,
				-15,
				1.611,
				6,
				1.633,
				6,
				1,
				1.689,
				6,
				1.744,
				-14,
				1.8,
				-14,
				1,
				1.822,
				-14,
				1.844,
				6,
				1.867,
				6,
				1,
				1.889,
				6,
				1.911,
				4.667,
				1.933,
				2,
				1,
				1.956,
				-0.667,
				1.978,
				-2,
				2,
				-2,
				1,
				2.033,
				-2,
				2.067,
				-2,
				2.1,
				-2,
				1,
				2.122,
				-2,
				2.144,
				-1.933,
				2.167,
				0,
				1,
				2.189,
				1.933,
				2.211,
				6,
				2.233,
				6,
				1,
				2.267,
				6,
				2.3,
				6,
				2.333,
				6,
				1,
				2.356,
				6,
				2.378,
				10,
				2.4,
				10,
				1,
				2.422,
				10,
				2.444,
				-10,
				2.467,
				-10,
				1,
				2.5,
				-10,
				2.533,
				-9.926,
				2.567,
				-8,
				1,
				2.589,
				-6.716,
				2.611,
				4,
				2.633,
				4,
				1,
				2.656,
				4,
				2.678,
				-15,
				2.7,
				-15,
				1,
				2.722,
				-15,
				2.744,
				6,
				2.767,
				6,
				1,
				2.8,
				6,
				2.833,
				-16,
				2.867,
				-16,
				1,
				2.911,
				-16,
				2.956,
				6,
				3,
				6,
				1,
				3.022,
				6,
				3.044,
				4.667,
				3.067,
				2,
				1,
				3.089,
				-0.667,
				3.111,
				-2,
				3.133,
				-2,
				1,
				3.144,
				-2,
				3.156,
				10,
				3.167,
				10,
				1,
				3.189,
				10,
				3.211,
				-2,
				3.233,
				-2,
				1,
				3.256,
				-2,
				3.278,
				-0.897,
				3.3,
				0,
				1,
				3.356,
				2.242,
				3.411,
				3.568,
				3.467,
				6,
				1,
				3.489,
				6.973,
				3.511,
				10,
				3.533,
				10,
				1,
				3.556,
				10,
				3.578,
				-10,
				3.6,
				-10,
				1,
				3.611,
				-10,
				3.622,
				5,
				3.633,
				5,
				1,
				3.667,
				5,
				3.7,
				-11,
				3.733,
				-11,
				1,
				3.767,
				-11,
				3.8,
				-11.218,
				3.833,
				-8,
				1,
				3.867,
				-4.782,
				3.9,
				10,
				3.933,
				10,
				1,
				3.978,
				10,
				4.022,
				-14,
				4.067,
				-14,
				1,
				4.089,
				-14,
				4.111,
				6,
				4.133,
				6,
				1,
				4.156,
				6,
				4.178,
				4.667,
				4.2,
				2,
				1,
				4.222,
				-0.667,
				4.244,
				-2,
				4.267,
				-2,
				1,
				4.3,
				-2,
				4.333,
				-2,
				4.367,
				-2,
				1,
				4.389,
				-2,
				4.411,
				-1.933,
				4.433,
				0,
				1,
				4.456,
				1.933,
				4.478,
				6,
				4.5,
				6,
				1,
				4.533,
				6,
				4.567,
				6,
				4.6,
				6,
				1,
				4.622,
				6,
				4.644,
				10,
				4.667,
				10,
				1,
				4.689,
				10,
				4.711,
				-10,
				4.733,
				-10,
				1,
				4.767,
				-10,
				4.8,
				-9.926,
				4.833,
				-8,
				1,
				4.856,
				-6.716,
				4.878,
				4,
				4.9,
				4,
				1,
				4.922,
				4,
				4.944,
				-15,
				4.967,
				-15,
				1,
				4.989,
				-15,
				5.011,
				6,
				5.033,
				6,
				1,
				5.067,
				6,
				5.1,
				-16,
				5.133,
				-16,
				1,
				5.178,
				-16,
				5.222,
				6,
				5.267,
				6,
				1,
				5.289,
				6,
				5.311,
				4.667,
				5.333,
				2,
				1,
				5.356,
				-0.667,
				5.378,
				-2,
				5.4,
				-2,
				1,
				5.411,
				-2,
				5.422,
				10,
				5.433,
				10,
				1,
				5.456,
				10,
				5.478,
				-2,
				5.5,
				-2,
				1,
				5.522,
				-2,
				5.544,
				-0.897,
				5.567,
				0,
				1,
				5.622,
				2.242,
				5.678,
				3.568,
				5.733,
				6,
				1,
				5.756,
				6.973,
				5.778,
				10,
				5.8,
				10,
				1,
				5.822,
				10,
				5.844,
				-10,
				5.867,
				-10,
				1,
				5.878,
				-10,
				5.889,
				5,
				5.9,
				5,
				1,
				5.933,
				5,
				5.967,
				-11,
				6,
				-11
			]
		},
		{
			"Target": "Parameter",
			"Id": "ParamEyeBS",
			"Segments": [
				0,
				0,
				1,
				0.033,
				0,
				0.067,
				7,
				0.1,
				7,
				1,
				0.122,
				7,
				0.144,
				-19,
				0.167,
				-19,
				1,
				0.211,
				-19,
				0.256,
				18,
				0.3,
				18,
				1,
				0.322,
				18,
				0.344,
				-14,
				0.367,
				-14,
				1,
				0.389,
				-14,
				0.411,
				-8,
				0.433,
				4,
				1,
				0.456,
				16,
				0.478,
				22,
				0.5,
				22,
				1,
				0.556,
				22,
				0.611,
				21.173,
				0.667,
				16,
				1,
				0.689,
				13.931,
				0.711,
				-8,
				0.733,
				-8,
				1,
				0.756,
				-8,
				0.778,
				-8.268,
				0.8,
				-6,
				1,
				0.822,
				-3.732,
				0.844,
				19,
				0.867,
				19,
				1,
				0.889,
				19,
				0.911,
				-19,
				0.933,
				-19,
				1,
				0.967,
				-19,
				1,
				12,
				1.033,
				12,
				1,
				1.089,
				12,
				1.144,
				12,
				1.2,
				12,
				1,
				1.222,
				12,
				1.244,
				-6,
				1.267,
				-6,
				1,
				1.289,
				-6,
				1.311,
				0,
				1.333,
				0,
				1,
				1.344,
				0,
				1.356,
				-21,
				1.367,
				-21,
				1,
				1.389,
				-21,
				1.411,
				7,
				1.433,
				7,
				1,
				1.456,
				7,
				1.478,
				-19,
				1.5,
				-19,
				1,
				1.522,
				-19,
				1.544,
				13.697,
				1.567,
				16,
				1,
				1.589,
				18.303,
				1.611,
				18,
				1.633,
				18,
				1,
				1.678,
				18,
				1.722,
				4,
				1.767,
				4,
				1,
				1.789,
				4,
				1.811,
				22,
				1.833,
				22,
				1,
				1.856,
				22,
				1.878,
				-18,
				1.9,
				-18,
				1,
				1.911,
				-18,
				1.922,
				-13.543,
				1.933,
				-6,
				1,
				1.956,
				9.085,
				1.978,
				16,
				2,
				16,
				1,
				2.022,
				16,
				2.044,
				-8,
				2.067,
				-8,
				1,
				2.089,
				-8,
				2.111,
				-8.268,
				2.133,
				-6,
				1,
				2.156,
				-3.732,
				2.178,
				19,
				2.2,
				19,
				1,
				2.222,
				19,
				2.244,
				-19,
				2.267,
				-19,
				1,
				2.3,
				-19,
				2.333,
				12,
				2.367,
				12,
				1,
				2.4,
				12,
				2.433,
				-0.285,
				2.467,
				-10,
				1,
				2.5,
				-19.715,
				2.533,
				-21,
				2.567,
				-21,
				1,
				2.589,
				-21,
				2.611,
				7,
				2.633,
				7,
				1,
				2.656,
				7,
				2.678,
				-19,
				2.7,
				-19,
				1,
				2.722,
				-19,
				2.744,
				13.697,
				2.767,
				16,
				1,
				2.789,
				18.303,
				2.811,
				18,
				2.833,
				18,
				1,
				2.856,
				18,
				2.878,
				-14,
				2.9,
				-14,
				1,
				2.922,
				-14,
				2.944,
				-8,
				2.967,
				4,
				1,
				2.989,
				16,
				3.011,
				22,
				3.033,
				22,
				1,
				3.056,
				22,
				3.078,
				-18,
				3.1,
				-18,
				1,
				3.111,
				-18,
				3.122,
				-13.543,
				3.133,
				-6,
				1,
				3.156,
				9.085,
				3.178,
				16,
				3.2,
				16,
				1,
				3.222,
				16,
				3.244,
				-8,
				3.267,
				-8,
				1,
				3.289,
				-8,
				3.311,
				-6,
				3.333,
				-6,
				1,
				3.378,
				-6,
				3.422,
				-19,
				3.467,
				-19,
				1,
				3.5,
				-19,
				3.533,
				12,
				3.567,
				12,
				1,
				3.6,
				12,
				3.633,
				-10,
				3.667,
				-10,
				1,
				3.689,
				-10,
				3.711,
				12,
				3.733,
				12,
				1,
				3.756,
				12,
				3.778,
				-6,
				3.8,
				-6,
				1,
				3.822,
				-6,
				3.844,
				11,
				3.867,
				11,
				1,
				3.922,
				11,
				3.978,
				4,
				4.033,
				4,
				1,
				4.056,
				4,
				4.078,
				22,
				4.1,
				22,
				1,
				4.122,
				22,
				4.144,
				-18,
				4.167,
				-18,
				1,
				4.178,
				-18,
				4.189,
				-13.543,
				4.2,
				-6,
				1,
				4.222,
				9.085,
				4.244,
				16,
				4.267,
				16,
				1,
				4.289,
				16,
				4.311,
				-8,
				4.333,
				-8,
				1,
				4.356,
				-8,
				4.378,
				-8.268,
				4.4,
				-6,
				1,
				4.422,
				-3.732,
				4.444,
				19,
				4.467,
				19,
				1,
				4.489,
				19,
				4.511,
				-19,
				4.533,
				-19,
				1,
				4.567,
				-19,
				4.6,
				12,
				4.633,
				12,
				1,
				4.667,
				12,
				4.7,
				-0.285,
				4.733,
				-10,
				1,
				4.767,
				-19.715,
				4.8,
				-21,
				4.833,
				-21,
				1,
				4.856,
				-21,
				4.878,
				7,
				4.9,
				7,
				1,
				4.922,
				7,
				4.944,
				-19,
				4.967,
				-19,
				1,
				4.989,
				-19,
				5.011,
				13.697,
				5.033,
				16,
				1,
				5.056,
				18.303,
				5.078,
				18,
				5.1,
				18,
				1,
				5.122,
				18,
				5.144,
				-14,
				5.167,
				-14,
				1,
				5.189,
				-14,
				5.211,
				-8,
				5.233,
				4,
				1,
				5.256,
				16,
				5.278,
				22,
				5.3,
				22,
				1,
				5.322,
				22,
				5.344,
				-18,
				5.367,
				-18,
				1,
				5.378,
				-18,
				5.389,
				-13.543,
				5.4,
				-6,
				1,
				5.422,
				9.085,
				5.444,
				16,
				5.467,
				16,
				1,
				5.489,
				16,
				5.511,
				-8,
				5.533,
				-8,
				1,
				5.556,
				-8,
				5.578,
				-6,
				5.6,
				-6,
				1,
				5.644,
				-6,
				5.689,
				-19,
				5.733,
				-19,
				1,
				5.767,
				-19,
				5.8,
				12,
				5.833,
				12,
				1,
				5.867,
				12,
				5.9,
				-10,
				5.933,
				-10,
				1,
				5.956,
				-10,
				5.978,
				12,
				6,
				12
			]
		},
		{
			"Target": "Parameter",
			"Id": "ParamPaiRX",
			"Segments": [
				0,
				-12.95,
				1,
				0.533,
				-12.95,
				1.067,
				-9.031,
				1.6,
				0,
				1,
				2.1,
				8.466,
				2.6,
				13.36,
				3.1,
				13.36,
				1,
				3.6,
				13.36,
				4.1,
				9.069,
				4.6,
				0,
				1,
				5.067,
				-8.464,
				5.533,
				-12.95,
				6,
				-12.95
			]
		},
		{
			"Target": "Parameter",
			"Id": "ParamPaiRY",
			"Segments": [
				0,
				-1,
				1,
				0.011,
				-1,
				0.022,
				-0.726,
				0.033,
				-0.438,
				1,
				0.556,
				13.092,
				1.078,
				19.76,
				1.6,
				19.76,
				1,
				2.1,
				19.76,
				2.6,
				12.312,
				3.1,
				-1,
				1,
				3.6,
				-14.312,
				4.1,
				-20.24,
				4.6,
				-20.24,
				1,
				5.056,
				-20.24,
				5.511,
				-14.147,
				5.967,
				-1.679,
				1,
				5.978,
				-1.375,
				5.989,
				-1,
				6,
				-1
			]
		},
		{
			"Target": "Parameter",
			"Id": "ParamPaiRX2",
			"Segments": [
				0,
				-3.545,
				1,
				0.467,
				-3.545,
				0.933,
				-1.86,
				1.4,
				0.605,
				1,
				1.9,
				3.246,
				2.4,
				4.201,
				2.9,
				4.201,
				1,
				3.4,
				4.201,
				3.9,
				2.824,
				4.4,
				0.328,
				1,
				4.933,
				-2.334,
				5.467,
				-3.545,
				6,
				-3.545
			]
		},
		{
			"Target": "Parameter",
			"Id": "ParamPaiRY2",
			"Segments": [
				0,
				0.605,
				1,
				0.011,
				0.605,
				0.022,
				0.692,
				0.033,
				0.771,
				1,
				0.489,
				4.002,
				0.944,
				5.584,
				1.4,
				5.584,
				1,
				1.9,
				5.584,
				2.4,
				3.567,
				2.9,
				0.052,
				1,
				3.4,
				-3.464,
				3.9,
				-4.985,
				4.4,
				-4.985,
				1,
				4.922,
				-4.985,
				5.444,
				-3.193,
				5.967,
				0.449,
				1,
				5.978,
				0.527,
				5.989,
				0.605,
				6,
				0.605
			]
		},
		{
			"Target": "Parameter",
			"Id": "ParamBreat",
			"Segments": [
				0,
				0.5,
				1,
				0.011,
				0.5,
				0.022,
				0.535,
				0.033,
				0.542,
				1,
				0.522,
				0.853,
				1.011,
				1,
				1.5,
				1,
				1,
				2,
				1,
				2.5,
				0.815,
				3,
				0.5,
				1,
				3.556,
				0.15,
				4.111,
				0,
				4.667,
				0,
				1,
				5.1,
				0,
				5.533,
				0.148,
				5.967,
				0.46,
				1,
				5.978,
				0.468,
				5.989,
				0.5,
				6,
				0.5
			]
		},
		{
			"Target": "Parameter",
			"Id": "Param_Angle_Rotation2",
			"Segments": [
				0,
				0,
				1,
				0.011,
				0,
				0.022,
				-0.097,
				0.033,
				-0.156,
				1,
				0.522,
				-2.744,
				1.011,
				-4,
				1.5,
				-4,
				1,
				2,
				-4,
				2.5,
				-2.285,
				3,
				0,
				1,
				3.5,
				2.285,
				4,
				3,
				4.5,
				3,
				1,
				4.989,
				3,
				5.478,
				2.076,
				5.967,
				0.154,
				1,
				5.978,
				0.11,
				5.989,
				0,
				6,
				0
			]
		},
		{
			"Target": "Parameter",
			"Id": "Param_Angle_Rotation3",
			"Segments": [
				0,
				1.56,
				1,
				0.011,
				1.56,
				0.022,
				1.417,
				0.033,
				1.317,
				1,
				0.144,
				0.32,
				0.256,
				-0.796,
				0.367,
				-1.565,
				1,
				0.911,
				-5.335,
				1.456,
				-7,
				2,
				-7,
				1,
				2.5,
				-7,
				3,
				-4.307,
				3.5,
				0,
				1,
				4,
				4.307,
				4.5,
				6,
				5,
				6,
				1,
				5.333,
				6,
				5.667,
				4.153,
				6,
				1.56
			]
		},
		{
			"Target": "Parameter",
			"Id": "Param_Angle_Rotation10",
			"Segments": [
				0,
				0,
				1,
				0.011,
				0,
				0.022,
				-0.125,
				0.033,
				-0.153,
				1,
				0.522,
				-1.404,
				1.011,
				-2,
				1.5,
				-2,
				1,
				2,
				-2,
				2.5,
				-1.6,
				3,
				0,
				1,
				3.5,
				1.6,
				4,
				3,
				4.5,
				3,
				1,
				4.989,
				3,
				5.478,
				2.076,
				5.967,
				0.154,
				1,
				5.978,
				0.11,
				5.989,
				0,
				6,
				0
			]
		},
		{
			"Target": "Parameter",
			"Id": "Param_Angle_Rotation11",
			"Segments": [
				0,
				0.78,
				1,
				0.011,
				0.78,
				0.022,
				0.687,
				0.033,
				0.656,
				1,
				0.167,
				0.284,
				0.3,
				-0.121,
				0.433,
				-0.406,
				1,
				0.956,
				-1.522,
				1.478,
				-2,
				2,
				-2,
				1,
				2.5,
				-2,
				3,
				-1.6,
				3.5,
				0,
				1,
				4,
				1.6,
				4.5,
				3,
				5,
				3,
				1,
				5.333,
				3,
				5.667,
				2.077,
				6,
				0.78
			]
		},
		{
			"Target": "Parameter",
			"Id": "Param_Angle_Rotation12",
			"Segments": [
				0,
				2.22,
				1,
				0.011,
				2.22,
				0.022,
				2.157,
				0.033,
				2.126,
				1,
				0.333,
				1.289,
				0.633,
				0.353,
				0.933,
				-0.34,
				1,
				1.456,
				-1.547,
				1.978,
				-2,
				2.5,
				-2,
				1,
				3,
				-2,
				3.5,
				-1.6,
				4,
				0,
				1,
				4.5,
				1.6,
				5,
				3,
				5.5,
				3,
				1,
				5.667,
				3,
				5.833,
				2.868,
				6,
				2.22
			]
		},
		{
			"Target": "Parameter",
			"Id": "Param_Angle_Rotation14",
			"Segments": [
				0,
				0,
				1,
				0.011,
				0,
				0.022,
				0.064,
				0.033,
				0.093,
				1,
				0.522,
				1.38,
				1.011,
				2,
				1.5,
				2,
				1,
				2,
				2,
				2.5,
				1.333,
				3,
				0,
				1,
				3.5,
				-1.333,
				4,
				-2,
				4.5,
				-2,
				1,
				4.989,
				-2,
				5.478,
				-1.404,
				5.967,
				-0.153,
				1,
				5.978,
				-0.125,
				5.989,
				0,
				6,
				0
			]
		},
		{
			"Target": "Parameter",
			"Id": "Param_Angle_Rotation15",
			"Segments": [
				0,
				-0.52,
				1,
				0.011,
				-0.52,
				0.022,
				-0.454,
				0.033,
				-0.429,
				1,
				0.167,
				-0.129,
				0.3,
				0.158,
				0.433,
				0.429,
				1,
				0.956,
				1.491,
				1.478,
				2,
				2,
				2,
				1,
				2.5,
				2,
				3,
				1.333,
				3.5,
				0,
				1,
				4,
				-1.333,
				4.5,
				-2,
				5,
				-2,
				1,
				5.333,
				-2,
				5.667,
				-1.385,
				6,
				-0.52
			]
		},
		{
			"Target": "Parameter",
			"Id": "Param_Angle_Rotation16",
			"Segments": [
				0,
				-2.22,
				1,
				0.011,
				-2.22,
				0.022,
				-2.18,
				0.033,
				-2.155,
				1,
				0.356,
				-1.426,
				0.678,
				-0.752,
				1,
				0,
				1,
				1.5,
				1.167,
				2,
				1.805,
				2.5,
				1.805,
				1,
				3,
				1.805,
				3.5,
				1.502,
				4,
				0,
				1,
				4.5,
				-1.502,
				5,
				-3,
				5.5,
				-3,
				1,
				5.667,
				-3,
				5.833,
				-2.868,
				6,
				-2.22
			]
		},
		{
			"Target": "Parameter",
			"Id": "Param_Angle_Rotation18",
			"Segments": [
				0,
				0,
				1,
				0.011,
				0,
				0.022,
				-0.094,
				0.033,
				-0.123,
				1,
				0.522,
				-1.393,
				1.011,
				-2,
				1.5,
				-2,
				1,
				2,
				-2,
				2.5,
				-1.333,
				3,
				0,
				1,
				3.5,
				1.333,
				4,
				2,
				4.5,
				2,
				1,
				4.989,
				2,
				5.478,
				1.38,
				5.967,
				0.093,
				1,
				5.978,
				0.064,
				5.989,
				0,
				6,
				0
			]
		},
		{
			"Target": "Parameter",
			"Id": "Param_Angle_Rotation19",
			"Segments": [
				0,
				0.52,
				1,
				0.011,
				0.52,
				0.022,
				0.457,
				0.033,
				0.429,
				1,
				0.156,
				0.118,
				0.278,
				-0.216,
				0.4,
				-0.461,
				1,
				0.933,
				-1.528,
				1.467,
				-2,
				2,
				-2,
				1,
				2.5,
				-2,
				3,
				-1.333,
				3.5,
				0,
				1,
				4,
				1.333,
				4.5,
				2,
				5,
				2,
				1,
				5.333,
				2,
				5.667,
				1.385,
				6,
				0.52
			]
		},
		{
			"Target": "Parameter",
			"Id": "Param_Angle_Rotation20",
			"Segments": [
				0,
				1.48,
				1,
				0.011,
				1.48,
				0.022,
				1.412,
				0.033,
				1.388,
				1,
				0.311,
				0.782,
				0.589,
				0.175,
				0.867,
				-0.387,
				1,
				1.411,
				-1.49,
				1.956,
				-2,
				2.5,
				-2,
				1,
				3,
				-2,
				3.5,
				-1.333,
				4,
				0,
				1,
				4.5,
				1.333,
				5,
				2,
				5.5,
				2,
				1,
				5.667,
				2,
				5.833,
				1.912,
				6,
				1.48
			]
		},
		{
			"Target": "Parameter",
			"Id": "Param_Angle_Rotation22",
			"Segments": [
				0,
				0,
				1,
				0.011,
				0,
				0.022,
				-0.11,
				0.033,
				-0.154,
				1,
				0.522,
				-2.076,
				1.011,
				-3,
				1.5,
				-3,
				1,
				2,
				-3,
				2.5,
				-2.285,
				3,
				0,
				1,
				3.5,
				2.285,
				4,
				4,
				4.5,
				4,
				1,
				4.989,
				4,
				5.478,
				2.744,
				5.967,
				0.156,
				1,
				5.978,
				0.097,
				5.989,
				0,
				6,
				0
			]
		},
		{
			"Target": "Parameter",
			"Id": "Param_Angle_Rotation23",
			"Segments": [
				0,
				0.78,
				1,
				0.011,
				0.78,
				0.022,
				0.696,
				0.033,
				0.658,
				1,
				0.167,
				0.205,
				0.3,
				-0.237,
				0.433,
				-0.644,
				1,
				0.956,
				-2.239,
				1.478,
				-3,
				2,
				-3,
				1,
				2.5,
				-3,
				3,
				-2,
				3.5,
				0,
				1,
				4,
				2,
				4.5,
				3,
				5,
				3,
				1,
				5.333,
				3,
				5.667,
				2.077,
				6,
				0.78
			]
		},
		{
			"Target": "Parameter",
			"Id": "Param_Angle_Rotation24",
			"Segments": [
				0,
				2.22,
				1,
				0.011,
				2.22,
				0.022,
				2.164,
				0.033,
				2.127,
				1,
				0.333,
				1.141,
				0.633,
				0.104,
				0.933,
				-0.785,
				1,
				1.456,
				-2.333,
				1.978,
				-3,
				2.5,
				-3,
				1,
				3,
				-3,
				3.5,
				-2,
				4,
				0,
				1,
				4.5,
				2,
				5,
				3,
				5.5,
				3,
				1,
				5.667,
				3,
				5.833,
				2.868,
				6,
				2.22
			]
		},
		{
			"Target": "Parameter",
			"Id": "Param_Angle_Rotation26",
			"Segments": [
				0,
				0.1,
				1,
				0.011,
				0.1,
				0.022,
				0.041,
				0.033,
				0,
				1,
				0.578,
				-2.016,
				1.122,
				-3,
				1.667,
				-3,
				1,
				2.167,
				-3,
				2.667,
				-2,
				3.167,
				0,
				1,
				3.667,
				2,
				4.167,
				3,
				4.667,
				3,
				1,
				5.111,
				3,
				5.556,
				1.596,
				6,
				0.1
			]
		},
		{
			"Target": "Parameter",
			"Id": "Param_Angle_Rotation27",
			"Segments": [
				0,
				1.67,
				1,
				0.011,
				1.67,
				0.022,
				1.558,
				0.033,
				1.515,
				1,
				0.222,
				0.784,
				0.411,
				0.002,
				0.6,
				-0.605,
				1,
				1.122,
				-2.283,
				1.644,
				-3,
				2.167,
				-3,
				1,
				2.667,
				-3,
				3.167,
				-2.285,
				3.667,
				0,
				1,
				4.167,
				2.285,
				4.667,
				4,
				5.167,
				4,
				1,
				5.433,
				4,
				5.7,
				3.318,
				5.967,
				1.861,
				1,
				5.978,
				1.8,
				5.989,
				1.67,
				6,
				1.67
			]
		},
		{
			"Target": "Parameter",
			"Id": "Param_Angle_Rotation28",
			"Segments": [
				0,
				2.62,
				1,
				0.011,
				2.62,
				0.022,
				2.532,
				0.033,
				2.498,
				1,
				0.378,
				1.43,
				0.722,
				0.379,
				1.067,
				-0.647,
				1,
				1.6,
				-2.237,
				2.133,
				-3,
				2.667,
				-3,
				1,
				3.167,
				-3,
				3.667,
				-2,
				4.167,
				0,
				1,
				4.667,
				2,
				5.167,
				3,
				5.667,
				3,
				1,
				5.778,
				3,
				5.889,
				3.03,
				6,
				2.62
			]
		},
		{
			"Target": "Parameter",
			"Id": "Param_Angle_Rotation29",
			"Segments": [
				0,
				3.92,
				1,
				0.556,
				3.92,
				1.111,
				2.622,
				1.667,
				0,
				1,
				2.167,
				-2.36,
				2.667,
				-3.552,
				3.167,
				-3.552,
				1,
				3.667,
				-3.552,
				4.167,
				-2.606,
				4.667,
				0,
				1,
				5.111,
				2.317,
				5.556,
				3.92,
				6,
				3.92
			]
		},
		{
			"Target": "Parameter",
			"Id": "Param_Angle_Rotation32",
			"Segments": [
				0,
				0.1,
				1,
				0.011,
				0.1,
				0.022,
				0.028,
				0.033,
				0,
				1,
				0.578,
				-1.349,
				1.122,
				-2,
				1.667,
				-2,
				1,
				2.167,
				-2,
				2.667,
				-1.6,
				3.167,
				0,
				1,
				3.667,
				1.6,
				4.167,
				3,
				4.667,
				3,
				1,
				5.1,
				3,
				5.533,
				2.11,
				5.967,
				0.255,
				1,
				5.978,
				0.207,
				5.989,
				0.1,
				6,
				0.1
			]
		},
		{
			"Target": "Parameter",
			"Id": "Param_Angle_Rotation33",
			"Segments": [
				0,
				1.25,
				1,
				0.011,
				1.25,
				0.022,
				1.165,
				0.033,
				1.127,
				1,
				0.211,
				0.512,
				0.389,
				-0.123,
				0.567,
				-0.66,
				1,
				1.1,
				-2.271,
				1.633,
				-3,
				2.167,
				-3,
				1,
				2.667,
				-3,
				3.167,
				-2,
				3.667,
				0,
				1,
				4.167,
				2,
				4.667,
				3,
				5.167,
				3,
				1,
				5.444,
				3,
				5.722,
				2.358,
				6,
				1.25
			]
		},
		{
			"Target": "Parameter",
			"Id": "Param_Angle_Rotation34",
			"Segments": [
				0,
				1.75,
				1,
				0.389,
				1.75,
				0.778,
				1.357,
				1.167,
				0,
				1,
				1.667,
				-1.745,
				2.167,
				-3,
				2.667,
				-3,
				1,
				3.167,
				-3,
				3.667,
				-1.248,
				4.167,
				0,
				1,
				4.778,
				1.525,
				5.389,
				1.75,
				6,
				1.75
			]
		},
		{
			"Target": "Parameter",
			"Id": "Param_Angle_Rotation35",
			"Segments": [
				0,
				2.96,
				1,
				0.056,
				2.96,
				0.111,
				3,
				0.167,
				3,
				1,
				0.667,
				3,
				1.167,
				2,
				1.667,
				0,
				1,
				2.167,
				-2,
				2.667,
				-3,
				3.167,
				-3,
				1,
				3.667,
				-3,
				4.167,
				-2.098,
				4.667,
				0,
				1,
				5.111,
				1.865,
				5.556,
				2.96,
				6,
				2.96
			]
		},
		{
			"Target": "Parameter",
			"Id": "Param_Angle_Rotation36",
			"Segments": [
				0,
				1.69,
				1,
				0.011,
				1.69,
				0.022,
				1.712,
				0.033,
				1.722,
				1,
				0.244,
				1.913,
				0.456,
				2,
				0.667,
				2,
				1,
				1.167,
				2,
				1.667,
				1.6,
				2.167,
				0,
				1,
				2.667,
				-1.6,
				3.167,
				-3,
				3.667,
				-3,
				1,
				4.167,
				-3,
				4.667,
				-1.484,
				5.167,
				0,
				1,
				5.444,
				0.824,
				5.722,
				1.271,
				6,
				1.69
			]
		},
		{
			"Target": "Parameter",
			"Id": "Param_Angle_Rotation37",
			"Segments": [
				0,
				1.02,
				1,
				0.011,
				1.02,
				0.022,
				1.078,
				0.033,
				1.115,
				1,
				0.411,
				2.387,
				0.789,
				3,
				1.167,
				3,
				1,
				1.667,
				3,
				2.167,
				1.6,
				2.667,
				0,
				1,
				3.167,
				-1.6,
				3.667,
				-2,
				4.167,
				-2,
				1,
				4.667,
				-2,
				5.167,
				-1.365,
				5.667,
				0,
				1,
				5.778,
				0.303,
				5.889,
				0.652,
				6,
				1.02
			]
		},
		{
			"Target": "Parameter",
			"Id": "Param_Angle_Rotation39",
			"Segments": [
				0,
				0,
				1,
				0.011,
				0,
				0.022,
				0.094,
				0.033,
				0.123,
				1,
				0.522,
				1.393,
				1.011,
				2,
				1.5,
				2,
				1,
				2,
				2,
				2.5,
				1.6,
				3,
				0,
				1,
				3.5,
				-1.6,
				4,
				-3,
				4.5,
				-3,
				1,
				4.989,
				-3,
				5.478,
				-2.044,
				5.967,
				-0.094,
				1,
				5.978,
				-0.05,
				5.989,
				0,
				6,
				0
			]
		},
		{
			"Target": "Parameter",
			"Id": "Param_Angle_Rotation40",
			"Segments": [
				0,
				-0.78,
				1,
				0.011,
				-0.78,
				0.022,
				-0.743,
				0.033,
				-0.716,
				1,
				0.167,
				-0.394,
				0.3,
				-0.082,
				0.433,
				0.223,
				1,
				0.956,
				1.415,
				1.478,
				2,
				2,
				2,
				1,
				2.5,
				2,
				3,
				1.6,
				3.5,
				0,
				1,
				4,
				-1.6,
				4.5,
				-3,
				5,
				-3,
				1,
				5.333,
				-3,
				5.667,
				-2.077,
				6,
				-0.78
			]
		},
		{
			"Target": "Parameter",
			"Id": "Param_Angle_Rotation41",
			"Segments": [
				0,
				-2.22,
				1,
				0.011,
				-2.22,
				0.022,
				-2.184,
				0.033,
				-2.156,
				1,
				0.356,
				-1.358,
				0.678,
				-0.567,
				1,
				0.209,
				1,
				1.5,
				1.415,
				2,
				2,
				2.5,
				2,
				1,
				3,
				2,
				3.5,
				1.6,
				4,
				0,
				1,
				4.5,
				-1.6,
				5,
				-3,
				5.5,
				-3,
				1,
				5.667,
				-3,
				5.833,
				-2.868,
				6,
				-2.22
			]
		},
		{
			"Target": "Parameter",
			"Id": "Param_Angle_Rotation43",
			"Segments": [
				0,
				0,
				1,
				0.011,
				0,
				0.022,
				0.064,
				0.033,
				0.093,
				1,
				0.522,
				1.38,
				1.011,
				2,
				1.5,
				2,
				1,
				2,
				2,
				2.5,
				1.333,
				3,
				0,
				1,
				3.5,
				-1.333,
				4,
				-2,
				4.5,
				-2,
				1,
				4.989,
				-2,
				5.478,
				-1.393,
				5.967,
				-0.123,
				1,
				5.978,
				-0.094,
				5.989,
				0,
				6,
				0
			]
		},
		{
			"Target": "Parameter",
			"Id": "Param_Angle_Rotation44",
			"Segments": [
				0,
				-0.52,
				1,
				0.011,
				-0.52,
				0.022,
				-0.482,
				0.033,
				-0.459,
				1,
				0.178,
				-0.16,
				0.322,
				0.111,
				0.467,
				0.408,
				1,
				0.978,
				1.461,
				1.489,
				2,
				2,
				2,
				1,
				2.5,
				2,
				3,
				1.333,
				3.5,
				0,
				1,
				4,
				-1.333,
				4.5,
				-2,
				5,
				-2,
				1,
				5.333,
				-2,
				5.667,
				-1.385,
				6,
				-0.52
			]
		},
		{
			"Target": "Parameter",
			"Id": "Param_Angle_Rotation45",
			"Segments": [
				0,
				-2.22,
				1,
				0.011,
				-2.22,
				0.022,
				-2.153,
				0.033,
				-2.126,
				1,
				0.344,
				-1.359,
				0.656,
				-0.625,
				0.967,
				0.131,
				1,
				1.478,
				1.373,
				1.989,
				2,
				2.5,
				2,
				1,
				3,
				2,
				3.5,
				1.6,
				4,
				0,
				1,
				4.5,
				-1.6,
				5,
				-3,
				5.5,
				-3,
				1,
				5.667,
				-3,
				5.833,
				-2.868,
				6,
				-2.22
			]
		},
		{
			"Target": "Parameter",
			"Id": "Param_Angle_Rotation47",
			"Segments": [
				0,
				0,
				1,
				0.011,
				0,
				0.022,
				0.064,
				0.033,
				0.093,
				1,
				0.522,
				1.38,
				1.011,
				2,
				1.5,
				2,
				1,
				2,
				2,
				2.5,
				1.6,
				3,
				0,
				1,
				3.5,
				-1.6,
				4,
				-3,
				4.5,
				-3,
				1,
				4.989,
				-3,
				5.478,
				-2.062,
				5.967,
				-0.124,
				1,
				5.978,
				-0.08,
				5.989,
				0,
				6,
				0
			]
		},
		{
			"Target": "Parameter",
			"Id": "Param_Angle_Rotation48",
			"Segments": [
				0,
				-0.78,
				1,
				0.011,
				-0.78,
				0.022,
				-0.683,
				0.033,
				-0.656,
				1,
				0.167,
				-0.328,
				0.3,
				-0.022,
				0.433,
				0.275,
				1,
				0.956,
				1.438,
				1.478,
				2,
				2,
				2,
				1,
				2.5,
				2,
				3,
				1.6,
				3.5,
				0,
				1,
				4,
				-1.6,
				4.5,
				-3,
				5,
				-3,
				1,
				5.333,
				-3,
				5.667,
				-2.077,
				6,
				-0.78
			]
		},
		{
			"Target": "Parameter",
			"Id": "Param_Angle_Rotation49",
			"Segments": [
				0,
				-2.22,
				1,
				0.011,
				-2.22,
				0.022,
				-2.125,
				0.033,
				-2.096,
				1,
				0.333,
				-1.318,
				0.633,
				-0.535,
				0.933,
				0.183,
				1,
				1.456,
				1.433,
				1.978,
				2,
				2.5,
				2,
				1,
				3,
				2,
				3.5,
				1.6,
				4,
				0,
				1,
				4.5,
				-1.6,
				5,
				-3,
				5.5,
				-3,
				1,
				5.667,
				-3,
				5.833,
				-2.868,
				6,
				-2.22
			]
		},
		{
			"Target": "Parameter",
			"Id": "Param_Angle_Rotation50",
			"Segments": [
				0,
				-3,
				1,
				0.5,
				-3,
				1,
				-1.6,
				1.5,
				0,
				1,
				2,
				1.6,
				2.5,
				2,
				3,
				2,
				1,
				3.5,
				2,
				4,
				1.6,
				4.5,
				0,
				1,
				5,
				-1.6,
				5.5,
				-3,
				6,
				-3
			]
		},
		{
			"Target": "Parameter",
			"Id": "Param_Angle_Rotation52",
			"Segments": [
				0,
				0,
				1,
				0.011,
				0,
				0.022,
				0.097,
				0.033,
				0.156,
				1,
				0.522,
				2.744,
				1.011,
				4,
				1.5,
				4,
				1,
				2,
				4,
				2.5,
				2.285,
				3,
				0,
				1,
				3.5,
				-2.285,
				4,
				-3,
				4.5,
				-3,
				1,
				4.989,
				-3,
				5.478,
				-2.062,
				5.967,
				-0.124,
				1,
				5.978,
				-0.08,
				5.989,
				0,
				6,
				0
			]
		},
		{
			"Target": "Parameter",
			"Id": "Param_Angle_Rotation53",
			"Segments": [
				0,
				-1.04,
				1,
				0.011,
				-1.04,
				0.022,
				-0.938,
				0.033,
				-0.887,
				1,
				0.144,
				-0.379,
				0.256,
				0.095,
				0.367,
				0.565,
				1,
				0.911,
				2.869,
				1.456,
				4,
				2,
				4,
				1,
				2.5,
				4,
				3,
				2.667,
				3.5,
				0,
				1,
				4,
				-2.667,
				4.5,
				-4,
				5,
				-4,
				1,
				5.333,
				-4,
				5.667,
				-2.769,
				6,
				-1.04
			]
		},
		{
			"Target": "Parameter",
			"Id": "Param_Angle_Rotation5",
			"Segments": [
				0,
				0.14,
				1,
				0.011,
				0.14,
				0.022,
				0.041,
				0.033,
				0,
				1,
				0.578,
				-2.023,
				1.122,
				-3,
				1.667,
				-3,
				1,
				2.167,
				-3,
				2.667,
				-2.285,
				3.167,
				0,
				1,
				3.667,
				2.285,
				4.167,
				4,
				4.667,
				4,
				1,
				5.1,
				4,
				5.533,
				2.806,
				5.967,
				0.327,
				1,
				5.978,
				0.263,
				5.989,
				0.14,
				6,
				0.14
			]
		},
		{
			"Target": "Parameter",
			"Id": "Param_Angle_Rotation6",
			"Segments": [
				0,
				1.25,
				1,
				0.011,
				1.25,
				0.022,
				1.177,
				0.033,
				1.129,
				1,
				0.211,
				0.357,
				0.389,
				-0.3,
				0.567,
				-1.131,
				1,
				1.1,
				-3.622,
				1.633,
				-5,
				2.167,
				-5,
				1,
				2.667,
				-5,
				3.167,
				-2.499,
				3.667,
				0,
				1,
				4.167,
				2.499,
				4.667,
				3,
				5.167,
				3,
				1,
				5.444,
				3,
				5.722,
				2.358,
				6,
				1.25
			]
		},
		{
			"Target": "Parameter",
			"Id": "Param_Angle_Rotation7",
			"Segments": [
				0,
				3.49,
				1,
				0.011,
				3.49,
				0.022,
				3.322,
				0.033,
				3.277,
				1,
				0.356,
				1.973,
				0.678,
				0.765,
				1,
				-0.547,
				1,
				1.556,
				-2.81,
				2.111,
				-4,
				2.667,
				-4,
				1,
				3.167,
				-4,
				3.667,
				-2.667,
				4.167,
				0,
				1,
				4.667,
				2.667,
				5.167,
				4,
				5.667,
				4,
				1,
				5.778,
				4,
				5.889,
				4.038,
				6,
				3.49
			]
		},
		{
			"Target": "Parameter",
			"Id": "Param_Angle_Rotation8",
			"Segments": [
				0,
				2.98,
				1,
				0.556,
				2.98,
				1.111,
				2.544,
				1.667,
				0,
				1,
				2.167,
				-2.289,
				2.667,
				-5,
				3.167,
				-5,
				1,
				3.667,
				-5,
				4.167,
				-2.706,
				4.667,
				0,
				1,
				5.111,
				2.405,
				5.556,
				2.98,
				6,
				2.98
			]
		},
		{
			"Target": "Parameter",
			"Id": "Param_Angle_Rotation70",
			"Segments": [
				0,
				-0.1,
				1,
				0.011,
				-0.1,
				0.022,
				-0.055,
				0.033,
				0,
				1,
				0.578,
				2.676,
				1.122,
				4,
				1.667,
				4,
				1,
				2.167,
				4,
				2.667,
				2.285,
				3.167,
				0,
				1,
				3.667,
				-2.285,
				4.167,
				-3,
				4.667,
				-3,
				1,
				5.1,
				-3,
				5.533,
				-2.136,
				5.967,
				-0.315,
				1,
				5.978,
				-0.268,
				5.989,
				-0.1,
				6,
				-0.1
			]
		},
		{
			"Target": "Parameter",
			"Id": "Param_Angle_Rotation71",
			"Segments": [
				0,
				-1.25,
				1,
				0.011,
				-1.25,
				0.022,
				-1.19,
				0.033,
				-1.157,
				1,
				0.222,
				-0.589,
				0.411,
				-0.086,
				0.6,
				0.503,
				1,
				1.122,
				2.129,
				1.644,
				3,
				2.167,
				3,
				1,
				2.667,
				3,
				3.167,
				2,
				3.667,
				0,
				1,
				4.167,
				-2,
				4.667,
				-3,
				5.167,
				-3,
				1,
				5.444,
				-3,
				5.722,
				-2.358,
				6,
				-1.25
			]
		},
		{
			"Target": "Parameter",
			"Id": "Param_Angle_Rotation72",
			"Segments": [
				0,
				-2.62,
				1,
				0.389,
				-2.62,
				0.778,
				-1.634,
				1.167,
				0,
				1,
				1.667,
				2.101,
				2.167,
				3,
				2.667,
				3,
				1,
				3.167,
				3,
				3.667,
				1.64,
				4.167,
				0,
				1,
				4.778,
				-2.004,
				5.389,
				-2.62,
				6,
				-2.62
			]
		},
		{
			"Target": "Parameter",
			"Id": "Param_Angle_Rotation73",
			"Segments": [
				0,
				-2.97,
				1,
				0.556,
				-2.97,
				1.111,
				-2.349,
				1.667,
				0,
				1,
				2.167,
				2.114,
				2.667,
				4,
				3.167,
				4,
				1,
				3.667,
				4,
				4.167,
				2.44,
				4.667,
				0,
				1,
				5.111,
				-2.169,
				5.556,
				-2.97,
				6,
				-2.97
			]
		},
		{
			"Target": "Parameter",
			"Id": "Param_Angle_Rotation74",
			"Segments": [
				0,
				-2.5,
				1,
				0.011,
				-2.5,
				0.022,
				-2.579,
				0.033,
				-2.594,
				1,
				0.244,
				-2.876,
				0.456,
				-3,
				0.667,
				-3,
				1,
				1.167,
				-3,
				1.667,
				-2.285,
				2.167,
				0,
				1,
				2.667,
				2.285,
				3.167,
				4,
				3.667,
				4,
				1,
				4.167,
				4,
				4.667,
				2.086,
				5.167,
				0,
				1,
				5.444,
				-1.159,
				5.722,
				-1.923,
				6,
				-2.5
			]
		},
		{
			"Target": "Parameter",
			"Id": "Param_Angle_Rotation75",
			"Segments": [
				0,
				-0.9,
				1,
				0.011,
				-0.9,
				0.022,
				-0.973,
				0.033,
				-0.993,
				1,
				0.411,
				-1.678,
				0.789,
				-2,
				1.167,
				-2,
				1,
				1.667,
				-2,
				2.167,
				-1.6,
				2.667,
				0,
				1,
				3.167,
				1.6,
				3.667,
				3,
				4.167,
				3,
				1,
				4.667,
				3,
				5.167,
				1.839,
				5.667,
				0,
				1,
				5.778,
				-0.409,
				5.889,
				-0.675,
				6,
				-0.9
			]
		},
		{
			"Target": "Parameter",
			"Id": "Param_Angle_Rotation77",
			"Segments": [
				0,
				-0.38,
				1,
				0.011,
				-0.38,
				0.022,
				-0.252,
				0.033,
				-0.2,
				1,
				0.633,
				2.629,
				1.233,
				4,
				1.833,
				4,
				1,
				2.333,
				4,
				2.833,
				2.285,
				3.333,
				0,
				1,
				3.833,
				-2.285,
				4.333,
				-3,
				4.833,
				-3,
				1,
				5.222,
				-3,
				5.611,
				-1.816,
				6,
				-0.38
			]
		},
		{
			"Target": "Parameter",
			"Id": "Param_Angle_Rotation78",
			"Segments": [
				0,
				-1.75,
				1,
				0.011,
				-1.75,
				0.022,
				-1.655,
				0.033,
				-1.626,
				1,
				0.278,
				-0.983,
				0.522,
				-0.321,
				0.767,
				0.249,
				1,
				1.289,
				1.465,
				1.811,
				2,
				2.333,
				2,
				1,
				2.833,
				2,
				3.333,
				1.6,
				3.833,
				0,
				1,
				4.333,
				-1.6,
				4.833,
				-3,
				5.333,
				-3,
				1,
				5.556,
				-3,
				5.778,
				-2.636,
				6,
				-1.75
			]
		},
		{
			"Target": "Parameter",
			"Id": "Param_Angle_Rotation79",
			"Segments": [
				0,
				-2.9,
				1,
				0.444,
				-2.9,
				0.889,
				-1.449,
				1.333,
				0,
				1,
				1.833,
				1.63,
				2.333,
				2,
				2.833,
				2,
				1,
				3.333,
				2,
				3.833,
				1.52,
				4.333,
				0,
				1,
				4.889,
				-1.689,
				5.444,
				-2.9,
				6,
				-2.9
			]
		},
		{
			"Target": "Parameter",
			"Id": "Param_Angle_Rotation80",
			"Segments": [
				0,
				-2.85,
				1,
				0.011,
				-2.85,
				0.022,
				-2.875,
				0.033,
				-2.884,
				1,
				0.133,
				-2.966,
				0.233,
				-3,
				0.333,
				-3,
				1,
				0.833,
				-3,
				1.333,
				-2,
				1.833,
				0,
				1,
				2.333,
				2,
				2.833,
				3,
				3.333,
				3,
				1,
				3.833,
				3,
				4.333,
				2.172,
				4.833,
				0,
				1,
				5.222,
				-1.689,
				5.611,
				-2.85,
				6,
				-2.85
			]
		},
		{
			"Target": "Parameter",
			"Id": "Param_Angle_Rotation81",
			"Segments": [
				0,
				-2.07,
				1,
				0.011,
				-2.07,
				0.022,
				-2.171,
				0.033,
				-2.194,
				1,
				0.3,
				-2.747,
				0.567,
				-3,
				0.833,
				-3,
				1,
				1.333,
				-3,
				1.833,
				-2,
				2.333,
				0,
				1,
				2.833,
				2,
				3.333,
				3,
				3.833,
				3,
				1,
				4.333,
				3,
				4.833,
				1.837,
				5.333,
				0,
				1,
				5.556,
				-0.816,
				5.778,
				-1.503,
				6,
				-2.07
			]
		},
		{
			"Target": "Parameter",
			"Id": "Param_Angle_Rotation82",
			"Segments": [
				0,
				-0.63,
				1,
				0.011,
				-0.63,
				0.022,
				-0.685,
				0.033,
				-0.724,
				1,
				0.467,
				-2.256,
				0.9,
				-3,
				1.333,
				-3,
				1,
				1.833,
				-3,
				2.333,
				-2,
				2.833,
				0,
				1,
				3.333,
				2,
				3.833,
				3,
				4.333,
				3,
				1,
				4.833,
				3,
				5.333,
				1.988,
				5.833,
				0,
				1,
				5.889,
				-0.221,
				5.944,
				-0.431,
				6,
				-0.63
			]
		},
		{
			"Target": "Parameter",
			"Id": "Param_Angle_Rotation83",
			"Segments": [
				0,
				1.18,
				1,
				0.011,
				1.18,
				0.022,
				1.142,
				0.033,
				1.1,
				1,
				0.133,
				0.724,
				0.233,
				0.394,
				0.333,
				0,
				1,
				0.833,
				-1.97,
				1.333,
				-3,
				1.833,
				-3,
				1,
				2.333,
				-3,
				2.833,
				-2,
				3.333,
				0,
				1,
				3.833,
				2,
				4.333,
				3,
				4.833,
				3,
				1,
				5.222,
				3,
				5.611,
				2.426,
				6,
				1.18
			]
		},
		{
			"Target": "Parameter",
			"Id": "Param_Angle_Rotation84",
			"Segments": [
				0,
				2.41,
				1,
				0.011,
				2.41,
				0.022,
				2.323,
				0.033,
				2.284,
				1,
				0.289,
				1.377,
				0.544,
				0.502,
				0.8,
				-0.377,
				1,
				1.311,
				-2.134,
				1.822,
				-3,
				2.333,
				-3,
				1,
				2.833,
				-3,
				3.333,
				-2,
				3.833,
				0,
				1,
				4.333,
				2,
				4.833,
				3,
				5.333,
				3,
				1,
				5.556,
				3,
				5.778,
				2.911,
				6,
				2.41
			]
		},
		{
			"Target": "Parameter",
			"Id": "Param_Angle_Rotation86",
			"Segments": [
				0,
				-0.5,
				1,
				0.011,
				-0.5,
				0.022,
				-0.334,
				0.033,
				-0.293,
				1,
				0.633,
				1.93,
				1.233,
				3,
				1.833,
				3,
				1,
				2.333,
				3,
				2.833,
				2.285,
				3.333,
				0,
				1,
				3.833,
				-2.285,
				4.333,
				-4,
				4.833,
				-4,
				1,
				5.222,
				-4,
				5.611,
				-2.408,
				6,
				-0.5
			]
		},
		{
			"Target": "Parameter",
			"Id": "Param_Angle_Rotation87",
			"Segments": [
				0,
				-2.33,
				1,
				0.011,
				-2.33,
				0.022,
				-2.284,
				0.033,
				-2.236,
				1,
				0.244,
				-1.333,
				0.456,
				-0.459,
				0.667,
				0.44,
				1,
				1.222,
				2.806,
				1.778,
				4,
				2.333,
				4,
				1,
				2.833,
				4,
				3.333,
				2.667,
				3.833,
				0,
				1,
				4.333,
				-2.667,
				4.833,
				-4,
				5.333,
				-4,
				1,
				5.556,
				-4,
				5.778,
				-3.512,
				6,
				-2.33
			]
		},
		{
			"Target": "Parameter",
			"Id": "Param_Angle_Rotation88",
			"Segments": [
				0,
				-3.86,
				1,
				0.444,
				-3.86,
				0.889,
				-2.462,
				1.333,
				0,
				1,
				1.833,
				2.769,
				2.333,
				4,
				2.833,
				4,
				1,
				3.333,
				4,
				3.833,
				2.47,
				4.333,
				0,
				1,
				4.889,
				-2.744,
				5.444,
				-3.86,
				6,
				-3.86
			]
		},
		{
			"Target": "Parameter",
			"Id": "Param_Angle_Rotation89",
			"Segments": [
				0,
				-3.8,
				1,
				0.611,
				-3.8,
				1.222,
				-2.815,
				1.833,
				0,
				1,
				2.333,
				2.303,
				2.833,
				4,
				3.333,
				4,
				1,
				3.833,
				4,
				4.333,
				2.896,
				4.833,
				0,
				1,
				5.222,
				-2.252,
				5.611,
				-3.8,
				6,
				-3.8
			]
		},
		{
			"Target": "Parameter",
			"Id": "Param_Angle_Rotation91",
			"Segments": [
				0,
				-0.5,
				1,
				0.011,
				-0.5,
				0.022,
				-0.326,
				0.033,
				-0.272,
				1,
				0.633,
				2.61,
				1.233,
				4,
				1.833,
				4,
				1,
				2.333,
				4,
				2.833,
				2.667,
				3.333,
				0,
				1,
				3.833,
				-2.667,
				4.333,
				-4,
				4.833,
				-4,
				1,
				5.222,
				-4,
				5.611,
				-2.408,
				6,
				-0.5
			]
		},
		{
			"Target": "Parameter",
			"Id": "Param_Angle_Rotation92",
			"Segments": [
				0,
				-2.33,
				1,
				0.011,
				-2.33,
				0.022,
				-2.224,
				0.033,
				-2.176,
				1,
				0.244,
				-1.272,
				0.456,
				-0.431,
				0.667,
				0.461,
				1,
				1.222,
				2.807,
				1.778,
				4,
				2.333,
				4,
				1,
				2.833,
				4,
				3.333,
				2.667,
				3.833,
				0,
				1,
				4.333,
				-2.667,
				4.833,
				-4,
				5.333,
				-4,
				1,
				5.556,
				-4,
				5.778,
				-3.512,
				6,
				-2.33
			]
		},
		{
			"Target": "Parameter",
			"Id": "Param_Angle_Rotation93",
			"Segments": [
				0,
				-2.9,
				1,
				0.444,
				-2.9,
				0.889,
				-2.142,
				1.333,
				0,
				1,
				1.833,
				2.41,
				2.333,
				4,
				2.833,
				4,
				1,
				3.333,
				4,
				3.833,
				2.082,
				4.333,
				0,
				1,
				4.889,
				-2.314,
				5.444,
				-2.9,
				6,
				-2.9
			]
		},
		{
			"Target": "Parameter",
			"Id": "Param_Angle_Rotation94",
			"Segments": [
				0,
				-2.88,
				1,
				0.611,
				-2.88,
				1.222,
				-2.355,
				1.833,
				0,
				1,
				2.333,
				1.927,
				2.833,
				4,
				3.333,
				4,
				1,
				3.833,
				4,
				4.333,
				2.576,
				4.833,
				0,
				1,
				5.222,
				-2.004,
				5.611,
				-2.88,
				6,
				-2.88
			]
		},
		{
			"Target": "Parameter",
			"Id": "Param_Angle_Rotation95",
			"Segments": [
				0,
				-2.19,
				1,
				0.011,
				-2.19,
				0.022,
				-2.264,
				0.033,
				-2.284,
				1,
				0.3,
				-2.775,
				0.567,
				-3,
				0.833,
				-3,
				1,
				1.333,
				-3,
				1.833,
				-2.285,
				2.333,
				0,
				1,
				2.833,
				2.285,
				3.333,
				4,
				3.833,
				4,
				1,
				4.333,
				4,
				4.833,
				2.237,
				5.333,
				0,
				1,
				5.556,
				-0.994,
				5.778,
				-1.662,
				6,
				-2.19
			]
		},
		{
			"Target": "Parameter",
			"Id": "Param_Angle_Rotation96",
			"Segments": [
				0,
				-0.71,
				1,
				0.011,
				-0.71,
				0.022,
				-0.766,
				0.033,
				-0.804,
				1,
				0.467,
				-2.283,
				0.9,
				-3,
				1.333,
				-3,
				1,
				1.833,
				-3,
				2.333,
				-2.285,
				2.833,
				0,
				1,
				3.333,
				2.285,
				3.833,
				4,
				4.333,
				4,
				1,
				4.833,
				4,
				5.333,
				2.601,
				5.833,
				0,
				1,
				5.889,
				-0.289,
				5.944,
				-0.515,
				6,
				-0.71
			]
		},
		{
			"Target": "Parameter",
			"Id": "Param_Angle_Rotation97",
			"Segments": [
				0,
				1.43,
				1,
				0.011,
				1.43,
				0.022,
				1.333,
				0.033,
				1.283,
				1,
				0.133,
				0.832,
				0.233,
				0.404,
				0.333,
				0,
				1,
				0.833,
				-2.022,
				1.333,
				-3,
				1.833,
				-3,
				1,
				2.333,
				-3,
				2.833,
				-2.285,
				3.333,
				0,
				1,
				3.833,
				2.285,
				4.333,
				4,
				4.833,
				4,
				1,
				5.222,
				4,
				5.611,
				3.133,
				6,
				1.43
			]
		},
		{
			"Target": "Parameter",
			"Id": "Param_Angle_Rotation98",
			"Segments": [
				0,
				3.09,
				1,
				0.011,
				3.09,
				0.022,
				2.952,
				0.033,
				2.902,
				1,
				0.278,
				1.796,
				0.522,
				0.568,
				0.767,
				-0.33,
				1,
				1.289,
				-2.248,
				1.811,
				-3,
				2.333,
				-3,
				1,
				2.833,
				-3,
				3.333,
				-2.285,
				3.833,
				0,
				1,
				4.333,
				2.285,
				4.833,
				4,
				5.333,
				4,
				1,
				5.556,
				4,
				5.778,
				3.801,
				6,
				3.09
			]
		},
		{
			"Target": "Parameter",
			"Id": "Param_Angle_Rotation100",
			"Segments": [
				0,
				-0.38,
				1,
				0.011,
				-0.38,
				0.022,
				-0.222,
				0.033,
				-0.17,
				1,
				0.633,
				2.642,
				1.233,
				4,
				1.833,
				4,
				1,
				2.333,
				4,
				2.833,
				2.285,
				3.333,
				0,
				1,
				3.833,
				-2.285,
				4.333,
				-3,
				4.833,
				-3,
				1,
				5.222,
				-3,
				5.611,
				-1.816,
				6,
				-0.38
			]
		},
		{
			"Target": "Parameter",
			"Id": "Param_Angle_Rotation101",
			"Segments": [
				0,
				-1.75,
				1,
				0.011,
				-1.75,
				0.022,
				-1.69,
				0.033,
				-1.657,
				1,
				0.267,
				-0.969,
				0.5,
				-0.376,
				0.733,
				0.361,
				1,
				1.267,
				2.047,
				1.8,
				3,
				2.333,
				3,
				1,
				2.833,
				3,
				3.333,
				2,
				3.833,
				0,
				1,
				4.333,
				-2,
				4.833,
				-3,
				5.333,
				-3,
				1,
				5.556,
				-3,
				5.778,
				-2.636,
				6,
				-1.75
			]
		},
		{
			"Target": "Parameter",
			"Id": "Param_Angle_Rotation102",
			"Segments": [
				0,
				-1.93,
				1,
				0.444,
				-1.93,
				0.889,
				-1.231,
				1.333,
				0,
				1,
				1.833,
				1.385,
				2.333,
				2,
				2.833,
				2,
				1,
				3.333,
				2,
				3.833,
				1.235,
				4.333,
				0,
				1,
				4.889,
				-1.372,
				5.444,
				-1.93,
				6,
				-1.93
			]
		},
		{
			"Target": "Parameter",
			"Id": "Param_Angle_Rotation103",
			"Segments": [
				0,
				-2.85,
				1,
				0.611,
				-2.85,
				1.222,
				-2.111,
				1.833,
				0,
				1,
				2.333,
				1.728,
				2.833,
				3,
				3.333,
				3,
				1,
				3.833,
				3,
				4.333,
				2.172,
				4.833,
				0,
				1,
				5.222,
				-1.689,
				5.611,
				-2.85,
				6,
				-2.85
			]
		},
		{
			"Target": "Parameter",
			"Id": "Param_Angle_Rotation104",
			"Segments": [
				0,
				-1.49,
				1,
				0.011,
				-1.49,
				0.022,
				-1.509,
				0.033,
				-1.522,
				1,
				0.3,
				-1.846,
				0.567,
				-2,
				0.833,
				-2,
				1,
				1.333,
				-2,
				1.833,
				-1.6,
				2.333,
				0,
				1,
				2.833,
				1.6,
				3.333,
				3,
				3.833,
				3,
				1,
				4.333,
				3,
				4.833,
				1.609,
				5.333,
				0,
				1,
				5.556,
				-0.715,
				5.778,
				-1.15,
				6,
				-1.49
			]
		},
		{
			"Target": "Parameter",
			"Id": "Param_Angle_Rotation105",
			"Segments": [
				0,
				-0.49,
				1,
				0.011,
				-0.49,
				0.022,
				-0.558,
				0.033,
				-0.583,
				1,
				0.467,
				-1.542,
				0.9,
				-2,
				1.333,
				-2,
				1,
				1.833,
				-2,
				2.333,
				-1.6,
				2.833,
				0,
				1,
				3.333,
				1.6,
				3.833,
				3,
				4.333,
				3,
				1,
				4.833,
				3,
				5.333,
				1.93,
				5.833,
				0,
				1,
				5.889,
				-0.214,
				5.944,
				-0.361,
				6,
				-0.49
			]
		},
		{
			"Target": "Parameter",
			"Id": "Param_Angle_Rotation106",
			"Segments": [
				0,
				1.18,
				1,
				0.011,
				1.18,
				0.022,
				1.093,
				0.033,
				1.04,
				1,
				0.133,
				0.567,
				0.233,
				0.057,
				0.333,
				-0.314,
				1,
				0.833,
				-2.169,
				1.333,
				-3,
				1.833,
				-3,
				1,
				2.333,
				-3,
				2.833,
				-2,
				3.333,
				0,
				1,
				3.833,
				2,
				4.333,
				3,
				4.833,
				3,
				1,
				5.222,
				3,
				5.611,
				2.426,
				6,
				1.18
			]
		},
		{
			"Target": "Parameter",
			"Id": "Param_Angle_Rotation108",
			"Segments": [
				0,
				-0.38,
				1,
				0.011,
				-0.38,
				0.022,
				-0.26,
				0.033,
				-0.22,
				1,
				0.633,
				1.951,
				1.233,
				3,
				1.833,
				3,
				1,
				2.333,
				3,
				2.833,
				2,
				3.333,
				0,
				1,
				3.833,
				-2,
				4.333,
				-3,
				4.833,
				-3,
				1,
				5.222,
				-3,
				5.611,
				-1.816,
				6,
				-0.38
			]
		},
		{
			"Target": "Parameter",
			"Id": "Param_Angle_Rotation109",
			"Segments": [
				0,
				-1.17,
				1,
				0.011,
				-1.17,
				0.022,
				-1.108,
				0.033,
				-1.079,
				1,
				0.267,
				-0.46,
				0.5,
				0.09,
				0.733,
				0.733,
				1,
				1.267,
				2.202,
				1.8,
				3,
				2.333,
				3,
				1,
				2.833,
				3,
				3.333,
				1.6,
				3.833,
				0,
				1,
				4.333,
				-1.6,
				4.833,
				-2,
				5.333,
				-2,
				1,
				5.556,
				-2,
				5.778,
				-1.76,
				6,
				-1.17
			]
		},
		{
			"Target": "Parameter",
			"Id": "Param_Angle_Rotation110",
			"Segments": [
				0,
				-2.9,
				1,
				0.444,
				-2.9,
				0.889,
				-1.848,
				1.333,
				0,
				1,
				1.833,
				2.079,
				2.333,
				3,
				2.833,
				3,
				1,
				3.333,
				3,
				3.833,
				1.854,
				4.333,
				0,
				1,
				4.889,
				-2.06,
				5.444,
				-2.9,
				6,
				-2.9
			]
		},
		{
			"Target": "Parameter",
			"Id": "Param_Angle_Rotation111",
			"Segments": [
				0,
				-1.93,
				1,
				0.611,
				-1.93,
				1.222,
				-1.635,
				1.833,
				0,
				1,
				2.333,
				1.338,
				2.833,
				3,
				3.333,
				3,
				1,
				3.833,
				3,
				4.333,
				1.832,
				4.833,
				0,
				1,
				5.222,
				-1.425,
				5.611,
				-1.93,
				6,
				-1.93
			]
		},
		{
			"Target": "Parameter",
			"Id": "Param_Angle_Rotation117",
			"Segments": [
				0,
				0.38,
				1,
				0.011,
				0.38,
				0.022,
				0.244,
				0.033,
				0.204,
				1,
				0.633,
				-1.958,
				1.233,
				-3,
				1.833,
				-3,
				1,
				2.333,
				-3,
				2.833,
				-2,
				3.333,
				0,
				1,
				3.833,
				2,
				4.333,
				3,
				4.833,
				3,
				1,
				5.222,
				3,
				5.611,
				1.816,
				6,
				0.38
			]
		},
		{
			"Target": "Parameter",
			"Id": "Param_Angle_Rotation118",
			"Segments": [
				0,
				1.75,
				1,
				0.011,
				1.75,
				0.022,
				1.68,
				0.033,
				1.628,
				1,
				0.233,
				0.688,
				0.433,
				-0.412,
				0.633,
				-1.136,
				1,
				1.2,
				-3.189,
				1.767,
				-4,
				2.333,
				-4,
				1,
				2.833,
				-4,
				3.333,
				-2.285,
				3.833,
				0,
				1,
				4.333,
				2.285,
				4.833,
				3,
				5.333,
				3,
				1,
				5.556,
				3,
				5.778,
				2.636,
				6,
				1.75
			]
		},
		{
			"Target": "Parameter",
			"Id": "Param_Angle_Rotation119",
			"Segments": [
				0,
				2.9,
				1,
				0.444,
				2.9,
				0.889,
				2.142,
				1.333,
				0,
				1,
				1.833,
				-2.41,
				2.333,
				-4,
				2.833,
				-4,
				1,
				3.333,
				-4,
				3.833,
				-2.082,
				4.333,
				0,
				1,
				4.889,
				2.314,
				5.444,
				2.9,
				6,
				2.9
			]
		},
		{
			"Target": "Parameter",
			"Id": "Param_Angle_Rotation121",
			"Segments": [
				0,
				2.85,
				1,
				0.611,
				2.85,
				1.222,
				2.111,
				1.833,
				0,
				1,
				2.333,
				-1.728,
				2.833,
				-3,
				3.333,
				-3,
				1,
				3.833,
				-3,
				4.333,
				-2.172,
				4.833,
				0,
				1,
				5.222,
				1.689,
				5.611,
				2.85,
				6,
				2.85
			]
		},
		{
			"Target": "Parameter",
			"Id": "Param_Angle_Rotation122",
			"Segments": [
				0,
				1.49,
				1,
				0.011,
				1.49,
				0.022,
				1.539,
				0.033,
				1.552,
				1,
				0.3,
				1.859,
				0.567,
				2,
				0.833,
				2,
				1,
				1.333,
				2,
				1.833,
				1.6,
				2.333,
				0,
				1,
				2.833,
				-1.6,
				3.333,
				-3,
				3.833,
				-3,
				1,
				4.333,
				-3,
				4.833,
				-1.609,
				5.333,
				0,
				1,
				5.556,
				0.715,
				5.778,
				1.15,
				6,
				1.49
			]
		},
		{
			"Target": "Parameter",
			"Id": "Param_Angle_Rotation123",
			"Segments": [
				0,
				0.54,
				1,
				0.011,
				0.54,
				0.022,
				0.609,
				0.033,
				0.633,
				1,
				0.467,
				1.559,
				0.9,
				2,
				1.333,
				2,
				1,
				1.833,
				2,
				2.333,
				1.777,
				2.833,
				0,
				1,
				3.333,
				-1.777,
				3.833,
				-4,
				4.333,
				-4,
				1,
				4.822,
				-4,
				5.311,
				-2.917,
				5.8,
				-0.597,
				1,
				5.867,
				-0.281,
				5.933,
				0.347,
				6,
				0.54
			]
		},
		{
			"Target": "Parameter",
			"Id": "Param_Angle_Rotation124",
			"Segments": [
				0,
				-0.25,
				1,
				0.011,
				-0.25,
				0.022,
				-0.189,
				0.033,
				-0.15,
				1,
				0.633,
				1.966,
				1.233,
				3,
				1.833,
				3,
				1,
				2.333,
				3,
				2.833,
				1.6,
				3.333,
				0,
				1,
				3.833,
				-1.6,
				4.333,
				-2,
				4.833,
				-2,
				1,
				5.222,
				-2,
				5.611,
				-1.204,
				6,
				-0.25
			]
		},
		{
			"Target": "Parameter",
			"Id": "Param_Angle_Rotation125",
			"Segments": [
				0,
				-1.17,
				1,
				0.011,
				-1.17,
				0.022,
				-1.083,
				0.033,
				-1.049,
				1,
				0.222,
				-0.467,
				0.411,
				0.116,
				0.6,
				0.641,
				1,
				1.178,
				2.248,
				1.756,
				3,
				2.333,
				3,
				1,
				2.833,
				3,
				3.333,
				1.6,
				3.833,
				0,
				1,
				4.333,
				-1.6,
				4.833,
				-2,
				5.333,
				-2,
				1,
				5.556,
				-2,
				5.778,
				-1.76,
				6,
				-1.17
			]
		},
		{
			"Target": "Parameter",
			"Id": "Param_Angle_Rotation126",
			"Segments": [
				0,
				-1.93,
				1,
				0.444,
				-1.93,
				0.889,
				-1.231,
				1.333,
				0,
				1,
				1.833,
				1.385,
				2.333,
				2,
				2.833,
				2,
				1,
				3.333,
				2,
				3.833,
				1.235,
				4.333,
				0,
				1,
				4.889,
				-1.372,
				5.444,
				-1.93,
				6,
				-1.93
			]
		},
		{
			"Target": "Parameter",
			"Id": "Param_Angle_Rotation127",
			"Segments": [
				0,
				-2.85,
				1,
				0.611,
				-2.85,
				1.222,
				-2.111,
				1.833,
				0,
				1,
				2.333,
				1.728,
				2.833,
				3,
				3.333,
				3,
				1,
				3.833,
				3,
				4.333,
				2.172,
				4.833,
				0,
				1,
				5.222,
				-1.689,
				5.611,
				-2.85,
				6,
				-2.85
			]
		},
		{
			"Target": "Parameter",
			"Id": "Param_Angle_Rotation128",
			"Segments": [
				0,
				0.38,
				1,
				0.011,
				0.38,
				0.022,
				0.264,
				0.033,
				0.236,
				1,
				0.633,
				-1.274,
				1.233,
				-2,
				1.833,
				-2,
				1,
				2.333,
				-2,
				2.833,
				-1.6,
				3.333,
				0,
				1,
				3.833,
				1.6,
				4.333,
				3,
				4.833,
				3,
				1,
				5.222,
				3,
				5.611,
				1.816,
				6,
				0.38
			]
		},
		{
			"Target": "Parameter",
			"Id": "Param_Angle_Rotation129",
			"Segments": [
				0,
				1.17,
				1,
				0.011,
				1.17,
				0.022,
				1.103,
				0.033,
				1.078,
				1,
				0.267,
				0.547,
				0.5,
				-0.006,
				0.733,
				-0.471,
				1,
				1.267,
				-1.535,
				1.8,
				-2,
				2.333,
				-2,
				1,
				2.833,
				-2,
				3.333,
				-1.333,
				3.833,
				0,
				1,
				4.333,
				1.333,
				4.833,
				2,
				5.333,
				2,
				1,
				5.556,
				2,
				5.778,
				1.76,
				6,
				1.17
			]
		},
		{
			"Target": "Parameter",
			"Id": "Param_Angle_Rotation130",
			"Segments": [
				0,
				1.93,
				1,
				0.444,
				1.93,
				0.889,
				1.507,
				1.333,
				0,
				1,
				1.833,
				-1.695,
				2.333,
				-3,
				2.833,
				-3,
				1,
				3.333,
				-3,
				3.833,
				-1.446,
				4.333,
				0,
				1,
				4.889,
				1.607,
				5.444,
				1.93,
				6,
				1.93
			]
		}
	]
}