{
	"Version": 3,
	"Parameters": [
		{
			"Id": "ParamEff1",
			"GroupId": "ParamGroup",
			"Name": "エフェクト1"
		},
		{
			"Id": "ParamEff2",
			"GroupId": "ParamGroup",
			"Name": "エフェクト2"
		},
		{
			"Id": "ParamEff3",
			"GroupId": "ParamGroup",
			"Name": "エフェクト3"
		},
		{
			"Id": "ParamEff4",
			"GroupId": "ParamGroup",
			"Name": "エフェクト4"
		},
		{
			"Id": "ParamEff5",
			"GroupId": "ParamGroup",
			"Name": "エフェクト5"
		},
		{
			"Id": "ParamEff6",
			"GroupId": "ParamGroup",
			"Name": "エフェクト6"
		},
		{
			"Id": "ParamEff7",
			"GroupId": "ParamGroup",
			"Name": "エフェクト7"
		},
		{
			"Id": "ParamEff8",
			"GroupId": "ParamGroup",
			"Name": "エフェクト8"
		},
		{
			"Id": "ParamEff9",
			"GroupId": "ParamGroup",
			"Name": "エフェクト9"
		},
		{
			"Id": "ParamEff10",
			"GroupId": "ParamGroup",
			"Name": "エフェクト10"
		},
		{
			"Id": "ParamEff11",
			"GroupId": "ParamGroup",
			"Name": "エフェクト11"
		},
		{
			"Id": "ParamEff12",
			"GroupId": "ParamGroup",
			"Name": "エフェクト12"
		},
		{
			"Id": "ParamEff13",
			"GroupId": "ParamGroup",
			"Name": "エフェクト13"
		},
		{
			"Id": "ParamEff14",
			"GroupId": "ParamGroup",
			"Name": "エフェクト14"
		},
		{
			"Id": "ParamEff15",
			"GroupId": "ParamGroup",
			"Name": "エフェクト15"
		},
		{
			"Id": "ParamEff16",
			"GroupId": "ParamGroup",
			"Name": "エフェクト16"
		},
		{
			"Id": "ParamEff17",
			"GroupId": "ParamGroup",
			"Name": "エフェクト17"
		},
		{
			"Id": "ParamEff18",
			"GroupId": "ParamGroup",
			"Name": "エフェクト18"
		},
		{
			"Id": "ParamEff19",
			"GroupId": "ParamGroup",
			"Name": "エフェクト19"
		},
		{
			"Id": "ParamEff20",
			"GroupId": "ParamGroup",
			"Name": "エフェクト20"
		},
		{
			"Id": "ParamEff21",
			"GroupId": "ParamGroup",
			"Name": "エフェクト21"
		},
		{
			"Id": "ParamEff22",
			"GroupId": "ParamGroup",
			"Name": "エフェクト22"
		},
		{
			"Id": "ParamEff23",
			"GroupId": "ParamGroup",
			"Name": "エフェクト23"
		},
		{
			"Id": "ParamEff24",
			"GroupId": "ParamGroup",
			"Name": "エフェクト24"
		},
		{
			"Id": "ParamEff25",
			"GroupId": "ParamGroup",
			"Name": "エフェクト25"
		},
		{
			"Id": "ParamEff26",
			"GroupId": "ParamGroup",
			"Name": "エフェクト26"
		},
		{
			"Id": "ParamEff27",
			"GroupId": "ParamGroup",
			"Name": "エフェクト27"
		},
		{
			"Id": "ParamEff28",
			"GroupId": "ParamGroup",
			"Name": "エフェクト28"
		},
		{
			"Id": "ParamEff29",
			"GroupId": "ParamGroup",
			"Name": "エフェクト29"
		},
		{
			"Id": "ParamEff30",
			"GroupId": "ParamGroup",
			"Name": "エフェクト30"
		},
		{
			"Id": "ParamEff31",
			"GroupId": "ParamGroup",
			"Name": "エフェクト31"
		},
		{
			"Id": "ParamEff32",
			"GroupId": "ParamGroup",
			"Name": "エフェクト32"
		},
		{
			"Id": "ParamEff33",
			"GroupId": "ParamGroup",
			"Name": "エフェクト33"
		},
		{
			"Id": "ParamPachi",
			"GroupId": "ParamGroup2",
			"Name": "目パチ"
		},
		{
			"Id": "ParamLegL1",
			"GroupId": "ParamGroup2",
			"Name": "右太もも"
		},
		{
			"Id": "ParamLegL2",
			"GroupId": "ParamGroup2",
			"Name": "右足"
		},
		{
			"Id": "ParamLegR1",
			"GroupId": "ParamGroup2",
			"Name": "左太もも"
		},
		{
			"Id": "ParamLegR2",
			"GroupId": "ParamGroup2",
			"Name": "左足"
		},
		{
			"Id": "ParamEyeRL",
			"GroupId": "ParamGroup2",
			"Name": "目Hi左右"
		},
		{
			"Id": "ParamEyeUD",
			"GroupId": "ParamGroup2",
			"Name": "目Hi上下"
		},
		{
			"Id": "ParamEyeBS",
			"GroupId": "ParamGroup2",
			"Name": "目Hi大小"
		},
		{
			"Id": "ParamPaiRX",
			"GroupId": "ParamGroup2",
			"Name": "右胸 X"
		},
		{
			"Id": "ParamPaiRY",
			"GroupId": "ParamGroup2",
			"Name": "右胸 Y"
		},
		{
			"Id": "ParamPaiRX2",
			"GroupId": "ParamGroup2",
			"Name": "右胸 X2"
		},
		{
			"Id": "ParamPaiRY2",
			"GroupId": "ParamGroup2",
			"Name": "右胸 Y2"
		},
		{
			"Id": "ParamPaiLY",
			"GroupId": "ParamGroup2",
			"Name": "左胸 Y"
		},
		{
			"Id": "ParamPaiLX",
			"GroupId": "ParamGroup2",
			"Name": "左胸 X"
		},
		{
			"Id": "ParamPaiLY2",
			"GroupId": "ParamGroup2",
			"Name": "左胸 Y2"
		},
		{
			"Id": "ParamPaiLX2",
			"GroupId": "ParamGroup2",
			"Name": "左胸 X2"
		},
		{
			"Id": "ParamBreat",
			"GroupId": "ParamGroup2",
			"Name": "呼吸"
		},
		{
			"Id": "Param_Angle_Rotation2",
			"GroupId": "ParamGroup4",
			"Name": "[0]髪1"
		},
		{
			"Id": "Param_Angle_Rotation3",
			"GroupId": "ParamGroup4",
			"Name": "[1]髪1"
		},
		{
			"Id": "Param_Angle_Rotation10",
			"GroupId": "ParamGroup5",
			"Name": "[0]髪2"
		},
		{
			"Id": "Param_Angle_Rotation11",
			"GroupId": "ParamGroup5",
			"Name": "[1]髪2"
		},
		{
			"Id": "Param_Angle_Rotation12",
			"GroupId": "ParamGroup5",
			"Name": "[2]髪2"
		},
		{
			"Id": "Param_Angle_Rotation14",
			"GroupId": "ParamGroup6",
			"Name": "[0]髪3"
		},
		{
			"Id": "Param_Angle_Rotation15",
			"GroupId": "ParamGroup6",
			"Name": "[1]髪3"
		},
		{
			"Id": "Param_Angle_Rotation16",
			"GroupId": "ParamGroup6",
			"Name": "[2]髪3"
		},
		{
			"Id": "Param_Angle_Rotation18",
			"GroupId": "ParamGroup7",
			"Name": "[0]髪4"
		},
		{
			"Id": "Param_Angle_Rotation19",
			"GroupId": "ParamGroup7",
			"Name": "[1]髪4"
		},
		{
			"Id": "Param_Angle_Rotation20",
			"GroupId": "ParamGroup7",
			"Name": "[2]髪4"
		},
		{
			"Id": "Param_Angle_Rotation22",
			"GroupId": "ParamGroup8",
			"Name": "[0]髪5"
		},
		{
			"Id": "Param_Angle_Rotation23",
			"GroupId": "ParamGroup8",
			"Name": "[1]髪5"
		},
		{
			"Id": "Param_Angle_Rotation24",
			"GroupId": "ParamGroup8",
			"Name": "[2]髪5"
		},
		{
			"Id": "Param_Angle_Rotation26",
			"GroupId": "ParamGroup9",
			"Name": "[0]髪6"
		},
		{
			"Id": "Param_Angle_Rotation27",
			"GroupId": "ParamGroup9",
			"Name": "[1]髪6"
		},
		{
			"Id": "Param_Angle_Rotation28",
			"GroupId": "ParamGroup9",
			"Name": "[2]髪6"
		},
		{
			"Id": "Param_Angle_Rotation29",
			"GroupId": "ParamGroup9",
			"Name": "[3]髪6"
		},
		{
			"Id": "Param_Angle_Rotation32",
			"GroupId": "ParamGroup10",
			"Name": "[0]髪7"
		},
		{
			"Id": "Param_Angle_Rotation33",
			"GroupId": "ParamGroup10",
			"Name": "[1]髪7"
		},
		{
			"Id": "Param_Angle_Rotation34",
			"GroupId": "ParamGroup10",
			"Name": "[2]髪7"
		},
		{
			"Id": "Param_Angle_Rotation35",
			"GroupId": "ParamGroup10",
			"Name": "[3]髪7"
		},
		{
			"Id": "Param_Angle_Rotation36",
			"GroupId": "ParamGroup10",
			"Name": "[4]髪7"
		},
		{
			"Id": "Param_Angle_Rotation37",
			"GroupId": "ParamGroup10",
			"Name": "[5]髪7"
		},
		{
			"Id": "Param_Angle_Rotation39",
			"GroupId": "ParamGroup11",
			"Name": "[0]髪8"
		},
		{
			"Id": "Param_Angle_Rotation40",
			"GroupId": "ParamGroup11",
			"Name": "[1]髪8"
		},
		{
			"Id": "Param_Angle_Rotation41",
			"GroupId": "ParamGroup11",
			"Name": "[2]髪8"
		},
		{
			"Id": "Param_Angle_Rotation43",
			"GroupId": "ParamGroup12",
			"Name": "[0]髪9"
		},
		{
			"Id": "Param_Angle_Rotation44",
			"GroupId": "ParamGroup12",
			"Name": "[1]髪9"
		},
		{
			"Id": "Param_Angle_Rotation45",
			"GroupId": "ParamGroup12",
			"Name": "[2]髪9"
		},
		{
			"Id": "Param_Angle_Rotation47",
			"GroupId": "ParamGroup13",
			"Name": "[0]髪10"
		},
		{
			"Id": "Param_Angle_Rotation48",
			"GroupId": "ParamGroup13",
			"Name": "[1]髪10"
		},
		{
			"Id": "Param_Angle_Rotation49",
			"GroupId": "ParamGroup13",
			"Name": "[2]髪10"
		},
		{
			"Id": "Param_Angle_Rotation50",
			"GroupId": "ParamGroup13",
			"Name": "[3]髪10"
		},
		{
			"Id": "Param_Angle_Rotation52",
			"GroupId": "ParamGroup14",
			"Name": "[0]髪11"
		},
		{
			"Id": "Param_Angle_Rotation53",
			"GroupId": "ParamGroup14",
			"Name": "[1]髪11"
		},
		{
			"Id": "Param_Angle_Rotation5",
			"GroupId": "ParamGroup20",
			"Name": "[0]髪飾り"
		},
		{
			"Id": "Param_Angle_Rotation6",
			"GroupId": "ParamGroup20",
			"Name": "[1]髪飾り"
		},
		{
			"Id": "Param_Angle_Rotation7",
			"GroupId": "ParamGroup20",
			"Name": "[2]髪飾り"
		},
		{
			"Id": "Param_Angle_Rotation8",
			"GroupId": "ParamGroup20",
			"Name": "[3]髪飾り"
		},
		{
			"Id": "Param_Angle_Rotation70",
			"GroupId": "ParamGroup21",
			"Name": "[0]後ろ髪1"
		},
		{
			"Id": "Param_Angle_Rotation71",
			"GroupId": "ParamGroup21",
			"Name": "[1]後ろ髪1"
		},
		{
			"Id": "Param_Angle_Rotation72",
			"GroupId": "ParamGroup21",
			"Name": "[2]後ろ髪1"
		},
		{
			"Id": "Param_Angle_Rotation73",
			"GroupId": "ParamGroup21",
			"Name": "[3]後ろ髪1"
		},
		{
			"Id": "Param_Angle_Rotation74",
			"GroupId": "ParamGroup21",
			"Name": "[4]後ろ髪1"
		},
		{
			"Id": "Param_Angle_Rotation75",
			"GroupId": "ParamGroup21",
			"Name": "[5]後ろ髪1"
		},
		{
			"Id": "Param_Angle_Rotation77",
			"GroupId": "ParamGroup22",
			"Name": "[0]後ろ髪5"
		},
		{
			"Id": "Param_Angle_Rotation78",
			"GroupId": "ParamGroup22",
			"Name": "[1]後ろ髪5"
		},
		{
			"Id": "Param_Angle_Rotation79",
			"GroupId": "ParamGroup22",
			"Name": "[2]後ろ髪5"
		},
		{
			"Id": "Param_Angle_Rotation80",
			"GroupId": "ParamGroup22",
			"Name": "[3]後ろ髪5"
		},
		{
			"Id": "Param_Angle_Rotation81",
			"GroupId": "ParamGroup22",
			"Name": "[4]後ろ髪5"
		},
		{
			"Id": "Param_Angle_Rotation82",
			"GroupId": "ParamGroup22",
			"Name": "[5]後ろ髪5"
		},
		{
			"Id": "Param_Angle_Rotation83",
			"GroupId": "ParamGroup22",
			"Name": "[6]後ろ髪5"
		},
		{
			"Id": "Param_Angle_Rotation84",
			"GroupId": "ParamGroup22",
			"Name": "[7]後ろ髪5"
		},
		{
			"Id": "Param_Angle_Rotation86",
			"GroupId": "ParamGroup23",
			"Name": "[0]後ろ髪3"
		},
		{
			"Id": "Param_Angle_Rotation87",
			"GroupId": "ParamGroup23",
			"Name": "[1]後ろ髪3"
		},
		{
			"Id": "Param_Angle_Rotation88",
			"GroupId": "ParamGroup23",
			"Name": "[2]後ろ髪3"
		},
		{
			"Id": "Param_Angle_Rotation89",
			"GroupId": "ParamGroup23",
			"Name": "[3]後ろ髪3"
		},
		{
			"Id": "Param_Angle_Rotation91",
			"GroupId": "ParamGroup24",
			"Name": "[0]後ろ髪4"
		},
		{
			"Id": "Param_Angle_Rotation92",
			"GroupId": "ParamGroup24",
			"Name": "[1]後ろ髪4"
		},
		{
			"Id": "Param_Angle_Rotation93",
			"GroupId": "ParamGroup24",
			"Name": "[2]後ろ髪4"
		},
		{
			"Id": "Param_Angle_Rotation94",
			"GroupId": "ParamGroup24",
			"Name": "[3]後ろ髪4"
		},
		{
			"Id": "Param_Angle_Rotation95",
			"GroupId": "ParamGroup24",
			"Name": "[4]後ろ髪4"
		},
		{
			"Id": "Param_Angle_Rotation96",
			"GroupId": "ParamGroup24",
			"Name": "[5]後ろ髪4"
		},
		{
			"Id": "Param_Angle_Rotation97",
			"GroupId": "ParamGroup24",
			"Name": "[6]後ろ髪4"
		},
		{
			"Id": "Param_Angle_Rotation98",
			"GroupId": "ParamGroup24",
			"Name": "[7]後ろ髪4"
		},
		{
			"Id": "Param_Angle_Rotation100",
			"GroupId": "ParamGroup25",
			"Name": "[0]後ろ髪2"
		},
		{
			"Id": "Param_Angle_Rotation101",
			"GroupId": "ParamGroup25",
			"Name": "[1]後ろ髪2"
		},
		{
			"Id": "Param_Angle_Rotation102",
			"GroupId": "ParamGroup25",
			"Name": "[2]後ろ髪2"
		},
		{
			"Id": "Param_Angle_Rotation103",
			"GroupId": "ParamGroup25",
			"Name": "[3]後ろ髪2"
		},
		{
			"Id": "Param_Angle_Rotation104",
			"GroupId": "ParamGroup25",
			"Name": "[4]後ろ髪2"
		},
		{
			"Id": "Param_Angle_Rotation105",
			"GroupId": "ParamGroup25",
			"Name": "[5]後ろ髪2"
		},
		{
			"Id": "Param_Angle_Rotation106",
			"GroupId": "ParamGroup25",
			"Name": "[6]後ろ髪2"
		},
		{
			"Id": "Param_Angle_Rotation108",
			"GroupId": "ParamGroup26",
			"Name": "[0]後ろ髪6"
		},
		{
			"Id": "Param_Angle_Rotation109",
			"GroupId": "ParamGroup26",
			"Name": "[1]後ろ髪6"
		},
		{
			"Id": "Param_Angle_Rotation110",
			"GroupId": "ParamGroup26",
			"Name": "[2]後ろ髪6"
		},
		{
			"Id": "Param_Angle_Rotation111",
			"GroupId": "ParamGroup26",
			"Name": "[3]後ろ髪6"
		},
		{
			"Id": "Param_Angle_Rotation117",
			"GroupId": "ParamGroup15",
			"Name": "[0]布"
		},
		{
			"Id": "Param_Angle_Rotation118",
			"GroupId": "ParamGroup15",
			"Name": "[1]布"
		},
		{
			"Id": "Param_Angle_Rotation119",
			"GroupId": "ParamGroup15",
			"Name": "[2]布"
		},
		{
			"Id": "Param_Angle_Rotation121",
			"GroupId": "ParamGroup15",
			"Name": "[3]布"
		},
		{
			"Id": "Param_Angle_Rotation122",
			"GroupId": "ParamGroup15",
			"Name": "[4]布"
		},
		{
			"Id": "Param_Angle_Rotation123",
			"GroupId": "ParamGroup15",
			"Name": "[5]布"
		},
		{
			"Id": "Param_Angle_Rotation124",
			"GroupId": "ParamGroup16",
			"Name": "[0]右足装飾"
		},
		{
			"Id": "Param_Angle_Rotation125",
			"GroupId": "ParamGroup16",
			"Name": "[1]右足装飾"
		},
		{
			"Id": "Param_Angle_Rotation126",
			"GroupId": "ParamGroup16",
			"Name": "[2]右足装飾"
		},
		{
			"Id": "Param_Angle_Rotation127",
			"GroupId": "ParamGroup16",
			"Name": "[3]右足装飾"
		},
		{
			"Id": "Param_Angle_Rotation128",
			"GroupId": "ParamGroup17",
			"Name": "[0]左足装飾"
		},
		{
			"Id": "Param_Angle_Rotation129",
			"GroupId": "ParamGroup17",
			"Name": "[1]左足装飾"
		},
		{
			"Id": "Param_Angle_Rotation130",
			"GroupId": "ParamGroup17",
			"Name": "[2]左足装飾"
		}
	],
	"ParameterGroups": [
		{
			"Id": "ParamGroup",
			"GroupId": "",
			"Name": "エフェクト"
		},
		{
			"Id": "ParamGroup2",
			"GroupId": "",
			"Name": "URアニメーション"
		},
		{
			"Id": "ParamGroup3",
			"GroupId": "",
			"Name": "追加"
		},
		{
			"Id": "ParamGroup4",
			"GroupId": "",
			"Name": "髪1"
		},
		{
			"Id": "ParamGroup5",
			"GroupId": "",
			"Name": "髪2"
		},
		{
			"Id": "ParamGroup6",
			"GroupId": "",
			"Name": "髪3"
		},
		{
			"Id": "ParamGroup7",
			"GroupId": "",
			"Name": "髪4"
		},
		{
			"Id": "ParamGroup8",
			"GroupId": "",
			"Name": "髪5"
		},
		{
			"Id": "ParamGroup9",
			"GroupId": "",
			"Name": "髪6"
		},
		{
			"Id": "ParamGroup10",
			"GroupId": "",
			"Name": "髪7"
		},
		{
			"Id": "ParamGroup11",
			"GroupId": "",
			"Name": "髪8"
		},
		{
			"Id": "ParamGroup12",
			"GroupId": "",
			"Name": "髪9"
		},
		{
			"Id": "ParamGroup13",
			"GroupId": "",
			"Name": "髪10"
		},
		{
			"Id": "ParamGroup14",
			"GroupId": "",
			"Name": "髪11"
		},
		{
			"Id": "ParamGroup20",
			"GroupId": "",
			"Name": "髪飾り"
		},
		{
			"Id": "ParamGroup21",
			"GroupId": "",
			"Name": "後ろ髪1"
		},
		{
			"Id": "ParamGroup22",
			"GroupId": "",
			"Name": "後ろ髪5"
		},
		{
			"Id": "ParamGroup23",
			"GroupId": "",
			"Name": "後ろ髪3"
		},
		{
			"Id": "ParamGroup24",
			"GroupId": "",
			"Name": "後ろ髪4"
		},
		{
			"Id": "ParamGroup25",
			"GroupId": "",
			"Name": "後ろ髪2"
		},
		{
			"Id": "ParamGroup26",
			"GroupId": "",
			"Name": "後ろ髪6"
		},
		{
			"Id": "ParamGroup15",
			"GroupId": "",
			"Name": "布"
		},
		{
			"Id": "ParamGroup16",
			"GroupId": "",
			"Name": "右足装飾"
		},
		{
			"Id": "ParamGroup17",
			"GroupId": "",
			"Name": "左足装飾"
		}
	],
	"Parts": [
		{
			"Id": "Part25",
			"Name": "1920x1440.psd"
		},
		{
			"Id": "Part",
			"Name": "エフェクト"
		},
		{
			"Id": "Part18",
			"Name": "趙雲"
		},
		{
			"Id": "Part2",
			"Name": "スラッシュエフェクト"
		},
		{
			"Id": "Part3",
			"Name": "光エフェクト小"
		},
		{
			"Id": "Part7",
			"Name": "光エフェクト大"
		},
		{
			"Id": "Part12",
			"Name": "水粒"
		},
		{
			"Id": "Part13",
			"Name": "水粒エフェクト"
		},
		{
			"Id": "Part14",
			"Name": "花びら"
		},
		{
			"Id": "Part15",
			"Name": "花びらエフェクト"
		},
		{
			"Id": "Part16",
			"Name": "光エフェクト"
		},
		{
			"Id": "Part17",
			"Name": "光エフェクトスラッシュ"
		},
		{
			"Id": "Part19",
			"Name": "趙雲"
		},
		{
			"Id": "Part23",
			"Name": "胴体下"
		},
		{
			"Id": "Part4",
			"Name": "グループ 5"
		},
		{
			"Id": "Part5",
			"Name": "グループ 4"
		},
		{
			"Id": "Part6",
			"Name": "グループ 6"
		},
		{
			"Id": "Part8",
			"Name": "グループ 8"
		},
		{
			"Id": "Part9",
			"Name": "グループ 9"
		},
		{
			"Id": "Part10",
			"Name": "グループ 10"
		},
		{
			"Id": "Part11",
			"Name": "グループ 11"
		},
		{
			"Id": "Part30",
			"Name": "パーツ30"
		},
		{
			"Id": "Part31",
			"Name": "パーツ31"
		},
		{
			"Id": "Part32",
			"Name": "パーツ32"
		},
		{
			"Id": "Part28",
			"Name": "パーツ28"
		},
		{
			"Id": "Part29",
			"Name": "パーツ29"
		},
		{
			"Id": "Part26",
			"Name": "パーツ26"
		},
		{
			"Id": "Part27",
			"Name": "パーツ27"
		},
		{
			"Id": "ArtMesh102_Skinning",
			"Name": "髪飾り(スキニング)"
		},
		{
			"Id": "Part20",
			"Name": "髪"
		},
		{
			"Id": "Part21",
			"Name": "顔"
		},
		{
			"Id": "ArtMesh134_Skinning",
			"Name": "布(スキニング)"
		},
		{
			"Id": "ArtMesh136_Skinning",
			"Name": "右足装飾(スキニング)"
		},
		{
			"Id": "ArtMesh138_Skinning",
			"Name": "左足装飾(スキニング)"
		},
		{
			"Id": "ArtMesh139_Skinning",
			"Name": "布下(スキニング)"
		},
		{
			"Id": "Part24",
			"Name": "後ろ髪"
		},
		{
			"Id": "ArtMesh103_Skinning",
			"Name": "髪1(スキニング)"
		},
		{
			"Id": "ArtMesh104_Skinning",
			"Name": "髪2(スキニング)"
		},
		{
			"Id": "ArtMesh105_Skinning",
			"Name": "髪3(スキニング)"
		},
		{
			"Id": "ArtMesh106_Skinning",
			"Name": "髪4(スキニング)"
		},
		{
			"Id": "ArtMesh107_Skinning",
			"Name": "髪5(スキニング)"
		},
		{
			"Id": "ArtMesh108_Skinning",
			"Name": "髪6(スキニング)"
		},
		{
			"Id": "ArtMesh109_Skinning",
			"Name": "髪7(スキニング)"
		},
		{
			"Id": "ArtMesh110_Skinning",
			"Name": "髪8(スキニング)"
		},
		{
			"Id": "ArtMesh111_Skinning",
			"Name": "髪9(スキニング)"
		},
		{
			"Id": "ArtMesh112_Skinning",
			"Name": "髪10(スキニング)"
		},
		{
			"Id": "ArtMesh113_Skinning",
			"Name": "髪11(スキニング)"
		},
		{
			"Id": "Part22",
			"Name": "髪影"
		},
		{
			"Id": "ArtMesh140_Skinning",
			"Name": "後ろ髪1(スキニング)"
		},
		{
			"Id": "ArtMesh141_Skinning",
			"Name": "後ろ髪5(スキニング)"
		},
		{
			"Id": "ArtMesh142_Skinning",
			"Name": "後ろ髪3(スキニング)"
		},
		{
			"Id": "ArtMesh143_Skinning",
			"Name": "後ろ髪4(スキニング)"
		},
		{
			"Id": "ArtMesh144_Skinning",
			"Name": "後ろ髪2(スキニング)"
		},
		{
			"Id": "ArtMesh145_Skinning",
			"Name": "後ろ髪6(スキニング)"
		},
		{
			"Id": "ArtMesh120_Skinning",
			"Name": "髪影1(スキニング)"
		},
		{
			"Id": "ArtMesh121_Skinning",
			"Name": "髪影2(スキニング)"
		},
		{
			"Id": "ArtMesh122_Skinning",
			"Name": "髪影3(スキニング)"
		},
		{
			"Id": "ArtMesh123_Skinning",
			"Name": "髪影4(スキニング)"
		},
		{
			"Id": "ArtMesh125_Skinning",
			"Name": "髪影6(スキニング)"
		}
	],
	"CombinedParameters": [
		[
			"ParamEyeRL",
			"ParamEyeUD"
		],
		[
			"ParamPaiRX",
			"ParamPaiRY"
		],
		[
			"ParamPaiRX2",
			"ParamPaiRY2"
		],
		[
			"ParamPaiLY",
			"ParamPaiLX"
		],
		[
			"ParamPaiLY2",
			"ParamPaiLX2"
		]
	]
}