{
	"Version": 3,
	"Meta": {
		"Duration": 5,
		"Fps": 30.0,
		"Loop": true,
		"AreBeziersRestricted": true,
		"CurveCount": 75,
		"TotalSegmentCount": 667,
		"TotalPointCount": 2076,
		"UserDataCount": 0,
		"TotalUserDataSize": 0
	},
	"Curves": [
		{
			"Target": "Parameter",
			"Id": "Param5",
			"Segments": [
				0,
				-30,
				1,
				0.111,
				-30,
				0.222,
				30,
				0.333,
				30,
				1,
				0.356,
				30,
				0.378,
				4,
				0.4,
				4,
				1,
				0.489,
				4,
				0.578,
				14,
				0.667,
				14,
				1,
				0.7,
				14,
				0.733,
				4,
				0.767,
				4,
				1,
				0.811,
				4,
				0.856,
				14,
				0.9,
				14,
				1,
				0.944,
				14,
				0.989,
				4,
				1.033,
				4,
				1,
				1.078,
				4,
				1.122,
				14,
				1.167,
				14,
				1,
				1.311,
				14,
				1.456,
				-2,
				1.6,
				-2,
				1,
				1.811,
				-2,
				2.022,
				14,
				2.233,
				14,
				1,
				2.322,
				14,
				2.411,
				4,
				2.5,
				4,
				1,
				2.544,
				4,
				2.589,
				14,
				2.633,
				14,
				1,
				2.822,
				14,
				3.011,
				4,
				3.2,
				4,
				1,
				3.222,
				4,
				3.244,
				14,
				3.267,
				14,
				1,
				3.4,
				14,
				3.533,
				4.234,
				3.667,
				-2,
				1,
				4.111,
				-22.781,
				4.556,
				-30,
				5,
				-30
			]
		},
		{
			"Target": "Parameter",
			"Id": "Param6",
			"Segments": [
				0,
				14.791,
				1,
				0.233,
				14.791,
				0.467,
				-30,
				0.7,
				-30,
				1,
				0.833,
				-30,
				0.967,
				30,
				1.1,
				30,
				1,
				1.156,
				30,
				1.211,
				4,
				1.267,
				4,
				1,
				1.3,
				4,
				1.333,
				14,
				1.367,
				14,
				1,
				1.422,
				14,
				1.478,
				4,
				1.533,
				4,
				1,
				1.578,
				4,
				1.622,
				14,
				1.667,
				14,
				1,
				1.711,
				14,
				1.756,
				4,
				1.8,
				4,
				1,
				1.844,
				4,
				1.889,
				14,
				1.933,
				14,
				1,
				2.067,
				14,
				2.2,
				-2,
				2.333,
				-2,
				1,
				2.544,
				-2,
				2.756,
				14,
				2.967,
				14,
				1,
				3.056,
				14,
				3.144,
				4,
				3.233,
				4,
				1,
				3.267,
				4,
				3.3,
				14,
				3.333,
				14,
				1,
				3.522,
				14,
				3.711,
				4,
				3.9,
				4,
				1,
				3.944,
				4,
				3.989,
				14,
				4.033,
				14,
				1,
				4.167,
				14,
				4.3,
				-2,
				4.433,
				-2,
				1,
				4.622,
				-2,
				4.811,
				14.791,
				5,
				14.791
			]
		},
		{
			"Target": "Parameter",
			"Id": "Param7",
			"Segments": [
				0,
				6,
				1,
				0.044,
				6,
				0.089,
				-3,
				0.133,
				-3,
				1,
				0.178,
				-3,
				0.222,
				19,
				0.267,
				19,
				1,
				0.567,
				19,
				0.867,
				-30,
				1.167,
				-30,
				1,
				1.311,
				-30,
				1.456,
				30,
				1.6,
				30,
				1,
				1.644,
				30,
				1.689,
				4,
				1.733,
				4,
				1,
				1.778,
				4,
				1.822,
				15,
				1.867,
				15,
				1,
				1.922,
				15,
				1.978,
				4,
				2.033,
				4,
				1,
				2.067,
				4,
				2.1,
				15,
				2.133,
				15,
				1,
				2.189,
				15,
				2.244,
				4,
				2.3,
				4,
				1,
				2.344,
				4,
				2.389,
				15,
				2.433,
				15,
				1,
				2.578,
				15,
				2.722,
				-3,
				2.867,
				-3,
				1,
				3.067,
				-3,
				3.267,
				15,
				3.467,
				15,
				1,
				3.556,
				15,
				3.644,
				4,
				3.733,
				4,
				1,
				3.767,
				4,
				3.8,
				15,
				3.833,
				15,
				1,
				4.033,
				15,
				4.233,
				4,
				4.433,
				4,
				1,
				4.467,
				4,
				4.5,
				15,
				4.533,
				15,
				1,
				4.689,
				15,
				4.844,
				6,
				5,
				6
			]
		},
		{
			"Target": "Parameter",
			"Id": "Param8",
			"Segments": [
				0,
				10.399,
				1,
				0.089,
				10.399,
				0.178,
				4,
				0.267,
				4,
				1,
				0.289,
				4,
				0.311,
				15,
				0.333,
				15,
				1,
				0.467,
				15,
				0.6,
				-1,
				0.733,
				-1,
				1,
				0.767,
				-1,
				0.8,
				20,
				0.833,
				20,
				1,
				1.156,
				20,
				1.478,
				-30,
				1.8,
				-30,
				1,
				1.944,
				-30,
				2.089,
				30,
				2.233,
				30,
				1,
				2.267,
				30,
				2.3,
				4,
				2.333,
				4,
				1,
				2.389,
				4,
				2.444,
				15,
				2.5,
				15,
				1,
				2.556,
				15,
				2.611,
				4,
				2.667,
				4,
				1,
				2.689,
				4,
				2.711,
				15,
				2.733,
				15,
				1,
				2.8,
				15,
				2.867,
				4,
				2.933,
				4,
				1,
				2.956,
				4,
				2.978,
				15,
				3,
				15,
				1,
				3.156,
				15,
				3.311,
				-1,
				3.467,
				-1,
				1,
				3.667,
				-1,
				3.867,
				15,
				4.067,
				15,
				1,
				4.178,
				15,
				4.289,
				4,
				4.4,
				4,
				1,
				4.422,
				4,
				4.444,
				15,
				4.467,
				15,
				1,
				4.644,
				15,
				4.822,
				10.399,
				5,
				10.399
			]
		},
		{
			"Target": "Parameter",
			"Id": "Param9",
			"Segments": [
				0,
				5.875,
				1,
				0.011,
				5.875,
				0.022,
				4,
				0.033,
				4,
				1,
				0.067,
				4,
				0.1,
				16,
				0.133,
				16,
				1,
				0.322,
				16,
				0.511,
				4,
				0.7,
				4,
				1,
				0.722,
				4,
				0.744,
				16,
				0.767,
				16,
				1,
				0.9,
				16,
				1.033,
				-2,
				1.167,
				-2,
				1,
				1.211,
				-2,
				1.256,
				19,
				1.3,
				19,
				1,
				1.611,
				19,
				1.922,
				-30,
				2.233,
				-30,
				1,
				2.378,
				-30,
				2.522,
				30,
				2.667,
				30,
				1,
				2.689,
				30,
				2.711,
				4,
				2.733,
				4,
				1,
				2.8,
				4,
				2.867,
				16,
				2.933,
				16,
				1,
				3,
				16,
				3.067,
				4,
				3.133,
				4,
				1,
				3.167,
				4,
				3.2,
				16,
				3.233,
				16,
				1,
				3.267,
				16,
				3.3,
				4,
				3.333,
				4,
				1,
				3.378,
				4,
				3.422,
				16,
				3.467,
				16,
				1,
				3.611,
				16,
				3.756,
				-2,
				3.9,
				-2,
				1,
				4.111,
				-2,
				4.322,
				16,
				4.533,
				16,
				1,
				4.622,
				16,
				4.711,
				4,
				4.8,
				4,
				1,
				4.867,
				4,
				4.933,
				5.875,
				5,
				5.875
			]
		},
		{
			"Target": "Parameter",
			"Id": "Param10",
			"Segments": [
				0,
				7,
				1,
				0.089,
				7,
				0.178,
				16,
				0.267,
				16,
				1,
				0.311,
				16,
				0.356,
				4,
				0.4,
				4,
				1,
				0.489,
				4,
				0.578,
				16,
				0.667,
				16,
				1,
				0.833,
				16,
				1,
				4,
				1.167,
				4,
				1,
				1.211,
				4,
				1.256,
				16,
				1.3,
				16,
				1,
				1.422,
				16,
				1.544,
				-2,
				1.667,
				-2,
				1,
				1.711,
				-2,
				1.756,
				18,
				1.8,
				18,
				1,
				2.1,
				18,
				2.4,
				-30,
				2.7,
				-30,
				1,
				2.867,
				-30,
				3.033,
				30,
				3.2,
				30,
				1,
				3.222,
				30,
				3.244,
				4,
				3.267,
				4,
				1,
				3.311,
				4,
				3.356,
				16,
				3.4,
				16,
				1,
				3.456,
				16,
				3.511,
				4,
				3.567,
				4,
				1,
				3.622,
				4,
				3.678,
				16,
				3.733,
				16,
				1,
				3.767,
				16,
				3.8,
				4,
				3.833,
				4,
				1,
				3.889,
				4,
				3.944,
				16,
				4,
				16,
				1,
				4.144,
				16,
				4.289,
				-2,
				4.433,
				-2,
				1,
				4.622,
				-2,
				4.811,
				7,
				5,
				7
			]
		},
		{
			"Target": "Parameter",
			"Id": "Param11",
			"Segments": [
				0,
				17,
				1,
				0.111,
				17,
				0.222,
				-2,
				0.333,
				-2,
				1,
				0.544,
				-2,
				0.756,
				17,
				0.967,
				17,
				1,
				1.067,
				17,
				1.167,
				3,
				1.267,
				3,
				1,
				1.3,
				3,
				1.333,
				17,
				1.367,
				17,
				1,
				1.556,
				17,
				1.744,
				3,
				1.933,
				3,
				1,
				1.967,
				3,
				2,
				17,
				2.033,
				17,
				1,
				2.167,
				17,
				2.3,
				-2,
				2.433,
				-2,
				1,
				2.467,
				-2,
				2.5,
				17,
				2.533,
				17,
				1,
				2.844,
				17,
				3.156,
				-30,
				3.467,
				-30,
				1,
				3.611,
				-30,
				3.756,
				30,
				3.9,
				30,
				1,
				3.944,
				30,
				3.989,
				3,
				4.033,
				3,
				1,
				4.067,
				3,
				4.1,
				17,
				4.133,
				17,
				1,
				4.222,
				17,
				4.311,
				3,
				4.4,
				3,
				1,
				4.422,
				3,
				4.444,
				17,
				4.467,
				17,
				1,
				4.5,
				17,
				4.533,
				3,
				4.567,
				3,
				1,
				4.633,
				3,
				4.7,
				17,
				4.767,
				17,
				1,
				4.844,
				17,
				4.922,
				17,
				5,
				17
			]
		},
		{
			"Target": "Parameter",
			"Id": "Param12",
			"Segments": [
				0,
				13.796,
				1,
				0.033,
				13.796,
				0.067,
				2,
				0.1,
				2,
				1,
				0.122,
				2,
				0.144,
				18,
				0.167,
				18,
				1,
				0.211,
				18,
				0.256,
				2,
				0.3,
				2,
				1,
				0.322,
				2,
				0.344,
				18,
				0.367,
				18,
				1,
				0.522,
				18,
				0.678,
				-2,
				0.833,
				-2,
				1,
				1.044,
				-2,
				1.256,
				18,
				1.467,
				18,
				1,
				1.556,
				18,
				1.644,
				2,
				1.733,
				2,
				1,
				1.778,
				2,
				1.822,
				18,
				1.867,
				18,
				1,
				2.056,
				18,
				2.244,
				2,
				2.433,
				2,
				1,
				2.467,
				2,
				2.5,
				18,
				2.533,
				18,
				1,
				2.667,
				18,
				2.8,
				-2,
				2.933,
				-2,
				1,
				2.956,
				-2,
				2.978,
				19,
				3,
				19,
				1,
				3.333,
				19,
				3.667,
				-30,
				4,
				-30,
				1,
				4.144,
				-30,
				4.289,
				30,
				4.433,
				30,
				1,
				4.467,
				30,
				4.5,
				2,
				4.533,
				2,
				1,
				4.567,
				2,
				4.6,
				18,
				4.633,
				18,
				1,
				4.7,
				18,
				4.767,
				2,
				4.833,
				2,
				1,
				4.889,
				2,
				4.944,
				13.796,
				5,
				13.796
			]
		},
		{
			"Target": "Parameter",
			"Id": "Param13",
			"Segments": [
				0,
				23.312,
				1,
				0.1,
				23.312,
				0.2,
				30,
				0.3,
				30,
				1,
				0.322,
				30,
				0.344,
				1,
				0.367,
				1,
				1,
				0.389,
				1,
				0.411,
				18,
				0.433,
				18,
				1,
				0.533,
				18,
				0.633,
				1,
				0.733,
				1,
				1,
				0.767,
				1,
				0.8,
				18,
				0.833,
				18,
				1,
				0.878,
				18,
				0.922,
				1,
				0.967,
				1,
				1,
				1.011,
				1,
				1.056,
				18,
				1.1,
				18,
				1,
				1.244,
				18,
				1.389,
				-1,
				1.533,
				-1,
				1,
				1.733,
				-1,
				1.933,
				18,
				2.133,
				18,
				1,
				2.233,
				18,
				2.333,
				1,
				2.433,
				1,
				1,
				2.467,
				1,
				2.5,
				18,
				2.533,
				18,
				1,
				2.733,
				18,
				2.933,
				1,
				3.133,
				1,
				1,
				3.167,
				1,
				3.2,
				18,
				3.233,
				18,
				1,
				3.344,
				18,
				3.456,
				-1,
				3.567,
				-1,
				1,
				3.622,
				-1,
				3.678,
				19,
				3.733,
				19,
				1,
				4.033,
				19,
				4.333,
				-30,
				4.633,
				-30,
				1,
				4.756,
				-30,
				4.878,
				23.312,
				5,
				23.312
			]
		},
		{
			"Target": "Parameter",
			"Id": "Param14",
			"Segments": [
				0,
				-0.139,
				1,
				0.344,
				-0.139,
				0.689,
				30,
				1.033,
				30,
				1,
				1.078,
				30,
				1.122,
				1,
				1.167,
				1,
				1,
				1.211,
				1,
				1.256,
				16,
				1.3,
				16,
				1,
				1.356,
				16,
				1.411,
				1,
				1.467,
				1,
				1,
				1.511,
				1,
				1.556,
				16,
				1.6,
				16,
				1,
				1.644,
				16,
				1.689,
				1,
				1.733,
				1,
				1,
				1.778,
				1,
				1.822,
				16,
				1.867,
				16,
				1,
				2.011,
				16,
				2.156,
				-1,
				2.3,
				-1,
				1,
				2.511,
				-1,
				2.722,
				16,
				2.933,
				16,
				1,
				3.022,
				16,
				3.111,
				1,
				3.2,
				1,
				1,
				3.222,
				1,
				3.244,
				16,
				3.267,
				16,
				1,
				3.456,
				16,
				3.644,
				1,
				3.833,
				1,
				1,
				3.889,
				1,
				3.944,
				16,
				4,
				16,
				1,
				4.133,
				16,
				4.267,
				-1,
				4.4,
				-1,
				1,
				4.422,
				-1,
				4.444,
				20,
				4.467,
				20,
				1,
				4.644,
				20,
				4.822,
				-0.139,
				5,
				-0.139
			]
		},
		{
			"Target": "Parameter",
			"Id": "Param15",
			"Segments": [
				0,
				7.5,
				1,
				0.033,
				7.5,
				0.067,
				1,
				0.1,
				1,
				1,
				0.122,
				1,
				0.144,
				14,
				0.167,
				14,
				1,
				0.356,
				14,
				0.544,
				1,
				0.733,
				1,
				1,
				0.767,
				1,
				0.8,
				14,
				0.833,
				14,
				1,
				0.978,
				14,
				1.122,
				-3,
				1.267,
				-3,
				1,
				1.678,
				-3,
				2.089,
				30,
				2.5,
				30,
				1,
				2.544,
				30,
				2.589,
				1,
				2.633,
				1,
				1,
				2.656,
				1,
				2.678,
				14,
				2.7,
				14,
				1,
				2.778,
				14,
				2.856,
				1,
				2.933,
				1,
				1,
				2.956,
				1,
				2.978,
				14,
				3,
				14,
				1,
				3.067,
				14,
				3.133,
				1,
				3.2,
				1,
				1,
				3.222,
				1,
				3.244,
				14,
				3.267,
				14,
				1,
				3.422,
				14,
				3.578,
				-3,
				3.733,
				-3,
				1,
				3.956,
				-3,
				4.178,
				14,
				4.4,
				14,
				1,
				4.456,
				14,
				4.511,
				1,
				4.567,
				1,
				1,
				4.633,
				1,
				4.7,
				14,
				4.767,
				14,
				1,
				4.844,
				14,
				4.922,
				7.5,
				5,
				7.5
			]
		},
		{
			"Target": "Parameter",
			"Id": "Param16",
			"Segments": [
				0,
				7.417,
				1,
				0.056,
				7.417,
				0.111,
				12,
				0.167,
				12,
				1,
				0.233,
				12,
				0.3,
				3,
				0.367,
				3,
				1,
				0.389,
				3,
				0.411,
				12,
				0.433,
				12,
				1,
				0.656,
				12,
				0.878,
				3,
				1.1,
				3,
				1,
				1.156,
				3,
				1.211,
				12,
				1.267,
				12,
				1,
				1.378,
				12,
				1.489,
				-1,
				1.6,
				-1,
				1,
				2.022,
				-1,
				2.444,
				30,
				2.867,
				30,
				1,
				2.9,
				30,
				2.933,
				3,
				2.967,
				3,
				1,
				3.022,
				3,
				3.078,
				12,
				3.133,
				12,
				1,
				3.178,
				12,
				3.222,
				3,
				3.267,
				3,
				1,
				3.311,
				3,
				3.356,
				12,
				3.4,
				12,
				1,
				3.433,
				12,
				3.467,
				3,
				3.5,
				3,
				1,
				3.556,
				3,
				3.611,
				12,
				3.667,
				12,
				1,
				3.8,
				12,
				3.933,
				-1,
				4.067,
				-1,
				1,
				4.3,
				-1,
				4.533,
				12,
				4.767,
				12,
				1,
				4.844,
				12,
				4.922,
				7.417,
				5,
				7.417
			]
		},
		{
			"Target": "Parameter",
			"Id": "Param17",
			"Segments": [
				0,
				8.5,
				1,
				0.011,
				8.5,
				0.022,
				4,
				0.033,
				4,
				1,
				0.067,
				4,
				0.1,
				13,
				0.133,
				13,
				1,
				0.233,
				13,
				0.333,
				-1,
				0.433,
				-1,
				1,
				0.589,
				-1,
				0.744,
				13,
				0.9,
				13,
				1,
				0.956,
				13,
				1.011,
				4,
				1.067,
				4,
				1,
				1.089,
				4,
				1.111,
				13,
				1.133,
				13,
				1,
				1.267,
				13,
				1.4,
				4,
				1.533,
				4,
				1,
				1.556,
				4,
				1.578,
				13,
				1.6,
				13,
				1,
				1.689,
				13,
				1.778,
				-1,
				1.867,
				-1,
				1,
				2.144,
				-1,
				2.422,
				30,
				2.7,
				30,
				1,
				2.733,
				30,
				2.767,
				4,
				2.8,
				4,
				1,
				2.822,
				4,
				2.844,
				13,
				2.867,
				13,
				1,
				2.911,
				13,
				2.956,
				4,
				3,
				4,
				1,
				3.033,
				4,
				3.067,
				13,
				3.1,
				13,
				1,
				3.133,
				13,
				3.167,
				4,
				3.2,
				4,
				1,
				3.222,
				4,
				3.244,
				13,
				3.267,
				13,
				1,
				3.367,
				13,
				3.467,
				-1,
				3.567,
				-1,
				1,
				3.711,
				-1,
				3.856,
				13,
				4,
				13,
				1,
				4.044,
				13,
				4.089,
				4,
				4.133,
				4,
				1,
				4.156,
				4,
				4.178,
				13,
				4.2,
				13,
				1,
				4.333,
				13,
				4.467,
				4,
				4.6,
				4,
				1,
				4.622,
				4,
				4.644,
				13,
				4.667,
				13,
				1,
				4.778,
				13,
				4.889,
				8.5,
				5,
				8.5
			]
		},
		{
			"Target": "Parameter",
			"Id": "Param18",
			"Segments": [
				0,
				-30,
				1,
				0.078,
				-30,
				0.156,
				30,
				0.233,
				30,
				1,
				0.256,
				30,
				0.278,
				4,
				0.3,
				4,
				1,
				0.322,
				4,
				0.344,
				15,
				0.367,
				15,
				1,
				0.4,
				15,
				0.433,
				4,
				0.467,
				4,
				1,
				0.489,
				4,
				0.511,
				15,
				0.533,
				15,
				1,
				0.556,
				15,
				0.578,
				4,
				0.6,
				4,
				1,
				0.622,
				4,
				0.644,
				15,
				0.667,
				15,
				1,
				0.744,
				15,
				0.822,
				-2,
				0.9,
				-2,
				1,
				1.011,
				-2,
				1.122,
				15,
				1.233,
				15,
				1,
				1.278,
				15,
				1.322,
				4,
				1.367,
				4,
				1,
				1.389,
				4,
				1.411,
				15,
				1.433,
				15,
				1,
				1.533,
				15,
				1.633,
				4,
				1.733,
				4,
				1,
				1.756,
				4,
				1.778,
				15,
				1.8,
				15,
				1,
				1.867,
				15,
				1.933,
				-2,
				2,
				-2,
				1,
				2.222,
				-2,
				2.444,
				30,
				2.667,
				30,
				1,
				2.689,
				30,
				2.711,
				4,
				2.733,
				4,
				1,
				2.756,
				4,
				2.778,
				15,
				2.8,
				15,
				1,
				2.833,
				15,
				2.867,
				4,
				2.9,
				4,
				1,
				2.922,
				4,
				2.944,
				15,
				2.967,
				15,
				1,
				2.989,
				15,
				3.011,
				4,
				3.033,
				4,
				1,
				3.056,
				4,
				3.078,
				15,
				3.1,
				15,
				1,
				3.178,
				15,
				3.256,
				-2,
				3.333,
				-2,
				1,
				3.444,
				-2,
				3.556,
				15,
				3.667,
				15,
				1,
				3.711,
				15,
				3.756,
				4,
				3.8,
				4,
				1,
				3.822,
				4,
				3.844,
				15,
				3.867,
				15,
				1,
				3.967,
				15,
				4.067,
				4,
				4.167,
				4,
				1,
				4.189,
				4,
				4.211,
				15,
				4.233,
				15,
				1,
				4.3,
				15,
				4.367,
				-2,
				4.433,
				-2,
				1,
				4.456,
				-2,
				4.478,
				21,
				4.5,
				21,
				1,
				4.667,
				21,
				4.833,
				-30,
				5,
				-30
			]
		},
		{
			"Target": "Parameter",
			"Id": "Param19",
			"Segments": [
				0,
				14.125,
				1,
				0.033,
				14.125,
				0.067,
				4,
				0.1,
				4,
				1,
				0.122,
				4,
				0.144,
				16,
				0.167,
				16,
				1,
				0.267,
				16,
				0.367,
				4,
				0.467,
				4,
				1,
				0.489,
				4,
				0.511,
				16,
				0.533,
				16,
				1,
				0.6,
				16,
				0.667,
				-3,
				0.733,
				-3,
				1,
				0.756,
				-3,
				0.778,
				21,
				0.8,
				21,
				1,
				0.967,
				21,
				1.133,
				-30,
				1.3,
				-30,
				1,
				1.378,
				-30,
				1.456,
				30,
				1.533,
				30,
				1,
				1.556,
				30,
				1.578,
				4,
				1.6,
				4,
				1,
				1.622,
				4,
				1.644,
				16,
				1.667,
				16,
				1,
				1.7,
				16,
				1.733,
				4,
				1.767,
				4,
				1,
				1.789,
				4,
				1.811,
				16,
				1.833,
				16,
				1,
				1.856,
				16,
				1.878,
				4,
				1.9,
				4,
				1,
				1.922,
				4,
				1.944,
				16,
				1.967,
				16,
				1,
				2.044,
				16,
				2.122,
				-3,
				2.2,
				-3,
				1,
				2.311,
				-3,
				2.422,
				16,
				2.533,
				16,
				1,
				2.578,
				16,
				2.622,
				4,
				2.667,
				4,
				1,
				2.689,
				4,
				2.711,
				16,
				2.733,
				16,
				1,
				2.833,
				16,
				2.933,
				4,
				3.033,
				4,
				1,
				3.056,
				4,
				3.078,
				16,
				3.1,
				16,
				1,
				3.167,
				16,
				3.233,
				-3,
				3.3,
				-3,
				1,
				3.522,
				-3,
				3.744,
				30,
				3.967,
				30,
				1,
				3.989,
				30,
				4.011,
				4,
				4.033,
				4,
				1,
				4.056,
				4,
				4.078,
				16,
				4.1,
				16,
				1,
				4.133,
				16,
				4.167,
				4,
				4.2,
				4,
				1,
				4.222,
				4,
				4.244,
				16,
				4.267,
				16,
				1,
				4.289,
				16,
				4.311,
				4,
				4.333,
				4,
				1,
				4.356,
				4,
				4.378,
				16,
				4.4,
				16,
				1,
				4.478,
				16,
				4.556,
				-3,
				4.633,
				-3,
				1,
				4.756,
				-3,
				4.878,
				14.125,
				5,
				14.125
			]
		},
		{
			"Target": "Parameter",
			"Id": "Param20",
			"Segments": [
				0,
				23.312,
				1,
				0.067,
				23.312,
				0.133,
				30,
				0.2,
				30,
				1,
				0.222,
				30,
				0.244,
				4,
				0.267,
				4,
				1,
				0.289,
				4,
				0.311,
				16,
				0.333,
				16,
				1,
				0.367,
				16,
				0.4,
				4,
				0.433,
				4,
				1,
				0.456,
				4,
				0.478,
				16,
				0.5,
				16,
				1,
				0.522,
				16,
				0.544,
				4,
				0.567,
				4,
				1,
				0.589,
				4,
				0.611,
				16,
				0.633,
				16,
				1,
				0.711,
				16,
				0.789,
				-1,
				0.867,
				-1,
				1,
				0.978,
				-1,
				1.089,
				16,
				1.2,
				16,
				1,
				1.244,
				16,
				1.289,
				4,
				1.333,
				4,
				1,
				1.356,
				4,
				1.378,
				16,
				1.4,
				16,
				1,
				1.5,
				16,
				1.6,
				4,
				1.7,
				4,
				1,
				1.722,
				4,
				1.744,
				16,
				1.767,
				16,
				1,
				1.833,
				16,
				1.9,
				-1,
				1.967,
				-1,
				1,
				1.989,
				-1,
				2.011,
				21,
				2.033,
				21,
				1,
				2.2,
				21,
				2.367,
				-30,
				2.533,
				-30,
				1,
				2.611,
				-30,
				2.689,
				30,
				2.767,
				30,
				1,
				2.789,
				30,
				2.811,
				4,
				2.833,
				4,
				1,
				2.856,
				4,
				2.878,
				16,
				2.9,
				16,
				1,
				2.933,
				16,
				2.967,
				4,
				3,
				4,
				1,
				3.022,
				4,
				3.044,
				16,
				3.067,
				16,
				1,
				3.089,
				16,
				3.111,
				4,
				3.133,
				4,
				1,
				3.156,
				4,
				3.178,
				16,
				3.2,
				16,
				1,
				3.278,
				16,
				3.356,
				-1,
				3.433,
				-1,
				1,
				3.544,
				-1,
				3.656,
				16,
				3.767,
				16,
				1,
				3.811,
				16,
				3.856,
				4,
				3.9,
				4,
				1,
				3.922,
				4,
				3.944,
				16,
				3.967,
				16,
				1,
				4.067,
				16,
				4.167,
				4,
				4.267,
				4,
				1,
				4.289,
				4,
				4.311,
				16,
				4.333,
				16,
				1,
				4.4,
				16,
				4.467,
				-1,
				4.533,
				-1,
				1,
				4.689,
				-1,
				4.844,
				23.312,
				5,
				23.312
			]
		},
		{
			"Target": "Parameter",
			"Id": "ParamEyeLOpen",
			"Segments": [
				0,
				0,
				1,
				0.333,
				0,
				0.667,
				0,
				1,
				0,
				1,
				1.044,
				0,
				1.089,
				1,
				1.133,
				1,
				1,
				1.189,
				1,
				1.244,
				1,
				1.3,
				1,
				1,
				1.367,
				1,
				1.433,
				0,
				1.5,
				0,
				1,
				1.833,
				0,
				2.167,
				0,
				2.5,
				0,
				1,
				3.333,
				0,
				4.167,
				0,
				5,
				0
			]
		},
		{
			"Target": "Parameter",
			"Id": "ParamEyeROpen",
			"Segments": [
				0,
				0,
				1,
				0.333,
				0,
				0.667,
				0,
				1,
				0,
				1,
				1.044,
				0,
				1.089,
				1,
				1.133,
				1,
				1,
				1.189,
				1,
				1.244,
				1,
				1.3,
				1,
				1,
				1.367,
				1,
				1.433,
				0,
				1.5,
				0,
				1,
				1.833,
				0,
				2.167,
				0,
				2.5,
				0,
				1,
				3.333,
				0,
				4.167,
				0,
				5,
				0
			]
		},
		{
			"Target": "Parameter",
			"Id": "Param",
			"Segments": [
				0,
				0,
				1,
				0.033,
				0,
				0.067,
				30,
				0.1,
				30,
				1,
				0.144,
				30,
				0.189,
				0,
				0.233,
				0,
				1,
				0.267,
				0,
				0.3,
				30,
				0.333,
				30,
				1,
				0.378,
				30,
				0.422,
				0,
				0.467,
				0,
				1,
				0.5,
				0,
				0.533,
				30,
				0.567,
				30,
				1,
				0.611,
				30,
				0.656,
				0,
				0.7,
				0,
				1,
				0.733,
				0,
				0.767,
				30,
				0.8,
				30,
				1,
				0.833,
				30,
				0.867,
				0,
				0.9,
				0,
				1,
				0.933,
				0,
				0.967,
				30,
				1,
				30,
				1,
				1.044,
				30,
				1.089,
				0,
				1.133,
				0,
				1,
				1.167,
				0,
				1.2,
				30,
				1.233,
				30,
				1,
				1.278,
				30,
				1.322,
				0,
				1.367,
				0,
				1,
				1.4,
				0,
				1.433,
				30,
				1.467,
				30,
				1,
				1.511,
				30,
				1.556,
				0,
				1.6,
				0,
				1,
				1.633,
				0,
				1.667,
				30,
				1.7,
				30,
				1,
				1.733,
				30,
				1.767,
				0,
				1.8,
				0,
				1,
				1.833,
				0,
				1.867,
				30,
				1.9,
				30,
				1,
				1.944,
				30,
				1.989,
				0,
				2.033,
				0,
				1,
				2.067,
				0,
				2.1,
				30,
				2.133,
				30,
				1,
				2.178,
				30,
				2.222,
				0,
				2.267,
				0,
				1,
				2.3,
				0,
				2.333,
				30,
				2.367,
				30,
				1,
				2.411,
				30,
				2.456,
				0,
				2.5,
				0,
				1,
				2.533,
				0,
				2.567,
				30,
				2.6,
				30,
				1,
				2.633,
				30,
				2.667,
				0,
				2.7,
				0,
				1,
				2.733,
				0,
				2.767,
				30,
				2.8,
				30,
				1,
				2.844,
				30,
				2.889,
				0,
				2.933,
				0,
				1,
				2.967,
				0,
				3,
				30,
				3.033,
				30,
				1,
				3.078,
				30,
				3.122,
				0,
				3.167,
				0,
				1,
				3.2,
				0,
				3.233,
				30,
				3.267,
				30,
				1,
				3.311,
				30,
				3.356,
				0,
				3.4,
				0,
				1,
				3.433,
				0,
				3.467,
				30,
				3.5,
				30,
				1,
				3.533,
				30,
				3.567,
				0,
				3.6,
				0,
				1,
				3.633,
				0,
				3.667,
				30,
				3.7,
				30,
				1,
				3.744,
				30,
				3.789,
				0,
				3.833,
				0,
				1,
				3.867,
				0,
				3.9,
				30,
				3.933,
				30,
				1,
				3.978,
				30,
				4.022,
				0,
				4.067,
				0,
				1,
				4.1,
				0,
				4.133,
				30,
				4.167,
				30,
				1,
				4.211,
				30,
				4.256,
				0,
				4.3,
				0,
				1,
				4.333,
				0,
				4.367,
				30,
				4.4,
				30,
				1,
				4.433,
				30,
				4.467,
				0,
				4.5,
				0,
				1,
				4.533,
				0,
				4.567,
				30,
				4.6,
				30,
				1,
				4.644,
				30,
				4.689,
				0,
				4.733,
				0,
				1,
				4.767,
				0,
				4.8,
				30,
				4.833,
				30,
				1,
				4.889,
				30,
				4.944,
				0,
				5,
				0
			]
		},
		{
			"Target": "Parameter",
			"Id": "Param2",
			"Segments": [
				0,
				6,
				1,
				0.022,
				6,
				0.044,
				-4,
				0.067,
				-4,
				1,
				0.089,
				-4,
				0.111,
				6,
				0.133,
				6,
				1,
				0.156,
				6,
				0.178,
				-5,
				0.2,
				-5,
				1,
				0.222,
				-5,
				0.244,
				6,
				0.267,
				6,
				1,
				0.289,
				6,
				0.311,
				-4,
				0.333,
				-4,
				1,
				0.356,
				-4,
				0.378,
				6,
				0.4,
				6,
				1,
				0.422,
				6,
				0.444,
				-5,
				0.467,
				-5,
				1,
				0.489,
				-5,
				0.511,
				6,
				0.533,
				6,
				1,
				0.556,
				6,
				0.578,
				-4,
				0.6,
				-4,
				1,
				0.622,
				-4,
				0.644,
				6,
				0.667,
				6,
				1,
				0.689,
				6,
				0.711,
				-5,
				0.733,
				-5,
				1,
				0.756,
				-5,
				0.778,
				6,
				0.8,
				6,
				1,
				0.822,
				6,
				0.844,
				-4,
				0.867,
				-4,
				1,
				0.889,
				-4,
				0.911,
				6,
				0.933,
				6,
				1,
				0.956,
				6,
				0.978,
				-5,
				1,
				-5,
				1,
				1.022,
				-5,
				1.044,
				6,
				1.067,
				6,
				1,
				1.089,
				6,
				1.111,
				-4,
				1.133,
				-4,
				1,
				1.156,
				-4,
				1.178,
				6,
				1.2,
				6,
				1,
				1.222,
				6,
				1.244,
				-5,
				1.267,
				-5,
				1,
				1.289,
				-5,
				1.311,
				6,
				1.333,
				6,
				1,
				1.356,
				6,
				1.378,
				-4,
				1.4,
				-4,
				1,
				1.422,
				-4,
				1.444,
				6,
				1.467,
				6,
				1,
				1.489,
				6,
				1.511,
				-5,
				1.533,
				-5,
				1,
				1.556,
				-5,
				1.578,
				6,
				1.6,
				6,
				1,
				1.622,
				6,
				1.644,
				-4,
				1.667,
				-4,
				1,
				1.689,
				-4,
				1.711,
				6,
				1.733,
				6,
				1,
				1.756,
				6,
				1.778,
				-5,
				1.8,
				-5,
				1,
				1.822,
				-5,
				1.844,
				6,
				1.867,
				6,
				1,
				1.889,
				6,
				1.911,
				-4,
				1.933,
				-4,
				1,
				1.956,
				-4,
				1.978,
				6,
				2,
				6,
				1,
				2.022,
				6,
				2.044,
				-5,
				2.067,
				-5,
				1,
				2.089,
				-5,
				2.111,
				6,
				2.133,
				6,
				1,
				2.156,
				6,
				2.178,
				-4,
				2.2,
				-4,
				1,
				2.222,
				-4,
				2.244,
				6,
				2.267,
				6,
				1,
				2.289,
				6,
				2.311,
				-5,
				2.333,
				-5,
				1,
				2.356,
				-5,
				2.378,
				6,
				2.4,
				6,
				1,
				2.422,
				6,
				2.444,
				-4,
				2.467,
				-4,
				1,
				2.489,
				-4,
				2.511,
				6,
				2.533,
				6,
				1,
				2.556,
				6,
				2.578,
				-5,
				2.6,
				-5,
				1,
				2.622,
				-5,
				2.644,
				6,
				2.667,
				6,
				1,
				2.689,
				6,
				2.711,
				-4,
				2.733,
				-4,
				1,
				2.756,
				-4,
				2.778,
				6,
				2.8,
				6,
				1,
				2.822,
				6,
				2.844,
				-5,
				2.867,
				-5,
				1,
				2.889,
				-5,
				2.911,
				6,
				2.933,
				6,
				1,
				2.956,
				6,
				2.978,
				-4,
				3,
				-4,
				1,
				3.022,
				-4,
				3.044,
				6,
				3.067,
				6,
				1,
				3.089,
				6,
				3.111,
				-5,
				3.133,
				-5,
				1,
				3.156,
				-5,
				3.178,
				6,
				3.2,
				6,
				1,
				3.222,
				6,
				3.244,
				-4,
				3.267,
				-4,
				1,
				3.289,
				-4,
				3.311,
				6,
				3.333,
				6,
				1,
				3.356,
				6,
				3.378,
				-5,
				3.4,
				-5,
				1,
				3.422,
				-5,
				3.444,
				6,
				3.467,
				6,
				1,
				3.489,
				6,
				3.511,
				-4,
				3.533,
				-4,
				1,
				3.556,
				-4,
				3.578,
				6,
				3.6,
				6,
				1,
				3.622,
				6,
				3.644,
				-5,
				3.667,
				-5,
				1,
				3.689,
				-5,
				3.711,
				6,
				3.733,
				6,
				1,
				3.756,
				6,
				3.778,
				-4,
				3.8,
				-4,
				1,
				3.822,
				-4,
				3.844,
				6,
				3.867,
				6,
				1,
				3.889,
				6,
				3.911,
				-5,
				3.933,
				-5,
				1,
				3.956,
				-5,
				3.978,
				6,
				4,
				6,
				1,
				4.022,
				6,
				4.044,
				-4,
				4.067,
				-4,
				1,
				4.089,
				-4,
				4.111,
				6,
				4.133,
				6,
				1,
				4.156,
				6,
				4.178,
				-5,
				4.2,
				-5,
				1,
				4.222,
				-5,
				4.244,
				6,
				4.267,
				6,
				1,
				4.289,
				6,
				4.311,
				-4,
				4.333,
				-4,
				1,
				4.344,
				-4,
				4.356,
				-2.333,
				4.367,
				1,
				1,
				4.378,
				4.333,
				4.389,
				6,
				4.4,
				6,
				1,
				4.422,
				6,
				4.444,
				-5,
				4.467,
				-5,
				1,
				4.489,
				-5,
				4.511,
				6,
				4.533,
				6,
				1,
				4.556,
				6,
				4.578,
				-4,
				4.6,
				-4,
				1,
				4.622,
				-4,
				4.644,
				6,
				4.667,
				6,
				1,
				4.689,
				6,
				4.711,
				-5,
				4.733,
				-5,
				1,
				4.756,
				-5,
				4.778,
				6,
				4.8,
				6,
				1,
				4.822,
				6,
				4.844,
				-4,
				4.867,
				-4,
				1,
				4.889,
				-4,
				4.911,
				6,
				4.933,
				6,
				1,
				4.956,
				6,
				4.978,
				6,
				5,
				6
			]
		},
		{
			"Target": "Parameter",
			"Id": "Param3",
			"Segments": [
				0,
				9,
				1,
				0.022,
				9,
				0.044,
				-11,
				0.067,
				-11,
				1,
				0.089,
				-11,
				0.111,
				-11.232,
				0.133,
				-9,
				1,
				0.156,
				-6.768,
				0.178,
				10,
				0.2,
				10,
				1,
				0.222,
				10,
				0.244,
				10.125,
				0.267,
				9,
				1,
				0.289,
				7.875,
				0.311,
				-11,
				0.333,
				-11,
				1,
				0.356,
				-11,
				0.378,
				-11.232,
				0.4,
				-9,
				1,
				0.422,
				-6.768,
				0.444,
				10,
				0.467,
				10,
				1,
				0.489,
				10,
				0.511,
				10.125,
				0.533,
				9,
				1,
				0.556,
				7.875,
				0.578,
				-11,
				0.6,
				-11,
				1,
				0.622,
				-11,
				0.644,
				-11.232,
				0.667,
				-9,
				1,
				0.689,
				-6.768,
				0.711,
				10,
				0.733,
				10,
				1,
				0.756,
				10,
				0.778,
				10.125,
				0.8,
				9,
				1,
				0.822,
				7.875,
				0.844,
				-11,
				0.867,
				-11,
				1,
				0.889,
				-11,
				0.911,
				-11.232,
				0.933,
				-9,
				1,
				0.956,
				-6.768,
				0.978,
				10,
				1,
				10,
				1,
				1.022,
				10,
				1.044,
				10.125,
				1.067,
				9,
				1,
				1.089,
				7.875,
				1.111,
				-11,
				1.133,
				-11,
				1,
				1.156,
				-11,
				1.178,
				-11.232,
				1.2,
				-9,
				1,
				1.222,
				-6.768,
				1.244,
				10,
				1.267,
				10,
				1,
				1.289,
				10,
				1.311,
				10.125,
				1.333,
				9,
				1,
				1.356,
				7.875,
				1.378,
				-11,
				1.4,
				-11,
				1,
				1.422,
				-11,
				1.444,
				-11.232,
				1.467,
				-9,
				1,
				1.489,
				-6.768,
				1.511,
				10,
				1.533,
				10,
				1,
				1.556,
				10,
				1.578,
				10.125,
				1.6,
				9,
				1,
				1.622,
				7.875,
				1.644,
				-11,
				1.667,
				-11,
				1,
				1.689,
				-11,
				1.711,
				-11.232,
				1.733,
				-9,
				1,
				1.756,
				-6.768,
				1.778,
				10,
				1.8,
				10,
				1,
				1.822,
				10,
				1.844,
				10.125,
				1.867,
				9,
				1,
				1.889,
				7.875,
				1.911,
				-11,
				1.933,
				-11,
				1,
				1.956,
				-11,
				1.978,
				-11.232,
				2,
				-9,
				1,
				2.022,
				-6.768,
				2.044,
				10,
				2.067,
				10,
				1,
				2.089,
				10,
				2.111,
				10.125,
				2.133,
				9,
				1,
				2.156,
				7.875,
				2.178,
				-11,
				2.2,
				-11,
				1,
				2.222,
				-11,
				2.244,
				-11.232,
				2.267,
				-9,
				1,
				2.289,
				-6.768,
				2.311,
				10,
				2.333,
				10,
				1,
				2.356,
				10,
				2.378,
				10.125,
				2.4,
				9,
				1,
				2.422,
				7.875,
				2.444,
				-11,
				2.467,
				-11,
				1,
				2.489,
				-11,
				2.511,
				-11.232,
				2.533,
				-9,
				1,
				2.556,
				-6.768,
				2.578,
				10,
				2.6,
				10,
				1,
				2.622,
				10,
				2.644,
				10.125,
				2.667,
				9,
				1,
				2.689,
				7.875,
				2.711,
				-11,
				2.733,
				-11,
				1,
				2.756,
				-11,
				2.778,
				-11.232,
				2.8,
				-9,
				1,
				2.822,
				-6.768,
				2.844,
				10,
				2.867,
				10,
				1,
				2.889,
				10,
				2.911,
				10.125,
				2.933,
				9,
				1,
				2.956,
				7.875,
				2.978,
				-11,
				3,
				-11,
				1,
				3.022,
				-11,
				3.044,
				-11.232,
				3.067,
				-9,
				1,
				3.089,
				-6.768,
				3.111,
				10,
				3.133,
				10,
				1,
				3.156,
				10,
				3.178,
				10.125,
				3.2,
				9,
				1,
				3.222,
				7.875,
				3.244,
				-11,
				3.267,
				-11,
				1,
				3.289,
				-11,
				3.311,
				-11.232,
				3.333,
				-9,
				1,
				3.356,
				-6.768,
				3.378,
				10,
				3.4,
				10,
				1,
				3.422,
				10,
				3.444,
				10.125,
				3.467,
				9,
				1,
				3.489,
				7.875,
				3.511,
				-11,
				3.533,
				-11,
				1,
				3.556,
				-11,
				3.578,
				-11.232,
				3.6,
				-9,
				1,
				3.622,
				-6.768,
				3.644,
				10,
				3.667,
				10,
				1,
				3.689,
				10,
				3.711,
				10.125,
				3.733,
				9,
				1,
				3.756,
				7.875,
				3.778,
				-11,
				3.8,
				-11,
				1,
				3.822,
				-11,
				3.844,
				-11.232,
				3.867,
				-9,
				1,
				3.889,
				-6.768,
				3.911,
				10,
				3.933,
				10,
				1,
				3.956,
				10,
				3.978,
				10.125,
				4,
				9,
				1,
				4.022,
				7.875,
				4.044,
				-11,
				4.067,
				-11,
				1,
				4.089,
				-11,
				4.111,
				-11.232,
				4.133,
				-9,
				1,
				4.156,
				-6.768,
				4.178,
				10,
				4.2,
				10,
				1,
				4.222,
				10,
				4.244,
				10.125,
				4.267,
				9,
				1,
				4.289,
				7.875,
				4.311,
				-11,
				4.333,
				-11,
				1,
				4.356,
				-11,
				4.378,
				-11.232,
				4.4,
				-9,
				1,
				4.422,
				-6.768,
				4.444,
				10,
				4.467,
				10,
				1,
				4.489,
				10,
				4.511,
				10.125,
				4.533,
				9,
				1,
				4.556,
				7.875,
				4.578,
				-11,
				4.6,
				-11,
				1,
				4.622,
				-11,
				4.644,
				-11.232,
				4.667,
				-9,
				1,
				4.689,
				-6.768,
				4.711,
				10,
				4.733,
				10,
				1,
				4.756,
				10,
				4.778,
				10.125,
				4.8,
				9,
				1,
				4.822,
				7.875,
				4.844,
				-11,
				4.867,
				-11,
				1,
				4.889,
				-11,
				4.911,
				-11.223,
				4.933,
				-9,
				1,
				4.956,
				-6.777,
				4.978,
				9,
				5,
				9
			]
		},
		{
			"Target": "Parameter",
			"Id": "ParamBreath",
			"Segments": [
				0,
				0,
				1,
				0.833,
				0,
				1.667,
				1,
				2.5,
				1,
				1,
				3.333,
				1,
				4.167,
				0,
				5,
				0
			]
		},
		{
			"Target": "Parameter",
			"Id": "Param4",
			"Segments": [
				0,
				27.086,
				1,
				0.111,
				27.086,
				0.222,
				30,
				0.333,
				30,
				1,
				1.167,
				30,
				2,
				-30,
				2.833,
				-30,
				1,
				3.556,
				-30,
				4.278,
				27.086,
				5,
				27.086
			]
		},
		{
			"Target": "Parameter",
			"Id": "Param_Angle_Rotation_1_ArtMesh24",
			"Segments": [
				0,
				0,
				1,
				0.833,
				0,
				1.667,
				0,
				2.5,
				0,
				1,
				3.333,
				0,
				4.167,
				0,
				5,
				0
			]
		},
		{
			"Target": "Parameter",
			"Id": "Param_Angle_Rotation_2_ArtMesh24",
			"Segments": [
				0,
				-0.806,
				1,
				0.111,
				-0.806,
				0.222,
				-1,
				0.333,
				-1,
				1,
				1.167,
				-1,
				2,
				3,
				2.833,
				3,
				1,
				3.556,
				3,
				4.278,
				-0.806,
				5,
				-0.806
			]
		},
		{
			"Target": "Parameter",
			"Id": "Param_Angle_Rotation_3_ArtMesh24",
			"Segments": [
				0,
				-3.079,
				1,
				0.211,
				-3.079,
				0.422,
				-5,
				0.633,
				-5,
				1,
				1.467,
				-5,
				2.3,
				7,
				3.133,
				7,
				1,
				3.756,
				7,
				4.378,
				-3.079,
				5,
				-3.079
			]
		},
		{
			"Target": "Parameter",
			"Id": "Param_Angle_Rotation_4_ArtMesh24",
			"Segments": [
				0,
				-5.238,
				1,
				0.289,
				-5.238,
				0.578,
				-13,
				0.867,
				-13,
				1,
				1.7,
				-13,
				2.533,
				15,
				3.367,
				15,
				1,
				3.911,
				15,
				4.456,
				-5.238,
				5,
				-5.238
			]
		},
		{
			"Target": "Parameter",
			"Id": "Param_Angle_Rotation_5_ArtMesh24",
			"Segments": [
				0,
				-14.296,
				1,
				0.333,
				-14.296,
				0.667,
				-34,
				1,
				-34,
				1,
				1.833,
				-34,
				2.667,
				22,
				3.5,
				22,
				1,
				4,
				22,
				4.5,
				-14.296,
				5,
				-14.296
			]
		},
		{
			"Target": "Parameter",
			"Id": "Param_Angle_Rotation_1_ArtMesh25",
			"Segments": [
				0,
				-1,
				1,
				0.833,
				-1,
				1.667,
				-1,
				2.5,
				-1,
				1,
				3.333,
				-1,
				4.167,
				-1,
				5,
				-1
			]
		},
		{
			"Target": "Parameter",
			"Id": "Param_Angle_Rotation_2_ArtMesh25",
			"Segments": [
				0,
				-5.243,
				1,
				0.178,
				-5.243,
				0.356,
				-7,
				0.533,
				-7,
				1,
				1.367,
				-7,
				2.2,
				8,
				3.033,
				8,
				1,
				3.689,
				8,
				4.344,
				-5.243,
				5,
				-5.243
			]
		},
		{
			"Target": "Parameter",
			"Id": "Param_Angle_Rotation_3_ArtMesh25",
			"Segments": [
				0,
				1.617,
				1,
				0.378,
				1.617,
				0.756,
				-10,
				1.133,
				-10,
				1,
				1.967,
				-10,
				2.8,
				17,
				3.633,
				17,
				1,
				4.089,
				17,
				4.544,
				1.617,
				5,
				1.617
			]
		},
		{
			"Target": "Parameter",
			"Id": "Param_Angle_Rotation_1_ArtMesh26",
			"Segments": [
				0,
				-1,
				1,
				0.833,
				-1,
				1.667,
				-1,
				2.5,
				-1,
				1,
				3.333,
				-1,
				4.167,
				-1,
				5,
				-1
			]
		},
		{
			"Target": "Parameter",
			"Id": "Param_Angle_Rotation_2_ArtMesh26",
			"Segments": [
				0,
				-7.534,
				1,
				0.156,
				-7.534,
				0.311,
				-9,
				0.467,
				-9,
				1,
				1.3,
				-9,
				2.133,
				7,
				2.967,
				7,
				1,
				3.644,
				7,
				4.322,
				-7.534,
				5,
				-7.534
			]
		},
		{
			"Target": "Parameter",
			"Id": "Param_Angle_Rotation_3_ArtMesh26",
			"Segments": [
				0,
				-4.901,
				1,
				0.289,
				-4.901,
				0.578,
				-11,
				0.867,
				-11,
				1,
				1.7,
				-11,
				2.533,
				11,
				3.367,
				11,
				1,
				3.911,
				11,
				4.456,
				-4.901,
				5,
				-4.901
			]
		},
		{
			"Target": "Parameter",
			"Id": "Param_Angle_Rotation_1_ArtMesh27",
			"Segments": [
				0,
				-1,
				1,
				0.833,
				-1,
				1.667,
				-1,
				2.5,
				-1,
				1,
				3.333,
				-1,
				4.167,
				-1,
				5,
				-1
			]
		},
		{
			"Target": "Parameter",
			"Id": "Param_Angle_Rotation_2_ArtMesh27",
			"Segments": [
				0,
				-12.368,
				1,
				0.122,
				-12.368,
				0.244,
				-14,
				0.367,
				-14,
				1,
				1.2,
				-14,
				2.033,
				14,
				2.867,
				14,
				1,
				3.578,
				14,
				4.289,
				-12.368,
				5,
				-12.368
			]
		},
		{
			"Target": "Parameter",
			"Id": "Param_Angle_Rotation_3_ArtMesh27",
			"Segments": [
				0,
				-4.681,
				1,
				0.267,
				-4.681,
				0.533,
				-10,
				0.8,
				-10,
				1,
				1.633,
				-10,
				2.467,
				12,
				3.3,
				12,
				1,
				3.867,
				12,
				4.433,
				-4.681,
				5,
				-4.681
			]
		},
		{
			"Target": "Parameter",
			"Id": "Param_Angle_Rotation_1_ArtMesh28",
			"Segments": [
				0,
				-1,
				1,
				0.833,
				-1,
				1.667,
				-1,
				2.5,
				-1,
				1,
				3.333,
				-1,
				4.167,
				-1,
				5,
				-1
			]
		},
		{
			"Target": "Parameter",
			"Id": "Param_Angle_Rotation_2_ArtMesh28",
			"Segments": [
				0,
				-2.443,
				1,
				0.1,
				-2.443,
				0.2,
				-3,
				0.3,
				-3,
				1,
				1.133,
				-3,
				1.967,
				11,
				2.8,
				11,
				1,
				3.533,
				11,
				4.267,
				-2.443,
				5,
				-2.443
			]
		},
		{
			"Target": "Parameter",
			"Id": "Param_Angle_Rotation_3_ArtMesh28",
			"Segments": [
				0,
				-9.337,
				1,
				0.222,
				-9.337,
				0.444,
				-16,
				0.667,
				-16,
				1,
				1.5,
				-16,
				2.333,
				22,
				3.167,
				22,
				1,
				3.778,
				22,
				4.389,
				-9.337,
				5,
				-9.337
			]
		},
		{
			"Target": "Parameter",
			"Id": "Param_Angle_Rotation_1_ArtMesh29",
			"Segments": [
				0,
				-1,
				1,
				0.833,
				-1,
				1.667,
				-1,
				2.5,
				-1,
				1,
				3.333,
				-1,
				4.167,
				-1,
				5,
				-1
			]
		},
		{
			"Target": "Parameter",
			"Id": "Param_Angle_Rotation_2_ArtMesh29",
			"Segments": [
				0,
				-10.443,
				1,
				0.1,
				-10.443,
				0.2,
				-11,
				0.3,
				-11,
				1,
				1.133,
				-11,
				1.967,
				3,
				2.8,
				3,
				1,
				3.533,
				3,
				4.267,
				-10.443,
				5,
				-10.443
			]
		},
		{
			"Target": "Parameter",
			"Id": "Param_Angle_Rotation_3_ArtMesh29",
			"Segments": [
				0,
				-16.441,
				1,
				0.222,
				-16.441,
				0.444,
				-21,
				0.667,
				-21,
				1,
				1.5,
				-21,
				2.333,
				5,
				3.167,
				5,
				1,
				3.778,
				5,
				4.389,
				-16.441,
				5,
				-16.441
			]
		},
		{
			"Target": "Parameter",
			"Id": "Param_Angle_Rotation_1_ArtMesh30",
			"Segments": [
				0,
				0,
				1,
				0.833,
				0,
				1.667,
				0,
				2.5,
				0,
				1,
				3.333,
				0,
				4.167,
				0,
				5,
				0
			]
		},
		{
			"Target": "Parameter",
			"Id": "Param_Angle_Rotation_2_ArtMesh30",
			"Segments": [
				0,
				-2.926,
				1,
				0.044,
				-2.926,
				0.089,
				-3,
				0.133,
				-3,
				1,
				0.967,
				-3,
				1.8,
				6,
				2.633,
				6,
				1,
				3.422,
				6,
				4.211,
				-2.926,
				5,
				-2.926
			]
		},
		{
			"Target": "Parameter",
			"Id": "Param_Angle_Rotation_3_ArtMesh30",
			"Segments": [
				0,
				-3.563,
				1,
				0.111,
				-3.563,
				0.222,
				-4,
				0.333,
				-4,
				1,
				1.167,
				-4,
				2,
				5,
				2.833,
				5,
				1,
				3.556,
				5,
				4.278,
				-3.563,
				5,
				-3.563
			]
		},
		{
			"Target": "Parameter",
			"Id": "Param_Angle_Rotation_4_ArtMesh30",
			"Segments": [
				0,
				-4,
				1,
				0.2,
				-4,
				0.4,
				-4,
				0.6,
				-4,
				1,
				1.433,
				-4,
				2.267,
				-4,
				3.1,
				-4,
				1,
				3.733,
				-4,
				4.367,
				-4,
				5,
				-4
			]
		},
		{
			"Target": "Parameter",
			"Id": "Param_Angle_Rotation_5_ArtMesh30",
			"Segments": [
				0,
				-13,
				1,
				0.289,
				-13,
				0.578,
				-13,
				0.867,
				-13,
				1,
				1.7,
				-13,
				2.533,
				-13,
				3.367,
				-13,
				1,
				3.911,
				-13,
				4.456,
				-13,
				5,
				-13
			]
		},
		{
			"Target": "Parameter",
			"Id": "Param_Angle_Rotation_1_ArtMesh31",
			"Segments": [
				0,
				0,
				1,
				0.833,
				0,
				1.667,
				0,
				2.5,
				0,
				1,
				3.333,
				0,
				4.167,
				0,
				5,
				0
			]
		},
		{
			"Target": "Parameter",
			"Id": "Param_Angle_Rotation_2_ArtMesh31",
			"Segments": [
				0,
				-1.642,
				1,
				0.1,
				-1.642,
				0.2,
				-2,
				0.3,
				-2,
				1,
				1.133,
				-2,
				1.967,
				7,
				2.8,
				7,
				1,
				3.533,
				7,
				4.267,
				-1.642,
				5,
				-1.642
			]
		},
		{
			"Target": "Parameter",
			"Id": "Param_Angle_Rotation_3_ArtMesh31",
			"Segments": [
				0,
				-7.226,
				1,
				0.2,
				-7.226,
				0.4,
				-11,
				0.6,
				-11,
				1,
				1.433,
				-11,
				2.267,
				15,
				3.1,
				15,
				1,
				3.733,
				15,
				4.367,
				-7.226,
				5,
				-7.226
			]
		},
		{
			"Target": "Parameter",
			"Id": "Param_Angle_Rotation_1_ArtMesh37",
			"Segments": [
				0,
				0,
				1,
				0.833,
				0,
				1.667,
				0,
				2.5,
				0,
				1,
				3.333,
				0,
				4.167,
				0,
				5,
				0
			]
		},
		{
			"Target": "Parameter",
			"Id": "Param_Angle_Rotation_2_ArtMesh37",
			"Segments": [
				0,
				-7.363,
				1,
				0.1,
				-7.363,
				0.2,
				-8,
				0.3,
				-8,
				1,
				1.133,
				-8,
				1.967,
				8,
				2.8,
				8,
				1,
				3.533,
				8,
				4.267,
				-7.363,
				5,
				-7.363
			]
		},
		{
			"Target": "Parameter",
			"Id": "Param_Angle_Rotation_3_ArtMesh37",
			"Segments": [
				0,
				-4.798,
				1,
				0.211,
				-4.798,
				0.422,
				-8,
				0.633,
				-8,
				1,
				1.467,
				-8,
				2.3,
				12,
				3.133,
				12,
				1,
				3.756,
				12,
				4.378,
				-4.798,
				5,
				-4.798
			]
		},
		{
			"Target": "Parameter",
			"Id": "Param_Angle_Rotation_1_ArtMesh38",
			"Segments": [
				0,
				0,
				1,
				0.833,
				0,
				1.667,
				0,
				2.5,
				0,
				1,
				3.333,
				0,
				4.167,
				0,
				5,
				0
			]
		},
		{
			"Target": "Parameter",
			"Id": "Param_Angle_Rotation_2_ArtMesh38",
			"Segments": [
				0,
				-4.417,
				1,
				0.111,
				-4.417,
				0.222,
				-5,
				0.333,
				-5,
				1,
				1.167,
				-5,
				2,
				7,
				2.833,
				7,
				1,
				3.556,
				7,
				4.278,
				-4.417,
				5,
				-4.417
			]
		},
		{
			"Target": "Parameter",
			"Id": "Param_Angle_Rotation_3_ArtMesh38",
			"Segments": [
				0,
				-3.545,
				1,
				0.222,
				-3.545,
				0.444,
				-6,
				0.667,
				-6,
				1,
				1.5,
				-6,
				2.333,
				8,
				3.167,
				8,
				1,
				3.778,
				8,
				4.389,
				-3.545,
				5,
				-3.545
			]
		},
		{
			"Target": "Parameter",
			"Id": "Param_Angle_Rotation_1_ArtMesh39",
			"Segments": [
				0,
				0,
				1,
				0.833,
				0,
				1.667,
				0,
				2.5,
				0,
				1,
				3.333,
				0,
				4.167,
				0,
				5,
				0
			]
		},
		{
			"Target": "Parameter",
			"Id": "Param_Angle_Rotation_2_ArtMesh39",
			"Segments": [
				0,
				6.588,
				1,
				0.089,
				6.588,
				0.178,
				7,
				0.267,
				7,
				1,
				1.1,
				7,
				1.933,
				-6,
				2.767,
				-6,
				1,
				3.511,
				-6,
				4.256,
				6.588,
				5,
				6.588
			]
		},
		{
			"Target": "Parameter",
			"Id": "Param_Angle_Rotation_3_ArtMesh39",
			"Segments": [
				0,
				13.677,
				1,
				0.211,
				13.677,
				0.422,
				18,
				0.633,
				18,
				1,
				1.467,
				18,
				2.3,
				-9,
				3.133,
				-9,
				1,
				3.756,
				-9,
				4.378,
				13.677,
				5,
				13.677
			]
		},
		{
			"Target": "Parameter",
			"Id": "Param_Angle_Rotation_1_ArtMesh40",
			"Segments": [
				0,
				0,
				1,
				0.833,
				0,
				1.667,
				0,
				2.5,
				0,
				1,
				3.333,
				0,
				4.167,
				0,
				5,
				0
			]
		},
		{
			"Target": "Parameter",
			"Id": "Param_Angle_Rotation_2_ArtMesh40",
			"Segments": [
				0,
				-7.584,
				1,
				0.078,
				-7.584,
				0.156,
				-8,
				0.233,
				-8,
				1,
				1.067,
				-8,
				1.9,
				9,
				2.733,
				9,
				1,
				3.489,
				9,
				4.244,
				-7.584,
				5,
				-7.584
			]
		},
		{
			"Target": "Parameter",
			"Id": "Param_Angle_Rotation_3_ArtMesh40",
			"Segments": [
				0,
				-8.713,
				1,
				0.167,
				-8.713,
				0.333,
				-11,
				0.5,
				-11,
				1,
				1.333,
				-11,
				2.167,
				11,
				3,
				11,
				1,
				3.667,
				11,
				4.333,
				-8.713,
				5,
				-8.713
			]
		},
		{
			"Target": "Parameter",
			"Id": "Param_Angle_Rotation_1_ArtMesh41",
			"Segments": [
				0,
				0,
				1,
				0.833,
				0,
				1.667,
				0,
				2.5,
				0,
				1,
				3.333,
				0,
				4.167,
				0,
				5,
				0
			]
		},
		{
			"Target": "Parameter",
			"Id": "Param_Angle_Rotation_2_ArtMesh41",
			"Segments": [
				0,
				-3.619,
				1,
				0.089,
				-3.619,
				0.178,
				-4,
				0.267,
				-4,
				1,
				1.1,
				-4,
				1.933,
				8,
				2.767,
				8,
				1,
				3.511,
				8,
				4.256,
				-3.619,
				5,
				-3.619
			]
		},
		{
			"Target": "Parameter",
			"Id": "Param_Angle_Rotation_3_ArtMesh41",
			"Segments": [
				0,
				-12.209,
				1,
				0.189,
				-12.209,
				0.378,
				-16,
				0.567,
				-16,
				1,
				1.4,
				-16,
				2.233,
				13,
				3.067,
				13,
				1,
				3.711,
				13,
				4.356,
				-12.209,
				5,
				-12.209
			]
		},
		{
			"Target": "Parameter",
			"Id": "Param_Angle_Rotation_1_ArtMesh42",
			"Segments": [
				0,
				0,
				1,
				0.833,
				0,
				1.667,
				0,
				2.5,
				0,
				1,
				3.333,
				0,
				4.167,
				0,
				5,
				0
			]
		},
		{
			"Target": "Parameter",
			"Id": "Param_Angle_Rotation_2_ArtMesh42",
			"Segments": [
				0,
				-7.657,
				1,
				0.078,
				-7.657,
				0.156,
				-8,
				0.233,
				-8,
				1,
				1.067,
				-8,
				1.9,
				6,
				2.733,
				6,
				1,
				3.489,
				6,
				4.244,
				-7.657,
				5,
				-7.657
			]
		},
		{
			"Target": "Parameter",
			"Id": "Param_Angle_Rotation_3_ArtMesh42",
			"Segments": [
				0,
				-6.039,
				1,
				0.189,
				-6.039,
				0.378,
				-8,
				0.567,
				-8,
				1,
				1.4,
				-8,
				2.233,
				7,
				3.067,
				7,
				1,
				3.711,
				7,
				4.356,
				-6.039,
				5,
				-6.039
			]
		},
		{
			"Target": "Parameter",
			"Id": "Param_Angle_Rotation_1_ArtMesh43",
			"Segments": [
				0,
				0,
				1,
				0.833,
				0,
				1.667,
				0,
				2.5,
				0,
				1,
				3.333,
				0,
				4.167,
				0,
				5,
				0
			]
		},
		{
			"Target": "Parameter",
			"Id": "Param_Angle_Rotation_2_ArtMesh43",
			"Segments": [
				0,
				-2.86,
				1,
				0.056,
				-2.86,
				0.111,
				-3,
				0.167,
				-3,
				1,
				1,
				-3,
				1.833,
				8,
				2.667,
				8,
				1,
				3.444,
				8,
				4.222,
				-2.86,
				5,
				-2.86
			]
		},
		{
			"Target": "Parameter",
			"Id": "Param_Angle_Rotation_3_ArtMesh43",
			"Segments": [
				0,
				-6.972,
				1,
				0.133,
				-6.972,
				0.267,
				-8,
				0.4,
				-8,
				1,
				1.233,
				-8,
				2.067,
				7,
				2.9,
				7,
				1,
				3.6,
				7,
				4.3,
				-6.972,
				5,
				-6.972
			]
		},
		{
			"Target": "Parameter",
			"Id": "Param_Angle_Rotation_1_ArtMesh44",
			"Segments": [
				0,
				0,
				1,
				0.833,
				0,
				1.667,
				0,
				2.5,
				0,
				1,
				3.333,
				0,
				4.167,
				0,
				5,
				0
			]
		},
		{
			"Target": "Parameter",
			"Id": "Param_Angle_Rotation_2_ArtMesh44",
			"Segments": [
				0,
				-11.524,
				1,
				0.089,
				-11.524,
				0.178,
				-12,
				0.267,
				-12,
				1,
				1.1,
				-12,
				1.933,
				3,
				2.767,
				3,
				1,
				3.511,
				3,
				4.256,
				-11.524,
				5,
				-11.524
			]
		},
		{
			"Target": "Parameter",
			"Id": "Param_Angle_Rotation_3_ArtMesh44",
			"Segments": [
				0,
				-6.968,
				1,
				0.2,
				-6.968,
				0.4,
				-9,
				0.6,
				-9,
				1,
				1.433,
				-9,
				2.267,
				5,
				3.1,
				5,
				1,
				3.733,
				5,
				4.367,
				-6.968,
				5,
				-6.968
			]
		}
	]
}