{
	"Version": 3,
	"Parameters": [
		{
			"Id": "Param5",
			"GroupId": "ParamGroup17",
			"Name": "キラキラ1"
		},
		{
			"Id": "Param6",
			"GroupId": "ParamGroup17",
			"Name": "キラキラ2"
		},
		{
			"Id": "Param7",
			"GroupId": "ParamGroup17",
			"Name": "キラキラ3"
		},
		{
			"Id": "Param8",
			"GroupId": "ParamGroup17",
			"Name": "キラキラ4"
		},
		{
			"Id": "Param9",
			"GroupId": "ParamGroup17",
			"Name": "キラキラ5"
		},
		{
			"Id": "Param10",
			"GroupId": "ParamGroup17",
			"Name": "キラキラ6"
		},
		{
			"Id": "Param11",
			"GroupId": "ParamGroup17",
			"Name": "キラキラ7"
		},
		{
			"Id": "Param12",
			"GroupId": "ParamGroup17",
			"Name": "キラキラ8"
		},
		{
			"Id": "Param13",
			"GroupId": "ParamGroup17",
			"Name": "キラキラ9"
		},
		{
			"Id": "Param14",
			"GroupId": "ParamGroup17",
			"Name": "キラキラ10"
		},
		{
			"Id": "Param15",
			"GroupId": "ParamGroup17",
			"Name": "キラキラ11"
		},
		{
			"Id": "Param16",
			"GroupId": "ParamGroup17",
			"Name": "キラキラ12"
		},
		{
			"Id": "Param17",
			"GroupId": "ParamGroup17",
			"Name": "キラキラ13"
		},
		{
			"Id": "Param18",
			"GroupId": "ParamGroup17",
			"Name": "エフェクト1"
		},
		{
			"Id": "Param19",
			"GroupId": "ParamGroup17",
			"Name": "エフェクト2"
		},
		{
			"Id": "Param20",
			"GroupId": "ParamGroup17",
			"Name": "エフェクト3"
		},
		{
			"Id": "ParamEyeLOpen",
			"GroupId": "",
			"Name": "左目　開閉"
		},
		{
			"Id": "ParamEyeROpen",
			"GroupId": "",
			"Name": "右目　開閉"
		},
		{
			"Id": "Param",
			"GroupId": "",
			"Name": "ハイライト大小"
		},
		{
			"Id": "Param2",
			"GroupId": "",
			"Name": "ハイライト"
		},
		{
			"Id": "Param3",
			"GroupId": "",
			"Name": "ハイライト"
		},
		{
			"Id": "ParamBreath",
			"GroupId": "",
			"Name": "呼吸"
		},
		{
			"Id": "Param4",
			"GroupId": "",
			"Name": "胸"
		},
		{
			"Id": "Param_Angle_Rotation_1_ArtMesh24",
			"GroupId": "ParamGroup",
			"Name": "[0]紐"
		},
		{
			"Id": "Param_Angle_Rotation_2_ArtMesh24",
			"GroupId": "ParamGroup",
			"Name": "[1]紐"
		},
		{
			"Id": "Param_Angle_Rotation_3_ArtMesh24",
			"GroupId": "ParamGroup",
			"Name": "[2]紐"
		},
		{
			"Id": "Param_Angle_Rotation_4_ArtMesh24",
			"GroupId": "ParamGroup",
			"Name": "[3]紐"
		},
		{
			"Id": "Param_Angle_Rotation_5_ArtMesh24",
			"GroupId": "ParamGroup",
			"Name": "[4]紐"
		},
		{
			"Id": "Param_Angle_Rotation_1_ArtMesh25",
			"GroupId": "ParamGroup2",
			"Name": "[0]羽1"
		},
		{
			"Id": "Param_Angle_Rotation_2_ArtMesh25",
			"GroupId": "ParamGroup2",
			"Name": "[1]羽1"
		},
		{
			"Id": "Param_Angle_Rotation_3_ArtMesh25",
			"GroupId": "ParamGroup2",
			"Name": "[2]羽1"
		},
		{
			"Id": "Param_Angle_Rotation_1_ArtMesh26",
			"GroupId": "ParamGroup3",
			"Name": "[0]羽2"
		},
		{
			"Id": "Param_Angle_Rotation_2_ArtMesh26",
			"GroupId": "ParamGroup3",
			"Name": "[1]羽2"
		},
		{
			"Id": "Param_Angle_Rotation_3_ArtMesh26",
			"GroupId": "ParamGroup3",
			"Name": "[2]羽2"
		},
		{
			"Id": "Param_Angle_Rotation_1_ArtMesh27",
			"GroupId": "ParamGroup4",
			"Name": "[0]羽3"
		},
		{
			"Id": "Param_Angle_Rotation_2_ArtMesh27",
			"GroupId": "ParamGroup4",
			"Name": "[1]羽3"
		},
		{
			"Id": "Param_Angle_Rotation_3_ArtMesh27",
			"GroupId": "ParamGroup4",
			"Name": "[2]羽3"
		},
		{
			"Id": "Param_Angle_Rotation_1_ArtMesh28",
			"GroupId": "ParamGroup5",
			"Name": "[0]羽4"
		},
		{
			"Id": "Param_Angle_Rotation_2_ArtMesh28",
			"GroupId": "ParamGroup5",
			"Name": "[1]羽4"
		},
		{
			"Id": "Param_Angle_Rotation_3_ArtMesh28",
			"GroupId": "ParamGroup5",
			"Name": "[2]羽4"
		},
		{
			"Id": "Param_Angle_Rotation_1_ArtMesh29",
			"GroupId": "ParamGroup6",
			"Name": "[0]前髪1"
		},
		{
			"Id": "Param_Angle_Rotation_2_ArtMesh29",
			"GroupId": "ParamGroup6",
			"Name": "[1]前髪1"
		},
		{
			"Id": "Param_Angle_Rotation_3_ArtMesh29",
			"GroupId": "ParamGroup6",
			"Name": "[2]前髪1"
		},
		{
			"Id": "Param_Angle_Rotation_1_ArtMesh30",
			"GroupId": "ParamGroup7",
			"Name": "[0]前髪2"
		},
		{
			"Id": "Param_Angle_Rotation_2_ArtMesh30",
			"GroupId": "ParamGroup7",
			"Name": "[1]前髪2"
		},
		{
			"Id": "Param_Angle_Rotation_3_ArtMesh30",
			"GroupId": "ParamGroup7",
			"Name": "[2]前髪2"
		},
		{
			"Id": "Param_Angle_Rotation_4_ArtMesh30",
			"GroupId": "ParamGroup7",
			"Name": "[3]前髪2"
		},
		{
			"Id": "Param_Angle_Rotation_5_ArtMesh30",
			"GroupId": "ParamGroup7",
			"Name": "[4]前髪2"
		},
		{
			"Id": "Param_Angle_Rotation_1_ArtMesh31",
			"GroupId": "ParamGroup8",
			"Name": "[0]前髪3"
		},
		{
			"Id": "Param_Angle_Rotation_2_ArtMesh31",
			"GroupId": "ParamGroup8",
			"Name": "[1]前髪3"
		},
		{
			"Id": "Param_Angle_Rotation_3_ArtMesh31",
			"GroupId": "ParamGroup8",
			"Name": "[2]前髪3"
		},
		{
			"Id": "Param_Angle_Rotation_1_ArtMesh37",
			"GroupId": "ParamGroup9",
			"Name": "[0]後ろ髪1"
		},
		{
			"Id": "Param_Angle_Rotation_2_ArtMesh37",
			"GroupId": "ParamGroup9",
			"Name": "[1]後ろ髪1"
		},
		{
			"Id": "Param_Angle_Rotation_3_ArtMesh37",
			"GroupId": "ParamGroup9",
			"Name": "[2]後ろ髪1"
		},
		{
			"Id": "Param_Angle_Rotation_1_ArtMesh38",
			"GroupId": "ParamGroup10",
			"Name": "[0]後ろ髪2"
		},
		{
			"Id": "Param_Angle_Rotation_2_ArtMesh38",
			"GroupId": "ParamGroup10",
			"Name": "[1]後ろ髪2"
		},
		{
			"Id": "Param_Angle_Rotation_3_ArtMesh38",
			"GroupId": "ParamGroup10",
			"Name": "[2]後ろ髪2"
		},
		{
			"Id": "Param_Angle_Rotation_1_ArtMesh39",
			"GroupId": "ParamGroup11",
			"Name": "[0]後ろ髪3"
		},
		{
			"Id": "Param_Angle_Rotation_2_ArtMesh39",
			"GroupId": "ParamGroup11",
			"Name": "[1]後ろ髪3"
		},
		{
			"Id": "Param_Angle_Rotation_3_ArtMesh39",
			"GroupId": "ParamGroup11",
			"Name": "[2]後ろ髪3"
		},
		{
			"Id": "Param_Angle_Rotation_1_ArtMesh40",
			"GroupId": "ParamGroup12",
			"Name": "[0]後ろ髪4"
		},
		{
			"Id": "Param_Angle_Rotation_2_ArtMesh40",
			"GroupId": "ParamGroup12",
			"Name": "[1]後ろ髪4"
		},
		{
			"Id": "Param_Angle_Rotation_3_ArtMesh40",
			"GroupId": "ParamGroup12",
			"Name": "[2]後ろ髪4"
		},
		{
			"Id": "Param_Angle_Rotation_1_ArtMesh41",
			"GroupId": "ParamGroup13",
			"Name": "[0]後ろ髪5"
		},
		{
			"Id": "Param_Angle_Rotation_2_ArtMesh41",
			"GroupId": "ParamGroup13",
			"Name": "[1]後ろ髪5"
		},
		{
			"Id": "Param_Angle_Rotation_3_ArtMesh41",
			"GroupId": "ParamGroup13",
			"Name": "[2]後ろ髪5"
		},
		{
			"Id": "Param_Angle_Rotation_1_ArtMesh42",
			"GroupId": "ParamGroup14",
			"Name": "[0]後ろ髪6"
		},
		{
			"Id": "Param_Angle_Rotation_2_ArtMesh42",
			"GroupId": "ParamGroup14",
			"Name": "[1]後ろ髪6"
		},
		{
			"Id": "Param_Angle_Rotation_3_ArtMesh42",
			"GroupId": "ParamGroup14",
			"Name": "[2]後ろ髪6"
		},
		{
			"Id": "Param_Angle_Rotation_1_ArtMesh43",
			"GroupId": "ParamGroup15",
			"Name": "[0]後ろ髪7"
		},
		{
			"Id": "Param_Angle_Rotation_2_ArtMesh43",
			"GroupId": "ParamGroup15",
			"Name": "[1]後ろ髪7"
		},
		{
			"Id": "Param_Angle_Rotation_3_ArtMesh43",
			"GroupId": "ParamGroup15",
			"Name": "[2]後ろ髪7"
		},
		{
			"Id": "Param_Angle_Rotation_1_ArtMesh44",
			"GroupId": "ParamGroup16",
			"Name": "[0]後ろ髪8"
		},
		{
			"Id": "Param_Angle_Rotation_2_ArtMesh44",
			"GroupId": "ParamGroup16",
			"Name": "[1]後ろ髪8"
		},
		{
			"Id": "Param_Angle_Rotation_3_ArtMesh44",
			"GroupId": "ParamGroup16",
			"Name": "[2]後ろ髪8"
		}
	],
	"ParameterGroups": [
		{
			"Id": "ParamGroup17",
			"GroupId": "",
			"Name": "エフェクト"
		},
		{
			"Id": "ParamGroup",
			"GroupId": "",
			"Name": "紐"
		},
		{
			"Id": "ParamGroup2",
			"GroupId": "",
			"Name": "羽1"
		},
		{
			"Id": "ParamGroup3",
			"GroupId": "",
			"Name": "羽2"
		},
		{
			"Id": "ParamGroup4",
			"GroupId": "",
			"Name": "羽3"
		},
		{
			"Id": "ParamGroup5",
			"GroupId": "",
			"Name": "羽4"
		},
		{
			"Id": "ParamGroup6",
			"GroupId": "",
			"Name": "前髪1"
		},
		{
			"Id": "ParamGroup7",
			"GroupId": "",
			"Name": "前髪2"
		},
		{
			"Id": "ParamGroup8",
			"GroupId": "",
			"Name": "前髪3"
		},
		{
			"Id": "ParamGroup9",
			"GroupId": "",
			"Name": "後ろ髪1"
		},
		{
			"Id": "ParamGroup10",
			"GroupId": "",
			"Name": "後ろ髪2"
		},
		{
			"Id": "ParamGroup11",
			"GroupId": "",
			"Name": "後ろ髪3"
		},
		{
			"Id": "ParamGroup12",
			"GroupId": "",
			"Name": "後ろ髪4"
		},
		{
			"Id": "ParamGroup13",
			"GroupId": "",
			"Name": "後ろ髪5"
		},
		{
			"Id": "ParamGroup14",
			"GroupId": "",
			"Name": "後ろ髪6"
		},
		{
			"Id": "ParamGroup15",
			"GroupId": "",
			"Name": "後ろ髪7"
		},
		{
			"Id": "ParamGroup16",
			"GroupId": "",
			"Name": "後ろ髪8"
		}
	],
	"Parts": [
		{
			"Id": "ArtMesh24_Skinning",
			"Name": "紐(スキニング)"
		},
		{
			"Id": "Part",
			"Name": "紐(回転)"
		},
		{
			"Id": "ArtMesh25_Skinning",
			"Name": "羽1(スキニング)"
		},
		{
			"Id": "Part2",
			"Name": "羽1(回転)"
		},
		{
			"Id": "ArtMesh26_Skinning",
			"Name": "羽2(スキニング)"
		},
		{
			"Id": "Part3",
			"Name": "羽2(回転)"
		},
		{
			"Id": "ArtMesh27_Skinning",
			"Name": "羽3(スキニング)"
		},
		{
			"Id": "Part4",
			"Name": "羽3(回転)"
		},
		{
			"Id": "ArtMesh28_Skinning",
			"Name": "羽4(スキニング)"
		},
		{
			"Id": "Part5",
			"Name": "羽4(回転)"
		},
		{
			"Id": "ArtMesh29_Skinning",
			"Name": "前髪1(スキニング)"
		},
		{
			"Id": "Part6",
			"Name": "前髪1(回転)"
		},
		{
			"Id": "ArtMesh30_Skinning2",
			"Name": "前髪2(スキニング)"
		},
		{
			"Id": "Part17",
			"Name": "前髪2(回転)"
		},
		{
			"Id": "ArtMesh30_Skinning",
			"Name": "前髪2(スキニング)"
		},
		{
			"Id": "Part7",
			"Name": "前髪2(回転)"
		},
		{
			"Id": "ArtMesh31_Skinning",
			"Name": "前髪3(スキニング)"
		},
		{
			"Id": "Part8",
			"Name": "前髪3(回転)"
		},
		{
			"Id": "ArtMesh37_Skinning",
			"Name": "後ろ髪1(スキニング)"
		},
		{
			"Id": "Part9",
			"Name": "後ろ髪1(回転)"
		},
		{
			"Id": "ArtMesh38_Skinning",
			"Name": "後ろ髪2(スキニング)"
		},
		{
			"Id": "Part10",
			"Name": "後ろ髪2(回転)"
		},
		{
			"Id": "ArtMesh39_Skinning",
			"Name": "後ろ髪3(スキニング)"
		},
		{
			"Id": "Part11",
			"Name": "後ろ髪3(回転)"
		},
		{
			"Id": "ArtMesh40_Skinning",
			"Name": "後ろ髪4(スキニング)"
		},
		{
			"Id": "Part12",
			"Name": "後ろ髪4(回転)"
		},
		{
			"Id": "ArtMesh41_Skinning",
			"Name": "後ろ髪5(スキニング)"
		},
		{
			"Id": "Part13",
			"Name": "後ろ髪5(回転)"
		},
		{
			"Id": "ArtMesh42_Skinning",
			"Name": "後ろ髪6(スキニング)"
		},
		{
			"Id": "Part14",
			"Name": "後ろ髪6(回転)"
		},
		{
			"Id": "ArtMesh43_Skinning",
			"Name": "後ろ髪7(スキニング)"
		},
		{
			"Id": "Part15",
			"Name": "後ろ髪7(回転)"
		},
		{
			"Id": "ArtMesh44_Skinning",
			"Name": "後ろ髪8(スキニング)"
		},
		{
			"Id": "Part16",
			"Name": "後ろ髪8(回転)"
		}
	],
	"CombinedParameters": [
		[
			"Param2",
			"Param3"
		]
	]
}