{
	"Version": 3,
	"Meta": {
		"Duration": 6,
		"Fps": 30.0,
		"Loop": true,
		"AreBeziersRestricted": false,
		"CurveCount": 54,
		"TotalSegmentCount": 482,
		"TotalPointCount": 1500,
		"UserDataCount": 0,
		"TotalUserDataSize": 0
	},
	"Curves": [
		{
			"Target": "Parameter",
			"Id": "ParamEyeBS",
			"Segments": [
				0,
				0,
				1,
				0.033,
				0,
				0.067,
				19,
				0.1,
				19,
				1,
				0.133,
				19,
				0.167,
				-19,
				0.2,
				-19,
				1,
				0.233,
				-19,
				0.267,
				-15.48,
				0.3,
				0,
				1,
				0.333,
				15.48,
				0.367,
				30,
				0.4,
				30,
				1,
				0.433,
				30,
				0.467,
				-30,
				0.5,
				-30,
				1,
				0.533,
				-30,
				0.567,
				-12.002,
				0.6,
				0,
				1,
				0.633,
				12.002,
				0.667,
				13,
				0.7,
				13,
				1,
				0.733,
				13,
				0.767,
				-12,
				0.8,
				-12,
				1,
				0.833,
				-12,
				0.867,
				21,
				0.9,
				21,
				1,
				0.933,
				21,
				0.967,
				0,
				1,
				0,
				1,
				1.033,
				0,
				1.067,
				19,
				1.1,
				19,
				1,
				1.133,
				19,
				1.167,
				-19,
				1.2,
				-19,
				1,
				1.233,
				-19,
				1.267,
				-15.48,
				1.3,
				0,
				1,
				1.333,
				15.48,
				1.367,
				30,
				1.4,
				30,
				1,
				1.433,
				30,
				1.467,
				-30,
				1.5,
				-30,
				1,
				1.533,
				-30,
				1.567,
				-12.002,
				1.6,
				0,
				1,
				1.633,
				12.002,
				1.667,
				13,
				1.7,
				13,
				1,
				1.733,
				13,
				1.767,
				-12,
				1.8,
				-12,
				1,
				1.833,
				-12,
				1.867,
				21,
				1.9,
				21,
				1,
				1.933,
				21,
				1.967,
				0,
				2,
				0,
				1,
				2.033,
				0,
				2.067,
				19,
				2.1,
				19,
				1,
				2.133,
				19,
				2.167,
				-19,
				2.2,
				-19,
				1,
				2.233,
				-19,
				2.267,
				-15.48,
				2.3,
				0,
				1,
				2.333,
				15.48,
				2.367,
				30,
				2.4,
				30,
				1,
				2.433,
				30,
				2.467,
				-30,
				2.5,
				-30,
				1,
				2.533,
				-30,
				2.567,
				-12.002,
				2.6,
				0,
				1,
				2.633,
				12.002,
				2.667,
				13,
				2.7,
				13,
				1,
				2.733,
				13,
				2.767,
				-12,
				2.8,
				-12,
				1,
				2.833,
				-12,
				2.867,
				21,
				2.9,
				21,
				1,
				2.933,
				21,
				2.967,
				0,
				3,
				0,
				1,
				3.033,
				0,
				3.067,
				19,
				3.1,
				19,
				1,
				3.133,
				19,
				3.167,
				-19,
				3.2,
				-19,
				1,
				3.233,
				-19,
				3.267,
				-15.48,
				3.3,
				0,
				1,
				3.333,
				15.48,
				3.367,
				30,
				3.4,
				30,
				1,
				3.433,
				30,
				3.467,
				-30,
				3.5,
				-30,
				1,
				3.533,
				-30,
				3.567,
				-12.002,
				3.6,
				0,
				1,
				3.633,
				12.002,
				3.667,
				13,
				3.7,
				13,
				1,
				3.733,
				13,
				3.767,
				-12,
				3.8,
				-12,
				1,
				3.833,
				-12,
				3.867,
				21,
				3.9,
				21,
				1,
				3.933,
				21,
				3.967,
				0,
				4,
				0,
				1,
				4.033,
				0,
				4.067,
				19,
				4.1,
				19,
				1,
				4.133,
				19,
				4.167,
				-19,
				4.2,
				-19,
				1,
				4.233,
				-19,
				4.267,
				-15.48,
				4.3,
				0,
				1,
				4.333,
				15.48,
				4.367,
				30,
				4.4,
				30,
				1,
				4.433,
				30,
				4.467,
				-30,
				4.5,
				-30,
				1,
				4.533,
				-30,
				4.567,
				-12.002,
				4.6,
				0,
				1,
				4.633,
				12.002,
				4.667,
				13,
				4.7,
				13,
				1,
				4.733,
				13,
				4.767,
				-12,
				4.8,
				-12,
				1,
				4.833,
				-12,
				4.867,
				21,
				4.9,
				21,
				1,
				4.933,
				21,
				4.967,
				0,
				5,
				0,
				1,
				5.033,
				0,
				5.067,
				19,
				5.1,
				19,
				1,
				5.133,
				19,
				5.167,
				-19,
				5.2,
				-19,
				1,
				5.233,
				-19,
				5.267,
				-15.48,
				5.3,
				0,
				1,
				5.333,
				15.48,
				5.367,
				30,
				5.4,
				30,
				1,
				5.433,
				30,
				5.467,
				-30,
				5.5,
				-30,
				1,
				5.533,
				-30,
				5.567,
				-12.002,
				5.6,
				0,
				1,
				5.633,
				12.002,
				5.667,
				13,
				5.7,
				13,
				1,
				5.733,
				13,
				5.767,
				-12,
				5.8,
				-12,
				1,
				5.833,
				-12,
				5.867,
				21,
				5.9,
				21,
				1,
				5.933,
				21,
				5.967,
				0,
				6,
				0
			]
		},
		{
			"Target": "Parameter",
			"Id": "ParamEyeRL",
			"Segments": [
				0,
				0,
				1,
				0.033,
				0,
				0.067,
				-8,
				0.1,
				-8,
				1,
				0.133,
				-8,
				0.167,
				5.802,
				0.2,
				9,
				1,
				0.233,
				12.198,
				0.267,
				12,
				0.3,
				12,
				1,
				0.333,
				12,
				0.367,
				-2,
				0.4,
				-2,
				1,
				0.433,
				-2,
				0.467,
				7,
				0.5,
				7,
				1,
				0.533,
				7,
				0.567,
				7,
				0.6,
				7,
				1,
				0.633,
				7,
				0.667,
				-2.994,
				0.7,
				-7,
				1,
				0.733,
				-11.006,
				0.767,
				-11,
				0.8,
				-11,
				1,
				0.833,
				-11,
				0.867,
				-10.827,
				0.9,
				-8,
				1,
				0.933,
				-5.173,
				0.967,
				0,
				1,
				0,
				1,
				1.033,
				0,
				1.067,
				-8,
				1.1,
				-8,
				1,
				1.133,
				-8,
				1.167,
				5.802,
				1.2,
				9,
				1,
				1.233,
				12.198,
				1.267,
				12,
				1.3,
				12,
				1,
				1.333,
				12,
				1.367,
				-2,
				1.4,
				-2,
				1,
				1.433,
				-2,
				1.467,
				7,
				1.5,
				7,
				1,
				1.533,
				7,
				1.567,
				7,
				1.6,
				7,
				1,
				1.633,
				7,
				1.667,
				-2.994,
				1.7,
				-7,
				1,
				1.733,
				-11.006,
				1.767,
				-11,
				1.8,
				-11,
				1,
				1.833,
				-11,
				1.867,
				-10.827,
				1.9,
				-8,
				1,
				1.933,
				-5.173,
				1.967,
				0,
				2,
				0,
				1,
				2.033,
				0,
				2.067,
				-8,
				2.1,
				-8,
				1,
				2.133,
				-8,
				2.167,
				5.802,
				2.2,
				9,
				1,
				2.233,
				12.198,
				2.267,
				12,
				2.3,
				12,
				1,
				2.333,
				12,
				2.367,
				-2,
				2.4,
				-2,
				1,
				2.433,
				-2,
				2.467,
				7,
				2.5,
				7,
				1,
				2.533,
				7,
				2.567,
				7,
				2.6,
				7,
				1,
				2.633,
				7,
				2.667,
				-2.994,
				2.7,
				-7,
				1,
				2.733,
				-11.006,
				2.767,
				-11,
				2.8,
				-11,
				1,
				2.833,
				-11,
				2.867,
				-10.827,
				2.9,
				-8,
				1,
				2.933,
				-5.173,
				2.967,
				0,
				3,
				0,
				1,
				3.033,
				0,
				3.067,
				-8,
				3.1,
				-8,
				1,
				3.133,
				-8,
				3.167,
				5.802,
				3.2,
				9,
				1,
				3.233,
				12.198,
				3.267,
				12,
				3.3,
				12,
				1,
				3.333,
				12,
				3.367,
				-2,
				3.4,
				-2,
				1,
				3.433,
				-2,
				3.467,
				7,
				3.5,
				7,
				1,
				3.533,
				7,
				3.567,
				7,
				3.6,
				7,
				1,
				3.633,
				7,
				3.667,
				-2.994,
				3.7,
				-7,
				1,
				3.733,
				-11.006,
				3.767,
				-11,
				3.8,
				-11,
				1,
				3.833,
				-11,
				3.867,
				-10.827,
				3.9,
				-8,
				1,
				3.933,
				-5.173,
				3.967,
				0,
				4,
				0,
				1,
				4.033,
				0,
				4.067,
				-8,
				4.1,
				-8,
				1,
				4.133,
				-8,
				4.167,
				5.802,
				4.2,
				9,
				1,
				4.233,
				12.198,
				4.267,
				12,
				4.3,
				12,
				1,
				4.333,
				12,
				4.367,
				-2,
				4.4,
				-2,
				1,
				4.433,
				-2,
				4.467,
				7,
				4.5,
				7,
				1,
				4.533,
				7,
				4.567,
				7,
				4.6,
				7,
				1,
				4.633,
				7,
				4.667,
				-2.994,
				4.7,
				-7,
				1,
				4.733,
				-11.006,
				4.767,
				-11,
				4.8,
				-11,
				1,
				4.833,
				-11,
				4.867,
				-10.827,
				4.9,
				-8,
				1,
				4.933,
				-5.173,
				4.967,
				0,
				5,
				0,
				1,
				5.033,
				0,
				5.067,
				-8,
				5.1,
				-8,
				1,
				5.133,
				-8,
				5.167,
				5.802,
				5.2,
				9,
				1,
				5.233,
				12.198,
				5.267,
				12,
				5.3,
				12,
				1,
				5.333,
				12,
				5.367,
				-2,
				5.4,
				-2,
				1,
				5.433,
				-2,
				5.467,
				7,
				5.5,
				7,
				1,
				5.533,
				7,
				5.567,
				7,
				5.6,
				7,
				1,
				5.633,
				7,
				5.667,
				-2.994,
				5.7,
				-7,
				1,
				5.733,
				-11.006,
				5.767,
				-11,
				5.8,
				-11,
				1,
				5.833,
				-11,
				5.867,
				-10.827,
				5.9,
				-8,
				1,
				5.933,
				-5.173,
				5.967,
				0,
				6,
				0
			]
		},
		{
			"Target": "Parameter",
			"Id": "ParamEyeHB",
			"Segments": [
				0,
				10,
				1,
				0.033,
				10,
				0.067,
				-15,
				0.1,
				-15,
				1,
				0.133,
				-15,
				0.167,
				9,
				0.2,
				9,
				1,
				0.233,
				9,
				0.267,
				-8,
				0.3,
				-8,
				1,
				0.333,
				-8,
				0.367,
				8,
				0.4,
				8,
				1,
				0.433,
				8,
				0.467,
				-9,
				0.5,
				-9,
				1,
				0.533,
				-9,
				0.567,
				11,
				0.6,
				11,
				1,
				0.633,
				11,
				0.667,
				-10,
				0.7,
				-10,
				1,
				0.733,
				-10,
				0.767,
				-10.1,
				0.8,
				-6,
				1,
				0.833,
				-1.9,
				0.867,
				10,
				0.9,
				10,
				1,
				0.933,
				10,
				0.967,
				10,
				1,
				10,
				1,
				1.033,
				10,
				1.067,
				-15,
				1.1,
				-15,
				1,
				1.133,
				-15,
				1.167,
				9,
				1.2,
				9,
				1,
				1.233,
				9,
				1.267,
				-8,
				1.3,
				-8,
				1,
				1.333,
				-8,
				1.367,
				8,
				1.4,
				8,
				1,
				1.433,
				8,
				1.467,
				-9,
				1.5,
				-9,
				1,
				1.533,
				-9,
				1.567,
				11,
				1.6,
				11,
				1,
				1.633,
				11,
				1.667,
				-10,
				1.7,
				-10,
				1,
				1.733,
				-10,
				1.767,
				-10.1,
				1.8,
				-6,
				1,
				1.833,
				-1.9,
				1.867,
				10,
				1.9,
				10,
				1,
				1.933,
				10,
				1.967,
				10,
				2,
				10,
				1,
				2.033,
				10,
				2.067,
				-15,
				2.1,
				-15,
				1,
				2.133,
				-15,
				2.167,
				9,
				2.2,
				9,
				1,
				2.233,
				9,
				2.267,
				-8,
				2.3,
				-8,
				1,
				2.333,
				-8,
				2.367,
				8,
				2.4,
				8,
				1,
				2.433,
				8,
				2.467,
				-9,
				2.5,
				-9,
				1,
				2.533,
				-9,
				2.567,
				11,
				2.6,
				11,
				1,
				2.633,
				11,
				2.667,
				-10,
				2.7,
				-10,
				1,
				2.733,
				-10,
				2.767,
				-10.1,
				2.8,
				-6,
				1,
				2.833,
				-1.9,
				2.867,
				10,
				2.9,
				10,
				1,
				2.933,
				10,
				2.967,
				10,
				3,
				10,
				1,
				3.033,
				10,
				3.067,
				-15,
				3.1,
				-15,
				1,
				3.133,
				-15,
				3.167,
				9,
				3.2,
				9,
				1,
				3.233,
				9,
				3.267,
				-8,
				3.3,
				-8,
				1,
				3.333,
				-8,
				3.367,
				8,
				3.4,
				8,
				1,
				3.433,
				8,
				3.467,
				-9,
				3.5,
				-9,
				1,
				3.533,
				-9,
				3.567,
				11,
				3.6,
				11,
				1,
				3.633,
				11,
				3.667,
				-10,
				3.7,
				-10,
				1,
				3.733,
				-10,
				3.767,
				-10.1,
				3.8,
				-6,
				1,
				3.833,
				-1.9,
				3.867,
				10,
				3.9,
				10,
				1,
				3.933,
				10,
				3.967,
				10,
				4,
				10,
				1,
				4.033,
				10,
				4.067,
				-15,
				4.1,
				-15,
				1,
				4.133,
				-15,
				4.167,
				9,
				4.2,
				9,
				1,
				4.233,
				9,
				4.267,
				-8,
				4.3,
				-8,
				1,
				4.333,
				-8,
				4.367,
				8,
				4.4,
				8,
				1,
				4.433,
				8,
				4.467,
				-9,
				4.5,
				-9,
				1,
				4.533,
				-9,
				4.567,
				11,
				4.6,
				11,
				1,
				4.633,
				11,
				4.667,
				-10,
				4.7,
				-10,
				1,
				4.733,
				-10,
				4.767,
				-10.1,
				4.8,
				-6,
				1,
				4.833,
				-1.9,
				4.867,
				10,
				4.9,
				10,
				1,
				4.933,
				10,
				4.967,
				10,
				5,
				10,
				1,
				5.033,
				10,
				5.067,
				-15,
				5.1,
				-15,
				1,
				5.133,
				-15,
				5.167,
				9,
				5.2,
				9,
				1,
				5.233,
				9,
				5.267,
				-8,
				5.3,
				-8,
				1,
				5.333,
				-8,
				5.367,
				8,
				5.4,
				8,
				1,
				5.433,
				8,
				5.467,
				-9,
				5.5,
				-9,
				1,
				5.533,
				-9,
				5.567,
				11,
				5.6,
				11,
				1,
				5.633,
				11,
				5.667,
				-10,
				5.7,
				-10,
				1,
				5.733,
				-10,
				5.767,
				-10.1,
				5.8,
				-6,
				1,
				5.833,
				-1.9,
				5.867,
				10,
				5.9,
				10,
				1,
				5.933,
				10,
				5.967,
				10,
				6,
				10
			]
		},
		{
			"Target": "Parameter",
			"Id": "Parampai1",
			"Segments": [
				0,
				0,
				1,
				1,
				0,
				2,
				24,
				3,
				24,
				1,
				4,
				24,
				5,
				0,
				6,
				0
			]
		},
		{
			"Target": "Parameter",
			"Id": "Parampai2",
			"Segments": [
				0,
				0,
				1,
				1,
				0,
				2,
				29,
				3,
				29,
				1,
				4,
				29,
				5,
				0,
				6,
				0
			]
		},
		{
			"Target": "Parameter",
			"Id": "Parame1",
			"Segments": [
				0,
				0,
				1,
				0.089,
				0,
				0.178,
				0.1,
				0.267,
				0.1,
				1,
				0.344,
				0.1,
				0.422,
				0,
				0.5,
				0,
				1,
				0.589,
				0,
				0.678,
				0.1,
				0.767,
				0.1,
				1,
				0.844,
				0.1,
				0.922,
				0,
				1,
				0,
				1,
				1.089,
				0,
				1.178,
				0.1,
				1.267,
				0.1,
				1,
				1.344,
				0.1,
				1.422,
				0,
				1.5,
				0,
				1,
				1.589,
				0,
				1.678,
				0.1,
				1.767,
				0.1,
				1,
				1.844,
				0.1,
				1.922,
				0,
				2,
				0,
				1,
				2.089,
				0,
				2.178,
				0.1,
				2.267,
				0.1,
				1,
				2.344,
				0.1,
				2.422,
				0,
				2.5,
				0,
				1,
				2.589,
				0,
				2.678,
				0.1,
				2.767,
				0.1,
				1,
				2.844,
				0.1,
				2.922,
				0,
				3,
				0,
				1,
				3.089,
				0,
				3.178,
				0.1,
				3.267,
				0.1,
				1,
				3.344,
				0.1,
				3.422,
				0,
				3.5,
				0,
				1,
				3.589,
				0,
				3.678,
				0.1,
				3.767,
				0.1,
				1,
				3.844,
				0.1,
				3.922,
				0,
				4,
				0,
				1,
				4.089,
				0,
				4.178,
				0.1,
				4.267,
				0.1,
				1,
				4.344,
				0.1,
				4.422,
				0,
				4.5,
				0,
				1,
				4.589,
				0,
				4.678,
				0.1,
				4.767,
				0.1,
				1,
				4.844,
				0.1,
				4.922,
				0,
				5,
				0,
				1,
				5.089,
				0,
				5.178,
				0.1,
				5.267,
				0.1,
				1,
				5.344,
				0.1,
				5.422,
				0,
				5.5,
				0,
				1,
				5.589,
				0,
				5.678,
				0.1,
				5.767,
				0.1,
				1,
				5.844,
				0.1,
				5.922,
				0,
				6,
				0
			]
		},
		{
			"Target": "Parameter",
			"Id": "Parame2",
			"Segments": [
				0,
				0.8,
				1,
				0.222,
				0.8,
				0.444,
				0.7,
				0.667,
				0.7,
				1,
				0.889,
				0.7,
				1.111,
				1,
				1.333,
				1,
				1,
				1.444,
				1,
				1.556,
				0.8,
				1.667,
				0.8,
				1,
				1.778,
				0.8,
				1.889,
				0.8,
				2,
				0.8,
				1,
				2.222,
				0.8,
				2.444,
				0.7,
				2.667,
				0.7,
				1,
				2.889,
				0.7,
				3.111,
				1,
				3.333,
				1,
				1,
				3.444,
				1,
				3.556,
				0.8,
				3.667,
				0.8,
				1,
				3.778,
				0.8,
				3.889,
				0.8,
				4,
				0.8,
				1,
				4.222,
				0.8,
				4.444,
				0.7,
				4.667,
				0.7,
				1,
				4.889,
				0.7,
				5.111,
				1,
				5.333,
				1,
				1,
				5.444,
				1,
				5.556,
				0.8,
				5.667,
				0.8,
				1,
				5.778,
				0.8,
				5.889,
				0.8,
				6,
				0.8
			]
		},
		{
			"Target": "Parameter",
			"Id": "Parame3",
			"Segments": [
				0,
				30,
				1,
				0.167,
				30,
				0.333,
				-30,
				0.5,
				-30,
				1,
				0.667,
				-30,
				0.833,
				30,
				1,
				30,
				1,
				1.167,
				30,
				1.333,
				30,
				1.5,
				30,
				1,
				1.667,
				30,
				1.833,
				-30,
				2,
				-30,
				1,
				2.167,
				-30,
				2.333,
				30,
				2.5,
				30,
				1,
				2.667,
				30,
				2.833,
				30,
				3,
				30,
				1,
				3.167,
				30,
				3.333,
				-30,
				3.5,
				-30,
				1,
				3.667,
				-30,
				3.833,
				30,
				4,
				30,
				1,
				4.167,
				30,
				4.333,
				30,
				4.5,
				30,
				1,
				4.667,
				30,
				4.833,
				-30,
				5,
				-30,
				1,
				5.167,
				-30,
				5.333,
				30,
				5.5,
				30,
				1,
				5.667,
				30,
				5.833,
				30,
				6,
				30
			]
		},
		{
			"Target": "Parameter",
			"Id": "Parame4",
			"Segments": [
				0,
				30,
				1,
				0.167,
				30,
				0.333,
				-30,
				0.5,
				-30,
				1,
				0.667,
				-30,
				0.833,
				-30,
				1,
				-30,
				1,
				1.167,
				-30,
				1.333,
				30,
				1.5,
				30,
				1,
				1.667,
				30,
				1.833,
				-30,
				2,
				-30,
				1,
				2.167,
				-30,
				2.333,
				-30,
				2.5,
				-30,
				1,
				2.667,
				-30,
				2.833,
				30,
				3,
				30,
				1,
				3.167,
				30,
				3.333,
				-30,
				3.5,
				-30,
				1,
				3.667,
				-30,
				3.833,
				-30,
				4,
				-30,
				1,
				4.167,
				-30,
				4.333,
				30,
				4.5,
				30,
				1,
				4.667,
				30,
				4.833,
				-30,
				5,
				-30,
				1,
				5.167,
				-30,
				5.333,
				-30,
				5.5,
				-30,
				1,
				5.667,
				-30,
				5.833,
				30,
				6,
				30
			]
		},
		{
			"Target": "Parameter",
			"Id": "Parame5",
			"Segments": [
				0,
				0.2,
				1,
				0.333,
				0.2,
				0.667,
				1,
				1,
				1,
				1,
				1.333,
				1,
				1.667,
				0.2,
				2,
				0.2,
				1,
				2.333,
				0.2,
				2.667,
				1,
				3,
				1,
				1,
				3.333,
				1,
				3.667,
				0.2,
				4,
				0.2,
				1,
				4.333,
				0.2,
				4.667,
				1,
				5,
				1,
				1,
				5.333,
				1,
				5.667,
				0.2,
				6,
				0.2
			]
		},
		{
			"Target": "Parameter",
			"Id": "Parame6",
			"Segments": [
				0,
				1,
				1,
				0.333,
				1,
				0.667,
				0.2,
				1,
				0.2,
				1,
				1.333,
				0.2,
				1.667,
				1,
				2,
				1,
				1,
				2.333,
				1,
				2.667,
				0.2,
				3,
				0.2,
				1,
				3.333,
				0.2,
				3.667,
				1,
				4,
				1,
				1,
				4.333,
				1,
				4.667,
				0.2,
				5,
				0.2,
				1,
				5.333,
				0.2,
				5.667,
				1,
				6,
				1
			]
		},
		{
			"Target": "Parameter",
			"Id": "Parame10",
			"Segments": [
				0,
				0.6,
				1,
				0.167,
				0.6,
				0.333,
				0.2,
				0.5,
				0.2,
				1,
				0.833,
				0.2,
				1.167,
				1,
				1.5,
				1,
				1,
				1.833,
				1,
				2.167,
				0.2,
				2.5,
				0.2,
				1,
				2.833,
				0.2,
				3.167,
				1,
				3.5,
				1,
				1,
				3.833,
				1,
				4.167,
				0.2,
				4.5,
				0.2,
				1,
				4.833,
				0.2,
				5.167,
				1,
				5.5,
				1,
				1,
				5.667,
				1,
				5.833,
				0.867,
				6,
				0.6
			]
		},
		{
			"Target": "Parameter",
			"Id": "Param",
			"Segments": [
				0,
				0.941,
				1,
				0.056,
				0.941,
				0.111,
				1,
				0.167,
				1,
				1,
				0.5,
				1,
				0.833,
				0.2,
				1.167,
				0.2,
				1,
				1.5,
				0.2,
				1.833,
				1,
				2.167,
				1,
				1,
				2.5,
				1,
				2.833,
				0.2,
				3.167,
				0.2,
				1,
				3.5,
				0.2,
				3.833,
				1,
				4.167,
				1,
				1,
				4.5,
				1,
				4.833,
				0.2,
				5.167,
				0.2,
				1,
				5.444,
				0.2,
				5.722,
				0.545,
				6,
				0.941
			]
		},
		{
			"Target": "Parameter",
			"Id": "Parame7",
			"Segments": [
				0,
				0.8,
				1,
				0.111,
				0.8,
				0.222,
				0,
				0.333,
				0,
				1,
				0.444,
				0,
				0.556,
				0,
				0.667,
				0,
				1,
				0.833,
				0,
				1,
				0.5,
				1.167,
				0.5,
				1,
				1.333,
				0.5,
				1.5,
				0,
				1.667,
				0,
				1,
				1.889,
				0,
				2.111,
				0.8,
				2.333,
				0.8,
				1,
				2.778,
				0.8,
				3.222,
				0.8,
				3.667,
				0.8,
				1,
				3.778,
				0.8,
				3.889,
				0,
				4,
				0,
				1,
				4.111,
				0,
				4.222,
				0,
				4.333,
				0,
				1,
				4.5,
				0,
				4.667,
				0.5,
				4.833,
				0.5,
				1,
				5,
				0.5,
				5.167,
				0,
				5.333,
				0,
				1,
				5.556,
				0,
				5.778,
				0.8,
				6,
				0.8
			]
		},
		{
			"Target": "Parameter",
			"Id": "Parame8",
			"Segments": [
				0,
				0.094,
				1,
				0.167,
				0.094,
				0.333,
				0.6,
				0.5,
				0.6,
				1,
				0.611,
				0.6,
				0.722,
				0,
				0.833,
				0,
				1,
				0.944,
				0,
				1.056,
				0,
				1.167,
				0,
				1,
				1.333,
				0,
				1.5,
				0.3,
				1.667,
				0.3,
				1,
				1.833,
				0.3,
				2,
				0,
				2.167,
				0,
				1,
				2.389,
				0,
				2.611,
				0.6,
				2.833,
				0.6,
				1,
				3.278,
				0.6,
				3.722,
				0.6,
				4.167,
				0.6,
				1,
				4.278,
				0.6,
				4.389,
				0,
				4.5,
				0,
				1,
				4.611,
				0,
				4.722,
				0,
				4.833,
				0,
				1,
				5,
				0,
				5.167,
				0.3,
				5.333,
				0.3,
				1,
				5.5,
				0.3,
				5.667,
				0,
				5.833,
				0,
				1,
				5.889,
				0,
				5.944,
				0,
				6,
				0.094
			]
		},
		{
			"Target": "Parameter",
			"Id": "Parame9",
			"Segments": [
				0,
				0.45,
				1,
				0.111,
				0.45,
				0.222,
				0.9,
				0.333,
				0.9,
				1,
				0.444,
				0.9,
				0.556,
				0,
				0.667,
				0,
				1,
				0.778,
				0,
				0.889,
				0,
				1,
				0,
				1,
				1.167,
				0,
				1.333,
				0.6,
				1.5,
				0.6,
				1,
				1.667,
				0.6,
				1.833,
				0,
				2,
				0,
				1,
				2.222,
				0,
				2.444,
				0.9,
				2.667,
				0.9,
				1,
				3.111,
				0.9,
				3.556,
				0.9,
				4,
				0.9,
				1,
				4.111,
				0.9,
				4.222,
				0,
				4.333,
				0,
				1,
				4.444,
				0,
				4.556,
				0,
				4.667,
				0,
				1,
				4.833,
				0,
				5,
				0.6,
				5.167,
				0.6,
				1,
				5.333,
				0.6,
				5.5,
				0,
				5.667,
				0,
				1,
				5.778,
				0,
				5.889,
				0.15,
				6,
				0.45
			]
		},
		{
			"Target": "Parameter",
			"Id": "Paramk1",
			"Segments": [
				0,
				0,
				1,
				0.722,
				0,
				1.444,
				30,
				2.167,
				30,
				1,
				2.944,
				30,
				3.722,
				-30,
				4.5,
				-30,
				1,
				5,
				-30,
				5.5,
				0,
				6,
				0
			]
		},
		{
			"Target": "Parameter",
			"Id": "Paramk2",
			"Segments": [
				0,
				0,
				1,
				0.722,
				0,
				1.444,
				-30,
				2.167,
				-30,
				1,
				2.944,
				-30,
				3.722,
				14,
				4.5,
				14,
				1,
				5,
				14,
				5.5,
				0,
				6,
				0
			]
		},
		{
			"Target": "Parameter",
			"Id": "Paramk3",
			"Segments": [
				0,
				2.523,
				1,
				0.111,
				2.523,
				0.222,
				1.556,
				0.333,
				0,
				1,
				1.056,
				-10.115,
				1.778,
				-15,
				2.5,
				-15,
				1,
				3.278,
				-15,
				4.056,
				20,
				4.833,
				20,
				1,
				5.222,
				20,
				5.611,
				11.992,
				6,
				2.523
			]
		},
		{
			"Target": "Parameter",
			"Id": "Paramk4",
			"Segments": [
				0,
				3.335,
				1,
				0.222,
				3.335,
				0.444,
				1.374,
				0.667,
				0,
				1,
				1.389,
				-4.466,
				2.111,
				-6,
				2.833,
				-6,
				1,
				3.611,
				-6,
				4.389,
				8,
				5.167,
				8,
				1,
				5.444,
				8,
				5.722,
				6.288,
				6,
				3.335
			]
		},
		{
			"Target": "Parameter",
			"Id": "ParamBreath",
			"Segments": [
				0,
				0,
				1,
				1,
				0,
				2,
				1,
				3,
				1,
				1,
				4,
				1,
				5,
				0,
				6,
				0
			]
		},
		{
			"Target": "Parameter",
			"Id": "ParamEyes",
			"Segments": [
				0,
				-1,
				1,
				0.367,
				-1,
				0.733,
				-1,
				1.1,
				-1,
				1,
				1.122,
				-1,
				1.144,
				1,
				1.167,
				1,
				1,
				1.178,
				1,
				1.189,
				1,
				1.2,
				1,
				1,
				1.233,
				1,
				1.267,
				-1,
				1.3,
				-1,
				1,
				2.867,
				-1,
				4.433,
				-1,
				6,
				-1
			]
		},
		{
			"Target": "Parameter",
			"Id": "Param_Angle_Rotation3",
			"Segments": [
				0,
				2.333,
				1,
				0.278,
				2.333,
				0.556,
				1.507,
				0.833,
				0,
				1,
				1.333,
				-2.712,
				1.833,
				-4,
				2.333,
				-4,
				1,
				2.833,
				-4,
				3.333,
				-2.667,
				3.833,
				0,
				1,
				4.333,
				2.667,
				4.833,
				4,
				5.333,
				4,
				1,
				5.556,
				4,
				5.778,
				3.514,
				6,
				2.333
			]
		},
		{
			"Target": "Parameter",
			"Id": "Param_Angle_Rotation4",
			"Segments": [
				0,
				3.495,
				1,
				0.389,
				3.495,
				0.778,
				2.471,
				1.167,
				0,
				1,
				1.667,
				-3.177,
				2.167,
				-5,
				2.667,
				-5,
				1,
				3.167,
				-5,
				3.667,
				-2.963,
				4.167,
				0,
				1,
				4.667,
				2.963,
				5.167,
				4,
				5.667,
				4,
				1,
				5.778,
				4,
				5.889,
				4.042,
				6,
				3.495
			]
		},
		{
			"Target": "Parameter",
			"Id": "Param_Angle_Rotation5",
			"Segments": [
				0,
				0,
				1,
				0.5,
				0,
				1,
				0,
				1.5,
				0,
				1,
				2,
				0,
				2.5,
				-4,
				3,
				-4,
				1,
				3.5,
				-4,
				4,
				0,
				4.5,
				0,
				1,
				5,
				0,
				5.5,
				0,
				6,
				0
			]
		},
		{
			"Target": "Parameter",
			"Id": "Param_Angle_Rotation9",
			"Segments": [
				0,
				0,
				1,
				0.111,
				0,
				0.222,
				0,
				0.333,
				0,
				1,
				0.889,
				0,
				1.444,
				4,
				2,
				4,
				1,
				2.111,
				4,
				2.222,
				4,
				2.333,
				4,
				1,
				2.722,
				4,
				3.111,
				0,
				3.5,
				0,
				1,
				3.944,
				0,
				4.389,
				0,
				4.833,
				0,
				1,
				4.944,
				0,
				5.056,
				0,
				5.167,
				0,
				1,
				5.444,
				0,
				5.722,
				0,
				6,
				0
			]
		},
		{
			"Target": "Parameter",
			"Id": "Param_Angle_Rotation10",
			"Segments": [
				0,
				-2,
				1,
				0.222,
				-2,
				0.444,
				-1.046,
				0.667,
				0,
				1,
				1.278,
				2.875,
				1.889,
				4,
				2.5,
				4,
				1,
				2.944,
				4,
				3.389,
				2.501,
				3.833,
				0,
				1,
				4.333,
				-2.814,
				4.833,
				-4,
				5.333,
				-4,
				1,
				5.556,
				-4,
				5.778,
				-3.333,
				6,
				-2
			]
		},
		{
			"Target": "Parameter",
			"Id": "Param_Angle_Rotation11",
			"Segments": [
				0,
				-1.688,
				1,
				0.333,
				-1.688,
				0.667,
				-1.637,
				1,
				0,
				1,
				1.611,
				3.001,
				2.222,
				6,
				2.833,
				6,
				1,
				3.278,
				6,
				3.722,
				1.768,
				4.167,
				0,
				1,
				4.667,
				-1.989,
				5.167,
				-2,
				5.667,
				-2,
				1,
				5.778,
				-2,
				5.889,
				-2,
				6,
				-1.688
			]
		},
		{
			"Target": "Parameter",
			"Id": "Param_Angle_Rotation12",
			"Segments": [
				0,
				-2,
				1,
				0.444,
				-2,
				0.889,
				-1.628,
				1.333,
				0,
				1,
				1.944,
				2.238,
				2.556,
				4,
				3.167,
				4,
				1,
				3.611,
				4,
				4.056,
				1.603,
				4.5,
				0,
				1,
				5,
				-1.804,
				5.5,
				-2,
				6,
				-2
			]
		},
		{
			"Target": "Parameter",
			"Id": "Param_Angle_Rotation13",
			"Segments": [
				0,
				0.252,
				1,
				0.111,
				0.252,
				0.222,
				0.406,
				0.333,
				0,
				1,
				0.833,
				-1.826,
				1.333,
				-4,
				1.833,
				-4,
				1,
				2.333,
				-4,
				2.833,
				-1.777,
				3.333,
				0,
				1,
				3.833,
				1.777,
				4.333,
				2,
				4.833,
				2,
				1,
				5.222,
				2,
				5.611,
				1.209,
				6,
				0.252
			]
		},
		{
			"Target": "Parameter",
			"Id": "Param_Angle_Rotation14",
			"Segments": [
				0,
				1.166,
				1,
				0.278,
				1.166,
				0.556,
				0.963,
				0.833,
				0,
				1,
				1.333,
				-1.734,
				1.833,
				-3,
				2.333,
				-3,
				1,
				2.833,
				-3,
				3.333,
				-1.6,
				3.833,
				0,
				1,
				4.333,
				1.6,
				4.833,
				2,
				5.333,
				2,
				1,
				5.556,
				2,
				5.778,
				1.757,
				6,
				1.166
			]
		},
		{
			"Target": "Parameter",
			"Id": "Param_Angle_Rotation15",
			"Segments": [
				0,
				1.748,
				1,
				0.389,
				1.748,
				0.778,
				1.357,
				1.167,
				0,
				1,
				1.667,
				-1.744,
				2.167,
				-3,
				2.667,
				-3,
				1,
				3.167,
				-3,
				3.667,
				-1.6,
				4.167,
				0,
				1,
				4.667,
				1.6,
				5.167,
				2,
				5.667,
				2,
				1,
				5.778,
				2,
				5.889,
				2.021,
				6,
				1.748
			]
		},
		{
			"Target": "Parameter",
			"Id": "Param_Angle_Rotation16",
			"Segments": [
				0,
				2,
				1,
				0.5,
				2,
				1,
				1.6,
				1.5,
				0,
				1,
				2,
				-1.6,
				2.5,
				-3,
				3,
				-3,
				1,
				3.5,
				-3,
				4,
				-1.6,
				4.5,
				0,
				1,
				5,
				1.6,
				5.5,
				2,
				6,
				2
			]
		},
		{
			"Target": "Parameter",
			"Id": "Param_Angle_Rotation17",
			"Segments": [
				0,
				-0.259,
				1,
				0.167,
				-0.259,
				0.333,
				-0.207,
				0.5,
				0,
				1,
				1,
				0.622,
				1.5,
				1,
				2,
				1,
				1,
				2.444,
				1,
				2.889,
				0.585,
				3.333,
				0,
				1,
				3.889,
				-0.732,
				4.444,
				-1,
				5,
				-1,
				1,
				5.333,
				-1,
				5.667,
				-0.692,
				6,
				-0.259
			]
		},
		{
			"Target": "Parameter",
			"Id": "Param_Angle_Rotation18",
			"Segments": [
				0,
				-2.333,
				1,
				0.278,
				-2.333,
				0.556,
				-1.507,
				0.833,
				0,
				1,
				1.333,
				2.712,
				1.833,
				4,
				2.333,
				4,
				1,
				2.833,
				4,
				3.333,
				2.667,
				3.833,
				0,
				1,
				4.333,
				-2.667,
				4.833,
				-4,
				5.333,
				-4,
				1,
				5.556,
				-4,
				5.778,
				-3.514,
				6,
				-2.333
			]
		},
		{
			"Target": "Parameter",
			"Id": "Param_Angle_Rotation19",
			"Segments": [
				0,
				-2.622,
				1,
				0.389,
				-2.622,
				0.778,
				-1.261,
				1.167,
				0,
				1,
				1.667,
				1.621,
				2.167,
				2,
				2.667,
				2,
				1,
				3.167,
				2,
				3.667,
				1.6,
				4.167,
				0,
				1,
				4.667,
				-1.6,
				5.167,
				-3,
				5.667,
				-3,
				1,
				5.778,
				-3,
				5.889,
				-3.031,
				6,
				-2.622
			]
		},
		{
			"Target": "Parameter",
			"Id": "Param_Angle_Rotation20",
			"Segments": [
				0,
				-4,
				1,
				0.5,
				-4,
				1,
				-1.066,
				1.5,
				0,
				1,
				2,
				1.066,
				2.5,
				1,
				3,
				1,
				1,
				3.5,
				1,
				4,
				1.066,
				4.5,
				0,
				1,
				5,
				-1.066,
				5.5,
				-4,
				6,
				-4
			]
		},
		{
			"Target": "Parameter",
			"Id": "Param_Angle_Rotation21",
			"Segments": [
				0,
				-2.909,
				1,
				0.111,
				-2.909,
				0.222,
				-3,
				0.333,
				-3,
				1,
				0.833,
				-3,
				1.333,
				-2.499,
				1.833,
				0,
				1,
				2.333,
				2.499,
				2.833,
				5,
				3.333,
				5,
				1,
				3.833,
				5,
				4.333,
				1.922,
				4.833,
				0,
				1,
				5.222,
				-1.495,
				5.611,
				-2.37,
				6,
				-2.909
			]
		},
		{
			"Target": "Parameter",
			"Id": "Param_Angle_Rotation27",
			"Segments": [
				0,
				0,
				1,
				0.167,
				0,
				0.333,
				0,
				0.5,
				0,
				1,
				1,
				0,
				1.5,
				0,
				2,
				0,
				1,
				2.5,
				0,
				3,
				0,
				3.5,
				0,
				1,
				4,
				0,
				4.5,
				0,
				5,
				0,
				1,
				5.333,
				0,
				5.667,
				0,
				6,
				0
			]
		},
		{
			"Target": "Parameter",
			"Id": "Param_Angle_Rotation28",
			"Segments": [
				0,
				-1.038,
				1,
				0.167,
				-1.038,
				0.333,
				-0.964,
				0.5,
				0,
				1,
				1,
				2.893,
				1.5,
				5,
				2,
				5,
				1,
				2.5,
				5,
				3,
				2.963,
				3.5,
				0,
				1,
				4,
				-2.963,
				4.5,
				-4,
				5,
				-4,
				1,
				5.333,
				-4,
				5.667,
				-2.766,
				6,
				-1.038
			]
		},
		{
			"Target": "Parameter",
			"Id": "Param_Angle_Rotation29",
			"Segments": [
				0,
				-1.481,
				1,
				0.333,
				-1.481,
				0.667,
				-0.926,
				1,
				0,
				1,
				1.5,
				1.389,
				2,
				2,
				2.5,
				2,
				1,
				3,
				2,
				3.5,
				1.333,
				4,
				0,
				1,
				4.5,
				-1.333,
				5,
				-2,
				5.5,
				-2,
				1,
				5.667,
				-2,
				5.833,
				-1.913,
				6,
				-1.481
			]
		},
		{
			"Target": "Parameter",
			"Id": "Param_Angle_Rotation30",
			"Segments": [
				0,
				-1.931,
				1,
				0.444,
				-1.931,
				0.889,
				-1.231,
				1.333,
				0,
				1,
				1.833,
				1.385,
				2.333,
				2,
				2.833,
				2,
				1,
				3.333,
				2,
				3.833,
				1.333,
				4.333,
				0,
				1,
				4.833,
				-1.333,
				5.333,
				-2,
				5.833,
				-2,
				1,
				5.889,
				-2,
				5.944,
				-2.057,
				6,
				-1.931
			]
		},
		{
			"Target": "Parameter",
			"Id": "Param_Angle_Rotation31",
			"Segments": [
				0,
				-0.995,
				1,
				0.056,
				-0.995,
				0.111,
				-1,
				0.167,
				-1,
				1,
				0.667,
				-1,
				1.167,
				-0.889,
				1.667,
				0,
				1,
				2.167,
				0.889,
				2.667,
				2,
				3.167,
				2,
				1,
				3.667,
				2,
				4.167,
				0.603,
				4.667,
				0,
				1,
				5.111,
				-0.536,
				5.556,
				-0.848,
				6,
				-0.995
			]
		},
		{
			"Target": "Parameter",
			"Id": "Param_Angle_Rotation37",
			"Segments": [
				0,
				-2.333,
				1,
				0.278,
				-2.333,
				0.556,
				-1.507,
				0.833,
				0,
				1,
				1.333,
				2.712,
				1.833,
				4,
				2.333,
				4,
				1,
				2.833,
				4,
				3.333,
				2.667,
				3.833,
				0,
				1,
				4.333,
				-2.667,
				4.833,
				-4,
				5.333,
				-4,
				1,
				5.556,
				-4,
				5.778,
				-3.514,
				6,
				-2.333
			]
		},
		{
			"Target": "Parameter",
			"Id": "Param_Angle_Rotation38",
			"Segments": [
				0,
				-2.622,
				1,
				0.389,
				-2.622,
				0.778,
				-2.317,
				1.167,
				0,
				1,
				1.667,
				2.979,
				2.167,
				6,
				2.667,
				6,
				1,
				3.167,
				6,
				3.667,
				2.663,
				4.167,
				0,
				1,
				4.667,
				-2.663,
				5.167,
				-3,
				5.667,
				-3,
				1,
				5.778,
				-3,
				5.889,
				-3.031,
				6,
				-2.622
			]
		},
		{
			"Target": "Parameter",
			"Id": "Param_Angle_Rotation39",
			"Segments": [
				0,
				-6,
				1,
				0.5,
				-6,
				1,
				-3.636,
				1.5,
				0,
				1,
				2,
				3.636,
				2.5,
				5,
				3,
				5,
				1,
				3.5,
				5,
				4,
				3.636,
				4.5,
				0,
				1,
				5,
				-3.636,
				5.5,
				-6,
				6,
				-6
			]
		},
		{
			"Target": "Parameter",
			"Id": "Param_Angle_Rotation43",
			"Segments": [
				0,
				0,
				1,
				0.278,
				0,
				0.556,
				0,
				0.833,
				0,
				1,
				1.333,
				0,
				1.833,
				0,
				2.333,
				0,
				1,
				2.833,
				0,
				3.333,
				0,
				3.833,
				0,
				1,
				4.333,
				0,
				4.833,
				0,
				5.333,
				0,
				1,
				5.556,
				0,
				5.778,
				0,
				6,
				0
			]
		},
		{
			"Target": "Parameter",
			"Id": "Param_Angle_Rotation44",
			"Segments": [
				0,
				-3.499,
				1,
				0.278,
				-3.499,
				0.556,
				-3.582,
				0.833,
				0,
				1,
				1.333,
				6.447,
				1.833,
				14,
				2.333,
				14,
				1,
				2.833,
				14,
				3.333,
				5.56,
				3.833,
				0,
				1,
				4.333,
				-5.56,
				4.833,
				-6,
				5.333,
				-6,
				1,
				5.556,
				-6,
				5.778,
				-5.271,
				6,
				-3.499
			]
		},
		{
			"Target": "Parameter",
			"Id": "Param_Angle_Rotation45",
			"Segments": [
				0,
				-3.495,
				1,
				0.389,
				-3.495,
				0.778,
				-2.915,
				1.167,
				0,
				1,
				1.667,
				3.748,
				2.167,
				7,
				2.667,
				7,
				1,
				3.167,
				7,
				3.667,
				3.39,
				4.167,
				0,
				1,
				4.667,
				-3.39,
				5.167,
				-4,
				5.667,
				-4,
				1,
				5.778,
				-4,
				5.889,
				-4.042,
				6,
				-3.495
			]
		},
		{
			"Target": "Parameter",
			"Id": "Param_Angle_Rotation46",
			"Segments": [
				0,
				-12,
				1,
				0.5,
				-12,
				1,
				-6.387,
				1.5,
				0,
				1,
				2,
				6.387,
				2.5,
				8,
				3,
				8,
				1,
				3.5,
				8,
				4,
				6.387,
				4.5,
				0,
				1,
				5,
				-6.387,
				5.5,
				-12,
				6,
				-12
			]
		},
		{
			"Target": "Parameter",
			"Id": "Param_Angle_Rotation51",
			"Segments": [
				0,
				0,
				1,
				0.111,
				0,
				0.222,
				0,
				0.333,
				0,
				1,
				0.833,
				0,
				1.333,
				0,
				1.833,
				0,
				1,
				2.333,
				0,
				2.833,
				0,
				3.333,
				0,
				1,
				3.833,
				0,
				4.333,
				0,
				4.833,
				0,
				1,
				5.222,
				0,
				5.611,
				0,
				6,
				0
			]
		},
		{
			"Target": "Parameter",
			"Id": "Param_Angle_Rotation52",
			"Segments": [
				0,
				-0.417,
				1,
				0.222,
				-0.417,
				0.444,
				-0.439,
				0.667,
				0,
				1,
				1.167,
				0.989,
				1.667,
				2,
				2.167,
				2,
				1,
				2.667,
				2,
				3.167,
				0.889,
				3.667,
				0,
				1,
				4.167,
				-0.889,
				4.667,
				-1,
				5.167,
				-1,
				1,
				5.444,
				-1,
				5.722,
				-0.786,
				6,
				-0.417
			]
		},
		{
			"Target": "Parameter",
			"Id": "Param_Angle_Rotation53",
			"Segments": [
				0,
				-0.741,
				1,
				0.333,
				-0.741,
				0.667,
				-0.463,
				1,
				0,
				1,
				1.5,
				0.694,
				2,
				1,
				2.5,
				1,
				1,
				3,
				1,
				3.5,
				0.667,
				4,
				0,
				1,
				4.5,
				-0.667,
				5,
				-1,
				5.5,
				-1,
				1,
				5.667,
				-1,
				5.833,
				-0.957,
				6,
				-0.741
			]
		},
		{
			"Target": "Parameter",
			"Id": "Param_Angle_Rotation54",
			"Segments": [
				0,
				-0.966,
				1,
				0.444,
				-0.966,
				0.889,
				-0.616,
				1.333,
				0,
				1,
				1.833,
				0.693,
				2.333,
				1,
				2.833,
				1,
				1,
				3.333,
				1,
				3.833,
				0.667,
				4.333,
				0,
				1,
				4.833,
				-0.667,
				5.333,
				-1,
				5.833,
				-1,
				1,
				5.889,
				-1,
				5.944,
				-1.029,
				6,
				-0.966
			]
		}
	]
}