{
	"Version": 3,
	"Meta": {
		"Duration": 6,
		"Fps": 30.0,
		"Loop": true,
		"AreBeziersRestricted": false,
		"CurveCount": 97,
		"TotalSegmentCount": 641,
		"TotalPointCount": 2020,
		"UserDataCount": 0,
		"TotalUserDataSize": 0
	},
	"Curves": [
		{
			"Target": "Parameter",
			"Id": "ParamBreath",
			"Segments": [
				0,
				0.711,
				1,
				0.644,
				0.29,
				1.289,
				0,
				1.933,
				0,
				1,
				2.933,
				0,
				3.933,
				1,
				4.933,
				1,
				1,
				5.289,
				1,
				5.644,
				0.943,
				6,
				0.711
			]
		},
		{
			"Target": "Parameter",
			"Id": "ParamSkirt",
			"Segments": [
				0,
				23.047,
				1,
				0.133,
				26.698,
				0.267,
				25.407,
				0.4,
				25.407,
				1,
				1.4,
				25.407,
				2.4,
				-23.187,
				3.4,
				-23.187,
				1,
				4.267,
				-23.187,
				5.133,
				-0.68,
				6,
				23.047
			]
		},
		{
			"Target": "Parameter",
			"Id": "ParamEyes",
			"Segments": [
				0,
				-1,
				1,
				0.8,
				-1,
				1.6,
				-1,
				2.4,
				-1,
				1,
				2.444,
				-1,
				2.489,
				1,
				2.533,
				1,
				1,
				2.544,
				1,
				2.556,
				1,
				2.567,
				1,
				1,
				2.6,
				1,
				2.633,
				-1,
				2.667,
				-1,
				1,
				3.778,
				-1,
				4.889,
				-1,
				6,
				-1
			]
		},
		{
			"Target": "Parameter",
			"Id": "ParamEyeBS",
			"Segments": [
				0,
				-0.133,
				1,
				0.044,
				10.019,
				0.089,
				10.806,
				0.133,
				10.806,
				1,
				0.2,
				10.806,
				0.267,
				-21.783,
				0.333,
				-21.783,
				1,
				0.4,
				-21.783,
				0.467,
				22.539,
				0.533,
				22.539,
				1,
				0.578,
				22.539,
				0.622,
				-14.133,
				0.667,
				-14.133,
				1,
				0.722,
				-14.133,
				0.778,
				22.205,
				0.833,
				22.205,
				1,
				0.856,
				22.205,
				0.878,
				-26.114,
				0.9,
				-26.114,
				1,
				0.944,
				-26.114,
				0.989,
				16.317,
				1.033,
				16.317,
				1,
				1.133,
				16.317,
				1.233,
				-14.361,
				1.333,
				-14.361,
				1,
				1.411,
				-14.361,
				1.489,
				11.873,
				1.567,
				11.873,
				1,
				1.633,
				11.873,
				1.7,
				-25.863,
				1.767,
				-25.863,
				1,
				1.822,
				-25.863,
				1.878,
				9.327,
				1.933,
				14.317,
				1,
				2,
				20.305,
				2.067,
				20.091,
				2.133,
				20.091,
				1,
				2.189,
				20.091,
				2.244,
				-26.114,
				2.3,
				-26.114,
				1,
				2.344,
				-26.114,
				2.389,
				14.317,
				2.433,
				14.317,
				1,
				2.489,
				14.317,
				2.544,
				-15.777,
				2.6,
				-15.777,
				1,
				2.644,
				-15.777,
				2.689,
				20.091,
				2.733,
				20.091,
				1,
				2.789,
				20.091,
				2.844,
				-26.114,
				2.9,
				-26.114,
				1,
				2.933,
				-26.114,
				2.967,
				-7.747,
				3,
				-0.133,
				1,
				3.044,
				10.019,
				3.089,
				10.806,
				3.133,
				10.806,
				1,
				3.2,
				10.806,
				3.267,
				-21.783,
				3.333,
				-21.783,
				1,
				3.4,
				-21.783,
				3.467,
				22.539,
				3.533,
				22.539,
				1,
				3.578,
				22.539,
				3.622,
				-14.133,
				3.667,
				-14.133,
				1,
				3.722,
				-14.133,
				3.778,
				22.205,
				3.833,
				22.205,
				1,
				3.856,
				22.205,
				3.878,
				-26.114,
				3.9,
				-26.114,
				1,
				3.944,
				-26.114,
				3.989,
				16.317,
				4.033,
				16.317,
				1,
				4.133,
				16.317,
				4.233,
				-14.361,
				4.333,
				-14.361,
				1,
				4.411,
				-14.361,
				4.489,
				11.873,
				4.567,
				11.873,
				1,
				4.633,
				11.873,
				4.7,
				-25.863,
				4.767,
				-25.863,
				1,
				4.822,
				-25.863,
				4.878,
				9.327,
				4.933,
				14.317,
				1,
				5,
				20.305,
				5.067,
				20.091,
				5.133,
				20.091,
				1,
				5.189,
				20.091,
				5.244,
				-26.114,
				5.3,
				-26.114,
				1,
				5.344,
				-26.114,
				5.389,
				14.317,
				5.433,
				14.317,
				1,
				5.489,
				14.317,
				5.544,
				-15.777,
				5.6,
				-15.777,
				1,
				5.644,
				-15.777,
				5.689,
				20.091,
				5.733,
				20.091,
				1,
				5.789,
				20.091,
				5.844,
				-26.114,
				5.9,
				-26.114,
				1,
				5.933,
				-26.114,
				5.967,
				-7.747,
				6,
				-0.133
			]
		},
		{
			"Target": "Parameter",
			"Id": "ParamEyeRL",
			"Segments": [
				0,
				0,
				1,
				0.044,
				6.167,
				0.089,
				8.571,
				0.133,
				8.571,
				1,
				0.189,
				8.571,
				0.244,
				-1.978,
				0.3,
				-1.978,
				1,
				0.333,
				-1.978,
				0.367,
				0.824,
				0.4,
				0.824,
				1,
				0.433,
				0.824,
				0.467,
				-0.659,
				0.5,
				-0.659,
				1,
				0.578,
				-0.659,
				0.656,
				9.554,
				0.733,
				9.554,
				1,
				0.767,
				9.554,
				0.8,
				-4.615,
				0.833,
				-4.615,
				1,
				0.9,
				-4.615,
				0.967,
				-4.536,
				1.033,
				-3.626,
				1,
				1.067,
				-3.172,
				1.1,
				2.637,
				1.133,
				2.637,
				1,
				1.156,
				2.637,
				1.178,
				-4.615,
				1.2,
				-4.615,
				1,
				1.244,
				-4.615,
				1.289,
				1.813,
				1.333,
				1.813,
				1,
				1.389,
				1.813,
				1.444,
				-2.402,
				1.5,
				-2.402,
				1,
				1.578,
				-2.402,
				1.656,
				2.214,
				1.733,
				3.132,
				1,
				1.8,
				3.919,
				1.867,
				3.791,
				1.933,
				3.791,
				1,
				1.967,
				3.791,
				2,
				3.12,
				2.033,
				0.33,
				1,
				2.044,
				-0.601,
				2.056,
				-4.78,
				2.067,
				-4.78,
				1,
				2.122,
				-4.78,
				2.178,
				-3.754,
				2.233,
				-0.659,
				1,
				2.278,
				1.816,
				2.322,
				3.791,
				2.367,
				3.791,
				1,
				2.4,
				3.791,
				2.433,
				-3.791,
				2.467,
				-3.791,
				1,
				2.511,
				-3.791,
				2.556,
				2.308,
				2.6,
				2.308,
				1,
				2.633,
				2.308,
				2.667,
				-1.978,
				2.7,
				-1.978,
				1,
				2.756,
				-1.978,
				2.811,
				5.868,
				2.867,
				5.868,
				1,
				2.9,
				5.868,
				2.933,
				-3.462,
				2.967,
				-3.462,
				1,
				2.978,
				-3.462,
				2.989,
				-1.542,
				3,
				0,
				1,
				3.044,
				6.167,
				3.089,
				8.571,
				3.133,
				8.571,
				1,
				3.189,
				8.571,
				3.244,
				-1.978,
				3.3,
				-1.978,
				1,
				3.333,
				-1.978,
				3.367,
				0.824,
				3.4,
				0.824,
				1,
				3.433,
				0.824,
				3.467,
				-0.659,
				3.5,
				-0.659,
				1,
				3.578,
				-0.659,
				3.656,
				9.554,
				3.733,
				9.554,
				1,
				3.767,
				9.554,
				3.8,
				-4.615,
				3.833,
				-4.615,
				1,
				3.9,
				-4.615,
				3.967,
				-4.536,
				4.033,
				-3.626,
				1,
				4.067,
				-3.172,
				4.1,
				2.637,
				4.133,
				2.637,
				1,
				4.156,
				2.637,
				4.178,
				-4.615,
				4.2,
				-4.615,
				1,
				4.244,
				-4.615,
				4.289,
				1.813,
				4.333,
				1.813,
				1,
				4.389,
				1.813,
				4.444,
				-2.402,
				4.5,
				-2.402,
				1,
				4.578,
				-2.402,
				4.656,
				2.214,
				4.733,
				3.132,
				1,
				4.8,
				3.919,
				4.867,
				3.791,
				4.933,
				3.791,
				1,
				4.967,
				3.791,
				5,
				3.12,
				5.033,
				0.33,
				1,
				5.044,
				-0.601,
				5.056,
				-4.78,
				5.067,
				-4.78,
				1,
				5.122,
				-4.78,
				5.178,
				-3.754,
				5.233,
				-0.659,
				1,
				5.278,
				1.816,
				5.322,
				3.791,
				5.367,
				3.791,
				1,
				5.4,
				3.791,
				5.433,
				-3.791,
				5.467,
				-3.791,
				1,
				5.511,
				-3.791,
				5.556,
				2.308,
				5.6,
				2.308,
				1,
				5.633,
				2.308,
				5.667,
				-1.978,
				5.7,
				-1.978,
				1,
				5.756,
				-1.978,
				5.811,
				5.868,
				5.867,
				5.868,
				1,
				5.9,
				5.868,
				5.933,
				-3.462,
				5.967,
				-3.462,
				1,
				5.978,
				-3.462,
				5.989,
				-1.542,
				6,
				0
			]
		},
		{
			"Target": "Parameter",
			"Id": "ParamEyeHB",
			"Segments": [
				0,
				-0.165,
				1,
				0.033,
				1.467,
				0.067,
				2.022,
				0.1,
				3.626,
				1,
				0.122,
				4.696,
				0.144,
				6.593,
				0.167,
				6.593,
				1,
				0.2,
				6.593,
				0.233,
				-5.275,
				0.267,
				-5.275,
				1,
				0.311,
				-5.275,
				0.356,
				3.626,
				0.4,
				3.626,
				1,
				0.433,
				3.626,
				0.467,
				-6.758,
				0.5,
				-6.758,
				1,
				0.567,
				-6.758,
				0.633,
				11.868,
				0.7,
				11.868,
				1,
				0.744,
				11.868,
				0.789,
				-2.473,
				0.833,
				-2.473,
				1,
				0.878,
				-2.473,
				0.922,
				1.813,
				0.967,
				1.813,
				1,
				1.044,
				1.813,
				1.122,
				0.825,
				1.2,
				-1.978,
				1,
				1.233,
				-3.179,
				1.267,
				-4.451,
				1.3,
				-4.451,
				1,
				1.344,
				-4.451,
				1.389,
				4.78,
				1.433,
				4.78,
				1,
				1.467,
				4.78,
				1.5,
				-1.813,
				1.533,
				-1.813,
				1,
				1.567,
				-1.813,
				1.6,
				5.11,
				1.633,
				5.11,
				1,
				1.667,
				5.11,
				1.7,
				4.734,
				1.733,
				3.626,
				1,
				1.767,
				2.519,
				1.8,
				1.562,
				1.833,
				-0.165,
				1,
				1.856,
				-1.316,
				1.878,
				-5.275,
				1.9,
				-5.275,
				1,
				1.922,
				-5.275,
				1.944,
				-3.96,
				1.967,
				-0.495,
				1,
				2.011,
				6.437,
				2.056,
				10.385,
				2.1,
				10.385,
				1,
				2.122,
				10.385,
				2.144,
				-2.473,
				2.167,
				-2.473,
				1,
				2.189,
				-2.473,
				2.211,
				4.78,
				2.233,
				4.78,
				1,
				2.267,
				4.78,
				2.3,
				-0.165,
				2.333,
				-0.165,
				1,
				2.411,
				-0.165,
				2.489,
				5.275,
				2.567,
				5.275,
				1,
				2.622,
				5.275,
				2.678,
				5.324,
				2.733,
				4.78,
				1,
				2.778,
				4.345,
				2.822,
				-4.451,
				2.867,
				-4.451,
				1,
				2.911,
				-4.451,
				2.956,
				-2.341,
				3,
				-0.165,
				1,
				3.033,
				1.467,
				3.067,
				2.022,
				3.1,
				3.626,
				1,
				3.122,
				4.696,
				3.144,
				6.593,
				3.167,
				6.593,
				1,
				3.2,
				6.593,
				3.233,
				-5.275,
				3.267,
				-5.275,
				1,
				3.311,
				-5.275,
				3.356,
				3.626,
				3.4,
				3.626,
				1,
				3.433,
				3.626,
				3.467,
				-6.758,
				3.5,
				-6.758,
				1,
				3.567,
				-6.758,
				3.633,
				11.868,
				3.7,
				11.868,
				1,
				3.744,
				11.868,
				3.789,
				-2.473,
				3.833,
				-2.473,
				1,
				3.878,
				-2.473,
				3.922,
				1.813,
				3.967,
				1.813,
				1,
				4.044,
				1.813,
				4.122,
				0.825,
				4.2,
				-1.978,
				1,
				4.233,
				-3.179,
				4.267,
				-4.451,
				4.3,
				-4.451,
				1,
				4.344,
				-4.451,
				4.389,
				4.78,
				4.433,
				4.78,
				1,
				4.467,
				4.78,
				4.5,
				-1.813,
				4.533,
				-1.813,
				1,
				4.567,
				-1.813,
				4.6,
				5.11,
				4.633,
				5.11,
				1,
				4.667,
				5.11,
				4.7,
				4.734,
				4.733,
				3.626,
				1,
				4.767,
				2.519,
				4.8,
				1.562,
				4.833,
				-0.165,
				1,
				4.856,
				-1.316,
				4.878,
				-5.275,
				4.9,
				-5.275,
				1,
				4.922,
				-5.275,
				4.944,
				-3.96,
				4.967,
				-0.495,
				1,
				5.011,
				6.437,
				5.056,
				10.385,
				5.1,
				10.385,
				1,
				5.122,
				10.385,
				5.144,
				-2.473,
				5.167,
				-2.473,
				1,
				5.189,
				-2.473,
				5.211,
				4.78,
				5.233,
				4.78,
				1,
				5.267,
				4.78,
				5.3,
				-0.165,
				5.333,
				-0.165,
				1,
				5.411,
				-0.165,
				5.489,
				5.275,
				5.567,
				5.275,
				1,
				5.622,
				5.275,
				5.678,
				5.324,
				5.733,
				4.78,
				1,
				5.778,
				4.345,
				5.822,
				-4.451,
				5.867,
				-4.451,
				1,
				5.911,
				-4.451,
				5.956,
				-2.341,
				6,
				-0.165
			]
		},
		{
			"Target": "Parameter",
			"Id": "ParamParticleMaskX",
			"Segments": [
				0,
				0,
				1,
				0.111,
				13.107,
				0.222,
				30,
				0.333,
				30,
				1,
				0.556,
				30,
				0.778,
				-30,
				1,
				-30,
				1,
				1.222,
				-30,
				1.444,
				30,
				1.667,
				30,
				1,
				1.911,
				30,
				2.156,
				-30,
				2.4,
				-30,
				1,
				2.6,
				-30,
				2.8,
				-23.592,
				3,
				0,
				1,
				3.111,
				13.107,
				3.222,
				30,
				3.333,
				30,
				1,
				3.556,
				30,
				3.778,
				-30,
				4,
				-30,
				1,
				4.222,
				-30,
				4.444,
				30,
				4.667,
				30,
				1,
				4.911,
				30,
				5.156,
				-30,
				5.4,
				-30,
				1,
				5.6,
				-30,
				5.8,
				-23.592,
				6,
				0
			]
		},
		{
			"Target": "Parameter",
			"Id": "ParamParticleY",
			"Segments": [
				0,
				0,
				1,
				0.222,
				18.998,
				0.444,
				30,
				0.667,
				30,
				1,
				1.2,
				30,
				1.733,
				-30,
				2.267,
				-30,
				1,
				2.511,
				-30,
				2.756,
				-20.898,
				3,
				0,
				1,
				3.222,
				18.998,
				3.444,
				30,
				3.667,
				30,
				1,
				4.2,
				30,
				4.733,
				-30,
				5.267,
				-30,
				1,
				5.511,
				-30,
				5.756,
				-20.898,
				6,
				0
			]
		},
		{
			"Target": "Parameter",
			"Id": "ParamKira1",
			"Segments": [
				0,
				0,
				1,
				0.1,
				0,
				0.2,
				0,
				0.3,
				0,
				1,
				0.456,
				0,
				0.611,
				0.495,
				0.767,
				0.495,
				1,
				0.789,
				0.495,
				0.811,
				0.262,
				0.833,
				0.262,
				1,
				0.878,
				0.262,
				0.922,
				0.758,
				0.967,
				0.758,
				1,
				1.011,
				0.758,
				1.056,
				0.773,
				1.1,
				0.724,
				1,
				1.167,
				0.651,
				1.233,
				0.175,
				1.3,
				0.175,
				1,
				1.344,
				0.175,
				1.389,
				0.422,
				1.433,
				0.422,
				1,
				1.544,
				0.422,
				1.656,
				0,
				1.767,
				0,
				1,
				2,
				0,
				2.233,
				0,
				2.467,
				0,
				1,
				2.667,
				0,
				2.867,
				0.373,
				3.067,
				0.373,
				1,
				3.133,
				0.373,
				3.2,
				0.006,
				3.267,
				0.006,
				1,
				3.311,
				0.006,
				3.356,
				0.008,
				3.4,
				0.174,
				1,
				3.467,
				0.424,
				3.533,
				0.725,
				3.6,
				0.725,
				1,
				3.644,
				0.725,
				3.689,
				0.441,
				3.733,
				0.441,
				1,
				3.778,
				0.441,
				3.822,
				0.735,
				3.867,
				0.786,
				1,
				3.922,
				0.849,
				3.978,
				0.844,
				4.033,
				0.844,
				1,
				4.167,
				0.844,
				4.3,
				0.603,
				4.433,
				0.306,
				1,
				4.544,
				0.059,
				4.656,
				0,
				4.767,
				0,
				1,
				4.9,
				0,
				5.033,
				0,
				5.167,
				0,
				1,
				5.244,
				0,
				5.322,
				0.882,
				5.4,
				0.882,
				1,
				5.433,
				0.882,
				5.467,
				0.517,
				5.5,
				0.517,
				1,
				5.544,
				0.517,
				5.589,
				0.897,
				5.633,
				0.897,
				1,
				5.7,
				0.897,
				5.767,
				0,
				5.833,
				0,
				1,
				5.889,
				0,
				5.944,
				0,
				6,
				0
			]
		},
		{
			"Target": "Parameter",
			"Id": "ParamKira2",
			"Segments": [
				0,
				0,
				1,
				0.033,
				0,
				0.067,
				0,
				0.1,
				0,
				1,
				0.256,
				0,
				0.411,
				0.437,
				0.567,
				0.437,
				1,
				0.589,
				0.437,
				0.611,
				0.246,
				0.633,
				0.246,
				1,
				0.678,
				0.246,
				0.722,
				0.653,
				0.767,
				0.653,
				1,
				0.811,
				0.653,
				0.856,
				0.666,
				0.9,
				0.625,
				1,
				0.967,
				0.565,
				1.033,
				0.175,
				1.1,
				0.175,
				1,
				1.144,
				0.175,
				1.189,
				0.378,
				1.233,
				0.378,
				1,
				1.344,
				0.378,
				1.456,
				0,
				1.567,
				0,
				1,
				1.8,
				0,
				2.033,
				0,
				2.267,
				0,
				1,
				2.467,
				0,
				2.667,
				0.337,
				2.867,
				0.337,
				1,
				2.933,
				0.337,
				3,
				0.006,
				3.067,
				0.006,
				1,
				3.111,
				0.006,
				3.156,
				0.022,
				3.2,
				0.174,
				1,
				3.267,
				0.403,
				3.333,
				0.626,
				3.4,
				0.626,
				1,
				3.444,
				0.626,
				3.489,
				0.509,
				3.533,
				0.509,
				1,
				3.578,
				0.509,
				3.622,
				0.644,
				3.667,
				0.676,
				1,
				3.733,
				0.723,
				3.8,
				0.724,
				3.867,
				0.724,
				1,
				3.989,
				0.724,
				4.111,
				0.528,
				4.233,
				0.283,
				1,
				4.344,
				0.06,
				4.456,
				0,
				4.567,
				0,
				1,
				4.7,
				0,
				4.833,
				0,
				4.967,
				0,
				1,
				5.033,
				0,
				5.1,
				0.673,
				5.167,
				0.673,
				1,
				5.2,
				0.673,
				5.233,
				0.571,
				5.267,
				0.571,
				1,
				5.322,
				0.571,
				5.378,
				0.767,
				5.433,
				0.767,
				1,
				5.5,
				0.767,
				5.567,
				0,
				5.633,
				0,
				1,
				5.722,
				0,
				5.811,
				0,
				5.9,
				0,
				1,
				5.933,
				0,
				5.967,
				0,
				6,
				0
			]
		},
		{
			"Target": "Parameter",
			"Id": "ParamKira3",
			"Segments": [
				0,
				0.674,
				1,
				0.122,
				0.674,
				0.244,
				0,
				0.367,
				0,
				1,
				0.456,
				0,
				0.544,
				0,
				0.633,
				0,
				1,
				0.767,
				0,
				0.9,
				0.324,
				1.033,
				0.324,
				1,
				1.1,
				0.324,
				1.167,
				0.006,
				1.233,
				0.006,
				1,
				1.278,
				0.006,
				1.322,
				0.075,
				1.367,
				0.174,
				1,
				1.433,
				0.324,
				1.5,
				0.541,
				1.567,
				0.591,
				1,
				1.633,
				0.641,
				1.7,
				0.636,
				1.767,
				0.636,
				1,
				1.789,
				0.636,
				1.811,
				0.512,
				1.833,
				0.512,
				1,
				1.889,
				0.512,
				1.944,
				0.681,
				2,
				0.681,
				1,
				2.089,
				0.681,
				2.178,
				0.274,
				2.267,
				0.274,
				1,
				2.311,
				0.274,
				2.356,
				0.347,
				2.4,
				0.347,
				1,
				2.444,
				0.347,
				2.489,
				0,
				2.533,
				0,
				1,
				2.578,
				0,
				2.622,
				0,
				2.667,
				0,
				1,
				2.867,
				0,
				3.067,
				0.109,
				3.267,
				0.417,
				1,
				3.311,
				0.485,
				3.356,
				0.615,
				3.4,
				0.615,
				1,
				3.444,
				0.615,
				3.489,
				0.627,
				3.533,
				0.59,
				1,
				3.6,
				0.535,
				3.667,
				0.175,
				3.733,
				0.175,
				1,
				3.778,
				0.175,
				3.822,
				0.362,
				3.867,
				0.362,
				1,
				3.967,
				0.362,
				4.067,
				0,
				4.167,
				0,
				1,
				4.456,
				0,
				4.744,
				0,
				5.033,
				0,
				1,
				5.189,
				0,
				5.344,
				0.721,
				5.5,
				0.721,
				1,
				5.567,
				0.721,
				5.633,
				0,
				5.7,
				0,
				1,
				5.8,
				0,
				5.9,
				0.674,
				6,
				0.674
			]
		},
		{
			"Target": "Parameter",
			"Id": "ParamKira4",
			"Segments": [
				0,
				0,
				1,
				0.078,
				0,
				0.156,
				0,
				0.233,
				0,
				1,
				0.322,
				0,
				0.411,
				0,
				0.5,
				0,
				1,
				0.556,
				0,
				0.611,
				0.289,
				0.667,
				0.289,
				1,
				0.7,
				0.289,
				0.733,
				0.159,
				0.767,
				0.159,
				1,
				0.811,
				0.159,
				0.856,
				0.324,
				0.9,
				0.324,
				1,
				0.967,
				0.324,
				1.033,
				0.006,
				1.1,
				0.006,
				1,
				1.144,
				0.006,
				1.189,
				0.075,
				1.233,
				0.174,
				1,
				1.3,
				0.324,
				1.367,
				0.541,
				1.433,
				0.591,
				1,
				1.5,
				0.641,
				1.567,
				0.636,
				1.633,
				0.636,
				1,
				1.656,
				0.636,
				1.678,
				0.512,
				1.7,
				0.512,
				1,
				1.767,
				0.512,
				1.833,
				0.681,
				1.9,
				0.681,
				1,
				1.978,
				0.681,
				2.056,
				0.274,
				2.133,
				0.274,
				1,
				2.178,
				0.274,
				2.222,
				0.347,
				2.267,
				0.347,
				1,
				2.311,
				0.347,
				2.356,
				0,
				2.4,
				0,
				1,
				2.444,
				0,
				2.489,
				0,
				2.533,
				0,
				1,
				2.733,
				0,
				2.933,
				0.109,
				3.133,
				0.417,
				1,
				3.178,
				0.485,
				3.222,
				0.615,
				3.267,
				0.615,
				1,
				3.311,
				0.615,
				3.356,
				0.627,
				3.4,
				0.59,
				1,
				3.467,
				0.535,
				3.533,
				0.175,
				3.6,
				0.175,
				1,
				3.644,
				0.175,
				3.689,
				0.362,
				3.733,
				0.362,
				1,
				3.833,
				0.362,
				3.933,
				0,
				4.033,
				0,
				1,
				4.322,
				0,
				4.611,
				0,
				4.9,
				0,
				1,
				5.056,
				0,
				5.211,
				0.721,
				5.367,
				0.721,
				1,
				5.433,
				0.721,
				5.5,
				0,
				5.567,
				0,
				1,
				5.711,
				0,
				5.856,
				0,
				6,
				0
			]
		},
		{
			"Target": "Parameter",
			"Id": "ParamKira5",
			"Segments": [
				0,
				0.379,
				1,
				0.033,
				0.379,
				0.067,
				0.512,
				0.1,
				0.512,
				1,
				0.144,
				0.512,
				0.189,
				0.174,
				0.233,
				0.174,
				1,
				0.256,
				0.174,
				0.278,
				0.443,
				0.3,
				0.443,
				1,
				0.367,
				0.443,
				0.433,
				0.079,
				0.5,
				0.079,
				1,
				0.522,
				0.079,
				0.544,
				0.636,
				0.567,
				0.636,
				1,
				0.633,
				0.636,
				0.7,
				0.634,
				0.767,
				0.493,
				1,
				0.878,
				0.258,
				0.989,
				0,
				1.1,
				0,
				1,
				1.278,
				0,
				1.456,
				0,
				1.633,
				0,
				1,
				1.7,
				0,
				1.767,
				0.347,
				1.833,
				0.347,
				1,
				1.911,
				0.347,
				1.989,
				0,
				2.067,
				0,
				1,
				2.133,
				0,
				2.2,
				0.037,
				2.267,
				0.174,
				1,
				2.311,
				0.266,
				2.356,
				0.362,
				2.4,
				0.362,
				1,
				2.489,
				0.362,
				2.578,
				0,
				2.667,
				0,
				1,
				2.822,
				0,
				2.978,
				0,
				3.133,
				0,
				1,
				3.222,
				0,
				3.311,
				0.512,
				3.4,
				0.512,
				1,
				3.444,
				0.512,
				3.489,
				0.174,
				3.533,
				0.174,
				1,
				3.578,
				0.174,
				3.622,
				0.76,
				3.667,
				0.76,
				1,
				3.756,
				0.76,
				3.844,
				0.71,
				3.933,
				0.58,
				1,
				4.189,
				0.205,
				4.444,
				0,
				4.7,
				0,
				1,
				4.733,
				0,
				4.767,
				0.274,
				4.8,
				0.274,
				1,
				4.856,
				0.274,
				4.911,
				0,
				4.967,
				0,
				1,
				5.1,
				0,
				5.233,
				0,
				5.367,
				0,
				1,
				5.5,
				0,
				5.633,
				0.091,
				5.767,
				0.362,
				1,
				5.789,
				0.407,
				5.811,
				0.636,
				5.833,
				0.636,
				1,
				5.889,
				0.636,
				5.944,
				0.379,
				6,
				0.379
			]
		},
		{
			"Target": "Parameter",
			"Id": "ParamWindowLight1",
			"Segments": [
				0,
				0.453,
				1,
				0.211,
				0.259,
				0.422,
				0.204,
				0.633,
				0.204,
				1,
				0.8,
				0.204,
				0.967,
				0.8,
				1.133,
				0.8,
				1,
				1.256,
				0.8,
				1.378,
				0.574,
				1.5,
				0.574,
				1,
				1.589,
				0.574,
				1.678,
				0.974,
				1.767,
				0.974,
				1,
				2.044,
				0.974,
				2.322,
				0.716,
				2.6,
				0.716,
				1,
				2.856,
				0.716,
				3.111,
				0.8,
				3.367,
				0.8,
				1,
				3.6,
				0.8,
				3.833,
				0.281,
				4.067,
				0.281,
				1,
				4.356,
				0.281,
				4.644,
				1,
				4.933,
				1,
				1,
				5.289,
				1,
				5.644,
				0.781,
				6,
				0.453
			]
		},
		{
			"Target": "Parameter",
			"Id": "ParamWindowLight2",
			"Segments": [
				0,
				0.352,
				1,
				0.4,
				0.088,
				0.8,
				0,
				1.2,
				0,
				1,
				2.2,
				0,
				3.2,
				1,
				4.2,
				1,
				1,
				4.8,
				1,
				5.4,
				0.748,
				6,
				0.352
			]
		},
		{
			"Target": "Parameter",
			"Id": "ParamKira6",
			"Segments": [
				0,
				-1,
				1,
				0.1,
				-1,
				0.2,
				-1,
				0.3,
				-1,
				1,
				0.456,
				-1,
				0.611,
				-0.01,
				0.767,
				-0.01,
				1,
				0.789,
				-0.01,
				0.811,
				-0.477,
				0.833,
				-0.477,
				1,
				0.878,
				-0.477,
				0.922,
				0.515,
				0.967,
				0.515,
				1,
				1.011,
				0.515,
				1.056,
				0.546,
				1.1,
				0.448,
				1,
				1.167,
				0.302,
				1.233,
				-0.65,
				1.3,
				-0.65,
				1,
				1.344,
				-0.65,
				1.389,
				-0.155,
				1.433,
				-0.155,
				1,
				1.544,
				-0.155,
				1.656,
				-1,
				1.767,
				-1,
				1,
				2,
				-1,
				2.233,
				-1,
				2.467,
				-1,
				1,
				2.667,
				-1,
				2.867,
				-0.255,
				3.067,
				-0.255,
				1,
				3.133,
				-0.255,
				3.2,
				-0.989,
				3.267,
				-0.989,
				1,
				3.311,
				-0.989,
				3.356,
				-0.983,
				3.4,
				-0.651,
				1,
				3.467,
				-0.153,
				3.533,
				0.45,
				3.6,
				0.45,
				1,
				3.644,
				0.45,
				3.689,
				-0.118,
				3.733,
				-0.118,
				1,
				3.778,
				-0.118,
				3.822,
				0.469,
				3.867,
				0.571,
				1,
				3.922,
				0.698,
				3.978,
				0.689,
				4.033,
				0.689,
				1,
				4.167,
				0.689,
				4.3,
				0.205,
				4.433,
				-0.387,
				1,
				4.544,
				-0.881,
				4.656,
				-1,
				4.767,
				-1,
				1,
				4.9,
				-1,
				5.033,
				-1,
				5.167,
				-1,
				1,
				5.244,
				-1,
				5.322,
				0.764,
				5.4,
				0.764,
				1,
				5.433,
				0.764,
				5.467,
				0.034,
				5.5,
				0.034,
				1,
				5.544,
				0.034,
				5.589,
				0.794,
				5.633,
				0.794,
				1,
				5.7,
				0.794,
				5.767,
				-1,
				5.833,
				-1,
				1,
				5.889,
				-1,
				5.944,
				-1,
				6,
				-1
			]
		},
		{
			"Target": "Parameter",
			"Id": "ParamCircleKira1",
			"Segments": [
				0,
				0.808,
				1,
				0.111,
				0.633,
				0.222,
				0.516,
				0.333,
				0.516,
				1,
				0.511,
				0.516,
				0.689,
				0.742,
				0.867,
				0.897,
				1,
				0.967,
				0.985,
				1.067,
				0.975,
				1.167,
				0.975,
				1,
				1.256,
				0.975,
				1.344,
				0.897,
				1.433,
				0.897,
				1,
				1.611,
				0.897,
				1.789,
				0.971,
				1.967,
				0.971,
				1,
				2.011,
				0.971,
				2.056,
				0.569,
				2.1,
				0.569,
				1,
				2.144,
				0.569,
				2.189,
				0.963,
				2.233,
				0.963,
				1,
				2.333,
				0.963,
				2.433,
				0.569,
				2.533,
				0.569,
				1,
				2.733,
				0.569,
				2.933,
				0.924,
				3.133,
				0.924,
				1,
				3.189,
				0.924,
				3.244,
				0.784,
				3.3,
				0.784,
				1,
				3.378,
				0.784,
				3.456,
				0.944,
				3.533,
				0.944,
				1,
				3.778,
				0.944,
				4.022,
				0.917,
				4.267,
				0.784,
				1,
				4.344,
				0.741,
				4.422,
				0.5,
				4.5,
				0.5,
				1,
				4.567,
				0.5,
				4.633,
				0.884,
				4.7,
				0.897,
				1,
				4.9,
				0.938,
				5.1,
				0.944,
				5.3,
				0.944,
				1,
				5.378,
				0.944,
				5.456,
				0.845,
				5.533,
				0.845,
				1,
				5.622,
				0.845,
				5.711,
				0.943,
				5.8,
				0.943,
				1,
				5.867,
				0.943,
				5.933,
				0.913,
				6,
				0.808
			]
		},
		{
			"Target": "Parameter",
			"Id": "ParamCircleKira2",
			"Segments": [
				0,
				0.872,
				1,
				0.056,
				0.855,
				0.111,
				0.846,
				0.167,
				0.846,
				1,
				0.322,
				0.846,
				0.478,
				0.943,
				0.633,
				0.943,
				1,
				0.689,
				0.943,
				0.744,
				0.757,
				0.8,
				0.757,
				1,
				0.889,
				0.757,
				0.978,
				0.891,
				1.067,
				0.891,
				1,
				1.244,
				0.891,
				1.422,
				0.518,
				1.6,
				0.518,
				1,
				1.844,
				0.518,
				2.089,
				0.876,
				2.333,
				0.876,
				1,
				2.378,
				0.876,
				2.422,
				0.442,
				2.467,
				0.442,
				1,
				2.489,
				0.442,
				2.511,
				0.943,
				2.533,
				0.943,
				1,
				2.711,
				0.943,
				2.889,
				0.518,
				3.067,
				0.518,
				1,
				3.256,
				0.518,
				3.444,
				0.943,
				3.633,
				0.943,
				1,
				3.689,
				0.943,
				3.744,
				0.8,
				3.8,
				0.8,
				1,
				3.867,
				0.8,
				3.933,
				0.943,
				4,
				0.943,
				1,
				4.122,
				0.943,
				4.244,
				0.698,
				4.367,
				0.698,
				1,
				4.656,
				0.698,
				4.944,
				0.891,
				5.233,
				0.891,
				1,
				5.333,
				0.891,
				5.433,
				0.509,
				5.533,
				0.509,
				1,
				5.644,
				0.509,
				5.756,
				0.89,
				5.867,
				0.89,
				1,
				5.911,
				0.89,
				5.956,
				0.885,
				6,
				0.872
			]
		},
		{
			"Target": "Parameter",
			"Id": "ParamCircleKira3",
			"Segments": [
				0,
				0.811,
				1,
				0.067,
				0.873,
				0.133,
				0.876,
				0.2,
				0.876,
				1,
				0.244,
				0.876,
				0.289,
				0.8,
				0.333,
				0.8,
				1,
				0.356,
				0.8,
				0.378,
				0.943,
				0.4,
				0.943,
				1,
				0.578,
				0.943,
				0.756,
				0.518,
				0.933,
				0.518,
				1,
				1.122,
				0.518,
				1.311,
				0.943,
				1.5,
				0.943,
				1,
				1.556,
				0.943,
				1.611,
				0.8,
				1.667,
				0.8,
				1,
				1.733,
				0.8,
				1.8,
				0.943,
				1.867,
				0.943,
				1,
				1.989,
				0.943,
				2.111,
				0.698,
				2.233,
				0.698,
				1,
				2.522,
				0.698,
				2.811,
				0.891,
				3.1,
				0.891,
				1,
				3.2,
				0.891,
				3.3,
				0.509,
				3.4,
				0.509,
				1,
				3.511,
				0.509,
				3.622,
				0.89,
				3.733,
				0.89,
				1,
				3.833,
				0.89,
				3.933,
				0.846,
				4.033,
				0.846,
				1,
				4.189,
				0.846,
				4.344,
				0.943,
				4.5,
				0.943,
				1,
				4.556,
				0.943,
				4.611,
				0.757,
				4.667,
				0.757,
				1,
				4.756,
				0.757,
				4.844,
				0.891,
				4.933,
				0.891,
				1,
				5.111,
				0.891,
				5.289,
				0.518,
				5.467,
				0.518,
				1,
				5.644,
				0.518,
				5.822,
				0.646,
				6,
				0.811
			]
		},
		{
			"Target": "Parameter",
			"Id": "ParamCircleKira4",
			"Segments": [
				0,
				0.776,
				1,
				0.089,
				0.881,
				0.178,
				0.924,
				0.267,
				0.924,
				1,
				0.322,
				0.924,
				0.378,
				0.784,
				0.433,
				0.784,
				1,
				0.511,
				0.784,
				0.589,
				0.944,
				0.667,
				0.944,
				1,
				0.911,
				0.944,
				1.156,
				0.917,
				1.4,
				0.784,
				1,
				1.478,
				0.741,
				1.556,
				0.5,
				1.633,
				0.5,
				1,
				1.7,
				0.5,
				1.767,
				0.884,
				1.833,
				0.897,
				1,
				2.033,
				0.938,
				2.233,
				0.944,
				2.433,
				0.944,
				1,
				2.511,
				0.944,
				2.589,
				0.845,
				2.667,
				0.845,
				1,
				2.756,
				0.845,
				2.844,
				0.943,
				2.933,
				0.943,
				1,
				3.111,
				0.943,
				3.289,
				0.516,
				3.467,
				0.516,
				1,
				3.644,
				0.516,
				3.822,
				0.742,
				4,
				0.897,
				1,
				4.1,
				0.985,
				4.2,
				0.975,
				4.3,
				0.975,
				1,
				4.389,
				0.975,
				4.478,
				0.897,
				4.567,
				0.897,
				1,
				4.744,
				0.897,
				4.922,
				0.971,
				5.1,
				0.971,
				1,
				5.144,
				0.971,
				5.189,
				0.569,
				5.233,
				0.569,
				1,
				5.278,
				0.569,
				5.322,
				0.963,
				5.367,
				0.963,
				1,
				5.467,
				0.963,
				5.567,
				0.569,
				5.667,
				0.569,
				1,
				5.778,
				0.569,
				5.889,
				0.645,
				6,
				0.776
			]
		},
		{
			"Target": "Parameter",
			"Id": "ParamCircleKira5",
			"Segments": [
				0,
				0.772,
				1,
				0.044,
				0.713,
				0.089,
				0.698,
				0.133,
				0.698,
				1,
				0.422,
				0.698,
				0.711,
				0.891,
				1,
				0.891,
				1,
				1.089,
				0.891,
				1.178,
				0.213,
				1.267,
				0.213,
				1,
				1.389,
				0.213,
				1.511,
				0.89,
				1.633,
				0.89,
				1,
				1.733,
				0.89,
				1.833,
				0.846,
				1.933,
				0.846,
				1,
				2.089,
				0.846,
				2.244,
				0.943,
				2.4,
				0.943,
				1,
				2.456,
				0.943,
				2.511,
				0.757,
				2.567,
				0.757,
				1,
				2.656,
				0.757,
				2.744,
				0.891,
				2.833,
				0.891,
				1,
				3.011,
				0.891,
				3.189,
				0.518,
				3.367,
				0.518,
				1,
				3.611,
				0.518,
				3.856,
				0.876,
				4.1,
				0.876,
				1,
				4.144,
				0.876,
				4.189,
				0.698,
				4.233,
				0.698,
				1,
				4.256,
				0.698,
				4.278,
				0.943,
				4.3,
				0.943,
				1,
				4.478,
				0.943,
				4.656,
				0.518,
				4.833,
				0.518,
				1,
				5.022,
				0.518,
				5.211,
				0.943,
				5.4,
				0.943,
				1,
				5.467,
				0.943,
				5.533,
				0.698,
				5.6,
				0.698,
				1,
				5.656,
				0.698,
				5.711,
				0.943,
				5.767,
				0.943,
				1,
				5.844,
				0.943,
				5.922,
				0.873,
				6,
				0.772
			]
		},
		{
			"Target": "Parameter",
			"Id": "ParamCircleKira6",
			"Segments": [
				0,
				0.936,
				1,
				0.044,
				0.91,
				0.089,
				0.897,
				0.133,
				0.897,
				1,
				0.311,
				0.897,
				0.489,
				0.971,
				0.667,
				0.971,
				1,
				0.711,
				0.971,
				0.756,
				0.569,
				0.8,
				0.569,
				1,
				0.844,
				0.569,
				0.889,
				0.963,
				0.933,
				0.963,
				1,
				1.033,
				0.963,
				1.133,
				0.569,
				1.233,
				0.569,
				1,
				1.433,
				0.569,
				1.633,
				0.924,
				1.833,
				0.924,
				1,
				1.889,
				0.924,
				1.944,
				0.784,
				2,
				0.784,
				1,
				2.078,
				0.784,
				2.156,
				0.944,
				2.233,
				0.944,
				1,
				2.478,
				0.944,
				2.722,
				0.917,
				2.967,
				0.784,
				1,
				3.044,
				0.741,
				3.122,
				0.5,
				3.2,
				0.5,
				1,
				3.267,
				0.5,
				3.333,
				0.884,
				3.4,
				0.897,
				1,
				3.6,
				0.938,
				3.8,
				0.944,
				4,
				0.944,
				1,
				4.078,
				0.944,
				4.156,
				0.845,
				4.233,
				0.845,
				1,
				4.322,
				0.845,
				4.411,
				0.943,
				4.5,
				0.943,
				1,
				4.678,
				0.943,
				4.856,
				0.516,
				5.033,
				0.516,
				1,
				5.211,
				0.516,
				5.389,
				0.742,
				5.567,
				0.897,
				1,
				5.667,
				0.985,
				5.767,
				0.975,
				5.867,
				0.975,
				1,
				5.911,
				0.975,
				5.956,
				0.962,
				6,
				0.936
			]
		},
		{
			"Target": "Parameter",
			"Id": "ParamPaiX",
			"Segments": [
				0,
				-4.171,
				1,
				0.667,
				8.342,
				1.333,
				17.339,
				2,
				17.339,
				1,
				3,
				17.339,
				4,
				-11.695,
				5,
				-11.695,
				1,
				5.333,
				-11.695,
				5.667,
				-10.427,
				6,
				-4.171
			]
		},
		{
			"Target": "Parameter",
			"Id": "ParamPaiY",
			"Segments": [
				0,
				23.109,
				1,
				0.056,
				24.316,
				0.111,
				23.484,
				0.167,
				23.484,
				1,
				1.167,
				23.484,
				2.167,
				-18.354,
				3.167,
				-18.354,
				1,
				4.111,
				-18.354,
				5.056,
				2.589,
				6,
				23.109
			]
		},
		{
			"Target": "Parameter",
			"Id": "ParamPaiX2",
			"Segments": [
				0,
				-3.194,
				1,
				0.733,
				2.235,
				1.467,
				6.502,
				2.2,
				6.502,
				1,
				3.2,
				6.502,
				4.2,
				-5.255,
				5.2,
				-5.255,
				1,
				5.467,
				-5.255,
				5.733,
				-5.167,
				6,
				-3.194
			]
		},
		{
			"Target": "Parameter",
			"Id": "ParamPaiY2",
			"Segments": [
				0,
				3.093,
				1,
				0.222,
				3.564,
				0.444,
				3.528,
				0.667,
				3.528,
				1,
				1.667,
				3.528,
				2.667,
				0.079,
				3.667,
				0.079,
				1,
				4.444,
				0.079,
				5.222,
				1.443,
				6,
				3.093
			]
		},
		{
			"Target": "Parameter",
			"Id": "Param_Angle_Rotation4",
			"Segments": [
				0,
				0.295,
				1,
				0.611,
				0.83,
				1.222,
				1.17,
				1.833,
				1.17,
				1,
				2.811,
				1.17,
				3.789,
				-0.187,
				4.767,
				-0.187,
				1,
				5.178,
				-0.187,
				5.589,
				-0.065,
				6,
				0.295
			]
		},
		{
			"Target": "Parameter",
			"Id": "Param_Angle_Rotation5",
			"Segments": [
				0,
				-0.158,
				1,
				0.689,
				0.987,
				1.378,
				1.787,
				2.067,
				1.787,
				1,
				3.011,
				1.787,
				3.956,
				-0.907,
				4.9,
				-0.907,
				1,
				5.267,
				-0.907,
				5.633,
				-0.767,
				6,
				-0.158
			]
		},
		{
			"Target": "Parameter",
			"Id": "Param_Angle_Rotation6",
			"Segments": [
				0,
				-1.138,
				1,
				0.767,
				1.194,
				1.533,
				3.006,
				2.3,
				3.006,
				1,
				3.244,
				3.006,
				4.189,
				-2.071,
				5.133,
				-2.071,
				1,
				5.422,
				-2.071,
				5.711,
				-2.017,
				6,
				-1.138
			]
		},
		{
			"Target": "Parameter",
			"Id": "Param_Angle_Rotation7",
			"Segments": [
				0,
				-2.458,
				1,
				0.844,
				1.37,
				1.689,
				4.616,
				2.533,
				4.616,
				1,
				3.478,
				4.616,
				4.422,
				-3.279,
				5.367,
				-3.279,
				1,
				5.578,
				-3.279,
				5.789,
				-3.415,
				6,
				-2.458
			]
		},
		{
			"Target": "Parameter",
			"Id": "Param_Angle_Rotation8",
			"Segments": [
				0,
				-0.133,
				1,
				0.544,
				0.519,
				1.089,
				0.877,
				1.633,
				0.877,
				1,
				2.611,
				0.877,
				3.589,
				-0.963,
				4.567,
				-0.963,
				1,
				5.044,
				-0.963,
				5.522,
				-0.706,
				6,
				-0.133
			]
		},
		{
			"Target": "Parameter",
			"Id": "Param_Angle_Rotation9",
			"Segments": [
				0,
				0.3,
				1,
				0.622,
				0.951,
				1.244,
				1.357,
				1.867,
				1.357,
				1,
				2.811,
				1.357,
				3.756,
				-0.313,
				4.7,
				-0.313,
				1,
				5.133,
				-0.313,
				5.567,
				-0.153,
				6,
				0.3
			]
		},
		{
			"Target": "Parameter",
			"Id": "Param_Angle_Rotation10",
			"Segments": [
				0,
				0.086,
				1,
				0.7,
				1.102,
				1.4,
				1.824,
				2.1,
				1.824,
				1,
				3.044,
				1.824,
				3.989,
				-0.538,
				4.933,
				-0.538,
				1,
				5.289,
				-0.538,
				5.644,
				-0.43,
				6,
				0.086
			]
		},
		{
			"Target": "Parameter",
			"Id": "Param_Angle_Rotation11",
			"Segments": [
				0,
				-0.223,
				1,
				0.778,
				1.259,
				1.556,
				2.425,
				2.333,
				2.425,
				1,
				3.278,
				2.425,
				4.222,
				-0.771,
				5.167,
				-0.771,
				1,
				5.444,
				-0.771,
				5.722,
				-0.753,
				6,
				-0.223
			]
		},
		{
			"Target": "Parameter",
			"Id": "Param_Angle_Rotation12",
			"Segments": [
				0,
				-0.316,
				1,
				0.633,
				0.413,
				1.267,
				0.877,
				1.9,
				0.877,
				1,
				2.844,
				0.877,
				3.789,
				-0.963,
				4.733,
				-0.963,
				1,
				5.156,
				-0.963,
				5.578,
				-0.801,
				6,
				-0.316
			]
		},
		{
			"Target": "Parameter",
			"Id": "Param_Angle_Rotation13",
			"Segments": [
				0,
				0.089,
				1,
				0.711,
				0.822,
				1.422,
				1.357,
				2.133,
				1.357,
				1,
				3.089,
				1.357,
				4.044,
				-0.313,
				5,
				-0.313,
				1,
				5.333,
				-0.313,
				5.667,
				-0.255,
				6,
				0.089
			]
		},
		{
			"Target": "Parameter",
			"Id": "Param_Angle_Rotation14",
			"Segments": [
				0,
				-0.183,
				1,
				0.789,
				0.929,
				1.578,
				1.824,
				2.367,
				1.824,
				1,
				3.322,
				1.824,
				4.278,
				-0.538,
				5.233,
				-0.538,
				1,
				5.489,
				-0.538,
				5.744,
				-0.543,
				6,
				-0.183
			]
		},
		{
			"Target": "Parameter",
			"Id": "Param_Angle_Rotation15",
			"Segments": [
				0,
				-0.525,
				1,
				0.867,
				1.05,
				1.733,
				2.425,
				2.6,
				2.425,
				1,
				3.556,
				2.425,
				4.511,
				-0.771,
				5.467,
				-0.771,
				1,
				5.644,
				-0.771,
				5.822,
				-0.848,
				6,
				-0.525
			]
		},
		{
			"Target": "Parameter",
			"Id": "Param_Angle_Rotation16",
			"Segments": [
				0,
				0.047,
				1,
				0.478,
				0.62,
				0.956,
				0.877,
				1.433,
				0.877,
				1,
				2.411,
				0.877,
				3.389,
				-0.963,
				4.367,
				-0.963,
				1,
				4.911,
				-0.963,
				5.456,
				-0.605,
				6,
				0.047
			]
		},
		{
			"Target": "Parameter",
			"Id": "Param_Angle_Rotation17",
			"Segments": [
				0,
				0.456,
				1,
				0.556,
				1.041,
				1.111,
				1.357,
				1.667,
				1.357,
				1,
				2.611,
				1.357,
				3.556,
				-0.313,
				4.5,
				-0.313,
				1,
				5,
				-0.313,
				5.5,
				-0.071,
				6,
				0.456
			]
		},
		{
			"Target": "Parameter",
			"Id": "Param_Angle_Rotation18",
			"Segments": [
				0,
				0.293,
				1,
				0.633,
				1.228,
				1.267,
				1.824,
				1.9,
				1.824,
				1,
				2.844,
				1.824,
				3.789,
				-0.538,
				4.733,
				-0.538,
				1,
				5.156,
				-0.538,
				5.578,
				-0.33,
				6,
				0.293
			]
		},
		{
			"Target": "Parameter",
			"Id": "Param_Angle_Rotation19",
			"Segments": [
				0,
				0.028,
				1,
				0.711,
				1.421,
				1.422,
				2.425,
				2.133,
				2.425,
				1,
				3.078,
				2.425,
				4.022,
				-0.771,
				4.967,
				-0.771,
				1,
				5.311,
				-0.771,
				5.656,
				-0.646,
				6,
				0.028
			]
		},
		{
			"Target": "Parameter",
			"Id": "Param_Angle_Rotation20",
			"Segments": [
				0,
				0.085,
				1,
				0.6,
				-0.16,
				1.2,
				-0.318,
				1.8,
				-0.318,
				1,
				2.8,
				-0.318,
				3.8,
				0.295,
				4.8,
				0.295,
				1,
				5.2,
				0.295,
				5.6,
				0.247,
				6,
				0.085
			]
		},
		{
			"Target": "Parameter",
			"Id": "Param_Angle_Rotation21",
			"Segments": [
				0,
				0.279,
				1,
				0.656,
				-0.145,
				1.311,
				-0.446,
				1.967,
				-0.446,
				1,
				2.967,
				-0.446,
				3.967,
				0.54,
				4.967,
				0.54,
				1,
				5.311,
				0.54,
				5.656,
				0.5,
				6,
				0.279
			]
		},
		{
			"Target": "Parameter",
			"Id": "Param_Angle_Rotation22",
			"Segments": [
				0,
				0.795,
				1,
				0.733,
				0.069,
				1.467,
				-0.507,
				2.2,
				-0.507,
				1,
				3.2,
				-0.507,
				4.2,
				1.054,
				5.2,
				1.054,
				1,
				5.467,
				1.054,
				5.733,
				1.055,
				6,
				0.795
			]
		},
		{
			"Target": "Parameter",
			"Id": "Param_Angle_Rotation23",
			"Segments": [
				0,
				1.602,
				1,
				0.811,
				0.322,
				1.622,
				-0.785,
				2.433,
				-0.785,
				1,
				3.433,
				-0.785,
				4.433,
				1.824,
				5.433,
				1.824,
				1,
				5.622,
				1.824,
				5.811,
				1.892,
				6,
				1.602
			]
		},
		{
			"Target": "Parameter",
			"Id": "Param_Angle_Rotation24",
			"Segments": [
				0,
				2.132,
				1,
				0.889,
				0.444,
				1.778,
				-1.125,
				2.667,
				-1.125,
				1,
				3.667,
				-1.125,
				4.667,
				2.228,
				5.667,
				2.228,
				1,
				5.778,
				2.228,
				5.889,
				2.333,
				6,
				2.132
			]
		},
		{
			"Target": "Parameter",
			"Id": "Param_Angle_Rotation25",
			"Segments": [
				0,
				6.035,
				1,
				0.033,
				6.146,
				0.067,
				6.056,
				0.1,
				6.056,
				1,
				1.089,
				6.056,
				2.078,
				-0.318,
				3.067,
				-0.318,
				1,
				4.044,
				-0.318,
				5.022,
				2.297,
				6,
				6.035
			]
		},
		{
			"Target": "Parameter",
			"Id": "Param_Angle_Rotation26",
			"Segments": [
				0,
				7.256,
				1,
				0.089,
				7.669,
				0.178,
				7.444,
				0.267,
				7.444,
				1,
				1.256,
				7.444,
				2.244,
				-0.958,
				3.233,
				-0.958,
				1,
				4.156,
				-0.958,
				5.078,
				2.736,
				6,
				7.256
			]
		},
		{
			"Target": "Parameter",
			"Id": "Param_Angle_Rotation27",
			"Segments": [
				0,
				9.523,
				1,
				0.167,
				10.671,
				0.333,
				10.386,
				0.5,
				10.386,
				1,
				1.489,
				10.386,
				2.478,
				-1.253,
				3.467,
				-1.253,
				1,
				4.311,
				-1.253,
				5.156,
				3.558,
				6,
				9.523
			]
		},
		{
			"Target": "Parameter",
			"Id": "Param_Angle_Rotation28",
			"Segments": [
				0,
				0.457,
				1,
				0.656,
				0.003,
				1.311,
				-0.318,
				1.967,
				-0.318,
				1,
				2.967,
				-0.318,
				3.967,
				0.735,
				4.967,
				0.735,
				1,
				5.311,
				0.735,
				5.656,
				0.693,
				6,
				0.457
			]
		},
		{
			"Target": "Parameter",
			"Id": "Param_Angle_Rotation29",
			"Segments": [
				0,
				0.619,
				1,
				0.711,
				-0.058,
				1.422,
				-0.579,
				2.133,
				-0.579,
				1,
				3.133,
				-0.579,
				4.133,
				0.905,
				5.133,
				0.905,
				1,
				5.422,
				0.905,
				5.711,
				0.891,
				6,
				0.619
			]
		},
		{
			"Target": "Parameter",
			"Id": "Param_Angle_Rotation30",
			"Segments": [
				0,
				1.042,
				1,
				0.789,
				0.1,
				1.578,
				-0.696,
				2.367,
				-0.696,
				1,
				3.367,
				-0.696,
				4.367,
				1.249,
				5.367,
				1.249,
				1,
				5.578,
				1.249,
				5.789,
				1.289,
				6,
				1.042
			]
		},
		{
			"Target": "Parameter",
			"Id": "Param_Angle_Rotation31",
			"Segments": [
				0,
				1.62,
				1,
				0.867,
				0.033,
				1.733,
				-1.414,
				2.6,
				-1.414,
				1,
				3.6,
				-1.414,
				4.6,
				1.753,
				5.6,
				1.753,
				1,
				5.733,
				1.753,
				5.867,
				1.855,
				6,
				1.62
			]
		},
		{
			"Target": "Parameter",
			"Id": "Param_Angle_Rotation32",
			"Segments": [
				0,
				2.14,
				1,
				0.944,
				-0.129,
				1.889,
				-2.331,
				2.833,
				-2.331,
				1,
				3.833,
				-2.331,
				4.833,
				2.167,
				5.833,
				2.167,
				1,
				5.889,
				2.167,
				5.944,
				2.258,
				6,
				2.14
			]
		},
		{
			"Target": "Parameter",
			"Id": "Param_Angle_Rotation33",
			"Segments": [
				0,
				0,
				1,
				2,
				0,
				4,
				0,
				6,
				0
			]
		},
		{
			"Target": "Parameter",
			"Id": "Param_Angle_Rotation34",
			"Segments": [
				0,
				0.361,
				1,
				0.433,
				0.968,
				0.867,
				1.196,
				1.3,
				1.196,
				1,
				2.278,
				1.196,
				3.256,
				-0.963,
				4.233,
				-0.963,
				1,
				4.822,
				-0.963,
				5.411,
				-0.463,
				6,
				0.361
			]
		},
		{
			"Target": "Parameter",
			"Id": "Param_Angle_Rotation35",
			"Segments": [
				0,
				0.896,
				1,
				0.511,
				1.641,
				1.022,
				1.996,
				1.533,
				1.996,
				1,
				2.478,
				1.996,
				3.422,
				-0.313,
				4.367,
				-0.313,
				1,
				4.911,
				-0.313,
				5.456,
				0.103,
				6,
				0.896
			]
		},
		{
			"Target": "Parameter",
			"Id": "Param_Angle_Rotation36",
			"Segments": [
				0,
				0.832,
				1,
				0.589,
				2.06,
				1.178,
				2.774,
				1.767,
				2.774,
				1,
				2.711,
				2.774,
				3.656,
				-0.538,
				4.6,
				-0.538,
				1,
				5.067,
				-0.538,
				5.533,
				-0.141,
				6,
				0.832
			]
		},
		{
			"Target": "Parameter",
			"Id": "Param_Angle_Rotation37",
			"Segments": [
				0,
				0.626,
				1,
				0.667,
				2.507,
				1.333,
				3.776,
				2,
				3.776,
				1,
				2.944,
				3.776,
				3.889,
				-0.771,
				4.833,
				-0.771,
				1,
				5.222,
				-0.771,
				5.611,
				-0.472,
				6,
				0.626
			]
		},
		{
			"Target": "Parameter",
			"Id": "Param_Angle_Rotation38",
			"Segments": [
				0,
				0,
				1,
				2,
				0,
				4,
				0,
				6,
				0
			]
		},
		{
			"Target": "Parameter",
			"Id": "Param_Angle_Rotation39",
			"Segments": [
				0,
				-0.255,
				1,
				0.722,
				0.376,
				1.444,
				0.863,
				2.167,
				0.863,
				1,
				3.156,
				0.863,
				4.144,
				-0.515,
				5.133,
				-0.515,
				1,
				5.422,
				-0.515,
				5.711,
				-0.504,
				6,
				-0.255
			]
		},
		{
			"Target": "Parameter",
			"Id": "Param_Angle_Rotation40",
			"Segments": [
				0,
				-0.373,
				1,
				0.8,
				0.713,
				1.6,
				1.632,
				2.4,
				1.632,
				1,
				3.389,
				1.632,
				4.378,
				-0.606,
				5.367,
				-0.606,
				1,
				5.578,
				-0.606,
				5.789,
				-0.654,
				6,
				-0.373
			]
		},
		{
			"Target": "Parameter",
			"Id": "Param_Angle_Rotation41",
			"Segments": [
				0,
				-0.997,
				1,
				0.878,
				0.976,
				1.756,
				2.774,
				2.633,
				2.774,
				1,
				3.622,
				2.774,
				4.611,
				-1.159,
				5.6,
				-1.159,
				1,
				5.733,
				-1.159,
				5.867,
				-1.285,
				6,
				-0.997
			]
		},
		{
			"Target": "Parameter",
			"Id": "Param_Angle_Rotation42",
			"Segments": [
				0,
				-1.835,
				1,
				0.956,
				1.017,
				1.911,
				3.787,
				2.867,
				3.787,
				1,
				3.856,
				3.787,
				4.844,
				-1.867,
				5.833,
				-1.867,
				1,
				5.889,
				-1.867,
				5.944,
				-1.98,
				6,
				-1.835
			]
		},
		{
			"Target": "Parameter",
			"Id": "Param_Angle_Rotation43",
			"Segments": [
				0,
				0,
				1,
				2,
				0,
				4,
				0,
				6,
				0
			]
		},
		{
			"Target": "Parameter",
			"Id": "Param_Angle_Rotation44",
			"Segments": [
				0,
				0.106,
				1,
				0.456,
				0.651,
				0.911,
				0.877,
				1.367,
				0.877,
				1,
				2.344,
				0.877,
				3.322,
				-0.963,
				4.3,
				-0.963,
				1,
				4.867,
				-0.963,
				5.433,
				-0.571,
				6,
				0.106
			]
		},
		{
			"Target": "Parameter",
			"Id": "Param_Angle_Rotation45",
			"Segments": [
				0,
				0.509,
				1,
				0.533,
				1.071,
				1.067,
				1.357,
				1.6,
				1.357,
				1,
				2.544,
				1.357,
				3.489,
				-0.313,
				4.433,
				-0.313,
				1,
				4.956,
				-0.313,
				5.478,
				-0.042,
				6,
				0.509
			]
		},
		{
			"Target": "Parameter",
			"Id": "Param_Angle_Rotation46",
			"Segments": [
				0,
				0.366,
				1,
				0.611,
				1.272,
				1.222,
				1.824,
				1.833,
				1.824,
				1,
				2.778,
				1.824,
				3.722,
				-0.538,
				4.667,
				-0.538,
				1,
				5.111,
				-0.538,
				5.556,
				-0.293,
				6,
				0.366
			]
		},
		{
			"Target": "Parameter",
			"Id": "Param_Angle_Rotation47",
			"Segments": [
				0,
				0.118,
				1,
				0.689,
				1.476,
				1.378,
				2.425,
				2.067,
				2.425,
				1,
				3.011,
				2.425,
				3.956,
				-0.771,
				4.9,
				-0.771,
				1,
				5.267,
				-0.771,
				5.633,
				-0.605,
				6,
				0.118
			]
		},
		{
			"Target": "Parameter",
			"Id": "Param_Angle_Rotation48",
			"Segments": [
				0,
				0.325,
				1,
				0.744,
				-0.032,
				1.489,
				-0.318,
				2.233,
				-0.318,
				1,
				3.233,
				-0.318,
				4.233,
				0.442,
				5.233,
				0.442,
				1,
				5.489,
				0.442,
				5.744,
				0.446,
				6,
				0.325
			]
		},
		{
			"Target": "Parameter",
			"Id": "Param_Angle_Rotation49",
			"Segments": [
				0,
				0.449,
				1,
				0.8,
				-0.242,
				1.6,
				-0.832,
				2.4,
				-0.832,
				1,
				3.4,
				-0.832,
				4.4,
				0.584,
				5.4,
				0.584,
				1,
				5.6,
				0.584,
				5.8,
				0.618,
				6,
				0.449
			]
		},
		{
			"Target": "Parameter",
			"Id": "Param_Angle_Rotation50",
			"Segments": [
				0,
				0.795,
				1,
				0.878,
				-0.301,
				1.756,
				-1.31,
				2.633,
				-1.31,
				1,
				3.633,
				-1.31,
				4.633,
				0.871,
				5.633,
				0.871,
				1,
				5.756,
				0.871,
				5.878,
				0.941,
				6,
				0.795
			]
		},
		{
			"Target": "Parameter",
			"Id": "Param_Angle_Rotation51",
			"Segments": [
				0,
				1.279,
				1,
				0.956,
				-0.826,
				1.911,
				-2.885,
				2.867,
				-2.885,
				1,
				3.867,
				-2.885,
				4.867,
				1.293,
				5.867,
				1.293,
				1,
				5.911,
				1.293,
				5.956,
				1.361,
				6,
				1.279
			]
		},
		{
			"Target": "Parameter",
			"Id": "Param_Angle_Rotation52",
			"Segments": [
				0,
				1.6,
				1,
				0.044,
				1.754,
				0.089,
				1.638,
				0.133,
				1.638,
				1,
				1.122,
				1.638,
				2.111,
				-4.898,
				3.1,
				-4.898,
				1,
				4.067,
				-4.898,
				5.033,
				-2.114,
				6,
				1.6
			]
		},
		{
			"Target": "Parameter",
			"Id": "Param_Angle_Rotation53",
			"Segments": [
				0,
				0.361,
				1,
				0.789,
				-0.007,
				1.578,
				-0.318,
				2.367,
				-0.318,
				1,
				3.367,
				-0.318,
				4.367,
				0.442,
				5.367,
				0.442,
				1,
				5.578,
				0.442,
				5.789,
				0.457,
				6,
				0.361
			]
		},
		{
			"Target": "Parameter",
			"Id": "Param_Angle_Rotation54",
			"Segments": [
				0,
				0.469,
				1,
				0.844,
				-0.528,
				1.689,
				-1.417,
				2.533,
				-1.417,
				1,
				3.533,
				-1.417,
				4.533,
				0.584,
				5.533,
				0.584,
				1,
				5.689,
				0.584,
				5.844,
				0.646,
				6,
				0.469
			]
		},
		{
			"Target": "Parameter",
			"Id": "Param_Angle_Rotation55",
			"Segments": [
				0,
				0.826,
				1,
				0.922,
				-0.932,
				1.844,
				-2.609,
				2.767,
				-2.609,
				1,
				3.767,
				-2.609,
				4.767,
				0.871,
				5.767,
				0.871,
				1,
				5.844,
				0.871,
				5.922,
				0.963,
				6,
				0.826
			]
		},
		{
			"Target": "Parameter",
			"Id": "Param_Angle_Rotation56",
			"Segments": [
				0,
				1.291,
				1,
				0.011,
				1.324,
				0.022,
				1.293,
				0.033,
				1.293,
				1,
				1.022,
				1.293,
				2.011,
				-4.709,
				3,
				-4.709,
				1,
				4,
				-4.709,
				5,
				1.291,
				6,
				1.291
			]
		},
		{
			"Target": "Parameter",
			"Id": "Param_Angle_Rotation57",
			"Segments": [
				0,
				1.437,
				1,
				0.089,
				1.881,
				0.178,
				1.638,
				0.267,
				1.638,
				1,
				1.256,
				1.638,
				2.244,
				-7.394,
				3.233,
				-7.394,
				1,
				4.156,
				-7.394,
				5.078,
				-3.422,
				6,
				1.437
			]
		},
		{
			"Target": "Parameter",
			"Id": "Param",
			"Segments": [
				0,
				5.124,
				1,
				0.844,
				-6.851,
				1.689,
				-17.742,
				2.533,
				-17.742,
				1,
				3.533,
				-17.742,
				4.533,
				6.524,
				5.533,
				6.524,
				1,
				5.689,
				6.524,
				5.844,
				7.254,
				6,
				5.124
			]
		},
		{
			"Target": "Parameter",
			"Id": "Param_Angle_Rotation58",
			"Segments": [
				0,
				0.469,
				1,
				0.844,
				-0.528,
				1.689,
				-1.417,
				2.533,
				-1.417,
				1,
				3.533,
				-1.417,
				4.533,
				0.584,
				5.533,
				0.584,
				1,
				5.689,
				0.584,
				5.844,
				0.646,
				6,
				0.469
			]
		},
		{
			"Target": "Parameter",
			"Id": "Param_Angle_Rotation59",
			"Segments": [
				0,
				0.762,
				1,
				0.922,
				-3.472,
				1.844,
				-7.524,
				2.767,
				-7.524,
				1,
				3.767,
				-7.524,
				4.767,
				0.871,
				5.767,
				0.871,
				1,
				5.844,
				0.871,
				5.922,
				1.091,
				6,
				0.762
			]
		},
		{
			"Target": "Parameter",
			"Id": "Param_Angle_Rotation60",
			"Segments": [
				0,
				0.41,
				1,
				0.867,
				0.029,
				1.733,
				-0.318,
				2.6,
				-0.318,
				1,
				3.6,
				-0.318,
				4.6,
				0.442,
				5.6,
				0.442,
				1,
				5.733,
				0.442,
				5.867,
				0.466,
				6,
				0.41
			]
		},
		{
			"Target": "Parameter",
			"Id": "Param_Angle_Rotation61",
			"Segments": [
				0,
				0.558,
				1,
				0.922,
				-0.453,
				1.844,
				-1.417,
				2.767,
				-1.417,
				1,
				3.767,
				-1.417,
				4.767,
				0.584,
				5.767,
				0.584,
				1,
				5.844,
				0.584,
				5.922,
				0.637,
				6,
				0.558
			]
		},
		{
			"Target": "Parameter",
			"Id": "Param_Angle_Rotation62",
			"Segments": [
				0,
				0.87,
				1,
				0.011,
				0.89,
				0.022,
				0.871,
				0.033,
				0.871,
				1,
				1.022,
				0.871,
				2.011,
				-2.609,
				3,
				-2.609,
				1,
				4,
				-2.609,
				5,
				0.87,
				6,
				0.87
			]
		},
		{
			"Target": "Parameter",
			"Id": "Param_Angle_Rotation63",
			"Segments": [
				0,
				1.159,
				1,
				0.089,
				1.454,
				0.178,
				1.293,
				0.267,
				1.293,
				1,
				1.256,
				1.293,
				2.244,
				-4.709,
				3.233,
				-4.709,
				1,
				4.156,
				-4.709,
				5.078,
				-2.072,
				6,
				1.159
			]
		},
		{
			"Target": "Parameter",
			"Id": "Param_Angle_Rotation64",
			"Segments": [
				0,
				0.968,
				1,
				0.167,
				1.859,
				0.333,
				1.638,
				0.5,
				1.638,
				1,
				1.489,
				1.638,
				2.478,
				-7.394,
				3.467,
				-7.394,
				1,
				4.311,
				-7.394,
				5.156,
				-3.664,
				6,
				0.968
			]
		},
		{
			"Target": "Parameter",
			"Id": "Param_Angle_Rotation65",
			"Segments": [
				0,
				0.353,
				1,
				0.867,
				-2.411,
				1.733,
				-4.932,
				2.6,
				-4.932,
				1,
				3.6,
				-4.932,
				4.6,
				0.584,
				5.6,
				0.584,
				1,
				5.733,
				0.584,
				5.867,
				0.761,
				6,
				0.353
			]
		},
		{
			"Target": "Parameter",
			"Id": "Param_Angle_Rotation66",
			"Segments": [
				0,
				0.822,
				1,
				0.944,
				-3.407,
				1.889,
				-7.524,
				2.833,
				-7.524,
				1,
				3.833,
				-7.524,
				4.833,
				0.871,
				5.833,
				0.871,
				1,
				5.889,
				0.871,
				5.944,
				1.041,
				6,
				0.822
			]
		},
		{
			"Target": "Parameter",
			"Id": "Param_Angle_Rotation67",
			"Segments": [
				0,
				-0.482,
				1,
				0.878,
				-0.074,
				1.756,
				0.296,
				2.633,
				0.296,
				1,
				3.622,
				0.296,
				4.611,
				-0.515,
				5.6,
				-0.515,
				1,
				5.733,
				-0.515,
				5.867,
				-0.541,
				6,
				-0.482
			]
		},
		{
			"Target": "Parameter",
			"Id": "Param_Angle_Rotation68",
			"Segments": [
				0,
				-0.663,
				1,
				0.956,
				-0.038,
				1.911,
				0.569,
				2.867,
				0.569,
				1,
				3.856,
				0.569,
				4.844,
				-0.67,
				5.833,
				-0.67,
				1,
				5.889,
				-0.67,
				5.944,
				-0.695,
				6,
				-0.663
			]
		},
		{
			"Target": "Parameter",
			"Id": "Param_Angle_Rotation69",
			"Segments": [
				0,
				-1.216,
				1,
				0.033,
				-1.255,
				0.067,
				-1.224,
				0.1,
				-1.224,
				1,
				1.1,
				-1.224,
				2.1,
				0.969,
				3.1,
				0.969,
				1,
				4.067,
				0.969,
				5.033,
				0.07,
				6,
				-1.216
			]
		},
		{
			"Target": "Parameter",
			"Id": "Param_Angle_Rotation70",
			"Segments": [
				0,
				-0.426,
				1,
				0.844,
				0.258,
				1.689,
				0.863,
				2.533,
				0.863,
				1,
				3.522,
				0.863,
				4.511,
				-0.515,
				5.5,
				-0.515,
				1,
				5.667,
				-0.515,
				5.833,
				-0.557,
				6,
				-0.426
			]
		},
		{
			"Target": "Parameter",
			"Id": "Param_Angle_Rotation71",
			"Segments": [
				0,
				-0.573,
				1,
				0.922,
				0.403,
				1.844,
				1.325,
				2.767,
				1.325,
				1,
				3.756,
				1.325,
				4.744,
				-0.606,
				5.733,
				-0.606,
				1,
				5.822,
				-0.606,
				5.911,
				-0.66,
				6,
				-0.573
			]
		},
		{
			"Target": "Parameter",
			"Id": "Param_Angle_Rotation72",
			"Segments": [
				0,
				-1.159,
				1,
				1,
				-1.159,
				2,
				2.017,
				3,
				2.017,
				1,
				3.989,
				2.017,
				4.978,
				-1.159,
				5.967,
				-1.159,
				1,
				5.978,
				-1.159,
				5.989,
				-1.159,
				6,
				-1.159
			]
		},
		{
			"Target": "Parameter",
			"Id": "Param_Angle_Rotation73",
			"Segments": [
				0,
				-1.778,
				1,
				0.078,
				-1.997,
				0.156,
				-1.867,
				0.233,
				-1.867,
				1,
				1.233,
				-1.867,
				2.233,
				3.205,
				3.233,
				3.205,
				1,
				4.156,
				3.205,
				5.078,
				0.977,
				6,
				-1.778
			]
		}
	]
}