{
	"Version": 3,
	"Parameters": [
		{
			"Id": "ParamAngleX",
			"GroupId": "",
			"Name": "角度 X"
		},
		{
			"Id": "ParamAngleY",
			"GroupId": "",
			"Name": "角度 Y"
		},
		{
			"Id": "ParamAngleZ",
			"GroupId": "",
			"Name": "角度 Z"
		},
		{
			"Id": "ParamEyeLOpen",
			"GroupId": "",
			"Name": "左目　開閉"
		},
		{
			"Id": "ParamEyeLSmile",
			"GroupId": "",
			"Name": "左目　笑顔"
		},
		{
			"Id": "ParamEyeROpen",
			"GroupId": "",
			"Name": "右目　開閉"
		},
		{
			"Id": "ParamEyeRSmile",
			"GroupId": "",
			"Name": "右目　笑顔"
		},
		{
			"Id": "ParamEyeBallX",
			"GroupId": "",
			"Name": "目玉 X"
		},
		{
			"Id": "ParamEyeBallY",
			"GroupId": "",
			"Name": "目玉 Y"
		},
		{
			"Id": "ParamBrowLY",
			"GroupId": "",
			"Name": "左眉　上下"
		},
		{
			"Id": "ParamBrowRY",
			"GroupId": "",
			"Name": "右眉　上下"
		},
		{
			"Id": "ParamBrowLX",
			"GroupId": "",
			"Name": "左眉　左右"
		},
		{
			"Id": "ParamBrowRX",
			"GroupId": "",
			"Name": "右眉　左右"
		},
		{
			"Id": "ParamBrowLAngle",
			"GroupId": "",
			"Name": "左眉　角度"
		},
		{
			"Id": "ParamBrowRAngle",
			"GroupId": "",
			"Name": "右眉　角度"
		},
		{
			"Id": "ParamBrowLForm",
			"GroupId": "",
			"Name": "左眉　変形"
		},
		{
			"Id": "ParamBrowRForm",
			"GroupId": "",
			"Name": "右眉　変形"
		},
		{
			"Id": "ParamMouthForm",
			"GroupId": "",
			"Name": "口　変形"
		},
		{
			"Id": "ParamMouthOpenY",
			"GroupId": "",
			"Name": "口　開閉"
		},
		{
			"Id": "ParamCheek",
			"GroupId": "",
			"Name": "照れ"
		},
		{
			"Id": "ParamBodyAngleX",
			"GroupId": "",
			"Name": "体の回転　X"
		},
		{
			"Id": "ParamBodyAngleY",
			"GroupId": "",
			"Name": "体の回転　Y"
		},
		{
			"Id": "ParamBodyAngleZ",
			"GroupId": "",
			"Name": "体の回転　Z"
		},
		{
			"Id": "ParamBreat",
			"GroupId": "",
			"Name": "呼吸"
		},
		{
			"Id": "ParamHairFront",
			"GroupId": "",
			"Name": "髪揺れ　前"
		},
		{
			"Id": "ParamHairSide",
			"GroupId": "",
			"Name": "髪揺れ　横"
		},
		{
			"Id": "ParamHairBack",
			"GroupId": "",
			"Name": "髪揺れ　後"
		},
		{
			"Id": "ParamSkirt",
			"GroupId": "",
			"Name": "スカート"
		},
		{
			"Id": "ParamEyes",
			"GroupId": "ParamGroup21",
			"Name": "目パチ"
		},
		{
			"Id": "ParamEyeBS",
			"GroupId": "ParamGroup21",
			"Name": "目光大小"
		},
		{
			"Id": "ParamEyeRL",
			"GroupId": "ParamGroup21",
			"Name": "目光左右"
		},
		{
			"Id": "ParamEyeHB",
			"GroupId": "ParamGroup21",
			"Name": "目光上下"
		},
		{
			"Id": "ParamParticleMaskX",
			"GroupId": "ParamGroup20",
			"Name": "パーティクルマスクX"
		},
		{
			"Id": "ParamParticleY",
			"GroupId": "ParamGroup20",
			"Name": "パーティクルマスクY"
		},
		{
			"Id": "ParamKira1",
			"GroupId": "ParamGroup20",
			"Name": "キラ1"
		},
		{
			"Id": "ParamKira2",
			"GroupId": "ParamGroup20",
			"Name": "キラ2"
		},
		{
			"Id": "ParamKira3",
			"GroupId": "ParamGroup20",
			"Name": "キラ3"
		},
		{
			"Id": "ParamKira4",
			"GroupId": "ParamGroup20",
			"Name": "キラ4"
		},
		{
			"Id": "ParamKira5",
			"GroupId": "ParamGroup20",
			"Name": "キラ5"
		},
		{
			"Id": "ParamWindowLight1",
			"GroupId": "ParamGroup20",
			"Name": "窓光1"
		},
		{
			"Id": "ParamWindowLight2",
			"GroupId": "ParamGroup20",
			"Name": "窓光2"
		},
		{
			"Id": "ParamKira6",
			"GroupId": "ParamGroup20",
			"Name": "ヘッドドレスキラ"
		},
		{
			"Id": "ParamCircleKira1",
			"GroupId": "ParamGroup20",
			"Name": "丸キラ1"
		},
		{
			"Id": "ParamCircleKira2",
			"GroupId": "ParamGroup20",
			"Name": "丸キラ2"
		},
		{
			"Id": "ParamCircleKira3",
			"GroupId": "ParamGroup20",
			"Name": "丸キラ3"
		},
		{
			"Id": "ParamCircleKira4",
			"GroupId": "ParamGroup20",
			"Name": "丸キラ4"
		},
		{
			"Id": "ParamCircleKira5",
			"GroupId": "ParamGroup20",
			"Name": "丸キラ5"
		},
		{
			"Id": "ParamCircleKira6",
			"GroupId": "ParamGroup20",
			"Name": "丸キラ6"
		},
		{
			"Id": "ParamPaiX",
			"GroupId": "ParamGroup19",
			"Name": "胸X"
		},
		{
			"Id": "ParamPaiY",
			"GroupId": "ParamGroup19",
			"Name": "胸Y"
		},
		{
			"Id": "ParamPaiX2",
			"GroupId": "ParamGroup19",
			"Name": "胸X2"
		},
		{
			"Id": "ParamPaiY2",
			"GroupId": "ParamGroup19",
			"Name": "胸Y2"
		},
		{
			"Id": "Param_Angle_Rotation4",
			"GroupId": "ParamGroup",
			"Name": "[0]前髪_中1"
		},
		{
			"Id": "Param_Angle_Rotation5",
			"GroupId": "ParamGroup",
			"Name": "[1]前髪_中1"
		},
		{
			"Id": "Param_Angle_Rotation6",
			"GroupId": "ParamGroup",
			"Name": "[2]前髪_中1"
		},
		{
			"Id": "Param_Angle_Rotation7",
			"GroupId": "ParamGroup",
			"Name": "[3]前髪_中1"
		},
		{
			"Id": "Param_Angle_Rotation8",
			"GroupId": "ParamGroup2",
			"Name": "[0]前髪_中2"
		},
		{
			"Id": "Param_Angle_Rotation9",
			"GroupId": "ParamGroup2",
			"Name": "[1]前髪_中2"
		},
		{
			"Id": "Param_Angle_Rotation10",
			"GroupId": "ParamGroup2",
			"Name": "[2]前髪_中2"
		},
		{
			"Id": "Param_Angle_Rotation11",
			"GroupId": "ParamGroup2",
			"Name": "[3]前髪_中2"
		},
		{
			"Id": "Param_Angle_Rotation12",
			"GroupId": "ParamGroup3",
			"Name": "[0]前髪_中3"
		},
		{
			"Id": "Param_Angle_Rotation13",
			"GroupId": "ParamGroup3",
			"Name": "[1]前髪_中3"
		},
		{
			"Id": "Param_Angle_Rotation14",
			"GroupId": "ParamGroup3",
			"Name": "[2]前髪_中3"
		},
		{
			"Id": "Param_Angle_Rotation15",
			"GroupId": "ParamGroup3",
			"Name": "[3]前髪_中3"
		},
		{
			"Id": "Param_Angle_Rotation16",
			"GroupId": "ParamGroup4",
			"Name": "[0]前髪_中4"
		},
		{
			"Id": "Param_Angle_Rotation17",
			"GroupId": "ParamGroup4",
			"Name": "[1]前髪_中4"
		},
		{
			"Id": "Param_Angle_Rotation18",
			"GroupId": "ParamGroup4",
			"Name": "[2]前髪_中4"
		},
		{
			"Id": "Param_Angle_Rotation19",
			"GroupId": "ParamGroup4",
			"Name": "[3]前髪_中4"
		},
		{
			"Id": "Param_Angle_Rotation20",
			"GroupId": "ParamGroup5",
			"Name": "[0]前髪_右1"
		},
		{
			"Id": "Param_Angle_Rotation21",
			"GroupId": "ParamGroup5",
			"Name": "[1]前髪_右1"
		},
		{
			"Id": "Param_Angle_Rotation22",
			"GroupId": "ParamGroup5",
			"Name": "[2]前髪_右1"
		},
		{
			"Id": "Param_Angle_Rotation23",
			"GroupId": "ParamGroup5",
			"Name": "[3]前髪_右1"
		},
		{
			"Id": "Param_Angle_Rotation24",
			"GroupId": "ParamGroup5",
			"Name": "[4]前髪_右1"
		},
		{
			"Id": "Param_Angle_Rotation25",
			"GroupId": "ParamGroup6",
			"Name": "[0]前髪_右2"
		},
		{
			"Id": "Param_Angle_Rotation26",
			"GroupId": "ParamGroup6",
			"Name": "[1]前髪_右2"
		},
		{
			"Id": "Param_Angle_Rotation27",
			"GroupId": "ParamGroup6",
			"Name": "[2]前髪_右2"
		},
		{
			"Id": "Param_Angle_Rotation28",
			"GroupId": "ParamGroup7",
			"Name": "[0]前髪_右3"
		},
		{
			"Id": "Param_Angle_Rotation29",
			"GroupId": "ParamGroup7",
			"Name": "[1]前髪_右3"
		},
		{
			"Id": "Param_Angle_Rotation30",
			"GroupId": "ParamGroup7",
			"Name": "[2]前髪_右3"
		},
		{
			"Id": "Param_Angle_Rotation31",
			"GroupId": "ParamGroup7",
			"Name": "[3]前髪_右3"
		},
		{
			"Id": "Param_Angle_Rotation32",
			"GroupId": "ParamGroup7",
			"Name": "[4]前髪_右3"
		},
		{
			"Id": "Param_Angle_Rotation33",
			"GroupId": "ParamGroup8",
			"Name": "[0]前髪_左2"
		},
		{
			"Id": "Param_Angle_Rotation34",
			"GroupId": "ParamGroup8",
			"Name": "[1]前髪_左2"
		},
		{
			"Id": "Param_Angle_Rotation35",
			"GroupId": "ParamGroup8",
			"Name": "[2]前髪_左2"
		},
		{
			"Id": "Param_Angle_Rotation36",
			"GroupId": "ParamGroup8",
			"Name": "[3]前髪_左2"
		},
		{
			"Id": "Param_Angle_Rotation37",
			"GroupId": "ParamGroup8",
			"Name": "[4]前髪_左2"
		},
		{
			"Id": "Param_Angle_Rotation38",
			"GroupId": "ParamGroup9",
			"Name": "[0]前髪_左3"
		},
		{
			"Id": "Param_Angle_Rotation39",
			"GroupId": "ParamGroup9",
			"Name": "[1]前髪_左3"
		},
		{
			"Id": "Param_Angle_Rotation40",
			"GroupId": "ParamGroup9",
			"Name": "[2]前髪_左3"
		},
		{
			"Id": "Param_Angle_Rotation41",
			"GroupId": "ParamGroup9",
			"Name": "[3]前髪_左3"
		},
		{
			"Id": "Param_Angle_Rotation42",
			"GroupId": "ParamGroup9",
			"Name": "[4]前髪_左3"
		},
		{
			"Id": "Param_Angle_Rotation43",
			"GroupId": "ParamGroup10",
			"Name": "[0]前髪_左1"
		},
		{
			"Id": "Param_Angle_Rotation44",
			"GroupId": "ParamGroup10",
			"Name": "[1]前髪_左1"
		},
		{
			"Id": "Param_Angle_Rotation45",
			"GroupId": "ParamGroup10",
			"Name": "[2]前髪_左1"
		},
		{
			"Id": "Param_Angle_Rotation46",
			"GroupId": "ParamGroup10",
			"Name": "[3]前髪_左1"
		},
		{
			"Id": "Param_Angle_Rotation47",
			"GroupId": "ParamGroup10",
			"Name": "[4]前髪_左1"
		},
		{
			"Id": "Param_Angle_Rotation48",
			"GroupId": "ParamGroup11",
			"Name": "[0]前髪_右1"
		},
		{
			"Id": "Param_Angle_Rotation49",
			"GroupId": "ParamGroup11",
			"Name": "[1]前髪_右1"
		},
		{
			"Id": "Param_Angle_Rotation50",
			"GroupId": "ParamGroup11",
			"Name": "[2]前髪_右1"
		},
		{
			"Id": "Param_Angle_Rotation51",
			"GroupId": "ParamGroup11",
			"Name": "[3]前髪_右1"
		},
		{
			"Id": "Param_Angle_Rotation52",
			"GroupId": "ParamGroup11",
			"Name": "[4]前髪_右1"
		},
		{
			"Id": "Param_Angle_Rotation53",
			"GroupId": "ParamGroup12",
			"Name": "[0]前髪_右2"
		},
		{
			"Id": "Param_Angle_Rotation54",
			"GroupId": "ParamGroup12",
			"Name": "[1]前髪_右2"
		},
		{
			"Id": "Param_Angle_Rotation55",
			"GroupId": "ParamGroup12",
			"Name": "[2]前髪_右2"
		},
		{
			"Id": "Param_Angle_Rotation56",
			"GroupId": "ParamGroup12",
			"Name": "[3]前髪_右2"
		},
		{
			"Id": "Param_Angle_Rotation57",
			"GroupId": "ParamGroup12",
			"Name": "[4]前髪_右2"
		},
		{
			"Id": "Param",
			"GroupId": "ParamGroup14",
			"Name": "右もみあげ1"
		},
		{
			"Id": "Param_Angle_Rotation58",
			"GroupId": "ParamGroup13",
			"Name": "[0]右もみあげ2"
		},
		{
			"Id": "Param_Angle_Rotation59",
			"GroupId": "ParamGroup13",
			"Name": "[1]右もみあげ2"
		},
		{
			"Id": "Param_Angle_Rotation60",
			"GroupId": "ParamGroup15",
			"Name": "[0]前髪_右3"
		},
		{
			"Id": "Param_Angle_Rotation61",
			"GroupId": "ParamGroup15",
			"Name": "[1]前髪_右3"
		},
		{
			"Id": "Param_Angle_Rotation62",
			"GroupId": "ParamGroup15",
			"Name": "[2]前髪_右3"
		},
		{
			"Id": "Param_Angle_Rotation63",
			"GroupId": "ParamGroup15",
			"Name": "[3]前髪_右3"
		},
		{
			"Id": "Param_Angle_Rotation64",
			"GroupId": "ParamGroup15",
			"Name": "[4]前髪_右3"
		},
		{
			"Id": "Param_Angle_Rotation65",
			"GroupId": "ParamGroup16",
			"Name": "[0]右もみあげ1"
		},
		{
			"Id": "Param_Angle_Rotation66",
			"GroupId": "ParamGroup16",
			"Name": "[1]右もみあげ1"
		},
		{
			"Id": "Param_Angle_Rotation67",
			"GroupId": "ParamGroup17",
			"Name": "[0]後ろ髪_左奥2"
		},
		{
			"Id": "Param_Angle_Rotation68",
			"GroupId": "ParamGroup17",
			"Name": "[1]後ろ髪_左奥2"
		},
		{
			"Id": "Param_Angle_Rotation69",
			"GroupId": "ParamGroup17",
			"Name": "[2]後ろ髪_左奥2"
		},
		{
			"Id": "Param_Angle_Rotation70",
			"GroupId": "ParamGroup18",
			"Name": "[0]後ろ髪_左奥1"
		},
		{
			"Id": "Param_Angle_Rotation71",
			"GroupId": "ParamGroup18",
			"Name": "[1]後ろ髪_左奥1"
		},
		{
			"Id": "Param_Angle_Rotation72",
			"GroupId": "ParamGroup18",
			"Name": "[2]後ろ髪_左奥1"
		},
		{
			"Id": "Param_Angle_Rotation73",
			"GroupId": "ParamGroup18",
			"Name": "[3]後ろ髪_左奥1"
		}
	],
	"ParameterGroups": [
		{
			"Id": "ParamGroup21",
			"GroupId": "",
			"Name": "目"
		},
		{
			"Id": "ParamGroup20",
			"GroupId": "",
			"Name": "エフェクト"
		},
		{
			"Id": "ParamGroup19",
			"GroupId": "",
			"Name": "胸"
		},
		{
			"Id": "ParamGroup",
			"GroupId": "",
			"Name": "前髪_中1"
		},
		{
			"Id": "ParamGroup2",
			"GroupId": "",
			"Name": "前髪_中2"
		},
		{
			"Id": "ParamGroup3",
			"GroupId": "",
			"Name": "前髪_中3"
		},
		{
			"Id": "ParamGroup4",
			"GroupId": "",
			"Name": "前髪_中4"
		},
		{
			"Id": "ParamGroup5",
			"GroupId": "",
			"Name": "前髪_右1"
		},
		{
			"Id": "ParamGroup6",
			"GroupId": "",
			"Name": "前髪_右2"
		},
		{
			"Id": "ParamGroup7",
			"GroupId": "",
			"Name": "前髪_右3"
		},
		{
			"Id": "ParamGroup8",
			"GroupId": "",
			"Name": "前髪_左2"
		},
		{
			"Id": "ParamGroup9",
			"GroupId": "",
			"Name": "前髪_左3"
		},
		{
			"Id": "ParamGroup10",
			"GroupId": "",
			"Name": "前髪_左1"
		},
		{
			"Id": "ParamGroup11",
			"GroupId": "",
			"Name": "前髪_右1"
		},
		{
			"Id": "ParamGroup12",
			"GroupId": "",
			"Name": "前髪_右2"
		},
		{
			"Id": "ParamGroup14",
			"GroupId": "",
			"Name": "右もみあげ1"
		},
		{
			"Id": "ParamGroup13",
			"GroupId": "",
			"Name": "右もみあげ2"
		},
		{
			"Id": "ParamGroup15",
			"GroupId": "",
			"Name": "前髪_右3"
		},
		{
			"Id": "ParamGroup16",
			"GroupId": "",
			"Name": "右もみあげ1"
		},
		{
			"Id": "ParamGroup17",
			"GroupId": "",
			"Name": "後ろ髪_左奥2"
		},
		{
			"Id": "ParamGroup18",
			"GroupId": "",
			"Name": "後ろ髪_左奥1"
		}
	],
	"Parts": [
		{
			"Id": "Part34",
			"Name": "1920x1440.psd（対応無し）"
		},
		{
			"Id": "Part28",
			"Name": "1920x1440.psd（対応無し）"
		},
		{
			"Id": "Part",
			"Name": "*エフェクト_前面"
		},
		{
			"Id": "Part3",
			"Name": "*夜桜"
		},
		{
			"Id": "Part10",
			"Name": "*グロー"
		},
		{
			"Id": "Part11",
			"Name": "*エフェクト_後ろ"
		},
		{
			"Id": "Part18",
			"Name": "*夜桜"
		},
		{
			"Id": "Part16",
			"Name": "*夜桜"
		},
		{
			"Id": "Part2",
			"Name": "*キラ"
		},
		{
			"Id": "Part4",
			"Name": "*頭部"
		},
		{
			"Id": "Part9",
			"Name": "*身体"
		},
		{
			"Id": "ArtMesh53_Skinning",
			"Name": "グロー_前髪_右3(スキニング)"
		},
		{
			"Id": "ArtMesh54_Skinning",
			"Name": "グロー_右もみあげ2(スキニング)"
		},
		{
			"Id": "ArtMesh56_Skinning",
			"Name": "グロー_後ろ髪_右1(スキニング)"
		},
		{
			"Id": "ArtMesh58_Skinning",
			"Name": "グロー_後ろ髪_右2(スキニング)"
		},
		{
			"Id": "Part12",
			"Name": "*窓光"
		},
		{
			"Id": "Part13",
			"Name": "*丸キラキラ"
		},
		{
			"Id": "Part21",
			"Name": "*頭部"
		},
		{
			"Id": "Part17",
			"Name": "*頭部"
		},
		{
			"Id": "Part23",
			"Name": "*身体"
		},
		{
			"Id": "Part5",
			"Name": "*前髪"
		},
		{
			"Id": "Part6",
			"Name": "*表情"
		},
		{
			"Id": "Part7",
			"Name": "*前髪_右奥"
		},
		{
			"Id": "Part8",
			"Name": "*後ろ髪_左奥"
		},
		{
			"Id": "Part24",
			"Name": "*表情"
		},
		{
			"Id": "Part19",
			"Name": "*表情"
		},
		{
			"Id": "ArtMesh24_Skinning",
			"Name": "前髪_中1(スキニング)"
		},
		{
			"Id": "ArtMesh25_Skinning",
			"Name": "前髪_中2(スキニング)"
		},
		{
			"Id": "ArtMesh26_Skinning",
			"Name": "前髪_中3(スキニング)"
		},
		{
			"Id": "ArtMesh27_Skinning",
			"Name": "前髪_中4(スキニング)"
		},
		{
			"Id": "ArtMesh28_Skinning",
			"Name": "前髪_右1(スキニング)"
		},
		{
			"Id": "ArtMesh29_Skinning",
			"Name": "前髪_右2(スキニング)"
		},
		{
			"Id": "ArtMesh30_Skinning",
			"Name": "前髪_右3(スキニング)"
		},
		{
			"Id": "ArtMesh31_Skinning",
			"Name": "前髪_左1(スキニング)"
		},
		{
			"Id": "ArtMesh32_Skinning",
			"Name": "前髪_左2(スキニング)"
		},
		{
			"Id": "ArtMesh33_Skinning",
			"Name": "前髪_左3(スキニング)"
		},
		{
			"Id": "ArtMesh35_Skinning",
			"Name": "前髪_右1(スキニング)"
		},
		{
			"Id": "ArtMesh36_Skinning",
			"Name": "前髪_右2(スキニング)"
		},
		{
			"Id": "ArtMesh37_Skinning",
			"Name": "前髪_右3(スキニング)"
		},
		{
			"Id": "ArtMesh38_Skinning",
			"Name": "右もみあげ1(スキニング)"
		},
		{
			"Id": "ArtMesh39_Skinning",
			"Name": "右もみあげ2(スキニング)"
		},
		{
			"Id": "ArtMesh42_Skinning",
			"Name": "後ろ髪_左奥1(スキニング)"
		},
		{
			"Id": "ArtMesh44_Skinning",
			"Name": "後ろ髪_左奥2(スキニング)"
		},
		{
			"Id": "Part20",
			"Name": "*開き目"
		}
	],
	"CombinedParameters": [
		[
			"ParamEyeRL",
			"ParamEyeHB"
		],
		[
			"ParamParticleMaskX",
			"ParamParticleY"
		]
	]
}