{
	"Version": 3,
	"Meta": {
		"Duration": 6,
		"Fps": 30.0,
		"Loop": true,
		"AreBeziersRestricted": false,
		"CurveCount": 193,
		"TotalSegmentCount": 1037,
		"TotalPointCount": 3264,
		"UserDataCount": 0,
		"TotalUserDataSize": 0
	},
	"Curves": [
		{
			"Target": "Parameter",
			"Id": "ParamEff1",
			"Segments": [
				0,
				0,
				0,
				2.433,
				0,
				1,
				2.467,
				0,
				2.5,
				1,
				2.533,
				1,
				1,
				2.556,
				1,
				2.578,
				0.2,
				2.6,
				0.2,
				1,
				2.611,
				0.2,
				2.622,
				0.6,
				2.633,
				0.6,
				1,
				2.644,
				0.6,
				2.656,
				0.2,
				2.667,
				0.2,
				1,
				2.689,
				0.2,
				2.711,
				1,
				2.733,
				1,
				1,
				2.867,
				1,
				3,
				0.2,
				3.133,
				0.2,
				1,
				3.144,
				0.2,
				3.156,
				0.4,
				3.167,
				0.4,
				1,
				3.178,
				0.4,
				3.189,
				0.209,
				3.2,
				0.2,
				1,
				3.367,
				0.058,
				3.533,
				0,
				3.7,
				0,
				0,
				6,
				0
			]
		},
		{
			"Target": "Parameter",
			"Id": "ParamEff2",
			"Segments": [
				0,
				0,
				0,
				1.9,
				0,
				1,
				1.933,
				0,
				1.967,
				1,
				2,
				1,
				1,
				2.022,
				1,
				2.044,
				0.2,
				2.067,
				0.2,
				1,
				2.078,
				0.2,
				2.089,
				0.6,
				2.1,
				0.6,
				1,
				2.111,
				0.6,
				2.122,
				0.2,
				2.133,
				0.2,
				1,
				2.156,
				0.2,
				2.178,
				1,
				2.2,
				1,
				1,
				2.333,
				1,
				2.467,
				0.2,
				2.6,
				0.2,
				1,
				2.611,
				0.2,
				2.622,
				0.4,
				2.633,
				0.4,
				1,
				2.644,
				0.4,
				2.656,
				0.209,
				2.667,
				0.2,
				1,
				2.833,
				0.058,
				3,
				0,
				3.167,
				0,
				0,
				6,
				0
			]
		},
		{
			"Target": "Parameter",
			"Id": "ParamEff3",
			"Segments": [
				0,
				0,
				0,
				3.433,
				0,
				1,
				3.467,
				0,
				3.5,
				1,
				3.533,
				1,
				1,
				3.556,
				1,
				3.578,
				0.2,
				3.6,
				0.2,
				1,
				3.611,
				0.2,
				3.622,
				0.6,
				3.633,
				0.6,
				1,
				3.644,
				0.6,
				3.656,
				0.2,
				3.667,
				0.2,
				1,
				3.689,
				0.2,
				3.711,
				1,
				3.733,
				1,
				1,
				3.867,
				1,
				4,
				0.2,
				4.133,
				0.2,
				1,
				4.144,
				0.2,
				4.156,
				0.4,
				4.167,
				0.4,
				1,
				4.178,
				0.4,
				4.189,
				0.209,
				4.2,
				0.2,
				1,
				4.367,
				0.058,
				4.533,
				0,
				4.7,
				0,
				0,
				6,
				0
			]
		},
		{
			"Target": "Parameter",
			"Id": "ParamEff4",
			"Segments": [
				0,
				0,
				0,
				0.033,
				0,
				1,
				0.067,
				0,
				0.1,
				1,
				0.133,
				1,
				1,
				0.156,
				1,
				0.178,
				0.2,
				0.2,
				0.2,
				1,
				0.211,
				0.2,
				0.222,
				0.6,
				0.233,
				0.6,
				1,
				0.244,
				0.6,
				0.256,
				0.2,
				0.267,
				0.2,
				1,
				0.289,
				0.2,
				0.311,
				1,
				0.333,
				1,
				1,
				0.467,
				1,
				0.6,
				0.2,
				0.733,
				0.2,
				1,
				0.744,
				0.2,
				0.756,
				0.4,
				0.767,
				0.4,
				1,
				0.778,
				0.4,
				0.789,
				0.209,
				0.8,
				0.2,
				1,
				0.967,
				0.058,
				1.133,
				0,
				1.3,
				0,
				0,
				6,
				0
			]
		},
		{
			"Target": "Parameter",
			"Id": "ParamEff5",
			"Segments": [
				0,
				0,
				0,
				4.233,
				0,
				1,
				4.267,
				0,
				4.3,
				1,
				4.333,
				1,
				1,
				4.356,
				1,
				4.378,
				0.2,
				4.4,
				0.2,
				1,
				4.411,
				0.2,
				4.422,
				0.6,
				4.433,
				0.6,
				1,
				4.444,
				0.6,
				4.456,
				0.2,
				4.467,
				0.2,
				1,
				4.489,
				0.2,
				4.511,
				1,
				4.533,
				1,
				1,
				4.667,
				1,
				4.8,
				0.2,
				4.933,
				0.2,
				1,
				4.944,
				0.2,
				4.956,
				0.4,
				4.967,
				0.4,
				1,
				4.978,
				0.4,
				4.989,
				0.209,
				5,
				0.2,
				1,
				5.167,
				0.058,
				5.333,
				0,
				5.5,
				0,
				0,
				6,
				0
			]
		},
		{
			"Target": "Parameter",
			"Id": "ParamEff6",
			"Segments": [
				0,
				0,
				0,
				1.2,
				0,
				1,
				1.233,
				0,
				1.267,
				1,
				1.3,
				1,
				1,
				1.322,
				1,
				1.344,
				0.2,
				1.367,
				0.2,
				1,
				1.378,
				0.2,
				1.389,
				0.6,
				1.4,
				0.6,
				1,
				1.411,
				0.6,
				1.422,
				0.2,
				1.433,
				0.2,
				1,
				1.456,
				0.2,
				1.478,
				1,
				1.5,
				1,
				1,
				1.633,
				1,
				1.767,
				0.2,
				1.9,
				0.2,
				1,
				1.911,
				0.2,
				1.922,
				0.4,
				1.933,
				0.4,
				1,
				1.944,
				0.4,
				1.956,
				0.209,
				1.967,
				0.2,
				1,
				2.133,
				0.058,
				2.3,
				0,
				2.467,
				0,
				0,
				6,
				0
			]
		},
		{
			"Target": "Parameter",
			"Id": "ParamEff7",
			"Segments": [
				0,
				0,
				0,
				1.467,
				0,
				1,
				1.5,
				0,
				1.533,
				1,
				1.567,
				1,
				1,
				1.589,
				1,
				1.611,
				0.2,
				1.633,
				0.2,
				1,
				1.644,
				0.2,
				1.656,
				0.6,
				1.667,
				0.6,
				1,
				1.678,
				0.6,
				1.689,
				0.2,
				1.7,
				0.2,
				1,
				1.722,
				0.2,
				1.744,
				1,
				1.767,
				1,
				1,
				1.9,
				1,
				2.033,
				0.2,
				2.167,
				0.2,
				1,
				2.178,
				0.2,
				2.189,
				0.4,
				2.2,
				0.4,
				1,
				2.211,
				0.4,
				2.222,
				0.209,
				2.233,
				0.2,
				1,
				2.4,
				0.058,
				2.567,
				0,
				2.733,
				0,
				0,
				6,
				0
			]
		},
		{
			"Target": "Parameter",
			"Id": "ParamEff8",
			"Segments": [
				0,
				0,
				0,
				4.7,
				0,
				1,
				4.733,
				0,
				4.767,
				1,
				4.8,
				1,
				1,
				4.822,
				1,
				4.844,
				0.2,
				4.867,
				0.2,
				1,
				4.878,
				0.2,
				4.889,
				0.6,
				4.9,
				0.6,
				1,
				4.911,
				0.6,
				4.922,
				0.2,
				4.933,
				0.2,
				1,
				4.956,
				0.2,
				4.978,
				1,
				5,
				1,
				1,
				5.133,
				1,
				5.267,
				0.2,
				5.4,
				0.2,
				1,
				5.411,
				0.2,
				5.422,
				0.4,
				5.433,
				0.4,
				1,
				5.444,
				0.4,
				5.456,
				0.209,
				5.467,
				0.2,
				1,
				5.633,
				0.058,
				5.8,
				0,
				5.967,
				0,
				0,
				6,
				0
			]
		},
		{
			"Target": "Parameter",
			"Id": "ParamEff9",
			"Segments": [
				0,
				0.964,
				1,
				0.011,
				0.964,
				0.022,
				0.945,
				0.033,
				0.935,
				1,
				0.756,
				0.307,
				1.478,
				0,
				2.2,
				0,
				1,
				2.8,
				0,
				3.4,
				0,
				4,
				0,
				1,
				4.611,
				0,
				5.222,
				1,
				5.833,
				1,
				1,
				5.889,
				1,
				5.944,
				0.997,
				6,
				0.986
			]
		},
		{
			"Target": "Parameter",
			"Id": "ParamEff10",
			"Segments": [
				0,
				0,
				0,
				0.867,
				0,
				1,
				1.478,
				0,
				2.089,
				1,
				2.7,
				1,
				1,
				3.767,
				1,
				4.833,
				0,
				5.9,
				0,
				0,
				6,
				0
			]
		},
		{
			"Target": "Parameter",
			"Id": "ParamEff11",
			"Segments": [
				0,
				0.794,
				1,
				0.011,
				0.794,
				0.022,
				0.772,
				0.033,
				0.761,
				1,
				0.556,
				0.248,
				1.078,
				0,
				1.6,
				0,
				1,
				2.444,
				0,
				3.289,
				0,
				4.133,
				0,
				1,
				4.556,
				0,
				4.978,
				1,
				5.4,
				1,
				1,
				5.6,
				1,
				5.8,
				0.943,
				6,
				0.822
			]
		},
		{
			"Target": "Parameter",
			"Id": "ParamEff12",
			"Segments": [
				0,
				0.185,
				1,
				0.011,
				0.185,
				0.022,
				0.173,
				0.033,
				0.167,
				1,
				0.244,
				0.053,
				0.456,
				0,
				0.667,
				0,
				1,
				1.5,
				0,
				2.333,
				0,
				3.167,
				0,
				1,
				3.556,
				0,
				3.944,
				1,
				4.333,
				1,
				1,
				4.889,
				1,
				5.444,
				0.735,
				6,
				0.211
			]
		},
		{
			"Target": "Parameter",
			"Id": "ParamEff13",
			"Segments": [
				0,
				0,
				0,
				2.7,
				0,
				1,
				3.011,
				0,
				3.322,
				1,
				3.633,
				1,
				1,
				4.344,
				1,
				5.056,
				0,
				5.767,
				0,
				0,
				6,
				0
			]
		},
		{
			"Target": "Parameter",
			"Id": "ParamEff14",
			"Segments": [
				0,
				0.999,
				1,
				0.011,
				0.999,
				0.022,
				0.986,
				0.033,
				0.975,
				1,
				0.722,
				0.322,
				1.411,
				0,
				2.1,
				0,
				1,
				3,
				0,
				3.9,
				0,
				4.8,
				0,
				1,
				5.2,
				0,
				5.6,
				1,
				6,
				1
			]
		},
		{
			"Target": "Parameter",
			"Id": "ParamEff15",
			"Segments": [
				0,
				0.2,
				1,
				1,
				0.2,
				2,
				1,
				3,
				1,
				1,
				4,
				1,
				5,
				0.217,
				6,
				0.2
			]
		},
		{
			"Target": "Parameter",
			"Id": "ParamPachi",
			"Segments": [
				0,
				1,
				1,
				0.844,
				1,
				1.689,
				1,
				2.533,
				1,
				1,
				2.556,
				1,
				2.578,
				-1,
				2.6,
				-1,
				1,
				2.611,
				-1,
				2.622,
				-1,
				2.633,
				-1,
				1,
				2.644,
				-1,
				2.656,
				-0.111,
				2.667,
				0,
				1,
				2.7,
				0.334,
				2.733,
				0.744,
				2.767,
				0.8,
				1,
				2.867,
				0.968,
				2.967,
				1,
				3.067,
				1,
				1,
				4.044,
				1,
				5.022,
				1,
				6,
				1
			]
		},
		{
			"Target": "Parameter",
			"Id": "ParamLegL1",
			"Segments": [
				0,
				-3,
				1,
				1,
				-3,
				2,
				0,
				3,
				0,
				1,
				4,
				0,
				5,
				-2.934,
				6,
				-2.999
			]
		},
		{
			"Target": "Parameter",
			"Id": "ParamLegR1",
			"Segments": [
				0,
				0,
				1,
				1,
				0,
				2,
				-17,
				3,
				-17,
				1,
				4,
				-17,
				5,
				-0.372,
				6,
				-0.006
			]
		},
		{
			"Target": "Parameter",
			"Id": "ParamEyeRL",
			"Segments": [
				0,
				0,
				1,
				0.022,
				0,
				0.044,
				6,
				0.067,
				6,
				1,
				0.078,
				6,
				0.089,
				-5,
				0.1,
				-5,
				1,
				0.122,
				-5,
				0.144,
				4,
				0.167,
				4,
				1,
				0.189,
				4,
				0.211,
				-13,
				0.233,
				-13,
				1,
				0.256,
				-13,
				0.278,
				-11.921,
				0.3,
				-5,
				1,
				0.322,
				1.921,
				0.344,
				10,
				0.367,
				10,
				1,
				0.411,
				10,
				0.456,
				9.616,
				0.5,
				6,
				1,
				0.522,
				4.192,
				0.544,
				-14,
				0.567,
				-14,
				1,
				0.589,
				-14,
				0.611,
				2,
				0.633,
				2,
				1,
				0.656,
				2,
				0.678,
				2,
				0.7,
				2,
				1,
				0.711,
				2,
				0.722,
				6,
				0.733,
				6,
				1,
				0.756,
				6,
				0.778,
				-5,
				0.8,
				-5,
				1,
				0.844,
				-5,
				0.889,
				4,
				0.933,
				4,
				1,
				0.956,
				4,
				0.978,
				-13,
				1,
				-13,
				1,
				1.022,
				-13,
				1.044,
				-11.921,
				1.067,
				-5,
				1,
				1.089,
				1.921,
				1.111,
				10,
				1.133,
				10,
				1,
				1.156,
				10,
				1.178,
				10.475,
				1.2,
				6,
				1,
				1.233,
				-0.712,
				1.267,
				-14,
				1.3,
				-14,
				1,
				1.311,
				-14,
				1.322,
				2,
				1.333,
				2,
				1,
				1.367,
				2,
				1.4,
				0,
				1.433,
				0,
				1,
				1.456,
				0,
				1.478,
				6,
				1.5,
				6,
				1,
				1.511,
				6,
				1.522,
				-5,
				1.533,
				-5,
				1,
				1.556,
				-5,
				1.578,
				4,
				1.6,
				4,
				1,
				1.622,
				4,
				1.644,
				-13,
				1.667,
				-13,
				1,
				1.689,
				-13,
				1.711,
				-11.921,
				1.733,
				-5,
				1,
				1.756,
				1.921,
				1.778,
				10,
				1.8,
				10,
				1,
				1.833,
				10,
				1.867,
				9.89,
				1.9,
				6,
				1,
				1.922,
				3.407,
				1.944,
				-14,
				1.967,
				-14,
				1,
				1.989,
				-14,
				2.011,
				2,
				2.033,
				2,
				1,
				2.056,
				2,
				2.078,
				2,
				2.1,
				2,
				1,
				2.133,
				2,
				2.167,
				0,
				2.2,
				0,
				1,
				2.233,
				0,
				2.267,
				6,
				2.3,
				6,
				1,
				2.311,
				6,
				2.322,
				-5,
				2.333,
				-5,
				1,
				2.356,
				-5,
				2.378,
				4,
				2.4,
				4,
				1,
				2.422,
				4,
				2.444,
				-13,
				2.467,
				-13,
				1,
				2.489,
				-13,
				2.511,
				-11.921,
				2.533,
				-5,
				1,
				2.556,
				1.921,
				2.578,
				10,
				2.6,
				10,
				1,
				2.633,
				10,
				2.667,
				9.89,
				2.7,
				6,
				1,
				2.722,
				3.407,
				2.744,
				-14,
				2.767,
				-14,
				1,
				2.8,
				-14,
				2.833,
				2,
				2.867,
				2,
				1,
				2.878,
				2,
				2.889,
				2,
				2.9,
				2,
				1,
				2.922,
				2,
				2.944,
				0,
				2.967,
				0,
				1,
				2.989,
				0,
				3.011,
				6,
				3.033,
				6,
				1,
				3.044,
				6,
				3.056,
				-5,
				3.067,
				-5,
				1,
				3.1,
				-5,
				3.133,
				4,
				3.167,
				4,
				1,
				3.189,
				4,
				3.211,
				-13,
				3.233,
				-13,
				1,
				3.267,
				-13,
				3.3,
				-12.088,
				3.333,
				-5,
				1,
				3.356,
				-0.275,
				3.378,
				10,
				3.4,
				10,
				1,
				3.422,
				10,
				3.444,
				10.475,
				3.467,
				6,
				1,
				3.5,
				-0.712,
				3.533,
				-14,
				3.567,
				-14,
				1,
				3.6,
				-14,
				3.633,
				2,
				3.667,
				2,
				1,
				3.678,
				2,
				3.689,
				2,
				3.7,
				2,
				1,
				3.722,
				2,
				3.744,
				0,
				3.767,
				0,
				1,
				3.8,
				0,
				3.833,
				6,
				3.867,
				6,
				1,
				3.878,
				6,
				3.889,
				-5,
				3.9,
				-5,
				1,
				3.922,
				-5,
				3.944,
				4,
				3.967,
				4,
				1,
				3.989,
				4,
				4.011,
				-13,
				4.033,
				-13,
				1,
				4.056,
				-13,
				4.078,
				-11.056,
				4.1,
				-5,
				1,
				4.133,
				4.084,
				4.167,
				10,
				4.2,
				10,
				1,
				4.222,
				10,
				4.244,
				10.291,
				4.267,
				6,
				1,
				4.289,
				1.709,
				4.311,
				-14,
				4.333,
				-14,
				1,
				4.378,
				-14,
				4.422,
				2,
				4.467,
				2,
				1,
				4.489,
				2,
				4.511,
				2,
				4.533,
				2,
				1,
				4.567,
				2,
				4.6,
				0,
				4.633,
				0,
				1,
				4.656,
				0,
				4.678,
				6,
				4.7,
				6,
				1,
				4.711,
				6,
				4.722,
				-5,
				4.733,
				-5,
				1,
				4.756,
				-5,
				4.778,
				4,
				4.8,
				4,
				1,
				4.822,
				4,
				4.844,
				-13,
				4.867,
				-13,
				1,
				4.889,
				-13,
				4.911,
				-11.056,
				4.933,
				-5,
				1,
				4.967,
				4.084,
				5,
				10,
				5.033,
				10,
				1,
				5.044,
				10,
				5.056,
				10.401,
				5.067,
				6,
				1,
				5.089,
				-2.802,
				5.111,
				-14,
				5.133,
				-14,
				1,
				5.156,
				-14,
				5.178,
				2,
				5.2,
				2,
				1,
				5.233,
				2,
				5.267,
				2,
				5.3,
				2,
				1,
				5.322,
				2,
				5.344,
				0,
				5.367,
				0,
				1,
				5.389,
				0,
				5.411,
				6,
				5.433,
				6,
				1,
				5.444,
				6,
				5.456,
				-5,
				5.467,
				-5,
				1,
				5.489,
				-5,
				5.511,
				4,
				5.533,
				4,
				1,
				5.556,
				4,
				5.578,
				-13,
				5.6,
				-13,
				1,
				5.622,
				-13,
				5.644,
				-11.921,
				5.667,
				-5,
				1,
				5.689,
				1.921,
				5.711,
				10,
				5.733,
				10,
				1,
				5.744,
				10,
				5.756,
				10.401,
				5.767,
				6,
				1,
				5.789,
				-2.802,
				5.811,
				-14,
				5.833,
				-14,
				1,
				5.856,
				-14,
				5.878,
				2,
				5.9,
				2,
				1,
				5.922,
				2,
				5.944,
				2,
				5.967,
				2,
				1,
				5.978,
				2,
				5.989,
				1.5,
				6,
				1
			]
		},
		{
			"Target": "Parameter",
			"Id": "ParamEyeUD",
			"Segments": [
				0,
				0,
				1,
				0.022,
				0,
				0.044,
				12,
				0.067,
				12,
				1,
				0.078,
				12,
				0.089,
				7.785,
				0.1,
				5,
				1,
				0.122,
				-0.57,
				0.144,
				-4.694,
				0.167,
				-9,
				1,
				0.189,
				-13.306,
				0.211,
				-15,
				0.233,
				-15,
				1,
				0.256,
				-15,
				0.278,
				0,
				0.3,
				0,
				1,
				0.322,
				0,
				0.344,
				-12,
				0.367,
				-12,
				1,
				0.411,
				-12,
				0.456,
				14,
				0.5,
				14,
				1,
				0.522,
				14,
				0.544,
				12.54,
				0.567,
				4,
				1,
				0.589,
				-4.54,
				0.611,
				-14,
				0.633,
				-14,
				1,
				0.656,
				-14,
				0.678,
				-14,
				0.7,
				-14,
				1,
				0.711,
				-14,
				0.722,
				12,
				0.733,
				12,
				1,
				0.756,
				12,
				0.778,
				7.774,
				0.8,
				5,
				1,
				0.844,
				-0.549,
				0.889,
				-3.614,
				0.933,
				-9,
				1,
				0.956,
				-11.693,
				0.978,
				-15,
				1,
				-15,
				1,
				1.022,
				-15,
				1.044,
				0,
				1.067,
				0,
				1,
				1.089,
				0,
				1.111,
				-12,
				1.133,
				-12,
				1,
				1.156,
				-12,
				1.178,
				14,
				1.2,
				14,
				1,
				1.233,
				14,
				1.267,
				12.264,
				1.3,
				4,
				1,
				1.311,
				1.245,
				1.322,
				-14,
				1.333,
				-14,
				1,
				1.367,
				-14,
				1.4,
				-10.236,
				1.433,
				0,
				1,
				1.456,
				6.824,
				1.478,
				12,
				1.5,
				12,
				1,
				1.511,
				12,
				1.522,
				7.785,
				1.533,
				5,
				1,
				1.556,
				-0.57,
				1.578,
				-4.694,
				1.6,
				-9,
				1,
				1.622,
				-13.306,
				1.644,
				-15,
				1.667,
				-15,
				1,
				1.689,
				-15,
				1.711,
				0,
				1.733,
				0,
				1,
				1.756,
				0,
				1.778,
				-12,
				1.8,
				-12,
				1,
				1.833,
				-12,
				1.867,
				14,
				1.9,
				14,
				1,
				1.922,
				14,
				1.944,
				12.54,
				1.967,
				4,
				1,
				1.989,
				-4.54,
				2.011,
				-14,
				2.033,
				-14,
				1,
				2.056,
				-14,
				2.078,
				-14,
				2.1,
				-14,
				1,
				2.133,
				-14,
				2.167,
				-8.612,
				2.2,
				0,
				1,
				2.233,
				8.612,
				2.267,
				12,
				2.3,
				12,
				1,
				2.311,
				12,
				2.322,
				7.785,
				2.333,
				5,
				1,
				2.356,
				-0.57,
				2.378,
				-4.694,
				2.4,
				-9,
				1,
				2.422,
				-13.306,
				2.444,
				-15,
				2.467,
				-15,
				1,
				2.489,
				-15,
				2.511,
				0,
				2.533,
				0,
				1,
				2.556,
				0,
				2.578,
				-12,
				2.6,
				-12,
				1,
				2.633,
				-12,
				2.667,
				14,
				2.7,
				14,
				1,
				2.722,
				14,
				2.744,
				11.404,
				2.767,
				4,
				1,
				2.8,
				-7.106,
				2.833,
				-14,
				2.867,
				-14,
				1,
				2.878,
				-14,
				2.889,
				-14,
				2.9,
				-14,
				1,
				2.922,
				-14,
				2.944,
				-8.613,
				2.967,
				0,
				1,
				2.989,
				8.613,
				3.011,
				12,
				3.033,
				12,
				1,
				3.044,
				12,
				3.056,
				6.846,
				3.067,
				5,
				1,
				3.1,
				-0.538,
				3.133,
				-3.885,
				3.167,
				-9,
				1,
				3.189,
				-12.41,
				3.211,
				-15,
				3.233,
				-15,
				1,
				3.267,
				-15,
				3.3,
				0,
				3.333,
				0,
				1,
				3.356,
				0,
				3.378,
				-12,
				3.4,
				-12,
				1,
				3.422,
				-12,
				3.444,
				14,
				3.467,
				14,
				1,
				3.5,
				14,
				3.533,
				12.526,
				3.567,
				4,
				1,
				3.6,
				-4.526,
				3.633,
				-14,
				3.667,
				-14,
				1,
				3.678,
				-14,
				3.689,
				-14,
				3.7,
				-14,
				1,
				3.722,
				-14,
				3.744,
				-6.412,
				3.767,
				0,
				1,
				3.8,
				9.619,
				3.833,
				12,
				3.867,
				12,
				1,
				3.878,
				12,
				3.889,
				7.785,
				3.9,
				5,
				1,
				3.922,
				-0.57,
				3.944,
				-4.694,
				3.967,
				-9,
				1,
				3.989,
				-13.306,
				4.011,
				-15,
				4.033,
				-15,
				1,
				4.056,
				-15,
				4.078,
				0,
				4.1,
				0,
				1,
				4.133,
				0,
				4.167,
				-12,
				4.2,
				-12,
				1,
				4.222,
				-12,
				4.244,
				14,
				4.267,
				14,
				1,
				4.289,
				14,
				4.311,
				10.206,
				4.333,
				4,
				1,
				4.378,
				-8.412,
				4.422,
				-14,
				4.467,
				-14,
				1,
				4.489,
				-14,
				4.511,
				-14,
				4.533,
				-14,
				1,
				4.567,
				-14,
				4.6,
				-10.236,
				4.633,
				0,
				1,
				4.656,
				6.824,
				4.678,
				12,
				4.7,
				12,
				1,
				4.711,
				12,
				4.722,
				7.785,
				4.733,
				5,
				1,
				4.756,
				-0.57,
				4.778,
				-4.694,
				4.8,
				-9,
				1,
				4.822,
				-13.306,
				4.844,
				-15,
				4.867,
				-15,
				1,
				4.889,
				-15,
				4.911,
				0,
				4.933,
				0,
				1,
				4.967,
				0,
				5,
				-12,
				5.033,
				-12,
				1,
				5.044,
				-12,
				5.056,
				14,
				5.067,
				14,
				1,
				5.089,
				14,
				5.111,
				12.54,
				5.133,
				4,
				1,
				5.156,
				-4.54,
				5.178,
				-14,
				5.2,
				-14,
				1,
				5.233,
				-14,
				5.267,
				-14,
				5.3,
				-14,
				1,
				5.322,
				-14,
				5.344,
				-8.613,
				5.367,
				0,
				1,
				5.389,
				8.613,
				5.411,
				12,
				5.433,
				12,
				1,
				5.444,
				12,
				5.456,
				7.785,
				5.467,
				5,
				1,
				5.489,
				-0.57,
				5.511,
				-4.694,
				5.533,
				-9,
				1,
				5.556,
				-13.306,
				5.578,
				-15,
				5.6,
				-15,
				1,
				5.622,
				-15,
				5.644,
				0,
				5.667,
				0,
				1,
				5.689,
				0,
				5.711,
				-12,
				5.733,
				-12,
				1,
				5.744,
				-12,
				5.756,
				14,
				5.767,
				14,
				1,
				5.789,
				14,
				5.811,
				12.54,
				5.833,
				4,
				1,
				5.856,
				-4.54,
				5.878,
				-14,
				5.9,
				-14,
				1,
				5.922,
				-14,
				5.944,
				-14,
				5.967,
				-14,
				1,
				5.978,
				-14,
				5.989,
				-10.5,
				6,
				-7
			]
		},
		{
			"Target": "Parameter",
			"Id": "ParamEyeBS",
			"Segments": [
				0,
				0,
				1,
				0.033,
				0,
				0.067,
				23,
				0.1,
				23,
				1,
				0.133,
				23,
				0.167,
				14,
				0.2,
				14,
				1,
				0.211,
				14,
				0.222,
				30,
				0.233,
				30,
				1,
				0.267,
				30,
				0.3,
				-11,
				0.333,
				-11,
				1,
				0.367,
				-11,
				0.4,
				13,
				0.433,
				13,
				1,
				0.489,
				13,
				0.544,
				-30,
				0.6,
				-30,
				1,
				0.633,
				-30,
				0.667,
				21,
				0.7,
				21,
				1,
				0.756,
				21,
				0.811,
				-6,
				0.867,
				-6,
				1,
				0.9,
				-6,
				0.933,
				30,
				0.967,
				30,
				1,
				0.989,
				30,
				1.011,
				8,
				1.033,
				8,
				1,
				1.067,
				8,
				1.1,
				30,
				1.133,
				30,
				1,
				1.167,
				30,
				1.2,
				5,
				1.233,
				5,
				1,
				1.244,
				5,
				1.256,
				22,
				1.267,
				22,
				1,
				1.3,
				22,
				1.333,
				-11,
				1.367,
				-11,
				1,
				1.4,
				-11,
				1.433,
				9,
				1.467,
				9,
				1,
				1.522,
				9,
				1.578,
				-30,
				1.633,
				-30,
				1,
				1.667,
				-30,
				1.7,
				16,
				1.733,
				16,
				1,
				1.789,
				16,
				1.844,
				-12,
				1.9,
				-12,
				1,
				1.933,
				-12,
				1.967,
				30,
				2,
				30,
				1,
				2.033,
				30,
				2.067,
				0,
				2.1,
				0,
				1,
				2.133,
				0,
				2.167,
				30,
				2.2,
				30,
				1,
				2.233,
				30,
				2.267,
				14,
				2.3,
				14,
				1,
				2.311,
				14,
				2.322,
				30,
				2.333,
				30,
				1,
				2.367,
				30,
				2.4,
				-11,
				2.433,
				-11,
				1,
				2.456,
				-11,
				2.478,
				6,
				2.5,
				6,
				1,
				2.511,
				6,
				2.522,
				-7,
				2.533,
				-7,
				1,
				2.578,
				-7,
				2.622,
				16,
				2.667,
				16,
				1,
				2.689,
				16,
				2.711,
				6,
				2.733,
				6,
				1,
				2.767,
				6,
				2.8,
				25,
				2.833,
				25,
				1,
				2.878,
				25,
				2.922,
				-12,
				2.967,
				-12,
				1,
				3,
				-12,
				3.033,
				30,
				3.067,
				30,
				1,
				3.089,
				30,
				3.111,
				0,
				3.133,
				0,
				1,
				3.167,
				0,
				3.2,
				30,
				3.233,
				30,
				1,
				3.267,
				30,
				3.3,
				5,
				3.333,
				5,
				1,
				3.344,
				5,
				3.356,
				22,
				3.367,
				22,
				1,
				3.4,
				22,
				3.433,
				-11,
				3.467,
				-11,
				1,
				3.5,
				-11,
				3.533,
				9,
				3.567,
				9,
				1,
				3.622,
				9,
				3.678,
				-30,
				3.733,
				-30,
				1,
				3.767,
				-30,
				3.8,
				16,
				3.833,
				16,
				1,
				3.889,
				16,
				3.944,
				-12,
				4,
				-12,
				1,
				4.033,
				-12,
				4.067,
				30,
				4.1,
				30,
				1,
				4.133,
				30,
				4.167,
				0,
				4.2,
				0,
				1,
				4.233,
				0,
				4.267,
				30,
				4.3,
				30,
				1,
				4.322,
				30,
				4.344,
				-6,
				4.367,
				-6,
				1,
				4.378,
				-6,
				4.389,
				21,
				4.4,
				21,
				1,
				4.433,
				21,
				4.467,
				-11,
				4.5,
				-11,
				1,
				4.533,
				-11,
				4.567,
				9,
				4.6,
				9,
				1,
				4.656,
				9,
				4.711,
				-30,
				4.767,
				-30,
				1,
				4.8,
				-30,
				4.833,
				16,
				4.867,
				16,
				1,
				4.922,
				16,
				4.978,
				-12,
				5.033,
				-12,
				1,
				5.067,
				-12,
				5.1,
				30,
				5.133,
				30,
				1,
				5.156,
				30,
				5.178,
				-11,
				5.2,
				-11,
				1,
				5.233,
				-11,
				5.267,
				27,
				5.3,
				27,
				1,
				5.333,
				27,
				5.367,
				3,
				5.4,
				3,
				1,
				5.411,
				3,
				5.422,
				30,
				5.433,
				30,
				1,
				5.467,
				30,
				5.5,
				-11,
				5.533,
				-11,
				1,
				5.567,
				-11,
				5.6,
				16,
				5.633,
				16,
				1,
				5.689,
				16,
				5.744,
				-25,
				5.8,
				-25,
				1,
				5.833,
				-25,
				5.867,
				17.592,
				5.9,
				23,
				1,
				5.933,
				28.408,
				5.967,
				29.642,
				6,
				29.92
			]
		},
		{
			"Target": "Parameter",
			"Id": "ParamPaiLX",
			"Segments": [
				0,
				-2.389,
				1,
				0.011,
				-2.389,
				0.022,
				-2.19,
				0.033,
				-2.092,
				1,
				0.367,
				0.87,
				0.7,
				2.28,
				1.033,
				2.28,
				1,
				2.033,
				2.28,
				3.033,
				-15.48,
				4.033,
				-15.48,
				1,
				4.689,
				-15.48,
				5.344,
				-11.218,
				6,
				-2.762
			]
		},
		{
			"Target": "Parameter",
			"Id": "ParamPaiLY",
			"Segments": [
				0,
				3.037,
				1,
				0.011,
				3.037,
				0.022,
				2.805,
				0.033,
				2.691,
				1,
				0.367,
				-0.758,
				0.7,
				-2.4,
				1.033,
				-2.4,
				1,
				2.033,
				-2.4,
				3.033,
				18.28,
				4.033,
				18.28,
				1,
				4.689,
				18.28,
				5.344,
				13.317,
				6,
				3.471
			]
		},
		{
			"Target": "Parameter",
			"Id": "ParamBreat",
			"Segments": [
				0,
				0,
				1,
				1,
				0,
				2,
				1,
				3,
				1,
				1,
				4,
				1,
				5,
				0.022,
				6,
				0
			]
		},
		{
			"Target": "Parameter",
			"Id": "ParammasukuX",
			"Segments": [
				0,
				-30,
				1,
				1,
				-30,
				2,
				30,
				3,
				30,
				1,
				4,
				30,
				5,
				-28.689,
				6,
				-29.978
			]
		},
		{
			"Target": "Parameter",
			"Id": "ParammasukuY",
			"Segments": [
				0,
				0,
				1,
				1,
				0,
				2,
				0,
				3,
				0,
				1,
				4,
				0,
				5,
				0,
				6,
				0
			]
		},
		{
			"Target": "Parameter",
			"Id": "Param7",
			"Segments": [
				0,
				23.83,
				1,
				0.011,
				23.83,
				0.022,
				23.369,
				0.033,
				23.134,
				1,
				0.8,
				6.937,
				1.567,
				-1,
				2.333,
				-1,
				1,
				3.333,
				-1,
				4.333,
				28,
				5.333,
				28,
				1,
				5.556,
				28,
				5.778,
				26.849,
				6,
				24.415
			]
		},
		{
			"Target": "Parameter",
			"Id": "Param5",
			"Segments": [
				0,
				0,
				1,
				1,
				0,
				2,
				-14,
				3,
				-14,
				1,
				4,
				-14,
				5,
				-0.306,
				6,
				-0.005
			]
		},
		{
			"Target": "Parameter",
			"Id": "Param",
			"Segments": [
				0,
				-3.842,
				1,
				0.011,
				-3.842,
				0.022,
				-3.652,
				0.033,
				-3.559,
				1,
				0.322,
				-1.141,
				0.611,
				0,
				0.9,
				0,
				1,
				1.9,
				0,
				2.9,
				-18.72,
				3.9,
				-18.72,
				1,
				4.6,
				-18.72,
				5.3,
				-13.857,
				6,
				-4.224
			]
		},
		{
			"Target": "Parameter",
			"Id": "Param3",
			"Segments": [
				0,
				-7.759,
				1,
				0.011,
				-7.759,
				0.022,
				-7.57,
				0.033,
				-7.475,
				1,
				0.389,
				-4.46,
				0.744,
				-3.02,
				1.1,
				-3.02,
				1,
				2.1,
				-3.02,
				3.1,
				-19.18,
				4.1,
				-19.18,
				1,
				4.733,
				-19.18,
				5.367,
				-15.469,
				6,
				-8.1
			]
		},
		{
			"Target": "Parameter",
			"Id": "Param2",
			"Segments": [
				0,
				0,
				1,
				1,
				0,
				2,
				-16,
				3,
				-16,
				1,
				4,
				-16,
				5,
				-0.35,
				6,
				-0.006
			]
		},
		{
			"Target": "Parameter",
			"Id": "Param6",
			"Segments": [
				0,
				2.637,
				1,
				0.011,
				2.637,
				0.022,
				2.951,
				0.033,
				3.105,
				1,
				0.322,
				7.108,
				0.611,
				9,
				0.9,
				9,
				1,
				1.9,
				9,
				2.9,
				-22,
				3.9,
				-22,
				1,
				4.6,
				-22,
				5.3,
				-13.947,
				6,
				2.004
			]
		},
		{
			"Target": "Parameter",
			"Id": "Param4",
			"Segments": [
				0,
				2.629,
				1,
				0.011,
				2.629,
				0.022,
				2.821,
				0.033,
				2.915,
				1,
				0.322,
				5.364,
				0.611,
				6.52,
				0.9,
				6.52,
				1,
				1.9,
				6.52,
				2.9,
				-12.44,
				3.9,
				-12.44,
				1,
				4.6,
				-12.44,
				5.3,
				-7.515,
				6,
				2.241
			]
		},
		{
			"Target": "Parameter",
			"Id": "Param8",
			"Segments": [
				0,
				7.535,
				1,
				0.011,
				7.535,
				0.022,
				6.933,
				0.033,
				6.63,
				1,
				0.689,
				-11.26,
				1.344,
				-20,
				2,
				-20,
				1,
				3,
				-20,
				4,
				18,
				5,
				18,
				1,
				5.333,
				18,
				5.667,
				14.82,
				6,
				8.337
			]
		},
		{
			"Target": "Parameter",
			"Id": "Param9",
			"Segments": [
				0,
				-16.695,
				1,
				0.011,
				-16.695,
				0.022,
				-16.057,
				0.033,
				-15.737,
				1,
				0.867,
				8.233,
				1.7,
				20,
				2.533,
				20,
				1,
				3.533,
				20,
				4.533,
				-20,
				5.533,
				-20,
				1,
				5.689,
				-20,
				5.844,
				-19.21,
				6,
				-17.452
			]
		},
		{
			"Target": "Parameter",
			"Id": "Param21",
			"Segments": [
				0,
				11.683,
				1,
				0.011,
				11.683,
				0.022,
				11.236,
				0.033,
				11.013,
				1,
				0.867,
				-5.766,
				1.7,
				-14,
				2.533,
				-14,
				1,
				3.533,
				-14,
				4.533,
				14,
				5.533,
				14,
				1,
				5.689,
				14,
				5.844,
				13.448,
				6,
				12.217
			]
		},
		{
			"Target": "Parameter",
			"Id": "Param_Angle_Rotation_1_ArtMesh126",
			"Segments": [
				0,
				0,
				1,
				0.011,
				0,
				0.022,
				0,
				0.033,
				0,
				1,
				0.844,
				0,
				1.656,
				0,
				2.467,
				0,
				1,
				3.467,
				0,
				4.467,
				0,
				5.467,
				0,
				1,
				5.644,
				0,
				5.822,
				0,
				6,
				0
			]
		},
		{
			"Target": "Parameter",
			"Id": "Param_Angle_Rotation_2_ArtMesh126",
			"Segments": [
				0,
				0.251,
				1,
				0.011,
				0.251,
				0.022,
				0.309,
				0.033,
				0.339,
				1,
				0.889,
				2.637,
				1.744,
				3.764,
				2.6,
				3.764,
				1,
				3.6,
				3.764,
				4.6,
				0,
				5.6,
				0,
				1,
				5.733,
				0,
				5.867,
				0.054,
				6,
				0.179
			]
		},
		{
			"Target": "Parameter",
			"Id": "Param_Angle_Rotation_3_ArtMesh126",
			"Segments": [
				0,
				0.359,
				1,
				0.011,
				0.359,
				0.022,
				0.499,
				0.033,
				0.569,
				1,
				0.933,
				6.231,
				1.833,
				9.011,
				2.733,
				9.011,
				1,
				3.733,
				9.011,
				4.733,
				0,
				5.733,
				0,
				1,
				5.822,
				0,
				5.911,
				0.055,
				6,
				0.197
			]
		},
		{
			"Target": "Parameter",
			"Id": "Param_Angle_Rotation_4_ArtMesh126",
			"Segments": [
				0,
				0.449,
				1,
				0.011,
				0.449,
				0.022,
				0.626,
				0.033,
				0.714,
				1,
				0.978,
				8.172,
				1.922,
				11.837,
				2.867,
				11.837,
				1,
				3.867,
				11.837,
				4.867,
				0.182,
				5.867,
				0.182,
				1,
				5.911,
				0.182,
				5.956,
				0.195,
				6,
				0.248
			]
		},
		{
			"Target": "Parameter",
			"Id": "Param_Angle_Rotation_5_ArtMesh126",
			"Segments": [
				0,
				-6.299,
				1,
				0.011,
				-6.299,
				0.022,
				-6.261,
				0.033,
				-6.231,
				1,
				1.022,
				-3.574,
				2.011,
				-2.26,
				3,
				-2.26,
				1,
				4,
				-2.26,
				5,
				-6.3,
				6,
				-6.3
			]
		},
		{
			"Target": "Parameter",
			"Id": "Param10",
			"Segments": [
				0,
				28.438,
				1,
				0.011,
				28.438,
				0.022,
				27.972,
				0.033,
				27.737,
				1,
				0.911,
				9.138,
				1.789,
				0,
				2.667,
				0,
				1,
				3.667,
				0,
				4.667,
				30,
				5.667,
				30,
				1,
				5.778,
				30,
				5.889,
				29.705,
				6,
				28.993
			]
		},
		{
			"Target": "Parameter",
			"Id": "Param11",
			"Segments": [
				0,
				28.438,
				1,
				0.011,
				28.438,
				0.022,
				27.972,
				0.033,
				27.737,
				1,
				0.911,
				9.138,
				1.789,
				0,
				2.667,
				0,
				1,
				3.667,
				0,
				4.667,
				30,
				5.667,
				30,
				1,
				5.778,
				30,
				5.889,
				29.705,
				6,
				28.993
			]
		},
		{
			"Target": "Parameter",
			"Id": "Param12",
			"Segments": [
				0,
				10.748,
				1,
				0.011,
				10.748,
				0.022,
				10.376,
				0.033,
				10.187,
				1,
				0.911,
				-4.692,
				1.789,
				-12,
				2.667,
				-12,
				1,
				3.667,
				-12,
				4.667,
				12,
				5.667,
				12,
				1,
				5.778,
				12,
				5.889,
				11.764,
				6,
				11.195
			]
		},
		{
			"Target": "Parameter",
			"Id": "Param13",
			"Segments": [
				0,
				18.993,
				1,
				0.011,
				18.993,
				0.022,
				18.479,
				0.033,
				18.221,
				1,
				0.733,
				1.955,
				1.433,
				-6,
				2.133,
				-6,
				1,
				3.133,
				-6,
				4.133,
				26,
				5.133,
				26,
				1,
				5.422,
				26,
				5.711,
				23.928,
				6,
				19.659
			]
		},
		{
			"Target": "Parameter",
			"Id": "Param_Angle_Rotation_1_ArtMesh116",
			"Segments": [
				0,
				4.318,
				1,
				0.011,
				4.318,
				0.022,
				4.372,
				0.033,
				4.398,
				1,
				0.244,
				4.899,
				0.456,
				5.13,
				0.667,
				5.13,
				1,
				1.667,
				5.13,
				2.667,
				-1.89,
				3.667,
				-1.89,
				1,
				4.444,
				-1.89,
				5.222,
				0.149,
				6,
				4.181
			]
		},
		{
			"Target": "Parameter",
			"Id": "Param_Angle_Rotation_2_ArtMesh116",
			"Segments": [
				0,
				2.441,
				1,
				0.011,
				2.441,
				0.022,
				2.481,
				0.033,
				2.5,
				1,
				0.267,
				2.899,
				0.5,
				3.085,
				0.733,
				3.085,
				1,
				1.733,
				3.085,
				2.733,
				-1.53,
				3.733,
				-1.53,
				1,
				4.489,
				-1.53,
				5.244,
				-0.227,
				6,
				2.35
			]
		},
		{
			"Target": "Parameter",
			"Id": "Param_Angle_Rotation_3_ArtMesh116",
			"Segments": [
				0,
				0.379,
				1,
				0.011,
				0.379,
				0.022,
				0.398,
				0.033,
				0.407,
				1,
				0.289,
				0.62,
				0.544,
				0.72,
				0.8,
				0.72,
				1,
				1.8,
				0.72,
				2.8,
				-1.35,
				3.8,
				-1.35,
				1,
				4.533,
				-1.35,
				5.267,
				-0.784,
				6,
				0.337
			]
		},
		{
			"Target": "Parameter",
			"Id": "Param_Angle_Rotation_4_ArtMesh116",
			"Segments": [
				0,
				0.033,
				1,
				0.011,
				0.033,
				0.022,
				0.049,
				0.033,
				0.057,
				1,
				0.311,
				0.263,
				0.589,
				0.36,
				0.867,
				0.36,
				1,
				1.867,
				0.36,
				2.867,
				-1.35,
				3.867,
				-1.35,
				1,
				4.578,
				-1.35,
				5.289,
				-0.898,
				6,
				-0.002
			]
		},
		{
			"Target": "Parameter",
			"Id": "Param_Angle_Rotation_5_ArtMesh116",
			"Segments": [
				0,
				0.973,
				1,
				0.011,
				0.973,
				0.022,
				1.021,
				0.033,
				1.044,
				1,
				0.333,
				1.68,
				0.633,
				1.98,
				0.933,
				1.98,
				1,
				1.933,
				1.98,
				2.933,
				-2.61,
				3.933,
				-2.61,
				1,
				4.622,
				-2.61,
				5.311,
				-1.44,
				6,
				0.879
			]
		},
		{
			"Target": "Parameter",
			"Id": "Param_Angle_Rotation_1_ArtMesh117",
			"Segments": [
				0,
				1.08,
				1,
				0.011,
				1.08,
				0.022,
				1.164,
				0.033,
				1.205,
				1,
				0.244,
				1.982,
				0.456,
				2.34,
				0.667,
				2.34,
				1,
				1.667,
				2.34,
				2.667,
				-8.55,
				3.667,
				-8.55,
				1,
				4.444,
				-8.55,
				5.222,
				-5.387,
				6,
				0.868
			]
		},
		{
			"Target": "Parameter",
			"Id": "Param_Angle_Rotation_2_ArtMesh117",
			"Segments": [
				0,
				1.955,
				1,
				0.011,
				1.955,
				0.022,
				1.99,
				0.033,
				2.006,
				1,
				0.267,
				2.357,
				0.5,
				2.52,
				0.733,
				2.52,
				1,
				1.733,
				2.52,
				2.733,
				-1.53,
				3.733,
				-1.53,
				1,
				4.489,
				-1.53,
				5.244,
				-0.387,
				6,
				1.875
			]
		},
		{
			"Target": "Parameter",
			"Id": "Param_Angle_Rotation_3_ArtMesh117",
			"Segments": [
				0,
				2.706,
				1,
				0.011,
				2.706,
				0.022,
				2.736,
				0.033,
				2.751,
				1,
				0.289,
				3.084,
				0.544,
				3.24,
				0.8,
				3.24,
				1,
				1.8,
				3.24,
				2.8,
				0,
				3.8,
				0,
				1,
				4.533,
				0,
				5.267,
				0.886,
				6,
				2.641
			]
		},
		{
			"Target": "Parameter",
			"Id": "Param_Angle_Rotation_4_ArtMesh117",
			"Segments": [
				0,
				3.493,
				1,
				0.011,
				3.493,
				0.022,
				3.535,
				0.033,
				3.556,
				1,
				0.311,
				4.075,
				0.589,
				4.32,
				0.867,
				4.32,
				1,
				1.867,
				4.32,
				2.867,
				0,
				3.867,
				0,
				1,
				4.578,
				0,
				5.289,
				1.142,
				6,
				3.405
			]
		},
		{
			"Target": "Parameter",
			"Id": "Param_Angle_Rotation_5_ArtMesh117",
			"Segments": [
				0,
				4.918,
				1,
				0.011,
				4.918,
				0.022,
				4.983,
				0.033,
				5.015,
				1,
				0.333,
				5.888,
				0.633,
				6.3,
				0.933,
				6.3,
				1,
				1.933,
				6.3,
				2.933,
				0,
				3.933,
				0,
				1,
				4.622,
				0,
				5.311,
				1.606,
				6,
				4.789
			]
		},
		{
			"Target": "Parameter",
			"Id": "Param_Angle_Rotation_1_ArtMesh37",
			"Segments": [
				0,
				0.519,
				1,
				0.011,
				0.519,
				0.022,
				0.443,
				0.033,
				0.405,
				1,
				0.344,
				-0.664,
				0.656,
				-1.17,
				0.967,
				-1.17,
				1,
				1.967,
				-1.17,
				2.967,
				6.06,
				3.967,
				6.06,
				1,
				4.644,
				6.06,
				5.322,
				4.252,
				6,
				0.668
			]
		},
		{
			"Target": "Parameter",
			"Id": "Param_Angle_Rotation_2_ArtMesh37",
			"Segments": [
				0,
				0,
				1,
				0.011,
				0,
				0.022,
				0,
				0.033,
				0,
				1,
				0.389,
				0,
				0.744,
				0,
				1.1,
				0,
				1,
				2.1,
				0,
				3.1,
				0,
				4.1,
				0,
				1,
				4.733,
				0,
				5.367,
				0,
				6,
				0
			]
		},
		{
			"Target": "Parameter",
			"Id": "Param_Angle_Rotation_3_ArtMesh37",
			"Segments": [
				0,
				-0.142,
				1,
				0.011,
				-0.142,
				0.022,
				-0.223,
				0.033,
				-0.264,
				1,
				0.433,
				-1.728,
				0.833,
				-2.43,
				1.233,
				-2.43,
				1,
				2.233,
				-2.43,
				3.233,
				4,
				4.233,
				4,
				1,
				4.822,
				4,
				5.411,
				2.661,
				6,
				-0.004
			]
		},
		{
			"Target": "Parameter",
			"Id": "Param_Angle_Rotation_4_ArtMesh37",
			"Segments": [
				0,
				0,
				1,
				0.011,
				0,
				0.022,
				0,
				0.033,
				0,
				1,
				0.478,
				0,
				0.922,
				0,
				1.367,
				0,
				1,
				2.367,
				0,
				3.367,
				0,
				4.367,
				0,
				1,
				4.911,
				0,
				5.456,
				0,
				6,
				0
			]
		},
		{
			"Target": "Parameter",
			"Id": "Param_Angle_Rotation_5_ArtMesh37",
			"Segments": [
				0,
				1.317,
				1,
				0.011,
				1.317,
				0.022,
				1.187,
				0.033,
				1.123,
				1,
				0.522,
				-1.737,
				1.011,
				-3.119,
				1.5,
				-3.119,
				1,
				2.5,
				-3.119,
				3.5,
				6,
				4.5,
				6,
				1,
				5,
				6,
				5.5,
				4.505,
				6,
				1.516
			]
		},
		{
			"Target": "Parameter",
			"Id": "Param_Angle_Rotation_6_ArtMesh37",
			"Segments": [
				0,
				0,
				1,
				0.011,
				0,
				0.022,
				0,
				0.033,
				0,
				1,
				0.567,
				0,
				1.1,
				0,
				1.633,
				0,
				1,
				2.633,
				0,
				3.633,
				0,
				4.633,
				0,
				1,
				5.089,
				0,
				5.544,
				0,
				6,
				0
			]
		},
		{
			"Target": "Parameter",
			"Id": "Param_Angle_Rotation_7_ArtMesh37",
			"Segments": [
				0,
				3.07,
				1,
				0.011,
				3.07,
				0.022,
				2.83,
				0.033,
				2.711,
				1,
				0.611,
				-3.474,
				1.189,
				-6.48,
				1.767,
				-6.48,
				1,
				2.767,
				-6.48,
				3.767,
				9,
				4.767,
				9,
				1,
				5.178,
				9,
				5.589,
				7.145,
				6,
				3.406
			]
		},
		{
			"Target": "Parameter",
			"Id": "Param_Angle_Rotation_1_ArtMesh38",
			"Segments": [
				0,
				-0.136,
				1,
				0.011,
				-0.136,
				0.022,
				-0.127,
				0.033,
				-0.123,
				1,
				0.244,
				-0.039,
				0.456,
				0,
				0.667,
				0,
				1,
				1.667,
				0,
				2.667,
				-1.18,
				3.667,
				-1.18,
				1,
				4.444,
				-1.18,
				5.222,
				-0.837,
				6,
				-0.159
			]
		},
		{
			"Target": "Parameter",
			"Id": "Param_Angle_Rotation_2_ArtMesh38",
			"Segments": [
				0,
				-0.264,
				1,
				0.011,
				-0.264,
				0.022,
				-0.248,
				0.033,
				-0.24,
				1,
				0.267,
				-0.076,
				0.5,
				0,
				0.733,
				0,
				1,
				1.733,
				0,
				2.733,
				-1.89,
				3.733,
				-1.89,
				1,
				4.489,
				-1.89,
				5.244,
				-1.356,
				6,
				-0.301
			]
		},
		{
			"Target": "Parameter",
			"Id": "Param_Angle_Rotation_3_ArtMesh38",
			"Segments": [
				0,
				-0.282,
				1,
				0.011,
				-0.282,
				0.022,
				-0.266,
				0.033,
				-0.258,
				1,
				0.289,
				-0.082,
				0.544,
				0,
				0.8,
				0,
				1,
				1.8,
				0,
				2.8,
				-1.71,
				3.8,
				-1.71,
				1,
				4.533,
				-1.71,
				5.267,
				-1.242,
				6,
				-0.316
			]
		},
		{
			"Target": "Parameter",
			"Id": "Param_Angle_Rotation_4_ArtMesh38",
			"Segments": [
				0,
				-0.482,
				1,
				0.011,
				-0.482,
				0.022,
				-0.458,
				0.033,
				-0.446,
				1,
				0.311,
				-0.143,
				0.589,
				0,
				0.867,
				0,
				1,
				1.867,
				0,
				2.867,
				-2.52,
				3.867,
				-2.52,
				1,
				4.578,
				-2.52,
				5.289,
				-1.854,
				6,
				-0.534
			]
		},
		{
			"Target": "Parameter",
			"Id": "Param_Angle_Rotation_5_ArtMesh38",
			"Segments": [
				0,
				-0.632,
				1,
				0.011,
				-0.632,
				0.022,
				-0.602,
				0.033,
				-0.587,
				1,
				0.333,
				-0.188,
				0.633,
				0,
				0.933,
				0,
				1,
				1.933,
				0,
				2.933,
				-2.88,
				3.933,
				-2.88,
				1,
				4.622,
				-2.88,
				5.311,
				-2.146,
				6,
				-0.691
			]
		},
		{
			"Target": "Parameter",
			"Id": "Param_Angle_Rotation_6_ArtMesh38",
			"Segments": [
				0,
				-0.916,
				1,
				0.011,
				-0.916,
				0.022,
				-0.875,
				0.033,
				-0.855,
				1,
				0.356,
				-0.275,
				0.678,
				0,
				1,
				0,
				1,
				2,
				0,
				3,
				-3.69,
				4,
				-3.69,
				1,
				4.667,
				-3.69,
				5.333,
				-2.786,
				6,
				-0.992
			]
		},
		{
			"Target": "Parameter",
			"Id": "Param_Angle_Rotation_7_ArtMesh38",
			"Segments": [
				0,
				-1.176,
				1,
				0.011,
				-1.176,
				0.022,
				-1.127,
				0.033,
				-1.103,
				1,
				0.378,
				-0.356,
				0.722,
				0,
				1.067,
				0,
				1,
				2.067,
				0,
				3.067,
				-4.23,
				4.067,
				-4.23,
				1,
				4.711,
				-4.23,
				5.356,
				-3.237,
				6,
				-1.265
			]
		},
		{
			"Target": "Parameter",
			"Id": "Param_Angle_Rotation_1_ArtMesh39",
			"Segments": [
				0,
				-0.146,
				1,
				0.011,
				-0.146,
				0.022,
				-0.136,
				0.033,
				-0.131,
				1,
				0.244,
				-0.041,
				0.456,
				0,
				0.667,
				0,
				1,
				1.667,
				0,
				2.667,
				-1.26,
				3.667,
				-1.26,
				1,
				4.444,
				-1.26,
				5.222,
				-0.894,
				6,
				-0.17
			]
		},
		{
			"Target": "Parameter",
			"Id": "Param_Angle_Rotation_2_ArtMesh39",
			"Segments": [
				0,
				-0.201,
				1,
				0.011,
				-0.201,
				0.022,
				-0.189,
				0.033,
				-0.183,
				1,
				0.267,
				-0.058,
				0.5,
				0,
				0.733,
				0,
				1,
				1.733,
				0,
				2.733,
				-1.44,
				3.733,
				-1.44,
				1,
				4.489,
				-1.44,
				5.244,
				-1.034,
				6,
				-0.229
			]
		},
		{
			"Target": "Parameter",
			"Id": "Param_Angle_Rotation_3_ArtMesh39",
			"Segments": [
				0,
				-0.163,
				1,
				0.011,
				-0.163,
				0.022,
				-0.154,
				0.033,
				-0.15,
				1,
				0.289,
				-0.048,
				0.544,
				0,
				0.8,
				0,
				1,
				1.8,
				0,
				2.8,
				-0.99,
				3.8,
				-0.99,
				1,
				4.533,
				-0.99,
				5.267,
				-0.719,
				6,
				-0.183
			]
		},
		{
			"Target": "Parameter",
			"Id": "Param_Angle_Rotation_4_ArtMesh39",
			"Segments": [
				0,
				-0.327,
				1,
				0.011,
				-0.327,
				0.022,
				-0.311,
				0.033,
				-0.303,
				1,
				0.311,
				-0.097,
				0.589,
				0,
				0.867,
				0,
				1,
				1.867,
				0,
				2.867,
				-1.71,
				3.867,
				-1.71,
				1,
				4.578,
				-1.71,
				5.289,
				-1.258,
				6,
				-0.362
			]
		},
		{
			"Target": "Parameter",
			"Id": "Param_Angle_Rotation_5_ArtMesh39",
			"Segments": [
				0,
				-0.355,
				1,
				0.011,
				-0.355,
				0.022,
				-0.339,
				0.033,
				-0.33,
				1,
				0.333,
				-0.106,
				0.633,
				0,
				0.933,
				0,
				1,
				1.933,
				0,
				2.933,
				-1.62,
				3.933,
				-1.62,
				1,
				4.622,
				-1.62,
				5.311,
				-1.207,
				6,
				-0.389
			]
		},
		{
			"Target": "Parameter",
			"Id": "Param_Angle_Rotation_6_ArtMesh39",
			"Segments": [
				0,
				-0.536,
				1,
				0.011,
				-0.536,
				0.022,
				-0.512,
				0.033,
				-0.501,
				1,
				0.356,
				-0.161,
				0.678,
				0,
				1,
				0,
				1,
				2,
				0,
				3,
				-2.16,
				4,
				-2.16,
				1,
				4.667,
				-2.16,
				5.333,
				-1.631,
				6,
				-0.581
			]
		},
		{
			"Target": "Parameter",
			"Id": "Param_Angle_Rotation_7_ArtMesh39",
			"Segments": [
				0,
				-0.625,
				1,
				0.011,
				-0.625,
				0.022,
				-0.6,
				0.033,
				-0.587,
				1,
				0.378,
				-0.189,
				0.722,
				0,
				1.067,
				0,
				1,
				2.067,
				0,
				3.067,
				-2.25,
				4.067,
				-2.25,
				1,
				4.711,
				-2.25,
				5.356,
				-1.722,
				6,
				-0.673
			]
		},
		{
			"Target": "Parameter",
			"Id": "Param14",
			"Segments": [
				0,
				0.778,
				1,
				0.011,
				0.778,
				0.022,
				0.593,
				0.033,
				0.503,
				1,
				0.244,
				-1.209,
				0.456,
				-2,
				0.667,
				-2,
				1,
				1.667,
				-2,
				2.667,
				22,
				3.667,
				22,
				1,
				4.444,
				22,
				5.222,
				15.027,
				6,
				1.243
			]
		},
		{
			"Target": "Parameter",
			"Id": "Param_Angle_Rotation_1_ArtMesh42",
			"Segments": [
				0,
				-0.146,
				1,
				0.011,
				-0.146,
				0.022,
				-0.141,
				0.033,
				-0.138,
				1,
				0.467,
				-0.045,
				0.9,
				0,
				1.333,
				0,
				1,
				2.333,
				0,
				3.333,
				-0.36,
				4.333,
				-0.36,
				1,
				4.889,
				-0.36,
				5.444,
				-0.291,
				6,
				-0.153
			]
		},
		{
			"Target": "Parameter",
			"Id": "Param_Angle_Rotation_2_ArtMesh42",
			"Segments": [
				0,
				-0.433,
				1,
				0.011,
				-0.433,
				0.022,
				-0.419,
				0.033,
				-0.412,
				1,
				0.489,
				-0.134,
				0.944,
				0,
				1.4,
				0,
				1,
				2.4,
				0,
				3.4,
				-0.99,
				4.4,
				-0.99,
				1,
				4.933,
				-0.99,
				5.467,
				-0.811,
				6,
				-0.454
			]
		},
		{
			"Target": "Parameter",
			"Id": "Param_Angle_Rotation_3_ArtMesh42",
			"Segments": [
				0,
				-0.55,
				1,
				0.011,
				-0.55,
				0.022,
				-0.533,
				0.033,
				-0.525,
				1,
				0.511,
				-0.171,
				0.989,
				0,
				1.467,
				0,
				1,
				2.467,
				0,
				3.467,
				-1.17,
				4.467,
				-1.17,
				1,
				4.978,
				-1.17,
				5.489,
				-0.972,
				6,
				-0.575
			]
		},
		{
			"Target": "Parameter",
			"Id": "Param_Angle_Rotation_4_ArtMesh42",
			"Segments": [
				0,
				-2.036,
				1,
				0.011,
				-2.036,
				0.022,
				-1.978,
				0.033,
				-1.949,
				1,
				0.533,
				-0.635,
				1.033,
				0,
				1.533,
				0,
				1,
				2.533,
				0,
				3.533,
				-4.05,
				4.533,
				-4.05,
				1,
				5.022,
				-4.05,
				5.511,
				-3.409,
				6,
				-2.125
			]
		},
		{
			"Target": "Parameter",
			"Id": "Param_Angle_Rotation_5_ArtMesh42",
			"Segments": [
				0,
				-2.893,
				1,
				0.011,
				-2.893,
				0.022,
				-2.812,
				0.033,
				-2.773,
				1,
				0.556,
				-0.905,
				1.078,
				0,
				1.6,
				0,
				1,
				2.6,
				0,
				3.6,
				-5.4,
				4.6,
				-5.4,
				1,
				5.067,
				-5.4,
				5.533,
				-4.605,
				6,
				-3.011
			]
		},
		{
			"Target": "Parameter",
			"Id": "Param_Angle_Rotation_6_ArtMesh42",
			"Segments": [
				0,
				-1.433,
				1,
				0.011,
				-1.433,
				0.022,
				-1.395,
				0.033,
				-1.376,
				1,
				0.578,
				-0.449,
				1.122,
				0,
				1.667,
				0,
				1,
				2.667,
				0,
				3.667,
				-2.52,
				4.667,
				-2.52,
				1,
				5.111,
				-2.52,
				5.556,
				-2.177,
				6,
				-1.488
			]
		},
		{
			"Target": "Parameter",
			"Id": "Param_Angle_Rotation_7_ArtMesh42",
			"Segments": [
				0,
				2.217,
				1,
				0.011,
				2.217,
				0.022,
				2.162,
				0.033,
				2.133,
				1,
				0.6,
				0.697,
				1.167,
				0,
				1.733,
				0,
				1,
				2.733,
				0,
				3.733,
				3.69,
				4.733,
				3.69,
				1,
				5.156,
				3.69,
				5.578,
				3.228,
				6,
				2.298
			]
		},
		{
			"Target": "Parameter",
			"Id": "Param_Angle_Rotation_8_ArtMesh42",
			"Segments": [
				0,
				2.564,
				1,
				0.011,
				2.564,
				0.022,
				2.501,
				0.033,
				2.47,
				1,
				0.622,
				0.808,
				1.211,
				0,
				1.8,
				0,
				1,
				2.8,
				0,
				3.8,
				4.05,
				4.8,
				4.05,
				1,
				5.2,
				4.05,
				5.6,
				3.586,
				6,
				2.651
			]
		},
		{
			"Target": "Parameter",
			"Id": "Param_Angle_Rotation_9_ArtMesh42",
			"Segments": [
				0,
				2.57,
				1,
				0.011,
				2.57,
				0.022,
				2.51,
				0.033,
				2.479,
				1,
				0.644,
				0.812,
				1.256,
				0,
				1.867,
				0,
				1,
				2.867,
				0,
				3.867,
				3.87,
				4.867,
				3.87,
				1,
				5.244,
				3.87,
				5.622,
				3.468,
				6,
				2.653
			]
		},
		{
			"Target": "Parameter",
			"Id": "Param_Angle_Rotation_10_ArtMesh42",
			"Segments": [
				0,
				3.126,
				1,
				0.011,
				3.126,
				0.022,
				3.055,
				0.033,
				3.02,
				1,
				0.667,
				0.989,
				1.3,
				0,
				1.933,
				0,
				1,
				2.933,
				0,
				3.933,
				4.5,
				4.933,
				4.5,
				1,
				5.289,
				4.5,
				5.644,
				4.079,
				6,
				3.223
			]
		},
		{
			"Target": "Parameter",
			"Id": "Param_Angle_Rotation_11_ArtMesh42",
			"Segments": [
				0,
				4.76,
				1,
				0.011,
				4.76,
				0.022,
				4.656,
				0.033,
				4.604,
				1,
				0.689,
				1.509,
				1.344,
				0,
				2,
				0,
				1,
				3,
				0,
				4,
				6.57,
				5,
				6.57,
				1,
				5.333,
				6.57,
				5.667,
				6.02,
				6,
				4.899
			]
		},
		{
			"Target": "Parameter",
			"Id": "Param_Angle_Rotation_1_ArtMesh43",
			"Segments": [
				0,
				-0.874,
				1,
				0.011,
				-0.874,
				0.022,
				-0.845,
				0.033,
				-0.831,
				1,
				0.467,
				-0.27,
				0.9,
				0,
				1.333,
				0,
				1,
				2.333,
				0,
				3.333,
				-2.16,
				4.333,
				-2.16,
				1,
				4.889,
				-2.16,
				5.444,
				-1.746,
				6,
				-0.92
			]
		},
		{
			"Target": "Parameter",
			"Id": "Param_Angle_Rotation_2_ArtMesh43",
			"Segments": [
				0,
				-0.433,
				1,
				0.011,
				-0.433,
				0.022,
				-0.419,
				0.033,
				-0.412,
				1,
				0.489,
				-0.134,
				0.944,
				0,
				1.4,
				0,
				1,
				2.4,
				0,
				3.4,
				-0.99,
				4.4,
				-0.99,
				1,
				4.933,
				-0.99,
				5.467,
				-0.811,
				6,
				-0.454
			]
		},
		{
			"Target": "Parameter",
			"Id": "Param_Angle_Rotation_3_ArtMesh43",
			"Segments": [
				0,
				-0.338,
				1,
				0.011,
				-0.338,
				0.022,
				-0.328,
				0.033,
				-0.323,
				1,
				0.511,
				-0.105,
				0.989,
				0,
				1.467,
				0,
				1,
				2.467,
				0,
				3.467,
				-0.72,
				4.467,
				-0.72,
				1,
				4.978,
				-0.72,
				5.489,
				-0.598,
				6,
				-0.354
			]
		},
		{
			"Target": "Parameter",
			"Id": "Param_Angle_Rotation_4_ArtMesh43",
			"Segments": [
				0,
				-1.086,
				1,
				0.011,
				-1.086,
				0.022,
				-1.055,
				0.033,
				-1.039,
				1,
				0.533,
				-0.339,
				1.033,
				0,
				1.533,
				0,
				1,
				2.533,
				0,
				3.533,
				-2.16,
				4.533,
				-2.16,
				1,
				5.022,
				-2.16,
				5.511,
				-1.818,
				6,
				-1.133
			]
		},
		{
			"Target": "Parameter",
			"Id": "Param_Angle_Rotation_5_ArtMesh43",
			"Segments": [
				0,
				0.675,
				1,
				0.011,
				0.675,
				0.022,
				0.656,
				0.033,
				0.647,
				1,
				0.556,
				0.211,
				1.078,
				0,
				1.6,
				0,
				1,
				2.6,
				0,
				3.6,
				1.26,
				4.6,
				1.26,
				1,
				5.067,
				1.26,
				5.533,
				1.074,
				6,
				0.703
			]
		},
		{
			"Target": "Parameter",
			"Id": "Param_Angle_Rotation_6_ArtMesh43",
			"Segments": [
				0,
				2.252,
				1,
				0.011,
				2.252,
				0.022,
				2.193,
				0.033,
				2.163,
				1,
				0.578,
				0.706,
				1.122,
				0,
				1.667,
				0,
				1,
				2.667,
				0,
				3.667,
				3.96,
				4.667,
				3.96,
				1,
				5.111,
				3.96,
				5.556,
				3.421,
				6,
				2.338
			]
		},
		{
			"Target": "Parameter",
			"Id": "Param_Angle_Rotation_7_ArtMesh43",
			"Segments": [
				0,
				3.947,
				1,
				0.011,
				3.947,
				0.022,
				3.849,
				0.033,
				3.798,
				1,
				0.6,
				1.242,
				1.167,
				0,
				1.733,
				0,
				1,
				2.733,
				0,
				3.733,
				6.57,
				4.733,
				6.57,
				1,
				5.156,
				6.57,
				5.578,
				5.748,
				6,
				4.091
			]
		},
		{
			"Target": "Parameter",
			"Id": "Param_Angle_Rotation_1_ArtMesh44",
			"Segments": [
				0,
				-1.213,
				1,
				0.011,
				-1.213,
				0.022,
				-1.174,
				0.033,
				-1.154,
				1,
				0.467,
				-0.375,
				0.9,
				0,
				1.333,
				0,
				1,
				2.333,
				0,
				3.333,
				-3,
				4.333,
				-3,
				1,
				4.889,
				-3,
				5.444,
				-2.425,
				6,
				-1.278
			]
		},
		{
			"Target": "Parameter",
			"Id": "Param_Angle_Rotation_2_ArtMesh44",
			"Segments": [
				0,
				0.708,
				1,
				0.011,
				0.708,
				0.022,
				0.686,
				0.033,
				0.674,
				1,
				0.489,
				0.219,
				0.944,
				0,
				1.4,
				0,
				1,
				2.4,
				0,
				3.4,
				1.62,
				4.4,
				1.62,
				1,
				4.933,
				1.62,
				5.467,
				1.327,
				6,
				0.743
			]
		},
		{
			"Target": "Parameter",
			"Id": "Param_Angle_Rotation_3_ArtMesh44",
			"Segments": [
				0,
				-0.931,
				1,
				0.011,
				-0.931,
				0.022,
				-0.902,
				0.033,
				-0.888,
				1,
				0.511,
				-0.289,
				0.989,
				0,
				1.467,
				0,
				1,
				2.467,
				0,
				3.467,
				-1.98,
				4.467,
				-1.98,
				1,
				4.978,
				-1.98,
				5.489,
				-1.644,
				6,
				-0.974
			]
		},
		{
			"Target": "Parameter",
			"Id": "Param_Angle_Rotation_4_ArtMesh44",
			"Segments": [
				0,
				-2.262,
				1,
				0.011,
				-2.262,
				0.022,
				-2.198,
				0.033,
				-2.165,
				1,
				0.533,
				-0.706,
				1.033,
				0,
				1.533,
				0,
				1,
				2.533,
				0,
				3.533,
				-4.5,
				4.533,
				-4.5,
				1,
				5.022,
				-4.5,
				5.511,
				-3.788,
				6,
				-2.361
			]
		},
		{
			"Target": "Parameter",
			"Id": "Param_Angle_Rotation_5_ArtMesh44",
			"Segments": [
				0,
				-2.121,
				1,
				0.011,
				-2.121,
				0.022,
				-2.062,
				0.033,
				-2.033,
				1,
				0.556,
				-0.663,
				1.078,
				0,
				1.6,
				0,
				1,
				2.6,
				0,
				3.6,
				-3.96,
				4.6,
				-3.96,
				1,
				5.067,
				-3.96,
				5.533,
				-3.377,
				6,
				-2.208
			]
		},
		{
			"Target": "Parameter",
			"Id": "Param_Angle_Rotation_1_ArtMesh45",
			"Segments": [
				0,
				1.436,
				1,
				0.011,
				1.436,
				0.022,
				1.448,
				0.033,
				1.454,
				1,
				0.467,
				1.688,
				0.9,
				1.8,
				1.333,
				1.8,
				1,
				2.333,
				1.8,
				3.333,
				0.9,
				4.333,
				0.9,
				1,
				4.889,
				0.9,
				5.444,
				1.073,
				6,
				1.417
			]
		},
		{
			"Target": "Parameter",
			"Id": "Param_Angle_Rotation_2_ArtMesh45",
			"Segments": [
				0,
				0,
				1,
				0.011,
				0,
				0.022,
				0,
				0.033,
				0,
				1,
				0.489,
				0,
				0.944,
				0,
				1.4,
				0,
				1,
				2.4,
				0,
				3.4,
				0,
				4.4,
				0,
				1,
				4.933,
				0,
				5.467,
				0,
				6,
				0
			]
		},
		{
			"Target": "Parameter",
			"Id": "Param_Angle_Rotation_3_ArtMesh45",
			"Segments": [
				0,
				0,
				1,
				0.011,
				0,
				0.022,
				0,
				0.033,
				0,
				1,
				0.511,
				0,
				0.989,
				0,
				1.467,
				0,
				1,
				2.467,
				0,
				3.467,
				0,
				4.467,
				0,
				1,
				4.978,
				0,
				5.489,
				0,
				6,
				0
			]
		},
		{
			"Target": "Parameter",
			"Id": "Param_Angle_Rotation_4_ArtMesh45",
			"Segments": [
				0,
				-1.35,
				1,
				0.011,
				-1.35,
				0.022,
				-1.35,
				0.033,
				-1.35,
				1,
				0.533,
				-1.35,
				1.033,
				-1.35,
				1.533,
				-1.35,
				1,
				2.533,
				-1.35,
				3.533,
				-1.35,
				4.533,
				-1.35,
				1,
				5.022,
				-1.35,
				5.511,
				-1.35,
				6,
				-1.35
			]
		},
		{
			"Target": "Parameter",
			"Id": "Param_Angle_Rotation_5_ArtMesh45",
			"Segments": [
				0,
				2.848,
				1,
				0.011,
				2.848,
				0.022,
				2.711,
				0.033,
				2.644,
				1,
				0.556,
				-0.532,
				1.078,
				-2.07,
				1.6,
				-2.07,
				1,
				2.6,
				-2.07,
				3.6,
				7.11,
				4.6,
				7.11,
				1,
				5.067,
				7.11,
				5.533,
				5.758,
				6,
				3.048
			]
		},
		{
			"Target": "Parameter",
			"Id": "Param_Angle_Rotation_6_ArtMesh45",
			"Segments": [
				0,
				1.803,
				1,
				0.011,
				1.803,
				0.022,
				1.674,
				0.033,
				1.61,
				1,
				0.578,
				-1.535,
				1.122,
				-3.06,
				1.667,
				-3.06,
				1,
				2.667,
				-3.06,
				3.667,
				5.49,
				4.667,
				5.49,
				1,
				5.111,
				5.49,
				5.556,
				4.326,
				6,
				1.988
			]
		},
		{
			"Target": "Parameter",
			"Id": "Param_Angle_Rotation_7_ArtMesh45",
			"Segments": [
				0,
				7.13,
				1,
				0.011,
				7.13,
				0.022,
				6.745,
				0.033,
				6.55,
				1,
				0.6,
				-3.427,
				1.167,
				-8.28,
				1.733,
				-8.28,
				1,
				2.733,
				-8.28,
				3.733,
				17.37,
				4.733,
				17.37,
				1,
				5.156,
				17.37,
				5.578,
				14.159,
				6,
				7.691
			]
		},
		{
			"Target": "Parameter",
			"Id": "Param_Angle_Rotation_1_ArtMesh46",
			"Segments": [
				0,
				-0.965,
				1,
				0.011,
				-0.965,
				0.022,
				-0.986,
				0.033,
				-0.997,
				1,
				0.467,
				-1.418,
				0.9,
				-1.62,
				1.333,
				-1.62,
				1,
				2.333,
				-1.62,
				3.333,
				0,
				4.333,
				0,
				1,
				4.889,
				0,
				5.444,
				-0.311,
				6,
				-0.93
			]
		},
		{
			"Target": "Parameter",
			"Id": "Param_Angle_Rotation_2_ArtMesh46",
			"Segments": [
				0,
				-1.824,
				1,
				0.011,
				-1.824,
				0.022,
				-1.869,
				0.033,
				-1.891,
				1,
				0.489,
				-2.801,
				0.944,
				-3.24,
				1.4,
				-3.24,
				1,
				2.4,
				-3.24,
				3.4,
				0,
				4.4,
				0,
				1,
				4.933,
				0,
				5.467,
				-0.585,
				6,
				-1.753
			]
		},
		{
			"Target": "Parameter",
			"Id": "Param_Angle_Rotation_3_ArtMesh46",
			"Segments": [
				0,
				1.191,
				1,
				0.011,
				1.191,
				0.022,
				1.179,
				0.033,
				1.173,
				1,
				0.511,
				0.928,
				0.989,
				0.81,
				1.467,
				0.81,
				1,
				2.467,
				0.81,
				3.467,
				1.62,
				4.467,
				1.62,
				1,
				4.978,
				1.62,
				5.489,
				1.483,
				6,
				1.208
			]
		},
		{
			"Target": "Parameter",
			"Id": "Param_Angle_Rotation_4_ArtMesh46",
			"Segments": [
				0,
				-1.323,
				1,
				0.011,
				-1.323,
				0.022,
				-1.228,
				0.033,
				-1.181,
				1,
				0.533,
				0.95,
				1.033,
				1.98,
				1.533,
				1.98,
				1,
				2.533,
				1.98,
				3.533,
				-4.59,
				4.533,
				-4.59,
				1,
				5.022,
				-4.59,
				5.511,
				-3.55,
				6,
				-1.467
			]
		},
		{
			"Target": "Parameter",
			"Id": "Param_Angle_Rotation_5_ArtMesh46",
			"Segments": [
				0,
				-2.311,
				1,
				0.011,
				-2.311,
				0.022,
				-2.229,
				0.033,
				-2.189,
				1,
				0.556,
				-0.29,
				1.078,
				0.63,
				1.6,
				0.63,
				1,
				2.6,
				0.63,
				3.6,
				-4.86,
				4.6,
				-4.86,
				1,
				5.067,
				-4.86,
				5.533,
				-4.052,
				6,
				-2.431
			]
		},
		{
			"Target": "Parameter",
			"Id": "Param_Angle_Rotation_6_ArtMesh46",
			"Segments": [
				0,
				-4.106,
				1,
				0.011,
				-4.106,
				0.022,
				-3.985,
				0.033,
				-3.925,
				1,
				0.578,
				-0.979,
				1.122,
				0.45,
				1.667,
				0.45,
				1,
				2.667,
				0.45,
				3.667,
				-7.56,
				4.667,
				-7.56,
				1,
				5.111,
				-7.56,
				5.556,
				-6.469,
				6,
				-4.279
			]
		},
		{
			"Target": "Parameter",
			"Id": "Param_Angle_Rotation_7_ArtMesh46",
			"Segments": [
				0,
				0,
				1,
				0.011,
				0,
				0.022,
				0,
				0.033,
				0,
				1,
				0.6,
				0,
				1.167,
				0,
				1.733,
				0,
				1,
				2.733,
				0,
				3.733,
				0,
				4.733,
				0,
				1,
				5.156,
				0,
				5.578,
				0,
				6,
				0
			]
		},
		{
			"Target": "Parameter",
			"Id": "Param15",
			"Segments": [
				0,
				8.898,
				1,
				0.011,
				8.898,
				0.022,
				8.606,
				0.033,
				8.46,
				1,
				0.467,
				2.751,
				0.9,
				0,
				1.333,
				0,
				1,
				2.333,
				0,
				3.333,
				22,
				4.333,
				22,
				1,
				4.889,
				22,
				5.444,
				17.781,
				6,
				9.374
			]
		},
		{
			"Target": "Parameter",
			"Id": "Param_Angle_Rotation_1_ArtMesh49",
			"Segments": [
				0,
				0,
				1,
				0.011,
				0,
				0.022,
				0,
				0.033,
				0,
				1,
				0.467,
				0,
				0.9,
				0,
				1.333,
				0,
				1,
				2.333,
				0,
				3.333,
				0,
				4.333,
				0,
				1,
				4.889,
				0,
				5.444,
				0,
				6,
				0
			]
		},
		{
			"Target": "Parameter",
			"Id": "Param_Angle_Rotation_2_ArtMesh49",
			"Segments": [
				0,
				-2.303,
				1,
				0.011,
				-2.303,
				0.022,
				-2.364,
				0.033,
				-2.394,
				1,
				0.489,
				-3.633,
				0.944,
				-4.23,
				1.4,
				-4.23,
				1,
				2.4,
				-4.23,
				3.4,
				0.18,
				4.4,
				0.18,
				1,
				4.933,
				0.18,
				5.467,
				-0.617,
				6,
				-2.207
			]
		},
		{
			"Target": "Parameter",
			"Id": "Param_Angle_Rotation_3_ArtMesh49",
			"Segments": [
				0,
				-2.528,
				1,
				0.011,
				-2.528,
				0.022,
				-2.596,
				0.033,
				-2.63,
				1,
				0.511,
				-4.073,
				0.989,
				-4.77,
				1.467,
				-4.77,
				1,
				2.467,
				-4.77,
				3.467,
				0,
				4.467,
				0,
				1,
				4.978,
				0,
				5.489,
				-0.809,
				6,
				-2.424
			]
		},
		{
			"Target": "Parameter",
			"Id": "Param_Angle_Rotation_4_ArtMesh49",
			"Segments": [
				0,
				-2.327,
				1,
				0.011,
				-2.327,
				0.022,
				-2.395,
				0.033,
				-2.428,
				1,
				0.533,
				-3.946,
				1.033,
				-4.68,
				1.533,
				-4.68,
				1,
				2.533,
				-4.68,
				3.533,
				0,
				4.533,
				0,
				1,
				5.022,
				0,
				5.511,
				-0.741,
				6,
				-2.224
			]
		},
		{
			"Target": "Parameter",
			"Id": "Param_Angle_Rotation_5_ArtMesh49",
			"Segments": [
				0,
				1.398,
				1,
				0.011,
				1.398,
				0.022,
				1.509,
				0.033,
				1.564,
				1,
				0.556,
				4.149,
				1.078,
				5.4,
				1.6,
				5.4,
				1,
				2.6,
				5.4,
				3.6,
				-2.07,
				4.6,
				-2.07,
				1,
				5.067,
				-2.07,
				5.533,
				-0.97,
				6,
				1.235
			]
		},
		{
			"Target": "Parameter",
			"Id": "Param_Angle_Rotation_6_ArtMesh49",
			"Segments": [
				0,
				2.256,
				1,
				0.011,
				2.256,
				0.022,
				2.363,
				0.033,
				2.416,
				1,
				0.578,
				5.032,
				1.122,
				6.3,
				1.667,
				6.3,
				1,
				2.667,
				6.3,
				3.667,
				-0.81,
				4.667,
				-0.81,
				1,
				5.111,
				-0.81,
				5.556,
				0.158,
				6,
				2.102
			]
		},
		{
			"Target": "Parameter",
			"Id": "Param_Angle_Rotation_7_ArtMesh49",
			"Segments": [
				0,
				1.148,
				1,
				0.011,
				1.148,
				0.022,
				1.219,
				0.033,
				1.254,
				1,
				0.6,
				3.076,
				1.167,
				3.96,
				1.733,
				3.96,
				1,
				2.733,
				3.96,
				3.733,
				-0.72,
				4.733,
				-0.72,
				1,
				5.156,
				-0.72,
				5.578,
				-0.134,
				6,
				1.046
			]
		},
		{
			"Target": "Parameter",
			"Id": "Param_Angle_Rotation_8_ArtMesh49",
			"Segments": [
				0,
				-0.557,
				1,
				0.011,
				-0.557,
				0.022,
				-0.524,
				0.033,
				-0.507,
				1,
				0.622,
				0.379,
				1.211,
				0.81,
				1.8,
				0.81,
				1,
				2.8,
				0.81,
				3.8,
				-1.35,
				4.8,
				-1.35,
				1,
				5.2,
				-1.35,
				5.6,
				-1.103,
				6,
				-0.604
			]
		},
		{
			"Target": "Parameter",
			"Id": "Param_Angle_Rotation_9_ArtMesh49",
			"Segments": [
				0,
				1.687,
				1,
				0.011,
				1.687,
				0.022,
				1.727,
				0.033,
				1.748,
				1,
				0.644,
				2.873,
				1.256,
				3.42,
				1.867,
				3.42,
				1,
				2.867,
				3.42,
				3.867,
				0.81,
				4.867,
				0.81,
				1,
				5.244,
				0.81,
				5.622,
				1.081,
				6,
				1.63
			]
		},
		{
			"Target": "Parameter",
			"Id": "Param_Angle_Rotation_1_ArtMesh52",
			"Segments": [
				0,
				-0.81,
				1,
				0.011,
				-0.81,
				0.022,
				-0.81,
				0.033,
				-0.81,
				1,
				0.467,
				-0.81,
				0.9,
				-0.81,
				1.333,
				-0.81,
				1,
				2.333,
				-0.81,
				3.333,
				-0.81,
				4.333,
				-0.81,
				1,
				4.889,
				-0.81,
				5.444,
				-0.81,
				6,
				-0.81
			]
		},
		{
			"Target": "Parameter",
			"Id": "Param_Angle_Rotation_2_ArtMesh52",
			"Segments": [
				0,
				-0.945,
				1,
				0.011,
				-0.945,
				0.022,
				-0.935,
				0.033,
				-0.93,
				1,
				0.489,
				-0.727,
				0.944,
				-0.63,
				1.4,
				-0.63,
				1,
				2.4,
				-0.63,
				3.4,
				-1.35,
				4.4,
				-1.35,
				1,
				4.933,
				-1.35,
				5.467,
				-1.22,
				6,
				-0.96
			]
		},
		{
			"Target": "Parameter",
			"Id": "Param_Angle_Rotation_3_ArtMesh52",
			"Segments": [
				0,
				-2.328,
				1,
				0.011,
				-2.328,
				0.022,
				-2.301,
				0.033,
				-2.288,
				1,
				0.511,
				-1.716,
				0.989,
				-1.44,
				1.467,
				-1.44,
				1,
				2.467,
				-1.44,
				3.467,
				-3.33,
				4.467,
				-3.33,
				1,
				4.978,
				-3.33,
				5.489,
				-3.01,
				6,
				-2.369
			]
		},
		{
			"Target": "Parameter",
			"Id": "Param_Angle_Rotation_4_ArtMesh52",
			"Segments": [
				0,
				-1.494,
				1,
				0.011,
				-1.494,
				0.022,
				-1.446,
				0.033,
				-1.422,
				1,
				0.533,
				-0.342,
				1.033,
				0.18,
				1.533,
				0.18,
				1,
				2.533,
				0.18,
				3.533,
				-3.15,
				4.533,
				-3.15,
				1,
				5.022,
				-3.15,
				5.511,
				-2.623,
				6,
				-1.567
			]
		},
		{
			"Target": "Parameter",
			"Id": "Param_Angle_Rotation_5_ArtMesh52",
			"Segments": [
				0,
				-1.199,
				1,
				0.011,
				-1.199,
				0.022,
				-1.093,
				0.033,
				-1.041,
				1,
				0.556,
				1.419,
				1.078,
				2.61,
				1.6,
				2.61,
				1,
				2.6,
				2.61,
				3.6,
				-4.5,
				4.6,
				-4.5,
				1,
				5.067,
				-4.5,
				5.533,
				-3.453,
				6,
				-1.354
			]
		},
		{
			"Target": "Parameter",
			"Id": "Param_Angle_Rotation_6_ArtMesh52",
			"Segments": [
				0,
				-2.121,
				1,
				0.011,
				-2.121,
				0.022,
				-1.972,
				0.033,
				-1.898,
				1,
				0.578,
				1.744,
				1.122,
				3.51,
				1.667,
				3.51,
				1,
				2.667,
				3.51,
				3.667,
				-6.39,
				4.667,
				-6.39,
				1,
				5.111,
				-6.39,
				5.556,
				-5.042,
				6,
				-2.335
			]
		},
		{
			"Target": "Parameter",
			"Id": "Param_Angle_Rotation_7_ArtMesh52",
			"Segments": [
				0,
				-1.577,
				1,
				0.011,
				-1.577,
				0.022,
				-1.369,
				0.033,
				-1.263,
				1,
				0.6,
				4.129,
				1.167,
				6.75,
				1.733,
				6.75,
				1,
				2.733,
				6.75,
				3.733,
				-7.11,
				4.733,
				-7.11,
				1,
				5.156,
				-7.11,
				5.578,
				-5.375,
				6,
				-1.88
			]
		},
		{
			"Target": "Parameter",
			"Id": "Param_Angle_Rotation_1_ArtMesh53",
			"Segments": [
				0,
				-0.473,
				1,
				0.011,
				-0.473,
				0.022,
				-0.458,
				0.033,
				-0.45,
				1,
				0.467,
				-0.146,
				0.9,
				0,
				1.333,
				0,
				1,
				2.333,
				0,
				3.333,
				-1.17,
				4.333,
				-1.17,
				1,
				4.889,
				-1.17,
				5.444,
				-0.946,
				6,
				-0.499
			]
		},
		{
			"Target": "Parameter",
			"Id": "Param_Angle_Rotation_2_ArtMesh53",
			"Segments": [
				0,
				-0.315,
				1,
				0.011,
				-0.315,
				0.022,
				-0.305,
				0.033,
				-0.3,
				1,
				0.489,
				-0.097,
				0.944,
				0,
				1.4,
				0,
				1,
				2.4,
				0,
				3.4,
				-0.72,
				4.4,
				-0.72,
				1,
				4.933,
				-0.72,
				5.467,
				-0.59,
				6,
				-0.33
			]
		},
		{
			"Target": "Parameter",
			"Id": "Param_Angle_Rotation_3_ArtMesh53",
			"Segments": [
				0,
				-5.703,
				1,
				0.011,
				-5.703,
				0.022,
				-5.864,
				0.033,
				-5.943,
				1,
				0.511,
				-9.353,
				0.989,
				-11,
				1.467,
				-11,
				1,
				2.467,
				-11,
				3.467,
				0.27,
				4.467,
				0.27,
				1,
				4.978,
				0.27,
				5.489,
				-1.641,
				6,
				-5.458
			]
		},
		{
			"Target": "Parameter",
			"Id": "Param_Angle_Rotation_4_ArtMesh53",
			"Segments": [
				0,
				-4.095,
				1,
				0.011,
				-4.095,
				0.022,
				-4.174,
				0.033,
				-4.214,
				1,
				0.533,
				-6.004,
				1.033,
				-6.87,
				1.533,
				-6.87,
				1,
				2.533,
				-6.87,
				3.533,
				-1.35,
				4.533,
				-1.35,
				1,
				5.022,
				-1.35,
				5.511,
				-2.224,
				6,
				-3.974
			]
		},
		{
			"Target": "Parameter",
			"Id": "Param_Angle_Rotation_5_ArtMesh53",
			"Segments": [
				0,
				0.019,
				1,
				0.011,
				0.019,
				0.022,
				0.132,
				0.033,
				0.188,
				1,
				0.556,
				2.817,
				1.078,
				4.09,
				1.6,
				4.09,
				1,
				2.6,
				4.09,
				3.6,
				-3.51,
				4.6,
				-3.51,
				1,
				5.067,
				-3.51,
				5.533,
				-2.391,
				6,
				-0.147
			]
		},
		{
			"Target": "Parameter",
			"Id": "Param_Angle_Rotation_6_ArtMesh53",
			"Segments": [
				0,
				-1.369,
				1,
				0.011,
				-1.369,
				0.022,
				-1.242,
				0.033,
				-1.179,
				1,
				0.578,
				1.918,
				1.122,
				3.42,
				1.667,
				3.42,
				1,
				2.667,
				3.42,
				3.667,
				-5,
				4.667,
				-5,
				1,
				5.111,
				-5,
				5.556,
				-3.853,
				6,
				-1.551
			]
		},
		{
			"Target": "Parameter",
			"Id": "Param_Angle_Rotation_7_ArtMesh53",
			"Segments": [
				0,
				0.784,
				1,
				0.011,
				0.784,
				0.022,
				0.929,
				0.033,
				1.002,
				1,
				0.6,
				4.75,
				1.167,
				6.57,
				1.733,
				6.57,
				1,
				2.733,
				6.57,
				3.733,
				-3.06,
				4.733,
				-3.06,
				1,
				5.156,
				-3.06,
				5.578,
				-1.854,
				6,
				0.574
			]
		},
		{
			"Target": "Parameter",
			"Id": "Param_Angle_Rotation_1_ArtMesh139",
			"Segments": [
				0,
				-0.355,
				1,
				0.011,
				-0.355,
				0.022,
				-0.323,
				0.033,
				-0.307,
				1,
				0.689,
				0.625,
				1.344,
				1.08,
				2,
				1.08,
				1,
				3,
				1.08,
				4,
				-0.9,
				5,
				-0.9,
				1,
				5.333,
				-0.9,
				5.667,
				-0.734,
				6,
				-0.397
			]
		},
		{
			"Target": "Parameter",
			"Id": "Param_Angle_Rotation_2_ArtMesh139",
			"Segments": [
				0,
				0.044,
				1,
				0.011,
				0.044,
				0.022,
				0.047,
				0.033,
				0.049,
				1,
				0.711,
				0.137,
				1.389,
				0.18,
				2.067,
				0.18,
				1,
				3.067,
				0.18,
				4.067,
				0,
				5.067,
				0,
				1,
				5.378,
				0,
				5.689,
				0.013,
				6,
				0.041
			]
		},
		{
			"Target": "Parameter",
			"Id": "Param_Angle_Rotation_3_ArtMesh139",
			"Segments": [
				0,
				0.177,
				1,
				0.011,
				0.177,
				0.022,
				0.19,
				0.033,
				0.197,
				1,
				0.733,
				0.609,
				1.433,
				0.81,
				2.133,
				0.81,
				1,
				3.133,
				0.81,
				4.133,
				0,
				5.133,
				0,
				1,
				5.422,
				0,
				5.711,
				0.052,
				6,
				0.161
			]
		},
		{
			"Target": "Parameter",
			"Id": "Param_Angle_Rotation_4_ArtMesh139",
			"Segments": [
				0,
				0.524,
				1,
				0.011,
				0.524,
				0.022,
				0.493,
				0.033,
				0.477,
				1,
				0.756,
				-0.55,
				1.478,
				-1.052,
				2.2,
				-1.052,
				1,
				3.2,
				-1.052,
				4.2,
				0.9,
				5.2,
				0.9,
				1,
				5.467,
				0.9,
				5.733,
				0.791,
				6,
				0.564
			]
		},
		{
			"Target": "Parameter",
			"Id": "Param_Angle_Rotation_5_ArtMesh139",
			"Segments": [
				0,
				1.152,
				1,
				0.011,
				1.152,
				0.022,
				1.098,
				0.033,
				1.071,
				1,
				0.778,
				-0.74,
				1.522,
				-1.626,
				2.267,
				-1.626,
				1,
				3.267,
				-1.626,
				4.267,
				1.71,
				5.267,
				1.71,
				1,
				5.511,
				1.71,
				5.756,
				1.551,
				6,
				1.22
			]
		},
		{
			"Target": "Parameter",
			"Id": "Param_Angle_Rotation_6_ArtMesh139",
			"Segments": [
				0,
				0.551,
				1,
				0.011,
				0.551,
				0.022,
				0.522,
				0.033,
				0.508,
				1,
				0.8,
				-0.498,
				1.567,
				-0.99,
				2.333,
				-0.99,
				1,
				3.333,
				-0.99,
				4.333,
				0.81,
				5.333,
				0.81,
				1,
				5.556,
				0.81,
				5.778,
				0.739,
				6,
				0.587
			]
		},
		{
			"Target": "Parameter",
			"Id": "Param_Angle_Rotation_7_ArtMesh139",
			"Segments": [
				0,
				0.801,
				1,
				0.011,
				0.801,
				0.022,
				0.788,
				0.033,
				0.782,
				1,
				0.822,
				0.317,
				1.611,
				0.09,
				2.4,
				0.09,
				1,
				3.4,
				0.09,
				4.4,
				0.9,
				5.4,
				0.9,
				1,
				5.6,
				0.9,
				5.8,
				0.874,
				6,
				0.817
			]
		},
		{
			"Target": "Parameter",
			"Id": "Param17",
			"Segments": [
				0,
				-5.185,
				1,
				0.011,
				-5.185,
				0.022,
				-4.743,
				0.033,
				-4.52,
				1,
				0.689,
				8.636,
				1.344,
				15.06,
				2,
				15.06,
				1,
				3,
				15.06,
				4,
				-12.88,
				5,
				-12.88,
				1,
				5.333,
				-12.88,
				5.667,
				-10.542,
				6,
				-5.775
			]
		},
		{
			"Target": "Parameter",
			"Id": "Param_Angle_Rotation_1_ArtMesh141",
			"Segments": [
				0,
				0.824,
				1,
				0.011,
				0.824,
				0.022,
				0.902,
				0.033,
				0.941,
				1,
				0.689,
				3.273,
				1.344,
				4.41,
				2,
				4.41,
				1,
				3,
				4.41,
				4,
				-0.54,
				5,
				-0.54,
				1,
				5.333,
				-0.54,
				5.667,
				-0.126,
				6,
				0.719
			]
		},
		{
			"Target": "Parameter",
			"Id": "Param_Angle_Rotation_2_ArtMesh141",
			"Segments": [
				0,
				0.533,
				1,
				0.011,
				0.533,
				0.022,
				0.567,
				0.033,
				0.585,
				1,
				0.711,
				1.644,
				1.389,
				2.16,
				2.067,
				2.16,
				1,
				3.067,
				2.16,
				4.067,
				0,
				5.067,
				0,
				1,
				5.378,
				0,
				5.689,
				0.16,
				6,
				0.487
			]
		},
		{
			"Target": "Parameter",
			"Id": "Param_Angle_Rotation_3_ArtMesh141",
			"Segments": [
				0,
				1.155,
				1,
				0.011,
				1.155,
				0.022,
				1.128,
				0.033,
				1.114,
				1,
				0.733,
				0.245,
				1.433,
				-0.18,
				2.133,
				-0.18,
				1,
				3.133,
				-0.18,
				4.133,
				1.53,
				5.133,
				1.53,
				1,
				5.422,
				1.53,
				5.711,
				1.419,
				6,
				1.191
			]
		},
		{
			"Target": "Parameter",
			"Id": "Param_Angle_Rotation_4_ArtMesh141",
			"Segments": [
				0,
				2.748,
				1,
				0.011,
				2.748,
				0.022,
				2.684,
				0.033,
				2.652,
				1,
				0.756,
				0.568,
				1.478,
				-0.45,
				2.2,
				-0.45,
				1,
				3.2,
				-0.45,
				4.2,
				3.51,
				5.2,
				3.51,
				1,
				5.467,
				3.51,
				5.733,
				3.289,
				6,
				2.829
			]
		},
		{
			"Target": "Parameter",
			"Id": "Param_Angle_Rotation_5_ArtMesh141",
			"Segments": [
				0,
				1.319,
				1,
				0.011,
				1.319,
				0.022,
				1.29,
				0.033,
				1.275,
				1,
				0.778,
				0.298,
				1.522,
				-0.18,
				2.267,
				-0.18,
				1,
				3.267,
				-0.18,
				4.267,
				1.62,
				5.267,
				1.62,
				1,
				5.511,
				1.62,
				5.756,
				1.534,
				6,
				1.355
			]
		},
		{
			"Target": "Parameter",
			"Id": "Param16",
			"Segments": [
				0,
				-1.144,
				1,
				0.011,
				-1.144,
				0.022,
				-0.922,
				0.033,
				-0.81,
				1,
				0.689,
				5.783,
				1.344,
				9,
				2,
				9,
				1,
				3,
				9,
				4,
				-5,
				5,
				-5,
				1,
				5.333,
				-5,
				5.667,
				-3.829,
				6,
				-1.44
			]
		},
		{
			"Target": "Parameter",
			"Id": "Param18",
			"Segments": [
				0,
				-6.593,
				1,
				0.011,
				-6.593,
				0.022,
				-6.34,
				0.033,
				-6.212,
				1,
				0.689,
				1.323,
				1.344,
				5,
				2,
				5,
				1,
				3,
				5,
				4,
				-11,
				5,
				-11,
				1,
				5.333,
				-11,
				5.667,
				-9.661,
				6,
				-6.931
			]
		},
		{
			"Target": "Parameter",
			"Id": "Param19",
			"Segments": [
				0,
				-5.317,
				1,
				0.011,
				-5.317,
				0.022,
				-5.048,
				0.033,
				-4.913,
				1,
				0.689,
				3.093,
				1.344,
				7,
				2,
				7,
				1,
				3,
				7,
				4,
				-10,
				5,
				-10,
				1,
				5.333,
				-10,
				5.667,
				-8.578,
				6,
				-5.677
			]
		},
		{
			"Target": "Parameter",
			"Id": "Param_Angle_Rotation_1_ArtMesh146",
			"Segments": [
				0,
				0.198,
				1,
				0.011,
				0.198,
				0.022,
				0.21,
				0.033,
				0.215,
				1,
				0.689,
				0.555,
				1.344,
				0.72,
				2,
				0.72,
				1,
				3,
				0.72,
				4,
				0,
				5,
				0,
				1,
				5.333,
				0,
				5.667,
				0.06,
				6,
				0.183
			]
		},
		{
			"Target": "Parameter",
			"Id": "Param_Angle_Rotation_2_ArtMesh146",
			"Segments": [
				0,
				1.044,
				1,
				0.011,
				1.044,
				0.022,
				1.111,
				0.033,
				1.145,
				1,
				0.711,
				3.219,
				1.389,
				4.23,
				2.067,
				4.23,
				1,
				3.067,
				4.23,
				4.067,
				0,
				5.067,
				0,
				1,
				5.378,
				0,
				5.689,
				0.313,
				6,
				0.955
			]
		},
		{
			"Target": "Parameter",
			"Id": "Param_Angle_Rotation_3_ArtMesh146",
			"Segments": [
				0,
				1.065,
				1,
				0.011,
				1.065,
				0.022,
				1.143,
				0.033,
				1.182,
				1,
				0.733,
				3.653,
				1.433,
				4.86,
				2.133,
				4.86,
				1,
				3.133,
				4.86,
				4.133,
				0,
				5.133,
				0,
				1,
				5.422,
				0,
				5.711,
				0.315,
				6,
				0.963
			]
		},
		{
			"Target": "Parameter",
			"Id": "Param_Angle_Rotation_4_ArtMesh146",
			"Segments": [
				0,
				1.265,
				1,
				0.011,
				1.265,
				0.022,
				1.371,
				0.033,
				1.424,
				1,
				0.756,
				4.881,
				1.478,
				6.57,
				2.2,
				6.57,
				1,
				3.2,
				6.57,
				4.2,
				0,
				5.2,
				0,
				1,
				5.467,
				0,
				5.733,
				0.367,
				6,
				1.129
			]
		},
		{
			"Target": "Parameter",
			"Id": "Param_Angle_Rotation_5_ArtMesh146",
			"Segments": [
				0,
				1.205,
				1,
				0.011,
				1.205,
				0.022,
				1.32,
				0.033,
				1.379,
				1,
				0.778,
				5.288,
				1.522,
				7.2,
				2.267,
				7.2,
				1,
				3.267,
				7.2,
				4.267,
				0,
				5.267,
				0,
				1,
				5.511,
				0,
				5.756,
				0.342,
				6,
				1.059
			]
		},
		{
			"Target": "Parameter",
			"Id": "Param_Angle_Rotation_1_ArtMesh147",
			"Segments": [
				0,
				-5.529,
				1,
				0.011,
				-5.529,
				0.022,
				-5.469,
				0.033,
				-5.439,
				1,
				0.689,
				-3.658,
				1.344,
				-2.79,
				2,
				-2.79,
				1,
				3,
				-2.79,
				4,
				-6.57,
				5,
				-6.57,
				1,
				5.333,
				-6.57,
				5.667,
				-6.254,
				6,
				-5.609
			]
		},
		{
			"Target": "Parameter",
			"Id": "Param_Angle_Rotation_2_ArtMesh147",
			"Segments": [
				0,
				1.152,
				1,
				0.011,
				1.152,
				0.022,
				1.128,
				0.033,
				1.116,
				1,
				0.711,
				0.366,
				1.389,
				0,
				2.067,
				0,
				1,
				3.067,
				0,
				4.067,
				1.53,
				5.067,
				1.53,
				1,
				5.378,
				1.53,
				5.689,
				1.417,
				6,
				1.185
			]
		},
		{
			"Target": "Parameter",
			"Id": "Param_Angle_Rotation_3_ArtMesh147",
			"Segments": [
				0,
				-0.984,
				1,
				0.011,
				-0.984,
				0.022,
				-0.964,
				0.033,
				-0.954,
				1,
				0.733,
				-0.313,
				1.433,
				0,
				2.133,
				0,
				1,
				3.133,
				0,
				4.133,
				-1.26,
				5.133,
				-1.26,
				1,
				5.422,
				-1.26,
				5.711,
				-1.178,
				6,
				-1.01
			]
		},
		{
			"Target": "Parameter",
			"Id": "Param_Angle_Rotation_4_ArtMesh147",
			"Segments": [
				0,
				0.503,
				1,
				0.011,
				0.503,
				0.022,
				0.545,
				0.033,
				0.566,
				1,
				0.756,
				1.939,
				1.478,
				2.61,
				2.2,
				2.61,
				1,
				3.2,
				2.61,
				4.2,
				0,
				5.2,
				0,
				1,
				5.467,
				0,
				5.733,
				0.146,
				6,
				0.449
			]
		},
		{
			"Target": "Parameter",
			"Id": "Param_Angle_Rotation_5_ArtMesh147",
			"Segments": [
				0,
				0.346,
				1,
				0.011,
				0.346,
				0.022,
				0.38,
				0.033,
				0.396,
				1,
				0.778,
				1.52,
				1.522,
				2.07,
				2.267,
				2.07,
				1,
				3.267,
				2.07,
				4.267,
				0,
				5.267,
				0,
				1,
				5.511,
				0,
				5.756,
				0.098,
				6,
				0.304
			]
		},
		{
			"Target": "Parameter",
			"Id": "Param_Angle_Rotation_6_ArtMesh147",
			"Segments": [
				0,
				0.453,
				1,
				0.011,
				0.453,
				0.022,
				0.503,
				0.033,
				0.529,
				1,
				0.8,
				2.289,
				1.567,
				3.15,
				2.333,
				3.15,
				1,
				3.333,
				3.15,
				4.333,
				0,
				5.333,
				0,
				1,
				5.556,
				0,
				5.778,
				0.125,
				6,
				0.389
			]
		},
		{
			"Target": "Parameter",
			"Id": "Param_Angle_Rotation_7_ArtMesh147",
			"Segments": [
				0,
				0.373,
				1,
				0.011,
				0.373,
				0.022,
				0.422,
				0.033,
				0.447,
				1,
				0.822,
				2.201,
				1.611,
				3.06,
				2.4,
				3.06,
				1,
				3.4,
				3.06,
				4.4,
				0,
				5.4,
				0,
				1,
				5.6,
				0,
				5.8,
				0.099,
				6,
				0.312
			]
		},
		{
			"Target": "Parameter",
			"Id": "Param_Angle_Rotation_8_ArtMesh147",
			"Segments": [
				0,
				0.293,
				1,
				0.011,
				0.293,
				0.022,
				0.338,
				0.033,
				0.361,
				1,
				0.844,
				2.052,
				1.656,
				2.88,
				2.467,
				2.88,
				1,
				3.467,
				2.88,
				4.467,
				0,
				5.467,
				0,
				1,
				5.644,
				0,
				5.822,
				0.074,
				6,
				0.236
			]
		},
		{
			"Target": "Parameter",
			"Id": "Param_Angle_Rotation_9_ArtMesh147",
			"Segments": [
				0,
				0.202,
				1,
				0.011,
				0.202,
				0.022,
				0.24,
				0.033,
				0.26,
				1,
				0.867,
				1.716,
				1.7,
				2.43,
				2.533,
				2.43,
				1,
				3.533,
				2.43,
				4.533,
				0,
				5.533,
				0,
				1,
				5.689,
				0,
				5.844,
				0.048,
				6,
				0.155
			]
		},
		{
			"Target": "Parameter",
			"Id": "Param_Angle_Rotation_10_ArtMesh147",
			"Segments": [
				0,
				0.186,
				1,
				0.011,
				0.186,
				0.022,
				0.229,
				0.033,
				0.251,
				1,
				0.889,
				1.955,
				1.744,
				2.79,
				2.6,
				2.79,
				1,
				3.6,
				2.79,
				4.6,
				0,
				5.6,
				0,
				1,
				5.733,
				0,
				5.867,
				0.04,
				6,
				0.133
			]
		},
		{
			"Target": "Parameter",
			"Id": "Param_Angle_Rotation_11_ArtMesh147",
			"Segments": [
				0,
				0.042,
				1,
				0.011,
				0.042,
				0.022,
				0.055,
				0.033,
				0.061,
				1,
				0.911,
				0.564,
				1.789,
				0.81,
				2.667,
				0.81,
				1,
				3.667,
				0.81,
				4.667,
				0,
				5.667,
				0,
				1,
				5.778,
				0,
				5.889,
				0.008,
				6,
				0.027
			]
		},
		{
			"Target": "Parameter",
			"Id": "Param_Angle_Rotation_12_ArtMesh147",
			"Segments": [
				0,
				0.115,
				1,
				0.011,
				0.115,
				0.022,
				0.159,
				0.033,
				0.182,
				1,
				0.933,
				1.992,
				1.833,
				2.88,
				2.733,
				2.88,
				1,
				3.733,
				2.88,
				4.733,
				0,
				5.733,
				0,
				1,
				5.822,
				0,
				5.911,
				0.017,
				6,
				0.063
			]
		},
		{
			"Target": "Parameter",
			"Id": "Param_Angle_Rotation_13_ArtMesh147",
			"Segments": [
				0,
				0.177,
				1,
				0.011,
				0.177,
				0.022,
				0.266,
				0.033,
				0.311,
				1,
				0.956,
				4.026,
				1.878,
				5.85,
				2.8,
				5.85,
				1,
				3.8,
				5.85,
				4.8,
				0,
				5.8,
				0,
				1,
				5.867,
				0,
				5.933,
				0.018,
				6,
				0.073
			]
		},
		{
			"Target": "Parameter",
			"Id": "Param_Angle_Rotation_1_ArtMesh148",
			"Segments": [
				0,
				0.645,
				1,
				0.011,
				0.645,
				0.022,
				0.682,
				0.033,
				0.7,
				1,
				0.689,
				1.803,
				1.344,
				2.34,
				2,
				2.34,
				1,
				3,
				2.34,
				4,
				0,
				5,
				0,
				1,
				5.333,
				0,
				5.667,
				0.196,
				6,
				0.595
			]
		},
		{
			"Target": "Parameter",
			"Id": "Param_Angle_Rotation_2_ArtMesh148",
			"Segments": [
				0,
				0.666,
				1,
				0.011,
				0.666,
				0.022,
				0.709,
				0.033,
				0.731,
				1,
				0.711,
				2.054,
				1.389,
				2.7,
				2.067,
				2.7,
				1,
				3.067,
				2.7,
				4.067,
				0,
				5.067,
				0,
				1,
				5.378,
				0,
				5.689,
				0.2,
				6,
				0.609
			]
		},
		{
			"Target": "Parameter",
			"Id": "Param_Angle_Rotation_3_ArtMesh148",
			"Segments": [
				0,
				0.453,
				1,
				0.011,
				0.453,
				0.022,
				0.487,
				0.033,
				0.503,
				1,
				0.733,
				1.556,
				1.433,
				2.07,
				2.133,
				2.07,
				1,
				3.133,
				2.07,
				4.133,
				0,
				5.133,
				0,
				1,
				5.422,
				0,
				5.711,
				0.134,
				6,
				0.41
			]
		},
		{
			"Target": "Parameter",
			"Id": "Param_Angle_Rotation_4_ArtMesh148",
			"Segments": [
				0,
				0.849,
				1,
				0.011,
				0.849,
				0.022,
				0.92,
				0.033,
				0.956,
				1,
				0.756,
				3.276,
				1.478,
				4.41,
				2.2,
				4.41,
				1,
				3.2,
				4.41,
				4.2,
				0,
				5.2,
				0,
				1,
				5.467,
				0,
				5.733,
				0.246,
				6,
				0.758
			]
		},
		{
			"Target": "Parameter",
			"Id": "Param_Angle_Rotation_5_ArtMesh148",
			"Segments": [
				0,
				-1.303,
				1,
				0.011,
				-1.303,
				0.022,
				-1.264,
				0.033,
				-1.245,
				1,
				0.778,
				0.075,
				1.522,
				0.72,
				2.267,
				0.72,
				1,
				3.267,
				0.72,
				4.267,
				-1.71,
				5.267,
				-1.71,
				1,
				5.511,
				-1.71,
				5.756,
				-1.595,
				6,
				-1.353
			]
		},
		{
			"Target": "Parameter",
			"Id": "Param_Angle_Rotation_6_ArtMesh148",
			"Segments": [
				0,
				-1.203,
				1,
				0.011,
				-1.203,
				0.022,
				-1.117,
				0.033,
				-1.073,
				1,
				0.8,
				1.944,
				1.567,
				3.42,
				2.333,
				3.42,
				1,
				3.333,
				3.42,
				4.333,
				-1.98,
				5.333,
				-1.98,
				1,
				5.556,
				-1.98,
				5.778,
				-1.766,
				6,
				-1.312
			]
		},
		{
			"Target": "Parameter",
			"Id": "Param_Angle_Rotation_7_ArtMesh148",
			"Segments": [
				0,
				-0.093,
				1,
				0.011,
				-0.093,
				0.022,
				-0.022,
				0.033,
				0.014,
				1,
				0.822,
				2.542,
				1.611,
				3.78,
				2.4,
				3.78,
				1,
				3.4,
				3.78,
				4.4,
				-0.63,
				5.4,
				-0.63,
				1,
				5.6,
				-0.63,
				5.8,
				-0.487,
				6,
				-0.181
			]
		},
		{
			"Target": "Parameter",
			"Id": "Param_Angle_Rotation_1_ArtMesh149",
			"Segments": [
				0,
				-0.652,
				1,
				0.011,
				-0.652,
				0.022,
				-0.638,
				0.033,
				-0.631,
				1,
				0.689,
				-0.207,
				1.344,
				0,
				2,
				0,
				1,
				3,
				0,
				4,
				-0.9,
				5,
				-0.9,
				1,
				5.333,
				-0.9,
				5.667,
				-0.825,
				6,
				-0.671
			]
		},
		{
			"Target": "Parameter",
			"Id": "Param_Angle_Rotation_2_ArtMesh149",
			"Segments": [
				0,
				-0.271,
				1,
				0.011,
				-0.271,
				0.022,
				-0.265,
				0.033,
				-0.263,
				1,
				0.711,
				-0.086,
				1.389,
				0,
				2.067,
				0,
				1,
				3.067,
				0,
				4.067,
				-0.36,
				5.067,
				-0.36,
				1,
				5.378,
				-0.36,
				5.689,
				-0.333,
				6,
				-0.279
			]
		},
		{
			"Target": "Parameter",
			"Id": "Param_Angle_Rotation_3_ArtMesh149",
			"Segments": [
				0,
				0.351,
				1,
				0.011,
				0.351,
				0.022,
				0.344,
				0.033,
				0.341,
				1,
				0.733,
				0.112,
				1.433,
				0,
				2.133,
				0,
				1,
				3.133,
				0,
				4.133,
				0.45,
				5.133,
				0.45,
				1,
				5.422,
				0.45,
				5.711,
				0.421,
				6,
				0.361
			]
		},
		{
			"Target": "Parameter",
			"Id": "Param_Angle_Rotation_4_ArtMesh149",
			"Segments": [
				0,
				0,
				1,
				0.011,
				0,
				0.022,
				0,
				0.033,
				0,
				1,
				0.756,
				0,
				1.478,
				0,
				2.2,
				0,
				1,
				3.2,
				0,
				4.2,
				0,
				5.2,
				0,
				1,
				5.467,
				0,
				5.733,
				0,
				6,
				0
			]
		},
		{
			"Target": "Parameter",
			"Id": "Param_Angle_Rotation_5_ArtMesh149",
			"Segments": [
				0,
				0,
				1,
				0.011,
				0,
				0.022,
				0,
				0.033,
				0,
				1,
				0.778,
				0,
				1.522,
				0,
				2.267,
				0,
				1,
				3.267,
				0,
				4.267,
				0,
				5.267,
				0,
				1,
				5.511,
				0,
				5.756,
				0,
				6,
				0
			]
		},
		{
			"Target": "Parameter",
			"Id": "Param_Angle_Rotation_6_ArtMesh149",
			"Segments": [
				0,
				-1.772,
				1,
				0.011,
				-1.772,
				0.022,
				-1.739,
				0.033,
				-1.722,
				1,
				0.8,
				-0.566,
				1.567,
				0,
				2.333,
				0,
				1,
				3.333,
				0,
				4.333,
				-2.07,
				5.333,
				-2.07,
				1,
				5.556,
				-2.07,
				5.778,
				-1.988,
				6,
				-1.814
			]
		},
		{
			"Target": "Parameter",
			"Id": "Param_Angle_Rotation_7_ArtMesh149",
			"Segments": [
				0,
				0,
				1,
				0.011,
				0,
				0.022,
				0,
				0.033,
				0,
				1,
				0.822,
				0,
				1.611,
				0,
				2.4,
				0,
				1,
				3.4,
				0,
				4.4,
				0,
				5.4,
				0,
				1,
				5.6,
				0,
				5.8,
				0,
				6,
				0
			]
		},
		{
			"Target": "Parameter",
			"Id": "Param_Angle_Rotation_1_ArtMesh150",
			"Segments": [
				0,
				0.848,
				1,
				0.011,
				0.848,
				0.022,
				0.829,
				0.033,
				0.82,
				1,
				0.689,
				0.269,
				1.344,
				0,
				2,
				0,
				1,
				3,
				0,
				4,
				1.17,
				5,
				1.17,
				1,
				5.333,
				1.17,
				5.667,
				1.072,
				6,
				0.872
			]
		},
		{
			"Target": "Parameter",
			"Id": "Param_Angle_Rotation_2_ArtMesh150",
			"Segments": [
				0,
				0.407,
				1,
				0.011,
				0.407,
				0.022,
				0.398,
				0.033,
				0.394,
				1,
				0.711,
				0.129,
				1.389,
				0,
				2.067,
				0,
				1,
				3.067,
				0,
				4.067,
				0.54,
				5.067,
				0.54,
				1,
				5.378,
				0.54,
				5.689,
				0.5,
				6,
				0.418
			]
		},
		{
			"Target": "Parameter",
			"Id": "Param_Angle_Rotation_3_ArtMesh150",
			"Segments": [
				0,
				0,
				1,
				0.011,
				0,
				0.022,
				0,
				0.033,
				0,
				1,
				0.733,
				0,
				1.433,
				0,
				2.133,
				0,
				1,
				3.133,
				0,
				4.133,
				0,
				5.133,
				0,
				1,
				5.422,
				0,
				5.711,
				0,
				6,
				0
			]
		},
		{
			"Target": "Parameter",
			"Id": "Param_Angle_Rotation_4_ArtMesh150",
			"Segments": [
				0,
				0,
				1,
				0.011,
				0,
				0.022,
				0,
				0.033,
				0,
				1,
				0.756,
				0,
				1.478,
				0,
				2.2,
				0,
				1,
				3.2,
				0,
				4.2,
				0,
				5.2,
				0,
				1,
				5.467,
				0,
				5.733,
				0,
				6,
				0
			]
		},
		{
			"Target": "Parameter",
			"Id": "Param_Angle_Rotation_5_ArtMesh150",
			"Segments": [
				0,
				0,
				1,
				0.011,
				0,
				0.022,
				0,
				0.033,
				0,
				1,
				0.778,
				0,
				1.522,
				0,
				2.267,
				0,
				1,
				3.267,
				0,
				4.267,
				0,
				5.267,
				0,
				1,
				5.511,
				0,
				5.756,
				0,
				6,
				0
			]
		},
		{
			"Target": "Parameter",
			"Id": "Param_Angle_Rotation_6_ArtMesh150",
			"Segments": [
				0,
				0,
				1,
				0.011,
				0,
				0.022,
				0,
				0.033,
				0,
				1,
				0.8,
				0,
				1.567,
				0,
				2.333,
				0,
				1,
				3.333,
				0,
				4.333,
				0,
				5.333,
				0,
				1,
				5.556,
				0,
				5.778,
				0,
				6,
				0
			]
		},
		{
			"Target": "Parameter",
			"Id": "Param_Angle_Rotation_7_ArtMesh150",
			"Segments": [
				0,
				0,
				1,
				0.011,
				0,
				0.022,
				0,
				0.033,
				0,
				1,
				0.822,
				0,
				1.611,
				0,
				2.4,
				0,
				1,
				3.4,
				0,
				4.4,
				0,
				5.4,
				0,
				1,
				5.6,
				0,
				5.8,
				0,
				6,
				0
			]
		}
	]
}