{
	"Version": 3,
	"Parameters": [
		{
			"Id": "ParamEff1",
			"GroupId": "ParamGroup",
			"Name": "エフェクト1"
		},
		{
			"Id": "ParamEff2",
			"GroupId": "ParamGroup",
			"Name": "エフェクト2"
		},
		{
			"Id": "ParamEff3",
			"GroupId": "ParamGroup",
			"Name": "エフェクト3"
		},
		{
			"Id": "ParamEff4",
			"GroupId": "ParamGroup",
			"Name": "エフェクト4"
		},
		{
			"Id": "ParamEff5",
			"GroupId": "ParamGroup",
			"Name": "エフェクト5"
		},
		{
			"Id": "ParamEff6",
			"GroupId": "ParamGroup",
			"Name": "エフェクト6"
		},
		{
			"Id": "ParamEff7",
			"GroupId": "ParamGroup",
			"Name": "エフェクト7"
		},
		{
			"Id": "ParamEff8",
			"GroupId": "ParamGroup",
			"Name": "エフェクト8"
		},
		{
			"Id": "ParamEff9",
			"GroupId": "ParamGroup",
			"Name": "エフェクト9"
		},
		{
			"Id": "ParamEff10",
			"GroupId": "ParamGroup",
			"Name": "エフェクト10"
		},
		{
			"Id": "ParamEff11",
			"GroupId": "ParamGroup",
			"Name": "エフェクト11"
		},
		{
			"Id": "ParamEff12",
			"GroupId": "ParamGroup",
			"Name": "エフェクト12"
		},
		{
			"Id": "ParamEff13",
			"GroupId": "ParamGroup",
			"Name": "エフェクト13"
		},
		{
			"Id": "ParamEff14",
			"GroupId": "ParamGroup",
			"Name": "エフェクト14"
		},
		{
			"Id": "ParamEff15",
			"GroupId": "ParamGroup",
			"Name": "エフェクト15"
		},
		{
			"Id": "ParamEff16",
			"GroupId": "ParamGroup",
			"Name": "エフェクト16"
		},
		{
			"Id": "ParamEff17",
			"GroupId": "ParamGroup",
			"Name": "エフェクト17"
		},
		{
			"Id": "ParamEff18",
			"GroupId": "ParamGroup",
			"Name": "エフェクト18"
		},
		{
			"Id": "ParamEff19",
			"GroupId": "ParamGroup",
			"Name": "エフェクト19"
		},
		{
			"Id": "ParamEff20",
			"GroupId": "ParamGroup",
			"Name": "エフェクト20"
		},
		{
			"Id": "ParamEff21",
			"GroupId": "ParamGroup",
			"Name": "エフェクト21"
		},
		{
			"Id": "ParamEff22",
			"GroupId": "ParamGroup",
			"Name": "エフェクト22"
		},
		{
			"Id": "ParamEff23",
			"GroupId": "ParamGroup",
			"Name": "エフェクト23"
		},
		{
			"Id": "ParamEff24",
			"GroupId": "ParamGroup",
			"Name": "エフェクト24"
		},
		{
			"Id": "ParamEff25",
			"GroupId": "ParamGroup",
			"Name": "エフェクト25"
		},
		{
			"Id": "ParamEff26",
			"GroupId": "ParamGroup",
			"Name": "エフェクト26"
		},
		{
			"Id": "ParamEff27",
			"GroupId": "ParamGroup",
			"Name": "エフェクト27"
		},
		{
			"Id": "ParamEff28",
			"GroupId": "ParamGroup",
			"Name": "エフェクト28"
		},
		{
			"Id": "ParamEff29",
			"GroupId": "ParamGroup",
			"Name": "エフェクト29"
		},
		{
			"Id": "ParamEff30",
			"GroupId": "ParamGroup",
			"Name": "エフェクト30"
		},
		{
			"Id": "ParamEff31",
			"GroupId": "ParamGroup",
			"Name": "エフェクト31"
		},
		{
			"Id": "ParamEff32",
			"GroupId": "ParamGroup",
			"Name": "エフェクト32"
		},
		{
			"Id": "ParamEff33",
			"GroupId": "ParamGroup",
			"Name": "エフェクト33"
		},
		{
			"Id": "ParamEff34",
			"GroupId": "ParamGroup",
			"Name": "エフェクト34"
		},
		{
			"Id": "ParamEff35",
			"GroupId": "ParamGroup",
			"Name": "エフェクト35"
		},
		{
			"Id": "ParamEff36",
			"GroupId": "ParamGroup",
			"Name": "エフェクト36"
		},
		{
			"Id": "ParamEff37",
			"GroupId": "ParamGroup",
			"Name": "エフェクト37"
		},
		{
			"Id": "ParamEff38",
			"GroupId": "ParamGroup",
			"Name": "エフェクト38"
		},
		{
			"Id": "ParamEff39",
			"GroupId": "ParamGroup",
			"Name": "エフェクト39"
		},
		{
			"Id": "ParamEff40",
			"GroupId": "ParamGroup",
			"Name": "エフェクト40"
		},
		{
			"Id": "ParamPachi",
			"GroupId": "ParamGroup2",
			"Name": "目パチ"
		},
		{
			"Id": "ParamLegL1",
			"GroupId": "ParamGroup2",
			"Name": "右太もも"
		},
		{
			"Id": "ParamLegL2",
			"GroupId": "ParamGroup2",
			"Name": "右足"
		},
		{
			"Id": "ParamLegR1",
			"GroupId": "ParamGroup2",
			"Name": "左太もも"
		},
		{
			"Id": "ParamLegR2",
			"GroupId": "ParamGroup2",
			"Name": "左足"
		},
		{
			"Id": "ParamEyeRL",
			"GroupId": "ParamGroup2",
			"Name": "目Hi左右"
		},
		{
			"Id": "ParamEyeUD",
			"GroupId": "ParamGroup2",
			"Name": "目Hi上下"
		},
		{
			"Id": "ParamEyeBS",
			"GroupId": "ParamGroup2",
			"Name": "目Hi大小"
		},
		{
			"Id": "ParamPaiLX",
			"GroupId": "ParamGroup2",
			"Name": "胸 X"
		},
		{
			"Id": "ParamPaiLY",
			"GroupId": "ParamGroup2",
			"Name": "胸 Y"
		},
		{
			"Id": "ParamBreat",
			"GroupId": "ParamGroup2",
			"Name": "呼吸"
		},
		{
			"Id": "ParammasukuX",
			"GroupId": "ParamGroup3",
			"Name": "効果マスクX"
		},
		{
			"Id": "ParammasukuY",
			"GroupId": "ParamGroup3",
			"Name": "効果マスクY"
		},
		{
			"Id": "Param7",
			"GroupId": "ParamGroup3",
			"Name": "ネクタイ"
		},
		{
			"Id": "Param5",
			"GroupId": "ParamGroup3",
			"Name": "右腕"
		},
		{
			"Id": "Param",
			"GroupId": "ParamGroup3",
			"Name": "右袖"
		},
		{
			"Id": "Param3",
			"GroupId": "ParamGroup3",
			"Name": "右袖飾り"
		},
		{
			"Id": "Param2",
			"GroupId": "ParamGroup3",
			"Name": "左腕"
		},
		{
			"Id": "Param6",
			"GroupId": "ParamGroup3",
			"Name": "左袖"
		},
		{
			"Id": "Param4",
			"GroupId": "ParamGroup3",
			"Name": "左袖飾り"
		},
		{
			"Id": "Param8",
			"GroupId": "ParamGroup3",
			"Name": "羽織"
		},
		{
			"Id": "Param9",
			"GroupId": "ParamGroup3",
			"Name": "羽織飾り 右胸元"
		},
		{
			"Id": "Param21",
			"GroupId": "ParamGroup3",
			"Name": "羽織飾り 左胸元"
		},
		{
			"Id": "Param_Angle_Rotation_1_ArtMesh126",
			"GroupId": "ParamGroup4",
			"Name": "[0]羽織飾り02_2"
		},
		{
			"Id": "Param_Angle_Rotation_2_ArtMesh126",
			"GroupId": "ParamGroup4",
			"Name": "[1]羽織飾り02_2"
		},
		{
			"Id": "Param_Angle_Rotation_3_ArtMesh126",
			"GroupId": "ParamGroup4",
			"Name": "[2]羽織飾り02_2"
		},
		{
			"Id": "Param_Angle_Rotation_4_ArtMesh126",
			"GroupId": "ParamGroup4",
			"Name": "[3]羽織飾り02_2"
		},
		{
			"Id": "Param_Angle_Rotation_5_ArtMesh126",
			"GroupId": "ParamGroup4",
			"Name": "[4]羽織飾り02_2"
		},
		{
			"Id": "Param10",
			"GroupId": "",
			"Name": "スカート01"
		},
		{
			"Id": "Param11",
			"GroupId": "",
			"Name": "スカートリボン"
		},
		{
			"Id": "Param12",
			"GroupId": "",
			"Name": "スカートリボン 2"
		},
		{
			"Id": "Param13",
			"GroupId": "",
			"Name": "スカート02"
		},
		{
			"Id": "Param_Angle_Rotation_1_ArtMesh116",
			"GroupId": "ParamGroup5",
			"Name": "[0]左足リボン_2"
		},
		{
			"Id": "Param_Angle_Rotation_2_ArtMesh116",
			"GroupId": "ParamGroup5",
			"Name": "[1]左足リボン_2"
		},
		{
			"Id": "Param_Angle_Rotation_3_ArtMesh116",
			"GroupId": "ParamGroup5",
			"Name": "[2]左足リボン_2"
		},
		{
			"Id": "Param_Angle_Rotation_4_ArtMesh116",
			"GroupId": "ParamGroup5",
			"Name": "[3]左足リボン_2"
		},
		{
			"Id": "Param_Angle_Rotation_5_ArtMesh116",
			"GroupId": "ParamGroup5",
			"Name": "[4]左足リボン_2"
		},
		{
			"Id": "Param_Angle_Rotation_1_ArtMesh117",
			"GroupId": "ParamGroup6",
			"Name": "[0]左足リボン_3"
		},
		{
			"Id": "Param_Angle_Rotation_2_ArtMesh117",
			"GroupId": "ParamGroup6",
			"Name": "[1]左足リボン_3"
		},
		{
			"Id": "Param_Angle_Rotation_3_ArtMesh117",
			"GroupId": "ParamGroup6",
			"Name": "[2]左足リボン_3"
		},
		{
			"Id": "Param_Angle_Rotation_4_ArtMesh117",
			"GroupId": "ParamGroup6",
			"Name": "[3]左足リボン_3"
		},
		{
			"Id": "Param_Angle_Rotation_5_ArtMesh117",
			"GroupId": "ParamGroup6",
			"Name": "[4]左足リボン_3"
		},
		{
			"Id": "Param_Angle_Rotation_1_ArtMesh37",
			"GroupId": "ParamGroup7",
			"Name": "[0]髪飾り02"
		},
		{
			"Id": "Param_Angle_Rotation_2_ArtMesh37",
			"GroupId": "ParamGroup7",
			"Name": "[1]髪飾り02"
		},
		{
			"Id": "Param_Angle_Rotation_3_ArtMesh37",
			"GroupId": "ParamGroup7",
			"Name": "[2]髪飾り02"
		},
		{
			"Id": "Param_Angle_Rotation_4_ArtMesh37",
			"GroupId": "ParamGroup7",
			"Name": "[3]髪飾り02"
		},
		{
			"Id": "Param_Angle_Rotation_5_ArtMesh37",
			"GroupId": "ParamGroup7",
			"Name": "[4]髪飾り02"
		},
		{
			"Id": "Param_Angle_Rotation_6_ArtMesh37",
			"GroupId": "ParamGroup7",
			"Name": "[5]髪飾り02"
		},
		{
			"Id": "Param_Angle_Rotation_7_ArtMesh37",
			"GroupId": "ParamGroup7",
			"Name": "[6]髪飾り02"
		},
		{
			"Id": "Param_Angle_Rotation_1_ArtMesh38",
			"GroupId": "ParamGroup11",
			"Name": "[0]前髪01"
		},
		{
			"Id": "Param_Angle_Rotation_2_ArtMesh38",
			"GroupId": "ParamGroup11",
			"Name": "[1]前髪01"
		},
		{
			"Id": "Param_Angle_Rotation_3_ArtMesh38",
			"GroupId": "ParamGroup11",
			"Name": "[2]前髪01"
		},
		{
			"Id": "Param_Angle_Rotation_4_ArtMesh38",
			"GroupId": "ParamGroup11",
			"Name": "[3]前髪01"
		},
		{
			"Id": "Param_Angle_Rotation_5_ArtMesh38",
			"GroupId": "ParamGroup11",
			"Name": "[4]前髪01"
		},
		{
			"Id": "Param_Angle_Rotation_6_ArtMesh38",
			"GroupId": "ParamGroup11",
			"Name": "[5]前髪01"
		},
		{
			"Id": "Param_Angle_Rotation_7_ArtMesh38",
			"GroupId": "ParamGroup11",
			"Name": "[6]前髪01"
		},
		{
			"Id": "Param_Angle_Rotation_1_ArtMesh39",
			"GroupId": "ParamGroup13",
			"Name": "[0]前髪02"
		},
		{
			"Id": "Param_Angle_Rotation_2_ArtMesh39",
			"GroupId": "ParamGroup13",
			"Name": "[1]前髪02"
		},
		{
			"Id": "Param_Angle_Rotation_3_ArtMesh39",
			"GroupId": "ParamGroup13",
			"Name": "[2]前髪02"
		},
		{
			"Id": "Param_Angle_Rotation_4_ArtMesh39",
			"GroupId": "ParamGroup13",
			"Name": "[3]前髪02"
		},
		{
			"Id": "Param_Angle_Rotation_5_ArtMesh39",
			"GroupId": "ParamGroup13",
			"Name": "[4]前髪02"
		},
		{
			"Id": "Param_Angle_Rotation_6_ArtMesh39",
			"GroupId": "ParamGroup13",
			"Name": "[5]前髪02"
		},
		{
			"Id": "Param_Angle_Rotation_7_ArtMesh39",
			"GroupId": "ParamGroup13",
			"Name": "[6]前髪02"
		},
		{
			"Id": "Param14",
			"GroupId": "",
			"Name": "前髪03,04"
		},
		{
			"Id": "Param_Angle_Rotation_1_ArtMesh42",
			"GroupId": "ParamGroup14",
			"Name": "[0]右横髪01"
		},
		{
			"Id": "Param_Angle_Rotation_2_ArtMesh42",
			"GroupId": "ParamGroup14",
			"Name": "[1]右横髪01"
		},
		{
			"Id": "Param_Angle_Rotation_3_ArtMesh42",
			"GroupId": "ParamGroup14",
			"Name": "[2]右横髪01"
		},
		{
			"Id": "Param_Angle_Rotation_4_ArtMesh42",
			"GroupId": "ParamGroup14",
			"Name": "[3]右横髪01"
		},
		{
			"Id": "Param_Angle_Rotation_5_ArtMesh42",
			"GroupId": "ParamGroup14",
			"Name": "[4]右横髪01"
		},
		{
			"Id": "Param_Angle_Rotation_6_ArtMesh42",
			"GroupId": "ParamGroup14",
			"Name": "[5]右横髪01"
		},
		{
			"Id": "Param_Angle_Rotation_7_ArtMesh42",
			"GroupId": "ParamGroup14",
			"Name": "[6]右横髪01"
		},
		{
			"Id": "Param_Angle_Rotation_8_ArtMesh42",
			"GroupId": "ParamGroup14",
			"Name": "[7]右横髪01"
		},
		{
			"Id": "Param_Angle_Rotation_9_ArtMesh42",
			"GroupId": "ParamGroup14",
			"Name": "[8]右横髪01"
		},
		{
			"Id": "Param_Angle_Rotation_10_ArtMesh42",
			"GroupId": "ParamGroup14",
			"Name": "[9]右横髪01"
		},
		{
			"Id": "Param_Angle_Rotation_11_ArtMesh42",
			"GroupId": "ParamGroup14",
			"Name": "[10]右横髪01"
		},
		{
			"Id": "Param_Angle_Rotation_1_ArtMesh43",
			"GroupId": "ParamGroup15",
			"Name": "[0]右横髪02"
		},
		{
			"Id": "Param_Angle_Rotation_2_ArtMesh43",
			"GroupId": "ParamGroup15",
			"Name": "[1]右横髪02"
		},
		{
			"Id": "Param_Angle_Rotation_3_ArtMesh43",
			"GroupId": "ParamGroup15",
			"Name": "[2]右横髪02"
		},
		{
			"Id": "Param_Angle_Rotation_4_ArtMesh43",
			"GroupId": "ParamGroup15",
			"Name": "[3]右横髪02"
		},
		{
			"Id": "Param_Angle_Rotation_5_ArtMesh43",
			"GroupId": "ParamGroup15",
			"Name": "[4]右横髪02"
		},
		{
			"Id": "Param_Angle_Rotation_6_ArtMesh43",
			"GroupId": "ParamGroup15",
			"Name": "[5]右横髪02"
		},
		{
			"Id": "Param_Angle_Rotation_7_ArtMesh43",
			"GroupId": "ParamGroup15",
			"Name": "[6]右横髪02"
		},
		{
			"Id": "Param_Angle_Rotation_1_ArtMesh44",
			"GroupId": "ParamGroup16",
			"Name": "[0]右横髪03"
		},
		{
			"Id": "Param_Angle_Rotation_2_ArtMesh44",
			"GroupId": "ParamGroup16",
			"Name": "[1]右横髪03"
		},
		{
			"Id": "Param_Angle_Rotation_3_ArtMesh44",
			"GroupId": "ParamGroup16",
			"Name": "[2]右横髪03"
		},
		{
			"Id": "Param_Angle_Rotation_4_ArtMesh44",
			"GroupId": "ParamGroup16",
			"Name": "[3]右横髪03"
		},
		{
			"Id": "Param_Angle_Rotation_5_ArtMesh44",
			"GroupId": "ParamGroup16",
			"Name": "[4]右横髪03"
		},
		{
			"Id": "Param_Angle_Rotation_1_ArtMesh45",
			"GroupId": "ParamGroup17",
			"Name": "[0]右横髪04"
		},
		{
			"Id": "Param_Angle_Rotation_2_ArtMesh45",
			"GroupId": "ParamGroup17",
			"Name": "[1]右横髪04"
		},
		{
			"Id": "Param_Angle_Rotation_3_ArtMesh45",
			"GroupId": "ParamGroup17",
			"Name": "[2]右横髪04"
		},
		{
			"Id": "Param_Angle_Rotation_4_ArtMesh45",
			"GroupId": "ParamGroup17",
			"Name": "[3]右横髪04"
		},
		{
			"Id": "Param_Angle_Rotation_5_ArtMesh45",
			"GroupId": "ParamGroup17",
			"Name": "[4]右横髪04"
		},
		{
			"Id": "Param_Angle_Rotation_6_ArtMesh45",
			"GroupId": "ParamGroup17",
			"Name": "[5]右横髪04"
		},
		{
			"Id": "Param_Angle_Rotation_7_ArtMesh45",
			"GroupId": "ParamGroup17",
			"Name": "[6]右横髪04"
		},
		{
			"Id": "Param_Angle_Rotation_1_ArtMesh46",
			"GroupId": "ParamGroup18",
			"Name": "[0]右横髪05"
		},
		{
			"Id": "Param_Angle_Rotation_2_ArtMesh46",
			"GroupId": "ParamGroup18",
			"Name": "[1]右横髪05"
		},
		{
			"Id": "Param_Angle_Rotation_3_ArtMesh46",
			"GroupId": "ParamGroup18",
			"Name": "[2]右横髪05"
		},
		{
			"Id": "Param_Angle_Rotation_4_ArtMesh46",
			"GroupId": "ParamGroup18",
			"Name": "[3]右横髪05"
		},
		{
			"Id": "Param_Angle_Rotation_5_ArtMesh46",
			"GroupId": "ParamGroup18",
			"Name": "[4]右横髪05"
		},
		{
			"Id": "Param_Angle_Rotation_6_ArtMesh46",
			"GroupId": "ParamGroup18",
			"Name": "[5]右横髪05"
		},
		{
			"Id": "Param_Angle_Rotation_7_ArtMesh46",
			"GroupId": "ParamGroup18",
			"Name": "[6]右横髪05"
		},
		{
			"Id": "Param15",
			"GroupId": "",
			"Name": "左横髪01 根元"
		},
		{
			"Id": "Param_Angle_Rotation_1_ArtMesh49",
			"GroupId": "ParamGroup8",
			"Name": "[0]左横髪01_線"
		},
		{
			"Id": "Param_Angle_Rotation_2_ArtMesh49",
			"GroupId": "ParamGroup8",
			"Name": "[1]左横髪01_線"
		},
		{
			"Id": "Param_Angle_Rotation_3_ArtMesh49",
			"GroupId": "ParamGroup8",
			"Name": "[2]左横髪01_線"
		},
		{
			"Id": "Param_Angle_Rotation_4_ArtMesh49",
			"GroupId": "ParamGroup8",
			"Name": "[3]左横髪01_線"
		},
		{
			"Id": "Param_Angle_Rotation_5_ArtMesh49",
			"GroupId": "ParamGroup8",
			"Name": "[4]左横髪01_線"
		},
		{
			"Id": "Param_Angle_Rotation_6_ArtMesh49",
			"GroupId": "ParamGroup8",
			"Name": "[5]左横髪01_線"
		},
		{
			"Id": "Param_Angle_Rotation_7_ArtMesh49",
			"GroupId": "ParamGroup8",
			"Name": "[6]左横髪01_線"
		},
		{
			"Id": "Param_Angle_Rotation_8_ArtMesh49",
			"GroupId": "ParamGroup8",
			"Name": "[7]左横髪01_線"
		},
		{
			"Id": "Param_Angle_Rotation_9_ArtMesh49",
			"GroupId": "ParamGroup8",
			"Name": "[8]左横髪01_線"
		},
		{
			"Id": "Param_Angle_Rotation_1_ArtMesh52",
			"GroupId": "ParamGroup9",
			"Name": "[0]左横髪02"
		},
		{
			"Id": "Param_Angle_Rotation_2_ArtMesh52",
			"GroupId": "ParamGroup9",
			"Name": "[1]左横髪02"
		},
		{
			"Id": "Param_Angle_Rotation_3_ArtMesh52",
			"GroupId": "ParamGroup9",
			"Name": "[2]左横髪02"
		},
		{
			"Id": "Param_Angle_Rotation_4_ArtMesh52",
			"GroupId": "ParamGroup9",
			"Name": "[3]左横髪02"
		},
		{
			"Id": "Param_Angle_Rotation_5_ArtMesh52",
			"GroupId": "ParamGroup9",
			"Name": "[4]左横髪02"
		},
		{
			"Id": "Param_Angle_Rotation_6_ArtMesh52",
			"GroupId": "ParamGroup9",
			"Name": "[5]左横髪02"
		},
		{
			"Id": "Param_Angle_Rotation_7_ArtMesh52",
			"GroupId": "ParamGroup9",
			"Name": "[6]左横髪02"
		},
		{
			"Id": "Param_Angle_Rotation_1_ArtMesh53",
			"GroupId": "ParamGroup10",
			"Name": "[0]左横髪03"
		},
		{
			"Id": "Param_Angle_Rotation_2_ArtMesh53",
			"GroupId": "ParamGroup10",
			"Name": "[1]左横髪03"
		},
		{
			"Id": "Param_Angle_Rotation_3_ArtMesh53",
			"GroupId": "ParamGroup10",
			"Name": "[2]左横髪03"
		},
		{
			"Id": "Param_Angle_Rotation_4_ArtMesh53",
			"GroupId": "ParamGroup10",
			"Name": "[3]左横髪03"
		},
		{
			"Id": "Param_Angle_Rotation_5_ArtMesh53",
			"GroupId": "ParamGroup10",
			"Name": "[4]左横髪03"
		},
		{
			"Id": "Param_Angle_Rotation_6_ArtMesh53",
			"GroupId": "ParamGroup10",
			"Name": "[5]左横髪03"
		},
		{
			"Id": "Param_Angle_Rotation_7_ArtMesh53",
			"GroupId": "ParamGroup10",
			"Name": "[6]左横髪03"
		},
		{
			"Id": "Param_Angle_Rotation_1_ArtMesh139",
			"GroupId": "ParamGroup19",
			"Name": "[0]右後ろ髪01"
		},
		{
			"Id": "Param_Angle_Rotation_2_ArtMesh139",
			"GroupId": "ParamGroup19",
			"Name": "[1]右後ろ髪01"
		},
		{
			"Id": "Param_Angle_Rotation_3_ArtMesh139",
			"GroupId": "ParamGroup19",
			"Name": "[2]右後ろ髪01"
		},
		{
			"Id": "Param_Angle_Rotation_4_ArtMesh139",
			"GroupId": "ParamGroup19",
			"Name": "[3]右後ろ髪01"
		},
		{
			"Id": "Param_Angle_Rotation_5_ArtMesh139",
			"GroupId": "ParamGroup19",
			"Name": "[4]右後ろ髪01"
		},
		{
			"Id": "Param_Angle_Rotation_6_ArtMesh139",
			"GroupId": "ParamGroup19",
			"Name": "[5]右後ろ髪01"
		},
		{
			"Id": "Param_Angle_Rotation_7_ArtMesh139",
			"GroupId": "ParamGroup19",
			"Name": "[6]右後ろ髪01"
		},
		{
			"Id": "Param17",
			"GroupId": "",
			"Name": "右後ろ髪02"
		},
		{
			"Id": "Param_Angle_Rotation_1_ArtMesh141",
			"GroupId": "ParamGroup20",
			"Name": "[0]右後ろ髪03"
		},
		{
			"Id": "Param_Angle_Rotation_2_ArtMesh141",
			"GroupId": "ParamGroup20",
			"Name": "[1]右後ろ髪03"
		},
		{
			"Id": "Param_Angle_Rotation_3_ArtMesh141",
			"GroupId": "ParamGroup20",
			"Name": "[2]右後ろ髪03"
		},
		{
			"Id": "Param_Angle_Rotation_4_ArtMesh141",
			"GroupId": "ParamGroup20",
			"Name": "[3]右後ろ髪03"
		},
		{
			"Id": "Param_Angle_Rotation_5_ArtMesh141",
			"GroupId": "ParamGroup20",
			"Name": "[4]右後ろ髪03"
		},
		{
			"Id": "Param16",
			"GroupId": "",
			"Name": "右後ろ髪04"
		},
		{
			"Id": "Param18",
			"GroupId": "",
			"Name": "左後ろ髪02"
		},
		{
			"Id": "Param19",
			"GroupId": "",
			"Name": "左後ろ髪03"
		},
		{
			"Id": "Param_Angle_Rotation_1_ArtMesh146",
			"GroupId": "ParamGroup22",
			"Name": "[0]左後ろ髪04"
		},
		{
			"Id": "Param_Angle_Rotation_2_ArtMesh146",
			"GroupId": "ParamGroup22",
			"Name": "[1]左後ろ髪04"
		},
		{
			"Id": "Param_Angle_Rotation_3_ArtMesh146",
			"GroupId": "ParamGroup22",
			"Name": "[2]左後ろ髪04"
		},
		{
			"Id": "Param_Angle_Rotation_4_ArtMesh146",
			"GroupId": "ParamGroup22",
			"Name": "[3]左後ろ髪04"
		},
		{
			"Id": "Param_Angle_Rotation_5_ArtMesh146",
			"GroupId": "ParamGroup22",
			"Name": "[4]左後ろ髪04"
		},
		{
			"Id": "Param_Angle_Rotation_1_ArtMesh147",
			"GroupId": "ParamGroup21",
			"Name": "[0]左後ろ髪05"
		},
		{
			"Id": "Param_Angle_Rotation_2_ArtMesh147",
			"GroupId": "ParamGroup21",
			"Name": "[1]左後ろ髪05"
		},
		{
			"Id": "Param_Angle_Rotation_3_ArtMesh147",
			"GroupId": "ParamGroup21",
			"Name": "[2]左後ろ髪05"
		},
		{
			"Id": "Param_Angle_Rotation_4_ArtMesh147",
			"GroupId": "ParamGroup21",
			"Name": "[3]左後ろ髪05"
		},
		{
			"Id": "Param_Angle_Rotation_5_ArtMesh147",
			"GroupId": "ParamGroup21",
			"Name": "[4]左後ろ髪05"
		},
		{
			"Id": "Param_Angle_Rotation_6_ArtMesh147",
			"GroupId": "ParamGroup21",
			"Name": "[5]左後ろ髪05"
		},
		{
			"Id": "Param_Angle_Rotation_7_ArtMesh147",
			"GroupId": "ParamGroup21",
			"Name": "[6]左後ろ髪05"
		},
		{
			"Id": "Param_Angle_Rotation_8_ArtMesh147",
			"GroupId": "ParamGroup21",
			"Name": "[7]左後ろ髪05"
		},
		{
			"Id": "Param_Angle_Rotation_9_ArtMesh147",
			"GroupId": "ParamGroup21",
			"Name": "[8]左後ろ髪05"
		},
		{
			"Id": "Param_Angle_Rotation_10_ArtMesh147",
			"GroupId": "ParamGroup21",
			"Name": "[9]左後ろ髪05"
		},
		{
			"Id": "Param_Angle_Rotation_11_ArtMesh147",
			"GroupId": "ParamGroup21",
			"Name": "[10]左後ろ髪05"
		},
		{
			"Id": "Param_Angle_Rotation_12_ArtMesh147",
			"GroupId": "ParamGroup21",
			"Name": "[11]左後ろ髪05"
		},
		{
			"Id": "Param_Angle_Rotation_13_ArtMesh147",
			"GroupId": "ParamGroup21",
			"Name": "[12]左後ろ髪05"
		},
		{
			"Id": "Param_Angle_Rotation_1_ArtMesh148",
			"GroupId": "ParamGroup23",
			"Name": "[0]左後ろ髪06"
		},
		{
			"Id": "Param_Angle_Rotation_2_ArtMesh148",
			"GroupId": "ParamGroup23",
			"Name": "[1]左後ろ髪06"
		},
		{
			"Id": "Param_Angle_Rotation_3_ArtMesh148",
			"GroupId": "ParamGroup23",
			"Name": "[2]左後ろ髪06"
		},
		{
			"Id": "Param_Angle_Rotation_4_ArtMesh148",
			"GroupId": "ParamGroup23",
			"Name": "[3]左後ろ髪06"
		},
		{
			"Id": "Param_Angle_Rotation_5_ArtMesh148",
			"GroupId": "ParamGroup23",
			"Name": "[4]左後ろ髪06"
		},
		{
			"Id": "Param_Angle_Rotation_6_ArtMesh148",
			"GroupId": "ParamGroup23",
			"Name": "[5]左後ろ髪06"
		},
		{
			"Id": "Param_Angle_Rotation_7_ArtMesh148",
			"GroupId": "ParamGroup23",
			"Name": "[6]左後ろ髪06"
		},
		{
			"Id": "Param_Angle_Rotation_1_ArtMesh149",
			"GroupId": "ParamGroup24",
			"Name": "[0]左後ろ髪07"
		},
		{
			"Id": "Param_Angle_Rotation_2_ArtMesh149",
			"GroupId": "ParamGroup24",
			"Name": "[1]左後ろ髪07"
		},
		{
			"Id": "Param_Angle_Rotation_3_ArtMesh149",
			"GroupId": "ParamGroup24",
			"Name": "[2]左後ろ髪07"
		},
		{
			"Id": "Param_Angle_Rotation_4_ArtMesh149",
			"GroupId": "ParamGroup24",
			"Name": "[3]左後ろ髪07"
		},
		{
			"Id": "Param_Angle_Rotation_5_ArtMesh149",
			"GroupId": "ParamGroup24",
			"Name": "[4]左後ろ髪07"
		},
		{
			"Id": "Param_Angle_Rotation_6_ArtMesh149",
			"GroupId": "ParamGroup24",
			"Name": "[5]左後ろ髪07"
		},
		{
			"Id": "Param_Angle_Rotation_7_ArtMesh149",
			"GroupId": "ParamGroup24",
			"Name": "[6]左後ろ髪07"
		},
		{
			"Id": "Param_Angle_Rotation_1_ArtMesh150",
			"GroupId": "ParamGroup25",
			"Name": "[0]左後ろ髪08"
		},
		{
			"Id": "Param_Angle_Rotation_2_ArtMesh150",
			"GroupId": "ParamGroup25",
			"Name": "[1]左後ろ髪08"
		},
		{
			"Id": "Param_Angle_Rotation_3_ArtMesh150",
			"GroupId": "ParamGroup25",
			"Name": "[2]左後ろ髪08"
		},
		{
			"Id": "Param_Angle_Rotation_4_ArtMesh150",
			"GroupId": "ParamGroup25",
			"Name": "[3]左後ろ髪08"
		},
		{
			"Id": "Param_Angle_Rotation_5_ArtMesh150",
			"GroupId": "ParamGroup25",
			"Name": "[4]左後ろ髪08"
		},
		{
			"Id": "Param_Angle_Rotation_6_ArtMesh150",
			"GroupId": "ParamGroup25",
			"Name": "[5]左後ろ髪08"
		},
		{
			"Id": "Param_Angle_Rotation_7_ArtMesh150",
			"GroupId": "ParamGroup25",
			"Name": "[6]左後ろ髪08"
		},
		{
			"Id": "Param20",
			"GroupId": "",
			"Name": "頭"
		}
	],
	"ParameterGroups": [
		{
			"Id": "ParamGroup",
			"GroupId": "",
			"Name": "エフェクト"
		},
		{
			"Id": "ParamGroup2",
			"GroupId": "",
			"Name": "URアニメーション"
		},
		{
			"Id": "ParamGroup3",
			"GroupId": "",
			"Name": "追加"
		},
		{
			"Id": "ParamGroup4",
			"GroupId": "",
			"Name": "羽織飾り02_2"
		},
		{
			"Id": "ParamGroup5",
			"GroupId": "",
			"Name": "左足リボン_2"
		},
		{
			"Id": "ParamGroup6",
			"GroupId": "",
			"Name": "左足リボン_3"
		},
		{
			"Id": "ParamGroup7",
			"GroupId": "",
			"Name": "髪飾り02"
		},
		{
			"Id": "ParamGroup11",
			"GroupId": "",
			"Name": "前髪01"
		},
		{
			"Id": "ParamGroup13",
			"GroupId": "",
			"Name": "前髪02"
		},
		{
			"Id": "ParamGroup14",
			"GroupId": "",
			"Name": "右横髪01"
		},
		{
			"Id": "ParamGroup15",
			"GroupId": "",
			"Name": "右横髪02"
		},
		{
			"Id": "ParamGroup16",
			"GroupId": "",
			"Name": "右横髪03"
		},
		{
			"Id": "ParamGroup17",
			"GroupId": "",
			"Name": "右横髪04"
		},
		{
			"Id": "ParamGroup18",
			"GroupId": "",
			"Name": "右横髪05"
		},
		{
			"Id": "ParamGroup8",
			"GroupId": "",
			"Name": "左横髪01"
		},
		{
			"Id": "ParamGroup9",
			"GroupId": "",
			"Name": "左横髪02"
		},
		{
			"Id": "ParamGroup10",
			"GroupId": "",
			"Name": "左横髪03"
		},
		{
			"Id": "ParamGroup19",
			"GroupId": "",
			"Name": "右後ろ髪01"
		},
		{
			"Id": "ParamGroup20",
			"GroupId": "",
			"Name": "右後ろ髪03"
		},
		{
			"Id": "ParamGroup22",
			"GroupId": "",
			"Name": "左後ろ髪04"
		},
		{
			"Id": "ParamGroup21",
			"GroupId": "",
			"Name": "左後ろ髪05"
		},
		{
			"Id": "ParamGroup23",
			"GroupId": "",
			"Name": "左後ろ髪06"
		},
		{
			"Id": "ParamGroup24",
			"GroupId": "",
			"Name": "左後ろ髪07"
		},
		{
			"Id": "ParamGroup25",
			"GroupId": "",
			"Name": "左後ろ髪08"
		}
	],
	"Parts": [
		{
			"Id": "Part62",
			"Name": "1920x1440.psd"
		},
		{
			"Id": "Part",
			"Name": "エフェクト"
		},
		{
			"Id": "Part4",
			"Name": "紙吹雪"
		},
		{
			"Id": "Part5",
			"Name": "汗"
		},
		{
			"Id": "Part6",
			"Name": "風雅"
		},
		{
			"Id": "Part39",
			"Name": "光彩"
		},
		{
			"Id": "Part60",
			"Name": "背景"
		},
		{
			"Id": "Part2",
			"Name": "粒子"
		},
		{
			"Id": "Part3",
			"Name": "きら"
		},
		{
			"Id": "Part7",
			"Name": "頭"
		},
		{
			"Id": "Part23",
			"Name": "上半身_手前"
		},
		{
			"Id": "Part29",
			"Name": "下半身"
		},
		{
			"Id": "Part34",
			"Name": "上半身_奥"
		},
		{
			"Id": "Part36",
			"Name": "髪_奥"
		},
		{
			"Id": "Part40",
			"Name": "頭"
		},
		{
			"Id": "Part44",
			"Name": "上半身_手前"
		},
		{
			"Id": "Part50",
			"Name": "下半身"
		},
		{
			"Id": "Part55",
			"Name": "上半身_奥"
		},
		{
			"Id": "Part57",
			"Name": "髪_奥"
		},
		{
			"Id": "Part61",
			"Name": "エフェクト"
		},
		{
			"Id": "Part8",
			"Name": "髪_手前"
		},
		{
			"Id": "Part15",
			"Name": "顔"
		},
		{
			"Id": "Part24",
			"Name": "左手＋三味線"
		},
		{
			"Id": "Part25",
			"Name": "ネクタイ＋シャツ折り目"
		},
		{
			"Id": "Part26",
			"Name": "羽織右側_手前"
		},
		{
			"Id": "Part27",
			"Name": "右腕"
		},
		{
			"Id": "Part28",
			"Name": "胸"
		},
		{
			"Id": "Part89",
			"Name": "首元"
		},
		{
			"Id": "Part30",
			"Name": "スカート_手前"
		},
		{
			"Id": "Part32",
			"Name": "左足"
		},
		{
			"Id": "Part33",
			"Name": "スカート_奥"
		},
		{
			"Id": "ArtMesh126_Skinning",
			"Name": "羽織飾り02_2(スキニング)"
		},
		{
			"Id": "Part17",
			"Name": "羽織飾り02_2(回転)"
		},
		{
			"Id": "Part35",
			"Name": "左腕"
		},
		{
			"Id": "Part37",
			"Name": "右後ろ髪"
		},
		{
			"Id": "Part38",
			"Name": "左後ろ髪"
		},
		{
			"Id": "Part41",
			"Name": "髪_手前"
		},
		{
			"Id": "Part45",
			"Name": "左手＋三味線"
		},
		{
			"Id": "Part46",
			"Name": "ネクタイ＋シャツ折り目"
		},
		{
			"Id": "Part47",
			"Name": "羽織右側_手前"
		},
		{
			"Id": "Part48",
			"Name": "右腕"
		},
		{
			"Id": "Part49",
			"Name": "胸"
		},
		{
			"Id": "Part51",
			"Name": "スカート_手前"
		},
		{
			"Id": "Part53",
			"Name": "左足"
		},
		{
			"Id": "Part54",
			"Name": "スカート_奥"
		},
		{
			"Id": "ArtMesh182_Skinning",
			"Name": "羽織飾り02_2光彩(スキニング)"
		},
		{
			"Id": "Part56",
			"Name": "左腕"
		},
		{
			"Id": "Part58",
			"Name": "右後ろ髪"
		},
		{
			"Id": "Part59",
			"Name": "左後ろ髪"
		},
		{
			"Id": "Part9",
			"Name": "髪飾り"
		},
		{
			"Id": "Part10",
			"Name": "前髪"
		},
		{
			"Id": "Part11",
			"Name": "右横髪"
		},
		{
			"Id": "Part12",
			"Name": "左横髪"
		},
		{
			"Id": "Part16",
			"Name": "閉じ目"
		},
		{
			"Id": "Part18",
			"Name": "開き目"
		},
		{
			"Id": "Part22",
			"Name": "落ち影"
		},
		{
			"Id": "Part31",
			"Name": "スカート01"
		},
		{
			"Id": "ArtMesh116_Skinning",
			"Name": "左足リボン_2(スキニング)"
		},
		{
			"Id": "Part21",
			"Name": "左足リボン_2(回転)"
		},
		{
			"Id": "ArtMesh117_Skinning",
			"Name": "左足リボン_3(スキニング)"
		},
		{
			"Id": "Part63",
			"Name": "左足リボン_3(回転)"
		},
		{
			"Id": "ArtMesh139_Skinning",
			"Name": "右後ろ髪01(スキニング)"
		},
		{
			"Id": "Part75",
			"Name": "右後ろ髪01(回転)"
		},
		{
			"Id": "ArtMesh141_Skinning",
			"Name": "右後ろ髪03(スキニング)"
		},
		{
			"Id": "Part76",
			"Name": "右後ろ髪03(回転)"
		},
		{
			"Id": "ArtMesh146_Skinning",
			"Name": "左後ろ髪04(スキニング)"
		},
		{
			"Id": "Part78",
			"Name": "左後ろ髪04(回転)"
		},
		{
			"Id": "ArtMesh147_Skinning",
			"Name": "左後ろ髪05(スキニング)"
		},
		{
			"Id": "Part77",
			"Name": "左後ろ髪05(回転)"
		},
		{
			"Id": "ArtMesh148_Skinning",
			"Name": "左後ろ髪06(スキニング)"
		},
		{
			"Id": "Part79",
			"Name": "左後ろ髪06(回転)"
		},
		{
			"Id": "ArtMesh149_Skinning",
			"Name": "左後ろ髪07(スキニング)"
		},
		{
			"Id": "Part80",
			"Name": "左後ろ髪07(回転)"
		},
		{
			"Id": "ArtMesh150_Skinning",
			"Name": "左後ろ髪08(スキニング)"
		},
		{
			"Id": "Part81",
			"Name": "左後ろ髪08(回転)"
		},
		{
			"Id": "Part42",
			"Name": "髪飾り"
		},
		{
			"Id": "Part43",
			"Name": "左横髪"
		},
		{
			"Id": "Part52",
			"Name": "スカート01"
		},
		{
			"Id": "ArtMesh176_Skinning",
			"Name": "左足リボン_2光彩(スキニング)"
		},
		{
			"Id": "ArtMesh177_Skinning",
			"Name": "左足リボン_3光彩(スキニング)"
		},
		{
			"Id": "ArtMesh190_Skinning",
			"Name": "右後ろ髪01光彩(スキニング)"
		},
		{
			"Id": "ArtMesh192_Skinning",
			"Name": "右後ろ髪03光彩(スキニング)"
		},
		{
			"Id": "ArtMesh196_Skinning",
			"Name": "左後ろ髪04光彩(スキニング)"
		},
		{
			"Id": "ArtMesh197_Skinning",
			"Name": "左後ろ髪05光彩(スキニング)"
		},
		{
			"Id": "ArtMesh198_Skinning",
			"Name": "左後ろ髪06光彩(スキニング)"
		},
		{
			"Id": "ArtMesh199_Skinning",
			"Name": "左後ろ髪07光彩(スキニング)"
		},
		{
			"Id": "ArtMesh200_Skinning",
			"Name": "左後ろ髪08光彩(スキニング)"
		},
		{
			"Id": "ArtMesh37_Skinning",
			"Name": "髪飾り02(スキニング)"
		},
		{
			"Id": "Part64",
			"Name": "髪飾り02(回転)"
		},
		{
			"Id": "ArtMesh38_Skinning",
			"Name": "前髪01(スキニング)"
		},
		{
			"Id": "Part65",
			"Name": "前髪01(回転)"
		},
		{
			"Id": "ArtMesh39_Skinning",
			"Name": "前髪02(スキニング)"
		},
		{
			"Id": "Part66",
			"Name": "前髪02(回転)"
		},
		{
			"Id": "ArtMesh42_Skinning",
			"Name": "右横髪01(スキニング)"
		},
		{
			"Id": "Part67",
			"Name": "右横髪01(回転)"
		},
		{
			"Id": "ArtMesh43_Skinning",
			"Name": "右横髪02(スキニング)"
		},
		{
			"Id": "Part68",
			"Name": "右横髪02(回転)"
		},
		{
			"Id": "ArtMesh44_Skinning",
			"Name": "右横髪03(スキニング)"
		},
		{
			"Id": "Part69",
			"Name": "右横髪03(回転)"
		},
		{
			"Id": "ArtMesh45_Skinning",
			"Name": "右横髪04(スキニング)"
		},
		{
			"Id": "Part70",
			"Name": "右横髪04(回転)"
		},
		{
			"Id": "ArtMesh46_Skinning",
			"Name": "右横髪05(スキニング)"
		},
		{
			"Id": "Part71",
			"Name": "右横髪05(回転)"
		},
		{
			"Id": "Part13",
			"Name": "左横髪01"
		},
		{
			"Id": "ArtMesh52_Skinning",
			"Name": "左横髪02(スキニング)"
		},
		{
			"Id": "Part73",
			"Name": "左横髪02(回転)"
		},
		{
			"Id": "ArtMesh53_Skinning",
			"Name": "左横髪03(スキニング)"
		},
		{
			"Id": "Part74",
			"Name": "左横髪03(回転)"
		},
		{
			"Id": "Part14",
			"Name": "左横髪04"
		},
		{
			"Id": "Part19",
			"Name": "右目"
		},
		{
			"Id": "Part20",
			"Name": "左目"
		},
		{
			"Id": "ArtMesh82_Skinning",
			"Name": "前髪01影(スキニング)"
		},
		{
			"Id": "ArtMesh83_Skinning",
			"Name": "前髪02影(スキニング)"
		},
		{
			"Id": "ArtMesh152_Skinning",
			"Name": "髪飾り02光彩(スキニング)"
		},
		{
			"Id": "ArtMesh154_Skinning",
			"Name": "左横髪01光彩(スキニング)"
		},
		{
			"Id": "ArtMesh155_Skinning",
			"Name": "左横髪02光彩(スキニング)"
		},
		{
			"Id": "ArtMesh156_Skinning",
			"Name": "左横髪03光彩(スキニング)"
		},
		{
			"Id": "ArtMesh49_Skinning",
			"Name": "左横髪01_線(スキニング)"
		},
		{
			"Id": "Part72",
			"Name": "左横髪01_線(回転)"
		},
		{
			"Id": "ArtMesh50_Skinning",
			"Name": "左横髪01_髪飾り影(スキニング)"
		},
		{
			"Id": "ArtMesh51_Skinning",
			"Name": "左横髪01_塗り(スキニング)"
		},
		{
			"Id": "ArtMesh55_Skinning",
			"Name": "左横髪04_髪飾り影(スキニング)"
		}
	],
	"CombinedParameters": [
		[
			"ParamEyeRL",
			"ParamEyeUD"
		],
		[
			"ParamPaiLX",
			"ParamPaiLY"
		],
		[
			"ParammasukuX",
			"ParammasukuY"
		]
	]
}