{
	"Version": 3,
	"Parameters": [
		{
			"Id": "ParamEff1",
			"GroupId": "ParamGroup",
			"Name": "エフェクト1"
		},
		{
			"Id": "ParamEff2",
			"GroupId": "ParamGroup",
			"Name": "エフェクト2"
		},
		{
			"Id": "ParamEff3",
			"GroupId": "ParamGroup",
			"Name": "エフェクト3"
		},
		{
			"Id": "ParamEff4",
			"GroupId": "ParamGroup",
			"Name": "エフェクト4"
		},
		{
			"Id": "ParamEff5",
			"GroupId": "ParamGroup",
			"Name": "エフェクト5"
		},
		{
			"Id": "ParamEff6",
			"GroupId": "ParamGroup",
			"Name": "エフェクト6"
		},
		{
			"Id": "ParamEff7",
			"GroupId": "ParamGroup",
			"Name": "エフェクト7"
		},
		{
			"Id": "ParamEff8",
			"GroupId": "ParamGroup",
			"Name": "エフェクト8"
		},
		{
			"Id": "ParamEff9",
			"GroupId": "ParamGroup",
			"Name": "エフェクト9"
		},
		{
			"Id": "ParamEff10",
			"GroupId": "ParamGroup",
			"Name": "エフェクト10"
		},
		{
			"Id": "ParamEff11",
			"GroupId": "ParamGroup",
			"Name": "エフェクト11"
		},
		{
			"Id": "ParamEff12",
			"GroupId": "ParamGroup",
			"Name": "エフェクト12"
		},
		{
			"Id": "ParamEff13",
			"GroupId": "ParamGroup",
			"Name": "エフェクト13"
		},
		{
			"Id": "ParamEff14",
			"GroupId": "ParamGroup",
			"Name": "エフェクト14"
		},
		{
			"Id": "ParamEff15",
			"GroupId": "ParamGroup",
			"Name": "エフェクト15"
		},
		{
			"Id": "ParamEff16",
			"GroupId": "ParamGroup",
			"Name": "エフェクト16"
		},
		{
			"Id": "ParamEff17",
			"GroupId": "ParamGroup",
			"Name": "エフェクト17"
		},
		{
			"Id": "ParamEff18",
			"GroupId": "ParamGroup",
			"Name": "エフェクト18"
		},
		{
			"Id": "ParamEff19",
			"GroupId": "ParamGroup",
			"Name": "エフェクト19"
		},
		{
			"Id": "ParamEff20",
			"GroupId": "ParamGroup",
			"Name": "エフェクト20"
		},
		{
			"Id": "ParamEff21",
			"GroupId": "ParamGroup",
			"Name": "エフェクト21"
		},
		{
			"Id": "ParamEff22",
			"GroupId": "ParamGroup",
			"Name": "エフェクト22"
		},
		{
			"Id": "ParamEff23",
			"GroupId": "ParamGroup",
			"Name": "エフェクト23"
		},
		{
			"Id": "ParamEff24",
			"GroupId": "ParamGroup",
			"Name": "エフェクト24"
		},
		{
			"Id": "ParamEff25",
			"GroupId": "ParamGroup",
			"Name": "エフェクト25"
		},
		{
			"Id": "ParamEff26",
			"GroupId": "ParamGroup",
			"Name": "エフェクト26"
		},
		{
			"Id": "ParamEff27",
			"GroupId": "ParamGroup",
			"Name": "エフェクト27"
		},
		{
			"Id": "ParamEff28",
			"GroupId": "ParamGroup",
			"Name": "エフェクト28"
		},
		{
			"Id": "ParamEff29",
			"GroupId": "ParamGroup",
			"Name": "エフェクト29"
		},
		{
			"Id": "ParamEff30",
			"GroupId": "ParamGroup",
			"Name": "エフェクト30"
		},
		{
			"Id": "ParamEff31",
			"GroupId": "ParamGroup",
			"Name": "エフェクト31"
		},
		{
			"Id": "ParamEff32",
			"GroupId": "ParamGroup",
			"Name": "エフェクト32"
		},
		{
			"Id": "ParamEff33",
			"GroupId": "ParamGroup",
			"Name": "エフェクト33"
		},
		{
			"Id": "ParamPachi",
			"GroupId": "ParamGroup2",
			"Name": "目パチ"
		},
		{
			"Id": "ParamPachi2",
			"GroupId": "ParamGroup2",
			"Name": "目パチ"
		},
		{
			"Id": "ParamLegL1",
			"GroupId": "ParamGroup2",
			"Name": "右太もも"
		},
		{
			"Id": "ParamLegL2",
			"GroupId": "ParamGroup2",
			"Name": "右足"
		},
		{
			"Id": "ParamLegR1",
			"GroupId": "ParamGroup2",
			"Name": "左太もも"
		},
		{
			"Id": "ParamLegR2",
			"GroupId": "ParamGroup2",
			"Name": "左足"
		},
		{
			"Id": "ParamEyeRL",
			"GroupId": "ParamGroup2",
			"Name": "目Hi左右"
		},
		{
			"Id": "ParamEyeUD",
			"GroupId": "ParamGroup2",
			"Name": "目Hi上下"
		},
		{
			"Id": "ParamEyeBS",
			"GroupId": "ParamGroup2",
			"Name": "目Hi大小"
		},
		{
			"Id": "ParamPaiRX",
			"GroupId": "ParamGroup2",
			"Name": "右胸 X"
		},
		{
			"Id": "ParamPaiRY",
			"GroupId": "ParamGroup2",
			"Name": "右胸 Y"
		},
		{
			"Id": "ParamPaiRX2",
			"GroupId": "ParamGroup2",
			"Name": "右胸 X2"
		},
		{
			"Id": "ParamPaiRY2",
			"GroupId": "ParamGroup2",
			"Name": "右胸 Y2"
		},
		{
			"Id": "ParamPaiLX",
			"GroupId": "ParamGroup2",
			"Name": "左胸 X"
		},
		{
			"Id": "ParamPaiLY",
			"GroupId": "ParamGroup2",
			"Name": "左胸 Y"
		},
		{
			"Id": "ParamPaiLX2",
			"GroupId": "ParamGroup2",
			"Name": "左胸 X2"
		},
		{
			"Id": "ParamPaiLY2",
			"GroupId": "ParamGroup2",
			"Name": "左胸 Y2"
		},
		{
			"Id": "ParamBreat",
			"GroupId": "ParamGroup2",
			"Name": "呼吸"
		},
		{
			"Id": "ParamBreat2",
			"GroupId": "ParamGroup2",
			"Name": "呼吸"
		},
		{
			"Id": "ParamSY",
			"GroupId": "ParamGroup3",
			"Name": "装飾"
		},
		{
			"Id": "ParamSF",
			"GroupId": "ParamGroup3",
			"Name": "花装飾"
		},
		{
			"Id": "ParamSK",
			"GroupId": "ParamGroup3",
			"Name": "鎖装飾"
		},
		{
			"Id": "ParamSY2",
			"GroupId": "ParamGroup3",
			"Name": "Y装飾"
		},
		{
			"Id": "ParamSF2",
			"GroupId": "ParamGroup3",
			"Name": "Y花装飾"
		},
		{
			"Id": "ParamSK2",
			"GroupId": "ParamGroup3",
			"Name": "Y鎖装飾"
		},
		{
			"Id": "Param_Angle_Rotation12",
			"GroupId": "ParamGroup4",
			"Name": "[0]髪1"
		},
		{
			"Id": "Param_Angle_Rotation13",
			"GroupId": "ParamGroup4",
			"Name": "[1]髪1"
		},
		{
			"Id": "Param_Angle_Rotation14",
			"GroupId": "ParamGroup4",
			"Name": "[2]髪1"
		},
		{
			"Id": "Param_Angle_Rotation16",
			"GroupId": "ParamGroup5",
			"Name": "[0]髪2"
		},
		{
			"Id": "Param_Angle_Rotation17",
			"GroupId": "ParamGroup5",
			"Name": "[1]髪2"
		},
		{
			"Id": "Param_Angle_Rotation18",
			"GroupId": "ParamGroup5",
			"Name": "[2]髪2"
		},
		{
			"Id": "Param_Angle_Rotation20",
			"GroupId": "ParamGroup6",
			"Name": "[0]髪3"
		},
		{
			"Id": "Param_Angle_Rotation21",
			"GroupId": "ParamGroup6",
			"Name": "[1]髪3"
		},
		{
			"Id": "Param_Angle_Rotation22",
			"GroupId": "ParamGroup6",
			"Name": "[2]髪3"
		},
		{
			"Id": "Param_Angle_Rotation24",
			"GroupId": "ParamGroup7",
			"Name": "[0]髪4"
		},
		{
			"Id": "Param_Angle_Rotation25",
			"GroupId": "ParamGroup7",
			"Name": "[1]髪4"
		},
		{
			"Id": "Param_Angle_Rotation26",
			"GroupId": "ParamGroup7",
			"Name": "[2]髪4"
		},
		{
			"Id": "Param_Angle_Rotation28",
			"GroupId": "ParamGroup8",
			"Name": "[0]髪5"
		},
		{
			"Id": "Param_Angle_Rotation29",
			"GroupId": "ParamGroup8",
			"Name": "[1]髪5"
		},
		{
			"Id": "Param_Angle_Rotation30",
			"GroupId": "ParamGroup8",
			"Name": "[2]髪5"
		},
		{
			"Id": "Param_Angle_Rotation32",
			"GroupId": "ParamGroup9",
			"Name": "[0]髪6"
		},
		{
			"Id": "Param_Angle_Rotation33",
			"GroupId": "ParamGroup9",
			"Name": "[1]髪6"
		},
		{
			"Id": "Param_Angle_Rotation34",
			"GroupId": "ParamGroup9",
			"Name": "[2]髪6"
		},
		{
			"Id": "Param_Angle_Rotation36",
			"GroupId": "ParamGroup10",
			"Name": "[0]髪7"
		},
		{
			"Id": "Param_Angle_Rotation37",
			"GroupId": "ParamGroup10",
			"Name": "[1]髪7"
		},
		{
			"Id": "Param_Angle_Rotation38",
			"GroupId": "ParamGroup10",
			"Name": "[2]髪7"
		},
		{
			"Id": "Param_Angle_Rotation40",
			"GroupId": "ParamGroup11",
			"Name": "[0]髪8"
		},
		{
			"Id": "Param_Angle_Rotation41",
			"GroupId": "ParamGroup11",
			"Name": "[1]髪8"
		},
		{
			"Id": "Param_Angle_Rotation42",
			"GroupId": "ParamGroup11",
			"Name": "[2]髪8"
		},
		{
			"Id": "Param_Angle_Rotation67",
			"GroupId": "ParamGroup17",
			"Name": "[0]右もみあげ"
		},
		{
			"Id": "Param_Angle_Rotation68",
			"GroupId": "ParamGroup17",
			"Name": "[1]右もみあげ"
		},
		{
			"Id": "Param_Angle_Rotation69",
			"GroupId": "ParamGroup17",
			"Name": "[2]右もみあげ"
		},
		{
			"Id": "Param_Angle_Rotation70",
			"GroupId": "ParamGroup17",
			"Name": "[3]右もみあげ"
		},
		{
			"Id": "Param_Angle_Rotation72",
			"GroupId": "ParamGroup18",
			"Name": "[0]左もみあげ2"
		},
		{
			"Id": "Param_Angle_Rotation73",
			"GroupId": "ParamGroup18",
			"Name": "[1]左もみあげ2"
		},
		{
			"Id": "Param_Angle_Rotation74",
			"GroupId": "ParamGroup18",
			"Name": "[2]左もみあげ2"
		},
		{
			"Id": "Param_Angle_Rotation76",
			"GroupId": "ParamGroup19",
			"Name": "[0]左もみあげ1"
		},
		{
			"Id": "Param_Angle_Rotation77",
			"GroupId": "ParamGroup19",
			"Name": "[1]左もみあげ1"
		},
		{
			"Id": "Param_Angle_Rotation78",
			"GroupId": "ParamGroup19",
			"Name": "[2]左もみあげ1"
		},
		{
			"Id": "Param_Angle_Rotation62",
			"GroupId": "ParamGroup20",
			"Name": "[0]後ろリボン髪"
		},
		{
			"Id": "Param_Angle_Rotation63",
			"GroupId": "ParamGroup20",
			"Name": "[1]後ろリボン髪"
		},
		{
			"Id": "Param_Angle_Rotation64",
			"GroupId": "ParamGroup20",
			"Name": "[2]後ろリボン髪"
		},
		{
			"Id": "Param_Angle_Rotation65",
			"GroupId": "ParamGroup20",
			"Name": "[3]後ろリボン髪"
		},
		{
			"Id": "Param_Angle_Rotation81",
			"GroupId": "ParamGroup12",
			"Name": "[0]髪1Y"
		},
		{
			"Id": "Param_Angle_Rotation82",
			"GroupId": "ParamGroup12",
			"Name": "[1]髪1Y"
		},
		{
			"Id": "Param_Angle_Rotation83",
			"GroupId": "ParamGroup12",
			"Name": "[2]髪1Y"
		},
		{
			"Id": "Param_Angle_Rotation85",
			"GroupId": "ParamGroup13",
			"Name": "[0]髪2Y"
		},
		{
			"Id": "Param_Angle_Rotation86",
			"GroupId": "ParamGroup13",
			"Name": "[1]髪2Y"
		},
		{
			"Id": "Param_Angle_Rotation87",
			"GroupId": "ParamGroup13",
			"Name": "[2]髪2Y"
		},
		{
			"Id": "Param_Angle_Rotation89",
			"GroupId": "ParamGroup14",
			"Name": "[0]髪3Y"
		},
		{
			"Id": "Param_Angle_Rotation90",
			"GroupId": "ParamGroup14",
			"Name": "[1]髪3Y"
		},
		{
			"Id": "Param_Angle_Rotation91",
			"GroupId": "ParamGroup14",
			"Name": "[2]髪3Y"
		},
		{
			"Id": "Param_Angle_Rotation93",
			"GroupId": "ParamGroup15",
			"Name": "[0]髪4Y"
		},
		{
			"Id": "Param_Angle_Rotation94",
			"GroupId": "ParamGroup15",
			"Name": "[1]髪4Y"
		},
		{
			"Id": "Param_Angle_Rotation95",
			"GroupId": "ParamGroup15",
			"Name": "[2]髪4Y"
		},
		{
			"Id": "Param_Angle_Rotation97",
			"GroupId": "ParamGroup16",
			"Name": "[0]髪5Y"
		},
		{
			"Id": "Param_Angle_Rotation98",
			"GroupId": "ParamGroup16",
			"Name": "[1]髪5Y"
		},
		{
			"Id": "Param_Angle_Rotation99",
			"GroupId": "ParamGroup16",
			"Name": "[2]髪5Y"
		},
		{
			"Id": "Param_Angle_Rotation100",
			"GroupId": "ParamGroup16",
			"Name": "[3]髪5Y"
		},
		{
			"Id": "Param_Angle_Rotation102",
			"GroupId": "ParamGroup21",
			"Name": "[0]髪6Y"
		},
		{
			"Id": "Param_Angle_Rotation103",
			"GroupId": "ParamGroup21",
			"Name": "[1]髪6Y"
		},
		{
			"Id": "Param_Angle_Rotation104",
			"GroupId": "ParamGroup21",
			"Name": "[2]髪6Y"
		},
		{
			"Id": "Param_Angle_Rotation105",
			"GroupId": "ParamGroup21",
			"Name": "[3]髪6Y"
		}
	],
	"ParameterGroups": [
		{
			"Id": "ParamGroup",
			"GroupId": "",
			"Name": "エフェクト"
		},
		{
			"Id": "ParamGroup2",
			"GroupId": "",
			"Name": "URアニメーション"
		},
		{
			"Id": "ParamGroup3",
			"GroupId": "",
			"Name": "追加"
		},
		{
			"Id": "ParamGroup4",
			"GroupId": "",
			"Name": "髪1"
		},
		{
			"Id": "ParamGroup5",
			"GroupId": "",
			"Name": "髪2"
		},
		{
			"Id": "ParamGroup6",
			"GroupId": "",
			"Name": "髪3"
		},
		{
			"Id": "ParamGroup7",
			"GroupId": "",
			"Name": "髪4"
		},
		{
			"Id": "ParamGroup8",
			"GroupId": "",
			"Name": "髪5"
		},
		{
			"Id": "ParamGroup9",
			"GroupId": "",
			"Name": "髪6"
		},
		{
			"Id": "ParamGroup10",
			"GroupId": "",
			"Name": "髪7"
		},
		{
			"Id": "ParamGroup11",
			"GroupId": "",
			"Name": "髪8"
		},
		{
			"Id": "ParamGroup17",
			"GroupId": "",
			"Name": "右もみあげ"
		},
		{
			"Id": "ParamGroup18",
			"GroupId": "",
			"Name": "左もみあげ2"
		},
		{
			"Id": "ParamGroup19",
			"GroupId": "",
			"Name": "左もみあげ1"
		},
		{
			"Id": "ParamGroup20",
			"GroupId": "",
			"Name": "後ろリボン髪"
		},
		{
			"Id": "ParamGroup12",
			"GroupId": "",
			"Name": "髪1Y"
		},
		{
			"Id": "ParamGroup13",
			"GroupId": "",
			"Name": "髪2Y"
		},
		{
			"Id": "ParamGroup14",
			"GroupId": "",
			"Name": "髪3Y"
		},
		{
			"Id": "ParamGroup15",
			"GroupId": "",
			"Name": "髪4Y"
		},
		{
			"Id": "ParamGroup16",
			"GroupId": "",
			"Name": "髪5Y"
		},
		{
			"Id": "ParamGroup21",
			"GroupId": "",
			"Name": "髪6Y"
		}
	],
	"Parts": [
		{
			"Id": "Part34",
			"Name": "1920x1440_背景.psd"
		},
		{
			"Id": "Part18",
			"Name": "1920x1440.psd"
		},
		{
			"Id": "PartSketch0",
			"Name": "[ 下絵 ]"
		},
		{
			"Id": "Part",
			"Name": "雪泉"
		},
		{
			"Id": "Part11",
			"Name": "夜桜"
		},
		{
			"Id": "Part19",
			"Name": "エフェクト"
		},
		{
			"Id": "Part20",
			"Name": "光"
		},
		{
			"Id": "Part2",
			"Name": "貴金属"
		},
		{
			"Id": "Part4",
			"Name": "鎖"
		},
		{
			"Id": "Part5",
			"Name": "各影"
		},
		{
			"Id": "Part6",
			"Name": "髪"
		},
		{
			"Id": "Part7",
			"Name": "頭"
		},
		{
			"Id": "Part10",
			"Name": "グループ 5"
		},
		{
			"Id": "ArtMesh83_Skinning",
			"Name": "後ろリボン髪(スキニング)"
		},
		{
			"Id": "Part12",
			"Name": "頭飾り"
		},
		{
			"Id": "Part13",
			"Name": "髪"
		},
		{
			"Id": "Part14",
			"Name": "頭部"
		},
		{
			"Id": "Part17",
			"Name": "胴体"
		},
		{
			"Id": "Part21",
			"Name": "グループ 4"
		},
		{
			"Id": "Part22",
			"Name": "グループ 6"
		},
		{
			"Id": "Part23",
			"Name": "グループ 5"
		},
		{
			"Id": "Part24",
			"Name": "グループ 3"
		},
		{
			"Id": "Part25",
			"Name": "グループ 9"
		},
		{
			"Id": "Part26",
			"Name": "グループ 8"
		},
		{
			"Id": "Part27",
			"Name": "グループ 10"
		},
		{
			"Id": "Part28",
			"Name": "グループ 11"
		},
		{
			"Id": "Part29",
			"Name": "グループ 12"
		},
		{
			"Id": "Part30",
			"Name": "グループ 7"
		},
		{
			"Id": "Part31",
			"Name": "グループ 13"
		},
		{
			"Id": "Part32",
			"Name": "グループ 15"
		},
		{
			"Id": "Part33",
			"Name": "グループ 14"
		},
		{
			"Id": "Part3",
			"Name": "装飾小"
		},
		{
			"Id": "ArtMesh45_Skinning",
			"Name": "髪1(スキニング)"
		},
		{
			"Id": "ArtMesh46_Skinning",
			"Name": "髪2(スキニング)"
		},
		{
			"Id": "ArtMesh47_Skinning",
			"Name": "髪3(スキニング)"
		},
		{
			"Id": "ArtMesh48_Skinning",
			"Name": "髪4(スキニング)"
		},
		{
			"Id": "ArtMesh49_Skinning",
			"Name": "髪5(スキニング)"
		},
		{
			"Id": "ArtMesh50_Skinning",
			"Name": "髪6(スキニング)"
		},
		{
			"Id": "ArtMesh51_Skinning",
			"Name": "髪7(スキニング)"
		},
		{
			"Id": "ArtMesh52_Skinning",
			"Name": "髪8(スキニング)"
		},
		{
			"Id": "ArtMesh54_Skinning",
			"Name": "右もみあげ(スキニング)"
		},
		{
			"Id": "Part8",
			"Name": "閉じ"
		},
		{
			"Id": "Part9",
			"Name": "顔"
		},
		{
			"Id": "ArtMesh63_Skinning",
			"Name": "髪影1(スキニング)"
		},
		{
			"Id": "ArtMesh64_Skinning",
			"Name": "髪影2(スキニング)"
		},
		{
			"Id": "ArtMesh65_Skinning",
			"Name": "髪影3(スキニング)"
		},
		{
			"Id": "ArtMesh66_Skinning",
			"Name": "髪影4(スキニング)"
		},
		{
			"Id": "ArtMesh67_Skinning",
			"Name": "髪影5(スキニング)"
		},
		{
			"Id": "ArtMesh69_Skinning",
			"Name": "左もみあげ1(スキニング)"
		},
		{
			"Id": "ArtMesh70_Skinning",
			"Name": "左もみあげ2(スキニング)"
		},
		{
			"Id": "ArtMesh96_Skinning",
			"Name": "髪1(スキニング)"
		},
		{
			"Id": "ArtMesh97_Skinning",
			"Name": "髪2(スキニング)"
		},
		{
			"Id": "ArtMesh98_Skinning",
			"Name": "髪3(スキニング)"
		},
		{
			"Id": "ArtMesh99_Skinning",
			"Name": "髪4(スキニング)"
		},
		{
			"Id": "ArtMesh100_Skinning",
			"Name": "髪5(スキニング)"
		},
		{
			"Id": "ArtMesh101_Skinning",
			"Name": "髪6(スキニング)"
		},
		{
			"Id": "Part15",
			"Name": "閉じ"
		},
		{
			"Id": "Part16",
			"Name": "顔"
		},
		{
			"Id": "ArtMesh111_Skinning",
			"Name": "髪影1(スキニング)"
		},
		{
			"Id": "ArtMesh112_Skinning",
			"Name": "髪影2(スキニング)"
		},
		{
			"Id": "ArtMesh113_Skinning",
			"Name": "髪影3(スキニング)"
		},
		{
			"Id": "ArtMesh114_Skinning",
			"Name": "髪影4(スキニング)"
		},
		{
			"Id": "ArtMesh115_Skinning",
			"Name": "髪影5(スキニング)"
		}
	],
	"CombinedParameters": [
		[
			"ParamEyeRL",
			"ParamEyeUD"
		],
		[
			"ParamPaiRX",
			"ParamPaiRY"
		],
		[
			"ParamPaiRX2",
			"ParamPaiRY2"
		],
		[
			"ParamPaiLX",
			"ParamPaiLY"
		],
		[
			"ParamPaiLX2",
			"ParamPaiLY2"
		]
	]
}