{
	"Version": 3,
	"Parameters": [
		{
			"Id": "ParamEff1",
			"GroupId": "ParamGroup",
			"Name": "エフェクト1"
		},
		{
			"Id": "ParamEff2",
			"GroupId": "ParamGroup",
			"Name": "エフェクト2"
		},
		{
			"Id": "ParamEff3",
			"GroupId": "ParamGroup",
			"Name": "エフェクト3"
		},
		{
			"Id": "ParamEff4",
			"GroupId": "ParamGroup",
			"Name": "エフェクト4"
		},
		{
			"Id": "ParamEff5",
			"GroupId": "ParamGroup",
			"Name": "エフェクト5"
		},
		{
			"Id": "ParamEff6",
			"GroupId": "ParamGroup",
			"Name": "エフェクト6"
		},
		{
			"Id": "ParamEff7",
			"GroupId": "ParamGroup",
			"Name": "エフェクト7"
		},
		{
			"Id": "ParamEff8",
			"GroupId": "ParamGroup",
			"Name": "エフェクト8"
		},
		{
			"Id": "ParamEff9",
			"GroupId": "ParamGroup",
			"Name": "エフェクト9"
		},
		{
			"Id": "ParamEff10",
			"GroupId": "ParamGroup",
			"Name": "エフェクト10"
		},
		{
			"Id": "ParamEff11",
			"GroupId": "ParamGroup",
			"Name": "エフェクト11"
		},
		{
			"Id": "ParamEff12",
			"GroupId": "ParamGroup",
			"Name": "エフェクト12"
		},
		{
			"Id": "ParamEff13",
			"GroupId": "ParamGroup",
			"Name": "エフェクト13"
		},
		{
			"Id": "ParamEff14",
			"GroupId": "ParamGroup",
			"Name": "エフェクト14"
		},
		{
			"Id": "ParamEff15",
			"GroupId": "ParamGroup",
			"Name": "エフェクト15"
		},
		{
			"Id": "ParamEff16",
			"GroupId": "ParamGroup",
			"Name": "エフェクト16"
		},
		{
			"Id": "ParamEff17",
			"GroupId": "ParamGroup",
			"Name": "エフェクト17"
		},
		{
			"Id": "ParamEff18",
			"GroupId": "ParamGroup",
			"Name": "エフェクト18"
		},
		{
			"Id": "ParamEff19",
			"GroupId": "ParamGroup",
			"Name": "エフェクト19"
		},
		{
			"Id": "ParamEff20",
			"GroupId": "ParamGroup",
			"Name": "エフェクト20"
		},
		{
			"Id": "ParamEff21",
			"GroupId": "ParamGroup",
			"Name": "エフェクト21"
		},
		{
			"Id": "ParamEff22",
			"GroupId": "ParamGroup",
			"Name": "エフェクト22"
		},
		{
			"Id": "ParamEff23",
			"GroupId": "ParamGroup",
			"Name": "エフェクト23"
		},
		{
			"Id": "ParamEff24",
			"GroupId": "ParamGroup",
			"Name": "エフェクト24"
		},
		{
			"Id": "ParamEff25",
			"GroupId": "ParamGroup",
			"Name": "エフェクト25"
		},
		{
			"Id": "ParamEff26",
			"GroupId": "ParamGroup",
			"Name": "エフェクト26"
		},
		{
			"Id": "ParamEff27",
			"GroupId": "ParamGroup",
			"Name": "エフェクト27"
		},
		{
			"Id": "ParamEff28",
			"GroupId": "ParamGroup",
			"Name": "エフェクト28"
		},
		{
			"Id": "ParamEff29",
			"GroupId": "ParamGroup",
			"Name": "エフェクト29"
		},
		{
			"Id": "ParamEff30",
			"GroupId": "ParamGroup",
			"Name": "エフェクト30"
		},
		{
			"Id": "ParamEff31",
			"GroupId": "ParamGroup",
			"Name": "エフェクト31"
		},
		{
			"Id": "ParamEff32",
			"GroupId": "ParamGroup",
			"Name": "エフェクト32"
		},
		{
			"Id": "ParamEff33",
			"GroupId": "ParamGroup",
			"Name": "エフェクト33"
		},
		{
			"Id": "ParamPachi",
			"GroupId": "ParamGroup2",
			"Name": "目パチ"
		},
		{
			"Id": "ParamLegL1",
			"GroupId": "ParamGroup2",
			"Name": "右太もも"
		},
		{
			"Id": "ParamLegL2",
			"GroupId": "ParamGroup2",
			"Name": "右足"
		},
		{
			"Id": "ParamLegR1",
			"GroupId": "ParamGroup2",
			"Name": "左太もも"
		},
		{
			"Id": "ParamLegR2",
			"GroupId": "ParamGroup2",
			"Name": "左足"
		},
		{
			"Id": "ParamEyeRL",
			"GroupId": "ParamGroup2",
			"Name": "目Hi左右"
		},
		{
			"Id": "ParamEyeUD",
			"GroupId": "ParamGroup2",
			"Name": "目Hi上下"
		},
		{
			"Id": "ParamEyeBS",
			"GroupId": "ParamGroup2",
			"Name": "目Hi大小"
		},
		{
			"Id": "ParamPaiRY",
			"GroupId": "ParamGroup2",
			"Name": "右胸 Y"
		},
		{
			"Id": "ParamPaiRX",
			"GroupId": "ParamGroup2",
			"Name": "右胸 X"
		},
		{
			"Id": "ParamPaiRY2",
			"GroupId": "ParamGroup2",
			"Name": "右胸 Y2"
		},
		{
			"Id": "ParamPaiRX2",
			"GroupId": "ParamGroup2",
			"Name": "右胸 X2"
		},
		{
			"Id": "ParamPaiLY",
			"GroupId": "ParamGroup2",
			"Name": "左胸 Y"
		},
		{
			"Id": "ParamPaiLX",
			"GroupId": "ParamGroup2",
			"Name": "左胸 X"
		},
		{
			"Id": "ParamPaiLY2",
			"GroupId": "ParamGroup2",
			"Name": "左胸 Y2"
		},
		{
			"Id": "ParamPaiLX2",
			"GroupId": "ParamGroup2",
			"Name": "左胸 X2"
		},
		{
			"Id": "ParamBreat",
			"GroupId": "ParamGroup2",
			"Name": "呼吸"
		},
		{
			"Id": "ParamLeftRing",
			"GroupId": "ParamGroup3",
			"Name": "リング左"
		},
		{
			"Id": "ParamRightRing",
			"GroupId": "ParamGroup3",
			"Name": "リング右"
		},
		{
			"Id": "Param_Angle_Rotation2",
			"GroupId": "ParamGroup4",
			"Name": "[1]髪中央"
		},
		{
			"Id": "Param_Angle_Rotation3",
			"GroupId": "ParamGroup4",
			"Name": "[2]髪中央"
		},
		{
			"Id": "Param_Angle_Rotation4",
			"GroupId": "ParamGroup4",
			"Name": "[3]髪中央"
		},
		{
			"Id": "Param_Angle_Rotation6",
			"GroupId": "ParamGroup5",
			"Name": "[1]髪右"
		},
		{
			"Id": "Param_Angle_Rotation7",
			"GroupId": "ParamGroup5",
			"Name": "[2]髪右"
		},
		{
			"Id": "Param_Angle_Rotation8",
			"GroupId": "ParamGroup5",
			"Name": "[3]髪右"
		},
		{
			"Id": "Param_Angle_Rotation10",
			"GroupId": "ParamGroup6",
			"Name": "[1]髪右2"
		},
		{
			"Id": "Param_Angle_Rotation11",
			"GroupId": "ParamGroup6",
			"Name": "[2]髪右2"
		},
		{
			"Id": "Param_Angle_Rotation12",
			"GroupId": "ParamGroup6",
			"Name": "[3]髪右2"
		},
		{
			"Id": "Param_Angle_Rotation14",
			"GroupId": "ParamGroup7",
			"Name": "[1]髪右3"
		},
		{
			"Id": "Param_Angle_Rotation15",
			"GroupId": "ParamGroup7",
			"Name": "[2]髪右3"
		},
		{
			"Id": "Param_Angle_Rotation16",
			"GroupId": "ParamGroup7",
			"Name": "[3]髪右3"
		},
		{
			"Id": "Param_Angle_Rotation18",
			"GroupId": "ParamGroup8",
			"Name": "[1]髪左1"
		},
		{
			"Id": "Param_Angle_Rotation19",
			"GroupId": "ParamGroup8",
			"Name": "[2]髪左1"
		},
		{
			"Id": "Param_Angle_Rotation20",
			"GroupId": "ParamGroup8",
			"Name": "[3]髪左1"
		},
		{
			"Id": "Param_Angle_Rotation22",
			"GroupId": "ParamGroup9",
			"Name": "[1]髪左2"
		},
		{
			"Id": "Param_Angle_Rotation23",
			"GroupId": "ParamGroup9",
			"Name": "[2]髪左2"
		},
		{
			"Id": "Param_Angle_Rotation24",
			"GroupId": "ParamGroup9",
			"Name": "[3]髪左2"
		},
		{
			"Id": "Param_Angle_Rotation26",
			"GroupId": "ParamGroup10",
			"Name": "[1]髪左3"
		},
		{
			"Id": "Param_Angle_Rotation27",
			"GroupId": "ParamGroup10",
			"Name": "[2]髪左3"
		},
		{
			"Id": "Param_Angle_Rotation28",
			"GroupId": "ParamGroup10",
			"Name": "[3]髪左3"
		},
		{
			"Id": "Param_Angle_Rotation60",
			"GroupId": "ParamGroup11",
			"Name": "[0]紐"
		},
		{
			"Id": "Param_Angle_Rotation61",
			"GroupId": "ParamGroup11",
			"Name": "[1]紐"
		},
		{
			"Id": "Param_Angle_Rotation62",
			"GroupId": "ParamGroup11",
			"Name": "[2]紐"
		},
		{
			"Id": "Param_Angle_Rotation63",
			"GroupId": "ParamGroup11",
			"Name": "[3]紐"
		},
		{
			"Id": "Param_Angle_Rotation36",
			"GroupId": "ParamGroup12",
			"Name": "[0]垂れ髪小"
		},
		{
			"Id": "Param_Angle_Rotation37",
			"GroupId": "ParamGroup12",
			"Name": "[1]垂れ髪小"
		},
		{
			"Id": "Param_Angle_Rotation38",
			"GroupId": "ParamGroup12",
			"Name": "[2]垂れ髪小"
		},
		{
			"Id": "Param_Angle_Rotation39",
			"GroupId": "ParamGroup12",
			"Name": "[3]垂れ髪小"
		},
		{
			"Id": "Param_Angle_Rotation68",
			"GroupId": "ParamGroup12",
			"Name": "[4]垂れ髪小"
		},
		{
			"Id": "Param_Angle_Rotation30",
			"GroupId": "ParamGroup13",
			"Name": "[0]垂れ髪大"
		},
		{
			"Id": "Param_Angle_Rotation31",
			"GroupId": "ParamGroup13",
			"Name": "[1]垂れ髪大"
		},
		{
			"Id": "Param_Angle_Rotation32",
			"GroupId": "ParamGroup13",
			"Name": "[2]垂れ髪大"
		},
		{
			"Id": "Param_Angle_Rotation33",
			"GroupId": "ParamGroup13",
			"Name": "[3]垂れ髪大"
		},
		{
			"Id": "Param_Angle_Rotation34",
			"GroupId": "ParamGroup13",
			"Name": "[4]垂れ髪大"
		}
	],
	"ParameterGroups": [
		{
			"Id": "ParamGroup",
			"GroupId": "",
			"Name": "エフェクト"
		},
		{
			"Id": "ParamGroup2",
			"GroupId": "",
			"Name": "URアニメーション"
		},
		{
			"Id": "ParamGroup3",
			"GroupId": "",
			"Name": "追加"
		},
		{
			"Id": "ParamGroup4",
			"GroupId": "",
			"Name": "髪中央"
		},
		{
			"Id": "ParamGroup5",
			"GroupId": "",
			"Name": "髪右"
		},
		{
			"Id": "ParamGroup6",
			"GroupId": "",
			"Name": "髪右2"
		},
		{
			"Id": "ParamGroup7",
			"GroupId": "",
			"Name": "髪右3"
		},
		{
			"Id": "ParamGroup8",
			"GroupId": "",
			"Name": "髪左1"
		},
		{
			"Id": "ParamGroup9",
			"GroupId": "",
			"Name": "髪左2"
		},
		{
			"Id": "ParamGroup10",
			"GroupId": "",
			"Name": "髪左3"
		},
		{
			"Id": "ParamGroup11",
			"GroupId": "",
			"Name": "紐"
		},
		{
			"Id": "ParamGroup12",
			"GroupId": "",
			"Name": "垂れ髪小"
		},
		{
			"Id": "ParamGroup13",
			"GroupId": "",
			"Name": "垂れ髪大"
		}
	],
	"Parts": [
		{
			"Id": "Part26",
			"Name": "1920x1440_1.psd"
		},
		{
			"Id": "Part25",
			"Name": "1920x1440.psd"
		},
		{
			"Id": "Part",
			"Name": "エフェクト"
		},
		{
			"Id": "Part16",
			"Name": "花びら"
		},
		{
			"Id": "Part17",
			"Name": "エリナ"
		},
		{
			"Id": "Part24",
			"Name": "地面小物"
		},
		{
			"Id": "Part2",
			"Name": "小さい点"
		},
		{
			"Id": "Part5",
			"Name": "輝"
		},
		{
			"Id": "Part12",
			"Name": "丸"
		},
		{
			"Id": "Part18",
			"Name": "頭"
		},
		{
			"Id": "Part21",
			"Name": "垂れ髪"
		},
		{
			"Id": "Part22",
			"Name": "胸など"
		},
		{
			"Id": "Part23",
			"Name": "体全体"
		},
		{
			"Id": "Part3",
			"Name": "グループ 10"
		},
		{
			"Id": "Part4",
			"Name": "グループ 11"
		},
		{
			"Id": "Part6",
			"Name": "グループ 6"
		},
		{
			"Id": "Part7",
			"Name": "グループ 4"
		},
		{
			"Id": "Part8",
			"Name": "グループ 7"
		},
		{
			"Id": "Part9",
			"Name": "グループ 5"
		},
		{
			"Id": "Part10",
			"Name": "グループ 8"
		},
		{
			"Id": "Part11",
			"Name": "グループ 9"
		},
		{
			"Id": "Part13",
			"Name": "グループ 2"
		},
		{
			"Id": "Part14",
			"Name": "グループ 3"
		},
		{
			"Id": "Part15",
			"Name": "グループ 1"
		},
		{
			"Id": "ArtMesh63_Skinning",
			"Name": "髪中央(スキニング)"
		},
		{
			"Id": "ArtMesh64_Skinning",
			"Name": "髪右(スキニング)"
		},
		{
			"Id": "ArtMesh65_Skinning",
			"Name": "髪右2(スキニング)"
		},
		{
			"Id": "ArtMesh66_Skinning",
			"Name": "髪右3(スキニング)"
		},
		{
			"Id": "ArtMesh67_Skinning",
			"Name": "髪左1(スキニング)"
		},
		{
			"Id": "ArtMesh68_Skinning",
			"Name": "髪左2(スキニング)"
		},
		{
			"Id": "ArtMesh69_Skinning",
			"Name": "髪左3(スキニング)"
		},
		{
			"Id": "Part19",
			"Name": "閉じ"
		},
		{
			"Id": "Part20",
			"Name": "顔"
		},
		{
			"Id": "ArtMesh80_Skinning",
			"Name": "髪影1(スキニング)"
		},
		{
			"Id": "ArtMesh81_Skinning",
			"Name": "髪影2(スキニング)"
		},
		{
			"Id": "ArtMesh82_Skinning",
			"Name": "髪影3(スキニング)"
		},
		{
			"Id": "ArtMesh83_Skinning",
			"Name": "髪影4(スキニング)"
		},
		{
			"Id": "ArtMesh84_Skinning",
			"Name": "髪影5(スキニング)"
		},
		{
			"Id": "ArtMesh91_Skinning",
			"Name": "垂れ髪小(スキニング)"
		},
		{
			"Id": "ArtMesh93_Skinning",
			"Name": "垂れ髪大(スキニング)"
		},
		{
			"Id": "ArtMesh103_Skinning",
			"Name": "紐(スキニング)"
		}
	],
	"CombinedParameters": [
		[
			"ParamEyeRL",
			"ParamEyeUD"
		]
	]
}