{
	"Version": 3,
	"Meta": {
		"Duration": 6,
		"Fps": 30.0,
		"Loop": true,
		"AreBeziersRestricted": false,
		"CurveCount": 84,
		"TotalSegmentCount": 809,
		"TotalPointCount": 2509,
		"UserDataCount": 0,
		"TotalUserDataSize": 0
	},
	"Curves": [
		{
			"Target": "Parameter",
			"Id": "ParamEff1",
			"Segments": [
				0,
				1,
				1,
				0.2,
				1,
				0.4,
				1,
				0.6,
				1,
				1,
				0.633,
				1,
				0.667,
				0.5,
				0.7,
				0.5,
				1,
				0.733,
				0.5,
				0.767,
				1,
				0.8,
				1,
				1,
				1.378,
				1,
				1.956,
				1,
				2.533,
				1,
				1,
				2.567,
				1,
				2.6,
				0.5,
				2.633,
				0.5,
				1,
				2.678,
				0.5,
				2.722,
				1,
				2.767,
				1,
				1,
				3.5,
				1,
				4.233,
				1,
				4.967,
				1,
				1,
				5,
				1,
				5.033,
				0.5,
				5.067,
				0.5,
				1,
				5.111,
				0.5,
				5.156,
				1,
				5.2,
				1,
				1,
				5.467,
				1,
				5.733,
				1,
				6,
				1
			]
		},
		{
			"Target": "Parameter",
			"Id": "ParamEff2",
			"Segments": [
				0,
				0.6,
				1,
				0.033,
				0.6,
				0.067,
				1,
				0.1,
				1,
				1,
				0.6,
				1,
				1.1,
				1,
				1.6,
				1,
				1,
				1.633,
				1,
				1.667,
				0.8,
				1.7,
				0.8,
				1,
				1.733,
				0.8,
				1.767,
				1,
				1.8,
				1,
				1,
				2.267,
				1,
				2.733,
				1,
				3.2,
				1,
				1,
				3.233,
				1,
				3.267,
				0.7,
				3.3,
				0.7,
				1,
				3.333,
				0.7,
				3.367,
				1,
				3.4,
				1,
				1,
				3.444,
				1,
				3.489,
				1,
				3.533,
				1,
				1,
				3.567,
				1,
				3.6,
				0.8,
				3.633,
				0.8,
				1,
				3.667,
				0.8,
				3.7,
				1,
				3.733,
				1,
				1,
				4.444,
				1,
				5.156,
				1,
				5.867,
				1,
				1,
				5.911,
				1,
				5.956,
				0.6,
				6,
				0.6
			]
		},
		{
			"Target": "Parameter",
			"Id": "ParamEff3",
			"Segments": [
				0,
				1,
				1,
				0.656,
				1,
				1.311,
				1,
				1.967,
				1,
				1,
				2,
				1,
				2.033,
				0.5,
				2.067,
				0.5,
				1,
				2.1,
				0.5,
				2.133,
				1,
				2.167,
				1,
				1,
				2.211,
				1,
				2.256,
				1,
				2.3,
				1,
				1,
				2.333,
				1,
				2.367,
				0.5,
				2.4,
				0.5,
				1,
				2.433,
				0.5,
				2.467,
				1,
				2.5,
				1,
				1,
				2.922,
				1,
				3.344,
				1,
				3.767,
				1,
				1,
				3.8,
				1,
				3.833,
				0.5,
				3.867,
				0.5,
				1,
				3.9,
				0.5,
				3.933,
				1,
				3.967,
				1,
				1,
				4.644,
				1,
				5.322,
				1,
				6,
				1
			]
		},
		{
			"Target": "Parameter",
			"Id": "ParamEff4",
			"Segments": [
				0,
				1,
				1,
				0.189,
				1,
				0.378,
				1,
				0.567,
				1,
				1,
				0.6,
				1,
				0.633,
				0.5,
				0.667,
				0.5,
				1,
				0.7,
				0.5,
				0.733,
				1,
				0.767,
				1,
				1,
				0.944,
				1,
				1.122,
				0.9,
				1.3,
				0.9,
				1,
				1.667,
				0.9,
				2.033,
				1,
				2.4,
				1,
				1,
				2.433,
				1,
				2.467,
				0.5,
				2.5,
				0.5,
				1,
				2.533,
				0.5,
				2.567,
				1,
				2.6,
				1,
				1,
				3,
				1,
				3.4,
				0.8,
				3.8,
				0.8,
				1,
				4.2,
				0.8,
				4.6,
				1,
				5,
				1,
				1,
				5.033,
				1,
				5.067,
				0.5,
				5.1,
				0.5,
				1,
				5.133,
				0.5,
				5.167,
				1,
				5.2,
				1,
				1,
				5.467,
				1,
				5.733,
				1,
				6,
				1
			]
		},
		{
			"Target": "Parameter",
			"Id": "ParamEff5",
			"Segments": [
				0,
				1,
				1,
				0.078,
				1,
				0.156,
				1,
				0.233,
				1,
				1,
				0.267,
				1,
				0.3,
				0.5,
				0.333,
				0.5,
				1,
				0.367,
				0.5,
				0.4,
				1,
				0.433,
				1,
				1,
				1.244,
				1,
				2.056,
				0.7,
				2.867,
				0.7,
				1,
				3.911,
				0.7,
				4.956,
				1,
				6,
				1
			]
		},
		{
			"Target": "Parameter",
			"Id": "ParamEff6",
			"Segments": [
				0,
				0.6,
				1,
				0.033,
				0.6,
				0.067,
				1,
				0.1,
				1,
				1,
				0.867,
				1,
				1.633,
				0.8,
				2.4,
				0.8,
				1,
				3.133,
				0.8,
				3.867,
				1,
				4.6,
				1,
				1,
				4.633,
				1,
				4.667,
				0.5,
				4.7,
				0.5,
				1,
				4.733,
				0.5,
				4.767,
				1,
				4.8,
				1,
				1,
				4.878,
				1,
				4.956,
				1,
				5.033,
				1,
				1,
				5.067,
				1,
				5.1,
				0.5,
				5.133,
				0.5,
				1,
				5.167,
				0.5,
				5.2,
				1,
				5.233,
				1,
				1,
				5.289,
				1,
				5.344,
				1,
				5.4,
				1,
				1,
				5.433,
				1,
				5.467,
				0.5,
				5.5,
				0.5,
				1,
				5.533,
				0.5,
				5.567,
				1,
				5.6,
				1,
				1,
				5.678,
				1,
				5.756,
				1,
				5.833,
				1,
				1,
				5.889,
				1,
				5.944,
				0.6,
				6,
				0.6
			]
		},
		{
			"Target": "Parameter",
			"Id": "ParamEff7",
			"Segments": [
				0,
				1,
				1,
				0.256,
				1,
				0.511,
				1,
				0.767,
				1,
				1,
				0.8,
				1,
				0.833,
				0.6,
				0.867,
				0.6,
				1,
				0.9,
				0.6,
				0.933,
				1,
				0.967,
				1,
				1,
				1.133,
				1,
				1.3,
				1,
				1.467,
				1,
				1,
				1.5,
				1,
				1.533,
				0.6,
				1.567,
				0.6,
				1,
				1.6,
				0.6,
				1.633,
				1,
				1.667,
				1,
				1,
				2.089,
				1,
				2.511,
				0.9,
				2.933,
				0.9,
				1,
				3.311,
				0.9,
				3.689,
				1,
				4.067,
				1,
				1,
				4.1,
				1,
				4.133,
				0.6,
				4.167,
				0.6,
				1,
				4.2,
				0.6,
				4.233,
				1,
				4.267,
				1,
				1,
				4.578,
				1,
				4.889,
				1,
				5.2,
				1,
				1,
				5.467,
				1,
				5.733,
				1,
				6,
				1
			]
		},
		{
			"Target": "Parameter",
			"Id": "ParamEff8",
			"Segments": [
				0,
				1,
				1,
				0.111,
				1,
				0.222,
				1,
				0.333,
				1,
				1,
				0.367,
				1,
				0.4,
				0.6,
				0.433,
				0.6,
				1,
				0.467,
				0.6,
				0.5,
				1,
				0.533,
				1,
				1,
				1,
				1,
				1.467,
				0.9,
				1.933,
				0.9,
				1,
				2.311,
				0.9,
				2.689,
				1,
				3.067,
				1,
				1,
				3.1,
				1,
				3.133,
				0.6,
				3.167,
				0.6,
				1,
				3.2,
				0.6,
				3.233,
				1,
				3.267,
				1,
				1,
				3.322,
				1,
				3.378,
				1,
				3.433,
				1,
				1,
				3.467,
				1,
				3.5,
				0.6,
				3.533,
				0.6,
				1,
				3.567,
				0.6,
				3.6,
				1,
				3.633,
				1,
				1,
				3.7,
				1,
				3.767,
				1,
				3.833,
				1,
				1,
				3.867,
				1,
				3.9,
				0.7,
				3.933,
				0.7,
				1,
				3.967,
				0.7,
				4,
				1,
				4.033,
				1,
				1,
				4.367,
				1,
				4.7,
				0.9,
				5.033,
				0.9,
				1,
				5.356,
				0.9,
				5.678,
				1,
				6,
				1
			]
		},
		{
			"Target": "Parameter",
			"Id": "ParamEff9",
			"Segments": [
				0,
				0.8,
				1,
				0.289,
				0.8,
				0.578,
				1,
				0.867,
				1,
				1,
				0.9,
				1,
				0.933,
				0.6,
				0.967,
				0.6,
				1,
				1,
				0.6,
				1.033,
				1,
				1.067,
				1,
				1,
				1.3,
				1,
				1.533,
				1,
				1.767,
				1,
				1,
				1.8,
				1,
				1.833,
				0.6,
				1.867,
				0.6,
				1,
				1.9,
				0.6,
				1.933,
				1,
				1.967,
				1,
				1,
				2.4,
				1,
				2.833,
				1,
				3.267,
				1,
				1,
				3.3,
				1,
				3.333,
				0.6,
				3.367,
				0.6,
				1,
				3.4,
				0.6,
				3.433,
				1,
				3.467,
				1,
				1,
				4.311,
				1,
				5.156,
				0.8,
				6,
				0.8
			]
		},
		{
			"Target": "Parameter",
			"Id": "ParamEff10",
			"Segments": [
				0,
				1,
				1,
				0.5,
				1,
				1,
				1,
				1.5,
				1,
				1,
				1.533,
				1,
				1.567,
				0.6,
				1.6,
				0.6,
				1,
				1.633,
				0.6,
				1.667,
				1,
				1.7,
				1,
				1,
				1.822,
				1,
				1.944,
				1,
				2.067,
				1,
				1,
				2.1,
				1,
				2.133,
				0.6,
				2.167,
				0.6,
				1,
				2.2,
				0.6,
				2.233,
				1,
				2.267,
				1,
				1,
				2.711,
				1,
				3.156,
				0.9,
				3.6,
				0.9,
				1,
				4.211,
				0.9,
				4.822,
				1,
				5.433,
				1,
				1,
				5.467,
				1,
				5.5,
				0.6,
				5.533,
				0.6,
				1,
				5.567,
				0.6,
				5.6,
				1,
				5.633,
				1,
				1,
				5.756,
				1,
				5.878,
				1,
				6,
				1
			]
		},
		{
			"Target": "Parameter",
			"Id": "ParamEff11",
			"Segments": [
				0,
				1,
				1,
				0.222,
				1,
				0.444,
				1,
				0.667,
				1,
				1,
				0.7,
				1,
				0.733,
				0.6,
				0.767,
				0.6,
				1,
				0.8,
				0.6,
				0.833,
				1,
				0.867,
				1,
				1,
				1.144,
				1,
				1.422,
				0.9,
				1.7,
				0.9,
				1,
				2.056,
				0.9,
				2.411,
				1,
				2.767,
				1,
				1,
				2.8,
				1,
				2.833,
				0.6,
				2.867,
				0.6,
				1,
				2.9,
				0.6,
				2.933,
				1,
				2.967,
				1,
				1,
				3.267,
				1,
				3.567,
				0.8,
				3.867,
				0.8,
				1,
				4.067,
				0.8,
				4.267,
				1,
				4.467,
				1,
				1,
				4.5,
				1,
				4.533,
				0.6,
				4.567,
				0.6,
				1,
				4.6,
				0.6,
				4.633,
				1,
				4.667,
				1,
				1,
				5.111,
				1,
				5.556,
				1,
				6,
				1
			]
		},
		{
			"Target": "Parameter",
			"Id": "ParamEff12",
			"Segments": [
				0,
				0.9,
				1,
				0.044,
				0.9,
				0.089,
				1,
				0.133,
				1,
				1,
				0.733,
				1,
				1.333,
				0.9,
				1.933,
				0.9,
				1,
				2.567,
				0.9,
				3.2,
				1,
				3.833,
				1,
				1,
				3.867,
				1,
				3.9,
				0.9,
				3.933,
				0.9,
				1,
				3.967,
				0.9,
				4,
				1,
				4.033,
				1,
				1,
				4.444,
				1,
				4.856,
				1,
				5.267,
				1,
				1,
				5.3,
				1,
				5.333,
				0.9,
				5.367,
				0.9,
				1,
				5.4,
				0.9,
				5.433,
				1,
				5.467,
				1,
				1,
				5.611,
				1,
				5.756,
				1,
				5.9,
				1,
				1,
				5.933,
				1,
				5.967,
				0.8,
				6,
				0.8
			]
		},
		{
			"Target": "Parameter",
			"Id": "ParamEff13",
			"Segments": [
				0,
				1,
				1,
				0.111,
				1,
				0.222,
				1,
				0.333,
				1,
				1,
				0.367,
				1,
				0.4,
				0.9,
				0.433,
				0.9,
				1,
				0.467,
				0.9,
				0.5,
				1,
				0.533,
				1,
				1,
				0.856,
				1,
				1.178,
				0.9,
				1.5,
				0.9,
				1,
				1.844,
				0.9,
				2.189,
				1,
				2.533,
				1,
				1,
				2.567,
				1,
				2.6,
				0.9,
				2.633,
				0.9,
				1,
				2.667,
				0.9,
				2.7,
				1,
				2.733,
				1,
				1,
				3.278,
				1,
				3.822,
				1,
				4.367,
				1,
				1,
				4.4,
				1,
				4.433,
				0.9,
				4.467,
				0.9,
				1,
				4.5,
				0.9,
				4.533,
				1,
				4.567,
				1,
				1,
				5.044,
				1,
				5.522,
				1,
				6,
				1
			]
		},
		{
			"Target": "Parameter",
			"Id": "ParamEff14",
			"Segments": [
				0,
				1,
				1,
				0.189,
				1,
				0.378,
				1,
				0.567,
				1,
				1,
				0.6,
				1,
				0.633,
				0.9,
				0.667,
				0.9,
				1,
				0.7,
				0.9,
				0.733,
				1,
				0.767,
				1,
				1,
				1.1,
				1,
				1.433,
				1,
				1.767,
				1,
				1,
				1.8,
				1,
				1.833,
				0.8,
				1.867,
				0.8,
				1,
				1.9,
				0.8,
				1.933,
				1,
				1.967,
				1,
				1,
				2.267,
				1,
				2.567,
				0.9,
				2.867,
				0.9,
				1,
				3.133,
				0.9,
				3.4,
				1,
				3.667,
				1,
				1,
				3.7,
				1,
				3.733,
				0.8,
				3.767,
				0.8,
				1,
				3.8,
				0.8,
				3.833,
				1,
				3.867,
				1,
				1,
				4.122,
				1,
				4.378,
				0.9,
				4.633,
				0.9,
				1,
				4.878,
				0.9,
				5.122,
				1,
				5.367,
				1,
				1,
				5.4,
				1,
				5.433,
				0.8,
				5.467,
				0.8,
				1,
				5.5,
				0.8,
				5.533,
				1,
				5.567,
				1,
				1,
				5.711,
				1,
				5.856,
				1,
				6,
				1
			]
		},
		{
			"Target": "Parameter",
			"Id": "ParamEff15",
			"Segments": [
				0,
				0.7,
				1,
				0.478,
				0.7,
				0.956,
				1,
				1.433,
				1,
				1,
				1.467,
				1,
				1.5,
				0.6,
				1.533,
				0.6,
				1,
				1.567,
				0.6,
				1.6,
				1,
				1.633,
				1,
				1,
				2.133,
				1,
				2.633,
				1,
				3.133,
				1,
				1,
				3.167,
				1,
				3.2,
				0.6,
				3.233,
				0.6,
				1,
				3.267,
				0.6,
				3.3,
				1,
				3.333,
				1,
				1,
				3.411,
				1,
				3.489,
				1,
				3.567,
				1,
				1,
				3.6,
				1,
				3.633,
				0.6,
				3.667,
				0.6,
				1,
				3.7,
				0.6,
				3.733,
				0.788,
				3.767,
				0.8,
				1,
				4.167,
				0.943,
				4.567,
				1,
				4.967,
				1,
				1,
				5,
				1,
				5.033,
				0.6,
				5.067,
				0.6,
				1,
				5.1,
				0.6,
				5.133,
				1,
				5.167,
				1,
				1,
				5.444,
				1,
				5.722,
				0.7,
				6,
				0.7
			]
		},
		{
			"Target": "Parameter",
			"Id": "ParamEff16",
			"Segments": [
				0,
				1,
				1,
				0.256,
				1,
				0.511,
				1,
				0.767,
				1,
				1,
				0.8,
				1,
				0.833,
				0.6,
				0.867,
				0.6,
				1,
				0.9,
				0.6,
				0.933,
				1,
				0.967,
				1,
				1,
				1.322,
				1,
				1.678,
				1,
				2.033,
				1,
				1,
				2.067,
				1,
				2.1,
				0.6,
				2.133,
				0.6,
				1,
				2.167,
				0.6,
				2.2,
				1,
				2.233,
				1,
				1,
				2.622,
				1,
				3.011,
				0.9,
				3.4,
				0.9,
				1,
				3.811,
				0.9,
				4.222,
				1,
				4.633,
				1,
				1,
				4.667,
				1,
				4.7,
				0.6,
				4.733,
				0.6,
				1,
				4.767,
				0.6,
				4.8,
				1,
				4.833,
				1,
				1,
				5.044,
				1,
				5.256,
				1,
				5.467,
				1,
				1,
				5.644,
				1,
				5.822,
				1,
				6,
				1
			]
		},
		{
			"Target": "Parameter",
			"Id": "ParamEff17",
			"Segments": [
				0,
				1,
				1,
				0.678,
				1,
				1.356,
				0.9,
				2.033,
				0.9,
				1,
				2.8,
				0.9,
				3.567,
				1,
				4.333,
				1,
				1,
				4.367,
				1,
				4.4,
				0.6,
				4.433,
				0.6,
				1,
				4.467,
				0.6,
				4.5,
				1,
				4.533,
				1,
				1,
				4.844,
				1,
				5.156,
				0.9,
				5.467,
				0.9,
				1,
				5.644,
				0.9,
				5.822,
				1,
				6,
				1
			]
		},
		{
			"Target": "Parameter",
			"Id": "ParamEff18",
			"Segments": [
				0,
				0.6,
				1,
				0.044,
				0.6,
				0.089,
				1,
				0.133,
				1,
				1,
				0.811,
				1,
				1.489,
				0.9,
				2.167,
				0.9,
				1,
				3.178,
				0.9,
				4.189,
				1,
				5.2,
				1,
				1,
				5.233,
				1,
				5.267,
				0.6,
				5.3,
				0.6,
				1,
				5.333,
				0.6,
				5.367,
				1,
				5.4,
				1,
				1,
				5.544,
				1,
				5.689,
				1,
				5.833,
				1,
				1,
				5.889,
				1,
				5.944,
				0.6,
				6,
				0.6
			]
		},
		{
			"Target": "Parameter",
			"Id": "ParamEff19",
			"Segments": [
				0,
				0.8,
				1,
				0.422,
				0.8,
				0.844,
				0.853,
				1.267,
				0.9,
				1,
				1.978,
				0.979,
				2.689,
				1,
				3.4,
				1,
				1,
				3.433,
				1,
				3.467,
				0.6,
				3.5,
				0.6,
				1,
				3.533,
				0.6,
				3.567,
				1,
				3.6,
				1,
				1,
				4.4,
				1,
				5.2,
				0.8,
				6,
				0.8
			]
		},
		{
			"Target": "Parameter",
			"Id": "ParamEff20",
			"Segments": [
				0,
				1,
				1,
				0.489,
				1,
				0.978,
				1,
				1.467,
				1,
				1,
				1.5,
				1,
				1.533,
				0.6,
				1.567,
				0.6,
				1,
				1.6,
				0.6,
				1.633,
				1,
				1.667,
				1,
				1,
				2.656,
				1,
				3.644,
				0.9,
				4.633,
				0.9,
				1,
				5.089,
				0.9,
				5.544,
				1,
				6,
				1
			]
		},
		{
			"Target": "Parameter",
			"Id": "ParamEff21",
			"Segments": [
				0,
				1,
				1,
				1.6,
				1,
				3.2,
				1,
				4.8,
				1,
				1,
				4.833,
				1,
				4.867,
				0.6,
				4.9,
				0.6,
				1,
				4.933,
				0.6,
				4.967,
				1,
				5,
				1,
				1,
				5.333,
				1,
				5.667,
				1,
				6,
				1
			]
		},
		{
			"Target": "Parameter",
			"Id": "ParamEff22",
			"Segments": [
				0,
				1,
				1,
				0.244,
				1,
				0.489,
				1,
				0.733,
				1,
				1,
				0.767,
				1,
				0.8,
				0.6,
				0.833,
				0.6,
				1,
				0.867,
				0.6,
				0.9,
				1,
				0.933,
				1,
				1,
				1.078,
				1,
				1.222,
				1,
				1.367,
				1,
				1,
				1.4,
				1,
				1.433,
				0.8,
				1.467,
				0.8,
				1,
				1.5,
				0.8,
				1.533,
				1,
				1.567,
				1,
				1,
				1.889,
				1,
				2.211,
				1,
				2.533,
				1,
				1,
				2.567,
				1,
				2.6,
				0.6,
				2.633,
				0.6,
				1,
				2.667,
				0.6,
				2.7,
				1,
				2.733,
				1,
				1,
				3.822,
				1,
				4.911,
				1,
				6,
				1
			]
		},
		{
			"Target": "Parameter",
			"Id": "ParamEff23",
			"Segments": [
				0,
				1,
				1,
				0.067,
				1,
				0.133,
				1,
				0.2,
				1,
				1,
				0.233,
				1,
				0.267,
				0.9,
				0.3,
				0.9,
				1,
				0.333,
				0.9,
				0.367,
				1,
				0.4,
				1,
				1,
				0.489,
				1,
				0.578,
				1,
				0.667,
				1,
				1,
				0.7,
				1,
				0.733,
				0.8,
				0.767,
				0.8,
				1,
				0.8,
				0.8,
				0.833,
				1,
				0.867,
				1,
				1,
				2.122,
				1,
				3.378,
				1,
				4.633,
				1,
				1,
				4.667,
				1,
				4.7,
				0.8,
				4.733,
				0.8,
				1,
				4.767,
				0.8,
				4.8,
				1,
				4.833,
				1,
				1,
				5.222,
				1,
				5.611,
				1,
				6,
				1
			]
		},
		{
			"Target": "Parameter",
			"Id": "ParamEff24",
			"Segments": [
				0,
				1,
				1,
				0.7,
				1,
				1.4,
				1,
				2.1,
				1,
				1,
				2.133,
				1,
				2.167,
				0.8,
				2.2,
				0.8,
				1,
				2.233,
				0.8,
				2.267,
				1,
				2.3,
				1,
				1,
				2.433,
				1,
				2.567,
				1,
				2.7,
				1,
				1,
				2.733,
				1,
				2.767,
				0.9,
				2.8,
				0.9,
				1,
				2.833,
				0.9,
				2.867,
				1,
				2.9,
				1,
				1,
				3.789,
				1,
				4.678,
				1,
				5.567,
				1,
				1,
				5.6,
				1,
				5.633,
				0.9,
				5.667,
				0.9,
				1,
				5.7,
				0.9,
				5.733,
				1,
				5.767,
				1,
				1,
				5.844,
				1,
				5.922,
				1,
				6,
				1
			]
		},
		{
			"Target": "Parameter",
			"Id": "ParamEff25",
			"Segments": [
				0,
				1,
				1,
				0.411,
				1,
				0.822,
				1,
				1.233,
				1,
				1,
				1.267,
				1,
				1.3,
				0.8,
				1.333,
				0.8,
				1,
				1.367,
				0.8,
				1.4,
				1,
				1.433,
				1,
				1,
				1.911,
				1,
				2.389,
				1,
				2.867,
				1,
				1,
				2.9,
				1,
				2.933,
				0.9,
				2.967,
				0.9,
				1,
				3,
				0.9,
				3.033,
				1,
				3.067,
				1,
				1,
				4.044,
				1,
				5.022,
				1,
				6,
				1
			]
		},
		{
			"Target": "Parameter",
			"Id": "ParamEff26",
			"Segments": [
				0,
				0.8,
				1,
				1.333,
				0.8,
				2.667,
				1,
				4,
				1,
				1,
				4.033,
				1,
				4.067,
				0.6,
				4.1,
				0.6,
				1,
				4.133,
				0.6,
				4.167,
				1,
				4.2,
				1,
				1,
				4.589,
				1,
				4.978,
				1,
				5.367,
				1,
				1,
				5.4,
				1,
				5.433,
				0.6,
				5.467,
				0.6,
				1,
				5.5,
				0.6,
				5.533,
				1,
				5.567,
				1,
				1,
				5.711,
				1,
				5.856,
				0.8,
				6,
				0.8
			]
		},
		{
			"Target": "Parameter",
			"Id": "ParamEff27",
			"Segments": [
				0,
				1,
				1,
				0.133,
				1,
				0.267,
				1,
				0.4,
				1,
				1,
				0.433,
				1,
				0.467,
				0.5,
				0.5,
				0.5,
				1,
				0.533,
				0.5,
				0.567,
				1,
				0.6,
				1,
				1,
				1.089,
				1,
				1.578,
				1,
				2.067,
				1,
				1,
				2.1,
				1,
				2.133,
				0.7,
				2.167,
				0.7,
				1,
				2.2,
				0.7,
				2.233,
				1,
				2.267,
				1,
				1,
				2.478,
				1,
				2.689,
				1,
				2.9,
				1,
				1,
				2.933,
				1,
				2.967,
				0.5,
				3,
				0.5,
				1,
				3.033,
				0.5,
				3.067,
				1,
				3.1,
				1,
				1,
				4.067,
				1,
				5.033,
				1,
				6,
				1
			]
		},
		{
			"Target": "Parameter",
			"Id": "ParamEff28",
			"Segments": [
				0,
				1,
				1,
				0.2,
				1,
				0.4,
				1,
				0.6,
				1,
				1,
				0.633,
				1,
				0.667,
				0.7,
				0.7,
				0.7,
				1,
				0.733,
				0.7,
				0.767,
				1,
				0.8,
				1,
				1,
				1.444,
				1,
				2.089,
				1,
				2.733,
				1,
				1,
				2.767,
				1,
				2.8,
				0.5,
				2.833,
				0.5,
				1,
				2.867,
				0.5,
				2.9,
				1,
				2.933,
				1,
				1,
				3.044,
				1,
				3.156,
				1,
				3.267,
				1,
				1,
				3.3,
				1,
				3.333,
				0.5,
				3.367,
				0.5,
				1,
				3.4,
				0.5,
				3.433,
				1,
				3.467,
				1,
				1,
				4.311,
				1,
				5.156,
				1,
				6,
				1
			]
		},
		{
			"Target": "Parameter",
			"Id": "ParamEff29",
			"Segments": [
				0,
				1,
				1,
				0.589,
				1,
				1.178,
				1,
				1.767,
				1,
				1,
				1.8,
				1,
				1.833,
				0.6,
				1.867,
				0.6,
				1,
				1.9,
				0.6,
				1.933,
				1,
				1.967,
				1,
				1,
				2.567,
				1,
				3.167,
				1,
				3.767,
				1,
				1,
				3.8,
				1,
				3.833,
				0.6,
				3.867,
				0.6,
				1,
				3.9,
				0.6,
				3.933,
				1,
				3.967,
				1,
				1,
				4.2,
				1,
				4.433,
				1,
				4.667,
				1,
				1,
				4.7,
				1,
				4.733,
				0.6,
				4.767,
				0.6,
				1,
				4.8,
				0.6,
				4.833,
				1,
				4.867,
				1,
				1,
				5.244,
				1,
				5.622,
				1,
				6,
				1
			]
		},
		{
			"Target": "Parameter",
			"Id": "ParamEff30",
			"Segments": [
				0,
				1,
				1,
				0.078,
				1,
				0.156,
				1,
				0.233,
				1,
				1,
				0.267,
				1,
				0.3,
				0.5,
				0.333,
				0.5,
				1,
				0.367,
				0.5,
				0.4,
				1,
				0.433,
				1,
				1,
				0.589,
				1,
				0.744,
				1,
				0.9,
				1,
				1,
				0.933,
				1,
				0.967,
				0.5,
				1,
				0.5,
				1,
				1.033,
				0.5,
				1.067,
				1,
				1.1,
				1,
				1,
				1.7,
				1,
				2.3,
				1,
				2.9,
				1,
				1,
				2.933,
				1,
				2.967,
				0.5,
				3,
				0.5,
				1,
				3.033,
				0.5,
				3.067,
				1,
				3.1,
				1,
				1,
				3.556,
				1,
				4.011,
				0.9,
				4.467,
				0.9,
				1,
				4.978,
				0.9,
				5.489,
				1,
				6,
				1
			]
		},
		{
			"Target": "Parameter",
			"Id": "ParamEff31",
			"Segments": [
				0,
				1,
				1,
				0.556,
				1,
				1.111,
				1,
				1.667,
				1,
				1,
				1.7,
				1,
				1.733,
				0.9,
				1.767,
				0.9,
				1,
				1.8,
				0.9,
				1.833,
				1,
				1.867,
				1,
				1,
				2.378,
				1,
				2.889,
				0.9,
				3.4,
				0.9,
				1,
				3.878,
				0.9,
				4.356,
				1,
				4.833,
				1,
				1,
				4.867,
				1,
				4.9,
				0.8,
				4.933,
				0.8,
				1,
				4.967,
				0.8,
				5,
				1,
				5.033,
				1,
				1,
				5.189,
				1,
				5.344,
				1,
				5.5,
				1,
				1,
				5.533,
				1,
				5.567,
				0.8,
				5.6,
				0.8,
				1,
				5.633,
				0.8,
				5.667,
				1,
				5.7,
				1,
				0,
				6,
				1
			]
		},
		{
			"Target": "Parameter",
			"Id": "ParamEff32",
			"Segments": [
				0,
				1,
				1,
				0.456,
				1,
				0.911,
				1,
				1.367,
				1,
				1,
				1.4,
				1,
				1.433,
				0.9,
				1.467,
				0.9,
				1,
				1.5,
				0.9,
				1.533,
				1,
				1.567,
				1,
				1,
				1.689,
				1,
				1.811,
				1,
				1.933,
				1,
				1,
				1.967,
				1,
				2,
				0.9,
				2.033,
				0.9,
				1,
				2.067,
				0.9,
				2.1,
				1,
				2.133,
				1,
				1,
				2.711,
				1,
				3.289,
				0.9,
				3.867,
				0.9,
				1,
				4.378,
				0.9,
				4.889,
				1,
				5.4,
				1,
				1,
				5.433,
				1,
				5.467,
				0.9,
				5.5,
				0.9,
				1,
				5.533,
				0.9,
				5.567,
				1,
				5.6,
				1,
				1,
				5.733,
				1,
				5.867,
				1,
				6,
				1
			]
		},
		{
			"Target": "Parameter",
			"Id": "ParamEff33",
			"Segments": [
				0,
				1,
				1,
				0.222,
				1,
				0.444,
				1,
				0.667,
				1,
				1,
				0.7,
				1,
				0.733,
				0.8,
				0.767,
				0.8,
				1,
				0.8,
				0.8,
				0.833,
				1,
				0.867,
				1,
				1,
				1.367,
				1,
				1.867,
				1,
				2.367,
				1,
				1,
				2.4,
				1,
				2.433,
				0.5,
				2.467,
				0.5,
				1,
				2.5,
				0.5,
				2.533,
				1,
				2.567,
				1,
				1,
				3.111,
				1,
				3.656,
				1,
				4.2,
				1,
				1,
				4.233,
				1,
				4.267,
				0.5,
				4.3,
				0.5,
				1,
				4.333,
				0.5,
				4.367,
				1,
				4.4,
				1,
				1,
				4.933,
				1,
				5.467,
				1,
				6,
				1
			]
		},
		{
			"Target": "Parameter",
			"Id": "ParamPachi",
			"Segments": [
				0,
				1,
				1,
				1,
				1,
				2,
				1,
				3,
				1,
				1,
				3.022,
				1,
				3.044,
				1,
				3.067,
				1,
				1,
				3.111,
				1,
				3.156,
				0,
				3.2,
				0,
				1,
				3.244,
				0,
				3.289,
				1,
				3.333,
				1,
				1,
				4.222,
				1,
				5.111,
				1,
				6,
				1
			]
		},
		{
			"Target": "Parameter",
			"Id": "ParamLegL1",
			"Segments": [
				0,
				0,
				1,
				0.011,
				0,
				0.022,
				0.221,
				0.033,
				0.302,
				1,
				0.378,
				2.814,
				0.722,
				4,
				1.067,
				4,
				1,
				1.567,
				4,
				2.067,
				2.667,
				2.567,
				0,
				1,
				3.067,
				-2.667,
				3.567,
				-4,
				4.067,
				-4,
				1,
				4.7,
				-4,
				5.333,
				-2.853,
				5.967,
				-0.453,
				1,
				5.978,
				-0.411,
				5.989,
				0,
				6,
				0
			]
		},
		{
			"Target": "Parameter",
			"Id": "ParamLegL2",
			"Segments": [
				0,
				0,
				1,
				0.011,
				0,
				0.022,
				0.233,
				0.033,
				0.302,
				1,
				0.433,
				2.811,
				0.833,
				4,
				1.233,
				4,
				1,
				1.733,
				4,
				2.233,
				2.667,
				2.733,
				0,
				1,
				3.233,
				-2.667,
				3.733,
				-4,
				4.233,
				-4,
				1,
				4.811,
				-4,
				5.389,
				-2.855,
				5.967,
				-0.453,
				1,
				5.978,
				-0.407,
				5.989,
				0,
				6,
				0
			]
		},
		{
			"Target": "Parameter",
			"Id": "ParamLegR1",
			"Segments": [
				0,
				0,
				1,
				0.022,
				0,
				0.044,
				-0.339,
				0.067,
				-0.453,
				1,
				0.667,
				-3.553,
				1.267,
				-5,
				1.867,
				-5,
				1,
				2.367,
				-5,
				2.867,
				-3.333,
				3.367,
				0,
				1,
				3.867,
				3.333,
				4.367,
				5,
				4.867,
				5,
				1,
				5.222,
				5,
				5.578,
				3.585,
				5.933,
				0.513,
				1,
				5.956,
				0.321,
				5.978,
				0,
				6,
				0
			]
		},
		{
			"Target": "Parameter",
			"Id": "ParamLegR2",
			"Segments": [
				0,
				0,
				1,
				0.022,
				0,
				0.044,
				-0.326,
				0.067,
				-0.453,
				1,
				0.722,
				-4.222,
				1.378,
				-6,
				2.033,
				-6,
				1,
				2.533,
				-6,
				3.033,
				-4,
				3.533,
				0,
				1,
				4.033,
				4,
				4.533,
				6,
				5.033,
				6,
				1,
				5.333,
				6,
				5.633,
				4.223,
				5.933,
				0.513,
				1,
				5.956,
				0.238,
				5.978,
				0,
				6,
				0
			]
		},
		{
			"Target": "Parameter",
			"Id": "ParamLegL3",
			"Segments": [
				0,
				0,
				1,
				0.022,
				0,
				0.044,
				0,
				0.067,
				0,
				1,
				1.044,
				0,
				2.022,
				0,
				3,
				0,
				1,
				4,
				0,
				5,
				0,
				6,
				0
			]
		},
		{
			"Target": "Parameter",
			"Id": "ParamEyeRL",
			"Segments": [
				0,
				0,
				1,
				0.033,
				0,
				0.067,
				6,
				0.1,
				6,
				1,
				0.122,
				6,
				0.144,
				6,
				0.167,
				6,
				1,
				0.222,
				6,
				0.278,
				-6,
				0.333,
				-6,
				1,
				0.356,
				-6,
				0.378,
				10.768,
				0.4,
				13,
				1,
				0.422,
				15.232,
				0.444,
				15,
				0.467,
				15,
				1,
				0.489,
				15,
				0.511,
				-9,
				0.533,
				-9,
				1,
				0.567,
				-9,
				0.6,
				-7.568,
				0.633,
				-4,
				1,
				0.656,
				-1.621,
				0.678,
				3.453,
				0.7,
				4,
				1,
				0.722,
				4.547,
				0.744,
				4.489,
				0.767,
				5,
				1,
				0.789,
				5.511,
				0.811,
				7,
				0.833,
				7,
				1,
				0.867,
				7,
				0.9,
				-11,
				0.933,
				-11,
				1,
				0.956,
				-11,
				0.978,
				7,
				1,
				7,
				1,
				1.022,
				7,
				1.044,
				-6,
				1.067,
				-6,
				1,
				1.078,
				-6,
				1.089,
				6,
				1.1,
				6,
				1,
				1.133,
				6,
				1.167,
				5.932,
				1.2,
				4,
				1,
				1.222,
				2.712,
				1.244,
				-9,
				1.267,
				-9,
				1,
				1.311,
				-9,
				1.356,
				0,
				1.4,
				0,
				1,
				1.411,
				0,
				1.422,
				-2,
				1.433,
				-2,
				1,
				1.456,
				-2,
				1.478,
				6,
				1.5,
				6,
				1,
				1.522,
				6,
				1.544,
				6,
				1.567,
				6,
				1,
				1.589,
				6,
				1.611,
				-4,
				1.633,
				-4,
				1,
				1.689,
				-4,
				1.744,
				6.579,
				1.8,
				13,
				1,
				1.822,
				15.568,
				1.844,
				15,
				1.867,
				15,
				1,
				1.889,
				15,
				1.911,
				-9,
				1.933,
				-9,
				1,
				1.956,
				-9,
				1.978,
				8,
				2,
				8,
				1,
				2.033,
				8,
				2.067,
				4,
				2.1,
				4,
				1,
				2.122,
				4,
				2.144,
				4.126,
				2.167,
				5,
				1,
				2.189,
				5.874,
				2.211,
				7,
				2.233,
				7,
				1,
				2.267,
				7,
				2.3,
				-11,
				2.333,
				-11,
				1,
				2.356,
				-11,
				2.378,
				7,
				2.4,
				7,
				1,
				2.422,
				7,
				2.444,
				-6,
				2.467,
				-6,
				1,
				2.5,
				-6,
				2.533,
				-5.548,
				2.567,
				-2,
				1,
				2.589,
				0.365,
				2.611,
				6,
				2.633,
				6,
				1,
				2.656,
				6,
				2.678,
				6,
				2.7,
				6,
				1,
				2.722,
				6,
				2.744,
				-2.728,
				2.767,
				-4,
				1,
				2.8,
				-5.909,
				2.833,
				-6,
				2.867,
				-6,
				1,
				2.911,
				-6,
				2.956,
				15,
				3,
				15,
				1,
				3.022,
				15,
				3.044,
				-9,
				3.067,
				-9,
				1,
				3.089,
				-9,
				3.111,
				8,
				3.133,
				8,
				1,
				3.144,
				8,
				3.156,
				-4,
				3.167,
				-4,
				1,
				3.189,
				-4,
				3.211,
				2.919,
				3.233,
				4,
				1,
				3.256,
				5.081,
				3.278,
				5,
				3.3,
				5,
				1,
				3.356,
				5,
				3.411,
				-11,
				3.467,
				-11,
				1,
				3.489,
				-11,
				3.511,
				7,
				3.533,
				7,
				1,
				3.556,
				7,
				3.578,
				-6,
				3.6,
				-6,
				1,
				3.611,
				-6,
				3.622,
				6,
				3.633,
				6,
				1,
				3.667,
				6,
				3.7,
				4,
				3.733,
				4,
				1,
				3.767,
				4,
				3.8,
				8,
				3.833,
				8,
				1,
				3.867,
				8,
				3.9,
				-4,
				3.933,
				-4,
				1,
				3.978,
				-4,
				4.022,
				7.873,
				4.067,
				13,
				1,
				4.089,
				15.563,
				4.111,
				15,
				4.133,
				15,
				1,
				4.156,
				15,
				4.178,
				-9,
				4.2,
				-9,
				1,
				4.222,
				-9,
				4.244,
				8,
				4.267,
				8,
				1,
				4.3,
				8,
				4.333,
				4,
				4.367,
				4,
				1,
				4.389,
				4,
				4.411,
				4.126,
				4.433,
				5,
				1,
				4.456,
				5.874,
				4.478,
				7,
				4.5,
				7,
				1,
				4.533,
				7,
				4.567,
				-11,
				4.6,
				-11,
				1,
				4.622,
				-11,
				4.644,
				7,
				4.667,
				7,
				1,
				4.689,
				7,
				4.711,
				-6,
				4.733,
				-6,
				1,
				4.767,
				-6,
				4.8,
				-5.548,
				4.833,
				-2,
				1,
				4.856,
				0.365,
				4.878,
				6,
				4.9,
				6,
				1,
				4.922,
				6,
				4.944,
				6,
				4.967,
				6,
				1,
				4.989,
				6,
				5.011,
				-2.728,
				5.033,
				-4,
				1,
				5.067,
				-5.909,
				5.1,
				-6,
				5.133,
				-6,
				1,
				5.178,
				-6,
				5.222,
				15,
				5.267,
				15,
				1,
				5.289,
				15,
				5.311,
				-9,
				5.333,
				-9,
				1,
				5.356,
				-9,
				5.378,
				8,
				5.4,
				8,
				1,
				5.411,
				8,
				5.422,
				-4,
				5.433,
				-4,
				1,
				5.456,
				-4,
				5.478,
				2.919,
				5.5,
				4,
				1,
				5.522,
				5.081,
				5.544,
				5,
				5.567,
				5,
				1,
				5.622,
				5,
				5.678,
				-11,
				5.733,
				-11,
				1,
				5.756,
				-11,
				5.778,
				7,
				5.8,
				7,
				1,
				5.822,
				7,
				5.844,
				-6,
				5.867,
				-6,
				1,
				5.878,
				-6,
				5.889,
				6,
				5.9,
				6,
				1,
				5.933,
				6,
				5.967,
				4,
				6,
				4
			]
		},
		{
			"Target": "Parameter",
			"Id": "ParamEyeUD",
			"Segments": [
				0,
				0,
				1,
				0.033,
				0,
				0.067,
				4,
				0.1,
				4,
				1,
				0.122,
				4,
				0.144,
				-14.649,
				0.167,
				-15,
				1,
				0.222,
				-15.877,
				0.278,
				-16,
				0.333,
				-16,
				1,
				0.356,
				-16,
				0.378,
				-16.239,
				0.4,
				-14,
				1,
				0.422,
				-11.761,
				0.444,
				6,
				0.467,
				6,
				1,
				0.489,
				6,
				0.511,
				2,
				0.533,
				2,
				1,
				0.567,
				2,
				0.6,
				10,
				0.633,
				10,
				1,
				0.656,
				10,
				0.678,
				-2,
				0.7,
				-2,
				1,
				0.722,
				-2,
				0.744,
				-1.933,
				0.767,
				0,
				1,
				0.789,
				1.933,
				0.811,
				6,
				0.833,
				6,
				1,
				0.867,
				6,
				0.9,
				6,
				0.933,
				6,
				1,
				0.956,
				6,
				0.978,
				10,
				1,
				10,
				1,
				1.022,
				10,
				1.044,
				-10,
				1.067,
				-10,
				1,
				1.078,
				-10,
				1.089,
				5,
				1.1,
				5,
				1,
				1.133,
				5,
				1.167,
				-11,
				1.2,
				-11,
				1,
				1.222,
				-11,
				1.244,
				2,
				1.267,
				2,
				1,
				1.311,
				2,
				1.356,
				1.576,
				1.4,
				0,
				1,
				1.411,
				-0.394,
				1.422,
				-8,
				1.433,
				-8,
				1,
				1.456,
				-8,
				1.478,
				4,
				1.5,
				4,
				1,
				1.522,
				4,
				1.544,
				-15,
				1.567,
				-15,
				1,
				1.589,
				-15,
				1.611,
				6,
				1.633,
				6,
				1,
				1.689,
				6,
				1.744,
				-14,
				1.8,
				-14,
				1,
				1.822,
				-14,
				1.844,
				6,
				1.867,
				6,
				1,
				1.889,
				6,
				1.911,
				4.667,
				1.933,
				2,
				1,
				1.956,
				-0.667,
				1.978,
				-2,
				2,
				-2,
				1,
				2.033,
				-2,
				2.067,
				-2,
				2.1,
				-2,
				1,
				2.122,
				-2,
				2.144,
				-1.933,
				2.167,
				0,
				1,
				2.189,
				1.933,
				2.211,
				6,
				2.233,
				6,
				1,
				2.267,
				6,
				2.3,
				6,
				2.333,
				6,
				1,
				2.356,
				6,
				2.378,
				10,
				2.4,
				10,
				1,
				2.422,
				10,
				2.444,
				-10,
				2.467,
				-10,
				1,
				2.5,
				-10,
				2.533,
				-9.926,
				2.567,
				-8,
				1,
				2.589,
				-6.716,
				2.611,
				4,
				2.633,
				4,
				1,
				2.656,
				4,
				2.678,
				-15,
				2.7,
				-15,
				1,
				2.722,
				-15,
				2.744,
				6,
				2.767,
				6,
				1,
				2.8,
				6,
				2.833,
				-16,
				2.867,
				-16,
				1,
				2.911,
				-16,
				2.956,
				6,
				3,
				6,
				1,
				3.022,
				6,
				3.044,
				4.667,
				3.067,
				2,
				1,
				3.089,
				-0.667,
				3.111,
				-2,
				3.133,
				-2,
				1,
				3.144,
				-2,
				3.156,
				10,
				3.167,
				10,
				1,
				3.189,
				10,
				3.211,
				-2,
				3.233,
				-2,
				1,
				3.256,
				-2,
				3.278,
				-0.897,
				3.3,
				0,
				1,
				3.356,
				2.242,
				3.411,
				3.568,
				3.467,
				6,
				1,
				3.489,
				6.973,
				3.511,
				10,
				3.533,
				10,
				1,
				3.556,
				10,
				3.578,
				-10,
				3.6,
				-10,
				1,
				3.611,
				-10,
				3.622,
				5,
				3.633,
				5,
				1,
				3.667,
				5,
				3.7,
				-11,
				3.733,
				-11,
				1,
				3.767,
				-11,
				3.8,
				-11.218,
				3.833,
				-8,
				1,
				3.867,
				-4.782,
				3.9,
				10,
				3.933,
				10,
				1,
				3.978,
				10,
				4.022,
				-14,
				4.067,
				-14,
				1,
				4.089,
				-14,
				4.111,
				6,
				4.133,
				6,
				1,
				4.156,
				6,
				4.178,
				4.667,
				4.2,
				2,
				1,
				4.222,
				-0.667,
				4.244,
				-2,
				4.267,
				-2,
				1,
				4.3,
				-2,
				4.333,
				-2,
				4.367,
				-2,
				1,
				4.389,
				-2,
				4.411,
				-1.933,
				4.433,
				0,
				1,
				4.456,
				1.933,
				4.478,
				6,
				4.5,
				6,
				1,
				4.533,
				6,
				4.567,
				6,
				4.6,
				6,
				1,
				4.622,
				6,
				4.644,
				10,
				4.667,
				10,
				1,
				4.689,
				10,
				4.711,
				-10,
				4.733,
				-10,
				1,
				4.767,
				-10,
				4.8,
				-9.926,
				4.833,
				-8,
				1,
				4.856,
				-6.716,
				4.878,
				4,
				4.9,
				4,
				1,
				4.922,
				4,
				4.944,
				-15,
				4.967,
				-15,
				1,
				4.989,
				-15,
				5.011,
				6,
				5.033,
				6,
				1,
				5.067,
				6,
				5.1,
				-16,
				5.133,
				-16,
				1,
				5.178,
				-16,
				5.222,
				6,
				5.267,
				6,
				1,
				5.289,
				6,
				5.311,
				4.667,
				5.333,
				2,
				1,
				5.356,
				-0.667,
				5.378,
				-2,
				5.4,
				-2,
				1,
				5.411,
				-2,
				5.422,
				10,
				5.433,
				10,
				1,
				5.456,
				10,
				5.478,
				-2,
				5.5,
				-2,
				1,
				5.522,
				-2,
				5.544,
				-0.897,
				5.567,
				0,
				1,
				5.622,
				2.242,
				5.678,
				3.568,
				5.733,
				6,
				1,
				5.756,
				6.973,
				5.778,
				10,
				5.8,
				10,
				1,
				5.822,
				10,
				5.844,
				-10,
				5.867,
				-10,
				1,
				5.878,
				-10,
				5.889,
				5,
				5.9,
				5,
				1,
				5.933,
				5,
				5.967,
				-11,
				6,
				-11
			]
		},
		{
			"Target": "Parameter",
			"Id": "ParamEyeBS",
			"Segments": [
				0,
				0,
				1,
				0.033,
				0,
				0.067,
				7,
				0.1,
				7,
				1,
				0.122,
				7,
				0.144,
				-19,
				0.167,
				-19,
				1,
				0.211,
				-19,
				0.256,
				18,
				0.3,
				18,
				1,
				0.322,
				18,
				0.344,
				-14,
				0.367,
				-14,
				1,
				0.389,
				-14,
				0.411,
				-8,
				0.433,
				4,
				1,
				0.456,
				16,
				0.478,
				22,
				0.5,
				22,
				1,
				0.556,
				22,
				0.611,
				21.173,
				0.667,
				16,
				1,
				0.689,
				13.931,
				0.711,
				-8,
				0.733,
				-8,
				1,
				0.756,
				-8,
				0.778,
				-8.268,
				0.8,
				-6,
				1,
				0.822,
				-3.732,
				0.844,
				19,
				0.867,
				19,
				1,
				0.889,
				19,
				0.911,
				-19,
				0.933,
				-19,
				1,
				0.967,
				-19,
				1,
				12,
				1.033,
				12,
				1,
				1.089,
				12,
				1.144,
				12,
				1.2,
				12,
				1,
				1.222,
				12,
				1.244,
				-6,
				1.267,
				-6,
				1,
				1.289,
				-6,
				1.311,
				0,
				1.333,
				0,
				1,
				1.344,
				0,
				1.356,
				-21,
				1.367,
				-21,
				1,
				1.389,
				-21,
				1.411,
				7,
				1.433,
				7,
				1,
				1.456,
				7,
				1.478,
				-19,
				1.5,
				-19,
				1,
				1.522,
				-19,
				1.544,
				13.697,
				1.567,
				16,
				1,
				1.589,
				18.303,
				1.611,
				18,
				1.633,
				18,
				1,
				1.678,
				18,
				1.722,
				4,
				1.767,
				4,
				1,
				1.789,
				4,
				1.811,
				22,
				1.833,
				22,
				1,
				1.856,
				22,
				1.878,
				-18,
				1.9,
				-18,
				1,
				1.911,
				-18,
				1.922,
				-13.543,
				1.933,
				-6,
				1,
				1.956,
				9.085,
				1.978,
				16,
				2,
				16,
				1,
				2.022,
				16,
				2.044,
				-8,
				2.067,
				-8,
				1,
				2.089,
				-8,
				2.111,
				-8.268,
				2.133,
				-6,
				1,
				2.156,
				-3.732,
				2.178,
				19,
				2.2,
				19,
				1,
				2.222,
				19,
				2.244,
				-19,
				2.267,
				-19,
				1,
				2.3,
				-19,
				2.333,
				12,
				2.367,
				12,
				1,
				2.4,
				12,
				2.433,
				-0.285,
				2.467,
				-10,
				1,
				2.5,
				-19.715,
				2.533,
				-21,
				2.567,
				-21,
				1,
				2.589,
				-21,
				2.611,
				7,
				2.633,
				7,
				1,
				2.656,
				7,
				2.678,
				-19,
				2.7,
				-19,
				1,
				2.722,
				-19,
				2.744,
				13.697,
				2.767,
				16,
				1,
				2.789,
				18.303,
				2.811,
				18,
				2.833,
				18,
				1,
				2.856,
				18,
				2.878,
				-14,
				2.9,
				-14,
				1,
				2.922,
				-14,
				2.944,
				-8,
				2.967,
				4,
				1,
				2.989,
				16,
				3.011,
				22,
				3.033,
				22,
				1,
				3.056,
				22,
				3.078,
				-18,
				3.1,
				-18,
				1,
				3.111,
				-18,
				3.122,
				-13.543,
				3.133,
				-6,
				1,
				3.156,
				9.085,
				3.178,
				16,
				3.2,
				16,
				1,
				3.222,
				16,
				3.244,
				-8,
				3.267,
				-8,
				1,
				3.289,
				-8,
				3.311,
				-6,
				3.333,
				-6,
				1,
				3.378,
				-6,
				3.422,
				-19,
				3.467,
				-19,
				1,
				3.5,
				-19,
				3.533,
				12,
				3.567,
				12,
				1,
				3.6,
				12,
				3.633,
				-10,
				3.667,
				-10,
				1,
				3.689,
				-10,
				3.711,
				12,
				3.733,
				12,
				1,
				3.756,
				12,
				3.778,
				-6,
				3.8,
				-6,
				1,
				3.822,
				-6,
				3.844,
				11,
				3.867,
				11,
				1,
				3.922,
				11,
				3.978,
				4,
				4.033,
				4,
				1,
				4.056,
				4,
				4.078,
				22,
				4.1,
				22,
				1,
				4.122,
				22,
				4.144,
				-18,
				4.167,
				-18,
				1,
				4.178,
				-18,
				4.189,
				-13.543,
				4.2,
				-6,
				1,
				4.222,
				9.085,
				4.244,
				16,
				4.267,
				16,
				1,
				4.289,
				16,
				4.311,
				-8,
				4.333,
				-8,
				1,
				4.356,
				-8,
				4.378,
				-8.268,
				4.4,
				-6,
				1,
				4.422,
				-3.732,
				4.444,
				19,
				4.467,
				19,
				1,
				4.489,
				19,
				4.511,
				-19,
				4.533,
				-19,
				1,
				4.567,
				-19,
				4.6,
				12,
				4.633,
				12,
				1,
				4.667,
				12,
				4.7,
				-0.285,
				4.733,
				-10,
				1,
				4.767,
				-19.715,
				4.8,
				-21,
				4.833,
				-21,
				1,
				4.856,
				-21,
				4.878,
				7,
				4.9,
				7,
				1,
				4.922,
				7,
				4.944,
				-19,
				4.967,
				-19,
				1,
				4.989,
				-19,
				5.011,
				13.697,
				5.033,
				16,
				1,
				5.056,
				18.303,
				5.078,
				18,
				5.1,
				18,
				1,
				5.122,
				18,
				5.144,
				-14,
				5.167,
				-14,
				1,
				5.189,
				-14,
				5.211,
				-8,
				5.233,
				4,
				1,
				5.256,
				16,
				5.278,
				22,
				5.3,
				22,
				1,
				5.322,
				22,
				5.344,
				-18,
				5.367,
				-18,
				1,
				5.378,
				-18,
				5.389,
				-13.543,
				5.4,
				-6,
				1,
				5.422,
				9.085,
				5.444,
				16,
				5.467,
				16,
				1,
				5.489,
				16,
				5.511,
				-8,
				5.533,
				-8,
				1,
				5.556,
				-8,
				5.578,
				-6,
				5.6,
				-6,
				1,
				5.644,
				-6,
				5.689,
				-19,
				5.733,
				-19,
				1,
				5.767,
				-19,
				5.8,
				12,
				5.833,
				12,
				1,
				5.867,
				12,
				5.9,
				-10,
				5.933,
				-10,
				1,
				5.956,
				-10,
				5.978,
				12,
				6,
				12
			]
		},
		{
			"Target": "Parameter",
			"Id": "ParamPaiRX",
			"Segments": [
				0,
				0,
				1,
				0.056,
				0,
				0.111,
				0,
				0.167,
				0,
				1,
				0.667,
				0,
				1.167,
				-5,
				1.667,
				-5,
				1,
				2.167,
				-5,
				2.667,
				0,
				3.167,
				0,
				1,
				3.667,
				0,
				4.167,
				0,
				4.667,
				0,
				1,
				5.111,
				0,
				5.556,
				0,
				6,
				0
			]
		},
		{
			"Target": "Parameter",
			"Id": "ParamPaiRY",
			"Segments": [
				0,
				-2.9,
				1,
				0.022,
				-2.9,
				0.044,
				-2.218,
				0.067,
				-1.74,
				1,
				0.1,
				-1.023,
				0.133,
				-0.309,
				0.167,
				0,
				1,
				0.667,
				4.63,
				1.167,
				6.74,
				1.667,
				6.74,
				1,
				2.167,
				6.74,
				2.667,
				4.854,
				3.167,
				0,
				1,
				3.667,
				-4.854,
				4.167,
				-7.92,
				4.667,
				-7.92,
				1,
				5.111,
				-7.92,
				5.556,
				-6.436,
				6,
				-2.9
			]
		},
		{
			"Target": "Parameter",
			"Id": "ParamPaiLX",
			"Segments": [
				0,
				0.8,
				1,
				0.144,
				0.8,
				0.289,
				0.274,
				0.433,
				0,
				1,
				0.844,
				-0.78,
				1.256,
				-1,
				1.667,
				-1,
				1,
				2.167,
				-1,
				2.667,
				-1.066,
				3.167,
				0,
				1,
				3.667,
				1.066,
				4.167,
				4,
				4.667,
				4,
				1,
				5.111,
				4,
				5.556,
				2.927,
				6,
				0.8
			]
		},
		{
			"Target": "Parameter",
			"Id": "ParamPaiLY",
			"Segments": [
				0,
				-2.7,
				1,
				0.022,
				-2.7,
				0.044,
				-2.078,
				0.067,
				-1.631,
				1,
				0.1,
				-0.961,
				0.133,
				-0.352,
				0.167,
				0,
				1,
				0.667,
				5.279,
				1.167,
				7.74,
				1.667,
				7.74,
				1,
				2.167,
				7.74,
				2.667,
				5.206,
				3.167,
				0,
				1,
				3.667,
				-5.206,
				4.167,
				-7.88,
				4.667,
				-7.88,
				1,
				5.111,
				-7.88,
				5.556,
				-6.333,
				6,
				-2.7
			]
		},
		{
			"Target": "Parameter",
			"Id": "ParamBreath",
			"Segments": [
				0,
				0.5,
				1,
				0.5,
				0.5,
				1,
				1,
				1.5,
				1,
				1,
				2.5,
				1,
				3.5,
				0,
				4.5,
				0,
				1,
				4.989,
				0,
				5.478,
				0.154,
				5.967,
				0.475,
				1,
				5.978,
				0.482,
				5.989,
				0.5,
				6,
				0.5
			]
		},
		{
			"Target": "Parameter",
			"Id": "ParamHeadRibonY",
			"Segments": [
				0,
				2.1,
				1,
				0.011,
				2.1,
				0.022,
				1.984,
				0.033,
				1.891,
				1,
				0.133,
				1.051,
				0.233,
				0.201,
				0.333,
				-0.54,
				1,
				0.833,
				-4.243,
				1.333,
				-6,
				1.833,
				-6,
				1,
				2.333,
				-6,
				2.833,
				-3.956,
				3.333,
				0,
				1,
				3.844,
				4.043,
				4.356,
				6,
				4.867,
				6,
				1,
				5.244,
				6,
				5.622,
				4.62,
				6,
				2.1
			]
		},
		{
			"Target": "Parameter",
			"Id": "ParamHeadRibonX",
			"Segments": [
				0,
				-3.2,
				1,
				0.011,
				-3.2,
				0.022,
				-2.957,
				0.033,
				-2.846,
				1,
				0.133,
				-1.844,
				0.233,
				-0.821,
				0.333,
				0,
				1,
				0.833,
				4.107,
				1.333,
				6,
				1.833,
				6,
				1,
				2.333,
				6,
				2.833,
				3.956,
				3.333,
				0,
				1,
				3.844,
				-4.043,
				4.356,
				-6,
				4.867,
				-6,
				1,
				5.244,
				-6,
				5.622,
				-5.282,
				6,
				-3.2
			]
		},
		{
			"Target": "Parameter",
			"Id": "ParamFootRibonY",
			"Segments": [
				0,
				0.7,
				1,
				0.011,
				0.7,
				0.022,
				0.573,
				0.033,
				0.523,
				1,
				0.078,
				0.324,
				0.122,
				0.122,
				0.167,
				0,
				1,
				0.667,
				-1.369,
				1.167,
				-2,
				1.667,
				-2,
				1,
				2.167,
				-2,
				2.667,
				-1.6,
				3.167,
				0,
				1,
				3.667,
				1.6,
				4.167,
				3,
				4.667,
				3,
				1,
				5.111,
				3,
				5.556,
				2.232,
				6,
				0.7
			]
		},
		{
			"Target": "Parameter",
			"Id": "ParamFootRibonX",
			"Segments": [
				0,
				-1.7,
				1,
				0.011,
				-1.7,
				0.022,
				-1.531,
				0.033,
				-1.404,
				1,
				0.078,
				-0.895,
				0.122,
				-0.36,
				0.167,
				0,
				1,
				0.667,
				4.054,
				1.167,
				5.96,
				1.667,
				5.96,
				1,
				2.167,
				5.96,
				2.667,
				3.953,
				3.167,
				0,
				1,
				3.667,
				-3.953,
				4.167,
				-5.9,
				4.667,
				-5.9,
				1,
				5.111,
				-5.9,
				5.556,
				-4.596,
				6,
				-1.7
			]
		},
		{
			"Target": "Parameter",
			"Id": "Param_Angle_Rotation2",
			"Segments": [
				0,
				0,
				1,
				0.011,
				0,
				0.022,
				0.061,
				0.033,
				0.12,
				1,
				0.522,
				2.722,
				1.011,
				4,
				1.5,
				4,
				1,
				2,
				4,
				2.5,
				2.285,
				3,
				0,
				1,
				3.5,
				-2.285,
				4,
				-3,
				4.5,
				-3,
				1,
				4.989,
				-3,
				5.478,
				-2.048,
				5.967,
				-0.1,
				1,
				5.978,
				-0.056,
				5.989,
				0,
				6,
				0
			]
		},
		{
			"Target": "Parameter",
			"Id": "Param_Angle_Rotation3",
			"Segments": [
				0,
				-1.2,
				1,
				0.011,
				-1.2,
				0.022,
				-1.182,
				0.033,
				-1.14,
				1,
				0.133,
				-0.762,
				0.233,
				-0.397,
				0.333,
				0,
				1,
				0.833,
				1.983,
				1.333,
				3,
				1.833,
				3,
				1,
				2.333,
				3,
				2.833,
				2,
				3.333,
				0,
				1,
				3.833,
				-2,
				4.333,
				-3,
				4.833,
				-3,
				1,
				5.222,
				-3,
				5.611,
				-2.44,
				6,
				-1.2
			]
		},
		{
			"Target": "Parameter",
			"Id": "Param_Angle_Rotation4",
			"Segments": [
				0,
				-2.1,
				1,
				0.011,
				-2.1,
				0.022,
				-1.99,
				0.033,
				-1.95,
				1,
				0.233,
				-1.224,
				0.433,
				-0.572,
				0.633,
				0.158,
				1,
				1.144,
				2.024,
				1.656,
				3,
				2.167,
				3,
				1,
				2.667,
				3,
				3.167,
				2,
				3.667,
				0,
				1,
				4.167,
				-2,
				4.667,
				-3,
				5.167,
				-3,
				1,
				5.444,
				-3,
				5.722,
				-2.795,
				6,
				-2.1
			]
		},
		{
			"Target": "Parameter",
			"Id": "Param_Angle_Rotation6",
			"Segments": [
				0,
				0,
				1,
				0.011,
				0,
				0.022,
				-0.046,
				0.033,
				-0.06,
				1,
				0.522,
				-0.696,
				1.011,
				-1,
				1.5,
				-1,
				1,
				2,
				-1,
				2.5,
				-0.667,
				3,
				0,
				1,
				3.5,
				0.667,
				4,
				1,
				4.5,
				1,
				1,
				4.989,
				1,
				5.478,
				0.668,
				5.967,
				0.017,
				1,
				5.978,
				0.002,
				5.989,
				0,
				6,
				0
			]
		},
		{
			"Target": "Parameter",
			"Id": "Param_Angle_Rotation7",
			"Segments": [
				0,
				0.4,
				1,
				0.011,
				0.4,
				0.022,
				0.362,
				0.033,
				0.34,
				1,
				0.122,
				0.168,
				0.211,
				-0.044,
				0.3,
				-0.149,
				1,
				0.811,
				-0.752,
				1.322,
				-1,
				1.833,
				-1,
				1,
				2.333,
				-1,
				2.833,
				-0.667,
				3.333,
				0,
				1,
				3.833,
				0.667,
				4.333,
				1,
				4.833,
				1,
				1,
				5.222,
				1,
				5.611,
				0.817,
				6,
				0.4
			]
		},
		{
			"Target": "Parameter",
			"Id": "Param_Angle_Rotation8",
			"Segments": [
				0,
				0.7,
				1,
				0.011,
				0.7,
				0.022,
				0.683,
				0.033,
				0.67,
				1,
				0.244,
				0.415,
				0.456,
				0.174,
				0.667,
				-0.082,
				1,
				1.167,
				-0.688,
				1.667,
				-1,
				2.167,
				-1,
				1,
				2.667,
				-1,
				3.167,
				-0.667,
				3.667,
				0,
				1,
				4.167,
				0.667,
				4.667,
				1,
				5.167,
				1,
				1,
				5.444,
				1,
				5.722,
				0.933,
				6,
				0.7
			]
		},
		{
			"Target": "Parameter",
			"Id": "Param_Angle_Rotation10",
			"Segments": [
				0,
				0,
				1,
				0.011,
				0,
				0.022,
				0.106,
				0.033,
				0.15,
				1,
				0.522,
				2.074,
				1.011,
				3,
				1.5,
				3,
				1,
				2,
				3,
				2.5,
				1.6,
				3,
				0,
				1,
				3.5,
				-1.6,
				4,
				-2,
				4.5,
				-2,
				1,
				4.989,
				-2,
				5.478,
				-1.355,
				5.967,
				-0.052,
				1,
				5.978,
				-0.022,
				5.989,
				0,
				6,
				0
			]
		},
		{
			"Target": "Parameter",
			"Id": "Param_Angle_Rotation11",
			"Segments": [
				0,
				-0.8,
				1,
				0.011,
				-0.8,
				0.022,
				-0.716,
				0.033,
				-0.68,
				1,
				0.122,
				-0.39,
				0.211,
				-0.089,
				0.3,
				0.135,
				1,
				0.811,
				1.417,
				1.322,
				2,
				1.833,
				2,
				1,
				2.333,
				2,
				2.833,
				1.333,
				3.333,
				0,
				1,
				3.833,
				-1.333,
				4.333,
				-2,
				4.833,
				-2,
				1,
				5.222,
				-2,
				5.611,
				-1.63,
				6,
				-0.8
			]
		},
		{
			"Target": "Parameter",
			"Id": "Param_Angle_Rotation12",
			"Segments": [
				0,
				-2,
				1,
				0.011,
				-2,
				0.022,
				-1.914,
				0.033,
				-1.88,
				1,
				0.244,
				-1.234,
				0.456,
				-0.58,
				0.667,
				0,
				1,
				1.167,
				1.375,
				1.667,
				2,
				2.167,
				2,
				1,
				2.667,
				2,
				3.167,
				1.6,
				3.667,
				0,
				1,
				4.167,
				-1.6,
				4.667,
				-3,
				5.167,
				-3,
				1,
				5.444,
				-3,
				5.722,
				-2.737,
				6,
				-2
			]
		},
		{
			"Target": "Parameter",
			"Id": "Param_Angle_Rotation14",
			"Segments": [
				0,
				0,
				1,
				0.011,
				0,
				0.022,
				0,
				0.033,
				0,
				1,
				0.522,
				0,
				1.011,
				-1,
				1.5,
				-1,
				1,
				2,
				-1,
				2.5,
				-0.667,
				3,
				0,
				1,
				3.5,
				0.667,
				4,
				1,
				4.5,
				1,
				1,
				4.989,
				1,
				5.478,
				0.708,
				5.967,
				0.092,
				1,
				5.978,
				0.078,
				5.989,
				0,
				6,
				0
			]
		},
		{
			"Target": "Parameter",
			"Id": "Param_Angle_Rotation15",
			"Segments": [
				0,
				0.4,
				1,
				0.011,
				0.4,
				0.022,
				0.359,
				0.033,
				0.34,
				1,
				0.133,
				0.173,
				0.233,
				-0.01,
				0.333,
				-0.132,
				1,
				0.833,
				-0.737,
				1.333,
				-1,
				1.833,
				-1,
				1,
				2.333,
				-1,
				2.833,
				-0.667,
				3.333,
				0,
				1,
				3.833,
				0.667,
				4.333,
				1,
				4.833,
				1,
				1,
				5.222,
				1,
				5.611,
				0.8,
				6,
				0.4
			]
		},
		{
			"Target": "Parameter",
			"Id": "Param_Angle_Rotation16",
			"Segments": [
				0,
				0.7,
				1,
				0.011,
				0.7,
				0.022,
				0.654,
				0.033,
				0.64,
				1,
				0.244,
				0.38,
				0.456,
				0.136,
				0.667,
				-0.114,
				1,
				1.167,
				-0.706,
				1.667,
				-1,
				2.167,
				-1,
				1,
				2.667,
				-1,
				3.167,
				-0.667,
				3.667,
				0,
				1,
				4.167,
				0.667,
				4.667,
				1,
				5.167,
				1,
				1,
				5.444,
				1,
				5.722,
				0.924,
				6,
				0.7
			]
		},
		{
			"Target": "Parameter",
			"Id": "Param_Angle_Rotation17",
			"Segments": [
				0,
				0.9,
				1,
				0.011,
				0.9,
				0.022,
				0.883,
				0.033,
				0.87,
				1,
				0.322,
				0.525,
				0.611,
				0.165,
				0.9,
				-0.152,
				1,
				1.433,
				-0.738,
				1.967,
				-1,
				2.5,
				-1,
				1,
				3,
				-1,
				3.5,
				-0.667,
				4,
				0,
				1,
				4.5,
				0.667,
				5,
				1,
				5.5,
				1,
				1,
				5.667,
				1,
				5.833,
				1.002,
				6,
				0.9
			]
		},
		{
			"Target": "Parameter",
			"Id": "Param_Angle_Rotation19",
			"Segments": [
				0,
				0,
				1,
				0.011,
				0,
				0.022,
				0,
				0.033,
				0,
				1,
				2.022,
				0,
				4.011,
				0,
				6,
				0
			]
		},
		{
			"Target": "Parameter",
			"Id": "Param_Angle_Rotation20",
			"Segments": [
				0,
				0.8,
				1,
				0.011,
				0.8,
				0.022,
				0.772,
				0.033,
				0.74,
				1,
				0.133,
				0.45,
				0.233,
				0.146,
				0.333,
				-0.111,
				1,
				0.833,
				-1.394,
				1.333,
				-2,
				1.833,
				-2,
				1,
				2.333,
				-2,
				2.833,
				-1.333,
				3.333,
				0,
				1,
				3.833,
				1.333,
				4.333,
				2,
				4.833,
				2,
				1,
				5.222,
				2,
				5.611,
				1.631,
				6,
				0.8
			]
		},
		{
			"Target": "Parameter",
			"Id": "Param_Angle_Rotation21",
			"Segments": [
				0,
				1.4,
				1,
				0.011,
				1.4,
				0.022,
				1.337,
				0.033,
				1.31,
				1,
				0.244,
				0.804,
				0.456,
				0.345,
				0.667,
				-0.164,
				1,
				1.167,
				-1.369,
				1.667,
				-2,
				2.167,
				-2,
				1,
				2.667,
				-2,
				3.167,
				-1.333,
				3.667,
				0,
				1,
				4.167,
				1.333,
				4.667,
				2,
				5.167,
				2,
				1,
				5.444,
				2,
				5.722,
				1.866,
				6,
				1.4
			]
		},
		{
			"Target": "Parameter",
			"Id": "Param_Angle_Rotation22",
			"Segments": [
				0,
				1.8,
				1,
				0.011,
				1.8,
				0.022,
				1.764,
				0.033,
				1.74,
				1,
				0.344,
				1.072,
				0.656,
				0.459,
				0.967,
				-0.235,
				1,
				1.478,
				-1.373,
				1.989,
				-2,
				2.5,
				-2,
				1,
				3,
				-2,
				3.5,
				-1.333,
				4,
				0,
				1,
				4.5,
				1.333,
				5,
				2,
				5.5,
				2,
				1,
				5.667,
				2,
				5.833,
				2.011,
				6,
				1.8
			]
		},
		{
			"Target": "Parameter",
			"Id": "Param_Angle_Rotation23",
			"Segments": [
				0,
				2,
				1,
				0.011,
				2,
				0.022,
				2,
				0.033,
				2,
				1,
				0.467,
				2,
				0.9,
				1.232,
				1.333,
				0,
				1,
				1.833,
				-1.421,
				2.333,
				-2,
				2.833,
				-2,
				1,
				3.333,
				-2,
				3.833,
				-1.333,
				4.333,
				0,
				1,
				4.833,
				1.333,
				5.333,
				2,
				5.833,
				2,
				1,
				5.889,
				2,
				5.944,
				2,
				6,
				2
			]
		},
		{
			"Target": "Parameter",
			"Id": "Param_Angle_Rotation24",
			"Segments": [
				0,
				2,
				1,
				0.556,
				2,
				1.111,
				1.4,
				1.667,
				0,
				1,
				2.167,
				-1.26,
				2.667,
				-2,
				3.167,
				-2,
				1,
				3.667,
				-2,
				4.167,
				-1.407,
				4.667,
				0,
				1,
				5.111,
				1.251,
				5.556,
				2,
				6,
				2
			]
		},
		{
			"Target": "Parameter",
			"Id": "Param_Angle_Rotation26",
			"Segments": [
				0,
				0,
				1,
				0.011,
				0,
				0.022,
				0,
				0.033,
				0,
				1,
				2.022,
				0,
				4.011,
				0,
				6,
				0
			]
		},
		{
			"Target": "Parameter",
			"Id": "Param_Angle_Rotation27",
			"Segments": [
				0,
				0.7,
				1,
				0.011,
				0.7,
				0.022,
				0.684,
				0.033,
				0.67,
				1,
				0.244,
				0.411,
				0.456,
				0.161,
				0.667,
				-0.094,
				1,
				1.167,
				-0.697,
				1.667,
				-1,
				2.167,
				-1,
				1,
				2.667,
				-1,
				3.167,
				-0.667,
				3.667,
				0,
				1,
				4.167,
				0.667,
				4.667,
				1,
				5.167,
				1,
				1,
				5.444,
				1,
				5.722,
				0.932,
				6,
				0.7
			]
		},
		{
			"Target": "Parameter",
			"Id": "Param_Angle_Rotation28",
			"Segments": [
				0,
				0.9,
				1,
				0.011,
				0.9,
				0.022,
				0.88,
				0.033,
				0.87,
				1,
				0.356,
				0.575,
				0.678,
				0.361,
				1,
				0,
				1,
				1.5,
				-0.561,
				2,
				-1,
				2.5,
				-1,
				1,
				3,
				-1,
				3.5,
				-0.667,
				4,
				0,
				1,
				4.5,
				0.667,
				5,
				1,
				5.5,
				1,
				1,
				5.667,
				1,
				5.833,
				1.005,
				6,
				0.9
			]
		},
		{
			"Target": "Parameter",
			"Id": "Param_Angle_Rotation29",
			"Segments": [
				0,
				1,
				1,
				0.444,
				1,
				0.889,
				0.625,
				1.333,
				0,
				1,
				1.833,
				-0.703,
				2.333,
				-1,
				2.833,
				-1,
				1,
				3.333,
				-1,
				3.833,
				-0.63,
				4.333,
				0,
				1,
				4.889,
				0.7,
				5.444,
				1,
				6,
				1
			]
		},
		{
			"Target": "Parameter",
			"Id": "Param_Angle_Rotation30",
			"Segments": [
				0,
				1,
				1,
				0.556,
				1,
				1.111,
				0.7,
				1.667,
				0,
				1,
				2.167,
				-0.63,
				2.667,
				-1,
				3.167,
				-1,
				1,
				3.667,
				-1,
				4.167,
				-0.703,
				4.667,
				0,
				1,
				5.111,
				0.625,
				5.556,
				1,
				6,
				1
			]
		},
		{
			"Target": "Parameter",
			"Id": "Param_Angle_Rotation32",
			"Segments": [
				0,
				0,
				1,
				0.011,
				0,
				0.022,
				0,
				0.033,
				0,
				1,
				2.022,
				0,
				4.011,
				0,
				6,
				0
			]
		},
		{
			"Target": "Parameter",
			"Id": "Param_Angle_Rotation33",
			"Segments": [
				0,
				-0.8,
				1,
				0.011,
				-0.8,
				0.022,
				-0.768,
				0.033,
				-0.74,
				1,
				0.133,
				-0.485,
				0.233,
				-0.263,
				0.333,
				0,
				1,
				0.833,
				1.316,
				1.333,
				2,
				1.833,
				2,
				1,
				2.333,
				2,
				2.833,
				1.333,
				3.333,
				0,
				1,
				3.833,
				-1.333,
				4.333,
				-2,
				4.833,
				-2,
				1,
				5.222,
				-2,
				5.611,
				-1.622,
				6,
				-0.8
			]
		},
		{
			"Target": "Parameter",
			"Id": "Param_Angle_Rotation34",
			"Segments": [
				0,
				-1.4,
				1,
				0.011,
				-1.4,
				0.022,
				-1.364,
				0.033,
				-1.34,
				1,
				0.244,
				-0.884,
				0.456,
				-0.523,
				0.667,
				0,
				1,
				1.167,
				1.238,
				1.667,
				2,
				2.167,
				2,
				1,
				2.667,
				2,
				3.167,
				1.333,
				3.667,
				0,
				1,
				4.167,
				-1.333,
				4.667,
				-2,
				5.167,
				-2,
				1,
				5.444,
				-2,
				5.722,
				-1.86,
				6,
				-1.4
			]
		},
		{
			"Target": "Parameter",
			"Id": "Param_Angle_Rotation35",
			"Segments": [
				0,
				-1.8,
				1,
				0.011,
				-1.8,
				0.022,
				-1.793,
				0.033,
				-1.77,
				1,
				0.311,
				-1.184,
				0.589,
				-0.647,
				0.867,
				0,
				1,
				1.411,
				1.268,
				1.956,
				2,
				2.5,
				2,
				1,
				3,
				2,
				3.5,
				1.333,
				4,
				0,
				1,
				4.5,
				-1.333,
				5,
				-2,
				5.5,
				-2,
				1,
				5.667,
				-2,
				5.833,
				-2.009,
				6,
				-1.8
			]
		},
		{
			"Target": "Parameter",
			"Id": "Param_Angle_Rotation37",
			"Segments": [
				0,
				0,
				1,
				0.011,
				0,
				0.022,
				0,
				0.033,
				0,
				1,
				2.022,
				0,
				4.011,
				0,
				6,
				0
			]
		},
		{
			"Target": "Parameter",
			"Id": "Param_Angle_Rotation38",
			"Segments": [
				0,
				-0.7,
				1,
				0.011,
				-0.7,
				0.022,
				-0.682,
				0.033,
				-0.67,
				1,
				0.244,
				-0.442,
				0.456,
				-0.261,
				0.667,
				0,
				1,
				1.167,
				0.619,
				1.667,
				1,
				2.167,
				1,
				1,
				2.667,
				1,
				3.167,
				0.667,
				3.667,
				0,
				1,
				4.167,
				-0.667,
				4.667,
				-1,
				5.167,
				-1,
				1,
				5.444,
				-1,
				5.722,
				-0.933,
				6,
				-0.7
			]
		},
		{
			"Target": "Parameter",
			"Id": "Param_Angle_Rotation39",
			"Segments": [
				0,
				-0.9,
				1,
				0.011,
				-0.9,
				0.022,
				-0.882,
				0.033,
				-0.87,
				1,
				0.311,
				-0.575,
				0.589,
				-0.321,
				0.867,
				0,
				1,
				1.411,
				0.63,
				1.956,
				1,
				2.5,
				1,
				1,
				3,
				1,
				3.5,
				0.667,
				4,
				0,
				1,
				4.5,
				-0.667,
				5,
				-1,
				5.5,
				-1,
				1,
				5.667,
				-1,
				5.833,
				-1.006,
				6,
				-0.9
			]
		},
		{
			"Target": "Parameter",
			"Id": "Param_Angle_Rotation40",
			"Segments": [
				0,
				-1,
				1,
				0.444,
				-1,
				0.889,
				-0.625,
				1.333,
				0,
				1,
				1.833,
				0.703,
				2.333,
				1,
				2.833,
				1,
				1,
				3.333,
				1,
				3.833,
				0.63,
				4.333,
				0,
				1,
				4.889,
				-0.7,
				5.444,
				-1,
				6,
				-1
			]
		},
		{
			"Target": "Parameter",
			"Id": "Param_Angle_Rotation41",
			"Segments": [
				0,
				-1,
				1,
				0.556,
				-1,
				1.111,
				-0.7,
				1.667,
				0,
				1,
				2.167,
				0.63,
				2.667,
				1,
				3.167,
				1,
				1,
				3.667,
				1,
				4.167,
				0.703,
				4.667,
				0,
				1,
				5.111,
				-0.625,
				5.556,
				-1,
				6,
				-1
			]
		}
	]
}