{
	"Version": 3,
	"Parameters": [
		{
			"Id": "ParamEff1",
			"GroupId": "ParamGroup",
			"Name": "エフェクト1"
		},
		{
			"Id": "ParamEff2",
			"GroupId": "ParamGroup",
			"Name": "エフェクト2"
		},
		{
			"Id": "ParamEff3",
			"GroupId": "ParamGroup",
			"Name": "エフェクト3"
		},
		{
			"Id": "ParamEff4",
			"GroupId": "ParamGroup",
			"Name": "エフェクト4"
		},
		{
			"Id": "ParamEff5",
			"GroupId": "ParamGroup",
			"Name": "エフェクト5"
		},
		{
			"Id": "ParamEff6",
			"GroupId": "ParamGroup",
			"Name": "エフェクト6"
		},
		{
			"Id": "ParamEff7",
			"GroupId": "ParamGroup",
			"Name": "エフェクト7"
		},
		{
			"Id": "ParamEff8",
			"GroupId": "ParamGroup",
			"Name": "エフェクト8"
		},
		{
			"Id": "ParamEff9",
			"GroupId": "ParamGroup",
			"Name": "エフェクト9"
		},
		{
			"Id": "ParamEff10",
			"GroupId": "ParamGroup",
			"Name": "エフェクト10"
		},
		{
			"Id": "ParamEff11",
			"GroupId": "ParamGroup",
			"Name": "エフェクト11"
		},
		{
			"Id": "ParamEff12",
			"GroupId": "ParamGroup",
			"Name": "エフェクト12"
		},
		{
			"Id": "ParamEff13",
			"GroupId": "ParamGroup",
			"Name": "エフェクト13"
		},
		{
			"Id": "ParamEff14",
			"GroupId": "ParamGroup",
			"Name": "エフェクト14"
		},
		{
			"Id": "ParamEff15",
			"GroupId": "ParamGroup",
			"Name": "エフェクト15"
		},
		{
			"Id": "ParamEff16",
			"GroupId": "ParamGroup",
			"Name": "エフェクト16"
		},
		{
			"Id": "ParamEff17",
			"GroupId": "ParamGroup",
			"Name": "エフェクト17"
		},
		{
			"Id": "ParamEff18",
			"GroupId": "ParamGroup",
			"Name": "エフェクト18"
		},
		{
			"Id": "ParamEff19",
			"GroupId": "ParamGroup",
			"Name": "エフェクト19"
		},
		{
			"Id": "ParamEff20",
			"GroupId": "ParamGroup",
			"Name": "エフェクト20"
		},
		{
			"Id": "ParamEff21",
			"GroupId": "ParamGroup",
			"Name": "エフェクト21"
		},
		{
			"Id": "ParamEff22",
			"GroupId": "ParamGroup",
			"Name": "エフェクト22"
		},
		{
			"Id": "ParamEff23",
			"GroupId": "ParamGroup",
			"Name": "エフェクト23"
		},
		{
			"Id": "ParamEff24",
			"GroupId": "ParamGroup",
			"Name": "エフェクト24"
		},
		{
			"Id": "ParamEff25",
			"GroupId": "ParamGroup",
			"Name": "エフェクト25"
		},
		{
			"Id": "ParamEff26",
			"GroupId": "ParamGroup",
			"Name": "エフェクト26"
		},
		{
			"Id": "ParamEff27",
			"GroupId": "ParamGroup",
			"Name": "エフェクト27"
		},
		{
			"Id": "ParamEff28",
			"GroupId": "ParamGroup",
			"Name": "エフェクト28"
		},
		{
			"Id": "ParamEff29",
			"GroupId": "ParamGroup",
			"Name": "エフェクト29"
		},
		{
			"Id": "ParamEff30",
			"GroupId": "ParamGroup",
			"Name": "エフェクト30"
		},
		{
			"Id": "ParamEff31",
			"GroupId": "ParamGroup",
			"Name": "エフェクト31"
		},
		{
			"Id": "ParamEff32",
			"GroupId": "ParamGroup",
			"Name": "エフェクト32"
		},
		{
			"Id": "ParamEff33",
			"GroupId": "ParamGroup",
			"Name": "エフェクト33"
		},
		{
			"Id": "ParamEff34",
			"GroupId": "ParamGroup",
			"Name": "エフェクト34"
		},
		{
			"Id": "ParamPachi",
			"GroupId": "ParamGroup2",
			"Name": "目パチ"
		},
		{
			"Id": "ParamLegL1",
			"GroupId": "ParamGroup2",
			"Name": "右太もも"
		},
		{
			"Id": "ParamLegL2",
			"GroupId": "ParamGroup2",
			"Name": "右足"
		},
		{
			"Id": "ParamLegR1",
			"GroupId": "ParamGroup2",
			"Name": "左太もも"
		},
		{
			"Id": "ParamLegR2",
			"GroupId": "ParamGroup2",
			"Name": "左足"
		},
		{
			"Id": "ParamLegL3",
			"GroupId": "ParamGroup2",
			"Name": "左足首"
		},
		{
			"Id": "ParamEyeRL",
			"GroupId": "ParamGroup2",
			"Name": "目Hi左右"
		},
		{
			"Id": "ParamEyeUD",
			"GroupId": "ParamGroup2",
			"Name": "目Hi上下"
		},
		{
			"Id": "ParamEyeBS",
			"GroupId": "ParamGroup2",
			"Name": "目Hi大小"
		},
		{
			"Id": "ParamPaiRX",
			"GroupId": "ParamGroup2",
			"Name": "右胸 X"
		},
		{
			"Id": "ParamPaiRY",
			"GroupId": "ParamGroup2",
			"Name": "右胸 Y"
		},
		{
			"Id": "ParamPaiRX2",
			"GroupId": "ParamGroup2",
			"Name": "右胸 X2"
		},
		{
			"Id": "ParamPaiRY2",
			"GroupId": "ParamGroup2",
			"Name": "右胸 Y2"
		},
		{
			"Id": "ParamPaiLX",
			"GroupId": "ParamGroup2",
			"Name": "左胸 X"
		},
		{
			"Id": "ParamPaiLY",
			"GroupId": "ParamGroup2",
			"Name": "左胸 Y"
		},
		{
			"Id": "ParamPaiLX2",
			"GroupId": "ParamGroup2",
			"Name": "左胸 X2"
		},
		{
			"Id": "ParamPaiLY2",
			"GroupId": "ParamGroup2",
			"Name": "左胸 Y2"
		},
		{
			"Id": "ParamBreath",
			"GroupId": "ParamGroup2",
			"Name": "呼吸"
		},
		{
			"Id": "ParamHeadRibonY",
			"GroupId": "ParamGroup3",
			"Name": "頭リボン Y"
		},
		{
			"Id": "ParamHeadRibonX",
			"GroupId": "ParamGroup3",
			"Name": "頭リボン X"
		},
		{
			"Id": "ParamFootRibonY",
			"GroupId": "ParamGroup3",
			"Name": "足リボン Y"
		},
		{
			"Id": "ParamFootRibonX",
			"GroupId": "ParamGroup3",
			"Name": "足リボン X"
		},
		{
			"Id": "Param_Angle_Rotation2",
			"GroupId": "ParamGroup4",
			"Name": "[0]上髪"
		},
		{
			"Id": "Param_Angle_Rotation3",
			"GroupId": "ParamGroup4",
			"Name": "[1]上髪"
		},
		{
			"Id": "Param_Angle_Rotation4",
			"GroupId": "ParamGroup4",
			"Name": "[2]上髪"
		},
		{
			"Id": "Param_Angle_Rotation6",
			"GroupId": "ParamGroup5",
			"Name": "[0]前髪中央"
		},
		{
			"Id": "Param_Angle_Rotation7",
			"GroupId": "ParamGroup5",
			"Name": "[1]前髪中央"
		},
		{
			"Id": "Param_Angle_Rotation8",
			"GroupId": "ParamGroup5",
			"Name": "[2]前髪中央"
		},
		{
			"Id": "Param_Angle_Rotation10",
			"GroupId": "ParamGroup6",
			"Name": "[0]前髪右"
		},
		{
			"Id": "Param_Angle_Rotation11",
			"GroupId": "ParamGroup6",
			"Name": "[1]前髪右"
		},
		{
			"Id": "Param_Angle_Rotation12",
			"GroupId": "ParamGroup6",
			"Name": "[2]前髪右"
		},
		{
			"Id": "Param_Angle_Rotation14",
			"GroupId": "ParamGroup7",
			"Name": "[0]前髪左"
		},
		{
			"Id": "Param_Angle_Rotation15",
			"GroupId": "ParamGroup7",
			"Name": "[1]前髪左"
		},
		{
			"Id": "Param_Angle_Rotation16",
			"GroupId": "ParamGroup7",
			"Name": "[2]前髪左"
		},
		{
			"Id": "Param_Angle_Rotation17",
			"GroupId": "ParamGroup7",
			"Name": "[3]前髪左"
		},
		{
			"Id": "Param_Angle_Rotation19",
			"GroupId": "ParamGroup8",
			"Name": "[0]右髪1"
		},
		{
			"Id": "Param_Angle_Rotation20",
			"GroupId": "ParamGroup8",
			"Name": "[1]右髪1"
		},
		{
			"Id": "Param_Angle_Rotation21",
			"GroupId": "ParamGroup8",
			"Name": "[2]右髪1"
		},
		{
			"Id": "Param_Angle_Rotation22",
			"GroupId": "ParamGroup8",
			"Name": "[3]右髪1"
		},
		{
			"Id": "Param_Angle_Rotation23",
			"GroupId": "ParamGroup8",
			"Name": "[4]右髪1"
		},
		{
			"Id": "Param_Angle_Rotation24",
			"GroupId": "ParamGroup8",
			"Name": "[5]右髪1"
		},
		{
			"Id": "Param_Angle_Rotation26",
			"GroupId": "ParamGroup9",
			"Name": "[0]右髪2"
		},
		{
			"Id": "Param_Angle_Rotation27",
			"GroupId": "ParamGroup9",
			"Name": "[1]右髪2"
		},
		{
			"Id": "Param_Angle_Rotation28",
			"GroupId": "ParamGroup9",
			"Name": "[2]右髪2"
		},
		{
			"Id": "Param_Angle_Rotation29",
			"GroupId": "ParamGroup9",
			"Name": "[3]右髪2"
		},
		{
			"Id": "Param_Angle_Rotation30",
			"GroupId": "ParamGroup9",
			"Name": "[4]右髪2"
		},
		{
			"Id": "Param_Angle_Rotation32",
			"GroupId": "ParamGroup10",
			"Name": "[0]左髪1"
		},
		{
			"Id": "Param_Angle_Rotation33",
			"GroupId": "ParamGroup10",
			"Name": "[1]左髪1"
		},
		{
			"Id": "Param_Angle_Rotation34",
			"GroupId": "ParamGroup10",
			"Name": "[2]左髪1"
		},
		{
			"Id": "Param_Angle_Rotation35",
			"GroupId": "ParamGroup10",
			"Name": "[3]左髪1"
		},
		{
			"Id": "Param_Angle_Rotation37",
			"GroupId": "ParamGroup11",
			"Name": "[0]左髪2"
		},
		{
			"Id": "Param_Angle_Rotation38",
			"GroupId": "ParamGroup11",
			"Name": "[1]左髪2"
		},
		{
			"Id": "Param_Angle_Rotation39",
			"GroupId": "ParamGroup11",
			"Name": "[2]左髪2"
		},
		{
			"Id": "Param_Angle_Rotation40",
			"GroupId": "ParamGroup11",
			"Name": "[3]左髪2"
		},
		{
			"Id": "Param_Angle_Rotation41",
			"GroupId": "ParamGroup11",
			"Name": "[4]左髪2"
		}
	],
	"ParameterGroups": [
		{
			"Id": "ParamGroup",
			"GroupId": "",
			"Name": "エフェクト"
		},
		{
			"Id": "ParamGroup2",
			"GroupId": "",
			"Name": "URアニメーション"
		},
		{
			"Id": "ParamGroup3",
			"GroupId": "",
			"Name": "追加"
		},
		{
			"Id": "ParamGroup4",
			"GroupId": "",
			"Name": "上髪"
		},
		{
			"Id": "ParamGroup5",
			"GroupId": "",
			"Name": "前髪中央"
		},
		{
			"Id": "ParamGroup6",
			"GroupId": "",
			"Name": "前髪右"
		},
		{
			"Id": "ParamGroup7",
			"GroupId": "",
			"Name": "前髪左"
		},
		{
			"Id": "ParamGroup8",
			"GroupId": "",
			"Name": "右髪1"
		},
		{
			"Id": "ParamGroup9",
			"GroupId": "",
			"Name": "右髪2"
		},
		{
			"Id": "ParamGroup10",
			"GroupId": "",
			"Name": "左髪1"
		},
		{
			"Id": "ParamGroup11",
			"GroupId": "",
			"Name": "左髪2"
		}
	],
	"Parts": [
		{
			"Id": "Part24",
			"Name": "1920x1440_2.psd"
		},
		{
			"Id": "Part30",
			"Name": "1920x1440.psd"
		},
		{
			"Id": "Part",
			"Name": "エフェクト"
		},
		{
			"Id": "Part25",
			"Name": "髪"
		},
		{
			"Id": "Part26",
			"Name": "胸"
		},
		{
			"Id": "Part27",
			"Name": "足"
		},
		{
			"Id": "Part28",
			"Name": "頭"
		},
		{
			"Id": "ArtMesh132_Skinning",
			"Name": "左髪2(スキニング)"
		},
		{
			"Id": "Part29",
			"Name": "体"
		},
		{
			"Id": "Part2",
			"Name": "エフェクト1"
		},
		{
			"Id": "Part3",
			"Name": "エフェクト2"
		},
		{
			"Id": "Part6",
			"Name": "エフェクト3"
		},
		{
			"Id": "Part21",
			"Name": "わっか"
		},
		{
			"Id": "Part22",
			"Name": "エフェクト"
		},
		{
			"Id": "Part23",
			"Name": "エフェクト_4"
		},
		{
			"Id": "ArtMesh106_Skinning",
			"Name": "上髪(スキニング)"
		},
		{
			"Id": "ArtMesh107_Skinning",
			"Name": "前髪中央(スキニング)"
		},
		{
			"Id": "ArtMesh108_Skinning",
			"Name": "前髪右(スキニング)"
		},
		{
			"Id": "ArtMesh109_Skinning2",
			"Name": "前髪左(スキニング)"
		},
		{
			"Id": "ArtMesh109_Skinning",
			"Name": "前髪左(スキニング)"
		},
		{
			"Id": "ArtMesh110_Skinning",
			"Name": "右髪1(スキニング)"
		},
		{
			"Id": "ArtMesh111_Skinning",
			"Name": "右髪2(スキニング)"
		},
		{
			"Id": "ArtMesh112_Skinning",
			"Name": "左髪1(スキニング)"
		},
		{
			"Id": "g_1",
			"Name": "g_1"
		},
		{
			"Id": "g_2",
			"Name": "g_2"
		},
		{
			"Id": "g_3",
			"Name": "g_3"
		},
		{
			"Id": "Part4",
			"Name": "エフェクト_通常"
		},
		{
			"Id": "Part5",
			"Name": "エフェクト_体"
		},
		{
			"Id": "g_4",
			"Name": "g_1"
		},
		{
			"Id": "g_5",
			"Name": "g_2"
		},
		{
			"Id": "g_6",
			"Name": "g_3"
		},
		{
			"Id": "g_7",
			"Name": "g_4"
		},
		{
			"Id": "g_8",
			"Name": "g_5"
		},
		{
			"Id": "g_9",
			"Name": "g_6"
		},
		{
			"Id": "g_10",
			"Name": "g_7"
		},
		{
			"Id": "g_11",
			"Name": "g_8"
		},
		{
			"Id": "g_12",
			"Name": "g_1"
		},
		{
			"Id": "g_13",
			"Name": "g_2"
		},
		{
			"Id": "g_14",
			"Name": "g_3"
		},
		{
			"Id": "g_15",
			"Name": "g_4"
		},
		{
			"Id": "g_16",
			"Name": "g_1"
		},
		{
			"Id": "g_17",
			"Name": "g_2"
		},
		{
			"Id": "g_18",
			"Name": "g_3"
		},
		{
			"Id": "g_19",
			"Name": "g_4"
		},
		{
			"Id": "Part7",
			"Name": "グループ 16"
		},
		{
			"Id": "Part8",
			"Name": "グループ 7"
		},
		{
			"Id": "Part9",
			"Name": "グループ 3"
		},
		{
			"Id": "Part13",
			"Name": "グループ 5"
		},
		{
			"Id": "Part14",
			"Name": "グループ 15"
		},
		{
			"Id": "Part15",
			"Name": "グループ 6"
		},
		{
			"Id": "Part17",
			"Name": "グループ 11"
		},
		{
			"Id": "Part18",
			"Name": "グループ 14"
		},
		{
			"Id": "Part19",
			"Name": "グループ 4"
		},
		{
			"Id": "Part10",
			"Name": "グループ 9"
		},
		{
			"Id": "Part11",
			"Name": "グループ 13"
		},
		{
			"Id": "Part12",
			"Name": "グループ 17"
		},
		{
			"Id": "Part16",
			"Name": "グループ 12"
		},
		{
			"Id": "Part20",
			"Name": "グループ 10"
		}
	],
	"CombinedParameters": [
		[
			"ParamEyeRL",
			"ParamEyeUD"
		],
		[
			"ParamPaiRX",
			"ParamPaiRY"
		],
		[
			"ParamPaiLX",
			"ParamPaiLY"
		],
		[
			"ParamHeadRibonY",
			"ParamHeadRibonX"
		],
		[
			"ParamFootRibonY",
			"ParamFootRibonX"
		]
	]
}