{
	"Version": 3,
	"Meta": {
		"Duration": 2.1,
		"Fps": 30.0,
		"Loop": true,
		"AreBeziersRestricted": false,
		"CurveCount": 111,
		"TotalSegmentCount": 846,
		"TotalPointCount": 2505,
		"UserDataCount": 0,
		"TotalUserDataSize": 0
	},
	"Curves": [
		{
			"Target": "Parameter",
			"Id": "ParamAngleZ",
			"Segments": [
				0,
				0,
				1,
				0.089,
				0,
				0.178,
				-12,
				0.267,
				-12,
				1,
				0.356,
				-12,
				0.444,
				26,
				0.533,
				26,
				1,
				0.667,
				26,
				0.8,
				-4,
				0.933,
				-4,
				1,
				1.067,
				-4,
				1.2,
				1,
				1.333,
				1,
				1,
				1.489,
				1,
				1.644,
				0,
				1.8,
				0,
				1,
				1.9,
				0,
				2,
				0,
				2.1,
				0
			]
		},
		{
			"Target": "Parameter",
			"Id": "ParamEyeLOpen",
			"Segments": [
				0,
				1,
				1,
				0.044,
				1,
				0.089,
				0,
				0.133,
				0,
				1,
				0.211,
				0,
				0.289,
				0.7,
				0.367,
				0.7,
				1,
				0.522,
				0.7,
				0.678,
				0.6,
				0.833,
				0.6,
				1,
				0.956,
				0.6,
				1.078,
				0.609,
				1.2,
				0.7,
				1,
				1.411,
				0.857,
				1.622,
				1,
				1.833,
				1,
				0,
				2.1,
				1
			]
		},
		{
			"Target": "Parameter",
			"Id": "ParamEyeROpen",
			"Segments": [
				0,
				1,
				1,
				0.044,
				1,
				0.089,
				0,
				0.133,
				0,
				1,
				0.211,
				0,
				0.289,
				0.7,
				0.367,
				0.7,
				1,
				0.522,
				0.7,
				0.678,
				0.6,
				0.833,
				0.6,
				1,
				0.956,
				0.6,
				1.078,
				0.609,
				1.2,
				0.7,
				1,
				1.411,
				0.857,
				1.622,
				1,
				1.833,
				1,
				0,
				2.1,
				1
			]
		},
		{
			"Target": "Parameter",
			"Id": "ParamBrowAngle",
			"Segments": [
				0,
				0,
				1,
				0.044,
				0,
				0.089,
				-0.842,
				0.133,
				-0.9,
				1,
				0.211,
				-1.001,
				0.289,
				-1,
				0.367,
				-1,
				1,
				0.833,
				-1,
				1.3,
				0,
				1.767,
				0,
				0,
				2.1,
				0
			]
		},
		{
			"Target": "Parameter",
			"Id": "ParamBrowForm",
			"Segments": [
				0,
				0,
				1,
				0.122,
				0,
				0.244,
				-1,
				0.367,
				-1,
				1,
				0.678,
				-1,
				0.989,
				-1,
				1.3,
				-1,
				1,
				1.456,
				-1,
				1.611,
				0,
				1.767,
				0,
				0,
				2.1,
				0
			]
		},
		{
			"Target": "Parameter",
			"Id": "ParamMouthForm",
			"Segments": [
				0,
				0,
				1,
				0.122,
				0,
				0.244,
				1,
				0.367,
				1,
				1,
				0.844,
				1,
				1.322,
				0,
				1.8,
				0,
				0,
				2.1,
				0
			]
		},
		{
			"Target": "Parameter",
			"Id": "ParamMouthOpenY",
			"Segments": [
				0,
				0,
				1,
				0.533,
				0,
				1.067,
				0,
				1.6,
				0,
				0,
				2.1,
				0
			]
		},
		{
			"Target": "Parameter",
			"Id": "ParamCheek",
			"Segments": [
				0,
				0,
				1,
				0.044,
				0,
				0.089,
				1,
				0.133,
				1,
				1,
				0.489,
				1,
				0.844,
				1,
				1.2,
				1,
				1,
				1.4,
				1,
				1.6,
				0,
				1.8,
				0,
				0,
				2.1,
				0
			]
		},
		{
			"Target": "Parameter",
			"Id": "ParamBodyAngleY",
			"Segments": [
				0,
				0,
				1,
				0.067,
				0,
				0.133,
				-2,
				0.2,
				-2,
				1,
				0.289,
				-2,
				0.378,
				4,
				0.467,
				4,
				1,
				0.6,
				4,
				0.733,
				-2,
				0.867,
				-2,
				1,
				1,
				-2,
				1.133,
				1,
				1.267,
				1,
				1,
				1.422,
				1,
				1.578,
				0,
				1.733,
				0,
				0,
				2.1,
				0
			]
		},
		{
			"Target": "Parameter",
			"Id": "ParamBreath",
			"Segments": [
				0,
				0,
				1,
				0.067,
				0,
				0.133,
				0,
				0.2,
				0,
				1,
				0.289,
				0,
				0.378,
				1,
				0.467,
				1,
				1,
				0.733,
				1,
				1,
				0,
				1.267,
				0,
				1,
				1.544,
				0,
				1.822,
				0,
				2.1,
				0
			]
		},
		{
			"Target": "Parameter",
			"Id": "Param",
			"Segments": [
				0,
				0,
				1,
				0.033,
				0,
				0.067,
				-8,
				0.1,
				-8,
				1,
				0.189,
				-8,
				0.278,
				3,
				0.367,
				3,
				1,
				0.5,
				3,
				0.633,
				-5,
				0.767,
				-5,
				1,
				0.9,
				-5,
				1.033,
				0,
				1.167,
				0,
				1,
				1.322,
				0,
				1.478,
				0,
				1.633,
				0,
				1,
				1.789,
				0,
				1.944,
				0,
				2.1,
				0
			]
		},
		{
			"Target": "Parameter",
			"Id": "Param2",
			"Segments": [
				0,
				0,
				1,
				0.033,
				0,
				0.067,
				-30,
				0.1,
				-30,
				1,
				0.189,
				-30,
				0.278,
				26,
				0.367,
				26,
				1,
				0.5,
				26,
				0.633,
				-11,
				0.767,
				-11,
				1,
				0.9,
				-11,
				1.033,
				2,
				1.167,
				2,
				1,
				1.322,
				2,
				1.478,
				0,
				1.633,
				0,
				1,
				1.789,
				0,
				1.944,
				0,
				2.1,
				0
			]
		},
		{
			"Target": "Parameter",
			"Id": "ParamPaiX",
			"Segments": [
				0,
				0,
				0,
				0.033,
				0,
				1,
				0.078,
				0,
				0.122,
				-0.104,
				0.167,
				-6,
				1,
				0.2,
				-10.422,
				0.233,
				-30,
				0.267,
				-30,
				1,
				0.3,
				-30,
				0.333,
				-22.384,
				0.367,
				-17,
				1,
				0.411,
				-9.821,
				0.456,
				-5.476,
				0.5,
				0,
				1,
				0.556,
				6.845,
				0.611,
				10,
				0.667,
				10,
				1,
				0.733,
				10,
				0.8,
				5.865,
				0.867,
				0,
				1,
				0.911,
				-3.91,
				0.956,
				-5,
				1,
				-5,
				1,
				1.056,
				-5,
				1.111,
				-2.266,
				1.167,
				0,
				1,
				1.211,
				1.813,
				1.256,
				2,
				1.3,
				2,
				1,
				1.356,
				2,
				1.411,
				1.048,
				1.467,
				0,
				1,
				1.511,
				-0.838,
				1.556,
				-1,
				1.6,
				-1,
				1,
				1.667,
				-1,
				1.733,
				0,
				1.8,
				0,
				1,
				1.9,
				0,
				2,
				0,
				2.1,
				0
			]
		},
		{
			"Target": "Parameter",
			"Id": "ParamPaiY",
			"Segments": [
				0,
				-9,
				0,
				0.033,
				-9,
				1,
				0.067,
				-9,
				0.1,
				-9.653,
				0.133,
				-2,
				1,
				0.178,
				8.203,
				0.222,
				30,
				0.267,
				30,
				1,
				0.3,
				30,
				0.333,
				23.083,
				0.367,
				6,
				1,
				0.411,
				-16.777,
				0.456,
				-30,
				0.5,
				-30,
				1,
				0.556,
				-30,
				0.611,
				-14.225,
				0.667,
				-1,
				1,
				0.733,
				14.871,
				0.8,
				18,
				0.867,
				18,
				1,
				0.911,
				18,
				0.956,
				11.631,
				1,
				1,
				1,
				1.056,
				-12.289,
				1.111,
				-18,
				1.167,
				-18,
				1,
				1.211,
				-18,
				1.256,
				-10.82,
				1.3,
				-6,
				1,
				1.356,
				0.025,
				1.411,
				1,
				1.467,
				1,
				1,
				1.511,
				1,
				1.556,
				-3.82,
				1.6,
				-5.74,
				1,
				1.667,
				-8.62,
				1.733,
				-9,
				1.8,
				-9,
				1,
				1.9,
				-9,
				2,
				-9,
				2.1,
				-9
			]
		},
		{
			"Target": "Parameter",
			"Id": "ParamPaiX2",
			"Segments": [
				0,
				0,
				0,
				0.033,
				0,
				1,
				0.044,
				0,
				0.056,
				0.734,
				0.067,
				-2,
				1,
				0.111,
				-12.935,
				0.156,
				-25,
				0.2,
				-25,
				1,
				0.244,
				-25,
				0.289,
				-20.807,
				0.333,
				-14,
				1,
				0.367,
				-8.894,
				0.4,
				-4.749,
				0.433,
				0,
				1,
				0.489,
				7.915,
				0.544,
				12,
				0.6,
				12,
				1,
				0.667,
				12,
				0.733,
				7.04,
				0.8,
				0,
				1,
				0.844,
				-4.693,
				0.889,
				-6,
				0.933,
				-6,
				1,
				0.989,
				-6,
				1.044,
				-4.333,
				1.1,
				-1,
				1,
				1.144,
				1.667,
				1.189,
				3,
				1.233,
				3,
				1,
				1.289,
				3,
				1.344,
				1.21,
				1.4,
				0,
				1,
				1.444,
				-0.968,
				1.489,
				-1,
				1.533,
				-1,
				1,
				1.611,
				-1,
				1.689,
				0,
				1.767,
				0,
				1,
				1.878,
				0,
				1.989,
				0,
				2.1,
				0
			]
		},
		{
			"Target": "Parameter",
			"Id": "ParamPaiY2",
			"Segments": [
				0,
				-12,
				0,
				0.033,
				-12,
				1,
				0.044,
				-12,
				0.056,
				-11.448,
				0.067,
				-6,
				1,
				0.111,
				15.792,
				0.156,
				30,
				0.2,
				30,
				1,
				0.244,
				30,
				0.289,
				2.687,
				0.333,
				-16,
				1,
				0.367,
				-30.015,
				0.4,
				-30,
				0.433,
				-30,
				1,
				0.489,
				-30,
				0.544,
				-11.201,
				0.6,
				0,
				1,
				0.667,
				13.441,
				0.733,
				15,
				0.8,
				15,
				1,
				0.844,
				15,
				0.889,
				7.986,
				0.933,
				-1,
				1,
				0.989,
				-12.232,
				1.044,
				-16,
				1.1,
				-16,
				1,
				1.144,
				-16,
				1.189,
				-8.949,
				1.233,
				-6,
				1,
				1.289,
				-2.314,
				1.344,
				-2,
				1.4,
				-2,
				1,
				1.444,
				-2,
				1.489,
				-5.973,
				1.533,
				-7.92,
				1,
				1.611,
				-11.328,
				1.689,
				-12,
				1.767,
				-12,
				1,
				1.878,
				-12,
				1.989,
				-12,
				2.1,
				-12
			]
		},
		{
			"Target": "Parameter",
			"Id": "ParamPai2X",
			"Segments": [
				0,
				0,
				0,
				0.033,
				0,
				1,
				0.067,
				0,
				0.1,
				-0.594,
				0.133,
				3,
				1,
				0.178,
				7.792,
				0.222,
				29,
				0.267,
				29,
				1,
				0.344,
				29,
				0.422,
				13.206,
				0.5,
				0,
				1,
				0.556,
				-9.433,
				0.611,
				-10,
				0.667,
				-10,
				1,
				0.733,
				-10,
				0.8,
				-5.865,
				0.867,
				0,
				1,
				0.911,
				3.91,
				0.956,
				5,
				1,
				5,
				1,
				1.056,
				5,
				1.111,
				2.893,
				1.167,
				0,
				1,
				1.211,
				-2.315,
				1.256,
				-3,
				1.3,
				-3,
				1,
				1.356,
				-3,
				1.411,
				-1.835,
				1.467,
				0,
				1,
				1.511,
				1.468,
				1.556,
				2,
				1.6,
				2,
				1,
				1.667,
				2,
				1.733,
				0,
				1.8,
				0,
				1,
				1.9,
				0,
				2,
				0,
				2.1,
				0
			]
		},
		{
			"Target": "Parameter",
			"Id": "ParamPai2Y",
			"Segments": [
				0,
				-6,
				0,
				0.033,
				-6,
				1,
				0.067,
				-6,
				0.1,
				-6.798,
				0.133,
				-2,
				1,
				0.178,
				4.397,
				0.222,
				30,
				0.267,
				30,
				1,
				0.311,
				30,
				0.356,
				10.56,
				0.4,
				-11,
				1,
				0.433,
				-27.17,
				0.467,
				-30,
				0.5,
				-30,
				1,
				0.556,
				-30,
				0.611,
				-13.561,
				0.667,
				-2,
				1,
				0.733,
				11.873,
				0.8,
				14,
				0.867,
				14,
				1,
				0.911,
				14,
				0.956,
				9.074,
				1,
				-1,
				1,
				1.056,
				-13.592,
				1.111,
				-20,
				1.167,
				-20,
				1,
				1.211,
				-20,
				1.256,
				-14.644,
				1.3,
				-9,
				1,
				1.356,
				-1.945,
				1.411,
				0,
				1.467,
				0,
				1,
				1.511,
				0,
				1.556,
				-4.862,
				1.6,
				-5.32,
				1,
				1.667,
				-6.007,
				1.733,
				-6,
				1.8,
				-6,
				1,
				1.9,
				-6,
				2,
				-6,
				2.1,
				-6
			]
		},
		{
			"Target": "Parameter",
			"Id": "ParamPai2X2",
			"Segments": [
				0,
				0,
				0,
				0.033,
				0,
				1,
				0.044,
				0,
				0.056,
				-0.371,
				0.067,
				2,
				1,
				0.111,
				11.485,
				0.156,
				20,
				0.2,
				20,
				1,
				0.278,
				20,
				0.356,
				9.162,
				0.433,
				0,
				1,
				0.489,
				-6.544,
				0.544,
				-7,
				0.6,
				-7,
				1,
				0.667,
				-7,
				0.733,
				-5.111,
				0.8,
				0,
				1,
				0.844,
				3.407,
				0.889,
				6,
				0.933,
				6,
				1,
				0.989,
				6,
				1.044,
				2.396,
				1.1,
				0,
				1,
				1.144,
				-1.917,
				1.189,
				-2,
				1.233,
				-2,
				1,
				1.289,
				-2,
				1.344,
				-1.461,
				1.4,
				0,
				1,
				1.444,
				1.169,
				1.489,
				2,
				1.533,
				2,
				1,
				1.611,
				2,
				1.689,
				0,
				1.767,
				0,
				1,
				1.878,
				0,
				1.989,
				0,
				2.1,
				0
			]
		},
		{
			"Target": "Parameter",
			"Id": "ParamPai2Y2",
			"Segments": [
				0,
				-8,
				0,
				0.033,
				-8,
				1,
				0.044,
				-8,
				0.056,
				-8.599,
				0.067,
				-4,
				1,
				0.111,
				14.397,
				0.156,
				30,
				0.2,
				30,
				1,
				0.244,
				30,
				0.289,
				9.126,
				0.333,
				-12,
				1,
				0.367,
				-27.845,
				0.4,
				-30,
				0.433,
				-30,
				1,
				0.489,
				-30,
				0.544,
				-9.663,
				0.6,
				-1,
				1,
				0.667,
				9.396,
				0.733,
				10,
				0.8,
				10,
				1,
				0.844,
				10,
				0.889,
				7.427,
				0.933,
				-1,
				1,
				0.989,
				-11.534,
				1.044,
				-19,
				1.1,
				-19,
				1,
				1.144,
				-19,
				1.189,
				-8.086,
				1.233,
				-5,
				1,
				1.289,
				-1.143,
				1.344,
				-1,
				1.4,
				-1,
				1,
				1.444,
				-1,
				1.489,
				-5.799,
				1.533,
				-6.56,
				1,
				1.611,
				-7.893,
				1.689,
				-8,
				1.767,
				-8,
				1,
				1.878,
				-8,
				1.989,
				-8,
				2.1,
				-8
			]
		},
		{
			"Target": "Parameter",
			"Id": "ParamHimoRadius",
			"Segments": [
				0,
				0,
				0,
				0.033,
				0,
				1,
				0.044,
				0,
				0.056,
				0.016,
				0.067,
				3.824,
				1,
				0.111,
				19.053,
				0.156,
				30,
				0.2,
				30,
				1,
				0.289,
				30,
				0.378,
				-16,
				0.467,
				-16,
				1,
				0.589,
				-16,
				0.711,
				10,
				0.833,
				10,
				1,
				0.933,
				10,
				1.033,
				-6.141,
				1.133,
				-6.141,
				1,
				1.233,
				-6.141,
				1.333,
				0,
				1.433,
				0,
				0,
				2.1,
				0
			]
		},
		{
			"Target": "Parameter",
			"Id": "ParamLF",
			"Segments": [
				0,
				0,
				1,
				0.033,
				0,
				0.067,
				10,
				0.1,
				10,
				1,
				0.189,
				10,
				0.278,
				-2,
				0.367,
				-2,
				1,
				0.489,
				-2,
				0.611,
				3,
				0.733,
				3,
				1,
				0.822,
				3,
				0.911,
				-1,
				1,
				-1,
				1,
				1.111,
				-1,
				1.222,
				0,
				1.333,
				0,
				1,
				1.589,
				0,
				1.844,
				0,
				2.1,
				0
			]
		},
		{
			"Target": "Parameter",
			"Id": "ParamRF1",
			"Segments": [
				0,
				0,
				1,
				0.033,
				0,
				0.067,
				-10,
				0.1,
				-10,
				1,
				0.189,
				-10,
				0.278,
				10,
				0.367,
				10,
				1,
				0.489,
				10,
				0.611,
				-3,
				0.733,
				-3,
				1,
				0.822,
				-3,
				0.911,
				1,
				1,
				1,
				1,
				1.111,
				1,
				1.222,
				0,
				1.333,
				0,
				1,
				1.589,
				0,
				1.844,
				0,
				2.1,
				0
			]
		},
		{
			"Target": "Parameter",
			"Id": "ParamRF2",
			"Segments": [
				0,
				0,
				0,
				0.1,
				0,
				1,
				0.133,
				0,
				0.167,
				-10,
				0.2,
				-10,
				1,
				0.289,
				-10,
				0.378,
				7,
				0.467,
				7,
				1,
				0.589,
				7,
				0.711,
				-1,
				0.833,
				-1,
				1,
				0.922,
				-1,
				1.011,
				2,
				1.1,
				2,
				1,
				1.211,
				2,
				1.322,
				0,
				1.433,
				0,
				1,
				1.656,
				0,
				1.878,
				0,
				2.1,
				0
			]
		},
		{
			"Target": "Parameter",
			"Id": "ParamRF3",
			"Segments": [
				0,
				0,
				0,
				0.133,
				0,
				1,
				0.167,
				0,
				0.2,
				-6,
				0.233,
				-6,
				1,
				0.322,
				-6,
				0.411,
				7,
				0.5,
				7,
				1,
				0.622,
				7,
				0.744,
				-1,
				0.867,
				-1,
				1,
				0.956,
				-1,
				1.044,
				3,
				1.133,
				3,
				1,
				1.244,
				3,
				1.356,
				0,
				1.467,
				0,
				0,
				2.1,
				0
			]
		},
		{
			"Target": "Parameter",
			"Id": "ParamRA1",
			"Segments": [
				0,
				0,
				1,
				0.044,
				0,
				0.089,
				2,
				0.133,
				2,
				1,
				0.222,
				2,
				0.311,
				-2,
				0.4,
				-2,
				1,
				0.522,
				-2,
				0.644,
				2,
				0.767,
				2,
				1,
				0.856,
				2,
				0.944,
				-1,
				1.033,
				-1,
				1,
				1.144,
				-1,
				1.256,
				0.581,
				1.367,
				0.581,
				1,
				1.478,
				0.581,
				1.589,
				0,
				1.7,
				0,
				1,
				1.833,
				0,
				1.967,
				0,
				2.1,
				0
			]
		},
		{
			"Target": "Parameter",
			"Id": "ParamRA2",
			"Segments": [
				0,
				0,
				1,
				0.011,
				0,
				0.022,
				0,
				0.033,
				0,
				1,
				0.078,
				0,
				0.122,
				2,
				0.167,
				2,
				1,
				0.256,
				2,
				0.344,
				-2,
				0.433,
				-2,
				1,
				0.556,
				-2,
				0.678,
				2,
				0.8,
				2,
				1,
				0.889,
				2,
				0.978,
				-1,
				1.067,
				-1,
				1,
				1.178,
				-1,
				1.289,
				0.581,
				1.4,
				0.581,
				1,
				1.511,
				0.581,
				1.622,
				0,
				1.733,
				0,
				1,
				1.856,
				0,
				1.978,
				0,
				2.1,
				0
			]
		},
		{
			"Target": "Parameter",
			"Id": "ParamRA3",
			"Segments": [
				0,
				0,
				1,
				0.022,
				0,
				0.044,
				0,
				0.067,
				0,
				1,
				0.111,
				0,
				0.156,
				1,
				0.2,
				1,
				1,
				0.289,
				1,
				0.378,
				-1,
				0.467,
				-1,
				1,
				0.578,
				-1,
				0.689,
				0.081,
				0.8,
				0.081,
				1,
				0.9,
				0.081,
				1,
				0,
				1.1,
				0,
				1,
				1.433,
				0,
				1.767,
				0,
				2.1,
				0
			]
		},
		{
			"Target": "Parameter",
			"Id": "ParamRA4",
			"Segments": [
				0,
				0,
				1,
				0.033,
				0,
				0.067,
				0,
				0.1,
				0,
				1,
				0.144,
				0,
				0.189,
				0,
				0.233,
				0,
				1,
				0.322,
				0,
				0.411,
				0,
				0.5,
				0,
				1,
				0.622,
				0,
				0.744,
				0,
				0.867,
				0,
				1,
				0.956,
				0,
				1.044,
				0,
				1.133,
				0,
				1,
				1.456,
				0,
				1.778,
				0,
				2.1,
				0
			]
		},
		{
			"Target": "Parameter",
			"Id": "ParamLA1",
			"Segments": [
				0,
				0,
				0,
				0.033,
				0,
				1,
				0.067,
				0,
				0.1,
				4,
				0.133,
				4,
				1,
				0.222,
				4,
				0.311,
				-3,
				0.4,
				-3,
				1,
				0.522,
				-3,
				0.644,
				2,
				0.767,
				2,
				1,
				0.856,
				2,
				0.944,
				-1,
				1.033,
				-1,
				1,
				1.144,
				-1,
				1.256,
				1,
				1.367,
				1,
				1,
				1.478,
				1,
				1.589,
				0,
				1.7,
				0,
				1,
				1.833,
				0,
				1.967,
				0,
				2.1,
				0
			]
		},
		{
			"Target": "Parameter",
			"Id": "ParamLA2",
			"Segments": [
				0,
				0,
				0,
				0.067,
				0,
				1,
				0.1,
				0,
				0.133,
				3,
				0.167,
				3,
				1,
				0.256,
				3,
				0.344,
				-2,
				0.433,
				-2,
				1,
				0.556,
				-2,
				0.678,
				1,
				0.8,
				1,
				1,
				0.889,
				1,
				0.978,
				-1,
				1.067,
				-1,
				1,
				1.178,
				-1,
				1.289,
				0.586,
				1.4,
				0.586,
				1,
				1.511,
				0.586,
				1.622,
				0,
				1.733,
				0,
				1,
				1.856,
				0,
				1.978,
				0,
				2.1,
				0
			]
		},
		{
			"Target": "Parameter",
			"Id": "ParamLA3",
			"Segments": [
				0,
				0,
				0,
				0.1,
				0,
				1,
				0.133,
				0,
				0.167,
				2,
				0.2,
				2,
				1,
				0.289,
				2,
				0.378,
				-1,
				0.467,
				-1,
				1,
				0.589,
				-1,
				0.711,
				1,
				0.833,
				1,
				1,
				0.922,
				1,
				1.011,
				-1,
				1.1,
				-1,
				1,
				1.211,
				-1,
				1.322,
				0.495,
				1.433,
				0.495,
				1,
				1.544,
				0.495,
				1.656,
				0,
				1.767,
				0,
				1,
				1.878,
				0,
				1.989,
				0,
				2.1,
				0
			]
		},
		{
			"Target": "Parameter",
			"Id": "ParamLA4",
			"Segments": [
				0,
				0,
				0,
				0.167,
				0,
				1,
				0.2,
				0,
				0.233,
				4,
				0.267,
				4,
				1,
				0.356,
				4,
				0.444,
				0,
				0.533,
				0,
				1,
				0.656,
				0,
				0.778,
				1,
				0.9,
				1,
				1,
				0.989,
				1,
				1.078,
				-1,
				1.167,
				-1,
				1,
				1.278,
				-1,
				1.389,
				0.44,
				1.5,
				0.44,
				1,
				1.611,
				0.44,
				1.722,
				0,
				1.833,
				0,
				1,
				1.922,
				0,
				2.011,
				0,
				2.1,
				0
			]
		},
		{
			"Target": "Parameter",
			"Id": "ParamLA5",
			"Segments": [
				0,
				0,
				0,
				0.233,
				0,
				1,
				0.267,
				0,
				0.3,
				4,
				0.333,
				4,
				1,
				0.422,
				4,
				0.511,
				-0.311,
				0.6,
				-0.311,
				1,
				0.711,
				-0.311,
				0.822,
				1.117,
				0.933,
				1.117,
				1,
				1.033,
				1.117,
				1.133,
				-1,
				1.233,
				-1,
				1,
				1.344,
				-1,
				1.456,
				0.549,
				1.567,
				0.549,
				1,
				1.678,
				0.549,
				1.789,
				0,
				1.9,
				0,
				1,
				1.967,
				0,
				2.033,
				0,
				2.1,
				0
			]
		},
		{
			"Target": "Parameter",
			"Id": "ParamLightAn1",
			"Segments": [
				0,
				0,
				1,
				0.056,
				0,
				0.111,
				-21,
				0.167,
				-21,
				1,
				0.256,
				-21,
				0.344,
				14,
				0.433,
				14,
				1,
				0.567,
				14,
				0.7,
				-16,
				0.833,
				-16,
				1,
				0.933,
				-16,
				1.033,
				11,
				1.133,
				11,
				1,
				1.222,
				11,
				1.311,
				-4,
				1.4,
				-4,
				1,
				1.533,
				-4,
				1.667,
				0,
				1.8,
				0,
				1,
				1.9,
				0,
				2,
				0,
				2.1,
				0
			]
		},
		{
			"Target": "Parameter",
			"Id": "ParamLightAn2",
			"Segments": [
				0,
				0,
				0,
				2.1,
				0
			]
		},
		{
			"Target": "Parameter",
			"Id": "ParamLightSB",
			"Segments": [
				0,
				-30,
				1,
				0.056,
				-30,
				0.111,
				0,
				0.167,
				0,
				1,
				0.189,
				0,
				0.211,
				-30,
				0.233,
				-30,
				1,
				0.256,
				-30,
				0.278,
				1,
				0.3,
				1,
				1,
				0.333,
				1,
				0.367,
				0.489,
				0.4,
				0,
				1,
				0.544,
				-2.12,
				0.689,
				-3.637,
				0.833,
				-6,
				1,
				0.867,
				-6.545,
				0.9,
				-30,
				0.933,
				-30,
				1,
				0.956,
				-30,
				0.978,
				3,
				1,
				3,
				1,
				1.044,
				3,
				1.089,
				-30,
				1.133,
				-30,
				1,
				1.222,
				-30,
				1.311,
				1,
				1.4,
				1,
				1,
				1.633,
				1,
				1.867,
				-30,
				2.1,
				-30
			]
		},
		{
			"Target": "Parameter",
			"Id": "ParamLightR",
			"Segments": [
				0,
				0,
				1,
				0.056,
				0,
				0.111,
				-1,
				0.167,
				-1,
				1,
				0.256,
				-1,
				0.344,
				1,
				0.433,
				1,
				1,
				0.567,
				1,
				0.7,
				0,
				0.833,
				0,
				1,
				0.933,
				0,
				1.033,
				0,
				1.133,
				0,
				1,
				1.222,
				0,
				1.311,
				0,
				1.4,
				0,
				1,
				1.633,
				0,
				1.867,
				0,
				2.1,
				0
			]
		},
		{
			"Target": "Parameter",
			"Id": "ParamLightM",
			"Segments": [
				0,
				0,
				1,
				0.056,
				0,
				0.111,
				1,
				0.167,
				1,
				1,
				0.256,
				1,
				0.344,
				0,
				0.433,
				0,
				1,
				0.567,
				0,
				0.7,
				0.9,
				0.833,
				0.9,
				1,
				0.933,
				0.9,
				1.033,
				0,
				1.133,
				0,
				1,
				1.456,
				0,
				1.778,
				0,
				2.1,
				0
			]
		},
		{
			"Target": "Parameter",
			"Id": "Param_Angle_Rotation",
			"Segments": [
				0,
				0,
				1,
				0.056,
				0,
				0.111,
				-6,
				0.167,
				-6,
				1,
				0.267,
				-6,
				0.367,
				9,
				0.467,
				9,
				1,
				0.578,
				9,
				0.689,
				-8,
				0.8,
				-8,
				1,
				0.889,
				-8,
				0.978,
				3,
				1.067,
				3,
				1,
				1.167,
				3,
				1.267,
				0,
				1.367,
				0,
				1,
				1.5,
				0,
				1.633,
				0,
				1.767,
				0,
				1,
				1.822,
				0,
				1.878,
				0,
				1.933,
				0,
				1,
				1.989,
				0,
				2.044,
				0,
				2.1,
				0
			]
		},
		{
			"Target": "Parameter",
			"Id": "Param_Angle_Rotation2",
			"Segments": [
				0,
				0.2,
				1,
				0.067,
				0.2,
				0.133,
				-6,
				0.2,
				-6,
				1,
				0.3,
				-6,
				0.4,
				9,
				0.5,
				9,
				1,
				0.611,
				9,
				0.722,
				-7,
				0.833,
				-7,
				1,
				0.922,
				-7,
				1.011,
				3,
				1.1,
				3,
				1,
				1.2,
				3,
				1.3,
				1.569,
				1.4,
				1,
				1,
				1.533,
				0.241,
				1.667,
				0.2,
				1.8,
				0.2,
				1,
				1.844,
				0.2,
				1.889,
				0.2,
				1.933,
				0.2,
				1,
				1.989,
				0.2,
				2.044,
				0.2,
				2.1,
				0.2
			]
		},
		{
			"Target": "Parameter",
			"Id": "Param_Angle_Rotation3",
			"Segments": [
				0,
				0.6,
				1,
				0.078,
				0.6,
				0.156,
				-6,
				0.233,
				-6,
				1,
				0.333,
				-6,
				0.433,
				9,
				0.533,
				9,
				1,
				0.644,
				9,
				0.756,
				-8,
				0.867,
				-8,
				1,
				0.956,
				-8,
				1.044,
				3,
				1.133,
				3,
				1,
				1.233,
				3,
				1.333,
				1.313,
				1.433,
				1,
				1,
				1.567,
				0.582,
				1.7,
				0.6,
				1.833,
				0.6,
				1,
				1.867,
				0.6,
				1.9,
				0.6,
				1.933,
				0.6,
				1,
				1.989,
				0.6,
				2.044,
				0.6,
				2.1,
				0.6
			]
		},
		{
			"Target": "Parameter",
			"Id": "Param_Angle_Rotation4",
			"Segments": [
				0,
				1.3,
				1,
				0.089,
				1.3,
				0.178,
				-6,
				0.267,
				-6,
				1,
				0.367,
				-6,
				0.467,
				10,
				0.567,
				10,
				1,
				0.678,
				10,
				0.789,
				-6,
				0.9,
				-6,
				1,
				0.989,
				-6,
				1.078,
				4,
				1.167,
				4,
				1,
				1.267,
				4,
				1.367,
				3.76,
				1.467,
				3,
				1,
				1.6,
				1.986,
				1.733,
				1.3,
				1.867,
				1.3,
				1,
				1.889,
				1.3,
				1.911,
				1.3,
				1.933,
				1.3,
				1,
				1.989,
				1.3,
				2.044,
				1.3,
				2.1,
				1.3
			]
		},
		{
			"Target": "Parameter",
			"Id": "Param_Angle_Rotation5",
			"Segments": [
				0,
				1.6,
				1,
				0.1,
				1.6,
				0.2,
				-5,
				0.3,
				-5,
				1,
				0.4,
				-5,
				0.5,
				11,
				0.6,
				11,
				1,
				0.711,
				11,
				0.822,
				-5,
				0.933,
				-5,
				1,
				1.022,
				-5,
				1.111,
				5,
				1.2,
				5,
				1,
				1.3,
				5,
				1.4,
				4.892,
				1.5,
				4,
				1,
				1.633,
				2.811,
				1.767,
				1.6,
				1.9,
				1.6,
				1,
				1.911,
				1.6,
				1.922,
				1.6,
				1.933,
				1.6,
				1,
				1.989,
				1.6,
				2.044,
				1.6,
				2.1,
				1.6
			]
		},
		{
			"Target": "Parameter",
			"Id": "Param_Angle_Rotation7",
			"Segments": [
				0,
				0,
				1,
				0.011,
				0,
				0.022,
				0.941,
				0.033,
				1.566,
				1,
				0.078,
				4.066,
				0.122,
				5,
				0.167,
				5,
				1,
				0.267,
				5,
				0.367,
				-3,
				0.467,
				-3,
				1,
				0.578,
				-3,
				0.689,
				2,
				0.8,
				2,
				1,
				0.889,
				2,
				0.978,
				-1,
				1.067,
				-1,
				1,
				1.189,
				-1,
				1.311,
				-0.701,
				1.433,
				-0.184,
				1,
				1.511,
				0.146,
				1.589,
				0.275,
				1.667,
				0.275,
				1,
				1.744,
				0.275,
				1.822,
				-0.184,
				1.9,
				-0.184,
				1,
				1.967,
				-0.184,
				2.033,
				0,
				2.1,
				0
			]
		},
		{
			"Target": "Parameter",
			"Id": "Param_Angle_Rotation8",
			"Segments": [
				0,
				0.1,
				1,
				0.011,
				0.1,
				0.022,
				1.181,
				0.033,
				1.909,
				1,
				0.089,
				5.551,
				0.144,
				7,
				0.2,
				7,
				1,
				0.3,
				7,
				0.4,
				-3,
				0.5,
				-3,
				1,
				0.611,
				-3,
				0.722,
				2,
				0.833,
				2,
				1,
				0.922,
				2,
				1.011,
				-1,
				1.1,
				-1,
				1,
				1.211,
				-1,
				1.322,
				0.822,
				1.433,
				0.822,
				1,
				1.556,
				0.822,
				1.678,
				0.581,
				1.8,
				0.1,
				1,
				1.833,
				-0.031,
				1.867,
				-0.096,
				1.9,
				-0.096,
				1,
				1.967,
				-0.096,
				2.033,
				0.1,
				2.1,
				0.1
			]
		},
		{
			"Target": "Parameter",
			"Id": "Param_Angle_Rotation9",
			"Segments": [
				0,
				0.5,
				1,
				0.011,
				0.5,
				0.022,
				1.762,
				0.033,
				2.529,
				1,
				0.1,
				7.129,
				0.167,
				9,
				0.233,
				9,
				1,
				0.333,
				9,
				0.433,
				-5,
				0.533,
				-5,
				1,
				0.644,
				-5,
				0.756,
				3,
				0.867,
				3,
				1,
				0.956,
				3,
				1.044,
				-2,
				1.133,
				-2,
				1,
				1.256,
				-2,
				1.378,
				2.195,
				1.5,
				2.195,
				1,
				1.611,
				2.195,
				1.722,
				1.614,
				1.833,
				0.5,
				1,
				1.856,
				0.277,
				1.878,
				0.187,
				1.9,
				0.187,
				1,
				1.967,
				0.187,
				2.033,
				0.5,
				2.1,
				0.5
			]
		},
		{
			"Target": "Parameter",
			"Id": "Param_Angle_Rotation11",
			"Segments": [
				0,
				0,
				1,
				0.056,
				0,
				0.111,
				8,
				0.167,
				8,
				1,
				0.267,
				8,
				0.367,
				-4,
				0.467,
				-4,
				1,
				0.578,
				-4,
				0.689,
				3,
				0.8,
				3,
				1,
				0.889,
				3,
				0.978,
				-2,
				1.067,
				-2,
				1,
				1.178,
				-2,
				1.289,
				-1.215,
				1.4,
				-0.298,
				1,
				1.478,
				0.343,
				1.556,
				0.459,
				1.633,
				0.459,
				1,
				1.711,
				0.459,
				1.789,
				-0.298,
				1.867,
				-0.298,
				1,
				1.944,
				-0.298,
				2.022,
				0,
				2.1,
				0
			]
		},
		{
			"Target": "Parameter",
			"Id": "Param_Angle_Rotation12",
			"Segments": [
				0,
				-0.3,
				1,
				0.011,
				-0.3,
				0.022,
				0.747,
				0.033,
				1.644,
				1,
				0.089,
				6.128,
				0.144,
				8,
				0.2,
				8,
				1,
				0.3,
				8,
				0.4,
				-5,
				0.5,
				-5,
				1,
				0.611,
				-5,
				0.722,
				4,
				0.833,
				4,
				1,
				0.944,
				4,
				1.056,
				-3.008,
				1.167,
				-3.008,
				1,
				1.267,
				-3.008,
				1.367,
				-2.705,
				1.467,
				-1.74,
				1,
				1.567,
				-0.775,
				1.667,
				-0.05,
				1.767,
				-0.05,
				1,
				1.811,
				-0.05,
				1.856,
				-0.547,
				1.9,
				-0.547,
				1,
				1.967,
				-0.547,
				2.033,
				-0.3,
				2.1,
				-0.3
			]
		},
		{
			"Target": "Parameter",
			"Id": "Param_Angle_Rotation13",
			"Segments": [
				0,
				-1.1,
				1,
				0.011,
				-1.1,
				0.022,
				0.067,
				0.033,
				0.902,
				1,
				0.1,
				5.91,
				0.167,
				8,
				0.233,
				8,
				1,
				0.333,
				8,
				0.433,
				-6,
				0.533,
				-6,
				1,
				0.644,
				-6,
				0.756,
				5,
				0.867,
				5,
				1,
				0.967,
				5,
				1.067,
				-4.015,
				1.167,
				-4.015,
				1,
				1.267,
				-4.015,
				1.367,
				-3.813,
				1.467,
				-2.837,
				1,
				1.578,
				-1.754,
				1.689,
				-0.75,
				1.8,
				-0.75,
				1,
				1.833,
				-0.75,
				1.867,
				-1.392,
				1.9,
				-1.392,
				1,
				1.967,
				-1.392,
				2.033,
				-1.1,
				2.1,
				-1.1
			]
		},
		{
			"Target": "Parameter",
			"Id": "Param_Angle_Rotation15",
			"Segments": [
				0,
				-0.1,
				1,
				0.622,
				-0.1,
				1.244,
				-0.1,
				1.867,
				-0.1,
				0,
				2.1,
				-0.1
			]
		},
		{
			"Target": "Parameter",
			"Id": "Param_Angle_Rotation16",
			"Segments": [
				0,
				-0.3,
				1,
				0.011,
				-0.3,
				0.022,
				0.196,
				0.033,
				0.477,
				1,
				0.078,
				1.599,
				0.122,
				2,
				0.167,
				2,
				1,
				0.267,
				2,
				0.367,
				-2,
				0.467,
				-2,
				1,
				0.578,
				-2,
				0.689,
				1,
				0.8,
				1,
				1,
				0.9,
				1,
				1,
				0.031,
				1.1,
				-0.742,
				1,
				1.2,
				-1.515,
				1.3,
				-1.614,
				1.4,
				-1.614,
				1,
				1.522,
				-1.614,
				1.644,
				-1.026,
				1.767,
				-0.3,
				1,
				1.811,
				-0.036,
				1.856,
				-0.031,
				1.9,
				-0.031,
				1,
				1.967,
				-0.031,
				2.033,
				-0.3,
				2.1,
				-0.3
			]
		},
		{
			"Target": "Parameter",
			"Id": "Param_Angle_Rotation17",
			"Segments": [
				0,
				-0.6,
				1,
				0.011,
				-0.6,
				0.022,
				-0.101,
				0.033,
				0.165,
				1,
				0.089,
				1.496,
				0.144,
				2,
				0.2,
				2,
				1,
				0.3,
				2,
				0.4,
				-4,
				0.5,
				-4,
				1,
				0.611,
				-4,
				0.722,
				2,
				0.833,
				2,
				1,
				0.922,
				2,
				1.011,
				-2,
				1.1,
				-2,
				1,
				1.222,
				-2,
				1.344,
				0.138,
				1.467,
				0.138,
				1,
				1.578,
				0.138,
				1.689,
				-0.161,
				1.8,
				-0.6,
				1,
				1.833,
				-0.732,
				1.867,
				-0.746,
				1.9,
				-0.746,
				1,
				1.967,
				-0.746,
				2.033,
				-0.6,
				2.1,
				-0.6
			]
		},
		{
			"Target": "Parameter",
			"Id": "Param_Angle_Rotation18",
			"Segments": [
				0,
				-0.657,
				1,
				0.011,
				-0.657,
				0.022,
				0.037,
				0.033,
				0.354,
				1,
				0.1,
				2.258,
				0.167,
				3,
				0.233,
				3,
				1,
				0.333,
				3,
				0.433,
				-4,
				0.533,
				-4,
				1,
				0.644,
				-4,
				0.756,
				5,
				0.867,
				5,
				1,
				0.989,
				5,
				1.111,
				-3.029,
				1.233,
				-3.029,
				1,
				1.322,
				-3.029,
				1.411,
				-2.192,
				1.5,
				-1.101,
				1,
				1.556,
				-0.42,
				1.611,
				-0.275,
				1.667,
				-0.275,
				1,
				1.756,
				-0.275,
				1.844,
				-0.912,
				1.933,
				-0.912,
				1,
				1.989,
				-0.912,
				2.044,
				-0.657,
				2.1,
				-0.657
			]
		},
		{
			"Target": "Parameter",
			"Id": "Param_Angle_Rotation20",
			"Segments": [
				0,
				-0.5,
				1,
				0.611,
				-0.5,
				1.222,
				-0.5,
				1.833,
				-0.5,
				1,
				1.922,
				-0.5,
				2.011,
				-0.5,
				2.1,
				-0.5
			]
		},
		{
			"Target": "Parameter",
			"Id": "Param_Angle_Rotation21",
			"Segments": [
				0,
				-0.9,
				1,
				0.011,
				-0.9,
				0.022,
				-1.63,
				0.033,
				-2,
				1,
				0.078,
				-3.481,
				0.122,
				-4,
				0.167,
				-4,
				1,
				0.267,
				-4,
				0.367,
				5,
				0.467,
				5,
				1,
				0.578,
				5,
				0.689,
				-4,
				0.8,
				-4,
				1,
				0.889,
				-4,
				0.978,
				3,
				1.067,
				3,
				1,
				1.167,
				3,
				1.267,
				-4,
				1.367,
				-4,
				1,
				1.489,
				-4,
				1.611,
				-0.62,
				1.733,
				-0.62,
				1,
				1.778,
				-0.62,
				1.822,
				-1.084,
				1.867,
				-1.084,
				1,
				1.944,
				-1.084,
				2.022,
				-0.9,
				2.1,
				-0.9
			]
		},
		{
			"Target": "Parameter",
			"Id": "Param_Angle_Rotation22",
			"Segments": [
				0,
				-1.5,
				1,
				0.011,
				-1.5,
				0.022,
				-3.148,
				0.033,
				-3.894,
				1,
				0.089,
				-7.623,
				0.144,
				-9,
				0.2,
				-9,
				1,
				0.3,
				-9,
				0.4,
				7,
				0.5,
				7,
				1,
				0.611,
				7,
				0.722,
				-5,
				0.833,
				-5,
				1,
				0.922,
				-5,
				1.011,
				4,
				1.1,
				4,
				1,
				1.2,
				4,
				1.3,
				-5,
				1.4,
				-5,
				1,
				1.522,
				-5,
				1.644,
				-1.071,
				1.767,
				-1.071,
				1,
				1.811,
				-1.071,
				1.856,
				-1.836,
				1.9,
				-1.836,
				1,
				1.967,
				-1.836,
				2.033,
				-1.5,
				2.1,
				-1.5
			]
		},
		{
			"Target": "Parameter",
			"Id": "Param_Angle_Rotation25",
			"Segments": [
				0,
				0.1,
				1,
				0.011,
				0.1,
				0.022,
				0.636,
				0.033,
				1,
				1,
				0.078,
				2.454,
				0.122,
				3,
				0.167,
				3,
				1,
				0.267,
				3,
				0.367,
				-5,
				0.467,
				-5,
				1,
				0.578,
				-5,
				0.689,
				5,
				0.8,
				5,
				1,
				0.911,
				5,
				1.022,
				-2.027,
				1.133,
				-2.027,
				1,
				1.267,
				-2.027,
				1.4,
				0.899,
				1.533,
				0.899,
				1,
				1.633,
				0.899,
				1.733,
				0.543,
				1.833,
				0.1,
				1,
				1.878,
				-0.097,
				1.922,
				-0.115,
				1.967,
				-0.115,
				1,
				2.011,
				-0.115,
				2.056,
				0.1,
				2.1,
				0.1
			]
		},
		{
			"Target": "Parameter",
			"Id": "Param_Angle_Rotation26",
			"Segments": [
				0,
				0.5,
				1,
				0.011,
				0.5,
				0.022,
				2.213,
				0.033,
				3.192,
				1,
				0.089,
				8.089,
				0.144,
				9.97,
				0.2,
				9.97,
				1,
				0.3,
				9.97,
				0.4,
				-8,
				0.5,
				-8,
				1,
				0.611,
				-8,
				0.722,
				6,
				0.833,
				6,
				1,
				0.933,
				6,
				1.033,
				-3,
				1.133,
				-3,
				1,
				1.289,
				-3,
				1.444,
				1.1,
				1.6,
				1.1,
				1,
				1.7,
				1.1,
				1.8,
				0.927,
				1.9,
				0.5,
				1,
				1.933,
				0.358,
				1.967,
				0.23,
				2,
				0.23,
				1,
				2.033,
				0.23,
				2.067,
				0.5,
				2.1,
				0.5
			]
		},
		{
			"Target": "Parameter",
			"Id": "Param_Angle_Rotation27",
			"Segments": [
				0,
				1.3,
				1,
				0.011,
				1.3,
				0.022,
				2.217,
				0.033,
				3.24,
				1,
				0.089,
				8.356,
				0.144,
				10.616,
				0.2,
				10.616,
				1,
				0.311,
				10.616,
				0.422,
				-8,
				0.533,
				-8,
				1,
				0.644,
				-8,
				0.756,
				6,
				0.867,
				6,
				1,
				0.967,
				6,
				1.067,
				-3,
				1.167,
				-3,
				1,
				1.322,
				-3,
				1.478,
				2.136,
				1.633,
				2.136,
				1,
				1.711,
				2.136,
				1.789,
				1.68,
				1.867,
				1.3,
				1,
				1.911,
				1.083,
				1.956,
				1.09,
				2,
				1.09,
				1,
				2.033,
				1.09,
				2.067,
				1.3,
				2.1,
				1.3
			]
		},
		{
			"Target": "Parameter",
			"Id": "Param_Angle_Rotation28",
			"Segments": [
				0,
				3,
				1,
				0.011,
				3,
				0.022,
				4.268,
				0.033,
				5.41,
				1,
				0.089,
				11.12,
				0.144,
				13.526,
				0.2,
				13.526,
				1,
				0.322,
				13.526,
				0.444,
				-10,
				0.567,
				-10,
				1,
				0.678,
				-10,
				0.789,
				6,
				0.9,
				6,
				1,
				1,
				6,
				1.1,
				-3,
				1.2,
				-3,
				1,
				1.344,
				-3,
				1.489,
				4.183,
				1.633,
				4.183,
				1,
				1.744,
				4.183,
				1.856,
				3.79,
				1.967,
				3,
				1,
				1.978,
				2.921,
				1.989,
				2.88,
				2,
				2.88,
				1,
				2.033,
				2.88,
				2.067,
				3,
				2.1,
				3
			]
		},
		{
			"Target": "Parameter",
			"Id": "Param_Angle_Rotation32",
			"Segments": [
				0,
				1.3,
				1,
				0.011,
				1.3,
				0.022,
				1.943,
				0.033,
				2.328,
				1,
				0.089,
				4.252,
				0.144,
				5,
				0.2,
				5,
				1,
				0.3,
				5,
				0.4,
				-1,
				0.5,
				-1,
				1,
				0.611,
				-1,
				0.722,
				8,
				0.833,
				8,
				1,
				0.989,
				8,
				1.144,
				-0.31,
				1.3,
				-0.31,
				1,
				1.4,
				-0.31,
				1.5,
				2.595,
				1.6,
				2.595,
				1,
				1.711,
				2.595,
				1.822,
				2.023,
				1.933,
				1.3,
				1,
				1.956,
				1.155,
				1.978,
				1.18,
				2,
				1.18,
				1,
				2.033,
				1.18,
				2.067,
				1.3,
				2.1,
				1.3
			]
		},
		{
			"Target": "Parameter",
			"Id": "Param_Angle_Rotation33",
			"Segments": [
				0,
				3.5,
				1,
				0.011,
				3.5,
				0.022,
				4.297,
				0.033,
				4.794,
				1,
				0.1,
				7.779,
				0.167,
				9,
				0.233,
				9,
				1,
				0.333,
				9,
				0.433,
				3,
				0.533,
				3,
				1,
				0.644,
				3,
				0.756,
				10,
				0.867,
				10,
				1,
				1.011,
				10,
				1.156,
				3.105,
				1.3,
				3.105,
				1,
				1.411,
				3.105,
				1.522,
				3.926,
				1.633,
				3.926,
				1,
				1.744,
				3.926,
				1.856,
				3.787,
				1.967,
				3.5,
				1,
				1.989,
				3.443,
				2.011,
				3.41,
				2.033,
				3.41,
				1,
				2.056,
				3.41,
				2.078,
				3.5,
				2.1,
				3.5
			]
		},
		{
			"Target": "Parameter",
			"Id": "Param_Angle_Rotation34",
			"Segments": [
				0,
				6.2,
				1,
				0.011,
				6.2,
				0.022,
				6.98,
				0.033,
				7.615,
				1,
				0.111,
				12.058,
				0.189,
				14,
				0.267,
				14,
				1,
				0.367,
				14,
				0.467,
				6,
				0.567,
				6,
				1,
				0.678,
				6,
				0.789,
				12,
				0.9,
				12,
				1,
				1.022,
				12,
				1.144,
				6.857,
				1.267,
				6.857,
				1,
				1.389,
				6.857,
				1.511,
				7.619,
				1.633,
				7.619,
				1,
				1.744,
				7.619,
				1.856,
				7.007,
				1.967,
				6.2,
				1,
				1.989,
				6.039,
				2.011,
				6.06,
				2.033,
				6.06,
				1,
				2.056,
				6.06,
				2.078,
				6.2,
				2.1,
				6.2
			]
		},
		{
			"Target": "Parameter",
			"Id": "Param_Angle_Rotation36",
			"Segments": [
				0,
				0.9,
				1,
				0.011,
				0.9,
				0.022,
				1.178,
				0.033,
				1.344,
				1,
				0.067,
				1.842,
				0.1,
				2,
				0.133,
				2,
				1,
				0.244,
				2,
				0.356,
				-2,
				0.467,
				-2,
				1,
				0.578,
				-2,
				0.689,
				5,
				0.8,
				5,
				1,
				0.922,
				5,
				1.044,
				-7,
				1.167,
				-7,
				1,
				1.333,
				-7,
				1.5,
				2,
				1.667,
				2,
				1,
				1.756,
				2,
				1.844,
				0.642,
				1.933,
				0.642,
				1,
				1.989,
				0.642,
				2.044,
				0.9,
				2.1,
				0.9
			]
		},
		{
			"Target": "Parameter",
			"Id": "Param_Angle_Rotation37",
			"Segments": [
				0,
				1.5,
				1,
				0.011,
				1.5,
				0.022,
				1.811,
				0.033,
				2.138,
				1,
				0.078,
				3.445,
				0.122,
				3.996,
				0.167,
				3.996,
				1,
				0.278,
				3.996,
				0.389,
				-3,
				0.5,
				-3,
				1,
				0.611,
				-3,
				0.722,
				6,
				0.833,
				6,
				1,
				0.956,
				6,
				1.078,
				-5,
				1.2,
				-5,
				1,
				1.344,
				-5,
				1.489,
				3,
				1.633,
				3,
				1,
				1.744,
				3,
				1.856,
				1.5,
				1.967,
				1.5,
				1,
				2.011,
				1.5,
				2.056,
				1.5,
				2.1,
				1.5
			]
		},
		{
			"Target": "Parameter",
			"Id": "Param_Angle_Rotation38",
			"Segments": [
				0,
				2.7,
				1,
				0.011,
				2.7,
				0.022,
				4.583,
				0.033,
				5.689,
				1,
				0.1,
				12.325,
				0.167,
				15,
				0.233,
				15,
				1,
				0.333,
				15,
				0.433,
				-5,
				0.533,
				-5,
				1,
				0.644,
				-5,
				0.756,
				7,
				0.867,
				7,
				1,
				0.989,
				7,
				1.111,
				-3,
				1.233,
				-3,
				1,
				1.378,
				-3,
				1.522,
				4,
				1.667,
				4,
				1,
				1.778,
				4,
				1.889,
				2.294,
				2,
				2.294,
				1,
				2.033,
				2.294,
				2.067,
				2.7,
				2.1,
				2.7
			]
		},
		{
			"Target": "Parameter",
			"Id": "Param_Angle_Rotation39",
			"Segments": [
				0,
				5.1,
				1,
				0.011,
				5.1,
				0.022,
				6.227,
				0.033,
				7.145,
				1,
				0.1,
				12.651,
				0.167,
				15,
				0.233,
				15,
				1,
				0.344,
				15,
				0.456,
				-8,
				0.567,
				-8,
				1,
				0.678,
				-8,
				0.789,
				9,
				0.9,
				9,
				1,
				1.022,
				9,
				1.144,
				-1,
				1.267,
				-1,
				1,
				1.411,
				-1,
				1.556,
				6,
				1.7,
				6,
				1,
				1.8,
				6,
				1.9,
				4.574,
				2,
				4.574,
				1,
				2.033,
				4.574,
				2.067,
				5.1,
				2.1,
				5.1
			]
		},
		{
			"Target": "Parameter",
			"Id": "Param_Angle_Rotation40",
			"Segments": [
				0,
				7.7,
				1,
				0.011,
				7.7,
				0.022,
				8.441,
				0.033,
				9.241,
				1,
				0.089,
				13.243,
				0.144,
				15,
				0.2,
				15,
				1,
				0.333,
				15,
				0.467,
				-10,
				0.6,
				-10,
				1,
				0.711,
				-10,
				0.822,
				12,
				0.933,
				12,
				1,
				1.056,
				12,
				1.178,
				3,
				1.3,
				3,
				1,
				1.444,
				3,
				1.589,
				9,
				1.733,
				9,
				1,
				1.833,
				9,
				1.933,
				7.55,
				2.033,
				7.55,
				1,
				2.056,
				7.55,
				2.078,
				7.7,
				2.1,
				7.7
			]
		},
		{
			"Target": "Parameter",
			"Id": "Param_Angle_Rotation44",
			"Segments": [
				0,
				3,
				1,
				0.011,
				3,
				0.022,
				4.299,
				0.033,
				5.03,
				1,
				0.078,
				7.953,
				0.122,
				9,
				0.167,
				9,
				1,
				0.267,
				9,
				0.367,
				-15,
				0.467,
				-15,
				1,
				0.578,
				-15,
				0.689,
				5,
				0.8,
				5,
				1,
				0.922,
				5,
				1.044,
				-5,
				1.167,
				-5,
				1,
				1.322,
				-5,
				1.478,
				5,
				1.633,
				5,
				1,
				1.744,
				5,
				1.856,
				2.524,
				1.967,
				2.524,
				1,
				2.011,
				2.524,
				2.056,
				3,
				2.1,
				3
			]
		},
		{
			"Target": "Parameter",
			"Id": "Param_Angle_Rotation45",
			"Segments": [
				0,
				4.8,
				1,
				0.011,
				4.8,
				0.022,
				5.835,
				0.033,
				6.841,
				1,
				0.078,
				10.866,
				0.122,
				12.526,
				0.167,
				12.526,
				1,
				0.278,
				12.526,
				0.389,
				-11,
				0.5,
				-11,
				1,
				0.611,
				-11,
				0.722,
				7,
				0.833,
				7,
				1,
				0.956,
				7,
				1.078,
				-3,
				1.2,
				-3,
				1,
				1.356,
				-3,
				1.511,
				6,
				1.667,
				6,
				1,
				1.778,
				6,
				1.889,
				4.354,
				2,
				4.354,
				1,
				2.033,
				4.354,
				2.067,
				4.8,
				2.1,
				4.8
			]
		},
		{
			"Target": "Parameter",
			"Id": "Param_Angle_Rotation46",
			"Segments": [
				0,
				5.9,
				1,
				0.011,
				5.9,
				0.022,
				6.869,
				0.033,
				7.642,
				1,
				0.089,
				11.507,
				0.144,
				13.098,
				0.2,
				13.098,
				1,
				0.311,
				13.098,
				0.422,
				-9,
				0.533,
				-9,
				1,
				0.667,
				-9,
				0.8,
				8.957,
				0.933,
				8.957,
				1,
				1.033,
				8.957,
				1.133,
				-1,
				1.233,
				-1,
				1,
				1.389,
				-1,
				1.544,
				6.845,
				1.7,
				6.845,
				1,
				1.789,
				6.845,
				1.878,
				5.493,
				1.967,
				5.493,
				1,
				2.011,
				5.493,
				2.056,
				5.9,
				2.1,
				5.9
			]
		},
		{
			"Target": "Parameter",
			"Id": "Param_Angle_Rotation48",
			"Segments": [
				0,
				0.6,
				1,
				0.011,
				0.6,
				0.022,
				1.264,
				0.033,
				1.538,
				1,
				0.078,
				2.635,
				0.122,
				3,
				0.167,
				3,
				1,
				0.267,
				3,
				0.367,
				-3,
				0.467,
				-3,
				1,
				0.589,
				-3,
				0.711,
				2.008,
				0.833,
				2.008,
				1,
				0.944,
				2.008,
				1.056,
				0,
				1.167,
				0,
				1,
				1.311,
				0,
				1.456,
				0.987,
				1.6,
				0.987,
				1,
				1.7,
				0.987,
				1.8,
				0.852,
				1.9,
				0.6,
				1,
				1.933,
				0.516,
				1.967,
				0.482,
				2,
				0.482,
				1,
				2.033,
				0.482,
				2.067,
				0.6,
				2.1,
				0.6
			]
		},
		{
			"Target": "Parameter",
			"Id": "Param_Angle_Rotation49",
			"Segments": [
				0,
				1,
				1,
				0.011,
				1,
				0.022,
				1.348,
				0.033,
				1.6,
				1,
				0.078,
				2.607,
				0.122,
				2.989,
				0.167,
				2.989,
				1,
				0.278,
				2.989,
				0.389,
				-3,
				0.5,
				-3,
				1,
				0.644,
				-3,
				0.789,
				2,
				0.933,
				2,
				1,
				1.022,
				2,
				1.111,
				0,
				1.2,
				0,
				1,
				1.333,
				0,
				1.467,
				1.431,
				1.6,
				1.431,
				1,
				1.711,
				1.431,
				1.822,
				1.227,
				1.933,
				1,
				1,
				1.967,
				0.932,
				2,
				0.94,
				2.033,
				0.94,
				1,
				2.056,
				0.94,
				2.078,
				1,
				2.1,
				1
			]
		},
		{
			"Target": "Parameter",
			"Id": "Param_Angle_Rotation50",
			"Segments": [
				0,
				2.7,
				1,
				0.011,
				2.7,
				0.022,
				3.22,
				0.033,
				3.505,
				1,
				0.078,
				4.643,
				0.122,
				5.046,
				0.167,
				5.046,
				1,
				0.289,
				5.046,
				0.411,
				-4,
				0.533,
				-4,
				1,
				0.644,
				-4,
				0.756,
				6,
				0.867,
				6,
				1,
				0.989,
				6,
				1.111,
				-7,
				1.233,
				-7,
				1,
				1.389,
				-7,
				1.544,
				4.027,
				1.7,
				4.027,
				1,
				1.778,
				4.027,
				1.856,
				3.645,
				1.933,
				2.958,
				1,
				1.967,
				2.663,
				2,
				2.55,
				2.033,
				2.55,
				1,
				2.056,
				2.55,
				2.078,
				2.7,
				2.1,
				2.7
			]
		},
		{
			"Target": "Parameter",
			"Id": "Param_Angle_Rotation51",
			"Segments": [
				0,
				5.1,
				1,
				0.011,
				5.1,
				0.022,
				6.119,
				0.033,
				6.983,
				1,
				0.089,
				11.3,
				0.144,
				13.098,
				0.2,
				13.098,
				1,
				0.322,
				13.098,
				0.444,
				-9,
				0.567,
				-9,
				1,
				0.678,
				-9,
				0.789,
				10,
				0.9,
				10,
				1,
				1.022,
				10,
				1.144,
				-6,
				1.267,
				-6,
				1,
				1.4,
				-6,
				1.533,
				6,
				1.667,
				6,
				1,
				1.756,
				6,
				1.844,
				5.696,
				1.933,
				5.1,
				1,
				1.967,
				4.876,
				2,
				4.77,
				2.033,
				4.77,
				1,
				2.056,
				4.77,
				2.078,
				5.1,
				2.1,
				5.1
			]
		},
		{
			"Target": "Parameter",
			"Id": "Param_Angle_Rotation52",
			"Segments": [
				0,
				7.7,
				1,
				0.011,
				7.7,
				0.022,
				8.3,
				0.033,
				9.057,
				1,
				0.089,
				12.841,
				0.144,
				14.559,
				0.2,
				14.559,
				1,
				0.333,
				14.559,
				0.467,
				-10,
				0.6,
				-10,
				1,
				0.711,
				-10,
				0.822,
				13,
				0.933,
				13,
				1,
				1.056,
				13,
				1.178,
				-4,
				1.3,
				-4,
				1,
				1.456,
				-4,
				1.611,
				8.499,
				1.767,
				8.499,
				1,
				1.844,
				8.499,
				1.922,
				8.143,
				2,
				7.7,
				1,
				2.022,
				7.573,
				2.044,
				7.58,
				2.067,
				7.58,
				1,
				2.078,
				7.58,
				2.089,
				7.7,
				2.1,
				7.7
			]
		},
		{
			"Target": "Parameter",
			"Id": "Param_Angle_Rotation54",
			"Segments": [
				0,
				1.1,
				1,
				0.011,
				1.1,
				0.022,
				1.813,
				0.033,
				2.446,
				1,
				0.078,
				4.979,
				0.122,
				6,
				0.167,
				6,
				1,
				0.267,
				6,
				0.367,
				-12,
				0.467,
				-12,
				1,
				0.578,
				-12,
				0.689,
				3,
				0.8,
				3,
				1,
				0.922,
				3,
				1.044,
				-5,
				1.167,
				-5,
				1,
				1.322,
				-5,
				1.478,
				1.755,
				1.633,
				1.755,
				1,
				1.711,
				1.755,
				1.789,
				1.538,
				1.867,
				1.1,
				1,
				1.911,
				0.85,
				1.956,
				0.723,
				2,
				0.723,
				1,
				2.033,
				0.723,
				2.067,
				1.1,
				2.1,
				1.1
			]
		},
		{
			"Target": "Parameter",
			"Id": "Param_Angle_Rotation55",
			"Segments": [
				0,
				3,
				1,
				0.011,
				3,
				0.022,
				4.082,
				0.033,
				4.868,
				1,
				0.078,
				8.011,
				0.122,
				9.211,
				0.167,
				9.211,
				1,
				0.278,
				9.211,
				0.389,
				-10,
				0.5,
				-10,
				1,
				0.611,
				-10,
				0.722,
				6,
				0.833,
				6,
				1,
				0.956,
				6,
				1.078,
				-3,
				1.2,
				-3,
				1,
				1.344,
				-3,
				1.489,
				3.783,
				1.633,
				3.783,
				1,
				1.711,
				3.783,
				1.789,
				3.341,
				1.867,
				3,
				1,
				1.911,
				2.805,
				1.956,
				2.818,
				2,
				2.818,
				1,
				2.033,
				2.818,
				2.067,
				3,
				2.1,
				3
			]
		},
		{
			"Target": "Parameter",
			"Id": "Param_Angle_Rotation56",
			"Segments": [
				0,
				6.3,
				1,
				0.011,
				6.3,
				0.022,
				7.267,
				0.033,
				8,
				1,
				0.078,
				10.933,
				0.122,
				12.067,
				0.167,
				12.067,
				1,
				0.289,
				12.067,
				0.411,
				-7,
				0.533,
				-7,
				1,
				0.644,
				-7,
				0.756,
				8,
				0.867,
				8,
				1,
				0.989,
				8,
				1.111,
				-1,
				1.233,
				-1,
				1,
				1.378,
				-1,
				1.522,
				6.927,
				1.667,
				6.927,
				1,
				1.756,
				6.927,
				1.844,
				6.72,
				1.933,
				6.3,
				1,
				1.967,
				6.142,
				2,
				6.06,
				2.033,
				6.06,
				1,
				2.056,
				6.06,
				2.078,
				6.3,
				2.1,
				6.3
			]
		},
		{
			"Target": "Parameter",
			"Id": "Param_Angle_Rotation59",
			"Segments": [
				0,
				0.9,
				1,
				0.644,
				0.9,
				1.289,
				0.9,
				1.933,
				0.9,
				1,
				1.989,
				0.9,
				2.044,
				0.9,
				2.1,
				0.9
			]
		},
		{
			"Target": "Parameter",
			"Id": "Param_Angle_Rotation60",
			"Segments": [
				0,
				1.6,
				1,
				0.011,
				1.6,
				0.022,
				2.611,
				0.033,
				3.431,
				1,
				0.078,
				6.711,
				0.122,
				8,
				0.167,
				8,
				1,
				0.267,
				8,
				0.367,
				-7,
				0.467,
				-7,
				1,
				0.589,
				-7,
				0.711,
				5,
				0.833,
				5,
				1,
				0.944,
				5,
				1.056,
				-5,
				1.167,
				-5,
				1,
				1.311,
				-5,
				1.456,
				2.725,
				1.6,
				2.725,
				1,
				1.678,
				2.725,
				1.756,
				2.138,
				1.833,
				1.6,
				1,
				1.878,
				1.293,
				1.922,
				1.291,
				1.967,
				1.291,
				1,
				2.011,
				1.291,
				2.056,
				1.6,
				2.1,
				1.6
			]
		},
		{
			"Target": "Parameter",
			"Id": "Param_Angle_Rotation61",
			"Segments": [
				0,
				4.3,
				1,
				0.011,
				4.3,
				0.022,
				6.514,
				0.033,
				7.594,
				1,
				0.089,
				12.992,
				0.144,
				15,
				0.2,
				15,
				1,
				0.3,
				15,
				0.4,
				-8,
				0.5,
				-8,
				1,
				0.622,
				-8,
				0.744,
				7,
				0.867,
				7,
				1,
				0.978,
				7,
				1.089,
				-4,
				1.2,
				-4,
				1,
				1.344,
				-4,
				1.489,
				5.497,
				1.633,
				5.497,
				1,
				1.711,
				5.497,
				1.789,
				5.029,
				1.867,
				4.3,
				1,
				1.9,
				3.988,
				1.933,
				3.91,
				1.967,
				3.91,
				1,
				2.011,
				3.91,
				2.056,
				4.3,
				2.1,
				4.3
			]
		},
		{
			"Target": "Parameter",
			"Id": "Param_Angle_Rotation63",
			"Segments": [
				0,
				0.417,
				1,
				0.011,
				0.417,
				0.022,
				1.303,
				0.033,
				2.01,
				1,
				0.089,
				5.545,
				0.144,
				7,
				0.2,
				7,
				1,
				0.289,
				7,
				0.378,
				0,
				0.467,
				0,
				1,
				0.622,
				0,
				0.778,
				7.773,
				0.933,
				7.773,
				1,
				1.011,
				7.773,
				1.089,
				4.763,
				1.167,
				3.197,
				1,
				1.3,
				0.512,
				1.433,
				0,
				1.567,
				0,
				1,
				1.656,
				0,
				1.744,
				0.153,
				1.833,
				0.417,
				1,
				1.878,
				0.549,
				1.922,
				0.597,
				1.967,
				0.597,
				1,
				2.011,
				0.597,
				2.056,
				0.417,
				2.1,
				0.417
			]
		},
		{
			"Target": "Parameter",
			"Id": "Param_Angle_Rotation64",
			"Segments": [
				0,
				2,
				1,
				0.067,
				2,
				0.133,
				10,
				0.2,
				10,
				1,
				0.3,
				10,
				0.4,
				3,
				0.5,
				3,
				1,
				0.622,
				3,
				0.744,
				11,
				0.867,
				11,
				1,
				0.978,
				11,
				1.089,
				6.082,
				1.2,
				5,
				1,
				1.333,
				3.702,
				1.467,
				3.177,
				1.6,
				2.512,
				1,
				1.689,
				2.069,
				1.778,
				2,
				1.867,
				2,
				1,
				1.911,
				2,
				1.956,
				2.147,
				2,
				2.147,
				1,
				2.033,
				2.147,
				2.067,
				2,
				2.1,
				2
			]
		},
		{
			"Target": "Parameter",
			"Id": "Param_Angle_Rotation65",
			"Segments": [
				0,
				5,
				0,
				0.033,
				5,
				1,
				0.611,
				5,
				1.189,
				1,
				1.767,
				1,
				0,
				2.1,
				1
			]
		},
		{
			"Target": "Parameter",
			"Id": "Param_Angle_Rotation66",
			"Segments": [
				0,
				3.9,
				0,
				0.067,
				3.9,
				1,
				0.122,
				3.9,
				0.178,
				-3,
				0.233,
				-3,
				1,
				0.367,
				-3,
				0.5,
				9,
				0.633,
				9,
				1,
				0.767,
				9,
				0.9,
				0,
				1.033,
				0,
				1,
				1.133,
				0,
				1.233,
				6,
				1.333,
				6,
				1,
				1.489,
				6,
				1.644,
				2,
				1.8,
				2,
				0,
				2.1,
				2
			]
		},
		{
			"Target": "Parameter",
			"Id": "Param_Angle_Rotation67",
			"Segments": [
				0,
				6.5,
				0,
				0.1,
				6.5,
				1,
				0.156,
				6.5,
				0.211,
				-3,
				0.267,
				-3,
				1,
				0.344,
				-3,
				0.422,
				3.547,
				0.5,
				7,
				1,
				0.567,
				9.96,
				0.633,
				10,
				0.7,
				10,
				1,
				0.822,
				10,
				0.944,
				-4,
				1.067,
				-4,
				1,
				1.167,
				-4,
				1.267,
				9,
				1.367,
				9,
				1,
				1.522,
				9,
				1.678,
				3,
				1.833,
				3,
				0,
				2.1,
				3
			]
		},
		{
			"Target": "Parameter",
			"Id": "Param_Angle_Rotation68",
			"Segments": [
				0,
				8.5,
				0,
				0.133,
				8.5,
				1,
				0.189,
				8.5,
				0.244,
				-3,
				0.3,
				-3,
				1,
				0.378,
				-3,
				0.456,
				3.612,
				0.533,
				8,
				1,
				0.6,
				11.761,
				0.667,
				12,
				0.733,
				12,
				1,
				0.856,
				12,
				0.978,
				-1,
				1.1,
				-1,
				1,
				1.2,
				-1,
				1.3,
				11,
				1.4,
				11,
				1,
				1.556,
				11,
				1.711,
				5,
				1.867,
				5,
				0,
				2.1,
				5
			]
		},
		{
			"Target": "Parameter",
			"Id": "Param_Angle_Rotation69",
			"Segments": [
				0,
				7,
				0,
				0.033,
				7,
				1,
				0.611,
				7,
				1.189,
				1,
				1.767,
				1,
				0,
				2.1,
				1
			]
		},
		{
			"Target": "Parameter",
			"Id": "Param_Angle_Rotation70",
			"Segments": [
				0,
				4.9,
				0,
				0.067,
				4.9,
				1,
				0.122,
				4.9,
				0.178,
				-4,
				0.233,
				-4,
				1,
				0.311,
				-4,
				0.389,
				5.61,
				0.467,
				7,
				1,
				0.533,
				8.192,
				0.6,
				8,
				0.667,
				8,
				1,
				0.789,
				8,
				0.911,
				1,
				1.033,
				1,
				1,
				1.133,
				1,
				1.233,
				7,
				1.333,
				7,
				1,
				1.489,
				7,
				1.644,
				2,
				1.8,
				2,
				0,
				2.1,
				2
			]
		},
		{
			"Target": "Parameter",
			"Id": "Param_Angle_Rotation71",
			"Segments": [
				0,
				7.4,
				0,
				0.1,
				7.4,
				1,
				0.156,
				7.4,
				0.211,
				-3,
				0.267,
				-3,
				1,
				0.344,
				-3,
				0.422,
				7,
				0.5,
				7,
				1,
				0.567,
				7,
				0.633,
				7,
				0.7,
				7,
				1,
				0.822,
				7,
				0.944,
				-3,
				1.067,
				-3,
				1,
				1.167,
				-3,
				1.267,
				8,
				1.367,
				8,
				1,
				1.522,
				8,
				1.678,
				3,
				1.833,
				3,
				0,
				2.1,
				3
			]
		},
		{
			"Target": "Parameter",
			"Id": "Param_Angle_Rotation72",
			"Segments": [
				0,
				9.3,
				0,
				0.133,
				9.3,
				1,
				0.189,
				9.3,
				0.244,
				-2,
				0.3,
				-2,
				1,
				0.378,
				-2,
				0.456,
				9,
				0.533,
				9,
				1,
				0.6,
				9,
				0.667,
				9.272,
				0.733,
				8,
				1,
				0.856,
				5.668,
				0.978,
				0,
				1.1,
				0,
				1,
				1.2,
				0,
				1.3,
				9,
				1.4,
				9,
				1,
				1.556,
				9,
				1.711,
				4,
				1.867,
				4,
				0,
				2.1,
				4
			]
		},
		{
			"Target": "Parameter",
			"Id": "Param_Angle_Rotation73",
			"Segments": [
				0,
				5.05,
				0,
				0.067,
				5.05,
				1,
				0.633,
				5.05,
				1.2,
				2,
				1.767,
				2,
				0,
				2.1,
				2
			]
		},
		{
			"Target": "Parameter",
			"Id": "Param_Angle_Rotation74",
			"Segments": [
				0,
				3,
				0,
				0.1,
				3,
				1,
				0.156,
				3,
				0.211,
				0,
				0.267,
				0,
				1,
				0.344,
				0,
				0.422,
				10.419,
				0.5,
				13,
				1,
				0.567,
				15.212,
				0.633,
				15,
				0.7,
				15,
				1,
				0.822,
				15,
				0.944,
				0,
				1.067,
				0,
				1,
				1.167,
				0,
				1.267,
				6,
				1.367,
				6,
				1,
				1.511,
				6,
				1.656,
				2,
				1.8,
				2,
				0,
				2.1,
				2
			]
		},
		{
			"Target": "Parameter",
			"Id": "Param_Angle_Rotation75",
			"Segments": [
				0,
				6.5,
				0,
				0.133,
				6.5,
				1,
				0.189,
				6.5,
				0.244,
				4,
				0.3,
				4,
				1,
				0.378,
				4,
				0.456,
				10.546,
				0.533,
				13,
				1,
				0.6,
				15.103,
				0.667,
				15,
				0.733,
				15,
				1,
				0.856,
				15,
				0.978,
				2,
				1.1,
				2,
				1,
				1.2,
				2,
				1.3,
				7,
				1.4,
				7,
				1,
				1.544,
				7,
				1.689,
				3,
				1.833,
				3,
				0,
				2.1,
				3
			]
		},
		{
			"Target": "Parameter",
			"Id": "Param_Angle_Rotation76",
			"Segments": [
				0,
				5.9,
				0,
				0.167,
				5.9,
				1,
				0.222,
				5.9,
				0.278,
				5.85,
				0.333,
				6,
				1,
				0.411,
				6.21,
				0.489,
				11.113,
				0.567,
				13,
				1,
				0.633,
				14.617,
				0.7,
				15,
				0.767,
				15,
				1,
				0.889,
				15,
				1.011,
				5,
				1.133,
				5,
				1,
				1.233,
				5,
				1.333,
				9,
				1.433,
				9,
				1,
				1.578,
				9,
				1.722,
				3,
				1.867,
				3,
				0,
				2.1,
				3
			]
		},
		{
			"Target": "Parameter",
			"Id": "Param_Angle_Rotation77",
			"Segments": [
				0,
				7.4,
				0,
				0.2,
				7.4,
				1,
				0.256,
				7.4,
				0.311,
				7.355,
				0.367,
				8,
				1,
				0.444,
				8.903,
				0.522,
				11.387,
				0.6,
				13,
				1,
				0.667,
				14.383,
				0.733,
				15,
				0.8,
				15,
				1,
				0.922,
				15,
				1.044,
				6,
				1.167,
				6,
				1,
				1.267,
				6,
				1.367,
				11,
				1.467,
				11,
				1,
				1.611,
				11,
				1.756,
				4,
				1.9,
				4,
				0,
				2.1,
				4
			]
		},
		{
			"Target": "Parameter",
			"Id": "Param_Angle_Rotation78",
			"Segments": [
				0,
				7,
				0,
				0.067,
				7,
				1,
				0.633,
				7,
				1.2,
				3,
				1.767,
				3,
				0,
				2.1,
				3
			]
		},
		{
			"Target": "Parameter",
			"Id": "Param_Angle_Rotation79",
			"Segments": [
				0,
				4.9,
				0,
				0.1,
				4.9,
				1,
				0.156,
				4.9,
				0.211,
				-1,
				0.267,
				-1,
				1,
				0.344,
				-1,
				0.422,
				3.461,
				0.5,
				9,
				1,
				0.567,
				13.747,
				0.633,
				15,
				0.7,
				15,
				1,
				0.822,
				15,
				0.944,
				0,
				1.067,
				0,
				1,
				1.167,
				0,
				1.267,
				7,
				1.367,
				7,
				1,
				1.511,
				7,
				1.656,
				2,
				1.8,
				2,
				0,
				2.1,
				2
			]
		},
		{
			"Target": "Parameter",
			"Id": "Param_Angle_Rotation80",
			"Segments": [
				0,
				4.6,
				0,
				0.133,
				4.6,
				1,
				0.189,
				4.6,
				0.244,
				-2,
				0.3,
				-2,
				1,
				0.378,
				-2,
				0.456,
				3.241,
				0.533,
				9,
				1,
				0.6,
				13.936,
				0.667,
				15,
				0.733,
				15,
				1,
				0.856,
				15,
				0.978,
				1,
				1.1,
				1,
				1,
				1.2,
				1,
				1.3,
				8,
				1.4,
				8,
				1,
				1.544,
				8,
				1.689,
				2,
				1.833,
				2,
				0,
				2.1,
				2
			]
		},
		{
			"Target": "Parameter",
			"Id": "Param_Angle_Rotation81",
			"Segments": [
				0,
				6.7,
				0,
				0.167,
				6.7,
				1,
				0.222,
				6.7,
				0.278,
				-2,
				0.333,
				-2,
				1,
				0.411,
				-2,
				0.489,
				3.241,
				0.567,
				9,
				1,
				0.633,
				13.936,
				0.7,
				15,
				0.767,
				15,
				1,
				0.889,
				15,
				1.011,
				3,
				1.133,
				3,
				1,
				1.233,
				3,
				1.333,
				9,
				1.433,
				9,
				1,
				1.578,
				9,
				1.722,
				4,
				1.867,
				4,
				0,
				2.1,
				4
			]
		},
		{
			"Target": "Parameter",
			"Id": "Param_Angle_Rotation82",
			"Segments": [
				0,
				8.9,
				0,
				0.2,
				8.9,
				1,
				0.256,
				8.9,
				0.311,
				3,
				0.367,
				3,
				1,
				0.444,
				3,
				0.522,
				5.733,
				0.6,
				10,
				1,
				0.667,
				13.657,
				0.733,
				15,
				0.8,
				15,
				1,
				0.922,
				15,
				1.044,
				7,
				1.167,
				7,
				1,
				1.267,
				7,
				1.367,
				10,
				1.467,
				10,
				1,
				1.611,
				10,
				1.756,
				6,
				1.9,
				6,
				0,
				2.1,
				6
			]
		},
		{
			"Target": "Parameter",
			"Id": "Param_Angle_Rotation94",
			"Segments": [
				0,
				0.6,
				0,
				0.167,
				0.6,
				1,
				0.211,
				0.6,
				0.256,
				-12,
				0.3,
				-12,
				1,
				0.411,
				-12,
				0.522,
				4,
				0.633,
				4,
				1,
				0.767,
				4,
				0.9,
				-9,
				1.033,
				-9,
				1,
				1.222,
				-9,
				1.411,
				0.6,
				1.6,
				0.6,
				1,
				1.767,
				0.6,
				1.933,
				0.6,
				2.1,
				0.6
			]
		},
		{
			"Target": "Parameter",
			"Id": "Param_Angle_Rotation95",
			"Segments": [
				0,
				4.5,
				0,
				0.167,
				4.5,
				1,
				0.211,
				4.5,
				0.256,
				-12,
				0.3,
				-12,
				1,
				0.411,
				-12,
				0.522,
				4,
				0.633,
				4,
				1,
				0.767,
				4,
				0.9,
				-7,
				1.033,
				-7,
				1,
				1.222,
				-7,
				1.411,
				4.5,
				1.6,
				4.5,
				1,
				1.767,
				4.5,
				1.933,
				4.5,
				2.1,
				4.5
			]
		},
		{
			"Target": "Parameter",
			"Id": "Param_Angle_Rotation97",
			"Segments": [
				0,
				-0.5,
				0,
				0.167,
				-0.5,
				1,
				0.211,
				-0.5,
				0.256,
				-9,
				0.3,
				-9,
				1,
				0.411,
				-9,
				0.522,
				9,
				0.633,
				9,
				1,
				0.767,
				9,
				0.9,
				-9,
				1.033,
				-9,
				1,
				1.222,
				-9,
				1.411,
				-0.5,
				1.6,
				-0.5,
				1,
				1.767,
				-0.5,
				1.933,
				-0.5,
				2.1,
				-0.5
			]
		},
		{
			"Target": "Parameter",
			"Id": "Param_Angle_Rotation98",
			"Segments": [
				0,
				-3.5,
				0,
				0.167,
				-3.5,
				1,
				0.211,
				-3.5,
				0.256,
				-6,
				0.3,
				-6,
				1,
				0.411,
				-6,
				0.522,
				6,
				0.633,
				6,
				1,
				0.767,
				6,
				0.9,
				-7,
				1.033,
				-7,
				1,
				1.222,
				-7,
				1.411,
				-3.5,
				1.6,
				-3.5,
				1,
				1.767,
				-3.5,
				1.933,
				-3.5,
				2.1,
				-3.5
			]
		},
		{
			"Target": "Parameter",
			"Id": "Param_Angle_Rotation100",
			"Segments": [
				0,
				-0.6,
				0,
				0.2,
				-0.6,
				1,
				0.244,
				-0.6,
				0.289,
				-8,
				0.333,
				-8,
				1,
				0.444,
				-8,
				0.556,
				10,
				0.667,
				10,
				1,
				0.8,
				10,
				0.933,
				-8,
				1.067,
				-8,
				1,
				1.256,
				-8,
				1.444,
				-0.6,
				1.633,
				-0.6,
				1,
				1.789,
				-0.6,
				1.944,
				-0.6,
				2.1,
				-0.6
			]
		},
		{
			"Target": "Parameter",
			"Id": "Param_Angle_Rotation101",
			"Segments": [
				0,
				-4,
				0,
				0.2,
				-4,
				1,
				0.244,
				-4,
				0.289,
				-6,
				0.333,
				-6,
				1,
				0.444,
				-6,
				0.556,
				7,
				0.667,
				7,
				1,
				0.8,
				7,
				0.933,
				-7,
				1.067,
				-7,
				1,
				1.256,
				-7,
				1.444,
				-4,
				1.633,
				-4,
				1,
				1.789,
				-4,
				1.944,
				-4,
				2.1,
				-4
			]
		},
		{
			"Target": "Parameter",
			"Id": "Param_Angle_Rotation103",
			"Segments": [
				0,
				-0.5,
				0,
				0.233,
				-0.5,
				1,
				0.278,
				-0.5,
				0.322,
				-9,
				0.367,
				-9,
				1,
				0.478,
				-9,
				0.589,
				9,
				0.7,
				9,
				1,
				0.833,
				9,
				0.967,
				-7,
				1.1,
				-7,
				1,
				1.289,
				-7,
				1.478,
				-0.5,
				1.667,
				-0.5,
				1,
				1.811,
				-0.5,
				1.956,
				-0.5,
				2.1,
				-0.5
			]
		},
		{
			"Target": "Parameter",
			"Id": "Param_Angle_Rotation104",
			"Segments": [
				0,
				-3.5,
				0,
				0.233,
				-3.5,
				1,
				0.278,
				-3.5,
				0.322,
				-6,
				0.367,
				-6,
				1,
				0.478,
				-6,
				0.589,
				7,
				0.7,
				7,
				1,
				0.833,
				7,
				0.967,
				-6,
				1.1,
				-6,
				1,
				1.289,
				-6,
				1.478,
				-3.5,
				1.667,
				-3.5,
				1,
				1.811,
				-3.5,
				1.956,
				-3.5,
				2.1,
				-3.5
			]
		}
	]
}