{
	"Version": 3,
	"Meta": {
		"Duration": 5.333,
		"Fps": 30.0,
		"Loop": true,
		"AreBeziersRestricted": false,
		"CurveCount": 57,
		"TotalSegmentCount": 615,
		"TotalPointCount": 1888,
		"UserDataCount": 0,
		"TotalUserDataSize": 0
	},
	"Curves": [
		{
			"Target": "Parameter",
			"Id": "ParamEyeRL",
			"Segments": [
				0,
				0,
				1,
				0.022,
				0,
				0.044,
				0,
				0.067,
				0,
				1,
				0.089,
				0,
				0.111,
				0.1,
				0.133,
				0.1,
				1,
				0.144,
				0.1,
				0.156,
				0.1,
				0.167,
				0.1,
				1,
				0.189,
				0.1,
				0.211,
				-0.1,
				0.233,
				-0.1,
				1,
				0.256,
				-0.1,
				0.278,
				0.1,
				0.3,
				0.1,
				1,
				0.333,
				0.1,
				0.367,
				-0.1,
				0.4,
				-0.1,
				1,
				0.433,
				-0.1,
				0.467,
				-0.1,
				0.5,
				-0.1,
				1,
				0.522,
				-0.1,
				0.544,
				-0.033,
				0.567,
				0.1,
				1,
				0.589,
				0.233,
				0.611,
				0.3,
				0.633,
				0.3,
				1,
				0.667,
				0.3,
				0.7,
				0.271,
				0.733,
				0.1,
				1,
				0.756,
				-0.014,
				0.778,
				-0.2,
				0.8,
				-0.2,
				1,
				0.822,
				-0.2,
				0.844,
				-0.177,
				0.867,
				0,
				1,
				0.889,
				0.177,
				0.911,
				0.4,
				0.933,
				0.4,
				1,
				0.967,
				0.4,
				1,
				-0.1,
				1.033,
				-0.1,
				1,
				1.056,
				-0.1,
				1.078,
				-0.1,
				1.1,
				-0.1,
				1,
				1.122,
				-0.1,
				1.144,
				0.1,
				1.167,
				0.1,
				1,
				1.189,
				0.1,
				1.211,
				-0.1,
				1.233,
				-0.1,
				1,
				1.256,
				-0.1,
				1.278,
				-0.044,
				1.3,
				0,
				1,
				1.322,
				0.044,
				1.344,
				0.056,
				1.367,
				0.1,
				1,
				1.389,
				0.144,
				1.411,
				0.2,
				1.433,
				0.2,
				1,
				1.456,
				0.2,
				1.478,
				0.189,
				1.5,
				0.1,
				1,
				1.522,
				0.011,
				1.544,
				-0.1,
				1.567,
				-0.1,
				1,
				1.589,
				-0.1,
				1.611,
				0.2,
				1.633,
				0.2,
				1,
				1.656,
				0.2,
				1.678,
				0.061,
				1.7,
				0,
				1,
				1.733,
				-0.091,
				1.767,
				-0.1,
				1.8,
				-0.1,
				1,
				1.833,
				-0.1,
				1.867,
				0.3,
				1.9,
				0.3,
				1,
				1.933,
				0.3,
				1.967,
				0.143,
				2,
				0,
				1,
				2.022,
				-0.095,
				2.044,
				-0.1,
				2.067,
				-0.1,
				1,
				2.1,
				-0.1,
				2.133,
				0.1,
				2.167,
				0.1,
				1,
				2.189,
				0.1,
				2.211,
				0,
				2.233,
				0,
				1,
				2.267,
				0,
				2.3,
				0,
				2.333,
				0,
				1,
				2.367,
				0,
				2.4,
				0.1,
				2.433,
				0.1,
				1,
				2.467,
				0.1,
				2.5,
				0,
				2.533,
				0,
				1,
				2.556,
				0,
				2.578,
				0,
				2.6,
				0,
				1,
				2.622,
				0,
				2.644,
				0.1,
				2.667,
				0.1,
				1,
				2.7,
				0.1,
				2.733,
				0.067,
				2.767,
				0,
				1,
				2.8,
				-0.067,
				2.833,
				-0.1,
				2.867,
				-0.1,
				1,
				2.889,
				-0.1,
				2.911,
				0,
				2.933,
				0,
				1,
				2.956,
				0,
				2.978,
				0,
				3,
				0,
				1,
				3.022,
				0,
				3.044,
				0,
				3.067,
				0,
				1,
				3.089,
				0,
				3.111,
				0.1,
				3.133,
				0.1,
				1,
				3.144,
				0.1,
				3.156,
				0.1,
				3.167,
				0.1,
				1,
				3.189,
				0.1,
				3.211,
				-0.1,
				3.233,
				-0.1,
				1,
				3.256,
				-0.1,
				3.278,
				0.1,
				3.3,
				0.1,
				1,
				3.333,
				0.1,
				3.367,
				-0.1,
				3.4,
				-0.1,
				1,
				3.433,
				-0.1,
				3.467,
				-0.1,
				3.5,
				-0.1,
				1,
				3.522,
				-0.1,
				3.544,
				-0.033,
				3.567,
				0.1,
				1,
				3.589,
				0.233,
				3.611,
				0.3,
				3.633,
				0.3,
				1,
				3.667,
				0.3,
				3.7,
				0.271,
				3.733,
				0.1,
				1,
				3.756,
				-0.014,
				3.778,
				-0.2,
				3.8,
				-0.2,
				1,
				3.822,
				-0.2,
				3.844,
				-0.177,
				3.867,
				0,
				1,
				3.889,
				0.177,
				3.911,
				0.4,
				3.933,
				0.4,
				1,
				3.967,
				0.4,
				4,
				-0.1,
				4.033,
				-0.1,
				1,
				4.056,
				-0.1,
				4.078,
				-0.1,
				4.1,
				-0.1,
				1,
				4.122,
				-0.1,
				4.144,
				0.1,
				4.167,
				0.1,
				1,
				4.189,
				0.1,
				4.211,
				-0.1,
				4.233,
				-0.1,
				1,
				4.256,
				-0.1,
				4.278,
				-0.044,
				4.3,
				0,
				1,
				4.322,
				0.044,
				4.344,
				0.056,
				4.367,
				0.1,
				1,
				4.389,
				0.144,
				4.411,
				0.2,
				4.433,
				0.2,
				1,
				4.456,
				0.2,
				4.478,
				0.189,
				4.5,
				0.1,
				1,
				4.522,
				0.011,
				4.544,
				-0.1,
				4.567,
				-0.1,
				1,
				4.589,
				-0.1,
				4.611,
				0.2,
				4.633,
				0.2,
				1,
				4.656,
				0.2,
				4.678,
				0.061,
				4.7,
				0,
				1,
				4.733,
				-0.091,
				4.767,
				-0.1,
				4.8,
				-0.1,
				1,
				4.833,
				-0.1,
				4.867,
				0.3,
				4.9,
				0.3,
				1,
				4.933,
				0.3,
				4.967,
				0.143,
				5,
				0,
				1,
				5.022,
				-0.095,
				5.044,
				-0.1,
				5.067,
				-0.1,
				1,
				5.1,
				-0.1,
				5.133,
				0.1,
				5.167,
				0.1,
				1,
				5.189,
				0.1,
				5.211,
				0,
				5.233,
				0,
				1,
				5.267,
				0,
				5.3,
				0,
				5.333,
				0
			]
		},
		{
			"Target": "Parameter",
			"Id": "ParamEyeHB",
			"Segments": [
				0,
				0,
				1,
				0.022,
				0,
				0.044,
				0.1,
				0.067,
				0.1,
				1,
				0.089,
				0.1,
				0.111,
				-0.2,
				0.133,
				-0.2,
				1,
				0.144,
				-0.2,
				0.156,
				0.1,
				0.167,
				0.1,
				1,
				0.189,
				0.1,
				0.211,
				-0.3,
				0.233,
				-0.3,
				1,
				0.256,
				-0.3,
				0.278,
				0.1,
				0.3,
				0.1,
				1,
				0.333,
				0.1,
				0.367,
				0.1,
				0.4,
				0.1,
				1,
				0.433,
				0.1,
				0.467,
				-0.2,
				0.5,
				-0.2,
				1,
				0.522,
				-0.2,
				0.544,
				0.2,
				0.567,
				0.2,
				1,
				0.589,
				0.2,
				0.611,
				-0.1,
				0.633,
				-0.1,
				1,
				0.667,
				-0.1,
				0.7,
				-0.091,
				0.733,
				0,
				1,
				0.756,
				0.061,
				0.778,
				0.2,
				0.8,
				0.2,
				1,
				0.822,
				0.2,
				0.844,
				-0.4,
				0.867,
				-0.4,
				1,
				0.889,
				-0.4,
				0.911,
				0.2,
				0.933,
				0.2,
				1,
				0.967,
				0.2,
				1,
				0.2,
				1.033,
				0.1,
				1,
				1.056,
				0.034,
				1.078,
				-0.3,
				1.1,
				-0.3,
				1,
				1.122,
				-0.3,
				1.144,
				-0.233,
				1.167,
				-0.1,
				1,
				1.189,
				0.033,
				1.211,
				0.1,
				1.233,
				0.1,
				1,
				1.256,
				0.1,
				1.278,
				0.044,
				1.3,
				0,
				1,
				1.322,
				-0.044,
				1.344,
				-0.056,
				1.367,
				-0.1,
				1,
				1.389,
				-0.144,
				1.411,
				-0.2,
				1.433,
				-0.2,
				1,
				1.456,
				-0.2,
				1.478,
				-0.089,
				1.5,
				0,
				1,
				1.522,
				0.089,
				1.544,
				0.1,
				1.567,
				0.1,
				1,
				1.589,
				0.1,
				1.611,
				-0.1,
				1.633,
				-0.1,
				1,
				1.656,
				-0.1,
				1.678,
				-0.1,
				1.7,
				-0.1,
				1,
				1.733,
				-0.1,
				1.767,
				0,
				1.8,
				0,
				1,
				1.833,
				0,
				1.867,
				-0.2,
				1.9,
				-0.2,
				1,
				1.933,
				-0.2,
				1.967,
				0.1,
				2,
				0.1,
				1,
				2.022,
				0.1,
				2.044,
				-0.2,
				2.067,
				-0.2,
				1,
				2.1,
				-0.2,
				2.133,
				0,
				2.167,
				0,
				1,
				2.189,
				0,
				2.211,
				0,
				2.233,
				0,
				1,
				2.267,
				0,
				2.3,
				0,
				2.333,
				0,
				1,
				2.367,
				0,
				2.4,
				-0.011,
				2.433,
				-0.1,
				1,
				2.467,
				-0.189,
				2.5,
				-0.3,
				2.533,
				-0.3,
				1,
				2.556,
				-0.3,
				2.578,
				0.1,
				2.6,
				0.1,
				1,
				2.622,
				0.1,
				2.644,
				0.051,
				2.667,
				0,
				1,
				2.7,
				-0.077,
				2.733,
				-0.1,
				2.767,
				-0.1,
				1,
				2.8,
				-0.1,
				2.833,
				0.1,
				2.867,
				0.1,
				1,
				2.889,
				0.1,
				2.911,
				-0.2,
				2.933,
				-0.2,
				1,
				2.956,
				-0.2,
				2.978,
				-0.089,
				3,
				0,
				1,
				3.022,
				0.089,
				3.044,
				0.1,
				3.067,
				0.1,
				1,
				3.089,
				0.1,
				3.111,
				-0.2,
				3.133,
				-0.2,
				1,
				3.144,
				-0.2,
				3.156,
				0.1,
				3.167,
				0.1,
				1,
				3.189,
				0.1,
				3.211,
				-0.3,
				3.233,
				-0.3,
				1,
				3.256,
				-0.3,
				3.278,
				0.1,
				3.3,
				0.1,
				1,
				3.333,
				0.1,
				3.367,
				0.1,
				3.4,
				0.1,
				1,
				3.433,
				0.1,
				3.467,
				-0.2,
				3.5,
				-0.2,
				1,
				3.522,
				-0.2,
				3.544,
				0.2,
				3.567,
				0.2,
				1,
				3.589,
				0.2,
				3.611,
				-0.1,
				3.633,
				-0.1,
				1,
				3.667,
				-0.1,
				3.7,
				-0.091,
				3.733,
				0,
				1,
				3.756,
				0.061,
				3.778,
				0.2,
				3.8,
				0.2,
				1,
				3.822,
				0.2,
				3.844,
				-0.4,
				3.867,
				-0.4,
				1,
				3.889,
				-0.4,
				3.911,
				0.2,
				3.933,
				0.2,
				1,
				3.967,
				0.2,
				4,
				0.2,
				4.033,
				0.1,
				1,
				4.056,
				0.034,
				4.078,
				-0.3,
				4.1,
				-0.3,
				1,
				4.122,
				-0.3,
				4.144,
				-0.233,
				4.167,
				-0.1,
				1,
				4.189,
				0.033,
				4.211,
				0.1,
				4.233,
				0.1,
				1,
				4.256,
				0.1,
				4.278,
				0.044,
				4.3,
				0,
				1,
				4.322,
				-0.044,
				4.344,
				-0.056,
				4.367,
				-0.1,
				1,
				4.389,
				-0.144,
				4.411,
				-0.2,
				4.433,
				-0.2,
				1,
				4.456,
				-0.2,
				4.478,
				-0.089,
				4.5,
				0,
				1,
				4.522,
				0.089,
				4.544,
				0.1,
				4.567,
				0.1,
				1,
				4.589,
				0.1,
				4.611,
				-0.1,
				4.633,
				-0.1,
				1,
				4.656,
				-0.1,
				4.678,
				-0.1,
				4.7,
				-0.1,
				1,
				4.733,
				-0.1,
				4.767,
				0,
				4.8,
				0,
				1,
				4.833,
				0,
				4.867,
				-0.2,
				4.9,
				-0.2,
				1,
				4.933,
				-0.2,
				4.967,
				0.1,
				5,
				0.1,
				1,
				5.022,
				0.1,
				5.044,
				-0.2,
				5.067,
				-0.2,
				1,
				5.1,
				-0.2,
				5.133,
				0,
				5.167,
				0,
				1,
				5.189,
				0,
				5.211,
				0,
				5.233,
				0,
				1,
				5.267,
				0,
				5.3,
				0,
				5.333,
				0
			]
		},
		{
			"Target": "Parameter",
			"Id": "ParamEyeBS",
			"Segments": [
				0,
				0,
				1,
				0.033,
				0,
				0.067,
				0.5,
				0.1,
				0.5,
				1,
				0.144,
				0.5,
				0.189,
				-0.8,
				0.233,
				-0.8,
				1,
				0.278,
				-0.8,
				0.322,
				1,
				0.367,
				1,
				1,
				0.422,
				1,
				0.478,
				-0.6,
				0.533,
				-0.6,
				1,
				0.578,
				-0.6,
				0.622,
				1,
				0.667,
				1,
				1,
				0.711,
				1,
				0.756,
				-1,
				0.8,
				-1,
				1,
				0.844,
				-1,
				0.889,
				0.9,
				0.933,
				0.9,
				1,
				1,
				0.9,
				1.067,
				-0.8,
				1.133,
				-0.8,
				1,
				1.211,
				-0.8,
				1.289,
				0.9,
				1.367,
				0.9,
				1,
				1.444,
				0.9,
				1.522,
				-0.7,
				1.6,
				-0.7,
				1,
				1.667,
				-0.7,
				1.733,
				0.739,
				1.8,
				0.9,
				1,
				1.856,
				1.034,
				1.911,
				1,
				1.967,
				1,
				1,
				2.011,
				1,
				2.056,
				-0.9,
				2.1,
				-0.9,
				1,
				2.133,
				-0.9,
				2.167,
				0.9,
				2.2,
				0.9,
				1,
				2.244,
				0.9,
				2.289,
				-0.4,
				2.333,
				-0.4,
				1,
				2.378,
				-0.4,
				2.422,
				0.6,
				2.467,
				0.6,
				1,
				2.511,
				0.6,
				2.556,
				-0.8,
				2.6,
				-0.8,
				1,
				2.644,
				-0.8,
				2.689,
				0.9,
				2.733,
				0.9,
				1,
				2.778,
				0.9,
				2.822,
				-0.8,
				2.867,
				-0.8,
				1,
				2.911,
				-0.8,
				2.956,
				-0.491,
				3,
				0,
				1,
				3.033,
				0.368,
				3.067,
				0.5,
				3.1,
				0.5,
				1,
				3.144,
				0.5,
				3.189,
				-0.8,
				3.233,
				-0.8,
				1,
				3.278,
				-0.8,
				3.322,
				1,
				3.367,
				1,
				1,
				3.422,
				1,
				3.478,
				-0.6,
				3.533,
				-0.6,
				1,
				3.578,
				-0.6,
				3.622,
				1,
				3.667,
				1,
				1,
				3.711,
				1,
				3.756,
				-1,
				3.8,
				-1,
				1,
				3.844,
				-1,
				3.889,
				0.9,
				3.933,
				0.9,
				1,
				4,
				0.9,
				4.067,
				-0.8,
				4.133,
				-0.8,
				1,
				4.211,
				-0.8,
				4.289,
				0.9,
				4.367,
				0.9,
				1,
				4.444,
				0.9,
				4.522,
				-0.7,
				4.6,
				-0.7,
				1,
				4.667,
				-0.7,
				4.733,
				0.739,
				4.8,
				0.9,
				1,
				4.856,
				1.034,
				4.911,
				1,
				4.967,
				1,
				1,
				5.011,
				1,
				5.056,
				-0.9,
				5.1,
				-0.9,
				1,
				5.133,
				-0.9,
				5.167,
				0.9,
				5.2,
				0.9,
				1,
				5.244,
				0.9,
				5.289,
				-0.4,
				5.333,
				-0.4
			]
		},
		{
			"Target": "Parameter",
			"Id": "ParamHowa1",
			"Segments": [
				0,
				1,
				1,
				0.533,
				1,
				1.067,
				0.4,
				1.6,
				0.4,
				1,
				1.967,
				0.4,
				2.333,
				1,
				2.7,
				1,
				1,
				2.744,
				1,
				2.789,
				0.8,
				2.833,
				0.8,
				1,
				2.867,
				0.8,
				2.9,
				1,
				2.933,
				1,
				1,
				2.956,
				1,
				2.978,
				0.9,
				3,
				0.9,
				1,
				3.022,
				0.9,
				3.044,
				1,
				3.067,
				1,
				1,
				3.222,
				1,
				3.378,
				0.9,
				3.533,
				0.9,
				1,
				3.689,
				0.9,
				3.844,
				1,
				4,
				1,
				1,
				4.033,
				1,
				4.067,
				0.8,
				4.1,
				0.8,
				1,
				4.133,
				0.8,
				4.167,
				1,
				4.2,
				1,
				1,
				4.378,
				1,
				4.556,
				0.9,
				4.733,
				0.9,
				1,
				4.933,
				0.9,
				5.133,
				1,
				5.333,
				1
			]
		},
		{
			"Target": "Parameter",
			"Id": "ParamHowa2",
			"Segments": [
				0,
				1,
				1,
				0.444,
				1,
				0.889,
				1,
				1.333,
				1,
				1,
				1.367,
				1,
				1.4,
				0.7,
				1.433,
				0.7,
				1,
				1.467,
				0.7,
				1.5,
				1,
				1.533,
				1,
				1,
				2.8,
				1,
				4.067,
				1,
				5.333,
				1
			]
		},
		{
			"Target": "Parameter",
			"Id": "ParamHowa3",
			"Segments": [
				0,
				0.7,
				1,
				0.089,
				0.7,
				0.178,
				1,
				0.267,
				1,
				1,
				0.367,
				1,
				0.467,
				1,
				0.567,
				1,
				1,
				0.656,
				1,
				0.744,
				0.9,
				0.833,
				0.9,
				1,
				0.922,
				0.9,
				1.011,
				1,
				1.1,
				1,
				1,
				1.533,
				1,
				1.967,
				0.6,
				2.4,
				0.6,
				1,
				2.711,
				0.6,
				3.022,
				1,
				3.333,
				1,
				1,
				3.367,
				1,
				3.4,
				0.7,
				3.433,
				0.7,
				1,
				3.467,
				0.7,
				3.5,
				1,
				3.533,
				1,
				1,
				3.578,
				1,
				3.622,
				0.8,
				3.667,
				0.8,
				1,
				3.722,
				0.8,
				3.778,
				1,
				3.833,
				1,
				1,
				4.067,
				1,
				4.3,
				0.986,
				4.533,
				0.9,
				1,
				4.8,
				0.801,
				5.067,
				0.7,
				5.333,
				0.7
			]
		},
		{
			"Target": "Parameter",
			"Id": "ParamHowa4",
			"Segments": [
				0,
				1,
				1,
				0.111,
				1,
				0.222,
				1,
				0.333,
				1,
				1,
				0.367,
				1,
				0.4,
				0.6,
				0.433,
				0.6,
				1,
				0.467,
				0.6,
				0.5,
				1,
				0.533,
				1,
				1,
				1.167,
				1,
				1.8,
				0.2,
				2.433,
				0.2,
				1,
				2.878,
				0.2,
				3.322,
				1,
				3.767,
				1,
				1,
				3.8,
				1,
				3.833,
				0.6,
				3.867,
				0.6,
				1,
				3.9,
				0.6,
				3.933,
				1,
				3.967,
				1,
				1,
				4.267,
				1,
				4.567,
				1,
				4.867,
				1,
				1,
				4.9,
				1,
				4.933,
				0.6,
				4.967,
				0.6,
				1,
				5,
				0.6,
				5.033,
				1,
				5.067,
				1,
				1,
				5.156,
				1,
				5.244,
				1,
				5.333,
				1
			]
		},
		{
			"Target": "Parameter",
			"Id": "ParamHowa5",
			"Segments": [
				0,
				0.4,
				1,
				0.067,
				0.4,
				0.133,
				1,
				0.2,
				1,
				1,
				0.244,
				1,
				0.289,
				0.8,
				0.333,
				0.8,
				1,
				0.4,
				0.8,
				0.467,
				1,
				0.533,
				1,
				1,
				0.811,
				1,
				1.089,
				0.7,
				1.367,
				0.7,
				1,
				1.733,
				0.7,
				2.1,
				1,
				2.467,
				1,
				1,
				2.5,
				1,
				2.533,
				0.7,
				2.567,
				0.7,
				1,
				2.6,
				0.7,
				2.633,
				1,
				2.667,
				1,
				1,
				3.556,
				1,
				4.444,
				0.4,
				5.333,
				0.4
			]
		},
		{
			"Target": "Parameter",
			"Id": "ParamHowa6",
			"Segments": [
				0,
				0.5,
				1,
				0.022,
				0.5,
				0.044,
				0.494,
				0.067,
				0.6,
				1,
				0.1,
				0.76,
				0.133,
				1,
				0.167,
				1,
				1,
				0.611,
				1,
				1.056,
				0.4,
				1.5,
				0.4,
				1,
				2,
				0.4,
				2.5,
				1,
				3,
				1,
				1,
				3.033,
				1,
				3.067,
				0.8,
				3.1,
				0.8,
				1,
				3.133,
				0.8,
				3.167,
				1,
				3.2,
				1,
				1,
				3.356,
				1,
				3.511,
				0.6,
				3.667,
				0.6,
				1,
				3.844,
				0.6,
				4.022,
				1,
				4.2,
				1,
				1,
				4.578,
				1,
				4.956,
				0.5,
				5.333,
				0.5
			]
		},
		{
			"Target": "Parameter",
			"Id": "ParamHowa7",
			"Segments": [
				0,
				0.7,
				1,
				0.111,
				0.7,
				0.222,
				1,
				0.333,
				1,
				1,
				0.411,
				1,
				0.489,
				0.9,
				0.567,
				0.9,
				1,
				0.644,
				0.9,
				0.722,
				1,
				0.8,
				1,
				1,
				0.833,
				1,
				0.867,
				0.7,
				0.9,
				0.7,
				1,
				0.933,
				0.7,
				0.967,
				1,
				1,
				1,
				1,
				1.467,
				1,
				1.933,
				0.7,
				2.4,
				0.7,
				1,
				2.744,
				0.7,
				3.089,
				1,
				3.433,
				1,
				1,
				3.467,
				1,
				3.5,
				0.7,
				3.533,
				0.7,
				1,
				3.567,
				0.7,
				3.6,
				1,
				3.633,
				1,
				1,
				3.689,
				1,
				3.744,
				0.9,
				3.8,
				0.9,
				1,
				3.856,
				0.9,
				3.911,
				1,
				3.967,
				1,
				1,
				4.422,
				1,
				4.878,
				0.7,
				5.333,
				0.7
			]
		},
		{
			"Target": "Parameter",
			"Id": "ParamHowa8",
			"Segments": [
				0,
				1,
				1,
				0.489,
				1,
				0.978,
				0.7,
				1.467,
				0.7,
				1,
				1.733,
				0.7,
				2,
				1,
				2.267,
				1,
				1,
				2.322,
				1,
				2.378,
				0.8,
				2.433,
				0.8,
				1,
				2.5,
				0.8,
				2.567,
				1,
				2.633,
				1,
				1,
				2.933,
				1,
				3.233,
				0.8,
				3.533,
				0.8,
				1,
				3.944,
				0.8,
				4.356,
				1,
				4.767,
				1,
				1,
				4.8,
				1,
				4.833,
				0.4,
				4.867,
				0.4,
				1,
				4.9,
				0.4,
				4.933,
				1,
				4.967,
				1,
				1,
				5.089,
				1,
				5.211,
				1,
				5.333,
				1
			]
		},
		{
			"Target": "Parameter",
			"Id": "ParamHowa9",
			"Segments": [
				0,
				1,
				1,
				0.1,
				1,
				0.2,
				1,
				0.3,
				1,
				1,
				0.389,
				1,
				0.478,
				0.8,
				0.567,
				0.8,
				1,
				0.811,
				0.8,
				1.056,
				1,
				1.3,
				1,
				1,
				1.5,
				1,
				1.7,
				1,
				1.9,
				1,
				1,
				1.933,
				1,
				1.967,
				0.7,
				2,
				0.7,
				1,
				2.033,
				0.7,
				2.067,
				1,
				2.1,
				1,
				1,
				2.122,
				1,
				2.144,
				0.9,
				2.167,
				0.9,
				1,
				2.2,
				0.9,
				2.233,
				1,
				2.267,
				1,
				1,
				2.489,
				1,
				2.711,
				0.7,
				2.933,
				0.7,
				1,
				3.367,
				0.7,
				3.8,
				1,
				4.233,
				1,
				1,
				4.6,
				1,
				4.967,
				1,
				5.333,
				1
			]
		},
		{
			"Target": "Parameter",
			"Id": "ParamHowa10",
			"Segments": [
				0,
				1,
				1,
				0.444,
				1,
				0.889,
				0.6,
				1.333,
				0.6,
				1,
				2.178,
				0.6,
				3.022,
				1,
				3.867,
				1,
				1,
				3.9,
				1,
				3.933,
				0.9,
				3.967,
				0.9,
				1,
				4,
				0.9,
				4.033,
				1,
				4.067,
				1,
				1,
				4.389,
				1,
				4.711,
				1,
				5.033,
				1,
				1,
				5.067,
				1,
				5.1,
				0.9,
				5.133,
				0.9,
				1,
				5.167,
				0.9,
				5.2,
				1,
				5.233,
				1,
				1,
				5.267,
				1,
				5.3,
				1,
				5.333,
				1
			]
		},
		{
			"Target": "Parameter",
			"Id": "ParamHowa11",
			"Segments": [
				0,
				0.5,
				1,
				0.144,
				0.5,
				0.289,
				1,
				0.433,
				1,
				1,
				0.478,
				1,
				0.522,
				0.8,
				0.567,
				0.8,
				1,
				0.611,
				0.8,
				0.656,
				1,
				0.7,
				1,
				1,
				1,
				1,
				1.3,
				0.4,
				1.6,
				0.4,
				1,
				1.978,
				0.4,
				2.356,
				1,
				2.733,
				1,
				1,
				2.767,
				1,
				2.8,
				0.4,
				2.833,
				0.4,
				1,
				2.867,
				0.4,
				2.9,
				1,
				2.933,
				1,
				1,
				3.378,
				1,
				3.822,
				1,
				4.267,
				1,
				1,
				4.3,
				1,
				4.333,
				0.4,
				4.367,
				0.4,
				1,
				4.4,
				0.4,
				4.433,
				1,
				4.467,
				1,
				1,
				4.611,
				1,
				4.756,
				0.5,
				4.9,
				0.5,
				1,
				5.044,
				0.5,
				5.189,
				0.5,
				5.333,
				0.5
			]
		},
		{
			"Target": "Parameter",
			"Id": "ParamKira1",
			"Segments": [
				0,
				1,
				1,
				0.078,
				1,
				0.156,
				1,
				0.233,
				1,
				1,
				0.256,
				1,
				0.278,
				0.4,
				0.3,
				0.4,
				1,
				0.322,
				0.4,
				0.344,
				1,
				0.367,
				1,
				1,
				0.722,
				1,
				1.078,
				1,
				1.433,
				1,
				1,
				1.456,
				1,
				1.478,
				0.4,
				1.5,
				0.4,
				1,
				1.522,
				0.4,
				1.544,
				1,
				1.567,
				1,
				1,
				1.856,
				1,
				2.144,
				1,
				2.433,
				1,
				1,
				2.456,
				1,
				2.478,
				0.4,
				2.5,
				0.4,
				1,
				2.522,
				0.4,
				2.544,
				1,
				2.567,
				1,
				1,
				2.622,
				1,
				2.678,
				1,
				2.733,
				1,
				1,
				2.756,
				1,
				2.778,
				0.4,
				2.8,
				0.4,
				1,
				2.822,
				0.4,
				2.844,
				1,
				2.867,
				1,
				1,
				3.111,
				1,
				3.356,
				1,
				3.6,
				1,
				1,
				3.622,
				1,
				3.644,
				0.4,
				3.667,
				0.4,
				1,
				3.689,
				0.4,
				3.711,
				1,
				3.733,
				1,
				1,
				3.789,
				1,
				3.844,
				1,
				3.9,
				1,
				1,
				3.922,
				1,
				3.944,
				0.4,
				3.967,
				0.4,
				1,
				3.989,
				0.4,
				4.011,
				1,
				4.033,
				1,
				1,
				4.189,
				1,
				4.344,
				1,
				4.5,
				1,
				1,
				4.522,
				1,
				4.544,
				0.4,
				4.567,
				0.4,
				1,
				4.589,
				0.4,
				4.611,
				1,
				4.633,
				1,
				0,
				5.333,
				1
			]
		},
		{
			"Target": "Parameter",
			"Id": "ParamKira2",
			"Segments": [
				0,
				0.4,
				1,
				0.022,
				0.4,
				0.044,
				1,
				0.067,
				1,
				1,
				0.211,
				1,
				0.356,
				1,
				0.5,
				1,
				1,
				0.522,
				1,
				0.544,
				0.3,
				0.567,
				0.3,
				1,
				0.6,
				0.3,
				0.633,
				1,
				0.667,
				1,
				1,
				0.767,
				1,
				0.867,
				1,
				0.967,
				1,
				1,
				0.989,
				1,
				1.011,
				0.3,
				1.033,
				0.3,
				1,
				1.067,
				0.3,
				1.1,
				1,
				1.133,
				1,
				1,
				1.333,
				1,
				1.533,
				0.7,
				1.733,
				0.7,
				1,
				1.933,
				0.7,
				2.133,
				1,
				2.333,
				1,
				1,
				2.356,
				1,
				2.378,
				0.3,
				2.4,
				0.3,
				1,
				2.433,
				0.3,
				2.467,
				1,
				2.5,
				1,
				1,
				2.656,
				1,
				2.811,
				0.8,
				2.967,
				0.8,
				1,
				3.089,
				0.8,
				3.211,
				1,
				3.333,
				1,
				1,
				3.356,
				1,
				3.378,
				0.3,
				3.4,
				0.3,
				1,
				3.433,
				0.3,
				3.467,
				1,
				3.5,
				1,
				1,
				3.733,
				1,
				3.967,
				0.8,
				4.2,
				0.8,
				1,
				4.367,
				0.8,
				4.533,
				1,
				4.7,
				1,
				1,
				4.722,
				1,
				4.744,
				0.3,
				4.767,
				0.3,
				1,
				4.8,
				0.3,
				4.833,
				1,
				4.867,
				1,
				1,
				4.889,
				1,
				4.911,
				0.3,
				4.933,
				0.3,
				1,
				4.967,
				0.3,
				5,
				1,
				5.033,
				1,
				0,
				5.333,
				1
			]
		},
		{
			"Target": "Parameter",
			"Id": "ParamKira3",
			"Segments": [
				0,
				1,
				1,
				0.056,
				1,
				0.111,
				1,
				0.167,
				1,
				1,
				0.189,
				1,
				0.211,
				0.4,
				0.233,
				0.4,
				1,
				0.256,
				0.4,
				0.278,
				1,
				0.3,
				1,
				1,
				0.456,
				1,
				0.611,
				1,
				0.767,
				1,
				1,
				0.789,
				1,
				0.811,
				0.4,
				0.833,
				0.4,
				1,
				0.856,
				0.4,
				0.878,
				1,
				0.9,
				1,
				1,
				1.1,
				1,
				1.3,
				0.9,
				1.5,
				0.9,
				1,
				1.689,
				0.9,
				1.878,
				1,
				2.067,
				1,
				1,
				2.089,
				1,
				2.111,
				0.4,
				2.133,
				0.4,
				1,
				2.167,
				0.4,
				2.2,
				1,
				2.233,
				1,
				1,
				2.256,
				1,
				2.278,
				0.4,
				2.3,
				0.4,
				1,
				2.322,
				0.4,
				2.344,
				1,
				2.367,
				1,
				1,
				2.6,
				1,
				2.833,
				0.8,
				3.067,
				0.8,
				1,
				3.311,
				0.8,
				3.556,
				1,
				3.8,
				1,
				1,
				3.822,
				1,
				3.844,
				0.4,
				3.867,
				0.4,
				1,
				3.889,
				0.4,
				3.911,
				1,
				3.933,
				1,
				1,
				4.1,
				1,
				4.267,
				1,
				4.433,
				1,
				1,
				4.456,
				1,
				4.478,
				0.4,
				4.5,
				0.4,
				1,
				4.522,
				0.4,
				4.544,
				1,
				4.567,
				1,
				0,
				5.333,
				1
			]
		},
		{
			"Target": "Parameter",
			"Id": "ParamKira4",
			"Segments": [
				0,
				1,
				1,
				0.111,
				1,
				0.222,
				1,
				0.333,
				1,
				1,
				0.356,
				1,
				0.378,
				0.4,
				0.4,
				0.4,
				1,
				0.422,
				0.4,
				0.444,
				1,
				0.467,
				1,
				1,
				0.667,
				1,
				0.867,
				0.8,
				1.067,
				0.8,
				1,
				1.244,
				0.8,
				1.422,
				1,
				1.6,
				1,
				1,
				1.622,
				1,
				1.644,
				0.4,
				1.667,
				0.4,
				1,
				1.689,
				0.4,
				1.711,
				1,
				1.733,
				1,
				1,
				1.756,
				1,
				1.778,
				0.4,
				1.8,
				0.4,
				1,
				1.822,
				0.4,
				1.844,
				1,
				1.867,
				1,
				1,
				2.089,
				1,
				2.311,
				0.8,
				2.533,
				0.8,
				1,
				2.678,
				0.8,
				2.822,
				1,
				2.967,
				1,
				1,
				2.989,
				1,
				3.011,
				0.4,
				3.033,
				0.4,
				1,
				3.056,
				0.4,
				3.078,
				1,
				3.1,
				1,
				1,
				3.267,
				1,
				3.433,
				1,
				3.6,
				1,
				1,
				3.622,
				1,
				3.644,
				0.4,
				3.667,
				0.4,
				1,
				3.689,
				0.4,
				3.711,
				1,
				3.733,
				1,
				1,
				3.933,
				1,
				4.133,
				0.8,
				4.333,
				0.8,
				1,
				4.533,
				0.8,
				4.733,
				1,
				4.933,
				1,
				1,
				4.956,
				1,
				4.978,
				0.4,
				5,
				0.4,
				1,
				5.022,
				0.4,
				5.044,
				1,
				5.067,
				1,
				0,
				5.333,
				1
			]
		},
		{
			"Target": "Parameter",
			"Id": "ParamKira5",
			"Segments": [
				0,
				1,
				1,
				0.022,
				1,
				0.044,
				1,
				0.067,
				1,
				1,
				0.089,
				1,
				0.111,
				0.4,
				0.133,
				0.4,
				1,
				0.156,
				0.4,
				0.178,
				1,
				0.2,
				1,
				1,
				0.378,
				1,
				0.556,
				0.7,
				0.733,
				0.7,
				1,
				0.889,
				0.7,
				1.044,
				1,
				1.2,
				1,
				1,
				1.222,
				1,
				1.244,
				0.4,
				1.267,
				0.4,
				1,
				1.289,
				0.4,
				1.311,
				1,
				1.333,
				1,
				1,
				1.478,
				1,
				1.622,
				1,
				1.767,
				1,
				1,
				1.789,
				1,
				1.811,
				0.4,
				1.833,
				0.4,
				1,
				1.856,
				0.4,
				1.878,
				1,
				1.9,
				1,
				1,
				2.133,
				1,
				2.367,
				1,
				2.6,
				1,
				1,
				2.622,
				1,
				2.644,
				0.4,
				2.667,
				0.4,
				1,
				2.689,
				0.4,
				2.711,
				1,
				2.733,
				1,
				1,
				2.844,
				1,
				2.956,
				1,
				3.067,
				1,
				1,
				3.089,
				1,
				3.111,
				0.4,
				3.133,
				0.4,
				1,
				3.156,
				0.4,
				3.178,
				1,
				3.2,
				1,
				1,
				3.367,
				1,
				3.533,
				0.9,
				3.7,
				0.9,
				1,
				3.844,
				0.9,
				3.989,
				1,
				4.133,
				1,
				1,
				4.156,
				1,
				4.178,
				0.4,
				4.2,
				0.4,
				1,
				4.222,
				0.4,
				4.244,
				1,
				4.267,
				1,
				1,
				4.289,
				1,
				4.311,
				0.4,
				4.333,
				0.4,
				1,
				4.356,
				0.4,
				4.378,
				1,
				4.4,
				1,
				1,
				4.689,
				1,
				4.978,
				1,
				5.267,
				1,
				1,
				5.289,
				1,
				5.311,
				0.4,
				5.333,
				0.4
			]
		},
		{
			"Target": "Parameter",
			"Id": "ParamKira6",
			"Segments": [
				0,
				1,
				1,
				0.111,
				1,
				0.222,
				0.6,
				0.333,
				0.6,
				1,
				0.433,
				0.6,
				0.533,
				1,
				0.633,
				1,
				1,
				0.656,
				1,
				0.678,
				0.4,
				0.7,
				0.4,
				1,
				0.722,
				0.4,
				0.744,
				1,
				0.767,
				1,
				1,
				0.867,
				1,
				0.967,
				0.9,
				1.067,
				0.9,
				1,
				1.189,
				0.9,
				1.311,
				1,
				1.433,
				1,
				1,
				1.456,
				1,
				1.478,
				0.4,
				1.5,
				0.4,
				1,
				1.522,
				0.4,
				1.544,
				1,
				1.567,
				1,
				1,
				1.678,
				1,
				1.789,
				1,
				1.9,
				1,
				1,
				1.922,
				1,
				1.944,
				0.4,
				1.967,
				0.4,
				1,
				1.989,
				0.4,
				2.011,
				1,
				2.033,
				1,
				1,
				2.056,
				1,
				2.078,
				0.4,
				2.1,
				0.4,
				1,
				2.122,
				0.4,
				2.144,
				1,
				2.167,
				1,
				1,
				2.267,
				1,
				2.367,
				1,
				2.467,
				1,
				1,
				2.489,
				1,
				2.511,
				0.4,
				2.533,
				0.4,
				1,
				2.556,
				0.4,
				2.578,
				1,
				2.6,
				1,
				1,
				2.856,
				1,
				3.111,
				1,
				3.367,
				1,
				1,
				3.389,
				1,
				3.411,
				0.4,
				3.433,
				0.4,
				1,
				3.456,
				0.4,
				3.478,
				1,
				3.5,
				1,
				1,
				3.933,
				1,
				4.367,
				1,
				4.8,
				1,
				1,
				4.822,
				1,
				4.844,
				0.4,
				4.867,
				0.4,
				1,
				4.889,
				0.4,
				4.911,
				1,
				4.933,
				1,
				0,
				5.333,
				1
			]
		},
		{
			"Target": "Parameter",
			"Id": "ParamKira7",
			"Segments": [
				0,
				1,
				1,
				0.144,
				1,
				0.289,
				1,
				0.433,
				1,
				1,
				0.456,
				1,
				0.478,
				0.4,
				0.5,
				0.4,
				1,
				0.522,
				0.4,
				0.544,
				1,
				0.567,
				1,
				1,
				0.767,
				1,
				0.967,
				1,
				1.167,
				1,
				1,
				1.189,
				1,
				1.211,
				0.4,
				1.233,
				0.4,
				1,
				1.256,
				0.4,
				1.278,
				1,
				1.3,
				1,
				1,
				1.5,
				1,
				1.7,
				0.8,
				1.9,
				0.8,
				1,
				2.078,
				0.8,
				2.256,
				1,
				2.433,
				1,
				1,
				2.456,
				1,
				2.478,
				0.4,
				2.5,
				0.4,
				1,
				2.522,
				0.4,
				2.544,
				1,
				2.567,
				1,
				1,
				2.678,
				1,
				2.789,
				1,
				2.9,
				1,
				1,
				2.922,
				1,
				2.944,
				0.4,
				2.967,
				0.4,
				1,
				2.989,
				0.4,
				3.011,
				1,
				3.033,
				1,
				1,
				3.189,
				1,
				3.344,
				0.6,
				3.5,
				0.6,
				1,
				3.678,
				0.6,
				3.856,
				1,
				4.033,
				1,
				1,
				4.056,
				1,
				4.078,
				0.4,
				4.1,
				0.4,
				1,
				4.122,
				0.4,
				4.144,
				1,
				4.167,
				1,
				1,
				4.333,
				1,
				4.5,
				0.7,
				4.667,
				0.7,
				1,
				4.844,
				0.7,
				5.022,
				1,
				5.2,
				1,
				1,
				5.222,
				1,
				5.244,
				0.4,
				5.267,
				0.4,
				1,
				5.289,
				0.4,
				5.311,
				1,
				5.333,
				1
			]
		},
		{
			"Target": "Parameter",
			"Id": "ParamKira8",
			"Segments": [
				0,
				1,
				1,
				0.056,
				1,
				0.111,
				1,
				0.167,
				1,
				1,
				0.189,
				1,
				0.211,
				0.4,
				0.233,
				0.4,
				1,
				0.256,
				0.4,
				0.278,
				1,
				0.3,
				1,
				1,
				0.522,
				1,
				0.744,
				1,
				0.967,
				1,
				1,
				0.989,
				1,
				1.011,
				0.4,
				1.033,
				0.4,
				1,
				1.056,
				0.4,
				1.078,
				1,
				1.1,
				1,
				1,
				1.267,
				1,
				1.433,
				1,
				1.6,
				1,
				1,
				1.622,
				1,
				1.644,
				0.4,
				1.667,
				0.4,
				1,
				1.689,
				0.4,
				1.711,
				1,
				1.733,
				1,
				1,
				1.856,
				1,
				1.978,
				0.9,
				2.1,
				0.9,
				1,
				2.267,
				0.9,
				2.433,
				1,
				2.6,
				1,
				1,
				2.622,
				1,
				2.644,
				0.4,
				2.667,
				0.4,
				1,
				2.689,
				0.4,
				2.711,
				1,
				2.733,
				1,
				1,
				2.889,
				1,
				3.044,
				1,
				3.2,
				1,
				1,
				3.222,
				1,
				3.244,
				0.4,
				3.267,
				0.4,
				1,
				3.289,
				0.4,
				3.311,
				1,
				3.333,
				1,
				1,
				3.511,
				1,
				3.689,
				0.8,
				3.867,
				0.8,
				1,
				4.033,
				0.8,
				4.2,
				1,
				4.367,
				1,
				1,
				4.389,
				1,
				4.411,
				0.4,
				4.433,
				0.4,
				1,
				4.456,
				0.4,
				4.478,
				1,
				4.5,
				1,
				0,
				5.333,
				1
			]
		},
		{
			"Target": "Parameter",
			"Id": "ParamKira9",
			"Segments": [
				0,
				1,
				1,
				0.167,
				1,
				0.333,
				1,
				0.5,
				1,
				1,
				0.522,
				1,
				0.544,
				0.4,
				0.567,
				0.4,
				1,
				0.589,
				0.4,
				0.611,
				1,
				0.633,
				1,
				1,
				0.656,
				1,
				0.678,
				0.4,
				0.7,
				0.4,
				1,
				0.722,
				0.4,
				0.744,
				1,
				0.767,
				1,
				1,
				0.978,
				1,
				1.189,
				1,
				1.4,
				1,
				1,
				1.422,
				1,
				1.444,
				0.4,
				1.467,
				0.4,
				1,
				1.489,
				0.4,
				1.511,
				1,
				1.533,
				1,
				1,
				1.578,
				1,
				1.622,
				1,
				1.667,
				1,
				1,
				1.689,
				1,
				1.711,
				0.4,
				1.733,
				0.4,
				1,
				1.756,
				0.4,
				1.778,
				1,
				1.8,
				1,
				1,
				1.922,
				1,
				2.044,
				1,
				2.167,
				1,
				1,
				2.189,
				1,
				2.211,
				0.4,
				2.233,
				0.4,
				1,
				2.256,
				0.4,
				2.278,
				1,
				2.3,
				1,
				1,
				2.489,
				1,
				2.678,
				0.8,
				2.867,
				0.8,
				1,
				3.056,
				0.8,
				3.244,
				1,
				3.433,
				1,
				1,
				3.456,
				1,
				3.478,
				0.4,
				3.5,
				0.4,
				1,
				3.522,
				0.4,
				3.544,
				1,
				3.567,
				1,
				1,
				3.578,
				1,
				3.589,
				1,
				3.6,
				1,
				1,
				3.622,
				1,
				3.644,
				0.4,
				3.667,
				0.4,
				1,
				3.689,
				0.4,
				3.711,
				1,
				3.733,
				1,
				1,
				3.856,
				1,
				3.978,
				0.7,
				4.1,
				0.7,
				1,
				4.256,
				0.7,
				4.411,
				1,
				4.567,
				1,
				1,
				4.589,
				1,
				4.611,
				0.4,
				4.633,
				0.4,
				1,
				4.656,
				0.4,
				4.678,
				1,
				4.7,
				1,
				1,
				4.722,
				1,
				4.744,
				0.4,
				4.767,
				0.4,
				1,
				4.789,
				0.4,
				4.811,
				1,
				4.833,
				1,
				1,
				4.856,
				1,
				4.878,
				0.4,
				4.9,
				0.4,
				1,
				4.922,
				0.4,
				4.944,
				1,
				4.967,
				1,
				1,
				5.044,
				1,
				5.122,
				0.8,
				5.2,
				0.8,
				0,
				5.333,
				0.8
			]
		},
		{
			"Target": "Parameter",
			"Id": "ParamLight1",
			"Segments": [
				0,
				1,
				1,
				0.056,
				1,
				0.111,
				1,
				0.167,
				1,
				1,
				0.256,
				1,
				0.344,
				0.7,
				0.433,
				0.7,
				1,
				0.533,
				0.7,
				0.633,
				1,
				0.733,
				1,
				1,
				1.3,
				1,
				1.867,
				1,
				2.433,
				1,
				1,
				2.522,
				1,
				2.611,
				0.7,
				2.7,
				0.7,
				1,
				2.8,
				0.7,
				2.9,
				1,
				3,
				1,
				1,
				3.778,
				1,
				4.556,
				1,
				5.333,
				1
			]
		},
		{
			"Target": "Parameter",
			"Id": "ParamLight1M",
			"Segments": [
				0,
				0,
				1,
				0.011,
				0,
				0.022,
				0.008,
				0.033,
				0.01,
				1,
				0.467,
				0.071,
				0.9,
				0.1,
				1.333,
				0.1,
				1,
				1.778,
				0.1,
				2.222,
				0.067,
				2.667,
				0,
				1,
				3.111,
				-0.067,
				3.556,
				-0.1,
				4,
				-0.1,
				1,
				4.433,
				-0.1,
				4.867,
				-0.071,
				5.3,
				-0.009,
				1,
				5.311,
				-0.008,
				5.322,
				0,
				5.333,
				0
			]
		},
		{
			"Target": "Parameter",
			"Id": "ParamLight2",
			"Segments": [
				0,
				1,
				1,
				0.222,
				1,
				0.444,
				1,
				0.667,
				1,
				1,
				0.789,
				1,
				0.911,
				0.7,
				1.033,
				0.7,
				1,
				1.133,
				0.7,
				1.233,
				1,
				1.333,
				1,
				1,
				2.322,
				1,
				3.311,
				1,
				4.3,
				1,
				1,
				4.422,
				1,
				4.544,
				0.7,
				4.667,
				0.7,
				1,
				4.767,
				0.7,
				4.867,
				1,
				4.967,
				1,
				1,
				5.089,
				1,
				5.211,
				1,
				5.333,
				1
			]
		},
		{
			"Target": "Parameter",
			"Id": "ParamLight2M",
			"Segments": [
				0,
				0,
				1,
				0.011,
				0,
				0.022,
				0.007,
				0.033,
				0.008,
				1,
				0.467,
				0.071,
				0.9,
				0.1,
				1.333,
				0.1,
				1,
				1.778,
				0.1,
				2.222,
				0.067,
				2.667,
				0,
				1,
				3.111,
				-0.067,
				3.556,
				-0.1,
				4,
				-0.1,
				1,
				4.433,
				-0.1,
				4.867,
				-0.07,
				5.3,
				-0.007,
				1,
				5.311,
				-0.005,
				5.322,
				0,
				5.333,
				0
			]
		},
		{
			"Target": "Parameter",
			"Id": "ParamTopLight",
			"Segments": [
				0,
				1,
				1,
				0.056,
				1,
				0.111,
				1,
				0.167,
				1,
				1,
				0.256,
				1,
				0.344,
				0.9,
				0.433,
				0.9,
				1,
				0.533,
				0.9,
				0.633,
				1,
				0.733,
				1,
				1,
				1.3,
				1,
				1.867,
				1,
				2.433,
				1,
				1,
				2.522,
				1,
				2.611,
				0.9,
				2.7,
				0.9,
				1,
				2.8,
				0.9,
				2.9,
				1,
				3,
				1,
				1,
				3.456,
				1,
				3.911,
				1,
				4.367,
				1,
				1,
				4.456,
				1,
				4.544,
				0.9,
				4.633,
				0.9,
				1,
				4.733,
				0.9,
				4.833,
				1,
				4.933,
				1,
				1,
				5.067,
				1,
				5.2,
				1,
				5.333,
				1
			]
		},
		{
			"Target": "Parameter",
			"Id": "ParamRainbow",
			"Segments": [
				0,
				1,
				1,
				0.056,
				1,
				0.111,
				1,
				0.167,
				1,
				1,
				0.256,
				1,
				0.344,
				0.8,
				0.433,
				0.8,
				1,
				0.533,
				0.8,
				0.633,
				1,
				0.733,
				1,
				1,
				1.3,
				1,
				1.867,
				1,
				2.433,
				1,
				1,
				2.522,
				1,
				2.611,
				0.9,
				2.7,
				0.9,
				1,
				2.8,
				0.9,
				2.9,
				1,
				3,
				1,
				1,
				3.456,
				1,
				3.911,
				1,
				4.367,
				1,
				1,
				4.456,
				1,
				4.544,
				0.9,
				4.633,
				0.9,
				1,
				4.733,
				0.9,
				4.833,
				1,
				4.933,
				1,
				1,
				5.067,
				1,
				5.2,
				1,
				5.333,
				1
			]
		},
		{
			"Target": "Parameter",
			"Id": "ParamRyusi1",
			"Segments": [
				0,
				1,
				1,
				0.078,
				1,
				0.156,
				1,
				0.233,
				1,
				1,
				0.278,
				1,
				0.322,
				0.7,
				0.367,
				0.7,
				1,
				0.411,
				0.7,
				0.456,
				1,
				0.5,
				1,
				1,
				2.111,
				1,
				3.722,
				1,
				5.333,
				1
			]
		},
		{
			"Target": "Parameter",
			"Id": "ParamRyusi2",
			"Segments": [
				0,
				1,
				1,
				1.389,
				1,
				2.778,
				1,
				4.167,
				1,
				1,
				4.211,
				1,
				4.256,
				0.7,
				4.3,
				0.7,
				1,
				4.344,
				0.7,
				4.389,
				1,
				4.433,
				1,
				1,
				4.733,
				1,
				5.033,
				1,
				5.333,
				1
			]
		},
		{
			"Target": "Parameter",
			"Id": "ParamRyusi3",
			"Segments": [
				0,
				1,
				1,
				0.844,
				1,
				1.689,
				1,
				2.533,
				1,
				1,
				2.578,
				1,
				2.622,
				0.7,
				2.667,
				0.7,
				1,
				2.711,
				0.7,
				2.756,
				1,
				2.8,
				1,
				1,
				3.644,
				1,
				4.489,
				1,
				5.333,
				1
			]
		},
		{
			"Target": "Parameter",
			"Id": "ParamRyusi4",
			"Segments": [
				0,
				1,
				1,
				0.389,
				1,
				0.778,
				1,
				1.167,
				1,
				1,
				1.211,
				1,
				1.256,
				0.7,
				1.3,
				0.7,
				1,
				1.344,
				0.7,
				1.389,
				1,
				1.433,
				1,
				1,
				2.733,
				1,
				4.033,
				1,
				5.333,
				1
			]
		},
		{
			"Target": "Parameter",
			"Id": "ParamRyusi5",
			"Segments": [
				0,
				1,
				1,
				1.6,
				1,
				3.2,
				1,
				4.8,
				1,
				1,
				4.844,
				1,
				4.889,
				0.7,
				4.933,
				0.7,
				1,
				4.978,
				0.7,
				5.022,
				1,
				5.067,
				1,
				1,
				5.156,
				1,
				5.244,
				1,
				5.333,
				1
			]
		},
		{
			"Target": "Parameter",
			"Id": "ParamRyusi6",
			"Segments": [
				0,
				1,
				1,
				0.633,
				1,
				1.267,
				1,
				1.9,
				1,
				1,
				1.944,
				1,
				1.989,
				0.7,
				2.033,
				0.7,
				1,
				2.078,
				0.7,
				2.122,
				1,
				2.167,
				1,
				1,
				3.222,
				1,
				4.278,
				1,
				5.333,
				1
			]
		},
		{
			"Target": "Parameter",
			"Id": "ParamRyusi7",
			"Segments": [
				0,
				1,
				1,
				1.167,
				1,
				2.333,
				1,
				3.5,
				1,
				1,
				3.544,
				1,
				3.589,
				0.7,
				3.633,
				0.7,
				1,
				3.678,
				0.7,
				3.722,
				1,
				3.767,
				1,
				1,
				4.289,
				1,
				4.811,
				1,
				5.333,
				1
			]
		},
		{
			"Target": "Parameter",
			"Id": "ParamSunN1",
			"Segments": [
				0,
				1,
				1,
				0.356,
				1,
				0.711,
				0.7,
				1.067,
				0.7,
				1,
				1.511,
				0.7,
				1.956,
				1,
				2.4,
				1,
				1,
				2.911,
				1,
				3.422,
				0.9,
				3.933,
				0.9,
				1,
				4.4,
				0.9,
				4.867,
				1,
				5.333,
				1
			]
		},
		{
			"Target": "Parameter",
			"Id": "ParamSunN2",
			"Segments": [
				0,
				1,
				1,
				0.167,
				1,
				0.333,
				0.6,
				0.5,
				0.6,
				1,
				1.178,
				0.6,
				1.856,
				1,
				2.533,
				1,
				1,
				2.878,
				1,
				3.222,
				0.8,
				3.567,
				0.8,
				1,
				4.156,
				0.8,
				4.744,
				1,
				5.333,
				1
			]
		},
		{
			"Target": "Parameter",
			"Id": "ParamSunN3",
			"Segments": [
				0,
				0.8,
				1,
				0.422,
				0.8,
				0.844,
				1,
				1.267,
				1,
				1,
				1.956,
				1,
				2.644,
				0.6,
				3.333,
				0.6,
				1,
				4,
				0.6,
				4.667,
				0.8,
				5.333,
				0.8
			]
		},
		{
			"Target": "Parameter",
			"Id": "ParamSunN4",
			"Segments": [
				0,
				1,
				1,
				1.778,
				1,
				3.556,
				1,
				5.333,
				1
			]
		},
		{
			"Target": "Parameter",
			"Id": "ParamSunN5",
			"Segments": [
				0,
				1,
				1,
				1.778,
				1,
				3.556,
				1,
				5.333,
				1
			]
		},
		{
			"Target": "Parameter",
			"Id": "ParamSunN6",
			"Segments": [
				0,
				1,
				1,
				1.778,
				1,
				3.556,
				1,
				5.333,
				1
			]
		},
		{
			"Target": "Parameter",
			"Id": "ParamSunN1M",
			"Segments": [
				0,
				0,
				1,
				0.5,
				0,
				1,
				-0.2,
				1.5,
				-0.2,
				1,
				2.144,
				-0.2,
				2.789,
				-0.167,
				3.433,
				-0.1,
				1,
				4.067,
				-0.034,
				4.7,
				0,
				5.333,
				0
			]
		},
		{
			"Target": "Parameter",
			"Id": "ParamSunN2M",
			"Segments": [
				0,
				0,
				1,
				0.289,
				0,
				0.578,
				-0.018,
				0.867,
				-0.2,
				1,
				1.589,
				-0.655,
				2.311,
				-1,
				3.033,
				-1,
				1,
				3.8,
				-1,
				4.567,
				0,
				5.333,
				0
			]
		},
		{
			"Target": "Parameter",
			"Id": "ParamSunN3M",
			"Segments": [
				0,
				0,
				1,
				0.544,
				0,
				1.089,
				0.3,
				1.633,
				0.3,
				1,
				2.389,
				0.3,
				3.144,
				-0.3,
				3.9,
				-0.3,
				1,
				4.378,
				-0.3,
				4.856,
				0,
				5.333,
				0
			]
		},
		{
			"Target": "Parameter",
			"Id": "ParamSunN4M",
			"Segments": [
				0,
				0,
				1,
				0.011,
				0,
				0.022,
				0.027,
				0.033,
				0.035,
				1,
				0.311,
				0.217,
				0.589,
				0.301,
				0.867,
				0.301,
				1,
				1.767,
				0.301,
				2.667,
				-0.202,
				3.567,
				-0.202,
				1,
				4.133,
				-0.202,
				4.7,
				-0.142,
				5.267,
				-0.015,
				1,
				5.289,
				-0.01,
				5.311,
				0,
				5.333,
				0
			]
		},
		{
			"Target": "Parameter",
			"Id": "ParamSunN5M",
			"Segments": [
				0,
				0,
				1,
				0.389,
				0,
				0.778,
				-0.3,
				1.167,
				-0.3,
				1,
				1.878,
				-0.3,
				2.589,
				0.2,
				3.3,
				0.2,
				1,
				3.978,
				0.2,
				4.656,
				0,
				5.333,
				0
			]
		},
		{
			"Target": "Parameter",
			"Id": "ParamSunN6M",
			"Segments": [
				0,
				0,
				1,
				0.478,
				0,
				0.956,
				0.024,
				1.433,
				0.2,
				1,
				2.144,
				0.462,
				2.856,
				0.7,
				3.567,
				0.7,
				1,
				4.156,
				0.7,
				4.744,
				0,
				5.333,
				0
			]
		},
		{
			"Target": "Parameter",
			"Id": "ParamSun1",
			"Segments": [
				0,
				1,
				1,
				1.778,
				1,
				3.556,
				1,
				5.333,
				1
			]
		},
		{
			"Target": "Parameter",
			"Id": "ParamSun2",
			"Segments": [
				0,
				1,
				1,
				1.778,
				1,
				3.556,
				1,
				5.333,
				1
			]
		},
		{
			"Target": "Parameter",
			"Id": "ParamSun3",
			"Segments": [
				0,
				1,
				1,
				1.778,
				1,
				3.556,
				1,
				5.333,
				1
			]
		},
		{
			"Target": "Parameter",
			"Id": "ParamSun4",
			"Segments": [
				0,
				1,
				1,
				1.778,
				1,
				3.556,
				1,
				5.333,
				1
			]
		},
		{
			"Target": "Parameter",
			"Id": "ParamSun1M",
			"Segments": [
				0,
				0,
				1,
				0.589,
				0,
				1.178,
				-0.7,
				1.767,
				-0.7,
				1,
				2.956,
				-0.7,
				4.144,
				0,
				5.333,
				0
			]
		},
		{
			"Target": "Parameter",
			"Id": "ParamSun2M",
			"Segments": [
				0,
				0,
				1,
				0.2,
				0,
				0.4,
				0.6,
				0.6,
				0.6,
				1,
				1.478,
				0.6,
				2.356,
				-0.5,
				3.233,
				-0.5,
				1,
				3.933,
				-0.5,
				4.633,
				0,
				5.333,
				0
			]
		},
		{
			"Target": "Parameter",
			"Id": "ParamSun3M",
			"Segments": [
				0,
				0,
				1,
				0.422,
				0,
				0.844,
				0.6,
				1.267,
				0.6,
				1,
				2,
				0.6,
				2.733,
				-0.1,
				3.467,
				-0.1,
				1,
				4.089,
				-0.1,
				4.711,
				0,
				5.333,
				0
			]
		},
		{
			"Target": "Parameter",
			"Id": "ParamSun4M",
			"Segments": [
				0,
				0,
				1,
				0.278,
				0,
				0.556,
				1,
				0.833,
				1,
				1,
				1.878,
				1,
				2.922,
				-0.3,
				3.967,
				-0.3,
				1,
				4.422,
				-0.3,
				4.878,
				0,
				5.333,
				0
			]
		},
		{
			"Target": "Parameter",
			"Id": "ParamJou",
			"Segments": [
				0,
				1,
				1,
				0.033,
				1,
				0.067,
				0.3,
				0.1,
				0.3,
				1,
				0.122,
				0.3,
				0.144,
				0.8,
				0.167,
				0.8,
				1,
				0.2,
				0.8,
				0.233,
				0.6,
				0.267,
				0.6,
				1,
				1.956,
				0.6,
				3.644,
				1,
				5.333,
				1
			]
		}
	]
}