{
	"Version": 3,
	"Meta": {
		"Duration": 5.333,
		"Fps": 30.0,
		"Loop": true,
		"AreBeziersRestricted": false,
		"CurveCount": 103,
		"TotalSegmentCount": 575,
		"TotalPointCount": 1816,
		"UserDataCount": 0,
		"TotalUserDataSize": 0
	},
	"Curves": [
		{
			"Target": "Parameter",
			"Id": "ParamAngleZ",
			"Segments": [
				0,
				0,
				1,
				1.111,
				0,
				2.222,
				-3,
				3.333,
				-3,
				1,
				4,
				-3,
				4.667,
				0,
				5.333,
				0
			]
		},
		{
			"Target": "Parameter",
			"Id": "ParamEyeLOpen",
			"Segments": [
				0,
				1,
				0,
				1.1,
				1,
				1,
				1.144,
				1,
				1.189,
				0,
				1.233,
				0,
				1,
				1.278,
				0,
				1.322,
				1,
				1.367,
				1,
				0,
				5.333,
				1
			]
		},
		{
			"Target": "Parameter",
			"Id": "ParamEyeROpen",
			"Segments": [
				0,
				1,
				0,
				1.1,
				1,
				1,
				1.144,
				1,
				1.189,
				0,
				1.233,
				0,
				1,
				1.278,
				0,
				1.322,
				1,
				1.367,
				1,
				0,
				5.333,
				1
			]
		},
		{
			"Target": "Parameter",
			"Id": "ParamBrowForm",
			"Segments": [
				0,
				0,
				0,
				1.1,
				0,
				1,
				1.144,
				0,
				1.189,
				-0.5,
				1.233,
				-0.5,
				1,
				1.278,
				-0.5,
				1.322,
				0,
				1.367,
				0,
				0,
				5.333,
				0
			]
		},
		{
			"Target": "Parameter",
			"Id": "ParamBreath",
			"Segments": [
				0,
				0,
				1,
				0.778,
				0,
				1.556,
				1,
				2.333,
				1,
				1,
				3.333,
				1,
				4.333,
				0,
				5.333,
				0
			]
		},
		{
			"Target": "Parameter",
			"Id": "Param",
			"Segments": [
				0,
				0,
				1,
				0.778,
				0,
				1.556,
				0,
				2.333,
				0,
				1,
				3.333,
				0,
				4.333,
				0,
				5.333,
				0
			]
		},
		{
			"Target": "Parameter",
			"Id": "Param2",
			"Segments": [
				0,
				0,
				1,
				0.011,
				0,
				0.022,
				0.035,
				0.033,
				0.124,
				1,
				0.356,
				2.701,
				0.678,
				4,
				1,
				4,
				1,
				1.444,
				4,
				1.889,
				2.468,
				2.333,
				0,
				1,
				2.844,
				-2.839,
				3.356,
				-4,
				3.867,
				-4,
				1,
				4.333,
				-4,
				4.8,
				-2.816,
				5.267,
				-0.304,
				1,
				5.289,
				-0.185,
				5.311,
				0,
				5.333,
				0
			]
		},
		{
			"Target": "Parameter",
			"Id": "ParamPaiX",
			"Segments": [
				0,
				0,
				1,
				0.056,
				0,
				0.111,
				0,
				0.167,
				0,
				1,
				0.6,
				0,
				1.033,
				0,
				1.467,
				0,
				1,
				1.922,
				0,
				2.378,
				0,
				2.833,
				0,
				1,
				3.267,
				0,
				3.7,
				0,
				4.133,
				0,
				1,
				4.533,
				0,
				4.933,
				0,
				5.333,
				0
			]
		},
		{
			"Target": "Parameter",
			"Id": "ParamPaiY",
			"Segments": [
				0,
				-9,
				1,
				0.056,
				-9,
				0.111,
				-9,
				0.167,
				-9,
				1,
				0.6,
				-9,
				1.033,
				-4.105,
				1.467,
				0,
				1,
				1.922,
				4.315,
				2.378,
				5,
				2.833,
				5,
				1,
				3.267,
				5,
				3.7,
				3.257,
				4.133,
				0,
				1,
				4.533,
				-3.006,
				4.933,
				-6.459,
				5.333,
				-8.8
			]
		},
		{
			"Target": "Parameter",
			"Id": "ParamPaiX2",
			"Segments": [
				0,
				0,
				1,
				0.033,
				0,
				0.067,
				0,
				0.1,
				0,
				1,
				0.544,
				0,
				0.989,
				0,
				1.433,
				0,
				1,
				1.878,
				0,
				2.322,
				0,
				2.767,
				0,
				1,
				3.211,
				0,
				3.656,
				0,
				4.1,
				0,
				1,
				4.511,
				0,
				4.922,
				0,
				5.333,
				0
			]
		},
		{
			"Target": "Parameter",
			"Id": "ParamPaiY2",
			"Segments": [
				0,
				-12,
				1,
				0.033,
				-12,
				0.067,
				-12,
				0.1,
				-12,
				1,
				0.544,
				-12,
				0.989,
				-6.385,
				1.433,
				0,
				1,
				1.878,
				6.385,
				2.322,
				8,
				2.767,
				8,
				1,
				3.211,
				8,
				3.656,
				4.772,
				4.1,
				0,
				1,
				4.511,
				-4.414,
				4.922,
				-8.83,
				5.333,
				-11.9
			]
		},
		{
			"Target": "Parameter",
			"Id": "ParamPai2X",
			"Segments": [
				0,
				0,
				1,
				0.022,
				0,
				0.044,
				0,
				0.067,
				0,
				1,
				0.5,
				0,
				0.933,
				0,
				1.367,
				0,
				1,
				1.822,
				0,
				2.278,
				0,
				2.733,
				0,
				1,
				3.167,
				0,
				3.6,
				0,
				4.033,
				0,
				1,
				4.467,
				0,
				4.9,
				0,
				5.333,
				0
			]
		},
		{
			"Target": "Parameter",
			"Id": "ParamPai2Y",
			"Segments": [
				0,
				-6,
				1,
				0.022,
				-6,
				0.044,
				-6,
				0.067,
				-6,
				1,
				0.5,
				-6,
				0.933,
				-3.084,
				1.367,
				0,
				1,
				1.822,
				3.243,
				2.278,
				4,
				2.733,
				4,
				1,
				3.167,
				4,
				3.6,
				3.198,
				4.033,
				0,
				1,
				4.467,
				-3.198,
				4.9,
				-6,
				5.333,
				-6
			]
		},
		{
			"Target": "Parameter",
			"Id": "ParamPai2X2",
			"Segments": [
				0,
				0,
				1,
				0.444,
				0,
				0.889,
				0,
				1.333,
				0,
				1,
				1.778,
				0,
				2.222,
				0,
				2.667,
				0,
				1,
				3.111,
				0,
				3.556,
				0,
				4,
				0,
				1,
				4.444,
				0,
				4.889,
				0,
				5.333,
				0
			]
		},
		{
			"Target": "Parameter",
			"Id": "ParamPai2Y2",
			"Segments": [
				0,
				-8,
				1,
				0.444,
				-8,
				0.889,
				-5.646,
				1.333,
				0,
				1,
				1.778,
				5.646,
				2.222,
				9,
				2.667,
				9,
				1,
				3.111,
				9,
				3.556,
				5.646,
				4,
				0,
				1,
				4.444,
				-5.646,
				4.889,
				-8,
				5.333,
				-8
			]
		},
		{
			"Target": "Parameter",
			"Id": "ParamLF",
			"Segments": [
				0,
				0,
				1,
				0.011,
				0,
				0.022,
				0.065,
				0.033,
				0.125,
				1,
				0.522,
				2.725,
				1.011,
				4,
				1.5,
				4,
				1,
				1.944,
				4,
				2.389,
				2.285,
				2.833,
				0,
				1,
				3.278,
				-2.285,
				3.722,
				-3,
				4.167,
				-3,
				1,
				4.544,
				-3,
				4.922,
				-2.116,
				5.3,
				-0.242,
				1,
				5.311,
				-0.187,
				5.322,
				0,
				5.333,
				0
			]
		},
		{
			"Target": "Parameter",
			"Id": "ParamRF1",
			"Segments": [
				0,
				0,
				1,
				0.011,
				0,
				0.022,
				0.096,
				0.033,
				0.125,
				1,
				0.522,
				1.393,
				1.011,
				2,
				1.5,
				2,
				1,
				1.944,
				2,
				2.389,
				1.333,
				2.833,
				0,
				1,
				3.278,
				-1.333,
				3.722,
				-2,
				4.167,
				-2,
				1,
				4.544,
				-2,
				4.922,
				-1.413,
				5.3,
				-0.166,
				1,
				5.311,
				-0.129,
				5.322,
				0,
				5.333,
				0
			]
		},
		{
			"Target": "Parameter",
			"Id": "ParamRF2",
			"Segments": [
				0,
				0,
				1,
				0.011,
				0,
				0.022,
				-0.148,
				0.033,
				-0.173,
				1,
				0.578,
				-1.41,
				1.122,
				-2,
				1.667,
				-2,
				1,
				2.111,
				-2,
				2.556,
				-1.333,
				3,
				0,
				1,
				3.444,
				1.333,
				3.889,
				2,
				4.333,
				2,
				1,
				4.656,
				2,
				4.978,
				1.426,
				5.3,
				0.194,
				1,
				5.311,
				0.151,
				5.322,
				0,
				5.333,
				0
			]
		},
		{
			"Target": "Parameter",
			"Id": "ParamRA1",
			"Segments": [
				0,
				0,
				1,
				0.011,
				0,
				0.022,
				0.059,
				0.033,
				0.069,
				1,
				0.356,
				0.364,
				0.678,
				0.5,
				1,
				0.5,
				1,
				1.444,
				0.5,
				1.889,
				0.333,
				2.333,
				0,
				1,
				2.778,
				-0.333,
				3.222,
				-0.5,
				3.667,
				-0.5,
				1,
				4.211,
				-0.5,
				4.756,
				-0.371,
				5.3,
				-0.097,
				1,
				5.311,
				-0.091,
				5.322,
				0,
				5.333,
				0
			]
		},
		{
			"Target": "Parameter",
			"Id": "ParamRA2",
			"Segments": [
				0,
				0,
				1,
				0.011,
				0,
				0.022,
				0.061,
				0.033,
				0.069,
				1,
				0.411,
				0.363,
				0.789,
				0.5,
				1.167,
				0.5,
				1,
				1.611,
				0.5,
				2.056,
				0.333,
				2.5,
				0,
				1,
				2.944,
				-0.333,
				3.389,
				-0.5,
				3.833,
				-0.5,
				1,
				4.322,
				-0.5,
				4.811,
				-0.371,
				5.3,
				-0.097,
				1,
				5.311,
				-0.091,
				5.322,
				0,
				5.333,
				0
			]
		},
		{
			"Target": "Parameter",
			"Id": "ParamRA3",
			"Segments": [
				0,
				0,
				1,
				0.011,
				0,
				0.022,
				0.062,
				0.033,
				0.069,
				1,
				0.467,
				0.363,
				0.9,
				0.5,
				1.333,
				0.5,
				1,
				1.778,
				0.5,
				2.222,
				0.333,
				2.667,
				0,
				1,
				3.111,
				-0.333,
				3.556,
				-0.5,
				4,
				-0.5,
				1,
				4.433,
				-0.5,
				4.867,
				-0.372,
				5.3,
				-0.097,
				1,
				5.311,
				-0.09,
				5.322,
				0,
				5.333,
				0
			]
		},
		{
			"Target": "Parameter",
			"Id": "ParamRA4",
			"Segments": [
				0,
				0,
				1,
				0.011,
				0,
				0.022,
				0.063,
				0.033,
				0.069,
				1,
				0.533,
				0.362,
				1.033,
				0.5,
				1.533,
				0.5,
				1,
				1.967,
				0.5,
				2.4,
				0.333,
				2.833,
				0,
				1,
				3.267,
				-0.333,
				3.7,
				-0.5,
				4.133,
				-0.5,
				1,
				4.522,
				-0.5,
				4.911,
				-0.372,
				5.3,
				-0.097,
				1,
				5.311,
				-0.089,
				5.322,
				0,
				5.333,
				0
			]
		},
		{
			"Target": "Parameter",
			"Id": "ParamLA1",
			"Segments": [
				0,
				0,
				1,
				0.011,
				0,
				0.022,
				0.249,
				0.033,
				0.266,
				1,
				0.356,
				0.771,
				0.678,
				1,
				1,
				1,
				1,
				1.444,
				1,
				1.889,
				0.555,
				2.333,
				0,
				1,
				2.933,
				-0.749,
				3.533,
				-1,
				4.133,
				-1,
				1,
				4.522,
				-1,
				4.911,
				-0.763,
				5.3,
				-0.251,
				1,
				5.311,
				-0.237,
				5.322,
				0,
				5.333,
				0
			]
		},
		{
			"Target": "Parameter",
			"Id": "ParamLA2",
			"Segments": [
				0,
				0,
				1,
				0.011,
				0,
				0.022,
				0.27,
				0.033,
				0.304,
				1,
				0.411,
				1.462,
				0.789,
				2,
				1.167,
				2,
				1,
				1.611,
				2,
				2.056,
				1.333,
				2.5,
				0,
				1,
				2.944,
				-1.333,
				3.389,
				-2,
				3.833,
				-2,
				1,
				4.322,
				-2,
				4.811,
				-1.455,
				5.3,
				-0.3,
				1,
				5.311,
				-0.274,
				5.322,
				0,
				5.333,
				0
			]
		},
		{
			"Target": "Parameter",
			"Id": "ParamLA3",
			"Segments": [
				0,
				0,
				1,
				0.011,
				0,
				0.022,
				0.062,
				0.033,
				0.069,
				1,
				0.467,
				0.363,
				0.9,
				0.5,
				1.333,
				0.5,
				1,
				1.778,
				0.5,
				2.222,
				0.333,
				2.667,
				0,
				1,
				3.111,
				-0.333,
				3.556,
				-0.5,
				4,
				-0.5,
				1,
				4.433,
				-0.5,
				4.867,
				-0.363,
				5.3,
				-0.069,
				1,
				5.311,
				-0.062,
				5.322,
				0,
				5.333,
				0
			]
		},
		{
			"Target": "Parameter",
			"Id": "ParamLA4",
			"Segments": [
				0,
				0,
				1,
				0.011,
				0,
				0.022,
				0.04,
				0.033,
				0.069,
				1,
				0.522,
				1.367,
				1.011,
				2,
				1.5,
				2,
				1,
				1.944,
				2,
				2.389,
				1.6,
				2.833,
				0,
				1,
				3.278,
				-1.6,
				3.722,
				-3,
				4.167,
				-3,
				1,
				4.533,
				-3,
				4.9,
				-2.33,
				5.267,
				-0.775,
				1,
				5.289,
				-0.681,
				5.311,
				0,
				5.333,
				0
			]
		},
		{
			"Target": "Parameter",
			"Id": "ParamLA5",
			"Segments": [
				0,
				0,
				1,
				0.022,
				0,
				0.044,
				0.535,
				0.067,
				0.618,
				1,
				0.6,
				2.602,
				1.133,
				3.5,
				1.667,
				3.5,
				1,
				2.111,
				3.5,
				2.556,
				2.333,
				3,
				0,
				1,
				3.444,
				-2.333,
				3.889,
				-3.5,
				4.333,
				-3.5,
				1,
				4.644,
				-3.5,
				4.956,
				-2.679,
				5.267,
				-0.761,
				1,
				5.289,
				-0.624,
				5.311,
				0,
				5.333,
				0
			]
		},
		{
			"Target": "Parameter",
			"Id": "ParamLightAn1",
			"Segments": [
				0,
				0,
				1,
				0.011,
				0,
				0.022,
				1.053,
				0.033,
				1.223,
				1,
				0.467,
				7.858,
				0.9,
				11,
				1.333,
				11,
				1,
				1.778,
				11,
				2.222,
				6.596,
				2.667,
				0,
				1,
				3.111,
				-6.596,
				3.556,
				-9,
				4,
				-9,
				1,
				4.433,
				-9,
				4.867,
				-6.483,
				5.3,
				-1.153,
				1,
				5.311,
				-1.016,
				5.322,
				0,
				5.333,
				0
			]
		},
		{
			"Target": "Parameter",
			"Id": "ParamLightAn2",
			"Segments": [
				0,
				0,
				1,
				0.889,
				0,
				1.778,
				0,
				2.667,
				0,
				1,
				3.556,
				0,
				4.444,
				0,
				5.333,
				0
			]
		},
		{
			"Target": "Parameter",
			"Id": "ParamLightSB",
			"Segments": [
				0,
				-30,
				1,
				0.211,
				-30,
				0.422,
				-21.665,
				0.633,
				-11,
				1,
				0.722,
				-6.51,
				0.811,
				-6,
				0.9,
				-6,
				1,
				0.922,
				-6,
				0.944,
				-24,
				0.967,
				-24,
				1,
				1,
				-24,
				1.033,
				-11,
				1.067,
				-11,
				1,
				1.1,
				-11,
				1.133,
				-30,
				1.167,
				-30,
				1,
				1.189,
				-30,
				1.211,
				-13.548,
				1.233,
				-8,
				1,
				1.267,
				0.322,
				1.3,
				1,
				1.333,
				1,
				1,
				1.378,
				1,
				1.422,
				-0.016,
				1.467,
				-8,
				1,
				1.489,
				-11.992,
				1.511,
				-30,
				1.533,
				-30,
				1,
				1.567,
				-30,
				1.6,
				-29.65,
				1.633,
				-24,
				1,
				1.656,
				-20.233,
				1.678,
				-6,
				1.7,
				-6,
				1,
				1.767,
				-6,
				1.833,
				-7.69,
				1.9,
				-11,
				1,
				2.156,
				-23.689,
				2.411,
				-30,
				2.667,
				-30,
				1,
				2.9,
				-30,
				3.133,
				-19,
				3.367,
				-19,
				1,
				3.4,
				-19,
				3.433,
				-30,
				3.467,
				-30,
				1,
				3.489,
				-30,
				3.511,
				-13,
				3.533,
				-13,
				1,
				3.567,
				-13,
				3.6,
				-21,
				3.633,
				-21,
				1,
				3.656,
				-21,
				3.678,
				-8,
				3.7,
				-8,
				1,
				3.733,
				-8,
				3.767,
				-20,
				3.8,
				-20,
				1,
				3.822,
				-20,
				3.844,
				-8,
				3.867,
				-8,
				1,
				3.889,
				-8,
				3.911,
				-22,
				3.933,
				-22,
				1,
				3.956,
				-22,
				3.978,
				-6,
				4,
				-6,
				1,
				4.033,
				-6,
				4.067,
				-22,
				4.1,
				-22,
				1,
				4.122,
				-22,
				4.144,
				-8,
				4.167,
				-8,
				1,
				4.2,
				-8,
				4.233,
				-20,
				4.267,
				-20,
				1,
				4.3,
				-20,
				4.333,
				-8,
				4.367,
				-8,
				1,
				4.389,
				-8,
				4.411,
				-21,
				4.433,
				-21,
				1,
				4.456,
				-21,
				4.478,
				-13,
				4.5,
				-13,
				1,
				4.522,
				-13,
				4.544,
				-30,
				4.567,
				-30,
				1,
				4.6,
				-30,
				4.633,
				-21.076,
				4.667,
				-19,
				1,
				4.889,
				-5.16,
				5.111,
				0,
				5.333,
				0
			]
		},
		{
			"Target": "Parameter",
			"Id": "ParamLightR",
			"Segments": [
				0,
				0,
				1,
				0.011,
				0,
				0.022,
				-0.071,
				0.033,
				-0.087,
				1,
				0.467,
				-0.707,
				0.9,
				-1,
				1.333,
				-1,
				1,
				1.778,
				-1,
				2.222,
				-0.667,
				2.667,
				0,
				1,
				3.111,
				0.667,
				3.556,
				1,
				4,
				1,
				1,
				4.433,
				1,
				4.867,
				0.713,
				5.3,
				0.105,
				1,
				5.311,
				0.089,
				5.322,
				0,
				5.333,
				0
			]
		},
		{
			"Target": "Parameter",
			"Id": "ParamLightM",
			"Segments": [
				0,
				0,
				1,
				0.444,
				0,
				0.889,
				0.6,
				1.333,
				0.6,
				1,
				1.778,
				0.6,
				2.222,
				0,
				2.667,
				0,
				1,
				3.111,
				0,
				3.556,
				1,
				4,
				1,
				1,
				4.444,
				1,
				4.889,
				0,
				5.333,
				0
			]
		},
		{
			"Target": "Parameter",
			"Id": "Param_Angle_Rotation",
			"Segments": [
				0,
				0,
				1,
				0.011,
				0,
				0.022,
				-0.188,
				0.033,
				-0.253,
				1,
				0.467,
				-2.789,
				0.9,
				-4,
				1.333,
				-4,
				1,
				1.778,
				-4,
				2.222,
				-2.667,
				2.667,
				0,
				1,
				3.111,
				2.667,
				3.556,
				4,
				4,
				4,
				1,
				4.433,
				4,
				4.867,
				2.789,
				5.3,
				0.253,
				1,
				5.311,
				0.188,
				5.322,
				0,
				5.333,
				0
			]
		},
		{
			"Target": "Parameter",
			"Id": "Param_Angle_Rotation2",
			"Segments": [
				0,
				0.2,
				1,
				0.022,
				0.2,
				0.044,
				-0.168,
				0.067,
				-0.286,
				1,
				0.544,
				-2.834,
				1.022,
				-4,
				1.5,
				-4,
				1,
				1.944,
				-4,
				2.389,
				-2.667,
				2.833,
				0,
				1,
				3.278,
				2.667,
				3.722,
				4,
				4.167,
				4,
				1,
				4.556,
				4,
				4.944,
				2.284,
				5.333,
				0.2
			]
		},
		{
			"Target": "Parameter",
			"Id": "Param_Angle_Rotation3",
			"Segments": [
				0,
				0.6,
				1,
				0.022,
				0.6,
				0.044,
				0.39,
				0.067,
				0.269,
				1,
				0.6,
				-2.63,
				1.133,
				-4,
				1.667,
				-4,
				1,
				2.111,
				-4,
				2.556,
				-2.667,
				3,
				0,
				1,
				3.444,
				2.667,
				3.889,
				4,
				4.333,
				4,
				1,
				4.667,
				4,
				5,
				2.453,
				5.333,
				0.6
			]
		},
		{
			"Target": "Parameter",
			"Id": "Param_Angle_Rotation4",
			"Segments": [
				0,
				1.3,
				1,
				0.033,
				1.3,
				0.067,
				1.053,
				0.1,
				0.842,
				1,
				0.622,
				-2.469,
				1.144,
				-4.029,
				1.667,
				-4.029,
				1,
				2.167,
				-4.029,
				2.667,
				-2.825,
				3.167,
				0,
				1,
				3.611,
				2.511,
				4.056,
				4,
				4.5,
				4,
				1,
				4.778,
				4,
				5.056,
				2.948,
				5.333,
				1.3
			]
		},
		{
			"Target": "Parameter",
			"Id": "Param_Angle_Rotation5",
			"Segments": [
				0,
				1.6,
				1,
				0.022,
				1.6,
				0.044,
				1.229,
				0.067,
				1.097,
				1,
				0.656,
				-2.389,
				1.244,
				-4.017,
				1.833,
				-4.017,
				1,
				2.333,
				-4.017,
				2.833,
				-2.807,
				3.333,
				0,
				1,
				3.767,
				2.433,
				4.2,
				3.866,
				4.633,
				3.866,
				1,
				4.867,
				3.866,
				5.1,
				3.058,
				5.333,
				1.6
			]
		},
		{
			"Target": "Parameter",
			"Id": "Param_Angle_Rotation7",
			"Segments": [
				0,
				0,
				1,
				0.011,
				0,
				0.022,
				-0.102,
				0.033,
				-0.152,
				1,
				0.467,
				-2.075,
				0.9,
				-3,
				1.333,
				-3,
				1,
				1.778,
				-3,
				2.222,
				-2,
				2.667,
				0,
				1,
				3.111,
				2,
				3.556,
				3,
				4,
				3,
				1,
				4.433,
				3,
				4.867,
				2.092,
				5.3,
				0.189,
				1,
				5.311,
				0.141,
				5.322,
				0,
				5.333,
				0
			]
		},
		{
			"Target": "Parameter",
			"Id": "Param_Angle_Rotation8",
			"Segments": [
				0,
				0.1,
				1,
				0.022,
				0.1,
				0.044,
				-0.204,
				0.067,
				-0.291,
				1,
				0.544,
				-2.152,
				1.022,
				-3,
				1.5,
				-3,
				1,
				1.944,
				-3,
				2.389,
				-2,
				2.833,
				0,
				1,
				3.278,
				2,
				3.722,
				3,
				4.167,
				3,
				1,
				4.556,
				3,
				4.944,
				1.486,
				5.333,
				0.1
			]
		},
		{
			"Target": "Parameter",
			"Id": "Param_Angle_Rotation9",
			"Segments": [
				0,
				0.5,
				1,
				0.022,
				0.5,
				0.044,
				0.349,
				0.067,
				0.274,
				1,
				0.544,
				-1.354,
				1.022,
				-2.113,
				1.5,
				-2.113,
				1,
				2,
				-2.113,
				2.5,
				-1.709,
				3,
				0,
				1,
				3.444,
				1.519,
				3.889,
				3,
				4.333,
				3,
				1,
				4.667,
				3,
				5,
				1.928,
				5.333,
				0.5
			]
		},
		{
			"Target": "Parameter",
			"Id": "Param_Angle_Rotation11",
			"Segments": [
				0,
				0,
				1,
				0.011,
				0,
				0.022,
				0.202,
				0.033,
				0.301,
				1,
				0.467,
				4.149,
				0.9,
				6,
				1.333,
				6,
				1,
				1.778,
				6,
				2.222,
				4.307,
				2.667,
				0,
				1,
				3.111,
				-4.307,
				3.556,
				-7,
				4,
				-7,
				1,
				4.433,
				-7,
				4.867,
				-4.878,
				5.3,
				-0.438,
				1,
				5.311,
				-0.324,
				5.322,
				0,
				5.333,
				0
			]
		},
		{
			"Target": "Parameter",
			"Id": "Param_Angle_Rotation12",
			"Segments": [
				0,
				-0.3,
				1,
				0.022,
				-0.3,
				0.044,
				0.148,
				0.067,
				0.328,
				1,
				0.544,
				4.207,
				1.022,
				6,
				1.5,
				6,
				1,
				1.944,
				6,
				2.389,
				4.307,
				2.833,
				0,
				1,
				3.278,
				-4.307,
				3.722,
				-7,
				4.167,
				-7,
				1,
				4.556,
				-7,
				4.944,
				-3.791,
				5.333,
				-0.3
			]
		},
		{
			"Target": "Parameter",
			"Id": "Param_Angle_Rotation13",
			"Segments": [
				0,
				-1.1,
				1,
				0.022,
				-1.1,
				0.044,
				-0.679,
				0.067,
				-0.467,
				1,
				0.533,
				3.984,
				1,
				6.06,
				1.467,
				6.06,
				1,
				1.978,
				6.06,
				2.489,
				4.562,
				3,
				0,
				1,
				3.444,
				-3.967,
				3.889,
				-7,
				4.333,
				-7,
				1,
				4.667,
				-7,
				5,
				-4.379,
				5.333,
				-1.1
			]
		},
		{
			"Target": "Parameter",
			"Id": "Param_Angle_Rotation16",
			"Segments": [
				0,
				-0.3,
				1,
				0.011,
				-0.3,
				0.022,
				-0.187,
				0.033,
				-0.153,
				1,
				0.5,
				1.304,
				0.967,
				2,
				1.433,
				2,
				1,
				1.956,
				2,
				2.478,
				1.008,
				3,
				0,
				1,
				3.444,
				-0.858,
				3.889,
				-1,
				4.333,
				-1,
				1,
				4.667,
				-1,
				5,
				-0.83,
				5.333,
				-0.3
			]
		},
		{
			"Target": "Parameter",
			"Id": "Param_Angle_Rotation17",
			"Segments": [
				0,
				-0.6,
				1,
				0.011,
				-0.6,
				0.022,
				-0.539,
				0.033,
				-0.519,
				1,
				0.589,
				0.506,
				1.144,
				1,
				1.7,
				1,
				1,
				2.189,
				1,
				2.678,
				0.697,
				3.167,
				0,
				1,
				3.611,
				-0.633,
				4.056,
				-1,
				4.5,
				-1,
				1,
				4.778,
				-1,
				5.056,
				-0.94,
				5.333,
				-0.6
			]
		},
		{
			"Target": "Parameter",
			"Id": "Param_Angle_Rotation18",
			"Segments": [
				0,
				-0.657,
				1,
				0.033,
				-0.657,
				0.067,
				-0.604,
				0.1,
				-0.551,
				1,
				0.222,
				-0.355,
				0.344,
				-0.176,
				0.467,
				0,
				1,
				0.933,
				0.674,
				1.4,
				1,
				1.867,
				1,
				1,
				2.356,
				1,
				2.844,
				0.697,
				3.333,
				0,
				1,
				3.778,
				-0.633,
				4.222,
				-1,
				4.667,
				-1,
				1,
				4.889,
				-1,
				5.111,
				-0.97,
				5.333,
				-0.657
			]
		},
		{
			"Target": "Parameter",
			"Id": "Param_Angle_Rotation20",
			"Segments": [
				0,
				-0.5,
				1,
				0.011,
				-0.5,
				0.022,
				-0.393,
				0.033,
				-0.347,
				1,
				0.578,
				1.909,
				1.122,
				3,
				1.667,
				3,
				1,
				2.111,
				3,
				2.556,
				2,
				3,
				0,
				1,
				3.444,
				-2,
				3.889,
				-3,
				4.333,
				-3,
				1,
				4.667,
				-3,
				5,
				-2.361,
				5.333,
				-0.5
			]
		},
		{
			"Target": "Parameter",
			"Id": "Param_Angle_Rotation21",
			"Segments": [
				0,
				-0.9,
				1,
				0.022,
				-0.9,
				0.044,
				-0.675,
				0.067,
				-0.583,
				1,
				0.656,
				1.856,
				1.244,
				3,
				1.833,
				3,
				1,
				2.278,
				3,
				2.722,
				2,
				3.167,
				0,
				1,
				3.611,
				-2,
				4.056,
				-3,
				4.5,
				-3,
				1,
				4.778,
				-3,
				5.056,
				-2.531,
				5.333,
				-0.9
			]
		},
		{
			"Target": "Parameter",
			"Id": "Param_Angle_Rotation22",
			"Segments": [
				0,
				-1.5,
				1,
				0.033,
				-1.5,
				0.067,
				-1.192,
				0.1,
				-0.988,
				1,
				0.689,
				2.608,
				1.278,
				4.287,
				1.867,
				4.287,
				1,
				2.356,
				4.287,
				2.844,
				2.501,
				3.333,
				0,
				1,
				3.778,
				-2.274,
				4.222,
				-3,
				4.667,
				-3,
				1,
				4.889,
				-3,
				5.111,
				-2.75,
				5.333,
				-1.5
			]
		},
		{
			"Target": "Parameter",
			"Id": "Param_Angle_Rotation25",
			"Segments": [
				0,
				0.1,
				1,
				0.011,
				0.1,
				0.022,
				0.046,
				0.033,
				0,
				1,
				0.522,
				-2.014,
				1.011,
				-3,
				1.5,
				-3,
				1,
				1.944,
				-3,
				2.389,
				-2,
				2.833,
				0,
				1,
				3.278,
				2,
				3.722,
				3,
				4.167,
				3,
				1,
				4.556,
				3,
				4.944,
				2.114,
				5.333,
				0.1
			]
		},
		{
			"Target": "Parameter",
			"Id": "Param_Angle_Rotation26",
			"Segments": [
				0,
				0.5,
				1,
				0.022,
				0.5,
				0.044,
				0.314,
				0.067,
				0.222,
				1,
				0.6,
				-1.971,
				1.133,
				-3,
				1.667,
				-3,
				1,
				2.111,
				-3,
				2.556,
				-2,
				3,
				0,
				1,
				3.444,
				2,
				3.889,
				3,
				4.333,
				3,
				1,
				4.667,
				3,
				5,
				2.302,
				5.333,
				0.5
			]
		},
		{
			"Target": "Parameter",
			"Id": "Param_Angle_Rotation27",
			"Segments": [
				0,
				1.3,
				1,
				0.022,
				1.3,
				0.044,
				0.977,
				0.067,
				0.852,
				1,
				0.656,
				-2.453,
				1.244,
				-4,
				1.833,
				-4,
				1,
				2.278,
				-4,
				2.722,
				-2.667,
				3.167,
				0,
				1,
				3.611,
				2.667,
				4.056,
				4,
				4.5,
				4,
				1,
				4.778,
				4,
				5.056,
				3.469,
				5.333,
				1.3
			]
		},
		{
			"Target": "Parameter",
			"Id": "Param_Angle_Rotation28",
			"Segments": [
				0,
				3,
				1,
				0.022,
				3,
				0.044,
				2.583,
				0.067,
				2.368,
				1,
				0.578,
				-2.573,
				1.089,
				-4.892,
				1.6,
				-4.892,
				1,
				2.178,
				-4.892,
				2.756,
				-3.889,
				3.333,
				0,
				1,
				3.778,
				2.992,
				4.222,
				6,
				4.667,
				6,
				1,
				4.889,
				6,
				5.111,
				5.657,
				5.333,
				3
			]
		},
		{
			"Target": "Parameter",
			"Id": "Param_Angle_Rotation32",
			"Segments": [
				0,
				1.3,
				1,
				0.022,
				1.3,
				0.044,
				0.9,
				0.067,
				0.852,
				1,
				0.656,
				-0.421,
				1.244,
				-1,
				1.833,
				-1,
				1,
				2.278,
				-1,
				2.722,
				-0.889,
				3.167,
				0,
				1,
				3.611,
				0.889,
				4.056,
				2,
				4.5,
				2,
				1,
				4.778,
				2,
				5.056,
				1.927,
				5.333,
				1.3
			]
		},
		{
			"Target": "Parameter",
			"Id": "Param_Angle_Rotation33",
			"Segments": [
				0,
				3.5,
				1,
				0.022,
				3.5,
				0.044,
				2.945,
				0.067,
				2.773,
				1,
				0.578,
				-1.18,
				1.089,
				-3,
				1.6,
				-3,
				1,
				2.122,
				-3,
				2.644,
				-1.539,
				3.167,
				0,
				1,
				3.6,
				1.277,
				4.033,
				2.286,
				4.467,
				3,
				1,
				4.756,
				3.476,
				5.044,
				3.5,
				5.333,
				3.5
			]
		},
		{
			"Target": "Parameter",
			"Id": "Param_Angle_Rotation34",
			"Segments": [
				0,
				6.2,
				1,
				0.022,
				6.2,
				0.044,
				5.805,
				0.067,
				5.498,
				1,
				0.244,
				3.039,
				0.422,
				-0.904,
				0.6,
				-1.583,
				1,
				1.122,
				-3.58,
				1.644,
				-4,
				2.167,
				-4,
				1,
				2.611,
				-4,
				3.056,
				-2.104,
				3.5,
				0,
				1,
				3.856,
				1.683,
				4.211,
				2.441,
				4.567,
				4,
				1,
				4.822,
				5.12,
				5.078,
				6.2,
				5.333,
				6.2
			]
		},
		{
			"Target": "Parameter",
			"Id": "Param_Angle_Rotation36",
			"Segments": [
				0,
				0.9,
				1,
				0.022,
				0.9,
				0.044,
				0.831,
				0.067,
				0.764,
				1,
				0.178,
				0.427,
				0.289,
				0.09,
				0.4,
				-0.197,
				1,
				0.878,
				-1.428,
				1.356,
				-2,
				1.833,
				-2,
				1,
				2.278,
				-2,
				2.722,
				-1.6,
				3.167,
				0,
				1,
				3.611,
				1.6,
				4.056,
				3,
				4.5,
				3,
				1,
				4.778,
				3,
				5.056,
				2.117,
				5.333,
				0.9
			]
		},
		{
			"Target": "Parameter",
			"Id": "Param_Angle_Rotation37",
			"Segments": [
				0,
				1.5,
				1,
				0.022,
				1.5,
				0.044,
				1.284,
				0.067,
				1.215,
				1,
				0.233,
				0.701,
				0.4,
				0.222,
				0.567,
				-0.208,
				1,
				1.044,
				-1.442,
				1.522,
				-2,
				2,
				-2,
				1,
				2.444,
				-2,
				2.889,
				-1.6,
				3.333,
				0,
				1,
				3.778,
				1.6,
				4.222,
				3,
				4.667,
				3,
				1,
				4.889,
				3,
				5.111,
				2.5,
				5.333,
				1.5
			]
		},
		{
			"Target": "Parameter",
			"Id": "Param_Angle_Rotation38",
			"Segments": [
				0,
				2.7,
				1,
				0.022,
				2.7,
				0.044,
				2.53,
				0.067,
				2.423,
				1,
				0.244,
				1.573,
				0.422,
				0.709,
				0.6,
				0,
				1,
				1.122,
				-2.083,
				1.644,
				-3,
				2.167,
				-3,
				1,
				2.611,
				-3,
				3.056,
				-2.327,
				3.5,
				0,
				1,
				3.9,
				2.094,
				4.3,
				3.843,
				4.7,
				3.843,
				1,
				4.911,
				3.843,
				5.122,
				3.837,
				5.333,
				2.7
			]
		},
		{
			"Target": "Parameter",
			"Id": "Param_Angle_Rotation39",
			"Segments": [
				0,
				5.1,
				1,
				0.022,
				5.1,
				0.044,
				4.851,
				0.067,
				4.734,
				1,
				0.378,
				3.098,
				0.689,
				1.736,
				1,
				0,
				1,
				1.444,
				-2.48,
				1.889,
				-4,
				2.333,
				-4,
				1,
				2.778,
				-4,
				3.222,
				-3.198,
				3.667,
				0,
				1,
				4.111,
				3.198,
				4.556,
				6,
				5,
				6,
				1,
				5.111,
				6,
				5.222,
				5.749,
				5.333,
				5.1
			]
		},
		{
			"Target": "Parameter",
			"Id": "Param_Angle_Rotation40",
			"Segments": [
				0,
				7.7,
				1,
				0.022,
				7.7,
				0.044,
				7.457,
				0.067,
				7.29,
				1,
				0.4,
				4.798,
				0.733,
				2.63,
				1.067,
				0,
				1,
				1.544,
				-3.77,
				2.022,
				-6,
				2.5,
				-6,
				1,
				2.944,
				-6,
				3.389,
				-4.791,
				3.833,
				0,
				1,
				4.256,
				4.551,
				4.678,
				8.658,
				5.1,
				8.658,
				1,
				5.178,
				8.658,
				5.256,
				8.631,
				5.333,
				7.7
			]
		},
		{
			"Target": "Parameter",
			"Id": "Param_Angle_Rotation44",
			"Segments": [
				0,
				3,
				1,
				0.022,
				3,
				0.044,
				2.713,
				0.067,
				2.546,
				1,
				0.2,
				1.544,
				0.333,
				0.591,
				0.467,
				-0.255,
				1,
				0.978,
				-3.496,
				1.489,
				-5,
				2,
				-5,
				1,
				2.444,
				-5,
				2.889,
				-3.636,
				3.333,
				0,
				1,
				3.778,
				3.636,
				4.222,
				6,
				4.667,
				6,
				1,
				4.889,
				6,
				5.111,
				5,
				5.333,
				3
			]
		},
		{
			"Target": "Parameter",
			"Id": "Param_Angle_Rotation45",
			"Segments": [
				0,
				4.8,
				1,
				0.022,
				4.8,
				0.044,
				4.443,
				0.067,
				4.243,
				1,
				0.233,
				2.744,
				0.4,
				1.285,
				0.567,
				0,
				1,
				1.1,
				-4.114,
				1.633,
				-6,
				2.167,
				-6,
				1,
				2.611,
				-6,
				3.056,
				-4.307,
				3.5,
				0,
				1,
				3.944,
				4.307,
				4.389,
				7,
				4.833,
				7,
				1,
				5,
				7,
				5.167,
				6.293,
				5.333,
				4.8
			]
		},
		{
			"Target": "Parameter",
			"Id": "Param_Angle_Rotation46",
			"Segments": [
				0,
				5.9,
				1,
				0.022,
				5.9,
				0.044,
				5.632,
				0.067,
				5.475,
				1,
				0.333,
				3.583,
				0.6,
				2.041,
				0.867,
				0,
				1,
				1.356,
				-3.741,
				1.844,
				-6,
				2.333,
				-6,
				1,
				2.778,
				-6,
				3.222,
				-4.515,
				3.667,
				0,
				1,
				4.078,
				4.176,
				4.489,
				7.286,
				4.9,
				7.286,
				1,
				5.044,
				7.286,
				5.189,
				7.255,
				5.333,
				5.9
			]
		},
		{
			"Target": "Parameter",
			"Id": "Param_Angle_Rotation48",
			"Segments": [
				0,
				0.6,
				1,
				0.022,
				0.6,
				0.044,
				0.482,
				0.067,
				0.417,
				1,
				0.122,
				0.252,
				0.178,
				0.139,
				0.233,
				0,
				1,
				0.767,
				-1.333,
				1.3,
				-2,
				1.833,
				-2,
				1,
				2.278,
				-2,
				2.722,
				-1.333,
				3.167,
				0,
				1,
				3.611,
				1.333,
				4.056,
				2,
				4.5,
				2,
				1,
				4.778,
				2,
				5.056,
				1.412,
				5.333,
				0.6
			]
		},
		{
			"Target": "Parameter",
			"Id": "Param_Angle_Rotation49",
			"Segments": [
				0,
				1,
				1,
				0.022,
				1,
				0.044,
				0.917,
				0.067,
				0.861,
				1,
				0.189,
				0.553,
				0.311,
				0.307,
				0.433,
				0,
				1,
				0.956,
				-1.312,
				1.478,
				-2,
				2,
				-2,
				1,
				2.444,
				-2,
				2.889,
				-1.333,
				3.333,
				0,
				1,
				3.778,
				1.333,
				4.222,
				2,
				4.667,
				2,
				1,
				4.889,
				2,
				5.111,
				1.667,
				5.333,
				1
			]
		},
		{
			"Target": "Parameter",
			"Id": "Param_Angle_Rotation50",
			"Segments": [
				0,
				2.7,
				1,
				0.022,
				2.7,
				0.044,
				2.575,
				0.067,
				2.479,
				1,
				0.267,
				1.621,
				0.467,
				0.807,
				0.667,
				0,
				1,
				1.167,
				-2.018,
				1.667,
				-3,
				2.167,
				-3,
				1,
				2.611,
				-3,
				3.056,
				-2.316,
				3.5,
				0,
				1,
				3.911,
				2.143,
				4.322,
				3.879,
				4.733,
				3.879,
				1,
				4.933,
				3.879,
				5.133,
				3.719,
				5.333,
				2.7
			]
		},
		{
			"Target": "Parameter",
			"Id": "Param_Angle_Rotation51",
			"Segments": [
				0,
				5.1,
				1,
				0.022,
				5.1,
				0.044,
				4.818,
				0.067,
				4.671,
				1,
				0.311,
				3.046,
				0.556,
				1.582,
				0.8,
				0,
				1,
				1.311,
				-3.308,
				1.822,
				-5,
				2.333,
				-5,
				1,
				2.778,
				-5,
				3.222,
				-3.636,
				3.667,
				0,
				1,
				4.111,
				3.636,
				4.556,
				6,
				5,
				6,
				1,
				5.111,
				6,
				5.222,
				6.026,
				5.333,
				5.1
			]
		},
		{
			"Target": "Parameter",
			"Id": "Param_Angle_Rotation52",
			"Segments": [
				0,
				7.7,
				1,
				0.389,
				7.7,
				0.778,
				4.873,
				1.167,
				0,
				1,
				1.611,
				-5.569,
				2.056,
				-8,
				2.5,
				-8,
				1,
				2.944,
				-8,
				3.389,
				-5.38,
				3.833,
				0,
				1,
				4.278,
				5.38,
				4.722,
				8.141,
				5.167,
				8.141,
				1,
				5.189,
				8.141,
				5.211,
				8.141,
				5.233,
				8.141,
				1,
				5.267,
				8.141,
				5.3,
				8.123,
				5.333,
				7.7
			]
		},
		{
			"Target": "Parameter",
			"Id": "Param_Angle_Rotation54",
			"Segments": [
				0,
				1.1,
				1,
				0.022,
				1.1,
				0.044,
				1.057,
				0.067,
				1,
				1,
				0.2,
				0.659,
				0.333,
				0.333,
				0.467,
				0,
				1,
				1,
				-1.333,
				1.533,
				-2,
				2.067,
				-2,
				1,
				2.511,
				-2,
				2.956,
				-1.394,
				3.4,
				0,
				1,
				3.8,
				1.254,
				4.2,
				1.982,
				4.6,
				1.982,
				1,
				4.844,
				1.982,
				5.089,
				1.752,
				5.333,
				1.1
			]
		},
		{
			"Target": "Parameter",
			"Id": "Param_Angle_Rotation55",
			"Segments": [
				0,
				3,
				1,
				0.022,
				3,
				0.044,
				2.849,
				0.067,
				2.73,
				1,
				0.256,
				1.72,
				0.444,
				0.734,
				0.633,
				-0.184,
				1,
				1.167,
				-2.778,
				1.7,
				-4,
				2.233,
				-4,
				1,
				2.678,
				-4,
				3.122,
				-2.79,
				3.567,
				0,
				1,
				3.967,
				2.511,
				4.367,
				3.97,
				4.767,
				3.97,
				1,
				4.956,
				3.97,
				5.144,
				3.921,
				5.333,
				3
			]
		},
		{
			"Target": "Parameter",
			"Id": "Param_Angle_Rotation56",
			"Segments": [
				0,
				6.3,
				1,
				0.022,
				6.3,
				0.044,
				6.077,
				0.067,
				5.919,
				1,
				0.367,
				3.784,
				0.667,
				1.94,
				0.967,
				-0.313,
				1,
				1.444,
				-3.902,
				1.922,
				-6,
				2.4,
				-6,
				1,
				2.844,
				-6,
				3.289,
				-4.774,
				3.733,
				0,
				1,
				4.122,
				4.177,
				4.511,
				8.082,
				4.9,
				8.082,
				1,
				5.044,
				8.082,
				5.189,
				7.814,
				5.333,
				6.3
			]
		},
		{
			"Target": "Parameter",
			"Id": "Param_Angle_Rotation59",
			"Segments": [
				0,
				0.9,
				1,
				0.022,
				0.9,
				0.044,
				0.831,
				0.067,
				0.729,
				1,
				0.122,
				0.476,
				0.178,
				0.224,
				0.233,
				0,
				1,
				0.733,
				-2.017,
				1.233,
				-3,
				1.733,
				-3,
				1,
				2.178,
				-3,
				2.622,
				-2.285,
				3.067,
				0,
				1,
				3.511,
				2.285,
				3.956,
				4,
				4.4,
				4,
				1,
				4.711,
				4,
				5.022,
				2.708,
				5.333,
				0.9
			]
		},
		{
			"Target": "Parameter",
			"Id": "Param_Angle_Rotation60",
			"Segments": [
				0,
				1.6,
				1,
				0.022,
				1.6,
				0.044,
				1.392,
				0.067,
				1.296,
				1,
				0.178,
				0.819,
				0.289,
				0.442,
				0.4,
				0,
				1,
				0.9,
				-1.99,
				1.4,
				-3,
				1.9,
				-3,
				1,
				2.344,
				-3,
				2.789,
				-2.285,
				3.233,
				0,
				1,
				3.678,
				2.285,
				4.122,
				4,
				4.567,
				4,
				1,
				4.822,
				4,
				5.078,
				3.129,
				5.333,
				1.6
			]
		},
		{
			"Target": "Parameter",
			"Id": "Param_Angle_Rotation61",
			"Segments": [
				0,
				4.3,
				1,
				0.022,
				4.3,
				0.044,
				3.965,
				0.067,
				3.759,
				1,
				0.211,
				2.425,
				0.356,
				1.155,
				0.5,
				0,
				1,
				1.011,
				-4.088,
				1.522,
				-6,
				2.033,
				-6,
				1,
				2.478,
				-6,
				2.922,
				-4.568,
				3.367,
				0,
				1,
				3.811,
				4.568,
				4.256,
				8,
				4.7,
				8,
				1,
				4.911,
				8,
				5.122,
				6.832,
				5.333,
				4.3
			]
		},
		{
			"Target": "Parameter",
			"Id": "Param_Angle_Rotation63",
			"Segments": [
				0,
				0.417,
				1,
				0.033,
				0.417,
				0.067,
				-0.047,
				0.1,
				-0.178,
				1,
				0.6,
				-2.143,
				1.1,
				-3,
				1.6,
				-3,
				1,
				2.044,
				-3,
				2.489,
				-2.285,
				2.933,
				0,
				1,
				3.378,
				2.285,
				3.822,
				4,
				4.267,
				4,
				1,
				4.622,
				4,
				4.978,
				2.358,
				5.333,
				0.417
			]
		},
		{
			"Target": "Parameter",
			"Id": "Param_Angle_Rotation64",
			"Segments": [
				0,
				2,
				1,
				0.022,
				2,
				0.044,
				1.506,
				0.067,
				1.285,
				1,
				0.633,
				-4.351,
				1.2,
				-7,
				1.767,
				-7,
				1,
				2.211,
				-7,
				2.656,
				-4.977,
				3.1,
				0,
				1,
				3.544,
				4.977,
				3.989,
				8,
				4.433,
				8,
				1,
				4.733,
				8,
				5.033,
				5.491,
				5.333,
				2
			]
		},
		{
			"Target": "Parameter",
			"Id": "Param_Angle_Rotation65",
			"Segments": [
				0,
				1,
				1,
				0.444,
				1,
				0.889,
				0,
				1.333,
				0,
				1,
				1.778,
				0,
				2.222,
				0,
				2.667,
				0,
				1,
				3.111,
				0,
				3.556,
				0,
				4,
				0,
				1,
				4.444,
				0,
				4.889,
				1,
				5.333,
				1
			]
		},
		{
			"Target": "Parameter",
			"Id": "Param_Angle_Rotation66",
			"Segments": [
				0,
				2,
				1,
				0.5,
				2,
				1,
				0.976,
				1.5,
				0,
				1,
				1.944,
				-0.868,
				2.389,
				-1,
				2.833,
				-1,
				1,
				3.278,
				-1,
				3.722,
				-0.904,
				4.167,
				0,
				1,
				4.556,
				0.791,
				4.944,
				2,
				5.333,
				2
			]
		},
		{
			"Target": "Parameter",
			"Id": "Param_Angle_Rotation67",
			"Segments": [
				0,
				3,
				1,
				0.022,
				3,
				0.044,
				3.829,
				0.067,
				4,
				1,
				0.167,
				4.771,
				0.267,
				5,
				0.367,
				5,
				1,
				0.8,
				5,
				1.233,
				1.857,
				1.667,
				0,
				1,
				2.111,
				-1.905,
				2.556,
				-2,
				3,
				-2,
				1,
				3.444,
				-2,
				3.889,
				-1.333,
				4.333,
				0,
				1,
				4.667,
				1,
				5,
				1.727,
				5.333,
				3
			]
		},
		{
			"Target": "Parameter",
			"Id": "Param_Angle_Rotation68",
			"Segments": [
				0,
				5,
				1,
				0.022,
				5,
				0.044,
				5.545,
				0.067,
				5.692,
				1,
				0.211,
				6.653,
				0.356,
				7,
				0.5,
				7,
				1,
				0.944,
				7,
				1.389,
				3.389,
				1.833,
				0,
				1,
				2.278,
				-3.389,
				2.722,
				-4,
				3.167,
				-4,
				1,
				3.611,
				-4,
				4.056,
				-2.667,
				4.5,
				0,
				1,
				4.778,
				1.667,
				5.056,
				2.757,
				5.333,
				5
			]
		},
		{
			"Target": "Parameter",
			"Id": "Param_Angle_Rotation69",
			"Segments": [
				0,
				1,
				1,
				0.444,
				1,
				0.889,
				1.14,
				1.333,
				0,
				1,
				1.778,
				-1.14,
				2.222,
				-6,
				2.667,
				-6,
				1,
				3.111,
				-6,
				3.556,
				-1.14,
				4,
				0,
				1,
				4.444,
				1.14,
				4.889,
				1,
				5.333,
				1
			]
		},
		{
			"Target": "Parameter",
			"Id": "Param_Angle_Rotation70",
			"Segments": [
				0,
				2,
				1,
				0.011,
				2,
				0.022,
				1,
				0.033,
				1,
				1,
				0.078,
				1,
				0.122,
				5,
				0.167,
				5,
				1,
				0.611,
				5,
				1.056,
				3.333,
				1.5,
				0,
				1,
				1.944,
				-3.333,
				2.389,
				-5,
				2.833,
				-5,
				1,
				3.278,
				-5,
				3.722,
				-1.292,
				4.167,
				0,
				1,
				4.556,
				1.13,
				4.944,
				1.245,
				5.333,
				2
			]
		},
		{
			"Target": "Parameter",
			"Id": "Param_Angle_Rotation71",
			"Segments": [
				0,
				3,
				1,
				0.011,
				3,
				0.022,
				3.654,
				0.033,
				3.846,
				1,
				0.2,
				6.726,
				0.367,
				8,
				0.533,
				8,
				1,
				0.911,
				8,
				1.289,
				4.387,
				1.667,
				0,
				1,
				2.189,
				-6.064,
				2.711,
				-8.074,
				3.233,
				-8.074,
				1,
				3.711,
				-8.074,
				4.189,
				-5.726,
				4.667,
				-1.813,
				1,
				4.889,
				0.007,
				5.111,
				0.88,
				5.333,
				3
			]
		},
		{
			"Target": "Parameter",
			"Id": "Param_Angle_Rotation72",
			"Segments": [
				0,
				4,
				1,
				0.033,
				4,
				0.067,
				4.902,
				0.1,
				5.421,
				1,
				0.311,
				8.707,
				0.522,
				10.037,
				0.733,
				10.037,
				1,
				1.1,
				10.037,
				1.467,
				5.602,
				1.833,
				0,
				1,
				2.278,
				-6.79,
				2.722,
				-9,
				3.167,
				-9,
				1,
				3.611,
				-9,
				4.056,
				-3.515,
				4.5,
				0,
				1,
				4.778,
				2.197,
				5.056,
				2.09,
				5.333,
				4
			]
		},
		{
			"Target": "Parameter",
			"Id": "Param_Angle_Rotation73",
			"Segments": [
				0,
				2,
				1,
				0.444,
				2,
				0.889,
				1.333,
				1.333,
				0,
				1,
				1.778,
				-1.333,
				2.222,
				-2,
				2.667,
				-2,
				1,
				3.111,
				-2,
				3.556,
				-1.333,
				4,
				0,
				1,
				4.444,
				1.333,
				4.889,
				2,
				5.333,
				2
			]
		},
		{
			"Target": "Parameter",
			"Id": "Param_Angle_Rotation74",
			"Segments": [
				0,
				2,
				1,
				0.5,
				2,
				1,
				1.407,
				1.5,
				0,
				1,
				1.944,
				-1.251,
				2.389,
				-2,
				2.833,
				-2,
				1,
				3.278,
				-2,
				3.722,
				-0.988,
				4.167,
				0,
				1,
				4.556,
				0.864,
				4.944,
				1.254,
				5.333,
				2
			]
		},
		{
			"Target": "Parameter",
			"Id": "Param_Angle_Rotation75",
			"Segments": [
				0,
				3,
				1,
				0.022,
				3,
				0.044,
				3.243,
				0.067,
				3.363,
				1,
				0.156,
				3.841,
				0.244,
				4,
				0.333,
				4,
				1,
				0.778,
				4,
				1.222,
				1.776,
				1.667,
				0,
				1,
				2.111,
				-1.776,
				2.556,
				-2,
				3,
				-2,
				1,
				3.444,
				-2,
				3.889,
				-1.333,
				4.333,
				0,
				1,
				4.667,
				1,
				5,
				1.727,
				5.333,
				3
			]
		},
		{
			"Target": "Parameter",
			"Id": "Param_Angle_Rotation76",
			"Segments": [
				0,
				3,
				1,
				0.022,
				3,
				0.044,
				3.432,
				0.067,
				3.59,
				1,
				0.211,
				4.614,
				0.356,
				5,
				0.5,
				5,
				1,
				0.944,
				5,
				1.389,
				2.498,
				1.833,
				0,
				1,
				2.278,
				-2.498,
				2.722,
				-3,
				3.167,
				-3,
				1,
				3.611,
				-3,
				4.056,
				-2.248,
				4.5,
				-0.513,
				1,
				4.778,
				0.571,
				5.056,
				1.391,
				5.333,
				3
			]
		},
		{
			"Target": "Parameter",
			"Id": "Param_Angle_Rotation77",
			"Segments": [
				0,
				4,
				1,
				0.022,
				4,
				0.044,
				4.84,
				0.067,
				5,
				1,
				0.267,
				6.441,
				0.467,
				7,
				0.667,
				7,
				1,
				1.111,
				7,
				1.556,
				2.793,
				2,
				0,
				1,
				2.444,
				-2.793,
				2.889,
				-3,
				3.333,
				-3,
				1,
				3.778,
				-3,
				4.222,
				-2.181,
				4.667,
				0,
				1,
				4.889,
				1.091,
				5.111,
				2.017,
				5.333,
				4
			]
		},
		{
			"Target": "Parameter",
			"Id": "Param_Angle_Rotation78",
			"Segments": [
				0,
				3,
				1,
				0.033,
				3,
				0.067,
				3.136,
				0.1,
				3.28,
				1,
				0.211,
				3.762,
				0.322,
				3.956,
				0.433,
				3.956,
				1,
				0.733,
				3.956,
				1.033,
				0.675,
				1.333,
				0,
				1,
				1.778,
				-1,
				2.222,
				-1,
				2.667,
				-1,
				1,
				3.111,
				-1,
				3.556,
				-0.786,
				4,
				0,
				1,
				4.4,
				0.707,
				4.8,
				1.709,
				5.2,
				2.646,
				1,
				5.244,
				2.75,
				5.289,
				3,
				5.333,
				3
			]
		},
		{
			"Target": "Parameter",
			"Id": "Param_Angle_Rotation79",
			"Segments": [
				0,
				2,
				1,
				0.5,
				2,
				1,
				1.407,
				1.5,
				0,
				1,
				1.944,
				-1.251,
				2.389,
				-2,
				2.833,
				-2,
				1,
				3.278,
				-2,
				3.722,
				-1.416,
				4.167,
				0,
				1,
				4.556,
				1.239,
				4.944,
				2,
				5.333,
				2
			]
		},
		{
			"Target": "Parameter",
			"Id": "Param_Angle_Rotation80",
			"Segments": [
				0,
				2,
				1,
				0.022,
				2,
				0.044,
				2.294,
				0.067,
				2.407,
				1,
				0.222,
				3.192,
				0.378,
				3.495,
				0.533,
				3.495,
				1,
				0.911,
				3.495,
				1.289,
				2.295,
				1.667,
				0,
				1,
				2.111,
				-2.7,
				2.556,
				-4,
				3,
				-4,
				1,
				3.533,
				-4,
				4.067,
				-3.245,
				4.6,
				-1.286,
				1,
				4.844,
				-0.388,
				5.089,
				0.576,
				5.333,
				2
			]
		},
		{
			"Target": "Parameter",
			"Id": "Param_Angle_Rotation81",
			"Segments": [
				0,
				4,
				1,
				0.022,
				4,
				0.044,
				4.412,
				0.067,
				4.571,
				1,
				0.211,
				5.607,
				0.356,
				6,
				0.5,
				6,
				1,
				0.944,
				6,
				1.389,
				3.198,
				1.833,
				0,
				1,
				2.278,
				-3.198,
				2.722,
				-4,
				3.167,
				-4,
				1,
				3.644,
				-4,
				4.122,
				-3.291,
				4.6,
				-0.984,
				1,
				4.844,
				0.196,
				5.089,
				1.843,
				5.333,
				4
			]
		},
		{
			"Target": "Parameter",
			"Id": "Param_Angle_Rotation82",
			"Segments": [
				0,
				6,
				1,
				0.022,
				6,
				0.044,
				6.469,
				0.067,
				6.583,
				1,
				0.267,
				7.6,
				0.467,
				8,
				0.667,
				8,
				1,
				1.111,
				8,
				1.556,
				4.096,
				2,
				0,
				1,
				2.444,
				-4.096,
				2.889,
				-5,
				3.333,
				-5,
				1,
				3.778,
				-5,
				4.222,
				-3.529,
				4.667,
				0,
				1,
				4.889,
				1.764,
				5.111,
				3.342,
				5.333,
				6
			]
		},
		{
			"Target": "Parameter",
			"Id": "Param_Angle_Rotation94",
			"Segments": [
				0,
				0.6,
				1,
				0.022,
				0.6,
				0.044,
				0.418,
				0.067,
				0.297,
				1,
				0.6,
				-2.615,
				1.133,
				-4,
				1.667,
				-4,
				1,
				2.111,
				-4,
				2.556,
				-2.667,
				3,
				0,
				1,
				3.444,
				2.667,
				3.889,
				4,
				4.333,
				4,
				1,
				4.667,
				4,
				5,
				2.453,
				5.333,
				0.6
			]
		},
		{
			"Target": "Parameter",
			"Id": "Param_Angle_Rotation95",
			"Segments": [
				0,
				4.5,
				1,
				0.022,
				4.5,
				0.044,
				4.218,
				0.067,
				3.985,
				1,
				0.2,
				2.587,
				0.333,
				1.378,
				0.467,
				0,
				1,
				0.978,
				-5.281,
				1.489,
				-8,
				2,
				-8,
				1,
				2.444,
				-8,
				2.889,
				-5.646,
				3.333,
				0,
				1,
				3.778,
				5.646,
				4.222,
				9,
				4.667,
				9,
				1,
				4.889,
				9,
				5.111,
				7.5,
				5.333,
				4.5
			]
		},
		{
			"Target": "Parameter",
			"Id": "Param_Angle_Rotation97",
			"Segments": [
				0,
				-0.5,
				1,
				0.011,
				-0.5,
				0.022,
				-0.417,
				0.033,
				-0.351,
				1,
				0.1,
				0.048,
				0.167,
				0.392,
				0.233,
				0.782,
				1,
				0.711,
				3.581,
				1.189,
				5,
				1.667,
				5,
				1,
				2.111,
				5,
				2.556,
				2.498,
				3,
				0,
				1,
				3.444,
				-2.498,
				3.889,
				-3,
				4.333,
				-3,
				1,
				4.667,
				-3,
				5,
				-2.294,
				5.333,
				-0.5
			]
		},
		{
			"Target": "Parameter",
			"Id": "Param_Angle_Rotation98",
			"Segments": [
				0,
				-3.5,
				1,
				0.022,
				-3.5,
				0.044,
				-3.364,
				0.067,
				-3.157,
				1,
				0.2,
				-1.914,
				0.333,
				-0.903,
				0.467,
				0.513,
				1,
				0.978,
				5.938,
				1.489,
				9,
				2,
				9,
				1,
				2.444,
				9,
				2.889,
				5.246,
				3.333,
				0,
				1,
				3.778,
				-5.246,
				4.222,
				-7,
				4.667,
				-7,
				1,
				4.889,
				-7,
				5.111,
				-6.476,
				5.333,
				-3.5
			]
		},
		{
			"Target": "Parameter",
			"Id": "Param_Angle_Rotation100",
			"Segments": [
				0,
				-0.6,
				1,
				0.033,
				-0.6,
				0.067,
				-0.219,
				0.1,
				0,
				1,
				0.622,
				3.429,
				1.144,
				5,
				1.667,
				5,
				1,
				2.111,
				5,
				2.556,
				2.962,
				3,
				0,
				1,
				3.444,
				-2.962,
				3.889,
				-4,
				4.333,
				-4,
				1,
				4.667,
				-4,
				5,
				-3.095,
				5.333,
				-0.6
			]
		},
		{
			"Target": "Parameter",
			"Id": "Param_Angle_Rotation101",
			"Segments": [
				0,
				-4,
				1,
				0.022,
				-4,
				0.044,
				-3.692,
				0.067,
				-3.43,
				1,
				0.189,
				-1.989,
				0.311,
				-0.77,
				0.433,
				0.668,
				1,
				0.956,
				6.812,
				1.478,
				10,
				2,
				10,
				1,
				2.444,
				10,
				2.889,
				5.922,
				3.333,
				0,
				1,
				3.778,
				-5.922,
				4.222,
				-8,
				4.667,
				-8,
				1,
				4.889,
				-8,
				5.111,
				-6.889,
				5.333,
				-4
			]
		},
		{
			"Target": "Parameter",
			"Id": "Param_Angle_Rotation103",
			"Segments": [
				0,
				-0.5,
				1,
				0.011,
				-0.5,
				0.022,
				-0.39,
				0.033,
				-0.31,
				1,
				0.078,
				0.008,
				0.122,
				0.252,
				0.167,
				0.565,
				1,
				0.6,
				3.614,
				1.033,
				5.173,
				1.467,
				5.173,
				1,
				1.978,
				5.173,
				2.489,
				2.797,
				3,
				0,
				1,
				3.444,
				-2.432,
				3.889,
				-3,
				4.333,
				-3,
				1,
				4.667,
				-3,
				5,
				-1.928,
				5.333,
				-0.5
			]
		},
		{
			"Target": "Parameter",
			"Id": "Param_Angle_Rotation104",
			"Segments": [
				0,
				-3.5,
				1,
				0.011,
				-3.5,
				0.022,
				-3.326,
				0.033,
				-3.188,
				1,
				0.122,
				-2.082,
				0.211,
				-1.088,
				0.3,
				0,
				1,
				0.789,
				5.987,
				1.278,
				9.02,
				1.767,
				9.02,
				1,
				2.289,
				9.02,
				2.811,
				5.757,
				3.333,
				0,
				1,
				3.778,
				-4.9,
				4.222,
				-7,
				4.667,
				-7,
				1,
				4.889,
				-7,
				5.111,
				-5.833,
				5.333,
				-3.5
			]
		}
	]
}