{
	"Version": 3,
	"Parameters": [
		{
			"Id": "ParamAngleX",
			"GroupId": "ParamGroup27",
			"Name": "角度 X"
		},
		{
			"Id": "ParamAngleY",
			"GroupId": "ParamGroup27",
			"Name": "角度 Y"
		},
		{
			"Id": "ParamAngleZ",
			"GroupId": "ParamGroup27",
			"Name": "角度 Z"
		},
		{
			"Id": "ParamEyeLOpen",
			"GroupId": "ParamGroup27",
			"Name": "左目　開閉"
		},
		{
			"Id": "ParamEyeLSmile",
			"GroupId": "ParamGroup27",
			"Name": "左目　笑顔"
		},
		{
			"Id": "ParamEyeROpen",
			"GroupId": "ParamGroup27",
			"Name": "右目　開閉"
		},
		{
			"Id": "ParamEyeRSmile",
			"GroupId": "ParamGroup27",
			"Name": "右目　笑顔"
		},
		{
			"Id": "ParamEyeBallX",
			"GroupId": "ParamGroup27",
			"Name": "目玉 X"
		},
		{
			"Id": "ParamEyeBallY",
			"GroupId": "ParamGroup27",
			"Name": "目玉 Y"
		},
		{
			"Id": "ParamBrowAngle",
			"GroupId": "ParamGroup27",
			"Name": "左眉　角度"
		},
		{
			"Id": "ParamBrowForm",
			"GroupId": "ParamGroup27",
			"Name": "左眉　変形"
		},
		{
			"Id": "ParamMouthForm",
			"GroupId": "ParamGroup27",
			"Name": "口　変形"
		},
		{
			"Id": "ParamMouthOpenY",
			"GroupId": "ParamGroup27",
			"Name": "口　開閉"
		},
		{
			"Id": "ParamCheek",
			"GroupId": "ParamGroup27",
			"Name": "照れ"
		},
		{
			"Id": "ParamBodyAngleX",
			"GroupId": "ParamGroup27",
			"Name": "体の回転　X"
		},
		{
			"Id": "ParamBodyAngleY",
			"GroupId": "ParamGroup27",
			"Name": "体の回転　Y"
		},
		{
			"Id": "ParamBodyAngleZ",
			"GroupId": "ParamGroup27",
			"Name": "体の回転　Z"
		},
		{
			"Id": "ParamBreath",
			"GroupId": "ParamGroup27",
			"Name": "呼吸"
		},
		{
			"Id": "Param",
			"GroupId": "ParamGroup27",
			"Name": "キャラ位置 X"
		},
		{
			"Id": "Param2",
			"GroupId": "ParamGroup27",
			"Name": "キャラ位置 Y"
		},
		{
			"Id": "ParamEyeRL",
			"GroupId": "ParamGroup26",
			"Name": "目光左右"
		},
		{
			"Id": "ParamEyeHB",
			"GroupId": "ParamGroup26",
			"Name": "目光上下"
		},
		{
			"Id": "ParamEyeBS",
			"GroupId": "ParamGroup26",
			"Name": "目光大小"
		},
		{
			"Id": "ParamPaiX",
			"GroupId": "ParamGroup26",
			"Name": "右胸X"
		},
		{
			"Id": "ParamPaiY",
			"GroupId": "ParamGroup26",
			"Name": "右胸Y"
		},
		{
			"Id": "ParamPaiX2",
			"GroupId": "ParamGroup26",
			"Name": "右胸2X"
		},
		{
			"Id": "ParamPaiY2",
			"GroupId": "ParamGroup26",
			"Name": "右胸2Y"
		},
		{
			"Id": "ParamPai2X",
			"GroupId": "ParamGroup26",
			"Name": "左胸X"
		},
		{
			"Id": "ParamPai2Y",
			"GroupId": "ParamGroup26",
			"Name": "左胸Y"
		},
		{
			"Id": "ParamPai2X2",
			"GroupId": "ParamGroup26",
			"Name": "左胸2X"
		},
		{
			"Id": "ParamPai2Y2",
			"GroupId": "ParamGroup26",
			"Name": "左胸2Y"
		},
		{
			"Id": "ParamHimoRadius",
			"GroupId": "ParamGroup26",
			"Name": "胸紐角度"
		},
		{
			"Id": "ParamLF",
			"GroupId": "ParamGroup23",
			"Name": "左足"
		},
		{
			"Id": "ParamRF1",
			"GroupId": "ParamGroup23",
			"Name": "右足1"
		},
		{
			"Id": "ParamRF2",
			"GroupId": "ParamGroup23",
			"Name": "右足2"
		},
		{
			"Id": "ParamRF3",
			"GroupId": "ParamGroup23",
			"Name": "右足3"
		},
		{
			"Id": "ParamRA1",
			"GroupId": "ParamGroup24",
			"Name": "右腕1"
		},
		{
			"Id": "ParamRA2",
			"GroupId": "ParamGroup24",
			"Name": "右腕2"
		},
		{
			"Id": "ParamRA3",
			"GroupId": "ParamGroup24",
			"Name": "右腕3"
		},
		{
			"Id": "ParamRA4",
			"GroupId": "ParamGroup24",
			"Name": "右腕4"
		},
		{
			"Id": "ParamLA1",
			"GroupId": "ParamGroup25",
			"Name": "左腕1"
		},
		{
			"Id": "ParamLA2",
			"GroupId": "ParamGroup25",
			"Name": "左腕2"
		},
		{
			"Id": "ParamLA3",
			"GroupId": "ParamGroup25",
			"Name": "左腕3"
		},
		{
			"Id": "ParamLA4",
			"GroupId": "ParamGroup25",
			"Name": "左腕4"
		},
		{
			"Id": "ParamLA5",
			"GroupId": "ParamGroup25",
			"Name": "左腕5"
		},
		{
			"Id": "ParamHowa1",
			"GroupId": "ParamGroup",
			"Name": "まるほわ1"
		},
		{
			"Id": "ParamHowa2",
			"GroupId": "ParamGroup",
			"Name": "まるほわ2"
		},
		{
			"Id": "ParamHowa3",
			"GroupId": "ParamGroup",
			"Name": "まるほわ3"
		},
		{
			"Id": "ParamHowa4",
			"GroupId": "ParamGroup",
			"Name": "まるほわ4"
		},
		{
			"Id": "ParamHowa5",
			"GroupId": "ParamGroup",
			"Name": "まるほわ5"
		},
		{
			"Id": "ParamHowa6",
			"GroupId": "ParamGroup",
			"Name": "まるほわ6"
		},
		{
			"Id": "ParamHowa7",
			"GroupId": "ParamGroup",
			"Name": "まるほわ7"
		},
		{
			"Id": "ParamHowa8",
			"GroupId": "ParamGroup",
			"Name": "まるほわ8"
		},
		{
			"Id": "ParamHowa9",
			"GroupId": "ParamGroup",
			"Name": "まるほわ9"
		},
		{
			"Id": "ParamHowa10",
			"GroupId": "ParamGroup",
			"Name": "まるほわ10"
		},
		{
			"Id": "ParamHowa11",
			"GroupId": "ParamGroup",
			"Name": "まるほわ11"
		},
		{
			"Id": "ParamKira1",
			"GroupId": "ParamGroup",
			"Name": "キラキラ1"
		},
		{
			"Id": "ParamKira2",
			"GroupId": "ParamGroup",
			"Name": "キラキラ2"
		},
		{
			"Id": "ParamKira3",
			"GroupId": "ParamGroup",
			"Name": "キラキラ3"
		},
		{
			"Id": "ParamKira4",
			"GroupId": "ParamGroup",
			"Name": "キラキラ4"
		},
		{
			"Id": "ParamKira5",
			"GroupId": "ParamGroup",
			"Name": "キラキラ5"
		},
		{
			"Id": "ParamKira6",
			"GroupId": "ParamGroup",
			"Name": "キラキラ6"
		},
		{
			"Id": "ParamKira7",
			"GroupId": "ParamGroup",
			"Name": "キラキラ7"
		},
		{
			"Id": "ParamKira8",
			"GroupId": "ParamGroup",
			"Name": "キラキラ8"
		},
		{
			"Id": "ParamKira9",
			"GroupId": "ParamGroup",
			"Name": "キラキラ9"
		},
		{
			"Id": "ParamLight1",
			"GroupId": "ParamGroup",
			"Name": "光1"
		},
		{
			"Id": "ParamLight1M",
			"GroupId": "ParamGroup",
			"Name": "光1M"
		},
		{
			"Id": "ParamLight2",
			"GroupId": "ParamGroup",
			"Name": "光2"
		},
		{
			"Id": "ParamLight2M",
			"GroupId": "ParamGroup",
			"Name": "光2M"
		},
		{
			"Id": "ParamTopLight",
			"GroupId": "ParamGroup",
			"Name": "上部光"
		},
		{
			"Id": "ParamRainbow",
			"GroupId": "ParamGroup",
			"Name": "虹輪"
		},
		{
			"Id": "ParamRyusi1",
			"GroupId": "ParamGroup",
			"Name": "粒子1"
		},
		{
			"Id": "ParamRyusi2",
			"GroupId": "ParamGroup",
			"Name": "粒子2"
		},
		{
			"Id": "ParamRyusi3",
			"GroupId": "ParamGroup",
			"Name": "粒子3"
		},
		{
			"Id": "ParamRyusi4",
			"GroupId": "ParamGroup",
			"Name": "粒子4"
		},
		{
			"Id": "ParamRyusi5",
			"GroupId": "ParamGroup",
			"Name": "粒子5"
		},
		{
			"Id": "ParamRyusi6",
			"GroupId": "ParamGroup",
			"Name": "粒子6"
		},
		{
			"Id": "ParamRyusi7",
			"GroupId": "ParamGroup",
			"Name": "粒子7"
		},
		{
			"Id": "ParamSunN1",
			"GroupId": "ParamGroup",
			"Name": "日差し無色1"
		},
		{
			"Id": "ParamSunN2",
			"GroupId": "ParamGroup",
			"Name": "日差し無色2"
		},
		{
			"Id": "ParamSunN3",
			"GroupId": "ParamGroup",
			"Name": "日差し無色3"
		},
		{
			"Id": "ParamSunN4",
			"GroupId": "ParamGroup",
			"Name": "日差し無色4"
		},
		{
			"Id": "ParamSunN5",
			"GroupId": "ParamGroup",
			"Name": "日差し無色5"
		},
		{
			"Id": "ParamSunN6",
			"GroupId": "ParamGroup",
			"Name": "日差し無色6"
		},
		{
			"Id": "ParamSunN1M",
			"GroupId": "ParamGroup",
			"Name": "日差し無色1M"
		},
		{
			"Id": "ParamSunN2M",
			"GroupId": "ParamGroup",
			"Name": "日差し無色2M"
		},
		{
			"Id": "ParamSunN3M",
			"GroupId": "ParamGroup",
			"Name": "日差し無色3M"
		},
		{
			"Id": "ParamSunN4M",
			"GroupId": "ParamGroup",
			"Name": "日差し無色4M"
		},
		{
			"Id": "ParamSunN5M",
			"GroupId": "ParamGroup",
			"Name": "日差し無色5M"
		},
		{
			"Id": "ParamSunN6M",
			"GroupId": "ParamGroup",
			"Name": "日差し無色6M"
		},
		{
			"Id": "ParamSun1",
			"GroupId": "ParamGroup",
			"Name": "日差し1"
		},
		{
			"Id": "ParamSun2",
			"GroupId": "ParamGroup",
			"Name": "日差し2"
		},
		{
			"Id": "ParamSun3",
			"GroupId": "ParamGroup",
			"Name": "日差し3"
		},
		{
			"Id": "ParamSun4",
			"GroupId": "ParamGroup",
			"Name": "日差し4"
		},
		{
			"Id": "ParamSun1M",
			"GroupId": "ParamGroup",
			"Name": "日差し1M"
		},
		{
			"Id": "ParamSun2M",
			"GroupId": "ParamGroup",
			"Name": "日差し2M"
		},
		{
			"Id": "ParamSun3M",
			"GroupId": "ParamGroup",
			"Name": "日差し3M"
		},
		{
			"Id": "ParamSun4M",
			"GroupId": "ParamGroup",
			"Name": "日差し4M"
		},
		{
			"Id": "ParamJou",
			"GroupId": "ParamGroup",
			"Name": "下乗算"
		},
		{
			"Id": "ParamLightAn1",
			"GroupId": "ParamGroup28",
			"Name": "光単体An1"
		},
		{
			"Id": "ParamLightAn2",
			"GroupId": "ParamGroup28",
			"Name": "光単体An2"
		},
		{
			"Id": "ParamLightSB",
			"GroupId": "ParamGroup28",
			"Name": "光単体大小"
		},
		{
			"Id": "ParamLightR",
			"GroupId": "ParamGroup28",
			"Name": "光単体回転"
		},
		{
			"Id": "ParamLightM",
			"GroupId": "ParamGroup28",
			"Name": "光単体点滅"
		},
		{
			"Id": "Param_Angle_Rotation",
			"GroupId": "ParamGroup2",
			"Name": "[0]髪_上"
		},
		{
			"Id": "Param_Angle_Rotation2",
			"GroupId": "ParamGroup2",
			"Name": "[1]髪_上"
		},
		{
			"Id": "Param_Angle_Rotation3",
			"GroupId": "ParamGroup2",
			"Name": "[2]髪_上"
		},
		{
			"Id": "Param_Angle_Rotation4",
			"GroupId": "ParamGroup2",
			"Name": "[3]髪_上"
		},
		{
			"Id": "Param_Angle_Rotation5",
			"GroupId": "ParamGroup2",
			"Name": "[4]髪_上"
		},
		{
			"Id": "Param_Angle_Rotation7",
			"GroupId": "ParamGroup3",
			"Name": "[1]髪_前髪メイン"
		},
		{
			"Id": "Param_Angle_Rotation8",
			"GroupId": "ParamGroup3",
			"Name": "[2]髪_前髪メイン"
		},
		{
			"Id": "Param_Angle_Rotation9",
			"GroupId": "ParamGroup3",
			"Name": "[3]髪_前髪メイン"
		},
		{
			"Id": "Param_Angle_Rotation11",
			"GroupId": "ParamGroup4",
			"Name": "[1]髪_前髪単体"
		},
		{
			"Id": "Param_Angle_Rotation12",
			"GroupId": "ParamGroup4",
			"Name": "[2]髪_前髪単体"
		},
		{
			"Id": "Param_Angle_Rotation13",
			"GroupId": "ParamGroup4",
			"Name": "[3]髪_前髪単体"
		},
		{
			"Id": "Param_Angle_Rotation15",
			"GroupId": "ParamGroup5",
			"Name": "[1]髪_もみあげ右"
		},
		{
			"Id": "Param_Angle_Rotation16",
			"GroupId": "ParamGroup5",
			"Name": "[2]髪_もみあげ右"
		},
		{
			"Id": "Param_Angle_Rotation17",
			"GroupId": "ParamGroup5",
			"Name": "[3]髪_もみあげ右"
		},
		{
			"Id": "Param_Angle_Rotation18",
			"GroupId": "ParamGroup5",
			"Name": "[4]髪_もみあげ右"
		},
		{
			"Id": "Param_Angle_Rotation20",
			"GroupId": "ParamGroup6",
			"Name": "[1]髪_右サイド"
		},
		{
			"Id": "Param_Angle_Rotation21",
			"GroupId": "ParamGroup6",
			"Name": "[2]髪_右サイド"
		},
		{
			"Id": "Param_Angle_Rotation22",
			"GroupId": "ParamGroup6",
			"Name": "[3]髪_右サイド"
		},
		{
			"Id": "Param_Angle_Rotation25",
			"GroupId": "ParamGroup7",
			"Name": "[2]髪_中央もっさり"
		},
		{
			"Id": "Param_Angle_Rotation26",
			"GroupId": "ParamGroup7",
			"Name": "[3]髪_中央もっさり"
		},
		{
			"Id": "Param_Angle_Rotation27",
			"GroupId": "ParamGroup7",
			"Name": "[4]髪_中央もっさり"
		},
		{
			"Id": "Param_Angle_Rotation28",
			"GroupId": "ParamGroup7",
			"Name": "[5]髪_中央もっさり"
		},
		{
			"Id": "Param_Angle_Rotation31",
			"GroupId": "ParamGroup8",
			"Name": "[2]髪_もみあげ左"
		},
		{
			"Id": "Param_Angle_Rotation32",
			"GroupId": "ParamGroup8",
			"Name": "[3]髪_もみあげ左"
		},
		{
			"Id": "Param_Angle_Rotation33",
			"GroupId": "ParamGroup8",
			"Name": "[4]髪_もみあげ左"
		},
		{
			"Id": "Param_Angle_Rotation34",
			"GroupId": "ParamGroup8",
			"Name": "[5]髪_もみあげ左"
		},
		{
			"Id": "Param_Angle_Rotation36",
			"GroupId": "ParamGroup9",
			"Name": "[2]髪_上中央"
		},
		{
			"Id": "Param_Angle_Rotation37",
			"GroupId": "ParamGroup9",
			"Name": "[3]髪_上中央"
		},
		{
			"Id": "Param_Angle_Rotation38",
			"GroupId": "ParamGroup9",
			"Name": "[4]髪_上中央"
		},
		{
			"Id": "Param_Angle_Rotation39",
			"GroupId": "ParamGroup9",
			"Name": "[5]髪_上中央"
		},
		{
			"Id": "Param_Angle_Rotation40",
			"GroupId": "ParamGroup9",
			"Name": "[6]髪_上中央"
		},
		{
			"Id": "Param_Angle_Rotation44",
			"GroupId": "ParamGroup10",
			"Name": "[3]髪_上中央"
		},
		{
			"Id": "Param_Angle_Rotation45",
			"GroupId": "ParamGroup10",
			"Name": "[4]髪_上中央"
		},
		{
			"Id": "Param_Angle_Rotation46",
			"GroupId": "ParamGroup10",
			"Name": "[5]髪_上中央"
		},
		{
			"Id": "Param_Angle_Rotation48",
			"GroupId": "ParamGroup11",
			"Name": "[1]髪_後ろもっさり"
		},
		{
			"Id": "Param_Angle_Rotation49",
			"GroupId": "ParamGroup11",
			"Name": "[2]髪_後ろもっさり"
		},
		{
			"Id": "Param_Angle_Rotation50",
			"GroupId": "ParamGroup11",
			"Name": "[3]髪_後ろもっさり"
		},
		{
			"Id": "Param_Angle_Rotation51",
			"GroupId": "ParamGroup11",
			"Name": "[4]髪_後ろもっさり"
		},
		{
			"Id": "Param_Angle_Rotation52",
			"GroupId": "ParamGroup11",
			"Name": "[5]髪_後ろもっさり"
		},
		{
			"Id": "Param_Angle_Rotation54",
			"GroupId": "ParamGroup12",
			"Name": "[1]髪_上中央トップ"
		},
		{
			"Id": "Param_Angle_Rotation55",
			"GroupId": "ParamGroup12",
			"Name": "[2]髪_上中央トップ"
		},
		{
			"Id": "Param_Angle_Rotation56",
			"GroupId": "ParamGroup12",
			"Name": "[3]髪_上中央トップ"
		},
		{
			"Id": "Param_Angle_Rotation59",
			"GroupId": "ParamGroup13",
			"Name": "[2]髪_下メイン"
		},
		{
			"Id": "Param_Angle_Rotation60",
			"GroupId": "ParamGroup13",
			"Name": "[3]髪_下メイン"
		},
		{
			"Id": "Param_Angle_Rotation61",
			"GroupId": "ParamGroup13",
			"Name": "[4]髪_下メイン"
		},
		{
			"Id": "Param_Angle_Rotation63",
			"GroupId": "ParamGroup14",
			"Name": "[1]髪_下サブ単体"
		},
		{
			"Id": "Param_Angle_Rotation64",
			"GroupId": "ParamGroup14",
			"Name": "[2]髪_下サブ単体"
		},
		{
			"Id": "Param_Angle_Rotation65",
			"GroupId": "ParamGroup15",
			"Name": "[0]胸の回転"
		},
		{
			"Id": "Param_Angle_Rotation66",
			"GroupId": "ParamGroup15",
			"Name": "[1]胸の回転"
		},
		{
			"Id": "Param_Angle_Rotation67",
			"GroupId": "ParamGroup15",
			"Name": "[2]胸の回転"
		},
		{
			"Id": "Param_Angle_Rotation68",
			"GroupId": "ParamGroup15",
			"Name": "[3]胸の回転"
		},
		{
			"Id": "Param_Angle_Rotation69",
			"GroupId": "ParamGroup16",
			"Name": "[0]胸の回転5"
		},
		{
			"Id": "Param_Angle_Rotation70",
			"GroupId": "ParamGroup16",
			"Name": "[1]胸の回転5"
		},
		{
			"Id": "Param_Angle_Rotation71",
			"GroupId": "ParamGroup16",
			"Name": "[2]胸の回転5"
		},
		{
			"Id": "Param_Angle_Rotation72",
			"GroupId": "ParamGroup16",
			"Name": "[3]胸の回転5"
		},
		{
			"Id": "Param_Angle_Rotation73",
			"GroupId": "ParamGroup17",
			"Name": "[0]胸の回転9"
		},
		{
			"Id": "Param_Angle_Rotation74",
			"GroupId": "ParamGroup17",
			"Name": "[1]胸の回転9"
		},
		{
			"Id": "Param_Angle_Rotation75",
			"GroupId": "ParamGroup17",
			"Name": "[2]胸の回転9"
		},
		{
			"Id": "Param_Angle_Rotation76",
			"GroupId": "ParamGroup17",
			"Name": "[3]胸の回転9"
		},
		{
			"Id": "Param_Angle_Rotation77",
			"GroupId": "ParamGroup17",
			"Name": "[4]胸の回転9"
		},
		{
			"Id": "Param_Angle_Rotation78",
			"GroupId": "ParamGroup18",
			"Name": "[0]胸紐4"
		},
		{
			"Id": "Param_Angle_Rotation79",
			"GroupId": "ParamGroup18",
			"Name": "[1]胸紐4"
		},
		{
			"Id": "Param_Angle_Rotation80",
			"GroupId": "ParamGroup18",
			"Name": "[2]胸紐4"
		},
		{
			"Id": "Param_Angle_Rotation81",
			"GroupId": "ParamGroup18",
			"Name": "[3]胸紐4"
		},
		{
			"Id": "Param_Angle_Rotation82",
			"GroupId": "ParamGroup18",
			"Name": "[4]胸紐4"
		},
		{
			"Id": "Param_Angle_Rotation94",
			"GroupId": "ParamGroup19",
			"Name": "[1]指_6"
		},
		{
			"Id": "Param_Angle_Rotation95",
			"GroupId": "ParamGroup19",
			"Name": "[2]指_6"
		},
		{
			"Id": "Param_Angle_Rotation97",
			"GroupId": "ParamGroup20",
			"Name": "[1]指_2"
		},
		{
			"Id": "Param_Angle_Rotation98",
			"GroupId": "ParamGroup20",
			"Name": "[2]指_2"
		},
		{
			"Id": "Param_Angle_Rotation100",
			"GroupId": "ParamGroup21",
			"Name": "[1]指_3"
		},
		{
			"Id": "Param_Angle_Rotation101",
			"GroupId": "ParamGroup21",
			"Name": "[2]指_3"
		},
		{
			"Id": "Param_Angle_Rotation103",
			"GroupId": "ParamGroup22",
			"Name": "[1]指_4"
		},
		{
			"Id": "Param_Angle_Rotation104",
			"GroupId": "ParamGroup22",
			"Name": "[2]指_4"
		}
	],
	"ParameterGroups": [
		{
			"Id": "ParamGroup27",
			"GroupId": "",
			"Name": "All"
		},
		{
			"Id": "ParamGroup26",
			"GroupId": "",
			"Name": "胸等揺れ"
		},
		{
			"Id": "ParamGroup23",
			"GroupId": "",
			"Name": "両足"
		},
		{
			"Id": "ParamGroup24",
			"GroupId": "",
			"Name": "右腕"
		},
		{
			"Id": "ParamGroup25",
			"GroupId": "",
			"Name": "左腕"
		},
		{
			"Id": "ParamGroup",
			"GroupId": "",
			"Name": "エフェクト"
		},
		{
			"Id": "ParamGroup28",
			"GroupId": "",
			"Name": "エフェクト刀"
		},
		{
			"Id": "ParamGroup2",
			"GroupId": "",
			"Name": "髪_上"
		},
		{
			"Id": "ParamGroup3",
			"GroupId": "",
			"Name": "髪_前髪メイン"
		},
		{
			"Id": "ParamGroup4",
			"GroupId": "",
			"Name": "髪_前髪単体"
		},
		{
			"Id": "ParamGroup5",
			"GroupId": "",
			"Name": "髪_もみあげ右"
		},
		{
			"Id": "ParamGroup6",
			"GroupId": "",
			"Name": "髪_右サイド"
		},
		{
			"Id": "ParamGroup7",
			"GroupId": "",
			"Name": "髪_中央もっさり"
		},
		{
			"Id": "ParamGroup8",
			"GroupId": "",
			"Name": "髪_もみあげ左"
		},
		{
			"Id": "ParamGroup9",
			"GroupId": "",
			"Name": "髪_上中央"
		},
		{
			"Id": "ParamGroup10",
			"GroupId": "",
			"Name": "髪_上中央"
		},
		{
			"Id": "ParamGroup11",
			"GroupId": "",
			"Name": "髪_後ろもっさり"
		},
		{
			"Id": "ParamGroup12",
			"GroupId": "",
			"Name": "髪_上中央トップ"
		},
		{
			"Id": "ParamGroup13",
			"GroupId": "",
			"Name": "髪_下メイン"
		},
		{
			"Id": "ParamGroup14",
			"GroupId": "",
			"Name": "髪_下サブ単体"
		},
		{
			"Id": "ParamGroup15",
			"GroupId": "",
			"Name": "胸紐1"
		},
		{
			"Id": "ParamGroup16",
			"GroupId": "",
			"Name": "胸紐2"
		},
		{
			"Id": "ParamGroup17",
			"GroupId": "",
			"Name": "胸紐3"
		},
		{
			"Id": "ParamGroup18",
			"GroupId": "",
			"Name": "胸紐4"
		},
		{
			"Id": "ParamGroup19",
			"GroupId": "",
			"Name": "指_6"
		},
		{
			"Id": "ParamGroup20",
			"GroupId": "",
			"Name": "指_2"
		},
		{
			"Id": "ParamGroup21",
			"GroupId": "",
			"Name": "指_3"
		},
		{
			"Id": "ParamGroup22",
			"GroupId": "",
			"Name": "指_4"
		}
	],
	"Parts": [
		{
			"Id": "Part16",
			"Name": "1920x1440_追加.psd（対応無し）"
		},
		{
			"Id": "Part",
			"Name": "エフェクト"
		},
		{
			"Id": "Part7",
			"Name": "髪"
		},
		{
			"Id": "Part8",
			"Name": "右目"
		},
		{
			"Id": "Part9",
			"Name": "左目"
		},
		{
			"Id": "Part10",
			"Name": "鼻と口"
		},
		{
			"Id": "Part15",
			"Name": "1920x1440_追加.psd"
		},
		{
			"Id": "Part11",
			"Name": "左腕"
		},
		{
			"Id": "Part12",
			"Name": "胸"
		},
		{
			"Id": "Part13",
			"Name": "右腕"
		},
		{
			"Id": "Part14",
			"Name": "足"
		},
		{
			"Id": "Part2",
			"Name": "まるほわ"
		},
		{
			"Id": "Part3",
			"Name": "キラキラ"
		},
		{
			"Id": "Part4",
			"Name": "粒子"
		},
		{
			"Id": "Part5",
			"Name": "日差し無色"
		},
		{
			"Id": "Part6",
			"Name": "日差し"
		},
		{
			"Id": "ArtMesh46_Skinning",
			"Name": "髪_上(スキニング)"
		},
		{
			"Id": "ArtMesh47_Skinning",
			"Name": "髪_前髪メイン(スキニング)"
		},
		{
			"Id": "ArtMesh48_Skinning",
			"Name": "髪_前髪単体(スキニング)"
		},
		{
			"Id": "ArtMesh49_Skinning",
			"Name": "髪_もみあげ右(スキニング)"
		},
		{
			"Id": "ArtMesh50_Skinning",
			"Name": "髪_右サイド(スキニング)"
		},
		{
			"Id": "ArtMesh51_Skinning",
			"Name": "髪_中央もっさり(スキニング)"
		},
		{
			"Id": "ArtMesh52_Skinning",
			"Name": "髪_もみあげ左(スキニング)"
		},
		{
			"Id": "ArtMesh53_Skinning",
			"Name": "髪_上中央2(スキニング)"
		},
		{
			"Id": "ArtMesh54_Skinning",
			"Name": "髪_上中央1(スキニング)"
		},
		{
			"Id": "ArtMesh55_Skinning",
			"Name": "髪_後ろもっさり(スキニング)"
		},
		{
			"Id": "ArtMesh56_Skinning",
			"Name": "髪_上中央トップ(スキニング)"
		},
		{
			"Id": "ArtMesh57_Skinning",
			"Name": "髪_下メイン(スキニング)"
		},
		{
			"Id": "ArtMesh58_Skinning",
			"Name": "髪_下サブ単体(スキニング)"
		},
		{
			"Id": "ArtMesh92_Skinning",
			"Name": "指_2(スキニング)"
		},
		{
			"Id": "ArtMesh93_Skinning",
			"Name": "指_3(スキニング)"
		},
		{
			"Id": "ArtMesh94_Skinning",
			"Name": "指_4(スキニング)"
		},
		{
			"Id": "ArtMesh96_Skinning",
			"Name": "指_6(スキニング)"
		},
		{
			"Id": "ArtMesh103_Skinning",
			"Name": "胸紐1(スキニング)"
		},
		{
			"Id": "ArtMesh104_Skinning",
			"Name": "胸紐2(スキニング)"
		},
		{
			"Id": "ArtMesh105_Skinning",
			"Name": "胸紐3(スキニング)"
		},
		{
			"Id": "ArtMesh106_Skinning",
			"Name": "胸紐4(スキニング)"
		}
	],
	"CombinedParameters": [
		[
			"Param",
			"Param2"
		],
		[
			"ParamEyeRL",
			"ParamEyeHB"
		],
		[
			"ParamPaiX",
			"ParamPaiY"
		],
		[
			"ParamPaiX2",
			"ParamPaiY2"
		],
		[
			"ParamPai2X",
			"ParamPai2Y"
		],
		[
			"ParamPai2X2",
			"ParamPai2Y2"
		]
	]
}