{
	"Version": 3,
	"Parameters": [
		{
			"Id": "ParamEff1",
			"GroupId": "ParamGroup",
			"Name": "エフェクト1"
		},
		{
			"Id": "ParamEff2",
			"GroupId": "ParamGroup",
			"Name": "エフェクト2"
		},
		{
			"Id": "ParamEff3",
			"GroupId": "ParamGroup",
			"Name": "エフェクト3"
		},
		{
			"Id": "ParamEff4",
			"GroupId": "ParamGroup",
			"Name": "エフェクト4"
		},
		{
			"Id": "ParamEff5",
			"GroupId": "ParamGroup",
			"Name": "エフェクト5"
		},
		{
			"Id": "ParamEff6",
			"GroupId": "ParamGroup",
			"Name": "エフェクト6"
		},
		{
			"Id": "ParamEff7",
			"GroupId": "ParamGroup",
			"Name": "エフェクト7"
		},
		{
			"Id": "ParamEff8",
			"GroupId": "ParamGroup",
			"Name": "日差し大小"
		},
		{
			"Id": "ParamEff9",
			"GroupId": "ParamGroup",
			"Name": "エフェクト9"
		},
		{
			"Id": "ParamEff10",
			"GroupId": "ParamGroup",
			"Name": "エフェクト10"
		},
		{
			"Id": "ParamEff11",
			"GroupId": "ParamGroup",
			"Name": "エフェクト11"
		},
		{
			"Id": "ParamEff12",
			"GroupId": "ParamGroup",
			"Name": "エフェクト12"
		},
		{
			"Id": "ParamEff13",
			"GroupId": "ParamGroup",
			"Name": "エフェクト13"
		},
		{
			"Id": "ParamEff14",
			"GroupId": "ParamGroup",
			"Name": "エフェクト14"
		},
		{
			"Id": "ParamEff15",
			"GroupId": "ParamGroup",
			"Name": "エフェクト15"
		},
		{
			"Id": "ParamEff16",
			"GroupId": "ParamGroup",
			"Name": "エフェクト16"
		},
		{
			"Id": "ParamEff17",
			"GroupId": "ParamGroup",
			"Name": "エフェクト17"
		},
		{
			"Id": "ParamEff18",
			"GroupId": "ParamGroup",
			"Name": "エフェクト18"
		},
		{
			"Id": "ParamEff19",
			"GroupId": "ParamGroup",
			"Name": "エフェクト19"
		},
		{
			"Id": "ParamEff20",
			"GroupId": "ParamGroup",
			"Name": "エフェクト20"
		},
		{
			"Id": "ParamEff21",
			"GroupId": "ParamGroup",
			"Name": "エフェクト21"
		},
		{
			"Id": "ParamEff22",
			"GroupId": "ParamGroup",
			"Name": "エフェクト22"
		},
		{
			"Id": "ParamEff23",
			"GroupId": "ParamGroup",
			"Name": "エフェクト23"
		},
		{
			"Id": "ParamEff24",
			"GroupId": "ParamGroup",
			"Name": "エフェクト24"
		},
		{
			"Id": "ParamEff25",
			"GroupId": "ParamGroup",
			"Name": "エフェクト25"
		},
		{
			"Id": "ParamEff26",
			"GroupId": "ParamGroup",
			"Name": "エフェクト26"
		},
		{
			"Id": "ParamEff27",
			"GroupId": "ParamGroup",
			"Name": "エフェクト27"
		},
		{
			"Id": "ParamEff28",
			"GroupId": "ParamGroup",
			"Name": "エフェクト28"
		},
		{
			"Id": "ParamEff29",
			"GroupId": "ParamGroup",
			"Name": "エフェクト29"
		},
		{
			"Id": "ParamEff30",
			"GroupId": "ParamGroup",
			"Name": "エフェクト30"
		},
		{
			"Id": "ParamEff31",
			"GroupId": "ParamGroup",
			"Name": "エフェクト31"
		},
		{
			"Id": "ParamEff32",
			"GroupId": "ParamGroup",
			"Name": "エフェクト32"
		},
		{
			"Id": "ParamEff33",
			"GroupId": "ParamGroup",
			"Name": "エフェクト33"
		},
		{
			"Id": "ParamPachi",
			"GroupId": "ParamGroup2",
			"Name": "目パチ"
		},
		{
			"Id": "ParamLegL1",
			"GroupId": "ParamGroup2",
			"Name": "右太もも"
		},
		{
			"Id": "ParamLegL2",
			"GroupId": "ParamGroup2",
			"Name": "右足"
		},
		{
			"Id": "ParamLegR1",
			"GroupId": "ParamGroup2",
			"Name": "左太もも"
		},
		{
			"Id": "ParamLegR2",
			"GroupId": "ParamGroup2",
			"Name": "左足"
		},
		{
			"Id": "ParamEyeRL",
			"GroupId": "ParamGroup2",
			"Name": "目Hi左右"
		},
		{
			"Id": "ParamEyeUD",
			"GroupId": "ParamGroup2",
			"Name": "目Hi上下"
		},
		{
			"Id": "ParamEyeBS",
			"GroupId": "ParamGroup2",
			"Name": "目Hi大小"
		},
		{
			"Id": "ParamPaiRY",
			"GroupId": "ParamGroup2",
			"Name": "右胸 Y"
		},
		{
			"Id": "ParamPaiRX",
			"GroupId": "ParamGroup2",
			"Name": "右胸 X"
		},
		{
			"Id": "ParamPaiRY2",
			"GroupId": "ParamGroup2",
			"Name": "右胸 Y2"
		},
		{
			"Id": "ParamPaiRX2",
			"GroupId": "ParamGroup2",
			"Name": "右胸 X2"
		},
		{
			"Id": "ParamPaiLY",
			"GroupId": "ParamGroup2",
			"Name": "左胸 Y"
		},
		{
			"Id": "ParamPaiLX",
			"GroupId": "ParamGroup2",
			"Name": "左胸 X"
		},
		{
			"Id": "ParamPaiLY2",
			"GroupId": "ParamGroup2",
			"Name": "左胸 Y2"
		},
		{
			"Id": "ParamPaiLX2",
			"GroupId": "ParamGroup2",
			"Name": "左胸 X2"
		},
		{
			"Id": "ParamBreat",
			"GroupId": "ParamGroup2",
			"Name": "呼吸"
		},
		{
			"Id": "ParamImageX",
			"GroupId": "ParamGroup3",
			"Name": "位置X"
		},
		{
			"Id": "ParamImageY",
			"GroupId": "ParamGroup3",
			"Name": "位置Y"
		},
		{
			"Id": "Param3",
			"GroupId": "ParamGroup3",
			"Name": "胸横紐"
		},
		{
			"Id": "Param4",
			"GroupId": "ParamGroup3",
			"Name": "胸紐中心"
		},
		{
			"Id": "Param7",
			"GroupId": "ParamGroup3",
			"Name": "右腕フリル"
		},
		{
			"Id": "Param",
			"GroupId": "ParamGroup3",
			"Name": "右足フリル"
		},
		{
			"Id": "Param2",
			"GroupId": "ParamGroup3",
			"Name": "左足フリル"
		},
		{
			"Id": "Param5",
			"GroupId": "ParamGroup3",
			"Name": "りぼん下"
		},
		{
			"Id": "Param6",
			"GroupId": "ParamGroup3",
			"Name": "りぼん上"
		},
		{
			"Id": "Param_Angle_Rotation3",
			"GroupId": "ParamGroup4",
			"Name": "[0]りぼん紐右"
		},
		{
			"Id": "Param_Angle_Rotation4",
			"GroupId": "ParamGroup4",
			"Name": "[1]りぼん紐右"
		},
		{
			"Id": "Param_Angle_Rotation5",
			"GroupId": "ParamGroup4",
			"Name": "[2]りぼん紐右"
		},
		{
			"Id": "Param_Angle_Rotation6",
			"GroupId": "ParamGroup4",
			"Name": "[3]りぼん紐右"
		},
		{
			"Id": "Param_Angle_Rotation7",
			"GroupId": "ParamGroup5",
			"Name": "[0]りぼん紐左"
		},
		{
			"Id": "Param_Angle_Rotation8",
			"GroupId": "ParamGroup5",
			"Name": "[1]りぼん紐左"
		},
		{
			"Id": "Param_Angle_Rotation9",
			"GroupId": "ParamGroup5",
			"Name": "[2]りぼん紐左"
		},
		{
			"Id": "Param_Angle_Rotation11",
			"GroupId": "ParamGroup5",
			"Name": "[3]りぼん紐左"
		},
		{
			"Id": "Param_Angle_Rotation51",
			"GroupId": "ParamGroup14",
			"Name": "[0]髪ハネ"
		},
		{
			"Id": "Param_Angle_Rotation52",
			"GroupId": "ParamGroup14",
			"Name": "[1]髪ハネ"
		},
		{
			"Id": "Param_Angle_Rotation53",
			"GroupId": "ParamGroup14",
			"Name": "[2]髪ハネ"
		},
		{
			"Id": "Param_Angle_Rotation54",
			"GroupId": "ParamGroup14",
			"Name": "[3]髪ハネ"
		},
		{
			"Id": "Param_Angle_Rotation12",
			"GroupId": "ParamGroup6",
			"Name": "[0]髪中央"
		},
		{
			"Id": "Param_Angle_Rotation13",
			"GroupId": "ParamGroup6",
			"Name": "[1]髪中央"
		},
		{
			"Id": "Param_Angle_Rotation14",
			"GroupId": "ParamGroup6",
			"Name": "[2]髪中央"
		},
		{
			"Id": "Param_Angle_Rotation15",
			"GroupId": "ParamGroup6",
			"Name": "[3]髪中央"
		},
		{
			"Id": "Param_Angle_Rotation21",
			"GroupId": "ParamGroup8",
			"Name": "[0]髪左"
		},
		{
			"Id": "Param_Angle_Rotation22",
			"GroupId": "ParamGroup8",
			"Name": "[1]髪左"
		},
		{
			"Id": "Param_Angle_Rotation23",
			"GroupId": "ParamGroup8",
			"Name": "[2]髪左"
		},
		{
			"Id": "Param_Angle_Rotation24",
			"GroupId": "ParamGroup8",
			"Name": "[3]髪左"
		},
		{
			"Id": "Param_Angle_Rotation25",
			"GroupId": "ParamGroup8",
			"Name": "[4]髪左"
		},
		{
			"Id": "Param_Angle_Rotation26",
			"GroupId": "ParamGroup9",
			"Name": "[0]髪右"
		},
		{
			"Id": "Param_Angle_Rotation27",
			"GroupId": "ParamGroup9",
			"Name": "[1]髪右"
		},
		{
			"Id": "Param_Angle_Rotation28",
			"GroupId": "ParamGroup9",
			"Name": "[2]髪右"
		},
		{
			"Id": "Param_Angle_Rotation29",
			"GroupId": "ParamGroup9",
			"Name": "[3]髪右"
		},
		{
			"Id": "Param_Angle_Rotation16",
			"GroupId": "ParamGroup7",
			"Name": "[0]左もみあげ"
		},
		{
			"Id": "Param_Angle_Rotation17",
			"GroupId": "ParamGroup7",
			"Name": "[1]左もみあげ"
		},
		{
			"Id": "Param_Angle_Rotation18",
			"GroupId": "ParamGroup7",
			"Name": "[2]左もみあげ"
		},
		{
			"Id": "Param_Angle_Rotation19",
			"GroupId": "ParamGroup7",
			"Name": "[3]左もみあげ"
		},
		{
			"Id": "Param_Angle_Rotation20",
			"GroupId": "ParamGroup7",
			"Name": "[4]左もみあげ"
		},
		{
			"Id": "Param_Angle_Rotation35",
			"GroupId": "ParamGroup11",
			"Name": "[0]右もみあげ"
		},
		{
			"Id": "Param_Angle_Rotation36",
			"GroupId": "ParamGroup11",
			"Name": "[1]右もみあげ"
		},
		{
			"Id": "Param_Angle_Rotation37",
			"GroupId": "ParamGroup11",
			"Name": "[2]右もみあげ"
		},
		{
			"Id": "Param_Angle_Rotation38",
			"GroupId": "ParamGroup11",
			"Name": "[3]右もみあげ"
		},
		{
			"Id": "Param_Angle_Rotation39",
			"GroupId": "ParamGroup11",
			"Name": "[4]右もみあげ"
		},
		{
			"Id": "Param_Angle_Rotation30",
			"GroupId": "ParamGroup10",
			"Name": "[0]右もみあげ2"
		},
		{
			"Id": "Param_Angle_Rotation31",
			"GroupId": "ParamGroup10",
			"Name": "[1]右もみあげ2"
		},
		{
			"Id": "Param_Angle_Rotation32",
			"GroupId": "ParamGroup10",
			"Name": "[2]右もみあげ2"
		},
		{
			"Id": "Param_Angle_Rotation33",
			"GroupId": "ParamGroup10",
			"Name": "[3]右もみあげ2"
		},
		{
			"Id": "Param_Angle_Rotation34",
			"GroupId": "ParamGroup10",
			"Name": "[4]右もみあげ2"
		},
		{
			"Id": "Param_Angle_Rotation40",
			"GroupId": "ParamGroup12",
			"Name": "[0]右後ろ髪"
		},
		{
			"Id": "Param_Angle_Rotation41",
			"GroupId": "ParamGroup12",
			"Name": "[1]右後ろ髪"
		},
		{
			"Id": "Param_Angle_Rotation42",
			"GroupId": "ParamGroup12",
			"Name": "[2]右後ろ髪"
		},
		{
			"Id": "Param_Angle_Rotation43",
			"GroupId": "ParamGroup12",
			"Name": "[3]右後ろ髪"
		},
		{
			"Id": "Param_Angle_Rotation45",
			"GroupId": "ParamGroup13",
			"Name": "[0]左後ろ髪"
		},
		{
			"Id": "Param_Angle_Rotation46",
			"GroupId": "ParamGroup13",
			"Name": "[1]左後ろ髪"
		},
		{
			"Id": "Param_Angle_Rotation47",
			"GroupId": "ParamGroup13",
			"Name": "[2]左後ろ髪"
		},
		{
			"Id": "Param_Angle_Rotation48",
			"GroupId": "ParamGroup13",
			"Name": "[3]左後ろ髪"
		},
		{
			"Id": "Param_Angle_Rotation49",
			"GroupId": "ParamGroup13",
			"Name": "[4]左後ろ髪"
		}
	],
	"ParameterGroups": [
		{
			"Id": "ParamGroup",
			"GroupId": "",
			"Name": "エフェクト"
		},
		{
			"Id": "ParamGroup2",
			"GroupId": "",
			"Name": "URアニメーション"
		},
		{
			"Id": "ParamGroup3",
			"GroupId": "",
			"Name": "追加"
		},
		{
			"Id": "ParamGroup4",
			"GroupId": "",
			"Name": "りぼん紐右"
		},
		{
			"Id": "ParamGroup5",
			"GroupId": "",
			"Name": "りぼん紐左"
		},
		{
			"Id": "ParamGroup14",
			"GroupId": "",
			"Name": "髪ハネ"
		},
		{
			"Id": "ParamGroup6",
			"GroupId": "",
			"Name": "髪中央"
		},
		{
			"Id": "ParamGroup8",
			"GroupId": "",
			"Name": "髪左"
		},
		{
			"Id": "ParamGroup9",
			"GroupId": "",
			"Name": "髪右"
		},
		{
			"Id": "ParamGroup7",
			"GroupId": "",
			"Name": "左もみあげ"
		},
		{
			"Id": "ParamGroup11",
			"GroupId": "",
			"Name": "右もみあげ"
		},
		{
			"Id": "ParamGroup10",
			"GroupId": "",
			"Name": "右もみあげ2"
		},
		{
			"Id": "ParamGroup12",
			"GroupId": "",
			"Name": "右後ろ髪"
		},
		{
			"Id": "ParamGroup13",
			"GroupId": "",
			"Name": "左後ろ髪"
		}
	],
	"Parts": [
		{
			"Id": "Part27",
			"Name": "1920×1440.psd"
		},
		{
			"Id": "Part",
			"Name": "キラキラ加算"
		},
		{
			"Id": "Part5",
			"Name": "花びら　"
		},
		{
			"Id": "Part6",
			"Name": "手前水しぶき　"
		},
		{
			"Id": "Part17",
			"Name": "アイリ"
		},
		{
			"Id": "Part24",
			"Name": "背景光彩"
		},
		{
			"Id": "Part25",
			"Name": "太陽フレア"
		},
		{
			"Id": "Part26",
			"Name": "背景"
		},
		{
			"Id": "Part2",
			"Name": "キラキラ03"
		},
		{
			"Id": "Part3",
			"Name": "キラキラ02"
		},
		{
			"Id": "Part4",
			"Name": "キラキラ01"
		},
		{
			"Id": "Part7",
			"Name": "みずしぶき"
		},
		{
			"Id": "Part8",
			"Name": "水しぶき光"
		},
		{
			"Id": "Part9",
			"Name": "水9"
		},
		{
			"Id": "Part10",
			"Name": "水8"
		},
		{
			"Id": "Part11",
			"Name": "水7"
		},
		{
			"Id": "Part12",
			"Name": "水6"
		},
		{
			"Id": "Part13",
			"Name": "水5"
		},
		{
			"Id": "Part14",
			"Name": "水3"
		},
		{
			"Id": "Part15",
			"Name": "水2"
		},
		{
			"Id": "Part16",
			"Name": "水1"
		},
		{
			"Id": "Part18",
			"Name": "りぼん"
		},
		{
			"Id": "Part19",
			"Name": "足フリル"
		},
		{
			"Id": "Part20",
			"Name": "胸周辺"
		},
		{
			"Id": "Part21",
			"Name": "髪"
		},
		{
			"Id": "Part22",
			"Name": "顔表情等"
		},
		{
			"Id": "Part23",
			"Name": "体周辺"
		},
		{
			"Id": "ArtMesh118_Skinning",
			"Name": "りぼん紐左(スキニング)"
		},
		{
			"Id": "ArtMesh119_Skinning",
			"Name": "りぼん紐右(スキニング)"
		},
		{
			"Id": "ArtMesh125_Skinning",
			"Name": "右もみあげ2(スキニング)"
		},
		{
			"Id": "ArtMesh133_Skinning",
			"Name": "右後ろ髪(スキニング)"
		},
		{
			"Id": "ArtMesh134_Skinning",
			"Name": "右もみあげ(スキニング)"
		},
		{
			"Id": "ArtMesh135_Skinning",
			"Name": "髪ハネ(スキニング)"
		},
		{
			"Id": "ArtMesh136_Skinning",
			"Name": "左もみあげ(スキニング)"
		},
		{
			"Id": "ArtMesh137_Skinning",
			"Name": "髪中央(スキニング)"
		},
		{
			"Id": "ArtMesh138_Skinning",
			"Name": "髪左(スキニング)"
		},
		{
			"Id": "ArtMesh139_Skinning",
			"Name": "髪右(スキニング)"
		},
		{
			"Id": "ArtMesh149_Skinning",
			"Name": "左後ろ髪(スキニング)"
		}
	],
	"CombinedParameters": [
		[
			"ParamEyeRL",
			"ParamEyeUD"
		],
		[
			"ParamImageX",
			"ParamImageY"
		]
	]
}