{
	"Version": 3,
	"Meta": {
		"Duration": 6,
		"Fps": 30.0,
		"Loop": true,
		"AreBeziersRestricted": false,
		"CurveCount": 93,
		"TotalSegmentCount": 830,
		"TotalPointCount": 2579,
		"UserDataCount": 0,
		"TotalUserDataSize": 0
	},
	"Curves": [
		{
			"Target": "Parameter",
			"Id": "Param14",
			"Segments": [
				0,
				-5,
				1,
				0.333,
				-5,
				0.667,
				0,
				1,
				0,
				1,
				1.433,
				0,
				1.867,
				-2.066,
				2.3,
				-2.08,
				1,
				2.711,
				-2.094,
				3.122,
				-2.081,
				3.533,
				-2.1,
				1,
				4.289,
				-2.134,
				5.044,
				-6,
				5.8,
				-6,
				1,
				5.867,
				-6,
				5.933,
				-5,
				6,
				-5
			]
		},
		{
			"Target": "Parameter",
			"Id": "Param15",
			"Segments": [
				0,
				-3.7,
				1,
				0.333,
				-3.7,
				0.667,
				-2.613,
				1,
				0,
				1,
				1.433,
				3.397,
				1.867,
				5.34,
				2.3,
				5.34,
				1,
				2.711,
				5.34,
				3.122,
				5.34,
				3.533,
				5.34,
				1,
				4.289,
				5.34,
				5.044,
				-4,
				5.8,
				-4,
				1,
				5.867,
				-4,
				5.933,
				-3.7,
				6,
				-3.7
			]
		},
		{
			"Target": "Parameter",
			"Id": "Param16",
			"Segments": [
				0,
				0,
				1,
				0.1,
				0,
				0.2,
				0,
				0.3,
				0,
				1,
				0.533,
				0,
				0.767,
				0,
				1,
				0,
				1,
				1.533,
				0,
				2.067,
				0,
				2.6,
				0,
				1,
				3.011,
				0,
				3.422,
				0,
				3.833,
				0,
				1,
				4.556,
				0,
				5.278,
				0,
				6,
				0
			]
		},
		{
			"Target": "Parameter",
			"Id": "Param17",
			"Segments": [
				0,
				-1.4,
				1,
				0.1,
				-1.4,
				0.2,
				-2,
				0.3,
				-2,
				1,
				0.533,
				-2,
				0.767,
				-0.923,
				1,
				0,
				1,
				1.533,
				2.11,
				2.067,
				2.663,
				2.6,
				5.58,
				1,
				3.011,
				7.829,
				3.422,
				19.76,
				3.833,
				19.76,
				1,
				4.556,
				19.76,
				5.278,
				-1.4,
				6,
				-1.4
			]
		},
		{
			"Target": "Parameter",
			"Id": "Param18",
			"Segments": [
				0,
				-5.6,
				1,
				0.333,
				-5.6,
				0.667,
				0,
				1,
				0,
				1,
				1.433,
				0,
				1.867,
				-4,
				2.3,
				-4,
				1,
				2.711,
				-4,
				3.122,
				-4,
				3.533,
				-4,
				1,
				4.289,
				-4,
				5.044,
				-6,
				5.8,
				-6,
				1,
				5.867,
				-6,
				5.933,
				-5.6,
				6,
				-5.6
			]
		},
		{
			"Target": "Parameter",
			"Id": "Param19",
			"Segments": [
				0,
				-3.7,
				1,
				0.333,
				-3.7,
				0.667,
				-2.279,
				1,
				0,
				1,
				1.433,
				2.963,
				1.867,
				5.216,
				2.3,
				8.4,
				1,
				2.711,
				11.42,
				3.122,
				13.7,
				3.533,
				13.7,
				1,
				4.289,
				13.7,
				5.044,
				-4,
				5.8,
				-4,
				1,
				5.867,
				-4,
				5.933,
				-3.7,
				6,
				-3.7
			]
		},
		{
			"Target": "Parameter",
			"Id": "Param20",
			"Segments": [
				0,
				0,
				1,
				0.1,
				0,
				0.2,
				0,
				0.3,
				0,
				1,
				0.533,
				0,
				0.767,
				0,
				1,
				0,
				1,
				1.433,
				0,
				1.867,
				0,
				2.3,
				0,
				1,
				2.811,
				0,
				3.322,
				0,
				3.833,
				0,
				1,
				4.556,
				0,
				5.278,
				0,
				6,
				0
			]
		},
		{
			"Target": "Parameter",
			"Id": "Param21",
			"Segments": [
				0,
				-1.4,
				1,
				0.1,
				-1.4,
				0.2,
				-2,
				0.3,
				-2,
				1,
				0.533,
				-2,
				0.767,
				-0.643,
				1,
				0,
				1,
				1.533,
				1.471,
				2.067,
				1.706,
				2.6,
				3.6,
				1,
				3.011,
				5.06,
				3.422,
				12.8,
				3.833,
				12.8,
				1,
				4.556,
				12.8,
				5.278,
				-1.4,
				6,
				-1.4
			]
		},
		{
			"Target": "Parameter",
			"Id": "Param2",
			"Segments": [
				0,
				-30,
				1,
				1,
				-30,
				2,
				0,
				3,
				0,
				1,
				4,
				0,
				5,
				-30,
				6,
				-30
			]
		},
		{
			"Target": "Parameter",
			"Id": "Param5",
			"Segments": [
				0,
				1,
				1,
				0.111,
				1,
				0.222,
				1,
				0.333,
				1,
				1,
				0.378,
				1,
				0.422,
				0.5,
				0.467,
				0.5,
				1,
				0.511,
				0.5,
				0.556,
				1,
				0.6,
				1,
				1,
				0.644,
				1,
				0.689,
				0.3,
				0.733,
				0.3,
				1,
				0.778,
				0.3,
				0.822,
				1,
				0.867,
				1,
				1,
				1.022,
				1,
				1.178,
				0.2,
				1.333,
				0.2,
				1,
				1.478,
				0.2,
				1.622,
				1,
				1.767,
				1,
				1,
				1.8,
				1,
				1.833,
				0.4,
				1.867,
				0.4,
				1,
				1.911,
				0.4,
				1.956,
				1,
				2,
				1,
				1,
				2.044,
				1,
				2.089,
				0.6,
				2.133,
				0.6,
				1,
				2.256,
				0.6,
				2.378,
				1,
				2.5,
				1,
				1,
				2.678,
				1,
				2.856,
				0.5,
				3.033,
				0.5,
				1,
				3.267,
				0.5,
				3.5,
				1,
				3.733,
				1,
				1,
				3.822,
				1,
				3.911,
				0.6,
				4,
				0.6,
				1,
				4.144,
				0.6,
				4.289,
				1,
				4.433,
				1,
				1,
				4.556,
				1,
				4.678,
				0.2,
				4.8,
				0.2,
				1,
				4.833,
				0.2,
				4.867,
				1,
				4.9,
				1,
				1,
				4.933,
				1,
				4.967,
				0.6,
				5,
				0.6,
				1,
				5.133,
				0.6,
				5.267,
				1,
				5.4,
				1,
				1,
				5.467,
				1,
				5.533,
				0.4,
				5.6,
				0.4,
				1,
				5.733,
				0.4,
				5.867,
				1,
				6,
				1
			]
		},
		{
			"Target": "Parameter",
			"Id": "Param6",
			"Segments": [
				0,
				0.6,
				1,
				0.033,
				0.6,
				0.067,
				1,
				0.1,
				1,
				1,
				0.144,
				1,
				0.189,
				0.5,
				0.233,
				0.5,
				1,
				0.278,
				0.5,
				0.322,
				1,
				0.367,
				1,
				1,
				0.467,
				1,
				0.567,
				0.3,
				0.667,
				0.3,
				1,
				0.833,
				0.3,
				1,
				1,
				1.167,
				1,
				1,
				1.256,
				1,
				1.344,
				0.4,
				1.433,
				0.4,
				1,
				1.467,
				0.4,
				1.5,
				1,
				1.533,
				1,
				1,
				1.756,
				1,
				1.978,
				0.4,
				2.2,
				0.4,
				1,
				2.356,
				0.4,
				2.511,
				1,
				2.667,
				1,
				1,
				2.778,
				1,
				2.889,
				0.4,
				3,
				0.4,
				1,
				3.044,
				0.4,
				3.089,
				1,
				3.133,
				1,
				1,
				3.167,
				1,
				3.2,
				0.3,
				3.233,
				0.3,
				1,
				3.267,
				0.3,
				3.3,
				1,
				3.333,
				1,
				1,
				3.367,
				1,
				3.4,
				0.4,
				3.433,
				0.4,
				1,
				3.722,
				0.4,
				4.011,
				1,
				4.3,
				1,
				1,
				4.456,
				1,
				4.611,
				0.7,
				4.767,
				0.7,
				1,
				4.889,
				0.7,
				5.011,
				1,
				5.133,
				1,
				1,
				5.422,
				1,
				5.711,
				0.6,
				6,
				0.6
			]
		},
		{
			"Target": "Parameter",
			"Id": "Param7",
			"Segments": [
				0,
				1,
				1,
				0.333,
				1,
				0.667,
				0.3,
				1,
				0.3,
				1,
				1.078,
				0.3,
				1.156,
				1,
				1.233,
				1,
				1,
				1.278,
				1,
				1.322,
				0.4,
				1.367,
				0.4,
				1,
				1.422,
				0.4,
				1.478,
				1,
				1.533,
				1,
				1,
				1.6,
				1,
				1.667,
				0.4,
				1.733,
				0.4,
				1,
				1.778,
				0.4,
				1.822,
				1,
				1.867,
				1,
				1,
				1.956,
				1,
				2.044,
				0.3,
				2.133,
				0.3,
				1,
				2.244,
				0.3,
				2.356,
				1,
				2.467,
				1,
				1,
				2.522,
				1,
				2.578,
				0.4,
				2.633,
				0.4,
				1,
				2.667,
				0.4,
				2.7,
				1,
				2.733,
				1,
				1,
				2.767,
				1,
				2.8,
				0.4,
				2.833,
				0.4,
				1,
				2.978,
				0.4,
				3.122,
				1,
				3.267,
				1,
				1,
				3.3,
				1,
				3.333,
				0.5,
				3.367,
				0.5,
				1,
				3.4,
				0.5,
				3.433,
				1,
				3.467,
				1,
				1,
				3.5,
				1,
				3.533,
				0.6,
				3.567,
				0.6,
				1,
				3.644,
				0.6,
				3.722,
				1,
				3.8,
				1,
				1,
				3.9,
				1,
				4,
				0.4,
				4.1,
				0.4,
				1,
				4.244,
				0.4,
				4.389,
				1,
				4.533,
				1,
				1,
				4.567,
				1,
				4.6,
				0.6,
				4.633,
				0.6,
				1,
				4.678,
				0.6,
				4.722,
				1,
				4.767,
				1,
				1,
				4.844,
				1,
				4.922,
				1,
				5,
				1,
				1,
				5.167,
				1,
				5.333,
				0.3,
				5.5,
				0.3,
				1,
				5.667,
				0.3,
				5.833,
				1,
				6,
				1
			]
		},
		{
			"Target": "Parameter",
			"Id": "Param8",
			"Segments": [
				0,
				1,
				1,
				0.111,
				1,
				0.222,
				1,
				0.333,
				1,
				1,
				0.378,
				1,
				0.422,
				0.5,
				0.467,
				0.5,
				1,
				0.511,
				0.5,
				0.556,
				1,
				0.6,
				1,
				1,
				0.644,
				1,
				0.689,
				0.3,
				0.733,
				0.3,
				1,
				0.778,
				0.3,
				0.822,
				1,
				0.867,
				1,
				1,
				1.022,
				1,
				1.178,
				0.2,
				1.333,
				0.2,
				1,
				1.478,
				0.2,
				1.622,
				1,
				1.767,
				1,
				1,
				1.8,
				1,
				1.833,
				0.4,
				1.867,
				0.4,
				1,
				1.911,
				0.4,
				1.956,
				1,
				2,
				1,
				1,
				2.044,
				1,
				2.089,
				0.6,
				2.133,
				0.6,
				1,
				2.256,
				0.6,
				2.378,
				1,
				2.5,
				1,
				1,
				2.678,
				1,
				2.856,
				0.5,
				3.033,
				0.5,
				1,
				3.267,
				0.5,
				3.5,
				1,
				3.733,
				1,
				1,
				3.822,
				1,
				3.911,
				0.6,
				4,
				0.6,
				1,
				4.144,
				0.6,
				4.289,
				1,
				4.433,
				1,
				1,
				4.556,
				1,
				4.678,
				0.2,
				4.8,
				0.2,
				1,
				4.833,
				0.2,
				4.867,
				1,
				4.9,
				1,
				1,
				4.933,
				1,
				4.967,
				0.6,
				5,
				0.6,
				1,
				5.133,
				0.6,
				5.267,
				1,
				5.4,
				1,
				1,
				5.467,
				1,
				5.533,
				0.4,
				5.6,
				0.4,
				1,
				5.733,
				0.4,
				5.867,
				1,
				6,
				1
			]
		},
		{
			"Target": "Parameter",
			"Id": "Param22",
			"Segments": [
				0,
				0.5,
				1,
				0.244,
				0.5,
				0.489,
				1,
				0.733,
				1,
				1,
				0.811,
				1,
				0.889,
				0.5,
				0.967,
				0.5,
				1,
				1.033,
				0.5,
				1.1,
				1,
				1.167,
				1,
				1,
				1.367,
				1,
				1.567,
				0.4,
				1.767,
				0.4,
				1,
				1.956,
				0.4,
				2.144,
				1,
				2.333,
				1,
				1,
				2.4,
				1,
				2.467,
				0.6,
				2.533,
				0.6,
				1,
				2.611,
				0.6,
				2.689,
				1,
				2.767,
				1,
				1,
				2.867,
				1,
				2.967,
				0.4,
				3.067,
				0.4,
				1,
				3.178,
				0.4,
				3.289,
				1,
				3.4,
				1,
				1,
				3.611,
				1,
				3.822,
				0.3,
				4.033,
				0.3,
				1,
				4.078,
				0.3,
				4.122,
				1,
				4.167,
				1,
				1,
				4.322,
				1,
				4.478,
				0.4,
				4.633,
				0.4,
				1,
				4.689,
				0.4,
				4.744,
				1,
				4.8,
				1,
				1,
				4.967,
				1,
				5.133,
				0.4,
				5.3,
				0.4,
				1,
				5.4,
				0.4,
				5.5,
				1,
				5.6,
				1,
				1,
				5.733,
				1,
				5.867,
				0.5,
				6,
				0.5
			]
		},
		{
			"Target": "Parameter",
			"Id": "Param23",
			"Segments": [
				0,
				0.3,
				1,
				0.044,
				0.3,
				0.089,
				1,
				0.133,
				1,
				1,
				0.289,
				1,
				0.444,
				0.4,
				0.6,
				0.4,
				1,
				0.656,
				0.4,
				0.711,
				1,
				0.767,
				1,
				1,
				0.933,
				1,
				1.1,
				0.4,
				1.267,
				0.4,
				1,
				1.367,
				0.4,
				1.467,
				1,
				1.567,
				1,
				1,
				1.7,
				1,
				1.833,
				0.5,
				1.967,
				0.5,
				1,
				2.222,
				0.5,
				2.478,
				1,
				2.733,
				1,
				1,
				2.811,
				1,
				2.889,
				0.5,
				2.967,
				0.5,
				1,
				3.033,
				0.5,
				3.1,
				1,
				3.167,
				1,
				1,
				3.367,
				1,
				3.567,
				0.4,
				3.767,
				0.4,
				1,
				3.956,
				0.4,
				4.144,
				1,
				4.333,
				1,
				1,
				4.4,
				1,
				4.467,
				0.6,
				4.533,
				0.6,
				1,
				4.611,
				0.6,
				4.689,
				1,
				4.767,
				1,
				1,
				4.867,
				1,
				4.967,
				0.4,
				5.067,
				0.4,
				1,
				5.178,
				0.4,
				5.289,
				1,
				5.4,
				1,
				1,
				5.6,
				1,
				5.8,
				0.3,
				6,
				0.3
			]
		},
		{
			"Target": "Parameter",
			"Id": "Param24",
			"Segments": [
				0,
				1,
				1,
				0.067,
				1,
				0.133,
				0.6,
				0.2,
				0.6,
				1,
				0.278,
				0.6,
				0.356,
				1,
				0.433,
				1,
				1,
				0.533,
				1,
				0.633,
				0.4,
				0.733,
				0.4,
				1,
				0.844,
				0.4,
				0.956,
				1,
				1.067,
				1,
				1,
				1.278,
				1,
				1.489,
				0.3,
				1.7,
				0.3,
				1,
				1.744,
				0.3,
				1.789,
				1,
				1.833,
				1,
				1,
				1.989,
				1,
				2.144,
				0.4,
				2.3,
				0.4,
				1,
				2.356,
				0.4,
				2.411,
				1,
				2.467,
				1,
				1,
				2.633,
				1,
				2.8,
				0.4,
				2.967,
				0.4,
				1,
				3.067,
				0.4,
				3.167,
				1,
				3.267,
				1,
				1,
				3.4,
				1,
				3.533,
				0.5,
				3.667,
				0.5,
				1,
				3.778,
				0.5,
				3.889,
				0.5,
				4,
				0.5,
				1,
				4.244,
				0.5,
				4.489,
				1,
				4.733,
				1,
				1,
				4.811,
				1,
				4.889,
				0.5,
				4.967,
				0.5,
				1,
				5.033,
				0.5,
				5.1,
				1,
				5.167,
				1,
				1,
				5.367,
				1,
				5.567,
				0.4,
				5.767,
				0.4,
				1,
				5.844,
				0.4,
				5.922,
				1,
				6,
				1
			]
		},
		{
			"Target": "Parameter",
			"Id": "Param25",
			"Segments": [
				0,
				1,
				1,
				0.122,
				1,
				0.244,
				0.4,
				0.367,
				0.4,
				1,
				0.4,
				0.4,
				0.433,
				1,
				0.467,
				1,
				1,
				0.556,
				1,
				0.644,
				1,
				0.733,
				1,
				1,
				0.944,
				1,
				1.156,
				0.3,
				1.367,
				0.3,
				1,
				1.433,
				0.3,
				1.5,
				1,
				1.567,
				1,
				1,
				1.6,
				1,
				1.633,
				0.3,
				1.667,
				0.3,
				1,
				1.733,
				0.3,
				1.8,
				1,
				1.867,
				1,
				1,
				1.889,
				1,
				1.911,
				0.5,
				1.933,
				0.5,
				1,
				2.033,
				0.5,
				2.133,
				1,
				2.233,
				1,
				1,
				2.411,
				1,
				2.589,
				0.4,
				2.767,
				0.4,
				1,
				2.922,
				0.4,
				3.078,
				1,
				3.233,
				1,
				1,
				3.333,
				1,
				3.433,
				0.777,
				3.533,
				0.4,
				1,
				3.556,
				0.316,
				3.578,
				0.3,
				3.6,
				0.3,
				1,
				3.756,
				0.3,
				3.911,
				1,
				4.067,
				1,
				1,
				4.244,
				1,
				4.422,
				0.5,
				4.6,
				0.5,
				1,
				4.667,
				0.5,
				4.733,
				1,
				4.8,
				1,
				1,
				4.878,
				1,
				4.956,
				0.5,
				5.033,
				0.5,
				1,
				5.233,
				0.5,
				5.433,
				1,
				5.633,
				1,
				1,
				5.689,
				1,
				5.744,
				0.3,
				5.8,
				0.3,
				1,
				5.867,
				0.3,
				5.933,
				1,
				6,
				1
			]
		},
		{
			"Target": "Parameter",
			"Id": "Param26",
			"Segments": [
				0,
				0.2,
				1,
				0.033,
				0.2,
				0.067,
				1,
				0.1,
				1,
				1,
				0.133,
				1,
				0.167,
				0.6,
				0.2,
				0.6,
				1,
				0.333,
				0.6,
				0.467,
				1,
				0.6,
				1,
				1,
				0.667,
				1,
				0.733,
				0.4,
				0.8,
				0.4,
				1,
				0.933,
				0.4,
				1.067,
				1,
				1.2,
				1,
				1,
				1.311,
				1,
				1.422,
				1,
				1.533,
				1,
				1,
				1.578,
				1,
				1.622,
				0.5,
				1.667,
				0.5,
				1,
				1.711,
				0.5,
				1.756,
				1,
				1.8,
				1,
				1,
				1.844,
				1,
				1.889,
				0.3,
				1.933,
				0.3,
				1,
				1.978,
				0.3,
				2.022,
				1,
				2.067,
				1,
				1,
				2.222,
				1,
				2.378,
				0.2,
				2.533,
				0.2,
				1,
				2.678,
				0.2,
				2.822,
				1,
				2.967,
				1,
				1,
				3,
				1,
				3.033,
				0.4,
				3.067,
				0.4,
				1,
				3.111,
				0.4,
				3.156,
				1,
				3.2,
				1,
				1,
				3.244,
				1,
				3.289,
				0.6,
				3.333,
				0.6,
				1,
				3.456,
				0.6,
				3.578,
				1,
				3.7,
				1,
				1,
				3.878,
				1,
				4.056,
				0.5,
				4.233,
				0.5,
				1,
				4.467,
				0.5,
				4.7,
				1,
				4.933,
				1,
				1,
				5.022,
				1,
				5.111,
				0.6,
				5.2,
				0.6,
				1,
				5.344,
				0.6,
				5.489,
				1,
				5.633,
				1,
				1,
				5.756,
				1,
				5.878,
				0.2,
				6,
				0.2
			]
		},
		{
			"Target": "Parameter",
			"Id": "Param27",
			"Segments": [
				0,
				0.4,
				1,
				0.144,
				0.4,
				0.289,
				1,
				0.433,
				1,
				1,
				0.467,
				1,
				0.5,
				0.6,
				0.533,
				0.6,
				1,
				0.578,
				0.6,
				0.622,
				1,
				0.667,
				1,
				1,
				0.744,
				1,
				0.822,
				1,
				0.9,
				1,
				1,
				1.067,
				1,
				1.233,
				0.3,
				1.4,
				0.3,
				1,
				1.567,
				0.3,
				1.733,
				1,
				1.9,
				1,
				1,
				2.233,
				1,
				2.567,
				0.3,
				2.9,
				0.3,
				1,
				2.978,
				0.3,
				3.056,
				1,
				3.133,
				1,
				1,
				3.178,
				1,
				3.222,
				0.4,
				3.267,
				0.4,
				1,
				3.322,
				0.4,
				3.378,
				1,
				3.433,
				1,
				1,
				3.5,
				1,
				3.567,
				0.4,
				3.633,
				0.4,
				1,
				3.678,
				0.4,
				3.722,
				1,
				3.767,
				1,
				1,
				3.856,
				1,
				3.944,
				0.3,
				4.033,
				0.3,
				1,
				4.144,
				0.3,
				4.256,
				1,
				4.367,
				1,
				1,
				4.422,
				1,
				4.478,
				0.4,
				4.533,
				0.4,
				1,
				4.567,
				0.4,
				4.6,
				1,
				4.633,
				1,
				1,
				4.667,
				1,
				4.7,
				0.4,
				4.733,
				0.4,
				1,
				4.878,
				0.4,
				5.022,
				1,
				5.167,
				1,
				1,
				5.2,
				1,
				5.233,
				0.5,
				5.267,
				0.5,
				1,
				5.3,
				0.5,
				5.333,
				1,
				5.367,
				1,
				1,
				5.4,
				1,
				5.433,
				0.6,
				5.467,
				0.6,
				1,
				5.544,
				0.6,
				5.622,
				1,
				5.7,
				1,
				1,
				5.8,
				1,
				5.9,
				0.4,
				6,
				0.4
			]
		},
		{
			"Target": "Parameter",
			"Id": "Param28",
			"Segments": [
				0,
				0.4,
				1,
				0.122,
				0.4,
				0.244,
				-13,
				0.367,
				-13,
				1,
				0.533,
				-13,
				0.7,
				14,
				0.867,
				14,
				1,
				1.044,
				14,
				1.222,
				-12,
				1.4,
				-12,
				1,
				1.522,
				-12,
				1.644,
				13,
				1.767,
				13,
				1,
				1.9,
				13,
				2.033,
				-13,
				2.167,
				-13,
				1,
				2.367,
				-13,
				2.567,
				16,
				2.767,
				16,
				1,
				2.9,
				16,
				3.033,
				-14,
				3.167,
				-14,
				1,
				3.267,
				-14,
				3.367,
				18,
				3.467,
				18,
				1,
				3.633,
				18,
				3.8,
				-11,
				3.967,
				-11,
				1,
				4.078,
				-11,
				4.189,
				13,
				4.3,
				13,
				1,
				4.5,
				13,
				4.7,
				-15,
				4.9,
				-15,
				1,
				5,
				-15,
				5.1,
				18,
				5.2,
				18,
				1,
				5.344,
				18,
				5.489,
				-15,
				5.633,
				-15,
				1,
				5.756,
				-15,
				5.878,
				0,
				6,
				0
			]
		},
		{
			"Target": "Parameter",
			"Id": "Param29",
			"Segments": [
				0,
				0,
				1,
				0.267,
				0,
				0.533,
				0,
				0.8,
				0,
				1,
				1.022,
				0,
				1.244,
				0.8,
				1.467,
				0.8,
				1,
				1.722,
				0.8,
				1.978,
				0,
				2.233,
				0,
				1,
				2.511,
				0,
				2.789,
				1,
				3.067,
				1,
				1,
				3.278,
				1,
				3.489,
				0,
				3.7,
				0,
				1,
				3.9,
				0,
				4.1,
				1,
				4.3,
				1,
				1,
				4.556,
				1,
				4.811,
				0,
				5.067,
				0,
				1,
				5.378,
				0,
				5.689,
				0,
				6,
				0
			]
		},
		{
			"Target": "Parameter",
			"Id": "Param9",
			"Segments": [
				0,
				0,
				1,
				1,
				0,
				2,
				1,
				3,
				1,
				1,
				4,
				1,
				5,
				0,
				6,
				0
			]
		},
		{
			"Target": "Parameter",
			"Id": "Param10",
			"Segments": [
				0,
				0,
				0,
				1.1,
				0,
				1,
				1.133,
				0,
				1.167,
				1,
				1.2,
				1,
				1,
				1.211,
				1,
				1.222,
				1,
				1.233,
				1,
				1,
				1.278,
				1,
				1.322,
				0,
				1.367,
				0,
				0,
				6,
				0
			]
		},
		{
			"Target": "Parameter",
			"Id": "Param11",
			"Segments": [
				0,
				-0.2,
				1,
				0.022,
				-0.2,
				0.044,
				0.3,
				0.067,
				0.3,
				1,
				0.089,
				0.3,
				0.111,
				-0.3,
				0.133,
				-0.3,
				1,
				0.156,
				-0.3,
				0.178,
				0.3,
				0.2,
				0.3,
				1,
				0.222,
				0.3,
				0.244,
				0.3,
				0.267,
				0.3,
				1,
				0.289,
				0.3,
				0.311,
				0.006,
				0.333,
				-0.1,
				1,
				0.356,
				-0.206,
				0.378,
				-0.2,
				0.4,
				-0.2,
				1,
				0.422,
				-0.2,
				0.444,
				0.2,
				0.467,
				0.2,
				1,
				0.489,
				0.2,
				0.511,
				-0.2,
				0.533,
				-0.2,
				1,
				0.556,
				-0.2,
				0.578,
				0.2,
				0.6,
				0.2,
				1,
				0.622,
				0.2,
				0.644,
				-0.2,
				0.667,
				-0.2,
				1,
				0.689,
				-0.2,
				0.711,
				0.2,
				0.733,
				0.2,
				1,
				0.756,
				0.2,
				0.778,
				-0.4,
				0.8,
				-0.4,
				1,
				0.822,
				-0.4,
				0.844,
				0.4,
				0.867,
				0.4,
				1,
				0.889,
				0.4,
				0.911,
				-0.3,
				0.933,
				-0.3,
				1,
				0.956,
				-0.3,
				0.978,
				0.4,
				1,
				0.4,
				1,
				1.022,
				0.4,
				1.044,
				-0.3,
				1.067,
				-0.3,
				1,
				1.089,
				-0.3,
				1.111,
				0.2,
				1.133,
				0.2,
				1,
				1.156,
				0.2,
				1.178,
				-0.3,
				1.2,
				-0.3,
				1,
				1.222,
				-0.3,
				1.244,
				-0.31,
				1.267,
				-0.2,
				1,
				1.289,
				-0.09,
				1.311,
				0.3,
				1.333,
				0.3,
				1,
				1.356,
				0.3,
				1.378,
				-0.3,
				1.4,
				-0.3,
				1,
				1.422,
				-0.3,
				1.444,
				0.3,
				1.467,
				0.3,
				1,
				1.489,
				0.3,
				1.511,
				0.3,
				1.533,
				0.3,
				1,
				1.556,
				0.3,
				1.578,
				0.006,
				1.6,
				-0.1,
				1,
				1.622,
				-0.206,
				1.644,
				-0.2,
				1.667,
				-0.2,
				1,
				1.689,
				-0.2,
				1.711,
				0.2,
				1.733,
				0.2,
				1,
				1.756,
				0.2,
				1.778,
				-0.2,
				1.8,
				-0.2,
				1,
				1.822,
				-0.2,
				1.844,
				0.2,
				1.867,
				0.2,
				1,
				1.889,
				0.2,
				1.911,
				-0.2,
				1.933,
				-0.2,
				1,
				1.956,
				-0.2,
				1.978,
				0.2,
				2,
				0.2,
				1,
				2.022,
				0.2,
				2.044,
				-0.4,
				2.067,
				-0.4,
				1,
				2.089,
				-0.4,
				2.111,
				0.4,
				2.133,
				0.4,
				1,
				2.156,
				0.4,
				2.178,
				-0.3,
				2.2,
				-0.3,
				1,
				2.222,
				-0.3,
				2.244,
				0.4,
				2.267,
				0.4,
				1,
				2.289,
				0.4,
				2.311,
				-0.3,
				2.333,
				-0.3,
				1,
				2.356,
				-0.3,
				2.378,
				0.2,
				2.4,
				0.2,
				1,
				2.422,
				0.2,
				2.444,
				-0.3,
				2.467,
				-0.3,
				1,
				2.489,
				-0.3,
				2.511,
				-0.31,
				2.533,
				-0.2,
				1,
				2.556,
				-0.09,
				2.578,
				0.3,
				2.6,
				0.3,
				1,
				2.622,
				0.3,
				2.644,
				-0.3,
				2.667,
				-0.3,
				1,
				2.689,
				-0.3,
				2.711,
				0.3,
				2.733,
				0.3,
				1,
				2.756,
				0.3,
				2.778,
				0.3,
				2.8,
				0.3,
				1,
				2.822,
				0.3,
				2.844,
				0.006,
				2.867,
				-0.1,
				1,
				2.889,
				-0.206,
				2.911,
				-0.2,
				2.933,
				-0.2,
				1,
				2.956,
				-0.2,
				2.978,
				0.2,
				3,
				0.2,
				1,
				3.022,
				0.2,
				3.044,
				-0.2,
				3.067,
				-0.2,
				1,
				3.089,
				-0.2,
				3.111,
				0.2,
				3.133,
				0.2,
				1,
				3.156,
				0.2,
				3.178,
				-0.2,
				3.2,
				-0.2,
				1,
				3.222,
				-0.2,
				3.244,
				0.2,
				3.267,
				0.2,
				1,
				3.289,
				0.2,
				3.311,
				-0.4,
				3.333,
				-0.4,
				1,
				3.356,
				-0.4,
				3.378,
				0.4,
				3.4,
				0.4,
				1,
				3.422,
				0.4,
				3.444,
				-0.3,
				3.467,
				-0.3,
				1,
				3.489,
				-0.3,
				3.511,
				0.4,
				3.533,
				0.4,
				1,
				3.556,
				0.4,
				3.578,
				-0.3,
				3.6,
				-0.3,
				1,
				3.622,
				-0.3,
				3.644,
				0.2,
				3.667,
				0.2,
				1,
				3.689,
				0.2,
				3.711,
				-0.3,
				3.733,
				-0.3,
				1,
				3.756,
				-0.3,
				3.778,
				-0.31,
				3.8,
				-0.2,
				1,
				3.822,
				-0.09,
				3.844,
				0.3,
				3.867,
				0.3,
				1,
				3.889,
				0.3,
				3.911,
				-0.3,
				3.933,
				-0.3,
				1,
				3.956,
				-0.3,
				3.978,
				0.3,
				4,
				0.3,
				1,
				4.022,
				0.3,
				4.044,
				0.3,
				4.067,
				0.3,
				1,
				4.089,
				0.3,
				4.111,
				0.006,
				4.133,
				-0.1,
				1,
				4.156,
				-0.206,
				4.178,
				-0.2,
				4.2,
				-0.2,
				1,
				4.222,
				-0.2,
				4.244,
				0.2,
				4.267,
				0.2,
				1,
				4.289,
				0.2,
				4.311,
				-0.2,
				4.333,
				-0.2,
				1,
				4.356,
				-0.2,
				4.378,
				0.2,
				4.4,
				0.2,
				1,
				4.422,
				0.2,
				4.444,
				-0.2,
				4.467,
				-0.2,
				1,
				4.489,
				-0.2,
				4.511,
				0.2,
				4.533,
				0.2,
				1,
				4.556,
				0.2,
				4.578,
				-0.4,
				4.6,
				-0.4,
				1,
				4.622,
				-0.4,
				4.644,
				0.4,
				4.667,
				0.4,
				1,
				4.689,
				0.4,
				4.711,
				-0.3,
				4.733,
				-0.3,
				1,
				4.756,
				-0.3,
				4.778,
				0.4,
				4.8,
				0.4,
				1,
				4.822,
				0.4,
				4.844,
				-0.3,
				4.867,
				-0.3,
				1,
				4.889,
				-0.3,
				4.911,
				0.2,
				4.933,
				0.2,
				1,
				4.956,
				0.2,
				4.978,
				-0.3,
				5,
				-0.3,
				1,
				5.022,
				-0.3,
				5.044,
				-0.31,
				5.067,
				-0.2,
				1,
				5.089,
				-0.09,
				5.111,
				0.3,
				5.133,
				0.3,
				1,
				5.156,
				0.3,
				5.178,
				-0.3,
				5.2,
				-0.3,
				1,
				5.222,
				-0.3,
				5.244,
				0.3,
				5.267,
				0.3,
				1,
				5.289,
				0.3,
				5.311,
				0.3,
				5.333,
				0.3,
				1,
				5.356,
				0.3,
				5.378,
				0.006,
				5.4,
				-0.1,
				1,
				5.422,
				-0.206,
				5.444,
				-0.2,
				5.467,
				-0.2,
				1,
				5.489,
				-0.2,
				5.511,
				0.2,
				5.533,
				0.2,
				1,
				5.556,
				0.2,
				5.578,
				-0.2,
				5.6,
				-0.2,
				1,
				5.622,
				-0.2,
				5.644,
				0.2,
				5.667,
				0.2,
				1,
				5.689,
				0.2,
				5.711,
				-0.2,
				5.733,
				-0.2,
				1,
				5.756,
				-0.2,
				5.778,
				0.2,
				5.8,
				0.2,
				1,
				5.822,
				0.2,
				5.844,
				-0.4,
				5.867,
				-0.4,
				1,
				5.889,
				-0.4,
				5.911,
				0.4,
				5.933,
				0.4,
				1,
				5.956,
				0.4,
				5.978,
				-0.2,
				6,
				-0.2
			]
		},
		{
			"Target": "Parameter",
			"Id": "Param12",
			"Segments": [
				0,
				0.2,
				1,
				0.022,
				0.2,
				0.044,
				-0.3,
				0.067,
				-0.3,
				1,
				0.089,
				-0.3,
				0.111,
				0.3,
				0.133,
				0.3,
				1,
				0.156,
				0.3,
				0.178,
				-0.6,
				0.2,
				-0.6,
				1,
				0.222,
				-0.6,
				0.244,
				0.5,
				0.267,
				0.5,
				1,
				0.289,
				0.5,
				0.311,
				-0.013,
				0.333,
				-0.3,
				1,
				0.356,
				-0.587,
				0.378,
				-0.6,
				0.4,
				-0.6,
				1,
				0.422,
				-0.6,
				0.444,
				0.083,
				0.467,
				0.2,
				1,
				0.489,
				0.317,
				0.511,
				0.3,
				0.533,
				0.3,
				1,
				0.556,
				0.3,
				0.578,
				-0.29,
				0.6,
				-0.5,
				1,
				0.622,
				-0.71,
				0.644,
				-0.7,
				0.667,
				-0.7,
				1,
				0.689,
				-0.7,
				0.711,
				0.181,
				0.733,
				0.3,
				1,
				0.756,
				0.419,
				0.778,
				0.4,
				0.8,
				0.4,
				1,
				0.822,
				0.4,
				0.844,
				-0.5,
				0.867,
				-0.5,
				1,
				0.889,
				-0.5,
				0.911,
				-0.515,
				0.933,
				-0.4,
				1,
				0.956,
				-0.285,
				0.978,
				0.3,
				1,
				0.3,
				1,
				1.022,
				0.3,
				1.044,
				0.315,
				1.067,
				0.2,
				1,
				1.089,
				0.085,
				1.111,
				-0.5,
				1.133,
				-0.5,
				1,
				1.156,
				-0.5,
				1.178,
				-0.513,
				1.2,
				-0.4,
				1,
				1.222,
				-0.287,
				1.244,
				0.2,
				1.267,
				0.2,
				1,
				1.289,
				0.2,
				1.311,
				-0.3,
				1.333,
				-0.3,
				1,
				1.356,
				-0.3,
				1.378,
				0.3,
				1.4,
				0.3,
				1,
				1.422,
				0.3,
				1.444,
				-0.6,
				1.467,
				-0.6,
				1,
				1.489,
				-0.6,
				1.511,
				0.5,
				1.533,
				0.5,
				1,
				1.556,
				0.5,
				1.578,
				-0.013,
				1.6,
				-0.3,
				1,
				1.622,
				-0.587,
				1.644,
				-0.6,
				1.667,
				-0.6,
				1,
				1.689,
				-0.6,
				1.711,
				0.083,
				1.733,
				0.2,
				1,
				1.756,
				0.317,
				1.778,
				0.3,
				1.8,
				0.3,
				1,
				1.822,
				0.3,
				1.844,
				-0.29,
				1.867,
				-0.5,
				1,
				1.889,
				-0.71,
				1.911,
				-0.7,
				1.933,
				-0.7,
				1,
				1.956,
				-0.7,
				1.978,
				0.181,
				2,
				0.3,
				1,
				2.022,
				0.419,
				2.044,
				0.4,
				2.067,
				0.4,
				1,
				2.089,
				0.4,
				2.111,
				-0.5,
				2.133,
				-0.5,
				1,
				2.156,
				-0.5,
				2.178,
				-0.515,
				2.2,
				-0.4,
				1,
				2.222,
				-0.285,
				2.244,
				0.3,
				2.267,
				0.3,
				1,
				2.289,
				0.3,
				2.311,
				0.315,
				2.333,
				0.2,
				1,
				2.356,
				0.085,
				2.378,
				-0.5,
				2.4,
				-0.5,
				1,
				2.422,
				-0.5,
				2.444,
				-0.513,
				2.467,
				-0.4,
				1,
				2.489,
				-0.287,
				2.511,
				0.2,
				2.533,
				0.2,
				1,
				2.556,
				0.2,
				2.578,
				-0.3,
				2.6,
				-0.3,
				1,
				2.622,
				-0.3,
				2.644,
				0.3,
				2.667,
				0.3,
				1,
				2.689,
				0.3,
				2.711,
				-0.6,
				2.733,
				-0.6,
				1,
				2.756,
				-0.6,
				2.778,
				0.5,
				2.8,
				0.5,
				1,
				2.822,
				0.5,
				2.844,
				-0.013,
				2.867,
				-0.3,
				1,
				2.889,
				-0.587,
				2.911,
				-0.6,
				2.933,
				-0.6,
				1,
				2.956,
				-0.6,
				2.978,
				0.083,
				3,
				0.2,
				1,
				3.022,
				0.317,
				3.044,
				0.3,
				3.067,
				0.3,
				1,
				3.089,
				0.3,
				3.111,
				-0.29,
				3.133,
				-0.5,
				1,
				3.156,
				-0.71,
				3.178,
				-0.7,
				3.2,
				-0.7,
				1,
				3.222,
				-0.7,
				3.244,
				0.181,
				3.267,
				0.3,
				1,
				3.289,
				0.419,
				3.311,
				0.4,
				3.333,
				0.4,
				1,
				3.356,
				0.4,
				3.378,
				-0.5,
				3.4,
				-0.5,
				1,
				3.422,
				-0.5,
				3.444,
				-0.515,
				3.467,
				-0.4,
				1,
				3.489,
				-0.285,
				3.511,
				0.3,
				3.533,
				0.3,
				1,
				3.556,
				0.3,
				3.578,
				0.315,
				3.6,
				0.2,
				1,
				3.622,
				0.085,
				3.644,
				-0.5,
				3.667,
				-0.5,
				1,
				3.689,
				-0.5,
				3.711,
				-0.513,
				3.733,
				-0.4,
				1,
				3.756,
				-0.287,
				3.778,
				0.2,
				3.8,
				0.2,
				1,
				3.822,
				0.2,
				3.844,
				-0.3,
				3.867,
				-0.3,
				1,
				3.889,
				-0.3,
				3.911,
				0.3,
				3.933,
				0.3,
				1,
				3.956,
				0.3,
				3.978,
				-0.6,
				4,
				-0.6,
				1,
				4.022,
				-0.6,
				4.044,
				0.5,
				4.067,
				0.5,
				1,
				4.089,
				0.5,
				4.111,
				-0.013,
				4.133,
				-0.3,
				1,
				4.156,
				-0.587,
				4.178,
				-0.6,
				4.2,
				-0.6,
				1,
				4.222,
				-0.6,
				4.244,
				0.083,
				4.267,
				0.2,
				1,
				4.289,
				0.317,
				4.311,
				0.3,
				4.333,
				0.3,
				1,
				4.356,
				0.3,
				4.378,
				-0.29,
				4.4,
				-0.5,
				1,
				4.422,
				-0.71,
				4.444,
				-0.7,
				4.467,
				-0.7,
				1,
				4.489,
				-0.7,
				4.511,
				0.181,
				4.533,
				0.3,
				1,
				4.556,
				0.419,
				4.578,
				0.4,
				4.6,
				0.4,
				1,
				4.622,
				0.4,
				4.644,
				-0.5,
				4.667,
				-0.5,
				1,
				4.689,
				-0.5,
				4.711,
				-0.515,
				4.733,
				-0.4,
				1,
				4.756,
				-0.285,
				4.778,
				0.3,
				4.8,
				0.3,
				1,
				4.822,
				0.3,
				4.844,
				0.315,
				4.867,
				0.2,
				1,
				4.889,
				0.085,
				4.911,
				-0.5,
				4.933,
				-0.5,
				1,
				4.956,
				-0.5,
				4.978,
				-0.513,
				5,
				-0.4,
				1,
				5.022,
				-0.287,
				5.044,
				0.2,
				5.067,
				0.2,
				1,
				5.089,
				0.2,
				5.111,
				-0.3,
				5.133,
				-0.3,
				1,
				5.156,
				-0.3,
				5.178,
				0.3,
				5.2,
				0.3,
				1,
				5.222,
				0.3,
				5.244,
				-0.6,
				5.267,
				-0.6,
				1,
				5.289,
				-0.6,
				5.311,
				0.5,
				5.333,
				0.5,
				1,
				5.356,
				0.5,
				5.378,
				-0.013,
				5.4,
				-0.3,
				1,
				5.422,
				-0.587,
				5.444,
				-0.6,
				5.467,
				-0.6,
				1,
				5.489,
				-0.6,
				5.511,
				0.083,
				5.533,
				0.2,
				1,
				5.556,
				0.317,
				5.578,
				0.3,
				5.6,
				0.3,
				1,
				5.622,
				0.3,
				5.644,
				-0.29,
				5.667,
				-0.5,
				1,
				5.689,
				-0.71,
				5.711,
				-0.7,
				5.733,
				-0.7,
				1,
				5.756,
				-0.7,
				5.778,
				0.181,
				5.8,
				0.3,
				1,
				5.822,
				0.419,
				5.844,
				0.4,
				5.867,
				0.4,
				1,
				5.889,
				0.4,
				5.911,
				-0.5,
				5.933,
				-0.5,
				1,
				5.956,
				-0.5,
				5.978,
				0.2,
				6,
				0.2
			]
		},
		{
			"Target": "Parameter",
			"Id": "Param13",
			"Segments": [
				0,
				0,
				1,
				0.022,
				0,
				0.044,
				-0.2,
				0.067,
				-0.2,
				1,
				0.089,
				-0.2,
				0.111,
				0.2,
				0.133,
				0.2,
				1,
				0.156,
				0.2,
				0.178,
				-0.5,
				0.2,
				-0.5,
				1,
				0.222,
				-0.5,
				0.244,
				0.5,
				0.267,
				0.5,
				1,
				0.289,
				0.5,
				0.311,
				-0.3,
				0.333,
				-0.3,
				1,
				0.356,
				-0.3,
				0.378,
				0.2,
				0.4,
				0.2,
				1,
				0.422,
				0.2,
				0.444,
				-0.6,
				0.467,
				-0.6,
				1,
				0.489,
				-0.6,
				0.511,
				0,
				0.533,
				0,
				1,
				0.556,
				0,
				0.578,
				-0.2,
				0.6,
				-0.2,
				1,
				0.622,
				-0.2,
				0.644,
				0.2,
				0.667,
				0.2,
				1,
				0.689,
				0.2,
				0.711,
				-0.5,
				0.733,
				-0.5,
				1,
				0.756,
				-0.5,
				0.778,
				0.5,
				0.8,
				0.5,
				1,
				0.822,
				0.5,
				0.844,
				-0.3,
				0.867,
				-0.3,
				1,
				0.889,
				-0.3,
				0.911,
				0.2,
				0.933,
				0.2,
				1,
				0.956,
				0.2,
				0.978,
				-0.6,
				1,
				-0.6,
				1,
				1.022,
				-0.6,
				1.044,
				0,
				1.067,
				0,
				1,
				1.089,
				0,
				1.111,
				-0.2,
				1.133,
				-0.2,
				1,
				1.156,
				-0.2,
				1.178,
				0.2,
				1.2,
				0.2,
				1,
				1.222,
				0.2,
				1.244,
				-0.5,
				1.267,
				-0.5,
				1,
				1.289,
				-0.5,
				1.311,
				0.5,
				1.333,
				0.5,
				1,
				1.356,
				0.5,
				1.378,
				-0.3,
				1.4,
				-0.3,
				1,
				1.422,
				-0.3,
				1.444,
				0.2,
				1.467,
				0.2,
				1,
				1.489,
				0.2,
				1.511,
				-0.6,
				1.533,
				-0.6,
				1,
				1.556,
				-0.6,
				1.578,
				0,
				1.6,
				0,
				1,
				1.622,
				0,
				1.644,
				-0.2,
				1.667,
				-0.2,
				1,
				1.689,
				-0.2,
				1.711,
				0.2,
				1.733,
				0.2,
				1,
				1.756,
				0.2,
				1.778,
				-0.5,
				1.8,
				-0.5,
				1,
				1.822,
				-0.5,
				1.844,
				0.5,
				1.867,
				0.5,
				1,
				1.889,
				0.5,
				1.911,
				-0.3,
				1.933,
				-0.3,
				1,
				1.956,
				-0.3,
				1.978,
				0.2,
				2,
				0.2,
				1,
				2.022,
				0.2,
				2.044,
				-0.6,
				2.067,
				-0.6,
				1,
				2.089,
				-0.6,
				2.111,
				0,
				2.133,
				0,
				1,
				2.156,
				0,
				2.178,
				-0.2,
				2.2,
				-0.2,
				1,
				2.222,
				-0.2,
				2.244,
				0.2,
				2.267,
				0.2,
				1,
				2.289,
				0.2,
				2.311,
				-0.5,
				2.333,
				-0.5,
				1,
				2.356,
				-0.5,
				2.378,
				0.5,
				2.4,
				0.5,
				1,
				2.422,
				0.5,
				2.444,
				-0.3,
				2.467,
				-0.3,
				1,
				2.489,
				-0.3,
				2.511,
				0.2,
				2.533,
				0.2,
				1,
				2.556,
				0.2,
				2.578,
				-0.6,
				2.6,
				-0.6,
				1,
				2.622,
				-0.6,
				2.644,
				0,
				2.667,
				0,
				1,
				2.689,
				0,
				2.711,
				-0.2,
				2.733,
				-0.2,
				1,
				2.756,
				-0.2,
				2.778,
				0.2,
				2.8,
				0.2,
				1,
				2.822,
				0.2,
				2.844,
				-0.5,
				2.867,
				-0.5,
				1,
				2.889,
				-0.5,
				2.911,
				0.5,
				2.933,
				0.5,
				1,
				2.956,
				0.5,
				2.978,
				-0.3,
				3,
				-0.3,
				1,
				3.022,
				-0.3,
				3.044,
				0.2,
				3.067,
				0.2,
				1,
				3.089,
				0.2,
				3.111,
				-0.6,
				3.133,
				-0.6,
				1,
				3.156,
				-0.6,
				3.178,
				0,
				3.2,
				0,
				1,
				3.222,
				0,
				3.244,
				-0.2,
				3.267,
				-0.2,
				1,
				3.289,
				-0.2,
				3.311,
				0.2,
				3.333,
				0.2,
				1,
				3.356,
				0.2,
				3.378,
				-0.5,
				3.4,
				-0.5,
				1,
				3.422,
				-0.5,
				3.444,
				0.5,
				3.467,
				0.5,
				1,
				3.489,
				0.5,
				3.511,
				-0.3,
				3.533,
				-0.3,
				1,
				3.556,
				-0.3,
				3.578,
				0.2,
				3.6,
				0.2,
				1,
				3.622,
				0.2,
				3.644,
				-0.6,
				3.667,
				-0.6,
				1,
				3.689,
				-0.6,
				3.711,
				0,
				3.733,
				0,
				1,
				3.756,
				0,
				3.778,
				-0.2,
				3.8,
				-0.2,
				1,
				3.822,
				-0.2,
				3.844,
				0.2,
				3.867,
				0.2,
				1,
				3.889,
				0.2,
				3.911,
				-0.5,
				3.933,
				-0.5,
				1,
				3.956,
				-0.5,
				3.978,
				0.5,
				4,
				0.5,
				1,
				4.022,
				0.5,
				4.044,
				-0.3,
				4.067,
				-0.3,
				1,
				4.089,
				-0.3,
				4.111,
				0.2,
				4.133,
				0.2,
				1,
				4.156,
				0.2,
				4.178,
				-0.6,
				4.2,
				-0.6,
				1,
				4.222,
				-0.6,
				4.244,
				0,
				4.267,
				0,
				1,
				4.289,
				0,
				4.311,
				-0.2,
				4.333,
				-0.2,
				1,
				4.356,
				-0.2,
				4.378,
				0.2,
				4.4,
				0.2,
				1,
				4.422,
				0.2,
				4.444,
				-0.5,
				4.467,
				-0.5,
				1,
				4.489,
				-0.5,
				4.511,
				0.5,
				4.533,
				0.5,
				1,
				4.556,
				0.5,
				4.578,
				-0.3,
				4.6,
				-0.3,
				1,
				4.622,
				-0.3,
				4.644,
				0.2,
				4.667,
				0.2,
				1,
				4.689,
				0.2,
				4.711,
				-0.6,
				4.733,
				-0.6,
				1,
				4.756,
				-0.6,
				4.778,
				0,
				4.8,
				0,
				1,
				4.822,
				0,
				4.844,
				-0.2,
				4.867,
				-0.2,
				1,
				4.889,
				-0.2,
				4.911,
				0.2,
				4.933,
				0.2,
				1,
				4.956,
				0.2,
				4.978,
				-0.5,
				5,
				-0.5,
				1,
				5.022,
				-0.5,
				5.044,
				0.5,
				5.067,
				0.5,
				1,
				5.089,
				0.5,
				5.111,
				-0.3,
				5.133,
				-0.3,
				1,
				5.156,
				-0.3,
				5.178,
				0.2,
				5.2,
				0.2,
				1,
				5.222,
				0.2,
				5.244,
				-0.6,
				5.267,
				-0.6,
				1,
				5.289,
				-0.6,
				5.311,
				0,
				5.333,
				0,
				1,
				5.356,
				0,
				5.378,
				-0.2,
				5.4,
				-0.2,
				1,
				5.422,
				-0.2,
				5.444,
				0.2,
				5.467,
				0.2,
				1,
				5.489,
				0.2,
				5.511,
				-0.5,
				5.533,
				-0.5,
				1,
				5.556,
				-0.5,
				5.578,
				0.5,
				5.6,
				0.5,
				1,
				5.622,
				0.5,
				5.644,
				-0.3,
				5.667,
				-0.3,
				1,
				5.689,
				-0.3,
				5.711,
				0.2,
				5.733,
				0.2,
				1,
				5.756,
				0.2,
				5.778,
				-0.6,
				5.8,
				-0.6,
				1,
				5.822,
				-0.6,
				5.844,
				0,
				5.867,
				0,
				1,
				5.889,
				0,
				5.911,
				-0.2,
				5.933,
				-0.2,
				1,
				5.956,
				-0.2,
				5.978,
				0,
				6,
				0
			]
		},
		{
			"Target": "Parameter",
			"Id": "Param_Angle_Rotation43",
			"Segments": [
				0,
				0,
				1,
				0.267,
				0,
				0.533,
				0,
				0.8,
				0,
				1,
				1.3,
				0,
				1.8,
				-2.52,
				2.3,
				-2.52,
				1,
				2.8,
				-2.52,
				3.3,
				0.78,
				3.8,
				0.78,
				1,
				4.4,
				0.78,
				5,
				0,
				5.6,
				0,
				1,
				5.733,
				0,
				5.867,
				0,
				6,
				0
			]
		},
		{
			"Target": "Parameter",
			"Id": "Param_Angle_Rotation44",
			"Segments": [
				0,
				-1.505,
				1,
				0.267,
				-1.505,
				0.533,
				0,
				0.8,
				0,
				1,
				1.4,
				0,
				2,
				-3.3,
				2.6,
				-3.3,
				1,
				3.156,
				-3.3,
				3.711,
				1.62,
				4.267,
				1.62,
				1,
				4.778,
				1.62,
				5.289,
				-1.68,
				5.8,
				-1.68,
				1,
				5.867,
				-1.68,
				5.933,
				-1.505,
				6,
				-1.505
			]
		},
		{
			"Target": "Parameter",
			"Id": "Param_Angle_Rotation45",
			"Segments": [
				0,
				-2.931,
				1,
				0.011,
				-2.931,
				0.022,
				-2.94,
				0.033,
				-2.94,
				1,
				0.289,
				-2.94,
				0.544,
				0,
				0.8,
				0,
				1,
				1.533,
				0,
				2.267,
				-4.68,
				3,
				-4.68,
				1,
				3.544,
				-4.68,
				4.089,
				2.52,
				4.633,
				2.52,
				1,
				5.089,
				2.52,
				5.544,
				-2.931,
				6,
				-2.931
			]
		},
		{
			"Target": "Parameter",
			"Id": "Param_Angle_Rotation46",
			"Segments": [
				0,
				-5.002,
				1,
				0.056,
				-5.002,
				0.111,
				-5.52,
				0.167,
				-5.52,
				1,
				0.378,
				-5.52,
				0.589,
				0,
				0.8,
				0,
				1,
				1.7,
				0,
				2.6,
				-9.06,
				3.5,
				-9.06,
				1,
				3.989,
				-9.06,
				4.478,
				4.38,
				4.967,
				4.38,
				1,
				5.311,
				4.38,
				5.656,
				-5.002,
				6,
				-5.002
			]
		},
		{
			"Target": "Parameter",
			"Id": "Param_Angle_Rotation47",
			"Segments": [
				0,
				0,
				1,
				0.267,
				0,
				0.533,
				0,
				0.8,
				0,
				1,
				1.3,
				0,
				1.8,
				-0.36,
				2.3,
				-0.36,
				1,
				2.8,
				-0.36,
				3.3,
				1.32,
				3.8,
				1.32,
				1,
				4.4,
				1.32,
				5,
				0,
				5.6,
				0,
				1,
				5.733,
				0,
				5.867,
				0,
				6,
				0
			]
		},
		{
			"Target": "Parameter",
			"Id": "Param_Angle_Rotation48",
			"Segments": [
				0,
				-0.914,
				1,
				0.267,
				-0.914,
				0.533,
				0,
				0.8,
				0,
				1,
				1.444,
				0,
				2.089,
				-5.1,
				2.733,
				-5.1,
				1,
				3.233,
				-5.1,
				3.733,
				1.56,
				4.233,
				1.56,
				1,
				4.756,
				1.56,
				5.278,
				-1.02,
				5.8,
				-1.02,
				1,
				5.867,
				-1.02,
				5.933,
				-0.914,
				6,
				-0.914
			]
		},
		{
			"Target": "Parameter",
			"Id": "Param_Angle_Rotation49",
			"Segments": [
				0,
				-0.496,
				1,
				0.011,
				-0.496,
				0.022,
				-0.5,
				0.033,
				-0.5,
				1,
				0.289,
				-0.5,
				0.544,
				0,
				0.8,
				0,
				1,
				1.567,
				0,
				2.333,
				-7.2,
				3.1,
				-7.2,
				1,
				3.6,
				-7.2,
				4.1,
				1.68,
				4.6,
				1.68,
				1,
				5.067,
				1.68,
				5.533,
				-0.496,
				6,
				-0.496
			]
		},
		{
			"Target": "Parameter",
			"Id": "Param_Angle_Rotation50",
			"Segments": [
				0,
				-1.129,
				1,
				0.078,
				-1.129,
				0.156,
				-1.62,
				0.233,
				-1.62,
				1,
				0.422,
				-1.62,
				0.611,
				0,
				0.8,
				0,
				1,
				1.678,
				0,
				2.556,
				-11.4,
				3.433,
				-11.4,
				1,
				3.933,
				-11.4,
				4.433,
				4.14,
				4.933,
				4.14,
				1,
				5.289,
				4.14,
				5.644,
				-1.129,
				6,
				-1.129
			]
		},
		{
			"Target": "Parameter",
			"Id": "Param_Angle_Rotation51",
			"Segments": [
				0,
				-1.827,
				1,
				0.144,
				-1.827,
				0.289,
				-3,
				0.433,
				-3,
				1,
				0.556,
				-3,
				0.678,
				0,
				0.8,
				0,
				1,
				1.822,
				0,
				2.844,
				-16.98,
				3.867,
				-16.98,
				1,
				4.356,
				-16.98,
				4.844,
				8.1,
				5.333,
				8.1,
				1,
				5.556,
				8.1,
				5.778,
				-1.827,
				6,
				-1.827
			]
		},
		{
			"Target": "Parameter",
			"Id": "Param_Angle_Rotation12",
			"Segments": [
				0,
				0,
				1,
				0.267,
				0,
				0.533,
				0,
				0.8,
				0,
				1,
				1.3,
				0,
				1.8,
				-0.78,
				2.3,
				-0.78,
				1,
				2.8,
				-0.78,
				3.3,
				1.62,
				3.8,
				1.62,
				1,
				4.3,
				1.62,
				4.8,
				0,
				5.3,
				0,
				1,
				5.533,
				0,
				5.767,
				0,
				6,
				0
			]
		},
		{
			"Target": "Parameter",
			"Id": "Param_Angle_Rotation13",
			"Segments": [
				0,
				-1.979,
				1,
				0.267,
				-1.979,
				0.533,
				0,
				0.8,
				0,
				1,
				1.4,
				0,
				2,
				-4.44,
				2.6,
				-4.44,
				1,
				3.089,
				-4.44,
				3.578,
				2.22,
				4.067,
				2.22,
				1,
				4.478,
				2.22,
				4.889,
				-3.6,
				5.3,
				-3.6,
				1,
				5.533,
				-3.6,
				5.767,
				-1.979,
				6,
				-1.979
			]
		},
		{
			"Target": "Parameter",
			"Id": "Param_Angle_Rotation14",
			"Segments": [
				0,
				-3.447,
				1,
				0.267,
				-3.447,
				0.533,
				0,
				0.8,
				0,
				1,
				1.511,
				0,
				2.222,
				-4.02,
				2.933,
				-4.02,
				1,
				3.433,
				-4.02,
				3.933,
				6.84,
				4.433,
				6.84,
				1,
				4.889,
				6.84,
				5.344,
				-3.848,
				5.8,
				-3.848,
				1,
				5.867,
				-3.848,
				5.933,
				-3.447,
				6,
				-3.447
			]
		},
		{
			"Target": "Parameter",
			"Id": "Param_Angle_Rotation15",
			"Segments": [
				0,
				-1.835,
				1,
				0.1,
				-1.835,
				0.2,
				-3.616,
				0.3,
				-3.616,
				1,
				0.467,
				-3.616,
				0.633,
				0,
				0.8,
				0,
				1,
				1.656,
				0,
				2.511,
				-10.5,
				3.367,
				-10.5,
				1,
				3.878,
				-10.5,
				4.389,
				11.46,
				4.9,
				11.46,
				1,
				5.267,
				11.46,
				5.633,
				-1.835,
				6,
				-1.835
			]
		},
		{
			"Target": "Parameter",
			"Id": "Param_Angle_Rotation9",
			"Segments": [
				0,
				-0.55,
				1,
				0.267,
				-0.55,
				0.533,
				0,
				0.8,
				0,
				1,
				1.3,
				0,
				1.8,
				-2.52,
				2.3,
				-2.52,
				1,
				2.8,
				-2.52,
				3.3,
				1.553,
				3.8,
				1.553,
				1,
				4.3,
				1.553,
				4.8,
				-1,
				5.3,
				-1,
				1,
				5.533,
				-1,
				5.767,
				-0.55,
				6,
				-0.55
			]
		},
		{
			"Target": "Parameter",
			"Id": "Param_Angle_Rotation10",
			"Segments": [
				0,
				-4.988,
				1,
				0.267,
				-4.988,
				0.533,
				0,
				0.8,
				0,
				1,
				1.444,
				0,
				2.089,
				-6.72,
				2.733,
				-6.72,
				1,
				3.244,
				-6.72,
				3.756,
				4.089,
				4.267,
				4.089,
				1,
				4.744,
				4.089,
				5.222,
				-6.1,
				5.7,
				-6.1,
				1,
				5.8,
				-6.1,
				5.9,
				-4.988,
				6,
				-4.988
			]
		},
		{
			"Target": "Parameter",
			"Id": "Param_Angle_Rotation11",
			"Segments": [
				0,
				-1.133,
				1,
				0.1,
				-1.133,
				0.2,
				-2.88,
				0.3,
				-2.88,
				1,
				0.467,
				-2.88,
				0.633,
				0,
				0.8,
				0,
				1,
				1.6,
				0,
				2.4,
				-14.04,
				3.2,
				-14.04,
				1,
				3.678,
				-14.04,
				4.156,
				17.509,
				4.633,
				17.509,
				1,
				5.089,
				17.509,
				5.544,
				-1.133,
				6,
				-1.133
			]
		},
		{
			"Target": "Parameter",
			"Id": "Param_Angle_Rotation52",
			"Segments": [
				0,
				0,
				1,
				0.167,
				0,
				0.333,
				0,
				0.5,
				0,
				1,
				1,
				0,
				1.5,
				-3.96,
				2,
				-3.96,
				1,
				2.667,
				-3.96,
				3.333,
				2.131,
				4,
				2.131,
				1,
				4.5,
				2.131,
				5,
				0,
				5.5,
				0,
				1,
				5.667,
				0,
				5.833,
				0,
				6,
				0
			]
		},
		{
			"Target": "Parameter",
			"Id": "Param_Angle_Rotation53",
			"Segments": [
				0,
				-1.47,
				1,
				0.167,
				-1.47,
				0.333,
				0,
				0.5,
				0,
				1,
				1.144,
				0,
				1.789,
				-9.9,
				2.433,
				-9.9,
				1,
				3.1,
				-9.9,
				3.767,
				5.309,
				4.433,
				5.309,
				1,
				4.789,
				5.309,
				5.144,
				-2.94,
				5.5,
				-2.94,
				1,
				5.667,
				-2.94,
				5.833,
				-1.47,
				6,
				-1.47
			]
		},
		{
			"Target": "Parameter",
			"Id": "Param_Angle_Rotation54",
			"Segments": [
				0,
				1.503,
				1,
				0.167,
				1.503,
				0.333,
				0.989,
				0.5,
				0,
				1,
				1.344,
				-5.012,
				2.189,
				-7.5,
				3.033,
				-7.5,
				1,
				3.644,
				-7.5,
				4.256,
				6.714,
				4.867,
				6.714,
				1,
				5.244,
				6.714,
				5.622,
				1.503,
				6,
				1.503
			]
		},
		{
			"Target": "Parameter",
			"Id": "Param_Angle_Rotation55",
			"Segments": [
				0,
				0,
				1,
				0.167,
				0,
				0.333,
				0,
				0.5,
				0,
				1,
				1.667,
				0,
				2.833,
				2.94,
				4,
				2.94,
				1,
				4.5,
				2.94,
				5,
				0,
				5.5,
				0,
				1,
				5.667,
				0,
				5.833,
				0,
				6,
				0
			]
		},
		{
			"Target": "Parameter",
			"Id": "Param_Angle_Rotation56",
			"Segments": [
				0,
				-0.09,
				1,
				0.167,
				-0.09,
				0.333,
				0,
				0.5,
				0,
				1,
				1,
				0,
				1.5,
				-6,
				2,
				-6,
				1,
				2.767,
				-6,
				3.533,
				1.86,
				4.3,
				1.86,
				1,
				4.7,
				1.86,
				5.1,
				-0.18,
				5.5,
				-0.18,
				1,
				5.667,
				-0.18,
				5.833,
				-0.09,
				6,
				-0.09
			]
		},
		{
			"Target": "Parameter",
			"Id": "Param_Angle_Rotation57",
			"Segments": [
				0,
				-0.304,
				1,
				0.167,
				-0.304,
				0.333,
				0,
				0.5,
				0,
				1,
				1.167,
				0,
				1.833,
				-7.26,
				2.5,
				-7.26,
				1,
				3.211,
				-7.26,
				3.922,
				4.86,
				4.633,
				4.86,
				1,
				5.033,
				4.86,
				5.433,
				-0.36,
				5.833,
				-0.36,
				1,
				5.889,
				-0.36,
				5.944,
				-0.304,
				6,
				-0.304
			]
		},
		{
			"Target": "Parameter",
			"Id": "Param_Angle_Rotation58",
			"Segments": [
				0,
				-1.15,
				1,
				0.033,
				-1.15,
				0.067,
				-1.38,
				0.1,
				-1.38,
				1,
				0.233,
				-1.38,
				0.367,
				0,
				0.5,
				0,
				1,
				1.333,
				0,
				2.167,
				-7.8,
				3,
				-7.8,
				1,
				3.667,
				-7.8,
				4.333,
				8.52,
				5,
				8.52,
				1,
				5.333,
				8.52,
				5.667,
				-1.15,
				6,
				-1.15
			]
		},
		{
			"Target": "Parameter",
			"Id": "Param_Angle_Rotation59",
			"Segments": [
				0,
				0,
				1,
				0.167,
				0,
				0.333,
				0,
				0.5,
				0,
				1,
				1,
				0,
				1.5,
				-2.4,
				2,
				-2.4,
				1,
				2.667,
				-2.4,
				3.333,
				1.56,
				4,
				1.56,
				1,
				4.5,
				1.56,
				5,
				0,
				5.5,
				0,
				1,
				5.667,
				0,
				5.833,
				0,
				6,
				0
			]
		},
		{
			"Target": "Parameter",
			"Id": "Param_Angle_Rotation60",
			"Segments": [
				0,
				-0.776,
				1,
				0.167,
				-0.776,
				0.333,
				0,
				0.5,
				0,
				1,
				1.189,
				0,
				1.878,
				-3.36,
				2.567,
				-3.36,
				1,
				3.156,
				-3.36,
				3.744,
				1.5,
				4.333,
				1.5,
				1,
				4.811,
				1.5,
				5.289,
				-1.02,
				5.767,
				-1.02,
				1,
				5.844,
				-1.02,
				5.922,
				-0.776,
				6,
				-0.776
			]
		},
		{
			"Target": "Parameter",
			"Id": "Param_Angle_Rotation61",
			"Segments": [
				0,
				-1.388,
				1,
				0.167,
				-1.388,
				0.333,
				0,
				0.5,
				0,
				1,
				1.378,
				0,
				2.256,
				-9.72,
				3.133,
				-9.72,
				1,
				3.689,
				-9.72,
				4.244,
				1.62,
				4.8,
				1.62,
				1,
				5.167,
				1.62,
				5.533,
				-1.5,
				5.9,
				-1.5,
				1,
				5.933,
				-1.5,
				5.967,
				-1.388,
				6,
				-1.388
			]
		},
		{
			"Target": "Parameter",
			"Id": "Param_Angle_Rotation62",
			"Segments": [
				0,
				-1.034,
				1,
				0.033,
				-1.034,
				0.067,
				-1.059,
				0.1,
				-1.02,
				1,
				0.233,
				-0.865,
				0.367,
				0,
				0.5,
				0,
				1,
				1.533,
				0,
				2.567,
				-12.48,
				3.6,
				-12.48,
				1,
				4.1,
				-12.48,
				4.6,
				-1.445,
				5.1,
				-1.14,
				1,
				5.4,
				-0.957,
				5.7,
				-1.034,
				6,
				-1.034
			]
		},
		{
			"Target": "Parameter",
			"Id": "Param_Angle_Rotation63",
			"Segments": [
				0,
				0,
				1,
				0.167,
				0,
				0.333,
				0,
				0.5,
				0,
				1,
				1,
				0,
				1.5,
				-2.1,
				2,
				-2.1,
				1,
				2.667,
				-2.1,
				3.333,
				1.62,
				4,
				1.62,
				1,
				4.5,
				1.62,
				5,
				0,
				5.5,
				0,
				1,
				5.667,
				0,
				5.833,
				0,
				6,
				0
			]
		},
		{
			"Target": "Parameter",
			"Id": "Param_Angle_Rotation64",
			"Segments": [
				0,
				-0.213,
				1,
				0.167,
				-0.213,
				0.333,
				0,
				0.5,
				0,
				1,
				1.222,
				0,
				1.944,
				-2.22,
				2.667,
				-2.22,
				1,
				3.211,
				-2.22,
				3.756,
				1.98,
				4.3,
				1.98,
				1,
				4.7,
				1.98,
				5.1,
				-0.426,
				5.5,
				-0.426,
				1,
				5.667,
				-0.426,
				5.833,
				-0.213,
				6,
				-0.213
			]
		},
		{
			"Target": "Parameter",
			"Id": "Param_Angle_Rotation65",
			"Segments": [
				0,
				-1.081,
				1,
				0.167,
				-1.081,
				0.333,
				0,
				0.5,
				0,
				1,
				1.378,
				0,
				2.256,
				-3.18,
				3.133,
				-3.18,
				1,
				3.644,
				-3.18,
				4.156,
				-0.18,
				4.667,
				-0.18,
				1,
				5.022,
				-0.18,
				5.378,
				-1.498,
				5.733,
				-1.498,
				1,
				5.822,
				-1.498,
				5.911,
				-1.081,
				6,
				-1.081
			]
		},
		{
			"Target": "Parameter",
			"Id": "Param_Angle_Rotation66",
			"Segments": [
				0,
				-2.214,
				1,
				0.167,
				-2.214,
				0.333,
				0,
				0.5,
				0,
				1,
				1.544,
				0,
				2.589,
				-4.5,
				3.633,
				-4.5,
				1,
				4.089,
				-4.5,
				4.544,
				0.24,
				5,
				0.24,
				1,
				5.3,
				0.24,
				5.6,
				-2.392,
				5.9,
				-2.392,
				1,
				5.933,
				-2.392,
				5.967,
				-2.214,
				6,
				-2.214
			]
		},
		{
			"Target": "Parameter",
			"Id": "Param_Angle_Rotation67",
			"Segments": [
				0,
				-0.81,
				1,
				0.167,
				-0.81,
				0.333,
				0,
				0.5,
				0,
				1,
				1,
				0,
				1.5,
				-2.1,
				2,
				-2.1,
				1,
				2.667,
				-2.1,
				3.333,
				4.06,
				4,
				4.06,
				1,
				4.5,
				4.06,
				5,
				-1.62,
				5.5,
				-1.62,
				1,
				5.667,
				-1.62,
				5.833,
				-0.81,
				6,
				-0.81
			]
		},
		{
			"Target": "Parameter",
			"Id": "Param_Angle_Rotation68",
			"Segments": [
				0,
				-1.358,
				1,
				0.167,
				-1.358,
				0.333,
				0,
				0.5,
				0,
				1,
				1.1,
				0,
				1.7,
				-9.42,
				2.3,
				-9.42,
				1,
				3.011,
				-9.42,
				3.722,
				-2.454,
				4.433,
				-1.98,
				1,
				4.911,
				-1.661,
				5.389,
				-1.719,
				5.867,
				-1.572,
				1,
				5.911,
				-1.558,
				5.956,
				-1.358,
				6,
				-1.358
			]
		},
		{
			"Target": "Parameter",
			"Id": "Param_Angle_Rotation69",
			"Segments": [
				0,
				0.266,
				1,
				0.044,
				0.266,
				0.089,
				0.433,
				0.133,
				0.433,
				1,
				0.256,
				0.433,
				0.378,
				0.07,
				0.5,
				0,
				1,
				1.278,
				-0.448,
				2.056,
				-0.529,
				2.833,
				-1.2,
				1,
				3.489,
				-1.765,
				4.144,
				-5.52,
				4.8,
				-5.52,
				1,
				5.2,
				-5.52,
				5.6,
				0.266,
				6,
				0.266
			]
		},
		{
			"Target": "Parameter",
			"Id": "Param_Angle_Rotation16",
			"Segments": [
				0,
				0,
				1,
				0.5,
				0,
				1,
				-0.639,
				1.5,
				-0.72,
				1,
				2.167,
				-0.828,
				2.833,
				-0.82,
				3.5,
				-0.82,
				1,
				4,
				-0.82,
				4.5,
				-0.82,
				5,
				-0.82,
				1,
				5.333,
				-0.82,
				5.667,
				0,
				6,
				0
			]
		},
		{
			"Target": "Parameter",
			"Id": "Param_Angle_Rotation17",
			"Segments": [
				0,
				0,
				1,
				0.689,
				0,
				1.378,
				-3.36,
				2.067,
				-3.36,
				1,
				2.644,
				-3.36,
				3.222,
				0.9,
				3.8,
				0.9,
				1,
				4.311,
				0.9,
				4.822,
				-0.96,
				5.333,
				-0.96,
				1,
				5.556,
				-0.96,
				5.778,
				0,
				6,
				0
			]
		},
		{
			"Target": "Parameter",
			"Id": "Param_Angle_Rotation18",
			"Segments": [
				0,
				0,
				1,
				0.9,
				0,
				1.8,
				-10.2,
				2.7,
				-10.2,
				1,
				3.178,
				-10.2,
				3.656,
				0.12,
				4.133,
				0.12,
				1,
				4.611,
				0.12,
				5.089,
				-1.5,
				5.567,
				-1.5,
				1,
				5.711,
				-1.5,
				5.856,
				0,
				6,
				0
			]
		},
		{
			"Target": "Parameter",
			"Id": "Param_Angle_Rotation19",
			"Segments": [
				0,
				0,
				1,
				0.5,
				0,
				1,
				-2.48,
				1.5,
				-2.48,
				1,
				2.167,
				-2.48,
				2.833,
				0.5,
				3.5,
				0.5,
				1,
				4,
				0.5,
				4.5,
				0,
				5,
				0,
				1,
				5.333,
				0,
				5.667,
				0,
				6,
				0
			]
		},
		{
			"Target": "Parameter",
			"Id": "Param_Angle_Rotation20",
			"Segments": [
				0,
				0,
				1,
				0.644,
				0,
				1.289,
				-1.42,
				1.933,
				-1.42,
				1,
				2.556,
				-1.42,
				3.178,
				0.26,
				3.8,
				0.26,
				1,
				4.244,
				0.26,
				4.689,
				-1.18,
				5.133,
				-1.18,
				1,
				5.422,
				-1.18,
				5.711,
				0,
				6,
				0
			]
		},
		{
			"Target": "Parameter",
			"Id": "Param_Angle_Rotation21",
			"Segments": [
				0,
				0,
				1,
				0.789,
				0,
				1.578,
				-6,
				2.367,
				-6,
				1,
				2.956,
				-6,
				3.544,
				1.02,
				4.133,
				1.02,
				1,
				4.522,
				1.02,
				4.911,
				-1.92,
				5.3,
				-1.92,
				1,
				5.533,
				-1.92,
				5.767,
				0,
				6,
				0
			]
		},
		{
			"Target": "Parameter",
			"Id": "Param_Angle_Rotation22",
			"Segments": [
				0,
				0,
				1,
				0.9,
				0,
				1.8,
				-11,
				2.7,
				-11,
				1,
				3.278,
				-11,
				3.856,
				9,
				4.433,
				9,
				1,
				4.822,
				9,
				5.211,
				-3.12,
				5.6,
				-3.12,
				1,
				5.733,
				-3.12,
				5.867,
				0,
				6,
				0
			]
		},
		{
			"Target": "Parameter",
			"Id": "Param_Angle_Rotation23",
			"Segments": [
				0,
				0,
				1,
				0.5,
				0,
				1,
				7,
				1.5,
				7,
				1,
				2.067,
				7,
				2.633,
				-1,
				3.2,
				-1,
				1,
				3.567,
				-1,
				3.933,
				6,
				4.3,
				6,
				1,
				4.867,
				6,
				5.433,
				0,
				6,
				0
			]
		},
		{
			"Target": "Parameter",
			"Id": "Param_Angle_Rotation24",
			"Segments": [
				0,
				0,
				1,
				0.5,
				0,
				1,
				-21,
				1.5,
				-21,
				1,
				2.022,
				-21,
				2.544,
				12,
				3.067,
				12,
				1,
				3.533,
				12,
				4,
				12,
				4.467,
				12,
				1,
				4.978,
				12,
				5.489,
				0,
				6,
				0
			]
		},
		{
			"Target": "Parameter",
			"Id": "Param_Angle_Rotation25",
			"Segments": [
				0,
				0.022,
				1,
				0.167,
				0.022,
				0.333,
				0.047,
				0.5,
				0,
				1,
				1,
				-0.14,
				1.5,
				-0.84,
				2,
				-0.84,
				1,
				2.5,
				-0.84,
				3,
				1.02,
				3.5,
				1.02,
				1,
				4,
				1.02,
				4.5,
				0.148,
				5,
				0.06,
				1,
				5.333,
				0.001,
				5.667,
				0.022,
				6,
				0.022
			]
		},
		{
			"Target": "Parameter",
			"Id": "Param_Angle_Rotation26",
			"Segments": [
				0,
				-0.261,
				1,
				0.167,
				-0.261,
				0.333,
				0,
				0.5,
				0,
				1,
				1.122,
				0,
				1.744,
				-3.2,
				2.367,
				-3.2,
				1,
				2.811,
				-3.2,
				3.256,
				0.7,
				3.7,
				0.7,
				1,
				4.178,
				0.7,
				4.656,
				-0.86,
				5.133,
				-0.86,
				1,
				5.422,
				-0.86,
				5.711,
				-0.261,
				6,
				-0.261
			]
		},
		{
			"Target": "Parameter",
			"Id": "Param_Angle_Rotation27",
			"Segments": [
				0,
				-0.425,
				1,
				0.167,
				-0.425,
				0.333,
				0,
				0.5,
				0,
				1,
				1.2,
				0,
				1.9,
				-3,
				2.6,
				-3,
				1,
				3.044,
				-3,
				3.489,
				3.12,
				3.933,
				3.12,
				1,
				4.4,
				3.12,
				4.867,
				-1.08,
				5.333,
				-1.08,
				1,
				5.556,
				-1.08,
				5.778,
				-0.425,
				6,
				-0.425
			]
		},
		{
			"Target": "Parameter",
			"Id": "Param_Angle_Rotation28",
			"Segments": [
				0,
				-2.053,
				1,
				0.167,
				-2.053,
				0.333,
				0,
				0.5,
				0,
				1,
				1.278,
				0,
				2.056,
				-4.98,
				2.833,
				-4.98,
				1,
				3.267,
				-4.98,
				3.7,
				8.46,
				4.133,
				8.46,
				1,
				4.6,
				8.46,
				5.067,
				-3.9,
				5.533,
				-3.9,
				1,
				5.689,
				-3.9,
				5.844,
				-2.053,
				6,
				-2.053
			]
		},
		{
			"Target": "Parameter",
			"Id": "Param_Angle_Rotation29",
			"Segments": [
				0,
				-5.293,
				1,
				0.167,
				-5.293,
				0.333,
				0,
				0.5,
				0,
				1,
				1.411,
				0,
				2.322,
				-5.34,
				3.233,
				-5.34,
				1,
				3.633,
				-5.34,
				4.033,
				16.38,
				4.433,
				16.38,
				1,
				4.878,
				16.38,
				5.322,
				-6.96,
				5.767,
				-6.96,
				1,
				5.844,
				-6.96,
				5.922,
				-5.293,
				6,
				-5.293
			]
		},
		{
			"Target": "Parameter",
			"Id": "Param_Angle_Rotation30",
			"Segments": [
				0,
				0,
				1,
				0.5,
				0,
				1,
				-0.66,
				1.5,
				-0.66,
				1,
				2,
				-0.66,
				2.5,
				2,
				3,
				2,
				1,
				3.5,
				2,
				4,
				-0.32,
				4.5,
				-0.32,
				1,
				5,
				-0.32,
				5.5,
				0,
				6,
				0
			]
		},
		{
			"Target": "Parameter",
			"Id": "Param_Angle_Rotation31",
			"Segments": [
				0,
				0,
				1,
				0.633,
				0,
				1.267,
				-2.7,
				1.9,
				-2.7,
				1,
				2.389,
				-2.7,
				2.878,
				1.08,
				3.367,
				1.08,
				1,
				3.822,
				1.08,
				4.278,
				-1.58,
				4.733,
				-1.58,
				1,
				5.156,
				-1.58,
				5.578,
				0,
				6,
				0
			]
		},
		{
			"Target": "Parameter",
			"Id": "Param_Angle_Rotation32",
			"Segments": [
				0,
				0,
				1,
				0.744,
				0,
				1.489,
				-7.2,
				2.233,
				-7.2,
				1,
				2.7,
				-7.2,
				3.167,
				2.64,
				3.633,
				2.64,
				1,
				4.078,
				2.64,
				4.522,
				-4.15,
				4.967,
				-4.15,
				1,
				5.311,
				-4.15,
				5.656,
				0,
				6,
				0
			]
		},
		{
			"Target": "Parameter",
			"Id": "Param_Angle_Rotation33",
			"Segments": [
				0,
				0,
				1,
				0.856,
				0,
				1.711,
				-10.2,
				2.567,
				-10.2,
				1,
				3,
				-10.2,
				3.433,
				6.9,
				3.867,
				6.9,
				1,
				4.333,
				6.9,
				4.8,
				-5.855,
				5.267,
				-5.855,
				1,
				5.511,
				-5.855,
				5.756,
				0,
				6,
				0
			]
		},
		{
			"Target": "Parameter",
			"Id": "Param_Angle_Rotation34",
			"Segments": [
				0,
				0,
				1,
				0.5,
				0,
				1,
				-0.72,
				1.5,
				-0.72,
				1,
				2,
				-0.72,
				2.5,
				0,
				3,
				0,
				1,
				3.5,
				0,
				4,
				0,
				4.5,
				0,
				1,
				5,
				0,
				5.5,
				0,
				6,
				0
			]
		},
		{
			"Target": "Parameter",
			"Id": "Param_Angle_Rotation35",
			"Segments": [
				0,
				0,
				1,
				0.6,
				0,
				1.2,
				-2.04,
				1.8,
				-2.04,
				1,
				2.3,
				-2.04,
				2.8,
				0,
				3.3,
				0,
				1,
				3.778,
				0,
				4.256,
				-1.02,
				4.733,
				-1.02,
				1,
				5.156,
				-1.02,
				5.578,
				0,
				6,
				0
			]
		},
		{
			"Target": "Parameter",
			"Id": "Param_Angle_Rotation36",
			"Segments": [
				0,
				0,
				1,
				0.711,
				0,
				1.422,
				-0.96,
				2.133,
				-0.96,
				1,
				2.589,
				-0.96,
				3.044,
				0,
				3.5,
				0,
				1,
				3.956,
				0,
				4.411,
				-1.14,
				4.867,
				-1.14,
				1,
				5.244,
				-1.14,
				5.622,
				0,
				6,
				0
			]
		},
		{
			"Target": "Parameter",
			"Id": "Param_Angle_Rotation37",
			"Segments": [
				0,
				0,
				1,
				0.789,
				0,
				1.578,
				-6,
				2.367,
				-6,
				1,
				2.8,
				-6,
				3.233,
				0,
				3.667,
				0,
				1,
				4.144,
				0,
				4.622,
				-1.62,
				5.1,
				-1.62,
				1,
				5.4,
				-1.62,
				5.7,
				0,
				6,
				0
			]
		},
		{
			"Target": "Parameter",
			"Id": "Param_Angle_Rotation38",
			"Segments": [
				0,
				0,
				1,
				0.867,
				0,
				1.733,
				-9,
				2.6,
				-9,
				1,
				3.022,
				-9,
				3.444,
				10,
				3.867,
				10,
				1,
				4.356,
				10,
				4.844,
				-1.2,
				5.333,
				-1.2,
				1,
				5.556,
				-1.2,
				5.778,
				0,
				6,
				0
			]
		},
		{
			"Target": "Parameter",
			"Id": "Param_Angle_Rotation39",
			"Segments": [
				0,
				0,
				1,
				0.5,
				0,
				1,
				0,
				1.5,
				0,
				1,
				2,
				0,
				2.5,
				0.9,
				3,
				0.9,
				1,
				3.5,
				0.9,
				4,
				0,
				4.5,
				0,
				1,
				5,
				0,
				5.5,
				0,
				6,
				0
			]
		},
		{
			"Target": "Parameter",
			"Id": "Param_Angle_Rotation40",
			"Segments": [
				0,
				0,
				1,
				0.6,
				0,
				1.2,
				-2.08,
				1.8,
				-2.08,
				1,
				2.289,
				-2.08,
				2.778,
				2.32,
				3.267,
				2.32,
				1,
				3.756,
				2.32,
				4.244,
				-1.22,
				4.733,
				-1.22,
				1,
				5.156,
				-1.22,
				5.578,
				0,
				6,
				0
			]
		},
		{
			"Target": "Parameter",
			"Id": "Param_Angle_Rotation41",
			"Segments": [
				0,
				0,
				1,
				0.711,
				0,
				1.422,
				-3.98,
				2.133,
				-3.98,
				1,
				2.611,
				-3.98,
				3.089,
				0.82,
				3.567,
				0.82,
				1,
				4,
				0.82,
				4.433,
				-2.26,
				4.867,
				-2.26,
				1,
				5.244,
				-2.26,
				5.622,
				0,
				6,
				0
			]
		},
		{
			"Target": "Parameter",
			"Id": "Param_Angle_Rotation42",
			"Segments": [
				0,
				0,
				1,
				0.789,
				0,
				1.578,
				-1,
				2.367,
				-1,
				1,
				2.844,
				-1,
				3.322,
				1.24,
				3.8,
				1.24,
				1,
				4.233,
				1.24,
				4.667,
				-2.84,
				5.1,
				-2.84,
				1,
				5.4,
				-2.84,
				5.7,
				0,
				6,
				0
			]
		},
		{
			"Target": "Parameter",
			"Id": "Param_Angle_Rotation3",
			"Segments": [
				0,
				-5,
				1,
				1,
				-5,
				2,
				9,
				3,
				9,
				1,
				4,
				9,
				5,
				-5,
				6,
				-5
			]
		},
		{
			"Target": "Parameter",
			"Id": "Param_Angle_Rotation4",
			"Segments": [
				0,
				-7,
				1,
				1,
				-7,
				2,
				9,
				3,
				9,
				1,
				4,
				9,
				5,
				-7,
				6,
				-7
			]
		},
		{
			"Target": "Parameter",
			"Id": "Param_Angle_Rotation5",
			"Segments": [
				0,
				-8,
				1,
				1,
				-8,
				2,
				8,
				3,
				8,
				1,
				4,
				8,
				5,
				-8,
				6,
				-8
			]
		},
		{
			"Target": "Parameter",
			"Id": "Param_Angle_Rotation6",
			"Segments": [
				0,
				-5,
				1,
				1,
				-5,
				2,
				6,
				3,
				6,
				1,
				4,
				6,
				5,
				-5,
				6,
				-5
			]
		},
		{
			"Target": "Parameter",
			"Id": "Param_Angle_Rotation7",
			"Segments": [
				0,
				-4,
				1,
				1,
				-4,
				2,
				8,
				3,
				8,
				1,
				4,
				8,
				5,
				-4,
				6,
				-4
			]
		},
		{
			"Target": "Parameter",
			"Id": "Param_Angle_Rotation8",
			"Segments": [
				0,
				-4,
				1,
				1,
				-4,
				2,
				7,
				3,
				7,
				1,
				4,
				7,
				5,
				-4,
				6,
				-4
			]
		}
	]
}