{
	"Version": 3,
	"Parameters": [
		{
			"Id": "ParamEff1",
			"GroupId": "ParamGroup",
			"Name": "エフェクト1"
		},
		{
			"Id": "ParamEff2",
			"GroupId": "ParamGroup",
			"Name": "エフェクト2"
		},
		{
			"Id": "ParamEff3",
			"GroupId": "ParamGroup",
			"Name": "エフェクト3"
		},
		{
			"Id": "ParamEff4",
			"GroupId": "ParamGroup",
			"Name": "エフェクト4"
		},
		{
			"Id": "ParamEff5",
			"GroupId": "ParamGroup",
			"Name": "エフェクト5"
		},
		{
			"Id": "ParamEff6",
			"GroupId": "ParamGroup",
			"Name": "エフェクト6"
		},
		{
			"Id": "ParamEff7",
			"GroupId": "ParamGroup",
			"Name": "エフェクト7"
		},
		{
			"Id": "ParamEff8",
			"GroupId": "ParamGroup",
			"Name": "エフェクト8"
		},
		{
			"Id": "ParamEff9",
			"GroupId": "ParamGroup",
			"Name": "エフェクト9"
		},
		{
			"Id": "ParamEff10",
			"GroupId": "ParamGroup",
			"Name": "エフェクト10"
		},
		{
			"Id": "ParamEff11",
			"GroupId": "ParamGroup",
			"Name": "エフェクト11"
		},
		{
			"Id": "ParamEff12",
			"GroupId": "ParamGroup",
			"Name": "エフェクト12"
		},
		{
			"Id": "ParamEff13",
			"GroupId": "ParamGroup",
			"Name": "エフェクト13"
		},
		{
			"Id": "ParamEff14",
			"GroupId": "ParamGroup",
			"Name": "エフェクト14"
		},
		{
			"Id": "ParamEff15",
			"GroupId": "ParamGroup",
			"Name": "エフェクト15"
		},
		{
			"Id": "ParamEff16",
			"GroupId": "ParamGroup",
			"Name": "エフェクト16"
		},
		{
			"Id": "ParamEff17",
			"GroupId": "ParamGroup",
			"Name": "エフェクト17"
		},
		{
			"Id": "ParamEff18",
			"GroupId": "ParamGroup",
			"Name": "エフェクト18"
		},
		{
			"Id": "ParamEff19",
			"GroupId": "ParamGroup",
			"Name": "エフェクト19"
		},
		{
			"Id": "ParamEff20",
			"GroupId": "ParamGroup",
			"Name": "エフェクト20"
		},
		{
			"Id": "ParamEff21",
			"GroupId": "ParamGroup",
			"Name": "エフェクト21"
		},
		{
			"Id": "ParamEff22",
			"GroupId": "ParamGroup",
			"Name": "エフェクト22"
		},
		{
			"Id": "ParamEff23",
			"GroupId": "ParamGroup",
			"Name": "エフェクト23"
		},
		{
			"Id": "ParamEff24",
			"GroupId": "ParamGroup",
			"Name": "エフェクト24"
		},
		{
			"Id": "ParamEff25",
			"GroupId": "ParamGroup",
			"Name": "エフェクト25"
		},
		{
			"Id": "ParamEff26",
			"GroupId": "ParamGroup",
			"Name": "エフェクト26"
		},
		{
			"Id": "ParamEff27",
			"GroupId": "ParamGroup",
			"Name": "エフェクト27"
		},
		{
			"Id": "ParamEff28",
			"GroupId": "ParamGroup",
			"Name": "エフェクト28"
		},
		{
			"Id": "ParamEff29",
			"GroupId": "ParamGroup",
			"Name": "エフェクト29"
		},
		{
			"Id": "ParamEff30",
			"GroupId": "ParamGroup",
			"Name": "エフェクト30"
		},
		{
			"Id": "ParamEff31",
			"GroupId": "ParamGroup",
			"Name": "エフェクト31"
		},
		{
			"Id": "ParamEff32",
			"GroupId": "ParamGroup",
			"Name": "エフェクト32"
		},
		{
			"Id": "ParamEff33",
			"GroupId": "ParamGroup",
			"Name": "エフェクト33"
		},
		{
			"Id": "ParamPachi",
			"GroupId": "ParamGroup2",
			"Name": "目パチ"
		},
		{
			"Id": "ParamLegL1",
			"GroupId": "ParamGroup2",
			"Name": "右太もも"
		},
		{
			"Id": "ParamLegL2",
			"GroupId": "ParamGroup2",
			"Name": "右足"
		},
		{
			"Id": "ParamLegR1",
			"GroupId": "ParamGroup2",
			"Name": "左太もも"
		},
		{
			"Id": "ParamLegR2",
			"GroupId": "ParamGroup2",
			"Name": "左足"
		},
		{
			"Id": "ParamEyeRL",
			"GroupId": "ParamGroup2",
			"Name": "目Hi左右"
		},
		{
			"Id": "ParamEyeUD",
			"GroupId": "ParamGroup2",
			"Name": "目Hi上下"
		},
		{
			"Id": "ParamEyeBS",
			"GroupId": "ParamGroup2",
			"Name": "目Hi大小"
		},
		{
			"Id": "ParamPaiRY",
			"GroupId": "ParamGroup2",
			"Name": "右胸 Y"
		},
		{
			"Id": "ParamPaiRX",
			"GroupId": "ParamGroup2",
			"Name": "右胸 X"
		},
		{
			"Id": "ParamPaiRY2",
			"GroupId": "ParamGroup2",
			"Name": "右胸 Y2"
		},
		{
			"Id": "ParamPaiRX2",
			"GroupId": "ParamGroup2",
			"Name": "右胸 X2"
		},
		{
			"Id": "ParamPaiLY",
			"GroupId": "ParamGroup2",
			"Name": "左胸 Y"
		},
		{
			"Id": "ParamPaiLX",
			"GroupId": "ParamGroup2",
			"Name": "左胸 X"
		},
		{
			"Id": "ParamPaiLY2",
			"GroupId": "ParamGroup2",
			"Name": "左胸 Y2"
		},
		{
			"Id": "ParamPaiLX2",
			"GroupId": "ParamGroup2",
			"Name": "左胸 X2"
		},
		{
			"Id": "ParamBreat",
			"GroupId": "ParamGroup2",
			"Name": "呼吸"
		},
		{
			"Id": "Param",
			"GroupId": "ParamGroup3",
			"Name": "位置"
		},
		{
			"Id": "ParammasukuX",
			"GroupId": "ParamGroup3",
			"Name": "効果マスクX"
		},
		{
			"Id": "ParammasukuY",
			"GroupId": "ParamGroup3",
			"Name": "効果マスクY"
		},
		{
			"Id": "Param_Angle_Rotation8",
			"GroupId": "ParamGroup4",
			"Name": "[0]中央髪"
		},
		{
			"Id": "Param_Angle_Rotation9",
			"GroupId": "ParamGroup4",
			"Name": "[1]中央髪"
		},
		{
			"Id": "Param_Angle_Rotation10",
			"GroupId": "ParamGroup4",
			"Name": "[2]中央髪"
		},
		{
			"Id": "Param_Angle_Rotation11",
			"GroupId": "ParamGroup5",
			"Name": "[0]左髪1"
		},
		{
			"Id": "Param_Angle_Rotation12",
			"GroupId": "ParamGroup5",
			"Name": "[1]左髪1"
		},
		{
			"Id": "Param_Angle_Rotation13",
			"GroupId": "ParamGroup5",
			"Name": "[2]左髪1"
		},
		{
			"Id": "Param_Angle_Rotation14",
			"GroupId": "ParamGroup6",
			"Name": "[0]左髪2"
		},
		{
			"Id": "Param_Angle_Rotation15",
			"GroupId": "ParamGroup6",
			"Name": "[1]左髪2"
		},
		{
			"Id": "Param_Angle_Rotation16",
			"GroupId": "ParamGroup6",
			"Name": "[2]左髪2"
		},
		{
			"Id": "Param_Angle_Rotation17",
			"GroupId": "ParamGroup7",
			"Name": "[0]ハネ"
		},
		{
			"Id": "Param_Angle_Rotation18",
			"GroupId": "ParamGroup7",
			"Name": "[1]ハネ"
		},
		{
			"Id": "Param_Angle_Rotation19",
			"GroupId": "ParamGroup7",
			"Name": "[2]ハネ"
		},
		{
			"Id": "Param_Angle_Rotation20",
			"GroupId": "ParamGroup8",
			"Name": "[0]右髪"
		},
		{
			"Id": "Param_Angle_Rotation21",
			"GroupId": "ParamGroup8",
			"Name": "[1]右髪"
		},
		{
			"Id": "Param_Angle_Rotation22",
			"GroupId": "ParamGroup8",
			"Name": "[2]右髪"
		},
		{
			"Id": "Param_Angle_Rotation23",
			"GroupId": "ParamGroup9",
			"Name": "[0]右もみあげ"
		},
		{
			"Id": "Param_Angle_Rotation24",
			"GroupId": "ParamGroup9",
			"Name": "[1]右もみあげ"
		},
		{
			"Id": "Param_Angle_Rotation25",
			"GroupId": "ParamGroup9",
			"Name": "[2]右もみあげ"
		},
		{
			"Id": "Param_Angle_Rotation26",
			"GroupId": "ParamGroup9",
			"Name": "[3]右もみあげ"
		},
		{
			"Id": "Param_Angle_Rotation27",
			"GroupId": "ParamGroup9",
			"Name": "[4]右もみあげ"
		},
		{
			"Id": "Param_Angle_Rotation28",
			"GroupId": "ParamGroup10",
			"Name": "[0]左もみあげ"
		},
		{
			"Id": "Param_Angle_Rotation29",
			"GroupId": "ParamGroup10",
			"Name": "[1]左もみあげ"
		},
		{
			"Id": "Param_Angle_Rotation30",
			"GroupId": "ParamGroup10",
			"Name": "[2]左もみあげ"
		},
		{
			"Id": "Param_Angle_Rotation31",
			"GroupId": "ParamGroup10",
			"Name": "[3]左もみあげ"
		},
		{
			"Id": "Param_Angle_Rotation32",
			"GroupId": "ParamGroup10",
			"Name": "[4]左もみあげ"
		},
		{
			"Id": "Param_Angle_Rotation33",
			"GroupId": "ParamGroup11",
			"Name": "[0]後ろ髪1"
		},
		{
			"Id": "Param_Angle_Rotation34",
			"GroupId": "ParamGroup11",
			"Name": "[1]後ろ髪1"
		},
		{
			"Id": "Param_Angle_Rotation35",
			"GroupId": "ParamGroup11",
			"Name": "[2]後ろ髪1"
		},
		{
			"Id": "Param_Angle_Rotation36",
			"GroupId": "ParamGroup11",
			"Name": "[3]後ろ髪1"
		},
		{
			"Id": "Param_Angle_Rotation37",
			"GroupId": "ParamGroup11",
			"Name": "[4]後ろ髪1"
		},
		{
			"Id": "Param_Angle_Rotation38",
			"GroupId": "ParamGroup12",
			"Name": "[0]後ろ髪2"
		},
		{
			"Id": "Param_Angle_Rotation39",
			"GroupId": "ParamGroup12",
			"Name": "[1]後ろ髪2"
		},
		{
			"Id": "Param_Angle_Rotation40",
			"GroupId": "ParamGroup12",
			"Name": "[2]後ろ髪2"
		},
		{
			"Id": "Param_Angle_Rotation41",
			"GroupId": "ParamGroup12",
			"Name": "[3]後ろ髪2"
		},
		{
			"Id": "Param_Angle_Rotation42",
			"GroupId": "ParamGroup13",
			"Name": "[0]頭飾り"
		},
		{
			"Id": "Param_Angle_Rotation43",
			"GroupId": "ParamGroup13",
			"Name": "[1]頭飾り"
		},
		{
			"Id": "Param_Angle_Rotation44",
			"GroupId": "ParamGroup13",
			"Name": "[2]頭飾り"
		},
		{
			"Id": "Param_Angle_Rotation45",
			"GroupId": "ParamGroup13",
			"Name": "[3]頭飾り"
		},
		{
			"Id": "Param_Angle_Rotation46",
			"GroupId": "ParamGroup14",
			"Name": "[0]腰飾り"
		},
		{
			"Id": "Param_Angle_Rotation47",
			"GroupId": "ParamGroup14",
			"Name": "[1]腰飾り"
		},
		{
			"Id": "Param_Angle_Rotation48",
			"GroupId": "ParamGroup14",
			"Name": "[2]腰飾り"
		},
		{
			"Id": "Param_Angle_Rotation49",
			"GroupId": "ParamGroup14",
			"Name": "[3]腰飾り"
		},
		{
			"Id": "Param_Angle_Rotation50",
			"GroupId": "ParamGroup15",
			"Name": "[0]腰左しゃらしゃら"
		},
		{
			"Id": "Param_Angle_Rotation51",
			"GroupId": "ParamGroup15",
			"Name": "[1]腰左しゃらしゃら"
		},
		{
			"Id": "Param_Angle_Rotation52",
			"GroupId": "ParamGroup15",
			"Name": "[2]腰左しゃらしゃら"
		},
		{
			"Id": "Param_Angle_Rotation53",
			"GroupId": "ParamGroup15",
			"Name": "[3]腰左しゃらしゃら"
		},
		{
			"Id": "Param_Angle_Rotation54",
			"GroupId": "ParamGroup16",
			"Name": "[0]腰右しゃらしゃら"
		},
		{
			"Id": "Param_Angle_Rotation55",
			"GroupId": "ParamGroup16",
			"Name": "[1]腰右しゃらしゃら"
		},
		{
			"Id": "Param_Angle_Rotation56",
			"GroupId": "ParamGroup16",
			"Name": "[2]腰右しゃらしゃら"
		},
		{
			"Id": "Param_Angle_Rotation57",
			"GroupId": "ParamGroup16",
			"Name": "[3]腰右しゃらしゃら"
		}
	],
	"ParameterGroups": [
		{
			"Id": "ParamGroup",
			"GroupId": "",
			"Name": "エフェクト"
		},
		{
			"Id": "ParamGroup2",
			"GroupId": "",
			"Name": "URアニメーション"
		},
		{
			"Id": "ParamGroup3",
			"GroupId": "",
			"Name": "追加"
		},
		{
			"Id": "ParamGroup4",
			"GroupId": "",
			"Name": "中央髪"
		},
		{
			"Id": "ParamGroup5",
			"GroupId": "",
			"Name": "左髪1"
		},
		{
			"Id": "ParamGroup6",
			"GroupId": "",
			"Name": "左髪2"
		},
		{
			"Id": "ParamGroup7",
			"GroupId": "",
			"Name": "ハネ"
		},
		{
			"Id": "ParamGroup8",
			"GroupId": "",
			"Name": "右髪"
		},
		{
			"Id": "ParamGroup9",
			"GroupId": "",
			"Name": "右もみあげ"
		},
		{
			"Id": "ParamGroup10",
			"GroupId": "",
			"Name": "左もみあげ"
		},
		{
			"Id": "ParamGroup11",
			"GroupId": "",
			"Name": "後ろ髪1"
		},
		{
			"Id": "ParamGroup12",
			"GroupId": "",
			"Name": "後ろ髪2"
		},
		{
			"Id": "ParamGroup13",
			"GroupId": "",
			"Name": "頭飾り"
		},
		{
			"Id": "ParamGroup14",
			"GroupId": "",
			"Name": "腰飾り"
		},
		{
			"Id": "ParamGroup15",
			"GroupId": "",
			"Name": "腰左しゃらしゃら"
		},
		{
			"Id": "ParamGroup16",
			"GroupId": "",
			"Name": "腰右しゃらしゃら"
		}
	],
	"Parts": [
		{
			"Id": "Part27",
			"Name": "1920x1440.psd"
		},
		{
			"Id": "Part",
			"Name": "エフェクト"
		},
		{
			"Id": "Part15",
			"Name": "花びら"
		},
		{
			"Id": "Part16",
			"Name": "孫策"
		},
		{
			"Id": "Part25",
			"Name": "花"
		},
		{
			"Id": "Part26",
			"Name": "背景"
		},
		{
			"Id": "Part2",
			"Name": "キラキラ"
		},
		{
			"Id": "Part6",
			"Name": "エフェクト炎"
		},
		{
			"Id": "Part14",
			"Name": "技"
		},
		{
			"Id": "Part17",
			"Name": "腕関連"
		},
		{
			"Id": "Part18",
			"Name": "髪"
		},
		{
			"Id": "Part21",
			"Name": "胸"
		},
		{
			"Id": "Part22",
			"Name": "体"
		},
		{
			"Id": "Part23",
			"Name": "後ろ髪"
		},
		{
			"Id": "Part24",
			"Name": "光彩"
		},
		{
			"Id": "Part3",
			"Name": "03"
		},
		{
			"Id": "Part4",
			"Name": "02"
		},
		{
			"Id": "Part5",
			"Name": "01"
		},
		{
			"Id": "Part7",
			"Name": "エフェクト7"
		},
		{
			"Id": "Part8",
			"Name": "エフェクト6"
		},
		{
			"Id": "Part9",
			"Name": "エフェクト5"
		},
		{
			"Id": "Part10",
			"Name": "エフェクト4"
		},
		{
			"Id": "Part11",
			"Name": "エフェクト3"
		},
		{
			"Id": "Part12",
			"Name": "エフェクト2"
		},
		{
			"Id": "Part13",
			"Name": "エフェクト1"
		},
		{
			"Id": "ArtMesh51_Skinning",
			"Name": "頭飾り(スキニング)"
		},
		{
			"Id": "ArtMesh52_Skinning",
			"Name": "ハネ(スキニング)"
		},
		{
			"Id": "ArtMesh53_Skinning",
			"Name": "中央髪(スキニング)"
		},
		{
			"Id": "ArtMesh54_Skinning",
			"Name": "左髪1(スキニング)"
		},
		{
			"Id": "ArtMesh55_Skinning",
			"Name": "左髪2(スキニング)"
		},
		{
			"Id": "ArtMesh56_Skinning",
			"Name": "右髪(スキニング)"
		},
		{
			"Id": "Part19",
			"Name": "表情"
		},
		{
			"Id": "ArtMesh74_Skinning",
			"Name": "左もみあげ(スキニング)"
		},
		{
			"Id": "ArtMesh77_Skinning",
			"Name": "腰飾り(スキニング)"
		},
		{
			"Id": "ArtMesh79_Skinning",
			"Name": "腰右しゃらしゃら(スキニング)"
		},
		{
			"Id": "ArtMesh82_Skinning",
			"Name": "腰左しゃらしゃら(スキニング)"
		},
		{
			"Id": "ArtMesh86_Skinning",
			"Name": "後ろ髪1(スキニング)"
		},
		{
			"Id": "ArtMesh87_Skinning",
			"Name": "後ろ髪2(スキニング)"
		},
		{
			"Id": "ArtMesh91_Skinning",
			"Name": "腰左しゃらしゃら光彩(スキニング)"
		},
		{
			"Id": "ArtMesh92_Skinning",
			"Name": "腰右しゃらしゃら光彩(スキニング)"
		},
		{
			"Id": "ArtMesh98_Skinning",
			"Name": "後ろ髪2光彩(スキニング)"
		},
		{
			"Id": "ArtMesh99_Skinning",
			"Name": "後ろ髪1光彩(スキニング)"
		},
		{
			"Id": "ArtMesh100_Skinning",
			"Name": "頭飾り光彩(スキニング)"
		},
		{
			"Id": "ArtMesh101_Skinning",
			"Name": "ハネ光彩(スキニング)"
		},
		{
			"Id": "ArtMesh102_Skinning",
			"Name": "左髪2光彩(スキニング)"
		},
		{
			"Id": "ArtMesh103_Skinning",
			"Name": "左髪1光彩(スキニング)"
		},
		{
			"Id": "ArtMesh104_Skinning",
			"Name": "左もみあげ光彩(スキニング)"
		},
		{
			"Id": "Part20",
			"Name": "顔影"
		},
		{
			"Id": "ArtMesh63_Skinning",
			"Name": "右もみあげ(スキニング)"
		},
		{
			"Id": "ArtMesh65_Skinning",
			"Name": "右もみあげ影(スキニング)"
		},
		{
			"Id": "ArtMesh68_Skinning",
			"Name": "中央髪影(スキニング)"
		}
	],
	"CombinedParameters": [
		[
			"ParamEyeRL",
			"ParamEyeUD"
		]
	]
}