{
	"Version": 3,
	"Meta": {
		"Duration": 2.667,
		"Fps": 30.0,
		"Loop": true,
		"AreBeziersRestricted": false,
		"CurveCount": 76,
		"TotalSegmentCount": 506,
		"TotalPointCount": 1520,
		"UserDataCount": 0,
		"TotalUserDataSize": 0
	},
	"Curves": [
		{
			"Target": "Parameter",
			"Id": "ParamLegL1in",
			"Segments": [
				0,
				0,
				1,
				0.067,
				0,
				0.133,
				13,
				0.2,
				13,
				1,
				0.289,
				13,
				0.378,
				3.654,
				0.467,
				1,
				1,
				0.567,
				-1.986,
				0.667,
				-2,
				0.767,
				-2,
				1,
				0.922,
				-2,
				1.078,
				1,
				1.233,
				1,
				1,
				1.333,
				1,
				1.433,
				0,
				1.533,
				0,
				1,
				1.911,
				0,
				2.289,
				0,
				2.667,
				0
			]
		},
		{
			"Target": "Parameter",
			"Id": "ParamLegL1",
			"Segments": [
				0,
				0,
				1,
				0.067,
				0,
				0.133,
				0.272,
				0.2,
				-2,
				1,
				0.289,
				-5.029,
				0.378,
				-15,
				0.467,
				-15,
				1,
				0.567,
				-15,
				0.667,
				-4.385,
				0.767,
				-2,
				1,
				0.922,
				1.71,
				1.078,
				2,
				1.233,
				2,
				1,
				1.333,
				2,
				1.433,
				0,
				1.533,
				0,
				1,
				1.911,
				0,
				2.289,
				0,
				2.667,
				0
			]
		},
		{
			"Target": "Parameter",
			"Id": "ParamLegL2",
			"Segments": [
				0,
				0,
				1,
				0.067,
				0,
				0.133,
				0,
				0.2,
				0,
				1,
				0.289,
				0,
				0.378,
				10,
				0.467,
				10,
				1,
				0.567,
				10,
				0.667,
				2.83,
				0.767,
				0,
				1,
				0.922,
				-4.403,
				1.078,
				-5,
				1.233,
				-5,
				1,
				1.333,
				-5,
				1.433,
				0,
				1.533,
				0,
				1,
				1.911,
				0,
				2.289,
				0,
				2.667,
				0
			]
		},
		{
			"Target": "Parameter",
			"Id": "ParamLegR1in",
			"Segments": [
				0,
				0,
				1,
				0.067,
				0,
				0.133,
				-10,
				0.2,
				-10,
				1,
				0.289,
				-10,
				0.378,
				-5.141,
				0.467,
				-2,
				1,
				0.567,
				1.533,
				0.667,
				2,
				0.767,
				2,
				1,
				0.922,
				2,
				1.078,
				0,
				1.233,
				0,
				1,
				1.333,
				0,
				1.433,
				0,
				1.533,
				0,
				1,
				1.911,
				0,
				2.289,
				0,
				2.667,
				0
			]
		},
		{
			"Target": "Parameter",
			"Id": "ParamLegR1",
			"Segments": [
				0,
				0,
				1,
				0.067,
				0,
				0.133,
				0.174,
				0.2,
				-2,
				1,
				0.289,
				-4.899,
				0.378,
				-12,
				0.467,
				-12,
				1,
				0.567,
				-12,
				0.667,
				-3.863,
				0.767,
				-1,
				1,
				0.922,
				3.453,
				1.078,
				4,
				1.233,
				4,
				1,
				1.333,
				4,
				1.433,
				0,
				1.533,
				0,
				1,
				1.911,
				0,
				2.289,
				0,
				2.667,
				0
			]
		},
		{
			"Target": "Parameter",
			"Id": "ParamLegR2",
			"Segments": [
				0,
				0,
				1,
				0.067,
				0,
				0.133,
				0,
				0.2,
				0,
				1,
				0.289,
				0,
				0.378,
				11,
				0.467,
				11,
				1,
				0.567,
				11,
				0.667,
				4.306,
				0.767,
				2,
				1,
				0.922,
				-1.587,
				1.078,
				-2,
				1.233,
				-2,
				1,
				1.333,
				-2,
				1.433,
				0,
				1.533,
				0,
				1,
				1.911,
				0,
				2.289,
				0,
				2.667,
				0
			]
		},
		{
			"Target": "Parameter",
			"Id": "ParamPaiX",
			"Segments": [
				0,
				0,
				1,
				0.033,
				0,
				0.067,
				0,
				0.1,
				0,
				1,
				0.156,
				0,
				0.211,
				17.21,
				0.267,
				17.21,
				1,
				0.333,
				17.21,
				0.4,
				-24.405,
				0.467,
				-24.405,
				1,
				0.533,
				-24.405,
				0.6,
				-14.015,
				0.667,
				-1,
				1,
				0.722,
				9.846,
				0.778,
				12.633,
				0.833,
				12.633,
				1,
				0.889,
				12.633,
				0.944,
				2.718,
				1,
				0,
				1,
				1.078,
				-3.805,
				1.156,
				-4.082,
				1.233,
				-4.082,
				1,
				1.3,
				-4.082,
				1.367,
				-3.295,
				1.433,
				-1,
				1,
				1.511,
				1.677,
				1.589,
				3.48,
				1.667,
				3.48,
				1,
				1.744,
				3.48,
				1.822,
				3.075,
				1.9,
				2,
				1,
				1.989,
				0.772,
				2.078,
				0,
				2.167,
				0,
				0,
				2.667,
				0
			]
		},
		{
			"Target": "Parameter",
			"Id": "ParamPaiY",
			"Segments": [
				0,
				0,
				1,
				0.033,
				0,
				0.067,
				0,
				0.1,
				0,
				1,
				0.156,
				0,
				0.211,
				30,
				0.267,
				30,
				1,
				0.333,
				30,
				0.4,
				20,
				0.467,
				0,
				1,
				0.533,
				-20,
				0.6,
				-30,
				0.667,
				-30,
				1,
				0.722,
				-30,
				0.778,
				-11.704,
				0.833,
				0,
				1,
				0.889,
				11.704,
				0.944,
				12.633,
				1,
				12.633,
				1,
				1.078,
				12.633,
				1.156,
				7.646,
				1.233,
				-2,
				1,
				1.3,
				-10.268,
				1.367,
				-14.243,
				1.433,
				-14.243,
				1,
				1.511,
				-14.243,
				1.589,
				-8.673,
				1.667,
				-2,
				1,
				1.744,
				4.673,
				1.822,
				6.531,
				1.9,
				6.531,
				1,
				1.989,
				6.531,
				2.078,
				0,
				2.167,
				0,
				0,
				2.667,
				0
			]
		},
		{
			"Target": "Parameter",
			"Id": "ParamPaiX2",
			"Segments": [
				0,
				0,
				1,
				0.056,
				0,
				0.111,
				14.492,
				0.167,
				14.492,
				1,
				0.233,
				14.492,
				0.3,
				-20.06,
				0.367,
				-20.06,
				1,
				0.433,
				-20.06,
				0.5,
				-13.486,
				0.567,
				0,
				1,
				0.622,
				11.238,
				0.678,
				17.03,
				0.733,
				17.03,
				1,
				0.789,
				17.03,
				0.844,
				5.143,
				0.9,
				0,
				1,
				0.978,
				-7.201,
				1.056,
				-8.035,
				1.133,
				-8.035,
				1,
				1.2,
				-8.035,
				1.267,
				-4.464,
				1.333,
				0,
				1,
				1.411,
				5.208,
				1.489,
				6.876,
				1.567,
				6.876,
				1,
				1.644,
				6.876,
				1.722,
				3.627,
				1.8,
				2,
				1,
				1.889,
				0.141,
				1.978,
				0,
				2.067,
				0,
				0,
				2.667,
				0
			]
		},
		{
			"Target": "Parameter",
			"Id": "ParamPaiY2",
			"Segments": [
				0,
				0,
				1,
				0.056,
				0,
				0.111,
				30,
				0.167,
				30,
				1,
				0.233,
				30,
				0.3,
				18.977,
				0.367,
				-1,
				1,
				0.433,
				-20.977,
				0.5,
				-30,
				0.567,
				-30,
				1,
				0.622,
				-30,
				0.678,
				-24.332,
				0.733,
				-8.035,
				1,
				0.789,
				8.262,
				0.844,
				19.569,
				0.9,
				19.569,
				1,
				0.978,
				19.569,
				1.056,
				6.891,
				1.133,
				-1,
				1,
				1.2,
				-7.763,
				1.267,
				-8.035,
				1.333,
				-8.035,
				1,
				1.411,
				-8.035,
				1.489,
				-5.187,
				1.567,
				-2,
				1,
				1.644,
				1.187,
				1.722,
				2,
				1.8,
				2,
				1,
				1.889,
				2,
				1.978,
				0,
				2.067,
				0,
				0,
				2.667,
				0
			]
		},
		{
			"Target": "Parameter",
			"Id": "ParamPaiRClothX",
			"Segments": [
				0,
				0,
				1,
				0.067,
				0,
				0.133,
				0,
				0.2,
				0,
				1,
				0.256,
				0,
				0.311,
				0.241,
				0.367,
				-3,
				1,
				0.433,
				-6.889,
				0.5,
				-19,
				0.567,
				-19,
				1,
				0.633,
				-19,
				0.7,
				-7.656,
				0.767,
				8.031,
				1,
				0.822,
				21.104,
				0.878,
				25.048,
				0.933,
				25.048,
				1,
				0.989,
				25.048,
				1.044,
				9.1,
				1.1,
				1,
				1,
				1.189,
				-11.96,
				1.278,
				-14.13,
				1.367,
				-14.13,
				1,
				1.422,
				-14.13,
				1.478,
				-3.419,
				1.533,
				0,
				1,
				1.611,
				4.787,
				1.689,
				5.195,
				1.767,
				5.195,
				1,
				1.844,
				5.195,
				1.922,
				3.932,
				2,
				2.359,
				1,
				2.089,
				0.562,
				2.178,
				0,
				2.267,
				0,
				1,
				2.4,
				0,
				2.533,
				0.5,
				2.667,
				0.5
			]
		},
		{
			"Target": "Parameter",
			"Id": "ParamPaiRClothY",
			"Segments": [
				0,
				0,
				1,
				0.067,
				0,
				0.133,
				0,
				0.2,
				0,
				1,
				0.256,
				0,
				0.311,
				30,
				0.367,
				30,
				1,
				0.433,
				30,
				0.5,
				18.977,
				0.567,
				-1,
				1,
				0.633,
				-20.977,
				0.7,
				-30,
				0.767,
				-30,
				1,
				0.822,
				-30,
				0.878,
				-18.178,
				0.933,
				-1,
				1,
				0.989,
				16.178,
				1.044,
				22.212,
				1.1,
				22.212,
				1,
				1.178,
				22.212,
				1.256,
				13.195,
				1.333,
				1,
				1,
				1.411,
				-11.195,
				1.489,
				-15.13,
				1.567,
				-15.13,
				1,
				1.644,
				-15.13,
				1.722,
				-15.205,
				1.8,
				-13.13,
				1,
				1.867,
				-11.353,
				1.933,
				1,
				2,
				1,
				1,
				2.089,
				1,
				2.178,
				0.61,
				2.267,
				0,
				1,
				2.4,
				-0.915,
				2.533,
				-1.3,
				2.667,
				-1.3
			]
		},
		{
			"Target": "Parameter",
			"Id": "ParamPai2X",
			"Segments": [
				0,
				0,
				1,
				0.033,
				0,
				0.067,
				0,
				0.1,
				0,
				1,
				0.156,
				0,
				0.211,
				-13.583,
				0.267,
				-13.583,
				1,
				0.333,
				-13.583,
				0.4,
				20.746,
				0.467,
				20.746,
				1,
				0.533,
				20.746,
				0.6,
				9.9,
				0.667,
				0,
				1,
				0.722,
				-8.25,
				0.778,
				-9.371,
				0.833,
				-9.371,
				1,
				0.889,
				-9.371,
				0.944,
				-4.535,
				1,
				-1,
				1,
				1.078,
				3.949,
				1.156,
				5,
				1.233,
				5,
				1,
				1.3,
				5,
				1.367,
				2.178,
				1.433,
				0,
				1,
				1.511,
				-2.541,
				1.589,
				-3,
				1.667,
				-3,
				1,
				1.744,
				-3,
				1.822,
				-2.862,
				1.9,
				-2,
				1,
				1.989,
				-1.015,
				2.078,
				0,
				2.167,
				0,
				0,
				2.667,
				0
			]
		},
		{
			"Target": "Parameter",
			"Id": "ParamPai2Y",
			"Segments": [
				0,
				0,
				1,
				0.033,
				0,
				0.067,
				0,
				0.1,
				0,
				1,
				0.156,
				0,
				0.211,
				29.945,
				0.267,
				29.945,
				1,
				0.333,
				29.945,
				0.4,
				8.559,
				0.467,
				-9.371,
				1,
				0.533,
				-27.302,
				0.6,
				-30,
				0.667,
				-30,
				1,
				0.722,
				-30,
				0.778,
				-22.294,
				0.833,
				-9.371,
				1,
				0.889,
				3.552,
				0.944,
				8.919,
				1,
				8.919,
				1,
				1.078,
				8.919,
				1.156,
				8.282,
				1.233,
				-1,
				1,
				1.3,
				-8.956,
				1.367,
				-26.218,
				1.433,
				-26.218,
				1,
				1.511,
				-26.218,
				1.589,
				-8.952,
				1.667,
				-2,
				1,
				1.744,
				4.952,
				1.822,
				5,
				1.9,
				5,
				1,
				1.989,
				5,
				2.078,
				0,
				2.167,
				0,
				0,
				2.667,
				0
			]
		},
		{
			"Target": "Parameter",
			"Id": "ParamPai2X2",
			"Segments": [
				0,
				0,
				1,
				0.056,
				0,
				0.111,
				-9.524,
				0.167,
				-9.524,
				1,
				0.233,
				-9.524,
				0.3,
				21.285,
				0.367,
				21.285,
				1,
				0.433,
				21.285,
				0.5,
				9.592,
				0.567,
				-2,
				1,
				0.622,
				-11.66,
				0.678,
				-13.239,
				0.733,
				-13.239,
				1,
				0.789,
				-13.239,
				0.844,
				-5.352,
				0.9,
				0,
				1,
				0.978,
				7.493,
				1.056,
				8.942,
				1.133,
				8.942,
				1,
				1.2,
				8.942,
				1.267,
				0.927,
				1.333,
				0,
				1,
				1.411,
				-1.081,
				1.489,
				-1,
				1.567,
				-1,
				1,
				1.644,
				-1,
				1.722,
				0,
				1.8,
				0,
				1,
				1.889,
				0,
				1.978,
				0,
				2.067,
				0,
				0,
				2.667,
				0
			]
		},
		{
			"Target": "Parameter",
			"Id": "ParamPai2Y2",
			"Segments": [
				0,
				0,
				1,
				0.056,
				0,
				0.111,
				30,
				0.167,
				30,
				1,
				0.233,
				30,
				0.3,
				-3.679,
				0.367,
				-16.954,
				1,
				0.433,
				-30.229,
				0.5,
				-30,
				0.567,
				-30,
				1,
				0.622,
				-30,
				0.678,
				-24.66,
				0.733,
				-9.524,
				1,
				0.789,
				5.612,
				0.844,
				15.995,
				0.9,
				15.995,
				1,
				0.978,
				15.995,
				1.056,
				10.491,
				1.133,
				0,
				1,
				1.2,
				-8.992,
				1.267,
				-13.239,
				1.333,
				-13.239,
				1,
				1.411,
				-13.239,
				1.489,
				-4.035,
				1.567,
				-1,
				1,
				1.644,
				2.035,
				1.722,
				2,
				1.8,
				2,
				1,
				1.889,
				2,
				1.978,
				0,
				2.067,
				0,
				0,
				2.667,
				0
			]
		},
		{
			"Target": "Parameter",
			"Id": "ParamPaiLClothX",
			"Segments": [
				0,
				0,
				0,
				0.2,
				0,
				1,
				0.256,
				0,
				0.311,
				-14.819,
				0.367,
				-14.819,
				1,
				0.444,
				-14.819,
				0.522,
				16.793,
				0.6,
				16.793,
				1,
				0.656,
				16.793,
				0.711,
				11.446,
				0.767,
				-1,
				1,
				0.822,
				-13.446,
				0.878,
				-20.642,
				0.933,
				-20.642,
				1,
				0.989,
				-20.642,
				1.044,
				-10.442,
				1.1,
				0,
				1,
				1.156,
				10.442,
				1.211,
				12.717,
				1.267,
				12.717,
				1,
				1.356,
				12.717,
				1.444,
				3.712,
				1.533,
				0,
				1,
				1.611,
				-3.248,
				1.689,
				-3.172,
				1.767,
				-3.172,
				1,
				1.844,
				-3.172,
				1.922,
				-2.947,
				2,
				-2,
				1,
				2.089,
				-0.918,
				2.178,
				0,
				2.267,
				0,
				1,
				2.4,
				0,
				2.533,
				-0.5,
				2.667,
				-0.5
			]
		},
		{
			"Target": "Parameter",
			"Id": "ParamPaiLClothY",
			"Segments": [
				0,
				0,
				0,
				0.2,
				0,
				1,
				0.256,
				0,
				0.311,
				30,
				0.367,
				30,
				1,
				0.433,
				30,
				0.5,
				5.666,
				0.567,
				-11.325,
				1,
				0.633,
				-28.316,
				0.7,
				-30,
				0.767,
				-30,
				1,
				0.822,
				-30,
				0.878,
				-17.766,
				0.933,
				0,
				1,
				0.989,
				17.766,
				1.044,
				24,
				1.1,
				24,
				1,
				1.178,
				24,
				1.256,
				6.194,
				1.333,
				-5.501,
				1,
				1.4,
				-15.525,
				1.467,
				-15.984,
				1.533,
				-15.984,
				1,
				1.611,
				-15.984,
				1.689,
				-1.161,
				1.767,
				0,
				1,
				1.844,
				1.161,
				1.922,
				1,
				2,
				1,
				1,
				2.089,
				1,
				2.178,
				0.513,
				2.267,
				0,
				1,
				2.4,
				-0.769,
				2.533,
				-1,
				2.667,
				-1
			]
		},
		{
			"Target": "Parameter",
			"Id": "ParamRA2",
			"Segments": [
				0,
				0,
				1,
				0.056,
				0,
				0.111,
				9,
				0.167,
				9,
				1,
				0.244,
				9,
				0.322,
				-19,
				0.4,
				-19,
				1,
				0.489,
				-19,
				0.578,
				-12.104,
				0.667,
				-5,
				1,
				0.767,
				2.992,
				0.867,
				5,
				0.967,
				5,
				1,
				1.089,
				5,
				1.211,
				3.057,
				1.333,
				0,
				1,
				1.422,
				-2.223,
				1.511,
				-3,
				1.6,
				-3,
				1,
				1.689,
				-3,
				1.778,
				-2.865,
				1.867,
				-2,
				1,
				1.967,
				-1.026,
				2.067,
				0,
				2.167,
				0,
				1,
				2.333,
				0,
				2.5,
				0,
				2.667,
				0
			]
		},
		{
			"Target": "Parameter",
			"Id": "ParamRA",
			"Segments": [
				0,
				0,
				1,
				0.056,
				0,
				0.111,
				-11.54,
				0.167,
				-11.54,
				1,
				0.244,
				-11.54,
				0.322,
				30,
				0.4,
				30,
				1,
				0.489,
				30,
				0.578,
				19.771,
				0.667,
				8,
				1,
				0.767,
				-5.243,
				0.867,
				-9,
				0.967,
				-9,
				1,
				1.089,
				-9,
				1.211,
				-5.777,
				1.333,
				0,
				1,
				1.422,
				4.201,
				1.511,
				6,
				1.6,
				6,
				1,
				1.689,
				6,
				1.778,
				4.875,
				1.867,
				3,
				1,
				1.967,
				0.89,
				2.067,
				0,
				2.167,
				0,
				1,
				2.333,
				0,
				2.5,
				0,
				2.667,
				0
			]
		},
		{
			"Target": "Parameter",
			"Id": "ParamRHand",
			"Segments": [
				0,
				0,
				1,
				0.056,
				0,
				0.111,
				0,
				0.167,
				0,
				1,
				0.244,
				0,
				0.322,
				0,
				0.4,
				0,
				1,
				0.489,
				0,
				0.578,
				0,
				0.667,
				0,
				1,
				0.767,
				0,
				0.867,
				0,
				0.967,
				0,
				1,
				1.089,
				0,
				1.211,
				-3,
				1.333,
				-3,
				1,
				1.422,
				-3,
				1.511,
				0,
				1.6,
				0,
				1,
				1.689,
				0,
				1.778,
				0,
				1.867,
				0,
				1,
				1.967,
				0,
				2.067,
				0,
				2.167,
				0,
				1,
				2.333,
				0,
				2.5,
				0,
				2.667,
				0
			]
		},
		{
			"Target": "Parameter",
			"Id": "ParamRHand0",
			"Segments": [
				0,
				0,
				1,
				0.056,
				0,
				0.111,
				-0.2,
				0.167,
				-0.2,
				1,
				0.244,
				-0.2,
				0.322,
				0,
				0.4,
				0,
				1,
				0.489,
				0,
				0.578,
				0,
				0.667,
				0,
				1,
				0.767,
				0,
				0.867,
				0,
				0.967,
				0,
				1,
				1.089,
				0,
				1.211,
				0.3,
				1.333,
				0.3,
				1,
				1.422,
				0.3,
				1.511,
				0,
				1.6,
				0,
				1,
				1.689,
				0,
				1.778,
				0,
				1.867,
				0,
				1,
				1.967,
				0,
				2.067,
				0,
				2.167,
				0,
				1,
				2.333,
				0,
				2.5,
				0,
				2.667,
				0
			]
		},
		{
			"Target": "Parameter",
			"Id": "ParamRHand1",
			"Segments": [
				0,
				0,
				1,
				0.056,
				0,
				0.111,
				0.4,
				0.167,
				0.4,
				1,
				0.244,
				0.4,
				0.322,
				-0.6,
				0.4,
				-0.6,
				1,
				0.489,
				-0.6,
				0.578,
				-0.594,
				0.667,
				-0.5,
				1,
				0.767,
				-0.394,
				0.867,
				-0.184,
				0.967,
				0,
				1,
				0.978,
				0.02,
				0.989,
				1,
				1,
				1,
				1,
				1.111,
				1,
				1.222,
				-0.1,
				1.333,
				-0.1,
				1,
				1.422,
				-0.1,
				1.511,
				0,
				1.6,
				0,
				1,
				1.689,
				0,
				1.778,
				-0.1,
				1.867,
				-0.1,
				1,
				1.967,
				-0.1,
				2.067,
				0,
				2.167,
				0,
				1,
				2.333,
				0,
				2.5,
				0,
				2.667,
				0
			]
		},
		{
			"Target": "Parameter",
			"Id": "ParamRHand2",
			"Segments": [
				0,
				0,
				1,
				0.056,
				0,
				0.111,
				0,
				0.167,
				0,
				1,
				0.244,
				0,
				0.322,
				0.213,
				0.4,
				0.3,
				1,
				0.489,
				0.4,
				0.578,
				0.4,
				0.667,
				0.4,
				1,
				0.767,
				0.4,
				0.867,
				0.238,
				0.967,
				0,
				1,
				1.089,
				-0.29,
				1.211,
				-0.4,
				1.333,
				-0.4,
				1,
				1.422,
				-0.4,
				1.511,
				0,
				1.6,
				0,
				1,
				1.689,
				0,
				1.778,
				0,
				1.867,
				0,
				1,
				1.967,
				0,
				2.067,
				0,
				2.167,
				0,
				1,
				2.333,
				0,
				2.5,
				0,
				2.667,
				0
			]
		},
		{
			"Target": "Parameter",
			"Id": "ParamRHand3",
			"Segments": [
				0,
				0,
				1,
				0.056,
				0,
				0.111,
				0,
				0.167,
				0,
				1,
				0.244,
				0,
				0.322,
				-0.121,
				0.4,
				-0.2,
				1,
				0.489,
				-0.29,
				0.578,
				-0.3,
				0.667,
				-0.3,
				1,
				0.767,
				-0.3,
				0.867,
				0,
				0.967,
				0,
				1,
				1.089,
				0,
				1.211,
				0,
				1.333,
				0,
				1,
				1.422,
				0,
				1.511,
				0,
				1.6,
				0,
				1,
				1.689,
				0,
				1.778,
				-0.1,
				1.867,
				-0.1,
				1,
				1.967,
				-0.1,
				2.067,
				0,
				2.167,
				0,
				1,
				2.333,
				0,
				2.5,
				0,
				2.667,
				0
			]
		},
		{
			"Target": "Parameter",
			"Id": "ParamLA",
			"Segments": [
				0,
				0,
				1,
				0.056,
				0,
				0.111,
				18,
				0.167,
				18,
				1,
				0.222,
				18,
				0.278,
				-7,
				0.333,
				-7,
				1,
				0.456,
				-7,
				0.578,
				6,
				0.7,
				6,
				1,
				0.878,
				6,
				1.056,
				-2,
				1.233,
				-2,
				1,
				1.444,
				-2,
				1.656,
				0,
				1.867,
				0,
				1,
				2.133,
				0,
				2.4,
				0,
				2.667,
				0
			]
		},
		{
			"Target": "Parameter",
			"Id": "ParamLHand1",
			"Segments": [
				0,
				0,
				1,
				0.056,
				0,
				0.111,
				-0.3,
				0.167,
				-0.3,
				1,
				0.289,
				-0.3,
				0.411,
				0.1,
				0.533,
				0.1,
				1,
				0.722,
				0.1,
				0.911,
				-0.073,
				1.1,
				-0.073,
				1,
				1.278,
				-0.073,
				1.456,
				0.019,
				1.633,
				0.019,
				1,
				1.778,
				0.019,
				1.922,
				0,
				2.067,
				0,
				1,
				2.267,
				0,
				2.467,
				0.018,
				2.667,
				0.018
			]
		},
		{
			"Target": "Parameter",
			"Id": "ParamLHand2",
			"Segments": [
				0,
				0,
				1,
				0.056,
				0,
				0.111,
				-0.3,
				0.167,
				-0.3,
				1,
				0.289,
				-0.3,
				0.411,
				0.1,
				0.533,
				0.1,
				1,
				0.722,
				0.1,
				0.911,
				-0.073,
				1.1,
				-0.073,
				1,
				1.278,
				-0.073,
				1.456,
				0.019,
				1.633,
				0.019,
				1,
				1.778,
				0.019,
				1.922,
				0,
				2.067,
				0,
				1,
				2.267,
				0,
				2.467,
				0.018,
				2.667,
				0.018
			]
		},
		{
			"Target": "Parameter",
			"Id": "ParamLHand3",
			"Segments": [
				0,
				0,
				1,
				0.056,
				0,
				0.111,
				-0.3,
				0.167,
				-0.3,
				1,
				0.289,
				-0.3,
				0.411,
				0.1,
				0.533,
				0.1,
				1,
				0.722,
				0.1,
				0.911,
				-0.073,
				1.1,
				-0.073,
				1,
				1.278,
				-0.073,
				1.456,
				0.019,
				1.633,
				0.019,
				1,
				1.778,
				0.019,
				1.922,
				0,
				2.067,
				0,
				1,
				2.267,
				0,
				2.467,
				0.018,
				2.667,
				0.018
			]
		},
		{
			"Target": "Parameter",
			"Id": "ParamLHand4",
			"Segments": [
				0,
				0,
				1,
				0.056,
				0,
				0.111,
				-0.3,
				0.167,
				-0.3,
				1,
				0.289,
				-0.3,
				0.411,
				0.1,
				0.533,
				0.1,
				1,
				0.722,
				0.1,
				0.911,
				-0.073,
				1.1,
				-0.073,
				1,
				1.278,
				-0.073,
				1.456,
				0.019,
				1.633,
				0.019,
				1,
				1.778,
				0.019,
				1.922,
				0,
				2.067,
				0,
				1,
				2.267,
				0,
				2.467,
				0.018,
				2.667,
				0.018
			]
		},
		{
			"Target": "Parameter",
			"Id": "ParamAngleX",
			"Segments": [
				0,
				0,
				1,
				0.089,
				0,
				0.178,
				-7.94,
				0.267,
				-7.94,
				1,
				0.356,
				-7.94,
				0.444,
				2.06,
				0.533,
				2.06,
				1,
				0.678,
				2.06,
				0.822,
				-4.94,
				0.967,
				-4.94,
				1,
				1.178,
				-4.94,
				1.389,
				4.06,
				1.6,
				4.06,
				1,
				1.778,
				4.06,
				1.956,
				-2.94,
				2.133,
				-2.94,
				1,
				2.311,
				-2.94,
				2.489,
				0,
				2.667,
				0
			]
		},
		{
			"Target": "Parameter",
			"Id": "ParamAngleY",
			"Segments": [
				0,
				0,
				1,
				0.089,
				0,
				0.178,
				-10,
				0.267,
				-10,
				1,
				0.356,
				-10,
				0.444,
				12,
				0.533,
				12,
				1,
				0.678,
				12,
				0.822,
				-8,
				0.967,
				-8,
				1,
				1.178,
				-8,
				1.389,
				4,
				1.6,
				4,
				1,
				1.778,
				4,
				1.956,
				-2,
				2.133,
				-2,
				1,
				2.311,
				-2,
				2.489,
				0,
				2.667,
				0
			]
		},
		{
			"Target": "Parameter",
			"Id": "ParamAngleZ",
			"Segments": [
				0,
				0,
				1,
				0.078,
				0,
				0.156,
				-8,
				0.233,
				-8,
				1,
				0.322,
				-8,
				0.411,
				4,
				0.5,
				4,
				1,
				0.644,
				4,
				0.789,
				-4,
				0.933,
				-4,
				1,
				1.144,
				-4,
				1.356,
				2,
				1.567,
				2,
				1,
				1.744,
				2,
				1.922,
				-1,
				2.1,
				-1,
				1,
				2.289,
				-1,
				2.478,
				-0.03,
				2.667,
				-0.03
			]
		},
		{
			"Target": "Parameter",
			"Id": "ParamEyeLOpen",
			"Segments": [
				0,
				1,
				1,
				0.056,
				1,
				0.111,
				0,
				0.167,
				0,
				1,
				0.256,
				0,
				0.344,
				0.9,
				0.433,
				0.9,
				1,
				0.611,
				0.9,
				0.789,
				0.7,
				0.967,
				0.7,
				1,
				1.133,
				0.7,
				1.3,
				0.9,
				1.467,
				0.9,
				1,
				1.633,
				0.9,
				1.8,
				0.9,
				1.967,
				0.9,
				0,
				2.667,
				0.9
			]
		},
		{
			"Target": "Parameter",
			"Id": "ParamEyeLSmile",
			"Segments": [
				0,
				0,
				0,
				2.667,
				0
			]
		},
		{
			"Target": "Parameter",
			"Id": "ParamEyeROpen",
			"Segments": [
				0,
				1,
				1,
				0.056,
				1,
				0.111,
				0,
				0.167,
				0,
				1,
				0.256,
				0,
				0.344,
				0.9,
				0.433,
				0.9,
				1,
				0.611,
				0.9,
				0.789,
				0.7,
				0.967,
				0.7,
				1,
				1.133,
				0.7,
				1.3,
				0.9,
				1.467,
				0.9,
				1,
				1.633,
				0.9,
				1.8,
				0.9,
				1.967,
				0.9,
				0,
				2.667,
				0.9
			]
		},
		{
			"Target": "Parameter",
			"Id": "ParamEyeRSmile",
			"Segments": [
				0,
				0,
				0,
				2.667,
				0
			]
		},
		{
			"Target": "Parameter",
			"Id": "ParamEyeBallX",
			"Segments": [
				0,
				0,
				0,
				2.667,
				0
			]
		},
		{
			"Target": "Parameter",
			"Id": "ParamEyeBallY",
			"Segments": [
				0,
				0,
				0,
				2.667,
				0
			]
		},
		{
			"Target": "Parameter",
			"Id": "ParamBrowY",
			"Segments": [
				0,
				0,
				0,
				2.667,
				0
			]
		},
		{
			"Target": "Parameter",
			"Id": "ParamBrowAngle",
			"Segments": [
				0,
				0,
				1,
				0.056,
				0,
				0.111,
				-0.3,
				0.167,
				-0.3,
				1,
				0.311,
				-0.3,
				0.456,
				-0.281,
				0.6,
				-0.2,
				1,
				0.8,
				-0.088,
				1,
				0,
				1.2,
				0,
				0,
				2.667,
				0
			]
		},
		{
			"Target": "Parameter",
			"Id": "ParamBrowForm",
			"Segments": [
				0,
				0,
				1,
				0.056,
				0,
				0.111,
				-0.8,
				0.167,
				-0.8,
				1,
				0.311,
				-0.8,
				0.456,
				-0.794,
				0.6,
				-0.6,
				1,
				0.8,
				-0.331,
				1,
				0,
				1.2,
				0,
				0,
				2.667,
				0
			]
		},
		{
			"Target": "Parameter",
			"Id": "ParamMouthForm",
			"Segments": [
				0,
				0,
				1,
				0.056,
				0,
				0.111,
				0,
				0.167,
				0,
				1,
				0.256,
				0,
				0.344,
				1,
				0.433,
				1,
				1,
				0.6,
				1,
				0.767,
				0,
				0.933,
				0,
				1,
				1.156,
				0,
				1.378,
				0.6,
				1.6,
				0.6,
				1,
				1.811,
				0.6,
				2.022,
				-0.1,
				2.233,
				-0.1,
				0,
				2.667,
				-0.1
			]
		},
		{
			"Target": "Parameter",
			"Id": "ParamMouthOpenY",
			"Segments": [
				0,
				0,
				1,
				0.056,
				0,
				0.111,
				0,
				0.167,
				0,
				1,
				0.256,
				0,
				0.344,
				1,
				0.433,
				1,
				1,
				0.6,
				1,
				0.767,
				0,
				0.933,
				0,
				0,
				2.667,
				0
			]
		},
		{
			"Target": "Parameter",
			"Id": "ParamCheek",
			"Segments": [
				0,
				0,
				1,
				0.078,
				0,
				0.156,
				1,
				0.233,
				1,
				0,
				2.667,
				1
			]
		},
		{
			"Target": "Parameter",
			"Id": "ParamBodyAngleX",
			"Segments": [
				0,
				0,
				1,
				0.056,
				0,
				0.111,
				-4,
				0.167,
				-4,
				1,
				0.256,
				-4,
				0.344,
				7,
				0.433,
				7,
				1,
				0.578,
				7,
				0.722,
				-1.46,
				0.867,
				-1.46,
				1,
				1.078,
				-1.46,
				1.289,
				1,
				1.5,
				1,
				1,
				1.678,
				1,
				1.856,
				-0.62,
				2.033,
				-0.62,
				1,
				2.244,
				-0.62,
				2.456,
				0,
				2.667,
				0
			]
		},
		{
			"Target": "Parameter",
			"Id": "ParamBodyAngleY",
			"Segments": [
				0,
				0,
				1,
				0.056,
				0,
				0.111,
				-2,
				0.167,
				-2,
				1,
				0.256,
				-2,
				0.344,
				4,
				0.433,
				4,
				1,
				0.578,
				4,
				0.722,
				-1.7,
				0.867,
				-1.7,
				1,
				1.078,
				-1.7,
				1.289,
				1,
				1.5,
				1,
				1,
				1.678,
				1,
				1.856,
				0.654,
				2.033,
				0.38,
				1,
				2.244,
				0.055,
				2.456,
				0,
				2.667,
				0
			]
		},
		{
			"Target": "Parameter",
			"Id": "ParamBodyAngleZ",
			"Segments": [
				0,
				0,
				1,
				0.056,
				0,
				0.111,
				-2,
				0.167,
				-2,
				1,
				0.256,
				-2,
				0.344,
				2,
				0.433,
				2,
				1,
				0.578,
				2,
				0.722,
				1.523,
				0.867,
				1,
				1,
				1.078,
				0.235,
				1.289,
				0,
				1.5,
				0,
				1,
				1.678,
				0,
				1.856,
				0,
				2.033,
				0,
				0,
				2.667,
				0
			]
		},
		{
			"Target": "Parameter",
			"Id": "ParamBreat",
			"Segments": [
				0,
				0,
				1,
				0.056,
				0,
				0.111,
				0,
				0.167,
				0,
				1,
				0.278,
				0,
				0.389,
				1,
				0.5,
				1,
				1,
				0.633,
				1,
				0.767,
				0,
				0.9,
				0,
				1,
				1.156,
				0,
				1.411,
				0.635,
				1.667,
				0.635,
				1,
				2,
				0.635,
				2.333,
				0.5,
				2.667,
				0.5
			]
		},
		{
			"Target": "Parameter",
			"Id": "ParamHairFront",
			"Segments": [
				0,
				0,
				1,
				0.056,
				0,
				0.111,
				0.5,
				0.167,
				0.5,
				1,
				0.256,
				0.5,
				0.344,
				-0.4,
				0.433,
				-0.4,
				1,
				0.578,
				-0.4,
				0.722,
				0.5,
				0.867,
				0.5,
				1,
				1.078,
				0.5,
				1.289,
				-0.2,
				1.5,
				-0.2,
				1,
				1.678,
				-0.2,
				1.856,
				0.1,
				2.033,
				0.1,
				1,
				2.244,
				0.1,
				2.456,
				0,
				2.667,
				0
			]
		},
		{
			"Target": "Parameter",
			"Id": "ParamHairSide",
			"Segments": [
				0,
				0,
				1,
				0.056,
				0,
				0.111,
				0.5,
				0.167,
				0.5,
				1,
				0.256,
				0.5,
				0.344,
				-0.4,
				0.433,
				-0.4,
				1,
				0.578,
				-0.4,
				0.722,
				0.4,
				0.867,
				0.4,
				1,
				1.078,
				0.4,
				1.289,
				-0.2,
				1.5,
				-0.2,
				1,
				1.678,
				-0.2,
				1.856,
				0.1,
				2.033,
				0.1,
				1,
				2.244,
				0.1,
				2.456,
				0.01,
				2.667,
				0.01
			]
		},
		{
			"Target": "Parameter",
			"Id": "ParamHairBack",
			"Segments": [
				0,
				0,
				1,
				0.056,
				0,
				0.111,
				0.6,
				0.167,
				0.6,
				1,
				0.256,
				0.6,
				0.344,
				-0.4,
				0.433,
				-0.4,
				1,
				0.578,
				-0.4,
				0.722,
				0.5,
				0.867,
				0.5,
				1,
				1.078,
				0.5,
				1.289,
				-0.2,
				1.5,
				-0.2,
				1,
				1.678,
				-0.2,
				1.856,
				0.1,
				2.033,
				0.1,
				1,
				2.244,
				0.1,
				2.456,
				0.01,
				2.667,
				0.01
			]
		},
		{
			"Target": "Parameter",
			"Id": "ParamHairWind",
			"Segments": [
				0,
				0,
				1,
				0.056,
				0,
				0.111,
				0.4,
				0.167,
				0.4,
				1,
				0.333,
				0.4,
				0.5,
				-0.3,
				0.667,
				-0.3,
				1,
				0.789,
				-0.3,
				0.911,
				0.2,
				1.033,
				0.2,
				1,
				1.189,
				0.2,
				1.344,
				-0.1,
				1.5,
				-0.1,
				1,
				1.678,
				-0.1,
				1.856,
				-0.01,
				2.033,
				0,
				1,
				2.244,
				0.011,
				2.456,
				0.01,
				2.667,
				0.01
			]
		},
		{
			"Target": "Parameter",
			"Id": "ParamClothX",
			"Segments": [
				0,
				0,
				1,
				0.056,
				0,
				0.111,
				-3,
				0.167,
				-3,
				1,
				0.3,
				-3,
				0.433,
				-3,
				0.567,
				-3,
				1,
				0.656,
				-3,
				0.744,
				1,
				0.833,
				1,
				1,
				0.933,
				1,
				1.033,
				0.823,
				1.133,
				0,
				1,
				1.267,
				-1.097,
				1.4,
				-2,
				1.533,
				-2,
				1,
				1.733,
				-2,
				1.933,
				0,
				2.133,
				0,
				1,
				2.311,
				0,
				2.489,
				-0.1,
				2.667,
				-0.1
			]
		},
		{
			"Target": "Parameter",
			"Id": "ParamClothY",
			"Segments": [
				0,
				0,
				1,
				0.056,
				0,
				0.111,
				2,
				0.167,
				2,
				1,
				0.3,
				2,
				0.433,
				-11,
				0.567,
				-11,
				1,
				0.656,
				-11,
				0.744,
				-8.706,
				0.833,
				-4,
				1,
				0.933,
				1.294,
				1.033,
				4,
				1.133,
				4,
				1,
				1.267,
				4,
				1.4,
				2.605,
				1.533,
				2,
				1,
				1.733,
				1.093,
				1.933,
				0.254,
				2.133,
				0,
				1,
				2.311,
				-0.226,
				2.489,
				-0.2,
				2.667,
				-0.2
			]
		},
		{
			"Target": "Parameter",
			"Id": "ParamYears",
			"Segments": [
				0,
				0,
				1,
				0.056,
				0,
				0.111,
				13,
				0.167,
				13,
				1,
				0.289,
				13,
				0.411,
				-15,
				0.533,
				-15,
				1,
				0.678,
				-15,
				0.822,
				15,
				0.967,
				15,
				1,
				1.178,
				15,
				1.389,
				-5,
				1.6,
				-5,
				1,
				1.778,
				-5,
				1.956,
				3,
				2.133,
				3,
				1,
				2.311,
				3,
				2.489,
				0,
				2.667,
				0
			]
		},
		{
			"Target": "Parameter",
			"Id": "ParamHairs",
			"Segments": [
				0,
				0,
				1,
				0.056,
				0,
				0.111,
				20,
				0.167,
				20,
				1,
				0.289,
				20,
				0.411,
				-15,
				0.533,
				-15,
				1,
				0.678,
				-15,
				0.822,
				15,
				0.967,
				15,
				1,
				1.178,
				15,
				1.389,
				-6,
				1.6,
				-6,
				1,
				1.778,
				-6,
				1.956,
				3,
				2.133,
				3,
				1,
				2.311,
				3,
				2.489,
				0,
				2.667,
				0
			]
		},
		{
			"Target": "Parameter",
			"Id": "ParamBg",
			"Segments": [
				0,
				0,
				1,
				0.056,
				0,
				0.111,
				0,
				0.167,
				0,
				1,
				0.2,
				0,
				0.233,
				0.3,
				0.267,
				0.3,
				1,
				0.333,
				0.3,
				0.4,
				0,
				0.467,
				0,
				1,
				0.533,
				0,
				0.6,
				0.2,
				0.667,
				0.2,
				1,
				0.767,
				0.2,
				0.867,
				0,
				0.967,
				0,
				1,
				1.267,
				0,
				1.567,
				0.1,
				1.867,
				0.1,
				0,
				2.667,
				0.1
			]
		},
		{
			"Target": "Parameter",
			"Id": "Param_Angle_Rotation65",
			"Segments": [
				0,
				-6.92,
				1,
				0.067,
				-6.92,
				0.133,
				1.075,
				0.2,
				1.075,
				1,
				0.289,
				1.075,
				0.378,
				-14.925,
				0.467,
				-14.925,
				1,
				0.622,
				-14.925,
				0.778,
				-0.925,
				0.933,
				-0.925,
				1,
				1.122,
				-0.925,
				1.311,
				-8.925,
				1.5,
				-8.925,
				1,
				1.667,
				-8.925,
				1.833,
				-5.925,
				2,
				-5.925,
				1,
				2.111,
				-5.925,
				2.222,
				-6.92,
				2.333,
				-6.92,
				1,
				2.444,
				-6.92,
				2.556,
				-0.17,
				2.667,
				-0.17
			]
		},
		{
			"Target": "Parameter",
			"Id": "Param_Angle_Rotation66",
			"Segments": [
				0,
				-2.08,
				0,
				2.667,
				-2.08
			]
		},
		{
			"Target": "Parameter",
			"Id": "Param_Angle_Rotation68",
			"Segments": [
				0,
				-1.39,
				0,
				0.067,
				-1.39,
				1,
				0.133,
				-1.39,
				0.2,
				5.254,
				0.267,
				5.254,
				1,
				0.356,
				5.254,
				0.444,
				-7.746,
				0.533,
				-7.746,
				1,
				0.689,
				-7.746,
				0.844,
				4.254,
				1,
				4.254,
				1,
				1.189,
				4.254,
				1.378,
				-5.746,
				1.567,
				-5.746,
				1,
				1.733,
				-5.746,
				1.9,
				-0.746,
				2.067,
				-0.746,
				1,
				2.178,
				-0.746,
				2.289,
				-1.39,
				2.4,
				-1.39,
				1,
				2.489,
				-1.39,
				2.578,
				-0.21,
				2.667,
				-0.21
			]
		},
		{
			"Target": "Parameter",
			"Id": "Param_Angle_Rotation69",
			"Segments": [
				0,
				-4.1,
				0,
				0.1,
				-4.1,
				1,
				0.178,
				-4.1,
				0.256,
				3.647,
				0.333,
				3.647,
				1,
				0.422,
				3.647,
				0.511,
				-10.353,
				0.6,
				-10.353,
				1,
				0.756,
				-10.353,
				0.911,
				1.647,
				1.067,
				1.647,
				1,
				1.256,
				1.647,
				1.444,
				-8.353,
				1.633,
				-8.353,
				1,
				1.8,
				-8.353,
				1.967,
				-3.353,
				2.133,
				-3.353,
				1,
				2.244,
				-3.353,
				2.356,
				-4.1,
				2.467,
				-4.1,
				1,
				2.533,
				-4.1,
				2.6,
				-2.5,
				2.667,
				-2.5
			]
		},
		{
			"Target": "Parameter",
			"Id": "Param_Angle_Rotation71",
			"Segments": [
				0,
				-0.24,
				0,
				2.667,
				-0.24
			]
		},
		{
			"Target": "Parameter",
			"Id": "Param_Angle_Rotation72",
			"Segments": [
				0,
				0,
				1,
				0.067,
				0,
				0.133,
				1,
				0.2,
				1,
				1,
				0.289,
				1,
				0.378,
				0.813,
				0.467,
				0.1,
				1,
				0.622,
				-1.148,
				0.778,
				-2,
				0.933,
				-2,
				1,
				1.144,
				-2,
				1.356,
				0.097,
				1.567,
				0.097,
				1,
				1.711,
				0.097,
				1.856,
				0.065,
				2,
				0.04,
				1,
				2.111,
				0.021,
				2.222,
				0.026,
				2.333,
				0,
				1,
				2.444,
				-0.026,
				2.556,
				-2.92,
				2.667,
				-2.92
			]
		},
		{
			"Target": "Parameter",
			"Id": "Param_Angle_Rotation73",
			"Segments": [
				0,
				-1.606,
				0,
				0.067,
				-1.606,
				1,
				0.133,
				-1.606,
				0.2,
				4.9,
				0.267,
				4.9,
				1,
				0.356,
				4.9,
				0.444,
				-7.1,
				0.533,
				-7.1,
				1,
				0.689,
				-7.1,
				0.844,
				5.9,
				1,
				5.9,
				1,
				1.189,
				5.9,
				1.378,
				-3.1,
				1.567,
				-3.1,
				1,
				1.733,
				-3.1,
				1.9,
				-0.1,
				2.067,
				-0.1,
				1,
				2.178,
				-0.1,
				2.289,
				-0.067,
				2.4,
				-1.16,
				1,
				2.489,
				-2.034,
				2.578,
				-6.12,
				2.667,
				-6.12
			]
		},
		{
			"Target": "Parameter",
			"Id": "Param_Angle_Rotation50",
			"Segments": [
				0,
				-6.282,
				0,
				0.2,
				-6.282,
				1,
				0.267,
				-6.282,
				0.333,
				-12.282,
				0.4,
				-12.282,
				1,
				0.489,
				-12.282,
				0.578,
				-0.282,
				0.667,
				-0.282,
				1,
				0.822,
				-0.282,
				0.978,
				-10.282,
				1.133,
				-10.282,
				1,
				1.322,
				-10.282,
				1.511,
				-3.282,
				1.7,
				-3.282,
				1,
				1.867,
				-3.282,
				2.033,
				-7.282,
				2.2,
				-7.282,
				1,
				2.311,
				-7.282,
				2.422,
				-7.251,
				2.533,
				-6.92,
				1,
				2.578,
				-6.788,
				2.622,
				0.76,
				2.667,
				0.76
			]
		},
		{
			"Target": "Parameter",
			"Id": "Param_Angle_Rotation51",
			"Segments": [
				0,
				2.92,
				0,
				2.667,
				2.92
			]
		},
		{
			"Target": "Parameter",
			"Id": "Param_Angle_Rotation52",
			"Segments": [
				0,
				0,
				1,
				0.067,
				0,
				0.133,
				4,
				0.2,
				4,
				1,
				0.289,
				4,
				0.378,
				3.205,
				0.467,
				2,
				1,
				0.622,
				-0.109,
				0.778,
				-1,
				0.933,
				-1,
				1,
				1.144,
				-1,
				1.356,
				0.124,
				1.567,
				0.124,
				1,
				1.822,
				0.124,
				2.078,
				0,
				2.333,
				0,
				1,
				2.444,
				0,
				2.556,
				7.72,
				2.667,
				7.72
			]
		},
		{
			"Target": "Parameter",
			"Id": "Param_Angle_Rotation54",
			"Segments": [
				0,
				-4.836,
				0,
				0.133,
				-4.836,
				1,
				0.189,
				-4.836,
				0.244,
				3.164,
				0.3,
				3.164,
				1,
				0.389,
				3.164,
				0.478,
				-8.836,
				0.567,
				-8.836,
				1,
				0.722,
				-8.836,
				0.878,
				0.164,
				1.033,
				0.164,
				1,
				1.222,
				0.164,
				1.411,
				-4.836,
				1.6,
				-4.836,
				1,
				1.767,
				-4.836,
				1.933,
				-3.836,
				2.1,
				-3.836,
				1,
				2.222,
				-3.836,
				2.344,
				-4.1,
				2.467,
				-4.1,
				1,
				2.533,
				-4.1,
				2.6,
				0.76,
				2.667,
				0.76
			]
		},
		{
			"Target": "Parameter",
			"Id": "Param_Angle_Rotation55",
			"Segments": [
				0,
				-6.92,
				0,
				0.167,
				-6.92,
				1,
				0.233,
				-6.92,
				0.3,
				0.612,
				0.367,
				0.612,
				1,
				0.456,
				0.612,
				0.544,
				-11.388,
				0.633,
				-11.388,
				1,
				0.789,
				-11.388,
				0.944,
				-2.388,
				1.1,
				-2.388,
				1,
				1.289,
				-2.388,
				1.478,
				-7.388,
				1.667,
				-7.388,
				1,
				1.833,
				-7.388,
				2,
				-6.388,
				2.167,
				-6.388,
				1,
				2.289,
				-6.388,
				2.411,
				-6.92,
				2.533,
				-6.92,
				1,
				2.578,
				-6.92,
				2.622,
				3.5,
				2.667,
				3.5
			]
		},
		{
			"Target": "Parameter",
			"Id": "Param_Angle_Rotation56",
			"Segments": [
				0,
				5.79,
				0,
				2.667,
				5.79
			]
		},
		{
			"Target": "Parameter",
			"Id": "Param_Angle_Rotation58",
			"Segments": [
				0,
				-1.655,
				0,
				0.067,
				-1.655,
				1,
				0.133,
				-1.655,
				0.2,
				6.607,
				0.267,
				6.607,
				1,
				0.356,
				6.607,
				0.444,
				-9.393,
				0.533,
				-9.393,
				1,
				0.689,
				-9.393,
				0.844,
				1.607,
				1,
				1.607,
				1,
				1.189,
				1.607,
				1.378,
				-2.393,
				1.567,
				-2.393,
				1,
				1.733,
				-2.393,
				1.9,
				-0.393,
				2.067,
				-0.393,
				1,
				2.178,
				-0.393,
				2.289,
				-1.16,
				2.4,
				-1.16,
				1,
				2.489,
				-1.16,
				2.578,
				1.13,
				2.667,
				1.13
			]
		},
		{
			"Target": "Parameter",
			"Id": "Param_Angle_Rotation59",
			"Segments": [
				0,
				-4.1,
				0,
				0.067,
				-4.1,
				1,
				0.133,
				-4.1,
				0.2,
				2.821,
				0.267,
				2.821,
				1,
				0.356,
				2.821,
				0.444,
				-12.179,
				0.533,
				-12.179,
				1,
				0.689,
				-12.179,
				0.844,
				-1.179,
				1,
				-1.179,
				1,
				1.189,
				-1.179,
				1.378,
				-5.179,
				1.567,
				-5.179,
				1,
				1.733,
				-5.179,
				1.9,
				-3.179,
				2.067,
				-3.179,
				1,
				2.2,
				-3.179,
				2.333,
				-4.1,
				2.467,
				-4.1,
				1,
				2.533,
				-4.1,
				2.6,
				3.5,
				2.667,
				3.5
			]
		},
		{
			"Target": "Parameter",
			"Id": "Param_Angle_Rotation61",
			"Segments": [
				0,
				0.63,
				0,
				2.667,
				0.63
			]
		},
		{
			"Target": "Parameter",
			"Id": "Param_Angle_Rotation62",
			"Segments": [
				0,
				0,
				1,
				0.067,
				0,
				0.133,
				2,
				0.2,
				2,
				1,
				0.444,
				2,
				0.689,
				-3,
				0.933,
				-3,
				1,
				1.122,
				-3,
				1.311,
				1,
				1.5,
				1,
				1,
				1.778,
				1,
				2.056,
				0,
				2.333,
				0,
				1,
				2.444,
				0,
				2.556,
				3.5,
				2.667,
				3.5
			]
		},
		{
			"Target": "Parameter",
			"Id": "Param_Angle_Rotation63",
			"Segments": [
				0,
				-2.802,
				1,
				0.067,
				-2.802,
				0.133,
				5.91,
				0.2,
				5.91,
				1,
				0.289,
				5.91,
				0.378,
				-9.09,
				0.467,
				-9.09,
				1,
				0.622,
				-9.09,
				0.778,
				2.91,
				0.933,
				2.91,
				1,
				1.122,
				2.91,
				1.311,
				-4.09,
				1.5,
				-4.09,
				1,
				1.667,
				-4.09,
				1.833,
				-1.09,
				2,
				-1.09,
				1,
				2.111,
				-1.09,
				2.222,
				-1.62,
				2.333,
				-1.62,
				1,
				2.444,
				-1.62,
				2.556,
				5.79,
				2.667,
				5.79
			]
		}
	]
}