{
	"Version": 3,
	"Meta": {
		"Duration": 3.1,
		"Fps": 30.0,
		"Loop": true,
		"AreBeziersRestricted": false,
		"CurveCount": 75,
		"TotalSegmentCount": 442,
		"TotalPointCount": 1325,
		"UserDataCount": 0,
		"TotalUserDataSize": 0
	},
	"Curves": [
		{
			"Target": "Parameter",
			"Id": "ParamLegL1in",
			"Segments": [
				0,
				0,
				1,
				0.189,
				0,
				0.378,
				30,
				0.567,
				30,
				1,
				0.933,
				30,
				1.3,
				-30,
				1.667,
				-30,
				1,
				1.878,
				-30,
				2.089,
				-30.347,
				2.3,
				-29,
				1,
				2.556,
				-27.37,
				2.811,
				0,
				3.067,
				0,
				0,
				3.1,
				0
			]
		},
		{
			"Target": "Parameter",
			"Id": "ParamLegL1",
			"Segments": [
				0,
				0,
				1,
				0.189,
				0,
				0.378,
				0,
				0.567,
				0,
				1,
				0.933,
				0,
				1.3,
				-2,
				1.667,
				-2,
				1,
				1.878,
				-2,
				2.089,
				1,
				2.3,
				1,
				1,
				2.556,
				1,
				2.811,
				0,
				3.067,
				0,
				0,
				3.1,
				0
			]
		},
		{
			"Target": "Parameter",
			"Id": "ParamLegL2",
			"Segments": [
				0,
				0,
				1,
				0.189,
				0,
				0.378,
				-3,
				0.567,
				-3,
				1,
				0.933,
				-3,
				1.3,
				4,
				1.667,
				4,
				1,
				1.878,
				4,
				2.089,
				-2,
				2.3,
				-2,
				1,
				2.556,
				-2,
				2.811,
				0,
				3.067,
				0,
				0,
				3.1,
				0
			]
		},
		{
			"Target": "Parameter",
			"Id": "ParamLegR1in",
			"Segments": [
				0,
				0,
				1,
				0.189,
				0,
				0.378,
				30,
				0.567,
				30,
				1,
				0.933,
				30,
				1.3,
				-30,
				1.667,
				-30,
				1,
				1.878,
				-30,
				2.089,
				-30,
				2.3,
				-30,
				1,
				2.556,
				-30,
				2.811,
				0,
				3.067,
				0,
				0,
				3.1,
				0
			]
		},
		{
			"Target": "Parameter",
			"Id": "ParamLegR1",
			"Segments": [
				0,
				0,
				1,
				0.189,
				0,
				0.378,
				-6,
				0.567,
				-6,
				1,
				0.933,
				-6,
				1.3,
				1,
				1.667,
				1,
				1,
				1.878,
				1,
				2.089,
				1,
				2.3,
				1,
				1,
				2.556,
				1,
				2.811,
				0,
				3.067,
				0,
				0,
				3.1,
				0
			]
		},
		{
			"Target": "Parameter",
			"Id": "ParamLegR2",
			"Segments": [
				0,
				0,
				1,
				0.189,
				0,
				0.378,
				-10,
				0.567,
				-10,
				1,
				0.933,
				-10,
				1.3,
				2,
				1.667,
				2,
				1,
				1.878,
				2,
				2.089,
				-2,
				2.3,
				-2,
				1,
				2.556,
				-2,
				2.811,
				0,
				3.067,
				0,
				0,
				3.1,
				0
			]
		},
		{
			"Target": "Parameter",
			"Id": "ParamPaiX",
			"Segments": [
				0,
				0,
				1,
				0.033,
				0,
				0.067,
				0,
				0.1,
				0,
				1,
				0.189,
				0,
				0.278,
				-13.229,
				0.367,
				-13.229,
				1,
				0.489,
				-13.229,
				0.611,
				12.576,
				0.733,
				16.02,
				1,
				0.822,
				18.524,
				0.911,
				18.02,
				1,
				18.02,
				1,
				1.078,
				18.02,
				1.156,
				3.891,
				1.233,
				-10,
				1,
				1.289,
				-19.922,
				1.344,
				-21.104,
				1.4,
				-21.104,
				1,
				1.478,
				-21.104,
				1.556,
				-15.143,
				1.633,
				-10,
				1,
				1.7,
				-5.592,
				1.767,
				-3.703,
				1.833,
				0,
				1,
				1.933,
				5.555,
				2.033,
				9.02,
				2.133,
				9.02,
				1,
				2.2,
				9.02,
				2.267,
				9.026,
				2.333,
				7.02,
				1,
				2.411,
				4.679,
				2.489,
				0,
				2.567,
				0,
				0,
				3.1,
				0
			]
		},
		{
			"Target": "Parameter",
			"Id": "ParamPaiY",
			"Segments": [
				0,
				0,
				1,
				0.033,
				0,
				0.067,
				0,
				0.1,
				0,
				1,
				0.189,
				0,
				0.278,
				-4.329,
				0.367,
				-16.379,
				1,
				0.422,
				-23.909,
				0.478,
				-30,
				0.533,
				-30,
				1,
				0.689,
				-30,
				0.844,
				3.019,
				1,
				22.02,
				1,
				1.078,
				31.52,
				1.156,
				30,
				1.233,
				30,
				1,
				1.3,
				30,
				1.367,
				16.243,
				1.433,
				7.02,
				1,
				1.5,
				-2.203,
				1.567,
				-10.163,
				1.633,
				-13.229,
				1,
				1.7,
				-16.295,
				1.767,
				-16.379,
				1.833,
				-16.379,
				1,
				1.933,
				-16.379,
				2.033,
				12.02,
				2.133,
				12.02,
				1,
				2.2,
				12.02,
				2.267,
				11.421,
				2.333,
				8.02,
				1,
				2.411,
				4.051,
				2.489,
				0,
				2.567,
				0,
				0,
				3.1,
				0
			]
		},
		{
			"Target": "Parameter",
			"Id": "ParamPaiX2",
			"Segments": [
				0,
				0,
				1,
				0.089,
				0,
				0.178,
				-10,
				0.267,
				-10,
				1,
				0.378,
				-10,
				0.489,
				-6.11,
				0.6,
				8,
				1,
				0.689,
				19.288,
				0.778,
				30,
				0.867,
				30,
				1,
				0.956,
				30,
				1.044,
				-1.507,
				1.133,
				-14.753,
				1,
				1.2,
				-24.688,
				1.267,
				-23.753,
				1.333,
				-23.753,
				1,
				1.411,
				-23.753,
				1.489,
				-23.111,
				1.567,
				-17.753,
				1,
				1.622,
				-13.926,
				1.678,
				5.969,
				1.733,
				7.718,
				1,
				1.822,
				10.515,
				1.911,
				10.718,
				2,
				10.718,
				1,
				2.067,
				10.718,
				2.133,
				10.946,
				2.2,
				9.718,
				1,
				2.289,
				8.08,
				2.378,
				0,
				2.467,
				0,
				0,
				3.1,
				0
			]
		},
		{
			"Target": "Parameter",
			"Id": "ParamPaiY2",
			"Segments": [
				0,
				0,
				1,
				0.089,
				0,
				0.178,
				-2.22,
				0.267,
				-11,
				1,
				0.367,
				-20.878,
				0.467,
				-29.169,
				0.567,
				-29.169,
				1,
				0.667,
				-29.169,
				0.767,
				-9.242,
				0.867,
				10,
				1,
				0.956,
				27.104,
				1.044,
				30,
				1.133,
				30,
				1,
				1.2,
				30,
				1.267,
				22.693,
				1.333,
				8,
				1,
				1.411,
				-9.142,
				1.489,
				-17.753,
				1.567,
				-17.753,
				1,
				1.622,
				-17.753,
				1.678,
				-18.14,
				1.733,
				-16.753,
				1,
				1.822,
				-14.534,
				1.911,
				11.718,
				2,
				11.718,
				1,
				2.067,
				11.718,
				2.133,
				11.718,
				2.2,
				11.718,
				1,
				2.289,
				11.718,
				2.378,
				0,
				2.467,
				0,
				0,
				3.1,
				0
			]
		},
		{
			"Target": "Parameter",
			"Id": "ParamPaiRClothX",
			"Segments": [
				0,
				0,
				1,
				0.056,
				0,
				0.111,
				0,
				0.167,
				0,
				1,
				0.256,
				0,
				0.344,
				-17.208,
				0.433,
				-17.208,
				1,
				0.544,
				-17.208,
				0.656,
				-8.139,
				0.767,
				8,
				1,
				0.856,
				20.911,
				0.944,
				26.46,
				1.033,
				26.46,
				1,
				1.122,
				26.46,
				1.211,
				6.179,
				1.3,
				-15.335,
				1,
				1.344,
				-26.092,
				1.389,
				-26.575,
				1.433,
				-26.575,
				1,
				1.522,
				-26.575,
				1.611,
				-22.28,
				1.7,
				-13.461,
				1,
				1.744,
				-9.052,
				1.789,
				-2.744,
				1.833,
				0,
				1,
				1.933,
				6.173,
				2.033,
				8,
				2.133,
				8,
				1,
				2.222,
				8,
				2.311,
				2.314,
				2.4,
				1,
				1,
				2.478,
				-0.15,
				2.556,
				0,
				2.633,
				0,
				1,
				2.789,
				0,
				2.944,
				0.5,
				3.1,
				0.5
			]
		},
		{
			"Target": "Parameter",
			"Id": "ParamPaiRClothY",
			"Segments": [
				0,
				0,
				1,
				0.056,
				0,
				0.111,
				0,
				0.167,
				0,
				1,
				0.256,
				0,
				0.344,
				-6.621,
				0.433,
				-15.335,
				1,
				0.544,
				-26.227,
				0.656,
				-30,
				0.767,
				-30,
				1,
				0.856,
				-30,
				0.944,
				-6.121,
				1.033,
				11,
				1,
				1.122,
				28.121,
				1.211,
				30,
				1.3,
				30,
				1,
				1.344,
				30,
				1.389,
				21.895,
				1.433,
				12,
				1,
				1.522,
				-7.791,
				1.611,
				-15.335,
				1.7,
				-15.335,
				1,
				1.756,
				-15.335,
				1.811,
				-15.335,
				1.867,
				-15.335,
				1,
				1.967,
				-15.335,
				2.067,
				-9.593,
				2.167,
				-4,
				1,
				2.244,
				0.35,
				2.322,
				1,
				2.4,
				1,
				1,
				2.478,
				1,
				2.556,
				0.49,
				2.633,
				0,
				1,
				2.789,
				-0.981,
				2.944,
				-1.3,
				3.1,
				-1.3
			]
		},
		{
			"Target": "Parameter",
			"Id": "ParamPai2X",
			"Segments": [
				0,
				0,
				1,
				0.033,
				0,
				0.067,
				0,
				0.1,
				0,
				1,
				0.189,
				0,
				0.278,
				-16.826,
				0.367,
				-16.826,
				1,
				0.478,
				-16.826,
				0.589,
				-4.95,
				0.7,
				11,
				1,
				0.778,
				22.165,
				0.856,
				25.033,
				0.933,
				25.033,
				1,
				1.044,
				25.033,
				1.156,
				17.599,
				1.267,
				-5.62,
				1,
				1.311,
				-14.907,
				1.356,
				-27.185,
				1.4,
				-27.185,
				1,
				1.467,
				-27.185,
				1.533,
				-17.31,
				1.6,
				-12.682,
				1,
				1.678,
				-7.283,
				1.756,
				-3.574,
				1.833,
				-1,
				1,
				1.933,
				2.309,
				2.033,
				3,
				2.133,
				3,
				1,
				2.189,
				3,
				2.244,
				2.76,
				2.3,
				2,
				1,
				2.389,
				0.784,
				2.478,
				0,
				2.567,
				0,
				0,
				3.1,
				0
			]
		},
		{
			"Target": "Parameter",
			"Id": "ParamPai2Y",
			"Segments": [
				0,
				0,
				1,
				0.033,
				0,
				0.067,
				0,
				0.1,
				0,
				1,
				0.189,
				0,
				0.278,
				-17.719,
				0.367,
				-23.041,
				1,
				0.478,
				-29.694,
				0.589,
				-30,
				0.7,
				-30,
				1,
				0.789,
				-30,
				0.878,
				-12.641,
				0.967,
				6,
				1,
				1.056,
				24.641,
				1.144,
				29,
				1.233,
				29,
				1,
				1.289,
				29,
				1.344,
				21.935,
				1.4,
				11,
				1,
				1.478,
				-4.309,
				1.556,
				-10.61,
				1.633,
				-10.61,
				1,
				1.7,
				-10.61,
				1.767,
				-8.426,
				1.833,
				-6.467,
				1,
				1.933,
				-3.527,
				2.033,
				-1.787,
				2.133,
				1,
				1,
				2.189,
				2.548,
				2.244,
				4,
				2.3,
				4,
				1,
				2.389,
				4,
				2.478,
				0,
				2.567,
				0,
				0,
				3.1,
				0
			]
		},
		{
			"Target": "Parameter",
			"Id": "ParamPai2X2",
			"Segments": [
				0,
				0,
				1,
				0.089,
				0,
				0.178,
				-12.104,
				0.267,
				-12.104,
				1,
				0.367,
				-12.104,
				0.467,
				-3.058,
				0.567,
				6.641,
				1,
				0.656,
				15.263,
				0.744,
				17.098,
				0.833,
				17.098,
				1,
				0.944,
				17.098,
				1.056,
				10.627,
				1.167,
				-5.37,
				1,
				1.222,
				-13.368,
				1.278,
				-19.304,
				1.333,
				-19.304,
				1,
				1.4,
				-19.304,
				1.467,
				-13.634,
				1.533,
				-8.285,
				1,
				1.589,
				-3.828,
				1.644,
				-0.299,
				1.7,
				2,
				1,
				1.789,
				5.678,
				1.878,
				6.641,
				1.967,
				6.641,
				1,
				2.044,
				6.641,
				2.122,
				3.611,
				2.2,
				2,
				1,
				2.289,
				0.159,
				2.378,
				0,
				2.467,
				0,
				0,
				3.1,
				0
			]
		},
		{
			"Target": "Parameter",
			"Id": "ParamPai2Y2",
			"Segments": [
				0,
				0,
				1,
				0.111,
				0,
				0.222,
				-30,
				0.333,
				-30,
				1,
				0.422,
				-30,
				0.511,
				-23.002,
				0.6,
				-10.664,
				1,
				0.656,
				-2.953,
				0.711,
				4.861,
				0.767,
				11,
				1,
				0.889,
				24.506,
				1.011,
				30,
				1.133,
				30,
				1,
				1.2,
				30,
				1.267,
				24.361,
				1.333,
				11,
				1,
				1.411,
				-4.588,
				1.489,
				-13.544,
				1.567,
				-13.544,
				1,
				1.622,
				-13.544,
				1.678,
				-11.383,
				1.733,
				-9.224,
				1,
				1.811,
				-6.203,
				1.889,
				-3.452,
				1.967,
				-1.458,
				1,
				2.044,
				0.537,
				2.122,
				1,
				2.2,
				1,
				1,
				2.289,
				1,
				2.378,
				0,
				2.467,
				0,
				0,
				3.1,
				0
			]
		},
		{
			"Target": "Parameter",
			"Id": "ParamPaiLClothX",
			"Segments": [
				0,
				0,
				1,
				0.056,
				0,
				0.111,
				0,
				0.167,
				0,
				1,
				0.256,
				0,
				0.344,
				-30,
				0.433,
				-30,
				1,
				0.567,
				-30,
				0.7,
				17.731,
				0.833,
				17.731,
				1,
				0.9,
				17.731,
				0.967,
				15.889,
				1.033,
				11,
				1,
				1.122,
				4.481,
				1.211,
				-2.285,
				1.3,
				-10,
				1,
				1.344,
				-13.858,
				1.389,
				-17.361,
				1.433,
				-17.361,
				1,
				1.522,
				-17.361,
				1.611,
				-15.065,
				1.7,
				-10,
				1,
				1.789,
				-4.935,
				1.878,
				1.816,
				1.967,
				5.707,
				1,
				2.033,
				8.624,
				2.1,
				9.04,
				2.167,
				9.04,
				1,
				2.244,
				9.04,
				2.322,
				-2.446,
				2.4,
				-2.446,
				1,
				2.478,
				-2.446,
				2.556,
				0,
				2.633,
				0,
				1,
				2.789,
				0,
				2.944,
				-0.5,
				3.1,
				-0.5
			]
		},
		{
			"Target": "Parameter",
			"Id": "ParamPaiLClothY",
			"Segments": [
				0,
				0,
				1,
				0.056,
				0,
				0.111,
				0,
				0.167,
				0,
				1,
				0.256,
				0,
				0.344,
				-30,
				0.433,
				-30,
				1,
				0.567,
				-30,
				0.7,
				-24.372,
				0.833,
				-10,
				1,
				0.878,
				-5.209,
				0.922,
				3.21,
				0.967,
				9,
				1,
				1.078,
				23.474,
				1.189,
				30,
				1.3,
				30,
				1,
				1.378,
				30,
				1.456,
				20.218,
				1.533,
				9,
				1,
				1.589,
				0.987,
				1.644,
				-5.738,
				1.7,
				-10,
				1,
				1.756,
				-14.262,
				1.811,
				-14.927,
				1.867,
				-14.927,
				1,
				1.967,
				-14.927,
				2.067,
				-7.678,
				2.167,
				0,
				1,
				2.244,
				5.972,
				2.322,
				7.04,
				2.4,
				7.04,
				1,
				2.478,
				7.04,
				2.556,
				0.473,
				2.633,
				0,
				1,
				2.789,
				-0.946,
				2.944,
				-1,
				3.1,
				-1
			]
		},
		{
			"Target": "Parameter",
			"Id": "ParamRA2",
			"Segments": [
				0,
				0,
				1,
				0.189,
				0,
				0.378,
				-19,
				0.567,
				-19,
				1,
				0.7,
				-19,
				0.833,
				-11.624,
				0.967,
				-2,
				1,
				1.022,
				2.01,
				1.078,
				5.515,
				1.133,
				7,
				1,
				1.356,
				12.942,
				1.578,
				15,
				1.8,
				15,
				1,
				2.056,
				15,
				2.311,
				15,
				2.567,
				15,
				1,
				2.744,
				15,
				2.922,
				0,
				3.1,
				0
			]
		},
		{
			"Target": "Parameter",
			"Id": "ParamRA",
			"Segments": [
				0,
				0,
				1,
				0.189,
				0,
				0.378,
				30,
				0.567,
				30,
				1,
				0.7,
				30,
				0.833,
				16.845,
				0.967,
				-1,
				1,
				1.022,
				-8.435,
				1.078,
				-15.739,
				1.133,
				-18,
				1,
				1.356,
				-27.044,
				1.578,
				-30,
				1.8,
				-30,
				1,
				2.056,
				-30,
				2.311,
				-30,
				2.567,
				-30,
				1,
				2.744,
				-30,
				2.922,
				0,
				3.1,
				0
			]
		},
		{
			"Target": "Parameter",
			"Id": "ParamRHand",
			"Segments": [
				0,
				0,
				1,
				1.033,
				0,
				2.067,
				0,
				3.1,
				0
			]
		},
		{
			"Target": "Parameter",
			"Id": "ParamRHand0",
			"Segments": [
				0,
				0,
				1,
				1.033,
				0,
				2.067,
				0,
				3.1,
				0
			]
		},
		{
			"Target": "Parameter",
			"Id": "ParamRHand1",
			"Segments": [
				0,
				0,
				1,
				1.033,
				0,
				2.067,
				0,
				3.1,
				0
			]
		},
		{
			"Target": "Parameter",
			"Id": "ParamRHand2",
			"Segments": [
				0,
				0,
				1,
				1.033,
				0,
				2.067,
				0,
				3.1,
				0
			]
		},
		{
			"Target": "Parameter",
			"Id": "ParamRHand3",
			"Segments": [
				0,
				0,
				1,
				1.033,
				0,
				2.067,
				0,
				3.1,
				0
			]
		},
		{
			"Target": "Parameter",
			"Id": "ParamLA",
			"Segments": [
				0,
				0,
				1,
				0.156,
				0,
				0.311,
				-11,
				0.467,
				-11,
				1,
				0.756,
				-11,
				1.044,
				7,
				1.333,
				7,
				1,
				1.489,
				7,
				1.644,
				-4,
				1.8,
				-4,
				1,
				1.933,
				-4,
				2.067,
				0,
				2.2,
				0,
				1,
				2.5,
				0,
				2.8,
				0,
				3.1,
				0
			]
		},
		{
			"Target": "Parameter",
			"Id": "ParamLHand1",
			"Segments": [
				0,
				0,
				1,
				0.156,
				0,
				0.311,
				-0.2,
				0.467,
				-0.2,
				1,
				0.756,
				-0.2,
				1.044,
				0.1,
				1.333,
				0.1,
				1,
				1.489,
				0.1,
				1.644,
				0,
				1.8,
				0,
				1,
				2.233,
				0,
				2.667,
				0.018,
				3.1,
				0.018
			]
		},
		{
			"Target": "Parameter",
			"Id": "ParamLHand2",
			"Segments": [
				0,
				0,
				1,
				0.156,
				0,
				0.311,
				-0.2,
				0.467,
				-0.2,
				1,
				0.756,
				-0.2,
				1.044,
				0.1,
				1.333,
				0.1,
				1,
				1.489,
				0.1,
				1.644,
				0,
				1.8,
				0,
				1,
				2.233,
				0,
				2.667,
				0.018,
				3.1,
				0.018
			]
		},
		{
			"Target": "Parameter",
			"Id": "ParamLHand3",
			"Segments": [
				0,
				0,
				1,
				0.156,
				0,
				0.311,
				-0.2,
				0.467,
				-0.2,
				1,
				0.756,
				-0.2,
				1.044,
				0.1,
				1.333,
				0.1,
				1,
				1.489,
				0.1,
				1.644,
				0,
				1.8,
				0,
				1,
				2.233,
				0,
				2.667,
				0.018,
				3.1,
				0.018
			]
		},
		{
			"Target": "Parameter",
			"Id": "ParamLHand4",
			"Segments": [
				0,
				0,
				1,
				0.156,
				0,
				0.311,
				-0.2,
				0.467,
				-0.2,
				1,
				0.756,
				-0.2,
				1.044,
				0.1,
				1.333,
				0.1,
				1,
				1.489,
				0.1,
				1.644,
				0,
				1.8,
				0,
				1,
				2.233,
				0,
				2.667,
				0.018,
				3.1,
				0.018
			]
		},
		{
			"Target": "Parameter",
			"Id": "ParamAngleX",
			"Segments": [
				0,
				0,
				1,
				0.078,
				0,
				0.156,
				2.006,
				0.233,
				5,
				1,
				0.344,
				9.277,
				0.456,
				11,
				0.567,
				11,
				1,
				0.767,
				11,
				0.967,
				-4.974,
				1.167,
				-6,
				1,
				1.544,
				-7.939,
				1.922,
				-8,
				2.3,
				-8,
				1,
				2.567,
				-8,
				2.833,
				0,
				3.1,
				0
			]
		},
		{
			"Target": "Parameter",
			"Id": "ParamAngleY",
			"Segments": [
				0,
				0,
				1,
				0.078,
				0,
				0.156,
				12,
				0.233,
				12,
				1,
				0.344,
				12,
				0.456,
				12.196,
				0.567,
				11,
				1,
				0.767,
				8.847,
				0.967,
				2.138,
				1.167,
				-1,
				1,
				1.544,
				-6.927,
				1.922,
				-9,
				2.3,
				-9,
				1,
				2.567,
				-9,
				2.833,
				0,
				3.1,
				0
			]
		},
		{
			"Target": "Parameter",
			"Id": "ParamAngleZ",
			"Segments": [
				0,
				0,
				1,
				0.078,
				0,
				0.156,
				1.814,
				0.233,
				3,
				1,
				0.344,
				4.694,
				0.456,
				5,
				0.567,
				5,
				1,
				0.767,
				5,
				0.967,
				0.011,
				1.167,
				-3,
				1,
				1.544,
				-8.687,
				1.922,
				-10,
				2.3,
				-10,
				1,
				2.567,
				-10,
				2.833,
				-0.03,
				3.1,
				-0.03
			]
		},
		{
			"Target": "Parameter",
			"Id": "ParamEyeLOpen",
			"Segments": [
				0,
				1,
				1,
				0.033,
				1,
				0.067,
				1,
				0.1,
				1,
				1,
				0.144,
				1,
				0.189,
				0,
				0.233,
				0,
				1,
				0.267,
				0,
				0.3,
				0,
				0.333,
				0,
				1,
				0.378,
				0,
				0.422,
				1,
				0.467,
				1,
				1,
				0.744,
				1,
				1.022,
				0.7,
				1.3,
				0.7,
				1,
				1.6,
				0.7,
				1.9,
				0.7,
				2.2,
				0.7,
				1,
				2.489,
				0.7,
				2.778,
				1,
				3.067,
				1,
				0,
				3.1,
				1
			]
		},
		{
			"Target": "Parameter",
			"Id": "ParamEyeROpen",
			"Segments": [
				0,
				1,
				1,
				0.033,
				1,
				0.067,
				1,
				0.1,
				1,
				1,
				0.144,
				1,
				0.189,
				0,
				0.233,
				0,
				1,
				0.267,
				0,
				0.3,
				0,
				0.333,
				0,
				1,
				0.378,
				0,
				0.422,
				1,
				0.467,
				1,
				1,
				0.744,
				1,
				1.022,
				0.7,
				1.3,
				0.7,
				1,
				1.6,
				0.7,
				1.9,
				0.7,
				2.2,
				0.7,
				1,
				2.489,
				0.7,
				2.778,
				1,
				3.067,
				1,
				0,
				3.1,
				1
			]
		},
		{
			"Target": "Parameter",
			"Id": "ParamEyeRSmile",
			"Segments": [
				0,
				1,
				0,
				3.1,
				1
			]
		},
		{
			"Target": "Parameter",
			"Id": "ParamEyeBallX",
			"Segments": [
				0,
				0,
				1,
				0.267,
				0,
				0.533,
				0,
				0.8,
				0,
				1,
				1.044,
				0,
				1.289,
				-1,
				1.533,
				-1,
				1,
				1.833,
				-1,
				2.133,
				-1,
				2.433,
				-1,
				1,
				2.656,
				-1,
				2.878,
				0,
				3.1,
				0
			]
		},
		{
			"Target": "Parameter",
			"Id": "ParamEyeBallY",
			"Segments": [
				0,
				0,
				1,
				0.267,
				0,
				0.533,
				0,
				0.8,
				0,
				1,
				1.044,
				0,
				1.289,
				-0.8,
				1.533,
				-0.8,
				1,
				1.833,
				-0.8,
				2.133,
				-0.8,
				2.433,
				-0.8,
				1,
				2.656,
				-0.8,
				2.878,
				0,
				3.1,
				0
			]
		},
		{
			"Target": "Parameter",
			"Id": "ParamBrowY",
			"Segments": [
				0,
				0,
				1,
				0.111,
				0,
				0.222,
				0,
				0.333,
				0,
				1,
				0.433,
				0,
				0.533,
				0,
				0.633,
				0,
				0,
				3.1,
				0
			]
		},
		{
			"Target": "Parameter",
			"Id": "ParamBrowX",
			"Segments": [
				0,
				0,
				1,
				0.111,
				0,
				0.222,
				-1,
				0.333,
				-1,
				1,
				0.433,
				-1,
				0.533,
				0,
				0.633,
				0,
				0,
				3.1,
				0
			]
		},
		{
			"Target": "Parameter",
			"Id": "ParamBrowAngle",
			"Segments": [
				0,
				0,
				1,
				0.211,
				0,
				0.422,
				-0.3,
				0.633,
				-0.3,
				1,
				1.178,
				-0.3,
				1.722,
				-0.3,
				2.267,
				-0.3,
				1,
				2.533,
				-0.3,
				2.8,
				0,
				3.067,
				0,
				0,
				3.1,
				0
			]
		},
		{
			"Target": "Parameter",
			"Id": "ParamBrowForm",
			"Segments": [
				0,
				0,
				1,
				0.211,
				0,
				0.422,
				-0.765,
				0.633,
				-0.8,
				1,
				1.178,
				-0.891,
				1.722,
				-0.9,
				2.267,
				-0.9,
				1,
				2.533,
				-0.9,
				2.8,
				0,
				3.067,
				0,
				0,
				3.1,
				0
			]
		},
		{
			"Target": "Parameter",
			"Id": "ParamMouthOpenY",
			"Segments": [
				0,
				0,
				1,
				0.111,
				0,
				0.222,
				0,
				0.333,
				0,
				1,
				0.433,
				0,
				0.533,
				0.9,
				0.633,
				0.9,
				1,
				0.822,
				0.9,
				1.011,
				0,
				1.2,
				0,
				0,
				3.1,
				0
			]
		},
		{
			"Target": "Parameter",
			"Id": "ParamCheek",
			"Segments": [
				0,
				0,
				1,
				0.233,
				0,
				0.467,
				1,
				0.7,
				1,
				1,
				1.211,
				1,
				1.722,
				1,
				2.233,
				1,
				1,
				2.511,
				1,
				2.789,
				0,
				3.067,
				0,
				0,
				3.1,
				0
			]
		},
		{
			"Target": "Parameter",
			"Id": "ParamBodyAngleX",
			"Segments": [
				0,
				0,
				1,
				0.178,
				0,
				0.356,
				8,
				0.533,
				8,
				1,
				0.811,
				8,
				1.089,
				-4.191,
				1.367,
				-5,
				1,
				1.744,
				-6.1,
				2.122,
				-6,
				2.5,
				-6,
				1,
				2.7,
				-6,
				2.9,
				0,
				3.1,
				0
			]
		},
		{
			"Target": "Parameter",
			"Id": "ParamBodyAngleY",
			"Segments": [
				0,
				0,
				1,
				0.178,
				0,
				0.356,
				3,
				0.533,
				3,
				1,
				0.811,
				3,
				1.089,
				-5.203,
				1.367,
				-6,
				1,
				1.744,
				-7.084,
				2.122,
				-7,
				2.5,
				-7,
				1,
				2.7,
				-7,
				2.9,
				0,
				3.1,
				0
			]
		},
		{
			"Target": "Parameter",
			"Id": "ParamBodyAngleZ",
			"Segments": [
				0,
				0,
				1,
				0.456,
				0,
				0.911,
				0,
				1.367,
				0,
				0,
				3.1,
				0
			]
		},
		{
			"Target": "Parameter",
			"Id": "ParamBreat",
			"Segments": [
				0,
				0,
				1,
				0.222,
				0,
				0.444,
				1,
				0.667,
				1,
				1,
				1.144,
				1,
				1.622,
				0,
				2.1,
				0,
				1,
				2.433,
				0,
				2.767,
				0.5,
				3.1,
				0.5
			]
		},
		{
			"Target": "Parameter",
			"Id": "ParamHairFront",
			"Segments": [
				0,
				0,
				1,
				0.156,
				0,
				0.311,
				-0.4,
				0.467,
				-0.4,
				1,
				0.711,
				-0.4,
				0.956,
				0.8,
				1.2,
				0.8,
				1,
				1.4,
				0.8,
				1.6,
				-0.2,
				1.8,
				-0.2,
				1,
				1.978,
				-0.2,
				2.156,
				0,
				2.333,
				0,
				1,
				2.589,
				0,
				2.844,
				0,
				3.1,
				0
			]
		},
		{
			"Target": "Parameter",
			"Id": "ParamHairSide",
			"Segments": [
				0,
				0,
				1,
				0.156,
				0,
				0.311,
				-0.7,
				0.467,
				-0.7,
				1,
				0.711,
				-0.7,
				0.956,
				0.8,
				1.2,
				0.8,
				1,
				1.4,
				0.8,
				1.6,
				-0.2,
				1.8,
				-0.2,
				1,
				1.978,
				-0.2,
				2.156,
				-0.008,
				2.333,
				0,
				1,
				2.589,
				0.011,
				2.844,
				0.01,
				3.1,
				0.01
			]
		},
		{
			"Target": "Parameter",
			"Id": "ParamHairBack",
			"Segments": [
				0,
				0,
				1,
				0.156,
				0,
				0.311,
				-0.9,
				0.467,
				-0.9,
				1,
				0.711,
				-0.9,
				0.956,
				0.8,
				1.2,
				0.8,
				1,
				1.4,
				0.8,
				1.6,
				-0.3,
				1.8,
				-0.3,
				1,
				1.978,
				-0.3,
				2.156,
				-0.008,
				2.333,
				0,
				1,
				2.589,
				0.011,
				2.844,
				0.01,
				3.1,
				0.01
			]
		},
		{
			"Target": "Parameter",
			"Id": "ParamHairWind",
			"Segments": [
				0,
				0,
				1,
				0.156,
				0,
				0.311,
				-1,
				0.467,
				-1,
				1,
				0.711,
				-1,
				0.956,
				1,
				1.2,
				1,
				1,
				1.311,
				1,
				1.422,
				0,
				1.533,
				0,
				1,
				1.8,
				0,
				2.067,
				0,
				2.333,
				0,
				1,
				2.589,
				0,
				2.844,
				0.01,
				3.1,
				0.01
			]
		},
		{
			"Target": "Parameter",
			"Id": "ParamClothX",
			"Segments": [
				0,
				-0.1,
				0,
				3.1,
				-0.1
			]
		},
		{
			"Target": "Parameter",
			"Id": "ParamClothY",
			"Segments": [
				0,
				-0.2,
				0,
				3.1,
				-0.2
			]
		},
		{
			"Target": "Parameter",
			"Id": "ParamYears",
			"Segments": [
				0,
				0,
				1,
				0.189,
				0,
				0.378,
				-30,
				0.567,
				-30,
				1,
				0.811,
				-30,
				1.056,
				30,
				1.3,
				30,
				1,
				1.456,
				30,
				1.611,
				-21,
				1.767,
				-21,
				1,
				1.889,
				-21,
				2.011,
				-21.2,
				2.133,
				-18,
				1,
				2.256,
				-14.8,
				2.378,
				0,
				2.5,
				0,
				1,
				2.7,
				0,
				2.9,
				0,
				3.1,
				0
			]
		},
		{
			"Target": "Parameter",
			"Id": "ParamHairs",
			"Segments": [
				0,
				0,
				1,
				0.189,
				0,
				0.378,
				-30,
				0.567,
				-30,
				1,
				0.811,
				-30,
				1.056,
				28,
				1.3,
				28,
				1,
				1.456,
				28,
				1.611,
				-21,
				1.767,
				-21,
				1,
				1.889,
				-21,
				2.011,
				-20.549,
				2.133,
				-15,
				1,
				2.256,
				-9.451,
				2.378,
				0,
				2.5,
				0,
				1,
				2.7,
				0,
				2.9,
				0,
				3.1,
				0
			]
		},
		{
			"Target": "Parameter",
			"Id": "ParamBg",
			"Segments": [
				0,
				0,
				1,
				0.189,
				0,
				0.378,
				0,
				0.567,
				0,
				1,
				0.689,
				0,
				0.811,
				0.5,
				0.933,
				0.5,
				1,
				0.978,
				0.5,
				1.022,
				0,
				1.067,
				0,
				1,
				1.111,
				0,
				1.156,
				0.5,
				1.2,
				0.5,
				1,
				1.6,
				0.5,
				2,
				0.2,
				2.4,
				0.2,
				0,
				3.1,
				0.2
			]
		},
		{
			"Target": "Parameter",
			"Id": "Param_Angle_Rotation65",
			"Segments": [
				0,
				0,
				1,
				0.189,
				0,
				0.378,
				-13,
				0.567,
				-13,
				1,
				0.811,
				-13,
				1.056,
				10,
				1.3,
				10,
				1,
				1.478,
				10,
				1.656,
				-5,
				1.833,
				-5,
				1,
				1.956,
				-5,
				2.078,
				1,
				2.2,
				1,
				1,
				2.3,
				1,
				2.4,
				0.081,
				2.5,
				0,
				1,
				2.7,
				-0.163,
				2.9,
				-0.17,
				3.1,
				-0.17
			]
		},
		{
			"Target": "Parameter",
			"Id": "Param_Angle_Rotation66",
			"Segments": [
				0,
				0,
				0,
				0.233,
				0,
				1,
				0.422,
				0,
				0.611,
				-14,
				0.8,
				-14,
				1,
				1.044,
				-14,
				1.289,
				10,
				1.533,
				10,
				1,
				1.711,
				10,
				1.889,
				-4,
				2.067,
				-4,
				1,
				2.189,
				-4,
				2.311,
				1,
				2.433,
				1,
				1,
				2.533,
				1,
				2.633,
				0.861,
				2.733,
				0,
				1,
				2.856,
				-1.052,
				2.978,
				-2.08,
				3.1,
				-2.08
			]
		},
		{
			"Target": "Parameter",
			"Id": "Param_Angle_Rotation68",
			"Segments": [
				0,
				0,
				1,
				0.189,
				0,
				0.378,
				-12,
				0.567,
				-12,
				1,
				0.811,
				-12,
				1.056,
				11,
				1.3,
				11,
				1,
				1.478,
				11,
				1.656,
				-3,
				1.833,
				-3,
				1,
				1.956,
				-3,
				2.078,
				2,
				2.2,
				2,
				1,
				2.3,
				2,
				2.4,
				0.102,
				2.5,
				0,
				1,
				2.7,
				-0.204,
				2.9,
				-0.21,
				3.1,
				-0.21
			]
		},
		{
			"Target": "Parameter",
			"Id": "Param_Angle_Rotation69",
			"Segments": [
				0,
				0,
				0,
				0.233,
				0,
				1,
				0.422,
				0,
				0.611,
				-13,
				0.8,
				-13,
				1,
				1.044,
				-13,
				1.289,
				10,
				1.533,
				10,
				1,
				1.711,
				10,
				1.889,
				-3,
				2.067,
				-3,
				1,
				2.189,
				-3,
				2.311,
				2,
				2.433,
				2,
				1,
				2.533,
				2,
				2.633,
				1.35,
				2.733,
				0,
				1,
				2.856,
				-1.65,
				2.978,
				-2.5,
				3.1,
				-2.5
			]
		},
		{
			"Target": "Parameter",
			"Id": "Param_Angle_Rotation71",
			"Segments": [
				0,
				0,
				1,
				0.189,
				0,
				0.378,
				-14,
				0.567,
				-14,
				1,
				0.811,
				-14,
				1.056,
				11,
				1.3,
				11,
				1,
				1.478,
				11,
				1.656,
				-4,
				1.833,
				-4,
				1,
				1.956,
				-4,
				2.078,
				2,
				2.2,
				2,
				1,
				2.3,
				2,
				2.4,
				0.116,
				2.5,
				0,
				1,
				2.7,
				-0.233,
				2.9,
				-0.24,
				3.1,
				-0.24
			]
		},
		{
			"Target": "Parameter",
			"Id": "Param_Angle_Rotation72",
			"Segments": [
				0,
				0,
				0,
				0.233,
				0,
				1,
				0.422,
				0,
				0.611,
				-11,
				0.8,
				-11,
				1,
				1.044,
				-11,
				1.289,
				12,
				1.533,
				12,
				1,
				1.711,
				12,
				1.889,
				-5,
				2.067,
				-5,
				1,
				2.189,
				-5,
				2.311,
				2,
				2.433,
				2,
				1,
				2.533,
				2,
				2.633,
				1.464,
				2.733,
				0,
				1,
				2.856,
				-1.789,
				2.978,
				-2.92,
				3.1,
				-2.92
			]
		},
		{
			"Target": "Parameter",
			"Id": "Param_Angle_Rotation73",
			"Segments": [
				0,
				0,
				0,
				0.433,
				0,
				1,
				0.622,
				0,
				0.811,
				-10,
				1,
				-10,
				1,
				1.244,
				-10,
				1.489,
				12,
				1.733,
				12,
				1,
				1.911,
				12,
				2.089,
				-5,
				2.267,
				-5,
				1,
				2.389,
				-5,
				2.511,
				2,
				2.633,
				2,
				1,
				2.733,
				2,
				2.833,
				1.814,
				2.933,
				0,
				1,
				2.989,
				-1.008,
				3.044,
				-6.12,
				3.1,
				-6.12
			]
		},
		{
			"Target": "Parameter",
			"Id": "Param_Angle_Rotation50",
			"Segments": [
				0,
				0,
				1,
				0.189,
				0,
				0.378,
				-9,
				0.567,
				-9,
				1,
				0.811,
				-9,
				1.056,
				10,
				1.3,
				10,
				1,
				1.478,
				10,
				1.656,
				-6,
				1.833,
				-6,
				1,
				1.956,
				-6,
				2.078,
				1,
				2.2,
				1,
				1,
				2.3,
				1,
				2.4,
				0,
				2.5,
				0,
				1,
				2.7,
				0,
				2.9,
				0.76,
				3.1,
				0.76
			]
		},
		{
			"Target": "Parameter",
			"Id": "Param_Angle_Rotation51",
			"Segments": [
				0,
				0,
				0,
				0.233,
				0,
				1,
				0.422,
				0,
				0.611,
				-9,
				0.8,
				-9,
				1,
				1.044,
				-9,
				1.289,
				11,
				1.533,
				11,
				1,
				1.711,
				11,
				1.889,
				-6,
				2.067,
				-6,
				1,
				2.189,
				-6,
				2.311,
				1,
				2.433,
				1,
				1,
				2.533,
				1,
				2.633,
				0,
				2.733,
				0,
				1,
				2.856,
				0,
				2.978,
				2.92,
				3.1,
				2.92
			]
		},
		{
			"Target": "Parameter",
			"Id": "Param_Angle_Rotation52",
			"Segments": [
				0,
				0,
				0,
				0.433,
				0,
				1,
				0.622,
				0,
				0.811,
				-11,
				1,
				-11,
				1,
				1.244,
				-11,
				1.489,
				11,
				1.733,
				11,
				1,
				1.911,
				11,
				2.089,
				-5,
				2.267,
				-5,
				1,
				2.389,
				-5,
				2.511,
				1,
				2.633,
				1,
				1,
				2.733,
				1,
				2.833,
				0,
				2.933,
				0,
				1,
				2.989,
				0,
				3.044,
				7.72,
				3.1,
				7.72
			]
		},
		{
			"Target": "Parameter",
			"Id": "Param_Angle_Rotation54",
			"Segments": [
				0,
				0,
				1,
				0.189,
				0,
				0.378,
				-10,
				0.567,
				-10,
				1,
				0.811,
				-10,
				1.056,
				10,
				1.3,
				10,
				1,
				1.478,
				10,
				1.656,
				-4,
				1.833,
				-4,
				1,
				1.956,
				-4,
				2.078,
				2,
				2.2,
				2,
				1,
				2.3,
				2,
				2.4,
				0,
				2.5,
				0,
				1,
				2.7,
				0,
				2.9,
				0.76,
				3.1,
				0.76
			]
		},
		{
			"Target": "Parameter",
			"Id": "Param_Angle_Rotation55",
			"Segments": [
				0,
				0,
				0,
				0.233,
				0,
				1,
				0.422,
				0,
				0.611,
				-12,
				0.8,
				-12,
				1,
				1.044,
				-12,
				1.289,
				10,
				1.533,
				10,
				1,
				1.711,
				10,
				1.889,
				-5,
				2.067,
				-5,
				1,
				2.189,
				-5,
				2.311,
				2,
				2.433,
				2,
				1,
				2.533,
				2,
				2.633,
				0,
				2.733,
				0,
				1,
				2.856,
				0,
				2.978,
				3.5,
				3.1,
				3.5
			]
		},
		{
			"Target": "Parameter",
			"Id": "Param_Angle_Rotation56",
			"Segments": [
				0,
				0,
				0,
				0.467,
				0,
				1,
				0.656,
				0,
				0.844,
				-12,
				1.033,
				-12,
				1,
				1.278,
				-12,
				1.522,
				10,
				1.767,
				10,
				1,
				1.944,
				10,
				2.122,
				-4,
				2.3,
				-4,
				1,
				2.422,
				-4,
				2.544,
				2,
				2.667,
				2,
				1,
				2.767,
				2,
				2.867,
				0,
				2.967,
				0,
				1,
				3.011,
				0,
				3.056,
				5.79,
				3.1,
				5.79
			]
		},
		{
			"Target": "Parameter",
			"Id": "Param_Angle_Rotation58",
			"Segments": [
				0,
				0,
				1,
				0.189,
				0,
				0.378,
				-9,
				0.567,
				-9,
				1,
				0.811,
				-9,
				1.056,
				10,
				1.3,
				10,
				1,
				1.478,
				10,
				1.656,
				-4,
				1.833,
				-4,
				1,
				1.956,
				-4,
				2.078,
				2,
				2.2,
				2,
				1,
				2.3,
				2,
				2.4,
				0,
				2.5,
				0,
				1,
				2.7,
				0,
				2.9,
				1.13,
				3.1,
				1.13
			]
		},
		{
			"Target": "Parameter",
			"Id": "Param_Angle_Rotation59",
			"Segments": [
				0,
				0,
				0,
				0.233,
				0,
				1,
				0.422,
				0,
				0.611,
				-10,
				0.8,
				-10,
				1,
				1.044,
				-10,
				1.289,
				10,
				1.533,
				10,
				1,
				1.711,
				10,
				1.889,
				-4,
				2.067,
				-4,
				1,
				2.189,
				-4,
				2.311,
				2,
				2.433,
				2,
				1,
				2.533,
				2,
				2.633,
				0,
				2.733,
				0,
				1,
				2.856,
				0,
				2.978,
				3.5,
				3.1,
				3.5
			]
		},
		{
			"Target": "Parameter",
			"Id": "Param_Angle_Rotation61",
			"Segments": [
				0,
				0,
				1,
				0.189,
				0,
				0.378,
				-9,
				0.567,
				-9,
				1,
				0.811,
				-9,
				1.056,
				10,
				1.3,
				10,
				1,
				1.478,
				10,
				1.656,
				-4,
				1.833,
				-4,
				1,
				1.956,
				-4,
				2.078,
				1,
				2.2,
				1,
				1,
				2.3,
				1,
				2.4,
				0,
				2.5,
				0,
				1,
				2.7,
				0,
				2.9,
				0.63,
				3.1,
				0.63
			]
		},
		{
			"Target": "Parameter",
			"Id": "Param_Angle_Rotation62",
			"Segments": [
				0,
				0,
				0,
				0.233,
				0,
				1,
				0.422,
				0,
				0.611,
				-9,
				0.8,
				-9,
				1,
				1.044,
				-9,
				1.289,
				10,
				1.533,
				10,
				1,
				1.711,
				10,
				1.889,
				-4,
				2.067,
				-4,
				1,
				2.189,
				-4,
				2.311,
				1,
				2.433,
				1,
				1,
				2.533,
				1,
				2.633,
				0,
				2.733,
				0,
				1,
				2.856,
				0,
				2.978,
				3.5,
				3.1,
				3.5
			]
		},
		{
			"Target": "Parameter",
			"Id": "Param_Angle_Rotation63",
			"Segments": [
				0,
				0,
				0,
				0.433,
				0,
				1,
				0.622,
				0,
				0.811,
				-10,
				1,
				-10,
				1,
				1.244,
				-10,
				1.489,
				10,
				1.733,
				10,
				1,
				1.911,
				10,
				2.089,
				-4,
				2.267,
				-4,
				1,
				2.389,
				-4,
				2.511,
				1,
				2.633,
				1,
				1,
				2.733,
				1,
				2.833,
				0,
				2.933,
				0,
				1,
				2.989,
				0,
				3.044,
				5.79,
				3.1,
				5.79
			]
		}
	]
}