{
	"Version": 3,
	"Meta": {
		"Duration": 4.367,
		"Fps": 30.0,
		"Loop": true,
		"AreBeziersRestricted": false,
		"CurveCount": 72,
		"TotalSegmentCount": 512,
		"TotalPointCount": 1516,
		"UserDataCount": 0,
		"TotalUserDataSize": 0
	},
	"Curves": [
		{
			"Target": "Parameter",
			"Id": "ParamLegL1in",
			"Segments": [
				0,
				0,
				1,
				0.222,
				0,
				0.444,
				16,
				0.667,
				16,
				1,
				1.056,
				16,
				1.444,
				-17,
				1.833,
				-17,
				1,
				2.3,
				-17,
				2.767,
				17,
				3.233,
				17,
				1,
				3.6,
				17,
				3.967,
				0,
				4.333,
				0,
				0,
				4.367,
				0
			]
		},
		{
			"Target": "Parameter",
			"Id": "ParamLegL1",
			"Segments": [
				0,
				0,
				1,
				0.222,
				0,
				0.444,
				2,
				0.667,
				2,
				1,
				1.056,
				2,
				1.444,
				-1,
				1.833,
				-1,
				1,
				2.3,
				-1,
				2.767,
				-1,
				3.233,
				-1,
				1,
				3.6,
				-1,
				3.967,
				0,
				4.333,
				0,
				0,
				4.367,
				0
			]
		},
		{
			"Target": "Parameter",
			"Id": "ParamLegL2",
			"Segments": [
				0,
				0,
				1,
				0.222,
				0,
				0.444,
				-3,
				0.667,
				-3,
				1,
				1.056,
				-3,
				1.444,
				3,
				1.833,
				3,
				1,
				2.3,
				3,
				2.767,
				-2,
				3.233,
				-2,
				1,
				3.6,
				-2,
				3.967,
				0,
				4.333,
				0,
				0,
				4.367,
				0
			]
		},
		{
			"Target": "Parameter",
			"Id": "ParamLegR1in",
			"Segments": [
				0,
				0,
				1,
				0.222,
				0,
				0.444,
				17,
				0.667,
				17,
				1,
				1.056,
				17,
				1.444,
				-20,
				1.833,
				-20,
				1,
				2.3,
				-20,
				2.767,
				16,
				3.233,
				16,
				1,
				3.6,
				16,
				3.967,
				0,
				4.333,
				0,
				0,
				4.367,
				0
			]
		},
		{
			"Target": "Parameter",
			"Id": "ParamLegR1",
			"Segments": [
				0,
				0,
				1,
				0.222,
				0,
				0.444,
				-1.098,
				0.667,
				-2,
				1,
				1.056,
				-3.579,
				1.444,
				-4,
				1.833,
				-4,
				1,
				2.3,
				-4,
				2.767,
				1,
				3.233,
				1,
				1,
				3.6,
				1,
				3.967,
				0,
				4.333,
				0,
				0,
				4.367,
				0
			]
		},
		{
			"Target": "Parameter",
			"Id": "ParamLegR2",
			"Segments": [
				0,
				0,
				1,
				0.222,
				0,
				0.444,
				-6,
				0.667,
				-6,
				1,
				1.056,
				-6,
				1.444,
				5,
				1.833,
				5,
				1,
				2.3,
				5,
				2.767,
				-2,
				3.233,
				-2,
				1,
				3.6,
				-2,
				3.967,
				0,
				4.333,
				0,
				0,
				4.367,
				0
			]
		},
		{
			"Target": "Parameter",
			"Id": "ParamPaiX",
			"Segments": [
				0,
				0,
				1,
				0.033,
				0,
				0.067,
				0,
				0.1,
				0,
				1,
				0.278,
				0,
				0.456,
				-30,
				0.633,
				-30,
				1,
				0.733,
				-30,
				0.833,
				-28.147,
				0.933,
				-20.437,
				1,
				1.056,
				-11.015,
				1.178,
				1.987,
				1.3,
				14.101,
				1,
				1.4,
				24.013,
				1.5,
				30,
				1.6,
				30,
				1,
				1.722,
				30,
				1.844,
				25.257,
				1.967,
				15.751,
				1,
				2.2,
				-2.396,
				2.433,
				-11.48,
				2.667,
				-11.48,
				1,
				2.789,
				-11.48,
				2.911,
				-11.152,
				3.033,
				-7,
				1,
				3.144,
				-3.225,
				3.256,
				4.201,
				3.367,
				4.201,
				1,
				3.478,
				4.201,
				3.589,
				1.911,
				3.7,
				1,
				1,
				3.822,
				-0.002,
				3.944,
				0,
				4.067,
				0,
				0,
				4.367,
				0
			]
		},
		{
			"Target": "Parameter",
			"Id": "ParamPaiY",
			"Segments": [
				0,
				0,
				1,
				0.033,
				0,
				0.067,
				0,
				0.1,
				0,
				1,
				0.278,
				0,
				0.456,
				28.951,
				0.633,
				28.951,
				1,
				0.733,
				28.951,
				0.833,
				-2.687,
				0.933,
				-11.886,
				1,
				1.056,
				-23.128,
				1.178,
				-23.423,
				1.3,
				-23.423,
				1,
				1.4,
				-23.423,
				1.5,
				-13.406,
				1.6,
				-1,
				1,
				1.722,
				14.163,
				1.844,
				19.051,
				1.967,
				19.051,
				1,
				2.178,
				19.051,
				2.389,
				12.231,
				2.6,
				2.551,
				1,
				2.744,
				-4.072,
				2.889,
				-8.041,
				3.033,
				-14.466,
				1,
				3.1,
				-17.431,
				3.167,
				-20.916,
				3.233,
				-20.916,
				1,
				3.389,
				-20.916,
				3.544,
				2.551,
				3.7,
				2.551,
				1,
				3.822,
				2.551,
				3.944,
				0,
				4.067,
				0,
				0,
				4.367,
				0
			]
		},
		{
			"Target": "Parameter",
			"Id": "ParamPaiX2",
			"Segments": [
				0,
				0,
				1,
				0.178,
				0,
				0.356,
				-30,
				0.533,
				-30,
				1,
				0.633,
				-30,
				0.733,
				-27.495,
				0.833,
				-19.48,
				1,
				0.956,
				-9.684,
				1.078,
				2.049,
				1.2,
				13.975,
				1,
				1.3,
				23.732,
				1.4,
				30,
				1.5,
				30,
				1,
				1.622,
				30,
				1.744,
				27.8,
				1.867,
				15.559,
				1,
				2.1,
				-7.809,
				2.333,
				-25.69,
				2.567,
				-25.69,
				1,
				2.689,
				-25.69,
				2.811,
				-23.462,
				2.933,
				-13.27,
				1,
				3.044,
				-4.005,
				3.156,
				5.859,
				3.267,
				5.859,
				1,
				3.378,
				5.859,
				3.489,
				4.859,
				3.6,
				3,
				1,
				3.722,
				0.955,
				3.844,
				0,
				3.967,
				0,
				0,
				4.367,
				0
			]
		},
		{
			"Target": "Parameter",
			"Id": "ParamPaiY2",
			"Segments": [
				0,
				0,
				1,
				0.178,
				0,
				0.356,
				17.143,
				0.533,
				17.143,
				1,
				0.633,
				17.143,
				0.733,
				9.573,
				0.833,
				-3.12,
				1,
				0.956,
				-18.633,
				1.078,
				-25.307,
				1.2,
				-25.307,
				1,
				1.3,
				-25.307,
				1.4,
				-17.679,
				1.5,
				-4.991,
				1,
				1.622,
				10.518,
				1.744,
				17.143,
				1.867,
				17.143,
				1,
				2.056,
				17.143,
				2.244,
				12.735,
				2.433,
				0,
				1,
				2.6,
				-11.237,
				2.767,
				-19.48,
				2.933,
				-19.48,
				1,
				3.044,
				-19.48,
				3.156,
				-17.292,
				3.267,
				-9.13,
				1,
				3.378,
				-0.969,
				3.489,
				6.054,
				3.6,
				6.054,
				1,
				3.722,
				6.054,
				3.844,
				0,
				3.967,
				0,
				0,
				4.367,
				0
			]
		},
		{
			"Target": "Parameter",
			"Id": "ParamPaiRClothX",
			"Segments": [
				0,
				0,
				1,
				0.089,
				0,
				0.178,
				0,
				0.267,
				0,
				1,
				0.444,
				0,
				0.622,
				-30,
				0.8,
				-30,
				1,
				0.9,
				-30,
				1,
				-28.814,
				1.1,
				-21.025,
				1,
				1.222,
				-11.505,
				1.344,
				7.041,
				1.467,
				18.03,
				1,
				1.567,
				27.021,
				1.667,
				29.442,
				1.767,
				29.442,
				1,
				1.889,
				29.442,
				2.011,
				24.407,
				2.133,
				12.323,
				1,
				2.367,
				-10.745,
				2.6,
				-23.392,
				2.833,
				-23.392,
				1,
				2.956,
				-23.392,
				3.078,
				-15.543,
				3.2,
				-9,
				1,
				3.3,
				-3.646,
				3.4,
				0.178,
				3.5,
				2.907,
				1,
				3.622,
				6.244,
				3.744,
				6.953,
				3.867,
				6.953,
				1,
				3.989,
				6.953,
				4.111,
				0,
				4.233,
				0,
				1,
				4.267,
				0,
				4.3,
				0.5,
				4.333,
				0.5,
				0,
				4.367,
				0.5
			]
		},
		{
			"Target": "Parameter",
			"Id": "ParamPaiRClothY",
			"Segments": [
				0,
				0,
				1,
				0.089,
				0,
				0.178,
				0,
				0.267,
				0,
				1,
				0.433,
				0,
				0.6,
				22.291,
				0.767,
				22.291,
				1,
				0.878,
				22.291,
				0.989,
				8.62,
				1.1,
				-9.244,
				1,
				1.2,
				-25.323,
				1.3,
				-30,
				1.4,
				-30,
				1,
				1.522,
				-30,
				1.644,
				-15.292,
				1.767,
				1,
				1,
				1.933,
				23.216,
				2.1,
				30,
				2.267,
				30,
				1,
				2.422,
				30,
				2.578,
				21.501,
				2.733,
				2.932,
				1,
				2.889,
				-15.637,
				3.044,
				-25.76,
				3.2,
				-25.76,
				1,
				3.311,
				-25.76,
				3.422,
				-11.54,
				3.533,
				-1,
				1,
				3.644,
				9.54,
				3.756,
				10.897,
				3.867,
				10.897,
				1,
				3.989,
				10.897,
				4.111,
				5.562,
				4.233,
				0,
				1,
				4.267,
				-1.517,
				4.3,
				-1.3,
				4.333,
				-1.3,
				0,
				4.367,
				-1.3
			]
		},
		{
			"Target": "Parameter",
			"Id": "ParamPai2X",
			"Segments": [
				0,
				0,
				1,
				0.033,
				0,
				0.067,
				0,
				0.1,
				0,
				1,
				0.278,
				0,
				0.456,
				-30,
				0.633,
				-30,
				1,
				0.733,
				-30,
				0.833,
				-28.166,
				0.933,
				-20.232,
				1,
				1.056,
				-10.534,
				1.178,
				3.853,
				1.3,
				15.678,
				1,
				1.4,
				25.353,
				1.5,
				29.98,
				1.6,
				29.98,
				1,
				1.722,
				29.98,
				1.844,
				24.904,
				1.967,
				12.5,
				1,
				2.2,
				-11.181,
				2.433,
				-24.279,
				2.667,
				-24.279,
				1,
				2.789,
				-24.279,
				2.911,
				-18.368,
				3.033,
				-12.138,
				1,
				3.133,
				-7.04,
				3.233,
				-2.194,
				3.333,
				0,
				1,
				3.456,
				2.681,
				3.578,
				3,
				3.7,
				3,
				1,
				3.822,
				3,
				3.944,
				0,
				4.067,
				0,
				0,
				4.367,
				0
			]
		},
		{
			"Target": "Parameter",
			"Id": "ParamPai2Y",
			"Segments": [
				0,
				0,
				1,
				0.033,
				0,
				0.067,
				0,
				0.1,
				0,
				1,
				0.278,
				0,
				0.456,
				20.445,
				0.633,
				20.445,
				1,
				0.778,
				20.445,
				0.922,
				-5.944,
				1.067,
				-22.234,
				1,
				1.144,
				-31.005,
				1.222,
				-30,
				1.3,
				-30,
				1,
				1.4,
				-30,
				1.5,
				-14.937,
				1.6,
				-4,
				1,
				1.778,
				15.444,
				1.956,
				20.445,
				2.133,
				20.445,
				1,
				2.311,
				20.445,
				2.489,
				3.635,
				2.667,
				-14.161,
				1,
				2.789,
				-26.396,
				2.911,
				-28.172,
				3.033,
				-28.172,
				1,
				3.144,
				-28.172,
				3.256,
				-15.468,
				3.367,
				-6.067,
				1,
				3.478,
				3.333,
				3.589,
				4.554,
				3.7,
				4.554,
				1,
				3.822,
				4.554,
				3.944,
				0,
				4.067,
				0,
				0,
				4.367,
				0
			]
		},
		{
			"Target": "Parameter",
			"Id": "ParamPai2X2",
			"Segments": [
				0,
				0,
				1,
				0.178,
				0,
				0.356,
				-29.989,
				0.533,
				-29.989,
				1,
				0.633,
				-29.989,
				0.733,
				-25.722,
				0.833,
				-17.027,
				1,
				0.956,
				-6.4,
				1.078,
				3.853,
				1.2,
				15.019,
				1,
				1.3,
				24.155,
				1.4,
				29.538,
				1.5,
				29.538,
				1,
				1.622,
				29.538,
				1.744,
				23.03,
				1.867,
				10.663,
				1,
				2.1,
				-12.945,
				2.333,
				-24.434,
				2.567,
				-24.434,
				1,
				2.689,
				-24.434,
				2.811,
				-17.901,
				2.933,
				-7.769,
				1,
				3.044,
				1.441,
				3.156,
				4.856,
				3.267,
				4.856,
				1,
				3.378,
				4.856,
				3.489,
				3.462,
				3.6,
				2,
				1,
				3.722,
				0.392,
				3.844,
				0,
				3.967,
				0,
				0,
				4.367,
				0
			]
		},
		{
			"Target": "Parameter",
			"Id": "ParamPai2Y2",
			"Segments": [
				0,
				0,
				1,
				0.178,
				0,
				0.356,
				16.471,
				0.533,
				16.471,
				1,
				0.667,
				16.471,
				0.8,
				3.065,
				0.933,
				-11.472,
				1,
				1.022,
				-21.164,
				1.111,
				-22.582,
				1.2,
				-22.582,
				1,
				1.3,
				-22.582,
				1.4,
				-12.301,
				1.5,
				-4,
				1,
				1.678,
				10.757,
				1.856,
				14.885,
				2.033,
				14.885,
				1,
				2.211,
				14.885,
				2.389,
				6.257,
				2.567,
				-11.472,
				1,
				2.689,
				-23.662,
				2.811,
				-30,
				2.933,
				-30,
				1,
				3.044,
				-30,
				3.156,
				-25.336,
				3.267,
				-13.324,
				1,
				3.378,
				-1.312,
				3.489,
				6.308,
				3.6,
				6.308,
				1,
				3.722,
				6.308,
				3.844,
				0,
				3.967,
				0,
				0,
				4.367,
				0
			]
		},
		{
			"Target": "Parameter",
			"Id": "ParamPaiLClothX",
			"Segments": [
				0,
				0,
				1,
				0.089,
				0,
				0.178,
				0,
				0.267,
				0,
				1,
				0.444,
				0,
				0.622,
				-30,
				0.8,
				-30,
				1,
				0.9,
				-30,
				1,
				-27.549,
				1.1,
				-18.765,
				1,
				1.222,
				-8.029,
				1.344,
				8.995,
				1.467,
				19.034,
				1,
				1.567,
				27.247,
				1.667,
				29.024,
				1.767,
				29.024,
				1,
				1.889,
				29.024,
				2.011,
				25.583,
				2.133,
				14.752,
				1,
				2.367,
				-5.925,
				2.6,
				-18.765,
				2.833,
				-18.765,
				1,
				2.956,
				-18.765,
				3.078,
				-17.019,
				3.2,
				-8.601,
				1,
				3.322,
				-0.183,
				3.444,
				8.516,
				3.567,
				8.516,
				1,
				3.667,
				8.516,
				3.767,
				4.666,
				3.867,
				3.335,
				1,
				3.989,
				1.708,
				4.111,
				1.133,
				4.233,
				0,
				1,
				4.267,
				-0.309,
				4.3,
				-0.5,
				4.333,
				-0.5,
				0,
				4.367,
				-0.5
			]
		},
		{
			"Target": "Parameter",
			"Id": "ParamPaiLClothY",
			"Segments": [
				0,
				0,
				1,
				0.089,
				0,
				0.178,
				0,
				0.267,
				0,
				1,
				0.444,
				0,
				0.622,
				24.742,
				0.8,
				24.742,
				1,
				0.911,
				24.742,
				1.022,
				8.62,
				1.133,
				-6.907,
				1,
				1.244,
				-22.434,
				1.356,
				-25.54,
				1.467,
				-25.54,
				1,
				1.589,
				-25.54,
				1.711,
				-19.187,
				1.833,
				-8.661,
				1,
				1.967,
				2.822,
				2.1,
				7.616,
				2.233,
				7.616,
				1,
				2.433,
				7.616,
				2.633,
				-23.846,
				2.833,
				-23.846,
				1,
				2.944,
				-23.846,
				3.056,
				-21.815,
				3.167,
				-16.681,
				1,
				3.278,
				-11.546,
				3.389,
				-5.015,
				3.5,
				0,
				1,
				3.622,
				5.517,
				3.744,
				7.616,
				3.867,
				7.616,
				1,
				3.989,
				7.616,
				4.111,
				4.061,
				4.233,
				0,
				1,
				4.267,
				-1.108,
				4.3,
				-1,
				4.333,
				-1,
				0,
				4.367,
				-1
			]
		},
		{
			"Target": "Parameter",
			"Id": "ParamRA2",
			"Segments": [
				0,
				0,
				1,
				0.178,
				0,
				0.356,
				-18,
				0.533,
				-18,
				1,
				0.622,
				-18,
				0.711,
				-18,
				0.8,
				-18,
				1,
				0.856,
				-18,
				0.911,
				-11.541,
				0.967,
				-10,
				1,
				1.089,
				-6.609,
				1.211,
				-2.522,
				1.333,
				-2,
				1,
				1.722,
				-0.338,
				2.111,
				0,
				2.5,
				0,
				1,
				2.711,
				0,
				2.922,
				-12,
				3.133,
				-12,
				1,
				3.544,
				-12,
				3.956,
				0,
				4.367,
				0
			]
		},
		{
			"Target": "Parameter",
			"Id": "ParamRA",
			"Segments": [
				0,
				0,
				1,
				0.178,
				0,
				0.356,
				30,
				0.533,
				30,
				1,
				0.622,
				30,
				0.711,
				30,
				0.8,
				30,
				1,
				0.856,
				30,
				0.911,
				20.485,
				0.967,
				18,
				1,
				1.089,
				12.533,
				1.211,
				6.265,
				1.333,
				5,
				1,
				1.722,
				0.974,
				2.111,
				0,
				2.5,
				0,
				1,
				2.711,
				0,
				2.922,
				18,
				3.133,
				18,
				1,
				3.544,
				18,
				3.956,
				0,
				4.367,
				0
			]
		},
		{
			"Target": "Parameter",
			"Id": "ParamRHand",
			"Segments": [
				0,
				0,
				1,
				1.456,
				0,
				2.911,
				0,
				4.367,
				0
			]
		},
		{
			"Target": "Parameter",
			"Id": "ParamRHand0",
			"Segments": [
				0,
				0,
				1,
				1.456,
				0,
				2.911,
				0,
				4.367,
				0
			]
		},
		{
			"Target": "Parameter",
			"Id": "ParamRHand1",
			"Segments": [
				0,
				0,
				1,
				1.456,
				0,
				2.911,
				0,
				4.367,
				0
			]
		},
		{
			"Target": "Parameter",
			"Id": "ParamRHand2",
			"Segments": [
				0,
				0,
				1,
				1.456,
				0,
				2.911,
				0,
				4.367,
				0
			]
		},
		{
			"Target": "Parameter",
			"Id": "ParamRHand3",
			"Segments": [
				0,
				0,
				1,
				1.456,
				0,
				2.911,
				0,
				4.367,
				0
			]
		},
		{
			"Target": "Parameter",
			"Id": "ParamLA",
			"Segments": [
				0,
				0,
				1,
				0.167,
				0,
				0.333,
				-15,
				0.5,
				-15,
				1,
				0.778,
				-15,
				1.056,
				11,
				1.333,
				11,
				1,
				1.544,
				11,
				1.756,
				-2.397,
				1.967,
				-7,
				1,
				2.178,
				-11.603,
				2.389,
				-11.727,
				2.6,
				-16,
				1,
				2.756,
				-19.149,
				2.911,
				-30,
				3.067,
				-30,
				1,
				3.5,
				-30,
				3.933,
				0,
				4.367,
				0
			]
		},
		{
			"Target": "Parameter",
			"Id": "ParamLHand1",
			"Segments": [
				0,
				0,
				1,
				0.167,
				0,
				0.333,
				-0.3,
				0.5,
				-0.3,
				1,
				0.778,
				-0.3,
				1.056,
				0.2,
				1.333,
				0.2,
				1,
				1.544,
				0.2,
				1.756,
				0.036,
				1.967,
				-0.1,
				1,
				2.333,
				-0.337,
				2.7,
				-0.4,
				3.067,
				-0.4,
				1,
				3.5,
				-0.4,
				3.933,
				0.018,
				4.367,
				0.018
			]
		},
		{
			"Target": "Parameter",
			"Id": "ParamLHand2",
			"Segments": [
				0,
				0,
				1,
				0.167,
				0,
				0.333,
				-0.3,
				0.5,
				-0.3,
				1,
				0.778,
				-0.3,
				1.056,
				0.2,
				1.333,
				0.2,
				1,
				1.544,
				0.2,
				1.756,
				0.036,
				1.967,
				-0.1,
				1,
				2.333,
				-0.337,
				2.7,
				-0.4,
				3.067,
				-0.4,
				1,
				3.5,
				-0.4,
				3.933,
				0.018,
				4.367,
				0.018
			]
		},
		{
			"Target": "Parameter",
			"Id": "ParamLHand3",
			"Segments": [
				0,
				0,
				1,
				0.167,
				0,
				0.333,
				-0.3,
				0.5,
				-0.3,
				1,
				0.778,
				-0.3,
				1.056,
				0.2,
				1.333,
				0.2,
				1,
				1.544,
				0.2,
				1.756,
				0.036,
				1.967,
				-0.1,
				1,
				2.333,
				-0.337,
				2.7,
				-0.4,
				3.067,
				-0.4,
				1,
				3.5,
				-0.4,
				3.933,
				0.018,
				4.367,
				0.018
			]
		},
		{
			"Target": "Parameter",
			"Id": "ParamLHand4",
			"Segments": [
				0,
				0,
				1,
				0.167,
				0,
				0.333,
				-0.3,
				0.5,
				-0.3,
				1,
				0.778,
				-0.3,
				1.056,
				0.2,
				1.333,
				0.2,
				1,
				1.544,
				0.2,
				1.756,
				0.036,
				1.967,
				-0.1,
				1,
				2.333,
				-0.337,
				2.7,
				-0.4,
				3.067,
				-0.4,
				1,
				3.5,
				-0.4,
				3.933,
				0.018,
				4.367,
				0.018
			]
		},
		{
			"Target": "Parameter",
			"Id": "ParamAngleX",
			"Segments": [
				0,
				0,
				1,
				0.178,
				0,
				0.356,
				21,
				0.533,
				21,
				1,
				0.856,
				21,
				1.178,
				-2.482,
				1.5,
				-10,
				1,
				1.744,
				-15.703,
				1.989,
				-15,
				2.233,
				-15,
				1,
				2.5,
				-15,
				2.767,
				5,
				3.033,
				5,
				1,
				3.478,
				5,
				3.922,
				0,
				4.367,
				0
			]
		},
		{
			"Target": "Parameter",
			"Id": "ParamAngleY",
			"Segments": [
				0,
				0,
				1,
				0.233,
				0,
				0.467,
				1.042,
				0.7,
				7.057,
				1,
				0.967,
				13.932,
				1.233,
				21,
				1.5,
				21,
				1,
				1.744,
				21,
				1.989,
				15.644,
				2.233,
				12.831,
				1,
				2.478,
				10.019,
				2.722,
				9.304,
				2.967,
				7.057,
				1,
				3.433,
				2.768,
				3.9,
				0,
				4.367,
				0
			]
		},
		{
			"Target": "Parameter",
			"Id": "ParamAngleZ",
			"Segments": [
				0,
				0,
				1,
				0.178,
				0,
				0.356,
				3,
				0.533,
				3,
				1,
				0.856,
				3,
				1.178,
				-3,
				1.5,
				-3,
				1,
				1.744,
				-3,
				1.989,
				-3,
				2.233,
				-3,
				1,
				2.5,
				-3,
				2.767,
				1,
				3.033,
				1,
				1,
				3.478,
				1,
				3.922,
				-0.03,
				4.367,
				-0.03
			]
		},
		{
			"Target": "Parameter",
			"Id": "ParamEyeLOpen",
			"Segments": [
				0,
				1,
				0,
				0.4,
				1,
				1,
				0.444,
				1,
				0.489,
				0,
				0.533,
				0,
				1,
				0.556,
				0,
				0.578,
				0,
				0.6,
				0,
				1,
				0.656,
				0,
				0.711,
				0.8,
				0.767,
				0.8,
				1,
				1.156,
				0.8,
				1.544,
				0.8,
				1.933,
				0.8,
				1,
				1.978,
				0.8,
				2.022,
				0,
				2.067,
				0,
				1,
				2.089,
				0,
				2.111,
				0,
				2.133,
				0,
				1,
				2.189,
				0,
				2.244,
				0.8,
				2.3,
				0.8,
				1,
				2.756,
				0.8,
				3.211,
				0.8,
				3.667,
				0.8,
				1,
				3.711,
				0.8,
				3.756,
				0,
				3.8,
				0,
				1,
				3.822,
				0,
				3.844,
				0,
				3.867,
				0,
				1,
				3.922,
				0,
				3.978,
				1,
				4.033,
				1,
				0,
				4.367,
				1
			]
		},
		{
			"Target": "Parameter",
			"Id": "ParamEyeROpen",
			"Segments": [
				0,
				1,
				0,
				0.4,
				1,
				1,
				0.444,
				1,
				0.489,
				0,
				0.533,
				0,
				1,
				0.556,
				0,
				0.578,
				0,
				0.6,
				0,
				1,
				0.656,
				0,
				0.711,
				0.8,
				0.767,
				0.8,
				1,
				1.156,
				0.8,
				1.544,
				0.8,
				1.933,
				0.8,
				1,
				1.978,
				0.8,
				2.022,
				0,
				2.067,
				0,
				1,
				2.089,
				0,
				2.111,
				0,
				2.133,
				0,
				1,
				2.189,
				0,
				2.244,
				0.8,
				2.3,
				0.8,
				1,
				2.756,
				0.8,
				3.211,
				0.8,
				3.667,
				0.8,
				1,
				3.711,
				0.8,
				3.756,
				0,
				3.8,
				0,
				1,
				3.822,
				0,
				3.844,
				0,
				3.867,
				0,
				1,
				3.922,
				0,
				3.978,
				1,
				4.033,
				1,
				0,
				4.367,
				1
			]
		},
		{
			"Target": "Parameter",
			"Id": "ParamEyeBallX",
			"Segments": [
				0,
				0,
				1,
				0.178,
				0,
				0.356,
				1,
				0.533,
				1,
				1,
				0.856,
				1,
				1.178,
				-1,
				1.5,
				-1,
				1,
				1.744,
				-1,
				1.989,
				-1,
				2.233,
				-1,
				1,
				2.5,
				-1,
				2.767,
				1,
				3.033,
				1,
				1,
				3.478,
				1,
				3.922,
				0,
				4.367,
				0
			]
		},
		{
			"Target": "Parameter",
			"Id": "ParamEyeBallY",
			"Segments": [
				0,
				0,
				1,
				0.178,
				0,
				0.356,
				1,
				0.533,
				1,
				1,
				0.856,
				1,
				1.178,
				0,
				1.5,
				0,
				1,
				1.744,
				0,
				1.989,
				0,
				2.233,
				0,
				1,
				2.5,
				0,
				2.767,
				0.2,
				3.033,
				0.2,
				1,
				3.478,
				0.2,
				3.922,
				0,
				4.367,
				0
			]
		},
		{
			"Target": "Parameter",
			"Id": "ParamBrowY",
			"Segments": [
				0,
				0,
				1,
				0.178,
				0,
				0.356,
				-1,
				0.533,
				-1,
				1,
				1.367,
				-1,
				2.2,
				-1,
				3.033,
				-1,
				1,
				3.478,
				-1,
				3.922,
				0,
				4.367,
				0
			]
		},
		{
			"Target": "Parameter",
			"Id": "ParamBrowForm",
			"Segments": [
				0,
				0,
				1,
				0.222,
				0,
				0.444,
				-0.878,
				0.667,
				-0.9,
				1,
				1.511,
				-0.984,
				2.356,
				-1,
				3.2,
				-1,
				1,
				3.589,
				-1,
				3.978,
				0,
				4.367,
				0
			]
		},
		{
			"Target": "Parameter",
			"Id": "ParamMouthForm",
			"Segments": [
				0,
				0,
				1,
				0.211,
				0,
				0.422,
				0,
				0.633,
				0,
				1,
				0.811,
				0,
				0.989,
				0.4,
				1.167,
				0.4,
				1,
				1.433,
				0.4,
				1.7,
				0,
				1.967,
				0,
				1,
				2.356,
				0,
				2.744,
				0.7,
				3.133,
				0.7,
				1,
				3.544,
				0.7,
				3.956,
				0,
				4.367,
				0
			]
		},
		{
			"Target": "Parameter",
			"Id": "ParamMouthOpenY",
			"Segments": [
				0,
				0,
				1,
				0.211,
				0,
				0.422,
				0.8,
				0.633,
				0.8,
				1,
				1.489,
				0.8,
				2.344,
				0.8,
				3.2,
				0.8,
				1,
				3.589,
				0.8,
				3.978,
				0,
				4.367,
				0
			]
		},
		{
			"Target": "Parameter",
			"Id": "ParamCheek",
			"Segments": [
				0,
				0,
				1,
				0.189,
				0,
				0.378,
				1,
				0.567,
				1,
				1,
				1.522,
				1,
				2.478,
				1,
				3.433,
				1,
				1,
				3.744,
				1,
				4.056,
				0,
				4.367,
				0
			]
		},
		{
			"Target": "Parameter",
			"Id": "ParamBodyAngleX",
			"Segments": [
				0,
				0,
				1,
				0.1,
				0,
				0.2,
				3,
				0.3,
				3,
				1,
				0.433,
				3,
				0.567,
				0.916,
				0.7,
				0,
				1,
				0.844,
				-0.992,
				0.989,
				-1.097,
				1.133,
				-2,
				1,
				1.5,
				-4.292,
				1.867,
				-6,
				2.233,
				-6,
				1,
				2.544,
				-6,
				2.856,
				4,
				3.167,
				4,
				1,
				3.567,
				4,
				3.967,
				0,
				4.367,
				0
			]
		},
		{
			"Target": "Parameter",
			"Id": "ParamBodyAngleY",
			"Segments": [
				0,
				0,
				1,
				0.1,
				0,
				0.2,
				0.577,
				0.3,
				2,
				1,
				0.433,
				3.898,
				0.567,
				5,
				0.7,
				5,
				1,
				0.844,
				5,
				0.989,
				1.351,
				1.133,
				1,
				1,
				1.5,
				0.108,
				1.867,
				0,
				2.233,
				0,
				1,
				2.544,
				0,
				2.856,
				2,
				3.167,
				2,
				1,
				3.567,
				2,
				3.967,
				0,
				4.367,
				0
			]
		},
		{
			"Target": "Parameter",
			"Id": "ParamBreat",
			"Segments": [
				0,
				0,
				1,
				0.244,
				0,
				0.489,
				1,
				0.733,
				1,
				1,
				1.522,
				1,
				2.311,
				1,
				3.1,
				1,
				1,
				3.522,
				1,
				3.944,
				0.5,
				4.367,
				0.5
			]
		},
		{
			"Target": "Parameter",
			"Id": "ParamHairFront",
			"Segments": [
				0,
				0,
				1,
				0.2,
				0,
				0.4,
				-1,
				0.6,
				-1,
				1,
				0.833,
				-1,
				1.067,
				0.9,
				1.3,
				0.9,
				1,
				1.5,
				0.9,
				1.7,
				-0.5,
				1.9,
				-0.5,
				1,
				2.089,
				-0.5,
				2.278,
				0.2,
				2.467,
				0.2,
				1,
				2.689,
				0.2,
				2.911,
				-0.6,
				3.133,
				-0.6,
				1,
				3.3,
				-0.6,
				3.467,
				0.3,
				3.633,
				0.3,
				1,
				3.767,
				0.3,
				3.9,
				-0.1,
				4.033,
				-0.1,
				1,
				4.144,
				-0.1,
				4.256,
				0,
				4.367,
				0
			]
		},
		{
			"Target": "Parameter",
			"Id": "ParamHairSide",
			"Segments": [
				0,
				0,
				0,
				0.1,
				0,
				1,
				0.3,
				0,
				0.5,
				-0.7,
				0.7,
				-0.7,
				1,
				0.933,
				-0.7,
				1.167,
				0.8,
				1.4,
				0.8,
				1,
				1.6,
				0.8,
				1.8,
				-0.5,
				2,
				-0.5,
				1,
				2.189,
				-0.5,
				2.378,
				0.2,
				2.567,
				0.2,
				1,
				2.789,
				0.2,
				3.011,
				-0.4,
				3.233,
				-0.4,
				1,
				3.4,
				-0.4,
				3.567,
				0.2,
				3.733,
				0.2,
				1,
				3.867,
				0.2,
				4,
				0,
				4.133,
				0,
				1,
				4.211,
				0,
				4.289,
				0.01,
				4.367,
				0.01
			]
		},
		{
			"Target": "Parameter",
			"Id": "ParamHairBack",
			"Segments": [
				0,
				0,
				0,
				0.2,
				0,
				1,
				0.4,
				0,
				0.6,
				-0.7,
				0.8,
				-0.7,
				1,
				1.033,
				-0.7,
				1.267,
				0.9,
				1.5,
				0.9,
				1,
				1.7,
				0.9,
				1.9,
				-0.5,
				2.1,
				-0.5,
				1,
				2.289,
				-0.5,
				2.478,
				0.3,
				2.667,
				0.3,
				1,
				2.889,
				0.3,
				3.111,
				-0.4,
				3.333,
				-0.4,
				1,
				3.5,
				-0.4,
				3.667,
				0.2,
				3.833,
				0.2,
				1,
				3.967,
				0.2,
				4.1,
				0,
				4.233,
				0,
				1,
				4.278,
				0,
				4.322,
				0.01,
				4.367,
				0.01
			]
		},
		{
			"Target": "Parameter",
			"Id": "ParamHairWind",
			"Segments": [
				0,
				0,
				0,
				0.1,
				0,
				1,
				0.3,
				0,
				0.5,
				-0.505,
				0.7,
				-0.6,
				1,
				0.933,
				-0.71,
				1.167,
				-0.7,
				1.4,
				-0.7,
				1,
				1.6,
				-0.7,
				1.8,
				0,
				2,
				0,
				1,
				2.189,
				0,
				2.378,
				0,
				2.567,
				0,
				1,
				3.167,
				0,
				3.767,
				0.01,
				4.367,
				0.01
			]
		},
		{
			"Target": "Parameter",
			"Id": "ParamClothX",
			"Segments": [
				0,
				0,
				1,
				0.2,
				0,
				0.4,
				-5,
				0.6,
				-5,
				1,
				0.856,
				-5,
				1.111,
				4,
				1.367,
				4,
				1,
				1.578,
				4,
				1.789,
				-6,
				2,
				-6,
				1,
				2.2,
				-6,
				2.4,
				1,
				2.6,
				1,
				1,
				2.822,
				1,
				3.044,
				0,
				3.267,
				0,
				1,
				3.433,
				0,
				3.6,
				0,
				3.767,
				0,
				1,
				3.967,
				0,
				4.167,
				-0.1,
				4.367,
				-0.1
			]
		},
		{
			"Target": "Parameter",
			"Id": "ParamClothY",
			"Segments": [
				0,
				0,
				1,
				0.2,
				0,
				0.4,
				-2,
				0.6,
				-2,
				1,
				0.856,
				-2,
				1.111,
				10,
				1.367,
				10,
				1,
				1.578,
				10,
				1.789,
				6.615,
				2,
				5,
				1,
				2.2,
				3.47,
				2.4,
				3.598,
				2.6,
				2,
				1,
				2.822,
				0.225,
				3.044,
				-4,
				3.267,
				-4,
				1,
				3.433,
				-4,
				3.6,
				0,
				3.767,
				0,
				1,
				3.967,
				0,
				4.167,
				-0.2,
				4.367,
				-0.2
			]
		},
		{
			"Target": "Parameter",
			"Id": "ParamYears",
			"Segments": [
				0,
				0,
				0,
				0.1,
				0,
				1,
				0.3,
				0,
				0.5,
				-11,
				0.7,
				-11,
				1,
				0.956,
				-11,
				1.211,
				17,
				1.467,
				17,
				1,
				1.678,
				17,
				1.889,
				-15,
				2.1,
				-15,
				1,
				2.3,
				-15,
				2.5,
				10,
				2.7,
				10,
				1,
				2.922,
				10,
				3.144,
				-2,
				3.367,
				-2,
				1,
				3.533,
				-2,
				3.7,
				0,
				3.867,
				0,
				1,
				4.033,
				0,
				4.2,
				0,
				4.367,
				0
			]
		},
		{
			"Target": "Parameter",
			"Id": "ParamHairs",
			"Segments": [
				0,
				0,
				0,
				0.1,
				0,
				1,
				0.3,
				0,
				0.5,
				-18,
				0.7,
				-18,
				1,
				0.956,
				-18,
				1.211,
				18,
				1.467,
				18,
				1,
				1.678,
				18,
				1.889,
				-15,
				2.1,
				-15,
				1,
				2.3,
				-15,
				2.5,
				10,
				2.7,
				10,
				1,
				2.922,
				10,
				3.144,
				-3,
				3.367,
				-3,
				1,
				3.533,
				-3,
				3.7,
				0,
				3.867,
				0,
				1,
				4.033,
				0,
				4.2,
				0,
				4.367,
				0
			]
		},
		{
			"Target": "Parameter",
			"Id": "ParamBg",
			"Segments": [
				0,
				0,
				1,
				0.3,
				0,
				0.6,
				0,
				0.9,
				0,
				1,
				1.022,
				0,
				1.144,
				0.2,
				1.267,
				0.2,
				1,
				1.311,
				0.2,
				1.356,
				0,
				1.4,
				0,
				0,
				4.367,
				0
			]
		},
		{
			"Target": "Parameter",
			"Id": "Param_Angle_Rotation65",
			"Segments": [
				0,
				0,
				0,
				0.133,
				0,
				1,
				0.356,
				0,
				0.578,
				-11,
				0.8,
				-11,
				1,
				1.089,
				-11,
				1.378,
				10,
				1.667,
				10,
				1,
				1.856,
				10,
				2.044,
				-7,
				2.233,
				-7,
				1,
				2.444,
				-7,
				2.656,
				4,
				2.867,
				4,
				1,
				3.078,
				4,
				3.289,
				-3,
				3.5,
				-3,
				1,
				3.667,
				-3,
				3.833,
				0,
				4,
				0,
				1,
				4.122,
				0,
				4.244,
				-0.17,
				4.367,
				-0.17
			]
		},
		{
			"Target": "Parameter",
			"Id": "Param_Angle_Rotation66",
			"Segments": [
				0,
				0,
				0,
				0.3,
				0,
				1,
				0.522,
				0,
				0.744,
				-10,
				0.967,
				-10,
				1,
				1.256,
				-10,
				1.544,
				8,
				1.833,
				8,
				1,
				2.022,
				8,
				2.211,
				-7,
				2.4,
				-7,
				1,
				2.611,
				-7,
				2.822,
				4,
				3.033,
				4,
				1,
				3.244,
				4,
				3.456,
				-2,
				3.667,
				-2,
				1,
				3.833,
				-2,
				4,
				0,
				4.167,
				0,
				1,
				4.233,
				0,
				4.3,
				-2.08,
				4.367,
				-2.08
			]
		},
		{
			"Target": "Parameter",
			"Id": "Param_Angle_Rotation68",
			"Segments": [
				0,
				0,
				0,
				0.133,
				0,
				1,
				0.356,
				0,
				0.578,
				-9,
				0.8,
				-9,
				1,
				1.089,
				-9,
				1.378,
				9,
				1.667,
				9,
				1,
				1.856,
				9,
				2.044,
				-6,
				2.233,
				-6,
				1,
				2.444,
				-6,
				2.656,
				4,
				2.867,
				4,
				1,
				3.078,
				4,
				3.289,
				-2,
				3.5,
				-2,
				1,
				3.667,
				-2,
				3.833,
				0,
				4,
				0,
				1,
				4.122,
				0,
				4.244,
				-0.21,
				4.367,
				-0.21
			]
		},
		{
			"Target": "Parameter",
			"Id": "Param_Angle_Rotation69",
			"Segments": [
				0,
				0,
				0,
				0.3,
				0,
				1,
				0.522,
				0,
				0.744,
				-9,
				0.967,
				-9,
				1,
				1.256,
				-9,
				1.544,
				9,
				1.833,
				9,
				1,
				2.022,
				9,
				2.211,
				-6,
				2.4,
				-6,
				1,
				2.611,
				-6,
				2.822,
				4,
				3.033,
				4,
				1,
				3.244,
				4,
				3.456,
				-2,
				3.667,
				-2,
				1,
				3.833,
				-2,
				4,
				0,
				4.167,
				0,
				1,
				4.233,
				0,
				4.3,
				-2.5,
				4.367,
				-2.5
			]
		},
		{
			"Target": "Parameter",
			"Id": "Param_Angle_Rotation71",
			"Segments": [
				0,
				0,
				0,
				0.133,
				0,
				1,
				0.356,
				0,
				0.578,
				-10,
				0.8,
				-10,
				1,
				1.089,
				-10,
				1.378,
				9,
				1.667,
				9,
				1,
				1.856,
				9,
				2.044,
				-7,
				2.233,
				-7,
				1,
				2.444,
				-7,
				2.656,
				6,
				2.867,
				6,
				1,
				3.078,
				6,
				3.289,
				-2,
				3.5,
				-2,
				1,
				3.667,
				-2,
				3.833,
				0,
				4,
				0,
				1,
				4.122,
				0,
				4.244,
				-0.24,
				4.367,
				-0.24
			]
		},
		{
			"Target": "Parameter",
			"Id": "Param_Angle_Rotation72",
			"Segments": [
				0,
				0,
				0,
				0.3,
				0,
				1,
				0.522,
				0,
				0.744,
				-10,
				0.967,
				-10,
				1,
				1.256,
				-10,
				1.544,
				11,
				1.833,
				11,
				1,
				2.022,
				11,
				2.211,
				-8,
				2.4,
				-8,
				1,
				2.611,
				-8,
				2.822,
				5,
				3.033,
				5,
				1,
				3.244,
				5,
				3.456,
				-2,
				3.667,
				-2,
				1,
				3.833,
				-2,
				4,
				0,
				4.167,
				0,
				1,
				4.233,
				0,
				4.3,
				-2.92,
				4.367,
				-2.92
			]
		},
		{
			"Target": "Parameter",
			"Id": "Param_Angle_Rotation73",
			"Segments": [
				0,
				0,
				0,
				0.433,
				0,
				1,
				0.656,
				0,
				0.878,
				-9,
				1.1,
				-9,
				1,
				1.389,
				-9,
				1.678,
				10,
				1.967,
				10,
				1,
				2.156,
				10,
				2.344,
				-8,
				2.533,
				-8,
				1,
				2.744,
				-8,
				2.956,
				6,
				3.167,
				6,
				1,
				3.378,
				6,
				3.589,
				-2,
				3.8,
				-2,
				1,
				3.967,
				-2,
				4.133,
				0,
				4.3,
				0,
				1,
				4.322,
				0,
				4.344,
				-6.12,
				4.367,
				-6.12
			]
		},
		{
			"Target": "Parameter",
			"Id": "Param_Angle_Rotation50",
			"Segments": [
				0,
				0,
				0,
				0.133,
				0,
				1,
				0.356,
				0,
				0.578,
				-11,
				0.8,
				-11,
				1,
				1.089,
				-11,
				1.378,
				10,
				1.667,
				10,
				1,
				1.856,
				10,
				2.044,
				-8,
				2.233,
				-8,
				1,
				2.444,
				-8,
				2.656,
				4,
				2.867,
				4,
				1,
				3.078,
				4,
				3.289,
				-2,
				3.5,
				-2,
				1,
				3.667,
				-2,
				3.833,
				-0.956,
				4,
				0,
				1,
				4.122,
				0.701,
				4.244,
				0.76,
				4.367,
				0.76
			]
		},
		{
			"Target": "Parameter",
			"Id": "Param_Angle_Rotation51",
			"Segments": [
				0,
				0,
				0,
				0.3,
				0,
				1,
				0.522,
				0,
				0.744,
				-9,
				0.967,
				-9,
				1,
				1.256,
				-9,
				1.544,
				9,
				1.833,
				9,
				1,
				2.022,
				9,
				2.211,
				-8,
				2.4,
				-8,
				1,
				2.611,
				-8,
				2.822,
				3,
				3.033,
				3,
				1,
				3.244,
				3,
				3.456,
				-2,
				3.667,
				-2,
				1,
				3.833,
				-2,
				4,
				-1.665,
				4.167,
				0,
				1,
				4.233,
				0.666,
				4.3,
				2.92,
				4.367,
				2.92
			]
		},
		{
			"Target": "Parameter",
			"Id": "Param_Angle_Rotation52",
			"Segments": [
				0,
				0,
				0,
				0.467,
				0,
				1,
				0.689,
				0,
				0.911,
				-9,
				1.133,
				-9,
				1,
				1.422,
				-9,
				1.711,
				9,
				2,
				9,
				1,
				2.189,
				9,
				2.378,
				-8,
				2.567,
				-8,
				1,
				2.778,
				-8,
				2.989,
				3,
				3.2,
				3,
				1,
				3.411,
				3,
				3.622,
				-2,
				3.833,
				-2,
				1,
				4,
				-2,
				4.167,
				-1.41,
				4.333,
				0,
				1,
				4.344,
				0.094,
				4.356,
				7.72,
				4.367,
				7.72
			]
		},
		{
			"Target": "Parameter",
			"Id": "Param_Angle_Rotation54",
			"Segments": [
				0,
				0,
				0,
				0.133,
				0,
				1,
				0.356,
				0,
				0.578,
				-10,
				0.8,
				-10,
				1,
				1.089,
				-10,
				1.378,
				10,
				1.667,
				10,
				1,
				1.856,
				10,
				2.044,
				-8,
				2.233,
				-8,
				1,
				2.444,
				-8,
				2.656,
				5,
				2.867,
				5,
				1,
				3.078,
				5,
				3.289,
				-2,
				3.5,
				-2,
				1,
				3.667,
				-2,
				3.833,
				-0.956,
				4,
				0,
				1,
				4.122,
				0.701,
				4.244,
				0.76,
				4.367,
				0.76
			]
		},
		{
			"Target": "Parameter",
			"Id": "Param_Angle_Rotation55",
			"Segments": [
				0,
				0,
				0,
				0.3,
				0,
				1,
				0.522,
				0,
				0.744,
				-10,
				0.967,
				-10,
				1,
				1.256,
				-10,
				1.544,
				10,
				1.833,
				10,
				1,
				2.022,
				10,
				2.211,
				-8,
				2.4,
				-8,
				1,
				2.611,
				-8,
				2.822,
				5,
				3.033,
				5,
				1,
				3.244,
				5,
				3.456,
				-2,
				3.667,
				-2,
				1,
				3.833,
				-2,
				4,
				-1.687,
				4.167,
				0,
				1,
				4.233,
				0.675,
				4.3,
				3.5,
				4.367,
				3.5
			]
		},
		{
			"Target": "Parameter",
			"Id": "Param_Angle_Rotation56",
			"Segments": [
				0,
				0,
				0,
				0.467,
				0,
				1,
				0.689,
				0,
				0.911,
				-10,
				1.133,
				-10,
				1,
				1.422,
				-10,
				1.711,
				10,
				2,
				10,
				1,
				2.189,
				10,
				2.378,
				-8,
				2.567,
				-8,
				1,
				2.778,
				-8,
				2.989,
				6,
				3.2,
				6,
				1,
				3.411,
				6,
				3.622,
				-2,
				3.833,
				-2,
				1,
				4,
				-2,
				4.167,
				-1.409,
				4.333,
				0,
				1,
				4.344,
				0.094,
				4.356,
				5.79,
				4.367,
				5.79
			]
		},
		{
			"Target": "Parameter",
			"Id": "Param_Angle_Rotation58",
			"Segments": [
				0,
				0,
				0,
				0.133,
				0,
				1,
				0.356,
				0,
				0.578,
				-10,
				0.8,
				-10,
				1,
				1.089,
				-10,
				1.378,
				11,
				1.667,
				11,
				1,
				1.856,
				11,
				2.044,
				-7,
				2.233,
				-7,
				1,
				2.444,
				-7,
				2.656,
				6,
				2.867,
				6,
				1,
				3.078,
				6,
				3.289,
				-2,
				3.5,
				-2,
				1,
				3.667,
				-2,
				3.833,
				-1.184,
				4,
				0,
				1,
				4.122,
				0.868,
				4.244,
				1.13,
				4.367,
				1.13
			]
		},
		{
			"Target": "Parameter",
			"Id": "Param_Angle_Rotation59",
			"Segments": [
				0,
				0,
				0,
				0.3,
				0,
				1,
				0.522,
				0,
				0.744,
				-10,
				0.967,
				-10,
				1,
				1.256,
				-10,
				1.544,
				10,
				1.833,
				10,
				1,
				2.022,
				10,
				2.211,
				-8,
				2.4,
				-8,
				1,
				2.611,
				-8,
				2.822,
				6,
				3.033,
				6,
				1,
				3.244,
				6,
				3.456,
				-2,
				3.667,
				-2,
				1,
				3.833,
				-2,
				4,
				-1.687,
				4.167,
				0,
				1,
				4.233,
				0.675,
				4.3,
				3.5,
				4.367,
				3.5
			]
		},
		{
			"Target": "Parameter",
			"Id": "Param_Angle_Rotation61",
			"Segments": [
				0,
				0,
				0,
				0.133,
				0,
				1,
				0.356,
				0,
				0.578,
				-9,
				0.8,
				-9,
				1,
				1.089,
				-9,
				1.378,
				10,
				1.667,
				10,
				1,
				1.856,
				10,
				2.044,
				-7,
				2.233,
				-7,
				1,
				2.444,
				-7,
				2.656,
				4,
				2.867,
				4,
				1,
				3.078,
				4,
				3.289,
				-2,
				3.5,
				-2,
				1,
				3.667,
				-2,
				3.833,
				-0.852,
				4,
				0,
				1,
				4.122,
				0.625,
				4.244,
				0.63,
				4.367,
				0.63
			]
		},
		{
			"Target": "Parameter",
			"Id": "Param_Angle_Rotation62",
			"Segments": [
				0,
				0,
				0,
				0.3,
				0,
				1,
				0.522,
				0,
				0.744,
				-9,
				0.967,
				-9,
				1,
				1.256,
				-9,
				1.544,
				10,
				1.833,
				10,
				1,
				2.022,
				10,
				2.211,
				-8,
				2.4,
				-8,
				1,
				2.611,
				-8,
				2.822,
				4,
				3.033,
				4,
				1,
				3.244,
				4,
				3.456,
				-2,
				3.667,
				-2,
				1,
				3.833,
				-2,
				4,
				-1.687,
				4.167,
				0,
				1,
				4.233,
				0.675,
				4.3,
				3.5,
				4.367,
				3.5
			]
		},
		{
			"Target": "Parameter",
			"Id": "Param_Angle_Rotation63",
			"Segments": [
				0,
				0,
				0,
				0.467,
				0,
				1,
				0.689,
				0,
				0.911,
				-9,
				1.133,
				-9,
				1,
				1.422,
				-9,
				1.711,
				10,
				2,
				10,
				1,
				2.189,
				10,
				2.378,
				-8,
				2.567,
				-8,
				1,
				2.778,
				-8,
				2.989,
				5,
				3.2,
				5,
				1,
				3.411,
				5,
				3.622,
				-2,
				3.833,
				-2,
				1,
				4,
				-2,
				4.167,
				-1.409,
				4.333,
				0,
				1,
				4.344,
				0.094,
				4.356,
				5.79,
				4.367,
				5.79
			]
		}
	]
}