{
	"Version": 3,
	"Meta": {
		"Duration": 3.267,
		"Fps": 30.0,
		"Loop": true,
		"AreBeziersRestricted": false,
		"CurveCount": 77,
		"TotalSegmentCount": 443,
		"TotalPointCount": 1314,
		"UserDataCount": 0,
		"TotalUserDataSize": 0
	},
	"Curves": [
		{
			"Target": "Parameter",
			"Id": "ParamLegL1in",
			"Segments": [
				0,
				0,
				1,
				0.167,
				0,
				0.333,
				-24,
				0.5,
				-24,
				1,
				0.633,
				-24,
				0.767,
				29,
				0.9,
				29,
				1,
				1.1,
				29,
				1.3,
				-18,
				1.5,
				-18,
				1,
				1.689,
				-18,
				1.878,
				10,
				2.067,
				10,
				1,
				2.233,
				10,
				2.4,
				0,
				2.567,
				0,
				0,
				3.267,
				0
			]
		},
		{
			"Target": "Parameter",
			"Id": "ParamLegL1",
			"Segments": [
				0,
				0,
				1,
				0.167,
				0,
				0.333,
				0,
				0.5,
				0,
				1,
				0.633,
				0,
				0.767,
				1,
				0.9,
				1,
				1,
				1.1,
				1,
				1.3,
				1,
				1.5,
				1,
				1,
				1.689,
				1,
				1.878,
				-1,
				2.067,
				-1,
				1,
				2.233,
				-1,
				2.4,
				0,
				2.567,
				0,
				0,
				3.267,
				0
			]
		},
		{
			"Target": "Parameter",
			"Id": "ParamLegL2",
			"Segments": [
				0,
				0,
				1,
				0.167,
				0,
				0.333,
				-3,
				0.5,
				-3,
				1,
				0.633,
				-3,
				0.767,
				0,
				0.9,
				0,
				1,
				1.289,
				0,
				1.678,
				-2,
				2.067,
				-2,
				1,
				2.322,
				-2,
				2.578,
				0,
				2.833,
				0,
				0,
				3.267,
				0
			]
		},
		{
			"Target": "Parameter",
			"Id": "ParamLegR1in",
			"Segments": [
				0,
				0,
				1,
				0.167,
				0,
				0.333,
				-24,
				0.5,
				-24,
				1,
				0.633,
				-24,
				0.767,
				30,
				0.9,
				30,
				1,
				1.1,
				30,
				1.3,
				-19,
				1.5,
				-19,
				1,
				1.689,
				-19,
				1.878,
				8,
				2.067,
				8,
				1,
				2.233,
				8,
				2.4,
				0,
				2.567,
				0,
				0,
				3.267,
				0
			]
		},
		{
			"Target": "Parameter",
			"Id": "ParamLegR1",
			"Segments": [
				0,
				0,
				1,
				0.167,
				0,
				0.333,
				-1,
				0.5,
				-1,
				1,
				0.633,
				-1,
				0.767,
				-0.784,
				0.9,
				0,
				1,
				1.1,
				1.176,
				1.3,
				2,
				1.5,
				2,
				1,
				1.689,
				2,
				1.878,
				1.706,
				2.067,
				1,
				1,
				2.233,
				0.377,
				2.4,
				0,
				2.567,
				0,
				0,
				3.267,
				0
			]
		},
		{
			"Target": "Parameter",
			"Id": "ParamLegR2",
			"Segments": [
				0,
				0,
				1,
				0.167,
				0,
				0.333,
				-7,
				0.5,
				-7,
				1,
				0.633,
				-7,
				0.767,
				1,
				0.9,
				1,
				1,
				1.1,
				1,
				1.3,
				-0.945,
				1.5,
				-2,
				1,
				1.689,
				-2.996,
				1.878,
				-3,
				2.067,
				-3,
				1,
				2.322,
				-3,
				2.578,
				0,
				2.833,
				0,
				0,
				3.267,
				0
			]
		},
		{
			"Target": "Parameter",
			"Id": "ParamPaiX",
			"Segments": [
				0,
				0,
				1,
				0.011,
				0,
				0.022,
				1.971,
				0.033,
				3.952,
				1,
				0.133,
				21.784,
				0.233,
				30,
				0.333,
				30,
				1,
				0.444,
				30,
				0.556,
				-20.657,
				0.667,
				-20.657,
				1,
				0.811,
				-20.657,
				0.956,
				16.294,
				1.1,
				16.294,
				1,
				1.278,
				16.294,
				1.456,
				-6,
				1.633,
				-6,
				1,
				1.756,
				-6,
				1.878,
				2,
				2,
				2,
				1,
				2.133,
				2,
				2.267,
				0,
				2.4,
				0,
				1,
				2.489,
				0,
				2.578,
				0,
				2.667,
				0,
				0,
				3.267,
				0
			]
		},
		{
			"Target": "Parameter",
			"Id": "ParamPaiY",
			"Segments": [
				0,
				-7.187,
				1,
				0.011,
				-7.187,
				0.022,
				-7.383,
				0.033,
				-8.888,
				1,
				0.133,
				-22.431,
				0.233,
				-30,
				0.333,
				-30,
				1,
				0.444,
				-30,
				0.556,
				17.459,
				0.667,
				17.459,
				1,
				0.811,
				17.459,
				0.956,
				-27.489,
				1.1,
				-27.489,
				1,
				1.278,
				-27.489,
				1.456,
				-2.187,
				1.633,
				-2.187,
				1,
				1.756,
				-2.187,
				1.878,
				-9.718,
				2,
				-9.718,
				1,
				2.133,
				-9.718,
				2.267,
				-7.187,
				2.4,
				-7.187,
				1,
				2.489,
				-7.187,
				2.578,
				-8.8,
				2.667,
				-8.8,
				0,
				3.267,
				-8.8
			]
		},
		{
			"Target": "Parameter",
			"Id": "ParamPaiX2",
			"Segments": [
				0,
				0,
				1,
				0.011,
				0,
				0.022,
				0.792,
				0.033,
				3.636,
				1,
				0.1,
				20.698,
				0.167,
				30,
				0.233,
				30,
				1,
				0.344,
				30,
				0.456,
				-22.076,
				0.567,
				-22.076,
				1,
				0.711,
				-22.076,
				0.856,
				20.761,
				1,
				20.761,
				1,
				1.178,
				20.761,
				1.356,
				-4,
				1.533,
				-4,
				1,
				1.656,
				-4,
				1.778,
				11.761,
				1.9,
				11.761,
				1,
				2.033,
				11.761,
				2.167,
				0,
				2.3,
				0,
				1,
				2.422,
				0,
				2.544,
				0,
				2.667,
				0,
				0,
				3.267,
				0
			]
		},
		{
			"Target": "Parameter",
			"Id": "ParamPaiY2",
			"Segments": [
				0,
				-11.197,
				1,
				0.011,
				-11.197,
				0.022,
				-12.405,
				0.033,
				-14.191,
				1,
				0.1,
				-24.912,
				0.167,
				-30,
				0.233,
				-30,
				1,
				0.344,
				-30,
				0.456,
				14.563,
				0.567,
				14.563,
				1,
				0.711,
				14.563,
				0.856,
				-21.274,
				1,
				-21.274,
				1,
				1.178,
				-21.274,
				1.356,
				-11.274,
				1.533,
				-11.274,
				1,
				1.656,
				-11.274,
				1.778,
				-17.209,
				1.9,
				-17.209,
				1,
				2.033,
				-17.209,
				2.167,
				-16.934,
				2.3,
				-15.274,
				1,
				2.422,
				-13.751,
				2.544,
				-11.9,
				2.667,
				-11.9,
				0,
				3.267,
				-11.9
			]
		},
		{
			"Target": "Parameter",
			"Id": "ParamPaiRClothX",
			"Segments": [
				0,
				0,
				1,
				0.056,
				0,
				0.111,
				0,
				0.167,
				0,
				1,
				0.244,
				0,
				0.322,
				30,
				0.4,
				30,
				1,
				0.511,
				30,
				0.622,
				-30,
				0.733,
				-30,
				1,
				0.878,
				-30,
				1.022,
				19.087,
				1.167,
				19.087,
				1,
				1.344,
				19.087,
				1.522,
				-16,
				1.7,
				-16,
				1,
				1.811,
				-16,
				1.922,
				11.087,
				2.033,
				11.087,
				1,
				2.189,
				11.087,
				2.344,
				-2,
				2.5,
				-2,
				1,
				2.611,
				-2,
				2.722,
				-0.394,
				2.833,
				0,
				1,
				2.978,
				0.512,
				3.122,
				0.5,
				3.267,
				0.5
			]
		},
		{
			"Target": "Parameter",
			"Id": "ParamPaiRClothY",
			"Segments": [
				0,
				0,
				1,
				0.056,
				0,
				0.111,
				0,
				0.167,
				0,
				1,
				0.244,
				0,
				0.322,
				-30,
				0.4,
				-30,
				1,
				0.511,
				-30,
				0.622,
				30,
				0.733,
				30,
				1,
				0.878,
				30,
				1.022,
				-21,
				1.167,
				-21,
				1,
				1.322,
				-21,
				1.478,
				7.011,
				1.633,
				7.011,
				1,
				1.767,
				7.011,
				1.9,
				-9,
				2.033,
				-9,
				1,
				2.189,
				-9,
				2.344,
				-4.824,
				2.5,
				-2,
				1,
				2.611,
				0.017,
				2.722,
				0,
				2.833,
				0,
				1,
				2.978,
				0,
				3.122,
				-1.3,
				3.267,
				-1.3
			]
		},
		{
			"Target": "Parameter",
			"Id": "ParamPai2X",
			"Segments": [
				0,
				0,
				1,
				0.011,
				0,
				0.022,
				2.893,
				0.033,
				4.836,
				1,
				0.133,
				22.323,
				0.233,
				30,
				0.333,
				30,
				1,
				0.444,
				30,
				0.556,
				-25,
				0.667,
				-25,
				1,
				0.811,
				-25,
				0.956,
				11,
				1.1,
				11,
				1,
				1.278,
				11,
				1.456,
				-4,
				1.633,
				-4,
				1,
				1.733,
				-4,
				1.833,
				3,
				1.933,
				3,
				1,
				2.067,
				3,
				2.2,
				0,
				2.333,
				0,
				1,
				2.444,
				0,
				2.556,
				0,
				2.667,
				0,
				0,
				3.267,
				0
			]
		},
		{
			"Target": "Parameter",
			"Id": "ParamPai2Y",
			"Segments": [
				0,
				-5.228,
				1,
				0.011,
				-5.228,
				0.022,
				-6.845,
				0.033,
				-8.351,
				1,
				0.133,
				-21.908,
				0.233,
				-28.1,
				0.333,
				-28.1,
				1,
				0.444,
				-28.1,
				0.556,
				22.772,
				0.667,
				22.772,
				1,
				0.811,
				22.772,
				0.956,
				-20.228,
				1.1,
				-20.228,
				1,
				1.278,
				-20.228,
				1.456,
				-0.228,
				1.633,
				-0.228,
				1,
				1.733,
				-0.228,
				1.833,
				-8.253,
				1.933,
				-8.253,
				1,
				2.067,
				-8.253,
				2.2,
				-5.228,
				2.333,
				-5.228,
				1,
				2.444,
				-5.228,
				2.556,
				-6,
				2.667,
				-6,
				0,
				3.267,
				-6
			]
		},
		{
			"Target": "Parameter",
			"Id": "ParamPai2X2",
			"Segments": [
				0,
				0,
				1,
				0.011,
				0,
				0.022,
				-0.36,
				0.033,
				1.936,
				1,
				0.1,
				15.715,
				0.167,
				25.951,
				0.233,
				25.951,
				1,
				0.344,
				25.951,
				0.456,
				-30,
				0.567,
				-30,
				1,
				0.711,
				-30,
				0.856,
				13.951,
				1,
				13.951,
				1,
				1.178,
				13.951,
				1.356,
				-9.623,
				1.533,
				-9.623,
				1,
				1.633,
				-9.623,
				1.733,
				7.951,
				1.833,
				7.951,
				1,
				1.967,
				7.951,
				2.1,
				0,
				2.233,
				0,
				1,
				2.378,
				0,
				2.522,
				0,
				2.667,
				0,
				0,
				3.267,
				0
			]
		},
		{
			"Target": "Parameter",
			"Id": "ParamPai2Y2",
			"Segments": [
				0,
				-6.336,
				1,
				0.011,
				-6.336,
				0.022,
				-6.368,
				0.033,
				-8.456,
				1,
				0.1,
				-20.985,
				0.167,
				-28.959,
				0.233,
				-28.959,
				1,
				0.344,
				-28.959,
				0.456,
				29.615,
				0.567,
				29.615,
				1,
				0.711,
				29.615,
				0.856,
				-25.959,
				1,
				-25.959,
				1,
				1.178,
				-25.959,
				1.356,
				-1.81,
				1.533,
				-1.81,
				1,
				1.633,
				-1.81,
				1.733,
				-12.079,
				1.833,
				-12.079,
				1,
				1.967,
				-12.079,
				2.1,
				-6.336,
				2.233,
				-6.336,
				1,
				2.378,
				-6.336,
				2.522,
				-8,
				2.667,
				-8,
				0,
				3.267,
				-8
			]
		},
		{
			"Target": "Parameter",
			"Id": "ParamPaiLClothX",
			"Segments": [
				0,
				0,
				1,
				0.056,
				0,
				0.111,
				0,
				0.167,
				0,
				1,
				0.244,
				0,
				0.322,
				30,
				0.4,
				30,
				1,
				0.511,
				30,
				0.622,
				-30,
				0.733,
				-30,
				1,
				0.889,
				-30,
				1.044,
				21.272,
				1.2,
				21.272,
				1,
				1.356,
				21.272,
				1.511,
				-17.098,
				1.667,
				-17.098,
				1,
				1.8,
				-17.098,
				1.933,
				12.272,
				2.067,
				12.272,
				1,
				2.211,
				12.272,
				2.356,
				-2,
				2.5,
				-2,
				1,
				2.611,
				-2,
				2.722,
				0,
				2.833,
				0,
				1,
				2.978,
				0,
				3.122,
				-0.5,
				3.267,
				-0.5
			]
		},
		{
			"Target": "Parameter",
			"Id": "ParamPaiLClothY",
			"Segments": [
				0,
				0,
				1,
				0.056,
				0,
				0.111,
				0,
				0.167,
				0,
				1,
				0.244,
				0,
				0.322,
				-30,
				0.4,
				-30,
				1,
				0.511,
				-30,
				0.622,
				30,
				0.733,
				30,
				1,
				0.878,
				30,
				1.022,
				-29,
				1.167,
				-29,
				1,
				1.333,
				-29,
				1.5,
				-9.098,
				1.667,
				-9.098,
				1,
				1.778,
				-9.098,
				1.889,
				-13.098,
				2,
				-13.098,
				1,
				2.167,
				-13.098,
				2.333,
				-5.423,
				2.5,
				-2,
				1,
				2.611,
				0.282,
				2.722,
				0,
				2.833,
				0,
				1,
				2.978,
				0,
				3.122,
				-1,
				3.267,
				-1
			]
		},
		{
			"Target": "Parameter",
			"Id": "ParamRA2",
			"Segments": [
				0,
				0,
				1,
				0.144,
				0,
				0.289,
				15,
				0.433,
				15,
				1,
				0.5,
				15,
				0.567,
				12.234,
				0.633,
				1,
				1,
				0.711,
				-12.106,
				0.789,
				-23,
				0.867,
				-23,
				1,
				0.967,
				-23,
				1.067,
				-6.794,
				1.167,
				-2,
				1,
				1.256,
				2.261,
				1.344,
				2,
				1.433,
				2,
				1,
				2.044,
				2,
				2.656,
				0,
				3.267,
				0
			]
		},
		{
			"Target": "Parameter",
			"Id": "ParamRA",
			"Segments": [
				0,
				0,
				1,
				0.144,
				0,
				0.289,
				-19,
				0.433,
				-19,
				1,
				0.5,
				-19,
				0.567,
				-17.422,
				0.633,
				-4,
				1,
				0.711,
				11.659,
				0.789,
				30,
				0.867,
				30,
				1,
				0.967,
				30,
				1.067,
				10.184,
				1.167,
				7,
				1,
				1.256,
				4.17,
				1.344,
				2.218,
				1.433,
				2,
				1,
				2.044,
				0.5,
				2.656,
				0,
				3.267,
				0
			]
		},
		{
			"Target": "Parameter",
			"Id": "ParamRHand",
			"Segments": [
				0,
				0,
				1,
				1.089,
				0,
				2.178,
				0,
				3.267,
				0
			]
		},
		{
			"Target": "Parameter",
			"Id": "ParamRHand0",
			"Segments": [
				0,
				0,
				1,
				1.089,
				0,
				2.178,
				0,
				3.267,
				0
			]
		},
		{
			"Target": "Parameter",
			"Id": "ParamRHand1",
			"Segments": [
				0,
				0,
				1,
				1.089,
				0,
				2.178,
				0,
				3.267,
				0
			]
		},
		{
			"Target": "Parameter",
			"Id": "ParamRHand2",
			"Segments": [
				0,
				0,
				1,
				1.089,
				0,
				2.178,
				0,
				3.267,
				0
			]
		},
		{
			"Target": "Parameter",
			"Id": "ParamRHand3",
			"Segments": [
				0,
				0,
				1,
				1.089,
				0,
				2.178,
				0,
				3.267,
				0
			]
		},
		{
			"Target": "Parameter",
			"Id": "ParamLA",
			"Segments": [
				0,
				0,
				1,
				0.133,
				0,
				0.267,
				-16,
				0.4,
				-16,
				1,
				0.6,
				-16,
				0.8,
				7,
				1,
				7,
				1,
				1.133,
				7,
				1.267,
				-5,
				1.4,
				-5,
				1,
				1.6,
				-5,
				1.8,
				3,
				2,
				3,
				1,
				2.189,
				3,
				2.378,
				0,
				2.567,
				0,
				1,
				2.8,
				0,
				3.033,
				0,
				3.267,
				0
			]
		},
		{
			"Target": "Parameter",
			"Id": "ParamLHand1",
			"Segments": [
				0,
				0,
				1,
				0.133,
				0,
				0.267,
				-0.2,
				0.4,
				-0.2,
				1,
				0.6,
				-0.2,
				0.8,
				0.1,
				1,
				0.1,
				1,
				1.133,
				0.1,
				1.267,
				-0.2,
				1.4,
				-0.2,
				1,
				1.6,
				-0.2,
				1.8,
				0.2,
				2,
				0.2,
				1,
				2.189,
				0.2,
				2.378,
				0,
				2.567,
				0,
				1,
				2.8,
				0,
				3.033,
				0.018,
				3.267,
				0.018
			]
		},
		{
			"Target": "Parameter",
			"Id": "ParamLHand2",
			"Segments": [
				0,
				0,
				1,
				0.133,
				0,
				0.267,
				-0.2,
				0.4,
				-0.2,
				1,
				0.6,
				-0.2,
				0.8,
				0.1,
				1,
				0.1,
				1,
				1.133,
				0.1,
				1.267,
				-0.2,
				1.4,
				-0.2,
				1,
				1.6,
				-0.2,
				1.8,
				0.2,
				2,
				0.2,
				1,
				2.189,
				0.2,
				2.378,
				0,
				2.567,
				0,
				1,
				2.8,
				0,
				3.033,
				0.018,
				3.267,
				0.018
			]
		},
		{
			"Target": "Parameter",
			"Id": "ParamLHand3",
			"Segments": [
				0,
				0,
				1,
				0.133,
				0,
				0.267,
				-0.2,
				0.4,
				-0.2,
				1,
				0.6,
				-0.2,
				0.8,
				0.1,
				1,
				0.1,
				1,
				1.133,
				0.1,
				1.267,
				-0.2,
				1.4,
				-0.2,
				1,
				1.6,
				-0.2,
				1.8,
				0.2,
				2,
				0.2,
				1,
				2.189,
				0.2,
				2.378,
				0,
				2.567,
				0,
				1,
				2.8,
				0,
				3.033,
				0.018,
				3.267,
				0.018
			]
		},
		{
			"Target": "Parameter",
			"Id": "ParamLHand4",
			"Segments": [
				0,
				0,
				1,
				0.133,
				0,
				0.267,
				-0.3,
				0.4,
				-0.3,
				1,
				0.6,
				-0.3,
				0.8,
				0.2,
				1,
				0.2,
				1,
				1.133,
				0.2,
				1.267,
				-0.2,
				1.4,
				-0.2,
				1,
				1.6,
				-0.2,
				1.8,
				0.2,
				2,
				0.2,
				1,
				2.189,
				0.2,
				2.378,
				0,
				2.567,
				0,
				1,
				2.8,
				0,
				3.033,
				0.018,
				3.267,
				0.018
			]
		},
		{
			"Target": "Parameter",
			"Id": "ParamAngleX",
			"Segments": [
				0,
				-3.414,
				1,
				0.211,
				-3.414,
				0.422,
				18.586,
				0.633,
				18.586,
				1,
				0.767,
				18.586,
				0.9,
				-7.414,
				1.033,
				-7.414,
				1,
				1.189,
				-7.414,
				1.344,
				11.586,
				1.5,
				11.586,
				1,
				1.656,
				11.586,
				1.811,
				-4.414,
				1.967,
				-4.414,
				1,
				2.156,
				-4.414,
				2.344,
				0,
				2.533,
				0,
				1,
				2.767,
				0,
				3,
				0,
				3.233,
				0,
				0,
				3.267,
				0
			]
		},
		{
			"Target": "Parameter",
			"Id": "ParamAngleY",
			"Segments": [
				0,
				0,
				1,
				0.211,
				0,
				0.422,
				-9,
				0.633,
				-9,
				1,
				0.767,
				-9,
				0.9,
				6,
				1.033,
				6,
				1,
				1.189,
				6,
				1.344,
				-6,
				1.5,
				-6,
				1,
				1.656,
				-6,
				1.811,
				1,
				1.967,
				1,
				1,
				2.156,
				1,
				2.344,
				0,
				2.533,
				0,
				1,
				2.767,
				0,
				3,
				0,
				3.233,
				0,
				0,
				3.267,
				0
			]
		},
		{
			"Target": "Parameter",
			"Id": "ParamAngleZ",
			"Segments": [
				0,
				0,
				1,
				0.178,
				0,
				0.356,
				11,
				0.533,
				11,
				1,
				0.667,
				11,
				0.8,
				-5,
				0.933,
				-5,
				1,
				1.089,
				-5,
				1.244,
				3,
				1.4,
				3,
				1,
				1.556,
				3,
				1.711,
				-1,
				1.867,
				-1,
				1,
				2.078,
				-1,
				2.289,
				0,
				2.5,
				0,
				1,
				2.611,
				0,
				2.722,
				0,
				2.833,
				0,
				1,
				2.967,
				0,
				3.1,
				-0.03,
				3.233,
				-0.03,
				0,
				3.267,
				-0.03
			]
		},
		{
			"Target": "Parameter",
			"Id": "ParamEyeLOpen",
			"Segments": [
				0,
				1,
				1,
				0.033,
				1,
				0.067,
				1,
				0.1,
				1,
				1,
				0.189,
				1,
				0.278,
				0.75,
				0.367,
				0.75,
				1,
				0.522,
				0.75,
				0.678,
				0.9,
				0.833,
				0.9,
				1,
				1,
				0.9,
				1.167,
				0.75,
				1.333,
				0.75,
				1,
				1.511,
				0.75,
				1.689,
				1,
				1.867,
				1,
				1,
				1.989,
				1,
				2.111,
				1,
				2.233,
				1,
				0,
				3.267,
				1
			]
		},
		{
			"Target": "Parameter",
			"Id": "ParamEyeLSmile",
			"Segments": [
				0,
				0,
				0,
				3.267,
				0
			]
		},
		{
			"Target": "Parameter",
			"Id": "ParamEyeROpen",
			"Segments": [
				0,
				1,
				1,
				0.033,
				1,
				0.067,
				1,
				0.1,
				1,
				1,
				0.189,
				1,
				0.278,
				0.75,
				0.367,
				0.75,
				1,
				0.522,
				0.75,
				0.678,
				0.9,
				0.833,
				0.9,
				1,
				1,
				0.9,
				1.167,
				0.75,
				1.333,
				0.75,
				1,
				1.511,
				0.75,
				1.689,
				1,
				1.867,
				1,
				1,
				1.989,
				1,
				2.111,
				1,
				2.233,
				1,
				0,
				3.267,
				1
			]
		},
		{
			"Target": "Parameter",
			"Id": "ParamEyeRSmile",
			"Segments": [
				0,
				0,
				0,
				3.267,
				0
			]
		},
		{
			"Target": "Parameter",
			"Id": "ParamEyeBallX",
			"Segments": [
				0,
				0,
				0,
				3.267,
				0
			]
		},
		{
			"Target": "Parameter",
			"Id": "ParamEyeBallY",
			"Segments": [
				0,
				0,
				0,
				3.267,
				0
			]
		},
		{
			"Target": "Parameter",
			"Id": "ParamBrowY",
			"Segments": [
				0,
				0,
				1,
				0.156,
				0,
				0.311,
				0,
				0.467,
				0,
				1,
				0.811,
				0,
				1.156,
				0,
				1.5,
				0,
				1,
				1.767,
				0,
				2.033,
				0,
				2.3,
				0,
				0,
				3.267,
				0
			]
		},
		{
			"Target": "Parameter",
			"Id": "ParamBrowX",
			"Segments": [
				0,
				0,
				1,
				0.156,
				0,
				0.311,
				-1,
				0.467,
				-1,
				1,
				0.811,
				-1,
				1.156,
				-1,
				1.5,
				-1,
				1,
				1.767,
				-1,
				2.033,
				0,
				2.3,
				0,
				0,
				3.267,
				0
			]
		},
		{
			"Target": "Parameter",
			"Id": "ParamBrowAngle",
			"Segments": [
				0,
				0,
				1,
				0.156,
				0,
				0.311,
				-0.4,
				0.467,
				-0.4,
				1,
				0.811,
				-0.4,
				1.156,
				-0.4,
				1.5,
				-0.4,
				1,
				1.767,
				-0.4,
				2.033,
				0,
				2.3,
				0,
				0,
				3.267,
				0
			]
		},
		{
			"Target": "Parameter",
			"Id": "ParamBrowForm",
			"Segments": [
				0,
				0,
				1,
				0.156,
				0,
				0.311,
				-1,
				0.467,
				-1,
				1,
				0.811,
				-1,
				1.156,
				-1,
				1.5,
				-1,
				1,
				1.767,
				-1,
				2.033,
				0,
				2.3,
				0,
				0,
				3.267,
				0
			]
		},
		{
			"Target": "Parameter",
			"Id": "ParamMouthForm",
			"Segments": [
				0,
				0,
				0,
				3.267,
				0
			]
		},
		{
			"Target": "Parameter",
			"Id": "ParamMouthOpenY",
			"Segments": [
				0,
				0,
				1,
				0.133,
				0,
				0.267,
				0.8,
				0.4,
				0.8,
				1,
				0.556,
				0.8,
				0.711,
				0,
				0.867,
				0,
				1,
				1.033,
				0,
				1.2,
				0.2,
				1.367,
				0.2,
				1,
				1.467,
				0.2,
				1.567,
				0,
				1.667,
				0,
				1,
				1.789,
				0,
				1.911,
				0.1,
				2.033,
				0.1,
				1,
				2.156,
				0.1,
				2.278,
				0,
				2.4,
				0,
				0,
				3.267,
				0
			]
		},
		{
			"Target": "Parameter",
			"Id": "ParamCheek",
			"Segments": [
				0,
				0,
				1,
				0.156,
				0,
				0.311,
				1,
				0.467,
				1,
				1,
				0.978,
				1,
				1.489,
				1,
				2,
				1,
				1,
				2.411,
				1,
				2.822,
				0,
				3.233,
				0,
				0,
				3.267,
				0
			]
		},
		{
			"Target": "Parameter",
			"Id": "ParamBodyAngleX",
			"Segments": [
				0,
				0,
				1,
				0.156,
				0,
				0.311,
				-10,
				0.467,
				-10,
				1,
				0.6,
				-10,
				0.733,
				10,
				0.867,
				10,
				1,
				1.022,
				10,
				1.178,
				-5,
				1.333,
				-5,
				1,
				1.489,
				-5,
				1.644,
				1,
				1.8,
				1,
				1,
				2.011,
				1,
				2.222,
				0,
				2.433,
				0,
				1,
				2.567,
				0,
				2.7,
				0,
				2.833,
				0,
				1,
				2.978,
				0,
				3.122,
				0,
				3.267,
				0
			]
		},
		{
			"Target": "Parameter",
			"Id": "ParamBodyAngleY",
			"Segments": [
				0,
				0,
				1,
				0.156,
				0,
				0.311,
				-3,
				0.467,
				-3,
				1,
				0.6,
				-3,
				0.733,
				3,
				0.867,
				3,
				1,
				1.022,
				3,
				1.178,
				0,
				1.333,
				0,
				1,
				1.489,
				0,
				1.644,
				0,
				1.8,
				0,
				1,
				2.011,
				0,
				2.222,
				0,
				2.433,
				0,
				1,
				2.567,
				0,
				2.7,
				0,
				2.833,
				0,
				1,
				2.978,
				0,
				3.122,
				0,
				3.267,
				0
			]
		},
		{
			"Target": "Parameter",
			"Id": "ParamBodyAngleZ",
			"Segments": [
				0,
				0,
				1,
				0.156,
				0,
				0.311,
				0,
				0.467,
				0,
				1,
				0.6,
				0,
				0.733,
				0,
				0.867,
				0,
				1,
				1.022,
				0,
				1.178,
				1,
				1.333,
				1,
				1,
				1.489,
				1,
				1.644,
				-1,
				1.8,
				-1,
				1,
				2.011,
				-1,
				2.222,
				0,
				2.433,
				0,
				1,
				2.567,
				0,
				2.7,
				0,
				2.833,
				0,
				0,
				3.267,
				0
			]
		},
		{
			"Target": "Parameter",
			"Id": "ParamBreat",
			"Segments": [
				0,
				0,
				1,
				0.189,
				0,
				0.378,
				1,
				0.567,
				1,
				1,
				0.744,
				1,
				0.922,
				0,
				1.1,
				0,
				1,
				1.211,
				0,
				1.322,
				1,
				1.433,
				1,
				1,
				1.6,
				1,
				1.767,
				0.4,
				1.933,
				0.4,
				1,
				2.233,
				0.4,
				2.533,
				0.5,
				2.833,
				0.5,
				1,
				2.978,
				0.5,
				3.122,
				0.5,
				3.267,
				0.5
			]
		},
		{
			"Target": "Parameter",
			"Id": "ParamHairFront",
			"Segments": [
				0,
				0,
				1,
				0.156,
				0,
				0.311,
				0.5,
				0.467,
				0.5,
				1,
				0.6,
				0.5,
				0.733,
				-0.5,
				0.867,
				-0.5,
				1,
				1.022,
				-0.5,
				1.178,
				0.3,
				1.333,
				0.3,
				1,
				1.489,
				0.3,
				1.644,
				-0.1,
				1.8,
				-0.1,
				1,
				2.011,
				-0.1,
				2.222,
				0,
				2.433,
				0,
				1,
				2.711,
				0,
				2.989,
				0,
				3.267,
				0
			]
		},
		{
			"Target": "Parameter",
			"Id": "ParamHairSide",
			"Segments": [
				0,
				0,
				1,
				0.156,
				0,
				0.311,
				0.7,
				0.467,
				0.7,
				1,
				0.6,
				0.7,
				0.733,
				-0.5,
				0.867,
				-0.5,
				1,
				1.022,
				-0.5,
				1.178,
				0.4,
				1.333,
				0.4,
				1,
				1.489,
				0.4,
				1.644,
				-0.2,
				1.8,
				-0.2,
				1,
				2.011,
				-0.2,
				2.222,
				-0.009,
				2.433,
				0,
				1,
				2.711,
				0.011,
				2.989,
				0.01,
				3.267,
				0.01
			]
		},
		{
			"Target": "Parameter",
			"Id": "ParamHairBack",
			"Segments": [
				0,
				0,
				1,
				0.2,
				0,
				0.4,
				-0.8,
				0.6,
				-0.8,
				1,
				0.778,
				-0.8,
				0.956,
				0.8,
				1.133,
				0.8,
				1,
				1.211,
				0.8,
				1.289,
				-0.4,
				1.367,
				-0.4,
				1,
				1.544,
				-0.4,
				1.722,
				0.4,
				1.9,
				0.4,
				1,
				2.044,
				0.4,
				2.189,
				-0.1,
				2.333,
				-0.1,
				1,
				2.5,
				-0.1,
				2.667,
				-0.015,
				2.833,
				0,
				1,
				2.978,
				0.013,
				3.122,
				0.01,
				3.267,
				0.01
			]
		},
		{
			"Target": "Parameter",
			"Id": "ParamHairWind",
			"Segments": [
				0,
				0.01,
				0,
				3.267,
				0.01
			]
		},
		{
			"Target": "Parameter",
			"Id": "ParamClothX",
			"Segments": [
				0,
				-0.1,
				0,
				3.267,
				-0.1
			]
		},
		{
			"Target": "Parameter",
			"Id": "ParamClothY",
			"Segments": [
				0,
				-0.2,
				0,
				3.267,
				-0.2
			]
		},
		{
			"Target": "Parameter",
			"Id": "ParamYears",
			"Segments": [
				0,
				0,
				1,
				0.156,
				0,
				0.311,
				-22,
				0.467,
				-22,
				1,
				0.7,
				-22,
				0.933,
				30,
				1.167,
				30,
				1,
				1.289,
				30,
				1.411,
				-19,
				1.533,
				-19,
				1,
				1.678,
				-19,
				1.822,
				11,
				1.967,
				11,
				1,
				2.089,
				11,
				2.211,
				-6,
				2.333,
				-6,
				1,
				2.433,
				-6,
				2.533,
				0,
				2.633,
				0,
				1,
				2.844,
				0,
				3.056,
				0,
				3.267,
				0
			]
		},
		{
			"Target": "Parameter",
			"Id": "ParamHairs",
			"Segments": [
				0,
				0,
				1,
				0.156,
				0,
				0.311,
				-28,
				0.467,
				-28,
				1,
				0.7,
				-28,
				0.933,
				30,
				1.167,
				30,
				1,
				1.289,
				30,
				1.411,
				-18,
				1.533,
				-18,
				1,
				1.678,
				-18,
				1.822,
				11,
				1.967,
				11,
				1,
				2.089,
				11,
				2.211,
				-6,
				2.333,
				-6,
				1,
				2.433,
				-6,
				2.533,
				0,
				2.633,
				0,
				1,
				2.844,
				0,
				3.056,
				0,
				3.267,
				0
			]
		},
		{
			"Target": "Parameter",
			"Id": "ParamBg",
			"Segments": [
				0,
				0,
				1,
				0.2,
				0,
				0.4,
				0,
				0.6,
				0,
				1,
				0.656,
				0,
				0.711,
				0.2,
				0.767,
				0.2,
				1,
				0.822,
				0.2,
				0.878,
				0,
				0.933,
				0,
				1,
				1.011,
				0,
				1.089,
				0,
				1.167,
				0,
				1,
				1.256,
				0,
				1.344,
				0.4,
				1.433,
				0.4,
				1,
				1.533,
				0.4,
				1.633,
				0,
				1.733,
				0,
				0,
				3.267,
				0
			]
		},
		{
			"Target": "Parameter",
			"Id": "Param_Angle_Rotation65",
			"Segments": [
				0,
				0,
				1,
				0.156,
				0,
				0.311,
				-10,
				0.467,
				-10,
				1,
				0.667,
				-10,
				0.867,
				9,
				1.067,
				9,
				1,
				1.289,
				9,
				1.511,
				-7,
				1.733,
				-7,
				1,
				1.933,
				-7,
				2.133,
				4,
				2.333,
				4,
				1,
				2.522,
				4,
				2.711,
				0.403,
				2.9,
				0,
				1,
				3.022,
				-0.261,
				3.144,
				-0.17,
				3.267,
				-0.17
			]
		},
		{
			"Target": "Parameter",
			"Id": "Param_Angle_Rotation66",
			"Segments": [
				0,
				0,
				0,
				0.2,
				0,
				1,
				0.356,
				0,
				0.511,
				-13,
				0.667,
				-13,
				1,
				0.867,
				-13,
				1.067,
				9,
				1.267,
				9,
				1,
				1.489,
				9,
				1.711,
				-7,
				1.933,
				-7,
				1,
				2.133,
				-7,
				2.333,
				3,
				2.533,
				3,
				1,
				2.722,
				3,
				2.911,
				2.289,
				3.1,
				0,
				1,
				3.156,
				-0.673,
				3.211,
				-2.08,
				3.267,
				-2.08
			]
		},
		{
			"Target": "Parameter",
			"Id": "Param_Angle_Rotation68",
			"Segments": [
				0,
				0,
				1,
				0.156,
				0,
				0.311,
				-9,
				0.467,
				-9,
				1,
				0.667,
				-9,
				0.867,
				10,
				1.067,
				10,
				1,
				1.289,
				10,
				1.511,
				-7,
				1.733,
				-7,
				1,
				1.933,
				-7,
				2.133,
				4,
				2.333,
				4,
				1,
				2.522,
				4,
				2.711,
				0.487,
				2.9,
				0,
				1,
				3.022,
				-0.315,
				3.144,
				-0.21,
				3.267,
				-0.21
			]
		},
		{
			"Target": "Parameter",
			"Id": "Param_Angle_Rotation69",
			"Segments": [
				0,
				0,
				0,
				0.2,
				0,
				1,
				0.356,
				0,
				0.511,
				-9,
				0.667,
				-9,
				1,
				0.867,
				-9,
				1.067,
				10,
				1.267,
				10,
				1,
				1.489,
				10,
				1.711,
				-8,
				1.933,
				-8,
				1,
				2.133,
				-8,
				2.333,
				4,
				2.533,
				4,
				1,
				2.722,
				4,
				2.911,
				3.013,
				3.1,
				0,
				1,
				3.156,
				-0.886,
				3.211,
				-2.5,
				3.267,
				-2.5
			]
		},
		{
			"Target": "Parameter",
			"Id": "Param_Angle_Rotation71",
			"Segments": [
				0,
				0,
				1,
				0.156,
				0,
				0.311,
				-9,
				0.467,
				-9,
				1,
				0.667,
				-9,
				0.867,
				10,
				1.067,
				10,
				1,
				1.289,
				10,
				1.511,
				-8,
				1.733,
				-8,
				1,
				1.933,
				-8,
				2.133,
				3,
				2.333,
				3,
				1,
				2.522,
				3,
				2.711,
				0.526,
				2.9,
				0,
				1,
				3.022,
				-0.341,
				3.144,
				-0.24,
				3.267,
				-0.24
			]
		},
		{
			"Target": "Parameter",
			"Id": "Param_Angle_Rotation72",
			"Segments": [
				0,
				0,
				0,
				0.2,
				0,
				1,
				0.356,
				0,
				0.511,
				-8,
				0.667,
				-8,
				1,
				0.867,
				-8,
				1.067,
				9,
				1.267,
				9,
				1,
				1.489,
				9,
				1.711,
				-8,
				1.933,
				-8,
				1,
				2.133,
				-8,
				2.333,
				3,
				2.533,
				3,
				1,
				2.722,
				3,
				2.911,
				2.353,
				3.1,
				0,
				1,
				3.156,
				-0.692,
				3.211,
				-2.92,
				3.267,
				-2.92
			]
		},
		{
			"Target": "Parameter",
			"Id": "Param_Angle_Rotation73",
			"Segments": [
				0,
				0,
				0,
				0.367,
				0,
				1,
				0.522,
				0,
				0.678,
				-7,
				0.833,
				-7,
				1,
				1.033,
				-7,
				1.233,
				9,
				1.433,
				9,
				1,
				1.656,
				9,
				1.878,
				-8,
				2.1,
				-8,
				1,
				2.3,
				-8,
				2.5,
				3,
				2.7,
				3,
				1,
				2.889,
				3,
				3.078,
				-6.12,
				3.267,
				-6.12
			]
		},
		{
			"Target": "Parameter",
			"Id": "Param_Angle_Rotation50",
			"Segments": [
				0,
				0,
				1,
				0.156,
				0,
				0.311,
				-8,
				0.467,
				-8,
				1,
				0.667,
				-8,
				0.867,
				9,
				1.067,
				9,
				1,
				1.289,
				9,
				1.511,
				-8,
				1.733,
				-8,
				1,
				1.933,
				-8,
				2.133,
				4,
				2.333,
				4,
				1,
				2.522,
				4,
				2.711,
				0,
				2.9,
				0,
				1,
				3.022,
				0,
				3.144,
				0.76,
				3.267,
				0.76
			]
		},
		{
			"Target": "Parameter",
			"Id": "Param_Angle_Rotation51",
			"Segments": [
				0,
				0,
				0,
				0.2,
				0,
				1,
				0.356,
				0,
				0.511,
				-7,
				0.667,
				-7,
				1,
				0.867,
				-7,
				1.067,
				9,
				1.267,
				9,
				1,
				1.489,
				9,
				1.711,
				-6,
				1.933,
				-6,
				1,
				2.133,
				-6,
				2.333,
				4,
				2.533,
				4,
				1,
				2.722,
				4,
				2.911,
				0,
				3.1,
				0,
				1,
				3.156,
				0,
				3.211,
				2.92,
				3.267,
				2.92
			]
		},
		{
			"Target": "Parameter",
			"Id": "Param_Angle_Rotation52",
			"Segments": [
				0,
				0,
				0,
				0.367,
				0,
				1,
				0.522,
				0,
				0.678,
				-8,
				0.833,
				-8,
				1,
				1.033,
				-8,
				1.233,
				9,
				1.433,
				9,
				1,
				1.656,
				9,
				1.878,
				-7,
				2.1,
				-7,
				1,
				2.3,
				-7,
				2.5,
				0.165,
				2.7,
				4,
				1,
				2.889,
				7.622,
				3.078,
				7.72,
				3.267,
				7.72
			]
		},
		{
			"Target": "Parameter",
			"Id": "Param_Angle_Rotation54",
			"Segments": [
				0,
				0,
				1,
				0.156,
				0,
				0.311,
				-10,
				0.467,
				-10,
				1,
				0.667,
				-10,
				0.867,
				9,
				1.067,
				9,
				1,
				1.289,
				9,
				1.511,
				-8,
				1.733,
				-8,
				1,
				1.933,
				-8,
				2.133,
				4,
				2.333,
				4,
				1,
				2.522,
				4,
				2.711,
				0,
				2.9,
				0,
				1,
				3.022,
				0,
				3.144,
				0.76,
				3.267,
				0.76
			]
		},
		{
			"Target": "Parameter",
			"Id": "Param_Angle_Rotation55",
			"Segments": [
				0,
				0,
				0,
				0.2,
				0,
				1,
				0.356,
				0,
				0.511,
				-9,
				0.667,
				-9,
				1,
				0.867,
				-9,
				1.067,
				11,
				1.267,
				11,
				1,
				1.489,
				11,
				1.711,
				-8,
				1.933,
				-8,
				1,
				2.133,
				-8,
				2.333,
				4,
				2.533,
				4,
				1,
				2.722,
				4,
				2.911,
				0,
				3.1,
				0,
				1,
				3.156,
				0,
				3.211,
				3.5,
				3.267,
				3.5
			]
		},
		{
			"Target": "Parameter",
			"Id": "Param_Angle_Rotation56",
			"Segments": [
				0,
				0,
				0,
				0.367,
				0,
				1,
				0.522,
				0,
				0.678,
				-8,
				0.833,
				-8,
				1,
				1.033,
				-8,
				1.233,
				10,
				1.433,
				10,
				1,
				1.656,
				10,
				1.878,
				-8,
				2.1,
				-8,
				1,
				2.3,
				-8,
				2.5,
				-0.073,
				2.7,
				3,
				1,
				2.889,
				5.902,
				3.078,
				5.79,
				3.267,
				5.79
			]
		},
		{
			"Target": "Parameter",
			"Id": "Param_Angle_Rotation58",
			"Segments": [
				0,
				0,
				1,
				0.156,
				0,
				0.311,
				-5,
				0.467,
				-5,
				1,
				0.667,
				-5,
				0.867,
				9,
				1.067,
				9,
				1,
				1.289,
				9,
				1.511,
				-8,
				1.733,
				-8,
				1,
				1.933,
				-8,
				2.133,
				4,
				2.333,
				4,
				1,
				2.522,
				4,
				2.711,
				0,
				2.9,
				0,
				1,
				3.022,
				0,
				3.144,
				1.13,
				3.267,
				1.13
			]
		},
		{
			"Target": "Parameter",
			"Id": "Param_Angle_Rotation59",
			"Segments": [
				0,
				0,
				0,
				0.2,
				0,
				1,
				0.356,
				0,
				0.511,
				-5,
				0.667,
				-5,
				1,
				0.867,
				-5,
				1.067,
				9,
				1.267,
				9,
				1,
				1.489,
				9,
				1.711,
				-8,
				1.933,
				-8,
				1,
				2.133,
				-8,
				2.333,
				4,
				2.533,
				4,
				1,
				2.722,
				4,
				2.911,
				0,
				3.1,
				0,
				1,
				3.156,
				0,
				3.211,
				3.5,
				3.267,
				3.5
			]
		},
		{
			"Target": "Parameter",
			"Id": "Param_Angle_Rotation61",
			"Segments": [
				0,
				0,
				1,
				0.156,
				0,
				0.311,
				-10,
				0.467,
				-10,
				1,
				0.667,
				-10,
				0.867,
				9,
				1.067,
				9,
				1,
				1.289,
				9,
				1.511,
				-8,
				1.733,
				-8,
				1,
				1.933,
				-8,
				2.133,
				3,
				2.333,
				3,
				1,
				2.522,
				3,
				2.711,
				0,
				2.9,
				0,
				1,
				3.022,
				0,
				3.144,
				0.63,
				3.267,
				0.63
			]
		},
		{
			"Target": "Parameter",
			"Id": "Param_Angle_Rotation62",
			"Segments": [
				0,
				0,
				0,
				0.2,
				0,
				1,
				0.356,
				0,
				0.511,
				-7,
				0.667,
				-7,
				1,
				0.867,
				-7,
				1.067,
				8,
				1.267,
				8,
				1,
				1.489,
				8,
				1.711,
				-8,
				1.933,
				-8,
				1,
				2.133,
				-8,
				2.333,
				3,
				2.533,
				3,
				1,
				2.722,
				3,
				2.911,
				0,
				3.1,
				0,
				1,
				3.156,
				0,
				3.211,
				3.5,
				3.267,
				3.5
			]
		},
		{
			"Target": "Parameter",
			"Id": "Param_Angle_Rotation63",
			"Segments": [
				0,
				0,
				0,
				0.367,
				0,
				1,
				0.522,
				0,
				0.678,
				-7,
				0.833,
				-7,
				1,
				1.033,
				-7,
				1.233,
				9,
				1.433,
				9,
				1,
				1.656,
				9,
				1.878,
				-8,
				2.1,
				-8,
				1,
				2.3,
				-8,
				2.5,
				-1.799,
				2.7,
				2,
				1,
				2.889,
				5.588,
				3.078,
				5.79,
				3.267,
				5.79
			]
		}
	]
}