{
	"Version": 3,
	"Meta": {
		"Duration": 6,
		"Fps": 30.0,
		"Loop": true,
		"AreBeziersRestricted": false,
		"CurveCount": 56,
		"TotalSegmentCount": 309,
		"TotalPointCount": 975,
		"UserDataCount": 0,
		"TotalUserDataSize": 0
	},
	"Curves": [
		{
			"Target": "Parameter",
			"Id": "ParamLegL1in",
			"Segments": [
				0,
				0,
				1,
				0.011,
				0,
				0.022,
				0.096,
				0.033,
				0.123,
				1,
				0.522,
				1.299,
				1.011,
				1.86,
				1.5,
				1.86,
				1,
				2,
				1.86,
				2.5,
				1.253,
				3,
				0,
				1,
				3.5,
				-1.253,
				4,
				-1.9,
				4.5,
				-1.9,
				1,
				4.978,
				-1.9,
				5.456,
				-1.346,
				5.933,
				-0.16,
				1,
				5.956,
				-0.105,
				5.978,
				0,
				6,
				0
			]
		},
		{
			"Target": "Parameter",
			"Id": "ParamLegL1",
			"Segments": [
				0,
				0,
				1,
				0.011,
				0,
				0.022,
				-0.055,
				0.033,
				-0.061,
				1,
				0.522,
				-0.305,
				1.011,
				-0.42,
				1.5,
				-0.42,
				1,
				2,
				-0.42,
				2.5,
				-0.273,
				3,
				0,
				1,
				3.5,
				0.273,
				4,
				0.4,
				4.5,
				0.4,
				1,
				4.978,
				0.4,
				5.456,
				0.295,
				5.933,
				0.062,
				1,
				5.956,
				0.051,
				5.978,
				0,
				6,
				0
			]
		},
		{
			"Target": "Parameter",
			"Id": "ParamLegL2",
			"Segments": [
				0,
				0,
				1,
				0.011,
				0,
				0.022,
				0.044,
				0.033,
				0.051,
				1,
				0.522,
				0.342,
				1.011,
				0.48,
				1.5,
				0.48,
				1,
				2,
				0.48,
				2.5,
				0.417,
				3,
				0,
				1,
				3.5,
				-0.417,
				4,
				-0.9,
				4.5,
				-0.9,
				1,
				4.978,
				-0.9,
				5.456,
				-0.632,
				5.933,
				-0.065,
				1,
				5.956,
				-0.039,
				5.978,
				0,
				6,
				0
			]
		},
		{
			"Target": "Parameter",
			"Id": "ParamLegR1in",
			"Segments": [
				0,
				0,
				1,
				0.011,
				0,
				0.022,
				-0.054,
				0.033,
				-0.061,
				1,
				0.522,
				-0.386,
				1.011,
				-0.54,
				1.5,
				-0.54,
				1,
				2,
				-0.54,
				2.5,
				-0.346,
				3,
				0,
				1,
				3.5,
				0.346,
				4,
				0.5,
				4.5,
				0.5,
				1,
				4.978,
				0.5,
				5.456,
				0.361,
				5.933,
				0.057,
				1,
				5.956,
				0.043,
				5.978,
				0,
				6,
				0
			]
		},
		{
			"Target": "Parameter",
			"Id": "ParamLegR1",
			"Segments": [
				0,
				0,
				1,
				0.011,
				0,
				0.022,
				0.046,
				0.033,
				0.062,
				1,
				0.522,
				0.75,
				1.011,
				1.08,
				1.5,
				1.08,
				1,
				2,
				1.08,
				2.5,
				0.727,
				3,
				0,
				1,
				3.5,
				-0.727,
				4,
				-1.1,
				4.5,
				-1.1,
				1,
				4.978,
				-1.1,
				5.456,
				-0.764,
				5.933,
				-0.066,
				1,
				5.956,
				-0.034,
				5.978,
				0,
				6,
				0
			]
		},
		{
			"Target": "Parameter",
			"Id": "ParamLegR2",
			"Segments": [
				0,
				0,
				1,
				0.011,
				0,
				0.022,
				-0.091,
				0.033,
				-0.123,
				1,
				0.522,
				-1.54,
				1.011,
				-2.22,
				1.5,
				-2.22,
				1,
				2,
				-2.22,
				2.5,
				-0.969,
				3,
				0,
				1,
				3.5,
				0.969,
				4,
				1.08,
				4.5,
				1.08,
				1,
				4.989,
				1.08,
				5.478,
				0.75,
				5.967,
				0.062,
				1,
				5.978,
				0.046,
				5.989,
				0,
				6,
				0
			]
		},
		{
			"Target": "Parameter",
			"Id": "ParamPaiRClothX",
			"Segments": [
				0,
				0.5,
				1,
				0.011,
				0.5,
				0.022,
				0.348,
				0.033,
				0.289,
				1,
				0.133,
				-0.239,
				0.233,
				-0.695,
				0.333,
				-1.2,
				1,
				0.833,
				-3.725,
				1.333,
				-5,
				1.833,
				-5,
				1,
				2.333,
				-5,
				2.833,
				-2.963,
				3.333,
				0,
				1,
				3.833,
				2.963,
				4.333,
				4,
				4.833,
				4,
				1,
				5.222,
				4,
				5.611,
				2.408,
				6,
				0.5
			]
		},
		{
			"Target": "Parameter",
			"Id": "ParamPaiRClothY",
			"Segments": [
				0,
				-1.3,
				1,
				0.011,
				-1.3,
				0.022,
				-1.154,
				0.033,
				-1.075,
				1,
				0.133,
				-0.362,
				0.233,
				0.402,
				0.333,
				0.96,
				1,
				0.833,
				3.749,
				1.333,
				5,
				1.833,
				5,
				1,
				2.333,
				5,
				2.833,
				4.43,
				3.333,
				0,
				1,
				3.833,
				-4.43,
				4.333,
				-10,
				4.833,
				-10,
				1,
				5.222,
				-10,
				5.611,
				-6.105,
				6,
				-1.3
			]
		},
		{
			"Target": "Parameter",
			"Id": "ParamPaiLClothX",
			"Segments": [
				0,
				-0.5,
				1,
				0.011,
				-0.5,
				0.022,
				-0.415,
				0.033,
				-0.357,
				1,
				0.133,
				0.164,
				0.233,
				0.684,
				0.333,
				1.14,
				1,
				0.833,
				3.419,
				1.333,
				4.5,
				1.833,
				4.5,
				1,
				2.333,
				4.5,
				2.833,
				2.823,
				3.333,
				0,
				1,
				3.833,
				-2.823,
				4.333,
				-4,
				4.833,
				-4,
				1,
				5.222,
				-4,
				5.611,
				-2.408,
				6,
				-0.5
			]
		},
		{
			"Target": "Parameter",
			"Id": "ParamPaiLClothY",
			"Segments": [
				0,
				-1,
				1,
				0.011,
				-1,
				0.022,
				-0.662,
				0.033,
				-0.597,
				1,
				0.133,
				-0.014,
				0.233,
				0.604,
				0.333,
				1.02,
				1,
				0.833,
				3.098,
				1.333,
				4,
				1.833,
				4,
				1,
				2.333,
				4,
				2.833,
				3.548,
				3.333,
				0,
				1,
				3.833,
				-3.548,
				4.333,
				-8,
				4.833,
				-8,
				1,
				5.222,
				-8,
				5.611,
				-4.808,
				6,
				-1
			]
		},
		{
			"Target": "Parameter",
			"Id": "ParamRA2",
			"Segments": [
				0,
				0,
				1,
				0.011,
				0,
				0.022,
				-0.08,
				0.033,
				-0.124,
				1,
				0.522,
				-2.062,
				1.011,
				-3,
				1.5,
				-3,
				1,
				2,
				-3,
				2.5,
				-1.6,
				3,
				0,
				1,
				3.5,
				1.6,
				4,
				2,
				4.5,
				2,
				1,
				4.989,
				2,
				5.478,
				1.393,
				5.967,
				0.123,
				1,
				5.978,
				0.094,
				5.989,
				0,
				6,
				0
			]
		},
		{
			"Target": "Parameter",
			"Id": "ParamRA",
			"Segments": [
				0,
				0,
				1,
				0.011,
				0,
				0.022,
				0.235,
				0.033,
				0.307,
				1,
				0.522,
				3.481,
				1.011,
				5,
				1.5,
				5,
				1,
				2,
				5,
				2.5,
				2.499,
				3,
				0,
				1,
				3.5,
				-2.499,
				4,
				-3,
				4.5,
				-3,
				1,
				4.989,
				-3,
				5.478,
				-2.062,
				5.967,
				-0.124,
				1,
				5.978,
				-0.08,
				5.989,
				0,
				6,
				0
			]
		},
		{
			"Target": "Parameter",
			"Id": "ParamRHand",
			"Segments": [
				0,
				0,
				1,
				0.011,
				0,
				0.022,
				0.033,
				0.033,
				0.063,
				1,
				0.522,
				1.363,
				1.011,
				2,
				1.5,
				2,
				1,
				2,
				2,
				2.5,
				0,
				3,
				0,
				1,
				3.5,
				0,
				4,
				2,
				4.5,
				2,
				1,
				4.989,
				2,
				5.478,
				1.393,
				5.967,
				0.123,
				1,
				5.978,
				0.094,
				5.989,
				0,
				6,
				0
			]
		},
		{
			"Target": "Parameter",
			"Id": "ParamRHand0",
			"Segments": [
				0,
				0,
				1,
				0.011,
				0,
				0.022,
				0,
				0.033,
				0,
				1,
				0.522,
				0,
				1.011,
				-0.2,
				1.5,
				-0.2,
				1,
				2,
				-0.2,
				2.5,
				-0.133,
				3,
				0,
				1,
				3.5,
				0.133,
				4,
				0.2,
				4.5,
				0.2,
				1,
				4.989,
				0.2,
				5.478,
				0.136,
				5.967,
				0.006,
				1,
				5.978,
				0.003,
				5.989,
				0,
				6,
				0
			]
		},
		{
			"Target": "Parameter",
			"Id": "ParamRHand1",
			"Segments": [
				0,
				0,
				1,
				0.011,
				0,
				0.022,
				0,
				0.033,
				-0.007,
				1,
				0.522,
				-0.331,
				1.011,
				-0.5,
				1.5,
				-0.5,
				1,
				2,
				-0.5,
				2.5,
				-0.333,
				3,
				0,
				1,
				3.5,
				0.333,
				4,
				0.5,
				4.5,
				0.5,
				1,
				4.989,
				0.5,
				5.478,
				0.326,
				5.967,
				0.005,
				1,
				5.978,
				-0.002,
				5.989,
				0,
				6,
				0
			]
		},
		{
			"Target": "Parameter",
			"Id": "ParamRHand2",
			"Segments": [
				0,
				0,
				1,
				0.011,
				0,
				0.022,
				0.002,
				0.033,
				0.006,
				1,
				0.522,
				0.202,
				1.011,
				0.3,
				1.5,
				0.3,
				1,
				2,
				0.3,
				2.5,
				0.2,
				3,
				0,
				1,
				3.5,
				-0.2,
				4,
				-0.3,
				4.5,
				-0.3,
				1,
				4.989,
				-0.3,
				5.478,
				-0.202,
				5.967,
				-0.006,
				1,
				5.978,
				-0.002,
				5.989,
				0,
				6,
				0
			]
		},
		{
			"Target": "Parameter",
			"Id": "ParamRHand3",
			"Segments": [
				0,
				0,
				1,
				0.011,
				0,
				0.022,
				-0.003,
				0.033,
				-0.006,
				1,
				0.522,
				-0.136,
				1.011,
				-0.2,
				1.5,
				-0.2,
				1,
				2,
				-0.2,
				2.5,
				-0.133,
				3,
				0,
				1,
				3.5,
				0.133,
				4,
				0.2,
				4.5,
				0.2,
				1,
				4.989,
				0.2,
				5.478,
				0.134,
				5.967,
				0.004,
				1,
				5.978,
				0.001,
				5.989,
				0,
				6,
				0
			]
		},
		{
			"Target": "Parameter",
			"Id": "ParamLA",
			"Segments": [
				0,
				0,
				1,
				0.011,
				0,
				0.022,
				-0.051,
				0.033,
				-0.065,
				1,
				0.522,
				-0.698,
				1.011,
				-1,
				1.5,
				-1,
				1,
				2,
				-1,
				2.5,
				-0.667,
				3,
				0,
				1,
				3.5,
				0.667,
				4,
				1,
				4.5,
				1,
				1,
				4.989,
				1,
				5.478,
				0.696,
				5.967,
				0.061,
				1,
				5.978,
				0.047,
				5.989,
				0,
				6,
				0
			]
		},
		{
			"Target": "Parameter",
			"Id": "ParamLHand1",
			"Segments": [
				0,
				0.018,
				1,
				0.011,
				0.018,
				0.022,
				0.012,
				0.033,
				0.011,
				1,
				0.578,
				-0.044,
				1.122,
				-0.07,
				1.667,
				-0.07,
				1,
				2.167,
				-0.07,
				2.667,
				-0.055,
				3.167,
				0,
				1,
				3.667,
				0.055,
				4.167,
				0.1,
				4.667,
				0.1,
				1,
				5.111,
				0.1,
				5.556,
				0.075,
				6,
				0.018
			]
		},
		{
			"Target": "Parameter",
			"Id": "ParamLHand2",
			"Segments": [
				0,
				0.018,
				1,
				0.011,
				0.018,
				0.022,
				0.013,
				0.033,
				0.011,
				1,
				0.578,
				-0.088,
				1.122,
				-0.136,
				1.667,
				-0.136,
				1,
				2.167,
				-0.136,
				2.667,
				-0.077,
				3.167,
				0,
				1,
				3.667,
				0.077,
				4.167,
				0.1,
				4.667,
				0.1,
				1,
				5.111,
				0.1,
				5.556,
				0.075,
				6,
				0.018
			]
		},
		{
			"Target": "Parameter",
			"Id": "ParamLHand3",
			"Segments": [
				0,
				0.018,
				1,
				0.011,
				0.018,
				0.022,
				0.012,
				0.033,
				0.011,
				1,
				0.578,
				-0.064,
				1.122,
				-0.1,
				1.667,
				-0.1,
				1,
				2.167,
				-0.1,
				2.667,
				-0.067,
				3.167,
				0,
				1,
				3.667,
				0.067,
				4.167,
				0.1,
				4.667,
				0.1,
				1,
				5.111,
				0.1,
				5.556,
				0.075,
				6,
				0.018
			]
		},
		{
			"Target": "Parameter",
			"Id": "ParamLHand4",
			"Segments": [
				0,
				0.018,
				1,
				0.011,
				0.018,
				0.022,
				0.012,
				0.033,
				0.011,
				1,
				0.578,
				-0.064,
				1.122,
				-0.1,
				1.667,
				-0.1,
				1,
				2.167,
				-0.1,
				2.667,
				-0.067,
				3.167,
				0,
				1,
				3.667,
				0.067,
				4.167,
				0.1,
				4.667,
				0.1,
				1,
				5.111,
				0.1,
				5.556,
				0.075,
				6,
				0.018
			]
		},
		{
			"Target": "Parameter",
			"Id": "ParamAngleX",
			"Segments": [
				0,
				0,
				1,
				0.011,
				0,
				0.022,
				0.047,
				0.033,
				0.061,
				1,
				0.578,
				0.723,
				1.122,
				1.04,
				1.667,
				1.04,
				1,
				2.167,
				1.04,
				2.667,
				0.68,
				3.167,
				0,
				1,
				3.667,
				-0.68,
				4.167,
				-1,
				4.667,
				-1,
				1,
				5.1,
				-1,
				5.533,
				-0.697,
				5.967,
				-0.062,
				1,
				5.978,
				-0.046,
				5.989,
				0,
				6,
				0
			]
		},
		{
			"Target": "Parameter",
			"Id": "ParamAngleY",
			"Segments": [
				0,
				0,
				1,
				0.022,
				0,
				0.044,
				0.074,
				0.067,
				0.1,
				1,
				0.6,
				0.715,
				1.133,
				1,
				1.667,
				1,
				1,
				2.167,
				1,
				2.667,
				0.667,
				3.167,
				0,
				1,
				3.667,
				-0.667,
				4.167,
				-1,
				4.667,
				-1,
				1,
				5.1,
				-1,
				5.533,
				-0.697,
				5.967,
				-0.062,
				1,
				5.978,
				-0.046,
				5.989,
				0,
				6,
				0
			]
		},
		{
			"Target": "Parameter",
			"Id": "ParamAngleZ",
			"Segments": [
				0,
				-0.03,
				1,
				0.011,
				-0.03,
				0.022,
				-0.014,
				0.033,
				0,
				1,
				0.578,
				0.671,
				1.122,
				1,
				1.667,
				1,
				1,
				2.167,
				1,
				2.667,
				0.667,
				3.167,
				0,
				1,
				3.667,
				-0.667,
				4.167,
				-1,
				4.667,
				-1,
				1,
				5.111,
				-1,
				5.556,
				-0.709,
				6,
				-0.03
			]
		},
		{
			"Target": "Parameter",
			"Id": "ParamEyeLOpen",
			"Segments": [
				0,
				1,
				0,
				3.833,
				1,
				1,
				3.878,
				1,
				3.922,
				0,
				3.967,
				0,
				1,
				3.989,
				0,
				4.011,
				0,
				4.033,
				0,
				1,
				4.078,
				0,
				4.122,
				1,
				4.167,
				1,
				0,
				6,
				1
			]
		},
		{
			"Target": "Parameter",
			"Id": "ParamEyeROpen",
			"Segments": [
				0,
				1,
				0,
				3.833,
				1,
				1,
				3.878,
				1,
				3.922,
				0,
				3.967,
				0,
				1,
				3.989,
				0,
				4.011,
				0,
				4.033,
				0,
				1,
				4.078,
				0,
				4.122,
				1,
				4.167,
				1,
				0,
				6,
				1
			]
		},
		{
			"Target": "Parameter",
			"Id": "ParamBodyAngleX",
			"Segments": [
				0,
				0,
				1,
				0.011,
				0,
				0.022,
				0.014,
				0.033,
				0.021,
				1,
				0.522,
				0.344,
				1.011,
				0.5,
				1.5,
				0.5,
				1,
				2,
				0.5,
				2.5,
				0.333,
				3,
				0,
				1,
				3.5,
				-0.333,
				4,
				-0.5,
				4.5,
				-0.5,
				1,
				4.989,
				-0.5,
				5.478,
				-0.352,
				5.967,
				-0.041,
				1,
				5.978,
				-0.034,
				5.989,
				0,
				6,
				0
			]
		},
		{
			"Target": "Parameter",
			"Id": "ParamBodyAngleY",
			"Segments": [
				0,
				0,
				1,
				0.011,
				0,
				0.022,
				0.018,
				0.033,
				0.021,
				1,
				0.522,
				0.143,
				1.011,
				0.2,
				1.5,
				0.2,
				1,
				2,
				0.2,
				2.5,
				0.133,
				3,
				0,
				1,
				3.5,
				-0.133,
				4,
				-0.2,
				4.5,
				-0.2,
				1,
				4.989,
				-0.2,
				5.478,
				-0.143,
				5.967,
				-0.021,
				1,
				5.978,
				-0.018,
				5.989,
				0,
				6,
				0
			]
		},
		{
			"Target": "Parameter",
			"Id": "ParamBreat",
			"Segments": [
				0,
				0.5,
				1,
				0.5,
				0.5,
				1,
				1,
				1.5,
				1,
				1,
				2,
				1,
				2.5,
				0.833,
				3,
				0.5,
				1,
				3.5,
				0.167,
				4,
				0,
				4.5,
				0,
				1,
				5,
				0,
				5.5,
				0.5,
				6,
				0.5
			]
		},
		{
			"Target": "Parameter",
			"Id": "ParamHairFront",
			"Segments": [
				0,
				0,
				1,
				0.011,
				0,
				0.022,
				-0.003,
				0.033,
				-0.004,
				1,
				0.522,
				-0.069,
				1.011,
				-0.1,
				1.5,
				-0.1,
				1,
				2,
				-0.1,
				2.5,
				-0.067,
				3,
				0,
				1,
				3.5,
				0.067,
				4,
				0.1,
				4.5,
				0.1,
				1,
				4.989,
				0.1,
				5.478,
				0.069,
				5.967,
				0.004,
				1,
				5.978,
				0.003,
				5.989,
				0,
				6,
				0
			]
		},
		{
			"Target": "Parameter",
			"Id": "ParamHairSide",
			"Segments": [
				0,
				0.01,
				1,
				0.011,
				0.01,
				0.022,
				0.001,
				0.033,
				0,
				1,
				0.578,
				-0.068,
				1.122,
				-0.1,
				1.667,
				-0.1,
				1,
				2.167,
				-0.1,
				2.667,
				-0.067,
				3.167,
				0,
				1,
				3.667,
				0.067,
				4.167,
				0.1,
				4.667,
				0.1,
				1,
				5.111,
				0.1,
				5.556,
				0.069,
				6,
				0.01
			]
		},
		{
			"Target": "Parameter",
			"Id": "ParamHairBack",
			"Segments": [
				0,
				0.01,
				1,
				0.011,
				0.01,
				0.022,
				0.001,
				0.033,
				0,
				1,
				0.633,
				-0.068,
				1.233,
				-0.1,
				1.833,
				-0.1,
				1,
				2.333,
				-0.1,
				2.833,
				-0.067,
				3.333,
				0,
				1,
				3.833,
				0.067,
				4.333,
				0.1,
				4.833,
				0.1,
				1,
				5.222,
				0.1,
				5.611,
				0.054,
				6,
				0.01
			]
		},
		{
			"Target": "Parameter",
			"Id": "ParamHairWind",
			"Segments": [
				0,
				0.01,
				1,
				0.022,
				0.01,
				0.044,
				0.003,
				0.067,
				0,
				1,
				0.656,
				-0.068,
				1.244,
				-0.1,
				1.833,
				-0.1,
				1,
				2.333,
				-0.1,
				2.833,
				-0.067,
				3.333,
				0,
				1,
				3.833,
				0.067,
				4.333,
				0.1,
				4.833,
				0.1,
				1,
				5.222,
				0.1,
				5.611,
				0.054,
				6,
				0.01
			]
		},
		{
			"Target": "Parameter",
			"Id": "ParamClothX",
			"Segments": [
				0,
				-0.1,
				1,
				0.033,
				-0.1,
				0.067,
				0.006,
				0.1,
				0.089,
				1,
				0.622,
				1.391,
				1.144,
				2,
				1.667,
				2,
				1,
				2.167,
				2,
				2.667,
				1.306,
				3.167,
				0,
				1,
				3.667,
				-1.306,
				4.167,
				-1.92,
				4.667,
				-1.92,
				1,
				5.111,
				-1.92,
				5.556,
				-1.163,
				6,
				-0.1
			]
		},
		{
			"Target": "Parameter",
			"Id": "ParamClothY",
			"Segments": [
				0,
				-0.2,
				1,
				0.033,
				-0.2,
				0.067,
				0.176,
				0.1,
				0.329,
				1,
				0.622,
				2.726,
				1.144,
				3.8,
				1.667,
				3.8,
				1,
				2.167,
				3.8,
				2.667,
				2.827,
				3.167,
				0,
				1,
				3.667,
				-2.827,
				4.167,
				-4.8,
				4.667,
				-4.8,
				1,
				5.111,
				-4.8,
				5.556,
				-2.734,
				6,
				-0.2
			]
		},
		{
			"Target": "Parameter",
			"Id": "ParamYears",
			"Segments": [
				0,
				0,
				1,
				0.011,
				0,
				0.022,
				-0.453,
				0.033,
				-0.553,
				1,
				0.522,
				-4.918,
				1.011,
				-7,
				1.5,
				-7,
				1,
				2,
				-7,
				2.5,
				-4.977,
				3,
				0,
				1,
				3.5,
				4.977,
				4,
				8,
				4.5,
				8,
				1,
				4.989,
				8,
				5.478,
				5.452,
				5.967,
				0.252,
				1,
				5.978,
				0.134,
				5.989,
				0,
				6,
				0
			]
		},
		{
			"Target": "Parameter",
			"Id": "ParamHairs",
			"Segments": [
				0,
				0,
				1,
				0.011,
				0,
				0.022,
				-0.222,
				0.033,
				-0.309,
				1,
				0.522,
				-4.151,
				1.011,
				-6,
				1.5,
				-6,
				1,
				2,
				-6,
				2.5,
				-4.569,
				3,
				0,
				1,
				3.5,
				4.569,
				4,
				8,
				4.5,
				8,
				1,
				4.989,
				8,
				5.478,
				5.487,
				5.967,
				0.312,
				1,
				5.978,
				0.194,
				5.989,
				0,
				6,
				0
			]
		},
		{
			"Target": "Parameter",
			"Id": "Param_Angle_Rotation65",
			"Segments": [
				0,
				-0.17,
				1,
				0.011,
				-0.17,
				0.022,
				-0.055,
				0.033,
				0,
				1,
				0.578,
				2.694,
				1.122,
				4,
				1.667,
				4,
				1,
				2.167,
				4,
				2.667,
				2.963,
				3.167,
				0,
				1,
				3.667,
				-2.963,
				4.167,
				-5,
				4.667,
				-5,
				1,
				5.111,
				-5,
				5.556,
				-3.565,
				6,
				-0.17
			]
		},
		{
			"Target": "Parameter",
			"Id": "Param_Angle_Rotation66",
			"Segments": [
				0,
				-2.08,
				1,
				0.011,
				-2.08,
				0.022,
				-1.958,
				0.033,
				-1.895,
				1,
				0.189,
				-1.015,
				0.344,
				-0.161,
				0.5,
				0.658,
				1,
				1.056,
				3.583,
				1.611,
				5,
				2.167,
				5,
				1,
				2.667,
				5,
				3.167,
				3.333,
				3.667,
				0,
				1,
				4.167,
				-3.333,
				4.667,
				-5,
				5.167,
				-5,
				1,
				5.444,
				-5,
				5.722,
				-3.926,
				6,
				-2.08
			]
		},
		{
			"Target": "Parameter",
			"Id": "Param_Angle_Rotation68",
			"Segments": [
				0,
				-0.21,
				1,
				0.011,
				-0.21,
				0.022,
				-0.069,
				0.033,
				0,
				1,
				0.578,
				3.368,
				1.122,
				5,
				1.667,
				5,
				1,
				2.167,
				5,
				2.667,
				3.636,
				3.167,
				0,
				1,
				3.667,
				-3.636,
				4.167,
				-6,
				4.667,
				-6,
				1,
				5.111,
				-6,
				5.556,
				-3.236,
				6,
				-0.21
			]
		},
		{
			"Target": "Parameter",
			"Id": "Param_Angle_Rotation69",
			"Segments": [
				0,
				-2.5,
				1,
				0.011,
				-2.5,
				0.022,
				-2.328,
				0.033,
				-2.254,
				1,
				0.189,
				-1.212,
				0.344,
				-0.226,
				0.5,
				0.758,
				1,
				1.056,
				4.272,
				1.611,
				6,
				2.167,
				6,
				1,
				2.667,
				6,
				3.167,
				4,
				3.667,
				0,
				1,
				4.167,
				-4,
				4.667,
				-6,
				5.167,
				-6,
				1,
				5.444,
				-6,
				5.722,
				-4.715,
				6,
				-2.5
			]
		},
		{
			"Target": "Parameter",
			"Id": "Param_Angle_Rotation71",
			"Segments": [
				0,
				-0.24,
				1,
				0.011,
				-0.24,
				0.022,
				-0.069,
				0.033,
				0,
				1,
				0.578,
				3.371,
				1.122,
				5,
				1.667,
				5,
				1,
				2.167,
				5,
				2.667,
				3.887,
				3.167,
				0,
				1,
				3.667,
				-3.887,
				4.167,
				-7,
				4.667,
				-7,
				1,
				5.111,
				-7,
				5.556,
				-3.747,
				6,
				-0.24
			]
		},
		{
			"Target": "Parameter",
			"Id": "Param_Angle_Rotation72",
			"Segments": [
				0,
				-2.92,
				1,
				0.011,
				-2.92,
				0.022,
				-2.772,
				0.033,
				-2.7,
				1,
				0.178,
				-1.765,
				0.322,
				-0.859,
				0.467,
				0,
				1,
				1.033,
				3.372,
				1.6,
				5,
				2.167,
				5,
				1,
				2.667,
				5,
				3.167,
				3.887,
				3.667,
				0,
				1,
				4.167,
				-3.887,
				4.667,
				-7,
				5.167,
				-7,
				1,
				5.444,
				-7,
				5.722,
				-5.504,
				6,
				-2.92
			]
		},
		{
			"Target": "Parameter",
			"Id": "Param_Angle_Rotation73",
			"Segments": [
				0,
				-6.12,
				1,
				0.011,
				-6.12,
				0.022,
				-5.977,
				0.033,
				-5.904,
				1,
				0.378,
				-3.649,
				0.722,
				-1.486,
				1.067,
				0.757,
				1,
				1.6,
				4.23,
				2.133,
				6,
				2.667,
				6,
				1,
				3.167,
				6,
				3.667,
				4.307,
				4.167,
				0,
				1,
				4.667,
				-4.307,
				5.167,
				-7,
				5.667,
				-7,
				1,
				5.778,
				-7,
				5.889,
				-7.074,
				6,
				-6.12
			]
		},
		{
			"Target": "Parameter",
			"Id": "Param_Angle_Rotation50",
			"Segments": [
				0,
				0.76,
				1,
				0.011,
				0.76,
				0.022,
				0.502,
				0.033,
				0.434,
				1,
				0.633,
				-3.234,
				1.233,
				-5,
				1.833,
				-5,
				1,
				2.333,
				-5,
				2.833,
				-3.636,
				3.333,
				0,
				1,
				3.833,
				3.636,
				4.333,
				6,
				4.833,
				6,
				1,
				5.222,
				6,
				5.611,
				3.629,
				6,
				0.76
			]
		},
		{
			"Target": "Parameter",
			"Id": "Param_Angle_Rotation51",
			"Segments": [
				0,
				2.92,
				1,
				0.011,
				2.92,
				0.022,
				2.6,
				0.033,
				2.526,
				1,
				0.8,
				-2.542,
				1.567,
				-5,
				2.333,
				-5,
				1,
				2.833,
				-5,
				3.333,
				-3.333,
				3.833,
				0,
				1,
				4.333,
				3.333,
				4.833,
				5,
				5.333,
				5,
				1,
				5.556,
				5,
				5.778,
				4.396,
				6,
				2.92
			]
		},
		{
			"Target": "Parameter",
			"Id": "Param_Angle_Rotation52",
			"Segments": [
				0,
				7.72,
				1,
				0.444,
				7.72,
				0.889,
				3.168,
				1.333,
				0,
				1,
				1.833,
				-3.564,
				2.333,
				-4,
				2.833,
				-4,
				1,
				3.333,
				-4,
				3.833,
				-3.429,
				4.333,
				0,
				1,
				4.889,
				3.81,
				5.444,
				7.72,
				6,
				7.72
			]
		},
		{
			"Target": "Parameter",
			"Id": "Param_Angle_Rotation54",
			"Segments": [
				0,
				0.76,
				1,
				0.011,
				0.76,
				0.022,
				0.631,
				0.033,
				0.574,
				1,
				0.122,
				0.117,
				0.211,
				-0.323,
				0.3,
				-0.711,
				1,
				0.811,
				-2.94,
				1.322,
				-4,
				1.833,
				-4,
				1,
				2.333,
				-4,
				2.833,
				-3.198,
				3.333,
				0,
				1,
				3.833,
				3.198,
				4.333,
				6,
				4.833,
				6,
				1,
				5.222,
				6,
				5.611,
				3.629,
				6,
				0.76
			]
		},
		{
			"Target": "Parameter",
			"Id": "Param_Angle_Rotation55",
			"Segments": [
				0,
				3.5,
				1,
				0.011,
				3.5,
				0.022,
				3.379,
				0.033,
				3.313,
				1,
				0.278,
				1.87,
				0.522,
				0.387,
				0.767,
				-0.926,
				1,
				1.289,
				-3.732,
				1.811,
				-5,
				2.333,
				-5,
				1,
				2.833,
				-5,
				3.333,
				-3.636,
				3.833,
				0,
				1,
				4.333,
				3.636,
				4.833,
				6,
				5.333,
				6,
				1,
				5.556,
				6,
				5.778,
				5.272,
				6,
				3.5
			]
		},
		{
			"Target": "Parameter",
			"Id": "Param_Angle_Rotation56",
			"Segments": [
				0,
				5.79,
				1,
				0.444,
				5.79,
				0.889,
				3.326,
				1.333,
				0,
				1,
				1.833,
				-3.741,
				2.333,
				-5,
				2.833,
				-5,
				1,
				3.333,
				-5,
				3.833,
				-3.406,
				4.333,
				0,
				1,
				4.889,
				3.784,
				5.444,
				5.79,
				6,
				5.79
			]
		},
		{
			"Target": "Parameter",
			"Id": "Param_Angle_Rotation58",
			"Segments": [
				0,
				1.13,
				1,
				0.011,
				1.13,
				0.022,
				0.834,
				0.033,
				0.75,
				1,
				0.633,
				-3.804,
				1.233,
				-6,
				1.833,
				-6,
				1,
				2.333,
				-6,
				2.833,
				-4.794,
				3.333,
				0,
				1,
				3.833,
				4.794,
				4.333,
				9,
				4.833,
				9,
				1,
				5.222,
				9,
				5.611,
				5.416,
				6,
				1.13
			]
		},
		{
			"Target": "Parameter",
			"Id": "Param_Angle_Rotation59",
			"Segments": [
				0,
				3.5,
				1,
				0.011,
				3.5,
				0.022,
				3.366,
				0.033,
				3.284,
				1,
				0.244,
				1.724,
				0.456,
				-0.026,
				0.667,
				-1.295,
				1,
				1.222,
				-4.632,
				1.778,
				-6,
				2.333,
				-6,
				1,
				2.833,
				-6,
				3.333,
				-4,
				3.833,
				0,
				1,
				4.333,
				4,
				4.833,
				6,
				5.333,
				6,
				1,
				5.556,
				6,
				5.778,
				5.272,
				6,
				3.5
			]
		},
		{
			"Target": "Parameter",
			"Id": "Param_Angle_Rotation61",
			"Segments": [
				0,
				0.63,
				1,
				0.011,
				0.63,
				0.022,
				0.63,
				0.033,
				0.63,
				1,
				0.633,
				0.63,
				1.233,
				-5,
				1.833,
				-5,
				1,
				2.333,
				-5,
				2.833,
				-3.333,
				3.333,
				0,
				1,
				3.833,
				3.333,
				4.333,
				5,
				4.833,
				5,
				1,
				5.222,
				5,
				5.611,
				3.019,
				6,
				0.63
			]
		},
		{
			"Target": "Parameter",
			"Id": "Param_Angle_Rotation62",
			"Segments": [
				0,
				3.5,
				1,
				0.011,
				3.5,
				0.022,
				3.398,
				0.033,
				3.341,
				1,
				0.289,
				2.035,
				0.544,
				0.702,
				0.8,
				-0.5,
				1,
				1.311,
				-2.904,
				1.822,
				-4,
				2.333,
				-4,
				1,
				2.833,
				-4,
				3.333,
				-3.198,
				3.833,
				0,
				1,
				4.333,
				3.198,
				4.833,
				6,
				5.333,
				6,
				1,
				5.556,
				6,
				5.778,
				5.272,
				6,
				3.5
			]
		},
		{
			"Target": "Parameter",
			"Id": "Param_Angle_Rotation63",
			"Segments": [
				0,
				5.79,
				1,
				0.444,
				5.79,
				0.889,
				2.894,
				1.333,
				0,
				1,
				1.833,
				-3.256,
				2.333,
				-4,
				2.833,
				-4,
				1,
				3.333,
				-4,
				3.833,
				-3.038,
				4.333,
				0,
				1,
				4.889,
				3.375,
				5.444,
				5.79,
				6,
				5.79
			]
		}
	]
}