{
	"Version": 3,
	"Parameters": [
		{
			"Id": "ParamEff1",
			"GroupId": "ParamGroup",
			"Name": "エフェクト1"
		},
		{
			"Id": "ParamEff2",
			"GroupId": "ParamGroup",
			"Name": "エフェクト2"
		},
		{
			"Id": "ParamEff3",
			"GroupId": "ParamGroup",
			"Name": "エフェクト3"
		},
		{
			"Id": "ParamEff4",
			"GroupId": "ParamGroup",
			"Name": "エフェクト4"
		},
		{
			"Id": "ParamEff5",
			"GroupId": "ParamGroup",
			"Name": "エフェクト5"
		},
		{
			"Id": "ParamEff6",
			"GroupId": "ParamGroup",
			"Name": "エフェクト6"
		},
		{
			"Id": "ParamEff7",
			"GroupId": "ParamGroup",
			"Name": "エフェクト7"
		},
		{
			"Id": "ParamEff8",
			"GroupId": "ParamGroup",
			"Name": "エフェクト8"
		},
		{
			"Id": "ParamEff9",
			"GroupId": "ParamGroup",
			"Name": "エフェクト9"
		},
		{
			"Id": "ParamEff10",
			"GroupId": "ParamGroup",
			"Name": "エフェクト10"
		},
		{
			"Id": "ParamEff11",
			"GroupId": "ParamGroup",
			"Name": "エフェクト11"
		},
		{
			"Id": "ParamEff12",
			"GroupId": "ParamGroup",
			"Name": "エフェクト12"
		},
		{
			"Id": "ParamEff13",
			"GroupId": "ParamGroup",
			"Name": "エフェクト13"
		},
		{
			"Id": "ParamEff14",
			"GroupId": "ParamGroup",
			"Name": "エフェクト14"
		},
		{
			"Id": "ParamEff15",
			"GroupId": "ParamGroup",
			"Name": "エフェクト15"
		},
		{
			"Id": "ParamEff16",
			"GroupId": "ParamGroup",
			"Name": "エフェクト16"
		},
		{
			"Id": "ParamEff17",
			"GroupId": "ParamGroup",
			"Name": "エフェクト17"
		},
		{
			"Id": "ParamEff18",
			"GroupId": "ParamGroup",
			"Name": "エフェクト18"
		},
		{
			"Id": "ParamEff19",
			"GroupId": "ParamGroup",
			"Name": "エフェクト19"
		},
		{
			"Id": "ParamEff20",
			"GroupId": "ParamGroup",
			"Name": "エフェクト20"
		},
		{
			"Id": "ParamEff21",
			"GroupId": "ParamGroup",
			"Name": "エフェクト21"
		},
		{
			"Id": "ParamEff22",
			"GroupId": "ParamGroup",
			"Name": "エフェクト22"
		},
		{
			"Id": "ParamEff23",
			"GroupId": "ParamGroup",
			"Name": "エフェクト23"
		},
		{
			"Id": "ParamEff24",
			"GroupId": "ParamGroup",
			"Name": "エフェクト24"
		},
		{
			"Id": "ParamEff25",
			"GroupId": "ParamGroup",
			"Name": "エフェクト25"
		},
		{
			"Id": "ParamEff26",
			"GroupId": "ParamGroup",
			"Name": "エフェクト26"
		},
		{
			"Id": "ParamEff27",
			"GroupId": "ParamGroup",
			"Name": "エフェクト27"
		},
		{
			"Id": "ParamEff28",
			"GroupId": "ParamGroup",
			"Name": "エフェクト28"
		},
		{
			"Id": "ParamEff29",
			"GroupId": "ParamGroup",
			"Name": "エフェクト29"
		},
		{
			"Id": "ParamEff30",
			"GroupId": "ParamGroup",
			"Name": "エフェクト30"
		},
		{
			"Id": "ParamEff31",
			"GroupId": "ParamGroup",
			"Name": "エフェクト31"
		},
		{
			"Id": "ParamEff32",
			"GroupId": "ParamGroup",
			"Name": "エフェクト32"
		},
		{
			"Id": "ParamEff33",
			"GroupId": "ParamGroup",
			"Name": "エフェクト33"
		},
		{
			"Id": "ParamEff34",
			"GroupId": "ParamGroup",
			"Name": "エフェクト34"
		},
		{
			"Id": "ParamEff35",
			"GroupId": "ParamGroup",
			"Name": "エフェクト35"
		},
		{
			"Id": "ParamEff36",
			"GroupId": "ParamGroup",
			"Name": "エフェクト36"
		},
		{
			"Id": "ParamEff37",
			"GroupId": "ParamGroup",
			"Name": "エフェクト37"
		},
		{
			"Id": "ParamEff38",
			"GroupId": "ParamGroup",
			"Name": "エフェクト38"
		},
		{
			"Id": "ParamEff39",
			"GroupId": "ParamGroup",
			"Name": "エフェクト39"
		},
		{
			"Id": "ParamEff40",
			"GroupId": "ParamGroup",
			"Name": "エフェクト40"
		},
		{
			"Id": "ParamLegL1in",
			"GroupId": "ParamGroup2",
			"Name": "右太もも内側"
		},
		{
			"Id": "ParamLegL1",
			"GroupId": "ParamGroup2",
			"Name": "右太もも"
		},
		{
			"Id": "ParamLegL2",
			"GroupId": "ParamGroup2",
			"Name": "右足"
		},
		{
			"Id": "ParamLegR1in",
			"GroupId": "ParamGroup2",
			"Name": "左太もも内側"
		},
		{
			"Id": "ParamLegR1",
			"GroupId": "ParamGroup2",
			"Name": "左太もも"
		},
		{
			"Id": "ParamLegR2",
			"GroupId": "ParamGroup2",
			"Name": "左足"
		},
		{
			"Id": "ParamEyeRL",
			"GroupId": "ParamGroup2",
			"Name": "目Hi左右"
		},
		{
			"Id": "ParamEyeUD",
			"GroupId": "ParamGroup2",
			"Name": "目Hi上下"
		},
		{
			"Id": "ParamEyeBS",
			"GroupId": "ParamGroup2",
			"Name": "目Hi大小"
		},
		{
			"Id": "ParamPaiX",
			"GroupId": "ParamGroup2",
			"Name": "右胸 X"
		},
		{
			"Id": "ParamPaiY",
			"GroupId": "ParamGroup2",
			"Name": "右胸 Y"
		},
		{
			"Id": "ParamPaiX2",
			"GroupId": "ParamGroup2",
			"Name": "右胸 X2"
		},
		{
			"Id": "ParamPaiY2",
			"GroupId": "ParamGroup2",
			"Name": "右胸 Y2"
		},
		{
			"Id": "ParamPaiRClothX",
			"GroupId": "ParamGroup2",
			"Name": "右胸布 X"
		},
		{
			"Id": "ParamPaiRClothY",
			"GroupId": "ParamGroup2",
			"Name": "右胸布 Y"
		},
		{
			"Id": "ParamPai2X",
			"GroupId": "ParamGroup2",
			"Name": "左胸 X"
		},
		{
			"Id": "ParamPai2Y",
			"GroupId": "ParamGroup2",
			"Name": "左胸 Y"
		},
		{
			"Id": "ParamPai2X2",
			"GroupId": "ParamGroup2",
			"Name": "左胸 X2"
		},
		{
			"Id": "ParamPai2Y2",
			"GroupId": "ParamGroup2",
			"Name": "左胸 Y2"
		},
		{
			"Id": "ParamPaiLClothX",
			"GroupId": "ParamGroup2",
			"Name": "左胸布 X"
		},
		{
			"Id": "ParamPaiLClothY",
			"GroupId": "ParamGroup2",
			"Name": "左胸布 Y"
		},
		{
			"Id": "ParamRA2",
			"GroupId": "ParamGroup3",
			"Name": "二の腕"
		},
		{
			"Id": "ParamRA",
			"GroupId": "ParamGroup3",
			"Name": "腕"
		},
		{
			"Id": "ParamRHand",
			"GroupId": "ParamGroup3",
			"Name": "手"
		},
		{
			"Id": "ParamRHand0",
			"GroupId": "ParamGroup3",
			"Name": "親指"
		},
		{
			"Id": "ParamRHand1",
			"GroupId": "ParamGroup3",
			"Name": "関節1"
		},
		{
			"Id": "ParamRHand2",
			"GroupId": "ParamGroup3",
			"Name": "関節2"
		},
		{
			"Id": "ParamRHand3",
			"GroupId": "ParamGroup3",
			"Name": "関節3"
		},
		{
			"Id": "ParamLA",
			"GroupId": "ParamGroup4",
			"Name": "腕"
		},
		{
			"Id": "ParamLHand1",
			"GroupId": "ParamGroup4",
			"Name": "指1"
		},
		{
			"Id": "ParamLHand2",
			"GroupId": "ParamGroup4",
			"Name": "指2"
		},
		{
			"Id": "ParamLHand3",
			"GroupId": "ParamGroup4",
			"Name": "指3"
		},
		{
			"Id": "ParamLHand4",
			"GroupId": "ParamGroup4",
			"Name": "指4"
		},
		{
			"Id": "ParamAngleX",
			"GroupId": "ParamGroup5",
			"Name": "角度 X"
		},
		{
			"Id": "ParamAngleY",
			"GroupId": "ParamGroup5",
			"Name": "角度 Y"
		},
		{
			"Id": "ParamAngleZ",
			"GroupId": "ParamGroup5",
			"Name": "角度 Z"
		},
		{
			"Id": "ParamEyeLOpen",
			"GroupId": "ParamGroup5",
			"Name": "左目　開閉"
		},
		{
			"Id": "ParamEyeLSmile",
			"GroupId": "ParamGroup5",
			"Name": "左目　笑顔"
		},
		{
			"Id": "ParamEyeROpen",
			"GroupId": "ParamGroup5",
			"Name": "右目　開閉"
		},
		{
			"Id": "ParamEyeRSmile",
			"GroupId": "ParamGroup5",
			"Name": "右目　笑顔"
		},
		{
			"Id": "ParamEyeBallX",
			"GroupId": "ParamGroup5",
			"Name": "目玉 X"
		},
		{
			"Id": "ParamEyeBallY",
			"GroupId": "ParamGroup5",
			"Name": "目玉 Y"
		},
		{
			"Id": "ParamBrowY",
			"GroupId": "ParamGroup5",
			"Name": "眉　上下"
		},
		{
			"Id": "ParamBrowX",
			"GroupId": "ParamGroup5",
			"Name": "眉　左右"
		},
		{
			"Id": "ParamBrowAngle",
			"GroupId": "ParamGroup5",
			"Name": "眉　角度"
		},
		{
			"Id": "ParamBrowForm",
			"GroupId": "ParamGroup5",
			"Name": "眉　変形"
		},
		{
			"Id": "ParamMouthForm",
			"GroupId": "ParamGroup5",
			"Name": "口　変形"
		},
		{
			"Id": "ParamMouthOpenY",
			"GroupId": "ParamGroup5",
			"Name": "口　開閉"
		},
		{
			"Id": "ParamCheek",
			"GroupId": "ParamGroup5",
			"Name": "照れ"
		},
		{
			"Id": "ParamBodyAngleX",
			"GroupId": "ParamGroup5",
			"Name": "体の回転　X"
		},
		{
			"Id": "ParamBodyAngleY",
			"GroupId": "ParamGroup5",
			"Name": "体の回転　Y"
		},
		{
			"Id": "ParamBodyAngleZ",
			"GroupId": "ParamGroup5",
			"Name": "体の回転　Z"
		},
		{
			"Id": "ParamBreat",
			"GroupId": "ParamGroup5",
			"Name": "呼吸"
		},
		{
			"Id": "ParamHairFront",
			"GroupId": "ParamGroup5",
			"Name": "髪揺れ　前"
		},
		{
			"Id": "ParamHairSide",
			"GroupId": "ParamGroup5",
			"Name": "髪揺れ　横"
		},
		{
			"Id": "ParamHairBack",
			"GroupId": "ParamGroup5",
			"Name": "髪揺れ　後"
		},
		{
			"Id": "ParamHairWind",
			"GroupId": "ParamGroup5",
			"Name": "髪揺れ　風"
		},
		{
			"Id": "ParamClothX",
			"GroupId": "ParamGroup6",
			"Name": "腰半透明 X"
		},
		{
			"Id": "ParamClothY",
			"GroupId": "ParamGroup6",
			"Name": "腰半透明 Y"
		},
		{
			"Id": "ParamYears",
			"GroupId": "ParamGroup6",
			"Name": "耳飾り"
		},
		{
			"Id": "ParamHairs",
			"GroupId": "ParamGroup6",
			"Name": "髪飾り"
		},
		{
			"Id": "ParamBg",
			"GroupId": "ParamGroup6",
			"Name": "背景"
		},
		{
			"Id": "Param_Angle_Rotation65",
			"GroupId": "ParamGroup7",
			"Name": "[0]右もみあげ1"
		},
		{
			"Id": "Param_Angle_Rotation66",
			"GroupId": "ParamGroup7",
			"Name": "[1]右もみあげ1"
		},
		{
			"Id": "Param_Angle_Rotation68",
			"GroupId": "ParamGroup8",
			"Name": "[0]右もみあげ2"
		},
		{
			"Id": "Param_Angle_Rotation69",
			"GroupId": "ParamGroup8",
			"Name": "[1]右もみあげ2"
		},
		{
			"Id": "Param_Angle_Rotation71",
			"GroupId": "ParamGroup9",
			"Name": "[0]右もみあげ3"
		},
		{
			"Id": "Param_Angle_Rotation72",
			"GroupId": "ParamGroup9",
			"Name": "[1]右もみあげ3"
		},
		{
			"Id": "Param_Angle_Rotation73",
			"GroupId": "ParamGroup9",
			"Name": "[2]右もみあげ3"
		},
		{
			"Id": "Param_Angle_Rotation50",
			"GroupId": "ParamGroup10",
			"Name": "[0]後髪細1"
		},
		{
			"Id": "Param_Angle_Rotation51",
			"GroupId": "ParamGroup10",
			"Name": "[1]後髪細1"
		},
		{
			"Id": "Param_Angle_Rotation52",
			"GroupId": "ParamGroup10",
			"Name": "[2]後髪細1"
		},
		{
			"Id": "Param_Angle_Rotation54",
			"GroupId": "ParamGroup11",
			"Name": "[0]後髪大中3"
		},
		{
			"Id": "Param_Angle_Rotation55",
			"GroupId": "ParamGroup11",
			"Name": "[1]後髪大中3"
		},
		{
			"Id": "Param_Angle_Rotation56",
			"GroupId": "ParamGroup11",
			"Name": "[2]後髪大中3"
		},
		{
			"Id": "Param_Angle_Rotation58",
			"GroupId": "ParamGroup12",
			"Name": "[0]後髪細2"
		},
		{
			"Id": "Param_Angle_Rotation59",
			"GroupId": "ParamGroup12",
			"Name": "[1]後髪細2"
		},
		{
			"Id": "Param_Angle_Rotation61",
			"GroupId": "ParamGroup13",
			"Name": "[0]後髪大中1"
		},
		{
			"Id": "Param_Angle_Rotation62",
			"GroupId": "ParamGroup13",
			"Name": "[1]後髪大中1"
		},
		{
			"Id": "Param_Angle_Rotation63",
			"GroupId": "ParamGroup13",
			"Name": "[2]後髪大中1"
		}
	],
	"ParameterGroups": [
		{
			"Id": "ParamGroup",
			"GroupId": "",
			"Name": "エフェクト"
		},
		{
			"Id": "ParamGroup2",
			"GroupId": "",
			"Name": "URLR"
		},
		{
			"Id": "ParamGroup3",
			"GroupId": "",
			"Name": "右腕"
		},
		{
			"Id": "ParamGroup4",
			"GroupId": "",
			"Name": "左腕"
		},
		{
			"Id": "ParamGroup5",
			"GroupId": "",
			"Name": "基本"
		},
		{
			"Id": "ParamGroup6",
			"GroupId": "",
			"Name": "追加"
		},
		{
			"Id": "ParamGroup7",
			"GroupId": "",
			"Name": "右もみあげ1"
		},
		{
			"Id": "ParamGroup8",
			"GroupId": "",
			"Name": "右もみあげ2"
		},
		{
			"Id": "ParamGroup9",
			"GroupId": "",
			"Name": "右もみあげ3"
		},
		{
			"Id": "ParamGroup10",
			"GroupId": "",
			"Name": "後髪細1"
		},
		{
			"Id": "ParamGroup11",
			"GroupId": "",
			"Name": "後髪大中3"
		},
		{
			"Id": "ParamGroup12",
			"GroupId": "",
			"Name": "後髪細2"
		},
		{
			"Id": "ParamGroup13",
			"GroupId": "",
			"Name": "後髪大中1"
		}
	],
	"Parts": [
		{
			"Id": "Part73",
			"Name": "1920x1440_7.psd"
		},
		{
			"Id": "Part72",
			"Name": "1920x1440_6.psd"
		},
		{
			"Id": "Part7",
			"Name": "1920x1440_5.psd"
		},
		{
			"Id": "Part6",
			"Name": "1920x1440_4.psd"
		},
		{
			"Id": "Part4",
			"Name": "1920x1440_3.psd"
		},
		{
			"Id": "Part3",
			"Name": "1920x1440_2.psd"
		},
		{
			"Id": "Part71",
			"Name": "1920x1440_1.psd"
		},
		{
			"Id": "Part51",
			"Name": "1920x1440.psd"
		},
		{
			"Id": "Part29",
			"Name": "エフェクト3"
		},
		{
			"Id": "Part46",
			"Name": "ビル光"
		},
		{
			"Id": "Part47",
			"Name": "星"
		},
		{
			"Id": "Part",
			"Name": "光上"
		},
		{
			"Id": "Part2",
			"Name": "紫"
		},
		{
			"Id": "Part30",
			"Name": "エフェクト2"
		},
		{
			"Id": "Part38",
			"Name": "エフェクト丸大"
		},
		{
			"Id": "Part55",
			"Name": "パーツ55"
		},
		{
			"Id": "Part56",
			"Name": "パーツ56"
		},
		{
			"Id": "Part57",
			"Name": "パーツ57"
		},
		{
			"Id": "Part58",
			"Name": "パーツ58"
		},
		{
			"Id": "Part49",
			"Name": "光大"
		},
		{
			"Id": "Part50",
			"Name": "光小"
		},
		{
			"Id": "Part48",
			"Name": "光周り"
		},
		{
			"Id": "Part52",
			"Name": "パーツ52"
		},
		{
			"Id": "Part53",
			"Name": "パーツ53"
		},
		{
			"Id": "Part54",
			"Name": "パーツ54"
		},
		{
			"Id": "Part66",
			"Name": "左腕"
		},
		{
			"Id": "Part8",
			"Name": "髪装飾"
		},
		{
			"Id": "Part9",
			"Name": "前髪"
		},
		{
			"Id": "Part10",
			"Name": "頭周辺"
		},
		{
			"Id": "Part31",
			"Name": "グループ 6"
		},
		{
			"Id": "Part32",
			"Name": "グループ 2"
		},
		{
			"Id": "Part33",
			"Name": "グループ 4"
		},
		{
			"Id": "Part34",
			"Name": "グループ 5"
		},
		{
			"Id": "Part35",
			"Name": "グループ 7"
		},
		{
			"Id": "Part36",
			"Name": "グループ 3"
		},
		{
			"Id": "Part37",
			"Name": "グループ 8"
		},
		{
			"Id": "Part39",
			"Name": "グループ 13"
		},
		{
			"Id": "Part40",
			"Name": "グループ 14"
		},
		{
			"Id": "Part41",
			"Name": "グループ 11"
		},
		{
			"Id": "Part42",
			"Name": "グループ 10"
		},
		{
			"Id": "Part43",
			"Name": "グループ 15"
		},
		{
			"Id": "Part44",
			"Name": "グループ 12"
		},
		{
			"Id": "Part45",
			"Name": "グループ 16"
		},
		{
			"Id": "Part61",
			"Name": "パーツ61"
		},
		{
			"Id": "Part60",
			"Name": "パーツ60"
		},
		{
			"Id": "Part59",
			"Name": "パーツ59"
		},
		{
			"Id": "Part62",
			"Name": "パーツ62"
		},
		{
			"Id": "Part63",
			"Name": "パーツ63"
		},
		{
			"Id": "Part65",
			"Name": "パーツ65"
		},
		{
			"Id": "Part64",
			"Name": "パーツ64"
		},
		{
			"Id": "Part67",
			"Name": "小指"
		},
		{
			"Id": "Part68",
			"Name": "薬指"
		},
		{
			"Id": "Part69",
			"Name": "中指"
		},
		{
			"Id": "Part70",
			"Name": "人差し指"
		},
		{
			"Id": "ArtMesh55_Skinning",
			"Name": "前髪15(スキニング)"
		},
		{
			"Id": "ArtMesh56_Skinning",
			"Name": "前髪16(スキニング)"
		},
		{
			"Id": "Part11",
			"Name": "表情"
		},
		{
			"Id": "Part12",
			"Name": "閉目"
		},
		{
			"Id": "Part13",
			"Name": "目開"
		},
		{
			"Id": "Part27",
			"Name": "下半身"
		},
		{
			"Id": "Part22",
			"Name": "右腕"
		},
		{
			"Id": "Part28",
			"Name": "後髪"
		},
		{
			"Id": "Part14",
			"Name": "右目"
		},
		{
			"Id": "Part21",
			"Name": "胸など"
		},
		{
			"Id": "Part23",
			"Name": "人差し指"
		},
		{
			"Id": "Part24",
			"Name": "中指"
		},
		{
			"Id": "Part25",
			"Name": "薬指"
		},
		{
			"Id": "Part26",
			"Name": "小指"
		},
		{
			"Id": "ArtMesh150_Skinning",
			"Name": "後髪細1(スキニング)"
		},
		{
			"Id": "ArtMesh151_Skinning",
			"Name": "後髪細2(スキニング)"
		},
		{
			"Id": "ArtMesh154_Skinning",
			"Name": "後髪大中1(スキニング)"
		},
		{
			"Id": "ArtMesh156_Skinning",
			"Name": "後髪大中3(スキニング)"
		},
		{
			"Id": "Part15",
			"Name": "眉"
		},
		{
			"Id": "Part16",
			"Name": "左目"
		},
		{
			"Id": "Part18",
			"Name": "開け目"
		},
		{
			"Id": "Part5",
			"Name": "顔"
		},
		{
			"Id": "ArtMesh106_Skinning",
			"Name": "右もみあげ1(スキニング)"
		},
		{
			"Id": "ArtMesh107_Skinning",
			"Name": "右もみあげ2(スキニング)"
		},
		{
			"Id": "ArtMesh108_Skinning",
			"Name": "右もみあげ3(スキニング)"
		},
		{
			"Id": "Part17",
			"Name": "眉"
		},
		{
			"Id": "Part19",
			"Name": "グループ 17"
		},
		{
			"Id": "Part20",
			"Name": "鼻"
		}
	],
	"CombinedParameters": [
		[
			"ParamLegL1in",
			"ParamLegL1"
		],
		[
			"ParamLegR1in",
			"ParamLegR1"
		],
		[
			"ParamEyeRL",
			"ParamEyeUD"
		],
		[
			"ParamPaiX",
			"ParamPaiY"
		],
		[
			"ParamPaiX2",
			"ParamPaiY2"
		],
		[
			"ParamPaiRClothX",
			"ParamPaiRClothY"
		],
		[
			"ParamPai2X",
			"ParamPai2Y"
		],
		[
			"ParamPaiLClothX",
			"ParamPaiLClothY"
		],
		[
			"ParamAngleX",
			"ParamAngleY"
		],
		[
			"ParamEyeBallX",
			"ParamEyeBallY"
		],
		[
			"ParamBrowY",
			"ParamBrowX"
		],
		[
			"ParamClothX",
			"ParamClothY"
		]
	]
}