{
	"Version": 3,
	"Meta": {
		"Duration": 6,
		"Fps": 30.0,
		"Loop": true,
		"AreBeziersRestricted": false,
		"CurveCount": 98,
		"TotalSegmentCount": 897,
		"TotalPointCount": 2785,
		"UserDataCount": 0,
		"TotalUserDataSize": 0
	},
	"Curves": [
		{
			"Target": "Parameter",
			"Id": "Param46",
			"Segments": [
				0,
				0,
				1,
				1,
				0,
				2,
				30,
				3,
				30,
				1,
				4,
				30,
				5,
				0,
				6,
				0
			]
		},
		{
			"Target": "Parameter",
			"Id": "Param19",
			"Segments": [
				0,
				1,
				1,
				0.056,
				1,
				0.111,
				1,
				0.167,
				1,
				1,
				0.189,
				1,
				0.211,
				1,
				0.233,
				1,
				1,
				0.267,
				1,
				0.3,
				0.3,
				0.333,
				0.3,
				1,
				0.356,
				0.3,
				0.378,
				1,
				0.4,
				1,
				1,
				0.644,
				1,
				0.889,
				0.3,
				1.133,
				0.3,
				1,
				1.289,
				0.3,
				1.444,
				1,
				1.6,
				1,
				1,
				1.8,
				1,
				2,
				0.2,
				2.2,
				0.2,
				1,
				2.222,
				0.2,
				2.244,
				1,
				2.267,
				1,
				1,
				2.289,
				1,
				2.311,
				0.2,
				2.333,
				0.2,
				1,
				2.378,
				0.2,
				2.422,
				1,
				2.467,
				1,
				1,
				2.489,
				1,
				2.511,
				0.2,
				2.533,
				0.2,
				1,
				2.556,
				0.2,
				2.578,
				1,
				2.6,
				1,
				1,
				2.711,
				1,
				2.822,
				0.3,
				2.933,
				0.3,
				1,
				2.989,
				0.3,
				3.044,
				1,
				3.1,
				1,
				1,
				3.122,
				1,
				3.144,
				0.2,
				3.167,
				0.2,
				1,
				3.189,
				0.2,
				3.211,
				1,
				3.233,
				1,
				1,
				3.256,
				1,
				3.278,
				0.3,
				3.3,
				0.3,
				1,
				3.411,
				0.3,
				3.522,
				1,
				3.633,
				1,
				1,
				3.844,
				1,
				4.056,
				0.4,
				4.267,
				0.4,
				1,
				4.456,
				0.4,
				4.644,
				1,
				4.833,
				1,
				1,
				4.856,
				1,
				4.878,
				0.4,
				4.9,
				0.4,
				1,
				4.922,
				0.4,
				4.944,
				1,
				4.967,
				1,
				1,
				5.133,
				1,
				5.3,
				0.6,
				5.467,
				0.6,
				1,
				5.644,
				0.6,
				5.822,
				1,
				6,
				1
			]
		},
		{
			"Target": "Parameter",
			"Id": "Param20",
			"Segments": [
				0,
				0.3,
				1,
				0.1,
				0.3,
				0.2,
				1,
				0.3,
				1,
				1,
				0.333,
				1,
				0.367,
				0.412,
				0.4,
				0.2,
				1,
				0.433,
				-0.012,
				0.467,
				0,
				0.5,
				0,
				1,
				0.522,
				0,
				0.544,
				1,
				0.567,
				1,
				1,
				0.756,
				1,
				0.944,
				0.2,
				1.133,
				0.2,
				1,
				1.311,
				0.2,
				1.489,
				0.7,
				1.667,
				0.7,
				1,
				1.689,
				0.7,
				1.711,
				0.4,
				1.733,
				0.4,
				1,
				1.822,
				0.4,
				1.911,
				1,
				2,
				1,
				1,
				2.089,
				1,
				2.178,
				0.4,
				2.267,
				0.4,
				1,
				2.489,
				0.4,
				2.711,
				1,
				2.933,
				1,
				1,
				2.956,
				1,
				2.978,
				1,
				3,
				1,
				1,
				3.022,
				1,
				3.044,
				0.4,
				3.067,
				0.4,
				1,
				3.111,
				0.4,
				3.156,
				1,
				3.2,
				1,
				1,
				3.222,
				1,
				3.244,
				0.5,
				3.267,
				0.5,
				1,
				3.3,
				0.5,
				3.333,
				1,
				3.367,
				1,
				1,
				3.389,
				1,
				3.411,
				0.4,
				3.433,
				0.4,
				1,
				3.489,
				0.4,
				3.544,
				1,
				3.6,
				1,
				1,
				3.9,
				1,
				4.2,
				0.5,
				4.5,
				0.5,
				1,
				4.8,
				0.5,
				5.1,
				1,
				5.4,
				1,
				1,
				5.6,
				1,
				5.8,
				0.3,
				6,
				0.3
			]
		},
		{
			"Target": "Parameter",
			"Id": "Param21",
			"Segments": [
				0,
				0.2,
				1,
				0.178,
				0.2,
				0.356,
				0.8,
				0.533,
				0.8,
				1,
				0.933,
				0.8,
				1.333,
				0.4,
				1.733,
				0.4,
				1,
				2.189,
				0.4,
				2.644,
				0.7,
				3.1,
				0.7,
				1,
				3.4,
				0.7,
				3.7,
				0.2,
				4,
				0.2,
				1,
				4.389,
				0.2,
				4.778,
				0.7,
				5.167,
				0.7,
				1,
				5.444,
				0.7,
				5.722,
				0.2,
				6,
				0.2
			]
		},
		{
			"Target": "Parameter",
			"Id": "Param41",
			"Segments": [
				0,
				0.2,
				1,
				0.178,
				0.2,
				0.356,
				0.8,
				0.533,
				0.8,
				1,
				0.933,
				0.8,
				1.333,
				0.4,
				1.733,
				0.4,
				1,
				2.189,
				0.4,
				2.644,
				0.7,
				3.1,
				0.7,
				1,
				3.4,
				0.7,
				3.7,
				0.2,
				4,
				0.2,
				1,
				4.389,
				0.2,
				4.778,
				0.7,
				5.167,
				0.7,
				1,
				5.444,
				0.7,
				5.722,
				0.2,
				6,
				0.2
			]
		},
		{
			"Target": "Parameter",
			"Id": "Param22",
			"Segments": [
				0,
				0.3,
				1,
				2,
				0.3,
				4,
				0.3,
				6,
				0.3
			]
		},
		{
			"Target": "Parameter",
			"Id": "Param23",
			"Segments": [
				0,
				1,
				1,
				0.089,
				1,
				0.178,
				0.4,
				0.267,
				0.4,
				1,
				0.389,
				0.4,
				0.511,
				1,
				0.633,
				1,
				1,
				0.778,
				1,
				0.922,
				0.3,
				1.067,
				0.3,
				1,
				1.133,
				0.3,
				1.2,
				1,
				1.267,
				1,
				1,
				1.3,
				1,
				1.333,
				1,
				1.367,
				1,
				1,
				1.389,
				1,
				1.411,
				0.5,
				1.433,
				0.5,
				1,
				1.456,
				0.5,
				1.478,
				1,
				1.5,
				1,
				1,
				1.544,
				1,
				1.589,
				0.2,
				1.633,
				0.2,
				1,
				1.789,
				0.2,
				1.944,
				1,
				2.1,
				1,
				1,
				2.144,
				1,
				2.189,
				0.4,
				2.233,
				0.4,
				1,
				2.367,
				0.4,
				2.5,
				1,
				2.633,
				1,
				1,
				2.656,
				1,
				2.678,
				1,
				2.7,
				1,
				1,
				2.722,
				1,
				2.744,
				1,
				2.767,
				1,
				1,
				2.8,
				1,
				2.833,
				0.4,
				2.867,
				0.4,
				1,
				2.911,
				0.4,
				2.956,
				1,
				3,
				1,
				1,
				3.133,
				1,
				3.267,
				0.3,
				3.4,
				0.3,
				1,
				3.533,
				0.3,
				3.667,
				1,
				3.8,
				1,
				1,
				4.089,
				1,
				4.378,
				0.2,
				4.667,
				0.2,
				1,
				4.989,
				0.2,
				5.311,
				0.2,
				5.633,
				0.2,
				1,
				5.656,
				0.2,
				5.678,
				0.7,
				5.7,
				0.7,
				1,
				5.722,
				0.7,
				5.744,
				0.7,
				5.767,
				0.7,
				1,
				5.844,
				0.7,
				5.922,
				1,
				6,
				1
			]
		},
		{
			"Target": "Parameter",
			"Id": "Param24",
			"Segments": [
				0,
				0,
				1,
				0.211,
				0,
				0.422,
				0.087,
				0.633,
				0.4,
				1,
				0.678,
				0.466,
				0.722,
				1,
				0.767,
				1,
				1,
				0.8,
				1,
				0.833,
				1,
				0.867,
				1,
				1,
				0.889,
				1,
				0.911,
				0.623,
				0.933,
				0.6,
				1,
				1.211,
				0.314,
				1.489,
				0.2,
				1.767,
				0.2,
				1,
				1.989,
				0.2,
				2.211,
				1,
				2.433,
				1,
				1,
				2.489,
				1,
				2.544,
				0.4,
				2.6,
				0.4,
				1,
				2.633,
				0.4,
				2.667,
				0.4,
				2.7,
				0.4,
				1,
				2.722,
				0.4,
				2.744,
				1,
				2.767,
				1,
				1,
				2.8,
				1,
				2.833,
				0.3,
				2.867,
				0.3,
				1,
				3.111,
				0.3,
				3.356,
				1,
				3.6,
				1,
				1,
				3.944,
				1,
				4.289,
				1,
				4.633,
				1,
				1,
				4.656,
				1,
				4.678,
				0.3,
				4.7,
				0.3,
				1,
				4.733,
				0.3,
				4.767,
				1,
				4.8,
				1,
				1,
				4.989,
				1,
				5.178,
				0.83,
				5.367,
				0.4,
				1,
				5.4,
				0.324,
				5.433,
				0.2,
				5.467,
				0.2,
				1,
				5.478,
				0.2,
				5.489,
				1,
				5.5,
				1,
				1,
				5.544,
				1,
				5.589,
				0.646,
				5.633,
				0.5,
				1,
				5.756,
				0.099,
				5.878,
				0,
				6,
				0
			]
		},
		{
			"Target": "Parameter",
			"Id": "Param25",
			"Segments": [
				0,
				0.2,
				1,
				0.233,
				0.2,
				0.467,
				1,
				0.7,
				1,
				1,
				1.167,
				1,
				1.633,
				0.3,
				2.1,
				0.3,
				1,
				2.444,
				0.3,
				2.789,
				0.3,
				3.133,
				0.3,
				1,
				3.156,
				0.3,
				3.178,
				1,
				3.2,
				1,
				1,
				3.233,
				1,
				3.267,
				0.3,
				3.3,
				0.3,
				1,
				3.378,
				0.3,
				3.456,
				1,
				3.533,
				1,
				1,
				3.567,
				1,
				3.6,
				0.3,
				3.633,
				0.3,
				1,
				3.667,
				0.3,
				3.7,
				1,
				3.733,
				1,
				1,
				3.778,
				1,
				3.822,
				0.2,
				3.867,
				0.2,
				1,
				4.244,
				0.2,
				4.622,
				1,
				5,
				1,
				1,
				5.333,
				1,
				5.667,
				0.2,
				6,
				0.2
			]
		},
		{
			"Target": "Parameter",
			"Id": "Param26",
			"Segments": [
				0,
				1,
				1,
				0.1,
				1,
				0.2,
				0.2,
				0.3,
				0.2,
				1,
				0.344,
				0.2,
				0.389,
				1,
				0.433,
				1,
				1,
				0.467,
				1,
				0.5,
				0.2,
				0.533,
				0.2,
				1,
				0.567,
				0.2,
				0.6,
				1,
				0.633,
				1,
				1,
				0.789,
				1,
				0.944,
				0.2,
				1.1,
				0.2,
				1,
				1.356,
				0.2,
				1.611,
				1,
				1.867,
				1,
				1,
				2.122,
				1,
				2.378,
				0.3,
				2.633,
				0.3,
				1,
				2.667,
				0.3,
				2.7,
				1,
				2.733,
				1,
				1,
				2.767,
				1,
				2.8,
				0.2,
				2.833,
				0.2,
				1,
				3.078,
				0.2,
				3.322,
				1,
				3.567,
				1,
				1,
				3.767,
				1,
				3.967,
				0,
				4.167,
				0,
				1,
				4.456,
				0,
				4.744,
				1,
				5.033,
				1,
				1,
				5.122,
				1,
				5.211,
				0.4,
				5.3,
				0.4,
				1,
				5.533,
				0.4,
				5.767,
				1,
				6,
				1
			]
		},
		{
			"Target": "Parameter",
			"Id": "Param13",
			"Segments": [
				0,
				0.4,
				1,
				0.067,
				0.4,
				0.133,
				1,
				0.2,
				1,
				1,
				0.278,
				1,
				0.356,
				0.3,
				0.433,
				0.3,
				1,
				0.567,
				0.3,
				0.7,
				1,
				0.833,
				1,
				1,
				0.956,
				1,
				1.078,
				0.3,
				1.2,
				0.3,
				1,
				1.333,
				0.3,
				1.467,
				1,
				1.6,
				1,
				1,
				1.722,
				1,
				1.844,
				0.6,
				1.967,
				0.6,
				1,
				2.1,
				0.6,
				2.233,
				1,
				2.367,
				1,
				1,
				2.467,
				1,
				2.567,
				0.3,
				2.667,
				0.3,
				1,
				2.811,
				0.3,
				2.956,
				1,
				3.1,
				1,
				1,
				3.256,
				1,
				3.411,
				0.2,
				3.567,
				0.2,
				1,
				3.656,
				0.2,
				3.744,
				1,
				3.833,
				1,
				1,
				4,
				1,
				4.167,
				0.2,
				4.333,
				0.2,
				1,
				4.478,
				0.2,
				4.622,
				1,
				4.767,
				1,
				1,
				4.889,
				1,
				5.011,
				0.4,
				5.133,
				0.4,
				1,
				5.256,
				0.4,
				5.378,
				1,
				5.5,
				1,
				1,
				5.667,
				1,
				5.833,
				0.4,
				6,
				0.4
			]
		},
		{
			"Target": "Parameter",
			"Id": "Param14",
			"Segments": [
				0,
				1,
				1,
				0.089,
				1,
				0.178,
				0.4,
				0.267,
				0.4,
				1,
				0.322,
				0.4,
				0.378,
				1,
				0.433,
				1,
				1,
				0.489,
				1,
				0.544,
				0.2,
				0.6,
				0.2,
				1,
				0.733,
				0.2,
				0.867,
				1,
				1,
				1,
				1,
				1.033,
				1,
				1.067,
				0.3,
				1.1,
				0.3,
				1,
				1.144,
				0.3,
				1.189,
				1,
				1.233,
				1,
				1,
				1.267,
				1,
				1.3,
				0.4,
				1.333,
				0.4,
				1,
				1.467,
				0.4,
				1.6,
				1,
				1.733,
				1,
				1,
				1.856,
				1,
				1.978,
				0.3,
				2.1,
				0.3,
				1,
				2.2,
				0.3,
				2.3,
				1,
				2.4,
				1,
				1,
				2.444,
				1,
				2.489,
				0.3,
				2.533,
				0.3,
				1,
				2.589,
				0.3,
				2.644,
				1,
				2.7,
				1,
				1,
				2.722,
				1,
				2.744,
				1,
				2.767,
				1,
				1,
				2.778,
				1,
				2.789,
				1,
				2.8,
				1,
				1,
				2.856,
				1,
				2.911,
				0.4,
				2.967,
				0.4,
				1,
				3,
				0.4,
				3.033,
				1,
				3.067,
				1,
				1,
				3.089,
				1,
				3.111,
				0.4,
				3.133,
				0.4,
				1,
				3.156,
				0.4,
				3.178,
				1,
				3.2,
				1,
				1,
				3.289,
				1,
				3.378,
				0.4,
				3.467,
				0.4,
				1,
				3.567,
				0.4,
				3.667,
				1,
				3.767,
				1,
				1,
				3.8,
				1,
				3.833,
				0.3,
				3.867,
				0.3,
				1,
				3.911,
				0.3,
				3.956,
				1,
				4,
				1,
				1,
				4.044,
				1,
				4.089,
				0.3,
				4.133,
				0.3,
				1,
				4.189,
				0.3,
				4.244,
				1,
				4.3,
				1,
				1,
				4.322,
				1,
				4.344,
				1,
				4.367,
				1,
				1,
				4.378,
				1,
				4.389,
				1,
				4.4,
				1,
				1,
				4.456,
				1,
				4.511,
				0.4,
				4.567,
				0.4,
				1,
				4.689,
				0.4,
				4.811,
				1,
				4.933,
				1,
				1,
				5.044,
				1,
				5.156,
				0.3,
				5.267,
				0.3,
				1,
				5.322,
				0.3,
				5.378,
				1,
				5.433,
				1,
				1,
				5.5,
				1,
				5.567,
				0.6,
				5.633,
				0.6,
				1,
				5.756,
				0.6,
				5.878,
				1,
				6,
				1
			]
		},
		{
			"Target": "Parameter",
			"Id": "Param15",
			"Segments": [
				0,
				0.5,
				1,
				0.1,
				0.5,
				0.2,
				1,
				0.3,
				1,
				1,
				0.411,
				1,
				0.522,
				0.2,
				0.633,
				0.2,
				1,
				0.756,
				0.2,
				0.878,
				0.222,
				1,
				0.3,
				1,
				1.022,
				0.314,
				1.044,
				1,
				1.067,
				1,
				1,
				1.111,
				1,
				1.156,
				0.4,
				1.2,
				0.4,
				1,
				1.222,
				0.4,
				1.244,
				1,
				1.267,
				1,
				1,
				1.378,
				1,
				1.489,
				0.4,
				1.6,
				0.4,
				1,
				1.789,
				0.4,
				1.978,
				1,
				2.167,
				1,
				1,
				2.222,
				1,
				2.278,
				0.4,
				2.333,
				0.4,
				1,
				2.389,
				0.4,
				2.444,
				1,
				2.5,
				1,
				1,
				2.544,
				1,
				2.589,
				0.3,
				2.633,
				0.3,
				1,
				2.756,
				0.3,
				2.878,
				1,
				3,
				1,
				1,
				3.056,
				1,
				3.111,
				0.4,
				3.167,
				0.4,
				1,
				3.2,
				0.4,
				3.233,
				1,
				3.267,
				1,
				1,
				3.3,
				1,
				3.333,
				0.5,
				3.367,
				0.5,
				1,
				3.533,
				0.5,
				3.7,
				1,
				3.867,
				1,
				1,
				3.9,
				1,
				3.933,
				1,
				3.967,
				1,
				1,
				3.989,
				1,
				4.011,
				0.4,
				4.033,
				0.4,
				1,
				4.078,
				0.4,
				4.122,
				1,
				4.167,
				1,
				1,
				4.267,
				1,
				4.367,
				0.4,
				4.467,
				0.4,
				1,
				4.589,
				0.4,
				4.711,
				0.4,
				4.833,
				0.4,
				1,
				4.856,
				0.4,
				4.878,
				1,
				4.9,
				1,
				1,
				4.933,
				1,
				4.967,
				0.5,
				5,
				0.5,
				1,
				5.033,
				0.5,
				5.067,
				1,
				5.1,
				1,
				1,
				5.244,
				1,
				5.389,
				1,
				5.533,
				1,
				1,
				5.556,
				1,
				5.578,
				0.3,
				5.6,
				0.3,
				1,
				5.733,
				0.3,
				5.867,
				0.5,
				6,
				0.5
			]
		},
		{
			"Target": "Parameter",
			"Id": "Param16",
			"Segments": [
				0,
				1,
				1,
				0.044,
				1,
				0.089,
				0.3,
				0.133,
				0.3,
				1,
				0.244,
				0.3,
				0.356,
				1,
				0.467,
				1,
				1,
				0.533,
				1,
				0.6,
				0.3,
				0.667,
				0.3,
				1,
				0.733,
				0.3,
				0.8,
				1,
				0.867,
				1,
				1,
				1.033,
				1,
				1.2,
				1,
				1.367,
				1,
				1,
				1.467,
				1,
				1.567,
				0.3,
				1.667,
				0.3,
				1,
				1.811,
				0.3,
				1.956,
				0.8,
				2.1,
				0.8,
				1,
				2.267,
				0.8,
				2.433,
				0.3,
				2.6,
				0.3,
				1,
				2.756,
				0.3,
				2.911,
				1,
				3.067,
				1,
				1,
				3.156,
				1,
				3.244,
				0.3,
				3.333,
				0.3,
				1,
				3.589,
				0.3,
				3.844,
				1,
				4.1,
				1,
				1,
				4.144,
				1,
				4.189,
				0.4,
				4.233,
				0.4,
				1,
				4.311,
				0.4,
				4.389,
				1,
				4.467,
				1,
				1,
				4.544,
				1,
				4.622,
				0.3,
				4.7,
				0.3,
				1,
				4.844,
				0.3,
				4.989,
				1,
				5.133,
				1,
				1,
				5.289,
				1,
				5.444,
				0.3,
				5.6,
				0.3,
				1,
				5.733,
				0.3,
				5.867,
				1,
				6,
				1
			]
		},
		{
			"Target": "Parameter",
			"Id": "Param17",
			"Segments": [
				0,
				0.2,
				1,
				0.167,
				0.2,
				0.333,
				1,
				0.5,
				1,
				1,
				0.711,
				1,
				0.922,
				0.3,
				1.133,
				0.3,
				1,
				1.244,
				0.3,
				1.356,
				1,
				1.467,
				1,
				1,
				1.6,
				1,
				1.733,
				0.3,
				1.867,
				0.3,
				1,
				1.956,
				0.3,
				2.044,
				1,
				2.133,
				1,
				1,
				2.322,
				1,
				2.511,
				0.4,
				2.7,
				0.4,
				1,
				3.022,
				0.4,
				3.344,
				1,
				3.667,
				1,
				1,
				3.767,
				1,
				3.867,
				0.3,
				3.967,
				0.3,
				1,
				4.022,
				0.3,
				4.078,
				1,
				4.133,
				1,
				1,
				4.322,
				1,
				4.511,
				0.4,
				4.7,
				0.4,
				1,
				4.833,
				0.4,
				4.967,
				1,
				5.1,
				1,
				1,
				5.4,
				1,
				5.7,
				0.2,
				6,
				0.2
			]
		},
		{
			"Target": "Parameter",
			"Id": "Param18",
			"Segments": [
				0,
				1,
				1,
				0.078,
				1,
				0.156,
				0.3,
				0.233,
				0.3,
				1,
				0.267,
				0.3,
				0.3,
				1,
				0.333,
				1,
				1,
				0.556,
				1,
				0.778,
				0.611,
				1,
				0.5,
				1,
				1.222,
				0.389,
				1.444,
				0.4,
				1.667,
				0.4,
				1,
				1.689,
				0.4,
				1.711,
				1,
				1.733,
				1,
				1,
				1.767,
				1,
				1.8,
				1,
				1.833,
				1,
				1,
				2.022,
				1,
				2.211,
				0.6,
				2.4,
				0.6,
				1,
				2.589,
				0.6,
				2.778,
				1,
				2.967,
				1,
				1,
				2.989,
				1,
				3.011,
				0,
				3.033,
				0,
				1,
				3.067,
				0,
				3.1,
				1,
				3.133,
				1,
				1,
				3.178,
				1,
				3.222,
				0.5,
				3.267,
				0.5,
				1,
				3.3,
				0.5,
				3.333,
				1,
				3.367,
				1,
				1,
				3.389,
				1,
				3.411,
				0,
				3.433,
				0,
				1,
				3.467,
				0,
				3.5,
				1,
				3.533,
				1,
				1,
				3.822,
				1,
				4.111,
				0.7,
				4.4,
				0.7,
				1,
				4.422,
				0.7,
				4.444,
				1,
				4.467,
				1,
				1,
				4.5,
				1,
				4.533,
				0,
				4.567,
				0,
				1,
				4.6,
				0,
				4.633,
				1,
				4.667,
				1,
				1,
				4.889,
				1,
				5.111,
				0.5,
				5.333,
				0.5,
				1,
				5.356,
				0.5,
				5.378,
				1,
				5.4,
				1,
				1,
				5.433,
				1,
				5.467,
				0,
				5.5,
				0,
				1,
				5.667,
				0,
				5.833,
				1,
				6,
				1
			]
		},
		{
			"Target": "Parameter",
			"Id": "Param27",
			"Segments": [
				0,
				0.3,
				1,
				0.111,
				0.3,
				0.222,
				1,
				0.333,
				1,
				1,
				0.411,
				1,
				0.489,
				0.3,
				0.567,
				0.3,
				1,
				0.678,
				0.3,
				0.789,
				1,
				0.9,
				1,
				1,
				1.011,
				1,
				1.122,
				0.2,
				1.233,
				0.2,
				1,
				1.3,
				0.2,
				1.367,
				1,
				1.433,
				1,
				1,
				1.6,
				1,
				1.767,
				0.4,
				1.933,
				0.4,
				1,
				2,
				0.4,
				2.067,
				1,
				2.133,
				1,
				1,
				2.211,
				1,
				2.289,
				0.3,
				2.367,
				0.3,
				1,
				2.533,
				0.3,
				2.7,
				1,
				2.867,
				1,
				1,
				2.956,
				1,
				3.044,
				0.4,
				3.133,
				0.4,
				1,
				3.222,
				0.4,
				3.311,
				1,
				3.4,
				1,
				1,
				3.444,
				1,
				3.489,
				0.5,
				3.533,
				0.5,
				1,
				3.567,
				0.5,
				3.6,
				1,
				3.633,
				1,
				1,
				3.744,
				1,
				3.856,
				0.2,
				3.967,
				0.2,
				1,
				4.122,
				0.2,
				4.278,
				1,
				4.433,
				1,
				1,
				4.489,
				1,
				4.544,
				0.4,
				4.6,
				0.4,
				1,
				4.644,
				0.4,
				4.689,
				1,
				4.733,
				1,
				1,
				4.789,
				1,
				4.844,
				0.4,
				4.9,
				0.4,
				1,
				5.033,
				0.4,
				5.167,
				1,
				5.3,
				1,
				1,
				5.367,
				1,
				5.433,
				0.2,
				5.5,
				0.2,
				1,
				5.556,
				0.2,
				5.611,
				1,
				5.667,
				1,
				1,
				5.778,
				1,
				5.889,
				0.3,
				6,
				0.3
			]
		},
		{
			"Target": "Parameter",
			"Id": "Param28",
			"Segments": [
				0,
				1,
				1,
				0.189,
				1,
				0.378,
				0.3,
				0.567,
				0.3,
				1,
				0.644,
				0.3,
				0.722,
				0.8,
				0.8,
				0.8,
				1,
				0.856,
				0.8,
				0.911,
				0.2,
				0.967,
				0.2,
				1,
				1,
				0.2,
				1.033,
				1,
				1.067,
				1,
				1,
				1.6,
				1,
				2.133,
				0.3,
				2.667,
				0.3,
				1,
				2.711,
				0.3,
				2.756,
				1,
				2.8,
				1,
				1,
				2.856,
				1,
				2.911,
				0.4,
				2.967,
				0.4,
				1,
				3.189,
				0.4,
				3.411,
				1,
				3.633,
				1,
				1,
				3.711,
				1,
				3.789,
				0,
				3.867,
				0,
				1,
				3.9,
				0,
				3.933,
				0.5,
				3.967,
				0.5,
				1,
				4.033,
				0.5,
				4.1,
				0.3,
				4.167,
				0.3,
				1,
				4.211,
				0.3,
				4.256,
				1,
				4.3,
				1,
				1,
				4.6,
				1,
				4.9,
				0.3,
				5.2,
				0.3,
				1,
				5.467,
				0.3,
				5.733,
				1,
				6,
				1
			]
		},
		{
			"Target": "Parameter",
			"Id": "Param29",
			"Segments": [
				0,
				0.4,
				1,
				0.333,
				0.4,
				0.667,
				1,
				1,
				1,
				1,
				1.078,
				1,
				1.156,
				0.5,
				1.233,
				0.5,
				1,
				1.322,
				0.5,
				1.411,
				1,
				1.5,
				1,
				1,
				1.567,
				1,
				1.633,
				0.3,
				1.7,
				0.3,
				1,
				1.756,
				0.3,
				1.811,
				1,
				1.867,
				1,
				1,
				2.422,
				1,
				2.978,
				0.921,
				3.533,
				0.7,
				1,
				3.611,
				0.669,
				3.689,
				0.5,
				3.767,
				0.5,
				1,
				3.856,
				0.5,
				3.944,
				1,
				4.033,
				1,
				1,
				4.3,
				1,
				4.567,
				0.4,
				4.833,
				0.4,
				1,
				5.067,
				0.4,
				5.3,
				1,
				5.533,
				1,
				1,
				5.689,
				1,
				5.844,
				0.4,
				6,
				0.4
			]
		},
		{
			"Target": "Parameter",
			"Id": "Param43",
			"Segments": [
				0,
				-13,
				1,
				0.1,
				-13,
				0.2,
				30,
				0.3,
				30,
				1,
				0.378,
				30,
				0.456,
				-30,
				0.533,
				-30,
				1,
				0.644,
				-30,
				0.756,
				9,
				0.867,
				9,
				1,
				0.922,
				9,
				0.978,
				-12,
				1.033,
				-12,
				1,
				1.089,
				-12,
				1.144,
				6.789,
				1.2,
				6.789,
				1,
				1.3,
				6.789,
				1.4,
				-9,
				1.5,
				-9,
				1,
				1.6,
				-9,
				1.7,
				30,
				1.8,
				30,
				1,
				1.889,
				30,
				1.978,
				19.967,
				2.067,
				-6.959,
				1,
				2.078,
				-10.325,
				2.089,
				-30,
				2.1,
				-30,
				1,
				2.189,
				-30,
				2.278,
				8,
				2.367,
				8,
				1,
				2.467,
				8,
				2.567,
				-8,
				2.667,
				-8,
				1,
				2.711,
				-8,
				2.756,
				7,
				2.8,
				7,
				1,
				2.867,
				7,
				2.933,
				-8,
				3,
				-8,
				1,
				3.089,
				-8,
				3.178,
				14,
				3.267,
				14,
				1,
				3.322,
				14,
				3.378,
				-13,
				3.433,
				-13,
				1,
				3.522,
				-13,
				3.611,
				12,
				3.7,
				12,
				1,
				3.778,
				12,
				3.856,
				-30,
				3.933,
				-30,
				1,
				4.022,
				-30,
				4.111,
				30,
				4.2,
				30,
				1,
				4.3,
				30,
				4.4,
				-30,
				4.5,
				-30,
				1,
				4.556,
				-30,
				4.611,
				30,
				4.667,
				30,
				1,
				4.733,
				30,
				4.8,
				-9,
				4.867,
				-9,
				1,
				4.944,
				-9,
				5.022,
				13,
				5.1,
				13,
				1,
				5.178,
				13,
				5.256,
				-8,
				5.333,
				-8,
				1,
				5.422,
				-8,
				5.511,
				12,
				5.6,
				12,
				1,
				5.633,
				12,
				5.667,
				-9,
				5.7,
				-9,
				1,
				5.756,
				-9,
				5.811,
				11,
				5.867,
				11,
				1,
				5.911,
				11,
				5.956,
				-13,
				6,
				-13
			]
		},
		{
			"Target": "Parameter",
			"Id": "Param44",
			"Segments": [
				0,
				0.2,
				1,
				0.211,
				0.2,
				0.422,
				0.5,
				0.633,
				0.5,
				1,
				0.778,
				0.5,
				0.922,
				0.3,
				1.067,
				0.3,
				1,
				1.311,
				0.3,
				1.556,
				0.5,
				1.8,
				0.5,
				1,
				2.022,
				0.5,
				2.244,
				0.2,
				2.467,
				0.2,
				1,
				2.644,
				0.2,
				2.822,
				0.6,
				3,
				0.6,
				1,
				3.233,
				0.6,
				3.467,
				0.3,
				3.7,
				0.3,
				1,
				3.911,
				0.3,
				4.122,
				0.7,
				4.333,
				0.7,
				1,
				4.544,
				0.7,
				4.756,
				0.4,
				4.967,
				0.4,
				1,
				5.2,
				0.4,
				5.433,
				0.6,
				5.667,
				0.6,
				1,
				5.778,
				0.6,
				5.889,
				0.2,
				6,
				0.2
			]
		},
		{
			"Target": "Parameter",
			"Id": "ParamBreath",
			"Segments": [
				0,
				0,
				1,
				1,
				0,
				2,
				1,
				3,
				1,
				1,
				4,
				1,
				5,
				0,
				6,
				0
			]
		},
		{
			"Target": "Parameter",
			"Id": "Param",
			"Segments": [
				0,
				0,
				0,
				1,
				0,
				1,
				1.044,
				0,
				1.089,
				1,
				1.133,
				1,
				1,
				1.144,
				1,
				1.156,
				1,
				1.167,
				1,
				1,
				1.222,
				1,
				1.278,
				0,
				1.333,
				0,
				0,
				6,
				0
			]
		},
		{
			"Target": "Parameter",
			"Id": "Param10",
			"Segments": [
				0,
				-0.4,
				1,
				0.022,
				-0.4,
				0.044,
				-0.4,
				0.067,
				-0.4,
				1,
				0.089,
				-0.4,
				0.111,
				-0.357,
				0.133,
				-0.2,
				1,
				0.167,
				0.035,
				0.2,
				0.2,
				0.233,
				0.2,
				1,
				0.256,
				0.2,
				0.278,
				0.2,
				0.3,
				0.2,
				1,
				0.322,
				0.2,
				0.344,
				-0.3,
				0.367,
				-0.3,
				1,
				0.389,
				-0.3,
				0.411,
				0.2,
				0.433,
				0.2,
				1,
				0.467,
				0.2,
				0.5,
				-0.2,
				0.533,
				-0.2,
				1,
				0.556,
				-0.2,
				0.578,
				0.2,
				0.6,
				0.2,
				1,
				0.633,
				0.2,
				0.667,
				-0.2,
				0.7,
				-0.2,
				1,
				0.722,
				-0.2,
				0.744,
				-0.2,
				0.767,
				-0.1,
				1,
				0.789,
				0,
				0.811,
				0.2,
				0.833,
				0.2,
				1,
				0.856,
				0.2,
				0.878,
				-0.2,
				0.9,
				-0.2,
				1,
				0.922,
				-0.2,
				0.944,
				0.2,
				0.967,
				0.2,
				1,
				0.978,
				0.2,
				0.989,
				-0.2,
				1,
				-0.2,
				1,
				1.022,
				-0.2,
				1.044,
				0.3,
				1.067,
				0.3,
				1,
				1.089,
				0.3,
				1.111,
				0.3,
				1.133,
				0.2,
				1,
				1.156,
				0.1,
				1.178,
				-0.1,
				1.2,
				-0.1,
				1,
				1.211,
				-0.1,
				1.222,
				-0.1,
				1.233,
				-0.1,
				1,
				1.256,
				-0.1,
				1.278,
				0.2,
				1.3,
				0.2,
				1,
				1.333,
				0.2,
				1.367,
				-0.3,
				1.4,
				-0.3,
				1,
				1.422,
				-0.3,
				1.444,
				0.2,
				1.467,
				0.2,
				1,
				1.5,
				0.2,
				1.533,
				-0.2,
				1.567,
				-0.2,
				1,
				1.589,
				-0.2,
				1.611,
				-0.2,
				1.633,
				-0.2,
				1,
				1.656,
				-0.2,
				1.678,
				-0.2,
				1.7,
				-0.2,
				1,
				1.722,
				-0.2,
				1.744,
				0.1,
				1.767,
				0.1,
				1,
				1.789,
				0.1,
				1.811,
				-0.2,
				1.833,
				-0.2,
				1,
				1.856,
				-0.2,
				1.878,
				0.2,
				1.9,
				0.2,
				1,
				1.922,
				0.2,
				1.944,
				-0.2,
				1.967,
				-0.2,
				1,
				1.989,
				-0.2,
				2.011,
				0.2,
				2.033,
				0.2,
				1,
				2.056,
				0.2,
				2.078,
				-0.2,
				2.1,
				-0.2,
				1,
				2.122,
				-0.2,
				2.144,
				0.1,
				2.167,
				0.1,
				1,
				2.189,
				0.1,
				2.211,
				-0.1,
				2.233,
				-0.1,
				1,
				2.256,
				-0.1,
				2.278,
				0,
				2.3,
				0,
				1,
				2.311,
				0,
				2.322,
				-0.156,
				2.333,
				-0.2,
				1,
				2.356,
				-0.289,
				2.378,
				-0.3,
				2.4,
				-0.3,
				1,
				2.422,
				-0.3,
				2.444,
				-0.26,
				2.467,
				-0.1,
				1,
				2.489,
				0.06,
				2.511,
				0.2,
				2.533,
				0.2,
				1,
				2.556,
				0.2,
				2.578,
				0.189,
				2.6,
				0.1,
				1,
				2.622,
				0.011,
				2.644,
				-0.1,
				2.667,
				-0.1,
				1,
				2.689,
				-0.1,
				2.711,
				-0.1,
				2.733,
				-0.1,
				1,
				2.756,
				-0.1,
				2.778,
				-0.3,
				2.8,
				-0.3,
				1,
				2.822,
				-0.3,
				2.844,
				0.2,
				2.867,
				0.2,
				1,
				2.9,
				0.2,
				2.933,
				-0.4,
				2.967,
				-0.4,
				1,
				2.978,
				-0.4,
				2.989,
				0,
				3,
				0,
				1,
				3.022,
				0,
				3.044,
				-0.4,
				3.067,
				-0.4,
				1,
				3.089,
				-0.4,
				3.111,
				-0.357,
				3.133,
				-0.2,
				1,
				3.167,
				0.035,
				3.2,
				0.2,
				3.233,
				0.2,
				1,
				3.256,
				0.2,
				3.278,
				0.2,
				3.3,
				0.2,
				1,
				3.322,
				0.2,
				3.344,
				-0.3,
				3.367,
				-0.3,
				1,
				3.389,
				-0.3,
				3.411,
				0.2,
				3.433,
				0.2,
				1,
				3.467,
				0.2,
				3.5,
				-0.2,
				3.533,
				-0.2,
				1,
				3.556,
				-0.2,
				3.578,
				0.2,
				3.6,
				0.2,
				1,
				3.633,
				0.2,
				3.667,
				-0.2,
				3.7,
				-0.2,
				1,
				3.722,
				-0.2,
				3.744,
				-0.2,
				3.767,
				-0.1,
				1,
				3.789,
				0,
				3.811,
				0.2,
				3.833,
				0.2,
				1,
				3.856,
				0.2,
				3.878,
				-0.2,
				3.9,
				-0.2,
				1,
				3.922,
				-0.2,
				3.944,
				0.2,
				3.967,
				0.2,
				1,
				3.978,
				0.2,
				3.989,
				-0.2,
				4,
				-0.2,
				1,
				4.022,
				-0.2,
				4.044,
				0.3,
				4.067,
				0.3,
				1,
				4.089,
				0.3,
				4.111,
				0.3,
				4.133,
				0.2,
				1,
				4.156,
				0.1,
				4.178,
				-0.1,
				4.2,
				-0.1,
				1,
				4.211,
				-0.1,
				4.222,
				-0.1,
				4.233,
				-0.1,
				1,
				4.256,
				-0.1,
				4.278,
				0.2,
				4.3,
				0.2,
				1,
				4.333,
				0.2,
				4.367,
				-0.3,
				4.4,
				-0.3,
				1,
				4.422,
				-0.3,
				4.444,
				0.2,
				4.467,
				0.2,
				1,
				4.5,
				0.2,
				4.533,
				-0.2,
				4.567,
				-0.2,
				1,
				4.589,
				-0.2,
				4.611,
				-0.2,
				4.633,
				-0.2,
				1,
				4.656,
				-0.2,
				4.678,
				-0.2,
				4.7,
				-0.2,
				1,
				4.722,
				-0.2,
				4.744,
				0.1,
				4.767,
				0.1,
				1,
				4.789,
				0.1,
				4.811,
				-0.2,
				4.833,
				-0.2,
				1,
				4.856,
				-0.2,
				4.878,
				0.2,
				4.9,
				0.2,
				1,
				4.922,
				0.2,
				4.944,
				-0.2,
				4.967,
				-0.2,
				1,
				4.989,
				-0.2,
				5.011,
				0.2,
				5.033,
				0.2,
				1,
				5.056,
				0.2,
				5.078,
				-0.2,
				5.1,
				-0.2,
				1,
				5.122,
				-0.2,
				5.144,
				0.1,
				5.167,
				0.1,
				1,
				5.189,
				0.1,
				5.211,
				-0.1,
				5.233,
				-0.1,
				1,
				5.256,
				-0.1,
				5.278,
				0,
				5.3,
				0,
				1,
				5.311,
				0,
				5.322,
				-0.156,
				5.333,
				-0.2,
				1,
				5.356,
				-0.289,
				5.378,
				-0.3,
				5.4,
				-0.3,
				1,
				5.422,
				-0.3,
				5.444,
				-0.26,
				5.467,
				-0.1,
				1,
				5.489,
				0.06,
				5.511,
				0.2,
				5.533,
				0.2,
				1,
				5.556,
				0.2,
				5.578,
				0.189,
				5.6,
				0.1,
				1,
				5.622,
				0.011,
				5.644,
				-0.1,
				5.667,
				-0.1,
				1,
				5.689,
				-0.1,
				5.711,
				-0.1,
				5.733,
				-0.1,
				1,
				5.756,
				-0.1,
				5.778,
				-0.3,
				5.8,
				-0.3,
				1,
				5.822,
				-0.3,
				5.844,
				0.2,
				5.867,
				0.2,
				1,
				5.9,
				0.2,
				5.933,
				-0.4,
				5.967,
				-0.4,
				1,
				5.978,
				-0.4,
				5.989,
				0,
				6,
				0
			]
		},
		{
			"Target": "Parameter",
			"Id": "Param11",
			"Segments": [
				0,
				0.4,
				1,
				0.022,
				0.4,
				0.044,
				0.1,
				0.067,
				0.1,
				1,
				0.089,
				0.1,
				0.111,
				0.4,
				0.133,
				0.4,
				1,
				0.167,
				0.4,
				0.2,
				-0.5,
				0.233,
				-0.5,
				1,
				0.256,
				-0.5,
				0.278,
				-0.1,
				0.3,
				-0.1,
				1,
				0.322,
				-0.1,
				0.344,
				-0.4,
				0.367,
				-0.4,
				1,
				0.389,
				-0.4,
				0.411,
				0.131,
				0.433,
				0.2,
				1,
				0.467,
				0.303,
				0.5,
				0.3,
				0.533,
				0.3,
				1,
				0.556,
				0.3,
				0.578,
				-0.5,
				0.6,
				-0.5,
				1,
				0.633,
				-0.5,
				0.667,
				0.2,
				0.7,
				0.2,
				1,
				0.722,
				0.2,
				0.744,
				-0.5,
				0.767,
				-0.5,
				1,
				0.789,
				-0.5,
				0.811,
				0.2,
				0.833,
				0.2,
				1,
				0.856,
				0.2,
				0.878,
				0.215,
				0.9,
				0.1,
				1,
				0.922,
				-0.015,
				0.944,
				-0.6,
				0.967,
				-0.6,
				1,
				0.978,
				-0.6,
				0.989,
				-0.625,
				1,
				-0.5,
				1,
				1.022,
				-0.249,
				1.044,
				0.2,
				1.067,
				0.2,
				1,
				1.089,
				0.2,
				1.111,
				-0.5,
				1.133,
				-0.5,
				1,
				1.156,
				-0.5,
				1.178,
				0.1,
				1.2,
				0.1,
				1,
				1.211,
				0.1,
				1.222,
				-0.5,
				1.233,
				-0.5,
				1,
				1.256,
				-0.5,
				1.278,
				0.2,
				1.3,
				0.2,
				1,
				1.333,
				0.2,
				1.367,
				0.2,
				1.4,
				0.2,
				1,
				1.422,
				0.2,
				1.444,
				-0.7,
				1.467,
				-0.7,
				1,
				1.5,
				-0.7,
				1.533,
				0.2,
				1.567,
				0.2,
				1,
				1.589,
				0.2,
				1.611,
				-0.5,
				1.633,
				-0.5,
				1,
				1.656,
				-0.5,
				1.678,
				0,
				1.7,
				0,
				1,
				1.722,
				0,
				1.744,
				-0.4,
				1.767,
				-0.4,
				1,
				1.789,
				-0.4,
				1.811,
				0.3,
				1.833,
				0.3,
				1,
				1.856,
				0.3,
				1.878,
				0.3,
				1.9,
				0.3,
				1,
				1.922,
				0.3,
				1.944,
				-0.6,
				1.967,
				-0.6,
				1,
				1.989,
				-0.6,
				2.011,
				0.2,
				2.033,
				0.2,
				1,
				2.056,
				0.2,
				2.078,
				0.21,
				2.1,
				0.1,
				1,
				2.122,
				-0.01,
				2.144,
				-0.4,
				2.167,
				-0.4,
				1,
				2.189,
				-0.4,
				2.211,
				-0.253,
				2.233,
				-0.2,
				1,
				2.256,
				-0.147,
				2.278,
				-0.147,
				2.3,
				-0.1,
				1,
				2.311,
				-0.077,
				2.322,
				0.1,
				2.333,
				0.1,
				1,
				2.356,
				0.1,
				2.378,
				-0.3,
				2.4,
				-0.3,
				1,
				2.422,
				-0.3,
				2.444,
				-0.3,
				2.467,
				-0.2,
				1,
				2.489,
				-0.1,
				2.511,
				0.1,
				2.533,
				0.1,
				1,
				2.556,
				0.1,
				2.578,
				-0.5,
				2.6,
				-0.5,
				1,
				2.622,
				-0.5,
				2.644,
				0.2,
				2.667,
				0.2,
				1,
				2.689,
				0.2,
				2.711,
				-0.5,
				2.733,
				-0.5,
				1,
				2.756,
				-0.5,
				2.778,
				0.2,
				2.8,
				0.2,
				1,
				2.822,
				0.2,
				2.844,
				-0.5,
				2.867,
				-0.5,
				1,
				2.9,
				-0.5,
				2.933,
				0.4,
				2.967,
				0.4,
				1,
				2.978,
				0.4,
				2.989,
				0,
				3,
				0,
				1,
				3.022,
				0,
				3.044,
				0,
				3.067,
				0.1,
				1,
				3.089,
				0.2,
				3.111,
				0.4,
				3.133,
				0.4,
				1,
				3.167,
				0.4,
				3.2,
				-0.5,
				3.233,
				-0.5,
				1,
				3.256,
				-0.5,
				3.278,
				-0.1,
				3.3,
				-0.1,
				1,
				3.322,
				-0.1,
				3.344,
				-0.4,
				3.367,
				-0.4,
				1,
				3.389,
				-0.4,
				3.411,
				0.131,
				3.433,
				0.2,
				1,
				3.467,
				0.303,
				3.5,
				0.3,
				3.533,
				0.3,
				1,
				3.556,
				0.3,
				3.578,
				-0.5,
				3.6,
				-0.5,
				1,
				3.633,
				-0.5,
				3.667,
				0.2,
				3.7,
				0.2,
				1,
				3.722,
				0.2,
				3.744,
				-0.5,
				3.767,
				-0.5,
				1,
				3.789,
				-0.5,
				3.811,
				0.2,
				3.833,
				0.2,
				1,
				3.856,
				0.2,
				3.878,
				0.215,
				3.9,
				0.1,
				1,
				3.922,
				-0.015,
				3.944,
				-0.6,
				3.967,
				-0.6,
				1,
				3.978,
				-0.6,
				3.989,
				-0.625,
				4,
				-0.5,
				1,
				4.022,
				-0.249,
				4.044,
				0.2,
				4.067,
				0.2,
				1,
				4.089,
				0.2,
				4.111,
				-0.5,
				4.133,
				-0.5,
				1,
				4.156,
				-0.5,
				4.178,
				0.1,
				4.2,
				0.1,
				1,
				4.211,
				0.1,
				4.222,
				-0.5,
				4.233,
				-0.5,
				1,
				4.256,
				-0.5,
				4.278,
				0.2,
				4.3,
				0.2,
				1,
				4.333,
				0.2,
				4.367,
				0.2,
				4.4,
				0.2,
				1,
				4.422,
				0.2,
				4.444,
				-0.7,
				4.467,
				-0.7,
				1,
				4.5,
				-0.7,
				4.533,
				0.2,
				4.567,
				0.2,
				1,
				4.589,
				0.2,
				4.611,
				-0.5,
				4.633,
				-0.5,
				1,
				4.656,
				-0.5,
				4.678,
				0,
				4.7,
				0,
				1,
				4.722,
				0,
				4.744,
				-0.4,
				4.767,
				-0.4,
				1,
				4.789,
				-0.4,
				4.811,
				0.3,
				4.833,
				0.3,
				1,
				4.856,
				0.3,
				4.878,
				0.3,
				4.9,
				0.3,
				1,
				4.922,
				0.3,
				4.944,
				-0.6,
				4.967,
				-0.6,
				1,
				4.989,
				-0.6,
				5.011,
				0.2,
				5.033,
				0.2,
				1,
				5.056,
				0.2,
				5.078,
				0.21,
				5.1,
				0.1,
				1,
				5.122,
				-0.01,
				5.144,
				-0.4,
				5.167,
				-0.4,
				1,
				5.189,
				-0.4,
				5.211,
				-0.253,
				5.233,
				-0.2,
				1,
				5.256,
				-0.147,
				5.278,
				-0.147,
				5.3,
				-0.1,
				1,
				5.311,
				-0.077,
				5.322,
				0.1,
				5.333,
				0.1,
				1,
				5.356,
				0.1,
				5.378,
				-0.3,
				5.4,
				-0.3,
				1,
				5.422,
				-0.3,
				5.444,
				-0.3,
				5.467,
				-0.2,
				1,
				5.489,
				-0.1,
				5.511,
				0.1,
				5.533,
				0.1,
				1,
				5.556,
				0.1,
				5.578,
				-0.5,
				5.6,
				-0.5,
				1,
				5.622,
				-0.5,
				5.644,
				0.2,
				5.667,
				0.2,
				1,
				5.689,
				0.2,
				5.711,
				-0.5,
				5.733,
				-0.5,
				1,
				5.756,
				-0.5,
				5.778,
				0.2,
				5.8,
				0.2,
				1,
				5.822,
				0.2,
				5.844,
				-0.5,
				5.867,
				-0.5,
				1,
				5.9,
				-0.5,
				5.933,
				0.4,
				5.967,
				0.4,
				1,
				5.978,
				0.4,
				5.989,
				0,
				6,
				0
			]
		},
		{
			"Target": "Parameter",
			"Id": "Param12",
			"Segments": [
				0,
				0,
				1,
				0.022,
				0,
				0.044,
				-0.5,
				0.067,
				-0.5,
				1,
				0.089,
				-0.5,
				0.111,
				0.6,
				0.133,
				0.6,
				1,
				0.156,
				0.6,
				0.178,
				-0.053,
				0.2,
				-0.4,
				1,
				0.233,
				-0.92,
				0.267,
				-1,
				0.3,
				-1,
				1,
				0.322,
				-1,
				0.344,
				0.7,
				0.367,
				0.7,
				1,
				0.389,
				0.7,
				0.411,
				-0.6,
				0.433,
				-0.6,
				1,
				0.467,
				-0.6,
				0.5,
				0.4,
				0.533,
				0.4,
				1,
				0.556,
				0.4,
				0.578,
				-0.7,
				0.6,
				-0.7,
				1,
				0.644,
				-0.7,
				0.689,
				1,
				0.733,
				1,
				1,
				0.756,
				1,
				0.778,
				-0.5,
				0.8,
				-0.5,
				1,
				0.822,
				-0.5,
				0.844,
				0.2,
				0.867,
				0.2,
				1,
				0.9,
				0.2,
				0.933,
				-0.9,
				0.967,
				-0.9,
				1,
				1,
				-0.9,
				1.033,
				0.8,
				1.067,
				0.8,
				1,
				1.089,
				0.8,
				1.111,
				-0.5,
				1.133,
				-0.5,
				1,
				1.156,
				-0.5,
				1.178,
				0.8,
				1.2,
				0.8,
				1,
				1.233,
				0.8,
				1.267,
				-0.3,
				1.3,
				-0.3,
				1,
				1.333,
				-0.3,
				1.367,
				0.5,
				1.4,
				0.5,
				1,
				1.422,
				0.5,
				1.444,
				-0.4,
				1.467,
				-0.4,
				1,
				1.5,
				-0.4,
				1.533,
				0.7,
				1.567,
				0.7,
				1,
				1.6,
				0.7,
				1.633,
				-0.7,
				1.667,
				-0.7,
				1,
				1.7,
				-0.7,
				1.733,
				0.9,
				1.767,
				0.9,
				1,
				1.8,
				0.9,
				1.833,
				-1,
				1.867,
				-1,
				1,
				1.9,
				-1,
				1.933,
				1,
				1.967,
				1,
				1,
				2.011,
				1,
				2.056,
				-0.5,
				2.1,
				-0.5,
				1,
				2.133,
				-0.5,
				2.167,
				0.4,
				2.2,
				0.4,
				1,
				2.244,
				0.4,
				2.289,
				-0.6,
				2.333,
				-0.6,
				1,
				2.389,
				-0.6,
				2.444,
				1,
				2.5,
				1,
				1,
				2.533,
				1,
				2.567,
				-0.7,
				2.6,
				-0.7,
				1,
				2.644,
				-0.7,
				2.689,
				0.6,
				2.733,
				0.6,
				1,
				2.789,
				0.6,
				2.844,
				-1,
				2.9,
				-1,
				1,
				2.933,
				-1,
				2.967,
				0,
				3,
				0,
				1,
				3.022,
				0,
				3.044,
				-0.5,
				3.067,
				-0.5,
				1,
				3.089,
				-0.5,
				3.111,
				0.6,
				3.133,
				0.6,
				1,
				3.156,
				0.6,
				3.178,
				-0.053,
				3.2,
				-0.4,
				1,
				3.233,
				-0.92,
				3.267,
				-1,
				3.3,
				-1,
				1,
				3.322,
				-1,
				3.344,
				0.7,
				3.367,
				0.7,
				1,
				3.389,
				0.7,
				3.411,
				-0.6,
				3.433,
				-0.6,
				1,
				3.467,
				-0.6,
				3.5,
				0.4,
				3.533,
				0.4,
				1,
				3.556,
				0.4,
				3.578,
				-0.7,
				3.6,
				-0.7,
				1,
				3.644,
				-0.7,
				3.689,
				1,
				3.733,
				1,
				1,
				3.756,
				1,
				3.778,
				-0.5,
				3.8,
				-0.5,
				1,
				3.822,
				-0.5,
				3.844,
				0.2,
				3.867,
				0.2,
				1,
				3.9,
				0.2,
				3.933,
				-0.9,
				3.967,
				-0.9,
				1,
				4,
				-0.9,
				4.033,
				0.8,
				4.067,
				0.8,
				1,
				4.089,
				0.8,
				4.111,
				-0.5,
				4.133,
				-0.5,
				1,
				4.156,
				-0.5,
				4.178,
				0.8,
				4.2,
				0.8,
				1,
				4.233,
				0.8,
				4.267,
				-0.3,
				4.3,
				-0.3,
				1,
				4.333,
				-0.3,
				4.367,
				0.5,
				4.4,
				0.5,
				1,
				4.422,
				0.5,
				4.444,
				-0.4,
				4.467,
				-0.4,
				1,
				4.5,
				-0.4,
				4.533,
				0.7,
				4.567,
				0.7,
				1,
				4.6,
				0.7,
				4.633,
				-0.7,
				4.667,
				-0.7,
				1,
				4.7,
				-0.7,
				4.733,
				0.9,
				4.767,
				0.9,
				1,
				4.8,
				0.9,
				4.833,
				-1,
				4.867,
				-1,
				1,
				4.9,
				-1,
				4.933,
				1,
				4.967,
				1,
				1,
				5.011,
				1,
				5.056,
				-0.5,
				5.1,
				-0.5,
				1,
				5.133,
				-0.5,
				5.167,
				0.4,
				5.2,
				0.4,
				1,
				5.244,
				0.4,
				5.289,
				-0.6,
				5.333,
				-0.6,
				1,
				5.389,
				-0.6,
				5.444,
				1,
				5.5,
				1,
				1,
				5.533,
				1,
				5.567,
				-0.7,
				5.6,
				-0.7,
				1,
				5.644,
				-0.7,
				5.689,
				0.6,
				5.733,
				0.6,
				1,
				5.789,
				0.6,
				5.844,
				-1,
				5.9,
				-1,
				1,
				5.933,
				-1,
				5.967,
				0,
				6,
				0
			]
		},
		{
			"Target": "Parameter",
			"Id": "Param_Angle_Rotation55",
			"Segments": [
				0,
				0,
				1,
				0.111,
				0,
				0.222,
				0,
				0.333,
				0,
				1,
				1.222,
				0,
				2.111,
				-4,
				3,
				-4,
				1,
				4,
				-4,
				5,
				0,
				6,
				0
			]
		},
		{
			"Target": "Parameter",
			"Id": "Param_Angle_Rotation56",
			"Segments": [
				0,
				0,
				1,
				0.444,
				0,
				0.889,
				2,
				1.333,
				2,
				1,
				2.311,
				2,
				3.289,
				-2,
				4.267,
				-2,
				1,
				4.844,
				-2,
				5.422,
				0,
				6,
				0
			]
		},
		{
			"Target": "Parameter",
			"Id": "Param_Angle_Rotation57",
			"Segments": [
				0,
				0,
				1,
				0.667,
				0,
				1.333,
				3,
				2,
				3,
				1,
				2.756,
				3,
				3.511,
				-4,
				4.267,
				-4,
				1,
				4.844,
				-4,
				5.422,
				0,
				6,
				0
			]
		},
		{
			"Target": "Parameter",
			"Id": "Param_Angle_Rotation58",
			"Segments": [
				0,
				0,
				1,
				0.667,
				0,
				1.333,
				0,
				2,
				0,
				1,
				2.756,
				0,
				3.511,
				-13,
				4.267,
				-13,
				1,
				4.844,
				-13,
				5.422,
				0,
				6,
				0
			]
		},
		{
			"Target": "Parameter",
			"Id": "Param_Angle_Rotation59",
			"Segments": [
				0,
				0,
				1,
				2,
				0,
				4,
				0,
				6,
				0
			]
		},
		{
			"Target": "Parameter",
			"Id": "Param_Angle_Rotation60",
			"Segments": [
				0,
				-0.1,
				1,
				0.5,
				-0.1,
				1,
				-1,
				1.5,
				-1,
				1,
				2,
				-1,
				2.5,
				-0.659,
				3,
				0,
				1,
				3.511,
				0.674,
				4.022,
				1,
				4.533,
				1,
				1,
				5.022,
				1,
				5.511,
				-0.1,
				6,
				-0.1
			]
		},
		{
			"Target": "Parameter",
			"Id": "Param_Angle_Rotation61",
			"Segments": [
				0,
				0,
				1,
				0.056,
				0,
				0.111,
				0,
				0.167,
				0,
				1,
				0.644,
				0,
				1.122,
				-0.567,
				1.6,
				-2,
				1,
				1.778,
				-2.533,
				1.956,
				-3,
				2.133,
				-3,
				1,
				2.456,
				-3,
				2.778,
				-0.877,
				3.1,
				0,
				1,
				3.6,
				1.36,
				4.1,
				1.862,
				4.6,
				3,
				1,
				4.711,
				3.253,
				4.822,
				4,
				4.933,
				4,
				1,
				5.289,
				4,
				5.644,
				0,
				6,
				0
			]
		},
		{
			"Target": "Parameter",
			"Id": "Param_Angle_Rotation62",
			"Segments": [
				0,
				0,
				1,
				0.578,
				0,
				1.156,
				-4.629,
				1.733,
				-8,
				1,
				1.956,
				-9.296,
				2.178,
				-9,
				2.4,
				-9,
				1,
				3.167,
				-9,
				3.933,
				-4.638,
				4.7,
				2,
				1,
				4.822,
				3.058,
				4.944,
				3,
				5.067,
				3,
				1,
				5.378,
				3,
				5.689,
				0,
				6,
				0
			]
		},
		{
			"Target": "Parameter",
			"Id": "Param_Angle_Rotation47",
			"Segments": [
				0,
				0,
				1,
				2,
				0,
				4,
				0,
				6,
				0
			]
		},
		{
			"Target": "Parameter",
			"Id": "Param_Angle_Rotation48",
			"Segments": [
				0,
				0,
				1,
				0.433,
				0,
				0.867,
				-1,
				1.3,
				-1,
				1,
				2.189,
				-1,
				3.078,
				0,
				3.967,
				0,
				1,
				4.644,
				0,
				5.322,
				0,
				6,
				0
			]
		},
		{
			"Target": "Parameter",
			"Id": "Param_Angle_Rotation49",
			"Segments": [
				0,
				0,
				1,
				0.5,
				0,
				1,
				-1.172,
				1.5,
				-4,
				1,
				1.7,
				-5.131,
				1.9,
				-6,
				2.1,
				-6,
				1,
				2.778,
				-6,
				3.456,
				2,
				4.133,
				2,
				1,
				4.756,
				2,
				5.378,
				0,
				6,
				0
			]
		},
		{
			"Target": "Parameter",
			"Id": "Param_Angle_Rotation50",
			"Segments": [
				0,
				0,
				1,
				0.567,
				0,
				1.133,
				0,
				1.7,
				0,
				1,
				1.911,
				0,
				2.122,
				-5,
				2.333,
				-5,
				1,
				2.989,
				-5,
				3.644,
				9,
				4.3,
				9,
				1,
				4.867,
				9,
				5.433,
				0,
				6,
				0
			]
		},
		{
			"Target": "Parameter",
			"Id": "Param_Angle_Rotation51",
			"Segments": [
				0,
				0,
				1,
				0.644,
				0,
				1.289,
				0,
				1.933,
				0,
				1,
				2.133,
				0,
				2.333,
				-8,
				2.533,
				-8,
				1,
				3.2,
				-8,
				3.867,
				11,
				4.533,
				11,
				1,
				5.022,
				11,
				5.511,
				0,
				6,
				0
			]
		},
		{
			"Target": "Parameter",
			"Id": "Param_Angle_Rotation68",
			"Segments": [
				0,
				0,
				1,
				1.056,
				0,
				2.111,
				-4,
				3.167,
				-4,
				1,
				4.111,
				-4,
				5.056,
				0,
				6,
				0
			]
		},
		{
			"Target": "Parameter",
			"Id": "Param_Angle_Rotation69",
			"Segments": [
				0,
				0,
				1,
				0.422,
				0,
				0.844,
				-1.123,
				1.267,
				-2.222,
				1,
				1.544,
				-2.944,
				1.822,
				-3,
				2.1,
				-3,
				1,
				2.456,
				-3,
				2.811,
				-1.86,
				3.167,
				0,
				1,
				3.444,
				1.453,
				3.722,
				2,
				4,
				2,
				1,
				4.667,
				2,
				5.333,
				0,
				6,
				0
			]
		},
		{
			"Target": "Parameter",
			"Id": "Param_Angle_Rotation70",
			"Segments": [
				0,
				0,
				1,
				0.489,
				0,
				0.978,
				0,
				1.467,
				0,
				1,
				1.756,
				0,
				2.044,
				-8,
				2.333,
				-8,
				1,
				2.944,
				-8,
				3.556,
				2,
				4.167,
				2,
				1,
				4.778,
				2,
				5.389,
				0,
				6,
				0
			]
		},
		{
			"Target": "Parameter",
			"Id": "Param_Angle_Rotation71",
			"Segments": [
				0,
				0,
				1,
				0.578,
				0,
				1.156,
				2,
				1.733,
				2,
				1,
				2,
				2,
				2.267,
				-8,
				2.533,
				-8,
				1,
				3.133,
				-8,
				3.733,
				1,
				4.333,
				1,
				1,
				4.889,
				1,
				5.444,
				0,
				6,
				0
			]
		},
		{
			"Target": "Parameter",
			"Id": "Param_Angle_Rotation17",
			"Segments": [
				0,
				0,
				1,
				0.333,
				0,
				0.667,
				0,
				1,
				0,
				1,
				1.422,
				0,
				1.844,
				-4,
				2.267,
				-4,
				1,
				3.033,
				-4,
				3.8,
				-2.499,
				4.567,
				-1,
				1,
				5.044,
				-0.066,
				5.522,
				0,
				6,
				0
			]
		},
		{
			"Target": "Parameter",
			"Id": "Param_Angle_Rotation29",
			"Segments": [
				0,
				0,
				1,
				0.433,
				0,
				0.867,
				2.105,
				1.3,
				4,
				1,
				1.7,
				5.749,
				2.1,
				6,
				2.5,
				6,
				1,
				3.267,
				6,
				4.033,
				-4,
				4.8,
				-4,
				1,
				5.2,
				-4,
				5.6,
				0,
				6,
				0
			]
		},
		{
			"Target": "Parameter",
			"Id": "Param_Angle_Rotation30",
			"Segments": [
				0,
				0,
				1,
				0.511,
				0,
				1.022,
				-0.184,
				1.533,
				-2,
				1,
				1.944,
				-3.461,
				2.356,
				-6,
				2.767,
				-6,
				1,
				3.511,
				-6,
				4.256,
				-6,
				5,
				-6,
				1,
				5.333,
				-6,
				5.667,
				0,
				6,
				0
			]
		},
		{
			"Target": "Parameter",
			"Id": "Param_Angle_Rotation31",
			"Segments": [
				0,
				0,
				1,
				0.6,
				0,
				1.2,
				0,
				1.8,
				0,
				1,
				2.2,
				0,
				2.6,
				-7.949,
				3,
				-9,
				1,
				3.733,
				-10.926,
				4.467,
				-11,
				5.2,
				-11,
				1,
				5.467,
				-11,
				5.733,
				0,
				6,
				0
			]
		},
		{
			"Target": "Parameter",
			"Id": "Param_Angle_Rotation39",
			"Segments": [
				0,
				-2,
				1,
				0.5,
				-2,
				1,
				0,
				1.5,
				0,
				1,
				2.5,
				0,
				3.5,
				-4,
				4.5,
				-4,
				1,
				5,
				-4,
				5.5,
				-2,
				6,
				-2
			]
		},
		{
			"Target": "Parameter",
			"Id": "Param_Angle_Rotation40",
			"Segments": [
				0,
				-0.119,
				1,
				0.5,
				-0.119,
				1,
				0,
				1.5,
				0,
				1,
				1.922,
				0,
				2.344,
				-0.5,
				2.767,
				-0.5,
				1,
				3.844,
				-0.5,
				4.922,
				-0.119,
				6,
				-0.119
			]
		},
		{
			"Target": "Parameter",
			"Id": "Param_Angle_Rotation41",
			"Segments": [
				0,
				3.889,
				1,
				0.5,
				3.889,
				1,
				2.334,
				1.5,
				0,
				1,
				2.011,
				-2.385,
				2.522,
				-3.26,
				3.033,
				-3.26,
				1,
				3.689,
				-3.26,
				4.344,
				6,
				5,
				6,
				1,
				5.333,
				6,
				5.667,
				4.987,
				6,
				4.987
			]
		},
		{
			"Target": "Parameter",
			"Id": "Param_Angle_Rotation42",
			"Segments": [
				0,
				6.346,
				1,
				0.5,
				6.346,
				1,
				0,
				1.5,
				0,
				1,
				2.089,
				0,
				2.678,
				-0.213,
				3.267,
				0.84,
				1,
				4.056,
				2.251,
				4.844,
				7.055,
				5.633,
				7.055,
				1,
				5.756,
				7.055,
				5.878,
				6.346,
				6,
				6.346
			]
		},
		{
			"Target": "Parameter",
			"Id": "Param_Angle_Rotation43",
			"Segments": [
				0,
				10.959,
				1,
				0.044,
				10.959,
				0.089,
				11,
				0.133,
				11,
				1,
				0.589,
				11,
				1.044,
				0,
				1.5,
				0,
				1,
				3,
				0,
				4.5,
				10.959,
				6,
				10.959
			]
		},
		{
			"Target": "Parameter",
			"Id": "Param_Angle_Rotation22",
			"Segments": [
				0,
				4.998,
				1,
				1,
				4.998,
				2,
				0,
				3,
				0,
				1,
				4,
				0,
				5,
				4.998,
				6,
				4.998
			]
		},
		{
			"Target": "Parameter",
			"Id": "Param_Angle_Rotation23",
			"Segments": [
				0,
				-0.05,
				1,
				0.344,
				-0.05,
				0.689,
				3,
				1.033,
				3,
				1,
				1.689,
				3,
				2.344,
				2.2,
				3,
				0,
				1,
				3.2,
				-0.671,
				3.4,
				-2.545,
				3.6,
				-3,
				1,
				3.978,
				-3.859,
				4.356,
				-4,
				4.733,
				-4,
				1,
				5.156,
				-4,
				5.578,
				-0.05,
				6,
				-0.05
			]
		},
		{
			"Target": "Parameter",
			"Id": "Param_Angle_Rotation24",
			"Segments": [
				0,
				0.605,
				1,
				0.478,
				0.605,
				0.956,
				4,
				1.433,
				4,
				1,
				1.578,
				4,
				1.722,
				3.433,
				1.867,
				3,
				1,
				2.244,
				1.867,
				2.622,
				0.662,
				3,
				0,
				1,
				3.278,
				-0.487,
				3.556,
				-0.718,
				3.833,
				-1,
				1,
				4.2,
				-1.372,
				4.567,
				-1.5,
				4.933,
				-1.5,
				1,
				5.289,
				-1.5,
				5.644,
				0.605,
				6,
				0.605
			]
		},
		{
			"Target": "Parameter",
			"Id": "Param_Angle_Rotation25",
			"Segments": [
				0,
				2.478,
				1,
				0.544,
				2.478,
				1.089,
				2.502,
				1.633,
				2,
				1,
				2.089,
				1.58,
				2.544,
				0,
				3,
				0,
				1,
				3.356,
				0,
				3.711,
				1.502,
				4.067,
				2,
				1,
				4.444,
				2.53,
				4.822,
				2.5,
				5.2,
				2.5,
				1,
				5.467,
				2.5,
				5.733,
				2.478,
				6,
				2.478
			]
		},
		{
			"Target": "Parameter",
			"Id": "Param_Angle_Rotation26",
			"Segments": [
				0,
				2.434,
				1,
				0.589,
				2.434,
				1.178,
				6,
				1.767,
				6,
				1,
				2.178,
				6,
				2.589,
				3.892,
				3,
				0,
				1,
				3.433,
				-4.102,
				3.867,
				-6,
				4.3,
				-6,
				1,
				4.656,
				-6,
				5.011,
				-4.51,
				5.367,
				-1,
				1,
				5.578,
				1.084,
				5.789,
				2.434,
				6,
				2.434
			]
		},
		{
			"Target": "Parameter",
			"Id": "Param_Angle_Rotation21",
			"Segments": [
				0,
				-0.177,
				1,
				0.422,
				-0.177,
				0.844,
				3,
				1.267,
				3,
				1,
				1.844,
				3,
				2.422,
				2.361,
				3,
				0,
				1,
				3.522,
				-2.134,
				4.044,
				-4,
				4.567,
				-4,
				1,
				5.044,
				-4,
				5.522,
				-0.177,
				6,
				-0.177
			]
		},
		{
			"Target": "Parameter",
			"Id": "Param_Angle_Rotation27",
			"Segments": [
				0,
				0,
				1,
				1,
				0,
				2,
				0,
				3,
				0,
				1,
				4,
				0,
				5,
				0,
				6,
				0
			]
		},
		{
			"Target": "Parameter",
			"Id": "Param_Angle_Rotation28",
			"Segments": [
				0,
				3.595,
				1,
				0.189,
				3.595,
				0.378,
				4,
				0.567,
				4,
				1,
				1.044,
				4,
				1.522,
				-2,
				2,
				-2,
				1,
				2.333,
				-2,
				2.667,
				-1.657,
				3,
				0,
				1,
				3.289,
				1.436,
				3.578,
				3,
				3.867,
				3,
				1,
				4.333,
				3,
				4.8,
				3,
				5.267,
				3,
				1,
				5.511,
				3,
				5.756,
				3.595,
				6,
				3.595
			]
		},
		{
			"Target": "Parameter",
			"Id": "Param_Angle_Rotation36",
			"Segments": [
				0,
				8.785,
				1,
				0.333,
				8.785,
				0.667,
				4,
				1,
				4,
				1,
				1.211,
				4,
				1.422,
				9,
				1.633,
				9,
				1,
				2.089,
				9,
				2.544,
				3.385,
				3,
				0,
				1,
				3.4,
				-2.973,
				3.8,
				-3,
				4.2,
				-3,
				1,
				4.6,
				-3,
				5,
				11,
				5.4,
				11,
				1,
				5.6,
				11,
				5.8,
				8.785,
				6,
				8.785
			]
		},
		{
			"Target": "Parameter",
			"Id": "Param_Angle_Rotation37",
			"Segments": [
				0,
				6.145,
				1,
				0.378,
				6.145,
				0.756,
				-10,
				1.133,
				-10,
				1,
				1.756,
				-10,
				2.378,
				0,
				3,
				0,
				1,
				3.533,
				0,
				4.067,
				-21,
				4.6,
				-21,
				1,
				4.944,
				-21,
				5.289,
				9,
				5.633,
				9,
				1,
				5.756,
				9,
				5.878,
				6.145,
				6,
				6.145
			]
		},
		{
			"Target": "Parameter",
			"Id": "Param_Angle_Rotation32",
			"Segments": [
				0,
				-2.266,
				1,
				0.5,
				-2.266,
				1,
				0,
				1.5,
				0,
				1,
				2.244,
				0,
				2.989,
				-5,
				3.733,
				-5,
				1,
				3.922,
				-5,
				4.111,
				-5,
				4.3,
				-5,
				1,
				4.867,
				-5,
				5.433,
				-2.266,
				6,
				-2.266
			]
		},
		{
			"Target": "Parameter",
			"Id": "Param_Angle_Rotation33",
			"Segments": [
				0,
				-0.933,
				1,
				0.067,
				-0.933,
				0.133,
				-1,
				0.2,
				-1,
				1,
				0.633,
				-1,
				1.067,
				-1.2,
				1.5,
				0,
				1,
				2.089,
				1.631,
				2.678,
				6,
				3.267,
				6,
				1,
				3.611,
				6,
				3.956,
				5.681,
				4.3,
				4,
				1,
				4.867,
				1.234,
				5.433,
				-0.933,
				6,
				-0.933
			]
		},
		{
			"Target": "Parameter",
			"Id": "Param_Angle_Rotation34",
			"Segments": [
				0,
				-1.921,
				1,
				0.067,
				-1.921,
				0.133,
				-2,
				0.2,
				-2,
				1,
				0.633,
				-2,
				1.067,
				-2.071,
				1.5,
				0,
				1,
				2.033,
				2.549,
				2.567,
				7,
				3.1,
				7,
				1,
				3.333,
				7,
				3.567,
				7.227,
				3.8,
				6,
				1,
				4.533,
				2.143,
				5.267,
				-1.921,
				6,
				-1.921
			]
		},
		{
			"Target": "Parameter",
			"Id": "Param_Angle_Rotation64",
			"Segments": [
				0,
				-5.978,
				1,
				0.022,
				-5.978,
				0.044,
				-6,
				0.067,
				-6,
				1,
				0.544,
				-6,
				1.022,
				-3.953,
				1.5,
				0,
				1,
				1.989,
				4.045,
				2.478,
				6,
				2.967,
				6,
				1,
				3.289,
				6,
				3.611,
				6.469,
				3.933,
				5,
				1,
				4.622,
				1.859,
				5.311,
				-5.978,
				6,
				-5.978
			]
		},
		{
			"Target": "Parameter",
			"Id": "Param_Angle_Rotation65",
			"Segments": [
				0,
				-2.522,
				1,
				0.322,
				-2.522,
				0.644,
				-6,
				0.967,
				-6,
				1,
				1.144,
				-6,
				1.322,
				-2.701,
				1.5,
				0,
				1,
				1.9,
				6.076,
				2.3,
				8,
				2.7,
				8,
				1,
				3.156,
				8,
				3.611,
				7.643,
				4.067,
				6,
				1,
				4.678,
				3.796,
				5.289,
				0.749,
				5.9,
				-2,
				1,
				5.933,
				-2.15,
				5.967,
				-2.522,
				6,
				-2.522
			]
		},
		{
			"Target": "Parameter",
			"Id": "Param_Angle_Rotation13",
			"Segments": [
				0,
				1.676,
				1,
				0.256,
				1.676,
				0.511,
				2,
				0.767,
				2,
				1,
				1.511,
				2,
				2.256,
				1.469,
				3,
				0,
				1,
				3.222,
				-0.439,
				3.444,
				-1,
				3.667,
				-1,
				1,
				4.044,
				-1,
				4.422,
				-0.822,
				4.8,
				0,
				1,
				5.2,
				0.871,
				5.6,
				1.676,
				6,
				1.676
			]
		},
		{
			"Target": "Parameter",
			"Id": "Param_Angle_Rotation14",
			"Segments": [
				0,
				2.614,
				1,
				0.478,
				2.614,
				0.956,
				5,
				1.433,
				5,
				1,
				1.956,
				5,
				2.478,
				2.407,
				3,
				0,
				1,
				3.3,
				-1.383,
				3.6,
				-1.4,
				3.9,
				-1.4,
				1,
				4.322,
				-1.4,
				4.744,
				-1.255,
				5.167,
				0,
				1,
				5.444,
				0.826,
				5.722,
				2.614,
				6,
				2.614
			]
		},
		{
			"Target": "Parameter",
			"Id": "Param_Angle_Rotation15",
			"Segments": [
				0,
				4.045,
				1,
				0.6,
				4.045,
				1.2,
				11,
				1.8,
				11,
				1,
				2.2,
				11,
				2.6,
				3.777,
				3,
				0,
				1,
				3.411,
				-3.882,
				3.822,
				-4,
				4.233,
				-4,
				1,
				4.644,
				-4,
				5.056,
				-3.214,
				5.467,
				0,
				1,
				5.644,
				1.39,
				5.822,
				4.045,
				6,
				4.045
			]
		},
		{
			"Target": "Parameter",
			"Id": "Param_Angle_Rotation16",
			"Segments": [
				0,
				1.761,
				1,
				0.789,
				1.761,
				1.578,
				16,
				2.367,
				16,
				1,
				2.578,
				16,
				2.789,
				3.287,
				3,
				0,
				1,
				3.533,
				-8.305,
				4.067,
				-10,
				4.6,
				-10,
				1,
				5.022,
				-10,
				5.444,
				-6.922,
				5.867,
				0,
				1,
				5.911,
				0.729,
				5.956,
				1.761,
				6,
				1.761
			]
		},
		{
			"Target": "Parameter",
			"Id": "Param_Angle_Rotation2",
			"Segments": [
				0,
				0,
				1,
				0.033,
				0,
				0.067,
				0,
				0.1,
				0,
				1,
				0.611,
				0,
				1.122,
				2.94,
				1.633,
				2.94,
				1,
				2.089,
				2.94,
				2.544,
				0,
				3,
				0,
				1,
				4,
				0,
				5,
				0,
				6,
				0
			]
		},
		{
			"Target": "Parameter",
			"Id": "Param_Angle_Rotation3",
			"Segments": [
				0,
				-1.18,
				1,
				0.122,
				-1.18,
				0.244,
				-0.198,
				0.367,
				0,
				1,
				0.889,
				0.846,
				1.411,
				1.08,
				1.933,
				1.08,
				1,
				2.289,
				1.08,
				2.644,
				0.912,
				3,
				0,
				1,
				3.3,
				-0.77,
				3.6,
				-2.419,
				3.9,
				-3.38,
				1,
				4.222,
				-4.413,
				4.544,
				-4.743,
				4.867,
				-4.743,
				1,
				5.244,
				-4.743,
				5.622,
				-1.18,
				6,
				-1.18
			]
		},
		{
			"Target": "Parameter",
			"Id": "Param_Angle_Rotation4",
			"Segments": [
				0,
				-4.025,
				1,
				0.222,
				-4.025,
				0.444,
				-0.897,
				0.667,
				0,
				1,
				1.156,
				1.974,
				1.644,
				2.28,
				2.133,
				2.28,
				1,
				2.422,
				2.28,
				2.711,
				1.145,
				3,
				0,
				1,
				3.378,
				-1.497,
				3.756,
				-2.113,
				4.133,
				-3.78,
				1,
				4.478,
				-5.3,
				4.822,
				-7.32,
				5.167,
				-7.32,
				1,
				5.444,
				-7.32,
				5.722,
				-4.025,
				6,
				-4.025
			]
		},
		{
			"Target": "Parameter",
			"Id": "Param_Angle_Rotation5",
			"Segments": [
				0,
				-3.231,
				1,
				0.322,
				-3.231,
				0.644,
				-1.603,
				0.967,
				0,
				1,
				1.422,
				2.266,
				1.878,
				2.88,
				2.333,
				2.88,
				1,
				2.556,
				2.88,
				2.778,
				1.917,
				3,
				0,
				1,
				3.422,
				-3.643,
				3.844,
				-5.46,
				4.267,
				-5.46,
				1,
				4.844,
				-5.46,
				5.422,
				-3.231,
				6,
				-3.231
			]
		},
		{
			"Target": "Parameter",
			"Id": "Param_Angle_Rotation66",
			"Segments": [
				0,
				-6.575,
				1,
				0.367,
				-6.575,
				0.733,
				-4.919,
				1.1,
				0,
				1,
				1.578,
				6.409,
				2.056,
				10.62,
				2.533,
				10.62,
				1,
				2.689,
				10.62,
				2.844,
				2.297,
				3,
				0,
				1,
				3.489,
				-7.219,
				3.978,
				-9.06,
				4.467,
				-9.06,
				1,
				4.978,
				-9.06,
				5.489,
				-6.575,
				6,
				-6.575
			]
		},
		{
			"Target": "Parameter",
			"Id": "Param_Angle_Rotation35",
			"Segments": [
				0,
				0.16,
				1,
				0.444,
				0.16,
				0.889,
				3,
				1.333,
				3,
				1,
				1.889,
				3,
				2.444,
				1.184,
				3,
				0,
				1,
				3.2,
				-0.426,
				3.4,
				-0.3,
				3.6,
				-0.3,
				1,
				4.344,
				-0.3,
				5.089,
				-0.213,
				5.833,
				0,
				1,
				5.889,
				0.016,
				5.944,
				0.16,
				6,
				0.16
			]
		},
		{
			"Target": "Parameter",
			"Id": "Param_Angle_Rotation38",
			"Segments": [
				0,
				-0.056,
				1,
				0.022,
				-0.056,
				0.044,
				-0.018,
				0.067,
				0,
				1,
				0.489,
				0.342,
				0.911,
				0.5,
				1.333,
				0.5,
				1,
				1.889,
				0.5,
				2.444,
				0.444,
				3,
				0,
				1,
				3.278,
				-0.222,
				3.556,
				-1,
				3.833,
				-1,
				1,
				4.556,
				-1,
				5.278,
				-0.056,
				6,
				-0.056
			]
		},
		{
			"Target": "Parameter",
			"Id": "Param_Angle_Rotation52",
			"Segments": [
				0,
				-0.029,
				1,
				0.111,
				-0.029,
				0.222,
				0,
				0.333,
				0,
				1,
				0.778,
				0,
				1.222,
				0,
				1.667,
				0,
				1,
				2.111,
				0,
				2.556,
				0,
				3,
				0,
				1,
				3.356,
				0,
				3.711,
				-0.5,
				4.067,
				-0.5,
				1,
				4.711,
				-0.5,
				5.356,
				-0.029,
				6,
				-0.029
			]
		},
		{
			"Target": "Parameter",
			"Id": "Param_Angle_Rotation53",
			"Segments": [
				0,
				-2.347,
				1,
				0.2,
				-2.347,
				0.4,
				-0.781,
				0.6,
				0,
				1,
				1.022,
				1.648,
				1.444,
				2,
				1.867,
				2,
				1,
				2.244,
				2,
				2.622,
				0.807,
				3,
				0,
				1,
				3.422,
				-0.902,
				3.844,
				-1.09,
				4.267,
				-2,
				1,
				4.567,
				-2.647,
				4.867,
				-4,
				5.167,
				-4,
				1,
				5.444,
				-4,
				5.722,
				-2.347,
				6,
				-2.347
			]
		},
		{
			"Target": "Parameter",
			"Id": "Param_Angle_Rotation54",
			"Segments": [
				0,
				-4.295,
				1,
				0.278,
				-4.295,
				0.556,
				-2.86,
				0.833,
				0,
				1,
				1.222,
				4.004,
				1.611,
				6,
				2,
				6,
				1,
				2.333,
				6,
				2.667,
				0.997,
				3,
				0,
				1,
				3.5,
				-1.495,
				4,
				-1.741,
				4.5,
				-3,
				1,
				4.8,
				-3.756,
				5.1,
				-5,
				5.4,
				-5,
				1,
				5.6,
				-5,
				5.8,
				-4.295,
				6,
				-4.295
			]
		},
		{
			"Target": "Parameter",
			"Id": "Param_Angle_Rotation63",
			"Segments": [
				0,
				-7.692,
				1,
				0.367,
				-7.692,
				0.733,
				-5.229,
				1.1,
				0,
				1,
				1.467,
				5.229,
				1.833,
				8,
				2.2,
				8,
				1,
				2.467,
				8,
				2.733,
				0.812,
				3,
				0,
				1,
				3.6,
				-1.827,
				4.2,
				-2.225,
				4.8,
				-4,
				1,
				5.1,
				-4.888,
				5.4,
				-8,
				5.7,
				-8,
				1,
				5.8,
				-8,
				5.9,
				-7.692,
				6,
				-7.692
			]
		},
		{
			"Target": "Parameter",
			"Id": "Param_Angle_Rotation6",
			"Segments": [
				0,
				-0.008,
				1,
				0.022,
				-0.008,
				0.044,
				0,
				0.067,
				0,
				1,
				1.044,
				0,
				2.022,
				0,
				3,
				0,
				1,
				3.422,
				0,
				3.844,
				-2,
				4.267,
				-2,
				1,
				4.844,
				-2,
				5.422,
				-0.008,
				6,
				-0.008
			]
		},
		{
			"Target": "Parameter",
			"Id": "Param_Angle_Rotation7",
			"Segments": [
				0,
				3.039,
				1,
				0.178,
				3.039,
				0.356,
				4,
				0.533,
				4,
				1,
				1.356,
				4,
				2.178,
				1.609,
				3,
				0,
				1,
				3.544,
				-1.065,
				4.089,
				-1,
				4.633,
				-1,
				1,
				5.089,
				-1,
				5.544,
				3.039,
				6,
				3.039
			]
		},
		{
			"Target": "Parameter",
			"Id": "Param_Angle_Rotation8",
			"Segments": [
				0,
				0.868,
				1,
				0.322,
				0.868,
				0.644,
				6,
				0.967,
				6,
				1,
				1.644,
				6,
				2.322,
				3.162,
				3,
				0,
				1,
				3.689,
				-3.214,
				4.378,
				-4,
				5.067,
				-4,
				1,
				5.378,
				-4,
				5.689,
				0.868,
				6,
				0.868
			]
		},
		{
			"Target": "Parameter",
			"Id": "Param_Angle_Rotation9",
			"Segments": [
				0,
				-3,
				1,
				0.456,
				-3,
				0.911,
				8,
				1.367,
				8,
				1,
				1.911,
				8,
				2.456,
				3.928,
				3,
				0,
				1,
				3.767,
				-5.532,
				4.533,
				-7,
				5.3,
				-7,
				1,
				5.533,
				-7,
				5.767,
				-3,
				6,
				-3
			]
		},
		{
			"Target": "Parameter",
			"Id": "Param_Angle_Rotation18",
			"Segments": [
				0,
				0.922,
				1,
				0.222,
				0.922,
				0.444,
				1,
				0.667,
				1,
				1,
				1.444,
				1,
				2.222,
				0.952,
				3,
				0,
				1,
				3.378,
				-0.462,
				3.756,
				-6,
				4.133,
				-6,
				1,
				4.511,
				-6,
				4.889,
				-1.761,
				5.267,
				0,
				1,
				5.511,
				1.14,
				5.756,
				0.922,
				6,
				0.922
			]
		},
		{
			"Target": "Parameter",
			"Id": "Param_Angle_Rotation19",
			"Segments": [
				0,
				2.669,
				1,
				0.444,
				2.669,
				0.889,
				6,
				1.333,
				6,
				1,
				1.889,
				6,
				2.444,
				5.201,
				3,
				0,
				1,
				3.533,
				-4.993,
				4.067,
				-11,
				4.6,
				-11,
				1,
				4.956,
				-11,
				5.311,
				-6.855,
				5.667,
				0,
				1,
				5.778,
				2.142,
				5.889,
				2.669,
				6,
				2.669
			]
		},
		{
			"Target": "Parameter",
			"Id": "Param_Angle_Rotation67",
			"Segments": [
				0,
				-2.923,
				1,
				0.089,
				-2.923,
				0.178,
				-1.342,
				0.267,
				0,
				1,
				0.778,
				7.719,
				1.289,
				11,
				1.8,
				11,
				1,
				2.2,
				11,
				2.6,
				5.377,
				3,
				0,
				1,
				3.533,
				-7.169,
				4.067,
				-9,
				4.6,
				-9,
				1,
				5.067,
				-9,
				5.533,
				-2.923,
				6,
				-2.923
			]
		},
		{
			"Target": "Parameter",
			"Id": "Param_Angle_Rotation20",
			"Segments": [
				0,
				0,
				1,
				0.644,
				0,
				1.289,
				5,
				1.933,
				5,
				1,
				2.744,
				5,
				3.556,
				-3,
				4.367,
				-3,
				1,
				4.911,
				-3,
				5.456,
				0,
				6,
				0
			]
		},
		{
			"Target": "Parameter",
			"Id": "Param2",
			"Segments": [
				0,
				0.926,
				1,
				0.044,
				0.926,
				0.089,
				1,
				0.133,
				1,
				1,
				0.589,
				1,
				1.044,
				1.184,
				1.5,
				0,
				1,
				1.989,
				-1.27,
				2.478,
				-7,
				2.967,
				-7,
				1,
				3.344,
				-7,
				3.722,
				-7,
				4.1,
				-7,
				1,
				4.733,
				-7,
				5.367,
				0.926,
				6,
				0.926
			]
		},
		{
			"Target": "Parameter",
			"Id": "Param3",
			"Segments": [
				0,
				-0.904,
				1,
				0.044,
				-0.904,
				0.089,
				-1,
				0.133,
				-1,
				1,
				0.589,
				-1,
				1.044,
				-1.122,
				1.5,
				0,
				1,
				1.989,
				1.204,
				2.478,
				6.616,
				2.967,
				10,
				1,
				3.344,
				12.615,
				3.722,
				14,
				4.1,
				14,
				1,
				4.733,
				14,
				5.367,
				-0.904,
				6,
				-0.904
			]
		},
		{
			"Target": "Parameter",
			"Id": "Param4",
			"Segments": [
				0,
				3.435,
				1,
				0.089,
				3.435,
				0.178,
				4,
				0.267,
				4,
				1,
				0.678,
				4,
				1.089,
				2.218,
				1.5,
				0,
				1,
				2.056,
				-2.997,
				2.611,
				-6.344,
				3.167,
				-8,
				1,
				3.522,
				-9.06,
				3.878,
				-9,
				4.233,
				-9,
				1,
				4.822,
				-9,
				5.411,
				3.435,
				6,
				3.435
			]
		},
		{
			"Target": "Parameter",
			"Id": "Param5",
			"Segments": [
				0,
				-5.341,
				1,
				0.089,
				-5.341,
				0.178,
				-6,
				0.267,
				-6,
				1,
				0.678,
				-6,
				1.089,
				-2.511,
				1.5,
				0,
				1,
				2.056,
				3.394,
				2.611,
				4.469,
				3.167,
				8,
				1,
				3.522,
				10.26,
				3.878,
				15,
				4.233,
				15,
				1,
				4.822,
				15,
				5.411,
				-5.341,
				6,
				-5.341
			]
		},
		{
			"Target": "Parameter",
			"Id": "Param6",
			"Segments": [
				0,
				-4.493,
				1,
				0.044,
				-4.493,
				0.089,
				-4.265,
				0.133,
				-4,
				1,
				0.589,
				-1.283,
				1.044,
				0,
				1.5,
				0,
				1,
				1.989,
				0,
				2.478,
				-6.37,
				2.967,
				-8,
				1,
				3.344,
				-9.259,
				3.722,
				-9,
				4.1,
				-9,
				1,
				4.733,
				-9,
				5.367,
				-4.493,
				6,
				-4.493
			]
		},
		{
			"Target": "Parameter",
			"Id": "Param7",
			"Segments": [
				0,
				-10.747,
				1,
				0.044,
				-10.747,
				0.089,
				-11,
				0.133,
				-11,
				1,
				0.589,
				-11,
				1.044,
				-4.58,
				1.5,
				0,
				1,
				1.989,
				4.915,
				2.478,
				7.077,
				2.967,
				11,
				1,
				3.344,
				14.031,
				3.722,
				16,
				4.1,
				16,
				1,
				4.733,
				16,
				5.367,
				-10.747,
				6,
				-10.747
			]
		},
		{
			"Target": "Parameter",
			"Id": "Param8",
			"Segments": [
				0,
				-4.045,
				1,
				0.089,
				-4.045,
				0.178,
				-4.136,
				0.267,
				-4,
				1,
				0.678,
				-3.37,
				1.089,
				0,
				1.5,
				0,
				1,
				2.056,
				0,
				2.611,
				-7,
				3.167,
				-7,
				1,
				3.522,
				-7,
				3.878,
				-6.737,
				4.233,
				-6,
				1,
				4.822,
				-4.78,
				5.411,
				-4.045,
				6,
				-4.045
			]
		},
		{
			"Target": "Parameter",
			"Id": "Param9",
			"Segments": [
				0,
				-7.223,
				1,
				0.089,
				-7.223,
				0.178,
				-8,
				0.267,
				-8,
				1,
				0.678,
				-8,
				1.089,
				-2.685,
				1.5,
				0,
				1,
				2.056,
				3.629,
				2.611,
				5.172,
				3.167,
				8,
				1,
				3.522,
				9.81,
				3.878,
				11,
				4.233,
				11,
				1,
				4.822,
				11,
				5.411,
				-7.223,
				6,
				-7.223
			]
		}
	]
}