{
	"Version": 3,
	"Parameters": [
		{
			"Id": "Param45",
			"GroupId": "",
			"Name": "位置X"
		},
		{
			"Id": "Param46",
			"GroupId": "",
			"Name": "位置Y"
		},
		{
			"Id": "Param19",
			"GroupId": "ParamGroup19",
			"Name": "丸バッジ"
		},
		{
			"Id": "Param20",
			"GroupId": "ParamGroup19",
			"Name": "帽子星"
		},
		{
			"Id": "Param21",
			"GroupId": "ParamGroup19",
			"Name": "右髪飾り"
		},
		{
			"Id": "Param41",
			"GroupId": "ParamGroup19",
			"Name": "左髪飾り"
		},
		{
			"Id": "Param22",
			"GroupId": "ParamGroup19",
			"Name": "眼帯"
		},
		{
			"Id": "Param23",
			"GroupId": "ParamGroup19",
			"Name": "アメ"
		},
		{
			"Id": "Param24",
			"GroupId": "ParamGroup19",
			"Name": "ボタン"
		},
		{
			"Id": "Param25",
			"GroupId": "ParamGroup19",
			"Name": "金具"
		},
		{
			"Id": "Param26",
			"GroupId": "ParamGroup19",
			"Name": "星"
		},
		{
			"Id": "Param13",
			"GroupId": "ParamGroup19",
			"Name": "背景粒子６"
		},
		{
			"Id": "Param14",
			"GroupId": "ParamGroup19",
			"Name": "背景粒子５"
		},
		{
			"Id": "Param15",
			"GroupId": "ParamGroup19",
			"Name": "背景粒子４"
		},
		{
			"Id": "Param16",
			"GroupId": "ParamGroup19",
			"Name": "背景粒子3"
		},
		{
			"Id": "Param17",
			"GroupId": "ParamGroup19",
			"Name": "背景粒子2"
		},
		{
			"Id": "Param18",
			"GroupId": "ParamGroup19",
			"Name": "背景粒子1"
		},
		{
			"Id": "Param27",
			"GroupId": "ParamGroup19",
			"Name": "背景キラキラ３"
		},
		{
			"Id": "Param28",
			"GroupId": "ParamGroup19",
			"Name": "背景キラキラ２"
		},
		{
			"Id": "Param29",
			"GroupId": "ParamGroup19",
			"Name": "背景キラキラ１"
		},
		{
			"Id": "Param30",
			"GroupId": "ParamGroup19",
			"Name": "紙吹雪　星５"
		},
		{
			"Id": "Param31",
			"GroupId": "ParamGroup19",
			"Name": "紙吹雪　星４"
		},
		{
			"Id": "Param32",
			"GroupId": "ParamGroup19",
			"Name": "紙吹雪　星３"
		},
		{
			"Id": "Param33",
			"GroupId": "ParamGroup19",
			"Name": "紙吹雪　星２"
		},
		{
			"Id": "Param34",
			"GroupId": "ParamGroup19",
			"Name": "紙吹雪　星１"
		},
		{
			"Id": "Param35",
			"GroupId": "ParamGroup19",
			"Name": "紙吹雪　ハート６"
		},
		{
			"Id": "Param36",
			"GroupId": "ParamGroup19",
			"Name": "紙吹雪　ハート５"
		},
		{
			"Id": "Param37",
			"GroupId": "ParamGroup19",
			"Name": "紙吹雪　ハート４"
		},
		{
			"Id": "Param38",
			"GroupId": "ParamGroup19",
			"Name": "紙吹雪　ハート３"
		},
		{
			"Id": "Param39",
			"GroupId": "ParamGroup19",
			"Name": "紙吹雪　ハート２"
		},
		{
			"Id": "Param40",
			"GroupId": "ParamGroup19",
			"Name": "紙吹雪　ハート１"
		},
		{
			"Id": "Param42",
			"GroupId": "ParamGroup19",
			"Name": "陽射し回転"
		},
		{
			"Id": "Param43",
			"GroupId": "ParamGroup19",
			"Name": "陽射し大小"
		},
		{
			"Id": "Param44",
			"GroupId": "ParamGroup19",
			"Name": "陽射し透明度"
		},
		{
			"Id": "ParamBreath",
			"GroupId": "",
			"Name": "呼吸"
		},
		{
			"Id": "Param",
			"GroupId": "",
			"Name": "目パチ"
		},
		{
			"Id": "Param10",
			"GroupId": "ParamGroup18",
			"Name": "目光左右"
		},
		{
			"Id": "Param11",
			"GroupId": "ParamGroup18",
			"Name": "目光上下"
		},
		{
			"Id": "Param12",
			"GroupId": "ParamGroup18",
			"Name": "目光大小"
		},
		{
			"Id": "Param_Angle_Rotation55",
			"GroupId": "ParamGroup",
			"Name": "[0]上髪5"
		},
		{
			"Id": "Param_Angle_Rotation56",
			"GroupId": "ParamGroup",
			"Name": "[1]上髪5"
		},
		{
			"Id": "Param_Angle_Rotation57",
			"GroupId": "ParamGroup",
			"Name": "[2]上髪5"
		},
		{
			"Id": "Param_Angle_Rotation58",
			"GroupId": "ParamGroup",
			"Name": "[3]上髪5"
		},
		{
			"Id": "Param_Angle_Rotation59",
			"GroupId": "ParamGroup2",
			"Name": "[0]上髪4"
		},
		{
			"Id": "Param_Angle_Rotation60",
			"GroupId": "ParamGroup2",
			"Name": "[1]上髪4"
		},
		{
			"Id": "Param_Angle_Rotation61",
			"GroupId": "ParamGroup2",
			"Name": "[2]上髪4"
		},
		{
			"Id": "Param_Angle_Rotation62",
			"GroupId": "ParamGroup2",
			"Name": "[3]上髪4"
		},
		{
			"Id": "Param_Angle_Rotation47",
			"GroupId": "ParamGroup5",
			"Name": "[0]上髪3"
		},
		{
			"Id": "Param_Angle_Rotation48",
			"GroupId": "ParamGroup5",
			"Name": "[1]上髪3"
		},
		{
			"Id": "Param_Angle_Rotation49",
			"GroupId": "ParamGroup5",
			"Name": "[2]上髪3"
		},
		{
			"Id": "Param_Angle_Rotation50",
			"GroupId": "ParamGroup5",
			"Name": "[3]上髪3"
		},
		{
			"Id": "Param_Angle_Rotation51",
			"GroupId": "ParamGroup5",
			"Name": "[4]上髪3"
		},
		{
			"Id": "Param_Angle_Rotation68",
			"GroupId": "ParamGroup3",
			"Name": "[0]上髪2"
		},
		{
			"Id": "Param_Angle_Rotation69",
			"GroupId": "ParamGroup3",
			"Name": "[1]上髪2"
		},
		{
			"Id": "Param_Angle_Rotation70",
			"GroupId": "ParamGroup3",
			"Name": "[2]上髪2"
		},
		{
			"Id": "Param_Angle_Rotation71",
			"GroupId": "ParamGroup3",
			"Name": "[3]上髪2"
		},
		{
			"Id": "Param_Angle_Rotation17",
			"GroupId": "ParamGroup4",
			"Name": "[0]上髪1"
		},
		{
			"Id": "Param_Angle_Rotation29",
			"GroupId": "ParamGroup4",
			"Name": "[1]上髪1"
		},
		{
			"Id": "Param_Angle_Rotation30",
			"GroupId": "ParamGroup4",
			"Name": "[2]上髪1"
		},
		{
			"Id": "Param_Angle_Rotation31",
			"GroupId": "ParamGroup4",
			"Name": "[3]上髪1"
		},
		{
			"Id": "Param_Angle_Rotation39",
			"GroupId": "ParamGroup11",
			"Name": "[0]左もみあげ2"
		},
		{
			"Id": "Param_Angle_Rotation40",
			"GroupId": "ParamGroup11",
			"Name": "[1]左もみあげ2"
		},
		{
			"Id": "Param_Angle_Rotation41",
			"GroupId": "ParamGroup11",
			"Name": "[2]左もみあげ2"
		},
		{
			"Id": "Param_Angle_Rotation42",
			"GroupId": "ParamGroup11",
			"Name": "[3]左もみあげ2"
		},
		{
			"Id": "Param_Angle_Rotation43",
			"GroupId": "ParamGroup11",
			"Name": "[4]左もみあげ2"
		},
		{
			"Id": "Param_Angle_Rotation22",
			"GroupId": "ParamGroup6",
			"Name": "[0]左ツインテ5"
		},
		{
			"Id": "Param_Angle_Rotation23",
			"GroupId": "ParamGroup6",
			"Name": "[1]左ツインテ5"
		},
		{
			"Id": "Param_Angle_Rotation24",
			"GroupId": "ParamGroup6",
			"Name": "[2]左ツインテ5"
		},
		{
			"Id": "Param_Angle_Rotation25",
			"GroupId": "ParamGroup6",
			"Name": "[3]左ツインテ5"
		},
		{
			"Id": "Param_Angle_Rotation26",
			"GroupId": "ParamGroup6",
			"Name": "[4]左ツインテ5"
		},
		{
			"Id": "Param_Angle_Rotation21",
			"GroupId": "ParamGroup7",
			"Name": "[0]左ツインテ4"
		},
		{
			"Id": "Param_Angle_Rotation27",
			"GroupId": "ParamGroup8",
			"Name": "[0]左ツインテ3"
		},
		{
			"Id": "Param_Angle_Rotation28",
			"GroupId": "ParamGroup8",
			"Name": "[1]左ツインテ3"
		},
		{
			"Id": "Param_Angle_Rotation36",
			"GroupId": "ParamGroup8",
			"Name": "[2]左ツインテ3"
		},
		{
			"Id": "Param_Angle_Rotation37",
			"GroupId": "ParamGroup8",
			"Name": "[3]左ツインテ3"
		},
		{
			"Id": "Param_Angle_Rotation32",
			"GroupId": "ParamGroup13",
			"Name": "[0]右もみあげ"
		},
		{
			"Id": "Param_Angle_Rotation33",
			"GroupId": "ParamGroup13",
			"Name": "[1]右もみあげ"
		},
		{
			"Id": "Param_Angle_Rotation34",
			"GroupId": "ParamGroup13",
			"Name": "[2]右もみあげ"
		},
		{
			"Id": "Param_Angle_Rotation64",
			"GroupId": "ParamGroup13",
			"Name": "[3]右もみあげ"
		},
		{
			"Id": "Param_Angle_Rotation65",
			"GroupId": "ParamGroup13",
			"Name": "[4]右もみあげ"
		},
		{
			"Id": "Param_Angle_Rotation13",
			"GroupId": "ParamGroup15",
			"Name": "[0]右ツインテ1_1"
		},
		{
			"Id": "Param_Angle_Rotation14",
			"GroupId": "ParamGroup15",
			"Name": "[1]右ツインテ1_1"
		},
		{
			"Id": "Param_Angle_Rotation15",
			"GroupId": "ParamGroup15",
			"Name": "[2]右ツインテ1_1"
		},
		{
			"Id": "Param_Angle_Rotation16",
			"GroupId": "ParamGroup15",
			"Name": "[3]右ツインテ1_1"
		},
		{
			"Id": "Param_Angle_Rotation2",
			"GroupId": "ParamGroup16",
			"Name": "[0]右ツインテ4"
		},
		{
			"Id": "Param_Angle_Rotation3",
			"GroupId": "ParamGroup16",
			"Name": "[1]右ツインテ4"
		},
		{
			"Id": "Param_Angle_Rotation4",
			"GroupId": "ParamGroup16",
			"Name": "[2]右ツインテ4"
		},
		{
			"Id": "Param_Angle_Rotation5",
			"GroupId": "ParamGroup16",
			"Name": "[3]右ツインテ4"
		},
		{
			"Id": "Param_Angle_Rotation66",
			"GroupId": "ParamGroup16",
			"Name": "[4]右ツインテ4"
		},
		{
			"Id": "Param_Angle_Rotation35",
			"GroupId": "ParamGroup9",
			"Name": "[0]右ツインテ1_3"
		},
		{
			"Id": "Param_Angle_Rotation38",
			"GroupId": "ParamGroup9",
			"Name": "[1]右ツインテ1_3"
		},
		{
			"Id": "Param_Angle_Rotation52",
			"GroupId": "ParamGroup9",
			"Name": "[2]右ツインテ1_3"
		},
		{
			"Id": "Param_Angle_Rotation53",
			"GroupId": "ParamGroup9",
			"Name": "[3]右ツインテ1_3"
		},
		{
			"Id": "Param_Angle_Rotation54",
			"GroupId": "ParamGroup9",
			"Name": "[4]右ツインテ1_3"
		},
		{
			"Id": "Param_Angle_Rotation63",
			"GroupId": "ParamGroup9",
			"Name": "[5]右ツインテ1_3"
		},
		{
			"Id": "Param_Angle_Rotation6",
			"GroupId": "ParamGroup12",
			"Name": "[0]右ツインテ2"
		},
		{
			"Id": "Param_Angle_Rotation7",
			"GroupId": "ParamGroup12",
			"Name": "[1]右ツインテ2"
		},
		{
			"Id": "Param_Angle_Rotation8",
			"GroupId": "ParamGroup12",
			"Name": "[2]右ツインテ2"
		},
		{
			"Id": "Param_Angle_Rotation9",
			"GroupId": "ParamGroup12",
			"Name": "[3]右ツインテ2"
		},
		{
			"Id": "Param_Angle_Rotation18",
			"GroupId": "ParamGroup14",
			"Name": "[0]右ツインテ3"
		},
		{
			"Id": "Param_Angle_Rotation19",
			"GroupId": "ParamGroup14",
			"Name": "[1]右ツインテ3"
		},
		{
			"Id": "Param_Angle_Rotation67",
			"GroupId": "ParamGroup14",
			"Name": "[2]右ツインテ3"
		},
		{
			"Id": "Param_Angle_Rotation20",
			"GroupId": "ParamGroup10",
			"Name": "[0]下髪2"
		},
		{
			"Id": "Param2",
			"GroupId": "ParamGroup17",
			"Name": "左胸 1X"
		},
		{
			"Id": "Param3",
			"GroupId": "ParamGroup17",
			"Name": "左胸 1Y"
		},
		{
			"Id": "Param4",
			"GroupId": "ParamGroup17",
			"Name": "左胸2X"
		},
		{
			"Id": "Param5",
			"GroupId": "ParamGroup17",
			"Name": "左胸 2Y"
		},
		{
			"Id": "Param6",
			"GroupId": "ParamGroup17",
			"Name": "右胸 1X"
		},
		{
			"Id": "Param7",
			"GroupId": "ParamGroup17",
			"Name": "右胸 1Y"
		},
		{
			"Id": "Param8",
			"GroupId": "ParamGroup17",
			"Name": "右胸 2X"
		},
		{
			"Id": "Param9",
			"GroupId": "ParamGroup17",
			"Name": "右胸　2Y"
		}
	],
	"ParameterGroups": [
		{
			"Id": "ParamGroup19",
			"GroupId": "",
			"Name": "エフェクト"
		},
		{
			"Id": "ParamGroup18",
			"GroupId": "",
			"Name": "瞳孔"
		},
		{
			"Id": "ParamGroup",
			"GroupId": "",
			"Name": "上髪5"
		},
		{
			"Id": "ParamGroup2",
			"GroupId": "",
			"Name": "上髪4"
		},
		{
			"Id": "ParamGroup5",
			"GroupId": "",
			"Name": "上髪3"
		},
		{
			"Id": "ParamGroup3",
			"GroupId": "",
			"Name": "上髪2"
		},
		{
			"Id": "ParamGroup4",
			"GroupId": "",
			"Name": "上髪1"
		},
		{
			"Id": "ParamGroup11",
			"GroupId": "",
			"Name": "左もみあげ"
		},
		{
			"Id": "ParamGroup6",
			"GroupId": "",
			"Name": "左ツインテ1"
		},
		{
			"Id": "ParamGroup7",
			"GroupId": "",
			"Name": "左ツインテ2"
		},
		{
			"Id": "ParamGroup8",
			"GroupId": "",
			"Name": "左ツインテ3"
		},
		{
			"Id": "ParamGroup13",
			"GroupId": "",
			"Name": "右もみあげ"
		},
		{
			"Id": "ParamGroup15",
			"GroupId": "",
			"Name": "右ツインテ1_1"
		},
		{
			"Id": "ParamGroup16",
			"GroupId": "",
			"Name": "右ツインテ1_2"
		},
		{
			"Id": "ParamGroup9",
			"GroupId": "",
			"Name": "右ツインテ1_3"
		},
		{
			"Id": "ParamGroup12",
			"GroupId": "",
			"Name": "右ツインテ2"
		},
		{
			"Id": "ParamGroup14",
			"GroupId": "",
			"Name": "右ツインテ3"
		},
		{
			"Id": "ParamGroup10",
			"GroupId": "",
			"Name": "下髪2"
		},
		{
			"Id": "ParamGroup17",
			"GroupId": "",
			"Name": "胸"
		}
	],
	"Parts": [
		{
			"Id": "Part15",
			"Name": "1920x1440.psd（対応無し）"
		},
		{
			"Id": "Part5",
			"Name": "エフェクト　背景"
		},
		{
			"Id": "Part8",
			"Name": "エフェクト　キャラ"
		},
		{
			"Id": "Part10",
			"Name": "エフェクト　紙吹雪"
		},
		{
			"Id": "Part",
			"Name": "胸"
		},
		{
			"Id": "Part2",
			"Name": "頭"
		},
		{
			"Id": "Part11",
			"Name": "星"
		},
		{
			"Id": "Part13",
			"Name": "ハート"
		},
		{
			"Id": "Part3",
			"Name": "左ツインテ"
		},
		{
			"Id": "Part4",
			"Name": "上髪"
		},
		{
			"Id": "ArtMesh113_Skinning5",
			"Name": "左もみあげ(スキニング)"
		},
		{
			"Id": "ArtMesh113_Skinning4",
			"Name": "左もみあげ(スキニング)"
		},
		{
			"Id": "ArtMesh113_Skinning3",
			"Name": "左もみあげ(スキニング)"
		},
		{
			"Id": "ArtMesh113_Skinning2",
			"Name": "左もみあげ(スキニング)"
		},
		{
			"Id": "ArtMesh113_Skinning",
			"Name": "左もみあげ(スキニング)"
		},
		{
			"Id": "ArtMesh119_Skinning",
			"Name": "左もみあげ(スキニング)"
		},
		{
			"Id": "ArtMesh15_Skinning",
			"Name": "左もみあげ(スキニング)"
		},
		{
			"Id": "ArtMesh27_Skinning3",
			"Name": "右もみあげ1(スキニング)"
		},
		{
			"Id": "ArtMesh27_Skinning2",
			"Name": "右もみあげ1(スキニング)"
		},
		{
			"Id": "ArtMesh27_Skinning",
			"Name": "右もみあげ1(スキニング)"
		},
		{
			"Id": "ArtMesh27_Skinning5",
			"Name": "右もみあげ1(スキニング)"
		},
		{
			"Id": "Part6",
			"Name": "右ツインテ"
		},
		{
			"Id": "Part7",
			"Name": "下髪"
		},
		{
			"Id": "ArtMesh11_Skinning3",
			"Name": "左ツインテ1(スキニング)"
		},
		{
			"Id": "ArtMesh11_Skinning2",
			"Name": "左ツインテ1(スキニング)"
		},
		{
			"Id": "ArtMesh11_Skinning",
			"Name": "左ツインテ1(スキニング)"
		},
		{
			"Id": "ArtMesh12_Skinning",
			"Name": "左ツインテ2(スキニング)"
		},
		{
			"Id": "ArtMesh13_Skinning3",
			"Name": "左ツインテ3(スキニング)"
		},
		{
			"Id": "ArtMesh13_Skinning2",
			"Name": "左ツインテ3(スキニング)"
		},
		{
			"Id": "ArtMesh13_Skinning",
			"Name": "左ツインテ3(スキニング)"
		},
		{
			"Id": "ArtMesh90_Skinning",
			"Name": "上髪1(スキニング)"
		},
		{
			"Id": "ArtMesh17_Skinning",
			"Name": "上髪2(スキニング)"
		},
		{
			"Id": "ArtMesh18_Skinning",
			"Name": "上髪3(スキニング)"
		},
		{
			"Id": "ArtMesh19_Skinning",
			"Name": "上髪4(スキニング)"
		},
		{
			"Id": "ArtMesh45_Skinning",
			"Name": "上髪5(スキニング)"
		},
		{
			"Id": "ArtMesh20_Skinning",
			"Name": "上髪5(スキニング)"
		},
		{
			"Id": "ArtMesh114_Skinning",
			"Name": "左もみあげ[0](スキニング)"
		},
		{
			"Id": "ArtMesh81_Skinning",
			"Name": "左もみあげ(スキニング)"
		},
		{
			"Id": "ArtMesh25_Skinning",
			"Name": "右ツインテ5(スキニング)"
		},
		{
			"Id": "ArtMesh51_Skinning9",
			"Name": "右ツインテ1_2(スキニング)"
		},
		{
			"Id": "Part12",
			"Name": "右ツインテ1"
		},
		{
			"Id": "ArtMesh46_Skinning",
			"Name": "右ツインテ1_3(スキニング)"
		},
		{
			"Id": "ArtMesh31_Skinning",
			"Name": "右ツインテ3(スキニング)"
		},
		{
			"Id": "ArtMesh30_Skinning2",
			"Name": "右ツインテ2(スキニング)"
		}
	],
	"CombinedParameters": [
		[
			"Param10",
			"Param11"
		],
		[
			"Param2",
			"Param3"
		],
		[
			"Param4",
			"Param5"
		],
		[
			"Param6",
			"Param7"
		],
		[
			"Param8",
			"Param9"
		]
	]
}