{
	"Version": 3,
	"Meta": {
		"Duration": 6,
		"Fps": 30.0,
		"Loop": true,
		"AreBeziersRestricted": false,
		"CurveCount": 35,
		"TotalSegmentCount": 173,
		"TotalPointCount": 546,
		"UserDataCount": 0,
		"TotalUserDataSize": 0
	},
	"Curves": [
		{
			"Target": "Parameter",
			"Id": "ParamPaiRX",
			"Segments": [
				0,
				-12.95,
				1,
				0.533,
				-12.95,
				1.067,
				-9.031,
				1.6,
				0,
				1,
				2.1,
				8.466,
				2.6,
				13.36,
				3.1,
				13.36,
				1,
				3.6,
				13.36,
				4.1,
				9.069,
				4.6,
				0,
				1,
				5.067,
				-8.464,
				5.533,
				-12.95,
				6,
				-12.95
			]
		},
		{
			"Target": "Parameter",
			"Id": "ParamPaiRY",
			"Segments": [
				0,
				-1,
				1,
				0.011,
				-1,
				0.022,
				-0.18,
				0.033,
				0.102,
				1,
				0.556,
				13.361,
				1.078,
				19.76,
				1.6,
				19.76,
				1,
				2.1,
				19.76,
				2.6,
				12.312,
				3.1,
				-1,
				1,
				3.6,
				-14.312,
				4.1,
				-20.24,
				4.6,
				-20.24,
				1,
				5.056,
				-20.24,
				5.511,
				-14.147,
				5.967,
				-1.679,
				1,
				5.978,
				-1.375,
				5.989,
				-1,
				6,
				-1
			]
		},
		{
			"Target": "Parameter",
			"Id": "ParamPaiRX2",
			"Segments": [
				0,
				-2.831,
				1,
				0.467,
				-2.831,
				0.933,
				-1.53,
				1.4,
				0.373,
				1,
				1.9,
				2.412,
				2.4,
				3.149,
				2.9,
				3.149,
				1,
				3.4,
				3.149,
				3.9,
				2.086,
				4.4,
				0.159,
				1,
				4.933,
				-1.896,
				5.467,
				-2.831,
				6,
				-2.831
			]
		},
		{
			"Target": "Parameter",
			"Id": "ParamPaiRY2",
			"Segments": [
				0,
				0.373,
				1,
				0.011,
				0.373,
				0.022,
				0.44,
				0.033,
				0.501,
				1,
				0.489,
				2.986,
				0.944,
				4.203,
				1.4,
				4.203,
				1,
				1.9,
				4.203,
				2.4,
				2.639,
				2.9,
				-0.054,
				1,
				3.4,
				-2.748,
				3.9,
				-3.898,
				4.4,
				-3.898,
				1,
				4.922,
				-3.898,
				5.444,
				-2.53,
				5.967,
				0.253,
				1,
				5.978,
				0.312,
				5.989,
				0.373,
				6,
				0.373
			]
		},
		{
			"Target": "Parameter",
			"Id": "ParamPaiLX",
			"Segments": [
				0,
				18,
				1,
				0.511,
				18,
				1.022,
				12.449,
				1.533,
				0,
				1,
				2.033,
				-12.178,
				2.533,
				-19,
				3.033,
				-19,
				1,
				3.522,
				-19,
				4.011,
				-12.175,
				4.5,
				0,
				1,
				5,
				12.452,
				5.5,
				18,
				6,
				18
			]
		},
		{
			"Target": "Parameter",
			"Id": "ParamPaiLY",
			"Segments": [
				0,
				-2,
				1,
				0.011,
				-2,
				0.022,
				-1.816,
				0.033,
				-1.555,
				1,
				0.533,
				10.179,
				1.033,
				16,
				1.533,
				16,
				1,
				2.033,
				16,
				2.533,
				10.452,
				3.033,
				-2,
				1,
				3.522,
				-14.175,
				4.011,
				-21,
				4.5,
				-21,
				1,
				4.989,
				-21,
				5.478,
				-14.693,
				5.967,
				-2.328,
				1,
				5.978,
				-2.047,
				5.989,
				-2,
				6,
				-2
			]
		},
		{
			"Target": "Parameter",
			"Id": "ParamPaiLX2",
			"Segments": [
				0,
				3.595,
				1,
				0.511,
				3.595,
				1.022,
				2.183,
				1.533,
				-0.061,
				1,
				2.033,
				-2.257,
				2.533,
				-3.109,
				3.033,
				-3.109,
				1,
				3.522,
				-3.109,
				4.011,
				-2.257,
				4.5,
				-0.061,
				1,
				5,
				2.184,
				5.5,
				3.595,
				6,
				3.595
			]
		},
		{
			"Target": "Parameter",
			"Id": "ParamPaiLY2",
			"Segments": [
				0,
				-0.671,
				1,
				0.011,
				-0.671,
				0.022,
				-0.559,
				0.033,
				-0.48,
				1,
				0.533,
				3.074,
				1.033,
				4.807,
				1.533,
				4.807,
				1,
				2.033,
				4.807,
				2.533,
				2.571,
				3.033,
				-0.671,
				1,
				3.522,
				-3.841,
				4.011,
				-4.937,
				4.5,
				-4.937,
				1,
				4.989,
				-4.937,
				5.478,
				-3.625,
				5.967,
				-0.896,
				1,
				5.978,
				-0.834,
				5.989,
				-0.671,
				6,
				-0.671
			]
		},
		{
			"Target": "Parameter",
			"Id": "ParamAngleX",
			"Segments": [
				0,
				0,
				1,
				0.011,
				0,
				0.022,
				-0.232,
				0.033,
				-0.304,
				1,
				0.522,
				-3.479,
				1.011,
				-5,
				1.5,
				-5,
				1,
				2,
				-5,
				2.5,
				-2.963,
				3,
				0,
				1,
				3.5,
				2.963,
				4,
				4,
				4.5,
				4,
				1,
				4.989,
				4,
				5.478,
				2.758,
				5.967,
				0.184,
				1,
				5.978,
				0.126,
				5.989,
				0,
				6,
				0
			]
		},
		{
			"Target": "Parameter",
			"Id": "ParamAngleY",
			"Segments": [
				0,
				0,
				1,
				1,
				0,
				2,
				13.69,
				3,
				13.69,
				1,
				4,
				13.69,
				5,
				0,
				6,
				0
			]
		},
		{
			"Target": "Parameter",
			"Id": "ParamAngleZ",
			"Segments": [
				0,
				0,
				1,
				0.011,
				0,
				0.022,
				-0.155,
				0.033,
				-0.183,
				1,
				0.522,
				-1.415,
				1.011,
				-2,
				1.5,
				-2,
				1,
				2,
				-2,
				2.5,
				-1.333,
				3,
				0,
				1,
				3.5,
				1.333,
				4,
				2,
				4.5,
				2,
				1,
				4.989,
				2,
				5.478,
				1.416,
				5.967,
				0.186,
				1,
				5.978,
				0.158,
				5.989,
				0,
				6,
				0
			]
		},
		{
			"Target": "Parameter",
			"Id": "ParamEyeLOpen",
			"Segments": [
				0,
				1,
				0,
				3.7,
				1,
				1,
				3.733,
				1,
				3.767,
				0,
				3.8,
				0,
				1,
				3.822,
				0,
				3.844,
				0,
				3.867,
				0,
				1,
				3.9,
				0,
				3.933,
				1,
				3.967,
				1,
				0,
				6,
				1
			]
		},
		{
			"Target": "Parameter",
			"Id": "ParamEyeROpen",
			"Segments": [
				0,
				1,
				0,
				3.7,
				1,
				1,
				3.733,
				1,
				3.767,
				0,
				3.8,
				0,
				1,
				3.822,
				0,
				3.844,
				0,
				3.867,
				0,
				1,
				3.9,
				0,
				3.933,
				1,
				3.967,
				1,
				0,
				6,
				1
			]
		},
		{
			"Target": "Parameter",
			"Id": "ParamBodyAngleX",
			"Segments": [
				0,
				0,
				1,
				0.011,
				0,
				0.022,
				-0.067,
				0.033,
				-0.081,
				1,
				0.522,
				-0.704,
				1.011,
				-1,
				1.5,
				-1,
				1,
				2,
				-1,
				2.5,
				-0.667,
				3,
				0,
				1,
				3.5,
				0.667,
				4,
				1,
				4.5,
				1,
				1,
				4.989,
				1,
				5.478,
				0.687,
				5.967,
				0.041,
				1,
				5.978,
				0.026,
				5.989,
				0,
				6,
				0
			]
		},
		{
			"Target": "Parameter",
			"Id": "ParamItiX",
			"Segments": [
				0,
				0,
				1,
				0.011,
				0,
				0.022,
				-0.047,
				0.033,
				-0.061,
				1,
				0.522,
				-0.696,
				1.011,
				-1,
				1.5,
				-1,
				1,
				2,
				-1,
				2.5,
				-0.667,
				3,
				0,
				1,
				3.5,
				0.667,
				4,
				1,
				4.5,
				1,
				1,
				4.989,
				1,
				5.478,
				0.696,
				5.967,
				0.061,
				1,
				5.978,
				0.047,
				5.989,
				0,
				6,
				0
			]
		},
		{
			"Target": "Parameter",
			"Id": "ParamItiY",
			"Segments": [
				0,
				0,
				1,
				0.011,
				0,
				0.022,
				0.107,
				0.033,
				0.121,
				1,
				0.522,
				0.718,
				1.011,
				1,
				1.5,
				1,
				1,
				2,
				1,
				2.5,
				0.667,
				3,
				0,
				1,
				3.5,
				-0.667,
				4,
				-1,
				4.5,
				-1,
				1,
				4.989,
				-1,
				5.478,
				-0.696,
				5.967,
				-0.061,
				1,
				5.978,
				-0.047,
				5.989,
				0,
				6,
				0
			]
		},
		{
			"Target": "Parameter",
			"Id": "ParamBreat",
			"Segments": [
				0,
				0.5,
				1,
				0.011,
				0.5,
				0.022,
				0.535,
				0.033,
				0.542,
				1,
				0.522,
				0.853,
				1.011,
				1,
				1.5,
				1,
				1,
				2,
				1,
				2.5,
				0.833,
				3,
				0.5,
				1,
				3.5,
				0.167,
				4,
				0,
				4.5,
				0,
				1,
				4.989,
				0,
				5.478,
				0.148,
				5.967,
				0.46,
				1,
				5.978,
				0.467,
				5.989,
				0.5,
				6,
				0.5
			]
		},
		{
			"Target": "Parameter",
			"Id": "ParamHairFront",
			"Segments": [
				0,
				0,
				1,
				0.011,
				0,
				0.022,
				-0.005,
				0.033,
				-0.006,
				1,
				0.522,
				-0.07,
				1.011,
				-0.1,
				1.5,
				-0.1,
				1,
				2,
				-0.1,
				2.5,
				-0.067,
				3,
				0,
				1,
				3.5,
				0.067,
				4,
				0.1,
				4.5,
				0.1,
				1,
				4.989,
				0.1,
				5.478,
				0.07,
				5.967,
				0.008,
				1,
				5.978,
				0.007,
				5.989,
				0,
				6,
				0
			]
		},
		{
			"Target": "Parameter",
			"Id": "ParamHairSide",
			"Segments": [
				0,
				0,
				1,
				0.011,
				0,
				0.022,
				-0.003,
				0.033,
				-0.004,
				1,
				0.522,
				-0.069,
				1.011,
				-0.1,
				1.5,
				-0.1,
				1,
				2,
				-0.1,
				2.5,
				-0.067,
				3,
				0,
				1,
				3.5,
				0.067,
				4,
				0.1,
				4.5,
				0.1,
				1,
				4.989,
				0.1,
				5.478,
				0.069,
				5.967,
				0.004,
				1,
				5.978,
				0.003,
				5.989,
				0,
				6,
				0
			]
		},
		{
			"Target": "Parameter",
			"Id": "ParamHairBack",
			"Segments": [
				0,
				0,
				1,
				0.011,
				0,
				0.022,
				-0.007,
				0.033,
				-0.008,
				1,
				0.522,
				-0.07,
				1.011,
				-0.1,
				1.5,
				-0.1,
				1,
				2,
				-0.1,
				2.5,
				-0.067,
				3,
				0,
				1,
				3.5,
				0.067,
				4,
				0.1,
				4.5,
				0.1,
				1,
				4.989,
				0.1,
				5.478,
				0.07,
				5.967,
				0.006,
				1,
				5.978,
				0.005,
				5.989,
				0,
				6,
				0
			]
		},
		{
			"Target": "Parameter",
			"Id": "ParamHairF",
			"Segments": [
				0,
				0,
				1,
				0.011,
				0,
				0.022,
				-0.005,
				0.033,
				-0.008,
				1,
				0.522,
				-0.137,
				1.011,
				-0.2,
				1.5,
				-0.2,
				1,
				2,
				-0.2,
				2.5,
				-0.089,
				3,
				0,
				1,
				3.5,
				0.089,
				4,
				0.1,
				4.5,
				0.1,
				1,
				4.989,
				0.1,
				5.478,
				0.072,
				5.967,
				0.014,
				1,
				5.978,
				0.013,
				5.989,
				0,
				6,
				0
			]
		},
		{
			"Target": "Parameter",
			"Id": "ParamLeftArm1",
			"Segments": [
				0,
				0,
				1,
				0.5,
				0,
				1,
				-0.02,
				1.5,
				-0.02,
				1,
				2,
				-0.02,
				2.5,
				0,
				3,
				0,
				1,
				3.5,
				0,
				4,
				0,
				4.5,
				0,
				1,
				5,
				0,
				5.5,
				0,
				6,
				0
			]
		},
		{
			"Target": "Parameter",
			"Id": "ParamRightArm1",
			"Segments": [
				0,
				0,
				1,
				0.011,
				0,
				0.022,
				0.002,
				0.033,
				0.002,
				1,
				0.522,
				0.014,
				1.011,
				0.02,
				1.5,
				0.02,
				1,
				2,
				0.02,
				2.5,
				0.013,
				3,
				0,
				1,
				3.5,
				-0.013,
				4,
				-0.02,
				4.5,
				-0.02,
				1,
				4.989,
				-0.02,
				5.478,
				-0.014,
				5.967,
				-0.002,
				1,
				5.978,
				-0.002,
				5.989,
				0,
				6,
				0
			]
		},
		{
			"Target": "Parameter",
			"Id": "ParamRightArm2",
			"Segments": [
				0,
				0,
				1,
				0.5,
				0,
				1,
				0.2,
				1.5,
				0.2,
				1,
				2,
				0.2,
				2.5,
				0,
				3,
				0,
				1,
				4,
				0,
				5,
				0,
				6,
				0
			]
		},
		{
			"Target": "Parameter",
			"Id": "ParamRightArm3",
			"Segments": [
				0,
				0,
				1,
				0.5,
				0,
				1,
				0.2,
				1.5,
				0.2,
				1,
				2,
				0.2,
				2.5,
				0,
				3,
				0,
				1,
				4,
				0,
				5,
				0,
				6,
				0
			]
		},
		{
			"Target": "Parameter",
			"Id": "ParamRightArm4",
			"Segments": [
				0,
				0,
				1,
				0.5,
				0,
				1,
				0.2,
				1.5,
				0.2,
				1,
				2,
				0.2,
				2.5,
				0,
				3,
				0,
				1,
				4,
				0,
				5,
				0,
				6,
				0
			]
		},
		{
			"Target": "Parameter",
			"Id": "ParamSideRibonX",
			"Segments": [
				0,
				0,
				1,
				0.011,
				0,
				0.022,
				-0.013,
				0.033,
				-0.016,
				1,
				0.522,
				-0.131,
				1.011,
				-0.185,
				1.5,
				-0.185,
				1,
				2,
				-0.185,
				2.5,
				-0.123,
				3,
				0.002,
				1,
				3.5,
				0.126,
				4,
				0.189,
				4.5,
				0.189,
				1,
				4.989,
				0.189,
				5.478,
				0.131,
				5.967,
				0.01,
				1,
				5.978,
				0.007,
				5.989,
				0,
				6,
				0
			]
		},
		{
			"Target": "Parameter",
			"Id": "ParamSideRibonY",
			"Segments": [
				0,
				0,
				1,
				0.011,
				0,
				0.022,
				0.01,
				0.033,
				0.015,
				1,
				0.522,
				0.216,
				1.011,
				0.313,
				1.5,
				0.313,
				1,
				2,
				0.313,
				2.5,
				0.209,
				3,
				0.002,
				1,
				3.5,
				-0.206,
				4,
				-0.31,
				4.5,
				-0.31,
				1,
				4.989,
				-0.31,
				5.478,
				-0.214,
				5.967,
				-0.015,
				1,
				5.978,
				-0.01,
				5.989,
				0,
				6,
				0
			]
		},
		{
			"Target": "Parameter",
			"Id": "ParamCRibonX",
			"Segments": [
				0,
				0,
				1,
				0.5,
				0,
				1,
				0,
				1.5,
				0,
				1,
				2,
				0,
				2.5,
				0,
				3,
				0,
				1,
				3.5,
				0,
				4,
				0,
				4.5,
				0,
				1,
				5,
				0,
				5.5,
				0,
				6,
				0
			]
		},
		{
			"Target": "Parameter",
			"Id": "ParamCRibonY",
			"Segments": [
				0,
				0,
				1,
				0.011,
				0,
				0.022,
				-0.013,
				0.033,
				-0.016,
				1,
				0.522,
				-0.141,
				1.011,
				-0.2,
				1.5,
				-0.2,
				1,
				2,
				-0.2,
				2.5,
				-0.19,
				3,
				0,
				1,
				3.5,
				0.19,
				4,
				0.5,
				4.5,
				0.5,
				1,
				4.989,
				0.5,
				5.478,
				0.335,
				5.967,
				0.009,
				1,
				5.978,
				0.002,
				5.989,
				0,
				6,
				0
			]
		},
		{
			"Target": "Parameter",
			"Id": "ParamFinger1",
			"Segments": [
				0,
				0.3,
				1,
				0.5,
				0.3,
				1,
				0,
				1.5,
				0,
				1,
				2,
				0,
				2.5,
				0.1,
				3,
				0.3,
				1,
				3.5,
				0.5,
				4,
				0.6,
				4.5,
				0.6,
				1,
				5,
				0.6,
				5.5,
				0.3,
				6,
				0.3
			]
		},
		{
			"Target": "Parameter",
			"Id": "ParamFinger2",
			"Segments": [
				0,
				0.3,
				1,
				0.5,
				0.3,
				1,
				0,
				1.5,
				0,
				1,
				2,
				0,
				2.5,
				0.1,
				3,
				0.3,
				1,
				3.5,
				0.5,
				4,
				0.6,
				4.5,
				0.6,
				1,
				5,
				0.6,
				5.5,
				0.3,
				6,
				0.3
			]
		},
		{
			"Target": "Parameter",
			"Id": "ParamFinger3",
			"Segments": [
				0,
				0.3,
				1,
				0.5,
				0.3,
				1,
				0,
				1.5,
				0,
				1,
				2,
				0,
				2.5,
				0.1,
				3,
				0.3,
				1,
				3.5,
				0.5,
				4,
				0.6,
				4.5,
				0.6,
				1,
				5,
				0.6,
				5.5,
				0.3,
				6,
				0.3
			]
		},
		{
			"Target": "Parameter",
			"Id": "ParamFinger4",
			"Segments": [
				0,
				0.3,
				1,
				0.5,
				0.3,
				1,
				0,
				1.5,
				0,
				1,
				2,
				0,
				2.5,
				0.1,
				3,
				0.3,
				1,
				3.5,
				0.5,
				4,
				0.6,
				4.5,
				0.6,
				1,
				5,
				0.6,
				5.5,
				0.3,
				6,
				0.3
			]
		},
		{
			"Target": "Parameter",
			"Id": "ParamFinger5",
			"Segments": [
				0,
				0.3,
				1,
				0.5,
				0.3,
				1,
				0,
				1.5,
				0,
				1,
				2,
				0,
				2.5,
				0.1,
				3,
				0.3,
				1,
				3.5,
				0.5,
				4,
				0.6,
				4.5,
				0.6,
				1,
				5,
				0.6,
				5.5,
				0.3,
				6,
				0.3
			]
		}
	]
}