{
	"Version": 3,
	"Meta": {
		"Duration": 12,
		"Fps": 30.0,
		"Loop": true,
		"AreBeziersRestricted": false,
		"CurveCount": 36,
		"TotalSegmentCount": 1054,
		"TotalPointCount": 3168,
		"UserDataCount": 0,
		"TotalUserDataSize": 0
	},
	"Curves": [
		{
			"Target": "Parameter",
			"Id": "ParamEff1",
			"Segments": [
				0,
				1,
				1,
				0.2,
				1,
				0.4,
				1,
				0.6,
				1,
				1,
				0.633,
				1,
				0.667,
				0.5,
				0.7,
				0.5,
				1,
				0.733,
				0.5,
				0.767,
				1,
				0.8,
				1,
				1,
				1.378,
				1,
				1.956,
				1,
				2.533,
				1,
				1,
				2.567,
				1,
				2.6,
				0.5,
				2.633,
				0.5,
				1,
				2.678,
				0.5,
				2.722,
				1,
				2.767,
				1,
				1,
				3.5,
				1,
				4.233,
				1,
				4.967,
				1,
				1,
				5,
				1,
				5.033,
				0.5,
				5.067,
				0.5,
				1,
				5.111,
				0.5,
				5.156,
				1,
				5.2,
				1,
				1,
				5.467,
				1,
				5.733,
				1,
				6,
				1,
				1,
				6.2,
				1,
				6.4,
				1,
				6.6,
				1,
				1,
				6.633,
				1,
				6.667,
				0.5,
				6.7,
				0.5,
				1,
				6.733,
				0.5,
				6.767,
				1,
				6.8,
				1,
				1,
				7.378,
				1,
				7.956,
				1,
				8.533,
				1,
				1,
				8.567,
				1,
				8.6,
				0.5,
				8.633,
				0.5,
				1,
				8.678,
				0.5,
				8.722,
				1,
				8.767,
				1,
				1,
				9.5,
				1,
				10.233,
				1,
				10.967,
				1,
				1,
				11,
				1,
				11.033,
				0.5,
				11.067,
				0.5,
				1,
				11.111,
				0.5,
				11.156,
				1,
				11.2,
				1,
				1,
				11.467,
				1,
				11.733,
				1,
				12,
				1
			]
		},
		{
			"Target": "Parameter",
			"Id": "ParamEff2",
			"Segments": [
				0,
				0.6,
				1,
				0.033,
				0.6,
				0.067,
				1,
				0.1,
				1,
				1,
				0.6,
				1,
				1.1,
				1,
				1.6,
				1,
				1,
				1.633,
				1,
				1.667,
				0.5,
				1.7,
				0.5,
				1,
				1.733,
				0.5,
				1.767,
				1,
				1.8,
				1,
				1,
				2.267,
				1,
				2.733,
				1,
				3.2,
				1,
				1,
				3.233,
				1,
				3.267,
				0.5,
				3.3,
				0.5,
				1,
				3.333,
				0.5,
				3.367,
				1,
				3.4,
				1,
				1,
				3.444,
				1,
				3.489,
				1,
				3.533,
				1,
				1,
				3.567,
				1,
				3.6,
				0.5,
				3.633,
				0.5,
				1,
				3.667,
				0.5,
				3.7,
				1,
				3.733,
				1,
				1,
				4.444,
				1,
				5.156,
				1,
				5.867,
				1,
				1,
				5.911,
				1,
				5.956,
				0.6,
				6,
				0.6,
				1,
				6.033,
				0.6,
				6.067,
				1,
				6.1,
				1,
				1,
				6.6,
				1,
				7.1,
				1,
				7.6,
				1,
				1,
				7.633,
				1,
				7.667,
				0.5,
				7.7,
				0.5,
				1,
				7.733,
				0.5,
				7.767,
				1,
				7.8,
				1,
				1,
				8.267,
				1,
				8.733,
				1,
				9.2,
				1,
				1,
				9.233,
				1,
				9.267,
				0.5,
				9.3,
				0.5,
				1,
				9.333,
				0.5,
				9.367,
				1,
				9.4,
				1,
				1,
				9.444,
				1,
				9.489,
				1,
				9.533,
				1,
				1,
				9.567,
				1,
				9.6,
				0.5,
				9.633,
				0.5,
				1,
				9.667,
				0.5,
				9.7,
				1,
				9.733,
				1,
				1,
				10.444,
				1,
				11.156,
				1,
				11.867,
				1,
				1,
				11.911,
				1,
				11.956,
				0.6,
				12,
				0.6
			]
		},
		{
			"Target": "Parameter",
			"Id": "ParamEff3",
			"Segments": [
				0,
				1,
				1,
				0.656,
				1,
				1.311,
				1,
				1.967,
				1,
				1,
				2,
				1,
				2.033,
				0.5,
				2.067,
				0.5,
				1,
				2.1,
				0.5,
				2.133,
				1,
				2.167,
				1,
				1,
				2.211,
				1,
				2.256,
				1,
				2.3,
				1,
				1,
				2.333,
				1,
				2.367,
				0.5,
				2.4,
				0.5,
				1,
				2.433,
				0.5,
				2.467,
				1,
				2.5,
				1,
				1,
				2.922,
				1,
				3.344,
				1,
				3.767,
				1,
				1,
				3.8,
				1,
				3.833,
				0.5,
				3.867,
				0.5,
				1,
				3.9,
				0.5,
				3.933,
				1,
				3.967,
				1,
				1,
				4.644,
				1,
				5.322,
				1,
				6,
				1,
				1,
				6.656,
				1,
				7.311,
				1,
				7.967,
				1,
				1,
				8,
				1,
				8.033,
				0.5,
				8.067,
				0.5,
				1,
				8.1,
				0.5,
				8.133,
				1,
				8.167,
				1,
				1,
				8.211,
				1,
				8.256,
				1,
				8.3,
				1,
				1,
				8.333,
				1,
				8.367,
				0.5,
				8.4,
				0.5,
				1,
				8.433,
				0.5,
				8.467,
				1,
				8.5,
				1,
				1,
				8.922,
				1,
				9.344,
				1,
				9.767,
				1,
				1,
				9.8,
				1,
				9.833,
				0.5,
				9.867,
				0.5,
				1,
				9.9,
				0.5,
				9.933,
				1,
				9.967,
				1,
				1,
				10.644,
				1,
				11.322,
				1,
				12,
				1
			]
		},
		{
			"Target": "Parameter",
			"Id": "ParamEff4",
			"Segments": [
				0,
				1,
				1,
				0.189,
				1,
				0.378,
				1,
				0.567,
				1,
				1,
				0.6,
				1,
				0.633,
				0.5,
				0.667,
				0.5,
				1,
				0.7,
				0.5,
				0.733,
				1,
				0.767,
				1,
				1,
				0.944,
				1,
				1.122,
				0.9,
				1.3,
				0.9,
				1,
				1.667,
				0.9,
				2.033,
				1,
				2.4,
				1,
				1,
				2.433,
				1,
				2.467,
				0.5,
				2.5,
				0.5,
				1,
				2.533,
				0.5,
				2.567,
				1,
				2.6,
				1,
				1,
				3,
				1,
				3.4,
				0.8,
				3.8,
				0.8,
				1,
				4.2,
				0.8,
				4.6,
				1,
				5,
				1,
				1,
				5.033,
				1,
				5.067,
				0.5,
				5.1,
				0.5,
				1,
				5.133,
				0.5,
				5.167,
				1,
				5.2,
				1,
				1,
				5.467,
				1,
				5.733,
				1,
				6,
				1,
				1,
				6.189,
				1,
				6.378,
				1,
				6.567,
				1,
				1,
				6.6,
				1,
				6.633,
				0.5,
				6.667,
				0.5,
				1,
				6.7,
				0.5,
				6.733,
				1,
				6.767,
				1,
				1,
				6.944,
				1,
				7.122,
				0.9,
				7.3,
				0.9,
				1,
				7.667,
				0.9,
				8.033,
				1,
				8.4,
				1,
				1,
				8.433,
				1,
				8.467,
				0.5,
				8.5,
				0.5,
				1,
				8.533,
				0.5,
				8.567,
				1,
				8.6,
				1,
				1,
				9,
				1,
				9.4,
				0.8,
				9.8,
				0.8,
				1,
				10.2,
				0.8,
				10.6,
				1,
				11,
				1,
				1,
				11.033,
				1,
				11.067,
				0.5,
				11.1,
				0.5,
				1,
				11.133,
				0.5,
				11.167,
				1,
				11.2,
				1,
				1,
				11.467,
				1,
				11.733,
				1,
				12,
				1
			]
		},
		{
			"Target": "Parameter",
			"Id": "ParamEff5",
			"Segments": [
				0,
				1,
				1,
				0.078,
				1,
				0.156,
				1,
				0.233,
				1,
				1,
				0.267,
				1,
				0.3,
				0.5,
				0.333,
				0.5,
				1,
				0.367,
				0.5,
				0.4,
				1,
				0.433,
				1,
				1,
				1.244,
				1,
				2.056,
				0.7,
				2.867,
				0.7,
				1,
				3.911,
				0.7,
				4.956,
				1,
				6,
				1,
				1,
				6.078,
				1,
				6.156,
				1,
				6.233,
				1,
				1,
				6.267,
				1,
				6.3,
				0.5,
				6.333,
				0.5,
				1,
				6.367,
				0.5,
				6.4,
				1,
				6.433,
				1,
				1,
				7.244,
				1,
				8.056,
				0.7,
				8.867,
				0.7,
				1,
				9.911,
				0.7,
				10.956,
				1,
				12,
				1
			]
		},
		{
			"Target": "Parameter",
			"Id": "ParamEff6",
			"Segments": [
				0,
				0.6,
				1,
				0.033,
				0.6,
				0.067,
				1,
				0.1,
				1,
				1,
				0.867,
				1,
				1.633,
				0.8,
				2.4,
				0.8,
				1,
				3.133,
				0.8,
				3.867,
				1,
				4.6,
				1,
				1,
				4.633,
				1,
				4.667,
				0.5,
				4.7,
				0.5,
				1,
				4.733,
				0.5,
				4.767,
				1,
				4.8,
				1,
				1,
				4.878,
				1,
				4.956,
				1,
				5.033,
				1,
				1,
				5.067,
				1,
				5.1,
				0.5,
				5.133,
				0.5,
				1,
				5.167,
				0.5,
				5.2,
				1,
				5.233,
				1,
				1,
				5.289,
				1,
				5.344,
				1,
				5.4,
				1,
				1,
				5.433,
				1,
				5.467,
				0.5,
				5.5,
				0.5,
				1,
				5.533,
				0.5,
				5.567,
				1,
				5.6,
				1,
				1,
				5.678,
				1,
				5.756,
				1,
				5.833,
				1,
				1,
				5.889,
				1,
				5.944,
				0.6,
				6,
				0.6,
				1,
				6.033,
				0.6,
				6.067,
				1,
				6.1,
				1,
				1,
				6.867,
				1,
				7.633,
				0.8,
				8.4,
				0.8,
				1,
				9.133,
				0.8,
				9.867,
				1,
				10.6,
				1,
				1,
				10.633,
				1,
				10.667,
				0.5,
				10.7,
				0.5,
				1,
				10.733,
				0.5,
				10.767,
				1,
				10.8,
				1,
				1,
				10.878,
				1,
				10.956,
				1,
				11.033,
				1,
				1,
				11.067,
				1,
				11.1,
				0.5,
				11.133,
				0.5,
				1,
				11.167,
				0.5,
				11.2,
				1,
				11.233,
				1,
				1,
				11.289,
				1,
				11.344,
				1,
				11.4,
				1,
				1,
				11.433,
				1,
				11.467,
				0.5,
				11.5,
				0.5,
				1,
				11.533,
				0.5,
				11.567,
				1,
				11.6,
				1,
				1,
				11.678,
				1,
				11.756,
				1,
				11.833,
				1,
				1,
				11.889,
				1,
				11.944,
				0.6,
				12,
				0.6
			]
		},
		{
			"Target": "Parameter",
			"Id": "ParamEff7",
			"Segments": [
				0,
				1,
				1,
				0.256,
				1,
				0.511,
				1,
				0.767,
				1,
				1,
				0.8,
				1,
				0.833,
				0.6,
				0.867,
				0.6,
				1,
				0.9,
				0.6,
				0.933,
				1,
				0.967,
				1,
				1,
				1.133,
				1,
				1.3,
				1,
				1.467,
				1,
				1,
				1.5,
				1,
				1.533,
				0.6,
				1.567,
				0.6,
				1,
				1.6,
				0.6,
				1.633,
				1,
				1.667,
				1,
				1,
				2.089,
				1,
				2.511,
				0.9,
				2.933,
				0.9,
				1,
				3.311,
				0.9,
				3.689,
				1,
				4.067,
				1,
				1,
				4.1,
				1,
				4.133,
				0.6,
				4.167,
				0.6,
				1,
				4.2,
				0.6,
				4.233,
				1,
				4.267,
				1,
				1,
				4.578,
				1,
				4.889,
				1,
				5.2,
				1,
				1,
				5.467,
				1,
				5.733,
				1,
				6,
				1,
				1,
				6.256,
				1,
				6.511,
				1,
				6.767,
				1,
				1,
				6.8,
				1,
				6.833,
				0.6,
				6.867,
				0.6,
				1,
				6.9,
				0.6,
				6.933,
				1,
				6.967,
				1,
				1,
				7.133,
				1,
				7.3,
				1,
				7.467,
				1,
				1,
				7.5,
				1,
				7.533,
				0.6,
				7.567,
				0.6,
				1,
				7.6,
				0.6,
				7.633,
				1,
				7.667,
				1,
				1,
				8.089,
				1,
				8.511,
				0.9,
				8.933,
				0.9,
				1,
				9.311,
				0.9,
				9.689,
				1,
				10.067,
				1,
				1,
				10.1,
				1,
				10.133,
				0.6,
				10.167,
				0.6,
				1,
				10.2,
				0.6,
				10.233,
				1,
				10.267,
				1,
				1,
				10.578,
				1,
				10.889,
				1,
				11.2,
				1,
				1,
				11.467,
				1,
				11.733,
				1,
				12,
				1
			]
		},
		{
			"Target": "Parameter",
			"Id": "ParamEff8",
			"Segments": [
				0,
				1,
				1,
				0.111,
				1,
				0.222,
				1,
				0.333,
				1,
				1,
				0.367,
				1,
				0.4,
				0.6,
				0.433,
				0.6,
				1,
				0.467,
				0.6,
				0.5,
				1,
				0.533,
				1,
				1,
				1,
				1,
				1.467,
				0.9,
				1.933,
				0.9,
				1,
				2.311,
				0.9,
				2.689,
				1,
				3.067,
				1,
				1,
				3.1,
				1,
				3.133,
				0.6,
				3.167,
				0.6,
				1,
				3.2,
				0.6,
				3.233,
				1,
				3.267,
				1,
				1,
				3.322,
				1,
				3.378,
				1,
				3.433,
				1,
				1,
				3.467,
				1,
				3.5,
				0.6,
				3.533,
				0.6,
				1,
				3.567,
				0.6,
				3.6,
				1,
				3.633,
				1,
				1,
				3.7,
				1,
				3.767,
				1,
				3.833,
				1,
				1,
				3.867,
				1,
				3.9,
				0.7,
				3.933,
				0.7,
				1,
				3.967,
				0.7,
				4,
				1,
				4.033,
				1,
				1,
				4.367,
				1,
				4.7,
				0.9,
				5.033,
				0.9,
				1,
				5.356,
				0.9,
				5.678,
				1,
				6,
				1,
				1,
				6.111,
				1,
				6.222,
				1,
				6.333,
				1,
				1,
				6.367,
				1,
				6.4,
				0.6,
				6.433,
				0.6,
				1,
				6.467,
				0.6,
				6.5,
				1,
				6.533,
				1,
				1,
				7,
				1,
				7.467,
				0.9,
				7.933,
				0.9,
				1,
				8.311,
				0.9,
				8.689,
				1,
				9.067,
				1,
				1,
				9.1,
				1,
				9.133,
				0.6,
				9.167,
				0.6,
				1,
				9.2,
				0.6,
				9.233,
				1,
				9.267,
				1,
				1,
				9.322,
				1,
				9.378,
				1,
				9.433,
				1,
				1,
				9.467,
				1,
				9.5,
				0.6,
				9.533,
				0.6,
				1,
				9.567,
				0.6,
				9.6,
				1,
				9.633,
				1,
				1,
				9.7,
				1,
				9.767,
				1,
				9.833,
				1,
				1,
				9.867,
				1,
				9.9,
				0.7,
				9.933,
				0.7,
				1,
				9.967,
				0.7,
				10,
				1,
				10.033,
				1,
				1,
				10.367,
				1,
				10.7,
				0.9,
				11.033,
				0.9,
				1,
				11.356,
				0.9,
				11.678,
				1,
				12,
				1
			]
		},
		{
			"Target": "Parameter",
			"Id": "ParamEff9",
			"Segments": [
				0,
				0.8,
				1,
				0.289,
				0.8,
				0.578,
				1,
				0.867,
				1,
				1,
				0.9,
				1,
				0.933,
				0.6,
				0.967,
				0.6,
				1,
				1,
				0.6,
				1.033,
				1,
				1.067,
				1,
				1,
				1.3,
				1,
				1.533,
				1,
				1.767,
				1,
				1,
				1.8,
				1,
				1.833,
				0.6,
				1.867,
				0.6,
				1,
				1.9,
				0.6,
				1.933,
				1,
				1.967,
				1,
				1,
				2.4,
				1,
				2.833,
				1,
				3.267,
				1,
				1,
				3.3,
				1,
				3.333,
				0.6,
				3.367,
				0.6,
				1,
				3.4,
				0.6,
				3.433,
				1,
				3.467,
				1,
				1,
				4.311,
				1,
				5.156,
				0.8,
				6,
				0.8,
				1,
				6.289,
				0.8,
				6.578,
				1,
				6.867,
				1,
				1,
				6.9,
				1,
				6.933,
				0.6,
				6.967,
				0.6,
				1,
				7,
				0.6,
				7.033,
				1,
				7.067,
				1,
				1,
				7.3,
				1,
				7.533,
				1,
				7.767,
				1,
				1,
				7.8,
				1,
				7.833,
				0.6,
				7.867,
				0.6,
				1,
				7.9,
				0.6,
				7.933,
				1,
				7.967,
				1,
				1,
				8.4,
				1,
				8.833,
				1,
				9.267,
				1,
				1,
				9.3,
				1,
				9.333,
				0.6,
				9.367,
				0.6,
				1,
				9.4,
				0.6,
				9.433,
				1,
				9.467,
				1,
				1,
				10.311,
				1,
				11.156,
				0.8,
				12,
				0.8
			]
		},
		{
			"Target": "Parameter",
			"Id": "ParamEff10",
			"Segments": [
				0,
				1,
				1,
				0.5,
				1,
				1,
				1,
				1.5,
				1,
				1,
				1.533,
				1,
				1.567,
				0.6,
				1.6,
				0.6,
				1,
				1.633,
				0.6,
				1.667,
				1,
				1.7,
				1,
				1,
				1.822,
				1,
				1.944,
				1,
				2.067,
				1,
				1,
				2.1,
				1,
				2.133,
				0.6,
				2.167,
				0.6,
				1,
				2.2,
				0.6,
				2.233,
				1,
				2.267,
				1,
				1,
				2.711,
				1,
				3.156,
				0.9,
				3.6,
				0.9,
				1,
				4.211,
				0.9,
				4.822,
				1,
				5.433,
				1,
				1,
				5.467,
				1,
				5.5,
				0.6,
				5.533,
				0.6,
				1,
				5.567,
				0.6,
				5.6,
				1,
				5.633,
				1,
				1,
				5.756,
				1,
				5.878,
				1,
				6,
				1,
				1,
				6.5,
				1,
				7,
				1,
				7.5,
				1,
				1,
				7.533,
				1,
				7.567,
				0.6,
				7.6,
				0.6,
				1,
				7.633,
				0.6,
				7.667,
				1,
				7.7,
				1,
				1,
				7.822,
				1,
				7.944,
				1,
				8.067,
				1,
				1,
				8.1,
				1,
				8.133,
				0.6,
				8.167,
				0.6,
				1,
				8.2,
				0.6,
				8.233,
				1,
				8.267,
				1,
				1,
				8.711,
				1,
				9.156,
				0.9,
				9.6,
				0.9,
				1,
				10.211,
				0.9,
				10.822,
				1,
				11.433,
				1,
				1,
				11.467,
				1,
				11.5,
				0.6,
				11.533,
				0.6,
				1,
				11.567,
				0.6,
				11.6,
				1,
				11.633,
				1,
				1,
				11.756,
				1,
				11.878,
				1,
				12,
				1
			]
		},
		{
			"Target": "Parameter",
			"Id": "ParamEff11",
			"Segments": [
				0,
				1,
				1,
				0.222,
				1,
				0.444,
				1,
				0.667,
				1,
				1,
				0.7,
				1,
				0.733,
				0.6,
				0.767,
				0.6,
				1,
				0.8,
				0.6,
				0.833,
				1,
				0.867,
				1,
				1,
				1.144,
				1,
				1.422,
				0.9,
				1.7,
				0.9,
				1,
				2.056,
				0.9,
				2.411,
				1,
				2.767,
				1,
				1,
				2.8,
				1,
				2.833,
				0.6,
				2.867,
				0.6,
				1,
				2.9,
				0.6,
				2.933,
				1,
				2.967,
				1,
				1,
				3.267,
				1,
				3.567,
				0.8,
				3.867,
				0.8,
				1,
				4.067,
				0.8,
				4.267,
				1,
				4.467,
				1,
				1,
				4.5,
				1,
				4.533,
				0.6,
				4.567,
				0.6,
				1,
				4.6,
				0.6,
				4.633,
				1,
				4.667,
				1,
				1,
				5.111,
				1,
				5.556,
				1,
				6,
				1,
				1,
				6.222,
				1,
				6.444,
				1,
				6.667,
				1,
				1,
				6.7,
				1,
				6.733,
				0.6,
				6.767,
				0.6,
				1,
				6.8,
				0.6,
				6.833,
				1,
				6.867,
				1,
				1,
				7.144,
				1,
				7.422,
				0.9,
				7.7,
				0.9,
				1,
				8.056,
				0.9,
				8.411,
				1,
				8.767,
				1,
				1,
				8.8,
				1,
				8.833,
				0.6,
				8.867,
				0.6,
				1,
				8.9,
				0.6,
				8.933,
				1,
				8.967,
				1,
				1,
				9.267,
				1,
				9.567,
				0.8,
				9.867,
				0.8,
				1,
				10.067,
				0.8,
				10.267,
				1,
				10.467,
				1,
				1,
				10.5,
				1,
				10.533,
				0.6,
				10.567,
				0.6,
				1,
				10.6,
				0.6,
				10.633,
				1,
				10.667,
				1,
				1,
				11.111,
				1,
				11.556,
				1,
				12,
				1
			]
		},
		{
			"Target": "Parameter",
			"Id": "ParamEff12",
			"Segments": [
				0,
				0.9,
				1,
				0.044,
				0.9,
				0.089,
				1,
				0.133,
				1,
				1,
				0.733,
				1,
				1.333,
				0.9,
				1.933,
				0.9,
				1,
				2.567,
				0.9,
				3.2,
				1,
				3.833,
				1,
				1,
				3.867,
				1,
				3.9,
				0.9,
				3.933,
				0.9,
				1,
				3.967,
				0.9,
				4,
				1,
				4.033,
				1,
				1,
				4.444,
				1,
				4.856,
				1,
				5.267,
				1,
				1,
				5.3,
				1,
				5.333,
				0.9,
				5.367,
				0.9,
				1,
				5.4,
				0.9,
				5.433,
				1,
				5.467,
				1,
				1,
				5.611,
				1,
				5.756,
				1,
				5.9,
				1,
				1,
				5.933,
				1,
				5.967,
				0.9,
				6,
				0.9,
				1,
				6.044,
				0.9,
				6.089,
				1,
				6.133,
				1,
				1,
				6.733,
				1,
				7.333,
				0.9,
				7.933,
				0.9,
				1,
				8.567,
				0.9,
				9.2,
				1,
				9.833,
				1,
				1,
				9.867,
				1,
				9.9,
				0.9,
				9.933,
				0.9,
				1,
				9.967,
				0.9,
				10,
				1,
				10.033,
				1,
				1,
				10.444,
				1,
				10.856,
				1,
				11.267,
				1,
				1,
				11.3,
				1,
				11.333,
				0.9,
				11.367,
				0.9,
				1,
				11.4,
				0.9,
				11.433,
				1,
				11.467,
				1,
				1,
				11.611,
				1,
				11.756,
				1,
				11.9,
				1,
				1,
				11.933,
				1,
				11.967,
				0.8,
				12,
				0.8
			]
		},
		{
			"Target": "Parameter",
			"Id": "ParamEff13",
			"Segments": [
				0,
				1,
				1,
				0.111,
				1,
				0.222,
				1,
				0.333,
				1,
				1,
				0.367,
				1,
				0.4,
				0.9,
				0.433,
				0.9,
				1,
				0.467,
				0.9,
				0.5,
				1,
				0.533,
				1,
				1,
				0.856,
				1,
				1.178,
				0.9,
				1.5,
				0.9,
				1,
				1.844,
				0.9,
				2.189,
				1,
				2.533,
				1,
				1,
				2.567,
				1,
				2.6,
				0.9,
				2.633,
				0.9,
				1,
				2.667,
				0.9,
				2.7,
				1,
				2.733,
				1,
				1,
				3.278,
				1,
				3.822,
				1,
				4.367,
				1,
				1,
				4.4,
				1,
				4.433,
				0.9,
				4.467,
				0.9,
				1,
				4.5,
				0.9,
				4.533,
				1,
				4.567,
				1,
				1,
				5.044,
				1,
				5.522,
				1,
				6,
				1,
				1,
				6.111,
				1,
				6.222,
				1,
				6.333,
				1,
				1,
				6.367,
				1,
				6.4,
				0.9,
				6.433,
				0.9,
				1,
				6.467,
				0.9,
				6.5,
				1,
				6.533,
				1,
				1,
				6.856,
				1,
				7.178,
				0.9,
				7.5,
				0.9,
				1,
				7.844,
				0.9,
				8.189,
				1,
				8.533,
				1,
				1,
				8.567,
				1,
				8.6,
				0.9,
				8.633,
				0.9,
				1,
				8.667,
				0.9,
				8.7,
				1,
				8.733,
				1,
				1,
				9.278,
				1,
				9.822,
				1,
				10.367,
				1,
				1,
				10.4,
				1,
				10.433,
				0.9,
				10.467,
				0.9,
				1,
				10.5,
				0.9,
				10.533,
				1,
				10.567,
				1,
				1,
				11.044,
				1,
				11.522,
				1,
				12,
				1
			]
		},
		{
			"Target": "Parameter",
			"Id": "ParamEff14",
			"Segments": [
				0,
				1,
				1,
				0.189,
				1,
				0.378,
				1,
				0.567,
				1,
				1,
				0.6,
				1,
				0.633,
				0.9,
				0.667,
				0.9,
				1,
				0.7,
				0.9,
				0.733,
				1,
				0.767,
				1,
				1,
				1.1,
				1,
				1.433,
				1,
				1.767,
				1,
				1,
				1.8,
				1,
				1.833,
				0.8,
				1.867,
				0.8,
				1,
				1.9,
				0.8,
				1.933,
				1,
				1.967,
				1,
				1,
				2.267,
				1,
				2.567,
				0.9,
				2.867,
				0.9,
				1,
				3.133,
				0.9,
				3.4,
				1,
				3.667,
				1,
				1,
				3.7,
				1,
				3.733,
				0.8,
				3.767,
				0.8,
				1,
				3.8,
				0.8,
				3.833,
				1,
				3.867,
				1,
				1,
				4.122,
				1,
				4.378,
				0.9,
				4.633,
				0.9,
				1,
				4.878,
				0.9,
				5.122,
				1,
				5.367,
				1,
				1,
				5.4,
				1,
				5.433,
				0.8,
				5.467,
				0.8,
				1,
				5.5,
				0.8,
				5.533,
				1,
				5.567,
				1,
				1,
				5.711,
				1,
				5.856,
				1,
				6,
				1,
				1,
				6.189,
				1,
				6.378,
				1,
				6.567,
				1,
				1,
				6.6,
				1,
				6.633,
				0.9,
				6.667,
				0.9,
				1,
				6.7,
				0.9,
				6.733,
				1,
				6.767,
				1,
				1,
				7.1,
				1,
				7.433,
				1,
				7.767,
				1,
				1,
				7.8,
				1,
				7.833,
				0.8,
				7.867,
				0.8,
				1,
				7.9,
				0.8,
				7.933,
				1,
				7.967,
				1,
				1,
				8.267,
				1,
				8.567,
				0.9,
				8.867,
				0.9,
				1,
				9.133,
				0.9,
				9.4,
				1,
				9.667,
				1,
				1,
				9.7,
				1,
				9.733,
				0.8,
				9.767,
				0.8,
				1,
				9.8,
				0.8,
				9.833,
				1,
				9.867,
				1,
				1,
				10.122,
				1,
				10.378,
				0.9,
				10.633,
				0.9,
				1,
				10.878,
				0.9,
				11.122,
				1,
				11.367,
				1,
				1,
				11.4,
				1,
				11.433,
				0.8,
				11.467,
				0.8,
				1,
				11.5,
				0.8,
				11.533,
				1,
				11.567,
				1,
				1,
				11.711,
				1,
				11.856,
				1,
				12,
				1
			]
		},
		{
			"Target": "Parameter",
			"Id": "ParamEff15",
			"Segments": [
				0,
				0.7,
				1,
				0.478,
				0.7,
				0.956,
				1,
				1.433,
				1,
				1,
				1.467,
				1,
				1.5,
				0.6,
				1.533,
				0.6,
				1,
				1.567,
				0.6,
				1.6,
				1,
				1.633,
				1,
				1,
				2.133,
				1,
				2.633,
				1,
				3.133,
				1,
				1,
				3.167,
				1,
				3.2,
				0.6,
				3.233,
				0.6,
				1,
				3.267,
				0.6,
				3.3,
				1,
				3.333,
				1,
				1,
				3.411,
				1,
				3.489,
				1,
				3.567,
				1,
				1,
				3.6,
				1,
				3.633,
				0.6,
				3.667,
				0.6,
				1,
				3.7,
				0.6,
				3.733,
				0.788,
				3.767,
				0.8,
				1,
				4.167,
				0.943,
				4.567,
				1,
				4.967,
				1,
				1,
				5,
				1,
				5.033,
				0.6,
				5.067,
				0.6,
				1,
				5.1,
				0.6,
				5.133,
				1,
				5.167,
				1,
				1,
				5.444,
				1,
				5.722,
				0.7,
				6,
				0.7,
				1,
				6.478,
				0.7,
				6.956,
				1,
				7.433,
				1,
				1,
				7.467,
				1,
				7.5,
				0.6,
				7.533,
				0.6,
				1,
				7.567,
				0.6,
				7.6,
				1,
				7.633,
				1,
				1,
				8.133,
				1,
				8.633,
				1,
				9.133,
				1,
				1,
				9.167,
				1,
				9.2,
				0.6,
				9.233,
				0.6,
				1,
				9.267,
				0.6,
				9.3,
				1,
				9.333,
				1,
				1,
				9.411,
				1,
				9.489,
				1,
				9.567,
				1,
				1,
				9.6,
				1,
				9.633,
				0.6,
				9.667,
				0.6,
				1,
				9.7,
				0.6,
				9.733,
				0.788,
				9.767,
				0.8,
				1,
				10.167,
				0.943,
				10.567,
				1,
				10.967,
				1,
				1,
				11,
				1,
				11.033,
				0.6,
				11.067,
				0.6,
				1,
				11.1,
				0.6,
				11.133,
				1,
				11.167,
				1,
				1,
				11.444,
				1,
				11.722,
				0.7,
				12,
				0.7
			]
		},
		{
			"Target": "Parameter",
			"Id": "ParamEff16",
			"Segments": [
				0,
				0,
				0,
				11.9,
				1,
				2,
				12,
				0
			]
		},
		{
			"Target": "Parameter",
			"Id": "ParamEff17",
			"Segments": [
				0,
				0.61,
				0,
				3.767,
				1,
				2,
				3.833,
				0,
				0,
				12,
				0.61
			]
		},
		{
			"Target": "Parameter",
			"Id": "ParamEff18",
			"Segments": [
				0,
				0.28,
				0,
				8.1,
				1,
				2,
				8.167,
				0,
				0,
				12,
				0.28
			]
		},
		{
			"Target": "Parameter",
			"Id": "ParamEff19",
			"Segments": [
				0,
				0.8,
				0,
				1.167,
				1,
				2,
				1.233,
				0,
				0,
				12,
				0.8
			]
		},
		{
			"Target": "Parameter",
			"Id": "ParamEff20",
			"Segments": [
				0,
				0.49,
				0,
				5.267,
				1,
				2,
				5.333,
				0,
				0,
				12,
				0.49
			]
		},
		{
			"Target": "Parameter",
			"Id": "ParamEff21",
			"Segments": [
				0,
				1,
				1,
				1.6,
				1,
				3.2,
				1,
				4.8,
				1,
				1,
				4.833,
				1,
				4.867,
				0.6,
				4.9,
				0.6,
				1,
				4.933,
				0.6,
				4.967,
				1,
				5,
				1,
				1,
				5.333,
				1,
				5.667,
				1,
				6,
				1,
				1,
				7.6,
				1,
				9.2,
				1,
				10.8,
				1,
				1,
				10.833,
				1,
				10.867,
				0.6,
				10.9,
				0.6,
				1,
				10.933,
				0.6,
				10.967,
				1,
				11,
				1,
				1,
				11.333,
				1,
				11.667,
				1,
				12,
				1
			]
		},
		{
			"Target": "Parameter",
			"Id": "ParamEff22",
			"Segments": [
				0,
				1,
				1,
				0.244,
				1,
				0.489,
				1,
				0.733,
				1,
				1,
				0.767,
				1,
				0.8,
				0.6,
				0.833,
				0.6,
				1,
				0.867,
				0.6,
				0.9,
				1,
				0.933,
				1,
				1,
				1.078,
				1,
				1.222,
				1,
				1.367,
				1,
				1,
				1.4,
				1,
				1.433,
				0.6,
				1.467,
				0.6,
				1,
				1.5,
				0.6,
				1.533,
				1,
				1.567,
				1,
				1,
				1.889,
				1,
				2.211,
				1,
				2.533,
				1,
				1,
				2.567,
				1,
				2.6,
				0.6,
				2.633,
				0.6,
				1,
				2.667,
				0.6,
				2.7,
				1,
				2.733,
				1,
				1,
				3.822,
				1,
				4.911,
				1,
				6,
				1,
				1,
				6.244,
				1,
				6.489,
				1,
				6.733,
				1,
				1,
				6.767,
				1,
				6.8,
				0.6,
				6.833,
				0.6,
				1,
				6.867,
				0.6,
				6.9,
				1,
				6.933,
				1,
				1,
				7.078,
				1,
				7.222,
				1,
				7.367,
				1,
				1,
				7.4,
				1,
				7.433,
				0.6,
				7.467,
				0.6,
				1,
				7.5,
				0.6,
				7.533,
				1,
				7.567,
				1,
				1,
				7.889,
				1,
				8.211,
				1,
				8.533,
				1,
				1,
				8.567,
				1,
				8.6,
				0.6,
				8.633,
				0.6,
				1,
				8.667,
				0.6,
				8.7,
				1,
				8.733,
				1,
				1,
				9.822,
				1,
				10.911,
				1,
				12,
				1
			]
		},
		{
			"Target": "Parameter",
			"Id": "ParamEff23",
			"Segments": [
				0,
				1,
				1,
				0.067,
				1,
				0.133,
				1,
				0.2,
				1,
				1,
				0.233,
				1,
				0.267,
				0.5,
				0.3,
				0.5,
				1,
				0.333,
				0.5,
				0.367,
				1,
				0.4,
				1,
				1,
				0.489,
				1,
				0.578,
				1,
				0.667,
				1,
				1,
				0.7,
				1,
				0.733,
				0.5,
				0.767,
				0.5,
				1,
				0.8,
				0.5,
				0.833,
				1,
				0.867,
				1,
				1,
				2.122,
				1,
				3.378,
				1,
				4.633,
				1,
				1,
				4.667,
				1,
				4.7,
				0.5,
				4.733,
				0.5,
				1,
				4.767,
				0.5,
				4.8,
				1,
				4.833,
				1,
				1,
				5.222,
				1,
				5.611,
				1,
				6,
				1,
				1,
				6.067,
				1,
				6.133,
				1,
				6.2,
				1,
				1,
				6.233,
				1,
				6.267,
				0.5,
				6.3,
				0.5,
				1,
				6.333,
				0.5,
				6.367,
				1,
				6.4,
				1,
				1,
				6.489,
				1,
				6.578,
				1,
				6.667,
				1,
				1,
				6.7,
				1,
				6.733,
				0.5,
				6.767,
				0.5,
				1,
				6.8,
				0.5,
				6.833,
				1,
				6.867,
				1,
				1,
				8.122,
				1,
				9.378,
				1,
				10.633,
				1,
				1,
				10.667,
				1,
				10.7,
				0.5,
				10.733,
				0.5,
				1,
				10.767,
				0.5,
				10.8,
				1,
				10.833,
				1,
				1,
				11.222,
				1,
				11.611,
				1,
				12,
				1
			]
		},
		{
			"Target": "Parameter",
			"Id": "ParamEff24",
			"Segments": [
				0,
				1,
				1,
				0.7,
				1,
				1.4,
				1,
				2.1,
				1,
				1,
				2.133,
				1,
				2.167,
				0.6,
				2.2,
				0.6,
				1,
				2.233,
				0.6,
				2.267,
				1,
				2.3,
				1,
				1,
				2.433,
				1,
				2.567,
				1,
				2.7,
				1,
				1,
				2.733,
				1,
				2.767,
				0.6,
				2.8,
				0.6,
				1,
				2.833,
				0.6,
				2.867,
				1,
				2.9,
				1,
				1,
				3.789,
				1,
				4.678,
				1,
				5.567,
				1,
				1,
				5.6,
				1,
				5.633,
				0.6,
				5.667,
				0.6,
				1,
				5.7,
				0.6,
				5.733,
				1,
				5.767,
				1,
				1,
				5.844,
				1,
				5.922,
				1,
				6,
				1,
				1,
				6.7,
				1,
				7.4,
				1,
				8.1,
				1,
				1,
				8.133,
				1,
				8.167,
				0.6,
				8.2,
				0.6,
				1,
				8.233,
				0.6,
				8.267,
				1,
				8.3,
				1,
				1,
				8.433,
				1,
				8.567,
				1,
				8.7,
				1,
				1,
				8.733,
				1,
				8.767,
				0.6,
				8.8,
				0.6,
				1,
				8.833,
				0.6,
				8.867,
				1,
				8.9,
				1,
				1,
				9.789,
				1,
				10.678,
				1,
				11.567,
				1,
				1,
				11.6,
				1,
				11.633,
				0.6,
				11.667,
				0.6,
				1,
				11.7,
				0.6,
				11.733,
				1,
				11.767,
				1,
				1,
				11.844,
				1,
				11.922,
				1,
				12,
				1
			]
		},
		{
			"Target": "Parameter",
			"Id": "ParamEff25",
			"Segments": [
				0,
				1,
				1,
				0.411,
				1,
				0.822,
				1,
				1.233,
				1,
				1,
				1.267,
				1,
				1.3,
				0.5,
				1.333,
				0.5,
				1,
				1.367,
				0.5,
				1.4,
				1,
				1.433,
				1,
				1,
				1.911,
				1,
				2.389,
				1,
				2.867,
				1,
				1,
				2.9,
				1,
				2.933,
				0.5,
				2.967,
				0.5,
				1,
				3,
				0.5,
				3.033,
				1,
				3.067,
				1,
				1,
				4.044,
				1,
				5.022,
				1,
				6,
				1,
				1,
				6.411,
				1,
				6.822,
				1,
				7.233,
				1,
				1,
				7.267,
				1,
				7.3,
				0.5,
				7.333,
				0.5,
				1,
				7.367,
				0.5,
				7.4,
				1,
				7.433,
				1,
				1,
				7.911,
				1,
				8.389,
				1,
				8.867,
				1,
				1,
				8.9,
				1,
				8.933,
				0.5,
				8.967,
				0.5,
				1,
				9,
				0.5,
				9.033,
				1,
				9.067,
				1,
				1,
				10.044,
				1,
				11.022,
				1,
				12,
				1
			]
		},
		{
			"Target": "Parameter",
			"Id": "ParamEff26",
			"Segments": [
				0,
				0.8,
				1,
				1.333,
				0.8,
				2.667,
				1,
				4,
				1,
				1,
				4.033,
				1,
				4.067,
				0.6,
				4.1,
				0.6,
				1,
				4.133,
				0.6,
				4.167,
				1,
				4.2,
				1,
				1,
				4.589,
				1,
				4.978,
				1,
				5.367,
				1,
				1,
				5.4,
				1,
				5.433,
				0.6,
				5.467,
				0.6,
				1,
				5.5,
				0.6,
				5.533,
				1,
				5.567,
				1,
				1,
				5.711,
				1,
				5.856,
				0.8,
				6,
				0.8,
				1,
				7.333,
				0.8,
				8.667,
				1,
				10,
				1,
				1,
				10.033,
				1,
				10.067,
				0.6,
				10.1,
				0.6,
				1,
				10.133,
				0.6,
				10.167,
				1,
				10.2,
				1,
				1,
				10.589,
				1,
				10.978,
				1,
				11.367,
				1,
				1,
				11.4,
				1,
				11.433,
				0.6,
				11.467,
				0.6,
				1,
				11.5,
				0.6,
				11.533,
				1,
				11.567,
				1,
				1,
				11.711,
				1,
				11.856,
				0.8,
				12,
				0.8
			]
		},
		{
			"Target": "Parameter",
			"Id": "ParamEff27",
			"Segments": [
				0,
				1,
				1,
				0.133,
				1,
				0.267,
				1,
				0.4,
				1,
				1,
				0.433,
				1,
				0.467,
				0.5,
				0.5,
				0.5,
				1,
				0.533,
				0.5,
				0.567,
				1,
				0.6,
				1,
				1,
				1.089,
				1,
				1.578,
				1,
				2.067,
				1,
				1,
				2.1,
				1,
				2.133,
				0.5,
				2.167,
				0.5,
				1,
				2.2,
				0.5,
				2.233,
				1,
				2.267,
				1,
				1,
				2.478,
				1,
				2.689,
				1,
				2.9,
				1,
				1,
				2.933,
				1,
				2.967,
				0.5,
				3,
				0.5,
				1,
				3.033,
				0.5,
				3.067,
				1,
				3.1,
				1,
				1,
				4.067,
				1,
				5.033,
				1,
				6,
				1,
				1,
				6.133,
				1,
				6.267,
				1,
				6.4,
				1,
				1,
				6.433,
				1,
				6.467,
				0.5,
				6.5,
				0.5,
				1,
				6.533,
				0.5,
				6.567,
				1,
				6.6,
				1,
				1,
				7.089,
				1,
				7.578,
				1,
				8.067,
				1,
				1,
				8.1,
				1,
				8.133,
				0.5,
				8.167,
				0.5,
				1,
				8.2,
				0.5,
				8.233,
				1,
				8.267,
				1,
				1,
				8.478,
				1,
				8.689,
				1,
				8.9,
				1,
				1,
				8.933,
				1,
				8.967,
				0.5,
				9,
				0.5,
				1,
				9.033,
				0.5,
				9.067,
				1,
				9.1,
				1,
				1,
				10.067,
				1,
				11.033,
				1,
				12,
				1
			]
		},
		{
			"Target": "Parameter",
			"Id": "ParamEff28",
			"Segments": [
				0,
				1,
				1,
				0.2,
				1,
				0.4,
				1,
				0.6,
				1,
				1,
				0.633,
				1,
				0.667,
				0.5,
				0.7,
				0.5,
				1,
				0.733,
				0.5,
				0.767,
				1,
				0.8,
				1,
				1,
				1.444,
				1,
				2.089,
				1,
				2.733,
				1,
				1,
				2.767,
				1,
				2.8,
				0.5,
				2.833,
				0.5,
				1,
				2.867,
				0.5,
				2.9,
				1,
				2.933,
				1,
				1,
				3.044,
				1,
				3.156,
				1,
				3.267,
				1,
				1,
				3.3,
				1,
				3.333,
				0.5,
				3.367,
				0.5,
				1,
				3.4,
				0.5,
				3.433,
				1,
				3.467,
				1,
				1,
				4.311,
				1,
				5.156,
				1,
				6,
				1,
				1,
				6.2,
				1,
				6.4,
				1,
				6.6,
				1,
				1,
				6.633,
				1,
				6.667,
				0.5,
				6.7,
				0.5,
				1,
				6.733,
				0.5,
				6.767,
				1,
				6.8,
				1,
				1,
				7.444,
				1,
				8.089,
				1,
				8.733,
				1,
				1,
				8.767,
				1,
				8.8,
				0.5,
				8.833,
				0.5,
				1,
				8.867,
				0.5,
				8.9,
				1,
				8.933,
				1,
				1,
				9.044,
				1,
				9.156,
				1,
				9.267,
				1,
				1,
				9.3,
				1,
				9.333,
				0.5,
				9.367,
				0.5,
				1,
				9.4,
				0.5,
				9.433,
				1,
				9.467,
				1,
				1,
				10.311,
				1,
				11.156,
				1,
				12,
				1
			]
		},
		{
			"Target": "Parameter",
			"Id": "ParamEff29",
			"Segments": [
				0,
				1,
				1,
				0.589,
				1,
				1.178,
				1,
				1.767,
				1,
				1,
				1.8,
				1,
				1.833,
				0.6,
				1.867,
				0.6,
				1,
				1.9,
				0.6,
				1.933,
				1,
				1.967,
				1,
				1,
				2.567,
				1,
				3.167,
				1,
				3.767,
				1,
				1,
				3.8,
				1,
				3.833,
				0.6,
				3.867,
				0.6,
				1,
				3.9,
				0.6,
				3.933,
				1,
				3.967,
				1,
				1,
				4.2,
				1,
				4.433,
				1,
				4.667,
				1,
				1,
				4.7,
				1,
				4.733,
				0.6,
				4.767,
				0.6,
				1,
				4.8,
				0.6,
				4.833,
				1,
				4.867,
				1,
				1,
				5.244,
				1,
				5.622,
				1,
				6,
				1,
				1,
				6.589,
				1,
				7.178,
				1,
				7.767,
				1,
				1,
				7.8,
				1,
				7.833,
				0.6,
				7.867,
				0.6,
				1,
				7.9,
				0.6,
				7.933,
				1,
				7.967,
				1,
				1,
				8.567,
				1,
				9.167,
				1,
				9.767,
				1,
				1,
				9.8,
				1,
				9.833,
				0.6,
				9.867,
				0.6,
				1,
				9.9,
				0.6,
				9.933,
				1,
				9.967,
				1,
				1,
				10.2,
				1,
				10.433,
				1,
				10.667,
				1,
				1,
				10.7,
				1,
				10.733,
				0.6,
				10.767,
				0.6,
				1,
				10.8,
				0.6,
				10.833,
				1,
				10.867,
				1,
				1,
				11.244,
				1,
				11.622,
				1,
				12,
				1
			]
		},
		{
			"Target": "Parameter",
			"Id": "ParamEff30",
			"Segments": [
				0,
				1,
				1,
				0.078,
				1,
				0.156,
				1,
				0.233,
				1,
				1,
				0.267,
				1,
				0.3,
				0.5,
				0.333,
				0.5,
				1,
				0.367,
				0.5,
				0.4,
				1,
				0.433,
				1,
				1,
				0.589,
				1,
				0.744,
				1,
				0.9,
				1,
				1,
				0.933,
				1,
				0.967,
				0.5,
				1,
				0.5,
				1,
				1.033,
				0.5,
				1.067,
				1,
				1.1,
				1,
				1,
				1.7,
				1,
				2.3,
				1,
				2.9,
				1,
				1,
				2.933,
				1,
				2.967,
				0.5,
				3,
				0.5,
				1,
				3.033,
				0.5,
				3.067,
				1,
				3.1,
				1,
				1,
				3.556,
				1,
				4.011,
				0.9,
				4.467,
				0.9,
				1,
				4.978,
				0.9,
				5.489,
				1,
				6,
				1,
				1,
				6.078,
				1,
				6.156,
				1,
				6.233,
				1,
				1,
				6.267,
				1,
				6.3,
				0.5,
				6.333,
				0.5,
				1,
				6.367,
				0.5,
				6.4,
				1,
				6.433,
				1,
				1,
				6.589,
				1,
				6.744,
				1,
				6.9,
				1,
				1,
				6.933,
				1,
				6.967,
				0.5,
				7,
				0.5,
				1,
				7.033,
				0.5,
				7.067,
				1,
				7.1,
				1,
				1,
				7.7,
				1,
				8.3,
				1,
				8.9,
				1,
				1,
				8.933,
				1,
				8.967,
				0.5,
				9,
				0.5,
				1,
				9.033,
				0.5,
				9.067,
				1,
				9.1,
				1,
				1,
				9.556,
				1,
				10.011,
				0.9,
				10.467,
				0.9,
				1,
				10.978,
				0.9,
				11.489,
				1,
				12,
				1
			]
		},
		{
			"Target": "Parameter",
			"Id": "ParamEff31",
			"Segments": [
				0,
				1,
				1,
				0.556,
				1,
				1.111,
				1,
				1.667,
				1,
				1,
				1.7,
				1,
				1.733,
				0.6,
				1.767,
				0.6,
				1,
				1.8,
				0.6,
				1.833,
				1,
				1.867,
				1,
				1,
				2.378,
				1,
				2.889,
				0.9,
				3.4,
				0.9,
				1,
				3.878,
				0.9,
				4.356,
				1,
				4.833,
				1,
				1,
				4.867,
				1,
				4.9,
				0.6,
				4.933,
				0.6,
				1,
				4.967,
				0.6,
				5,
				1,
				5.033,
				1,
				1,
				5.189,
				1,
				5.344,
				1,
				5.5,
				1,
				1,
				5.533,
				1,
				5.567,
				0.6,
				5.6,
				0.6,
				1,
				5.633,
				0.6,
				5.667,
				1,
				5.7,
				1,
				1,
				5.8,
				1,
				5.9,
				1,
				6,
				1,
				1,
				6.556,
				1,
				7.111,
				1,
				7.667,
				1,
				1,
				7.7,
				1,
				7.733,
				0.6,
				7.767,
				0.6,
				1,
				7.8,
				0.6,
				7.833,
				1,
				7.867,
				1,
				1,
				8.378,
				1,
				8.889,
				0.9,
				9.4,
				0.9,
				1,
				9.878,
				0.9,
				10.356,
				1,
				10.833,
				1,
				1,
				10.867,
				1,
				10.9,
				0.6,
				10.933,
				0.6,
				1,
				10.967,
				0.6,
				11,
				1,
				11.033,
				1,
				1,
				11.189,
				1,
				11.344,
				1,
				11.5,
				1,
				1,
				11.533,
				1,
				11.567,
				0.6,
				11.6,
				0.6,
				1,
				11.633,
				0.6,
				11.667,
				1,
				11.7,
				1,
				0,
				12,
				1
			]
		},
		{
			"Target": "Parameter",
			"Id": "ParamEff32",
			"Segments": [
				0,
				1,
				1,
				0.456,
				1,
				0.911,
				1,
				1.367,
				1,
				1,
				1.4,
				1,
				1.433,
				0.5,
				1.467,
				0.5,
				1,
				1.5,
				0.5,
				1.533,
				1,
				1.567,
				1,
				1,
				1.689,
				1,
				1.811,
				1,
				1.933,
				1,
				1,
				1.967,
				1,
				2,
				0.5,
				2.033,
				0.5,
				1,
				2.067,
				0.5,
				2.1,
				1,
				2.133,
				1,
				1,
				2.711,
				1,
				3.289,
				0.9,
				3.867,
				0.9,
				1,
				4.378,
				0.9,
				4.889,
				1,
				5.4,
				1,
				1,
				5.433,
				1,
				5.467,
				0.5,
				5.5,
				0.5,
				1,
				5.533,
				0.5,
				5.567,
				1,
				5.6,
				1,
				1,
				5.733,
				1,
				5.867,
				1,
				6,
				1,
				1,
				6.456,
				1,
				6.911,
				1,
				7.367,
				1,
				1,
				7.4,
				1,
				7.433,
				0.5,
				7.467,
				0.5,
				1,
				7.5,
				0.5,
				7.533,
				1,
				7.567,
				1,
				1,
				7.689,
				1,
				7.811,
				1,
				7.933,
				1,
				1,
				7.967,
				1,
				8,
				0.5,
				8.033,
				0.5,
				1,
				8.067,
				0.5,
				8.1,
				1,
				8.133,
				1,
				1,
				8.711,
				1,
				9.289,
				0.9,
				9.867,
				0.9,
				1,
				10.378,
				0.9,
				10.889,
				1,
				11.4,
				1,
				1,
				11.433,
				1,
				11.467,
				0.5,
				11.5,
				0.5,
				1,
				11.533,
				0.5,
				11.567,
				1,
				11.6,
				1,
				1,
				11.733,
				1,
				11.867,
				1,
				12,
				1
			]
		},
		{
			"Target": "Parameter",
			"Id": "ParamEff33",
			"Segments": [
				0,
				1,
				1,
				0.222,
				1,
				0.444,
				1,
				0.667,
				1,
				1,
				0.7,
				1,
				0.733,
				0.5,
				0.767,
				0.5,
				1,
				0.8,
				0.5,
				0.833,
				1,
				0.867,
				1,
				1,
				1.367,
				1,
				1.867,
				1,
				2.367,
				1,
				1,
				2.4,
				1,
				2.433,
				0.5,
				2.467,
				0.5,
				1,
				2.5,
				0.5,
				2.533,
				1,
				2.567,
				1,
				1,
				3.111,
				1,
				3.656,
				1,
				4.2,
				1,
				1,
				4.233,
				1,
				4.267,
				0.5,
				4.3,
				0.5,
				1,
				4.333,
				0.5,
				4.367,
				1,
				4.4,
				1,
				1,
				4.933,
				1,
				5.467,
				1,
				6,
				1,
				1,
				6.222,
				1,
				6.444,
				1,
				6.667,
				1,
				1,
				6.7,
				1,
				6.733,
				0.5,
				6.767,
				0.5,
				1,
				6.8,
				0.5,
				6.833,
				1,
				6.867,
				1,
				1,
				7.367,
				1,
				7.867,
				1,
				8.367,
				1,
				1,
				8.4,
				1,
				8.433,
				0.5,
				8.467,
				0.5,
				1,
				8.5,
				0.5,
				8.533,
				1,
				8.567,
				1,
				1,
				9.111,
				1,
				9.656,
				1,
				10.2,
				1,
				1,
				10.233,
				1,
				10.267,
				0.5,
				10.3,
				0.5,
				1,
				10.333,
				0.5,
				10.367,
				1,
				10.4,
				1,
				1,
				10.933,
				1,
				11.467,
				1,
				12,
				1
			]
		},
		{
			"Target": "Parameter",
			"Id": "ParamEyeRL",
			"Segments": [
				0,
				0,
				1,
				0.033,
				0,
				0.067,
				6,
				0.1,
				6,
				1,
				0.122,
				6,
				0.144,
				6,
				0.167,
				6,
				1,
				0.222,
				6,
				0.278,
				-6,
				0.333,
				-6,
				1,
				0.356,
				-6,
				0.378,
				10.768,
				0.4,
				13,
				1,
				0.422,
				15.232,
				0.444,
				15,
				0.467,
				15,
				1,
				0.489,
				15,
				0.511,
				-9,
				0.533,
				-9,
				1,
				0.567,
				-9,
				0.6,
				-7.568,
				0.633,
				-4,
				1,
				0.656,
				-1.621,
				0.678,
				3.453,
				0.7,
				4,
				1,
				0.722,
				4.547,
				0.744,
				4.489,
				0.767,
				5,
				1,
				0.789,
				5.511,
				0.811,
				7,
				0.833,
				7,
				1,
				0.867,
				7,
				0.9,
				-11,
				0.933,
				-11,
				1,
				0.956,
				-11,
				0.978,
				7,
				1,
				7,
				1,
				1.022,
				7,
				1.044,
				-6,
				1.067,
				-6,
				1,
				1.078,
				-6,
				1.089,
				6,
				1.1,
				6,
				1,
				1.133,
				6,
				1.167,
				5.932,
				1.2,
				4,
				1,
				1.222,
				2.712,
				1.244,
				-9,
				1.267,
				-9,
				1,
				1.311,
				-9,
				1.356,
				0,
				1.4,
				0,
				1,
				1.411,
				0,
				1.422,
				-2,
				1.433,
				-2,
				1,
				1.456,
				-2,
				1.478,
				6,
				1.5,
				6,
				1,
				1.522,
				6,
				1.544,
				6,
				1.567,
				6,
				1,
				1.589,
				6,
				1.611,
				-4,
				1.633,
				-4,
				1,
				1.689,
				-4,
				1.744,
				6.579,
				1.8,
				13,
				1,
				1.822,
				15.568,
				1.844,
				15,
				1.867,
				15,
				1,
				1.889,
				15,
				1.911,
				-9,
				1.933,
				-9,
				1,
				1.956,
				-9,
				1.978,
				8,
				2,
				8,
				1,
				2.033,
				8,
				2.067,
				4,
				2.1,
				4,
				1,
				2.122,
				4,
				2.144,
				4.126,
				2.167,
				5,
				1,
				2.189,
				5.874,
				2.211,
				7,
				2.233,
				7,
				1,
				2.267,
				7,
				2.3,
				-11,
				2.333,
				-11,
				1,
				2.356,
				-11,
				2.378,
				7,
				2.4,
				7,
				1,
				2.422,
				7,
				2.444,
				-6,
				2.467,
				-6,
				1,
				2.5,
				-6,
				2.533,
				-5.548,
				2.567,
				-2,
				1,
				2.589,
				0.365,
				2.611,
				6,
				2.633,
				6,
				1,
				2.656,
				6,
				2.678,
				6,
				2.7,
				6,
				1,
				2.722,
				6,
				2.744,
				-2.728,
				2.767,
				-4,
				1,
				2.8,
				-5.909,
				2.833,
				-6,
				2.867,
				-6,
				1,
				2.911,
				-6,
				2.956,
				15,
				3,
				15,
				1,
				3.022,
				15,
				3.044,
				-9,
				3.067,
				-9,
				1,
				3.089,
				-9,
				3.111,
				8,
				3.133,
				8,
				1,
				3.144,
				8,
				3.156,
				-4,
				3.167,
				-4,
				1,
				3.189,
				-4,
				3.211,
				2.919,
				3.233,
				4,
				1,
				3.256,
				5.081,
				3.278,
				5,
				3.3,
				5,
				1,
				3.356,
				5,
				3.411,
				-11,
				3.467,
				-11,
				1,
				3.489,
				-11,
				3.511,
				7,
				3.533,
				7,
				1,
				3.556,
				7,
				3.578,
				-6,
				3.6,
				-6,
				1,
				3.611,
				-6,
				3.622,
				6,
				3.633,
				6,
				1,
				3.667,
				6,
				3.7,
				4,
				3.733,
				4,
				1,
				3.767,
				4,
				3.8,
				8,
				3.833,
				8,
				1,
				3.867,
				8,
				3.9,
				-4,
				3.933,
				-4,
				1,
				3.978,
				-4,
				4.022,
				7.873,
				4.067,
				13,
				1,
				4.089,
				15.563,
				4.111,
				15,
				4.133,
				15,
				1,
				4.156,
				15,
				4.178,
				-9,
				4.2,
				-9,
				1,
				4.222,
				-9,
				4.244,
				8,
				4.267,
				8,
				1,
				4.3,
				8,
				4.333,
				4,
				4.367,
				4,
				1,
				4.389,
				4,
				4.411,
				4.126,
				4.433,
				5,
				1,
				4.456,
				5.874,
				4.478,
				7,
				4.5,
				7,
				1,
				4.533,
				7,
				4.567,
				-11,
				4.6,
				-11,
				1,
				4.622,
				-11,
				4.644,
				7,
				4.667,
				7,
				1,
				4.689,
				7,
				4.711,
				-6,
				4.733,
				-6,
				1,
				4.767,
				-6,
				4.8,
				-5.548,
				4.833,
				-2,
				1,
				4.856,
				0.365,
				4.878,
				6,
				4.9,
				6,
				1,
				4.922,
				6,
				4.944,
				6,
				4.967,
				6,
				1,
				4.989,
				6,
				5.011,
				-2.728,
				5.033,
				-4,
				1,
				5.067,
				-5.909,
				5.1,
				-6,
				5.133,
				-6,
				1,
				5.178,
				-6,
				5.222,
				15,
				5.267,
				15,
				1,
				5.289,
				15,
				5.311,
				-9,
				5.333,
				-9,
				1,
				5.356,
				-9,
				5.378,
				8,
				5.4,
				8,
				1,
				5.411,
				8,
				5.422,
				-4,
				5.433,
				-4,
				1,
				5.456,
				-4,
				5.478,
				2.919,
				5.5,
				4,
				1,
				5.522,
				5.081,
				5.544,
				5,
				5.567,
				5,
				1,
				5.622,
				5,
				5.678,
				-11,
				5.733,
				-11,
				1,
				5.756,
				-11,
				5.778,
				7,
				5.8,
				7,
				1,
				5.822,
				7,
				5.844,
				-6,
				5.867,
				-6,
				1,
				5.878,
				-6,
				5.889,
				6,
				5.9,
				6,
				1,
				5.933,
				6,
				5.967,
				0,
				6,
				0,
				1,
				6.033,
				0,
				6.067,
				6,
				6.1,
				6,
				1,
				6.122,
				6,
				6.144,
				6,
				6.167,
				6,
				1,
				6.222,
				6,
				6.278,
				-6,
				6.333,
				-6,
				1,
				6.356,
				-6,
				6.378,
				10.768,
				6.4,
				13,
				1,
				6.422,
				15.232,
				6.444,
				15,
				6.467,
				15,
				1,
				6.489,
				15,
				6.511,
				-9,
				6.533,
				-9,
				1,
				6.567,
				-9,
				6.6,
				-7.568,
				6.633,
				-4,
				1,
				6.656,
				-1.621,
				6.678,
				3.453,
				6.7,
				4,
				1,
				6.722,
				4.547,
				6.744,
				4.489,
				6.767,
				5,
				1,
				6.789,
				5.511,
				6.811,
				7,
				6.833,
				7,
				1,
				6.867,
				7,
				6.9,
				-11,
				6.933,
				-11,
				1,
				6.956,
				-11,
				6.978,
				7,
				7,
				7,
				1,
				7.022,
				7,
				7.044,
				-6,
				7.067,
				-6,
				1,
				7.078,
				-6,
				7.089,
				6,
				7.1,
				6,
				1,
				7.133,
				6,
				7.167,
				5.932,
				7.2,
				4,
				1,
				7.222,
				2.712,
				7.244,
				-9,
				7.267,
				-9,
				1,
				7.311,
				-9,
				7.356,
				0,
				7.4,
				0,
				1,
				7.411,
				0,
				7.422,
				-2,
				7.433,
				-2,
				1,
				7.456,
				-2,
				7.478,
				6,
				7.5,
				6,
				1,
				7.522,
				6,
				7.544,
				6,
				7.567,
				6,
				1,
				7.589,
				6,
				7.611,
				-4,
				7.633,
				-4,
				1,
				7.689,
				-4,
				7.744,
				6.579,
				7.8,
				13,
				1,
				7.822,
				15.568,
				7.844,
				15,
				7.867,
				15,
				1,
				7.889,
				15,
				7.911,
				-9,
				7.933,
				-9,
				1,
				7.956,
				-9,
				7.978,
				8,
				8,
				8,
				1,
				8.033,
				8,
				8.067,
				4,
				8.1,
				4,
				1,
				8.122,
				4,
				8.144,
				4.126,
				8.167,
				5,
				1,
				8.189,
				5.874,
				8.211,
				7,
				8.233,
				7,
				1,
				8.267,
				7,
				8.3,
				-11,
				8.333,
				-11,
				1,
				8.356,
				-11,
				8.378,
				7,
				8.4,
				7,
				1,
				8.422,
				7,
				8.444,
				-6,
				8.467,
				-6,
				1,
				8.5,
				-6,
				8.533,
				-5.548,
				8.567,
				-2,
				1,
				8.589,
				0.365,
				8.611,
				6,
				8.633,
				6,
				1,
				8.656,
				6,
				8.678,
				6,
				8.7,
				6,
				1,
				8.722,
				6,
				8.744,
				-2.728,
				8.767,
				-4,
				1,
				8.8,
				-5.909,
				8.833,
				-6,
				8.867,
				-6,
				1,
				8.911,
				-6,
				8.956,
				15,
				9,
				15,
				1,
				9.022,
				15,
				9.044,
				-9,
				9.067,
				-9,
				1,
				9.089,
				-9,
				9.111,
				8,
				9.133,
				8,
				1,
				9.144,
				8,
				9.156,
				-4,
				9.167,
				-4,
				1,
				9.189,
				-4,
				9.211,
				2.919,
				9.233,
				4,
				1,
				9.256,
				5.081,
				9.278,
				5,
				9.3,
				5,
				1,
				9.356,
				5,
				9.411,
				-11,
				9.467,
				-11,
				1,
				9.489,
				-11,
				9.511,
				7,
				9.533,
				7,
				1,
				9.556,
				7,
				9.578,
				-6,
				9.6,
				-6,
				1,
				9.611,
				-6,
				9.622,
				6,
				9.633,
				6,
				1,
				9.667,
				6,
				9.7,
				4,
				9.733,
				4,
				1,
				9.767,
				4,
				9.8,
				8,
				9.833,
				8,
				1,
				9.867,
				8,
				9.9,
				-4,
				9.933,
				-4,
				1,
				9.978,
				-4,
				10.022,
				7.873,
				10.067,
				13,
				1,
				10.089,
				15.563,
				10.111,
				15,
				10.133,
				15,
				1,
				10.156,
				15,
				10.178,
				-9,
				10.2,
				-9,
				1,
				10.222,
				-9,
				10.244,
				8,
				10.267,
				8,
				1,
				10.3,
				8,
				10.333,
				4,
				10.367,
				4,
				1,
				10.389,
				4,
				10.411,
				4.126,
				10.433,
				5,
				1,
				10.456,
				5.874,
				10.478,
				7,
				10.5,
				7,
				1,
				10.533,
				7,
				10.567,
				-11,
				10.6,
				-11,
				1,
				10.622,
				-11,
				10.644,
				7,
				10.667,
				7,
				1,
				10.689,
				7,
				10.711,
				-6,
				10.733,
				-6,
				1,
				10.767,
				-6,
				10.8,
				-5.548,
				10.833,
				-2,
				1,
				10.856,
				0.365,
				10.878,
				6,
				10.9,
				6,
				1,
				10.922,
				6,
				10.944,
				6,
				10.967,
				6,
				1,
				10.989,
				6,
				11.011,
				-2.728,
				11.033,
				-4,
				1,
				11.067,
				-5.909,
				11.1,
				-6,
				11.133,
				-6,
				1,
				11.178,
				-6,
				11.222,
				15,
				11.267,
				15,
				1,
				11.289,
				15,
				11.311,
				-9,
				11.333,
				-9,
				1,
				11.356,
				-9,
				11.378,
				8,
				11.4,
				8,
				1,
				11.411,
				8,
				11.422,
				-4,
				11.433,
				-4,
				1,
				11.456,
				-4,
				11.478,
				2.919,
				11.5,
				4,
				1,
				11.522,
				5.081,
				11.544,
				5,
				11.567,
				5,
				1,
				11.622,
				5,
				11.678,
				-11,
				11.733,
				-11,
				1,
				11.756,
				-11,
				11.778,
				7,
				11.8,
				7,
				1,
				11.822,
				7,
				11.844,
				-6,
				11.867,
				-6,
				1,
				11.878,
				-6,
				11.889,
				6,
				11.9,
				6,
				1,
				11.933,
				6,
				11.967,
				4,
				12,
				4
			]
		},
		{
			"Target": "Parameter",
			"Id": "ParamEyeUD",
			"Segments": [
				0,
				0,
				1,
				0.033,
				0,
				0.067,
				4,
				0.1,
				4,
				1,
				0.122,
				4,
				0.144,
				-14.649,
				0.167,
				-15,
				1,
				0.222,
				-15.877,
				0.278,
				-16,
				0.333,
				-16,
				1,
				0.356,
				-16,
				0.378,
				-16.239,
				0.4,
				-14,
				1,
				0.422,
				-11.761,
				0.444,
				6,
				0.467,
				6,
				1,
				0.489,
				6,
				0.511,
				2,
				0.533,
				2,
				1,
				0.567,
				2,
				0.6,
				10,
				0.633,
				10,
				1,
				0.656,
				10,
				0.678,
				-2,
				0.7,
				-2,
				1,
				0.722,
				-2,
				0.744,
				-1.933,
				0.767,
				0,
				1,
				0.789,
				1.933,
				0.811,
				6,
				0.833,
				6,
				1,
				0.867,
				6,
				0.9,
				6,
				0.933,
				6,
				1,
				0.956,
				6,
				0.978,
				10,
				1,
				10,
				1,
				1.022,
				10,
				1.044,
				-10,
				1.067,
				-10,
				1,
				1.078,
				-10,
				1.089,
				5,
				1.1,
				5,
				1,
				1.133,
				5,
				1.167,
				-11,
				1.2,
				-11,
				1,
				1.222,
				-11,
				1.244,
				2,
				1.267,
				2,
				1,
				1.311,
				2,
				1.356,
				1.576,
				1.4,
				0,
				1,
				1.411,
				-0.394,
				1.422,
				-8,
				1.433,
				-8,
				1,
				1.456,
				-8,
				1.478,
				4,
				1.5,
				4,
				1,
				1.522,
				4,
				1.544,
				-15,
				1.567,
				-15,
				1,
				1.589,
				-15,
				1.611,
				6,
				1.633,
				6,
				1,
				1.689,
				6,
				1.744,
				-14,
				1.8,
				-14,
				1,
				1.822,
				-14,
				1.844,
				6,
				1.867,
				6,
				1,
				1.889,
				6,
				1.911,
				4.667,
				1.933,
				2,
				1,
				1.956,
				-0.667,
				1.978,
				-2,
				2,
				-2,
				1,
				2.033,
				-2,
				2.067,
				-2,
				2.1,
				-2,
				1,
				2.122,
				-2,
				2.144,
				-1.933,
				2.167,
				0,
				1,
				2.189,
				1.933,
				2.211,
				6,
				2.233,
				6,
				1,
				2.267,
				6,
				2.3,
				6,
				2.333,
				6,
				1,
				2.356,
				6,
				2.378,
				10,
				2.4,
				10,
				1,
				2.422,
				10,
				2.444,
				-10,
				2.467,
				-10,
				1,
				2.5,
				-10,
				2.533,
				-9.926,
				2.567,
				-8,
				1,
				2.589,
				-6.716,
				2.611,
				4,
				2.633,
				4,
				1,
				2.656,
				4,
				2.678,
				-15,
				2.7,
				-15,
				1,
				2.722,
				-15,
				2.744,
				6,
				2.767,
				6,
				1,
				2.8,
				6,
				2.833,
				-16,
				2.867,
				-16,
				1,
				2.911,
				-16,
				2.956,
				6,
				3,
				6,
				1,
				3.022,
				6,
				3.044,
				4.667,
				3.067,
				2,
				1,
				3.089,
				-0.667,
				3.111,
				-2,
				3.133,
				-2,
				1,
				3.144,
				-2,
				3.156,
				10,
				3.167,
				10,
				1,
				3.189,
				10,
				3.211,
				-2,
				3.233,
				-2,
				1,
				3.256,
				-2,
				3.278,
				-0.897,
				3.3,
				0,
				1,
				3.356,
				2.242,
				3.411,
				3.568,
				3.467,
				6,
				1,
				3.489,
				6.973,
				3.511,
				10,
				3.533,
				10,
				1,
				3.556,
				10,
				3.578,
				-10,
				3.6,
				-10,
				1,
				3.611,
				-10,
				3.622,
				5,
				3.633,
				5,
				1,
				3.667,
				5,
				3.7,
				-11,
				3.733,
				-11,
				1,
				3.767,
				-11,
				3.8,
				-11.218,
				3.833,
				-8,
				1,
				3.867,
				-4.782,
				3.9,
				10,
				3.933,
				10,
				1,
				3.978,
				10,
				4.022,
				-14,
				4.067,
				-14,
				1,
				4.089,
				-14,
				4.111,
				6,
				4.133,
				6,
				1,
				4.156,
				6,
				4.178,
				4.667,
				4.2,
				2,
				1,
				4.222,
				-0.667,
				4.244,
				-2,
				4.267,
				-2,
				1,
				4.3,
				-2,
				4.333,
				-2,
				4.367,
				-2,
				1,
				4.389,
				-2,
				4.411,
				-1.933,
				4.433,
				0,
				1,
				4.456,
				1.933,
				4.478,
				6,
				4.5,
				6,
				1,
				4.533,
				6,
				4.567,
				6,
				4.6,
				6,
				1,
				4.622,
				6,
				4.644,
				10,
				4.667,
				10,
				1,
				4.689,
				10,
				4.711,
				-10,
				4.733,
				-10,
				1,
				4.767,
				-10,
				4.8,
				-9.926,
				4.833,
				-8,
				1,
				4.856,
				-6.716,
				4.878,
				4,
				4.9,
				4,
				1,
				4.922,
				4,
				4.944,
				-15,
				4.967,
				-15,
				1,
				4.989,
				-15,
				5.011,
				6,
				5.033,
				6,
				1,
				5.067,
				6,
				5.1,
				-16,
				5.133,
				-16,
				1,
				5.178,
				-16,
				5.222,
				6,
				5.267,
				6,
				1,
				5.289,
				6,
				5.311,
				4.667,
				5.333,
				2,
				1,
				5.356,
				-0.667,
				5.378,
				-2,
				5.4,
				-2,
				1,
				5.411,
				-2,
				5.422,
				10,
				5.433,
				10,
				1,
				5.456,
				10,
				5.478,
				-2,
				5.5,
				-2,
				1,
				5.522,
				-2,
				5.544,
				-0.897,
				5.567,
				0,
				1,
				5.622,
				2.242,
				5.678,
				3.568,
				5.733,
				6,
				1,
				5.756,
				6.973,
				5.778,
				10,
				5.8,
				10,
				1,
				5.822,
				10,
				5.844,
				-10,
				5.867,
				-10,
				1,
				5.878,
				-10,
				5.889,
				5,
				5.9,
				5,
				1,
				5.933,
				5,
				5.967,
				0,
				6,
				0,
				1,
				6.033,
				0,
				6.067,
				4,
				6.1,
				4,
				1,
				6.122,
				4,
				6.144,
				-14.649,
				6.167,
				-15,
				1,
				6.222,
				-15.877,
				6.278,
				-16,
				6.333,
				-16,
				1,
				6.356,
				-16,
				6.378,
				-16.239,
				6.4,
				-14,
				1,
				6.422,
				-11.761,
				6.444,
				6,
				6.467,
				6,
				1,
				6.489,
				6,
				6.511,
				2,
				6.533,
				2,
				1,
				6.567,
				2,
				6.6,
				10,
				6.633,
				10,
				1,
				6.656,
				10,
				6.678,
				-2,
				6.7,
				-2,
				1,
				6.722,
				-2,
				6.744,
				-1.933,
				6.767,
				0,
				1,
				6.789,
				1.933,
				6.811,
				6,
				6.833,
				6,
				1,
				6.867,
				6,
				6.9,
				6,
				6.933,
				6,
				1,
				6.956,
				6,
				6.978,
				10,
				7,
				10,
				1,
				7.022,
				10,
				7.044,
				-10,
				7.067,
				-10,
				1,
				7.078,
				-10,
				7.089,
				5,
				7.1,
				5,
				1,
				7.133,
				5,
				7.167,
				-11,
				7.2,
				-11,
				1,
				7.222,
				-11,
				7.244,
				2,
				7.267,
				2,
				1,
				7.311,
				2,
				7.356,
				1.576,
				7.4,
				0,
				1,
				7.411,
				-0.394,
				7.422,
				-8,
				7.433,
				-8,
				1,
				7.456,
				-8,
				7.478,
				4,
				7.5,
				4,
				1,
				7.522,
				4,
				7.544,
				-15,
				7.567,
				-15,
				1,
				7.589,
				-15,
				7.611,
				6,
				7.633,
				6,
				1,
				7.689,
				6,
				7.744,
				-14,
				7.8,
				-14,
				1,
				7.822,
				-14,
				7.844,
				6,
				7.867,
				6,
				1,
				7.889,
				6,
				7.911,
				4.667,
				7.933,
				2,
				1,
				7.956,
				-0.667,
				7.978,
				-2,
				8,
				-2,
				1,
				8.033,
				-2,
				8.067,
				-2,
				8.1,
				-2,
				1,
				8.122,
				-2,
				8.144,
				-1.933,
				8.167,
				0,
				1,
				8.189,
				1.933,
				8.211,
				6,
				8.233,
				6,
				1,
				8.267,
				6,
				8.3,
				6,
				8.333,
				6,
				1,
				8.356,
				6,
				8.378,
				10,
				8.4,
				10,
				1,
				8.422,
				10,
				8.444,
				-10,
				8.467,
				-10,
				1,
				8.5,
				-10,
				8.533,
				-9.926,
				8.567,
				-8,
				1,
				8.589,
				-6.716,
				8.611,
				4,
				8.633,
				4,
				1,
				8.656,
				4,
				8.678,
				-15,
				8.7,
				-15,
				1,
				8.722,
				-15,
				8.744,
				6,
				8.767,
				6,
				1,
				8.8,
				6,
				8.833,
				-16,
				8.867,
				-16,
				1,
				8.911,
				-16,
				8.956,
				6,
				9,
				6,
				1,
				9.022,
				6,
				9.044,
				4.667,
				9.067,
				2,
				1,
				9.089,
				-0.667,
				9.111,
				-2,
				9.133,
				-2,
				1,
				9.144,
				-2,
				9.156,
				10,
				9.167,
				10,
				1,
				9.189,
				10,
				9.211,
				-2,
				9.233,
				-2,
				1,
				9.256,
				-2,
				9.278,
				-0.897,
				9.3,
				0,
				1,
				9.356,
				2.242,
				9.411,
				3.568,
				9.467,
				6,
				1,
				9.489,
				6.973,
				9.511,
				10,
				9.533,
				10,
				1,
				9.556,
				10,
				9.578,
				-10,
				9.6,
				-10,
				1,
				9.611,
				-10,
				9.622,
				5,
				9.633,
				5,
				1,
				9.667,
				5,
				9.7,
				-11,
				9.733,
				-11,
				1,
				9.767,
				-11,
				9.8,
				-11.218,
				9.833,
				-8,
				1,
				9.867,
				-4.782,
				9.9,
				10,
				9.933,
				10,
				1,
				9.978,
				10,
				10.022,
				-14,
				10.067,
				-14,
				1,
				10.089,
				-14,
				10.111,
				6,
				10.133,
				6,
				1,
				10.156,
				6,
				10.178,
				4.667,
				10.2,
				2,
				1,
				10.222,
				-0.667,
				10.244,
				-2,
				10.267,
				-2,
				1,
				10.3,
				-2,
				10.333,
				-2,
				10.367,
				-2,
				1,
				10.389,
				-2,
				10.411,
				-1.933,
				10.433,
				0,
				1,
				10.456,
				1.933,
				10.478,
				6,
				10.5,
				6,
				1,
				10.533,
				6,
				10.567,
				6,
				10.6,
				6,
				1,
				10.622,
				6,
				10.644,
				10,
				10.667,
				10,
				1,
				10.689,
				10,
				10.711,
				-10,
				10.733,
				-10,
				1,
				10.767,
				-10,
				10.8,
				-9.926,
				10.833,
				-8,
				1,
				10.856,
				-6.716,
				10.878,
				4,
				10.9,
				4,
				1,
				10.922,
				4,
				10.944,
				-15,
				10.967,
				-15,
				1,
				10.989,
				-15,
				11.011,
				6,
				11.033,
				6,
				1,
				11.067,
				6,
				11.1,
				-16,
				11.133,
				-16,
				1,
				11.178,
				-16,
				11.222,
				6,
				11.267,
				6,
				1,
				11.289,
				6,
				11.311,
				4.667,
				11.333,
				2,
				1,
				11.356,
				-0.667,
				11.378,
				-2,
				11.4,
				-2,
				1,
				11.411,
				-2,
				11.422,
				10,
				11.433,
				10,
				1,
				11.456,
				10,
				11.478,
				-2,
				11.5,
				-2,
				1,
				11.522,
				-2,
				11.544,
				-0.897,
				11.567,
				0,
				1,
				11.622,
				2.242,
				11.678,
				3.568,
				11.733,
				6,
				1,
				11.756,
				6.973,
				11.778,
				10,
				11.8,
				10,
				1,
				11.822,
				10,
				11.844,
				-10,
				11.867,
				-10,
				1,
				11.878,
				-10,
				11.889,
				5,
				11.9,
				5,
				1,
				11.933,
				5,
				11.967,
				-11,
				12,
				-11
			]
		},
		{
			"Target": "Parameter",
			"Id": "ParamEyeBS",
			"Segments": [
				0,
				0,
				1,
				0.033,
				0,
				0.067,
				7,
				0.1,
				7,
				1,
				0.122,
				7,
				0.144,
				-19,
				0.167,
				-19,
				1,
				0.211,
				-19,
				0.256,
				18,
				0.3,
				18,
				1,
				0.322,
				18,
				0.344,
				-14,
				0.367,
				-14,
				1,
				0.389,
				-14,
				0.411,
				-8,
				0.433,
				4,
				1,
				0.456,
				16,
				0.478,
				22,
				0.5,
				22,
				1,
				0.556,
				22,
				0.611,
				21.173,
				0.667,
				16,
				1,
				0.689,
				13.931,
				0.711,
				-8,
				0.733,
				-8,
				1,
				0.756,
				-8,
				0.778,
				-8.268,
				0.8,
				-6,
				1,
				0.822,
				-3.732,
				0.844,
				19,
				0.867,
				19,
				1,
				0.889,
				19,
				0.911,
				-19,
				0.933,
				-19,
				1,
				0.967,
				-19,
				1,
				12,
				1.033,
				12,
				1,
				1.089,
				12,
				1.144,
				12,
				1.2,
				12,
				1,
				1.222,
				12,
				1.244,
				-6,
				1.267,
				-6,
				1,
				1.289,
				-6,
				1.311,
				0,
				1.333,
				0,
				1,
				1.344,
				0,
				1.356,
				-21,
				1.367,
				-21,
				1,
				1.389,
				-21,
				1.411,
				7,
				1.433,
				7,
				1,
				1.456,
				7,
				1.478,
				-19,
				1.5,
				-19,
				1,
				1.522,
				-19,
				1.544,
				13.697,
				1.567,
				16,
				1,
				1.589,
				18.303,
				1.611,
				18,
				1.633,
				18,
				1,
				1.678,
				18,
				1.722,
				4,
				1.767,
				4,
				1,
				1.789,
				4,
				1.811,
				22,
				1.833,
				22,
				1,
				1.856,
				22,
				1.878,
				-18,
				1.9,
				-18,
				1,
				1.911,
				-18,
				1.922,
				-13.543,
				1.933,
				-6,
				1,
				1.956,
				9.085,
				1.978,
				16,
				2,
				16,
				1,
				2.022,
				16,
				2.044,
				-8,
				2.067,
				-8,
				1,
				2.089,
				-8,
				2.111,
				-8.268,
				2.133,
				-6,
				1,
				2.156,
				-3.732,
				2.178,
				19,
				2.2,
				19,
				1,
				2.222,
				19,
				2.244,
				-19,
				2.267,
				-19,
				1,
				2.3,
				-19,
				2.333,
				12,
				2.367,
				12,
				1,
				2.4,
				12,
				2.433,
				-0.285,
				2.467,
				-10,
				1,
				2.5,
				-19.715,
				2.533,
				-21,
				2.567,
				-21,
				1,
				2.589,
				-21,
				2.611,
				7,
				2.633,
				7,
				1,
				2.656,
				7,
				2.678,
				-19,
				2.7,
				-19,
				1,
				2.722,
				-19,
				2.744,
				13.697,
				2.767,
				16,
				1,
				2.789,
				18.303,
				2.811,
				18,
				2.833,
				18,
				1,
				2.856,
				18,
				2.878,
				-14,
				2.9,
				-14,
				1,
				2.922,
				-14,
				2.944,
				-8,
				2.967,
				4,
				1,
				2.989,
				16,
				3.011,
				22,
				3.033,
				22,
				1,
				3.056,
				22,
				3.078,
				-18,
				3.1,
				-18,
				1,
				3.111,
				-18,
				3.122,
				-13.543,
				3.133,
				-6,
				1,
				3.156,
				9.085,
				3.178,
				16,
				3.2,
				16,
				1,
				3.222,
				16,
				3.244,
				-8,
				3.267,
				-8,
				1,
				3.289,
				-8,
				3.311,
				-6,
				3.333,
				-6,
				1,
				3.378,
				-6,
				3.422,
				-19,
				3.467,
				-19,
				1,
				3.5,
				-19,
				3.533,
				12,
				3.567,
				12,
				1,
				3.6,
				12,
				3.633,
				-10,
				3.667,
				-10,
				1,
				3.689,
				-10,
				3.711,
				12,
				3.733,
				12,
				1,
				3.756,
				12,
				3.778,
				-6,
				3.8,
				-6,
				1,
				3.822,
				-6,
				3.844,
				11,
				3.867,
				11,
				1,
				3.922,
				11,
				3.978,
				4,
				4.033,
				4,
				1,
				4.056,
				4,
				4.078,
				22,
				4.1,
				22,
				1,
				4.122,
				22,
				4.144,
				-18,
				4.167,
				-18,
				1,
				4.178,
				-18,
				4.189,
				-13.543,
				4.2,
				-6,
				1,
				4.222,
				9.085,
				4.244,
				16,
				4.267,
				16,
				1,
				4.289,
				16,
				4.311,
				-8,
				4.333,
				-8,
				1,
				4.356,
				-8,
				4.378,
				-8.268,
				4.4,
				-6,
				1,
				4.422,
				-3.732,
				4.444,
				19,
				4.467,
				19,
				1,
				4.489,
				19,
				4.511,
				-19,
				4.533,
				-19,
				1,
				4.567,
				-19,
				4.6,
				12,
				4.633,
				12,
				1,
				4.667,
				12,
				4.7,
				-0.285,
				4.733,
				-10,
				1,
				4.767,
				-19.715,
				4.8,
				-21,
				4.833,
				-21,
				1,
				4.856,
				-21,
				4.878,
				7,
				4.9,
				7,
				1,
				4.922,
				7,
				4.944,
				-19,
				4.967,
				-19,
				1,
				4.989,
				-19,
				5.011,
				13.697,
				5.033,
				16,
				1,
				5.056,
				18.303,
				5.078,
				18,
				5.1,
				18,
				1,
				5.122,
				18,
				5.144,
				-14,
				5.167,
				-14,
				1,
				5.189,
				-14,
				5.211,
				-8,
				5.233,
				4,
				1,
				5.256,
				16,
				5.278,
				22,
				5.3,
				22,
				1,
				5.322,
				22,
				5.344,
				-18,
				5.367,
				-18,
				1,
				5.378,
				-18,
				5.389,
				-13.543,
				5.4,
				-6,
				1,
				5.422,
				9.085,
				5.444,
				16,
				5.467,
				16,
				1,
				5.489,
				16,
				5.511,
				-8,
				5.533,
				-8,
				1,
				5.556,
				-8,
				5.578,
				-6,
				5.6,
				-6,
				1,
				5.644,
				-6,
				5.689,
				-19,
				5.733,
				-19,
				1,
				5.767,
				-19,
				5.8,
				12,
				5.833,
				12,
				1,
				5.867,
				12,
				5.9,
				-10,
				5.933,
				-10,
				1,
				5.956,
				-10,
				5.978,
				-3.916,
				6,
				0,
				1,
				6.033,
				5.874,
				6.067,
				7,
				6.1,
				7,
				1,
				6.122,
				7,
				6.144,
				-19,
				6.167,
				-19,
				1,
				6.211,
				-19,
				6.256,
				18,
				6.3,
				18,
				1,
				6.322,
				18,
				6.344,
				-14,
				6.367,
				-14,
				1,
				6.389,
				-14,
				6.411,
				-8,
				6.433,
				4,
				1,
				6.456,
				16,
				6.478,
				22,
				6.5,
				22,
				1,
				6.556,
				22,
				6.611,
				21.173,
				6.667,
				16,
				1,
				6.689,
				13.931,
				6.711,
				-8,
				6.733,
				-8,
				1,
				6.756,
				-8,
				6.778,
				-8.268,
				6.8,
				-6,
				1,
				6.822,
				-3.732,
				6.844,
				19,
				6.867,
				19,
				1,
				6.889,
				19,
				6.911,
				-19,
				6.933,
				-19,
				1,
				6.967,
				-19,
				7,
				12,
				7.033,
				12,
				1,
				7.089,
				12,
				7.144,
				12,
				7.2,
				12,
				1,
				7.222,
				12,
				7.244,
				-6,
				7.267,
				-6,
				1,
				7.289,
				-6,
				7.311,
				0,
				7.333,
				0,
				1,
				7.344,
				0,
				7.356,
				-21,
				7.367,
				-21,
				1,
				7.389,
				-21,
				7.411,
				7,
				7.433,
				7,
				1,
				7.456,
				7,
				7.478,
				-19,
				7.5,
				-19,
				1,
				7.522,
				-19,
				7.544,
				13.697,
				7.567,
				16,
				1,
				7.589,
				18.303,
				7.611,
				18,
				7.633,
				18,
				1,
				7.678,
				18,
				7.722,
				4,
				7.767,
				4,
				1,
				7.789,
				4,
				7.811,
				22,
				7.833,
				22,
				1,
				7.856,
				22,
				7.878,
				-18,
				7.9,
				-18,
				1,
				7.911,
				-18,
				7.922,
				-13.543,
				7.933,
				-6,
				1,
				7.956,
				9.085,
				7.978,
				16,
				8,
				16,
				1,
				8.022,
				16,
				8.044,
				-8,
				8.067,
				-8,
				1,
				8.089,
				-8,
				8.111,
				-8.268,
				8.133,
				-6,
				1,
				8.156,
				-3.732,
				8.178,
				19,
				8.2,
				19,
				1,
				8.222,
				19,
				8.244,
				-19,
				8.267,
				-19,
				1,
				8.3,
				-19,
				8.333,
				12,
				8.367,
				12,
				1,
				8.4,
				12,
				8.433,
				-0.285,
				8.467,
				-10,
				1,
				8.5,
				-19.715,
				8.533,
				-21,
				8.567,
				-21,
				1,
				8.589,
				-21,
				8.611,
				7,
				8.633,
				7,
				1,
				8.656,
				7,
				8.678,
				-19,
				8.7,
				-19,
				1,
				8.722,
				-19,
				8.744,
				13.697,
				8.767,
				16,
				1,
				8.789,
				18.303,
				8.811,
				18,
				8.833,
				18,
				1,
				8.856,
				18,
				8.878,
				-14,
				8.9,
				-14,
				1,
				8.922,
				-14,
				8.944,
				-8,
				8.967,
				4,
				1,
				8.989,
				16,
				9.011,
				22,
				9.033,
				22,
				1,
				9.056,
				22,
				9.078,
				-18,
				9.1,
				-18,
				1,
				9.111,
				-18,
				9.122,
				-13.543,
				9.133,
				-6,
				1,
				9.156,
				9.085,
				9.178,
				16,
				9.2,
				16,
				1,
				9.222,
				16,
				9.244,
				-8,
				9.267,
				-8,
				1,
				9.289,
				-8,
				9.311,
				-6,
				9.333,
				-6,
				1,
				9.378,
				-6,
				9.422,
				-19,
				9.467,
				-19,
				1,
				9.5,
				-19,
				9.533,
				12,
				9.567,
				12,
				1,
				9.6,
				12,
				9.633,
				-10,
				9.667,
				-10,
				1,
				9.689,
				-10,
				9.711,
				12,
				9.733,
				12,
				1,
				9.756,
				12,
				9.778,
				-6,
				9.8,
				-6,
				1,
				9.822,
				-6,
				9.844,
				11,
				9.867,
				11,
				1,
				9.922,
				11,
				9.978,
				4,
				10.033,
				4,
				1,
				10.056,
				4,
				10.078,
				22,
				10.1,
				22,
				1,
				10.122,
				22,
				10.144,
				-18,
				10.167,
				-18,
				1,
				10.178,
				-18,
				10.189,
				-13.543,
				10.2,
				-6,
				1,
				10.222,
				9.085,
				10.244,
				16,
				10.267,
				16,
				1,
				10.289,
				16,
				10.311,
				-8,
				10.333,
				-8,
				1,
				10.356,
				-8,
				10.378,
				-8.268,
				10.4,
				-6,
				1,
				10.422,
				-3.732,
				10.444,
				19,
				10.467,
				19,
				1,
				10.489,
				19,
				10.511,
				-19,
				10.533,
				-19,
				1,
				10.567,
				-19,
				10.6,
				12,
				10.633,
				12,
				1,
				10.667,
				12,
				10.7,
				-0.285,
				10.733,
				-10,
				1,
				10.767,
				-19.715,
				10.8,
				-21,
				10.833,
				-21,
				1,
				10.856,
				-21,
				10.878,
				7,
				10.9,
				7,
				1,
				10.922,
				7,
				10.944,
				-19,
				10.967,
				-19,
				1,
				10.989,
				-19,
				11.011,
				13.697,
				11.033,
				16,
				1,
				11.056,
				18.303,
				11.078,
				18,
				11.1,
				18,
				1,
				11.122,
				18,
				11.144,
				-14,
				11.167,
				-14,
				1,
				11.189,
				-14,
				11.211,
				-8,
				11.233,
				4,
				1,
				11.256,
				16,
				11.278,
				22,
				11.3,
				22,
				1,
				11.322,
				22,
				11.344,
				-18,
				11.367,
				-18,
				1,
				11.378,
				-18,
				11.389,
				-13.543,
				11.4,
				-6,
				1,
				11.422,
				9.085,
				11.444,
				16,
				11.467,
				16,
				1,
				11.489,
				16,
				11.511,
				-8,
				11.533,
				-8,
				1,
				11.556,
				-8,
				11.578,
				-6,
				11.6,
				-6,
				1,
				11.644,
				-6,
				11.689,
				-19,
				11.733,
				-19,
				1,
				11.767,
				-19,
				11.8,
				12,
				11.833,
				12,
				1,
				11.867,
				12,
				11.9,
				-10,
				11.933,
				-10,
				1,
				11.956,
				-10,
				11.978,
				12,
				12,
				12
			]
		}
	]
}