{
	"Version": 3,
	"Meta": {
		"Duration": 2.733,
		"Fps": 30.0,
		"Loop": true,
		"AreBeziersRestricted": false,
		"CurveCount": 53,
		"TotalSegmentCount": 295,
		"TotalPointCount": 806,
		"UserDataCount": 0,
		"TotalUserDataSize": 0
	},
	"Curves": [
		{
			"Target": "Parameter",
			"Id": "ParamPaiRX",
			"Segments": [
				0,
				0,
				0,
				0.333,
				0,
				1,
				0.411,
				0,
				0.489,
				11,
				0.567,
				11,
				1,
				0.644,
				11,
				0.722,
				10.509,
				0.8,
				5,
				1,
				0.889,
				-1.295,
				0.978,
				-10,
				1.067,
				-10,
				1,
				1.2,
				-10,
				1.333,
				-7.849,
				1.467,
				-2.779,
				1,
				1.578,
				1.446,
				1.689,
				4,
				1.8,
				4,
				1,
				1.922,
				4,
				2.044,
				-12.95,
				2.167,
				-12.95,
				0,
				2.733,
				-12.95
			]
		},
		{
			"Target": "Parameter",
			"Id": "ParamPaiRY",
			"Segments": [
				0,
				0,
				0,
				0.333,
				0,
				1,
				0.411,
				0,
				0.489,
				21,
				0.567,
				21,
				1,
				0.656,
				21,
				0.744,
				-19.902,
				0.833,
				-19.902,
				1,
				0.9,
				-19.902,
				0.967,
				-19.052,
				1.033,
				-13.565,
				1,
				1.2,
				0.151,
				1.367,
				10,
				1.533,
				10,
				1,
				1.622,
				10,
				1.711,
				9.038,
				1.8,
				6,
				1,
				1.922,
				1.823,
				2.044,
				-1,
				2.167,
				-1,
				0,
				2.733,
				-1
			]
		},
		{
			"Target": "Parameter",
			"Id": "ParamPaiRX2",
			"Segments": [
				0,
				0,
				1,
				0.078,
				0,
				0.156,
				13,
				0.233,
				13,
				1,
				0.311,
				13,
				0.389,
				9.464,
				0.467,
				2,
				1,
				0.556,
				-6.531,
				0.644,
				-11,
				0.733,
				-11,
				1,
				0.889,
				-11,
				1.044,
				-10.153,
				1.2,
				-5,
				1,
				1.3,
				-1.687,
				1.4,
				5.193,
				1.5,
				5.193,
				1,
				1.611,
				5.193,
				1.722,
				1.589,
				1.833,
				-1,
				1,
				1.911,
				-2.812,
				1.989,
				-2.831,
				2.067,
				-2.831,
				0,
				2.733,
				-2.831
			]
		},
		{
			"Target": "Parameter",
			"Id": "ParamPaiRY2",
			"Segments": [
				0,
				0,
				1,
				0.078,
				0,
				0.156,
				19,
				0.233,
				19,
				1,
				0.311,
				19,
				0.389,
				-15,
				0.467,
				-15,
				1,
				0.533,
				-15,
				0.6,
				-12.544,
				0.667,
				-8,
				1,
				0.844,
				4.118,
				1.022,
				10,
				1.2,
				10,
				1,
				1.289,
				10,
				1.378,
				8.856,
				1.467,
				4,
				1,
				1.589,
				-2.677,
				1.711,
				-8,
				1.833,
				-8,
				1,
				1.911,
				-8,
				1.989,
				0.373,
				2.067,
				0.373,
				0,
				2.733,
				0.373
			]
		},
		{
			"Target": "Parameter",
			"Id": "ParamPaiLX",
			"Segments": [
				0,
				0,
				0,
				0.333,
				0,
				1,
				0.344,
				0,
				0.356,
				1.064,
				0.367,
				1.591,
				1,
				0.433,
				4.751,
				0.5,
				6,
				0.567,
				6,
				1,
				0.611,
				6,
				0.656,
				5.003,
				0.7,
				2,
				1,
				0.822,
				-6.258,
				0.944,
				-11,
				1.067,
				-11,
				1,
				1.256,
				-11,
				1.444,
				-8.977,
				1.633,
				-3.936,
				1,
				1.689,
				-2.453,
				1.744,
				-1.233,
				1.8,
				2,
				1,
				1.922,
				9.112,
				2.044,
				18,
				2.167,
				18,
				0,
				2.733,
				18
			]
		},
		{
			"Target": "Parameter",
			"Id": "ParamPaiLY",
			"Segments": [
				0,
				0,
				0,
				0.333,
				0,
				1,
				0.344,
				0,
				0.356,
				1.739,
				0.367,
				3.624,
				1,
				0.433,
				14.932,
				0.5,
				20,
				0.567,
				20,
				1,
				0.678,
				20,
				0.789,
				-17.851,
				0.9,
				-17.851,
				1,
				0.933,
				-17.851,
				0.967,
				-12.5,
				1,
				-8.257,
				1,
				1.1,
				4.474,
				1.2,
				9,
				1.3,
				9,
				1,
				1.378,
				9,
				1.456,
				4.148,
				1.533,
				2.733,
				1,
				1.744,
				-1.107,
				1.956,
				-2,
				2.167,
				-2,
				0,
				2.733,
				-2
			]
		},
		{
			"Target": "Parameter",
			"Id": "ParamPaiLX2",
			"Segments": [
				0,
				0,
				1,
				0.011,
				0,
				0.022,
				1.852,
				0.033,
				2.827,
				1,
				0.1,
				8.679,
				0.167,
				11,
				0.233,
				11,
				1,
				0.311,
				11,
				0.389,
				10.692,
				0.467,
				7,
				1,
				0.578,
				1.726,
				0.689,
				-4.306,
				0.8,
				-4.306,
				1,
				0.911,
				-4.306,
				1.022,
				-3.008,
				1.133,
				-0.919,
				1,
				1.244,
				1.171,
				1.356,
				2,
				1.467,
				2,
				1,
				1.578,
				2,
				1.689,
				-3,
				1.8,
				-3,
				1,
				1.889,
				-3,
				1.978,
				3.595,
				2.067,
				3.595,
				0,
				2.733,
				3.595
			]
		},
		{
			"Target": "Parameter",
			"Id": "ParamPaiLY2",
			"Segments": [
				0,
				0,
				1,
				0.011,
				0,
				0.022,
				3.085,
				0.033,
				4.368,
				1,
				0.1,
				12.065,
				0.167,
				15,
				0.233,
				15,
				1,
				0.333,
				15,
				0.433,
				-16.71,
				0.533,
				-16.71,
				1,
				0.589,
				-16.71,
				0.644,
				-11.131,
				0.7,
				-5.011,
				1,
				0.789,
				4.781,
				0.878,
				8,
				0.967,
				8,
				1,
				1.056,
				8,
				1.144,
				5.18,
				1.233,
				2.296,
				1,
				1.422,
				-3.831,
				1.611,
				-6,
				1.8,
				-6,
				1,
				1.889,
				-6,
				1.978,
				-0.671,
				2.067,
				-0.671,
				0,
				2.733,
				-0.671
			]
		},
		{
			"Target": "Parameter",
			"Id": "ParamAngleX",
			"Segments": [
				0,
				0,
				1,
				0.011,
				0,
				0.022,
				-1.679,
				0.033,
				-2.261,
				1,
				0.111,
				-6.338,
				0.189,
				-7.94,
				0.267,
				-7.94,
				1,
				0.422,
				-7.94,
				0.578,
				2.06,
				0.733,
				2.06,
				1,
				0.833,
				2.06,
				0.933,
				-1.949,
				1.033,
				-1.949,
				1,
				1.244,
				-1.949,
				1.456,
				2.219,
				1.667,
				2.219,
				1,
				1.844,
				2.219,
				2.022,
				-1.283,
				2.2,
				-1.283,
				1,
				2.378,
				-1.283,
				2.556,
				0,
				2.733,
				0
			]
		},
		{
			"Target": "Parameter",
			"Id": "ParamAngleY",
			"Segments": [
				0,
				0,
				1,
				0.011,
				0,
				0.022,
				-1.509,
				0.033,
				-2.29,
				1,
				0.111,
				-7.757,
				0.189,
				-10,
				0.267,
				-10,
				1,
				0.422,
				-10,
				0.578,
				8.64,
				0.733,
				8.64,
				1,
				0.833,
				8.64,
				0.933,
				-5.008,
				1.033,
				-5.008,
				1,
				1.244,
				-5.008,
				1.456,
				2.159,
				1.667,
				2.159,
				1,
				1.844,
				2.159,
				2.022,
				-0.343,
				2.2,
				-0.343,
				1,
				2.378,
				-0.343,
				2.556,
				0,
				2.733,
				0
			]
		},
		{
			"Target": "Parameter",
			"Id": "ParamAngleZ",
			"Segments": [
				0,
				0,
				1,
				0.078,
				0,
				0.156,
				-8,
				0.233,
				-8,
				1,
				0.322,
				-8,
				0.411,
				4,
				0.5,
				4,
				1,
				0.644,
				4,
				0.789,
				-4,
				0.933,
				-4,
				1,
				1.144,
				-4,
				1.356,
				2,
				1.567,
				2,
				1,
				1.744,
				2,
				1.922,
				-1,
				2.1,
				-1,
				1,
				2.311,
				-1,
				2.522,
				0,
				2.733,
				0
			]
		},
		{
			"Target": "Parameter",
			"Id": "ParamEyeLOpen",
			"Segments": [
				0,
				1,
				1,
				0.056,
				1,
				0.111,
				0,
				0.167,
				0,
				1,
				0.256,
				0,
				0.344,
				0.9,
				0.433,
				0.9,
				1,
				0.622,
				0.9,
				0.811,
				0.85,
				1,
				0.85,
				1,
				1.178,
				0.85,
				1.356,
				0.9,
				1.533,
				0.9,
				1,
				1.7,
				0.9,
				1.867,
				0.9,
				2.033,
				0.9,
				1,
				2.244,
				0.9,
				2.456,
				1,
				2.667,
				1,
				0,
				2.733,
				1
			]
		},
		{
			"Target": "Parameter",
			"Id": "ParamEyeLSmile",
			"Segments": [
				0,
				0,
				0,
				2.733,
				0
			]
		},
		{
			"Target": "Parameter",
			"Id": "ParamEyeROpen",
			"Segments": [
				0,
				1,
				1,
				0.056,
				1,
				0.111,
				0,
				0.167,
				0,
				1,
				0.256,
				0,
				0.344,
				0.9,
				0.433,
				0.9,
				1,
				0.622,
				0.9,
				0.811,
				0.85,
				1,
				0.85,
				1,
				1.178,
				0.85,
				1.356,
				0.9,
				1.533,
				0.9,
				1,
				1.7,
				0.9,
				1.867,
				0.9,
				2.033,
				0.9,
				1,
				2.244,
				0.9,
				2.456,
				1,
				2.667,
				1,
				0,
				2.733,
				1
			]
		},
		{
			"Target": "Parameter",
			"Id": "ParamEyeRSmile",
			"Segments": [
				0,
				0,
				0,
				2.733,
				0
			]
		},
		{
			"Target": "Parameter",
			"Id": "ParamEyeBallX",
			"Segments": [
				0,
				0,
				0,
				2.733,
				0
			]
		},
		{
			"Target": "Parameter",
			"Id": "ParamEyeBallY",
			"Segments": [
				0,
				0,
				0,
				2.733,
				0
			]
		},
		{
			"Target": "Parameter",
			"Id": "ParamBrowAngle",
			"Segments": [
				0,
				0,
				1,
				0.056,
				0,
				0.111,
				0,
				0.167,
				0,
				1,
				0.311,
				0,
				0.456,
				0.6,
				0.6,
				0.6,
				1,
				0.8,
				0.6,
				1,
				0,
				1.2,
				0,
				0,
				2.733,
				0
			]
		},
		{
			"Target": "Parameter",
			"Id": "ParamBrowForm",
			"Segments": [
				0,
				0,
				1,
				0.056,
				0,
				0.111,
				0,
				0.167,
				0,
				1,
				0.311,
				0,
				0.456,
				-0.6,
				0.6,
				-0.6,
				1,
				0.8,
				-0.6,
				1,
				0,
				1.2,
				0,
				0,
				2.733,
				0
			]
		},
		{
			"Target": "Parameter",
			"Id": "ParamMouthForm",
			"Segments": [
				0,
				0,
				1,
				0.056,
				0,
				0.111,
				0,
				0.167,
				0,
				1,
				0.256,
				0,
				0.344,
				1,
				0.433,
				1,
				1,
				0.6,
				1,
				0.767,
				0,
				0.933,
				0,
				1,
				1.156,
				0,
				1.378,
				0.6,
				1.6,
				0.6,
				1,
				1.811,
				0.6,
				2.022,
				-0.1,
				2.233,
				-0.1,
				1,
				2.378,
				-0.1,
				2.522,
				0,
				2.667,
				0,
				0,
				2.733,
				0
			]
		},
		{
			"Target": "Parameter",
			"Id": "ParamMouthOpenY",
			"Segments": [
				0,
				0,
				1,
				0.056,
				0,
				0.111,
				0,
				0.167,
				0,
				1,
				0.256,
				0,
				0.344,
				1,
				0.433,
				1,
				1,
				0.6,
				1,
				0.767,
				0,
				0.933,
				0,
				0,
				2.733,
				0
			]
		},
		{
			"Target": "Parameter",
			"Id": "ParamCheek",
			"Segments": [
				0,
				0,
				1,
				0.078,
				0,
				0.156,
				1,
				0.233,
				1,
				1,
				1.044,
				1,
				1.856,
				0,
				2.667,
				0,
				0,
				2.733,
				0
			]
		},
		{
			"Target": "Parameter",
			"Id": "ParamBodyAngleX",
			"Segments": [
				0,
				0,
				1,
				0.011,
				0,
				0.022,
				-2.861,
				0.033,
				-3.993,
				1,
				0.078,
				-8.52,
				0.122,
				-10,
				0.167,
				-10,
				1,
				0.267,
				-10,
				0.367,
				4,
				0.467,
				4,
				1,
				0.6,
				4,
				0.733,
				-5,
				0.867,
				-5,
				1,
				1.078,
				-5,
				1.289,
				1,
				1.5,
				1,
				1,
				1.678,
				1,
				1.856,
				-1,
				2.033,
				-1,
				1,
				2.244,
				-1,
				2.456,
				0,
				2.667,
				0,
				0,
				2.733,
				0
			]
		},
		{
			"Target": "Parameter",
			"Id": "ParamBodyAngleY",
			"Segments": [
				0,
				0,
				1,
				0.056,
				0,
				0.111,
				-1,
				0.167,
				-1,
				1,
				0.256,
				-1,
				0.344,
				4,
				0.433,
				4,
				1,
				0.578,
				4,
				0.722,
				-1,
				0.867,
				-1,
				1,
				1.078,
				-1,
				1.289,
				1,
				1.5,
				1,
				1,
				1.678,
				1,
				1.856,
				-0.2,
				2.033,
				-0.2,
				1,
				2.244,
				-0.2,
				2.456,
				0,
				2.667,
				0,
				0,
				2.733,
				0
			]
		},
		{
			"Target": "Parameter",
			"Id": "ParamBodyAngleZ",
			"Segments": [
				0,
				0,
				1,
				0.056,
				0,
				0.111,
				-2,
				0.167,
				-2,
				1,
				0.256,
				-2,
				0.344,
				2,
				0.433,
				2,
				1,
				0.578,
				2,
				0.722,
				1.523,
				0.867,
				1,
				1,
				1.078,
				0.235,
				1.289,
				0,
				1.5,
				0,
				1,
				1.678,
				0,
				1.856,
				0,
				2.033,
				0,
				1,
				2.244,
				0,
				2.456,
				0,
				2.667,
				0,
				0,
				2.733,
				0
			]
		},
		{
			"Target": "Parameter",
			"Id": "ParamItiX",
			"Segments": [
				0,
				0,
				1,
				0.011,
				0,
				0.022,
				-1.146,
				0.033,
				-1.287,
				1,
				0.078,
				-1.85,
				0.122,
				-2,
				0.167,
				-2,
				1,
				0.267,
				-2,
				0.367,
				1.957,
				0.467,
				1.957,
				1,
				0.6,
				1.957,
				0.733,
				0,
				0.867,
				0,
				1,
				1.078,
				0,
				1.289,
				0,
				1.5,
				0,
				1,
				1.889,
				0,
				2.278,
				0,
				2.667,
				0,
				0,
				2.733,
				0
			]
		},
		{
			"Target": "Parameter",
			"Id": "ParamItiY",
			"Segments": [
				0,
				0,
				1,
				0.011,
				0,
				0.022,
				-1.235,
				0.033,
				-1.513,
				1,
				0.089,
				-2.903,
				0.144,
				-3.368,
				0.2,
				-3.368,
				1,
				0.278,
				-3.368,
				0.356,
				3.405,
				0.433,
				3.405,
				1,
				0.578,
				3.405,
				0.722,
				-0.46,
				0.867,
				-0.46,
				1,
				1.078,
				-0.46,
				1.289,
				0,
				1.5,
				0,
				1,
				1.889,
				0,
				2.278,
				0,
				2.667,
				0,
				0,
				2.733,
				0
			]
		},
		{
			"Target": "Parameter",
			"Id": "ParamBreat",
			"Segments": [
				0,
				0,
				1,
				0.056,
				0,
				0.111,
				0,
				0.167,
				0,
				1,
				0.278,
				0,
				0.389,
				1,
				0.5,
				1,
				1,
				0.633,
				1,
				0.767,
				0,
				0.9,
				0,
				1,
				1.156,
				0,
				1.411,
				0.635,
				1.667,
				0.635,
				1,
				2,
				0.635,
				2.333,
				0.5,
				2.667,
				0.5,
				0,
				2.733,
				0.5
			]
		},
		{
			"Target": "Parameter",
			"Id": "ParamHairFront",
			"Segments": [
				0,
				0,
				1,
				0.056,
				0,
				0.111,
				0.5,
				0.167,
				0.5,
				1,
				0.256,
				0.5,
				0.344,
				-0.4,
				0.433,
				-0.4,
				1,
				0.578,
				-0.4,
				0.722,
				0.5,
				0.867,
				0.5,
				1,
				1.078,
				0.5,
				1.289,
				-0.2,
				1.5,
				-0.2,
				1,
				1.678,
				-0.2,
				1.856,
				0.1,
				2.033,
				0.1,
				1,
				2.244,
				0.1,
				2.456,
				0,
				2.667,
				0,
				0,
				2.733,
				0
			]
		},
		{
			"Target": "Parameter",
			"Id": "ParamHairSide",
			"Segments": [
				0,
				0,
				1,
				0.056,
				0,
				0.111,
				0.5,
				0.167,
				0.5,
				1,
				0.256,
				0.5,
				0.344,
				-0.4,
				0.433,
				-0.4,
				1,
				0.578,
				-0.4,
				0.722,
				0.4,
				0.867,
				0.4,
				1,
				1.078,
				0.4,
				1.289,
				-0.2,
				1.5,
				-0.2,
				1,
				1.678,
				-0.2,
				1.856,
				0.1,
				2.033,
				0.1,
				1,
				2.244,
				0.1,
				2.456,
				0.03,
				2.667,
				0.03,
				0,
				2.733,
				0.03
			]
		},
		{
			"Target": "Parameter",
			"Id": "ParamHairBack",
			"Segments": [
				0,
				0,
				1,
				0.889,
				0,
				1.778,
				0.1,
				2.667,
				0.1,
				0,
				2.733,
				0.1
			]
		},
		{
			"Target": "Parameter",
			"Id": "ParamHairF",
			"Segments": [
				0,
				0,
				0,
				2.733,
				0
			]
		},
		{
			"Target": "Parameter",
			"Id": "ParamLeftArm1",
			"Segments": [
				0,
				0,
				1,
				0.067,
				0,
				0.133,
				-0.1,
				0.2,
				-0.1,
				1,
				0.3,
				-0.1,
				0.4,
				0,
				0.5,
				0,
				1,
				0.644,
				0,
				0.789,
				-0.1,
				0.933,
				-0.1,
				1,
				1.089,
				-0.1,
				1.244,
				-0.015,
				1.4,
				-0.008,
				1,
				1.611,
				0.001,
				1.822,
				0,
				2.033,
				0,
				0,
				2.733,
				0
			]
		},
		{
			"Target": "Parameter",
			"Id": "ParamRightArm1",
			"Segments": [
				0,
				0,
				1,
				0.067,
				0,
				0.133,
				0.2,
				0.2,
				0.2,
				1,
				0.3,
				0.2,
				0.4,
				-0.5,
				0.5,
				-0.5,
				1,
				0.644,
				-0.5,
				0.789,
				-0.1,
				0.933,
				-0.1,
				1,
				1.089,
				-0.1,
				1.244,
				-0.3,
				1.4,
				-0.3,
				1,
				1.611,
				-0.3,
				1.822,
				0,
				2.033,
				0,
				0,
				2.733,
				0
			]
		},
		{
			"Target": "Parameter",
			"Id": "ParamRightArm2",
			"Segments": [
				0,
				0,
				1,
				0.067,
				0,
				0.133,
				0.2,
				0.2,
				0.2,
				1,
				0.3,
				0.2,
				0.4,
				-0.3,
				0.5,
				-0.3,
				1,
				0.644,
				-0.3,
				0.789,
				0.1,
				0.933,
				0.1,
				1,
				1.089,
				0.1,
				1.244,
				-0.3,
				1.4,
				-0.3,
				1,
				1.611,
				-0.3,
				1.822,
				0,
				2.033,
				0,
				0,
				2.733,
				0
			]
		},
		{
			"Target": "Parameter",
			"Id": "ParamRightArm3",
			"Segments": [
				0,
				0,
				1,
				0.067,
				0,
				0.133,
				0.3,
				0.2,
				0.3,
				1,
				0.3,
				0.3,
				0.4,
				-0.3,
				0.5,
				-0.3,
				1,
				0.644,
				-0.3,
				0.789,
				0.1,
				0.933,
				0.1,
				1,
				1.089,
				0.1,
				1.244,
				-0.4,
				1.4,
				-0.4,
				1,
				1.611,
				-0.4,
				1.822,
				0,
				2.033,
				0,
				0,
				2.733,
				0
			]
		},
		{
			"Target": "Parameter",
			"Id": "ParamRightArm4",
			"Segments": [
				0,
				0,
				1,
				0.067,
				0,
				0.133,
				0.4,
				0.2,
				0.4,
				1,
				0.3,
				0.4,
				0.4,
				-0.5,
				0.5,
				-0.5,
				1,
				0.644,
				-0.5,
				0.789,
				0.2,
				0.933,
				0.2,
				1,
				1.089,
				0.2,
				1.244,
				-0.5,
				1.4,
				-0.5,
				1,
				1.611,
				-0.5,
				1.822,
				0,
				2.033,
				0,
				0,
				2.733,
				0
			]
		},
		{
			"Target": "Parameter",
			"Id": "ParamRightLeg",
			"Segments": [
				0,
				0,
				0,
				2.733,
				0
			]
		},
		{
			"Target": "Parameter",
			"Id": "ParamLeftLeg",
			"Segments": [
				0,
				0,
				0,
				2.733,
				0
			]
		},
		{
			"Target": "Parameter",
			"Id": "ParamSideRibonX",
			"Segments": [
				0,
				0,
				0,
				0.067,
				0,
				1,
				0.133,
				0,
				0.2,
				-0.022,
				0.267,
				-0.1,
				1,
				0.367,
				-0.218,
				0.467,
				-0.3,
				0.567,
				-0.3,
				1,
				0.711,
				-0.3,
				0.856,
				0.2,
				1,
				0.2,
				1,
				1.156,
				0.2,
				1.311,
				-0.2,
				1.467,
				-0.2,
				1,
				1.678,
				-0.2,
				1.889,
				0,
				2.1,
				0,
				0,
				2.733,
				0
			]
		},
		{
			"Target": "Parameter",
			"Id": "ParamSideRibonY",
			"Segments": [
				0,
				0,
				0,
				0.067,
				0,
				1,
				0.133,
				0,
				0.2,
				-0.282,
				0.267,
				-0.5,
				1,
				0.367,
				-0.828,
				0.467,
				-0.9,
				0.567,
				-0.9,
				1,
				0.711,
				-0.9,
				0.856,
				0.1,
				1,
				0.1,
				1,
				1.156,
				0.1,
				1.311,
				-0.5,
				1.467,
				-0.5,
				1,
				1.678,
				-0.5,
				1.889,
				0,
				2.1,
				0,
				0,
				2.733,
				0
			]
		},
		{
			"Target": "Parameter",
			"Id": "ParamCRibonX",
			"Segments": [
				0,
				0,
				0,
				0.067,
				0,
				1,
				0.133,
				0,
				0.2,
				1,
				0.267,
				1,
				1,
				0.367,
				1,
				0.467,
				0,
				0.567,
				0,
				1,
				0.711,
				0,
				0.856,
				0.5,
				1,
				0.5,
				1,
				1.156,
				0.5,
				1.311,
				-0.1,
				1.467,
				-0.1,
				1,
				1.678,
				-0.1,
				1.889,
				0,
				2.1,
				0,
				0,
				2.733,
				0
			]
		},
		{
			"Target": "Parameter",
			"Id": "ParamCRibonY",
			"Segments": [
				0,
				0,
				0,
				0.067,
				0,
				1,
				0.133,
				0,
				0.2,
				0.4,
				0.267,
				0.4,
				1,
				0.367,
				0.4,
				0.467,
				-0.2,
				0.567,
				-0.2,
				1,
				0.711,
				-0.2,
				0.856,
				0.6,
				1,
				0.6,
				1,
				1.156,
				0.6,
				1.311,
				-0.2,
				1.467,
				-0.2,
				1,
				1.678,
				-0.2,
				1.889,
				0,
				2.1,
				0,
				0,
				2.733,
				0
			]
		},
		{
			"Target": "Parameter",
			"Id": "ParamFinger1",
			"Segments": [
				0,
				0.8,
				0,
				0.067,
				0.8,
				1,
				0.133,
				0.8,
				0.2,
				0.3,
				0.267,
				0.3,
				1,
				0.367,
				0.3,
				0.467,
				1.4,
				0.567,
				1.4,
				1,
				0.711,
				1.4,
				0.856,
				0.922,
				1,
				0.7,
				1,
				1.367,
				0.137,
				1.733,
				0,
				2.1,
				0,
				0,
				2.733,
				0
			]
		},
		{
			"Target": "Parameter",
			"Id": "ParamFinger2",
			"Segments": [
				0,
				0.7,
				0,
				0.067,
				0.7,
				1,
				0.133,
				0.7,
				0.2,
				0.4,
				0.267,
				0.4,
				1,
				0.367,
				0.4,
				0.467,
				1.2,
				0.567,
				1.2,
				1,
				0.711,
				1.2,
				0.856,
				0.79,
				1,
				0.6,
				1,
				1.367,
				0.117,
				1.733,
				0,
				2.1,
				0,
				0,
				2.733,
				0
			]
		},
		{
			"Target": "Parameter",
			"Id": "ParamFinger3",
			"Segments": [
				0,
				0.7,
				0,
				0.067,
				0.7,
				1,
				0.133,
				0.7,
				0.2,
				0.3,
				0.267,
				0.3,
				1,
				0.367,
				0.3,
				0.467,
				1.3,
				0.567,
				1.3,
				1,
				0.711,
				1.3,
				0.856,
				0.667,
				1,
				0.5,
				1,
				1.367,
				0.077,
				1.733,
				0,
				2.1,
				0,
				0,
				2.733,
				0
			]
		},
		{
			"Target": "Parameter",
			"Id": "ParamFinger4",
			"Segments": [
				0,
				0.7,
				0,
				0.067,
				0.7,
				1,
				0.133,
				0.7,
				0.2,
				0.3,
				0.267,
				0.3,
				1,
				0.367,
				0.3,
				0.467,
				1.3,
				0.567,
				1.3,
				1,
				0.711,
				1.3,
				0.856,
				0.667,
				1,
				0.5,
				1,
				1.367,
				0.077,
				1.733,
				0,
				2.1,
				0,
				0,
				2.733,
				0
			]
		},
		{
			"Target": "Parameter",
			"Id": "ParamFinger5",
			"Segments": [
				0,
				0.7,
				0,
				0.067,
				0.7,
				1,
				0.133,
				0.7,
				0.2,
				0.2,
				0.267,
				0.2,
				1,
				0.367,
				0.2,
				0.467,
				1.3,
				0.567,
				1.3,
				1,
				0.711,
				1.3,
				0.856,
				0.667,
				1,
				0.5,
				1,
				1.367,
				0.077,
				1.733,
				0,
				2.1,
				0,
				0,
				2.733,
				0
			]
		},
		{
			"Target": "Parameter",
			"Id": "ParamAseHead",
			"Segments": [
				0,
				0,
				1,
				0.278,
				0,
				0.556,
				1,
				0.833,
				1,
				2,
				0.867,
				0,
				1,
				1.489,
				0,
				2.111,
				0,
				2.733,
				0
			]
		},
		{
			"Target": "Parameter",
			"Id": "ParamAseUde",
			"Segments": [
				0,
				0,
				1,
				0.278,
				0,
				0.556,
				1,
				0.833,
				1,
				2,
				0.867,
				0,
				1,
				1.489,
				0,
				2.111,
				0,
				2.733,
				0
			]
		},
		{
			"Target": "Parameter",
			"Id": "ParamAsePai",
			"Segments": [
				0,
				0,
				0,
				0.033,
				0,
				1,
				0.311,
				0,
				0.589,
				1,
				0.867,
				1,
				2,
				0.9,
				0,
				1,
				1.511,
				0,
				2.122,
				0,
				2.733,
				0
			]
		},
		{
			"Target": "Parameter",
			"Id": "ParamAseTop",
			"Segments": [
				0,
				0,
				0,
				0.033,
				0,
				1,
				0.311,
				0,
				0.589,
				1,
				0.867,
				1,
				2,
				0.9,
				0,
				1,
				1.511,
				0,
				2.122,
				0,
				2.733,
				0
			]
		},
		{
			"Target": "Parameter",
			"Id": "ParamAseDown",
			"Segments": [
				0,
				0,
				0,
				0.067,
				0,
				1,
				0.344,
				0,
				0.622,
				1,
				0.9,
				1,
				2,
				0.933,
				0,
				1,
				1.533,
				0,
				2.133,
				0,
				2.733,
				0
			]
		}
	]
}