{
	"Version": 3,
	"Meta": {
		"Duration": 3.4,
		"Fps": 30.0,
		"Loop": true,
		"AreBeziersRestricted": false,
		"CurveCount": 48,
		"TotalSegmentCount": 311,
		"TotalPointCount": 879,
		"UserDataCount": 0,
		"TotalUserDataSize": 0
	},
	"Curves": [
		{
			"Target": "Parameter",
			"Id": "ParamPaiRX",
			"Segments": [
				0,
				0,
				0,
				0.1,
				0,
				1,
				0.167,
				0,
				0.233,
				30,
				0.3,
				30,
				1,
				0.4,
				30,
				0.5,
				9.673,
				0.6,
				0,
				1,
				0.789,
				-18.271,
				0.978,
				-22,
				1.167,
				-22,
				1,
				1.233,
				-22,
				1.3,
				-12.975,
				1.367,
				3,
				1,
				1.444,
				21.637,
				1.522,
				30,
				1.6,
				30,
				1,
				1.678,
				30,
				1.756,
				13.444,
				1.833,
				1,
				1,
				1.911,
				-11.444,
				1.989,
				-13,
				2.067,
				-13,
				1,
				2.156,
				-13,
				2.244,
				0,
				2.333,
				0,
				1,
				2.422,
				0,
				2.511,
				-0.758,
				2.6,
				-3,
				1,
				2.667,
				-4.682,
				2.733,
				-6.672,
				2.8,
				-9.06,
				1,
				2.856,
				-11.05,
				2.911,
				-12.95,
				2.967,
				-12.95,
				0,
				3.4,
				-12.95
			]
		},
		{
			"Target": "Parameter",
			"Id": "ParamPaiRY",
			"Segments": [
				0,
				0,
				0,
				0.1,
				0,
				1,
				0.167,
				0,
				0.233,
				-25,
				0.3,
				-25,
				1,
				0.4,
				-25,
				0.5,
				-19.011,
				0.6,
				-1,
				1,
				0.7,
				17.011,
				0.8,
				30,
				0.9,
				30,
				1,
				0.989,
				30,
				1.078,
				25.111,
				1.167,
				4,
				1,
				1.233,
				-11.834,
				1.3,
				-30,
				1.367,
				-30,
				1,
				1.444,
				-30,
				1.522,
				-20.976,
				1.6,
				-1,
				1,
				1.678,
				18.976,
				1.756,
				30,
				1.833,
				30,
				1,
				1.911,
				30,
				1.989,
				12.907,
				2.067,
				2,
				1,
				2.156,
				-10.465,
				2.244,
				-12,
				2.333,
				-12,
				1,
				2.422,
				-12,
				2.511,
				0,
				2.6,
				0,
				1,
				2.722,
				0,
				2.844,
				-1,
				2.967,
				-1,
				0,
				3.4,
				-1
			]
		},
		{
			"Target": "Parameter",
			"Id": "ParamPaiRX2",
			"Segments": [
				0,
				0,
				1,
				0.078,
				0,
				0.156,
				9.936,
				0.233,
				9.936,
				1,
				0.322,
				9.936,
				0.411,
				4.328,
				0.5,
				0,
				1,
				0.689,
				-9.197,
				0.878,
				-12,
				1.067,
				-12,
				1,
				1.133,
				-12,
				1.2,
				-10.55,
				1.267,
				0,
				1,
				1.344,
				12.308,
				1.422,
				26,
				1.5,
				26,
				1,
				1.578,
				26,
				1.656,
				5.189,
				1.733,
				-1,
				1,
				1.811,
				-7.189,
				1.889,
				-7,
				1.967,
				-7,
				1,
				2.056,
				-7,
				2.144,
				0,
				2.233,
				0,
				1,
				2.322,
				0,
				2.411,
				-2,
				2.5,
				-2,
				1,
				2.567,
				-2,
				2.633,
				0,
				2.7,
				0,
				1,
				2.789,
				0,
				2.878,
				-2.831,
				2.967,
				-2.831,
				0,
				3.4,
				-2.831
			]
		},
		{
			"Target": "Parameter",
			"Id": "ParamPaiRY2",
			"Segments": [
				0,
				0,
				1,
				0.078,
				0,
				0.156,
				-9,
				0.233,
				-9,
				1,
				0.322,
				-9,
				0.411,
				-9.191,
				0.5,
				-1,
				1,
				0.6,
				8.215,
				0.7,
				30,
				0.8,
				30,
				1,
				0.889,
				30,
				0.978,
				21.569,
				1.067,
				-1,
				1,
				1.133,
				-17.927,
				1.2,
				-30,
				1.267,
				-30,
				1,
				1.344,
				-30,
				1.422,
				-10.116,
				1.5,
				2,
				1,
				1.578,
				14.116,
				1.656,
				15,
				1.733,
				15,
				1,
				1.811,
				15,
				1.889,
				9.28,
				1.967,
				2,
				1,
				2.056,
				-6.319,
				2.144,
				-9,
				2.233,
				-9,
				1,
				2.322,
				-9,
				2.411,
				-1.888,
				2.5,
				-1,
				1,
				2.567,
				-0.334,
				2.633,
				-0.23,
				2.7,
				0,
				1,
				2.789,
				0.306,
				2.878,
				0.373,
				2.967,
				0.373,
				0,
				3.4,
				0.373
			]
		},
		{
			"Target": "Parameter",
			"Id": "ParamPaiLX",
			"Segments": [
				0,
				0,
				0,
				0.1,
				0,
				1,
				0.167,
				0,
				0.233,
				24,
				0.3,
				24,
				1,
				0.4,
				24,
				0.5,
				1.19,
				0.6,
				0,
				1,
				0.7,
				-1.19,
				0.8,
				-1,
				0.9,
				-1,
				1,
				1,
				-1,
				1.1,
				30,
				1.2,
				30,
				1,
				1.267,
				30,
				1.333,
				15.86,
				1.4,
				2,
				1,
				1.478,
				-14.169,
				1.556,
				-18,
				1.633,
				-18,
				1,
				1.711,
				-18,
				1.789,
				-9.04,
				1.867,
				0,
				1,
				1.944,
				9.04,
				2.022,
				11,
				2.1,
				11,
				1,
				2.189,
				11,
				2.278,
				0,
				2.367,
				0,
				1,
				2.456,
				0,
				2.544,
				1.345,
				2.633,
				6.497,
				1,
				2.744,
				12.936,
				2.856,
				18,
				2.967,
				18,
				0,
				3.4,
				18
			]
		},
		{
			"Target": "Parameter",
			"Id": "ParamPaiLY",
			"Segments": [
				0,
				0,
				0,
				0.1,
				0,
				1,
				0.167,
				0,
				0.233,
				-16,
				0.3,
				-16,
				1,
				0.4,
				-16,
				0.5,
				-13.776,
				0.6,
				0,
				1,
				0.7,
				13.776,
				0.8,
				30,
				0.9,
				30,
				1,
				1,
				30,
				1.1,
				23.018,
				1.2,
				0,
				1,
				1.267,
				-15.345,
				1.333,
				-30,
				1.4,
				-30,
				1,
				1.478,
				-30,
				1.556,
				-14.06,
				1.633,
				-1,
				1,
				1.711,
				12.06,
				1.789,
				14,
				1.867,
				14,
				1,
				1.944,
				14,
				2.022,
				9.711,
				2.1,
				1,
				1,
				2.189,
				-8.955,
				2.278,
				-14,
				2.367,
				-14,
				1,
				2.456,
				-14,
				2.544,
				-2.677,
				2.633,
				-1,
				1,
				2.7,
				0.258,
				2.767,
				0,
				2.833,
				0,
				1,
				2.878,
				0,
				2.922,
				-2,
				2.967,
				-2,
				0,
				3.4,
				-2
			]
		},
		{
			"Target": "Parameter",
			"Id": "ParamPaiLX2",
			"Segments": [
				0,
				0,
				1,
				0.078,
				0,
				0.156,
				3,
				0.233,
				3,
				1,
				0.322,
				3,
				0.411,
				0,
				0.5,
				0,
				1,
				0.6,
				0,
				0.7,
				-0.173,
				0.8,
				1,
				1,
				0.9,
				2.173,
				1,
				15,
				1.1,
				15,
				1,
				1.167,
				15,
				1.233,
				13.952,
				1.3,
				2,
				1,
				1.378,
				-11.943,
				1.456,
				-30,
				1.533,
				-30,
				1,
				1.611,
				-30,
				1.689,
				-9.01,
				1.767,
				0,
				1,
				1.856,
				10.298,
				1.944,
				10.828,
				2.033,
				10.828,
				1,
				2.111,
				10.828,
				2.189,
				1.801,
				2.267,
				0,
				1,
				2.356,
				-2.058,
				2.444,
				-2,
				2.533,
				-2,
				1,
				2.6,
				-2,
				2.667,
				0.321,
				2.733,
				1.74,
				1,
				2.811,
				3.395,
				2.889,
				3.595,
				2.967,
				3.595,
				0,
				3.4,
				3.595
			]
		},
		{
			"Target": "Parameter",
			"Id": "ParamPaiLY2",
			"Segments": [
				0,
				0,
				1,
				0.078,
				0,
				0.156,
				-6,
				0.233,
				-6,
				1,
				0.322,
				-6,
				0.411,
				-6.45,
				0.5,
				-1,
				1,
				0.6,
				5.131,
				0.7,
				30,
				0.8,
				30,
				1,
				0.9,
				30,
				1,
				23.682,
				1.1,
				1,
				1,
				1.167,
				-14.121,
				1.233,
				-30,
				1.3,
				-30,
				1,
				1.378,
				-30,
				1.456,
				-9.57,
				1.533,
				1,
				1,
				1.611,
				11.57,
				1.689,
				12,
				1.767,
				12,
				1,
				1.844,
				12,
				1.922,
				4.638,
				2,
				0,
				1,
				2.089,
				-5.3,
				2.178,
				-6,
				2.267,
				-6,
				1,
				2.356,
				-6,
				2.444,
				-2.484,
				2.533,
				-1,
				1,
				2.6,
				0.113,
				2.667,
				0,
				2.733,
				0,
				1,
				2.811,
				0,
				2.889,
				-0.671,
				2.967,
				-0.671,
				0,
				3.4,
				-0.671
			]
		},
		{
			"Target": "Parameter",
			"Id": "ParamAngleX",
			"Segments": [
				0,
				0,
				1,
				0.011,
				0,
				0.022,
				-1.88,
				0.033,
				-1.88,
				1,
				0.233,
				-1.88,
				0.433,
				-1.164,
				0.633,
				3,
				1,
				0.711,
				4.619,
				0.789,
				24,
				0.867,
				24,
				1,
				1.067,
				24,
				1.267,
				-8,
				1.467,
				-8,
				1,
				1.567,
				-8,
				1.667,
				11,
				1.767,
				11,
				1,
				1.944,
				11,
				2.122,
				-2,
				2.3,
				-2,
				1,
				2.478,
				-2,
				2.656,
				0,
				2.833,
				0,
				1,
				2.967,
				0,
				3.1,
				0,
				3.233,
				0,
				0,
				3.4,
				0
			]
		},
		{
			"Target": "Parameter",
			"Id": "ParamAngleY",
			"Segments": [
				0,
				0,
				1,
				0.011,
				0,
				0.022,
				-0.873,
				0.033,
				-1.877,
				1,
				0.167,
				-13.923,
				0.3,
				-19.662,
				0.433,
				-19.662,
				1,
				0.578,
				-19.662,
				0.722,
				-14.161,
				0.867,
				-10,
				1,
				1.067,
				-4.238,
				1.267,
				1.5,
				1.467,
				4,
				1,
				1.567,
				5.25,
				1.667,
				5,
				1.767,
				5,
				1,
				1.944,
				5,
				2.122,
				3.598,
				2.3,
				2,
				1,
				2.478,
				0.402,
				2.656,
				0,
				2.833,
				0,
				1,
				2.967,
				0,
				3.1,
				0,
				3.233,
				0,
				0,
				3.4,
				0
			]
		},
		{
			"Target": "Parameter",
			"Id": "ParamAngleZ",
			"Segments": [
				0,
				0,
				1,
				0.011,
				0,
				0.022,
				-3.26,
				0.033,
				-3.26,
				1,
				0.289,
				-3.26,
				0.544,
				13.059,
				0.8,
				16.98,
				1,
				1.389,
				26.014,
				1.978,
				27.607,
				2.567,
				27.607,
				1,
				2.844,
				27.607,
				3.122,
				0,
				3.4,
				0
			]
		},
		{
			"Target": "Parameter",
			"Id": "ParamEyeLOpen",
			"Segments": [
				0,
				1,
				1,
				0.156,
				1,
				0.311,
				0.998,
				0.467,
				0.8,
				1,
				0.567,
				0.672,
				0.667,
				0,
				0.767,
				0,
				1,
				1.344,
				0,
				1.922,
				0,
				2.5,
				0,
				1,
				2.7,
				0,
				2.9,
				0.4,
				3.1,
				0.8,
				1,
				3.2,
				1,
				3.3,
				1,
				3.4,
				1
			]
		},
		{
			"Target": "Parameter",
			"Id": "ParamEyeROpen",
			"Segments": [
				0,
				1,
				1,
				0.156,
				1,
				0.311,
				0.998,
				0.467,
				0.8,
				1,
				0.567,
				0.672,
				0.667,
				0,
				0.767,
				0,
				1,
				1.344,
				0,
				1.922,
				0,
				2.5,
				0,
				1,
				2.7,
				0,
				2.9,
				0.4,
				3.1,
				0.8,
				1,
				3.2,
				1,
				3.3,
				1,
				3.4,
				1
			]
		},
		{
			"Target": "Parameter",
			"Id": "ParamEyeBallX",
			"Segments": [
				0,
				0,
				0,
				3.4,
				0
			]
		},
		{
			"Target": "Parameter",
			"Id": "ParamEyeBallY",
			"Segments": [
				0,
				0,
				0,
				3.4,
				0
			]
		},
		{
			"Target": "Parameter",
			"Id": "ParamBrowAngle",
			"Segments": [
				0,
				0,
				1,
				0.089,
				0,
				0.178,
				-0.9,
				0.267,
				-0.9,
				1,
				0.5,
				-0.9,
				0.733,
				-0.9,
				0.967,
				-0.9,
				0,
				3.4,
				-0.9
			]
		},
		{
			"Target": "Parameter",
			"Id": "ParamBrowForm",
			"Segments": [
				0,
				0,
				1,
				0.089,
				0,
				0.178,
				-1,
				0.267,
				-1,
				1,
				0.5,
				-1,
				0.733,
				-1,
				0.967,
				-1,
				0,
				3.4,
				-1
			]
		},
		{
			"Target": "Parameter",
			"Id": "ParamMouthForm",
			"Segments": [
				0,
				0,
				0,
				3.4,
				0
			]
		},
		{
			"Target": "Parameter",
			"Id": "ParamMouthOpenY",
			"Segments": [
				0,
				0,
				1,
				0.2,
				0,
				0.4,
				0,
				0.6,
				0,
				0,
				3.4,
				0
			]
		},
		{
			"Target": "Parameter",
			"Id": "ParamCheek",
			"Segments": [
				0,
				0,
				1,
				0.256,
				0,
				0.511,
				1,
				0.767,
				1,
				0,
				3.4,
				1
			]
		},
		{
			"Target": "Parameter",
			"Id": "ParamBodyAngleX",
			"Segments": [
				0,
				0,
				1,
				0.211,
				0,
				0.422,
				8,
				0.633,
				8,
				1,
				0.8,
				8,
				0.967,
				-10,
				1.133,
				-10,
				1,
				1.322,
				-10,
				1.511,
				10,
				1.7,
				10,
				1,
				1.867,
				10,
				2.033,
				-3,
				2.2,
				-3,
				1,
				2.4,
				-3,
				2.6,
				10,
				2.8,
				10,
				1,
				3,
				10,
				3.2,
				0,
				3.4,
				0
			]
		},
		{
			"Target": "Parameter",
			"Id": "ParamItiX",
			"Segments": [
				0,
				0,
				1,
				0.011,
				0,
				0.022,
				-0.54,
				0.033,
				-0.54,
				1,
				0.167,
				-0.54,
				0.3,
				-0.797,
				0.433,
				0,
				1,
				0.811,
				2.258,
				1.189,
				6,
				1.567,
				6,
				1,
				2.1,
				6,
				2.633,
				-0.069,
				3.167,
				-0.069,
				1,
				3.244,
				-0.069,
				3.322,
				0,
				3.4,
				0
			]
		},
		{
			"Target": "Parameter",
			"Id": "ParamItiY",
			"Segments": [
				0,
				0,
				1,
				0.011,
				0,
				0.022,
				0.86,
				0.033,
				0.86,
				1,
				0.167,
				0.86,
				0.3,
				1.049,
				0.433,
				0,
				1,
				0.567,
				-1.049,
				0.7,
				-21,
				0.833,
				-21,
				1,
				1.078,
				-21,
				1.322,
				-21,
				1.567,
				-21,
				1,
				2.1,
				-21,
				2.633,
				-2.155,
				3.167,
				-0.069,
				1,
				3.244,
				0.236,
				3.322,
				0,
				3.4,
				0
			]
		},
		{
			"Target": "Parameter",
			"Id": "ParamBreat",
			"Segments": [
				0,
				0,
				1,
				0.333,
				0,
				0.667,
				0,
				1,
				0,
				1,
				1.189,
				0,
				1.378,
				0,
				1.567,
				0,
				1,
				1.878,
				0,
				2.189,
				0,
				2.5,
				0,
				1,
				2.578,
				0,
				2.656,
				0.5,
				2.733,
				0.5,
				0,
				3.4,
				0.5
			]
		},
		{
			"Target": "Parameter",
			"Id": "ParamHairFront",
			"Segments": [
				0,
				0,
				1,
				0.278,
				0,
				0.556,
				-0.512,
				0.833,
				-0.512,
				1,
				1.044,
				-0.512,
				1.256,
				0.205,
				1.467,
				0.205,
				1,
				1.644,
				0.205,
				1.822,
				-0.256,
				2,
				-0.256,
				1,
				2.167,
				-0.256,
				2.333,
				0,
				2.5,
				0,
				1,
				2.578,
				0,
				2.656,
				0,
				2.733,
				0,
				0,
				3.4,
				0
			]
		},
		{
			"Target": "Parameter",
			"Id": "ParamHairSide",
			"Segments": [
				0,
				0,
				1,
				0.289,
				0,
				0.578,
				-0.512,
				0.867,
				-0.512,
				1,
				1.078,
				-0.512,
				1.289,
				0.205,
				1.5,
				0.205,
				1,
				1.678,
				0.205,
				1.856,
				-0.205,
				2.033,
				-0.205,
				1,
				2.2,
				-0.205,
				2.367,
				-0.061,
				2.533,
				0,
				1,
				2.6,
				0.025,
				2.667,
				0.015,
				2.733,
				0.015,
				0,
				3.4,
				0.015
			]
		},
		{
			"Target": "Parameter",
			"Id": "ParamHairBack",
			"Segments": [
				0,
				0,
				1,
				0.3,
				0,
				0.6,
				-0.512,
				0.9,
				-0.512,
				1,
				1.111,
				-0.512,
				1.322,
				0.256,
				1.533,
				0.256,
				1,
				1.711,
				0.256,
				1.889,
				-0.205,
				2.067,
				-0.205,
				1,
				2.233,
				-0.205,
				2.4,
				-0.126,
				2.567,
				0,
				1,
				2.622,
				0.042,
				2.678,
				0.051,
				2.733,
				0.051,
				0,
				3.4,
				0.051
			]
		},
		{
			"Target": "Parameter",
			"Id": "ParamHairF",
			"Segments": [
				0,
				0,
				1,
				0.289,
				0,
				0.578,
				1,
				0.867,
				1,
				1,
				1.078,
				1,
				1.289,
				-0.2,
				1.5,
				-0.2,
				1,
				1.678,
				-0.2,
				1.856,
				0.1,
				2.033,
				0.1,
				1,
				2.2,
				0.1,
				2.367,
				0,
				2.533,
				0,
				1,
				2.6,
				0,
				2.667,
				0,
				2.733,
				0,
				0,
				3.4,
				0
			]
		},
		{
			"Target": "Parameter",
			"Id": "ParamLeftArm1",
			"Segments": [
				0,
				0,
				1,
				0.256,
				0,
				0.511,
				-0.59,
				0.767,
				-0.7,
				1,
				1.378,
				-0.964,
				1.989,
				-1,
				2.6,
				-1,
				1,
				2.822,
				-1,
				3.044,
				0,
				3.267,
				0,
				1,
				3.311,
				0,
				3.356,
				0,
				3.4,
				0
			]
		},
		{
			"Target": "Parameter",
			"Id": "ParamRightArm1",
			"Segments": [
				0,
				0,
				1,
				0.011,
				0,
				0.022,
				-0.194,
				0.033,
				-0.194,
				1,
				0.278,
				-0.194,
				0.522,
				0.583,
				0.767,
				0.652,
				1,
				1.3,
				0.802,
				1.833,
				0.864,
				2.367,
				0.973,
				1,
				2.444,
				0.989,
				2.522,
				1,
				2.6,
				1,
				1,
				2.822,
				1,
				3.044,
				-0.053,
				3.267,
				-0.053,
				1,
				3.311,
				-0.053,
				3.356,
				0,
				3.4,
				0
			]
		},
		{
			"Target": "Parameter",
			"Id": "ParamFingerAlp",
			"Segments": [
				0,
				0,
				1,
				0.256,
				0,
				0.511,
				1,
				0.767,
				1,
				1,
				1.478,
				1,
				2.189,
				1,
				2.9,
				1,
				1,
				3.022,
				1,
				3.144,
				0,
				3.267,
				0,
				0,
				3.4,
				0
			]
		},
		{
			"Target": "Parameter",
			"Id": "ParamRightArm2",
			"Segments": [
				0,
				0,
				1,
				0.356,
				0,
				0.711,
				1,
				1.067,
				1,
				1,
				1.633,
				1,
				2.2,
				1,
				2.767,
				1,
				1,
				2.933,
				1,
				3.1,
				0,
				3.267,
				0,
				1,
				3.311,
				0,
				3.356,
				0,
				3.4,
				0
			]
		},
		{
			"Target": "Parameter",
			"Id": "ParamRightArm3",
			"Segments": [
				0,
				0,
				1,
				0.356,
				0,
				0.711,
				1,
				1.067,
				1,
				1,
				1.633,
				1,
				2.2,
				1,
				2.767,
				1,
				1,
				2.933,
				1,
				3.1,
				0,
				3.267,
				0,
				1,
				3.311,
				0,
				3.356,
				0,
				3.4,
				0
			]
		},
		{
			"Target": "Parameter",
			"Id": "ParamRightArm4",
			"Segments": [
				0,
				0,
				1,
				0.356,
				0,
				0.711,
				1,
				1.067,
				1,
				1,
				1.633,
				1,
				2.2,
				1,
				2.767,
				1,
				1,
				2.933,
				1,
				3.1,
				0,
				3.267,
				0,
				1,
				3.311,
				0,
				3.356,
				0,
				3.4,
				0
			]
		},
		{
			"Target": "Parameter",
			"Id": "ParamSideRibonX",
			"Segments": [
				0,
				0,
				1,
				0.344,
				0,
				0.689,
				0.1,
				1.033,
				0.1,
				1,
				1.222,
				0.1,
				1.411,
				-0.1,
				1.6,
				-0.1,
				1,
				1.789,
				-0.1,
				1.978,
				0,
				2.167,
				0,
				1,
				2.356,
				0,
				2.544,
				0,
				2.733,
				0,
				0,
				3.4,
				0
			]
		},
		{
			"Target": "Parameter",
			"Id": "ParamSideRibonY",
			"Segments": [
				0,
				0,
				1,
				0.344,
				0,
				0.689,
				-0.3,
				1.033,
				-0.3,
				1,
				1.222,
				-0.3,
				1.411,
				0,
				1.6,
				0,
				1,
				1.789,
				0,
				1.978,
				0,
				2.167,
				0,
				1,
				2.356,
				0,
				2.544,
				0,
				2.733,
				0,
				0,
				3.4,
				0
			]
		},
		{
			"Target": "Parameter",
			"Id": "ParamCRibonX",
			"Segments": [
				0,
				0,
				1,
				0.344,
				0,
				0.689,
				0.4,
				1.033,
				0.4,
				1,
				1.222,
				0.4,
				1.411,
				-0.1,
				1.6,
				-0.1,
				1,
				1.789,
				-0.1,
				1.978,
				0,
				2.167,
				0,
				1,
				2.356,
				0,
				2.544,
				0,
				2.733,
				0,
				0,
				3.4,
				0
			]
		},
		{
			"Target": "Parameter",
			"Id": "ParamCRibonY",
			"Segments": [
				0,
				0,
				1,
				0.344,
				0,
				0.689,
				0.1,
				1.033,
				0.1,
				1,
				1.222,
				0.1,
				1.411,
				0,
				1.6,
				0,
				1,
				1.789,
				0,
				1.978,
				0,
				2.167,
				0,
				1,
				2.356,
				0,
				2.544,
				0,
				2.733,
				0,
				0,
				3.4,
				0
			]
		},
		{
			"Target": "Parameter",
			"Id": "ParamFinger1",
			"Segments": [
				0,
				0,
				1,
				0.056,
				0,
				0.111,
				0.77,
				0.167,
				0.77,
				1,
				0.5,
				0.77,
				0.833,
				0,
				1.167,
				0,
				1,
				1.689,
				0,
				2.211,
				0.3,
				2.733,
				0.3,
				0,
				3.4,
				0.3
			]
		},
		{
			"Target": "Parameter",
			"Id": "ParamFinger2",
			"Segments": [
				0,
				0,
				1,
				0.056,
				0,
				0.111,
				0.9,
				0.167,
				0.9,
				1,
				0.5,
				0.9,
				0.833,
				0,
				1.167,
				0,
				1,
				1.689,
				0,
				2.211,
				0.3,
				2.733,
				0.3,
				0,
				3.4,
				0.3
			]
		},
		{
			"Target": "Parameter",
			"Id": "ParamFinger3",
			"Segments": [
				0,
				0,
				1,
				0.056,
				0,
				0.111,
				1,
				0.167,
				1,
				1,
				0.5,
				1,
				0.833,
				0,
				1.167,
				0,
				1,
				1.689,
				0,
				2.211,
				0.3,
				2.733,
				0.3,
				0,
				3.4,
				0.3
			]
		},
		{
			"Target": "Parameter",
			"Id": "ParamFinger4",
			"Segments": [
				0,
				0,
				1,
				0.056,
				0,
				0.111,
				2.08,
				0.167,
				2.08,
				1,
				0.5,
				2.08,
				0.833,
				0,
				1.167,
				0,
				1,
				1.689,
				0,
				2.211,
				0.3,
				2.733,
				0.3,
				0,
				3.4,
				0.3
			]
		},
		{
			"Target": "Parameter",
			"Id": "ParamFinger5",
			"Segments": [
				0,
				0,
				1,
				0.056,
				0,
				0.111,
				1.42,
				0.167,
				1.42,
				1,
				0.5,
				1.42,
				0.833,
				0,
				1.167,
				0,
				1,
				1.689,
				0,
				2.211,
				0.3,
				2.733,
				0.3,
				0,
				3.4,
				0.3
			]
		},
		{
			"Target": "Parameter",
			"Id": "ParamAseHead",
			"Segments": [
				0,
				0,
				1,
				0.122,
				0,
				0.244,
				0,
				0.367,
				0,
				1,
				0.578,
				0,
				0.789,
				1,
				1,
				1,
				2,
				1.033,
				0,
				1,
				1.067,
				0,
				1.1,
				0,
				1.133,
				0,
				1,
				1.333,
				0,
				1.533,
				1,
				1.733,
				1,
				2,
				1.767,
				0,
				1,
				1.778,
				0,
				1.789,
				0,
				1.8,
				0,
				1,
				2.011,
				0,
				2.222,
				1,
				2.433,
				1,
				2,
				2.467,
				0,
				1,
				2.778,
				0,
				3.089,
				0,
				3.4,
				0
			]
		},
		{
			"Target": "Parameter",
			"Id": "ParamAseUde",
			"Segments": [
				0,
				0,
				1,
				0.122,
				0,
				0.244,
				0,
				0.367,
				0,
				1,
				0.578,
				0,
				0.789,
				1,
				1,
				1,
				2,
				1.033,
				0,
				1,
				1.067,
				0,
				1.1,
				0,
				1.133,
				0,
				1,
				1.333,
				0,
				1.533,
				1,
				1.733,
				1,
				2,
				1.767,
				0,
				1,
				1.778,
				0,
				1.789,
				0,
				1.8,
				0,
				1,
				2.011,
				0,
				2.222,
				1,
				2.433,
				1,
				2,
				2.467,
				0,
				1,
				2.778,
				0,
				3.089,
				0,
				3.4,
				0
			]
		},
		{
			"Target": "Parameter",
			"Id": "ParamAsePai",
			"Segments": [
				0,
				0,
				1,
				0.122,
				0,
				0.244,
				0,
				0.367,
				0,
				1,
				0.578,
				0,
				0.789,
				1,
				1,
				1,
				2,
				1.033,
				0,
				1,
				1.067,
				0,
				1.1,
				0,
				1.133,
				0,
				1,
				1.333,
				0,
				1.533,
				1,
				1.733,
				1,
				2,
				1.767,
				0,
				1,
				1.778,
				0,
				1.789,
				0,
				1.8,
				0,
				1,
				2.011,
				0,
				2.222,
				1,
				2.433,
				1,
				2,
				2.467,
				0,
				1,
				2.778,
				0,
				3.089,
				0,
				3.4,
				0
			]
		},
		{
			"Target": "Parameter",
			"Id": "ParamAseTop",
			"Segments": [
				0,
				0,
				1,
				0.122,
				0,
				0.244,
				0,
				0.367,
				0,
				1,
				0.578,
				0,
				0.789,
				1,
				1,
				1,
				2,
				1.033,
				0,
				1,
				1.067,
				0,
				1.1,
				0,
				1.133,
				0,
				1,
				1.333,
				0,
				1.533,
				1,
				1.733,
				1,
				2,
				1.767,
				0,
				1,
				1.778,
				0,
				1.789,
				0,
				1.8,
				0,
				1,
				2.011,
				0,
				2.222,
				1,
				2.433,
				1,
				2,
				2.467,
				0,
				1,
				2.778,
				0,
				3.089,
				0,
				3.4,
				0
			]
		},
		{
			"Target": "Parameter",
			"Id": "ParamAseDown",
			"Segments": [
				0,
				0,
				1,
				0.122,
				0,
				0.244,
				0,
				0.367,
				0,
				1,
				0.578,
				0,
				0.789,
				1,
				1,
				1,
				2,
				1.033,
				0,
				1,
				1.067,
				0,
				1.1,
				0,
				1.133,
				0,
				1,
				1.333,
				0,
				1.533,
				1,
				1.733,
				1,
				2,
				1.767,
				0,
				1,
				1.778,
				0,
				1.789,
				0,
				1.8,
				0,
				1,
				2.011,
				0,
				2.222,
				1,
				2.433,
				1,
				2,
				2.467,
				0,
				1,
				2.778,
				0,
				3.089,
				0,
				3.4,
				0
			]
		}
	]
}