{
	"Version": 3,
	"Meta": {
		"Duration": 3.4,
		"Fps": 30.0,
		"Loop": true,
		"AreBeziersRestricted": false,
		"CurveCount": 45,
		"TotalSegmentCount": 300,
		"TotalPointCount": 901,
		"UserDataCount": 0,
		"TotalUserDataSize": 0
	},
	"Curves": [
		{
			"Target": "Parameter",
			"Id": "ParamPaiRX",
			"Segments": [
				0,
				0,
				0,
				0.1,
				0,
				1,
				0.311,
				0,
				0.522,
				30,
				0.733,
				30,
				1,
				0.833,
				30,
				0.933,
				9.673,
				1.033,
				0,
				1,
				1.222,
				-18.271,
				1.411,
				-22,
				1.6,
				-22,
				1,
				1.667,
				-22,
				1.733,
				-12.975,
				1.8,
				3,
				1,
				1.878,
				21.637,
				1.956,
				30,
				2.033,
				30,
				1,
				2.111,
				30,
				2.189,
				13.444,
				2.267,
				1,
				1,
				2.344,
				-11.444,
				2.422,
				-13,
				2.5,
				-13,
				1,
				2.589,
				-13,
				2.678,
				0,
				2.767,
				0,
				1,
				2.856,
				0,
				2.944,
				-0.758,
				3.033,
				-3,
				1,
				3.1,
				-4.682,
				3.167,
				-6.672,
				3.233,
				-9.06,
				1,
				3.289,
				-11.05,
				3.344,
				-12.95,
				3.4,
				-12.95
			]
		},
		{
			"Target": "Parameter",
			"Id": "ParamPaiRY",
			"Segments": [
				0,
				0,
				0,
				0.1,
				0,
				1,
				0.311,
				0,
				0.522,
				-25,
				0.733,
				-25,
				1,
				0.833,
				-25,
				0.933,
				-19.011,
				1.033,
				-1,
				1,
				1.133,
				17.011,
				1.233,
				30,
				1.333,
				30,
				1,
				1.422,
				30,
				1.511,
				25.111,
				1.6,
				4,
				1,
				1.667,
				-11.834,
				1.733,
				-30,
				1.8,
				-30,
				1,
				1.878,
				-30,
				1.956,
				-20.976,
				2.033,
				-1,
				1,
				2.111,
				18.976,
				2.189,
				30,
				2.267,
				30,
				1,
				2.344,
				30,
				2.422,
				12.907,
				2.5,
				2,
				1,
				2.589,
				-10.465,
				2.678,
				-12,
				2.767,
				-12,
				1,
				2.856,
				-12,
				2.944,
				0,
				3.033,
				0,
				1,
				3.156,
				0,
				3.278,
				-1,
				3.4,
				-1
			]
		},
		{
			"Target": "Parameter",
			"Id": "ParamPaiRX2",
			"Segments": [
				0,
				0,
				1,
				0.1,
				0,
				0.2,
				6.566,
				0.3,
				6.566,
				1,
				0.511,
				6.566,
				0.722,
				6.005,
				0.933,
				0,
				1,
				1.067,
				-3.793,
				1.2,
				-19.452,
				1.333,
				-19.452,
				1,
				1.411,
				-19.452,
				1.489,
				-12.239,
				1.567,
				0.117,
				1,
				1.611,
				7.177,
				1.656,
				9.822,
				1.7,
				9.822,
				1,
				1.756,
				9.822,
				1.811,
				4.916,
				1.867,
				-1.114,
				1,
				1.911,
				-5.938,
				1.956,
				-7.114,
				2,
				-7.114,
				1,
				2.089,
				-7.114,
				2.178,
				-0.114,
				2.267,
				-0.114,
				1,
				2.356,
				-0.114,
				2.444,
				-2.945,
				2.533,
				-2.945,
				1,
				2.6,
				-2.945,
				2.667,
				-0.114,
				2.733,
				-0.114,
				1,
				2.822,
				-0.114,
				2.911,
				-2.945,
				3,
				-2.945,
				0,
				3.4,
				-2.945
			]
		},
		{
			"Target": "Parameter",
			"Id": "ParamPaiRY2",
			"Segments": [
				0,
				0,
				1,
				0.078,
				0,
				0.156,
				-6.581,
				0.233,
				-6.581,
				1,
				0.467,
				-6.581,
				0.7,
				-5.77,
				0.933,
				-1,
				1,
				1.044,
				1.272,
				1.156,
				9.643,
				1.267,
				9.643,
				1,
				1.3,
				9.643,
				1.333,
				3.721,
				1.367,
				-0.883,
				1,
				1.422,
				-8.556,
				1.478,
				-10.518,
				1.533,
				-10.518,
				1,
				1.589,
				-10.518,
				1.644,
				-6.006,
				1.7,
				0,
				1,
				1.756,
				6.006,
				1.811,
				7.914,
				1.867,
				7.914,
				1,
				1.911,
				7.914,
				1.956,
				3.51,
				2,
				0,
				1,
				2.089,
				-7.019,
				2.178,
				-9.114,
				2.267,
				-9.114,
				1,
				2.356,
				-9.114,
				2.444,
				-2.002,
				2.533,
				-1.114,
				1,
				2.6,
				-0.448,
				2.667,
				-0.344,
				2.733,
				-0.114,
				1,
				2.822,
				0.192,
				2.911,
				0.259,
				3,
				0.259,
				0,
				3.4,
				0.259
			]
		},
		{
			"Target": "Parameter",
			"Id": "ParamPaiLX",
			"Segments": [
				0,
				0,
				0,
				0.1,
				0,
				1,
				0.311,
				0,
				0.522,
				24,
				0.733,
				24,
				1,
				0.833,
				24,
				0.933,
				1.19,
				1.033,
				0,
				1,
				1.133,
				-1.19,
				1.233,
				-1,
				1.333,
				-1,
				1,
				1.433,
				-1,
				1.533,
				30,
				1.633,
				30,
				1,
				1.7,
				30,
				1.767,
				15.86,
				1.833,
				2,
				1,
				1.911,
				-14.169,
				1.989,
				-18,
				2.067,
				-18,
				1,
				2.144,
				-18,
				2.222,
				-9.04,
				2.3,
				0,
				1,
				2.378,
				9.04,
				2.456,
				11,
				2.533,
				11,
				1,
				2.622,
				11,
				2.711,
				0,
				2.8,
				0,
				1,
				2.889,
				0,
				2.978,
				1.345,
				3.067,
				6.497,
				1,
				3.178,
				12.936,
				3.289,
				18,
				3.4,
				18
			]
		},
		{
			"Target": "Parameter",
			"Id": "ParamPaiLY",
			"Segments": [
				0,
				0,
				0,
				0.1,
				0,
				1,
				0.311,
				0,
				0.522,
				-16,
				0.733,
				-16,
				1,
				0.833,
				-16,
				0.933,
				-13.776,
				1.033,
				0,
				1,
				1.133,
				13.776,
				1.233,
				30,
				1.333,
				30,
				1,
				1.433,
				30,
				1.533,
				23.018,
				1.633,
				0,
				1,
				1.7,
				-15.345,
				1.767,
				-30,
				1.833,
				-30,
				1,
				1.911,
				-30,
				1.989,
				-14.06,
				2.067,
				-1,
				1,
				2.144,
				12.06,
				2.222,
				14,
				2.3,
				14,
				1,
				2.378,
				14,
				2.456,
				9.711,
				2.533,
				1,
				1,
				2.622,
				-8.955,
				2.711,
				-14,
				2.8,
				-14,
				1,
				2.889,
				-14,
				2.978,
				-2.677,
				3.067,
				-1,
				1,
				3.133,
				0.258,
				3.2,
				0,
				3.267,
				0,
				1,
				3.311,
				0,
				3.356,
				-2,
				3.4,
				-2
			]
		},
		{
			"Target": "Parameter",
			"Id": "ParamPaiLX2",
			"Segments": [
				0,
				0,
				1,
				0.078,
				0,
				0.156,
				3,
				0.233,
				3,
				1,
				0.467,
				3,
				0.7,
				0,
				0.933,
				0,
				1,
				1.033,
				0,
				1.133,
				-0.039,
				1.233,
				1,
				1,
				1.311,
				1.808,
				1.389,
				6.769,
				1.467,
				6.769,
				1,
				1.522,
				6.769,
				1.578,
				5.742,
				1.633,
				2,
				1,
				1.711,
				-3.239,
				1.789,
				-7.061,
				1.867,
				-7.061,
				1,
				1.922,
				-7.061,
				1.978,
				-3.613,
				2.033,
				0,
				1,
				2.1,
				4.336,
				2.167,
				5.505,
				2.233,
				5.505,
				1,
				2.3,
				5.505,
				2.367,
				1.622,
				2.433,
				0,
				1,
				2.511,
				-1.892,
				2.589,
				-2,
				2.667,
				-2,
				1,
				2.722,
				-2,
				2.778,
				-0.203,
				2.833,
				1.74,
				1,
				2.878,
				3.295,
				2.922,
				3.595,
				2.967,
				3.595,
				0,
				3.4,
				3.595
			]
		},
		{
			"Target": "Parameter",
			"Id": "ParamPaiLY2",
			"Segments": [
				0,
				0,
				1,
				0.078,
				0,
				0.156,
				-6,
				0.233,
				-6,
				1,
				0.467,
				-6,
				0.7,
				-5.332,
				0.933,
				-1,
				1,
				1.044,
				1.063,
				1.156,
				10.214,
				1.267,
				10.214,
				1,
				1.333,
				10.214,
				1.4,
				8.482,
				1.467,
				1,
				1,
				1.522,
				-5.235,
				1.578,
				-11.959,
				1.633,
				-11.959,
				1,
				1.7,
				-11.959,
				1.767,
				-4.44,
				1.833,
				1,
				1,
				1.889,
				5.533,
				1.944,
				5.867,
				2,
				5.867,
				1,
				2.067,
				5.867,
				2.133,
				3.633,
				2.2,
				0,
				1,
				2.278,
				-4.239,
				2.356,
				-6,
				2.433,
				-6,
				1,
				2.511,
				-6,
				2.589,
				-2.553,
				2.667,
				-1,
				1,
				2.722,
				0.109,
				2.778,
				0,
				2.833,
				0,
				1,
				2.878,
				0,
				2.922,
				-0.671,
				2.967,
				-0.671,
				0,
				3.4,
				-0.671
			]
		},
		{
			"Target": "Parameter",
			"Id": "ParamAngleX",
			"Segments": [
				0,
				0,
				1,
				0.167,
				0,
				0.333,
				-12,
				0.5,
				-12,
				1,
				0.622,
				-12,
				0.744,
				-2,
				0.867,
				-2,
				1,
				1.022,
				-2,
				1.178,
				-24,
				1.333,
				-24,
				1,
				1.567,
				-24,
				1.8,
				-24,
				2.033,
				-24,
				1,
				2.222,
				-24,
				2.411,
				-17.744,
				2.6,
				-10,
				1,
				2.789,
				-2.256,
				2.978,
				0,
				3.167,
				0,
				1,
				3.244,
				0,
				3.322,
				0,
				3.4,
				0
			]
		},
		{
			"Target": "Parameter",
			"Id": "ParamAngleY",
			"Segments": [
				0,
				0,
				1,
				0.167,
				0,
				0.333,
				4.562,
				0.5,
				16,
				1,
				0.622,
				24.388,
				0.744,
				30,
				0.867,
				30,
				1,
				1.022,
				30,
				1.178,
				-5,
				1.333,
				-5,
				1,
				1.567,
				-5,
				1.8,
				-5,
				2.033,
				-5,
				1,
				2.222,
				-5,
				2.411,
				14,
				2.6,
				14,
				1,
				2.789,
				14,
				2.978,
				-1,
				3.167,
				-1,
				1,
				3.244,
				-1,
				3.322,
				0,
				3.4,
				0
			]
		},
		{
			"Target": "Parameter",
			"Id": "ParamAngleZ",
			"Segments": [
				0,
				0,
				1,
				0.167,
				0,
				0.333,
				-30,
				0.5,
				-30,
				1,
				0.622,
				-30,
				0.744,
				-26.963,
				0.867,
				-19,
				1,
				1.022,
				-8.866,
				1.178,
				12.089,
				1.333,
				13.66,
				1,
				1.567,
				16.017,
				1.8,
				16,
				2.033,
				16,
				1,
				2.222,
				16,
				2.411,
				-6,
				2.6,
				-6,
				1,
				2.789,
				-6,
				2.978,
				0,
				3.167,
				0,
				1,
				3.244,
				0,
				3.322,
				0,
				3.4,
				0
			]
		},
		{
			"Target": "Parameter",
			"Id": "ParamEyeLOpen",
			"Segments": [
				0,
				1,
				1,
				0.067,
				1,
				0.133,
				1,
				0.2,
				1,
				1,
				0.233,
				1,
				0.267,
				0,
				0.3,
				0,
				1,
				0.322,
				0,
				0.344,
				0,
				0.367,
				0,
				1,
				0.4,
				0,
				0.433,
				1,
				0.467,
				1,
				1,
				1.2,
				1,
				1.933,
				1,
				2.667,
				1,
				1,
				2.7,
				1,
				2.733,
				0,
				2.767,
				0,
				1,
				2.789,
				0,
				2.811,
				0,
				2.833,
				0,
				1,
				2.867,
				0,
				2.9,
				1,
				2.933,
				1,
				0,
				3.4,
				1
			]
		},
		{
			"Target": "Parameter",
			"Id": "ParamEyeROpen",
			"Segments": [
				0,
				1,
				1,
				0.067,
				1,
				0.133,
				1,
				0.2,
				1,
				1,
				0.233,
				1,
				0.267,
				0,
				0.3,
				0,
				1,
				0.322,
				0,
				0.344,
				0,
				0.367,
				0,
				1,
				0.4,
				0,
				0.433,
				1,
				0.467,
				1,
				1,
				1.2,
				1,
				1.933,
				1,
				2.667,
				1,
				1,
				2.7,
				1,
				2.733,
				0,
				2.767,
				0,
				1,
				2.789,
				0,
				2.811,
				0,
				2.833,
				0,
				1,
				2.867,
				0,
				2.9,
				1,
				2.933,
				1,
				0,
				3.4,
				1
			]
		},
		{
			"Target": "Parameter",
			"Id": "ParamMouthForm",
			"Segments": [
				0,
				0,
				1,
				0.289,
				0,
				0.578,
				0,
				0.867,
				0,
				1,
				1.078,
				0,
				1.289,
				1,
				1.5,
				1,
				1,
				1.733,
				1,
				1.967,
				1,
				2.2,
				1,
				1,
				2.333,
				1,
				2.467,
				0,
				2.6,
				0,
				0,
				3.4,
				0
			]
		},
		{
			"Target": "Parameter",
			"Id": "ParamMouthOpenY",
			"Segments": [
				0,
				0,
				1,
				0.2,
				0,
				0.4,
				1,
				0.6,
				1,
				1,
				0.9,
				1,
				1.2,
				0,
				1.5,
				0,
				0,
				3.4,
				0
			]
		},
		{
			"Target": "Parameter",
			"Id": "ParamCheek",
			"Segments": [
				0,
				0,
				1,
				0.4,
				0,
				0.8,
				1,
				1.2,
				1,
				1,
				1.467,
				1,
				1.733,
				1,
				2,
				1,
				1,
				2.289,
				1,
				2.578,
				0,
				2.867,
				0,
				0,
				3.4,
				0
			]
		},
		{
			"Target": "Parameter",
			"Id": "ParamBodyAngleX",
			"Segments": [
				0,
				0,
				1,
				0.011,
				0,
				0.022,
				1.038,
				0.033,
				1.342,
				1,
				0.178,
				5.289,
				0.322,
				7.011,
				0.467,
				7.011,
				1,
				0.8,
				7.011,
				1.133,
				2.112,
				1.467,
				-5.134,
				1,
				1.644,
				-8.999,
				1.822,
				-10,
				2,
				-10,
				1,
				2.289,
				-10,
				2.578,
				0,
				2.867,
				0,
				1,
				3.044,
				0,
				3.222,
				0,
				3.4,
				0
			]
		},
		{
			"Target": "Parameter",
			"Id": "ParamBodyAngleX2",
			"Segments": [
				0,
				0,
				0,
				3.4,
				0
			]
		},
		{
			"Target": "Parameter",
			"Id": "ParamItiX",
			"Segments": [
				0,
				0,
				1,
				0.256,
				0,
				0.511,
				0,
				0.767,
				0,
				1,
				0.889,
				0,
				1.011,
				1.729,
				1.133,
				1.938,
				1,
				1.356,
				2.316,
				1.578,
				2.327,
				1.8,
				2.327,
				1,
				2.011,
				2.327,
				2.222,
				-0.835,
				2.433,
				-0.835,
				1,
				2.622,
				-0.835,
				2.811,
				0.036,
				3,
				0.036,
				1,
				3.133,
				0.036,
				3.267,
				0,
				3.4,
				0
			]
		},
		{
			"Target": "Parameter",
			"Id": "ParamItiY",
			"Segments": [
				0,
				0,
				1,
				0.256,
				0,
				0.511,
				0,
				0.767,
				0,
				1,
				0.889,
				0,
				1.011,
				-9.412,
				1.133,
				-9.722,
				1,
				1.367,
				-10.315,
				1.6,
				-10.321,
				1.833,
				-10.321,
				1,
				2.033,
				-10.321,
				2.233,
				0.872,
				2.433,
				0.872,
				1,
				2.622,
				0.872,
				2.811,
				0.113,
				3,
				0.036,
				1,
				3.133,
				-0.017,
				3.267,
				0,
				3.4,
				0
			]
		},
		{
			"Target": "Parameter",
			"Id": "ParamBreat",
			"Segments": [
				0,
				0,
				1,
				0.2,
				0,
				0.4,
				1,
				0.6,
				1,
				1,
				0.933,
				1,
				1.267,
				0,
				1.6,
				0,
				1,
				1.867,
				0,
				2.133,
				1,
				2.4,
				1,
				1,
				2.733,
				1,
				3.067,
				0.5,
				3.4,
				0.5
			]
		},
		{
			"Target": "Parameter",
			"Id": "ParamHairFront",
			"Segments": [
				0,
				-0.002,
				1,
				0.111,
				-0.002,
				0.222,
				0.625,
				0.333,
				0.625,
				1,
				0.567,
				0.625,
				0.8,
				-0.629,
				1.033,
				-0.629,
				1,
				1.244,
				-0.629,
				1.456,
				0.249,
				1.667,
				0.249,
				1,
				1.867,
				0.249,
				2.067,
				-0.253,
				2.267,
				-0.253,
				1,
				2.456,
				-0.253,
				2.644,
				-0.002,
				2.833,
				-0.002,
				1,
				3.022,
				-0.002,
				3.211,
				-0.002,
				3.4,
				-0.002
			]
		},
		{
			"Target": "Parameter",
			"Id": "ParamHairSide",
			"Segments": [
				0,
				-0.002,
				0,
				0.033,
				-0.002,
				1,
				0.144,
				-0.002,
				0.256,
				0.5,
				0.367,
				0.5,
				1,
				0.6,
				0.5,
				0.833,
				-0.629,
				1.067,
				-0.629,
				1,
				1.278,
				-0.629,
				1.489,
				0.312,
				1.7,
				0.312,
				1,
				1.9,
				0.312,
				2.1,
				-0.19,
				2.3,
				-0.19,
				1,
				2.489,
				-0.19,
				2.678,
				-0.026,
				2.867,
				-0.002,
				1,
				3.044,
				0.021,
				3.222,
				0.017,
				3.4,
				0.017
			]
		},
		{
			"Target": "Parameter",
			"Id": "ParamHairBack",
			"Segments": [
				0,
				-0.002,
				0,
				0.067,
				-0.002,
				1,
				0.178,
				-0.002,
				0.289,
				0.375,
				0.4,
				0.375,
				1,
				0.633,
				0.375,
				0.867,
				-0.629,
				1.1,
				-0.629,
				1,
				1.311,
				-0.629,
				1.522,
				0.249,
				1.733,
				0.249,
				1,
				1.933,
				0.249,
				2.133,
				-0.19,
				2.333,
				-0.19,
				1,
				2.522,
				-0.19,
				2.711,
				-0.073,
				2.9,
				-0.002,
				1,
				3.067,
				0.061,
				3.233,
				0.061,
				3.4,
				0.061
			]
		},
		{
			"Target": "Parameter",
			"Id": "ParamHairF",
			"Segments": [
				0,
				0,
				0,
				0.067,
				0,
				1,
				0.7,
				0,
				1.333,
				-0.4,
				1.967,
				-0.4,
				1,
				2.278,
				-0.4,
				2.589,
				0,
				2.9,
				0,
				1,
				3.067,
				0,
				3.233,
				0,
				3.4,
				0
			]
		},
		{
			"Target": "Parameter",
			"Id": "ParamLeftArm1",
			"Segments": [
				0,
				0,
				1,
				0.111,
				0,
				0.222,
				0.2,
				0.333,
				0.2,
				1,
				0.389,
				0.2,
				0.444,
				0.2,
				0.5,
				0.2,
				1,
				0.678,
				0.2,
				0.856,
				0.783,
				1.033,
				0.94,
				1,
				1.133,
				1.028,
				1.233,
				1,
				1.333,
				1,
				1,
				1.456,
				1,
				1.578,
				1,
				1.7,
				1,
				1,
				1.8,
				1,
				1.9,
				1.032,
				2,
				0.94,
				1,
				2.222,
				0.736,
				2.444,
				0.2,
				2.667,
				0.2,
				1,
				2.7,
				0.2,
				2.733,
				0.2,
				2.767,
				0.2,
				1,
				2.978,
				0.2,
				3.189,
				0,
				3.4,
				0
			]
		},
		{
			"Target": "Parameter",
			"Id": "ParamRightArm1",
			"Segments": [
				0,
				0,
				1,
				0.011,
				0,
				0.022,
				0.108,
				0.033,
				0.135,
				1,
				0.178,
				0.483,
				0.322,
				0.631,
				0.467,
				0.631,
				1,
				0.656,
				0.631,
				0.844,
				0.346,
				1.033,
				0,
				1,
				1.189,
				-0.285,
				1.344,
				-0.352,
				1.5,
				-0.352,
				1,
				1.733,
				-0.352,
				1.967,
				-0.352,
				2.2,
				-0.146,
				1,
				2.389,
				0.02,
				2.578,
				0.502,
				2.767,
				0.502,
				1,
				2.978,
				0.502,
				3.189,
				0,
				3.4,
				0
			]
		},
		{
			"Target": "Parameter",
			"Id": "ParamFingerAlp",
			"Segments": [
				0,
				0,
				1,
				0.111,
				0,
				0.222,
				1,
				0.333,
				1,
				1,
				1.144,
				1,
				1.956,
				1,
				2.767,
				1,
				1,
				2.978,
				1,
				3.189,
				0,
				3.4,
				0
			]
		},
		{
			"Target": "Parameter",
			"Id": "ParamRightArm2",
			"Segments": [
				0,
				0,
				1,
				1.133,
				0,
				2.267,
				0,
				3.4,
				0
			]
		},
		{
			"Target": "Parameter",
			"Id": "ParamRightArm3",
			"Segments": [
				0,
				0,
				1,
				1.133,
				0,
				2.267,
				0,
				3.4,
				0
			]
		},
		{
			"Target": "Parameter",
			"Id": "ParamRightArm4",
			"Segments": [
				0,
				0,
				1,
				1.133,
				0,
				2.267,
				0,
				3.4,
				0
			]
		},
		{
			"Target": "Parameter",
			"Id": "ParamSideRibonX",
			"Segments": [
				0,
				0,
				1,
				0.156,
				0,
				0.311,
				-0.3,
				0.467,
				-0.3,
				1,
				0.8,
				-0.3,
				1.133,
				0.5,
				1.467,
				0.5,
				1,
				1.667,
				0.5,
				1.867,
				-0.1,
				2.067,
				-0.1,
				1,
				2.267,
				-0.1,
				2.467,
				0,
				2.667,
				0,
				1,
				2.911,
				0,
				3.156,
				0,
				3.4,
				0
			]
		},
		{
			"Target": "Parameter",
			"Id": "ParamSideRibonY",
			"Segments": [
				0,
				0,
				1,
				0.156,
				0,
				0.311,
				0.5,
				0.467,
				0.5,
				1,
				0.8,
				0.5,
				1.133,
				-0.5,
				1.467,
				-0.5,
				1,
				1.667,
				-0.5,
				1.867,
				0,
				2.067,
				0,
				1,
				2.267,
				0,
				2.467,
				0,
				2.667,
				0,
				1,
				2.911,
				0,
				3.156,
				0,
				3.4,
				0
			]
		},
		{
			"Target": "Parameter",
			"Id": "ParamCRibonX",
			"Segments": [
				0,
				0,
				1,
				0.156,
				0,
				0.311,
				-0.3,
				0.467,
				-0.3,
				1,
				0.8,
				-0.3,
				1.133,
				0.8,
				1.467,
				0.8,
				1,
				1.667,
				0.8,
				1.867,
				-0.2,
				2.067,
				-0.2,
				1,
				2.267,
				-0.2,
				2.467,
				0,
				2.667,
				0,
				1,
				2.911,
				0,
				3.156,
				0,
				3.4,
				0
			]
		},
		{
			"Target": "Parameter",
			"Id": "ParamCRibonY",
			"Segments": [
				0,
				0,
				1,
				0.156,
				0,
				0.311,
				-0.3,
				0.467,
				-0.3,
				1,
				0.8,
				-0.3,
				1.133,
				0.5,
				1.467,
				0.5,
				1,
				1.667,
				0.5,
				1.867,
				-0.2,
				2.067,
				-0.2,
				1,
				2.267,
				-0.2,
				2.467,
				0,
				2.667,
				0,
				1,
				2.911,
				0,
				3.156,
				0,
				3.4,
				0
			]
		},
		{
			"Target": "Parameter",
			"Id": "ParamFinger1",
			"Segments": [
				0,
				0,
				1,
				0.111,
				0,
				0.222,
				0,
				0.333,
				0,
				1,
				0.444,
				0,
				0.556,
				3.473,
				0.667,
				5.8,
				1,
				0.833,
				9.291,
				1,
				10,
				1.167,
				10,
				1,
				1.411,
				10,
				1.656,
				10,
				1.9,
				10,
				1,
				2.089,
				10,
				2.278,
				9.301,
				2.467,
				5.8,
				1,
				2.589,
				3.534,
				2.711,
				0,
				2.833,
				0,
				1,
				2.956,
				0,
				3.078,
				0,
				3.2,
				0,
				1,
				3.267,
				0,
				3.333,
				0.3,
				3.4,
				0.3
			]
		},
		{
			"Target": "Parameter",
			"Id": "ParamFinger2",
			"Segments": [
				0,
				0,
				1,
				0.111,
				0,
				0.222,
				0,
				0.333,
				0,
				1,
				0.444,
				0,
				0.556,
				4.304,
				0.667,
				6.4,
				1,
				0.833,
				9.544,
				1,
				10,
				1.167,
				10,
				1,
				1.411,
				10,
				1.656,
				10,
				1.9,
				10,
				1,
				2.089,
				10,
				2.278,
				9.548,
				2.467,
				6.4,
				1,
				2.589,
				4.363,
				2.711,
				0,
				2.833,
				0,
				1,
				2.956,
				0,
				3.078,
				0,
				3.2,
				0,
				1,
				3.267,
				0,
				3.333,
				0.3,
				3.4,
				0.3
			]
		},
		{
			"Target": "Parameter",
			"Id": "ParamFinger3",
			"Segments": [
				0,
				0,
				1,
				0.111,
				0,
				0.222,
				0,
				0.333,
				0,
				1,
				0.444,
				0,
				0.556,
				6.6,
				0.667,
				6.6,
				1,
				0.833,
				6.6,
				1,
				5.1,
				1.167,
				5.1,
				1,
				1.411,
				5.1,
				1.656,
				5.1,
				1.9,
				5.1,
				1,
				2.089,
				5.1,
				2.278,
				6.6,
				2.467,
				6.6,
				1,
				2.589,
				6.6,
				2.711,
				0,
				2.833,
				0,
				1,
				2.956,
				0,
				3.078,
				0,
				3.2,
				0,
				1,
				3.267,
				0,
				3.333,
				0.3,
				3.4,
				0.3
			]
		},
		{
			"Target": "Parameter",
			"Id": "ParamFinger4",
			"Segments": [
				0,
				0,
				1,
				0.111,
				0,
				0.222,
				0,
				0.333,
				0,
				1,
				0.444,
				0,
				0.556,
				6.5,
				0.667,
				6.5,
				1,
				0.833,
				6.5,
				1,
				0,
				1.167,
				0,
				1,
				1.411,
				0,
				1.656,
				0,
				1.9,
				0,
				1,
				2.089,
				0,
				2.278,
				6.5,
				2.467,
				6.5,
				1,
				2.589,
				6.5,
				2.711,
				0,
				2.833,
				0,
				1,
				2.956,
				0,
				3.078,
				0,
				3.2,
				0,
				1,
				3.267,
				0,
				3.333,
				0.3,
				3.4,
				0.3
			]
		},
		{
			"Target": "Parameter",
			"Id": "ParamFinger5",
			"Segments": [
				0,
				0,
				1,
				0.111,
				0,
				0.222,
				0,
				0.333,
				0,
				1,
				0.444,
				0,
				0.556,
				6.5,
				0.667,
				6.5,
				1,
				0.833,
				6.5,
				1,
				3.5,
				1.167,
				3.5,
				1,
				1.411,
				3.5,
				1.656,
				3.5,
				1.9,
				3.5,
				1,
				2.089,
				3.5,
				2.278,
				6.5,
				2.467,
				6.5,
				1,
				2.589,
				6.5,
				2.711,
				0,
				2.833,
				0,
				1,
				2.956,
				0,
				3.078,
				0,
				3.2,
				0,
				1,
				3.267,
				0,
				3.333,
				0.3,
				3.4,
				0.3
			]
		},
		{
			"Target": "Parameter",
			"Id": "ParamAseHead",
			"Segments": [
				0,
				0,
				1,
				0.4,
				0,
				0.8,
				0,
				1.2,
				0,
				1,
				1.389,
				0,
				1.578,
				1,
				1.767,
				1,
				2,
				1.8,
				0,
				1,
				2.333,
				0,
				2.867,
				0,
				3.4,
				0
			]
		},
		{
			"Target": "Parameter",
			"Id": "ParamAseUde",
			"Segments": [
				0,
				0,
				1,
				0.4,
				0,
				0.8,
				0,
				1.2,
				0,
				1,
				1.389,
				0,
				1.578,
				1,
				1.767,
				1,
				2,
				1.8,
				0,
				1,
				2.333,
				0,
				2.867,
				0,
				3.4,
				0
			]
		},
		{
			"Target": "Parameter",
			"Id": "ParamAsePai",
			"Segments": [
				0,
				0,
				1,
				0.4,
				0,
				0.8,
				0,
				1.2,
				0,
				1,
				1.389,
				0,
				1.578,
				1,
				1.767,
				1,
				2,
				1.8,
				0,
				1,
				2.333,
				0,
				2.867,
				0,
				3.4,
				0
			]
		},
		{
			"Target": "Parameter",
			"Id": "ParamAseTop",
			"Segments": [
				0,
				0,
				1,
				0.4,
				0,
				0.8,
				0,
				1.2,
				0,
				1,
				1.389,
				0,
				1.578,
				1,
				1.767,
				1,
				2,
				1.8,
				0,
				1,
				2.333,
				0,
				2.867,
				0,
				3.4,
				0
			]
		},
		{
			"Target": "Parameter",
			"Id": "ParamAseDown",
			"Segments": [
				0,
				0,
				1,
				0.4,
				0,
				0.8,
				0,
				1.2,
				0,
				1,
				1.389,
				0,
				1.578,
				1,
				1.767,
				1,
				2,
				1.8,
				0,
				1,
				2.333,
				0,
				2.867,
				0,
				3.4,
				0
			]
		}
	]
}