{
	"Version": 3,
	"Meta": {
		"Duration": 4.733,
		"Fps": 30.0,
		"Loop": true,
		"AreBeziersRestricted": false,
		"CurveCount": 49,
		"TotalSegmentCount": 350,
		"TotalPointCount": 1015,
		"UserDataCount": 0,
		"TotalUserDataSize": 0
	},
	"Curves": [
		{
			"Target": "Parameter",
			"Id": "ParamPaiRX",
			"Segments": [
				0,
				0,
				0,
				0.1,
				0,
				1,
				0.689,
				0,
				1.278,
				30,
				1.867,
				30,
				1,
				1.967,
				30,
				2.067,
				9.673,
				2.167,
				0,
				1,
				2.356,
				-18.271,
				2.544,
				-22,
				2.733,
				-22,
				1,
				2.8,
				-22,
				2.867,
				-12.975,
				2.933,
				3,
				1,
				3.011,
				21.637,
				3.089,
				30,
				3.167,
				30,
				1,
				3.244,
				30,
				3.322,
				13.444,
				3.4,
				1,
				1,
				3.478,
				-11.444,
				3.556,
				-13,
				3.633,
				-13,
				1,
				3.722,
				-13,
				3.811,
				0,
				3.9,
				0,
				1,
				3.989,
				0,
				4.078,
				-0.758,
				4.167,
				-3,
				1,
				4.233,
				-4.682,
				4.3,
				-6.672,
				4.367,
				-9.06,
				1,
				4.422,
				-11.05,
				4.478,
				-12.95,
				4.533,
				-12.95,
				0,
				4.733,
				-12.95
			]
		},
		{
			"Target": "Parameter",
			"Id": "ParamPaiRY",
			"Segments": [
				0,
				0,
				0,
				0.1,
				0,
				1,
				0.689,
				0,
				1.278,
				-25,
				1.867,
				-25,
				1,
				1.967,
				-25,
				2.067,
				-19.011,
				2.167,
				-1,
				1,
				2.267,
				17.011,
				2.367,
				30,
				2.467,
				30,
				1,
				2.556,
				30,
				2.644,
				25.111,
				2.733,
				4,
				1,
				2.8,
				-11.834,
				2.867,
				-30,
				2.933,
				-30,
				1,
				3.011,
				-30,
				3.089,
				-20.976,
				3.167,
				-1,
				1,
				3.244,
				18.976,
				3.322,
				30,
				3.4,
				30,
				1,
				3.478,
				30,
				3.556,
				12.907,
				3.633,
				2,
				1,
				3.722,
				-10.465,
				3.811,
				-12,
				3.9,
				-12,
				1,
				3.989,
				-12,
				4.078,
				0,
				4.167,
				0,
				1,
				4.289,
				0,
				4.411,
				-1,
				4.533,
				-1,
				0,
				4.733,
				-1
			]
		},
		{
			"Target": "Parameter",
			"Id": "ParamPaiRX2",
			"Segments": [
				0,
				0,
				1,
				0.078,
				0,
				0.156,
				9.936,
				0.233,
				9.936,
				1,
				0.844,
				9.936,
				1.456,
				7.926,
				2.067,
				0,
				1,
				2.256,
				-2.45,
				2.444,
				-12,
				2.633,
				-12,
				1,
				2.7,
				-12,
				2.767,
				-10.55,
				2.833,
				0,
				1,
				2.911,
				12.308,
				2.989,
				26,
				3.067,
				26,
				1,
				3.144,
				26,
				3.222,
				5.189,
				3.3,
				-1,
				1,
				3.378,
				-7.189,
				3.456,
				-7,
				3.533,
				-7,
				1,
				3.622,
				-7,
				3.711,
				0,
				3.8,
				0,
				1,
				3.889,
				0,
				3.978,
				-2,
				4.067,
				-2,
				1,
				4.133,
				-2,
				4.2,
				0,
				4.267,
				0,
				1,
				4.356,
				0,
				4.444,
				-2.831,
				4.533,
				-2.831,
				0,
				4.733,
				-2.831
			]
		},
		{
			"Target": "Parameter",
			"Id": "ParamPaiRY2",
			"Segments": [
				0,
				0,
				1,
				0.078,
				0,
				0.156,
				-9,
				0.233,
				-9,
				1,
				0.9,
				-9,
				1.567,
				-7.005,
				2.233,
				-1,
				1,
				2.333,
				-0.099,
				2.433,
				30,
				2.533,
				30,
				1,
				2.622,
				30,
				2.711,
				21.569,
				2.8,
				-1,
				1,
				2.867,
				-17.927,
				2.933,
				-30,
				3,
				-30,
				1,
				3.078,
				-30,
				3.156,
				-10.116,
				3.233,
				2,
				1,
				3.311,
				14.116,
				3.389,
				15,
				3.467,
				15,
				1,
				3.544,
				15,
				3.622,
				9.28,
				3.7,
				2,
				1,
				3.789,
				-6.319,
				3.878,
				-9,
				3.967,
				-9,
				1,
				4.056,
				-9,
				4.144,
				-1.888,
				4.233,
				-1,
				1,
				4.3,
				-0.334,
				4.367,
				-0.23,
				4.433,
				0,
				1,
				4.522,
				0.306,
				4.611,
				0.373,
				4.7,
				0.373,
				0,
				4.733,
				0.373
			]
		},
		{
			"Target": "Parameter",
			"Id": "ParamPaiLX",
			"Segments": [
				0,
				0,
				0,
				0.1,
				0,
				1,
				0.744,
				0,
				1.389,
				24,
				2.033,
				24,
				1,
				2.133,
				24,
				2.233,
				1.19,
				2.333,
				0,
				1,
				2.433,
				-1.19,
				2.533,
				-1,
				2.633,
				-1,
				1,
				2.733,
				-1,
				2.833,
				30,
				2.933,
				30,
				1,
				3,
				30,
				3.067,
				15.86,
				3.133,
				2,
				1,
				3.211,
				-14.169,
				3.289,
				-18,
				3.367,
				-18,
				1,
				3.444,
				-18,
				3.522,
				-9.04,
				3.6,
				0,
				1,
				3.678,
				9.04,
				3.756,
				11,
				3.833,
				11,
				1,
				3.922,
				11,
				4.011,
				0,
				4.1,
				0,
				1,
				4.189,
				0,
				4.278,
				1.345,
				4.367,
				6.497,
				1,
				4.478,
				12.936,
				4.589,
				18,
				4.7,
				18,
				0,
				4.733,
				18
			]
		},
		{
			"Target": "Parameter",
			"Id": "ParamPaiLY",
			"Segments": [
				0,
				0,
				0,
				0.1,
				0,
				1,
				0.744,
				0,
				1.389,
				-16,
				2.033,
				-16,
				1,
				2.133,
				-16,
				2.233,
				-13.776,
				2.333,
				0,
				1,
				2.433,
				13.776,
				2.533,
				30,
				2.633,
				30,
				1,
				2.733,
				30,
				2.833,
				23.018,
				2.933,
				0,
				1,
				3,
				-15.345,
				3.067,
				-30,
				3.133,
				-30,
				1,
				3.211,
				-30,
				3.289,
				-14.06,
				3.367,
				-1,
				1,
				3.444,
				12.06,
				3.522,
				14,
				3.6,
				14,
				1,
				3.678,
				14,
				3.756,
				9.711,
				3.833,
				1,
				1,
				3.922,
				-8.955,
				4.011,
				-14,
				4.1,
				-14,
				1,
				4.189,
				-14,
				4.278,
				-2.677,
				4.367,
				-1,
				1,
				4.433,
				0.258,
				4.5,
				0,
				4.567,
				0,
				1,
				4.611,
				0,
				4.656,
				-2,
				4.7,
				-2,
				0,
				4.733,
				-2
			]
		},
		{
			"Target": "Parameter",
			"Id": "ParamPaiLX2",
			"Segments": [
				0,
				0,
				1,
				0.078,
				0,
				0.156,
				3,
				0.233,
				3,
				1,
				0.9,
				3,
				1.567,
				0,
				2.233,
				0,
				1,
				2.333,
				0,
				2.433,
				-0.173,
				2.533,
				1,
				1,
				2.633,
				2.173,
				2.733,
				15,
				2.833,
				15,
				1,
				2.9,
				15,
				2.967,
				13.952,
				3.033,
				2,
				1,
				3.111,
				-11.943,
				3.189,
				-30,
				3.267,
				-30,
				1,
				3.344,
				-30,
				3.422,
				-12.57,
				3.5,
				0,
				1,
				3.578,
				12.57,
				3.656,
				14,
				3.733,
				14,
				1,
				3.822,
				14,
				3.911,
				2.167,
				4,
				0,
				1,
				4.089,
				-2.167,
				4.178,
				-2,
				4.267,
				-2,
				1,
				4.333,
				-2,
				4.4,
				0.321,
				4.467,
				1.74,
				1,
				4.544,
				3.395,
				4.622,
				3.595,
				4.7,
				3.595,
				0,
				4.733,
				3.595
			]
		},
		{
			"Target": "Parameter",
			"Id": "ParamPaiLY2",
			"Segments": [
				0,
				0,
				1,
				0.078,
				0,
				0.156,
				-6,
				0.233,
				-6,
				1,
				0.9,
				-6,
				1.567,
				-4.778,
				2.233,
				-1,
				1,
				2.333,
				-0.433,
				2.433,
				30,
				2.533,
				30,
				1,
				2.633,
				30,
				2.733,
				23.682,
				2.833,
				1,
				1,
				2.9,
				-14.121,
				2.967,
				-30,
				3.033,
				-30,
				1,
				3.111,
				-30,
				3.189,
				-9.57,
				3.267,
				1,
				1,
				3.344,
				11.57,
				3.422,
				12,
				3.5,
				12,
				1,
				3.578,
				12,
				3.656,
				7.058,
				3.733,
				0,
				1,
				3.822,
				-8.066,
				3.911,
				-11,
				4,
				-11,
				1,
				4.089,
				-11,
				4.178,
				-2.642,
				4.267,
				-1,
				1,
				4.333,
				0.231,
				4.4,
				0,
				4.467,
				0,
				1,
				4.544,
				0,
				4.622,
				-0.671,
				4.7,
				-0.671,
				0,
				4.733,
				-0.671
			]
		},
		{
			"Target": "Parameter",
			"Id": "ParamAngleX",
			"Segments": [
				0,
				0,
				1,
				0.011,
				0,
				0.022,
				-1.792,
				0.033,
				-1.88,
				1,
				0.722,
				-7.367,
				1.411,
				-10,
				2.1,
				-10,
				1,
				2.267,
				-10,
				2.433,
				-5.636,
				2.6,
				3,
				1,
				2.678,
				7.03,
				2.756,
				9,
				2.833,
				9,
				1,
				3.033,
				9,
				3.233,
				8.84,
				3.433,
				6,
				1,
				3.589,
				3.791,
				3.744,
				-2,
				3.9,
				-2,
				1,
				4.033,
				-2,
				4.167,
				0,
				4.3,
				0,
				1,
				4.433,
				0,
				4.567,
				0,
				4.7,
				0,
				0,
				4.733,
				0
			]
		},
		{
			"Target": "Parameter",
			"Id": "ParamAngleY",
			"Segments": [
				0,
				0,
				1,
				0.011,
				0,
				0.022,
				-1.301,
				0.033,
				-1.877,
				1,
				0.089,
				-4.759,
				0.144,
				-9.241,
				0.2,
				-9.768,
				1,
				0.933,
				-16.734,
				1.667,
				-19.662,
				2.4,
				-19.662,
				1,
				2.544,
				-19.662,
				2.689,
				-9.236,
				2.833,
				-5,
				1,
				3.033,
				0.866,
				3.233,
				3.353,
				3.433,
				8,
				1,
				3.5,
				9.549,
				3.567,
				11,
				3.633,
				11,
				1,
				3.722,
				11,
				3.811,
				3.295,
				3.9,
				2,
				1,
				4.033,
				0.057,
				4.167,
				0,
				4.3,
				0,
				1,
				4.433,
				0,
				4.567,
				0,
				4.7,
				0,
				0,
				4.733,
				0
			]
		},
		{
			"Target": "Parameter",
			"Id": "ParamAngleZ",
			"Segments": [
				0,
				0,
				1,
				0.011,
				0,
				0.022,
				-3.121,
				0.033,
				-3.26,
				1,
				0.722,
				-11.863,
				1.411,
				-16,
				2.1,
				-16,
				1,
				2.322,
				-16,
				2.544,
				11.101,
				2.767,
				16.98,
				1,
				3.133,
				26.679,
				3.5,
				27.607,
				3.867,
				27.607,
				1,
				4.144,
				27.607,
				4.422,
				0,
				4.7,
				0,
				0,
				4.733,
				0
			]
		},
		{
			"Target": "Parameter",
			"Id": "ParamEyeLOpen",
			"Segments": [
				0,
				1,
				1,
				0.722,
				1,
				1.444,
				0.8,
				2.167,
				0.8,
				1,
				2.211,
				0.8,
				2.256,
				1.2,
				2.3,
				1.2,
				1,
				2.322,
				1.2,
				2.344,
				1.145,
				2.367,
				1.1,
				1,
				2.422,
				0.987,
				2.478,
				0.974,
				2.533,
				0.8,
				1,
				2.633,
				0.487,
				2.733,
				0,
				2.833,
				0,
				1,
				2.989,
				0,
				3.144,
				0,
				3.3,
				0,
				1,
				3.433,
				0,
				3.567,
				0.513,
				3.7,
				0.8,
				1,
				3.8,
				1.015,
				3.9,
				1,
				4,
				1,
				1,
				4.089,
				1,
				4.178,
				1,
				4.267,
				1,
				1,
				4.3,
				1,
				4.333,
				0,
				4.367,
				0,
				1,
				4.389,
				0,
				4.411,
				0,
				4.433,
				0,
				1,
				4.467,
				0,
				4.5,
				1,
				4.533,
				1,
				0,
				4.733,
				1
			]
		},
		{
			"Target": "Parameter",
			"Id": "ParamEyeROpen",
			"Segments": [
				0,
				1,
				1,
				0.722,
				1,
				1.444,
				0.8,
				2.167,
				0.8,
				1,
				2.211,
				0.8,
				2.256,
				1.2,
				2.3,
				1.2,
				1,
				2.322,
				1.2,
				2.344,
				1.145,
				2.367,
				1.1,
				1,
				2.422,
				0.987,
				2.478,
				0.974,
				2.533,
				0.8,
				1,
				2.633,
				0.487,
				2.733,
				0,
				2.833,
				0,
				1,
				2.989,
				0,
				3.144,
				0,
				3.3,
				0,
				1,
				3.433,
				0,
				3.567,
				0.513,
				3.7,
				0.8,
				1,
				3.8,
				1.015,
				3.9,
				1,
				4,
				1,
				1,
				4.089,
				1,
				4.178,
				1,
				4.267,
				1,
				1,
				4.3,
				1,
				4.333,
				0,
				4.367,
				0,
				1,
				4.389,
				0,
				4.411,
				0,
				4.433,
				0,
				1,
				4.467,
				0,
				4.5,
				1,
				4.533,
				1,
				0,
				4.733,
				1
			]
		},
		{
			"Target": "Parameter",
			"Id": "ParamEyeBallX",
			"Segments": [
				0,
				0,
				1,
				0.1,
				0,
				0.2,
				-0.8,
				0.3,
				-0.8,
				1,
				0.811,
				-0.8,
				1.322,
				-0.8,
				1.833,
				-0.8,
				1,
				1.956,
				-0.8,
				2.078,
				0,
				2.2,
				0,
				0,
				4.733,
				0
			]
		},
		{
			"Target": "Parameter",
			"Id": "ParamEyeBallY",
			"Segments": [
				0,
				0,
				1,
				0.1,
				0,
				0.2,
				0.1,
				0.3,
				0.1,
				1,
				0.811,
				0.1,
				1.322,
				0.1,
				1.833,
				0.1,
				1,
				1.956,
				0.1,
				2.078,
				0,
				2.2,
				0,
				0,
				4.733,
				0
			]
		},
		{
			"Target": "Parameter",
			"Id": "ParamBrowAngle",
			"Segments": [
				0,
				0,
				1,
				0.678,
				0,
				1.356,
				0,
				2.033,
				0,
				1,
				2.144,
				0,
				2.256,
				1,
				2.367,
				1,
				1,
				2.5,
				1,
				2.633,
				-0.9,
				2.767,
				-0.9,
				1,
				3,
				-0.9,
				3.233,
				-0.9,
				3.467,
				-0.9,
				1,
				3.644,
				-0.9,
				3.822,
				0,
				4,
				0,
				0,
				4.733,
				0
			]
		},
		{
			"Target": "Parameter",
			"Id": "ParamBrowForm",
			"Segments": [
				0,
				0,
				1,
				0.678,
				0,
				1.356,
				0,
				2.033,
				0,
				1,
				2.144,
				0,
				2.256,
				1,
				2.367,
				1,
				1,
				2.5,
				1,
				2.633,
				-1,
				2.767,
				-1,
				1,
				3,
				-1,
				3.233,
				-1,
				3.467,
				-1,
				1,
				3.644,
				-1,
				3.822,
				0,
				4,
				0,
				0,
				4.733,
				0
			]
		},
		{
			"Target": "Parameter",
			"Id": "ParamMouthForm",
			"Segments": [
				0,
				0,
				0,
				4.733,
				0
			]
		},
		{
			"Target": "Parameter",
			"Id": "ParamMouthOpenY",
			"Segments": [
				0,
				0,
				1,
				0.089,
				0,
				0.178,
				0,
				0.267,
				0,
				1,
				0.878,
				0,
				1.489,
				1,
				2.1,
				1,
				1,
				2.256,
				1,
				2.411,
				0,
				2.567,
				0,
				0,
				4.733,
				0
			]
		},
		{
			"Target": "Parameter",
			"Id": "ParamCheek",
			"Segments": [
				0,
				0,
				1,
				0.756,
				0,
				1.511,
				0,
				2.267,
				0,
				1,
				2.422,
				0,
				2.578,
				1,
				2.733,
				1,
				1,
				3.389,
				1,
				4.044,
				0,
				4.7,
				0,
				0,
				4.733,
				0
			]
		},
		{
			"Target": "Parameter",
			"Id": "ParamBodyAngleX",
			"Segments": [
				0,
				0,
				1,
				0.7,
				0,
				1.4,
				-8,
				2.1,
				-8,
				1,
				2.267,
				-8,
				2.433,
				6.917,
				2.6,
				8,
				1,
				2.9,
				9.95,
				3.2,
				10,
				3.5,
				10,
				1,
				3.722,
				10,
				3.944,
				0,
				4.167,
				0,
				1,
				4.344,
				0,
				4.522,
				0,
				4.7,
				0,
				0,
				4.733,
				0
			]
		},
		{
			"Target": "Parameter",
			"Id": "ParamBodyAngleX2",
			"Segments": [
				0,
				0,
				1,
				0.7,
				0,
				1.4,
				-3,
				2.1,
				-3,
				1,
				2.267,
				-3,
				2.433,
				0,
				2.6,
				0,
				0,
				4.733,
				0
			]
		},
		{
			"Target": "Parameter",
			"Id": "ParamItiX",
			"Segments": [
				0,
				0,
				1,
				0.011,
				0,
				0.022,
				-0.513,
				0.033,
				-0.54,
				1,
				0.722,
				-2.204,
				1.411,
				-3,
				2.1,
				-3,
				1,
				2.2,
				-3,
				2.3,
				-1.171,
				2.4,
				0,
				1,
				2.778,
				4.425,
				3.156,
				6,
				3.533,
				6,
				1,
				3.844,
				6,
				4.156,
				-0.069,
				4.467,
				-0.069,
				1,
				4.544,
				-0.069,
				4.622,
				0,
				4.7,
				0,
				0,
				4.733,
				0
			]
		},
		{
			"Target": "Parameter",
			"Id": "ParamItiY",
			"Segments": [
				0,
				0,
				1,
				0.011,
				0,
				0.022,
				0.761,
				0.033,
				0.86,
				1,
				0.722,
				7.028,
				1.411,
				10,
				2.1,
				10,
				1,
				2.2,
				10,
				2.3,
				8.362,
				2.4,
				0,
				1,
				2.533,
				-11.149,
				2.667,
				-21,
				2.8,
				-21,
				1,
				3.044,
				-21,
				3.289,
				-21,
				3.533,
				-21,
				1,
				3.844,
				-21,
				4.156,
				-0.918,
				4.467,
				-0.069,
				1,
				4.544,
				0.144,
				4.622,
				0,
				4.7,
				0,
				0,
				4.733,
				0
			]
		},
		{
			"Target": "Parameter",
			"Id": "ParamBreat",
			"Segments": [
				0,
				0,
				1,
				0.7,
				0,
				1.4,
				1,
				2.1,
				1,
				1,
				2.389,
				1,
				2.678,
				0,
				2.967,
				0,
				1,
				3.156,
				0,
				3.344,
				0,
				3.533,
				0,
				1,
				3.844,
				0,
				4.156,
				0,
				4.467,
				0,
				1,
				4.544,
				0,
				4.622,
				0.5,
				4.7,
				0.5,
				0,
				4.733,
				0.5
			]
		},
		{
			"Target": "Parameter",
			"Id": "ParamHairFront",
			"Segments": [
				0,
				-0.001,
				1,
				0.089,
				-0.001,
				0.178,
				0.2,
				0.267,
				0.2,
				1,
				0.422,
				0.2,
				0.578,
				-0.1,
				0.733,
				-0.1,
				1,
				0.889,
				-0.1,
				1.044,
				-0.073,
				1.2,
				0,
				1,
				1.311,
				0.052,
				1.422,
				0.089,
				1.533,
				0.089,
				1,
				1.678,
				0.089,
				1.822,
				0.124,
				1.967,
				0,
				1,
				2.2,
				-0.2,
				2.433,
				-0.9,
				2.667,
				-0.9,
				1,
				2.922,
				-0.9,
				3.178,
				0.262,
				3.433,
				0.262,
				1,
				3.611,
				0.262,
				3.789,
				-0.527,
				3.967,
				-0.527,
				1,
				4.133,
				-0.527,
				4.3,
				-0.001,
				4.467,
				-0.001,
				1,
				4.544,
				-0.001,
				4.622,
				-0.001,
				4.7,
				-0.001,
				0,
				4.733,
				-0.001
			]
		},
		{
			"Target": "Parameter",
			"Id": "ParamHairSide",
			"Segments": [
				0,
				-0.001,
				1,
				0.089,
				-0.001,
				0.178,
				0.2,
				0.267,
				0.2,
				1,
				0.422,
				0.2,
				0.578,
				-0.1,
				0.733,
				-0.1,
				1,
				0.889,
				-0.1,
				1.044,
				-0.063,
				1.2,
				0,
				1,
				1.311,
				0.045,
				1.422,
				0.063,
				1.533,
				0.063,
				1,
				1.678,
				0.063,
				1.822,
				0.092,
				1.967,
				0,
				1,
				2.211,
				-0.156,
				2.456,
				-0.8,
				2.7,
				-0.8,
				1,
				2.956,
				-0.8,
				3.211,
				0.262,
				3.467,
				0.262,
				1,
				3.644,
				0.262,
				3.822,
				-0.461,
				4,
				-0.461,
				1,
				4.167,
				-0.461,
				4.333,
				-0.092,
				4.5,
				-0.001,
				1,
				4.567,
				0.035,
				4.633,
				0.019,
				4.7,
				0.019,
				0,
				4.733,
				0.019
			]
		},
		{
			"Target": "Parameter",
			"Id": "ParamHairBack",
			"Segments": [
				0,
				-0.001,
				1,
				0.089,
				-0.001,
				0.178,
				0.2,
				0.267,
				0.2,
				1,
				0.422,
				0.2,
				0.578,
				-0.1,
				0.733,
				-0.1,
				1,
				0.889,
				-0.1,
				1.044,
				-0.066,
				1.2,
				0,
				1,
				1.311,
				0.047,
				1.422,
				0.069,
				1.533,
				0.069,
				1,
				1.678,
				0.069,
				1.822,
				0.094,
				1.967,
				0,
				1,
				2.222,
				-0.166,
				2.478,
				-0.6,
				2.733,
				-0.6,
				1,
				2.989,
				-0.6,
				3.244,
				0.328,
				3.5,
				0.328,
				1,
				3.678,
				0.328,
				3.856,
				-0.461,
				4.033,
				-0.461,
				1,
				4.2,
				-0.461,
				4.367,
				-0.231,
				4.533,
				-0.001,
				1,
				4.589,
				0.076,
				4.644,
				0.065,
				4.7,
				0.065,
				0,
				4.733,
				0.065
			]
		},
		{
			"Target": "Parameter",
			"Id": "ParamHairF",
			"Segments": [
				0,
				0,
				1,
				0.667,
				0,
				1.333,
				-0.5,
				2,
				-0.5,
				1,
				2.233,
				-0.5,
				2.467,
				1,
				2.7,
				1,
				1,
				2.956,
				1,
				3.211,
				-0.2,
				3.467,
				-0.2,
				1,
				3.644,
				-0.2,
				3.822,
				0.1,
				4,
				0.1,
				1,
				4.167,
				0.1,
				4.333,
				0,
				4.5,
				0,
				1,
				4.567,
				0,
				4.633,
				0,
				4.7,
				0,
				0,
				4.733,
				0
			]
		},
		{
			"Target": "Parameter",
			"Id": "ParamLeftArm1",
			"Segments": [
				0,
				0,
				1,
				0.244,
				0,
				0.489,
				0,
				0.733,
				0,
				1,
				1.222,
				0,
				1.711,
				0,
				2.2,
				0,
				1,
				2.378,
				0,
				2.556,
				-1,
				2.733,
				-1,
				1,
				3.044,
				-1,
				3.356,
				-1,
				3.667,
				-1,
				1,
				3.967,
				-1,
				4.267,
				0,
				4.567,
				0,
				1,
				4.611,
				0,
				4.656,
				0,
				4.7,
				0,
				0,
				4.733,
				0
			]
		},
		{
			"Target": "Parameter",
			"Id": "ParamRightArm1",
			"Segments": [
				0,
				0,
				1,
				0.011,
				0,
				0.022,
				-0.182,
				0.033,
				-0.194,
				1,
				0.267,
				-0.439,
				0.5,
				-0.856,
				0.733,
				-0.9,
				1,
				1.222,
				-0.993,
				1.711,
				-1,
				2.2,
				-1,
				1,
				2.378,
				-1,
				2.556,
				0.973,
				2.733,
				0.973,
				1,
				2.967,
				0.973,
				3.2,
				0.973,
				3.433,
				0.973,
				1,
				3.511,
				0.973,
				3.589,
				1,
				3.667,
				1,
				1,
				3.967,
				1,
				4.267,
				-0.053,
				4.567,
				-0.053,
				1,
				4.611,
				-0.053,
				4.656,
				0,
				4.7,
				0,
				0,
				4.733,
				0
			]
		},
		{
			"Target": "Parameter",
			"Id": "ParamFingerAlp",
			"Segments": [
				0,
				0,
				1,
				0.678,
				0,
				1.356,
				0,
				2.033,
				0,
				1,
				2.267,
				0,
				2.5,
				1,
				2.733,
				1,
				1,
				3.144,
				1,
				3.556,
				1,
				3.967,
				1,
				1,
				4.167,
				1,
				4.367,
				0,
				4.567,
				0,
				0,
				4.733,
				0
			]
		},
		{
			"Target": "Parameter",
			"Id": "ParamRightArm2",
			"Segments": [
				0,
				0,
				1,
				0.644,
				0,
				1.289,
				0.105,
				1.933,
				0.5,
				1,
				2.3,
				0.725,
				2.667,
				1,
				3.033,
				1,
				1,
				3.3,
				1,
				3.567,
				1,
				3.833,
				1,
				1,
				4.078,
				1,
				4.322,
				0,
				4.567,
				0,
				1,
				4.611,
				0,
				4.656,
				0,
				4.7,
				0,
				0,
				4.733,
				0
			]
		},
		{
			"Target": "Parameter",
			"Id": "ParamRightArm3",
			"Segments": [
				0,
				0,
				1,
				0.656,
				0,
				1.311,
				0.104,
				1.967,
				0.5,
				1,
				2.333,
				0.721,
				2.7,
				1,
				3.067,
				1,
				1,
				3.333,
				1,
				3.6,
				1,
				3.867,
				1,
				1,
				4.111,
				1,
				4.356,
				0,
				4.6,
				0,
				1,
				4.644,
				0,
				4.689,
				0,
				4.733,
				0
			]
		},
		{
			"Target": "Parameter",
			"Id": "ParamRightArm4",
			"Segments": [
				0,
				0,
				1,
				0.656,
				0,
				1.311,
				0.104,
				1.967,
				0.5,
				1,
				2.333,
				0.721,
				2.7,
				1,
				3.067,
				1,
				1,
				3.333,
				1,
				3.6,
				1,
				3.867,
				1,
				1,
				4.111,
				1,
				4.356,
				0,
				4.6,
				0,
				1,
				4.644,
				0,
				4.689,
				0,
				4.733,
				0
			]
		},
		{
			"Target": "Parameter",
			"Id": "ParamSideRibonX",
			"Segments": [
				0,
				0,
				1,
				0.111,
				0,
				0.222,
				0.3,
				0.333,
				0.3,
				1,
				1.011,
				0.3,
				1.689,
				-0.2,
				2.367,
				-0.2,
				1,
				2.589,
				-0.2,
				2.811,
				0.1,
				3.033,
				0.1,
				1,
				3.222,
				0.1,
				3.411,
				-0.1,
				3.6,
				-0.1,
				1,
				3.789,
				-0.1,
				3.978,
				0,
				4.167,
				0,
				1,
				4.356,
				0,
				4.544,
				0,
				4.733,
				0
			]
		},
		{
			"Target": "Parameter",
			"Id": "ParamSideRibonY",
			"Segments": [
				0,
				0,
				1,
				0.111,
				0,
				0.222,
				-0.4,
				0.333,
				-0.4,
				1,
				1.011,
				-0.4,
				1.689,
				0.2,
				2.367,
				0.2,
				1,
				2.589,
				0.2,
				2.811,
				-0.3,
				3.033,
				-0.3,
				1,
				3.222,
				-0.3,
				3.411,
				0,
				3.6,
				0,
				1,
				3.789,
				0,
				3.978,
				0,
				4.167,
				0,
				1,
				4.356,
				0,
				4.544,
				0,
				4.733,
				0
			]
		},
		{
			"Target": "Parameter",
			"Id": "ParamCRibonX",
			"Segments": [
				0,
				0,
				1,
				0.111,
				0,
				0.222,
				0.5,
				0.333,
				0.5,
				1,
				1.011,
				0.5,
				1.689,
				-0.6,
				2.367,
				-0.6,
				1,
				2.589,
				-0.6,
				2.811,
				0.4,
				3.033,
				0.4,
				1,
				3.222,
				0.4,
				3.411,
				-0.1,
				3.6,
				-0.1,
				1,
				3.789,
				-0.1,
				3.978,
				0,
				4.167,
				0,
				1,
				4.356,
				0,
				4.544,
				0,
				4.733,
				0
			]
		},
		{
			"Target": "Parameter",
			"Id": "ParamCRibonY",
			"Segments": [
				0,
				0,
				1,
				0.111,
				0,
				0.222,
				0.5,
				0.333,
				0.5,
				1,
				1.011,
				0.5,
				1.689,
				0,
				2.367,
				0,
				1,
				2.589,
				0,
				2.811,
				0.1,
				3.033,
				0.1,
				1,
				3.222,
				0.1,
				3.411,
				0,
				3.6,
				0,
				1,
				3.789,
				0,
				3.978,
				0,
				4.167,
				0,
				1,
				4.356,
				0,
				4.544,
				0,
				4.733,
				0
			]
		},
		{
			"Target": "Parameter",
			"Id": "ParamFinger1",
			"Segments": [
				0,
				0,
				1,
				0.722,
				0,
				1.444,
				0.77,
				2.167,
				0.77,
				1,
				2.5,
				0.77,
				2.833,
				0,
				3.167,
				0,
				1,
				3.689,
				0,
				4.211,
				0.3,
				4.733,
				0.3
			]
		},
		{
			"Target": "Parameter",
			"Id": "ParamFinger2",
			"Segments": [
				0,
				0,
				1,
				0.722,
				0,
				1.444,
				0.9,
				2.167,
				0.9,
				1,
				2.5,
				0.9,
				2.833,
				0,
				3.167,
				0,
				1,
				3.689,
				0,
				4.211,
				0.3,
				4.733,
				0.3
			]
		},
		{
			"Target": "Parameter",
			"Id": "ParamFinger3",
			"Segments": [
				0,
				0,
				1,
				0.722,
				0,
				1.444,
				1,
				2.167,
				1,
				1,
				2.5,
				1,
				2.833,
				0,
				3.167,
				0,
				1,
				3.689,
				0,
				4.211,
				0.3,
				4.733,
				0.3
			]
		},
		{
			"Target": "Parameter",
			"Id": "ParamFinger4",
			"Segments": [
				0,
				0,
				1,
				0.722,
				0,
				1.444,
				2.08,
				2.167,
				2.08,
				1,
				2.5,
				2.08,
				2.833,
				0,
				3.167,
				0,
				1,
				3.689,
				0,
				4.211,
				0.3,
				4.733,
				0.3
			]
		},
		{
			"Target": "Parameter",
			"Id": "ParamFinger5",
			"Segments": [
				0,
				0,
				1,
				0.722,
				0,
				1.444,
				1.42,
				2.167,
				1.42,
				1,
				2.5,
				1.42,
				2.833,
				0,
				3.167,
				0,
				1,
				3.689,
				0,
				4.211,
				0.3,
				4.733,
				0.3
			]
		},
		{
			"Target": "Parameter",
			"Id": "ParamAseHead",
			"Segments": [
				0,
				0,
				1,
				0.789,
				0,
				1.578,
				0,
				2.367,
				0,
				1,
				2.589,
				0,
				2.811,
				1,
				3.033,
				1,
				2,
				3.067,
				0,
				1,
				3.622,
				0,
				4.178,
				0,
				4.733,
				0
			]
		},
		{
			"Target": "Parameter",
			"Id": "ParamAseUde",
			"Segments": [
				0,
				0,
				1,
				0.789,
				0,
				1.578,
				0,
				2.367,
				0,
				1,
				2.589,
				0,
				2.811,
				1,
				3.033,
				1,
				2,
				3.067,
				0,
				1,
				3.622,
				0,
				4.178,
				0,
				4.733,
				0
			]
		},
		{
			"Target": "Parameter",
			"Id": "ParamAsePai",
			"Segments": [
				0,
				0,
				1,
				0.789,
				0,
				1.578,
				0,
				2.367,
				0,
				1,
				2.589,
				0,
				2.811,
				1,
				3.033,
				1,
				2,
				3.067,
				0,
				1,
				3.622,
				0,
				4.178,
				0,
				4.733,
				0
			]
		},
		{
			"Target": "Parameter",
			"Id": "ParamAseTop",
			"Segments": [
				0,
				0,
				1,
				0.789,
				0,
				1.578,
				0,
				2.367,
				0,
				1,
				2.589,
				0,
				2.811,
				1,
				3.033,
				1,
				2,
				3.067,
				0,
				1,
				3.622,
				0,
				4.178,
				0,
				4.733,
				0
			]
		},
		{
			"Target": "Parameter",
			"Id": "ParamAseDown",
			"Segments": [
				0,
				0,
				1,
				0.789,
				0,
				1.578,
				0,
				2.367,
				0,
				1,
				2.589,
				0,
				2.811,
				1,
				3.033,
				1,
				2,
				3.067,
				0,
				1,
				3.622,
				0,
				4.178,
				0,
				4.733,
				0
			]
		}
	]
}