{
	"Version": 3,
	"Parameters": [
		{
			"Id": "ParamEff1",
			"GroupId": "ParamGroup",
			"Name": "エフェクト1"
		},
		{
			"Id": "ParamEff2",
			"GroupId": "ParamGroup",
			"Name": "エフェクト2"
		},
		{
			"Id": "ParamEff3",
			"GroupId": "ParamGroup",
			"Name": "エフェクト3"
		},
		{
			"Id": "ParamEff4",
			"GroupId": "ParamGroup",
			"Name": "エフェクト4"
		},
		{
			"Id": "ParamEff5",
			"GroupId": "ParamGroup",
			"Name": "エフェクト5"
		},
		{
			"Id": "ParamEff6",
			"GroupId": "ParamGroup",
			"Name": "エフェクト6"
		},
		{
			"Id": "ParamEff7",
			"GroupId": "ParamGroup",
			"Name": "エフェクト7"
		},
		{
			"Id": "ParamEff8",
			"GroupId": "ParamGroup",
			"Name": "エフェクト8"
		},
		{
			"Id": "ParamEff9",
			"GroupId": "ParamGroup",
			"Name": "エフェクト9"
		},
		{
			"Id": "ParamEff10",
			"GroupId": "ParamGroup",
			"Name": "エフェクト10"
		},
		{
			"Id": "ParamEff11",
			"GroupId": "ParamGroup",
			"Name": "エフェクト11"
		},
		{
			"Id": "ParamEff12",
			"GroupId": "ParamGroup",
			"Name": "エフェクト12"
		},
		{
			"Id": "ParamEff13",
			"GroupId": "ParamGroup",
			"Name": "エフェクト13"
		},
		{
			"Id": "ParamEff14",
			"GroupId": "ParamGroup",
			"Name": "エフェクト14"
		},
		{
			"Id": "ParamEff15",
			"GroupId": "ParamGroup",
			"Name": "エフェクト15"
		},
		{
			"Id": "ParamEff16",
			"GroupId": "ParamGroup",
			"Name": "エフェクト16"
		},
		{
			"Id": "ParamEff17",
			"GroupId": "ParamGroup",
			"Name": "エフェクト17"
		},
		{
			"Id": "ParamEff18",
			"GroupId": "ParamGroup",
			"Name": "エフェクト18"
		},
		{
			"Id": "ParamEff19",
			"GroupId": "ParamGroup",
			"Name": "エフェクト19"
		},
		{
			"Id": "ParamEff20",
			"GroupId": "ParamGroup",
			"Name": "エフェクト20"
		},
		{
			"Id": "ParamEff21",
			"GroupId": "ParamGroup",
			"Name": "エフェクト21"
		},
		{
			"Id": "ParamEff22",
			"GroupId": "ParamGroup",
			"Name": "エフェクト22"
		},
		{
			"Id": "ParamEff23",
			"GroupId": "ParamGroup",
			"Name": "エフェクト23"
		},
		{
			"Id": "ParamEff24",
			"GroupId": "ParamGroup",
			"Name": "エフェクト24"
		},
		{
			"Id": "ParamEff25",
			"GroupId": "ParamGroup",
			"Name": "エフェクト25"
		},
		{
			"Id": "ParamEff26",
			"GroupId": "ParamGroup",
			"Name": "エフェクト26"
		},
		{
			"Id": "ParamEff27",
			"GroupId": "ParamGroup",
			"Name": "エフェクト27"
		},
		{
			"Id": "ParamEff28",
			"GroupId": "ParamGroup",
			"Name": "エフェクト28"
		},
		{
			"Id": "ParamEff29",
			"GroupId": "ParamGroup",
			"Name": "エフェクト29"
		},
		{
			"Id": "ParamEff30",
			"GroupId": "ParamGroup",
			"Name": "エフェクト30"
		},
		{
			"Id": "ParamEff31",
			"GroupId": "ParamGroup",
			"Name": "エフェクト31"
		},
		{
			"Id": "ParamEff32",
			"GroupId": "ParamGroup",
			"Name": "エフェクト32"
		},
		{
			"Id": "ParamEff33",
			"GroupId": "ParamGroup",
			"Name": "エフェクト33"
		},
		{
			"Id": "ParamEff34",
			"GroupId": "ParamGroup",
			"Name": "エフェクト34"
		},
		{
			"Id": "ParamEff35",
			"GroupId": "ParamGroup",
			"Name": "エフェクト35"
		},
		{
			"Id": "ParamEff36",
			"GroupId": "ParamGroup",
			"Name": "エフェクト36"
		},
		{
			"Id": "ParamEff37",
			"GroupId": "ParamGroup",
			"Name": "エフェクト37"
		},
		{
			"Id": "ParamEff38",
			"GroupId": "ParamGroup",
			"Name": "エフェクト38"
		},
		{
			"Id": "ParamEff39",
			"GroupId": "ParamGroup",
			"Name": "エフェクト39"
		},
		{
			"Id": "ParamEff40",
			"GroupId": "ParamGroup",
			"Name": "エフェクト40"
		},
		{
			"Id": "ParamPachi",
			"GroupId": "ParamGroup2",
			"Name": "目パチ"
		},
		{
			"Id": "ParamLegL1",
			"GroupId": "ParamGroup2",
			"Name": "右太もも"
		},
		{
			"Id": "ParamLegL2",
			"GroupId": "ParamGroup2",
			"Name": "右足"
		},
		{
			"Id": "ParamLegR1",
			"GroupId": "ParamGroup2",
			"Name": "左太もも"
		},
		{
			"Id": "ParamLegR2",
			"GroupId": "ParamGroup2",
			"Name": "左足"
		},
		{
			"Id": "ParamEyeRL",
			"GroupId": "ParamGroup2",
			"Name": "目Hi左右"
		},
		{
			"Id": "ParamEyeUD",
			"GroupId": "ParamGroup2",
			"Name": "目Hi上下"
		},
		{
			"Id": "ParamEyeBS",
			"GroupId": "ParamGroup2",
			"Name": "目Hi大小"
		},
		{
			"Id": "ParamPaiRX",
			"GroupId": "ParamGroup2",
			"Name": "右胸 X"
		},
		{
			"Id": "ParamPaiRY",
			"GroupId": "ParamGroup2",
			"Name": "右胸 Y"
		},
		{
			"Id": "ParamPaiRX2",
			"GroupId": "ParamGroup2",
			"Name": "右胸 X2"
		},
		{
			"Id": "ParamPaiRY2",
			"GroupId": "ParamGroup2",
			"Name": "右胸 Y2"
		},
		{
			"Id": "ParamPaiLX",
			"GroupId": "ParamGroup2",
			"Name": "左胸 X"
		},
		{
			"Id": "ParamPaiLY",
			"GroupId": "ParamGroup2",
			"Name": "左胸 Y"
		},
		{
			"Id": "ParamPaiLX2",
			"GroupId": "ParamGroup2",
			"Name": "左胸 X2"
		},
		{
			"Id": "ParamPaiLY2",
			"GroupId": "ParamGroup2",
			"Name": "左胸 Y2"
		},
		{
			"Id": "ParamAngleX",
			"GroupId": "ParamGroup3",
			"Name": "角度 X"
		},
		{
			"Id": "ParamAngleY",
			"GroupId": "ParamGroup3",
			"Name": "角度 Y"
		},
		{
			"Id": "ParamAngleZ",
			"GroupId": "ParamGroup3",
			"Name": "角度 Z"
		},
		{
			"Id": "ParamEyeLOpen",
			"GroupId": "ParamGroup3",
			"Name": "左目　開閉"
		},
		{
			"Id": "ParamEyeLSmile",
			"GroupId": "ParamGroup3",
			"Name": "左目　笑顔"
		},
		{
			"Id": "ParamEyeROpen",
			"GroupId": "ParamGroup3",
			"Name": "右目　開閉"
		},
		{
			"Id": "ParamEyeRSmile",
			"GroupId": "ParamGroup3",
			"Name": "右目　笑顔"
		},
		{
			"Id": "ParamEyeBallX",
			"GroupId": "ParamGroup3",
			"Name": "目玉 X"
		},
		{
			"Id": "ParamEyeBallY",
			"GroupId": "ParamGroup3",
			"Name": "目玉 Y"
		},
		{
			"Id": "ParamBrowAngle",
			"GroupId": "ParamGroup3",
			"Name": "眉　角度"
		},
		{
			"Id": "ParamBrowForm",
			"GroupId": "ParamGroup3",
			"Name": "眉　変形"
		},
		{
			"Id": "ParamMouthForm",
			"GroupId": "ParamGroup3",
			"Name": "口　変形"
		},
		{
			"Id": "ParamMouthOpenY",
			"GroupId": "ParamGroup3",
			"Name": "口　開閉"
		},
		{
			"Id": "ParamCheek",
			"GroupId": "ParamGroup3",
			"Name": "照れ"
		},
		{
			"Id": "ParamBodyAngleX",
			"GroupId": "ParamGroup3",
			"Name": "体の回転　X"
		},
		{
			"Id": "ParamBodyAngleX2",
			"GroupId": "ParamGroup3",
			"Name": "体の回転　X2"
		},
		{
			"Id": "ParamBodyAngleY",
			"GroupId": "ParamGroup3",
			"Name": "体の回転　Y"
		},
		{
			"Id": "ParamBodyAngleZ",
			"GroupId": "ParamGroup3",
			"Name": "体の回転　Z"
		},
		{
			"Id": "ParamItiX",
			"GroupId": "ParamGroup3",
			"Name": "体 位置X"
		},
		{
			"Id": "ParamItiY",
			"GroupId": "ParamGroup3",
			"Name": "体 位置Y"
		},
		{
			"Id": "ParamBreat",
			"GroupId": "ParamGroup3",
			"Name": "呼吸"
		},
		{
			"Id": "ParamHairFront",
			"GroupId": "ParamGroup3",
			"Name": "髪揺れ　前"
		},
		{
			"Id": "ParamHairSide",
			"GroupId": "ParamGroup3",
			"Name": "髪揺れ　横"
		},
		{
			"Id": "ParamHairBack",
			"GroupId": "ParamGroup3",
			"Name": "髪揺れ　後"
		},
		{
			"Id": "ParamHairF",
			"GroupId": "ParamGroup3",
			"Name": "髪揺れ　風"
		},
		{
			"Id": "ParamLeftArm1",
			"GroupId": "ParamGroup4",
			"Name": "左腕1"
		},
		{
			"Id": "ParamRightArm1",
			"GroupId": "ParamGroup4",
			"Name": "右腕1"
		},
		{
			"Id": "ParamFingerAlp",
			"GroupId": "ParamGroup4",
			"Name": "指アルファ"
		},
		{
			"Id": "ParamRightArm2",
			"GroupId": "ParamGroup4",
			"Name": "右腕2"
		},
		{
			"Id": "ParamRightArm3",
			"GroupId": "ParamGroup4",
			"Name": "右腕3"
		},
		{
			"Id": "ParamRightArm4",
			"GroupId": "ParamGroup4",
			"Name": "右腕4"
		},
		{
			"Id": "ParamRightLeg",
			"GroupId": "ParamGroup4",
			"Name": "右足"
		},
		{
			"Id": "ParamLeftLeg",
			"GroupId": "ParamGroup4",
			"Name": "左足"
		},
		{
			"Id": "ParamSideRibonX",
			"GroupId": "ParamGroup4",
			"Name": "サイドリボンX"
		},
		{
			"Id": "ParamSideRibonY",
			"GroupId": "ParamGroup4",
			"Name": "サイドリボンY"
		},
		{
			"Id": "ParamCRibonX",
			"GroupId": "ParamGroup4",
			"Name": "中央リボン X"
		},
		{
			"Id": "ParamCRibonY",
			"GroupId": "ParamGroup4",
			"Name": "中央リボン Y"
		},
		{
			"Id": "ParamCX",
			"GroupId": "ParamGroup4",
			"Name": "カモメ X"
		},
		{
			"Id": "ParamCY",
			"GroupId": "ParamGroup4",
			"Name": "カモメ Y"
		},
		{
			"Id": "ParamFinger1",
			"GroupId": "ParamGroup5",
			"Name": "親指"
		},
		{
			"Id": "ParamFinger2",
			"GroupId": "ParamGroup5",
			"Name": "人差し指"
		},
		{
			"Id": "ParamFinger3",
			"GroupId": "ParamGroup5",
			"Name": "中指"
		},
		{
			"Id": "ParamFinger4",
			"GroupId": "ParamGroup5",
			"Name": "薬指"
		},
		{
			"Id": "ParamFinger5",
			"GroupId": "ParamGroup5",
			"Name": "小指"
		},
		{
			"Id": "ParamAseHead",
			"GroupId": "ParamGroup6",
			"Name": "汗 頭"
		},
		{
			"Id": "ParamAseUde",
			"GroupId": "ParamGroup6",
			"Name": "汗 腕"
		},
		{
			"Id": "ParamAsePai",
			"GroupId": "ParamGroup6",
			"Name": "汗 胸"
		},
		{
			"Id": "ParamAseTop",
			"GroupId": "ParamGroup6",
			"Name": "汗 上半身"
		},
		{
			"Id": "ParamAseDown",
			"GroupId": "ParamGroup6",
			"Name": "汗 下半身"
		}
	],
	"ParameterGroups": [
		{
			"Id": "ParamGroup",
			"GroupId": "",
			"Name": "エフェクト"
		},
		{
			"Id": "ParamGroup2",
			"GroupId": "",
			"Name": "URLR"
		},
		{
			"Id": "ParamGroup3",
			"GroupId": "",
			"Name": "通常"
		},
		{
			"Id": "ParamGroup4",
			"GroupId": "",
			"Name": "追加"
		},
		{
			"Id": "ParamGroup5",
			"GroupId": "",
			"Name": "指"
		},
		{
			"Id": "ParamGroup6",
			"GroupId": "",
			"Name": "汗"
		}
	],
	"Parts": [
		{
			"Id": "Part49",
			"Name": "1920x1440_5.psd"
		},
		{
			"Id": "Part48",
			"Name": "1920x1440_4.psd"
		},
		{
			"Id": "Part47",
			"Name": "1920x1440_3.psd"
		},
		{
			"Id": "Part46",
			"Name": "1920x1440_2_結合.psd"
		},
		{
			"Id": "Part45",
			"Name": "1920x1440.psd"
		},
		{
			"Id": "Part",
			"Name": "エフェクト上"
		},
		{
			"Id": "Part24",
			"Name": "奈楽"
		},
		{
			"Id": "Part43",
			"Name": "背景"
		},
		{
			"Id": "Part2",
			"Name": "しぶき"
		},
		{
			"Id": "Part5",
			"Name": "桜"
		},
		{
			"Id": "Part6",
			"Name": "粒子"
		},
		{
			"Id": "Part13",
			"Name": "〇"
		},
		{
			"Id": "Part18",
			"Name": "きらきら"
		},
		{
			"Id": "Part25",
			"Name": "胸"
		},
		{
			"Id": "Part26",
			"Name": "左手"
		},
		{
			"Id": "Part27",
			"Name": "右腕"
		},
		{
			"Id": "Part28",
			"Name": "手前布"
		},
		{
			"Id": "Part29",
			"Name": "左手"
		},
		{
			"Id": "Part30",
			"Name": "右腕"
		},
		{
			"Id": "Part31",
			"Name": "服捩じれ"
		},
		{
			"Id": "Part32",
			"Name": "左腕"
		},
		{
			"Id": "Part33",
			"Name": "頭"
		},
		{
			"Id": "Part44",
			"Name": "日差し"
		},
		{
			"Id": "Part3",
			"Name": "しぶき小"
		},
		{
			"Id": "Part4",
			"Name": "しぶき大"
		},
		{
			"Id": "Part7",
			"Name": "グループ 3"
		},
		{
			"Id": "Part8",
			"Name": "グループ 1"
		},
		{
			"Id": "Part9",
			"Name": "グループ 5"
		},
		{
			"Id": "Part10",
			"Name": "グループ 6"
		},
		{
			"Id": "Part11",
			"Name": "グループ 4"
		},
		{
			"Id": "Part12",
			"Name": "グループ 2"
		},
		{
			"Id": "Part14",
			"Name": "グループ 7"
		},
		{
			"Id": "Part15",
			"Name": "グループ 9"
		},
		{
			"Id": "Part16",
			"Name": "グループ 10"
		},
		{
			"Id": "Part17",
			"Name": "グループ 8"
		},
		{
			"Id": "Part19",
			"Name": "グループ 11"
		},
		{
			"Id": "Part20",
			"Name": "グループ 12"
		},
		{
			"Id": "Part21",
			"Name": "グループ 13"
		},
		{
			"Id": "Part22",
			"Name": "グループ 14"
		},
		{
			"Id": "Part23",
			"Name": "グループ 15"
		},
		{
			"Id": "Part34",
			"Name": "前髪"
		},
		{
			"Id": "Part36",
			"Name": "右目"
		},
		{
			"Id": "Part38",
			"Name": "左目"
		},
		{
			"Id": "Part35",
			"Name": "とじ目"
		},
		{
			"Id": "Part40",
			"Name": "顔"
		},
		{
			"Id": "Part41",
			"Name": "右後髪"
		},
		{
			"Id": "Part42",
			"Name": "左後髪"
		},
		{
			"Id": "Part37",
			"Name": "眉"
		},
		{
			"Id": "Part39",
			"Name": "眉"
		}
	],
	"CombinedParameters": [
		[
			"ParamEyeRL",
			"ParamEyeUD"
		],
		[
			"ParamPaiRX",
			"ParamPaiRY"
		],
		[
			"ParamPaiRX2",
			"ParamPaiRY2"
		],
		[
			"ParamPaiLX",
			"ParamPaiLY"
		],
		[
			"ParamPaiLX2",
			"ParamPaiLY2"
		],
		[
			"ParamAngleX",
			"ParamAngleY"
		],
		[
			"ParamEyeBallX",
			"ParamEyeBallY"
		],
		[
			"ParamItiX",
			"ParamItiY"
		],
		[
			"ParamSideRibonX",
			"ParamSideRibonY"
		],
		[
			"ParamCRibonX",
			"ParamCRibonY"
		],
		[
			"ParamCX",
			"ParamCY"
		]
	]
}