{
	"Version": 3,
	"Parameters": [
		{
			"Id": "ParamEff1",
			"GroupId": "ParamGroup",
			"Name": "エフェクト1"
		},
		{
			"Id": "ParamEff2",
			"GroupId": "ParamGroup",
			"Name": "エフェクト2"
		},
		{
			"Id": "ParamEff3",
			"GroupId": "ParamGroup",
			"Name": "エフェクト3"
		},
		{
			"Id": "ParamEff4",
			"GroupId": "ParamGroup",
			"Name": "エフェクト4"
		},
		{
			"Id": "ParamEff5",
			"GroupId": "ParamGroup",
			"Name": "エフェクト5"
		},
		{
			"Id": "ParamEff6",
			"GroupId": "ParamGroup",
			"Name": "エフェクト6"
		},
		{
			"Id": "ParamEff7",
			"GroupId": "ParamGroup",
			"Name": "エフェクト7"
		},
		{
			"Id": "ParamEff8",
			"GroupId": "ParamGroup",
			"Name": "エフェクト8"
		},
		{
			"Id": "ParamEff9",
			"GroupId": "ParamGroup",
			"Name": "エフェクト9"
		},
		{
			"Id": "ParamEff10",
			"GroupId": "ParamGroup",
			"Name": "エフェクト10"
		},
		{
			"Id": "ParamEff11",
			"GroupId": "ParamGroup",
			"Name": "エフェクト11"
		},
		{
			"Id": "ParamEff12",
			"GroupId": "ParamGroup",
			"Name": "エフェクト12"
		},
		{
			"Id": "ParamEff13",
			"GroupId": "ParamGroup",
			"Name": "エフェクト13"
		},
		{
			"Id": "ParamEff14",
			"GroupId": "ParamGroup",
			"Name": "エフェクト14"
		},
		{
			"Id": "ParamEff15",
			"GroupId": "ParamGroup",
			"Name": "エフェクト15"
		},
		{
			"Id": "ParamEff16",
			"GroupId": "ParamGroup",
			"Name": "エフェクト16"
		},
		{
			"Id": "ParamEff17",
			"GroupId": "ParamGroup",
			"Name": "エフェクト17"
		},
		{
			"Id": "ParamEff18",
			"GroupId": "ParamGroup",
			"Name": "エフェクト18"
		},
		{
			"Id": "ParamEff19",
			"GroupId": "ParamGroup",
			"Name": "エフェクト19"
		},
		{
			"Id": "ParamEff20",
			"GroupId": "ParamGroup",
			"Name": "エフェクト20"
		},
		{
			"Id": "ParamEff21",
			"GroupId": "ParamGroup",
			"Name": "エフェクト21"
		},
		{
			"Id": "ParamEff22",
			"GroupId": "ParamGroup",
			"Name": "エフェクト22"
		},
		{
			"Id": "ParamEff23",
			"GroupId": "ParamGroup",
			"Name": "エフェクト23"
		},
		{
			"Id": "ParamEff24",
			"GroupId": "ParamGroup",
			"Name": "エフェクト24"
		},
		{
			"Id": "ParamEff25",
			"GroupId": "ParamGroup",
			"Name": "エフェクト25"
		},
		{
			"Id": "ParamEff26",
			"GroupId": "ParamGroup",
			"Name": "エフェクト26"
		},
		{
			"Id": "ParamEff27",
			"GroupId": "ParamGroup",
			"Name": "エフェクト27"
		},
		{
			"Id": "ParamEff28",
			"GroupId": "ParamGroup",
			"Name": "エフェクト28"
		},
		{
			"Id": "ParamEff29",
			"GroupId": "ParamGroup",
			"Name": "エフェクト29"
		},
		{
			"Id": "ParamEff30",
			"GroupId": "ParamGroup",
			"Name": "エフェクト30"
		},
		{
			"Id": "ParamEff31",
			"GroupId": "ParamGroup",
			"Name": "エフェクト31"
		},
		{
			"Id": "ParamEff32",
			"GroupId": "ParamGroup",
			"Name": "エフェクト32"
		},
		{
			"Id": "ParamEff33",
			"GroupId": "ParamGroup",
			"Name": "エフェクト33"
		},
		{
			"Id": "ParamPachi",
			"GroupId": "ParamGroup2",
			"Name": "目パチ"
		},
		{
			"Id": "ParamLegL1",
			"GroupId": "ParamGroup2",
			"Name": "右太もも"
		},
		{
			"Id": "ParamLegL2",
			"GroupId": "ParamGroup2",
			"Name": "右足"
		},
		{
			"Id": "ParamLegR1",
			"GroupId": "ParamGroup2",
			"Name": "左太もも"
		},
		{
			"Id": "ParamLegR2",
			"GroupId": "ParamGroup2",
			"Name": "左足"
		},
		{
			"Id": "ParamEyeRL",
			"GroupId": "ParamGroup2",
			"Name": "目Hi左右"
		},
		{
			"Id": "ParamEyeUD",
			"GroupId": "ParamGroup2",
			"Name": "目Hi上下"
		},
		{
			"Id": "ParamEyeBS",
			"GroupId": "ParamGroup2",
			"Name": "目Hi大小"
		},
		{
			"Id": "ParamPaiRX",
			"GroupId": "ParamGroup2",
			"Name": "右胸 X"
		},
		{
			"Id": "ParamPaiRY",
			"GroupId": "ParamGroup2",
			"Name": "右胸 Y"
		},
		{
			"Id": "ParamPaiRX2",
			"GroupId": "ParamGroup2",
			"Name": "右胸 X2"
		},
		{
			"Id": "ParamPaiRY2",
			"GroupId": "ParamGroup2",
			"Name": "右胸 Y2"
		},
		{
			"Id": "ParamPaiLY",
			"GroupId": "ParamGroup2",
			"Name": "左胸 Y"
		},
		{
			"Id": "ParamPaiLX",
			"GroupId": "ParamGroup2",
			"Name": "左胸 X"
		},
		{
			"Id": "ParamPaiLY2",
			"GroupId": "ParamGroup2",
			"Name": "左胸 Y2"
		},
		{
			"Id": "ParamPaiLX2",
			"GroupId": "ParamGroup2",
			"Name": "左胸 X2"
		},
		{
			"Id": "ParamBreat",
			"GroupId": "ParamGroup2",
			"Name": "呼吸"
		},
		{
			"Id": "Param_Angle_Rotation",
			"GroupId": "ParamGroup4",
			"Name": "[0]頭飾り2"
		},
		{
			"Id": "Param_Angle_Rotation2",
			"GroupId": "ParamGroup4",
			"Name": "[1]頭飾り2"
		},
		{
			"Id": "Param_Angle_Rotation3",
			"GroupId": "ParamGroup4",
			"Name": "[2]頭飾り2"
		},
		{
			"Id": "Param_Angle_Rotation4",
			"GroupId": "ParamGroup4",
			"Name": "[3]頭飾り2"
		},
		{
			"Id": "Param_Angle_Rotation5",
			"GroupId": "ParamGroup5",
			"Name": "[0]頭飾り3"
		},
		{
			"Id": "Param_Angle_Rotation6",
			"GroupId": "ParamGroup5",
			"Name": "[1]頭飾り3"
		},
		{
			"Id": "Param_Angle_Rotation7",
			"GroupId": "ParamGroup5",
			"Name": "[2]頭飾り3"
		},
		{
			"Id": "Param_Angle_Rotation9",
			"GroupId": "ParamGroup6",
			"Name": "[0]前髪0"
		},
		{
			"Id": "Param_Angle_Rotation10",
			"GroupId": "ParamGroup6",
			"Name": "[1]前髪0"
		},
		{
			"Id": "Param_Angle_Rotation12",
			"GroupId": "ParamGroup7",
			"Name": "[0]前髪1"
		},
		{
			"Id": "Param_Angle_Rotation13",
			"GroupId": "ParamGroup7",
			"Name": "[1]前髪1"
		},
		{
			"Id": "Param_Angle_Rotation15",
			"GroupId": "ParamGroup8",
			"Name": "[0]前髪2"
		},
		{
			"Id": "Param_Angle_Rotation16",
			"GroupId": "ParamGroup8",
			"Name": "[1]前髪2"
		},
		{
			"Id": "Param_Angle_Rotation18",
			"GroupId": "ParamGroup9",
			"Name": "[0]前髪3"
		},
		{
			"Id": "Param_Angle_Rotation19",
			"GroupId": "ParamGroup9",
			"Name": "[1]前髪3"
		},
		{
			"Id": "Param_Angle_Rotation21",
			"GroupId": "ParamGroup10",
			"Name": "[0]前髪4"
		},
		{
			"Id": "Param_Angle_Rotation22",
			"GroupId": "ParamGroup10",
			"Name": "[1]前髪4"
		},
		{
			"Id": "Param_Angle_Rotation24",
			"GroupId": "ParamGroup11",
			"Name": "[0]前髪5"
		},
		{
			"Id": "Param_Angle_Rotation25",
			"GroupId": "ParamGroup11",
			"Name": "[1]前髪5"
		},
		{
			"Id": "Param_Angle_Rotation27",
			"GroupId": "ParamGroup12",
			"Name": "[0]前髪6"
		},
		{
			"Id": "Param_Angle_Rotation28",
			"GroupId": "ParamGroup12",
			"Name": "[1]前髪6"
		},
		{
			"Id": "Param_Angle_Rotation30",
			"GroupId": "ParamGroup13",
			"Name": "[0]手前もみあげ"
		},
		{
			"Id": "Param_Angle_Rotation31",
			"GroupId": "ParamGroup13",
			"Name": "[1]手前もみあげ"
		},
		{
			"Id": "Param_Angle_Rotation32",
			"GroupId": "ParamGroup13",
			"Name": "[2]手前もみあげ"
		},
		{
			"Id": "Param_Angle_Rotation33",
			"GroupId": "ParamGroup13",
			"Name": "[3]手前もみあげ"
		},
		{
			"Id": "Param_Angle_Rotation34",
			"GroupId": "ParamGroup13",
			"Name": "[4]手前もみあげ"
		},
		{
			"Id": "Param_Angle_Rotation50",
			"GroupId": "ParamGroup18",
			"Name": "[0]前髪7"
		},
		{
			"Id": "Param_Angle_Rotation51",
			"GroupId": "ParamGroup18",
			"Name": "[1]前髪7"
		},
		{
			"Id": "Param_Angle_Rotation53",
			"GroupId": "ParamGroup19",
			"Name": "[0]後髪1"
		},
		{
			"Id": "Param_Angle_Rotation54",
			"GroupId": "ParamGroup19",
			"Name": "[1]後髪1"
		},
		{
			"Id": "Param_Angle_Rotation55",
			"GroupId": "ParamGroup19",
			"Name": "[2]後髪1"
		},
		{
			"Id": "Param_Angle_Rotation56",
			"GroupId": "ParamGroup19",
			"Name": "[3]後髪1"
		},
		{
			"Id": "Param_Angle_Rotation57",
			"GroupId": "ParamGroup19",
			"Name": "[4]後髪1"
		},
		{
			"Id": "Param_Angle_Rotation59",
			"GroupId": "ParamGroup20",
			"Name": "[0]後髪2"
		},
		{
			"Id": "Param_Angle_Rotation60",
			"GroupId": "ParamGroup20",
			"Name": "[1]後髪2"
		},
		{
			"Id": "Param_Angle_Rotation61",
			"GroupId": "ParamGroup20",
			"Name": "[2]後髪2"
		},
		{
			"Id": "Param_Angle_Rotation63",
			"GroupId": "ParamGroup21",
			"Name": "[0]後髪3"
		},
		{
			"Id": "Param_Angle_Rotation64",
			"GroupId": "ParamGroup21",
			"Name": "[1]後髪3"
		},
		{
			"Id": "Param_Angle_Rotation65",
			"GroupId": "ParamGroup21",
			"Name": "[2]後髪3"
		},
		{
			"Id": "Param_Angle_Rotation66",
			"GroupId": "ParamGroup21",
			"Name": "[3]後髪3"
		},
		{
			"Id": "Param_Angle_Rotation67",
			"GroupId": "ParamGroup21",
			"Name": "[4]後髪3"
		},
		{
			"Id": "Param_Angle_Rotation68",
			"GroupId": "ParamGroup21",
			"Name": "[5]後髪3"
		},
		{
			"Id": "Param_Angle_Rotation69",
			"GroupId": "ParamGroup21",
			"Name": "[6]後髪3"
		},
		{
			"Id": "Param_Angle_Rotation71",
			"GroupId": "ParamGroup22",
			"Name": "[0]後髪4"
		},
		{
			"Id": "Param_Angle_Rotation72",
			"GroupId": "ParamGroup22",
			"Name": "[1]後髪4"
		},
		{
			"Id": "Param_Angle_Rotation73",
			"GroupId": "ParamGroup22",
			"Name": "[2]後髪4"
		},
		{
			"Id": "Param_Angle_Rotation75",
			"GroupId": "ParamGroup23",
			"Name": "[0]後髪5"
		},
		{
			"Id": "Param_Angle_Rotation76",
			"GroupId": "ParamGroup23",
			"Name": "[1]後髪5"
		},
		{
			"Id": "Param_Angle_Rotation77",
			"GroupId": "ParamGroup23",
			"Name": "[2]後髪5"
		},
		{
			"Id": "Param_Angle_Rotation78",
			"GroupId": "ParamGroup23",
			"Name": "[3]後髪5"
		},
		{
			"Id": "Param_Angle_Rotation79",
			"GroupId": "ParamGroup23",
			"Name": "[4]後髪5"
		},
		{
			"Id": "Param_Angle_Rotation80",
			"GroupId": "ParamGroup23",
			"Name": "[5]後髪5"
		},
		{
			"Id": "Param_Angle_Rotation81",
			"GroupId": "ParamGroup23",
			"Name": "[6]後髪5"
		},
		{
			"Id": "Param_Angle_Rotation83",
			"GroupId": "ParamGroup24",
			"Name": "[0]後髪6"
		},
		{
			"Id": "Param_Angle_Rotation84",
			"GroupId": "ParamGroup24",
			"Name": "[1]後髪6"
		},
		{
			"Id": "Param_Angle_Rotation85",
			"GroupId": "ParamGroup24",
			"Name": "[2]後髪6"
		},
		{
			"Id": "Param_Angle_Rotation86",
			"GroupId": "ParamGroup24",
			"Name": "[3]後髪6"
		},
		{
			"Id": "Param_Angle_Rotation87",
			"GroupId": "ParamGroup24",
			"Name": "[4]後髪6"
		},
		{
			"Id": "Param_Angle_Rotation88",
			"GroupId": "ParamGroup24",
			"Name": "[5]後髪6"
		},
		{
			"Id": "Param_Angle_Rotation90",
			"GroupId": "ParamGroup25",
			"Name": "[0]後髪7"
		},
		{
			"Id": "Param_Angle_Rotation91",
			"GroupId": "ParamGroup25",
			"Name": "[1]後髪7"
		},
		{
			"Id": "Param_Angle_Rotation92",
			"GroupId": "ParamGroup25",
			"Name": "[2]後髪7"
		},
		{
			"Id": "Param_Angle_Rotation93",
			"GroupId": "ParamGroup25",
			"Name": "[3]後髪7"
		},
		{
			"Id": "Param_Angle_Rotation94",
			"GroupId": "ParamGroup25",
			"Name": "[4]後髪7"
		},
		{
			"Id": "Param_Angle_Rotation95",
			"GroupId": "ParamGroup25",
			"Name": "[5]後髪7"
		},
		{
			"Id": "Param_Angle_Rotation96",
			"GroupId": "ParamGroup25",
			"Name": "[6]後髪7"
		},
		{
			"Id": "Param_Angle_Rotation98",
			"GroupId": "ParamGroup26",
			"Name": "[0]後髪8"
		},
		{
			"Id": "Param_Angle_Rotation99",
			"GroupId": "ParamGroup26",
			"Name": "[1]後髪8"
		},
		{
			"Id": "Param_Angle_Rotation100",
			"GroupId": "ParamGroup26",
			"Name": "[2]後髪8"
		},
		{
			"Id": "Param_Angle_Rotation101",
			"GroupId": "ParamGroup26",
			"Name": "[3]後髪8"
		},
		{
			"Id": "Param_Angle_Rotation102",
			"GroupId": "ParamGroup26",
			"Name": "[4]後髪8"
		},
		{
			"Id": "Param_Angle_Rotation103",
			"GroupId": "ParamGroup26",
			"Name": "[5]後髪8"
		},
		{
			"Id": "Param_Angle_Rotation104",
			"GroupId": "ParamGroup26",
			"Name": "[6]後髪8"
		},
		{
			"Id": "Param_Angle_Rotation106",
			"GroupId": "ParamGroup27",
			"Name": "[0]後髪9"
		},
		{
			"Id": "Param_Angle_Rotation107",
			"GroupId": "ParamGroup27",
			"Name": "[1]後髪9"
		},
		{
			"Id": "Param_Angle_Rotation108",
			"GroupId": "ParamGroup27",
			"Name": "[2]後髪9"
		},
		{
			"Id": "Param_Angle_Rotation109",
			"GroupId": "ParamGroup27",
			"Name": "[3]後髪9"
		},
		{
			"Id": "Param_Angle_Rotation110",
			"GroupId": "ParamGroup27",
			"Name": "[4]後髪9"
		},
		{
			"Id": "Param_Angle_Rotation111",
			"GroupId": "ParamGroup27",
			"Name": "[5]後髪9"
		},
		{
			"Id": "Param_Angle_Rotation112",
			"GroupId": "ParamGroup27",
			"Name": "[6]後髪9"
		}
	],
	"ParameterGroups": [
		{
			"Id": "ParamGroup",
			"GroupId": "",
			"Name": "エフェクト"
		},
		{
			"Id": "ParamGroup2",
			"GroupId": "",
			"Name": "URアニメーション"
		},
		{
			"Id": "ParamGroup3",
			"GroupId": "",
			"Name": "追加"
		},
		{
			"Id": "ParamGroup4",
			"GroupId": "",
			"Name": "頭飾り2"
		},
		{
			"Id": "ParamGroup5",
			"GroupId": "",
			"Name": "頭飾り3"
		},
		{
			"Id": "ParamGroup6",
			"GroupId": "",
			"Name": "前髪0"
		},
		{
			"Id": "ParamGroup7",
			"GroupId": "",
			"Name": "前髪1"
		},
		{
			"Id": "ParamGroup8",
			"GroupId": "",
			"Name": "前髪2"
		},
		{
			"Id": "ParamGroup9",
			"GroupId": "",
			"Name": "前髪3"
		},
		{
			"Id": "ParamGroup10",
			"GroupId": "",
			"Name": "前髪4"
		},
		{
			"Id": "ParamGroup11",
			"GroupId": "",
			"Name": "前髪5"
		},
		{
			"Id": "ParamGroup12",
			"GroupId": "",
			"Name": "前髪6"
		},
		{
			"Id": "ParamGroup13",
			"GroupId": "",
			"Name": "手前もみあげ"
		},
		{
			"Id": "ParamGroup18",
			"GroupId": "",
			"Name": "前髪7"
		},
		{
			"Id": "ParamGroup19",
			"GroupId": "",
			"Name": "後髪1"
		},
		{
			"Id": "ParamGroup20",
			"GroupId": "",
			"Name": "後髪2"
		},
		{
			"Id": "ParamGroup21",
			"GroupId": "",
			"Name": "後髪3"
		},
		{
			"Id": "ParamGroup22",
			"GroupId": "",
			"Name": "後髪4"
		},
		{
			"Id": "ParamGroup23",
			"GroupId": "",
			"Name": "後髪5"
		},
		{
			"Id": "ParamGroup24",
			"GroupId": "",
			"Name": "後髪6"
		},
		{
			"Id": "ParamGroup25",
			"GroupId": "",
			"Name": "後髪7"
		},
		{
			"Id": "ParamGroup26",
			"GroupId": "",
			"Name": "後髪8"
		},
		{
			"Id": "ParamGroup27",
			"GroupId": "",
			"Name": "後髪9"
		}
	],
	"Parts": [
		{
			"Id": "Part33",
			"Name": "1920x1440.psd"
		},
		{
			"Id": "Part",
			"Name": "エフェクト"
		},
		{
			"Id": "Part26",
			"Name": "顔"
		},
		{
			"Id": "Part27",
			"Name": "頭"
		},
		{
			"Id": "Part28",
			"Name": "後髪"
		},
		{
			"Id": "Part29",
			"Name": "光1"
		},
		{
			"Id": "Part30",
			"Name": "光2"
		},
		{
			"Id": "Part31",
			"Name": "光3"
		},
		{
			"Id": "Part32",
			"Name": "光4"
		},
		{
			"Id": "Part2",
			"Name": "点"
		},
		{
			"Id": "Part8",
			"Name": "虹破片"
		},
		{
			"Id": "Part14",
			"Name": "光"
		},
		{
			"Id": "Part23",
			"Name": "花びら"
		},
		{
			"Id": "Part24",
			"Name": "粒子"
		},
		{
			"Id": "Part25",
			"Name": "赤光線"
		},
		{
			"Id": "ArtMesh104_Skinning",
			"Name": "頭飾り2(スキニング)"
		},
		{
			"Id": "ArtMesh105_Skinning",
			"Name": "頭飾り3(スキニング)"
		},
		{
			"Id": "ArtMesh107_Skinning",
			"Name": "前髪0(スキニング)"
		},
		{
			"Id": "ArtMesh108_Skinning",
			"Name": "前髪1(スキニング)"
		},
		{
			"Id": "ArtMesh109_Skinning",
			"Name": "前髪2(スキニング)"
		},
		{
			"Id": "ArtMesh110_Skinning",
			"Name": "前髪3(スキニング)"
		},
		{
			"Id": "ArtMesh111_Skinning",
			"Name": "前髪4(スキニング)"
		},
		{
			"Id": "ArtMesh112_Skinning",
			"Name": "前髪5(スキニング)"
		},
		{
			"Id": "ArtMesh113_Skinning",
			"Name": "前髪6(スキニング)"
		},
		{
			"Id": "ArtMesh114_Skinning",
			"Name": "手前もみあげ(スキニング)"
		},
		{
			"Id": "ArtMesh115_Skinning",
			"Name": "髪影1(スキニング)"
		},
		{
			"Id": "ArtMesh116_Skinning",
			"Name": "髪影2(スキニング)"
		},
		{
			"Id": "ArtMesh117_Skinning",
			"Name": "髪影3(スキニング)"
		},
		{
			"Id": "ArtMesh118_Skinning",
			"Name": "髪影4(スキニング)"
		},
		{
			"Id": "ArtMesh120_Skinning",
			"Name": "前髪7(スキニング)"
		},
		{
			"Id": "ArtMesh127_Skinning",
			"Name": "後髪1(スキニング)"
		},
		{
			"Id": "ArtMesh128_Skinning",
			"Name": "後髪2(スキニング)"
		},
		{
			"Id": "ArtMesh129_Skinning",
			"Name": "後髪3(スキニング)"
		},
		{
			"Id": "ArtMesh130_Skinning",
			"Name": "後髪4(スキニング)"
		},
		{
			"Id": "ArtMesh131_Skinning",
			"Name": "後髪5(スキニング)"
		},
		{
			"Id": "ArtMesh132_Skinning",
			"Name": "後髪6(スキニング)"
		},
		{
			"Id": "ArtMesh133_Skinning",
			"Name": "後髪7(スキニング)"
		},
		{
			"Id": "ArtMesh134_Skinning",
			"Name": "後髪8(スキニング)"
		},
		{
			"Id": "ArtMesh135_Skinning",
			"Name": "後髪9(スキニング)"
		},
		{
			"Id": "Part3",
			"Name": "グループ 1"
		},
		{
			"Id": "Part4",
			"Name": "グループ 2"
		},
		{
			"Id": "Part5",
			"Name": "グループ 3"
		},
		{
			"Id": "Part6",
			"Name": "グループ 4"
		},
		{
			"Id": "Part7",
			"Name": "グループ 5"
		},
		{
			"Id": "Part9",
			"Name": "グループ 7"
		},
		{
			"Id": "Part10",
			"Name": "グループ 9"
		},
		{
			"Id": "Part11",
			"Name": "グループ 8"
		},
		{
			"Id": "Part12",
			"Name": "グループ 10"
		},
		{
			"Id": "Part13",
			"Name": "グループ 11"
		},
		{
			"Id": "Part15",
			"Name": "グループ 12"
		},
		{
			"Id": "Part16",
			"Name": "グループ 14"
		},
		{
			"Id": "Part17",
			"Name": "グループ 13"
		},
		{
			"Id": "Part18",
			"Name": "グループ 16"
		},
		{
			"Id": "Part19",
			"Name": "グループ 15"
		},
		{
			"Id": "Part20",
			"Name": "グループ 17"
		},
		{
			"Id": "Part21",
			"Name": "グループ 18"
		},
		{
			"Id": "Part22",
			"Name": "グループ 19"
		}
	],
	"CombinedParameters": [
		[
			"ParamEyeRL",
			"ParamEyeUD"
		],
		[
			"ParamPaiRX",
			"ParamPaiRY"
		],
		[
			"ParamPaiRX2",
			"ParamPaiRY2"
		],
		[
			"ParamPaiLY",
			"ParamPaiLX"
		],
		[
			"ParamPaiLY2",
			"ParamPaiLX2"
		]
	]
}