{
	"Version": 3,
	"Meta": {
		"Duration": 5,
		"Fps": 30.0,
		"Loop": true,
		"AreBeziersRestricted": true,
		"CurveCount": 125,
		"TotalSegmentCount": 582,
		"TotalPointCount": 1767,
		"UserDataCount": 0,
		"TotalUserDataSize": 0
	},
	"Curves": [
		{
			"Target": "Model",
			"Id": "Opacity",
			"Segments": [
				0,
				1,
				1,
				0.83,
				1,
				1.67,
				1,
				2.5,
				1,
				1,
				3.33,
				1,
				4.17,
				1,
				5,
				1
			]
		},
		{
			"Target": "Parameter",
			"Id": "Param13",
			"Segments": [
				0,
				-13,
				1,
				0.267,
				-13,
				0.533,
				30,
				0.8,
				30,
				1,
				0.844,
				30,
				0.889,
				1,
				0.933,
				1,
				1,
				0.978,
				1,
				1.022,
				30,
				1.067,
				30,
				1,
				1.111,
				30,
				1.156,
				6.258,
				1.2,
				1,
				1,
				1.4,
				-22.661,
				1.6,
				-30,
				1.8,
				-30,
				1,
				1.867,
				-30,
				1.933,
				30,
				2,
				30,
				1,
				2.111,
				30,
				2.222,
				1,
				2.333,
				1,
				1,
				2.411,
				1,
				2.489,
				30,
				2.567,
				30,
				1,
				2.633,
				30,
				2.7,
				1,
				2.767,
				1,
				1,
				2.822,
				1,
				2.878,
				30,
				2.933,
				30,
				1,
				3.044,
				30,
				3.156,
				1,
				3.267,
				1,
				1,
				3.378,
				1,
				3.489,
				30,
				3.6,
				30,
				1,
				3.822,
				30,
				4.044,
				12.308,
				4.267,
				1,
				1,
				4.511,
				-11.438,
				4.756,
				-13,
				5,
				-13
			]
		},
		{
			"Target": "Parameter",
			"Id": "Param14",
			"Segments": [
				0,
				-9.949,
				1,
				0.133,
				-9.949,
				0.267,
				-16,
				0.4,
				-16,
				1,
				0.667,
				-16,
				0.933,
				30,
				1.2,
				30,
				1,
				1.244,
				30,
				1.289,
				6,
				1.333,
				6,
				1,
				1.378,
				6,
				1.422,
				30,
				1.467,
				30,
				1,
				1.511,
				30,
				1.556,
				12.013,
				1.6,
				6,
				1,
				1.8,
				-21.057,
				2,
				-30,
				2.2,
				-30,
				1,
				2.267,
				-30,
				2.333,
				30,
				2.4,
				30,
				1,
				2.511,
				30,
				2.622,
				6,
				2.733,
				6,
				1,
				2.811,
				6,
				2.889,
				30,
				2.967,
				30,
				1,
				3.033,
				30,
				3.1,
				6,
				3.167,
				6,
				1,
				3.222,
				6,
				3.278,
				30,
				3.333,
				30,
				1,
				3.444,
				30,
				3.556,
				6,
				3.667,
				6,
				1,
				3.778,
				6,
				3.889,
				30,
				4,
				30,
				1,
				4.222,
				30,
				4.444,
				23.397,
				4.667,
				6,
				1,
				4.778,
				-2.698,
				4.889,
				-9.949,
				5,
				-9.949
			]
		},
		{
			"Target": "Parameter",
			"Id": "Param15",
			"Segments": [
				0,
				2.778,
				1,
				0.011,
				2.778,
				0.022,
				2,
				0.033,
				2,
				1,
				0.144,
				2,
				0.256,
				30,
				0.367,
				30,
				1,
				0.589,
				30,
				0.811,
				13.213,
				1.033,
				2,
				1,
				1.278,
				-10.334,
				1.522,
				-12,
				1.767,
				-12,
				1,
				2.033,
				-12,
				2.3,
				30,
				2.567,
				30,
				1,
				2.611,
				30,
				2.656,
				2,
				2.7,
				2,
				1,
				2.744,
				2,
				2.789,
				30,
				2.833,
				30,
				1,
				2.878,
				30,
				2.922,
				7.414,
				2.967,
				2,
				1,
				3.167,
				-22.363,
				3.367,
				-30,
				3.567,
				-30,
				1,
				3.633,
				-30,
				3.7,
				30,
				3.767,
				30,
				1,
				3.878,
				30,
				3.989,
				2,
				4.1,
				2,
				1,
				4.178,
				2,
				4.256,
				30,
				4.333,
				30,
				1,
				4.4,
				30,
				4.467,
				2,
				4.533,
				2,
				1,
				4.589,
				2,
				4.644,
				30,
				4.7,
				30,
				1,
				4.8,
				30,
				4.9,
				2.778,
				5,
				2.778
			]
		},
		{
			"Target": "Parameter",
			"Id": "Param17",
			"Segments": [
				0,
				-12,
				1,
				0.267,
				-12,
				0.533,
				30,
				0.8,
				30,
				1,
				0.844,
				30,
				0.889,
				4,
				0.933,
				4,
				1,
				0.978,
				4,
				1.022,
				30,
				1.067,
				30,
				1,
				1.111,
				30,
				1.156,
				9.719,
				1.2,
				4,
				1,
				1.4,
				-21.735,
				1.6,
				-30,
				1.8,
				-30,
				1,
				1.867,
				-30,
				1.933,
				30,
				2,
				30,
				1,
				2.111,
				30,
				2.222,
				4,
				2.333,
				4,
				1,
				2.411,
				4,
				2.489,
				30,
				2.567,
				30,
				1,
				2.633,
				30,
				2.7,
				4,
				2.767,
				4,
				1,
				2.822,
				4,
				2.878,
				30,
				2.933,
				30,
				1,
				3.044,
				30,
				3.156,
				4,
				3.267,
				4,
				1,
				3.378,
				4,
				3.489,
				30,
				3.6,
				30,
				1,
				3.822,
				30,
				4.044,
				16.118,
				4.267,
				4,
				1,
				4.511,
				-9.33,
				4.756,
				-12,
				5,
				-12
			]
		},
		{
			"Target": "Parameter",
			"Id": "Param16",
			"Segments": [
				0,
				2.778,
				1,
				0.011,
				2.778,
				0.022,
				2,
				0.033,
				2,
				1,
				0.144,
				2,
				0.256,
				30,
				0.367,
				30,
				1,
				0.589,
				30,
				0.811,
				13.807,
				1.033,
				2,
				1,
				1.278,
				-10.988,
				1.522,
				-13,
				1.767,
				-13,
				1,
				2.033,
				-13,
				2.3,
				30,
				2.567,
				30,
				1,
				2.611,
				30,
				2.656,
				2,
				2.7,
				2,
				1,
				2.744,
				2,
				2.789,
				30,
				2.833,
				30,
				1,
				2.878,
				30,
				2.922,
				7.414,
				2.967,
				2,
				1,
				3.167,
				-22.363,
				3.367,
				-30,
				3.567,
				-30,
				1,
				3.633,
				-30,
				3.7,
				30,
				3.767,
				30,
				1,
				3.878,
				30,
				3.989,
				2,
				4.1,
				2,
				1,
				4.178,
				2,
				4.256,
				30,
				4.333,
				30,
				1,
				4.4,
				30,
				4.467,
				2,
				4.533,
				2,
				1,
				4.589,
				2,
				4.644,
				30,
				4.7,
				30,
				1,
				4.8,
				30,
				4.9,
				2.778,
				5,
				2.778
			]
		},
		{
			"Target": "Parameter",
			"Id": "Param18",
			"Segments": [
				0,
				-11.203,
				1,
				0.078,
				-11.203,
				0.156,
				-12,
				0.233,
				-12,
				1,
				0.5,
				-12,
				0.767,
				30,
				1.033,
				30,
				1,
				1.078,
				30,
				1.122,
				2,
				1.167,
				2,
				1,
				1.211,
				2,
				1.256,
				30,
				1.3,
				30,
				1,
				1.344,
				30,
				1.389,
				7.414,
				1.433,
				2,
				1,
				1.633,
				-22.363,
				1.833,
				-30,
				2.033,
				-30,
				1,
				2.1,
				-30,
				2.167,
				30,
				2.233,
				30,
				1,
				2.344,
				30,
				2.456,
				2,
				2.567,
				2,
				1,
				2.644,
				2,
				2.722,
				30,
				2.8,
				30,
				1,
				2.867,
				30,
				2.933,
				2,
				3,
				2,
				1,
				3.056,
				2,
				3.111,
				30,
				3.167,
				30,
				1,
				3.278,
				30,
				3.389,
				2,
				3.5,
				2,
				1,
				3.611,
				2,
				3.722,
				30,
				3.833,
				30,
				1,
				4.056,
				30,
				4.278,
				16.772,
				4.5,
				2,
				1,
				4.667,
				-9.079,
				4.833,
				-11.203,
				5,
				-11.203
			]
		},
		{
			"Target": "Parameter",
			"Id": "Param19",
			"Segments": [
				0,
				27.971,
				1,
				0.056,
				27.971,
				0.111,
				3,
				0.167,
				3,
				1,
				0.222,
				3,
				0.278,
				30,
				0.333,
				30,
				1,
				0.444,
				30,
				0.556,
				3,
				0.667,
				3,
				1,
				0.778,
				3,
				0.889,
				30,
				1,
				30,
				1,
				1.222,
				30,
				1.444,
				14.112,
				1.667,
				3,
				1,
				1.911,
				-9.223,
				2.156,
				-11,
				2.4,
				-11,
				1,
				2.667,
				-11,
				2.933,
				30,
				3.2,
				30,
				1,
				3.244,
				30,
				3.289,
				3,
				3.333,
				3,
				1,
				3.378,
				3,
				3.422,
				30,
				3.467,
				30,
				1,
				3.511,
				30,
				3.556,
				8.568,
				3.6,
				3,
				1,
				3.8,
				-22.055,
				4,
				-30,
				4.2,
				-30,
				1,
				4.267,
				-30,
				4.333,
				30,
				4.4,
				30,
				1,
				4.511,
				30,
				4.622,
				3,
				4.733,
				3,
				1,
				4.811,
				3,
				4.889,
				30,
				4.967,
				30,
				1,
				4.978,
				30,
				4.989,
				27.971,
				5,
				27.971
			]
		},
		{
			"Target": "Parameter",
			"Id": "Param10",
			"Segments": [
				0,
				0,
				1,
				0.433,
				0,
				0.867,
				30,
				1.3,
				30,
				1,
				1.7,
				30,
				2.1,
				0,
				2.5,
				0,
				1,
				3.333,
				0,
				4.167,
				0,
				5,
				0
			]
		},
		{
			"Target": "Parameter",
			"Id": "ParamBreath",
			"Segments": [
				0,
				1,
				1,
				0.833,
				1,
				1.667,
				0,
				2.5,
				0,
				1,
				3.333,
				0,
				4.167,
				1,
				5,
				1
			]
		},
		{
			"Target": "Parameter",
			"Id": "ParamEyeROpen",
			"Segments": [
				0,
				1,
				1,
				0.267,
				1,
				0.533,
				1,
				0.8,
				1,
				1,
				0.833,
				1,
				0.867,
				0,
				0.9,
				0,
				1,
				0.922,
				0,
				0.944,
				0,
				0.967,
				0,
				1,
				1,
				0,
				1.033,
				1,
				1.067,
				1,
				1,
				1.544,
				1,
				2.022,
				1,
				2.5,
				1,
				1,
				3.333,
				1,
				4.167,
				1,
				5,
				1
			]
		},
		{
			"Target": "Parameter",
			"Id": "ParamEyeLOpen",
			"Segments": [
				0,
				1,
				1,
				0.267,
				1,
				0.533,
				1,
				0.8,
				1,
				1,
				0.833,
				1,
				0.867,
				0,
				0.9,
				0,
				1,
				0.922,
				0,
				0.944,
				0,
				0.967,
				0,
				1,
				1,
				0,
				1.033,
				1,
				1.067,
				1,
				1,
				1.544,
				1,
				2.022,
				1,
				2.5,
				1,
				1,
				3.333,
				1,
				4.167,
				1,
				5,
				1
			]
		},
		{
			"Target": "Parameter",
			"Id": "Param",
			"Segments": [
				0,
				0,
				1,
				0.033,
				0,
				0.067,
				-3,
				0.1,
				-3,
				1,
				0.122,
				-3,
				0.144,
				2,
				0.167,
				2,
				1,
				0.2,
				2,
				0.233,
				-4,
				0.267,
				-4,
				1,
				0.289,
				-4,
				0.311,
				5,
				0.333,
				5,
				1,
				0.367,
				5,
				0.4,
				2.477,
				0.433,
				0,
				1,
				0.467,
				-2.477,
				0.5,
				-3,
				0.533,
				-3,
				1,
				0.556,
				-3,
				0.578,
				2,
				0.6,
				2,
				1,
				0.633,
				2,
				0.667,
				-4,
				0.7,
				-4,
				1,
				0.722,
				-4,
				0.744,
				5,
				0.767,
				5,
				1,
				0.8,
				5,
				0.833,
				2.477,
				0.867,
				0,
				1,
				0.9,
				-2.477,
				0.933,
				-3,
				0.967,
				-3,
				1,
				0.989,
				-3,
				1.011,
				2,
				1.033,
				2,
				1,
				1.067,
				2,
				1.1,
				-4,
				1.133,
				-4,
				1,
				1.156,
				-4,
				1.178,
				5,
				1.2,
				5,
				1,
				1.222,
				5,
				1.244,
				1.716,
				1.267,
				0,
				1,
				1.3,
				-2.574,
				1.333,
				-3,
				1.367,
				-3,
				1,
				1.389,
				-3,
				1.411,
				2,
				1.433,
				2,
				1,
				1.467,
				2,
				1.5,
				-4,
				1.533,
				-4,
				1,
				1.556,
				-4,
				1.578,
				5,
				1.6,
				5,
				1,
				1.633,
				5,
				1.667,
				2.477,
				1.7,
				0,
				1,
				1.733,
				-2.477,
				1.767,
				-3,
				1.8,
				-3,
				1,
				1.822,
				-3,
				1.844,
				2,
				1.867,
				2,
				1,
				1.9,
				2,
				1.933,
				-4,
				1.967,
				-4,
				1,
				1.989,
				-4,
				2.011,
				5,
				2.033,
				5,
				1,
				2.067,
				5,
				2.1,
				2.477,
				2.133,
				0,
				1,
				2.167,
				-2.477,
				2.2,
				-3,
				2.233,
				-3,
				1,
				2.256,
				-3,
				2.278,
				2,
				2.3,
				2,
				1,
				2.333,
				2,
				2.367,
				-4,
				2.4,
				-4,
				1,
				2.422,
				-4,
				2.444,
				5,
				2.467,
				5,
				1,
				2.489,
				5,
				2.511,
				1.716,
				2.533,
				0,
				1,
				2.567,
				-2.574,
				2.6,
				-3,
				2.633,
				-3,
				1,
				2.656,
				-3,
				2.678,
				2,
				2.7,
				2,
				1,
				2.733,
				2,
				2.767,
				-4,
				2.8,
				-4,
				1,
				2.822,
				-4,
				2.844,
				5,
				2.867,
				5,
				1,
				2.9,
				5,
				2.933,
				2.477,
				2.967,
				0,
				1,
				3,
				-2.477,
				3.033,
				-3,
				3.067,
				-3,
				1,
				3.089,
				-3,
				3.111,
				2,
				3.133,
				2,
				1,
				3.167,
				2,
				3.2,
				-4,
				3.233,
				-4,
				1,
				3.256,
				-4,
				3.278,
				5,
				3.3,
				5,
				1,
				3.344,
				5,
				3.389,
				3.005,
				3.433,
				0,
				1,
				3.467,
				-2.254,
				3.5,
				-3,
				3.533,
				-3,
				1,
				3.556,
				-3,
				3.578,
				2,
				3.6,
				2,
				1,
				3.633,
				2,
				3.667,
				-4,
				3.7,
				-4,
				1,
				3.722,
				-4,
				3.744,
				5,
				3.767,
				5,
				1,
				3.8,
				5,
				3.833,
				2.477,
				3.867,
				0,
				1,
				3.9,
				-2.477,
				3.933,
				-3,
				3.967,
				-3,
				1,
				3.989,
				-3,
				4.011,
				2,
				4.033,
				2,
				1,
				4.067,
				2,
				4.1,
				-4,
				4.133,
				-4,
				1,
				4.156,
				-4,
				4.178,
				5,
				4.2,
				5,
				1,
				4.233,
				5,
				4.267,
				2.477,
				4.3,
				0,
				1,
				4.333,
				-2.477,
				4.367,
				-3,
				4.4,
				-3,
				1,
				4.422,
				-3,
				4.444,
				2,
				4.467,
				2,
				1,
				4.5,
				2,
				4.533,
				-4,
				4.567,
				-4,
				1,
				4.589,
				-4,
				4.611,
				5,
				4.633,
				5,
				1,
				4.667,
				5,
				4.7,
				-4,
				4.733,
				-4,
				1,
				4.767,
				-4,
				4.8,
				0.077,
				4.833,
				2,
				1,
				4.867,
				3.923,
				4.9,
				4,
				4.933,
				4,
				1,
				4.956,
				4,
				4.978,
				0,
				5,
				0
			]
		},
		{
			"Target": "Parameter",
			"Id": "Param2",
			"Segments": [
				0,
				0,
				1,
				0.033,
				0,
				0.067,
				-8,
				0.1,
				-8,
				1,
				0.122,
				-8,
				0.144,
				8,
				0.167,
				8,
				1,
				0.2,
				8,
				0.233,
				6.735,
				0.267,
				1,
				1,
				0.289,
				-2.824,
				0.311,
				-8,
				0.333,
				-8,
				1,
				0.367,
				-8,
				0.4,
				0,
				0.433,
				0,
				1,
				0.467,
				0,
				0.5,
				-8,
				0.533,
				-8,
				1,
				0.556,
				-8,
				0.578,
				8,
				0.6,
				8,
				1,
				0.633,
				8,
				0.667,
				6.735,
				0.7,
				1,
				1,
				0.722,
				-2.824,
				0.744,
				-8,
				0.767,
				-8,
				1,
				0.8,
				-8,
				0.833,
				0,
				0.867,
				0,
				1,
				0.9,
				0,
				0.933,
				-8,
				0.967,
				-8,
				1,
				0.989,
				-8,
				1.011,
				8,
				1.033,
				8,
				1,
				1.067,
				8,
				1.1,
				6.735,
				1.133,
				1,
				1,
				1.156,
				-2.824,
				1.178,
				-8,
				1.2,
				-8,
				1,
				1.222,
				-8,
				1.244,
				0,
				1.267,
				0,
				1,
				1.3,
				0,
				1.333,
				-8,
				1.367,
				-8,
				1,
				1.389,
				-8,
				1.411,
				8,
				1.433,
				8,
				1,
				1.467,
				8,
				1.5,
				6.735,
				1.533,
				1,
				1,
				1.556,
				-2.824,
				1.578,
				-8,
				1.6,
				-8,
				1,
				1.633,
				-8,
				1.667,
				0,
				1.7,
				0,
				1,
				1.733,
				0,
				1.767,
				-8,
				1.8,
				-8,
				1,
				1.822,
				-8,
				1.844,
				8,
				1.867,
				8,
				1,
				1.9,
				8,
				1.933,
				6.735,
				1.967,
				1,
				1,
				1.989,
				-2.824,
				2.011,
				-8,
				2.033,
				-8,
				1,
				2.067,
				-8,
				2.1,
				0,
				2.133,
				0,
				1,
				2.167,
				0,
				2.2,
				-8,
				2.233,
				-8,
				1,
				2.256,
				-8,
				2.278,
				8,
				2.3,
				8,
				1,
				2.333,
				8,
				2.367,
				6.735,
				2.4,
				1,
				1,
				2.422,
				-2.824,
				2.444,
				-8,
				2.467,
				-8,
				1,
				2.489,
				-8,
				2.511,
				0,
				2.533,
				0,
				1,
				2.567,
				0,
				2.6,
				-8,
				2.633,
				-8,
				1,
				2.656,
				-8,
				2.678,
				8,
				2.7,
				8,
				1,
				2.733,
				8,
				2.767,
				6.735,
				2.8,
				1,
				1,
				2.822,
				-2.824,
				2.844,
				-8,
				2.867,
				-8,
				1,
				2.9,
				-8,
				2.933,
				0,
				2.967,
				0,
				1,
				3,
				0,
				3.033,
				-8,
				3.067,
				-8,
				1,
				3.089,
				-8,
				3.111,
				8,
				3.133,
				8,
				1,
				3.167,
				8,
				3.2,
				6.735,
				3.233,
				1,
				1,
				3.256,
				-2.824,
				3.278,
				-8,
				3.3,
				-8,
				1,
				3.344,
				-8,
				3.389,
				0,
				3.433,
				0,
				1,
				3.467,
				0,
				3.5,
				-8,
				3.533,
				-8,
				1,
				3.556,
				-8,
				3.578,
				8,
				3.6,
				8,
				1,
				3.633,
				8,
				3.667,
				6.735,
				3.7,
				1,
				1,
				3.722,
				-2.824,
				3.744,
				-8,
				3.767,
				-8,
				1,
				3.8,
				-8,
				3.833,
				0,
				3.867,
				0,
				1,
				3.9,
				0,
				3.933,
				-8,
				3.967,
				-8,
				1,
				3.989,
				-8,
				4.011,
				8,
				4.033,
				8,
				1,
				4.067,
				8,
				4.1,
				6.735,
				4.133,
				1,
				1,
				4.156,
				-2.824,
				4.178,
				-8,
				4.2,
				-8,
				1,
				4.233,
				-8,
				4.267,
				0,
				4.3,
				0,
				1,
				4.333,
				0,
				4.367,
				-8,
				4.4,
				-8,
				1,
				4.422,
				-8,
				4.444,
				8,
				4.467,
				8,
				1,
				4.5,
				8,
				4.533,
				6.735,
				4.567,
				1,
				1,
				4.589,
				-2.824,
				4.611,
				-8,
				4.633,
				-8,
				1,
				4.667,
				-8,
				4.7,
				0,
				4.733,
				0,
				1,
				4.767,
				0,
				4.8,
				-11,
				4.833,
				-11,
				1,
				4.867,
				-11,
				4.9,
				0,
				4.933,
				0,
				1,
				4.956,
				0,
				4.978,
				0,
				5,
				0
			]
		},
		{
			"Target": "Parameter",
			"Id": "Param3",
			"Segments": [
				0,
				0,
				1,
				0.033,
				0,
				0.067,
				30,
				0.1,
				30,
				1,
				0.133,
				30,
				0.167,
				0,
				0.2,
				0,
				1,
				0.233,
				0,
				0.267,
				30,
				0.3,
				30,
				1,
				0.322,
				30,
				0.344,
				0,
				0.367,
				0,
				1,
				0.4,
				0,
				0.433,
				30,
				0.467,
				30,
				1,
				0.511,
				30,
				0.556,
				0,
				0.6,
				0,
				1,
				0.633,
				0,
				0.667,
				30,
				0.7,
				30,
				1,
				0.733,
				30,
				0.767,
				0,
				0.8,
				0,
				1,
				0.833,
				0,
				0.867,
				30,
				0.9,
				30,
				1,
				0.933,
				30,
				0.967,
				0,
				1,
				0,
				1,
				1.033,
				0,
				1.067,
				30,
				1.1,
				30,
				1,
				1.144,
				30,
				1.189,
				0,
				1.233,
				0,
				1,
				1.267,
				0,
				1.3,
				30,
				1.333,
				30,
				1,
				1.389,
				30,
				1.444,
				0,
				1.5,
				0,
				1,
				1.533,
				0,
				1.567,
				30,
				1.6,
				30,
				1,
				1.644,
				30,
				1.689,
				0,
				1.733,
				0,
				1,
				1.767,
				0,
				1.8,
				30,
				1.833,
				30,
				1,
				1.867,
				30,
				1.9,
				0,
				1.933,
				0,
				1,
				1.967,
				0,
				2,
				30,
				2.033,
				30,
				1,
				2.056,
				30,
				2.078,
				0,
				2.1,
				0,
				1,
				2.133,
				0,
				2.167,
				30,
				2.2,
				30,
				1,
				2.244,
				30,
				2.289,
				0,
				2.333,
				0,
				1,
				2.367,
				0,
				2.4,
				30,
				2.433,
				30,
				1,
				2.456,
				30,
				2.478,
				0,
				2.5,
				0,
				1,
				2.533,
				0,
				2.567,
				30,
				2.6,
				30,
				1,
				2.622,
				30,
				2.644,
				0,
				2.667,
				0,
				1,
				2.7,
				0,
				2.733,
				30,
				2.767,
				30,
				1,
				2.778,
				30,
				2.789,
				0,
				2.8,
				0,
				1,
				2.833,
				0,
				2.867,
				30,
				2.9,
				30,
				1,
				2.944,
				30,
				2.989,
				0,
				3.033,
				0,
				1,
				3.067,
				0,
				3.1,
				30,
				3.133,
				30,
				1,
				3.167,
				30,
				3.2,
				0,
				3.233,
				0,
				1,
				3.267,
				0,
				3.3,
				30,
				3.333,
				30,
				1,
				3.356,
				30,
				3.378,
				0,
				3.4,
				0,
				1,
				3.433,
				0,
				3.467,
				30,
				3.5,
				30,
				1,
				3.533,
				30,
				3.567,
				0,
				3.6,
				0,
				1,
				3.633,
				0,
				3.667,
				30,
				3.7,
				30,
				1,
				3.722,
				30,
				3.744,
				0,
				3.767,
				0,
				1,
				3.8,
				0,
				3.833,
				30,
				3.867,
				30,
				1,
				3.889,
				30,
				3.911,
				0,
				3.933,
				0,
				1,
				3.967,
				0,
				4,
				30,
				4.033,
				30,
				1,
				4.067,
				30,
				4.1,
				0,
				4.133,
				0,
				1,
				4.167,
				0,
				4.2,
				30,
				4.233,
				30,
				1,
				4.267,
				30,
				4.3,
				0,
				4.333,
				0,
				1,
				4.367,
				0,
				4.4,
				30,
				4.433,
				30,
				1,
				4.444,
				30,
				4.456,
				0,
				4.467,
				0,
				1,
				4.5,
				0,
				4.533,
				30,
				4.567,
				30,
				1,
				4.578,
				30,
				4.589,
				0,
				4.6,
				0,
				1,
				4.633,
				0,
				4.667,
				30,
				4.7,
				30,
				1,
				4.722,
				30,
				4.744,
				0,
				4.767,
				0,
				1,
				4.8,
				0,
				4.833,
				30,
				4.867,
				30,
				1,
				4.911,
				30,
				4.956,
				0,
				5,
				0
			]
		},
		{
			"Target": "Parameter",
			"Id": "Param_Angle_Rotation_1_ArtMesh20",
			"Segments": [
				0,
				0,
				1,
				0.833,
				0,
				1.667,
				0,
				2.5,
				0,
				1,
				3.333,
				0,
				4.167,
				0,
				5,
				0
			]
		},
		{
			"Target": "Parameter",
			"Id": "Param_Angle_Rotation_2_ArtMesh20",
			"Segments": [
				0,
				0.089,
				1,
				0.056,
				0.089,
				0.111,
				0,
				0.167,
				0,
				1,
				1,
				0,
				1.833,
				7,
				2.667,
				7,
				1,
				3.444,
				7,
				4.222,
				0.089,
				5,
				0.089
			]
		},
		{
			"Target": "Parameter",
			"Id": "Param_Angle_Rotation_3_ArtMesh20",
			"Segments": [
				0,
				0.437,
				1,
				0.111,
				0.437,
				0.222,
				0,
				0.333,
				0,
				1,
				1.167,
				0,
				2,
				9,
				2.833,
				9,
				1,
				3.556,
				9,
				4.278,
				0.437,
				5,
				0.437
			]
		},
		{
			"Target": "Parameter",
			"Id": "Param_Angle_Rotation_4_ArtMesh20",
			"Segments": [
				0,
				-6.129,
				1,
				0.167,
				-6.129,
				0.333,
				-8,
				0.5,
				-8,
				1,
				1.333,
				-8,
				2.167,
				10,
				3,
				10,
				1,
				3.667,
				10,
				4.333,
				-6.129,
				5,
				-6.129
			]
		},
		{
			"Target": "Parameter",
			"Id": "Param_Angle_Rotation_5_ArtMesh20",
			"Segments": [
				0,
				1.753,
				1,
				0.222,
				1.753,
				0.444,
				0,
				0.667,
				0,
				1,
				1.5,
				0,
				2.333,
				10,
				3.167,
				10,
				1,
				3.778,
				10,
				4.389,
				1.753,
				5,
				1.753
			]
		},
		{
			"Target": "Parameter",
			"Id": "Param_Angle_Rotation_6_ArtMesh20",
			"Segments": [
				0,
				3.11,
				1,
				0.278,
				3.11,
				0.556,
				0,
				0.833,
				0,
				1,
				1.667,
				0,
				2.5,
				12,
				3.333,
				12,
				1,
				3.889,
				12,
				4.444,
				3.11,
				5,
				3.11
			]
		},
		{
			"Target": "Parameter",
			"Id": "Param_Angle_Rotation_7_ArtMesh20",
			"Segments": [
				0,
				4.222,
				1,
				0.333,
				4.222,
				0.667,
				0,
				1,
				0,
				1,
				1.833,
				0,
				2.667,
				12,
				3.5,
				12,
				1,
				4,
				12,
				4.5,
				4.222,
				5,
				4.222
			]
		},
		{
			"Target": "Parameter",
			"Id": "Param_Angle_Rotation_1_ArtMesh43",
			"Segments": [
				0,
				0,
				1,
				0.833,
				0,
				1.667,
				-7,
				2.5,
				-7,
				1,
				3.333,
				-7,
				4.167,
				0,
				5,
				0
			]
		},
		{
			"Target": "Parameter",
			"Id": "Param_Angle_Rotation_2_ArtMesh43",
			"Segments": [
				0,
				-0.089,
				1,
				0.056,
				-0.089,
				0.111,
				0,
				0.167,
				0,
				1,
				1,
				0,
				1.833,
				-7,
				2.667,
				-7,
				1,
				3.444,
				-7,
				4.222,
				-0.089,
				5,
				-0.089
			]
		},
		{
			"Target": "Parameter",
			"Id": "Param_Angle_Rotation_3_ArtMesh43",
			"Segments": [
				0,
				-0.243,
				1,
				0.111,
				-0.243,
				0.222,
				0,
				0.333,
				0,
				1,
				1.167,
				0,
				2,
				-5,
				2.833,
				-5,
				1,
				3.556,
				-5,
				4.278,
				-0.243,
				5,
				-0.243
			]
		},
		{
			"Target": "Parameter",
			"Id": "Param_Angle_Rotation_4_ArtMesh43",
			"Segments": [
				0,
				-0.52,
				1,
				0.167,
				-0.52,
				0.333,
				0,
				0.5,
				0,
				1,
				1.333,
				0,
				2.167,
				-5,
				3,
				-5,
				1,
				3.667,
				-5,
				4.333,
				-0.52,
				5,
				-0.52
			]
		},
		{
			"Target": "Parameter",
			"Id": "Param_Angle_Rotation_5_ArtMesh43",
			"Segments": [
				0,
				-1.403,
				1,
				0.222,
				-1.403,
				0.444,
				0,
				0.667,
				0,
				1,
				1.5,
				0,
				2.333,
				-8,
				3.167,
				-8,
				1,
				3.778,
				-8,
				4.389,
				-1.403,
				5,
				-1.403
			]
		},
		{
			"Target": "Parameter",
			"Id": "Param_Angle_Rotation_6_ArtMesh43",
			"Segments": [
				0,
				-1.814,
				1,
				0.278,
				-1.814,
				0.556,
				0,
				0.833,
				0,
				1,
				1.667,
				0,
				2.5,
				-7,
				3.333,
				-7,
				1,
				3.889,
				-7,
				4.444,
				-1.814,
				5,
				-1.814
			]
		},
		{
			"Target": "Parameter",
			"Id": "Param_Angle_Rotation_7_ArtMesh43",
			"Segments": [
				0,
				-2.463,
				1,
				0.333,
				-2.463,
				0.667,
				0,
				1,
				0,
				1,
				1.833,
				0,
				2.667,
				-7,
				3.5,
				-7,
				1,
				4,
				-7,
				4.5,
				-2.463,
				5,
				-2.463
			]
		},
		{
			"Target": "Parameter",
			"Id": "Param_Angle_Rotation_1_ArtMesh25",
			"Segments": [
				0,
				0,
				1,
				0.833,
				0,
				1.667,
				0,
				2.5,
				0,
				1,
				3.333,
				0,
				4.167,
				0,
				5,
				0
			]
		},
		{
			"Target": "Parameter",
			"Id": "Param_Angle_Rotation_2_ArtMesh25",
			"Segments": [
				0,
				0.038,
				1,
				0.056,
				0.038,
				0.111,
				0,
				0.167,
				0,
				1,
				1,
				0,
				1.833,
				3,
				2.667,
				3,
				1,
				3.444,
				3,
				4.222,
				0.038,
				5,
				0.038
			]
		},
		{
			"Target": "Parameter",
			"Id": "Param_Angle_Rotation_3_ArtMesh25",
			"Segments": [
				0,
				0.291,
				1,
				0.111,
				0.291,
				0.222,
				0,
				0.333,
				0,
				1,
				1.167,
				0,
				2,
				6,
				2.833,
				6,
				1,
				3.556,
				6,
				4.278,
				0.291,
				5,
				0.291
			]
		},
		{
			"Target": "Parameter",
			"Id": "Param_Angle_Rotation_4_ArtMesh25",
			"Segments": [
				0,
				0.624,
				1,
				0.167,
				0.624,
				0.333,
				0,
				0.5,
				0,
				1,
				1.333,
				0,
				2.167,
				6,
				3,
				6,
				1,
				3.667,
				6,
				4.333,
				0.624,
				5,
				0.624
			]
		},
		{
			"Target": "Parameter",
			"Id": "Param_Angle_Rotation_5_ArtMesh25",
			"Segments": [
				0,
				1.052,
				1,
				0.222,
				1.052,
				0.444,
				0,
				0.667,
				0,
				1,
				1.5,
				0,
				2.333,
				6,
				3.167,
				6,
				1,
				3.778,
				6,
				4.389,
				1.052,
				5,
				1.052
			]
		},
		{
			"Target": "Parameter",
			"Id": "Param_Angle_Rotation_6_ArtMesh25",
			"Segments": [
				0,
				1.555,
				1,
				0.278,
				1.555,
				0.556,
				0,
				0.833,
				0,
				1,
				1.667,
				0,
				2.5,
				6,
				3.333,
				6,
				1,
				3.889,
				6,
				4.444,
				1.555,
				5,
				1.555
			]
		},
		{
			"Target": "Parameter",
			"Id": "Param_Angle_Rotation_7_ArtMesh25",
			"Segments": [
				0,
				3.519,
				1,
				0.333,
				3.519,
				0.667,
				0,
				1,
				0,
				1,
				1.833,
				0,
				2.667,
				10,
				3.5,
				10,
				1,
				4,
				10,
				4.5,
				3.519,
				5,
				3.519
			]
		},
		{
			"Target": "Parameter",
			"Id": "Param_Angle_Rotation_1_ArtMesh26",
			"Segments": [
				0,
				0,
				1,
				0.833,
				0,
				1.667,
				0,
				2.5,
				0,
				1,
				3.333,
				0,
				4.167,
				0,
				5,
				0
			]
		},
		{
			"Target": "Parameter",
			"Id": "Param_Angle_Rotation_2_ArtMesh26",
			"Segments": [
				0,
				-0.076,
				1,
				0.056,
				-0.076,
				0.111,
				0,
				0.167,
				0,
				1,
				1,
				0,
				1.833,
				-6,
				2.667,
				-6,
				1,
				3.444,
				-6,
				4.222,
				-0.076,
				5,
				-0.076
			]
		},
		{
			"Target": "Parameter",
			"Id": "Param_Angle_Rotation_3_ArtMesh26",
			"Segments": [
				0,
				-0.243,
				1,
				0.111,
				-0.243,
				0.222,
				0,
				0.333,
				0,
				1,
				1.167,
				0,
				2,
				-5,
				2.833,
				-5,
				1,
				3.556,
				-5,
				4.278,
				-0.243,
				5,
				-0.243
			]
		},
		{
			"Target": "Parameter",
			"Id": "Param_Angle_Rotation_4_ArtMesh26",
			"Segments": [
				0,
				-0.624,
				1,
				0.167,
				-0.624,
				0.333,
				0,
				0.5,
				0,
				1,
				1.333,
				0,
				2.167,
				-6,
				3,
				-6,
				1,
				3.667,
				-6,
				4.333,
				-0.624,
				5,
				-0.624
			]
		},
		{
			"Target": "Parameter",
			"Id": "Param_Angle_Rotation_5_ArtMesh26",
			"Segments": [
				0,
				-0.877,
				1,
				0.222,
				-0.877,
				0.444,
				0,
				0.667,
				0,
				1,
				1.5,
				0,
				2.333,
				-5,
				3.167,
				-5,
				1,
				3.778,
				-5,
				4.389,
				-0.877,
				5,
				-0.877
			]
		},
		{
			"Target": "Parameter",
			"Id": "Param_Angle_Rotation_6_ArtMesh26",
			"Segments": [
				0,
				-1.555,
				1,
				0.278,
				-1.555,
				0.556,
				0,
				0.833,
				0,
				1,
				1.667,
				0,
				2.5,
				-6,
				3.333,
				-6,
				1,
				3.889,
				-6,
				4.444,
				-1.555,
				5,
				-1.555
			]
		},
		{
			"Target": "Parameter",
			"Id": "Param_Angle_Rotation_7_ArtMesh26",
			"Segments": [
				0,
				-2.815,
				1,
				0.333,
				-2.815,
				0.667,
				0,
				1,
				0,
				1,
				1.833,
				0,
				2.667,
				-8,
				3.5,
				-8,
				1,
				4,
				-8,
				4.5,
				-2.815,
				5,
				-2.815
			]
		},
		{
			"Target": "Parameter",
			"Id": "Param_Angle_Rotation_1_ArtMesh27",
			"Segments": [
				0,
				0,
				1,
				0.833,
				0,
				1.667,
				0,
				2.5,
				0,
				1,
				3.333,
				0,
				4.167,
				0,
				5,
				0
			]
		},
		{
			"Target": "Parameter",
			"Id": "Param_Angle_Rotation_2_ArtMesh27",
			"Segments": [
				0,
				0.089,
				1,
				0.056,
				0.089,
				0.111,
				0,
				0.167,
				0,
				1,
				1,
				0,
				1.833,
				7,
				2.667,
				7,
				1,
				3.444,
				7,
				4.222,
				0.089,
				5,
				0.089
			]
		},
		{
			"Target": "Parameter",
			"Id": "Param_Angle_Rotation_3_ArtMesh27",
			"Segments": [
				0,
				0.389,
				1,
				0.111,
				0.389,
				0.222,
				0,
				0.333,
				0,
				1,
				1.167,
				0,
				2,
				8,
				2.833,
				8,
				1,
				3.556,
				8,
				4.278,
				0.389,
				5,
				0.389
			]
		},
		{
			"Target": "Parameter",
			"Id": "Param_Angle_Rotation_4_ArtMesh27",
			"Segments": [
				0,
				0.728,
				1,
				0.167,
				0.728,
				0.333,
				0,
				0.5,
				0,
				1,
				1.333,
				0,
				2.167,
				7,
				3,
				7,
				1,
				3.667,
				7,
				4.333,
				0.728,
				5,
				0.728
			]
		},
		{
			"Target": "Parameter",
			"Id": "Param_Angle_Rotation_5_ArtMesh27",
			"Segments": [
				0,
				1.227,
				1,
				0.222,
				1.227,
				0.444,
				0,
				0.667,
				0,
				1,
				1.5,
				0,
				2.333,
				7,
				3.167,
				7,
				1,
				3.778,
				7,
				4.389,
				1.227,
				5,
				1.227
			]
		},
		{
			"Target": "Parameter",
			"Id": "Param_Angle_Rotation_6_ArtMesh27",
			"Segments": [
				0,
				1.814,
				1,
				0.278,
				1.814,
				0.556,
				0,
				0.833,
				0,
				1,
				1.667,
				0,
				2.5,
				7,
				3.333,
				7,
				1,
				3.889,
				7,
				4.444,
				1.814,
				5,
				1.814
			]
		},
		{
			"Target": "Parameter",
			"Id": "Param_Angle_Rotation_7_ArtMesh27",
			"Segments": [
				0,
				2.815,
				1,
				0.333,
				2.815,
				0.667,
				0,
				1,
				0,
				1,
				1.833,
				0,
				2.667,
				8,
				3.5,
				8,
				1,
				4,
				8,
				4.5,
				2.815,
				5,
				2.815
			]
		},
		{
			"Target": "Parameter",
			"Id": "Param_Angle_Rotation_1_ArtMesh28",
			"Segments": [
				0,
				0,
				1,
				0.833,
				0,
				1.667,
				0,
				2.5,
				0,
				1,
				3.333,
				0,
				4.167,
				0,
				5,
				0
			]
		},
		{
			"Target": "Parameter",
			"Id": "Param_Angle_Rotation_2_ArtMesh28",
			"Segments": [
				0,
				-0.025,
				1,
				0.056,
				-0.025,
				0.111,
				0,
				0.167,
				0,
				1,
				1,
				0,
				1.833,
				-2,
				2.667,
				-2,
				1,
				3.444,
				-2,
				4.222,
				-0.025,
				5,
				-0.025
			]
		},
		{
			"Target": "Parameter",
			"Id": "Param_Angle_Rotation_3_ArtMesh28",
			"Segments": [
				0,
				-0.146,
				1,
				0.111,
				-0.146,
				0.222,
				0,
				0.333,
				0,
				1,
				1.167,
				0,
				2,
				-3,
				2.833,
				-3,
				1,
				3.556,
				-3,
				4.278,
				-0.146,
				5,
				-0.146
			]
		},
		{
			"Target": "Parameter",
			"Id": "Param_Angle_Rotation_4_ArtMesh28",
			"Segments": [
				0,
				-0.416,
				1,
				0.167,
				-0.416,
				0.333,
				0,
				0.5,
				0,
				1,
				1.333,
				0,
				2.167,
				-4,
				3,
				-4,
				1,
				3.667,
				-4,
				4.333,
				-0.416,
				5,
				-0.416
			]
		},
		{
			"Target": "Parameter",
			"Id": "Param_Angle_Rotation_5_ArtMesh28",
			"Segments": [
				0,
				-1.052,
				1,
				0.222,
				-1.052,
				0.444,
				0,
				0.667,
				0,
				1,
				1.5,
				0,
				2.333,
				-6,
				3.167,
				-6,
				1,
				3.778,
				-6,
				4.389,
				-1.052,
				5,
				-1.052
			]
		},
		{
			"Target": "Parameter",
			"Id": "Param_Angle_Rotation_6_ArtMesh28",
			"Segments": [
				0,
				-1.555,
				1,
				0.278,
				-1.555,
				0.556,
				0,
				0.833,
				0,
				1,
				1.667,
				0,
				2.5,
				-6,
				3.333,
				-6,
				1,
				3.889,
				-6,
				4.444,
				-1.555,
				5,
				-1.555
			]
		},
		{
			"Target": "Parameter",
			"Id": "Param_Angle_Rotation_7_ArtMesh28",
			"Segments": [
				0,
				-2.815,
				1,
				0.333,
				-2.815,
				0.667,
				0,
				1,
				0,
				1,
				1.833,
				0,
				2.667,
				-8,
				3.5,
				-8,
				1,
				4,
				-8,
				4.5,
				-2.815,
				5,
				-2.815
			]
		},
		{
			"Target": "Parameter",
			"Id": "Param_Angle_Rotation_1_ArtMesh29",
			"Segments": [
				0,
				0,
				1,
				0.833,
				0,
				1.667,
				0,
				2.5,
				0,
				1,
				3.333,
				0,
				4.167,
				0,
				5,
				0
			]
		},
		{
			"Target": "Parameter",
			"Id": "Param_Angle_Rotation_2_ArtMesh29",
			"Segments": [
				0,
				0.051,
				1,
				0.056,
				0.051,
				0.111,
				0,
				0.167,
				0,
				1,
				1,
				0,
				1.833,
				4,
				2.667,
				4,
				1,
				3.444,
				4,
				4.222,
				0.051,
				5,
				0.051
			]
		},
		{
			"Target": "Parameter",
			"Id": "Param_Angle_Rotation_3_ArtMesh29",
			"Segments": [
				0,
				0.291,
				1,
				0.111,
				0.291,
				0.222,
				0,
				0.333,
				0,
				1,
				1.167,
				0,
				2,
				6,
				2.833,
				6,
				1,
				3.556,
				6,
				4.278,
				0.291,
				5,
				0.291
			]
		},
		{
			"Target": "Parameter",
			"Id": "Param_Angle_Rotation_4_ArtMesh29",
			"Segments": [
				0,
				0.52,
				1,
				0.167,
				0.52,
				0.333,
				0,
				0.5,
				0,
				1,
				1.333,
				0,
				2.167,
				5,
				3,
				5,
				1,
				3.667,
				5,
				4.333,
				0.52,
				5,
				0.52
			]
		},
		{
			"Target": "Parameter",
			"Id": "Param_Angle_Rotation_5_ArtMesh29",
			"Segments": [
				0,
				2.279,
				1,
				0.222,
				2.279,
				0.444,
				0,
				0.667,
				0,
				1,
				1.5,
				0,
				2.333,
				13,
				3.167,
				13,
				1,
				3.778,
				13,
				4.389,
				2.279,
				5,
				2.279
			]
		},
		{
			"Target": "Parameter",
			"Id": "Param_Angle_Rotation_1_ArtMesh42",
			"Segments": [
				0,
				0,
				1,
				0.833,
				0,
				1.667,
				0,
				2.5,
				0,
				1,
				3.333,
				0,
				4.167,
				0,
				5,
				0
			]
		},
		{
			"Target": "Parameter",
			"Id": "Param_Angle_Rotation_2_ArtMesh42",
			"Segments": [
				0,
				-0.013,
				1,
				0.056,
				-0.013,
				0.111,
				0,
				0.167,
				0,
				1,
				1,
				0,
				1.833,
				-1,
				2.667,
				-1,
				1,
				3.444,
				-1,
				4.222,
				-0.013,
				5,
				-0.013
			]
		},
		{
			"Target": "Parameter",
			"Id": "Param_Angle_Rotation_3_ArtMesh42",
			"Segments": [
				0,
				-0.097,
				1,
				0.111,
				-0.097,
				0.222,
				0,
				0.333,
				0,
				1,
				1.167,
				0,
				2,
				-2,
				2.833,
				-2,
				1,
				3.556,
				-2,
				4.278,
				-0.097,
				5,
				-0.097
			]
		},
		{
			"Target": "Parameter",
			"Id": "Param_Angle_Rotation_4_ArtMesh42",
			"Segments": [
				0,
				-1.143,
				1,
				0.167,
				-1.143,
				0.333,
				0,
				0.5,
				0,
				1,
				1.333,
				0,
				2.167,
				-11,
				3,
				-11,
				1,
				3.667,
				-11,
				4.333,
				-1.143,
				5,
				-1.143
			]
		},
		{
			"Target": "Parameter",
			"Id": "Param_Angle_Rotation_5_ArtMesh42",
			"Segments": [
				0,
				-0.526,
				1,
				0.222,
				-0.526,
				0.444,
				0,
				0.667,
				0,
				1,
				1.5,
				0,
				2.333,
				-3,
				3.167,
				-3,
				1,
				3.778,
				-3,
				4.389,
				-0.526,
				5,
				-0.526
			]
		},
		{
			"Target": "Parameter",
			"Id": "Param_Angle_Rotation_6_ArtMesh42",
			"Segments": [
				0,
				15.521,
				1,
				0.278,
				15.521,
				0.556,
				22,
				0.833,
				22,
				1,
				1.667,
				22,
				2.5,
				-3,
				3.333,
				-3,
				1,
				3.889,
				-3,
				4.444,
				15.521,
				5,
				15.521
			]
		},
		{
			"Target": "Parameter",
			"Id": "Param_Angle_Rotation_7_ArtMesh42",
			"Segments": [
				0,
				4.796,
				1,
				0.333,
				4.796,
				0.667,
				15,
				1,
				15,
				1,
				1.833,
				15,
				2.667,
				-14,
				3.5,
				-14,
				1,
				4,
				-14,
				4.5,
				4.796,
				5,
				4.796
			]
		},
		{
			"Target": "Parameter",
			"Id": "Param_Angle_Rotation_8_ArtMesh42",
			"Segments": [
				0,
				-6.754,
				1,
				0.389,
				-6.754,
				0.778,
				0,
				1.167,
				0,
				1,
				2,
				0,
				2.833,
				-15,
				3.667,
				-15,
				1,
				4.111,
				-15,
				4.556,
				-6.754,
				5,
				-6.754
			]
		},
		{
			"Target": "Parameter",
			"Id": "Param_Angle_Rotation_9_ArtMesh42",
			"Segments": [
				0,
				-10.445,
				1,
				0.444,
				-10.445,
				0.889,
				0,
				1.333,
				0,
				1,
				2.167,
				0,
				3,
				-19,
				3.833,
				-19,
				1,
				4.222,
				-19,
				4.611,
				-10.445,
				5,
				-10.445
			]
		},
		{
			"Target": "Parameter",
			"Id": "Param_Angle_Rotation_1_ArtMesh34",
			"Segments": [
				0,
				0,
				1,
				0.833,
				0,
				1.667,
				0,
				2.5,
				0,
				1,
				3.333,
				0,
				4.167,
				0,
				5,
				0
			]
		},
		{
			"Target": "Parameter",
			"Id": "Param_Angle_Rotation_2_ArtMesh34",
			"Segments": [
				0,
				0.076,
				1,
				0.056,
				0.076,
				0.111,
				0,
				0.167,
				0,
				1,
				1,
				0,
				1.833,
				6,
				2.667,
				6,
				1,
				3.444,
				6,
				4.222,
				0.076,
				5,
				0.076
			]
		},
		{
			"Target": "Parameter",
			"Id": "Param_Angle_Rotation_3_ArtMesh34",
			"Segments": [
				0,
				0.291,
				1,
				0.111,
				0.291,
				0.222,
				0,
				0.333,
				0,
				1,
				1.167,
				0,
				2,
				6,
				2.833,
				6,
				1,
				3.556,
				6,
				4.278,
				0.291,
				5,
				0.291
			]
		},
		{
			"Target": "Parameter",
			"Id": "Param_Angle_Rotation_4_ArtMesh34",
			"Segments": [
				0,
				0.832,
				1,
				0.167,
				0.832,
				0.333,
				0,
				0.5,
				0,
				1,
				1.333,
				0,
				2.167,
				8,
				3,
				8,
				1,
				3.667,
				8,
				4.333,
				0.832,
				5,
				0.832
			]
		},
		{
			"Target": "Parameter",
			"Id": "Param_Angle_Rotation_5_ArtMesh34",
			"Segments": [
				0,
				1.403,
				1,
				0.222,
				1.403,
				0.444,
				0,
				0.667,
				0,
				1,
				1.5,
				0,
				2.333,
				8,
				3.167,
				8,
				1,
				3.778,
				8,
				4.389,
				1.403,
				5,
				1.403
			]
		},
		{
			"Target": "Parameter",
			"Id": "Param_Angle_Rotation_6_ArtMesh34",
			"Segments": [
				0,
				3.369,
				1,
				0.278,
				3.369,
				0.556,
				0,
				0.833,
				0,
				1,
				1.667,
				0,
				2.5,
				13,
				3.333,
				13,
				1,
				3.889,
				13,
				4.444,
				3.369,
				5,
				3.369
			]
		},
		{
			"Target": "Parameter",
			"Id": "Param_Angle_Rotation_7_ArtMesh34",
			"Segments": [
				0,
				7.741,
				1,
				0.333,
				7.741,
				0.667,
				0,
				1,
				0,
				1,
				1.833,
				0,
				2.667,
				22,
				3.5,
				22,
				1,
				4,
				22,
				4.5,
				7.741,
				5,
				7.741
			]
		},
		{
			"Target": "Parameter",
			"Id": "Param_Angle_Rotation_8_ArtMesh34",
			"Segments": [
				0,
				4.953,
				1,
				0.389,
				4.953,
				0.778,
				0,
				1.167,
				0,
				1,
				2,
				0,
				2.833,
				11,
				3.667,
				11,
				1,
				4.111,
				11,
				4.556,
				4.953,
				5,
				4.953
			]
		},
		{
			"Target": "Parameter",
			"Id": "Param_Angle_Rotation_9_ArtMesh34",
			"Segments": [
				0,
				8.246,
				1,
				0.444,
				8.246,
				0.889,
				0,
				1.333,
				0,
				1,
				2.167,
				0,
				3,
				15,
				3.833,
				15,
				1,
				4.222,
				15,
				4.611,
				8.246,
				5,
				8.246
			]
		},
		{
			"Target": "Parameter",
			"Id": "Param_Angle_Rotation_1_ArtMesh22",
			"Segments": [
				0,
				0,
				1,
				0.833,
				0,
				1.667,
				0,
				2.5,
				0,
				1,
				3.333,
				0,
				4.167,
				0,
				5,
				0
			]
		},
		{
			"Target": "Parameter",
			"Id": "Param_Angle_Rotation_2_ArtMesh22",
			"Segments": [
				0,
				0.102,
				1,
				0.056,
				0.102,
				0.111,
				0,
				0.167,
				0,
				1,
				1,
				0,
				1.833,
				8,
				2.667,
				8,
				1,
				3.444,
				8,
				4.222,
				0.102,
				5,
				0.102
			]
		},
		{
			"Target": "Parameter",
			"Id": "Param_Angle_Rotation_3_ArtMesh22",
			"Segments": [
				0,
				0.583,
				1,
				0.111,
				0.583,
				0.222,
				0,
				0.333,
				0,
				1,
				1.167,
				0,
				2,
				12,
				2.833,
				12,
				1,
				3.556,
				12,
				4.278,
				0.583,
				5,
				0.583
			]
		},
		{
			"Target": "Parameter",
			"Id": "Param_Angle_Rotation_4_ArtMesh22",
			"Segments": [
				0,
				1.143,
				1,
				0.167,
				1.143,
				0.333,
				0,
				0.5,
				0,
				1,
				1.333,
				0,
				2.167,
				11,
				3,
				11,
				1,
				3.667,
				11,
				4.333,
				1.143,
				5,
				1.143
			]
		},
		{
			"Target": "Parameter",
			"Id": "Param_Angle_Rotation_5_ArtMesh22",
			"Segments": [
				0,
				2.279,
				1,
				0.222,
				2.279,
				0.444,
				0,
				0.667,
				0,
				1,
				1.5,
				0,
				2.333,
				13,
				3.167,
				13,
				1,
				3.778,
				13,
				4.389,
				2.279,
				5,
				2.279
			]
		},
		{
			"Target": "Parameter",
			"Id": "Param_Angle_Rotation_1_ArtMesh23",
			"Segments": [
				0,
				5,
				1,
				0.833,
				5,
				1.667,
				-8,
				2.5,
				-8,
				1,
				3.333,
				-8,
				4.167,
				5,
				5,
				5
			]
		},
		{
			"Target": "Parameter",
			"Id": "Param_Angle_Rotation_2_ArtMesh23",
			"Segments": [
				0,
				5.898,
				1,
				0.056,
				5.898,
				0.111,
				6,
				0.167,
				6,
				1,
				1,
				6,
				1.833,
				-2,
				2.667,
				-2,
				1,
				3.444,
				-2,
				4.222,
				5.898,
				5,
				5.898
			]
		},
		{
			"Target": "Parameter",
			"Id": "Param_Angle_Rotation_3_ArtMesh23",
			"Segments": [
				0,
				1.903,
				1,
				0.111,
				1.903,
				0.222,
				2,
				0.333,
				2,
				1,
				1.167,
				2,
				2,
				0,
				2.833,
				0,
				1,
				3.556,
				0,
				4.278,
				1.903,
				5,
				1.903
			]
		},
		{
			"Target": "Parameter",
			"Id": "Param_Angle_Rotation_4_ArtMesh23",
			"Segments": [
				0,
				7.168,
				1,
				0.167,
				7.168,
				0.333,
				8,
				0.5,
				8,
				1,
				1.333,
				8,
				2.167,
				0,
				3,
				0,
				1,
				3.667,
				0,
				4.333,
				7.168,
				5,
				7.168
			]
		},
		{
			"Target": "Parameter",
			"Id": "Param_Angle_Rotation_5_ArtMesh23",
			"Segments": [
				0,
				21.162,
				1,
				0.222,
				21.162,
				0.444,
				28,
				0.667,
				28,
				1,
				1.5,
				28,
				2.333,
				-11,
				3.167,
				-11,
				1,
				3.778,
				-11,
				4.389,
				21.162,
				5,
				21.162
			]
		},
		{
			"Target": "Parameter",
			"Id": "Param_Angle_Rotation_1_ArtMesh45",
			"Segments": [
				0,
				0,
				1,
				0.833,
				0,
				1.667,
				0,
				2.5,
				0,
				1,
				3.333,
				0,
				4.167,
				0,
				5,
				0
			]
		},
		{
			"Target": "Parameter",
			"Id": "Param_Angle_Rotation_2_ArtMesh45",
			"Segments": [
				0,
				0,
				1,
				0.056,
				0,
				0.111,
				0,
				0.167,
				0,
				1,
				1,
				0,
				1.833,
				0,
				2.667,
				0,
				1,
				3.444,
				0,
				4.222,
				0,
				5,
				0
			]
		},
		{
			"Target": "Parameter",
			"Id": "Param_Angle_Rotation_3_ArtMesh45",
			"Segments": [
				0,
				0,
				1,
				0.111,
				0,
				0.222,
				0,
				0.333,
				0,
				1,
				1.167,
				0,
				2,
				0,
				2.833,
				0,
				1,
				3.556,
				0,
				4.278,
				0,
				5,
				0
			]
		},
		{
			"Target": "Parameter",
			"Id": "Param_Angle_Rotation_4_ArtMesh45",
			"Segments": [
				0,
				0.208,
				1,
				0.167,
				0.208,
				0.333,
				0,
				0.5,
				0,
				1,
				1.333,
				0,
				2.167,
				2,
				3,
				2,
				1,
				3.667,
				2,
				4.333,
				0.208,
				5,
				0.208
			]
		},
		{
			"Target": "Parameter",
			"Id": "Param_Angle_Rotation_5_ArtMesh45",
			"Segments": [
				0,
				1.403,
				1,
				0.222,
				1.403,
				0.444,
				0,
				0.667,
				0,
				1,
				1.5,
				0,
				2.333,
				8,
				3.167,
				8,
				1,
				3.778,
				8,
				4.389,
				1.403,
				5,
				1.403
			]
		},
		{
			"Target": "Parameter",
			"Id": "Param_Angle_Rotation_6_ArtMesh45",
			"Segments": [
				0,
				3.11,
				1,
				0.278,
				3.11,
				0.556,
				0,
				0.833,
				0,
				1,
				1.667,
				0,
				2.5,
				12,
				3.333,
				12,
				1,
				3.889,
				12,
				4.444,
				3.11,
				5,
				3.11
			]
		},
		{
			"Target": "Parameter",
			"Id": "Param_Angle_Rotation_7_ArtMesh45",
			"Segments": [
				0,
				9.5,
				1,
				0.333,
				9.5,
				0.667,
				0,
				1,
				0,
				1,
				1.833,
				0,
				2.667,
				27,
				3.5,
				27,
				1,
				4,
				27,
				4.5,
				9.5,
				5,
				9.5
			]
		},
		{
			"Target": "Parameter",
			"Id": "Param11",
			"Segments": [
				0,
				15.9,
				1,
				0.4,
				23.108,
				0.8,
				30,
				1.2,
				30,
				1,
				2.033,
				30,
				2.867,
				0,
				3.7,
				0,
				1,
				4.133,
				0,
				4.567,
				8.243,
				5,
				15.9
			]
		},
		{
			"Target": "Parameter",
			"Id": "Param12",
			"Segments": [
				0,
				15.9,
				1,
				0.4,
				23.919,
				0.8,
				30,
				1.2,
				30,
				1,
				2.033,
				30,
				2.867,
				0,
				3.7,
				0,
				1,
				4.133,
				0,
				4.567,
				6.892,
				5,
				15.9
			]
		},
		{
			"Target": "PartOpacity",
			"Id": "Part",
			"Segments": [
				0,
				1,
				2,
				2.5,
				1,
				2,
				5,
				1
			]
		},
		{
			"Target": "PartOpacity",
			"Id": "ArtMesh20_Skinning",
			"Segments": [
				0,
				1,
				2,
				2.5,
				1,
				2,
				5,
				1
			]
		},
		{
			"Target": "PartOpacity",
			"Id": "Part2",
			"Segments": [
				0,
				1,
				2,
				2.5,
				1,
				2,
				5,
				1
			]
		},
		{
			"Target": "PartOpacity",
			"Id": "ArtMesh22_Skinning",
			"Segments": [
				0,
				1,
				2,
				2.5,
				1,
				2,
				5,
				1
			]
		},
		{
			"Target": "PartOpacity",
			"Id": "Part11",
			"Segments": [
				0,
				1,
				2,
				2.5,
				1,
				2,
				5,
				1
			]
		},
		{
			"Target": "PartOpacity",
			"Id": "ArtMesh23_Skinning",
			"Segments": [
				0,
				1,
				2,
				2.5,
				1,
				2,
				5,
				1
			]
		},
		{
			"Target": "PartOpacity",
			"Id": "Part12",
			"Segments": [
				0,
				1,
				2,
				2.5,
				1,
				2,
				5,
				1
			]
		},
		{
			"Target": "PartOpacity",
			"Id": "ArtMesh25_Skinning",
			"Segments": [
				0,
				1,
				2,
				2.5,
				1,
				2,
				5,
				1
			]
		},
		{
			"Target": "PartOpacity",
			"Id": "Part4",
			"Segments": [
				0,
				1,
				2,
				2.5,
				1,
				2,
				5,
				1
			]
		},
		{
			"Target": "PartOpacity",
			"Id": "ArtMesh26_Skinning",
			"Segments": [
				0,
				1,
				2,
				2.5,
				1,
				2,
				5,
				1
			]
		},
		{
			"Target": "PartOpacity",
			"Id": "Part5",
			"Segments": [
				0,
				1,
				2,
				2.5,
				1,
				2,
				5,
				1
			]
		},
		{
			"Target": "PartOpacity",
			"Id": "ArtMesh27_Skinning",
			"Segments": [
				0,
				1,
				2,
				2.5,
				1,
				2,
				5,
				1
			]
		},
		{
			"Target": "PartOpacity",
			"Id": "Part6",
			"Segments": [
				0,
				1,
				2,
				2.5,
				1,
				2,
				5,
				1
			]
		},
		{
			"Target": "PartOpacity",
			"Id": "ArtMesh28_Skinning",
			"Segments": [
				0,
				1,
				2,
				2.5,
				1,
				2,
				5,
				1
			]
		},
		{
			"Target": "PartOpacity",
			"Id": "Part7",
			"Segments": [
				0,
				1,
				2,
				2.5,
				1,
				2,
				5,
				1
			]
		},
		{
			"Target": "PartOpacity",
			"Id": "ArtMesh29_Skinning",
			"Segments": [
				0,
				1,
				2,
				2.5,
				1,
				2,
				5,
				1
			]
		},
		{
			"Target": "PartOpacity",
			"Id": "Part8",
			"Segments": [
				0,
				1,
				2,
				2.5,
				1,
				2,
				5,
				1
			]
		},
		{
			"Target": "PartOpacity",
			"Id": "ArtMesh34_Skinning",
			"Segments": [
				0,
				1,
				2,
				2.5,
				1,
				2,
				5,
				1
			]
		},
		{
			"Target": "PartOpacity",
			"Id": "Part10",
			"Segments": [
				0,
				1,
				2,
				2.5,
				1,
				2,
				5,
				1
			]
		},
		{
			"Target": "PartOpacity",
			"Id": "ArtMesh42_Skinning",
			"Segments": [
				0,
				1,
				2,
				2.5,
				1,
				2,
				5,
				1
			]
		},
		{
			"Target": "PartOpacity",
			"Id": "Part9",
			"Segments": [
				0,
				1,
				2,
				2.5,
				1,
				2,
				5,
				1
			]
		},
		{
			"Target": "PartOpacity",
			"Id": "ArtMesh43_Skinning",
			"Segments": [
				0,
				1,
				2,
				2.5,
				1,
				2,
				5,
				1
			]
		},
		{
			"Target": "PartOpacity",
			"Id": "Part3",
			"Segments": [
				0,
				1,
				2,
				2.5,
				1,
				2,
				5,
				1
			]
		},
		{
			"Target": "PartOpacity",
			"Id": "ArtMesh45_Skinning",
			"Segments": [
				0,
				1,
				2,
				2.5,
				1,
				2,
				5,
				1
			]
		},
		{
			"Target": "PartOpacity",
			"Id": "Part13",
			"Segments": [
				0,
				1,
				2,
				2.5,
				1,
				2,
				5,
				1
			]
		},
		{
			"Target": "PartOpacity",
			"Id": "BG",
			"Segments": [
				0,
				1,
				2,
				2.5,
				1,
				2,
				5,
				1
			]
		}
	]
}