{
	"Version": 3,
	"Parameters": [
		{
			"Id": "Param13",
			"GroupId": "ParamGroup",
			"Name": "キラ1"
		},
		{
			"Id": "Param14",
			"GroupId": "ParamGroup",
			"Name": "キラ2"
		},
		{
			"Id": "Param15",
			"GroupId": "ParamGroup",
			"Name": "キラ3"
		},
		{
			"Id": "Param17",
			"GroupId": "ParamGroup",
			"Name": "キラ5"
		},
		{
			"Id": "Param16",
			"GroupId": "ParamGroup",
			"Name": "キラ4"
		},
		{
			"Id": "Param18",
			"GroupId": "ParamGroup",
			"Name": "キラ6"
		},
		{
			"Id": "Param19",
			"GroupId": "ParamGroup",
			"Name": "キラ7"
		},
		{
			"Id": "Param10",
			"GroupId": "ParamGroup",
			"Name": "光"
		},
		{
			"Id": "ParamBreath",
			"GroupId": "",
			"Name": "呼吸"
		},
		{
			"Id": "ParamEyeROpen",
			"GroupId": "",
			"Name": "右目　開閉"
		},
		{
			"Id": "ParamEyeLOpen",
			"GroupId": "",
			"Name": "左目　開閉"
		},
		{
			"Id": "Param",
			"GroupId": "",
			"Name": "ハイライト"
		},
		{
			"Id": "Param2",
			"GroupId": "",
			"Name": "ハイライト"
		},
		{
			"Id": "Param3",
			"GroupId": "",
			"Name": "ハイライト大小"
		},
		{
			"Id": "Param_Angle_Rotation_1_ArtMesh20",
			"GroupId": "ParamGroup2",
			"Name": "[0]ツインテL"
		},
		{
			"Id": "Param_Angle_Rotation_2_ArtMesh20",
			"GroupId": "ParamGroup2",
			"Name": "[1]ツインテL"
		},
		{
			"Id": "Param_Angle_Rotation_3_ArtMesh20",
			"GroupId": "ParamGroup2",
			"Name": "[2]ツインテL"
		},
		{
			"Id": "Param_Angle_Rotation_4_ArtMesh20",
			"GroupId": "ParamGroup2",
			"Name": "[3]ツインテL"
		},
		{
			"Id": "Param_Angle_Rotation_5_ArtMesh20",
			"GroupId": "ParamGroup2",
			"Name": "[4]ツインテL"
		},
		{
			"Id": "Param_Angle_Rotation_6_ArtMesh20",
			"GroupId": "ParamGroup2",
			"Name": "[5]ツインテL"
		},
		{
			"Id": "Param_Angle_Rotation_7_ArtMesh20",
			"GroupId": "ParamGroup2",
			"Name": "[6]ツインテL"
		},
		{
			"Id": "Param_Angle_Rotation_1_ArtMesh43",
			"GroupId": "ParamGroup3",
			"Name": "[0]ツインテR"
		},
		{
			"Id": "Param_Angle_Rotation_2_ArtMesh43",
			"GroupId": "ParamGroup3",
			"Name": "[1]ツインテR"
		},
		{
			"Id": "Param_Angle_Rotation_3_ArtMesh43",
			"GroupId": "ParamGroup3",
			"Name": "[2]ツインテR"
		},
		{
			"Id": "Param_Angle_Rotation_4_ArtMesh43",
			"GroupId": "ParamGroup3",
			"Name": "[3]ツインテR"
		},
		{
			"Id": "Param_Angle_Rotation_5_ArtMesh43",
			"GroupId": "ParamGroup3",
			"Name": "[4]ツインテR"
		},
		{
			"Id": "Param_Angle_Rotation_6_ArtMesh43",
			"GroupId": "ParamGroup3",
			"Name": "[5]ツインテR"
		},
		{
			"Id": "Param_Angle_Rotation_7_ArtMesh43",
			"GroupId": "ParamGroup3",
			"Name": "[6]ツインテR"
		},
		{
			"Id": "Param_Angle_Rotation_1_ArtMesh25",
			"GroupId": "ParamGroup4",
			"Name": "[0]前髪1"
		},
		{
			"Id": "Param_Angle_Rotation_2_ArtMesh25",
			"GroupId": "ParamGroup4",
			"Name": "[1]前髪1"
		},
		{
			"Id": "Param_Angle_Rotation_3_ArtMesh25",
			"GroupId": "ParamGroup4",
			"Name": "[2]前髪1"
		},
		{
			"Id": "Param_Angle_Rotation_4_ArtMesh25",
			"GroupId": "ParamGroup4",
			"Name": "[3]前髪1"
		},
		{
			"Id": "Param_Angle_Rotation_5_ArtMesh25",
			"GroupId": "ParamGroup4",
			"Name": "[4]前髪1"
		},
		{
			"Id": "Param_Angle_Rotation_6_ArtMesh25",
			"GroupId": "ParamGroup4",
			"Name": "[5]前髪1"
		},
		{
			"Id": "Param_Angle_Rotation_7_ArtMesh25",
			"GroupId": "ParamGroup4",
			"Name": "[6]前髪1"
		},
		{
			"Id": "Param_Angle_Rotation_1_ArtMesh26",
			"GroupId": "ParamGroup5",
			"Name": "[0]前髪2"
		},
		{
			"Id": "Param_Angle_Rotation_2_ArtMesh26",
			"GroupId": "ParamGroup5",
			"Name": "[1]前髪2"
		},
		{
			"Id": "Param_Angle_Rotation_3_ArtMesh26",
			"GroupId": "ParamGroup5",
			"Name": "[2]前髪2"
		},
		{
			"Id": "Param_Angle_Rotation_4_ArtMesh26",
			"GroupId": "ParamGroup5",
			"Name": "[3]前髪2"
		},
		{
			"Id": "Param_Angle_Rotation_5_ArtMesh26",
			"GroupId": "ParamGroup5",
			"Name": "[4]前髪2"
		},
		{
			"Id": "Param_Angle_Rotation_6_ArtMesh26",
			"GroupId": "ParamGroup5",
			"Name": "[5]前髪2"
		},
		{
			"Id": "Param_Angle_Rotation_7_ArtMesh26",
			"GroupId": "ParamGroup5",
			"Name": "[6]前髪2"
		},
		{
			"Id": "Param_Angle_Rotation_1_ArtMesh27",
			"GroupId": "ParamGroup6",
			"Name": "[0]前髪3"
		},
		{
			"Id": "Param_Angle_Rotation_2_ArtMesh27",
			"GroupId": "ParamGroup6",
			"Name": "[1]前髪3"
		},
		{
			"Id": "Param_Angle_Rotation_3_ArtMesh27",
			"GroupId": "ParamGroup6",
			"Name": "[2]前髪3"
		},
		{
			"Id": "Param_Angle_Rotation_4_ArtMesh27",
			"GroupId": "ParamGroup6",
			"Name": "[3]前髪3"
		},
		{
			"Id": "Param_Angle_Rotation_5_ArtMesh27",
			"GroupId": "ParamGroup6",
			"Name": "[4]前髪3"
		},
		{
			"Id": "Param_Angle_Rotation_6_ArtMesh27",
			"GroupId": "ParamGroup6",
			"Name": "[5]前髪3"
		},
		{
			"Id": "Param_Angle_Rotation_7_ArtMesh27",
			"GroupId": "ParamGroup6",
			"Name": "[6]前髪3"
		},
		{
			"Id": "Param_Angle_Rotation_1_ArtMesh28",
			"GroupId": "ParamGroup7",
			"Name": "[0]前髪4"
		},
		{
			"Id": "Param_Angle_Rotation_2_ArtMesh28",
			"GroupId": "ParamGroup7",
			"Name": "[1]前髪4"
		},
		{
			"Id": "Param_Angle_Rotation_3_ArtMesh28",
			"GroupId": "ParamGroup7",
			"Name": "[2]前髪4"
		},
		{
			"Id": "Param_Angle_Rotation_4_ArtMesh28",
			"GroupId": "ParamGroup7",
			"Name": "[3]前髪4"
		},
		{
			"Id": "Param_Angle_Rotation_5_ArtMesh28",
			"GroupId": "ParamGroup7",
			"Name": "[4]前髪4"
		},
		{
			"Id": "Param_Angle_Rotation_6_ArtMesh28",
			"GroupId": "ParamGroup7",
			"Name": "[5]前髪4"
		},
		{
			"Id": "Param_Angle_Rotation_7_ArtMesh28",
			"GroupId": "ParamGroup7",
			"Name": "[6]前髪4"
		},
		{
			"Id": "Param_Angle_Rotation_1_ArtMesh29",
			"GroupId": "ParamGroup8",
			"Name": "[0]前髪5"
		},
		{
			"Id": "Param_Angle_Rotation_2_ArtMesh29",
			"GroupId": "ParamGroup8",
			"Name": "[1]前髪5"
		},
		{
			"Id": "Param_Angle_Rotation_3_ArtMesh29",
			"GroupId": "ParamGroup8",
			"Name": "[2]前髪5"
		},
		{
			"Id": "Param_Angle_Rotation_4_ArtMesh29",
			"GroupId": "ParamGroup8",
			"Name": "[3]前髪5"
		},
		{
			"Id": "Param_Angle_Rotation_5_ArtMesh29",
			"GroupId": "ParamGroup8",
			"Name": "[4]前髪5"
		},
		{
			"Id": "Param_Angle_Rotation_1_ArtMesh42",
			"GroupId": "ParamGroup9",
			"Name": "[0]横髪R"
		},
		{
			"Id": "Param_Angle_Rotation_2_ArtMesh42",
			"GroupId": "ParamGroup9",
			"Name": "[1]横髪R"
		},
		{
			"Id": "Param_Angle_Rotation_3_ArtMesh42",
			"GroupId": "ParamGroup9",
			"Name": "[2]横髪R"
		},
		{
			"Id": "Param_Angle_Rotation_4_ArtMesh42",
			"GroupId": "ParamGroup9",
			"Name": "[3]横髪R"
		},
		{
			"Id": "Param_Angle_Rotation_5_ArtMesh42",
			"GroupId": "ParamGroup9",
			"Name": "[4]横髪R"
		},
		{
			"Id": "Param_Angle_Rotation_6_ArtMesh42",
			"GroupId": "ParamGroup9",
			"Name": "[5]横髪R"
		},
		{
			"Id": "Param_Angle_Rotation_7_ArtMesh42",
			"GroupId": "ParamGroup9",
			"Name": "[6]横髪R"
		},
		{
			"Id": "Param_Angle_Rotation_8_ArtMesh42",
			"GroupId": "ParamGroup9",
			"Name": "[7]横髪R"
		},
		{
			"Id": "Param_Angle_Rotation_9_ArtMesh42",
			"GroupId": "ParamGroup9",
			"Name": "[8]横髪R"
		},
		{
			"Id": "Param_Angle_Rotation_1_ArtMesh34",
			"GroupId": "ParamGroup10",
			"Name": "[0]横髪L"
		},
		{
			"Id": "Param_Angle_Rotation_2_ArtMesh34",
			"GroupId": "ParamGroup10",
			"Name": "[1]横髪L"
		},
		{
			"Id": "Param_Angle_Rotation_3_ArtMesh34",
			"GroupId": "ParamGroup10",
			"Name": "[2]横髪L"
		},
		{
			"Id": "Param_Angle_Rotation_4_ArtMesh34",
			"GroupId": "ParamGroup10",
			"Name": "[3]横髪L"
		},
		{
			"Id": "Param_Angle_Rotation_5_ArtMesh34",
			"GroupId": "ParamGroup10",
			"Name": "[4]横髪L"
		},
		{
			"Id": "Param_Angle_Rotation_6_ArtMesh34",
			"GroupId": "ParamGroup10",
			"Name": "[5]横髪L"
		},
		{
			"Id": "Param_Angle_Rotation_7_ArtMesh34",
			"GroupId": "ParamGroup10",
			"Name": "[6]横髪L"
		},
		{
			"Id": "Param_Angle_Rotation_8_ArtMesh34",
			"GroupId": "ParamGroup10",
			"Name": "[7]横髪L"
		},
		{
			"Id": "Param_Angle_Rotation_9_ArtMesh34",
			"GroupId": "ParamGroup10",
			"Name": "[8]横髪L"
		},
		{
			"Id": "Param_Angle_Rotation_1_ArtMesh22",
			"GroupId": "ParamGroup11",
			"Name": "[0]帽子_羽L"
		},
		{
			"Id": "Param_Angle_Rotation_2_ArtMesh22",
			"GroupId": "ParamGroup11",
			"Name": "[1]帽子_羽L"
		},
		{
			"Id": "Param_Angle_Rotation_3_ArtMesh22",
			"GroupId": "ParamGroup11",
			"Name": "[2]帽子_羽L"
		},
		{
			"Id": "Param_Angle_Rotation_4_ArtMesh22",
			"GroupId": "ParamGroup11",
			"Name": "[3]帽子_羽L"
		},
		{
			"Id": "Param_Angle_Rotation_5_ArtMesh22",
			"GroupId": "ParamGroup11",
			"Name": "[4]帽子_羽L"
		},
		{
			"Id": "Param_Angle_Rotation_1_ArtMesh23",
			"GroupId": "ParamGroup12",
			"Name": "[0]帽子_羽R"
		},
		{
			"Id": "Param_Angle_Rotation_2_ArtMesh23",
			"GroupId": "ParamGroup12",
			"Name": "[1]帽子_羽R"
		},
		{
			"Id": "Param_Angle_Rotation_3_ArtMesh23",
			"GroupId": "ParamGroup12",
			"Name": "[2]帽子_羽R"
		},
		{
			"Id": "Param_Angle_Rotation_4_ArtMesh23",
			"GroupId": "ParamGroup12",
			"Name": "[3]帽子_羽R"
		},
		{
			"Id": "Param_Angle_Rotation_5_ArtMesh23",
			"GroupId": "ParamGroup12",
			"Name": "[4]帽子_羽R"
		},
		{
			"Id": "Param_Angle_Rotation_1_ArtMesh45",
			"GroupId": "ParamGroup13",
			"Name": "[0]後ろ髪"
		},
		{
			"Id": "Param_Angle_Rotation_2_ArtMesh45",
			"GroupId": "ParamGroup13",
			"Name": "[1]後ろ髪"
		},
		{
			"Id": "Param_Angle_Rotation_3_ArtMesh45",
			"GroupId": "ParamGroup13",
			"Name": "[2]後ろ髪"
		},
		{
			"Id": "Param_Angle_Rotation_4_ArtMesh45",
			"GroupId": "ParamGroup13",
			"Name": "[3]後ろ髪"
		},
		{
			"Id": "Param_Angle_Rotation_5_ArtMesh45",
			"GroupId": "ParamGroup13",
			"Name": "[4]後ろ髪"
		},
		{
			"Id": "Param_Angle_Rotation_6_ArtMesh45",
			"GroupId": "ParamGroup13",
			"Name": "[5]後ろ髪"
		},
		{
			"Id": "Param_Angle_Rotation_7_ArtMesh45",
			"GroupId": "ParamGroup13",
			"Name": "[6]後ろ髪"
		},
		{
			"Id": "Param11",
			"GroupId": "",
			"Name": "胸L"
		},
		{
			"Id": "Param12",
			"GroupId": "",
			"Name": "胸R"
		}
	],
	"ParameterGroups": [
		{
			"Id": "ParamGroup",
			"GroupId": "",
			"Name": "エフェクト"
		},
		{
			"Id": "ParamGroup2",
			"GroupId": "",
			"Name": "ツインテL"
		},
		{
			"Id": "ParamGroup3",
			"GroupId": "",
			"Name": "ツインテR"
		},
		{
			"Id": "ParamGroup4",
			"GroupId": "",
			"Name": "前髪1"
		},
		{
			"Id": "ParamGroup5",
			"GroupId": "",
			"Name": "前髪2"
		},
		{
			"Id": "ParamGroup6",
			"GroupId": "",
			"Name": "前髪3"
		},
		{
			"Id": "ParamGroup7",
			"GroupId": "",
			"Name": "前髪4"
		},
		{
			"Id": "ParamGroup8",
			"GroupId": "",
			"Name": "前髪5"
		},
		{
			"Id": "ParamGroup9",
			"GroupId": "",
			"Name": "横髪R"
		},
		{
			"Id": "ParamGroup10",
			"GroupId": "",
			"Name": "横髪L"
		},
		{
			"Id": "ParamGroup11",
			"GroupId": "",
			"Name": "帽子_羽L"
		},
		{
			"Id": "ParamGroup12",
			"GroupId": "",
			"Name": "帽子_羽R"
		},
		{
			"Id": "ParamGroup13",
			"GroupId": "",
			"Name": "後ろ髪"
		}
	],
	"Parts": [
		{
			"Id": "Part15",
			"Name": "201901_忌夢_SSRFES限_差無_01_パーツ分け.psd（対応無し）"
		},
		{
			"Id": "Part",
			"Name": "エフェクト"
		},
		{
			"Id": "ArtMesh20_Skinning",
			"Name": "ツインテL(スキニング)"
		},
		{
			"Id": "Part2",
			"Name": "ツインテL(回転)"
		},
		{
			"Id": "ArtMesh22_Skinning",
			"Name": "帽子_羽L(スキニング)"
		},
		{
			"Id": "Part11",
			"Name": "帽子_羽L(回転)"
		},
		{
			"Id": "ArtMesh23_Skinning",
			"Name": "帽子_羽R(スキニング)"
		},
		{
			"Id": "Part12",
			"Name": "帽子_羽R(回転)"
		},
		{
			"Id": "ArtMesh25_Skinning",
			"Name": "前髪1(スキニング)"
		},
		{
			"Id": "Part4",
			"Name": "前髪1(回転)"
		},
		{
			"Id": "ArtMesh26_Skinning",
			"Name": "前髪2(スキニング)"
		},
		{
			"Id": "Part5",
			"Name": "前髪2(回転)"
		},
		{
			"Id": "ArtMesh27_Skinning",
			"Name": "前髪3(スキニング)"
		},
		{
			"Id": "Part6",
			"Name": "前髪3(回転)"
		},
		{
			"Id": "ArtMesh28_Skinning",
			"Name": "前髪4(スキニング)"
		},
		{
			"Id": "Part7",
			"Name": "前髪4(回転)"
		},
		{
			"Id": "ArtMesh29_Skinning",
			"Name": "前髪5(スキニング)"
		},
		{
			"Id": "Part8",
			"Name": "前髪5(回転)"
		},
		{
			"Id": "ArtMesh34_Skinning",
			"Name": "横髪L(スキニング)"
		},
		{
			"Id": "Part10",
			"Name": "横髪L(回転)"
		},
		{
			"Id": "ArtMesh42_Skinning",
			"Name": "横髪R(スキニング)"
		},
		{
			"Id": "Part9",
			"Name": "横髪R(回転)"
		},
		{
			"Id": "ArtMesh43_Skinning",
			"Name": "ツインテR(スキニング)"
		},
		{
			"Id": "Part3",
			"Name": "ツインテR(回転)"
		},
		{
			"Id": "ArtMesh45_Skinning",
			"Name": "後ろ髪(スキニング)"
		},
		{
			"Id": "Part13",
			"Name": "後ろ髪(回転)"
		},
		{
			"Id": "BG",
			"Name": "BG"
		},
		{
			"Id": "Part14",
			"Name": "エフェクト"
		},
		{
			"Id": "BG2",
			"Name": "BG"
		}
	],
	"CombinedParameters": [
		[
			"Param",
			"Param2"
		]
	]
}