{
	"Version": 3,
	"Meta": {
		"Duration": 5.967,
		"Fps": 30.0,
		"Loop": true,
		"AreBeziersRestricted": false,
		"CurveCount": 138,
		"TotalSegmentCount": 1072,
		"TotalPointCount": 3352,
		"UserDataCount": 0,
		"TotalUserDataSize": 0
	},
	"Curves": [
		{
			"Target": "Parameter",
			"Id": "ParamEff1",
			"Segments": [
				0,
				1,
				1,
				0.2,
				1,
				0.4,
				1,
				0.6,
				1,
				1,
				0.633,
				1,
				0.667,
				0.5,
				0.7,
				0.5,
				1,
				0.733,
				0.5,
				0.767,
				1,
				0.8,
				1,
				1,
				1.378,
				1,
				1.956,
				1,
				2.533,
				1,
				1,
				2.567,
				1,
				2.6,
				0.5,
				2.633,
				0.5,
				1,
				2.678,
				0.5,
				2.722,
				1,
				2.767,
				1,
				1,
				3.5,
				1,
				4.233,
				1,
				4.967,
				1,
				1,
				5,
				1,
				5.033,
				0.5,
				5.067,
				0.5,
				1,
				5.111,
				0.5,
				5.156,
				1,
				5.2,
				1,
				1,
				5.456,
				1,
				5.711,
				1,
				5.967,
				1
			]
		},
		{
			"Target": "Parameter",
			"Id": "ParamEff2",
			"Segments": [
				0,
				0.6,
				1,
				0.033,
				0.6,
				0.067,
				1,
				0.1,
				1,
				1,
				0.6,
				1,
				1.1,
				1,
				1.6,
				1,
				1,
				1.633,
				1,
				1.667,
				0.5,
				1.7,
				0.5,
				1,
				1.733,
				0.5,
				1.767,
				1,
				1.8,
				1,
				1,
				2.267,
				1,
				2.733,
				1,
				3.2,
				1,
				1,
				3.233,
				1,
				3.267,
				0.5,
				3.3,
				0.5,
				1,
				3.333,
				0.5,
				3.367,
				1,
				3.4,
				1,
				1,
				3.444,
				1,
				3.489,
				1,
				3.533,
				1,
				1,
				3.567,
				1,
				3.6,
				0.5,
				3.633,
				0.5,
				1,
				3.667,
				0.5,
				3.7,
				1,
				3.733,
				1,
				1,
				4.444,
				1,
				5.156,
				1,
				5.867,
				1,
				1,
				5.9,
				1,
				5.933,
				0.775,
				5.967,
				0.662
			]
		},
		{
			"Target": "Parameter",
			"Id": "ParamEff3",
			"Segments": [
				0,
				1,
				1,
				0.656,
				1,
				1.311,
				1,
				1.967,
				1,
				1,
				2,
				1,
				2.033,
				0.5,
				2.067,
				0.5,
				1,
				2.1,
				0.5,
				2.133,
				1,
				2.167,
				1,
				1,
				2.211,
				1,
				2.256,
				1,
				2.3,
				1,
				1,
				2.333,
				1,
				2.367,
				0.5,
				2.4,
				0.5,
				1,
				2.433,
				0.5,
				2.467,
				1,
				2.5,
				1,
				1,
				2.922,
				1,
				3.344,
				1,
				3.767,
				1,
				1,
				3.8,
				1,
				3.833,
				0.5,
				3.867,
				0.5,
				1,
				3.9,
				0.5,
				3.933,
				1,
				3.967,
				1,
				1,
				4.633,
				1,
				5.3,
				1,
				5.967,
				1
			]
		},
		{
			"Target": "Parameter",
			"Id": "ParamEff4",
			"Segments": [
				0,
				1,
				1,
				0.189,
				1,
				0.378,
				1,
				0.567,
				1,
				1,
				0.6,
				1,
				0.633,
				0.5,
				0.667,
				0.5,
				1,
				0.7,
				0.5,
				0.733,
				1,
				0.767,
				1,
				1,
				0.944,
				1,
				1.122,
				0.9,
				1.3,
				0.9,
				1,
				1.667,
				0.9,
				2.033,
				1,
				2.4,
				1,
				1,
				2.433,
				1,
				2.467,
				0.5,
				2.5,
				0.5,
				1,
				2.533,
				0.5,
				2.567,
				1,
				2.6,
				1,
				1,
				3,
				1,
				3.4,
				0.8,
				3.8,
				0.8,
				1,
				4.2,
				0.8,
				4.6,
				1,
				5,
				1,
				1,
				5.033,
				1,
				5.067,
				0.5,
				5.1,
				0.5,
				1,
				5.133,
				0.5,
				5.167,
				1,
				5.2,
				1,
				1,
				5.456,
				1,
				5.711,
				1,
				5.967,
				1
			]
		},
		{
			"Target": "Parameter",
			"Id": "ParamEff5",
			"Segments": [
				0,
				1,
				1,
				0.078,
				1,
				0.156,
				1,
				0.233,
				1,
				1,
				0.267,
				1,
				0.3,
				0.5,
				0.333,
				0.5,
				1,
				0.367,
				0.5,
				0.4,
				1,
				0.433,
				1,
				1,
				1.244,
				1,
				2.056,
				0.7,
				2.867,
				0.7,
				1,
				3.9,
				0.7,
				4.933,
				0.994,
				5.967,
				1
			]
		},
		{
			"Target": "Parameter",
			"Id": "ParamEff6",
			"Segments": [
				0,
				0.8,
				1,
				0.422,
				0.8,
				0.844,
				1,
				1.267,
				1,
				1,
				1.989,
				1,
				2.711,
				0.7,
				3.433,
				0.7,
				1,
				4.278,
				0.7,
				5.122,
				0.797,
				5.967,
				0.8
			]
		},
		{
			"Target": "Parameter",
			"Id": "ParamEff7",
			"Segments": [
				0,
				1,
				1,
				0.256,
				1,
				0.511,
				1,
				0.767,
				1,
				1,
				0.8,
				1,
				0.833,
				0.6,
				0.867,
				0.6,
				1,
				0.9,
				0.6,
				0.933,
				1,
				0.967,
				1,
				1,
				1.133,
				1,
				1.3,
				1,
				1.467,
				1,
				1,
				1.5,
				1,
				1.533,
				0.6,
				1.567,
				0.6,
				1,
				1.6,
				0.6,
				1.633,
				1,
				1.667,
				1,
				1,
				2.089,
				1,
				2.511,
				0.9,
				2.933,
				0.9,
				1,
				3.311,
				0.9,
				3.689,
				1,
				4.067,
				1,
				1,
				4.1,
				1,
				4.133,
				0.6,
				4.167,
				0.6,
				1,
				4.2,
				0.6,
				4.233,
				1,
				4.267,
				1,
				1,
				4.578,
				1,
				4.889,
				1,
				5.2,
				1,
				1,
				5.456,
				1,
				5.711,
				1,
				5.967,
				1
			]
		},
		{
			"Target": "Parameter",
			"Id": "ParamEff8",
			"Segments": [
				0,
				1,
				1,
				0.111,
				1,
				0.222,
				1,
				0.333,
				1,
				1,
				0.367,
				1,
				0.4,
				0.6,
				0.433,
				0.6,
				1,
				0.467,
				0.6,
				0.5,
				1,
				0.533,
				1,
				1,
				1,
				1,
				1.467,
				0.9,
				1.933,
				0.9,
				1,
				2.311,
				0.9,
				2.689,
				1,
				3.067,
				1,
				1,
				3.1,
				1,
				3.133,
				0.6,
				3.167,
				0.6,
				1,
				3.2,
				0.6,
				3.233,
				1,
				3.267,
				1,
				1,
				3.322,
				1,
				3.378,
				1,
				3.433,
				1,
				1,
				3.467,
				1,
				3.5,
				0.6,
				3.533,
				0.6,
				1,
				3.567,
				0.6,
				3.6,
				1,
				3.633,
				1,
				1,
				3.7,
				1,
				3.767,
				1,
				3.833,
				1,
				1,
				3.867,
				1,
				3.9,
				0.7,
				3.933,
				0.7,
				1,
				3.967,
				0.7,
				4,
				1,
				4.033,
				1,
				1,
				4.367,
				1,
				4.7,
				0.9,
				5.033,
				0.9,
				1,
				5.344,
				0.9,
				5.656,
				0.993,
				5.967,
				1
			]
		},
		{
			"Target": "Parameter",
			"Id": "ParamEff9",
			"Segments": [
				0,
				0.8,
				1,
				0.289,
				0.8,
				0.578,
				1,
				0.867,
				1,
				1,
				0.9,
				1,
				0.933,
				0.6,
				0.967,
				0.6,
				1,
				1,
				0.6,
				1.033,
				1,
				1.067,
				1,
				1,
				1.3,
				1,
				1.533,
				1,
				1.767,
				1,
				1,
				1.8,
				1,
				1.833,
				0.6,
				1.867,
				0.6,
				1,
				1.9,
				0.6,
				1.933,
				1,
				1.967,
				1,
				1,
				2.4,
				1,
				2.833,
				1,
				3.267,
				1,
				1,
				3.3,
				1,
				3.333,
				0.6,
				3.367,
				0.6,
				1,
				3.4,
				0.6,
				3.433,
				1,
				3.467,
				1,
				1,
				4.3,
				1,
				5.133,
				0.805,
				5.967,
				0.8
			]
		},
		{
			"Target": "Parameter",
			"Id": "ParamEff10",
			"Segments": [
				0,
				1,
				1,
				0.5,
				1,
				1,
				1,
				1.5,
				1,
				1,
				1.533,
				1,
				1.567,
				0.6,
				1.6,
				0.6,
				1,
				1.633,
				0.6,
				1.667,
				1,
				1.7,
				1,
				1,
				1.822,
				1,
				1.944,
				1,
				2.067,
				1,
				1,
				2.1,
				1,
				2.133,
				0.6,
				2.167,
				0.6,
				1,
				2.2,
				0.6,
				2.233,
				1,
				2.267,
				1,
				1,
				2.711,
				1,
				3.156,
				0.9,
				3.6,
				0.9,
				1,
				4.211,
				0.9,
				4.822,
				1,
				5.433,
				1,
				1,
				5.467,
				1,
				5.5,
				0.6,
				5.533,
				0.6,
				1,
				5.567,
				0.6,
				5.6,
				1,
				5.633,
				1,
				1,
				5.744,
				1,
				5.856,
				1,
				5.967,
				1
			]
		},
		{
			"Target": "Parameter",
			"Id": "ParamEff11",
			"Segments": [
				0,
				1,
				1,
				0.222,
				1,
				0.444,
				1,
				0.667,
				1,
				1,
				0.7,
				1,
				0.733,
				0.6,
				0.767,
				0.6,
				1,
				0.8,
				0.6,
				0.833,
				1,
				0.867,
				1,
				1,
				1.144,
				1,
				1.422,
				0.9,
				1.7,
				0.9,
				1,
				2.056,
				0.9,
				2.411,
				1,
				2.767,
				1,
				1,
				2.8,
				1,
				2.833,
				0.6,
				2.867,
				0.6,
				1,
				2.9,
				0.6,
				2.933,
				1,
				2.967,
				1,
				1,
				3.267,
				1,
				3.567,
				0.8,
				3.867,
				0.8,
				1,
				4.067,
				0.8,
				4.267,
				1,
				4.467,
				1,
				1,
				4.5,
				1,
				4.533,
				0.6,
				4.567,
				0.6,
				1,
				4.6,
				0.6,
				4.633,
				1,
				4.667,
				1,
				1,
				5.1,
				1,
				5.533,
				1,
				5.967,
				1
			]
		},
		{
			"Target": "Parameter",
			"Id": "ParamEff12",
			"Segments": [
				0,
				0.9,
				1,
				0.044,
				0.9,
				0.089,
				1,
				0.133,
				1,
				1,
				0.733,
				1,
				1.333,
				0.9,
				1.933,
				0.9,
				1,
				2.567,
				0.9,
				3.2,
				1,
				3.833,
				1,
				1,
				3.867,
				1,
				3.9,
				0.9,
				3.933,
				0.9,
				1,
				3.967,
				0.9,
				4,
				1,
				4.033,
				1,
				1,
				4.444,
				1,
				4.856,
				1,
				5.267,
				1,
				1,
				5.3,
				1,
				5.333,
				0.9,
				5.367,
				0.9,
				1,
				5.4,
				0.9,
				5.433,
				1,
				5.467,
				1,
				1,
				5.611,
				1,
				5.756,
				1,
				5.9,
				1,
				1,
				5.922,
				1,
				5.944,
				0.911,
				5.967,
				0.852
			]
		},
		{
			"Target": "Parameter",
			"Id": "ParamEff13",
			"Segments": [
				0,
				1,
				1,
				0.111,
				1,
				0.222,
				1,
				0.333,
				1,
				1,
				0.367,
				1,
				0.4,
				0.9,
				0.433,
				0.9,
				1,
				0.467,
				0.9,
				0.5,
				1,
				0.533,
				1,
				1,
				0.856,
				1,
				1.178,
				0.9,
				1.5,
				0.9,
				1,
				1.844,
				0.9,
				2.189,
				1,
				2.533,
				1,
				1,
				2.567,
				1,
				2.6,
				0.9,
				2.633,
				0.9,
				1,
				2.667,
				0.9,
				2.7,
				1,
				2.733,
				1,
				1,
				3.278,
				1,
				3.822,
				1,
				4.367,
				1,
				1,
				4.4,
				1,
				4.433,
				0.9,
				4.467,
				0.9,
				1,
				4.5,
				0.9,
				4.533,
				1,
				4.567,
				1,
				1,
				5.033,
				1,
				5.5,
				1,
				5.967,
				1
			]
		},
		{
			"Target": "Parameter",
			"Id": "ParamEff14",
			"Segments": [
				0,
				1,
				1,
				0.189,
				1,
				0.378,
				1,
				0.567,
				1,
				1,
				0.6,
				1,
				0.633,
				0.9,
				0.667,
				0.9,
				1,
				0.7,
				0.9,
				0.733,
				1,
				0.767,
				1,
				1,
				1.1,
				1,
				1.433,
				1,
				1.767,
				1,
				1,
				1.8,
				1,
				1.833,
				0.8,
				1.867,
				0.8,
				1,
				1.9,
				0.8,
				1.933,
				1,
				1.967,
				1,
				1,
				2.267,
				1,
				2.567,
				0.9,
				2.867,
				0.9,
				1,
				3.133,
				0.9,
				3.4,
				1,
				3.667,
				1,
				1,
				3.7,
				1,
				3.733,
				0.8,
				3.767,
				0.8,
				1,
				3.8,
				0.8,
				3.833,
				1,
				3.867,
				1,
				1,
				4.122,
				1,
				4.378,
				0.9,
				4.633,
				0.9,
				1,
				4.878,
				0.9,
				5.122,
				1,
				5.367,
				1,
				1,
				5.4,
				1,
				5.433,
				0.8,
				5.467,
				0.8,
				1,
				5.5,
				0.8,
				5.533,
				1,
				5.567,
				1,
				1,
				5.7,
				1,
				5.833,
				1,
				5.967,
				1
			]
		},
		{
			"Target": "Parameter",
			"Id": "ParamEff15",
			"Segments": [
				0,
				0.7,
				1,
				0.478,
				0.7,
				0.956,
				1,
				1.433,
				1,
				1,
				1.467,
				1,
				1.5,
				0.6,
				1.533,
				0.6,
				1,
				1.567,
				0.6,
				1.6,
				1,
				1.633,
				1,
				1,
				2.133,
				1,
				2.633,
				1,
				3.133,
				1,
				1,
				3.167,
				1,
				3.2,
				0.6,
				3.233,
				0.6,
				1,
				3.267,
				0.6,
				3.3,
				1,
				3.333,
				1,
				1,
				3.411,
				1,
				3.489,
				1,
				3.567,
				1,
				1,
				3.6,
				1,
				3.633,
				0.6,
				3.667,
				0.6,
				1,
				3.7,
				0.6,
				3.733,
				0.788,
				3.767,
				0.8,
				1,
				4.167,
				0.943,
				4.567,
				1,
				4.967,
				1,
				1,
				5,
				1,
				5.033,
				0.6,
				5.067,
				0.6,
				1,
				5.1,
				0.6,
				5.133,
				1,
				5.167,
				1,
				1,
				5.433,
				1,
				5.7,
				0.724,
				5.967,
				0.701
			]
		},
		{
			"Target": "Parameter",
			"Id": "ParamEff16",
			"Segments": [
				0,
				1,
				1,
				0.256,
				1,
				0.511,
				1,
				0.767,
				1,
				1,
				0.8,
				1,
				0.833,
				0.6,
				0.867,
				0.6,
				1,
				0.9,
				0.6,
				0.933,
				1,
				0.967,
				1,
				1,
				1.322,
				1,
				1.678,
				1,
				2.033,
				1,
				1,
				2.067,
				1,
				2.1,
				0.6,
				2.133,
				0.6,
				1,
				2.167,
				0.6,
				2.2,
				1,
				2.233,
				1,
				1,
				2.622,
				1,
				3.011,
				0.9,
				3.4,
				0.9,
				1,
				3.811,
				0.9,
				4.222,
				1,
				4.633,
				1,
				1,
				4.667,
				1,
				4.7,
				0.6,
				4.733,
				0.6,
				1,
				4.767,
				0.6,
				4.8,
				1,
				4.833,
				1,
				1,
				5.044,
				1,
				5.256,
				1,
				5.467,
				1,
				1,
				5.633,
				1,
				5.8,
				1,
				5.967,
				1
			]
		},
		{
			"Target": "Parameter",
			"Id": "ParamEff17",
			"Segments": [
				0,
				1,
				1,
				0.678,
				1,
				1.356,
				0.9,
				2.033,
				0.9,
				1,
				2.8,
				0.9,
				3.567,
				1,
				4.333,
				1,
				1,
				4.367,
				1,
				4.4,
				0.6,
				4.433,
				0.6,
				1,
				4.467,
				0.6,
				4.5,
				1,
				4.533,
				1,
				1,
				4.844,
				1,
				5.156,
				0.9,
				5.467,
				0.9,
				1,
				5.633,
				0.9,
				5.8,
				0.988,
				5.967,
				0.999
			]
		},
		{
			"Target": "Parameter",
			"Id": "ParamEff18",
			"Segments": [
				0,
				0.6,
				1,
				0.044,
				0.6,
				0.089,
				1,
				0.133,
				1,
				1,
				0.811,
				1,
				1.489,
				0.9,
				2.167,
				0.9,
				1,
				3.178,
				0.9,
				4.189,
				1,
				5.2,
				1,
				1,
				5.233,
				1,
				5.267,
				0.6,
				5.3,
				0.6,
				1,
				5.333,
				0.6,
				5.367,
				1,
				5.4,
				1,
				1,
				5.544,
				1,
				5.689,
				1,
				5.833,
				1,
				1,
				5.878,
				1,
				5.922,
				0.744,
				5.967,
				0.642
			]
		},
		{
			"Target": "Parameter",
			"Id": "ParamEff19",
			"Segments": [
				0,
				0.8,
				1,
				0.422,
				0.8,
				0.844,
				0.853,
				1.267,
				0.9,
				1,
				1.978,
				0.979,
				2.689,
				1,
				3.4,
				1,
				1,
				3.433,
				1,
				3.467,
				0.6,
				3.5,
				0.6,
				1,
				3.533,
				0.6,
				3.567,
				1,
				3.6,
				1,
				1,
				4.389,
				1,
				5.178,
				0.806,
				5.967,
				0.8
			]
		},
		{
			"Target": "Parameter",
			"Id": "ParamEff20",
			"Segments": [
				0,
				1,
				1,
				0.489,
				1,
				0.978,
				1,
				1.467,
				1,
				1,
				1.5,
				1,
				1.533,
				0.6,
				1.567,
				0.6,
				1,
				1.6,
				0.6,
				1.633,
				1,
				1.667,
				1,
				1,
				2.656,
				1,
				3.644,
				0.9,
				4.633,
				0.9,
				1,
				5.078,
				0.9,
				5.522,
				0.995,
				5.967,
				1
			]
		},
		{
			"Target": "Parameter",
			"Id": "ParamEff21",
			"Segments": [
				0,
				1,
				1,
				1.6,
				1,
				3.2,
				1,
				4.8,
				1,
				1,
				4.833,
				1,
				4.867,
				0.6,
				4.9,
				0.6,
				1,
				4.933,
				0.6,
				4.967,
				1,
				5,
				1,
				1,
				5.322,
				1,
				5.644,
				1,
				5.967,
				1
			]
		},
		{
			"Target": "Parameter",
			"Id": "ParamEff22",
			"Segments": [
				0,
				1,
				1,
				0.244,
				1,
				0.489,
				1,
				0.733,
				1,
				1,
				0.767,
				1,
				0.8,
				0.6,
				0.833,
				0.6,
				1,
				0.867,
				0.6,
				0.9,
				1,
				0.933,
				1,
				1,
				1.078,
				1,
				1.222,
				1,
				1.367,
				1,
				1,
				1.4,
				1,
				1.433,
				0.6,
				1.467,
				0.6,
				1,
				1.5,
				0.6,
				1.533,
				1,
				1.567,
				1,
				1,
				1.889,
				1,
				2.211,
				1,
				2.533,
				1,
				1,
				2.567,
				1,
				2.6,
				0.6,
				2.633,
				0.6,
				1,
				2.667,
				0.6,
				2.7,
				1,
				2.733,
				1,
				1,
				3.811,
				1,
				4.889,
				1,
				5.967,
				1
			]
		},
		{
			"Target": "Parameter",
			"Id": "ParamEff23",
			"Segments": [
				0,
				1,
				1,
				0.067,
				1,
				0.133,
				1,
				0.2,
				1,
				1,
				0.233,
				1,
				0.267,
				0.5,
				0.3,
				0.5,
				1,
				0.333,
				0.5,
				0.367,
				1,
				0.4,
				1,
				1,
				0.489,
				1,
				0.578,
				1,
				0.667,
				1,
				1,
				0.7,
				1,
				0.733,
				0.5,
				0.767,
				0.5,
				1,
				0.8,
				0.5,
				0.833,
				1,
				0.867,
				1,
				1,
				2.122,
				1,
				3.378,
				1,
				4.633,
				1,
				1,
				4.667,
				1,
				4.7,
				0.5,
				4.733,
				0.5,
				1,
				4.767,
				0.5,
				4.8,
				1,
				4.833,
				1,
				1,
				5.211,
				1,
				5.589,
				1,
				5.967,
				1
			]
		},
		{
			"Target": "Parameter",
			"Id": "ParamEff24",
			"Segments": [
				0,
				1,
				1,
				0.7,
				1,
				1.4,
				1,
				2.1,
				1,
				1,
				2.133,
				1,
				2.167,
				0.6,
				2.2,
				0.6,
				1,
				2.233,
				0.6,
				2.267,
				1,
				2.3,
				1,
				1,
				2.433,
				1,
				2.567,
				1,
				2.7,
				1,
				1,
				2.733,
				1,
				2.767,
				0.6,
				2.8,
				0.6,
				1,
				2.833,
				0.6,
				2.867,
				1,
				2.9,
				1,
				1,
				3.789,
				1,
				4.678,
				1,
				5.567,
				1,
				1,
				5.6,
				1,
				5.633,
				0.6,
				5.667,
				0.6,
				1,
				5.7,
				0.6,
				5.733,
				1,
				5.767,
				1,
				1,
				5.833,
				1,
				5.9,
				1,
				5.967,
				1
			]
		},
		{
			"Target": "Parameter",
			"Id": "ParamEff25",
			"Segments": [
				0,
				1,
				1,
				0.411,
				1,
				0.822,
				1,
				1.233,
				1,
				1,
				1.267,
				1,
				1.3,
				0.5,
				1.333,
				0.5,
				1,
				1.367,
				0.5,
				1.4,
				1,
				1.433,
				1,
				1,
				1.911,
				1,
				2.389,
				1,
				2.867,
				1,
				1,
				2.9,
				1,
				2.933,
				0.5,
				2.967,
				0.5,
				1,
				3,
				0.5,
				3.033,
				1,
				3.067,
				1,
				1,
				4.033,
				1,
				5,
				1,
				5.967,
				1
			]
		},
		{
			"Target": "Parameter",
			"Id": "ParamEff26",
			"Segments": [
				0,
				0.8,
				1,
				1.333,
				0.8,
				2.667,
				1,
				4,
				1,
				1,
				4.033,
				1,
				4.067,
				0.6,
				4.1,
				0.6,
				1,
				4.133,
				0.6,
				4.167,
				1,
				4.2,
				1,
				1,
				4.589,
				1,
				4.978,
				1,
				5.367,
				1,
				1,
				5.4,
				1,
				5.433,
				0.6,
				5.467,
				0.6,
				1,
				5.5,
				0.6,
				5.533,
				1,
				5.567,
				1,
				1,
				5.7,
				1,
				5.833,
				0.83,
				5.967,
				0.803
			]
		},
		{
			"Target": "Parameter",
			"Id": "ParamEff27",
			"Segments": [
				0,
				1,
				1,
				0.133,
				1,
				0.267,
				1,
				0.4,
				1,
				1,
				0.433,
				1,
				0.467,
				0.5,
				0.5,
				0.5,
				1,
				0.533,
				0.5,
				0.567,
				1,
				0.6,
				1,
				1,
				1.089,
				1,
				1.578,
				1,
				2.067,
				1,
				1,
				2.1,
				1,
				2.133,
				0.5,
				2.167,
				0.5,
				1,
				2.2,
				0.5,
				2.233,
				1,
				2.267,
				1,
				1,
				2.478,
				1,
				2.689,
				1,
				2.9,
				1,
				1,
				2.933,
				1,
				2.967,
				0.5,
				3,
				0.5,
				1,
				3.033,
				0.5,
				3.067,
				1,
				3.1,
				1,
				1,
				4.056,
				1,
				5.011,
				1,
				5.967,
				1
			]
		},
		{
			"Target": "Parameter",
			"Id": "ParamEff28",
			"Segments": [
				0,
				1,
				1,
				0.2,
				1,
				0.4,
				1,
				0.6,
				1,
				1,
				0.633,
				1,
				0.667,
				0.5,
				0.7,
				0.5,
				1,
				0.733,
				0.5,
				0.767,
				1,
				0.8,
				1,
				1,
				1.444,
				1,
				2.089,
				1,
				2.733,
				1,
				1,
				2.767,
				1,
				2.8,
				0.5,
				2.833,
				0.5,
				1,
				2.867,
				0.5,
				2.9,
				1,
				2.933,
				1,
				1,
				3.044,
				1,
				3.156,
				1,
				3.267,
				1,
				1,
				3.3,
				1,
				3.333,
				0.5,
				3.367,
				0.5,
				1,
				3.4,
				0.5,
				3.433,
				1,
				3.467,
				1,
				1,
				4.3,
				1,
				5.133,
				1,
				5.967,
				1
			]
		},
		{
			"Target": "Parameter",
			"Id": "ParamEff29",
			"Segments": [
				0,
				1,
				1,
				0.589,
				1,
				1.178,
				1,
				1.767,
				1,
				1,
				1.8,
				1,
				1.833,
				0.6,
				1.867,
				0.6,
				1,
				1.9,
				0.6,
				1.933,
				1,
				1.967,
				1,
				1,
				2.567,
				1,
				3.167,
				1,
				3.767,
				1,
				1,
				3.8,
				1,
				3.833,
				0.6,
				3.867,
				0.6,
				1,
				3.9,
				0.6,
				3.933,
				1,
				3.967,
				1,
				1,
				4.2,
				1,
				4.433,
				1,
				4.667,
				1,
				1,
				4.7,
				1,
				4.733,
				0.6,
				4.767,
				0.6,
				1,
				4.8,
				0.6,
				4.833,
				1,
				4.867,
				1,
				1,
				5.233,
				1,
				5.6,
				1,
				5.967,
				1
			]
		},
		{
			"Target": "Parameter",
			"Id": "ParamEff30",
			"Segments": [
				0,
				1,
				1,
				0.078,
				1,
				0.156,
				1,
				0.233,
				1,
				1,
				0.267,
				1,
				0.3,
				0.5,
				0.333,
				0.5,
				1,
				0.367,
				0.5,
				0.4,
				1,
				0.433,
				1,
				1,
				0.589,
				1,
				0.744,
				1,
				0.9,
				1,
				1,
				0.933,
				1,
				0.967,
				0.5,
				1,
				0.5,
				1,
				1.033,
				0.5,
				1.067,
				1,
				1.1,
				1,
				1,
				1.7,
				1,
				2.3,
				1,
				2.9,
				1,
				1,
				2.933,
				1,
				2.967,
				0.5,
				3,
				0.5,
				1,
				3.033,
				0.5,
				3.067,
				1,
				3.1,
				1,
				1,
				3.556,
				1,
				4.011,
				0.9,
				4.467,
				0.9,
				1,
				4.967,
				0.9,
				5.467,
				0.996,
				5.967,
				1
			]
		},
		{
			"Target": "Parameter",
			"Id": "ParamEff31",
			"Segments": [
				0,
				1,
				1,
				0.556,
				1,
				1.111,
				1,
				1.667,
				1,
				1,
				1.7,
				1,
				1.733,
				0.6,
				1.767,
				0.6,
				1,
				1.8,
				0.6,
				1.833,
				1,
				1.867,
				1,
				1,
				2.378,
				1,
				2.889,
				0.9,
				3.4,
				0.9,
				1,
				3.878,
				0.9,
				4.356,
				1,
				4.833,
				1,
				1,
				4.867,
				1,
				4.9,
				0.6,
				4.933,
				0.6,
				1,
				4.967,
				0.6,
				5,
				1,
				5.033,
				1,
				1,
				5.189,
				1,
				5.344,
				1,
				5.5,
				1,
				1,
				5.533,
				1,
				5.567,
				0.6,
				5.6,
				0.6,
				1,
				5.633,
				0.6,
				5.667,
				1,
				5.7,
				1,
				0,
				5.967,
				1
			]
		},
		{
			"Target": "Parameter",
			"Id": "ParamEff32",
			"Segments": [
				0,
				1,
				1,
				0.456,
				1,
				0.911,
				1,
				1.367,
				1,
				1,
				1.4,
				1,
				1.433,
				0.5,
				1.467,
				0.5,
				1,
				1.5,
				0.5,
				1.533,
				1,
				1.567,
				1,
				1,
				1.689,
				1,
				1.811,
				1,
				1.933,
				1,
				1,
				1.967,
				1,
				2,
				0.5,
				2.033,
				0.5,
				1,
				2.067,
				0.5,
				2.1,
				1,
				2.133,
				1,
				1,
				2.711,
				1,
				3.289,
				0.9,
				3.867,
				0.9,
				1,
				4.378,
				0.9,
				4.889,
				1,
				5.4,
				1,
				1,
				5.433,
				1,
				5.467,
				0.5,
				5.5,
				0.5,
				1,
				5.533,
				0.5,
				5.567,
				1,
				5.6,
				1,
				1,
				5.722,
				1,
				5.844,
				1,
				5.967,
				1
			]
		},
		{
			"Target": "Parameter",
			"Id": "ParamEff33",
			"Segments": [
				0,
				1,
				1,
				0.222,
				1,
				0.444,
				1,
				0.667,
				1,
				1,
				0.7,
				1,
				0.733,
				0.5,
				0.767,
				0.5,
				1,
				0.8,
				0.5,
				0.833,
				1,
				0.867,
				1,
				1,
				1.367,
				1,
				1.867,
				1,
				2.367,
				1,
				1,
				2.4,
				1,
				2.433,
				0.5,
				2.467,
				0.5,
				1,
				2.5,
				0.5,
				2.533,
				1,
				2.567,
				1,
				1,
				3.111,
				1,
				3.656,
				1,
				4.2,
				1,
				1,
				4.233,
				1,
				4.267,
				0.5,
				4.3,
				0.5,
				1,
				4.333,
				0.5,
				4.367,
				1,
				4.4,
				1,
				1,
				4.922,
				1,
				5.444,
				1,
				5.967,
				1
			]
		},
		{
			"Target": "Parameter",
			"Id": "ParamPachi",
			"Segments": [
				0,
				1,
				1,
				0.989,
				1,
				1.978,
				1,
				2.967,
				1,
				1,
				3.011,
				1,
				3.056,
				0,
				3.1,
				0,
				1,
				3.122,
				0,
				3.144,
				0,
				3.167,
				0,
				1,
				3.211,
				0,
				3.256,
				1,
				3.3,
				1,
				1,
				4.189,
				1,
				5.078,
				1,
				5.967,
				1
			]
		},
		{
			"Target": "Parameter",
			"Id": "ParamLegL1",
			"Segments": [
				0,
				0,
				1,
				0.011,
				0,
				0.022,
				0.221,
				0.033,
				0.302,
				1,
				0.378,
				2.814,
				0.722,
				4,
				1.067,
				4,
				1,
				1.567,
				4,
				2.067,
				2.667,
				2.567,
				0,
				1,
				3.067,
				-2.667,
				3.567,
				-4,
				4.067,
				-4,
				1,
				4.7,
				-4,
				5.333,
				-2.853,
				5.967,
				-0.453
			]
		},
		{
			"Target": "Parameter",
			"Id": "ParamLegL2",
			"Segments": [
				0,
				0,
				1,
				0.011,
				0,
				0.022,
				0.233,
				0.033,
				0.302,
				1,
				0.433,
				2.811,
				0.833,
				4,
				1.233,
				4,
				1,
				1.733,
				4,
				2.233,
				2.667,
				2.733,
				0,
				1,
				3.233,
				-2.667,
				3.733,
				-4,
				4.233,
				-4,
				1,
				4.811,
				-4,
				5.389,
				-2.855,
				5.967,
				-0.453
			]
		},
		{
			"Target": "Parameter",
			"Id": "ParamLegR1",
			"Segments": [
				0,
				0,
				1,
				0.011,
				0,
				0.022,
				0.257,
				0.033,
				0.302,
				1,
				0.644,
				2.801,
				1.256,
				4,
				1.867,
				4,
				1,
				2.367,
				4,
				2.867,
				2.667,
				3.367,
				0,
				1,
				3.867,
				-2.667,
				4.367,
				-4,
				4.867,
				-4,
				1,
				5.233,
				-4,
				5.6,
				-2.87,
				5.967,
				-0.453
			]
		},
		{
			"Target": "Parameter",
			"Id": "ParamLegR2",
			"Segments": [
				0,
				0,
				1,
				0.011,
				0,
				0.022,
				0.261,
				0.033,
				0.302,
				1,
				0.7,
				2.799,
				1.367,
				4,
				2.033,
				4,
				1,
				2.533,
				4,
				3.033,
				2.667,
				3.533,
				0,
				1,
				4.033,
				-2.667,
				4.533,
				-4,
				5.033,
				-4,
				1,
				5.344,
				-4,
				5.656,
				-2.876,
				5.967,
				-0.453
			]
		},
		{
			"Target": "Parameter",
			"Id": "ParamEyeRL",
			"Segments": [
				0,
				0,
				1,
				0.033,
				0,
				0.067,
				6,
				0.1,
				6,
				1,
				0.122,
				6,
				0.144,
				6,
				0.167,
				6,
				1,
				0.222,
				6,
				0.278,
				-6,
				0.333,
				-6,
				1,
				0.356,
				-6,
				0.378,
				10.768,
				0.4,
				13,
				1,
				0.422,
				15.232,
				0.444,
				15,
				0.467,
				15,
				1,
				0.489,
				15,
				0.511,
				-9,
				0.533,
				-9,
				1,
				0.567,
				-9,
				0.6,
				-7.568,
				0.633,
				-4,
				1,
				0.656,
				-1.621,
				0.678,
				3.453,
				0.7,
				4,
				1,
				0.722,
				4.547,
				0.744,
				4.489,
				0.767,
				5,
				1,
				0.789,
				5.511,
				0.811,
				7,
				0.833,
				7,
				1,
				0.867,
				7,
				0.9,
				-11,
				0.933,
				-11,
				1,
				0.956,
				-11,
				0.978,
				7,
				1,
				7,
				1,
				1.022,
				7,
				1.044,
				-6,
				1.067,
				-6,
				1,
				1.078,
				-6,
				1.089,
				6,
				1.1,
				6,
				1,
				1.133,
				6,
				1.167,
				5.932,
				1.2,
				4,
				1,
				1.222,
				2.712,
				1.244,
				-9,
				1.267,
				-9,
				1,
				1.311,
				-9,
				1.356,
				0,
				1.4,
				0,
				1,
				1.411,
				0,
				1.422,
				-2,
				1.433,
				-2,
				1,
				1.456,
				-2,
				1.478,
				6,
				1.5,
				6,
				1,
				1.522,
				6,
				1.544,
				6,
				1.567,
				6,
				1,
				1.589,
				6,
				1.611,
				-4,
				1.633,
				-4,
				1,
				1.689,
				-4,
				1.744,
				6.579,
				1.8,
				13,
				1,
				1.822,
				15.568,
				1.844,
				15,
				1.867,
				15,
				1,
				1.889,
				15,
				1.911,
				-9,
				1.933,
				-9,
				1,
				1.956,
				-9,
				1.978,
				8,
				2,
				8,
				1,
				2.033,
				8,
				2.067,
				4,
				2.1,
				4,
				1,
				2.122,
				4,
				2.144,
				4.126,
				2.167,
				5,
				1,
				2.189,
				5.874,
				2.211,
				7,
				2.233,
				7,
				1,
				2.267,
				7,
				2.3,
				-11,
				2.333,
				-11,
				1,
				2.356,
				-11,
				2.378,
				7,
				2.4,
				7,
				1,
				2.422,
				7,
				2.444,
				-6,
				2.467,
				-6,
				1,
				2.5,
				-6,
				2.533,
				-5.548,
				2.567,
				-2,
				1,
				2.589,
				0.365,
				2.611,
				6,
				2.633,
				6,
				1,
				2.656,
				6,
				2.678,
				6,
				2.7,
				6,
				1,
				2.722,
				6,
				2.744,
				-2.728,
				2.767,
				-4,
				1,
				2.8,
				-5.909,
				2.833,
				-6,
				2.867,
				-6,
				1,
				2.911,
				-6,
				2.956,
				15,
				3,
				15,
				1,
				3.022,
				15,
				3.044,
				-9,
				3.067,
				-9,
				1,
				3.089,
				-9,
				3.111,
				8,
				3.133,
				8,
				1,
				3.144,
				8,
				3.156,
				-4,
				3.167,
				-4,
				1,
				3.189,
				-4,
				3.211,
				2.919,
				3.233,
				4,
				1,
				3.256,
				5.081,
				3.278,
				5,
				3.3,
				5,
				1,
				3.356,
				5,
				3.411,
				-11,
				3.467,
				-11,
				1,
				3.489,
				-11,
				3.511,
				7,
				3.533,
				7,
				1,
				3.556,
				7,
				3.578,
				-6,
				3.6,
				-6,
				1,
				3.611,
				-6,
				3.622,
				6,
				3.633,
				6,
				1,
				3.667,
				6,
				3.7,
				4,
				3.733,
				4,
				1,
				3.767,
				4,
				3.8,
				8,
				3.833,
				8,
				1,
				3.867,
				8,
				3.9,
				-4,
				3.933,
				-4,
				1,
				3.978,
				-4,
				4.022,
				7.873,
				4.067,
				13,
				1,
				4.089,
				15.563,
				4.111,
				15,
				4.133,
				15,
				1,
				4.156,
				15,
				4.178,
				-9,
				4.2,
				-9,
				1,
				4.222,
				-9,
				4.244,
				8,
				4.267,
				8,
				1,
				4.3,
				8,
				4.333,
				4,
				4.367,
				4,
				1,
				4.389,
				4,
				4.411,
				4.126,
				4.433,
				5,
				1,
				4.456,
				5.874,
				4.478,
				7,
				4.5,
				7,
				1,
				4.533,
				7,
				4.567,
				-11,
				4.6,
				-11,
				1,
				4.622,
				-11,
				4.644,
				7,
				4.667,
				7,
				1,
				4.689,
				7,
				4.711,
				-6,
				4.733,
				-6,
				1,
				4.767,
				-6,
				4.8,
				-5.548,
				4.833,
				-2,
				1,
				4.856,
				0.365,
				4.878,
				6,
				4.9,
				6,
				1,
				4.922,
				6,
				4.944,
				6,
				4.967,
				6,
				1,
				4.989,
				6,
				5.011,
				-2.728,
				5.033,
				-4,
				1,
				5.067,
				-5.909,
				5.1,
				-6,
				5.133,
				-6,
				1,
				5.178,
				-6,
				5.222,
				15,
				5.267,
				15,
				1,
				5.289,
				15,
				5.311,
				-9,
				5.333,
				-9,
				1,
				5.356,
				-9,
				5.378,
				8,
				5.4,
				8,
				1,
				5.411,
				8,
				5.422,
				-4,
				5.433,
				-4,
				1,
				5.456,
				-4,
				5.478,
				2.919,
				5.5,
				4,
				1,
				5.522,
				5.081,
				5.544,
				5,
				5.567,
				5,
				1,
				5.622,
				5,
				5.678,
				-11,
				5.733,
				-11,
				1,
				5.756,
				-11,
				5.778,
				7,
				5.8,
				7,
				1,
				5.822,
				7,
				5.844,
				-6,
				5.867,
				-6,
				1,
				5.878,
				-6,
				5.889,
				6,
				5.9,
				6,
				1,
				5.922,
				6,
				5.944,
				5.111,
				5.967,
				4.519
			]
		},
		{
			"Target": "Parameter",
			"Id": "ParamEyeUD",
			"Segments": [
				0,
				0,
				1,
				0.033,
				0,
				0.067,
				4,
				0.1,
				4,
				1,
				0.122,
				4,
				0.144,
				-14.649,
				0.167,
				-15,
				1,
				0.222,
				-15.877,
				0.278,
				-16,
				0.333,
				-16,
				1,
				0.356,
				-16,
				0.378,
				-16.239,
				0.4,
				-14,
				1,
				0.422,
				-11.761,
				0.444,
				6,
				0.467,
				6,
				1,
				0.489,
				6,
				0.511,
				2,
				0.533,
				2,
				1,
				0.567,
				2,
				0.6,
				10,
				0.633,
				10,
				1,
				0.656,
				10,
				0.678,
				-2,
				0.7,
				-2,
				1,
				0.722,
				-2,
				0.744,
				-1.933,
				0.767,
				0,
				1,
				0.789,
				1.933,
				0.811,
				6,
				0.833,
				6,
				1,
				0.867,
				6,
				0.9,
				6,
				0.933,
				6,
				1,
				0.956,
				6,
				0.978,
				10,
				1,
				10,
				1,
				1.022,
				10,
				1.044,
				-10,
				1.067,
				-10,
				1,
				1.078,
				-10,
				1.089,
				5,
				1.1,
				5,
				1,
				1.133,
				5,
				1.167,
				-11,
				1.2,
				-11,
				1,
				1.222,
				-11,
				1.244,
				2,
				1.267,
				2,
				1,
				1.311,
				2,
				1.356,
				1.576,
				1.4,
				0,
				1,
				1.411,
				-0.394,
				1.422,
				-8,
				1.433,
				-8,
				1,
				1.456,
				-8,
				1.478,
				4,
				1.5,
				4,
				1,
				1.522,
				4,
				1.544,
				-15,
				1.567,
				-15,
				1,
				1.589,
				-15,
				1.611,
				6,
				1.633,
				6,
				1,
				1.689,
				6,
				1.744,
				-14,
				1.8,
				-14,
				1,
				1.822,
				-14,
				1.844,
				6,
				1.867,
				6,
				1,
				1.889,
				6,
				1.911,
				4.667,
				1.933,
				2,
				1,
				1.956,
				-0.667,
				1.978,
				-2,
				2,
				-2,
				1,
				2.033,
				-2,
				2.067,
				-2,
				2.1,
				-2,
				1,
				2.122,
				-2,
				2.144,
				-1.933,
				2.167,
				0,
				1,
				2.189,
				1.933,
				2.211,
				6,
				2.233,
				6,
				1,
				2.267,
				6,
				2.3,
				6,
				2.333,
				6,
				1,
				2.356,
				6,
				2.378,
				10,
				2.4,
				10,
				1,
				2.422,
				10,
				2.444,
				-10,
				2.467,
				-10,
				1,
				2.5,
				-10,
				2.533,
				-9.926,
				2.567,
				-8,
				1,
				2.589,
				-6.716,
				2.611,
				4,
				2.633,
				4,
				1,
				2.656,
				4,
				2.678,
				-15,
				2.7,
				-15,
				1,
				2.722,
				-15,
				2.744,
				6,
				2.767,
				6,
				1,
				2.8,
				6,
				2.833,
				-16,
				2.867,
				-16,
				1,
				2.911,
				-16,
				2.956,
				6,
				3,
				6,
				1,
				3.022,
				6,
				3.044,
				4.667,
				3.067,
				2,
				1,
				3.089,
				-0.667,
				3.111,
				-2,
				3.133,
				-2,
				1,
				3.144,
				-2,
				3.156,
				10,
				3.167,
				10,
				1,
				3.189,
				10,
				3.211,
				-2,
				3.233,
				-2,
				1,
				3.256,
				-2,
				3.278,
				-0.897,
				3.3,
				0,
				1,
				3.356,
				2.242,
				3.411,
				3.568,
				3.467,
				6,
				1,
				3.489,
				6.973,
				3.511,
				10,
				3.533,
				10,
				1,
				3.556,
				10,
				3.578,
				-10,
				3.6,
				-10,
				1,
				3.611,
				-10,
				3.622,
				5,
				3.633,
				5,
				1,
				3.667,
				5,
				3.7,
				-11,
				3.733,
				-11,
				1,
				3.767,
				-11,
				3.8,
				-11.218,
				3.833,
				-8,
				1,
				3.867,
				-4.782,
				3.9,
				10,
				3.933,
				10,
				1,
				3.978,
				10,
				4.022,
				-14,
				4.067,
				-14,
				1,
				4.089,
				-14,
				4.111,
				6,
				4.133,
				6,
				1,
				4.156,
				6,
				4.178,
				4.667,
				4.2,
				2,
				1,
				4.222,
				-0.667,
				4.244,
				-2,
				4.267,
				-2,
				1,
				4.3,
				-2,
				4.333,
				-2,
				4.367,
				-2,
				1,
				4.389,
				-2,
				4.411,
				-1.933,
				4.433,
				0,
				1,
				4.456,
				1.933,
				4.478,
				6,
				4.5,
				6,
				1,
				4.533,
				6,
				4.567,
				6,
				4.6,
				6,
				1,
				4.622,
				6,
				4.644,
				10,
				4.667,
				10,
				1,
				4.689,
				10,
				4.711,
				-10,
				4.733,
				-10,
				1,
				4.767,
				-10,
				4.8,
				-9.926,
				4.833,
				-8,
				1,
				4.856,
				-6.716,
				4.878,
				4,
				4.9,
				4,
				1,
				4.922,
				4,
				4.944,
				-15,
				4.967,
				-15,
				1,
				4.989,
				-15,
				5.011,
				6,
				5.033,
				6,
				1,
				5.067,
				6,
				5.1,
				-16,
				5.133,
				-16,
				1,
				5.178,
				-16,
				5.222,
				6,
				5.267,
				6,
				1,
				5.289,
				6,
				5.311,
				4.667,
				5.333,
				2,
				1,
				5.356,
				-0.667,
				5.378,
				-2,
				5.4,
				-2,
				1,
				5.411,
				-2,
				5.422,
				10,
				5.433,
				10,
				1,
				5.456,
				10,
				5.478,
				-2,
				5.5,
				-2,
				1,
				5.522,
				-2,
				5.544,
				-0.897,
				5.567,
				0,
				1,
				5.622,
				2.242,
				5.678,
				3.568,
				5.733,
				6,
				1,
				5.756,
				6.973,
				5.778,
				10,
				5.8,
				10,
				1,
				5.822,
				10,
				5.844,
				-10,
				5.867,
				-10,
				1,
				5.878,
				-10,
				5.889,
				5,
				5.9,
				5,
				1,
				5.922,
				5,
				5.944,
				-2.111,
				5.967,
				-6.852
			]
		},
		{
			"Target": "Parameter",
			"Id": "ParamEyeBS",
			"Segments": [
				0,
				0,
				1,
				0.033,
				0,
				0.067,
				7,
				0.1,
				7,
				1,
				0.122,
				7,
				0.144,
				-19,
				0.167,
				-19,
				1,
				0.211,
				-19,
				0.256,
				18,
				0.3,
				18,
				1,
				0.322,
				18,
				0.344,
				-14,
				0.367,
				-14,
				1,
				0.389,
				-14,
				0.411,
				-8,
				0.433,
				4,
				1,
				0.456,
				16,
				0.478,
				22,
				0.5,
				22,
				1,
				0.556,
				22,
				0.611,
				21.173,
				0.667,
				16,
				1,
				0.689,
				13.931,
				0.711,
				-8,
				0.733,
				-8,
				1,
				0.756,
				-8,
				0.778,
				-8.268,
				0.8,
				-6,
				1,
				0.822,
				-3.732,
				0.844,
				19,
				0.867,
				19,
				1,
				0.889,
				19,
				0.911,
				-19,
				0.933,
				-19,
				1,
				0.967,
				-19,
				1,
				12,
				1.033,
				12,
				1,
				1.089,
				12,
				1.144,
				12,
				1.2,
				12,
				1,
				1.222,
				12,
				1.244,
				-6,
				1.267,
				-6,
				1,
				1.289,
				-6,
				1.311,
				0,
				1.333,
				0,
				1,
				1.344,
				0,
				1.356,
				-21,
				1.367,
				-21,
				1,
				1.389,
				-21,
				1.411,
				7,
				1.433,
				7,
				1,
				1.456,
				7,
				1.478,
				-19,
				1.5,
				-19,
				1,
				1.522,
				-19,
				1.544,
				13.697,
				1.567,
				16,
				1,
				1.589,
				18.303,
				1.611,
				18,
				1.633,
				18,
				1,
				1.678,
				18,
				1.722,
				4,
				1.767,
				4,
				1,
				1.789,
				4,
				1.811,
				22,
				1.833,
				22,
				1,
				1.856,
				22,
				1.878,
				-18,
				1.9,
				-18,
				1,
				1.911,
				-18,
				1.922,
				-13.543,
				1.933,
				-6,
				1,
				1.956,
				9.085,
				1.978,
				16,
				2,
				16,
				1,
				2.022,
				16,
				2.044,
				-8,
				2.067,
				-8,
				1,
				2.089,
				-8,
				2.111,
				-8.268,
				2.133,
				-6,
				1,
				2.156,
				-3.732,
				2.178,
				19,
				2.2,
				19,
				1,
				2.222,
				19,
				2.244,
				-19,
				2.267,
				-19,
				1,
				2.3,
				-19,
				2.333,
				12,
				2.367,
				12,
				1,
				2.4,
				12,
				2.433,
				-0.285,
				2.467,
				-10,
				1,
				2.5,
				-19.715,
				2.533,
				-21,
				2.567,
				-21,
				1,
				2.589,
				-21,
				2.611,
				7,
				2.633,
				7,
				1,
				2.656,
				7,
				2.678,
				-19,
				2.7,
				-19,
				1,
				2.722,
				-19,
				2.744,
				13.697,
				2.767,
				16,
				1,
				2.789,
				18.303,
				2.811,
				18,
				2.833,
				18,
				1,
				2.856,
				18,
				2.878,
				-14,
				2.9,
				-14,
				1,
				2.922,
				-14,
				2.944,
				-8,
				2.967,
				4,
				1,
				2.989,
				16,
				3.011,
				22,
				3.033,
				22,
				1,
				3.056,
				22,
				3.078,
				-18,
				3.1,
				-18,
				1,
				3.111,
				-18,
				3.122,
				-13.543,
				3.133,
				-6,
				1,
				3.156,
				9.085,
				3.178,
				16,
				3.2,
				16,
				1,
				3.222,
				16,
				3.244,
				-8,
				3.267,
				-8,
				1,
				3.289,
				-8,
				3.311,
				-6,
				3.333,
				-6,
				1,
				3.378,
				-6,
				3.422,
				-19,
				3.467,
				-19,
				1,
				3.5,
				-19,
				3.533,
				12,
				3.567,
				12,
				1,
				3.6,
				12,
				3.633,
				-10,
				3.667,
				-10,
				1,
				3.689,
				-10,
				3.711,
				12,
				3.733,
				12,
				1,
				3.756,
				12,
				3.778,
				-6,
				3.8,
				-6,
				1,
				3.822,
				-6,
				3.844,
				11,
				3.867,
				11,
				1,
				3.922,
				11,
				3.978,
				4,
				4.033,
				4,
				1,
				4.056,
				4,
				4.078,
				22,
				4.1,
				22,
				1,
				4.122,
				22,
				4.144,
				-18,
				4.167,
				-18,
				1,
				4.178,
				-18,
				4.189,
				-13.543,
				4.2,
				-6,
				1,
				4.222,
				9.085,
				4.244,
				16,
				4.267,
				16,
				1,
				4.289,
				16,
				4.311,
				-8,
				4.333,
				-8,
				1,
				4.356,
				-8,
				4.378,
				-8.268,
				4.4,
				-6,
				1,
				4.422,
				-3.732,
				4.444,
				19,
				4.467,
				19,
				1,
				4.489,
				19,
				4.511,
				-19,
				4.533,
				-19,
				1,
				4.567,
				-19,
				4.6,
				12,
				4.633,
				12,
				1,
				4.667,
				12,
				4.7,
				-0.285,
				4.733,
				-10,
				1,
				4.767,
				-19.715,
				4.8,
				-21,
				4.833,
				-21,
				1,
				4.856,
				-21,
				4.878,
				7,
				4.9,
				7,
				1,
				4.922,
				7,
				4.944,
				-19,
				4.967,
				-19,
				1,
				4.989,
				-19,
				5.011,
				13.697,
				5.033,
				16,
				1,
				5.056,
				18.303,
				5.078,
				18,
				5.1,
				18,
				1,
				5.122,
				18,
				5.144,
				-14,
				5.167,
				-14,
				1,
				5.189,
				-14,
				5.211,
				-8,
				5.233,
				4,
				1,
				5.256,
				16,
				5.278,
				22,
				5.3,
				22,
				1,
				5.322,
				22,
				5.344,
				-18,
				5.367,
				-18,
				1,
				5.378,
				-18,
				5.389,
				-13.543,
				5.4,
				-6,
				1,
				5.422,
				9.085,
				5.444,
				16,
				5.467,
				16,
				1,
				5.489,
				16,
				5.511,
				-8,
				5.533,
				-8,
				1,
				5.556,
				-8,
				5.578,
				-6,
				5.6,
				-6,
				1,
				5.644,
				-6,
				5.689,
				-19,
				5.733,
				-19,
				1,
				5.767,
				-19,
				5.8,
				12,
				5.833,
				12,
				1,
				5.867,
				12,
				5.9,
				-10,
				5.933,
				-10,
				1,
				5.944,
				-10,
				5.956,
				-4.5,
				5.967,
				1
			]
		},
		{
			"Target": "Parameter",
			"Id": "ParamPaiRX",
			"Segments": [
				0,
				-6,
				1,
				0.533,
				-6,
				1.067,
				-4.667,
				1.6,
				0,
				1,
				2.1,
				4.376,
				2.6,
				8,
				3.1,
				8,
				1,
				3.6,
				8,
				4.1,
				4.769,
				4.6,
				0,
				1,
				5.056,
				-4.345,
				5.511,
				-5.925,
				5.967,
				-5.997
			]
		},
		{
			"Target": "Parameter",
			"Id": "ParamPaiRY",
			"Segments": [
				0,
				-1,
				1,
				0.011,
				-1,
				0.022,
				-0.616,
				0.033,
				-0.438,
				1,
				0.556,
				7.941,
				1.078,
				12,
				1.6,
				12,
				1,
				2.1,
				12,
				2.6,
				4.668,
				3.1,
				-4,
				1,
				3.6,
				-12.668,
				4.1,
				-15,
				4.6,
				-15,
				1,
				5.056,
				-15,
				5.511,
				-10.663,
				5.967,
				-1.679
			]
		},
		{
			"Target": "Parameter",
			"Id": "ParamPaiRX2",
			"Segments": [
				0,
				-5,
				1,
				0.467,
				-5,
				0.933,
				-3.215,
				1.4,
				0,
				1,
				1.9,
				3.444,
				2.4,
				5,
				2.9,
				5,
				1,
				3.4,
				5,
				3.9,
				3.222,
				4.4,
				0,
				1,
				4.922,
				-3.366,
				5.444,
				-4.934,
				5.967,
				-4.998
			]
		},
		{
			"Target": "Parameter",
			"Id": "ParamPaiRY2",
			"Segments": [
				0,
				0,
				1,
				0.011,
				0,
				0.022,
				0.546,
				0.033,
				0.7,
				1,
				0.489,
				6.994,
				0.944,
				10,
				1.4,
				10,
				1,
				1.9,
				10,
				2.4,
				8.077,
				2.9,
				1,
				1,
				3.4,
				-6.077,
				3.9,
				-12,
				4.4,
				-12,
				1,
				4.922,
				-12,
				5.444,
				-8.195,
				5.967,
				-0.402
			]
		},
		{
			"Target": "Parameter",
			"Id": "ParamPaiLX",
			"Segments": [
				0,
				7,
				1,
				0.533,
				7,
				1.067,
				5.366,
				1.6,
				0,
				1,
				2.1,
				-5.031,
				2.6,
				-9,
				3.1,
				-9,
				1,
				3.6,
				-9,
				4.1,
				-5.47,
				4.6,
				0,
				1,
				5.056,
				4.984,
				5.511,
				6.908,
				5.967,
				6.997
			]
		},
		{
			"Target": "Parameter",
			"Id": "ParamPaiLY",
			"Segments": [
				0,
				-4,
				1,
				0.011,
				-4,
				0.022,
				-3.482,
				0.033,
				-3.291,
				1,
				0.556,
				5.673,
				1.078,
				10,
				1.6,
				10,
				1,
				2.1,
				10,
				2.6,
				8.47,
				3.1,
				1,
				1,
				3.6,
				-6.47,
				4.1,
				-14,
				4.6,
				-14,
				1,
				5.056,
				-14,
				5.511,
				-10.927,
				5.967,
				-4.535
			]
		},
		{
			"Target": "Parameter",
			"Id": "ParamPaiLX2",
			"Segments": [
				0,
				7,
				1,
				0.467,
				7,
				0.933,
				3.704,
				1.4,
				0,
				1,
				1.9,
				-3.969,
				2.4,
				-5,
				2.9,
				-5,
				1,
				3.4,
				-5,
				3.9,
				-4.507,
				4.4,
				-1,
				1,
				4.922,
				2.663,
				5.444,
				6.823,
				5.967,
				6.994
			]
		},
		{
			"Target": "Parameter",
			"Id": "ParamPaiLY2",
			"Segments": [
				0,
				1,
				1,
				0.011,
				1,
				0.022,
				1.577,
				0.033,
				1.746,
				1,
				0.489,
				8.683,
				0.944,
				12,
				1.4,
				12,
				1,
				1.9,
				12,
				2.4,
				6.941,
				2.9,
				-1,
				1,
				3.4,
				-8.941,
				3.9,
				-12,
				4.4,
				-12,
				1,
				4.922,
				-12,
				5.444,
				-7.967,
				5.967,
				0.38
			]
		},
		{
			"Target": "Parameter",
			"Id": "ParamBreat",
			"Segments": [
				0,
				0.5,
				1,
				0.011,
				0.5,
				0.022,
				0.535,
				0.033,
				0.542,
				1,
				0.522,
				0.853,
				1.011,
				1,
				1.5,
				1,
				1,
				2,
				1,
				2.5,
				0.815,
				3,
				0.5,
				1,
				3.556,
				0.15,
				4.111,
				0,
				4.667,
				0,
				1,
				5.1,
				0,
				5.533,
				0.148,
				5.967,
				0.46
			]
		},
		{
			"Target": "Parameter",
			"Id": "ParamitiX",
			"Segments": [
				0,
				0,
				1,
				0.011,
				0,
				0.022,
				0.026,
				0.033,
				0.189,
				1,
				0.522,
				7.348,
				1.011,
				11,
				1.5,
				11,
				1,
				2,
				11,
				2.5,
				4.563,
				3,
				0,
				1,
				3.5,
				-4.563,
				4,
				-5,
				4.5,
				-5,
				1,
				4.989,
				-5,
				5.478,
				-3.381,
				5.967,
				-0.123
			]
		},
		{
			"Target": "Parameter",
			"Id": "ParamitiY",
			"Segments": [
				0,
				0,
				1,
				0.011,
				0,
				0.022,
				0.048,
				0.033,
				0.373,
				1,
				0.522,
				14.686,
				1.011,
				22,
				1.5,
				22,
				1,
				2,
				22,
				2.5,
				9.054,
				3,
				0,
				1,
				3.5,
				-9.054,
				4,
				-10,
				4.5,
				-10,
				1,
				4.989,
				-10,
				5.478,
				-6.701,
				5.967,
				-0.187
			]
		},
		{
			"Target": "Parameter",
			"Id": "ParamArmL1",
			"Segments": [
				0,
				0,
				1,
				0.011,
				0,
				0.022,
				-0.176,
				0.033,
				-0.189,
				1,
				0.522,
				-0.741,
				1.011,
				-1,
				1.5,
				-1,
				1,
				2,
				-1,
				2.5,
				-0.667,
				3,
				0,
				1,
				3.5,
				0.667,
				4,
				1,
				4.5,
				1,
				1,
				4.989,
				1,
				5.478,
				0.76,
				5.967,
				0.247
			]
		},
		{
			"Target": "Parameter",
			"Id": "ParamArmL2",
			"Segments": [
				0,
				1.3,
				1,
				0.011,
				1.3,
				0.022,
				1.082,
				0.033,
				1,
				1,
				0.144,
				0.179,
				0.256,
				-1.072,
				0.367,
				-1.33,
				1,
				0.911,
				-2.594,
				1.456,
				-3,
				2,
				-3,
				1,
				2.5,
				-3,
				3,
				-1.6,
				3.5,
				0,
				1,
				4,
				1.6,
				4.5,
				2,
				5,
				2,
				1,
				5.322,
				2,
				5.644,
				1.922,
				5.967,
				1.36
			]
		},
		{
			"Target": "Parameter",
			"Id": "ParamArmL3",
			"Segments": [
				0,
				4.44,
				1,
				0.011,
				4.44,
				0.022,
				4.264,
				0.033,
				4.195,
				1,
				0.322,
				2.412,
				0.611,
				0.737,
				0.9,
				-1.038,
				1,
				1.433,
				-4.315,
				1.967,
				-6,
				2.5,
				-6,
				1,
				3,
				-6,
				3.5,
				-4,
				4,
				0,
				1,
				4.5,
				4,
				5,
				6,
				5.5,
				6,
				1,
				5.656,
				6,
				5.811,
				5.77,
				5.967,
				4.686
			]
		},
		{
			"Target": "Parameter",
			"Id": "ParamArmL4",
			"Segments": [
				0,
				0,
				1,
				0.011,
				0,
				0.022,
				-0.865,
				0.033,
				-1.304,
				1,
				0.522,
				-20.63,
				1.011,
				-30,
				1.5,
				-30,
				1,
				2,
				-30,
				2.5,
				-20,
				3,
				0,
				1,
				3.5,
				20,
				4,
				30,
				4.5,
				30,
				1,
				4.989,
				30,
				5.478,
				20.541,
				5.967,
				1.124
			]
		},
		{
			"Target": "Parameter",
			"Id": "ParamArmR1",
			"Segments": [
				0,
				0,
				1,
				0.011,
				0,
				0.022,
				-0.174,
				0.033,
				-0.247,
				1,
				0.522,
				-3.455,
				1.011,
				-5,
				1.5,
				-5,
				1,
				2,
				-5,
				2.5,
				-3.636,
				3,
				0,
				1,
				3.5,
				3.636,
				4,
				6,
				4.5,
				6,
				1,
				4.989,
				6,
				5.478,
				4.123,
				5.967,
				0.249
			]
		},
		{
			"Target": "Parameter",
			"Id": "ParamArmR2",
			"Segments": [
				0,
				1.3,
				1,
				0.011,
				1.3,
				0.022,
				1.184,
				0.033,
				1.116,
				1,
				0.144,
				0.436,
				0.256,
				-0.259,
				0.367,
				-0.838,
				1,
				0.911,
				-3.675,
				1.456,
				-5,
				2,
				-5,
				1,
				2.5,
				-5,
				3,
				-3.333,
				3.5,
				0,
				1,
				4,
				3.333,
				4.5,
				5,
				5,
				5,
				1,
				5.322,
				5,
				5.644,
				3.562,
				5.967,
				1.514
			]
		},
		{
			"Target": "Parameter",
			"Id": "ParamUchiwa",
			"Segments": [
				0,
				2.96,
				1,
				0.011,
				2.96,
				0.022,
				2.788,
				0.033,
				2.717,
				1,
				0.244,
				1.36,
				0.456,
				-0.291,
				0.667,
				-1.241,
				1,
				1.278,
				-3.989,
				1.889,
				-5,
				2.5,
				-5,
				1,
				3,
				-5,
				3.5,
				-2.963,
				4,
				0,
				1,
				4.5,
				2.963,
				5,
				4,
				5.5,
				4,
				1,
				5.656,
				4,
				5.811,
				3.847,
				5.967,
				3.124
			]
		},
		{
			"Target": "Parameter",
			"Id": "ParamHeadFX",
			"Segments": [
				0,
				0,
				1,
				0.011,
				0,
				0.022,
				-0.047,
				0.033,
				-0.195,
				1,
				0.522,
				-6.711,
				1.011,
				-10,
				1.5,
				-10,
				1,
				2,
				-10,
				2.5,
				-5.923,
				3,
				0,
				1,
				3.5,
				5.923,
				4,
				8,
				4.5,
				8,
				1,
				4.989,
				8,
				5.478,
				5.567,
				5.967,
				0.492
			]
		},
		{
			"Target": "Parameter",
			"Id": "ParamHeadFY",
			"Segments": [
				0,
				0,
				1,
				0.011,
				0,
				0.022,
				-0.167,
				0.033,
				-0.448,
				1,
				0.522,
				-12.832,
				1.011,
				-19,
				1.5,
				-19,
				1,
				2,
				-19,
				2.5,
				-9.232,
				3,
				0,
				1,
				3.5,
				9.232,
				4,
				11,
				4.5,
				11,
				1,
				4.989,
				11,
				5.478,
				7.514,
				5.967,
				0.376
			]
		},
		{
			"Target": "Parameter",
			"Id": "ParamHairBackX",
			"Segments": [
				0,
				0,
				1,
				0.011,
				0,
				0.022,
				-0.39,
				0.033,
				-0.49,
				1,
				0.522,
				-4.895,
				1.011,
				-7,
				1.5,
				-7,
				1,
				2,
				-7,
				2.5,
				-3.39,
				3,
				0,
				1,
				3.5,
				3.39,
				4,
				4,
				4.5,
				4,
				1,
				4.989,
				4,
				5.478,
				2.808,
				5.967,
				0.306
			]
		},
		{
			"Target": "Parameter",
			"Id": "ParamHairBackY",
			"Segments": [
				0,
				0,
				1,
				0.011,
				0,
				0.022,
				0.22,
				0.033,
				0.442,
				1,
				0.522,
				10.2,
				1.011,
				15,
				1.5,
				15,
				1,
				2,
				15,
				2.5,
				2.33,
				3,
				0,
				1,
				3.5,
				-2.33,
				4,
				-2,
				4.5,
				-2,
				1,
				4.989,
				-2,
				5.478,
				-1.415,
				5.967,
				-0.183
			]
		},
		{
			"Target": "Parameter",
			"Id": "Param6",
			"Segments": [
				0,
				0,
				1,
				0.5,
				0,
				1,
				-2,
				1.5,
				-2,
				1,
				2,
				-2,
				2.5,
				-1.333,
				3,
				0,
				1,
				3.5,
				1.333,
				4,
				2,
				4.5,
				2,
				1,
				4.989,
				2,
				5.478,
				0.088,
				5.967,
				0.003
			]
		},
		{
			"Target": "Parameter",
			"Id": "Param_Angle_Rotation13",
			"Segments": [
				0,
				0,
				1,
				0.011,
				0,
				0.022,
				-0.11,
				0.033,
				-0.154,
				1,
				0.522,
				-2.076,
				1.011,
				-3,
				1.5,
				-3,
				1,
				2,
				-3,
				2.5,
				-2,
				3,
				0,
				1,
				3.5,
				2,
				4,
				3,
				4.5,
				3,
				1,
				4.989,
				3,
				5.478,
				2.101,
				5.967,
				0.214
			]
		},
		{
			"Target": "Parameter",
			"Id": "Param_Angle_Rotation14",
			"Segments": [
				0,
				0.78,
				1,
				0.011,
				0.78,
				0.022,
				0.731,
				0.033,
				0.688,
				1,
				0.133,
				0.297,
				0.233,
				-0.132,
				0.333,
				-0.448,
				1,
				0.889,
				-2.2,
				1.444,
				-3,
				2,
				-3,
				1,
				2.5,
				-3,
				3,
				-2,
				3.5,
				0,
				1,
				4,
				2,
				4.5,
				3,
				5,
				3,
				1,
				5.322,
				3,
				5.644,
				2.137,
				5.967,
				0.908
			]
		},
		{
			"Target": "Parameter",
			"Id": "Param_Angle_Rotation15",
			"Segments": [
				0,
				2.96,
				1,
				0.011,
				2.96,
				0.022,
				2.844,
				0.033,
				2.805,
				1,
				0.333,
				1.745,
				0.633,
				0.729,
				0.933,
				-0.305,
				1,
				1.456,
				-2.104,
				1.978,
				-3,
				2.5,
				-3,
				1,
				3,
				-3,
				3.5,
				-2.285,
				4,
				0,
				1,
				4.5,
				2.285,
				5,
				4,
				5.5,
				4,
				1,
				5.656,
				4,
				5.811,
				3.847,
				5.967,
				3.124
			]
		},
		{
			"Target": "Parameter",
			"Id": "Param_Angle_Rotation17",
			"Segments": [
				0,
				0,
				1,
				0.011,
				0,
				0.022,
				-0.141,
				0.033,
				-0.184,
				1,
				0.522,
				-2.089,
				1.011,
				-3,
				1.5,
				-3,
				1,
				2,
				-3,
				2.5,
				-2,
				3,
				0,
				1,
				3.5,
				2,
				4,
				3,
				4.5,
				3,
				1,
				4.989,
				3,
				5.478,
				2.076,
				5.967,
				0.154
			]
		},
		{
			"Target": "Parameter",
			"Id": "Param_Angle_Rotation18",
			"Segments": [
				0,
				0.78,
				1,
				0.011,
				0.78,
				0.022,
				0.702,
				0.033,
				0.658,
				1,
				0.156,
				0.174,
				0.278,
				-0.372,
				0.4,
				-0.736,
				1,
				0.933,
				-2.321,
				1.467,
				-3,
				2,
				-3,
				1,
				2.5,
				-3,
				3,
				-2,
				3.5,
				0,
				1,
				4,
				2,
				4.5,
				3,
				5,
				3,
				1,
				5.322,
				3,
				5.644,
				2.137,
				5.967,
				0.908
			]
		},
		{
			"Target": "Parameter",
			"Id": "Param_Angle_Rotation19",
			"Segments": [
				0,
				2.22,
				1,
				0.011,
				2.22,
				0.022,
				2.134,
				0.033,
				2.097,
				1,
				0.311,
				1.16,
				0.589,
				0.179,
				0.867,
				-0.655,
				1,
				1.411,
				-2.291,
				1.956,
				-3,
				2.5,
				-3,
				1,
				3,
				-3,
				3.5,
				-2,
				4,
				0,
				1,
				4.5,
				2,
				5,
				3,
				5.5,
				3,
				1,
				5.656,
				3,
				5.811,
				2.885,
				5.967,
				2.343
			]
		},
		{
			"Target": "Parameter",
			"Id": "Param_Angle_Rotation21",
			"Segments": [
				0,
				0,
				1,
				0.011,
				0,
				0.022,
				-0.08,
				0.033,
				-0.124,
				1,
				0.522,
				-2.062,
				1.011,
				-3,
				1.5,
				-3,
				1,
				2,
				-3,
				2.5,
				-2,
				3,
				0,
				1,
				3.5,
				2,
				4,
				3,
				4.5,
				3,
				1,
				4.989,
				3,
				5.478,
				2.062,
				5.967,
				0.124
			]
		},
		{
			"Target": "Parameter",
			"Id": "Param_Angle_Rotation22",
			"Segments": [
				0,
				0.78,
				1,
				0.011,
				0.78,
				0.022,
				0.724,
				0.033,
				0.688,
				1,
				0.167,
				0.26,
				0.3,
				-0.136,
				0.433,
				-0.552,
				1,
				0.956,
				-2.181,
				1.478,
				-3,
				2,
				-3,
				1,
				2.5,
				-3,
				3,
				-2,
				3.5,
				0,
				1,
				4,
				2,
				4.5,
				3,
				5,
				3,
				1,
				5.322,
				3,
				5.644,
				2.137,
				5.967,
				0.908
			]
		},
		{
			"Target": "Parameter",
			"Id": "Param_Angle_Rotation23",
			"Segments": [
				0,
				2.22,
				1,
				0.011,
				2.22,
				0.022,
				2.133,
				0.033,
				2.097,
				1,
				0.322,
				1.164,
				0.611,
				0.228,
				0.9,
				-0.644,
				1,
				1.433,
				-2.253,
				1.967,
				-3,
				2.5,
				-3,
				1,
				3,
				-3,
				3.5,
				-2,
				4,
				0,
				1,
				4.5,
				2,
				5,
				3,
				5.5,
				3,
				1,
				5.656,
				3,
				5.811,
				2.885,
				5.967,
				2.343
			]
		},
		{
			"Target": "Parameter",
			"Id": "Param_Angle_Rotation25",
			"Segments": [
				0,
				-0.07,
				1,
				0.011,
				-0.07,
				0.022,
				0.023,
				0.033,
				0.05,
				1,
				0.578,
				1.368,
				1.122,
				2,
				1.667,
				2,
				1,
				2.167,
				2,
				2.667,
				1.333,
				3.167,
				0,
				1,
				3.667,
				-1.333,
				4.167,
				-2,
				4.667,
				-2,
				1,
				5.1,
				-2,
				5.533,
				-1.127,
				5.967,
				-0.146
			]
		},
		{
			"Target": "Parameter",
			"Id": "Param_Angle_Rotation26",
			"Segments": [
				0,
				-1.25,
				1,
				0.011,
				-1.25,
				0.022,
				-1.215,
				0.033,
				-1.186,
				1,
				0.211,
				-0.718,
				0.389,
				-0.223,
				0.567,
				0.192,
				1,
				1.1,
				1.436,
				1.633,
				2,
				2.167,
				2,
				1,
				2.667,
				2,
				3.167,
				1.6,
				3.667,
				0,
				1,
				4.167,
				-1.6,
				4.667,
				-3,
				5.167,
				-3,
				1,
				5.433,
				-3,
				5.7,
				-2.408,
				5.967,
				-1.381
			]
		},
		{
			"Target": "Parameter",
			"Id": "Param_Angle_Rotation27",
			"Segments": [
				0,
				-1.75,
				1,
				0.011,
				-1.75,
				0.022,
				-1.711,
				0.033,
				-1.688,
				1,
				0.344,
				-1.048,
				0.656,
				-0.448,
				0.967,
				0.2,
				1,
				1.533,
				1.381,
				2.1,
				2,
				2.667,
				2,
				1,
				3.167,
				2,
				3.667,
				1.333,
				4.167,
				0,
				1,
				4.667,
				-1.333,
				5.167,
				-2,
				5.667,
				-2,
				1,
				5.767,
				-2,
				5.867,
				-2.018,
				5.967,
				-1.823
			]
		},
		{
			"Target": "Parameter",
			"Id": "Param_Angle_Rotation28",
			"Segments": [
				0,
				-1.98,
				1,
				0.556,
				-1.98,
				1.111,
				-1.392,
				1.667,
				0,
				1,
				2.167,
				1.253,
				2.667,
				2,
				3.167,
				2,
				1,
				3.667,
				2,
				4.167,
				1.401,
				4.667,
				0,
				1,
				5.1,
				-1.214,
				5.533,
				-1.943,
				5.967,
				-1.979
			]
		},
		{
			"Target": "Parameter",
			"Id": "Param_Angle_Rotation29",
			"Segments": [
				0,
				-1.61,
				1,
				0.011,
				-1.61,
				0.022,
				-1.661,
				0.033,
				-1.673,
				1,
				0.244,
				-1.899,
				0.456,
				-2,
				0.667,
				-2,
				1,
				1.167,
				-2,
				1.667,
				-1.333,
				2.167,
				0,
				1,
				2.667,
				1.333,
				3.167,
				2,
				3.667,
				2,
				1,
				4.167,
				2,
				4.667,
				1.174,
				5.167,
				0,
				1,
				5.433,
				-0.626,
				5.7,
				-1.15,
				5.967,
				-1.559
			]
		},
		{
			"Target": "Parameter",
			"Id": "Param_Angle_Rotation31",
			"Segments": [
				0,
				0,
				1,
				0.011,
				0,
				0.022,
				-0.05,
				0.033,
				-0.094,
				1,
				0.522,
				-2.044,
				1.011,
				-3,
				1.5,
				-3,
				1,
				2,
				-3,
				2.5,
				-1.6,
				3,
				0,
				1,
				3.5,
				1.6,
				4,
				2,
				4.5,
				2,
				1,
				4.989,
				2,
				5.478,
				1.393,
				5.967,
				0.123
			]
		},
		{
			"Target": "Parameter",
			"Id": "Param_Angle_Rotation32",
			"Segments": [
				0,
				0.52,
				1,
				0.011,
				0.52,
				0.022,
				0.467,
				0.033,
				0.43,
				1,
				0.144,
				0.062,
				0.256,
				-0.305,
				0.367,
				-0.632,
				1,
				0.911,
				-2.235,
				1.456,
				-3,
				2,
				-3,
				1,
				2.5,
				-3,
				3,
				-1.6,
				3.5,
				0,
				1,
				4,
				1.6,
				4.5,
				2,
				5,
				2,
				1,
				5.322,
				2,
				5.644,
				1.425,
				5.967,
				0.606
			]
		},
		{
			"Target": "Parameter",
			"Id": "Param_Angle_Rotation33",
			"Segments": [
				0,
				1.48,
				1,
				0.011,
				1.48,
				0.022,
				1.42,
				0.033,
				1.389,
				1,
				0.3,
				0.653,
				0.567,
				-0.061,
				0.833,
				-0.776,
				1,
				1.389,
				-2.265,
				1.944,
				-3,
				2.5,
				-3,
				1,
				3,
				-3,
				3.5,
				-1.6,
				4,
				0,
				1,
				4.5,
				1.6,
				5,
				2,
				5.5,
				2,
				1,
				5.656,
				2,
				5.811,
				1.924,
				5.967,
				1.562
			]
		},
		{
			"Target": "Parameter",
			"Id": "Param_Angle_Rotation35",
			"Segments": [
				0,
				0,
				1,
				0.011,
				0,
				0.022,
				-0.11,
				0.033,
				-0.154,
				1,
				0.522,
				-2.076,
				1.011,
				-3,
				1.5,
				-3,
				1,
				2,
				-3,
				2.5,
				-2,
				3,
				0,
				1,
				3.5,
				2,
				4,
				3,
				4.5,
				3,
				1,
				4.989,
				3,
				5.478,
				2.076,
				5.967,
				0.154
			]
		},
		{
			"Target": "Parameter",
			"Id": "Param_Angle_Rotation36",
			"Segments": [
				0,
				0.78,
				1,
				0.011,
				0.78,
				0.022,
				0.717,
				0.033,
				0.686,
				1,
				0.211,
				0.184,
				0.389,
				-0.438,
				0.567,
				-0.776,
				1,
				1.044,
				-1.685,
				1.522,
				-2,
				2,
				-2,
				1,
				2.5,
				-2,
				3,
				-1.6,
				3.5,
				0,
				1,
				4,
				1.6,
				4.5,
				3,
				5,
				3,
				1,
				5.322,
				3,
				5.644,
				2.137,
				5.967,
				0.908
			]
		},
		{
			"Target": "Parameter",
			"Id": "Param_Angle_Rotation37",
			"Segments": [
				0,
				2.22,
				1,
				0.011,
				2.22,
				0.022,
				2.181,
				0.033,
				2.156,
				1,
				0.356,
				1.427,
				0.678,
				0.798,
				1,
				0,
				1,
				1.5,
				-1.238,
				2,
				-2,
				2.5,
				-2,
				1,
				3,
				-2,
				3.5,
				-1.6,
				4,
				0,
				1,
				4.5,
				1.6,
				5,
				3,
				5.5,
				3,
				1,
				5.656,
				3,
				5.811,
				2.885,
				5.967,
				2.343
			]
		},
		{
			"Target": "Parameter",
			"Id": "Param_Angle_Rotation39",
			"Segments": [
				0,
				0,
				1,
				0.011,
				0,
				0.022,
				-0.033,
				0.033,
				-0.063,
				1,
				0.522,
				-1.363,
				1.011,
				-2,
				1.5,
				-2,
				1,
				2,
				-2,
				2.5,
				-1.6,
				3,
				0,
				1,
				3.5,
				1.6,
				4,
				3,
				4.5,
				3,
				1,
				4.989,
				3,
				5.478,
				2.089,
				5.967,
				0.184
			]
		},
		{
			"Target": "Parameter",
			"Id": "Param_Angle_Rotation40",
			"Segments": [
				0,
				0.78,
				1,
				0.011,
				0.78,
				0.022,
				0.742,
				0.033,
				0.716,
				1,
				0.189,
				0.349,
				0.344,
				-0.01,
				0.5,
				-0.354,
				1,
				1,
				-1.463,
				1.5,
				-2,
				2,
				-2,
				1,
				2.5,
				-2,
				3,
				-1.6,
				3.5,
				0,
				1,
				4,
				1.6,
				4.5,
				3,
				5,
				3,
				1,
				5.322,
				3,
				5.644,
				2.137,
				5.967,
				0.908
			]
		},
		{
			"Target": "Parameter",
			"Id": "Param_Angle_Rotation41",
			"Segments": [
				0,
				2.96,
				1,
				0.011,
				2.96,
				0.022,
				2.867,
				0.033,
				2.834,
				1,
				0.356,
				1.87,
				0.678,
				0.891,
				1,
				0,
				1,
				1.5,
				-1.382,
				2,
				-2,
				2.5,
				-2,
				1,
				3,
				-2,
				3.5,
				-1.777,
				4,
				0,
				1,
				4.5,
				1.777,
				5,
				4,
				5.5,
				4,
				1,
				5.656,
				4,
				5.811,
				3.847,
				5.967,
				3.124
			]
		},
		{
			"Target": "Parameter",
			"Id": "Param_Angle_Rotation58",
			"Segments": [
				0,
				0.14,
				1,
				0.011,
				0.14,
				0.022,
				0.108,
				0.033,
				0.08,
				1,
				0.578,
				-1.315,
				1.122,
				-2,
				1.667,
				-2,
				1,
				2.167,
				-2,
				2.667,
				-1.777,
				3.167,
				0,
				1,
				3.667,
				1.777,
				4.167,
				4,
				4.667,
				4,
				1,
				5.1,
				4,
				5.533,
				2.252,
				5.967,
				0.291
			]
		},
		{
			"Target": "Parameter",
			"Id": "Param_Angle_Rotation59",
			"Segments": [
				0,
				1.67,
				1,
				0.011,
				1.67,
				0.022,
				1.661,
				0.033,
				1.633,
				1,
				0.244,
				1.093,
				0.456,
				0.557,
				0.667,
				0,
				1,
				1.167,
				-1.32,
				1.667,
				-2,
				2.167,
				-2,
				1,
				2.667,
				-2,
				3.167,
				-1.777,
				3.667,
				0,
				1,
				4.167,
				1.777,
				4.667,
				4,
				5.167,
				4,
				1,
				5.433,
				4,
				5.7,
				3.214,
				5.967,
				1.844
			]
		},
		{
			"Target": "Parameter",
			"Id": "Param_Angle_Rotation61",
			"Segments": [
				0,
				0.1,
				1,
				0.011,
				0.1,
				0.022,
				0.011,
				0.033,
				-0.03,
				1,
				0.578,
				-2.031,
				1.122,
				-3,
				1.667,
				-3,
				1,
				2.167,
				-3,
				2.667,
				-2,
				3.167,
				0,
				1,
				3.667,
				2,
				4.167,
				3,
				4.667,
				3,
				1,
				5.1,
				3,
				5.533,
				1.665,
				5.967,
				0.212
			]
		},
		{
			"Target": "Parameter",
			"Id": "Param_Angle_Rotation62",
			"Segments": [
				0,
				1.67,
				1,
				0.011,
				1.67,
				0.022,
				1.614,
				0.033,
				1.575,
				1,
				0.233,
				0.87,
				0.433,
				0.167,
				0.633,
				-0.496,
				1,
				1.144,
				-2.191,
				1.656,
				-3,
				2.167,
				-3,
				1,
				2.667,
				-3,
				3.167,
				-2.285,
				3.667,
				0,
				1,
				4.167,
				2.285,
				4.667,
				4,
				5.167,
				4,
				1,
				5.433,
				4,
				5.7,
				3.214,
				5.967,
				1.844
			]
		},
		{
			"Target": "Parameter",
			"Id": "Param_Angle_Rotation64",
			"Segments": [
				0,
				0.14,
				1,
				0.011,
				0.14,
				0.022,
				0.055,
				0.033,
				0,
				1,
				0.578,
				-2.689,
				1.122,
				-4,
				1.667,
				-4,
				1,
				2.167,
				-4,
				2.667,
				-2.667,
				3.167,
				0,
				1,
				3.667,
				2.667,
				4.167,
				4,
				4.667,
				4,
				1,
				5.1,
				4,
				5.533,
				2.252,
				5.967,
				0.291
			]
		},
		{
			"Target": "Parameter",
			"Id": "Param_Angle_Rotation65",
			"Segments": [
				0,
				1.67,
				1,
				0.011,
				1.67,
				0.022,
				1.596,
				0.033,
				1.546,
				1,
				0.222,
				0.695,
				0.411,
				-0.191,
				0.6,
				-0.95,
				1,
				1.122,
				-3.048,
				1.644,
				-4,
				2.167,
				-4,
				1,
				2.667,
				-4,
				3.167,
				-2.667,
				3.667,
				0,
				1,
				4.167,
				2.667,
				4.667,
				4,
				5.167,
				4,
				1,
				5.433,
				4,
				5.7,
				3.214,
				5.967,
				1.844
			]
		},
		{
			"Target": "Parameter",
			"Id": "Param_Angle_Rotation66",
			"Segments": [
				0,
				2.62,
				1,
				0.389,
				2.62,
				0.778,
				1.917,
				1.167,
				0,
				1,
				1.667,
				-2.464,
				2.167,
				-4,
				2.667,
				-4,
				1,
				3.167,
				-4,
				3.667,
				-1.805,
				4.167,
				0,
				1,
				4.767,
				2.167,
				5.367,
				2.604,
				5.967,
				2.62
			]
		},
		{
			"Target": "Parameter",
			"Id": "Param_Angle_Rotation67",
			"Segments": [
				0,
				2.96,
				1,
				0.556,
				2.96,
				1.111,
				2.084,
				1.667,
				0,
				1,
				2.167,
				-1.875,
				2.667,
				-3,
				3.167,
				-3,
				1,
				3.667,
				-3,
				4.167,
				-2.098,
				4.667,
				0,
				1,
				5.1,
				1.818,
				5.533,
				2.905,
				5.967,
				2.958
			]
		},
		{
			"Target": "Parameter",
			"Id": "Param_Angle_Rotation68",
			"Segments": [
				0,
				3.09,
				1,
				0.011,
				3.09,
				0.022,
				3.189,
				0.033,
				3.217,
				1,
				0.244,
				3.757,
				0.456,
				4,
				0.667,
				4,
				1,
				1.167,
				4,
				1.667,
				2.285,
				2.167,
				0,
				1,
				2.667,
				-2.285,
				3.167,
				-3,
				3.667,
				-3,
				1,
				4.167,
				-3,
				4.667,
				-1.945,
				5.167,
				0,
				1,
				5.433,
				1.037,
				5.7,
				2.112,
				5.967,
				2.982
			]
		},
		{
			"Target": "Parameter",
			"Id": "Param_Angle_Rotation69",
			"Segments": [
				0,
				-0.38,
				1,
				0.011,
				-0.38,
				0.022,
				-0.288,
				0.033,
				-0.232,
				1,
				0.089,
				0.046,
				0.144,
				0.299,
				0.2,
				0.536,
				1,
				0.744,
				2.863,
				1.289,
				4,
				1.833,
				4,
				1,
				2.333,
				4,
				2.833,
				2.285,
				3.333,
				0,
				1,
				3.833,
				-2.285,
				4.333,
				-3,
				4.833,
				-3,
				1,
				5.211,
				-3,
				5.589,
				-1.883,
				5.967,
				-0.502
			]
		},
		{
			"Target": "Parameter",
			"Id": "Param_Angle_Rotation70",
			"Segments": [
				0,
				-1.75,
				1,
				0.011,
				-1.75,
				0.022,
				-1.642,
				0.033,
				-1.598,
				1,
				0.222,
				-0.858,
				0.411,
				-0.193,
				0.6,
				0.55,
				1,
				1.178,
				2.822,
				1.756,
				4,
				2.333,
				4,
				1,
				2.833,
				4,
				3.333,
				2.285,
				3.833,
				0,
				1,
				4.333,
				-2.285,
				4.833,
				-3,
				5.333,
				-3,
				1,
				5.544,
				-3,
				5.756,
				-2.672,
				5.967,
				-1.879
			]
		},
		{
			"Target": "Parameter",
			"Id": "Param_Angle_Rotation71",
			"Segments": [
				0,
				-3.86,
				1,
				0.444,
				-3.86,
				0.889,
				-2.08,
				1.333,
				0,
				1,
				1.833,
				2.34,
				2.333,
				3,
				2.833,
				3,
				1,
				3.333,
				3,
				3.833,
				2.155,
				4.333,
				0,
				1,
				4.878,
				-2.346,
				5.422,
				-3.801,
				5.967,
				-3.858
			]
		},
		{
			"Target": "Parameter",
			"Id": "Param_Angle_Rotation72",
			"Segments": [
				0,
				-3.76,
				1,
				0.611,
				-3.76,
				1.222,
				-2.478,
				1.833,
				0,
				1,
				2.333,
				2.028,
				2.833,
				3,
				3.333,
				3,
				1,
				3.833,
				3,
				4.333,
				2.397,
				4.833,
				0,
				1,
				5.211,
				-1.811,
				5.589,
				-3.652,
				5.967,
				-3.755
			]
		},
		{
			"Target": "Parameter",
			"Id": "Param_Angle_Rotation73",
			"Segments": [
				0,
				-2.61,
				1,
				0.011,
				-2.61,
				0.022,
				-2.732,
				0.033,
				-2.767,
				1,
				0.3,
				-3.612,
				0.567,
				-4,
				0.833,
				-4,
				1,
				1.333,
				-4,
				1.833,
				-2.285,
				2.333,
				0,
				1,
				2.833,
				2.285,
				3.333,
				3,
				3.833,
				3,
				1,
				4.333,
				3,
				4.833,
				1.987,
				5.333,
				0,
				1,
				5.544,
				-0.839,
				5.756,
				-1.723,
				5.967,
				-2.49
			]
		},
		{
			"Target": "Parameter",
			"Id": "Param_Angle_Rotation74",
			"Segments": [
				0,
				-0.25,
				1,
				0.011,
				-0.25,
				0.022,
				-0.217,
				0.033,
				-0.19,
				1,
				0.633,
				1.279,
				1.233,
				2,
				1.833,
				2,
				1,
				2.333,
				2,
				2.833,
				1.333,
				3.333,
				0,
				1,
				3.833,
				-1.333,
				4.333,
				-2,
				4.833,
				-2,
				1,
				5.211,
				-2,
				5.589,
				-1.249,
				5.967,
				-0.331
			]
		},
		{
			"Target": "Parameter",
			"Id": "Param_Angle_Rotation75",
			"Segments": [
				0,
				-1.75,
				1,
				0.011,
				-1.75,
				0.022,
				-1.672,
				0.033,
				-1.628,
				1,
				0.211,
				-0.927,
				0.389,
				-0.296,
				0.567,
				0.416,
				1,
				1.156,
				2.773,
				1.744,
				4,
				2.333,
				4,
				1,
				2.833,
				4,
				3.333,
				2.285,
				3.833,
				0,
				1,
				4.333,
				-2.285,
				4.833,
				-3,
				5.333,
				-3,
				1,
				5.544,
				-3,
				5.756,
				-2.672,
				5.967,
				-1.879
			]
		},
		{
			"Target": "Parameter",
			"Id": "Param_Angle_Rotation76",
			"Segments": [
				0,
				-3.86,
				1,
				0.444,
				-3.86,
				0.889,
				-2.462,
				1.333,
				0,
				1,
				1.833,
				2.769,
				2.333,
				4,
				2.833,
				4,
				1,
				3.333,
				4,
				3.833,
				2.47,
				4.333,
				0,
				1,
				4.878,
				-2.689,
				5.422,
				-3.815,
				5.967,
				-3.859
			]
		},
		{
			"Target": "Parameter",
			"Id": "Param_Angle_Rotation77",
			"Segments": [
				0,
				-3.8,
				1,
				0.611,
				-3.8,
				1.222,
				-2.815,
				1.833,
				0,
				1,
				2.333,
				2.303,
				2.833,
				4,
				3.333,
				4,
				1,
				3.833,
				4,
				4.333,
				2.896,
				4.833,
				0,
				1,
				5.211,
				-2.188,
				5.589,
				-3.711,
				5.967,
				-3.796
			]
		},
		{
			"Target": "Parameter",
			"Id": "Param_Angle_Rotation78",
			"Segments": [
				0,
				-2.89,
				1,
				0.011,
				-2.89,
				0.022,
				-2.926,
				0.033,
				-2.955,
				1,
				0.3,
				-3.661,
				0.567,
				-4,
				0.833,
				-4,
				1,
				1.333,
				-4,
				1.833,
				-2.963,
				2.333,
				0,
				1,
				2.833,
				2.963,
				3.333,
				5,
				3.833,
				5,
				1,
				4.333,
				5,
				4.833,
				2.859,
				5.333,
				0,
				1,
				5.544,
				-1.207,
				5.756,
				-2.084,
				5.967,
				-2.781
			]
		},
		{
			"Target": "Parameter",
			"Id": "Param_Angle_Rotation79",
			"Segments": [
				0,
				-0.92,
				1,
				0.011,
				-0.92,
				0.022,
				-1.025,
				0.033,
				-1.076,
				1,
				0.467,
				-3.051,
				0.9,
				-4,
				1.333,
				-4,
				1,
				1.833,
				-4,
				2.333,
				-2.963,
				2.833,
				0,
				1,
				3.333,
				2.963,
				3.833,
				5,
				4.333,
				5,
				1,
				4.833,
				5,
				5.333,
				3.265,
				5.833,
				0,
				1,
				5.878,
				-0.29,
				5.922,
				-0.538,
				5.967,
				-0.759
			]
		},
		{
			"Target": "Parameter",
			"Id": "Param_Angle_Rotation80",
			"Segments": [
				0,
				0.38,
				1,
				0.011,
				0.38,
				0.022,
				0.259,
				0.033,
				0.218,
				1,
				0.633,
				-1.952,
				1.233,
				-3,
				1.833,
				-3,
				1,
				2.333,
				-3,
				2.833,
				-2,
				3.333,
				0,
				1,
				3.833,
				2,
				4.333,
				3,
				4.833,
				3,
				1,
				5.211,
				3,
				5.589,
				1.883,
				5.967,
				0.502
			]
		},
		{
			"Target": "Parameter",
			"Id": "Param_Angle_Rotation81",
			"Segments": [
				0,
				1.75,
				1,
				0.011,
				1.75,
				0.022,
				1.65,
				0.033,
				1.599,
				1,
				0.256,
				0.582,
				0.478,
				-0.392,
				0.7,
				-1.379,
				1,
				1.244,
				-3.798,
				1.789,
				-5,
				2.333,
				-5,
				1,
				2.833,
				-5,
				3.333,
				-2.499,
				3.833,
				0,
				1,
				4.333,
				2.499,
				4.833,
				3,
				5.333,
				3,
				1,
				5.544,
				3,
				5.756,
				2.672,
				5.967,
				1.879
			]
		},
		{
			"Target": "Parameter",
			"Id": "Param_Angle_Rotation82",
			"Segments": [
				0,
				2.9,
				1,
				0.444,
				2.9,
				0.889,
				1.848,
				1.333,
				0,
				1,
				1.833,
				-2.079,
				2.333,
				-3,
				2.833,
				-3,
				1,
				3.333,
				-3,
				3.833,
				-1.854,
				4.333,
				0,
				1,
				4.878,
				2.019,
				5.422,
				2.866,
				5.967,
				2.899
			]
		},
		{
			"Target": "Parameter",
			"Id": "Param_Angle_Rotation83",
			"Segments": [
				0,
				2.85,
				1,
				0.611,
				2.85,
				1.222,
				2.111,
				1.833,
				0,
				1,
				2.333,
				-1.728,
				2.833,
				-3,
				3.333,
				-3,
				1,
				3.833,
				-3,
				4.333,
				-2.172,
				4.833,
				0,
				1,
				5.211,
				1.641,
				5.589,
				2.783,
				5.967,
				2.847
			]
		},
		{
			"Target": "Parameter",
			"Id": "Param_Angle_Rotation86",
			"Segments": [
				0,
				-0.25,
				1,
				0.011,
				-0.25,
				0.022,
				-0.217,
				0.033,
				-0.19,
				1,
				0.122,
				0.027,
				0.211,
				0.252,
				0.3,
				0.437,
				1,
				0.811,
				1.5,
				1.322,
				2,
				1.833,
				2,
				1,
				2.333,
				2,
				2.833,
				1.333,
				3.333,
				0,
				1,
				3.833,
				-1.333,
				4.333,
				-2,
				4.833,
				-2,
				1,
				5.211,
				-2,
				5.589,
				-1.249,
				5.967,
				-0.331
			]
		},
		{
			"Target": "Parameter",
			"Id": "Param_Angle_Rotation87",
			"Segments": [
				0,
				-1.75,
				1,
				0.011,
				-1.75,
				0.022,
				-1.688,
				0.033,
				-1.656,
				1,
				0.244,
				-1.057,
				0.456,
				-0.411,
				0.667,
				0.096,
				1,
				1.222,
				1.429,
				1.778,
				2,
				2.333,
				2,
				1,
				2.833,
				2,
				3.333,
				1.6,
				3.833,
				0,
				1,
				4.333,
				-1.6,
				4.833,
				-3,
				5.333,
				-3,
				1,
				5.544,
				-3,
				5.756,
				-2.672,
				5.967,
				-1.879
			]
		},
		{
			"Target": "Parameter",
			"Id": "Param_Angle_Rotation88",
			"Segments": [
				0,
				-2.9,
				1,
				0.444,
				-2.9,
				0.889,
				-1.848,
				1.333,
				0,
				1,
				1.833,
				2.079,
				2.333,
				3,
				2.833,
				3,
				1,
				3.333,
				3,
				3.833,
				1.854,
				4.333,
				0,
				1,
				4.878,
				-2.019,
				5.422,
				-2.866,
				5.967,
				-2.899
			]
		},
		{
			"Target": "Parameter",
			"Id": "Param_Angle_Rotation89",
			"Segments": [
				0,
				-2.85,
				1,
				0.611,
				-2.85,
				1.222,
				-2.111,
				1.833,
				0,
				1,
				2.333,
				1.728,
				2.833,
				3,
				3.333,
				3,
				1,
				3.833,
				3,
				4.333,
				2.172,
				4.833,
				0,
				1,
				5.211,
				-1.641,
				5.589,
				-2.783,
				5.967,
				-2.847
			]
		},
		{
			"Target": "Parameter",
			"Id": "Param_Angle_Rotation91",
			"Segments": [
				0,
				-0.38,
				1,
				0.011,
				-0.38,
				0.022,
				-0.27,
				0.033,
				-0.23,
				1,
				0.633,
				1.947,
				1.233,
				3,
				1.833,
				3,
				1,
				2.333,
				3,
				2.833,
				2,
				3.333,
				0,
				1,
				3.833,
				-2,
				4.333,
				-3,
				4.833,
				-3,
				1,
				5.211,
				-3,
				5.589,
				-1.883,
				5.967,
				-0.502
			]
		},
		{
			"Target": "Parameter",
			"Id": "Param_Angle_Rotation92",
			"Segments": [
				0,
				-2.33,
				1,
				0.011,
				-2.33,
				0.022,
				-2.245,
				0.033,
				-2.205,
				1,
				0.256,
				-1.405,
				0.478,
				-0.646,
				0.7,
				0.134,
				1,
				1.244,
				2.045,
				1.789,
				3,
				2.333,
				3,
				1,
				2.833,
				3,
				3.333,
				2.285,
				3.833,
				0,
				1,
				4.333,
				-2.285,
				4.833,
				-4,
				5.333,
				-4,
				1,
				5.544,
				-4,
				5.756,
				-3.559,
				5.967,
				-2.502
			]
		},
		{
			"Target": "Parameter",
			"Id": "Param_Angle_Rotation93",
			"Segments": [
				0,
				-3.86,
				1,
				0.444,
				-3.86,
				0.889,
				-2.462,
				1.333,
				0,
				1,
				1.833,
				2.769,
				2.333,
				4,
				2.833,
				4,
				1,
				3.333,
				4,
				3.833,
				2.47,
				4.333,
				0,
				1,
				4.878,
				-2.689,
				5.422,
				-3.815,
				5.967,
				-3.859
			]
		},
		{
			"Target": "Parameter",
			"Id": "Param_Angle_Rotation94",
			"Segments": [
				0,
				-3.8,
				1,
				0.611,
				-3.8,
				1.222,
				-2.815,
				1.833,
				0,
				1,
				2.333,
				2.303,
				2.833,
				4,
				3.333,
				4,
				1,
				3.833,
				4,
				4.333,
				2.896,
				4.833,
				0,
				1,
				5.211,
				-2.188,
				5.589,
				-3.711,
				5.967,
				-3.796
			]
		},
		{
			"Target": "Parameter",
			"Id": "Param_Angle_Rotation95",
			"Segments": [
				0,
				-2.77,
				1,
				0.011,
				-2.77,
				0.022,
				-2.834,
				0.033,
				-2.866,
				1,
				0.3,
				-3.638,
				0.567,
				-4,
				0.833,
				-4,
				1,
				1.333,
				-4,
				1.833,
				-2.667,
				2.333,
				0,
				1,
				2.833,
				2.667,
				3.333,
				4,
				3.833,
				4,
				1,
				4.333,
				4,
				4.833,
				2.452,
				5.333,
				0,
				1,
				5.544,
				-1.035,
				5.756,
				-1.924,
				5.967,
				-2.656
			]
		},
		{
			"Target": "Parameter",
			"Id": "Param_Angle_Rotation96",
			"Segments": [
				0,
				-0.84,
				1,
				0.011,
				-0.84,
				0.022,
				-0.974,
				0.033,
				-1.026,
				1,
				0.467,
				-3.038,
				0.9,
				-4,
				1.333,
				-4,
				1,
				1.833,
				-4,
				2.333,
				-2.667,
				2.833,
				0,
				1,
				3.333,
				2.667,
				3.833,
				4,
				4.333,
				4,
				1,
				4.833,
				4,
				5.333,
				2.651,
				5.833,
				0,
				1,
				5.878,
				-0.236,
				5.922,
				-0.462,
				5.967,
				-0.679
			]
		},
		{
			"Target": "Parameter",
			"Id": "Param_Angle_Rotation98",
			"Segments": [
				0,
				-0.5,
				1,
				0.011,
				-0.5,
				0.022,
				-0.396,
				0.033,
				-0.35,
				1,
				0.122,
				0.015,
				0.211,
				0.296,
				0.3,
				0.674,
				1,
				0.811,
				2.85,
				1.322,
				4,
				1.833,
				4,
				1,
				2.333,
				4,
				2.833,
				2.667,
				3.333,
				0,
				1,
				3.833,
				-2.667,
				4.333,
				-4,
				4.833,
				-4,
				1,
				5.211,
				-4,
				5.589,
				-2.497,
				5.967,
				-0.663
			]
		},
		{
			"Target": "Parameter",
			"Id": "Param_Angle_Rotation99",
			"Segments": [
				0,
				-1.75,
				1,
				0.011,
				-1.75,
				0.022,
				-1.668,
				0.033,
				-1.628,
				1,
				0.244,
				-0.864,
				0.456,
				-0.221,
				0.667,
				0.603,
				1,
				1.222,
				2.774,
				1.778,
				4,
				2.333,
				4,
				1,
				2.833,
				4,
				3.333,
				2.285,
				3.833,
				0,
				1,
				4.333,
				-2.285,
				4.833,
				-3,
				5.333,
				-3,
				1,
				5.544,
				-3,
				5.756,
				-2.672,
				5.967,
				-1.879
			]
		},
		{
			"Target": "Parameter",
			"Id": "Param_Angle_Rotation100",
			"Segments": [
				0,
				-4.83,
				1,
				0.444,
				-4.83,
				0.889,
				-2.706,
				1.333,
				0,
				1,
				1.833,
				3.044,
				2.333,
				4,
				2.833,
				4,
				1,
				3.333,
				4,
				3.833,
				2.784,
				4.333,
				0,
				1,
				4.878,
				-3.031,
				5.422,
				-4.76,
				5.967,
				-4.828
			]
		},
		{
			"Target": "Parameter",
			"Id": "Param_Angle_Rotation101",
			"Segments": [
				0,
				-4.71,
				1,
				0.611,
				-4.71,
				1.222,
				-3.193,
				1.833,
				0,
				1,
				2.333,
				2.612,
				2.833,
				4,
				3.333,
				4,
				1,
				3.833,
				4,
				4.333,
				3.13,
				4.833,
				0,
				1,
				5.211,
				-2.365,
				5.589,
				-4.58,
				5.967,
				-4.704
			]
		},
		{
			"Target": "Parameter",
			"Id": "Param_Angle_Rotation116",
			"Segments": [
				0,
				-0.14,
				1,
				0.011,
				-0.14,
				0.022,
				-0.045,
				0.033,
				0.01,
				1,
				0.578,
				2.694,
				1.122,
				4,
				1.667,
				4,
				1,
				2.167,
				4,
				2.667,
				2.667,
				3.167,
				0,
				1,
				3.667,
				-2.667,
				4.167,
				-4,
				4.667,
				-4,
				1,
				5.1,
				-4,
				5.533,
				-2.252,
				5.967,
				-0.291
			]
		},
		{
			"Target": "Parameter",
			"Id": "Param_Angle_Rotation117",
			"Segments": [
				0,
				-1.25,
				1,
				0.011,
				-1.25,
				0.022,
				-1.154,
				0.033,
				-1.098,
				1,
				0.133,
				-0.592,
				0.233,
				-0.06,
				0.333,
				0.349,
				1,
				0.944,
				2.844,
				1.556,
				4,
				2.167,
				4,
				1,
				2.667,
				4,
				3.167,
				2.285,
				3.667,
				0,
				1,
				4.167,
				-2.285,
				4.667,
				-3,
				5.167,
				-3,
				1,
				5.433,
				-3,
				5.7,
				-2.408,
				5.967,
				-1.381
			]
		},
		{
			"Target": "Parameter",
			"Id": "Param_Angle_Rotation118",
			"Segments": [
				0,
				-5.24,
				1,
				0.389,
				-5.24,
				0.778,
				-2.52,
				1.167,
				0,
				1,
				1.667,
				3.24,
				2.167,
				4,
				2.667,
				4,
				1,
				3.167,
				4,
				3.667,
				2.769,
				4.167,
				0,
				1,
				4.767,
				-3.322,
				5.367,
				-5.172,
				5.967,
				-5.238
			]
		},
		{
			"Target": "Parameter",
			"Id": "Param_Angle_Rotation102",
			"Segments": [
				0,
				-0.07,
				1,
				0.556,
				-0.07,
				1.111,
				4,
				1.667,
				4,
				1,
				2.167,
				4,
				2.667,
				1.777,
				3.167,
				0,
				1,
				3.667,
				-1.777,
				4.167,
				-2,
				4.667,
				-2,
				1,
				5.1,
				-2,
				5.533,
				-1.44,
				5.967,
				-0.254
			]
		},
		{
			"Target": "Parameter",
			"Id": "Param_Angle_Rotation113",
			"Segments": [
				0,
				-0.83,
				1,
				0.011,
				-0.83,
				0.022,
				-0.753,
				0.033,
				-0.71,
				1,
				0.133,
				-0.32,
				0.233,
				0.013,
				0.333,
				0.402,
				1,
				0.944,
				2.781,
				1.556,
				4,
				2.167,
				4,
				1,
				2.667,
				4,
				3.167,
				1.777,
				3.667,
				0,
				1,
				4.167,
				-1.777,
				4.667,
				-2,
				5.167,
				-2,
				1,
				5.433,
				-2,
				5.7,
				-1.602,
				5.967,
				-0.917
			]
		},
		{
			"Target": "Parameter",
			"Id": "Param_Angle_Rotation104",
			"Segments": [
				0,
				-0.38,
				1,
				0.011,
				-0.38,
				0.022,
				-0.334,
				0.033,
				-0.29,
				1,
				0.078,
				-0.113,
				0.122,
				0.057,
				0.167,
				0.207,
				1,
				0.722,
				2.083,
				1.278,
				3,
				1.833,
				3,
				1,
				2.333,
				3,
				2.833,
				2,
				3.333,
				0,
				1,
				3.833,
				-2,
				4.333,
				-3,
				4.833,
				-3,
				1,
				5.211,
				-3,
				5.589,
				-1.883,
				5.967,
				-0.502
			]
		},
		{
			"Target": "Parameter",
			"Id": "Param_Angle_Rotation105",
			"Segments": [
				0,
				-1.75,
				1,
				0.011,
				-1.75,
				0.022,
				-1.692,
				0.033,
				-1.657,
				1,
				0.211,
				-1.09,
				0.389,
				-0.591,
				0.567,
				0,
				1,
				1.156,
				1.958,
				1.744,
				3,
				2.333,
				3,
				1,
				2.833,
				3,
				3.333,
				2,
				3.833,
				0,
				1,
				4.333,
				-2,
				4.833,
				-3,
				5.333,
				-3,
				1,
				5.544,
				-3,
				5.756,
				-2.672,
				5.967,
				-1.879
			]
		},
		{
			"Target": "Parameter",
			"Id": "Param_Angle_Rotation106",
			"Segments": [
				0,
				-2.9,
				1,
				0.444,
				-2.9,
				0.889,
				-1.449,
				1.333,
				0,
				1,
				1.833,
				1.63,
				2.333,
				2,
				2.833,
				2,
				1,
				3.333,
				2,
				3.833,
				1.52,
				4.333,
				0,
				1,
				4.878,
				-1.655,
				5.422,
				-2.851,
				5.967,
				-2.899
			]
		},
		{
			"Target": "Parameter",
			"Id": "Param_Angle_Rotation107",
			"Segments": [
				0,
				-2.81,
				1,
				0.611,
				-2.81,
				1.222,
				-1.755,
				1.833,
				0,
				1,
				2.333,
				1.436,
				2.833,
				2,
				3.333,
				2,
				1,
				3.833,
				2,
				4.333,
				1.656,
				4.833,
				0,
				1,
				5.211,
				-1.251,
				5.589,
				-2.723,
				5.967,
				-2.806
			]
		},
		{
			"Target": "Parameter",
			"Id": "Param_Angle_Rotation109",
			"Segments": [
				0,
				-0.38,
				1,
				0.011,
				-0.38,
				0.022,
				-0.332,
				0.033,
				-0.29,
				1,
				0.111,
				0.006,
				0.189,
				0.316,
				0.267,
				0.563,
				1,
				0.789,
				2.22,
				1.311,
				3,
				1.833,
				3,
				1,
				2.333,
				3,
				2.833,
				2,
				3.333,
				0,
				1,
				3.833,
				-2,
				4.333,
				-3,
				4.833,
				-3,
				1,
				5.211,
				-3,
				5.589,
				-1.883,
				5.967,
				-0.502
			]
		},
		{
			"Target": "Parameter",
			"Id": "Param_Angle_Rotation110",
			"Segments": [
				0,
				-1.75,
				1,
				0.011,
				-1.75,
				0.022,
				-1.666,
				0.033,
				-1.627,
				1,
				0.233,
				-0.927,
				0.433,
				-0.212,
				0.633,
				0.414,
				1,
				1.2,
				2.187,
				1.767,
				3,
				2.333,
				3,
				1,
				2.833,
				3,
				3.333,
				2,
				3.833,
				0,
				1,
				4.333,
				-2,
				4.833,
				-3,
				5.333,
				-3,
				1,
				5.544,
				-3,
				5.756,
				-2.672,
				5.967,
				-1.879
			]
		},
		{
			"Target": "Parameter",
			"Id": "Param_Angle_Rotation111",
			"Segments": [
				0,
				-2.9,
				1,
				0.444,
				-2.9,
				0.889,
				-1.449,
				1.333,
				0,
				1,
				1.833,
				1.63,
				2.333,
				2,
				2.833,
				2,
				1,
				3.333,
				2,
				3.833,
				1.52,
				4.333,
				0,
				1,
				4.878,
				-1.655,
				5.422,
				-2.851,
				5.967,
				-2.899
			]
		},
		{
			"Target": "Parameter",
			"Id": "Param_Angle_Rotation112",
			"Segments": [
				0,
				-2.81,
				1,
				0.611,
				-2.81,
				1.222,
				-1.755,
				1.833,
				0,
				1,
				2.333,
				1.436,
				2.833,
				2,
				3.333,
				2,
				1,
				3.833,
				2,
				4.333,
				1.656,
				4.833,
				0,
				1,
				5.211,
				-1.251,
				5.589,
				-2.723,
				5.967,
				-2.806
			]
		}
	]
}