{
	"Version": 3,
	"Parameters": [
		{
			"Id": "ParamEff1",
			"GroupId": "ParamGroup",
			"Name": "エフェクト1"
		},
		{
			"Id": "ParamEff2",
			"GroupId": "ParamGroup",
			"Name": "エフェクト2"
		},
		{
			"Id": "ParamEff3",
			"GroupId": "ParamGroup",
			"Name": "エフェクト3"
		},
		{
			"Id": "ParamEff4",
			"GroupId": "ParamGroup",
			"Name": "エフェクト4"
		},
		{
			"Id": "ParamEff5",
			"GroupId": "ParamGroup",
			"Name": "エフェクト5"
		},
		{
			"Id": "ParamEff6",
			"GroupId": "ParamGroup",
			"Name": "エフェクト6"
		},
		{
			"Id": "ParamEff7",
			"GroupId": "ParamGroup",
			"Name": "エフェクト7"
		},
		{
			"Id": "ParamEff8",
			"GroupId": "ParamGroup",
			"Name": "エフェクト8"
		},
		{
			"Id": "ParamEff9",
			"GroupId": "ParamGroup",
			"Name": "エフェクト9"
		},
		{
			"Id": "ParamEff10",
			"GroupId": "ParamGroup",
			"Name": "エフェクト10"
		},
		{
			"Id": "ParamEff11",
			"GroupId": "ParamGroup",
			"Name": "エフェクト11"
		},
		{
			"Id": "ParamEff12",
			"GroupId": "ParamGroup",
			"Name": "エフェクト12"
		},
		{
			"Id": "ParamEff13",
			"GroupId": "ParamGroup",
			"Name": "エフェクト13"
		},
		{
			"Id": "ParamEff14",
			"GroupId": "ParamGroup",
			"Name": "エフェクト14"
		},
		{
			"Id": "ParamEff15",
			"GroupId": "ParamGroup",
			"Name": "エフェクト15"
		},
		{
			"Id": "ParamEff16",
			"GroupId": "ParamGroup",
			"Name": "エフェクト16"
		},
		{
			"Id": "ParamEff17",
			"GroupId": "ParamGroup",
			"Name": "エフェクト17"
		},
		{
			"Id": "ParamEff18",
			"GroupId": "ParamGroup",
			"Name": "エフェクト18"
		},
		{
			"Id": "ParamEff19",
			"GroupId": "ParamGroup",
			"Name": "エフェクト19"
		},
		{
			"Id": "ParamEff20",
			"GroupId": "ParamGroup",
			"Name": "エフェクト20"
		},
		{
			"Id": "ParamEff21",
			"GroupId": "ParamGroup",
			"Name": "エフェクト21"
		},
		{
			"Id": "ParamEff22",
			"GroupId": "ParamGroup",
			"Name": "エフェクト22"
		},
		{
			"Id": "ParamEff23",
			"GroupId": "ParamGroup",
			"Name": "エフェクト23"
		},
		{
			"Id": "ParamEff24",
			"GroupId": "ParamGroup",
			"Name": "エフェクト24"
		},
		{
			"Id": "ParamEff25",
			"GroupId": "ParamGroup",
			"Name": "エフェクト25"
		},
		{
			"Id": "ParamEff26",
			"GroupId": "ParamGroup",
			"Name": "エフェクト26"
		},
		{
			"Id": "ParamEff27",
			"GroupId": "ParamGroup",
			"Name": "エフェクト27"
		},
		{
			"Id": "ParamEff28",
			"GroupId": "ParamGroup",
			"Name": "エフェクト28"
		},
		{
			"Id": "ParamEff29",
			"GroupId": "ParamGroup",
			"Name": "エフェクト29"
		},
		{
			"Id": "ParamEff30",
			"GroupId": "ParamGroup",
			"Name": "エフェクト30"
		},
		{
			"Id": "ParamEff31",
			"GroupId": "ParamGroup",
			"Name": "エフェクト31"
		},
		{
			"Id": "ParamEff32",
			"GroupId": "ParamGroup",
			"Name": "エフェクト32"
		},
		{
			"Id": "ParamEff33",
			"GroupId": "ParamGroup",
			"Name": "エフェクト33"
		},
		{
			"Id": "ParamPachi",
			"GroupId": "ParamGroup2",
			"Name": "目パチ"
		},
		{
			"Id": "ParamLegL1",
			"GroupId": "ParamGroup2",
			"Name": "右太もも"
		},
		{
			"Id": "ParamLegL2",
			"GroupId": "ParamGroup2",
			"Name": "右足"
		},
		{
			"Id": "ParamLegR1",
			"GroupId": "ParamGroup2",
			"Name": "左太もも"
		},
		{
			"Id": "ParamLegR2",
			"GroupId": "ParamGroup2",
			"Name": "左足"
		},
		{
			"Id": "ParamEyeRL",
			"GroupId": "ParamGroup2",
			"Name": "目Hi左右"
		},
		{
			"Id": "ParamEyeUD",
			"GroupId": "ParamGroup2",
			"Name": "目Hi上下"
		},
		{
			"Id": "ParamEyeBS",
			"GroupId": "ParamGroup2",
			"Name": "目Hi大小"
		},
		{
			"Id": "ParamPaiRX",
			"GroupId": "ParamGroup2",
			"Name": "右胸 X"
		},
		{
			"Id": "ParamPaiRY",
			"GroupId": "ParamGroup2",
			"Name": "右胸 Y"
		},
		{
			"Id": "ParamPaiRX2",
			"GroupId": "ParamGroup2",
			"Name": "右胸 X2"
		},
		{
			"Id": "ParamPaiRY2",
			"GroupId": "ParamGroup2",
			"Name": "右胸 Y2"
		},
		{
			"Id": "ParamPaiLX",
			"GroupId": "ParamGroup2",
			"Name": "左胸 X"
		},
		{
			"Id": "ParamPaiLY",
			"GroupId": "ParamGroup2",
			"Name": "左胸 Y"
		},
		{
			"Id": "ParamPaiLX2",
			"GroupId": "ParamGroup2",
			"Name": "左胸 X2"
		},
		{
			"Id": "ParamPaiLY2",
			"GroupId": "ParamGroup2",
			"Name": "左胸 Y2"
		},
		{
			"Id": "ParamBreat",
			"GroupId": "ParamGroup2",
			"Name": "呼吸"
		},
		{
			"Id": "ParamitiX",
			"GroupId": "ParamGroup2",
			"Name": "位置 X"
		},
		{
			"Id": "ParamitiY",
			"GroupId": "ParamGroup2",
			"Name": "位置 Y"
		},
		{
			"Id": "ParamArmL1",
			"GroupId": "ParamGroup3",
			"Name": "左腕"
		},
		{
			"Id": "ParamArmL2",
			"GroupId": "ParamGroup3",
			"Name": "腕"
		},
		{
			"Id": "ParamArmL3",
			"GroupId": "ParamGroup3",
			"Name": "甲"
		},
		{
			"Id": "ParamArmL4",
			"GroupId": "ParamGroup3",
			"Name": "指"
		},
		{
			"Id": "ParamArmR1",
			"GroupId": "ParamGroup3",
			"Name": "右腕"
		},
		{
			"Id": "ParamArmR2",
			"GroupId": "ParamGroup3",
			"Name": "手"
		},
		{
			"Id": "ParamUchiwa",
			"GroupId": "ParamGroup3",
			"Name": "うちわ"
		},
		{
			"Id": "ParamHeadFX",
			"GroupId": "ParamGroup3",
			"Name": "頭花 X"
		},
		{
			"Id": "ParamHeadFY",
			"GroupId": "ParamGroup3",
			"Name": "頭花 Y"
		},
		{
			"Id": "ParamHairBackX",
			"GroupId": "ParamGroup3",
			"Name": "後ろ髪 X"
		},
		{
			"Id": "ParamHairBackY",
			"GroupId": "ParamGroup3",
			"Name": "後ろ髪 Y"
		},
		{
			"Id": "Param6",
			"GroupId": "ParamGroup3",
			"Name": "パラメータ61"
		},
		{
			"Id": "Param_Angle_Rotation13",
			"GroupId": "ParamGroup4",
			"Name": "[0]前髪1"
		},
		{
			"Id": "Param_Angle_Rotation14",
			"GroupId": "ParamGroup4",
			"Name": "[1]前髪1"
		},
		{
			"Id": "Param_Angle_Rotation15",
			"GroupId": "ParamGroup4",
			"Name": "[2]前髪1"
		},
		{
			"Id": "Param_Angle_Rotation17",
			"GroupId": "ParamGroup5",
			"Name": "[0]前髪2"
		},
		{
			"Id": "Param_Angle_Rotation18",
			"GroupId": "ParamGroup5",
			"Name": "[1]前髪2"
		},
		{
			"Id": "Param_Angle_Rotation19",
			"GroupId": "ParamGroup5",
			"Name": "[2]前髪2"
		},
		{
			"Id": "Param_Angle_Rotation21",
			"GroupId": "ParamGroup6",
			"Name": "[0]前髪4"
		},
		{
			"Id": "Param_Angle_Rotation22",
			"GroupId": "ParamGroup6",
			"Name": "[1]前髪4"
		},
		{
			"Id": "Param_Angle_Rotation23",
			"GroupId": "ParamGroup6",
			"Name": "[2]前髪4"
		},
		{
			"Id": "Param_Angle_Rotation25",
			"GroupId": "ParamGroup7",
			"Name": "[0]左もみあげ1"
		},
		{
			"Id": "Param_Angle_Rotation26",
			"GroupId": "ParamGroup7",
			"Name": "[1]左もみあげ1"
		},
		{
			"Id": "Param_Angle_Rotation27",
			"GroupId": "ParamGroup7",
			"Name": "[2]左もみあげ1"
		},
		{
			"Id": "Param_Angle_Rotation28",
			"GroupId": "ParamGroup7",
			"Name": "[3]左もみあげ1"
		},
		{
			"Id": "Param_Angle_Rotation29",
			"GroupId": "ParamGroup7",
			"Name": "[4]左もみあげ1"
		},
		{
			"Id": "Param_Angle_Rotation31",
			"GroupId": "ParamGroup8",
			"Name": "[0]前髪5"
		},
		{
			"Id": "Param_Angle_Rotation32",
			"GroupId": "ParamGroup8",
			"Name": "[1]前髪5"
		},
		{
			"Id": "Param_Angle_Rotation33",
			"GroupId": "ParamGroup8",
			"Name": "[2]前髪5"
		},
		{
			"Id": "Param_Angle_Rotation35",
			"GroupId": "ParamGroup9",
			"Name": "[0]前髪6"
		},
		{
			"Id": "Param_Angle_Rotation36",
			"GroupId": "ParamGroup9",
			"Name": "[1]前髪6"
		},
		{
			"Id": "Param_Angle_Rotation37",
			"GroupId": "ParamGroup9",
			"Name": "[2]前髪6"
		},
		{
			"Id": "Param_Angle_Rotation39",
			"GroupId": "ParamGroup10",
			"Name": "[0]前髪7"
		},
		{
			"Id": "Param_Angle_Rotation40",
			"GroupId": "ParamGroup10",
			"Name": "[1]前髪7"
		},
		{
			"Id": "Param_Angle_Rotation41",
			"GroupId": "ParamGroup10",
			"Name": "[2]前髪7"
		},
		{
			"Id": "Param_Angle_Rotation58",
			"GroupId": "ParamGroup15",
			"Name": "[0]右もみあげ0"
		},
		{
			"Id": "Param_Angle_Rotation59",
			"GroupId": "ParamGroup15",
			"Name": "[1]右もみあげ0"
		},
		{
			"Id": "Param_Angle_Rotation61",
			"GroupId": "ParamGroup16",
			"Name": "[0]右もみあげ1"
		},
		{
			"Id": "Param_Angle_Rotation62",
			"GroupId": "ParamGroup16",
			"Name": "[1]右もみあげ1"
		},
		{
			"Id": "Param_Angle_Rotation64",
			"GroupId": "ParamGroup17",
			"Name": "[0]右もみあげ2"
		},
		{
			"Id": "Param_Angle_Rotation65",
			"GroupId": "ParamGroup17",
			"Name": "[1]右もみあげ2"
		},
		{
			"Id": "Param_Angle_Rotation66",
			"GroupId": "ParamGroup17",
			"Name": "[2]右もみあげ2"
		},
		{
			"Id": "Param_Angle_Rotation67",
			"GroupId": "ParamGroup17",
			"Name": "[3]右もみあげ2"
		},
		{
			"Id": "Param_Angle_Rotation68",
			"GroupId": "ParamGroup17",
			"Name": "[4]右もみあげ2"
		},
		{
			"Id": "Param_Angle_Rotation69",
			"GroupId": "ParamGroup20",
			"Name": "[0]後髪1"
		},
		{
			"Id": "Param_Angle_Rotation70",
			"GroupId": "ParamGroup20",
			"Name": "[1]後髪1"
		},
		{
			"Id": "Param_Angle_Rotation71",
			"GroupId": "ParamGroup20",
			"Name": "[2]後髪1"
		},
		{
			"Id": "Param_Angle_Rotation72",
			"GroupId": "ParamGroup20",
			"Name": "[3]後髪1"
		},
		{
			"Id": "Param_Angle_Rotation73",
			"GroupId": "ParamGroup20",
			"Name": "[4]後髪1"
		},
		{
			"Id": "Param_Angle_Rotation74",
			"GroupId": "ParamGroup21",
			"Name": "[0]後髪2"
		},
		{
			"Id": "Param_Angle_Rotation75",
			"GroupId": "ParamGroup21",
			"Name": "[1]後髪2"
		},
		{
			"Id": "Param_Angle_Rotation76",
			"GroupId": "ParamGroup21",
			"Name": "[2]後髪2"
		},
		{
			"Id": "Param_Angle_Rotation77",
			"GroupId": "ParamGroup21",
			"Name": "[3]後髪2"
		},
		{
			"Id": "Param_Angle_Rotation78",
			"GroupId": "ParamGroup21",
			"Name": "[4]後髪2"
		},
		{
			"Id": "Param_Angle_Rotation79",
			"GroupId": "ParamGroup21",
			"Name": "[5]後髪2"
		},
		{
			"Id": "Param_Angle_Rotation80",
			"GroupId": "ParamGroup22",
			"Name": "[0]後髪3"
		},
		{
			"Id": "Param_Angle_Rotation81",
			"GroupId": "ParamGroup22",
			"Name": "[1]後髪3"
		},
		{
			"Id": "Param_Angle_Rotation82",
			"GroupId": "ParamGroup22",
			"Name": "[2]後髪3"
		},
		{
			"Id": "Param_Angle_Rotation83",
			"GroupId": "ParamGroup22",
			"Name": "[3]後髪3"
		},
		{
			"Id": "Param_Angle_Rotation86",
			"GroupId": "ParamGroup23",
			"Name": "[0]後髪5"
		},
		{
			"Id": "Param_Angle_Rotation87",
			"GroupId": "ParamGroup23",
			"Name": "[1]後髪5"
		},
		{
			"Id": "Param_Angle_Rotation88",
			"GroupId": "ParamGroup23",
			"Name": "[2]後髪5"
		},
		{
			"Id": "Param_Angle_Rotation89",
			"GroupId": "ParamGroup23",
			"Name": "[3]後髪5"
		},
		{
			"Id": "Param_Angle_Rotation91",
			"GroupId": "ParamGroup24",
			"Name": "[0]後髪6"
		},
		{
			"Id": "Param_Angle_Rotation92",
			"GroupId": "ParamGroup24",
			"Name": "[1]後髪6"
		},
		{
			"Id": "Param_Angle_Rotation93",
			"GroupId": "ParamGroup24",
			"Name": "[2]後髪6"
		},
		{
			"Id": "Param_Angle_Rotation94",
			"GroupId": "ParamGroup24",
			"Name": "[3]後髪6"
		},
		{
			"Id": "Param_Angle_Rotation95",
			"GroupId": "ParamGroup24",
			"Name": "[4]後髪6"
		},
		{
			"Id": "Param_Angle_Rotation96",
			"GroupId": "ParamGroup24",
			"Name": "[5]後髪6"
		},
		{
			"Id": "Param_Angle_Rotation98",
			"GroupId": "ParamGroup25",
			"Name": "[0]後髪7"
		},
		{
			"Id": "Param_Angle_Rotation99",
			"GroupId": "ParamGroup25",
			"Name": "[1]後髪7"
		},
		{
			"Id": "Param_Angle_Rotation100",
			"GroupId": "ParamGroup25",
			"Name": "[2]後髪7"
		},
		{
			"Id": "Param_Angle_Rotation101",
			"GroupId": "ParamGroup25",
			"Name": "[3]後髪7"
		},
		{
			"Id": "Param_Angle_Rotation116",
			"GroupId": "ParamGroup11",
			"Name": "[0]装飾1"
		},
		{
			"Id": "Param_Angle_Rotation117",
			"GroupId": "ParamGroup11",
			"Name": "[1]装飾1"
		},
		{
			"Id": "Param_Angle_Rotation118",
			"GroupId": "ParamGroup11",
			"Name": "[2]装飾1"
		},
		{
			"Id": "Param_Angle_Rotation102",
			"GroupId": "ParamGroup12",
			"Name": "[0]装飾2"
		},
		{
			"Id": "Param_Angle_Rotation113",
			"GroupId": "ParamGroup12",
			"Name": "[1]装飾2"
		},
		{
			"Id": "Param_Angle_Rotation104",
			"GroupId": "ParamGroup13",
			"Name": "[0]マント1"
		},
		{
			"Id": "Param_Angle_Rotation105",
			"GroupId": "ParamGroup13",
			"Name": "[1]マント1"
		},
		{
			"Id": "Param_Angle_Rotation106",
			"GroupId": "ParamGroup13",
			"Name": "[2]マント1"
		},
		{
			"Id": "Param_Angle_Rotation107",
			"GroupId": "ParamGroup13",
			"Name": "[3]マント1"
		},
		{
			"Id": "Param_Angle_Rotation109",
			"GroupId": "ParamGroup14",
			"Name": "[0]マント2"
		},
		{
			"Id": "Param_Angle_Rotation110",
			"GroupId": "ParamGroup14",
			"Name": "[1]マント2"
		},
		{
			"Id": "Param_Angle_Rotation111",
			"GroupId": "ParamGroup14",
			"Name": "[2]マント2"
		},
		{
			"Id": "Param_Angle_Rotation112",
			"GroupId": "ParamGroup14",
			"Name": "[3]マント2"
		}
	],
	"ParameterGroups": [
		{
			"Id": "ParamGroup",
			"GroupId": "",
			"Name": "エフェクト"
		},
		{
			"Id": "ParamGroup2",
			"GroupId": "",
			"Name": "URアニメーション"
		},
		{
			"Id": "ParamGroup3",
			"GroupId": "",
			"Name": "追加"
		},
		{
			"Id": "ParamGroup4",
			"GroupId": "",
			"Name": "前髪1"
		},
		{
			"Id": "ParamGroup5",
			"GroupId": "",
			"Name": "前髪2"
		},
		{
			"Id": "ParamGroup6",
			"GroupId": "",
			"Name": "前髪4"
		},
		{
			"Id": "ParamGroup7",
			"GroupId": "",
			"Name": "左もみあげ1"
		},
		{
			"Id": "ParamGroup8",
			"GroupId": "",
			"Name": "前髪5"
		},
		{
			"Id": "ParamGroup9",
			"GroupId": "",
			"Name": "前髪6"
		},
		{
			"Id": "ParamGroup10",
			"GroupId": "",
			"Name": "前髪7"
		},
		{
			"Id": "ParamGroup15",
			"GroupId": "",
			"Name": "右もみあげ0"
		},
		{
			"Id": "ParamGroup16",
			"GroupId": "",
			"Name": "右もみあげ1"
		},
		{
			"Id": "ParamGroup17",
			"GroupId": "",
			"Name": "右もみあげ2"
		},
		{
			"Id": "ParamGroup20",
			"GroupId": "",
			"Name": "後髪1"
		},
		{
			"Id": "ParamGroup21",
			"GroupId": "",
			"Name": "後髪2"
		},
		{
			"Id": "ParamGroup22",
			"GroupId": "",
			"Name": "後髪3"
		},
		{
			"Id": "ParamGroup23",
			"GroupId": "",
			"Name": "後髪5"
		},
		{
			"Id": "ParamGroup24",
			"GroupId": "",
			"Name": "後髪6"
		},
		{
			"Id": "ParamGroup25",
			"GroupId": "",
			"Name": "後髪7"
		},
		{
			"Id": "ParamGroup11",
			"GroupId": "",
			"Name": "装飾1"
		},
		{
			"Id": "ParamGroup12",
			"GroupId": "",
			"Name": "装飾2"
		},
		{
			"Id": "ParamGroup13",
			"GroupId": "",
			"Name": "マント1"
		},
		{
			"Id": "ParamGroup14",
			"GroupId": "",
			"Name": "マント2"
		}
	],
	"Parts": [
		{
			"Id": "Part20",
			"Name": "1920x1440_2.psd"
		},
		{
			"Id": "Part19",
			"Name": "1920x1440_1.psd"
		},
		{
			"Id": "Part18",
			"Name": "1920x1440.psd"
		},
		{
			"Id": "Part",
			"Name": "光"
		},
		{
			"Id": "Part7",
			"Name": "雪不帰"
		},
		{
			"Id": "Part16",
			"Name": "線エフェクト後"
		},
		{
			"Id": "Part17",
			"Name": "背景"
		},
		{
			"Id": "Part2",
			"Name": "グループ 1"
		},
		{
			"Id": "Part3",
			"Name": "グループ 2"
		},
		{
			"Id": "Part4",
			"Name": "グループ 3"
		},
		{
			"Id": "Part5",
			"Name": "グループ 4"
		},
		{
			"Id": "Part6",
			"Name": "グループ 5"
		},
		{
			"Id": "Part9",
			"Name": "左腕"
		},
		{
			"Id": "Part8",
			"Name": "前髪"
		},
		{
			"Id": "Part10",
			"Name": "表情"
		},
		{
			"Id": "Part11",
			"Name": "顔面"
		},
		{
			"Id": "Part12",
			"Name": "上半身"
		},
		{
			"Id": "Part13",
			"Name": "下半身"
		},
		{
			"Id": "Part14",
			"Name": "右腕"
		},
		{
			"Id": "Part15",
			"Name": "後髪"
		},
		{
			"Id": "ArtMesh39_Skinning",
			"Name": "装飾(スキニング)"
		},
		{
			"Id": "ArtMesh28_Skinning",
			"Name": "前髪1(スキニング)"
		},
		{
			"Id": "ArtMesh29_Skinning",
			"Name": "前髪2(スキニング)"
		},
		{
			"Id": "ArtMesh30_Skinning",
			"Name": "左もみあげ1(スキニング)"
		},
		{
			"Id": "ArtMesh31_Skinning",
			"Name": "前髪4(スキニング)"
		},
		{
			"Id": "ArtMesh32_Skinning",
			"Name": "前髪5(スキニング)"
		},
		{
			"Id": "ArtMesh33_Skinning",
			"Name": "前髪6(スキニング)"
		},
		{
			"Id": "ArtMesh34_Skinning",
			"Name": "前髪7(スキニング)"
		},
		{
			"Id": "ArtMesh53_Skinning",
			"Name": "前髪髪影1(スキニング)"
		},
		{
			"Id": "ArtMesh54_Skinning",
			"Name": "前髪髪影2(スキニング)"
		},
		{
			"Id": "ArtMesh55_Skinning",
			"Name": "前髪髪影3(スキニング)"
		},
		{
			"Id": "ArtMesh56_Skinning",
			"Name": "前髪髪影4(スキニング)"
		},
		{
			"Id": "ArtMesh58_Skinning",
			"Name": "右もみあげ0(スキニング)"
		},
		{
			"Id": "ArtMesh59_Skinning",
			"Name": "右もみあげ1(スキニング)"
		},
		{
			"Id": "ArtMesh60_Skinning",
			"Name": "右もみあげ2(スキニング)"
		},
		{
			"Id": "ArtMesh71_Skinning",
			"Name": "左足(スキニング)"
		},
		{
			"Id": "ArtMesh208_Skinning",
			"Name": "マント1(スキニング)"
		},
		{
			"Id": "ArtMesh209_Skinning",
			"Name": "マント2(スキニング)"
		},
		{
			"Id": "ArtMesh74_Skinning",
			"Name": "右腕1(スキニング)"
		},
		{
			"Id": "ArtMesh80_Skinning",
			"Name": "後髪1(スキニング)"
		},
		{
			"Id": "ArtMesh81_Skinning",
			"Name": "後髪2(スキニング)"
		},
		{
			"Id": "ArtMesh82_Skinning",
			"Name": "後髪3(スキニング)"
		},
		{
			"Id": "ArtMesh84_Skinning",
			"Name": "後髪5(スキニング)"
		},
		{
			"Id": "ArtMesh85_Skinning",
			"Name": "後髪6(スキニング)"
		},
		{
			"Id": "ArtMesh86_Skinning",
			"Name": "後髪7(スキニング)"
		}
	],
	"CombinedParameters": [
		[
			"ParamEyeRL",
			"ParamEyeUD"
		],
		[
			"ParamPaiRX",
			"ParamPaiRY"
		],
		[
			"ParamPaiRX2",
			"ParamPaiRY2"
		],
		[
			"ParamPaiLX",
			"ParamPaiLY"
		],
		[
			"ParamPaiLX2",
			"ParamPaiLY2"
		],
		[
			"ParamitiX",
			"ParamitiY"
		],
		[
			"ParamHeadFX",
			"ParamHeadFY"
		],
		[
			"ParamHairBackX",
			"ParamHairBackY"
		]
	]
}