{
	"Version": 3,
	"Meta": {
		"Duration": 18.033,
		"Fps": 30.0,
		"Loop": true,
		"AreBeziersRestricted": false,
		"CurveCount": 36,
		"TotalSegmentCount": 1475,
		"TotalPointCount": 4243,
		"UserDataCount": 0,
		"TotalUserDataSize": 0
	},
	"Curves": [
		{
			"Target": "Parameter",
			"Id": "ParamEff1",
			"Segments": [
				0,
				1,
				1,
				0.2,
				1,
				0.4,
				1,
				0.6,
				1,
				1,
				0.633,
				1,
				0.667,
				0.5,
				0.7,
				0.5,
				1,
				0.733,
				0.5,
				0.767,
				1,
				0.8,
				1,
				1,
				1.378,
				1,
				1.956,
				1,
				2.533,
				1,
				1,
				2.567,
				1,
				2.6,
				0.5,
				2.633,
				0.5,
				1,
				2.678,
				0.5,
				2.722,
				1,
				2.767,
				1,
				1,
				3.5,
				1,
				4.233,
				1,
				4.967,
				1,
				1,
				5,
				1,
				5.033,
				0.5,
				5.067,
				0.5,
				1,
				5.111,
				0.5,
				5.156,
				1,
				5.2,
				1,
				1,
				5.467,
				1,
				5.733,
				1,
				6,
				1,
				1,
				6.011,
				1,
				6.022,
				1,
				6.033,
				1,
				1,
				6.233,
				1,
				6.433,
				1,
				6.633,
				1,
				1,
				6.667,
				1,
				6.7,
				0.5,
				6.733,
				0.5,
				1,
				6.767,
				0.5,
				6.8,
				1,
				6.833,
				1,
				1,
				7.411,
				1,
				7.989,
				1,
				8.567,
				1,
				1,
				8.6,
				1,
				8.633,
				0.5,
				8.667,
				0.5,
				1,
				8.711,
				0.5,
				8.756,
				1,
				8.8,
				1,
				1,
				9.533,
				1,
				10.267,
				1,
				11,
				1,
				1,
				11.033,
				1,
				11.067,
				0.5,
				11.1,
				0.5,
				1,
				11.144,
				0.5,
				11.189,
				1,
				11.233,
				1,
				1,
				11.5,
				1,
				11.767,
				1,
				12.033,
				1,
				1,
				12.233,
				1,
				12.433,
				1,
				12.633,
				1,
				1,
				12.667,
				1,
				12.7,
				0.5,
				12.733,
				0.5,
				1,
				12.767,
				0.5,
				12.8,
				1,
				12.833,
				1,
				1,
				13.411,
				1,
				13.989,
				1,
				14.567,
				1,
				1,
				14.6,
				1,
				14.633,
				0.5,
				14.667,
				0.5,
				1,
				14.711,
				0.5,
				14.756,
				1,
				14.8,
				1,
				1,
				15.533,
				1,
				16.267,
				1,
				17,
				1,
				1,
				17.033,
				1,
				17.067,
				0.5,
				17.1,
				0.5,
				1,
				17.144,
				0.5,
				17.189,
				1,
				17.233,
				1,
				1,
				17.5,
				1,
				17.767,
				1,
				18.033,
				1
			]
		},
		{
			"Target": "Parameter",
			"Id": "ParamEff2",
			"Segments": [
				0,
				0.6,
				1,
				0.033,
				0.6,
				0.067,
				1,
				0.1,
				1,
				1,
				0.6,
				1,
				1.1,
				1,
				1.6,
				1,
				1,
				1.633,
				1,
				1.667,
				0.5,
				1.7,
				0.5,
				1,
				1.733,
				0.5,
				1.767,
				1,
				1.8,
				1,
				1,
				2.267,
				1,
				2.733,
				1,
				3.2,
				1,
				1,
				3.233,
				1,
				3.267,
				0.5,
				3.3,
				0.5,
				1,
				3.333,
				0.5,
				3.367,
				1,
				3.4,
				1,
				1,
				3.444,
				1,
				3.489,
				1,
				3.533,
				1,
				1,
				3.567,
				1,
				3.6,
				0.5,
				3.633,
				0.5,
				1,
				3.667,
				0.5,
				3.7,
				1,
				3.733,
				1,
				1,
				4.444,
				1,
				5.156,
				1,
				5.867,
				1,
				1,
				5.911,
				1,
				5.956,
				0.6,
				6,
				0.6,
				1,
				6.011,
				0.6,
				6.022,
				0.6,
				6.033,
				0.6,
				1,
				6.067,
				0.6,
				6.1,
				1,
				6.133,
				1,
				1,
				6.633,
				1,
				7.133,
				1,
				7.633,
				1,
				1,
				7.667,
				1,
				7.7,
				0.5,
				7.733,
				0.5,
				1,
				7.767,
				0.5,
				7.8,
				1,
				7.833,
				1,
				1,
				8.3,
				1,
				8.767,
				1,
				9.233,
				1,
				1,
				9.267,
				1,
				9.3,
				0.5,
				9.333,
				0.5,
				1,
				9.367,
				0.5,
				9.4,
				1,
				9.433,
				1,
				1,
				9.478,
				1,
				9.522,
				1,
				9.567,
				1,
				1,
				9.6,
				1,
				9.633,
				0.5,
				9.667,
				0.5,
				1,
				9.7,
				0.5,
				9.733,
				1,
				9.767,
				1,
				1,
				10.478,
				1,
				11.189,
				1,
				11.9,
				1,
				1,
				11.944,
				1,
				11.989,
				0.6,
				12.033,
				0.6,
				1,
				12.067,
				0.6,
				12.1,
				1,
				12.133,
				1,
				1,
				12.633,
				1,
				13.133,
				1,
				13.633,
				1,
				1,
				13.667,
				1,
				13.7,
				0.5,
				13.733,
				0.5,
				1,
				13.767,
				0.5,
				13.8,
				1,
				13.833,
				1,
				1,
				14.3,
				1,
				14.767,
				1,
				15.233,
				1,
				1,
				15.267,
				1,
				15.3,
				0.5,
				15.333,
				0.5,
				1,
				15.367,
				0.5,
				15.4,
				1,
				15.433,
				1,
				1,
				15.478,
				1,
				15.522,
				1,
				15.567,
				1,
				1,
				15.6,
				1,
				15.633,
				0.5,
				15.667,
				0.5,
				1,
				15.7,
				0.5,
				15.733,
				1,
				15.767,
				1,
				1,
				16.478,
				1,
				17.189,
				1,
				17.9,
				1,
				1,
				17.944,
				1,
				17.989,
				0.6,
				18.033,
				0.6
			]
		},
		{
			"Target": "Parameter",
			"Id": "ParamEff3",
			"Segments": [
				0,
				1,
				1,
				0.656,
				1,
				1.311,
				1,
				1.967,
				1,
				1,
				2,
				1,
				2.033,
				0.5,
				2.067,
				0.5,
				1,
				2.1,
				0.5,
				2.133,
				1,
				2.167,
				1,
				1,
				2.211,
				1,
				2.256,
				1,
				2.3,
				1,
				1,
				2.333,
				1,
				2.367,
				0.5,
				2.4,
				0.5,
				1,
				2.433,
				0.5,
				2.467,
				1,
				2.5,
				1,
				1,
				2.922,
				1,
				3.344,
				1,
				3.767,
				1,
				1,
				3.8,
				1,
				3.833,
				0.5,
				3.867,
				0.5,
				1,
				3.9,
				0.5,
				3.933,
				1,
				3.967,
				1,
				1,
				4.644,
				1,
				5.322,
				1,
				6,
				1,
				1,
				6.011,
				1,
				6.022,
				1,
				6.033,
				1,
				1,
				6.689,
				1,
				7.344,
				1,
				8,
				1,
				1,
				8.033,
				1,
				8.067,
				0.5,
				8.1,
				0.5,
				1,
				8.133,
				0.5,
				8.167,
				1,
				8.2,
				1,
				1,
				8.244,
				1,
				8.289,
				1,
				8.333,
				1,
				1,
				8.367,
				1,
				8.4,
				0.5,
				8.433,
				0.5,
				1,
				8.467,
				0.5,
				8.5,
				1,
				8.533,
				1,
				1,
				8.956,
				1,
				9.378,
				1,
				9.8,
				1,
				1,
				9.833,
				1,
				9.867,
				0.5,
				9.9,
				0.5,
				1,
				9.933,
				0.5,
				9.967,
				1,
				10,
				1,
				1,
				10.678,
				1,
				11.356,
				1,
				12.033,
				1,
				1,
				12.689,
				1,
				13.344,
				1,
				14,
				1,
				1,
				14.033,
				1,
				14.067,
				0.5,
				14.1,
				0.5,
				1,
				14.133,
				0.5,
				14.167,
				1,
				14.2,
				1,
				1,
				14.244,
				1,
				14.289,
				1,
				14.333,
				1,
				1,
				14.367,
				1,
				14.4,
				0.5,
				14.433,
				0.5,
				1,
				14.467,
				0.5,
				14.5,
				1,
				14.533,
				1,
				1,
				14.956,
				1,
				15.378,
				1,
				15.8,
				1,
				1,
				15.833,
				1,
				15.867,
				0.5,
				15.9,
				0.5,
				1,
				15.933,
				0.5,
				15.967,
				1,
				16,
				1,
				1,
				16.678,
				1,
				17.356,
				1,
				18.033,
				1
			]
		},
		{
			"Target": "Parameter",
			"Id": "ParamEff4",
			"Segments": [
				0,
				1,
				1,
				0.189,
				1,
				0.378,
				1,
				0.567,
				1,
				1,
				0.6,
				1,
				0.633,
				0.5,
				0.667,
				0.5,
				1,
				0.7,
				0.5,
				0.733,
				1,
				0.767,
				1,
				1,
				0.944,
				1,
				1.122,
				0.9,
				1.3,
				0.9,
				1,
				1.667,
				0.9,
				2.033,
				1,
				2.4,
				1,
				1,
				2.433,
				1,
				2.467,
				0.5,
				2.5,
				0.5,
				1,
				2.533,
				0.5,
				2.567,
				1,
				2.6,
				1,
				1,
				3,
				1,
				3.4,
				0.8,
				3.8,
				0.8,
				1,
				4.2,
				0.8,
				4.6,
				1,
				5,
				1,
				1,
				5.033,
				1,
				5.067,
				0.5,
				5.1,
				0.5,
				1,
				5.133,
				0.5,
				5.167,
				1,
				5.2,
				1,
				1,
				5.467,
				1,
				5.733,
				1,
				6,
				1,
				1,
				6.011,
				1,
				6.022,
				1,
				6.033,
				1,
				1,
				6.222,
				1,
				6.411,
				1,
				6.6,
				1,
				1,
				6.633,
				1,
				6.667,
				0.5,
				6.7,
				0.5,
				1,
				6.733,
				0.5,
				6.767,
				1,
				6.8,
				1,
				1,
				6.978,
				1,
				7.156,
				0.9,
				7.333,
				0.9,
				1,
				7.7,
				0.9,
				8.067,
				1,
				8.433,
				1,
				1,
				8.467,
				1,
				8.5,
				0.5,
				8.533,
				0.5,
				1,
				8.567,
				0.5,
				8.6,
				1,
				8.633,
				1,
				1,
				9.033,
				1,
				9.433,
				0.8,
				9.833,
				0.8,
				1,
				10.233,
				0.8,
				10.633,
				1,
				11.033,
				1,
				1,
				11.067,
				1,
				11.1,
				0.5,
				11.133,
				0.5,
				1,
				11.167,
				0.5,
				11.2,
				1,
				11.233,
				1,
				1,
				11.5,
				1,
				11.767,
				1,
				12.033,
				1,
				1,
				12.222,
				1,
				12.411,
				1,
				12.6,
				1,
				1,
				12.633,
				1,
				12.667,
				0.5,
				12.7,
				0.5,
				1,
				12.733,
				0.5,
				12.767,
				1,
				12.8,
				1,
				1,
				12.978,
				1,
				13.156,
				0.9,
				13.333,
				0.9,
				1,
				13.7,
				0.9,
				14.067,
				1,
				14.433,
				1,
				1,
				14.467,
				1,
				14.5,
				0.5,
				14.533,
				0.5,
				1,
				14.567,
				0.5,
				14.6,
				1,
				14.633,
				1,
				1,
				15.033,
				1,
				15.433,
				0.8,
				15.833,
				0.8,
				1,
				16.233,
				0.8,
				16.633,
				1,
				17.033,
				1,
				1,
				17.067,
				1,
				17.1,
				0.5,
				17.133,
				0.5,
				1,
				17.167,
				0.5,
				17.2,
				1,
				17.233,
				1,
				1,
				17.5,
				1,
				17.767,
				1,
				18.033,
				1
			]
		},
		{
			"Target": "Parameter",
			"Id": "ParamEff5",
			"Segments": [
				0,
				1,
				1,
				0.078,
				1,
				0.156,
				1,
				0.233,
				1,
				1,
				0.267,
				1,
				0.3,
				0.5,
				0.333,
				0.5,
				1,
				0.367,
				0.5,
				0.4,
				1,
				0.433,
				1,
				1,
				1.244,
				1,
				2.056,
				0.7,
				2.867,
				0.7,
				1,
				3.911,
				0.7,
				4.956,
				1,
				6,
				1,
				1,
				6.011,
				1,
				6.022,
				1,
				6.033,
				1,
				1,
				6.111,
				1,
				6.189,
				1,
				6.267,
				1,
				1,
				6.3,
				1,
				6.333,
				0.5,
				6.367,
				0.5,
				1,
				6.4,
				0.5,
				6.433,
				1,
				6.467,
				1,
				1,
				7.278,
				1,
				8.089,
				0.7,
				8.9,
				0.7,
				1,
				9.944,
				0.7,
				10.989,
				1,
				12.033,
				1,
				1,
				12.111,
				1,
				12.189,
				1,
				12.267,
				1,
				1,
				12.3,
				1,
				12.333,
				0.5,
				12.367,
				0.5,
				1,
				12.4,
				0.5,
				12.433,
				1,
				12.467,
				1,
				1,
				13.278,
				1,
				14.089,
				0.7,
				14.9,
				0.7,
				1,
				15.944,
				0.7,
				16.989,
				1,
				18.033,
				1
			]
		},
		{
			"Target": "Parameter",
			"Id": "ParamEff6",
			"Segments": [
				0,
				0.6,
				1,
				0.033,
				0.6,
				0.067,
				1,
				0.1,
				1,
				1,
				0.867,
				1,
				1.633,
				0.8,
				2.4,
				0.8,
				1,
				3.133,
				0.8,
				3.867,
				1,
				4.6,
				1,
				1,
				4.633,
				1,
				4.667,
				0.5,
				4.7,
				0.5,
				1,
				4.733,
				0.5,
				4.767,
				1,
				4.8,
				1,
				1,
				4.878,
				1,
				4.956,
				1,
				5.033,
				1,
				1,
				5.067,
				1,
				5.1,
				0.5,
				5.133,
				0.5,
				1,
				5.167,
				0.5,
				5.2,
				1,
				5.233,
				1,
				1,
				5.289,
				1,
				5.344,
				1,
				5.4,
				1,
				1,
				5.433,
				1,
				5.467,
				0.5,
				5.5,
				0.5,
				1,
				5.533,
				0.5,
				5.567,
				1,
				5.6,
				1,
				1,
				5.678,
				1,
				5.756,
				1,
				5.833,
				1,
				1,
				5.889,
				1,
				5.944,
				0.6,
				6,
				0.6,
				1,
				6.011,
				0.6,
				6.022,
				0.6,
				6.033,
				0.6,
				1,
				6.067,
				0.6,
				6.1,
				1,
				6.133,
				1,
				1,
				6.9,
				1,
				7.667,
				0.8,
				8.433,
				0.8,
				1,
				9.167,
				0.8,
				9.9,
				1,
				10.633,
				1,
				1,
				10.667,
				1,
				10.7,
				0.5,
				10.733,
				0.5,
				1,
				10.767,
				0.5,
				10.8,
				1,
				10.833,
				1,
				1,
				10.911,
				1,
				10.989,
				1,
				11.067,
				1,
				1,
				11.1,
				1,
				11.133,
				0.5,
				11.167,
				0.5,
				1,
				11.2,
				0.5,
				11.233,
				1,
				11.267,
				1,
				1,
				11.322,
				1,
				11.378,
				1,
				11.433,
				1,
				1,
				11.467,
				1,
				11.5,
				0.5,
				11.533,
				0.5,
				1,
				11.567,
				0.5,
				11.6,
				1,
				11.633,
				1,
				1,
				11.711,
				1,
				11.789,
				1,
				11.867,
				1,
				1,
				11.922,
				1,
				11.978,
				0.6,
				12.033,
				0.6,
				1,
				12.067,
				0.6,
				12.1,
				1,
				12.133,
				1,
				1,
				12.9,
				1,
				13.667,
				0.8,
				14.433,
				0.8,
				1,
				15.167,
				0.8,
				15.9,
				1,
				16.633,
				1,
				1,
				16.667,
				1,
				16.7,
				0.5,
				16.733,
				0.5,
				1,
				16.767,
				0.5,
				16.8,
				1,
				16.833,
				1,
				1,
				16.911,
				1,
				16.989,
				1,
				17.067,
				1,
				1,
				17.1,
				1,
				17.133,
				0.5,
				17.167,
				0.5,
				1,
				17.2,
				0.5,
				17.233,
				1,
				17.267,
				1,
				1,
				17.322,
				1,
				17.378,
				1,
				17.433,
				1,
				1,
				17.467,
				1,
				17.5,
				0.5,
				17.533,
				0.5,
				1,
				17.567,
				0.5,
				17.6,
				1,
				17.633,
				1,
				1,
				17.711,
				1,
				17.789,
				1,
				17.867,
				1,
				1,
				17.922,
				1,
				17.978,
				0.6,
				18.033,
				0.6
			]
		},
		{
			"Target": "Parameter",
			"Id": "ParamEff7",
			"Segments": [
				0,
				1,
				1,
				0.256,
				1,
				0.511,
				1,
				0.767,
				1,
				1,
				0.8,
				1,
				0.833,
				0.6,
				0.867,
				0.6,
				1,
				0.9,
				0.6,
				0.933,
				1,
				0.967,
				1,
				1,
				1.133,
				1,
				1.3,
				1,
				1.467,
				1,
				1,
				1.5,
				1,
				1.533,
				0.6,
				1.567,
				0.6,
				1,
				1.6,
				0.6,
				1.633,
				1,
				1.667,
				1,
				1,
				2.089,
				1,
				2.511,
				0.9,
				2.933,
				0.9,
				1,
				3.311,
				0.9,
				3.689,
				1,
				4.067,
				1,
				1,
				4.1,
				1,
				4.133,
				0.6,
				4.167,
				0.6,
				1,
				4.2,
				0.6,
				4.233,
				1,
				4.267,
				1,
				1,
				4.578,
				1,
				4.889,
				1,
				5.2,
				1,
				1,
				5.467,
				1,
				5.733,
				1,
				6,
				1,
				1,
				6.011,
				1,
				6.022,
				1,
				6.033,
				1,
				1,
				6.289,
				1,
				6.544,
				1,
				6.8,
				1,
				1,
				6.833,
				1,
				6.867,
				0.6,
				6.9,
				0.6,
				1,
				6.933,
				0.6,
				6.967,
				1,
				7,
				1,
				1,
				7.167,
				1,
				7.333,
				1,
				7.5,
				1,
				1,
				7.533,
				1,
				7.567,
				0.6,
				7.6,
				0.6,
				1,
				7.633,
				0.6,
				7.667,
				1,
				7.7,
				1,
				1,
				8.122,
				1,
				8.544,
				0.9,
				8.967,
				0.9,
				1,
				9.344,
				0.9,
				9.722,
				1,
				10.1,
				1,
				1,
				10.133,
				1,
				10.167,
				0.6,
				10.2,
				0.6,
				1,
				10.233,
				0.6,
				10.267,
				1,
				10.3,
				1,
				1,
				10.611,
				1,
				10.922,
				1,
				11.233,
				1,
				1,
				11.5,
				1,
				11.767,
				1,
				12.033,
				1,
				1,
				12.289,
				1,
				12.544,
				1,
				12.8,
				1,
				1,
				12.833,
				1,
				12.867,
				0.6,
				12.9,
				0.6,
				1,
				12.933,
				0.6,
				12.967,
				1,
				13,
				1,
				1,
				13.167,
				1,
				13.333,
				1,
				13.5,
				1,
				1,
				13.533,
				1,
				13.567,
				0.6,
				13.6,
				0.6,
				1,
				13.633,
				0.6,
				13.667,
				1,
				13.7,
				1,
				1,
				14.122,
				1,
				14.544,
				0.9,
				14.967,
				0.9,
				1,
				15.344,
				0.9,
				15.722,
				1,
				16.1,
				1,
				1,
				16.133,
				1,
				16.167,
				0.6,
				16.2,
				0.6,
				1,
				16.233,
				0.6,
				16.267,
				1,
				16.3,
				1,
				1,
				16.611,
				1,
				16.922,
				1,
				17.233,
				1,
				1,
				17.5,
				1,
				17.767,
				1,
				18.033,
				1
			]
		},
		{
			"Target": "Parameter",
			"Id": "ParamEff8",
			"Segments": [
				0,
				1,
				1,
				0.111,
				1,
				0.222,
				1,
				0.333,
				1,
				1,
				0.367,
				1,
				0.4,
				0.6,
				0.433,
				0.6,
				1,
				0.467,
				0.6,
				0.5,
				1,
				0.533,
				1,
				1,
				1,
				1,
				1.467,
				0.9,
				1.933,
				0.9,
				1,
				2.311,
				0.9,
				2.689,
				1,
				3.067,
				1,
				1,
				3.1,
				1,
				3.133,
				0.6,
				3.167,
				0.6,
				1,
				3.2,
				0.6,
				3.233,
				1,
				3.267,
				1,
				1,
				3.322,
				1,
				3.378,
				1,
				3.433,
				1,
				1,
				3.467,
				1,
				3.5,
				0.6,
				3.533,
				0.6,
				1,
				3.567,
				0.6,
				3.6,
				1,
				3.633,
				1,
				1,
				3.7,
				1,
				3.767,
				1,
				3.833,
				1,
				1,
				3.867,
				1,
				3.9,
				0.7,
				3.933,
				0.7,
				1,
				3.967,
				0.7,
				4,
				1,
				4.033,
				1,
				1,
				4.367,
				1,
				4.7,
				0.9,
				5.033,
				0.9,
				1,
				5.356,
				0.9,
				5.678,
				1,
				6,
				1,
				1,
				6.011,
				1,
				6.022,
				1,
				6.033,
				1,
				1,
				6.144,
				1,
				6.256,
				1,
				6.367,
				1,
				1,
				6.4,
				1,
				6.433,
				0.6,
				6.467,
				0.6,
				1,
				6.5,
				0.6,
				6.533,
				1,
				6.567,
				1,
				1,
				7.033,
				1,
				7.5,
				0.9,
				7.967,
				0.9,
				1,
				8.344,
				0.9,
				8.722,
				1,
				9.1,
				1,
				1,
				9.133,
				1,
				9.167,
				0.6,
				9.2,
				0.6,
				1,
				9.233,
				0.6,
				9.267,
				1,
				9.3,
				1,
				1,
				9.356,
				1,
				9.411,
				1,
				9.467,
				1,
				1,
				9.5,
				1,
				9.533,
				0.6,
				9.567,
				0.6,
				1,
				9.6,
				0.6,
				9.633,
				1,
				9.667,
				1,
				1,
				9.733,
				1,
				9.8,
				1,
				9.867,
				1,
				1,
				9.9,
				1,
				9.933,
				0.7,
				9.967,
				0.7,
				1,
				10,
				0.7,
				10.033,
				1,
				10.067,
				1,
				1,
				10.4,
				1,
				10.733,
				0.9,
				11.067,
				0.9,
				1,
				11.389,
				0.9,
				11.711,
				1,
				12.033,
				1,
				1,
				12.144,
				1,
				12.256,
				1,
				12.367,
				1,
				1,
				12.4,
				1,
				12.433,
				0.6,
				12.467,
				0.6,
				1,
				12.5,
				0.6,
				12.533,
				1,
				12.567,
				1,
				1,
				13.033,
				1,
				13.5,
				0.9,
				13.967,
				0.9,
				1,
				14.344,
				0.9,
				14.722,
				1,
				15.1,
				1,
				1,
				15.133,
				1,
				15.167,
				0.6,
				15.2,
				0.6,
				1,
				15.233,
				0.6,
				15.267,
				1,
				15.3,
				1,
				1,
				15.356,
				1,
				15.411,
				1,
				15.467,
				1,
				1,
				15.5,
				1,
				15.533,
				0.6,
				15.567,
				0.6,
				1,
				15.6,
				0.6,
				15.633,
				1,
				15.667,
				1,
				1,
				15.733,
				1,
				15.8,
				1,
				15.867,
				1,
				1,
				15.9,
				1,
				15.933,
				0.7,
				15.967,
				0.7,
				1,
				16,
				0.7,
				16.033,
				1,
				16.067,
				1,
				1,
				16.4,
				1,
				16.733,
				0.9,
				17.067,
				0.9,
				1,
				17.389,
				0.9,
				17.711,
				1,
				18.033,
				1
			]
		},
		{
			"Target": "Parameter",
			"Id": "ParamEff9",
			"Segments": [
				0,
				0.8,
				1,
				0.289,
				0.8,
				0.578,
				1,
				0.867,
				1,
				1,
				0.9,
				1,
				0.933,
				0.6,
				0.967,
				0.6,
				1,
				1,
				0.6,
				1.033,
				1,
				1.067,
				1,
				1,
				1.3,
				1,
				1.533,
				1,
				1.767,
				1,
				1,
				1.8,
				1,
				1.833,
				0.6,
				1.867,
				0.6,
				1,
				1.9,
				0.6,
				1.933,
				1,
				1.967,
				1,
				1,
				2.4,
				1,
				2.833,
				1,
				3.267,
				1,
				1,
				3.3,
				1,
				3.333,
				0.6,
				3.367,
				0.6,
				1,
				3.4,
				0.6,
				3.433,
				1,
				3.467,
				1,
				1,
				4.311,
				1,
				5.156,
				0.8,
				6,
				0.8,
				1,
				6.011,
				0.8,
				6.022,
				0.8,
				6.033,
				0.8,
				1,
				6.322,
				0.8,
				6.611,
				1,
				6.9,
				1,
				1,
				6.933,
				1,
				6.967,
				0.6,
				7,
				0.6,
				1,
				7.033,
				0.6,
				7.067,
				1,
				7.1,
				1,
				1,
				7.333,
				1,
				7.567,
				1,
				7.8,
				1,
				1,
				7.833,
				1,
				7.867,
				0.6,
				7.9,
				0.6,
				1,
				7.933,
				0.6,
				7.967,
				1,
				8,
				1,
				1,
				8.433,
				1,
				8.867,
				1,
				9.3,
				1,
				1,
				9.333,
				1,
				9.367,
				0.6,
				9.4,
				0.6,
				1,
				9.433,
				0.6,
				9.467,
				1,
				9.5,
				1,
				1,
				10.344,
				1,
				11.189,
				0.8,
				12.033,
				0.8,
				1,
				12.322,
				0.8,
				12.611,
				1,
				12.9,
				1,
				1,
				12.933,
				1,
				12.967,
				0.6,
				13,
				0.6,
				1,
				13.033,
				0.6,
				13.067,
				1,
				13.1,
				1,
				1,
				13.333,
				1,
				13.567,
				1,
				13.8,
				1,
				1,
				13.833,
				1,
				13.867,
				0.6,
				13.9,
				0.6,
				1,
				13.933,
				0.6,
				13.967,
				1,
				14,
				1,
				1,
				14.433,
				1,
				14.867,
				1,
				15.3,
				1,
				1,
				15.333,
				1,
				15.367,
				0.6,
				15.4,
				0.6,
				1,
				15.433,
				0.6,
				15.467,
				1,
				15.5,
				1,
				1,
				16.344,
				1,
				17.189,
				0.8,
				18.033,
				0.8
			]
		},
		{
			"Target": "Parameter",
			"Id": "ParamEff10",
			"Segments": [
				0,
				1,
				1,
				0.5,
				1,
				1,
				1,
				1.5,
				1,
				1,
				1.533,
				1,
				1.567,
				0.6,
				1.6,
				0.6,
				1,
				1.633,
				0.6,
				1.667,
				1,
				1.7,
				1,
				1,
				1.822,
				1,
				1.944,
				1,
				2.067,
				1,
				1,
				2.1,
				1,
				2.133,
				0.6,
				2.167,
				0.6,
				1,
				2.2,
				0.6,
				2.233,
				1,
				2.267,
				1,
				1,
				2.711,
				1,
				3.156,
				0.9,
				3.6,
				0.9,
				1,
				4.211,
				0.9,
				4.822,
				1,
				5.433,
				1,
				1,
				5.467,
				1,
				5.5,
				0.6,
				5.533,
				0.6,
				1,
				5.567,
				0.6,
				5.6,
				1,
				5.633,
				1,
				1,
				5.756,
				1,
				5.878,
				1,
				6,
				1,
				1,
				6.011,
				1,
				6.022,
				1,
				6.033,
				1,
				1,
				6.533,
				1,
				7.033,
				1,
				7.533,
				1,
				1,
				7.567,
				1,
				7.6,
				0.6,
				7.633,
				0.6,
				1,
				7.667,
				0.6,
				7.7,
				1,
				7.733,
				1,
				1,
				7.856,
				1,
				7.978,
				1,
				8.1,
				1,
				1,
				8.133,
				1,
				8.167,
				0.6,
				8.2,
				0.6,
				1,
				8.233,
				0.6,
				8.267,
				1,
				8.3,
				1,
				1,
				8.744,
				1,
				9.189,
				0.9,
				9.633,
				0.9,
				1,
				10.244,
				0.9,
				10.856,
				1,
				11.467,
				1,
				1,
				11.5,
				1,
				11.533,
				0.6,
				11.567,
				0.6,
				1,
				11.6,
				0.6,
				11.633,
				1,
				11.667,
				1,
				1,
				11.789,
				1,
				11.911,
				1,
				12.033,
				1,
				1,
				12.533,
				1,
				13.033,
				1,
				13.533,
				1,
				1,
				13.567,
				1,
				13.6,
				0.6,
				13.633,
				0.6,
				1,
				13.667,
				0.6,
				13.7,
				1,
				13.733,
				1,
				1,
				13.856,
				1,
				13.978,
				1,
				14.1,
				1,
				1,
				14.133,
				1,
				14.167,
				0.6,
				14.2,
				0.6,
				1,
				14.233,
				0.6,
				14.267,
				1,
				14.3,
				1,
				1,
				14.744,
				1,
				15.189,
				0.9,
				15.633,
				0.9,
				1,
				16.244,
				0.9,
				16.856,
				1,
				17.467,
				1,
				1,
				17.5,
				1,
				17.533,
				0.6,
				17.567,
				0.6,
				1,
				17.6,
				0.6,
				17.633,
				1,
				17.667,
				1,
				1,
				17.789,
				1,
				17.911,
				1,
				18.033,
				1
			]
		},
		{
			"Target": "Parameter",
			"Id": "ParamEff11",
			"Segments": [
				0,
				1,
				1,
				0.222,
				1,
				0.444,
				1,
				0.667,
				1,
				1,
				0.7,
				1,
				0.733,
				0.6,
				0.767,
				0.6,
				1,
				0.8,
				0.6,
				0.833,
				1,
				0.867,
				1,
				1,
				1.144,
				1,
				1.422,
				0.9,
				1.7,
				0.9,
				1,
				2.056,
				0.9,
				2.411,
				1,
				2.767,
				1,
				1,
				2.8,
				1,
				2.833,
				0.6,
				2.867,
				0.6,
				1,
				2.9,
				0.6,
				2.933,
				1,
				2.967,
				1,
				1,
				3.267,
				1,
				3.567,
				0.8,
				3.867,
				0.8,
				1,
				4.067,
				0.8,
				4.267,
				1,
				4.467,
				1,
				1,
				4.5,
				1,
				4.533,
				0.6,
				4.567,
				0.6,
				1,
				4.6,
				0.6,
				4.633,
				1,
				4.667,
				1,
				1,
				5.111,
				1,
				5.556,
				1,
				6,
				1,
				1,
				6.011,
				1,
				6.022,
				1,
				6.033,
				1,
				1,
				6.256,
				1,
				6.478,
				1,
				6.7,
				1,
				1,
				6.733,
				1,
				6.767,
				0.6,
				6.8,
				0.6,
				1,
				6.833,
				0.6,
				6.867,
				1,
				6.9,
				1,
				1,
				7.178,
				1,
				7.456,
				0.9,
				7.733,
				0.9,
				1,
				8.089,
				0.9,
				8.444,
				1,
				8.8,
				1,
				1,
				8.833,
				1,
				8.867,
				0.6,
				8.9,
				0.6,
				1,
				8.933,
				0.6,
				8.967,
				1,
				9,
				1,
				1,
				9.3,
				1,
				9.6,
				0.8,
				9.9,
				0.8,
				1,
				10.1,
				0.8,
				10.3,
				1,
				10.5,
				1,
				1,
				10.533,
				1,
				10.567,
				0.6,
				10.6,
				0.6,
				1,
				10.633,
				0.6,
				10.667,
				1,
				10.7,
				1,
				1,
				11.144,
				1,
				11.589,
				1,
				12.033,
				1,
				1,
				12.256,
				1,
				12.478,
				1,
				12.7,
				1,
				1,
				12.733,
				1,
				12.767,
				0.6,
				12.8,
				0.6,
				1,
				12.833,
				0.6,
				12.867,
				1,
				12.9,
				1,
				1,
				13.178,
				1,
				13.456,
				0.9,
				13.733,
				0.9,
				1,
				14.089,
				0.9,
				14.444,
				1,
				14.8,
				1,
				1,
				14.833,
				1,
				14.867,
				0.6,
				14.9,
				0.6,
				1,
				14.933,
				0.6,
				14.967,
				1,
				15,
				1,
				1,
				15.3,
				1,
				15.6,
				0.8,
				15.9,
				0.8,
				1,
				16.1,
				0.8,
				16.3,
				1,
				16.5,
				1,
				1,
				16.533,
				1,
				16.567,
				0.6,
				16.6,
				0.6,
				1,
				16.633,
				0.6,
				16.667,
				1,
				16.7,
				1,
				1,
				17.144,
				1,
				17.589,
				1,
				18.033,
				1
			]
		},
		{
			"Target": "Parameter",
			"Id": "ParamEff12",
			"Segments": [
				0,
				0.9,
				1,
				0.044,
				0.9,
				0.089,
				1,
				0.133,
				1,
				1,
				0.733,
				1,
				1.333,
				0.9,
				1.933,
				0.9,
				1,
				2.567,
				0.9,
				3.2,
				1,
				3.833,
				1,
				1,
				3.867,
				1,
				3.9,
				0.9,
				3.933,
				0.9,
				1,
				3.967,
				0.9,
				4,
				1,
				4.033,
				1,
				1,
				4.444,
				1,
				4.856,
				1,
				5.267,
				1,
				1,
				5.3,
				1,
				5.333,
				0.9,
				5.367,
				0.9,
				1,
				5.4,
				0.9,
				5.433,
				1,
				5.467,
				1,
				1,
				5.611,
				1,
				5.756,
				1,
				5.9,
				1,
				1,
				5.933,
				1,
				5.967,
				0.8,
				6,
				0.8,
				1,
				6.011,
				0.8,
				6.022,
				0.88,
				6.033,
				0.9,
				1,
				6.078,
				0.978,
				6.122,
				1,
				6.167,
				1,
				1,
				6.767,
				1,
				7.367,
				0.9,
				7.967,
				0.9,
				1,
				8.6,
				0.9,
				9.233,
				1,
				9.867,
				1,
				1,
				9.9,
				1,
				9.933,
				0.9,
				9.967,
				0.9,
				1,
				10,
				0.9,
				10.033,
				1,
				10.067,
				1,
				1,
				10.478,
				1,
				10.889,
				1,
				11.3,
				1,
				1,
				11.333,
				1,
				11.367,
				0.9,
				11.4,
				0.9,
				1,
				11.433,
				0.9,
				11.467,
				1,
				11.5,
				1,
				1,
				11.644,
				1,
				11.789,
				1,
				11.933,
				1,
				1,
				11.967,
				1,
				12,
				0.9,
				12.033,
				0.9,
				1,
				12.078,
				0.9,
				12.122,
				1,
				12.167,
				1,
				1,
				12.767,
				1,
				13.367,
				0.9,
				13.967,
				0.9,
				1,
				14.6,
				0.9,
				15.233,
				1,
				15.867,
				1,
				1,
				15.9,
				1,
				15.933,
				0.9,
				15.967,
				0.9,
				1,
				16,
				0.9,
				16.033,
				1,
				16.067,
				1,
				1,
				16.478,
				1,
				16.889,
				1,
				17.3,
				1,
				1,
				17.333,
				1,
				17.367,
				0.9,
				17.4,
				0.9,
				1,
				17.433,
				0.9,
				17.467,
				1,
				17.5,
				1,
				1,
				17.644,
				1,
				17.789,
				1,
				17.933,
				1,
				1,
				17.967,
				1,
				18,
				0.8,
				18.033,
				0.8
			]
		},
		{
			"Target": "Parameter",
			"Id": "ParamEff13",
			"Segments": [
				0,
				0,
				1,
				0.544,
				0,
				1.089,
				0,
				1.633,
				0,
				0,
				12.433,
				1,
				2,
				12.467,
				0,
				1,
				14.322,
				0,
				16.178,
				0,
				18.033,
				0
			]
		},
		{
			"Target": "Parameter",
			"Id": "ParamEff14",
			"Segments": [
				0,
				0.87,
				0,
				0.733,
				1,
				2,
				0.767,
				0,
				0,
				6,
				0.87,
				0,
				6.033,
				0.87,
				0,
				6.767,
				1,
				2,
				6.8,
				0,
				0,
				12.033,
				0.87,
				0,
				12.767,
				1,
				2,
				12.8,
				0,
				0,
				18.033,
				0.87
			]
		},
		{
			"Target": "Parameter",
			"Id": "ParamEff15",
			"Segments": [
				0,
				0,
				0,
				5.933,
				1,
				2,
				6,
				0,
				1,
				6.011,
				0,
				6.022,
				0,
				6.033,
				0,
				0,
				11.967,
				1,
				2,
				12.033,
				0,
				0,
				17.967,
				1,
				2,
				18.033,
				0
			]
		},
		{
			"Target": "Parameter",
			"Id": "ParamEff16",
			"Segments": [
				0,
				0.38,
				0,
				3.7,
				1,
				2,
				3.733,
				0,
				0,
				6,
				0.38,
				0,
				6.033,
				0.38,
				0,
				9.733,
				1,
				2,
				9.767,
				0,
				0,
				12.033,
				0.38,
				0,
				15.733,
				1,
				2,
				15.767,
				0,
				0,
				18.033,
				0.38
			]
		},
		{
			"Target": "Parameter",
			"Id": "ParamEff17",
			"Segments": [
				0,
				0.61,
				0,
				2.333,
				1,
				2,
				2.367,
				0,
				0,
				6,
				0.61,
				0,
				6.033,
				0.61,
				0,
				8.367,
				1,
				2,
				8.4,
				0,
				0,
				12.033,
				0.61,
				0,
				14.367,
				1,
				2,
				14.4,
				0,
				0,
				18.033,
				0.61
			]
		},
		{
			"Target": "Parameter",
			"Id": "ParamEff18",
			"Segments": [
				0,
				0.11,
				0,
				5.3,
				1,
				2,
				5.333,
				0,
				0,
				6,
				0.11,
				0,
				6.033,
				0.11,
				0,
				11.333,
				1,
				2,
				11.367,
				0,
				0,
				12.033,
				0.11,
				0,
				17.333,
				1,
				2,
				17.367,
				0,
				0,
				18.033,
				0.11
			]
		},
		{
			"Target": "Parameter",
			"Id": "ParamEff19",
			"Segments": [
				0,
				0.76,
				0,
				1.4,
				1,
				2,
				1.433,
				0,
				0,
				6,
				0.76,
				0,
				6.033,
				0.76,
				0,
				7.433,
				1,
				2,
				7.467,
				0,
				0,
				12.033,
				0.76,
				0,
				13.433,
				1,
				2,
				13.467,
				0,
				0,
				18.033,
				0.76
			]
		},
		{
			"Target": "Parameter",
			"Id": "ParamEff20",
			"Segments": [
				0,
				0.22,
				0,
				4.633,
				1,
				2,
				4.667,
				0,
				0,
				6,
				0.22,
				0,
				6.033,
				0.22,
				0,
				10.667,
				1,
				2,
				10.7,
				0,
				0,
				12.033,
				0.22,
				0,
				16.667,
				1,
				2,
				16.7,
				0,
				0,
				18.033,
				0.22
			]
		},
		{
			"Target": "Parameter",
			"Id": "ParamEff21",
			"Segments": [
				0,
				0.48,
				0,
				3.1,
				1,
				2,
				3.133,
				0,
				0,
				6,
				0.48,
				0,
				6.033,
				0.48,
				0,
				9.133,
				1,
				2,
				9.167,
				0,
				0,
				12.033,
				0.48,
				0,
				15.133,
				1,
				2,
				15.167,
				0,
				0,
				18.033,
				0.48
			]
		},
		{
			"Target": "Parameter",
			"Id": "ParamEff22",
			"Segments": [
				0,
				0.03,
				0,
				5.8,
				1,
				2,
				5.833,
				0,
				0,
				6,
				0.03,
				0,
				6.033,
				0.03,
				0,
				11.833,
				1,
				2,
				11.867,
				0,
				0,
				12.033,
				0.03,
				0,
				17.833,
				1,
				2,
				17.867,
				0,
				0,
				18.033,
				0.03
			]
		},
		{
			"Target": "Parameter",
			"Id": "ParamEff23",
			"Segments": [
				0,
				0.82,
				0,
				1.033,
				1,
				2,
				1.067,
				0,
				0,
				6,
				0.82,
				0,
				6.033,
				0.82,
				0,
				7.067,
				1,
				2,
				7.1,
				0,
				0,
				12.033,
				0.82,
				0,
				13.067,
				1,
				2,
				13.1,
				0,
				0,
				18.033,
				0.82
			]
		},
		{
			"Target": "Parameter",
			"Id": "ParamEff24",
			"Segments": [
				0,
				0.31,
				0,
				4.133,
				1,
				2,
				4.167,
				0,
				0,
				6,
				0.31,
				0,
				6.033,
				0.31,
				0,
				10.167,
				1,
				2,
				10.2,
				0,
				0,
				12.033,
				0.31,
				0,
				16.167,
				1,
				2,
				16.2,
				0,
				0,
				18.033,
				0.31
			]
		},
		{
			"Target": "Parameter",
			"Id": "ParamEff25",
			"Segments": [
				0,
				1,
				1,
				0.411,
				1,
				0.822,
				1,
				1.233,
				1,
				1,
				1.267,
				1,
				1.3,
				0.5,
				1.333,
				0.5,
				1,
				1.367,
				0.5,
				1.4,
				1,
				1.433,
				1,
				1,
				1.911,
				1,
				2.389,
				1,
				2.867,
				1,
				1,
				2.9,
				1,
				2.933,
				0.5,
				2.967,
				0.5,
				1,
				3,
				0.5,
				3.033,
				1,
				3.067,
				1,
				1,
				4.044,
				1,
				5.022,
				1,
				6,
				1,
				1,
				6.011,
				1,
				6.022,
				1,
				6.033,
				1,
				1,
				6.444,
				1,
				6.856,
				1,
				7.267,
				1,
				1,
				7.3,
				1,
				7.333,
				0.5,
				7.367,
				0.5,
				1,
				7.4,
				0.5,
				7.433,
				1,
				7.467,
				1,
				1,
				7.944,
				1,
				8.422,
				1,
				8.9,
				1,
				1,
				8.933,
				1,
				8.967,
				0.5,
				9,
				0.5,
				1,
				9.033,
				0.5,
				9.067,
				1,
				9.1,
				1,
				1,
				10.078,
				1,
				11.056,
				1,
				12.033,
				1,
				1,
				12.444,
				1,
				12.856,
				1,
				13.267,
				1,
				1,
				13.3,
				1,
				13.333,
				0.5,
				13.367,
				0.5,
				1,
				13.4,
				0.5,
				13.433,
				1,
				13.467,
				1,
				1,
				13.944,
				1,
				14.422,
				1,
				14.9,
				1,
				1,
				14.933,
				1,
				14.967,
				0.5,
				15,
				0.5,
				1,
				15.033,
				0.5,
				15.067,
				1,
				15.1,
				1,
				1,
				16.078,
				1,
				17.056,
				1,
				18.033,
				1
			]
		},
		{
			"Target": "Parameter",
			"Id": "ParamEff26",
			"Segments": [
				0,
				0.8,
				1,
				1.333,
				0.8,
				2.667,
				1,
				4,
				1,
				1,
				4.033,
				1,
				4.067,
				0.6,
				4.1,
				0.6,
				1,
				4.133,
				0.6,
				4.167,
				1,
				4.2,
				1,
				1,
				4.589,
				1,
				4.978,
				1,
				5.367,
				1,
				1,
				5.4,
				1,
				5.433,
				0.6,
				5.467,
				0.6,
				1,
				5.5,
				0.6,
				5.533,
				1,
				5.567,
				1,
				1,
				5.711,
				1,
				5.856,
				0.8,
				6,
				0.8,
				1,
				6.011,
				0.8,
				6.022,
				0.8,
				6.033,
				0.8,
				1,
				7.367,
				0.8,
				8.7,
				1,
				10.033,
				1,
				1,
				10.067,
				1,
				10.1,
				0.6,
				10.133,
				0.6,
				1,
				10.167,
				0.6,
				10.2,
				1,
				10.233,
				1,
				1,
				10.622,
				1,
				11.011,
				1,
				11.4,
				1,
				1,
				11.433,
				1,
				11.467,
				0.6,
				11.5,
				0.6,
				1,
				11.533,
				0.6,
				11.567,
				1,
				11.6,
				1,
				1,
				11.744,
				1,
				11.889,
				0.8,
				12.033,
				0.8,
				1,
				13.367,
				0.8,
				14.7,
				1,
				16.033,
				1,
				1,
				16.067,
				1,
				16.1,
				0.6,
				16.133,
				0.6,
				1,
				16.167,
				0.6,
				16.2,
				1,
				16.233,
				1,
				1,
				16.622,
				1,
				17.011,
				1,
				17.4,
				1,
				1,
				17.433,
				1,
				17.467,
				0.6,
				17.5,
				0.6,
				1,
				17.533,
				0.6,
				17.567,
				1,
				17.6,
				1,
				1,
				17.744,
				1,
				17.889,
				0.8,
				18.033,
				0.8
			]
		},
		{
			"Target": "Parameter",
			"Id": "ParamEff27",
			"Segments": [
				0,
				1,
				1,
				0.133,
				1,
				0.267,
				1,
				0.4,
				1,
				1,
				0.433,
				1,
				0.467,
				0.5,
				0.5,
				0.5,
				1,
				0.533,
				0.5,
				0.567,
				1,
				0.6,
				1,
				1,
				1.089,
				1,
				1.578,
				1,
				2.067,
				1,
				1,
				2.1,
				1,
				2.133,
				0.5,
				2.167,
				0.5,
				1,
				2.2,
				0.5,
				2.233,
				1,
				2.267,
				1,
				1,
				2.478,
				1,
				2.689,
				1,
				2.9,
				1,
				1,
				2.933,
				1,
				2.967,
				0.5,
				3,
				0.5,
				1,
				3.033,
				0.5,
				3.067,
				1,
				3.1,
				1,
				1,
				4.067,
				1,
				5.033,
				1,
				6,
				1,
				1,
				6.011,
				1,
				6.022,
				1,
				6.033,
				1,
				1,
				6.167,
				1,
				6.3,
				1,
				6.433,
				1,
				1,
				6.467,
				1,
				6.5,
				0.5,
				6.533,
				0.5,
				1,
				6.567,
				0.5,
				6.6,
				1,
				6.633,
				1,
				1,
				7.122,
				1,
				7.611,
				1,
				8.1,
				1,
				1,
				8.133,
				1,
				8.167,
				0.5,
				8.2,
				0.5,
				1,
				8.233,
				0.5,
				8.267,
				1,
				8.3,
				1,
				1,
				8.511,
				1,
				8.722,
				1,
				8.933,
				1,
				1,
				8.967,
				1,
				9,
				0.5,
				9.033,
				0.5,
				1,
				9.067,
				0.5,
				9.1,
				1,
				9.133,
				1,
				1,
				10.1,
				1,
				11.067,
				1,
				12.033,
				1,
				1,
				12.167,
				1,
				12.3,
				1,
				12.433,
				1,
				1,
				12.467,
				1,
				12.5,
				0.5,
				12.533,
				0.5,
				1,
				12.567,
				0.5,
				12.6,
				1,
				12.633,
				1,
				1,
				13.122,
				1,
				13.611,
				1,
				14.1,
				1,
				1,
				14.133,
				1,
				14.167,
				0.5,
				14.2,
				0.5,
				1,
				14.233,
				0.5,
				14.267,
				1,
				14.3,
				1,
				1,
				14.511,
				1,
				14.722,
				1,
				14.933,
				1,
				1,
				14.967,
				1,
				15,
				0.5,
				15.033,
				0.5,
				1,
				15.067,
				0.5,
				15.1,
				1,
				15.133,
				1,
				1,
				16.1,
				1,
				17.067,
				1,
				18.033,
				1
			]
		},
		{
			"Target": "Parameter",
			"Id": "ParamEff28",
			"Segments": [
				0,
				1,
				1,
				0.2,
				1,
				0.4,
				1,
				0.6,
				1,
				1,
				0.633,
				1,
				0.667,
				0.5,
				0.7,
				0.5,
				1,
				0.733,
				0.5,
				0.767,
				1,
				0.8,
				1,
				1,
				1.444,
				1,
				2.089,
				1,
				2.733,
				1,
				1,
				2.767,
				1,
				2.8,
				0.5,
				2.833,
				0.5,
				1,
				2.867,
				0.5,
				2.9,
				1,
				2.933,
				1,
				1,
				3.044,
				1,
				3.156,
				1,
				3.267,
				1,
				1,
				3.3,
				1,
				3.333,
				0.5,
				3.367,
				0.5,
				1,
				3.4,
				0.5,
				3.433,
				1,
				3.467,
				1,
				1,
				4.311,
				1,
				5.156,
				1,
				6,
				1,
				1,
				6.011,
				1,
				6.022,
				1,
				6.033,
				1,
				1,
				6.233,
				1,
				6.433,
				1,
				6.633,
				1,
				1,
				6.667,
				1,
				6.7,
				0.5,
				6.733,
				0.5,
				1,
				6.767,
				0.5,
				6.8,
				1,
				6.833,
				1,
				1,
				7.478,
				1,
				8.122,
				1,
				8.767,
				1,
				1,
				8.8,
				1,
				8.833,
				0.5,
				8.867,
				0.5,
				1,
				8.9,
				0.5,
				8.933,
				1,
				8.967,
				1,
				1,
				9.078,
				1,
				9.189,
				1,
				9.3,
				1,
				1,
				9.333,
				1,
				9.367,
				0.5,
				9.4,
				0.5,
				1,
				9.433,
				0.5,
				9.467,
				1,
				9.5,
				1,
				1,
				10.344,
				1,
				11.189,
				1,
				12.033,
				1,
				1,
				12.233,
				1,
				12.433,
				1,
				12.633,
				1,
				1,
				12.667,
				1,
				12.7,
				0.5,
				12.733,
				0.5,
				1,
				12.767,
				0.5,
				12.8,
				1,
				12.833,
				1,
				1,
				13.478,
				1,
				14.122,
				1,
				14.767,
				1,
				1,
				14.8,
				1,
				14.833,
				0.5,
				14.867,
				0.5,
				1,
				14.9,
				0.5,
				14.933,
				1,
				14.967,
				1,
				1,
				15.078,
				1,
				15.189,
				1,
				15.3,
				1,
				1,
				15.333,
				1,
				15.367,
				0.5,
				15.4,
				0.5,
				1,
				15.433,
				0.5,
				15.467,
				1,
				15.5,
				1,
				1,
				16.344,
				1,
				17.189,
				1,
				18.033,
				1
			]
		},
		{
			"Target": "Parameter",
			"Id": "ParamEff29",
			"Segments": [
				0,
				1,
				1,
				0.589,
				1,
				1.178,
				1,
				1.767,
				1,
				1,
				1.8,
				1,
				1.833,
				0.6,
				1.867,
				0.6,
				1,
				1.9,
				0.6,
				1.933,
				1,
				1.967,
				1,
				1,
				2.567,
				1,
				3.167,
				1,
				3.767,
				1,
				1,
				3.8,
				1,
				3.833,
				0.6,
				3.867,
				0.6,
				1,
				3.9,
				0.6,
				3.933,
				1,
				3.967,
				1,
				1,
				4.2,
				1,
				4.433,
				1,
				4.667,
				1,
				1,
				4.7,
				1,
				4.733,
				0.6,
				4.767,
				0.6,
				1,
				4.8,
				0.6,
				4.833,
				1,
				4.867,
				1,
				1,
				5.244,
				1,
				5.622,
				1,
				6,
				1,
				1,
				6.011,
				1,
				6.022,
				1,
				6.033,
				1,
				1,
				6.622,
				1,
				7.211,
				1,
				7.8,
				1,
				1,
				7.833,
				1,
				7.867,
				0.6,
				7.9,
				0.6,
				1,
				7.933,
				0.6,
				7.967,
				1,
				8,
				1,
				1,
				8.6,
				1,
				9.2,
				1,
				9.8,
				1,
				1,
				9.833,
				1,
				9.867,
				0.6,
				9.9,
				0.6,
				1,
				9.933,
				0.6,
				9.967,
				1,
				10,
				1,
				1,
				10.233,
				1,
				10.467,
				1,
				10.7,
				1,
				1,
				10.733,
				1,
				10.767,
				0.6,
				10.8,
				0.6,
				1,
				10.833,
				0.6,
				10.867,
				1,
				10.9,
				1,
				1,
				11.278,
				1,
				11.656,
				1,
				12.033,
				1,
				1,
				12.622,
				1,
				13.211,
				1,
				13.8,
				1,
				1,
				13.833,
				1,
				13.867,
				0.6,
				13.9,
				0.6,
				1,
				13.933,
				0.6,
				13.967,
				1,
				14,
				1,
				1,
				14.6,
				1,
				15.2,
				1,
				15.8,
				1,
				1,
				15.833,
				1,
				15.867,
				0.6,
				15.9,
				0.6,
				1,
				15.933,
				0.6,
				15.967,
				1,
				16,
				1,
				1,
				16.233,
				1,
				16.467,
				1,
				16.7,
				1,
				1,
				16.733,
				1,
				16.767,
				0.6,
				16.8,
				0.6,
				1,
				16.833,
				0.6,
				16.867,
				1,
				16.9,
				1,
				1,
				17.278,
				1,
				17.656,
				1,
				18.033,
				1
			]
		},
		{
			"Target": "Parameter",
			"Id": "ParamEff30",
			"Segments": [
				0,
				1,
				1,
				0.078,
				1,
				0.156,
				1,
				0.233,
				1,
				1,
				0.267,
				1,
				0.3,
				0.5,
				0.333,
				0.5,
				1,
				0.367,
				0.5,
				0.4,
				1,
				0.433,
				1,
				1,
				0.589,
				1,
				0.744,
				1,
				0.9,
				1,
				1,
				0.933,
				1,
				0.967,
				0.5,
				1,
				0.5,
				1,
				1.033,
				0.5,
				1.067,
				1,
				1.1,
				1,
				1,
				1.7,
				1,
				2.3,
				1,
				2.9,
				1,
				1,
				2.933,
				1,
				2.967,
				0.5,
				3,
				0.5,
				1,
				3.033,
				0.5,
				3.067,
				1,
				3.1,
				1,
				1,
				3.556,
				1,
				4.011,
				0.9,
				4.467,
				0.9,
				1,
				4.978,
				0.9,
				5.489,
				1,
				6,
				1,
				1,
				6.011,
				1,
				6.022,
				1,
				6.033,
				1,
				1,
				6.111,
				1,
				6.189,
				1,
				6.267,
				1,
				1,
				6.3,
				1,
				6.333,
				0.5,
				6.367,
				0.5,
				1,
				6.4,
				0.5,
				6.433,
				1,
				6.467,
				1,
				1,
				6.622,
				1,
				6.778,
				1,
				6.933,
				1,
				1,
				6.967,
				1,
				7,
				0.5,
				7.033,
				0.5,
				1,
				7.067,
				0.5,
				7.1,
				1,
				7.133,
				1,
				1,
				7.733,
				1,
				8.333,
				1,
				8.933,
				1,
				1,
				8.967,
				1,
				9,
				0.5,
				9.033,
				0.5,
				1,
				9.067,
				0.5,
				9.1,
				1,
				9.133,
				1,
				1,
				9.589,
				1,
				10.044,
				0.9,
				10.5,
				0.9,
				1,
				11.011,
				0.9,
				11.522,
				1,
				12.033,
				1,
				1,
				12.111,
				1,
				12.189,
				1,
				12.267,
				1,
				1,
				12.3,
				1,
				12.333,
				0.5,
				12.367,
				0.5,
				1,
				12.4,
				0.5,
				12.433,
				1,
				12.467,
				1,
				1,
				12.622,
				1,
				12.778,
				1,
				12.933,
				1,
				1,
				12.967,
				1,
				13,
				0.5,
				13.033,
				0.5,
				1,
				13.067,
				0.5,
				13.1,
				1,
				13.133,
				1,
				1,
				13.733,
				1,
				14.333,
				1,
				14.933,
				1,
				1,
				14.967,
				1,
				15,
				0.5,
				15.033,
				0.5,
				1,
				15.067,
				0.5,
				15.1,
				1,
				15.133,
				1,
				1,
				15.589,
				1,
				16.044,
				0.9,
				16.5,
				0.9,
				1,
				17.011,
				0.9,
				17.522,
				1,
				18.033,
				1
			]
		},
		{
			"Target": "Parameter",
			"Id": "ParamEff31",
			"Segments": [
				0,
				1,
				1,
				0.556,
				1,
				1.111,
				1,
				1.667,
				1,
				1,
				1.7,
				1,
				1.733,
				0.6,
				1.767,
				0.6,
				1,
				1.8,
				0.6,
				1.833,
				1,
				1.867,
				1,
				1,
				2.378,
				1,
				2.889,
				0.9,
				3.4,
				0.9,
				1,
				3.878,
				0.9,
				4.356,
				1,
				4.833,
				1,
				1,
				4.867,
				1,
				4.9,
				0.6,
				4.933,
				0.6,
				1,
				4.967,
				0.6,
				5,
				1,
				5.033,
				1,
				1,
				5.189,
				1,
				5.344,
				1,
				5.5,
				1,
				1,
				5.533,
				1,
				5.567,
				0.6,
				5.6,
				0.6,
				1,
				5.633,
				0.6,
				5.667,
				1,
				5.7,
				1,
				1,
				5.811,
				1,
				5.922,
				1,
				6.033,
				1,
				1,
				6.589,
				1,
				7.144,
				1,
				7.7,
				1,
				1,
				7.733,
				1,
				7.767,
				0.6,
				7.8,
				0.6,
				1,
				7.833,
				0.6,
				7.867,
				1,
				7.9,
				1,
				1,
				8.411,
				1,
				8.922,
				0.9,
				9.433,
				0.9,
				1,
				9.911,
				0.9,
				10.389,
				1,
				10.867,
				1,
				1,
				10.9,
				1,
				10.933,
				0.6,
				10.967,
				0.6,
				1,
				11,
				0.6,
				11.033,
				1,
				11.067,
				1,
				1,
				11.222,
				1,
				11.378,
				1,
				11.533,
				1,
				1,
				11.567,
				1,
				11.6,
				0.6,
				11.633,
				0.6,
				1,
				11.667,
				0.6,
				11.7,
				1,
				11.733,
				1,
				1,
				11.833,
				1,
				11.933,
				1,
				12.033,
				1,
				1,
				12.589,
				1,
				13.144,
				1,
				13.7,
				1,
				1,
				13.733,
				1,
				13.767,
				0.6,
				13.8,
				0.6,
				1,
				13.833,
				0.6,
				13.867,
				1,
				13.9,
				1,
				1,
				14.411,
				1,
				14.922,
				0.9,
				15.433,
				0.9,
				1,
				15.911,
				0.9,
				16.389,
				1,
				16.867,
				1,
				1,
				16.9,
				1,
				16.933,
				0.6,
				16.967,
				0.6,
				1,
				17,
				0.6,
				17.033,
				1,
				17.067,
				1,
				1,
				17.222,
				1,
				17.378,
				1,
				17.533,
				1,
				1,
				17.567,
				1,
				17.6,
				0.6,
				17.633,
				0.6,
				1,
				17.667,
				0.6,
				17.7,
				1,
				17.733,
				1,
				0,
				18.033,
				1
			]
		},
		{
			"Target": "Parameter",
			"Id": "ParamEff32",
			"Segments": [
				0,
				1,
				1,
				0.456,
				1,
				0.911,
				1,
				1.367,
				1,
				1,
				1.4,
				1,
				1.433,
				0.5,
				1.467,
				0.5,
				1,
				1.5,
				0.5,
				1.533,
				1,
				1.567,
				1,
				1,
				1.689,
				1,
				1.811,
				1,
				1.933,
				1,
				1,
				1.967,
				1,
				2,
				0.5,
				2.033,
				0.5,
				1,
				2.067,
				0.5,
				2.1,
				1,
				2.133,
				1,
				1,
				2.711,
				1,
				3.289,
				0.9,
				3.867,
				0.9,
				1,
				4.378,
				0.9,
				4.889,
				1,
				5.4,
				1,
				1,
				5.433,
				1,
				5.467,
				0.5,
				5.5,
				0.5,
				1,
				5.533,
				0.5,
				5.567,
				1,
				5.6,
				1,
				1,
				5.733,
				1,
				5.867,
				1,
				6,
				1,
				1,
				6.011,
				1,
				6.022,
				1,
				6.033,
				1,
				1,
				6.489,
				1,
				6.944,
				1,
				7.4,
				1,
				1,
				7.433,
				1,
				7.467,
				0.5,
				7.5,
				0.5,
				1,
				7.533,
				0.5,
				7.567,
				1,
				7.6,
				1,
				1,
				7.722,
				1,
				7.844,
				1,
				7.967,
				1,
				1,
				8,
				1,
				8.033,
				0.5,
				8.067,
				0.5,
				1,
				8.1,
				0.5,
				8.133,
				1,
				8.167,
				1,
				1,
				8.744,
				1,
				9.322,
				0.9,
				9.9,
				0.9,
				1,
				10.411,
				0.9,
				10.922,
				1,
				11.433,
				1,
				1,
				11.467,
				1,
				11.5,
				0.5,
				11.533,
				0.5,
				1,
				11.567,
				0.5,
				11.6,
				1,
				11.633,
				1,
				1,
				11.767,
				1,
				11.9,
				1,
				12.033,
				1,
				1,
				12.489,
				1,
				12.944,
				1,
				13.4,
				1,
				1,
				13.433,
				1,
				13.467,
				0.5,
				13.5,
				0.5,
				1,
				13.533,
				0.5,
				13.567,
				1,
				13.6,
				1,
				1,
				13.722,
				1,
				13.844,
				1,
				13.967,
				1,
				1,
				14,
				1,
				14.033,
				0.5,
				14.067,
				0.5,
				1,
				14.1,
				0.5,
				14.133,
				1,
				14.167,
				1,
				1,
				14.744,
				1,
				15.322,
				0.9,
				15.9,
				0.9,
				1,
				16.411,
				0.9,
				16.922,
				1,
				17.433,
				1,
				1,
				17.467,
				1,
				17.5,
				0.5,
				17.533,
				0.5,
				1,
				17.567,
				0.5,
				17.6,
				1,
				17.633,
				1,
				1,
				17.767,
				1,
				17.9,
				1,
				18.033,
				1
			]
		},
		{
			"Target": "Parameter",
			"Id": "ParamEff33",
			"Segments": [
				0,
				1,
				1,
				0.222,
				1,
				0.444,
				1,
				0.667,
				1,
				1,
				0.7,
				1,
				0.733,
				0.5,
				0.767,
				0.5,
				1,
				0.8,
				0.5,
				0.833,
				1,
				0.867,
				1,
				1,
				1.367,
				1,
				1.867,
				1,
				2.367,
				1,
				1,
				2.4,
				1,
				2.433,
				0.5,
				2.467,
				0.5,
				1,
				2.5,
				0.5,
				2.533,
				1,
				2.567,
				1,
				1,
				3.111,
				1,
				3.656,
				1,
				4.2,
				1,
				1,
				4.233,
				1,
				4.267,
				0.5,
				4.3,
				0.5,
				1,
				4.333,
				0.5,
				4.367,
				1,
				4.4,
				1,
				1,
				4.933,
				1,
				5.467,
				1,
				6,
				1,
				1,
				6.011,
				1,
				6.022,
				1,
				6.033,
				1,
				1,
				6.256,
				1,
				6.478,
				1,
				6.7,
				1,
				1,
				6.733,
				1,
				6.767,
				0.5,
				6.8,
				0.5,
				1,
				6.833,
				0.5,
				6.867,
				1,
				6.9,
				1,
				1,
				7.4,
				1,
				7.9,
				1,
				8.4,
				1,
				1,
				8.433,
				1,
				8.467,
				0.5,
				8.5,
				0.5,
				1,
				8.533,
				0.5,
				8.567,
				1,
				8.6,
				1,
				1,
				9.144,
				1,
				9.689,
				1,
				10.233,
				1,
				1,
				10.267,
				1,
				10.3,
				0.5,
				10.333,
				0.5,
				1,
				10.367,
				0.5,
				10.4,
				1,
				10.433,
				1,
				1,
				10.967,
				1,
				11.5,
				1,
				12.033,
				1,
				1,
				12.256,
				1,
				12.478,
				1,
				12.7,
				1,
				1,
				12.733,
				1,
				12.767,
				0.5,
				12.8,
				0.5,
				1,
				12.833,
				0.5,
				12.867,
				1,
				12.9,
				1,
				1,
				13.4,
				1,
				13.9,
				1,
				14.4,
				1,
				1,
				14.433,
				1,
				14.467,
				0.5,
				14.5,
				0.5,
				1,
				14.533,
				0.5,
				14.567,
				1,
				14.6,
				1,
				1,
				15.144,
				1,
				15.689,
				1,
				16.233,
				1,
				1,
				16.267,
				1,
				16.3,
				0.5,
				16.333,
				0.5,
				1,
				16.367,
				0.5,
				16.4,
				1,
				16.433,
				1,
				1,
				16.967,
				1,
				17.5,
				1,
				18.033,
				1
			]
		},
		{
			"Target": "Parameter",
			"Id": "ParamEyeRL",
			"Segments": [
				0,
				0,
				1,
				0.033,
				0,
				0.067,
				6,
				0.1,
				6,
				1,
				0.122,
				6,
				0.144,
				6,
				0.167,
				6,
				1,
				0.222,
				6,
				0.278,
				-6,
				0.333,
				-6,
				1,
				0.356,
				-6,
				0.378,
				10.768,
				0.4,
				13,
				1,
				0.422,
				15.232,
				0.444,
				15,
				0.467,
				15,
				1,
				0.489,
				15,
				0.511,
				-9,
				0.533,
				-9,
				1,
				0.567,
				-9,
				0.6,
				-7.568,
				0.633,
				-4,
				1,
				0.656,
				-1.621,
				0.678,
				3.453,
				0.7,
				4,
				1,
				0.722,
				4.547,
				0.744,
				4.489,
				0.767,
				5,
				1,
				0.789,
				5.511,
				0.811,
				7,
				0.833,
				7,
				1,
				0.867,
				7,
				0.9,
				-11,
				0.933,
				-11,
				1,
				0.956,
				-11,
				0.978,
				7,
				1,
				7,
				1,
				1.022,
				7,
				1.044,
				-6,
				1.067,
				-6,
				1,
				1.078,
				-6,
				1.089,
				6,
				1.1,
				6,
				1,
				1.133,
				6,
				1.167,
				5.932,
				1.2,
				4,
				1,
				1.222,
				2.712,
				1.244,
				-9,
				1.267,
				-9,
				1,
				1.311,
				-9,
				1.356,
				0,
				1.4,
				0,
				1,
				1.411,
				0,
				1.422,
				-2,
				1.433,
				-2,
				1,
				1.456,
				-2,
				1.478,
				6,
				1.5,
				6,
				1,
				1.522,
				6,
				1.544,
				6,
				1.567,
				6,
				1,
				1.589,
				6,
				1.611,
				-4,
				1.633,
				-4,
				1,
				1.689,
				-4,
				1.744,
				6.579,
				1.8,
				13,
				1,
				1.822,
				15.568,
				1.844,
				15,
				1.867,
				15,
				1,
				1.889,
				15,
				1.911,
				-9,
				1.933,
				-9,
				1,
				1.956,
				-9,
				1.978,
				8,
				2,
				8,
				1,
				2.033,
				8,
				2.067,
				4,
				2.1,
				4,
				1,
				2.122,
				4,
				2.144,
				4.126,
				2.167,
				5,
				1,
				2.189,
				5.874,
				2.211,
				7,
				2.233,
				7,
				1,
				2.267,
				7,
				2.3,
				-11,
				2.333,
				-11,
				1,
				2.356,
				-11,
				2.378,
				7,
				2.4,
				7,
				1,
				2.422,
				7,
				2.444,
				-6,
				2.467,
				-6,
				1,
				2.5,
				-6,
				2.533,
				-5.548,
				2.567,
				-2,
				1,
				2.589,
				0.365,
				2.611,
				6,
				2.633,
				6,
				1,
				2.656,
				6,
				2.678,
				6,
				2.7,
				6,
				1,
				2.722,
				6,
				2.744,
				-2.728,
				2.767,
				-4,
				1,
				2.8,
				-5.909,
				2.833,
				-6,
				2.867,
				-6,
				1,
				2.911,
				-6,
				2.956,
				15,
				3,
				15,
				1,
				3.022,
				15,
				3.044,
				-9,
				3.067,
				-9,
				1,
				3.089,
				-9,
				3.111,
				8,
				3.133,
				8,
				1,
				3.144,
				8,
				3.156,
				-4,
				3.167,
				-4,
				1,
				3.189,
				-4,
				3.211,
				2.919,
				3.233,
				4,
				1,
				3.256,
				5.081,
				3.278,
				5,
				3.3,
				5,
				1,
				3.356,
				5,
				3.411,
				-11,
				3.467,
				-11,
				1,
				3.489,
				-11,
				3.511,
				7,
				3.533,
				7,
				1,
				3.556,
				7,
				3.578,
				-6,
				3.6,
				-6,
				1,
				3.611,
				-6,
				3.622,
				6,
				3.633,
				6,
				1,
				3.667,
				6,
				3.7,
				4,
				3.733,
				4,
				1,
				3.767,
				4,
				3.8,
				8,
				3.833,
				8,
				1,
				3.867,
				8,
				3.9,
				-4,
				3.933,
				-4,
				1,
				3.978,
				-4,
				4.022,
				7.873,
				4.067,
				13,
				1,
				4.089,
				15.563,
				4.111,
				15,
				4.133,
				15,
				1,
				4.156,
				15,
				4.178,
				-9,
				4.2,
				-9,
				1,
				4.222,
				-9,
				4.244,
				8,
				4.267,
				8,
				1,
				4.3,
				8,
				4.333,
				4,
				4.367,
				4,
				1,
				4.389,
				4,
				4.411,
				4.126,
				4.433,
				5,
				1,
				4.456,
				5.874,
				4.478,
				7,
				4.5,
				7,
				1,
				4.533,
				7,
				4.567,
				-11,
				4.6,
				-11,
				1,
				4.622,
				-11,
				4.644,
				7,
				4.667,
				7,
				1,
				4.689,
				7,
				4.711,
				-6,
				4.733,
				-6,
				1,
				4.767,
				-6,
				4.8,
				-5.548,
				4.833,
				-2,
				1,
				4.856,
				0.365,
				4.878,
				6,
				4.9,
				6,
				1,
				4.922,
				6,
				4.944,
				6,
				4.967,
				6,
				1,
				4.989,
				6,
				5.011,
				-2.728,
				5.033,
				-4,
				1,
				5.067,
				-5.909,
				5.1,
				-6,
				5.133,
				-6,
				1,
				5.178,
				-6,
				5.222,
				15,
				5.267,
				15,
				1,
				5.289,
				15,
				5.311,
				-9,
				5.333,
				-9,
				1,
				5.356,
				-9,
				5.378,
				8,
				5.4,
				8,
				1,
				5.411,
				8,
				5.422,
				-4,
				5.433,
				-4,
				1,
				5.456,
				-4,
				5.478,
				2.919,
				5.5,
				4,
				1,
				5.522,
				5.081,
				5.544,
				5,
				5.567,
				5,
				1,
				5.622,
				5,
				5.678,
				-11,
				5.733,
				-11,
				1,
				5.756,
				-11,
				5.778,
				7,
				5.8,
				7,
				1,
				5.822,
				7,
				5.844,
				-6,
				5.867,
				-6,
				1,
				5.878,
				-6,
				5.889,
				6,
				5.9,
				6,
				1,
				5.933,
				6,
				5.967,
				5.623,
				6,
				4,
				1,
				6.011,
				3.459,
				6.022,
				0,
				6.033,
				0,
				1,
				6.067,
				0,
				6.1,
				6,
				6.133,
				6,
				1,
				6.156,
				6,
				6.178,
				6,
				6.2,
				6,
				1,
				6.256,
				6,
				6.311,
				-6,
				6.367,
				-6,
				1,
				6.389,
				-6,
				6.411,
				10.768,
				6.433,
				13,
				1,
				6.456,
				15.232,
				6.478,
				15,
				6.5,
				15,
				1,
				6.522,
				15,
				6.544,
				-9,
				6.567,
				-9,
				1,
				6.6,
				-9,
				6.633,
				-7.568,
				6.667,
				-4,
				1,
				6.689,
				-1.621,
				6.711,
				3.453,
				6.733,
				4,
				1,
				6.756,
				4.547,
				6.778,
				4.489,
				6.8,
				5,
				1,
				6.822,
				5.511,
				6.844,
				7,
				6.867,
				7,
				1,
				6.9,
				7,
				6.933,
				-11,
				6.967,
				-11,
				1,
				6.989,
				-11,
				7.011,
				7,
				7.033,
				7,
				1,
				7.056,
				7,
				7.078,
				-6,
				7.1,
				-6,
				1,
				7.111,
				-6,
				7.122,
				6,
				7.133,
				6,
				1,
				7.167,
				6,
				7.2,
				5.932,
				7.233,
				4,
				1,
				7.256,
				2.712,
				7.278,
				-9,
				7.3,
				-9,
				1,
				7.344,
				-9,
				7.389,
				0,
				7.433,
				0,
				1,
				7.444,
				0,
				7.456,
				-2,
				7.467,
				-2,
				1,
				7.489,
				-2,
				7.511,
				6,
				7.533,
				6,
				1,
				7.556,
				6,
				7.578,
				6,
				7.6,
				6,
				1,
				7.622,
				6,
				7.644,
				-4,
				7.667,
				-4,
				1,
				7.722,
				-4,
				7.778,
				6.579,
				7.833,
				13,
				1,
				7.856,
				15.568,
				7.878,
				15,
				7.9,
				15,
				1,
				7.922,
				15,
				7.944,
				-9,
				7.967,
				-9,
				1,
				7.989,
				-9,
				8.011,
				8,
				8.033,
				8,
				1,
				8.067,
				8,
				8.1,
				4,
				8.133,
				4,
				1,
				8.156,
				4,
				8.178,
				4.126,
				8.2,
				5,
				1,
				8.222,
				5.874,
				8.244,
				7,
				8.267,
				7,
				1,
				8.3,
				7,
				8.333,
				-11,
				8.367,
				-11,
				1,
				8.389,
				-11,
				8.411,
				7,
				8.433,
				7,
				1,
				8.456,
				7,
				8.478,
				-6,
				8.5,
				-6,
				1,
				8.533,
				-6,
				8.567,
				-5.548,
				8.6,
				-2,
				1,
				8.622,
				0.365,
				8.644,
				6,
				8.667,
				6,
				1,
				8.689,
				6,
				8.711,
				6,
				8.733,
				6,
				1,
				8.756,
				6,
				8.778,
				-2.728,
				8.8,
				-4,
				1,
				8.833,
				-5.909,
				8.867,
				-6,
				8.9,
				-6,
				1,
				8.944,
				-6,
				8.989,
				15,
				9.033,
				15,
				1,
				9.056,
				15,
				9.078,
				-9,
				9.1,
				-9,
				1,
				9.122,
				-9,
				9.144,
				8,
				9.167,
				8,
				1,
				9.178,
				8,
				9.189,
				-4,
				9.2,
				-4,
				1,
				9.222,
				-4,
				9.244,
				2.919,
				9.267,
				4,
				1,
				9.289,
				5.081,
				9.311,
				5,
				9.333,
				5,
				1,
				9.389,
				5,
				9.444,
				-11,
				9.5,
				-11,
				1,
				9.522,
				-11,
				9.544,
				7,
				9.567,
				7,
				1,
				9.589,
				7,
				9.611,
				-6,
				9.633,
				-6,
				1,
				9.644,
				-6,
				9.656,
				6,
				9.667,
				6,
				1,
				9.7,
				6,
				9.733,
				4,
				9.767,
				4,
				1,
				9.8,
				4,
				9.833,
				8,
				9.867,
				8,
				1,
				9.9,
				8,
				9.933,
				-4,
				9.967,
				-4,
				1,
				10.011,
				-4,
				10.056,
				7.873,
				10.1,
				13,
				1,
				10.122,
				15.563,
				10.144,
				15,
				10.167,
				15,
				1,
				10.189,
				15,
				10.211,
				-9,
				10.233,
				-9,
				1,
				10.256,
				-9,
				10.278,
				8,
				10.3,
				8,
				1,
				10.333,
				8,
				10.367,
				4,
				10.4,
				4,
				1,
				10.422,
				4,
				10.444,
				4.126,
				10.467,
				5,
				1,
				10.489,
				5.874,
				10.511,
				7,
				10.533,
				7,
				1,
				10.567,
				7,
				10.6,
				-11,
				10.633,
				-11,
				1,
				10.656,
				-11,
				10.678,
				7,
				10.7,
				7,
				1,
				10.722,
				7,
				10.744,
				-6,
				10.767,
				-6,
				1,
				10.8,
				-6,
				10.833,
				-5.548,
				10.867,
				-2,
				1,
				10.889,
				0.365,
				10.911,
				6,
				10.933,
				6,
				1,
				10.956,
				6,
				10.978,
				6,
				11,
				6,
				1,
				11.022,
				6,
				11.044,
				-2.728,
				11.067,
				-4,
				1,
				11.1,
				-5.909,
				11.133,
				-6,
				11.167,
				-6,
				1,
				11.211,
				-6,
				11.256,
				15,
				11.3,
				15,
				1,
				11.322,
				15,
				11.344,
				-9,
				11.367,
				-9,
				1,
				11.389,
				-9,
				11.411,
				8,
				11.433,
				8,
				1,
				11.444,
				8,
				11.456,
				-4,
				11.467,
				-4,
				1,
				11.489,
				-4,
				11.511,
				2.919,
				11.533,
				4,
				1,
				11.556,
				5.081,
				11.578,
				5,
				11.6,
				5,
				1,
				11.656,
				5,
				11.711,
				-11,
				11.767,
				-11,
				1,
				11.789,
				-11,
				11.811,
				7,
				11.833,
				7,
				1,
				11.856,
				7,
				11.878,
				-6,
				11.9,
				-6,
				1,
				11.911,
				-6,
				11.922,
				6,
				11.933,
				6,
				1,
				11.967,
				6,
				12,
				0,
				12.033,
				0,
				1,
				12.067,
				0,
				12.1,
				6,
				12.133,
				6,
				1,
				12.156,
				6,
				12.178,
				6,
				12.2,
				6,
				1,
				12.256,
				6,
				12.311,
				-6,
				12.367,
				-6,
				1,
				12.389,
				-6,
				12.411,
				10.768,
				12.433,
				13,
				1,
				12.456,
				15.232,
				12.478,
				15,
				12.5,
				15,
				1,
				12.522,
				15,
				12.544,
				-9,
				12.567,
				-9,
				1,
				12.6,
				-9,
				12.633,
				-7.568,
				12.667,
				-4,
				1,
				12.689,
				-1.621,
				12.711,
				3.453,
				12.733,
				4,
				1,
				12.756,
				4.547,
				12.778,
				4.489,
				12.8,
				5,
				1,
				12.822,
				5.511,
				12.844,
				7,
				12.867,
				7,
				1,
				12.9,
				7,
				12.933,
				-11,
				12.967,
				-11,
				1,
				12.989,
				-11,
				13.011,
				7,
				13.033,
				7,
				1,
				13.056,
				7,
				13.078,
				-6,
				13.1,
				-6,
				1,
				13.111,
				-6,
				13.122,
				6,
				13.133,
				6,
				1,
				13.167,
				6,
				13.2,
				5.932,
				13.233,
				4,
				1,
				13.256,
				2.712,
				13.278,
				-9,
				13.3,
				-9,
				1,
				13.344,
				-9,
				13.389,
				0,
				13.433,
				0,
				1,
				13.444,
				0,
				13.456,
				-2,
				13.467,
				-2,
				1,
				13.489,
				-2,
				13.511,
				6,
				13.533,
				6,
				1,
				13.556,
				6,
				13.578,
				6,
				13.6,
				6,
				1,
				13.622,
				6,
				13.644,
				-4,
				13.667,
				-4,
				1,
				13.722,
				-4,
				13.778,
				6.579,
				13.833,
				13,
				1,
				13.856,
				15.568,
				13.878,
				15,
				13.9,
				15,
				1,
				13.922,
				15,
				13.944,
				-9,
				13.967,
				-9,
				1,
				13.989,
				-9,
				14.011,
				8,
				14.033,
				8,
				1,
				14.067,
				8,
				14.1,
				4,
				14.133,
				4,
				1,
				14.156,
				4,
				14.178,
				4.126,
				14.2,
				5,
				1,
				14.222,
				5.874,
				14.244,
				7,
				14.267,
				7,
				1,
				14.3,
				7,
				14.333,
				-11,
				14.367,
				-11,
				1,
				14.389,
				-11,
				14.411,
				7,
				14.433,
				7,
				1,
				14.456,
				7,
				14.478,
				-6,
				14.5,
				-6,
				1,
				14.533,
				-6,
				14.567,
				-5.548,
				14.6,
				-2,
				1,
				14.622,
				0.365,
				14.644,
				6,
				14.667,
				6,
				1,
				14.689,
				6,
				14.711,
				6,
				14.733,
				6,
				1,
				14.756,
				6,
				14.778,
				-2.728,
				14.8,
				-4,
				1,
				14.833,
				-5.909,
				14.867,
				-6,
				14.9,
				-6,
				1,
				14.944,
				-6,
				14.989,
				15,
				15.033,
				15,
				1,
				15.056,
				15,
				15.078,
				-9,
				15.1,
				-9,
				1,
				15.122,
				-9,
				15.144,
				8,
				15.167,
				8,
				1,
				15.178,
				8,
				15.189,
				-4,
				15.2,
				-4,
				1,
				15.222,
				-4,
				15.244,
				2.919,
				15.267,
				4,
				1,
				15.289,
				5.081,
				15.311,
				5,
				15.333,
				5,
				1,
				15.389,
				5,
				15.444,
				-11,
				15.5,
				-11,
				1,
				15.522,
				-11,
				15.544,
				7,
				15.567,
				7,
				1,
				15.589,
				7,
				15.611,
				-6,
				15.633,
				-6,
				1,
				15.644,
				-6,
				15.656,
				6,
				15.667,
				6,
				1,
				15.7,
				6,
				15.733,
				4,
				15.767,
				4,
				1,
				15.8,
				4,
				15.833,
				8,
				15.867,
				8,
				1,
				15.9,
				8,
				15.933,
				-4,
				15.967,
				-4,
				1,
				16.011,
				-4,
				16.056,
				7.873,
				16.1,
				13,
				1,
				16.122,
				15.563,
				16.144,
				15,
				16.167,
				15,
				1,
				16.189,
				15,
				16.211,
				-9,
				16.233,
				-9,
				1,
				16.256,
				-9,
				16.278,
				8,
				16.3,
				8,
				1,
				16.333,
				8,
				16.367,
				4,
				16.4,
				4,
				1,
				16.422,
				4,
				16.444,
				4.126,
				16.467,
				5,
				1,
				16.489,
				5.874,
				16.511,
				7,
				16.533,
				7,
				1,
				16.567,
				7,
				16.6,
				-11,
				16.633,
				-11,
				1,
				16.656,
				-11,
				16.678,
				7,
				16.7,
				7,
				1,
				16.722,
				7,
				16.744,
				-6,
				16.767,
				-6,
				1,
				16.8,
				-6,
				16.833,
				-5.548,
				16.867,
				-2,
				1,
				16.889,
				0.365,
				16.911,
				6,
				16.933,
				6,
				1,
				16.956,
				6,
				16.978,
				6,
				17,
				6,
				1,
				17.022,
				6,
				17.044,
				-2.728,
				17.067,
				-4,
				1,
				17.1,
				-5.909,
				17.133,
				-6,
				17.167,
				-6,
				1,
				17.211,
				-6,
				17.256,
				15,
				17.3,
				15,
				1,
				17.322,
				15,
				17.344,
				-9,
				17.367,
				-9,
				1,
				17.389,
				-9,
				17.411,
				8,
				17.433,
				8,
				1,
				17.444,
				8,
				17.456,
				-4,
				17.467,
				-4,
				1,
				17.489,
				-4,
				17.511,
				2.919,
				17.533,
				4,
				1,
				17.556,
				5.081,
				17.578,
				5,
				17.6,
				5,
				1,
				17.656,
				5,
				17.711,
				-11,
				17.767,
				-11,
				1,
				17.789,
				-11,
				17.811,
				7,
				17.833,
				7,
				1,
				17.856,
				7,
				17.878,
				-6,
				17.9,
				-6,
				1,
				17.911,
				-6,
				17.922,
				6,
				17.933,
				6,
				1,
				17.967,
				6,
				18,
				4,
				18.033,
				4
			]
		},
		{
			"Target": "Parameter",
			"Id": "ParamEyeUD",
			"Segments": [
				0,
				0,
				1,
				0.033,
				0,
				0.067,
				4,
				0.1,
				4,
				1,
				0.122,
				4,
				0.144,
				-14.649,
				0.167,
				-15,
				1,
				0.222,
				-15.877,
				0.278,
				-16,
				0.333,
				-16,
				1,
				0.356,
				-16,
				0.378,
				-16.239,
				0.4,
				-14,
				1,
				0.422,
				-11.761,
				0.444,
				6,
				0.467,
				6,
				1,
				0.489,
				6,
				0.511,
				2,
				0.533,
				2,
				1,
				0.567,
				2,
				0.6,
				10,
				0.633,
				10,
				1,
				0.656,
				10,
				0.678,
				-2,
				0.7,
				-2,
				1,
				0.722,
				-2,
				0.744,
				-1.933,
				0.767,
				0,
				1,
				0.789,
				1.933,
				0.811,
				6,
				0.833,
				6,
				1,
				0.867,
				6,
				0.9,
				6,
				0.933,
				6,
				1,
				0.956,
				6,
				0.978,
				10,
				1,
				10,
				1,
				1.022,
				10,
				1.044,
				-10,
				1.067,
				-10,
				1,
				1.078,
				-10,
				1.089,
				5,
				1.1,
				5,
				1,
				1.133,
				5,
				1.167,
				-11,
				1.2,
				-11,
				1,
				1.222,
				-11,
				1.244,
				2,
				1.267,
				2,
				1,
				1.311,
				2,
				1.356,
				1.576,
				1.4,
				0,
				1,
				1.411,
				-0.394,
				1.422,
				-8,
				1.433,
				-8,
				1,
				1.456,
				-8,
				1.478,
				4,
				1.5,
				4,
				1,
				1.522,
				4,
				1.544,
				-15,
				1.567,
				-15,
				1,
				1.589,
				-15,
				1.611,
				6,
				1.633,
				6,
				1,
				1.689,
				6,
				1.744,
				-14,
				1.8,
				-14,
				1,
				1.822,
				-14,
				1.844,
				6,
				1.867,
				6,
				1,
				1.889,
				6,
				1.911,
				4.667,
				1.933,
				2,
				1,
				1.956,
				-0.667,
				1.978,
				-2,
				2,
				-2,
				1,
				2.033,
				-2,
				2.067,
				-2,
				2.1,
				-2,
				1,
				2.122,
				-2,
				2.144,
				-1.933,
				2.167,
				0,
				1,
				2.189,
				1.933,
				2.211,
				6,
				2.233,
				6,
				1,
				2.267,
				6,
				2.3,
				6,
				2.333,
				6,
				1,
				2.356,
				6,
				2.378,
				10,
				2.4,
				10,
				1,
				2.422,
				10,
				2.444,
				-10,
				2.467,
				-10,
				1,
				2.5,
				-10,
				2.533,
				-9.926,
				2.567,
				-8,
				1,
				2.589,
				-6.716,
				2.611,
				4,
				2.633,
				4,
				1,
				2.656,
				4,
				2.678,
				-15,
				2.7,
				-15,
				1,
				2.722,
				-15,
				2.744,
				6,
				2.767,
				6,
				1,
				2.8,
				6,
				2.833,
				-16,
				2.867,
				-16,
				1,
				2.911,
				-16,
				2.956,
				6,
				3,
				6,
				1,
				3.022,
				6,
				3.044,
				4.667,
				3.067,
				2,
				1,
				3.089,
				-0.667,
				3.111,
				-2,
				3.133,
				-2,
				1,
				3.144,
				-2,
				3.156,
				10,
				3.167,
				10,
				1,
				3.189,
				10,
				3.211,
				-2,
				3.233,
				-2,
				1,
				3.256,
				-2,
				3.278,
				-0.897,
				3.3,
				0,
				1,
				3.356,
				2.242,
				3.411,
				3.568,
				3.467,
				6,
				1,
				3.489,
				6.973,
				3.511,
				10,
				3.533,
				10,
				1,
				3.556,
				10,
				3.578,
				-10,
				3.6,
				-10,
				1,
				3.611,
				-10,
				3.622,
				5,
				3.633,
				5,
				1,
				3.667,
				5,
				3.7,
				-11,
				3.733,
				-11,
				1,
				3.767,
				-11,
				3.8,
				-11.218,
				3.833,
				-8,
				1,
				3.867,
				-4.782,
				3.9,
				10,
				3.933,
				10,
				1,
				3.978,
				10,
				4.022,
				-14,
				4.067,
				-14,
				1,
				4.089,
				-14,
				4.111,
				6,
				4.133,
				6,
				1,
				4.156,
				6,
				4.178,
				4.667,
				4.2,
				2,
				1,
				4.222,
				-0.667,
				4.244,
				-2,
				4.267,
				-2,
				1,
				4.3,
				-2,
				4.333,
				-2,
				4.367,
				-2,
				1,
				4.389,
				-2,
				4.411,
				-1.933,
				4.433,
				0,
				1,
				4.456,
				1.933,
				4.478,
				6,
				4.5,
				6,
				1,
				4.533,
				6,
				4.567,
				6,
				4.6,
				6,
				1,
				4.622,
				6,
				4.644,
				10,
				4.667,
				10,
				1,
				4.689,
				10,
				4.711,
				-10,
				4.733,
				-10,
				1,
				4.767,
				-10,
				4.8,
				-9.926,
				4.833,
				-8,
				1,
				4.856,
				-6.716,
				4.878,
				4,
				4.9,
				4,
				1,
				4.922,
				4,
				4.944,
				-15,
				4.967,
				-15,
				1,
				4.989,
				-15,
				5.011,
				6,
				5.033,
				6,
				1,
				5.067,
				6,
				5.1,
				-16,
				5.133,
				-16,
				1,
				5.178,
				-16,
				5.222,
				6,
				5.267,
				6,
				1,
				5.289,
				6,
				5.311,
				4.667,
				5.333,
				2,
				1,
				5.356,
				-0.667,
				5.378,
				-2,
				5.4,
				-2,
				1,
				5.411,
				-2,
				5.422,
				10,
				5.433,
				10,
				1,
				5.456,
				10,
				5.478,
				-2,
				5.5,
				-2,
				1,
				5.522,
				-2,
				5.544,
				-0.897,
				5.567,
				0,
				1,
				5.622,
				2.242,
				5.678,
				3.568,
				5.733,
				6,
				1,
				5.756,
				6.973,
				5.778,
				10,
				5.8,
				10,
				1,
				5.822,
				10,
				5.844,
				-10,
				5.867,
				-10,
				1,
				5.878,
				-10,
				5.889,
				5,
				5.9,
				5,
				1,
				5.933,
				5,
				5.967,
				-11,
				6,
				-11,
				1,
				6.011,
				-11,
				6.022,
				-1.104,
				6.033,
				0,
				1,
				6.067,
				3.313,
				6.1,
				4,
				6.133,
				4,
				1,
				6.156,
				4,
				6.178,
				-14.649,
				6.2,
				-15,
				1,
				6.256,
				-15.877,
				6.311,
				-16,
				6.367,
				-16,
				1,
				6.389,
				-16,
				6.411,
				-16.239,
				6.433,
				-14,
				1,
				6.456,
				-11.761,
				6.478,
				6,
				6.5,
				6,
				1,
				6.522,
				6,
				6.544,
				2,
				6.567,
				2,
				1,
				6.6,
				2,
				6.633,
				10,
				6.667,
				10,
				1,
				6.689,
				10,
				6.711,
				-2,
				6.733,
				-2,
				1,
				6.756,
				-2,
				6.778,
				-1.933,
				6.8,
				0,
				1,
				6.822,
				1.933,
				6.844,
				6,
				6.867,
				6,
				1,
				6.9,
				6,
				6.933,
				6,
				6.967,
				6,
				1,
				6.989,
				6,
				7.011,
				10,
				7.033,
				10,
				1,
				7.056,
				10,
				7.078,
				-10,
				7.1,
				-10,
				1,
				7.111,
				-10,
				7.122,
				5,
				7.133,
				5,
				1,
				7.167,
				5,
				7.2,
				-11,
				7.233,
				-11,
				1,
				7.256,
				-11,
				7.278,
				2,
				7.3,
				2,
				1,
				7.344,
				2,
				7.389,
				1.576,
				7.433,
				0,
				1,
				7.444,
				-0.394,
				7.456,
				-8,
				7.467,
				-8,
				1,
				7.489,
				-8,
				7.511,
				4,
				7.533,
				4,
				1,
				7.556,
				4,
				7.578,
				-15,
				7.6,
				-15,
				1,
				7.622,
				-15,
				7.644,
				6,
				7.667,
				6,
				1,
				7.722,
				6,
				7.778,
				-14,
				7.833,
				-14,
				1,
				7.856,
				-14,
				7.878,
				6,
				7.9,
				6,
				1,
				7.922,
				6,
				7.944,
				4.667,
				7.967,
				2,
				1,
				7.989,
				-0.667,
				8.011,
				-2,
				8.033,
				-2,
				1,
				8.067,
				-2,
				8.1,
				-2,
				8.133,
				-2,
				1,
				8.156,
				-2,
				8.178,
				-1.933,
				8.2,
				0,
				1,
				8.222,
				1.933,
				8.244,
				6,
				8.267,
				6,
				1,
				8.3,
				6,
				8.333,
				6,
				8.367,
				6,
				1,
				8.389,
				6,
				8.411,
				10,
				8.433,
				10,
				1,
				8.456,
				10,
				8.478,
				-10,
				8.5,
				-10,
				1,
				8.533,
				-10,
				8.567,
				-9.926,
				8.6,
				-8,
				1,
				8.622,
				-6.716,
				8.644,
				4,
				8.667,
				4,
				1,
				8.689,
				4,
				8.711,
				-15,
				8.733,
				-15,
				1,
				8.756,
				-15,
				8.778,
				6,
				8.8,
				6,
				1,
				8.833,
				6,
				8.867,
				-16,
				8.9,
				-16,
				1,
				8.944,
				-16,
				8.989,
				6,
				9.033,
				6,
				1,
				9.056,
				6,
				9.078,
				4.667,
				9.1,
				2,
				1,
				9.122,
				-0.667,
				9.144,
				-2,
				9.167,
				-2,
				1,
				9.178,
				-2,
				9.189,
				10,
				9.2,
				10,
				1,
				9.222,
				10,
				9.244,
				-2,
				9.267,
				-2,
				1,
				9.289,
				-2,
				9.311,
				-0.897,
				9.333,
				0,
				1,
				9.389,
				2.242,
				9.444,
				3.568,
				9.5,
				6,
				1,
				9.522,
				6.973,
				9.544,
				10,
				9.567,
				10,
				1,
				9.589,
				10,
				9.611,
				-10,
				9.633,
				-10,
				1,
				9.644,
				-10,
				9.656,
				5,
				9.667,
				5,
				1,
				9.7,
				5,
				9.733,
				-11,
				9.767,
				-11,
				1,
				9.8,
				-11,
				9.833,
				-11.218,
				9.867,
				-8,
				1,
				9.9,
				-4.782,
				9.933,
				10,
				9.967,
				10,
				1,
				10.011,
				10,
				10.056,
				-14,
				10.1,
				-14,
				1,
				10.122,
				-14,
				10.144,
				6,
				10.167,
				6,
				1,
				10.189,
				6,
				10.211,
				4.667,
				10.233,
				2,
				1,
				10.256,
				-0.667,
				10.278,
				-2,
				10.3,
				-2,
				1,
				10.333,
				-2,
				10.367,
				-2,
				10.4,
				-2,
				1,
				10.422,
				-2,
				10.444,
				-1.933,
				10.467,
				0,
				1,
				10.489,
				1.933,
				10.511,
				6,
				10.533,
				6,
				1,
				10.567,
				6,
				10.6,
				6,
				10.633,
				6,
				1,
				10.656,
				6,
				10.678,
				10,
				10.7,
				10,
				1,
				10.722,
				10,
				10.744,
				-10,
				10.767,
				-10,
				1,
				10.8,
				-10,
				10.833,
				-9.926,
				10.867,
				-8,
				1,
				10.889,
				-6.716,
				10.911,
				4,
				10.933,
				4,
				1,
				10.956,
				4,
				10.978,
				-15,
				11,
				-15,
				1,
				11.022,
				-15,
				11.044,
				6,
				11.067,
				6,
				1,
				11.1,
				6,
				11.133,
				-16,
				11.167,
				-16,
				1,
				11.211,
				-16,
				11.256,
				6,
				11.3,
				6,
				1,
				11.322,
				6,
				11.344,
				4.667,
				11.367,
				2,
				1,
				11.389,
				-0.667,
				11.411,
				-2,
				11.433,
				-2,
				1,
				11.444,
				-2,
				11.456,
				10,
				11.467,
				10,
				1,
				11.489,
				10,
				11.511,
				-2,
				11.533,
				-2,
				1,
				11.556,
				-2,
				11.578,
				-0.897,
				11.6,
				0,
				1,
				11.656,
				2.242,
				11.711,
				3.568,
				11.767,
				6,
				1,
				11.789,
				6.973,
				11.811,
				10,
				11.833,
				10,
				1,
				11.856,
				10,
				11.878,
				-10,
				11.9,
				-10,
				1,
				11.911,
				-10,
				11.922,
				5,
				11.933,
				5,
				1,
				11.967,
				5,
				12,
				0,
				12.033,
				0,
				1,
				12.067,
				0,
				12.1,
				4,
				12.133,
				4,
				1,
				12.156,
				4,
				12.178,
				-14.649,
				12.2,
				-15,
				1,
				12.256,
				-15.877,
				12.311,
				-16,
				12.367,
				-16,
				1,
				12.389,
				-16,
				12.411,
				-16.239,
				12.433,
				-14,
				1,
				12.456,
				-11.761,
				12.478,
				6,
				12.5,
				6,
				1,
				12.522,
				6,
				12.544,
				2,
				12.567,
				2,
				1,
				12.6,
				2,
				12.633,
				10,
				12.667,
				10,
				1,
				12.689,
				10,
				12.711,
				-2,
				12.733,
				-2,
				1,
				12.756,
				-2,
				12.778,
				-1.933,
				12.8,
				0,
				1,
				12.822,
				1.933,
				12.844,
				6,
				12.867,
				6,
				1,
				12.9,
				6,
				12.933,
				6,
				12.967,
				6,
				1,
				12.989,
				6,
				13.011,
				10,
				13.033,
				10,
				1,
				13.056,
				10,
				13.078,
				-10,
				13.1,
				-10,
				1,
				13.111,
				-10,
				13.122,
				5,
				13.133,
				5,
				1,
				13.167,
				5,
				13.2,
				-11,
				13.233,
				-11,
				1,
				13.256,
				-11,
				13.278,
				2,
				13.3,
				2,
				1,
				13.344,
				2,
				13.389,
				1.576,
				13.433,
				0,
				1,
				13.444,
				-0.394,
				13.456,
				-8,
				13.467,
				-8,
				1,
				13.489,
				-8,
				13.511,
				4,
				13.533,
				4,
				1,
				13.556,
				4,
				13.578,
				-15,
				13.6,
				-15,
				1,
				13.622,
				-15,
				13.644,
				6,
				13.667,
				6,
				1,
				13.722,
				6,
				13.778,
				-14,
				13.833,
				-14,
				1,
				13.856,
				-14,
				13.878,
				6,
				13.9,
				6,
				1,
				13.922,
				6,
				13.944,
				4.667,
				13.967,
				2,
				1,
				13.989,
				-0.667,
				14.011,
				-2,
				14.033,
				-2,
				1,
				14.067,
				-2,
				14.1,
				-2,
				14.133,
				-2,
				1,
				14.156,
				-2,
				14.178,
				-1.933,
				14.2,
				0,
				1,
				14.222,
				1.933,
				14.244,
				6,
				14.267,
				6,
				1,
				14.3,
				6,
				14.333,
				6,
				14.367,
				6,
				1,
				14.389,
				6,
				14.411,
				10,
				14.433,
				10,
				1,
				14.456,
				10,
				14.478,
				-10,
				14.5,
				-10,
				1,
				14.533,
				-10,
				14.567,
				-9.926,
				14.6,
				-8,
				1,
				14.622,
				-6.716,
				14.644,
				4,
				14.667,
				4,
				1,
				14.689,
				4,
				14.711,
				-15,
				14.733,
				-15,
				1,
				14.756,
				-15,
				14.778,
				6,
				14.8,
				6,
				1,
				14.833,
				6,
				14.867,
				-16,
				14.9,
				-16,
				1,
				14.944,
				-16,
				14.989,
				6,
				15.033,
				6,
				1,
				15.056,
				6,
				15.078,
				4.667,
				15.1,
				2,
				1,
				15.122,
				-0.667,
				15.144,
				-2,
				15.167,
				-2,
				1,
				15.178,
				-2,
				15.189,
				10,
				15.2,
				10,
				1,
				15.222,
				10,
				15.244,
				-2,
				15.267,
				-2,
				1,
				15.289,
				-2,
				15.311,
				-0.897,
				15.333,
				0,
				1,
				15.389,
				2.242,
				15.444,
				3.568,
				15.5,
				6,
				1,
				15.522,
				6.973,
				15.544,
				10,
				15.567,
				10,
				1,
				15.589,
				10,
				15.611,
				-10,
				15.633,
				-10,
				1,
				15.644,
				-10,
				15.656,
				5,
				15.667,
				5,
				1,
				15.7,
				5,
				15.733,
				-11,
				15.767,
				-11,
				1,
				15.8,
				-11,
				15.833,
				-11.218,
				15.867,
				-8,
				1,
				15.9,
				-4.782,
				15.933,
				10,
				15.967,
				10,
				1,
				16.011,
				10,
				16.056,
				-14,
				16.1,
				-14,
				1,
				16.122,
				-14,
				16.144,
				6,
				16.167,
				6,
				1,
				16.189,
				6,
				16.211,
				4.667,
				16.233,
				2,
				1,
				16.256,
				-0.667,
				16.278,
				-2,
				16.3,
				-2,
				1,
				16.333,
				-2,
				16.367,
				-2,
				16.4,
				-2,
				1,
				16.422,
				-2,
				16.444,
				-1.933,
				16.467,
				0,
				1,
				16.489,
				1.933,
				16.511,
				6,
				16.533,
				6,
				1,
				16.567,
				6,
				16.6,
				6,
				16.633,
				6,
				1,
				16.656,
				6,
				16.678,
				10,
				16.7,
				10,
				1,
				16.722,
				10,
				16.744,
				-10,
				16.767,
				-10,
				1,
				16.8,
				-10,
				16.833,
				-9.926,
				16.867,
				-8,
				1,
				16.889,
				-6.716,
				16.911,
				4,
				16.933,
				4,
				1,
				16.956,
				4,
				16.978,
				-15,
				17,
				-15,
				1,
				17.022,
				-15,
				17.044,
				6,
				17.067,
				6,
				1,
				17.1,
				6,
				17.133,
				-16,
				17.167,
				-16,
				1,
				17.211,
				-16,
				17.256,
				6,
				17.3,
				6,
				1,
				17.322,
				6,
				17.344,
				4.667,
				17.367,
				2,
				1,
				17.389,
				-0.667,
				17.411,
				-2,
				17.433,
				-2,
				1,
				17.444,
				-2,
				17.456,
				10,
				17.467,
				10,
				1,
				17.489,
				10,
				17.511,
				-2,
				17.533,
				-2,
				1,
				17.556,
				-2,
				17.578,
				-0.897,
				17.6,
				0,
				1,
				17.656,
				2.242,
				17.711,
				3.568,
				17.767,
				6,
				1,
				17.789,
				6.973,
				17.811,
				10,
				17.833,
				10,
				1,
				17.856,
				10,
				17.878,
				-10,
				17.9,
				-10,
				1,
				17.911,
				-10,
				17.922,
				5,
				17.933,
				5,
				1,
				17.967,
				5,
				18,
				-11,
				18.033,
				-11
			]
		},
		{
			"Target": "Parameter",
			"Id": "ParamEyeBS",
			"Segments": [
				0,
				0,
				1,
				0.033,
				0,
				0.067,
				7,
				0.1,
				7,
				1,
				0.122,
				7,
				0.144,
				-19,
				0.167,
				-19,
				1,
				0.211,
				-19,
				0.256,
				18,
				0.3,
				18,
				1,
				0.322,
				18,
				0.344,
				-14,
				0.367,
				-14,
				1,
				0.389,
				-14,
				0.411,
				-8,
				0.433,
				4,
				1,
				0.456,
				16,
				0.478,
				22,
				0.5,
				22,
				1,
				0.556,
				22,
				0.611,
				21.173,
				0.667,
				16,
				1,
				0.689,
				13.931,
				0.711,
				-8,
				0.733,
				-8,
				1,
				0.756,
				-8,
				0.778,
				-8.268,
				0.8,
				-6,
				1,
				0.822,
				-3.732,
				0.844,
				19,
				0.867,
				19,
				1,
				0.889,
				19,
				0.911,
				-19,
				0.933,
				-19,
				1,
				0.967,
				-19,
				1,
				12,
				1.033,
				12,
				1,
				1.089,
				12,
				1.144,
				12,
				1.2,
				12,
				1,
				1.222,
				12,
				1.244,
				-6,
				1.267,
				-6,
				1,
				1.289,
				-6,
				1.311,
				0,
				1.333,
				0,
				1,
				1.344,
				0,
				1.356,
				-21,
				1.367,
				-21,
				1,
				1.389,
				-21,
				1.411,
				7,
				1.433,
				7,
				1,
				1.456,
				7,
				1.478,
				-19,
				1.5,
				-19,
				1,
				1.522,
				-19,
				1.544,
				13.697,
				1.567,
				16,
				1,
				1.589,
				18.303,
				1.611,
				18,
				1.633,
				18,
				1,
				1.678,
				18,
				1.722,
				4,
				1.767,
				4,
				1,
				1.789,
				4,
				1.811,
				22,
				1.833,
				22,
				1,
				1.856,
				22,
				1.878,
				-18,
				1.9,
				-18,
				1,
				1.911,
				-18,
				1.922,
				-13.543,
				1.933,
				-6,
				1,
				1.956,
				9.085,
				1.978,
				16,
				2,
				16,
				1,
				2.022,
				16,
				2.044,
				-8,
				2.067,
				-8,
				1,
				2.089,
				-8,
				2.111,
				-8.268,
				2.133,
				-6,
				1,
				2.156,
				-3.732,
				2.178,
				19,
				2.2,
				19,
				1,
				2.222,
				19,
				2.244,
				-19,
				2.267,
				-19,
				1,
				2.3,
				-19,
				2.333,
				12,
				2.367,
				12,
				1,
				2.4,
				12,
				2.433,
				-0.285,
				2.467,
				-10,
				1,
				2.5,
				-19.715,
				2.533,
				-21,
				2.567,
				-21,
				1,
				2.589,
				-21,
				2.611,
				7,
				2.633,
				7,
				1,
				2.656,
				7,
				2.678,
				-19,
				2.7,
				-19,
				1,
				2.722,
				-19,
				2.744,
				13.697,
				2.767,
				16,
				1,
				2.789,
				18.303,
				2.811,
				18,
				2.833,
				18,
				1,
				2.856,
				18,
				2.878,
				-14,
				2.9,
				-14,
				1,
				2.922,
				-14,
				2.944,
				-8,
				2.967,
				4,
				1,
				2.989,
				16,
				3.011,
				22,
				3.033,
				22,
				1,
				3.056,
				22,
				3.078,
				-18,
				3.1,
				-18,
				1,
				3.111,
				-18,
				3.122,
				-13.543,
				3.133,
				-6,
				1,
				3.156,
				9.085,
				3.178,
				16,
				3.2,
				16,
				1,
				3.222,
				16,
				3.244,
				-8,
				3.267,
				-8,
				1,
				3.289,
				-8,
				3.311,
				-6,
				3.333,
				-6,
				1,
				3.378,
				-6,
				3.422,
				-19,
				3.467,
				-19,
				1,
				3.5,
				-19,
				3.533,
				12,
				3.567,
				12,
				1,
				3.6,
				12,
				3.633,
				-10,
				3.667,
				-10,
				1,
				3.689,
				-10,
				3.711,
				12,
				3.733,
				12,
				1,
				3.756,
				12,
				3.778,
				-6,
				3.8,
				-6,
				1,
				3.822,
				-6,
				3.844,
				11,
				3.867,
				11,
				1,
				3.922,
				11,
				3.978,
				4,
				4.033,
				4,
				1,
				4.056,
				4,
				4.078,
				22,
				4.1,
				22,
				1,
				4.122,
				22,
				4.144,
				-18,
				4.167,
				-18,
				1,
				4.178,
				-18,
				4.189,
				-13.543,
				4.2,
				-6,
				1,
				4.222,
				9.085,
				4.244,
				16,
				4.267,
				16,
				1,
				4.289,
				16,
				4.311,
				-8,
				4.333,
				-8,
				1,
				4.356,
				-8,
				4.378,
				-8.268,
				4.4,
				-6,
				1,
				4.422,
				-3.732,
				4.444,
				19,
				4.467,
				19,
				1,
				4.489,
				19,
				4.511,
				-19,
				4.533,
				-19,
				1,
				4.567,
				-19,
				4.6,
				12,
				4.633,
				12,
				1,
				4.667,
				12,
				4.7,
				-0.285,
				4.733,
				-10,
				1,
				4.767,
				-19.715,
				4.8,
				-21,
				4.833,
				-21,
				1,
				4.856,
				-21,
				4.878,
				7,
				4.9,
				7,
				1,
				4.922,
				7,
				4.944,
				-19,
				4.967,
				-19,
				1,
				4.989,
				-19,
				5.011,
				13.697,
				5.033,
				16,
				1,
				5.056,
				18.303,
				5.078,
				18,
				5.1,
				18,
				1,
				5.122,
				18,
				5.144,
				-14,
				5.167,
				-14,
				1,
				5.189,
				-14,
				5.211,
				-8,
				5.233,
				4,
				1,
				5.256,
				16,
				5.278,
				22,
				5.3,
				22,
				1,
				5.322,
				22,
				5.344,
				-18,
				5.367,
				-18,
				1,
				5.378,
				-18,
				5.389,
				-13.543,
				5.4,
				-6,
				1,
				5.422,
				9.085,
				5.444,
				16,
				5.467,
				16,
				1,
				5.489,
				16,
				5.511,
				-8,
				5.533,
				-8,
				1,
				5.556,
				-8,
				5.578,
				-6,
				5.6,
				-6,
				1,
				5.644,
				-6,
				5.689,
				-19,
				5.733,
				-19,
				1,
				5.767,
				-19,
				5.8,
				12,
				5.833,
				12,
				1,
				5.867,
				12,
				5.9,
				-10,
				5.933,
				-10,
				1,
				5.956,
				-10,
				5.978,
				12,
				6,
				12,
				1,
				6.011,
				12,
				6.022,
				0,
				6.033,
				0,
				1,
				6.067,
				0,
				6.1,
				7,
				6.133,
				7,
				1,
				6.156,
				7,
				6.178,
				-19,
				6.2,
				-19,
				1,
				6.244,
				-19,
				6.289,
				18,
				6.333,
				18,
				1,
				6.356,
				18,
				6.378,
				-14,
				6.4,
				-14,
				1,
				6.422,
				-14,
				6.444,
				-8,
				6.467,
				4,
				1,
				6.489,
				16,
				6.511,
				22,
				6.533,
				22,
				1,
				6.589,
				22,
				6.644,
				21.173,
				6.7,
				16,
				1,
				6.722,
				13.931,
				6.744,
				-8,
				6.767,
				-8,
				1,
				6.789,
				-8,
				6.811,
				-8.268,
				6.833,
				-6,
				1,
				6.856,
				-3.732,
				6.878,
				19,
				6.9,
				19,
				1,
				6.922,
				19,
				6.944,
				-19,
				6.967,
				-19,
				1,
				7,
				-19,
				7.033,
				12,
				7.067,
				12,
				1,
				7.122,
				12,
				7.178,
				12,
				7.233,
				12,
				1,
				7.256,
				12,
				7.278,
				-6,
				7.3,
				-6,
				1,
				7.322,
				-6,
				7.344,
				0,
				7.367,
				0,
				1,
				7.378,
				0,
				7.389,
				-21,
				7.4,
				-21,
				1,
				7.422,
				-21,
				7.444,
				7,
				7.467,
				7,
				1,
				7.489,
				7,
				7.511,
				-19,
				7.533,
				-19,
				1,
				7.556,
				-19,
				7.578,
				13.697,
				7.6,
				16,
				1,
				7.622,
				18.303,
				7.644,
				18,
				7.667,
				18,
				1,
				7.711,
				18,
				7.756,
				4,
				7.8,
				4,
				1,
				7.822,
				4,
				7.844,
				22,
				7.867,
				22,
				1,
				7.889,
				22,
				7.911,
				-18,
				7.933,
				-18,
				1,
				7.944,
				-18,
				7.956,
				-13.543,
				7.967,
				-6,
				1,
				7.989,
				9.085,
				8.011,
				16,
				8.033,
				16,
				1,
				8.056,
				16,
				8.078,
				-8,
				8.1,
				-8,
				1,
				8.122,
				-8,
				8.144,
				-8.268,
				8.167,
				-6,
				1,
				8.189,
				-3.732,
				8.211,
				19,
				8.233,
				19,
				1,
				8.256,
				19,
				8.278,
				-19,
				8.3,
				-19,
				1,
				8.333,
				-19,
				8.367,
				12,
				8.4,
				12,
				1,
				8.433,
				12,
				8.467,
				-0.285,
				8.5,
				-10,
				1,
				8.533,
				-19.715,
				8.567,
				-21,
				8.6,
				-21,
				1,
				8.622,
				-21,
				8.644,
				7,
				8.667,
				7,
				1,
				8.689,
				7,
				8.711,
				-19,
				8.733,
				-19,
				1,
				8.756,
				-19,
				8.778,
				13.697,
				8.8,
				16,
				1,
				8.822,
				18.303,
				8.844,
				18,
				8.867,
				18,
				1,
				8.889,
				18,
				8.911,
				-14,
				8.933,
				-14,
				1,
				8.956,
				-14,
				8.978,
				-8,
				9,
				4,
				1,
				9.022,
				16,
				9.044,
				22,
				9.067,
				22,
				1,
				9.089,
				22,
				9.111,
				-18,
				9.133,
				-18,
				1,
				9.144,
				-18,
				9.156,
				-13.543,
				9.167,
				-6,
				1,
				9.189,
				9.085,
				9.211,
				16,
				9.233,
				16,
				1,
				9.256,
				16,
				9.278,
				-8,
				9.3,
				-8,
				1,
				9.322,
				-8,
				9.344,
				-6,
				9.367,
				-6,
				1,
				9.411,
				-6,
				9.456,
				-19,
				9.5,
				-19,
				1,
				9.533,
				-19,
				9.567,
				12,
				9.6,
				12,
				1,
				9.633,
				12,
				9.667,
				-10,
				9.7,
				-10,
				1,
				9.722,
				-10,
				9.744,
				12,
				9.767,
				12,
				1,
				9.789,
				12,
				9.811,
				-6,
				9.833,
				-6,
				1,
				9.856,
				-6,
				9.878,
				11,
				9.9,
				11,
				1,
				9.956,
				11,
				10.011,
				4,
				10.067,
				4,
				1,
				10.089,
				4,
				10.111,
				22,
				10.133,
				22,
				1,
				10.156,
				22,
				10.178,
				-18,
				10.2,
				-18,
				1,
				10.211,
				-18,
				10.222,
				-13.543,
				10.233,
				-6,
				1,
				10.256,
				9.085,
				10.278,
				16,
				10.3,
				16,
				1,
				10.322,
				16,
				10.344,
				-8,
				10.367,
				-8,
				1,
				10.389,
				-8,
				10.411,
				-8.268,
				10.433,
				-6,
				1,
				10.456,
				-3.732,
				10.478,
				19,
				10.5,
				19,
				1,
				10.522,
				19,
				10.544,
				-19,
				10.567,
				-19,
				1,
				10.6,
				-19,
				10.633,
				12,
				10.667,
				12,
				1,
				10.7,
				12,
				10.733,
				-0.285,
				10.767,
				-10,
				1,
				10.8,
				-19.715,
				10.833,
				-21,
				10.867,
				-21,
				1,
				10.889,
				-21,
				10.911,
				7,
				10.933,
				7,
				1,
				10.956,
				7,
				10.978,
				-19,
				11,
				-19,
				1,
				11.022,
				-19,
				11.044,
				13.697,
				11.067,
				16,
				1,
				11.089,
				18.303,
				11.111,
				18,
				11.133,
				18,
				1,
				11.156,
				18,
				11.178,
				-14,
				11.2,
				-14,
				1,
				11.222,
				-14,
				11.244,
				-8,
				11.267,
				4,
				1,
				11.289,
				16,
				11.311,
				22,
				11.333,
				22,
				1,
				11.356,
				22,
				11.378,
				-18,
				11.4,
				-18,
				1,
				11.411,
				-18,
				11.422,
				-13.543,
				11.433,
				-6,
				1,
				11.456,
				9.085,
				11.478,
				16,
				11.5,
				16,
				1,
				11.522,
				16,
				11.544,
				-8,
				11.567,
				-8,
				1,
				11.589,
				-8,
				11.611,
				-6,
				11.633,
				-6,
				1,
				11.678,
				-6,
				11.722,
				-19,
				11.767,
				-19,
				1,
				11.8,
				-19,
				11.833,
				12,
				11.867,
				12,
				1,
				11.9,
				12,
				11.933,
				-10,
				11.967,
				-10,
				1,
				11.989,
				-10,
				12.011,
				-3.916,
				12.033,
				0,
				1,
				12.067,
				5.874,
				12.1,
				7,
				12.133,
				7,
				1,
				12.156,
				7,
				12.178,
				-19,
				12.2,
				-19,
				1,
				12.244,
				-19,
				12.289,
				18,
				12.333,
				18,
				1,
				12.356,
				18,
				12.378,
				-14,
				12.4,
				-14,
				1,
				12.422,
				-14,
				12.444,
				-8,
				12.467,
				4,
				1,
				12.489,
				16,
				12.511,
				22,
				12.533,
				22,
				1,
				12.589,
				22,
				12.644,
				21.173,
				12.7,
				16,
				1,
				12.722,
				13.931,
				12.744,
				-8,
				12.767,
				-8,
				1,
				12.789,
				-8,
				12.811,
				-8.268,
				12.833,
				-6,
				1,
				12.856,
				-3.732,
				12.878,
				19,
				12.9,
				19,
				1,
				12.922,
				19,
				12.944,
				-19,
				12.967,
				-19,
				1,
				13,
				-19,
				13.033,
				12,
				13.067,
				12,
				1,
				13.122,
				12,
				13.178,
				12,
				13.233,
				12,
				1,
				13.256,
				12,
				13.278,
				-6,
				13.3,
				-6,
				1,
				13.322,
				-6,
				13.344,
				0,
				13.367,
				0,
				1,
				13.378,
				0,
				13.389,
				-21,
				13.4,
				-21,
				1,
				13.422,
				-21,
				13.444,
				7,
				13.467,
				7,
				1,
				13.489,
				7,
				13.511,
				-19,
				13.533,
				-19,
				1,
				13.556,
				-19,
				13.578,
				13.697,
				13.6,
				16,
				1,
				13.622,
				18.303,
				13.644,
				18,
				13.667,
				18,
				1,
				13.711,
				18,
				13.756,
				4,
				13.8,
				4,
				1,
				13.822,
				4,
				13.844,
				22,
				13.867,
				22,
				1,
				13.889,
				22,
				13.911,
				-18,
				13.933,
				-18,
				1,
				13.944,
				-18,
				13.956,
				-13.543,
				13.967,
				-6,
				1,
				13.989,
				9.085,
				14.011,
				16,
				14.033,
				16,
				1,
				14.056,
				16,
				14.078,
				-8,
				14.1,
				-8,
				1,
				14.122,
				-8,
				14.144,
				-8.268,
				14.167,
				-6,
				1,
				14.189,
				-3.732,
				14.211,
				19,
				14.233,
				19,
				1,
				14.256,
				19,
				14.278,
				-19,
				14.3,
				-19,
				1,
				14.333,
				-19,
				14.367,
				12,
				14.4,
				12,
				1,
				14.433,
				12,
				14.467,
				-0.285,
				14.5,
				-10,
				1,
				14.533,
				-19.715,
				14.567,
				-21,
				14.6,
				-21,
				1,
				14.622,
				-21,
				14.644,
				7,
				14.667,
				7,
				1,
				14.689,
				7,
				14.711,
				-19,
				14.733,
				-19,
				1,
				14.756,
				-19,
				14.778,
				13.697,
				14.8,
				16,
				1,
				14.822,
				18.303,
				14.844,
				18,
				14.867,
				18,
				1,
				14.889,
				18,
				14.911,
				-14,
				14.933,
				-14,
				1,
				14.956,
				-14,
				14.978,
				-8,
				15,
				4,
				1,
				15.022,
				16,
				15.044,
				22,
				15.067,
				22,
				1,
				15.089,
				22,
				15.111,
				-18,
				15.133,
				-18,
				1,
				15.144,
				-18,
				15.156,
				-13.543,
				15.167,
				-6,
				1,
				15.189,
				9.085,
				15.211,
				16,
				15.233,
				16,
				1,
				15.256,
				16,
				15.278,
				-8,
				15.3,
				-8,
				1,
				15.322,
				-8,
				15.344,
				-6,
				15.367,
				-6,
				1,
				15.411,
				-6,
				15.456,
				-19,
				15.5,
				-19,
				1,
				15.533,
				-19,
				15.567,
				12,
				15.6,
				12,
				1,
				15.633,
				12,
				15.667,
				-10,
				15.7,
				-10,
				1,
				15.722,
				-10,
				15.744,
				12,
				15.767,
				12,
				1,
				15.789,
				12,
				15.811,
				-6,
				15.833,
				-6,
				1,
				15.856,
				-6,
				15.878,
				11,
				15.9,
				11,
				1,
				15.956,
				11,
				16.011,
				4,
				16.067,
				4,
				1,
				16.089,
				4,
				16.111,
				22,
				16.133,
				22,
				1,
				16.156,
				22,
				16.178,
				-18,
				16.2,
				-18,
				1,
				16.211,
				-18,
				16.222,
				-13.543,
				16.233,
				-6,
				1,
				16.256,
				9.085,
				16.278,
				16,
				16.3,
				16,
				1,
				16.322,
				16,
				16.344,
				-8,
				16.367,
				-8,
				1,
				16.389,
				-8,
				16.411,
				-8.268,
				16.433,
				-6,
				1,
				16.456,
				-3.732,
				16.478,
				19,
				16.5,
				19,
				1,
				16.522,
				19,
				16.544,
				-19,
				16.567,
				-19,
				1,
				16.6,
				-19,
				16.633,
				12,
				16.667,
				12,
				1,
				16.7,
				12,
				16.733,
				-0.285,
				16.767,
				-10,
				1,
				16.8,
				-19.715,
				16.833,
				-21,
				16.867,
				-21,
				1,
				16.889,
				-21,
				16.911,
				7,
				16.933,
				7,
				1,
				16.956,
				7,
				16.978,
				-19,
				17,
				-19,
				1,
				17.022,
				-19,
				17.044,
				13.697,
				17.067,
				16,
				1,
				17.089,
				18.303,
				17.111,
				18,
				17.133,
				18,
				1,
				17.156,
				18,
				17.178,
				-14,
				17.2,
				-14,
				1,
				17.222,
				-14,
				17.244,
				-8,
				17.267,
				4,
				1,
				17.289,
				16,
				17.311,
				22,
				17.333,
				22,
				1,
				17.356,
				22,
				17.378,
				-18,
				17.4,
				-18,
				1,
				17.411,
				-18,
				17.422,
				-13.543,
				17.433,
				-6,
				1,
				17.456,
				9.085,
				17.478,
				16,
				17.5,
				16,
				1,
				17.522,
				16,
				17.544,
				-8,
				17.567,
				-8,
				1,
				17.589,
				-8,
				17.611,
				-6,
				17.633,
				-6,
				1,
				17.678,
				-6,
				17.722,
				-19,
				17.767,
				-19,
				1,
				17.8,
				-19,
				17.833,
				12,
				17.867,
				12,
				1,
				17.9,
				12,
				17.933,
				-10,
				17.967,
				-10,
				1,
				17.989,
				-10,
				18.011,
				12,
				18.033,
				12
			]
		}
	]
}