{
	"Version": 3,
	"Meta": {
		"Duration": 2.633,
		"Fps": 30.0,
		"Loop": true,
		"AreBeziersRestricted": false,
		"CurveCount": 105,
		"TotalSegmentCount": 764,
		"TotalPointCount": 2353,
		"UserDataCount": 0,
		"TotalUserDataSize": 0
	},
	"Curves": [
		{
			"Target": "Parameter",
			"Id": "ParamPaiRX",
			"Segments": [
				0,
				-12.95,
				1,
				0.011,
				-12.95,
				0.022,
				-13.857,
				0.033,
				-14.353,
				1,
				0.144,
				-19.315,
				0.256,
				-21.492,
				0.367,
				-21.492,
				1,
				0.422,
				-21.492,
				0.478,
				-8.523,
				0.533,
				-4.492,
				1,
				0.6,
				0.344,
				0.667,
				0.508,
				0.733,
				0.508,
				1,
				0.778,
				0.508,
				0.822,
				-3.574,
				0.867,
				-7.492,
				1,
				0.944,
				-14.35,
				1.022,
				-16.492,
				1.1,
				-16.492,
				1,
				1.156,
				-16.492,
				1.211,
				-16.094,
				1.267,
				-14.492,
				1,
				1.333,
				-12.57,
				1.4,
				-9.604,
				1.467,
				-7.492,
				1,
				1.578,
				-3.973,
				1.689,
				-2.492,
				1.8,
				-2.492,
				1,
				1.878,
				-2.492,
				1.956,
				-7.153,
				2.033,
				-9.492,
				1,
				2.1,
				-11.497,
				2.167,
				-11.492,
				2.233,
				-11.492,
				1,
				2.289,
				-11.492,
				2.344,
				-10.492,
				2.4,
				-10.492,
				1,
				2.478,
				-10.492,
				2.556,
				-12.95,
				2.633,
				-12.95
			]
		},
		{
			"Target": "Parameter",
			"Id": "ParamPaiRY",
			"Segments": [
				0,
				0,
				1,
				0.011,
				0,
				0.022,
				1.774,
				0.033,
				2.827,
				1,
				0.144,
				13.359,
				0.256,
				18,
				0.367,
				18,
				1,
				0.422,
				18,
				0.478,
				15.777,
				0.533,
				12,
				1,
				0.6,
				7.468,
				0.667,
				4.596,
				0.733,
				-1,
				1,
				0.778,
				-4.731,
				0.822,
				-12,
				0.867,
				-12,
				1,
				0.944,
				-12,
				1.022,
				-7.478,
				1.1,
				-1,
				1,
				1.156,
				3.627,
				1.211,
				8.788,
				1.267,
				11,
				1,
				1.333,
				13.654,
				1.4,
				14,
				1.467,
				14,
				1,
				1.578,
				14,
				1.689,
				5.666,
				1.8,
				0,
				1,
				1.878,
				-3.966,
				1.956,
				-4,
				2.033,
				-4,
				1,
				2.1,
				-4,
				2.167,
				4,
				2.233,
				4,
				1,
				2.289,
				4,
				2.344,
				0.702,
				2.4,
				0,
				1,
				2.478,
				-0.983,
				2.556,
				-1,
				2.633,
				-1
			]
		},
		{
			"Target": "Parameter",
			"Id": "ParamPaiRX2",
			"Segments": [
				0,
				0,
				1,
				0.011,
				0,
				0.022,
				-4.933,
				0.033,
				-6.315,
				1,
				0.078,
				-11.843,
				0.122,
				-13.513,
				0.167,
				-13.513,
				1,
				0.222,
				-13.513,
				0.278,
				-3.445,
				0.333,
				2.487,
				1,
				0.4,
				9.605,
				0.467,
				10.487,
				0.533,
				10.487,
				1,
				0.578,
				10.487,
				0.622,
				4.605,
				0.667,
				0.487,
				1,
				0.744,
				-6.72,
				0.822,
				-8.513,
				0.9,
				-8.513,
				1,
				0.956,
				-8.513,
				1.011,
				-7.119,
				1.067,
				-5.513,
				1,
				1.133,
				-3.586,
				1.2,
				-2.372,
				1.267,
				-0.513,
				1,
				1.378,
				2.584,
				1.489,
				4.487,
				1.6,
				4.487,
				1,
				1.678,
				4.487,
				1.756,
				0.742,
				1.833,
				-1.513,
				1,
				1.9,
				-3.446,
				1.967,
				-3.513,
				2.033,
				-3.513,
				1,
				2.089,
				-3.513,
				2.144,
				-2.513,
				2.2,
				-2.513,
				1,
				2.344,
				-2.513,
				2.489,
				-3,
				2.633,
				-3
			]
		},
		{
			"Target": "Parameter",
			"Id": "ParamPaiRY2",
			"Segments": [
				0,
				0,
				1,
				0.011,
				0,
				0.022,
				11.242,
				0.033,
				12.685,
				1,
				0.078,
				18.458,
				0.122,
				20,
				0.167,
				20,
				1,
				0.222,
				20,
				0.278,
				18.847,
				0.333,
				15,
				1,
				0.4,
				10.383,
				0.467,
				5.853,
				0.533,
				-1,
				1,
				0.578,
				-5.569,
				0.622,
				-14,
				0.667,
				-14,
				1,
				0.744,
				-14,
				0.822,
				-8.757,
				0.9,
				-2,
				1,
				0.956,
				2.827,
				1.011,
				7.25,
				1.067,
				10,
				1,
				1.133,
				13.3,
				1.2,
				14,
				1.267,
				14,
				1,
				1.378,
				14,
				1.489,
				5.776,
				1.6,
				1,
				1,
				1.678,
				-2.343,
				1.756,
				-2.24,
				1.833,
				-2.24,
				1,
				1.9,
				-2.24,
				1.967,
				2,
				2.033,
				2,
				1,
				2.089,
				2,
				2.144,
				0,
				2.2,
				0,
				1,
				2.344,
				0,
				2.489,
				1,
				2.633,
				1
			]
		},
		{
			"Target": "Parameter",
			"Id": "ParamPaiLX",
			"Segments": [
				0,
				14.411,
				1,
				0.067,
				14.411,
				0.133,
				6.411,
				0.2,
				6.411,
				1,
				0.267,
				6.411,
				0.333,
				29.411,
				0.4,
				29.411,
				1,
				0.456,
				29.411,
				0.511,
				27.901,
				0.567,
				24.411,
				1,
				0.622,
				20.92,
				0.678,
				18.396,
				0.733,
				13.411,
				1,
				0.767,
				10.419,
				0.8,
				-1.589,
				0.833,
				-1.589,
				1,
				0.911,
				-1.589,
				0.989,
				-1.238,
				1.067,
				1.411,
				1,
				1.189,
				5.572,
				1.311,
				11.669,
				1.433,
				17.481,
				1,
				1.489,
				20.123,
				1.544,
				22.411,
				1.6,
				22.411,
				1,
				1.678,
				22.411,
				1.756,
				19.29,
				1.833,
				16.589,
				1,
				1.889,
				14.66,
				1.944,
				13.599,
				2,
				12.411,
				1,
				2.067,
				10.984,
				2.133,
				10.498,
				2.2,
				10.498,
				1,
				2.256,
				10.498,
				2.311,
				14.411,
				2.367,
				14.411,
				1,
				2.456,
				14.411,
				2.544,
				14,
				2.633,
				14
			]
		},
		{
			"Target": "Parameter",
			"Id": "ParamPaiLY",
			"Segments": [
				0,
				-1.179,
				1,
				0.011,
				-1.179,
				0.022,
				2.396,
				0.033,
				3.898,
				1,
				0.122,
				15.911,
				0.211,
				20.821,
				0.3,
				20.821,
				1,
				0.367,
				20.821,
				0.433,
				15.745,
				0.5,
				7.821,
				1,
				0.556,
				1.218,
				0.611,
				-3.865,
				0.667,
				-10.179,
				1,
				0.722,
				-16.493,
				0.778,
				-20.179,
				0.833,
				-20.179,
				1,
				0.867,
				-20.179,
				0.9,
				-10.131,
				0.933,
				-3.179,
				1,
				1.011,
				13.043,
				1.089,
				17.821,
				1.167,
				17.821,
				1,
				1.311,
				17.821,
				1.456,
				8.626,
				1.6,
				1.113,
				1,
				1.711,
				-4.666,
				1.822,
				-5.179,
				1.933,
				-5.179,
				1,
				1.989,
				-5.179,
				2.044,
				-4.673,
				2.1,
				-3.179,
				1,
				2.167,
				-1.386,
				2.233,
				-0.179,
				2.3,
				-0.179,
				1,
				2.356,
				-0.179,
				2.411,
				-1.179,
				2.467,
				-1.179,
				1,
				2.522,
				-1.179,
				2.578,
				-1,
				2.633,
				-1
			]
		},
		{
			"Target": "Parameter",
			"Id": "ParamPaiLX2",
			"Segments": [
				0,
				5.591,
				1,
				0.011,
				5.591,
				0.022,
				-0.021,
				0.033,
				-1.935,
				1,
				0.067,
				-7.677,
				0.1,
				-9.166,
				0.133,
				-9.166,
				1,
				0.189,
				-9.166,
				0.244,
				5.421,
				0.3,
				8.591,
				1,
				0.356,
				11.761,
				0.411,
				11.591,
				0.467,
				11.591,
				1,
				0.522,
				11.591,
				0.578,
				10.349,
				0.633,
				2.591,
				1,
				0.667,
				-2.064,
				0.7,
				-12.409,
				0.733,
				-12.409,
				1,
				0.811,
				-12.409,
				0.889,
				-9.735,
				0.967,
				-6.409,
				1,
				1.056,
				-2.608,
				1.144,
				-0.638,
				1.233,
				3.591,
				1,
				1.322,
				7.821,
				1.411,
				12.591,
				1.5,
				12.591,
				1,
				1.578,
				12.591,
				1.656,
				11.106,
				1.733,
				8.591,
				1,
				1.789,
				6.794,
				1.844,
				5.292,
				1.9,
				3.591,
				1,
				1.956,
				1.89,
				2.011,
				0.986,
				2.067,
				0.986,
				1,
				2.133,
				0.986,
				2.2,
				5.591,
				2.267,
				5.591,
				1,
				2.389,
				5.591,
				2.511,
				5,
				2.633,
				5
			]
		},
		{
			"Target": "Parameter",
			"Id": "ParamPaiLY2",
			"Segments": [
				0,
				0.69,
				1,
				0.011,
				0.69,
				0.022,
				12.421,
				0.033,
				15.268,
				1,
				0.056,
				20.962,
				0.078,
				21.69,
				0.1,
				21.69,
				1,
				0.167,
				21.69,
				0.233,
				13.329,
				0.3,
				4.69,
				1,
				0.411,
				-9.708,
				0.522,
				-14.31,
				0.633,
				-14.31,
				1,
				0.667,
				-14.31,
				0.7,
				-13.904,
				0.733,
				-11.31,
				1,
				0.811,
				-5.258,
				0.889,
				5.202,
				0.967,
				9.69,
				1,
				1.056,
				14.819,
				1.144,
				15.69,
				1.233,
				15.69,
				1,
				1.322,
				15.69,
				1.411,
				10.239,
				1.5,
				5.69,
				1,
				1.578,
				1.71,
				1.656,
				-1.791,
				1.733,
				-3.31,
				1,
				1.789,
				-4.395,
				1.844,
				-4.313,
				1.9,
				-4.313,
				1,
				1.967,
				-4.313,
				2.033,
				1.69,
				2.1,
				1.69,
				1,
				2.156,
				1.69,
				2.211,
				0.69,
				2.267,
				0.69,
				1,
				2.389,
				0.69,
				2.511,
				1,
				2.633,
				1
			]
		},
		{
			"Target": "Parameter",
			"Id": "ParamPX",
			"Segments": [
				0,
				0,
				1,
				0.011,
				0,
				0.022,
				-0.53,
				0.033,
				-0.779,
				1,
				0.133,
				-3.018,
				0.233,
				-3.968,
				0.333,
				-3.968,
				1,
				0.556,
				-3.968,
				0.778,
				-3.133,
				1,
				-2,
				1,
				1.289,
				-0.527,
				1.578,
				0,
				1.867,
				0,
				1,
				2.122,
				0,
				2.378,
				0,
				2.633,
				0
			]
		},
		{
			"Target": "Parameter",
			"Id": "ParamPY",
			"Segments": [
				0,
				0,
				1,
				0.011,
				0,
				0.022,
				-1.935,
				0.033,
				-2.271,
				1,
				0.1,
				-4.287,
				0.167,
				-5,
				0.233,
				-5,
				1,
				0.489,
				-5,
				0.744,
				9,
				1,
				9,
				1,
				1.289,
				9,
				1.578,
				-1,
				1.867,
				-1,
				1,
				2.122,
				-1,
				2.378,
				0,
				2.633,
				0
			]
		},
		{
			"Target": "Parameter",
			"Id": "ParamYellow1",
			"Segments": [
				0,
				0,
				1,
				0.1,
				0,
				0.2,
				-30,
				0.3,
				-30,
				1,
				0.422,
				-30,
				0.544,
				15,
				0.667,
				15,
				1,
				0.8,
				15,
				0.933,
				-8,
				1.067,
				-8,
				1,
				1.189,
				-8,
				1.311,
				3,
				1.433,
				3,
				1,
				1.533,
				3,
				1.633,
				-3,
				1.733,
				-3,
				1,
				1.9,
				-3,
				2.067,
				0,
				2.233,
				0,
				1,
				2.367,
				0,
				2.5,
				0,
				2.633,
				0
			]
		},
		{
			"Target": "Parameter",
			"Id": "ParamYellow2",
			"Segments": [
				0,
				0,
				1,
				0.1,
				0,
				0.2,
				-23,
				0.3,
				-23,
				1,
				0.422,
				-23,
				0.544,
				15,
				0.667,
				15,
				1,
				0.8,
				15,
				0.933,
				-8,
				1.067,
				-8,
				1,
				1.189,
				-8,
				1.311,
				5,
				1.433,
				5,
				1,
				1.533,
				5,
				1.633,
				-2,
				1.733,
				-2,
				1,
				1.9,
				-2,
				2.067,
				0.901,
				2.233,
				0.901,
				1,
				2.367,
				0.901,
				2.5,
				0,
				2.633,
				0
			]
		},
		{
			"Target": "Parameter",
			"Id": "ParamYellow3",
			"Segments": [
				0,
				0,
				1,
				0.1,
				0,
				0.2,
				-30,
				0.3,
				-30,
				1,
				0.422,
				-30,
				0.544,
				15,
				0.667,
				15,
				1,
				0.8,
				15,
				0.933,
				-8,
				1.067,
				-8,
				1,
				1.189,
				-8,
				1.311,
				5,
				1.433,
				5,
				1,
				1.533,
				5,
				1.633,
				-3,
				1.733,
				-3,
				1,
				1.911,
				-3,
				2.089,
				1.245,
				2.267,
				1.245,
				1,
				2.389,
				1.245,
				2.511,
				0,
				2.633,
				0
			]
		},
		{
			"Target": "Parameter",
			"Id": "ParamYellow4",
			"Segments": [
				0,
				0,
				1,
				0.1,
				0,
				0.2,
				-30,
				0.3,
				-30,
				1,
				0.422,
				-30,
				0.544,
				16,
				0.667,
				16,
				1,
				0.8,
				16,
				0.933,
				-7,
				1.067,
				-7,
				1,
				1.189,
				-7,
				1.311,
				5,
				1.433,
				5,
				1,
				1.533,
				5,
				1.633,
				-3,
				1.733,
				-3,
				1,
				1.9,
				-3,
				2.067,
				1.273,
				2.233,
				1.273,
				1,
				2.367,
				1.273,
				2.5,
				0,
				2.633,
				0
			]
		},
		{
			"Target": "Parameter",
			"Id": "ParamRed1",
			"Segments": [
				0,
				0,
				1,
				0.1,
				0,
				0.2,
				23,
				0.3,
				23,
				1,
				0.422,
				23,
				0.544,
				-12,
				0.667,
				-12,
				1,
				0.8,
				-12,
				0.933,
				7,
				1.067,
				7,
				1,
				1.189,
				7,
				1.311,
				-6,
				1.433,
				-6,
				1,
				1.533,
				-6,
				1.633,
				1,
				1.733,
				1,
				1,
				1.9,
				1,
				2.067,
				-0.761,
				2.233,
				-0.761,
				1,
				2.367,
				-0.761,
				2.5,
				0,
				2.633,
				0
			]
		},
		{
			"Target": "Parameter",
			"Id": "ParamRed2",
			"Segments": [
				0,
				0,
				1,
				0.1,
				0,
				0.2,
				19,
				0.3,
				19,
				1,
				0.422,
				19,
				0.544,
				-12,
				0.667,
				-12,
				1,
				0.8,
				-12,
				0.933,
				8,
				1.067,
				8,
				1,
				1.189,
				8,
				1.311,
				-5,
				1.433,
				-5,
				1,
				1.533,
				-5,
				1.633,
				2,
				1.733,
				2,
				1,
				1.889,
				2,
				2.044,
				-0.613,
				2.2,
				-0.613,
				1,
				2.344,
				-0.613,
				2.489,
				0,
				2.633,
				0
			]
		},
		{
			"Target": "Parameter",
			"Id": "ParamRed3",
			"Segments": [
				0,
				0,
				1,
				0.1,
				0,
				0.2,
				21,
				0.3,
				21,
				1,
				0.422,
				21,
				0.544,
				-12,
				0.667,
				-12,
				1,
				0.8,
				-12,
				0.933,
				8,
				1.067,
				8,
				1,
				1.189,
				8,
				1.311,
				-6,
				1.433,
				-6,
				1,
				1.533,
				-6,
				1.633,
				2,
				1.733,
				2,
				1,
				1.9,
				2,
				2.067,
				-0.783,
				2.233,
				-0.783,
				1,
				2.367,
				-0.783,
				2.5,
				0,
				2.633,
				0
			]
		},
		{
			"Target": "Parameter",
			"Id": "ParamRed4",
			"Segments": [
				0,
				0,
				1,
				0.1,
				0,
				0.2,
				20,
				0.3,
				20,
				1,
				0.422,
				20,
				0.544,
				-12,
				0.667,
				-12,
				1,
				0.8,
				-12,
				0.933,
				7,
				1.067,
				7,
				1,
				1.189,
				7,
				1.311,
				-6,
				1.433,
				-6,
				1,
				1.533,
				-6,
				1.633,
				3,
				1.733,
				3,
				1,
				1.9,
				3,
				2.067,
				-0.822,
				2.233,
				-0.822,
				1,
				2.367,
				-0.822,
				2.5,
				0,
				2.633,
				0
			]
		},
		{
			"Target": "Parameter",
			"Id": "ParamRed5",
			"Segments": [
				0,
				0,
				1,
				0.1,
				0,
				0.2,
				-26,
				0.3,
				-26,
				1,
				0.422,
				-26,
				0.544,
				16,
				0.667,
				16,
				1,
				0.8,
				16,
				0.933,
				-8,
				1.067,
				-8,
				1,
				1.189,
				-8,
				1.311,
				3,
				1.433,
				3,
				1,
				1.556,
				3,
				1.678,
				0.99,
				1.8,
				0,
				1,
				1.922,
				-0.99,
				2.044,
				-0.996,
				2.167,
				-0.996,
				1,
				2.322,
				-0.996,
				2.478,
				0,
				2.633,
				0
			]
		},
		{
			"Target": "Parameter",
			"Id": "ParamRibonRightX",
			"Segments": [
				0,
				-7.468,
				1,
				0.011,
				-7.468,
				0.022,
				-9.483,
				0.033,
				-10.375,
				1,
				0.122,
				-17.516,
				0.211,
				-20.468,
				0.3,
				-20.468,
				1,
				0.422,
				-20.468,
				0.544,
				-5.854,
				0.667,
				-0.468,
				1,
				0.756,
				3.449,
				0.844,
				3.054,
				0.933,
				3.054,
				1,
				1.1,
				3.054,
				1.267,
				-0.908,
				1.433,
				-7.468,
				1,
				1.533,
				-11.404,
				1.633,
				-12.809,
				1.733,
				-12.809,
				1,
				1.9,
				-12.809,
				2.067,
				-7.468,
				2.233,
				-7.468,
				1,
				2.367,
				-7.468,
				2.5,
				-8,
				2.633,
				-8
			]
		},
		{
			"Target": "Parameter",
			"Id": "ParamRibonRightY",
			"Segments": [
				0,
				-2.35,
				1,
				0.011,
				-2.35,
				0.022,
				3.286,
				0.033,
				5.283,
				1,
				0.122,
				21.259,
				0.211,
				27.65,
				0.3,
				27.65,
				1,
				0.422,
				27.65,
				0.544,
				19.655,
				0.667,
				6.65,
				1,
				0.8,
				-7.537,
				0.933,
				-13.35,
				1.067,
				-13.35,
				1,
				1.189,
				-13.35,
				1.311,
				-12.447,
				1.433,
				-6.35,
				1,
				1.533,
				-1.361,
				1.633,
				6.65,
				1.733,
				6.65,
				1,
				1.9,
				6.65,
				2.067,
				-2.35,
				2.233,
				-2.35,
				1,
				2.367,
				-2.35,
				2.5,
				-1,
				2.633,
				-1
			]
		},
		{
			"Target": "Parameter",
			"Id": "ParamRibonLeftX",
			"Segments": [
				0,
				8.385,
				1,
				0.011,
				8.385,
				0.022,
				5.378,
				0.033,
				4.801,
				1,
				0.122,
				0.18,
				0.211,
				-1.615,
				0.3,
				-1.615,
				1,
				0.456,
				-1.615,
				0.611,
				7.704,
				0.767,
				13.411,
				1,
				0.856,
				16.672,
				0.944,
				16.385,
				1.033,
				16.385,
				1,
				1.167,
				16.385,
				1.3,
				11.396,
				1.433,
				8.385,
				1,
				1.578,
				5.122,
				1.722,
				4.801,
				1.867,
				4.801,
				1,
				1.989,
				4.801,
				2.111,
				8.385,
				2.233,
				8.385,
				1,
				2.367,
				8.385,
				2.5,
				8,
				2.633,
				8
			]
		},
		{
			"Target": "Parameter",
			"Id": "ParamRibonLeftY",
			"Segments": [
				0,
				-2.5,
				1,
				0.011,
				-2.5,
				0.022,
				0.007,
				0.033,
				1.317,
				1,
				0.144,
				14.422,
				0.256,
				20.121,
				0.367,
				20.121,
				1,
				0.456,
				20.121,
				0.544,
				18.081,
				0.633,
				10.248,
				1,
				0.778,
				-2.479,
				0.922,
				-11.5,
				1.067,
				-11.5,
				1,
				1.189,
				-11.5,
				1.311,
				-10.36,
				1.433,
				-4.5,
				1,
				1.533,
				0.295,
				1.633,
				6.5,
				1.733,
				6.5,
				1,
				1.9,
				6.5,
				2.067,
				-2.5,
				2.233,
				-2.5,
				1,
				2.367,
				-2.5,
				2.5,
				-2,
				2.633,
				-2
			]
		},
		{
			"Target": "Parameter",
			"Id": "ParamHairBackX",
			"Segments": [
				0,
				0,
				1,
				0.011,
				0,
				0.022,
				-1.822,
				0.033,
				-2.727,
				1,
				0.122,
				-9.969,
				0.211,
				-13,
				0.3,
				-13,
				1,
				0.556,
				-13,
				0.811,
				12,
				1.067,
				12,
				1,
				1.289,
				12,
				1.511,
				-3,
				1.733,
				-3,
				1,
				1.9,
				-3,
				2.067,
				0.642,
				2.233,
				0.642,
				1,
				2.367,
				0.642,
				2.5,
				0,
				2.633,
				0
			]
		},
		{
			"Target": "Parameter",
			"Id": "ParamHairBackY",
			"Segments": [
				0,
				0,
				1,
				0.011,
				0,
				0.022,
				0.488,
				0.033,
				1.82,
				1,
				0.122,
				12.473,
				0.211,
				18,
				0.3,
				18,
				1,
				0.556,
				18,
				0.811,
				-26,
				1.067,
				-26,
				1,
				1.289,
				-26,
				1.511,
				8,
				1.733,
				8,
				1,
				1.9,
				8,
				2.067,
				-1.652,
				2.233,
				-1.652,
				1,
				2.367,
				-1.652,
				2.5,
				0,
				2.633,
				0
			]
		},
		{
			"Target": "Parameter",
			"Id": "ParamFX",
			"Segments": [
				0,
				0,
				1,
				0.011,
				0,
				0.022,
				1.341,
				0.033,
				2.119,
				1,
				0.122,
				8.345,
				0.211,
				11,
				0.3,
				11,
				1,
				0.389,
				11,
				0.478,
				3.117,
				0.567,
				-3,
				1,
				0.656,
				-9.117,
				0.744,
				-10,
				0.833,
				-10,
				1,
				0.944,
				-10,
				1.056,
				-1.606,
				1.167,
				4,
				1,
				1.289,
				10.167,
				1.411,
				11,
				1.533,
				11,
				1,
				1.678,
				11,
				1.822,
				10.445,
				1.967,
				7,
				1,
				2.111,
				3.555,
				2.256,
				-0.526,
				2.4,
				-0.526,
				1,
				2.478,
				-0.526,
				2.556,
				0,
				2.633,
				0
			]
		},
		{
			"Target": "Parameter",
			"Id": "ParamFY",
			"Segments": [
				0,
				0,
				1,
				0.011,
				0,
				0.022,
				0.547,
				0.033,
				1.88,
				1,
				0.122,
				12.541,
				0.211,
				18,
				0.3,
				18,
				1,
				0.389,
				18,
				0.478,
				18.096,
				0.567,
				14,
				1,
				0.656,
				9.904,
				0.744,
				-4,
				0.833,
				-4,
				1,
				0.944,
				-4,
				1.056,
				-4,
				1.167,
				-4,
				1,
				1.289,
				-4,
				1.411,
				-10,
				1.533,
				-10,
				1,
				1.678,
				-10,
				1.822,
				9,
				1.967,
				9,
				1,
				2.111,
				9,
				2.256,
				-0.526,
				2.4,
				-0.526,
				1,
				2.478,
				-0.526,
				2.556,
				0,
				2.633,
				0
			]
		},
		{
			"Target": "Parameter",
			"Id": "ParamWater1",
			"Segments": [
				0,
				0,
				0,
				1.133,
				1,
				2,
				1.167,
				0,
				1,
				1.656,
				0,
				2.144,
				0,
				2.633,
				0
			]
		},
		{
			"Target": "Parameter",
			"Id": "ParamWater2",
			"Segments": [
				0,
				0,
				0,
				0.267,
				0,
				0,
				1.4,
				1,
				2,
				1.433,
				0,
				0,
				2.633,
				0
			]
		},
		{
			"Target": "Parameter",
			"Id": "ParamWater3",
			"Segments": [
				0,
				0,
				0,
				1.133,
				1,
				2,
				1.167,
				0,
				0,
				2.633,
				0
			]
		},
		{
			"Target": "Parameter",
			"Id": "ParamWater4",
			"Segments": [
				0,
				0,
				0,
				0.1,
				0,
				0,
				1.233,
				1,
				2,
				1.267,
				0,
				0,
				2.633,
				0
			]
		},
		{
			"Target": "Parameter",
			"Id": "ParamAngleZ",
			"Segments": [
				0,
				0,
				1,
				0.111,
				0,
				0.222,
				11,
				0.333,
				11,
				1,
				0.589,
				11,
				0.844,
				-6,
				1.1,
				-6,
				1,
				1.289,
				-6,
				1.478,
				2,
				1.667,
				2,
				1,
				1.8,
				2,
				1.933,
				0.787,
				2.067,
				0,
				1,
				2.256,
				-1.115,
				2.444,
				-1.3,
				2.633,
				-1.3
			]
		},
		{
			"Target": "Parameter",
			"Id": "ParamEyeLOpen",
			"Segments": [
				0,
				1,
				1,
				0.1,
				1,
				0.2,
				0.7,
				0.3,
				0.7,
				1,
				0.489,
				0.7,
				0.678,
				1,
				0.867,
				1,
				1,
				1.089,
				1,
				1.311,
				0.981,
				1.533,
				0.92,
				1,
				1.567,
				0.911,
				1.6,
				0,
				1.633,
				0,
				1,
				1.667,
				0,
				1.7,
				0,
				1.733,
				0,
				1,
				1.767,
				0,
				1.8,
				1,
				1.833,
				1,
				1,
				1.856,
				1,
				1.878,
				1,
				1.9,
				1,
				0,
				2.633,
				1
			]
		},
		{
			"Target": "Parameter",
			"Id": "ParamEyeROpen",
			"Segments": [
				0,
				1,
				1,
				0.1,
				1,
				0.2,
				0.7,
				0.3,
				0.7,
				1,
				0.489,
				0.7,
				0.678,
				1,
				0.867,
				1,
				1,
				1.089,
				1,
				1.311,
				0.981,
				1.533,
				0.92,
				1,
				1.567,
				0.911,
				1.6,
				0,
				1.633,
				0,
				1,
				1.667,
				0,
				1.7,
				0,
				1.733,
				0,
				1,
				1.767,
				0,
				1.8,
				1,
				1.833,
				1,
				1,
				1.856,
				1,
				1.878,
				1,
				1.9,
				1,
				0,
				2.633,
				1
			]
		},
		{
			"Target": "Parameter",
			"Id": "ParamEyeBallX",
			"Segments": [
				0,
				0,
				1,
				0.156,
				0,
				0.311,
				0,
				0.467,
				0,
				0,
				2.633,
				0
			]
		},
		{
			"Target": "Parameter",
			"Id": "ParamEyeBallY",
			"Segments": [
				0,
				0,
				1,
				0.156,
				0,
				0.311,
				-0.5,
				0.467,
				-0.5,
				1,
				0.622,
				-0.5,
				0.778,
				0,
				0.933,
				0,
				0,
				2.633,
				0
			]
		},
		{
			"Target": "Parameter",
			"Id": "ParamBrowRAngle",
			"Segments": [
				0,
				0,
				1,
				0.078,
				0,
				0.156,
				-0.7,
				0.233,
				-0.7,
				1,
				0.544,
				-0.7,
				0.856,
				-0.691,
				1.167,
				-0.5,
				1,
				1.444,
				-0.329,
				1.722,
				0,
				2,
				0,
				0,
				2.633,
				0
			]
		},
		{
			"Target": "Parameter",
			"Id": "ParamBrowRForm",
			"Segments": [
				0,
				0,
				1,
				0.078,
				0,
				0.156,
				-0.9,
				0.233,
				-0.9,
				1,
				0.544,
				-0.9,
				0.856,
				-0.915,
				1.167,
				-0.8,
				1,
				1.444,
				-0.698,
				1.722,
				0,
				2,
				0,
				0,
				2.633,
				0
			]
		},
		{
			"Target": "Parameter",
			"Id": "ParamMouthForm",
			"Segments": [
				0,
				0,
				1,
				0.167,
				0,
				0.333,
				0,
				0.5,
				0,
				1,
				0.722,
				0,
				0.944,
				0.5,
				1.167,
				0.5,
				1,
				1.367,
				0.5,
				1.567,
				0,
				1.767,
				0,
				0,
				2.633,
				0
			]
		},
		{
			"Target": "Parameter",
			"Id": "ParamMouthOpenY",
			"Segments": [
				0,
				0,
				1,
				0.089,
				0,
				0.178,
				1,
				0.267,
				1,
				1,
				0.422,
				1,
				0.578,
				0,
				0.733,
				0,
				1,
				0.956,
				0,
				1.178,
				0,
				1.4,
				0,
				1,
				1.6,
				0,
				1.8,
				0,
				2,
				0,
				0,
				2.633,
				0
			]
		},
		{
			"Target": "Parameter",
			"Id": "ParamCheek",
			"Segments": [
				0,
				0,
				1,
				0.156,
				0,
				0.311,
				1,
				0.467,
				1,
				1,
				1.111,
				1,
				1.756,
				0,
				2.4,
				0,
				0,
				2.633,
				0
			]
		},
		{
			"Target": "Parameter",
			"Id": "ParamBodyAngleY",
			"Segments": [
				0,
				0,
				1,
				0.011,
				0,
				0.022,
				-0.095,
				0.033,
				0.041,
				1,
				0.1,
				0.857,
				0.167,
				5,
				0.233,
				5,
				1,
				0.489,
				5,
				0.744,
				-2,
				1,
				-2,
				1,
				1.289,
				-2,
				1.578,
				0.5,
				1.867,
				0.5,
				1,
				2.044,
				0.5,
				2.222,
				0,
				2.4,
				0,
				1,
				2.478,
				0,
				2.556,
				0,
				2.633,
				0
			]
		},
		{
			"Target": "Parameter",
			"Id": "ParamBreat",
			"Segments": [
				0,
				0.5,
				1,
				0.011,
				0.5,
				0.022,
				0.542,
				0.033,
				0.542,
				1,
				0.256,
				0.542,
				0.478,
				0,
				0.7,
				0,
				1,
				0.889,
				0,
				1.078,
				1,
				1.267,
				1,
				1,
				1.522,
				1,
				1.778,
				0.5,
				2.033,
				0.5,
				1,
				2.233,
				0.5,
				2.433,
				0.5,
				2.633,
				0.5
			]
		},
		{
			"Target": "Parameter",
			"Id": "ParamRightFoot1",
			"Segments": [
				0,
				0,
				1,
				0.078,
				0,
				0.156,
				26,
				0.233,
				26,
				1,
				0.389,
				26,
				0.544,
				-10,
				0.7,
				-10,
				1,
				0.856,
				-10,
				1.011,
				8,
				1.167,
				8,
				1,
				1.322,
				8,
				1.478,
				-5,
				1.633,
				-5,
				1,
				1.789,
				-5,
				1.944,
				0,
				2.1,
				0,
				1,
				2.278,
				0,
				2.456,
				0,
				2.633,
				0
			]
		},
		{
			"Target": "Parameter",
			"Id": "ParamRightFoot2",
			"Segments": [
				0,
				0,
				1,
				0.022,
				0,
				0.044,
				0,
				0.067,
				0,
				1,
				0.078,
				0,
				0.089,
				3.608,
				0.1,
				5.364,
				1,
				0.167,
				15.901,
				0.233,
				20,
				0.3,
				20,
				1,
				0.456,
				20,
				0.611,
				-10,
				0.767,
				-10,
				1,
				0.922,
				-10,
				1.078,
				11,
				1.233,
				11,
				1,
				1.389,
				11,
				1.544,
				-6,
				1.7,
				-6,
				1,
				1.856,
				-6,
				2.011,
				0,
				2.167,
				0,
				1,
				2.322,
				0,
				2.478,
				-2.34,
				2.633,
				-2.34
			]
		},
		{
			"Target": "Parameter",
			"Id": "ParamRightFoot3",
			"Segments": [
				0,
				0,
				1,
				0.067,
				0,
				0.133,
				0,
				0.2,
				0,
				1,
				0.211,
				0,
				0.222,
				6.857,
				0.233,
				9.05,
				1,
				0.3,
				22.21,
				0.367,
				27,
				0.433,
				27,
				1,
				0.589,
				27,
				0.744,
				-9,
				0.9,
				-9,
				1,
				1.056,
				-9,
				1.211,
				10,
				1.367,
				10,
				1,
				1.522,
				10,
				1.678,
				-8,
				1.833,
				-8,
				1,
				1.989,
				-8,
				2.144,
				0,
				2.3,
				0,
				1,
				2.411,
				0,
				2.522,
				-6.66,
				2.633,
				-6.66
			]
		},
		{
			"Target": "Parameter",
			"Id": "ParamLeftFoot1",
			"Segments": [
				0,
				0,
				1,
				0.011,
				0,
				0.022,
				-4.519,
				0.033,
				-6.089,
				1,
				0.1,
				-15.51,
				0.167,
				-19,
				0.233,
				-19,
				1,
				0.389,
				-19,
				0.544,
				27,
				0.7,
				27,
				1,
				0.856,
				27,
				1.011,
				-11,
				1.167,
				-11,
				1,
				1.322,
				-11,
				1.478,
				3,
				1.633,
				3,
				1,
				1.8,
				3,
				1.967,
				-0.953,
				2.133,
				-0.953,
				1,
				2.3,
				-0.953,
				2.467,
				0,
				2.633,
				0
			]
		},
		{
			"Target": "Parameter",
			"Id": "ParamArmR1",
			"Segments": [
				0,
				0,
				1,
				0.078,
				0,
				0.156,
				-6,
				0.233,
				-6,
				1,
				0.389,
				-6,
				0.544,
				8,
				0.7,
				8,
				1,
				0.856,
				8,
				1.011,
				-6,
				1.167,
				-6,
				1,
				1.322,
				-6,
				1.478,
				5,
				1.633,
				5,
				1,
				1.811,
				5,
				1.989,
				-0.503,
				2.167,
				-0.503,
				1,
				2.322,
				-0.503,
				2.478,
				0,
				2.633,
				0
			]
		},
		{
			"Target": "Parameter",
			"Id": "ParamArmR2",
			"Segments": [
				0,
				-1.64,
				1,
				0.011,
				-1.64,
				0.022,
				-1.28,
				0.033,
				-0.981,
				1,
				0.144,
				2.001,
				0.256,
				3.36,
				0.367,
				3.36,
				1,
				0.522,
				3.36,
				0.678,
				-9.64,
				0.833,
				-9.64,
				1,
				0.989,
				-9.64,
				1.144,
				1.36,
				1.3,
				1.36,
				1,
				1.456,
				1.36,
				1.611,
				-3.64,
				1.767,
				-3.64,
				1,
				1.922,
				-3.64,
				2.078,
				-1.64,
				2.233,
				-1.64,
				1,
				2.367,
				-1.64,
				2.5,
				-2.08,
				2.633,
				-2.08
			]
		},
		{
			"Target": "Parameter",
			"Id": "ParamArmR3",
			"Segments": [
				0,
				-6.125,
				1,
				0.011,
				-6.125,
				0.022,
				-5.318,
				0.033,
				-5.105,
				1,
				0.178,
				-2.327,
				0.322,
				-1.125,
				0.467,
				-1.125,
				1,
				0.667,
				-1.125,
				0.867,
				-10.197,
				1.067,
				-10.197,
				1,
				1.233,
				-10.197,
				1.4,
				-8.592,
				1.567,
				-5.508,
				1,
				1.678,
				-3.452,
				1.789,
				-2.485,
				1.9,
				-2.485,
				1,
				2.044,
				-2.485,
				2.189,
				-6.125,
				2.333,
				-6.125,
				1,
				2.433,
				-6.125,
				2.533,
				-5.92,
				2.633,
				-5.92
			]
		},
		{
			"Target": "Parameter",
			"Id": "ParamArmL1",
			"Segments": [
				0,
				0,
				1,
				0.011,
				0,
				0.022,
				-7.649,
				0.033,
				-8.793,
				1,
				0.1,
				-15.654,
				0.167,
				-18,
				0.233,
				-18,
				1,
				0.389,
				-18,
				0.544,
				-5.398,
				0.7,
				2,
				1,
				0.856,
				9.398,
				1.011,
				10,
				1.167,
				10,
				1,
				1.356,
				10,
				1.544,
				7.862,
				1.733,
				4,
				1,
				1.889,
				0.82,
				2.044,
				-0.58,
				2.2,
				-0.58,
				1,
				2.344,
				-0.58,
				2.489,
				0,
				2.633,
				0
			]
		},
		{
			"Target": "Parameter",
			"Id": "ParamArmL2",
			"Segments": [
				0,
				0.64,
				1,
				0.011,
				0.64,
				0.022,
				-1.21,
				0.033,
				-1.64,
				1,
				0.156,
				-6.369,
				0.278,
				-8.36,
				0.4,
				-8.36,
				1,
				0.556,
				-8.36,
				0.711,
				-4.121,
				0.867,
				-1.36,
				1,
				1.022,
				1.402,
				1.178,
				1.64,
				1.333,
				1.64,
				1,
				1.544,
				1.64,
				1.756,
				1.029,
				1.967,
				0.78,
				1,
				2.111,
				0.61,
				2.256,
				0.64,
				2.4,
				0.64,
				1,
				2.478,
				0.64,
				2.556,
				0.78,
				2.633,
				0.78
			]
		},
		{
			"Target": "Parameter",
			"Id": "ParamArmL3",
			"Segments": [
				0,
				3.42,
				1,
				0.167,
				3.42,
				0.333,
				0.42,
				0.5,
				0.42,
				1,
				0.656,
				0.42,
				0.811,
				1.42,
				0.967,
				1.42,
				1,
				1.122,
				1.42,
				1.278,
				-4.58,
				1.433,
				-4.58,
				1,
				1.622,
				-4.58,
				1.811,
				0.42,
				2,
				0.42,
				1,
				2.211,
				0.42,
				2.422,
				0,
				2.633,
				0
			]
		},
		{
			"Target": "Parameter",
			"Id": "Param",
			"Segments": [
				0,
				0,
				1,
				0.111,
				0,
				0.222,
				-30,
				0.333,
				-30,
				1,
				0.533,
				-30,
				0.733,
				30,
				0.933,
				30,
				1,
				1.133,
				30,
				1.333,
				-30,
				1.533,
				-30,
				1,
				1.9,
				-30,
				2.267,
				0,
				2.633,
				0
			]
		},
		{
			"Target": "Parameter",
			"Id": "ParamRobotLeft",
			"Segments": [
				0,
				0,
				1,
				0.011,
				0,
				0.022,
				-2.576,
				0.033,
				-3.487,
				1,
				0.1,
				-8.95,
				0.167,
				-11,
				0.233,
				-11,
				1,
				0.389,
				-11,
				0.544,
				10,
				0.7,
				10,
				1,
				0.856,
				10,
				1.011,
				-6,
				1.167,
				-6,
				1,
				1.367,
				-6,
				1.567,
				2,
				1.767,
				2,
				1,
				1.944,
				2,
				2.122,
				-0.514,
				2.3,
				-0.514,
				1,
				2.411,
				-0.514,
				2.522,
				0,
				2.633,
				0
			]
		},
		{
			"Target": "Parameter",
			"Id": "ParamRobotLeft1",
			"Segments": [
				0,
				0.518,
				1,
				0.044,
				0.518,
				0.089,
				0.518,
				0.133,
				0.518,
				1,
				0.144,
				0.518,
				0.156,
				-2.136,
				0.167,
				-3.144,
				1,
				0.233,
				-9.194,
				0.3,
				-11.482,
				0.367,
				-11.482,
				1,
				0.522,
				-11.482,
				0.678,
				13.518,
				0.833,
				13.518,
				1,
				0.978,
				13.518,
				1.122,
				-7.482,
				1.267,
				-7.482,
				1,
				1.478,
				-7.482,
				1.689,
				1.518,
				1.9,
				1.518,
				1,
				2.056,
				1.518,
				2.211,
				0.518,
				2.367,
				0.518,
				1,
				2.456,
				0.518,
				2.544,
				0.78,
				2.633,
				0.78
			]
		},
		{
			"Target": "Parameter",
			"Id": "ParamRobotLeft2",
			"Segments": [
				0,
				0.58,
				1,
				0.044,
				0.58,
				0.089,
				0.58,
				0.133,
				0.58,
				1,
				0.144,
				0.58,
				0.156,
				-1.522,
				0.167,
				-2.372,
				1,
				0.233,
				-7.47,
				0.3,
				-9.42,
				0.367,
				-9.42,
				1,
				0.522,
				-9.42,
				0.678,
				12.58,
				0.833,
				12.58,
				1,
				0.978,
				12.58,
				1.122,
				-6.42,
				1.267,
				-6.42,
				1,
				1.478,
				-6.42,
				1.689,
				3.58,
				1.9,
				3.58,
				1,
				2.056,
				3.58,
				2.211,
				0.58,
				2.367,
				0.58,
				1,
				2.456,
				0.58,
				2.544,
				0.78,
				2.633,
				0.78
			]
		},
		{
			"Target": "Parameter",
			"Id": "ParamRobotLeft3",
			"Segments": [
				0,
				0.458,
				1,
				0.078,
				0.458,
				0.156,
				0.458,
				0.233,
				0.458,
				1,
				0.244,
				0.458,
				0.256,
				-3.955,
				0.267,
				-5.11,
				1,
				0.333,
				-12.045,
				0.4,
				-14.542,
				0.467,
				-14.542,
				1,
				0.622,
				-14.542,
				0.778,
				12.458,
				0.933,
				12.458,
				1,
				1.078,
				12.458,
				1.222,
				-7.542,
				1.367,
				-7.542,
				1,
				1.578,
				-7.542,
				1.789,
				2.458,
				2,
				2.458,
				1,
				2.156,
				2.458,
				2.311,
				0.458,
				2.467,
				0.458,
				1,
				2.522,
				0.458,
				2.578,
				0.78,
				2.633,
				0.78
			]
		},
		{
			"Target": "Parameter",
			"Id": "ParamRobotRight1",
			"Segments": [
				0,
				-1.181,
				1,
				0.078,
				-1.181,
				0.156,
				-1.181,
				0.233,
				-1.181,
				1,
				0.244,
				-1.181,
				0.256,
				0.271,
				0.267,
				1.972,
				1,
				0.333,
				12.178,
				0.4,
				16.819,
				0.467,
				16.819,
				1,
				0.622,
				16.819,
				0.778,
				-16.181,
				0.933,
				-16.181,
				1,
				1.078,
				-16.181,
				1.222,
				9.819,
				1.367,
				9.819,
				1,
				1.578,
				9.819,
				1.789,
				-4.181,
				2,
				-4.181,
				1,
				2.156,
				-4.181,
				2.311,
				-1.181,
				2.467,
				-1.181,
				1,
				2.522,
				-1.181,
				2.578,
				-1.56,
				2.633,
				-1.56
			]
		},
		{
			"Target": "Parameter",
			"Id": "ParamRobotRight2",
			"Segments": [
				0,
				-2.177,
				1,
				0.078,
				-2.177,
				0.156,
				-2.177,
				0.233,
				-2.177,
				1,
				0.244,
				-2.177,
				0.256,
				1.471,
				0.267,
				3.016,
				1,
				0.333,
				12.288,
				0.4,
				15.823,
				0.467,
				15.823,
				1,
				0.622,
				15.823,
				0.778,
				-18.177,
				0.933,
				-18.177,
				1,
				1.078,
				-18.177,
				1.222,
				7.823,
				1.367,
				7.823,
				1,
				1.578,
				7.823,
				1.789,
				-5.177,
				2,
				-5.177,
				1,
				2.156,
				-5.177,
				2.311,
				-2.177,
				2.467,
				-2.177,
				1,
				2.522,
				-2.177,
				2.578,
				-2.6,
				2.633,
				-2.6
			]
		},
		{
			"Target": "Parameter",
			"Id": "Param_Angle_Rotation65",
			"Segments": [
				0,
				0,
				1,
				0.011,
				0,
				0.022,
				-1.085,
				0.033,
				-1.506,
				1,
				0.1,
				-4.033,
				0.167,
				-5,
				0.233,
				-5,
				1,
				0.422,
				-5,
				0.611,
				6,
				0.8,
				6,
				1,
				0.967,
				6,
				1.133,
				-4,
				1.3,
				-4,
				1,
				1.444,
				-4,
				1.589,
				-1.631,
				1.733,
				-0.761,
				1,
				1.9,
				0.243,
				2.067,
				0.239,
				2.233,
				0.239,
				1,
				2.367,
				0.239,
				2.5,
				0,
				2.633,
				0
			]
		},
		{
			"Target": "Parameter",
			"Id": "Param_Angle_Rotation66",
			"Segments": [
				0,
				-1.423,
				1,
				0.033,
				-1.423,
				0.067,
				-1.423,
				0.1,
				-1.423,
				1,
				0.178,
				-1.423,
				0.256,
				-9.423,
				0.333,
				-9.423,
				1,
				0.489,
				-9.423,
				0.644,
				5.577,
				0.8,
				5.577,
				1,
				0.956,
				5.577,
				1.111,
				-6.423,
				1.267,
				-6.423,
				1,
				1.522,
				-6.423,
				1.778,
				0.682,
				2.033,
				0.682,
				1,
				2.133,
				0.682,
				2.233,
				-1.423,
				2.333,
				-1.423,
				1,
				2.433,
				-1.423,
				2.533,
				-1.3,
				2.633,
				-1.3
			]
		},
		{
			"Target": "Parameter",
			"Id": "Param_Angle_Rotation67",
			"Segments": [
				0,
				-6.932,
				1,
				0.089,
				-6.932,
				0.178,
				-6.932,
				0.267,
				-6.932,
				1,
				0.344,
				-6.932,
				0.422,
				-15,
				0.5,
				-15,
				1,
				0.656,
				-15,
				0.811,
				1.068,
				0.967,
				1.068,
				1,
				1.178,
				1.068,
				1.389,
				-11.527,
				1.6,
				-11.527,
				1,
				1.744,
				-11.527,
				1.889,
				-2.932,
				2.033,
				-2.932,
				1,
				2.122,
				-2.932,
				2.211,
				-7.795,
				2.3,
				-7.795,
				1,
				2.411,
				-7.795,
				2.522,
				-7.41,
				2.633,
				-7.41
			]
		},
		{
			"Target": "Parameter",
			"Id": "Param_Angle_Rotation69",
			"Segments": [
				0,
				0,
				1,
				0.011,
				0,
				0.022,
				2.295,
				0.033,
				2.701,
				1,
				0.1,
				5.137,
				0.167,
				6,
				0.233,
				6,
				1,
				0.389,
				6,
				0.544,
				-6,
				0.7,
				-6,
				1,
				0.856,
				-6,
				1.011,
				4,
				1.167,
				4,
				1,
				1.367,
				4,
				1.567,
				-2,
				1.767,
				-2,
				1,
				1.922,
				-2,
				2.078,
				0.379,
				2.233,
				0.379,
				1,
				2.367,
				0.379,
				2.5,
				0,
				2.633,
				0
			]
		},
		{
			"Target": "Parameter",
			"Id": "Param_Angle_Rotation70",
			"Segments": [
				0,
				0.907,
				1,
				0.044,
				0.907,
				0.089,
				0.907,
				0.133,
				0.907,
				1,
				0.144,
				0.907,
				0.156,
				3.388,
				0.167,
				3.989,
				1,
				0.233,
				7.598,
				0.3,
				8.907,
				0.367,
				8.907,
				1,
				0.522,
				8.907,
				0.678,
				-8.093,
				0.833,
				-8.093,
				1,
				0.989,
				-8.093,
				1.144,
				5.907,
				1.3,
				5.907,
				1,
				1.5,
				5.907,
				1.7,
				-1.093,
				1.9,
				-1.093,
				1,
				2.056,
				-1.093,
				2.211,
				0.907,
				2.367,
				0.907,
				1,
				2.456,
				0.907,
				2.544,
				0.78,
				2.633,
				0.78
			]
		},
		{
			"Target": "Parameter",
			"Id": "Param_Angle_Rotation71",
			"Segments": [
				0,
				6.233,
				1,
				0.089,
				6.233,
				0.178,
				6.233,
				0.267,
				6.233,
				1,
				0.278,
				6.233,
				0.289,
				8.547,
				0.3,
				9.165,
				1,
				0.367,
				12.876,
				0.433,
				14.233,
				0.5,
				14.233,
				1,
				0.656,
				14.233,
				0.811,
				-4.767,
				0.967,
				-4.767,
				1,
				1.122,
				-4.767,
				1.278,
				12.233,
				1.433,
				12.233,
				1,
				1.633,
				12.233,
				1.833,
				2.233,
				2.033,
				2.233,
				1,
				2.133,
				2.233,
				2.233,
				6.233,
				2.333,
				6.233,
				1,
				2.433,
				6.233,
				2.533,
				5.92,
				2.633,
				5.92
			]
		},
		{
			"Target": "Parameter",
			"Id": "Param_Angle_Rotation13",
			"Segments": [
				0,
				0,
				1,
				0.011,
				0,
				0.022,
				-1.806,
				0.033,
				-2.682,
				1,
				0.1,
				-7.938,
				0.167,
				-10,
				0.233,
				-10,
				1,
				0.389,
				-10,
				0.544,
				5,
				0.7,
				5,
				1,
				0.856,
				5,
				1.011,
				-2,
				1.167,
				-2,
				1,
				1.367,
				-2,
				1.567,
				1,
				1.767,
				1,
				1,
				1.922,
				1,
				2.078,
				-0.296,
				2.233,
				-0.296,
				1,
				2.367,
				-0.296,
				2.5,
				0,
				2.633,
				0
			]
		},
		{
			"Target": "Parameter",
			"Id": "Param_Angle_Rotation14",
			"Segments": [
				0,
				-1.565,
				1,
				0.044,
				-1.565,
				0.089,
				-1.565,
				0.133,
				-1.565,
				1,
				0.144,
				-1.565,
				0.156,
				-4.556,
				0.167,
				-5.212,
				1,
				0.233,
				-9.152,
				0.3,
				-10.565,
				0.367,
				-10.565,
				1,
				0.522,
				-10.565,
				0.678,
				7.435,
				0.833,
				7.435,
				1,
				0.989,
				7.435,
				1.144,
				-5.565,
				1.3,
				-5.565,
				1,
				1.5,
				-5.565,
				1.7,
				-0.565,
				1.9,
				-0.565,
				1,
				2.056,
				-0.565,
				2.211,
				-1.565,
				2.367,
				-1.565,
				1,
				2.456,
				-1.565,
				2.544,
				-1.3,
				2.633,
				-1.3
			]
		},
		{
			"Target": "Parameter",
			"Id": "Param_Angle_Rotation15",
			"Segments": [
				0,
				-4.589,
				1,
				0.089,
				-4.589,
				0.178,
				-4.589,
				0.267,
				-4.589,
				1,
				0.278,
				-4.589,
				0.289,
				-4.979,
				0.3,
				-5.836,
				1,
				0.367,
				-10.978,
				0.433,
				-13.589,
				0.5,
				-13.589,
				1,
				0.656,
				-13.589,
				0.811,
				4.411,
				0.967,
				4.411,
				1,
				1.122,
				4.411,
				1.278,
				-8.589,
				1.433,
				-8.589,
				1,
				1.633,
				-8.589,
				1.833,
				-3.589,
				2.033,
				-3.589,
				1,
				2.189,
				-3.589,
				2.344,
				-4.589,
				2.5,
				-4.589,
				1,
				2.544,
				-4.589,
				2.589,
				-4.44,
				2.633,
				-4.44
			]
		},
		{
			"Target": "Parameter",
			"Id": "Param_Angle_Rotation17",
			"Segments": [
				0,
				0,
				1,
				0.011,
				0,
				0.022,
				-1.209,
				0.033,
				-1.826,
				1,
				0.1,
				-5.531,
				0.167,
				-7,
				0.233,
				-7,
				1,
				0.389,
				-7,
				0.544,
				3,
				0.7,
				3,
				1,
				0.856,
				3,
				1.011,
				-2,
				1.167,
				-2,
				1,
				1.367,
				-2,
				1.567,
				1,
				1.767,
				1,
				1,
				1.922,
				1,
				2.078,
				-0.217,
				2.233,
				-0.217,
				1,
				2.367,
				-0.217,
				2.5,
				0,
				2.633,
				0
			]
		},
		{
			"Target": "Parameter",
			"Id": "Param_Angle_Rotation19",
			"Segments": [
				0,
				-1.399,
				1,
				0.044,
				-1.399,
				0.089,
				-1.399,
				0.133,
				-1.399,
				1,
				0.144,
				-1.399,
				0.156,
				-3.469,
				0.167,
				-4.005,
				1,
				0.233,
				-7.223,
				0.3,
				-8.399,
				0.367,
				-8.399,
				1,
				0.522,
				-8.399,
				0.678,
				3.601,
				0.833,
				3.601,
				1,
				0.989,
				3.601,
				1.144,
				-5.399,
				1.3,
				-5.399,
				1,
				1.5,
				-5.399,
				1.7,
				-0.399,
				1.9,
				-0.399,
				1,
				2.056,
				-0.399,
				2.211,
				-1.399,
				2.367,
				-1.399,
				1,
				2.456,
				-1.399,
				2.544,
				-1.3,
				2.633,
				-1.3
			]
		},
		{
			"Target": "Parameter",
			"Id": "Param_Angle_Rotation20",
			"Segments": [
				0,
				-3.791,
				1,
				0.089,
				-3.791,
				0.178,
				-3.791,
				0.267,
				-3.791,
				1,
				0.278,
				-3.791,
				0.289,
				-7.418,
				0.3,
				-8.008,
				1,
				0.367,
				-11.548,
				0.433,
				-12.791,
				0.5,
				-12.791,
				1,
				0.656,
				-12.791,
				0.811,
				1.209,
				0.967,
				1.209,
				1,
				1.122,
				1.209,
				1.278,
				-7.791,
				1.433,
				-7.791,
				1,
				1.633,
				-7.791,
				1.833,
				-2.791,
				2.033,
				-2.791,
				1,
				2.189,
				-2.791,
				2.344,
				-3.791,
				2.5,
				-3.791,
				1,
				2.544,
				-3.791,
				2.589,
				-3.7,
				2.633,
				-3.7
			]
		},
		{
			"Target": "Parameter",
			"Id": "Param_Angle_Rotation21",
			"Segments": [
				0,
				0,
				1,
				0.078,
				0,
				0.156,
				-9,
				0.233,
				-9,
				1,
				0.389,
				-9,
				0.544,
				2,
				0.7,
				2,
				1,
				0.856,
				2,
				1.011,
				-2,
				1.167,
				-2,
				1,
				1.367,
				-2,
				1.567,
				1,
				1.767,
				1,
				1,
				1.922,
				1,
				2.078,
				-0.239,
				2.233,
				-0.239,
				1,
				2.367,
				-0.239,
				2.5,
				0,
				2.633,
				0
			]
		},
		{
			"Target": "Parameter",
			"Id": "Param_Angle_Rotation22",
			"Segments": [
				0,
				-1.393,
				1,
				0.044,
				-1.393,
				0.089,
				-1.393,
				0.133,
				-1.393,
				1,
				0.211,
				-1.393,
				0.289,
				-10.393,
				0.367,
				-10.393,
				1,
				0.522,
				-10.393,
				0.678,
				4.607,
				0.833,
				4.607,
				1,
				0.989,
				4.607,
				1.144,
				-5.393,
				1.3,
				-5.393,
				1,
				1.5,
				-5.393,
				1.7,
				-0.393,
				1.9,
				-0.393,
				1,
				2.056,
				-0.393,
				2.211,
				-1.393,
				2.367,
				-1.393,
				1,
				2.456,
				-1.393,
				2.544,
				-1.3,
				2.633,
				-1.3
			]
		},
		{
			"Target": "Parameter",
			"Id": "Param_Angle_Rotation23",
			"Segments": [
				0,
				-3.067,
				1,
				0.089,
				-3.067,
				0.178,
				-3.067,
				0.267,
				-3.067,
				1,
				0.344,
				-3.067,
				0.422,
				-13.067,
				0.5,
				-13.067,
				1,
				0.656,
				-13.067,
				0.811,
				2.933,
				0.967,
				2.933,
				1,
				1.122,
				2.933,
				1.278,
				-7.067,
				1.433,
				-7.067,
				1,
				1.633,
				-7.067,
				1.833,
				-2.067,
				2.033,
				-2.067,
				1,
				2.189,
				-2.067,
				2.344,
				-3.067,
				2.5,
				-3.067,
				1,
				2.544,
				-3.067,
				2.589,
				-2.96,
				2.633,
				-2.96
			]
		},
		{
			"Target": "Parameter",
			"Id": "Param_Angle_Rotation25",
			"Segments": [
				0,
				0,
				1,
				0.078,
				0,
				0.156,
				-10,
				0.233,
				-10,
				1,
				0.389,
				-10,
				0.544,
				5.103,
				0.7,
				5.103,
				1,
				0.856,
				5.103,
				1.011,
				-1,
				1.167,
				-1,
				1,
				1.367,
				-1,
				1.567,
				1,
				1.767,
				1,
				1,
				1.933,
				1,
				2.1,
				-0.239,
				2.267,
				-0.239,
				1,
				2.389,
				-0.239,
				2.511,
				0,
				2.633,
				0
			]
		},
		{
			"Target": "Parameter",
			"Id": "Param_Angle_Rotation26",
			"Segments": [
				0,
				-1.186,
				1,
				0.033,
				-1.186,
				0.067,
				-1.186,
				0.1,
				-1.186,
				1,
				0.178,
				-1.186,
				0.256,
				-10.186,
				0.333,
				-10.186,
				1,
				0.489,
				-10.186,
				0.644,
				1.814,
				0.8,
				1.814,
				1,
				0.956,
				1.814,
				1.111,
				-5.186,
				1.267,
				-5.186,
				1,
				1.467,
				-5.186,
				1.667,
				0.814,
				1.867,
				0.814,
				1,
				2.022,
				0.814,
				2.178,
				-1.186,
				2.333,
				-1.186,
				1,
				2.433,
				-1.186,
				2.533,
				-1.04,
				2.633,
				-1.04
			]
		},
		{
			"Target": "Parameter",
			"Id": "Param_Angle_Rotation27",
			"Segments": [
				0,
				-3.794,
				1,
				0.067,
				-3.794,
				0.133,
				-3.794,
				0.2,
				-3.794,
				1,
				0.278,
				-3.794,
				0.356,
				-12.794,
				0.433,
				-12.794,
				1,
				0.589,
				-12.794,
				0.744,
				2.206,
				0.9,
				2.206,
				1,
				1.056,
				2.206,
				1.211,
				-8.794,
				1.367,
				-8.794,
				1,
				1.567,
				-8.794,
				1.767,
				-1.794,
				1.967,
				-1.794,
				1,
				2.122,
				-1.794,
				2.278,
				-3.794,
				2.433,
				-3.794,
				1,
				2.5,
				-3.794,
				2.567,
				-3.7,
				2.633,
				-3.7
			]
		},
		{
			"Target": "Parameter",
			"Id": "Param_Angle_Rotation28",
			"Segments": [
				0,
				-5.091,
				1,
				0.089,
				-5.091,
				0.178,
				-5.091,
				0.267,
				-5.091,
				1,
				0.344,
				-5.091,
				0.422,
				-14.091,
				0.5,
				-14.091,
				1,
				0.656,
				-14.091,
				0.811,
				-0.091,
				0.967,
				-0.091,
				1,
				1.122,
				-0.091,
				1.278,
				-10.091,
				1.433,
				-10.091,
				1,
				1.633,
				-10.091,
				1.833,
				-3.091,
				2.033,
				-3.091,
				1,
				2.189,
				-3.091,
				2.344,
				-5.091,
				2.5,
				-5.091,
				1,
				2.544,
				-5.091,
				2.589,
				-5,
				2.633,
				-5
			]
		},
		{
			"Target": "Parameter",
			"Id": "Param_Angle_Rotation35",
			"Segments": [
				0,
				0,
				1,
				0.011,
				0,
				0.022,
				-1.07,
				0.033,
				-1.8,
				1,
				0.1,
				-6.183,
				0.167,
				-8,
				0.233,
				-8,
				1,
				0.389,
				-8,
				0.544,
				3,
				0.7,
				3,
				1,
				0.856,
				3,
				1.011,
				-2,
				1.167,
				-2,
				1,
				1.367,
				-2,
				1.567,
				1,
				1.767,
				1,
				1,
				1.944,
				1,
				2.122,
				-0.239,
				2.3,
				-0.239,
				1,
				2.411,
				-0.239,
				2.522,
				0,
				2.633,
				0
			]
		},
		{
			"Target": "Parameter",
			"Id": "Param_Angle_Rotation36",
			"Segments": [
				0,
				-1.259,
				1,
				0.044,
				-1.259,
				0.089,
				-1.259,
				0.133,
				-1.259,
				1,
				0.144,
				-1.259,
				0.156,
				-2.496,
				0.167,
				-3.316,
				1,
				0.233,
				-8.232,
				0.3,
				-10.259,
				0.367,
				-10.259,
				1,
				0.522,
				-10.259,
				0.678,
				2.741,
				0.833,
				2.741,
				1,
				0.989,
				2.741,
				1.144,
				-5.259,
				1.3,
				-5.259,
				1,
				1.5,
				-5.259,
				1.7,
				0.741,
				1.9,
				0.741,
				1,
				2.056,
				0.741,
				2.211,
				-1.259,
				2.367,
				-1.259,
				1,
				2.456,
				-1.259,
				2.544,
				-1.04,
				2.633,
				-1.04
			]
		},
		{
			"Target": "Parameter",
			"Id": "Param_Angle_Rotation37",
			"Segments": [
				0,
				-4.547,
				1,
				0.078,
				-4.547,
				0.156,
				-4.547,
				0.233,
				-4.547,
				1,
				0.244,
				-4.547,
				0.256,
				-9.216,
				0.267,
				-9.694,
				1,
				0.333,
				-12.563,
				0.4,
				-13.547,
				0.467,
				-13.547,
				1,
				0.622,
				-13.547,
				0.778,
				-0.547,
				0.933,
				-0.547,
				1,
				1.089,
				-0.547,
				1.244,
				-8.547,
				1.4,
				-8.547,
				1,
				1.6,
				-8.547,
				1.8,
				-2.547,
				2,
				-2.547,
				1,
				2.156,
				-2.547,
				2.311,
				-4.547,
				2.467,
				-4.547,
				1,
				2.522,
				-4.547,
				2.578,
				-4.44,
				2.633,
				-4.44
			]
		},
		{
			"Target": "Parameter",
			"Id": "Param_Angle_Rotation39",
			"Segments": [
				0,
				0,
				1,
				0.011,
				0,
				0.022,
				-3.896,
				0.033,
				-4.457,
				1,
				0.1,
				-7.826,
				0.167,
				-9,
				0.233,
				-9,
				1,
				0.389,
				-9,
				0.544,
				4,
				0.7,
				4,
				1,
				0.856,
				4,
				1.011,
				-3,
				1.167,
				-3,
				1,
				1.367,
				-3,
				1.567,
				2,
				1.767,
				2,
				1,
				1.933,
				2,
				2.1,
				-0.36,
				2.267,
				-0.36,
				1,
				2.389,
				-0.36,
				2.511,
				0,
				2.633,
				0
			]
		},
		{
			"Target": "Parameter",
			"Id": "Param_Angle_Rotation40",
			"Segments": [
				0,
				-1.927,
				1,
				0.044,
				-1.927,
				0.089,
				-1.927,
				0.133,
				-1.927,
				1,
				0.144,
				-1.927,
				0.156,
				-4.45,
				0.167,
				-5.154,
				1,
				0.233,
				-9.378,
				0.3,
				-10.927,
				0.367,
				-10.927,
				1,
				0.522,
				-10.927,
				0.678,
				2.073,
				0.833,
				2.073,
				1,
				0.989,
				2.073,
				1.144,
				-4.927,
				1.3,
				-4.927,
				1,
				1.5,
				-4.927,
				1.7,
				0.073,
				1.9,
				0.073,
				1,
				2.056,
				0.073,
				2.211,
				-1.927,
				2.367,
				-1.927,
				1,
				2.456,
				-1.927,
				2.544,
				-1.82,
				2.633,
				-1.82
			]
		},
		{
			"Target": "Parameter",
			"Id": "Param_Angle_Rotation41",
			"Segments": [
				0,
				-7.536,
				1,
				0.078,
				-7.536,
				0.156,
				-7.536,
				0.233,
				-7.536,
				1,
				0.244,
				-7.536,
				0.256,
				-9.245,
				0.267,
				-9.863,
				1,
				0.333,
				-13.573,
				0.4,
				-14.977,
				0.467,
				-14.977,
				1,
				0.622,
				-14.977,
				0.778,
				-3.536,
				0.933,
				-3.536,
				1,
				1.089,
				-3.536,
				1.244,
				-9.536,
				1.4,
				-9.536,
				1,
				1.6,
				-9.536,
				1.8,
				-6.536,
				2,
				-6.536,
				1,
				2.156,
				-6.536,
				2.311,
				-7.536,
				2.467,
				-7.536,
				1,
				2.522,
				-7.536,
				2.578,
				-7.41,
				2.633,
				-7.41
			]
		},
		{
			"Target": "Parameter",
			"Id": "Param_Angle_Rotation43",
			"Segments": [
				0,
				0,
				1,
				0.011,
				0,
				0.022,
				1.176,
				0.033,
				1.796,
				1,
				0.1,
				5.517,
				0.167,
				7,
				0.233,
				7,
				1,
				0.389,
				7,
				0.544,
				-6,
				0.7,
				-6,
				1,
				0.856,
				-6,
				1.011,
				3,
				1.167,
				3,
				1,
				1.367,
				3,
				1.567,
				-1,
				1.767,
				-1,
				1,
				1.922,
				-1,
				2.078,
				0.334,
				2.233,
				0.334,
				1,
				2.367,
				0.334,
				2.5,
				0,
				2.633,
				0
			]
		},
		{
			"Target": "Parameter",
			"Id": "Param_Angle_Rotation44",
			"Segments": [
				0,
				1.743,
				1,
				0.044,
				1.743,
				0.089,
				1.743,
				0.133,
				1.743,
				1,
				0.144,
				1.743,
				0.156,
				4.123,
				0.167,
				4.735,
				1,
				0.233,
				8.405,
				0.3,
				9.743,
				0.367,
				9.743,
				1,
				0.522,
				9.743,
				0.678,
				-4.257,
				0.833,
				-4.257,
				1,
				0.989,
				-4.257,
				1.144,
				4.743,
				1.3,
				4.743,
				1,
				1.5,
				4.743,
				1.7,
				0.743,
				1.9,
				0.743,
				1,
				2.056,
				0.743,
				2.211,
				1.743,
				2.367,
				1.743,
				1,
				2.456,
				1.743,
				2.544,
				1.56,
				2.633,
				1.56
			]
		},
		{
			"Target": "Parameter",
			"Id": "Param_Angle_Rotation46",
			"Segments": [
				0,
				0,
				1,
				0.011,
				0,
				0.022,
				0.948,
				0.033,
				1.586,
				1,
				0.1,
				5.415,
				0.167,
				7,
				0.233,
				7,
				1,
				0.389,
				7,
				0.544,
				-4,
				0.7,
				-4,
				1,
				0.856,
				-4,
				1.011,
				2,
				1.167,
				2,
				1,
				1.367,
				2,
				1.567,
				-1,
				1.767,
				-1,
				1,
				1.922,
				-1,
				2.078,
				0.261,
				2.233,
				0.261,
				1,
				2.367,
				0.261,
				2.5,
				0,
				2.633,
				0
			]
		},
		{
			"Target": "Parameter",
			"Id": "Param_Angle_Rotation47",
			"Segments": [
				0,
				1.152,
				1,
				0.044,
				1.152,
				0.089,
				1.152,
				0.133,
				1.152,
				1,
				0.144,
				1.152,
				0.156,
				3.222,
				0.167,
				3.758,
				1,
				0.233,
				6.976,
				0.3,
				8.152,
				0.367,
				8.152,
				1,
				0.522,
				8.152,
				0.678,
				-2.848,
				0.833,
				-2.848,
				1,
				0.989,
				-2.848,
				1.144,
				3.152,
				1.3,
				3.152,
				1,
				1.5,
				3.152,
				1.7,
				0.152,
				1.9,
				0.152,
				1,
				2.056,
				0.152,
				2.211,
				1.152,
				2.367,
				1.152,
				1,
				2.456,
				1.152,
				2.544,
				1.04,
				2.633,
				1.04
			]
		},
		{
			"Target": "Parameter",
			"Id": "Param_Angle_Rotation48",
			"Segments": [
				0,
				6.071,
				1,
				0.1,
				6.071,
				0.2,
				6.071,
				0.3,
				6.071,
				1,
				0.311,
				6.071,
				0.322,
				7.1,
				0.333,
				7.833,
				1,
				0.4,
				12.234,
				0.467,
				14.071,
				0.533,
				14.071,
				1,
				0.689,
				14.071,
				0.844,
				2.071,
				1,
				2.071,
				1,
				1.156,
				2.071,
				1.311,
				8.071,
				1.467,
				8.071,
				1,
				1.667,
				8.071,
				1.867,
				5.071,
				2.067,
				5.071,
				1,
				2.222,
				5.071,
				2.378,
				6.071,
				2.533,
				6.071,
				1,
				2.567,
				6.071,
				2.6,
				5.92,
				2.633,
				5.92
			]
		},
		{
			"Target": "Parameter",
			"Id": "Param_Angle_Rotation50",
			"Segments": [
				0,
				0,
				1,
				0.011,
				0,
				0.022,
				1.472,
				0.033,
				2.066,
				1,
				0.1,
				5.631,
				0.167,
				7,
				0.233,
				7,
				1,
				0.389,
				7,
				0.544,
				-4,
				0.7,
				-4,
				1,
				0.856,
				-4,
				1.011,
				2,
				1.167,
				2,
				1,
				1.367,
				2,
				1.567,
				-1,
				1.767,
				-1,
				1,
				1.922,
				-1,
				2.078,
				0.348,
				2.233,
				0.348,
				1,
				2.367,
				0.348,
				2.5,
				0,
				2.633,
				0
			]
		},
		{
			"Target": "Parameter",
			"Id": "Param_Angle_Rotation51",
			"Segments": [
				0,
				1.391,
				1,
				0.044,
				1.391,
				0.089,
				1.391,
				0.133,
				1.391,
				1,
				0.144,
				1.391,
				0.156,
				3.294,
				0.167,
				3.847,
				1,
				0.233,
				7.165,
				0.3,
				8.391,
				0.367,
				8.391,
				1,
				0.522,
				8.391,
				0.678,
				-2.609,
				0.833,
				-2.609,
				1,
				0.989,
				-2.609,
				1.144,
				3.391,
				1.3,
				3.391,
				1,
				1.5,
				3.391,
				1.7,
				0.391,
				1.9,
				0.391,
				1,
				2.056,
				0.391,
				2.211,
				1.391,
				2.367,
				1.391,
				1,
				2.456,
				1.391,
				2.544,
				1.3,
				2.633,
				1.3
			]
		},
		{
			"Target": "Parameter",
			"Id": "Param_Angle_Rotation52",
			"Segments": [
				0,
				0,
				1,
				0.089,
				0,
				0.178,
				0,
				0.267,
				0,
				1,
				0.278,
				0,
				0.289,
				0.915,
				0.3,
				1.556,
				1,
				0.367,
				5.399,
				0.433,
				7,
				0.5,
				7,
				1,
				0.656,
				7,
				0.811,
				-4,
				0.967,
				-4,
				1,
				1.122,
				-4,
				1.278,
				2,
				1.433,
				2,
				1,
				1.633,
				2,
				1.833,
				-1,
				2.033,
				-1,
				1,
				2.189,
				-1,
				2.344,
				-0.834,
				2.5,
				0,
				1,
				2.544,
				0.238,
				2.589,
				6.66,
				2.633,
				6.66
			]
		},
		{
			"Target": "Parameter",
			"Id": "Param_Angle_Rotation54",
			"Segments": [
				0,
				0,
				1,
				0.078,
				0,
				0.156,
				9,
				0.233,
				9,
				1,
				0.389,
				9,
				0.544,
				-5,
				0.7,
				-5,
				1,
				0.856,
				-5,
				1.011,
				4,
				1.167,
				4,
				1,
				1.367,
				4,
				1.567,
				-2,
				1.767,
				-2,
				1,
				1.922,
				-2,
				2.078,
				0,
				2.233,
				0,
				1,
				2.367,
				0,
				2.5,
				0,
				2.633,
				0
			]
		},
		{
			"Target": "Parameter",
			"Id": "Param_Angle_Rotation55",
			"Segments": [
				0,
				0,
				1,
				0.044,
				0,
				0.089,
				0,
				0.133,
				0,
				1,
				0.211,
				0,
				0.289,
				8,
				0.367,
				8,
				1,
				0.522,
				8,
				0.678,
				-3,
				0.833,
				-3,
				1,
				0.989,
				-3,
				1.144,
				2,
				1.3,
				2,
				1,
				1.5,
				2,
				1.7,
				-1,
				1.9,
				-1,
				1,
				2.056,
				-1,
				2.211,
				-0.836,
				2.367,
				0,
				1,
				2.456,
				0.478,
				2.544,
				1.3,
				2.633,
				1.3
			]
		},
		{
			"Target": "Parameter",
			"Id": "Param_Angle_Rotation56",
			"Segments": [
				0,
				6.012,
				1,
				0.089,
				6.012,
				0.178,
				6.012,
				0.267,
				6.012,
				1,
				0.278,
				6.012,
				0.289,
				7.471,
				0.3,
				7.962,
				1,
				0.367,
				10.905,
				0.433,
				12.012,
				0.5,
				12.012,
				1,
				0.656,
				12.012,
				0.811,
				3.012,
				0.967,
				3.012,
				1,
				1.122,
				3.012,
				1.278,
				8.012,
				1.433,
				8.012,
				1,
				1.633,
				8.012,
				1.833,
				5.012,
				2.033,
				5.012,
				1,
				2.189,
				5.012,
				2.344,
				6.012,
				2.5,
				6.012,
				1,
				2.544,
				6.012,
				2.589,
				5.92,
				2.633,
				5.92
			]
		},
		{
			"Target": "Parameter",
			"Id": "Param_Angle_Rotation30",
			"Segments": [
				0,
				0,
				1,
				0.011,
				0,
				0.022,
				-1.571,
				0.033,
				-2.156,
				1,
				0.1,
				-5.666,
				0.167,
				-7,
				0.233,
				-7,
				1,
				0.389,
				-7,
				0.544,
				4,
				0.7,
				4,
				1,
				0.856,
				4,
				1.011,
				-3,
				1.167,
				-3,
				1,
				1.367,
				-3,
				1.567,
				1,
				1.767,
				1,
				1,
				1.922,
				1,
				2.078,
				-0.217,
				2.233,
				-0.217,
				1,
				2.367,
				-0.217,
				2.5,
				0,
				2.633,
				0
			]
		},
		{
			"Target": "Parameter",
			"Id": "Param_Angle_Rotation31",
			"Segments": [
				0,
				-1.162,
				1,
				0.044,
				-1.162,
				0.089,
				-1.162,
				0.133,
				-1.162,
				1,
				0.144,
				-1.162,
				0.156,
				-4.219,
				0.167,
				-4.869,
				1,
				0.233,
				-8.767,
				0.3,
				-10.162,
				0.367,
				-10.162,
				1,
				0.522,
				-10.162,
				0.678,
				3.838,
				0.833,
				3.838,
				1,
				0.989,
				3.838,
				1.144,
				-4.162,
				1.3,
				-4.162,
				1,
				1.5,
				-4.162,
				1.7,
				0.838,
				1.9,
				0.838,
				1,
				2.056,
				0.838,
				2.211,
				-1.162,
				2.367,
				-1.162,
				1,
				2.456,
				-1.162,
				2.544,
				-1.04,
				2.633,
				-1.04
			]
		},
		{
			"Target": "Parameter",
			"Id": "Param_Angle_Rotation32",
			"Segments": [
				0,
				-5.978,
				1,
				0.1,
				-5.978,
				0.2,
				-5.978,
				0.3,
				-5.978,
				1,
				0.311,
				-5.978,
				0.322,
				-9.223,
				0.333,
				-9.855,
				1,
				0.4,
				-13.651,
				0.467,
				-15,
				0.533,
				-15,
				1,
				0.689,
				-15,
				0.844,
				2.022,
				1,
				2.022,
				1,
				1.156,
				2.022,
				1.311,
				-10.978,
				1.467,
				-10.978,
				1,
				1.667,
				-10.978,
				1.867,
				-3.978,
				2.067,
				-3.978,
				1,
				2.222,
				-3.978,
				2.378,
				-5.978,
				2.533,
				-5.978,
				1,
				2.567,
				-5.978,
				2.6,
				-5.92,
				2.633,
				-5.92
			]
		},
		{
			"Target": "Parameter",
			"Id": "Param_Angle_Rotation61",
			"Segments": [
				0,
				0,
				1,
				0.011,
				0,
				0.022,
				0.632,
				0.033,
				0.99,
				1,
				0.1,
				3.136,
				0.167,
				4,
				0.233,
				4,
				1,
				0.389,
				4,
				0.544,
				-4,
				0.7,
				-4,
				1,
				0.856,
				-4,
				1.011,
				2,
				1.167,
				2,
				1,
				1.367,
				2,
				1.567,
				-1,
				1.767,
				-1,
				1,
				1.922,
				-1,
				2.078,
				0.206,
				2.233,
				0.206,
				1,
				2.367,
				0.206,
				2.5,
				0,
				2.633,
				0
			]
		},
		{
			"Target": "Parameter",
			"Id": "Param_Angle_Rotation62",
			"Segments": [
				0,
				1.156,
				1,
				0.033,
				1.156,
				0.067,
				1.156,
				0.1,
				1.156,
				1,
				0.111,
				1.156,
				0.122,
				2.694,
				0.133,
				3.282,
				1,
				0.2,
				6.811,
				0.267,
				8.156,
				0.333,
				8.156,
				1,
				0.489,
				8.156,
				0.644,
				-4.844,
				0.8,
				-4.844,
				1,
				0.956,
				-4.844,
				1.111,
				5.156,
				1.267,
				5.156,
				1,
				1.467,
				5.156,
				1.667,
				-0.844,
				1.867,
				-0.844,
				1,
				2.022,
				-0.844,
				2.178,
				1.156,
				2.333,
				1.156,
				1,
				2.433,
				1.156,
				2.533,
				1.04,
				2.633,
				1.04
			]
		},
		{
			"Target": "Parameter",
			"Id": "Param_Angle_Rotation63",
			"Segments": [
				0,
				3.142,
				1,
				0.056,
				3.142,
				0.111,
				3.142,
				0.167,
				3.142,
				1,
				0.178,
				3.142,
				0.189,
				4.01,
				0.2,
				4.754,
				1,
				0.267,
				9.219,
				0.333,
				11.142,
				0.4,
				11.142,
				1,
				0.556,
				11.142,
				0.711,
				-3.858,
				0.867,
				-3.858,
				1,
				1.022,
				-3.858,
				1.178,
				7.142,
				1.333,
				7.142,
				1,
				1.533,
				7.142,
				1.733,
				1.142,
				1.933,
				1.142,
				1,
				2.089,
				1.142,
				2.244,
				3.142,
				2.4,
				3.142,
				1,
				2.478,
				3.142,
				2.556,
				2.96,
				2.633,
				2.96
			]
		},
		{
			"Target": "Parameter",
			"Id": "Param_Angle_Rotation64",
			"Segments": [
				0,
				9.154,
				1,
				0.078,
				9.154,
				0.156,
				9.154,
				0.233,
				9.154,
				1,
				0.244,
				9.154,
				0.256,
				10.989,
				0.267,
				11.426,
				1,
				0.333,
				14.048,
				0.4,
				15,
				0.467,
				15,
				1,
				0.622,
				15,
				0.778,
				2.154,
				0.933,
				2.154,
				1,
				1.089,
				2.154,
				1.244,
				13.154,
				1.4,
				13.154,
				1,
				1.6,
				13.154,
				1.8,
				6.154,
				2,
				6.154,
				1,
				2.156,
				6.154,
				2.311,
				9.154,
				2.467,
				9.154,
				1,
				2.522,
				9.154,
				2.578,
				9,
				2.633,
				9
			]
		},
		{
			"Target": "Parameter",
			"Id": "Param_Angle_Rotation58",
			"Segments": [
				0,
				0,
				1,
				0.011,
				0,
				0.022,
				-2.39,
				0.033,
				-3.107,
				1,
				0.1,
				-7.41,
				0.167,
				-9,
				0.233,
				-9,
				1,
				0.389,
				-9,
				0.544,
				4,
				0.7,
				4,
				1,
				0.856,
				4,
				1.011,
				-2,
				1.167,
				-2,
				1,
				1.367,
				-2,
				1.567,
				1,
				1.767,
				1,
				1,
				1.922,
				1,
				2.078,
				-0.334,
				2.233,
				-0.334,
				1,
				2.367,
				-0.334,
				2.5,
				0,
				2.633,
				0
			]
		},
		{
			"Target": "Parameter",
			"Id": "Param_Angle_Rotation59",
			"Segments": [
				0,
				-2.543,
				1,
				0.033,
				-2.543,
				0.067,
				-2.543,
				0.1,
				-2.543,
				1,
				0.111,
				-2.543,
				0.122,
				-4.37,
				0.133,
				-5.14,
				1,
				0.2,
				-9.763,
				0.267,
				-11.543,
				0.333,
				-11.543,
				1,
				0.489,
				-11.543,
				0.644,
				1.457,
				0.8,
				1.457,
				1,
				0.956,
				1.457,
				1.111,
				-4.543,
				1.267,
				-4.543,
				1,
				1.467,
				-4.543,
				1.667,
				-1.543,
				1.867,
				-1.543,
				1,
				2.022,
				-1.543,
				2.178,
				-2.543,
				2.333,
				-2.543,
				1,
				2.433,
				-2.543,
				2.533,
				-2.34,
				2.633,
				-2.34
			]
		}
	]
}