{
	"Version": 3,
	"Parameters": [
		{
			"Id": "ParamEff1",
			"GroupId": "ParamGroup",
			"Name": "エフェクト1"
		},
		{
			"Id": "ParamEff2",
			"GroupId": "ParamGroup",
			"Name": "エフェクト2"
		},
		{
			"Id": "ParamEff3",
			"GroupId": "ParamGroup",
			"Name": "エフェクト3"
		},
		{
			"Id": "ParamEff4",
			"GroupId": "ParamGroup",
			"Name": "エフェクト4"
		},
		{
			"Id": "ParamEff5",
			"GroupId": "ParamGroup",
			"Name": "エフェクト5"
		},
		{
			"Id": "ParamEff6",
			"GroupId": "ParamGroup",
			"Name": "エフェクト6"
		},
		{
			"Id": "ParamEff7",
			"GroupId": "ParamGroup",
			"Name": "エフェクト7"
		},
		{
			"Id": "ParamEff8",
			"GroupId": "ParamGroup",
			"Name": "エフェクト8"
		},
		{
			"Id": "ParamEff9",
			"GroupId": "ParamGroup",
			"Name": "エフェクト9"
		},
		{
			"Id": "ParamEff10",
			"GroupId": "ParamGroup",
			"Name": "エフェクト10"
		},
		{
			"Id": "ParamEff11",
			"GroupId": "ParamGroup",
			"Name": "エフェクト11"
		},
		{
			"Id": "ParamEff12",
			"GroupId": "ParamGroup",
			"Name": "エフェクト12"
		},
		{
			"Id": "ParamEff13",
			"GroupId": "ParamGroup",
			"Name": "エフェクト13"
		},
		{
			"Id": "ParamEff14",
			"GroupId": "ParamGroup",
			"Name": "エフェクト14"
		},
		{
			"Id": "ParamEff15",
			"GroupId": "ParamGroup",
			"Name": "エフェクト15"
		},
		{
			"Id": "ParamEff16",
			"GroupId": "ParamGroup",
			"Name": "エフェクト16"
		},
		{
			"Id": "ParamEff17",
			"GroupId": "ParamGroup",
			"Name": "エフェクト17"
		},
		{
			"Id": "ParamEff18",
			"GroupId": "ParamGroup",
			"Name": "エフェクト18"
		},
		{
			"Id": "ParamEff19",
			"GroupId": "ParamGroup",
			"Name": "エフェクト19"
		},
		{
			"Id": "ParamEff20",
			"GroupId": "ParamGroup",
			"Name": "エフェクト20"
		},
		{
			"Id": "ParamEff21",
			"GroupId": "ParamGroup",
			"Name": "エフェクト21"
		},
		{
			"Id": "ParamEff22",
			"GroupId": "ParamGroup",
			"Name": "エフェクト22"
		},
		{
			"Id": "ParamEff23",
			"GroupId": "ParamGroup",
			"Name": "エフェクト23"
		},
		{
			"Id": "ParamEff24",
			"GroupId": "ParamGroup",
			"Name": "エフェクト24"
		},
		{
			"Id": "ParamEff25",
			"GroupId": "ParamGroup",
			"Name": "エフェクト25"
		},
		{
			"Id": "ParamEff26",
			"GroupId": "ParamGroup",
			"Name": "エフェクト26"
		},
		{
			"Id": "ParamEff27",
			"GroupId": "ParamGroup",
			"Name": "エフェクト27"
		},
		{
			"Id": "ParamEff28",
			"GroupId": "ParamGroup",
			"Name": "エフェクト28"
		},
		{
			"Id": "ParamEff29",
			"GroupId": "ParamGroup",
			"Name": "エフェクト29"
		},
		{
			"Id": "ParamEff30",
			"GroupId": "ParamGroup",
			"Name": "エフェクト30"
		},
		{
			"Id": "ParamEff31",
			"GroupId": "ParamGroup",
			"Name": "エフェクト31"
		},
		{
			"Id": "ParamEff32",
			"GroupId": "ParamGroup",
			"Name": "エフェクト32"
		},
		{
			"Id": "ParamEff33",
			"GroupId": "ParamGroup",
			"Name": "エフェクト33"
		},
		{
			"Id": "ParamEff34",
			"GroupId": "ParamGroup",
			"Name": "エフェクト34"
		},
		{
			"Id": "ParamEff35",
			"GroupId": "ParamGroup",
			"Name": "エフェクト35"
		},
		{
			"Id": "ParamEff36",
			"GroupId": "ParamGroup",
			"Name": "エフェクト36"
		},
		{
			"Id": "ParamEff37",
			"GroupId": "ParamGroup",
			"Name": "エフェクト37"
		},
		{
			"Id": "ParamEff38",
			"GroupId": "ParamGroup",
			"Name": "エフェクト38"
		},
		{
			"Id": "ParamEff39",
			"GroupId": "ParamGroup",
			"Name": "エフェクト39"
		},
		{
			"Id": "ParamEff40",
			"GroupId": "ParamGroup",
			"Name": "エフェクト40"
		},
		{
			"Id": "ParamEyeRL",
			"GroupId": "ParamGroup2",
			"Name": "目Hi左右"
		},
		{
			"Id": "ParamEyeUD",
			"GroupId": "ParamGroup2",
			"Name": "目Hi上下"
		},
		{
			"Id": "ParamEyeBS",
			"GroupId": "ParamGroup2",
			"Name": "目Hi大小"
		},
		{
			"Id": "ParamPaiRX",
			"GroupId": "ParamGroup2",
			"Name": "右胸 X"
		},
		{
			"Id": "ParamPaiRY",
			"GroupId": "ParamGroup2",
			"Name": "右胸 Y"
		},
		{
			"Id": "ParamPaiRX2",
			"GroupId": "ParamGroup2",
			"Name": "右胸 X2"
		},
		{
			"Id": "ParamPaiRY2",
			"GroupId": "ParamGroup2",
			"Name": "右胸 Y2"
		},
		{
			"Id": "ParamPaiLX",
			"GroupId": "ParamGroup2",
			"Name": "左胸 X"
		},
		{
			"Id": "ParamPaiLY",
			"GroupId": "ParamGroup2",
			"Name": "左胸 Y"
		},
		{
			"Id": "ParamPaiLX2",
			"GroupId": "ParamGroup2",
			"Name": "左胸 X2"
		},
		{
			"Id": "ParamPaiLY2",
			"GroupId": "ParamGroup2",
			"Name": "左胸 Y2"
		},
		{
			"Id": "ParamPX",
			"GroupId": "ParamGroup2",
			"Name": "位置 X"
		},
		{
			"Id": "ParamPY",
			"GroupId": "ParamGroup2",
			"Name": "位置 Y"
		},
		{
			"Id": "ParamYellow1",
			"GroupId": "ParamGroup4",
			"Name": "黄色液体1"
		},
		{
			"Id": "ParamYellow2",
			"GroupId": "ParamGroup4",
			"Name": "黄色液体2"
		},
		{
			"Id": "ParamYellow3",
			"GroupId": "ParamGroup4",
			"Name": "黄色液体3"
		},
		{
			"Id": "ParamYellow4",
			"GroupId": "ParamGroup4",
			"Name": "黄色液体4"
		},
		{
			"Id": "ParamRed1",
			"GroupId": "ParamGroup4",
			"Name": "赤色液体1"
		},
		{
			"Id": "ParamRed2",
			"GroupId": "ParamGroup4",
			"Name": "赤色液体2"
		},
		{
			"Id": "ParamRed3",
			"GroupId": "ParamGroup4",
			"Name": "赤色液体3"
		},
		{
			"Id": "ParamRed4",
			"GroupId": "ParamGroup4",
			"Name": "赤色液体4"
		},
		{
			"Id": "ParamRed5",
			"GroupId": "ParamGroup4",
			"Name": "赤色液体5"
		},
		{
			"Id": "ParamRibonRightX",
			"GroupId": "ParamGroup4",
			"Name": "リボン右 X"
		},
		{
			"Id": "ParamRibonRightY",
			"GroupId": "ParamGroup4",
			"Name": "リボン右 Y"
		},
		{
			"Id": "ParamRibonLeftX",
			"GroupId": "ParamGroup4",
			"Name": "リボン左 X"
		},
		{
			"Id": "ParamRibonLeftY",
			"GroupId": "ParamGroup4",
			"Name": "リボン左 Y"
		},
		{
			"Id": "ParamHairBackX",
			"GroupId": "ParamGroup4",
			"Name": "髪後ろ X"
		},
		{
			"Id": "ParamHairBackY",
			"GroupId": "ParamGroup4",
			"Name": "髪後ろ Y"
		},
		{
			"Id": "ParamFX",
			"GroupId": "ParamGroup4",
			"Name": "フリル X"
		},
		{
			"Id": "ParamFY",
			"GroupId": "ParamGroup4",
			"Name": "フリル Y"
		},
		{
			"Id": "ParamWater1",
			"GroupId": "ParamGroup4",
			"Name": "水滴1"
		},
		{
			"Id": "ParamWater2",
			"GroupId": "ParamGroup4",
			"Name": "水滴2"
		},
		{
			"Id": "ParamWater3",
			"GroupId": "ParamGroup4",
			"Name": "水滴3"
		},
		{
			"Id": "ParamWater4",
			"GroupId": "ParamGroup4",
			"Name": "水滴4"
		},
		{
			"Id": "ParamAngleZ",
			"GroupId": "ParamGroup3",
			"Name": "角度 Z"
		},
		{
			"Id": "ParamEyeLOpen",
			"GroupId": "ParamGroup3",
			"Name": "左目　開閉"
		},
		{
			"Id": "ParamEyeLSmile",
			"GroupId": "ParamGroup3",
			"Name": "左目　笑顔"
		},
		{
			"Id": "ParamEyeROpen",
			"GroupId": "ParamGroup3",
			"Name": "右目　開閉"
		},
		{
			"Id": "ParamEyeRSmile",
			"GroupId": "ParamGroup3",
			"Name": "右目　笑顔"
		},
		{
			"Id": "ParamEyeBallX",
			"GroupId": "ParamGroup3",
			"Name": "目玉 X"
		},
		{
			"Id": "ParamEyeBallY",
			"GroupId": "ParamGroup3",
			"Name": "目玉 Y"
		},
		{
			"Id": "ParamBrowRAngle",
			"GroupId": "ParamGroup3",
			"Name": "右眉　角度"
		},
		{
			"Id": "ParamBrowRForm",
			"GroupId": "ParamGroup3",
			"Name": "右眉　変形"
		},
		{
			"Id": "ParamMouthForm",
			"GroupId": "ParamGroup3",
			"Name": "口　変形"
		},
		{
			"Id": "ParamMouthOpenY",
			"GroupId": "ParamGroup3",
			"Name": "口　開閉"
		},
		{
			"Id": "ParamCheek",
			"GroupId": "ParamGroup3",
			"Name": "照れ"
		},
		{
			"Id": "ParamBodyAngleX",
			"GroupId": "ParamGroup3",
			"Name": "体の回転　X"
		},
		{
			"Id": "ParamBodyAngleY",
			"GroupId": "ParamGroup3",
			"Name": "体の回転　Y"
		},
		{
			"Id": "ParamBodyAngleZ",
			"GroupId": "ParamGroup3",
			"Name": "体の回転　Z"
		},
		{
			"Id": "ParamBreat",
			"GroupId": "ParamGroup3",
			"Name": "呼吸"
		},
		{
			"Id": "ParamRightFoot1",
			"GroupId": "ParamGroup20",
			"Name": "右足1"
		},
		{
			"Id": "ParamRightFoot2",
			"GroupId": "ParamGroup20",
			"Name": "右足2"
		},
		{
			"Id": "ParamRightFoot3",
			"GroupId": "ParamGroup20",
			"Name": "右足3"
		},
		{
			"Id": "ParamLeftFoot1",
			"GroupId": "ParamGroup21",
			"Name": "左足1"
		},
		{
			"Id": "ParamArmR1",
			"GroupId": "ParamGroup22",
			"Name": "右腕1"
		},
		{
			"Id": "ParamArmR2",
			"GroupId": "ParamGroup22",
			"Name": "右腕2"
		},
		{
			"Id": "ParamArmR3",
			"GroupId": "ParamGroup22",
			"Name": "右腕3"
		},
		{
			"Id": "ParamArmL1",
			"GroupId": "ParamGroup23",
			"Name": "左腕1"
		},
		{
			"Id": "ParamArmL2",
			"GroupId": "ParamGroup23",
			"Name": "左腕2"
		},
		{
			"Id": "ParamArmL3",
			"GroupId": "ParamGroup23",
			"Name": "左腕3"
		},
		{
			"Id": "Param",
			"GroupId": "ParamGroup23",
			"Name": "左手"
		},
		{
			"Id": "ParamRobotLeft",
			"GroupId": "ParamGroup24",
			"Name": "ロボ左腕"
		},
		{
			"Id": "ParamRobotLeft1",
			"GroupId": "ParamGroup24",
			"Name": "ロボ左指1"
		},
		{
			"Id": "ParamRobotLeft2",
			"GroupId": "ParamGroup24",
			"Name": "ロボ左指2"
		},
		{
			"Id": "ParamRobotLeft3",
			"GroupId": "ParamGroup24",
			"Name": "ロボ左指3"
		},
		{
			"Id": "ParamRobotRight1",
			"GroupId": "ParamGroup24",
			"Name": "ロボ右指1"
		},
		{
			"Id": "ParamRobotRight2",
			"GroupId": "ParamGroup24",
			"Name": "ロボ右指2"
		},
		{
			"Id": "Param_Angle_Rotation65",
			"GroupId": "ParamGroup5",
			"Name": "[0]リボン右"
		},
		{
			"Id": "Param_Angle_Rotation66",
			"GroupId": "ParamGroup5",
			"Name": "[1]リボン右"
		},
		{
			"Id": "Param_Angle_Rotation67",
			"GroupId": "ParamGroup5",
			"Name": "[2]リボン右"
		},
		{
			"Id": "Param_Angle_Rotation69",
			"GroupId": "ParamGroup6",
			"Name": "[0]リボン左"
		},
		{
			"Id": "Param_Angle_Rotation70",
			"GroupId": "ParamGroup6",
			"Name": "[1]リボン左"
		},
		{
			"Id": "Param_Angle_Rotation71",
			"GroupId": "ParamGroup6",
			"Name": "[2]リボン左"
		},
		{
			"Id": "Param_Angle_Rotation13",
			"GroupId": "ParamGroup7",
			"Name": "[0]前髪1"
		},
		{
			"Id": "Param_Angle_Rotation14",
			"GroupId": "ParamGroup7",
			"Name": "[1]前髪1"
		},
		{
			"Id": "Param_Angle_Rotation15",
			"GroupId": "ParamGroup7",
			"Name": "[2]前髪1"
		},
		{
			"Id": "Param_Angle_Rotation17",
			"GroupId": "ParamGroup8",
			"Name": "[0]前髪2"
		},
		{
			"Id": "Param_Angle_Rotation19",
			"GroupId": "ParamGroup8",
			"Name": "[1]前髪2"
		},
		{
			"Id": "Param_Angle_Rotation20",
			"GroupId": "ParamGroup8",
			"Name": "[2]前髪2"
		},
		{
			"Id": "Param_Angle_Rotation21",
			"GroupId": "ParamGroup9",
			"Name": "[0]前髪3"
		},
		{
			"Id": "Param_Angle_Rotation22",
			"GroupId": "ParamGroup9",
			"Name": "[1]前髪3"
		},
		{
			"Id": "Param_Angle_Rotation23",
			"GroupId": "ParamGroup9",
			"Name": "[2]前髪3"
		},
		{
			"Id": "Param_Angle_Rotation25",
			"GroupId": "ParamGroup10",
			"Name": "[0]前髪4"
		},
		{
			"Id": "Param_Angle_Rotation26",
			"GroupId": "ParamGroup10",
			"Name": "[1]前髪4"
		},
		{
			"Id": "Param_Angle_Rotation27",
			"GroupId": "ParamGroup10",
			"Name": "[2]前髪4"
		},
		{
			"Id": "Param_Angle_Rotation28",
			"GroupId": "ParamGroup10",
			"Name": "[3]前髪4"
		},
		{
			"Id": "Param_Angle_Rotation35",
			"GroupId": "ParamGroup11",
			"Name": "[0]前髪6"
		},
		{
			"Id": "Param_Angle_Rotation36",
			"GroupId": "ParamGroup11",
			"Name": "[1]前髪6"
		},
		{
			"Id": "Param_Angle_Rotation37",
			"GroupId": "ParamGroup11",
			"Name": "[2]前髪6"
		},
		{
			"Id": "Param_Angle_Rotation39",
			"GroupId": "ParamGroup12",
			"Name": "[0]前髪7"
		},
		{
			"Id": "Param_Angle_Rotation40",
			"GroupId": "ParamGroup12",
			"Name": "[1]前髪7"
		},
		{
			"Id": "Param_Angle_Rotation41",
			"GroupId": "ParamGroup12",
			"Name": "[2]前髪7"
		},
		{
			"Id": "Param_Angle_Rotation43",
			"GroupId": "ParamGroup13",
			"Name": "[0]前髪8"
		},
		{
			"Id": "Param_Angle_Rotation44",
			"GroupId": "ParamGroup13",
			"Name": "[1]前髪8"
		},
		{
			"Id": "Param_Angle_Rotation46",
			"GroupId": "ParamGroup14",
			"Name": "[0]前髪9"
		},
		{
			"Id": "Param_Angle_Rotation47",
			"GroupId": "ParamGroup14",
			"Name": "[1]前髪9"
		},
		{
			"Id": "Param_Angle_Rotation48",
			"GroupId": "ParamGroup14",
			"Name": "[2]前髪9"
		},
		{
			"Id": "Param_Angle_Rotation50",
			"GroupId": "ParamGroup15",
			"Name": "[0]前髪10"
		},
		{
			"Id": "Param_Angle_Rotation51",
			"GroupId": "ParamGroup15",
			"Name": "[1]前髪10"
		},
		{
			"Id": "Param_Angle_Rotation52",
			"GroupId": "ParamGroup15",
			"Name": "[2]前髪10"
		},
		{
			"Id": "Param_Angle_Rotation54",
			"GroupId": "ParamGroup16",
			"Name": "[0]前髪11"
		},
		{
			"Id": "Param_Angle_Rotation55",
			"GroupId": "ParamGroup16",
			"Name": "[1]前髪11"
		},
		{
			"Id": "Param_Angle_Rotation56",
			"GroupId": "ParamGroup16",
			"Name": "[2]前髪11"
		},
		{
			"Id": "Param_Angle_Rotation30",
			"GroupId": "ParamGroup17",
			"Name": "[0]前髪5"
		},
		{
			"Id": "Param_Angle_Rotation31",
			"GroupId": "ParamGroup17",
			"Name": "[1]前髪5"
		},
		{
			"Id": "Param_Angle_Rotation32",
			"GroupId": "ParamGroup17",
			"Name": "[2]前髪5"
		},
		{
			"Id": "Param_Angle_Rotation61",
			"GroupId": "ParamGroup18",
			"Name": "[0]髪ロール左"
		},
		{
			"Id": "Param_Angle_Rotation62",
			"GroupId": "ParamGroup18",
			"Name": "[1]髪ロール左"
		},
		{
			"Id": "Param_Angle_Rotation63",
			"GroupId": "ParamGroup18",
			"Name": "[2]髪ロール左"
		},
		{
			"Id": "Param_Angle_Rotation64",
			"GroupId": "ParamGroup18",
			"Name": "[3]髪ロール左"
		},
		{
			"Id": "Param_Angle_Rotation58",
			"GroupId": "ParamGroup19",
			"Name": "[0]もみあげ後"
		},
		{
			"Id": "Param_Angle_Rotation59",
			"GroupId": "ParamGroup19",
			"Name": "[1]もみあげ後"
		}
	],
	"ParameterGroups": [
		{
			"Id": "ParamGroup",
			"GroupId": "",
			"Name": "エフェクト"
		},
		{
			"Id": "ParamGroup2",
			"GroupId": "",
			"Name": "URLR"
		},
		{
			"Id": "ParamGroup4",
			"GroupId": "",
			"Name": "追加"
		},
		{
			"Id": "ParamGroup3",
			"GroupId": "",
			"Name": "通常"
		},
		{
			"Id": "ParamGroup20",
			"GroupId": "",
			"Name": "右足"
		},
		{
			"Id": "ParamGroup21",
			"GroupId": "",
			"Name": "左足"
		},
		{
			"Id": "ParamGroup22",
			"GroupId": "",
			"Name": "右手"
		},
		{
			"Id": "ParamGroup23",
			"GroupId": "",
			"Name": "左手"
		},
		{
			"Id": "ParamGroup24",
			"GroupId": "",
			"Name": "ロボ"
		},
		{
			"Id": "ParamGroup5",
			"GroupId": "",
			"Name": "リボン右"
		},
		{
			"Id": "ParamGroup6",
			"GroupId": "",
			"Name": "リボン左"
		},
		{
			"Id": "ParamGroup7",
			"GroupId": "",
			"Name": "前髪1"
		},
		{
			"Id": "ParamGroup8",
			"GroupId": "",
			"Name": "前髪2"
		},
		{
			"Id": "ParamGroup9",
			"GroupId": "",
			"Name": "前髪3"
		},
		{
			"Id": "ParamGroup10",
			"GroupId": "",
			"Name": "前髪4"
		},
		{
			"Id": "ParamGroup11",
			"GroupId": "",
			"Name": "前髪6"
		},
		{
			"Id": "ParamGroup12",
			"GroupId": "",
			"Name": "前髪7"
		},
		{
			"Id": "ParamGroup13",
			"GroupId": "",
			"Name": "前髪8"
		},
		{
			"Id": "ParamGroup14",
			"GroupId": "",
			"Name": "前髪9"
		},
		{
			"Id": "ParamGroup15",
			"GroupId": "",
			"Name": "前髪10"
		},
		{
			"Id": "ParamGroup16",
			"GroupId": "",
			"Name": "前髪11"
		},
		{
			"Id": "ParamGroup17",
			"GroupId": "",
			"Name": "前髪5"
		},
		{
			"Id": "ParamGroup18",
			"GroupId": "",
			"Name": "髪ロール左"
		},
		{
			"Id": "ParamGroup19",
			"GroupId": "",
			"Name": "もみあげ後"
		}
	],
	"Parts": [
		{
			"Id": "Part35",
			"Name": "1920x1440_2.psd"
		},
		{
			"Id": "Part34",
			"Name": "1920x1440_1.psd"
		},
		{
			"Id": "Part33",
			"Name": "1920x1440.psd"
		},
		{
			"Id": "Part",
			"Name": "エフェクト"
		},
		{
			"Id": "Part19",
			"Name": "体"
		},
		{
			"Id": "Part2",
			"Name": "明るさ"
		},
		{
			"Id": "Part3",
			"Name": "日差し"
		},
		{
			"Id": "Part4",
			"Name": "日差し"
		},
		{
			"Id": "Part5",
			"Name": "キラ"
		},
		{
			"Id": "Part8",
			"Name": "まる"
		},
		{
			"Id": "Part18",
			"Name": "水しぶき"
		},
		{
			"Id": "Part15",
			"Name": "液体"
		},
		{
			"Id": "Part21",
			"Name": "体"
		},
		{
			"Id": "Part22",
			"Name": "胸"
		},
		{
			"Id": "Part23",
			"Name": "顔"
		},
		{
			"Id": "Part30",
			"Name": "左腕"
		},
		{
			"Id": "Part31",
			"Name": "右腕"
		},
		{
			"Id": "ArtMesh230_Skinning",
			"Name": "もみあげ後(スキニング)"
		},
		{
			"Id": "Part32",
			"Name": "ロボ右腕"
		},
		{
			"Id": "Part20",
			"Name": "ロボ左腕"
		},
		{
			"Id": "Part6",
			"Name": "グループ 7"
		},
		{
			"Id": "Part7",
			"Name": "グループ 8"
		},
		{
			"Id": "Part9",
			"Name": "グループ 1"
		},
		{
			"Id": "Part10",
			"Name": "グループ 4"
		},
		{
			"Id": "Part11",
			"Name": "グループ 6"
		},
		{
			"Id": "Part12",
			"Name": "グループ 5"
		},
		{
			"Id": "Part13",
			"Name": "グループ 3"
		},
		{
			"Id": "Part14",
			"Name": "グループ 2"
		},
		{
			"Id": "Part16",
			"Name": "黄色液体"
		},
		{
			"Id": "Part17",
			"Name": "赤色液体"
		},
		{
			"Id": "Part24",
			"Name": "リボン All"
		},
		{
			"Id": "Part25",
			"Name": "前髪"
		},
		{
			"Id": "Part26",
			"Name": "目"
		},
		{
			"Id": "ArtMesh204_Skinning",
			"Name": "前髪影1(スキニング)"
		},
		{
			"Id": "ArtMesh205_Skinning",
			"Name": "前髪影2(スキニング)"
		},
		{
			"Id": "ArtMesh206_Skinning",
			"Name": "前髪影3(スキニング)"
		},
		{
			"Id": "ArtMesh207_Skinning",
			"Name": "前髪影4(スキニング)"
		},
		{
			"Id": "ArtMesh208_Skinning",
			"Name": "前髪影5(スキニング)"
		},
		{
			"Id": "ArtMesh210_Skinning",
			"Name": "髪ロール左(スキニング)"
		},
		{
			"Id": "Part29",
			"Name": "口"
		},
		{
			"Id": "ArtMesh164_Skinning",
			"Name": "リボン左2(スキニング)"
		},
		{
			"Id": "ArtMesh166_Skinning",
			"Name": "リボン右2(スキニング)"
		},
		{
			"Id": "ArtMesh167_Skinning",
			"Name": "前髪1(スキニング)"
		},
		{
			"Id": "ArtMesh168_Skinning",
			"Name": "前髪2(スキニング)"
		},
		{
			"Id": "ArtMesh169_Skinning",
			"Name": "前髪3(スキニング)"
		},
		{
			"Id": "ArtMesh170_Skinning",
			"Name": "前髪4(スキニング)"
		},
		{
			"Id": "ArtMesh171_Skinning",
			"Name": "前髪5(スキニング)"
		},
		{
			"Id": "ArtMesh172_Skinning",
			"Name": "前髪6(スキニング)"
		},
		{
			"Id": "ArtMesh173_Skinning",
			"Name": "前髪7(スキニング)"
		},
		{
			"Id": "ArtMesh174_Skinning",
			"Name": "前髪8(スキニング)"
		},
		{
			"Id": "ArtMesh175_Skinning",
			"Name": "前髪9(スキニング)"
		},
		{
			"Id": "ArtMesh176_Skinning",
			"Name": "前髪10(スキニング)"
		},
		{
			"Id": "ArtMesh177_Skinning",
			"Name": "前髪11(スキニング)"
		},
		{
			"Id": "Part27",
			"Name": "右目"
		},
		{
			"Id": "Part28",
			"Name": "左目"
		}
	],
	"CombinedParameters": [
		[
			"ParamEyeRL",
			"ParamEyeUD"
		],
		[
			"ParamPaiRX",
			"ParamPaiRY"
		],
		[
			"ParamPaiRX2",
			"ParamPaiRY2"
		],
		[
			"ParamPaiLX",
			"ParamPaiLY"
		],
		[
			"ParamPaiLX2",
			"ParamPaiLY2"
		],
		[
			"ParamRibonRightX",
			"ParamRibonRightY"
		],
		[
			"ParamRibonLeftX",
			"ParamRibonLeftY"
		],
		[
			"ParamHairBackX",
			"ParamHairBackY"
		],
		[
			"ParamFX",
			"ParamFY"
		],
		[
			"ParamEyeBallX",
			"ParamEyeBallY"
		]
	]
}