{
	"Version": 3,
	"Meta": {
		"Duration": 5.967,
		"Fps": 30.0,
		"Loop": true,
		"AreBeziersRestricted": false,
		"CurveCount": 104,
		"TotalSegmentCount": 911,
		"TotalPointCount": 2835,
		"UserDataCount": 0,
		"TotalUserDataSize": 0
	},
	"Curves": [
		{
			"Target": "Parameter",
			"Id": "ParamEff1",
			"Segments": [
				0,
				1,
				1,
				0.2,
				1,
				0.4,
				1,
				0.6,
				1,
				1,
				0.633,
				1,
				0.667,
				0.5,
				0.7,
				0.5,
				1,
				0.733,
				0.5,
				0.767,
				1,
				0.8,
				1,
				1,
				1.378,
				1,
				1.956,
				1,
				2.533,
				1,
				1,
				2.567,
				1,
				2.6,
				0.5,
				2.633,
				0.5,
				1,
				2.678,
				0.5,
				2.722,
				1,
				2.767,
				1,
				1,
				3.5,
				1,
				4.233,
				1,
				4.967,
				1,
				1,
				5,
				1,
				5.033,
				0.5,
				5.067,
				0.5,
				1,
				5.111,
				0.5,
				5.156,
				1,
				5.2,
				1,
				1,
				5.456,
				1,
				5.711,
				1,
				5.967,
				1
			]
		},
		{
			"Target": "Parameter",
			"Id": "ParamEff2",
			"Segments": [
				0,
				0.6,
				1,
				0.033,
				0.6,
				0.067,
				1,
				0.1,
				1,
				1,
				0.6,
				1,
				1.1,
				1,
				1.6,
				1,
				1,
				1.633,
				1,
				1.667,
				0.5,
				1.7,
				0.5,
				1,
				1.733,
				0.5,
				1.767,
				1,
				1.8,
				1,
				1,
				2.267,
				1,
				2.733,
				1,
				3.2,
				1,
				1,
				3.233,
				1,
				3.267,
				0.5,
				3.3,
				0.5,
				1,
				3.333,
				0.5,
				3.367,
				1,
				3.4,
				1,
				1,
				3.444,
				1,
				3.489,
				1,
				3.533,
				1,
				1,
				3.567,
				1,
				3.6,
				0.5,
				3.633,
				0.5,
				1,
				3.667,
				0.5,
				3.7,
				1,
				3.733,
				1,
				1,
				4.444,
				1,
				5.156,
				1,
				5.867,
				1,
				1,
				5.9,
				1,
				5.933,
				0.775,
				5.967,
				0.662
			]
		},
		{
			"Target": "Parameter",
			"Id": "ParamEff3",
			"Segments": [
				0,
				1,
				1,
				0.656,
				1,
				1.311,
				1,
				1.967,
				1,
				1,
				2,
				1,
				2.033,
				0.5,
				2.067,
				0.5,
				1,
				2.1,
				0.5,
				2.133,
				1,
				2.167,
				1,
				1,
				2.211,
				1,
				2.256,
				1,
				2.3,
				1,
				1,
				2.333,
				1,
				2.367,
				0.5,
				2.4,
				0.5,
				1,
				2.433,
				0.5,
				2.467,
				1,
				2.5,
				1,
				1,
				2.922,
				1,
				3.344,
				1,
				3.767,
				1,
				1,
				3.8,
				1,
				3.833,
				0.5,
				3.867,
				0.5,
				1,
				3.9,
				0.5,
				3.933,
				1,
				3.967,
				1,
				1,
				4.633,
				1,
				5.3,
				1,
				5.967,
				1
			]
		},
		{
			"Target": "Parameter",
			"Id": "ParamEff4",
			"Segments": [
				0,
				1,
				1,
				0.189,
				1,
				0.378,
				1,
				0.567,
				1,
				1,
				0.6,
				1,
				0.633,
				0.5,
				0.667,
				0.5,
				1,
				0.7,
				0.5,
				0.733,
				1,
				0.767,
				1,
				1,
				0.944,
				1,
				1.122,
				0.9,
				1.3,
				0.9,
				1,
				1.667,
				0.9,
				2.033,
				1,
				2.4,
				1,
				1,
				2.433,
				1,
				2.467,
				0.5,
				2.5,
				0.5,
				1,
				2.533,
				0.5,
				2.567,
				1,
				2.6,
				1,
				1,
				3,
				1,
				3.4,
				0.8,
				3.8,
				0.8,
				1,
				4.2,
				0.8,
				4.6,
				1,
				5,
				1,
				1,
				5.033,
				1,
				5.067,
				0.5,
				5.1,
				0.5,
				1,
				5.133,
				0.5,
				5.167,
				1,
				5.2,
				1,
				1,
				5.456,
				1,
				5.711,
				1,
				5.967,
				1
			]
		},
		{
			"Target": "Parameter",
			"Id": "ParamEff5",
			"Segments": [
				0,
				1,
				1,
				0.078,
				1,
				0.156,
				1,
				0.233,
				1,
				1,
				0.267,
				1,
				0.3,
				0.5,
				0.333,
				0.5,
				1,
				0.367,
				0.5,
				0.4,
				1,
				0.433,
				1,
				1,
				1.244,
				1,
				2.056,
				0.7,
				2.867,
				0.7,
				1,
				3.9,
				0.7,
				4.933,
				0.994,
				5.967,
				1
			]
		},
		{
			"Target": "Parameter",
			"Id": "ParamEff6",
			"Segments": [
				0,
				0.6,
				1,
				0.033,
				0.6,
				0.067,
				1,
				0.1,
				1,
				1,
				0.867,
				1,
				1.633,
				0.8,
				2.4,
				0.8,
				1,
				3.133,
				0.8,
				3.867,
				1,
				4.6,
				1,
				1,
				4.633,
				1,
				4.667,
				0.5,
				4.7,
				0.5,
				1,
				4.733,
				0.5,
				4.767,
				1,
				4.8,
				1,
				1,
				4.878,
				1,
				4.956,
				1,
				5.033,
				1,
				1,
				5.067,
				1,
				5.1,
				0.5,
				5.133,
				0.5,
				1,
				5.167,
				0.5,
				5.2,
				1,
				5.233,
				1,
				1,
				5.289,
				1,
				5.344,
				1,
				5.4,
				1,
				1,
				5.433,
				1,
				5.467,
				0.5,
				5.5,
				0.5,
				1,
				5.533,
				0.5,
				5.567,
				1,
				5.6,
				1,
				1,
				5.678,
				1,
				5.756,
				1,
				5.833,
				1,
				1,
				5.878,
				1,
				5.922,
				0.744,
				5.967,
				0.642
			]
		},
		{
			"Target": "Parameter",
			"Id": "ParamEff7",
			"Segments": [
				0,
				1,
				1,
				0.256,
				1,
				0.511,
				1,
				0.767,
				1,
				1,
				0.8,
				1,
				0.833,
				0.6,
				0.867,
				0.6,
				1,
				0.9,
				0.6,
				0.933,
				1,
				0.967,
				1,
				1,
				1.133,
				1,
				1.3,
				1,
				1.467,
				1,
				1,
				1.5,
				1,
				1.533,
				0.6,
				1.567,
				0.6,
				1,
				1.6,
				0.6,
				1.633,
				1,
				1.667,
				1,
				1,
				2.089,
				1,
				2.511,
				0.9,
				2.933,
				0.9,
				1,
				3.311,
				0.9,
				3.689,
				1,
				4.067,
				1,
				1,
				4.1,
				1,
				4.133,
				0.6,
				4.167,
				0.6,
				1,
				4.2,
				0.6,
				4.233,
				1,
				4.267,
				1,
				1,
				4.578,
				1,
				4.889,
				1,
				5.2,
				1,
				1,
				5.456,
				1,
				5.711,
				1,
				5.967,
				1
			]
		},
		{
			"Target": "Parameter",
			"Id": "ParamEff8",
			"Segments": [
				0,
				1,
				1,
				0.111,
				1,
				0.222,
				1,
				0.333,
				1,
				1,
				0.367,
				1,
				0.4,
				0.6,
				0.433,
				0.6,
				1,
				0.467,
				0.6,
				0.5,
				1,
				0.533,
				1,
				1,
				1,
				1,
				1.467,
				0.9,
				1.933,
				0.9,
				1,
				2.311,
				0.9,
				2.689,
				1,
				3.067,
				1,
				1,
				3.1,
				1,
				3.133,
				0.6,
				3.167,
				0.6,
				1,
				3.2,
				0.6,
				3.233,
				1,
				3.267,
				1,
				1,
				3.322,
				1,
				3.378,
				1,
				3.433,
				1,
				1,
				3.467,
				1,
				3.5,
				0.6,
				3.533,
				0.6,
				1,
				3.567,
				0.6,
				3.6,
				1,
				3.633,
				1,
				1,
				3.7,
				1,
				3.767,
				1,
				3.833,
				1,
				1,
				3.867,
				1,
				3.9,
				0.7,
				3.933,
				0.7,
				1,
				3.967,
				0.7,
				4,
				1,
				4.033,
				1,
				1,
				4.367,
				1,
				4.7,
				0.9,
				5.033,
				0.9,
				1,
				5.344,
				0.9,
				5.656,
				0.993,
				5.967,
				1
			]
		},
		{
			"Target": "Parameter",
			"Id": "ParamEff9",
			"Segments": [
				0,
				0.8,
				1,
				0.289,
				0.8,
				0.578,
				1,
				0.867,
				1,
				1,
				0.9,
				1,
				0.933,
				0.6,
				0.967,
				0.6,
				1,
				1,
				0.6,
				1.033,
				1,
				1.067,
				1,
				1,
				1.3,
				1,
				1.533,
				1,
				1.767,
				1,
				1,
				1.8,
				1,
				1.833,
				0.6,
				1.867,
				0.6,
				1,
				1.9,
				0.6,
				1.933,
				1,
				1.967,
				1,
				1,
				2.4,
				1,
				2.833,
				1,
				3.267,
				1,
				1,
				3.3,
				1,
				3.333,
				0.6,
				3.367,
				0.6,
				1,
				3.4,
				0.6,
				3.433,
				1,
				3.467,
				1,
				1,
				4.3,
				1,
				5.133,
				0.805,
				5.967,
				0.8
			]
		},
		{
			"Target": "Parameter",
			"Id": "ParamEff10",
			"Segments": [
				0,
				1,
				1,
				0.5,
				1,
				1,
				1,
				1.5,
				1,
				1,
				1.533,
				1,
				1.567,
				0.6,
				1.6,
				0.6,
				1,
				1.633,
				0.6,
				1.667,
				1,
				1.7,
				1,
				1,
				1.822,
				1,
				1.944,
				1,
				2.067,
				1,
				1,
				2.1,
				1,
				2.133,
				0.6,
				2.167,
				0.6,
				1,
				2.2,
				0.6,
				2.233,
				1,
				2.267,
				1,
				1,
				2.711,
				1,
				3.156,
				0.9,
				3.6,
				0.9,
				1,
				4.211,
				0.9,
				4.822,
				1,
				5.433,
				1,
				1,
				5.467,
				1,
				5.5,
				0.6,
				5.533,
				0.6,
				1,
				5.567,
				0.6,
				5.6,
				1,
				5.633,
				1,
				1,
				5.744,
				1,
				5.856,
				1,
				5.967,
				1
			]
		},
		{
			"Target": "Parameter",
			"Id": "ParamEff11",
			"Segments": [
				0,
				1,
				1,
				0.222,
				1,
				0.444,
				1,
				0.667,
				1,
				1,
				0.7,
				1,
				0.733,
				0.6,
				0.767,
				0.6,
				1,
				0.8,
				0.6,
				0.833,
				1,
				0.867,
				1,
				1,
				1.144,
				1,
				1.422,
				0.9,
				1.7,
				0.9,
				1,
				2.056,
				0.9,
				2.411,
				1,
				2.767,
				1,
				1,
				2.8,
				1,
				2.833,
				0.6,
				2.867,
				0.6,
				1,
				2.9,
				0.6,
				2.933,
				1,
				2.967,
				1,
				1,
				3.267,
				1,
				3.567,
				0.8,
				3.867,
				0.8,
				1,
				4.067,
				0.8,
				4.267,
				1,
				4.467,
				1,
				1,
				4.5,
				1,
				4.533,
				0.6,
				4.567,
				0.6,
				1,
				4.6,
				0.6,
				4.633,
				1,
				4.667,
				1,
				1,
				5.1,
				1,
				5.533,
				1,
				5.967,
				1
			]
		},
		{
			"Target": "Parameter",
			"Id": "ParamEff12",
			"Segments": [
				0,
				0.9,
				1,
				0.044,
				0.9,
				0.089,
				1,
				0.133,
				1,
				1,
				0.733,
				1,
				1.333,
				0.9,
				1.933,
				0.9,
				1,
				2.567,
				0.9,
				3.2,
				1,
				3.833,
				1,
				1,
				3.867,
				1,
				3.9,
				0.9,
				3.933,
				0.9,
				1,
				3.967,
				0.9,
				4,
				1,
				4.033,
				1,
				1,
				4.444,
				1,
				4.856,
				1,
				5.267,
				1,
				1,
				5.3,
				1,
				5.333,
				0.9,
				5.367,
				0.9,
				1,
				5.4,
				0.9,
				5.433,
				1,
				5.467,
				1,
				1,
				5.611,
				1,
				5.756,
				1,
				5.9,
				1,
				1,
				5.922,
				1,
				5.944,
				0.911,
				5.967,
				0.852
			]
		},
		{
			"Target": "Parameter",
			"Id": "ParamEff13",
			"Segments": [
				0,
				1,
				1,
				0.111,
				1,
				0.222,
				1,
				0.333,
				1,
				1,
				0.367,
				1,
				0.4,
				0.9,
				0.433,
				0.9,
				1,
				0.467,
				0.9,
				0.5,
				1,
				0.533,
				1,
				1,
				0.856,
				1,
				1.178,
				0.9,
				1.5,
				0.9,
				1,
				1.844,
				0.9,
				2.189,
				1,
				2.533,
				1,
				1,
				2.567,
				1,
				2.6,
				0.9,
				2.633,
				0.9,
				1,
				2.667,
				0.9,
				2.7,
				1,
				2.733,
				1,
				1,
				3.278,
				1,
				3.822,
				1,
				4.367,
				1,
				1,
				4.4,
				1,
				4.433,
				0.9,
				4.467,
				0.9,
				1,
				4.5,
				0.9,
				4.533,
				1,
				4.567,
				1,
				1,
				5.033,
				1,
				5.5,
				1,
				5.967,
				1
			]
		},
		{
			"Target": "Parameter",
			"Id": "ParamEff14",
			"Segments": [
				0,
				1,
				1,
				0.189,
				1,
				0.378,
				1,
				0.567,
				1,
				1,
				0.6,
				1,
				0.633,
				0.9,
				0.667,
				0.9,
				1,
				0.7,
				0.9,
				0.733,
				1,
				0.767,
				1,
				1,
				1.1,
				1,
				1.433,
				1,
				1.767,
				1,
				1,
				1.8,
				1,
				1.833,
				0.8,
				1.867,
				0.8,
				1,
				1.9,
				0.8,
				1.933,
				1,
				1.967,
				1,
				1,
				2.267,
				1,
				2.567,
				0.9,
				2.867,
				0.9,
				1,
				3.133,
				0.9,
				3.4,
				1,
				3.667,
				1,
				1,
				3.7,
				1,
				3.733,
				0.8,
				3.767,
				0.8,
				1,
				3.8,
				0.8,
				3.833,
				1,
				3.867,
				1,
				1,
				4.122,
				1,
				4.378,
				0.9,
				4.633,
				0.9,
				1,
				4.878,
				0.9,
				5.122,
				1,
				5.367,
				1,
				1,
				5.4,
				1,
				5.433,
				0.8,
				5.467,
				0.8,
				1,
				5.5,
				0.8,
				5.533,
				1,
				5.567,
				1,
				1,
				5.7,
				1,
				5.833,
				1,
				5.967,
				1
			]
		},
		{
			"Target": "Parameter",
			"Id": "ParamEff15",
			"Segments": [
				0,
				0.7,
				1,
				0.478,
				0.7,
				0.956,
				1,
				1.433,
				1,
				1,
				1.467,
				1,
				1.5,
				0.6,
				1.533,
				0.6,
				1,
				1.567,
				0.6,
				1.6,
				1,
				1.633,
				1,
				1,
				2.133,
				1,
				2.633,
				1,
				3.133,
				1,
				1,
				3.167,
				1,
				3.2,
				0.6,
				3.233,
				0.6,
				1,
				3.267,
				0.6,
				3.3,
				1,
				3.333,
				1,
				1,
				3.411,
				1,
				3.489,
				1,
				3.567,
				1,
				1,
				3.6,
				1,
				3.633,
				0.6,
				3.667,
				0.6,
				1,
				3.7,
				0.6,
				3.733,
				0.788,
				3.767,
				0.8,
				1,
				4.167,
				0.943,
				4.567,
				1,
				4.967,
				1,
				1,
				5,
				1,
				5.033,
				0.6,
				5.067,
				0.6,
				1,
				5.1,
				0.6,
				5.133,
				1,
				5.167,
				1,
				1,
				5.433,
				1,
				5.7,
				0.724,
				5.967,
				0.701
			]
		},
		{
			"Target": "Parameter",
			"Id": "ParamEff16",
			"Segments": [
				0,
				1,
				1,
				0.256,
				1,
				0.511,
				1,
				0.767,
				1,
				1,
				0.8,
				1,
				0.833,
				0.6,
				0.867,
				0.6,
				1,
				0.9,
				0.6,
				0.933,
				1,
				0.967,
				1,
				1,
				1.322,
				1,
				1.678,
				1,
				2.033,
				1,
				1,
				2.067,
				1,
				2.1,
				0.6,
				2.133,
				0.6,
				1,
				2.167,
				0.6,
				2.2,
				1,
				2.233,
				1,
				1,
				2.622,
				1,
				3.011,
				0.9,
				3.4,
				0.9,
				1,
				3.811,
				0.9,
				4.222,
				1,
				4.633,
				1,
				1,
				4.667,
				1,
				4.7,
				0.6,
				4.733,
				0.6,
				1,
				4.767,
				0.6,
				4.8,
				1,
				4.833,
				1,
				1,
				5.044,
				1,
				5.256,
				1,
				5.467,
				1,
				1,
				5.633,
				1,
				5.8,
				1,
				5.967,
				1
			]
		},
		{
			"Target": "Parameter",
			"Id": "ParamEff17",
			"Segments": [
				0,
				1,
				1,
				0.678,
				1,
				1.356,
				0.9,
				2.033,
				0.9,
				1,
				2.8,
				0.9,
				3.567,
				1,
				4.333,
				1,
				1,
				4.367,
				1,
				4.4,
				0.6,
				4.433,
				0.6,
				1,
				4.467,
				0.6,
				4.5,
				1,
				4.533,
				1,
				1,
				4.844,
				1,
				5.156,
				0.9,
				5.467,
				0.9,
				1,
				5.633,
				0.9,
				5.8,
				0.988,
				5.967,
				0.999
			]
		},
		{
			"Target": "Parameter",
			"Id": "ParamEff18",
			"Segments": [
				0,
				0.6,
				1,
				0.044,
				0.6,
				0.089,
				1,
				0.133,
				1,
				1,
				0.811,
				1,
				1.489,
				0.9,
				2.167,
				0.9,
				1,
				3.178,
				0.9,
				4.189,
				1,
				5.2,
				1,
				1,
				5.233,
				1,
				5.267,
				0.6,
				5.3,
				0.6,
				1,
				5.333,
				0.6,
				5.367,
				1,
				5.4,
				1,
				1,
				5.544,
				1,
				5.689,
				1,
				5.833,
				1,
				1,
				5.878,
				1,
				5.922,
				0.744,
				5.967,
				0.642
			]
		},
		{
			"Target": "Parameter",
			"Id": "ParamEff19",
			"Segments": [
				0,
				0.8,
				1,
				0.422,
				0.8,
				0.844,
				0.853,
				1.267,
				0.9,
				1,
				1.978,
				0.979,
				2.689,
				1,
				3.4,
				1,
				1,
				3.433,
				1,
				3.467,
				0.6,
				3.5,
				0.6,
				1,
				3.533,
				0.6,
				3.567,
				1,
				3.6,
				1,
				1,
				4.389,
				1,
				5.178,
				0.806,
				5.967,
				0.8
			]
		},
		{
			"Target": "Parameter",
			"Id": "ParamEff20",
			"Segments": [
				0,
				1,
				1,
				0.489,
				1,
				0.978,
				1,
				1.467,
				1,
				1,
				1.5,
				1,
				1.533,
				0.6,
				1.567,
				0.6,
				1,
				1.6,
				0.6,
				1.633,
				1,
				1.667,
				1,
				1,
				2.656,
				1,
				3.644,
				0.9,
				4.633,
				0.9,
				1,
				5.078,
				0.9,
				5.522,
				0.995,
				5.967,
				1
			]
		},
		{
			"Target": "Parameter",
			"Id": "ParamEff21",
			"Segments": [
				0,
				1,
				1,
				1.6,
				1,
				3.2,
				1,
				4.8,
				1,
				1,
				4.833,
				1,
				4.867,
				0.6,
				4.9,
				0.6,
				1,
				4.933,
				0.6,
				4.967,
				1,
				5,
				1,
				1,
				5.322,
				1,
				5.644,
				1,
				5.967,
				1
			]
		},
		{
			"Target": "Parameter",
			"Id": "ParamEff22",
			"Segments": [
				0,
				1,
				1,
				0.244,
				1,
				0.489,
				1,
				0.733,
				1,
				1,
				0.767,
				1,
				0.8,
				0.6,
				0.833,
				0.6,
				1,
				0.867,
				0.6,
				0.9,
				1,
				0.933,
				1,
				1,
				1.078,
				1,
				1.222,
				1,
				1.367,
				1,
				1,
				1.4,
				1,
				1.433,
				0.6,
				1.467,
				0.6,
				1,
				1.5,
				0.6,
				1.533,
				1,
				1.567,
				1,
				1,
				1.889,
				1,
				2.211,
				1,
				2.533,
				1,
				1,
				2.567,
				1,
				2.6,
				0.6,
				2.633,
				0.6,
				1,
				2.667,
				0.6,
				2.7,
				1,
				2.733,
				1,
				1,
				3.811,
				1,
				4.889,
				1,
				5.967,
				1
			]
		},
		{
			"Target": "Parameter",
			"Id": "ParamEff23",
			"Segments": [
				0,
				1,
				1,
				0.067,
				1,
				0.133,
				1,
				0.2,
				1,
				1,
				0.233,
				1,
				0.267,
				0.5,
				0.3,
				0.5,
				1,
				0.333,
				0.5,
				0.367,
				1,
				0.4,
				1,
				1,
				0.489,
				1,
				0.578,
				1,
				0.667,
				1,
				1,
				0.7,
				1,
				0.733,
				0.5,
				0.767,
				0.5,
				1,
				0.8,
				0.5,
				0.833,
				1,
				0.867,
				1,
				1,
				2.122,
				1,
				3.378,
				1,
				4.633,
				1,
				1,
				4.667,
				1,
				4.7,
				0.5,
				4.733,
				0.5,
				1,
				4.767,
				0.5,
				4.8,
				1,
				4.833,
				1,
				1,
				5.211,
				1,
				5.589,
				1,
				5.967,
				1
			]
		},
		{
			"Target": "Parameter",
			"Id": "ParamEff24",
			"Segments": [
				0,
				1,
				1,
				0.7,
				1,
				1.4,
				1,
				2.1,
				1,
				1,
				2.133,
				1,
				2.167,
				0.6,
				2.2,
				0.6,
				1,
				2.233,
				0.6,
				2.267,
				1,
				2.3,
				1,
				1,
				2.433,
				1,
				2.567,
				1,
				2.7,
				1,
				1,
				2.733,
				1,
				2.767,
				0.6,
				2.8,
				0.6,
				1,
				2.833,
				0.6,
				2.867,
				1,
				2.9,
				1,
				1,
				3.789,
				1,
				4.678,
				1,
				5.567,
				1,
				1,
				5.6,
				1,
				5.633,
				0.6,
				5.667,
				0.6,
				1,
				5.7,
				0.6,
				5.733,
				1,
				5.767,
				1,
				1,
				5.833,
				1,
				5.9,
				1,
				5.967,
				1
			]
		},
		{
			"Target": "Parameter",
			"Id": "ParamEff25",
			"Segments": [
				0,
				1,
				1,
				0.411,
				1,
				0.822,
				1,
				1.233,
				1,
				1,
				1.267,
				1,
				1.3,
				0.5,
				1.333,
				0.5,
				1,
				1.367,
				0.5,
				1.4,
				1,
				1.433,
				1,
				1,
				1.911,
				1,
				2.389,
				1,
				2.867,
				1,
				1,
				2.9,
				1,
				2.933,
				0.5,
				2.967,
				0.5,
				1,
				3,
				0.5,
				3.033,
				1,
				3.067,
				1,
				1,
				4.033,
				1,
				5,
				1,
				5.967,
				1
			]
		},
		{
			"Target": "Parameter",
			"Id": "ParamEff26",
			"Segments": [
				0,
				0.8,
				1,
				1.333,
				0.8,
				2.667,
				1,
				4,
				1,
				1,
				4.033,
				1,
				4.067,
				0.6,
				4.1,
				0.6,
				1,
				4.133,
				0.6,
				4.167,
				1,
				4.2,
				1,
				1,
				4.589,
				1,
				4.978,
				1,
				5.367,
				1,
				1,
				5.4,
				1,
				5.433,
				0.6,
				5.467,
				0.6,
				1,
				5.5,
				0.6,
				5.533,
				1,
				5.567,
				1,
				1,
				5.7,
				1,
				5.833,
				0.83,
				5.967,
				0.803
			]
		},
		{
			"Target": "Parameter",
			"Id": "ParamEff27",
			"Segments": [
				0,
				1,
				1,
				0.133,
				1,
				0.267,
				1,
				0.4,
				1,
				1,
				0.433,
				1,
				0.467,
				0.5,
				0.5,
				0.5,
				1,
				0.533,
				0.5,
				0.567,
				1,
				0.6,
				1,
				1,
				1.089,
				1,
				1.578,
				1,
				2.067,
				1,
				1,
				2.1,
				1,
				2.133,
				0.5,
				2.167,
				0.5,
				1,
				2.2,
				0.5,
				2.233,
				1,
				2.267,
				1,
				1,
				2.478,
				1,
				2.689,
				1,
				2.9,
				1,
				1,
				2.933,
				1,
				2.967,
				0.5,
				3,
				0.5,
				1,
				3.033,
				0.5,
				3.067,
				1,
				3.1,
				1,
				1,
				4.056,
				1,
				5.011,
				1,
				5.967,
				1
			]
		},
		{
			"Target": "Parameter",
			"Id": "ParamEff28",
			"Segments": [
				0,
				1,
				1,
				0.2,
				1,
				0.4,
				1,
				0.6,
				1,
				1,
				0.633,
				1,
				0.667,
				0.5,
				0.7,
				0.5,
				1,
				0.733,
				0.5,
				0.767,
				1,
				0.8,
				1,
				1,
				1.444,
				1,
				2.089,
				1,
				2.733,
				1,
				1,
				2.767,
				1,
				2.8,
				0.5,
				2.833,
				0.5,
				1,
				2.867,
				0.5,
				2.9,
				1,
				2.933,
				1,
				1,
				3.044,
				1,
				3.156,
				1,
				3.267,
				1,
				1,
				3.3,
				1,
				3.333,
				0.5,
				3.367,
				0.5,
				1,
				3.4,
				0.5,
				3.433,
				1,
				3.467,
				1,
				1,
				4.3,
				1,
				5.133,
				1,
				5.967,
				1
			]
		},
		{
			"Target": "Parameter",
			"Id": "ParamEff29",
			"Segments": [
				0,
				1,
				1,
				0.589,
				1,
				1.178,
				1,
				1.767,
				1,
				1,
				1.8,
				1,
				1.833,
				0.6,
				1.867,
				0.6,
				1,
				1.9,
				0.6,
				1.933,
				1,
				1.967,
				1,
				1,
				2.567,
				1,
				3.167,
				1,
				3.767,
				1,
				1,
				3.8,
				1,
				3.833,
				0.6,
				3.867,
				0.6,
				1,
				3.9,
				0.6,
				3.933,
				1,
				3.967,
				1,
				1,
				4.2,
				1,
				4.433,
				1,
				4.667,
				1,
				1,
				4.7,
				1,
				4.733,
				0.6,
				4.767,
				0.6,
				1,
				4.8,
				0.6,
				4.833,
				1,
				4.867,
				1,
				1,
				5.233,
				1,
				5.6,
				1,
				5.967,
				1
			]
		},
		{
			"Target": "Parameter",
			"Id": "ParamEff30",
			"Segments": [
				0,
				1,
				1,
				0.078,
				1,
				0.156,
				1,
				0.233,
				1,
				1,
				0.267,
				1,
				0.3,
				0.5,
				0.333,
				0.5,
				1,
				0.367,
				0.5,
				0.4,
				1,
				0.433,
				1,
				1,
				0.589,
				1,
				0.744,
				1,
				0.9,
				1,
				1,
				0.933,
				1,
				0.967,
				0.5,
				1,
				0.5,
				1,
				1.033,
				0.5,
				1.067,
				1,
				1.1,
				1,
				1,
				1.7,
				1,
				2.3,
				1,
				2.9,
				1,
				1,
				2.933,
				1,
				2.967,
				0.5,
				3,
				0.5,
				1,
				3.033,
				0.5,
				3.067,
				1,
				3.1,
				1,
				1,
				3.556,
				1,
				4.011,
				0.9,
				4.467,
				0.9,
				1,
				4.967,
				0.9,
				5.467,
				0.996,
				5.967,
				1
			]
		},
		{
			"Target": "Parameter",
			"Id": "ParamEff31",
			"Segments": [
				0,
				1,
				1,
				0.556,
				1,
				1.111,
				1,
				1.667,
				1,
				1,
				1.7,
				1,
				1.733,
				0.6,
				1.767,
				0.6,
				1,
				1.8,
				0.6,
				1.833,
				1,
				1.867,
				1,
				1,
				2.378,
				1,
				2.889,
				0.9,
				3.4,
				0.9,
				1,
				3.878,
				0.9,
				4.356,
				1,
				4.833,
				1,
				1,
				4.867,
				1,
				4.9,
				0.6,
				4.933,
				0.6,
				1,
				4.967,
				0.6,
				5,
				1,
				5.033,
				1,
				1,
				5.189,
				1,
				5.344,
				1,
				5.5,
				1,
				1,
				5.533,
				1,
				5.567,
				0.6,
				5.6,
				0.6,
				1,
				5.633,
				0.6,
				5.667,
				1,
				5.7,
				1,
				0,
				5.967,
				1
			]
		},
		{
			"Target": "Parameter",
			"Id": "ParamEff32",
			"Segments": [
				0,
				1,
				1,
				0.456,
				1,
				0.911,
				1,
				1.367,
				1,
				1,
				1.4,
				1,
				1.433,
				0.5,
				1.467,
				0.5,
				1,
				1.5,
				0.5,
				1.533,
				1,
				1.567,
				1,
				1,
				1.689,
				1,
				1.811,
				1,
				1.933,
				1,
				1,
				1.967,
				1,
				2,
				0.5,
				2.033,
				0.5,
				1,
				2.067,
				0.5,
				2.1,
				1,
				2.133,
				1,
				1,
				2.711,
				1,
				3.289,
				0.9,
				3.867,
				0.9,
				1,
				4.378,
				0.9,
				4.889,
				1,
				5.4,
				1,
				1,
				5.433,
				1,
				5.467,
				0.5,
				5.5,
				0.5,
				1,
				5.533,
				0.5,
				5.567,
				1,
				5.6,
				1,
				1,
				5.722,
				1,
				5.844,
				1,
				5.967,
				1
			]
		},
		{
			"Target": "Parameter",
			"Id": "ParamEff33",
			"Segments": [
				0,
				1,
				1,
				0.222,
				1,
				0.444,
				1,
				0.667,
				1,
				1,
				0.7,
				1,
				0.733,
				0.5,
				0.767,
				0.5,
				1,
				0.8,
				0.5,
				0.833,
				1,
				0.867,
				1,
				1,
				1.367,
				1,
				1.867,
				1,
				2.367,
				1,
				1,
				2.4,
				1,
				2.433,
				0.5,
				2.467,
				0.5,
				1,
				2.5,
				0.5,
				2.533,
				1,
				2.567,
				1,
				1,
				3.111,
				1,
				3.656,
				1,
				4.2,
				1,
				1,
				4.233,
				1,
				4.267,
				0.5,
				4.3,
				0.5,
				1,
				4.333,
				0.5,
				4.367,
				1,
				4.4,
				1,
				1,
				4.922,
				1,
				5.444,
				1,
				5.967,
				1
			]
		},
		{
			"Target": "Parameter",
			"Id": "ParamPachi",
			"Segments": [
				0,
				1,
				1,
				1,
				1,
				2,
				1,
				3,
				1,
				1,
				3.033,
				1,
				3.067,
				0,
				3.1,
				0,
				1,
				3.111,
				0,
				3.122,
				0,
				3.133,
				0,
				1,
				3.167,
				0,
				3.2,
				1,
				3.233,
				1,
				1,
				4.144,
				1,
				5.056,
				1,
				5.967,
				1
			]
		},
		{
			"Target": "Parameter",
			"Id": "ParamLegL1",
			"Segments": [
				0,
				0,
				1,
				0.011,
				0,
				0.022,
				0.221,
				0.033,
				0.302,
				1,
				0.378,
				2.814,
				0.722,
				4,
				1.067,
				4,
				1,
				1.567,
				4,
				2.067,
				2.667,
				2.567,
				0,
				1,
				3.067,
				-2.667,
				3.567,
				-4,
				4.067,
				-4,
				1,
				4.7,
				-4,
				5.333,
				-2.853,
				5.967,
				-0.453
			]
		},
		{
			"Target": "Parameter",
			"Id": "ParamLegL2",
			"Segments": [
				0,
				0,
				1,
				0.011,
				0,
				0.022,
				0.233,
				0.033,
				0.302,
				1,
				0.433,
				2.811,
				0.833,
				4,
				1.233,
				4,
				1,
				1.733,
				4,
				2.233,
				2.667,
				2.733,
				0,
				1,
				3.233,
				-2.667,
				3.733,
				-4,
				4.233,
				-4,
				1,
				4.811,
				-4,
				5.389,
				-2.855,
				5.967,
				-0.453
			]
		},
		{
			"Target": "Parameter",
			"Id": "ParamLegR1",
			"Segments": [
				0,
				0,
				1,
				0.011,
				0,
				0.022,
				0.257,
				0.033,
				0.302,
				1,
				0.644,
				2.801,
				1.256,
				4,
				1.867,
				4,
				1,
				2.367,
				4,
				2.867,
				2.667,
				3.367,
				0,
				1,
				3.867,
				-2.667,
				4.367,
				-4,
				4.867,
				-4,
				1,
				5.233,
				-4,
				5.6,
				-2.87,
				5.967,
				-0.453
			]
		},
		{
			"Target": "Parameter",
			"Id": "ParamLegR2",
			"Segments": [
				0,
				0,
				1,
				0.011,
				0,
				0.022,
				0.261,
				0.033,
				0.302,
				1,
				0.7,
				2.799,
				1.367,
				4,
				2.033,
				4,
				1,
				2.533,
				4,
				3.033,
				2.667,
				3.533,
				0,
				1,
				4.033,
				-2.667,
				4.533,
				-4,
				5.033,
				-4,
				1,
				5.344,
				-4,
				5.656,
				-2.876,
				5.967,
				-0.453
			]
		},
		{
			"Target": "Parameter",
			"Id": "ParamEyeRL",
			"Segments": [
				0,
				0,
				1,
				0.033,
				0,
				0.067,
				6,
				0.1,
				6,
				1,
				0.122,
				6,
				0.144,
				6,
				0.167,
				6,
				1,
				0.222,
				6,
				0.278,
				-6,
				0.333,
				-6,
				1,
				0.356,
				-6,
				0.378,
				10.768,
				0.4,
				13,
				1,
				0.422,
				15.232,
				0.444,
				15,
				0.467,
				15,
				1,
				0.489,
				15,
				0.511,
				-9,
				0.533,
				-9,
				1,
				0.567,
				-9,
				0.6,
				-7.568,
				0.633,
				-4,
				1,
				0.656,
				-1.621,
				0.678,
				3.453,
				0.7,
				4,
				1,
				0.722,
				4.547,
				0.744,
				4.489,
				0.767,
				5,
				1,
				0.789,
				5.511,
				0.811,
				7,
				0.833,
				7,
				1,
				0.867,
				7,
				0.9,
				-11,
				0.933,
				-11,
				1,
				0.956,
				-11,
				0.978,
				7,
				1,
				7,
				1,
				1.022,
				7,
				1.044,
				-6,
				1.067,
				-6,
				1,
				1.078,
				-6,
				1.089,
				6,
				1.1,
				6,
				1,
				1.133,
				6,
				1.167,
				5.932,
				1.2,
				4,
				1,
				1.222,
				2.712,
				1.244,
				-9,
				1.267,
				-9,
				1,
				1.311,
				-9,
				1.356,
				0,
				1.4,
				0,
				1,
				1.411,
				0,
				1.422,
				-2,
				1.433,
				-2,
				1,
				1.456,
				-2,
				1.478,
				6,
				1.5,
				6,
				1,
				1.522,
				6,
				1.544,
				6,
				1.567,
				6,
				1,
				1.589,
				6,
				1.611,
				-4,
				1.633,
				-4,
				1,
				1.689,
				-4,
				1.744,
				6.579,
				1.8,
				13,
				1,
				1.822,
				15.568,
				1.844,
				15,
				1.867,
				15,
				1,
				1.889,
				15,
				1.911,
				-9,
				1.933,
				-9,
				1,
				1.956,
				-9,
				1.978,
				8,
				2,
				8,
				1,
				2.033,
				8,
				2.067,
				4,
				2.1,
				4,
				1,
				2.122,
				4,
				2.144,
				4.126,
				2.167,
				5,
				1,
				2.189,
				5.874,
				2.211,
				7,
				2.233,
				7,
				1,
				2.267,
				7,
				2.3,
				-11,
				2.333,
				-11,
				1,
				2.356,
				-11,
				2.378,
				7,
				2.4,
				7,
				1,
				2.422,
				7,
				2.444,
				-6,
				2.467,
				-6,
				1,
				2.5,
				-6,
				2.533,
				-5.548,
				2.567,
				-2,
				1,
				2.589,
				0.365,
				2.611,
				6,
				2.633,
				6,
				1,
				2.656,
				6,
				2.678,
				6,
				2.7,
				6,
				1,
				2.722,
				6,
				2.744,
				-2.728,
				2.767,
				-4,
				1,
				2.8,
				-5.909,
				2.833,
				-6,
				2.867,
				-6,
				1,
				2.911,
				-6,
				2.956,
				15,
				3,
				15,
				1,
				3.022,
				15,
				3.044,
				-9,
				3.067,
				-9,
				1,
				3.089,
				-9,
				3.111,
				8,
				3.133,
				8,
				1,
				3.144,
				8,
				3.156,
				-4,
				3.167,
				-4,
				1,
				3.189,
				-4,
				3.211,
				2.919,
				3.233,
				4,
				1,
				3.256,
				5.081,
				3.278,
				5,
				3.3,
				5,
				1,
				3.356,
				5,
				3.411,
				-11,
				3.467,
				-11,
				1,
				3.489,
				-11,
				3.511,
				7,
				3.533,
				7,
				1,
				3.556,
				7,
				3.578,
				-6,
				3.6,
				-6,
				1,
				3.611,
				-6,
				3.622,
				6,
				3.633,
				6,
				1,
				3.667,
				6,
				3.7,
				4,
				3.733,
				4,
				1,
				3.767,
				4,
				3.8,
				8,
				3.833,
				8,
				1,
				3.867,
				8,
				3.9,
				-4,
				3.933,
				-4,
				1,
				3.978,
				-4,
				4.022,
				7.873,
				4.067,
				13,
				1,
				4.089,
				15.563,
				4.111,
				15,
				4.133,
				15,
				1,
				4.156,
				15,
				4.178,
				-9,
				4.2,
				-9,
				1,
				4.222,
				-9,
				4.244,
				8,
				4.267,
				8,
				1,
				4.3,
				8,
				4.333,
				4,
				4.367,
				4,
				1,
				4.389,
				4,
				4.411,
				4.126,
				4.433,
				5,
				1,
				4.456,
				5.874,
				4.478,
				7,
				4.5,
				7,
				1,
				4.533,
				7,
				4.567,
				-11,
				4.6,
				-11,
				1,
				4.622,
				-11,
				4.644,
				7,
				4.667,
				7,
				1,
				4.689,
				7,
				4.711,
				-6,
				4.733,
				-6,
				1,
				4.767,
				-6,
				4.8,
				-5.548,
				4.833,
				-2,
				1,
				4.856,
				0.365,
				4.878,
				6,
				4.9,
				6,
				1,
				4.922,
				6,
				4.944,
				6,
				4.967,
				6,
				1,
				4.989,
				6,
				5.011,
				-2.728,
				5.033,
				-4,
				1,
				5.067,
				-5.909,
				5.1,
				-6,
				5.133,
				-6,
				1,
				5.178,
				-6,
				5.222,
				15,
				5.267,
				15,
				1,
				5.289,
				15,
				5.311,
				-9,
				5.333,
				-9,
				1,
				5.356,
				-9,
				5.378,
				8,
				5.4,
				8,
				1,
				5.411,
				8,
				5.422,
				-4,
				5.433,
				-4,
				1,
				5.456,
				-4,
				5.478,
				2.919,
				5.5,
				4,
				1,
				5.522,
				5.081,
				5.544,
				5,
				5.567,
				5,
				1,
				5.622,
				5,
				5.678,
				-11,
				5.733,
				-11,
				1,
				5.756,
				-11,
				5.778,
				7,
				5.8,
				7,
				1,
				5.822,
				7,
				5.844,
				-6,
				5.867,
				-6,
				1,
				5.878,
				-6,
				5.889,
				6,
				5.9,
				6,
				1,
				5.922,
				6,
				5.944,
				5.111,
				5.967,
				4.519
			]
		},
		{
			"Target": "Parameter",
			"Id": "ParamEyeUD",
			"Segments": [
				0,
				0,
				1,
				0.033,
				0,
				0.067,
				4,
				0.1,
				4,
				1,
				0.122,
				4,
				0.144,
				-14.649,
				0.167,
				-15,
				1,
				0.222,
				-15.877,
				0.278,
				-16,
				0.333,
				-16,
				1,
				0.356,
				-16,
				0.378,
				-16.239,
				0.4,
				-14,
				1,
				0.422,
				-11.761,
				0.444,
				6,
				0.467,
				6,
				1,
				0.489,
				6,
				0.511,
				2,
				0.533,
				2,
				1,
				0.567,
				2,
				0.6,
				10,
				0.633,
				10,
				1,
				0.656,
				10,
				0.678,
				-2,
				0.7,
				-2,
				1,
				0.722,
				-2,
				0.744,
				-1.933,
				0.767,
				0,
				1,
				0.789,
				1.933,
				0.811,
				6,
				0.833,
				6,
				1,
				0.867,
				6,
				0.9,
				6,
				0.933,
				6,
				1,
				0.956,
				6,
				0.978,
				10,
				1,
				10,
				1,
				1.022,
				10,
				1.044,
				-10,
				1.067,
				-10,
				1,
				1.078,
				-10,
				1.089,
				5,
				1.1,
				5,
				1,
				1.133,
				5,
				1.167,
				-11,
				1.2,
				-11,
				1,
				1.222,
				-11,
				1.244,
				2,
				1.267,
				2,
				1,
				1.311,
				2,
				1.356,
				1.576,
				1.4,
				0,
				1,
				1.411,
				-0.394,
				1.422,
				-8,
				1.433,
				-8,
				1,
				1.456,
				-8,
				1.478,
				4,
				1.5,
				4,
				1,
				1.522,
				4,
				1.544,
				-15,
				1.567,
				-15,
				1,
				1.589,
				-15,
				1.611,
				6,
				1.633,
				6,
				1,
				1.689,
				6,
				1.744,
				-14,
				1.8,
				-14,
				1,
				1.822,
				-14,
				1.844,
				6,
				1.867,
				6,
				1,
				1.889,
				6,
				1.911,
				4.667,
				1.933,
				2,
				1,
				1.956,
				-0.667,
				1.978,
				-2,
				2,
				-2,
				1,
				2.033,
				-2,
				2.067,
				-2,
				2.1,
				-2,
				1,
				2.122,
				-2,
				2.144,
				-1.933,
				2.167,
				0,
				1,
				2.189,
				1.933,
				2.211,
				6,
				2.233,
				6,
				1,
				2.267,
				6,
				2.3,
				6,
				2.333,
				6,
				1,
				2.356,
				6,
				2.378,
				10,
				2.4,
				10,
				1,
				2.422,
				10,
				2.444,
				-10,
				2.467,
				-10,
				1,
				2.5,
				-10,
				2.533,
				-9.926,
				2.567,
				-8,
				1,
				2.589,
				-6.716,
				2.611,
				4,
				2.633,
				4,
				1,
				2.656,
				4,
				2.678,
				-15,
				2.7,
				-15,
				1,
				2.722,
				-15,
				2.744,
				6,
				2.767,
				6,
				1,
				2.8,
				6,
				2.833,
				-16,
				2.867,
				-16,
				1,
				2.911,
				-16,
				2.956,
				6,
				3,
				6,
				1,
				3.022,
				6,
				3.044,
				4.667,
				3.067,
				2,
				1,
				3.089,
				-0.667,
				3.111,
				-2,
				3.133,
				-2,
				1,
				3.144,
				-2,
				3.156,
				10,
				3.167,
				10,
				1,
				3.189,
				10,
				3.211,
				-2,
				3.233,
				-2,
				1,
				3.256,
				-2,
				3.278,
				-0.897,
				3.3,
				0,
				1,
				3.356,
				2.242,
				3.411,
				3.568,
				3.467,
				6,
				1,
				3.489,
				6.973,
				3.511,
				10,
				3.533,
				10,
				1,
				3.556,
				10,
				3.578,
				-10,
				3.6,
				-10,
				1,
				3.611,
				-10,
				3.622,
				5,
				3.633,
				5,
				1,
				3.667,
				5,
				3.7,
				-11,
				3.733,
				-11,
				1,
				3.767,
				-11,
				3.8,
				-11.218,
				3.833,
				-8,
				1,
				3.867,
				-4.782,
				3.9,
				10,
				3.933,
				10,
				1,
				3.978,
				10,
				4.022,
				-14,
				4.067,
				-14,
				1,
				4.089,
				-14,
				4.111,
				6,
				4.133,
				6,
				1,
				4.156,
				6,
				4.178,
				4.667,
				4.2,
				2,
				1,
				4.222,
				-0.667,
				4.244,
				-2,
				4.267,
				-2,
				1,
				4.3,
				-2,
				4.333,
				-2,
				4.367,
				-2,
				1,
				4.389,
				-2,
				4.411,
				-1.933,
				4.433,
				0,
				1,
				4.456,
				1.933,
				4.478,
				6,
				4.5,
				6,
				1,
				4.533,
				6,
				4.567,
				6,
				4.6,
				6,
				1,
				4.622,
				6,
				4.644,
				10,
				4.667,
				10,
				1,
				4.689,
				10,
				4.711,
				-10,
				4.733,
				-10,
				1,
				4.767,
				-10,
				4.8,
				-9.926,
				4.833,
				-8,
				1,
				4.856,
				-6.716,
				4.878,
				4,
				4.9,
				4,
				1,
				4.922,
				4,
				4.944,
				-15,
				4.967,
				-15,
				1,
				4.989,
				-15,
				5.011,
				6,
				5.033,
				6,
				1,
				5.067,
				6,
				5.1,
				-16,
				5.133,
				-16,
				1,
				5.178,
				-16,
				5.222,
				6,
				5.267,
				6,
				1,
				5.289,
				6,
				5.311,
				4.667,
				5.333,
				2,
				1,
				5.356,
				-0.667,
				5.378,
				-2,
				5.4,
				-2,
				1,
				5.411,
				-2,
				5.422,
				10,
				5.433,
				10,
				1,
				5.456,
				10,
				5.478,
				-2,
				5.5,
				-2,
				1,
				5.522,
				-2,
				5.544,
				-0.897,
				5.567,
				0,
				1,
				5.622,
				2.242,
				5.678,
				3.568,
				5.733,
				6,
				1,
				5.756,
				6.973,
				5.778,
				10,
				5.8,
				10,
				1,
				5.822,
				10,
				5.844,
				-10,
				5.867,
				-10,
				1,
				5.878,
				-10,
				5.889,
				5,
				5.9,
				5,
				1,
				5.922,
				5,
				5.944,
				-2.111,
				5.967,
				-6.852
			]
		},
		{
			"Target": "Parameter",
			"Id": "ParamEyeBS",
			"Segments": [
				0,
				0,
				1,
				0.033,
				0,
				0.067,
				7,
				0.1,
				7,
				1,
				0.122,
				7,
				0.144,
				-19,
				0.167,
				-19,
				1,
				0.211,
				-19,
				0.256,
				18,
				0.3,
				18,
				1,
				0.322,
				18,
				0.344,
				-14,
				0.367,
				-14,
				1,
				0.389,
				-14,
				0.411,
				-8,
				0.433,
				4,
				1,
				0.456,
				16,
				0.478,
				22,
				0.5,
				22,
				1,
				0.556,
				22,
				0.611,
				21.173,
				0.667,
				16,
				1,
				0.689,
				13.931,
				0.711,
				-8,
				0.733,
				-8,
				1,
				0.756,
				-8,
				0.778,
				-8.268,
				0.8,
				-6,
				1,
				0.822,
				-3.732,
				0.844,
				19,
				0.867,
				19,
				1,
				0.889,
				19,
				0.911,
				-19,
				0.933,
				-19,
				1,
				0.967,
				-19,
				1,
				12,
				1.033,
				12,
				1,
				1.089,
				12,
				1.144,
				12,
				1.2,
				12,
				1,
				1.222,
				12,
				1.244,
				-6,
				1.267,
				-6,
				1,
				1.289,
				-6,
				1.311,
				0,
				1.333,
				0,
				1,
				1.344,
				0,
				1.356,
				-21,
				1.367,
				-21,
				1,
				1.389,
				-21,
				1.411,
				7,
				1.433,
				7,
				1,
				1.456,
				7,
				1.478,
				-19,
				1.5,
				-19,
				1,
				1.522,
				-19,
				1.544,
				13.697,
				1.567,
				16,
				1,
				1.589,
				18.303,
				1.611,
				18,
				1.633,
				18,
				1,
				1.678,
				18,
				1.722,
				4,
				1.767,
				4,
				1,
				1.789,
				4,
				1.811,
				22,
				1.833,
				22,
				1,
				1.856,
				22,
				1.878,
				-18,
				1.9,
				-18,
				1,
				1.911,
				-18,
				1.922,
				-13.543,
				1.933,
				-6,
				1,
				1.956,
				9.085,
				1.978,
				16,
				2,
				16,
				1,
				2.022,
				16,
				2.044,
				-8,
				2.067,
				-8,
				1,
				2.089,
				-8,
				2.111,
				-8.268,
				2.133,
				-6,
				1,
				2.156,
				-3.732,
				2.178,
				19,
				2.2,
				19,
				1,
				2.222,
				19,
				2.244,
				-19,
				2.267,
				-19,
				1,
				2.3,
				-19,
				2.333,
				12,
				2.367,
				12,
				1,
				2.4,
				12,
				2.433,
				-0.285,
				2.467,
				-10,
				1,
				2.5,
				-19.715,
				2.533,
				-21,
				2.567,
				-21,
				1,
				2.589,
				-21,
				2.611,
				7,
				2.633,
				7,
				1,
				2.656,
				7,
				2.678,
				-19,
				2.7,
				-19,
				1,
				2.722,
				-19,
				2.744,
				13.697,
				2.767,
				16,
				1,
				2.789,
				18.303,
				2.811,
				18,
				2.833,
				18,
				1,
				2.856,
				18,
				2.878,
				-14,
				2.9,
				-14,
				1,
				2.922,
				-14,
				2.944,
				-8,
				2.967,
				4,
				1,
				2.989,
				16,
				3.011,
				22,
				3.033,
				22,
				1,
				3.056,
				22,
				3.078,
				-18,
				3.1,
				-18,
				1,
				3.111,
				-18,
				3.122,
				-13.543,
				3.133,
				-6,
				1,
				3.156,
				9.085,
				3.178,
				16,
				3.2,
				16,
				1,
				3.222,
				16,
				3.244,
				-8,
				3.267,
				-8,
				1,
				3.289,
				-8,
				3.311,
				-6,
				3.333,
				-6,
				1,
				3.378,
				-6,
				3.422,
				-19,
				3.467,
				-19,
				1,
				3.5,
				-19,
				3.533,
				12,
				3.567,
				12,
				1,
				3.6,
				12,
				3.633,
				-10,
				3.667,
				-10,
				1,
				3.689,
				-10,
				3.711,
				12,
				3.733,
				12,
				1,
				3.756,
				12,
				3.778,
				-6,
				3.8,
				-6,
				1,
				3.822,
				-6,
				3.844,
				11,
				3.867,
				11,
				1,
				3.922,
				11,
				3.978,
				4,
				4.033,
				4,
				1,
				4.056,
				4,
				4.078,
				22,
				4.1,
				22,
				1,
				4.122,
				22,
				4.144,
				-18,
				4.167,
				-18,
				1,
				4.178,
				-18,
				4.189,
				-13.543,
				4.2,
				-6,
				1,
				4.222,
				9.085,
				4.244,
				16,
				4.267,
				16,
				1,
				4.289,
				16,
				4.311,
				-8,
				4.333,
				-8,
				1,
				4.356,
				-8,
				4.378,
				-8.268,
				4.4,
				-6,
				1,
				4.422,
				-3.732,
				4.444,
				19,
				4.467,
				19,
				1,
				4.489,
				19,
				4.511,
				-19,
				4.533,
				-19,
				1,
				4.567,
				-19,
				4.6,
				12,
				4.633,
				12,
				1,
				4.667,
				12,
				4.7,
				-0.285,
				4.733,
				-10,
				1,
				4.767,
				-19.715,
				4.8,
				-21,
				4.833,
				-21,
				1,
				4.856,
				-21,
				4.878,
				7,
				4.9,
				7,
				1,
				4.922,
				7,
				4.944,
				-19,
				4.967,
				-19,
				1,
				4.989,
				-19,
				5.011,
				13.697,
				5.033,
				16,
				1,
				5.056,
				18.303,
				5.078,
				18,
				5.1,
				18,
				1,
				5.122,
				18,
				5.144,
				-14,
				5.167,
				-14,
				1,
				5.189,
				-14,
				5.211,
				-8,
				5.233,
				4,
				1,
				5.256,
				16,
				5.278,
				22,
				5.3,
				22,
				1,
				5.322,
				22,
				5.344,
				-18,
				5.367,
				-18,
				1,
				5.378,
				-18,
				5.389,
				-13.543,
				5.4,
				-6,
				1,
				5.422,
				9.085,
				5.444,
				16,
				5.467,
				16,
				1,
				5.489,
				16,
				5.511,
				-8,
				5.533,
				-8,
				1,
				5.556,
				-8,
				5.578,
				-6,
				5.6,
				-6,
				1,
				5.644,
				-6,
				5.689,
				-19,
				5.733,
				-19,
				1,
				5.767,
				-19,
				5.8,
				12,
				5.833,
				12,
				1,
				5.867,
				12,
				5.9,
				-10,
				5.933,
				-10,
				1,
				5.944,
				-10,
				5.956,
				-4.5,
				5.967,
				1
			]
		},
		{
			"Target": "Parameter",
			"Id": "ParamPaiRX",
			"Segments": [
				0,
				-12.95,
				1,
				0.533,
				-12.95,
				1.067,
				-9.031,
				1.6,
				0,
				1,
				2.1,
				8.466,
				2.6,
				13.36,
				3.1,
				13.36,
				1,
				3.6,
				13.36,
				4.1,
				9.069,
				4.6,
				0,
				1,
				5.056,
				-8.263,
				5.511,
				-12.735,
				5.967,
				-12.943
			]
		},
		{
			"Target": "Parameter",
			"Id": "ParamPaiRY",
			"Segments": [
				0,
				-1,
				1,
				0.011,
				-1,
				0.022,
				-0.726,
				0.033,
				-0.438,
				1,
				0.556,
				13.092,
				1.078,
				19.76,
				1.6,
				19.76,
				1,
				2.1,
				19.76,
				2.6,
				12.312,
				3.1,
				-1,
				1,
				3.6,
				-14.312,
				4.1,
				-20.24,
				4.6,
				-20.24,
				1,
				5.056,
				-20.24,
				5.511,
				-14.147,
				5.967,
				-1.679
			]
		},
		{
			"Target": "Parameter",
			"Id": "ParamPaiRX2",
			"Segments": [
				0,
				-14,
				1,
				0.467,
				-14,
				0.933,
				-7.902,
				1.4,
				1,
				1,
				1.9,
				10.538,
				2.4,
				14,
				2.9,
				14,
				1,
				3.4,
				14,
				3.9,
				9.022,
				4.4,
				0,
				1,
				4.922,
				-9.423,
				5.444,
				-13.815,
				5.967,
				-13.994
			]
		},
		{
			"Target": "Parameter",
			"Id": "ParamPaiRY2",
			"Segments": [
				0,
				1,
				1,
				0.011,
				1,
				0.022,
				1.461,
				0.033,
				1.6,
				1,
				0.489,
				7.283,
				0.944,
				10,
				1.4,
				10,
				1,
				1.9,
				10,
				2.4,
				5.597,
				2.9,
				-1,
				1,
				3.4,
				-7.597,
				3.9,
				-10,
				4.4,
				-10,
				1,
				4.922,
				-10,
				5.444,
				-6.604,
				5.967,
				0.438
			]
		},
		{
			"Target": "Parameter",
			"Id": "ParamBreat",
			"Segments": [
				0,
				0.5,
				1,
				0.011,
				0.5,
				0.022,
				0.535,
				0.033,
				0.542,
				1,
				0.522,
				0.853,
				1.011,
				1,
				1.5,
				1,
				1,
				2,
				1,
				2.5,
				0.815,
				3,
				0.5,
				1,
				3.556,
				0.15,
				4.111,
				0,
				4.667,
				0,
				1,
				5.1,
				0,
				5.533,
				0.148,
				5.967,
				0.46
			]
		},
		{
			"Target": "Parameter",
			"Id": "ParamSkart",
			"Segments": [
				0,
				0,
				1,
				0.011,
				0,
				0.022,
				-0.192,
				0.033,
				-0.25,
				1,
				0.522,
				-2.787,
				1.011,
				-4,
				1.5,
				-4,
				1,
				2,
				-4,
				2.5,
				-3.198,
				3,
				0,
				1,
				3.5,
				3.198,
				4,
				6,
				4.5,
				6,
				1,
				4.989,
				6,
				5.478,
				4.153,
				5.967,
				0.312
			]
		},
		{
			"Target": "Parameter",
			"Id": "Param_Angle_Rotation6",
			"Segments": [
				0,
				0,
				1,
				0.011,
				0,
				0.022,
				-0.268,
				0.033,
				-0.37,
				1,
				0.522,
				-4.847,
				1.011,
				-7,
				1.5,
				-7,
				1,
				2,
				-7,
				2.5,
				-3.887,
				3,
				0,
				1,
				3.5,
				3.887,
				4,
				5,
				4.5,
				5,
				1,
				4.989,
				5,
				5.478,
				3.455,
				5.967,
				0.247
			]
		},
		{
			"Target": "Parameter",
			"Id": "Param_Angle_Rotation7",
			"Segments": [
				0,
				1.56,
				1,
				0.011,
				1.56,
				0.022,
				1.456,
				0.033,
				1.377,
				1,
				0.133,
				0.662,
				0.233,
				0.056,
				0.333,
				-0.69,
				1,
				0.889,
				-4.834,
				1.444,
				-7,
				2,
				-7,
				1,
				2.5,
				-7,
				3,
				-4.307,
				3.5,
				0,
				1,
				4,
				4.307,
				4.5,
				6,
				5,
				6,
				1,
				5.322,
				6,
				5.644,
				4.274,
				5.967,
				1.817
			]
		},
		{
			"Target": "Parameter",
			"Id": "Param_Angle_Rotation2",
			"Segments": [
				0,
				0,
				1,
				0.011,
				0,
				0.022,
				0.113,
				0.033,
				0.187,
				1,
				0.522,
				3.425,
				1.011,
				5,
				1.5,
				5,
				1,
				2,
				5,
				2.5,
				3.333,
				3,
				0,
				1,
				3.5,
				-3.333,
				4,
				-5,
				4.5,
				-5,
				1,
				4.989,
				-5,
				5.478,
				-3.526,
				5.967,
				-0.427
			]
		},
		{
			"Target": "Parameter",
			"Id": "Param_Angle_Rotation3",
			"Segments": [
				0,
				-1.3,
				1,
				0.011,
				-1.3,
				0.022,
				-1.083,
				0.033,
				-0.998,
				1,
				0.144,
				-0.149,
				0.256,
				0.765,
				0.367,
				1.413,
				1,
				0.911,
				4.591,
				1.456,
				6,
				2,
				6,
				1,
				2.5,
				6,
				3,
				3.636,
				3.5,
				0,
				1,
				4,
				-3.636,
				4.5,
				-5,
				5,
				-5,
				1,
				5.322,
				-5,
				5.644,
				-3.562,
				5.967,
				-1.514
			]
		},
		{
			"Target": "Parameter",
			"Id": "Param_Angle_Rotation4",
			"Segments": [
				0,
				-4.44,
				1,
				0.011,
				-4.44,
				0.022,
				-4.35,
				0.033,
				-4.285,
				1,
				0.333,
				-2.531,
				0.633,
				-0.959,
				0.933,
				0.905,
				1,
				1.456,
				4.15,
				1.978,
				6,
				2.5,
				6,
				1,
				3,
				6,
				3.5,
				4,
				4,
				0,
				1,
				4.5,
				-4,
				5,
				-6,
				5.5,
				-6,
				1,
				5.656,
				-6,
				5.811,
				-5.77,
				5.967,
				-4.686
			]
		},
		{
			"Target": "Parameter",
			"Id": "Param_Angle_Rotation10",
			"Segments": [
				0,
				0,
				1,
				0.011,
				0,
				0.022,
				-0.101,
				0.033,
				-0.16,
				1,
				0.522,
				-2.746,
				1.011,
				-4,
				1.5,
				-4,
				1,
				2,
				-4,
				2.5,
				-3.198,
				3,
				0,
				1,
				3.5,
				3.198,
				4,
				6,
				4.5,
				6,
				1,
				4.989,
				6,
				5.478,
				4.123,
				5.967,
				0.249
			]
		},
		{
			"Target": "Parameter",
			"Id": "Param_Angle_Rotation11",
			"Segments": [
				0,
				1.56,
				1,
				0.011,
				1.56,
				0.022,
				1.482,
				0.033,
				1.432,
				1,
				0.189,
				0.73,
				0.344,
				0.083,
				0.5,
				-0.615,
				1,
				1,
				-2.856,
				1.5,
				-4,
				2,
				-4,
				1,
				2.5,
				-4,
				3,
				-3.198,
				3.5,
				0,
				1,
				4,
				3.198,
				4.5,
				6,
				5,
				6,
				1,
				5.322,
				6,
				5.644,
				4.274,
				5.967,
				1.817
			]
		},
		{
			"Target": "Parameter",
			"Id": "Param_Angle_Rotation12",
			"Segments": [
				0,
				4.44,
				1,
				0.011,
				4.44,
				0.022,
				4.271,
				0.033,
				4.221,
				1,
				0.356,
				2.782,
				0.678,
				1.333,
				1,
				0,
				1,
				1.5,
				-2.068,
				2,
				-3,
				2.5,
				-3,
				1,
				3,
				-3,
				3.5,
				-2.663,
				4,
				0,
				1,
				4.5,
				2.663,
				5,
				6,
				5.5,
				6,
				1,
				5.656,
				6,
				5.811,
				5.77,
				5.967,
				4.686
			]
		},
		{
			"Target": "Parameter",
			"Id": "Param_Angle_Rotation14",
			"Segments": [
				0,
				0,
				1,
				0.011,
				0,
				0.022,
				-0.158,
				0.033,
				-0.216,
				1,
				0.522,
				-2.772,
				1.011,
				-4,
				1.5,
				-4,
				1,
				2,
				-4,
				2.5,
				-2.963,
				3,
				0,
				1,
				3.5,
				2.963,
				4,
				5,
				4.5,
				5,
				1,
				4.989,
				5,
				5.478,
				3.425,
				5.967,
				0.187
			]
		},
		{
			"Target": "Parameter",
			"Id": "Param_Angle_Rotation15",
			"Segments": [
				0,
				1.267,
				1,
				0.011,
				1.267,
				0.022,
				1.175,
				0.033,
				1.114,
				1,
				0.178,
				0.319,
				0.322,
				-0.474,
				0.467,
				-1.201,
				1,
				0.978,
				-3.775,
				1.489,
				-5,
				2,
				-5,
				1,
				2.5,
				-5,
				3,
				-3.333,
				3.5,
				0,
				1,
				4,
				3.333,
				4.5,
				5,
				5,
				5,
				1,
				5.322,
				5,
				5.644,
				3.519,
				5.967,
				1.48
			]
		},
		{
			"Target": "Parameter",
			"Id": "Param_Angle_Rotation16",
			"Segments": [
				0,
				3.7,
				1,
				0.011,
				3.7,
				0.022,
				3.576,
				0.033,
				3.515,
				1,
				0.333,
				1.876,
				0.633,
				0.165,
				0.933,
				-1.313,
				1,
				1.456,
				-3.886,
				1.978,
				-5,
				2.5,
				-5,
				1,
				3,
				-5,
				3.5,
				-3.333,
				4,
				0,
				1,
				4.5,
				3.333,
				5,
				5,
				5.5,
				5,
				1,
				5.656,
				5,
				5.811,
				4.809,
				5.967,
				3.905
			]
		},
		{
			"Target": "Parameter",
			"Id": "Param_Angle_Rotation18",
			"Segments": [
				0,
				-0.06,
				1,
				0.011,
				-0.06,
				0.022,
				-0.029,
				0.033,
				0,
				1,
				0.556,
				1.341,
				1.078,
				2,
				1.6,
				2,
				1,
				2.1,
				2,
				2.6,
				1.903,
				3.1,
				0,
				1,
				3.6,
				-1.903,
				4.1,
				-5,
				4.6,
				-5,
				1,
				5.056,
				-5,
				5.511,
				-3.461,
				5.967,
				-0.278
			]
		},
		{
			"Target": "Parameter",
			"Id": "Param_Angle_Rotation19",
			"Segments": [
				0,
				-1.76,
				1,
				0.011,
				-1.76,
				0.022,
				-1.724,
				0.033,
				-1.69,
				1,
				0.222,
				-1.117,
				0.411,
				-0.519,
				0.6,
				0,
				1,
				1.1,
				1.373,
				1.6,
				2,
				2.1,
				2,
				1,
				2.6,
				2,
				3.1,
				1.837,
				3.6,
				0,
				1,
				4.044,
				-1.633,
				4.489,
				-4.276,
				4.933,
				-4.276,
				1,
				5.278,
				-4.276,
				5.622,
				-3.608,
				5.967,
				-1.926
			]
		},
		{
			"Target": "Parameter",
			"Id": "Param_Angle_Rotation20",
			"Segments": [
				0,
				-4.95,
				1,
				0.011,
				-4.95,
				0.022,
				-4.813,
				0.033,
				-4.762,
				1,
				0.389,
				-3.145,
				0.744,
				-1.486,
				1.1,
				0,
				1,
				1.6,
				2.09,
				2.1,
				3,
				2.6,
				3,
				1,
				3.1,
				3,
				3.6,
				2.663,
				4.1,
				0,
				1,
				4.6,
				-2.663,
				5.1,
				-6,
				5.6,
				-6,
				1,
				5.722,
				-6,
				5.844,
				-5.964,
				5.967,
				-5.182
			]
		},
		{
			"Target": "Parameter",
			"Id": "Param_Angle_Rotation21",
			"Segments": [
				0,
				-7.93,
				1,
				0.533,
				-7.93,
				1.067,
				-4.995,
				1.6,
				0,
				1,
				2.1,
				4.682,
				2.6,
				6.634,
				3.1,
				6.634,
				1,
				3.6,
				6.634,
				4.1,
				4.944,
				4.6,
				0,
				1,
				5.056,
				-4.504,
				5.511,
				-7.771,
				5.967,
				-7.924
			]
		},
		{
			"Target": "Parameter",
			"Id": "Param_Angle_Rotation29",
			"Segments": [
				0,
				0.06,
				1,
				0.011,
				0.06,
				0.022,
				-0.039,
				0.033,
				-0.095,
				1,
				0.556,
				-2.724,
				1.078,
				-4,
				1.6,
				-4,
				1,
				2.1,
				-4,
				2.6,
				-2.963,
				3.1,
				0,
				1,
				3.6,
				2.963,
				4.1,
				5,
				4.6,
				5,
				1,
				5.056,
				5,
				5.511,
				3.476,
				5.967,
				0.308
			]
		},
		{
			"Target": "Parameter",
			"Id": "Param_Angle_Rotation30",
			"Segments": [
				0,
				1.41,
				1,
				0.011,
				1.41,
				0.022,
				1.28,
				0.033,
				1.226,
				1,
				0.2,
				0.416,
				0.367,
				-0.47,
				0.533,
				-1.117,
				1,
				1.056,
				-3.144,
				1.578,
				-4,
				2.1,
				-4,
				1,
				2.6,
				-4,
				3.1,
				-2.667,
				3.6,
				0,
				1,
				4.1,
				2.667,
				4.6,
				4,
				5.1,
				4,
				1,
				5.389,
				4,
				5.678,
				3.067,
				5.967,
				1.584
			]
		},
		{
			"Target": "Parameter",
			"Id": "Param_Angle_Rotation31",
			"Segments": [
				0,
				3.3,
				1,
				0.011,
				3.3,
				0.022,
				3.163,
				0.033,
				3.117,
				1,
				0.378,
				1.7,
				0.722,
				0.3,
				1.067,
				-1.05,
				1,
				1.578,
				-3.054,
				2.089,
				-4,
				2.6,
				-4,
				1,
				3.1,
				-4,
				3.6,
				-2.667,
				4.1,
				0,
				1,
				4.6,
				2.667,
				5.1,
				4,
				5.6,
				4,
				1,
				5.722,
				4,
				5.844,
				3.976,
				5.967,
				3.455
			]
		},
		{
			"Target": "Parameter",
			"Id": "Param_Angle_Rotation33",
			"Segments": [
				0,
				0,
				1,
				0.011,
				0,
				0.022,
				-0.128,
				0.033,
				-0.186,
				1,
				0.522,
				-2.759,
				1.011,
				-4,
				1.5,
				-4,
				1,
				2,
				-4,
				2.5,
				-2.667,
				3,
				0,
				1,
				3.5,
				2.667,
				4,
				4,
				4.5,
				4,
				1,
				4.989,
				4,
				5.478,
				2.759,
				5.967,
				0.186
			]
		},
		{
			"Target": "Parameter",
			"Id": "Param_Angle_Rotation34",
			"Segments": [
				0,
				1.04,
				1,
				0.011,
				1.04,
				0.022,
				0.942,
				0.033,
				0.887,
				1,
				0.167,
				0.224,
				0.3,
				-0.5,
				0.433,
				-1.028,
				1,
				0.956,
				-3.096,
				1.478,
				-4,
				2,
				-4,
				1,
				2.5,
				-4,
				3,
				-2.667,
				3.5,
				0,
				1,
				4,
				2.667,
				4.5,
				4,
				5,
				4,
				1,
				5.322,
				4,
				5.644,
				2.85,
				5.967,
				1.211
			]
		},
		{
			"Target": "Parameter",
			"Id": "Param_Angle_Rotation35",
			"Segments": [
				0,
				2.96,
				1,
				0.011,
				2.96,
				0.022,
				2.856,
				0.033,
				2.806,
				1,
				0.344,
				1.414,
				0.656,
				-0.11,
				0.967,
				-1.296,
				1,
				1.478,
				-3.244,
				1.989,
				-4,
				2.5,
				-4,
				1,
				3,
				-4,
				3.5,
				-2.667,
				4,
				0,
				1,
				4.5,
				2.667,
				5,
				4,
				5.5,
				4,
				1,
				5.656,
				4,
				5.811,
				3.847,
				5.967,
				3.124
			]
		},
		{
			"Target": "Parameter",
			"Id": "Param_Angle_Rotation37",
			"Segments": [
				0,
				0,
				1,
				0.011,
				0,
				0.022,
				-0.097,
				0.033,
				-0.156,
				1,
				0.522,
				-2.744,
				1.011,
				-4,
				1.5,
				-4,
				1,
				2,
				-4,
				2.5,
				-2.963,
				3,
				0,
				1,
				3.5,
				2.963,
				4,
				5,
				4.5,
				5,
				1,
				4.989,
				5,
				5.478,
				3.425,
				5.967,
				0.187
			]
		},
		{
			"Target": "Parameter",
			"Id": "Param_Angle_Rotation38",
			"Segments": [
				0,
				1.04,
				1,
				0.011,
				1.04,
				0.022,
				0.906,
				0.033,
				0.857,
				1,
				0.178,
				0.223,
				0.322,
				-0.381,
				0.467,
				-0.961,
				1,
				0.978,
				-3.012,
				1.489,
				-4,
				2,
				-4,
				1,
				2.5,
				-4,
				3,
				-2.667,
				3.5,
				0,
				1,
				4,
				2.667,
				4.5,
				4,
				5,
				4,
				1,
				5.322,
				4,
				5.644,
				2.85,
				5.967,
				1.211
			]
		},
		{
			"Target": "Parameter",
			"Id": "Param_Angle_Rotation39",
			"Segments": [
				0,
				4.44,
				1,
				0.011,
				4.44,
				0.022,
				4.25,
				0.033,
				4.192,
				1,
				0.356,
				2.507,
				0.678,
				0.73,
				1,
				-0.754,
				1,
				1.5,
				-3.057,
				2,
				-4,
				2.5,
				-4,
				1,
				3,
				-4,
				3.5,
				-3.198,
				4,
				0,
				1,
				4.5,
				3.198,
				5,
				6,
				5.5,
				6,
				1,
				5.656,
				6,
				5.811,
				5.77,
				5.967,
				4.686
			]
		},
		{
			"Target": "Parameter",
			"Id": "Param_Angle_Rotation40",
			"Segments": [
				0,
				4,
				1,
				0.5,
				4,
				1,
				2.667,
				1.5,
				0,
				1,
				2,
				-2.667,
				2.5,
				-4,
				3,
				-4,
				1,
				3.5,
				-4,
				4,
				-2.667,
				4.5,
				0,
				1,
				4.989,
				2.607,
				5.478,
				3.94,
				5.967,
				3.998
			]
		},
		{
			"Target": "Parameter",
			"Id": "Param_Angle_Rotation42",
			"Segments": [
				0,
				0,
				1,
				0.5,
				0,
				1,
				0,
				1.5,
				0,
				1,
				2,
				0,
				2.5,
				0,
				3,
				0,
				1,
				3.5,
				0,
				4,
				0,
				4.5,
				0,
				1,
				4.989,
				0,
				5.478,
				0,
				5.967,
				0
			]
		},
		{
			"Target": "Parameter",
			"Id": "Param_Angle_Rotation43",
			"Segments": [
				0,
				1.04,
				1,
				0.022,
				1.04,
				0.044,
				0.735,
				0.067,
				0.603,
				1,
				0.711,
				-3.202,
				1.356,
				-5,
				2,
				-5,
				1,
				2.5,
				-5,
				3,
				-2.963,
				3.5,
				0,
				1,
				4,
				2.963,
				4.5,
				4,
				5,
				4,
				1,
				5.322,
				4,
				5.644,
				2.85,
				5.967,
				1.211
			]
		},
		{
			"Target": "Parameter",
			"Id": "Param_Angle_Rotation44",
			"Segments": [
				0,
				4.44,
				1,
				0.011,
				4.44,
				0.022,
				4.286,
				0.033,
				4.222,
				1,
				0.322,
				2.547,
				0.611,
				0.62,
				0.9,
				-0.698,
				1,
				1.433,
				-3.133,
				1.967,
				-4,
				2.5,
				-4,
				1,
				3,
				-4,
				3.5,
				-3.198,
				4,
				0,
				1,
				4.5,
				3.198,
				5,
				6,
				5.5,
				6,
				1,
				5.656,
				6,
				5.811,
				5.77,
				5.967,
				4.686
			]
		},
		{
			"Target": "Parameter",
			"Id": "Param_Angle_Rotation46",
			"Segments": [
				0,
				0,
				1,
				0.5,
				0,
				1,
				0,
				1.5,
				0,
				1,
				2,
				0,
				2.5,
				0,
				3,
				0,
				1,
				3.5,
				0,
				4,
				0,
				4.5,
				0,
				1,
				4.989,
				0,
				5.478,
				0,
				5.967,
				0
			]
		},
		{
			"Target": "Parameter",
			"Id": "Param_Angle_Rotation47",
			"Segments": [
				0,
				-1.3,
				1,
				0.011,
				-1.3,
				0.022,
				-1.171,
				0.033,
				-1.114,
				1,
				0.178,
				-0.378,
				0.322,
				0.415,
				0.467,
				1.006,
				1,
				0.978,
				3.095,
				1.489,
				4,
				2,
				4,
				1,
				2.5,
				4,
				3,
				2.963,
				3.5,
				0,
				1,
				4,
				-2.963,
				4.5,
				-5,
				5,
				-5,
				1,
				5.322,
				-5,
				5.644,
				-3.562,
				5.967,
				-1.514
			]
		},
		{
			"Target": "Parameter",
			"Id": "Param_Angle_Rotation48",
			"Segments": [
				0,
				-4.44,
				1,
				0.011,
				-4.44,
				0.022,
				-4.309,
				0.033,
				-4.252,
				1,
				0.344,
				-2.656,
				0.656,
				-1.04,
				0.967,
				0.447,
				1,
				1.478,
				2.889,
				1.989,
				4,
				2.5,
				4,
				1,
				3,
				4,
				3.5,
				3.198,
				4,
				0,
				1,
				4.5,
				-3.198,
				5,
				-6,
				5.5,
				-6,
				1,
				5.656,
				-6,
				5.811,
				-5.77,
				5.967,
				-4.686
			]
		},
		{
			"Target": "Parameter",
			"Id": "Param_Angle_Rotation72",
			"Segments": [
				0,
				-0.29,
				1,
				0.011,
				-0.29,
				0.022,
				-0.068,
				0.033,
				0,
				1,
				0.589,
				3.376,
				1.144,
				5,
				1.7,
				5,
				1,
				2.2,
				5,
				2.7,
				3.636,
				3.2,
				0,
				1,
				3.7,
				-3.636,
				4.2,
				-6,
				4.7,
				-6,
				1,
				5.122,
				-6,
				5.544,
				-4.345,
				5.967,
				-0.841
			]
		},
		{
			"Target": "Parameter",
			"Id": "Param_Angle_Rotation73",
			"Segments": [
				0,
				-2.7,
				1,
				0.011,
				-2.7,
				0.022,
				-2.606,
				0.033,
				-2.543,
				1,
				0.244,
				-1.343,
				0.456,
				-0.142,
				0.667,
				0.983,
				1,
				1.178,
				3.708,
				1.689,
				5,
				2.2,
				5,
				1,
				2.7,
				5,
				3.2,
				3.636,
				3.7,
				0,
				1,
				4.2,
				-3.636,
				4.7,
				-6,
				5.2,
				-6,
				1,
				5.456,
				-6,
				5.711,
				-4.926,
				5.967,
				-2.961
			]
		},
		{
			"Target": "Parameter",
			"Id": "Param_Angle_Rotation74",
			"Segments": [
				0,
				-5.38,
				1,
				0.4,
				-5.38,
				0.8,
				-3.009,
				1.2,
				0,
				1,
				1.7,
				3.761,
				2.2,
				5,
				2.7,
				5,
				1,
				3.2,
				5,
				3.7,
				3.136,
				4.2,
				0,
				1,
				4.789,
				-3.694,
				5.378,
				-5.319,
				5.967,
				-5.378
			]
		},
		{
			"Target": "Parameter",
			"Id": "Param_Angle_Rotation76",
			"Segments": [
				0,
				-0.19,
				1,
				0.011,
				-0.19,
				0.022,
				-0.017,
				0.033,
				0.05,
				1,
				0.589,
				3.388,
				1.144,
				5,
				1.7,
				5,
				1,
				2.2,
				5,
				2.7,
				2.963,
				3.2,
				0,
				1,
				3.7,
				-2.963,
				4.2,
				-4,
				4.7,
				-4,
				1,
				5.122,
				-4,
				5.544,
				-2.837,
				5.967,
				-0.407
			]
		},
		{
			"Target": "Parameter",
			"Id": "Param_Angle_Rotation77",
			"Segments": [
				0,
				-2.25,
				1,
				0.011,
				-2.25,
				0.022,
				-2.148,
				0.033,
				-2.095,
				1,
				0.244,
				-1.092,
				0.456,
				-0.253,
				0.667,
				0.838,
				1,
				1.178,
				3.48,
				1.689,
				5,
				2.2,
				5,
				1,
				2.7,
				5,
				3.2,
				3.333,
				3.7,
				0,
				1,
				4.2,
				-3.333,
				4.7,
				-5,
				5.2,
				-5,
				1,
				5.456,
				-5,
				5.711,
				-4.105,
				5.967,
				-2.468
			]
		},
		{
			"Target": "Parameter",
			"Id": "Param_Angle_Rotation78",
			"Segments": [
				0,
				-3.58,
				1,
				0.4,
				-3.58,
				0.8,
				-2.534,
				1.2,
				0,
				1,
				1.7,
				3.168,
				2.2,
				5,
				2.7,
				5,
				1,
				3.2,
				5,
				3.7,
				2.434,
				4.2,
				0,
				1,
				4.789,
				-2.867,
				5.378,
				-3.555,
				5.967,
				-3.579
			]
		},
		{
			"Target": "Parameter",
			"Id": "Param_Angle_Rotation79",
			"Segments": [
				0,
				-3.94,
				1,
				0.567,
				-3.94,
				1.133,
				-3.063,
				1.7,
				0,
				1,
				2.2,
				2.703,
				2.7,
				5,
				3.2,
				5,
				1,
				3.7,
				5,
				4.2,
				3.186,
				4.7,
				0,
				1,
				5.122,
				-2.69,
				5.544,
				-3.878,
				5.967,
				-3.938
			]
		},
		{
			"Target": "Parameter",
			"Id": "Param_Angle_Rotation50",
			"Segments": [
				0,
				-0.03,
				1,
				0.022,
				-0.03,
				0.044,
				0.034,
				0.067,
				0.061,
				1,
				0.6,
				0.702,
				1.133,
				1,
				1.667,
				1,
				1,
				2.167,
				1,
				2.667,
				0.667,
				3.167,
				0,
				1,
				3.667,
				-0.667,
				4.167,
				-1,
				4.667,
				-1,
				1,
				5.1,
				-1,
				5.533,
				-0.734,
				5.967,
				-0.081
			]
		},
		{
			"Target": "Parameter",
			"Id": "Param_Angle_Rotation51",
			"Segments": [
				0,
				-0.42,
				1,
				0.011,
				-0.42,
				0.022,
				-0.373,
				0.033,
				-0.359,
				1,
				0.189,
				-0.16,
				0.344,
				0.056,
				0.5,
				0.211,
				1,
				1.056,
				0.764,
				1.611,
				1,
				2.167,
				1,
				1,
				2.667,
				1,
				3.167,
				0.667,
				3.667,
				0,
				1,
				4.167,
				-0.667,
				4.667,
				-1,
				5.167,
				-1,
				1,
				5.433,
				-1,
				5.7,
				-0.806,
				5.967,
				-0.464
			]
		},
		{
			"Target": "Parameter",
			"Id": "Param_Angle_Rotation52",
			"Segments": [
				0,
				-0.87,
				1,
				0.389,
				-0.87,
				0.778,
				-0.544,
				1.167,
				0,
				1,
				1.667,
				0.699,
				2.167,
				1,
				2.667,
				1,
				1,
				3.167,
				1,
				3.667,
				0.545,
				4.167,
				0,
				1,
				4.767,
				-0.654,
				5.367,
				-0.862,
				5.967,
				-0.87
			]
		},
		{
			"Target": "Parameter",
			"Id": "Param_Angle_Rotation53",
			"Segments": [
				0,
				-0.99,
				1,
				0.556,
				-0.99,
				1.111,
				-0.696,
				1.667,
				0,
				1,
				2.167,
				0.626,
				2.667,
				1,
				3.167,
				1,
				1,
				3.667,
				1,
				4.167,
				0.7,
				4.667,
				0,
				1,
				5.1,
				-0.607,
				5.533,
				-0.971,
				5.967,
				-0.989
			]
		},
		{
			"Target": "Parameter",
			"Id": "Param_Angle_Rotation54",
			"Segments": [
				0,
				-0.8,
				1,
				0.011,
				-0.8,
				0.022,
				-0.825,
				0.033,
				-0.831,
				1,
				0.244,
				-0.948,
				0.456,
				-1,
				0.667,
				-1,
				1,
				1.167,
				-1,
				1.667,
				-0.667,
				2.167,
				0,
				1,
				2.667,
				0.667,
				3.167,
				1,
				3.667,
				1,
				1,
				4.167,
				1,
				4.667,
				0.585,
				5.167,
				0,
				1,
				5.433,
				-0.312,
				5.7,
				-0.649,
				5.967,
				-0.784
			]
		},
		{
			"Target": "Parameter",
			"Id": "Param_Angle_Rotation55",
			"Segments": [
				0,
				-0.4,
				1,
				0.011,
				-0.4,
				0.022,
				-0.42,
				0.033,
				-0.431,
				1,
				0.411,
				-0.815,
				0.789,
				-1,
				1.167,
				-1,
				1,
				1.667,
				-1,
				2.167,
				-0.667,
				2.667,
				0,
				1,
				3.167,
				0.667,
				3.667,
				1,
				4.167,
				1,
				1,
				4.667,
				1,
				5.167,
				0.653,
				5.667,
				0,
				1,
				5.767,
				-0.131,
				5.867,
				-0.255,
				5.967,
				-0.364
			]
		},
		{
			"Target": "Parameter",
			"Id": "Param_Angle_Rotation56",
			"Segments": [
				0,
				0.21,
				1,
				0.011,
				0.21,
				0.022,
				0.184,
				0.033,
				0.166,
				1,
				0.089,
				0.075,
				0.144,
				-0.019,
				0.2,
				-0.089,
				1,
				0.689,
				-0.708,
				1.178,
				-1,
				1.667,
				-1,
				1,
				2.167,
				-1,
				2.667,
				-0.667,
				3.167,
				0,
				1,
				3.667,
				0.667,
				4.167,
				1,
				4.667,
				1,
				1,
				5.1,
				1,
				5.533,
				0.753,
				5.967,
				0.249
			]
		},
		{
			"Target": "Parameter",
			"Id": "Param_Angle_Rotation58",
			"Segments": [
				0,
				0.03,
				1,
				0.011,
				0.03,
				0.022,
				0.014,
				0.033,
				0,
				1,
				0.578,
				-0.671,
				1.122,
				-1,
				1.667,
				-1,
				1,
				2.167,
				-1,
				2.667,
				-0.667,
				3.167,
				0,
				1,
				3.667,
				0.667,
				4.167,
				1,
				4.667,
				1,
				1,
				5.1,
				1,
				5.533,
				0.729,
				5.967,
				0.081
			]
		},
		{
			"Target": "Parameter",
			"Id": "Param_Angle_Rotation59",
			"Segments": [
				0,
				0.42,
				1,
				0.011,
				0.42,
				0.022,
				0.401,
				0.033,
				0.389,
				1,
				0.233,
				0.18,
				0.433,
				-0.019,
				0.633,
				-0.222,
				1,
				1.144,
				-0.741,
				1.656,
				-1,
				2.167,
				-1,
				1,
				2.667,
				-1,
				3.167,
				-0.667,
				3.667,
				0,
				1,
				4.167,
				0.667,
				4.667,
				1,
				5.167,
				1,
				1,
				5.433,
				1,
				5.7,
				0.806,
				5.967,
				0.464
			]
		},
		{
			"Target": "Parameter",
			"Id": "Param_Angle_Rotation60",
			"Segments": [
				0,
				0.87,
				1,
				0.389,
				0.87,
				0.778,
				0.544,
				1.167,
				0,
				1,
				1.667,
				-0.699,
				2.167,
				-1,
				2.667,
				-1,
				1,
				3.167,
				-1,
				3.667,
				-0.545,
				4.167,
				0,
				1,
				4.767,
				0.654,
				5.367,
				0.862,
				5.967,
				0.87
			]
		},
		{
			"Target": "Parameter",
			"Id": "Param_Angle_Rotation61",
			"Segments": [
				0,
				0.99,
				1,
				0.556,
				0.99,
				1.111,
				0.696,
				1.667,
				0,
				1,
				2.167,
				-0.626,
				2.667,
				-1,
				3.167,
				-1,
				1,
				3.667,
				-1,
				4.167,
				-0.7,
				4.667,
				0,
				1,
				5.1,
				0.607,
				5.533,
				0.971,
				5.967,
				0.989
			]
		},
		{
			"Target": "Parameter",
			"Id": "Param_Angle_Rotation62",
			"Segments": [
				0,
				0.8,
				1,
				0.011,
				0.8,
				0.022,
				0.825,
				0.033,
				0.831,
				1,
				0.244,
				0.948,
				0.456,
				1,
				0.667,
				1,
				1,
				1.167,
				1,
				1.667,
				0.667,
				2.167,
				0,
				1,
				2.667,
				-0.667,
				3.167,
				-1,
				3.667,
				-1,
				1,
				4.167,
				-1,
				4.667,
				-0.585,
				5.167,
				0,
				1,
				5.433,
				0.312,
				5.7,
				0.568,
				5.967,
				0.774
			]
		},
		{
			"Target": "Parameter",
			"Id": "Param_Angle_Rotation63",
			"Segments": [
				0,
				0.4,
				1,
				0.011,
				0.4,
				0.022,
				0.45,
				0.033,
				0.461,
				1,
				0.411,
				0.828,
				0.789,
				1,
				1.167,
				1,
				1,
				1.667,
				1,
				2.167,
				0.667,
				2.667,
				0,
				1,
				3.167,
				-0.667,
				3.667,
				-1,
				4.167,
				-1,
				1,
				4.667,
				-1,
				5.167,
				-0.653,
				5.667,
				0,
				1,
				5.767,
				0.131,
				5.867,
				0.255,
				5.967,
				0.364
			]
		},
		{
			"Target": "Parameter",
			"Id": "Param_Angle_Rotation64",
			"Segments": [
				0,
				-0.21,
				1,
				0.011,
				-0.21,
				0.022,
				-0.182,
				0.033,
				-0.166,
				1,
				0.1,
				-0.072,
				0.167,
				0.01,
				0.233,
				0.094,
				1,
				0.711,
				0.7,
				1.189,
				1,
				1.667,
				1,
				1,
				2.167,
				1,
				2.667,
				0.667,
				3.167,
				0,
				1,
				3.667,
				-0.667,
				4.167,
				-1,
				4.667,
				-1,
				1,
				5.1,
				-1,
				5.533,
				-0.753,
				5.967,
				-0.249
			]
		},
		{
			"Target": "Parameter",
			"Id": "Param_Angle_Rotation65",
			"Segments": [
				0,
				-0.69,
				1,
				0.011,
				-0.69,
				0.022,
				-0.67,
				0.033,
				-0.657,
				1,
				0.256,
				-0.394,
				0.478,
				-0.148,
				0.7,
				0.117,
				1,
				1.189,
				0.699,
				1.678,
				1,
				2.167,
				1,
				1,
				2.667,
				1,
				3.167,
				0.667,
				3.667,
				0,
				1,
				4.167,
				-0.667,
				4.667,
				-1,
				5.167,
				-1,
				1,
				5.433,
				-1,
				5.7,
				-0.932,
				5.967,
				-0.718
			]
		},
		{
			"Target": "Parameter",
			"Id": "Param_Angle_Rotation66",
			"Segments": [
				0,
				-0.95,
				1,
				0.389,
				-0.95,
				0.778,
				-0.563,
				1.167,
				0,
				1,
				1.667,
				0.724,
				2.167,
				1,
				2.667,
				1,
				1,
				3.167,
				1,
				3.667,
				0.576,
				4.167,
				0,
				1,
				4.767,
				-0.691,
				5.367,
				-0.941,
				5.967,
				-0.95
			]
		},
		{
			"Target": "Parameter",
			"Id": "Param_Angle_Rotation68",
			"Segments": [
				0,
				-0.76,
				1,
				0.011,
				-0.76,
				0.022,
				-0.532,
				0.033,
				-0.432,
				1,
				0.111,
				0.269,
				0.189,
				0.97,
				0.267,
				1.525,
				1,
				0.789,
				5.255,
				1.311,
				7,
				1.833,
				7,
				1,
				2.333,
				7,
				2.833,
				4.307,
				3.333,
				0,
				1,
				3.833,
				-4.307,
				4.333,
				-6,
				4.833,
				-6,
				1,
				5.211,
				-6,
				5.589,
				-3.763,
				5.967,
				-1.005
			]
		},
		{
			"Target": "Parameter",
			"Id": "Param_Angle_Rotation69",
			"Segments": [
				0,
				-3.5,
				1,
				0.011,
				-3.5,
				0.022,
				-3.32,
				0.033,
				-3.226,
				1,
				0.256,
				-1.338,
				0.478,
				0.683,
				0.7,
				2.307,
				1,
				1.244,
				6.287,
				1.789,
				8,
				2.333,
				8,
				1,
				2.833,
				8,
				3.333,
				4.569,
				3.833,
				0,
				1,
				4.333,
				-4.569,
				4.833,
				-6,
				5.333,
				-6,
				1,
				5.544,
				-6,
				5.756,
				-5.343,
				5.967,
				-3.758
			]
		},
		{
			"Target": "Parameter",
			"Id": "Param_Angle_Rotation70",
			"Segments": [
				0,
				-6.76,
				1,
				0.444,
				-6.76,
				0.889,
				-4.628,
				1.333,
				0,
				1,
				1.833,
				5.206,
				2.333,
				8,
				2.833,
				8,
				1,
				3.333,
				8,
				3.833,
				4.573,
				4.333,
				0,
				1,
				4.878,
				-4.979,
				5.422,
				-6.691,
				5.967,
				-6.758
			]
		}
	]
}