{
	"Version": 3,
	"Parameters": [
		{
			"Id": "ParamEff1",
			"GroupId": "ParamGroup",
			"Name": "エフェクト1"
		},
		{
			"Id": "ParamEff2",
			"GroupId": "ParamGroup",
			"Name": "エフェクト2"
		},
		{
			"Id": "ParamEff3",
			"GroupId": "ParamGroup",
			"Name": "エフェクト3"
		},
		{
			"Id": "ParamEff4",
			"GroupId": "ParamGroup",
			"Name": "エフェクト4"
		},
		{
			"Id": "ParamEff5",
			"GroupId": "ParamGroup",
			"Name": "エフェクト5"
		},
		{
			"Id": "ParamEff6",
			"GroupId": "ParamGroup",
			"Name": "エフェクト6"
		},
		{
			"Id": "ParamEff7",
			"GroupId": "ParamGroup",
			"Name": "エフェクト7"
		},
		{
			"Id": "ParamEff8",
			"GroupId": "ParamGroup",
			"Name": "エフェクト8"
		},
		{
			"Id": "ParamEff9",
			"GroupId": "ParamGroup",
			"Name": "エフェクト9"
		},
		{
			"Id": "ParamEff10",
			"GroupId": "ParamGroup",
			"Name": "エフェクト10"
		},
		{
			"Id": "ParamEff11",
			"GroupId": "ParamGroup",
			"Name": "エフェクト11"
		},
		{
			"Id": "ParamEff12",
			"GroupId": "ParamGroup",
			"Name": "エフェクト12"
		},
		{
			"Id": "ParamEff13",
			"GroupId": "ParamGroup",
			"Name": "エフェクト13"
		},
		{
			"Id": "ParamEff14",
			"GroupId": "ParamGroup",
			"Name": "エフェクト14"
		},
		{
			"Id": "ParamEff15",
			"GroupId": "ParamGroup",
			"Name": "エフェクト15"
		},
		{
			"Id": "ParamEff16",
			"GroupId": "ParamGroup",
			"Name": "エフェクト16"
		},
		{
			"Id": "ParamEff17",
			"GroupId": "ParamGroup",
			"Name": "エフェクト17"
		},
		{
			"Id": "ParamEff18",
			"GroupId": "ParamGroup",
			"Name": "エフェクト18"
		},
		{
			"Id": "ParamEff19",
			"GroupId": "ParamGroup",
			"Name": "エフェクト19"
		},
		{
			"Id": "ParamEff20",
			"GroupId": "ParamGroup",
			"Name": "エフェクト20"
		},
		{
			"Id": "ParamEff21",
			"GroupId": "ParamGroup",
			"Name": "エフェクト21"
		},
		{
			"Id": "ParamEff22",
			"GroupId": "ParamGroup",
			"Name": "エフェクト22"
		},
		{
			"Id": "ParamEff23",
			"GroupId": "ParamGroup",
			"Name": "エフェクト23"
		},
		{
			"Id": "ParamEff24",
			"GroupId": "ParamGroup",
			"Name": "エフェクト24"
		},
		{
			"Id": "ParamEff25",
			"GroupId": "ParamGroup",
			"Name": "エフェクト25"
		},
		{
			"Id": "ParamEff26",
			"GroupId": "ParamGroup",
			"Name": "エフェクト26"
		},
		{
			"Id": "ParamEff27",
			"GroupId": "ParamGroup",
			"Name": "エフェクト27"
		},
		{
			"Id": "ParamEff28",
			"GroupId": "ParamGroup",
			"Name": "エフェクト28"
		},
		{
			"Id": "ParamEff29",
			"GroupId": "ParamGroup",
			"Name": "エフェクト29"
		},
		{
			"Id": "ParamEff30",
			"GroupId": "ParamGroup",
			"Name": "エフェクト30"
		},
		{
			"Id": "ParamEff31",
			"GroupId": "ParamGroup",
			"Name": "エフェクト31"
		},
		{
			"Id": "ParamEff32",
			"GroupId": "ParamGroup",
			"Name": "エフェクト32"
		},
		{
			"Id": "ParamEff33",
			"GroupId": "ParamGroup",
			"Name": "エフェクト33"
		},
		{
			"Id": "ParamPachi",
			"GroupId": "ParamGroup2",
			"Name": "目パチ"
		},
		{
			"Id": "ParamLegL1",
			"GroupId": "ParamGroup2",
			"Name": "右太もも"
		},
		{
			"Id": "ParamLegL2",
			"GroupId": "ParamGroup2",
			"Name": "右足"
		},
		{
			"Id": "ParamLegR1",
			"GroupId": "ParamGroup2",
			"Name": "左太もも"
		},
		{
			"Id": "ParamLegR2",
			"GroupId": "ParamGroup2",
			"Name": "左足"
		},
		{
			"Id": "ParamEyeRL",
			"GroupId": "ParamGroup2",
			"Name": "目Hi左右"
		},
		{
			"Id": "ParamEyeUD",
			"GroupId": "ParamGroup2",
			"Name": "目Hi上下"
		},
		{
			"Id": "ParamEyeBS",
			"GroupId": "ParamGroup2",
			"Name": "目Hi大小"
		},
		{
			"Id": "ParamPaiRX",
			"GroupId": "ParamGroup2",
			"Name": "右胸 X"
		},
		{
			"Id": "ParamPaiRY",
			"GroupId": "ParamGroup2",
			"Name": "右胸 Y"
		},
		{
			"Id": "ParamPaiRX2",
			"GroupId": "ParamGroup2",
			"Name": "右胸 X2"
		},
		{
			"Id": "ParamPaiRY2",
			"GroupId": "ParamGroup2",
			"Name": "右胸 Y2"
		},
		{
			"Id": "ParamPaiLY",
			"GroupId": "ParamGroup2",
			"Name": "左胸 Y"
		},
		{
			"Id": "ParamPaiLX",
			"GroupId": "ParamGroup2",
			"Name": "左胸 X"
		},
		{
			"Id": "ParamPaiLY2",
			"GroupId": "ParamGroup2",
			"Name": "左胸 Y2"
		},
		{
			"Id": "ParamPaiLX2",
			"GroupId": "ParamGroup2",
			"Name": "左胸 X2"
		},
		{
			"Id": "ParamBreat",
			"GroupId": "ParamGroup2",
			"Name": "呼吸"
		},
		{
			"Id": "ParamSkart",
			"GroupId": "ParamGroup3",
			"Name": "スカート"
		},
		{
			"Id": "Param_Angle_Rotation6",
			"GroupId": "ParamGroup5",
			"Name": "[0]飾り上髪"
		},
		{
			"Id": "Param_Angle_Rotation7",
			"GroupId": "ParamGroup5",
			"Name": "[1]飾り上髪"
		},
		{
			"Id": "Param_Angle_Rotation2",
			"GroupId": "ParamGroup4",
			"Name": "[0]髪1"
		},
		{
			"Id": "Param_Angle_Rotation3",
			"GroupId": "ParamGroup4",
			"Name": "[1]髪1"
		},
		{
			"Id": "Param_Angle_Rotation4",
			"GroupId": "ParamGroup4",
			"Name": "[2]髪1"
		},
		{
			"Id": "Param_Angle_Rotation10",
			"GroupId": "ParamGroup6",
			"Name": "[0]髪2"
		},
		{
			"Id": "Param_Angle_Rotation11",
			"GroupId": "ParamGroup6",
			"Name": "[1]髪2"
		},
		{
			"Id": "Param_Angle_Rotation12",
			"GroupId": "ParamGroup6",
			"Name": "[2]髪2"
		},
		{
			"Id": "Param_Angle_Rotation14",
			"GroupId": "ParamGroup7",
			"Name": "[0]髪3"
		},
		{
			"Id": "Param_Angle_Rotation15",
			"GroupId": "ParamGroup7",
			"Name": "[1]髪3"
		},
		{
			"Id": "Param_Angle_Rotation16",
			"GroupId": "ParamGroup7",
			"Name": "[2]髪3"
		},
		{
			"Id": "Param_Angle_Rotation18",
			"GroupId": "ParamGroup8",
			"Name": "[0]髪4"
		},
		{
			"Id": "Param_Angle_Rotation19",
			"GroupId": "ParamGroup8",
			"Name": "[1]髪4"
		},
		{
			"Id": "Param_Angle_Rotation20",
			"GroupId": "ParamGroup8",
			"Name": "[2]髪4"
		},
		{
			"Id": "Param_Angle_Rotation21",
			"GroupId": "ParamGroup8",
			"Name": "[3]髪4"
		},
		{
			"Id": "Param_Angle_Rotation29",
			"GroupId": "ParamGroup11",
			"Name": "[0]髪5"
		},
		{
			"Id": "Param_Angle_Rotation30",
			"GroupId": "ParamGroup11",
			"Name": "[1]髪5"
		},
		{
			"Id": "Param_Angle_Rotation31",
			"GroupId": "ParamGroup11",
			"Name": "[2]髪5"
		},
		{
			"Id": "Param_Angle_Rotation33",
			"GroupId": "ParamGroup12",
			"Name": "[0]髪7"
		},
		{
			"Id": "Param_Angle_Rotation34",
			"GroupId": "ParamGroup12",
			"Name": "[1]髪7"
		},
		{
			"Id": "Param_Angle_Rotation35",
			"GroupId": "ParamGroup12",
			"Name": "[2]髪7"
		},
		{
			"Id": "Param_Angle_Rotation37",
			"GroupId": "ParamGroup13",
			"Name": "[0]髪8"
		},
		{
			"Id": "Param_Angle_Rotation38",
			"GroupId": "ParamGroup13",
			"Name": "[1]髪8"
		},
		{
			"Id": "Param_Angle_Rotation39",
			"GroupId": "ParamGroup13",
			"Name": "[2]髪8"
		},
		{
			"Id": "Param_Angle_Rotation40",
			"GroupId": "ParamGroup13",
			"Name": "[3]髪8"
		},
		{
			"Id": "Param_Angle_Rotation42",
			"GroupId": "ParamGroup14",
			"Name": "[0]髪9"
		},
		{
			"Id": "Param_Angle_Rotation43",
			"GroupId": "ParamGroup14",
			"Name": "[1]髪9"
		},
		{
			"Id": "Param_Angle_Rotation44",
			"GroupId": "ParamGroup14",
			"Name": "[2]髪9"
		},
		{
			"Id": "Param_Angle_Rotation46",
			"GroupId": "ParamGroup15",
			"Name": "[0]髪10"
		},
		{
			"Id": "Param_Angle_Rotation47",
			"GroupId": "ParamGroup15",
			"Name": "[1]髪10"
		},
		{
			"Id": "Param_Angle_Rotation48",
			"GroupId": "ParamGroup15",
			"Name": "[2]髪10"
		},
		{
			"Id": "Param_Angle_Rotation72",
			"GroupId": "ParamGroup16",
			"Name": "[0]髪11"
		},
		{
			"Id": "Param_Angle_Rotation73",
			"GroupId": "ParamGroup16",
			"Name": "[1]髪11"
		},
		{
			"Id": "Param_Angle_Rotation74",
			"GroupId": "ParamGroup16",
			"Name": "[2]髪11"
		},
		{
			"Id": "Param_Angle_Rotation76",
			"GroupId": "ParamGroup17",
			"Name": "[0]髪12"
		},
		{
			"Id": "Param_Angle_Rotation77",
			"GroupId": "ParamGroup17",
			"Name": "[1]髪12"
		},
		{
			"Id": "Param_Angle_Rotation78",
			"GroupId": "ParamGroup17",
			"Name": "[2]髪12"
		},
		{
			"Id": "Param_Angle_Rotation79",
			"GroupId": "ParamGroup17",
			"Name": "[3]髪12"
		},
		{
			"Id": "Param_Angle_Rotation50",
			"GroupId": "ParamGroup18",
			"Name": "[0]アクセサリー"
		},
		{
			"Id": "Param_Angle_Rotation51",
			"GroupId": "ParamGroup18",
			"Name": "[1]アクセサリー"
		},
		{
			"Id": "Param_Angle_Rotation52",
			"GroupId": "ParamGroup18",
			"Name": "[2]アクセサリー"
		},
		{
			"Id": "Param_Angle_Rotation53",
			"GroupId": "ParamGroup18",
			"Name": "[3]アクセサリー"
		},
		{
			"Id": "Param_Angle_Rotation54",
			"GroupId": "ParamGroup18",
			"Name": "[4]アクセサリー"
		},
		{
			"Id": "Param_Angle_Rotation55",
			"GroupId": "ParamGroup18",
			"Name": "[5]アクセサリー"
		},
		{
			"Id": "Param_Angle_Rotation56",
			"GroupId": "ParamGroup18",
			"Name": "[6]アクセサリー"
		},
		{
			"Id": "Param_Angle_Rotation58",
			"GroupId": "ParamGroup19",
			"Name": "[0]アクセサリー"
		},
		{
			"Id": "Param_Angle_Rotation59",
			"GroupId": "ParamGroup19",
			"Name": "[1]アクセサリー"
		},
		{
			"Id": "Param_Angle_Rotation60",
			"GroupId": "ParamGroup19",
			"Name": "[2]アクセサリー"
		},
		{
			"Id": "Param_Angle_Rotation61",
			"GroupId": "ParamGroup19",
			"Name": "[3]アクセサリー"
		},
		{
			"Id": "Param_Angle_Rotation62",
			"GroupId": "ParamGroup19",
			"Name": "[4]アクセサリー"
		},
		{
			"Id": "Param_Angle_Rotation63",
			"GroupId": "ParamGroup19",
			"Name": "[5]アクセサリー"
		},
		{
			"Id": "Param_Angle_Rotation64",
			"GroupId": "ParamGroup19",
			"Name": "[6]アクセサリー"
		},
		{
			"Id": "Param_Angle_Rotation65",
			"GroupId": "ParamGroup19",
			"Name": "[7]アクセサリー"
		},
		{
			"Id": "Param_Angle_Rotation66",
			"GroupId": "ParamGroup19",
			"Name": "[8]アクセサリー"
		},
		{
			"Id": "Param_Angle_Rotation68",
			"GroupId": "ParamGroup20",
			"Name": "[0]リボン"
		},
		{
			"Id": "Param_Angle_Rotation69",
			"GroupId": "ParamGroup20",
			"Name": "[1]リボン"
		},
		{
			"Id": "Param_Angle_Rotation70",
			"GroupId": "ParamGroup20",
			"Name": "[2]リボン"
		}
	],
	"ParameterGroups": [
		{
			"Id": "ParamGroup",
			"GroupId": "",
			"Name": "エフェクト"
		},
		{
			"Id": "ParamGroup2",
			"GroupId": "",
			"Name": "URアニメーション"
		},
		{
			"Id": "ParamGroup3",
			"GroupId": "",
			"Name": "追加"
		},
		{
			"Id": "ParamGroup5",
			"GroupId": "",
			"Name": "飾り上髪"
		},
		{
			"Id": "ParamGroup4",
			"GroupId": "",
			"Name": "髪1"
		},
		{
			"Id": "ParamGroup6",
			"GroupId": "",
			"Name": "髪2"
		},
		{
			"Id": "ParamGroup7",
			"GroupId": "",
			"Name": "髪3"
		},
		{
			"Id": "ParamGroup8",
			"GroupId": "",
			"Name": "髪4"
		},
		{
			"Id": "ParamGroup11",
			"GroupId": "",
			"Name": "髪5"
		},
		{
			"Id": "ParamGroup12",
			"GroupId": "",
			"Name": "髪7"
		},
		{
			"Id": "ParamGroup13",
			"GroupId": "",
			"Name": "髪8"
		},
		{
			"Id": "ParamGroup14",
			"GroupId": "",
			"Name": "髪9"
		},
		{
			"Id": "ParamGroup15",
			"GroupId": "",
			"Name": "髪10"
		},
		{
			"Id": "ParamGroup16",
			"GroupId": "",
			"Name": "髪11"
		},
		{
			"Id": "ParamGroup17",
			"GroupId": "",
			"Name": "髪12"
		},
		{
			"Id": "ParamGroup18",
			"GroupId": "",
			"Name": "アクセサリー"
		},
		{
			"Id": "ParamGroup19",
			"GroupId": "",
			"Name": "アクセサリー"
		},
		{
			"Id": "ParamGroup20",
			"GroupId": "",
			"Name": "リボン"
		}
	],
	"Parts": [
		{
			"Id": "Part19",
			"Name": "1920x1440.psd"
		},
		{
			"Id": "Part10",
			"Name": "粒子"
		},
		{
			"Id": "Part16",
			"Name": "紙吹雪"
		},
		{
			"Id": "Part",
			"Name": "きらきら"
		},
		{
			"Id": "Part2",
			"Name": "体"
		},
		{
			"Id": "Part7",
			"Name": "ライト"
		},
		{
			"Id": "Part9",
			"Name": "レーザー"
		},
		{
			"Id": "Part17",
			"Name": "リボン"
		},
		{
			"Id": "Part18",
			"Name": "ハートエフェクト"
		},
		{
			"Id": "Part11",
			"Name": "グループ 1"
		},
		{
			"Id": "Part12",
			"Name": "グループ 2"
		},
		{
			"Id": "Part13",
			"Name": "グループ 3"
		},
		{
			"Id": "Part14",
			"Name": "グループ 4"
		},
		{
			"Id": "Part15",
			"Name": "グループ 5"
		},
		{
			"Id": "Part3",
			"Name": "頭部"
		},
		{
			"Id": "Part5",
			"Name": "胸"
		},
		{
			"Id": "ArtMesh42_Skinning",
			"Name": "アクセサリー1(スキニング)"
		},
		{
			"Id": "ArtMesh43_Skinning",
			"Name": "アクセサリー2(スキニング)"
		},
		{
			"Id": "ArtMesh44_Skinning",
			"Name": "リボン(スキニング)"
		},
		{
			"Id": "Part6",
			"Name": "後髪"
		},
		{
			"Id": "Part8",
			"Name": "青光"
		},
		{
			"Id": "ArtMesh12_Skinning",
			"Name": "髪1(スキニング)"
		},
		{
			"Id": "ArtMesh11_Skinning",
			"Name": "飾り上髪(スキニング)"
		},
		{
			"Id": "ArtMesh13_Skinning",
			"Name": "髪2(スキニング)"
		},
		{
			"Id": "ArtMesh14_Skinning",
			"Name": "髪3(スキニング)"
		},
		{
			"Id": "ArtMesh15_Skinning",
			"Name": "髪4(スキニング)"
		},
		{
			"Id": "Part4",
			"Name": "表情"
		},
		{
			"Id": "ArtMesh24_Skinning",
			"Name": "影1(スキニング)"
		},
		{
			"Id": "ArtMesh25_Skinning",
			"Name": "影2(スキニング)"
		},
		{
			"Id": "ArtMesh27_Skinning",
			"Name": "髪5(スキニング)"
		},
		{
			"Id": "ArtMesh29_Skinning",
			"Name": "髪7(スキニング)"
		},
		{
			"Id": "ArtMesh30_Skinning",
			"Name": "髪8(スキニング)"
		},
		{
			"Id": "ArtMesh45_Skinning",
			"Name": "髪9(スキニング)"
		},
		{
			"Id": "ArtMesh46_Skinning",
			"Name": "髪10(スキニング)"
		},
		{
			"Id": "ArtMesh31_Skinning",
			"Name": "髪11(スキニング)"
		},
		{
			"Id": "ArtMesh32_Skinning",
			"Name": "髪12(スキニング)"
		}
	],
	"CombinedParameters": [
		[
			"ParamEyeRL",
			"ParamEyeUD"
		],
		[
			"ParamPaiRX",
			"ParamPaiRY"
		],
		[
			"ParamPaiRX2",
			"ParamPaiRY2"
		],
		[
			"ParamPaiLY",
			"ParamPaiLX"
		],
		[
			"ParamPaiLY2",
			"ParamPaiLX2"
		]
	]
}