{
	"Version": 3,
	"Meta": {
		"Duration": 6,
		"Fps": 30.0,
		"Loop": true,
		"AreBeziersRestricted": false,
		"CurveCount": 132,
		"TotalSegmentCount": 577,
		"TotalPointCount": 1863,
		"UserDataCount": 0,
		"TotalUserDataSize": 0
	},
	"Curves": [
		{
			"Target": "Parameter",
			"Id": "ParamEff1",
			"Segments": [
				0,
				0.635,
				1,
				0.1,
				0.405,
				0.2,
				0.27,
				0.3,
				0.27,
				1,
				0.478,
				0.27,
				0.656,
				0.594,
				0.833,
				0.819,
				1,
				0.933,
				0.946,
				1.033,
				0.932,
				1.133,
				0.932,
				1,
				1.222,
				0.932,
				1.311,
				0.819,
				1.4,
				0.819,
				1,
				1.578,
				0.819,
				1.756,
				0.862,
				1.933,
				0.862,
				1,
				1.978,
				0.862,
				2.022,
				0.346,
				2.067,
				0.346,
				1,
				2.111,
				0.346,
				2.156,
				0.851,
				2.2,
				0.851,
				1,
				2.3,
				0.851,
				2.4,
				0.346,
				2.5,
				0.346,
				1,
				2.7,
				0.346,
				2.9,
				0.795,
				3.1,
				0.795,
				1,
				3.144,
				0.795,
				3.189,
				0.692,
				3.233,
				0.692,
				1,
				3.311,
				0.692,
				3.389,
				0.886,
				3.467,
				0.886,
				1,
				3.722,
				0.886,
				3.978,
				0.87,
				4.233,
				0.692,
				1,
				4.378,
				0.591,
				4.522,
				0.246,
				4.667,
				0.246,
				1,
				5.033,
				0.246,
				5.4,
				0.886,
				5.767,
				0.886,
				1,
				5.844,
				0.886,
				5.922,
				0.815,
				6,
				0.635
			]
		},
		{
			"Target": "Parameter",
			"Id": "ParamEff2",
			"Segments": [
				0,
				0.899,
				1,
				0.078,
				0.936,
				0.156,
				0.947,
				0.233,
				0.947,
				1,
				0.322,
				0.947,
				0.411,
				0.837,
				0.5,
				0.837,
				1,
				0.678,
				0.837,
				0.856,
				0.879,
				1.033,
				0.879,
				1,
				1.078,
				0.879,
				1.122,
				0.419,
				1.167,
				0.419,
				1,
				1.211,
				0.419,
				1.256,
				0.868,
				1.3,
				0.868,
				1,
				1.4,
				0.868,
				1.5,
				0.419,
				1.6,
				0.419,
				1,
				1.8,
				0.419,
				2,
				0.813,
				2.2,
				0.813,
				1,
				2.244,
				0.813,
				2.289,
				0.676,
				2.333,
				0.676,
				1,
				2.411,
				0.676,
				2.489,
				0.903,
				2.567,
				0.903,
				1,
				2.822,
				0.903,
				3.078,
				0.871,
				3.333,
				0.676,
				1,
				3.478,
				0.566,
				3.622,
				0.338,
				3.767,
				0.338,
				1,
				4.133,
				0.338,
				4.5,
				0.903,
				4.867,
				0.903,
				1,
				5.044,
				0.903,
				5.222,
				0.357,
				5.4,
				0.357,
				1,
				5.578,
				0.357,
				5.756,
				0.547,
				5.933,
				0.837,
				1,
				5.956,
				0.873,
				5.978,
				0.888,
				6,
				0.899
			]
		},
		{
			"Target": "Parameter",
			"Id": "ParamEff3",
			"Segments": [
				0,
				0.755,
				1,
				1,
				0.755,
				2,
				0.545,
				3,
				0.545,
				1,
				4,
				0.545,
				5,
				0.755,
				6,
				0.755
			]
		},
		{
			"Target": "Parameter",
			"Id": "ParamEff4",
			"Segments": [
				0,
				0.635,
				1,
				0.1,
				0.405,
				0.2,
				0.27,
				0.3,
				0.27,
				1,
				0.478,
				0.27,
				0.656,
				0.594,
				0.833,
				0.819,
				1,
				0.933,
				0.946,
				1.033,
				0.932,
				1.133,
				0.932,
				1,
				1.222,
				0.932,
				1.311,
				0.819,
				1.4,
				0.819,
				1,
				1.578,
				0.819,
				1.756,
				0.862,
				1.933,
				0.862,
				1,
				1.978,
				0.862,
				2.022,
				0.346,
				2.067,
				0.346,
				1,
				2.111,
				0.346,
				2.156,
				0.851,
				2.2,
				0.851,
				1,
				2.3,
				0.851,
				2.4,
				0.346,
				2.5,
				0.346,
				1,
				2.7,
				0.346,
				2.9,
				0.795,
				3.1,
				0.795,
				1,
				3.144,
				0.795,
				3.189,
				0.692,
				3.233,
				0.692,
				1,
				3.311,
				0.692,
				3.389,
				0.886,
				3.467,
				0.886,
				1,
				3.722,
				0.886,
				3.978,
				0.87,
				4.233,
				0.692,
				1,
				4.378,
				0.591,
				4.522,
				0.246,
				4.667,
				0.246,
				1,
				5.033,
				0.246,
				5.4,
				0.886,
				5.767,
				0.886,
				1,
				5.844,
				0.886,
				5.922,
				0.815,
				6,
				0.635
			]
		},
		{
			"Target": "Parameter",
			"Id": "ParamEff5",
			"Segments": [
				0,
				0.851,
				1,
				0.211,
				0.797,
				0.422,
				0.782,
				0.633,
				0.782,
				1,
				0.8,
				0.782,
				0.967,
				0.934,
				1.133,
				0.934,
				1,
				1.256,
				0.934,
				1.378,
				0.86,
				1.5,
				0.86,
				1,
				1.589,
				0.86,
				1.678,
				0.992,
				1.767,
				0.992,
				1,
				2.044,
				0.992,
				2.322,
				0.907,
				2.6,
				0.907,
				1,
				2.856,
				0.907,
				3.111,
				0.934,
				3.367,
				0.934,
				1,
				3.6,
				0.934,
				3.833,
				0.808,
				4.067,
				0.808,
				1,
				4.356,
				0.808,
				4.644,
				1,
				4.933,
				1,
				1,
				5.289,
				1,
				5.644,
				0.94,
				6,
				0.851
			]
		},
		{
			"Target": "Parameter",
			"Id": "ParamEff6",
			"Segments": [
				0,
				0.808,
				1,
				0.111,
				0.633,
				0.222,
				0.516,
				0.333,
				0.516,
				1,
				0.511,
				0.516,
				0.689,
				0.742,
				0.867,
				0.897,
				1,
				0.967,
				0.985,
				1.067,
				0.975,
				1.167,
				0.975,
				1,
				1.256,
				0.975,
				1.344,
				0.897,
				1.433,
				0.897,
				1,
				1.611,
				0.897,
				1.789,
				0.971,
				1.967,
				0.971,
				1,
				2.011,
				0.971,
				2.056,
				0.569,
				2.1,
				0.569,
				1,
				2.144,
				0.569,
				2.189,
				0.963,
				2.233,
				0.963,
				1,
				2.333,
				0.963,
				2.433,
				0.569,
				2.533,
				0.569,
				1,
				2.733,
				0.569,
				2.933,
				0.924,
				3.133,
				0.924,
				1,
				3.189,
				0.924,
				3.244,
				0.784,
				3.3,
				0.784,
				1,
				3.378,
				0.784,
				3.456,
				0.944,
				3.533,
				0.944,
				1,
				3.778,
				0.944,
				4.022,
				0.917,
				4.267,
				0.784,
				1,
				4.344,
				0.741,
				4.422,
				0.5,
				4.5,
				0.5,
				1,
				4.567,
				0.5,
				4.633,
				0.884,
				4.7,
				0.897,
				1,
				4.9,
				0.938,
				5.1,
				0.944,
				5.3,
				0.944,
				1,
				5.378,
				0.944,
				5.456,
				0.845,
				5.533,
				0.845,
				1,
				5.622,
				0.845,
				5.711,
				0.943,
				5.8,
				0.943,
				1,
				5.867,
				0.943,
				5.933,
				0.913,
				6,
				0.808
			]
		},
		{
			"Target": "Parameter",
			"Id": "ParamEff7",
			"Segments": [
				0,
				0.714,
				1,
				1,
				0.714,
				2,
				0.285,
				3,
				0.285,
				1,
				4,
				0.285,
				5,
				0.714,
				6,
				0.714
			]
		},
		{
			"Target": "Parameter",
			"Id": "ParamEff8",
			"Segments": [
				0,
				0.879,
				1,
				0.078,
				0.926,
				0.156,
				0.947,
				0.233,
				0.947,
				1,
				0.322,
				0.947,
				0.411,
				0.837,
				0.5,
				0.837,
				1,
				0.678,
				0.837,
				0.856,
				0.879,
				1.033,
				0.879,
				1,
				1.078,
				0.879,
				1.122,
				0.669,
				1.167,
				0.669,
				1,
				1.211,
				0.669,
				1.256,
				0.868,
				1.3,
				0.868,
				1,
				1.4,
				0.868,
				1.5,
				0.669,
				1.6,
				0.669,
				1,
				1.8,
				0.669,
				2,
				0.813,
				2.2,
				0.813,
				1,
				2.244,
				0.813,
				2.289,
				0.727,
				2.333,
				0.727,
				1,
				2.411,
				0.727,
				2.489,
				0.903,
				2.567,
				0.903,
				1,
				2.822,
				0.903,
				3.078,
				0.833,
				3.333,
				0.727,
				1,
				3.478,
				0.667,
				3.622,
				0.65,
				3.767,
				0.65,
				1,
				4.133,
				0.65,
				4.5,
				0.903,
				4.867,
				0.903,
				1,
				5.044,
				0.903,
				5.222,
				0.655,
				5.4,
				0.655,
				1,
				5.578,
				0.655,
				5.756,
				0.716,
				5.933,
				0.837,
				1,
				5.956,
				0.852,
				5.978,
				0.866,
				6,
				0.879
			]
		},
		{
			"Target": "Parameter",
			"Id": "ParamEff9",
			"Segments": [
				0,
				0.714,
				1,
				1,
				0.714,
				2,
				0.285,
				3,
				0.285,
				1,
				4,
				0.285,
				5,
				0.714,
				6,
				0.714
			]
		},
		{
			"Target": "Parameter",
			"Id": "ParamEff11",
			"Segments": [
				0,
				0.714,
				1,
				1,
				0.714,
				2,
				0.285,
				3,
				0.285,
				1,
				4,
				0.285,
				5,
				0.714,
				6,
				0.714
			]
		},
		{
			"Target": "Parameter",
			"Id": "ParamEff13",
			"Segments": [
				0,
				0.854,
				1,
				1,
				0.854,
				2,
				0.791,
				3,
				0.791,
				1,
				4,
				0.791,
				5,
				0.854,
				6,
				0.854
			]
		},
		{
			"Target": "Parameter",
			"Id": "ParamEff14",
			"Segments": [
				0,
				0.792,
				1,
				0.278,
				0.85,
				0.556,
				0.854,
				0.833,
				0.854,
				1,
				1.833,
				0.854,
				2.833,
				0.527,
				3.833,
				0.527,
				1,
				4.556,
				0.527,
				5.278,
				0.643,
				6,
				0.792
			]
		},
		{
			"Target": "Parameter",
			"Id": "ParamEff15",
			"Segments": [
				0,
				0.842,
				1,
				0.278,
				0.853,
				0.556,
				0.854,
				0.833,
				0.854,
				1,
				1.833,
				0.854,
				2.833,
				0.791,
				3.833,
				0.791,
				1,
				4.556,
				0.791,
				5.278,
				0.813,
				6,
				0.842
			]
		},
		{
			"Target": "Parameter",
			"Id": "ParamPachi",
			"Segments": [
				0,
				1,
				1,
				0.867,
				1,
				1.733,
				1,
				2.6,
				1,
				1,
				2.644,
				1,
				2.689,
				0,
				2.733,
				0,
				1,
				2.744,
				0,
				2.756,
				0,
				2.767,
				0,
				1,
				2.811,
				0,
				2.856,
				1,
				2.9,
				1,
				1,
				3.933,
				1,
				4.967,
				1,
				6,
				1
			]
		},
		{
			"Target": "Parameter",
			"Id": "ParamLegL1",
			"Segments": [
				0,
				2.089,
				1,
				1,
				2.089,
				2,
				-2.257,
				3,
				-2.257,
				1,
				4,
				-2.257,
				5,
				2.089,
				6,
				2.089
			]
		},
		{
			"Target": "Parameter",
			"Id": "ParamLegR1",
			"Segments": [
				0,
				-2.089,
				1,
				1,
				-2.089,
				2,
				2.257,
				3,
				2.257,
				1,
				4,
				2.257,
				5,
				-2.089,
				6,
				-2.089
			]
		},
		{
			"Target": "Parameter",
			"Id": "ParamEyeRL",
			"Segments": [
				0,
				0,
				1,
				0.044,
				6.167,
				0.089,
				8.571,
				0.133,
				8.571,
				1,
				0.189,
				8.571,
				0.244,
				-1.978,
				0.3,
				-1.978,
				1,
				0.333,
				-1.978,
				0.367,
				0.824,
				0.4,
				0.824,
				1,
				0.433,
				0.824,
				0.467,
				-0.659,
				0.5,
				-0.659,
				1,
				0.578,
				-0.659,
				0.656,
				9.554,
				0.733,
				9.554,
				1,
				0.767,
				9.554,
				0.8,
				-4.615,
				0.833,
				-4.615,
				1,
				0.9,
				-4.615,
				0.967,
				-4.536,
				1.033,
				-3.626,
				1,
				1.067,
				-3.172,
				1.1,
				2.637,
				1.133,
				2.637,
				1,
				1.156,
				2.637,
				1.178,
				-4.615,
				1.2,
				-4.615,
				1,
				1.244,
				-4.615,
				1.289,
				1.813,
				1.333,
				1.813,
				1,
				1.389,
				1.813,
				1.444,
				-2.402,
				1.5,
				-2.402,
				1,
				1.578,
				-2.402,
				1.656,
				2.214,
				1.733,
				3.132,
				1,
				1.8,
				3.919,
				1.867,
				3.791,
				1.933,
				3.791,
				1,
				1.967,
				3.791,
				2,
				3.12,
				2.033,
				0.33,
				1,
				2.044,
				-0.601,
				2.056,
				-4.78,
				2.067,
				-4.78,
				1,
				2.122,
				-4.78,
				2.178,
				-3.754,
				2.233,
				-0.659,
				1,
				2.278,
				1.816,
				2.322,
				3.791,
				2.367,
				3.791,
				1,
				2.4,
				3.791,
				2.433,
				-3.791,
				2.467,
				-3.791,
				1,
				2.511,
				-3.791,
				2.556,
				2.308,
				2.6,
				2.308,
				1,
				2.633,
				2.308,
				2.667,
				-1.978,
				2.7,
				-1.978,
				1,
				2.756,
				-1.978,
				2.811,
				5.868,
				2.867,
				5.868,
				1,
				2.9,
				5.868,
				2.933,
				-3.462,
				2.967,
				-3.462,
				1,
				2.978,
				-3.462,
				2.989,
				-1.542,
				3,
				0,
				1,
				3.044,
				6.167,
				3.089,
				8.571,
				3.133,
				8.571,
				1,
				3.189,
				8.571,
				3.244,
				-1.978,
				3.3,
				-1.978,
				1,
				3.333,
				-1.978,
				3.367,
				0.824,
				3.4,
				0.824,
				1,
				3.433,
				0.824,
				3.467,
				-0.659,
				3.5,
				-0.659,
				1,
				3.578,
				-0.659,
				3.656,
				9.554,
				3.733,
				9.554,
				1,
				3.767,
				9.554,
				3.8,
				-4.615,
				3.833,
				-4.615,
				1,
				3.9,
				-4.615,
				3.967,
				-4.536,
				4.033,
				-3.626,
				1,
				4.067,
				-3.172,
				4.1,
				2.637,
				4.133,
				2.637,
				1,
				4.156,
				2.637,
				4.178,
				-4.615,
				4.2,
				-4.615,
				1,
				4.244,
				-4.615,
				4.289,
				1.813,
				4.333,
				1.813,
				1,
				4.389,
				1.813,
				4.444,
				-2.402,
				4.5,
				-2.402,
				1,
				4.578,
				-2.402,
				4.656,
				2.214,
				4.733,
				3.132,
				1,
				4.8,
				3.919,
				4.867,
				3.791,
				4.933,
				3.791,
				1,
				4.967,
				3.791,
				5,
				3.12,
				5.033,
				0.33,
				1,
				5.044,
				-0.601,
				5.056,
				-4.78,
				5.067,
				-4.78,
				1,
				5.122,
				-4.78,
				5.178,
				-3.754,
				5.233,
				-0.659,
				1,
				5.278,
				1.816,
				5.322,
				3.791,
				5.367,
				3.791,
				1,
				5.4,
				3.791,
				5.433,
				-3.791,
				5.467,
				-3.791,
				1,
				5.511,
				-3.791,
				5.556,
				2.308,
				5.6,
				2.308,
				1,
				5.633,
				2.308,
				5.667,
				-1.978,
				5.7,
				-1.978,
				1,
				5.756,
				-1.978,
				5.811,
				5.868,
				5.867,
				5.868,
				1,
				5.9,
				5.868,
				5.933,
				-3.462,
				5.967,
				-3.462,
				1,
				5.978,
				-3.462,
				5.989,
				-1.542,
				6,
				0
			]
		},
		{
			"Target": "Parameter",
			"Id": "ParamEyeUD",
			"Segments": [
				0,
				-0.165,
				1,
				0.033,
				1.467,
				0.067,
				2.022,
				0.1,
				3.626,
				1,
				0.122,
				4.696,
				0.144,
				6.593,
				0.167,
				6.593,
				1,
				0.2,
				6.593,
				0.233,
				-5.275,
				0.267,
				-5.275,
				1,
				0.311,
				-5.275,
				0.356,
				3.626,
				0.4,
				3.626,
				1,
				0.433,
				3.626,
				0.467,
				-6.758,
				0.5,
				-6.758,
				1,
				0.567,
				-6.758,
				0.633,
				11.868,
				0.7,
				11.868,
				1,
				0.744,
				11.868,
				0.789,
				-2.473,
				0.833,
				-2.473,
				1,
				0.878,
				-2.473,
				0.922,
				1.813,
				0.967,
				1.813,
				1,
				1.044,
				1.813,
				1.122,
				0.825,
				1.2,
				-1.978,
				1,
				1.233,
				-3.179,
				1.267,
				-4.451,
				1.3,
				-4.451,
				1,
				1.344,
				-4.451,
				1.389,
				4.78,
				1.433,
				4.78,
				1,
				1.467,
				4.78,
				1.5,
				-1.813,
				1.533,
				-1.813,
				1,
				1.567,
				-1.813,
				1.6,
				5.11,
				1.633,
				5.11,
				1,
				1.667,
				5.11,
				1.7,
				4.734,
				1.733,
				3.626,
				1,
				1.767,
				2.519,
				1.8,
				1.562,
				1.833,
				-0.165,
				1,
				1.856,
				-1.316,
				1.878,
				-5.275,
				1.9,
				-5.275,
				1,
				1.922,
				-5.275,
				1.944,
				-3.96,
				1.967,
				-0.495,
				1,
				2.011,
				6.437,
				2.056,
				10.385,
				2.1,
				10.385,
				1,
				2.122,
				10.385,
				2.144,
				-2.473,
				2.167,
				-2.473,
				1,
				2.189,
				-2.473,
				2.211,
				4.78,
				2.233,
				4.78,
				1,
				2.267,
				4.78,
				2.3,
				-0.165,
				2.333,
				-0.165,
				1,
				2.411,
				-0.165,
				2.489,
				5.275,
				2.567,
				5.275,
				1,
				2.622,
				5.275,
				2.678,
				5.324,
				2.733,
				4.78,
				1,
				2.778,
				4.345,
				2.822,
				-4.451,
				2.867,
				-4.451,
				1,
				2.911,
				-4.451,
				2.956,
				-2.341,
				3,
				-0.165,
				1,
				3.033,
				1.467,
				3.067,
				2.022,
				3.1,
				3.626,
				1,
				3.122,
				4.696,
				3.144,
				6.593,
				3.167,
				6.593,
				1,
				3.2,
				6.593,
				3.233,
				-5.275,
				3.267,
				-5.275,
				1,
				3.311,
				-5.275,
				3.356,
				3.626,
				3.4,
				3.626,
				1,
				3.433,
				3.626,
				3.467,
				-6.758,
				3.5,
				-6.758,
				1,
				3.567,
				-6.758,
				3.633,
				11.868,
				3.7,
				11.868,
				1,
				3.744,
				11.868,
				3.789,
				-2.473,
				3.833,
				-2.473,
				1,
				3.878,
				-2.473,
				3.922,
				1.813,
				3.967,
				1.813,
				1,
				4.044,
				1.813,
				4.122,
				0.825,
				4.2,
				-1.978,
				1,
				4.233,
				-3.179,
				4.267,
				-4.451,
				4.3,
				-4.451,
				1,
				4.344,
				-4.451,
				4.389,
				4.78,
				4.433,
				4.78,
				1,
				4.467,
				4.78,
				4.5,
				-1.813,
				4.533,
				-1.813,
				1,
				4.567,
				-1.813,
				4.6,
				5.11,
				4.633,
				5.11,
				1,
				4.667,
				5.11,
				4.7,
				4.734,
				4.733,
				3.626,
				1,
				4.767,
				2.519,
				4.8,
				1.562,
				4.833,
				-0.165,
				1,
				4.856,
				-1.316,
				4.878,
				-5.275,
				4.9,
				-5.275,
				1,
				4.922,
				-5.275,
				4.944,
				-3.96,
				4.967,
				-0.495,
				1,
				5.011,
				6.437,
				5.056,
				10.385,
				5.1,
				10.385,
				1,
				5.122,
				10.385,
				5.144,
				-2.473,
				5.167,
				-2.473,
				1,
				5.189,
				-2.473,
				5.211,
				4.78,
				5.233,
				4.78,
				1,
				5.267,
				4.78,
				5.3,
				-0.165,
				5.333,
				-0.165,
				1,
				5.411,
				-0.165,
				5.489,
				5.275,
				5.567,
				5.275,
				1,
				5.622,
				5.275,
				5.678,
				5.324,
				5.733,
				4.78,
				1,
				5.778,
				4.345,
				5.822,
				-4.451,
				5.867,
				-4.451,
				1,
				5.911,
				-4.451,
				5.956,
				-2.341,
				6,
				-0.165
			]
		},
		{
			"Target": "Parameter",
			"Id": "ParamEyeBS",
			"Segments": [
				0,
				-0.133,
				1,
				0.044,
				10.019,
				0.089,
				10.806,
				0.133,
				10.806,
				1,
				0.2,
				10.806,
				0.267,
				-21.783,
				0.333,
				-21.783,
				1,
				0.4,
				-21.783,
				0.467,
				22.539,
				0.533,
				22.539,
				1,
				0.578,
				22.539,
				0.622,
				-14.133,
				0.667,
				-14.133,
				1,
				0.722,
				-14.133,
				0.778,
				22.205,
				0.833,
				22.205,
				1,
				0.856,
				22.205,
				0.878,
				-26.114,
				0.9,
				-26.114,
				1,
				0.944,
				-26.114,
				0.989,
				16.317,
				1.033,
				16.317,
				1,
				1.133,
				16.317,
				1.233,
				-14.361,
				1.333,
				-14.361,
				1,
				1.411,
				-14.361,
				1.489,
				11.873,
				1.567,
				11.873,
				1,
				1.633,
				11.873,
				1.7,
				-25.863,
				1.767,
				-25.863,
				1,
				1.822,
				-25.863,
				1.878,
				9.327,
				1.933,
				14.317,
				1,
				2,
				20.305,
				2.067,
				20.091,
				2.133,
				20.091,
				1,
				2.189,
				20.091,
				2.244,
				-26.114,
				2.3,
				-26.114,
				1,
				2.344,
				-26.114,
				2.389,
				14.317,
				2.433,
				14.317,
				1,
				2.489,
				14.317,
				2.544,
				-15.777,
				2.6,
				-15.777,
				1,
				2.644,
				-15.777,
				2.689,
				20.091,
				2.733,
				20.091,
				1,
				2.789,
				20.091,
				2.844,
				-26.114,
				2.9,
				-26.114,
				1,
				2.933,
				-26.114,
				2.967,
				-7.747,
				3,
				-0.133,
				1,
				3.044,
				10.019,
				3.089,
				10.806,
				3.133,
				10.806,
				1,
				3.2,
				10.806,
				3.267,
				-21.783,
				3.333,
				-21.783,
				1,
				3.4,
				-21.783,
				3.467,
				22.539,
				3.533,
				22.539,
				1,
				3.578,
				22.539,
				3.622,
				-14.133,
				3.667,
				-14.133,
				1,
				3.722,
				-14.133,
				3.778,
				22.205,
				3.833,
				22.205,
				1,
				3.856,
				22.205,
				3.878,
				-26.114,
				3.9,
				-26.114,
				1,
				3.944,
				-26.114,
				3.989,
				16.317,
				4.033,
				16.317,
				1,
				4.133,
				16.317,
				4.233,
				-14.361,
				4.333,
				-14.361,
				1,
				4.411,
				-14.361,
				4.489,
				11.873,
				4.567,
				11.873,
				1,
				4.633,
				11.873,
				4.7,
				-25.863,
				4.767,
				-25.863,
				1,
				4.822,
				-25.863,
				4.878,
				9.327,
				4.933,
				14.317,
				1,
				5,
				20.305,
				5.067,
				20.091,
				5.133,
				20.091,
				1,
				5.189,
				20.091,
				5.244,
				-26.114,
				5.3,
				-26.114,
				1,
				5.344,
				-26.114,
				5.389,
				14.317,
				5.433,
				14.317,
				1,
				5.489,
				14.317,
				5.544,
				-15.777,
				5.6,
				-15.777,
				1,
				5.644,
				-15.777,
				5.689,
				20.091,
				5.733,
				20.091,
				1,
				5.789,
				20.091,
				5.844,
				-26.114,
				5.9,
				-26.114,
				1,
				5.933,
				-26.114,
				5.967,
				-7.747,
				6,
				-0.133
			]
		},
		{
			"Target": "Parameter",
			"Id": "ParamPaiRY",
			"Segments": [
				0,
				-1.26,
				1,
				0.567,
				11.454,
				1.133,
				19.011,
				1.7,
				19.011,
				1,
				2.7,
				19.011,
				3.7,
				-14.809,
				4.7,
				-14.809,
				1,
				5.133,
				-14.809,
				5.567,
				-10.982,
				6,
				-1.26
			]
		},
		{
			"Target": "Parameter",
			"Id": "ParamPaiRX",
			"Segments": [
				0,
				15.621,
				1,
				1,
				15.621,
				2,
				-9.746,
				3,
				-9.746,
				1,
				4,
				-9.746,
				5,
				15.621,
				6,
				15.621
			]
		},
		{
			"Target": "Parameter",
			"Id": "ParamPaiLY",
			"Segments": [
				0,
				-1.26,
				1,
				0.567,
				11.454,
				1.133,
				19.011,
				1.7,
				19.011,
				1,
				2.7,
				19.011,
				3.7,
				-14.809,
				4.7,
				-14.809,
				1,
				5.133,
				-14.809,
				5.567,
				-10.982,
				6,
				-1.26
			]
		},
		{
			"Target": "Parameter",
			"Id": "ParamPaiLX",
			"Segments": [
				0,
				15.621,
				1,
				1,
				15.621,
				2,
				-9.746,
				3,
				-9.746,
				1,
				4,
				-9.746,
				5,
				15.621,
				6,
				15.621
			]
		},
		{
			"Target": "Parameter",
			"Id": "ParamBreat",
			"Segments": [
				0,
				1,
				1,
				1,
				1,
				2,
				0,
				3,
				0,
				1,
				4,
				0,
				5,
				1,
				6,
				1
			]
		},
		{
			"Target": "Parameter",
			"Id": "ParamJewel",
			"Segments": [
				0,
				-2.785,
				1,
				0.733,
				-0.895,
				1.467,
				2.649,
				2.2,
				2.649,
				1,
				3.2,
				2.649,
				4.2,
				-3.941,
				5.2,
				-3.941,
				1,
				5.467,
				-3.941,
				5.733,
				-3.472,
				6,
				-2.785
			]
		},
		{
			"Target": "Parameter",
			"Id": "ParamRightArm",
			"Segments": [
				0,
				-6.344,
				1,
				1,
				-6.344,
				2,
				6.087,
				3,
				6.087,
				1,
				4,
				6.087,
				5,
				-6.344,
				6,
				-6.344
			]
		},
		{
			"Target": "Parameter",
			"Id": "ParamBody",
			"Segments": [
				0,
				13.433,
				1,
				1,
				13.433,
				2,
				-12.161,
				3,
				-12.161,
				1,
				4,
				-12.161,
				5,
				13.433,
				6,
				13.433
			]
		},
		{
			"Target": "Parameter",
			"Id": "ParamTilt",
			"Segments": [
				0,
				2.526,
				1,
				1,
				2.526,
				2,
				-2.626,
				3,
				-2.626,
				1,
				4,
				-2.626,
				5,
				2.526,
				6,
				2.526
			]
		},
		{
			"Target": "Parameter",
			"Id": "Param_Angle_Rotation8",
			"Segments": [
				0,
				0.211,
				1,
				0.167,
				0.262,
				0.333,
				0.25,
				0.5,
				0.25,
				1,
				1.5,
				0.25,
				2.5,
				-0.261,
				3.5,
				-0.261,
				1,
				4.333,
				-0.261,
				5.167,
				-0.051,
				6,
				0.211
			]
		},
		{
			"Target": "Parameter",
			"Id": "Param_Angle_Rotation9",
			"Segments": [
				0,
				0.368,
				1,
				0.233,
				0.521,
				0.467,
				0.515,
				0.7,
				0.515,
				1,
				1.7,
				0.515,
				2.7,
				-0.528,
				3.7,
				-0.528,
				1,
				4.467,
				-0.528,
				5.233,
				-0.141,
				6,
				0.368
			]
		},
		{
			"Target": "Parameter",
			"Id": "Param_Angle_Rotation10",
			"Segments": [
				0,
				0.525,
				1,
				0.311,
				0.941,
				0.622,
				1.007,
				0.933,
				1.007,
				1,
				1.933,
				1.007,
				2.933,
				-1.047,
				3.933,
				-1.047,
				1,
				4.622,
				-1.047,
				5.311,
				-0.405,
				6,
				0.525
			]
		},
		{
			"Target": "Parameter",
			"Id": "Param_Angle_Rotation11",
			"Segments": [
				0,
				0.443,
				1,
				0.389,
				1.256,
				0.778,
				1.517,
				1.167,
				1.517,
				1,
				2.167,
				1.517,
				3.167,
				-1.62,
				4.167,
				-1.62,
				1,
				4.778,
				-1.62,
				5.389,
				-0.841,
				6,
				0.443
			]
		},
		{
			"Target": "Parameter",
			"Id": "Param_Angle_Rotation12",
			"Segments": [
				0,
				0.211,
				1,
				0.167,
				0.262,
				0.333,
				0.25,
				0.5,
				0.25,
				1,
				1.5,
				0.25,
				2.5,
				-0.261,
				3.5,
				-0.261,
				1,
				4.333,
				-0.261,
				5.167,
				-0.051,
				6,
				0.211
			]
		},
		{
			"Target": "Parameter",
			"Id": "Param_Angle_Rotation13",
			"Segments": [
				0,
				0.368,
				1,
				0.233,
				0.521,
				0.467,
				0.515,
				0.7,
				0.515,
				1,
				1.7,
				0.515,
				2.7,
				-0.528,
				3.7,
				-0.528,
				1,
				4.467,
				-0.528,
				5.233,
				-0.141,
				6,
				0.368
			]
		},
		{
			"Target": "Parameter",
			"Id": "Param_Angle_Rotation14",
			"Segments": [
				0,
				0.525,
				1,
				0.311,
				0.941,
				0.622,
				1.007,
				0.933,
				1.007,
				1,
				1.933,
				1.007,
				2.933,
				-1.047,
				3.933,
				-1.047,
				1,
				4.622,
				-1.047,
				5.311,
				-0.405,
				6,
				0.525
			]
		},
		{
			"Target": "Parameter",
			"Id": "Param_Angle_Rotation15",
			"Segments": [
				0,
				0.443,
				1,
				0.389,
				1.256,
				0.778,
				1.517,
				1.167,
				1.517,
				1,
				2.167,
				1.517,
				3.167,
				-1.62,
				4.167,
				-1.62,
				1,
				4.778,
				-1.62,
				5.389,
				-0.841,
				6,
				0.443
			]
		},
		{
			"Target": "Parameter",
			"Id": "Param_Angle_Rotation16",
			"Segments": [
				0,
				0.171,
				1,
				0.467,
				1.475,
				0.933,
				2.071,
				1.4,
				2.071,
				1,
				2.4,
				2.071,
				3.4,
				-2.078,
				4.4,
				-2.078,
				1,
				4.933,
				-2.078,
				5.467,
				-1.321,
				6,
				0.171
			]
		},
		{
			"Target": "Parameter",
			"Id": "Param_Angle_Rotation17",
			"Segments": [
				0,
				0.201,
				1,
				0.189,
				0.26,
				0.378,
				0.25,
				0.567,
				0.25,
				1,
				1.567,
				0.25,
				2.567,
				-0.261,
				3.567,
				-0.261,
				1,
				4.378,
				-0.261,
				5.189,
				-0.057,
				6,
				0.201
			]
		},
		{
			"Target": "Parameter",
			"Id": "Param_Angle_Rotation18",
			"Segments": [
				0,
				0.342,
				1,
				0.256,
				0.511,
				0.511,
				0.515,
				0.767,
				0.515,
				1,
				1.767,
				0.515,
				2.767,
				-0.528,
				3.767,
				-0.528,
				1,
				4.511,
				-0.528,
				5.256,
				-0.158,
				6,
				0.342
			]
		},
		{
			"Target": "Parameter",
			"Id": "Param_Angle_Rotation19",
			"Segments": [
				0,
				0.464,
				1,
				0.333,
				0.914,
				0.667,
				1.007,
				1,
				1.007,
				1,
				2,
				1.007,
				3,
				-1.047,
				4,
				-1.047,
				1,
				4.667,
				-1.047,
				5.333,
				-0.441,
				6,
				0.464
			]
		},
		{
			"Target": "Parameter",
			"Id": "Param_Angle_Rotation20",
			"Segments": [
				0,
				0.341,
				1,
				0.411,
				1.204,
				0.822,
				1.517,
				1.233,
				1.517,
				1,
				2.233,
				1.517,
				3.233,
				-1.62,
				4.233,
				-1.62,
				1,
				4.822,
				-1.62,
				5.411,
				-0.9,
				6,
				0.341
			]
		},
		{
			"Target": "Parameter",
			"Id": "Param_Angle_Rotation21",
			"Segments": [
				0,
				0.031,
				1,
				0.489,
				1.399,
				0.978,
				2.071,
				1.467,
				2.071,
				1,
				2.467,
				2.071,
				3.467,
				-2.078,
				4.467,
				-2.078,
				1,
				4.978,
				-2.078,
				5.489,
				-1.398,
				6,
				0.031
			]
		},
		{
			"Target": "Parameter",
			"Id": "Param_Angle_Rotation26",
			"Segments": [
				0,
				-0.139,
				1,
				0.189,
				-0.178,
				0.378,
				-0.171,
				0.567,
				-0.171,
				1,
				1.567,
				-0.171,
				2.567,
				0.171,
				3.567,
				0.171,
				1,
				4.378,
				0.171,
				5.189,
				0.034,
				6,
				-0.139
			]
		},
		{
			"Target": "Parameter",
			"Id": "Param_Angle_Rotation27",
			"Segments": [
				0,
				-0.231,
				1,
				0.256,
				-0.345,
				0.511,
				-0.347,
				0.767,
				-0.347,
				1,
				1.767,
				-0.347,
				2.767,
				0.351,
				3.767,
				0.351,
				1,
				4.511,
				0.351,
				5.256,
				0.103,
				6,
				-0.231
			]
		},
		{
			"Target": "Parameter",
			"Id": "Param_Angle_Rotation28",
			"Segments": [
				0,
				-0.31,
				1,
				0.333,
				-0.611,
				0.667,
				-0.673,
				1,
				-0.673,
				1,
				2,
				-0.673,
				3,
				0.701,
				4,
				0.701,
				1,
				4.667,
				0.701,
				5.333,
				0.296,
				6,
				-0.31
			]
		},
		{
			"Target": "Parameter",
			"Id": "Param_Angle_Rotation29",
			"Segments": [
				0,
				-0.224,
				1,
				0.411,
				-0.801,
				0.822,
				-1.011,
				1.233,
				-1.011,
				1,
				2.233,
				-1.011,
				3.233,
				1.088,
				4.233,
				1.088,
				1,
				4.822,
				1.088,
				5.411,
				0.606,
				6,
				-0.224
			]
		},
		{
			"Target": "Parameter",
			"Id": "Param_Angle_Rotation30",
			"Segments": [
				0,
				-0.014,
				1,
				0.489,
				-0.928,
				0.978,
				-1.378,
				1.467,
				-1.378,
				1,
				2.467,
				-1.378,
				3.467,
				1.397,
				4.467,
				1.397,
				1,
				4.978,
				1.397,
				5.489,
				0.942,
				6,
				-0.014
			]
		},
		{
			"Target": "Parameter",
			"Id": "Param_Angle_Rotation31",
			"Segments": [
				0,
				-0.178,
				1,
				0.233,
				-0.253,
				0.467,
				-0.25,
				0.7,
				-0.25,
				1,
				1.7,
				-0.25,
				2.7,
				0.261,
				3.7,
				0.261,
				1,
				4.467,
				0.261,
				5.233,
				0.072,
				6,
				-0.178
			]
		},
		{
			"Target": "Parameter",
			"Id": "Param_Angle_Rotation32",
			"Segments": [
				0,
				-0.285,
				1,
				0.3,
				-0.488,
				0.6,
				-0.515,
				0.9,
				-0.515,
				1,
				1.9,
				-0.515,
				2.9,
				0.528,
				3.9,
				0.528,
				1,
				4.6,
				0.528,
				5.3,
				0.193,
				6,
				-0.285
			]
		},
		{
			"Target": "Parameter",
			"Id": "Param_Angle_Rotation33",
			"Segments": [
				0,
				-0.337,
				1,
				0.378,
				-0.853,
				0.756,
				-1.007,
				1.133,
				-1.007,
				1,
				2.133,
				-1.007,
				3.133,
				1.047,
				4.133,
				1.047,
				1,
				4.756,
				1.047,
				5.378,
				0.517,
				6,
				-0.337
			]
		},
		{
			"Target": "Parameter",
			"Id": "Param_Angle_Rotation34",
			"Segments": [
				0,
				-0.133,
				1,
				0.456,
				-1.095,
				0.911,
				-1.517,
				1.367,
				-1.517,
				1,
				2.367,
				-1.517,
				3.367,
				1.62,
				4.367,
				1.62,
				1,
				4.911,
				1.62,
				5.456,
				1.018,
				6,
				-0.133
			]
		},
		{
			"Target": "Parameter",
			"Id": "Param_Angle_Rotation35",
			"Segments": [
				0,
				-0.297,
				1,
				0.278,
				-0.458,
				0.556,
				-0.47,
				0.833,
				-0.47,
				1,
				1.833,
				-0.47,
				2.833,
				0.428,
				3.833,
				0.428,
				1,
				4.556,
				0.428,
				5.278,
				0.124,
				6,
				-0.297
			]
		},
		{
			"Target": "Parameter",
			"Id": "Param_Angle_Rotation36",
			"Segments": [
				0,
				-0.42,
				1,
				0.344,
				-0.836,
				0.689,
				-0.933,
				1.033,
				-0.933,
				1,
				2.033,
				-0.933,
				3.033,
				0.902,
				4.033,
				0.902,
				1,
				4.689,
				0.902,
				5.344,
				0.378,
				6,
				-0.42
			]
		},
		{
			"Target": "Parameter",
			"Id": "Param_Angle_Rotation37",
			"Segments": [
				0,
				-0.377,
				1,
				0.422,
				-1.4,
				0.844,
				-1.791,
				1.267,
				-1.791,
				1,
				2.267,
				-1.791,
				3.267,
				1.823,
				4.267,
				1.823,
				1,
				4.844,
				1.823,
				5.422,
				1.027,
				6,
				-0.377
			]
		},
		{
			"Target": "Parameter",
			"Id": "Param_Angle_Rotation38",
			"Segments": [
				0,
				0.128,
				1,
				0.5,
				-1.733,
				1,
				-2.679,
				1.5,
				-2.679,
				1,
				2.5,
				-2.679,
				3.5,
				2.842,
				4.5,
				2.842,
				1,
				5,
				2.842,
				5.5,
				1.987,
				6,
				0.128
			]
		},
		{
			"Target": "Parameter",
			"Id": "Param_Angle_Rotation39",
			"Segments": [
				0,
				-0.137,
				1,
				0.3,
				-0.237,
				0.6,
				-0.25,
				0.9,
				-0.25,
				1,
				1.9,
				-0.25,
				2.9,
				0.261,
				3.9,
				0.261,
				1,
				4.6,
				0.261,
				5.3,
				0.097,
				6,
				-0.137
			]
		},
		{
			"Target": "Parameter",
			"Id": "Param_Angle_Rotation40",
			"Segments": [
				0,
				-0.191,
				1,
				0.367,
				-0.445,
				0.733,
				-0.515,
				1.1,
				-0.515,
				1,
				2.1,
				-0.515,
				3.1,
				0.528,
				4.1,
				0.528,
				1,
				4.733,
				0.528,
				5.367,
				0.249,
				6,
				-0.191
			]
		},
		{
			"Target": "Parameter",
			"Id": "Param_Angle_Rotation41",
			"Segments": [
				0,
				-0.135,
				1,
				0.444,
				-0.749,
				0.889,
				-1.007,
				1.333,
				-1.007,
				1,
				2.333,
				-1.007,
				3.333,
				1.047,
				4.333,
				1.047,
				1,
				4.889,
				1.047,
				5.444,
				0.633,
				6,
				-0.135
			]
		},
		{
			"Target": "Parameter",
			"Id": "Param_Angle_Rotation42",
			"Segments": [
				0,
				0.184,
				1,
				0.522,
				-0.92,
				1.044,
				-1.517,
				1.567,
				-1.517,
				1,
				2.567,
				-1.517,
				3.567,
				1.62,
				4.567,
				1.62,
				1,
				5.044,
				1.62,
				5.522,
				1.191,
				6,
				0.184
			]
		},
		{
			"Target": "Parameter",
			"Id": "Param_Angle_Rotation43",
			"Segments": [
				0,
				0.657,
				1,
				0.6,
				-1.002,
				1.2,
				-2.071,
				1.8,
				-2.071,
				1,
				2.8,
				-2.071,
				3.8,
				2.078,
				4.8,
				2.078,
				1,
				5.2,
				2.078,
				5.6,
				1.757,
				6,
				0.657
			]
		},
		{
			"Target": "Parameter",
			"Id": "Param_Angle_Rotation44",
			"Segments": [
				0,
				-0.888,
				1,
				0.367,
				-1.257,
				0.733,
				-1.36,
				1.1,
				-1.36,
				1,
				2.1,
				-1.36,
				3.1,
				0.158,
				4.1,
				0.158,
				1,
				4.733,
				0.158,
				5.367,
				-0.248,
				6,
				-0.888
			]
		},
		{
			"Target": "Parameter",
			"Id": "Param_Angle_Rotation45",
			"Segments": [
				0,
				0.177,
				1,
				0.444,
				-0.274,
				0.889,
				-0.464,
				1.333,
				-0.464,
				1,
				2.333,
				-0.464,
				3.333,
				1.047,
				4.333,
				1.047,
				1,
				4.889,
				1.047,
				5.444,
				0.743,
				6,
				0.177
			]
		},
		{
			"Target": "Parameter",
			"Id": "Param_Angle_Rotation46",
			"Segments": [
				0,
				0.184,
				1,
				0.522,
				-0.92,
				1.044,
				-1.517,
				1.567,
				-1.517,
				1,
				2.567,
				-1.517,
				3.567,
				1.62,
				4.567,
				1.62,
				1,
				5.044,
				1.62,
				5.522,
				1.191,
				6,
				0.184
			]
		},
		{
			"Target": "Parameter",
			"Id": "Param_Angle_Rotation47",
			"Segments": [
				0,
				0.657,
				1,
				0.6,
				-1.002,
				1.2,
				-2.071,
				1.8,
				-2.071,
				1,
				2.8,
				-2.071,
				3.8,
				2.078,
				4.8,
				2.078,
				1,
				5.2,
				2.078,
				5.6,
				1.757,
				6,
				0.657
			]
		},
		{
			"Target": "Parameter",
			"Id": "Param_Angle_Rotation48",
			"Segments": [
				0,
				0.277,
				1,
				0.3,
				0.201,
				0.6,
				0.19,
				0.9,
				0.19,
				1,
				1.9,
				0.19,
				2.9,
				0.582,
				3.9,
				0.582,
				1,
				4.6,
				0.582,
				5.3,
				0.456,
				6,
				0.277
			]
		},
		{
			"Target": "Parameter",
			"Id": "Param_Angle_Rotation49",
			"Segments": [
				0,
				0.235,
				1,
				0.367,
				0.041,
				0.733,
				-0.013,
				1.1,
				-0.013,
				1,
				2.1,
				-0.013,
				3.1,
				0.786,
				4.1,
				0.786,
				1,
				4.733,
				0.786,
				5.367,
				0.573,
				6,
				0.235
			]
		},
		{
			"Target": "Parameter",
			"Id": "Param_Angle_Rotation50",
			"Segments": [
				0,
				0.264,
				1,
				0.444,
				-0.522,
				0.889,
				-0.852,
				1.333,
				-0.852,
				1,
				2.333,
				-0.852,
				3.333,
				1.776,
				4.333,
				1.776,
				1,
				4.889,
				1.776,
				5.444,
				1.247,
				6,
				0.264
			]
		},
		{
			"Target": "Parameter",
			"Id": "Param_Angle_Rotation51",
			"Segments": [
				0,
				0.671,
				1,
				0.522,
				-0.739,
				1.044,
				-1.502,
				1.567,
				-1.502,
				1,
				2.567,
				-1.502,
				3.567,
				2.508,
				4.567,
				2.508,
				1,
				5.044,
				2.508,
				5.522,
				1.96,
				6,
				0.671
			]
		},
		{
			"Target": "Parameter",
			"Id": "Param_Angle_Rotation52",
			"Segments": [
				0,
				0.172,
				1,
				0.244,
				0.25,
				0.489,
				0.25,
				0.733,
				0.25,
				1,
				1.733,
				0.25,
				2.733,
				-0.261,
				3.733,
				-0.261,
				1,
				4.489,
				-0.261,
				5.244,
				-0.076,
				6,
				0.172
			]
		},
		{
			"Target": "Parameter",
			"Id": "Param_Angle_Rotation53",
			"Segments": [
				0,
				0.27,
				1,
				0.311,
				0.482,
				0.622,
				0.515,
				0.933,
				0.515,
				1,
				1.933,
				0.515,
				2.933,
				-0.528,
				3.933,
				-0.528,
				1,
				4.622,
				-0.528,
				5.311,
				-0.202,
				6,
				0.27
			]
		},
		{
			"Target": "Parameter",
			"Id": "Param_Angle_Rotation54",
			"Segments": [
				0,
				0.304,
				1,
				0.389,
				0.836,
				0.778,
				1.007,
				1.167,
				1.007,
				1,
				2.167,
				1.007,
				3.167,
				-1.047,
				4.167,
				-1.047,
				1,
				4.778,
				-1.047,
				5.389,
				-0.536,
				6,
				0.304
			]
		},
		{
			"Target": "Parameter",
			"Id": "Param_Angle_Rotation55",
			"Segments": [
				0,
				0.08,
				1,
				0.467,
				1.066,
				0.933,
				1.517,
				1.4,
				1.517,
				1,
				2.4,
				1.517,
				3.4,
				-1.62,
				4.4,
				-1.62,
				1,
				4.933,
				-1.62,
				5.467,
				-1.048,
				6,
				0.08
			]
		},
		{
			"Target": "Parameter",
			"Id": "Param_Angle_Rotation56",
			"Segments": [
				0,
				0.466,
				1,
				0.333,
				0.918,
				0.667,
				1.012,
				1,
				1.012,
				1,
				2,
				1.012,
				3,
				-1.056,
				4,
				-1.056,
				1,
				4.667,
				-1.056,
				5.333,
				-0.446,
				6,
				0.466
			]
		},
		{
			"Target": "Parameter",
			"Id": "Param_Angle_Rotation57",
			"Segments": [
				0,
				0.51,
				1,
				0.411,
				1.651,
				0.822,
				2.064,
				1.233,
				2.064,
				1,
				2.233,
				2.064,
				3.233,
				-2.081,
				4.233,
				-2.081,
				1,
				4.822,
				-2.081,
				5.411,
				-1.129,
				6,
				0.51
			]
		},
		{
			"Target": "Parameter",
			"Id": "Param_Angle_Rotation58",
			"Segments": [
				0,
				0.158,
				1,
				0.267,
				0.245,
				0.533,
				0.25,
				0.8,
				0.25,
				1,
				1.8,
				0.25,
				2.8,
				-0.261,
				3.8,
				-0.261,
				1,
				4.533,
				-0.261,
				5.267,
				-0.084,
				6,
				0.158
			]
		},
		{
			"Target": "Parameter",
			"Id": "Param_Angle_Rotation59",
			"Segments": [
				0,
				0.239,
				1,
				0.333,
				0.468,
				0.667,
				0.515,
				1,
				0.515,
				1,
				2,
				0.515,
				3,
				-0.528,
				4,
				-0.528,
				1,
				4.667,
				-0.528,
				5.333,
				-0.221,
				6,
				0.239
			]
		},
		{
			"Target": "Parameter",
			"Id": "Param_Angle_Rotation60",
			"Segments": [
				0,
				0.373,
				1,
				0.411,
				1.179,
				0.822,
				1.47,
				1.233,
				1.47,
				1,
				2.233,
				1.47,
				3.233,
				-1.457,
				4.233,
				-1.457,
				1,
				4.822,
				-1.457,
				5.411,
				-0.784,
				6,
				0.373
			]
		},
		{
			"Target": "Parameter",
			"Id": "Param_Angle_Rotation61",
			"Segments": [
				0,
				-0.001,
				1,
				0.489,
				1.472,
				0.978,
				2.196,
				1.467,
				2.196,
				1,
				2.467,
				2.196,
				3.467,
				-2.274,
				4.467,
				-2.274,
				1,
				4.978,
				-2.274,
				5.489,
				-1.541,
				6,
				-0.001
			]
		},
		{
			"Target": "Parameter",
			"Id": "Param_Angle_Rotation62",
			"Segments": [
				0,
				0.091,
				1,
				0.367,
				0.215,
				0.733,
				0.25,
				1.1,
				0.25,
				1,
				2.1,
				0.25,
				3.1,
				-0.261,
				4.1,
				-0.261,
				1,
				4.733,
				-0.261,
				5.367,
				-0.125,
				6,
				0.091
			]
		},
		{
			"Target": "Parameter",
			"Id": "Param_Angle_Rotation63",
			"Segments": [
				0,
				0.09,
				1,
				0.433,
				0.393,
				0.867,
				0.515,
				1.3,
				0.515,
				1,
				2.3,
				0.515,
				3.3,
				-0.528,
				4.3,
				-0.528,
				1,
				4.867,
				-0.528,
				5.433,
				-0.308,
				6,
				0.09
			]
		},
		{
			"Target": "Parameter",
			"Id": "Param_Angle_Rotation64",
			"Segments": [
				0,
				-0.072,
				1,
				0.511,
				0.636,
				1.022,
				1.007,
				1.533,
				1.007,
				1,
				2.533,
				1.007,
				3.533,
				-1.047,
				4.533,
				-1.047,
				1,
				5.022,
				-1.047,
				5.511,
				-0.748,
				6,
				-0.072
			]
		},
		{
			"Target": "Parameter",
			"Id": "Param_Angle_Rotation65",
			"Segments": [
				0,
				-0.495,
				1,
				0.589,
				0.738,
				1.178,
				1.517,
				1.767,
				1.517,
				1,
				2.767,
				1.517,
				3.767,
				-1.62,
				4.767,
				-1.62,
				1,
				5.178,
				-1.62,
				5.589,
				-1.353,
				6,
				-0.495
			]
		},
		{
			"Target": "Parameter",
			"Id": "Param_Angle_Rotation66",
			"Segments": [
				0,
				0.982,
				1,
				0.367,
				1.542,
				0.733,
				1.697,
				1.1,
				1.697,
				1,
				2.1,
				1.697,
				3.1,
				-0.603,
				4.1,
				-0.603,
				1,
				4.733,
				-0.603,
				5.367,
				0.011,
				6,
				0.982
			]
		},
		{
			"Target": "Parameter",
			"Id": "Param_Angle_Rotation67",
			"Segments": [
				0,
				0.889,
				1,
				0.433,
				1.96,
				0.867,
				2.39,
				1.3,
				2.39,
				1,
				2.3,
				2.39,
				3.3,
				-1.291,
				4.3,
				-1.291,
				1,
				4.867,
				-1.291,
				5.433,
				-0.516,
				6,
				0.889
			]
		},
		{
			"Target": "Parameter",
			"Id": "Param_Angle_Rotation68",
			"Segments": [
				0,
				0.361,
				1,
				0.511,
				2.428,
				1.022,
				3.513,
				1.533,
				3.513,
				1,
				2.533,
				3.513,
				3.533,
				-2.488,
				4.533,
				-2.488,
				1,
				5.022,
				-2.488,
				5.511,
				-1.614,
				6,
				0.361
			]
		},
		{
			"Target": "Parameter",
			"Id": "Param_Angle_Rotation69",
			"Segments": [
				0,
				0.982,
				1,
				0.367,
				1.542,
				0.733,
				1.697,
				1.1,
				1.697,
				1,
				2.1,
				1.697,
				3.1,
				-0.603,
				4.1,
				-0.603,
				1,
				4.733,
				-0.603,
				5.367,
				0.011,
				6,
				0.982
			]
		},
		{
			"Target": "Parameter",
			"Id": "Param_Angle_Rotation70",
			"Segments": [
				0,
				0.889,
				1,
				0.433,
				1.96,
				0.867,
				2.39,
				1.3,
				2.39,
				1,
				2.3,
				2.39,
				3.3,
				-1.291,
				4.3,
				-1.291,
				1,
				4.867,
				-1.291,
				5.433,
				-0.516,
				6,
				0.889
			]
		},
		{
			"Target": "Parameter",
			"Id": "Param_Angle_Rotation71",
			"Segments": [
				0,
				0.361,
				1,
				0.511,
				2.428,
				1.022,
				3.513,
				1.533,
				3.513,
				1,
				2.533,
				3.513,
				3.533,
				-2.488,
				4.533,
				-2.488,
				1,
				5.022,
				-2.488,
				5.511,
				-1.614,
				6,
				0.361
			]
		},
		{
			"Target": "Parameter",
			"Id": "Param_Angle_Rotation72",
			"Segments": [
				0,
				0.149,
				1,
				0.367,
				0.354,
				0.733,
				0.41,
				1.1,
				0.41,
				1,
				2.1,
				0.41,
				3.1,
				-0.433,
				4.1,
				-0.433,
				1,
				4.733,
				-0.433,
				5.367,
				-0.207,
				6,
				0.149
			]
		},
		{
			"Target": "Parameter",
			"Id": "Param_Angle_Rotation73",
			"Segments": [
				0,
				0.161,
				1,
				0.433,
				0.662,
				0.867,
				0.864,
				1.3,
				0.864,
				1,
				2.3,
				0.864,
				3.3,
				-0.86,
				4.3,
				-0.86,
				1,
				4.867,
				-0.86,
				5.433,
				-0.496,
				6,
				0.161
			]
		},
		{
			"Target": "Parameter",
			"Id": "Param_Angle_Rotation74",
			"Segments": [
				0,
				-0.073,
				1,
				0.511,
				0.867,
				1.022,
				1.361,
				1.533,
				1.361,
				1,
				2.533,
				1.361,
				3.533,
				-1.37,
				4.533,
				-1.37,
				1,
				5.022,
				-1.37,
				5.511,
				-0.972,
				6,
				-0.073
			]
		},
		{
			"Target": "Parameter",
			"Id": "Param_Angle_Rotation75",
			"Segments": [
				0,
				-0.613,
				1,
				0.589,
				1.027,
				1.178,
				2.061,
				1.767,
				2.061,
				1,
				2.767,
				2.061,
				3.767,
				-2.108,
				4.767,
				-2.108,
				1,
				5.178,
				-2.108,
				5.589,
				-1.752,
				6,
				-0.613
			]
		},
		{
			"Target": "Parameter",
			"Id": "Param_Angle_Rotation76",
			"Segments": [
				0,
				0.169,
				1,
				0.3,
				0.291,
				0.6,
				0.307,
				0.9,
				0.307,
				1,
				1.9,
				0.307,
				2.9,
				-0.32,
				3.9,
				-0.32,
				1,
				4.6,
				-0.32,
				5.3,
				-0.118,
				6,
				0.169
			]
		},
		{
			"Target": "Parameter",
			"Id": "Param_Angle_Rotation77",
			"Segments": [
				0,
				0.246,
				1,
				0.367,
				0.558,
				0.733,
				0.644,
				1.1,
				0.644,
				1,
				2.1,
				0.644,
				3.1,
				-0.639,
				4.1,
				-0.639,
				1,
				4.733,
				-0.639,
				5.367,
				-0.296,
				6,
				0.246
			]
		},
		{
			"Target": "Parameter",
			"Id": "Param_Angle_Rotation78",
			"Segments": [
				0,
				0.151,
				1,
				0.444,
				0.759,
				0.889,
				1.014,
				1.333,
				1.014,
				1,
				2.333,
				1.014,
				3.333,
				-1.019,
				4.333,
				-1.019,
				1,
				4.889,
				-1.019,
				5.444,
				-0.61,
				6,
				0.151
			]
		},
		{
			"Target": "Parameter",
			"Id": "Param_Angle_Rotation79",
			"Segments": [
				0,
				0.571,
				1,
				0.344,
				1.173,
				0.689,
				1.312,
				1.033,
				1.312,
				1,
				2.033,
				1.312,
				3.033,
				-1.338,
				4.033,
				-1.338,
				1,
				4.689,
				-1.338,
				5.344,
				-0.581,
				6,
				0.571
			]
		},
		{
			"Target": "Parameter",
			"Id": "Param_Angle_Rotation80",
			"Segments": [
				0,
				0.375,
				1,
				0.411,
				1.177,
				0.822,
				1.467,
				1.233,
				1.467,
				1,
				2.233,
				1.467,
				3.233,
				-1.448,
				4.233,
				-1.448,
				1,
				4.822,
				-1.448,
				5.411,
				-0.778,
				6,
				0.375
			]
		},
		{
			"Target": "Parameter",
			"Id": "Param_Angle_Rotation82",
			"Segments": [
				0,
				0.042,
				1,
				0.489,
				1.564,
				0.978,
				2.313,
				1.467,
				2.313,
				1,
				2.467,
				2.313,
				3.467,
				-2.307,
				4.467,
				-2.307,
				1,
				4.978,
				-2.307,
				5.489,
				-1.549,
				6,
				0.042
			]
		},
		{
			"Target": "Parameter",
			"Id": "Param_Angle_Rotation81",
			"Segments": [
				0,
				0.212,
				1,
				0.278,
				0.336,
				0.556,
				0.346,
				0.833,
				0.346,
				1,
				1.833,
				0.346,
				2.833,
				-0.353,
				3.833,
				-0.353,
				1,
				4.556,
				-0.353,
				5.278,
				-0.116,
				6,
				0.212
			]
		},
		{
			"Target": "Parameter",
			"Id": "Param_Angle_Rotation83",
			"Segments": [
				0,
				0.326,
				1,
				0.344,
				0.651,
				0.689,
				0.726,
				1.033,
				0.726,
				1,
				2.033,
				0.726,
				3.033,
				-0.705,
				4.033,
				-0.705,
				1,
				4.689,
				-0.705,
				5.344,
				-0.296,
				6,
				0.326
			]
		},
		{
			"Target": "Parameter",
			"Id": "Param_Angle_Rotation84",
			"Segments": [
				0,
				0.256,
				1,
				0.422,
				0.898,
				0.844,
				1.143,
				1.267,
				1.143,
				1,
				2.267,
				1.143,
				3.267,
				-1.124,
				4.267,
				-1.124,
				1,
				4.844,
				-1.124,
				5.422,
				-0.625,
				6,
				0.256
			]
		},
		{
			"Target": "Parameter",
			"Id": "Param_Angle_Rotation85",
			"Segments": [
				0,
				-0.03,
				1,
				0.5,
				1.136,
				1,
				1.729,
				1.5,
				1.729,
				1,
				2.5,
				1.729,
				3.5,
				-1.732,
				4.5,
				-1.732,
				1,
				5,
				-1.732,
				5.5,
				-1.196,
				6,
				-0.03
			]
		},
		{
			"Target": "Parameter",
			"Id": "Param_Angle_Rotation86",
			"Segments": [
				0,
				0.2,
				1,
				0.322,
				0.378,
				0.644,
				0.41,
				0.967,
				0.41,
				1,
				1.967,
				0.41,
				2.967,
				-0.433,
				3.967,
				-0.433,
				1,
				4.644,
				-0.433,
				5.322,
				-0.176,
				6,
				0.2
			]
		},
		{
			"Target": "Parameter",
			"Id": "Param_Angle_Rotation87",
			"Segments": [
				0,
				0.274,
				1,
				0.389,
				0.72,
				0.778,
				0.864,
				1.167,
				0.864,
				1,
				2.167,
				0.864,
				3.167,
				-0.86,
				4.167,
				-0.86,
				1,
				4.778,
				-0.86,
				5.389,
				-0.431,
				6,
				0.274
			]
		},
		{
			"Target": "Parameter",
			"Id": "Param_Angle_Rotation88",
			"Segments": [
				0,
				0.111,
				1,
				0.467,
				0.969,
				0.933,
				1.361,
				1.4,
				1.361,
				1,
				2.4,
				1.361,
				3.4,
				-1.37,
				4.4,
				-1.37,
				1,
				4.933,
				-1.37,
				5.467,
				-0.871,
				6,
				0.111
			]
		},
		{
			"Target": "Parameter",
			"Id": "Param_Angle_Rotation89",
			"Segments": [
				0,
				-0.338,
				1,
				0.544,
				1.188,
				1.089,
				2.061,
				1.633,
				2.061,
				1,
				2.633,
				2.061,
				3.633,
				-2.108,
				4.633,
				-2.108,
				1,
				5.089,
				-2.108,
				5.544,
				-1.612,
				6,
				-0.338
			]
		},
		{
			"Target": "Parameter",
			"Id": "Param_Angle_Rotation90",
			"Segments": [
				0,
				0.225,
				1,
				0.3,
				0.389,
				0.6,
				0.41,
				0.9,
				0.41,
				1,
				1.9,
				0.41,
				2.9,
				-0.433,
				3.9,
				-0.433,
				1,
				4.6,
				-0.433,
				5.3,
				-0.162,
				6,
				0.225
			]
		},
		{
			"Target": "Parameter",
			"Id": "Param_Angle_Rotation91",
			"Segments": [
				0,
				0.328,
				1,
				0.367,
				0.747,
				0.733,
				0.864,
				1.1,
				0.864,
				1,
				2.1,
				0.864,
				3.1,
				-0.86,
				4.1,
				-0.86,
				1,
				4.733,
				-0.86,
				5.367,
				-0.399,
				6,
				0.328
			]
		},
		{
			"Target": "Parameter",
			"Id": "Param_Angle_Rotation92",
			"Segments": [
				0,
				-0.175,
				1,
				0.344,
				-0.366,
				0.689,
				-0.41,
				1.033,
				-0.41,
				1,
				2.033,
				-0.41,
				3.033,
				0.433,
				4.033,
				0.433,
				1,
				4.689,
				0.433,
				5.344,
				0.192,
				6,
				-0.175
			]
		},
		{
			"Target": "Parameter",
			"Id": "Param_Angle_Rotation93",
			"Segments": [
				0,
				-0.218,
				1,
				0.411,
				-0.692,
				0.822,
				-0.864,
				1.233,
				-0.864,
				1,
				2.233,
				-0.864,
				3.233,
				0.86,
				4.233,
				0.86,
				1,
				4.822,
				0.86,
				5.411,
				0.464,
				6,
				-0.218
			]
		},
		{
			"Target": "Parameter",
			"Id": "Param_Angle_Rotation94",
			"Segments": [
				0,
				0.936,
				1,
				0.3,
				1.458,
				0.6,
				1.527,
				0.9,
				1.527,
				1,
				1.9,
				1.527,
				2.9,
				-1.157,
				3.9,
				-1.157,
				1,
				4.6,
				-1.157,
				5.3,
				-0.294,
				6,
				0.936
			]
		},
		{
			"Target": "Parameter",
			"Id": "Param_Angle_Rotation95",
			"Segments": [
				0,
				1.23,
				1,
				0.367,
				2.561,
				0.733,
				2.931,
				1.1,
				2.931,
				1,
				2.1,
				2.931,
				3.1,
				-2.545,
				4.1,
				-2.545,
				1,
				4.733,
				-2.545,
				5.367,
				-1.082,
				6,
				1.23
			]
		},
		{
			"Target": "Parameter",
			"Id": "Param_Angle_Rotation96",
			"Segments": [
				0,
				1.388,
				1,
				0.444,
				4.307,
				0.889,
				5.534,
				1.333,
				5.534,
				1,
				2.333,
				5.534,
				3.333,
				-4.235,
				4.333,
				-4.235,
				1,
				4.889,
				-4.235,
				5.444,
				-2.268,
				6,
				1.388
			]
		},
		{
			"Target": "Parameter",
			"Id": "Param_Angle_Rotation97",
			"Segments": [
				0,
				0.225,
				1,
				0.3,
				0.389,
				0.6,
				0.41,
				0.9,
				0.41,
				1,
				1.9,
				0.41,
				2.9,
				-0.433,
				3.9,
				-0.433,
				1,
				4.6,
				-0.433,
				5.3,
				-0.162,
				6,
				0.225
			]
		},
		{
			"Target": "Parameter",
			"Id": "Param_Angle_Rotation98",
			"Segments": [
				0,
				0.328,
				1,
				0.367,
				0.747,
				0.733,
				0.864,
				1.1,
				0.864,
				1,
				2.1,
				0.864,
				3.1,
				-0.86,
				4.1,
				-0.86,
				1,
				4.733,
				-0.86,
				5.367,
				-0.399,
				6,
				0.328
			]
		},
		{
			"Target": "Parameter",
			"Id": "Param_Angle_Rotation99",
			"Segments": [
				0,
				0.202,
				1,
				0.444,
				1.018,
				0.889,
				1.361,
				1.333,
				1.361,
				1,
				2.333,
				1.361,
				3.333,
				-1.37,
				4.333,
				-1.37,
				1,
				4.889,
				-1.37,
				5.444,
				-0.82,
				6,
				0.202
			]
		},
		{
			"Target": "Parameter",
			"Id": "Param_Angle_Rotation100",
			"Segments": [
				0,
				-0.199,
				1,
				0.522,
				1.268,
				1.044,
				2.061,
				1.567,
				2.061,
				1,
				2.567,
				2.061,
				3.567,
				-2.108,
				4.567,
				-2.108,
				1,
				5.044,
				-2.108,
				5.522,
				-1.538,
				6,
				-0.199
			]
		},
		{
			"Target": "Parameter",
			"Id": "Param_Angle_Rotation102",
			"Segments": [
				0,
				0.113,
				1,
				0.578,
				-0.353,
				1.156,
				-0.64,
				1.733,
				-0.64,
				1,
				2.733,
				-0.64,
				3.733,
				0.565,
				4.733,
				0.565,
				1,
				5.156,
				0.565,
				5.578,
				0.452,
				6,
				0.113
			]
		},
		{
			"Target": "Parameter",
			"Id": "Param_Angle_Rotation103",
			"Segments": [
				0,
				0.59,
				1,
				0.644,
				-0.462,
				1.289,
				-1.195,
				1.933,
				-1.195,
				1,
				2.933,
				-1.195,
				3.933,
				1.282,
				4.933,
				1.282,
				1,
				5.289,
				1.282,
				5.644,
				1.165,
				6,
				0.59
			]
		},
		{
			"Target": "Parameter",
			"Id": "Param_Angle_Rotation104",
			"Segments": [
				0,
				1.372,
				1,
				0.722,
				-0.647,
				1.444,
				-2.223,
				2.167,
				-2.223,
				1,
				3.167,
				-2.223,
				4.167,
				2.155,
				5.167,
				2.155,
				1,
				5.444,
				2.155,
				5.722,
				2.138,
				6,
				1.372
			]
		},
		{
			"Target": "Parameter",
			"Id": "Param_Angle_Rotation105",
			"Segments": [
				0,
				0.113,
				1,
				0.578,
				-0.353,
				1.156,
				-0.64,
				1.733,
				-0.64,
				1,
				2.733,
				-0.64,
				3.733,
				0.565,
				4.733,
				0.565,
				1,
				5.156,
				0.565,
				5.578,
				0.452,
				6,
				0.113
			]
		},
		{
			"Target": "Parameter",
			"Id": "Param_Angle_Rotation106",
			"Segments": [
				0,
				0.59,
				1,
				0.644,
				-0.462,
				1.289,
				-1.195,
				1.933,
				-1.195,
				1,
				2.933,
				-1.195,
				3.933,
				1.282,
				4.933,
				1.282,
				1,
				5.289,
				1.282,
				5.644,
				1.165,
				6,
				0.59
			]
		},
		{
			"Target": "Parameter",
			"Id": "Param_Angle_Rotation107",
			"Segments": [
				0,
				1.372,
				1,
				0.722,
				-0.647,
				1.444,
				-2.223,
				2.167,
				-2.223,
				1,
				3.167,
				-2.223,
				4.167,
				2.155,
				5.167,
				2.155,
				1,
				5.444,
				2.155,
				5.722,
				2.138,
				6,
				1.372
			]
		},
		{
			"Target": "Parameter",
			"Id": "Param_Angle_Rotation108",
			"Segments": [
				0,
				-0.211,
				1,
				0.167,
				-0.262,
				0.333,
				-0.25,
				0.5,
				-0.25,
				1,
				1.5,
				-0.25,
				2.5,
				0.261,
				3.5,
				0.261,
				1,
				4.333,
				0.261,
				5.167,
				0.051,
				6,
				-0.211
			]
		},
		{
			"Target": "Parameter",
			"Id": "Param_Angle_Rotation109",
			"Segments": [
				0,
				-0.368,
				1,
				0.233,
				-0.521,
				0.467,
				-0.515,
				0.7,
				-0.515,
				1,
				1.7,
				-0.515,
				2.7,
				0.528,
				3.7,
				0.528,
				1,
				4.467,
				0.528,
				5.233,
				0.141,
				6,
				-0.368
			]
		},
		{
			"Target": "Parameter",
			"Id": "Param_Angle_Rotation110",
			"Segments": [
				0,
				-0.133,
				1,
				0.311,
				-0.216,
				0.622,
				-0.229,
				0.933,
				-0.229,
				1,
				1.933,
				-0.229,
				2.933,
				0.181,
				3.933,
				0.181,
				1,
				4.622,
				0.181,
				5.311,
				0.053,
				6,
				-0.133
			]
		},
		{
			"Target": "Parameter",
			"Id": "Param_Angle_Rotation111",
			"Segments": [
				0,
				-0.117,
				1,
				0.389,
				-0.28,
				0.778,
				-0.332,
				1.167,
				-0.332,
				1,
				2.167,
				-0.332,
				3.167,
				0.296,
				4.167,
				0.296,
				1,
				4.778,
				0.296,
				5.389,
				0.14,
				6,
				-0.117
			]
		},
		{
			"Target": "Parameter",
			"Id": "Param_Angle_Rotation112",
			"Segments": [
				0,
				-0.211,
				1,
				0.167,
				-0.262,
				0.333,
				-0.25,
				0.5,
				-0.25,
				1,
				1.5,
				-0.25,
				2.5,
				0.261,
				3.5,
				0.261,
				1,
				4.333,
				0.261,
				5.167,
				0.051,
				6,
				-0.211
			]
		},
		{
			"Target": "Parameter",
			"Id": "Param_Angle_Rotation113",
			"Segments": [
				0,
				-0.368,
				1,
				0.233,
				-0.521,
				0.467,
				-0.515,
				0.7,
				-0.515,
				1,
				1.7,
				-0.515,
				2.7,
				0.528,
				3.7,
				0.528,
				1,
				4.467,
				0.528,
				5.233,
				0.141,
				6,
				-0.368
			]
		},
		{
			"Target": "Parameter",
			"Id": "Param_Angle_Rotation114",
			"Segments": [
				0,
				-0.525,
				1,
				0.311,
				-0.941,
				0.622,
				-1.007,
				0.933,
				-1.007,
				1,
				1.933,
				-1.007,
				2.933,
				1.047,
				3.933,
				1.047,
				1,
				4.622,
				1.047,
				5.311,
				0.405,
				6,
				-0.525
			]
		},
		{
			"Target": "Parameter",
			"Id": "Param_Angle_Rotation115",
			"Segments": [
				0,
				-0.443,
				1,
				0.389,
				-1.256,
				0.778,
				-1.517,
				1.167,
				-1.517,
				1,
				2.167,
				-1.517,
				3.167,
				1.62,
				4.167,
				1.62,
				1,
				4.778,
				1.62,
				5.389,
				0.841,
				6,
				-0.443
			]
		},
		{
			"Target": "Parameter",
			"Id": "Param_Angle_Rotation116",
			"Segments": [
				0,
				-0.171,
				1,
				0.467,
				-1.475,
				0.933,
				-2.071,
				1.4,
				-2.071,
				1,
				2.4,
				-2.071,
				3.4,
				2.078,
				4.4,
				2.078,
				1,
				4.933,
				2.078,
				5.467,
				1.321,
				6,
				-0.171
			]
		}
	]
}