{
	"Version": 3,
	"Parameters": [
		{
			"Id": "ParamEff1",
			"GroupId": "ParamGroup",
			"Name": "ぽわ1"
		},
		{
			"Id": "ParamEff2",
			"GroupId": "ParamGroup",
			"Name": "ぽわ2"
		},
		{
			"Id": "ParamEff3",
			"GroupId": "ParamGroup",
			"Name": "光の帯"
		},
		{
			"Id": "ParamEff4",
			"GroupId": "ParamGroup",
			"Name": "粒子"
		},
		{
			"Id": "ParamEff5",
			"GroupId": "ParamGroup",
			"Name": "火の粉_光"
		},
		{
			"Id": "ParamEff6",
			"GroupId": "ParamGroup",
			"Name": "火の粉"
		},
		{
			"Id": "ParamEff7",
			"GroupId": "ParamGroup",
			"Name": "青粒子1"
		},
		{
			"Id": "ParamEff8",
			"GroupId": "ParamGroup",
			"Name": "青粒子2"
		},
		{
			"Id": "ParamEff9",
			"GroupId": "ParamGroup",
			"Name": "わっか大_光"
		},
		{
			"Id": "ParamEff10",
			"GroupId": "ParamGroup",
			"Name": "わっか大"
		},
		{
			"Id": "ParamEff11",
			"GroupId": "ParamGroup",
			"Name": "わっか小_光"
		},
		{
			"Id": "ParamEff12",
			"GroupId": "ParamGroup",
			"Name": "わっか小"
		},
		{
			"Id": "ParamEff13",
			"GroupId": "ParamGroup",
			"Name": "わっか光"
		},
		{
			"Id": "ParamEff14",
			"GroupId": "ParamGroup",
			"Name": "流線_光"
		},
		{
			"Id": "ParamEff15",
			"GroupId": "ParamGroup",
			"Name": "流線"
		},
		{
			"Id": "ParamEff16",
			"GroupId": "ParamGroup",
			"Name": "エフェクト16"
		},
		{
			"Id": "ParamEff17",
			"GroupId": "ParamGroup",
			"Name": "エフェクト17"
		},
		{
			"Id": "ParamEff18",
			"GroupId": "ParamGroup",
			"Name": "エフェクト18"
		},
		{
			"Id": "ParamEff19",
			"GroupId": "ParamGroup",
			"Name": "エフェクト19"
		},
		{
			"Id": "ParamEff20",
			"GroupId": "ParamGroup",
			"Name": "エフェクト20"
		},
		{
			"Id": "ParamEff21",
			"GroupId": "ParamGroup",
			"Name": "エフェクト21"
		},
		{
			"Id": "ParamEff22",
			"GroupId": "ParamGroup",
			"Name": "エフェクト22"
		},
		{
			"Id": "ParamEff23",
			"GroupId": "ParamGroup",
			"Name": "エフェクト23"
		},
		{
			"Id": "ParamEff24",
			"GroupId": "ParamGroup",
			"Name": "エフェクト24"
		},
		{
			"Id": "ParamEff25",
			"GroupId": "ParamGroup",
			"Name": "エフェクト25"
		},
		{
			"Id": "ParamEff26",
			"GroupId": "ParamGroup",
			"Name": "エフェクト26"
		},
		{
			"Id": "ParamEff27",
			"GroupId": "ParamGroup",
			"Name": "エフェクト27"
		},
		{
			"Id": "ParamEff28",
			"GroupId": "ParamGroup",
			"Name": "エフェクト28"
		},
		{
			"Id": "ParamEff29",
			"GroupId": "ParamGroup",
			"Name": "エフェクト29"
		},
		{
			"Id": "ParamEff30",
			"GroupId": "ParamGroup",
			"Name": "エフェクト30"
		},
		{
			"Id": "ParamEff31",
			"GroupId": "ParamGroup",
			"Name": "エフェクト31"
		},
		{
			"Id": "ParamEff32",
			"GroupId": "ParamGroup",
			"Name": "エフェクト32"
		},
		{
			"Id": "ParamEff33",
			"GroupId": "ParamGroup",
			"Name": "エフェクト33"
		},
		{
			"Id": "ParamPachi",
			"GroupId": "ParamGroup2",
			"Name": "目パチ"
		},
		{
			"Id": "ParamLegL1",
			"GroupId": "ParamGroup2",
			"Name": "右太もも"
		},
		{
			"Id": "ParamLegL2",
			"GroupId": "ParamGroup2",
			"Name": "右足"
		},
		{
			"Id": "ParamLegR1",
			"GroupId": "ParamGroup2",
			"Name": "左太もも"
		},
		{
			"Id": "ParamLegR2",
			"GroupId": "ParamGroup2",
			"Name": "左足"
		},
		{
			"Id": "ParamEyeRL",
			"GroupId": "ParamGroup2",
			"Name": "目Hi左右"
		},
		{
			"Id": "ParamEyeUD",
			"GroupId": "ParamGroup2",
			"Name": "目Hi上下"
		},
		{
			"Id": "ParamEyeBS",
			"GroupId": "ParamGroup2",
			"Name": "目Hi大小"
		},
		{
			"Id": "ParamPaiRY",
			"GroupId": "ParamGroup2",
			"Name": "右胸 Y"
		},
		{
			"Id": "ParamPaiRX",
			"GroupId": "ParamGroup2",
			"Name": "右胸 X"
		},
		{
			"Id": "ParamPaiRY2",
			"GroupId": "ParamGroup2",
			"Name": "右胸 Y2"
		},
		{
			"Id": "ParamPaiRX2",
			"GroupId": "ParamGroup2",
			"Name": "右胸 X2"
		},
		{
			"Id": "ParamPaiLY",
			"GroupId": "ParamGroup2",
			"Name": "左胸 Y"
		},
		{
			"Id": "ParamPaiLX",
			"GroupId": "ParamGroup2",
			"Name": "左胸 X"
		},
		{
			"Id": "ParamPaiLY2",
			"GroupId": "ParamGroup2",
			"Name": "左胸 Y2"
		},
		{
			"Id": "ParamPaiLX2",
			"GroupId": "ParamGroup2",
			"Name": "左胸 X2"
		},
		{
			"Id": "ParamBreat",
			"GroupId": "ParamGroup2",
			"Name": "呼吸"
		},
		{
			"Id": "ParamJewel",
			"GroupId": "ParamGroup3",
			"Name": "宝石"
		},
		{
			"Id": "ParamRightArm",
			"GroupId": "ParamGroup3",
			"Name": "右腕"
		},
		{
			"Id": "ParamBody",
			"GroupId": "ParamGroup3",
			"Name": "縦揺れ"
		},
		{
			"Id": "ParamTilt",
			"GroupId": "ParamGroup3",
			"Name": "傾き"
		},
		{
			"Id": "Param_Angle_Rotation8",
			"GroupId": "ParamGroup4",
			"Name": "[0]前髪_中1"
		},
		{
			"Id": "Param_Angle_Rotation9",
			"GroupId": "ParamGroup4",
			"Name": "[1]前髪_中1"
		},
		{
			"Id": "Param_Angle_Rotation10",
			"GroupId": "ParamGroup4",
			"Name": "[2]前髪_中1"
		},
		{
			"Id": "Param_Angle_Rotation11",
			"GroupId": "ParamGroup4",
			"Name": "[3]前髪_中1"
		},
		{
			"Id": "Param_Angle_Rotation12",
			"GroupId": "ParamGroup5",
			"Name": "[0]前髪_中2"
		},
		{
			"Id": "Param_Angle_Rotation13",
			"GroupId": "ParamGroup5",
			"Name": "[1]前髪_中2"
		},
		{
			"Id": "Param_Angle_Rotation14",
			"GroupId": "ParamGroup5",
			"Name": "[2]前髪_中2"
		},
		{
			"Id": "Param_Angle_Rotation15",
			"GroupId": "ParamGroup5",
			"Name": "[3]前髪_中2"
		},
		{
			"Id": "Param_Angle_Rotation16",
			"GroupId": "ParamGroup5",
			"Name": "[4]前髪_中2"
		},
		{
			"Id": "Param_Angle_Rotation17",
			"GroupId": "ParamGroup6",
			"Name": "[0]前髪_中3"
		},
		{
			"Id": "Param_Angle_Rotation18",
			"GroupId": "ParamGroup6",
			"Name": "[1]前髪_中3"
		},
		{
			"Id": "Param_Angle_Rotation19",
			"GroupId": "ParamGroup6",
			"Name": "[2]前髪_中3"
		},
		{
			"Id": "Param_Angle_Rotation20",
			"GroupId": "ParamGroup6",
			"Name": "[3]前髪_中3"
		},
		{
			"Id": "Param_Angle_Rotation21",
			"GroupId": "ParamGroup6",
			"Name": "[4]前髪_中3"
		},
		{
			"Id": "Param_Angle_Rotation26",
			"GroupId": "ParamGroup7",
			"Name": "[0]前髪_左1"
		},
		{
			"Id": "Param_Angle_Rotation27",
			"GroupId": "ParamGroup7",
			"Name": "[1]前髪_左1"
		},
		{
			"Id": "Param_Angle_Rotation28",
			"GroupId": "ParamGroup7",
			"Name": "[2]前髪_左1"
		},
		{
			"Id": "Param_Angle_Rotation29",
			"GroupId": "ParamGroup7",
			"Name": "[3]前髪_左1"
		},
		{
			"Id": "Param_Angle_Rotation30",
			"GroupId": "ParamGroup7",
			"Name": "[4]前髪_左1"
		},
		{
			"Id": "Param_Angle_Rotation31",
			"GroupId": "ParamGroup8",
			"Name": "[0]前髪_左2"
		},
		{
			"Id": "Param_Angle_Rotation32",
			"GroupId": "ParamGroup8",
			"Name": "[1]前髪_左2"
		},
		{
			"Id": "Param_Angle_Rotation33",
			"GroupId": "ParamGroup8",
			"Name": "[2]前髪_左2"
		},
		{
			"Id": "Param_Angle_Rotation34",
			"GroupId": "ParamGroup8",
			"Name": "[3]前髪_左2"
		},
		{
			"Id": "Param_Angle_Rotation35",
			"GroupId": "ParamGroup9",
			"Name": "[0]前髪_左3"
		},
		{
			"Id": "Param_Angle_Rotation36",
			"GroupId": "ParamGroup9",
			"Name": "[1]前髪_左3"
		},
		{
			"Id": "Param_Angle_Rotation37",
			"GroupId": "ParamGroup9",
			"Name": "[2]前髪_左3"
		},
		{
			"Id": "Param_Angle_Rotation38",
			"GroupId": "ParamGroup9",
			"Name": "[3]前髪_左3"
		},
		{
			"Id": "Param_Angle_Rotation39",
			"GroupId": "ParamGroup10",
			"Name": "[0]左もみあげ"
		},
		{
			"Id": "Param_Angle_Rotation40",
			"GroupId": "ParamGroup10",
			"Name": "[1]左もみあげ"
		},
		{
			"Id": "Param_Angle_Rotation41",
			"GroupId": "ParamGroup10",
			"Name": "[2]左もみあげ"
		},
		{
			"Id": "Param_Angle_Rotation42",
			"GroupId": "ParamGroup10",
			"Name": "[3]左もみあげ"
		},
		{
			"Id": "Param_Angle_Rotation43",
			"GroupId": "ParamGroup10",
			"Name": "[4]左もみあげ"
		},
		{
			"Id": "Param_Angle_Rotation44",
			"GroupId": "ParamGroup11",
			"Name": "[0]前髪_左5"
		},
		{
			"Id": "Param_Angle_Rotation45",
			"GroupId": "ParamGroup11",
			"Name": "[1]前髪_左5"
		},
		{
			"Id": "Param_Angle_Rotation46",
			"GroupId": "ParamGroup11",
			"Name": "[2]前髪_左5"
		},
		{
			"Id": "Param_Angle_Rotation47",
			"GroupId": "ParamGroup11",
			"Name": "[3]前髪_左5"
		},
		{
			"Id": "Param_Angle_Rotation48",
			"GroupId": "ParamGroup12",
			"Name": "[0]前髪_左6"
		},
		{
			"Id": "Param_Angle_Rotation49",
			"GroupId": "ParamGroup12",
			"Name": "[1]前髪_左6"
		},
		{
			"Id": "Param_Angle_Rotation50",
			"GroupId": "ParamGroup12",
			"Name": "[2]前髪_左6"
		},
		{
			"Id": "Param_Angle_Rotation51",
			"GroupId": "ParamGroup12",
			"Name": "[3]前髪_左6"
		},
		{
			"Id": "Param_Angle_Rotation52",
			"GroupId": "ParamGroup13",
			"Name": "[0]前髪_右1"
		},
		{
			"Id": "Param_Angle_Rotation53",
			"GroupId": "ParamGroup13",
			"Name": "[1]前髪_右1"
		},
		{
			"Id": "Param_Angle_Rotation54",
			"GroupId": "ParamGroup13",
			"Name": "[2]前髪_右1"
		},
		{
			"Id": "Param_Angle_Rotation55",
			"GroupId": "ParamGroup13",
			"Name": "[3]前髪_右1"
		},
		{
			"Id": "Param_Angle_Rotation56",
			"GroupId": "ParamGroup14",
			"Name": "[0]前髪_右3"
		},
		{
			"Id": "Param_Angle_Rotation57",
			"GroupId": "ParamGroup14",
			"Name": "[1]前髪_右3"
		},
		{
			"Id": "Param_Angle_Rotation58",
			"GroupId": "ParamGroup15",
			"Name": "[0]前髪_右2"
		},
		{
			"Id": "Param_Angle_Rotation59",
			"GroupId": "ParamGroup15",
			"Name": "[1]前髪_右2"
		},
		{
			"Id": "Param_Angle_Rotation60",
			"GroupId": "ParamGroup15",
			"Name": "[2]前髪_右2"
		},
		{
			"Id": "Param_Angle_Rotation61",
			"GroupId": "ParamGroup15",
			"Name": "[3]前髪_右2"
		},
		{
			"Id": "Param_Angle_Rotation62",
			"GroupId": "ParamGroup16",
			"Name": "[0]右もみあげ"
		},
		{
			"Id": "Param_Angle_Rotation63",
			"GroupId": "ParamGroup16",
			"Name": "[1]右もみあげ"
		},
		{
			"Id": "Param_Angle_Rotation64",
			"GroupId": "ParamGroup16",
			"Name": "[2]右もみあげ"
		},
		{
			"Id": "Param_Angle_Rotation65",
			"GroupId": "ParamGroup16",
			"Name": "[3]右もみあげ"
		},
		{
			"Id": "Param_Angle_Rotation66",
			"GroupId": "ParamGroup17",
			"Name": "[0]髪飾り_紐1"
		},
		{
			"Id": "Param_Angle_Rotation67",
			"GroupId": "ParamGroup17",
			"Name": "[1]髪飾り_紐1"
		},
		{
			"Id": "Param_Angle_Rotation68",
			"GroupId": "ParamGroup17",
			"Name": "[2]髪飾り_紐1"
		},
		{
			"Id": "Param_Angle_Rotation69",
			"GroupId": "ParamGroup18",
			"Name": "[0]髪飾り_紐2"
		},
		{
			"Id": "Param_Angle_Rotation70",
			"GroupId": "ParamGroup18",
			"Name": "[1]髪飾り_紐2"
		},
		{
			"Id": "Param_Angle_Rotation71",
			"GroupId": "ParamGroup18",
			"Name": "[2]髪飾り_紐2"
		},
		{
			"Id": "Param_Angle_Rotation72",
			"GroupId": "ParamGroup19",
			"Name": "[0]後ろ髪_右1"
		},
		{
			"Id": "Param_Angle_Rotation73",
			"GroupId": "ParamGroup19",
			"Name": "[1]後ろ髪_右1"
		},
		{
			"Id": "Param_Angle_Rotation74",
			"GroupId": "ParamGroup19",
			"Name": "[2]後ろ髪_右1"
		},
		{
			"Id": "Param_Angle_Rotation75",
			"GroupId": "ParamGroup19",
			"Name": "[3]後ろ髪_右1"
		},
		{
			"Id": "Param_Angle_Rotation76",
			"GroupId": "ParamGroup20",
			"Name": "[0]後ろ髪_右5"
		},
		{
			"Id": "Param_Angle_Rotation77",
			"GroupId": "ParamGroup20",
			"Name": "[1]後ろ髪_右5"
		},
		{
			"Id": "Param_Angle_Rotation78",
			"GroupId": "ParamGroup20",
			"Name": "[2]後ろ髪_右5"
		},
		{
			"Id": "Param_Angle_Rotation79",
			"GroupId": "ParamGroup21",
			"Name": "[0]後ろ髪_右4"
		},
		{
			"Id": "Param_Angle_Rotation80",
			"GroupId": "ParamGroup21",
			"Name": "[1]後ろ髪_右4"
		},
		{
			"Id": "Param_Angle_Rotation82",
			"GroupId": "ParamGroup21",
			"Name": "[2]後ろ髪_右4"
		},
		{
			"Id": "Param_Angle_Rotation81",
			"GroupId": "ParamGroup22",
			"Name": "[0]後ろ髪_右3"
		},
		{
			"Id": "Param_Angle_Rotation83",
			"GroupId": "ParamGroup22",
			"Name": "[1]後ろ髪_右3"
		},
		{
			"Id": "Param_Angle_Rotation84",
			"GroupId": "ParamGroup22",
			"Name": "[2]後ろ髪_右3"
		},
		{
			"Id": "Param_Angle_Rotation85",
			"GroupId": "ParamGroup22",
			"Name": "[3]後ろ髪_右3"
		},
		{
			"Id": "Param_Angle_Rotation86",
			"GroupId": "ParamGroup23",
			"Name": "[0]後ろ髪_右2"
		},
		{
			"Id": "Param_Angle_Rotation87",
			"GroupId": "ParamGroup23",
			"Name": "[1]後ろ髪_右2"
		},
		{
			"Id": "Param_Angle_Rotation88",
			"GroupId": "ParamGroup23",
			"Name": "[2]後ろ髪_右2"
		},
		{
			"Id": "Param_Angle_Rotation89",
			"GroupId": "ParamGroup23",
			"Name": "[3]後ろ髪_右2"
		},
		{
			"Id": "Param_Angle_Rotation90",
			"GroupId": "ParamGroup24",
			"Name": "[0]後ろ髪_右6"
		},
		{
			"Id": "Param_Angle_Rotation91",
			"GroupId": "ParamGroup24",
			"Name": "[1]後ろ髪_右6"
		},
		{
			"Id": "Param_Angle_Rotation92",
			"GroupId": "ParamGroup25",
			"Name": "[0]後ろ髪_左1"
		},
		{
			"Id": "Param_Angle_Rotation93",
			"GroupId": "ParamGroup25",
			"Name": "[1]後ろ髪_左1"
		},
		{
			"Id": "Param_Angle_Rotation94",
			"GroupId": "ParamGroup26",
			"Name": "[0]後ろ髪_上1"
		},
		{
			"Id": "Param_Angle_Rotation95",
			"GroupId": "ParamGroup26",
			"Name": "[1]後ろ髪_上1"
		},
		{
			"Id": "Param_Angle_Rotation96",
			"GroupId": "ParamGroup26",
			"Name": "[2]後ろ髪_上1"
		},
		{
			"Id": "Param_Angle_Rotation97",
			"GroupId": "ParamGroup27",
			"Name": "[0]後ろ髪_上2"
		},
		{
			"Id": "Param_Angle_Rotation98",
			"GroupId": "ParamGroup27",
			"Name": "[1]後ろ髪_上2"
		},
		{
			"Id": "Param_Angle_Rotation99",
			"GroupId": "ParamGroup27",
			"Name": "[2]後ろ髪_上2"
		},
		{
			"Id": "Param_Angle_Rotation100",
			"GroupId": "ParamGroup27",
			"Name": "[3]後ろ髪_上2"
		},
		{
			"Id": "Param_Angle_Rotation102",
			"GroupId": "ParamGroup28",
			"Name": "[0]腰布_右1"
		},
		{
			"Id": "Param_Angle_Rotation103",
			"GroupId": "ParamGroup28",
			"Name": "[1]腰布_右1"
		},
		{
			"Id": "Param_Angle_Rotation104",
			"GroupId": "ParamGroup28",
			"Name": "[2]腰布_右1"
		},
		{
			"Id": "Param_Angle_Rotation105",
			"GroupId": "ParamGroup29",
			"Name": "[0]腰布_右3"
		},
		{
			"Id": "Param_Angle_Rotation106",
			"GroupId": "ParamGroup29",
			"Name": "[1]腰布_右3"
		},
		{
			"Id": "Param_Angle_Rotation107",
			"GroupId": "ParamGroup29",
			"Name": "[2]腰布_右3"
		},
		{
			"Id": "Param_Angle_Rotation108",
			"GroupId": "ParamGroup30",
			"Name": "[0]腰布_右2"
		},
		{
			"Id": "Param_Angle_Rotation109",
			"GroupId": "ParamGroup30",
			"Name": "[1]腰布_右2"
		},
		{
			"Id": "Param_Angle_Rotation110",
			"GroupId": "ParamGroup30",
			"Name": "[2]腰布_右2"
		},
		{
			"Id": "Param_Angle_Rotation111",
			"GroupId": "ParamGroup30",
			"Name": "[3]腰布_右2"
		},
		{
			"Id": "Param_Angle_Rotation112",
			"GroupId": "ParamGroup31",
			"Name": "[0]腰布_左"
		},
		{
			"Id": "Param_Angle_Rotation113",
			"GroupId": "ParamGroup31",
			"Name": "[1]腰布_左"
		},
		{
			"Id": "Param_Angle_Rotation114",
			"GroupId": "ParamGroup31",
			"Name": "[2]腰布_左"
		},
		{
			"Id": "Param_Angle_Rotation115",
			"GroupId": "ParamGroup31",
			"Name": "[3]腰布_左"
		},
		{
			"Id": "Param_Angle_Rotation116",
			"GroupId": "ParamGroup31",
			"Name": "[4]腰布_左"
		}
	],
	"ParameterGroups": [
		{
			"Id": "ParamGroup",
			"GroupId": "",
			"Name": "エフェクト"
		},
		{
			"Id": "ParamGroup2",
			"GroupId": "",
			"Name": "URアニメーション"
		},
		{
			"Id": "ParamGroup3",
			"GroupId": "",
			"Name": "追加"
		},
		{
			"Id": "ParamGroup4",
			"GroupId": "",
			"Name": "前髪_中1"
		},
		{
			"Id": "ParamGroup5",
			"GroupId": "",
			"Name": "前髪_中2"
		},
		{
			"Id": "ParamGroup6",
			"GroupId": "",
			"Name": "前髪_中3"
		},
		{
			"Id": "ParamGroup7",
			"GroupId": "",
			"Name": "前髪_左1"
		},
		{
			"Id": "ParamGroup8",
			"GroupId": "",
			"Name": "前髪_左2"
		},
		{
			"Id": "ParamGroup9",
			"GroupId": "",
			"Name": "前髪_左3"
		},
		{
			"Id": "ParamGroup10",
			"GroupId": "",
			"Name": "左もみあげ"
		},
		{
			"Id": "ParamGroup11",
			"GroupId": "",
			"Name": "前髪_左5"
		},
		{
			"Id": "ParamGroup12",
			"GroupId": "",
			"Name": "前髪_左6"
		},
		{
			"Id": "ParamGroup13",
			"GroupId": "",
			"Name": "前髪_右1"
		},
		{
			"Id": "ParamGroup14",
			"GroupId": "",
			"Name": "前髪_右3"
		},
		{
			"Id": "ParamGroup15",
			"GroupId": "",
			"Name": "前髪_右2"
		},
		{
			"Id": "ParamGroup16",
			"GroupId": "",
			"Name": "右もみあげ"
		},
		{
			"Id": "ParamGroup17",
			"GroupId": "",
			"Name": "髪飾り_紐1"
		},
		{
			"Id": "ParamGroup18",
			"GroupId": "",
			"Name": "髪飾り_紐2"
		},
		{
			"Id": "ParamGroup19",
			"GroupId": "",
			"Name": "後ろ髪_右1"
		},
		{
			"Id": "ParamGroup20",
			"GroupId": "",
			"Name": "後ろ髪_右5"
		},
		{
			"Id": "ParamGroup21",
			"GroupId": "",
			"Name": "後ろ髪_右4"
		},
		{
			"Id": "ParamGroup22",
			"GroupId": "",
			"Name": "後ろ髪_右3"
		},
		{
			"Id": "ParamGroup23",
			"GroupId": "",
			"Name": "後ろ髪_右2"
		},
		{
			"Id": "ParamGroup24",
			"GroupId": "",
			"Name": "後ろ髪_右6"
		},
		{
			"Id": "ParamGroup25",
			"GroupId": "",
			"Name": "後ろ髪_左1"
		},
		{
			"Id": "ParamGroup26",
			"GroupId": "",
			"Name": "後ろ髪_上1"
		},
		{
			"Id": "ParamGroup27",
			"GroupId": "",
			"Name": "後ろ髪_上2"
		},
		{
			"Id": "ParamGroup28",
			"GroupId": "",
			"Name": "腰布_右1"
		},
		{
			"Id": "ParamGroup29",
			"GroupId": "",
			"Name": "腰布_右3"
		},
		{
			"Id": "ParamGroup30",
			"GroupId": "",
			"Name": "腰布_右2"
		},
		{
			"Id": "ParamGroup31",
			"GroupId": "",
			"Name": "腰布_左"
		}
	],
	"Parts": [
		{
			"Id": "Part24",
			"Name": "1920x1440.psd"
		},
		{
			"Id": "Part",
			"Name": "*エフェクト"
		},
		{
			"Id": "Part10",
			"Name": "*呂蒙"
		},
		{
			"Id": "Part19",
			"Name": "*後ろ髪"
		},
		{
			"Id": "Part20",
			"Name": "*グロー"
		},
		{
			"Id": "Part21",
			"Name": "*後ろエフェクト"
		},
		{
			"Id": "Part23",
			"Name": "*背景"
		},
		{
			"Id": "Part2",
			"Name": "*粒子"
		},
		{
			"Id": "Part3",
			"Name": "*火の粉"
		},
		{
			"Id": "Part4",
			"Name": "*青粒子"
		},
		{
			"Id": "Part5",
			"Name": "*流線"
		},
		{
			"Id": "Part6",
			"Name": "*わっか大"
		},
		{
			"Id": "Part7",
			"Name": "*わっか小"
		},
		{
			"Id": "Part8",
			"Name": "*わっか光"
		},
		{
			"Id": "Part9",
			"Name": "*ぽわ"
		},
		{
			"Id": "Part11",
			"Name": "*左腕"
		},
		{
			"Id": "Part12",
			"Name": "*前髪"
		},
		{
			"Id": "Part13",
			"Name": "*髪飾り"
		},
		{
			"Id": "Part14",
			"Name": "*胸"
		},
		{
			"Id": "Part15",
			"Name": "*輪郭"
		},
		{
			"Id": "Part18",
			"Name": "*身体"
		},
		{
			"Id": "ArtMesh74_Skinning",
			"Name": "後ろ髪_右1(スキニング)"
		},
		{
			"Id": "ArtMesh75_Skinning",
			"Name": "後ろ髪_右5(スキニング)"
		},
		{
			"Id": "ArtMesh76_Skinning",
			"Name": "後ろ髪_右4(スキニング)"
		},
		{
			"Id": "ArtMesh77_Skinning",
			"Name": "後ろ髪_右3(スキニング)"
		},
		{
			"Id": "ArtMesh78_Skinning",
			"Name": "後ろ髪_右2(スキニング)"
		},
		{
			"Id": "ArtMesh79_Skinning",
			"Name": "後ろ髪_右6(スキニング)"
		},
		{
			"Id": "ArtMesh80_Skinning",
			"Name": "後ろ髪_左1(スキニング)"
		},
		{
			"Id": "ArtMesh82_Skinning",
			"Name": "後ろ髪_上1(スキニング)"
		},
		{
			"Id": "ArtMesh83_Skinning",
			"Name": "後ろ髪_上2(スキニング)"
		},
		{
			"Id": "ArtMesh85_Skinning",
			"Name": "髪飾り_紐1_グロー(スキニング)"
		},
		{
			"Id": "ArtMesh86_Skinning",
			"Name": "髪飾り_紐2_グロー(スキニング)"
		},
		{
			"Id": "ArtMesh87_Skinning",
			"Name": "後ろ髪_左1_グロー(スキニング)"
		},
		{
			"Id": "ArtMesh88_Skinning",
			"Name": "後ろ髪_右6_グロー(スキニング)"
		},
		{
			"Id": "ArtMesh89_Skinning",
			"Name": "右もみあげ_グロー(スキニング)"
		},
		{
			"Id": "ArtMesh90_Skinning",
			"Name": "後ろ髪_右5_グロー(スキニング)"
		},
		{
			"Id": "ArtMesh91_Skinning",
			"Name": "後ろ髪_右4_グロー(スキニング)"
		},
		{
			"Id": "ArtMesh92_Skinning",
			"Name": "後ろ髪_右3_グロー(スキニング)"
		},
		{
			"Id": "ArtMesh93_Skinning",
			"Name": "後ろ髪_右2_グロー(スキニング)"
		},
		{
			"Id": "ArtMesh94_Skinning",
			"Name": "後ろ髪_右1_グロー(スキニング)"
		},
		{
			"Id": "ArtMesh95_Skinning",
			"Name": "後ろ髪_上1_グロー(スキニング)"
		},
		{
			"Id": "ArtMesh97_Skinning",
			"Name": "前髪_左6_グロー(スキニング)"
		},
		{
			"Id": "ArtMesh99_Skinning",
			"Name": "手錠_グロー(スキニング)"
		},
		{
			"Id": "ArtMesh105_Skinning",
			"Name": "腰布_右2_グロー(スキニング)"
		},
		{
			"Id": "ArtMesh106_Skinning",
			"Name": "腰布_左_グロー(スキニング)"
		},
		{
			"Id": "ArtMesh117_Skinning",
			"Name": "後ろ髪_上2_グロー(スキニング)"
		},
		{
			"Id": "ArtMesh297_Skinning",
			"Name": "腰布_右1_グロー(スキニング)"
		},
		{
			"Id": "ArtMesh298_Skinning",
			"Name": "腰布_右3_グロー(スキニング)"
		},
		{
			"Id": "Part22",
			"Name": "*光の帯"
		},
		{
			"Id": "ArtMesh22_Skinning",
			"Name": "手錠(スキニング)"
		},
		{
			"Id": "ArtMesh25_Skinning",
			"Name": "前髪_中1(スキニング)"
		},
		{
			"Id": "ArtMesh26_Skinning",
			"Name": "前髪_中2(スキニング)"
		},
		{
			"Id": "ArtMesh27_Skinning",
			"Name": "前髪_中3(スキニング)"
		},
		{
			"Id": "ArtMesh28_Skinning",
			"Name": "前髪_左4(スキニング)"
		},
		{
			"Id": "ArtMesh29_Skinning",
			"Name": "前髪_左1(スキニング)"
		},
		{
			"Id": "ArtMesh30_Skinning",
			"Name": "前髪_左2(スキニング)"
		},
		{
			"Id": "ArtMesh31_Skinning",
			"Name": "前髪_左3(スキニング)"
		},
		{
			"Id": "ArtMesh32_Skinning",
			"Name": "左もみあげ(スキニング)"
		},
		{
			"Id": "ArtMesh33_Skinning",
			"Name": "前髪_左5(スキニング)"
		},
		{
			"Id": "ArtMesh34_Skinning",
			"Name": "前髪_左6(スキニング)"
		},
		{
			"Id": "ArtMesh35_Skinning",
			"Name": "前髪_右1(スキニング)"
		},
		{
			"Id": "ArtMesh36_Skinning",
			"Name": "前髪_右3(スキニング)"
		},
		{
			"Id": "ArtMesh37_Skinning",
			"Name": "前髪_右2(スキニング)"
		},
		{
			"Id": "ArtMesh38_Skinning",
			"Name": "右もみあげ_線(スキニング)"
		},
		{
			"Id": "ArtMesh39_Skinning",
			"Name": "前髪_右2_カゲ(スキニング)"
		},
		{
			"Id": "ArtMesh40_Skinning",
			"Name": "右もみあげ(スキニング)"
		},
		{
			"Id": "ArtMesh42_Skinning",
			"Name": "髪飾り_紐1(スキニング)"
		},
		{
			"Id": "ArtMesh43_Skinning",
			"Name": "髪飾り_紐2(スキニング)"
		},
		{
			"Id": "Part16",
			"Name": "*前髪カゲ"
		},
		{
			"Id": "Part17",
			"Name": "*表情"
		},
		{
			"Id": "ArtMesh56_Skinning",
			"Name": "左もみあげ_カゲ(スキニング)"
		},
		{
			"Id": "ArtMesh57_Skinning",
			"Name": "右もみあげ_カゲ(スキニング)"
		},
		{
			"Id": "ArtMesh59_Skinning",
			"Name": "腰布_右1(スキニング)"
		},
		{
			"Id": "ArtMesh60_Skinning",
			"Name": "腰布_右2(スキニング)"
		},
		{
			"Id": "ArtMesh63_Skinning",
			"Name": "腰布_右3(スキニング)"
		},
		{
			"Id": "ArtMesh71_Skinning",
			"Name": "腰布_左(スキニング)"
		},
		{
			"Id": "ArtMesh48_Skinning",
			"Name": "前髪_右1_カゲ(スキニング)"
		},
		{
			"Id": "ArtMesh49_Skinning",
			"Name": "前髪_中2_カゲ(スキニング)"
		},
		{
			"Id": "ArtMesh50_Skinning",
			"Name": "前髪_中3_カゲ(スキニング)"
		},
		{
			"Id": "ArtMesh51_Skinning",
			"Name": "前髪_左1_カゲ(スキニング)"
		},
		{
			"Id": "ArtMesh52_Skinning",
			"Name": "前髪_左2_カゲ(スキニング)"
		}
	],
	"CombinedParameters": [
		[
			"ParamEyeRL",
			"ParamEyeUD"
		]
	]
}